"fips","year","per.elig.voted.per.elig.voted","per.elig.voted.per.registered"
"01001",2022,0.719811320754717,0.647457627118644
"01003",2022,0.693037974683544,0.484536082474227
"01005",2022,0.719811320754717,0.647457627118644
"01007",2022,0.719811320754717,0.647457627118644
"01009",2022,0.719811320754717,0.647457627118644
"01011",2022,0.719811320754717,0.647457627118644
"01013",2022,0.595505617977528,0.527777777777778
"01015",2022,0.625,0.333333333333333
"01017",2022,0.757575757575758,0.8
"01019",2022,0.719811320754717,0.647457627118644
"01021",2022,0.719811320754717,0.647457627118644
"01023",2022,0.719811320754717,0.647457627118644
"01025",2022,0.661538461538462,0.227272727272727
"01027",2022,0.719811320754717,0.647457627118644
"01029",2022,0.719811320754717,0.647457627118644
"01031",2022,0.754756871035941,0.491379310344828
"01033",2022,0.741514360313316,0.444444444444444
"01035",2022,0.719811320754717,0.647457627118644
"01037",2022,0.719811320754717,0.647457627118644
"01039",2022,0.719811320754717,0.647457627118644
"01041",2022,0.719811320754717,0.647457627118644
"01043",2022,0.719811320754717,0.647457627118644
"01045",2022,0.719811320754717,0.647457627118644
"01047",2022,0.719811320754717,0.647457627118644
"01049",2022,0.719811320754717,0.647457627118644
"01051",2022,0.719811320754717,0.647457627118644
"01053",2022,0.719811320754717,0.647457627118644
"01055",2022,0.719811320754717,0.647457627118644
"01057",2022,0.719811320754717,0.647457627118644
"01059",2022,0.719811320754717,0.647457627118644
"01061",2022,0.719811320754717,0.647457627118644
"01063",2022,0.719811320754717,0.647457627118644
"01065",2022,0.719811320754717,0.647457627118644
"01067",2022,0.719811320754717,0.647457627118644
"01069",2022,0.719811320754717,0.647457627118644
"01071",2022,0.719811320754717,0.647457627118644
"01073",2022,0.719811320754717,0.647457627118644
"01075",2022,0.719811320754717,0.647457627118644
"01077",2022,0.719811320754717,0.647457627118644
"01079",2022,0.719811320754717,0.647457627118644
"01081",2022,0.719811320754717,0.647457627118644
"01083",2022,0.719811320754717,0.647457627118644
"01085",2022,0.719811320754717,0.647457627118644
"01087",2022,0.719811320754717,0.647457627118644
"01089",2022,0.719811320754717,0.647457627118644
"01091",2022,0.719811320754717,0.647457627118644
"01093",2022,0.719811320754717,0.647457627118644
"01095",2022,0.719811320754717,0.647457627118644
"01097",2022,0.719811320754717,0.647457627118644
"01099",2022,0.719811320754717,0.647457627118644
"01101",2022,0.719811320754717,0.647457627118644
"01103",2022,0.719811320754717,0.647457627118644
"01105",2022,0.719811320754717,0.647457627118644
"01107",2022,0.719811320754717,0.647457627118644
"01109",2022,0.719811320754717,0.647457627118644
"01111",2022,0.719811320754717,0.647457627118644
"01113",2022,0.719811320754717,0.647457627118644
"01115",2022,0.719811320754717,0.647457627118644
"01117",2022,0.719811320754717,0.647457627118644
"01119",2022,0.719811320754717,0.647457627118644
"01121",2022,0.719811320754717,0.647457627118644
"01123",2022,0.719811320754717,0.647457627118644
"01125",2022,0.719811320754717,0.647457627118644
"01127",2022,0.719811320754717,0.647457627118644
"01129",2022,0.719811320754717,0.647457627118644
"01131",2022,0.719811320754717,0.647457627118644
"01133",2022,0.719811320754717,0.647457627118644
"01001",2022,0.719811320754717,0.647457627118644
"01003",2022,0.693037974683544,0.484536082474227
"01005",2022,0.719811320754717,0.647457627118644
"01007",2022,0.719811320754717,0.647457627118644
"01009",2022,0.719811320754717,0.647457627118644
"01011",2022,0.719811320754717,0.647457627118644
"01013",2022,0.595505617977528,0.527777777777778
"01015",2022,0.625,0.333333333333333
"01017",2022,0.757575757575758,0.8
"01019",2022,0.719811320754717,0.647457627118644
"01021",2022,0.719811320754717,0.647457627118644
"01023",2022,0.719811320754717,0.647457627118644
"01025",2022,0.661538461538462,0.227272727272727
"01027",2022,0.719811320754717,0.647457627118644
"01029",2022,0.719811320754717,0.647457627118644
"01031",2022,0.754756871035941,0.491379310344828
"01033",2022,0.741514360313316,0.444444444444444
"01035",2022,0.719811320754717,0.647457627118644
"01037",2022,0.719811320754717,0.647457627118644
"01039",2022,0.719811320754717,0.647457627118644
"01041",2022,0.719811320754717,0.647457627118644
"01043",2022,0.719811320754717,0.647457627118644
"01045",2022,0.719811320754717,0.647457627118644
"01047",2022,0.719811320754717,0.647457627118644
"01049",2022,0.719811320754717,0.647457627118644
"01051",2022,0.719811320754717,0.647457627118644
"01053",2022,0.719811320754717,0.647457627118644
"01055",2022,0.719811320754717,0.647457627118644
"01057",2022,0.719811320754717,0.647457627118644
"01059",2022,0.719811320754717,0.647457627118644
"01061",2022,0.719811320754717,0.647457627118644
"01063",2022,0.719811320754717,0.647457627118644
"01065",2022,0.719811320754717,0.647457627118644
"01067",2022,0.719811320754717,0.647457627118644
"01069",2022,0.719811320754717,0.647457627118644
"01071",2022,0.719811320754717,0.647457627118644
"01073",2022,0.719811320754717,0.647457627118644
"01075",2022,0.719811320754717,0.647457627118644
"01077",2022,0.719811320754717,0.647457627118644
"01079",2022,0.719811320754717,0.647457627118644
"01081",2022,0.719811320754717,0.647457627118644
"01083",2022,0.719811320754717,0.647457627118644
"01085",2022,0.719811320754717,0.647457627118644
"01087",2022,0.719811320754717,0.647457627118644
"01089",2022,0.719811320754717,0.647457627118644
"01091",2022,0.719811320754717,0.647457627118644
"01093",2022,0.719811320754717,0.647457627118644
"01095",2022,0.719811320754717,0.647457627118644
"01097",2022,0.719811320754717,0.647457627118644
"01099",2022,0.719811320754717,0.647457627118644
"01101",2022,0.719811320754717,0.647457627118644
"01103",2022,0.719811320754717,0.647457627118644
"01105",2022,0.719811320754717,0.647457627118644
"01107",2022,0.719811320754717,0.647457627118644
"01109",2022,0.719811320754717,0.647457627118644
"01111",2022,0.719811320754717,0.647457627118644
"01113",2022,0.719811320754717,0.647457627118644
"01115",2022,0.719811320754717,0.647457627118644
"01117",2022,0.719811320754717,0.647457627118644
"01119",2022,0.719811320754717,0.647457627118644
"01121",2022,0.719811320754717,0.647457627118644
"01123",2022,0.719811320754717,0.647457627118644
"01125",2022,0.719811320754717,0.647457627118644
"01127",2022,0.719811320754717,0.647457627118644
"01129",2022,0.719811320754717,0.647457627118644
"01131",2022,0.719811320754717,0.647457627118644
"01133",2022,0.719811320754717,0.647457627118644
"01001",2020,0.737444933920705,0.547297297297297
"01003",2020,0.693251533742331,0.515151515151515
"01005",2020,0.737444933920705,0.547297297297297
"01007",2020,0.737444933920705,0.547297297297297
"01009",2020,0.737444933920705,0.547297297297297
"01011",2020,0.737444933920705,0.547297297297297
"01013",2020,0.590361445783133,0.558823529411765
"01015",2020,0.758620689655172,0.571428571428571
"01017",2020,0.709302325581395,0.583333333333333
"01019",2020,0.737444933920705,0.547297297297297
"01021",2020,0.737444933920705,0.547297297297297
"01023",2020,0.737444933920705,0.547297297297297
"01025",2020,0.753846153846154,0.357142857142857
"01027",2020,0.737444933920705,0.547297297297297
"01029",2020,0.737444933920705,0.547297297297297
"01031",2020,0.784552845528455,0.452830188679245
"01033",2020,0.819306930693069,0.328767123287671
"01035",2020,0.737444933920705,0.547297297297297
"01037",2020,0.737444933920705,0.547297297297297
"01039",2020,0.737444933920705,0.547297297297297
"01041",2020,0.737444933920705,0.547297297297297
"01043",2020,0.737444933920705,0.547297297297297
"01045",2020,0.737444933920705,0.547297297297297
"01047",2020,0.737444933920705,0.547297297297297
"01049",2020,0.737444933920705,0.547297297297297
"01051",2020,0.737444933920705,0.547297297297297
"01053",2020,0.737444933920705,0.547297297297297
"01055",2020,0.737444933920705,0.547297297297297
"01057",2020,0.737444933920705,0.547297297297297
"01059",2020,0.737444933920705,0.547297297297297
"01061",2020,0.737444933920705,0.547297297297297
"01063",2020,0.737444933920705,0.547297297297297
"01065",2020,0.737444933920705,0.547297297297297
"01067",2020,0.737444933920705,0.547297297297297
"01069",2020,0.737444933920705,0.547297297297297
"01071",2020,0.737444933920705,0.547297297297297
"01073",2020,0.737444933920705,0.547297297297297
"01075",2020,0.737444933920705,0.547297297297297
"01077",2020,0.737444933920705,0.547297297297297
"01079",2020,0.737444933920705,0.547297297297297
"01081",2020,0.737444933920705,0.547297297297297
"01083",2020,0.737444933920705,0.547297297297297
"01085",2020,0.737444933920705,0.547297297297297
"01087",2020,0.737444933920705,0.547297297297297
"01089",2020,0.737444933920705,0.547297297297297
"01091",2020,0.737444933920705,0.547297297297297
"01093",2020,0.737444933920705,0.547297297297297
"01095",2020,0.737444933920705,0.547297297297297
"01097",2020,0.737444933920705,0.547297297297297
"01099",2020,0.737444933920705,0.547297297297297
"01101",2020,0.737444933920705,0.547297297297297
"01103",2020,0.737444933920705,0.547297297297297
"01105",2020,0.737444933920705,0.547297297297297
"01107",2020,0.737444933920705,0.547297297297297
"01109",2020,0.737444933920705,0.547297297297297
"01111",2020,0.737444933920705,0.547297297297297
"01113",2020,0.737444933920705,0.547297297297297
"01115",2020,0.737444933920705,0.547297297297297
"01117",2020,0.737444933920705,0.547297297297297
"01119",2020,0.737444933920705,0.547297297297297
"01121",2020,0.737444933920705,0.547297297297297
"01123",2020,0.737444933920705,0.547297297297297
"01125",2020,0.737444933920705,0.547297297297297
"01127",2020,0.737444933920705,0.547297297297297
"01129",2020,0.737444933920705,0.547297297297297
"01131",2020,0.737444933920705,0.547297297297297
"01133",2020,0.737444933920705,0.547297297297297
"01001",2020,0.737444933920705,0.547297297297297
"01003",2020,0.693251533742331,0.515151515151515
"01005",2020,0.737444933920705,0.547297297297297
"01007",2020,0.737444933920705,0.547297297297297
"01009",2020,0.737444933920705,0.547297297297297
"01011",2020,0.737444933920705,0.547297297297297
"01013",2020,0.590361445783133,0.558823529411765
"01015",2020,0.758620689655172,0.571428571428571
"01017",2020,0.709302325581395,0.583333333333333
"01019",2020,0.737444933920705,0.547297297297297
"01021",2020,0.737444933920705,0.547297297297297
"01023",2020,0.737444933920705,0.547297297297297
"01025",2020,0.753846153846154,0.357142857142857
"01027",2020,0.737444933920705,0.547297297297297
"01029",2020,0.737444933920705,0.547297297297297
"01031",2020,0.784552845528455,0.452830188679245
"01033",2020,0.819306930693069,0.328767123287671
"01035",2020,0.737444933920705,0.547297297297297
"01037",2020,0.737444933920705,0.547297297297297
"01039",2020,0.737444933920705,0.547297297297297
"01041",2020,0.737444933920705,0.547297297297297
"01043",2020,0.737444933920705,0.547297297297297
"01045",2020,0.737444933920705,0.547297297297297
"01047",2020,0.737444933920705,0.547297297297297
"01049",2020,0.737444933920705,0.547297297297297
"01051",2020,0.737444933920705,0.547297297297297
"01053",2020,0.737444933920705,0.547297297297297
"01055",2020,0.737444933920705,0.547297297297297
"01057",2020,0.737444933920705,0.547297297297297
"01059",2020,0.737444933920705,0.547297297297297
"01061",2020,0.737444933920705,0.547297297297297
"01063",2020,0.737444933920705,0.547297297297297
"01065",2020,0.737444933920705,0.547297297297297
"01067",2020,0.737444933920705,0.547297297297297
"01069",2020,0.737444933920705,0.547297297297297
"01071",2020,0.737444933920705,0.547297297297297
"01073",2020,0.737444933920705,0.547297297297297
"01075",2020,0.737444933920705,0.547297297297297
"01077",2020,0.737444933920705,0.547297297297297
"01079",2020,0.737444933920705,0.547297297297297
"01081",2020,0.737444933920705,0.547297297297297
"01083",2020,0.737444933920705,0.547297297297297
"01085",2020,0.737444933920705,0.547297297297297
"01087",2020,0.737444933920705,0.547297297297297
"01089",2020,0.737444933920705,0.547297297297297
"01091",2020,0.737444933920705,0.547297297297297
"01093",2020,0.737444933920705,0.547297297297297
"01095",2020,0.737444933920705,0.547297297297297
"01097",2020,0.737444933920705,0.547297297297297
"01099",2020,0.737444933920705,0.547297297297297
"01101",2020,0.737444933920705,0.547297297297297
"01103",2020,0.737444933920705,0.547297297297297
"01105",2020,0.737444933920705,0.547297297297297
"01107",2020,0.737444933920705,0.547297297297297
"01109",2020,0.737444933920705,0.547297297297297
"01111",2020,0.737444933920705,0.547297297297297
"01113",2020,0.737444933920705,0.547297297297297
"01115",2020,0.737444933920705,0.547297297297297
"01117",2020,0.737444933920705,0.547297297297297
"01119",2020,0.737444933920705,0.547297297297297
"01121",2020,0.737444933920705,0.547297297297297
"01123",2020,0.737444933920705,0.547297297297297
"01125",2020,0.737444933920705,0.547297297297297
"01127",2020,0.737444933920705,0.547297297297297
"01129",2020,0.737444933920705,0.547297297297297
"01131",2020,0.737444933920705,0.547297297297297
"01133",2020,0.737444933920705,0.547297297297297
"01001",2018,0.615531508593253,0.541528239202658
"01003",2018,0.590425531914894,0.542483660130719
"01005",2018,0.615531508593253,0.541528239202658
"01007",2018,0.615531508593253,0.541528239202658
"01009",2018,0.615531508593253,0.541528239202658
"01011",2018,0.615531508593253,0.541528239202658
"01013",2018,0.518518518518518,0.673076923076923
"01015",2018,0.647058823529412,0.416666666666667
"01017",2018,0.559055118110236,0.509090909090909
"01019",2018,0.615531508593253,0.541528239202658
"01021",2018,0.615531508593253,0.541528239202658
"01023",2018,0.615531508593253,0.541528239202658
"01025",2018,0.704347826086957,0.5
"01027",2018,0.604166666666667,0.789473684210526
"01029",2018,0.615531508593253,0.541528239202658
"01031",2018,0.67688679245283,0.525547445255474
"01033",2018,0.669941060903733,0.505952380952381
"01035",2018,0.615531508593253,0.541528239202658
"01037",2018,0.615531508593253,0.541528239202658
"01039",2018,0.615531508593253,0.541528239202658
"01041",2018,0.615531508593253,0.541528239202658
"01043",2018,0.615531508593253,0.541528239202658
"01045",2018,0.615531508593253,0.541528239202658
"01047",2018,0.615531508593253,0.541528239202658
"01049",2018,0.615531508593253,0.541528239202658
"01051",2018,0.615531508593253,0.541528239202658
"01053",2018,0.615531508593253,0.541528239202658
"01055",2018,0.615531508593253,0.541528239202658
"01057",2018,0.615531508593253,0.541528239202658
"01059",2018,0.615531508593253,0.541528239202658
"01061",2018,0.615531508593253,0.541528239202658
"01063",2018,0.615531508593253,0.541528239202658
"01065",2018,0.615531508593253,0.541528239202658
"01067",2018,0.615531508593253,0.541528239202658
"01069",2018,0.615531508593253,0.541528239202658
"01071",2018,0.615531508593253,0.541528239202658
"01073",2018,0.615531508593253,0.541528239202658
"01075",2018,0.615531508593253,0.541528239202658
"01077",2018,0.615531508593253,0.541528239202658
"01079",2018,0.615531508593253,0.541528239202658
"01081",2018,0.615531508593253,0.541528239202658
"01083",2018,0.615531508593253,0.541528239202658
"01085",2018,0.615531508593253,0.541528239202658
"01087",2018,0.615531508593253,0.541528239202658
"01089",2018,0.615531508593253,0.541528239202658
"01091",2018,0.615531508593253,0.541528239202658
"01093",2018,0.615531508593253,0.541528239202658
"01095",2018,0.615531508593253,0.541528239202658
"01097",2018,0.615531508593253,0.541528239202658
"01099",2018,0.615531508593253,0.541528239202658
"01101",2018,0.615531508593253,0.541528239202658
"01103",2018,0.615531508593253,0.541528239202658
"01105",2018,0.615531508593253,0.541528239202658
"01107",2018,0.615531508593253,0.541528239202658
"01109",2018,0.615531508593253,0.541528239202658
"01111",2018,0.615531508593253,0.541528239202658
"01113",2018,0.615531508593253,0.541528239202658
"01115",2018,0.615531508593253,0.541528239202658
"01117",2018,0.615531508593253,0.541528239202658
"01119",2018,0.615531508593253,0.541528239202658
"01121",2018,0.615531508593253,0.541528239202658
"01123",2018,0.615531508593253,0.541528239202658
"01125",2018,0.615531508593253,0.541528239202658
"01127",2018,0.615531508593253,0.541528239202658
"01129",2018,0.615531508593253,0.541528239202658
"01131",2018,0.615531508593253,0.541528239202658
"01133",2018,0.615531508593253,0.541528239202658
"02013",2022,0.595505617977528,0.527777777777778
"02016",2022,0.719811320754717,0.647457627118644
"02020",2022,0.719811320754717,0.647457627118644
"02050",2022,0.719811320754717,0.647457627118644
"02060",2022,0.719811320754717,0.647457627118644
"02063",2022,0.719811320754717,0.647457627118644
"02066",2022,0.719811320754717,0.647457627118644
"02068",2022,0.719811320754717,0.647457627118644
"02070",2022,0.719811320754717,0.647457627118644
"02090",2022,0.719811320754717,0.647457627118644
"02100",2022,0.719811320754717,0.647457627118644
"02105",2022,0.719811320754717,0.647457627118644
"02110",2022,0.719811320754717,0.647457627118644
"02122",2022,0.719811320754717,0.647457627118644
"02130",2022,0.719811320754717,0.647457627118644
"02150",2022,0.719811320754717,0.647457627118644
"02158",2022,0.719811320754717,0.647457627118644
"02164",2022,0.719811320754717,0.647457627118644
"02170",2022,0.719811320754717,0.647457627118644
"02180",2022,0.719811320754717,0.647457627118644
"02185",2022,0.719811320754717,0.647457627118644
"02188",2022,0.719811320754717,0.647457627118644
"02195",2022,0.719811320754717,0.647457627118644
"02198",2022,0.719811320754717,0.647457627118644
"02201",2022,0.719811320754717,0.647457627118644
"02220",2022,0.719811320754717,0.647457627118644
"02230",2022,0.719811320754717,0.647457627118644
"02231",2022,0.719811320754717,0.647457627118644
"02232",2022,0.719811320754717,0.647457627118644
"02240",2022,0.719811320754717,0.647457627118644
"02261",2022,0.719811320754717,0.647457627118644
"02270",2022,0.719811320754717,0.647457627118644
"02275",2022,0.719811320754717,0.647457627118644
"02280",2022,0.719811320754717,0.647457627118644
"02282",2022,0.719811320754717,0.647457627118644
"02290",2022,0.719811320754717,0.647457627118644
"02013",2022,0.595505617977528,0.527777777777778
"02016",2022,0.719811320754717,0.647457627118644
"02020",2022,0.719811320754717,0.647457627118644
"02050",2022,0.719811320754717,0.647457627118644
"02060",2022,0.719811320754717,0.647457627118644
"02063",2022,0.719811320754717,0.647457627118644
"02066",2022,0.719811320754717,0.647457627118644
"02068",2022,0.719811320754717,0.647457627118644
"02070",2022,0.719811320754717,0.647457627118644
"02090",2022,0.719811320754717,0.647457627118644
"02100",2022,0.719811320754717,0.647457627118644
"02105",2022,0.719811320754717,0.647457627118644
"02110",2022,0.719811320754717,0.647457627118644
"02122",2022,0.719811320754717,0.647457627118644
"02130",2022,0.719811320754717,0.647457627118644
"02150",2022,0.719811320754717,0.647457627118644
"02158",2022,0.719811320754717,0.647457627118644
"02164",2022,0.719811320754717,0.647457627118644
"02170",2022,0.719811320754717,0.647457627118644
"02180",2022,0.719811320754717,0.647457627118644
"02185",2022,0.719811320754717,0.647457627118644
"02188",2022,0.719811320754717,0.647457627118644
"02195",2022,0.719811320754717,0.647457627118644
"02198",2022,0.719811320754717,0.647457627118644
"02201",2022,0.719811320754717,0.647457627118644
"02220",2022,0.719811320754717,0.647457627118644
"02230",2022,0.719811320754717,0.647457627118644
"02231",2022,0.719811320754717,0.647457627118644
"02232",2022,0.719811320754717,0.647457627118644
"02240",2022,0.719811320754717,0.647457627118644
"02261",2022,0.719811320754717,0.647457627118644
"02270",2022,0.719811320754717,0.647457627118644
"02275",2022,0.719811320754717,0.647457627118644
"02280",2022,0.719811320754717,0.647457627118644
"02282",2022,0.719811320754717,0.647457627118644
"02290",2022,0.719811320754717,0.647457627118644
"02013",2020,0.590361445783133,0.558823529411765
"02016",2020,0.737444933920705,0.547297297297297
"02020",2020,0.737444933920705,0.547297297297297
"02050",2020,0.737444933920705,0.547297297297297
"02060",2020,0.737444933920705,0.547297297297297
"02063",2020,0.737444933920705,0.547297297297297
"02066",2020,0.737444933920705,0.547297297297297
"02068",2020,0.737444933920705,0.547297297297297
"02070",2020,0.737444933920705,0.547297297297297
"02090",2020,0.737444933920705,0.547297297297297
"02100",2020,0.737444933920705,0.547297297297297
"02105",2020,0.737444933920705,0.547297297297297
"02110",2020,0.737444933920705,0.547297297297297
"02122",2020,0.737444933920705,0.547297297297297
"02130",2020,0.737444933920705,0.547297297297297
"02150",2020,0.737444933920705,0.547297297297297
"02158",2020,0.737444933920705,0.547297297297297
"02164",2020,0.737444933920705,0.547297297297297
"02170",2020,0.737444933920705,0.547297297297297
"02180",2020,0.737444933920705,0.547297297297297
"02185",2020,0.737444933920705,0.547297297297297
"02188",2020,0.737444933920705,0.547297297297297
"02195",2020,0.737444933920705,0.547297297297297
"02198",2020,0.737444933920705,0.547297297297297
"02201",2020,0.737444933920705,0.547297297297297
"02220",2020,0.737444933920705,0.547297297297297
"02230",2020,0.737444933920705,0.547297297297297
"02231",2020,0.737444933920705,0.547297297297297
"02232",2020,0.737444933920705,0.547297297297297
"02240",2020,0.737444933920705,0.547297297297297
"02261",2020,0.737444933920705,0.547297297297297
"02270",2020,0.737444933920705,0.547297297297297
"02275",2020,0.737444933920705,0.547297297297297
"02280",2020,0.737444933920705,0.547297297297297
"02282",2020,0.737444933920705,0.547297297297297
"02290",2020,0.737444933920705,0.547297297297297
"02013",2020,0.590361445783133,0.558823529411765
"02016",2020,0.737444933920705,0.547297297297297
"02020",2020,0.737444933920705,0.547297297297297
"02050",2020,0.737444933920705,0.547297297297297
"02060",2020,0.737444933920705,0.547297297297297
"02063",2020,0.737444933920705,0.547297297297297
"02066",2020,0.737444933920705,0.547297297297297
"02068",2020,0.737444933920705,0.547297297297297
"02070",2020,0.737444933920705,0.547297297297297
"02090",2020,0.737444933920705,0.547297297297297
"02100",2020,0.737444933920705,0.547297297297297
"02105",2020,0.737444933920705,0.547297297297297
"02110",2020,0.737444933920705,0.547297297297297
"02122",2020,0.737444933920705,0.547297297297297
"02130",2020,0.737444933920705,0.547297297297297
"02150",2020,0.737444933920705,0.547297297297297
"02158",2020,0.737444933920705,0.547297297297297
"02164",2020,0.737444933920705,0.547297297297297
"02170",2020,0.737444933920705,0.547297297297297
"02180",2020,0.737444933920705,0.547297297297297
"02185",2020,0.737444933920705,0.547297297297297
"02188",2020,0.737444933920705,0.547297297297297
"02195",2020,0.737444933920705,0.547297297297297
"02198",2020,0.737444933920705,0.547297297297297
"02201",2020,0.737444933920705,0.547297297297297
"02220",2020,0.737444933920705,0.547297297297297
"02230",2020,0.737444933920705,0.547297297297297
"02231",2020,0.737444933920705,0.547297297297297
"02232",2020,0.737444933920705,0.547297297297297
"02240",2020,0.737444933920705,0.547297297297297
"02261",2020,0.737444933920705,0.547297297297297
"02270",2020,0.737444933920705,0.547297297297297
"02275",2020,0.737444933920705,0.547297297297297
"02280",2020,0.737444933920705,0.547297297297297
"02282",2020,0.737444933920705,0.547297297297297
"02290",2020,0.737444933920705,0.547297297297297
"02013",2018,0.518518518518518,0.673076923076923
"02016",2018,0.615531508593253,0.541528239202658
"02020",2018,0.615531508593253,0.541528239202658
"02050",2018,0.615531508593253,0.541528239202658
"02060",2018,0.615531508593253,0.541528239202658
"02063",2018,0.615531508593253,0.541528239202658
"02066",2018,0.615531508593253,0.541528239202658
"02068",2018,0.615531508593253,0.541528239202658
"02070",2018,0.615531508593253,0.541528239202658
"02090",2018,0.615531508593253,0.541528239202658
"02100",2018,0.615531508593253,0.541528239202658
"02105",2018,0.615531508593253,0.541528239202658
"02110",2018,0.615531508593253,0.541528239202658
"02122",2018,0.615531508593253,0.541528239202658
"02130",2018,0.615531508593253,0.541528239202658
"02150",2018,0.615531508593253,0.541528239202658
"02158",2018,0.615531508593253,0.541528239202658
"02164",2018,0.615531508593253,0.541528239202658
"02170",2018,0.615531508593253,0.541528239202658
"02180",2018,0.615531508593253,0.541528239202658
"02185",2018,0.615531508593253,0.541528239202658
"02188",2018,0.615531508593253,0.541528239202658
"02195",2018,0.615531508593253,0.541528239202658
"02198",2018,0.615531508593253,0.541528239202658
"02201",2018,0.615531508593253,0.541528239202658
"02220",2018,0.615531508593253,0.541528239202658
"02230",2018,0.615531508593253,0.541528239202658
"02231",2018,0.615531508593253,0.541528239202658
"02232",2018,0.615531508593253,0.541528239202658
"02240",2018,0.615531508593253,0.541528239202658
"02261",2018,0.615531508593253,0.541528239202658
"02270",2018,0.615531508593253,0.541528239202658
"02275",2018,0.615531508593253,0.541528239202658
"02280",2018,0.615531508593253,0.541528239202658
"02282",2018,0.615531508593253,0.541528239202658
"02290",2018,0.615531508593253,0.541528239202658
"04001",2022,0.719811320754717,0.647457627118644
"04003",2022,0.693037974683544,0.484536082474227
"04005",2022,0.719811320754717,0.647457627118644
"04007",2022,0.719811320754717,0.647457627118644
"04009",2022,0.719811320754717,0.647457627118644
"04011",2022,0.719811320754717,0.647457627118644
"04012",2022,0.719811320754717,0.647457627118644
"04013",2022,0.595505617977528,0.527777777777778
"04015",2022,0.625,0.333333333333333
"04017",2022,0.757575757575758,0.8
"04019",2022,0.719811320754717,0.647457627118644
"04021",2022,0.719811320754717,0.647457627118644
"04023",2022,0.719811320754717,0.647457627118644
"04025",2022,0.661538461538462,0.227272727272727
"04027",2022,0.719811320754717,0.647457627118644
"04001",2022,0.719811320754717,0.647457627118644
"04003",2022,0.693037974683544,0.484536082474227
"04005",2022,0.719811320754717,0.647457627118644
"04007",2022,0.719811320754717,0.647457627118644
"04009",2022,0.719811320754717,0.647457627118644
"04011",2022,0.719811320754717,0.647457627118644
"04012",2022,0.719811320754717,0.647457627118644
"04013",2022,0.595505617977528,0.527777777777778
"04015",2022,0.625,0.333333333333333
"04017",2022,0.757575757575758,0.8
"04019",2022,0.719811320754717,0.647457627118644
"04021",2022,0.719811320754717,0.647457627118644
"04023",2022,0.719811320754717,0.647457627118644
"04025",2022,0.661538461538462,0.227272727272727
"04027",2022,0.719811320754717,0.647457627118644
"04001",2020,0.737444933920705,0.547297297297297
"04003",2020,0.693251533742331,0.515151515151515
"04005",2020,0.737444933920705,0.547297297297297
"04007",2020,0.737444933920705,0.547297297297297
"04009",2020,0.737444933920705,0.547297297297297
"04011",2020,0.737444933920705,0.547297297297297
"04012",2020,0.737444933920705,0.547297297297297
"04013",2020,0.590361445783133,0.558823529411765
"04015",2020,0.758620689655172,0.571428571428571
"04017",2020,0.709302325581395,0.583333333333333
"04019",2020,0.737444933920705,0.547297297297297
"04021",2020,0.737444933920705,0.547297297297297
"04023",2020,0.737444933920705,0.547297297297297
"04025",2020,0.753846153846154,0.357142857142857
"04027",2020,0.737444933920705,0.547297297297297
"04001",2020,0.737444933920705,0.547297297297297
"04003",2020,0.693251533742331,0.515151515151515
"04005",2020,0.737444933920705,0.547297297297297
"04007",2020,0.737444933920705,0.547297297297297
"04009",2020,0.737444933920705,0.547297297297297
"04011",2020,0.737444933920705,0.547297297297297
"04012",2020,0.737444933920705,0.547297297297297
"04013",2020,0.590361445783133,0.558823529411765
"04015",2020,0.758620689655172,0.571428571428571
"04017",2020,0.709302325581395,0.583333333333333
"04019",2020,0.737444933920705,0.547297297297297
"04021",2020,0.737444933920705,0.547297297297297
"04023",2020,0.737444933920705,0.547297297297297
"04025",2020,0.753846153846154,0.357142857142857
"04027",2020,0.737444933920705,0.547297297297297
"04001",2018,0.615531508593253,0.541528239202658
"04003",2018,0.590425531914894,0.542483660130719
"04005",2018,0.615531508593253,0.541528239202658
"04007",2018,0.615531508593253,0.541528239202658
"04009",2018,0.615531508593253,0.541528239202658
"04011",2018,0.615531508593253,0.541528239202658
"04012",2018,0.615531508593253,0.541528239202658
"04013",2018,0.518518518518518,0.673076923076923
"04015",2018,0.647058823529412,0.416666666666667
"04017",2018,0.559055118110236,0.509090909090909
"04019",2018,0.615531508593253,0.541528239202658
"04021",2018,0.615531508593253,0.541528239202658
"04023",2018,0.615531508593253,0.541528239202658
"04025",2018,0.704347826086957,0.5
"04027",2018,0.604166666666667,0.789473684210526
"05001",2022,0.719811320754717,0.647457627118644
"05003",2022,0.693037974683544,0.484536082474227
"05005",2022,0.719811320754717,0.647457627118644
"05007",2022,0.719811320754717,0.647457627118644
"05009",2022,0.719811320754717,0.647457627118644
"05011",2022,0.719811320754717,0.647457627118644
"05013",2022,0.595505617977528,0.527777777777778
"05015",2022,0.625,0.333333333333333
"05017",2022,0.757575757575758,0.8
"05019",2022,0.719811320754717,0.647457627118644
"05021",2022,0.719811320754717,0.647457627118644
"05023",2022,0.719811320754717,0.647457627118644
"05025",2022,0.661538461538462,0.227272727272727
"05027",2022,0.719811320754717,0.647457627118644
"05029",2022,0.719811320754717,0.647457627118644
"05031",2022,0.754756871035941,0.491379310344828
"05033",2022,0.741514360313316,0.444444444444444
"05035",2022,0.719811320754717,0.647457627118644
"05037",2022,0.719811320754717,0.647457627118644
"05039",2022,0.719811320754717,0.647457627118644
"05041",2022,0.719811320754717,0.647457627118644
"05043",2022,0.719811320754717,0.647457627118644
"05045",2022,0.719811320754717,0.647457627118644
"05047",2022,0.719811320754717,0.647457627118644
"05049",2022,0.719811320754717,0.647457627118644
"05051",2022,0.719811320754717,0.647457627118644
"05053",2022,0.719811320754717,0.647457627118644
"05055",2022,0.719811320754717,0.647457627118644
"05057",2022,0.719811320754717,0.647457627118644
"05059",2022,0.719811320754717,0.647457627118644
"05061",2022,0.719811320754717,0.647457627118644
"05063",2022,0.719811320754717,0.647457627118644
"05065",2022,0.719811320754717,0.647457627118644
"05067",2022,0.719811320754717,0.647457627118644
"05069",2022,0.719811320754717,0.647457627118644
"05071",2022,0.719811320754717,0.647457627118644
"05073",2022,0.719811320754717,0.647457627118644
"05075",2022,0.719811320754717,0.647457627118644
"05077",2022,0.719811320754717,0.647457627118644
"05079",2022,0.719811320754717,0.647457627118644
"05081",2022,0.719811320754717,0.647457627118644
"05083",2022,0.719811320754717,0.647457627118644
"05085",2022,0.719811320754717,0.647457627118644
"05087",2022,0.719811320754717,0.647457627118644
"05089",2022,0.719811320754717,0.647457627118644
"05091",2022,0.719811320754717,0.647457627118644
"05093",2022,0.719811320754717,0.647457627118644
"05095",2022,0.719811320754717,0.647457627118644
"05097",2022,0.719811320754717,0.647457627118644
"05099",2022,0.719811320754717,0.647457627118644
"05101",2022,0.719811320754717,0.647457627118644
"05103",2022,0.719811320754717,0.647457627118644
"05105",2022,0.719811320754717,0.647457627118644
"05107",2022,0.719811320754717,0.647457627118644
"05109",2022,0.719811320754717,0.647457627118644
"05111",2022,0.719811320754717,0.647457627118644
"05113",2022,0.719811320754717,0.647457627118644
"05115",2022,0.719811320754717,0.647457627118644
"05117",2022,0.719811320754717,0.647457627118644
"05119",2022,0.719811320754717,0.647457627118644
"05121",2022,0.719811320754717,0.647457627118644
"05123",2022,0.719811320754717,0.647457627118644
"05125",2022,0.719811320754717,0.647457627118644
"05127",2022,0.719811320754717,0.647457627118644
"05129",2022,0.719811320754717,0.647457627118644
"05131",2022,0.719811320754717,0.647457627118644
"05133",2022,0.719811320754717,0.647457627118644
"05135",2022,0.719811320754717,0.647457627118644
"05137",2022,0.719811320754717,0.647457627118644
"05139",2022,0.719811320754717,0.647457627118644
"05141",2022,0.719811320754717,0.647457627118644
"05143",2022,0.719811320754717,0.647457627118644
"05145",2022,0.719811320754717,0.647457627118644
"05147",2022,0.719811320754717,0.647457627118644
"05149",2022,0.719811320754717,0.647457627118644
"05001",2022,0.719811320754717,0.647457627118644
"05003",2022,0.693037974683544,0.484536082474227
"05005",2022,0.719811320754717,0.647457627118644
"05007",2022,0.719811320754717,0.647457627118644
"05009",2022,0.719811320754717,0.647457627118644
"05011",2022,0.719811320754717,0.647457627118644
"05013",2022,0.595505617977528,0.527777777777778
"05015",2022,0.625,0.333333333333333
"05017",2022,0.757575757575758,0.8
"05019",2022,0.719811320754717,0.647457627118644
"05021",2022,0.719811320754717,0.647457627118644
"05023",2022,0.719811320754717,0.647457627118644
"05025",2022,0.661538461538462,0.227272727272727
"05027",2022,0.719811320754717,0.647457627118644
"05029",2022,0.719811320754717,0.647457627118644
"05031",2022,0.754756871035941,0.491379310344828
"05033",2022,0.741514360313316,0.444444444444444
"05035",2022,0.719811320754717,0.647457627118644
"05037",2022,0.719811320754717,0.647457627118644
"05039",2022,0.719811320754717,0.647457627118644
"05041",2022,0.719811320754717,0.647457627118644
"05043",2022,0.719811320754717,0.647457627118644
"05045",2022,0.719811320754717,0.647457627118644
"05047",2022,0.719811320754717,0.647457627118644
"05049",2022,0.719811320754717,0.647457627118644
"05051",2022,0.719811320754717,0.647457627118644
"05053",2022,0.719811320754717,0.647457627118644
"05055",2022,0.719811320754717,0.647457627118644
"05057",2022,0.719811320754717,0.647457627118644
"05059",2022,0.719811320754717,0.647457627118644
"05061",2022,0.719811320754717,0.647457627118644
"05063",2022,0.719811320754717,0.647457627118644
"05065",2022,0.719811320754717,0.647457627118644
"05067",2022,0.719811320754717,0.647457627118644
"05069",2022,0.719811320754717,0.647457627118644
"05071",2022,0.719811320754717,0.647457627118644
"05073",2022,0.719811320754717,0.647457627118644
"05075",2022,0.719811320754717,0.647457627118644
"05077",2022,0.719811320754717,0.647457627118644
"05079",2022,0.719811320754717,0.647457627118644
"05081",2022,0.719811320754717,0.647457627118644
"05083",2022,0.719811320754717,0.647457627118644
"05085",2022,0.719811320754717,0.647457627118644
"05087",2022,0.719811320754717,0.647457627118644
"05089",2022,0.719811320754717,0.647457627118644
"05091",2022,0.719811320754717,0.647457627118644
"05093",2022,0.719811320754717,0.647457627118644
"05095",2022,0.719811320754717,0.647457627118644
"05097",2022,0.719811320754717,0.647457627118644
"05099",2022,0.719811320754717,0.647457627118644
"05101",2022,0.719811320754717,0.647457627118644
"05103",2022,0.719811320754717,0.647457627118644
"05105",2022,0.719811320754717,0.647457627118644
"05107",2022,0.719811320754717,0.647457627118644
"05109",2022,0.719811320754717,0.647457627118644
"05111",2022,0.719811320754717,0.647457627118644
"05113",2022,0.719811320754717,0.647457627118644
"05115",2022,0.719811320754717,0.647457627118644
"05117",2022,0.719811320754717,0.647457627118644
"05119",2022,0.719811320754717,0.647457627118644
"05121",2022,0.719811320754717,0.647457627118644
"05123",2022,0.719811320754717,0.647457627118644
"05125",2022,0.719811320754717,0.647457627118644
"05127",2022,0.719811320754717,0.647457627118644
"05129",2022,0.719811320754717,0.647457627118644
"05131",2022,0.719811320754717,0.647457627118644
"05133",2022,0.719811320754717,0.647457627118644
"05135",2022,0.719811320754717,0.647457627118644
"05137",2022,0.719811320754717,0.647457627118644
"05139",2022,0.719811320754717,0.647457627118644
"05141",2022,0.719811320754717,0.647457627118644
"05143",2022,0.719811320754717,0.647457627118644
"05145",2022,0.719811320754717,0.647457627118644
"05147",2022,0.719811320754717,0.647457627118644
"05149",2022,0.719811320754717,0.647457627118644
"05001",2020,0.737444933920705,0.547297297297297
"05003",2020,0.693251533742331,0.515151515151515
"05005",2020,0.737444933920705,0.547297297297297
"05007",2020,0.737444933920705,0.547297297297297
"05009",2020,0.737444933920705,0.547297297297297
"05011",2020,0.737444933920705,0.547297297297297
"05013",2020,0.590361445783133,0.558823529411765
"05015",2020,0.758620689655172,0.571428571428571
"05017",2020,0.709302325581395,0.583333333333333
"05019",2020,0.737444933920705,0.547297297297297
"05021",2020,0.737444933920705,0.547297297297297
"05023",2020,0.737444933920705,0.547297297297297
"05025",2020,0.753846153846154,0.357142857142857
"05027",2020,0.737444933920705,0.547297297297297
"05029",2020,0.737444933920705,0.547297297297297
"05031",2020,0.784552845528455,0.452830188679245
"05033",2020,0.819306930693069,0.328767123287671
"05035",2020,0.737444933920705,0.547297297297297
"05037",2020,0.737444933920705,0.547297297297297
"05039",2020,0.737444933920705,0.547297297297297
"05041",2020,0.737444933920705,0.547297297297297
"05043",2020,0.737444933920705,0.547297297297297
"05045",2020,0.737444933920705,0.547297297297297
"05047",2020,0.737444933920705,0.547297297297297
"05049",2020,0.737444933920705,0.547297297297297
"05051",2020,0.737444933920705,0.547297297297297
"05053",2020,0.737444933920705,0.547297297297297
"05055",2020,0.737444933920705,0.547297297297297
"05057",2020,0.737444933920705,0.547297297297297
"05059",2020,0.737444933920705,0.547297297297297
"05061",2020,0.737444933920705,0.547297297297297
"05063",2020,0.737444933920705,0.547297297297297
"05065",2020,0.737444933920705,0.547297297297297
"05067",2020,0.737444933920705,0.547297297297297
"05069",2020,0.737444933920705,0.547297297297297
"05071",2020,0.737444933920705,0.547297297297297
"05073",2020,0.737444933920705,0.547297297297297
"05075",2020,0.737444933920705,0.547297297297297
"05077",2020,0.737444933920705,0.547297297297297
"05079",2020,0.737444933920705,0.547297297297297
"05081",2020,0.737444933920705,0.547297297297297
"05083",2020,0.737444933920705,0.547297297297297
"05085",2020,0.737444933920705,0.547297297297297
"05087",2020,0.737444933920705,0.547297297297297
"05089",2020,0.737444933920705,0.547297297297297
"05091",2020,0.737444933920705,0.547297297297297
"05093",2020,0.737444933920705,0.547297297297297
"05095",2020,0.737444933920705,0.547297297297297
"05097",2020,0.737444933920705,0.547297297297297
"05099",2020,0.737444933920705,0.547297297297297
"05101",2020,0.737444933920705,0.547297297297297
"05103",2020,0.737444933920705,0.547297297297297
"05105",2020,0.737444933920705,0.547297297297297
"05107",2020,0.737444933920705,0.547297297297297
"05109",2020,0.737444933920705,0.547297297297297
"05111",2020,0.737444933920705,0.547297297297297
"05113",2020,0.737444933920705,0.547297297297297
"05115",2020,0.737444933920705,0.547297297297297
"05117",2020,0.737444933920705,0.547297297297297
"05119",2020,0.737444933920705,0.547297297297297
"05121",2020,0.737444933920705,0.547297297297297
"05123",2020,0.737444933920705,0.547297297297297
"05125",2020,0.737444933920705,0.547297297297297
"05127",2020,0.737444933920705,0.547297297297297
"05129",2020,0.737444933920705,0.547297297297297
"05131",2020,0.737444933920705,0.547297297297297
"05133",2020,0.737444933920705,0.547297297297297
"05135",2020,0.737444933920705,0.547297297297297
"05137",2020,0.737444933920705,0.547297297297297
"05139",2020,0.737444933920705,0.547297297297297
"05141",2020,0.737444933920705,0.547297297297297
"05143",2020,0.737444933920705,0.547297297297297
"05145",2020,0.737444933920705,0.547297297297297
"05147",2020,0.737444933920705,0.547297297297297
"05149",2020,0.737444933920705,0.547297297297297
"05001",2020,0.737444933920705,0.547297297297297
"05003",2020,0.693251533742331,0.515151515151515
"05005",2020,0.737444933920705,0.547297297297297
"05007",2020,0.737444933920705,0.547297297297297
"05009",2020,0.737444933920705,0.547297297297297
"05011",2020,0.737444933920705,0.547297297297297
"05013",2020,0.590361445783133,0.558823529411765
"05015",2020,0.758620689655172,0.571428571428571
"05017",2020,0.709302325581395,0.583333333333333
"05019",2020,0.737444933920705,0.547297297297297
"05021",2020,0.737444933920705,0.547297297297297
"05023",2020,0.737444933920705,0.547297297297297
"05025",2020,0.753846153846154,0.357142857142857
"05027",2020,0.737444933920705,0.547297297297297
"05029",2020,0.737444933920705,0.547297297297297
"05031",2020,0.784552845528455,0.452830188679245
"05033",2020,0.819306930693069,0.328767123287671
"05035",2020,0.737444933920705,0.547297297297297
"05037",2020,0.737444933920705,0.547297297297297
"05039",2020,0.737444933920705,0.547297297297297
"05041",2020,0.737444933920705,0.547297297297297
"05043",2020,0.737444933920705,0.547297297297297
"05045",2020,0.737444933920705,0.547297297297297
"05047",2020,0.737444933920705,0.547297297297297
"05049",2020,0.737444933920705,0.547297297297297
"05051",2020,0.737444933920705,0.547297297297297
"05053",2020,0.737444933920705,0.547297297297297
"05055",2020,0.737444933920705,0.547297297297297
"05057",2020,0.737444933920705,0.547297297297297
"05059",2020,0.737444933920705,0.547297297297297
"05061",2020,0.737444933920705,0.547297297297297
"05063",2020,0.737444933920705,0.547297297297297
"05065",2020,0.737444933920705,0.547297297297297
"05067",2020,0.737444933920705,0.547297297297297
"05069",2020,0.737444933920705,0.547297297297297
"05071",2020,0.737444933920705,0.547297297297297
"05073",2020,0.737444933920705,0.547297297297297
"05075",2020,0.737444933920705,0.547297297297297
"05077",2020,0.737444933920705,0.547297297297297
"05079",2020,0.737444933920705,0.547297297297297
"05081",2020,0.737444933920705,0.547297297297297
"05083",2020,0.737444933920705,0.547297297297297
"05085",2020,0.737444933920705,0.547297297297297
"05087",2020,0.737444933920705,0.547297297297297
"05089",2020,0.737444933920705,0.547297297297297
"05091",2020,0.737444933920705,0.547297297297297
"05093",2020,0.737444933920705,0.547297297297297
"05095",2020,0.737444933920705,0.547297297297297
"05097",2020,0.737444933920705,0.547297297297297
"05099",2020,0.737444933920705,0.547297297297297
"05101",2020,0.737444933920705,0.547297297297297
"05103",2020,0.737444933920705,0.547297297297297
"05105",2020,0.737444933920705,0.547297297297297
"05107",2020,0.737444933920705,0.547297297297297
"05109",2020,0.737444933920705,0.547297297297297
"05111",2020,0.737444933920705,0.547297297297297
"05113",2020,0.737444933920705,0.547297297297297
"05115",2020,0.737444933920705,0.547297297297297
"05117",2020,0.737444933920705,0.547297297297297
"05119",2020,0.737444933920705,0.547297297297297
"05121",2020,0.737444933920705,0.547297297297297
"05123",2020,0.737444933920705,0.547297297297297
"05125",2020,0.737444933920705,0.547297297297297
"05127",2020,0.737444933920705,0.547297297297297
"05129",2020,0.737444933920705,0.547297297297297
"05131",2020,0.737444933920705,0.547297297297297
"05133",2020,0.737444933920705,0.547297297297297
"05135",2020,0.737444933920705,0.547297297297297
"05137",2020,0.737444933920705,0.547297297297297
"05139",2020,0.737444933920705,0.547297297297297
"05141",2020,0.737444933920705,0.547297297297297
"05143",2020,0.737444933920705,0.547297297297297
"05145",2020,0.737444933920705,0.547297297297297
"05147",2020,0.737444933920705,0.547297297297297
"05149",2020,0.737444933920705,0.547297297297297
"05001",2018,0.615531508593253,0.541528239202658
"05003",2018,0.590425531914894,0.542483660130719
"05005",2018,0.615531508593253,0.541528239202658
"05007",2018,0.615531508593253,0.541528239202658
"05009",2018,0.615531508593253,0.541528239202658
"05011",2018,0.615531508593253,0.541528239202658
"05013",2018,0.518518518518518,0.673076923076923
"05015",2018,0.647058823529412,0.416666666666667
"05017",2018,0.559055118110236,0.509090909090909
"05019",2018,0.615531508593253,0.541528239202658
"05021",2018,0.615531508593253,0.541528239202658
"05023",2018,0.615531508593253,0.541528239202658
"05025",2018,0.704347826086957,0.5
"05027",2018,0.604166666666667,0.789473684210526
"05029",2018,0.615531508593253,0.541528239202658
"05031",2018,0.67688679245283,0.525547445255474
"05033",2018,0.669941060903733,0.505952380952381
"05035",2018,0.615531508593253,0.541528239202658
"05037",2018,0.615531508593253,0.541528239202658
"05039",2018,0.615531508593253,0.541528239202658
"05041",2018,0.615531508593253,0.541528239202658
"05043",2018,0.615531508593253,0.541528239202658
"05045",2018,0.615531508593253,0.541528239202658
"05047",2018,0.615531508593253,0.541528239202658
"05049",2018,0.615531508593253,0.541528239202658
"05051",2018,0.615531508593253,0.541528239202658
"05053",2018,0.615531508593253,0.541528239202658
"05055",2018,0.615531508593253,0.541528239202658
"05057",2018,0.615531508593253,0.541528239202658
"05059",2018,0.615531508593253,0.541528239202658
"05061",2018,0.615531508593253,0.541528239202658
"05063",2018,0.615531508593253,0.541528239202658
"05065",2018,0.615531508593253,0.541528239202658
"05067",2018,0.615531508593253,0.541528239202658
"05069",2018,0.615531508593253,0.541528239202658
"05071",2018,0.615531508593253,0.541528239202658
"05073",2018,0.615531508593253,0.541528239202658
"05075",2018,0.615531508593253,0.541528239202658
"05077",2018,0.615531508593253,0.541528239202658
"05079",2018,0.615531508593253,0.541528239202658
"05081",2018,0.615531508593253,0.541528239202658
"05083",2018,0.615531508593253,0.541528239202658
"05085",2018,0.615531508593253,0.541528239202658
"05087",2018,0.615531508593253,0.541528239202658
"05089",2018,0.615531508593253,0.541528239202658
"05091",2018,0.615531508593253,0.541528239202658
"05093",2018,0.615531508593253,0.541528239202658
"05095",2018,0.615531508593253,0.541528239202658
"05097",2018,0.615531508593253,0.541528239202658
"05099",2018,0.615531508593253,0.541528239202658
"05101",2018,0.615531508593253,0.541528239202658
"05103",2018,0.615531508593253,0.541528239202658
"05105",2018,0.615531508593253,0.541528239202658
"05107",2018,0.615531508593253,0.541528239202658
"05109",2018,0.615531508593253,0.541528239202658
"05111",2018,0.615531508593253,0.541528239202658
"05113",2018,0.615531508593253,0.541528239202658
"05115",2018,0.615531508593253,0.541528239202658
"05117",2018,0.615531508593253,0.541528239202658
"05119",2018,0.615531508593253,0.541528239202658
"05121",2018,0.615531508593253,0.541528239202658
"05123",2018,0.615531508593253,0.541528239202658
"05125",2018,0.615531508593253,0.541528239202658
"05127",2018,0.615531508593253,0.541528239202658
"05129",2018,0.615531508593253,0.541528239202658
"05131",2018,0.615531508593253,0.541528239202658
"05133",2018,0.615531508593253,0.541528239202658
"05135",2018,0.615531508593253,0.541528239202658
"05137",2018,0.615531508593253,0.541528239202658
"05139",2018,0.615531508593253,0.541528239202658
"05141",2018,0.615531508593253,0.541528239202658
"05143",2018,0.615531508593253,0.541528239202658
"05145",2018,0.615531508593253,0.541528239202658
"05147",2018,0.615531508593253,0.541528239202658
"05149",2018,0.615531508593253,0.541528239202658
"06001",2022,0.719811320754717,0.647457627118644
"06003",2022,0.693037974683544,0.484536082474227
"06005",2022,0.719811320754717,0.647457627118644
"06007",2022,0.719811320754717,0.647457627118644
"06009",2022,0.719811320754717,0.647457627118644
"06011",2022,0.719811320754717,0.647457627118644
"06013",2022,0.595505617977528,0.527777777777778
"06015",2022,0.625,0.333333333333333
"06017",2022,0.757575757575758,0.8
"06019",2022,0.719811320754717,0.647457627118644
"06021",2022,0.719811320754717,0.647457627118644
"06023",2022,0.719811320754717,0.647457627118644
"06025",2022,0.661538461538462,0.227272727272727
"06027",2022,0.719811320754717,0.647457627118644
"06029",2022,0.719811320754717,0.647457627118644
"06031",2022,0.754756871035941,0.491379310344828
"06033",2022,0.741514360313316,0.444444444444444
"06035",2022,0.719811320754717,0.647457627118644
"06037",2022,0.719811320754717,0.647457627118644
"06039",2022,0.719811320754717,0.647457627118644
"06041",2022,0.719811320754717,0.647457627118644
"06043",2022,0.719811320754717,0.647457627118644
"06045",2022,0.719811320754717,0.647457627118644
"06047",2022,0.719811320754717,0.647457627118644
"06049",2022,0.719811320754717,0.647457627118644
"06051",2022,0.719811320754717,0.647457627118644
"06053",2022,0.719811320754717,0.647457627118644
"06055",2022,0.719811320754717,0.647457627118644
"06057",2022,0.719811320754717,0.647457627118644
"06059",2022,0.719811320754717,0.647457627118644
"06061",2022,0.719811320754717,0.647457627118644
"06063",2022,0.719811320754717,0.647457627118644
"06065",2022,0.719811320754717,0.647457627118644
"06067",2022,0.719811320754717,0.647457627118644
"06069",2022,0.719811320754717,0.647457627118644
"06071",2022,0.719811320754717,0.647457627118644
"06073",2022,0.719811320754717,0.647457627118644
"06075",2022,0.719811320754717,0.647457627118644
"06077",2022,0.719811320754717,0.647457627118644
"06079",2022,0.719811320754717,0.647457627118644
"06081",2022,0.719811320754717,0.647457627118644
"06083",2022,0.719811320754717,0.647457627118644
"06085",2022,0.719811320754717,0.647457627118644
"06087",2022,0.719811320754717,0.647457627118644
"06089",2022,0.719811320754717,0.647457627118644
"06091",2022,0.719811320754717,0.647457627118644
"06093",2022,0.719811320754717,0.647457627118644
"06095",2022,0.719811320754717,0.647457627118644
"06097",2022,0.719811320754717,0.647457627118644
"06099",2022,0.719811320754717,0.647457627118644
"06101",2022,0.719811320754717,0.647457627118644
"06103",2022,0.719811320754717,0.647457627118644
"06105",2022,0.719811320754717,0.647457627118644
"06107",2022,0.719811320754717,0.647457627118644
"06109",2022,0.719811320754717,0.647457627118644
"06111",2022,0.719811320754717,0.647457627118644
"06113",2022,0.719811320754717,0.647457627118644
"06115",2022,0.719811320754717,0.647457627118644
"06001",2022,0.719811320754717,0.647457627118644
"06003",2022,0.693037974683544,0.484536082474227
"06005",2022,0.719811320754717,0.647457627118644
"06007",2022,0.719811320754717,0.647457627118644
"06009",2022,0.719811320754717,0.647457627118644
"06011",2022,0.719811320754717,0.647457627118644
"06013",2022,0.595505617977528,0.527777777777778
"06015",2022,0.625,0.333333333333333
"06017",2022,0.757575757575758,0.8
"06019",2022,0.719811320754717,0.647457627118644
"06021",2022,0.719811320754717,0.647457627118644
"06023",2022,0.719811320754717,0.647457627118644
"06025",2022,0.661538461538462,0.227272727272727
"06027",2022,0.719811320754717,0.647457627118644
"06029",2022,0.719811320754717,0.647457627118644
"06031",2022,0.754756871035941,0.491379310344828
"06033",2022,0.741514360313316,0.444444444444444
"06035",2022,0.719811320754717,0.647457627118644
"06037",2022,0.719811320754717,0.647457627118644
"06039",2022,0.719811320754717,0.647457627118644
"06041",2022,0.719811320754717,0.647457627118644
"06043",2022,0.719811320754717,0.647457627118644
"06045",2022,0.719811320754717,0.647457627118644
"06047",2022,0.719811320754717,0.647457627118644
"06049",2022,0.719811320754717,0.647457627118644
"06051",2022,0.719811320754717,0.647457627118644
"06053",2022,0.719811320754717,0.647457627118644
"06055",2022,0.719811320754717,0.647457627118644
"06057",2022,0.719811320754717,0.647457627118644
"06059",2022,0.719811320754717,0.647457627118644
"06061",2022,0.719811320754717,0.647457627118644
"06063",2022,0.719811320754717,0.647457627118644
"06065",2022,0.719811320754717,0.647457627118644
"06067",2022,0.719811320754717,0.647457627118644
"06069",2022,0.719811320754717,0.647457627118644
"06071",2022,0.719811320754717,0.647457627118644
"06073",2022,0.719811320754717,0.647457627118644
"06075",2022,0.719811320754717,0.647457627118644
"06077",2022,0.719811320754717,0.647457627118644
"06079",2022,0.719811320754717,0.647457627118644
"06081",2022,0.719811320754717,0.647457627118644
"06083",2022,0.719811320754717,0.647457627118644
"06085",2022,0.719811320754717,0.647457627118644
"06087",2022,0.719811320754717,0.647457627118644
"06089",2022,0.719811320754717,0.647457627118644
"06091",2022,0.719811320754717,0.647457627118644
"06093",2022,0.719811320754717,0.647457627118644
"06095",2022,0.719811320754717,0.647457627118644
"06097",2022,0.719811320754717,0.647457627118644
"06099",2022,0.719811320754717,0.647457627118644
"06101",2022,0.719811320754717,0.647457627118644
"06103",2022,0.719811320754717,0.647457627118644
"06105",2022,0.719811320754717,0.647457627118644
"06107",2022,0.719811320754717,0.647457627118644
"06109",2022,0.719811320754717,0.647457627118644
"06111",2022,0.719811320754717,0.647457627118644
"06113",2022,0.719811320754717,0.647457627118644
"06115",2022,0.719811320754717,0.647457627118644
"06001",2020,0.737444933920705,0.547297297297297
"06003",2020,0.693251533742331,0.515151515151515
"06005",2020,0.737444933920705,0.547297297297297
"06007",2020,0.737444933920705,0.547297297297297
"06009",2020,0.737444933920705,0.547297297297297
"06011",2020,0.737444933920705,0.547297297297297
"06013",2020,0.590361445783133,0.558823529411765
"06015",2020,0.758620689655172,0.571428571428571
"06017",2020,0.709302325581395,0.583333333333333
"06019",2020,0.737444933920705,0.547297297297297
"06021",2020,0.737444933920705,0.547297297297297
"06023",2020,0.737444933920705,0.547297297297297
"06025",2020,0.753846153846154,0.357142857142857
"06027",2020,0.737444933920705,0.547297297297297
"06029",2020,0.737444933920705,0.547297297297297
"06031",2020,0.784552845528455,0.452830188679245
"06033",2020,0.819306930693069,0.328767123287671
"06035",2020,0.737444933920705,0.547297297297297
"06037",2020,0.737444933920705,0.547297297297297
"06039",2020,0.737444933920705,0.547297297297297
"06041",2020,0.737444933920705,0.547297297297297
"06043",2020,0.737444933920705,0.547297297297297
"06045",2020,0.737444933920705,0.547297297297297
"06047",2020,0.737444933920705,0.547297297297297
"06049",2020,0.737444933920705,0.547297297297297
"06051",2020,0.737444933920705,0.547297297297297
"06053",2020,0.737444933920705,0.547297297297297
"06055",2020,0.737444933920705,0.547297297297297
"06057",2020,0.737444933920705,0.547297297297297
"06059",2020,0.737444933920705,0.547297297297297
"06061",2020,0.737444933920705,0.547297297297297
"06063",2020,0.737444933920705,0.547297297297297
"06065",2020,0.737444933920705,0.547297297297297
"06067",2020,0.737444933920705,0.547297297297297
"06069",2020,0.737444933920705,0.547297297297297
"06071",2020,0.737444933920705,0.547297297297297
"06073",2020,0.737444933920705,0.547297297297297
"06075",2020,0.737444933920705,0.547297297297297
"06077",2020,0.737444933920705,0.547297297297297
"06079",2020,0.737444933920705,0.547297297297297
"06081",2020,0.737444933920705,0.547297297297297
"06083",2020,0.737444933920705,0.547297297297297
"06085",2020,0.737444933920705,0.547297297297297
"06087",2020,0.737444933920705,0.547297297297297
"06089",2020,0.737444933920705,0.547297297297297
"06091",2020,0.737444933920705,0.547297297297297
"06093",2020,0.737444933920705,0.547297297297297
"06095",2020,0.737444933920705,0.547297297297297
"06097",2020,0.737444933920705,0.547297297297297
"06099",2020,0.737444933920705,0.547297297297297
"06101",2020,0.737444933920705,0.547297297297297
"06103",2020,0.737444933920705,0.547297297297297
"06105",2020,0.737444933920705,0.547297297297297
"06107",2020,0.737444933920705,0.547297297297297
"06109",2020,0.737444933920705,0.547297297297297
"06111",2020,0.737444933920705,0.547297297297297
"06113",2020,0.737444933920705,0.547297297297297
"06115",2020,0.737444933920705,0.547297297297297
"06001",2020,0.737444933920705,0.547297297297297
"06003",2020,0.693251533742331,0.515151515151515
"06005",2020,0.737444933920705,0.547297297297297
"06007",2020,0.737444933920705,0.547297297297297
"06009",2020,0.737444933920705,0.547297297297297
"06011",2020,0.737444933920705,0.547297297297297
"06013",2020,0.590361445783133,0.558823529411765
"06015",2020,0.758620689655172,0.571428571428571
"06017",2020,0.709302325581395,0.583333333333333
"06019",2020,0.737444933920705,0.547297297297297
"06021",2020,0.737444933920705,0.547297297297297
"06023",2020,0.737444933920705,0.547297297297297
"06025",2020,0.753846153846154,0.357142857142857
"06027",2020,0.737444933920705,0.547297297297297
"06029",2020,0.737444933920705,0.547297297297297
"06031",2020,0.784552845528455,0.452830188679245
"06033",2020,0.819306930693069,0.328767123287671
"06035",2020,0.737444933920705,0.547297297297297
"06037",2020,0.737444933920705,0.547297297297297
"06039",2020,0.737444933920705,0.547297297297297
"06041",2020,0.737444933920705,0.547297297297297
"06043",2020,0.737444933920705,0.547297297297297
"06045",2020,0.737444933920705,0.547297297297297
"06047",2020,0.737444933920705,0.547297297297297
"06049",2020,0.737444933920705,0.547297297297297
"06051",2020,0.737444933920705,0.547297297297297
"06053",2020,0.737444933920705,0.547297297297297
"06055",2020,0.737444933920705,0.547297297297297
"06057",2020,0.737444933920705,0.547297297297297
"06059",2020,0.737444933920705,0.547297297297297
"06061",2020,0.737444933920705,0.547297297297297
"06063",2020,0.737444933920705,0.547297297297297
"06065",2020,0.737444933920705,0.547297297297297
"06067",2020,0.737444933920705,0.547297297297297
"06069",2020,0.737444933920705,0.547297297297297
"06071",2020,0.737444933920705,0.547297297297297
"06073",2020,0.737444933920705,0.547297297297297
"06075",2020,0.737444933920705,0.547297297297297
"06077",2020,0.737444933920705,0.547297297297297
"06079",2020,0.737444933920705,0.547297297297297
"06081",2020,0.737444933920705,0.547297297297297
"06083",2020,0.737444933920705,0.547297297297297
"06085",2020,0.737444933920705,0.547297297297297
"06087",2020,0.737444933920705,0.547297297297297
"06089",2020,0.737444933920705,0.547297297297297
"06091",2020,0.737444933920705,0.547297297297297
"06093",2020,0.737444933920705,0.547297297297297
"06095",2020,0.737444933920705,0.547297297297297
"06097",2020,0.737444933920705,0.547297297297297
"06099",2020,0.737444933920705,0.547297297297297
"06101",2020,0.737444933920705,0.547297297297297
"06103",2020,0.737444933920705,0.547297297297297
"06105",2020,0.737444933920705,0.547297297297297
"06107",2020,0.737444933920705,0.547297297297297
"06109",2020,0.737444933920705,0.547297297297297
"06111",2020,0.737444933920705,0.547297297297297
"06113",2020,0.737444933920705,0.547297297297297
"06115",2020,0.737444933920705,0.547297297297297
"06001",2018,0.615531508593253,0.541528239202658
"06003",2018,0.590425531914894,0.542483660130719
"06005",2018,0.615531508593253,0.541528239202658
"06007",2018,0.615531508593253,0.541528239202658
"06009",2018,0.615531508593253,0.541528239202658
"06011",2018,0.615531508593253,0.541528239202658
"06013",2018,0.518518518518518,0.673076923076923
"06015",2018,0.647058823529412,0.416666666666667
"06017",2018,0.559055118110236,0.509090909090909
"06019",2018,0.615531508593253,0.541528239202658
"06021",2018,0.615531508593253,0.541528239202658
"06023",2018,0.615531508593253,0.541528239202658
"06025",2018,0.704347826086957,0.5
"06027",2018,0.604166666666667,0.789473684210526
"06029",2018,0.615531508593253,0.541528239202658
"06031",2018,0.67688679245283,0.525547445255474
"06033",2018,0.669941060903733,0.505952380952381
"06035",2018,0.615531508593253,0.541528239202658
"06037",2018,0.615531508593253,0.541528239202658
"06039",2018,0.615531508593253,0.541528239202658
"06041",2018,0.615531508593253,0.541528239202658
"06043",2018,0.615531508593253,0.541528239202658
"06045",2018,0.615531508593253,0.541528239202658
"06047",2018,0.615531508593253,0.541528239202658
"06049",2018,0.615531508593253,0.541528239202658
"06051",2018,0.615531508593253,0.541528239202658
"06053",2018,0.615531508593253,0.541528239202658
"06055",2018,0.615531508593253,0.541528239202658
"06057",2018,0.615531508593253,0.541528239202658
"06059",2018,0.615531508593253,0.541528239202658
"06061",2018,0.615531508593253,0.541528239202658
"06063",2018,0.615531508593253,0.541528239202658
"06065",2018,0.615531508593253,0.541528239202658
"06067",2018,0.615531508593253,0.541528239202658
"06069",2018,0.615531508593253,0.541528239202658
"06071",2018,0.615531508593253,0.541528239202658
"06073",2018,0.615531508593253,0.541528239202658
"06075",2018,0.615531508593253,0.541528239202658
"06077",2018,0.615531508593253,0.541528239202658
"06079",2018,0.615531508593253,0.541528239202658
"06081",2018,0.615531508593253,0.541528239202658
"06083",2018,0.615531508593253,0.541528239202658
"06085",2018,0.615531508593253,0.541528239202658
"06087",2018,0.615531508593253,0.541528239202658
"06089",2018,0.615531508593253,0.541528239202658
"06091",2018,0.615531508593253,0.541528239202658
"06093",2018,0.615531508593253,0.541528239202658
"06095",2018,0.615531508593253,0.541528239202658
"06097",2018,0.615531508593253,0.541528239202658
"06099",2018,0.615531508593253,0.541528239202658
"06101",2018,0.615531508593253,0.541528239202658
"06103",2018,0.615531508593253,0.541528239202658
"06105",2018,0.615531508593253,0.541528239202658
"06107",2018,0.615531508593253,0.541528239202658
"06109",2018,0.615531508593253,0.541528239202658
"06111",2018,0.615531508593253,0.541528239202658
"06113",2018,0.615531508593253,0.541528239202658
"06115",2018,0.615531508593253,0.541528239202658
"08001",2022,0.719811320754717,0.647457627118644
"08003",2022,0.693037974683544,0.484536082474227
"08005",2022,0.719811320754717,0.647457627118644
"08007",2022,0.719811320754717,0.647457627118644
"08009",2022,0.719811320754717,0.647457627118644
"08011",2022,0.719811320754717,0.647457627118644
"08013",2022,0.595505617977528,0.527777777777778
"08014",2022,0.719811320754717,0.647457627118644
"08015",2022,0.625,0.333333333333333
"08017",2022,0.757575757575758,0.8
"08019",2022,0.719811320754717,0.647457627118644
"08021",2022,0.719811320754717,0.647457627118644
"08023",2022,0.719811320754717,0.647457627118644
"08025",2022,0.661538461538462,0.227272727272727
"08027",2022,0.719811320754717,0.647457627118644
"08029",2022,0.719811320754717,0.647457627118644
"08031",2022,0.754756871035941,0.491379310344828
"08033",2022,0.741514360313316,0.444444444444444
"08035",2022,0.719811320754717,0.647457627118644
"08037",2022,0.719811320754717,0.647457627118644
"08039",2022,0.719811320754717,0.647457627118644
"08041",2022,0.719811320754717,0.647457627118644
"08043",2022,0.719811320754717,0.647457627118644
"08045",2022,0.719811320754717,0.647457627118644
"08047",2022,0.719811320754717,0.647457627118644
"08049",2022,0.719811320754717,0.647457627118644
"08051",2022,0.719811320754717,0.647457627118644
"08053",2022,0.719811320754717,0.647457627118644
"08055",2022,0.719811320754717,0.647457627118644
"08057",2022,0.719811320754717,0.647457627118644
"08059",2022,0.719811320754717,0.647457627118644
"08061",2022,0.719811320754717,0.647457627118644
"08063",2022,0.719811320754717,0.647457627118644
"08065",2022,0.719811320754717,0.647457627118644
"08067",2022,0.719811320754717,0.647457627118644
"08069",2022,0.719811320754717,0.647457627118644
"08071",2022,0.719811320754717,0.647457627118644
"08073",2022,0.719811320754717,0.647457627118644
"08075",2022,0.719811320754717,0.647457627118644
"08077",2022,0.719811320754717,0.647457627118644
"08079",2022,0.719811320754717,0.647457627118644
"08081",2022,0.719811320754717,0.647457627118644
"08083",2022,0.719811320754717,0.647457627118644
"08085",2022,0.719811320754717,0.647457627118644
"08087",2022,0.719811320754717,0.647457627118644
"08089",2022,0.719811320754717,0.647457627118644
"08091",2022,0.719811320754717,0.647457627118644
"08093",2022,0.719811320754717,0.647457627118644
"08095",2022,0.719811320754717,0.647457627118644
"08097",2022,0.719811320754717,0.647457627118644
"08099",2022,0.719811320754717,0.647457627118644
"08101",2022,0.719811320754717,0.647457627118644
"08103",2022,0.719811320754717,0.647457627118644
"08105",2022,0.719811320754717,0.647457627118644
"08107",2022,0.719811320754717,0.647457627118644
"08109",2022,0.719811320754717,0.647457627118644
"08111",2022,0.719811320754717,0.647457627118644
"08113",2022,0.719811320754717,0.647457627118644
"08115",2022,0.719811320754717,0.647457627118644
"08117",2022,0.719811320754717,0.647457627118644
"08119",2022,0.719811320754717,0.647457627118644
"08121",2022,0.719811320754717,0.647457627118644
"08123",2022,0.719811320754717,0.647457627118644
"08125",2022,0.719811320754717,0.647457627118644
"08001",2022,0.719811320754717,0.647457627118644
"08003",2022,0.693037974683544,0.484536082474227
"08005",2022,0.719811320754717,0.647457627118644
"08007",2022,0.719811320754717,0.647457627118644
"08009",2022,0.719811320754717,0.647457627118644
"08011",2022,0.719811320754717,0.647457627118644
"08013",2022,0.595505617977528,0.527777777777778
"08014",2022,0.719811320754717,0.647457627118644
"08015",2022,0.625,0.333333333333333
"08017",2022,0.757575757575758,0.8
"08019",2022,0.719811320754717,0.647457627118644
"08021",2022,0.719811320754717,0.647457627118644
"08023",2022,0.719811320754717,0.647457627118644
"08025",2022,0.661538461538462,0.227272727272727
"08027",2022,0.719811320754717,0.647457627118644
"08029",2022,0.719811320754717,0.647457627118644
"08031",2022,0.754756871035941,0.491379310344828
"08033",2022,0.741514360313316,0.444444444444444
"08035",2022,0.719811320754717,0.647457627118644
"08037",2022,0.719811320754717,0.647457627118644
"08039",2022,0.719811320754717,0.647457627118644
"08041",2022,0.719811320754717,0.647457627118644
"08043",2022,0.719811320754717,0.647457627118644
"08045",2022,0.719811320754717,0.647457627118644
"08047",2022,0.719811320754717,0.647457627118644
"08049",2022,0.719811320754717,0.647457627118644
"08051",2022,0.719811320754717,0.647457627118644
"08053",2022,0.719811320754717,0.647457627118644
"08055",2022,0.719811320754717,0.647457627118644
"08057",2022,0.719811320754717,0.647457627118644
"08059",2022,0.719811320754717,0.647457627118644
"08061",2022,0.719811320754717,0.647457627118644
"08063",2022,0.719811320754717,0.647457627118644
"08065",2022,0.719811320754717,0.647457627118644
"08067",2022,0.719811320754717,0.647457627118644
"08069",2022,0.719811320754717,0.647457627118644
"08071",2022,0.719811320754717,0.647457627118644
"08073",2022,0.719811320754717,0.647457627118644
"08075",2022,0.719811320754717,0.647457627118644
"08077",2022,0.719811320754717,0.647457627118644
"08079",2022,0.719811320754717,0.647457627118644
"08081",2022,0.719811320754717,0.647457627118644
"08083",2022,0.719811320754717,0.647457627118644
"08085",2022,0.719811320754717,0.647457627118644
"08087",2022,0.719811320754717,0.647457627118644
"08089",2022,0.719811320754717,0.647457627118644
"08091",2022,0.719811320754717,0.647457627118644
"08093",2022,0.719811320754717,0.647457627118644
"08095",2022,0.719811320754717,0.647457627118644
"08097",2022,0.719811320754717,0.647457627118644
"08099",2022,0.719811320754717,0.647457627118644
"08101",2022,0.719811320754717,0.647457627118644
"08103",2022,0.719811320754717,0.647457627118644
"08105",2022,0.719811320754717,0.647457627118644
"08107",2022,0.719811320754717,0.647457627118644
"08109",2022,0.719811320754717,0.647457627118644
"08111",2022,0.719811320754717,0.647457627118644
"08113",2022,0.719811320754717,0.647457627118644
"08115",2022,0.719811320754717,0.647457627118644
"08117",2022,0.719811320754717,0.647457627118644
"08119",2022,0.719811320754717,0.647457627118644
"08121",2022,0.719811320754717,0.647457627118644
"08123",2022,0.719811320754717,0.647457627118644
"08125",2022,0.719811320754717,0.647457627118644
"08001",2020,0.737444933920705,0.547297297297297
"08003",2020,0.693251533742331,0.515151515151515
"08005",2020,0.737444933920705,0.547297297297297
"08007",2020,0.737444933920705,0.547297297297297
"08009",2020,0.737444933920705,0.547297297297297
"08011",2020,0.737444933920705,0.547297297297297
"08013",2020,0.590361445783133,0.558823529411765
"08014",2020,0.737444933920705,0.547297297297297
"08015",2020,0.758620689655172,0.571428571428571
"08017",2020,0.709302325581395,0.583333333333333
"08019",2020,0.737444933920705,0.547297297297297
"08021",2020,0.737444933920705,0.547297297297297
"08023",2020,0.737444933920705,0.547297297297297
"08025",2020,0.753846153846154,0.357142857142857
"08027",2020,0.737444933920705,0.547297297297297
"08029",2020,0.737444933920705,0.547297297297297
"08031",2020,0.784552845528455,0.452830188679245
"08033",2020,0.819306930693069,0.328767123287671
"08035",2020,0.737444933920705,0.547297297297297
"08037",2020,0.737444933920705,0.547297297297297
"08039",2020,0.737444933920705,0.547297297297297
"08041",2020,0.737444933920705,0.547297297297297
"08043",2020,0.737444933920705,0.547297297297297
"08045",2020,0.737444933920705,0.547297297297297
"08047",2020,0.737444933920705,0.547297297297297
"08049",2020,0.737444933920705,0.547297297297297
"08051",2020,0.737444933920705,0.547297297297297
"08053",2020,0.737444933920705,0.547297297297297
"08055",2020,0.737444933920705,0.547297297297297
"08057",2020,0.737444933920705,0.547297297297297
"08059",2020,0.737444933920705,0.547297297297297
"08061",2020,0.737444933920705,0.547297297297297
"08063",2020,0.737444933920705,0.547297297297297
"08065",2020,0.737444933920705,0.547297297297297
"08067",2020,0.737444933920705,0.547297297297297
"08069",2020,0.737444933920705,0.547297297297297
"08071",2020,0.737444933920705,0.547297297297297
"08073",2020,0.737444933920705,0.547297297297297
"08075",2020,0.737444933920705,0.547297297297297
"08077",2020,0.737444933920705,0.547297297297297
"08079",2020,0.737444933920705,0.547297297297297
"08081",2020,0.737444933920705,0.547297297297297
"08083",2020,0.737444933920705,0.547297297297297
"08085",2020,0.737444933920705,0.547297297297297
"08087",2020,0.737444933920705,0.547297297297297
"08089",2020,0.737444933920705,0.547297297297297
"08091",2020,0.737444933920705,0.547297297297297
"08093",2020,0.737444933920705,0.547297297297297
"08095",2020,0.737444933920705,0.547297297297297
"08097",2020,0.737444933920705,0.547297297297297
"08099",2020,0.737444933920705,0.547297297297297
"08101",2020,0.737444933920705,0.547297297297297
"08103",2020,0.737444933920705,0.547297297297297
"08105",2020,0.737444933920705,0.547297297297297
"08107",2020,0.737444933920705,0.547297297297297
"08109",2020,0.737444933920705,0.547297297297297
"08111",2020,0.737444933920705,0.547297297297297
"08113",2020,0.737444933920705,0.547297297297297
"08115",2020,0.737444933920705,0.547297297297297
"08117",2020,0.737444933920705,0.547297297297297
"08119",2020,0.737444933920705,0.547297297297297
"08121",2020,0.737444933920705,0.547297297297297
"08123",2020,0.737444933920705,0.547297297297297
"08125",2020,0.737444933920705,0.547297297297297
"08001",2020,0.737444933920705,0.547297297297297
"08003",2020,0.693251533742331,0.515151515151515
"08005",2020,0.737444933920705,0.547297297297297
"08007",2020,0.737444933920705,0.547297297297297
"08009",2020,0.737444933920705,0.547297297297297
"08011",2020,0.737444933920705,0.547297297297297
"08013",2020,0.590361445783133,0.558823529411765
"08014",2020,0.737444933920705,0.547297297297297
"08015",2020,0.758620689655172,0.571428571428571
"08017",2020,0.709302325581395,0.583333333333333
"08019",2020,0.737444933920705,0.547297297297297
"08021",2020,0.737444933920705,0.547297297297297
"08023",2020,0.737444933920705,0.547297297297297
"08025",2020,0.753846153846154,0.357142857142857
"08027",2020,0.737444933920705,0.547297297297297
"08029",2020,0.737444933920705,0.547297297297297
"08031",2020,0.784552845528455,0.452830188679245
"08033",2020,0.819306930693069,0.328767123287671
"08035",2020,0.737444933920705,0.547297297297297
"08037",2020,0.737444933920705,0.547297297297297
"08039",2020,0.737444933920705,0.547297297297297
"08041",2020,0.737444933920705,0.547297297297297
"08043",2020,0.737444933920705,0.547297297297297
"08045",2020,0.737444933920705,0.547297297297297
"08047",2020,0.737444933920705,0.547297297297297
"08049",2020,0.737444933920705,0.547297297297297
"08051",2020,0.737444933920705,0.547297297297297
"08053",2020,0.737444933920705,0.547297297297297
"08055",2020,0.737444933920705,0.547297297297297
"08057",2020,0.737444933920705,0.547297297297297
"08059",2020,0.737444933920705,0.547297297297297
"08061",2020,0.737444933920705,0.547297297297297
"08063",2020,0.737444933920705,0.547297297297297
"08065",2020,0.737444933920705,0.547297297297297
"08067",2020,0.737444933920705,0.547297297297297
"08069",2020,0.737444933920705,0.547297297297297
"08071",2020,0.737444933920705,0.547297297297297
"08073",2020,0.737444933920705,0.547297297297297
"08075",2020,0.737444933920705,0.547297297297297
"08077",2020,0.737444933920705,0.547297297297297
"08079",2020,0.737444933920705,0.547297297297297
"08081",2020,0.737444933920705,0.547297297297297
"08083",2020,0.737444933920705,0.547297297297297
"08085",2020,0.737444933920705,0.547297297297297
"08087",2020,0.737444933920705,0.547297297297297
"08089",2020,0.737444933920705,0.547297297297297
"08091",2020,0.737444933920705,0.547297297297297
"08093",2020,0.737444933920705,0.547297297297297
"08095",2020,0.737444933920705,0.547297297297297
"08097",2020,0.737444933920705,0.547297297297297
"08099",2020,0.737444933920705,0.547297297297297
"08101",2020,0.737444933920705,0.547297297297297
"08103",2020,0.737444933920705,0.547297297297297
"08105",2020,0.737444933920705,0.547297297297297
"08107",2020,0.737444933920705,0.547297297297297
"08109",2020,0.737444933920705,0.547297297297297
"08111",2020,0.737444933920705,0.547297297297297
"08113",2020,0.737444933920705,0.547297297297297
"08115",2020,0.737444933920705,0.547297297297297
"08117",2020,0.737444933920705,0.547297297297297
"08119",2020,0.737444933920705,0.547297297297297
"08121",2020,0.737444933920705,0.547297297297297
"08123",2020,0.737444933920705,0.547297297297297
"08125",2020,0.737444933920705,0.547297297297297
"08001",2018,0.615531508593253,0.541528239202658
"08003",2018,0.590425531914894,0.542483660130719
"08005",2018,0.615531508593253,0.541528239202658
"08007",2018,0.615531508593253,0.541528239202658
"08009",2018,0.615531508593253,0.541528239202658
"08011",2018,0.615531508593253,0.541528239202658
"08013",2018,0.518518518518518,0.673076923076923
"08014",2018,0.615531508593253,0.541528239202658
"08015",2018,0.647058823529412,0.416666666666667
"08017",2018,0.559055118110236,0.509090909090909
"08019",2018,0.615531508593253,0.541528239202658
"08021",2018,0.615531508593253,0.541528239202658
"08023",2018,0.615531508593253,0.541528239202658
"08025",2018,0.704347826086957,0.5
"08027",2018,0.604166666666667,0.789473684210526
"08029",2018,0.615531508593253,0.541528239202658
"08031",2018,0.67688679245283,0.525547445255474
"08033",2018,0.669941060903733,0.505952380952381
"08035",2018,0.615531508593253,0.541528239202658
"08037",2018,0.615531508593253,0.541528239202658
"08039",2018,0.615531508593253,0.541528239202658
"08041",2018,0.615531508593253,0.541528239202658
"08043",2018,0.615531508593253,0.541528239202658
"08045",2018,0.615531508593253,0.541528239202658
"08047",2018,0.615531508593253,0.541528239202658
"08049",2018,0.615531508593253,0.541528239202658
"08051",2018,0.615531508593253,0.541528239202658
"08053",2018,0.615531508593253,0.541528239202658
"08055",2018,0.615531508593253,0.541528239202658
"08057",2018,0.615531508593253,0.541528239202658
"08059",2018,0.615531508593253,0.541528239202658
"08061",2018,0.615531508593253,0.541528239202658
"08063",2018,0.615531508593253,0.541528239202658
"08065",2018,0.615531508593253,0.541528239202658
"08067",2018,0.615531508593253,0.541528239202658
"08069",2018,0.615531508593253,0.541528239202658
"08071",2018,0.615531508593253,0.541528239202658
"08073",2018,0.615531508593253,0.541528239202658
"08075",2018,0.615531508593253,0.541528239202658
"08077",2018,0.615531508593253,0.541528239202658
"08079",2018,0.615531508593253,0.541528239202658
"08081",2018,0.615531508593253,0.541528239202658
"08083",2018,0.615531508593253,0.541528239202658
"08085",2018,0.615531508593253,0.541528239202658
"08087",2018,0.615531508593253,0.541528239202658
"08089",2018,0.615531508593253,0.541528239202658
"08091",2018,0.615531508593253,0.541528239202658
"08093",2018,0.615531508593253,0.541528239202658
"08095",2018,0.615531508593253,0.541528239202658
"08097",2018,0.615531508593253,0.541528239202658
"08099",2018,0.615531508593253,0.541528239202658
"08101",2018,0.615531508593253,0.541528239202658
"08103",2018,0.615531508593253,0.541528239202658
"08105",2018,0.615531508593253,0.541528239202658
"08107",2018,0.615531508593253,0.541528239202658
"08109",2018,0.615531508593253,0.541528239202658
"08111",2018,0.615531508593253,0.541528239202658
"08113",2018,0.615531508593253,0.541528239202658
"08115",2018,0.615531508593253,0.541528239202658
"08117",2018,0.615531508593253,0.541528239202658
"08119",2018,0.615531508593253,0.541528239202658
"08121",2018,0.615531508593253,0.541528239202658
"08123",2018,0.615531508593253,0.541528239202658
"08125",2018,0.615531508593253,0.541528239202658
"09001",2022,0.719811320754717,0.647457627118644
"09003",2022,0.693037974683544,0.484536082474227
"09005",2022,0.719811320754717,0.647457627118644
"09007",2022,0.719811320754717,0.647457627118644
"09009",2022,0.719811320754717,0.647457627118644
"09011",2022,0.719811320754717,0.647457627118644
"09013",2022,0.595505617977528,0.527777777777778
"09015",2022,0.625,0.333333333333333
"09110",2022,0.719811320754717,0.647457627118644
"09120",2022,0.719811320754717,0.647457627118644
"09130",2022,0.719811320754717,0.647457627118644
"09140",2022,0.719811320754717,0.647457627118644
"09150",2022,0.719811320754717,0.647457627118644
"09160",2022,0.719811320754717,0.647457627118644
"09170",2022,0.719811320754717,0.647457627118644
"09180",2022,0.719811320754717,0.647457627118644
"09190",2022,0.719811320754717,0.647457627118644
"09001",2022,0.719811320754717,0.647457627118644
"09003",2022,0.693037974683544,0.484536082474227
"09005",2022,0.719811320754717,0.647457627118644
"09007",2022,0.719811320754717,0.647457627118644
"09009",2022,0.719811320754717,0.647457627118644
"09011",2022,0.719811320754717,0.647457627118644
"09013",2022,0.595505617977528,0.527777777777778
"09015",2022,0.625,0.333333333333333
"09110",2022,0.719811320754717,0.647457627118644
"09120",2022,0.719811320754717,0.647457627118644
"09130",2022,0.719811320754717,0.647457627118644
"09140",2022,0.719811320754717,0.647457627118644
"09150",2022,0.719811320754717,0.647457627118644
"09160",2022,0.719811320754717,0.647457627118644
"09170",2022,0.719811320754717,0.647457627118644
"09180",2022,0.719811320754717,0.647457627118644
"09190",2022,0.719811320754717,0.647457627118644
"09001",2020,0.737444933920705,0.547297297297297
"09003",2020,0.693251533742331,0.515151515151515
"09005",2020,0.737444933920705,0.547297297297297
"09007",2020,0.737444933920705,0.547297297297297
"09009",2020,0.737444933920705,0.547297297297297
"09011",2020,0.737444933920705,0.547297297297297
"09013",2020,0.590361445783133,0.558823529411765
"09015",2020,0.758620689655172,0.571428571428571
"09110",2020,0.737444933920705,0.547297297297297
"09120",2020,0.737444933920705,0.547297297297297
"09130",2020,0.737444933920705,0.547297297297297
"09140",2020,0.737444933920705,0.547297297297297
"09150",2020,0.737444933920705,0.547297297297297
"09160",2020,0.737444933920705,0.547297297297297
"09170",2020,0.737444933920705,0.547297297297297
"09180",2020,0.737444933920705,0.547297297297297
"09190",2020,0.737444933920705,0.547297297297297
"09001",2020,0.737444933920705,0.547297297297297
"09003",2020,0.693251533742331,0.515151515151515
"09005",2020,0.737444933920705,0.547297297297297
"09007",2020,0.737444933920705,0.547297297297297
"09009",2020,0.737444933920705,0.547297297297297
"09011",2020,0.737444933920705,0.547297297297297
"09013",2020,0.590361445783133,0.558823529411765
"09015",2020,0.758620689655172,0.571428571428571
"09110",2020,0.737444933920705,0.547297297297297
"09120",2020,0.737444933920705,0.547297297297297
"09130",2020,0.737444933920705,0.547297297297297
"09140",2020,0.737444933920705,0.547297297297297
"09150",2020,0.737444933920705,0.547297297297297
"09160",2020,0.737444933920705,0.547297297297297
"09170",2020,0.737444933920705,0.547297297297297
"09180",2020,0.737444933920705,0.547297297297297
"09190",2020,0.737444933920705,0.547297297297297
"09001",2018,0.615531508593253,0.541528239202658
"09003",2018,0.590425531914894,0.542483660130719
"09005",2018,0.615531508593253,0.541528239202658
"09007",2018,0.615531508593253,0.541528239202658
"09009",2018,0.615531508593253,0.541528239202658
"09011",2018,0.615531508593253,0.541528239202658
"09013",2018,0.518518518518518,0.673076923076923
"09015",2018,0.647058823529412,0.416666666666667
"09110",2018,0.615531508593253,0.541528239202658
"09120",2018,0.615531508593253,0.541528239202658
"09130",2018,0.615531508593253,0.541528239202658
"09140",2018,0.615531508593253,0.541528239202658
"09150",2018,0.615531508593253,0.541528239202658
"09160",2018,0.615531508593253,0.541528239202658
"09170",2018,0.615531508593253,0.541528239202658
"09180",2018,0.615531508593253,0.541528239202658
"09190",2018,0.615531508593253,0.541528239202658
"10001",2022,0.719811320754717,0.647457627118644
"10003",2022,0.693037974683544,0.484536082474227
"10005",2022,0.719811320754717,0.647457627118644
"10001",2022,0.719811320754717,0.647457627118644
"10003",2022,0.693037974683544,0.484536082474227
"10005",2022,0.719811320754717,0.647457627118644
"10001",2020,0.737444933920705,0.547297297297297
"10003",2020,0.693251533742331,0.515151515151515
"10005",2020,0.737444933920705,0.547297297297297
"10001",2020,0.737444933920705,0.547297297297297
"10003",2020,0.693251533742331,0.515151515151515
"10005",2020,0.737444933920705,0.547297297297297
"10001",2018,0.615531508593253,0.541528239202658
"10003",2018,0.590425531914894,0.542483660130719
"10005",2018,0.615531508593253,0.541528239202658
"11001",2022,0.719811320754717,0.647457627118644
"11001",2022,0.719811320754717,0.647457627118644
"11001",2020,0.737444933920705,0.547297297297297
"11001",2020,0.737444933920705,0.547297297297297
"11001",2018,0.615531508593253,0.541528239202658
"12001",2022,0.719811320754717,0.647457627118644
"12003",2022,0.693037974683544,0.484536082474227
"12005",2022,0.719811320754717,0.647457627118644
"12007",2022,0.719811320754717,0.647457627118644
"12009",2022,0.719811320754717,0.647457627118644
"12011",2022,0.719811320754717,0.647457627118644
"12013",2022,0.595505617977528,0.527777777777778
"12015",2022,0.625,0.333333333333333
"12017",2022,0.757575757575758,0.8
"12019",2022,0.719811320754717,0.647457627118644
"12021",2022,0.719811320754717,0.647457627118644
"12023",2022,0.719811320754717,0.647457627118644
"12025",2022,0.661538461538462,0.227272727272727
"12027",2022,0.719811320754717,0.647457627118644
"12029",2022,0.719811320754717,0.647457627118644
"12031",2022,0.754756871035941,0.491379310344828
"12033",2022,0.741514360313316,0.444444444444444
"12035",2022,0.719811320754717,0.647457627118644
"12037",2022,0.719811320754717,0.647457627118644
"12039",2022,0.719811320754717,0.647457627118644
"12041",2022,0.719811320754717,0.647457627118644
"12043",2022,0.719811320754717,0.647457627118644
"12045",2022,0.719811320754717,0.647457627118644
"12047",2022,0.719811320754717,0.647457627118644
"12049",2022,0.719811320754717,0.647457627118644
"12051",2022,0.719811320754717,0.647457627118644
"12053",2022,0.719811320754717,0.647457627118644
"12055",2022,0.719811320754717,0.647457627118644
"12057",2022,0.719811320754717,0.647457627118644
"12059",2022,0.719811320754717,0.647457627118644
"12061",2022,0.719811320754717,0.647457627118644
"12063",2022,0.719811320754717,0.647457627118644
"12065",2022,0.719811320754717,0.647457627118644
"12067",2022,0.719811320754717,0.647457627118644
"12069",2022,0.719811320754717,0.647457627118644
"12071",2022,0.719811320754717,0.647457627118644
"12073",2022,0.719811320754717,0.647457627118644
"12075",2022,0.719811320754717,0.647457627118644
"12077",2022,0.719811320754717,0.647457627118644
"12079",2022,0.719811320754717,0.647457627118644
"12081",2022,0.719811320754717,0.647457627118644
"12083",2022,0.719811320754717,0.647457627118644
"12085",2022,0.719811320754717,0.647457627118644
"12086",2022,0.719811320754717,0.647457627118644
"12087",2022,0.719811320754717,0.647457627118644
"12089",2022,0.719811320754717,0.647457627118644
"12091",2022,0.719811320754717,0.647457627118644
"12093",2022,0.719811320754717,0.647457627118644
"12095",2022,0.719811320754717,0.647457627118644
"12097",2022,0.719811320754717,0.647457627118644
"12099",2022,0.719811320754717,0.647457627118644
"12101",2022,0.719811320754717,0.647457627118644
"12103",2022,0.719811320754717,0.647457627118644
"12105",2022,0.719811320754717,0.647457627118644
"12107",2022,0.719811320754717,0.647457627118644
"12109",2022,0.719811320754717,0.647457627118644
"12111",2022,0.719811320754717,0.647457627118644
"12113",2022,0.719811320754717,0.647457627118644
"12115",2022,0.719811320754717,0.647457627118644
"12117",2022,0.719811320754717,0.647457627118644
"12119",2022,0.719811320754717,0.647457627118644
"12121",2022,0.719811320754717,0.647457627118644
"12123",2022,0.719811320754717,0.647457627118644
"12125",2022,0.719811320754717,0.647457627118644
"12127",2022,0.719811320754717,0.647457627118644
"12129",2022,0.719811320754717,0.647457627118644
"12131",2022,0.719811320754717,0.647457627118644
"12133",2022,0.719811320754717,0.647457627118644
"12001",2022,0.719811320754717,0.647457627118644
"12003",2022,0.693037974683544,0.484536082474227
"12005",2022,0.719811320754717,0.647457627118644
"12007",2022,0.719811320754717,0.647457627118644
"12009",2022,0.719811320754717,0.647457627118644
"12011",2022,0.719811320754717,0.647457627118644
"12013",2022,0.595505617977528,0.527777777777778
"12015",2022,0.625,0.333333333333333
"12017",2022,0.757575757575758,0.8
"12019",2022,0.719811320754717,0.647457627118644
"12021",2022,0.719811320754717,0.647457627118644
"12023",2022,0.719811320754717,0.647457627118644
"12025",2022,0.661538461538462,0.227272727272727
"12027",2022,0.719811320754717,0.647457627118644
"12029",2022,0.719811320754717,0.647457627118644
"12031",2022,0.754756871035941,0.491379310344828
"12033",2022,0.741514360313316,0.444444444444444
"12035",2022,0.719811320754717,0.647457627118644
"12037",2022,0.719811320754717,0.647457627118644
"12039",2022,0.719811320754717,0.647457627118644
"12041",2022,0.719811320754717,0.647457627118644
"12043",2022,0.719811320754717,0.647457627118644
"12045",2022,0.719811320754717,0.647457627118644
"12047",2022,0.719811320754717,0.647457627118644
"12049",2022,0.719811320754717,0.647457627118644
"12051",2022,0.719811320754717,0.647457627118644
"12053",2022,0.719811320754717,0.647457627118644
"12055",2022,0.719811320754717,0.647457627118644
"12057",2022,0.719811320754717,0.647457627118644
"12059",2022,0.719811320754717,0.647457627118644
"12061",2022,0.719811320754717,0.647457627118644
"12063",2022,0.719811320754717,0.647457627118644
"12065",2022,0.719811320754717,0.647457627118644
"12067",2022,0.719811320754717,0.647457627118644
"12069",2022,0.719811320754717,0.647457627118644
"12071",2022,0.719811320754717,0.647457627118644
"12073",2022,0.719811320754717,0.647457627118644
"12075",2022,0.719811320754717,0.647457627118644
"12077",2022,0.719811320754717,0.647457627118644
"12079",2022,0.719811320754717,0.647457627118644
"12081",2022,0.719811320754717,0.647457627118644
"12083",2022,0.719811320754717,0.647457627118644
"12085",2022,0.719811320754717,0.647457627118644
"12086",2022,0.719811320754717,0.647457627118644
"12087",2022,0.719811320754717,0.647457627118644
"12089",2022,0.719811320754717,0.647457627118644
"12091",2022,0.719811320754717,0.647457627118644
"12093",2022,0.719811320754717,0.647457627118644
"12095",2022,0.719811320754717,0.647457627118644
"12097",2022,0.719811320754717,0.647457627118644
"12099",2022,0.719811320754717,0.647457627118644
"12101",2022,0.719811320754717,0.647457627118644
"12103",2022,0.719811320754717,0.647457627118644
"12105",2022,0.719811320754717,0.647457627118644
"12107",2022,0.719811320754717,0.647457627118644
"12109",2022,0.719811320754717,0.647457627118644
"12111",2022,0.719811320754717,0.647457627118644
"12113",2022,0.719811320754717,0.647457627118644
"12115",2022,0.719811320754717,0.647457627118644
"12117",2022,0.719811320754717,0.647457627118644
"12119",2022,0.719811320754717,0.647457627118644
"12121",2022,0.719811320754717,0.647457627118644
"12123",2022,0.719811320754717,0.647457627118644
"12125",2022,0.719811320754717,0.647457627118644
"12127",2022,0.719811320754717,0.647457627118644
"12129",2022,0.719811320754717,0.647457627118644
"12131",2022,0.719811320754717,0.647457627118644
"12133",2022,0.719811320754717,0.647457627118644
"12001",2020,0.737444933920705,0.547297297297297
"12003",2020,0.693251533742331,0.515151515151515
"12005",2020,0.737444933920705,0.547297297297297
"12007",2020,0.737444933920705,0.547297297297297
"12009",2020,0.737444933920705,0.547297297297297
"12011",2020,0.737444933920705,0.547297297297297
"12013",2020,0.590361445783133,0.558823529411765
"12015",2020,0.758620689655172,0.571428571428571
"12017",2020,0.709302325581395,0.583333333333333
"12019",2020,0.737444933920705,0.547297297297297
"12021",2020,0.737444933920705,0.547297297297297
"12023",2020,0.737444933920705,0.547297297297297
"12025",2020,0.753846153846154,0.357142857142857
"12027",2020,0.737444933920705,0.547297297297297
"12029",2020,0.737444933920705,0.547297297297297
"12031",2020,0.784552845528455,0.452830188679245
"12033",2020,0.819306930693069,0.328767123287671
"12035",2020,0.737444933920705,0.547297297297297
"12037",2020,0.737444933920705,0.547297297297297
"12039",2020,0.737444933920705,0.547297297297297
"12041",2020,0.737444933920705,0.547297297297297
"12043",2020,0.737444933920705,0.547297297297297
"12045",2020,0.737444933920705,0.547297297297297
"12047",2020,0.737444933920705,0.547297297297297
"12049",2020,0.737444933920705,0.547297297297297
"12051",2020,0.737444933920705,0.547297297297297
"12053",2020,0.737444933920705,0.547297297297297
"12055",2020,0.737444933920705,0.547297297297297
"12057",2020,0.737444933920705,0.547297297297297
"12059",2020,0.737444933920705,0.547297297297297
"12061",2020,0.737444933920705,0.547297297297297
"12063",2020,0.737444933920705,0.547297297297297
"12065",2020,0.737444933920705,0.547297297297297
"12067",2020,0.737444933920705,0.547297297297297
"12069",2020,0.737444933920705,0.547297297297297
"12071",2020,0.737444933920705,0.547297297297297
"12073",2020,0.737444933920705,0.547297297297297
"12075",2020,0.737444933920705,0.547297297297297
"12077",2020,0.737444933920705,0.547297297297297
"12079",2020,0.737444933920705,0.547297297297297
"12081",2020,0.737444933920705,0.547297297297297
"12083",2020,0.737444933920705,0.547297297297297
"12085",2020,0.737444933920705,0.547297297297297
"12086",2020,0.737444933920705,0.547297297297297
"12087",2020,0.737444933920705,0.547297297297297
"12089",2020,0.737444933920705,0.547297297297297
"12091",2020,0.737444933920705,0.547297297297297
"12093",2020,0.737444933920705,0.547297297297297
"12095",2020,0.737444933920705,0.547297297297297
"12097",2020,0.737444933920705,0.547297297297297
"12099",2020,0.737444933920705,0.547297297297297
"12101",2020,0.737444933920705,0.547297297297297
"12103",2020,0.737444933920705,0.547297297297297
"12105",2020,0.737444933920705,0.547297297297297
"12107",2020,0.737444933920705,0.547297297297297
"12109",2020,0.737444933920705,0.547297297297297
"12111",2020,0.737444933920705,0.547297297297297
"12113",2020,0.737444933920705,0.547297297297297
"12115",2020,0.737444933920705,0.547297297297297
"12117",2020,0.737444933920705,0.547297297297297
"12119",2020,0.737444933920705,0.547297297297297
"12121",2020,0.737444933920705,0.547297297297297
"12123",2020,0.737444933920705,0.547297297297297
"12125",2020,0.737444933920705,0.547297297297297
"12127",2020,0.737444933920705,0.547297297297297
"12129",2020,0.737444933920705,0.547297297297297
"12131",2020,0.737444933920705,0.547297297297297
"12133",2020,0.737444933920705,0.547297297297297
"12001",2020,0.737444933920705,0.547297297297297
"12003",2020,0.693251533742331,0.515151515151515
"12005",2020,0.737444933920705,0.547297297297297
"12007",2020,0.737444933920705,0.547297297297297
"12009",2020,0.737444933920705,0.547297297297297
"12011",2020,0.737444933920705,0.547297297297297
"12013",2020,0.590361445783133,0.558823529411765
"12015",2020,0.758620689655172,0.571428571428571
"12017",2020,0.709302325581395,0.583333333333333
"12019",2020,0.737444933920705,0.547297297297297
"12021",2020,0.737444933920705,0.547297297297297
"12023",2020,0.737444933920705,0.547297297297297
"12025",2020,0.753846153846154,0.357142857142857
"12027",2020,0.737444933920705,0.547297297297297
"12029",2020,0.737444933920705,0.547297297297297
"12031",2020,0.784552845528455,0.452830188679245
"12033",2020,0.819306930693069,0.328767123287671
"12035",2020,0.737444933920705,0.547297297297297
"12037",2020,0.737444933920705,0.547297297297297
"12039",2020,0.737444933920705,0.547297297297297
"12041",2020,0.737444933920705,0.547297297297297
"12043",2020,0.737444933920705,0.547297297297297
"12045",2020,0.737444933920705,0.547297297297297
"12047",2020,0.737444933920705,0.547297297297297
"12049",2020,0.737444933920705,0.547297297297297
"12051",2020,0.737444933920705,0.547297297297297
"12053",2020,0.737444933920705,0.547297297297297
"12055",2020,0.737444933920705,0.547297297297297
"12057",2020,0.737444933920705,0.547297297297297
"12059",2020,0.737444933920705,0.547297297297297
"12061",2020,0.737444933920705,0.547297297297297
"12063",2020,0.737444933920705,0.547297297297297
"12065",2020,0.737444933920705,0.547297297297297
"12067",2020,0.737444933920705,0.547297297297297
"12069",2020,0.737444933920705,0.547297297297297
"12071",2020,0.737444933920705,0.547297297297297
"12073",2020,0.737444933920705,0.547297297297297
"12075",2020,0.737444933920705,0.547297297297297
"12077",2020,0.737444933920705,0.547297297297297
"12079",2020,0.737444933920705,0.547297297297297
"12081",2020,0.737444933920705,0.547297297297297
"12083",2020,0.737444933920705,0.547297297297297
"12085",2020,0.737444933920705,0.547297297297297
"12086",2020,0.737444933920705,0.547297297297297
"12087",2020,0.737444933920705,0.547297297297297
"12089",2020,0.737444933920705,0.547297297297297
"12091",2020,0.737444933920705,0.547297297297297
"12093",2020,0.737444933920705,0.547297297297297
"12095",2020,0.737444933920705,0.547297297297297
"12097",2020,0.737444933920705,0.547297297297297
"12099",2020,0.737444933920705,0.547297297297297
"12101",2020,0.737444933920705,0.547297297297297
"12103",2020,0.737444933920705,0.547297297297297
"12105",2020,0.737444933920705,0.547297297297297
"12107",2020,0.737444933920705,0.547297297297297
"12109",2020,0.737444933920705,0.547297297297297
"12111",2020,0.737444933920705,0.547297297297297
"12113",2020,0.737444933920705,0.547297297297297
"12115",2020,0.737444933920705,0.547297297297297
"12117",2020,0.737444933920705,0.547297297297297
"12119",2020,0.737444933920705,0.547297297297297
"12121",2020,0.737444933920705,0.547297297297297
"12123",2020,0.737444933920705,0.547297297297297
"12125",2020,0.737444933920705,0.547297297297297
"12127",2020,0.737444933920705,0.547297297297297
"12129",2020,0.737444933920705,0.547297297297297
"12131",2020,0.737444933920705,0.547297297297297
"12133",2020,0.737444933920705,0.547297297297297
"12001",2018,0.615531508593253,0.541528239202658
"12003",2018,0.590425531914894,0.542483660130719
"12005",2018,0.615531508593253,0.541528239202658
"12007",2018,0.615531508593253,0.541528239202658
"12009",2018,0.615531508593253,0.541528239202658
"12011",2018,0.615531508593253,0.541528239202658
"12013",2018,0.518518518518518,0.673076923076923
"12015",2018,0.647058823529412,0.416666666666667
"12017",2018,0.559055118110236,0.509090909090909
"12019",2018,0.615531508593253,0.541528239202658
"12021",2018,0.615531508593253,0.541528239202658
"12023",2018,0.615531508593253,0.541528239202658
"12025",2018,0.704347826086957,0.5
"12027",2018,0.604166666666667,0.789473684210526
"12029",2018,0.615531508593253,0.541528239202658
"12031",2018,0.67688679245283,0.525547445255474
"12033",2018,0.669941060903733,0.505952380952381
"12035",2018,0.615531508593253,0.541528239202658
"12037",2018,0.615531508593253,0.541528239202658
"12039",2018,0.615531508593253,0.541528239202658
"12041",2018,0.615531508593253,0.541528239202658
"12043",2018,0.615531508593253,0.541528239202658
"12045",2018,0.615531508593253,0.541528239202658
"12047",2018,0.615531508593253,0.541528239202658
"12049",2018,0.615531508593253,0.541528239202658
"12051",2018,0.615531508593253,0.541528239202658
"12053",2018,0.615531508593253,0.541528239202658
"12055",2018,0.615531508593253,0.541528239202658
"12057",2018,0.615531508593253,0.541528239202658
"12059",2018,0.615531508593253,0.541528239202658
"12061",2018,0.615531508593253,0.541528239202658
"12063",2018,0.615531508593253,0.541528239202658
"12065",2018,0.615531508593253,0.541528239202658
"12067",2018,0.615531508593253,0.541528239202658
"12069",2018,0.615531508593253,0.541528239202658
"12071",2018,0.615531508593253,0.541528239202658
"12073",2018,0.615531508593253,0.541528239202658
"12075",2018,0.615531508593253,0.541528239202658
"12077",2018,0.615531508593253,0.541528239202658
"12079",2018,0.615531508593253,0.541528239202658
"12081",2018,0.615531508593253,0.541528239202658
"12083",2018,0.615531508593253,0.541528239202658
"12085",2018,0.615531508593253,0.541528239202658
"12086",2018,0.615531508593253,0.541528239202658
"12087",2018,0.615531508593253,0.541528239202658
"12089",2018,0.615531508593253,0.541528239202658
"12091",2018,0.615531508593253,0.541528239202658
"12093",2018,0.615531508593253,0.541528239202658
"12095",2018,0.615531508593253,0.541528239202658
"12097",2018,0.615531508593253,0.541528239202658
"12099",2018,0.615531508593253,0.541528239202658
"12101",2018,0.615531508593253,0.541528239202658
"12103",2018,0.615531508593253,0.541528239202658
"12105",2018,0.615531508593253,0.541528239202658
"12107",2018,0.615531508593253,0.541528239202658
"12109",2018,0.615531508593253,0.541528239202658
"12111",2018,0.615531508593253,0.541528239202658
"12113",2018,0.615531508593253,0.541528239202658
"12115",2018,0.615531508593253,0.541528239202658
"12117",2018,0.615531508593253,0.541528239202658
"12119",2018,0.615531508593253,0.541528239202658
"12121",2018,0.615531508593253,0.541528239202658
"12123",2018,0.615531508593253,0.541528239202658
"12125",2018,0.615531508593253,0.541528239202658
"12127",2018,0.615531508593253,0.541528239202658
"12129",2018,0.615531508593253,0.541528239202658
"12131",2018,0.615531508593253,0.541528239202658
"12133",2018,0.615531508593253,0.541528239202658
"13001",2022,0.719811320754717,0.647457627118644
"13003",2022,0.693037974683544,0.484536082474227
"13005",2022,0.719811320754717,0.647457627118644
"13007",2022,0.719811320754717,0.647457627118644
"13009",2022,0.719811320754717,0.647457627118644
"13011",2022,0.719811320754717,0.647457627118644
"13013",2022,0.595505617977528,0.527777777777778
"13015",2022,0.625,0.333333333333333
"13017",2022,0.757575757575758,0.8
"13019",2022,0.719811320754717,0.647457627118644
"13021",2022,0.719811320754717,0.647457627118644
"13023",2022,0.719811320754717,0.647457627118644
"13025",2022,0.661538461538462,0.227272727272727
"13027",2022,0.719811320754717,0.647457627118644
"13029",2022,0.719811320754717,0.647457627118644
"13031",2022,0.754756871035941,0.491379310344828
"13033",2022,0.741514360313316,0.444444444444444
"13035",2022,0.719811320754717,0.647457627118644
"13037",2022,0.719811320754717,0.647457627118644
"13039",2022,0.719811320754717,0.647457627118644
"13043",2022,0.719811320754717,0.647457627118644
"13045",2022,0.719811320754717,0.647457627118644
"13047",2022,0.719811320754717,0.647457627118644
"13049",2022,0.719811320754717,0.647457627118644
"13051",2022,0.719811320754717,0.647457627118644
"13053",2022,0.719811320754717,0.647457627118644
"13055",2022,0.719811320754717,0.647457627118644
"13057",2022,0.719811320754717,0.647457627118644
"13059",2022,0.719811320754717,0.647457627118644
"13061",2022,0.719811320754717,0.647457627118644
"13063",2022,0.719811320754717,0.647457627118644
"13065",2022,0.719811320754717,0.647457627118644
"13067",2022,0.719811320754717,0.647457627118644
"13069",2022,0.719811320754717,0.647457627118644
"13071",2022,0.719811320754717,0.647457627118644
"13073",2022,0.719811320754717,0.647457627118644
"13075",2022,0.719811320754717,0.647457627118644
"13077",2022,0.719811320754717,0.647457627118644
"13079",2022,0.719811320754717,0.647457627118644
"13081",2022,0.719811320754717,0.647457627118644
"13083",2022,0.719811320754717,0.647457627118644
"13085",2022,0.719811320754717,0.647457627118644
"13087",2022,0.719811320754717,0.647457627118644
"13089",2022,0.719811320754717,0.647457627118644
"13091",2022,0.719811320754717,0.647457627118644
"13093",2022,0.719811320754717,0.647457627118644
"13095",2022,0.719811320754717,0.647457627118644
"13097",2022,0.719811320754717,0.647457627118644
"13099",2022,0.719811320754717,0.647457627118644
"13101",2022,0.719811320754717,0.647457627118644
"13103",2022,0.719811320754717,0.647457627118644
"13105",2022,0.719811320754717,0.647457627118644
"13107",2022,0.719811320754717,0.647457627118644
"13109",2022,0.719811320754717,0.647457627118644
"13111",2022,0.719811320754717,0.647457627118644
"13113",2022,0.719811320754717,0.647457627118644
"13115",2022,0.719811320754717,0.647457627118644
"13117",2022,0.719811320754717,0.647457627118644
"13119",2022,0.719811320754717,0.647457627118644
"13121",2022,0.719811320754717,0.647457627118644
"13123",2022,0.719811320754717,0.647457627118644
"13125",2022,0.719811320754717,0.647457627118644
"13127",2022,0.719811320754717,0.647457627118644
"13129",2022,0.719811320754717,0.647457627118644
"13131",2022,0.719811320754717,0.647457627118644
"13133",2022,0.719811320754717,0.647457627118644
"13135",2022,0.719811320754717,0.647457627118644
"13137",2022,0.719811320754717,0.647457627118644
"13139",2022,0.719811320754717,0.647457627118644
"13141",2022,0.719811320754717,0.647457627118644
"13143",2022,0.719811320754717,0.647457627118644
"13145",2022,0.719811320754717,0.647457627118644
"13147",2022,0.719811320754717,0.647457627118644
"13149",2022,0.719811320754717,0.647457627118644
"13151",2022,0.719811320754717,0.647457627118644
"13153",2022,0.719811320754717,0.647457627118644
"13155",2022,0.719811320754717,0.647457627118644
"13157",2022,0.719811320754717,0.647457627118644
"13159",2022,0.719811320754717,0.647457627118644
"13161",2022,0.719811320754717,0.647457627118644
"13163",2022,0.719811320754717,0.647457627118644
"13165",2022,0.719811320754717,0.647457627118644
"13167",2022,0.719811320754717,0.647457627118644
"13169",2022,0.719811320754717,0.647457627118644
"13171",2022,0.719811320754717,0.647457627118644
"13173",2022,0.719811320754717,0.647457627118644
"13175",2022,0.719811320754717,0.647457627118644
"13177",2022,0.719811320754717,0.647457627118644
"13179",2022,0.719811320754717,0.647457627118644
"13181",2022,0.719811320754717,0.647457627118644
"13183",2022,0.719811320754717,0.647457627118644
"13185",2022,0.719811320754717,0.647457627118644
"13187",2022,0.719811320754717,0.647457627118644
"13189",2022,0.719811320754717,0.647457627118644
"13191",2022,0.719811320754717,0.647457627118644
"13193",2022,0.719811320754717,0.647457627118644
"13195",2022,0.719811320754717,0.647457627118644
"13197",2022,0.719811320754717,0.647457627118644
"13199",2022,0.719811320754717,0.647457627118644
"13201",2022,0.719811320754717,0.647457627118644
"13205",2022,0.719811320754717,0.647457627118644
"13207",2022,0.719811320754717,0.647457627118644
"13209",2022,0.719811320754717,0.647457627118644
"13211",2022,0.719811320754717,0.647457627118644
"13213",2022,0.719811320754717,0.647457627118644
"13215",2022,0.719811320754717,0.647457627118644
"13217",2022,0.719811320754717,0.647457627118644
"13219",2022,0.719811320754717,0.647457627118644
"13221",2022,0.719811320754717,0.647457627118644
"13223",2022,0.719811320754717,0.647457627118644
"13225",2022,0.719811320754717,0.647457627118644
"13227",2022,0.719811320754717,0.647457627118644
"13229",2022,0.719811320754717,0.647457627118644
"13231",2022,0.719811320754717,0.647457627118644
"13233",2022,0.719811320754717,0.647457627118644
"13235",2022,0.719811320754717,0.647457627118644
"13237",2022,0.719811320754717,0.647457627118644
"13239",2022,0.719811320754717,0.647457627118644
"13241",2022,0.719811320754717,0.647457627118644
"13243",2022,0.719811320754717,0.647457627118644
"13245",2022,0.719811320754717,0.647457627118644
"13247",2022,0.719811320754717,0.647457627118644
"13249",2022,0.719811320754717,0.647457627118644
"13251",2022,0.719811320754717,0.647457627118644
"13253",2022,0.719811320754717,0.647457627118644
"13255",2022,0.719811320754717,0.647457627118644
"13257",2022,0.719811320754717,0.647457627118644
"13259",2022,0.719811320754717,0.647457627118644
"13261",2022,0.719811320754717,0.647457627118644
"13263",2022,0.719811320754717,0.647457627118644
"13265",2022,0.719811320754717,0.647457627118644
"13267",2022,0.719811320754717,0.647457627118644
"13269",2022,0.719811320754717,0.647457627118644
"13271",2022,0.719811320754717,0.647457627118644
"13273",2022,0.719811320754717,0.647457627118644
"13275",2022,0.719811320754717,0.647457627118644
"13277",2022,0.719811320754717,0.647457627118644
"13279",2022,0.719811320754717,0.647457627118644
"13281",2022,0.719811320754717,0.647457627118644
"13283",2022,0.719811320754717,0.647457627118644
"13285",2022,0.719811320754717,0.647457627118644
"13287",2022,0.719811320754717,0.647457627118644
"13289",2022,0.719811320754717,0.647457627118644
"13291",2022,0.719811320754717,0.647457627118644
"13293",2022,0.719811320754717,0.647457627118644
"13295",2022,0.719811320754717,0.647457627118644
"13297",2022,0.719811320754717,0.647457627118644
"13299",2022,0.719811320754717,0.647457627118644
"13301",2022,0.719811320754717,0.647457627118644
"13303",2022,0.719811320754717,0.647457627118644
"13305",2022,0.719811320754717,0.647457627118644
"13307",2022,0.719811320754717,0.647457627118644
"13309",2022,0.719811320754717,0.647457627118644
"13311",2022,0.719811320754717,0.647457627118644
"13313",2022,0.719811320754717,0.647457627118644
"13315",2022,0.719811320754717,0.647457627118644
"13317",2022,0.719811320754717,0.647457627118644
"13319",2022,0.719811320754717,0.647457627118644
"13321",2022,0.719811320754717,0.647457627118644
"13001",2022,0.719811320754717,0.647457627118644
"13003",2022,0.693037974683544,0.484536082474227
"13005",2022,0.719811320754717,0.647457627118644
"13007",2022,0.719811320754717,0.647457627118644
"13009",2022,0.719811320754717,0.647457627118644
"13011",2022,0.719811320754717,0.647457627118644
"13013",2022,0.595505617977528,0.527777777777778
"13015",2022,0.625,0.333333333333333
"13017",2022,0.757575757575758,0.8
"13019",2022,0.719811320754717,0.647457627118644
"13021",2022,0.719811320754717,0.647457627118644
"13023",2022,0.719811320754717,0.647457627118644
"13025",2022,0.661538461538462,0.227272727272727
"13027",2022,0.719811320754717,0.647457627118644
"13029",2022,0.719811320754717,0.647457627118644
"13031",2022,0.754756871035941,0.491379310344828
"13033",2022,0.741514360313316,0.444444444444444
"13035",2022,0.719811320754717,0.647457627118644
"13037",2022,0.719811320754717,0.647457627118644
"13039",2022,0.719811320754717,0.647457627118644
"13043",2022,0.719811320754717,0.647457627118644
"13045",2022,0.719811320754717,0.647457627118644
"13047",2022,0.719811320754717,0.647457627118644
"13049",2022,0.719811320754717,0.647457627118644
"13051",2022,0.719811320754717,0.647457627118644
"13053",2022,0.719811320754717,0.647457627118644
"13055",2022,0.719811320754717,0.647457627118644
"13057",2022,0.719811320754717,0.647457627118644
"13059",2022,0.719811320754717,0.647457627118644
"13061",2022,0.719811320754717,0.647457627118644
"13063",2022,0.719811320754717,0.647457627118644
"13065",2022,0.719811320754717,0.647457627118644
"13067",2022,0.719811320754717,0.647457627118644
"13069",2022,0.719811320754717,0.647457627118644
"13071",2022,0.719811320754717,0.647457627118644
"13073",2022,0.719811320754717,0.647457627118644
"13075",2022,0.719811320754717,0.647457627118644
"13077",2022,0.719811320754717,0.647457627118644
"13079",2022,0.719811320754717,0.647457627118644
"13081",2022,0.719811320754717,0.647457627118644
"13083",2022,0.719811320754717,0.647457627118644
"13085",2022,0.719811320754717,0.647457627118644
"13087",2022,0.719811320754717,0.647457627118644
"13089",2022,0.719811320754717,0.647457627118644
"13091",2022,0.719811320754717,0.647457627118644
"13093",2022,0.719811320754717,0.647457627118644
"13095",2022,0.719811320754717,0.647457627118644
"13097",2022,0.719811320754717,0.647457627118644
"13099",2022,0.719811320754717,0.647457627118644
"13101",2022,0.719811320754717,0.647457627118644
"13103",2022,0.719811320754717,0.647457627118644
"13105",2022,0.719811320754717,0.647457627118644
"13107",2022,0.719811320754717,0.647457627118644
"13109",2022,0.719811320754717,0.647457627118644
"13111",2022,0.719811320754717,0.647457627118644
"13113",2022,0.719811320754717,0.647457627118644
"13115",2022,0.719811320754717,0.647457627118644
"13117",2022,0.719811320754717,0.647457627118644
"13119",2022,0.719811320754717,0.647457627118644
"13121",2022,0.719811320754717,0.647457627118644
"13123",2022,0.719811320754717,0.647457627118644
"13125",2022,0.719811320754717,0.647457627118644
"13127",2022,0.719811320754717,0.647457627118644
"13129",2022,0.719811320754717,0.647457627118644
"13131",2022,0.719811320754717,0.647457627118644
"13133",2022,0.719811320754717,0.647457627118644
"13135",2022,0.719811320754717,0.647457627118644
"13137",2022,0.719811320754717,0.647457627118644
"13139",2022,0.719811320754717,0.647457627118644
"13141",2022,0.719811320754717,0.647457627118644
"13143",2022,0.719811320754717,0.647457627118644
"13145",2022,0.719811320754717,0.647457627118644
"13147",2022,0.719811320754717,0.647457627118644
"13149",2022,0.719811320754717,0.647457627118644
"13151",2022,0.719811320754717,0.647457627118644
"13153",2022,0.719811320754717,0.647457627118644
"13155",2022,0.719811320754717,0.647457627118644
"13157",2022,0.719811320754717,0.647457627118644
"13159",2022,0.719811320754717,0.647457627118644
"13161",2022,0.719811320754717,0.647457627118644
"13163",2022,0.719811320754717,0.647457627118644
"13165",2022,0.719811320754717,0.647457627118644
"13167",2022,0.719811320754717,0.647457627118644
"13169",2022,0.719811320754717,0.647457627118644
"13171",2022,0.719811320754717,0.647457627118644
"13173",2022,0.719811320754717,0.647457627118644
"13175",2022,0.719811320754717,0.647457627118644
"13177",2022,0.719811320754717,0.647457627118644
"13179",2022,0.719811320754717,0.647457627118644
"13181",2022,0.719811320754717,0.647457627118644
"13183",2022,0.719811320754717,0.647457627118644
"13185",2022,0.719811320754717,0.647457627118644
"13187",2022,0.719811320754717,0.647457627118644
"13189",2022,0.719811320754717,0.647457627118644
"13191",2022,0.719811320754717,0.647457627118644
"13193",2022,0.719811320754717,0.647457627118644
"13195",2022,0.719811320754717,0.647457627118644
"13197",2022,0.719811320754717,0.647457627118644
"13199",2022,0.719811320754717,0.647457627118644
"13201",2022,0.719811320754717,0.647457627118644
"13205",2022,0.719811320754717,0.647457627118644
"13207",2022,0.719811320754717,0.647457627118644
"13209",2022,0.719811320754717,0.647457627118644
"13211",2022,0.719811320754717,0.647457627118644
"13213",2022,0.719811320754717,0.647457627118644
"13215",2022,0.719811320754717,0.647457627118644
"13217",2022,0.719811320754717,0.647457627118644
"13219",2022,0.719811320754717,0.647457627118644
"13221",2022,0.719811320754717,0.647457627118644
"13223",2022,0.719811320754717,0.647457627118644
"13225",2022,0.719811320754717,0.647457627118644
"13227",2022,0.719811320754717,0.647457627118644
"13229",2022,0.719811320754717,0.647457627118644
"13231",2022,0.719811320754717,0.647457627118644
"13233",2022,0.719811320754717,0.647457627118644
"13235",2022,0.719811320754717,0.647457627118644
"13237",2022,0.719811320754717,0.647457627118644
"13239",2022,0.719811320754717,0.647457627118644
"13241",2022,0.719811320754717,0.647457627118644
"13243",2022,0.719811320754717,0.647457627118644
"13245",2022,0.719811320754717,0.647457627118644
"13247",2022,0.719811320754717,0.647457627118644
"13249",2022,0.719811320754717,0.647457627118644
"13251",2022,0.719811320754717,0.647457627118644
"13253",2022,0.719811320754717,0.647457627118644
"13255",2022,0.719811320754717,0.647457627118644
"13257",2022,0.719811320754717,0.647457627118644
"13259",2022,0.719811320754717,0.647457627118644
"13261",2022,0.719811320754717,0.647457627118644
"13263",2022,0.719811320754717,0.647457627118644
"13265",2022,0.719811320754717,0.647457627118644
"13267",2022,0.719811320754717,0.647457627118644
"13269",2022,0.719811320754717,0.647457627118644
"13271",2022,0.719811320754717,0.647457627118644
"13273",2022,0.719811320754717,0.647457627118644
"13275",2022,0.719811320754717,0.647457627118644
"13277",2022,0.719811320754717,0.647457627118644
"13279",2022,0.719811320754717,0.647457627118644
"13281",2022,0.719811320754717,0.647457627118644
"13283",2022,0.719811320754717,0.647457627118644
"13285",2022,0.719811320754717,0.647457627118644
"13287",2022,0.719811320754717,0.647457627118644
"13289",2022,0.719811320754717,0.647457627118644
"13291",2022,0.719811320754717,0.647457627118644
"13293",2022,0.719811320754717,0.647457627118644
"13295",2022,0.719811320754717,0.647457627118644
"13297",2022,0.719811320754717,0.647457627118644
"13299",2022,0.719811320754717,0.647457627118644
"13301",2022,0.719811320754717,0.647457627118644
"13303",2022,0.719811320754717,0.647457627118644
"13305",2022,0.719811320754717,0.647457627118644
"13307",2022,0.719811320754717,0.647457627118644
"13309",2022,0.719811320754717,0.647457627118644
"13311",2022,0.719811320754717,0.647457627118644
"13313",2022,0.719811320754717,0.647457627118644
"13315",2022,0.719811320754717,0.647457627118644
"13317",2022,0.719811320754717,0.647457627118644
"13319",2022,0.719811320754717,0.647457627118644
"13321",2022,0.719811320754717,0.647457627118644
"13001",2020,0.737444933920705,0.547297297297297
"13003",2020,0.693251533742331,0.515151515151515
"13005",2020,0.737444933920705,0.547297297297297
"13007",2020,0.737444933920705,0.547297297297297
"13009",2020,0.737444933920705,0.547297297297297
"13011",2020,0.737444933920705,0.547297297297297
"13013",2020,0.590361445783133,0.558823529411765
"13015",2020,0.758620689655172,0.571428571428571
"13017",2020,0.709302325581395,0.583333333333333
"13019",2020,0.737444933920705,0.547297297297297
"13021",2020,0.737444933920705,0.547297297297297
"13023",2020,0.737444933920705,0.547297297297297
"13025",2020,0.753846153846154,0.357142857142857
"13027",2020,0.737444933920705,0.547297297297297
"13029",2020,0.737444933920705,0.547297297297297
"13031",2020,0.784552845528455,0.452830188679245
"13033",2020,0.819306930693069,0.328767123287671
"13035",2020,0.737444933920705,0.547297297297297
"13037",2020,0.737444933920705,0.547297297297297
"13039",2020,0.737444933920705,0.547297297297297
"13043",2020,0.737444933920705,0.547297297297297
"13045",2020,0.737444933920705,0.547297297297297
"13047",2020,0.737444933920705,0.547297297297297
"13049",2020,0.737444933920705,0.547297297297297
"13051",2020,0.737444933920705,0.547297297297297
"13053",2020,0.737444933920705,0.547297297297297
"13055",2020,0.737444933920705,0.547297297297297
"13057",2020,0.737444933920705,0.547297297297297
"13059",2020,0.737444933920705,0.547297297297297
"13061",2020,0.737444933920705,0.547297297297297
"13063",2020,0.737444933920705,0.547297297297297
"13065",2020,0.737444933920705,0.547297297297297
"13067",2020,0.737444933920705,0.547297297297297
"13069",2020,0.737444933920705,0.547297297297297
"13071",2020,0.737444933920705,0.547297297297297
"13073",2020,0.737444933920705,0.547297297297297
"13075",2020,0.737444933920705,0.547297297297297
"13077",2020,0.737444933920705,0.547297297297297
"13079",2020,0.737444933920705,0.547297297297297
"13081",2020,0.737444933920705,0.547297297297297
"13083",2020,0.737444933920705,0.547297297297297
"13085",2020,0.737444933920705,0.547297297297297
"13087",2020,0.737444933920705,0.547297297297297
"13089",2020,0.737444933920705,0.547297297297297
"13091",2020,0.737444933920705,0.547297297297297
"13093",2020,0.737444933920705,0.547297297297297
"13095",2020,0.737444933920705,0.547297297297297
"13097",2020,0.737444933920705,0.547297297297297
"13099",2020,0.737444933920705,0.547297297297297
"13101",2020,0.737444933920705,0.547297297297297
"13103",2020,0.737444933920705,0.547297297297297
"13105",2020,0.737444933920705,0.547297297297297
"13107",2020,0.737444933920705,0.547297297297297
"13109",2020,0.737444933920705,0.547297297297297
"13111",2020,0.737444933920705,0.547297297297297
"13113",2020,0.737444933920705,0.547297297297297
"13115",2020,0.737444933920705,0.547297297297297
"13117",2020,0.737444933920705,0.547297297297297
"13119",2020,0.737444933920705,0.547297297297297
"13121",2020,0.737444933920705,0.547297297297297
"13123",2020,0.737444933920705,0.547297297297297
"13125",2020,0.737444933920705,0.547297297297297
"13127",2020,0.737444933920705,0.547297297297297
"13129",2020,0.737444933920705,0.547297297297297
"13131",2020,0.737444933920705,0.547297297297297
"13133",2020,0.737444933920705,0.547297297297297
"13135",2020,0.737444933920705,0.547297297297297
"13137",2020,0.737444933920705,0.547297297297297
"13139",2020,0.737444933920705,0.547297297297297
"13141",2020,0.737444933920705,0.547297297297297
"13143",2020,0.737444933920705,0.547297297297297
"13145",2020,0.737444933920705,0.547297297297297
"13147",2020,0.737444933920705,0.547297297297297
"13149",2020,0.737444933920705,0.547297297297297
"13151",2020,0.737444933920705,0.547297297297297
"13153",2020,0.737444933920705,0.547297297297297
"13155",2020,0.737444933920705,0.547297297297297
"13157",2020,0.737444933920705,0.547297297297297
"13159",2020,0.737444933920705,0.547297297297297
"13161",2020,0.737444933920705,0.547297297297297
"13163",2020,0.737444933920705,0.547297297297297
"13165",2020,0.737444933920705,0.547297297297297
"13167",2020,0.737444933920705,0.547297297297297
"13169",2020,0.737444933920705,0.547297297297297
"13171",2020,0.737444933920705,0.547297297297297
"13173",2020,0.737444933920705,0.547297297297297
"13175",2020,0.737444933920705,0.547297297297297
"13177",2020,0.737444933920705,0.547297297297297
"13179",2020,0.737444933920705,0.547297297297297
"13181",2020,0.737444933920705,0.547297297297297
"13183",2020,0.737444933920705,0.547297297297297
"13185",2020,0.737444933920705,0.547297297297297
"13187",2020,0.737444933920705,0.547297297297297
"13189",2020,0.737444933920705,0.547297297297297
"13191",2020,0.737444933920705,0.547297297297297
"13193",2020,0.737444933920705,0.547297297297297
"13195",2020,0.737444933920705,0.547297297297297
"13197",2020,0.737444933920705,0.547297297297297
"13199",2020,0.737444933920705,0.547297297297297
"13201",2020,0.737444933920705,0.547297297297297
"13205",2020,0.737444933920705,0.547297297297297
"13207",2020,0.737444933920705,0.547297297297297
"13209",2020,0.737444933920705,0.547297297297297
"13211",2020,0.737444933920705,0.547297297297297
"13213",2020,0.737444933920705,0.547297297297297
"13215",2020,0.737444933920705,0.547297297297297
"13217",2020,0.737444933920705,0.547297297297297
"13219",2020,0.737444933920705,0.547297297297297
"13221",2020,0.737444933920705,0.547297297297297
"13223",2020,0.737444933920705,0.547297297297297
"13225",2020,0.737444933920705,0.547297297297297
"13227",2020,0.737444933920705,0.547297297297297
"13229",2020,0.737444933920705,0.547297297297297
"13231",2020,0.737444933920705,0.547297297297297
"13233",2020,0.737444933920705,0.547297297297297
"13235",2020,0.737444933920705,0.547297297297297
"13237",2020,0.737444933920705,0.547297297297297
"13239",2020,0.737444933920705,0.547297297297297
"13241",2020,0.737444933920705,0.547297297297297
"13243",2020,0.737444933920705,0.547297297297297
"13245",2020,0.737444933920705,0.547297297297297
"13247",2020,0.737444933920705,0.547297297297297
"13249",2020,0.737444933920705,0.547297297297297
"13251",2020,0.737444933920705,0.547297297297297
"13253",2020,0.737444933920705,0.547297297297297
"13255",2020,0.737444933920705,0.547297297297297
"13257",2020,0.737444933920705,0.547297297297297
"13259",2020,0.737444933920705,0.547297297297297
"13261",2020,0.737444933920705,0.547297297297297
"13263",2020,0.737444933920705,0.547297297297297
"13265",2020,0.737444933920705,0.547297297297297
"13267",2020,0.737444933920705,0.547297297297297
"13269",2020,0.737444933920705,0.547297297297297
"13271",2020,0.737444933920705,0.547297297297297
"13273",2020,0.737444933920705,0.547297297297297
"13275",2020,0.737444933920705,0.547297297297297
"13277",2020,0.737444933920705,0.547297297297297
"13279",2020,0.737444933920705,0.547297297297297
"13281",2020,0.737444933920705,0.547297297297297
"13283",2020,0.737444933920705,0.547297297297297
"13285",2020,0.737444933920705,0.547297297297297
"13287",2020,0.737444933920705,0.547297297297297
"13289",2020,0.737444933920705,0.547297297297297
"13291",2020,0.737444933920705,0.547297297297297
"13293",2020,0.737444933920705,0.547297297297297
"13295",2020,0.737444933920705,0.547297297297297
"13297",2020,0.737444933920705,0.547297297297297
"13299",2020,0.737444933920705,0.547297297297297
"13301",2020,0.737444933920705,0.547297297297297
"13303",2020,0.737444933920705,0.547297297297297
"13305",2020,0.737444933920705,0.547297297297297
"13307",2020,0.737444933920705,0.547297297297297
"13309",2020,0.737444933920705,0.547297297297297
"13311",2020,0.737444933920705,0.547297297297297
"13313",2020,0.737444933920705,0.547297297297297
"13315",2020,0.737444933920705,0.547297297297297
"13317",2020,0.737444933920705,0.547297297297297
"13319",2020,0.737444933920705,0.547297297297297
"13321",2020,0.737444933920705,0.547297297297297
"13001",2020,0.737444933920705,0.547297297297297
"13003",2020,0.693251533742331,0.515151515151515
"13005",2020,0.737444933920705,0.547297297297297
"13007",2020,0.737444933920705,0.547297297297297
"13009",2020,0.737444933920705,0.547297297297297
"13011",2020,0.737444933920705,0.547297297297297
"13013",2020,0.590361445783133,0.558823529411765
"13015",2020,0.758620689655172,0.571428571428571
"13017",2020,0.709302325581395,0.583333333333333
"13019",2020,0.737444933920705,0.547297297297297
"13021",2020,0.737444933920705,0.547297297297297
"13023",2020,0.737444933920705,0.547297297297297
"13025",2020,0.753846153846154,0.357142857142857
"13027",2020,0.737444933920705,0.547297297297297
"13029",2020,0.737444933920705,0.547297297297297
"13031",2020,0.784552845528455,0.452830188679245
"13033",2020,0.819306930693069,0.328767123287671
"13035",2020,0.737444933920705,0.547297297297297
"13037",2020,0.737444933920705,0.547297297297297
"13039",2020,0.737444933920705,0.547297297297297
"13043",2020,0.737444933920705,0.547297297297297
"13045",2020,0.737444933920705,0.547297297297297
"13047",2020,0.737444933920705,0.547297297297297
"13049",2020,0.737444933920705,0.547297297297297
"13051",2020,0.737444933920705,0.547297297297297
"13053",2020,0.737444933920705,0.547297297297297
"13055",2020,0.737444933920705,0.547297297297297
"13057",2020,0.737444933920705,0.547297297297297
"13059",2020,0.737444933920705,0.547297297297297
"13061",2020,0.737444933920705,0.547297297297297
"13063",2020,0.737444933920705,0.547297297297297
"13065",2020,0.737444933920705,0.547297297297297
"13067",2020,0.737444933920705,0.547297297297297
"13069",2020,0.737444933920705,0.547297297297297
"13071",2020,0.737444933920705,0.547297297297297
"13073",2020,0.737444933920705,0.547297297297297
"13075",2020,0.737444933920705,0.547297297297297
"13077",2020,0.737444933920705,0.547297297297297
"13079",2020,0.737444933920705,0.547297297297297
"13081",2020,0.737444933920705,0.547297297297297
"13083",2020,0.737444933920705,0.547297297297297
"13085",2020,0.737444933920705,0.547297297297297
"13087",2020,0.737444933920705,0.547297297297297
"13089",2020,0.737444933920705,0.547297297297297
"13091",2020,0.737444933920705,0.547297297297297
"13093",2020,0.737444933920705,0.547297297297297
"13095",2020,0.737444933920705,0.547297297297297
"13097",2020,0.737444933920705,0.547297297297297
"13099",2020,0.737444933920705,0.547297297297297
"13101",2020,0.737444933920705,0.547297297297297
"13103",2020,0.737444933920705,0.547297297297297
"13105",2020,0.737444933920705,0.547297297297297
"13107",2020,0.737444933920705,0.547297297297297
"13109",2020,0.737444933920705,0.547297297297297
"13111",2020,0.737444933920705,0.547297297297297
"13113",2020,0.737444933920705,0.547297297297297
"13115",2020,0.737444933920705,0.547297297297297
"13117",2020,0.737444933920705,0.547297297297297
"13119",2020,0.737444933920705,0.547297297297297
"13121",2020,0.737444933920705,0.547297297297297
"13123",2020,0.737444933920705,0.547297297297297
"13125",2020,0.737444933920705,0.547297297297297
"13127",2020,0.737444933920705,0.547297297297297
"13129",2020,0.737444933920705,0.547297297297297
"13131",2020,0.737444933920705,0.547297297297297
"13133",2020,0.737444933920705,0.547297297297297
"13135",2020,0.737444933920705,0.547297297297297
"13137",2020,0.737444933920705,0.547297297297297
"13139",2020,0.737444933920705,0.547297297297297
"13141",2020,0.737444933920705,0.547297297297297
"13143",2020,0.737444933920705,0.547297297297297
"13145",2020,0.737444933920705,0.547297297297297
"13147",2020,0.737444933920705,0.547297297297297
"13149",2020,0.737444933920705,0.547297297297297
"13151",2020,0.737444933920705,0.547297297297297
"13153",2020,0.737444933920705,0.547297297297297
"13155",2020,0.737444933920705,0.547297297297297
"13157",2020,0.737444933920705,0.547297297297297
"13159",2020,0.737444933920705,0.547297297297297
"13161",2020,0.737444933920705,0.547297297297297
"13163",2020,0.737444933920705,0.547297297297297
"13165",2020,0.737444933920705,0.547297297297297
"13167",2020,0.737444933920705,0.547297297297297
"13169",2020,0.737444933920705,0.547297297297297
"13171",2020,0.737444933920705,0.547297297297297
"13173",2020,0.737444933920705,0.547297297297297
"13175",2020,0.737444933920705,0.547297297297297
"13177",2020,0.737444933920705,0.547297297297297
"13179",2020,0.737444933920705,0.547297297297297
"13181",2020,0.737444933920705,0.547297297297297
"13183",2020,0.737444933920705,0.547297297297297
"13185",2020,0.737444933920705,0.547297297297297
"13187",2020,0.737444933920705,0.547297297297297
"13189",2020,0.737444933920705,0.547297297297297
"13191",2020,0.737444933920705,0.547297297297297
"13193",2020,0.737444933920705,0.547297297297297
"13195",2020,0.737444933920705,0.547297297297297
"13197",2020,0.737444933920705,0.547297297297297
"13199",2020,0.737444933920705,0.547297297297297
"13201",2020,0.737444933920705,0.547297297297297
"13205",2020,0.737444933920705,0.547297297297297
"13207",2020,0.737444933920705,0.547297297297297
"13209",2020,0.737444933920705,0.547297297297297
"13211",2020,0.737444933920705,0.547297297297297
"13213",2020,0.737444933920705,0.547297297297297
"13215",2020,0.737444933920705,0.547297297297297
"13217",2020,0.737444933920705,0.547297297297297
"13219",2020,0.737444933920705,0.547297297297297
"13221",2020,0.737444933920705,0.547297297297297
"13223",2020,0.737444933920705,0.547297297297297
"13225",2020,0.737444933920705,0.547297297297297
"13227",2020,0.737444933920705,0.547297297297297
"13229",2020,0.737444933920705,0.547297297297297
"13231",2020,0.737444933920705,0.547297297297297
"13233",2020,0.737444933920705,0.547297297297297
"13235",2020,0.737444933920705,0.547297297297297
"13237",2020,0.737444933920705,0.547297297297297
"13239",2020,0.737444933920705,0.547297297297297
"13241",2020,0.737444933920705,0.547297297297297
"13243",2020,0.737444933920705,0.547297297297297
"13245",2020,0.737444933920705,0.547297297297297
"13247",2020,0.737444933920705,0.547297297297297
"13249",2020,0.737444933920705,0.547297297297297
"13251",2020,0.737444933920705,0.547297297297297
"13253",2020,0.737444933920705,0.547297297297297
"13255",2020,0.737444933920705,0.547297297297297
"13257",2020,0.737444933920705,0.547297297297297
"13259",2020,0.737444933920705,0.547297297297297
"13261",2020,0.737444933920705,0.547297297297297
"13263",2020,0.737444933920705,0.547297297297297
"13265",2020,0.737444933920705,0.547297297297297
"13267",2020,0.737444933920705,0.547297297297297
"13269",2020,0.737444933920705,0.547297297297297
"13271",2020,0.737444933920705,0.547297297297297
"13273",2020,0.737444933920705,0.547297297297297
"13275",2020,0.737444933920705,0.547297297297297
"13277",2020,0.737444933920705,0.547297297297297
"13279",2020,0.737444933920705,0.547297297297297
"13281",2020,0.737444933920705,0.547297297297297
"13283",2020,0.737444933920705,0.547297297297297
"13285",2020,0.737444933920705,0.547297297297297
"13287",2020,0.737444933920705,0.547297297297297
"13289",2020,0.737444933920705,0.547297297297297
"13291",2020,0.737444933920705,0.547297297297297
"13293",2020,0.737444933920705,0.547297297297297
"13295",2020,0.737444933920705,0.547297297297297
"13297",2020,0.737444933920705,0.547297297297297
"13299",2020,0.737444933920705,0.547297297297297
"13301",2020,0.737444933920705,0.547297297297297
"13303",2020,0.737444933920705,0.547297297297297
"13305",2020,0.737444933920705,0.547297297297297
"13307",2020,0.737444933920705,0.547297297297297
"13309",2020,0.737444933920705,0.547297297297297
"13311",2020,0.737444933920705,0.547297297297297
"13313",2020,0.737444933920705,0.547297297297297
"13315",2020,0.737444933920705,0.547297297297297
"13317",2020,0.737444933920705,0.547297297297297
"13319",2020,0.737444933920705,0.547297297297297
"13321",2020,0.737444933920705,0.547297297297297
"13001",2018,0.615531508593253,0.541528239202658
"13003",2018,0.590425531914894,0.542483660130719
"13005",2018,0.615531508593253,0.541528239202658
"13007",2018,0.615531508593253,0.541528239202658
"13009",2018,0.615531508593253,0.541528239202658
"13011",2018,0.615531508593253,0.541528239202658
"13013",2018,0.518518518518518,0.673076923076923
"13015",2018,0.647058823529412,0.416666666666667
"13017",2018,0.559055118110236,0.509090909090909
"13019",2018,0.615531508593253,0.541528239202658
"13021",2018,0.615531508593253,0.541528239202658
"13023",2018,0.615531508593253,0.541528239202658
"13025",2018,0.704347826086957,0.5
"13027",2018,0.604166666666667,0.789473684210526
"13029",2018,0.615531508593253,0.541528239202658
"13031",2018,0.67688679245283,0.525547445255474
"13033",2018,0.669941060903733,0.505952380952381
"13035",2018,0.615531508593253,0.541528239202658
"13037",2018,0.615531508593253,0.541528239202658
"13039",2018,0.615531508593253,0.541528239202658
"13043",2018,0.615531508593253,0.541528239202658
"13045",2018,0.615531508593253,0.541528239202658
"13047",2018,0.615531508593253,0.541528239202658
"13049",2018,0.615531508593253,0.541528239202658
"13051",2018,0.615531508593253,0.541528239202658
"13053",2018,0.615531508593253,0.541528239202658
"13055",2018,0.615531508593253,0.541528239202658
"13057",2018,0.615531508593253,0.541528239202658
"13059",2018,0.615531508593253,0.541528239202658
"13061",2018,0.615531508593253,0.541528239202658
"13063",2018,0.615531508593253,0.541528239202658
"13065",2018,0.615531508593253,0.541528239202658
"13067",2018,0.615531508593253,0.541528239202658
"13069",2018,0.615531508593253,0.541528239202658
"13071",2018,0.615531508593253,0.541528239202658
"13073",2018,0.615531508593253,0.541528239202658
"13075",2018,0.615531508593253,0.541528239202658
"13077",2018,0.615531508593253,0.541528239202658
"13079",2018,0.615531508593253,0.541528239202658
"13081",2018,0.615531508593253,0.541528239202658
"13083",2018,0.615531508593253,0.541528239202658
"13085",2018,0.615531508593253,0.541528239202658
"13087",2018,0.615531508593253,0.541528239202658
"13089",2018,0.615531508593253,0.541528239202658
"13091",2018,0.615531508593253,0.541528239202658
"13093",2018,0.615531508593253,0.541528239202658
"13095",2018,0.615531508593253,0.541528239202658
"13097",2018,0.615531508593253,0.541528239202658
"13099",2018,0.615531508593253,0.541528239202658
"13101",2018,0.615531508593253,0.541528239202658
"13103",2018,0.615531508593253,0.541528239202658
"13105",2018,0.615531508593253,0.541528239202658
"13107",2018,0.615531508593253,0.541528239202658
"13109",2018,0.615531508593253,0.541528239202658
"13111",2018,0.615531508593253,0.541528239202658
"13113",2018,0.615531508593253,0.541528239202658
"13115",2018,0.615531508593253,0.541528239202658
"13117",2018,0.615531508593253,0.541528239202658
"13119",2018,0.615531508593253,0.541528239202658
"13121",2018,0.615531508593253,0.541528239202658
"13123",2018,0.615531508593253,0.541528239202658
"13125",2018,0.615531508593253,0.541528239202658
"13127",2018,0.615531508593253,0.541528239202658
"13129",2018,0.615531508593253,0.541528239202658
"13131",2018,0.615531508593253,0.541528239202658
"13133",2018,0.615531508593253,0.541528239202658
"13135",2018,0.615531508593253,0.541528239202658
"13137",2018,0.615531508593253,0.541528239202658
"13139",2018,0.615531508593253,0.541528239202658
"13141",2018,0.615531508593253,0.541528239202658
"13143",2018,0.615531508593253,0.541528239202658
"13145",2018,0.615531508593253,0.541528239202658
"13147",2018,0.615531508593253,0.541528239202658
"13149",2018,0.615531508593253,0.541528239202658
"13151",2018,0.615531508593253,0.541528239202658
"13153",2018,0.615531508593253,0.541528239202658
"13155",2018,0.615531508593253,0.541528239202658
"13157",2018,0.615531508593253,0.541528239202658
"13159",2018,0.615531508593253,0.541528239202658
"13161",2018,0.615531508593253,0.541528239202658
"13163",2018,0.615531508593253,0.541528239202658
"13165",2018,0.615531508593253,0.541528239202658
"13167",2018,0.615531508593253,0.541528239202658
"13169",2018,0.615531508593253,0.541528239202658
"13171",2018,0.615531508593253,0.541528239202658
"13173",2018,0.615531508593253,0.541528239202658
"13175",2018,0.615531508593253,0.541528239202658
"13177",2018,0.615531508593253,0.541528239202658
"13179",2018,0.615531508593253,0.541528239202658
"13181",2018,0.615531508593253,0.541528239202658
"13183",2018,0.615531508593253,0.541528239202658
"13185",2018,0.615531508593253,0.541528239202658
"13187",2018,0.615531508593253,0.541528239202658
"13189",2018,0.615531508593253,0.541528239202658
"13191",2018,0.615531508593253,0.541528239202658
"13193",2018,0.615531508593253,0.541528239202658
"13195",2018,0.615531508593253,0.541528239202658
"13197",2018,0.615531508593253,0.541528239202658
"13199",2018,0.615531508593253,0.541528239202658
"13201",2018,0.615531508593253,0.541528239202658
"13205",2018,0.615531508593253,0.541528239202658
"13207",2018,0.615531508593253,0.541528239202658
"13209",2018,0.615531508593253,0.541528239202658
"13211",2018,0.615531508593253,0.541528239202658
"13213",2018,0.615531508593253,0.541528239202658
"13215",2018,0.615531508593253,0.541528239202658
"13217",2018,0.615531508593253,0.541528239202658
"13219",2018,0.615531508593253,0.541528239202658
"13221",2018,0.615531508593253,0.541528239202658
"13223",2018,0.615531508593253,0.541528239202658
"13225",2018,0.615531508593253,0.541528239202658
"13227",2018,0.615531508593253,0.541528239202658
"13229",2018,0.615531508593253,0.541528239202658
"13231",2018,0.615531508593253,0.541528239202658
"13233",2018,0.615531508593253,0.541528239202658
"13235",2018,0.615531508593253,0.541528239202658
"13237",2018,0.615531508593253,0.541528239202658
"13239",2018,0.615531508593253,0.541528239202658
"13241",2018,0.615531508593253,0.541528239202658
"13243",2018,0.615531508593253,0.541528239202658
"13245",2018,0.615531508593253,0.541528239202658
"13247",2018,0.615531508593253,0.541528239202658
"13249",2018,0.615531508593253,0.541528239202658
"13251",2018,0.615531508593253,0.541528239202658
"13253",2018,0.615531508593253,0.541528239202658
"13255",2018,0.615531508593253,0.541528239202658
"13257",2018,0.615531508593253,0.541528239202658
"13259",2018,0.615531508593253,0.541528239202658
"13261",2018,0.615531508593253,0.541528239202658
"13263",2018,0.615531508593253,0.541528239202658
"13265",2018,0.615531508593253,0.541528239202658
"13267",2018,0.615531508593253,0.541528239202658
"13269",2018,0.615531508593253,0.541528239202658
"13271",2018,0.615531508593253,0.541528239202658
"13273",2018,0.615531508593253,0.541528239202658
"13275",2018,0.615531508593253,0.541528239202658
"13277",2018,0.615531508593253,0.541528239202658
"13279",2018,0.615531508593253,0.541528239202658
"13281",2018,0.615531508593253,0.541528239202658
"13283",2018,0.615531508593253,0.541528239202658
"13285",2018,0.615531508593253,0.541528239202658
"13287",2018,0.615531508593253,0.541528239202658
"13289",2018,0.615531508593253,0.541528239202658
"13291",2018,0.615531508593253,0.541528239202658
"13293",2018,0.615531508593253,0.541528239202658
"13295",2018,0.615531508593253,0.541528239202658
"13297",2018,0.615531508593253,0.541528239202658
"13299",2018,0.615531508593253,0.541528239202658
"13301",2018,0.615531508593253,0.541528239202658
"13303",2018,0.615531508593253,0.541528239202658
"13305",2018,0.615531508593253,0.541528239202658
"13307",2018,0.615531508593253,0.541528239202658
"13309",2018,0.615531508593253,0.541528239202658
"13311",2018,0.615531508593253,0.541528239202658
"13313",2018,0.615531508593253,0.541528239202658
"13315",2018,0.615531508593253,0.541528239202658
"13317",2018,0.615531508593253,0.541528239202658
"13319",2018,0.615531508593253,0.541528239202658
"13321",2018,0.615531508593253,0.541528239202658
"15001",2022,0.719811320754717,0.647457627118644
"15003",2022,0.693037974683544,0.484536082474227
"15005",2022,0.719811320754717,0.647457627118644
"15007",2022,0.719811320754717,0.647457627118644
"15009",2022,0.719811320754717,0.647457627118644
"15001",2022,0.719811320754717,0.647457627118644
"15003",2022,0.693037974683544,0.484536082474227
"15005",2022,0.719811320754717,0.647457627118644
"15007",2022,0.719811320754717,0.647457627118644
"15009",2022,0.719811320754717,0.647457627118644
"15001",2020,0.737444933920705,0.547297297297297
"15003",2020,0.693251533742331,0.515151515151515
"15005",2020,0.737444933920705,0.547297297297297
"15007",2020,0.737444933920705,0.547297297297297
"15009",2020,0.737444933920705,0.547297297297297
"15001",2020,0.737444933920705,0.547297297297297
"15003",2020,0.693251533742331,0.515151515151515
"15005",2020,0.737444933920705,0.547297297297297
"15007",2020,0.737444933920705,0.547297297297297
"15009",2020,0.737444933920705,0.547297297297297
"15001",2018,0.615531508593253,0.541528239202658
"15003",2018,0.590425531914894,0.542483660130719
"15005",2018,0.615531508593253,0.541528239202658
"15007",2018,0.615531508593253,0.541528239202658
"15009",2018,0.615531508593253,0.541528239202658
"16001",2022,0.719811320754717,0.647457627118644
"16003",2022,0.693037974683544,0.484536082474227
"16005",2022,0.719811320754717,0.647457627118644
"16007",2022,0.719811320754717,0.647457627118644
"16009",2022,0.719811320754717,0.647457627118644
"16011",2022,0.719811320754717,0.647457627118644
"16013",2022,0.595505617977528,0.527777777777778
"16015",2022,0.625,0.333333333333333
"16017",2022,0.757575757575758,0.8
"16019",2022,0.719811320754717,0.647457627118644
"16021",2022,0.719811320754717,0.647457627118644
"16023",2022,0.719811320754717,0.647457627118644
"16025",2022,0.661538461538462,0.227272727272727
"16027",2022,0.719811320754717,0.647457627118644
"16029",2022,0.719811320754717,0.647457627118644
"16031",2022,0.754756871035941,0.491379310344828
"16033",2022,0.741514360313316,0.444444444444444
"16035",2022,0.719811320754717,0.647457627118644
"16037",2022,0.719811320754717,0.647457627118644
"16039",2022,0.719811320754717,0.647457627118644
"16041",2022,0.719811320754717,0.647457627118644
"16043",2022,0.719811320754717,0.647457627118644
"16045",2022,0.719811320754717,0.647457627118644
"16047",2022,0.719811320754717,0.647457627118644
"16049",2022,0.719811320754717,0.647457627118644
"16051",2022,0.719811320754717,0.647457627118644
"16053",2022,0.719811320754717,0.647457627118644
"16055",2022,0.719811320754717,0.647457627118644
"16057",2022,0.719811320754717,0.647457627118644
"16059",2022,0.719811320754717,0.647457627118644
"16061",2022,0.719811320754717,0.647457627118644
"16063",2022,0.719811320754717,0.647457627118644
"16065",2022,0.719811320754717,0.647457627118644
"16067",2022,0.719811320754717,0.647457627118644
"16069",2022,0.719811320754717,0.647457627118644
"16071",2022,0.719811320754717,0.647457627118644
"16073",2022,0.719811320754717,0.647457627118644
"16075",2022,0.719811320754717,0.647457627118644
"16077",2022,0.719811320754717,0.647457627118644
"16079",2022,0.719811320754717,0.647457627118644
"16081",2022,0.719811320754717,0.647457627118644
"16083",2022,0.719811320754717,0.647457627118644
"16085",2022,0.719811320754717,0.647457627118644
"16087",2022,0.719811320754717,0.647457627118644
"16001",2022,0.719811320754717,0.647457627118644
"16003",2022,0.693037974683544,0.484536082474227
"16005",2022,0.719811320754717,0.647457627118644
"16007",2022,0.719811320754717,0.647457627118644
"16009",2022,0.719811320754717,0.647457627118644
"16011",2022,0.719811320754717,0.647457627118644
"16013",2022,0.595505617977528,0.527777777777778
"16015",2022,0.625,0.333333333333333
"16017",2022,0.757575757575758,0.8
"16019",2022,0.719811320754717,0.647457627118644
"16021",2022,0.719811320754717,0.647457627118644
"16023",2022,0.719811320754717,0.647457627118644
"16025",2022,0.661538461538462,0.227272727272727
"16027",2022,0.719811320754717,0.647457627118644
"16029",2022,0.719811320754717,0.647457627118644
"16031",2022,0.754756871035941,0.491379310344828
"16033",2022,0.741514360313316,0.444444444444444
"16035",2022,0.719811320754717,0.647457627118644
"16037",2022,0.719811320754717,0.647457627118644
"16039",2022,0.719811320754717,0.647457627118644
"16041",2022,0.719811320754717,0.647457627118644
"16043",2022,0.719811320754717,0.647457627118644
"16045",2022,0.719811320754717,0.647457627118644
"16047",2022,0.719811320754717,0.647457627118644
"16049",2022,0.719811320754717,0.647457627118644
"16051",2022,0.719811320754717,0.647457627118644
"16053",2022,0.719811320754717,0.647457627118644
"16055",2022,0.719811320754717,0.647457627118644
"16057",2022,0.719811320754717,0.647457627118644
"16059",2022,0.719811320754717,0.647457627118644
"16061",2022,0.719811320754717,0.647457627118644
"16063",2022,0.719811320754717,0.647457627118644
"16065",2022,0.719811320754717,0.647457627118644
"16067",2022,0.719811320754717,0.647457627118644
"16069",2022,0.719811320754717,0.647457627118644
"16071",2022,0.719811320754717,0.647457627118644
"16073",2022,0.719811320754717,0.647457627118644
"16075",2022,0.719811320754717,0.647457627118644
"16077",2022,0.719811320754717,0.647457627118644
"16079",2022,0.719811320754717,0.647457627118644
"16081",2022,0.719811320754717,0.647457627118644
"16083",2022,0.719811320754717,0.647457627118644
"16085",2022,0.719811320754717,0.647457627118644
"16087",2022,0.719811320754717,0.647457627118644
"16001",2020,0.737444933920705,0.547297297297297
"16003",2020,0.693251533742331,0.515151515151515
"16005",2020,0.737444933920705,0.547297297297297
"16007",2020,0.737444933920705,0.547297297297297
"16009",2020,0.737444933920705,0.547297297297297
"16011",2020,0.737444933920705,0.547297297297297
"16013",2020,0.590361445783133,0.558823529411765
"16015",2020,0.758620689655172,0.571428571428571
"16017",2020,0.709302325581395,0.583333333333333
"16019",2020,0.737444933920705,0.547297297297297
"16021",2020,0.737444933920705,0.547297297297297
"16023",2020,0.737444933920705,0.547297297297297
"16025",2020,0.753846153846154,0.357142857142857
"16027",2020,0.737444933920705,0.547297297297297
"16029",2020,0.737444933920705,0.547297297297297
"16031",2020,0.784552845528455,0.452830188679245
"16033",2020,0.819306930693069,0.328767123287671
"16035",2020,0.737444933920705,0.547297297297297
"16037",2020,0.737444933920705,0.547297297297297
"16039",2020,0.737444933920705,0.547297297297297
"16041",2020,0.737444933920705,0.547297297297297
"16043",2020,0.737444933920705,0.547297297297297
"16045",2020,0.737444933920705,0.547297297297297
"16047",2020,0.737444933920705,0.547297297297297
"16049",2020,0.737444933920705,0.547297297297297
"16051",2020,0.737444933920705,0.547297297297297
"16053",2020,0.737444933920705,0.547297297297297
"16055",2020,0.737444933920705,0.547297297297297
"16057",2020,0.737444933920705,0.547297297297297
"16059",2020,0.737444933920705,0.547297297297297
"16061",2020,0.737444933920705,0.547297297297297
"16063",2020,0.737444933920705,0.547297297297297
"16065",2020,0.737444933920705,0.547297297297297
"16067",2020,0.737444933920705,0.547297297297297
"16069",2020,0.737444933920705,0.547297297297297
"16071",2020,0.737444933920705,0.547297297297297
"16073",2020,0.737444933920705,0.547297297297297
"16075",2020,0.737444933920705,0.547297297297297
"16077",2020,0.737444933920705,0.547297297297297
"16079",2020,0.737444933920705,0.547297297297297
"16081",2020,0.737444933920705,0.547297297297297
"16083",2020,0.737444933920705,0.547297297297297
"16085",2020,0.737444933920705,0.547297297297297
"16087",2020,0.737444933920705,0.547297297297297
"16001",2020,0.737444933920705,0.547297297297297
"16003",2020,0.693251533742331,0.515151515151515
"16005",2020,0.737444933920705,0.547297297297297
"16007",2020,0.737444933920705,0.547297297297297
"16009",2020,0.737444933920705,0.547297297297297
"16011",2020,0.737444933920705,0.547297297297297
"16013",2020,0.590361445783133,0.558823529411765
"16015",2020,0.758620689655172,0.571428571428571
"16017",2020,0.709302325581395,0.583333333333333
"16019",2020,0.737444933920705,0.547297297297297
"16021",2020,0.737444933920705,0.547297297297297
"16023",2020,0.737444933920705,0.547297297297297
"16025",2020,0.753846153846154,0.357142857142857
"16027",2020,0.737444933920705,0.547297297297297
"16029",2020,0.737444933920705,0.547297297297297
"16031",2020,0.784552845528455,0.452830188679245
"16033",2020,0.819306930693069,0.328767123287671
"16035",2020,0.737444933920705,0.547297297297297
"16037",2020,0.737444933920705,0.547297297297297
"16039",2020,0.737444933920705,0.547297297297297
"16041",2020,0.737444933920705,0.547297297297297
"16043",2020,0.737444933920705,0.547297297297297
"16045",2020,0.737444933920705,0.547297297297297
"16047",2020,0.737444933920705,0.547297297297297
"16049",2020,0.737444933920705,0.547297297297297
"16051",2020,0.737444933920705,0.547297297297297
"16053",2020,0.737444933920705,0.547297297297297
"16055",2020,0.737444933920705,0.547297297297297
"16057",2020,0.737444933920705,0.547297297297297
"16059",2020,0.737444933920705,0.547297297297297
"16061",2020,0.737444933920705,0.547297297297297
"16063",2020,0.737444933920705,0.547297297297297
"16065",2020,0.737444933920705,0.547297297297297
"16067",2020,0.737444933920705,0.547297297297297
"16069",2020,0.737444933920705,0.547297297297297
"16071",2020,0.737444933920705,0.547297297297297
"16073",2020,0.737444933920705,0.547297297297297
"16075",2020,0.737444933920705,0.547297297297297
"16077",2020,0.737444933920705,0.547297297297297
"16079",2020,0.737444933920705,0.547297297297297
"16081",2020,0.737444933920705,0.547297297297297
"16083",2020,0.737444933920705,0.547297297297297
"16085",2020,0.737444933920705,0.547297297297297
"16087",2020,0.737444933920705,0.547297297297297
"16001",2018,0.615531508593253,0.541528239202658
"16003",2018,0.590425531914894,0.542483660130719
"16005",2018,0.615531508593253,0.541528239202658
"16007",2018,0.615531508593253,0.541528239202658
"16009",2018,0.615531508593253,0.541528239202658
"16011",2018,0.615531508593253,0.541528239202658
"16013",2018,0.518518518518518,0.673076923076923
"16015",2018,0.647058823529412,0.416666666666667
"16017",2018,0.559055118110236,0.509090909090909
"16019",2018,0.615531508593253,0.541528239202658
"16021",2018,0.615531508593253,0.541528239202658
"16023",2018,0.615531508593253,0.541528239202658
"16025",2018,0.704347826086957,0.5
"16027",2018,0.604166666666667,0.789473684210526
"16029",2018,0.615531508593253,0.541528239202658
"16031",2018,0.67688679245283,0.525547445255474
"16033",2018,0.669941060903733,0.505952380952381
"16035",2018,0.615531508593253,0.541528239202658
"16037",2018,0.615531508593253,0.541528239202658
"16039",2018,0.615531508593253,0.541528239202658
"16041",2018,0.615531508593253,0.541528239202658
"16043",2018,0.615531508593253,0.541528239202658
"16045",2018,0.615531508593253,0.541528239202658
"16047",2018,0.615531508593253,0.541528239202658
"16049",2018,0.615531508593253,0.541528239202658
"16051",2018,0.615531508593253,0.541528239202658
"16053",2018,0.615531508593253,0.541528239202658
"16055",2018,0.615531508593253,0.541528239202658
"16057",2018,0.615531508593253,0.541528239202658
"16059",2018,0.615531508593253,0.541528239202658
"16061",2018,0.615531508593253,0.541528239202658
"16063",2018,0.615531508593253,0.541528239202658
"16065",2018,0.615531508593253,0.541528239202658
"16067",2018,0.615531508593253,0.541528239202658
"16069",2018,0.615531508593253,0.541528239202658
"16071",2018,0.615531508593253,0.541528239202658
"16073",2018,0.615531508593253,0.541528239202658
"16075",2018,0.615531508593253,0.541528239202658
"16077",2018,0.615531508593253,0.541528239202658
"16079",2018,0.615531508593253,0.541528239202658
"16081",2018,0.615531508593253,0.541528239202658
"16083",2018,0.615531508593253,0.541528239202658
"16085",2018,0.615531508593253,0.541528239202658
"16087",2018,0.615531508593253,0.541528239202658
"17001",2022,0.719811320754717,0.647457627118644
"17003",2022,0.693037974683544,0.484536082474227
"17005",2022,0.719811320754717,0.647457627118644
"17007",2022,0.719811320754717,0.647457627118644
"17009",2022,0.719811320754717,0.647457627118644
"17011",2022,0.719811320754717,0.647457627118644
"17013",2022,0.595505617977528,0.527777777777778
"17015",2022,0.625,0.333333333333333
"17017",2022,0.757575757575758,0.8
"17019",2022,0.719811320754717,0.647457627118644
"17021",2022,0.719811320754717,0.647457627118644
"17023",2022,0.719811320754717,0.647457627118644
"17025",2022,0.661538461538462,0.227272727272727
"17027",2022,0.719811320754717,0.647457627118644
"17029",2022,0.719811320754717,0.647457627118644
"17031",2022,0.754756871035941,0.491379310344828
"17033",2022,0.741514360313316,0.444444444444444
"17035",2022,0.719811320754717,0.647457627118644
"17037",2022,0.719811320754717,0.647457627118644
"17039",2022,0.719811320754717,0.647457627118644
"17041",2022,0.719811320754717,0.647457627118644
"17043",2022,0.719811320754717,0.647457627118644
"17045",2022,0.719811320754717,0.647457627118644
"17047",2022,0.719811320754717,0.647457627118644
"17049",2022,0.719811320754717,0.647457627118644
"17051",2022,0.719811320754717,0.647457627118644
"17053",2022,0.719811320754717,0.647457627118644
"17055",2022,0.719811320754717,0.647457627118644
"17057",2022,0.719811320754717,0.647457627118644
"17059",2022,0.719811320754717,0.647457627118644
"17061",2022,0.719811320754717,0.647457627118644
"17063",2022,0.719811320754717,0.647457627118644
"17065",2022,0.719811320754717,0.647457627118644
"17067",2022,0.719811320754717,0.647457627118644
"17069",2022,0.719811320754717,0.647457627118644
"17071",2022,0.719811320754717,0.647457627118644
"17073",2022,0.719811320754717,0.647457627118644
"17075",2022,0.719811320754717,0.647457627118644
"17077",2022,0.719811320754717,0.647457627118644
"17079",2022,0.719811320754717,0.647457627118644
"17081",2022,0.719811320754717,0.647457627118644
"17083",2022,0.719811320754717,0.647457627118644
"17085",2022,0.719811320754717,0.647457627118644
"17087",2022,0.719811320754717,0.647457627118644
"17089",2022,0.719811320754717,0.647457627118644
"17091",2022,0.719811320754717,0.647457627118644
"17093",2022,0.719811320754717,0.647457627118644
"17095",2022,0.719811320754717,0.647457627118644
"17097",2022,0.719811320754717,0.647457627118644
"17099",2022,0.719811320754717,0.647457627118644
"17101",2022,0.719811320754717,0.647457627118644
"17103",2022,0.719811320754717,0.647457627118644
"17105",2022,0.719811320754717,0.647457627118644
"17107",2022,0.719811320754717,0.647457627118644
"17109",2022,0.719811320754717,0.647457627118644
"17111",2022,0.719811320754717,0.647457627118644
"17113",2022,0.719811320754717,0.647457627118644
"17115",2022,0.719811320754717,0.647457627118644
"17117",2022,0.719811320754717,0.647457627118644
"17119",2022,0.719811320754717,0.647457627118644
"17121",2022,0.719811320754717,0.647457627118644
"17123",2022,0.719811320754717,0.647457627118644
"17125",2022,0.719811320754717,0.647457627118644
"17127",2022,0.719811320754717,0.647457627118644
"17129",2022,0.719811320754717,0.647457627118644
"17131",2022,0.719811320754717,0.647457627118644
"17133",2022,0.719811320754717,0.647457627118644
"17135",2022,0.719811320754717,0.647457627118644
"17137",2022,0.719811320754717,0.647457627118644
"17139",2022,0.719811320754717,0.647457627118644
"17141",2022,0.719811320754717,0.647457627118644
"17143",2022,0.719811320754717,0.647457627118644
"17145",2022,0.719811320754717,0.647457627118644
"17147",2022,0.719811320754717,0.647457627118644
"17149",2022,0.719811320754717,0.647457627118644
"17151",2022,0.719811320754717,0.647457627118644
"17153",2022,0.719811320754717,0.647457627118644
"17155",2022,0.719811320754717,0.647457627118644
"17157",2022,0.719811320754717,0.647457627118644
"17159",2022,0.719811320754717,0.647457627118644
"17161",2022,0.719811320754717,0.647457627118644
"17163",2022,0.719811320754717,0.647457627118644
"17165",2022,0.719811320754717,0.647457627118644
"17167",2022,0.719811320754717,0.647457627118644
"17169",2022,0.719811320754717,0.647457627118644
"17171",2022,0.719811320754717,0.647457627118644
"17173",2022,0.719811320754717,0.647457627118644
"17175",2022,0.719811320754717,0.647457627118644
"17177",2022,0.719811320754717,0.647457627118644
"17179",2022,0.719811320754717,0.647457627118644
"17181",2022,0.719811320754717,0.647457627118644
"17183",2022,0.719811320754717,0.647457627118644
"17185",2022,0.719811320754717,0.647457627118644
"17187",2022,0.719811320754717,0.647457627118644
"17189",2022,0.719811320754717,0.647457627118644
"17191",2022,0.719811320754717,0.647457627118644
"17193",2022,0.719811320754717,0.647457627118644
"17195",2022,0.719811320754717,0.647457627118644
"17197",2022,0.719811320754717,0.647457627118644
"17199",2022,0.719811320754717,0.647457627118644
"17201",2022,0.719811320754717,0.647457627118644
"17203",2022,0.719811320754717,0.647457627118644
"17001",2022,0.719811320754717,0.647457627118644
"17003",2022,0.693037974683544,0.484536082474227
"17005",2022,0.719811320754717,0.647457627118644
"17007",2022,0.719811320754717,0.647457627118644
"17009",2022,0.719811320754717,0.647457627118644
"17011",2022,0.719811320754717,0.647457627118644
"17013",2022,0.595505617977528,0.527777777777778
"17015",2022,0.625,0.333333333333333
"17017",2022,0.757575757575758,0.8
"17019",2022,0.719811320754717,0.647457627118644
"17021",2022,0.719811320754717,0.647457627118644
"17023",2022,0.719811320754717,0.647457627118644
"17025",2022,0.661538461538462,0.227272727272727
"17027",2022,0.719811320754717,0.647457627118644
"17029",2022,0.719811320754717,0.647457627118644
"17031",2022,0.754756871035941,0.491379310344828
"17033",2022,0.741514360313316,0.444444444444444
"17035",2022,0.719811320754717,0.647457627118644
"17037",2022,0.719811320754717,0.647457627118644
"17039",2022,0.719811320754717,0.647457627118644
"17041",2022,0.719811320754717,0.647457627118644
"17043",2022,0.719811320754717,0.647457627118644
"17045",2022,0.719811320754717,0.647457627118644
"17047",2022,0.719811320754717,0.647457627118644
"17049",2022,0.719811320754717,0.647457627118644
"17051",2022,0.719811320754717,0.647457627118644
"17053",2022,0.719811320754717,0.647457627118644
"17055",2022,0.719811320754717,0.647457627118644
"17057",2022,0.719811320754717,0.647457627118644
"17059",2022,0.719811320754717,0.647457627118644
"17061",2022,0.719811320754717,0.647457627118644
"17063",2022,0.719811320754717,0.647457627118644
"17065",2022,0.719811320754717,0.647457627118644
"17067",2022,0.719811320754717,0.647457627118644
"17069",2022,0.719811320754717,0.647457627118644
"17071",2022,0.719811320754717,0.647457627118644
"17073",2022,0.719811320754717,0.647457627118644
"17075",2022,0.719811320754717,0.647457627118644
"17077",2022,0.719811320754717,0.647457627118644
"17079",2022,0.719811320754717,0.647457627118644
"17081",2022,0.719811320754717,0.647457627118644
"17083",2022,0.719811320754717,0.647457627118644
"17085",2022,0.719811320754717,0.647457627118644
"17087",2022,0.719811320754717,0.647457627118644
"17089",2022,0.719811320754717,0.647457627118644
"17091",2022,0.719811320754717,0.647457627118644
"17093",2022,0.719811320754717,0.647457627118644
"17095",2022,0.719811320754717,0.647457627118644
"17097",2022,0.719811320754717,0.647457627118644
"17099",2022,0.719811320754717,0.647457627118644
"17101",2022,0.719811320754717,0.647457627118644
"17103",2022,0.719811320754717,0.647457627118644
"17105",2022,0.719811320754717,0.647457627118644
"17107",2022,0.719811320754717,0.647457627118644
"17109",2022,0.719811320754717,0.647457627118644
"17111",2022,0.719811320754717,0.647457627118644
"17113",2022,0.719811320754717,0.647457627118644
"17115",2022,0.719811320754717,0.647457627118644
"17117",2022,0.719811320754717,0.647457627118644
"17119",2022,0.719811320754717,0.647457627118644
"17121",2022,0.719811320754717,0.647457627118644
"17123",2022,0.719811320754717,0.647457627118644
"17125",2022,0.719811320754717,0.647457627118644
"17127",2022,0.719811320754717,0.647457627118644
"17129",2022,0.719811320754717,0.647457627118644
"17131",2022,0.719811320754717,0.647457627118644
"17133",2022,0.719811320754717,0.647457627118644
"17135",2022,0.719811320754717,0.647457627118644
"17137",2022,0.719811320754717,0.647457627118644
"17139",2022,0.719811320754717,0.647457627118644
"17141",2022,0.719811320754717,0.647457627118644
"17143",2022,0.719811320754717,0.647457627118644
"17145",2022,0.719811320754717,0.647457627118644
"17147",2022,0.719811320754717,0.647457627118644
"17149",2022,0.719811320754717,0.647457627118644
"17151",2022,0.719811320754717,0.647457627118644
"17153",2022,0.719811320754717,0.647457627118644
"17155",2022,0.719811320754717,0.647457627118644
"17157",2022,0.719811320754717,0.647457627118644
"17159",2022,0.719811320754717,0.647457627118644
"17161",2022,0.719811320754717,0.647457627118644
"17163",2022,0.719811320754717,0.647457627118644
"17165",2022,0.719811320754717,0.647457627118644
"17167",2022,0.719811320754717,0.647457627118644
"17169",2022,0.719811320754717,0.647457627118644
"17171",2022,0.719811320754717,0.647457627118644
"17173",2022,0.719811320754717,0.647457627118644
"17175",2022,0.719811320754717,0.647457627118644
"17177",2022,0.719811320754717,0.647457627118644
"17179",2022,0.719811320754717,0.647457627118644
"17181",2022,0.719811320754717,0.647457627118644
"17183",2022,0.719811320754717,0.647457627118644
"17185",2022,0.719811320754717,0.647457627118644
"17187",2022,0.719811320754717,0.647457627118644
"17189",2022,0.719811320754717,0.647457627118644
"17191",2022,0.719811320754717,0.647457627118644
"17193",2022,0.719811320754717,0.647457627118644
"17195",2022,0.719811320754717,0.647457627118644
"17197",2022,0.719811320754717,0.647457627118644
"17199",2022,0.719811320754717,0.647457627118644
"17201",2022,0.719811320754717,0.647457627118644
"17203",2022,0.719811320754717,0.647457627118644
"17001",2020,0.737444933920705,0.547297297297297
"17003",2020,0.693251533742331,0.515151515151515
"17005",2020,0.737444933920705,0.547297297297297
"17007",2020,0.737444933920705,0.547297297297297
"17009",2020,0.737444933920705,0.547297297297297
"17011",2020,0.737444933920705,0.547297297297297
"17013",2020,0.590361445783133,0.558823529411765
"17015",2020,0.758620689655172,0.571428571428571
"17017",2020,0.709302325581395,0.583333333333333
"17019",2020,0.737444933920705,0.547297297297297
"17021",2020,0.737444933920705,0.547297297297297
"17023",2020,0.737444933920705,0.547297297297297
"17025",2020,0.753846153846154,0.357142857142857
"17027",2020,0.737444933920705,0.547297297297297
"17029",2020,0.737444933920705,0.547297297297297
"17031",2020,0.784552845528455,0.452830188679245
"17033",2020,0.819306930693069,0.328767123287671
"17035",2020,0.737444933920705,0.547297297297297
"17037",2020,0.737444933920705,0.547297297297297
"17039",2020,0.737444933920705,0.547297297297297
"17041",2020,0.737444933920705,0.547297297297297
"17043",2020,0.737444933920705,0.547297297297297
"17045",2020,0.737444933920705,0.547297297297297
"17047",2020,0.737444933920705,0.547297297297297
"17049",2020,0.737444933920705,0.547297297297297
"17051",2020,0.737444933920705,0.547297297297297
"17053",2020,0.737444933920705,0.547297297297297
"17055",2020,0.737444933920705,0.547297297297297
"17057",2020,0.737444933920705,0.547297297297297
"17059",2020,0.737444933920705,0.547297297297297
"17061",2020,0.737444933920705,0.547297297297297
"17063",2020,0.737444933920705,0.547297297297297
"17065",2020,0.737444933920705,0.547297297297297
"17067",2020,0.737444933920705,0.547297297297297
"17069",2020,0.737444933920705,0.547297297297297
"17071",2020,0.737444933920705,0.547297297297297
"17073",2020,0.737444933920705,0.547297297297297
"17075",2020,0.737444933920705,0.547297297297297
"17077",2020,0.737444933920705,0.547297297297297
"17079",2020,0.737444933920705,0.547297297297297
"17081",2020,0.737444933920705,0.547297297297297
"17083",2020,0.737444933920705,0.547297297297297
"17085",2020,0.737444933920705,0.547297297297297
"17087",2020,0.737444933920705,0.547297297297297
"17089",2020,0.737444933920705,0.547297297297297
"17091",2020,0.737444933920705,0.547297297297297
"17093",2020,0.737444933920705,0.547297297297297
"17095",2020,0.737444933920705,0.547297297297297
"17097",2020,0.737444933920705,0.547297297297297
"17099",2020,0.737444933920705,0.547297297297297
"17101",2020,0.737444933920705,0.547297297297297
"17103",2020,0.737444933920705,0.547297297297297
"17105",2020,0.737444933920705,0.547297297297297
"17107",2020,0.737444933920705,0.547297297297297
"17109",2020,0.737444933920705,0.547297297297297
"17111",2020,0.737444933920705,0.547297297297297
"17113",2020,0.737444933920705,0.547297297297297
"17115",2020,0.737444933920705,0.547297297297297
"17117",2020,0.737444933920705,0.547297297297297
"17119",2020,0.737444933920705,0.547297297297297
"17121",2020,0.737444933920705,0.547297297297297
"17123",2020,0.737444933920705,0.547297297297297
"17125",2020,0.737444933920705,0.547297297297297
"17127",2020,0.737444933920705,0.547297297297297
"17129",2020,0.737444933920705,0.547297297297297
"17131",2020,0.737444933920705,0.547297297297297
"17133",2020,0.737444933920705,0.547297297297297
"17135",2020,0.737444933920705,0.547297297297297
"17137",2020,0.737444933920705,0.547297297297297
"17139",2020,0.737444933920705,0.547297297297297
"17141",2020,0.737444933920705,0.547297297297297
"17143",2020,0.737444933920705,0.547297297297297
"17145",2020,0.737444933920705,0.547297297297297
"17147",2020,0.737444933920705,0.547297297297297
"17149",2020,0.737444933920705,0.547297297297297
"17151",2020,0.737444933920705,0.547297297297297
"17153",2020,0.737444933920705,0.547297297297297
"17155",2020,0.737444933920705,0.547297297297297
"17157",2020,0.737444933920705,0.547297297297297
"17159",2020,0.737444933920705,0.547297297297297
"17161",2020,0.737444933920705,0.547297297297297
"17163",2020,0.737444933920705,0.547297297297297
"17165",2020,0.737444933920705,0.547297297297297
"17167",2020,0.737444933920705,0.547297297297297
"17169",2020,0.737444933920705,0.547297297297297
"17171",2020,0.737444933920705,0.547297297297297
"17173",2020,0.737444933920705,0.547297297297297
"17175",2020,0.737444933920705,0.547297297297297
"17177",2020,0.737444933920705,0.547297297297297
"17179",2020,0.737444933920705,0.547297297297297
"17181",2020,0.737444933920705,0.547297297297297
"17183",2020,0.737444933920705,0.547297297297297
"17185",2020,0.737444933920705,0.547297297297297
"17187",2020,0.737444933920705,0.547297297297297
"17189",2020,0.737444933920705,0.547297297297297
"17191",2020,0.737444933920705,0.547297297297297
"17193",2020,0.737444933920705,0.547297297297297
"17195",2020,0.737444933920705,0.547297297297297
"17197",2020,0.737444933920705,0.547297297297297
"17199",2020,0.737444933920705,0.547297297297297
"17201",2020,0.737444933920705,0.547297297297297
"17203",2020,0.737444933920705,0.547297297297297
"17001",2020,0.737444933920705,0.547297297297297
"17003",2020,0.693251533742331,0.515151515151515
"17005",2020,0.737444933920705,0.547297297297297
"17007",2020,0.737444933920705,0.547297297297297
"17009",2020,0.737444933920705,0.547297297297297
"17011",2020,0.737444933920705,0.547297297297297
"17013",2020,0.590361445783133,0.558823529411765
"17015",2020,0.758620689655172,0.571428571428571
"17017",2020,0.709302325581395,0.583333333333333
"17019",2020,0.737444933920705,0.547297297297297
"17021",2020,0.737444933920705,0.547297297297297
"17023",2020,0.737444933920705,0.547297297297297
"17025",2020,0.753846153846154,0.357142857142857
"17027",2020,0.737444933920705,0.547297297297297
"17029",2020,0.737444933920705,0.547297297297297
"17031",2020,0.784552845528455,0.452830188679245
"17033",2020,0.819306930693069,0.328767123287671
"17035",2020,0.737444933920705,0.547297297297297
"17037",2020,0.737444933920705,0.547297297297297
"17039",2020,0.737444933920705,0.547297297297297
"17041",2020,0.737444933920705,0.547297297297297
"17043",2020,0.737444933920705,0.547297297297297
"17045",2020,0.737444933920705,0.547297297297297
"17047",2020,0.737444933920705,0.547297297297297
"17049",2020,0.737444933920705,0.547297297297297
"17051",2020,0.737444933920705,0.547297297297297
"17053",2020,0.737444933920705,0.547297297297297
"17055",2020,0.737444933920705,0.547297297297297
"17057",2020,0.737444933920705,0.547297297297297
"17059",2020,0.737444933920705,0.547297297297297
"17061",2020,0.737444933920705,0.547297297297297
"17063",2020,0.737444933920705,0.547297297297297
"17065",2020,0.737444933920705,0.547297297297297
"17067",2020,0.737444933920705,0.547297297297297
"17069",2020,0.737444933920705,0.547297297297297
"17071",2020,0.737444933920705,0.547297297297297
"17073",2020,0.737444933920705,0.547297297297297
"17075",2020,0.737444933920705,0.547297297297297
"17077",2020,0.737444933920705,0.547297297297297
"17079",2020,0.737444933920705,0.547297297297297
"17081",2020,0.737444933920705,0.547297297297297
"17083",2020,0.737444933920705,0.547297297297297
"17085",2020,0.737444933920705,0.547297297297297
"17087",2020,0.737444933920705,0.547297297297297
"17089",2020,0.737444933920705,0.547297297297297
"17091",2020,0.737444933920705,0.547297297297297
"17093",2020,0.737444933920705,0.547297297297297
"17095",2020,0.737444933920705,0.547297297297297
"17097",2020,0.737444933920705,0.547297297297297
"17099",2020,0.737444933920705,0.547297297297297
"17101",2020,0.737444933920705,0.547297297297297
"17103",2020,0.737444933920705,0.547297297297297
"17105",2020,0.737444933920705,0.547297297297297
"17107",2020,0.737444933920705,0.547297297297297
"17109",2020,0.737444933920705,0.547297297297297
"17111",2020,0.737444933920705,0.547297297297297
"17113",2020,0.737444933920705,0.547297297297297
"17115",2020,0.737444933920705,0.547297297297297
"17117",2020,0.737444933920705,0.547297297297297
"17119",2020,0.737444933920705,0.547297297297297
"17121",2020,0.737444933920705,0.547297297297297
"17123",2020,0.737444933920705,0.547297297297297
"17125",2020,0.737444933920705,0.547297297297297
"17127",2020,0.737444933920705,0.547297297297297
"17129",2020,0.737444933920705,0.547297297297297
"17131",2020,0.737444933920705,0.547297297297297
"17133",2020,0.737444933920705,0.547297297297297
"17135",2020,0.737444933920705,0.547297297297297
"17137",2020,0.737444933920705,0.547297297297297
"17139",2020,0.737444933920705,0.547297297297297
"17141",2020,0.737444933920705,0.547297297297297
"17143",2020,0.737444933920705,0.547297297297297
"17145",2020,0.737444933920705,0.547297297297297
"17147",2020,0.737444933920705,0.547297297297297
"17149",2020,0.737444933920705,0.547297297297297
"17151",2020,0.737444933920705,0.547297297297297
"17153",2020,0.737444933920705,0.547297297297297
"17155",2020,0.737444933920705,0.547297297297297
"17157",2020,0.737444933920705,0.547297297297297
"17159",2020,0.737444933920705,0.547297297297297
"17161",2020,0.737444933920705,0.547297297297297
"17163",2020,0.737444933920705,0.547297297297297
"17165",2020,0.737444933920705,0.547297297297297
"17167",2020,0.737444933920705,0.547297297297297
"17169",2020,0.737444933920705,0.547297297297297
"17171",2020,0.737444933920705,0.547297297297297
"17173",2020,0.737444933920705,0.547297297297297
"17175",2020,0.737444933920705,0.547297297297297
"17177",2020,0.737444933920705,0.547297297297297
"17179",2020,0.737444933920705,0.547297297297297
"17181",2020,0.737444933920705,0.547297297297297
"17183",2020,0.737444933920705,0.547297297297297
"17185",2020,0.737444933920705,0.547297297297297
"17187",2020,0.737444933920705,0.547297297297297
"17189",2020,0.737444933920705,0.547297297297297
"17191",2020,0.737444933920705,0.547297297297297
"17193",2020,0.737444933920705,0.547297297297297
"17195",2020,0.737444933920705,0.547297297297297
"17197",2020,0.737444933920705,0.547297297297297
"17199",2020,0.737444933920705,0.547297297297297
"17201",2020,0.737444933920705,0.547297297297297
"17203",2020,0.737444933920705,0.547297297297297
"17001",2018,0.615531508593253,0.541528239202658
"17003",2018,0.590425531914894,0.542483660130719
"17005",2018,0.615531508593253,0.541528239202658
"17007",2018,0.615531508593253,0.541528239202658
"17009",2018,0.615531508593253,0.541528239202658
"17011",2018,0.615531508593253,0.541528239202658
"17013",2018,0.518518518518518,0.673076923076923
"17015",2018,0.647058823529412,0.416666666666667
"17017",2018,0.559055118110236,0.509090909090909
"17019",2018,0.615531508593253,0.541528239202658
"17021",2018,0.615531508593253,0.541528239202658
"17023",2018,0.615531508593253,0.541528239202658
"17025",2018,0.704347826086957,0.5
"17027",2018,0.604166666666667,0.789473684210526
"17029",2018,0.615531508593253,0.541528239202658
"17031",2018,0.67688679245283,0.525547445255474
"17033",2018,0.669941060903733,0.505952380952381
"17035",2018,0.615531508593253,0.541528239202658
"17037",2018,0.615531508593253,0.541528239202658
"17039",2018,0.615531508593253,0.541528239202658
"17041",2018,0.615531508593253,0.541528239202658
"17043",2018,0.615531508593253,0.541528239202658
"17045",2018,0.615531508593253,0.541528239202658
"17047",2018,0.615531508593253,0.541528239202658
"17049",2018,0.615531508593253,0.541528239202658
"17051",2018,0.615531508593253,0.541528239202658
"17053",2018,0.615531508593253,0.541528239202658
"17055",2018,0.615531508593253,0.541528239202658
"17057",2018,0.615531508593253,0.541528239202658
"17059",2018,0.615531508593253,0.541528239202658
"17061",2018,0.615531508593253,0.541528239202658
"17063",2018,0.615531508593253,0.541528239202658
"17065",2018,0.615531508593253,0.541528239202658
"17067",2018,0.615531508593253,0.541528239202658
"17069",2018,0.615531508593253,0.541528239202658
"17071",2018,0.615531508593253,0.541528239202658
"17073",2018,0.615531508593253,0.541528239202658
"17075",2018,0.615531508593253,0.541528239202658
"17077",2018,0.615531508593253,0.541528239202658
"17079",2018,0.615531508593253,0.541528239202658
"17081",2018,0.615531508593253,0.541528239202658
"17083",2018,0.615531508593253,0.541528239202658
"17085",2018,0.615531508593253,0.541528239202658
"17087",2018,0.615531508593253,0.541528239202658
"17089",2018,0.615531508593253,0.541528239202658
"17091",2018,0.615531508593253,0.541528239202658
"17093",2018,0.615531508593253,0.541528239202658
"17095",2018,0.615531508593253,0.541528239202658
"17097",2018,0.615531508593253,0.541528239202658
"17099",2018,0.615531508593253,0.541528239202658
"17101",2018,0.615531508593253,0.541528239202658
"17103",2018,0.615531508593253,0.541528239202658
"17105",2018,0.615531508593253,0.541528239202658
"17107",2018,0.615531508593253,0.541528239202658
"17109",2018,0.615531508593253,0.541528239202658
"17111",2018,0.615531508593253,0.541528239202658
"17113",2018,0.615531508593253,0.541528239202658
"17115",2018,0.615531508593253,0.541528239202658
"17117",2018,0.615531508593253,0.541528239202658
"17119",2018,0.615531508593253,0.541528239202658
"17121",2018,0.615531508593253,0.541528239202658
"17123",2018,0.615531508593253,0.541528239202658
"17125",2018,0.615531508593253,0.541528239202658
"17127",2018,0.615531508593253,0.541528239202658
"17129",2018,0.615531508593253,0.541528239202658
"17131",2018,0.615531508593253,0.541528239202658
"17133",2018,0.615531508593253,0.541528239202658
"17135",2018,0.615531508593253,0.541528239202658
"17137",2018,0.615531508593253,0.541528239202658
"17139",2018,0.615531508593253,0.541528239202658
"17141",2018,0.615531508593253,0.541528239202658
"17143",2018,0.615531508593253,0.541528239202658
"17145",2018,0.615531508593253,0.541528239202658
"17147",2018,0.615531508593253,0.541528239202658
"17149",2018,0.615531508593253,0.541528239202658
"17151",2018,0.615531508593253,0.541528239202658
"17153",2018,0.615531508593253,0.541528239202658
"17155",2018,0.615531508593253,0.541528239202658
"17157",2018,0.615531508593253,0.541528239202658
"17159",2018,0.615531508593253,0.541528239202658
"17161",2018,0.615531508593253,0.541528239202658
"17163",2018,0.615531508593253,0.541528239202658
"17165",2018,0.615531508593253,0.541528239202658
"17167",2018,0.615531508593253,0.541528239202658
"17169",2018,0.615531508593253,0.541528239202658
"17171",2018,0.615531508593253,0.541528239202658
"17173",2018,0.615531508593253,0.541528239202658
"17175",2018,0.615531508593253,0.541528239202658
"17177",2018,0.615531508593253,0.541528239202658
"17179",2018,0.615531508593253,0.541528239202658
"17181",2018,0.615531508593253,0.541528239202658
"17183",2018,0.615531508593253,0.541528239202658
"17185",2018,0.615531508593253,0.541528239202658
"17187",2018,0.615531508593253,0.541528239202658
"17189",2018,0.615531508593253,0.541528239202658
"17191",2018,0.615531508593253,0.541528239202658
"17193",2018,0.615531508593253,0.541528239202658
"17195",2018,0.615531508593253,0.541528239202658
"17197",2018,0.615531508593253,0.541528239202658
"17199",2018,0.615531508593253,0.541528239202658
"17201",2018,0.615531508593253,0.541528239202658
"17203",2018,0.615531508593253,0.541528239202658
"18001",2022,0.719811320754717,0.647457627118644
"18003",2022,0.693037974683544,0.484536082474227
"18005",2022,0.719811320754717,0.647457627118644
"18007",2022,0.719811320754717,0.647457627118644
"18009",2022,0.719811320754717,0.647457627118644
"18011",2022,0.719811320754717,0.647457627118644
"18013",2022,0.595505617977528,0.527777777777778
"18015",2022,0.625,0.333333333333333
"18017",2022,0.757575757575758,0.8
"18019",2022,0.719811320754717,0.647457627118644
"18021",2022,0.719811320754717,0.647457627118644
"18023",2022,0.719811320754717,0.647457627118644
"18025",2022,0.661538461538462,0.227272727272727
"18027",2022,0.719811320754717,0.647457627118644
"18029",2022,0.719811320754717,0.647457627118644
"18031",2022,0.754756871035941,0.491379310344828
"18033",2022,0.741514360313316,0.444444444444444
"18035",2022,0.719811320754717,0.647457627118644
"18037",2022,0.719811320754717,0.647457627118644
"18039",2022,0.719811320754717,0.647457627118644
"18041",2022,0.719811320754717,0.647457627118644
"18043",2022,0.719811320754717,0.647457627118644
"18045",2022,0.719811320754717,0.647457627118644
"18047",2022,0.719811320754717,0.647457627118644
"18049",2022,0.719811320754717,0.647457627118644
"18051",2022,0.719811320754717,0.647457627118644
"18053",2022,0.719811320754717,0.647457627118644
"18055",2022,0.719811320754717,0.647457627118644
"18057",2022,0.719811320754717,0.647457627118644
"18059",2022,0.719811320754717,0.647457627118644
"18061",2022,0.719811320754717,0.647457627118644
"18063",2022,0.719811320754717,0.647457627118644
"18065",2022,0.719811320754717,0.647457627118644
"18067",2022,0.719811320754717,0.647457627118644
"18069",2022,0.719811320754717,0.647457627118644
"18071",2022,0.719811320754717,0.647457627118644
"18073",2022,0.719811320754717,0.647457627118644
"18075",2022,0.719811320754717,0.647457627118644
"18077",2022,0.719811320754717,0.647457627118644
"18079",2022,0.719811320754717,0.647457627118644
"18081",2022,0.719811320754717,0.647457627118644
"18083",2022,0.719811320754717,0.647457627118644
"18085",2022,0.719811320754717,0.647457627118644
"18087",2022,0.719811320754717,0.647457627118644
"18089",2022,0.719811320754717,0.647457627118644
"18091",2022,0.719811320754717,0.647457627118644
"18093",2022,0.719811320754717,0.647457627118644
"18095",2022,0.719811320754717,0.647457627118644
"18097",2022,0.719811320754717,0.647457627118644
"18099",2022,0.719811320754717,0.647457627118644
"18101",2022,0.719811320754717,0.647457627118644
"18103",2022,0.719811320754717,0.647457627118644
"18105",2022,0.719811320754717,0.647457627118644
"18107",2022,0.719811320754717,0.647457627118644
"18109",2022,0.719811320754717,0.647457627118644
"18111",2022,0.719811320754717,0.647457627118644
"18113",2022,0.719811320754717,0.647457627118644
"18115",2022,0.719811320754717,0.647457627118644
"18117",2022,0.719811320754717,0.647457627118644
"18119",2022,0.719811320754717,0.647457627118644
"18121",2022,0.719811320754717,0.647457627118644
"18123",2022,0.719811320754717,0.647457627118644
"18125",2022,0.719811320754717,0.647457627118644
"18127",2022,0.719811320754717,0.647457627118644
"18129",2022,0.719811320754717,0.647457627118644
"18131",2022,0.719811320754717,0.647457627118644
"18133",2022,0.719811320754717,0.647457627118644
"18135",2022,0.719811320754717,0.647457627118644
"18137",2022,0.719811320754717,0.647457627118644
"18139",2022,0.719811320754717,0.647457627118644
"18141",2022,0.719811320754717,0.647457627118644
"18143",2022,0.719811320754717,0.647457627118644
"18145",2022,0.719811320754717,0.647457627118644
"18147",2022,0.719811320754717,0.647457627118644
"18149",2022,0.719811320754717,0.647457627118644
"18151",2022,0.719811320754717,0.647457627118644
"18153",2022,0.719811320754717,0.647457627118644
"18155",2022,0.719811320754717,0.647457627118644
"18157",2022,0.719811320754717,0.647457627118644
"18159",2022,0.719811320754717,0.647457627118644
"18161",2022,0.719811320754717,0.647457627118644
"18163",2022,0.719811320754717,0.647457627118644
"18165",2022,0.719811320754717,0.647457627118644
"18167",2022,0.719811320754717,0.647457627118644
"18169",2022,0.719811320754717,0.647457627118644
"18171",2022,0.719811320754717,0.647457627118644
"18173",2022,0.719811320754717,0.647457627118644
"18175",2022,0.719811320754717,0.647457627118644
"18177",2022,0.719811320754717,0.647457627118644
"18179",2022,0.719811320754717,0.647457627118644
"18181",2022,0.719811320754717,0.647457627118644
"18183",2022,0.719811320754717,0.647457627118644
"18001",2022,0.719811320754717,0.647457627118644
"18003",2022,0.693037974683544,0.484536082474227
"18005",2022,0.719811320754717,0.647457627118644
"18007",2022,0.719811320754717,0.647457627118644
"18009",2022,0.719811320754717,0.647457627118644
"18011",2022,0.719811320754717,0.647457627118644
"18013",2022,0.595505617977528,0.527777777777778
"18015",2022,0.625,0.333333333333333
"18017",2022,0.757575757575758,0.8
"18019",2022,0.719811320754717,0.647457627118644
"18021",2022,0.719811320754717,0.647457627118644
"18023",2022,0.719811320754717,0.647457627118644
"18025",2022,0.661538461538462,0.227272727272727
"18027",2022,0.719811320754717,0.647457627118644
"18029",2022,0.719811320754717,0.647457627118644
"18031",2022,0.754756871035941,0.491379310344828
"18033",2022,0.741514360313316,0.444444444444444
"18035",2022,0.719811320754717,0.647457627118644
"18037",2022,0.719811320754717,0.647457627118644
"18039",2022,0.719811320754717,0.647457627118644
"18041",2022,0.719811320754717,0.647457627118644
"18043",2022,0.719811320754717,0.647457627118644
"18045",2022,0.719811320754717,0.647457627118644
"18047",2022,0.719811320754717,0.647457627118644
"18049",2022,0.719811320754717,0.647457627118644
"18051",2022,0.719811320754717,0.647457627118644
"18053",2022,0.719811320754717,0.647457627118644
"18055",2022,0.719811320754717,0.647457627118644
"18057",2022,0.719811320754717,0.647457627118644
"18059",2022,0.719811320754717,0.647457627118644
"18061",2022,0.719811320754717,0.647457627118644
"18063",2022,0.719811320754717,0.647457627118644
"18065",2022,0.719811320754717,0.647457627118644
"18067",2022,0.719811320754717,0.647457627118644
"18069",2022,0.719811320754717,0.647457627118644
"18071",2022,0.719811320754717,0.647457627118644
"18073",2022,0.719811320754717,0.647457627118644
"18075",2022,0.719811320754717,0.647457627118644
"18077",2022,0.719811320754717,0.647457627118644
"18079",2022,0.719811320754717,0.647457627118644
"18081",2022,0.719811320754717,0.647457627118644
"18083",2022,0.719811320754717,0.647457627118644
"18085",2022,0.719811320754717,0.647457627118644
"18087",2022,0.719811320754717,0.647457627118644
"18089",2022,0.719811320754717,0.647457627118644
"18091",2022,0.719811320754717,0.647457627118644
"18093",2022,0.719811320754717,0.647457627118644
"18095",2022,0.719811320754717,0.647457627118644
"18097",2022,0.719811320754717,0.647457627118644
"18099",2022,0.719811320754717,0.647457627118644
"18101",2022,0.719811320754717,0.647457627118644
"18103",2022,0.719811320754717,0.647457627118644
"18105",2022,0.719811320754717,0.647457627118644
"18107",2022,0.719811320754717,0.647457627118644
"18109",2022,0.719811320754717,0.647457627118644
"18111",2022,0.719811320754717,0.647457627118644
"18113",2022,0.719811320754717,0.647457627118644
"18115",2022,0.719811320754717,0.647457627118644
"18117",2022,0.719811320754717,0.647457627118644
"18119",2022,0.719811320754717,0.647457627118644
"18121",2022,0.719811320754717,0.647457627118644
"18123",2022,0.719811320754717,0.647457627118644
"18125",2022,0.719811320754717,0.647457627118644
"18127",2022,0.719811320754717,0.647457627118644
"18129",2022,0.719811320754717,0.647457627118644
"18131",2022,0.719811320754717,0.647457627118644
"18133",2022,0.719811320754717,0.647457627118644
"18135",2022,0.719811320754717,0.647457627118644
"18137",2022,0.719811320754717,0.647457627118644
"18139",2022,0.719811320754717,0.647457627118644
"18141",2022,0.719811320754717,0.647457627118644
"18143",2022,0.719811320754717,0.647457627118644
"18145",2022,0.719811320754717,0.647457627118644
"18147",2022,0.719811320754717,0.647457627118644
"18149",2022,0.719811320754717,0.647457627118644
"18151",2022,0.719811320754717,0.647457627118644
"18153",2022,0.719811320754717,0.647457627118644
"18155",2022,0.719811320754717,0.647457627118644
"18157",2022,0.719811320754717,0.647457627118644
"18159",2022,0.719811320754717,0.647457627118644
"18161",2022,0.719811320754717,0.647457627118644
"18163",2022,0.719811320754717,0.647457627118644
"18165",2022,0.719811320754717,0.647457627118644
"18167",2022,0.719811320754717,0.647457627118644
"18169",2022,0.719811320754717,0.647457627118644
"18171",2022,0.719811320754717,0.647457627118644
"18173",2022,0.719811320754717,0.647457627118644
"18175",2022,0.719811320754717,0.647457627118644
"18177",2022,0.719811320754717,0.647457627118644
"18179",2022,0.719811320754717,0.647457627118644
"18181",2022,0.719811320754717,0.647457627118644
"18183",2022,0.719811320754717,0.647457627118644
"18001",2020,0.737444933920705,0.547297297297297
"18003",2020,0.693251533742331,0.515151515151515
"18005",2020,0.737444933920705,0.547297297297297
"18007",2020,0.737444933920705,0.547297297297297
"18009",2020,0.737444933920705,0.547297297297297
"18011",2020,0.737444933920705,0.547297297297297
"18013",2020,0.590361445783133,0.558823529411765
"18015",2020,0.758620689655172,0.571428571428571
"18017",2020,0.709302325581395,0.583333333333333
"18019",2020,0.737444933920705,0.547297297297297
"18021",2020,0.737444933920705,0.547297297297297
"18023",2020,0.737444933920705,0.547297297297297
"18025",2020,0.753846153846154,0.357142857142857
"18027",2020,0.737444933920705,0.547297297297297
"18029",2020,0.737444933920705,0.547297297297297
"18031",2020,0.784552845528455,0.452830188679245
"18033",2020,0.819306930693069,0.328767123287671
"18035",2020,0.737444933920705,0.547297297297297
"18037",2020,0.737444933920705,0.547297297297297
"18039",2020,0.737444933920705,0.547297297297297
"18041",2020,0.737444933920705,0.547297297297297
"18043",2020,0.737444933920705,0.547297297297297
"18045",2020,0.737444933920705,0.547297297297297
"18047",2020,0.737444933920705,0.547297297297297
"18049",2020,0.737444933920705,0.547297297297297
"18051",2020,0.737444933920705,0.547297297297297
"18053",2020,0.737444933920705,0.547297297297297
"18055",2020,0.737444933920705,0.547297297297297
"18057",2020,0.737444933920705,0.547297297297297
"18059",2020,0.737444933920705,0.547297297297297
"18061",2020,0.737444933920705,0.547297297297297
"18063",2020,0.737444933920705,0.547297297297297
"18065",2020,0.737444933920705,0.547297297297297
"18067",2020,0.737444933920705,0.547297297297297
"18069",2020,0.737444933920705,0.547297297297297
"18071",2020,0.737444933920705,0.547297297297297
"18073",2020,0.737444933920705,0.547297297297297
"18075",2020,0.737444933920705,0.547297297297297
"18077",2020,0.737444933920705,0.547297297297297
"18079",2020,0.737444933920705,0.547297297297297
"18081",2020,0.737444933920705,0.547297297297297
"18083",2020,0.737444933920705,0.547297297297297
"18085",2020,0.737444933920705,0.547297297297297
"18087",2020,0.737444933920705,0.547297297297297
"18089",2020,0.737444933920705,0.547297297297297
"18091",2020,0.737444933920705,0.547297297297297
"18093",2020,0.737444933920705,0.547297297297297
"18095",2020,0.737444933920705,0.547297297297297
"18097",2020,0.737444933920705,0.547297297297297
"18099",2020,0.737444933920705,0.547297297297297
"18101",2020,0.737444933920705,0.547297297297297
"18103",2020,0.737444933920705,0.547297297297297
"18105",2020,0.737444933920705,0.547297297297297
"18107",2020,0.737444933920705,0.547297297297297
"18109",2020,0.737444933920705,0.547297297297297
"18111",2020,0.737444933920705,0.547297297297297
"18113",2020,0.737444933920705,0.547297297297297
"18115",2020,0.737444933920705,0.547297297297297
"18117",2020,0.737444933920705,0.547297297297297
"18119",2020,0.737444933920705,0.547297297297297
"18121",2020,0.737444933920705,0.547297297297297
"18123",2020,0.737444933920705,0.547297297297297
"18125",2020,0.737444933920705,0.547297297297297
"18127",2020,0.737444933920705,0.547297297297297
"18129",2020,0.737444933920705,0.547297297297297
"18131",2020,0.737444933920705,0.547297297297297
"18133",2020,0.737444933920705,0.547297297297297
"18135",2020,0.737444933920705,0.547297297297297
"18137",2020,0.737444933920705,0.547297297297297
"18139",2020,0.737444933920705,0.547297297297297
"18141",2020,0.737444933920705,0.547297297297297
"18143",2020,0.737444933920705,0.547297297297297
"18145",2020,0.737444933920705,0.547297297297297
"18147",2020,0.737444933920705,0.547297297297297
"18149",2020,0.737444933920705,0.547297297297297
"18151",2020,0.737444933920705,0.547297297297297
"18153",2020,0.737444933920705,0.547297297297297
"18155",2020,0.737444933920705,0.547297297297297
"18157",2020,0.737444933920705,0.547297297297297
"18159",2020,0.737444933920705,0.547297297297297
"18161",2020,0.737444933920705,0.547297297297297
"18163",2020,0.737444933920705,0.547297297297297
"18165",2020,0.737444933920705,0.547297297297297
"18167",2020,0.737444933920705,0.547297297297297
"18169",2020,0.737444933920705,0.547297297297297
"18171",2020,0.737444933920705,0.547297297297297
"18173",2020,0.737444933920705,0.547297297297297
"18175",2020,0.737444933920705,0.547297297297297
"18177",2020,0.737444933920705,0.547297297297297
"18179",2020,0.737444933920705,0.547297297297297
"18181",2020,0.737444933920705,0.547297297297297
"18183",2020,0.737444933920705,0.547297297297297
"18001",2020,0.737444933920705,0.547297297297297
"18003",2020,0.693251533742331,0.515151515151515
"18005",2020,0.737444933920705,0.547297297297297
"18007",2020,0.737444933920705,0.547297297297297
"18009",2020,0.737444933920705,0.547297297297297
"18011",2020,0.737444933920705,0.547297297297297
"18013",2020,0.590361445783133,0.558823529411765
"18015",2020,0.758620689655172,0.571428571428571
"18017",2020,0.709302325581395,0.583333333333333
"18019",2020,0.737444933920705,0.547297297297297
"18021",2020,0.737444933920705,0.547297297297297
"18023",2020,0.737444933920705,0.547297297297297
"18025",2020,0.753846153846154,0.357142857142857
"18027",2020,0.737444933920705,0.547297297297297
"18029",2020,0.737444933920705,0.547297297297297
"18031",2020,0.784552845528455,0.452830188679245
"18033",2020,0.819306930693069,0.328767123287671
"18035",2020,0.737444933920705,0.547297297297297
"18037",2020,0.737444933920705,0.547297297297297
"18039",2020,0.737444933920705,0.547297297297297
"18041",2020,0.737444933920705,0.547297297297297
"18043",2020,0.737444933920705,0.547297297297297
"18045",2020,0.737444933920705,0.547297297297297
"18047",2020,0.737444933920705,0.547297297297297
"18049",2020,0.737444933920705,0.547297297297297
"18051",2020,0.737444933920705,0.547297297297297
"18053",2020,0.737444933920705,0.547297297297297
"18055",2020,0.737444933920705,0.547297297297297
"18057",2020,0.737444933920705,0.547297297297297
"18059",2020,0.737444933920705,0.547297297297297
"18061",2020,0.737444933920705,0.547297297297297
"18063",2020,0.737444933920705,0.547297297297297
"18065",2020,0.737444933920705,0.547297297297297
"18067",2020,0.737444933920705,0.547297297297297
"18069",2020,0.737444933920705,0.547297297297297
"18071",2020,0.737444933920705,0.547297297297297
"18073",2020,0.737444933920705,0.547297297297297
"18075",2020,0.737444933920705,0.547297297297297
"18077",2020,0.737444933920705,0.547297297297297
"18079",2020,0.737444933920705,0.547297297297297
"18081",2020,0.737444933920705,0.547297297297297
"18083",2020,0.737444933920705,0.547297297297297
"18085",2020,0.737444933920705,0.547297297297297
"18087",2020,0.737444933920705,0.547297297297297
"18089",2020,0.737444933920705,0.547297297297297
"18091",2020,0.737444933920705,0.547297297297297
"18093",2020,0.737444933920705,0.547297297297297
"18095",2020,0.737444933920705,0.547297297297297
"18097",2020,0.737444933920705,0.547297297297297
"18099",2020,0.737444933920705,0.547297297297297
"18101",2020,0.737444933920705,0.547297297297297
"18103",2020,0.737444933920705,0.547297297297297
"18105",2020,0.737444933920705,0.547297297297297
"18107",2020,0.737444933920705,0.547297297297297
"18109",2020,0.737444933920705,0.547297297297297
"18111",2020,0.737444933920705,0.547297297297297
"18113",2020,0.737444933920705,0.547297297297297
"18115",2020,0.737444933920705,0.547297297297297
"18117",2020,0.737444933920705,0.547297297297297
"18119",2020,0.737444933920705,0.547297297297297
"18121",2020,0.737444933920705,0.547297297297297
"18123",2020,0.737444933920705,0.547297297297297
"18125",2020,0.737444933920705,0.547297297297297
"18127",2020,0.737444933920705,0.547297297297297
"18129",2020,0.737444933920705,0.547297297297297
"18131",2020,0.737444933920705,0.547297297297297
"18133",2020,0.737444933920705,0.547297297297297
"18135",2020,0.737444933920705,0.547297297297297
"18137",2020,0.737444933920705,0.547297297297297
"18139",2020,0.737444933920705,0.547297297297297
"18141",2020,0.737444933920705,0.547297297297297
"18143",2020,0.737444933920705,0.547297297297297
"18145",2020,0.737444933920705,0.547297297297297
"18147",2020,0.737444933920705,0.547297297297297
"18149",2020,0.737444933920705,0.547297297297297
"18151",2020,0.737444933920705,0.547297297297297
"18153",2020,0.737444933920705,0.547297297297297
"18155",2020,0.737444933920705,0.547297297297297
"18157",2020,0.737444933920705,0.547297297297297
"18159",2020,0.737444933920705,0.547297297297297
"18161",2020,0.737444933920705,0.547297297297297
"18163",2020,0.737444933920705,0.547297297297297
"18165",2020,0.737444933920705,0.547297297297297
"18167",2020,0.737444933920705,0.547297297297297
"18169",2020,0.737444933920705,0.547297297297297
"18171",2020,0.737444933920705,0.547297297297297
"18173",2020,0.737444933920705,0.547297297297297
"18175",2020,0.737444933920705,0.547297297297297
"18177",2020,0.737444933920705,0.547297297297297
"18179",2020,0.737444933920705,0.547297297297297
"18181",2020,0.737444933920705,0.547297297297297
"18183",2020,0.737444933920705,0.547297297297297
"18001",2018,0.615531508593253,0.541528239202658
"18003",2018,0.590425531914894,0.542483660130719
"18005",2018,0.615531508593253,0.541528239202658
"18007",2018,0.615531508593253,0.541528239202658
"18009",2018,0.615531508593253,0.541528239202658
"18011",2018,0.615531508593253,0.541528239202658
"18013",2018,0.518518518518518,0.673076923076923
"18015",2018,0.647058823529412,0.416666666666667
"18017",2018,0.559055118110236,0.509090909090909
"18019",2018,0.615531508593253,0.541528239202658
"18021",2018,0.615531508593253,0.541528239202658
"18023",2018,0.615531508593253,0.541528239202658
"18025",2018,0.704347826086957,0.5
"18027",2018,0.604166666666667,0.789473684210526
"18029",2018,0.615531508593253,0.541528239202658
"18031",2018,0.67688679245283,0.525547445255474
"18033",2018,0.669941060903733,0.505952380952381
"18035",2018,0.615531508593253,0.541528239202658
"18037",2018,0.615531508593253,0.541528239202658
"18039",2018,0.615531508593253,0.541528239202658
"18041",2018,0.615531508593253,0.541528239202658
"18043",2018,0.615531508593253,0.541528239202658
"18045",2018,0.615531508593253,0.541528239202658
"18047",2018,0.615531508593253,0.541528239202658
"18049",2018,0.615531508593253,0.541528239202658
"18051",2018,0.615531508593253,0.541528239202658
"18053",2018,0.615531508593253,0.541528239202658
"18055",2018,0.615531508593253,0.541528239202658
"18057",2018,0.615531508593253,0.541528239202658
"18059",2018,0.615531508593253,0.541528239202658
"18061",2018,0.615531508593253,0.541528239202658
"18063",2018,0.615531508593253,0.541528239202658
"18065",2018,0.615531508593253,0.541528239202658
"18067",2018,0.615531508593253,0.541528239202658
"18069",2018,0.615531508593253,0.541528239202658
"18071",2018,0.615531508593253,0.541528239202658
"18073",2018,0.615531508593253,0.541528239202658
"18075",2018,0.615531508593253,0.541528239202658
"18077",2018,0.615531508593253,0.541528239202658
"18079",2018,0.615531508593253,0.541528239202658
"18081",2018,0.615531508593253,0.541528239202658
"18083",2018,0.615531508593253,0.541528239202658
"18085",2018,0.615531508593253,0.541528239202658
"18087",2018,0.615531508593253,0.541528239202658
"18089",2018,0.615531508593253,0.541528239202658
"18091",2018,0.615531508593253,0.541528239202658
"18093",2018,0.615531508593253,0.541528239202658
"18095",2018,0.615531508593253,0.541528239202658
"18097",2018,0.615531508593253,0.541528239202658
"18099",2018,0.615531508593253,0.541528239202658
"18101",2018,0.615531508593253,0.541528239202658
"18103",2018,0.615531508593253,0.541528239202658
"18105",2018,0.615531508593253,0.541528239202658
"18107",2018,0.615531508593253,0.541528239202658
"18109",2018,0.615531508593253,0.541528239202658
"18111",2018,0.615531508593253,0.541528239202658
"18113",2018,0.615531508593253,0.541528239202658
"18115",2018,0.615531508593253,0.541528239202658
"18117",2018,0.615531508593253,0.541528239202658
"18119",2018,0.615531508593253,0.541528239202658
"18121",2018,0.615531508593253,0.541528239202658
"18123",2018,0.615531508593253,0.541528239202658
"18125",2018,0.615531508593253,0.541528239202658
"18127",2018,0.615531508593253,0.541528239202658
"18129",2018,0.615531508593253,0.541528239202658
"18131",2018,0.615531508593253,0.541528239202658
"18133",2018,0.615531508593253,0.541528239202658
"18135",2018,0.615531508593253,0.541528239202658
"18137",2018,0.615531508593253,0.541528239202658
"18139",2018,0.615531508593253,0.541528239202658
"18141",2018,0.615531508593253,0.541528239202658
"18143",2018,0.615531508593253,0.541528239202658
"18145",2018,0.615531508593253,0.541528239202658
"18147",2018,0.615531508593253,0.541528239202658
"18149",2018,0.615531508593253,0.541528239202658
"18151",2018,0.615531508593253,0.541528239202658
"18153",2018,0.615531508593253,0.541528239202658
"18155",2018,0.615531508593253,0.541528239202658
"18157",2018,0.615531508593253,0.541528239202658
"18159",2018,0.615531508593253,0.541528239202658
"18161",2018,0.615531508593253,0.541528239202658
"18163",2018,0.615531508593253,0.541528239202658
"18165",2018,0.615531508593253,0.541528239202658
"18167",2018,0.615531508593253,0.541528239202658
"18169",2018,0.615531508593253,0.541528239202658
"18171",2018,0.615531508593253,0.541528239202658
"18173",2018,0.615531508593253,0.541528239202658
"18175",2018,0.615531508593253,0.541528239202658
"18177",2018,0.615531508593253,0.541528239202658
"18179",2018,0.615531508593253,0.541528239202658
"18181",2018,0.615531508593253,0.541528239202658
"18183",2018,0.615531508593253,0.541528239202658
"19001",2022,0.719811320754717,0.647457627118644
"19003",2022,0.693037974683544,0.484536082474227
"19005",2022,0.719811320754717,0.647457627118644
"19007",2022,0.719811320754717,0.647457627118644
"19009",2022,0.719811320754717,0.647457627118644
"19011",2022,0.719811320754717,0.647457627118644
"19013",2022,0.595505617977528,0.527777777777778
"19015",2022,0.625,0.333333333333333
"19017",2022,0.757575757575758,0.8
"19019",2022,0.719811320754717,0.647457627118644
"19021",2022,0.719811320754717,0.647457627118644
"19023",2022,0.719811320754717,0.647457627118644
"19025",2022,0.661538461538462,0.227272727272727
"19027",2022,0.719811320754717,0.647457627118644
"19029",2022,0.719811320754717,0.647457627118644
"19031",2022,0.754756871035941,0.491379310344828
"19033",2022,0.741514360313316,0.444444444444444
"19035",2022,0.719811320754717,0.647457627118644
"19037",2022,0.719811320754717,0.647457627118644
"19039",2022,0.719811320754717,0.647457627118644
"19041",2022,0.719811320754717,0.647457627118644
"19043",2022,0.719811320754717,0.647457627118644
"19045",2022,0.719811320754717,0.647457627118644
"19047",2022,0.719811320754717,0.647457627118644
"19049",2022,0.719811320754717,0.647457627118644
"19051",2022,0.719811320754717,0.647457627118644
"19053",2022,0.719811320754717,0.647457627118644
"19055",2022,0.719811320754717,0.647457627118644
"19057",2022,0.719811320754717,0.647457627118644
"19059",2022,0.719811320754717,0.647457627118644
"19061",2022,0.719811320754717,0.647457627118644
"19063",2022,0.719811320754717,0.647457627118644
"19065",2022,0.719811320754717,0.647457627118644
"19067",2022,0.719811320754717,0.647457627118644
"19069",2022,0.719811320754717,0.647457627118644
"19071",2022,0.719811320754717,0.647457627118644
"19073",2022,0.719811320754717,0.647457627118644
"19075",2022,0.719811320754717,0.647457627118644
"19077",2022,0.719811320754717,0.647457627118644
"19079",2022,0.719811320754717,0.647457627118644
"19081",2022,0.719811320754717,0.647457627118644
"19083",2022,0.719811320754717,0.647457627118644
"19085",2022,0.719811320754717,0.647457627118644
"19087",2022,0.719811320754717,0.647457627118644
"19089",2022,0.719811320754717,0.647457627118644
"19091",2022,0.719811320754717,0.647457627118644
"19093",2022,0.719811320754717,0.647457627118644
"19095",2022,0.719811320754717,0.647457627118644
"19097",2022,0.719811320754717,0.647457627118644
"19099",2022,0.719811320754717,0.647457627118644
"19101",2022,0.719811320754717,0.647457627118644
"19103",2022,0.719811320754717,0.647457627118644
"19105",2022,0.719811320754717,0.647457627118644
"19107",2022,0.719811320754717,0.647457627118644
"19109",2022,0.719811320754717,0.647457627118644
"19111",2022,0.719811320754717,0.647457627118644
"19113",2022,0.719811320754717,0.647457627118644
"19115",2022,0.719811320754717,0.647457627118644
"19117",2022,0.719811320754717,0.647457627118644
"19119",2022,0.719811320754717,0.647457627118644
"19121",2022,0.719811320754717,0.647457627118644
"19123",2022,0.719811320754717,0.647457627118644
"19125",2022,0.719811320754717,0.647457627118644
"19127",2022,0.719811320754717,0.647457627118644
"19129",2022,0.719811320754717,0.647457627118644
"19131",2022,0.719811320754717,0.647457627118644
"19133",2022,0.719811320754717,0.647457627118644
"19135",2022,0.719811320754717,0.647457627118644
"19137",2022,0.719811320754717,0.647457627118644
"19139",2022,0.719811320754717,0.647457627118644
"19141",2022,0.719811320754717,0.647457627118644
"19143",2022,0.719811320754717,0.647457627118644
"19145",2022,0.719811320754717,0.647457627118644
"19147",2022,0.719811320754717,0.647457627118644
"19149",2022,0.719811320754717,0.647457627118644
"19151",2022,0.719811320754717,0.647457627118644
"19153",2022,0.719811320754717,0.647457627118644
"19155",2022,0.719811320754717,0.647457627118644
"19157",2022,0.719811320754717,0.647457627118644
"19159",2022,0.719811320754717,0.647457627118644
"19161",2022,0.719811320754717,0.647457627118644
"19163",2022,0.719811320754717,0.647457627118644
"19165",2022,0.719811320754717,0.647457627118644
"19167",2022,0.719811320754717,0.647457627118644
"19169",2022,0.719811320754717,0.647457627118644
"19171",2022,0.719811320754717,0.647457627118644
"19173",2022,0.719811320754717,0.647457627118644
"19175",2022,0.719811320754717,0.647457627118644
"19177",2022,0.719811320754717,0.647457627118644
"19179",2022,0.719811320754717,0.647457627118644
"19181",2022,0.719811320754717,0.647457627118644
"19183",2022,0.719811320754717,0.647457627118644
"19185",2022,0.719811320754717,0.647457627118644
"19187",2022,0.719811320754717,0.647457627118644
"19189",2022,0.719811320754717,0.647457627118644
"19191",2022,0.719811320754717,0.647457627118644
"19193",2022,0.719811320754717,0.647457627118644
"19195",2022,0.719811320754717,0.647457627118644
"19197",2022,0.719811320754717,0.647457627118644
"19001",2022,0.719811320754717,0.647457627118644
"19003",2022,0.693037974683544,0.484536082474227
"19005",2022,0.719811320754717,0.647457627118644
"19007",2022,0.719811320754717,0.647457627118644
"19009",2022,0.719811320754717,0.647457627118644
"19011",2022,0.719811320754717,0.647457627118644
"19013",2022,0.595505617977528,0.527777777777778
"19015",2022,0.625,0.333333333333333
"19017",2022,0.757575757575758,0.8
"19019",2022,0.719811320754717,0.647457627118644
"19021",2022,0.719811320754717,0.647457627118644
"19023",2022,0.719811320754717,0.647457627118644
"19025",2022,0.661538461538462,0.227272727272727
"19027",2022,0.719811320754717,0.647457627118644
"19029",2022,0.719811320754717,0.647457627118644
"19031",2022,0.754756871035941,0.491379310344828
"19033",2022,0.741514360313316,0.444444444444444
"19035",2022,0.719811320754717,0.647457627118644
"19037",2022,0.719811320754717,0.647457627118644
"19039",2022,0.719811320754717,0.647457627118644
"19041",2022,0.719811320754717,0.647457627118644
"19043",2022,0.719811320754717,0.647457627118644
"19045",2022,0.719811320754717,0.647457627118644
"19047",2022,0.719811320754717,0.647457627118644
"19049",2022,0.719811320754717,0.647457627118644
"19051",2022,0.719811320754717,0.647457627118644
"19053",2022,0.719811320754717,0.647457627118644
"19055",2022,0.719811320754717,0.647457627118644
"19057",2022,0.719811320754717,0.647457627118644
"19059",2022,0.719811320754717,0.647457627118644
"19061",2022,0.719811320754717,0.647457627118644
"19063",2022,0.719811320754717,0.647457627118644
"19065",2022,0.719811320754717,0.647457627118644
"19067",2022,0.719811320754717,0.647457627118644
"19069",2022,0.719811320754717,0.647457627118644
"19071",2022,0.719811320754717,0.647457627118644
"19073",2022,0.719811320754717,0.647457627118644
"19075",2022,0.719811320754717,0.647457627118644
"19077",2022,0.719811320754717,0.647457627118644
"19079",2022,0.719811320754717,0.647457627118644
"19081",2022,0.719811320754717,0.647457627118644
"19083",2022,0.719811320754717,0.647457627118644
"19085",2022,0.719811320754717,0.647457627118644
"19087",2022,0.719811320754717,0.647457627118644
"19089",2022,0.719811320754717,0.647457627118644
"19091",2022,0.719811320754717,0.647457627118644
"19093",2022,0.719811320754717,0.647457627118644
"19095",2022,0.719811320754717,0.647457627118644
"19097",2022,0.719811320754717,0.647457627118644
"19099",2022,0.719811320754717,0.647457627118644
"19101",2022,0.719811320754717,0.647457627118644
"19103",2022,0.719811320754717,0.647457627118644
"19105",2022,0.719811320754717,0.647457627118644
"19107",2022,0.719811320754717,0.647457627118644
"19109",2022,0.719811320754717,0.647457627118644
"19111",2022,0.719811320754717,0.647457627118644
"19113",2022,0.719811320754717,0.647457627118644
"19115",2022,0.719811320754717,0.647457627118644
"19117",2022,0.719811320754717,0.647457627118644
"19119",2022,0.719811320754717,0.647457627118644
"19121",2022,0.719811320754717,0.647457627118644
"19123",2022,0.719811320754717,0.647457627118644
"19125",2022,0.719811320754717,0.647457627118644
"19127",2022,0.719811320754717,0.647457627118644
"19129",2022,0.719811320754717,0.647457627118644
"19131",2022,0.719811320754717,0.647457627118644
"19133",2022,0.719811320754717,0.647457627118644
"19135",2022,0.719811320754717,0.647457627118644
"19137",2022,0.719811320754717,0.647457627118644
"19139",2022,0.719811320754717,0.647457627118644
"19141",2022,0.719811320754717,0.647457627118644
"19143",2022,0.719811320754717,0.647457627118644
"19145",2022,0.719811320754717,0.647457627118644
"19147",2022,0.719811320754717,0.647457627118644
"19149",2022,0.719811320754717,0.647457627118644
"19151",2022,0.719811320754717,0.647457627118644
"19153",2022,0.719811320754717,0.647457627118644
"19155",2022,0.719811320754717,0.647457627118644
"19157",2022,0.719811320754717,0.647457627118644
"19159",2022,0.719811320754717,0.647457627118644
"19161",2022,0.719811320754717,0.647457627118644
"19163",2022,0.719811320754717,0.647457627118644
"19165",2022,0.719811320754717,0.647457627118644
"19167",2022,0.719811320754717,0.647457627118644
"19169",2022,0.719811320754717,0.647457627118644
"19171",2022,0.719811320754717,0.647457627118644
"19173",2022,0.719811320754717,0.647457627118644
"19175",2022,0.719811320754717,0.647457627118644
"19177",2022,0.719811320754717,0.647457627118644
"19179",2022,0.719811320754717,0.647457627118644
"19181",2022,0.719811320754717,0.647457627118644
"19183",2022,0.719811320754717,0.647457627118644
"19185",2022,0.719811320754717,0.647457627118644
"19187",2022,0.719811320754717,0.647457627118644
"19189",2022,0.719811320754717,0.647457627118644
"19191",2022,0.719811320754717,0.647457627118644
"19193",2022,0.719811320754717,0.647457627118644
"19195",2022,0.719811320754717,0.647457627118644
"19197",2022,0.719811320754717,0.647457627118644
"19001",2020,0.737444933920705,0.547297297297297
"19003",2020,0.693251533742331,0.515151515151515
"19005",2020,0.737444933920705,0.547297297297297
"19007",2020,0.737444933920705,0.547297297297297
"19009",2020,0.737444933920705,0.547297297297297
"19011",2020,0.737444933920705,0.547297297297297
"19013",2020,0.590361445783133,0.558823529411765
"19015",2020,0.758620689655172,0.571428571428571
"19017",2020,0.709302325581395,0.583333333333333
"19019",2020,0.737444933920705,0.547297297297297
"19021",2020,0.737444933920705,0.547297297297297
"19023",2020,0.737444933920705,0.547297297297297
"19025",2020,0.753846153846154,0.357142857142857
"19027",2020,0.737444933920705,0.547297297297297
"19029",2020,0.737444933920705,0.547297297297297
"19031",2020,0.784552845528455,0.452830188679245
"19033",2020,0.819306930693069,0.328767123287671
"19035",2020,0.737444933920705,0.547297297297297
"19037",2020,0.737444933920705,0.547297297297297
"19039",2020,0.737444933920705,0.547297297297297
"19041",2020,0.737444933920705,0.547297297297297
"19043",2020,0.737444933920705,0.547297297297297
"19045",2020,0.737444933920705,0.547297297297297
"19047",2020,0.737444933920705,0.547297297297297
"19049",2020,0.737444933920705,0.547297297297297
"19051",2020,0.737444933920705,0.547297297297297
"19053",2020,0.737444933920705,0.547297297297297
"19055",2020,0.737444933920705,0.547297297297297
"19057",2020,0.737444933920705,0.547297297297297
"19059",2020,0.737444933920705,0.547297297297297
"19061",2020,0.737444933920705,0.547297297297297
"19063",2020,0.737444933920705,0.547297297297297
"19065",2020,0.737444933920705,0.547297297297297
"19067",2020,0.737444933920705,0.547297297297297
"19069",2020,0.737444933920705,0.547297297297297
"19071",2020,0.737444933920705,0.547297297297297
"19073",2020,0.737444933920705,0.547297297297297
"19075",2020,0.737444933920705,0.547297297297297
"19077",2020,0.737444933920705,0.547297297297297
"19079",2020,0.737444933920705,0.547297297297297
"19081",2020,0.737444933920705,0.547297297297297
"19083",2020,0.737444933920705,0.547297297297297
"19085",2020,0.737444933920705,0.547297297297297
"19087",2020,0.737444933920705,0.547297297297297
"19089",2020,0.737444933920705,0.547297297297297
"19091",2020,0.737444933920705,0.547297297297297
"19093",2020,0.737444933920705,0.547297297297297
"19095",2020,0.737444933920705,0.547297297297297
"19097",2020,0.737444933920705,0.547297297297297
"19099",2020,0.737444933920705,0.547297297297297
"19101",2020,0.737444933920705,0.547297297297297
"19103",2020,0.737444933920705,0.547297297297297
"19105",2020,0.737444933920705,0.547297297297297
"19107",2020,0.737444933920705,0.547297297297297
"19109",2020,0.737444933920705,0.547297297297297
"19111",2020,0.737444933920705,0.547297297297297
"19113",2020,0.737444933920705,0.547297297297297
"19115",2020,0.737444933920705,0.547297297297297
"19117",2020,0.737444933920705,0.547297297297297
"19119",2020,0.737444933920705,0.547297297297297
"19121",2020,0.737444933920705,0.547297297297297
"19123",2020,0.737444933920705,0.547297297297297
"19125",2020,0.737444933920705,0.547297297297297
"19127",2020,0.737444933920705,0.547297297297297
"19129",2020,0.737444933920705,0.547297297297297
"19131",2020,0.737444933920705,0.547297297297297
"19133",2020,0.737444933920705,0.547297297297297
"19135",2020,0.737444933920705,0.547297297297297
"19137",2020,0.737444933920705,0.547297297297297
"19139",2020,0.737444933920705,0.547297297297297
"19141",2020,0.737444933920705,0.547297297297297
"19143",2020,0.737444933920705,0.547297297297297
"19145",2020,0.737444933920705,0.547297297297297
"19147",2020,0.737444933920705,0.547297297297297
"19149",2020,0.737444933920705,0.547297297297297
"19151",2020,0.737444933920705,0.547297297297297
"19153",2020,0.737444933920705,0.547297297297297
"19155",2020,0.737444933920705,0.547297297297297
"19157",2020,0.737444933920705,0.547297297297297
"19159",2020,0.737444933920705,0.547297297297297
"19161",2020,0.737444933920705,0.547297297297297
"19163",2020,0.737444933920705,0.547297297297297
"19165",2020,0.737444933920705,0.547297297297297
"19167",2020,0.737444933920705,0.547297297297297
"19169",2020,0.737444933920705,0.547297297297297
"19171",2020,0.737444933920705,0.547297297297297
"19173",2020,0.737444933920705,0.547297297297297
"19175",2020,0.737444933920705,0.547297297297297
"19177",2020,0.737444933920705,0.547297297297297
"19179",2020,0.737444933920705,0.547297297297297
"19181",2020,0.737444933920705,0.547297297297297
"19183",2020,0.737444933920705,0.547297297297297
"19185",2020,0.737444933920705,0.547297297297297
"19187",2020,0.737444933920705,0.547297297297297
"19189",2020,0.737444933920705,0.547297297297297
"19191",2020,0.737444933920705,0.547297297297297
"19193",2020,0.737444933920705,0.547297297297297
"19195",2020,0.737444933920705,0.547297297297297
"19197",2020,0.737444933920705,0.547297297297297
"19001",2020,0.737444933920705,0.547297297297297
"19003",2020,0.693251533742331,0.515151515151515
"19005",2020,0.737444933920705,0.547297297297297
"19007",2020,0.737444933920705,0.547297297297297
"19009",2020,0.737444933920705,0.547297297297297
"19011",2020,0.737444933920705,0.547297297297297
"19013",2020,0.590361445783133,0.558823529411765
"19015",2020,0.758620689655172,0.571428571428571
"19017",2020,0.709302325581395,0.583333333333333
"19019",2020,0.737444933920705,0.547297297297297
"19021",2020,0.737444933920705,0.547297297297297
"19023",2020,0.737444933920705,0.547297297297297
"19025",2020,0.753846153846154,0.357142857142857
"19027",2020,0.737444933920705,0.547297297297297
"19029",2020,0.737444933920705,0.547297297297297
"19031",2020,0.784552845528455,0.452830188679245
"19033",2020,0.819306930693069,0.328767123287671
"19035",2020,0.737444933920705,0.547297297297297
"19037",2020,0.737444933920705,0.547297297297297
"19039",2020,0.737444933920705,0.547297297297297
"19041",2020,0.737444933920705,0.547297297297297
"19043",2020,0.737444933920705,0.547297297297297
"19045",2020,0.737444933920705,0.547297297297297
"19047",2020,0.737444933920705,0.547297297297297
"19049",2020,0.737444933920705,0.547297297297297
"19051",2020,0.737444933920705,0.547297297297297
"19053",2020,0.737444933920705,0.547297297297297
"19055",2020,0.737444933920705,0.547297297297297
"19057",2020,0.737444933920705,0.547297297297297
"19059",2020,0.737444933920705,0.547297297297297
"19061",2020,0.737444933920705,0.547297297297297
"19063",2020,0.737444933920705,0.547297297297297
"19065",2020,0.737444933920705,0.547297297297297
"19067",2020,0.737444933920705,0.547297297297297
"19069",2020,0.737444933920705,0.547297297297297
"19071",2020,0.737444933920705,0.547297297297297
"19073",2020,0.737444933920705,0.547297297297297
"19075",2020,0.737444933920705,0.547297297297297
"19077",2020,0.737444933920705,0.547297297297297
"19079",2020,0.737444933920705,0.547297297297297
"19081",2020,0.737444933920705,0.547297297297297
"19083",2020,0.737444933920705,0.547297297297297
"19085",2020,0.737444933920705,0.547297297297297
"19087",2020,0.737444933920705,0.547297297297297
"19089",2020,0.737444933920705,0.547297297297297
"19091",2020,0.737444933920705,0.547297297297297
"19093",2020,0.737444933920705,0.547297297297297
"19095",2020,0.737444933920705,0.547297297297297
"19097",2020,0.737444933920705,0.547297297297297
"19099",2020,0.737444933920705,0.547297297297297
"19101",2020,0.737444933920705,0.547297297297297
"19103",2020,0.737444933920705,0.547297297297297
"19105",2020,0.737444933920705,0.547297297297297
"19107",2020,0.737444933920705,0.547297297297297
"19109",2020,0.737444933920705,0.547297297297297
"19111",2020,0.737444933920705,0.547297297297297
"19113",2020,0.737444933920705,0.547297297297297
"19115",2020,0.737444933920705,0.547297297297297
"19117",2020,0.737444933920705,0.547297297297297
"19119",2020,0.737444933920705,0.547297297297297
"19121",2020,0.737444933920705,0.547297297297297
"19123",2020,0.737444933920705,0.547297297297297
"19125",2020,0.737444933920705,0.547297297297297
"19127",2020,0.737444933920705,0.547297297297297
"19129",2020,0.737444933920705,0.547297297297297
"19131",2020,0.737444933920705,0.547297297297297
"19133",2020,0.737444933920705,0.547297297297297
"19135",2020,0.737444933920705,0.547297297297297
"19137",2020,0.737444933920705,0.547297297297297
"19139",2020,0.737444933920705,0.547297297297297
"19141",2020,0.737444933920705,0.547297297297297
"19143",2020,0.737444933920705,0.547297297297297
"19145",2020,0.737444933920705,0.547297297297297
"19147",2020,0.737444933920705,0.547297297297297
"19149",2020,0.737444933920705,0.547297297297297
"19151",2020,0.737444933920705,0.547297297297297
"19153",2020,0.737444933920705,0.547297297297297
"19155",2020,0.737444933920705,0.547297297297297
"19157",2020,0.737444933920705,0.547297297297297
"19159",2020,0.737444933920705,0.547297297297297
"19161",2020,0.737444933920705,0.547297297297297
"19163",2020,0.737444933920705,0.547297297297297
"19165",2020,0.737444933920705,0.547297297297297
"19167",2020,0.737444933920705,0.547297297297297
"19169",2020,0.737444933920705,0.547297297297297
"19171",2020,0.737444933920705,0.547297297297297
"19173",2020,0.737444933920705,0.547297297297297
"19175",2020,0.737444933920705,0.547297297297297
"19177",2020,0.737444933920705,0.547297297297297
"19179",2020,0.737444933920705,0.547297297297297
"19181",2020,0.737444933920705,0.547297297297297
"19183",2020,0.737444933920705,0.547297297297297
"19185",2020,0.737444933920705,0.547297297297297
"19187",2020,0.737444933920705,0.547297297297297
"19189",2020,0.737444933920705,0.547297297297297
"19191",2020,0.737444933920705,0.547297297297297
"19193",2020,0.737444933920705,0.547297297297297
"19195",2020,0.737444933920705,0.547297297297297
"19197",2020,0.737444933920705,0.547297297297297
"19001",2018,0.615531508593253,0.541528239202658
"19003",2018,0.590425531914894,0.542483660130719
"19005",2018,0.615531508593253,0.541528239202658
"19007",2018,0.615531508593253,0.541528239202658
"19009",2018,0.615531508593253,0.541528239202658
"19011",2018,0.615531508593253,0.541528239202658
"19013",2018,0.518518518518518,0.673076923076923
"19015",2018,0.647058823529412,0.416666666666667
"19017",2018,0.559055118110236,0.509090909090909
"19019",2018,0.615531508593253,0.541528239202658
"19021",2018,0.615531508593253,0.541528239202658
"19023",2018,0.615531508593253,0.541528239202658
"19025",2018,0.704347826086957,0.5
"19027",2018,0.604166666666667,0.789473684210526
"19029",2018,0.615531508593253,0.541528239202658
"19031",2018,0.67688679245283,0.525547445255474
"19033",2018,0.669941060903733,0.505952380952381
"19035",2018,0.615531508593253,0.541528239202658
"19037",2018,0.615531508593253,0.541528239202658
"19039",2018,0.615531508593253,0.541528239202658
"19041",2018,0.615531508593253,0.541528239202658
"19043",2018,0.615531508593253,0.541528239202658
"19045",2018,0.615531508593253,0.541528239202658
"19047",2018,0.615531508593253,0.541528239202658
"19049",2018,0.615531508593253,0.541528239202658
"19051",2018,0.615531508593253,0.541528239202658
"19053",2018,0.615531508593253,0.541528239202658
"19055",2018,0.615531508593253,0.541528239202658
"19057",2018,0.615531508593253,0.541528239202658
"19059",2018,0.615531508593253,0.541528239202658
"19061",2018,0.615531508593253,0.541528239202658
"19063",2018,0.615531508593253,0.541528239202658
"19065",2018,0.615531508593253,0.541528239202658
"19067",2018,0.615531508593253,0.541528239202658
"19069",2018,0.615531508593253,0.541528239202658
"19071",2018,0.615531508593253,0.541528239202658
"19073",2018,0.615531508593253,0.541528239202658
"19075",2018,0.615531508593253,0.541528239202658
"19077",2018,0.615531508593253,0.541528239202658
"19079",2018,0.615531508593253,0.541528239202658
"19081",2018,0.615531508593253,0.541528239202658
"19083",2018,0.615531508593253,0.541528239202658
"19085",2018,0.615531508593253,0.541528239202658
"19087",2018,0.615531508593253,0.541528239202658
"19089",2018,0.615531508593253,0.541528239202658
"19091",2018,0.615531508593253,0.541528239202658
"19093",2018,0.615531508593253,0.541528239202658
"19095",2018,0.615531508593253,0.541528239202658
"19097",2018,0.615531508593253,0.541528239202658
"19099",2018,0.615531508593253,0.541528239202658
"19101",2018,0.615531508593253,0.541528239202658
"19103",2018,0.615531508593253,0.541528239202658
"19105",2018,0.615531508593253,0.541528239202658
"19107",2018,0.615531508593253,0.541528239202658
"19109",2018,0.615531508593253,0.541528239202658
"19111",2018,0.615531508593253,0.541528239202658
"19113",2018,0.615531508593253,0.541528239202658
"19115",2018,0.615531508593253,0.541528239202658
"19117",2018,0.615531508593253,0.541528239202658
"19119",2018,0.615531508593253,0.541528239202658
"19121",2018,0.615531508593253,0.541528239202658
"19123",2018,0.615531508593253,0.541528239202658
"19125",2018,0.615531508593253,0.541528239202658
"19127",2018,0.615531508593253,0.541528239202658
"19129",2018,0.615531508593253,0.541528239202658
"19131",2018,0.615531508593253,0.541528239202658
"19133",2018,0.615531508593253,0.541528239202658
"19135",2018,0.615531508593253,0.541528239202658
"19137",2018,0.615531508593253,0.541528239202658
"19139",2018,0.615531508593253,0.541528239202658
"19141",2018,0.615531508593253,0.541528239202658
"19143",2018,0.615531508593253,0.541528239202658
"19145",2018,0.615531508593253,0.541528239202658
"19147",2018,0.615531508593253,0.541528239202658
"19149",2018,0.615531508593253,0.541528239202658
"19151",2018,0.615531508593253,0.541528239202658
"19153",2018,0.615531508593253,0.541528239202658
"19155",2018,0.615531508593253,0.541528239202658
"19157",2018,0.615531508593253,0.541528239202658
"19159",2018,0.615531508593253,0.541528239202658
"19161",2018,0.615531508593253,0.541528239202658
"19163",2018,0.615531508593253,0.541528239202658
"19165",2018,0.615531508593253,0.541528239202658
"19167",2018,0.615531508593253,0.541528239202658
"19169",2018,0.615531508593253,0.541528239202658
"19171",2018,0.615531508593253,0.541528239202658
"19173",2018,0.615531508593253,0.541528239202658
"19175",2018,0.615531508593253,0.541528239202658
"19177",2018,0.615531508593253,0.541528239202658
"19179",2018,0.615531508593253,0.541528239202658
"19181",2018,0.615531508593253,0.541528239202658
"19183",2018,0.615531508593253,0.541528239202658
"19185",2018,0.615531508593253,0.541528239202658
"19187",2018,0.615531508593253,0.541528239202658
"19189",2018,0.615531508593253,0.541528239202658
"19191",2018,0.615531508593253,0.541528239202658
"19193",2018,0.615531508593253,0.541528239202658
"19195",2018,0.615531508593253,0.541528239202658
"19197",2018,0.615531508593253,0.541528239202658
"20001",2022,0.719811320754717,0.647457627118644
"20003",2022,0.693037974683544,0.484536082474227
"20005",2022,0.719811320754717,0.647457627118644
"20007",2022,0.719811320754717,0.647457627118644
"20009",2022,0.719811320754717,0.647457627118644
"20011",2022,0.719811320754717,0.647457627118644
"20013",2022,0.595505617977528,0.527777777777778
"20015",2022,0.625,0.333333333333333
"20017",2022,0.757575757575758,0.8
"20019",2022,0.719811320754717,0.647457627118644
"20021",2022,0.719811320754717,0.647457627118644
"20023",2022,0.719811320754717,0.647457627118644
"20025",2022,0.661538461538462,0.227272727272727
"20027",2022,0.719811320754717,0.647457627118644
"20029",2022,0.719811320754717,0.647457627118644
"20031",2022,0.754756871035941,0.491379310344828
"20033",2022,0.741514360313316,0.444444444444444
"20035",2022,0.719811320754717,0.647457627118644
"20037",2022,0.719811320754717,0.647457627118644
"20039",2022,0.719811320754717,0.647457627118644
"20041",2022,0.719811320754717,0.647457627118644
"20043",2022,0.719811320754717,0.647457627118644
"20045",2022,0.719811320754717,0.647457627118644
"20047",2022,0.719811320754717,0.647457627118644
"20049",2022,0.719811320754717,0.647457627118644
"20051",2022,0.719811320754717,0.647457627118644
"20053",2022,0.719811320754717,0.647457627118644
"20055",2022,0.719811320754717,0.647457627118644
"20057",2022,0.719811320754717,0.647457627118644
"20059",2022,0.719811320754717,0.647457627118644
"20061",2022,0.719811320754717,0.647457627118644
"20063",2022,0.719811320754717,0.647457627118644
"20065",2022,0.719811320754717,0.647457627118644
"20067",2022,0.719811320754717,0.647457627118644
"20069",2022,0.719811320754717,0.647457627118644
"20071",2022,0.719811320754717,0.647457627118644
"20073",2022,0.719811320754717,0.647457627118644
"20075",2022,0.719811320754717,0.647457627118644
"20077",2022,0.719811320754717,0.647457627118644
"20079",2022,0.719811320754717,0.647457627118644
"20081",2022,0.719811320754717,0.647457627118644
"20083",2022,0.719811320754717,0.647457627118644
"20085",2022,0.719811320754717,0.647457627118644
"20087",2022,0.719811320754717,0.647457627118644
"20089",2022,0.719811320754717,0.647457627118644
"20091",2022,0.719811320754717,0.647457627118644
"20093",2022,0.719811320754717,0.647457627118644
"20095",2022,0.719811320754717,0.647457627118644
"20097",2022,0.719811320754717,0.647457627118644
"20099",2022,0.719811320754717,0.647457627118644
"20101",2022,0.719811320754717,0.647457627118644
"20103",2022,0.719811320754717,0.647457627118644
"20105",2022,0.719811320754717,0.647457627118644
"20107",2022,0.719811320754717,0.647457627118644
"20109",2022,0.719811320754717,0.647457627118644
"20111",2022,0.719811320754717,0.647457627118644
"20113",2022,0.719811320754717,0.647457627118644
"20115",2022,0.719811320754717,0.647457627118644
"20117",2022,0.719811320754717,0.647457627118644
"20119",2022,0.719811320754717,0.647457627118644
"20121",2022,0.719811320754717,0.647457627118644
"20123",2022,0.719811320754717,0.647457627118644
"20125",2022,0.719811320754717,0.647457627118644
"20127",2022,0.719811320754717,0.647457627118644
"20129",2022,0.719811320754717,0.647457627118644
"20131",2022,0.719811320754717,0.647457627118644
"20133",2022,0.719811320754717,0.647457627118644
"20135",2022,0.719811320754717,0.647457627118644
"20137",2022,0.719811320754717,0.647457627118644
"20139",2022,0.719811320754717,0.647457627118644
"20141",2022,0.719811320754717,0.647457627118644
"20143",2022,0.719811320754717,0.647457627118644
"20145",2022,0.719811320754717,0.647457627118644
"20147",2022,0.719811320754717,0.647457627118644
"20149",2022,0.719811320754717,0.647457627118644
"20151",2022,0.719811320754717,0.647457627118644
"20153",2022,0.719811320754717,0.647457627118644
"20155",2022,0.719811320754717,0.647457627118644
"20157",2022,0.719811320754717,0.647457627118644
"20159",2022,0.719811320754717,0.647457627118644
"20161",2022,0.719811320754717,0.647457627118644
"20163",2022,0.719811320754717,0.647457627118644
"20165",2022,0.719811320754717,0.647457627118644
"20167",2022,0.719811320754717,0.647457627118644
"20169",2022,0.719811320754717,0.647457627118644
"20171",2022,0.719811320754717,0.647457627118644
"20173",2022,0.719811320754717,0.647457627118644
"20175",2022,0.719811320754717,0.647457627118644
"20177",2022,0.719811320754717,0.647457627118644
"20179",2022,0.719811320754717,0.647457627118644
"20181",2022,0.719811320754717,0.647457627118644
"20183",2022,0.719811320754717,0.647457627118644
"20185",2022,0.719811320754717,0.647457627118644
"20187",2022,0.719811320754717,0.647457627118644
"20189",2022,0.719811320754717,0.647457627118644
"20191",2022,0.719811320754717,0.647457627118644
"20193",2022,0.719811320754717,0.647457627118644
"20195",2022,0.719811320754717,0.647457627118644
"20197",2022,0.719811320754717,0.647457627118644
"20199",2022,0.719811320754717,0.647457627118644
"20201",2022,0.719811320754717,0.647457627118644
"20203",2022,0.719811320754717,0.647457627118644
"20205",2022,0.719811320754717,0.647457627118644
"20207",2022,0.719811320754717,0.647457627118644
"20209",2022,0.719811320754717,0.647457627118644
"20001",2022,0.719811320754717,0.647457627118644
"20003",2022,0.693037974683544,0.484536082474227
"20005",2022,0.719811320754717,0.647457627118644
"20007",2022,0.719811320754717,0.647457627118644
"20009",2022,0.719811320754717,0.647457627118644
"20011",2022,0.719811320754717,0.647457627118644
"20013",2022,0.595505617977528,0.527777777777778
"20015",2022,0.625,0.333333333333333
"20017",2022,0.757575757575758,0.8
"20019",2022,0.719811320754717,0.647457627118644
"20021",2022,0.719811320754717,0.647457627118644
"20023",2022,0.719811320754717,0.647457627118644
"20025",2022,0.661538461538462,0.227272727272727
"20027",2022,0.719811320754717,0.647457627118644
"20029",2022,0.719811320754717,0.647457627118644
"20031",2022,0.754756871035941,0.491379310344828
"20033",2022,0.741514360313316,0.444444444444444
"20035",2022,0.719811320754717,0.647457627118644
"20037",2022,0.719811320754717,0.647457627118644
"20039",2022,0.719811320754717,0.647457627118644
"20041",2022,0.719811320754717,0.647457627118644
"20043",2022,0.719811320754717,0.647457627118644
"20045",2022,0.719811320754717,0.647457627118644
"20047",2022,0.719811320754717,0.647457627118644
"20049",2022,0.719811320754717,0.647457627118644
"20051",2022,0.719811320754717,0.647457627118644
"20053",2022,0.719811320754717,0.647457627118644
"20055",2022,0.719811320754717,0.647457627118644
"20057",2022,0.719811320754717,0.647457627118644
"20059",2022,0.719811320754717,0.647457627118644
"20061",2022,0.719811320754717,0.647457627118644
"20063",2022,0.719811320754717,0.647457627118644
"20065",2022,0.719811320754717,0.647457627118644
"20067",2022,0.719811320754717,0.647457627118644
"20069",2022,0.719811320754717,0.647457627118644
"20071",2022,0.719811320754717,0.647457627118644
"20073",2022,0.719811320754717,0.647457627118644
"20075",2022,0.719811320754717,0.647457627118644
"20077",2022,0.719811320754717,0.647457627118644
"20079",2022,0.719811320754717,0.647457627118644
"20081",2022,0.719811320754717,0.647457627118644
"20083",2022,0.719811320754717,0.647457627118644
"20085",2022,0.719811320754717,0.647457627118644
"20087",2022,0.719811320754717,0.647457627118644
"20089",2022,0.719811320754717,0.647457627118644
"20091",2022,0.719811320754717,0.647457627118644
"20093",2022,0.719811320754717,0.647457627118644
"20095",2022,0.719811320754717,0.647457627118644
"20097",2022,0.719811320754717,0.647457627118644
"20099",2022,0.719811320754717,0.647457627118644
"20101",2022,0.719811320754717,0.647457627118644
"20103",2022,0.719811320754717,0.647457627118644
"20105",2022,0.719811320754717,0.647457627118644
"20107",2022,0.719811320754717,0.647457627118644
"20109",2022,0.719811320754717,0.647457627118644
"20111",2022,0.719811320754717,0.647457627118644
"20113",2022,0.719811320754717,0.647457627118644
"20115",2022,0.719811320754717,0.647457627118644
"20117",2022,0.719811320754717,0.647457627118644
"20119",2022,0.719811320754717,0.647457627118644
"20121",2022,0.719811320754717,0.647457627118644
"20123",2022,0.719811320754717,0.647457627118644
"20125",2022,0.719811320754717,0.647457627118644
"20127",2022,0.719811320754717,0.647457627118644
"20129",2022,0.719811320754717,0.647457627118644
"20131",2022,0.719811320754717,0.647457627118644
"20133",2022,0.719811320754717,0.647457627118644
"20135",2022,0.719811320754717,0.647457627118644
"20137",2022,0.719811320754717,0.647457627118644
"20139",2022,0.719811320754717,0.647457627118644
"20141",2022,0.719811320754717,0.647457627118644
"20143",2022,0.719811320754717,0.647457627118644
"20145",2022,0.719811320754717,0.647457627118644
"20147",2022,0.719811320754717,0.647457627118644
"20149",2022,0.719811320754717,0.647457627118644
"20151",2022,0.719811320754717,0.647457627118644
"20153",2022,0.719811320754717,0.647457627118644
"20155",2022,0.719811320754717,0.647457627118644
"20157",2022,0.719811320754717,0.647457627118644
"20159",2022,0.719811320754717,0.647457627118644
"20161",2022,0.719811320754717,0.647457627118644
"20163",2022,0.719811320754717,0.647457627118644
"20165",2022,0.719811320754717,0.647457627118644
"20167",2022,0.719811320754717,0.647457627118644
"20169",2022,0.719811320754717,0.647457627118644
"20171",2022,0.719811320754717,0.647457627118644
"20173",2022,0.719811320754717,0.647457627118644
"20175",2022,0.719811320754717,0.647457627118644
"20177",2022,0.719811320754717,0.647457627118644
"20179",2022,0.719811320754717,0.647457627118644
"20181",2022,0.719811320754717,0.647457627118644
"20183",2022,0.719811320754717,0.647457627118644
"20185",2022,0.719811320754717,0.647457627118644
"20187",2022,0.719811320754717,0.647457627118644
"20189",2022,0.719811320754717,0.647457627118644
"20191",2022,0.719811320754717,0.647457627118644
"20193",2022,0.719811320754717,0.647457627118644
"20195",2022,0.719811320754717,0.647457627118644
"20197",2022,0.719811320754717,0.647457627118644
"20199",2022,0.719811320754717,0.647457627118644
"20201",2022,0.719811320754717,0.647457627118644
"20203",2022,0.719811320754717,0.647457627118644
"20205",2022,0.719811320754717,0.647457627118644
"20207",2022,0.719811320754717,0.647457627118644
"20209",2022,0.719811320754717,0.647457627118644
"20001",2020,0.737444933920705,0.547297297297297
"20003",2020,0.693251533742331,0.515151515151515
"20005",2020,0.737444933920705,0.547297297297297
"20007",2020,0.737444933920705,0.547297297297297
"20009",2020,0.737444933920705,0.547297297297297
"20011",2020,0.737444933920705,0.547297297297297
"20013",2020,0.590361445783133,0.558823529411765
"20015",2020,0.758620689655172,0.571428571428571
"20017",2020,0.709302325581395,0.583333333333333
"20019",2020,0.737444933920705,0.547297297297297
"20021",2020,0.737444933920705,0.547297297297297
"20023",2020,0.737444933920705,0.547297297297297
"20025",2020,0.753846153846154,0.357142857142857
"20027",2020,0.737444933920705,0.547297297297297
"20029",2020,0.737444933920705,0.547297297297297
"20031",2020,0.784552845528455,0.452830188679245
"20033",2020,0.819306930693069,0.328767123287671
"20035",2020,0.737444933920705,0.547297297297297
"20037",2020,0.737444933920705,0.547297297297297
"20039",2020,0.737444933920705,0.547297297297297
"20041",2020,0.737444933920705,0.547297297297297
"20043",2020,0.737444933920705,0.547297297297297
"20045",2020,0.737444933920705,0.547297297297297
"20047",2020,0.737444933920705,0.547297297297297
"20049",2020,0.737444933920705,0.547297297297297
"20051",2020,0.737444933920705,0.547297297297297
"20053",2020,0.737444933920705,0.547297297297297
"20055",2020,0.737444933920705,0.547297297297297
"20057",2020,0.737444933920705,0.547297297297297
"20059",2020,0.737444933920705,0.547297297297297
"20061",2020,0.737444933920705,0.547297297297297
"20063",2020,0.737444933920705,0.547297297297297
"20065",2020,0.737444933920705,0.547297297297297
"20067",2020,0.737444933920705,0.547297297297297
"20069",2020,0.737444933920705,0.547297297297297
"20071",2020,0.737444933920705,0.547297297297297
"20073",2020,0.737444933920705,0.547297297297297
"20075",2020,0.737444933920705,0.547297297297297
"20077",2020,0.737444933920705,0.547297297297297
"20079",2020,0.737444933920705,0.547297297297297
"20081",2020,0.737444933920705,0.547297297297297
"20083",2020,0.737444933920705,0.547297297297297
"20085",2020,0.737444933920705,0.547297297297297
"20087",2020,0.737444933920705,0.547297297297297
"20089",2020,0.737444933920705,0.547297297297297
"20091",2020,0.737444933920705,0.547297297297297
"20093",2020,0.737444933920705,0.547297297297297
"20095",2020,0.737444933920705,0.547297297297297
"20097",2020,0.737444933920705,0.547297297297297
"20099",2020,0.737444933920705,0.547297297297297
"20101",2020,0.737444933920705,0.547297297297297
"20103",2020,0.737444933920705,0.547297297297297
"20105",2020,0.737444933920705,0.547297297297297
"20107",2020,0.737444933920705,0.547297297297297
"20109",2020,0.737444933920705,0.547297297297297
"20111",2020,0.737444933920705,0.547297297297297
"20113",2020,0.737444933920705,0.547297297297297
"20115",2020,0.737444933920705,0.547297297297297
"20117",2020,0.737444933920705,0.547297297297297
"20119",2020,0.737444933920705,0.547297297297297
"20121",2020,0.737444933920705,0.547297297297297
"20123",2020,0.737444933920705,0.547297297297297
"20125",2020,0.737444933920705,0.547297297297297
"20127",2020,0.737444933920705,0.547297297297297
"20129",2020,0.737444933920705,0.547297297297297
"20131",2020,0.737444933920705,0.547297297297297
"20133",2020,0.737444933920705,0.547297297297297
"20135",2020,0.737444933920705,0.547297297297297
"20137",2020,0.737444933920705,0.547297297297297
"20139",2020,0.737444933920705,0.547297297297297
"20141",2020,0.737444933920705,0.547297297297297
"20143",2020,0.737444933920705,0.547297297297297
"20145",2020,0.737444933920705,0.547297297297297
"20147",2020,0.737444933920705,0.547297297297297
"20149",2020,0.737444933920705,0.547297297297297
"20151",2020,0.737444933920705,0.547297297297297
"20153",2020,0.737444933920705,0.547297297297297
"20155",2020,0.737444933920705,0.547297297297297
"20157",2020,0.737444933920705,0.547297297297297
"20159",2020,0.737444933920705,0.547297297297297
"20161",2020,0.737444933920705,0.547297297297297
"20163",2020,0.737444933920705,0.547297297297297
"20165",2020,0.737444933920705,0.547297297297297
"20167",2020,0.737444933920705,0.547297297297297
"20169",2020,0.737444933920705,0.547297297297297
"20171",2020,0.737444933920705,0.547297297297297
"20173",2020,0.737444933920705,0.547297297297297
"20175",2020,0.737444933920705,0.547297297297297
"20177",2020,0.737444933920705,0.547297297297297
"20179",2020,0.737444933920705,0.547297297297297
"20181",2020,0.737444933920705,0.547297297297297
"20183",2020,0.737444933920705,0.547297297297297
"20185",2020,0.737444933920705,0.547297297297297
"20187",2020,0.737444933920705,0.547297297297297
"20189",2020,0.737444933920705,0.547297297297297
"20191",2020,0.737444933920705,0.547297297297297
"20193",2020,0.737444933920705,0.547297297297297
"20195",2020,0.737444933920705,0.547297297297297
"20197",2020,0.737444933920705,0.547297297297297
"20199",2020,0.737444933920705,0.547297297297297
"20201",2020,0.737444933920705,0.547297297297297
"20203",2020,0.737444933920705,0.547297297297297
"20205",2020,0.737444933920705,0.547297297297297
"20207",2020,0.737444933920705,0.547297297297297
"20209",2020,0.737444933920705,0.547297297297297
"20001",2020,0.737444933920705,0.547297297297297
"20003",2020,0.693251533742331,0.515151515151515
"20005",2020,0.737444933920705,0.547297297297297
"20007",2020,0.737444933920705,0.547297297297297
"20009",2020,0.737444933920705,0.547297297297297
"20011",2020,0.737444933920705,0.547297297297297
"20013",2020,0.590361445783133,0.558823529411765
"20015",2020,0.758620689655172,0.571428571428571
"20017",2020,0.709302325581395,0.583333333333333
"20019",2020,0.737444933920705,0.547297297297297
"20021",2020,0.737444933920705,0.547297297297297
"20023",2020,0.737444933920705,0.547297297297297
"20025",2020,0.753846153846154,0.357142857142857
"20027",2020,0.737444933920705,0.547297297297297
"20029",2020,0.737444933920705,0.547297297297297
"20031",2020,0.784552845528455,0.452830188679245
"20033",2020,0.819306930693069,0.328767123287671
"20035",2020,0.737444933920705,0.547297297297297
"20037",2020,0.737444933920705,0.547297297297297
"20039",2020,0.737444933920705,0.547297297297297
"20041",2020,0.737444933920705,0.547297297297297
"20043",2020,0.737444933920705,0.547297297297297
"20045",2020,0.737444933920705,0.547297297297297
"20047",2020,0.737444933920705,0.547297297297297
"20049",2020,0.737444933920705,0.547297297297297
"20051",2020,0.737444933920705,0.547297297297297
"20053",2020,0.737444933920705,0.547297297297297
"20055",2020,0.737444933920705,0.547297297297297
"20057",2020,0.737444933920705,0.547297297297297
"20059",2020,0.737444933920705,0.547297297297297
"20061",2020,0.737444933920705,0.547297297297297
"20063",2020,0.737444933920705,0.547297297297297
"20065",2020,0.737444933920705,0.547297297297297
"20067",2020,0.737444933920705,0.547297297297297
"20069",2020,0.737444933920705,0.547297297297297
"20071",2020,0.737444933920705,0.547297297297297
"20073",2020,0.737444933920705,0.547297297297297
"20075",2020,0.737444933920705,0.547297297297297
"20077",2020,0.737444933920705,0.547297297297297
"20079",2020,0.737444933920705,0.547297297297297
"20081",2020,0.737444933920705,0.547297297297297
"20083",2020,0.737444933920705,0.547297297297297
"20085",2020,0.737444933920705,0.547297297297297
"20087",2020,0.737444933920705,0.547297297297297
"20089",2020,0.737444933920705,0.547297297297297
"20091",2020,0.737444933920705,0.547297297297297
"20093",2020,0.737444933920705,0.547297297297297
"20095",2020,0.737444933920705,0.547297297297297
"20097",2020,0.737444933920705,0.547297297297297
"20099",2020,0.737444933920705,0.547297297297297
"20101",2020,0.737444933920705,0.547297297297297
"20103",2020,0.737444933920705,0.547297297297297
"20105",2020,0.737444933920705,0.547297297297297
"20107",2020,0.737444933920705,0.547297297297297
"20109",2020,0.737444933920705,0.547297297297297
"20111",2020,0.737444933920705,0.547297297297297
"20113",2020,0.737444933920705,0.547297297297297
"20115",2020,0.737444933920705,0.547297297297297
"20117",2020,0.737444933920705,0.547297297297297
"20119",2020,0.737444933920705,0.547297297297297
"20121",2020,0.737444933920705,0.547297297297297
"20123",2020,0.737444933920705,0.547297297297297
"20125",2020,0.737444933920705,0.547297297297297
"20127",2020,0.737444933920705,0.547297297297297
"20129",2020,0.737444933920705,0.547297297297297
"20131",2020,0.737444933920705,0.547297297297297
"20133",2020,0.737444933920705,0.547297297297297
"20135",2020,0.737444933920705,0.547297297297297
"20137",2020,0.737444933920705,0.547297297297297
"20139",2020,0.737444933920705,0.547297297297297
"20141",2020,0.737444933920705,0.547297297297297
"20143",2020,0.737444933920705,0.547297297297297
"20145",2020,0.737444933920705,0.547297297297297
"20147",2020,0.737444933920705,0.547297297297297
"20149",2020,0.737444933920705,0.547297297297297
"20151",2020,0.737444933920705,0.547297297297297
"20153",2020,0.737444933920705,0.547297297297297
"20155",2020,0.737444933920705,0.547297297297297
"20157",2020,0.737444933920705,0.547297297297297
"20159",2020,0.737444933920705,0.547297297297297
"20161",2020,0.737444933920705,0.547297297297297
"20163",2020,0.737444933920705,0.547297297297297
"20165",2020,0.737444933920705,0.547297297297297
"20167",2020,0.737444933920705,0.547297297297297
"20169",2020,0.737444933920705,0.547297297297297
"20171",2020,0.737444933920705,0.547297297297297
"20173",2020,0.737444933920705,0.547297297297297
"20175",2020,0.737444933920705,0.547297297297297
"20177",2020,0.737444933920705,0.547297297297297
"20179",2020,0.737444933920705,0.547297297297297
"20181",2020,0.737444933920705,0.547297297297297
"20183",2020,0.737444933920705,0.547297297297297
"20185",2020,0.737444933920705,0.547297297297297
"20187",2020,0.737444933920705,0.547297297297297
"20189",2020,0.737444933920705,0.547297297297297
"20191",2020,0.737444933920705,0.547297297297297
"20193",2020,0.737444933920705,0.547297297297297
"20195",2020,0.737444933920705,0.547297297297297
"20197",2020,0.737444933920705,0.547297297297297
"20199",2020,0.737444933920705,0.547297297297297
"20201",2020,0.737444933920705,0.547297297297297
"20203",2020,0.737444933920705,0.547297297297297
"20205",2020,0.737444933920705,0.547297297297297
"20207",2020,0.737444933920705,0.547297297297297
"20209",2020,0.737444933920705,0.547297297297297
"20001",2018,0.615531508593253,0.541528239202658
"20003",2018,0.590425531914894,0.542483660130719
"20005",2018,0.615531508593253,0.541528239202658
"20007",2018,0.615531508593253,0.541528239202658
"20009",2018,0.615531508593253,0.541528239202658
"20011",2018,0.615531508593253,0.541528239202658
"20013",2018,0.518518518518518,0.673076923076923
"20015",2018,0.647058823529412,0.416666666666667
"20017",2018,0.559055118110236,0.509090909090909
"20019",2018,0.615531508593253,0.541528239202658
"20021",2018,0.615531508593253,0.541528239202658
"20023",2018,0.615531508593253,0.541528239202658
"20025",2018,0.704347826086957,0.5
"20027",2018,0.604166666666667,0.789473684210526
"20029",2018,0.615531508593253,0.541528239202658
"20031",2018,0.67688679245283,0.525547445255474
"20033",2018,0.669941060903733,0.505952380952381
"20035",2018,0.615531508593253,0.541528239202658
"20037",2018,0.615531508593253,0.541528239202658
"20039",2018,0.615531508593253,0.541528239202658
"20041",2018,0.615531508593253,0.541528239202658
"20043",2018,0.615531508593253,0.541528239202658
"20045",2018,0.615531508593253,0.541528239202658
"20047",2018,0.615531508593253,0.541528239202658
"20049",2018,0.615531508593253,0.541528239202658
"20051",2018,0.615531508593253,0.541528239202658
"20053",2018,0.615531508593253,0.541528239202658
"20055",2018,0.615531508593253,0.541528239202658
"20057",2018,0.615531508593253,0.541528239202658
"20059",2018,0.615531508593253,0.541528239202658
"20061",2018,0.615531508593253,0.541528239202658
"20063",2018,0.615531508593253,0.541528239202658
"20065",2018,0.615531508593253,0.541528239202658
"20067",2018,0.615531508593253,0.541528239202658
"20069",2018,0.615531508593253,0.541528239202658
"20071",2018,0.615531508593253,0.541528239202658
"20073",2018,0.615531508593253,0.541528239202658
"20075",2018,0.615531508593253,0.541528239202658
"20077",2018,0.615531508593253,0.541528239202658
"20079",2018,0.615531508593253,0.541528239202658
"20081",2018,0.615531508593253,0.541528239202658
"20083",2018,0.615531508593253,0.541528239202658
"20085",2018,0.615531508593253,0.541528239202658
"20087",2018,0.615531508593253,0.541528239202658
"20089",2018,0.615531508593253,0.541528239202658
"20091",2018,0.615531508593253,0.541528239202658
"20093",2018,0.615531508593253,0.541528239202658
"20095",2018,0.615531508593253,0.541528239202658
"20097",2018,0.615531508593253,0.541528239202658
"20099",2018,0.615531508593253,0.541528239202658
"20101",2018,0.615531508593253,0.541528239202658
"20103",2018,0.615531508593253,0.541528239202658
"20105",2018,0.615531508593253,0.541528239202658
"20107",2018,0.615531508593253,0.541528239202658
"20109",2018,0.615531508593253,0.541528239202658
"20111",2018,0.615531508593253,0.541528239202658
"20113",2018,0.615531508593253,0.541528239202658
"20115",2018,0.615531508593253,0.541528239202658
"20117",2018,0.615531508593253,0.541528239202658
"20119",2018,0.615531508593253,0.541528239202658
"20121",2018,0.615531508593253,0.541528239202658
"20123",2018,0.615531508593253,0.541528239202658
"20125",2018,0.615531508593253,0.541528239202658
"20127",2018,0.615531508593253,0.541528239202658
"20129",2018,0.615531508593253,0.541528239202658
"20131",2018,0.615531508593253,0.541528239202658
"20133",2018,0.615531508593253,0.541528239202658
"20135",2018,0.615531508593253,0.541528239202658
"20137",2018,0.615531508593253,0.541528239202658
"20139",2018,0.615531508593253,0.541528239202658
"20141",2018,0.615531508593253,0.541528239202658
"20143",2018,0.615531508593253,0.541528239202658
"20145",2018,0.615531508593253,0.541528239202658
"20147",2018,0.615531508593253,0.541528239202658
"20149",2018,0.615531508593253,0.541528239202658
"20151",2018,0.615531508593253,0.541528239202658
"20153",2018,0.615531508593253,0.541528239202658
"20155",2018,0.615531508593253,0.541528239202658
"20157",2018,0.615531508593253,0.541528239202658
"20159",2018,0.615531508593253,0.541528239202658
"20161",2018,0.615531508593253,0.541528239202658
"20163",2018,0.615531508593253,0.541528239202658
"20165",2018,0.615531508593253,0.541528239202658
"20167",2018,0.615531508593253,0.541528239202658
"20169",2018,0.615531508593253,0.541528239202658
"20171",2018,0.615531508593253,0.541528239202658
"20173",2018,0.615531508593253,0.541528239202658
"20175",2018,0.615531508593253,0.541528239202658
"20177",2018,0.615531508593253,0.541528239202658
"20179",2018,0.615531508593253,0.541528239202658
"20181",2018,0.615531508593253,0.541528239202658
"20183",2018,0.615531508593253,0.541528239202658
"20185",2018,0.615531508593253,0.541528239202658
"20187",2018,0.615531508593253,0.541528239202658
"20189",2018,0.615531508593253,0.541528239202658
"20191",2018,0.615531508593253,0.541528239202658
"20193",2018,0.615531508593253,0.541528239202658
"20195",2018,0.615531508593253,0.541528239202658
"20197",2018,0.615531508593253,0.541528239202658
"20199",2018,0.615531508593253,0.541528239202658
"20201",2018,0.615531508593253,0.541528239202658
"20203",2018,0.615531508593253,0.541528239202658
"20205",2018,0.615531508593253,0.541528239202658
"20207",2018,0.615531508593253,0.541528239202658
"20209",2018,0.615531508593253,0.541528239202658
"21001",2022,0.719811320754717,0.647457627118644
"21003",2022,0.693037974683544,0.484536082474227
"21005",2022,0.719811320754717,0.647457627118644
"21007",2022,0.719811320754717,0.647457627118644
"21009",2022,0.719811320754717,0.647457627118644
"21011",2022,0.719811320754717,0.647457627118644
"21013",2022,0.595505617977528,0.527777777777778
"21015",2022,0.625,0.333333333333333
"21017",2022,0.757575757575758,0.8
"21019",2022,0.719811320754717,0.647457627118644
"21021",2022,0.719811320754717,0.647457627118644
"21023",2022,0.719811320754717,0.647457627118644
"21025",2022,0.661538461538462,0.227272727272727
"21027",2022,0.719811320754717,0.647457627118644
"21029",2022,0.719811320754717,0.647457627118644
"21031",2022,0.754756871035941,0.491379310344828
"21033",2022,0.741514360313316,0.444444444444444
"21035",2022,0.719811320754717,0.647457627118644
"21037",2022,0.719811320754717,0.647457627118644
"21039",2022,0.719811320754717,0.647457627118644
"21041",2022,0.719811320754717,0.647457627118644
"21043",2022,0.719811320754717,0.647457627118644
"21045",2022,0.719811320754717,0.647457627118644
"21047",2022,0.719811320754717,0.647457627118644
"21049",2022,0.719811320754717,0.647457627118644
"21051",2022,0.719811320754717,0.647457627118644
"21053",2022,0.719811320754717,0.647457627118644
"21055",2022,0.719811320754717,0.647457627118644
"21057",2022,0.719811320754717,0.647457627118644
"21059",2022,0.719811320754717,0.647457627118644
"21061",2022,0.719811320754717,0.647457627118644
"21063",2022,0.719811320754717,0.647457627118644
"21065",2022,0.719811320754717,0.647457627118644
"21067",2022,0.719811320754717,0.647457627118644
"21069",2022,0.719811320754717,0.647457627118644
"21071",2022,0.719811320754717,0.647457627118644
"21073",2022,0.719811320754717,0.647457627118644
"21075",2022,0.719811320754717,0.647457627118644
"21077",2022,0.719811320754717,0.647457627118644
"21079",2022,0.719811320754717,0.647457627118644
"21081",2022,0.719811320754717,0.647457627118644
"21083",2022,0.719811320754717,0.647457627118644
"21085",2022,0.719811320754717,0.647457627118644
"21087",2022,0.719811320754717,0.647457627118644
"21089",2022,0.719811320754717,0.647457627118644
"21091",2022,0.719811320754717,0.647457627118644
"21093",2022,0.719811320754717,0.647457627118644
"21095",2022,0.719811320754717,0.647457627118644
"21097",2022,0.719811320754717,0.647457627118644
"21099",2022,0.719811320754717,0.647457627118644
"21101",2022,0.719811320754717,0.647457627118644
"21103",2022,0.719811320754717,0.647457627118644
"21105",2022,0.719811320754717,0.647457627118644
"21107",2022,0.719811320754717,0.647457627118644
"21109",2022,0.719811320754717,0.647457627118644
"21111",2022,0.719811320754717,0.647457627118644
"21113",2022,0.719811320754717,0.647457627118644
"21115",2022,0.719811320754717,0.647457627118644
"21117",2022,0.719811320754717,0.647457627118644
"21119",2022,0.719811320754717,0.647457627118644
"21121",2022,0.719811320754717,0.647457627118644
"21123",2022,0.719811320754717,0.647457627118644
"21125",2022,0.719811320754717,0.647457627118644
"21127",2022,0.719811320754717,0.647457627118644
"21129",2022,0.719811320754717,0.647457627118644
"21131",2022,0.719811320754717,0.647457627118644
"21133",2022,0.719811320754717,0.647457627118644
"21135",2022,0.719811320754717,0.647457627118644
"21137",2022,0.719811320754717,0.647457627118644
"21139",2022,0.719811320754717,0.647457627118644
"21141",2022,0.719811320754717,0.647457627118644
"21143",2022,0.719811320754717,0.647457627118644
"21145",2022,0.719811320754717,0.647457627118644
"21147",2022,0.719811320754717,0.647457627118644
"21149",2022,0.719811320754717,0.647457627118644
"21151",2022,0.719811320754717,0.647457627118644
"21153",2022,0.719811320754717,0.647457627118644
"21155",2022,0.719811320754717,0.647457627118644
"21157",2022,0.719811320754717,0.647457627118644
"21159",2022,0.719811320754717,0.647457627118644
"21161",2022,0.719811320754717,0.647457627118644
"21163",2022,0.719811320754717,0.647457627118644
"21165",2022,0.719811320754717,0.647457627118644
"21167",2022,0.719811320754717,0.647457627118644
"21169",2022,0.719811320754717,0.647457627118644
"21171",2022,0.719811320754717,0.647457627118644
"21173",2022,0.719811320754717,0.647457627118644
"21175",2022,0.719811320754717,0.647457627118644
"21177",2022,0.719811320754717,0.647457627118644
"21179",2022,0.719811320754717,0.647457627118644
"21181",2022,0.719811320754717,0.647457627118644
"21183",2022,0.719811320754717,0.647457627118644
"21185",2022,0.719811320754717,0.647457627118644
"21187",2022,0.719811320754717,0.647457627118644
"21189",2022,0.719811320754717,0.647457627118644
"21191",2022,0.719811320754717,0.647457627118644
"21193",2022,0.719811320754717,0.647457627118644
"21195",2022,0.719811320754717,0.647457627118644
"21197",2022,0.719811320754717,0.647457627118644
"21199",2022,0.719811320754717,0.647457627118644
"21201",2022,0.719811320754717,0.647457627118644
"21203",2022,0.719811320754717,0.647457627118644
"21205",2022,0.719811320754717,0.647457627118644
"21207",2022,0.719811320754717,0.647457627118644
"21209",2022,0.719811320754717,0.647457627118644
"21211",2022,0.719811320754717,0.647457627118644
"21213",2022,0.719811320754717,0.647457627118644
"21215",2022,0.719811320754717,0.647457627118644
"21217",2022,0.719811320754717,0.647457627118644
"21219",2022,0.719811320754717,0.647457627118644
"21221",2022,0.719811320754717,0.647457627118644
"21223",2022,0.719811320754717,0.647457627118644
"21225",2022,0.719811320754717,0.647457627118644
"21227",2022,0.719811320754717,0.647457627118644
"21229",2022,0.719811320754717,0.647457627118644
"21231",2022,0.719811320754717,0.647457627118644
"21233",2022,0.719811320754717,0.647457627118644
"21235",2022,0.719811320754717,0.647457627118644
"21237",2022,0.719811320754717,0.647457627118644
"21239",2022,0.719811320754717,0.647457627118644
"21001",2022,0.719811320754717,0.647457627118644
"21003",2022,0.693037974683544,0.484536082474227
"21005",2022,0.719811320754717,0.647457627118644
"21007",2022,0.719811320754717,0.647457627118644
"21009",2022,0.719811320754717,0.647457627118644
"21011",2022,0.719811320754717,0.647457627118644
"21013",2022,0.595505617977528,0.527777777777778
"21015",2022,0.625,0.333333333333333
"21017",2022,0.757575757575758,0.8
"21019",2022,0.719811320754717,0.647457627118644
"21021",2022,0.719811320754717,0.647457627118644
"21023",2022,0.719811320754717,0.647457627118644
"21025",2022,0.661538461538462,0.227272727272727
"21027",2022,0.719811320754717,0.647457627118644
"21029",2022,0.719811320754717,0.647457627118644
"21031",2022,0.754756871035941,0.491379310344828
"21033",2022,0.741514360313316,0.444444444444444
"21035",2022,0.719811320754717,0.647457627118644
"21037",2022,0.719811320754717,0.647457627118644
"21039",2022,0.719811320754717,0.647457627118644
"21041",2022,0.719811320754717,0.647457627118644
"21043",2022,0.719811320754717,0.647457627118644
"21045",2022,0.719811320754717,0.647457627118644
"21047",2022,0.719811320754717,0.647457627118644
"21049",2022,0.719811320754717,0.647457627118644
"21051",2022,0.719811320754717,0.647457627118644
"21053",2022,0.719811320754717,0.647457627118644
"21055",2022,0.719811320754717,0.647457627118644
"21057",2022,0.719811320754717,0.647457627118644
"21059",2022,0.719811320754717,0.647457627118644
"21061",2022,0.719811320754717,0.647457627118644
"21063",2022,0.719811320754717,0.647457627118644
"21065",2022,0.719811320754717,0.647457627118644
"21067",2022,0.719811320754717,0.647457627118644
"21069",2022,0.719811320754717,0.647457627118644
"21071",2022,0.719811320754717,0.647457627118644
"21073",2022,0.719811320754717,0.647457627118644
"21075",2022,0.719811320754717,0.647457627118644
"21077",2022,0.719811320754717,0.647457627118644
"21079",2022,0.719811320754717,0.647457627118644
"21081",2022,0.719811320754717,0.647457627118644
"21083",2022,0.719811320754717,0.647457627118644
"21085",2022,0.719811320754717,0.647457627118644
"21087",2022,0.719811320754717,0.647457627118644
"21089",2022,0.719811320754717,0.647457627118644
"21091",2022,0.719811320754717,0.647457627118644
"21093",2022,0.719811320754717,0.647457627118644
"21095",2022,0.719811320754717,0.647457627118644
"21097",2022,0.719811320754717,0.647457627118644
"21099",2022,0.719811320754717,0.647457627118644
"21101",2022,0.719811320754717,0.647457627118644
"21103",2022,0.719811320754717,0.647457627118644
"21105",2022,0.719811320754717,0.647457627118644
"21107",2022,0.719811320754717,0.647457627118644
"21109",2022,0.719811320754717,0.647457627118644
"21111",2022,0.719811320754717,0.647457627118644
"21113",2022,0.719811320754717,0.647457627118644
"21115",2022,0.719811320754717,0.647457627118644
"21117",2022,0.719811320754717,0.647457627118644
"21119",2022,0.719811320754717,0.647457627118644
"21121",2022,0.719811320754717,0.647457627118644
"21123",2022,0.719811320754717,0.647457627118644
"21125",2022,0.719811320754717,0.647457627118644
"21127",2022,0.719811320754717,0.647457627118644
"21129",2022,0.719811320754717,0.647457627118644
"21131",2022,0.719811320754717,0.647457627118644
"21133",2022,0.719811320754717,0.647457627118644
"21135",2022,0.719811320754717,0.647457627118644
"21137",2022,0.719811320754717,0.647457627118644
"21139",2022,0.719811320754717,0.647457627118644
"21141",2022,0.719811320754717,0.647457627118644
"21143",2022,0.719811320754717,0.647457627118644
"21145",2022,0.719811320754717,0.647457627118644
"21147",2022,0.719811320754717,0.647457627118644
"21149",2022,0.719811320754717,0.647457627118644
"21151",2022,0.719811320754717,0.647457627118644
"21153",2022,0.719811320754717,0.647457627118644
"21155",2022,0.719811320754717,0.647457627118644
"21157",2022,0.719811320754717,0.647457627118644
"21159",2022,0.719811320754717,0.647457627118644
"21161",2022,0.719811320754717,0.647457627118644
"21163",2022,0.719811320754717,0.647457627118644
"21165",2022,0.719811320754717,0.647457627118644
"21167",2022,0.719811320754717,0.647457627118644
"21169",2022,0.719811320754717,0.647457627118644
"21171",2022,0.719811320754717,0.647457627118644
"21173",2022,0.719811320754717,0.647457627118644
"21175",2022,0.719811320754717,0.647457627118644
"21177",2022,0.719811320754717,0.647457627118644
"21179",2022,0.719811320754717,0.647457627118644
"21181",2022,0.719811320754717,0.647457627118644
"21183",2022,0.719811320754717,0.647457627118644
"21185",2022,0.719811320754717,0.647457627118644
"21187",2022,0.719811320754717,0.647457627118644
"21189",2022,0.719811320754717,0.647457627118644
"21191",2022,0.719811320754717,0.647457627118644
"21193",2022,0.719811320754717,0.647457627118644
"21195",2022,0.719811320754717,0.647457627118644
"21197",2022,0.719811320754717,0.647457627118644
"21199",2022,0.719811320754717,0.647457627118644
"21201",2022,0.719811320754717,0.647457627118644
"21203",2022,0.719811320754717,0.647457627118644
"21205",2022,0.719811320754717,0.647457627118644
"21207",2022,0.719811320754717,0.647457627118644
"21209",2022,0.719811320754717,0.647457627118644
"21211",2022,0.719811320754717,0.647457627118644
"21213",2022,0.719811320754717,0.647457627118644
"21215",2022,0.719811320754717,0.647457627118644
"21217",2022,0.719811320754717,0.647457627118644
"21219",2022,0.719811320754717,0.647457627118644
"21221",2022,0.719811320754717,0.647457627118644
"21223",2022,0.719811320754717,0.647457627118644
"21225",2022,0.719811320754717,0.647457627118644
"21227",2022,0.719811320754717,0.647457627118644
"21229",2022,0.719811320754717,0.647457627118644
"21231",2022,0.719811320754717,0.647457627118644
"21233",2022,0.719811320754717,0.647457627118644
"21235",2022,0.719811320754717,0.647457627118644
"21237",2022,0.719811320754717,0.647457627118644
"21239",2022,0.719811320754717,0.647457627118644
"21001",2020,0.737444933920705,0.547297297297297
"21003",2020,0.693251533742331,0.515151515151515
"21005",2020,0.737444933920705,0.547297297297297
"21007",2020,0.737444933920705,0.547297297297297
"21009",2020,0.737444933920705,0.547297297297297
"21011",2020,0.737444933920705,0.547297297297297
"21013",2020,0.590361445783133,0.558823529411765
"21015",2020,0.758620689655172,0.571428571428571
"21017",2020,0.709302325581395,0.583333333333333
"21019",2020,0.737444933920705,0.547297297297297
"21021",2020,0.737444933920705,0.547297297297297
"21023",2020,0.737444933920705,0.547297297297297
"21025",2020,0.753846153846154,0.357142857142857
"21027",2020,0.737444933920705,0.547297297297297
"21029",2020,0.737444933920705,0.547297297297297
"21031",2020,0.784552845528455,0.452830188679245
"21033",2020,0.819306930693069,0.328767123287671
"21035",2020,0.737444933920705,0.547297297297297
"21037",2020,0.737444933920705,0.547297297297297
"21039",2020,0.737444933920705,0.547297297297297
"21041",2020,0.737444933920705,0.547297297297297
"21043",2020,0.737444933920705,0.547297297297297
"21045",2020,0.737444933920705,0.547297297297297
"21047",2020,0.737444933920705,0.547297297297297
"21049",2020,0.737444933920705,0.547297297297297
"21051",2020,0.737444933920705,0.547297297297297
"21053",2020,0.737444933920705,0.547297297297297
"21055",2020,0.737444933920705,0.547297297297297
"21057",2020,0.737444933920705,0.547297297297297
"21059",2020,0.737444933920705,0.547297297297297
"21061",2020,0.737444933920705,0.547297297297297
"21063",2020,0.737444933920705,0.547297297297297
"21065",2020,0.737444933920705,0.547297297297297
"21067",2020,0.737444933920705,0.547297297297297
"21069",2020,0.737444933920705,0.547297297297297
"21071",2020,0.737444933920705,0.547297297297297
"21073",2020,0.737444933920705,0.547297297297297
"21075",2020,0.737444933920705,0.547297297297297
"21077",2020,0.737444933920705,0.547297297297297
"21079",2020,0.737444933920705,0.547297297297297
"21081",2020,0.737444933920705,0.547297297297297
"21083",2020,0.737444933920705,0.547297297297297
"21085",2020,0.737444933920705,0.547297297297297
"21087",2020,0.737444933920705,0.547297297297297
"21089",2020,0.737444933920705,0.547297297297297
"21091",2020,0.737444933920705,0.547297297297297
"21093",2020,0.737444933920705,0.547297297297297
"21095",2020,0.737444933920705,0.547297297297297
"21097",2020,0.737444933920705,0.547297297297297
"21099",2020,0.737444933920705,0.547297297297297
"21101",2020,0.737444933920705,0.547297297297297
"21103",2020,0.737444933920705,0.547297297297297
"21105",2020,0.737444933920705,0.547297297297297
"21107",2020,0.737444933920705,0.547297297297297
"21109",2020,0.737444933920705,0.547297297297297
"21111",2020,0.737444933920705,0.547297297297297
"21113",2020,0.737444933920705,0.547297297297297
"21115",2020,0.737444933920705,0.547297297297297
"21117",2020,0.737444933920705,0.547297297297297
"21119",2020,0.737444933920705,0.547297297297297
"21121",2020,0.737444933920705,0.547297297297297
"21123",2020,0.737444933920705,0.547297297297297
"21125",2020,0.737444933920705,0.547297297297297
"21127",2020,0.737444933920705,0.547297297297297
"21129",2020,0.737444933920705,0.547297297297297
"21131",2020,0.737444933920705,0.547297297297297
"21133",2020,0.737444933920705,0.547297297297297
"21135",2020,0.737444933920705,0.547297297297297
"21137",2020,0.737444933920705,0.547297297297297
"21139",2020,0.737444933920705,0.547297297297297
"21141",2020,0.737444933920705,0.547297297297297
"21143",2020,0.737444933920705,0.547297297297297
"21145",2020,0.737444933920705,0.547297297297297
"21147",2020,0.737444933920705,0.547297297297297
"21149",2020,0.737444933920705,0.547297297297297
"21151",2020,0.737444933920705,0.547297297297297
"21153",2020,0.737444933920705,0.547297297297297
"21155",2020,0.737444933920705,0.547297297297297
"21157",2020,0.737444933920705,0.547297297297297
"21159",2020,0.737444933920705,0.547297297297297
"21161",2020,0.737444933920705,0.547297297297297
"21163",2020,0.737444933920705,0.547297297297297
"21165",2020,0.737444933920705,0.547297297297297
"21167",2020,0.737444933920705,0.547297297297297
"21169",2020,0.737444933920705,0.547297297297297
"21171",2020,0.737444933920705,0.547297297297297
"21173",2020,0.737444933920705,0.547297297297297
"21175",2020,0.737444933920705,0.547297297297297
"21177",2020,0.737444933920705,0.547297297297297
"21179",2020,0.737444933920705,0.547297297297297
"21181",2020,0.737444933920705,0.547297297297297
"21183",2020,0.737444933920705,0.547297297297297
"21185",2020,0.737444933920705,0.547297297297297
"21187",2020,0.737444933920705,0.547297297297297
"21189",2020,0.737444933920705,0.547297297297297
"21191",2020,0.737444933920705,0.547297297297297
"21193",2020,0.737444933920705,0.547297297297297
"21195",2020,0.737444933920705,0.547297297297297
"21197",2020,0.737444933920705,0.547297297297297
"21199",2020,0.737444933920705,0.547297297297297
"21201",2020,0.737444933920705,0.547297297297297
"21203",2020,0.737444933920705,0.547297297297297
"21205",2020,0.737444933920705,0.547297297297297
"21207",2020,0.737444933920705,0.547297297297297
"21209",2020,0.737444933920705,0.547297297297297
"21211",2020,0.737444933920705,0.547297297297297
"21213",2020,0.737444933920705,0.547297297297297
"21215",2020,0.737444933920705,0.547297297297297
"21217",2020,0.737444933920705,0.547297297297297
"21219",2020,0.737444933920705,0.547297297297297
"21221",2020,0.737444933920705,0.547297297297297
"21223",2020,0.737444933920705,0.547297297297297
"21225",2020,0.737444933920705,0.547297297297297
"21227",2020,0.737444933920705,0.547297297297297
"21229",2020,0.737444933920705,0.547297297297297
"21231",2020,0.737444933920705,0.547297297297297
"21233",2020,0.737444933920705,0.547297297297297
"21235",2020,0.737444933920705,0.547297297297297
"21237",2020,0.737444933920705,0.547297297297297
"21239",2020,0.737444933920705,0.547297297297297
"21001",2020,0.737444933920705,0.547297297297297
"21003",2020,0.693251533742331,0.515151515151515
"21005",2020,0.737444933920705,0.547297297297297
"21007",2020,0.737444933920705,0.547297297297297
"21009",2020,0.737444933920705,0.547297297297297
"21011",2020,0.737444933920705,0.547297297297297
"21013",2020,0.590361445783133,0.558823529411765
"21015",2020,0.758620689655172,0.571428571428571
"21017",2020,0.709302325581395,0.583333333333333
"21019",2020,0.737444933920705,0.547297297297297
"21021",2020,0.737444933920705,0.547297297297297
"21023",2020,0.737444933920705,0.547297297297297
"21025",2020,0.753846153846154,0.357142857142857
"21027",2020,0.737444933920705,0.547297297297297
"21029",2020,0.737444933920705,0.547297297297297
"21031",2020,0.784552845528455,0.452830188679245
"21033",2020,0.819306930693069,0.328767123287671
"21035",2020,0.737444933920705,0.547297297297297
"21037",2020,0.737444933920705,0.547297297297297
"21039",2020,0.737444933920705,0.547297297297297
"21041",2020,0.737444933920705,0.547297297297297
"21043",2020,0.737444933920705,0.547297297297297
"21045",2020,0.737444933920705,0.547297297297297
"21047",2020,0.737444933920705,0.547297297297297
"21049",2020,0.737444933920705,0.547297297297297
"21051",2020,0.737444933920705,0.547297297297297
"21053",2020,0.737444933920705,0.547297297297297
"21055",2020,0.737444933920705,0.547297297297297
"21057",2020,0.737444933920705,0.547297297297297
"21059",2020,0.737444933920705,0.547297297297297
"21061",2020,0.737444933920705,0.547297297297297
"21063",2020,0.737444933920705,0.547297297297297
"21065",2020,0.737444933920705,0.547297297297297
"21067",2020,0.737444933920705,0.547297297297297
"21069",2020,0.737444933920705,0.547297297297297
"21071",2020,0.737444933920705,0.547297297297297
"21073",2020,0.737444933920705,0.547297297297297
"21075",2020,0.737444933920705,0.547297297297297
"21077",2020,0.737444933920705,0.547297297297297
"21079",2020,0.737444933920705,0.547297297297297
"21081",2020,0.737444933920705,0.547297297297297
"21083",2020,0.737444933920705,0.547297297297297
"21085",2020,0.737444933920705,0.547297297297297
"21087",2020,0.737444933920705,0.547297297297297
"21089",2020,0.737444933920705,0.547297297297297
"21091",2020,0.737444933920705,0.547297297297297
"21093",2020,0.737444933920705,0.547297297297297
"21095",2020,0.737444933920705,0.547297297297297
"21097",2020,0.737444933920705,0.547297297297297
"21099",2020,0.737444933920705,0.547297297297297
"21101",2020,0.737444933920705,0.547297297297297
"21103",2020,0.737444933920705,0.547297297297297
"21105",2020,0.737444933920705,0.547297297297297
"21107",2020,0.737444933920705,0.547297297297297
"21109",2020,0.737444933920705,0.547297297297297
"21111",2020,0.737444933920705,0.547297297297297
"21113",2020,0.737444933920705,0.547297297297297
"21115",2020,0.737444933920705,0.547297297297297
"21117",2020,0.737444933920705,0.547297297297297
"21119",2020,0.737444933920705,0.547297297297297
"21121",2020,0.737444933920705,0.547297297297297
"21123",2020,0.737444933920705,0.547297297297297
"21125",2020,0.737444933920705,0.547297297297297
"21127",2020,0.737444933920705,0.547297297297297
"21129",2020,0.737444933920705,0.547297297297297
"21131",2020,0.737444933920705,0.547297297297297
"21133",2020,0.737444933920705,0.547297297297297
"21135",2020,0.737444933920705,0.547297297297297
"21137",2020,0.737444933920705,0.547297297297297
"21139",2020,0.737444933920705,0.547297297297297
"21141",2020,0.737444933920705,0.547297297297297
"21143",2020,0.737444933920705,0.547297297297297
"21145",2020,0.737444933920705,0.547297297297297
"21147",2020,0.737444933920705,0.547297297297297
"21149",2020,0.737444933920705,0.547297297297297
"21151",2020,0.737444933920705,0.547297297297297
"21153",2020,0.737444933920705,0.547297297297297
"21155",2020,0.737444933920705,0.547297297297297
"21157",2020,0.737444933920705,0.547297297297297
"21159",2020,0.737444933920705,0.547297297297297
"21161",2020,0.737444933920705,0.547297297297297
"21163",2020,0.737444933920705,0.547297297297297
"21165",2020,0.737444933920705,0.547297297297297
"21167",2020,0.737444933920705,0.547297297297297
"21169",2020,0.737444933920705,0.547297297297297
"21171",2020,0.737444933920705,0.547297297297297
"21173",2020,0.737444933920705,0.547297297297297
"21175",2020,0.737444933920705,0.547297297297297
"21177",2020,0.737444933920705,0.547297297297297
"21179",2020,0.737444933920705,0.547297297297297
"21181",2020,0.737444933920705,0.547297297297297
"21183",2020,0.737444933920705,0.547297297297297
"21185",2020,0.737444933920705,0.547297297297297
"21187",2020,0.737444933920705,0.547297297297297
"21189",2020,0.737444933920705,0.547297297297297
"21191",2020,0.737444933920705,0.547297297297297
"21193",2020,0.737444933920705,0.547297297297297
"21195",2020,0.737444933920705,0.547297297297297
"21197",2020,0.737444933920705,0.547297297297297
"21199",2020,0.737444933920705,0.547297297297297
"21201",2020,0.737444933920705,0.547297297297297
"21203",2020,0.737444933920705,0.547297297297297
"21205",2020,0.737444933920705,0.547297297297297
"21207",2020,0.737444933920705,0.547297297297297
"21209",2020,0.737444933920705,0.547297297297297
"21211",2020,0.737444933920705,0.547297297297297
"21213",2020,0.737444933920705,0.547297297297297
"21215",2020,0.737444933920705,0.547297297297297
"21217",2020,0.737444933920705,0.547297297297297
"21219",2020,0.737444933920705,0.547297297297297
"21221",2020,0.737444933920705,0.547297297297297
"21223",2020,0.737444933920705,0.547297297297297
"21225",2020,0.737444933920705,0.547297297297297
"21227",2020,0.737444933920705,0.547297297297297
"21229",2020,0.737444933920705,0.547297297297297
"21231",2020,0.737444933920705,0.547297297297297
"21233",2020,0.737444933920705,0.547297297297297
"21235",2020,0.737444933920705,0.547297297297297
"21237",2020,0.737444933920705,0.547297297297297
"21239",2020,0.737444933920705,0.547297297297297
"21001",2018,0.615531508593253,0.541528239202658
"21003",2018,0.590425531914894,0.542483660130719
"21005",2018,0.615531508593253,0.541528239202658
"21007",2018,0.615531508593253,0.541528239202658
"21009",2018,0.615531508593253,0.541528239202658
"21011",2018,0.615531508593253,0.541528239202658
"21013",2018,0.518518518518518,0.673076923076923
"21015",2018,0.647058823529412,0.416666666666667
"21017",2018,0.559055118110236,0.509090909090909
"21019",2018,0.615531508593253,0.541528239202658
"21021",2018,0.615531508593253,0.541528239202658
"21023",2018,0.615531508593253,0.541528239202658
"21025",2018,0.704347826086957,0.5
"21027",2018,0.604166666666667,0.789473684210526
"21029",2018,0.615531508593253,0.541528239202658
"21031",2018,0.67688679245283,0.525547445255474
"21033",2018,0.669941060903733,0.505952380952381
"21035",2018,0.615531508593253,0.541528239202658
"21037",2018,0.615531508593253,0.541528239202658
"21039",2018,0.615531508593253,0.541528239202658
"21041",2018,0.615531508593253,0.541528239202658
"21043",2018,0.615531508593253,0.541528239202658
"21045",2018,0.615531508593253,0.541528239202658
"21047",2018,0.615531508593253,0.541528239202658
"21049",2018,0.615531508593253,0.541528239202658
"21051",2018,0.615531508593253,0.541528239202658
"21053",2018,0.615531508593253,0.541528239202658
"21055",2018,0.615531508593253,0.541528239202658
"21057",2018,0.615531508593253,0.541528239202658
"21059",2018,0.615531508593253,0.541528239202658
"21061",2018,0.615531508593253,0.541528239202658
"21063",2018,0.615531508593253,0.541528239202658
"21065",2018,0.615531508593253,0.541528239202658
"21067",2018,0.615531508593253,0.541528239202658
"21069",2018,0.615531508593253,0.541528239202658
"21071",2018,0.615531508593253,0.541528239202658
"21073",2018,0.615531508593253,0.541528239202658
"21075",2018,0.615531508593253,0.541528239202658
"21077",2018,0.615531508593253,0.541528239202658
"21079",2018,0.615531508593253,0.541528239202658
"21081",2018,0.615531508593253,0.541528239202658
"21083",2018,0.615531508593253,0.541528239202658
"21085",2018,0.615531508593253,0.541528239202658
"21087",2018,0.615531508593253,0.541528239202658
"21089",2018,0.615531508593253,0.541528239202658
"21091",2018,0.615531508593253,0.541528239202658
"21093",2018,0.615531508593253,0.541528239202658
"21095",2018,0.615531508593253,0.541528239202658
"21097",2018,0.615531508593253,0.541528239202658
"21099",2018,0.615531508593253,0.541528239202658
"21101",2018,0.615531508593253,0.541528239202658
"21103",2018,0.615531508593253,0.541528239202658
"21105",2018,0.615531508593253,0.541528239202658
"21107",2018,0.615531508593253,0.541528239202658
"21109",2018,0.615531508593253,0.541528239202658
"21111",2018,0.615531508593253,0.541528239202658
"21113",2018,0.615531508593253,0.541528239202658
"21115",2018,0.615531508593253,0.541528239202658
"21117",2018,0.615531508593253,0.541528239202658
"21119",2018,0.615531508593253,0.541528239202658
"21121",2018,0.615531508593253,0.541528239202658
"21123",2018,0.615531508593253,0.541528239202658
"21125",2018,0.615531508593253,0.541528239202658
"21127",2018,0.615531508593253,0.541528239202658
"21129",2018,0.615531508593253,0.541528239202658
"21131",2018,0.615531508593253,0.541528239202658
"21133",2018,0.615531508593253,0.541528239202658
"21135",2018,0.615531508593253,0.541528239202658
"21137",2018,0.615531508593253,0.541528239202658
"21139",2018,0.615531508593253,0.541528239202658
"21141",2018,0.615531508593253,0.541528239202658
"21143",2018,0.615531508593253,0.541528239202658
"21145",2018,0.615531508593253,0.541528239202658
"21147",2018,0.615531508593253,0.541528239202658
"21149",2018,0.615531508593253,0.541528239202658
"21151",2018,0.615531508593253,0.541528239202658
"21153",2018,0.615531508593253,0.541528239202658
"21155",2018,0.615531508593253,0.541528239202658
"21157",2018,0.615531508593253,0.541528239202658
"21159",2018,0.615531508593253,0.541528239202658
"21161",2018,0.615531508593253,0.541528239202658
"21163",2018,0.615531508593253,0.541528239202658
"21165",2018,0.615531508593253,0.541528239202658
"21167",2018,0.615531508593253,0.541528239202658
"21169",2018,0.615531508593253,0.541528239202658
"21171",2018,0.615531508593253,0.541528239202658
"21173",2018,0.615531508593253,0.541528239202658
"21175",2018,0.615531508593253,0.541528239202658
"21177",2018,0.615531508593253,0.541528239202658
"21179",2018,0.615531508593253,0.541528239202658
"21181",2018,0.615531508593253,0.541528239202658
"21183",2018,0.615531508593253,0.541528239202658
"21185",2018,0.615531508593253,0.541528239202658
"21187",2018,0.615531508593253,0.541528239202658
"21189",2018,0.615531508593253,0.541528239202658
"21191",2018,0.615531508593253,0.541528239202658
"21193",2018,0.615531508593253,0.541528239202658
"21195",2018,0.615531508593253,0.541528239202658
"21197",2018,0.615531508593253,0.541528239202658
"21199",2018,0.615531508593253,0.541528239202658
"21201",2018,0.615531508593253,0.541528239202658
"21203",2018,0.615531508593253,0.541528239202658
"21205",2018,0.615531508593253,0.541528239202658
"21207",2018,0.615531508593253,0.541528239202658
"21209",2018,0.615531508593253,0.541528239202658
"21211",2018,0.615531508593253,0.541528239202658
"21213",2018,0.615531508593253,0.541528239202658
"21215",2018,0.615531508593253,0.541528239202658
"21217",2018,0.615531508593253,0.541528239202658
"21219",2018,0.615531508593253,0.541528239202658
"21221",2018,0.615531508593253,0.541528239202658
"21223",2018,0.615531508593253,0.541528239202658
"21225",2018,0.615531508593253,0.541528239202658
"21227",2018,0.615531508593253,0.541528239202658
"21229",2018,0.615531508593253,0.541528239202658
"21231",2018,0.615531508593253,0.541528239202658
"21233",2018,0.615531508593253,0.541528239202658
"21235",2018,0.615531508593253,0.541528239202658
"21237",2018,0.615531508593253,0.541528239202658
"21239",2018,0.615531508593253,0.541528239202658
"22001",2022,0.719811320754717,0.647457627118644
"22003",2022,0.693037974683544,0.484536082474227
"22005",2022,0.719811320754717,0.647457627118644
"22007",2022,0.719811320754717,0.647457627118644
"22009",2022,0.719811320754717,0.647457627118644
"22011",2022,0.719811320754717,0.647457627118644
"22013",2022,0.595505617977528,0.527777777777778
"22015",2022,0.625,0.333333333333333
"22017",2022,0.757575757575758,0.8
"22019",2022,0.719811320754717,0.647457627118644
"22021",2022,0.719811320754717,0.647457627118644
"22023",2022,0.719811320754717,0.647457627118644
"22025",2022,0.661538461538462,0.227272727272727
"22027",2022,0.719811320754717,0.647457627118644
"22029",2022,0.719811320754717,0.647457627118644
"22031",2022,0.754756871035941,0.491379310344828
"22033",2022,0.741514360313316,0.444444444444444
"22035",2022,0.719811320754717,0.647457627118644
"22037",2022,0.719811320754717,0.647457627118644
"22039",2022,0.719811320754717,0.647457627118644
"22041",2022,0.719811320754717,0.647457627118644
"22043",2022,0.719811320754717,0.647457627118644
"22045",2022,0.719811320754717,0.647457627118644
"22047",2022,0.719811320754717,0.647457627118644
"22049",2022,0.719811320754717,0.647457627118644
"22051",2022,0.719811320754717,0.647457627118644
"22053",2022,0.719811320754717,0.647457627118644
"22055",2022,0.719811320754717,0.647457627118644
"22057",2022,0.719811320754717,0.647457627118644
"22059",2022,0.719811320754717,0.647457627118644
"22061",2022,0.719811320754717,0.647457627118644
"22063",2022,0.719811320754717,0.647457627118644
"22065",2022,0.719811320754717,0.647457627118644
"22067",2022,0.719811320754717,0.647457627118644
"22069",2022,0.719811320754717,0.647457627118644
"22071",2022,0.719811320754717,0.647457627118644
"22073",2022,0.719811320754717,0.647457627118644
"22075",2022,0.719811320754717,0.647457627118644
"22077",2022,0.719811320754717,0.647457627118644
"22079",2022,0.719811320754717,0.647457627118644
"22081",2022,0.719811320754717,0.647457627118644
"22083",2022,0.719811320754717,0.647457627118644
"22085",2022,0.719811320754717,0.647457627118644
"22087",2022,0.719811320754717,0.647457627118644
"22089",2022,0.719811320754717,0.647457627118644
"22091",2022,0.719811320754717,0.647457627118644
"22093",2022,0.719811320754717,0.647457627118644
"22095",2022,0.719811320754717,0.647457627118644
"22097",2022,0.719811320754717,0.647457627118644
"22099",2022,0.719811320754717,0.647457627118644
"22101",2022,0.719811320754717,0.647457627118644
"22103",2022,0.719811320754717,0.647457627118644
"22105",2022,0.719811320754717,0.647457627118644
"22107",2022,0.719811320754717,0.647457627118644
"22109",2022,0.719811320754717,0.647457627118644
"22111",2022,0.719811320754717,0.647457627118644
"22113",2022,0.719811320754717,0.647457627118644
"22115",2022,0.719811320754717,0.647457627118644
"22117",2022,0.719811320754717,0.647457627118644
"22119",2022,0.719811320754717,0.647457627118644
"22121",2022,0.719811320754717,0.647457627118644
"22123",2022,0.719811320754717,0.647457627118644
"22125",2022,0.719811320754717,0.647457627118644
"22127",2022,0.719811320754717,0.647457627118644
"22001",2022,0.719811320754717,0.647457627118644
"22003",2022,0.693037974683544,0.484536082474227
"22005",2022,0.719811320754717,0.647457627118644
"22007",2022,0.719811320754717,0.647457627118644
"22009",2022,0.719811320754717,0.647457627118644
"22011",2022,0.719811320754717,0.647457627118644
"22013",2022,0.595505617977528,0.527777777777778
"22015",2022,0.625,0.333333333333333
"22017",2022,0.757575757575758,0.8
"22019",2022,0.719811320754717,0.647457627118644
"22021",2022,0.719811320754717,0.647457627118644
"22023",2022,0.719811320754717,0.647457627118644
"22025",2022,0.661538461538462,0.227272727272727
"22027",2022,0.719811320754717,0.647457627118644
"22029",2022,0.719811320754717,0.647457627118644
"22031",2022,0.754756871035941,0.491379310344828
"22033",2022,0.741514360313316,0.444444444444444
"22035",2022,0.719811320754717,0.647457627118644
"22037",2022,0.719811320754717,0.647457627118644
"22039",2022,0.719811320754717,0.647457627118644
"22041",2022,0.719811320754717,0.647457627118644
"22043",2022,0.719811320754717,0.647457627118644
"22045",2022,0.719811320754717,0.647457627118644
"22047",2022,0.719811320754717,0.647457627118644
"22049",2022,0.719811320754717,0.647457627118644
"22051",2022,0.719811320754717,0.647457627118644
"22053",2022,0.719811320754717,0.647457627118644
"22055",2022,0.719811320754717,0.647457627118644
"22057",2022,0.719811320754717,0.647457627118644
"22059",2022,0.719811320754717,0.647457627118644
"22061",2022,0.719811320754717,0.647457627118644
"22063",2022,0.719811320754717,0.647457627118644
"22065",2022,0.719811320754717,0.647457627118644
"22067",2022,0.719811320754717,0.647457627118644
"22069",2022,0.719811320754717,0.647457627118644
"22071",2022,0.719811320754717,0.647457627118644
"22073",2022,0.719811320754717,0.647457627118644
"22075",2022,0.719811320754717,0.647457627118644
"22077",2022,0.719811320754717,0.647457627118644
"22079",2022,0.719811320754717,0.647457627118644
"22081",2022,0.719811320754717,0.647457627118644
"22083",2022,0.719811320754717,0.647457627118644
"22085",2022,0.719811320754717,0.647457627118644
"22087",2022,0.719811320754717,0.647457627118644
"22089",2022,0.719811320754717,0.647457627118644
"22091",2022,0.719811320754717,0.647457627118644
"22093",2022,0.719811320754717,0.647457627118644
"22095",2022,0.719811320754717,0.647457627118644
"22097",2022,0.719811320754717,0.647457627118644
"22099",2022,0.719811320754717,0.647457627118644
"22101",2022,0.719811320754717,0.647457627118644
"22103",2022,0.719811320754717,0.647457627118644
"22105",2022,0.719811320754717,0.647457627118644
"22107",2022,0.719811320754717,0.647457627118644
"22109",2022,0.719811320754717,0.647457627118644
"22111",2022,0.719811320754717,0.647457627118644
"22113",2022,0.719811320754717,0.647457627118644
"22115",2022,0.719811320754717,0.647457627118644
"22117",2022,0.719811320754717,0.647457627118644
"22119",2022,0.719811320754717,0.647457627118644
"22121",2022,0.719811320754717,0.647457627118644
"22123",2022,0.719811320754717,0.647457627118644
"22125",2022,0.719811320754717,0.647457627118644
"22127",2022,0.719811320754717,0.647457627118644
"22001",2020,0.737444933920705,0.547297297297297
"22003",2020,0.693251533742331,0.515151515151515
"22005",2020,0.737444933920705,0.547297297297297
"22007",2020,0.737444933920705,0.547297297297297
"22009",2020,0.737444933920705,0.547297297297297
"22011",2020,0.737444933920705,0.547297297297297
"22013",2020,0.590361445783133,0.558823529411765
"22015",2020,0.758620689655172,0.571428571428571
"22017",2020,0.709302325581395,0.583333333333333
"22019",2020,0.737444933920705,0.547297297297297
"22021",2020,0.737444933920705,0.547297297297297
"22023",2020,0.737444933920705,0.547297297297297
"22025",2020,0.753846153846154,0.357142857142857
"22027",2020,0.737444933920705,0.547297297297297
"22029",2020,0.737444933920705,0.547297297297297
"22031",2020,0.784552845528455,0.452830188679245
"22033",2020,0.819306930693069,0.328767123287671
"22035",2020,0.737444933920705,0.547297297297297
"22037",2020,0.737444933920705,0.547297297297297
"22039",2020,0.737444933920705,0.547297297297297
"22041",2020,0.737444933920705,0.547297297297297
"22043",2020,0.737444933920705,0.547297297297297
"22045",2020,0.737444933920705,0.547297297297297
"22047",2020,0.737444933920705,0.547297297297297
"22049",2020,0.737444933920705,0.547297297297297
"22051",2020,0.737444933920705,0.547297297297297
"22053",2020,0.737444933920705,0.547297297297297
"22055",2020,0.737444933920705,0.547297297297297
"22057",2020,0.737444933920705,0.547297297297297
"22059",2020,0.737444933920705,0.547297297297297
"22061",2020,0.737444933920705,0.547297297297297
"22063",2020,0.737444933920705,0.547297297297297
"22065",2020,0.737444933920705,0.547297297297297
"22067",2020,0.737444933920705,0.547297297297297
"22069",2020,0.737444933920705,0.547297297297297
"22071",2020,0.737444933920705,0.547297297297297
"22073",2020,0.737444933920705,0.547297297297297
"22075",2020,0.737444933920705,0.547297297297297
"22077",2020,0.737444933920705,0.547297297297297
"22079",2020,0.737444933920705,0.547297297297297
"22081",2020,0.737444933920705,0.547297297297297
"22083",2020,0.737444933920705,0.547297297297297
"22085",2020,0.737444933920705,0.547297297297297
"22087",2020,0.737444933920705,0.547297297297297
"22089",2020,0.737444933920705,0.547297297297297
"22091",2020,0.737444933920705,0.547297297297297
"22093",2020,0.737444933920705,0.547297297297297
"22095",2020,0.737444933920705,0.547297297297297
"22097",2020,0.737444933920705,0.547297297297297
"22099",2020,0.737444933920705,0.547297297297297
"22101",2020,0.737444933920705,0.547297297297297
"22103",2020,0.737444933920705,0.547297297297297
"22105",2020,0.737444933920705,0.547297297297297
"22107",2020,0.737444933920705,0.547297297297297
"22109",2020,0.737444933920705,0.547297297297297
"22111",2020,0.737444933920705,0.547297297297297
"22113",2020,0.737444933920705,0.547297297297297
"22115",2020,0.737444933920705,0.547297297297297
"22117",2020,0.737444933920705,0.547297297297297
"22119",2020,0.737444933920705,0.547297297297297
"22121",2020,0.737444933920705,0.547297297297297
"22123",2020,0.737444933920705,0.547297297297297
"22125",2020,0.737444933920705,0.547297297297297
"22127",2020,0.737444933920705,0.547297297297297
"22001",2020,0.737444933920705,0.547297297297297
"22003",2020,0.693251533742331,0.515151515151515
"22005",2020,0.737444933920705,0.547297297297297
"22007",2020,0.737444933920705,0.547297297297297
"22009",2020,0.737444933920705,0.547297297297297
"22011",2020,0.737444933920705,0.547297297297297
"22013",2020,0.590361445783133,0.558823529411765
"22015",2020,0.758620689655172,0.571428571428571
"22017",2020,0.709302325581395,0.583333333333333
"22019",2020,0.737444933920705,0.547297297297297
"22021",2020,0.737444933920705,0.547297297297297
"22023",2020,0.737444933920705,0.547297297297297
"22025",2020,0.753846153846154,0.357142857142857
"22027",2020,0.737444933920705,0.547297297297297
"22029",2020,0.737444933920705,0.547297297297297
"22031",2020,0.784552845528455,0.452830188679245
"22033",2020,0.819306930693069,0.328767123287671
"22035",2020,0.737444933920705,0.547297297297297
"22037",2020,0.737444933920705,0.547297297297297
"22039",2020,0.737444933920705,0.547297297297297
"22041",2020,0.737444933920705,0.547297297297297
"22043",2020,0.737444933920705,0.547297297297297
"22045",2020,0.737444933920705,0.547297297297297
"22047",2020,0.737444933920705,0.547297297297297
"22049",2020,0.737444933920705,0.547297297297297
"22051",2020,0.737444933920705,0.547297297297297
"22053",2020,0.737444933920705,0.547297297297297
"22055",2020,0.737444933920705,0.547297297297297
"22057",2020,0.737444933920705,0.547297297297297
"22059",2020,0.737444933920705,0.547297297297297
"22061",2020,0.737444933920705,0.547297297297297
"22063",2020,0.737444933920705,0.547297297297297
"22065",2020,0.737444933920705,0.547297297297297
"22067",2020,0.737444933920705,0.547297297297297
"22069",2020,0.737444933920705,0.547297297297297
"22071",2020,0.737444933920705,0.547297297297297
"22073",2020,0.737444933920705,0.547297297297297
"22075",2020,0.737444933920705,0.547297297297297
"22077",2020,0.737444933920705,0.547297297297297
"22079",2020,0.737444933920705,0.547297297297297
"22081",2020,0.737444933920705,0.547297297297297
"22083",2020,0.737444933920705,0.547297297297297
"22085",2020,0.737444933920705,0.547297297297297
"22087",2020,0.737444933920705,0.547297297297297
"22089",2020,0.737444933920705,0.547297297297297
"22091",2020,0.737444933920705,0.547297297297297
"22093",2020,0.737444933920705,0.547297297297297
"22095",2020,0.737444933920705,0.547297297297297
"22097",2020,0.737444933920705,0.547297297297297
"22099",2020,0.737444933920705,0.547297297297297
"22101",2020,0.737444933920705,0.547297297297297
"22103",2020,0.737444933920705,0.547297297297297
"22105",2020,0.737444933920705,0.547297297297297
"22107",2020,0.737444933920705,0.547297297297297
"22109",2020,0.737444933920705,0.547297297297297
"22111",2020,0.737444933920705,0.547297297297297
"22113",2020,0.737444933920705,0.547297297297297
"22115",2020,0.737444933920705,0.547297297297297
"22117",2020,0.737444933920705,0.547297297297297
"22119",2020,0.737444933920705,0.547297297297297
"22121",2020,0.737444933920705,0.547297297297297
"22123",2020,0.737444933920705,0.547297297297297
"22125",2020,0.737444933920705,0.547297297297297
"22127",2020,0.737444933920705,0.547297297297297
"22001",2018,0.615531508593253,0.541528239202658
"22003",2018,0.590425531914894,0.542483660130719
"22005",2018,0.615531508593253,0.541528239202658
"22007",2018,0.615531508593253,0.541528239202658
"22009",2018,0.615531508593253,0.541528239202658
"22011",2018,0.615531508593253,0.541528239202658
"22013",2018,0.518518518518518,0.673076923076923
"22015",2018,0.647058823529412,0.416666666666667
"22017",2018,0.559055118110236,0.509090909090909
"22019",2018,0.615531508593253,0.541528239202658
"22021",2018,0.615531508593253,0.541528239202658
"22023",2018,0.615531508593253,0.541528239202658
"22025",2018,0.704347826086957,0.5
"22027",2018,0.604166666666667,0.789473684210526
"22029",2018,0.615531508593253,0.541528239202658
"22031",2018,0.67688679245283,0.525547445255474
"22033",2018,0.669941060903733,0.505952380952381
"22035",2018,0.615531508593253,0.541528239202658
"22037",2018,0.615531508593253,0.541528239202658
"22039",2018,0.615531508593253,0.541528239202658
"22041",2018,0.615531508593253,0.541528239202658
"22043",2018,0.615531508593253,0.541528239202658
"22045",2018,0.615531508593253,0.541528239202658
"22047",2018,0.615531508593253,0.541528239202658
"22049",2018,0.615531508593253,0.541528239202658
"22051",2018,0.615531508593253,0.541528239202658
"22053",2018,0.615531508593253,0.541528239202658
"22055",2018,0.615531508593253,0.541528239202658
"22057",2018,0.615531508593253,0.541528239202658
"22059",2018,0.615531508593253,0.541528239202658
"22061",2018,0.615531508593253,0.541528239202658
"22063",2018,0.615531508593253,0.541528239202658
"22065",2018,0.615531508593253,0.541528239202658
"22067",2018,0.615531508593253,0.541528239202658
"22069",2018,0.615531508593253,0.541528239202658
"22071",2018,0.615531508593253,0.541528239202658
"22073",2018,0.615531508593253,0.541528239202658
"22075",2018,0.615531508593253,0.541528239202658
"22077",2018,0.615531508593253,0.541528239202658
"22079",2018,0.615531508593253,0.541528239202658
"22081",2018,0.615531508593253,0.541528239202658
"22083",2018,0.615531508593253,0.541528239202658
"22085",2018,0.615531508593253,0.541528239202658
"22087",2018,0.615531508593253,0.541528239202658
"22089",2018,0.615531508593253,0.541528239202658
"22091",2018,0.615531508593253,0.541528239202658
"22093",2018,0.615531508593253,0.541528239202658
"22095",2018,0.615531508593253,0.541528239202658
"22097",2018,0.615531508593253,0.541528239202658
"22099",2018,0.615531508593253,0.541528239202658
"22101",2018,0.615531508593253,0.541528239202658
"22103",2018,0.615531508593253,0.541528239202658
"22105",2018,0.615531508593253,0.541528239202658
"22107",2018,0.615531508593253,0.541528239202658
"22109",2018,0.615531508593253,0.541528239202658
"22111",2018,0.615531508593253,0.541528239202658
"22113",2018,0.615531508593253,0.541528239202658
"22115",2018,0.615531508593253,0.541528239202658
"22117",2018,0.615531508593253,0.541528239202658
"22119",2018,0.615531508593253,0.541528239202658
"22121",2018,0.615531508593253,0.541528239202658
"22123",2018,0.615531508593253,0.541528239202658
"22125",2018,0.615531508593253,0.541528239202658
"22127",2018,0.615531508593253,0.541528239202658
"23001",2022,0.719811320754717,0.647457627118644
"23003",2022,0.693037974683544,0.484536082474227
"23005",2022,0.719811320754717,0.647457627118644
"23007",2022,0.719811320754717,0.647457627118644
"23009",2022,0.719811320754717,0.647457627118644
"23011",2022,0.719811320754717,0.647457627118644
"23013",2022,0.595505617977528,0.527777777777778
"23015",2022,0.625,0.333333333333333
"23017",2022,0.757575757575758,0.8
"23019",2022,0.719811320754717,0.647457627118644
"23021",2022,0.719811320754717,0.647457627118644
"23023",2022,0.719811320754717,0.647457627118644
"23025",2022,0.661538461538462,0.227272727272727
"23027",2022,0.719811320754717,0.647457627118644
"23029",2022,0.719811320754717,0.647457627118644
"23031",2022,0.754756871035941,0.491379310344828
"23001",2022,0.719811320754717,0.647457627118644
"23003",2022,0.693037974683544,0.484536082474227
"23005",2022,0.719811320754717,0.647457627118644
"23007",2022,0.719811320754717,0.647457627118644
"23009",2022,0.719811320754717,0.647457627118644
"23011",2022,0.719811320754717,0.647457627118644
"23013",2022,0.595505617977528,0.527777777777778
"23015",2022,0.625,0.333333333333333
"23017",2022,0.757575757575758,0.8
"23019",2022,0.719811320754717,0.647457627118644
"23021",2022,0.719811320754717,0.647457627118644
"23023",2022,0.719811320754717,0.647457627118644
"23025",2022,0.661538461538462,0.227272727272727
"23027",2022,0.719811320754717,0.647457627118644
"23029",2022,0.719811320754717,0.647457627118644
"23031",2022,0.754756871035941,0.491379310344828
"23001",2020,0.737444933920705,0.547297297297297
"23003",2020,0.693251533742331,0.515151515151515
"23005",2020,0.737444933920705,0.547297297297297
"23007",2020,0.737444933920705,0.547297297297297
"23009",2020,0.737444933920705,0.547297297297297
"23011",2020,0.737444933920705,0.547297297297297
"23013",2020,0.590361445783133,0.558823529411765
"23015",2020,0.758620689655172,0.571428571428571
"23017",2020,0.709302325581395,0.583333333333333
"23019",2020,0.737444933920705,0.547297297297297
"23021",2020,0.737444933920705,0.547297297297297
"23023",2020,0.737444933920705,0.547297297297297
"23025",2020,0.753846153846154,0.357142857142857
"23027",2020,0.737444933920705,0.547297297297297
"23029",2020,0.737444933920705,0.547297297297297
"23031",2020,0.784552845528455,0.452830188679245
"23001",2020,0.737444933920705,0.547297297297297
"23003",2020,0.693251533742331,0.515151515151515
"23005",2020,0.737444933920705,0.547297297297297
"23007",2020,0.737444933920705,0.547297297297297
"23009",2020,0.737444933920705,0.547297297297297
"23011",2020,0.737444933920705,0.547297297297297
"23013",2020,0.590361445783133,0.558823529411765
"23015",2020,0.758620689655172,0.571428571428571
"23017",2020,0.709302325581395,0.583333333333333
"23019",2020,0.737444933920705,0.547297297297297
"23021",2020,0.737444933920705,0.547297297297297
"23023",2020,0.737444933920705,0.547297297297297
"23025",2020,0.753846153846154,0.357142857142857
"23027",2020,0.737444933920705,0.547297297297297
"23029",2020,0.737444933920705,0.547297297297297
"23031",2020,0.784552845528455,0.452830188679245
"23001",2018,0.615531508593253,0.541528239202658
"23003",2018,0.590425531914894,0.542483660130719
"23005",2018,0.615531508593253,0.541528239202658
"23007",2018,0.615531508593253,0.541528239202658
"23009",2018,0.615531508593253,0.541528239202658
"23011",2018,0.615531508593253,0.541528239202658
"23013",2018,0.518518518518518,0.673076923076923
"23015",2018,0.647058823529412,0.416666666666667
"23017",2018,0.559055118110236,0.509090909090909
"23019",2018,0.615531508593253,0.541528239202658
"23021",2018,0.615531508593253,0.541528239202658
"23023",2018,0.615531508593253,0.541528239202658
"23025",2018,0.704347826086957,0.5
"23027",2018,0.604166666666667,0.789473684210526
"23029",2018,0.615531508593253,0.541528239202658
"23031",2018,0.67688679245283,0.525547445255474
"24001",2022,0.719811320754717,0.647457627118644
"24003",2022,0.693037974683544,0.484536082474227
"24005",2022,0.719811320754717,0.647457627118644
"24009",2022,0.719811320754717,0.647457627118644
"24011",2022,0.719811320754717,0.647457627118644
"24013",2022,0.595505617977528,0.527777777777778
"24015",2022,0.625,0.333333333333333
"24017",2022,0.757575757575758,0.8
"24019",2022,0.719811320754717,0.647457627118644
"24021",2022,0.719811320754717,0.647457627118644
"24023",2022,0.719811320754717,0.647457627118644
"24025",2022,0.661538461538462,0.227272727272727
"24027",2022,0.719811320754717,0.647457627118644
"24029",2022,0.719811320754717,0.647457627118644
"24031",2022,0.754756871035941,0.491379310344828
"24033",2022,0.741514360313316,0.444444444444444
"24035",2022,0.719811320754717,0.647457627118644
"24037",2022,0.719811320754717,0.647457627118644
"24039",2022,0.719811320754717,0.647457627118644
"24041",2022,0.719811320754717,0.647457627118644
"24043",2022,0.719811320754717,0.647457627118644
"24045",2022,0.719811320754717,0.647457627118644
"24047",2022,0.719811320754717,0.647457627118644
"24510",2022,0.701421800947867,0.587301587301587
"24001",2022,0.719811320754717,0.647457627118644
"24003",2022,0.693037974683544,0.484536082474227
"24005",2022,0.719811320754717,0.647457627118644
"24009",2022,0.719811320754717,0.647457627118644
"24011",2022,0.719811320754717,0.647457627118644
"24013",2022,0.595505617977528,0.527777777777778
"24015",2022,0.625,0.333333333333333
"24017",2022,0.757575757575758,0.8
"24019",2022,0.719811320754717,0.647457627118644
"24021",2022,0.719811320754717,0.647457627118644
"24023",2022,0.719811320754717,0.647457627118644
"24025",2022,0.661538461538462,0.227272727272727
"24027",2022,0.719811320754717,0.647457627118644
"24029",2022,0.719811320754717,0.647457627118644
"24031",2022,0.754756871035941,0.491379310344828
"24033",2022,0.741514360313316,0.444444444444444
"24035",2022,0.719811320754717,0.647457627118644
"24037",2022,0.719811320754717,0.647457627118644
"24039",2022,0.719811320754717,0.647457627118644
"24041",2022,0.719811320754717,0.647457627118644
"24043",2022,0.719811320754717,0.647457627118644
"24045",2022,0.719811320754717,0.647457627118644
"24047",2022,0.719811320754717,0.647457627118644
"24510",2022,0.701421800947867,0.587301587301587
"24001",2020,0.737444933920705,0.547297297297297
"24003",2020,0.693251533742331,0.515151515151515
"24005",2020,0.737444933920705,0.547297297297297
"24009",2020,0.737444933920705,0.547297297297297
"24011",2020,0.737444933920705,0.547297297297297
"24013",2020,0.590361445783133,0.558823529411765
"24015",2020,0.758620689655172,0.571428571428571
"24017",2020,0.709302325581395,0.583333333333333
"24019",2020,0.737444933920705,0.547297297297297
"24021",2020,0.737444933920705,0.547297297297297
"24023",2020,0.737444933920705,0.547297297297297
"24025",2020,0.753846153846154,0.357142857142857
"24027",2020,0.737444933920705,0.547297297297297
"24029",2020,0.737444933920705,0.547297297297297
"24031",2020,0.784552845528455,0.452830188679245
"24033",2020,0.819306930693069,0.328767123287671
"24035",2020,0.737444933920705,0.547297297297297
"24037",2020,0.737444933920705,0.547297297297297
"24039",2020,0.737444933920705,0.547297297297297
"24041",2020,0.737444933920705,0.547297297297297
"24043",2020,0.737444933920705,0.547297297297297
"24045",2020,0.737444933920705,0.547297297297297
"24047",2020,0.737444933920705,0.547297297297297
"24510",2020,0.74235807860262,0.53448275862069
"24001",2020,0.737444933920705,0.547297297297297
"24003",2020,0.693251533742331,0.515151515151515
"24005",2020,0.737444933920705,0.547297297297297
"24009",2020,0.737444933920705,0.547297297297297
"24011",2020,0.737444933920705,0.547297297297297
"24013",2020,0.590361445783133,0.558823529411765
"24015",2020,0.758620689655172,0.571428571428571
"24017",2020,0.709302325581395,0.583333333333333
"24019",2020,0.737444933920705,0.547297297297297
"24021",2020,0.737444933920705,0.547297297297297
"24023",2020,0.737444933920705,0.547297297297297
"24025",2020,0.753846153846154,0.357142857142857
"24027",2020,0.737444933920705,0.547297297297297
"24029",2020,0.737444933920705,0.547297297297297
"24031",2020,0.784552845528455,0.452830188679245
"24033",2020,0.819306930693069,0.328767123287671
"24035",2020,0.737444933920705,0.547297297297297
"24037",2020,0.737444933920705,0.547297297297297
"24039",2020,0.737444933920705,0.547297297297297
"24041",2020,0.737444933920705,0.547297297297297
"24043",2020,0.737444933920705,0.547297297297297
"24045",2020,0.737444933920705,0.547297297297297
"24047",2020,0.737444933920705,0.547297297297297
"24510",2020,0.74235807860262,0.53448275862069
"24001",2018,0.615531508593253,0.541528239202658
"24003",2018,0.590425531914894,0.542483660130719
"24005",2018,0.615531508593253,0.541528239202658
"24009",2018,0.615531508593253,0.541528239202658
"24011",2018,0.615531508593253,0.541528239202658
"24013",2018,0.518518518518518,0.673076923076923
"24015",2018,0.647058823529412,0.416666666666667
"24017",2018,0.559055118110236,0.509090909090909
"24019",2018,0.615531508593253,0.541528239202658
"24021",2018,0.615531508593253,0.541528239202658
"24023",2018,0.615531508593253,0.541528239202658
"24025",2018,0.704347826086957,0.5
"24027",2018,0.604166666666667,0.789473684210526
"24029",2018,0.615531508593253,0.541528239202658
"24031",2018,0.67688679245283,0.525547445255474
"24033",2018,0.669941060903733,0.505952380952381
"24035",2018,0.615531508593253,0.541528239202658
"24037",2018,0.615531508593253,0.541528239202658
"24039",2018,0.615531508593253,0.541528239202658
"24041",2018,0.615531508593253,0.541528239202658
"24043",2018,0.615531508593253,0.541528239202658
"24045",2018,0.615531508593253,0.541528239202658
"24047",2018,0.615531508593253,0.541528239202658
"24510",2018,0.675799086757991,0.565217391304348
"25001",2022,0.719811320754717,0.647457627118644
"25003",2022,0.693037974683544,0.484536082474227
"25005",2022,0.719811320754717,0.647457627118644
"25007",2022,0.719811320754717,0.647457627118644
"25009",2022,0.719811320754717,0.647457627118644
"25011",2022,0.719811320754717,0.647457627118644
"25013",2022,0.595505617977528,0.527777777777778
"25015",2022,0.625,0.333333333333333
"25017",2022,0.757575757575758,0.8
"25019",2022,0.719811320754717,0.647457627118644
"25021",2022,0.719811320754717,0.647457627118644
"25023",2022,0.719811320754717,0.647457627118644
"25025",2022,0.661538461538462,0.227272727272727
"25027",2022,0.719811320754717,0.647457627118644
"25001",2022,0.719811320754717,0.647457627118644
"25003",2022,0.693037974683544,0.484536082474227
"25005",2022,0.719811320754717,0.647457627118644
"25007",2022,0.719811320754717,0.647457627118644
"25009",2022,0.719811320754717,0.647457627118644
"25011",2022,0.719811320754717,0.647457627118644
"25013",2022,0.595505617977528,0.527777777777778
"25015",2022,0.625,0.333333333333333
"25017",2022,0.757575757575758,0.8
"25019",2022,0.719811320754717,0.647457627118644
"25021",2022,0.719811320754717,0.647457627118644
"25023",2022,0.719811320754717,0.647457627118644
"25025",2022,0.661538461538462,0.227272727272727
"25027",2022,0.719811320754717,0.647457627118644
"25001",2020,0.737444933920705,0.547297297297297
"25003",2020,0.693251533742331,0.515151515151515
"25005",2020,0.737444933920705,0.547297297297297
"25007",2020,0.737444933920705,0.547297297297297
"25009",2020,0.737444933920705,0.547297297297297
"25011",2020,0.737444933920705,0.547297297297297
"25013",2020,0.590361445783133,0.558823529411765
"25015",2020,0.758620689655172,0.571428571428571
"25017",2020,0.709302325581395,0.583333333333333
"25019",2020,0.737444933920705,0.547297297297297
"25021",2020,0.737444933920705,0.547297297297297
"25023",2020,0.737444933920705,0.547297297297297
"25025",2020,0.753846153846154,0.357142857142857
"25027",2020,0.737444933920705,0.547297297297297
"25001",2020,0.737444933920705,0.547297297297297
"25003",2020,0.693251533742331,0.515151515151515
"25005",2020,0.737444933920705,0.547297297297297
"25007",2020,0.737444933920705,0.547297297297297
"25009",2020,0.737444933920705,0.547297297297297
"25011",2020,0.737444933920705,0.547297297297297
"25013",2020,0.590361445783133,0.558823529411765
"25015",2020,0.758620689655172,0.571428571428571
"25017",2020,0.709302325581395,0.583333333333333
"25019",2020,0.737444933920705,0.547297297297297
"25021",2020,0.737444933920705,0.547297297297297
"25023",2020,0.737444933920705,0.547297297297297
"25025",2020,0.753846153846154,0.357142857142857
"25027",2020,0.737444933920705,0.547297297297297
"25001",2018,0.615531508593253,0.541528239202658
"25003",2018,0.590425531914894,0.542483660130719
"25005",2018,0.615531508593253,0.541528239202658
"25007",2018,0.615531508593253,0.541528239202658
"25009",2018,0.615531508593253,0.541528239202658
"25011",2018,0.615531508593253,0.541528239202658
"25013",2018,0.518518518518518,0.673076923076923
"25015",2018,0.647058823529412,0.416666666666667
"25017",2018,0.559055118110236,0.509090909090909
"25019",2018,0.615531508593253,0.541528239202658
"25021",2018,0.615531508593253,0.541528239202658
"25023",2018,0.615531508593253,0.541528239202658
"25025",2018,0.704347826086957,0.5
"25027",2018,0.604166666666667,0.789473684210526
"26001",2022,0.719811320754717,0.647457627118644
"26003",2022,0.693037974683544,0.484536082474227
"26005",2022,0.719811320754717,0.647457627118644
"26007",2022,0.719811320754717,0.647457627118644
"26009",2022,0.719811320754717,0.647457627118644
"26011",2022,0.719811320754717,0.647457627118644
"26013",2022,0.595505617977528,0.527777777777778
"26015",2022,0.625,0.333333333333333
"26017",2022,0.757575757575758,0.8
"26019",2022,0.719811320754717,0.647457627118644
"26021",2022,0.719811320754717,0.647457627118644
"26023",2022,0.719811320754717,0.647457627118644
"26025",2022,0.661538461538462,0.227272727272727
"26027",2022,0.719811320754717,0.647457627118644
"26029",2022,0.719811320754717,0.647457627118644
"26031",2022,0.754756871035941,0.491379310344828
"26033",2022,0.741514360313316,0.444444444444444
"26035",2022,0.719811320754717,0.647457627118644
"26037",2022,0.719811320754717,0.647457627118644
"26039",2022,0.719811320754717,0.647457627118644
"26041",2022,0.719811320754717,0.647457627118644
"26043",2022,0.719811320754717,0.647457627118644
"26045",2022,0.719811320754717,0.647457627118644
"26047",2022,0.719811320754717,0.647457627118644
"26049",2022,0.719811320754717,0.647457627118644
"26051",2022,0.719811320754717,0.647457627118644
"26053",2022,0.719811320754717,0.647457627118644
"26055",2022,0.719811320754717,0.647457627118644
"26057",2022,0.719811320754717,0.647457627118644
"26059",2022,0.719811320754717,0.647457627118644
"26061",2022,0.719811320754717,0.647457627118644
"26063",2022,0.719811320754717,0.647457627118644
"26065",2022,0.719811320754717,0.647457627118644
"26067",2022,0.719811320754717,0.647457627118644
"26069",2022,0.719811320754717,0.647457627118644
"26071",2022,0.719811320754717,0.647457627118644
"26073",2022,0.719811320754717,0.647457627118644
"26075",2022,0.719811320754717,0.647457627118644
"26077",2022,0.719811320754717,0.647457627118644
"26079",2022,0.719811320754717,0.647457627118644
"26081",2022,0.719811320754717,0.647457627118644
"26083",2022,0.719811320754717,0.647457627118644
"26085",2022,0.719811320754717,0.647457627118644
"26087",2022,0.719811320754717,0.647457627118644
"26089",2022,0.719811320754717,0.647457627118644
"26091",2022,0.719811320754717,0.647457627118644
"26093",2022,0.719811320754717,0.647457627118644
"26095",2022,0.719811320754717,0.647457627118644
"26097",2022,0.719811320754717,0.647457627118644
"26099",2022,0.719811320754717,0.647457627118644
"26101",2022,0.719811320754717,0.647457627118644
"26103",2022,0.719811320754717,0.647457627118644
"26105",2022,0.719811320754717,0.647457627118644
"26107",2022,0.719811320754717,0.647457627118644
"26109",2022,0.719811320754717,0.647457627118644
"26111",2022,0.719811320754717,0.647457627118644
"26113",2022,0.719811320754717,0.647457627118644
"26115",2022,0.719811320754717,0.647457627118644
"26117",2022,0.719811320754717,0.647457627118644
"26119",2022,0.719811320754717,0.647457627118644
"26121",2022,0.719811320754717,0.647457627118644
"26123",2022,0.719811320754717,0.647457627118644
"26125",2022,0.719811320754717,0.647457627118644
"26127",2022,0.719811320754717,0.647457627118644
"26129",2022,0.719811320754717,0.647457627118644
"26131",2022,0.719811320754717,0.647457627118644
"26133",2022,0.719811320754717,0.647457627118644
"26135",2022,0.719811320754717,0.647457627118644
"26137",2022,0.719811320754717,0.647457627118644
"26139",2022,0.719811320754717,0.647457627118644
"26141",2022,0.719811320754717,0.647457627118644
"26143",2022,0.719811320754717,0.647457627118644
"26145",2022,0.719811320754717,0.647457627118644
"26147",2022,0.719811320754717,0.647457627118644
"26149",2022,0.719811320754717,0.647457627118644
"26151",2022,0.719811320754717,0.647457627118644
"26153",2022,0.719811320754717,0.647457627118644
"26155",2022,0.719811320754717,0.647457627118644
"26157",2022,0.719811320754717,0.647457627118644
"26159",2022,0.719811320754717,0.647457627118644
"26161",2022,0.719811320754717,0.647457627118644
"26163",2022,0.719811320754717,0.647457627118644
"26165",2022,0.719811320754717,0.647457627118644
"26001",2022,0.719811320754717,0.647457627118644
"26003",2022,0.693037974683544,0.484536082474227
"26005",2022,0.719811320754717,0.647457627118644
"26007",2022,0.719811320754717,0.647457627118644
"26009",2022,0.719811320754717,0.647457627118644
"26011",2022,0.719811320754717,0.647457627118644
"26013",2022,0.595505617977528,0.527777777777778
"26015",2022,0.625,0.333333333333333
"26017",2022,0.757575757575758,0.8
"26019",2022,0.719811320754717,0.647457627118644
"26021",2022,0.719811320754717,0.647457627118644
"26023",2022,0.719811320754717,0.647457627118644
"26025",2022,0.661538461538462,0.227272727272727
"26027",2022,0.719811320754717,0.647457627118644
"26029",2022,0.719811320754717,0.647457627118644
"26031",2022,0.754756871035941,0.491379310344828
"26033",2022,0.741514360313316,0.444444444444444
"26035",2022,0.719811320754717,0.647457627118644
"26037",2022,0.719811320754717,0.647457627118644
"26039",2022,0.719811320754717,0.647457627118644
"26041",2022,0.719811320754717,0.647457627118644
"26043",2022,0.719811320754717,0.647457627118644
"26045",2022,0.719811320754717,0.647457627118644
"26047",2022,0.719811320754717,0.647457627118644
"26049",2022,0.719811320754717,0.647457627118644
"26051",2022,0.719811320754717,0.647457627118644
"26053",2022,0.719811320754717,0.647457627118644
"26055",2022,0.719811320754717,0.647457627118644
"26057",2022,0.719811320754717,0.647457627118644
"26059",2022,0.719811320754717,0.647457627118644
"26061",2022,0.719811320754717,0.647457627118644
"26063",2022,0.719811320754717,0.647457627118644
"26065",2022,0.719811320754717,0.647457627118644
"26067",2022,0.719811320754717,0.647457627118644
"26069",2022,0.719811320754717,0.647457627118644
"26071",2022,0.719811320754717,0.647457627118644
"26073",2022,0.719811320754717,0.647457627118644
"26075",2022,0.719811320754717,0.647457627118644
"26077",2022,0.719811320754717,0.647457627118644
"26079",2022,0.719811320754717,0.647457627118644
"26081",2022,0.719811320754717,0.647457627118644
"26083",2022,0.719811320754717,0.647457627118644
"26085",2022,0.719811320754717,0.647457627118644
"26087",2022,0.719811320754717,0.647457627118644
"26089",2022,0.719811320754717,0.647457627118644
"26091",2022,0.719811320754717,0.647457627118644
"26093",2022,0.719811320754717,0.647457627118644
"26095",2022,0.719811320754717,0.647457627118644
"26097",2022,0.719811320754717,0.647457627118644
"26099",2022,0.719811320754717,0.647457627118644
"26101",2022,0.719811320754717,0.647457627118644
"26103",2022,0.719811320754717,0.647457627118644
"26105",2022,0.719811320754717,0.647457627118644
"26107",2022,0.719811320754717,0.647457627118644
"26109",2022,0.719811320754717,0.647457627118644
"26111",2022,0.719811320754717,0.647457627118644
"26113",2022,0.719811320754717,0.647457627118644
"26115",2022,0.719811320754717,0.647457627118644
"26117",2022,0.719811320754717,0.647457627118644
"26119",2022,0.719811320754717,0.647457627118644
"26121",2022,0.719811320754717,0.647457627118644
"26123",2022,0.719811320754717,0.647457627118644
"26125",2022,0.719811320754717,0.647457627118644
"26127",2022,0.719811320754717,0.647457627118644
"26129",2022,0.719811320754717,0.647457627118644
"26131",2022,0.719811320754717,0.647457627118644
"26133",2022,0.719811320754717,0.647457627118644
"26135",2022,0.719811320754717,0.647457627118644
"26137",2022,0.719811320754717,0.647457627118644
"26139",2022,0.719811320754717,0.647457627118644
"26141",2022,0.719811320754717,0.647457627118644
"26143",2022,0.719811320754717,0.647457627118644
"26145",2022,0.719811320754717,0.647457627118644
"26147",2022,0.719811320754717,0.647457627118644
"26149",2022,0.719811320754717,0.647457627118644
"26151",2022,0.719811320754717,0.647457627118644
"26153",2022,0.719811320754717,0.647457627118644
"26155",2022,0.719811320754717,0.647457627118644
"26157",2022,0.719811320754717,0.647457627118644
"26159",2022,0.719811320754717,0.647457627118644
"26161",2022,0.719811320754717,0.647457627118644
"26163",2022,0.719811320754717,0.647457627118644
"26165",2022,0.719811320754717,0.647457627118644
"26001",2020,0.737444933920705,0.547297297297297
"26003",2020,0.693251533742331,0.515151515151515
"26005",2020,0.737444933920705,0.547297297297297
"26007",2020,0.737444933920705,0.547297297297297
"26009",2020,0.737444933920705,0.547297297297297
"26011",2020,0.737444933920705,0.547297297297297
"26013",2020,0.590361445783133,0.558823529411765
"26015",2020,0.758620689655172,0.571428571428571
"26017",2020,0.709302325581395,0.583333333333333
"26019",2020,0.737444933920705,0.547297297297297
"26021",2020,0.737444933920705,0.547297297297297
"26023",2020,0.737444933920705,0.547297297297297
"26025",2020,0.753846153846154,0.357142857142857
"26027",2020,0.737444933920705,0.547297297297297
"26029",2020,0.737444933920705,0.547297297297297
"26031",2020,0.784552845528455,0.452830188679245
"26033",2020,0.819306930693069,0.328767123287671
"26035",2020,0.737444933920705,0.547297297297297
"26037",2020,0.737444933920705,0.547297297297297
"26039",2020,0.737444933920705,0.547297297297297
"26041",2020,0.737444933920705,0.547297297297297
"26043",2020,0.737444933920705,0.547297297297297
"26045",2020,0.737444933920705,0.547297297297297
"26047",2020,0.737444933920705,0.547297297297297
"26049",2020,0.737444933920705,0.547297297297297
"26051",2020,0.737444933920705,0.547297297297297
"26053",2020,0.737444933920705,0.547297297297297
"26055",2020,0.737444933920705,0.547297297297297
"26057",2020,0.737444933920705,0.547297297297297
"26059",2020,0.737444933920705,0.547297297297297
"26061",2020,0.737444933920705,0.547297297297297
"26063",2020,0.737444933920705,0.547297297297297
"26065",2020,0.737444933920705,0.547297297297297
"26067",2020,0.737444933920705,0.547297297297297
"26069",2020,0.737444933920705,0.547297297297297
"26071",2020,0.737444933920705,0.547297297297297
"26073",2020,0.737444933920705,0.547297297297297
"26075",2020,0.737444933920705,0.547297297297297
"26077",2020,0.737444933920705,0.547297297297297
"26079",2020,0.737444933920705,0.547297297297297
"26081",2020,0.737444933920705,0.547297297297297
"26083",2020,0.737444933920705,0.547297297297297
"26085",2020,0.737444933920705,0.547297297297297
"26087",2020,0.737444933920705,0.547297297297297
"26089",2020,0.737444933920705,0.547297297297297
"26091",2020,0.737444933920705,0.547297297297297
"26093",2020,0.737444933920705,0.547297297297297
"26095",2020,0.737444933920705,0.547297297297297
"26097",2020,0.737444933920705,0.547297297297297
"26099",2020,0.737444933920705,0.547297297297297
"26101",2020,0.737444933920705,0.547297297297297
"26103",2020,0.737444933920705,0.547297297297297
"26105",2020,0.737444933920705,0.547297297297297
"26107",2020,0.737444933920705,0.547297297297297
"26109",2020,0.737444933920705,0.547297297297297
"26111",2020,0.737444933920705,0.547297297297297
"26113",2020,0.737444933920705,0.547297297297297
"26115",2020,0.737444933920705,0.547297297297297
"26117",2020,0.737444933920705,0.547297297297297
"26119",2020,0.737444933920705,0.547297297297297
"26121",2020,0.737444933920705,0.547297297297297
"26123",2020,0.737444933920705,0.547297297297297
"26125",2020,0.737444933920705,0.547297297297297
"26127",2020,0.737444933920705,0.547297297297297
"26129",2020,0.737444933920705,0.547297297297297
"26131",2020,0.737444933920705,0.547297297297297
"26133",2020,0.737444933920705,0.547297297297297
"26135",2020,0.737444933920705,0.547297297297297
"26137",2020,0.737444933920705,0.547297297297297
"26139",2020,0.737444933920705,0.547297297297297
"26141",2020,0.737444933920705,0.547297297297297
"26143",2020,0.737444933920705,0.547297297297297
"26145",2020,0.737444933920705,0.547297297297297
"26147",2020,0.737444933920705,0.547297297297297
"26149",2020,0.737444933920705,0.547297297297297
"26151",2020,0.737444933920705,0.547297297297297
"26153",2020,0.737444933920705,0.547297297297297
"26155",2020,0.737444933920705,0.547297297297297
"26157",2020,0.737444933920705,0.547297297297297
"26159",2020,0.737444933920705,0.547297297297297
"26161",2020,0.737444933920705,0.547297297297297
"26163",2020,0.737444933920705,0.547297297297297
"26165",2020,0.737444933920705,0.547297297297297
"26001",2020,0.737444933920705,0.547297297297297
"26003",2020,0.693251533742331,0.515151515151515
"26005",2020,0.737444933920705,0.547297297297297
"26007",2020,0.737444933920705,0.547297297297297
"26009",2020,0.737444933920705,0.547297297297297
"26011",2020,0.737444933920705,0.547297297297297
"26013",2020,0.590361445783133,0.558823529411765
"26015",2020,0.758620689655172,0.571428571428571
"26017",2020,0.709302325581395,0.583333333333333
"26019",2020,0.737444933920705,0.547297297297297
"26021",2020,0.737444933920705,0.547297297297297
"26023",2020,0.737444933920705,0.547297297297297
"26025",2020,0.753846153846154,0.357142857142857
"26027",2020,0.737444933920705,0.547297297297297
"26029",2020,0.737444933920705,0.547297297297297
"26031",2020,0.784552845528455,0.452830188679245
"26033",2020,0.819306930693069,0.328767123287671
"26035",2020,0.737444933920705,0.547297297297297
"26037",2020,0.737444933920705,0.547297297297297
"26039",2020,0.737444933920705,0.547297297297297
"26041",2020,0.737444933920705,0.547297297297297
"26043",2020,0.737444933920705,0.547297297297297
"26045",2020,0.737444933920705,0.547297297297297
"26047",2020,0.737444933920705,0.547297297297297
"26049",2020,0.737444933920705,0.547297297297297
"26051",2020,0.737444933920705,0.547297297297297
"26053",2020,0.737444933920705,0.547297297297297
"26055",2020,0.737444933920705,0.547297297297297
"26057",2020,0.737444933920705,0.547297297297297
"26059",2020,0.737444933920705,0.547297297297297
"26061",2020,0.737444933920705,0.547297297297297
"26063",2020,0.737444933920705,0.547297297297297
"26065",2020,0.737444933920705,0.547297297297297
"26067",2020,0.737444933920705,0.547297297297297
"26069",2020,0.737444933920705,0.547297297297297
"26071",2020,0.737444933920705,0.547297297297297
"26073",2020,0.737444933920705,0.547297297297297
"26075",2020,0.737444933920705,0.547297297297297
"26077",2020,0.737444933920705,0.547297297297297
"26079",2020,0.737444933920705,0.547297297297297
"26081",2020,0.737444933920705,0.547297297297297
"26083",2020,0.737444933920705,0.547297297297297
"26085",2020,0.737444933920705,0.547297297297297
"26087",2020,0.737444933920705,0.547297297297297
"26089",2020,0.737444933920705,0.547297297297297
"26091",2020,0.737444933920705,0.547297297297297
"26093",2020,0.737444933920705,0.547297297297297
"26095",2020,0.737444933920705,0.547297297297297
"26097",2020,0.737444933920705,0.547297297297297
"26099",2020,0.737444933920705,0.547297297297297
"26101",2020,0.737444933920705,0.547297297297297
"26103",2020,0.737444933920705,0.547297297297297
"26105",2020,0.737444933920705,0.547297297297297
"26107",2020,0.737444933920705,0.547297297297297
"26109",2020,0.737444933920705,0.547297297297297
"26111",2020,0.737444933920705,0.547297297297297
"26113",2020,0.737444933920705,0.547297297297297
"26115",2020,0.737444933920705,0.547297297297297
"26117",2020,0.737444933920705,0.547297297297297
"26119",2020,0.737444933920705,0.547297297297297
"26121",2020,0.737444933920705,0.547297297297297
"26123",2020,0.737444933920705,0.547297297297297
"26125",2020,0.737444933920705,0.547297297297297
"26127",2020,0.737444933920705,0.547297297297297
"26129",2020,0.737444933920705,0.547297297297297
"26131",2020,0.737444933920705,0.547297297297297
"26133",2020,0.737444933920705,0.547297297297297
"26135",2020,0.737444933920705,0.547297297297297
"26137",2020,0.737444933920705,0.547297297297297
"26139",2020,0.737444933920705,0.547297297297297
"26141",2020,0.737444933920705,0.547297297297297
"26143",2020,0.737444933920705,0.547297297297297
"26145",2020,0.737444933920705,0.547297297297297
"26147",2020,0.737444933920705,0.547297297297297
"26149",2020,0.737444933920705,0.547297297297297
"26151",2020,0.737444933920705,0.547297297297297
"26153",2020,0.737444933920705,0.547297297297297
"26155",2020,0.737444933920705,0.547297297297297
"26157",2020,0.737444933920705,0.547297297297297
"26159",2020,0.737444933920705,0.547297297297297
"26161",2020,0.737444933920705,0.547297297297297
"26163",2020,0.737444933920705,0.547297297297297
"26165",2020,0.737444933920705,0.547297297297297
"26001",2018,0.615531508593253,0.541528239202658
"26003",2018,0.590425531914894,0.542483660130719
"26005",2018,0.615531508593253,0.541528239202658
"26007",2018,0.615531508593253,0.541528239202658
"26009",2018,0.615531508593253,0.541528239202658
"26011",2018,0.615531508593253,0.541528239202658
"26013",2018,0.518518518518518,0.673076923076923
"26015",2018,0.647058823529412,0.416666666666667
"26017",2018,0.559055118110236,0.509090909090909
"26019",2018,0.615531508593253,0.541528239202658
"26021",2018,0.615531508593253,0.541528239202658
"26023",2018,0.615531508593253,0.541528239202658
"26025",2018,0.704347826086957,0.5
"26027",2018,0.604166666666667,0.789473684210526
"26029",2018,0.615531508593253,0.541528239202658
"26031",2018,0.67688679245283,0.525547445255474
"26033",2018,0.669941060903733,0.505952380952381
"26035",2018,0.615531508593253,0.541528239202658
"26037",2018,0.615531508593253,0.541528239202658
"26039",2018,0.615531508593253,0.541528239202658
"26041",2018,0.615531508593253,0.541528239202658
"26043",2018,0.615531508593253,0.541528239202658
"26045",2018,0.615531508593253,0.541528239202658
"26047",2018,0.615531508593253,0.541528239202658
"26049",2018,0.615531508593253,0.541528239202658
"26051",2018,0.615531508593253,0.541528239202658
"26053",2018,0.615531508593253,0.541528239202658
"26055",2018,0.615531508593253,0.541528239202658
"26057",2018,0.615531508593253,0.541528239202658
"26059",2018,0.615531508593253,0.541528239202658
"26061",2018,0.615531508593253,0.541528239202658
"26063",2018,0.615531508593253,0.541528239202658
"26065",2018,0.615531508593253,0.541528239202658
"26067",2018,0.615531508593253,0.541528239202658
"26069",2018,0.615531508593253,0.541528239202658
"26071",2018,0.615531508593253,0.541528239202658
"26073",2018,0.615531508593253,0.541528239202658
"26075",2018,0.615531508593253,0.541528239202658
"26077",2018,0.615531508593253,0.541528239202658
"26079",2018,0.615531508593253,0.541528239202658
"26081",2018,0.615531508593253,0.541528239202658
"26083",2018,0.615531508593253,0.541528239202658
"26085",2018,0.615531508593253,0.541528239202658
"26087",2018,0.615531508593253,0.541528239202658
"26089",2018,0.615531508593253,0.541528239202658
"26091",2018,0.615531508593253,0.541528239202658
"26093",2018,0.615531508593253,0.541528239202658
"26095",2018,0.615531508593253,0.541528239202658
"26097",2018,0.615531508593253,0.541528239202658
"26099",2018,0.615531508593253,0.541528239202658
"26101",2018,0.615531508593253,0.541528239202658
"26103",2018,0.615531508593253,0.541528239202658
"26105",2018,0.615531508593253,0.541528239202658
"26107",2018,0.615531508593253,0.541528239202658
"26109",2018,0.615531508593253,0.541528239202658
"26111",2018,0.615531508593253,0.541528239202658
"26113",2018,0.615531508593253,0.541528239202658
"26115",2018,0.615531508593253,0.541528239202658
"26117",2018,0.615531508593253,0.541528239202658
"26119",2018,0.615531508593253,0.541528239202658
"26121",2018,0.615531508593253,0.541528239202658
"26123",2018,0.615531508593253,0.541528239202658
"26125",2018,0.615531508593253,0.541528239202658
"26127",2018,0.615531508593253,0.541528239202658
"26129",2018,0.615531508593253,0.541528239202658
"26131",2018,0.615531508593253,0.541528239202658
"26133",2018,0.615531508593253,0.541528239202658
"26135",2018,0.615531508593253,0.541528239202658
"26137",2018,0.615531508593253,0.541528239202658
"26139",2018,0.615531508593253,0.541528239202658
"26141",2018,0.615531508593253,0.541528239202658
"26143",2018,0.615531508593253,0.541528239202658
"26145",2018,0.615531508593253,0.541528239202658
"26147",2018,0.615531508593253,0.541528239202658
"26149",2018,0.615531508593253,0.541528239202658
"26151",2018,0.615531508593253,0.541528239202658
"26153",2018,0.615531508593253,0.541528239202658
"26155",2018,0.615531508593253,0.541528239202658
"26157",2018,0.615531508593253,0.541528239202658
"26159",2018,0.615531508593253,0.541528239202658
"26161",2018,0.615531508593253,0.541528239202658
"26163",2018,0.615531508593253,0.541528239202658
"26165",2018,0.615531508593253,0.541528239202658
"27001",2022,0.719811320754717,0.647457627118644
"27003",2022,0.693037974683544,0.484536082474227
"27005",2022,0.719811320754717,0.647457627118644
"27007",2022,0.719811320754717,0.647457627118644
"27009",2022,0.719811320754717,0.647457627118644
"27011",2022,0.719811320754717,0.647457627118644
"27013",2022,0.595505617977528,0.527777777777778
"27015",2022,0.625,0.333333333333333
"27017",2022,0.757575757575758,0.8
"27019",2022,0.719811320754717,0.647457627118644
"27021",2022,0.719811320754717,0.647457627118644
"27023",2022,0.719811320754717,0.647457627118644
"27025",2022,0.661538461538462,0.227272727272727
"27027",2022,0.719811320754717,0.647457627118644
"27029",2022,0.719811320754717,0.647457627118644
"27031",2022,0.754756871035941,0.491379310344828
"27033",2022,0.741514360313316,0.444444444444444
"27035",2022,0.719811320754717,0.647457627118644
"27037",2022,0.719811320754717,0.647457627118644
"27039",2022,0.719811320754717,0.647457627118644
"27041",2022,0.719811320754717,0.647457627118644
"27043",2022,0.719811320754717,0.647457627118644
"27045",2022,0.719811320754717,0.647457627118644
"27047",2022,0.719811320754717,0.647457627118644
"27049",2022,0.719811320754717,0.647457627118644
"27051",2022,0.719811320754717,0.647457627118644
"27053",2022,0.719811320754717,0.647457627118644
"27055",2022,0.719811320754717,0.647457627118644
"27057",2022,0.719811320754717,0.647457627118644
"27059",2022,0.719811320754717,0.647457627118644
"27061",2022,0.719811320754717,0.647457627118644
"27063",2022,0.719811320754717,0.647457627118644
"27065",2022,0.719811320754717,0.647457627118644
"27067",2022,0.719811320754717,0.647457627118644
"27069",2022,0.719811320754717,0.647457627118644
"27071",2022,0.719811320754717,0.647457627118644
"27073",2022,0.719811320754717,0.647457627118644
"27075",2022,0.719811320754717,0.647457627118644
"27077",2022,0.719811320754717,0.647457627118644
"27079",2022,0.719811320754717,0.647457627118644
"27081",2022,0.719811320754717,0.647457627118644
"27083",2022,0.719811320754717,0.647457627118644
"27085",2022,0.719811320754717,0.647457627118644
"27087",2022,0.719811320754717,0.647457627118644
"27089",2022,0.719811320754717,0.647457627118644
"27091",2022,0.719811320754717,0.647457627118644
"27093",2022,0.719811320754717,0.647457627118644
"27095",2022,0.719811320754717,0.647457627118644
"27097",2022,0.719811320754717,0.647457627118644
"27099",2022,0.719811320754717,0.647457627118644
"27101",2022,0.719811320754717,0.647457627118644
"27103",2022,0.719811320754717,0.647457627118644
"27105",2022,0.719811320754717,0.647457627118644
"27107",2022,0.719811320754717,0.647457627118644
"27109",2022,0.719811320754717,0.647457627118644
"27111",2022,0.719811320754717,0.647457627118644
"27113",2022,0.719811320754717,0.647457627118644
"27115",2022,0.719811320754717,0.647457627118644
"27117",2022,0.719811320754717,0.647457627118644
"27119",2022,0.719811320754717,0.647457627118644
"27121",2022,0.719811320754717,0.647457627118644
"27123",2022,0.719811320754717,0.647457627118644
"27125",2022,0.719811320754717,0.647457627118644
"27127",2022,0.719811320754717,0.647457627118644
"27129",2022,0.719811320754717,0.647457627118644
"27131",2022,0.719811320754717,0.647457627118644
"27133",2022,0.719811320754717,0.647457627118644
"27135",2022,0.719811320754717,0.647457627118644
"27137",2022,0.719811320754717,0.647457627118644
"27139",2022,0.719811320754717,0.647457627118644
"27141",2022,0.719811320754717,0.647457627118644
"27143",2022,0.719811320754717,0.647457627118644
"27145",2022,0.719811320754717,0.647457627118644
"27147",2022,0.719811320754717,0.647457627118644
"27149",2022,0.719811320754717,0.647457627118644
"27151",2022,0.719811320754717,0.647457627118644
"27153",2022,0.719811320754717,0.647457627118644
"27155",2022,0.719811320754717,0.647457627118644
"27157",2022,0.719811320754717,0.647457627118644
"27159",2022,0.719811320754717,0.647457627118644
"27161",2022,0.719811320754717,0.647457627118644
"27163",2022,0.719811320754717,0.647457627118644
"27165",2022,0.719811320754717,0.647457627118644
"27167",2022,0.719811320754717,0.647457627118644
"27169",2022,0.719811320754717,0.647457627118644
"27171",2022,0.719811320754717,0.647457627118644
"27173",2022,0.719811320754717,0.647457627118644
"27001",2022,0.719811320754717,0.647457627118644
"27003",2022,0.693037974683544,0.484536082474227
"27005",2022,0.719811320754717,0.647457627118644
"27007",2022,0.719811320754717,0.647457627118644
"27009",2022,0.719811320754717,0.647457627118644
"27011",2022,0.719811320754717,0.647457627118644
"27013",2022,0.595505617977528,0.527777777777778
"27015",2022,0.625,0.333333333333333
"27017",2022,0.757575757575758,0.8
"27019",2022,0.719811320754717,0.647457627118644
"27021",2022,0.719811320754717,0.647457627118644
"27023",2022,0.719811320754717,0.647457627118644
"27025",2022,0.661538461538462,0.227272727272727
"27027",2022,0.719811320754717,0.647457627118644
"27029",2022,0.719811320754717,0.647457627118644
"27031",2022,0.754756871035941,0.491379310344828
"27033",2022,0.741514360313316,0.444444444444444
"27035",2022,0.719811320754717,0.647457627118644
"27037",2022,0.719811320754717,0.647457627118644
"27039",2022,0.719811320754717,0.647457627118644
"27041",2022,0.719811320754717,0.647457627118644
"27043",2022,0.719811320754717,0.647457627118644
"27045",2022,0.719811320754717,0.647457627118644
"27047",2022,0.719811320754717,0.647457627118644
"27049",2022,0.719811320754717,0.647457627118644
"27051",2022,0.719811320754717,0.647457627118644
"27053",2022,0.719811320754717,0.647457627118644
"27055",2022,0.719811320754717,0.647457627118644
"27057",2022,0.719811320754717,0.647457627118644
"27059",2022,0.719811320754717,0.647457627118644
"27061",2022,0.719811320754717,0.647457627118644
"27063",2022,0.719811320754717,0.647457627118644
"27065",2022,0.719811320754717,0.647457627118644
"27067",2022,0.719811320754717,0.647457627118644
"27069",2022,0.719811320754717,0.647457627118644
"27071",2022,0.719811320754717,0.647457627118644
"27073",2022,0.719811320754717,0.647457627118644
"27075",2022,0.719811320754717,0.647457627118644
"27077",2022,0.719811320754717,0.647457627118644
"27079",2022,0.719811320754717,0.647457627118644
"27081",2022,0.719811320754717,0.647457627118644
"27083",2022,0.719811320754717,0.647457627118644
"27085",2022,0.719811320754717,0.647457627118644
"27087",2022,0.719811320754717,0.647457627118644
"27089",2022,0.719811320754717,0.647457627118644
"27091",2022,0.719811320754717,0.647457627118644
"27093",2022,0.719811320754717,0.647457627118644
"27095",2022,0.719811320754717,0.647457627118644
"27097",2022,0.719811320754717,0.647457627118644
"27099",2022,0.719811320754717,0.647457627118644
"27101",2022,0.719811320754717,0.647457627118644
"27103",2022,0.719811320754717,0.647457627118644
"27105",2022,0.719811320754717,0.647457627118644
"27107",2022,0.719811320754717,0.647457627118644
"27109",2022,0.719811320754717,0.647457627118644
"27111",2022,0.719811320754717,0.647457627118644
"27113",2022,0.719811320754717,0.647457627118644
"27115",2022,0.719811320754717,0.647457627118644
"27117",2022,0.719811320754717,0.647457627118644
"27119",2022,0.719811320754717,0.647457627118644
"27121",2022,0.719811320754717,0.647457627118644
"27123",2022,0.719811320754717,0.647457627118644
"27125",2022,0.719811320754717,0.647457627118644
"27127",2022,0.719811320754717,0.647457627118644
"27129",2022,0.719811320754717,0.647457627118644
"27131",2022,0.719811320754717,0.647457627118644
"27133",2022,0.719811320754717,0.647457627118644
"27135",2022,0.719811320754717,0.647457627118644
"27137",2022,0.719811320754717,0.647457627118644
"27139",2022,0.719811320754717,0.647457627118644
"27141",2022,0.719811320754717,0.647457627118644
"27143",2022,0.719811320754717,0.647457627118644
"27145",2022,0.719811320754717,0.647457627118644
"27147",2022,0.719811320754717,0.647457627118644
"27149",2022,0.719811320754717,0.647457627118644
"27151",2022,0.719811320754717,0.647457627118644
"27153",2022,0.719811320754717,0.647457627118644
"27155",2022,0.719811320754717,0.647457627118644
"27157",2022,0.719811320754717,0.647457627118644
"27159",2022,0.719811320754717,0.647457627118644
"27161",2022,0.719811320754717,0.647457627118644
"27163",2022,0.719811320754717,0.647457627118644
"27165",2022,0.719811320754717,0.647457627118644
"27167",2022,0.719811320754717,0.647457627118644
"27169",2022,0.719811320754717,0.647457627118644
"27171",2022,0.719811320754717,0.647457627118644
"27173",2022,0.719811320754717,0.647457627118644
"27001",2020,0.737444933920705,0.547297297297297
"27003",2020,0.693251533742331,0.515151515151515
"27005",2020,0.737444933920705,0.547297297297297
"27007",2020,0.737444933920705,0.547297297297297
"27009",2020,0.737444933920705,0.547297297297297
"27011",2020,0.737444933920705,0.547297297297297
"27013",2020,0.590361445783133,0.558823529411765
"27015",2020,0.758620689655172,0.571428571428571
"27017",2020,0.709302325581395,0.583333333333333
"27019",2020,0.737444933920705,0.547297297297297
"27021",2020,0.737444933920705,0.547297297297297
"27023",2020,0.737444933920705,0.547297297297297
"27025",2020,0.753846153846154,0.357142857142857
"27027",2020,0.737444933920705,0.547297297297297
"27029",2020,0.737444933920705,0.547297297297297
"27031",2020,0.784552845528455,0.452830188679245
"27033",2020,0.819306930693069,0.328767123287671
"27035",2020,0.737444933920705,0.547297297297297
"27037",2020,0.737444933920705,0.547297297297297
"27039",2020,0.737444933920705,0.547297297297297
"27041",2020,0.737444933920705,0.547297297297297
"27043",2020,0.737444933920705,0.547297297297297
"27045",2020,0.737444933920705,0.547297297297297
"27047",2020,0.737444933920705,0.547297297297297
"27049",2020,0.737444933920705,0.547297297297297
"27051",2020,0.737444933920705,0.547297297297297
"27053",2020,0.737444933920705,0.547297297297297
"27055",2020,0.737444933920705,0.547297297297297
"27057",2020,0.737444933920705,0.547297297297297
"27059",2020,0.737444933920705,0.547297297297297
"27061",2020,0.737444933920705,0.547297297297297
"27063",2020,0.737444933920705,0.547297297297297
"27065",2020,0.737444933920705,0.547297297297297
"27067",2020,0.737444933920705,0.547297297297297
"27069",2020,0.737444933920705,0.547297297297297
"27071",2020,0.737444933920705,0.547297297297297
"27073",2020,0.737444933920705,0.547297297297297
"27075",2020,0.737444933920705,0.547297297297297
"27077",2020,0.737444933920705,0.547297297297297
"27079",2020,0.737444933920705,0.547297297297297
"27081",2020,0.737444933920705,0.547297297297297
"27083",2020,0.737444933920705,0.547297297297297
"27085",2020,0.737444933920705,0.547297297297297
"27087",2020,0.737444933920705,0.547297297297297
"27089",2020,0.737444933920705,0.547297297297297
"27091",2020,0.737444933920705,0.547297297297297
"27093",2020,0.737444933920705,0.547297297297297
"27095",2020,0.737444933920705,0.547297297297297
"27097",2020,0.737444933920705,0.547297297297297
"27099",2020,0.737444933920705,0.547297297297297
"27101",2020,0.737444933920705,0.547297297297297
"27103",2020,0.737444933920705,0.547297297297297
"27105",2020,0.737444933920705,0.547297297297297
"27107",2020,0.737444933920705,0.547297297297297
"27109",2020,0.737444933920705,0.547297297297297
"27111",2020,0.737444933920705,0.547297297297297
"27113",2020,0.737444933920705,0.547297297297297
"27115",2020,0.737444933920705,0.547297297297297
"27117",2020,0.737444933920705,0.547297297297297
"27119",2020,0.737444933920705,0.547297297297297
"27121",2020,0.737444933920705,0.547297297297297
"27123",2020,0.737444933920705,0.547297297297297
"27125",2020,0.737444933920705,0.547297297297297
"27127",2020,0.737444933920705,0.547297297297297
"27129",2020,0.737444933920705,0.547297297297297
"27131",2020,0.737444933920705,0.547297297297297
"27133",2020,0.737444933920705,0.547297297297297
"27135",2020,0.737444933920705,0.547297297297297
"27137",2020,0.737444933920705,0.547297297297297
"27139",2020,0.737444933920705,0.547297297297297
"27141",2020,0.737444933920705,0.547297297297297
"27143",2020,0.737444933920705,0.547297297297297
"27145",2020,0.737444933920705,0.547297297297297
"27147",2020,0.737444933920705,0.547297297297297
"27149",2020,0.737444933920705,0.547297297297297
"27151",2020,0.737444933920705,0.547297297297297
"27153",2020,0.737444933920705,0.547297297297297
"27155",2020,0.737444933920705,0.547297297297297
"27157",2020,0.737444933920705,0.547297297297297
"27159",2020,0.737444933920705,0.547297297297297
"27161",2020,0.737444933920705,0.547297297297297
"27163",2020,0.737444933920705,0.547297297297297
"27165",2020,0.737444933920705,0.547297297297297
"27167",2020,0.737444933920705,0.547297297297297
"27169",2020,0.737444933920705,0.547297297297297
"27171",2020,0.737444933920705,0.547297297297297
"27173",2020,0.737444933920705,0.547297297297297
"27001",2020,0.737444933920705,0.547297297297297
"27003",2020,0.693251533742331,0.515151515151515
"27005",2020,0.737444933920705,0.547297297297297
"27007",2020,0.737444933920705,0.547297297297297
"27009",2020,0.737444933920705,0.547297297297297
"27011",2020,0.737444933920705,0.547297297297297
"27013",2020,0.590361445783133,0.558823529411765
"27015",2020,0.758620689655172,0.571428571428571
"27017",2020,0.709302325581395,0.583333333333333
"27019",2020,0.737444933920705,0.547297297297297
"27021",2020,0.737444933920705,0.547297297297297
"27023",2020,0.737444933920705,0.547297297297297
"27025",2020,0.753846153846154,0.357142857142857
"27027",2020,0.737444933920705,0.547297297297297
"27029",2020,0.737444933920705,0.547297297297297
"27031",2020,0.784552845528455,0.452830188679245
"27033",2020,0.819306930693069,0.328767123287671
"27035",2020,0.737444933920705,0.547297297297297
"27037",2020,0.737444933920705,0.547297297297297
"27039",2020,0.737444933920705,0.547297297297297
"27041",2020,0.737444933920705,0.547297297297297
"27043",2020,0.737444933920705,0.547297297297297
"27045",2020,0.737444933920705,0.547297297297297
"27047",2020,0.737444933920705,0.547297297297297
"27049",2020,0.737444933920705,0.547297297297297
"27051",2020,0.737444933920705,0.547297297297297
"27053",2020,0.737444933920705,0.547297297297297
"27055",2020,0.737444933920705,0.547297297297297
"27057",2020,0.737444933920705,0.547297297297297
"27059",2020,0.737444933920705,0.547297297297297
"27061",2020,0.737444933920705,0.547297297297297
"27063",2020,0.737444933920705,0.547297297297297
"27065",2020,0.737444933920705,0.547297297297297
"27067",2020,0.737444933920705,0.547297297297297
"27069",2020,0.737444933920705,0.547297297297297
"27071",2020,0.737444933920705,0.547297297297297
"27073",2020,0.737444933920705,0.547297297297297
"27075",2020,0.737444933920705,0.547297297297297
"27077",2020,0.737444933920705,0.547297297297297
"27079",2020,0.737444933920705,0.547297297297297
"27081",2020,0.737444933920705,0.547297297297297
"27083",2020,0.737444933920705,0.547297297297297
"27085",2020,0.737444933920705,0.547297297297297
"27087",2020,0.737444933920705,0.547297297297297
"27089",2020,0.737444933920705,0.547297297297297
"27091",2020,0.737444933920705,0.547297297297297
"27093",2020,0.737444933920705,0.547297297297297
"27095",2020,0.737444933920705,0.547297297297297
"27097",2020,0.737444933920705,0.547297297297297
"27099",2020,0.737444933920705,0.547297297297297
"27101",2020,0.737444933920705,0.547297297297297
"27103",2020,0.737444933920705,0.547297297297297
"27105",2020,0.737444933920705,0.547297297297297
"27107",2020,0.737444933920705,0.547297297297297
"27109",2020,0.737444933920705,0.547297297297297
"27111",2020,0.737444933920705,0.547297297297297
"27113",2020,0.737444933920705,0.547297297297297
"27115",2020,0.737444933920705,0.547297297297297
"27117",2020,0.737444933920705,0.547297297297297
"27119",2020,0.737444933920705,0.547297297297297
"27121",2020,0.737444933920705,0.547297297297297
"27123",2020,0.737444933920705,0.547297297297297
"27125",2020,0.737444933920705,0.547297297297297
"27127",2020,0.737444933920705,0.547297297297297
"27129",2020,0.737444933920705,0.547297297297297
"27131",2020,0.737444933920705,0.547297297297297
"27133",2020,0.737444933920705,0.547297297297297
"27135",2020,0.737444933920705,0.547297297297297
"27137",2020,0.737444933920705,0.547297297297297
"27139",2020,0.737444933920705,0.547297297297297
"27141",2020,0.737444933920705,0.547297297297297
"27143",2020,0.737444933920705,0.547297297297297
"27145",2020,0.737444933920705,0.547297297297297
"27147",2020,0.737444933920705,0.547297297297297
"27149",2020,0.737444933920705,0.547297297297297
"27151",2020,0.737444933920705,0.547297297297297
"27153",2020,0.737444933920705,0.547297297297297
"27155",2020,0.737444933920705,0.547297297297297
"27157",2020,0.737444933920705,0.547297297297297
"27159",2020,0.737444933920705,0.547297297297297
"27161",2020,0.737444933920705,0.547297297297297
"27163",2020,0.737444933920705,0.547297297297297
"27165",2020,0.737444933920705,0.547297297297297
"27167",2020,0.737444933920705,0.547297297297297
"27169",2020,0.737444933920705,0.547297297297297
"27171",2020,0.737444933920705,0.547297297297297
"27173",2020,0.737444933920705,0.547297297297297
"27001",2018,0.615531508593253,0.541528239202658
"27003",2018,0.590425531914894,0.542483660130719
"27005",2018,0.615531508593253,0.541528239202658
"27007",2018,0.615531508593253,0.541528239202658
"27009",2018,0.615531508593253,0.541528239202658
"27011",2018,0.615531508593253,0.541528239202658
"27013",2018,0.518518518518518,0.673076923076923
"27015",2018,0.647058823529412,0.416666666666667
"27017",2018,0.559055118110236,0.509090909090909
"27019",2018,0.615531508593253,0.541528239202658
"27021",2018,0.615531508593253,0.541528239202658
"27023",2018,0.615531508593253,0.541528239202658
"27025",2018,0.704347826086957,0.5
"27027",2018,0.604166666666667,0.789473684210526
"27029",2018,0.615531508593253,0.541528239202658
"27031",2018,0.67688679245283,0.525547445255474
"27033",2018,0.669941060903733,0.505952380952381
"27035",2018,0.615531508593253,0.541528239202658
"27037",2018,0.615531508593253,0.541528239202658
"27039",2018,0.615531508593253,0.541528239202658
"27041",2018,0.615531508593253,0.541528239202658
"27043",2018,0.615531508593253,0.541528239202658
"27045",2018,0.615531508593253,0.541528239202658
"27047",2018,0.615531508593253,0.541528239202658
"27049",2018,0.615531508593253,0.541528239202658
"27051",2018,0.615531508593253,0.541528239202658
"27053",2018,0.615531508593253,0.541528239202658
"27055",2018,0.615531508593253,0.541528239202658
"27057",2018,0.615531508593253,0.541528239202658
"27059",2018,0.615531508593253,0.541528239202658
"27061",2018,0.615531508593253,0.541528239202658
"27063",2018,0.615531508593253,0.541528239202658
"27065",2018,0.615531508593253,0.541528239202658
"27067",2018,0.615531508593253,0.541528239202658
"27069",2018,0.615531508593253,0.541528239202658
"27071",2018,0.615531508593253,0.541528239202658
"27073",2018,0.615531508593253,0.541528239202658
"27075",2018,0.615531508593253,0.541528239202658
"27077",2018,0.615531508593253,0.541528239202658
"27079",2018,0.615531508593253,0.541528239202658
"27081",2018,0.615531508593253,0.541528239202658
"27083",2018,0.615531508593253,0.541528239202658
"27085",2018,0.615531508593253,0.541528239202658
"27087",2018,0.615531508593253,0.541528239202658
"27089",2018,0.615531508593253,0.541528239202658
"27091",2018,0.615531508593253,0.541528239202658
"27093",2018,0.615531508593253,0.541528239202658
"27095",2018,0.615531508593253,0.541528239202658
"27097",2018,0.615531508593253,0.541528239202658
"27099",2018,0.615531508593253,0.541528239202658
"27101",2018,0.615531508593253,0.541528239202658
"27103",2018,0.615531508593253,0.541528239202658
"27105",2018,0.615531508593253,0.541528239202658
"27107",2018,0.615531508593253,0.541528239202658
"27109",2018,0.615531508593253,0.541528239202658
"27111",2018,0.615531508593253,0.541528239202658
"27113",2018,0.615531508593253,0.541528239202658
"27115",2018,0.615531508593253,0.541528239202658
"27117",2018,0.615531508593253,0.541528239202658
"27119",2018,0.615531508593253,0.541528239202658
"27121",2018,0.615531508593253,0.541528239202658
"27123",2018,0.615531508593253,0.541528239202658
"27125",2018,0.615531508593253,0.541528239202658
"27127",2018,0.615531508593253,0.541528239202658
"27129",2018,0.615531508593253,0.541528239202658
"27131",2018,0.615531508593253,0.541528239202658
"27133",2018,0.615531508593253,0.541528239202658
"27135",2018,0.615531508593253,0.541528239202658
"27137",2018,0.615531508593253,0.541528239202658
"27139",2018,0.615531508593253,0.541528239202658
"27141",2018,0.615531508593253,0.541528239202658
"27143",2018,0.615531508593253,0.541528239202658
"27145",2018,0.615531508593253,0.541528239202658
"27147",2018,0.615531508593253,0.541528239202658
"27149",2018,0.615531508593253,0.541528239202658
"27151",2018,0.615531508593253,0.541528239202658
"27153",2018,0.615531508593253,0.541528239202658
"27155",2018,0.615531508593253,0.541528239202658
"27157",2018,0.615531508593253,0.541528239202658
"27159",2018,0.615531508593253,0.541528239202658
"27161",2018,0.615531508593253,0.541528239202658
"27163",2018,0.615531508593253,0.541528239202658
"27165",2018,0.615531508593253,0.541528239202658
"27167",2018,0.615531508593253,0.541528239202658
"27169",2018,0.615531508593253,0.541528239202658
"27171",2018,0.615531508593253,0.541528239202658
"27173",2018,0.615531508593253,0.541528239202658
"28001",2022,0.719811320754717,0.647457627118644
"28003",2022,0.693037974683544,0.484536082474227
"28005",2022,0.719811320754717,0.647457627118644
"28007",2022,0.719811320754717,0.647457627118644
"28009",2022,0.719811320754717,0.647457627118644
"28011",2022,0.719811320754717,0.647457627118644
"28013",2022,0.595505617977528,0.527777777777778
"28015",2022,0.625,0.333333333333333
"28017",2022,0.757575757575758,0.8
"28019",2022,0.719811320754717,0.647457627118644
"28021",2022,0.719811320754717,0.647457627118644
"28023",2022,0.719811320754717,0.647457627118644
"28025",2022,0.661538461538462,0.227272727272727
"28027",2022,0.719811320754717,0.647457627118644
"28029",2022,0.719811320754717,0.647457627118644
"28031",2022,0.754756871035941,0.491379310344828
"28033",2022,0.741514360313316,0.444444444444444
"28035",2022,0.719811320754717,0.647457627118644
"28037",2022,0.719811320754717,0.647457627118644
"28039",2022,0.719811320754717,0.647457627118644
"28041",2022,0.719811320754717,0.647457627118644
"28043",2022,0.719811320754717,0.647457627118644
"28045",2022,0.719811320754717,0.647457627118644
"28047",2022,0.719811320754717,0.647457627118644
"28049",2022,0.719811320754717,0.647457627118644
"28051",2022,0.719811320754717,0.647457627118644
"28053",2022,0.719811320754717,0.647457627118644
"28055",2022,0.719811320754717,0.647457627118644
"28057",2022,0.719811320754717,0.647457627118644
"28059",2022,0.719811320754717,0.647457627118644
"28061",2022,0.719811320754717,0.647457627118644
"28063",2022,0.719811320754717,0.647457627118644
"28065",2022,0.719811320754717,0.647457627118644
"28067",2022,0.719811320754717,0.647457627118644
"28069",2022,0.719811320754717,0.647457627118644
"28071",2022,0.719811320754717,0.647457627118644
"28073",2022,0.719811320754717,0.647457627118644
"28075",2022,0.719811320754717,0.647457627118644
"28077",2022,0.719811320754717,0.647457627118644
"28079",2022,0.719811320754717,0.647457627118644
"28081",2022,0.719811320754717,0.647457627118644
"28083",2022,0.719811320754717,0.647457627118644
"28085",2022,0.719811320754717,0.647457627118644
"28087",2022,0.719811320754717,0.647457627118644
"28089",2022,0.719811320754717,0.647457627118644
"28091",2022,0.719811320754717,0.647457627118644
"28093",2022,0.719811320754717,0.647457627118644
"28095",2022,0.719811320754717,0.647457627118644
"28097",2022,0.719811320754717,0.647457627118644
"28099",2022,0.719811320754717,0.647457627118644
"28101",2022,0.719811320754717,0.647457627118644
"28103",2022,0.719811320754717,0.647457627118644
"28105",2022,0.719811320754717,0.647457627118644
"28107",2022,0.719811320754717,0.647457627118644
"28109",2022,0.719811320754717,0.647457627118644
"28111",2022,0.719811320754717,0.647457627118644
"28113",2022,0.719811320754717,0.647457627118644
"28115",2022,0.719811320754717,0.647457627118644
"28117",2022,0.719811320754717,0.647457627118644
"28119",2022,0.719811320754717,0.647457627118644
"28121",2022,0.719811320754717,0.647457627118644
"28123",2022,0.719811320754717,0.647457627118644
"28125",2022,0.719811320754717,0.647457627118644
"28127",2022,0.719811320754717,0.647457627118644
"28129",2022,0.719811320754717,0.647457627118644
"28131",2022,0.719811320754717,0.647457627118644
"28133",2022,0.719811320754717,0.647457627118644
"28135",2022,0.719811320754717,0.647457627118644
"28137",2022,0.719811320754717,0.647457627118644
"28139",2022,0.719811320754717,0.647457627118644
"28141",2022,0.719811320754717,0.647457627118644
"28143",2022,0.719811320754717,0.647457627118644
"28145",2022,0.719811320754717,0.647457627118644
"28147",2022,0.719811320754717,0.647457627118644
"28149",2022,0.719811320754717,0.647457627118644
"28151",2022,0.719811320754717,0.647457627118644
"28153",2022,0.719811320754717,0.647457627118644
"28155",2022,0.719811320754717,0.647457627118644
"28157",2022,0.719811320754717,0.647457627118644
"28159",2022,0.719811320754717,0.647457627118644
"28161",2022,0.719811320754717,0.647457627118644
"28163",2022,0.719811320754717,0.647457627118644
"28001",2022,0.719811320754717,0.647457627118644
"28003",2022,0.693037974683544,0.484536082474227
"28005",2022,0.719811320754717,0.647457627118644
"28007",2022,0.719811320754717,0.647457627118644
"28009",2022,0.719811320754717,0.647457627118644
"28011",2022,0.719811320754717,0.647457627118644
"28013",2022,0.595505617977528,0.527777777777778
"28015",2022,0.625,0.333333333333333
"28017",2022,0.757575757575758,0.8
"28019",2022,0.719811320754717,0.647457627118644
"28021",2022,0.719811320754717,0.647457627118644
"28023",2022,0.719811320754717,0.647457627118644
"28025",2022,0.661538461538462,0.227272727272727
"28027",2022,0.719811320754717,0.647457627118644
"28029",2022,0.719811320754717,0.647457627118644
"28031",2022,0.754756871035941,0.491379310344828
"28033",2022,0.741514360313316,0.444444444444444
"28035",2022,0.719811320754717,0.647457627118644
"28037",2022,0.719811320754717,0.647457627118644
"28039",2022,0.719811320754717,0.647457627118644
"28041",2022,0.719811320754717,0.647457627118644
"28043",2022,0.719811320754717,0.647457627118644
"28045",2022,0.719811320754717,0.647457627118644
"28047",2022,0.719811320754717,0.647457627118644
"28049",2022,0.719811320754717,0.647457627118644
"28051",2022,0.719811320754717,0.647457627118644
"28053",2022,0.719811320754717,0.647457627118644
"28055",2022,0.719811320754717,0.647457627118644
"28057",2022,0.719811320754717,0.647457627118644
"28059",2022,0.719811320754717,0.647457627118644
"28061",2022,0.719811320754717,0.647457627118644
"28063",2022,0.719811320754717,0.647457627118644
"28065",2022,0.719811320754717,0.647457627118644
"28067",2022,0.719811320754717,0.647457627118644
"28069",2022,0.719811320754717,0.647457627118644
"28071",2022,0.719811320754717,0.647457627118644
"28073",2022,0.719811320754717,0.647457627118644
"28075",2022,0.719811320754717,0.647457627118644
"28077",2022,0.719811320754717,0.647457627118644
"28079",2022,0.719811320754717,0.647457627118644
"28081",2022,0.719811320754717,0.647457627118644
"28083",2022,0.719811320754717,0.647457627118644
"28085",2022,0.719811320754717,0.647457627118644
"28087",2022,0.719811320754717,0.647457627118644
"28089",2022,0.719811320754717,0.647457627118644
"28091",2022,0.719811320754717,0.647457627118644
"28093",2022,0.719811320754717,0.647457627118644
"28095",2022,0.719811320754717,0.647457627118644
"28097",2022,0.719811320754717,0.647457627118644
"28099",2022,0.719811320754717,0.647457627118644
"28101",2022,0.719811320754717,0.647457627118644
"28103",2022,0.719811320754717,0.647457627118644
"28105",2022,0.719811320754717,0.647457627118644
"28107",2022,0.719811320754717,0.647457627118644
"28109",2022,0.719811320754717,0.647457627118644
"28111",2022,0.719811320754717,0.647457627118644
"28113",2022,0.719811320754717,0.647457627118644
"28115",2022,0.719811320754717,0.647457627118644
"28117",2022,0.719811320754717,0.647457627118644
"28119",2022,0.719811320754717,0.647457627118644
"28121",2022,0.719811320754717,0.647457627118644
"28123",2022,0.719811320754717,0.647457627118644
"28125",2022,0.719811320754717,0.647457627118644
"28127",2022,0.719811320754717,0.647457627118644
"28129",2022,0.719811320754717,0.647457627118644
"28131",2022,0.719811320754717,0.647457627118644
"28133",2022,0.719811320754717,0.647457627118644
"28135",2022,0.719811320754717,0.647457627118644
"28137",2022,0.719811320754717,0.647457627118644
"28139",2022,0.719811320754717,0.647457627118644
"28141",2022,0.719811320754717,0.647457627118644
"28143",2022,0.719811320754717,0.647457627118644
"28145",2022,0.719811320754717,0.647457627118644
"28147",2022,0.719811320754717,0.647457627118644
"28149",2022,0.719811320754717,0.647457627118644
"28151",2022,0.719811320754717,0.647457627118644
"28153",2022,0.719811320754717,0.647457627118644
"28155",2022,0.719811320754717,0.647457627118644
"28157",2022,0.719811320754717,0.647457627118644
"28159",2022,0.719811320754717,0.647457627118644
"28161",2022,0.719811320754717,0.647457627118644
"28163",2022,0.719811320754717,0.647457627118644
"28001",2020,0.737444933920705,0.547297297297297
"28003",2020,0.693251533742331,0.515151515151515
"28005",2020,0.737444933920705,0.547297297297297
"28007",2020,0.737444933920705,0.547297297297297
"28009",2020,0.737444933920705,0.547297297297297
"28011",2020,0.737444933920705,0.547297297297297
"28013",2020,0.590361445783133,0.558823529411765
"28015",2020,0.758620689655172,0.571428571428571
"28017",2020,0.709302325581395,0.583333333333333
"28019",2020,0.737444933920705,0.547297297297297
"28021",2020,0.737444933920705,0.547297297297297
"28023",2020,0.737444933920705,0.547297297297297
"28025",2020,0.753846153846154,0.357142857142857
"28027",2020,0.737444933920705,0.547297297297297
"28029",2020,0.737444933920705,0.547297297297297
"28031",2020,0.784552845528455,0.452830188679245
"28033",2020,0.819306930693069,0.328767123287671
"28035",2020,0.737444933920705,0.547297297297297
"28037",2020,0.737444933920705,0.547297297297297
"28039",2020,0.737444933920705,0.547297297297297
"28041",2020,0.737444933920705,0.547297297297297
"28043",2020,0.737444933920705,0.547297297297297
"28045",2020,0.737444933920705,0.547297297297297
"28047",2020,0.737444933920705,0.547297297297297
"28049",2020,0.737444933920705,0.547297297297297
"28051",2020,0.737444933920705,0.547297297297297
"28053",2020,0.737444933920705,0.547297297297297
"28055",2020,0.737444933920705,0.547297297297297
"28057",2020,0.737444933920705,0.547297297297297
"28059",2020,0.737444933920705,0.547297297297297
"28061",2020,0.737444933920705,0.547297297297297
"28063",2020,0.737444933920705,0.547297297297297
"28065",2020,0.737444933920705,0.547297297297297
"28067",2020,0.737444933920705,0.547297297297297
"28069",2020,0.737444933920705,0.547297297297297
"28071",2020,0.737444933920705,0.547297297297297
"28073",2020,0.737444933920705,0.547297297297297
"28075",2020,0.737444933920705,0.547297297297297
"28077",2020,0.737444933920705,0.547297297297297
"28079",2020,0.737444933920705,0.547297297297297
"28081",2020,0.737444933920705,0.547297297297297
"28083",2020,0.737444933920705,0.547297297297297
"28085",2020,0.737444933920705,0.547297297297297
"28087",2020,0.737444933920705,0.547297297297297
"28089",2020,0.737444933920705,0.547297297297297
"28091",2020,0.737444933920705,0.547297297297297
"28093",2020,0.737444933920705,0.547297297297297
"28095",2020,0.737444933920705,0.547297297297297
"28097",2020,0.737444933920705,0.547297297297297
"28099",2020,0.737444933920705,0.547297297297297
"28101",2020,0.737444933920705,0.547297297297297
"28103",2020,0.737444933920705,0.547297297297297
"28105",2020,0.737444933920705,0.547297297297297
"28107",2020,0.737444933920705,0.547297297297297
"28109",2020,0.737444933920705,0.547297297297297
"28111",2020,0.737444933920705,0.547297297297297
"28113",2020,0.737444933920705,0.547297297297297
"28115",2020,0.737444933920705,0.547297297297297
"28117",2020,0.737444933920705,0.547297297297297
"28119",2020,0.737444933920705,0.547297297297297
"28121",2020,0.737444933920705,0.547297297297297
"28123",2020,0.737444933920705,0.547297297297297
"28125",2020,0.737444933920705,0.547297297297297
"28127",2020,0.737444933920705,0.547297297297297
"28129",2020,0.737444933920705,0.547297297297297
"28131",2020,0.737444933920705,0.547297297297297
"28133",2020,0.737444933920705,0.547297297297297
"28135",2020,0.737444933920705,0.547297297297297
"28137",2020,0.737444933920705,0.547297297297297
"28139",2020,0.737444933920705,0.547297297297297
"28141",2020,0.737444933920705,0.547297297297297
"28143",2020,0.737444933920705,0.547297297297297
"28145",2020,0.737444933920705,0.547297297297297
"28147",2020,0.737444933920705,0.547297297297297
"28149",2020,0.737444933920705,0.547297297297297
"28151",2020,0.737444933920705,0.547297297297297
"28153",2020,0.737444933920705,0.547297297297297
"28155",2020,0.737444933920705,0.547297297297297
"28157",2020,0.737444933920705,0.547297297297297
"28159",2020,0.737444933920705,0.547297297297297
"28161",2020,0.737444933920705,0.547297297297297
"28163",2020,0.737444933920705,0.547297297297297
"28001",2020,0.737444933920705,0.547297297297297
"28003",2020,0.693251533742331,0.515151515151515
"28005",2020,0.737444933920705,0.547297297297297
"28007",2020,0.737444933920705,0.547297297297297
"28009",2020,0.737444933920705,0.547297297297297
"28011",2020,0.737444933920705,0.547297297297297
"28013",2020,0.590361445783133,0.558823529411765
"28015",2020,0.758620689655172,0.571428571428571
"28017",2020,0.709302325581395,0.583333333333333
"28019",2020,0.737444933920705,0.547297297297297
"28021",2020,0.737444933920705,0.547297297297297
"28023",2020,0.737444933920705,0.547297297297297
"28025",2020,0.753846153846154,0.357142857142857
"28027",2020,0.737444933920705,0.547297297297297
"28029",2020,0.737444933920705,0.547297297297297
"28031",2020,0.784552845528455,0.452830188679245
"28033",2020,0.819306930693069,0.328767123287671
"28035",2020,0.737444933920705,0.547297297297297
"28037",2020,0.737444933920705,0.547297297297297
"28039",2020,0.737444933920705,0.547297297297297
"28041",2020,0.737444933920705,0.547297297297297
"28043",2020,0.737444933920705,0.547297297297297
"28045",2020,0.737444933920705,0.547297297297297
"28047",2020,0.737444933920705,0.547297297297297
"28049",2020,0.737444933920705,0.547297297297297
"28051",2020,0.737444933920705,0.547297297297297
"28053",2020,0.737444933920705,0.547297297297297
"28055",2020,0.737444933920705,0.547297297297297
"28057",2020,0.737444933920705,0.547297297297297
"28059",2020,0.737444933920705,0.547297297297297
"28061",2020,0.737444933920705,0.547297297297297
"28063",2020,0.737444933920705,0.547297297297297
"28065",2020,0.737444933920705,0.547297297297297
"28067",2020,0.737444933920705,0.547297297297297
"28069",2020,0.737444933920705,0.547297297297297
"28071",2020,0.737444933920705,0.547297297297297
"28073",2020,0.737444933920705,0.547297297297297
"28075",2020,0.737444933920705,0.547297297297297
"28077",2020,0.737444933920705,0.547297297297297
"28079",2020,0.737444933920705,0.547297297297297
"28081",2020,0.737444933920705,0.547297297297297
"28083",2020,0.737444933920705,0.547297297297297
"28085",2020,0.737444933920705,0.547297297297297
"28087",2020,0.737444933920705,0.547297297297297
"28089",2020,0.737444933920705,0.547297297297297
"28091",2020,0.737444933920705,0.547297297297297
"28093",2020,0.737444933920705,0.547297297297297
"28095",2020,0.737444933920705,0.547297297297297
"28097",2020,0.737444933920705,0.547297297297297
"28099",2020,0.737444933920705,0.547297297297297
"28101",2020,0.737444933920705,0.547297297297297
"28103",2020,0.737444933920705,0.547297297297297
"28105",2020,0.737444933920705,0.547297297297297
"28107",2020,0.737444933920705,0.547297297297297
"28109",2020,0.737444933920705,0.547297297297297
"28111",2020,0.737444933920705,0.547297297297297
"28113",2020,0.737444933920705,0.547297297297297
"28115",2020,0.737444933920705,0.547297297297297
"28117",2020,0.737444933920705,0.547297297297297
"28119",2020,0.737444933920705,0.547297297297297
"28121",2020,0.737444933920705,0.547297297297297
"28123",2020,0.737444933920705,0.547297297297297
"28125",2020,0.737444933920705,0.547297297297297
"28127",2020,0.737444933920705,0.547297297297297
"28129",2020,0.737444933920705,0.547297297297297
"28131",2020,0.737444933920705,0.547297297297297
"28133",2020,0.737444933920705,0.547297297297297
"28135",2020,0.737444933920705,0.547297297297297
"28137",2020,0.737444933920705,0.547297297297297
"28139",2020,0.737444933920705,0.547297297297297
"28141",2020,0.737444933920705,0.547297297297297
"28143",2020,0.737444933920705,0.547297297297297
"28145",2020,0.737444933920705,0.547297297297297
"28147",2020,0.737444933920705,0.547297297297297
"28149",2020,0.737444933920705,0.547297297297297
"28151",2020,0.737444933920705,0.547297297297297
"28153",2020,0.737444933920705,0.547297297297297
"28155",2020,0.737444933920705,0.547297297297297
"28157",2020,0.737444933920705,0.547297297297297
"28159",2020,0.737444933920705,0.547297297297297
"28161",2020,0.737444933920705,0.547297297297297
"28163",2020,0.737444933920705,0.547297297297297
"28001",2018,0.615531508593253,0.541528239202658
"28003",2018,0.590425531914894,0.542483660130719
"28005",2018,0.615531508593253,0.541528239202658
"28007",2018,0.615531508593253,0.541528239202658
"28009",2018,0.615531508593253,0.541528239202658
"28011",2018,0.615531508593253,0.541528239202658
"28013",2018,0.518518518518518,0.673076923076923
"28015",2018,0.647058823529412,0.416666666666667
"28017",2018,0.559055118110236,0.509090909090909
"28019",2018,0.615531508593253,0.541528239202658
"28021",2018,0.615531508593253,0.541528239202658
"28023",2018,0.615531508593253,0.541528239202658
"28025",2018,0.704347826086957,0.5
"28027",2018,0.604166666666667,0.789473684210526
"28029",2018,0.615531508593253,0.541528239202658
"28031",2018,0.67688679245283,0.525547445255474
"28033",2018,0.669941060903733,0.505952380952381
"28035",2018,0.615531508593253,0.541528239202658
"28037",2018,0.615531508593253,0.541528239202658
"28039",2018,0.615531508593253,0.541528239202658
"28041",2018,0.615531508593253,0.541528239202658
"28043",2018,0.615531508593253,0.541528239202658
"28045",2018,0.615531508593253,0.541528239202658
"28047",2018,0.615531508593253,0.541528239202658
"28049",2018,0.615531508593253,0.541528239202658
"28051",2018,0.615531508593253,0.541528239202658
"28053",2018,0.615531508593253,0.541528239202658
"28055",2018,0.615531508593253,0.541528239202658
"28057",2018,0.615531508593253,0.541528239202658
"28059",2018,0.615531508593253,0.541528239202658
"28061",2018,0.615531508593253,0.541528239202658
"28063",2018,0.615531508593253,0.541528239202658
"28065",2018,0.615531508593253,0.541528239202658
"28067",2018,0.615531508593253,0.541528239202658
"28069",2018,0.615531508593253,0.541528239202658
"28071",2018,0.615531508593253,0.541528239202658
"28073",2018,0.615531508593253,0.541528239202658
"28075",2018,0.615531508593253,0.541528239202658
"28077",2018,0.615531508593253,0.541528239202658
"28079",2018,0.615531508593253,0.541528239202658
"28081",2018,0.615531508593253,0.541528239202658
"28083",2018,0.615531508593253,0.541528239202658
"28085",2018,0.615531508593253,0.541528239202658
"28087",2018,0.615531508593253,0.541528239202658
"28089",2018,0.615531508593253,0.541528239202658
"28091",2018,0.615531508593253,0.541528239202658
"28093",2018,0.615531508593253,0.541528239202658
"28095",2018,0.615531508593253,0.541528239202658
"28097",2018,0.615531508593253,0.541528239202658
"28099",2018,0.615531508593253,0.541528239202658
"28101",2018,0.615531508593253,0.541528239202658
"28103",2018,0.615531508593253,0.541528239202658
"28105",2018,0.615531508593253,0.541528239202658
"28107",2018,0.615531508593253,0.541528239202658
"28109",2018,0.615531508593253,0.541528239202658
"28111",2018,0.615531508593253,0.541528239202658
"28113",2018,0.615531508593253,0.541528239202658
"28115",2018,0.615531508593253,0.541528239202658
"28117",2018,0.615531508593253,0.541528239202658
"28119",2018,0.615531508593253,0.541528239202658
"28121",2018,0.615531508593253,0.541528239202658
"28123",2018,0.615531508593253,0.541528239202658
"28125",2018,0.615531508593253,0.541528239202658
"28127",2018,0.615531508593253,0.541528239202658
"28129",2018,0.615531508593253,0.541528239202658
"28131",2018,0.615531508593253,0.541528239202658
"28133",2018,0.615531508593253,0.541528239202658
"28135",2018,0.615531508593253,0.541528239202658
"28137",2018,0.615531508593253,0.541528239202658
"28139",2018,0.615531508593253,0.541528239202658
"28141",2018,0.615531508593253,0.541528239202658
"28143",2018,0.615531508593253,0.541528239202658
"28145",2018,0.615531508593253,0.541528239202658
"28147",2018,0.615531508593253,0.541528239202658
"28149",2018,0.615531508593253,0.541528239202658
"28151",2018,0.615531508593253,0.541528239202658
"28153",2018,0.615531508593253,0.541528239202658
"28155",2018,0.615531508593253,0.541528239202658
"28157",2018,0.615531508593253,0.541528239202658
"28159",2018,0.615531508593253,0.541528239202658
"28161",2018,0.615531508593253,0.541528239202658
"28163",2018,0.615531508593253,0.541528239202658
"29001",2022,0.719811320754717,0.647457627118644
"29003",2022,0.693037974683544,0.484536082474227
"29005",2022,0.719811320754717,0.647457627118644
"29007",2022,0.719811320754717,0.647457627118644
"29009",2022,0.719811320754717,0.647457627118644
"29011",2022,0.719811320754717,0.647457627118644
"29013",2022,0.595505617977528,0.527777777777778
"29015",2022,0.625,0.333333333333333
"29017",2022,0.757575757575758,0.8
"29019",2022,0.719811320754717,0.647457627118644
"29021",2022,0.719811320754717,0.647457627118644
"29023",2022,0.719811320754717,0.647457627118644
"29025",2022,0.661538461538462,0.227272727272727
"29027",2022,0.719811320754717,0.647457627118644
"29029",2022,0.719811320754717,0.647457627118644
"29031",2022,0.754756871035941,0.491379310344828
"29033",2022,0.741514360313316,0.444444444444444
"29035",2022,0.719811320754717,0.647457627118644
"29037",2022,0.719811320754717,0.647457627118644
"29039",2022,0.719811320754717,0.647457627118644
"29041",2022,0.719811320754717,0.647457627118644
"29043",2022,0.719811320754717,0.647457627118644
"29045",2022,0.719811320754717,0.647457627118644
"29047",2022,0.719811320754717,0.647457627118644
"29049",2022,0.719811320754717,0.647457627118644
"29051",2022,0.719811320754717,0.647457627118644
"29053",2022,0.719811320754717,0.647457627118644
"29055",2022,0.719811320754717,0.647457627118644
"29057",2022,0.719811320754717,0.647457627118644
"29059",2022,0.719811320754717,0.647457627118644
"29061",2022,0.719811320754717,0.647457627118644
"29063",2022,0.719811320754717,0.647457627118644
"29065",2022,0.719811320754717,0.647457627118644
"29067",2022,0.719811320754717,0.647457627118644
"29069",2022,0.719811320754717,0.647457627118644
"29071",2022,0.719811320754717,0.647457627118644
"29073",2022,0.719811320754717,0.647457627118644
"29075",2022,0.719811320754717,0.647457627118644
"29077",2022,0.719811320754717,0.647457627118644
"29079",2022,0.719811320754717,0.647457627118644
"29081",2022,0.719811320754717,0.647457627118644
"29083",2022,0.719811320754717,0.647457627118644
"29085",2022,0.719811320754717,0.647457627118644
"29087",2022,0.719811320754717,0.647457627118644
"29089",2022,0.719811320754717,0.647457627118644
"29091",2022,0.719811320754717,0.647457627118644
"29093",2022,0.719811320754717,0.647457627118644
"29095",2022,0.719811320754717,0.647457627118644
"29097",2022,0.719811320754717,0.647457627118644
"29099",2022,0.719811320754717,0.647457627118644
"29101",2022,0.719811320754717,0.647457627118644
"29103",2022,0.719811320754717,0.647457627118644
"29105",2022,0.719811320754717,0.647457627118644
"29107",2022,0.719811320754717,0.647457627118644
"29109",2022,0.719811320754717,0.647457627118644
"29111",2022,0.719811320754717,0.647457627118644
"29113",2022,0.719811320754717,0.647457627118644
"29115",2022,0.719811320754717,0.647457627118644
"29117",2022,0.719811320754717,0.647457627118644
"29119",2022,0.719811320754717,0.647457627118644
"29121",2022,0.719811320754717,0.647457627118644
"29123",2022,0.719811320754717,0.647457627118644
"29125",2022,0.719811320754717,0.647457627118644
"29127",2022,0.719811320754717,0.647457627118644
"29129",2022,0.719811320754717,0.647457627118644
"29131",2022,0.719811320754717,0.647457627118644
"29133",2022,0.719811320754717,0.647457627118644
"29135",2022,0.719811320754717,0.647457627118644
"29137",2022,0.719811320754717,0.647457627118644
"29139",2022,0.719811320754717,0.647457627118644
"29141",2022,0.719811320754717,0.647457627118644
"29143",2022,0.719811320754717,0.647457627118644
"29145",2022,0.719811320754717,0.647457627118644
"29147",2022,0.719811320754717,0.647457627118644
"29149",2022,0.719811320754717,0.647457627118644
"29151",2022,0.719811320754717,0.647457627118644
"29153",2022,0.719811320754717,0.647457627118644
"29155",2022,0.719811320754717,0.647457627118644
"29157",2022,0.719811320754717,0.647457627118644
"29159",2022,0.719811320754717,0.647457627118644
"29161",2022,0.719811320754717,0.647457627118644
"29163",2022,0.719811320754717,0.647457627118644
"29165",2022,0.719811320754717,0.647457627118644
"29167",2022,0.719811320754717,0.647457627118644
"29169",2022,0.719811320754717,0.647457627118644
"29171",2022,0.719811320754717,0.647457627118644
"29173",2022,0.719811320754717,0.647457627118644
"29175",2022,0.719811320754717,0.647457627118644
"29177",2022,0.719811320754717,0.647457627118644
"29179",2022,0.719811320754717,0.647457627118644
"29181",2022,0.719811320754717,0.647457627118644
"29183",2022,0.719811320754717,0.647457627118644
"29185",2022,0.719811320754717,0.647457627118644
"29186",2022,0.719811320754717,0.647457627118644
"29187",2022,0.719811320754717,0.647457627118644
"29189",2022,0.719811320754717,0.647457627118644
"29195",2022,0.719811320754717,0.647457627118644
"29197",2022,0.719811320754717,0.647457627118644
"29199",2022,0.719811320754717,0.647457627118644
"29201",2022,0.719811320754717,0.647457627118644
"29203",2022,0.719811320754717,0.647457627118644
"29205",2022,0.719811320754717,0.647457627118644
"29207",2022,0.719811320754717,0.647457627118644
"29209",2022,0.719811320754717,0.647457627118644
"29211",2022,0.719811320754717,0.647457627118644
"29213",2022,0.719811320754717,0.647457627118644
"29215",2022,0.719811320754717,0.647457627118644
"29217",2022,0.719811320754717,0.647457627118644
"29219",2022,0.719811320754717,0.647457627118644
"29221",2022,0.719811320754717,0.647457627118644
"29223",2022,0.719811320754717,0.647457627118644
"29225",2022,0.719811320754717,0.647457627118644
"29227",2022,0.719811320754717,0.647457627118644
"29229",2022,0.719811320754717,0.647457627118644
"29510",2022,0.701421800947867,0.587301587301587
"29001",2022,0.719811320754717,0.647457627118644
"29003",2022,0.693037974683544,0.484536082474227
"29005",2022,0.719811320754717,0.647457627118644
"29007",2022,0.719811320754717,0.647457627118644
"29009",2022,0.719811320754717,0.647457627118644
"29011",2022,0.719811320754717,0.647457627118644
"29013",2022,0.595505617977528,0.527777777777778
"29015",2022,0.625,0.333333333333333
"29017",2022,0.757575757575758,0.8
"29019",2022,0.719811320754717,0.647457627118644
"29021",2022,0.719811320754717,0.647457627118644
"29023",2022,0.719811320754717,0.647457627118644
"29025",2022,0.661538461538462,0.227272727272727
"29027",2022,0.719811320754717,0.647457627118644
"29029",2022,0.719811320754717,0.647457627118644
"29031",2022,0.754756871035941,0.491379310344828
"29033",2022,0.741514360313316,0.444444444444444
"29035",2022,0.719811320754717,0.647457627118644
"29037",2022,0.719811320754717,0.647457627118644
"29039",2022,0.719811320754717,0.647457627118644
"29041",2022,0.719811320754717,0.647457627118644
"29043",2022,0.719811320754717,0.647457627118644
"29045",2022,0.719811320754717,0.647457627118644
"29047",2022,0.719811320754717,0.647457627118644
"29049",2022,0.719811320754717,0.647457627118644
"29051",2022,0.719811320754717,0.647457627118644
"29053",2022,0.719811320754717,0.647457627118644
"29055",2022,0.719811320754717,0.647457627118644
"29057",2022,0.719811320754717,0.647457627118644
"29059",2022,0.719811320754717,0.647457627118644
"29061",2022,0.719811320754717,0.647457627118644
"29063",2022,0.719811320754717,0.647457627118644
"29065",2022,0.719811320754717,0.647457627118644
"29067",2022,0.719811320754717,0.647457627118644
"29069",2022,0.719811320754717,0.647457627118644
"29071",2022,0.719811320754717,0.647457627118644
"29073",2022,0.719811320754717,0.647457627118644
"29075",2022,0.719811320754717,0.647457627118644
"29077",2022,0.719811320754717,0.647457627118644
"29079",2022,0.719811320754717,0.647457627118644
"29081",2022,0.719811320754717,0.647457627118644
"29083",2022,0.719811320754717,0.647457627118644
"29085",2022,0.719811320754717,0.647457627118644
"29087",2022,0.719811320754717,0.647457627118644
"29089",2022,0.719811320754717,0.647457627118644
"29091",2022,0.719811320754717,0.647457627118644
"29093",2022,0.719811320754717,0.647457627118644
"29095",2022,0.719811320754717,0.647457627118644
"29097",2022,0.719811320754717,0.647457627118644
"29099",2022,0.719811320754717,0.647457627118644
"29101",2022,0.719811320754717,0.647457627118644
"29103",2022,0.719811320754717,0.647457627118644
"29105",2022,0.719811320754717,0.647457627118644
"29107",2022,0.719811320754717,0.647457627118644
"29109",2022,0.719811320754717,0.647457627118644
"29111",2022,0.719811320754717,0.647457627118644
"29113",2022,0.719811320754717,0.647457627118644
"29115",2022,0.719811320754717,0.647457627118644
"29117",2022,0.719811320754717,0.647457627118644
"29119",2022,0.719811320754717,0.647457627118644
"29121",2022,0.719811320754717,0.647457627118644
"29123",2022,0.719811320754717,0.647457627118644
"29125",2022,0.719811320754717,0.647457627118644
"29127",2022,0.719811320754717,0.647457627118644
"29129",2022,0.719811320754717,0.647457627118644
"29131",2022,0.719811320754717,0.647457627118644
"29133",2022,0.719811320754717,0.647457627118644
"29135",2022,0.719811320754717,0.647457627118644
"29137",2022,0.719811320754717,0.647457627118644
"29139",2022,0.719811320754717,0.647457627118644
"29141",2022,0.719811320754717,0.647457627118644
"29143",2022,0.719811320754717,0.647457627118644
"29145",2022,0.719811320754717,0.647457627118644
"29147",2022,0.719811320754717,0.647457627118644
"29149",2022,0.719811320754717,0.647457627118644
"29151",2022,0.719811320754717,0.647457627118644
"29153",2022,0.719811320754717,0.647457627118644
"29155",2022,0.719811320754717,0.647457627118644
"29157",2022,0.719811320754717,0.647457627118644
"29159",2022,0.719811320754717,0.647457627118644
"29161",2022,0.719811320754717,0.647457627118644
"29163",2022,0.719811320754717,0.647457627118644
"29165",2022,0.719811320754717,0.647457627118644
"29167",2022,0.719811320754717,0.647457627118644
"29169",2022,0.719811320754717,0.647457627118644
"29171",2022,0.719811320754717,0.647457627118644
"29173",2022,0.719811320754717,0.647457627118644
"29175",2022,0.719811320754717,0.647457627118644
"29177",2022,0.719811320754717,0.647457627118644
"29179",2022,0.719811320754717,0.647457627118644
"29181",2022,0.719811320754717,0.647457627118644
"29183",2022,0.719811320754717,0.647457627118644
"29185",2022,0.719811320754717,0.647457627118644
"29186",2022,0.719811320754717,0.647457627118644
"29187",2022,0.719811320754717,0.647457627118644
"29189",2022,0.719811320754717,0.647457627118644
"29195",2022,0.719811320754717,0.647457627118644
"29197",2022,0.719811320754717,0.647457627118644
"29199",2022,0.719811320754717,0.647457627118644
"29201",2022,0.719811320754717,0.647457627118644
"29203",2022,0.719811320754717,0.647457627118644
"29205",2022,0.719811320754717,0.647457627118644
"29207",2022,0.719811320754717,0.647457627118644
"29209",2022,0.719811320754717,0.647457627118644
"29211",2022,0.719811320754717,0.647457627118644
"29213",2022,0.719811320754717,0.647457627118644
"29215",2022,0.719811320754717,0.647457627118644
"29217",2022,0.719811320754717,0.647457627118644
"29219",2022,0.719811320754717,0.647457627118644
"29221",2022,0.719811320754717,0.647457627118644
"29223",2022,0.719811320754717,0.647457627118644
"29225",2022,0.719811320754717,0.647457627118644
"29227",2022,0.719811320754717,0.647457627118644
"29229",2022,0.719811320754717,0.647457627118644
"29510",2022,0.701421800947867,0.587301587301587
"29001",2020,0.737444933920705,0.547297297297297
"29003",2020,0.693251533742331,0.515151515151515
"29005",2020,0.737444933920705,0.547297297297297
"29007",2020,0.737444933920705,0.547297297297297
"29009",2020,0.737444933920705,0.547297297297297
"29011",2020,0.737444933920705,0.547297297297297
"29013",2020,0.590361445783133,0.558823529411765
"29015",2020,0.758620689655172,0.571428571428571
"29017",2020,0.709302325581395,0.583333333333333
"29019",2020,0.737444933920705,0.547297297297297
"29021",2020,0.737444933920705,0.547297297297297
"29023",2020,0.737444933920705,0.547297297297297
"29025",2020,0.753846153846154,0.357142857142857
"29027",2020,0.737444933920705,0.547297297297297
"29029",2020,0.737444933920705,0.547297297297297
"29031",2020,0.784552845528455,0.452830188679245
"29033",2020,0.819306930693069,0.328767123287671
"29035",2020,0.737444933920705,0.547297297297297
"29037",2020,0.737444933920705,0.547297297297297
"29039",2020,0.737444933920705,0.547297297297297
"29041",2020,0.737444933920705,0.547297297297297
"29043",2020,0.737444933920705,0.547297297297297
"29045",2020,0.737444933920705,0.547297297297297
"29047",2020,0.737444933920705,0.547297297297297
"29049",2020,0.737444933920705,0.547297297297297
"29051",2020,0.737444933920705,0.547297297297297
"29053",2020,0.737444933920705,0.547297297297297
"29055",2020,0.737444933920705,0.547297297297297
"29057",2020,0.737444933920705,0.547297297297297
"29059",2020,0.737444933920705,0.547297297297297
"29061",2020,0.737444933920705,0.547297297297297
"29063",2020,0.737444933920705,0.547297297297297
"29065",2020,0.737444933920705,0.547297297297297
"29067",2020,0.737444933920705,0.547297297297297
"29069",2020,0.737444933920705,0.547297297297297
"29071",2020,0.737444933920705,0.547297297297297
"29073",2020,0.737444933920705,0.547297297297297
"29075",2020,0.737444933920705,0.547297297297297
"29077",2020,0.737444933920705,0.547297297297297
"29079",2020,0.737444933920705,0.547297297297297
"29081",2020,0.737444933920705,0.547297297297297
"29083",2020,0.737444933920705,0.547297297297297
"29085",2020,0.737444933920705,0.547297297297297
"29087",2020,0.737444933920705,0.547297297297297
"29089",2020,0.737444933920705,0.547297297297297
"29091",2020,0.737444933920705,0.547297297297297
"29093",2020,0.737444933920705,0.547297297297297
"29095",2020,0.737444933920705,0.547297297297297
"29097",2020,0.737444933920705,0.547297297297297
"29099",2020,0.737444933920705,0.547297297297297
"29101",2020,0.737444933920705,0.547297297297297
"29103",2020,0.737444933920705,0.547297297297297
"29105",2020,0.737444933920705,0.547297297297297
"29107",2020,0.737444933920705,0.547297297297297
"29109",2020,0.737444933920705,0.547297297297297
"29111",2020,0.737444933920705,0.547297297297297
"29113",2020,0.737444933920705,0.547297297297297
"29115",2020,0.737444933920705,0.547297297297297
"29117",2020,0.737444933920705,0.547297297297297
"29119",2020,0.737444933920705,0.547297297297297
"29121",2020,0.737444933920705,0.547297297297297
"29123",2020,0.737444933920705,0.547297297297297
"29125",2020,0.737444933920705,0.547297297297297
"29127",2020,0.737444933920705,0.547297297297297
"29129",2020,0.737444933920705,0.547297297297297
"29131",2020,0.737444933920705,0.547297297297297
"29133",2020,0.737444933920705,0.547297297297297
"29135",2020,0.737444933920705,0.547297297297297
"29137",2020,0.737444933920705,0.547297297297297
"29139",2020,0.737444933920705,0.547297297297297
"29141",2020,0.737444933920705,0.547297297297297
"29143",2020,0.737444933920705,0.547297297297297
"29145",2020,0.737444933920705,0.547297297297297
"29147",2020,0.737444933920705,0.547297297297297
"29149",2020,0.737444933920705,0.547297297297297
"29151",2020,0.737444933920705,0.547297297297297
"29153",2020,0.737444933920705,0.547297297297297
"29155",2020,0.737444933920705,0.547297297297297
"29157",2020,0.737444933920705,0.547297297297297
"29159",2020,0.737444933920705,0.547297297297297
"29161",2020,0.737444933920705,0.547297297297297
"29163",2020,0.737444933920705,0.547297297297297
"29165",2020,0.737444933920705,0.547297297297297
"29167",2020,0.737444933920705,0.547297297297297
"29169",2020,0.737444933920705,0.547297297297297
"29171",2020,0.737444933920705,0.547297297297297
"29173",2020,0.737444933920705,0.547297297297297
"29175",2020,0.737444933920705,0.547297297297297
"29177",2020,0.737444933920705,0.547297297297297
"29179",2020,0.737444933920705,0.547297297297297
"29181",2020,0.737444933920705,0.547297297297297
"29183",2020,0.737444933920705,0.547297297297297
"29185",2020,0.737444933920705,0.547297297297297
"29186",2020,0.737444933920705,0.547297297297297
"29187",2020,0.737444933920705,0.547297297297297
"29189",2020,0.737444933920705,0.547297297297297
"29195",2020,0.737444933920705,0.547297297297297
"29197",2020,0.737444933920705,0.547297297297297
"29199",2020,0.737444933920705,0.547297297297297
"29201",2020,0.737444933920705,0.547297297297297
"29203",2020,0.737444933920705,0.547297297297297
"29205",2020,0.737444933920705,0.547297297297297
"29207",2020,0.737444933920705,0.547297297297297
"29209",2020,0.737444933920705,0.547297297297297
"29211",2020,0.737444933920705,0.547297297297297
"29213",2020,0.737444933920705,0.547297297297297
"29215",2020,0.737444933920705,0.547297297297297
"29217",2020,0.737444933920705,0.547297297297297
"29219",2020,0.737444933920705,0.547297297297297
"29221",2020,0.737444933920705,0.547297297297297
"29223",2020,0.737444933920705,0.547297297297297
"29225",2020,0.737444933920705,0.547297297297297
"29227",2020,0.737444933920705,0.547297297297297
"29229",2020,0.737444933920705,0.547297297297297
"29510",2020,0.74235807860262,0.53448275862069
"29001",2020,0.737444933920705,0.547297297297297
"29003",2020,0.693251533742331,0.515151515151515
"29005",2020,0.737444933920705,0.547297297297297
"29007",2020,0.737444933920705,0.547297297297297
"29009",2020,0.737444933920705,0.547297297297297
"29011",2020,0.737444933920705,0.547297297297297
"29013",2020,0.590361445783133,0.558823529411765
"29015",2020,0.758620689655172,0.571428571428571
"29017",2020,0.709302325581395,0.583333333333333
"29019",2020,0.737444933920705,0.547297297297297
"29021",2020,0.737444933920705,0.547297297297297
"29023",2020,0.737444933920705,0.547297297297297
"29025",2020,0.753846153846154,0.357142857142857
"29027",2020,0.737444933920705,0.547297297297297
"29029",2020,0.737444933920705,0.547297297297297
"29031",2020,0.784552845528455,0.452830188679245
"29033",2020,0.819306930693069,0.328767123287671
"29035",2020,0.737444933920705,0.547297297297297
"29037",2020,0.737444933920705,0.547297297297297
"29039",2020,0.737444933920705,0.547297297297297
"29041",2020,0.737444933920705,0.547297297297297
"29043",2020,0.737444933920705,0.547297297297297
"29045",2020,0.737444933920705,0.547297297297297
"29047",2020,0.737444933920705,0.547297297297297
"29049",2020,0.737444933920705,0.547297297297297
"29051",2020,0.737444933920705,0.547297297297297
"29053",2020,0.737444933920705,0.547297297297297
"29055",2020,0.737444933920705,0.547297297297297
"29057",2020,0.737444933920705,0.547297297297297
"29059",2020,0.737444933920705,0.547297297297297
"29061",2020,0.737444933920705,0.547297297297297
"29063",2020,0.737444933920705,0.547297297297297
"29065",2020,0.737444933920705,0.547297297297297
"29067",2020,0.737444933920705,0.547297297297297
"29069",2020,0.737444933920705,0.547297297297297
"29071",2020,0.737444933920705,0.547297297297297
"29073",2020,0.737444933920705,0.547297297297297
"29075",2020,0.737444933920705,0.547297297297297
"29077",2020,0.737444933920705,0.547297297297297
"29079",2020,0.737444933920705,0.547297297297297
"29081",2020,0.737444933920705,0.547297297297297
"29083",2020,0.737444933920705,0.547297297297297
"29085",2020,0.737444933920705,0.547297297297297
"29087",2020,0.737444933920705,0.547297297297297
"29089",2020,0.737444933920705,0.547297297297297
"29091",2020,0.737444933920705,0.547297297297297
"29093",2020,0.737444933920705,0.547297297297297
"29095",2020,0.737444933920705,0.547297297297297
"29097",2020,0.737444933920705,0.547297297297297
"29099",2020,0.737444933920705,0.547297297297297
"29101",2020,0.737444933920705,0.547297297297297
"29103",2020,0.737444933920705,0.547297297297297
"29105",2020,0.737444933920705,0.547297297297297
"29107",2020,0.737444933920705,0.547297297297297
"29109",2020,0.737444933920705,0.547297297297297
"29111",2020,0.737444933920705,0.547297297297297
"29113",2020,0.737444933920705,0.547297297297297
"29115",2020,0.737444933920705,0.547297297297297
"29117",2020,0.737444933920705,0.547297297297297
"29119",2020,0.737444933920705,0.547297297297297
"29121",2020,0.737444933920705,0.547297297297297
"29123",2020,0.737444933920705,0.547297297297297
"29125",2020,0.737444933920705,0.547297297297297
"29127",2020,0.737444933920705,0.547297297297297
"29129",2020,0.737444933920705,0.547297297297297
"29131",2020,0.737444933920705,0.547297297297297
"29133",2020,0.737444933920705,0.547297297297297
"29135",2020,0.737444933920705,0.547297297297297
"29137",2020,0.737444933920705,0.547297297297297
"29139",2020,0.737444933920705,0.547297297297297
"29141",2020,0.737444933920705,0.547297297297297
"29143",2020,0.737444933920705,0.547297297297297
"29145",2020,0.737444933920705,0.547297297297297
"29147",2020,0.737444933920705,0.547297297297297
"29149",2020,0.737444933920705,0.547297297297297
"29151",2020,0.737444933920705,0.547297297297297
"29153",2020,0.737444933920705,0.547297297297297
"29155",2020,0.737444933920705,0.547297297297297
"29157",2020,0.737444933920705,0.547297297297297
"29159",2020,0.737444933920705,0.547297297297297
"29161",2020,0.737444933920705,0.547297297297297
"29163",2020,0.737444933920705,0.547297297297297
"29165",2020,0.737444933920705,0.547297297297297
"29167",2020,0.737444933920705,0.547297297297297
"29169",2020,0.737444933920705,0.547297297297297
"29171",2020,0.737444933920705,0.547297297297297
"29173",2020,0.737444933920705,0.547297297297297
"29175",2020,0.737444933920705,0.547297297297297
"29177",2020,0.737444933920705,0.547297297297297
"29179",2020,0.737444933920705,0.547297297297297
"29181",2020,0.737444933920705,0.547297297297297
"29183",2020,0.737444933920705,0.547297297297297
"29185",2020,0.737444933920705,0.547297297297297
"29186",2020,0.737444933920705,0.547297297297297
"29187",2020,0.737444933920705,0.547297297297297
"29189",2020,0.737444933920705,0.547297297297297
"29195",2020,0.737444933920705,0.547297297297297
"29197",2020,0.737444933920705,0.547297297297297
"29199",2020,0.737444933920705,0.547297297297297
"29201",2020,0.737444933920705,0.547297297297297
"29203",2020,0.737444933920705,0.547297297297297
"29205",2020,0.737444933920705,0.547297297297297
"29207",2020,0.737444933920705,0.547297297297297
"29209",2020,0.737444933920705,0.547297297297297
"29211",2020,0.737444933920705,0.547297297297297
"29213",2020,0.737444933920705,0.547297297297297
"29215",2020,0.737444933920705,0.547297297297297
"29217",2020,0.737444933920705,0.547297297297297
"29219",2020,0.737444933920705,0.547297297297297
"29221",2020,0.737444933920705,0.547297297297297
"29223",2020,0.737444933920705,0.547297297297297
"29225",2020,0.737444933920705,0.547297297297297
"29227",2020,0.737444933920705,0.547297297297297
"29229",2020,0.737444933920705,0.547297297297297
"29510",2020,0.74235807860262,0.53448275862069
"29001",2018,0.615531508593253,0.541528239202658
"29003",2018,0.590425531914894,0.542483660130719
"29005",2018,0.615531508593253,0.541528239202658
"29007",2018,0.615531508593253,0.541528239202658
"29009",2018,0.615531508593253,0.541528239202658
"29011",2018,0.615531508593253,0.541528239202658
"29013",2018,0.518518518518518,0.673076923076923
"29015",2018,0.647058823529412,0.416666666666667
"29017",2018,0.559055118110236,0.509090909090909
"29019",2018,0.615531508593253,0.541528239202658
"29021",2018,0.615531508593253,0.541528239202658
"29023",2018,0.615531508593253,0.541528239202658
"29025",2018,0.704347826086957,0.5
"29027",2018,0.604166666666667,0.789473684210526
"29029",2018,0.615531508593253,0.541528239202658
"29031",2018,0.67688679245283,0.525547445255474
"29033",2018,0.669941060903733,0.505952380952381
"29035",2018,0.615531508593253,0.541528239202658
"29037",2018,0.615531508593253,0.541528239202658
"29039",2018,0.615531508593253,0.541528239202658
"29041",2018,0.615531508593253,0.541528239202658
"29043",2018,0.615531508593253,0.541528239202658
"29045",2018,0.615531508593253,0.541528239202658
"29047",2018,0.615531508593253,0.541528239202658
"29049",2018,0.615531508593253,0.541528239202658
"29051",2018,0.615531508593253,0.541528239202658
"29053",2018,0.615531508593253,0.541528239202658
"29055",2018,0.615531508593253,0.541528239202658
"29057",2018,0.615531508593253,0.541528239202658
"29059",2018,0.615531508593253,0.541528239202658
"29061",2018,0.615531508593253,0.541528239202658
"29063",2018,0.615531508593253,0.541528239202658
"29065",2018,0.615531508593253,0.541528239202658
"29067",2018,0.615531508593253,0.541528239202658
"29069",2018,0.615531508593253,0.541528239202658
"29071",2018,0.615531508593253,0.541528239202658
"29073",2018,0.615531508593253,0.541528239202658
"29075",2018,0.615531508593253,0.541528239202658
"29077",2018,0.615531508593253,0.541528239202658
"29079",2018,0.615531508593253,0.541528239202658
"29081",2018,0.615531508593253,0.541528239202658
"29083",2018,0.615531508593253,0.541528239202658
"29085",2018,0.615531508593253,0.541528239202658
"29087",2018,0.615531508593253,0.541528239202658
"29089",2018,0.615531508593253,0.541528239202658
"29091",2018,0.615531508593253,0.541528239202658
"29093",2018,0.615531508593253,0.541528239202658
"29095",2018,0.615531508593253,0.541528239202658
"29097",2018,0.615531508593253,0.541528239202658
"29099",2018,0.615531508593253,0.541528239202658
"29101",2018,0.615531508593253,0.541528239202658
"29103",2018,0.615531508593253,0.541528239202658
"29105",2018,0.615531508593253,0.541528239202658
"29107",2018,0.615531508593253,0.541528239202658
"29109",2018,0.615531508593253,0.541528239202658
"29111",2018,0.615531508593253,0.541528239202658
"29113",2018,0.615531508593253,0.541528239202658
"29115",2018,0.615531508593253,0.541528239202658
"29117",2018,0.615531508593253,0.541528239202658
"29119",2018,0.615531508593253,0.541528239202658
"29121",2018,0.615531508593253,0.541528239202658
"29123",2018,0.615531508593253,0.541528239202658
"29125",2018,0.615531508593253,0.541528239202658
"29127",2018,0.615531508593253,0.541528239202658
"29129",2018,0.615531508593253,0.541528239202658
"29131",2018,0.615531508593253,0.541528239202658
"29133",2018,0.615531508593253,0.541528239202658
"29135",2018,0.615531508593253,0.541528239202658
"29137",2018,0.615531508593253,0.541528239202658
"29139",2018,0.615531508593253,0.541528239202658
"29141",2018,0.615531508593253,0.541528239202658
"29143",2018,0.615531508593253,0.541528239202658
"29145",2018,0.615531508593253,0.541528239202658
"29147",2018,0.615531508593253,0.541528239202658
"29149",2018,0.615531508593253,0.541528239202658
"29151",2018,0.615531508593253,0.541528239202658
"29153",2018,0.615531508593253,0.541528239202658
"29155",2018,0.615531508593253,0.541528239202658
"29157",2018,0.615531508593253,0.541528239202658
"29159",2018,0.615531508593253,0.541528239202658
"29161",2018,0.615531508593253,0.541528239202658
"29163",2018,0.615531508593253,0.541528239202658
"29165",2018,0.615531508593253,0.541528239202658
"29167",2018,0.615531508593253,0.541528239202658
"29169",2018,0.615531508593253,0.541528239202658
"29171",2018,0.615531508593253,0.541528239202658
"29173",2018,0.615531508593253,0.541528239202658
"29175",2018,0.615531508593253,0.541528239202658
"29177",2018,0.615531508593253,0.541528239202658
"29179",2018,0.615531508593253,0.541528239202658
"29181",2018,0.615531508593253,0.541528239202658
"29183",2018,0.615531508593253,0.541528239202658
"29185",2018,0.615531508593253,0.541528239202658
"29186",2018,0.615531508593253,0.541528239202658
"29187",2018,0.615531508593253,0.541528239202658
"29189",2018,0.615531508593253,0.541528239202658
"29195",2018,0.615531508593253,0.541528239202658
"29197",2018,0.615531508593253,0.541528239202658
"29199",2018,0.615531508593253,0.541528239202658
"29201",2018,0.615531508593253,0.541528239202658
"29203",2018,0.615531508593253,0.541528239202658
"29205",2018,0.615531508593253,0.541528239202658
"29207",2018,0.615531508593253,0.541528239202658
"29209",2018,0.615531508593253,0.541528239202658
"29211",2018,0.615531508593253,0.541528239202658
"29213",2018,0.615531508593253,0.541528239202658
"29215",2018,0.615531508593253,0.541528239202658
"29217",2018,0.615531508593253,0.541528239202658
"29219",2018,0.615531508593253,0.541528239202658
"29221",2018,0.615531508593253,0.541528239202658
"29223",2018,0.615531508593253,0.541528239202658
"29225",2018,0.615531508593253,0.541528239202658
"29227",2018,0.615531508593253,0.541528239202658
"29229",2018,0.615531508593253,0.541528239202658
"29510",2018,0.675799086757991,0.565217391304348
"30001",2022,0.719811320754717,0.647457627118644
"30003",2022,0.693037974683544,0.484536082474227
"30005",2022,0.719811320754717,0.647457627118644
"30007",2022,0.719811320754717,0.647457627118644
"30009",2022,0.719811320754717,0.647457627118644
"30011",2022,0.719811320754717,0.647457627118644
"30013",2022,0.595505617977528,0.527777777777778
"30015",2022,0.625,0.333333333333333
"30017",2022,0.757575757575758,0.8
"30019",2022,0.719811320754717,0.647457627118644
"30021",2022,0.719811320754717,0.647457627118644
"30023",2022,0.719811320754717,0.647457627118644
"30025",2022,0.661538461538462,0.227272727272727
"30027",2022,0.719811320754717,0.647457627118644
"30029",2022,0.719811320754717,0.647457627118644
"30031",2022,0.754756871035941,0.491379310344828
"30033",2022,0.741514360313316,0.444444444444444
"30035",2022,0.719811320754717,0.647457627118644
"30037",2022,0.719811320754717,0.647457627118644
"30039",2022,0.719811320754717,0.647457627118644
"30041",2022,0.719811320754717,0.647457627118644
"30043",2022,0.719811320754717,0.647457627118644
"30045",2022,0.719811320754717,0.647457627118644
"30047",2022,0.719811320754717,0.647457627118644
"30049",2022,0.719811320754717,0.647457627118644
"30051",2022,0.719811320754717,0.647457627118644
"30053",2022,0.719811320754717,0.647457627118644
"30055",2022,0.719811320754717,0.647457627118644
"30057",2022,0.719811320754717,0.647457627118644
"30059",2022,0.719811320754717,0.647457627118644
"30061",2022,0.719811320754717,0.647457627118644
"30063",2022,0.719811320754717,0.647457627118644
"30065",2022,0.719811320754717,0.647457627118644
"30067",2022,0.719811320754717,0.647457627118644
"30069",2022,0.719811320754717,0.647457627118644
"30071",2022,0.719811320754717,0.647457627118644
"30073",2022,0.719811320754717,0.647457627118644
"30075",2022,0.719811320754717,0.647457627118644
"30077",2022,0.719811320754717,0.647457627118644
"30079",2022,0.719811320754717,0.647457627118644
"30081",2022,0.719811320754717,0.647457627118644
"30083",2022,0.719811320754717,0.647457627118644
"30085",2022,0.719811320754717,0.647457627118644
"30087",2022,0.719811320754717,0.647457627118644
"30089",2022,0.719811320754717,0.647457627118644
"30091",2022,0.719811320754717,0.647457627118644
"30093",2022,0.719811320754717,0.647457627118644
"30095",2022,0.719811320754717,0.647457627118644
"30097",2022,0.719811320754717,0.647457627118644
"30099",2022,0.719811320754717,0.647457627118644
"30101",2022,0.719811320754717,0.647457627118644
"30103",2022,0.719811320754717,0.647457627118644
"30105",2022,0.719811320754717,0.647457627118644
"30107",2022,0.719811320754717,0.647457627118644
"30109",2022,0.719811320754717,0.647457627118644
"30111",2022,0.719811320754717,0.647457627118644
"30113",2022,0.719811320754717,0.647457627118644
"30001",2022,0.719811320754717,0.647457627118644
"30003",2022,0.693037974683544,0.484536082474227
"30005",2022,0.719811320754717,0.647457627118644
"30007",2022,0.719811320754717,0.647457627118644
"30009",2022,0.719811320754717,0.647457627118644
"30011",2022,0.719811320754717,0.647457627118644
"30013",2022,0.595505617977528,0.527777777777778
"30015",2022,0.625,0.333333333333333
"30017",2022,0.757575757575758,0.8
"30019",2022,0.719811320754717,0.647457627118644
"30021",2022,0.719811320754717,0.647457627118644
"30023",2022,0.719811320754717,0.647457627118644
"30025",2022,0.661538461538462,0.227272727272727
"30027",2022,0.719811320754717,0.647457627118644
"30029",2022,0.719811320754717,0.647457627118644
"30031",2022,0.754756871035941,0.491379310344828
"30033",2022,0.741514360313316,0.444444444444444
"30035",2022,0.719811320754717,0.647457627118644
"30037",2022,0.719811320754717,0.647457627118644
"30039",2022,0.719811320754717,0.647457627118644
"30041",2022,0.719811320754717,0.647457627118644
"30043",2022,0.719811320754717,0.647457627118644
"30045",2022,0.719811320754717,0.647457627118644
"30047",2022,0.719811320754717,0.647457627118644
"30049",2022,0.719811320754717,0.647457627118644
"30051",2022,0.719811320754717,0.647457627118644
"30053",2022,0.719811320754717,0.647457627118644
"30055",2022,0.719811320754717,0.647457627118644
"30057",2022,0.719811320754717,0.647457627118644
"30059",2022,0.719811320754717,0.647457627118644
"30061",2022,0.719811320754717,0.647457627118644
"30063",2022,0.719811320754717,0.647457627118644
"30065",2022,0.719811320754717,0.647457627118644
"30067",2022,0.719811320754717,0.647457627118644
"30069",2022,0.719811320754717,0.647457627118644
"30071",2022,0.719811320754717,0.647457627118644
"30073",2022,0.719811320754717,0.647457627118644
"30075",2022,0.719811320754717,0.647457627118644
"30077",2022,0.719811320754717,0.647457627118644
"30079",2022,0.719811320754717,0.647457627118644
"30081",2022,0.719811320754717,0.647457627118644
"30083",2022,0.719811320754717,0.647457627118644
"30085",2022,0.719811320754717,0.647457627118644
"30087",2022,0.719811320754717,0.647457627118644
"30089",2022,0.719811320754717,0.647457627118644
"30091",2022,0.719811320754717,0.647457627118644
"30093",2022,0.719811320754717,0.647457627118644
"30095",2022,0.719811320754717,0.647457627118644
"30097",2022,0.719811320754717,0.647457627118644
"30099",2022,0.719811320754717,0.647457627118644
"30101",2022,0.719811320754717,0.647457627118644
"30103",2022,0.719811320754717,0.647457627118644
"30105",2022,0.719811320754717,0.647457627118644
"30107",2022,0.719811320754717,0.647457627118644
"30109",2022,0.719811320754717,0.647457627118644
"30111",2022,0.719811320754717,0.647457627118644
"30113",2022,0.719811320754717,0.647457627118644
"30001",2020,0.737444933920705,0.547297297297297
"30003",2020,0.693251533742331,0.515151515151515
"30005",2020,0.737444933920705,0.547297297297297
"30007",2020,0.737444933920705,0.547297297297297
"30009",2020,0.737444933920705,0.547297297297297
"30011",2020,0.737444933920705,0.547297297297297
"30013",2020,0.590361445783133,0.558823529411765
"30015",2020,0.758620689655172,0.571428571428571
"30017",2020,0.709302325581395,0.583333333333333
"30019",2020,0.737444933920705,0.547297297297297
"30021",2020,0.737444933920705,0.547297297297297
"30023",2020,0.737444933920705,0.547297297297297
"30025",2020,0.753846153846154,0.357142857142857
"30027",2020,0.737444933920705,0.547297297297297
"30029",2020,0.737444933920705,0.547297297297297
"30031",2020,0.784552845528455,0.452830188679245
"30033",2020,0.819306930693069,0.328767123287671
"30035",2020,0.737444933920705,0.547297297297297
"30037",2020,0.737444933920705,0.547297297297297
"30039",2020,0.737444933920705,0.547297297297297
"30041",2020,0.737444933920705,0.547297297297297
"30043",2020,0.737444933920705,0.547297297297297
"30045",2020,0.737444933920705,0.547297297297297
"30047",2020,0.737444933920705,0.547297297297297
"30049",2020,0.737444933920705,0.547297297297297
"30051",2020,0.737444933920705,0.547297297297297
"30053",2020,0.737444933920705,0.547297297297297
"30055",2020,0.737444933920705,0.547297297297297
"30057",2020,0.737444933920705,0.547297297297297
"30059",2020,0.737444933920705,0.547297297297297
"30061",2020,0.737444933920705,0.547297297297297
"30063",2020,0.737444933920705,0.547297297297297
"30065",2020,0.737444933920705,0.547297297297297
"30067",2020,0.737444933920705,0.547297297297297
"30069",2020,0.737444933920705,0.547297297297297
"30071",2020,0.737444933920705,0.547297297297297
"30073",2020,0.737444933920705,0.547297297297297
"30075",2020,0.737444933920705,0.547297297297297
"30077",2020,0.737444933920705,0.547297297297297
"30079",2020,0.737444933920705,0.547297297297297
"30081",2020,0.737444933920705,0.547297297297297
"30083",2020,0.737444933920705,0.547297297297297
"30085",2020,0.737444933920705,0.547297297297297
"30087",2020,0.737444933920705,0.547297297297297
"30089",2020,0.737444933920705,0.547297297297297
"30091",2020,0.737444933920705,0.547297297297297
"30093",2020,0.737444933920705,0.547297297297297
"30095",2020,0.737444933920705,0.547297297297297
"30097",2020,0.737444933920705,0.547297297297297
"30099",2020,0.737444933920705,0.547297297297297
"30101",2020,0.737444933920705,0.547297297297297
"30103",2020,0.737444933920705,0.547297297297297
"30105",2020,0.737444933920705,0.547297297297297
"30107",2020,0.737444933920705,0.547297297297297
"30109",2020,0.737444933920705,0.547297297297297
"30111",2020,0.737444933920705,0.547297297297297
"30113",2020,0.737444933920705,0.547297297297297
"30001",2020,0.737444933920705,0.547297297297297
"30003",2020,0.693251533742331,0.515151515151515
"30005",2020,0.737444933920705,0.547297297297297
"30007",2020,0.737444933920705,0.547297297297297
"30009",2020,0.737444933920705,0.547297297297297
"30011",2020,0.737444933920705,0.547297297297297
"30013",2020,0.590361445783133,0.558823529411765
"30015",2020,0.758620689655172,0.571428571428571
"30017",2020,0.709302325581395,0.583333333333333
"30019",2020,0.737444933920705,0.547297297297297
"30021",2020,0.737444933920705,0.547297297297297
"30023",2020,0.737444933920705,0.547297297297297
"30025",2020,0.753846153846154,0.357142857142857
"30027",2020,0.737444933920705,0.547297297297297
"30029",2020,0.737444933920705,0.547297297297297
"30031",2020,0.784552845528455,0.452830188679245
"30033",2020,0.819306930693069,0.328767123287671
"30035",2020,0.737444933920705,0.547297297297297
"30037",2020,0.737444933920705,0.547297297297297
"30039",2020,0.737444933920705,0.547297297297297
"30041",2020,0.737444933920705,0.547297297297297
"30043",2020,0.737444933920705,0.547297297297297
"30045",2020,0.737444933920705,0.547297297297297
"30047",2020,0.737444933920705,0.547297297297297
"30049",2020,0.737444933920705,0.547297297297297
"30051",2020,0.737444933920705,0.547297297297297
"30053",2020,0.737444933920705,0.547297297297297
"30055",2020,0.737444933920705,0.547297297297297
"30057",2020,0.737444933920705,0.547297297297297
"30059",2020,0.737444933920705,0.547297297297297
"30061",2020,0.737444933920705,0.547297297297297
"30063",2020,0.737444933920705,0.547297297297297
"30065",2020,0.737444933920705,0.547297297297297
"30067",2020,0.737444933920705,0.547297297297297
"30069",2020,0.737444933920705,0.547297297297297
"30071",2020,0.737444933920705,0.547297297297297
"30073",2020,0.737444933920705,0.547297297297297
"30075",2020,0.737444933920705,0.547297297297297
"30077",2020,0.737444933920705,0.547297297297297
"30079",2020,0.737444933920705,0.547297297297297
"30081",2020,0.737444933920705,0.547297297297297
"30083",2020,0.737444933920705,0.547297297297297
"30085",2020,0.737444933920705,0.547297297297297
"30087",2020,0.737444933920705,0.547297297297297
"30089",2020,0.737444933920705,0.547297297297297
"30091",2020,0.737444933920705,0.547297297297297
"30093",2020,0.737444933920705,0.547297297297297
"30095",2020,0.737444933920705,0.547297297297297
"30097",2020,0.737444933920705,0.547297297297297
"30099",2020,0.737444933920705,0.547297297297297
"30101",2020,0.737444933920705,0.547297297297297
"30103",2020,0.737444933920705,0.547297297297297
"30105",2020,0.737444933920705,0.547297297297297
"30107",2020,0.737444933920705,0.547297297297297
"30109",2020,0.737444933920705,0.547297297297297
"30111",2020,0.737444933920705,0.547297297297297
"30113",2020,0.737444933920705,0.547297297297297
"30001",2018,0.615531508593253,0.541528239202658
"30003",2018,0.590425531914894,0.542483660130719
"30005",2018,0.615531508593253,0.541528239202658
"30007",2018,0.615531508593253,0.541528239202658
"30009",2018,0.615531508593253,0.541528239202658
"30011",2018,0.615531508593253,0.541528239202658
"30013",2018,0.518518518518518,0.673076923076923
"30015",2018,0.647058823529412,0.416666666666667
"30017",2018,0.559055118110236,0.509090909090909
"30019",2018,0.615531508593253,0.541528239202658
"30021",2018,0.615531508593253,0.541528239202658
"30023",2018,0.615531508593253,0.541528239202658
"30025",2018,0.704347826086957,0.5
"30027",2018,0.604166666666667,0.789473684210526
"30029",2018,0.615531508593253,0.541528239202658
"30031",2018,0.67688679245283,0.525547445255474
"30033",2018,0.669941060903733,0.505952380952381
"30035",2018,0.615531508593253,0.541528239202658
"30037",2018,0.615531508593253,0.541528239202658
"30039",2018,0.615531508593253,0.541528239202658
"30041",2018,0.615531508593253,0.541528239202658
"30043",2018,0.615531508593253,0.541528239202658
"30045",2018,0.615531508593253,0.541528239202658
"30047",2018,0.615531508593253,0.541528239202658
"30049",2018,0.615531508593253,0.541528239202658
"30051",2018,0.615531508593253,0.541528239202658
"30053",2018,0.615531508593253,0.541528239202658
"30055",2018,0.615531508593253,0.541528239202658
"30057",2018,0.615531508593253,0.541528239202658
"30059",2018,0.615531508593253,0.541528239202658
"30061",2018,0.615531508593253,0.541528239202658
"30063",2018,0.615531508593253,0.541528239202658
"30065",2018,0.615531508593253,0.541528239202658
"30067",2018,0.615531508593253,0.541528239202658
"30069",2018,0.615531508593253,0.541528239202658
"30071",2018,0.615531508593253,0.541528239202658
"30073",2018,0.615531508593253,0.541528239202658
"30075",2018,0.615531508593253,0.541528239202658
"30077",2018,0.615531508593253,0.541528239202658
"30079",2018,0.615531508593253,0.541528239202658
"30081",2018,0.615531508593253,0.541528239202658
"30083",2018,0.615531508593253,0.541528239202658
"30085",2018,0.615531508593253,0.541528239202658
"30087",2018,0.615531508593253,0.541528239202658
"30089",2018,0.615531508593253,0.541528239202658
"30091",2018,0.615531508593253,0.541528239202658
"30093",2018,0.615531508593253,0.541528239202658
"30095",2018,0.615531508593253,0.541528239202658
"30097",2018,0.615531508593253,0.541528239202658
"30099",2018,0.615531508593253,0.541528239202658
"30101",2018,0.615531508593253,0.541528239202658
"30103",2018,0.615531508593253,0.541528239202658
"30105",2018,0.615531508593253,0.541528239202658
"30107",2018,0.615531508593253,0.541528239202658
"30109",2018,0.615531508593253,0.541528239202658
"30111",2018,0.615531508593253,0.541528239202658
"30113",2018,0.615531508593253,0.541528239202658
"31001",2022,0.719811320754717,0.647457627118644
"31003",2022,0.693037974683544,0.484536082474227
"31005",2022,0.719811320754717,0.647457627118644
"31007",2022,0.719811320754717,0.647457627118644
"31009",2022,0.719811320754717,0.647457627118644
"31011",2022,0.719811320754717,0.647457627118644
"31013",2022,0.595505617977528,0.527777777777778
"31015",2022,0.625,0.333333333333333
"31017",2022,0.757575757575758,0.8
"31019",2022,0.719811320754717,0.647457627118644
"31021",2022,0.719811320754717,0.647457627118644
"31023",2022,0.719811320754717,0.647457627118644
"31025",2022,0.661538461538462,0.227272727272727
"31027",2022,0.719811320754717,0.647457627118644
"31029",2022,0.719811320754717,0.647457627118644
"31031",2022,0.754756871035941,0.491379310344828
"31033",2022,0.741514360313316,0.444444444444444
"31035",2022,0.719811320754717,0.647457627118644
"31037",2022,0.719811320754717,0.647457627118644
"31039",2022,0.719811320754717,0.647457627118644
"31041",2022,0.719811320754717,0.647457627118644
"31043",2022,0.719811320754717,0.647457627118644
"31045",2022,0.719811320754717,0.647457627118644
"31047",2022,0.719811320754717,0.647457627118644
"31049",2022,0.719811320754717,0.647457627118644
"31051",2022,0.719811320754717,0.647457627118644
"31053",2022,0.719811320754717,0.647457627118644
"31055",2022,0.719811320754717,0.647457627118644
"31057",2022,0.719811320754717,0.647457627118644
"31059",2022,0.719811320754717,0.647457627118644
"31061",2022,0.719811320754717,0.647457627118644
"31063",2022,0.719811320754717,0.647457627118644
"31065",2022,0.719811320754717,0.647457627118644
"31067",2022,0.719811320754717,0.647457627118644
"31069",2022,0.719811320754717,0.647457627118644
"31071",2022,0.719811320754717,0.647457627118644
"31073",2022,0.719811320754717,0.647457627118644
"31075",2022,0.719811320754717,0.647457627118644
"31077",2022,0.719811320754717,0.647457627118644
"31079",2022,0.719811320754717,0.647457627118644
"31081",2022,0.719811320754717,0.647457627118644
"31083",2022,0.719811320754717,0.647457627118644
"31085",2022,0.719811320754717,0.647457627118644
"31087",2022,0.719811320754717,0.647457627118644
"31089",2022,0.719811320754717,0.647457627118644
"31091",2022,0.719811320754717,0.647457627118644
"31093",2022,0.719811320754717,0.647457627118644
"31095",2022,0.719811320754717,0.647457627118644
"31097",2022,0.719811320754717,0.647457627118644
"31099",2022,0.719811320754717,0.647457627118644
"31101",2022,0.719811320754717,0.647457627118644
"31103",2022,0.719811320754717,0.647457627118644
"31105",2022,0.719811320754717,0.647457627118644
"31107",2022,0.719811320754717,0.647457627118644
"31109",2022,0.719811320754717,0.647457627118644
"31111",2022,0.719811320754717,0.647457627118644
"31113",2022,0.719811320754717,0.647457627118644
"31115",2022,0.719811320754717,0.647457627118644
"31117",2022,0.719811320754717,0.647457627118644
"31119",2022,0.719811320754717,0.647457627118644
"31121",2022,0.719811320754717,0.647457627118644
"31123",2022,0.719811320754717,0.647457627118644
"31125",2022,0.719811320754717,0.647457627118644
"31127",2022,0.719811320754717,0.647457627118644
"31129",2022,0.719811320754717,0.647457627118644
"31131",2022,0.719811320754717,0.647457627118644
"31133",2022,0.719811320754717,0.647457627118644
"31135",2022,0.719811320754717,0.647457627118644
"31137",2022,0.719811320754717,0.647457627118644
"31139",2022,0.719811320754717,0.647457627118644
"31141",2022,0.719811320754717,0.647457627118644
"31143",2022,0.719811320754717,0.647457627118644
"31145",2022,0.719811320754717,0.647457627118644
"31147",2022,0.719811320754717,0.647457627118644
"31149",2022,0.719811320754717,0.647457627118644
"31151",2022,0.719811320754717,0.647457627118644
"31153",2022,0.719811320754717,0.647457627118644
"31155",2022,0.719811320754717,0.647457627118644
"31157",2022,0.719811320754717,0.647457627118644
"31159",2022,0.719811320754717,0.647457627118644
"31161",2022,0.719811320754717,0.647457627118644
"31163",2022,0.719811320754717,0.647457627118644
"31165",2022,0.719811320754717,0.647457627118644
"31167",2022,0.719811320754717,0.647457627118644
"31169",2022,0.719811320754717,0.647457627118644
"31171",2022,0.719811320754717,0.647457627118644
"31173",2022,0.719811320754717,0.647457627118644
"31175",2022,0.719811320754717,0.647457627118644
"31177",2022,0.719811320754717,0.647457627118644
"31179",2022,0.719811320754717,0.647457627118644
"31181",2022,0.719811320754717,0.647457627118644
"31183",2022,0.719811320754717,0.647457627118644
"31185",2022,0.719811320754717,0.647457627118644
"31001",2022,0.719811320754717,0.647457627118644
"31003",2022,0.693037974683544,0.484536082474227
"31005",2022,0.719811320754717,0.647457627118644
"31007",2022,0.719811320754717,0.647457627118644
"31009",2022,0.719811320754717,0.647457627118644
"31011",2022,0.719811320754717,0.647457627118644
"31013",2022,0.595505617977528,0.527777777777778
"31015",2022,0.625,0.333333333333333
"31017",2022,0.757575757575758,0.8
"31019",2022,0.719811320754717,0.647457627118644
"31021",2022,0.719811320754717,0.647457627118644
"31023",2022,0.719811320754717,0.647457627118644
"31025",2022,0.661538461538462,0.227272727272727
"31027",2022,0.719811320754717,0.647457627118644
"31029",2022,0.719811320754717,0.647457627118644
"31031",2022,0.754756871035941,0.491379310344828
"31033",2022,0.741514360313316,0.444444444444444
"31035",2022,0.719811320754717,0.647457627118644
"31037",2022,0.719811320754717,0.647457627118644
"31039",2022,0.719811320754717,0.647457627118644
"31041",2022,0.719811320754717,0.647457627118644
"31043",2022,0.719811320754717,0.647457627118644
"31045",2022,0.719811320754717,0.647457627118644
"31047",2022,0.719811320754717,0.647457627118644
"31049",2022,0.719811320754717,0.647457627118644
"31051",2022,0.719811320754717,0.647457627118644
"31053",2022,0.719811320754717,0.647457627118644
"31055",2022,0.719811320754717,0.647457627118644
"31057",2022,0.719811320754717,0.647457627118644
"31059",2022,0.719811320754717,0.647457627118644
"31061",2022,0.719811320754717,0.647457627118644
"31063",2022,0.719811320754717,0.647457627118644
"31065",2022,0.719811320754717,0.647457627118644
"31067",2022,0.719811320754717,0.647457627118644
"31069",2022,0.719811320754717,0.647457627118644
"31071",2022,0.719811320754717,0.647457627118644
"31073",2022,0.719811320754717,0.647457627118644
"31075",2022,0.719811320754717,0.647457627118644
"31077",2022,0.719811320754717,0.647457627118644
"31079",2022,0.719811320754717,0.647457627118644
"31081",2022,0.719811320754717,0.647457627118644
"31083",2022,0.719811320754717,0.647457627118644
"31085",2022,0.719811320754717,0.647457627118644
"31087",2022,0.719811320754717,0.647457627118644
"31089",2022,0.719811320754717,0.647457627118644
"31091",2022,0.719811320754717,0.647457627118644
"31093",2022,0.719811320754717,0.647457627118644
"31095",2022,0.719811320754717,0.647457627118644
"31097",2022,0.719811320754717,0.647457627118644
"31099",2022,0.719811320754717,0.647457627118644
"31101",2022,0.719811320754717,0.647457627118644
"31103",2022,0.719811320754717,0.647457627118644
"31105",2022,0.719811320754717,0.647457627118644
"31107",2022,0.719811320754717,0.647457627118644
"31109",2022,0.719811320754717,0.647457627118644
"31111",2022,0.719811320754717,0.647457627118644
"31113",2022,0.719811320754717,0.647457627118644
"31115",2022,0.719811320754717,0.647457627118644
"31117",2022,0.719811320754717,0.647457627118644
"31119",2022,0.719811320754717,0.647457627118644
"31121",2022,0.719811320754717,0.647457627118644
"31123",2022,0.719811320754717,0.647457627118644
"31125",2022,0.719811320754717,0.647457627118644
"31127",2022,0.719811320754717,0.647457627118644
"31129",2022,0.719811320754717,0.647457627118644
"31131",2022,0.719811320754717,0.647457627118644
"31133",2022,0.719811320754717,0.647457627118644
"31135",2022,0.719811320754717,0.647457627118644
"31137",2022,0.719811320754717,0.647457627118644
"31139",2022,0.719811320754717,0.647457627118644
"31141",2022,0.719811320754717,0.647457627118644
"31143",2022,0.719811320754717,0.647457627118644
"31145",2022,0.719811320754717,0.647457627118644
"31147",2022,0.719811320754717,0.647457627118644
"31149",2022,0.719811320754717,0.647457627118644
"31151",2022,0.719811320754717,0.647457627118644
"31153",2022,0.719811320754717,0.647457627118644
"31155",2022,0.719811320754717,0.647457627118644
"31157",2022,0.719811320754717,0.647457627118644
"31159",2022,0.719811320754717,0.647457627118644
"31161",2022,0.719811320754717,0.647457627118644
"31163",2022,0.719811320754717,0.647457627118644
"31165",2022,0.719811320754717,0.647457627118644
"31167",2022,0.719811320754717,0.647457627118644
"31169",2022,0.719811320754717,0.647457627118644
"31171",2022,0.719811320754717,0.647457627118644
"31173",2022,0.719811320754717,0.647457627118644
"31175",2022,0.719811320754717,0.647457627118644
"31177",2022,0.719811320754717,0.647457627118644
"31179",2022,0.719811320754717,0.647457627118644
"31181",2022,0.719811320754717,0.647457627118644
"31183",2022,0.719811320754717,0.647457627118644
"31185",2022,0.719811320754717,0.647457627118644
"31001",2020,0.737444933920705,0.547297297297297
"31003",2020,0.693251533742331,0.515151515151515
"31005",2020,0.737444933920705,0.547297297297297
"31007",2020,0.737444933920705,0.547297297297297
"31009",2020,0.737444933920705,0.547297297297297
"31011",2020,0.737444933920705,0.547297297297297
"31013",2020,0.590361445783133,0.558823529411765
"31015",2020,0.758620689655172,0.571428571428571
"31017",2020,0.709302325581395,0.583333333333333
"31019",2020,0.737444933920705,0.547297297297297
"31021",2020,0.737444933920705,0.547297297297297
"31023",2020,0.737444933920705,0.547297297297297
"31025",2020,0.753846153846154,0.357142857142857
"31027",2020,0.737444933920705,0.547297297297297
"31029",2020,0.737444933920705,0.547297297297297
"31031",2020,0.784552845528455,0.452830188679245
"31033",2020,0.819306930693069,0.328767123287671
"31035",2020,0.737444933920705,0.547297297297297
"31037",2020,0.737444933920705,0.547297297297297
"31039",2020,0.737444933920705,0.547297297297297
"31041",2020,0.737444933920705,0.547297297297297
"31043",2020,0.737444933920705,0.547297297297297
"31045",2020,0.737444933920705,0.547297297297297
"31047",2020,0.737444933920705,0.547297297297297
"31049",2020,0.737444933920705,0.547297297297297
"31051",2020,0.737444933920705,0.547297297297297
"31053",2020,0.737444933920705,0.547297297297297
"31055",2020,0.737444933920705,0.547297297297297
"31057",2020,0.737444933920705,0.547297297297297
"31059",2020,0.737444933920705,0.547297297297297
"31061",2020,0.737444933920705,0.547297297297297
"31063",2020,0.737444933920705,0.547297297297297
"31065",2020,0.737444933920705,0.547297297297297
"31067",2020,0.737444933920705,0.547297297297297
"31069",2020,0.737444933920705,0.547297297297297
"31071",2020,0.737444933920705,0.547297297297297
"31073",2020,0.737444933920705,0.547297297297297
"31075",2020,0.737444933920705,0.547297297297297
"31077",2020,0.737444933920705,0.547297297297297
"31079",2020,0.737444933920705,0.547297297297297
"31081",2020,0.737444933920705,0.547297297297297
"31083",2020,0.737444933920705,0.547297297297297
"31085",2020,0.737444933920705,0.547297297297297
"31087",2020,0.737444933920705,0.547297297297297
"31089",2020,0.737444933920705,0.547297297297297
"31091",2020,0.737444933920705,0.547297297297297
"31093",2020,0.737444933920705,0.547297297297297
"31095",2020,0.737444933920705,0.547297297297297
"31097",2020,0.737444933920705,0.547297297297297
"31099",2020,0.737444933920705,0.547297297297297
"31101",2020,0.737444933920705,0.547297297297297
"31103",2020,0.737444933920705,0.547297297297297
"31105",2020,0.737444933920705,0.547297297297297
"31107",2020,0.737444933920705,0.547297297297297
"31109",2020,0.737444933920705,0.547297297297297
"31111",2020,0.737444933920705,0.547297297297297
"31113",2020,0.737444933920705,0.547297297297297
"31115",2020,0.737444933920705,0.547297297297297
"31117",2020,0.737444933920705,0.547297297297297
"31119",2020,0.737444933920705,0.547297297297297
"31121",2020,0.737444933920705,0.547297297297297
"31123",2020,0.737444933920705,0.547297297297297
"31125",2020,0.737444933920705,0.547297297297297
"31127",2020,0.737444933920705,0.547297297297297
"31129",2020,0.737444933920705,0.547297297297297
"31131",2020,0.737444933920705,0.547297297297297
"31133",2020,0.737444933920705,0.547297297297297
"31135",2020,0.737444933920705,0.547297297297297
"31137",2020,0.737444933920705,0.547297297297297
"31139",2020,0.737444933920705,0.547297297297297
"31141",2020,0.737444933920705,0.547297297297297
"31143",2020,0.737444933920705,0.547297297297297
"31145",2020,0.737444933920705,0.547297297297297
"31147",2020,0.737444933920705,0.547297297297297
"31149",2020,0.737444933920705,0.547297297297297
"31151",2020,0.737444933920705,0.547297297297297
"31153",2020,0.737444933920705,0.547297297297297
"31155",2020,0.737444933920705,0.547297297297297
"31157",2020,0.737444933920705,0.547297297297297
"31159",2020,0.737444933920705,0.547297297297297
"31161",2020,0.737444933920705,0.547297297297297
"31163",2020,0.737444933920705,0.547297297297297
"31165",2020,0.737444933920705,0.547297297297297
"31167",2020,0.737444933920705,0.547297297297297
"31169",2020,0.737444933920705,0.547297297297297
"31171",2020,0.737444933920705,0.547297297297297
"31173",2020,0.737444933920705,0.547297297297297
"31175",2020,0.737444933920705,0.547297297297297
"31177",2020,0.737444933920705,0.547297297297297
"31179",2020,0.737444933920705,0.547297297297297
"31181",2020,0.737444933920705,0.547297297297297
"31183",2020,0.737444933920705,0.547297297297297
"31185",2020,0.737444933920705,0.547297297297297
"31001",2020,0.737444933920705,0.547297297297297
"31003",2020,0.693251533742331,0.515151515151515
"31005",2020,0.737444933920705,0.547297297297297
"31007",2020,0.737444933920705,0.547297297297297
"31009",2020,0.737444933920705,0.547297297297297
"31011",2020,0.737444933920705,0.547297297297297
"31013",2020,0.590361445783133,0.558823529411765
"31015",2020,0.758620689655172,0.571428571428571
"31017",2020,0.709302325581395,0.583333333333333
"31019",2020,0.737444933920705,0.547297297297297
"31021",2020,0.737444933920705,0.547297297297297
"31023",2020,0.737444933920705,0.547297297297297
"31025",2020,0.753846153846154,0.357142857142857
"31027",2020,0.737444933920705,0.547297297297297
"31029",2020,0.737444933920705,0.547297297297297
"31031",2020,0.784552845528455,0.452830188679245
"31033",2020,0.819306930693069,0.328767123287671
"31035",2020,0.737444933920705,0.547297297297297
"31037",2020,0.737444933920705,0.547297297297297
"31039",2020,0.737444933920705,0.547297297297297
"31041",2020,0.737444933920705,0.547297297297297
"31043",2020,0.737444933920705,0.547297297297297
"31045",2020,0.737444933920705,0.547297297297297
"31047",2020,0.737444933920705,0.547297297297297
"31049",2020,0.737444933920705,0.547297297297297
"31051",2020,0.737444933920705,0.547297297297297
"31053",2020,0.737444933920705,0.547297297297297
"31055",2020,0.737444933920705,0.547297297297297
"31057",2020,0.737444933920705,0.547297297297297
"31059",2020,0.737444933920705,0.547297297297297
"31061",2020,0.737444933920705,0.547297297297297
"31063",2020,0.737444933920705,0.547297297297297
"31065",2020,0.737444933920705,0.547297297297297
"31067",2020,0.737444933920705,0.547297297297297
"31069",2020,0.737444933920705,0.547297297297297
"31071",2020,0.737444933920705,0.547297297297297
"31073",2020,0.737444933920705,0.547297297297297
"31075",2020,0.737444933920705,0.547297297297297
"31077",2020,0.737444933920705,0.547297297297297
"31079",2020,0.737444933920705,0.547297297297297
"31081",2020,0.737444933920705,0.547297297297297
"31083",2020,0.737444933920705,0.547297297297297
"31085",2020,0.737444933920705,0.547297297297297
"31087",2020,0.737444933920705,0.547297297297297
"31089",2020,0.737444933920705,0.547297297297297
"31091",2020,0.737444933920705,0.547297297297297
"31093",2020,0.737444933920705,0.547297297297297
"31095",2020,0.737444933920705,0.547297297297297
"31097",2020,0.737444933920705,0.547297297297297
"31099",2020,0.737444933920705,0.547297297297297
"31101",2020,0.737444933920705,0.547297297297297
"31103",2020,0.737444933920705,0.547297297297297
"31105",2020,0.737444933920705,0.547297297297297
"31107",2020,0.737444933920705,0.547297297297297
"31109",2020,0.737444933920705,0.547297297297297
"31111",2020,0.737444933920705,0.547297297297297
"31113",2020,0.737444933920705,0.547297297297297
"31115",2020,0.737444933920705,0.547297297297297
"31117",2020,0.737444933920705,0.547297297297297
"31119",2020,0.737444933920705,0.547297297297297
"31121",2020,0.737444933920705,0.547297297297297
"31123",2020,0.737444933920705,0.547297297297297
"31125",2020,0.737444933920705,0.547297297297297
"31127",2020,0.737444933920705,0.547297297297297
"31129",2020,0.737444933920705,0.547297297297297
"31131",2020,0.737444933920705,0.547297297297297
"31133",2020,0.737444933920705,0.547297297297297
"31135",2020,0.737444933920705,0.547297297297297
"31137",2020,0.737444933920705,0.547297297297297
"31139",2020,0.737444933920705,0.547297297297297
"31141",2020,0.737444933920705,0.547297297297297
"31143",2020,0.737444933920705,0.547297297297297
"31145",2020,0.737444933920705,0.547297297297297
"31147",2020,0.737444933920705,0.547297297297297
"31149",2020,0.737444933920705,0.547297297297297
"31151",2020,0.737444933920705,0.547297297297297
"31153",2020,0.737444933920705,0.547297297297297
"31155",2020,0.737444933920705,0.547297297297297
"31157",2020,0.737444933920705,0.547297297297297
"31159",2020,0.737444933920705,0.547297297297297
"31161",2020,0.737444933920705,0.547297297297297
"31163",2020,0.737444933920705,0.547297297297297
"31165",2020,0.737444933920705,0.547297297297297
"31167",2020,0.737444933920705,0.547297297297297
"31169",2020,0.737444933920705,0.547297297297297
"31171",2020,0.737444933920705,0.547297297297297
"31173",2020,0.737444933920705,0.547297297297297
"31175",2020,0.737444933920705,0.547297297297297
"31177",2020,0.737444933920705,0.547297297297297
"31179",2020,0.737444933920705,0.547297297297297
"31181",2020,0.737444933920705,0.547297297297297
"31183",2020,0.737444933920705,0.547297297297297
"31185",2020,0.737444933920705,0.547297297297297
"31001",2018,0.615531508593253,0.541528239202658
"31003",2018,0.590425531914894,0.542483660130719
"31005",2018,0.615531508593253,0.541528239202658
"31007",2018,0.615531508593253,0.541528239202658
"31009",2018,0.615531508593253,0.541528239202658
"31011",2018,0.615531508593253,0.541528239202658
"31013",2018,0.518518518518518,0.673076923076923
"31015",2018,0.647058823529412,0.416666666666667
"31017",2018,0.559055118110236,0.509090909090909
"31019",2018,0.615531508593253,0.541528239202658
"31021",2018,0.615531508593253,0.541528239202658
"31023",2018,0.615531508593253,0.541528239202658
"31025",2018,0.704347826086957,0.5
"31027",2018,0.604166666666667,0.789473684210526
"31029",2018,0.615531508593253,0.541528239202658
"31031",2018,0.67688679245283,0.525547445255474
"31033",2018,0.669941060903733,0.505952380952381
"31035",2018,0.615531508593253,0.541528239202658
"31037",2018,0.615531508593253,0.541528239202658
"31039",2018,0.615531508593253,0.541528239202658
"31041",2018,0.615531508593253,0.541528239202658
"31043",2018,0.615531508593253,0.541528239202658
"31045",2018,0.615531508593253,0.541528239202658
"31047",2018,0.615531508593253,0.541528239202658
"31049",2018,0.615531508593253,0.541528239202658
"31051",2018,0.615531508593253,0.541528239202658
"31053",2018,0.615531508593253,0.541528239202658
"31055",2018,0.615531508593253,0.541528239202658
"31057",2018,0.615531508593253,0.541528239202658
"31059",2018,0.615531508593253,0.541528239202658
"31061",2018,0.615531508593253,0.541528239202658
"31063",2018,0.615531508593253,0.541528239202658
"31065",2018,0.615531508593253,0.541528239202658
"31067",2018,0.615531508593253,0.541528239202658
"31069",2018,0.615531508593253,0.541528239202658
"31071",2018,0.615531508593253,0.541528239202658
"31073",2018,0.615531508593253,0.541528239202658
"31075",2018,0.615531508593253,0.541528239202658
"31077",2018,0.615531508593253,0.541528239202658
"31079",2018,0.615531508593253,0.541528239202658
"31081",2018,0.615531508593253,0.541528239202658
"31083",2018,0.615531508593253,0.541528239202658
"31085",2018,0.615531508593253,0.541528239202658
"31087",2018,0.615531508593253,0.541528239202658
"31089",2018,0.615531508593253,0.541528239202658
"31091",2018,0.615531508593253,0.541528239202658
"31093",2018,0.615531508593253,0.541528239202658
"31095",2018,0.615531508593253,0.541528239202658
"31097",2018,0.615531508593253,0.541528239202658
"31099",2018,0.615531508593253,0.541528239202658
"31101",2018,0.615531508593253,0.541528239202658
"31103",2018,0.615531508593253,0.541528239202658
"31105",2018,0.615531508593253,0.541528239202658
"31107",2018,0.615531508593253,0.541528239202658
"31109",2018,0.615531508593253,0.541528239202658
"31111",2018,0.615531508593253,0.541528239202658
"31113",2018,0.615531508593253,0.541528239202658
"31115",2018,0.615531508593253,0.541528239202658
"31117",2018,0.615531508593253,0.541528239202658
"31119",2018,0.615531508593253,0.541528239202658
"31121",2018,0.615531508593253,0.541528239202658
"31123",2018,0.615531508593253,0.541528239202658
"31125",2018,0.615531508593253,0.541528239202658
"31127",2018,0.615531508593253,0.541528239202658
"31129",2018,0.615531508593253,0.541528239202658
"31131",2018,0.615531508593253,0.541528239202658
"31133",2018,0.615531508593253,0.541528239202658
"31135",2018,0.615531508593253,0.541528239202658
"31137",2018,0.615531508593253,0.541528239202658
"31139",2018,0.615531508593253,0.541528239202658
"31141",2018,0.615531508593253,0.541528239202658
"31143",2018,0.615531508593253,0.541528239202658
"31145",2018,0.615531508593253,0.541528239202658
"31147",2018,0.615531508593253,0.541528239202658
"31149",2018,0.615531508593253,0.541528239202658
"31151",2018,0.615531508593253,0.541528239202658
"31153",2018,0.615531508593253,0.541528239202658
"31155",2018,0.615531508593253,0.541528239202658
"31157",2018,0.615531508593253,0.541528239202658
"31159",2018,0.615531508593253,0.541528239202658
"31161",2018,0.615531508593253,0.541528239202658
"31163",2018,0.615531508593253,0.541528239202658
"31165",2018,0.615531508593253,0.541528239202658
"31167",2018,0.615531508593253,0.541528239202658
"31169",2018,0.615531508593253,0.541528239202658
"31171",2018,0.615531508593253,0.541528239202658
"31173",2018,0.615531508593253,0.541528239202658
"31175",2018,0.615531508593253,0.541528239202658
"31177",2018,0.615531508593253,0.541528239202658
"31179",2018,0.615531508593253,0.541528239202658
"31181",2018,0.615531508593253,0.541528239202658
"31183",2018,0.615531508593253,0.541528239202658
"31185",2018,0.615531508593253,0.541528239202658
"32001",2022,0.719811320754717,0.647457627118644
"32003",2022,0.693037974683544,0.484536082474227
"32005",2022,0.719811320754717,0.647457627118644
"32007",2022,0.719811320754717,0.647457627118644
"32009",2022,0.719811320754717,0.647457627118644
"32011",2022,0.719811320754717,0.647457627118644
"32013",2022,0.595505617977528,0.527777777777778
"32015",2022,0.625,0.333333333333333
"32017",2022,0.757575757575758,0.8
"32019",2022,0.719811320754717,0.647457627118644
"32021",2022,0.719811320754717,0.647457627118644
"32023",2022,0.719811320754717,0.647457627118644
"32027",2022,0.719811320754717,0.647457627118644
"32029",2022,0.719811320754717,0.647457627118644
"32031",2022,0.754756871035941,0.491379310344828
"32033",2022,0.741514360313316,0.444444444444444
"32510",2022,0.701421800947867,0.587301587301587
"32001",2022,0.719811320754717,0.647457627118644
"32003",2022,0.693037974683544,0.484536082474227
"32005",2022,0.719811320754717,0.647457627118644
"32007",2022,0.719811320754717,0.647457627118644
"32009",2022,0.719811320754717,0.647457627118644
"32011",2022,0.719811320754717,0.647457627118644
"32013",2022,0.595505617977528,0.527777777777778
"32015",2022,0.625,0.333333333333333
"32017",2022,0.757575757575758,0.8
"32019",2022,0.719811320754717,0.647457627118644
"32021",2022,0.719811320754717,0.647457627118644
"32023",2022,0.719811320754717,0.647457627118644
"32027",2022,0.719811320754717,0.647457627118644
"32029",2022,0.719811320754717,0.647457627118644
"32031",2022,0.754756871035941,0.491379310344828
"32033",2022,0.741514360313316,0.444444444444444
"32510",2022,0.701421800947867,0.587301587301587
"32001",2020,0.737444933920705,0.547297297297297
"32003",2020,0.693251533742331,0.515151515151515
"32005",2020,0.737444933920705,0.547297297297297
"32007",2020,0.737444933920705,0.547297297297297
"32009",2020,0.737444933920705,0.547297297297297
"32011",2020,0.737444933920705,0.547297297297297
"32013",2020,0.590361445783133,0.558823529411765
"32015",2020,0.758620689655172,0.571428571428571
"32017",2020,0.709302325581395,0.583333333333333
"32019",2020,0.737444933920705,0.547297297297297
"32021",2020,0.737444933920705,0.547297297297297
"32023",2020,0.737444933920705,0.547297297297297
"32027",2020,0.737444933920705,0.547297297297297
"32029",2020,0.737444933920705,0.547297297297297
"32031",2020,0.784552845528455,0.452830188679245
"32033",2020,0.819306930693069,0.328767123287671
"32510",2020,0.74235807860262,0.53448275862069
"32001",2020,0.737444933920705,0.547297297297297
"32003",2020,0.693251533742331,0.515151515151515
"32005",2020,0.737444933920705,0.547297297297297
"32007",2020,0.737444933920705,0.547297297297297
"32009",2020,0.737444933920705,0.547297297297297
"32011",2020,0.737444933920705,0.547297297297297
"32013",2020,0.590361445783133,0.558823529411765
"32015",2020,0.758620689655172,0.571428571428571
"32017",2020,0.709302325581395,0.583333333333333
"32019",2020,0.737444933920705,0.547297297297297
"32021",2020,0.737444933920705,0.547297297297297
"32023",2020,0.737444933920705,0.547297297297297
"32027",2020,0.737444933920705,0.547297297297297
"32029",2020,0.737444933920705,0.547297297297297
"32031",2020,0.784552845528455,0.452830188679245
"32033",2020,0.819306930693069,0.328767123287671
"32510",2020,0.74235807860262,0.53448275862069
"32001",2018,0.615531508593253,0.541528239202658
"32003",2018,0.590425531914894,0.542483660130719
"32005",2018,0.615531508593253,0.541528239202658
"32007",2018,0.615531508593253,0.541528239202658
"32009",2018,0.615531508593253,0.541528239202658
"32011",2018,0.615531508593253,0.541528239202658
"32013",2018,0.518518518518518,0.673076923076923
"32015",2018,0.647058823529412,0.416666666666667
"32017",2018,0.559055118110236,0.509090909090909
"32019",2018,0.615531508593253,0.541528239202658
"32021",2018,0.615531508593253,0.541528239202658
"32023",2018,0.615531508593253,0.541528239202658
"32027",2018,0.604166666666667,0.789473684210526
"32029",2018,0.615531508593253,0.541528239202658
"32031",2018,0.67688679245283,0.525547445255474
"32033",2018,0.669941060903733,0.505952380952381
"32510",2018,0.675799086757991,0.565217391304348
"33001",2022,0.719811320754717,0.647457627118644
"33003",2022,0.693037974683544,0.484536082474227
"33005",2022,0.719811320754717,0.647457627118644
"33007",2022,0.719811320754717,0.647457627118644
"33009",2022,0.719811320754717,0.647457627118644
"33011",2022,0.719811320754717,0.647457627118644
"33013",2022,0.595505617977528,0.527777777777778
"33015",2022,0.625,0.333333333333333
"33017",2022,0.757575757575758,0.8
"33019",2022,0.719811320754717,0.647457627118644
"33001",2022,0.719811320754717,0.647457627118644
"33003",2022,0.693037974683544,0.484536082474227
"33005",2022,0.719811320754717,0.647457627118644
"33007",2022,0.719811320754717,0.647457627118644
"33009",2022,0.719811320754717,0.647457627118644
"33011",2022,0.719811320754717,0.647457627118644
"33013",2022,0.595505617977528,0.527777777777778
"33015",2022,0.625,0.333333333333333
"33017",2022,0.757575757575758,0.8
"33019",2022,0.719811320754717,0.647457627118644
"33001",2020,0.737444933920705,0.547297297297297
"33003",2020,0.693251533742331,0.515151515151515
"33005",2020,0.737444933920705,0.547297297297297
"33007",2020,0.737444933920705,0.547297297297297
"33009",2020,0.737444933920705,0.547297297297297
"33011",2020,0.737444933920705,0.547297297297297
"33013",2020,0.590361445783133,0.558823529411765
"33015",2020,0.758620689655172,0.571428571428571
"33017",2020,0.709302325581395,0.583333333333333
"33019",2020,0.737444933920705,0.547297297297297
"33001",2020,0.737444933920705,0.547297297297297
"33003",2020,0.693251533742331,0.515151515151515
"33005",2020,0.737444933920705,0.547297297297297
"33007",2020,0.737444933920705,0.547297297297297
"33009",2020,0.737444933920705,0.547297297297297
"33011",2020,0.737444933920705,0.547297297297297
"33013",2020,0.590361445783133,0.558823529411765
"33015",2020,0.758620689655172,0.571428571428571
"33017",2020,0.709302325581395,0.583333333333333
"33019",2020,0.737444933920705,0.547297297297297
"33001",2018,0.615531508593253,0.541528239202658
"33003",2018,0.590425531914894,0.542483660130719
"33005",2018,0.615531508593253,0.541528239202658
"33007",2018,0.615531508593253,0.541528239202658
"33009",2018,0.615531508593253,0.541528239202658
"33011",2018,0.615531508593253,0.541528239202658
"33013",2018,0.518518518518518,0.673076923076923
"33015",2018,0.647058823529412,0.416666666666667
"33017",2018,0.559055118110236,0.509090909090909
"33019",2018,0.615531508593253,0.541528239202658
"34001",2022,0.719811320754717,0.647457627118644
"34003",2022,0.693037974683544,0.484536082474227
"34005",2022,0.719811320754717,0.647457627118644
"34007",2022,0.719811320754717,0.647457627118644
"34009",2022,0.719811320754717,0.647457627118644
"34011",2022,0.719811320754717,0.647457627118644
"34013",2022,0.595505617977528,0.527777777777778
"34015",2022,0.625,0.333333333333333
"34017",2022,0.757575757575758,0.8
"34019",2022,0.719811320754717,0.647457627118644
"34021",2022,0.719811320754717,0.647457627118644
"34023",2022,0.719811320754717,0.647457627118644
"34025",2022,0.661538461538462,0.227272727272727
"34027",2022,0.719811320754717,0.647457627118644
"34029",2022,0.719811320754717,0.647457627118644
"34031",2022,0.754756871035941,0.491379310344828
"34033",2022,0.741514360313316,0.444444444444444
"34035",2022,0.719811320754717,0.647457627118644
"34037",2022,0.719811320754717,0.647457627118644
"34039",2022,0.719811320754717,0.647457627118644
"34041",2022,0.719811320754717,0.647457627118644
"34001",2022,0.719811320754717,0.647457627118644
"34003",2022,0.693037974683544,0.484536082474227
"34005",2022,0.719811320754717,0.647457627118644
"34007",2022,0.719811320754717,0.647457627118644
"34009",2022,0.719811320754717,0.647457627118644
"34011",2022,0.719811320754717,0.647457627118644
"34013",2022,0.595505617977528,0.527777777777778
"34015",2022,0.625,0.333333333333333
"34017",2022,0.757575757575758,0.8
"34019",2022,0.719811320754717,0.647457627118644
"34021",2022,0.719811320754717,0.647457627118644
"34023",2022,0.719811320754717,0.647457627118644
"34025",2022,0.661538461538462,0.227272727272727
"34027",2022,0.719811320754717,0.647457627118644
"34029",2022,0.719811320754717,0.647457627118644
"34031",2022,0.754756871035941,0.491379310344828
"34033",2022,0.741514360313316,0.444444444444444
"34035",2022,0.719811320754717,0.647457627118644
"34037",2022,0.719811320754717,0.647457627118644
"34039",2022,0.719811320754717,0.647457627118644
"34041",2022,0.719811320754717,0.647457627118644
"34001",2020,0.737444933920705,0.547297297297297
"34003",2020,0.693251533742331,0.515151515151515
"34005",2020,0.737444933920705,0.547297297297297
"34007",2020,0.737444933920705,0.547297297297297
"34009",2020,0.737444933920705,0.547297297297297
"34011",2020,0.737444933920705,0.547297297297297
"34013",2020,0.590361445783133,0.558823529411765
"34015",2020,0.758620689655172,0.571428571428571
"34017",2020,0.709302325581395,0.583333333333333
"34019",2020,0.737444933920705,0.547297297297297
"34021",2020,0.737444933920705,0.547297297297297
"34023",2020,0.737444933920705,0.547297297297297
"34025",2020,0.753846153846154,0.357142857142857
"34027",2020,0.737444933920705,0.547297297297297
"34029",2020,0.737444933920705,0.547297297297297
"34031",2020,0.784552845528455,0.452830188679245
"34033",2020,0.819306930693069,0.328767123287671
"34035",2020,0.737444933920705,0.547297297297297
"34037",2020,0.737444933920705,0.547297297297297
"34039",2020,0.737444933920705,0.547297297297297
"34041",2020,0.737444933920705,0.547297297297297
"34001",2020,0.737444933920705,0.547297297297297
"34003",2020,0.693251533742331,0.515151515151515
"34005",2020,0.737444933920705,0.547297297297297
"34007",2020,0.737444933920705,0.547297297297297
"34009",2020,0.737444933920705,0.547297297297297
"34011",2020,0.737444933920705,0.547297297297297
"34013",2020,0.590361445783133,0.558823529411765
"34015",2020,0.758620689655172,0.571428571428571
"34017",2020,0.709302325581395,0.583333333333333
"34019",2020,0.737444933920705,0.547297297297297
"34021",2020,0.737444933920705,0.547297297297297
"34023",2020,0.737444933920705,0.547297297297297
"34025",2020,0.753846153846154,0.357142857142857
"34027",2020,0.737444933920705,0.547297297297297
"34029",2020,0.737444933920705,0.547297297297297
"34031",2020,0.784552845528455,0.452830188679245
"34033",2020,0.819306930693069,0.328767123287671
"34035",2020,0.737444933920705,0.547297297297297
"34037",2020,0.737444933920705,0.547297297297297
"34039",2020,0.737444933920705,0.547297297297297
"34041",2020,0.737444933920705,0.547297297297297
"34001",2018,0.615531508593253,0.541528239202658
"34003",2018,0.590425531914894,0.542483660130719
"34005",2018,0.615531508593253,0.541528239202658
"34007",2018,0.615531508593253,0.541528239202658
"34009",2018,0.615531508593253,0.541528239202658
"34011",2018,0.615531508593253,0.541528239202658
"34013",2018,0.518518518518518,0.673076923076923
"34015",2018,0.647058823529412,0.416666666666667
"34017",2018,0.559055118110236,0.509090909090909
"34019",2018,0.615531508593253,0.541528239202658
"34021",2018,0.615531508593253,0.541528239202658
"34023",2018,0.615531508593253,0.541528239202658
"34025",2018,0.704347826086957,0.5
"34027",2018,0.604166666666667,0.789473684210526
"34029",2018,0.615531508593253,0.541528239202658
"34031",2018,0.67688679245283,0.525547445255474
"34033",2018,0.669941060903733,0.505952380952381
"34035",2018,0.615531508593253,0.541528239202658
"34037",2018,0.615531508593253,0.541528239202658
"34039",2018,0.615531508593253,0.541528239202658
"34041",2018,0.615531508593253,0.541528239202658
"35001",2022,0.719811320754717,0.647457627118644
"35003",2022,0.693037974683544,0.484536082474227
"35005",2022,0.719811320754717,0.647457627118644
"35006",2022,0.719811320754717,0.647457627118644
"35007",2022,0.719811320754717,0.647457627118644
"35009",2022,0.719811320754717,0.647457627118644
"35011",2022,0.719811320754717,0.647457627118644
"35013",2022,0.595505617977528,0.527777777777778
"35015",2022,0.625,0.333333333333333
"35017",2022,0.757575757575758,0.8
"35019",2022,0.719811320754717,0.647457627118644
"35021",2022,0.719811320754717,0.647457627118644
"35023",2022,0.719811320754717,0.647457627118644
"35025",2022,0.661538461538462,0.227272727272727
"35027",2022,0.719811320754717,0.647457627118644
"35028",2022,0.719811320754717,0.647457627118644
"35029",2022,0.719811320754717,0.647457627118644
"35031",2022,0.754756871035941,0.491379310344828
"35033",2022,0.741514360313316,0.444444444444444
"35035",2022,0.719811320754717,0.647457627118644
"35037",2022,0.719811320754717,0.647457627118644
"35039",2022,0.719811320754717,0.647457627118644
"35041",2022,0.719811320754717,0.647457627118644
"35043",2022,0.719811320754717,0.647457627118644
"35045",2022,0.719811320754717,0.647457627118644
"35047",2022,0.719811320754717,0.647457627118644
"35049",2022,0.719811320754717,0.647457627118644
"35051",2022,0.719811320754717,0.647457627118644
"35053",2022,0.719811320754717,0.647457627118644
"35055",2022,0.719811320754717,0.647457627118644
"35057",2022,0.719811320754717,0.647457627118644
"35059",2022,0.719811320754717,0.647457627118644
"35061",2022,0.719811320754717,0.647457627118644
"35001",2022,0.719811320754717,0.647457627118644
"35003",2022,0.693037974683544,0.484536082474227
"35005",2022,0.719811320754717,0.647457627118644
"35006",2022,0.719811320754717,0.647457627118644
"35007",2022,0.719811320754717,0.647457627118644
"35009",2022,0.719811320754717,0.647457627118644
"35011",2022,0.719811320754717,0.647457627118644
"35013",2022,0.595505617977528,0.527777777777778
"35015",2022,0.625,0.333333333333333
"35017",2022,0.757575757575758,0.8
"35019",2022,0.719811320754717,0.647457627118644
"35021",2022,0.719811320754717,0.647457627118644
"35023",2022,0.719811320754717,0.647457627118644
"35025",2022,0.661538461538462,0.227272727272727
"35027",2022,0.719811320754717,0.647457627118644
"35028",2022,0.719811320754717,0.647457627118644
"35029",2022,0.719811320754717,0.647457627118644
"35031",2022,0.754756871035941,0.491379310344828
"35033",2022,0.741514360313316,0.444444444444444
"35035",2022,0.719811320754717,0.647457627118644
"35037",2022,0.719811320754717,0.647457627118644
"35039",2022,0.719811320754717,0.647457627118644
"35041",2022,0.719811320754717,0.647457627118644
"35043",2022,0.719811320754717,0.647457627118644
"35045",2022,0.719811320754717,0.647457627118644
"35047",2022,0.719811320754717,0.647457627118644
"35049",2022,0.719811320754717,0.647457627118644
"35051",2022,0.719811320754717,0.647457627118644
"35053",2022,0.719811320754717,0.647457627118644
"35055",2022,0.719811320754717,0.647457627118644
"35057",2022,0.719811320754717,0.647457627118644
"35059",2022,0.719811320754717,0.647457627118644
"35061",2022,0.719811320754717,0.647457627118644
"35001",2020,0.737444933920705,0.547297297297297
"35003",2020,0.693251533742331,0.515151515151515
"35005",2020,0.737444933920705,0.547297297297297
"35006",2020,0.737444933920705,0.547297297297297
"35007",2020,0.737444933920705,0.547297297297297
"35009",2020,0.737444933920705,0.547297297297297
"35011",2020,0.737444933920705,0.547297297297297
"35013",2020,0.590361445783133,0.558823529411765
"35015",2020,0.758620689655172,0.571428571428571
"35017",2020,0.709302325581395,0.583333333333333
"35019",2020,0.737444933920705,0.547297297297297
"35021",2020,0.737444933920705,0.547297297297297
"35023",2020,0.737444933920705,0.547297297297297
"35025",2020,0.753846153846154,0.357142857142857
"35027",2020,0.737444933920705,0.547297297297297
"35028",2020,0.737444933920705,0.547297297297297
"35029",2020,0.737444933920705,0.547297297297297
"35031",2020,0.784552845528455,0.452830188679245
"35033",2020,0.819306930693069,0.328767123287671
"35035",2020,0.737444933920705,0.547297297297297
"35037",2020,0.737444933920705,0.547297297297297
"35039",2020,0.737444933920705,0.547297297297297
"35041",2020,0.737444933920705,0.547297297297297
"35043",2020,0.737444933920705,0.547297297297297
"35045",2020,0.737444933920705,0.547297297297297
"35047",2020,0.737444933920705,0.547297297297297
"35049",2020,0.737444933920705,0.547297297297297
"35051",2020,0.737444933920705,0.547297297297297
"35053",2020,0.737444933920705,0.547297297297297
"35055",2020,0.737444933920705,0.547297297297297
"35057",2020,0.737444933920705,0.547297297297297
"35059",2020,0.737444933920705,0.547297297297297
"35061",2020,0.737444933920705,0.547297297297297
"35001",2020,0.737444933920705,0.547297297297297
"35003",2020,0.693251533742331,0.515151515151515
"35005",2020,0.737444933920705,0.547297297297297
"35006",2020,0.737444933920705,0.547297297297297
"35007",2020,0.737444933920705,0.547297297297297
"35009",2020,0.737444933920705,0.547297297297297
"35011",2020,0.737444933920705,0.547297297297297
"35013",2020,0.590361445783133,0.558823529411765
"35015",2020,0.758620689655172,0.571428571428571
"35017",2020,0.709302325581395,0.583333333333333
"35019",2020,0.737444933920705,0.547297297297297
"35021",2020,0.737444933920705,0.547297297297297
"35023",2020,0.737444933920705,0.547297297297297
"35025",2020,0.753846153846154,0.357142857142857
"35027",2020,0.737444933920705,0.547297297297297
"35028",2020,0.737444933920705,0.547297297297297
"35029",2020,0.737444933920705,0.547297297297297
"35031",2020,0.784552845528455,0.452830188679245
"35033",2020,0.819306930693069,0.328767123287671
"35035",2020,0.737444933920705,0.547297297297297
"35037",2020,0.737444933920705,0.547297297297297
"35039",2020,0.737444933920705,0.547297297297297
"35041",2020,0.737444933920705,0.547297297297297
"35043",2020,0.737444933920705,0.547297297297297
"35045",2020,0.737444933920705,0.547297297297297
"35047",2020,0.737444933920705,0.547297297297297
"35049",2020,0.737444933920705,0.547297297297297
"35051",2020,0.737444933920705,0.547297297297297
"35053",2020,0.737444933920705,0.547297297297297
"35055",2020,0.737444933920705,0.547297297297297
"35057",2020,0.737444933920705,0.547297297297297
"35059",2020,0.737444933920705,0.547297297297297
"35061",2020,0.737444933920705,0.547297297297297
"35001",2018,0.615531508593253,0.541528239202658
"35003",2018,0.590425531914894,0.542483660130719
"35005",2018,0.615531508593253,0.541528239202658
"35006",2018,0.615531508593253,0.541528239202658
"35007",2018,0.615531508593253,0.541528239202658
"35009",2018,0.615531508593253,0.541528239202658
"35011",2018,0.615531508593253,0.541528239202658
"35013",2018,0.518518518518518,0.673076923076923
"35015",2018,0.647058823529412,0.416666666666667
"35017",2018,0.559055118110236,0.509090909090909
"35019",2018,0.615531508593253,0.541528239202658
"35021",2018,0.615531508593253,0.541528239202658
"35023",2018,0.615531508593253,0.541528239202658
"35025",2018,0.704347826086957,0.5
"35027",2018,0.604166666666667,0.789473684210526
"35028",2018,0.615531508593253,0.541528239202658
"35029",2018,0.615531508593253,0.541528239202658
"35031",2018,0.67688679245283,0.525547445255474
"35033",2018,0.669941060903733,0.505952380952381
"35035",2018,0.615531508593253,0.541528239202658
"35037",2018,0.615531508593253,0.541528239202658
"35039",2018,0.615531508593253,0.541528239202658
"35041",2018,0.615531508593253,0.541528239202658
"35043",2018,0.615531508593253,0.541528239202658
"35045",2018,0.615531508593253,0.541528239202658
"35047",2018,0.615531508593253,0.541528239202658
"35049",2018,0.615531508593253,0.541528239202658
"35051",2018,0.615531508593253,0.541528239202658
"35053",2018,0.615531508593253,0.541528239202658
"35055",2018,0.615531508593253,0.541528239202658
"35057",2018,0.615531508593253,0.541528239202658
"35059",2018,0.615531508593253,0.541528239202658
"35061",2018,0.615531508593253,0.541528239202658
"36001",2022,0.719811320754717,0.647457627118644
"36003",2022,0.693037974683544,0.484536082474227
"36005",2022,0.719811320754717,0.647457627118644
"36007",2022,0.719811320754717,0.647457627118644
"36009",2022,0.719811320754717,0.647457627118644
"36011",2022,0.719811320754717,0.647457627118644
"36013",2022,0.595505617977528,0.527777777777778
"36015",2022,0.625,0.333333333333333
"36017",2022,0.757575757575758,0.8
"36019",2022,0.719811320754717,0.647457627118644
"36021",2022,0.719811320754717,0.647457627118644
"36023",2022,0.719811320754717,0.647457627118644
"36025",2022,0.661538461538462,0.227272727272727
"36027",2022,0.719811320754717,0.647457627118644
"36029",2022,0.719811320754717,0.647457627118644
"36031",2022,0.754756871035941,0.491379310344828
"36033",2022,0.741514360313316,0.444444444444444
"36035",2022,0.719811320754717,0.647457627118644
"36037",2022,0.719811320754717,0.647457627118644
"36039",2022,0.719811320754717,0.647457627118644
"36041",2022,0.719811320754717,0.647457627118644
"36043",2022,0.719811320754717,0.647457627118644
"36045",2022,0.719811320754717,0.647457627118644
"36047",2022,0.719811320754717,0.647457627118644
"36049",2022,0.719811320754717,0.647457627118644
"36051",2022,0.719811320754717,0.647457627118644
"36053",2022,0.719811320754717,0.647457627118644
"36055",2022,0.719811320754717,0.647457627118644
"36057",2022,0.719811320754717,0.647457627118644
"36059",2022,0.719811320754717,0.647457627118644
"36061",2022,0.719811320754717,0.647457627118644
"36063",2022,0.719811320754717,0.647457627118644
"36065",2022,0.719811320754717,0.647457627118644
"36067",2022,0.719811320754717,0.647457627118644
"36069",2022,0.719811320754717,0.647457627118644
"36071",2022,0.719811320754717,0.647457627118644
"36073",2022,0.719811320754717,0.647457627118644
"36075",2022,0.719811320754717,0.647457627118644
"36077",2022,0.719811320754717,0.647457627118644
"36079",2022,0.719811320754717,0.647457627118644
"36081",2022,0.719811320754717,0.647457627118644
"36083",2022,0.719811320754717,0.647457627118644
"36085",2022,0.719811320754717,0.647457627118644
"36087",2022,0.719811320754717,0.647457627118644
"36089",2022,0.719811320754717,0.647457627118644
"36091",2022,0.719811320754717,0.647457627118644
"36093",2022,0.719811320754717,0.647457627118644
"36095",2022,0.719811320754717,0.647457627118644
"36097",2022,0.719811320754717,0.647457627118644
"36099",2022,0.719811320754717,0.647457627118644
"36101",2022,0.719811320754717,0.647457627118644
"36103",2022,0.719811320754717,0.647457627118644
"36105",2022,0.719811320754717,0.647457627118644
"36107",2022,0.719811320754717,0.647457627118644
"36109",2022,0.719811320754717,0.647457627118644
"36111",2022,0.719811320754717,0.647457627118644
"36113",2022,0.719811320754717,0.647457627118644
"36115",2022,0.719811320754717,0.647457627118644
"36117",2022,0.719811320754717,0.647457627118644
"36119",2022,0.719811320754717,0.647457627118644
"36121",2022,0.719811320754717,0.647457627118644
"36123",2022,0.719811320754717,0.647457627118644
"36001",2022,0.719811320754717,0.647457627118644
"36003",2022,0.693037974683544,0.484536082474227
"36005",2022,0.719811320754717,0.647457627118644
"36007",2022,0.719811320754717,0.647457627118644
"36009",2022,0.719811320754717,0.647457627118644
"36011",2022,0.719811320754717,0.647457627118644
"36013",2022,0.595505617977528,0.527777777777778
"36015",2022,0.625,0.333333333333333
"36017",2022,0.757575757575758,0.8
"36019",2022,0.719811320754717,0.647457627118644
"36021",2022,0.719811320754717,0.647457627118644
"36023",2022,0.719811320754717,0.647457627118644
"36025",2022,0.661538461538462,0.227272727272727
"36027",2022,0.719811320754717,0.647457627118644
"36029",2022,0.719811320754717,0.647457627118644
"36031",2022,0.754756871035941,0.491379310344828
"36033",2022,0.741514360313316,0.444444444444444
"36035",2022,0.719811320754717,0.647457627118644
"36037",2022,0.719811320754717,0.647457627118644
"36039",2022,0.719811320754717,0.647457627118644
"36041",2022,0.719811320754717,0.647457627118644
"36043",2022,0.719811320754717,0.647457627118644
"36045",2022,0.719811320754717,0.647457627118644
"36047",2022,0.719811320754717,0.647457627118644
"36049",2022,0.719811320754717,0.647457627118644
"36051",2022,0.719811320754717,0.647457627118644
"36053",2022,0.719811320754717,0.647457627118644
"36055",2022,0.719811320754717,0.647457627118644
"36057",2022,0.719811320754717,0.647457627118644
"36059",2022,0.719811320754717,0.647457627118644
"36061",2022,0.719811320754717,0.647457627118644
"36063",2022,0.719811320754717,0.647457627118644
"36065",2022,0.719811320754717,0.647457627118644
"36067",2022,0.719811320754717,0.647457627118644
"36069",2022,0.719811320754717,0.647457627118644
"36071",2022,0.719811320754717,0.647457627118644
"36073",2022,0.719811320754717,0.647457627118644
"36075",2022,0.719811320754717,0.647457627118644
"36077",2022,0.719811320754717,0.647457627118644
"36079",2022,0.719811320754717,0.647457627118644
"36081",2022,0.719811320754717,0.647457627118644
"36083",2022,0.719811320754717,0.647457627118644
"36085",2022,0.719811320754717,0.647457627118644
"36087",2022,0.719811320754717,0.647457627118644
"36089",2022,0.719811320754717,0.647457627118644
"36091",2022,0.719811320754717,0.647457627118644
"36093",2022,0.719811320754717,0.647457627118644
"36095",2022,0.719811320754717,0.647457627118644
"36097",2022,0.719811320754717,0.647457627118644
"36099",2022,0.719811320754717,0.647457627118644
"36101",2022,0.719811320754717,0.647457627118644
"36103",2022,0.719811320754717,0.647457627118644
"36105",2022,0.719811320754717,0.647457627118644
"36107",2022,0.719811320754717,0.647457627118644
"36109",2022,0.719811320754717,0.647457627118644
"36111",2022,0.719811320754717,0.647457627118644
"36113",2022,0.719811320754717,0.647457627118644
"36115",2022,0.719811320754717,0.647457627118644
"36117",2022,0.719811320754717,0.647457627118644
"36119",2022,0.719811320754717,0.647457627118644
"36121",2022,0.719811320754717,0.647457627118644
"36123",2022,0.719811320754717,0.647457627118644
"36001",2020,0.737444933920705,0.547297297297297
"36003",2020,0.693251533742331,0.515151515151515
"36005",2020,0.737444933920705,0.547297297297297
"36007",2020,0.737444933920705,0.547297297297297
"36009",2020,0.737444933920705,0.547297297297297
"36011",2020,0.737444933920705,0.547297297297297
"36013",2020,0.590361445783133,0.558823529411765
"36015",2020,0.758620689655172,0.571428571428571
"36017",2020,0.709302325581395,0.583333333333333
"36019",2020,0.737444933920705,0.547297297297297
"36021",2020,0.737444933920705,0.547297297297297
"36023",2020,0.737444933920705,0.547297297297297
"36025",2020,0.753846153846154,0.357142857142857
"36027",2020,0.737444933920705,0.547297297297297
"36029",2020,0.737444933920705,0.547297297297297
"36031",2020,0.784552845528455,0.452830188679245
"36033",2020,0.819306930693069,0.328767123287671
"36035",2020,0.737444933920705,0.547297297297297
"36037",2020,0.737444933920705,0.547297297297297
"36039",2020,0.737444933920705,0.547297297297297
"36041",2020,0.737444933920705,0.547297297297297
"36043",2020,0.737444933920705,0.547297297297297
"36045",2020,0.737444933920705,0.547297297297297
"36047",2020,0.737444933920705,0.547297297297297
"36049",2020,0.737444933920705,0.547297297297297
"36051",2020,0.737444933920705,0.547297297297297
"36053",2020,0.737444933920705,0.547297297297297
"36055",2020,0.737444933920705,0.547297297297297
"36057",2020,0.737444933920705,0.547297297297297
"36059",2020,0.737444933920705,0.547297297297297
"36061",2020,0.737444933920705,0.547297297297297
"36063",2020,0.737444933920705,0.547297297297297
"36065",2020,0.737444933920705,0.547297297297297
"36067",2020,0.737444933920705,0.547297297297297
"36069",2020,0.737444933920705,0.547297297297297
"36071",2020,0.737444933920705,0.547297297297297
"36073",2020,0.737444933920705,0.547297297297297
"36075",2020,0.737444933920705,0.547297297297297
"36077",2020,0.737444933920705,0.547297297297297
"36079",2020,0.737444933920705,0.547297297297297
"36081",2020,0.737444933920705,0.547297297297297
"36083",2020,0.737444933920705,0.547297297297297
"36085",2020,0.737444933920705,0.547297297297297
"36087",2020,0.737444933920705,0.547297297297297
"36089",2020,0.737444933920705,0.547297297297297
"36091",2020,0.737444933920705,0.547297297297297
"36093",2020,0.737444933920705,0.547297297297297
"36095",2020,0.737444933920705,0.547297297297297
"36097",2020,0.737444933920705,0.547297297297297
"36099",2020,0.737444933920705,0.547297297297297
"36101",2020,0.737444933920705,0.547297297297297
"36103",2020,0.737444933920705,0.547297297297297
"36105",2020,0.737444933920705,0.547297297297297
"36107",2020,0.737444933920705,0.547297297297297
"36109",2020,0.737444933920705,0.547297297297297
"36111",2020,0.737444933920705,0.547297297297297
"36113",2020,0.737444933920705,0.547297297297297
"36115",2020,0.737444933920705,0.547297297297297
"36117",2020,0.737444933920705,0.547297297297297
"36119",2020,0.737444933920705,0.547297297297297
"36121",2020,0.737444933920705,0.547297297297297
"36123",2020,0.737444933920705,0.547297297297297
"36001",2020,0.737444933920705,0.547297297297297
"36003",2020,0.693251533742331,0.515151515151515
"36005",2020,0.737444933920705,0.547297297297297
"36007",2020,0.737444933920705,0.547297297297297
"36009",2020,0.737444933920705,0.547297297297297
"36011",2020,0.737444933920705,0.547297297297297
"36013",2020,0.590361445783133,0.558823529411765
"36015",2020,0.758620689655172,0.571428571428571
"36017",2020,0.709302325581395,0.583333333333333
"36019",2020,0.737444933920705,0.547297297297297
"36021",2020,0.737444933920705,0.547297297297297
"36023",2020,0.737444933920705,0.547297297297297
"36025",2020,0.753846153846154,0.357142857142857
"36027",2020,0.737444933920705,0.547297297297297
"36029",2020,0.737444933920705,0.547297297297297
"36031",2020,0.784552845528455,0.452830188679245
"36033",2020,0.819306930693069,0.328767123287671
"36035",2020,0.737444933920705,0.547297297297297
"36037",2020,0.737444933920705,0.547297297297297
"36039",2020,0.737444933920705,0.547297297297297
"36041",2020,0.737444933920705,0.547297297297297
"36043",2020,0.737444933920705,0.547297297297297
"36045",2020,0.737444933920705,0.547297297297297
"36047",2020,0.737444933920705,0.547297297297297
"36049",2020,0.737444933920705,0.547297297297297
"36051",2020,0.737444933920705,0.547297297297297
"36053",2020,0.737444933920705,0.547297297297297
"36055",2020,0.737444933920705,0.547297297297297
"36057",2020,0.737444933920705,0.547297297297297
"36059",2020,0.737444933920705,0.547297297297297
"36061",2020,0.737444933920705,0.547297297297297
"36063",2020,0.737444933920705,0.547297297297297
"36065",2020,0.737444933920705,0.547297297297297
"36067",2020,0.737444933920705,0.547297297297297
"36069",2020,0.737444933920705,0.547297297297297
"36071",2020,0.737444933920705,0.547297297297297
"36073",2020,0.737444933920705,0.547297297297297
"36075",2020,0.737444933920705,0.547297297297297
"36077",2020,0.737444933920705,0.547297297297297
"36079",2020,0.737444933920705,0.547297297297297
"36081",2020,0.737444933920705,0.547297297297297
"36083",2020,0.737444933920705,0.547297297297297
"36085",2020,0.737444933920705,0.547297297297297
"36087",2020,0.737444933920705,0.547297297297297
"36089",2020,0.737444933920705,0.547297297297297
"36091",2020,0.737444933920705,0.547297297297297
"36093",2020,0.737444933920705,0.547297297297297
"36095",2020,0.737444933920705,0.547297297297297
"36097",2020,0.737444933920705,0.547297297297297
"36099",2020,0.737444933920705,0.547297297297297
"36101",2020,0.737444933920705,0.547297297297297
"36103",2020,0.737444933920705,0.547297297297297
"36105",2020,0.737444933920705,0.547297297297297
"36107",2020,0.737444933920705,0.547297297297297
"36109",2020,0.737444933920705,0.547297297297297
"36111",2020,0.737444933920705,0.547297297297297
"36113",2020,0.737444933920705,0.547297297297297
"36115",2020,0.737444933920705,0.547297297297297
"36117",2020,0.737444933920705,0.547297297297297
"36119",2020,0.737444933920705,0.547297297297297
"36121",2020,0.737444933920705,0.547297297297297
"36123",2020,0.737444933920705,0.547297297297297
"36001",2018,0.615531508593253,0.541528239202658
"36003",2018,0.590425531914894,0.542483660130719
"36005",2018,0.615531508593253,0.541528239202658
"36007",2018,0.615531508593253,0.541528239202658
"36009",2018,0.615531508593253,0.541528239202658
"36011",2018,0.615531508593253,0.541528239202658
"36013",2018,0.518518518518518,0.673076923076923
"36015",2018,0.647058823529412,0.416666666666667
"36017",2018,0.559055118110236,0.509090909090909
"36019",2018,0.615531508593253,0.541528239202658
"36021",2018,0.615531508593253,0.541528239202658
"36023",2018,0.615531508593253,0.541528239202658
"36025",2018,0.704347826086957,0.5
"36027",2018,0.604166666666667,0.789473684210526
"36029",2018,0.615531508593253,0.541528239202658
"36031",2018,0.67688679245283,0.525547445255474
"36033",2018,0.669941060903733,0.505952380952381
"36035",2018,0.615531508593253,0.541528239202658
"36037",2018,0.615531508593253,0.541528239202658
"36039",2018,0.615531508593253,0.541528239202658
"36041",2018,0.615531508593253,0.541528239202658
"36043",2018,0.615531508593253,0.541528239202658
"36045",2018,0.615531508593253,0.541528239202658
"36047",2018,0.615531508593253,0.541528239202658
"36049",2018,0.615531508593253,0.541528239202658
"36051",2018,0.615531508593253,0.541528239202658
"36053",2018,0.615531508593253,0.541528239202658
"36055",2018,0.615531508593253,0.541528239202658
"36057",2018,0.615531508593253,0.541528239202658
"36059",2018,0.615531508593253,0.541528239202658
"36061",2018,0.615531508593253,0.541528239202658
"36063",2018,0.615531508593253,0.541528239202658
"36065",2018,0.615531508593253,0.541528239202658
"36067",2018,0.615531508593253,0.541528239202658
"36069",2018,0.615531508593253,0.541528239202658
"36071",2018,0.615531508593253,0.541528239202658
"36073",2018,0.615531508593253,0.541528239202658
"36075",2018,0.615531508593253,0.541528239202658
"36077",2018,0.615531508593253,0.541528239202658
"36079",2018,0.615531508593253,0.541528239202658
"36081",2018,0.615531508593253,0.541528239202658
"36083",2018,0.615531508593253,0.541528239202658
"36085",2018,0.615531508593253,0.541528239202658
"36087",2018,0.615531508593253,0.541528239202658
"36089",2018,0.615531508593253,0.541528239202658
"36091",2018,0.615531508593253,0.541528239202658
"36093",2018,0.615531508593253,0.541528239202658
"36095",2018,0.615531508593253,0.541528239202658
"36097",2018,0.615531508593253,0.541528239202658
"36099",2018,0.615531508593253,0.541528239202658
"36101",2018,0.615531508593253,0.541528239202658
"36103",2018,0.615531508593253,0.541528239202658
"36105",2018,0.615531508593253,0.541528239202658
"36107",2018,0.615531508593253,0.541528239202658
"36109",2018,0.615531508593253,0.541528239202658
"36111",2018,0.615531508593253,0.541528239202658
"36113",2018,0.615531508593253,0.541528239202658
"36115",2018,0.615531508593253,0.541528239202658
"36117",2018,0.615531508593253,0.541528239202658
"36119",2018,0.615531508593253,0.541528239202658
"36121",2018,0.615531508593253,0.541528239202658
"36123",2018,0.615531508593253,0.541528239202658
"37001",2022,0.719811320754717,0.647457627118644
"37003",2022,0.693037974683544,0.484536082474227
"37005",2022,0.719811320754717,0.647457627118644
"37007",2022,0.719811320754717,0.647457627118644
"37009",2022,0.719811320754717,0.647457627118644
"37011",2022,0.719811320754717,0.647457627118644
"37013",2022,0.595505617977528,0.527777777777778
"37015",2022,0.625,0.333333333333333
"37017",2022,0.757575757575758,0.8
"37019",2022,0.719811320754717,0.647457627118644
"37021",2022,0.719811320754717,0.647457627118644
"37023",2022,0.719811320754717,0.647457627118644
"37025",2022,0.661538461538462,0.227272727272727
"37027",2022,0.719811320754717,0.647457627118644
"37029",2022,0.719811320754717,0.647457627118644
"37031",2022,0.754756871035941,0.491379310344828
"37033",2022,0.741514360313316,0.444444444444444
"37035",2022,0.719811320754717,0.647457627118644
"37037",2022,0.719811320754717,0.647457627118644
"37039",2022,0.719811320754717,0.647457627118644
"37041",2022,0.719811320754717,0.647457627118644
"37043",2022,0.719811320754717,0.647457627118644
"37045",2022,0.719811320754717,0.647457627118644
"37047",2022,0.719811320754717,0.647457627118644
"37049",2022,0.719811320754717,0.647457627118644
"37051",2022,0.719811320754717,0.647457627118644
"37053",2022,0.719811320754717,0.647457627118644
"37055",2022,0.719811320754717,0.647457627118644
"37057",2022,0.719811320754717,0.647457627118644
"37059",2022,0.719811320754717,0.647457627118644
"37061",2022,0.719811320754717,0.647457627118644
"37063",2022,0.719811320754717,0.647457627118644
"37065",2022,0.719811320754717,0.647457627118644
"37067",2022,0.719811320754717,0.647457627118644
"37069",2022,0.719811320754717,0.647457627118644
"37071",2022,0.719811320754717,0.647457627118644
"37073",2022,0.719811320754717,0.647457627118644
"37075",2022,0.719811320754717,0.647457627118644
"37077",2022,0.719811320754717,0.647457627118644
"37079",2022,0.719811320754717,0.647457627118644
"37081",2022,0.719811320754717,0.647457627118644
"37083",2022,0.719811320754717,0.647457627118644
"37085",2022,0.719811320754717,0.647457627118644
"37087",2022,0.719811320754717,0.647457627118644
"37089",2022,0.719811320754717,0.647457627118644
"37091",2022,0.719811320754717,0.647457627118644
"37093",2022,0.719811320754717,0.647457627118644
"37095",2022,0.719811320754717,0.647457627118644
"37097",2022,0.719811320754717,0.647457627118644
"37099",2022,0.719811320754717,0.647457627118644
"37101",2022,0.719811320754717,0.647457627118644
"37103",2022,0.719811320754717,0.647457627118644
"37105",2022,0.719811320754717,0.647457627118644
"37107",2022,0.719811320754717,0.647457627118644
"37109",2022,0.719811320754717,0.647457627118644
"37111",2022,0.719811320754717,0.647457627118644
"37113",2022,0.719811320754717,0.647457627118644
"37115",2022,0.719811320754717,0.647457627118644
"37117",2022,0.719811320754717,0.647457627118644
"37119",2022,0.719811320754717,0.647457627118644
"37121",2022,0.719811320754717,0.647457627118644
"37123",2022,0.719811320754717,0.647457627118644
"37125",2022,0.719811320754717,0.647457627118644
"37127",2022,0.719811320754717,0.647457627118644
"37129",2022,0.719811320754717,0.647457627118644
"37131",2022,0.719811320754717,0.647457627118644
"37133",2022,0.719811320754717,0.647457627118644
"37135",2022,0.719811320754717,0.647457627118644
"37137",2022,0.719811320754717,0.647457627118644
"37139",2022,0.719811320754717,0.647457627118644
"37141",2022,0.719811320754717,0.647457627118644
"37143",2022,0.719811320754717,0.647457627118644
"37145",2022,0.719811320754717,0.647457627118644
"37147",2022,0.719811320754717,0.647457627118644
"37149",2022,0.719811320754717,0.647457627118644
"37151",2022,0.719811320754717,0.647457627118644
"37153",2022,0.719811320754717,0.647457627118644
"37155",2022,0.719811320754717,0.647457627118644
"37157",2022,0.719811320754717,0.647457627118644
"37159",2022,0.719811320754717,0.647457627118644
"37161",2022,0.719811320754717,0.647457627118644
"37163",2022,0.719811320754717,0.647457627118644
"37165",2022,0.719811320754717,0.647457627118644
"37167",2022,0.719811320754717,0.647457627118644
"37169",2022,0.719811320754717,0.647457627118644
"37171",2022,0.719811320754717,0.647457627118644
"37173",2022,0.719811320754717,0.647457627118644
"37175",2022,0.719811320754717,0.647457627118644
"37177",2022,0.719811320754717,0.647457627118644
"37179",2022,0.719811320754717,0.647457627118644
"37181",2022,0.719811320754717,0.647457627118644
"37183",2022,0.719811320754717,0.647457627118644
"37185",2022,0.719811320754717,0.647457627118644
"37187",2022,0.719811320754717,0.647457627118644
"37189",2022,0.719811320754717,0.647457627118644
"37191",2022,0.719811320754717,0.647457627118644
"37193",2022,0.719811320754717,0.647457627118644
"37195",2022,0.719811320754717,0.647457627118644
"37197",2022,0.719811320754717,0.647457627118644
"37199",2022,0.719811320754717,0.647457627118644
"37001",2022,0.719811320754717,0.647457627118644
"37003",2022,0.693037974683544,0.484536082474227
"37005",2022,0.719811320754717,0.647457627118644
"37007",2022,0.719811320754717,0.647457627118644
"37009",2022,0.719811320754717,0.647457627118644
"37011",2022,0.719811320754717,0.647457627118644
"37013",2022,0.595505617977528,0.527777777777778
"37015",2022,0.625,0.333333333333333
"37017",2022,0.757575757575758,0.8
"37019",2022,0.719811320754717,0.647457627118644
"37021",2022,0.719811320754717,0.647457627118644
"37023",2022,0.719811320754717,0.647457627118644
"37025",2022,0.661538461538462,0.227272727272727
"37027",2022,0.719811320754717,0.647457627118644
"37029",2022,0.719811320754717,0.647457627118644
"37031",2022,0.754756871035941,0.491379310344828
"37033",2022,0.741514360313316,0.444444444444444
"37035",2022,0.719811320754717,0.647457627118644
"37037",2022,0.719811320754717,0.647457627118644
"37039",2022,0.719811320754717,0.647457627118644
"37041",2022,0.719811320754717,0.647457627118644
"37043",2022,0.719811320754717,0.647457627118644
"37045",2022,0.719811320754717,0.647457627118644
"37047",2022,0.719811320754717,0.647457627118644
"37049",2022,0.719811320754717,0.647457627118644
"37051",2022,0.719811320754717,0.647457627118644
"37053",2022,0.719811320754717,0.647457627118644
"37055",2022,0.719811320754717,0.647457627118644
"37057",2022,0.719811320754717,0.647457627118644
"37059",2022,0.719811320754717,0.647457627118644
"37061",2022,0.719811320754717,0.647457627118644
"37063",2022,0.719811320754717,0.647457627118644
"37065",2022,0.719811320754717,0.647457627118644
"37067",2022,0.719811320754717,0.647457627118644
"37069",2022,0.719811320754717,0.647457627118644
"37071",2022,0.719811320754717,0.647457627118644
"37073",2022,0.719811320754717,0.647457627118644
"37075",2022,0.719811320754717,0.647457627118644
"37077",2022,0.719811320754717,0.647457627118644
"37079",2022,0.719811320754717,0.647457627118644
"37081",2022,0.719811320754717,0.647457627118644
"37083",2022,0.719811320754717,0.647457627118644
"37085",2022,0.719811320754717,0.647457627118644
"37087",2022,0.719811320754717,0.647457627118644
"37089",2022,0.719811320754717,0.647457627118644
"37091",2022,0.719811320754717,0.647457627118644
"37093",2022,0.719811320754717,0.647457627118644
"37095",2022,0.719811320754717,0.647457627118644
"37097",2022,0.719811320754717,0.647457627118644
"37099",2022,0.719811320754717,0.647457627118644
"37101",2022,0.719811320754717,0.647457627118644
"37103",2022,0.719811320754717,0.647457627118644
"37105",2022,0.719811320754717,0.647457627118644
"37107",2022,0.719811320754717,0.647457627118644
"37109",2022,0.719811320754717,0.647457627118644
"37111",2022,0.719811320754717,0.647457627118644
"37113",2022,0.719811320754717,0.647457627118644
"37115",2022,0.719811320754717,0.647457627118644
"37117",2022,0.719811320754717,0.647457627118644
"37119",2022,0.719811320754717,0.647457627118644
"37121",2022,0.719811320754717,0.647457627118644
"37123",2022,0.719811320754717,0.647457627118644
"37125",2022,0.719811320754717,0.647457627118644
"37127",2022,0.719811320754717,0.647457627118644
"37129",2022,0.719811320754717,0.647457627118644
"37131",2022,0.719811320754717,0.647457627118644
"37133",2022,0.719811320754717,0.647457627118644
"37135",2022,0.719811320754717,0.647457627118644
"37137",2022,0.719811320754717,0.647457627118644
"37139",2022,0.719811320754717,0.647457627118644
"37141",2022,0.719811320754717,0.647457627118644
"37143",2022,0.719811320754717,0.647457627118644
"37145",2022,0.719811320754717,0.647457627118644
"37147",2022,0.719811320754717,0.647457627118644
"37149",2022,0.719811320754717,0.647457627118644
"37151",2022,0.719811320754717,0.647457627118644
"37153",2022,0.719811320754717,0.647457627118644
"37155",2022,0.719811320754717,0.647457627118644
"37157",2022,0.719811320754717,0.647457627118644
"37159",2022,0.719811320754717,0.647457627118644
"37161",2022,0.719811320754717,0.647457627118644
"37163",2022,0.719811320754717,0.647457627118644
"37165",2022,0.719811320754717,0.647457627118644
"37167",2022,0.719811320754717,0.647457627118644
"37169",2022,0.719811320754717,0.647457627118644
"37171",2022,0.719811320754717,0.647457627118644
"37173",2022,0.719811320754717,0.647457627118644
"37175",2022,0.719811320754717,0.647457627118644
"37177",2022,0.719811320754717,0.647457627118644
"37179",2022,0.719811320754717,0.647457627118644
"37181",2022,0.719811320754717,0.647457627118644
"37183",2022,0.719811320754717,0.647457627118644
"37185",2022,0.719811320754717,0.647457627118644
"37187",2022,0.719811320754717,0.647457627118644
"37189",2022,0.719811320754717,0.647457627118644
"37191",2022,0.719811320754717,0.647457627118644
"37193",2022,0.719811320754717,0.647457627118644
"37195",2022,0.719811320754717,0.647457627118644
"37197",2022,0.719811320754717,0.647457627118644
"37199",2022,0.719811320754717,0.647457627118644
"37001",2020,0.737444933920705,0.547297297297297
"37003",2020,0.693251533742331,0.515151515151515
"37005",2020,0.737444933920705,0.547297297297297
"37007",2020,0.737444933920705,0.547297297297297
"37009",2020,0.737444933920705,0.547297297297297
"37011",2020,0.737444933920705,0.547297297297297
"37013",2020,0.590361445783133,0.558823529411765
"37015",2020,0.758620689655172,0.571428571428571
"37017",2020,0.709302325581395,0.583333333333333
"37019",2020,0.737444933920705,0.547297297297297
"37021",2020,0.737444933920705,0.547297297297297
"37023",2020,0.737444933920705,0.547297297297297
"37025",2020,0.753846153846154,0.357142857142857
"37027",2020,0.737444933920705,0.547297297297297
"37029",2020,0.737444933920705,0.547297297297297
"37031",2020,0.784552845528455,0.452830188679245
"37033",2020,0.819306930693069,0.328767123287671
"37035",2020,0.737444933920705,0.547297297297297
"37037",2020,0.737444933920705,0.547297297297297
"37039",2020,0.737444933920705,0.547297297297297
"37041",2020,0.737444933920705,0.547297297297297
"37043",2020,0.737444933920705,0.547297297297297
"37045",2020,0.737444933920705,0.547297297297297
"37047",2020,0.737444933920705,0.547297297297297
"37049",2020,0.737444933920705,0.547297297297297
"37051",2020,0.737444933920705,0.547297297297297
"37053",2020,0.737444933920705,0.547297297297297
"37055",2020,0.737444933920705,0.547297297297297
"37057",2020,0.737444933920705,0.547297297297297
"37059",2020,0.737444933920705,0.547297297297297
"37061",2020,0.737444933920705,0.547297297297297
"37063",2020,0.737444933920705,0.547297297297297
"37065",2020,0.737444933920705,0.547297297297297
"37067",2020,0.737444933920705,0.547297297297297
"37069",2020,0.737444933920705,0.547297297297297
"37071",2020,0.737444933920705,0.547297297297297
"37073",2020,0.737444933920705,0.547297297297297
"37075",2020,0.737444933920705,0.547297297297297
"37077",2020,0.737444933920705,0.547297297297297
"37079",2020,0.737444933920705,0.547297297297297
"37081",2020,0.737444933920705,0.547297297297297
"37083",2020,0.737444933920705,0.547297297297297
"37085",2020,0.737444933920705,0.547297297297297
"37087",2020,0.737444933920705,0.547297297297297
"37089",2020,0.737444933920705,0.547297297297297
"37091",2020,0.737444933920705,0.547297297297297
"37093",2020,0.737444933920705,0.547297297297297
"37095",2020,0.737444933920705,0.547297297297297
"37097",2020,0.737444933920705,0.547297297297297
"37099",2020,0.737444933920705,0.547297297297297
"37101",2020,0.737444933920705,0.547297297297297
"37103",2020,0.737444933920705,0.547297297297297
"37105",2020,0.737444933920705,0.547297297297297
"37107",2020,0.737444933920705,0.547297297297297
"37109",2020,0.737444933920705,0.547297297297297
"37111",2020,0.737444933920705,0.547297297297297
"37113",2020,0.737444933920705,0.547297297297297
"37115",2020,0.737444933920705,0.547297297297297
"37117",2020,0.737444933920705,0.547297297297297
"37119",2020,0.737444933920705,0.547297297297297
"37121",2020,0.737444933920705,0.547297297297297
"37123",2020,0.737444933920705,0.547297297297297
"37125",2020,0.737444933920705,0.547297297297297
"37127",2020,0.737444933920705,0.547297297297297
"37129",2020,0.737444933920705,0.547297297297297
"37131",2020,0.737444933920705,0.547297297297297
"37133",2020,0.737444933920705,0.547297297297297
"37135",2020,0.737444933920705,0.547297297297297
"37137",2020,0.737444933920705,0.547297297297297
"37139",2020,0.737444933920705,0.547297297297297
"37141",2020,0.737444933920705,0.547297297297297
"37143",2020,0.737444933920705,0.547297297297297
"37145",2020,0.737444933920705,0.547297297297297
"37147",2020,0.737444933920705,0.547297297297297
"37149",2020,0.737444933920705,0.547297297297297
"37151",2020,0.737444933920705,0.547297297297297
"37153",2020,0.737444933920705,0.547297297297297
"37155",2020,0.737444933920705,0.547297297297297
"37157",2020,0.737444933920705,0.547297297297297
"37159",2020,0.737444933920705,0.547297297297297
"37161",2020,0.737444933920705,0.547297297297297
"37163",2020,0.737444933920705,0.547297297297297
"37165",2020,0.737444933920705,0.547297297297297
"37167",2020,0.737444933920705,0.547297297297297
"37169",2020,0.737444933920705,0.547297297297297
"37171",2020,0.737444933920705,0.547297297297297
"37173",2020,0.737444933920705,0.547297297297297
"37175",2020,0.737444933920705,0.547297297297297
"37177",2020,0.737444933920705,0.547297297297297
"37179",2020,0.737444933920705,0.547297297297297
"37181",2020,0.737444933920705,0.547297297297297
"37183",2020,0.737444933920705,0.547297297297297
"37185",2020,0.737444933920705,0.547297297297297
"37187",2020,0.737444933920705,0.547297297297297
"37189",2020,0.737444933920705,0.547297297297297
"37191",2020,0.737444933920705,0.547297297297297
"37193",2020,0.737444933920705,0.547297297297297
"37195",2020,0.737444933920705,0.547297297297297
"37197",2020,0.737444933920705,0.547297297297297
"37199",2020,0.737444933920705,0.547297297297297
"37001",2020,0.737444933920705,0.547297297297297
"37003",2020,0.693251533742331,0.515151515151515
"37005",2020,0.737444933920705,0.547297297297297
"37007",2020,0.737444933920705,0.547297297297297
"37009",2020,0.737444933920705,0.547297297297297
"37011",2020,0.737444933920705,0.547297297297297
"37013",2020,0.590361445783133,0.558823529411765
"37015",2020,0.758620689655172,0.571428571428571
"37017",2020,0.709302325581395,0.583333333333333
"37019",2020,0.737444933920705,0.547297297297297
"37021",2020,0.737444933920705,0.547297297297297
"37023",2020,0.737444933920705,0.547297297297297
"37025",2020,0.753846153846154,0.357142857142857
"37027",2020,0.737444933920705,0.547297297297297
"37029",2020,0.737444933920705,0.547297297297297
"37031",2020,0.784552845528455,0.452830188679245
"37033",2020,0.819306930693069,0.328767123287671
"37035",2020,0.737444933920705,0.547297297297297
"37037",2020,0.737444933920705,0.547297297297297
"37039",2020,0.737444933920705,0.547297297297297
"37041",2020,0.737444933920705,0.547297297297297
"37043",2020,0.737444933920705,0.547297297297297
"37045",2020,0.737444933920705,0.547297297297297
"37047",2020,0.737444933920705,0.547297297297297
"37049",2020,0.737444933920705,0.547297297297297
"37051",2020,0.737444933920705,0.547297297297297
"37053",2020,0.737444933920705,0.547297297297297
"37055",2020,0.737444933920705,0.547297297297297
"37057",2020,0.737444933920705,0.547297297297297
"37059",2020,0.737444933920705,0.547297297297297
"37061",2020,0.737444933920705,0.547297297297297
"37063",2020,0.737444933920705,0.547297297297297
"37065",2020,0.737444933920705,0.547297297297297
"37067",2020,0.737444933920705,0.547297297297297
"37069",2020,0.737444933920705,0.547297297297297
"37071",2020,0.737444933920705,0.547297297297297
"37073",2020,0.737444933920705,0.547297297297297
"37075",2020,0.737444933920705,0.547297297297297
"37077",2020,0.737444933920705,0.547297297297297
"37079",2020,0.737444933920705,0.547297297297297
"37081",2020,0.737444933920705,0.547297297297297
"37083",2020,0.737444933920705,0.547297297297297
"37085",2020,0.737444933920705,0.547297297297297
"37087",2020,0.737444933920705,0.547297297297297
"37089",2020,0.737444933920705,0.547297297297297
"37091",2020,0.737444933920705,0.547297297297297
"37093",2020,0.737444933920705,0.547297297297297
"37095",2020,0.737444933920705,0.547297297297297
"37097",2020,0.737444933920705,0.547297297297297
"37099",2020,0.737444933920705,0.547297297297297
"37101",2020,0.737444933920705,0.547297297297297
"37103",2020,0.737444933920705,0.547297297297297
"37105",2020,0.737444933920705,0.547297297297297
"37107",2020,0.737444933920705,0.547297297297297
"37109",2020,0.737444933920705,0.547297297297297
"37111",2020,0.737444933920705,0.547297297297297
"37113",2020,0.737444933920705,0.547297297297297
"37115",2020,0.737444933920705,0.547297297297297
"37117",2020,0.737444933920705,0.547297297297297
"37119",2020,0.737444933920705,0.547297297297297
"37121",2020,0.737444933920705,0.547297297297297
"37123",2020,0.737444933920705,0.547297297297297
"37125",2020,0.737444933920705,0.547297297297297
"37127",2020,0.737444933920705,0.547297297297297
"37129",2020,0.737444933920705,0.547297297297297
"37131",2020,0.737444933920705,0.547297297297297
"37133",2020,0.737444933920705,0.547297297297297
"37135",2020,0.737444933920705,0.547297297297297
"37137",2020,0.737444933920705,0.547297297297297
"37139",2020,0.737444933920705,0.547297297297297
"37141",2020,0.737444933920705,0.547297297297297
"37143",2020,0.737444933920705,0.547297297297297
"37145",2020,0.737444933920705,0.547297297297297
"37147",2020,0.737444933920705,0.547297297297297
"37149",2020,0.737444933920705,0.547297297297297
"37151",2020,0.737444933920705,0.547297297297297
"37153",2020,0.737444933920705,0.547297297297297
"37155",2020,0.737444933920705,0.547297297297297
"37157",2020,0.737444933920705,0.547297297297297
"37159",2020,0.737444933920705,0.547297297297297
"37161",2020,0.737444933920705,0.547297297297297
"37163",2020,0.737444933920705,0.547297297297297
"37165",2020,0.737444933920705,0.547297297297297
"37167",2020,0.737444933920705,0.547297297297297
"37169",2020,0.737444933920705,0.547297297297297
"37171",2020,0.737444933920705,0.547297297297297
"37173",2020,0.737444933920705,0.547297297297297
"37175",2020,0.737444933920705,0.547297297297297
"37177",2020,0.737444933920705,0.547297297297297
"37179",2020,0.737444933920705,0.547297297297297
"37181",2020,0.737444933920705,0.547297297297297
"37183",2020,0.737444933920705,0.547297297297297
"37185",2020,0.737444933920705,0.547297297297297
"37187",2020,0.737444933920705,0.547297297297297
"37189",2020,0.737444933920705,0.547297297297297
"37191",2020,0.737444933920705,0.547297297297297
"37193",2020,0.737444933920705,0.547297297297297
"37195",2020,0.737444933920705,0.547297297297297
"37197",2020,0.737444933920705,0.547297297297297
"37199",2020,0.737444933920705,0.547297297297297
"37001",2018,0.615531508593253,0.541528239202658
"37003",2018,0.590425531914894,0.542483660130719
"37005",2018,0.615531508593253,0.541528239202658
"37007",2018,0.615531508593253,0.541528239202658
"37009",2018,0.615531508593253,0.541528239202658
"37011",2018,0.615531508593253,0.541528239202658
"37013",2018,0.518518518518518,0.673076923076923
"37015",2018,0.647058823529412,0.416666666666667
"37017",2018,0.559055118110236,0.509090909090909
"37019",2018,0.615531508593253,0.541528239202658
"37021",2018,0.615531508593253,0.541528239202658
"37023",2018,0.615531508593253,0.541528239202658
"37025",2018,0.704347826086957,0.5
"37027",2018,0.604166666666667,0.789473684210526
"37029",2018,0.615531508593253,0.541528239202658
"37031",2018,0.67688679245283,0.525547445255474
"37033",2018,0.669941060903733,0.505952380952381
"37035",2018,0.615531508593253,0.541528239202658
"37037",2018,0.615531508593253,0.541528239202658
"37039",2018,0.615531508593253,0.541528239202658
"37041",2018,0.615531508593253,0.541528239202658
"37043",2018,0.615531508593253,0.541528239202658
"37045",2018,0.615531508593253,0.541528239202658
"37047",2018,0.615531508593253,0.541528239202658
"37049",2018,0.615531508593253,0.541528239202658
"37051",2018,0.615531508593253,0.541528239202658
"37053",2018,0.615531508593253,0.541528239202658
"37055",2018,0.615531508593253,0.541528239202658
"37057",2018,0.615531508593253,0.541528239202658
"37059",2018,0.615531508593253,0.541528239202658
"37061",2018,0.615531508593253,0.541528239202658
"37063",2018,0.615531508593253,0.541528239202658
"37065",2018,0.615531508593253,0.541528239202658
"37067",2018,0.615531508593253,0.541528239202658
"37069",2018,0.615531508593253,0.541528239202658
"37071",2018,0.615531508593253,0.541528239202658
"37073",2018,0.615531508593253,0.541528239202658
"37075",2018,0.615531508593253,0.541528239202658
"37077",2018,0.615531508593253,0.541528239202658
"37079",2018,0.615531508593253,0.541528239202658
"37081",2018,0.615531508593253,0.541528239202658
"37083",2018,0.615531508593253,0.541528239202658
"37085",2018,0.615531508593253,0.541528239202658
"37087",2018,0.615531508593253,0.541528239202658
"37089",2018,0.615531508593253,0.541528239202658
"37091",2018,0.615531508593253,0.541528239202658
"37093",2018,0.615531508593253,0.541528239202658
"37095",2018,0.615531508593253,0.541528239202658
"37097",2018,0.615531508593253,0.541528239202658
"37099",2018,0.615531508593253,0.541528239202658
"37101",2018,0.615531508593253,0.541528239202658
"37103",2018,0.615531508593253,0.541528239202658
"37105",2018,0.615531508593253,0.541528239202658
"37107",2018,0.615531508593253,0.541528239202658
"37109",2018,0.615531508593253,0.541528239202658
"37111",2018,0.615531508593253,0.541528239202658
"37113",2018,0.615531508593253,0.541528239202658
"37115",2018,0.615531508593253,0.541528239202658
"37117",2018,0.615531508593253,0.541528239202658
"37119",2018,0.615531508593253,0.541528239202658
"37121",2018,0.615531508593253,0.541528239202658
"37123",2018,0.615531508593253,0.541528239202658
"37125",2018,0.615531508593253,0.541528239202658
"37127",2018,0.615531508593253,0.541528239202658
"37129",2018,0.615531508593253,0.541528239202658
"37131",2018,0.615531508593253,0.541528239202658
"37133",2018,0.615531508593253,0.541528239202658
"37135",2018,0.615531508593253,0.541528239202658
"37137",2018,0.615531508593253,0.541528239202658
"37139",2018,0.615531508593253,0.541528239202658
"37141",2018,0.615531508593253,0.541528239202658
"37143",2018,0.615531508593253,0.541528239202658
"37145",2018,0.615531508593253,0.541528239202658
"37147",2018,0.615531508593253,0.541528239202658
"37149",2018,0.615531508593253,0.541528239202658
"37151",2018,0.615531508593253,0.541528239202658
"37153",2018,0.615531508593253,0.541528239202658
"37155",2018,0.615531508593253,0.541528239202658
"37157",2018,0.615531508593253,0.541528239202658
"37159",2018,0.615531508593253,0.541528239202658
"37161",2018,0.615531508593253,0.541528239202658
"37163",2018,0.615531508593253,0.541528239202658
"37165",2018,0.615531508593253,0.541528239202658
"37167",2018,0.615531508593253,0.541528239202658
"37169",2018,0.615531508593253,0.541528239202658
"37171",2018,0.615531508593253,0.541528239202658
"37173",2018,0.615531508593253,0.541528239202658
"37175",2018,0.615531508593253,0.541528239202658
"37177",2018,0.615531508593253,0.541528239202658
"37179",2018,0.615531508593253,0.541528239202658
"37181",2018,0.615531508593253,0.541528239202658
"37183",2018,0.615531508593253,0.541528239202658
"37185",2018,0.615531508593253,0.541528239202658
"37187",2018,0.615531508593253,0.541528239202658
"37189",2018,0.615531508593253,0.541528239202658
"37191",2018,0.615531508593253,0.541528239202658
"37193",2018,0.615531508593253,0.541528239202658
"37195",2018,0.615531508593253,0.541528239202658
"37197",2018,0.615531508593253,0.541528239202658
"37199",2018,0.615531508593253,0.541528239202658
"38001",2022,0.719811320754717,0.647457627118644
"38003",2022,0.693037974683544,0.484536082474227
"38005",2022,0.719811320754717,0.647457627118644
"38007",2022,0.719811320754717,0.647457627118644
"38009",2022,0.719811320754717,0.647457627118644
"38011",2022,0.719811320754717,0.647457627118644
"38013",2022,0.595505617977528,0.527777777777778
"38015",2022,0.625,0.333333333333333
"38017",2022,0.757575757575758,0.8
"38019",2022,0.719811320754717,0.647457627118644
"38021",2022,0.719811320754717,0.647457627118644
"38023",2022,0.719811320754717,0.647457627118644
"38025",2022,0.661538461538462,0.227272727272727
"38027",2022,0.719811320754717,0.647457627118644
"38029",2022,0.719811320754717,0.647457627118644
"38031",2022,0.754756871035941,0.491379310344828
"38033",2022,0.741514360313316,0.444444444444444
"38035",2022,0.719811320754717,0.647457627118644
"38037",2022,0.719811320754717,0.647457627118644
"38039",2022,0.719811320754717,0.647457627118644
"38041",2022,0.719811320754717,0.647457627118644
"38043",2022,0.719811320754717,0.647457627118644
"38045",2022,0.719811320754717,0.647457627118644
"38047",2022,0.719811320754717,0.647457627118644
"38049",2022,0.719811320754717,0.647457627118644
"38051",2022,0.719811320754717,0.647457627118644
"38053",2022,0.719811320754717,0.647457627118644
"38055",2022,0.719811320754717,0.647457627118644
"38057",2022,0.719811320754717,0.647457627118644
"38059",2022,0.719811320754717,0.647457627118644
"38061",2022,0.719811320754717,0.647457627118644
"38063",2022,0.719811320754717,0.647457627118644
"38065",2022,0.719811320754717,0.647457627118644
"38067",2022,0.719811320754717,0.647457627118644
"38069",2022,0.719811320754717,0.647457627118644
"38071",2022,0.719811320754717,0.647457627118644
"38073",2022,0.719811320754717,0.647457627118644
"38075",2022,0.719811320754717,0.647457627118644
"38077",2022,0.719811320754717,0.647457627118644
"38079",2022,0.719811320754717,0.647457627118644
"38081",2022,0.719811320754717,0.647457627118644
"38083",2022,0.719811320754717,0.647457627118644
"38085",2022,0.719811320754717,0.647457627118644
"38087",2022,0.719811320754717,0.647457627118644
"38089",2022,0.719811320754717,0.647457627118644
"38091",2022,0.719811320754717,0.647457627118644
"38093",2022,0.719811320754717,0.647457627118644
"38095",2022,0.719811320754717,0.647457627118644
"38097",2022,0.719811320754717,0.647457627118644
"38099",2022,0.719811320754717,0.647457627118644
"38101",2022,0.719811320754717,0.647457627118644
"38103",2022,0.719811320754717,0.647457627118644
"38105",2022,0.719811320754717,0.647457627118644
"38001",2022,0.719811320754717,0.647457627118644
"38003",2022,0.693037974683544,0.484536082474227
"38005",2022,0.719811320754717,0.647457627118644
"38007",2022,0.719811320754717,0.647457627118644
"38009",2022,0.719811320754717,0.647457627118644
"38011",2022,0.719811320754717,0.647457627118644
"38013",2022,0.595505617977528,0.527777777777778
"38015",2022,0.625,0.333333333333333
"38017",2022,0.757575757575758,0.8
"38019",2022,0.719811320754717,0.647457627118644
"38021",2022,0.719811320754717,0.647457627118644
"38023",2022,0.719811320754717,0.647457627118644
"38025",2022,0.661538461538462,0.227272727272727
"38027",2022,0.719811320754717,0.647457627118644
"38029",2022,0.719811320754717,0.647457627118644
"38031",2022,0.754756871035941,0.491379310344828
"38033",2022,0.741514360313316,0.444444444444444
"38035",2022,0.719811320754717,0.647457627118644
"38037",2022,0.719811320754717,0.647457627118644
"38039",2022,0.719811320754717,0.647457627118644
"38041",2022,0.719811320754717,0.647457627118644
"38043",2022,0.719811320754717,0.647457627118644
"38045",2022,0.719811320754717,0.647457627118644
"38047",2022,0.719811320754717,0.647457627118644
"38049",2022,0.719811320754717,0.647457627118644
"38051",2022,0.719811320754717,0.647457627118644
"38053",2022,0.719811320754717,0.647457627118644
"38055",2022,0.719811320754717,0.647457627118644
"38057",2022,0.719811320754717,0.647457627118644
"38059",2022,0.719811320754717,0.647457627118644
"38061",2022,0.719811320754717,0.647457627118644
"38063",2022,0.719811320754717,0.647457627118644
"38065",2022,0.719811320754717,0.647457627118644
"38067",2022,0.719811320754717,0.647457627118644
"38069",2022,0.719811320754717,0.647457627118644
"38071",2022,0.719811320754717,0.647457627118644
"38073",2022,0.719811320754717,0.647457627118644
"38075",2022,0.719811320754717,0.647457627118644
"38077",2022,0.719811320754717,0.647457627118644
"38079",2022,0.719811320754717,0.647457627118644
"38081",2022,0.719811320754717,0.647457627118644
"38083",2022,0.719811320754717,0.647457627118644
"38085",2022,0.719811320754717,0.647457627118644
"38087",2022,0.719811320754717,0.647457627118644
"38089",2022,0.719811320754717,0.647457627118644
"38091",2022,0.719811320754717,0.647457627118644
"38093",2022,0.719811320754717,0.647457627118644
"38095",2022,0.719811320754717,0.647457627118644
"38097",2022,0.719811320754717,0.647457627118644
"38099",2022,0.719811320754717,0.647457627118644
"38101",2022,0.719811320754717,0.647457627118644
"38103",2022,0.719811320754717,0.647457627118644
"38105",2022,0.719811320754717,0.647457627118644
"38001",2020,0.737444933920705,0.547297297297297
"38003",2020,0.693251533742331,0.515151515151515
"38005",2020,0.737444933920705,0.547297297297297
"38007",2020,0.737444933920705,0.547297297297297
"38009",2020,0.737444933920705,0.547297297297297
"38011",2020,0.737444933920705,0.547297297297297
"38013",2020,0.590361445783133,0.558823529411765
"38015",2020,0.758620689655172,0.571428571428571
"38017",2020,0.709302325581395,0.583333333333333
"38019",2020,0.737444933920705,0.547297297297297
"38021",2020,0.737444933920705,0.547297297297297
"38023",2020,0.737444933920705,0.547297297297297
"38025",2020,0.753846153846154,0.357142857142857
"38027",2020,0.737444933920705,0.547297297297297
"38029",2020,0.737444933920705,0.547297297297297
"38031",2020,0.784552845528455,0.452830188679245
"38033",2020,0.819306930693069,0.328767123287671
"38035",2020,0.737444933920705,0.547297297297297
"38037",2020,0.737444933920705,0.547297297297297
"38039",2020,0.737444933920705,0.547297297297297
"38041",2020,0.737444933920705,0.547297297297297
"38043",2020,0.737444933920705,0.547297297297297
"38045",2020,0.737444933920705,0.547297297297297
"38047",2020,0.737444933920705,0.547297297297297
"38049",2020,0.737444933920705,0.547297297297297
"38051",2020,0.737444933920705,0.547297297297297
"38053",2020,0.737444933920705,0.547297297297297
"38055",2020,0.737444933920705,0.547297297297297
"38057",2020,0.737444933920705,0.547297297297297
"38059",2020,0.737444933920705,0.547297297297297
"38061",2020,0.737444933920705,0.547297297297297
"38063",2020,0.737444933920705,0.547297297297297
"38065",2020,0.737444933920705,0.547297297297297
"38067",2020,0.737444933920705,0.547297297297297
"38069",2020,0.737444933920705,0.547297297297297
"38071",2020,0.737444933920705,0.547297297297297
"38073",2020,0.737444933920705,0.547297297297297
"38075",2020,0.737444933920705,0.547297297297297
"38077",2020,0.737444933920705,0.547297297297297
"38079",2020,0.737444933920705,0.547297297297297
"38081",2020,0.737444933920705,0.547297297297297
"38083",2020,0.737444933920705,0.547297297297297
"38085",2020,0.737444933920705,0.547297297297297
"38087",2020,0.737444933920705,0.547297297297297
"38089",2020,0.737444933920705,0.547297297297297
"38091",2020,0.737444933920705,0.547297297297297
"38093",2020,0.737444933920705,0.547297297297297
"38095",2020,0.737444933920705,0.547297297297297
"38097",2020,0.737444933920705,0.547297297297297
"38099",2020,0.737444933920705,0.547297297297297
"38101",2020,0.737444933920705,0.547297297297297
"38103",2020,0.737444933920705,0.547297297297297
"38105",2020,0.737444933920705,0.547297297297297
"38001",2020,0.737444933920705,0.547297297297297
"38003",2020,0.693251533742331,0.515151515151515
"38005",2020,0.737444933920705,0.547297297297297
"38007",2020,0.737444933920705,0.547297297297297
"38009",2020,0.737444933920705,0.547297297297297
"38011",2020,0.737444933920705,0.547297297297297
"38013",2020,0.590361445783133,0.558823529411765
"38015",2020,0.758620689655172,0.571428571428571
"38017",2020,0.709302325581395,0.583333333333333
"38019",2020,0.737444933920705,0.547297297297297
"38021",2020,0.737444933920705,0.547297297297297
"38023",2020,0.737444933920705,0.547297297297297
"38025",2020,0.753846153846154,0.357142857142857
"38027",2020,0.737444933920705,0.547297297297297
"38029",2020,0.737444933920705,0.547297297297297
"38031",2020,0.784552845528455,0.452830188679245
"38033",2020,0.819306930693069,0.328767123287671
"38035",2020,0.737444933920705,0.547297297297297
"38037",2020,0.737444933920705,0.547297297297297
"38039",2020,0.737444933920705,0.547297297297297
"38041",2020,0.737444933920705,0.547297297297297
"38043",2020,0.737444933920705,0.547297297297297
"38045",2020,0.737444933920705,0.547297297297297
"38047",2020,0.737444933920705,0.547297297297297
"38049",2020,0.737444933920705,0.547297297297297
"38051",2020,0.737444933920705,0.547297297297297
"38053",2020,0.737444933920705,0.547297297297297
"38055",2020,0.737444933920705,0.547297297297297
"38057",2020,0.737444933920705,0.547297297297297
"38059",2020,0.737444933920705,0.547297297297297
"38061",2020,0.737444933920705,0.547297297297297
"38063",2020,0.737444933920705,0.547297297297297
"38065",2020,0.737444933920705,0.547297297297297
"38067",2020,0.737444933920705,0.547297297297297
"38069",2020,0.737444933920705,0.547297297297297
"38071",2020,0.737444933920705,0.547297297297297
"38073",2020,0.737444933920705,0.547297297297297
"38075",2020,0.737444933920705,0.547297297297297
"38077",2020,0.737444933920705,0.547297297297297
"38079",2020,0.737444933920705,0.547297297297297
"38081",2020,0.737444933920705,0.547297297297297
"38083",2020,0.737444933920705,0.547297297297297
"38085",2020,0.737444933920705,0.547297297297297
"38087",2020,0.737444933920705,0.547297297297297
"38089",2020,0.737444933920705,0.547297297297297
"38091",2020,0.737444933920705,0.547297297297297
"38093",2020,0.737444933920705,0.547297297297297
"38095",2020,0.737444933920705,0.547297297297297
"38097",2020,0.737444933920705,0.547297297297297
"38099",2020,0.737444933920705,0.547297297297297
"38101",2020,0.737444933920705,0.547297297297297
"38103",2020,0.737444933920705,0.547297297297297
"38105",2020,0.737444933920705,0.547297297297297
"38001",2018,0.615531508593253,0.541528239202658
"38003",2018,0.590425531914894,0.542483660130719
"38005",2018,0.615531508593253,0.541528239202658
"38007",2018,0.615531508593253,0.541528239202658
"38009",2018,0.615531508593253,0.541528239202658
"38011",2018,0.615531508593253,0.541528239202658
"38013",2018,0.518518518518518,0.673076923076923
"38015",2018,0.647058823529412,0.416666666666667
"38017",2018,0.559055118110236,0.509090909090909
"38019",2018,0.615531508593253,0.541528239202658
"38021",2018,0.615531508593253,0.541528239202658
"38023",2018,0.615531508593253,0.541528239202658
"38025",2018,0.704347826086957,0.5
"38027",2018,0.604166666666667,0.789473684210526
"38029",2018,0.615531508593253,0.541528239202658
"38031",2018,0.67688679245283,0.525547445255474
"38033",2018,0.669941060903733,0.505952380952381
"38035",2018,0.615531508593253,0.541528239202658
"38037",2018,0.615531508593253,0.541528239202658
"38039",2018,0.615531508593253,0.541528239202658
"38041",2018,0.615531508593253,0.541528239202658
"38043",2018,0.615531508593253,0.541528239202658
"38045",2018,0.615531508593253,0.541528239202658
"38047",2018,0.615531508593253,0.541528239202658
"38049",2018,0.615531508593253,0.541528239202658
"38051",2018,0.615531508593253,0.541528239202658
"38053",2018,0.615531508593253,0.541528239202658
"38055",2018,0.615531508593253,0.541528239202658
"38057",2018,0.615531508593253,0.541528239202658
"38059",2018,0.615531508593253,0.541528239202658
"38061",2018,0.615531508593253,0.541528239202658
"38063",2018,0.615531508593253,0.541528239202658
"38065",2018,0.615531508593253,0.541528239202658
"38067",2018,0.615531508593253,0.541528239202658
"38069",2018,0.615531508593253,0.541528239202658
"38071",2018,0.615531508593253,0.541528239202658
"38073",2018,0.615531508593253,0.541528239202658
"38075",2018,0.615531508593253,0.541528239202658
"38077",2018,0.615531508593253,0.541528239202658
"38079",2018,0.615531508593253,0.541528239202658
"38081",2018,0.615531508593253,0.541528239202658
"38083",2018,0.615531508593253,0.541528239202658
"38085",2018,0.615531508593253,0.541528239202658
"38087",2018,0.615531508593253,0.541528239202658
"38089",2018,0.615531508593253,0.541528239202658
"38091",2018,0.615531508593253,0.541528239202658
"38093",2018,0.615531508593253,0.541528239202658
"38095",2018,0.615531508593253,0.541528239202658
"38097",2018,0.615531508593253,0.541528239202658
"38099",2018,0.615531508593253,0.541528239202658
"38101",2018,0.615531508593253,0.541528239202658
"38103",2018,0.615531508593253,0.541528239202658
"38105",2018,0.615531508593253,0.541528239202658
"39001",2022,0.719811320754717,0.647457627118644
"39003",2022,0.693037974683544,0.484536082474227
"39005",2022,0.719811320754717,0.647457627118644
"39007",2022,0.719811320754717,0.647457627118644
"39009",2022,0.719811320754717,0.647457627118644
"39011",2022,0.719811320754717,0.647457627118644
"39013",2022,0.595505617977528,0.527777777777778
"39015",2022,0.625,0.333333333333333
"39017",2022,0.757575757575758,0.8
"39019",2022,0.719811320754717,0.647457627118644
"39021",2022,0.719811320754717,0.647457627118644
"39023",2022,0.719811320754717,0.647457627118644
"39025",2022,0.661538461538462,0.227272727272727
"39027",2022,0.719811320754717,0.647457627118644
"39029",2022,0.719811320754717,0.647457627118644
"39031",2022,0.754756871035941,0.491379310344828
"39033",2022,0.741514360313316,0.444444444444444
"39035",2022,0.719811320754717,0.647457627118644
"39037",2022,0.719811320754717,0.647457627118644
"39039",2022,0.719811320754717,0.647457627118644
"39041",2022,0.719811320754717,0.647457627118644
"39043",2022,0.719811320754717,0.647457627118644
"39045",2022,0.719811320754717,0.647457627118644
"39047",2022,0.719811320754717,0.647457627118644
"39049",2022,0.719811320754717,0.647457627118644
"39051",2022,0.719811320754717,0.647457627118644
"39053",2022,0.719811320754717,0.647457627118644
"39055",2022,0.719811320754717,0.647457627118644
"39057",2022,0.719811320754717,0.647457627118644
"39059",2022,0.719811320754717,0.647457627118644
"39061",2022,0.719811320754717,0.647457627118644
"39063",2022,0.719811320754717,0.647457627118644
"39065",2022,0.719811320754717,0.647457627118644
"39067",2022,0.719811320754717,0.647457627118644
"39069",2022,0.719811320754717,0.647457627118644
"39071",2022,0.719811320754717,0.647457627118644
"39073",2022,0.719811320754717,0.647457627118644
"39075",2022,0.719811320754717,0.647457627118644
"39077",2022,0.719811320754717,0.647457627118644
"39079",2022,0.719811320754717,0.647457627118644
"39081",2022,0.719811320754717,0.647457627118644
"39083",2022,0.719811320754717,0.647457627118644
"39085",2022,0.719811320754717,0.647457627118644
"39087",2022,0.719811320754717,0.647457627118644
"39089",2022,0.719811320754717,0.647457627118644
"39091",2022,0.719811320754717,0.647457627118644
"39093",2022,0.719811320754717,0.647457627118644
"39095",2022,0.719811320754717,0.647457627118644
"39097",2022,0.719811320754717,0.647457627118644
"39099",2022,0.719811320754717,0.647457627118644
"39101",2022,0.719811320754717,0.647457627118644
"39103",2022,0.719811320754717,0.647457627118644
"39105",2022,0.719811320754717,0.647457627118644
"39107",2022,0.719811320754717,0.647457627118644
"39109",2022,0.719811320754717,0.647457627118644
"39111",2022,0.719811320754717,0.647457627118644
"39113",2022,0.719811320754717,0.647457627118644
"39115",2022,0.719811320754717,0.647457627118644
"39117",2022,0.719811320754717,0.647457627118644
"39119",2022,0.719811320754717,0.647457627118644
"39121",2022,0.719811320754717,0.647457627118644
"39123",2022,0.719811320754717,0.647457627118644
"39125",2022,0.719811320754717,0.647457627118644
"39127",2022,0.719811320754717,0.647457627118644
"39129",2022,0.719811320754717,0.647457627118644
"39131",2022,0.719811320754717,0.647457627118644
"39133",2022,0.719811320754717,0.647457627118644
"39135",2022,0.719811320754717,0.647457627118644
"39137",2022,0.719811320754717,0.647457627118644
"39139",2022,0.719811320754717,0.647457627118644
"39141",2022,0.719811320754717,0.647457627118644
"39143",2022,0.719811320754717,0.647457627118644
"39145",2022,0.719811320754717,0.647457627118644
"39147",2022,0.719811320754717,0.647457627118644
"39149",2022,0.719811320754717,0.647457627118644
"39151",2022,0.719811320754717,0.647457627118644
"39153",2022,0.719811320754717,0.647457627118644
"39155",2022,0.719811320754717,0.647457627118644
"39157",2022,0.719811320754717,0.647457627118644
"39159",2022,0.719811320754717,0.647457627118644
"39161",2022,0.719811320754717,0.647457627118644
"39163",2022,0.719811320754717,0.647457627118644
"39165",2022,0.719811320754717,0.647457627118644
"39167",2022,0.719811320754717,0.647457627118644
"39169",2022,0.719811320754717,0.647457627118644
"39171",2022,0.719811320754717,0.647457627118644
"39173",2022,0.719811320754717,0.647457627118644
"39175",2022,0.719811320754717,0.647457627118644
"39001",2022,0.719811320754717,0.647457627118644
"39003",2022,0.693037974683544,0.484536082474227
"39005",2022,0.719811320754717,0.647457627118644
"39007",2022,0.719811320754717,0.647457627118644
"39009",2022,0.719811320754717,0.647457627118644
"39011",2022,0.719811320754717,0.647457627118644
"39013",2022,0.595505617977528,0.527777777777778
"39015",2022,0.625,0.333333333333333
"39017",2022,0.757575757575758,0.8
"39019",2022,0.719811320754717,0.647457627118644
"39021",2022,0.719811320754717,0.647457627118644
"39023",2022,0.719811320754717,0.647457627118644
"39025",2022,0.661538461538462,0.227272727272727
"39027",2022,0.719811320754717,0.647457627118644
"39029",2022,0.719811320754717,0.647457627118644
"39031",2022,0.754756871035941,0.491379310344828
"39033",2022,0.741514360313316,0.444444444444444
"39035",2022,0.719811320754717,0.647457627118644
"39037",2022,0.719811320754717,0.647457627118644
"39039",2022,0.719811320754717,0.647457627118644
"39041",2022,0.719811320754717,0.647457627118644
"39043",2022,0.719811320754717,0.647457627118644
"39045",2022,0.719811320754717,0.647457627118644
"39047",2022,0.719811320754717,0.647457627118644
"39049",2022,0.719811320754717,0.647457627118644
"39051",2022,0.719811320754717,0.647457627118644
"39053",2022,0.719811320754717,0.647457627118644
"39055",2022,0.719811320754717,0.647457627118644
"39057",2022,0.719811320754717,0.647457627118644
"39059",2022,0.719811320754717,0.647457627118644
"39061",2022,0.719811320754717,0.647457627118644
"39063",2022,0.719811320754717,0.647457627118644
"39065",2022,0.719811320754717,0.647457627118644
"39067",2022,0.719811320754717,0.647457627118644
"39069",2022,0.719811320754717,0.647457627118644
"39071",2022,0.719811320754717,0.647457627118644
"39073",2022,0.719811320754717,0.647457627118644
"39075",2022,0.719811320754717,0.647457627118644
"39077",2022,0.719811320754717,0.647457627118644
"39079",2022,0.719811320754717,0.647457627118644
"39081",2022,0.719811320754717,0.647457627118644
"39083",2022,0.719811320754717,0.647457627118644
"39085",2022,0.719811320754717,0.647457627118644
"39087",2022,0.719811320754717,0.647457627118644
"39089",2022,0.719811320754717,0.647457627118644
"39091",2022,0.719811320754717,0.647457627118644
"39093",2022,0.719811320754717,0.647457627118644
"39095",2022,0.719811320754717,0.647457627118644
"39097",2022,0.719811320754717,0.647457627118644
"39099",2022,0.719811320754717,0.647457627118644
"39101",2022,0.719811320754717,0.647457627118644
"39103",2022,0.719811320754717,0.647457627118644
"39105",2022,0.719811320754717,0.647457627118644
"39107",2022,0.719811320754717,0.647457627118644
"39109",2022,0.719811320754717,0.647457627118644
"39111",2022,0.719811320754717,0.647457627118644
"39113",2022,0.719811320754717,0.647457627118644
"39115",2022,0.719811320754717,0.647457627118644
"39117",2022,0.719811320754717,0.647457627118644
"39119",2022,0.719811320754717,0.647457627118644
"39121",2022,0.719811320754717,0.647457627118644
"39123",2022,0.719811320754717,0.647457627118644
"39125",2022,0.719811320754717,0.647457627118644
"39127",2022,0.719811320754717,0.647457627118644
"39129",2022,0.719811320754717,0.647457627118644
"39131",2022,0.719811320754717,0.647457627118644
"39133",2022,0.719811320754717,0.647457627118644
"39135",2022,0.719811320754717,0.647457627118644
"39137",2022,0.719811320754717,0.647457627118644
"39139",2022,0.719811320754717,0.647457627118644
"39141",2022,0.719811320754717,0.647457627118644
"39143",2022,0.719811320754717,0.647457627118644
"39145",2022,0.719811320754717,0.647457627118644
"39147",2022,0.719811320754717,0.647457627118644
"39149",2022,0.719811320754717,0.647457627118644
"39151",2022,0.719811320754717,0.647457627118644
"39153",2022,0.719811320754717,0.647457627118644
"39155",2022,0.719811320754717,0.647457627118644
"39157",2022,0.719811320754717,0.647457627118644
"39159",2022,0.719811320754717,0.647457627118644
"39161",2022,0.719811320754717,0.647457627118644
"39163",2022,0.719811320754717,0.647457627118644
"39165",2022,0.719811320754717,0.647457627118644
"39167",2022,0.719811320754717,0.647457627118644
"39169",2022,0.719811320754717,0.647457627118644
"39171",2022,0.719811320754717,0.647457627118644
"39173",2022,0.719811320754717,0.647457627118644
"39175",2022,0.719811320754717,0.647457627118644
"39001",2020,0.737444933920705,0.547297297297297
"39003",2020,0.693251533742331,0.515151515151515
"39005",2020,0.737444933920705,0.547297297297297
"39007",2020,0.737444933920705,0.547297297297297
"39009",2020,0.737444933920705,0.547297297297297
"39011",2020,0.737444933920705,0.547297297297297
"39013",2020,0.590361445783133,0.558823529411765
"39015",2020,0.758620689655172,0.571428571428571
"39017",2020,0.709302325581395,0.583333333333333
"39019",2020,0.737444933920705,0.547297297297297
"39021",2020,0.737444933920705,0.547297297297297
"39023",2020,0.737444933920705,0.547297297297297
"39025",2020,0.753846153846154,0.357142857142857
"39027",2020,0.737444933920705,0.547297297297297
"39029",2020,0.737444933920705,0.547297297297297
"39031",2020,0.784552845528455,0.452830188679245
"39033",2020,0.819306930693069,0.328767123287671
"39035",2020,0.737444933920705,0.547297297297297
"39037",2020,0.737444933920705,0.547297297297297
"39039",2020,0.737444933920705,0.547297297297297
"39041",2020,0.737444933920705,0.547297297297297
"39043",2020,0.737444933920705,0.547297297297297
"39045",2020,0.737444933920705,0.547297297297297
"39047",2020,0.737444933920705,0.547297297297297
"39049",2020,0.737444933920705,0.547297297297297
"39051",2020,0.737444933920705,0.547297297297297
"39053",2020,0.737444933920705,0.547297297297297
"39055",2020,0.737444933920705,0.547297297297297
"39057",2020,0.737444933920705,0.547297297297297
"39059",2020,0.737444933920705,0.547297297297297
"39061",2020,0.737444933920705,0.547297297297297
"39063",2020,0.737444933920705,0.547297297297297
"39065",2020,0.737444933920705,0.547297297297297
"39067",2020,0.737444933920705,0.547297297297297
"39069",2020,0.737444933920705,0.547297297297297
"39071",2020,0.737444933920705,0.547297297297297
"39073",2020,0.737444933920705,0.547297297297297
"39075",2020,0.737444933920705,0.547297297297297
"39077",2020,0.737444933920705,0.547297297297297
"39079",2020,0.737444933920705,0.547297297297297
"39081",2020,0.737444933920705,0.547297297297297
"39083",2020,0.737444933920705,0.547297297297297
"39085",2020,0.737444933920705,0.547297297297297
"39087",2020,0.737444933920705,0.547297297297297
"39089",2020,0.737444933920705,0.547297297297297
"39091",2020,0.737444933920705,0.547297297297297
"39093",2020,0.737444933920705,0.547297297297297
"39095",2020,0.737444933920705,0.547297297297297
"39097",2020,0.737444933920705,0.547297297297297
"39099",2020,0.737444933920705,0.547297297297297
"39101",2020,0.737444933920705,0.547297297297297
"39103",2020,0.737444933920705,0.547297297297297
"39105",2020,0.737444933920705,0.547297297297297
"39107",2020,0.737444933920705,0.547297297297297
"39109",2020,0.737444933920705,0.547297297297297
"39111",2020,0.737444933920705,0.547297297297297
"39113",2020,0.737444933920705,0.547297297297297
"39115",2020,0.737444933920705,0.547297297297297
"39117",2020,0.737444933920705,0.547297297297297
"39119",2020,0.737444933920705,0.547297297297297
"39121",2020,0.737444933920705,0.547297297297297
"39123",2020,0.737444933920705,0.547297297297297
"39125",2020,0.737444933920705,0.547297297297297
"39127",2020,0.737444933920705,0.547297297297297
"39129",2020,0.737444933920705,0.547297297297297
"39131",2020,0.737444933920705,0.547297297297297
"39133",2020,0.737444933920705,0.547297297297297
"39135",2020,0.737444933920705,0.547297297297297
"39137",2020,0.737444933920705,0.547297297297297
"39139",2020,0.737444933920705,0.547297297297297
"39141",2020,0.737444933920705,0.547297297297297
"39143",2020,0.737444933920705,0.547297297297297
"39145",2020,0.737444933920705,0.547297297297297
"39147",2020,0.737444933920705,0.547297297297297
"39149",2020,0.737444933920705,0.547297297297297
"39151",2020,0.737444933920705,0.547297297297297
"39153",2020,0.737444933920705,0.547297297297297
"39155",2020,0.737444933920705,0.547297297297297
"39157",2020,0.737444933920705,0.547297297297297
"39159",2020,0.737444933920705,0.547297297297297
"39161",2020,0.737444933920705,0.547297297297297
"39163",2020,0.737444933920705,0.547297297297297
"39165",2020,0.737444933920705,0.547297297297297
"39167",2020,0.737444933920705,0.547297297297297
"39169",2020,0.737444933920705,0.547297297297297
"39171",2020,0.737444933920705,0.547297297297297
"39173",2020,0.737444933920705,0.547297297297297
"39175",2020,0.737444933920705,0.547297297297297
"39001",2020,0.737444933920705,0.547297297297297
"39003",2020,0.693251533742331,0.515151515151515
"39005",2020,0.737444933920705,0.547297297297297
"39007",2020,0.737444933920705,0.547297297297297
"39009",2020,0.737444933920705,0.547297297297297
"39011",2020,0.737444933920705,0.547297297297297
"39013",2020,0.590361445783133,0.558823529411765
"39015",2020,0.758620689655172,0.571428571428571
"39017",2020,0.709302325581395,0.583333333333333
"39019",2020,0.737444933920705,0.547297297297297
"39021",2020,0.737444933920705,0.547297297297297
"39023",2020,0.737444933920705,0.547297297297297
"39025",2020,0.753846153846154,0.357142857142857
"39027",2020,0.737444933920705,0.547297297297297
"39029",2020,0.737444933920705,0.547297297297297
"39031",2020,0.784552845528455,0.452830188679245
"39033",2020,0.819306930693069,0.328767123287671
"39035",2020,0.737444933920705,0.547297297297297
"39037",2020,0.737444933920705,0.547297297297297
"39039",2020,0.737444933920705,0.547297297297297
"39041",2020,0.737444933920705,0.547297297297297
"39043",2020,0.737444933920705,0.547297297297297
"39045",2020,0.737444933920705,0.547297297297297
"39047",2020,0.737444933920705,0.547297297297297
"39049",2020,0.737444933920705,0.547297297297297
"39051",2020,0.737444933920705,0.547297297297297
"39053",2020,0.737444933920705,0.547297297297297
"39055",2020,0.737444933920705,0.547297297297297
"39057",2020,0.737444933920705,0.547297297297297
"39059",2020,0.737444933920705,0.547297297297297
"39061",2020,0.737444933920705,0.547297297297297
"39063",2020,0.737444933920705,0.547297297297297
"39065",2020,0.737444933920705,0.547297297297297
"39067",2020,0.737444933920705,0.547297297297297
"39069",2020,0.737444933920705,0.547297297297297
"39071",2020,0.737444933920705,0.547297297297297
"39073",2020,0.737444933920705,0.547297297297297
"39075",2020,0.737444933920705,0.547297297297297
"39077",2020,0.737444933920705,0.547297297297297
"39079",2020,0.737444933920705,0.547297297297297
"39081",2020,0.737444933920705,0.547297297297297
"39083",2020,0.737444933920705,0.547297297297297
"39085",2020,0.737444933920705,0.547297297297297
"39087",2020,0.737444933920705,0.547297297297297
"39089",2020,0.737444933920705,0.547297297297297
"39091",2020,0.737444933920705,0.547297297297297
"39093",2020,0.737444933920705,0.547297297297297
"39095",2020,0.737444933920705,0.547297297297297
"39097",2020,0.737444933920705,0.547297297297297
"39099",2020,0.737444933920705,0.547297297297297
"39101",2020,0.737444933920705,0.547297297297297
"39103",2020,0.737444933920705,0.547297297297297
"39105",2020,0.737444933920705,0.547297297297297
"39107",2020,0.737444933920705,0.547297297297297
"39109",2020,0.737444933920705,0.547297297297297
"39111",2020,0.737444933920705,0.547297297297297
"39113",2020,0.737444933920705,0.547297297297297
"39115",2020,0.737444933920705,0.547297297297297
"39117",2020,0.737444933920705,0.547297297297297
"39119",2020,0.737444933920705,0.547297297297297
"39121",2020,0.737444933920705,0.547297297297297
"39123",2020,0.737444933920705,0.547297297297297
"39125",2020,0.737444933920705,0.547297297297297
"39127",2020,0.737444933920705,0.547297297297297
"39129",2020,0.737444933920705,0.547297297297297
"39131",2020,0.737444933920705,0.547297297297297
"39133",2020,0.737444933920705,0.547297297297297
"39135",2020,0.737444933920705,0.547297297297297
"39137",2020,0.737444933920705,0.547297297297297
"39139",2020,0.737444933920705,0.547297297297297
"39141",2020,0.737444933920705,0.547297297297297
"39143",2020,0.737444933920705,0.547297297297297
"39145",2020,0.737444933920705,0.547297297297297
"39147",2020,0.737444933920705,0.547297297297297
"39149",2020,0.737444933920705,0.547297297297297
"39151",2020,0.737444933920705,0.547297297297297
"39153",2020,0.737444933920705,0.547297297297297
"39155",2020,0.737444933920705,0.547297297297297
"39157",2020,0.737444933920705,0.547297297297297
"39159",2020,0.737444933920705,0.547297297297297
"39161",2020,0.737444933920705,0.547297297297297
"39163",2020,0.737444933920705,0.547297297297297
"39165",2020,0.737444933920705,0.547297297297297
"39167",2020,0.737444933920705,0.547297297297297
"39169",2020,0.737444933920705,0.547297297297297
"39171",2020,0.737444933920705,0.547297297297297
"39173",2020,0.737444933920705,0.547297297297297
"39175",2020,0.737444933920705,0.547297297297297
"39001",2018,0.615531508593253,0.541528239202658
"39003",2018,0.590425531914894,0.542483660130719
"39005",2018,0.615531508593253,0.541528239202658
"39007",2018,0.615531508593253,0.541528239202658
"39009",2018,0.615531508593253,0.541528239202658
"39011",2018,0.615531508593253,0.541528239202658
"39013",2018,0.518518518518518,0.673076923076923
"39015",2018,0.647058823529412,0.416666666666667
"39017",2018,0.559055118110236,0.509090909090909
"39019",2018,0.615531508593253,0.541528239202658
"39021",2018,0.615531508593253,0.541528239202658
"39023",2018,0.615531508593253,0.541528239202658
"39025",2018,0.704347826086957,0.5
"39027",2018,0.604166666666667,0.789473684210526
"39029",2018,0.615531508593253,0.541528239202658
"39031",2018,0.67688679245283,0.525547445255474
"39033",2018,0.669941060903733,0.505952380952381
"39035",2018,0.615531508593253,0.541528239202658
"39037",2018,0.615531508593253,0.541528239202658
"39039",2018,0.615531508593253,0.541528239202658
"39041",2018,0.615531508593253,0.541528239202658
"39043",2018,0.615531508593253,0.541528239202658
"39045",2018,0.615531508593253,0.541528239202658
"39047",2018,0.615531508593253,0.541528239202658
"39049",2018,0.615531508593253,0.541528239202658
"39051",2018,0.615531508593253,0.541528239202658
"39053",2018,0.615531508593253,0.541528239202658
"39055",2018,0.615531508593253,0.541528239202658
"39057",2018,0.615531508593253,0.541528239202658
"39059",2018,0.615531508593253,0.541528239202658
"39061",2018,0.615531508593253,0.541528239202658
"39063",2018,0.615531508593253,0.541528239202658
"39065",2018,0.615531508593253,0.541528239202658
"39067",2018,0.615531508593253,0.541528239202658
"39069",2018,0.615531508593253,0.541528239202658
"39071",2018,0.615531508593253,0.541528239202658
"39073",2018,0.615531508593253,0.541528239202658
"39075",2018,0.615531508593253,0.541528239202658
"39077",2018,0.615531508593253,0.541528239202658
"39079",2018,0.615531508593253,0.541528239202658
"39081",2018,0.615531508593253,0.541528239202658
"39083",2018,0.615531508593253,0.541528239202658
"39085",2018,0.615531508593253,0.541528239202658
"39087",2018,0.615531508593253,0.541528239202658
"39089",2018,0.615531508593253,0.541528239202658
"39091",2018,0.615531508593253,0.541528239202658
"39093",2018,0.615531508593253,0.541528239202658
"39095",2018,0.615531508593253,0.541528239202658
"39097",2018,0.615531508593253,0.541528239202658
"39099",2018,0.615531508593253,0.541528239202658
"39101",2018,0.615531508593253,0.541528239202658
"39103",2018,0.615531508593253,0.541528239202658
"39105",2018,0.615531508593253,0.541528239202658
"39107",2018,0.615531508593253,0.541528239202658
"39109",2018,0.615531508593253,0.541528239202658
"39111",2018,0.615531508593253,0.541528239202658
"39113",2018,0.615531508593253,0.541528239202658
"39115",2018,0.615531508593253,0.541528239202658
"39117",2018,0.615531508593253,0.541528239202658
"39119",2018,0.615531508593253,0.541528239202658
"39121",2018,0.615531508593253,0.541528239202658
"39123",2018,0.615531508593253,0.541528239202658
"39125",2018,0.615531508593253,0.541528239202658
"39127",2018,0.615531508593253,0.541528239202658
"39129",2018,0.615531508593253,0.541528239202658
"39131",2018,0.615531508593253,0.541528239202658
"39133",2018,0.615531508593253,0.541528239202658
"39135",2018,0.615531508593253,0.541528239202658
"39137",2018,0.615531508593253,0.541528239202658
"39139",2018,0.615531508593253,0.541528239202658
"39141",2018,0.615531508593253,0.541528239202658
"39143",2018,0.615531508593253,0.541528239202658
"39145",2018,0.615531508593253,0.541528239202658
"39147",2018,0.615531508593253,0.541528239202658
"39149",2018,0.615531508593253,0.541528239202658
"39151",2018,0.615531508593253,0.541528239202658
"39153",2018,0.615531508593253,0.541528239202658
"39155",2018,0.615531508593253,0.541528239202658
"39157",2018,0.615531508593253,0.541528239202658
"39159",2018,0.615531508593253,0.541528239202658
"39161",2018,0.615531508593253,0.541528239202658
"39163",2018,0.615531508593253,0.541528239202658
"39165",2018,0.615531508593253,0.541528239202658
"39167",2018,0.615531508593253,0.541528239202658
"39169",2018,0.615531508593253,0.541528239202658
"39171",2018,0.615531508593253,0.541528239202658
"39173",2018,0.615531508593253,0.541528239202658
"39175",2018,0.615531508593253,0.541528239202658
"40001",2022,0.719811320754717,0.647457627118644
"40003",2022,0.693037974683544,0.484536082474227
"40005",2022,0.719811320754717,0.647457627118644
"40007",2022,0.719811320754717,0.647457627118644
"40009",2022,0.719811320754717,0.647457627118644
"40011",2022,0.719811320754717,0.647457627118644
"40013",2022,0.595505617977528,0.527777777777778
"40015",2022,0.625,0.333333333333333
"40017",2022,0.757575757575758,0.8
"40019",2022,0.719811320754717,0.647457627118644
"40021",2022,0.719811320754717,0.647457627118644
"40023",2022,0.719811320754717,0.647457627118644
"40025",2022,0.661538461538462,0.227272727272727
"40027",2022,0.719811320754717,0.647457627118644
"40029",2022,0.719811320754717,0.647457627118644
"40031",2022,0.754756871035941,0.491379310344828
"40033",2022,0.741514360313316,0.444444444444444
"40035",2022,0.719811320754717,0.647457627118644
"40037",2022,0.719811320754717,0.647457627118644
"40039",2022,0.719811320754717,0.647457627118644
"40041",2022,0.719811320754717,0.647457627118644
"40043",2022,0.719811320754717,0.647457627118644
"40045",2022,0.719811320754717,0.647457627118644
"40047",2022,0.719811320754717,0.647457627118644
"40049",2022,0.719811320754717,0.647457627118644
"40051",2022,0.719811320754717,0.647457627118644
"40053",2022,0.719811320754717,0.647457627118644
"40055",2022,0.719811320754717,0.647457627118644
"40057",2022,0.719811320754717,0.647457627118644
"40059",2022,0.719811320754717,0.647457627118644
"40061",2022,0.719811320754717,0.647457627118644
"40063",2022,0.719811320754717,0.647457627118644
"40065",2022,0.719811320754717,0.647457627118644
"40067",2022,0.719811320754717,0.647457627118644
"40069",2022,0.719811320754717,0.647457627118644
"40071",2022,0.719811320754717,0.647457627118644
"40073",2022,0.719811320754717,0.647457627118644
"40075",2022,0.719811320754717,0.647457627118644
"40077",2022,0.719811320754717,0.647457627118644
"40079",2022,0.719811320754717,0.647457627118644
"40081",2022,0.719811320754717,0.647457627118644
"40083",2022,0.719811320754717,0.647457627118644
"40085",2022,0.719811320754717,0.647457627118644
"40087",2022,0.719811320754717,0.647457627118644
"40089",2022,0.719811320754717,0.647457627118644
"40091",2022,0.719811320754717,0.647457627118644
"40093",2022,0.719811320754717,0.647457627118644
"40095",2022,0.719811320754717,0.647457627118644
"40097",2022,0.719811320754717,0.647457627118644
"40099",2022,0.719811320754717,0.647457627118644
"40101",2022,0.719811320754717,0.647457627118644
"40103",2022,0.719811320754717,0.647457627118644
"40105",2022,0.719811320754717,0.647457627118644
"40107",2022,0.719811320754717,0.647457627118644
"40109",2022,0.719811320754717,0.647457627118644
"40111",2022,0.719811320754717,0.647457627118644
"40113",2022,0.719811320754717,0.647457627118644
"40115",2022,0.719811320754717,0.647457627118644
"40117",2022,0.719811320754717,0.647457627118644
"40119",2022,0.719811320754717,0.647457627118644
"40121",2022,0.719811320754717,0.647457627118644
"40123",2022,0.719811320754717,0.647457627118644
"40125",2022,0.719811320754717,0.647457627118644
"40127",2022,0.719811320754717,0.647457627118644
"40129",2022,0.719811320754717,0.647457627118644
"40131",2022,0.719811320754717,0.647457627118644
"40133",2022,0.719811320754717,0.647457627118644
"40135",2022,0.719811320754717,0.647457627118644
"40137",2022,0.719811320754717,0.647457627118644
"40139",2022,0.719811320754717,0.647457627118644
"40141",2022,0.719811320754717,0.647457627118644
"40143",2022,0.719811320754717,0.647457627118644
"40145",2022,0.719811320754717,0.647457627118644
"40147",2022,0.719811320754717,0.647457627118644
"40149",2022,0.719811320754717,0.647457627118644
"40151",2022,0.719811320754717,0.647457627118644
"40153",2022,0.719811320754717,0.647457627118644
"40001",2022,0.719811320754717,0.647457627118644
"40003",2022,0.693037974683544,0.484536082474227
"40005",2022,0.719811320754717,0.647457627118644
"40007",2022,0.719811320754717,0.647457627118644
"40009",2022,0.719811320754717,0.647457627118644
"40011",2022,0.719811320754717,0.647457627118644
"40013",2022,0.595505617977528,0.527777777777778
"40015",2022,0.625,0.333333333333333
"40017",2022,0.757575757575758,0.8
"40019",2022,0.719811320754717,0.647457627118644
"40021",2022,0.719811320754717,0.647457627118644
"40023",2022,0.719811320754717,0.647457627118644
"40025",2022,0.661538461538462,0.227272727272727
"40027",2022,0.719811320754717,0.647457627118644
"40029",2022,0.719811320754717,0.647457627118644
"40031",2022,0.754756871035941,0.491379310344828
"40033",2022,0.741514360313316,0.444444444444444
"40035",2022,0.719811320754717,0.647457627118644
"40037",2022,0.719811320754717,0.647457627118644
"40039",2022,0.719811320754717,0.647457627118644
"40041",2022,0.719811320754717,0.647457627118644
"40043",2022,0.719811320754717,0.647457627118644
"40045",2022,0.719811320754717,0.647457627118644
"40047",2022,0.719811320754717,0.647457627118644
"40049",2022,0.719811320754717,0.647457627118644
"40051",2022,0.719811320754717,0.647457627118644
"40053",2022,0.719811320754717,0.647457627118644
"40055",2022,0.719811320754717,0.647457627118644
"40057",2022,0.719811320754717,0.647457627118644
"40059",2022,0.719811320754717,0.647457627118644
"40061",2022,0.719811320754717,0.647457627118644
"40063",2022,0.719811320754717,0.647457627118644
"40065",2022,0.719811320754717,0.647457627118644
"40067",2022,0.719811320754717,0.647457627118644
"40069",2022,0.719811320754717,0.647457627118644
"40071",2022,0.719811320754717,0.647457627118644
"40073",2022,0.719811320754717,0.647457627118644
"40075",2022,0.719811320754717,0.647457627118644
"40077",2022,0.719811320754717,0.647457627118644
"40079",2022,0.719811320754717,0.647457627118644
"40081",2022,0.719811320754717,0.647457627118644
"40083",2022,0.719811320754717,0.647457627118644
"40085",2022,0.719811320754717,0.647457627118644
"40087",2022,0.719811320754717,0.647457627118644
"40089",2022,0.719811320754717,0.647457627118644
"40091",2022,0.719811320754717,0.647457627118644
"40093",2022,0.719811320754717,0.647457627118644
"40095",2022,0.719811320754717,0.647457627118644
"40097",2022,0.719811320754717,0.647457627118644
"40099",2022,0.719811320754717,0.647457627118644
"40101",2022,0.719811320754717,0.647457627118644
"40103",2022,0.719811320754717,0.647457627118644
"40105",2022,0.719811320754717,0.647457627118644
"40107",2022,0.719811320754717,0.647457627118644
"40109",2022,0.719811320754717,0.647457627118644
"40111",2022,0.719811320754717,0.647457627118644
"40113",2022,0.719811320754717,0.647457627118644
"40115",2022,0.719811320754717,0.647457627118644
"40117",2022,0.719811320754717,0.647457627118644
"40119",2022,0.719811320754717,0.647457627118644
"40121",2022,0.719811320754717,0.647457627118644
"40123",2022,0.719811320754717,0.647457627118644
"40125",2022,0.719811320754717,0.647457627118644
"40127",2022,0.719811320754717,0.647457627118644
"40129",2022,0.719811320754717,0.647457627118644
"40131",2022,0.719811320754717,0.647457627118644
"40133",2022,0.719811320754717,0.647457627118644
"40135",2022,0.719811320754717,0.647457627118644
"40137",2022,0.719811320754717,0.647457627118644
"40139",2022,0.719811320754717,0.647457627118644
"40141",2022,0.719811320754717,0.647457627118644
"40143",2022,0.719811320754717,0.647457627118644
"40145",2022,0.719811320754717,0.647457627118644
"40147",2022,0.719811320754717,0.647457627118644
"40149",2022,0.719811320754717,0.647457627118644
"40151",2022,0.719811320754717,0.647457627118644
"40153",2022,0.719811320754717,0.647457627118644
"40001",2020,0.737444933920705,0.547297297297297
"40003",2020,0.693251533742331,0.515151515151515
"40005",2020,0.737444933920705,0.547297297297297
"40007",2020,0.737444933920705,0.547297297297297
"40009",2020,0.737444933920705,0.547297297297297
"40011",2020,0.737444933920705,0.547297297297297
"40013",2020,0.590361445783133,0.558823529411765
"40015",2020,0.758620689655172,0.571428571428571
"40017",2020,0.709302325581395,0.583333333333333
"40019",2020,0.737444933920705,0.547297297297297
"40021",2020,0.737444933920705,0.547297297297297
"40023",2020,0.737444933920705,0.547297297297297
"40025",2020,0.753846153846154,0.357142857142857
"40027",2020,0.737444933920705,0.547297297297297
"40029",2020,0.737444933920705,0.547297297297297
"40031",2020,0.784552845528455,0.452830188679245
"40033",2020,0.819306930693069,0.328767123287671
"40035",2020,0.737444933920705,0.547297297297297
"40037",2020,0.737444933920705,0.547297297297297
"40039",2020,0.737444933920705,0.547297297297297
"40041",2020,0.737444933920705,0.547297297297297
"40043",2020,0.737444933920705,0.547297297297297
"40045",2020,0.737444933920705,0.547297297297297
"40047",2020,0.737444933920705,0.547297297297297
"40049",2020,0.737444933920705,0.547297297297297
"40051",2020,0.737444933920705,0.547297297297297
"40053",2020,0.737444933920705,0.547297297297297
"40055",2020,0.737444933920705,0.547297297297297
"40057",2020,0.737444933920705,0.547297297297297
"40059",2020,0.737444933920705,0.547297297297297
"40061",2020,0.737444933920705,0.547297297297297
"40063",2020,0.737444933920705,0.547297297297297
"40065",2020,0.737444933920705,0.547297297297297
"40067",2020,0.737444933920705,0.547297297297297
"40069",2020,0.737444933920705,0.547297297297297
"40071",2020,0.737444933920705,0.547297297297297
"40073",2020,0.737444933920705,0.547297297297297
"40075",2020,0.737444933920705,0.547297297297297
"40077",2020,0.737444933920705,0.547297297297297
"40079",2020,0.737444933920705,0.547297297297297
"40081",2020,0.737444933920705,0.547297297297297
"40083",2020,0.737444933920705,0.547297297297297
"40085",2020,0.737444933920705,0.547297297297297
"40087",2020,0.737444933920705,0.547297297297297
"40089",2020,0.737444933920705,0.547297297297297
"40091",2020,0.737444933920705,0.547297297297297
"40093",2020,0.737444933920705,0.547297297297297
"40095",2020,0.737444933920705,0.547297297297297
"40097",2020,0.737444933920705,0.547297297297297
"40099",2020,0.737444933920705,0.547297297297297
"40101",2020,0.737444933920705,0.547297297297297
"40103",2020,0.737444933920705,0.547297297297297
"40105",2020,0.737444933920705,0.547297297297297
"40107",2020,0.737444933920705,0.547297297297297
"40109",2020,0.737444933920705,0.547297297297297
"40111",2020,0.737444933920705,0.547297297297297
"40113",2020,0.737444933920705,0.547297297297297
"40115",2020,0.737444933920705,0.547297297297297
"40117",2020,0.737444933920705,0.547297297297297
"40119",2020,0.737444933920705,0.547297297297297
"40121",2020,0.737444933920705,0.547297297297297
"40123",2020,0.737444933920705,0.547297297297297
"40125",2020,0.737444933920705,0.547297297297297
"40127",2020,0.737444933920705,0.547297297297297
"40129",2020,0.737444933920705,0.547297297297297
"40131",2020,0.737444933920705,0.547297297297297
"40133",2020,0.737444933920705,0.547297297297297
"40135",2020,0.737444933920705,0.547297297297297
"40137",2020,0.737444933920705,0.547297297297297
"40139",2020,0.737444933920705,0.547297297297297
"40141",2020,0.737444933920705,0.547297297297297
"40143",2020,0.737444933920705,0.547297297297297
"40145",2020,0.737444933920705,0.547297297297297
"40147",2020,0.737444933920705,0.547297297297297
"40149",2020,0.737444933920705,0.547297297297297
"40151",2020,0.737444933920705,0.547297297297297
"40153",2020,0.737444933920705,0.547297297297297
"40001",2020,0.737444933920705,0.547297297297297
"40003",2020,0.693251533742331,0.515151515151515
"40005",2020,0.737444933920705,0.547297297297297
"40007",2020,0.737444933920705,0.547297297297297
"40009",2020,0.737444933920705,0.547297297297297
"40011",2020,0.737444933920705,0.547297297297297
"40013",2020,0.590361445783133,0.558823529411765
"40015",2020,0.758620689655172,0.571428571428571
"40017",2020,0.709302325581395,0.583333333333333
"40019",2020,0.737444933920705,0.547297297297297
"40021",2020,0.737444933920705,0.547297297297297
"40023",2020,0.737444933920705,0.547297297297297
"40025",2020,0.753846153846154,0.357142857142857
"40027",2020,0.737444933920705,0.547297297297297
"40029",2020,0.737444933920705,0.547297297297297
"40031",2020,0.784552845528455,0.452830188679245
"40033",2020,0.819306930693069,0.328767123287671
"40035",2020,0.737444933920705,0.547297297297297
"40037",2020,0.737444933920705,0.547297297297297
"40039",2020,0.737444933920705,0.547297297297297
"40041",2020,0.737444933920705,0.547297297297297
"40043",2020,0.737444933920705,0.547297297297297
"40045",2020,0.737444933920705,0.547297297297297
"40047",2020,0.737444933920705,0.547297297297297
"40049",2020,0.737444933920705,0.547297297297297
"40051",2020,0.737444933920705,0.547297297297297
"40053",2020,0.737444933920705,0.547297297297297
"40055",2020,0.737444933920705,0.547297297297297
"40057",2020,0.737444933920705,0.547297297297297
"40059",2020,0.737444933920705,0.547297297297297
"40061",2020,0.737444933920705,0.547297297297297
"40063",2020,0.737444933920705,0.547297297297297
"40065",2020,0.737444933920705,0.547297297297297
"40067",2020,0.737444933920705,0.547297297297297
"40069",2020,0.737444933920705,0.547297297297297
"40071",2020,0.737444933920705,0.547297297297297
"40073",2020,0.737444933920705,0.547297297297297
"40075",2020,0.737444933920705,0.547297297297297
"40077",2020,0.737444933920705,0.547297297297297
"40079",2020,0.737444933920705,0.547297297297297
"40081",2020,0.737444933920705,0.547297297297297
"40083",2020,0.737444933920705,0.547297297297297
"40085",2020,0.737444933920705,0.547297297297297
"40087",2020,0.737444933920705,0.547297297297297
"40089",2020,0.737444933920705,0.547297297297297
"40091",2020,0.737444933920705,0.547297297297297
"40093",2020,0.737444933920705,0.547297297297297
"40095",2020,0.737444933920705,0.547297297297297
"40097",2020,0.737444933920705,0.547297297297297
"40099",2020,0.737444933920705,0.547297297297297
"40101",2020,0.737444933920705,0.547297297297297
"40103",2020,0.737444933920705,0.547297297297297
"40105",2020,0.737444933920705,0.547297297297297
"40107",2020,0.737444933920705,0.547297297297297
"40109",2020,0.737444933920705,0.547297297297297
"40111",2020,0.737444933920705,0.547297297297297
"40113",2020,0.737444933920705,0.547297297297297
"40115",2020,0.737444933920705,0.547297297297297
"40117",2020,0.737444933920705,0.547297297297297
"40119",2020,0.737444933920705,0.547297297297297
"40121",2020,0.737444933920705,0.547297297297297
"40123",2020,0.737444933920705,0.547297297297297
"40125",2020,0.737444933920705,0.547297297297297
"40127",2020,0.737444933920705,0.547297297297297
"40129",2020,0.737444933920705,0.547297297297297
"40131",2020,0.737444933920705,0.547297297297297
"40133",2020,0.737444933920705,0.547297297297297
"40135",2020,0.737444933920705,0.547297297297297
"40137",2020,0.737444933920705,0.547297297297297
"40139",2020,0.737444933920705,0.547297297297297
"40141",2020,0.737444933920705,0.547297297297297
"40143",2020,0.737444933920705,0.547297297297297
"40145",2020,0.737444933920705,0.547297297297297
"40147",2020,0.737444933920705,0.547297297297297
"40149",2020,0.737444933920705,0.547297297297297
"40151",2020,0.737444933920705,0.547297297297297
"40153",2020,0.737444933920705,0.547297297297297
"40001",2018,0.615531508593253,0.541528239202658
"40003",2018,0.590425531914894,0.542483660130719
"40005",2018,0.615531508593253,0.541528239202658
"40007",2018,0.615531508593253,0.541528239202658
"40009",2018,0.615531508593253,0.541528239202658
"40011",2018,0.615531508593253,0.541528239202658
"40013",2018,0.518518518518518,0.673076923076923
"40015",2018,0.647058823529412,0.416666666666667
"40017",2018,0.559055118110236,0.509090909090909
"40019",2018,0.615531508593253,0.541528239202658
"40021",2018,0.615531508593253,0.541528239202658
"40023",2018,0.615531508593253,0.541528239202658
"40025",2018,0.704347826086957,0.5
"40027",2018,0.604166666666667,0.789473684210526
"40029",2018,0.615531508593253,0.541528239202658
"40031",2018,0.67688679245283,0.525547445255474
"40033",2018,0.669941060903733,0.505952380952381
"40035",2018,0.615531508593253,0.541528239202658
"40037",2018,0.615531508593253,0.541528239202658
"40039",2018,0.615531508593253,0.541528239202658
"40041",2018,0.615531508593253,0.541528239202658
"40043",2018,0.615531508593253,0.541528239202658
"40045",2018,0.615531508593253,0.541528239202658
"40047",2018,0.615531508593253,0.541528239202658
"40049",2018,0.615531508593253,0.541528239202658
"40051",2018,0.615531508593253,0.541528239202658
"40053",2018,0.615531508593253,0.541528239202658
"40055",2018,0.615531508593253,0.541528239202658
"40057",2018,0.615531508593253,0.541528239202658
"40059",2018,0.615531508593253,0.541528239202658
"40061",2018,0.615531508593253,0.541528239202658
"40063",2018,0.615531508593253,0.541528239202658
"40065",2018,0.615531508593253,0.541528239202658
"40067",2018,0.615531508593253,0.541528239202658
"40069",2018,0.615531508593253,0.541528239202658
"40071",2018,0.615531508593253,0.541528239202658
"40073",2018,0.615531508593253,0.541528239202658
"40075",2018,0.615531508593253,0.541528239202658
"40077",2018,0.615531508593253,0.541528239202658
"40079",2018,0.615531508593253,0.541528239202658
"40081",2018,0.615531508593253,0.541528239202658
"40083",2018,0.615531508593253,0.541528239202658
"40085",2018,0.615531508593253,0.541528239202658
"40087",2018,0.615531508593253,0.541528239202658
"40089",2018,0.615531508593253,0.541528239202658
"40091",2018,0.615531508593253,0.541528239202658
"40093",2018,0.615531508593253,0.541528239202658
"40095",2018,0.615531508593253,0.541528239202658
"40097",2018,0.615531508593253,0.541528239202658
"40099",2018,0.615531508593253,0.541528239202658
"40101",2018,0.615531508593253,0.541528239202658
"40103",2018,0.615531508593253,0.541528239202658
"40105",2018,0.615531508593253,0.541528239202658
"40107",2018,0.615531508593253,0.541528239202658
"40109",2018,0.615531508593253,0.541528239202658
"40111",2018,0.615531508593253,0.541528239202658
"40113",2018,0.615531508593253,0.541528239202658
"40115",2018,0.615531508593253,0.541528239202658
"40117",2018,0.615531508593253,0.541528239202658
"40119",2018,0.615531508593253,0.541528239202658
"40121",2018,0.615531508593253,0.541528239202658
"40123",2018,0.615531508593253,0.541528239202658
"40125",2018,0.615531508593253,0.541528239202658
"40127",2018,0.615531508593253,0.541528239202658
"40129",2018,0.615531508593253,0.541528239202658
"40131",2018,0.615531508593253,0.541528239202658
"40133",2018,0.615531508593253,0.541528239202658
"40135",2018,0.615531508593253,0.541528239202658
"40137",2018,0.615531508593253,0.541528239202658
"40139",2018,0.615531508593253,0.541528239202658
"40141",2018,0.615531508593253,0.541528239202658
"40143",2018,0.615531508593253,0.541528239202658
"40145",2018,0.615531508593253,0.541528239202658
"40147",2018,0.615531508593253,0.541528239202658
"40149",2018,0.615531508593253,0.541528239202658
"40151",2018,0.615531508593253,0.541528239202658
"40153",2018,0.615531508593253,0.541528239202658
"41001",2022,0.719811320754717,0.647457627118644
"41003",2022,0.693037974683544,0.484536082474227
"41005",2022,0.719811320754717,0.647457627118644
"41007",2022,0.719811320754717,0.647457627118644
"41009",2022,0.719811320754717,0.647457627118644
"41011",2022,0.719811320754717,0.647457627118644
"41013",2022,0.595505617977528,0.527777777777778
"41015",2022,0.625,0.333333333333333
"41017",2022,0.757575757575758,0.8
"41019",2022,0.719811320754717,0.647457627118644
"41021",2022,0.719811320754717,0.647457627118644
"41023",2022,0.719811320754717,0.647457627118644
"41025",2022,0.661538461538462,0.227272727272727
"41027",2022,0.719811320754717,0.647457627118644
"41029",2022,0.719811320754717,0.647457627118644
"41031",2022,0.754756871035941,0.491379310344828
"41033",2022,0.741514360313316,0.444444444444444
"41035",2022,0.719811320754717,0.647457627118644
"41037",2022,0.719811320754717,0.647457627118644
"41039",2022,0.719811320754717,0.647457627118644
"41041",2022,0.719811320754717,0.647457627118644
"41043",2022,0.719811320754717,0.647457627118644
"41045",2022,0.719811320754717,0.647457627118644
"41047",2022,0.719811320754717,0.647457627118644
"41049",2022,0.719811320754717,0.647457627118644
"41051",2022,0.719811320754717,0.647457627118644
"41053",2022,0.719811320754717,0.647457627118644
"41055",2022,0.719811320754717,0.647457627118644
"41057",2022,0.719811320754717,0.647457627118644
"41059",2022,0.719811320754717,0.647457627118644
"41061",2022,0.719811320754717,0.647457627118644
"41063",2022,0.719811320754717,0.647457627118644
"41065",2022,0.719811320754717,0.647457627118644
"41067",2022,0.719811320754717,0.647457627118644
"41069",2022,0.719811320754717,0.647457627118644
"41071",2022,0.719811320754717,0.647457627118644
"41001",2022,0.719811320754717,0.647457627118644
"41003",2022,0.693037974683544,0.484536082474227
"41005",2022,0.719811320754717,0.647457627118644
"41007",2022,0.719811320754717,0.647457627118644
"41009",2022,0.719811320754717,0.647457627118644
"41011",2022,0.719811320754717,0.647457627118644
"41013",2022,0.595505617977528,0.527777777777778
"41015",2022,0.625,0.333333333333333
"41017",2022,0.757575757575758,0.8
"41019",2022,0.719811320754717,0.647457627118644
"41021",2022,0.719811320754717,0.647457627118644
"41023",2022,0.719811320754717,0.647457627118644
"41025",2022,0.661538461538462,0.227272727272727
"41027",2022,0.719811320754717,0.647457627118644
"41029",2022,0.719811320754717,0.647457627118644
"41031",2022,0.754756871035941,0.491379310344828
"41033",2022,0.741514360313316,0.444444444444444
"41035",2022,0.719811320754717,0.647457627118644
"41037",2022,0.719811320754717,0.647457627118644
"41039",2022,0.719811320754717,0.647457627118644
"41041",2022,0.719811320754717,0.647457627118644
"41043",2022,0.719811320754717,0.647457627118644
"41045",2022,0.719811320754717,0.647457627118644
"41047",2022,0.719811320754717,0.647457627118644
"41049",2022,0.719811320754717,0.647457627118644
"41051",2022,0.719811320754717,0.647457627118644
"41053",2022,0.719811320754717,0.647457627118644
"41055",2022,0.719811320754717,0.647457627118644
"41057",2022,0.719811320754717,0.647457627118644
"41059",2022,0.719811320754717,0.647457627118644
"41061",2022,0.719811320754717,0.647457627118644
"41063",2022,0.719811320754717,0.647457627118644
"41065",2022,0.719811320754717,0.647457627118644
"41067",2022,0.719811320754717,0.647457627118644
"41069",2022,0.719811320754717,0.647457627118644
"41071",2022,0.719811320754717,0.647457627118644
"41001",2020,0.737444933920705,0.547297297297297
"41003",2020,0.693251533742331,0.515151515151515
"41005",2020,0.737444933920705,0.547297297297297
"41007",2020,0.737444933920705,0.547297297297297
"41009",2020,0.737444933920705,0.547297297297297
"41011",2020,0.737444933920705,0.547297297297297
"41013",2020,0.590361445783133,0.558823529411765
"41015",2020,0.758620689655172,0.571428571428571
"41017",2020,0.709302325581395,0.583333333333333
"41019",2020,0.737444933920705,0.547297297297297
"41021",2020,0.737444933920705,0.547297297297297
"41023",2020,0.737444933920705,0.547297297297297
"41025",2020,0.753846153846154,0.357142857142857
"41027",2020,0.737444933920705,0.547297297297297
"41029",2020,0.737444933920705,0.547297297297297
"41031",2020,0.784552845528455,0.452830188679245
"41033",2020,0.819306930693069,0.328767123287671
"41035",2020,0.737444933920705,0.547297297297297
"41037",2020,0.737444933920705,0.547297297297297
"41039",2020,0.737444933920705,0.547297297297297
"41041",2020,0.737444933920705,0.547297297297297
"41043",2020,0.737444933920705,0.547297297297297
"41045",2020,0.737444933920705,0.547297297297297
"41047",2020,0.737444933920705,0.547297297297297
"41049",2020,0.737444933920705,0.547297297297297
"41051",2020,0.737444933920705,0.547297297297297
"41053",2020,0.737444933920705,0.547297297297297
"41055",2020,0.737444933920705,0.547297297297297
"41057",2020,0.737444933920705,0.547297297297297
"41059",2020,0.737444933920705,0.547297297297297
"41061",2020,0.737444933920705,0.547297297297297
"41063",2020,0.737444933920705,0.547297297297297
"41065",2020,0.737444933920705,0.547297297297297
"41067",2020,0.737444933920705,0.547297297297297
"41069",2020,0.737444933920705,0.547297297297297
"41071",2020,0.737444933920705,0.547297297297297
"41001",2020,0.737444933920705,0.547297297297297
"41003",2020,0.693251533742331,0.515151515151515
"41005",2020,0.737444933920705,0.547297297297297
"41007",2020,0.737444933920705,0.547297297297297
"41009",2020,0.737444933920705,0.547297297297297
"41011",2020,0.737444933920705,0.547297297297297
"41013",2020,0.590361445783133,0.558823529411765
"41015",2020,0.758620689655172,0.571428571428571
"41017",2020,0.709302325581395,0.583333333333333
"41019",2020,0.737444933920705,0.547297297297297
"41021",2020,0.737444933920705,0.547297297297297
"41023",2020,0.737444933920705,0.547297297297297
"41025",2020,0.753846153846154,0.357142857142857
"41027",2020,0.737444933920705,0.547297297297297
"41029",2020,0.737444933920705,0.547297297297297
"41031",2020,0.784552845528455,0.452830188679245
"41033",2020,0.819306930693069,0.328767123287671
"41035",2020,0.737444933920705,0.547297297297297
"41037",2020,0.737444933920705,0.547297297297297
"41039",2020,0.737444933920705,0.547297297297297
"41041",2020,0.737444933920705,0.547297297297297
"41043",2020,0.737444933920705,0.547297297297297
"41045",2020,0.737444933920705,0.547297297297297
"41047",2020,0.737444933920705,0.547297297297297
"41049",2020,0.737444933920705,0.547297297297297
"41051",2020,0.737444933920705,0.547297297297297
"41053",2020,0.737444933920705,0.547297297297297
"41055",2020,0.737444933920705,0.547297297297297
"41057",2020,0.737444933920705,0.547297297297297
"41059",2020,0.737444933920705,0.547297297297297
"41061",2020,0.737444933920705,0.547297297297297
"41063",2020,0.737444933920705,0.547297297297297
"41065",2020,0.737444933920705,0.547297297297297
"41067",2020,0.737444933920705,0.547297297297297
"41069",2020,0.737444933920705,0.547297297297297
"41071",2020,0.737444933920705,0.547297297297297
"41001",2018,0.615531508593253,0.541528239202658
"41003",2018,0.590425531914894,0.542483660130719
"41005",2018,0.615531508593253,0.541528239202658
"41007",2018,0.615531508593253,0.541528239202658
"41009",2018,0.615531508593253,0.541528239202658
"41011",2018,0.615531508593253,0.541528239202658
"41013",2018,0.518518518518518,0.673076923076923
"41015",2018,0.647058823529412,0.416666666666667
"41017",2018,0.559055118110236,0.509090909090909
"41019",2018,0.615531508593253,0.541528239202658
"41021",2018,0.615531508593253,0.541528239202658
"41023",2018,0.615531508593253,0.541528239202658
"41025",2018,0.704347826086957,0.5
"41027",2018,0.604166666666667,0.789473684210526
"41029",2018,0.615531508593253,0.541528239202658
"41031",2018,0.67688679245283,0.525547445255474
"41033",2018,0.669941060903733,0.505952380952381
"41035",2018,0.615531508593253,0.541528239202658
"41037",2018,0.615531508593253,0.541528239202658
"41039",2018,0.615531508593253,0.541528239202658
"41041",2018,0.615531508593253,0.541528239202658
"41043",2018,0.615531508593253,0.541528239202658
"41045",2018,0.615531508593253,0.541528239202658
"41047",2018,0.615531508593253,0.541528239202658
"41049",2018,0.615531508593253,0.541528239202658
"41051",2018,0.615531508593253,0.541528239202658
"41053",2018,0.615531508593253,0.541528239202658
"41055",2018,0.615531508593253,0.541528239202658
"41057",2018,0.615531508593253,0.541528239202658
"41059",2018,0.615531508593253,0.541528239202658
"41061",2018,0.615531508593253,0.541528239202658
"41063",2018,0.615531508593253,0.541528239202658
"41065",2018,0.615531508593253,0.541528239202658
"41067",2018,0.615531508593253,0.541528239202658
"41069",2018,0.615531508593253,0.541528239202658
"41071",2018,0.615531508593253,0.541528239202658
"42001",2022,0.719811320754717,0.647457627118644
"42003",2022,0.693037974683544,0.484536082474227
"42005",2022,0.719811320754717,0.647457627118644
"42007",2022,0.719811320754717,0.647457627118644
"42009",2022,0.719811320754717,0.647457627118644
"42011",2022,0.719811320754717,0.647457627118644
"42013",2022,0.595505617977528,0.527777777777778
"42015",2022,0.625,0.333333333333333
"42017",2022,0.757575757575758,0.8
"42019",2022,0.719811320754717,0.647457627118644
"42021",2022,0.719811320754717,0.647457627118644
"42023",2022,0.719811320754717,0.647457627118644
"42025",2022,0.661538461538462,0.227272727272727
"42027",2022,0.719811320754717,0.647457627118644
"42029",2022,0.719811320754717,0.647457627118644
"42031",2022,0.754756871035941,0.491379310344828
"42033",2022,0.741514360313316,0.444444444444444
"42035",2022,0.719811320754717,0.647457627118644
"42037",2022,0.719811320754717,0.647457627118644
"42039",2022,0.719811320754717,0.647457627118644
"42041",2022,0.719811320754717,0.647457627118644
"42043",2022,0.719811320754717,0.647457627118644
"42045",2022,0.719811320754717,0.647457627118644
"42047",2022,0.719811320754717,0.647457627118644
"42049",2022,0.719811320754717,0.647457627118644
"42051",2022,0.719811320754717,0.647457627118644
"42053",2022,0.719811320754717,0.647457627118644
"42055",2022,0.719811320754717,0.647457627118644
"42057",2022,0.719811320754717,0.647457627118644
"42059",2022,0.719811320754717,0.647457627118644
"42061",2022,0.719811320754717,0.647457627118644
"42063",2022,0.719811320754717,0.647457627118644
"42065",2022,0.719811320754717,0.647457627118644
"42067",2022,0.719811320754717,0.647457627118644
"42069",2022,0.719811320754717,0.647457627118644
"42071",2022,0.719811320754717,0.647457627118644
"42073",2022,0.719811320754717,0.647457627118644
"42075",2022,0.719811320754717,0.647457627118644
"42077",2022,0.719811320754717,0.647457627118644
"42079",2022,0.719811320754717,0.647457627118644
"42081",2022,0.719811320754717,0.647457627118644
"42083",2022,0.719811320754717,0.647457627118644
"42085",2022,0.719811320754717,0.647457627118644
"42087",2022,0.719811320754717,0.647457627118644
"42089",2022,0.719811320754717,0.647457627118644
"42091",2022,0.719811320754717,0.647457627118644
"42093",2022,0.719811320754717,0.647457627118644
"42095",2022,0.719811320754717,0.647457627118644
"42097",2022,0.719811320754717,0.647457627118644
"42099",2022,0.719811320754717,0.647457627118644
"42101",2022,0.719811320754717,0.647457627118644
"42103",2022,0.719811320754717,0.647457627118644
"42105",2022,0.719811320754717,0.647457627118644
"42107",2022,0.719811320754717,0.647457627118644
"42109",2022,0.719811320754717,0.647457627118644
"42111",2022,0.719811320754717,0.647457627118644
"42113",2022,0.719811320754717,0.647457627118644
"42115",2022,0.719811320754717,0.647457627118644
"42117",2022,0.719811320754717,0.647457627118644
"42119",2022,0.719811320754717,0.647457627118644
"42121",2022,0.719811320754717,0.647457627118644
"42123",2022,0.719811320754717,0.647457627118644
"42125",2022,0.719811320754717,0.647457627118644
"42127",2022,0.719811320754717,0.647457627118644
"42129",2022,0.719811320754717,0.647457627118644
"42131",2022,0.719811320754717,0.647457627118644
"42133",2022,0.719811320754717,0.647457627118644
"42001",2022,0.719811320754717,0.647457627118644
"42003",2022,0.693037974683544,0.484536082474227
"42005",2022,0.719811320754717,0.647457627118644
"42007",2022,0.719811320754717,0.647457627118644
"42009",2022,0.719811320754717,0.647457627118644
"42011",2022,0.719811320754717,0.647457627118644
"42013",2022,0.595505617977528,0.527777777777778
"42015",2022,0.625,0.333333333333333
"42017",2022,0.757575757575758,0.8
"42019",2022,0.719811320754717,0.647457627118644
"42021",2022,0.719811320754717,0.647457627118644
"42023",2022,0.719811320754717,0.647457627118644
"42025",2022,0.661538461538462,0.227272727272727
"42027",2022,0.719811320754717,0.647457627118644
"42029",2022,0.719811320754717,0.647457627118644
"42031",2022,0.754756871035941,0.491379310344828
"42033",2022,0.741514360313316,0.444444444444444
"42035",2022,0.719811320754717,0.647457627118644
"42037",2022,0.719811320754717,0.647457627118644
"42039",2022,0.719811320754717,0.647457627118644
"42041",2022,0.719811320754717,0.647457627118644
"42043",2022,0.719811320754717,0.647457627118644
"42045",2022,0.719811320754717,0.647457627118644
"42047",2022,0.719811320754717,0.647457627118644
"42049",2022,0.719811320754717,0.647457627118644
"42051",2022,0.719811320754717,0.647457627118644
"42053",2022,0.719811320754717,0.647457627118644
"42055",2022,0.719811320754717,0.647457627118644
"42057",2022,0.719811320754717,0.647457627118644
"42059",2022,0.719811320754717,0.647457627118644
"42061",2022,0.719811320754717,0.647457627118644
"42063",2022,0.719811320754717,0.647457627118644
"42065",2022,0.719811320754717,0.647457627118644
"42067",2022,0.719811320754717,0.647457627118644
"42069",2022,0.719811320754717,0.647457627118644
"42071",2022,0.719811320754717,0.647457627118644
"42073",2022,0.719811320754717,0.647457627118644
"42075",2022,0.719811320754717,0.647457627118644
"42077",2022,0.719811320754717,0.647457627118644
"42079",2022,0.719811320754717,0.647457627118644
"42081",2022,0.719811320754717,0.647457627118644
"42083",2022,0.719811320754717,0.647457627118644
"42085",2022,0.719811320754717,0.647457627118644
"42087",2022,0.719811320754717,0.647457627118644
"42089",2022,0.719811320754717,0.647457627118644
"42091",2022,0.719811320754717,0.647457627118644
"42093",2022,0.719811320754717,0.647457627118644
"42095",2022,0.719811320754717,0.647457627118644
"42097",2022,0.719811320754717,0.647457627118644
"42099",2022,0.719811320754717,0.647457627118644
"42101",2022,0.719811320754717,0.647457627118644
"42103",2022,0.719811320754717,0.647457627118644
"42105",2022,0.719811320754717,0.647457627118644
"42107",2022,0.719811320754717,0.647457627118644
"42109",2022,0.719811320754717,0.647457627118644
"42111",2022,0.719811320754717,0.647457627118644
"42113",2022,0.719811320754717,0.647457627118644
"42115",2022,0.719811320754717,0.647457627118644
"42117",2022,0.719811320754717,0.647457627118644
"42119",2022,0.719811320754717,0.647457627118644
"42121",2022,0.719811320754717,0.647457627118644
"42123",2022,0.719811320754717,0.647457627118644
"42125",2022,0.719811320754717,0.647457627118644
"42127",2022,0.719811320754717,0.647457627118644
"42129",2022,0.719811320754717,0.647457627118644
"42131",2022,0.719811320754717,0.647457627118644
"42133",2022,0.719811320754717,0.647457627118644
"42001",2020,0.737444933920705,0.547297297297297
"42003",2020,0.693251533742331,0.515151515151515
"42005",2020,0.737444933920705,0.547297297297297
"42007",2020,0.737444933920705,0.547297297297297
"42009",2020,0.737444933920705,0.547297297297297
"42011",2020,0.737444933920705,0.547297297297297
"42013",2020,0.590361445783133,0.558823529411765
"42015",2020,0.758620689655172,0.571428571428571
"42017",2020,0.709302325581395,0.583333333333333
"42019",2020,0.737444933920705,0.547297297297297
"42021",2020,0.737444933920705,0.547297297297297
"42023",2020,0.737444933920705,0.547297297297297
"42025",2020,0.753846153846154,0.357142857142857
"42027",2020,0.737444933920705,0.547297297297297
"42029",2020,0.737444933920705,0.547297297297297
"42031",2020,0.784552845528455,0.452830188679245
"42033",2020,0.819306930693069,0.328767123287671
"42035",2020,0.737444933920705,0.547297297297297
"42037",2020,0.737444933920705,0.547297297297297
"42039",2020,0.737444933920705,0.547297297297297
"42041",2020,0.737444933920705,0.547297297297297
"42043",2020,0.737444933920705,0.547297297297297
"42045",2020,0.737444933920705,0.547297297297297
"42047",2020,0.737444933920705,0.547297297297297
"42049",2020,0.737444933920705,0.547297297297297
"42051",2020,0.737444933920705,0.547297297297297
"42053",2020,0.737444933920705,0.547297297297297
"42055",2020,0.737444933920705,0.547297297297297
"42057",2020,0.737444933920705,0.547297297297297
"42059",2020,0.737444933920705,0.547297297297297
"42061",2020,0.737444933920705,0.547297297297297
"42063",2020,0.737444933920705,0.547297297297297
"42065",2020,0.737444933920705,0.547297297297297
"42067",2020,0.737444933920705,0.547297297297297
"42069",2020,0.737444933920705,0.547297297297297
"42071",2020,0.737444933920705,0.547297297297297
"42073",2020,0.737444933920705,0.547297297297297
"42075",2020,0.737444933920705,0.547297297297297
"42077",2020,0.737444933920705,0.547297297297297
"42079",2020,0.737444933920705,0.547297297297297
"42081",2020,0.737444933920705,0.547297297297297
"42083",2020,0.737444933920705,0.547297297297297
"42085",2020,0.737444933920705,0.547297297297297
"42087",2020,0.737444933920705,0.547297297297297
"42089",2020,0.737444933920705,0.547297297297297
"42091",2020,0.737444933920705,0.547297297297297
"42093",2020,0.737444933920705,0.547297297297297
"42095",2020,0.737444933920705,0.547297297297297
"42097",2020,0.737444933920705,0.547297297297297
"42099",2020,0.737444933920705,0.547297297297297
"42101",2020,0.737444933920705,0.547297297297297
"42103",2020,0.737444933920705,0.547297297297297
"42105",2020,0.737444933920705,0.547297297297297
"42107",2020,0.737444933920705,0.547297297297297
"42109",2020,0.737444933920705,0.547297297297297
"42111",2020,0.737444933920705,0.547297297297297
"42113",2020,0.737444933920705,0.547297297297297
"42115",2020,0.737444933920705,0.547297297297297
"42117",2020,0.737444933920705,0.547297297297297
"42119",2020,0.737444933920705,0.547297297297297
"42121",2020,0.737444933920705,0.547297297297297
"42123",2020,0.737444933920705,0.547297297297297
"42125",2020,0.737444933920705,0.547297297297297
"42127",2020,0.737444933920705,0.547297297297297
"42129",2020,0.737444933920705,0.547297297297297
"42131",2020,0.737444933920705,0.547297297297297
"42133",2020,0.737444933920705,0.547297297297297
"42001",2020,0.737444933920705,0.547297297297297
"42003",2020,0.693251533742331,0.515151515151515
"42005",2020,0.737444933920705,0.547297297297297
"42007",2020,0.737444933920705,0.547297297297297
"42009",2020,0.737444933920705,0.547297297297297
"42011",2020,0.737444933920705,0.547297297297297
"42013",2020,0.590361445783133,0.558823529411765
"42015",2020,0.758620689655172,0.571428571428571
"42017",2020,0.709302325581395,0.583333333333333
"42019",2020,0.737444933920705,0.547297297297297
"42021",2020,0.737444933920705,0.547297297297297
"42023",2020,0.737444933920705,0.547297297297297
"42025",2020,0.753846153846154,0.357142857142857
"42027",2020,0.737444933920705,0.547297297297297
"42029",2020,0.737444933920705,0.547297297297297
"42031",2020,0.784552845528455,0.452830188679245
"42033",2020,0.819306930693069,0.328767123287671
"42035",2020,0.737444933920705,0.547297297297297
"42037",2020,0.737444933920705,0.547297297297297
"42039",2020,0.737444933920705,0.547297297297297
"42041",2020,0.737444933920705,0.547297297297297
"42043",2020,0.737444933920705,0.547297297297297
"42045",2020,0.737444933920705,0.547297297297297
"42047",2020,0.737444933920705,0.547297297297297
"42049",2020,0.737444933920705,0.547297297297297
"42051",2020,0.737444933920705,0.547297297297297
"42053",2020,0.737444933920705,0.547297297297297
"42055",2020,0.737444933920705,0.547297297297297
"42057",2020,0.737444933920705,0.547297297297297
"42059",2020,0.737444933920705,0.547297297297297
"42061",2020,0.737444933920705,0.547297297297297
"42063",2020,0.737444933920705,0.547297297297297
"42065",2020,0.737444933920705,0.547297297297297
"42067",2020,0.737444933920705,0.547297297297297
"42069",2020,0.737444933920705,0.547297297297297
"42071",2020,0.737444933920705,0.547297297297297
"42073",2020,0.737444933920705,0.547297297297297
"42075",2020,0.737444933920705,0.547297297297297
"42077",2020,0.737444933920705,0.547297297297297
"42079",2020,0.737444933920705,0.547297297297297
"42081",2020,0.737444933920705,0.547297297297297
"42083",2020,0.737444933920705,0.547297297297297
"42085",2020,0.737444933920705,0.547297297297297
"42087",2020,0.737444933920705,0.547297297297297
"42089",2020,0.737444933920705,0.547297297297297
"42091",2020,0.737444933920705,0.547297297297297
"42093",2020,0.737444933920705,0.547297297297297
"42095",2020,0.737444933920705,0.547297297297297
"42097",2020,0.737444933920705,0.547297297297297
"42099",2020,0.737444933920705,0.547297297297297
"42101",2020,0.737444933920705,0.547297297297297
"42103",2020,0.737444933920705,0.547297297297297
"42105",2020,0.737444933920705,0.547297297297297
"42107",2020,0.737444933920705,0.547297297297297
"42109",2020,0.737444933920705,0.547297297297297
"42111",2020,0.737444933920705,0.547297297297297
"42113",2020,0.737444933920705,0.547297297297297
"42115",2020,0.737444933920705,0.547297297297297
"42117",2020,0.737444933920705,0.547297297297297
"42119",2020,0.737444933920705,0.547297297297297
"42121",2020,0.737444933920705,0.547297297297297
"42123",2020,0.737444933920705,0.547297297297297
"42125",2020,0.737444933920705,0.547297297297297
"42127",2020,0.737444933920705,0.547297297297297
"42129",2020,0.737444933920705,0.547297297297297
"42131",2020,0.737444933920705,0.547297297297297
"42133",2020,0.737444933920705,0.547297297297297
"42001",2018,0.615531508593253,0.541528239202658
"42003",2018,0.590425531914894,0.542483660130719
"42005",2018,0.615531508593253,0.541528239202658
"42007",2018,0.615531508593253,0.541528239202658
"42009",2018,0.615531508593253,0.541528239202658
"42011",2018,0.615531508593253,0.541528239202658
"42013",2018,0.518518518518518,0.673076923076923
"42015",2018,0.647058823529412,0.416666666666667
"42017",2018,0.559055118110236,0.509090909090909
"42019",2018,0.615531508593253,0.541528239202658
"42021",2018,0.615531508593253,0.541528239202658
"42023",2018,0.615531508593253,0.541528239202658
"42025",2018,0.704347826086957,0.5
"42027",2018,0.604166666666667,0.789473684210526
"42029",2018,0.615531508593253,0.541528239202658
"42031",2018,0.67688679245283,0.525547445255474
"42033",2018,0.669941060903733,0.505952380952381
"42035",2018,0.615531508593253,0.541528239202658
"42037",2018,0.615531508593253,0.541528239202658
"42039",2018,0.615531508593253,0.541528239202658
"42041",2018,0.615531508593253,0.541528239202658
"42043",2018,0.615531508593253,0.541528239202658
"42045",2018,0.615531508593253,0.541528239202658
"42047",2018,0.615531508593253,0.541528239202658
"42049",2018,0.615531508593253,0.541528239202658
"42051",2018,0.615531508593253,0.541528239202658
"42053",2018,0.615531508593253,0.541528239202658
"42055",2018,0.615531508593253,0.541528239202658
"42057",2018,0.615531508593253,0.541528239202658
"42059",2018,0.615531508593253,0.541528239202658
"42061",2018,0.615531508593253,0.541528239202658
"42063",2018,0.615531508593253,0.541528239202658
"42065",2018,0.615531508593253,0.541528239202658
"42067",2018,0.615531508593253,0.541528239202658
"42069",2018,0.615531508593253,0.541528239202658
"42071",2018,0.615531508593253,0.541528239202658
"42073",2018,0.615531508593253,0.541528239202658
"42075",2018,0.615531508593253,0.541528239202658
"42077",2018,0.615531508593253,0.541528239202658
"42079",2018,0.615531508593253,0.541528239202658
"42081",2018,0.615531508593253,0.541528239202658
"42083",2018,0.615531508593253,0.541528239202658
"42085",2018,0.615531508593253,0.541528239202658
"42087",2018,0.615531508593253,0.541528239202658
"42089",2018,0.615531508593253,0.541528239202658
"42091",2018,0.615531508593253,0.541528239202658
"42093",2018,0.615531508593253,0.541528239202658
"42095",2018,0.615531508593253,0.541528239202658
"42097",2018,0.615531508593253,0.541528239202658
"42099",2018,0.615531508593253,0.541528239202658
"42101",2018,0.615531508593253,0.541528239202658
"42103",2018,0.615531508593253,0.541528239202658
"42105",2018,0.615531508593253,0.541528239202658
"42107",2018,0.615531508593253,0.541528239202658
"42109",2018,0.615531508593253,0.541528239202658
"42111",2018,0.615531508593253,0.541528239202658
"42113",2018,0.615531508593253,0.541528239202658
"42115",2018,0.615531508593253,0.541528239202658
"42117",2018,0.615531508593253,0.541528239202658
"42119",2018,0.615531508593253,0.541528239202658
"42121",2018,0.615531508593253,0.541528239202658
"42123",2018,0.615531508593253,0.541528239202658
"42125",2018,0.615531508593253,0.541528239202658
"42127",2018,0.615531508593253,0.541528239202658
"42129",2018,0.615531508593253,0.541528239202658
"42131",2018,0.615531508593253,0.541528239202658
"42133",2018,0.615531508593253,0.541528239202658
"44001",2022,0.719811320754717,0.647457627118644
"44003",2022,0.693037974683544,0.484536082474227
"44005",2022,0.719811320754717,0.647457627118644
"44007",2022,0.719811320754717,0.647457627118644
"44009",2022,0.719811320754717,0.647457627118644
"44001",2022,0.719811320754717,0.647457627118644
"44003",2022,0.693037974683544,0.484536082474227
"44005",2022,0.719811320754717,0.647457627118644
"44007",2022,0.719811320754717,0.647457627118644
"44009",2022,0.719811320754717,0.647457627118644
"44001",2020,0.737444933920705,0.547297297297297
"44003",2020,0.693251533742331,0.515151515151515
"44005",2020,0.737444933920705,0.547297297297297
"44007",2020,0.737444933920705,0.547297297297297
"44009",2020,0.737444933920705,0.547297297297297
"44001",2020,0.737444933920705,0.547297297297297
"44003",2020,0.693251533742331,0.515151515151515
"44005",2020,0.737444933920705,0.547297297297297
"44007",2020,0.737444933920705,0.547297297297297
"44009",2020,0.737444933920705,0.547297297297297
"44001",2018,0.615531508593253,0.541528239202658
"44003",2018,0.590425531914894,0.542483660130719
"44005",2018,0.615531508593253,0.541528239202658
"44007",2018,0.615531508593253,0.541528239202658
"44009",2018,0.615531508593253,0.541528239202658
"45001",2022,0.719811320754717,0.647457627118644
"45003",2022,0.693037974683544,0.484536082474227
"45005",2022,0.719811320754717,0.647457627118644
"45007",2022,0.719811320754717,0.647457627118644
"45009",2022,0.719811320754717,0.647457627118644
"45011",2022,0.719811320754717,0.647457627118644
"45013",2022,0.595505617977528,0.527777777777778
"45015",2022,0.625,0.333333333333333
"45017",2022,0.757575757575758,0.8
"45019",2022,0.719811320754717,0.647457627118644
"45021",2022,0.719811320754717,0.647457627118644
"45023",2022,0.719811320754717,0.647457627118644
"45025",2022,0.661538461538462,0.227272727272727
"45027",2022,0.719811320754717,0.647457627118644
"45029",2022,0.719811320754717,0.647457627118644
"45031",2022,0.754756871035941,0.491379310344828
"45033",2022,0.741514360313316,0.444444444444444
"45035",2022,0.719811320754717,0.647457627118644
"45037",2022,0.719811320754717,0.647457627118644
"45039",2022,0.719811320754717,0.647457627118644
"45041",2022,0.719811320754717,0.647457627118644
"45043",2022,0.719811320754717,0.647457627118644
"45045",2022,0.719811320754717,0.647457627118644
"45047",2022,0.719811320754717,0.647457627118644
"45049",2022,0.719811320754717,0.647457627118644
"45051",2022,0.719811320754717,0.647457627118644
"45053",2022,0.719811320754717,0.647457627118644
"45055",2022,0.719811320754717,0.647457627118644
"45057",2022,0.719811320754717,0.647457627118644
"45059",2022,0.719811320754717,0.647457627118644
"45061",2022,0.719811320754717,0.647457627118644
"45063",2022,0.719811320754717,0.647457627118644
"45065",2022,0.719811320754717,0.647457627118644
"45067",2022,0.719811320754717,0.647457627118644
"45069",2022,0.719811320754717,0.647457627118644
"45071",2022,0.719811320754717,0.647457627118644
"45073",2022,0.719811320754717,0.647457627118644
"45075",2022,0.719811320754717,0.647457627118644
"45077",2022,0.719811320754717,0.647457627118644
"45079",2022,0.719811320754717,0.647457627118644
"45081",2022,0.719811320754717,0.647457627118644
"45083",2022,0.719811320754717,0.647457627118644
"45085",2022,0.719811320754717,0.647457627118644
"45087",2022,0.719811320754717,0.647457627118644
"45089",2022,0.719811320754717,0.647457627118644
"45091",2022,0.719811320754717,0.647457627118644
"45001",2022,0.719811320754717,0.647457627118644
"45003",2022,0.693037974683544,0.484536082474227
"45005",2022,0.719811320754717,0.647457627118644
"45007",2022,0.719811320754717,0.647457627118644
"45009",2022,0.719811320754717,0.647457627118644
"45011",2022,0.719811320754717,0.647457627118644
"45013",2022,0.595505617977528,0.527777777777778
"45015",2022,0.625,0.333333333333333
"45017",2022,0.757575757575758,0.8
"45019",2022,0.719811320754717,0.647457627118644
"45021",2022,0.719811320754717,0.647457627118644
"45023",2022,0.719811320754717,0.647457627118644
"45025",2022,0.661538461538462,0.227272727272727
"45027",2022,0.719811320754717,0.647457627118644
"45029",2022,0.719811320754717,0.647457627118644
"45031",2022,0.754756871035941,0.491379310344828
"45033",2022,0.741514360313316,0.444444444444444
"45035",2022,0.719811320754717,0.647457627118644
"45037",2022,0.719811320754717,0.647457627118644
"45039",2022,0.719811320754717,0.647457627118644
"45041",2022,0.719811320754717,0.647457627118644
"45043",2022,0.719811320754717,0.647457627118644
"45045",2022,0.719811320754717,0.647457627118644
"45047",2022,0.719811320754717,0.647457627118644
"45049",2022,0.719811320754717,0.647457627118644
"45051",2022,0.719811320754717,0.647457627118644
"45053",2022,0.719811320754717,0.647457627118644
"45055",2022,0.719811320754717,0.647457627118644
"45057",2022,0.719811320754717,0.647457627118644
"45059",2022,0.719811320754717,0.647457627118644
"45061",2022,0.719811320754717,0.647457627118644
"45063",2022,0.719811320754717,0.647457627118644
"45065",2022,0.719811320754717,0.647457627118644
"45067",2022,0.719811320754717,0.647457627118644
"45069",2022,0.719811320754717,0.647457627118644
"45071",2022,0.719811320754717,0.647457627118644
"45073",2022,0.719811320754717,0.647457627118644
"45075",2022,0.719811320754717,0.647457627118644
"45077",2022,0.719811320754717,0.647457627118644
"45079",2022,0.719811320754717,0.647457627118644
"45081",2022,0.719811320754717,0.647457627118644
"45083",2022,0.719811320754717,0.647457627118644
"45085",2022,0.719811320754717,0.647457627118644
"45087",2022,0.719811320754717,0.647457627118644
"45089",2022,0.719811320754717,0.647457627118644
"45091",2022,0.719811320754717,0.647457627118644
"45001",2020,0.737444933920705,0.547297297297297
"45003",2020,0.693251533742331,0.515151515151515
"45005",2020,0.737444933920705,0.547297297297297
"45007",2020,0.737444933920705,0.547297297297297
"45009",2020,0.737444933920705,0.547297297297297
"45011",2020,0.737444933920705,0.547297297297297
"45013",2020,0.590361445783133,0.558823529411765
"45015",2020,0.758620689655172,0.571428571428571
"45017",2020,0.709302325581395,0.583333333333333
"45019",2020,0.737444933920705,0.547297297297297
"45021",2020,0.737444933920705,0.547297297297297
"45023",2020,0.737444933920705,0.547297297297297
"45025",2020,0.753846153846154,0.357142857142857
"45027",2020,0.737444933920705,0.547297297297297
"45029",2020,0.737444933920705,0.547297297297297
"45031",2020,0.784552845528455,0.452830188679245
"45033",2020,0.819306930693069,0.328767123287671
"45035",2020,0.737444933920705,0.547297297297297
"45037",2020,0.737444933920705,0.547297297297297
"45039",2020,0.737444933920705,0.547297297297297
"45041",2020,0.737444933920705,0.547297297297297
"45043",2020,0.737444933920705,0.547297297297297
"45045",2020,0.737444933920705,0.547297297297297
"45047",2020,0.737444933920705,0.547297297297297
"45049",2020,0.737444933920705,0.547297297297297
"45051",2020,0.737444933920705,0.547297297297297
"45053",2020,0.737444933920705,0.547297297297297
"45055",2020,0.737444933920705,0.547297297297297
"45057",2020,0.737444933920705,0.547297297297297
"45059",2020,0.737444933920705,0.547297297297297
"45061",2020,0.737444933920705,0.547297297297297
"45063",2020,0.737444933920705,0.547297297297297
"45065",2020,0.737444933920705,0.547297297297297
"45067",2020,0.737444933920705,0.547297297297297
"45069",2020,0.737444933920705,0.547297297297297
"45071",2020,0.737444933920705,0.547297297297297
"45073",2020,0.737444933920705,0.547297297297297
"45075",2020,0.737444933920705,0.547297297297297
"45077",2020,0.737444933920705,0.547297297297297
"45079",2020,0.737444933920705,0.547297297297297
"45081",2020,0.737444933920705,0.547297297297297
"45083",2020,0.737444933920705,0.547297297297297
"45085",2020,0.737444933920705,0.547297297297297
"45087",2020,0.737444933920705,0.547297297297297
"45089",2020,0.737444933920705,0.547297297297297
"45091",2020,0.737444933920705,0.547297297297297
"45001",2020,0.737444933920705,0.547297297297297
"45003",2020,0.693251533742331,0.515151515151515
"45005",2020,0.737444933920705,0.547297297297297
"45007",2020,0.737444933920705,0.547297297297297
"45009",2020,0.737444933920705,0.547297297297297
"45011",2020,0.737444933920705,0.547297297297297
"45013",2020,0.590361445783133,0.558823529411765
"45015",2020,0.758620689655172,0.571428571428571
"45017",2020,0.709302325581395,0.583333333333333
"45019",2020,0.737444933920705,0.547297297297297
"45021",2020,0.737444933920705,0.547297297297297
"45023",2020,0.737444933920705,0.547297297297297
"45025",2020,0.753846153846154,0.357142857142857
"45027",2020,0.737444933920705,0.547297297297297
"45029",2020,0.737444933920705,0.547297297297297
"45031",2020,0.784552845528455,0.452830188679245
"45033",2020,0.819306930693069,0.328767123287671
"45035",2020,0.737444933920705,0.547297297297297
"45037",2020,0.737444933920705,0.547297297297297
"45039",2020,0.737444933920705,0.547297297297297
"45041",2020,0.737444933920705,0.547297297297297
"45043",2020,0.737444933920705,0.547297297297297
"45045",2020,0.737444933920705,0.547297297297297
"45047",2020,0.737444933920705,0.547297297297297
"45049",2020,0.737444933920705,0.547297297297297
"45051",2020,0.737444933920705,0.547297297297297
"45053",2020,0.737444933920705,0.547297297297297
"45055",2020,0.737444933920705,0.547297297297297
"45057",2020,0.737444933920705,0.547297297297297
"45059",2020,0.737444933920705,0.547297297297297
"45061",2020,0.737444933920705,0.547297297297297
"45063",2020,0.737444933920705,0.547297297297297
"45065",2020,0.737444933920705,0.547297297297297
"45067",2020,0.737444933920705,0.547297297297297
"45069",2020,0.737444933920705,0.547297297297297
"45071",2020,0.737444933920705,0.547297297297297
"45073",2020,0.737444933920705,0.547297297297297
"45075",2020,0.737444933920705,0.547297297297297
"45077",2020,0.737444933920705,0.547297297297297
"45079",2020,0.737444933920705,0.547297297297297
"45081",2020,0.737444933920705,0.547297297297297
"45083",2020,0.737444933920705,0.547297297297297
"45085",2020,0.737444933920705,0.547297297297297
"45087",2020,0.737444933920705,0.547297297297297
"45089",2020,0.737444933920705,0.547297297297297
"45091",2020,0.737444933920705,0.547297297297297
"45001",2018,0.615531508593253,0.541528239202658
"45003",2018,0.590425531914894,0.542483660130719
"45005",2018,0.615531508593253,0.541528239202658
"45007",2018,0.615531508593253,0.541528239202658
"45009",2018,0.615531508593253,0.541528239202658
"45011",2018,0.615531508593253,0.541528239202658
"45013",2018,0.518518518518518,0.673076923076923
"45015",2018,0.647058823529412,0.416666666666667
"45017",2018,0.559055118110236,0.509090909090909
"45019",2018,0.615531508593253,0.541528239202658
"45021",2018,0.615531508593253,0.541528239202658
"45023",2018,0.615531508593253,0.541528239202658
"45025",2018,0.704347826086957,0.5
"45027",2018,0.604166666666667,0.789473684210526
"45029",2018,0.615531508593253,0.541528239202658
"45031",2018,0.67688679245283,0.525547445255474
"45033",2018,0.669941060903733,0.505952380952381
"45035",2018,0.615531508593253,0.541528239202658
"45037",2018,0.615531508593253,0.541528239202658
"45039",2018,0.615531508593253,0.541528239202658
"45041",2018,0.615531508593253,0.541528239202658
"45043",2018,0.615531508593253,0.541528239202658
"45045",2018,0.615531508593253,0.541528239202658
"45047",2018,0.615531508593253,0.541528239202658
"45049",2018,0.615531508593253,0.541528239202658
"45051",2018,0.615531508593253,0.541528239202658
"45053",2018,0.615531508593253,0.541528239202658
"45055",2018,0.615531508593253,0.541528239202658
"45057",2018,0.615531508593253,0.541528239202658
"45059",2018,0.615531508593253,0.541528239202658
"45061",2018,0.615531508593253,0.541528239202658
"45063",2018,0.615531508593253,0.541528239202658
"45065",2018,0.615531508593253,0.541528239202658
"45067",2018,0.615531508593253,0.541528239202658
"45069",2018,0.615531508593253,0.541528239202658
"45071",2018,0.615531508593253,0.541528239202658
"45073",2018,0.615531508593253,0.541528239202658
"45075",2018,0.615531508593253,0.541528239202658
"45077",2018,0.615531508593253,0.541528239202658
"45079",2018,0.615531508593253,0.541528239202658
"45081",2018,0.615531508593253,0.541528239202658
"45083",2018,0.615531508593253,0.541528239202658
"45085",2018,0.615531508593253,0.541528239202658
"45087",2018,0.615531508593253,0.541528239202658
"45089",2018,0.615531508593253,0.541528239202658
"45091",2018,0.615531508593253,0.541528239202658
"46003",2022,0.693037974683544,0.484536082474227
"46005",2022,0.719811320754717,0.647457627118644
"46007",2022,0.719811320754717,0.647457627118644
"46009",2022,0.719811320754717,0.647457627118644
"46011",2022,0.719811320754717,0.647457627118644
"46013",2022,0.595505617977528,0.527777777777778
"46015",2022,0.625,0.333333333333333
"46017",2022,0.757575757575758,0.8
"46019",2022,0.719811320754717,0.647457627118644
"46021",2022,0.719811320754717,0.647457627118644
"46023",2022,0.719811320754717,0.647457627118644
"46025",2022,0.661538461538462,0.227272727272727
"46027",2022,0.719811320754717,0.647457627118644
"46029",2022,0.719811320754717,0.647457627118644
"46031",2022,0.754756871035941,0.491379310344828
"46033",2022,0.741514360313316,0.444444444444444
"46035",2022,0.719811320754717,0.647457627118644
"46037",2022,0.719811320754717,0.647457627118644
"46039",2022,0.719811320754717,0.647457627118644
"46041",2022,0.719811320754717,0.647457627118644
"46043",2022,0.719811320754717,0.647457627118644
"46045",2022,0.719811320754717,0.647457627118644
"46047",2022,0.719811320754717,0.647457627118644
"46049",2022,0.719811320754717,0.647457627118644
"46051",2022,0.719811320754717,0.647457627118644
"46053",2022,0.719811320754717,0.647457627118644
"46055",2022,0.719811320754717,0.647457627118644
"46057",2022,0.719811320754717,0.647457627118644
"46059",2022,0.719811320754717,0.647457627118644
"46061",2022,0.719811320754717,0.647457627118644
"46063",2022,0.719811320754717,0.647457627118644
"46065",2022,0.719811320754717,0.647457627118644
"46067",2022,0.719811320754717,0.647457627118644
"46069",2022,0.719811320754717,0.647457627118644
"46071",2022,0.719811320754717,0.647457627118644
"46073",2022,0.719811320754717,0.647457627118644
"46075",2022,0.719811320754717,0.647457627118644
"46077",2022,0.719811320754717,0.647457627118644
"46079",2022,0.719811320754717,0.647457627118644
"46081",2022,0.719811320754717,0.647457627118644
"46083",2022,0.719811320754717,0.647457627118644
"46085",2022,0.719811320754717,0.647457627118644
"46087",2022,0.719811320754717,0.647457627118644
"46089",2022,0.719811320754717,0.647457627118644
"46091",2022,0.719811320754717,0.647457627118644
"46093",2022,0.719811320754717,0.647457627118644
"46095",2022,0.719811320754717,0.647457627118644
"46097",2022,0.719811320754717,0.647457627118644
"46099",2022,0.719811320754717,0.647457627118644
"46101",2022,0.719811320754717,0.647457627118644
"46102",2022,0.719811320754717,0.647457627118644
"46103",2022,0.719811320754717,0.647457627118644
"46105",2022,0.719811320754717,0.647457627118644
"46107",2022,0.719811320754717,0.647457627118644
"46109",2022,0.719811320754717,0.647457627118644
"46111",2022,0.719811320754717,0.647457627118644
"46113",2022,0.719811320754717,0.647457627118644
"46115",2022,0.719811320754717,0.647457627118644
"46117",2022,0.719811320754717,0.647457627118644
"46119",2022,0.719811320754717,0.647457627118644
"46121",2022,0.719811320754717,0.647457627118644
"46123",2022,0.719811320754717,0.647457627118644
"46125",2022,0.719811320754717,0.647457627118644
"46127",2022,0.719811320754717,0.647457627118644
"46129",2022,0.719811320754717,0.647457627118644
"46135",2022,0.719811320754717,0.647457627118644
"46137",2022,0.719811320754717,0.647457627118644
"46003",2022,0.693037974683544,0.484536082474227
"46005",2022,0.719811320754717,0.647457627118644
"46007",2022,0.719811320754717,0.647457627118644
"46009",2022,0.719811320754717,0.647457627118644
"46011",2022,0.719811320754717,0.647457627118644
"46013",2022,0.595505617977528,0.527777777777778
"46015",2022,0.625,0.333333333333333
"46017",2022,0.757575757575758,0.8
"46019",2022,0.719811320754717,0.647457627118644
"46021",2022,0.719811320754717,0.647457627118644
"46023",2022,0.719811320754717,0.647457627118644
"46025",2022,0.661538461538462,0.227272727272727
"46027",2022,0.719811320754717,0.647457627118644
"46029",2022,0.719811320754717,0.647457627118644
"46031",2022,0.754756871035941,0.491379310344828
"46033",2022,0.741514360313316,0.444444444444444
"46035",2022,0.719811320754717,0.647457627118644
"46037",2022,0.719811320754717,0.647457627118644
"46039",2022,0.719811320754717,0.647457627118644
"46041",2022,0.719811320754717,0.647457627118644
"46043",2022,0.719811320754717,0.647457627118644
"46045",2022,0.719811320754717,0.647457627118644
"46047",2022,0.719811320754717,0.647457627118644
"46049",2022,0.719811320754717,0.647457627118644
"46051",2022,0.719811320754717,0.647457627118644
"46053",2022,0.719811320754717,0.647457627118644
"46055",2022,0.719811320754717,0.647457627118644
"46057",2022,0.719811320754717,0.647457627118644
"46059",2022,0.719811320754717,0.647457627118644
"46061",2022,0.719811320754717,0.647457627118644
"46063",2022,0.719811320754717,0.647457627118644
"46065",2022,0.719811320754717,0.647457627118644
"46067",2022,0.719811320754717,0.647457627118644
"46069",2022,0.719811320754717,0.647457627118644
"46071",2022,0.719811320754717,0.647457627118644
"46073",2022,0.719811320754717,0.647457627118644
"46075",2022,0.719811320754717,0.647457627118644
"46077",2022,0.719811320754717,0.647457627118644
"46079",2022,0.719811320754717,0.647457627118644
"46081",2022,0.719811320754717,0.647457627118644
"46083",2022,0.719811320754717,0.647457627118644
"46085",2022,0.719811320754717,0.647457627118644
"46087",2022,0.719811320754717,0.647457627118644
"46089",2022,0.719811320754717,0.647457627118644
"46091",2022,0.719811320754717,0.647457627118644
"46093",2022,0.719811320754717,0.647457627118644
"46095",2022,0.719811320754717,0.647457627118644
"46097",2022,0.719811320754717,0.647457627118644
"46099",2022,0.719811320754717,0.647457627118644
"46101",2022,0.719811320754717,0.647457627118644
"46102",2022,0.719811320754717,0.647457627118644
"46103",2022,0.719811320754717,0.647457627118644
"46105",2022,0.719811320754717,0.647457627118644
"46107",2022,0.719811320754717,0.647457627118644
"46109",2022,0.719811320754717,0.647457627118644
"46111",2022,0.719811320754717,0.647457627118644
"46113",2022,0.719811320754717,0.647457627118644
"46115",2022,0.719811320754717,0.647457627118644
"46117",2022,0.719811320754717,0.647457627118644
"46119",2022,0.719811320754717,0.647457627118644
"46121",2022,0.719811320754717,0.647457627118644
"46123",2022,0.719811320754717,0.647457627118644
"46125",2022,0.719811320754717,0.647457627118644
"46127",2022,0.719811320754717,0.647457627118644
"46129",2022,0.719811320754717,0.647457627118644
"46135",2022,0.719811320754717,0.647457627118644
"46137",2022,0.719811320754717,0.647457627118644
"46003",2020,0.693251533742331,0.515151515151515
"46005",2020,0.737444933920705,0.547297297297297
"46007",2020,0.737444933920705,0.547297297297297
"46009",2020,0.737444933920705,0.547297297297297
"46011",2020,0.737444933920705,0.547297297297297
"46013",2020,0.590361445783133,0.558823529411765
"46015",2020,0.758620689655172,0.571428571428571
"46017",2020,0.709302325581395,0.583333333333333
"46019",2020,0.737444933920705,0.547297297297297
"46021",2020,0.737444933920705,0.547297297297297
"46023",2020,0.737444933920705,0.547297297297297
"46025",2020,0.753846153846154,0.357142857142857
"46027",2020,0.737444933920705,0.547297297297297
"46029",2020,0.737444933920705,0.547297297297297
"46031",2020,0.784552845528455,0.452830188679245
"46033",2020,0.819306930693069,0.328767123287671
"46035",2020,0.737444933920705,0.547297297297297
"46037",2020,0.737444933920705,0.547297297297297
"46039",2020,0.737444933920705,0.547297297297297
"46041",2020,0.737444933920705,0.547297297297297
"46043",2020,0.737444933920705,0.547297297297297
"46045",2020,0.737444933920705,0.547297297297297
"46047",2020,0.737444933920705,0.547297297297297
"46049",2020,0.737444933920705,0.547297297297297
"46051",2020,0.737444933920705,0.547297297297297
"46053",2020,0.737444933920705,0.547297297297297
"46055",2020,0.737444933920705,0.547297297297297
"46057",2020,0.737444933920705,0.547297297297297
"46059",2020,0.737444933920705,0.547297297297297
"46061",2020,0.737444933920705,0.547297297297297
"46063",2020,0.737444933920705,0.547297297297297
"46065",2020,0.737444933920705,0.547297297297297
"46067",2020,0.737444933920705,0.547297297297297
"46069",2020,0.737444933920705,0.547297297297297
"46071",2020,0.737444933920705,0.547297297297297
"46073",2020,0.737444933920705,0.547297297297297
"46075",2020,0.737444933920705,0.547297297297297
"46077",2020,0.737444933920705,0.547297297297297
"46079",2020,0.737444933920705,0.547297297297297
"46081",2020,0.737444933920705,0.547297297297297
"46083",2020,0.737444933920705,0.547297297297297
"46085",2020,0.737444933920705,0.547297297297297
"46087",2020,0.737444933920705,0.547297297297297
"46089",2020,0.737444933920705,0.547297297297297
"46091",2020,0.737444933920705,0.547297297297297
"46093",2020,0.737444933920705,0.547297297297297
"46095",2020,0.737444933920705,0.547297297297297
"46097",2020,0.737444933920705,0.547297297297297
"46099",2020,0.737444933920705,0.547297297297297
"46101",2020,0.737444933920705,0.547297297297297
"46102",2020,0.737444933920705,0.547297297297297
"46103",2020,0.737444933920705,0.547297297297297
"46105",2020,0.737444933920705,0.547297297297297
"46107",2020,0.737444933920705,0.547297297297297
"46109",2020,0.737444933920705,0.547297297297297
"46111",2020,0.737444933920705,0.547297297297297
"46113",2020,0.737444933920705,0.547297297297297
"46115",2020,0.737444933920705,0.547297297297297
"46117",2020,0.737444933920705,0.547297297297297
"46119",2020,0.737444933920705,0.547297297297297
"46121",2020,0.737444933920705,0.547297297297297
"46123",2020,0.737444933920705,0.547297297297297
"46125",2020,0.737444933920705,0.547297297297297
"46127",2020,0.737444933920705,0.547297297297297
"46129",2020,0.737444933920705,0.547297297297297
"46135",2020,0.737444933920705,0.547297297297297
"46137",2020,0.737444933920705,0.547297297297297
"46003",2020,0.693251533742331,0.515151515151515
"46005",2020,0.737444933920705,0.547297297297297
"46007",2020,0.737444933920705,0.547297297297297
"46009",2020,0.737444933920705,0.547297297297297
"46011",2020,0.737444933920705,0.547297297297297
"46013",2020,0.590361445783133,0.558823529411765
"46015",2020,0.758620689655172,0.571428571428571
"46017",2020,0.709302325581395,0.583333333333333
"46019",2020,0.737444933920705,0.547297297297297
"46021",2020,0.737444933920705,0.547297297297297
"46023",2020,0.737444933920705,0.547297297297297
"46025",2020,0.753846153846154,0.357142857142857
"46027",2020,0.737444933920705,0.547297297297297
"46029",2020,0.737444933920705,0.547297297297297
"46031",2020,0.784552845528455,0.452830188679245
"46033",2020,0.819306930693069,0.328767123287671
"46035",2020,0.737444933920705,0.547297297297297
"46037",2020,0.737444933920705,0.547297297297297
"46039",2020,0.737444933920705,0.547297297297297
"46041",2020,0.737444933920705,0.547297297297297
"46043",2020,0.737444933920705,0.547297297297297
"46045",2020,0.737444933920705,0.547297297297297
"46047",2020,0.737444933920705,0.547297297297297
"46049",2020,0.737444933920705,0.547297297297297
"46051",2020,0.737444933920705,0.547297297297297
"46053",2020,0.737444933920705,0.547297297297297
"46055",2020,0.737444933920705,0.547297297297297
"46057",2020,0.737444933920705,0.547297297297297
"46059",2020,0.737444933920705,0.547297297297297
"46061",2020,0.737444933920705,0.547297297297297
"46063",2020,0.737444933920705,0.547297297297297
"46065",2020,0.737444933920705,0.547297297297297
"46067",2020,0.737444933920705,0.547297297297297
"46069",2020,0.737444933920705,0.547297297297297
"46071",2020,0.737444933920705,0.547297297297297
"46073",2020,0.737444933920705,0.547297297297297
"46075",2020,0.737444933920705,0.547297297297297
"46077",2020,0.737444933920705,0.547297297297297
"46079",2020,0.737444933920705,0.547297297297297
"46081",2020,0.737444933920705,0.547297297297297
"46083",2020,0.737444933920705,0.547297297297297
"46085",2020,0.737444933920705,0.547297297297297
"46087",2020,0.737444933920705,0.547297297297297
"46089",2020,0.737444933920705,0.547297297297297
"46091",2020,0.737444933920705,0.547297297297297
"46093",2020,0.737444933920705,0.547297297297297
"46095",2020,0.737444933920705,0.547297297297297
"46097",2020,0.737444933920705,0.547297297297297
"46099",2020,0.737444933920705,0.547297297297297
"46101",2020,0.737444933920705,0.547297297297297
"46102",2020,0.737444933920705,0.547297297297297
"46103",2020,0.737444933920705,0.547297297297297
"46105",2020,0.737444933920705,0.547297297297297
"46107",2020,0.737444933920705,0.547297297297297
"46109",2020,0.737444933920705,0.547297297297297
"46111",2020,0.737444933920705,0.547297297297297
"46113",2020,0.737444933920705,0.547297297297297
"46115",2020,0.737444933920705,0.547297297297297
"46117",2020,0.737444933920705,0.547297297297297
"46119",2020,0.737444933920705,0.547297297297297
"46121",2020,0.737444933920705,0.547297297297297
"46123",2020,0.737444933920705,0.547297297297297
"46125",2020,0.737444933920705,0.547297297297297
"46127",2020,0.737444933920705,0.547297297297297
"46129",2020,0.737444933920705,0.547297297297297
"46135",2020,0.737444933920705,0.547297297297297
"46137",2020,0.737444933920705,0.547297297297297
"46003",2018,0.590425531914894,0.542483660130719
"46005",2018,0.615531508593253,0.541528239202658
"46007",2018,0.615531508593253,0.541528239202658
"46009",2018,0.615531508593253,0.541528239202658
"46011",2018,0.615531508593253,0.541528239202658
"46013",2018,0.518518518518518,0.673076923076923
"46015",2018,0.647058823529412,0.416666666666667
"46017",2018,0.559055118110236,0.509090909090909
"46019",2018,0.615531508593253,0.541528239202658
"46021",2018,0.615531508593253,0.541528239202658
"46023",2018,0.615531508593253,0.541528239202658
"46025",2018,0.704347826086957,0.5
"46027",2018,0.604166666666667,0.789473684210526
"46029",2018,0.615531508593253,0.541528239202658
"46031",2018,0.67688679245283,0.525547445255474
"46033",2018,0.669941060903733,0.505952380952381
"46035",2018,0.615531508593253,0.541528239202658
"46037",2018,0.615531508593253,0.541528239202658
"46039",2018,0.615531508593253,0.541528239202658
"46041",2018,0.615531508593253,0.541528239202658
"46043",2018,0.615531508593253,0.541528239202658
"46045",2018,0.615531508593253,0.541528239202658
"46047",2018,0.615531508593253,0.541528239202658
"46049",2018,0.615531508593253,0.541528239202658
"46051",2018,0.615531508593253,0.541528239202658
"46053",2018,0.615531508593253,0.541528239202658
"46055",2018,0.615531508593253,0.541528239202658
"46057",2018,0.615531508593253,0.541528239202658
"46059",2018,0.615531508593253,0.541528239202658
"46061",2018,0.615531508593253,0.541528239202658
"46063",2018,0.615531508593253,0.541528239202658
"46065",2018,0.615531508593253,0.541528239202658
"46067",2018,0.615531508593253,0.541528239202658
"46069",2018,0.615531508593253,0.541528239202658
"46071",2018,0.615531508593253,0.541528239202658
"46073",2018,0.615531508593253,0.541528239202658
"46075",2018,0.615531508593253,0.541528239202658
"46077",2018,0.615531508593253,0.541528239202658
"46079",2018,0.615531508593253,0.541528239202658
"46081",2018,0.615531508593253,0.541528239202658
"46083",2018,0.615531508593253,0.541528239202658
"46085",2018,0.615531508593253,0.541528239202658
"46087",2018,0.615531508593253,0.541528239202658
"46089",2018,0.615531508593253,0.541528239202658
"46091",2018,0.615531508593253,0.541528239202658
"46093",2018,0.615531508593253,0.541528239202658
"46095",2018,0.615531508593253,0.541528239202658
"46097",2018,0.615531508593253,0.541528239202658
"46099",2018,0.615531508593253,0.541528239202658
"46101",2018,0.615531508593253,0.541528239202658
"46102",2018,0.615531508593253,0.541528239202658
"46103",2018,0.615531508593253,0.541528239202658
"46105",2018,0.615531508593253,0.541528239202658
"46107",2018,0.615531508593253,0.541528239202658
"46109",2018,0.615531508593253,0.541528239202658
"46111",2018,0.615531508593253,0.541528239202658
"46113",2018,0.615531508593253,0.541528239202658
"46115",2018,0.615531508593253,0.541528239202658
"46117",2018,0.615531508593253,0.541528239202658
"46119",2018,0.615531508593253,0.541528239202658
"46121",2018,0.615531508593253,0.541528239202658
"46123",2018,0.615531508593253,0.541528239202658
"46125",2018,0.615531508593253,0.541528239202658
"46127",2018,0.615531508593253,0.541528239202658
"46129",2018,0.615531508593253,0.541528239202658
"46135",2018,0.615531508593253,0.541528239202658
"46137",2018,0.615531508593253,0.541528239202658
"47001",2022,0.719811320754717,0.647457627118644
"47003",2022,0.693037974683544,0.484536082474227
"47005",2022,0.719811320754717,0.647457627118644
"47007",2022,0.719811320754717,0.647457627118644
"47009",2022,0.719811320754717,0.647457627118644
"47011",2022,0.719811320754717,0.647457627118644
"47013",2022,0.595505617977528,0.527777777777778
"47015",2022,0.625,0.333333333333333
"47017",2022,0.757575757575758,0.8
"47019",2022,0.719811320754717,0.647457627118644
"47021",2022,0.719811320754717,0.647457627118644
"47023",2022,0.719811320754717,0.647457627118644
"47025",2022,0.661538461538462,0.227272727272727
"47027",2022,0.719811320754717,0.647457627118644
"47029",2022,0.719811320754717,0.647457627118644
"47031",2022,0.754756871035941,0.491379310344828
"47033",2022,0.741514360313316,0.444444444444444
"47035",2022,0.719811320754717,0.647457627118644
"47037",2022,0.719811320754717,0.647457627118644
"47039",2022,0.719811320754717,0.647457627118644
"47041",2022,0.719811320754717,0.647457627118644
"47043",2022,0.719811320754717,0.647457627118644
"47045",2022,0.719811320754717,0.647457627118644
"47047",2022,0.719811320754717,0.647457627118644
"47049",2022,0.719811320754717,0.647457627118644
"47051",2022,0.719811320754717,0.647457627118644
"47053",2022,0.719811320754717,0.647457627118644
"47055",2022,0.719811320754717,0.647457627118644
"47057",2022,0.719811320754717,0.647457627118644
"47059",2022,0.719811320754717,0.647457627118644
"47061",2022,0.719811320754717,0.647457627118644
"47063",2022,0.719811320754717,0.647457627118644
"47065",2022,0.719811320754717,0.647457627118644
"47067",2022,0.719811320754717,0.647457627118644
"47069",2022,0.719811320754717,0.647457627118644
"47071",2022,0.719811320754717,0.647457627118644
"47073",2022,0.719811320754717,0.647457627118644
"47075",2022,0.719811320754717,0.647457627118644
"47077",2022,0.719811320754717,0.647457627118644
"47079",2022,0.719811320754717,0.647457627118644
"47081",2022,0.719811320754717,0.647457627118644
"47083",2022,0.719811320754717,0.647457627118644
"47085",2022,0.719811320754717,0.647457627118644
"47087",2022,0.719811320754717,0.647457627118644
"47089",2022,0.719811320754717,0.647457627118644
"47091",2022,0.719811320754717,0.647457627118644
"47093",2022,0.719811320754717,0.647457627118644
"47095",2022,0.719811320754717,0.647457627118644
"47097",2022,0.719811320754717,0.647457627118644
"47099",2022,0.719811320754717,0.647457627118644
"47101",2022,0.719811320754717,0.647457627118644
"47103",2022,0.719811320754717,0.647457627118644
"47105",2022,0.719811320754717,0.647457627118644
"47107",2022,0.719811320754717,0.647457627118644
"47109",2022,0.719811320754717,0.647457627118644
"47111",2022,0.719811320754717,0.647457627118644
"47113",2022,0.719811320754717,0.647457627118644
"47115",2022,0.719811320754717,0.647457627118644
"47117",2022,0.719811320754717,0.647457627118644
"47119",2022,0.719811320754717,0.647457627118644
"47121",2022,0.719811320754717,0.647457627118644
"47123",2022,0.719811320754717,0.647457627118644
"47125",2022,0.719811320754717,0.647457627118644
"47127",2022,0.719811320754717,0.647457627118644
"47129",2022,0.719811320754717,0.647457627118644
"47131",2022,0.719811320754717,0.647457627118644
"47133",2022,0.719811320754717,0.647457627118644
"47135",2022,0.719811320754717,0.647457627118644
"47137",2022,0.719811320754717,0.647457627118644
"47139",2022,0.719811320754717,0.647457627118644
"47141",2022,0.719811320754717,0.647457627118644
"47143",2022,0.719811320754717,0.647457627118644
"47145",2022,0.719811320754717,0.647457627118644
"47147",2022,0.719811320754717,0.647457627118644
"47149",2022,0.719811320754717,0.647457627118644
"47151",2022,0.719811320754717,0.647457627118644
"47153",2022,0.719811320754717,0.647457627118644
"47155",2022,0.719811320754717,0.647457627118644
"47157",2022,0.719811320754717,0.647457627118644
"47159",2022,0.719811320754717,0.647457627118644
"47161",2022,0.719811320754717,0.647457627118644
"47163",2022,0.719811320754717,0.647457627118644
"47165",2022,0.719811320754717,0.647457627118644
"47167",2022,0.719811320754717,0.647457627118644
"47169",2022,0.719811320754717,0.647457627118644
"47171",2022,0.719811320754717,0.647457627118644
"47173",2022,0.719811320754717,0.647457627118644
"47175",2022,0.719811320754717,0.647457627118644
"47177",2022,0.719811320754717,0.647457627118644
"47179",2022,0.719811320754717,0.647457627118644
"47181",2022,0.719811320754717,0.647457627118644
"47183",2022,0.719811320754717,0.647457627118644
"47185",2022,0.719811320754717,0.647457627118644
"47187",2022,0.719811320754717,0.647457627118644
"47189",2022,0.719811320754717,0.647457627118644
"47001",2022,0.719811320754717,0.647457627118644
"47003",2022,0.693037974683544,0.484536082474227
"47005",2022,0.719811320754717,0.647457627118644
"47007",2022,0.719811320754717,0.647457627118644
"47009",2022,0.719811320754717,0.647457627118644
"47011",2022,0.719811320754717,0.647457627118644
"47013",2022,0.595505617977528,0.527777777777778
"47015",2022,0.625,0.333333333333333
"47017",2022,0.757575757575758,0.8
"47019",2022,0.719811320754717,0.647457627118644
"47021",2022,0.719811320754717,0.647457627118644
"47023",2022,0.719811320754717,0.647457627118644
"47025",2022,0.661538461538462,0.227272727272727
"47027",2022,0.719811320754717,0.647457627118644
"47029",2022,0.719811320754717,0.647457627118644
"47031",2022,0.754756871035941,0.491379310344828
"47033",2022,0.741514360313316,0.444444444444444
"47035",2022,0.719811320754717,0.647457627118644
"47037",2022,0.719811320754717,0.647457627118644
"47039",2022,0.719811320754717,0.647457627118644
"47041",2022,0.719811320754717,0.647457627118644
"47043",2022,0.719811320754717,0.647457627118644
"47045",2022,0.719811320754717,0.647457627118644
"47047",2022,0.719811320754717,0.647457627118644
"47049",2022,0.719811320754717,0.647457627118644
"47051",2022,0.719811320754717,0.647457627118644
"47053",2022,0.719811320754717,0.647457627118644
"47055",2022,0.719811320754717,0.647457627118644
"47057",2022,0.719811320754717,0.647457627118644
"47059",2022,0.719811320754717,0.647457627118644
"47061",2022,0.719811320754717,0.647457627118644
"47063",2022,0.719811320754717,0.647457627118644
"47065",2022,0.719811320754717,0.647457627118644
"47067",2022,0.719811320754717,0.647457627118644
"47069",2022,0.719811320754717,0.647457627118644
"47071",2022,0.719811320754717,0.647457627118644
"47073",2022,0.719811320754717,0.647457627118644
"47075",2022,0.719811320754717,0.647457627118644
"47077",2022,0.719811320754717,0.647457627118644
"47079",2022,0.719811320754717,0.647457627118644
"47081",2022,0.719811320754717,0.647457627118644
"47083",2022,0.719811320754717,0.647457627118644
"47085",2022,0.719811320754717,0.647457627118644
"47087",2022,0.719811320754717,0.647457627118644
"47089",2022,0.719811320754717,0.647457627118644
"47091",2022,0.719811320754717,0.647457627118644
"47093",2022,0.719811320754717,0.647457627118644
"47095",2022,0.719811320754717,0.647457627118644
"47097",2022,0.719811320754717,0.647457627118644
"47099",2022,0.719811320754717,0.647457627118644
"47101",2022,0.719811320754717,0.647457627118644
"47103",2022,0.719811320754717,0.647457627118644
"47105",2022,0.719811320754717,0.647457627118644
"47107",2022,0.719811320754717,0.647457627118644
"47109",2022,0.719811320754717,0.647457627118644
"47111",2022,0.719811320754717,0.647457627118644
"47113",2022,0.719811320754717,0.647457627118644
"47115",2022,0.719811320754717,0.647457627118644
"47117",2022,0.719811320754717,0.647457627118644
"47119",2022,0.719811320754717,0.647457627118644
"47121",2022,0.719811320754717,0.647457627118644
"47123",2022,0.719811320754717,0.647457627118644
"47125",2022,0.719811320754717,0.647457627118644
"47127",2022,0.719811320754717,0.647457627118644
"47129",2022,0.719811320754717,0.647457627118644
"47131",2022,0.719811320754717,0.647457627118644
"47133",2022,0.719811320754717,0.647457627118644
"47135",2022,0.719811320754717,0.647457627118644
"47137",2022,0.719811320754717,0.647457627118644
"47139",2022,0.719811320754717,0.647457627118644
"47141",2022,0.719811320754717,0.647457627118644
"47143",2022,0.719811320754717,0.647457627118644
"47145",2022,0.719811320754717,0.647457627118644
"47147",2022,0.719811320754717,0.647457627118644
"47149",2022,0.719811320754717,0.647457627118644
"47151",2022,0.719811320754717,0.647457627118644
"47153",2022,0.719811320754717,0.647457627118644
"47155",2022,0.719811320754717,0.647457627118644
"47157",2022,0.719811320754717,0.647457627118644
"47159",2022,0.719811320754717,0.647457627118644
"47161",2022,0.719811320754717,0.647457627118644
"47163",2022,0.719811320754717,0.647457627118644
"47165",2022,0.719811320754717,0.647457627118644
"47167",2022,0.719811320754717,0.647457627118644
"47169",2022,0.719811320754717,0.647457627118644
"47171",2022,0.719811320754717,0.647457627118644
"47173",2022,0.719811320754717,0.647457627118644
"47175",2022,0.719811320754717,0.647457627118644
"47177",2022,0.719811320754717,0.647457627118644
"47179",2022,0.719811320754717,0.647457627118644
"47181",2022,0.719811320754717,0.647457627118644
"47183",2022,0.719811320754717,0.647457627118644
"47185",2022,0.719811320754717,0.647457627118644
"47187",2022,0.719811320754717,0.647457627118644
"47189",2022,0.719811320754717,0.647457627118644
"47001",2020,0.737444933920705,0.547297297297297
"47003",2020,0.693251533742331,0.515151515151515
"47005",2020,0.737444933920705,0.547297297297297
"47007",2020,0.737444933920705,0.547297297297297
"47009",2020,0.737444933920705,0.547297297297297
"47011",2020,0.737444933920705,0.547297297297297
"47013",2020,0.590361445783133,0.558823529411765
"47015",2020,0.758620689655172,0.571428571428571
"47017",2020,0.709302325581395,0.583333333333333
"47019",2020,0.737444933920705,0.547297297297297
"47021",2020,0.737444933920705,0.547297297297297
"47023",2020,0.737444933920705,0.547297297297297
"47025",2020,0.753846153846154,0.357142857142857
"47027",2020,0.737444933920705,0.547297297297297
"47029",2020,0.737444933920705,0.547297297297297
"47031",2020,0.784552845528455,0.452830188679245
"47033",2020,0.819306930693069,0.328767123287671
"47035",2020,0.737444933920705,0.547297297297297
"47037",2020,0.737444933920705,0.547297297297297
"47039",2020,0.737444933920705,0.547297297297297
"47041",2020,0.737444933920705,0.547297297297297
"47043",2020,0.737444933920705,0.547297297297297
"47045",2020,0.737444933920705,0.547297297297297
"47047",2020,0.737444933920705,0.547297297297297
"47049",2020,0.737444933920705,0.547297297297297
"47051",2020,0.737444933920705,0.547297297297297
"47053",2020,0.737444933920705,0.547297297297297
"47055",2020,0.737444933920705,0.547297297297297
"47057",2020,0.737444933920705,0.547297297297297
"47059",2020,0.737444933920705,0.547297297297297
"47061",2020,0.737444933920705,0.547297297297297
"47063",2020,0.737444933920705,0.547297297297297
"47065",2020,0.737444933920705,0.547297297297297
"47067",2020,0.737444933920705,0.547297297297297
"47069",2020,0.737444933920705,0.547297297297297
"47071",2020,0.737444933920705,0.547297297297297
"47073",2020,0.737444933920705,0.547297297297297
"47075",2020,0.737444933920705,0.547297297297297
"47077",2020,0.737444933920705,0.547297297297297
"47079",2020,0.737444933920705,0.547297297297297
"47081",2020,0.737444933920705,0.547297297297297
"47083",2020,0.737444933920705,0.547297297297297
"47085",2020,0.737444933920705,0.547297297297297
"47087",2020,0.737444933920705,0.547297297297297
"47089",2020,0.737444933920705,0.547297297297297
"47091",2020,0.737444933920705,0.547297297297297
"47093",2020,0.737444933920705,0.547297297297297
"47095",2020,0.737444933920705,0.547297297297297
"47097",2020,0.737444933920705,0.547297297297297
"47099",2020,0.737444933920705,0.547297297297297
"47101",2020,0.737444933920705,0.547297297297297
"47103",2020,0.737444933920705,0.547297297297297
"47105",2020,0.737444933920705,0.547297297297297
"47107",2020,0.737444933920705,0.547297297297297
"47109",2020,0.737444933920705,0.547297297297297
"47111",2020,0.737444933920705,0.547297297297297
"47113",2020,0.737444933920705,0.547297297297297
"47115",2020,0.737444933920705,0.547297297297297
"47117",2020,0.737444933920705,0.547297297297297
"47119",2020,0.737444933920705,0.547297297297297
"47121",2020,0.737444933920705,0.547297297297297
"47123",2020,0.737444933920705,0.547297297297297
"47125",2020,0.737444933920705,0.547297297297297
"47127",2020,0.737444933920705,0.547297297297297
"47129",2020,0.737444933920705,0.547297297297297
"47131",2020,0.737444933920705,0.547297297297297
"47133",2020,0.737444933920705,0.547297297297297
"47135",2020,0.737444933920705,0.547297297297297
"47137",2020,0.737444933920705,0.547297297297297
"47139",2020,0.737444933920705,0.547297297297297
"47141",2020,0.737444933920705,0.547297297297297
"47143",2020,0.737444933920705,0.547297297297297
"47145",2020,0.737444933920705,0.547297297297297
"47147",2020,0.737444933920705,0.547297297297297
"47149",2020,0.737444933920705,0.547297297297297
"47151",2020,0.737444933920705,0.547297297297297
"47153",2020,0.737444933920705,0.547297297297297
"47155",2020,0.737444933920705,0.547297297297297
"47157",2020,0.737444933920705,0.547297297297297
"47159",2020,0.737444933920705,0.547297297297297
"47161",2020,0.737444933920705,0.547297297297297
"47163",2020,0.737444933920705,0.547297297297297
"47165",2020,0.737444933920705,0.547297297297297
"47167",2020,0.737444933920705,0.547297297297297
"47169",2020,0.737444933920705,0.547297297297297
"47171",2020,0.737444933920705,0.547297297297297
"47173",2020,0.737444933920705,0.547297297297297
"47175",2020,0.737444933920705,0.547297297297297
"47177",2020,0.737444933920705,0.547297297297297
"47179",2020,0.737444933920705,0.547297297297297
"47181",2020,0.737444933920705,0.547297297297297
"47183",2020,0.737444933920705,0.547297297297297
"47185",2020,0.737444933920705,0.547297297297297
"47187",2020,0.737444933920705,0.547297297297297
"47189",2020,0.737444933920705,0.547297297297297
"47001",2020,0.737444933920705,0.547297297297297
"47003",2020,0.693251533742331,0.515151515151515
"47005",2020,0.737444933920705,0.547297297297297
"47007",2020,0.737444933920705,0.547297297297297
"47009",2020,0.737444933920705,0.547297297297297
"47011",2020,0.737444933920705,0.547297297297297
"47013",2020,0.590361445783133,0.558823529411765
"47015",2020,0.758620689655172,0.571428571428571
"47017",2020,0.709302325581395,0.583333333333333
"47019",2020,0.737444933920705,0.547297297297297
"47021",2020,0.737444933920705,0.547297297297297
"47023",2020,0.737444933920705,0.547297297297297
"47025",2020,0.753846153846154,0.357142857142857
"47027",2020,0.737444933920705,0.547297297297297
"47029",2020,0.737444933920705,0.547297297297297
"47031",2020,0.784552845528455,0.452830188679245
"47033",2020,0.819306930693069,0.328767123287671
"47035",2020,0.737444933920705,0.547297297297297
"47037",2020,0.737444933920705,0.547297297297297
"47039",2020,0.737444933920705,0.547297297297297
"47041",2020,0.737444933920705,0.547297297297297
"47043",2020,0.737444933920705,0.547297297297297
"47045",2020,0.737444933920705,0.547297297297297
"47047",2020,0.737444933920705,0.547297297297297
"47049",2020,0.737444933920705,0.547297297297297
"47051",2020,0.737444933920705,0.547297297297297
"47053",2020,0.737444933920705,0.547297297297297
"47055",2020,0.737444933920705,0.547297297297297
"47057",2020,0.737444933920705,0.547297297297297
"47059",2020,0.737444933920705,0.547297297297297
"47061",2020,0.737444933920705,0.547297297297297
"47063",2020,0.737444933920705,0.547297297297297
"47065",2020,0.737444933920705,0.547297297297297
"47067",2020,0.737444933920705,0.547297297297297
"47069",2020,0.737444933920705,0.547297297297297
"47071",2020,0.737444933920705,0.547297297297297
"47073",2020,0.737444933920705,0.547297297297297
"47075",2020,0.737444933920705,0.547297297297297
"47077",2020,0.737444933920705,0.547297297297297
"47079",2020,0.737444933920705,0.547297297297297
"47081",2020,0.737444933920705,0.547297297297297
"47083",2020,0.737444933920705,0.547297297297297
"47085",2020,0.737444933920705,0.547297297297297
"47087",2020,0.737444933920705,0.547297297297297
"47089",2020,0.737444933920705,0.547297297297297
"47091",2020,0.737444933920705,0.547297297297297
"47093",2020,0.737444933920705,0.547297297297297
"47095",2020,0.737444933920705,0.547297297297297
"47097",2020,0.737444933920705,0.547297297297297
"47099",2020,0.737444933920705,0.547297297297297
"47101",2020,0.737444933920705,0.547297297297297
"47103",2020,0.737444933920705,0.547297297297297
"47105",2020,0.737444933920705,0.547297297297297
"47107",2020,0.737444933920705,0.547297297297297
"47109",2020,0.737444933920705,0.547297297297297
"47111",2020,0.737444933920705,0.547297297297297
"47113",2020,0.737444933920705,0.547297297297297
"47115",2020,0.737444933920705,0.547297297297297
"47117",2020,0.737444933920705,0.547297297297297
"47119",2020,0.737444933920705,0.547297297297297
"47121",2020,0.737444933920705,0.547297297297297
"47123",2020,0.737444933920705,0.547297297297297
"47125",2020,0.737444933920705,0.547297297297297
"47127",2020,0.737444933920705,0.547297297297297
"47129",2020,0.737444933920705,0.547297297297297
"47131",2020,0.737444933920705,0.547297297297297
"47133",2020,0.737444933920705,0.547297297297297
"47135",2020,0.737444933920705,0.547297297297297
"47137",2020,0.737444933920705,0.547297297297297
"47139",2020,0.737444933920705,0.547297297297297
"47141",2020,0.737444933920705,0.547297297297297
"47143",2020,0.737444933920705,0.547297297297297
"47145",2020,0.737444933920705,0.547297297297297
"47147",2020,0.737444933920705,0.547297297297297
"47149",2020,0.737444933920705,0.547297297297297
"47151",2020,0.737444933920705,0.547297297297297
"47153",2020,0.737444933920705,0.547297297297297
"47155",2020,0.737444933920705,0.547297297297297
"47157",2020,0.737444933920705,0.547297297297297
"47159",2020,0.737444933920705,0.547297297297297
"47161",2020,0.737444933920705,0.547297297297297
"47163",2020,0.737444933920705,0.547297297297297
"47165",2020,0.737444933920705,0.547297297297297
"47167",2020,0.737444933920705,0.547297297297297
"47169",2020,0.737444933920705,0.547297297297297
"47171",2020,0.737444933920705,0.547297297297297
"47173",2020,0.737444933920705,0.547297297297297
"47175",2020,0.737444933920705,0.547297297297297
"47177",2020,0.737444933920705,0.547297297297297
"47179",2020,0.737444933920705,0.547297297297297
"47181",2020,0.737444933920705,0.547297297297297
"47183",2020,0.737444933920705,0.547297297297297
"47185",2020,0.737444933920705,0.547297297297297
"47187",2020,0.737444933920705,0.547297297297297
"47189",2020,0.737444933920705,0.547297297297297
"47001",2018,0.615531508593253,0.541528239202658
"47003",2018,0.590425531914894,0.542483660130719
"47005",2018,0.615531508593253,0.541528239202658
"47007",2018,0.615531508593253,0.541528239202658
"47009",2018,0.615531508593253,0.541528239202658
"47011",2018,0.615531508593253,0.541528239202658
"47013",2018,0.518518518518518,0.673076923076923
"47015",2018,0.647058823529412,0.416666666666667
"47017",2018,0.559055118110236,0.509090909090909
"47019",2018,0.615531508593253,0.541528239202658
"47021",2018,0.615531508593253,0.541528239202658
"47023",2018,0.615531508593253,0.541528239202658
"47025",2018,0.704347826086957,0.5
"47027",2018,0.604166666666667,0.789473684210526
"47029",2018,0.615531508593253,0.541528239202658
"47031",2018,0.67688679245283,0.525547445255474
"47033",2018,0.669941060903733,0.505952380952381
"47035",2018,0.615531508593253,0.541528239202658
"47037",2018,0.615531508593253,0.541528239202658
"47039",2018,0.615531508593253,0.541528239202658
"47041",2018,0.615531508593253,0.541528239202658
"47043",2018,0.615531508593253,0.541528239202658
"47045",2018,0.615531508593253,0.541528239202658
"47047",2018,0.615531508593253,0.541528239202658
"47049",2018,0.615531508593253,0.541528239202658
"47051",2018,0.615531508593253,0.541528239202658
"47053",2018,0.615531508593253,0.541528239202658
"47055",2018,0.615531508593253,0.541528239202658
"47057",2018,0.615531508593253,0.541528239202658
"47059",2018,0.615531508593253,0.541528239202658
"47061",2018,0.615531508593253,0.541528239202658
"47063",2018,0.615531508593253,0.541528239202658
"47065",2018,0.615531508593253,0.541528239202658
"47067",2018,0.615531508593253,0.541528239202658
"47069",2018,0.615531508593253,0.541528239202658
"47071",2018,0.615531508593253,0.541528239202658
"47073",2018,0.615531508593253,0.541528239202658
"47075",2018,0.615531508593253,0.541528239202658
"47077",2018,0.615531508593253,0.541528239202658
"47079",2018,0.615531508593253,0.541528239202658
"47081",2018,0.615531508593253,0.541528239202658
"47083",2018,0.615531508593253,0.541528239202658
"47085",2018,0.615531508593253,0.541528239202658
"47087",2018,0.615531508593253,0.541528239202658
"47089",2018,0.615531508593253,0.541528239202658
"47091",2018,0.615531508593253,0.541528239202658
"47093",2018,0.615531508593253,0.541528239202658
"47095",2018,0.615531508593253,0.541528239202658
"47097",2018,0.615531508593253,0.541528239202658
"47099",2018,0.615531508593253,0.541528239202658
"47101",2018,0.615531508593253,0.541528239202658
"47103",2018,0.615531508593253,0.541528239202658
"47105",2018,0.615531508593253,0.541528239202658
"47107",2018,0.615531508593253,0.541528239202658
"47109",2018,0.615531508593253,0.541528239202658
"47111",2018,0.615531508593253,0.541528239202658
"47113",2018,0.615531508593253,0.541528239202658
"47115",2018,0.615531508593253,0.541528239202658
"47117",2018,0.615531508593253,0.541528239202658
"47119",2018,0.615531508593253,0.541528239202658
"47121",2018,0.615531508593253,0.541528239202658
"47123",2018,0.615531508593253,0.541528239202658
"47125",2018,0.615531508593253,0.541528239202658
"47127",2018,0.615531508593253,0.541528239202658
"47129",2018,0.615531508593253,0.541528239202658
"47131",2018,0.615531508593253,0.541528239202658
"47133",2018,0.615531508593253,0.541528239202658
"47135",2018,0.615531508593253,0.541528239202658
"47137",2018,0.615531508593253,0.541528239202658
"47139",2018,0.615531508593253,0.541528239202658
"47141",2018,0.615531508593253,0.541528239202658
"47143",2018,0.615531508593253,0.541528239202658
"47145",2018,0.615531508593253,0.541528239202658
"47147",2018,0.615531508593253,0.541528239202658
"47149",2018,0.615531508593253,0.541528239202658
"47151",2018,0.615531508593253,0.541528239202658
"47153",2018,0.615531508593253,0.541528239202658
"47155",2018,0.615531508593253,0.541528239202658
"47157",2018,0.615531508593253,0.541528239202658
"47159",2018,0.615531508593253,0.541528239202658
"47161",2018,0.615531508593253,0.541528239202658
"47163",2018,0.615531508593253,0.541528239202658
"47165",2018,0.615531508593253,0.541528239202658
"47167",2018,0.615531508593253,0.541528239202658
"47169",2018,0.615531508593253,0.541528239202658
"47171",2018,0.615531508593253,0.541528239202658
"47173",2018,0.615531508593253,0.541528239202658
"47175",2018,0.615531508593253,0.541528239202658
"47177",2018,0.615531508593253,0.541528239202658
"47179",2018,0.615531508593253,0.541528239202658
"47181",2018,0.615531508593253,0.541528239202658
"47183",2018,0.615531508593253,0.541528239202658
"47185",2018,0.615531508593253,0.541528239202658
"47187",2018,0.615531508593253,0.541528239202658
"47189",2018,0.615531508593253,0.541528239202658
"48001",2022,0.719811320754717,0.647457627118644
"48003",2022,0.693037974683544,0.484536082474227
"48005",2022,0.719811320754717,0.647457627118644
"48007",2022,0.719811320754717,0.647457627118644
"48009",2022,0.719811320754717,0.647457627118644
"48011",2022,0.719811320754717,0.647457627118644
"48013",2022,0.595505617977528,0.527777777777778
"48015",2022,0.625,0.333333333333333
"48017",2022,0.757575757575758,0.8
"48019",2022,0.719811320754717,0.647457627118644
"48021",2022,0.719811320754717,0.647457627118644
"48023",2022,0.719811320754717,0.647457627118644
"48025",2022,0.661538461538462,0.227272727272727
"48027",2022,0.719811320754717,0.647457627118644
"48029",2022,0.719811320754717,0.647457627118644
"48031",2022,0.754756871035941,0.491379310344828
"48033",2022,0.741514360313316,0.444444444444444
"48035",2022,0.719811320754717,0.647457627118644
"48037",2022,0.719811320754717,0.647457627118644
"48039",2022,0.719811320754717,0.647457627118644
"48041",2022,0.719811320754717,0.647457627118644
"48043",2022,0.719811320754717,0.647457627118644
"48045",2022,0.719811320754717,0.647457627118644
"48047",2022,0.719811320754717,0.647457627118644
"48049",2022,0.719811320754717,0.647457627118644
"48051",2022,0.719811320754717,0.647457627118644
"48053",2022,0.719811320754717,0.647457627118644
"48055",2022,0.719811320754717,0.647457627118644
"48057",2022,0.719811320754717,0.647457627118644
"48059",2022,0.719811320754717,0.647457627118644
"48061",2022,0.719811320754717,0.647457627118644
"48063",2022,0.719811320754717,0.647457627118644
"48065",2022,0.719811320754717,0.647457627118644
"48067",2022,0.719811320754717,0.647457627118644
"48069",2022,0.719811320754717,0.647457627118644
"48071",2022,0.719811320754717,0.647457627118644
"48073",2022,0.719811320754717,0.647457627118644
"48075",2022,0.719811320754717,0.647457627118644
"48077",2022,0.719811320754717,0.647457627118644
"48079",2022,0.719811320754717,0.647457627118644
"48081",2022,0.719811320754717,0.647457627118644
"48083",2022,0.719811320754717,0.647457627118644
"48085",2022,0.719811320754717,0.647457627118644
"48087",2022,0.719811320754717,0.647457627118644
"48089",2022,0.719811320754717,0.647457627118644
"48091",2022,0.719811320754717,0.647457627118644
"48093",2022,0.719811320754717,0.647457627118644
"48095",2022,0.719811320754717,0.647457627118644
"48097",2022,0.719811320754717,0.647457627118644
"48099",2022,0.719811320754717,0.647457627118644
"48101",2022,0.719811320754717,0.647457627118644
"48103",2022,0.719811320754717,0.647457627118644
"48105",2022,0.719811320754717,0.647457627118644
"48107",2022,0.719811320754717,0.647457627118644
"48109",2022,0.719811320754717,0.647457627118644
"48111",2022,0.719811320754717,0.647457627118644
"48113",2022,0.719811320754717,0.647457627118644
"48115",2022,0.719811320754717,0.647457627118644
"48117",2022,0.719811320754717,0.647457627118644
"48119",2022,0.719811320754717,0.647457627118644
"48121",2022,0.719811320754717,0.647457627118644
"48123",2022,0.719811320754717,0.647457627118644
"48125",2022,0.719811320754717,0.647457627118644
"48127",2022,0.719811320754717,0.647457627118644
"48129",2022,0.719811320754717,0.647457627118644
"48131",2022,0.719811320754717,0.647457627118644
"48133",2022,0.719811320754717,0.647457627118644
"48135",2022,0.719811320754717,0.647457627118644
"48137",2022,0.719811320754717,0.647457627118644
"48139",2022,0.719811320754717,0.647457627118644
"48141",2022,0.719811320754717,0.647457627118644
"48143",2022,0.719811320754717,0.647457627118644
"48145",2022,0.719811320754717,0.647457627118644
"48147",2022,0.719811320754717,0.647457627118644
"48149",2022,0.719811320754717,0.647457627118644
"48151",2022,0.719811320754717,0.647457627118644
"48153",2022,0.719811320754717,0.647457627118644
"48155",2022,0.719811320754717,0.647457627118644
"48157",2022,0.719811320754717,0.647457627118644
"48159",2022,0.719811320754717,0.647457627118644
"48161",2022,0.719811320754717,0.647457627118644
"48163",2022,0.719811320754717,0.647457627118644
"48165",2022,0.719811320754717,0.647457627118644
"48167",2022,0.719811320754717,0.647457627118644
"48169",2022,0.719811320754717,0.647457627118644
"48171",2022,0.719811320754717,0.647457627118644
"48173",2022,0.719811320754717,0.647457627118644
"48175",2022,0.719811320754717,0.647457627118644
"48177",2022,0.719811320754717,0.647457627118644
"48179",2022,0.719811320754717,0.647457627118644
"48181",2022,0.719811320754717,0.647457627118644
"48183",2022,0.719811320754717,0.647457627118644
"48185",2022,0.719811320754717,0.647457627118644
"48187",2022,0.719811320754717,0.647457627118644
"48189",2022,0.719811320754717,0.647457627118644
"48191",2022,0.719811320754717,0.647457627118644
"48193",2022,0.719811320754717,0.647457627118644
"48195",2022,0.719811320754717,0.647457627118644
"48197",2022,0.719811320754717,0.647457627118644
"48199",2022,0.719811320754717,0.647457627118644
"48201",2022,0.719811320754717,0.647457627118644
"48203",2022,0.719811320754717,0.647457627118644
"48205",2022,0.719811320754717,0.647457627118644
"48207",2022,0.719811320754717,0.647457627118644
"48209",2022,0.719811320754717,0.647457627118644
"48211",2022,0.719811320754717,0.647457627118644
"48213",2022,0.719811320754717,0.647457627118644
"48215",2022,0.719811320754717,0.647457627118644
"48217",2022,0.719811320754717,0.647457627118644
"48219",2022,0.719811320754717,0.647457627118644
"48221",2022,0.719811320754717,0.647457627118644
"48223",2022,0.719811320754717,0.647457627118644
"48225",2022,0.719811320754717,0.647457627118644
"48227",2022,0.719811320754717,0.647457627118644
"48229",2022,0.719811320754717,0.647457627118644
"48231",2022,0.719811320754717,0.647457627118644
"48233",2022,0.719811320754717,0.647457627118644
"48235",2022,0.719811320754717,0.647457627118644
"48237",2022,0.719811320754717,0.647457627118644
"48239",2022,0.719811320754717,0.647457627118644
"48241",2022,0.719811320754717,0.647457627118644
"48243",2022,0.719811320754717,0.647457627118644
"48245",2022,0.719811320754717,0.647457627118644
"48247",2022,0.719811320754717,0.647457627118644
"48249",2022,0.719811320754717,0.647457627118644
"48251",2022,0.719811320754717,0.647457627118644
"48253",2022,0.719811320754717,0.647457627118644
"48255",2022,0.719811320754717,0.647457627118644
"48257",2022,0.719811320754717,0.647457627118644
"48259",2022,0.719811320754717,0.647457627118644
"48261",2022,0.719811320754717,0.647457627118644
"48263",2022,0.719811320754717,0.647457627118644
"48265",2022,0.719811320754717,0.647457627118644
"48267",2022,0.719811320754717,0.647457627118644
"48269",2022,0.719811320754717,0.647457627118644
"48271",2022,0.719811320754717,0.647457627118644
"48273",2022,0.719811320754717,0.647457627118644
"48275",2022,0.719811320754717,0.647457627118644
"48277",2022,0.719811320754717,0.647457627118644
"48279",2022,0.719811320754717,0.647457627118644
"48281",2022,0.719811320754717,0.647457627118644
"48283",2022,0.719811320754717,0.647457627118644
"48285",2022,0.719811320754717,0.647457627118644
"48287",2022,0.719811320754717,0.647457627118644
"48289",2022,0.719811320754717,0.647457627118644
"48291",2022,0.719811320754717,0.647457627118644
"48293",2022,0.719811320754717,0.647457627118644
"48295",2022,0.719811320754717,0.647457627118644
"48297",2022,0.719811320754717,0.647457627118644
"48299",2022,0.719811320754717,0.647457627118644
"48301",2022,0.719811320754717,0.647457627118644
"48303",2022,0.719811320754717,0.647457627118644
"48305",2022,0.719811320754717,0.647457627118644
"48307",2022,0.719811320754717,0.647457627118644
"48309",2022,0.719811320754717,0.647457627118644
"48311",2022,0.719811320754717,0.647457627118644
"48313",2022,0.719811320754717,0.647457627118644
"48315",2022,0.719811320754717,0.647457627118644
"48317",2022,0.719811320754717,0.647457627118644
"48319",2022,0.719811320754717,0.647457627118644
"48321",2022,0.719811320754717,0.647457627118644
"48323",2022,0.719811320754717,0.647457627118644
"48325",2022,0.719811320754717,0.647457627118644
"48327",2022,0.719811320754717,0.647457627118644
"48329",2022,0.719811320754717,0.647457627118644
"48331",2022,0.719811320754717,0.647457627118644
"48333",2022,0.719811320754717,0.647457627118644
"48335",2022,0.719811320754717,0.647457627118644
"48337",2022,0.719811320754717,0.647457627118644
"48339",2022,0.719811320754717,0.647457627118644
"48341",2022,0.719811320754717,0.647457627118644
"48343",2022,0.719811320754717,0.647457627118644
"48345",2022,0.719811320754717,0.647457627118644
"48347",2022,0.719811320754717,0.647457627118644
"48349",2022,0.719811320754717,0.647457627118644
"48351",2022,0.719811320754717,0.647457627118644
"48353",2022,0.719811320754717,0.647457627118644
"48355",2022,0.719811320754717,0.647457627118644
"48357",2022,0.719811320754717,0.647457627118644
"48359",2022,0.719811320754717,0.647457627118644
"48361",2022,0.719811320754717,0.647457627118644
"48363",2022,0.719811320754717,0.647457627118644
"48365",2022,0.719811320754717,0.647457627118644
"48367",2022,0.719811320754717,0.647457627118644
"48369",2022,0.719811320754717,0.647457627118644
"48371",2022,0.719811320754717,0.647457627118644
"48373",2022,0.719811320754717,0.647457627118644
"48375",2022,0.719811320754717,0.647457627118644
"48377",2022,0.719811320754717,0.647457627118644
"48379",2022,0.719811320754717,0.647457627118644
"48381",2022,0.719811320754717,0.647457627118644
"48383",2022,0.719811320754717,0.647457627118644
"48385",2022,0.719811320754717,0.647457627118644
"48387",2022,0.719811320754717,0.647457627118644
"48389",2022,0.719811320754717,0.647457627118644
"48391",2022,0.719811320754717,0.647457627118644
"48393",2022,0.719811320754717,0.647457627118644
"48395",2022,0.719811320754717,0.647457627118644
"48397",2022,0.719811320754717,0.647457627118644
"48399",2022,0.719811320754717,0.647457627118644
"48401",2022,0.719811320754717,0.647457627118644
"48403",2022,0.719811320754717,0.647457627118644
"48405",2022,0.719811320754717,0.647457627118644
"48407",2022,0.719811320754717,0.647457627118644
"48409",2022,0.719811320754717,0.647457627118644
"48411",2022,0.719811320754717,0.647457627118644
"48413",2022,0.719811320754717,0.647457627118644
"48415",2022,0.719811320754717,0.647457627118644
"48417",2022,0.719811320754717,0.647457627118644
"48419",2022,0.719811320754717,0.647457627118644
"48421",2022,0.719811320754717,0.647457627118644
"48423",2022,0.719811320754717,0.647457627118644
"48425",2022,0.719811320754717,0.647457627118644
"48427",2022,0.719811320754717,0.647457627118644
"48429",2022,0.719811320754717,0.647457627118644
"48431",2022,0.719811320754717,0.647457627118644
"48433",2022,0.719811320754717,0.647457627118644
"48435",2022,0.719811320754717,0.647457627118644
"48437",2022,0.719811320754717,0.647457627118644
"48439",2022,0.719811320754717,0.647457627118644
"48441",2022,0.719811320754717,0.647457627118644
"48443",2022,0.719811320754717,0.647457627118644
"48445",2022,0.719811320754717,0.647457627118644
"48447",2022,0.719811320754717,0.647457627118644
"48449",2022,0.719811320754717,0.647457627118644
"48451",2022,0.719811320754717,0.647457627118644
"48453",2022,0.719811320754717,0.647457627118644
"48455",2022,0.719811320754717,0.647457627118644
"48457",2022,0.719811320754717,0.647457627118644
"48459",2022,0.719811320754717,0.647457627118644
"48461",2022,0.719811320754717,0.647457627118644
"48463",2022,0.719811320754717,0.647457627118644
"48465",2022,0.719811320754717,0.647457627118644
"48467",2022,0.719811320754717,0.647457627118644
"48469",2022,0.719811320754717,0.647457627118644
"48471",2022,0.719811320754717,0.647457627118644
"48473",2022,0.719811320754717,0.647457627118644
"48475",2022,0.719811320754717,0.647457627118644
"48477",2022,0.719811320754717,0.647457627118644
"48479",2022,0.719811320754717,0.647457627118644
"48481",2022,0.719811320754717,0.647457627118644
"48483",2022,0.719811320754717,0.647457627118644
"48485",2022,0.719811320754717,0.647457627118644
"48487",2022,0.719811320754717,0.647457627118644
"48489",2022,0.719811320754717,0.647457627118644
"48491",2022,0.719811320754717,0.647457627118644
"48493",2022,0.719811320754717,0.647457627118644
"48495",2022,0.719811320754717,0.647457627118644
"48497",2022,0.719811320754717,0.647457627118644
"48499",2022,0.719811320754717,0.647457627118644
"48501",2022,0.719811320754717,0.647457627118644
"48503",2022,0.719811320754717,0.647457627118644
"48505",2022,0.719811320754717,0.647457627118644
"48507",2022,0.719811320754717,0.647457627118644
"48001",2022,0.719811320754717,0.647457627118644
"48003",2022,0.693037974683544,0.484536082474227
"48005",2022,0.719811320754717,0.647457627118644
"48007",2022,0.719811320754717,0.647457627118644
"48009",2022,0.719811320754717,0.647457627118644
"48011",2022,0.719811320754717,0.647457627118644
"48013",2022,0.595505617977528,0.527777777777778
"48015",2022,0.625,0.333333333333333
"48017",2022,0.757575757575758,0.8
"48019",2022,0.719811320754717,0.647457627118644
"48021",2022,0.719811320754717,0.647457627118644
"48023",2022,0.719811320754717,0.647457627118644
"48025",2022,0.661538461538462,0.227272727272727
"48027",2022,0.719811320754717,0.647457627118644
"48029",2022,0.719811320754717,0.647457627118644
"48031",2022,0.754756871035941,0.491379310344828
"48033",2022,0.741514360313316,0.444444444444444
"48035",2022,0.719811320754717,0.647457627118644
"48037",2022,0.719811320754717,0.647457627118644
"48039",2022,0.719811320754717,0.647457627118644
"48041",2022,0.719811320754717,0.647457627118644
"48043",2022,0.719811320754717,0.647457627118644
"48045",2022,0.719811320754717,0.647457627118644
"48047",2022,0.719811320754717,0.647457627118644
"48049",2022,0.719811320754717,0.647457627118644
"48051",2022,0.719811320754717,0.647457627118644
"48053",2022,0.719811320754717,0.647457627118644
"48055",2022,0.719811320754717,0.647457627118644
"48057",2022,0.719811320754717,0.647457627118644
"48059",2022,0.719811320754717,0.647457627118644
"48061",2022,0.719811320754717,0.647457627118644
"48063",2022,0.719811320754717,0.647457627118644
"48065",2022,0.719811320754717,0.647457627118644
"48067",2022,0.719811320754717,0.647457627118644
"48069",2022,0.719811320754717,0.647457627118644
"48071",2022,0.719811320754717,0.647457627118644
"48073",2022,0.719811320754717,0.647457627118644
"48075",2022,0.719811320754717,0.647457627118644
"48077",2022,0.719811320754717,0.647457627118644
"48079",2022,0.719811320754717,0.647457627118644
"48081",2022,0.719811320754717,0.647457627118644
"48083",2022,0.719811320754717,0.647457627118644
"48085",2022,0.719811320754717,0.647457627118644
"48087",2022,0.719811320754717,0.647457627118644
"48089",2022,0.719811320754717,0.647457627118644
"48091",2022,0.719811320754717,0.647457627118644
"48093",2022,0.719811320754717,0.647457627118644
"48095",2022,0.719811320754717,0.647457627118644
"48097",2022,0.719811320754717,0.647457627118644
"48099",2022,0.719811320754717,0.647457627118644
"48101",2022,0.719811320754717,0.647457627118644
"48103",2022,0.719811320754717,0.647457627118644
"48105",2022,0.719811320754717,0.647457627118644
"48107",2022,0.719811320754717,0.647457627118644
"48109",2022,0.719811320754717,0.647457627118644
"48111",2022,0.719811320754717,0.647457627118644
"48113",2022,0.719811320754717,0.647457627118644
"48115",2022,0.719811320754717,0.647457627118644
"48117",2022,0.719811320754717,0.647457627118644
"48119",2022,0.719811320754717,0.647457627118644
"48121",2022,0.719811320754717,0.647457627118644
"48123",2022,0.719811320754717,0.647457627118644
"48125",2022,0.719811320754717,0.647457627118644
"48127",2022,0.719811320754717,0.647457627118644
"48129",2022,0.719811320754717,0.647457627118644
"48131",2022,0.719811320754717,0.647457627118644
"48133",2022,0.719811320754717,0.647457627118644
"48135",2022,0.719811320754717,0.647457627118644
"48137",2022,0.719811320754717,0.647457627118644
"48139",2022,0.719811320754717,0.647457627118644
"48141",2022,0.719811320754717,0.647457627118644
"48143",2022,0.719811320754717,0.647457627118644
"48145",2022,0.719811320754717,0.647457627118644
"48147",2022,0.719811320754717,0.647457627118644
"48149",2022,0.719811320754717,0.647457627118644
"48151",2022,0.719811320754717,0.647457627118644
"48153",2022,0.719811320754717,0.647457627118644
"48155",2022,0.719811320754717,0.647457627118644
"48157",2022,0.719811320754717,0.647457627118644
"48159",2022,0.719811320754717,0.647457627118644
"48161",2022,0.719811320754717,0.647457627118644
"48163",2022,0.719811320754717,0.647457627118644
"48165",2022,0.719811320754717,0.647457627118644
"48167",2022,0.719811320754717,0.647457627118644
"48169",2022,0.719811320754717,0.647457627118644
"48171",2022,0.719811320754717,0.647457627118644
"48173",2022,0.719811320754717,0.647457627118644
"48175",2022,0.719811320754717,0.647457627118644
"48177",2022,0.719811320754717,0.647457627118644
"48179",2022,0.719811320754717,0.647457627118644
"48181",2022,0.719811320754717,0.647457627118644
"48183",2022,0.719811320754717,0.647457627118644
"48185",2022,0.719811320754717,0.647457627118644
"48187",2022,0.719811320754717,0.647457627118644
"48189",2022,0.719811320754717,0.647457627118644
"48191",2022,0.719811320754717,0.647457627118644
"48193",2022,0.719811320754717,0.647457627118644
"48195",2022,0.719811320754717,0.647457627118644
"48197",2022,0.719811320754717,0.647457627118644
"48199",2022,0.719811320754717,0.647457627118644
"48201",2022,0.719811320754717,0.647457627118644
"48203",2022,0.719811320754717,0.647457627118644
"48205",2022,0.719811320754717,0.647457627118644
"48207",2022,0.719811320754717,0.647457627118644
"48209",2022,0.719811320754717,0.647457627118644
"48211",2022,0.719811320754717,0.647457627118644
"48213",2022,0.719811320754717,0.647457627118644
"48215",2022,0.719811320754717,0.647457627118644
"48217",2022,0.719811320754717,0.647457627118644
"48219",2022,0.719811320754717,0.647457627118644
"48221",2022,0.719811320754717,0.647457627118644
"48223",2022,0.719811320754717,0.647457627118644
"48225",2022,0.719811320754717,0.647457627118644
"48227",2022,0.719811320754717,0.647457627118644
"48229",2022,0.719811320754717,0.647457627118644
"48231",2022,0.719811320754717,0.647457627118644
"48233",2022,0.719811320754717,0.647457627118644
"48235",2022,0.719811320754717,0.647457627118644
"48237",2022,0.719811320754717,0.647457627118644
"48239",2022,0.719811320754717,0.647457627118644
"48241",2022,0.719811320754717,0.647457627118644
"48243",2022,0.719811320754717,0.647457627118644
"48245",2022,0.719811320754717,0.647457627118644
"48247",2022,0.719811320754717,0.647457627118644
"48249",2022,0.719811320754717,0.647457627118644
"48251",2022,0.719811320754717,0.647457627118644
"48253",2022,0.719811320754717,0.647457627118644
"48255",2022,0.719811320754717,0.647457627118644
"48257",2022,0.719811320754717,0.647457627118644
"48259",2022,0.719811320754717,0.647457627118644
"48261",2022,0.719811320754717,0.647457627118644
"48263",2022,0.719811320754717,0.647457627118644
"48265",2022,0.719811320754717,0.647457627118644
"48267",2022,0.719811320754717,0.647457627118644
"48269",2022,0.719811320754717,0.647457627118644
"48271",2022,0.719811320754717,0.647457627118644
"48273",2022,0.719811320754717,0.647457627118644
"48275",2022,0.719811320754717,0.647457627118644
"48277",2022,0.719811320754717,0.647457627118644
"48279",2022,0.719811320754717,0.647457627118644
"48281",2022,0.719811320754717,0.647457627118644
"48283",2022,0.719811320754717,0.647457627118644
"48285",2022,0.719811320754717,0.647457627118644
"48287",2022,0.719811320754717,0.647457627118644
"48289",2022,0.719811320754717,0.647457627118644
"48291",2022,0.719811320754717,0.647457627118644
"48293",2022,0.719811320754717,0.647457627118644
"48295",2022,0.719811320754717,0.647457627118644
"48297",2022,0.719811320754717,0.647457627118644
"48299",2022,0.719811320754717,0.647457627118644
"48301",2022,0.719811320754717,0.647457627118644
"48303",2022,0.719811320754717,0.647457627118644
"48305",2022,0.719811320754717,0.647457627118644
"48307",2022,0.719811320754717,0.647457627118644
"48309",2022,0.719811320754717,0.647457627118644
"48311",2022,0.719811320754717,0.647457627118644
"48313",2022,0.719811320754717,0.647457627118644
"48315",2022,0.719811320754717,0.647457627118644
"48317",2022,0.719811320754717,0.647457627118644
"48319",2022,0.719811320754717,0.647457627118644
"48321",2022,0.719811320754717,0.647457627118644
"48323",2022,0.719811320754717,0.647457627118644
"48325",2022,0.719811320754717,0.647457627118644
"48327",2022,0.719811320754717,0.647457627118644
"48329",2022,0.719811320754717,0.647457627118644
"48331",2022,0.719811320754717,0.647457627118644
"48333",2022,0.719811320754717,0.647457627118644
"48335",2022,0.719811320754717,0.647457627118644
"48337",2022,0.719811320754717,0.647457627118644
"48339",2022,0.719811320754717,0.647457627118644
"48341",2022,0.719811320754717,0.647457627118644
"48343",2022,0.719811320754717,0.647457627118644
"48345",2022,0.719811320754717,0.647457627118644
"48347",2022,0.719811320754717,0.647457627118644
"48349",2022,0.719811320754717,0.647457627118644
"48351",2022,0.719811320754717,0.647457627118644
"48353",2022,0.719811320754717,0.647457627118644
"48355",2022,0.719811320754717,0.647457627118644
"48357",2022,0.719811320754717,0.647457627118644
"48359",2022,0.719811320754717,0.647457627118644
"48361",2022,0.719811320754717,0.647457627118644
"48363",2022,0.719811320754717,0.647457627118644
"48365",2022,0.719811320754717,0.647457627118644
"48367",2022,0.719811320754717,0.647457627118644
"48369",2022,0.719811320754717,0.647457627118644
"48371",2022,0.719811320754717,0.647457627118644
"48373",2022,0.719811320754717,0.647457627118644
"48375",2022,0.719811320754717,0.647457627118644
"48377",2022,0.719811320754717,0.647457627118644
"48379",2022,0.719811320754717,0.647457627118644
"48381",2022,0.719811320754717,0.647457627118644
"48383",2022,0.719811320754717,0.647457627118644
"48385",2022,0.719811320754717,0.647457627118644
"48387",2022,0.719811320754717,0.647457627118644
"48389",2022,0.719811320754717,0.647457627118644
"48391",2022,0.719811320754717,0.647457627118644
"48393",2022,0.719811320754717,0.647457627118644
"48395",2022,0.719811320754717,0.647457627118644
"48397",2022,0.719811320754717,0.647457627118644
"48399",2022,0.719811320754717,0.647457627118644
"48401",2022,0.719811320754717,0.647457627118644
"48403",2022,0.719811320754717,0.647457627118644
"48405",2022,0.719811320754717,0.647457627118644
"48407",2022,0.719811320754717,0.647457627118644
"48409",2022,0.719811320754717,0.647457627118644
"48411",2022,0.719811320754717,0.647457627118644
"48413",2022,0.719811320754717,0.647457627118644
"48415",2022,0.719811320754717,0.647457627118644
"48417",2022,0.719811320754717,0.647457627118644
"48419",2022,0.719811320754717,0.647457627118644
"48421",2022,0.719811320754717,0.647457627118644
"48423",2022,0.719811320754717,0.647457627118644
"48425",2022,0.719811320754717,0.647457627118644
"48427",2022,0.719811320754717,0.647457627118644
"48429",2022,0.719811320754717,0.647457627118644
"48431",2022,0.719811320754717,0.647457627118644
"48433",2022,0.719811320754717,0.647457627118644
"48435",2022,0.719811320754717,0.647457627118644
"48437",2022,0.719811320754717,0.647457627118644
"48439",2022,0.719811320754717,0.647457627118644
"48441",2022,0.719811320754717,0.647457627118644
"48443",2022,0.719811320754717,0.647457627118644
"48445",2022,0.719811320754717,0.647457627118644
"48447",2022,0.719811320754717,0.647457627118644
"48449",2022,0.719811320754717,0.647457627118644
"48451",2022,0.719811320754717,0.647457627118644
"48453",2022,0.719811320754717,0.647457627118644
"48455",2022,0.719811320754717,0.647457627118644
"48457",2022,0.719811320754717,0.647457627118644
"48459",2022,0.719811320754717,0.647457627118644
"48461",2022,0.719811320754717,0.647457627118644
"48463",2022,0.719811320754717,0.647457627118644
"48465",2022,0.719811320754717,0.647457627118644
"48467",2022,0.719811320754717,0.647457627118644
"48469",2022,0.719811320754717,0.647457627118644
"48471",2022,0.719811320754717,0.647457627118644
"48473",2022,0.719811320754717,0.647457627118644
"48475",2022,0.719811320754717,0.647457627118644
"48477",2022,0.719811320754717,0.647457627118644
"48479",2022,0.719811320754717,0.647457627118644
"48481",2022,0.719811320754717,0.647457627118644
"48483",2022,0.719811320754717,0.647457627118644
"48485",2022,0.719811320754717,0.647457627118644
"48487",2022,0.719811320754717,0.647457627118644
"48489",2022,0.719811320754717,0.647457627118644
"48491",2022,0.719811320754717,0.647457627118644
"48493",2022,0.719811320754717,0.647457627118644
"48495",2022,0.719811320754717,0.647457627118644
"48497",2022,0.719811320754717,0.647457627118644
"48499",2022,0.719811320754717,0.647457627118644
"48501",2022,0.719811320754717,0.647457627118644
"48503",2022,0.719811320754717,0.647457627118644
"48505",2022,0.719811320754717,0.647457627118644
"48507",2022,0.719811320754717,0.647457627118644
"48001",2020,0.737444933920705,0.547297297297297
"48003",2020,0.693251533742331,0.515151515151515
"48005",2020,0.737444933920705,0.547297297297297
"48007",2020,0.737444933920705,0.547297297297297
"48009",2020,0.737444933920705,0.547297297297297
"48011",2020,0.737444933920705,0.547297297297297
"48013",2020,0.590361445783133,0.558823529411765
"48015",2020,0.758620689655172,0.571428571428571
"48017",2020,0.709302325581395,0.583333333333333
"48019",2020,0.737444933920705,0.547297297297297
"48021",2020,0.737444933920705,0.547297297297297
"48023",2020,0.737444933920705,0.547297297297297
"48025",2020,0.753846153846154,0.357142857142857
"48027",2020,0.737444933920705,0.547297297297297
"48029",2020,0.737444933920705,0.547297297297297
"48031",2020,0.784552845528455,0.452830188679245
"48033",2020,0.819306930693069,0.328767123287671
"48035",2020,0.737444933920705,0.547297297297297
"48037",2020,0.737444933920705,0.547297297297297
"48039",2020,0.737444933920705,0.547297297297297
"48041",2020,0.737444933920705,0.547297297297297
"48043",2020,0.737444933920705,0.547297297297297
"48045",2020,0.737444933920705,0.547297297297297
"48047",2020,0.737444933920705,0.547297297297297
"48049",2020,0.737444933920705,0.547297297297297
"48051",2020,0.737444933920705,0.547297297297297
"48053",2020,0.737444933920705,0.547297297297297
"48055",2020,0.737444933920705,0.547297297297297
"48057",2020,0.737444933920705,0.547297297297297
"48059",2020,0.737444933920705,0.547297297297297
"48061",2020,0.737444933920705,0.547297297297297
"48063",2020,0.737444933920705,0.547297297297297
"48065",2020,0.737444933920705,0.547297297297297
"48067",2020,0.737444933920705,0.547297297297297
"48069",2020,0.737444933920705,0.547297297297297
"48071",2020,0.737444933920705,0.547297297297297
"48073",2020,0.737444933920705,0.547297297297297
"48075",2020,0.737444933920705,0.547297297297297
"48077",2020,0.737444933920705,0.547297297297297
"48079",2020,0.737444933920705,0.547297297297297
"48081",2020,0.737444933920705,0.547297297297297
"48083",2020,0.737444933920705,0.547297297297297
"48085",2020,0.737444933920705,0.547297297297297
"48087",2020,0.737444933920705,0.547297297297297
"48089",2020,0.737444933920705,0.547297297297297
"48091",2020,0.737444933920705,0.547297297297297
"48093",2020,0.737444933920705,0.547297297297297
"48095",2020,0.737444933920705,0.547297297297297
"48097",2020,0.737444933920705,0.547297297297297
"48099",2020,0.737444933920705,0.547297297297297
"48101",2020,0.737444933920705,0.547297297297297
"48103",2020,0.737444933920705,0.547297297297297
"48105",2020,0.737444933920705,0.547297297297297
"48107",2020,0.737444933920705,0.547297297297297
"48109",2020,0.737444933920705,0.547297297297297
"48111",2020,0.737444933920705,0.547297297297297
"48113",2020,0.737444933920705,0.547297297297297
"48115",2020,0.737444933920705,0.547297297297297
"48117",2020,0.737444933920705,0.547297297297297
"48119",2020,0.737444933920705,0.547297297297297
"48121",2020,0.737444933920705,0.547297297297297
"48123",2020,0.737444933920705,0.547297297297297
"48125",2020,0.737444933920705,0.547297297297297
"48127",2020,0.737444933920705,0.547297297297297
"48129",2020,0.737444933920705,0.547297297297297
"48131",2020,0.737444933920705,0.547297297297297
"48133",2020,0.737444933920705,0.547297297297297
"48135",2020,0.737444933920705,0.547297297297297
"48137",2020,0.737444933920705,0.547297297297297
"48139",2020,0.737444933920705,0.547297297297297
"48141",2020,0.737444933920705,0.547297297297297
"48143",2020,0.737444933920705,0.547297297297297
"48145",2020,0.737444933920705,0.547297297297297
"48147",2020,0.737444933920705,0.547297297297297
"48149",2020,0.737444933920705,0.547297297297297
"48151",2020,0.737444933920705,0.547297297297297
"48153",2020,0.737444933920705,0.547297297297297
"48155",2020,0.737444933920705,0.547297297297297
"48157",2020,0.737444933920705,0.547297297297297
"48159",2020,0.737444933920705,0.547297297297297
"48161",2020,0.737444933920705,0.547297297297297
"48163",2020,0.737444933920705,0.547297297297297
"48165",2020,0.737444933920705,0.547297297297297
"48167",2020,0.737444933920705,0.547297297297297
"48169",2020,0.737444933920705,0.547297297297297
"48171",2020,0.737444933920705,0.547297297297297
"48173",2020,0.737444933920705,0.547297297297297
"48175",2020,0.737444933920705,0.547297297297297
"48177",2020,0.737444933920705,0.547297297297297
"48179",2020,0.737444933920705,0.547297297297297
"48181",2020,0.737444933920705,0.547297297297297
"48183",2020,0.737444933920705,0.547297297297297
"48185",2020,0.737444933920705,0.547297297297297
"48187",2020,0.737444933920705,0.547297297297297
"48189",2020,0.737444933920705,0.547297297297297
"48191",2020,0.737444933920705,0.547297297297297
"48193",2020,0.737444933920705,0.547297297297297
"48195",2020,0.737444933920705,0.547297297297297
"48197",2020,0.737444933920705,0.547297297297297
"48199",2020,0.737444933920705,0.547297297297297
"48201",2020,0.737444933920705,0.547297297297297
"48203",2020,0.737444933920705,0.547297297297297
"48205",2020,0.737444933920705,0.547297297297297
"48207",2020,0.737444933920705,0.547297297297297
"48209",2020,0.737444933920705,0.547297297297297
"48211",2020,0.737444933920705,0.547297297297297
"48213",2020,0.737444933920705,0.547297297297297
"48215",2020,0.737444933920705,0.547297297297297
"48217",2020,0.737444933920705,0.547297297297297
"48219",2020,0.737444933920705,0.547297297297297
"48221",2020,0.737444933920705,0.547297297297297
"48223",2020,0.737444933920705,0.547297297297297
"48225",2020,0.737444933920705,0.547297297297297
"48227",2020,0.737444933920705,0.547297297297297
"48229",2020,0.737444933920705,0.547297297297297
"48231",2020,0.737444933920705,0.547297297297297
"48233",2020,0.737444933920705,0.547297297297297
"48235",2020,0.737444933920705,0.547297297297297
"48237",2020,0.737444933920705,0.547297297297297
"48239",2020,0.737444933920705,0.547297297297297
"48241",2020,0.737444933920705,0.547297297297297
"48243",2020,0.737444933920705,0.547297297297297
"48245",2020,0.737444933920705,0.547297297297297
"48247",2020,0.737444933920705,0.547297297297297
"48249",2020,0.737444933920705,0.547297297297297
"48251",2020,0.737444933920705,0.547297297297297
"48253",2020,0.737444933920705,0.547297297297297
"48255",2020,0.737444933920705,0.547297297297297
"48257",2020,0.737444933920705,0.547297297297297
"48259",2020,0.737444933920705,0.547297297297297
"48261",2020,0.737444933920705,0.547297297297297
"48263",2020,0.737444933920705,0.547297297297297
"48265",2020,0.737444933920705,0.547297297297297
"48267",2020,0.737444933920705,0.547297297297297
"48269",2020,0.737444933920705,0.547297297297297
"48271",2020,0.737444933920705,0.547297297297297
"48273",2020,0.737444933920705,0.547297297297297
"48275",2020,0.737444933920705,0.547297297297297
"48277",2020,0.737444933920705,0.547297297297297
"48279",2020,0.737444933920705,0.547297297297297
"48281",2020,0.737444933920705,0.547297297297297
"48283",2020,0.737444933920705,0.547297297297297
"48285",2020,0.737444933920705,0.547297297297297
"48287",2020,0.737444933920705,0.547297297297297
"48289",2020,0.737444933920705,0.547297297297297
"48291",2020,0.737444933920705,0.547297297297297
"48293",2020,0.737444933920705,0.547297297297297
"48295",2020,0.737444933920705,0.547297297297297
"48297",2020,0.737444933920705,0.547297297297297
"48299",2020,0.737444933920705,0.547297297297297
"48301",2020,0.737444933920705,0.547297297297297
"48303",2020,0.737444933920705,0.547297297297297
"48305",2020,0.737444933920705,0.547297297297297
"48307",2020,0.737444933920705,0.547297297297297
"48309",2020,0.737444933920705,0.547297297297297
"48311",2020,0.737444933920705,0.547297297297297
"48313",2020,0.737444933920705,0.547297297297297
"48315",2020,0.737444933920705,0.547297297297297
"48317",2020,0.737444933920705,0.547297297297297
"48319",2020,0.737444933920705,0.547297297297297
"48321",2020,0.737444933920705,0.547297297297297
"48323",2020,0.737444933920705,0.547297297297297
"48325",2020,0.737444933920705,0.547297297297297
"48327",2020,0.737444933920705,0.547297297297297
"48329",2020,0.737444933920705,0.547297297297297
"48331",2020,0.737444933920705,0.547297297297297
"48333",2020,0.737444933920705,0.547297297297297
"48335",2020,0.737444933920705,0.547297297297297
"48337",2020,0.737444933920705,0.547297297297297
"48339",2020,0.737444933920705,0.547297297297297
"48341",2020,0.737444933920705,0.547297297297297
"48343",2020,0.737444933920705,0.547297297297297
"48345",2020,0.737444933920705,0.547297297297297
"48347",2020,0.737444933920705,0.547297297297297
"48349",2020,0.737444933920705,0.547297297297297
"48351",2020,0.737444933920705,0.547297297297297
"48353",2020,0.737444933920705,0.547297297297297
"48355",2020,0.737444933920705,0.547297297297297
"48357",2020,0.737444933920705,0.547297297297297
"48359",2020,0.737444933920705,0.547297297297297
"48361",2020,0.737444933920705,0.547297297297297
"48363",2020,0.737444933920705,0.547297297297297
"48365",2020,0.737444933920705,0.547297297297297
"48367",2020,0.737444933920705,0.547297297297297
"48369",2020,0.737444933920705,0.547297297297297
"48371",2020,0.737444933920705,0.547297297297297
"48373",2020,0.737444933920705,0.547297297297297
"48375",2020,0.737444933920705,0.547297297297297
"48377",2020,0.737444933920705,0.547297297297297
"48379",2020,0.737444933920705,0.547297297297297
"48381",2020,0.737444933920705,0.547297297297297
"48383",2020,0.737444933920705,0.547297297297297
"48385",2020,0.737444933920705,0.547297297297297
"48387",2020,0.737444933920705,0.547297297297297
"48389",2020,0.737444933920705,0.547297297297297
"48391",2020,0.737444933920705,0.547297297297297
"48393",2020,0.737444933920705,0.547297297297297
"48395",2020,0.737444933920705,0.547297297297297
"48397",2020,0.737444933920705,0.547297297297297
"48399",2020,0.737444933920705,0.547297297297297
"48401",2020,0.737444933920705,0.547297297297297
"48403",2020,0.737444933920705,0.547297297297297
"48405",2020,0.737444933920705,0.547297297297297
"48407",2020,0.737444933920705,0.547297297297297
"48409",2020,0.737444933920705,0.547297297297297
"48411",2020,0.737444933920705,0.547297297297297
"48413",2020,0.737444933920705,0.547297297297297
"48415",2020,0.737444933920705,0.547297297297297
"48417",2020,0.737444933920705,0.547297297297297
"48419",2020,0.737444933920705,0.547297297297297
"48421",2020,0.737444933920705,0.547297297297297
"48423",2020,0.737444933920705,0.547297297297297
"48425",2020,0.737444933920705,0.547297297297297
"48427",2020,0.737444933920705,0.547297297297297
"48429",2020,0.737444933920705,0.547297297297297
"48431",2020,0.737444933920705,0.547297297297297
"48433",2020,0.737444933920705,0.547297297297297
"48435",2020,0.737444933920705,0.547297297297297
"48437",2020,0.737444933920705,0.547297297297297
"48439",2020,0.737444933920705,0.547297297297297
"48441",2020,0.737444933920705,0.547297297297297
"48443",2020,0.737444933920705,0.547297297297297
"48445",2020,0.737444933920705,0.547297297297297
"48447",2020,0.737444933920705,0.547297297297297
"48449",2020,0.737444933920705,0.547297297297297
"48451",2020,0.737444933920705,0.547297297297297
"48453",2020,0.737444933920705,0.547297297297297
"48455",2020,0.737444933920705,0.547297297297297
"48457",2020,0.737444933920705,0.547297297297297
"48459",2020,0.737444933920705,0.547297297297297
"48461",2020,0.737444933920705,0.547297297297297
"48463",2020,0.737444933920705,0.547297297297297
"48465",2020,0.737444933920705,0.547297297297297
"48467",2020,0.737444933920705,0.547297297297297
"48469",2020,0.737444933920705,0.547297297297297
"48471",2020,0.737444933920705,0.547297297297297
"48473",2020,0.737444933920705,0.547297297297297
"48475",2020,0.737444933920705,0.547297297297297
"48477",2020,0.737444933920705,0.547297297297297
"48479",2020,0.737444933920705,0.547297297297297
"48481",2020,0.737444933920705,0.547297297297297
"48483",2020,0.737444933920705,0.547297297297297
"48485",2020,0.737444933920705,0.547297297297297
"48487",2020,0.737444933920705,0.547297297297297
"48489",2020,0.737444933920705,0.547297297297297
"48491",2020,0.737444933920705,0.547297297297297
"48493",2020,0.737444933920705,0.547297297297297
"48495",2020,0.737444933920705,0.547297297297297
"48497",2020,0.737444933920705,0.547297297297297
"48499",2020,0.737444933920705,0.547297297297297
"48501",2020,0.737444933920705,0.547297297297297
"48503",2020,0.737444933920705,0.547297297297297
"48505",2020,0.737444933920705,0.547297297297297
"48507",2020,0.737444933920705,0.547297297297297
"48001",2020,0.737444933920705,0.547297297297297
"48003",2020,0.693251533742331,0.515151515151515
"48005",2020,0.737444933920705,0.547297297297297
"48007",2020,0.737444933920705,0.547297297297297
"48009",2020,0.737444933920705,0.547297297297297
"48011",2020,0.737444933920705,0.547297297297297
"48013",2020,0.590361445783133,0.558823529411765
"48015",2020,0.758620689655172,0.571428571428571
"48017",2020,0.709302325581395,0.583333333333333
"48019",2020,0.737444933920705,0.547297297297297
"48021",2020,0.737444933920705,0.547297297297297
"48023",2020,0.737444933920705,0.547297297297297
"48025",2020,0.753846153846154,0.357142857142857
"48027",2020,0.737444933920705,0.547297297297297
"48029",2020,0.737444933920705,0.547297297297297
"48031",2020,0.784552845528455,0.452830188679245
"48033",2020,0.819306930693069,0.328767123287671
"48035",2020,0.737444933920705,0.547297297297297
"48037",2020,0.737444933920705,0.547297297297297
"48039",2020,0.737444933920705,0.547297297297297
"48041",2020,0.737444933920705,0.547297297297297
"48043",2020,0.737444933920705,0.547297297297297
"48045",2020,0.737444933920705,0.547297297297297
"48047",2020,0.737444933920705,0.547297297297297
"48049",2020,0.737444933920705,0.547297297297297
"48051",2020,0.737444933920705,0.547297297297297
"48053",2020,0.737444933920705,0.547297297297297
"48055",2020,0.737444933920705,0.547297297297297
"48057",2020,0.737444933920705,0.547297297297297
"48059",2020,0.737444933920705,0.547297297297297
"48061",2020,0.737444933920705,0.547297297297297
"48063",2020,0.737444933920705,0.547297297297297
"48065",2020,0.737444933920705,0.547297297297297
"48067",2020,0.737444933920705,0.547297297297297
"48069",2020,0.737444933920705,0.547297297297297
"48071",2020,0.737444933920705,0.547297297297297
"48073",2020,0.737444933920705,0.547297297297297
"48075",2020,0.737444933920705,0.547297297297297
"48077",2020,0.737444933920705,0.547297297297297
"48079",2020,0.737444933920705,0.547297297297297
"48081",2020,0.737444933920705,0.547297297297297
"48083",2020,0.737444933920705,0.547297297297297
"48085",2020,0.737444933920705,0.547297297297297
"48087",2020,0.737444933920705,0.547297297297297
"48089",2020,0.737444933920705,0.547297297297297
"48091",2020,0.737444933920705,0.547297297297297
"48093",2020,0.737444933920705,0.547297297297297
"48095",2020,0.737444933920705,0.547297297297297
"48097",2020,0.737444933920705,0.547297297297297
"48099",2020,0.737444933920705,0.547297297297297
"48101",2020,0.737444933920705,0.547297297297297
"48103",2020,0.737444933920705,0.547297297297297
"48105",2020,0.737444933920705,0.547297297297297
"48107",2020,0.737444933920705,0.547297297297297
"48109",2020,0.737444933920705,0.547297297297297
"48111",2020,0.737444933920705,0.547297297297297
"48113",2020,0.737444933920705,0.547297297297297
"48115",2020,0.737444933920705,0.547297297297297
"48117",2020,0.737444933920705,0.547297297297297
"48119",2020,0.737444933920705,0.547297297297297
"48121",2020,0.737444933920705,0.547297297297297
"48123",2020,0.737444933920705,0.547297297297297
"48125",2020,0.737444933920705,0.547297297297297
"48127",2020,0.737444933920705,0.547297297297297
"48129",2020,0.737444933920705,0.547297297297297
"48131",2020,0.737444933920705,0.547297297297297
"48133",2020,0.737444933920705,0.547297297297297
"48135",2020,0.737444933920705,0.547297297297297
"48137",2020,0.737444933920705,0.547297297297297
"48139",2020,0.737444933920705,0.547297297297297
"48141",2020,0.737444933920705,0.547297297297297
"48143",2020,0.737444933920705,0.547297297297297
"48145",2020,0.737444933920705,0.547297297297297
"48147",2020,0.737444933920705,0.547297297297297
"48149",2020,0.737444933920705,0.547297297297297
"48151",2020,0.737444933920705,0.547297297297297
"48153",2020,0.737444933920705,0.547297297297297
"48155",2020,0.737444933920705,0.547297297297297
"48157",2020,0.737444933920705,0.547297297297297
"48159",2020,0.737444933920705,0.547297297297297
"48161",2020,0.737444933920705,0.547297297297297
"48163",2020,0.737444933920705,0.547297297297297
"48165",2020,0.737444933920705,0.547297297297297
"48167",2020,0.737444933920705,0.547297297297297
"48169",2020,0.737444933920705,0.547297297297297
"48171",2020,0.737444933920705,0.547297297297297
"48173",2020,0.737444933920705,0.547297297297297
"48175",2020,0.737444933920705,0.547297297297297
"48177",2020,0.737444933920705,0.547297297297297
"48179",2020,0.737444933920705,0.547297297297297
"48181",2020,0.737444933920705,0.547297297297297
"48183",2020,0.737444933920705,0.547297297297297
"48185",2020,0.737444933920705,0.547297297297297
"48187",2020,0.737444933920705,0.547297297297297
"48189",2020,0.737444933920705,0.547297297297297
"48191",2020,0.737444933920705,0.547297297297297
"48193",2020,0.737444933920705,0.547297297297297
"48195",2020,0.737444933920705,0.547297297297297
"48197",2020,0.737444933920705,0.547297297297297
"48199",2020,0.737444933920705,0.547297297297297
"48201",2020,0.737444933920705,0.547297297297297
"48203",2020,0.737444933920705,0.547297297297297
"48205",2020,0.737444933920705,0.547297297297297
"48207",2020,0.737444933920705,0.547297297297297
"48209",2020,0.737444933920705,0.547297297297297
"48211",2020,0.737444933920705,0.547297297297297
"48213",2020,0.737444933920705,0.547297297297297
"48215",2020,0.737444933920705,0.547297297297297
"48217",2020,0.737444933920705,0.547297297297297
"48219",2020,0.737444933920705,0.547297297297297
"48221",2020,0.737444933920705,0.547297297297297
"48223",2020,0.737444933920705,0.547297297297297
"48225",2020,0.737444933920705,0.547297297297297
"48227",2020,0.737444933920705,0.547297297297297
"48229",2020,0.737444933920705,0.547297297297297
"48231",2020,0.737444933920705,0.547297297297297
"48233",2020,0.737444933920705,0.547297297297297
"48235",2020,0.737444933920705,0.547297297297297
"48237",2020,0.737444933920705,0.547297297297297
"48239",2020,0.737444933920705,0.547297297297297
"48241",2020,0.737444933920705,0.547297297297297
"48243",2020,0.737444933920705,0.547297297297297
"48245",2020,0.737444933920705,0.547297297297297
"48247",2020,0.737444933920705,0.547297297297297
"48249",2020,0.737444933920705,0.547297297297297
"48251",2020,0.737444933920705,0.547297297297297
"48253",2020,0.737444933920705,0.547297297297297
"48255",2020,0.737444933920705,0.547297297297297
"48257",2020,0.737444933920705,0.547297297297297
"48259",2020,0.737444933920705,0.547297297297297
"48261",2020,0.737444933920705,0.547297297297297
"48263",2020,0.737444933920705,0.547297297297297
"48265",2020,0.737444933920705,0.547297297297297
"48267",2020,0.737444933920705,0.547297297297297
"48269",2020,0.737444933920705,0.547297297297297
"48271",2020,0.737444933920705,0.547297297297297
"48273",2020,0.737444933920705,0.547297297297297
"48275",2020,0.737444933920705,0.547297297297297
"48277",2020,0.737444933920705,0.547297297297297
"48279",2020,0.737444933920705,0.547297297297297
"48281",2020,0.737444933920705,0.547297297297297
"48283",2020,0.737444933920705,0.547297297297297
"48285",2020,0.737444933920705,0.547297297297297
"48287",2020,0.737444933920705,0.547297297297297
"48289",2020,0.737444933920705,0.547297297297297
"48291",2020,0.737444933920705,0.547297297297297
"48293",2020,0.737444933920705,0.547297297297297
"48295",2020,0.737444933920705,0.547297297297297
"48297",2020,0.737444933920705,0.547297297297297
"48299",2020,0.737444933920705,0.547297297297297
"48301",2020,0.737444933920705,0.547297297297297
"48303",2020,0.737444933920705,0.547297297297297
"48305",2020,0.737444933920705,0.547297297297297
"48307",2020,0.737444933920705,0.547297297297297
"48309",2020,0.737444933920705,0.547297297297297
"48311",2020,0.737444933920705,0.547297297297297
"48313",2020,0.737444933920705,0.547297297297297
"48315",2020,0.737444933920705,0.547297297297297
"48317",2020,0.737444933920705,0.547297297297297
"48319",2020,0.737444933920705,0.547297297297297
"48321",2020,0.737444933920705,0.547297297297297
"48323",2020,0.737444933920705,0.547297297297297
"48325",2020,0.737444933920705,0.547297297297297
"48327",2020,0.737444933920705,0.547297297297297
"48329",2020,0.737444933920705,0.547297297297297
"48331",2020,0.737444933920705,0.547297297297297
"48333",2020,0.737444933920705,0.547297297297297
"48335",2020,0.737444933920705,0.547297297297297
"48337",2020,0.737444933920705,0.547297297297297
"48339",2020,0.737444933920705,0.547297297297297
"48341",2020,0.737444933920705,0.547297297297297
"48343",2020,0.737444933920705,0.547297297297297
"48345",2020,0.737444933920705,0.547297297297297
"48347",2020,0.737444933920705,0.547297297297297
"48349",2020,0.737444933920705,0.547297297297297
"48351",2020,0.737444933920705,0.547297297297297
"48353",2020,0.737444933920705,0.547297297297297
"48355",2020,0.737444933920705,0.547297297297297
"48357",2020,0.737444933920705,0.547297297297297
"48359",2020,0.737444933920705,0.547297297297297
"48361",2020,0.737444933920705,0.547297297297297
"48363",2020,0.737444933920705,0.547297297297297
"48365",2020,0.737444933920705,0.547297297297297
"48367",2020,0.737444933920705,0.547297297297297
"48369",2020,0.737444933920705,0.547297297297297
"48371",2020,0.737444933920705,0.547297297297297
"48373",2020,0.737444933920705,0.547297297297297
"48375",2020,0.737444933920705,0.547297297297297
"48377",2020,0.737444933920705,0.547297297297297
"48379",2020,0.737444933920705,0.547297297297297
"48381",2020,0.737444933920705,0.547297297297297
"48383",2020,0.737444933920705,0.547297297297297
"48385",2020,0.737444933920705,0.547297297297297
"48387",2020,0.737444933920705,0.547297297297297
"48389",2020,0.737444933920705,0.547297297297297
"48391",2020,0.737444933920705,0.547297297297297
"48393",2020,0.737444933920705,0.547297297297297
"48395",2020,0.737444933920705,0.547297297297297
"48397",2020,0.737444933920705,0.547297297297297
"48399",2020,0.737444933920705,0.547297297297297
"48401",2020,0.737444933920705,0.547297297297297
"48403",2020,0.737444933920705,0.547297297297297
"48405",2020,0.737444933920705,0.547297297297297
"48407",2020,0.737444933920705,0.547297297297297
"48409",2020,0.737444933920705,0.547297297297297
"48411",2020,0.737444933920705,0.547297297297297
"48413",2020,0.737444933920705,0.547297297297297
"48415",2020,0.737444933920705,0.547297297297297
"48417",2020,0.737444933920705,0.547297297297297
"48419",2020,0.737444933920705,0.547297297297297
"48421",2020,0.737444933920705,0.547297297297297
"48423",2020,0.737444933920705,0.547297297297297
"48425",2020,0.737444933920705,0.547297297297297
"48427",2020,0.737444933920705,0.547297297297297
"48429",2020,0.737444933920705,0.547297297297297
"48431",2020,0.737444933920705,0.547297297297297
"48433",2020,0.737444933920705,0.547297297297297
"48435",2020,0.737444933920705,0.547297297297297
"48437",2020,0.737444933920705,0.547297297297297
"48439",2020,0.737444933920705,0.547297297297297
"48441",2020,0.737444933920705,0.547297297297297
"48443",2020,0.737444933920705,0.547297297297297
"48445",2020,0.737444933920705,0.547297297297297
"48447",2020,0.737444933920705,0.547297297297297
"48449",2020,0.737444933920705,0.547297297297297
"48451",2020,0.737444933920705,0.547297297297297
"48453",2020,0.737444933920705,0.547297297297297
"48455",2020,0.737444933920705,0.547297297297297
"48457",2020,0.737444933920705,0.547297297297297
"48459",2020,0.737444933920705,0.547297297297297
"48461",2020,0.737444933920705,0.547297297297297
"48463",2020,0.737444933920705,0.547297297297297
"48465",2020,0.737444933920705,0.547297297297297
"48467",2020,0.737444933920705,0.547297297297297
"48469",2020,0.737444933920705,0.547297297297297
"48471",2020,0.737444933920705,0.547297297297297
"48473",2020,0.737444933920705,0.547297297297297
"48475",2020,0.737444933920705,0.547297297297297
"48477",2020,0.737444933920705,0.547297297297297
"48479",2020,0.737444933920705,0.547297297297297
"48481",2020,0.737444933920705,0.547297297297297
"48483",2020,0.737444933920705,0.547297297297297
"48485",2020,0.737444933920705,0.547297297297297
"48487",2020,0.737444933920705,0.547297297297297
"48489",2020,0.737444933920705,0.547297297297297
"48491",2020,0.737444933920705,0.547297297297297
"48493",2020,0.737444933920705,0.547297297297297
"48495",2020,0.737444933920705,0.547297297297297
"48497",2020,0.737444933920705,0.547297297297297
"48499",2020,0.737444933920705,0.547297297297297
"48501",2020,0.737444933920705,0.547297297297297
"48503",2020,0.737444933920705,0.547297297297297
"48505",2020,0.737444933920705,0.547297297297297
"48507",2020,0.737444933920705,0.547297297297297
"48001",2018,0.615531508593253,0.541528239202658
"48003",2018,0.590425531914894,0.542483660130719
"48005",2018,0.615531508593253,0.541528239202658
"48007",2018,0.615531508593253,0.541528239202658
"48009",2018,0.615531508593253,0.541528239202658
"48011",2018,0.615531508593253,0.541528239202658
"48013",2018,0.518518518518518,0.673076923076923
"48015",2018,0.647058823529412,0.416666666666667
"48017",2018,0.559055118110236,0.509090909090909
"48019",2018,0.615531508593253,0.541528239202658
"48021",2018,0.615531508593253,0.541528239202658
"48023",2018,0.615531508593253,0.541528239202658
"48025",2018,0.704347826086957,0.5
"48027",2018,0.604166666666667,0.789473684210526
"48029",2018,0.615531508593253,0.541528239202658
"48031",2018,0.67688679245283,0.525547445255474
"48033",2018,0.669941060903733,0.505952380952381
"48035",2018,0.615531508593253,0.541528239202658
"48037",2018,0.615531508593253,0.541528239202658
"48039",2018,0.615531508593253,0.541528239202658
"48041",2018,0.615531508593253,0.541528239202658
"48043",2018,0.615531508593253,0.541528239202658
"48045",2018,0.615531508593253,0.541528239202658
"48047",2018,0.615531508593253,0.541528239202658
"48049",2018,0.615531508593253,0.541528239202658
"48051",2018,0.615531508593253,0.541528239202658
"48053",2018,0.615531508593253,0.541528239202658
"48055",2018,0.615531508593253,0.541528239202658
"48057",2018,0.615531508593253,0.541528239202658
"48059",2018,0.615531508593253,0.541528239202658
"48061",2018,0.615531508593253,0.541528239202658
"48063",2018,0.615531508593253,0.541528239202658
"48065",2018,0.615531508593253,0.541528239202658
"48067",2018,0.615531508593253,0.541528239202658
"48069",2018,0.615531508593253,0.541528239202658
"48071",2018,0.615531508593253,0.541528239202658
"48073",2018,0.615531508593253,0.541528239202658
"48075",2018,0.615531508593253,0.541528239202658
"48077",2018,0.615531508593253,0.541528239202658
"48079",2018,0.615531508593253,0.541528239202658
"48081",2018,0.615531508593253,0.541528239202658
"48083",2018,0.615531508593253,0.541528239202658
"48085",2018,0.615531508593253,0.541528239202658
"48087",2018,0.615531508593253,0.541528239202658
"48089",2018,0.615531508593253,0.541528239202658
"48091",2018,0.615531508593253,0.541528239202658
"48093",2018,0.615531508593253,0.541528239202658
"48095",2018,0.615531508593253,0.541528239202658
"48097",2018,0.615531508593253,0.541528239202658
"48099",2018,0.615531508593253,0.541528239202658
"48101",2018,0.615531508593253,0.541528239202658
"48103",2018,0.615531508593253,0.541528239202658
"48105",2018,0.615531508593253,0.541528239202658
"48107",2018,0.615531508593253,0.541528239202658
"48109",2018,0.615531508593253,0.541528239202658
"48111",2018,0.615531508593253,0.541528239202658
"48113",2018,0.615531508593253,0.541528239202658
"48115",2018,0.615531508593253,0.541528239202658
"48117",2018,0.615531508593253,0.541528239202658
"48119",2018,0.615531508593253,0.541528239202658
"48121",2018,0.615531508593253,0.541528239202658
"48123",2018,0.615531508593253,0.541528239202658
"48125",2018,0.615531508593253,0.541528239202658
"48127",2018,0.615531508593253,0.541528239202658
"48129",2018,0.615531508593253,0.541528239202658
"48131",2018,0.615531508593253,0.541528239202658
"48133",2018,0.615531508593253,0.541528239202658
"48135",2018,0.615531508593253,0.541528239202658
"48137",2018,0.615531508593253,0.541528239202658
"48139",2018,0.615531508593253,0.541528239202658
"48141",2018,0.615531508593253,0.541528239202658
"48143",2018,0.615531508593253,0.541528239202658
"48145",2018,0.615531508593253,0.541528239202658
"48147",2018,0.615531508593253,0.541528239202658
"48149",2018,0.615531508593253,0.541528239202658
"48151",2018,0.615531508593253,0.541528239202658
"48153",2018,0.615531508593253,0.541528239202658
"48155",2018,0.615531508593253,0.541528239202658
"48157",2018,0.615531508593253,0.541528239202658
"48159",2018,0.615531508593253,0.541528239202658
"48161",2018,0.615531508593253,0.541528239202658
"48163",2018,0.615531508593253,0.541528239202658
"48165",2018,0.615531508593253,0.541528239202658
"48167",2018,0.615531508593253,0.541528239202658
"48169",2018,0.615531508593253,0.541528239202658
"48171",2018,0.615531508593253,0.541528239202658
"48173",2018,0.615531508593253,0.541528239202658
"48175",2018,0.615531508593253,0.541528239202658
"48177",2018,0.615531508593253,0.541528239202658
"48179",2018,0.615531508593253,0.541528239202658
"48181",2018,0.615531508593253,0.541528239202658
"48183",2018,0.615531508593253,0.541528239202658
"48185",2018,0.615531508593253,0.541528239202658
"48187",2018,0.615531508593253,0.541528239202658
"48189",2018,0.615531508593253,0.541528239202658
"48191",2018,0.615531508593253,0.541528239202658
"48193",2018,0.615531508593253,0.541528239202658
"48195",2018,0.615531508593253,0.541528239202658
"48197",2018,0.615531508593253,0.541528239202658
"48199",2018,0.615531508593253,0.541528239202658
"48201",2018,0.615531508593253,0.541528239202658
"48203",2018,0.615531508593253,0.541528239202658
"48205",2018,0.615531508593253,0.541528239202658
"48207",2018,0.615531508593253,0.541528239202658
"48209",2018,0.615531508593253,0.541528239202658
"48211",2018,0.615531508593253,0.541528239202658
"48213",2018,0.615531508593253,0.541528239202658
"48215",2018,0.615531508593253,0.541528239202658
"48217",2018,0.615531508593253,0.541528239202658
"48219",2018,0.615531508593253,0.541528239202658
"48221",2018,0.615531508593253,0.541528239202658
"48223",2018,0.615531508593253,0.541528239202658
"48225",2018,0.615531508593253,0.541528239202658
"48227",2018,0.615531508593253,0.541528239202658
"48229",2018,0.615531508593253,0.541528239202658
"48231",2018,0.615531508593253,0.541528239202658
"48233",2018,0.615531508593253,0.541528239202658
"48235",2018,0.615531508593253,0.541528239202658
"48237",2018,0.615531508593253,0.541528239202658
"48239",2018,0.615531508593253,0.541528239202658
"48241",2018,0.615531508593253,0.541528239202658
"48243",2018,0.615531508593253,0.541528239202658
"48245",2018,0.615531508593253,0.541528239202658
"48247",2018,0.615531508593253,0.541528239202658
"48249",2018,0.615531508593253,0.541528239202658
"48251",2018,0.615531508593253,0.541528239202658
"48253",2018,0.615531508593253,0.541528239202658
"48255",2018,0.615531508593253,0.541528239202658
"48257",2018,0.615531508593253,0.541528239202658
"48259",2018,0.615531508593253,0.541528239202658
"48261",2018,0.615531508593253,0.541528239202658
"48263",2018,0.615531508593253,0.541528239202658
"48265",2018,0.615531508593253,0.541528239202658
"48267",2018,0.615531508593253,0.541528239202658
"48269",2018,0.615531508593253,0.541528239202658
"48271",2018,0.615531508593253,0.541528239202658
"48273",2018,0.615531508593253,0.541528239202658
"48275",2018,0.615531508593253,0.541528239202658
"48277",2018,0.615531508593253,0.541528239202658
"48279",2018,0.615531508593253,0.541528239202658
"48281",2018,0.615531508593253,0.541528239202658
"48283",2018,0.615531508593253,0.541528239202658
"48285",2018,0.615531508593253,0.541528239202658
"48287",2018,0.615531508593253,0.541528239202658
"48289",2018,0.615531508593253,0.541528239202658
"48291",2018,0.615531508593253,0.541528239202658
"48293",2018,0.615531508593253,0.541528239202658
"48295",2018,0.615531508593253,0.541528239202658
"48297",2018,0.615531508593253,0.541528239202658
"48299",2018,0.615531508593253,0.541528239202658
"48301",2018,0.615531508593253,0.541528239202658
"48303",2018,0.615531508593253,0.541528239202658
"48305",2018,0.615531508593253,0.541528239202658
"48307",2018,0.615531508593253,0.541528239202658
"48309",2018,0.615531508593253,0.541528239202658
"48311",2018,0.615531508593253,0.541528239202658
"48313",2018,0.615531508593253,0.541528239202658
"48315",2018,0.615531508593253,0.541528239202658
"48317",2018,0.615531508593253,0.541528239202658
"48319",2018,0.615531508593253,0.541528239202658
"48321",2018,0.615531508593253,0.541528239202658
"48323",2018,0.615531508593253,0.541528239202658
"48325",2018,0.615531508593253,0.541528239202658
"48327",2018,0.615531508593253,0.541528239202658
"48329",2018,0.615531508593253,0.541528239202658
"48331",2018,0.615531508593253,0.541528239202658
"48333",2018,0.615531508593253,0.541528239202658
"48335",2018,0.615531508593253,0.541528239202658
"48337",2018,0.615531508593253,0.541528239202658
"48339",2018,0.615531508593253,0.541528239202658
"48341",2018,0.615531508593253,0.541528239202658
"48343",2018,0.615531508593253,0.541528239202658
"48345",2018,0.615531508593253,0.541528239202658
"48347",2018,0.615531508593253,0.541528239202658
"48349",2018,0.615531508593253,0.541528239202658
"48351",2018,0.615531508593253,0.541528239202658
"48353",2018,0.615531508593253,0.541528239202658
"48355",2018,0.615531508593253,0.541528239202658
"48357",2018,0.615531508593253,0.541528239202658
"48359",2018,0.615531508593253,0.541528239202658
"48361",2018,0.615531508593253,0.541528239202658
"48363",2018,0.615531508593253,0.541528239202658
"48365",2018,0.615531508593253,0.541528239202658
"48367",2018,0.615531508593253,0.541528239202658
"48369",2018,0.615531508593253,0.541528239202658
"48371",2018,0.615531508593253,0.541528239202658
"48373",2018,0.615531508593253,0.541528239202658
"48375",2018,0.615531508593253,0.541528239202658
"48377",2018,0.615531508593253,0.541528239202658
"48379",2018,0.615531508593253,0.541528239202658
"48381",2018,0.615531508593253,0.541528239202658
"48383",2018,0.615531508593253,0.541528239202658
"48385",2018,0.615531508593253,0.541528239202658
"48387",2018,0.615531508593253,0.541528239202658
"48389",2018,0.615531508593253,0.541528239202658
"48391",2018,0.615531508593253,0.541528239202658
"48393",2018,0.615531508593253,0.541528239202658
"48395",2018,0.615531508593253,0.541528239202658
"48397",2018,0.615531508593253,0.541528239202658
"48399",2018,0.615531508593253,0.541528239202658
"48401",2018,0.615531508593253,0.541528239202658
"48403",2018,0.615531508593253,0.541528239202658
"48405",2018,0.615531508593253,0.541528239202658
"48407",2018,0.615531508593253,0.541528239202658
"48409",2018,0.615531508593253,0.541528239202658
"48411",2018,0.615531508593253,0.541528239202658
"48413",2018,0.615531508593253,0.541528239202658
"48415",2018,0.615531508593253,0.541528239202658
"48417",2018,0.615531508593253,0.541528239202658
"48419",2018,0.615531508593253,0.541528239202658
"48421",2018,0.615531508593253,0.541528239202658
"48423",2018,0.615531508593253,0.541528239202658
"48425",2018,0.615531508593253,0.541528239202658
"48427",2018,0.615531508593253,0.541528239202658
"48429",2018,0.615531508593253,0.541528239202658
"48431",2018,0.615531508593253,0.541528239202658
"48433",2018,0.615531508593253,0.541528239202658
"48435",2018,0.615531508593253,0.541528239202658
"48437",2018,0.615531508593253,0.541528239202658
"48439",2018,0.615531508593253,0.541528239202658
"48441",2018,0.615531508593253,0.541528239202658
"48443",2018,0.615531508593253,0.541528239202658
"48445",2018,0.615531508593253,0.541528239202658
"48447",2018,0.615531508593253,0.541528239202658
"48449",2018,0.615531508593253,0.541528239202658
"48451",2018,0.615531508593253,0.541528239202658
"48453",2018,0.615531508593253,0.541528239202658
"48455",2018,0.615531508593253,0.541528239202658
"48457",2018,0.615531508593253,0.541528239202658
"48459",2018,0.615531508593253,0.541528239202658
"48461",2018,0.615531508593253,0.541528239202658
"48463",2018,0.615531508593253,0.541528239202658
"48465",2018,0.615531508593253,0.541528239202658
"48467",2018,0.615531508593253,0.541528239202658
"48469",2018,0.615531508593253,0.541528239202658
"48471",2018,0.615531508593253,0.541528239202658
"48473",2018,0.615531508593253,0.541528239202658
"48475",2018,0.615531508593253,0.541528239202658
"48477",2018,0.615531508593253,0.541528239202658
"48479",2018,0.615531508593253,0.541528239202658
"48481",2018,0.615531508593253,0.541528239202658
"48483",2018,0.615531508593253,0.541528239202658
"48485",2018,0.615531508593253,0.541528239202658
"48487",2018,0.615531508593253,0.541528239202658
"48489",2018,0.615531508593253,0.541528239202658
"48491",2018,0.615531508593253,0.541528239202658
"48493",2018,0.615531508593253,0.541528239202658
"48495",2018,0.615531508593253,0.541528239202658
"48497",2018,0.615531508593253,0.541528239202658
"48499",2018,0.615531508593253,0.541528239202658
"48501",2018,0.615531508593253,0.541528239202658
"48503",2018,0.615531508593253,0.541528239202658
"48505",2018,0.615531508593253,0.541528239202658
"48507",2018,0.615531508593253,0.541528239202658
"49001",2022,0.719811320754717,0.647457627118644
"49003",2022,0.693037974683544,0.484536082474227
"49005",2022,0.719811320754717,0.647457627118644
"49007",2022,0.719811320754717,0.647457627118644
"49009",2022,0.719811320754717,0.647457627118644
"49011",2022,0.719811320754717,0.647457627118644
"49013",2022,0.595505617977528,0.527777777777778
"49015",2022,0.625,0.333333333333333
"49017",2022,0.757575757575758,0.8
"49019",2022,0.719811320754717,0.647457627118644
"49021",2022,0.719811320754717,0.647457627118644
"49023",2022,0.719811320754717,0.647457627118644
"49025",2022,0.661538461538462,0.227272727272727
"49027",2022,0.719811320754717,0.647457627118644
"49029",2022,0.719811320754717,0.647457627118644
"49031",2022,0.754756871035941,0.491379310344828
"49033",2022,0.741514360313316,0.444444444444444
"49035",2022,0.719811320754717,0.647457627118644
"49037",2022,0.719811320754717,0.647457627118644
"49039",2022,0.719811320754717,0.647457627118644
"49041",2022,0.719811320754717,0.647457627118644
"49043",2022,0.719811320754717,0.647457627118644
"49045",2022,0.719811320754717,0.647457627118644
"49047",2022,0.719811320754717,0.647457627118644
"49049",2022,0.719811320754717,0.647457627118644
"49051",2022,0.719811320754717,0.647457627118644
"49053",2022,0.719811320754717,0.647457627118644
"49055",2022,0.719811320754717,0.647457627118644
"49057",2022,0.719811320754717,0.647457627118644
"49001",2022,0.719811320754717,0.647457627118644
"49003",2022,0.693037974683544,0.484536082474227
"49005",2022,0.719811320754717,0.647457627118644
"49007",2022,0.719811320754717,0.647457627118644
"49009",2022,0.719811320754717,0.647457627118644
"49011",2022,0.719811320754717,0.647457627118644
"49013",2022,0.595505617977528,0.527777777777778
"49015",2022,0.625,0.333333333333333
"49017",2022,0.757575757575758,0.8
"49019",2022,0.719811320754717,0.647457627118644
"49021",2022,0.719811320754717,0.647457627118644
"49023",2022,0.719811320754717,0.647457627118644
"49025",2022,0.661538461538462,0.227272727272727
"49027",2022,0.719811320754717,0.647457627118644
"49029",2022,0.719811320754717,0.647457627118644
"49031",2022,0.754756871035941,0.491379310344828
"49033",2022,0.741514360313316,0.444444444444444
"49035",2022,0.719811320754717,0.647457627118644
"49037",2022,0.719811320754717,0.647457627118644
"49039",2022,0.719811320754717,0.647457627118644
"49041",2022,0.719811320754717,0.647457627118644
"49043",2022,0.719811320754717,0.647457627118644
"49045",2022,0.719811320754717,0.647457627118644
"49047",2022,0.719811320754717,0.647457627118644
"49049",2022,0.719811320754717,0.647457627118644
"49051",2022,0.719811320754717,0.647457627118644
"49053",2022,0.719811320754717,0.647457627118644
"49055",2022,0.719811320754717,0.647457627118644
"49057",2022,0.719811320754717,0.647457627118644
"49001",2020,0.737444933920705,0.547297297297297
"49003",2020,0.693251533742331,0.515151515151515
"49005",2020,0.737444933920705,0.547297297297297
"49007",2020,0.737444933920705,0.547297297297297
"49009",2020,0.737444933920705,0.547297297297297
"49011",2020,0.737444933920705,0.547297297297297
"49013",2020,0.590361445783133,0.558823529411765
"49015",2020,0.758620689655172,0.571428571428571
"49017",2020,0.709302325581395,0.583333333333333
"49019",2020,0.737444933920705,0.547297297297297
"49021",2020,0.737444933920705,0.547297297297297
"49023",2020,0.737444933920705,0.547297297297297
"49025",2020,0.753846153846154,0.357142857142857
"49027",2020,0.737444933920705,0.547297297297297
"49029",2020,0.737444933920705,0.547297297297297
"49031",2020,0.784552845528455,0.452830188679245
"49033",2020,0.819306930693069,0.328767123287671
"49035",2020,0.737444933920705,0.547297297297297
"49037",2020,0.737444933920705,0.547297297297297
"49039",2020,0.737444933920705,0.547297297297297
"49041",2020,0.737444933920705,0.547297297297297
"49043",2020,0.737444933920705,0.547297297297297
"49045",2020,0.737444933920705,0.547297297297297
"49047",2020,0.737444933920705,0.547297297297297
"49049",2020,0.737444933920705,0.547297297297297
"49051",2020,0.737444933920705,0.547297297297297
"49053",2020,0.737444933920705,0.547297297297297
"49055",2020,0.737444933920705,0.547297297297297
"49057",2020,0.737444933920705,0.547297297297297
"49001",2020,0.737444933920705,0.547297297297297
"49003",2020,0.693251533742331,0.515151515151515
"49005",2020,0.737444933920705,0.547297297297297
"49007",2020,0.737444933920705,0.547297297297297
"49009",2020,0.737444933920705,0.547297297297297
"49011",2020,0.737444933920705,0.547297297297297
"49013",2020,0.590361445783133,0.558823529411765
"49015",2020,0.758620689655172,0.571428571428571
"49017",2020,0.709302325581395,0.583333333333333
"49019",2020,0.737444933920705,0.547297297297297
"49021",2020,0.737444933920705,0.547297297297297
"49023",2020,0.737444933920705,0.547297297297297
"49025",2020,0.753846153846154,0.357142857142857
"49027",2020,0.737444933920705,0.547297297297297
"49029",2020,0.737444933920705,0.547297297297297
"49031",2020,0.784552845528455,0.452830188679245
"49033",2020,0.819306930693069,0.328767123287671
"49035",2020,0.737444933920705,0.547297297297297
"49037",2020,0.737444933920705,0.547297297297297
"49039",2020,0.737444933920705,0.547297297297297
"49041",2020,0.737444933920705,0.547297297297297
"49043",2020,0.737444933920705,0.547297297297297
"49045",2020,0.737444933920705,0.547297297297297
"49047",2020,0.737444933920705,0.547297297297297
"49049",2020,0.737444933920705,0.547297297297297
"49051",2020,0.737444933920705,0.547297297297297
"49053",2020,0.737444933920705,0.547297297297297
"49055",2020,0.737444933920705,0.547297297297297
"49057",2020,0.737444933920705,0.547297297297297
"49001",2018,0.615531508593253,0.541528239202658
"49003",2018,0.590425531914894,0.542483660130719
"49005",2018,0.615531508593253,0.541528239202658
"49007",2018,0.615531508593253,0.541528239202658
"49009",2018,0.615531508593253,0.541528239202658
"49011",2018,0.615531508593253,0.541528239202658
"49013",2018,0.518518518518518,0.673076923076923
"49015",2018,0.647058823529412,0.416666666666667
"49017",2018,0.559055118110236,0.509090909090909
"49019",2018,0.615531508593253,0.541528239202658
"49021",2018,0.615531508593253,0.541528239202658
"49023",2018,0.615531508593253,0.541528239202658
"49025",2018,0.704347826086957,0.5
"49027",2018,0.604166666666667,0.789473684210526
"49029",2018,0.615531508593253,0.541528239202658
"49031",2018,0.67688679245283,0.525547445255474
"49033",2018,0.669941060903733,0.505952380952381
"49035",2018,0.615531508593253,0.541528239202658
"49037",2018,0.615531508593253,0.541528239202658
"49039",2018,0.615531508593253,0.541528239202658
"49041",2018,0.615531508593253,0.541528239202658
"49043",2018,0.615531508593253,0.541528239202658
"49045",2018,0.615531508593253,0.541528239202658
"49047",2018,0.615531508593253,0.541528239202658
"49049",2018,0.615531508593253,0.541528239202658
"49051",2018,0.615531508593253,0.541528239202658
"49053",2018,0.615531508593253,0.541528239202658
"49055",2018,0.615531508593253,0.541528239202658
"49057",2018,0.615531508593253,0.541528239202658
"50001",2022,0.719811320754717,0.647457627118644
"50003",2022,0.693037974683544,0.484536082474227
"50005",2022,0.719811320754717,0.647457627118644
"50007",2022,0.719811320754717,0.647457627118644
"50009",2022,0.719811320754717,0.647457627118644
"50011",2022,0.719811320754717,0.647457627118644
"50013",2022,0.595505617977528,0.527777777777778
"50015",2022,0.625,0.333333333333333
"50017",2022,0.757575757575758,0.8
"50019",2022,0.719811320754717,0.647457627118644
"50021",2022,0.719811320754717,0.647457627118644
"50023",2022,0.719811320754717,0.647457627118644
"50025",2022,0.661538461538462,0.227272727272727
"50027",2022,0.719811320754717,0.647457627118644
"50001",2022,0.719811320754717,0.647457627118644
"50003",2022,0.693037974683544,0.484536082474227
"50005",2022,0.719811320754717,0.647457627118644
"50007",2022,0.719811320754717,0.647457627118644
"50009",2022,0.719811320754717,0.647457627118644
"50011",2022,0.719811320754717,0.647457627118644
"50013",2022,0.595505617977528,0.527777777777778
"50015",2022,0.625,0.333333333333333
"50017",2022,0.757575757575758,0.8
"50019",2022,0.719811320754717,0.647457627118644
"50021",2022,0.719811320754717,0.647457627118644
"50023",2022,0.719811320754717,0.647457627118644
"50025",2022,0.661538461538462,0.227272727272727
"50027",2022,0.719811320754717,0.647457627118644
"50001",2020,0.737444933920705,0.547297297297297
"50003",2020,0.693251533742331,0.515151515151515
"50005",2020,0.737444933920705,0.547297297297297
"50007",2020,0.737444933920705,0.547297297297297
"50009",2020,0.737444933920705,0.547297297297297
"50011",2020,0.737444933920705,0.547297297297297
"50013",2020,0.590361445783133,0.558823529411765
"50015",2020,0.758620689655172,0.571428571428571
"50017",2020,0.709302325581395,0.583333333333333
"50019",2020,0.737444933920705,0.547297297297297
"50021",2020,0.737444933920705,0.547297297297297
"50023",2020,0.737444933920705,0.547297297297297
"50025",2020,0.753846153846154,0.357142857142857
"50027",2020,0.737444933920705,0.547297297297297
"50001",2020,0.737444933920705,0.547297297297297
"50003",2020,0.693251533742331,0.515151515151515
"50005",2020,0.737444933920705,0.547297297297297
"50007",2020,0.737444933920705,0.547297297297297
"50009",2020,0.737444933920705,0.547297297297297
"50011",2020,0.737444933920705,0.547297297297297
"50013",2020,0.590361445783133,0.558823529411765
"50015",2020,0.758620689655172,0.571428571428571
"50017",2020,0.709302325581395,0.583333333333333
"50019",2020,0.737444933920705,0.547297297297297
"50021",2020,0.737444933920705,0.547297297297297
"50023",2020,0.737444933920705,0.547297297297297
"50025",2020,0.753846153846154,0.357142857142857
"50027",2020,0.737444933920705,0.547297297297297
"50001",2018,0.615531508593253,0.541528239202658
"50003",2018,0.590425531914894,0.542483660130719
"50005",2018,0.615531508593253,0.541528239202658
"50007",2018,0.615531508593253,0.541528239202658
"50009",2018,0.615531508593253,0.541528239202658
"50011",2018,0.615531508593253,0.541528239202658
"50013",2018,0.518518518518518,0.673076923076923
"50015",2018,0.647058823529412,0.416666666666667
"50017",2018,0.559055118110236,0.509090909090909
"50019",2018,0.615531508593253,0.541528239202658
"50021",2018,0.615531508593253,0.541528239202658
"50023",2018,0.615531508593253,0.541528239202658
"50025",2018,0.704347826086957,0.5
"50027",2018,0.604166666666667,0.789473684210526
"51001",2022,0.719811320754717,0.647457627118644
"51003",2022,0.693037974683544,0.484536082474227
"51005",2022,0.719811320754717,0.647457627118644
"51007",2022,0.719811320754717,0.647457627118644
"51009",2022,0.719811320754717,0.647457627118644
"51011",2022,0.719811320754717,0.647457627118644
"51013",2022,0.595505617977528,0.527777777777778
"51015",2022,0.625,0.333333333333333
"51017",2022,0.757575757575758,0.8
"51019",2022,0.719811320754717,0.647457627118644
"51021",2022,0.719811320754717,0.647457627118644
"51023",2022,0.719811320754717,0.647457627118644
"51025",2022,0.661538461538462,0.227272727272727
"51027",2022,0.719811320754717,0.647457627118644
"51029",2022,0.719811320754717,0.647457627118644
"51031",2022,0.754756871035941,0.491379310344828
"51033",2022,0.741514360313316,0.444444444444444
"51035",2022,0.719811320754717,0.647457627118644
"51036",2022,0.719811320754717,0.647457627118644
"51037",2022,0.719811320754717,0.647457627118644
"51041",2022,0.719811320754717,0.647457627118644
"51043",2022,0.719811320754717,0.647457627118644
"51045",2022,0.719811320754717,0.647457627118644
"51047",2022,0.719811320754717,0.647457627118644
"51049",2022,0.719811320754717,0.647457627118644
"51051",2022,0.719811320754717,0.647457627118644
"51053",2022,0.719811320754717,0.647457627118644
"51057",2022,0.719811320754717,0.647457627118644
"51059",2022,0.719811320754717,0.647457627118644
"51061",2022,0.719811320754717,0.647457627118644
"51063",2022,0.719811320754717,0.647457627118644
"51065",2022,0.719811320754717,0.647457627118644
"51067",2022,0.719811320754717,0.647457627118644
"51069",2022,0.719811320754717,0.647457627118644
"51071",2022,0.719811320754717,0.647457627118644
"51073",2022,0.719811320754717,0.647457627118644
"51075",2022,0.719811320754717,0.647457627118644
"51077",2022,0.719811320754717,0.647457627118644
"51079",2022,0.719811320754717,0.647457627118644
"51081",2022,0.719811320754717,0.647457627118644
"51083",2022,0.719811320754717,0.647457627118644
"51085",2022,0.719811320754717,0.647457627118644
"51087",2022,0.719811320754717,0.647457627118644
"51089",2022,0.719811320754717,0.647457627118644
"51091",2022,0.719811320754717,0.647457627118644
"51093",2022,0.719811320754717,0.647457627118644
"51095",2022,0.719811320754717,0.647457627118644
"51097",2022,0.719811320754717,0.647457627118644
"51099",2022,0.719811320754717,0.647457627118644
"51101",2022,0.719811320754717,0.647457627118644
"51103",2022,0.719811320754717,0.647457627118644
"51105",2022,0.719811320754717,0.647457627118644
"51107",2022,0.719811320754717,0.647457627118644
"51109",2022,0.719811320754717,0.647457627118644
"51111",2022,0.719811320754717,0.647457627118644
"51113",2022,0.719811320754717,0.647457627118644
"51115",2022,0.719811320754717,0.647457627118644
"51117",2022,0.719811320754717,0.647457627118644
"51119",2022,0.719811320754717,0.647457627118644
"51121",2022,0.719811320754717,0.647457627118644
"51125",2022,0.719811320754717,0.647457627118644
"51127",2022,0.719811320754717,0.647457627118644
"51131",2022,0.719811320754717,0.647457627118644
"51133",2022,0.719811320754717,0.647457627118644
"51135",2022,0.719811320754717,0.647457627118644
"51137",2022,0.719811320754717,0.647457627118644
"51139",2022,0.719811320754717,0.647457627118644
"51141",2022,0.719811320754717,0.647457627118644
"51143",2022,0.719811320754717,0.647457627118644
"51145",2022,0.719811320754717,0.647457627118644
"51147",2022,0.719811320754717,0.647457627118644
"51149",2022,0.719811320754717,0.647457627118644
"51153",2022,0.719811320754717,0.647457627118644
"51155",2022,0.719811320754717,0.647457627118644
"51157",2022,0.719811320754717,0.647457627118644
"51159",2022,0.719811320754717,0.647457627118644
"51161",2022,0.719811320754717,0.647457627118644
"51163",2022,0.719811320754717,0.647457627118644
"51165",2022,0.719811320754717,0.647457627118644
"51167",2022,0.719811320754717,0.647457627118644
"51169",2022,0.719811320754717,0.647457627118644
"51171",2022,0.719811320754717,0.647457627118644
"51173",2022,0.719811320754717,0.647457627118644
"51175",2022,0.719811320754717,0.647457627118644
"51177",2022,0.719811320754717,0.647457627118644
"51179",2022,0.719811320754717,0.647457627118644
"51181",2022,0.719811320754717,0.647457627118644
"51183",2022,0.719811320754717,0.647457627118644
"51185",2022,0.719811320754717,0.647457627118644
"51187",2022,0.719811320754717,0.647457627118644
"51191",2022,0.719811320754717,0.647457627118644
"51193",2022,0.719811320754717,0.647457627118644
"51195",2022,0.719811320754717,0.647457627118644
"51197",2022,0.719811320754717,0.647457627118644
"51199",2022,0.719811320754717,0.647457627118644
"51510",2022,0.701421800947867,0.587301587301587
"51515",2022,0.719811320754717,0.647457627118644
"51520",2022,0.719811320754717,0.647457627118644
"51530",2022,0.719811320754717,0.647457627118644
"51540",2022,0.719811320754717,0.647457627118644
"51550",2022,0.719811320754717,0.647457627118644
"51560",2022,0.719811320754717,0.647457627118644
"51570",2022,0.719811320754717,0.647457627118644
"51580",2022,0.719811320754717,0.647457627118644
"51590",2022,0.719811320754717,0.647457627118644
"51595",2022,0.719811320754717,0.647457627118644
"51600",2022,0.719811320754717,0.647457627118644
"51610",2022,0.719811320754717,0.647457627118644
"51620",2022,0.719811320754717,0.647457627118644
"51630",2022,0.719811320754717,0.647457627118644
"51640",2022,0.719811320754717,0.647457627118644
"51650",2022,0.719811320754717,0.647457627118644
"51660",2022,0.719811320754717,0.647457627118644
"51670",2022,0.719811320754717,0.647457627118644
"51678",2022,0.719811320754717,0.647457627118644
"51680",2022,0.719811320754717,0.647457627118644
"51683",2022,0.719811320754717,0.647457627118644
"51685",2022,0.719811320754717,0.647457627118644
"51690",2022,0.719811320754717,0.647457627118644
"51700",2022,0.719811320754717,0.647457627118644
"51710",2022,0.719811320754717,0.647457627118644
"51720",2022,0.719811320754717,0.647457627118644
"51730",2022,0.719811320754717,0.647457627118644
"51735",2022,0.719811320754717,0.647457627118644
"51740",2022,0.719811320754717,0.647457627118644
"51750",2022,0.719811320754717,0.647457627118644
"51760",2022,0.719811320754717,0.647457627118644
"51770",2022,0.719811320754717,0.647457627118644
"51775",2022,0.719811320754717,0.647457627118644
"51780",2022,0.719811320754717,0.647457627118644
"51790",2022,0.719811320754717,0.647457627118644
"51800",2022,0.719811320754717,0.647457627118644
"51810",2022,0.719811320754717,0.647457627118644
"51820",2022,0.719811320754717,0.647457627118644
"51830",2022,0.719811320754717,0.647457627118644
"51840",2022,0.719811320754717,0.647457627118644
"51001",2022,0.719811320754717,0.647457627118644
"51003",2022,0.693037974683544,0.484536082474227
"51005",2022,0.719811320754717,0.647457627118644
"51007",2022,0.719811320754717,0.647457627118644
"51009",2022,0.719811320754717,0.647457627118644
"51011",2022,0.719811320754717,0.647457627118644
"51013",2022,0.595505617977528,0.527777777777778
"51015",2022,0.625,0.333333333333333
"51017",2022,0.757575757575758,0.8
"51019",2022,0.719811320754717,0.647457627118644
"51021",2022,0.719811320754717,0.647457627118644
"51023",2022,0.719811320754717,0.647457627118644
"51025",2022,0.661538461538462,0.227272727272727
"51027",2022,0.719811320754717,0.647457627118644
"51029",2022,0.719811320754717,0.647457627118644
"51031",2022,0.754756871035941,0.491379310344828
"51033",2022,0.741514360313316,0.444444444444444
"51035",2022,0.719811320754717,0.647457627118644
"51036",2022,0.719811320754717,0.647457627118644
"51037",2022,0.719811320754717,0.647457627118644
"51041",2022,0.719811320754717,0.647457627118644
"51043",2022,0.719811320754717,0.647457627118644
"51045",2022,0.719811320754717,0.647457627118644
"51047",2022,0.719811320754717,0.647457627118644
"51049",2022,0.719811320754717,0.647457627118644
"51051",2022,0.719811320754717,0.647457627118644
"51053",2022,0.719811320754717,0.647457627118644
"51057",2022,0.719811320754717,0.647457627118644
"51059",2022,0.719811320754717,0.647457627118644
"51061",2022,0.719811320754717,0.647457627118644
"51063",2022,0.719811320754717,0.647457627118644
"51065",2022,0.719811320754717,0.647457627118644
"51067",2022,0.719811320754717,0.647457627118644
"51069",2022,0.719811320754717,0.647457627118644
"51071",2022,0.719811320754717,0.647457627118644
"51073",2022,0.719811320754717,0.647457627118644
"51075",2022,0.719811320754717,0.647457627118644
"51077",2022,0.719811320754717,0.647457627118644
"51079",2022,0.719811320754717,0.647457627118644
"51081",2022,0.719811320754717,0.647457627118644
"51083",2022,0.719811320754717,0.647457627118644
"51085",2022,0.719811320754717,0.647457627118644
"51087",2022,0.719811320754717,0.647457627118644
"51089",2022,0.719811320754717,0.647457627118644
"51091",2022,0.719811320754717,0.647457627118644
"51093",2022,0.719811320754717,0.647457627118644
"51095",2022,0.719811320754717,0.647457627118644
"51097",2022,0.719811320754717,0.647457627118644
"51099",2022,0.719811320754717,0.647457627118644
"51101",2022,0.719811320754717,0.647457627118644
"51103",2022,0.719811320754717,0.647457627118644
"51105",2022,0.719811320754717,0.647457627118644
"51107",2022,0.719811320754717,0.647457627118644
"51109",2022,0.719811320754717,0.647457627118644
"51111",2022,0.719811320754717,0.647457627118644
"51113",2022,0.719811320754717,0.647457627118644
"51115",2022,0.719811320754717,0.647457627118644
"51117",2022,0.719811320754717,0.647457627118644
"51119",2022,0.719811320754717,0.647457627118644
"51121",2022,0.719811320754717,0.647457627118644
"51125",2022,0.719811320754717,0.647457627118644
"51127",2022,0.719811320754717,0.647457627118644
"51131",2022,0.719811320754717,0.647457627118644
"51133",2022,0.719811320754717,0.647457627118644
"51135",2022,0.719811320754717,0.647457627118644
"51137",2022,0.719811320754717,0.647457627118644
"51139",2022,0.719811320754717,0.647457627118644
"51141",2022,0.719811320754717,0.647457627118644
"51143",2022,0.719811320754717,0.647457627118644
"51145",2022,0.719811320754717,0.647457627118644
"51147",2022,0.719811320754717,0.647457627118644
"51149",2022,0.719811320754717,0.647457627118644
"51153",2022,0.719811320754717,0.647457627118644
"51155",2022,0.719811320754717,0.647457627118644
"51157",2022,0.719811320754717,0.647457627118644
"51159",2022,0.719811320754717,0.647457627118644
"51161",2022,0.719811320754717,0.647457627118644
"51163",2022,0.719811320754717,0.647457627118644
"51165",2022,0.719811320754717,0.647457627118644
"51167",2022,0.719811320754717,0.647457627118644
"51169",2022,0.719811320754717,0.647457627118644
"51171",2022,0.719811320754717,0.647457627118644
"51173",2022,0.719811320754717,0.647457627118644
"51175",2022,0.719811320754717,0.647457627118644
"51177",2022,0.719811320754717,0.647457627118644
"51179",2022,0.719811320754717,0.647457627118644
"51181",2022,0.719811320754717,0.647457627118644
"51183",2022,0.719811320754717,0.647457627118644
"51185",2022,0.719811320754717,0.647457627118644
"51187",2022,0.719811320754717,0.647457627118644
"51191",2022,0.719811320754717,0.647457627118644
"51193",2022,0.719811320754717,0.647457627118644
"51195",2022,0.719811320754717,0.647457627118644
"51197",2022,0.719811320754717,0.647457627118644
"51199",2022,0.719811320754717,0.647457627118644
"51510",2022,0.701421800947867,0.587301587301587
"51515",2022,0.719811320754717,0.647457627118644
"51520",2022,0.719811320754717,0.647457627118644
"51530",2022,0.719811320754717,0.647457627118644
"51540",2022,0.719811320754717,0.647457627118644
"51550",2022,0.719811320754717,0.647457627118644
"51560",2022,0.719811320754717,0.647457627118644
"51570",2022,0.719811320754717,0.647457627118644
"51580",2022,0.719811320754717,0.647457627118644
"51590",2022,0.719811320754717,0.647457627118644
"51595",2022,0.719811320754717,0.647457627118644
"51600",2022,0.719811320754717,0.647457627118644
"51610",2022,0.719811320754717,0.647457627118644
"51620",2022,0.719811320754717,0.647457627118644
"51630",2022,0.719811320754717,0.647457627118644
"51640",2022,0.719811320754717,0.647457627118644
"51650",2022,0.719811320754717,0.647457627118644
"51660",2022,0.719811320754717,0.647457627118644
"51670",2022,0.719811320754717,0.647457627118644
"51678",2022,0.719811320754717,0.647457627118644
"51680",2022,0.719811320754717,0.647457627118644
"51683",2022,0.719811320754717,0.647457627118644
"51685",2022,0.719811320754717,0.647457627118644
"51690",2022,0.719811320754717,0.647457627118644
"51700",2022,0.719811320754717,0.647457627118644
"51710",2022,0.719811320754717,0.647457627118644
"51720",2022,0.719811320754717,0.647457627118644
"51730",2022,0.719811320754717,0.647457627118644
"51735",2022,0.719811320754717,0.647457627118644
"51740",2022,0.719811320754717,0.647457627118644
"51750",2022,0.719811320754717,0.647457627118644
"51760",2022,0.719811320754717,0.647457627118644
"51770",2022,0.719811320754717,0.647457627118644
"51775",2022,0.719811320754717,0.647457627118644
"51780",2022,0.719811320754717,0.647457627118644
"51790",2022,0.719811320754717,0.647457627118644
"51800",2022,0.719811320754717,0.647457627118644
"51810",2022,0.719811320754717,0.647457627118644
"51820",2022,0.719811320754717,0.647457627118644
"51830",2022,0.719811320754717,0.647457627118644
"51840",2022,0.719811320754717,0.647457627118644
"51001",2020,0.737444933920705,0.547297297297297
"51003",2020,0.693251533742331,0.515151515151515
"51005",2020,0.737444933920705,0.547297297297297
"51007",2020,0.737444933920705,0.547297297297297
"51009",2020,0.737444933920705,0.547297297297297
"51011",2020,0.737444933920705,0.547297297297297
"51013",2020,0.590361445783133,0.558823529411765
"51015",2020,0.758620689655172,0.571428571428571
"51017",2020,0.709302325581395,0.583333333333333
"51019",2020,0.737444933920705,0.547297297297297
"51021",2020,0.737444933920705,0.547297297297297
"51023",2020,0.737444933920705,0.547297297297297
"51025",2020,0.753846153846154,0.357142857142857
"51027",2020,0.737444933920705,0.547297297297297
"51029",2020,0.737444933920705,0.547297297297297
"51031",2020,0.784552845528455,0.452830188679245
"51033",2020,0.819306930693069,0.328767123287671
"51035",2020,0.737444933920705,0.547297297297297
"51036",2020,0.737444933920705,0.547297297297297
"51037",2020,0.737444933920705,0.547297297297297
"51041",2020,0.737444933920705,0.547297297297297
"51043",2020,0.737444933920705,0.547297297297297
"51045",2020,0.737444933920705,0.547297297297297
"51047",2020,0.737444933920705,0.547297297297297
"51049",2020,0.737444933920705,0.547297297297297
"51051",2020,0.737444933920705,0.547297297297297
"51053",2020,0.737444933920705,0.547297297297297
"51057",2020,0.737444933920705,0.547297297297297
"51059",2020,0.737444933920705,0.547297297297297
"51061",2020,0.737444933920705,0.547297297297297
"51063",2020,0.737444933920705,0.547297297297297
"51065",2020,0.737444933920705,0.547297297297297
"51067",2020,0.737444933920705,0.547297297297297
"51069",2020,0.737444933920705,0.547297297297297
"51071",2020,0.737444933920705,0.547297297297297
"51073",2020,0.737444933920705,0.547297297297297
"51075",2020,0.737444933920705,0.547297297297297
"51077",2020,0.737444933920705,0.547297297297297
"51079",2020,0.737444933920705,0.547297297297297
"51081",2020,0.737444933920705,0.547297297297297
"51083",2020,0.737444933920705,0.547297297297297
"51085",2020,0.737444933920705,0.547297297297297
"51087",2020,0.737444933920705,0.547297297297297
"51089",2020,0.737444933920705,0.547297297297297
"51091",2020,0.737444933920705,0.547297297297297
"51093",2020,0.737444933920705,0.547297297297297
"51095",2020,0.737444933920705,0.547297297297297
"51097",2020,0.737444933920705,0.547297297297297
"51099",2020,0.737444933920705,0.547297297297297
"51101",2020,0.737444933920705,0.547297297297297
"51103",2020,0.737444933920705,0.547297297297297
"51105",2020,0.737444933920705,0.547297297297297
"51107",2020,0.737444933920705,0.547297297297297
"51109",2020,0.737444933920705,0.547297297297297
"51111",2020,0.737444933920705,0.547297297297297
"51113",2020,0.737444933920705,0.547297297297297
"51115",2020,0.737444933920705,0.547297297297297
"51117",2020,0.737444933920705,0.547297297297297
"51119",2020,0.737444933920705,0.547297297297297
"51121",2020,0.737444933920705,0.547297297297297
"51125",2020,0.737444933920705,0.547297297297297
"51127",2020,0.737444933920705,0.547297297297297
"51131",2020,0.737444933920705,0.547297297297297
"51133",2020,0.737444933920705,0.547297297297297
"51135",2020,0.737444933920705,0.547297297297297
"51137",2020,0.737444933920705,0.547297297297297
"51139",2020,0.737444933920705,0.547297297297297
"51141",2020,0.737444933920705,0.547297297297297
"51143",2020,0.737444933920705,0.547297297297297
"51145",2020,0.737444933920705,0.547297297297297
"51147",2020,0.737444933920705,0.547297297297297
"51149",2020,0.737444933920705,0.547297297297297
"51153",2020,0.737444933920705,0.547297297297297
"51155",2020,0.737444933920705,0.547297297297297
"51157",2020,0.737444933920705,0.547297297297297
"51159",2020,0.737444933920705,0.547297297297297
"51161",2020,0.737444933920705,0.547297297297297
"51163",2020,0.737444933920705,0.547297297297297
"51165",2020,0.737444933920705,0.547297297297297
"51167",2020,0.737444933920705,0.547297297297297
"51169",2020,0.737444933920705,0.547297297297297
"51171",2020,0.737444933920705,0.547297297297297
"51173",2020,0.737444933920705,0.547297297297297
"51175",2020,0.737444933920705,0.547297297297297
"51177",2020,0.737444933920705,0.547297297297297
"51179",2020,0.737444933920705,0.547297297297297
"51181",2020,0.737444933920705,0.547297297297297
"51183",2020,0.737444933920705,0.547297297297297
"51185",2020,0.737444933920705,0.547297297297297
"51187",2020,0.737444933920705,0.547297297297297
"51191",2020,0.737444933920705,0.547297297297297
"51193",2020,0.737444933920705,0.547297297297297
"51195",2020,0.737444933920705,0.547297297297297
"51197",2020,0.737444933920705,0.547297297297297
"51199",2020,0.737444933920705,0.547297297297297
"51510",2020,0.74235807860262,0.53448275862069
"51515",2020,0.737444933920705,0.547297297297297
"51520",2020,0.737444933920705,0.547297297297297
"51530",2020,0.737444933920705,0.547297297297297
"51540",2020,0.737444933920705,0.547297297297297
"51550",2020,0.737444933920705,0.547297297297297
"51560",2020,0.737444933920705,0.547297297297297
"51570",2020,0.737444933920705,0.547297297297297
"51580",2020,0.737444933920705,0.547297297297297
"51590",2020,0.737444933920705,0.547297297297297
"51595",2020,0.737444933920705,0.547297297297297
"51600",2020,0.737444933920705,0.547297297297297
"51610",2020,0.737444933920705,0.547297297297297
"51620",2020,0.737444933920705,0.547297297297297
"51630",2020,0.737444933920705,0.547297297297297
"51640",2020,0.737444933920705,0.547297297297297
"51650",2020,0.737444933920705,0.547297297297297
"51660",2020,0.737444933920705,0.547297297297297
"51670",2020,0.737444933920705,0.547297297297297
"51678",2020,0.737444933920705,0.547297297297297
"51680",2020,0.737444933920705,0.547297297297297
"51683",2020,0.737444933920705,0.547297297297297
"51685",2020,0.737444933920705,0.547297297297297
"51690",2020,0.737444933920705,0.547297297297297
"51700",2020,0.737444933920705,0.547297297297297
"51710",2020,0.737444933920705,0.547297297297297
"51720",2020,0.737444933920705,0.547297297297297
"51730",2020,0.737444933920705,0.547297297297297
"51735",2020,0.737444933920705,0.547297297297297
"51740",2020,0.737444933920705,0.547297297297297
"51750",2020,0.737444933920705,0.547297297297297
"51760",2020,0.737444933920705,0.547297297297297
"51770",2020,0.737444933920705,0.547297297297297
"51775",2020,0.737444933920705,0.547297297297297
"51780",2020,0.737444933920705,0.547297297297297
"51790",2020,0.737444933920705,0.547297297297297
"51800",2020,0.737444933920705,0.547297297297297
"51810",2020,0.737444933920705,0.547297297297297
"51820",2020,0.737444933920705,0.547297297297297
"51830",2020,0.737444933920705,0.547297297297297
"51840",2020,0.737444933920705,0.547297297297297
"51001",2020,0.737444933920705,0.547297297297297
"51003",2020,0.693251533742331,0.515151515151515
"51005",2020,0.737444933920705,0.547297297297297
"51007",2020,0.737444933920705,0.547297297297297
"51009",2020,0.737444933920705,0.547297297297297
"51011",2020,0.737444933920705,0.547297297297297
"51013",2020,0.590361445783133,0.558823529411765
"51015",2020,0.758620689655172,0.571428571428571
"51017",2020,0.709302325581395,0.583333333333333
"51019",2020,0.737444933920705,0.547297297297297
"51021",2020,0.737444933920705,0.547297297297297
"51023",2020,0.737444933920705,0.547297297297297
"51025",2020,0.753846153846154,0.357142857142857
"51027",2020,0.737444933920705,0.547297297297297
"51029",2020,0.737444933920705,0.547297297297297
"51031",2020,0.784552845528455,0.452830188679245
"51033",2020,0.819306930693069,0.328767123287671
"51035",2020,0.737444933920705,0.547297297297297
"51036",2020,0.737444933920705,0.547297297297297
"51037",2020,0.737444933920705,0.547297297297297
"51041",2020,0.737444933920705,0.547297297297297
"51043",2020,0.737444933920705,0.547297297297297
"51045",2020,0.737444933920705,0.547297297297297
"51047",2020,0.737444933920705,0.547297297297297
"51049",2020,0.737444933920705,0.547297297297297
"51051",2020,0.737444933920705,0.547297297297297
"51053",2020,0.737444933920705,0.547297297297297
"51057",2020,0.737444933920705,0.547297297297297
"51059",2020,0.737444933920705,0.547297297297297
"51061",2020,0.737444933920705,0.547297297297297
"51063",2020,0.737444933920705,0.547297297297297
"51065",2020,0.737444933920705,0.547297297297297
"51067",2020,0.737444933920705,0.547297297297297
"51069",2020,0.737444933920705,0.547297297297297
"51071",2020,0.737444933920705,0.547297297297297
"51073",2020,0.737444933920705,0.547297297297297
"51075",2020,0.737444933920705,0.547297297297297
"51077",2020,0.737444933920705,0.547297297297297
"51079",2020,0.737444933920705,0.547297297297297
"51081",2020,0.737444933920705,0.547297297297297
"51083",2020,0.737444933920705,0.547297297297297
"51085",2020,0.737444933920705,0.547297297297297
"51087",2020,0.737444933920705,0.547297297297297
"51089",2020,0.737444933920705,0.547297297297297
"51091",2020,0.737444933920705,0.547297297297297
"51093",2020,0.737444933920705,0.547297297297297
"51095",2020,0.737444933920705,0.547297297297297
"51097",2020,0.737444933920705,0.547297297297297
"51099",2020,0.737444933920705,0.547297297297297
"51101",2020,0.737444933920705,0.547297297297297
"51103",2020,0.737444933920705,0.547297297297297
"51105",2020,0.737444933920705,0.547297297297297
"51107",2020,0.737444933920705,0.547297297297297
"51109",2020,0.737444933920705,0.547297297297297
"51111",2020,0.737444933920705,0.547297297297297
"51113",2020,0.737444933920705,0.547297297297297
"51115",2020,0.737444933920705,0.547297297297297
"51117",2020,0.737444933920705,0.547297297297297
"51119",2020,0.737444933920705,0.547297297297297
"51121",2020,0.737444933920705,0.547297297297297
"51125",2020,0.737444933920705,0.547297297297297
"51127",2020,0.737444933920705,0.547297297297297
"51131",2020,0.737444933920705,0.547297297297297
"51133",2020,0.737444933920705,0.547297297297297
"51135",2020,0.737444933920705,0.547297297297297
"51137",2020,0.737444933920705,0.547297297297297
"51139",2020,0.737444933920705,0.547297297297297
"51141",2020,0.737444933920705,0.547297297297297
"51143",2020,0.737444933920705,0.547297297297297
"51145",2020,0.737444933920705,0.547297297297297
"51147",2020,0.737444933920705,0.547297297297297
"51149",2020,0.737444933920705,0.547297297297297
"51153",2020,0.737444933920705,0.547297297297297
"51155",2020,0.737444933920705,0.547297297297297
"51157",2020,0.737444933920705,0.547297297297297
"51159",2020,0.737444933920705,0.547297297297297
"51161",2020,0.737444933920705,0.547297297297297
"51163",2020,0.737444933920705,0.547297297297297
"51165",2020,0.737444933920705,0.547297297297297
"51167",2020,0.737444933920705,0.547297297297297
"51169",2020,0.737444933920705,0.547297297297297
"51171",2020,0.737444933920705,0.547297297297297
"51173",2020,0.737444933920705,0.547297297297297
"51175",2020,0.737444933920705,0.547297297297297
"51177",2020,0.737444933920705,0.547297297297297
"51179",2020,0.737444933920705,0.547297297297297
"51181",2020,0.737444933920705,0.547297297297297
"51183",2020,0.737444933920705,0.547297297297297
"51185",2020,0.737444933920705,0.547297297297297
"51187",2020,0.737444933920705,0.547297297297297
"51191",2020,0.737444933920705,0.547297297297297
"51193",2020,0.737444933920705,0.547297297297297
"51195",2020,0.737444933920705,0.547297297297297
"51197",2020,0.737444933920705,0.547297297297297
"51199",2020,0.737444933920705,0.547297297297297
"51510",2020,0.74235807860262,0.53448275862069
"51515",2020,0.737444933920705,0.547297297297297
"51520",2020,0.737444933920705,0.547297297297297
"51530",2020,0.737444933920705,0.547297297297297
"51540",2020,0.737444933920705,0.547297297297297
"51550",2020,0.737444933920705,0.547297297297297
"51560",2020,0.737444933920705,0.547297297297297
"51570",2020,0.737444933920705,0.547297297297297
"51580",2020,0.737444933920705,0.547297297297297
"51590",2020,0.737444933920705,0.547297297297297
"51595",2020,0.737444933920705,0.547297297297297
"51600",2020,0.737444933920705,0.547297297297297
"51610",2020,0.737444933920705,0.547297297297297
"51620",2020,0.737444933920705,0.547297297297297
"51630",2020,0.737444933920705,0.547297297297297
"51640",2020,0.737444933920705,0.547297297297297
"51650",2020,0.737444933920705,0.547297297297297
"51660",2020,0.737444933920705,0.547297297297297
"51670",2020,0.737444933920705,0.547297297297297
"51678",2020,0.737444933920705,0.547297297297297
"51680",2020,0.737444933920705,0.547297297297297
"51683",2020,0.737444933920705,0.547297297297297
"51685",2020,0.737444933920705,0.547297297297297
"51690",2020,0.737444933920705,0.547297297297297
"51700",2020,0.737444933920705,0.547297297297297
"51710",2020,0.737444933920705,0.547297297297297
"51720",2020,0.737444933920705,0.547297297297297
"51730",2020,0.737444933920705,0.547297297297297
"51735",2020,0.737444933920705,0.547297297297297
"51740",2020,0.737444933920705,0.547297297297297
"51750",2020,0.737444933920705,0.547297297297297
"51760",2020,0.737444933920705,0.547297297297297
"51770",2020,0.737444933920705,0.547297297297297
"51775",2020,0.737444933920705,0.547297297297297
"51780",2020,0.737444933920705,0.547297297297297
"51790",2020,0.737444933920705,0.547297297297297
"51800",2020,0.737444933920705,0.547297297297297
"51810",2020,0.737444933920705,0.547297297297297
"51820",2020,0.737444933920705,0.547297297297297
"51830",2020,0.737444933920705,0.547297297297297
"51840",2020,0.737444933920705,0.547297297297297
"51001",2018,0.615531508593253,0.541528239202658
"51003",2018,0.590425531914894,0.542483660130719
"51005",2018,0.615531508593253,0.541528239202658
"51007",2018,0.615531508593253,0.541528239202658
"51009",2018,0.615531508593253,0.541528239202658
"51011",2018,0.615531508593253,0.541528239202658
"51013",2018,0.518518518518518,0.673076923076923
"51015",2018,0.647058823529412,0.416666666666667
"51017",2018,0.559055118110236,0.509090909090909
"51019",2018,0.615531508593253,0.541528239202658
"51021",2018,0.615531508593253,0.541528239202658
"51023",2018,0.615531508593253,0.541528239202658
"51025",2018,0.704347826086957,0.5
"51027",2018,0.604166666666667,0.789473684210526
"51029",2018,0.615531508593253,0.541528239202658
"51031",2018,0.67688679245283,0.525547445255474
"51033",2018,0.669941060903733,0.505952380952381
"51035",2018,0.615531508593253,0.541528239202658
"51036",2018,0.615531508593253,0.541528239202658
"51037",2018,0.615531508593253,0.541528239202658
"51041",2018,0.615531508593253,0.541528239202658
"51043",2018,0.615531508593253,0.541528239202658
"51045",2018,0.615531508593253,0.541528239202658
"51047",2018,0.615531508593253,0.541528239202658
"51049",2018,0.615531508593253,0.541528239202658
"51051",2018,0.615531508593253,0.541528239202658
"51053",2018,0.615531508593253,0.541528239202658
"51057",2018,0.615531508593253,0.541528239202658
"51059",2018,0.615531508593253,0.541528239202658
"51061",2018,0.615531508593253,0.541528239202658
"51063",2018,0.615531508593253,0.541528239202658
"51065",2018,0.615531508593253,0.541528239202658
"51067",2018,0.615531508593253,0.541528239202658
"51069",2018,0.615531508593253,0.541528239202658
"51071",2018,0.615531508593253,0.541528239202658
"51073",2018,0.615531508593253,0.541528239202658
"51075",2018,0.615531508593253,0.541528239202658
"51077",2018,0.615531508593253,0.541528239202658
"51079",2018,0.615531508593253,0.541528239202658
"51081",2018,0.615531508593253,0.541528239202658
"51083",2018,0.615531508593253,0.541528239202658
"51085",2018,0.615531508593253,0.541528239202658
"51087",2018,0.615531508593253,0.541528239202658
"51089",2018,0.615531508593253,0.541528239202658
"51091",2018,0.615531508593253,0.541528239202658
"51093",2018,0.615531508593253,0.541528239202658
"51095",2018,0.615531508593253,0.541528239202658
"51097",2018,0.615531508593253,0.541528239202658
"51099",2018,0.615531508593253,0.541528239202658
"51101",2018,0.615531508593253,0.541528239202658
"51103",2018,0.615531508593253,0.541528239202658
"51105",2018,0.615531508593253,0.541528239202658
"51107",2018,0.615531508593253,0.541528239202658
"51109",2018,0.615531508593253,0.541528239202658
"51111",2018,0.615531508593253,0.541528239202658
"51113",2018,0.615531508593253,0.541528239202658
"51115",2018,0.615531508593253,0.541528239202658
"51117",2018,0.615531508593253,0.541528239202658
"51119",2018,0.615531508593253,0.541528239202658
"51121",2018,0.615531508593253,0.541528239202658
"51125",2018,0.615531508593253,0.541528239202658
"51127",2018,0.615531508593253,0.541528239202658
"51131",2018,0.615531508593253,0.541528239202658
"51133",2018,0.615531508593253,0.541528239202658
"51135",2018,0.615531508593253,0.541528239202658
"51137",2018,0.615531508593253,0.541528239202658
"51139",2018,0.615531508593253,0.541528239202658
"51141",2018,0.615531508593253,0.541528239202658
"51143",2018,0.615531508593253,0.541528239202658
"51145",2018,0.615531508593253,0.541528239202658
"51147",2018,0.615531508593253,0.541528239202658
"51149",2018,0.615531508593253,0.541528239202658
"51153",2018,0.615531508593253,0.541528239202658
"51155",2018,0.615531508593253,0.541528239202658
"51157",2018,0.615531508593253,0.541528239202658
"51159",2018,0.615531508593253,0.541528239202658
"51161",2018,0.615531508593253,0.541528239202658
"51163",2018,0.615531508593253,0.541528239202658
"51165",2018,0.615531508593253,0.541528239202658
"51167",2018,0.615531508593253,0.541528239202658
"51169",2018,0.615531508593253,0.541528239202658
"51171",2018,0.615531508593253,0.541528239202658
"51173",2018,0.615531508593253,0.541528239202658
"51175",2018,0.615531508593253,0.541528239202658
"51177",2018,0.615531508593253,0.541528239202658
"51179",2018,0.615531508593253,0.541528239202658
"51181",2018,0.615531508593253,0.541528239202658
"51183",2018,0.615531508593253,0.541528239202658
"51185",2018,0.615531508593253,0.541528239202658
"51187",2018,0.615531508593253,0.541528239202658
"51191",2018,0.615531508593253,0.541528239202658
"51193",2018,0.615531508593253,0.541528239202658
"51195",2018,0.615531508593253,0.541528239202658
"51197",2018,0.615531508593253,0.541528239202658
"51199",2018,0.615531508593253,0.541528239202658
"51510",2018,0.675799086757991,0.565217391304348
"51515",2018,0.615531508593253,0.541528239202658
"51520",2018,0.615531508593253,0.541528239202658
"51530",2018,0.615531508593253,0.541528239202658
"51540",2018,0.615531508593253,0.541528239202658
"51550",2018,0.615531508593253,0.541528239202658
"51560",2018,0.615531508593253,0.541528239202658
"51570",2018,0.615531508593253,0.541528239202658
"51580",2018,0.615531508593253,0.541528239202658
"51590",2018,0.615531508593253,0.541528239202658
"51595",2018,0.615531508593253,0.541528239202658
"51600",2018,0.615531508593253,0.541528239202658
"51610",2018,0.615531508593253,0.541528239202658
"51620",2018,0.615531508593253,0.541528239202658
"51630",2018,0.615531508593253,0.541528239202658
"51640",2018,0.615531508593253,0.541528239202658
"51650",2018,0.615531508593253,0.541528239202658
"51660",2018,0.615531508593253,0.541528239202658
"51670",2018,0.615531508593253,0.541528239202658
"51678",2018,0.615531508593253,0.541528239202658
"51680",2018,0.615531508593253,0.541528239202658
"51683",2018,0.615531508593253,0.541528239202658
"51685",2018,0.615531508593253,0.541528239202658
"51690",2018,0.615531508593253,0.541528239202658
"51700",2018,0.615531508593253,0.541528239202658
"51710",2018,0.615531508593253,0.541528239202658
"51720",2018,0.615531508593253,0.541528239202658
"51730",2018,0.615531508593253,0.541528239202658
"51735",2018,0.615531508593253,0.541528239202658
"51740",2018,0.615531508593253,0.541528239202658
"51750",2018,0.615531508593253,0.541528239202658
"51760",2018,0.615531508593253,0.541528239202658
"51770",2018,0.615531508593253,0.541528239202658
"51775",2018,0.615531508593253,0.541528239202658
"51780",2018,0.615531508593253,0.541528239202658
"51790",2018,0.615531508593253,0.541528239202658
"51800",2018,0.615531508593253,0.541528239202658
"51810",2018,0.615531508593253,0.541528239202658
"51820",2018,0.615531508593253,0.541528239202658
"51830",2018,0.615531508593253,0.541528239202658
"51840",2018,0.615531508593253,0.541528239202658
"53001",2022,0.719811320754717,0.647457627118644
"53003",2022,0.693037974683544,0.484536082474227
"53005",2022,0.719811320754717,0.647457627118644
"53007",2022,0.719811320754717,0.647457627118644
"53009",2022,0.719811320754717,0.647457627118644
"53011",2022,0.719811320754717,0.647457627118644
"53013",2022,0.595505617977528,0.527777777777778
"53015",2022,0.625,0.333333333333333
"53017",2022,0.757575757575758,0.8
"53019",2022,0.719811320754717,0.647457627118644
"53021",2022,0.719811320754717,0.647457627118644
"53023",2022,0.719811320754717,0.647457627118644
"53025",2022,0.661538461538462,0.227272727272727
"53027",2022,0.719811320754717,0.647457627118644
"53029",2022,0.719811320754717,0.647457627118644
"53031",2022,0.754756871035941,0.491379310344828
"53033",2022,0.741514360313316,0.444444444444444
"53035",2022,0.719811320754717,0.647457627118644
"53037",2022,0.719811320754717,0.647457627118644
"53039",2022,0.719811320754717,0.647457627118644
"53041",2022,0.719811320754717,0.647457627118644
"53043",2022,0.719811320754717,0.647457627118644
"53045",2022,0.719811320754717,0.647457627118644
"53047",2022,0.719811320754717,0.647457627118644
"53049",2022,0.719811320754717,0.647457627118644
"53051",2022,0.719811320754717,0.647457627118644
"53053",2022,0.719811320754717,0.647457627118644
"53055",2022,0.719811320754717,0.647457627118644
"53057",2022,0.719811320754717,0.647457627118644
"53059",2022,0.719811320754717,0.647457627118644
"53061",2022,0.719811320754717,0.647457627118644
"53063",2022,0.719811320754717,0.647457627118644
"53065",2022,0.719811320754717,0.647457627118644
"53067",2022,0.719811320754717,0.647457627118644
"53069",2022,0.719811320754717,0.647457627118644
"53071",2022,0.719811320754717,0.647457627118644
"53073",2022,0.719811320754717,0.647457627118644
"53075",2022,0.719811320754717,0.647457627118644
"53077",2022,0.719811320754717,0.647457627118644
"53001",2022,0.719811320754717,0.647457627118644
"53003",2022,0.693037974683544,0.484536082474227
"53005",2022,0.719811320754717,0.647457627118644
"53007",2022,0.719811320754717,0.647457627118644
"53009",2022,0.719811320754717,0.647457627118644
"53011",2022,0.719811320754717,0.647457627118644
"53013",2022,0.595505617977528,0.527777777777778
"53015",2022,0.625,0.333333333333333
"53017",2022,0.757575757575758,0.8
"53019",2022,0.719811320754717,0.647457627118644
"53021",2022,0.719811320754717,0.647457627118644
"53023",2022,0.719811320754717,0.647457627118644
"53025",2022,0.661538461538462,0.227272727272727
"53027",2022,0.719811320754717,0.647457627118644
"53029",2022,0.719811320754717,0.647457627118644
"53031",2022,0.754756871035941,0.491379310344828
"53033",2022,0.741514360313316,0.444444444444444
"53035",2022,0.719811320754717,0.647457627118644
"53037",2022,0.719811320754717,0.647457627118644
"53039",2022,0.719811320754717,0.647457627118644
"53041",2022,0.719811320754717,0.647457627118644
"53043",2022,0.719811320754717,0.647457627118644
"53045",2022,0.719811320754717,0.647457627118644
"53047",2022,0.719811320754717,0.647457627118644
"53049",2022,0.719811320754717,0.647457627118644
"53051",2022,0.719811320754717,0.647457627118644
"53053",2022,0.719811320754717,0.647457627118644
"53055",2022,0.719811320754717,0.647457627118644
"53057",2022,0.719811320754717,0.647457627118644
"53059",2022,0.719811320754717,0.647457627118644
"53061",2022,0.719811320754717,0.647457627118644
"53063",2022,0.719811320754717,0.647457627118644
"53065",2022,0.719811320754717,0.647457627118644
"53067",2022,0.719811320754717,0.647457627118644
"53069",2022,0.719811320754717,0.647457627118644
"53071",2022,0.719811320754717,0.647457627118644
"53073",2022,0.719811320754717,0.647457627118644
"53075",2022,0.719811320754717,0.647457627118644
"53077",2022,0.719811320754717,0.647457627118644
"53001",2020,0.737444933920705,0.547297297297297
"53003",2020,0.693251533742331,0.515151515151515
"53005",2020,0.737444933920705,0.547297297297297
"53007",2020,0.737444933920705,0.547297297297297
"53009",2020,0.737444933920705,0.547297297297297
"53011",2020,0.737444933920705,0.547297297297297
"53013",2020,0.590361445783133,0.558823529411765
"53015",2020,0.758620689655172,0.571428571428571
"53017",2020,0.709302325581395,0.583333333333333
"53019",2020,0.737444933920705,0.547297297297297
"53021",2020,0.737444933920705,0.547297297297297
"53023",2020,0.737444933920705,0.547297297297297
"53025",2020,0.753846153846154,0.357142857142857
"53027",2020,0.737444933920705,0.547297297297297
"53029",2020,0.737444933920705,0.547297297297297
"53031",2020,0.784552845528455,0.452830188679245
"53033",2020,0.819306930693069,0.328767123287671
"53035",2020,0.737444933920705,0.547297297297297
"53037",2020,0.737444933920705,0.547297297297297
"53039",2020,0.737444933920705,0.547297297297297
"53041",2020,0.737444933920705,0.547297297297297
"53043",2020,0.737444933920705,0.547297297297297
"53045",2020,0.737444933920705,0.547297297297297
"53047",2020,0.737444933920705,0.547297297297297
"53049",2020,0.737444933920705,0.547297297297297
"53051",2020,0.737444933920705,0.547297297297297
"53053",2020,0.737444933920705,0.547297297297297
"53055",2020,0.737444933920705,0.547297297297297
"53057",2020,0.737444933920705,0.547297297297297
"53059",2020,0.737444933920705,0.547297297297297
"53061",2020,0.737444933920705,0.547297297297297
"53063",2020,0.737444933920705,0.547297297297297
"53065",2020,0.737444933920705,0.547297297297297
"53067",2020,0.737444933920705,0.547297297297297
"53069",2020,0.737444933920705,0.547297297297297
"53071",2020,0.737444933920705,0.547297297297297
"53073",2020,0.737444933920705,0.547297297297297
"53075",2020,0.737444933920705,0.547297297297297
"53077",2020,0.737444933920705,0.547297297297297
"53001",2020,0.737444933920705,0.547297297297297
"53003",2020,0.693251533742331,0.515151515151515
"53005",2020,0.737444933920705,0.547297297297297
"53007",2020,0.737444933920705,0.547297297297297
"53009",2020,0.737444933920705,0.547297297297297
"53011",2020,0.737444933920705,0.547297297297297
"53013",2020,0.590361445783133,0.558823529411765
"53015",2020,0.758620689655172,0.571428571428571
"53017",2020,0.709302325581395,0.583333333333333
"53019",2020,0.737444933920705,0.547297297297297
"53021",2020,0.737444933920705,0.547297297297297
"53023",2020,0.737444933920705,0.547297297297297
"53025",2020,0.753846153846154,0.357142857142857
"53027",2020,0.737444933920705,0.547297297297297
"53029",2020,0.737444933920705,0.547297297297297
"53031",2020,0.784552845528455,0.452830188679245
"53033",2020,0.819306930693069,0.328767123287671
"53035",2020,0.737444933920705,0.547297297297297
"53037",2020,0.737444933920705,0.547297297297297
"53039",2020,0.737444933920705,0.547297297297297
"53041",2020,0.737444933920705,0.547297297297297
"53043",2020,0.737444933920705,0.547297297297297
"53045",2020,0.737444933920705,0.547297297297297
"53047",2020,0.737444933920705,0.547297297297297
"53049",2020,0.737444933920705,0.547297297297297
"53051",2020,0.737444933920705,0.547297297297297
"53053",2020,0.737444933920705,0.547297297297297
"53055",2020,0.737444933920705,0.547297297297297
"53057",2020,0.737444933920705,0.547297297297297
"53059",2020,0.737444933920705,0.547297297297297
"53061",2020,0.737444933920705,0.547297297297297
"53063",2020,0.737444933920705,0.547297297297297
"53065",2020,0.737444933920705,0.547297297297297
"53067",2020,0.737444933920705,0.547297297297297
"53069",2020,0.737444933920705,0.547297297297297
"53071",2020,0.737444933920705,0.547297297297297
"53073",2020,0.737444933920705,0.547297297297297
"53075",2020,0.737444933920705,0.547297297297297
"53077",2020,0.737444933920705,0.547297297297297
"53001",2018,0.615531508593253,0.541528239202658
"53003",2018,0.590425531914894,0.542483660130719
"53005",2018,0.615531508593253,0.541528239202658
"53007",2018,0.615531508593253,0.541528239202658
"53009",2018,0.615531508593253,0.541528239202658
"53011",2018,0.615531508593253,0.541528239202658
"53013",2018,0.518518518518518,0.673076923076923
"53015",2018,0.647058823529412,0.416666666666667
"53017",2018,0.559055118110236,0.509090909090909
"53019",2018,0.615531508593253,0.541528239202658
"53021",2018,0.615531508593253,0.541528239202658
"53023",2018,0.615531508593253,0.541528239202658
"53025",2018,0.704347826086957,0.5
"53027",2018,0.604166666666667,0.789473684210526
"53029",2018,0.615531508593253,0.541528239202658
"53031",2018,0.67688679245283,0.525547445255474
"53033",2018,0.669941060903733,0.505952380952381
"53035",2018,0.615531508593253,0.541528239202658
"53037",2018,0.615531508593253,0.541528239202658
"53039",2018,0.615531508593253,0.541528239202658
"53041",2018,0.615531508593253,0.541528239202658
"53043",2018,0.615531508593253,0.541528239202658
"53045",2018,0.615531508593253,0.541528239202658
"53047",2018,0.615531508593253,0.541528239202658
"53049",2018,0.615531508593253,0.541528239202658
"53051",2018,0.615531508593253,0.541528239202658
"53053",2018,0.615531508593253,0.541528239202658
"53055",2018,0.615531508593253,0.541528239202658
"53057",2018,0.615531508593253,0.541528239202658
"53059",2018,0.615531508593253,0.541528239202658
"53061",2018,0.615531508593253,0.541528239202658
"53063",2018,0.615531508593253,0.541528239202658
"53065",2018,0.615531508593253,0.541528239202658
"53067",2018,0.615531508593253,0.541528239202658
"53069",2018,0.615531508593253,0.541528239202658
"53071",2018,0.615531508593253,0.541528239202658
"53073",2018,0.615531508593253,0.541528239202658
"53075",2018,0.615531508593253,0.541528239202658
"53077",2018,0.615531508593253,0.541528239202658
"54001",2022,0.719811320754717,0.647457627118644
"54003",2022,0.693037974683544,0.484536082474227
"54005",2022,0.719811320754717,0.647457627118644
"54007",2022,0.719811320754717,0.647457627118644
"54009",2022,0.719811320754717,0.647457627118644
"54011",2022,0.719811320754717,0.647457627118644
"54013",2022,0.595505617977528,0.527777777777778
"54015",2022,0.625,0.333333333333333
"54017",2022,0.757575757575758,0.8
"54019",2022,0.719811320754717,0.647457627118644
"54021",2022,0.719811320754717,0.647457627118644
"54023",2022,0.719811320754717,0.647457627118644
"54025",2022,0.661538461538462,0.227272727272727
"54027",2022,0.719811320754717,0.647457627118644
"54029",2022,0.719811320754717,0.647457627118644
"54031",2022,0.754756871035941,0.491379310344828
"54033",2022,0.741514360313316,0.444444444444444
"54035",2022,0.719811320754717,0.647457627118644
"54037",2022,0.719811320754717,0.647457627118644
"54039",2022,0.719811320754717,0.647457627118644
"54041",2022,0.719811320754717,0.647457627118644
"54043",2022,0.719811320754717,0.647457627118644
"54045",2022,0.719811320754717,0.647457627118644
"54047",2022,0.719811320754717,0.647457627118644
"54049",2022,0.719811320754717,0.647457627118644
"54051",2022,0.719811320754717,0.647457627118644
"54053",2022,0.719811320754717,0.647457627118644
"54055",2022,0.719811320754717,0.647457627118644
"54057",2022,0.719811320754717,0.647457627118644
"54059",2022,0.719811320754717,0.647457627118644
"54061",2022,0.719811320754717,0.647457627118644
"54063",2022,0.719811320754717,0.647457627118644
"54065",2022,0.719811320754717,0.647457627118644
"54067",2022,0.719811320754717,0.647457627118644
"54069",2022,0.719811320754717,0.647457627118644
"54071",2022,0.719811320754717,0.647457627118644
"54073",2022,0.719811320754717,0.647457627118644
"54075",2022,0.719811320754717,0.647457627118644
"54077",2022,0.719811320754717,0.647457627118644
"54079",2022,0.719811320754717,0.647457627118644
"54081",2022,0.719811320754717,0.647457627118644
"54083",2022,0.719811320754717,0.647457627118644
"54085",2022,0.719811320754717,0.647457627118644
"54087",2022,0.719811320754717,0.647457627118644
"54089",2022,0.719811320754717,0.647457627118644
"54091",2022,0.719811320754717,0.647457627118644
"54093",2022,0.719811320754717,0.647457627118644
"54095",2022,0.719811320754717,0.647457627118644
"54097",2022,0.719811320754717,0.647457627118644
"54099",2022,0.719811320754717,0.647457627118644
"54101",2022,0.719811320754717,0.647457627118644
"54103",2022,0.719811320754717,0.647457627118644
"54105",2022,0.719811320754717,0.647457627118644
"54107",2022,0.719811320754717,0.647457627118644
"54109",2022,0.719811320754717,0.647457627118644
"54001",2022,0.719811320754717,0.647457627118644
"54003",2022,0.693037974683544,0.484536082474227
"54005",2022,0.719811320754717,0.647457627118644
"54007",2022,0.719811320754717,0.647457627118644
"54009",2022,0.719811320754717,0.647457627118644
"54011",2022,0.719811320754717,0.647457627118644
"54013",2022,0.595505617977528,0.527777777777778
"54015",2022,0.625,0.333333333333333
"54017",2022,0.757575757575758,0.8
"54019",2022,0.719811320754717,0.647457627118644
"54021",2022,0.719811320754717,0.647457627118644
"54023",2022,0.719811320754717,0.647457627118644
"54025",2022,0.661538461538462,0.227272727272727
"54027",2022,0.719811320754717,0.647457627118644
"54029",2022,0.719811320754717,0.647457627118644
"54031",2022,0.754756871035941,0.491379310344828
"54033",2022,0.741514360313316,0.444444444444444
"54035",2022,0.719811320754717,0.647457627118644
"54037",2022,0.719811320754717,0.647457627118644
"54039",2022,0.719811320754717,0.647457627118644
"54041",2022,0.719811320754717,0.647457627118644
"54043",2022,0.719811320754717,0.647457627118644
"54045",2022,0.719811320754717,0.647457627118644
"54047",2022,0.719811320754717,0.647457627118644
"54049",2022,0.719811320754717,0.647457627118644
"54051",2022,0.719811320754717,0.647457627118644
"54053",2022,0.719811320754717,0.647457627118644
"54055",2022,0.719811320754717,0.647457627118644
"54057",2022,0.719811320754717,0.647457627118644
"54059",2022,0.719811320754717,0.647457627118644
"54061",2022,0.719811320754717,0.647457627118644
"54063",2022,0.719811320754717,0.647457627118644
"54065",2022,0.719811320754717,0.647457627118644
"54067",2022,0.719811320754717,0.647457627118644
"54069",2022,0.719811320754717,0.647457627118644
"54071",2022,0.719811320754717,0.647457627118644
"54073",2022,0.719811320754717,0.647457627118644
"54075",2022,0.719811320754717,0.647457627118644
"54077",2022,0.719811320754717,0.647457627118644
"54079",2022,0.719811320754717,0.647457627118644
"54081",2022,0.719811320754717,0.647457627118644
"54083",2022,0.719811320754717,0.647457627118644
"54085",2022,0.719811320754717,0.647457627118644
"54087",2022,0.719811320754717,0.647457627118644
"54089",2022,0.719811320754717,0.647457627118644
"54091",2022,0.719811320754717,0.647457627118644
"54093",2022,0.719811320754717,0.647457627118644
"54095",2022,0.719811320754717,0.647457627118644
"54097",2022,0.719811320754717,0.647457627118644
"54099",2022,0.719811320754717,0.647457627118644
"54101",2022,0.719811320754717,0.647457627118644
"54103",2022,0.719811320754717,0.647457627118644
"54105",2022,0.719811320754717,0.647457627118644
"54107",2022,0.719811320754717,0.647457627118644
"54109",2022,0.719811320754717,0.647457627118644
"54001",2020,0.737444933920705,0.547297297297297
"54003",2020,0.693251533742331,0.515151515151515
"54005",2020,0.737444933920705,0.547297297297297
"54007",2020,0.737444933920705,0.547297297297297
"54009",2020,0.737444933920705,0.547297297297297
"54011",2020,0.737444933920705,0.547297297297297
"54013",2020,0.590361445783133,0.558823529411765
"54015",2020,0.758620689655172,0.571428571428571
"54017",2020,0.709302325581395,0.583333333333333
"54019",2020,0.737444933920705,0.547297297297297
"54021",2020,0.737444933920705,0.547297297297297
"54023",2020,0.737444933920705,0.547297297297297
"54025",2020,0.753846153846154,0.357142857142857
"54027",2020,0.737444933920705,0.547297297297297
"54029",2020,0.737444933920705,0.547297297297297
"54031",2020,0.784552845528455,0.452830188679245
"54033",2020,0.819306930693069,0.328767123287671
"54035",2020,0.737444933920705,0.547297297297297
"54037",2020,0.737444933920705,0.547297297297297
"54039",2020,0.737444933920705,0.547297297297297
"54041",2020,0.737444933920705,0.547297297297297
"54043",2020,0.737444933920705,0.547297297297297
"54045",2020,0.737444933920705,0.547297297297297
"54047",2020,0.737444933920705,0.547297297297297
"54049",2020,0.737444933920705,0.547297297297297
"54051",2020,0.737444933920705,0.547297297297297
"54053",2020,0.737444933920705,0.547297297297297
"54055",2020,0.737444933920705,0.547297297297297
"54057",2020,0.737444933920705,0.547297297297297
"54059",2020,0.737444933920705,0.547297297297297
"54061",2020,0.737444933920705,0.547297297297297
"54063",2020,0.737444933920705,0.547297297297297
"54065",2020,0.737444933920705,0.547297297297297
"54067",2020,0.737444933920705,0.547297297297297
"54069",2020,0.737444933920705,0.547297297297297
"54071",2020,0.737444933920705,0.547297297297297
"54073",2020,0.737444933920705,0.547297297297297
"54075",2020,0.737444933920705,0.547297297297297
"54077",2020,0.737444933920705,0.547297297297297
"54079",2020,0.737444933920705,0.547297297297297
"54081",2020,0.737444933920705,0.547297297297297
"54083",2020,0.737444933920705,0.547297297297297
"54085",2020,0.737444933920705,0.547297297297297
"54087",2020,0.737444933920705,0.547297297297297
"54089",2020,0.737444933920705,0.547297297297297
"54091",2020,0.737444933920705,0.547297297297297
"54093",2020,0.737444933920705,0.547297297297297
"54095",2020,0.737444933920705,0.547297297297297
"54097",2020,0.737444933920705,0.547297297297297
"54099",2020,0.737444933920705,0.547297297297297
"54101",2020,0.737444933920705,0.547297297297297
"54103",2020,0.737444933920705,0.547297297297297
"54105",2020,0.737444933920705,0.547297297297297
"54107",2020,0.737444933920705,0.547297297297297
"54109",2020,0.737444933920705,0.547297297297297
"54001",2020,0.737444933920705,0.547297297297297
"54003",2020,0.693251533742331,0.515151515151515
"54005",2020,0.737444933920705,0.547297297297297
"54007",2020,0.737444933920705,0.547297297297297
"54009",2020,0.737444933920705,0.547297297297297
"54011",2020,0.737444933920705,0.547297297297297
"54013",2020,0.590361445783133,0.558823529411765
"54015",2020,0.758620689655172,0.571428571428571
"54017",2020,0.709302325581395,0.583333333333333
"54019",2020,0.737444933920705,0.547297297297297
"54021",2020,0.737444933920705,0.547297297297297
"54023",2020,0.737444933920705,0.547297297297297
"54025",2020,0.753846153846154,0.357142857142857
"54027",2020,0.737444933920705,0.547297297297297
"54029",2020,0.737444933920705,0.547297297297297
"54031",2020,0.784552845528455,0.452830188679245
"54033",2020,0.819306930693069,0.328767123287671
"54035",2020,0.737444933920705,0.547297297297297
"54037",2020,0.737444933920705,0.547297297297297
"54039",2020,0.737444933920705,0.547297297297297
"54041",2020,0.737444933920705,0.547297297297297
"54043",2020,0.737444933920705,0.547297297297297
"54045",2020,0.737444933920705,0.547297297297297
"54047",2020,0.737444933920705,0.547297297297297
"54049",2020,0.737444933920705,0.547297297297297
"54051",2020,0.737444933920705,0.547297297297297
"54053",2020,0.737444933920705,0.547297297297297
"54055",2020,0.737444933920705,0.547297297297297
"54057",2020,0.737444933920705,0.547297297297297
"54059",2020,0.737444933920705,0.547297297297297
"54061",2020,0.737444933920705,0.547297297297297
"54063",2020,0.737444933920705,0.547297297297297
"54065",2020,0.737444933920705,0.547297297297297
"54067",2020,0.737444933920705,0.547297297297297
"54069",2020,0.737444933920705,0.547297297297297
"54071",2020,0.737444933920705,0.547297297297297
"54073",2020,0.737444933920705,0.547297297297297
"54075",2020,0.737444933920705,0.547297297297297
"54077",2020,0.737444933920705,0.547297297297297
"54079",2020,0.737444933920705,0.547297297297297
"54081",2020,0.737444933920705,0.547297297297297
"54083",2020,0.737444933920705,0.547297297297297
"54085",2020,0.737444933920705,0.547297297297297
"54087",2020,0.737444933920705,0.547297297297297
"54089",2020,0.737444933920705,0.547297297297297
"54091",2020,0.737444933920705,0.547297297297297
"54093",2020,0.737444933920705,0.547297297297297
"54095",2020,0.737444933920705,0.547297297297297
"54097",2020,0.737444933920705,0.547297297297297
"54099",2020,0.737444933920705,0.547297297297297
"54101",2020,0.737444933920705,0.547297297297297
"54103",2020,0.737444933920705,0.547297297297297
"54105",2020,0.737444933920705,0.547297297297297
"54107",2020,0.737444933920705,0.547297297297297
"54109",2020,0.737444933920705,0.547297297297297
"54001",2018,0.615531508593253,0.541528239202658
"54003",2018,0.590425531914894,0.542483660130719
"54005",2018,0.615531508593253,0.541528239202658
"54007",2018,0.615531508593253,0.541528239202658
"54009",2018,0.615531508593253,0.541528239202658
"54011",2018,0.615531508593253,0.541528239202658
"54013",2018,0.518518518518518,0.673076923076923
"54015",2018,0.647058823529412,0.416666666666667
"54017",2018,0.559055118110236,0.509090909090909
"54019",2018,0.615531508593253,0.541528239202658
"54021",2018,0.615531508593253,0.541528239202658
"54023",2018,0.615531508593253,0.541528239202658
"54025",2018,0.704347826086957,0.5
"54027",2018,0.604166666666667,0.789473684210526
"54029",2018,0.615531508593253,0.541528239202658
"54031",2018,0.67688679245283,0.525547445255474
"54033",2018,0.669941060903733,0.505952380952381
"54035",2018,0.615531508593253,0.541528239202658
"54037",2018,0.615531508593253,0.541528239202658
"54039",2018,0.615531508593253,0.541528239202658
"54041",2018,0.615531508593253,0.541528239202658
"54043",2018,0.615531508593253,0.541528239202658
"54045",2018,0.615531508593253,0.541528239202658
"54047",2018,0.615531508593253,0.541528239202658
"54049",2018,0.615531508593253,0.541528239202658
"54051",2018,0.615531508593253,0.541528239202658
"54053",2018,0.615531508593253,0.541528239202658
"54055",2018,0.615531508593253,0.541528239202658
"54057",2018,0.615531508593253,0.541528239202658
"54059",2018,0.615531508593253,0.541528239202658
"54061",2018,0.615531508593253,0.541528239202658
"54063",2018,0.615531508593253,0.541528239202658
"54065",2018,0.615531508593253,0.541528239202658
"54067",2018,0.615531508593253,0.541528239202658
"54069",2018,0.615531508593253,0.541528239202658
"54071",2018,0.615531508593253,0.541528239202658
"54073",2018,0.615531508593253,0.541528239202658
"54075",2018,0.615531508593253,0.541528239202658
"54077",2018,0.615531508593253,0.541528239202658
"54079",2018,0.615531508593253,0.541528239202658
"54081",2018,0.615531508593253,0.541528239202658
"54083",2018,0.615531508593253,0.541528239202658
"54085",2018,0.615531508593253,0.541528239202658
"54087",2018,0.615531508593253,0.541528239202658
"54089",2018,0.615531508593253,0.541528239202658
"54091",2018,0.615531508593253,0.541528239202658
"54093",2018,0.615531508593253,0.541528239202658
"54095",2018,0.615531508593253,0.541528239202658
"54097",2018,0.615531508593253,0.541528239202658
"54099",2018,0.615531508593253,0.541528239202658
"54101",2018,0.615531508593253,0.541528239202658
"54103",2018,0.615531508593253,0.541528239202658
"54105",2018,0.615531508593253,0.541528239202658
"54107",2018,0.615531508593253,0.541528239202658
"54109",2018,0.615531508593253,0.541528239202658
"55001",2022,0.719811320754717,0.647457627118644
"55003",2022,0.693037974683544,0.484536082474227
"55005",2022,0.719811320754717,0.647457627118644
"55007",2022,0.719811320754717,0.647457627118644
"55009",2022,0.719811320754717,0.647457627118644
"55011",2022,0.719811320754717,0.647457627118644
"55013",2022,0.595505617977528,0.527777777777778
"55015",2022,0.625,0.333333333333333
"55017",2022,0.757575757575758,0.8
"55019",2022,0.719811320754717,0.647457627118644
"55021",2022,0.719811320754717,0.647457627118644
"55023",2022,0.719811320754717,0.647457627118644
"55025",2022,0.661538461538462,0.227272727272727
"55027",2022,0.719811320754717,0.647457627118644
"55029",2022,0.719811320754717,0.647457627118644
"55031",2022,0.754756871035941,0.491379310344828
"55033",2022,0.741514360313316,0.444444444444444
"55035",2022,0.719811320754717,0.647457627118644
"55037",2022,0.719811320754717,0.647457627118644
"55039",2022,0.719811320754717,0.647457627118644
"55041",2022,0.719811320754717,0.647457627118644
"55043",2022,0.719811320754717,0.647457627118644
"55045",2022,0.719811320754717,0.647457627118644
"55047",2022,0.719811320754717,0.647457627118644
"55049",2022,0.719811320754717,0.647457627118644
"55051",2022,0.719811320754717,0.647457627118644
"55053",2022,0.719811320754717,0.647457627118644
"55055",2022,0.719811320754717,0.647457627118644
"55057",2022,0.719811320754717,0.647457627118644
"55059",2022,0.719811320754717,0.647457627118644
"55061",2022,0.719811320754717,0.647457627118644
"55063",2022,0.719811320754717,0.647457627118644
"55065",2022,0.719811320754717,0.647457627118644
"55067",2022,0.719811320754717,0.647457627118644
"55069",2022,0.719811320754717,0.647457627118644
"55071",2022,0.719811320754717,0.647457627118644
"55073",2022,0.719811320754717,0.647457627118644
"55075",2022,0.719811320754717,0.647457627118644
"55077",2022,0.719811320754717,0.647457627118644
"55078",2022,0.719811320754717,0.647457627118644
"55079",2022,0.719811320754717,0.647457627118644
"55081",2022,0.719811320754717,0.647457627118644
"55083",2022,0.719811320754717,0.647457627118644
"55085",2022,0.719811320754717,0.647457627118644
"55087",2022,0.719811320754717,0.647457627118644
"55089",2022,0.719811320754717,0.647457627118644
"55091",2022,0.719811320754717,0.647457627118644
"55093",2022,0.719811320754717,0.647457627118644
"55095",2022,0.719811320754717,0.647457627118644
"55097",2022,0.719811320754717,0.647457627118644
"55099",2022,0.719811320754717,0.647457627118644
"55101",2022,0.719811320754717,0.647457627118644
"55103",2022,0.719811320754717,0.647457627118644
"55105",2022,0.719811320754717,0.647457627118644
"55107",2022,0.719811320754717,0.647457627118644
"55109",2022,0.719811320754717,0.647457627118644
"55111",2022,0.719811320754717,0.647457627118644
"55113",2022,0.719811320754717,0.647457627118644
"55115",2022,0.719811320754717,0.647457627118644
"55117",2022,0.719811320754717,0.647457627118644
"55119",2022,0.719811320754717,0.647457627118644
"55121",2022,0.719811320754717,0.647457627118644
"55123",2022,0.719811320754717,0.647457627118644
"55125",2022,0.719811320754717,0.647457627118644
"55127",2022,0.719811320754717,0.647457627118644
"55129",2022,0.719811320754717,0.647457627118644
"55131",2022,0.719811320754717,0.647457627118644
"55133",2022,0.719811320754717,0.647457627118644
"55135",2022,0.719811320754717,0.647457627118644
"55137",2022,0.719811320754717,0.647457627118644
"55139",2022,0.719811320754717,0.647457627118644
"55141",2022,0.719811320754717,0.647457627118644
"55001",2022,0.719811320754717,0.647457627118644
"55003",2022,0.693037974683544,0.484536082474227
"55005",2022,0.719811320754717,0.647457627118644
"55007",2022,0.719811320754717,0.647457627118644
"55009",2022,0.719811320754717,0.647457627118644
"55011",2022,0.719811320754717,0.647457627118644
"55013",2022,0.595505617977528,0.527777777777778
"55015",2022,0.625,0.333333333333333
"55017",2022,0.757575757575758,0.8
"55019",2022,0.719811320754717,0.647457627118644
"55021",2022,0.719811320754717,0.647457627118644
"55023",2022,0.719811320754717,0.647457627118644
"55025",2022,0.661538461538462,0.227272727272727
"55027",2022,0.719811320754717,0.647457627118644
"55029",2022,0.719811320754717,0.647457627118644
"55031",2022,0.754756871035941,0.491379310344828
"55033",2022,0.741514360313316,0.444444444444444
"55035",2022,0.719811320754717,0.647457627118644
"55037",2022,0.719811320754717,0.647457627118644
"55039",2022,0.719811320754717,0.647457627118644
"55041",2022,0.719811320754717,0.647457627118644
"55043",2022,0.719811320754717,0.647457627118644
"55045",2022,0.719811320754717,0.647457627118644
"55047",2022,0.719811320754717,0.647457627118644
"55049",2022,0.719811320754717,0.647457627118644
"55051",2022,0.719811320754717,0.647457627118644
"55053",2022,0.719811320754717,0.647457627118644
"55055",2022,0.719811320754717,0.647457627118644
"55057",2022,0.719811320754717,0.647457627118644
"55059",2022,0.719811320754717,0.647457627118644
"55061",2022,0.719811320754717,0.647457627118644
"55063",2022,0.719811320754717,0.647457627118644
"55065",2022,0.719811320754717,0.647457627118644
"55067",2022,0.719811320754717,0.647457627118644
"55069",2022,0.719811320754717,0.647457627118644
"55071",2022,0.719811320754717,0.647457627118644
"55073",2022,0.719811320754717,0.647457627118644
"55075",2022,0.719811320754717,0.647457627118644
"55077",2022,0.719811320754717,0.647457627118644
"55078",2022,0.719811320754717,0.647457627118644
"55079",2022,0.719811320754717,0.647457627118644
"55081",2022,0.719811320754717,0.647457627118644
"55083",2022,0.719811320754717,0.647457627118644
"55085",2022,0.719811320754717,0.647457627118644
"55087",2022,0.719811320754717,0.647457627118644
"55089",2022,0.719811320754717,0.647457627118644
"55091",2022,0.719811320754717,0.647457627118644
"55093",2022,0.719811320754717,0.647457627118644
"55095",2022,0.719811320754717,0.647457627118644
"55097",2022,0.719811320754717,0.647457627118644
"55099",2022,0.719811320754717,0.647457627118644
"55101",2022,0.719811320754717,0.647457627118644
"55103",2022,0.719811320754717,0.647457627118644
"55105",2022,0.719811320754717,0.647457627118644
"55107",2022,0.719811320754717,0.647457627118644
"55109",2022,0.719811320754717,0.647457627118644
"55111",2022,0.719811320754717,0.647457627118644
"55113",2022,0.719811320754717,0.647457627118644
"55115",2022,0.719811320754717,0.647457627118644
"55117",2022,0.719811320754717,0.647457627118644
"55119",2022,0.719811320754717,0.647457627118644
"55121",2022,0.719811320754717,0.647457627118644
"55123",2022,0.719811320754717,0.647457627118644
"55125",2022,0.719811320754717,0.647457627118644
"55127",2022,0.719811320754717,0.647457627118644
"55129",2022,0.719811320754717,0.647457627118644
"55131",2022,0.719811320754717,0.647457627118644
"55133",2022,0.719811320754717,0.647457627118644
"55135",2022,0.719811320754717,0.647457627118644
"55137",2022,0.719811320754717,0.647457627118644
"55139",2022,0.719811320754717,0.647457627118644
"55141",2022,0.719811320754717,0.647457627118644
"55001",2020,0.737444933920705,0.547297297297297
"55003",2020,0.693251533742331,0.515151515151515
"55005",2020,0.737444933920705,0.547297297297297
"55007",2020,0.737444933920705,0.547297297297297
"55009",2020,0.737444933920705,0.547297297297297
"55011",2020,0.737444933920705,0.547297297297297
"55013",2020,0.590361445783133,0.558823529411765
"55015",2020,0.758620689655172,0.571428571428571
"55017",2020,0.709302325581395,0.583333333333333
"55019",2020,0.737444933920705,0.547297297297297
"55021",2020,0.737444933920705,0.547297297297297
"55023",2020,0.737444933920705,0.547297297297297
"55025",2020,0.753846153846154,0.357142857142857
"55027",2020,0.737444933920705,0.547297297297297
"55029",2020,0.737444933920705,0.547297297297297
"55031",2020,0.784552845528455,0.452830188679245
"55033",2020,0.819306930693069,0.328767123287671
"55035",2020,0.737444933920705,0.547297297297297
"55037",2020,0.737444933920705,0.547297297297297
"55039",2020,0.737444933920705,0.547297297297297
"55041",2020,0.737444933920705,0.547297297297297
"55043",2020,0.737444933920705,0.547297297297297
"55045",2020,0.737444933920705,0.547297297297297
"55047",2020,0.737444933920705,0.547297297297297
"55049",2020,0.737444933920705,0.547297297297297
"55051",2020,0.737444933920705,0.547297297297297
"55053",2020,0.737444933920705,0.547297297297297
"55055",2020,0.737444933920705,0.547297297297297
"55057",2020,0.737444933920705,0.547297297297297
"55059",2020,0.737444933920705,0.547297297297297
"55061",2020,0.737444933920705,0.547297297297297
"55063",2020,0.737444933920705,0.547297297297297
"55065",2020,0.737444933920705,0.547297297297297
"55067",2020,0.737444933920705,0.547297297297297
"55069",2020,0.737444933920705,0.547297297297297
"55071",2020,0.737444933920705,0.547297297297297
"55073",2020,0.737444933920705,0.547297297297297
"55075",2020,0.737444933920705,0.547297297297297
"55077",2020,0.737444933920705,0.547297297297297
"55078",2020,0.737444933920705,0.547297297297297
"55079",2020,0.737444933920705,0.547297297297297
"55081",2020,0.737444933920705,0.547297297297297
"55083",2020,0.737444933920705,0.547297297297297
"55085",2020,0.737444933920705,0.547297297297297
"55087",2020,0.737444933920705,0.547297297297297
"55089",2020,0.737444933920705,0.547297297297297
"55091",2020,0.737444933920705,0.547297297297297
"55093",2020,0.737444933920705,0.547297297297297
"55095",2020,0.737444933920705,0.547297297297297
"55097",2020,0.737444933920705,0.547297297297297
"55099",2020,0.737444933920705,0.547297297297297
"55101",2020,0.737444933920705,0.547297297297297
"55103",2020,0.737444933920705,0.547297297297297
"55105",2020,0.737444933920705,0.547297297297297
"55107",2020,0.737444933920705,0.547297297297297
"55109",2020,0.737444933920705,0.547297297297297
"55111",2020,0.737444933920705,0.547297297297297
"55113",2020,0.737444933920705,0.547297297297297
"55115",2020,0.737444933920705,0.547297297297297
"55117",2020,0.737444933920705,0.547297297297297
"55119",2020,0.737444933920705,0.547297297297297
"55121",2020,0.737444933920705,0.547297297297297
"55123",2020,0.737444933920705,0.547297297297297
"55125",2020,0.737444933920705,0.547297297297297
"55127",2020,0.737444933920705,0.547297297297297
"55129",2020,0.737444933920705,0.547297297297297
"55131",2020,0.737444933920705,0.547297297297297
"55133",2020,0.737444933920705,0.547297297297297
"55135",2020,0.737444933920705,0.547297297297297
"55137",2020,0.737444933920705,0.547297297297297
"55139",2020,0.737444933920705,0.547297297297297
"55141",2020,0.737444933920705,0.547297297297297
"55001",2020,0.737444933920705,0.547297297297297
"55003",2020,0.693251533742331,0.515151515151515
"55005",2020,0.737444933920705,0.547297297297297
"55007",2020,0.737444933920705,0.547297297297297
"55009",2020,0.737444933920705,0.547297297297297
"55011",2020,0.737444933920705,0.547297297297297
"55013",2020,0.590361445783133,0.558823529411765
"55015",2020,0.758620689655172,0.571428571428571
"55017",2020,0.709302325581395,0.583333333333333
"55019",2020,0.737444933920705,0.547297297297297
"55021",2020,0.737444933920705,0.547297297297297
"55023",2020,0.737444933920705,0.547297297297297
"55025",2020,0.753846153846154,0.357142857142857
"55027",2020,0.737444933920705,0.547297297297297
"55029",2020,0.737444933920705,0.547297297297297
"55031",2020,0.784552845528455,0.452830188679245
"55033",2020,0.819306930693069,0.328767123287671
"55035",2020,0.737444933920705,0.547297297297297
"55037",2020,0.737444933920705,0.547297297297297
"55039",2020,0.737444933920705,0.547297297297297
"55041",2020,0.737444933920705,0.547297297297297
"55043",2020,0.737444933920705,0.547297297297297
"55045",2020,0.737444933920705,0.547297297297297
"55047",2020,0.737444933920705,0.547297297297297
"55049",2020,0.737444933920705,0.547297297297297
"55051",2020,0.737444933920705,0.547297297297297
"55053",2020,0.737444933920705,0.547297297297297
"55055",2020,0.737444933920705,0.547297297297297
"55057",2020,0.737444933920705,0.547297297297297
"55059",2020,0.737444933920705,0.547297297297297
"55061",2020,0.737444933920705,0.547297297297297
"55063",2020,0.737444933920705,0.547297297297297
"55065",2020,0.737444933920705,0.547297297297297
"55067",2020,0.737444933920705,0.547297297297297
"55069",2020,0.737444933920705,0.547297297297297
"55071",2020,0.737444933920705,0.547297297297297
"55073",2020,0.737444933920705,0.547297297297297
"55075",2020,0.737444933920705,0.547297297297297
"55077",2020,0.737444933920705,0.547297297297297
"55078",2020,0.737444933920705,0.547297297297297
"55079",2020,0.737444933920705,0.547297297297297
"55081",2020,0.737444933920705,0.547297297297297
"55083",2020,0.737444933920705,0.547297297297297
"55085",2020,0.737444933920705,0.547297297297297
"55087",2020,0.737444933920705,0.547297297297297
"55089",2020,0.737444933920705,0.547297297297297
"55091",2020,0.737444933920705,0.547297297297297
"55093",2020,0.737444933920705,0.547297297297297
"55095",2020,0.737444933920705,0.547297297297297
"55097",2020,0.737444933920705,0.547297297297297
"55099",2020,0.737444933920705,0.547297297297297
"55101",2020,0.737444933920705,0.547297297297297
"55103",2020,0.737444933920705,0.547297297297297
"55105",2020,0.737444933920705,0.547297297297297
"55107",2020,0.737444933920705,0.547297297297297
"55109",2020,0.737444933920705,0.547297297297297
"55111",2020,0.737444933920705,0.547297297297297
"55113",2020,0.737444933920705,0.547297297297297
"55115",2020,0.737444933920705,0.547297297297297
"55117",2020,0.737444933920705,0.547297297297297
"55119",2020,0.737444933920705,0.547297297297297
"55121",2020,0.737444933920705,0.547297297297297
"55123",2020,0.737444933920705,0.547297297297297
"55125",2020,0.737444933920705,0.547297297297297
"55127",2020,0.737444933920705,0.547297297297297
"55129",2020,0.737444933920705,0.547297297297297
"55131",2020,0.737444933920705,0.547297297297297
"55133",2020,0.737444933920705,0.547297297297297
"55135",2020,0.737444933920705,0.547297297297297
"55137",2020,0.737444933920705,0.547297297297297
"55139",2020,0.737444933920705,0.547297297297297
"55141",2020,0.737444933920705,0.547297297297297
"55001",2018,0.615531508593253,0.541528239202658
"55003",2018,0.590425531914894,0.542483660130719
"55005",2018,0.615531508593253,0.541528239202658
"55007",2018,0.615531508593253,0.541528239202658
"55009",2018,0.615531508593253,0.541528239202658
"55011",2018,0.615531508593253,0.541528239202658
"55013",2018,0.518518518518518,0.673076923076923
"55015",2018,0.647058823529412,0.416666666666667
"55017",2018,0.559055118110236,0.509090909090909
"55019",2018,0.615531508593253,0.541528239202658
"55021",2018,0.615531508593253,0.541528239202658
"55023",2018,0.615531508593253,0.541528239202658
"55025",2018,0.704347826086957,0.5
"55027",2018,0.604166666666667,0.789473684210526
"55029",2018,0.615531508593253,0.541528239202658
"55031",2018,0.67688679245283,0.525547445255474
"55033",2018,0.669941060903733,0.505952380952381
"55035",2018,0.615531508593253,0.541528239202658
"55037",2018,0.615531508593253,0.541528239202658
"55039",2018,0.615531508593253,0.541528239202658
"55041",2018,0.615531508593253,0.541528239202658
"55043",2018,0.615531508593253,0.541528239202658
"55045",2018,0.615531508593253,0.541528239202658
"55047",2018,0.615531508593253,0.541528239202658
"55049",2018,0.615531508593253,0.541528239202658
"55051",2018,0.615531508593253,0.541528239202658
"55053",2018,0.615531508593253,0.541528239202658
"55055",2018,0.615531508593253,0.541528239202658
"55057",2018,0.615531508593253,0.541528239202658
"55059",2018,0.615531508593253,0.541528239202658
"55061",2018,0.615531508593253,0.541528239202658
"55063",2018,0.615531508593253,0.541528239202658
"55065",2018,0.615531508593253,0.541528239202658
"55067",2018,0.615531508593253,0.541528239202658
"55069",2018,0.615531508593253,0.541528239202658
"55071",2018,0.615531508593253,0.541528239202658
"55073",2018,0.615531508593253,0.541528239202658
"55075",2018,0.615531508593253,0.541528239202658
"55077",2018,0.615531508593253,0.541528239202658
"55078",2018,0.615531508593253,0.541528239202658
"55079",2018,0.615531508593253,0.541528239202658
"55081",2018,0.615531508593253,0.541528239202658
"55083",2018,0.615531508593253,0.541528239202658
"55085",2018,0.615531508593253,0.541528239202658
"55087",2018,0.615531508593253,0.541528239202658
"55089",2018,0.615531508593253,0.541528239202658
"55091",2018,0.615531508593253,0.541528239202658
"55093",2018,0.615531508593253,0.541528239202658
"55095",2018,0.615531508593253,0.541528239202658
"55097",2018,0.615531508593253,0.541528239202658
"55099",2018,0.615531508593253,0.541528239202658
"55101",2018,0.615531508593253,0.541528239202658
"55103",2018,0.615531508593253,0.541528239202658
"55105",2018,0.615531508593253,0.541528239202658
"55107",2018,0.615531508593253,0.541528239202658
"55109",2018,0.615531508593253,0.541528239202658
"55111",2018,0.615531508593253,0.541528239202658
"55113",2018,0.615531508593253,0.541528239202658
"55115",2018,0.615531508593253,0.541528239202658
"55117",2018,0.615531508593253,0.541528239202658
"55119",2018,0.615531508593253,0.541528239202658
"55121",2018,0.615531508593253,0.541528239202658
"55123",2018,0.615531508593253,0.541528239202658
"55125",2018,0.615531508593253,0.541528239202658
"55127",2018,0.615531508593253,0.541528239202658
"55129",2018,0.615531508593253,0.541528239202658
"55131",2018,0.615531508593253,0.541528239202658
"55133",2018,0.615531508593253,0.541528239202658
"55135",2018,0.615531508593253,0.541528239202658
"55137",2018,0.615531508593253,0.541528239202658
"55139",2018,0.615531508593253,0.541528239202658
"55141",2018,0.615531508593253,0.541528239202658
"56001",2022,0.719811320754717,0.647457627118644
"56003",2022,0.693037974683544,0.484536082474227
"56005",2022,0.719811320754717,0.647457627118644
"56007",2022,0.719811320754717,0.647457627118644
"56009",2022,0.719811320754717,0.647457627118644
"56011",2022,0.719811320754717,0.647457627118644
"56013",2022,0.595505617977528,0.527777777777778
"56015",2022,0.625,0.333333333333333
"56017",2022,0.757575757575758,0.8
"56019",2022,0.719811320754717,0.647457627118644
"56021",2022,0.719811320754717,0.647457627118644
"56023",2022,0.719811320754717,0.647457627118644
"56025",2022,0.661538461538462,0.227272727272727
"56027",2022,0.719811320754717,0.647457627118644
"56029",2022,0.719811320754717,0.647457627118644
"56031",2022,0.754756871035941,0.491379310344828
"56033",2022,0.741514360313316,0.444444444444444
"56035",2022,0.719811320754717,0.647457627118644
"56037",2022,0.719811320754717,0.647457627118644
"56039",2022,0.719811320754717,0.647457627118644
"56041",2022,0.719811320754717,0.647457627118644
"56043",2022,0.719811320754717,0.647457627118644
"56045",2022,0.719811320754717,0.647457627118644
"56001",2022,0.719811320754717,0.647457627118644
"56003",2022,0.693037974683544,0.484536082474227
"56005",2022,0.719811320754717,0.647457627118644
"56007",2022,0.719811320754717,0.647457627118644
"56009",2022,0.719811320754717,0.647457627118644
"56011",2022,0.719811320754717,0.647457627118644
"56013",2022,0.595505617977528,0.527777777777778
"56015",2022,0.625,0.333333333333333
"56017",2022,0.757575757575758,0.8
"56019",2022,0.719811320754717,0.647457627118644
"56021",2022,0.719811320754717,0.647457627118644
"56023",2022,0.719811320754717,0.647457627118644
"56025",2022,0.661538461538462,0.227272727272727
"56027",2022,0.719811320754717,0.647457627118644
"56029",2022,0.719811320754717,0.647457627118644
"56031",2022,0.754756871035941,0.491379310344828
"56033",2022,0.741514360313316,0.444444444444444
"56035",2022,0.719811320754717,0.647457627118644
"56037",2022,0.719811320754717,0.647457627118644
"56039",2022,0.719811320754717,0.647457627118644
"56041",2022,0.719811320754717,0.647457627118644
"56043",2022,0.719811320754717,0.647457627118644
"56045",2022,0.719811320754717,0.647457627118644
"56001",2020,0.737444933920705,0.547297297297297
"56003",2020,0.693251533742331,0.515151515151515
"56005",2020,0.737444933920705,0.547297297297297
"56007",2020,0.737444933920705,0.547297297297297
"56009",2020,0.737444933920705,0.547297297297297
"56011",2020,0.737444933920705,0.547297297297297
"56013",2020,0.590361445783133,0.558823529411765
"56015",2020,0.758620689655172,0.571428571428571
"56017",2020,0.709302325581395,0.583333333333333
"56019",2020,0.737444933920705,0.547297297297297
"56021",2020,0.737444933920705,0.547297297297297
"56023",2020,0.737444933920705,0.547297297297297
"56025",2020,0.753846153846154,0.357142857142857
"56027",2020,0.737444933920705,0.547297297297297
"56029",2020,0.737444933920705,0.547297297297297
"56031",2020,0.784552845528455,0.452830188679245
"56033",2020,0.819306930693069,0.328767123287671
"56035",2020,0.737444933920705,0.547297297297297
"56037",2020,0.737444933920705,0.547297297297297
"56039",2020,0.737444933920705,0.547297297297297
"56041",2020,0.737444933920705,0.547297297297297
"56043",2020,0.737444933920705,0.547297297297297
"56045",2020,0.737444933920705,0.547297297297297
"56001",2020,0.737444933920705,0.547297297297297
"56003",2020,0.693251533742331,0.515151515151515
"56005",2020,0.737444933920705,0.547297297297297
"56007",2020,0.737444933920705,0.547297297297297
"56009",2020,0.737444933920705,0.547297297297297
"56011",2020,0.737444933920705,0.547297297297297
"56013",2020,0.590361445783133,0.558823529411765
"56015",2020,0.758620689655172,0.571428571428571
"56017",2020,0.709302325581395,0.583333333333333
"56019",2020,0.737444933920705,0.547297297297297
"56021",2020,0.737444933920705,0.547297297297297
"56023",2020,0.737444933920705,0.547297297297297
"56025",2020,0.753846153846154,0.357142857142857
"56027",2020,0.737444933920705,0.547297297297297
"56029",2020,0.737444933920705,0.547297297297297
"56031",2020,0.784552845528455,0.452830188679245
"56033",2020,0.819306930693069,0.328767123287671
"56035",2020,0.737444933920705,0.547297297297297
"56037",2020,0.737444933920705,0.547297297297297
"56039",2020,0.737444933920705,0.547297297297297
"56041",2020,0.737444933920705,0.547297297297297
"56043",2020,0.737444933920705,0.547297297297297
"56045",2020,0.737444933920705,0.547297297297297
"56001",2018,0.615531508593253,0.541528239202658
"56003",2018,0.590425531914894,0.542483660130719
"56005",2018,0.615531508593253,0.541528239202658
"56007",2018,0.615531508593253,0.541528239202658
"56009",2018,0.615531508593253,0.541528239202658
"56011",2018,0.615531508593253,0.541528239202658
"56013",2018,0.518518518518518,0.673076923076923
"56015",2018,0.647058823529412,0.416666666666667
"56017",2018,0.559055118110236,0.509090909090909
"56019",2018,0.615531508593253,0.541528239202658
"56021",2018,0.615531508593253,0.541528239202658
"56023",2018,0.615531508593253,0.541528239202658
"56025",2018,0.704347826086957,0.5
"56027",2018,0.604166666666667,0.789473684210526
"56029",2018,0.615531508593253,0.541528239202658
"56031",2018,0.67688679245283,0.525547445255474
"56033",2018,0.669941060903733,0.505952380952381
"56035",2018,0.615531508593253,0.541528239202658
"56037",2018,0.615531508593253,0.541528239202658
"56039",2018,0.615531508593253,0.541528239202658
"56041",2018,0.615531508593253,0.541528239202658
"56043",2018,0.615531508593253,0.541528239202658
"56045",2018,0.615531508593253,0.541528239202658
