"fips"|"inactive_win12"|"undergrad_school_prog"|"grad_school_prog"|"hbcu"|"hospital"|"medical_school_prog"|"tribal_school_prog"|"public_college_university"|"post_secondary_institution"|"degree_granting"|"grants_associates_certificate_only"|"not_degree_granting"|"size_lt1k"|"size_1k_10k"|"size_gt10k"|"cost_undergrad_instate"|"cost_undergrad_outstate"|"cost_grad_instate"|"cost_grad_outstate"|"cost_oncampus_living"|"ft_noninst_academic_staff"|"ft_community_admin_staff"|"total_instructional_staff"|"total_inst_staff_salary"|"est_avg_inst_staff_salary"|"no_reported_inst_staff"
"010030103001"|0|1|0|0|0|0|0|1|1|1|1|0|0|1|0|3510|7020|NA|NA|5800|83|0|190|11240738|59161.7789473684|0
"010030107041"|0|1|1|0|0|0|0|1|1|1|0|0|1|0|0|14220|14220|16065|16065|NA|35|9|12|799154|66596.1666666667|0
"010030107051"|0|1|1|0|0|0|0|1|1|1|0|0|1|0|0|14220|14220|16065|16065|NA|35|9|12|799154|66596.1666666667|0
"010030114033"|0|1|1|0|0|0|0|1|1|1|0|0|0|0|1|5040|5040|4950|4950|NA|370|147|268|13926352|51964|0
"010030115021"|0|1|0|0|0|0|0|1|1|0|0|1|1|0|0|NA|NA|NA|NA|NA|0|0|0|0|NA|0
"010030115022"|0|1|0|0|0|0|0|1|1|0|0|1|1|0|0|NA|NA|NA|NA|NA|0|0|0|0|NA|0
"010030116014"|0|1|1|0|0|0|0|1|1|1|0|0|0|0|1|5040|5040|4950|4950|NA|370|147|268|13926352|51964|0
"010150021011"|0|1|1|0|0|0|0|1|1|1|0|0|0|1|0|9000|18000|8904|17808|7128|573|225|630|40464360|64229.1428571429|0
"010150021012"|0|1|1|0|0|0|0|1|1|1|0|0|0|1|0|9000|18000|8904|17808|7128|573|225|630|40464360|64229.1428571429|0
"010259579023"|0|1|0|0|0|0|0|1|1|0|0|1|1|0|0|NA|NA|NA|NA|NA|0|0|0|0|NA|0
"010310113002"|0|1|0|0|0|0|0|1|1|1|1|0|0|1|0|3510|7020|NA|NA|NA|73|32|100|5812510|58125.1|0
"010330207041"|0|1|0|0|0|0|0|1|1|1|1|0|0|1|0|3510|7020|NA|NA|NA|119|43|150|7745826|51638.84|0
"010359605001"|0|1|0|0|0|0|0|1|1|1|1|0|1|0|0|3510|7020|NA|NA|NA|26|7|38|2046986|53868.0526315789|0
"010399620001"|0|1|0|0|0|0|0|1|1|1|1|0|0|1|0|3510|7020|NA|NA|NA|67|33|112|5530928|49383.2857142857|0
"010439654012"|0|1|0|0|0|0|0|1|1|1|1|0|0|1|0|3510|7020|NA|NA|4600|166|65|252|13555284|53790.8095238095|0
"010450214003"|0|1|0|0|0|0|0|1|1|1|1|0|0|1|0|3510|7020|NA|NA|NA|131|48|260|13686222|52639.3153846154|0
"010479561004"|0|1|0|0|0|0|0|1|1|1|1|0|0|1|0|3510|7020|NA|NA|NA|91|38|114|5079682|44558.6140350877|0
"010479564001"|0|1|0|1|0|0|0|1|1|1|0|0|1|0|0|9920|9920|NA|NA|5700|73|6|42|2354000|56047.619047619|0
"010479568001"|0|1|1|1|0|0|0|1|1|1|0|0|1|0|0|5491|5491|3000|3000|5000|39|12|16|600400|37525|0
"010510309011"|0|1|0|0|0|0|0|0|0|1|1|0|1|0|0|4212|4212|NA|NA|NA|79|20|78|4358926|55883.6666666667|0
"010539699002"|0|1|0|0|0|0|0|1|1|1|1|0|0|1|0|3510|7020|NA|NA|5600|37|12|68|3651882|53704.1470588235|0
"010550016003"|0|1|0|1|0|0|0|1|1|1|1|0|0|1|0|3510|7020|NA|NA|3600|212|87|294|16032558|54532.5102040816|0
"010690415003"|0|1|0|0|0|0|0|1|1|0|0|1|1|0|0|NA|NA|NA|NA|NA|0|0|0|0|NA|0
"010690416001"|0|0|1|0|0|1|0|1|1|1|0|0|1|0|0|NA|NA|NA|NA|NA|0|0|0|0|NA|0
"010719511003"|0|1|0|0|0|0|0|1|1|1|1|0|0|1|0|3510|7020|NA|NA|NA|67|34|114|6823044|59851.2631578947|0
"010730027001"|0|1|1|0|1|1|0|1|1|1|0|0|0|0|1|8040|18368|7588|17294|11682|3164|730|1720|189812380|110356.034883721|0
"010730030011"|0|1|0|0|0|0|0|1|1|1|0|0|0|1|0|33200|33200|NA|NA|11920|201|90|190|12368436|65097.0315789474|0
"010730037001"|0|1|0|0|0|0|0|1|1|0|0|1|1|0|0|NA|NA|NA|NA|NA|0|0|0|0|NA|0
"010730045001"|0|1|1|0|1|1|0|1|1|1|0|0|0|0|1|8040|18368|7588|17294|11682|3164|730|1720|189812380|110356.034883721|0
"010730051043"|0|1|1|0|0|0|0|1|1|1|0|0|1|0|0|12560|12560|10560|10560|NA|18|3|24|1266098|52754.0833333333|0
"010730058001"|0|1|1|0|0|0|0|1|1|1|0|0|0|1|0|14382|14382|13440|13440|NA|143|70|108|4367506|40439.8703703704|0
"010730106022"|0|1|0|1|0|0|0|1|1|1|0|0|0|1|0|10632|10632|NA|NA|7042|169|76|162|7719940|47653.950617284|0
"010730106025"|0|1|0|1|0|0|0|1|1|1|0|0|0|1|0|10632|10632|NA|NA|7042|169|76|162|7719940|47653.950617284|0
"010730107041"|0|1|1|0|0|0|0|1|1|1|0|0|0|1|0|28552|28552|18530|18530|9830|641|327|704|60500848|85938.7045454545|0
"010730107042"|0|1|1|0|0|0|0|1|1|1|0|0|0|1|0|28552|28552|18530|18530|9830|641|327|704|60500848|85938.7045454545|0
"010730107062"|0|1|0|0|0|0|0|1|1|1|0|0|1|0|0|11592|11592|NA|NA|NA|10|1|8|456118|57014.75|0
"010730112091"|0|1|0|0|0|0|0|1|1|1|1|0|0|1|0|3510|7020|NA|NA|NA|188|86|290|16989630|58584.9310344828|0
"010730117032"|0|1|0|0|0|0|0|1|1|0|0|1|1|0|0|NA|NA|NA|NA|NA|0|0|0|0|NA|0
"010730117034"|0|1|0|0|0|0|0|1|1|0|0|1|1|0|0|NA|NA|NA|NA|NA|0|0|0|0|NA|0
"010730128031"|0|1|1|0|0|0|0|1|1|1|0|0|1|0|0|14040|14040|14325|14325|NA|11|2|10|588732|58873.2|0
"010730128032"|0|1|1|0|0|0|0|1|1|1|0|0|1|0|0|14040|14040|14325|14325|NA|11|2|10|588732|58873.2|0
"010730131004"|0|1|0|1|0|0|0|1|1|1|1|0|0|1|0|3510|7020|NA|NA|4760|143|67|172|9235202|53693.0348837209|0
"010730132001"|0|1|0|0|0|0|0|1|1|0|0|1|1|0|0|NA|NA|NA|NA|NA|0|0|0|0|NA|0
"010730142041"|0|1|0|0|0|0|0|1|1|0|0|0|1|0|0|NA|NA|NA|NA|NA|0|0|0|0|NA|0
"010730143021"|0|1|0|0|0|0|0|1|1|1|1|0|1|0|0|12736|12736|NA|NA|NA|17|1|20|1116460|55823|0
"010730144091"|0|1|0|0|0|0|0|1|1|0|0|1|1|0|0|NA|NA|NA|NA|NA|0|0|0|0|NA|0
"010770101001"|0|1|1|0|0|0|0|1|1|1|0|0|0|1|0|6336|12672|5598|11196|7284|439|139|504|33372222|66214.7261904762|0
"010770101002"|0|1|1|0|0|0|0|1|1|1|0|0|0|1|0|6336|12672|5598|11196|7284|439|139|504|33372222|66214.7261904762|0
"010770115011"|0|1|1|0|0|0|0|1|1|1|0|0|1|0|0|8952|8952|3762|3762|4140|22|3|8|478150|59768.75|0
"010770115014"|0|1|1|0|0|0|0|1|1|1|0|0|1|0|0|8952|8952|3762|3762|4140|22|3|8|478150|59768.75|0
"010810407002"|0|1|1|0|0|1|0|1|1|1|0|0|0|0|1|9072|27216|9072|27216|12898|3777|1289|2524|245657906|97328.8058637084|0
"010830207001"|0|1|1|0|0|0|0|1|1|1|0|0|0|1|0|5730|11460|5850|5850|NA|145|55|162|12850996|79327.1358024691|0
"010830211001"|0|1|0|0|0|0|0|1|1|1|1|0|0|1|0|3510|7020|NA|NA|NA|213|105|284|16166420|56924.014084507|0
"010830211004"|0|1|0|0|0|0|0|1|1|1|1|0|0|1|0|3510|7020|NA|NA|NA|213|105|284|16166420|56924.014084507|0
"010872317001"|0|1|1|1|0|1|0|1|1|1|0|0|0|1|0|18560|18560|18560|18560|9320|383|128|526|25666400|48795.4372623574|0
"010890002021"|0|2|1|2|0|0|0|2|2|2|1|0|1|1|0|11640|23280|NA|NA|NA|576|291|572|35241152|116440.89453125|0
"010890014023"|0|2|0|0|0|0|0|2|2|0|0|2|2|0|0|NA|NA|NA|NA|NA|0|0|0|0|NA|0
"010890015003"|0|1|1|0|0|0|0|1|1|1|0|0|0|1|0|8996|19766|9834|21830|9603|976|253|654|58083328|88812.4281345566|0
"010890024002"|0|0|0|0|0|0|0|1|0|0|0|0|0|0|0|NA|NA|NA|NA|NA|0|0|0|0|NA|0
"010890024003"|0|0|0|0|0|0|0|1|0|0|0|0|0|0|0|NA|NA|NA|NA|NA|0|0|0|0|NA|0
"010890025012"|0|1|0|0|0|0|0|1|1|1|0|0|1|0|0|14382|14382|NA|NA|NA|33|14|28|1024796|36599.8571428571|0
"010890028011"|0|0|0|0|0|0|0|1|0|0|0|0|0|0|0|NA|NA|NA|NA|NA|0|0|0|0|NA|0
"010890028013"|0|0|0|0|0|0|0|1|0|0|0|0|0|0|0|NA|NA|NA|NA|NA|0|0|0|0|NA|0
"010890028021"|0|0|0|0|0|0|0|1|0|0|0|0|0|0|0|NA|NA|NA|NA|NA|0|0|0|0|NA|0
"010890028022"|0|0|0|0|0|0|0|1|0|0|0|0|0|0|0|NA|NA|NA|NA|NA|0|0|0|0|NA|0
"010890030001"|0|1|1|0|0|0|0|1|1|1|0|0|1|0|0|4200|4200|4230|4230|NA|6|1|0|0|NA|0
"010890106222"|0|1|1|1|0|0|0|1|1|1|0|0|0|1|0|15714|15714|12888|12888|9700|214|57|200|10571558|52857.79|0
"010890110211"|0|2|0|0|0|0|0|2|2|0|0|1|2|0|0|NA|NA|NA|NA|NA|0|0|0|0|NA|0
"010890111001"|0|0|0|0|0|0|0|1|0|0|0|0|0|0|0|NA|NA|NA|NA|NA|0|0|0|0|NA|0
"010890112001"|0|0|0|0|0|0|0|1|0|0|0|0|0|0|0|NA|NA|NA|NA|NA|0|0|0|0|NA|0
"010890112002"|0|0|0|0|0|0|0|1|0|0|0|0|0|0|0|NA|NA|NA|NA|NA|0|0|0|0|NA|0
"010890112004"|0|0|0|0|0|0|0|1|0|0|0|0|0|0|0|NA|NA|NA|NA|NA|0|0|0|0|NA|0
"010950308013"|0|1|0|0|0|0|0|1|1|0|0|1|1|0|0|NA|NA|NA|NA|NA|0|0|0|0|NA|0
"010950311003"|0|1|0|0|0|0|0|1|1|1|1|0|0|1|0|3510|7020|NA|NA|3187|62|27|76|4921032|64750.4210526316|0
"010970004012"|0|1|0|1|0|0|0|1|1|1|1|0|0|1|0|3510|7200|NA|NA|NA|122|60|164|8501214|51836.6707317073|0
"010970021001"|0|1|0|0|0|0|0|1|1|0|0|1|1|0|0|17300|17300|NA|NA|NA|0|0|0|0|NA|0
"010970029002"|0|2|0|0|0|0|0|2|2|0|0|1|2|0|0|NA|NA|NA|NA|NA|0|0|0|0|NA|0
"010970029003"|0|2|0|0|0|0|0|2|2|0|0|1|2|0|0|NA|NA|NA|NA|NA|0|0|0|0|NA|0
"010970032041"|0|2|0|0|0|0|0|2|2|2|2|0|2|0|0|29804|29804|NA|NA|NA|61|22|78|3345458|86861.5|0
"010970032042"|0|2|0|0|0|0|0|2|2|2|2|0|2|0|0|29804|29804|NA|NA|NA|61|22|78|3345458|86861.5|0
"010970033021"|0|1|1|0|0|0|0|1|1|1|0|0|0|1|0|33634|33634|8820|8820|12690|208|72|176|10445030|59346.7613636364|0
"010970036051"|0|1|1|0|1|1|0|1|1|1|0|0|0|0|1|7248|14496|7326|14652|7340|1162|327|1180|86962284|73696.8508474576|0
"010970037031"|0|1|0|0|0|0|0|1|1|1|1|0|1|0|0|15290|15290|NA|NA|NA|20|2|6|222560|37093.3333333333|0
"010970061051"|0|1|1|0|0|0|0|1|1|1|0|0|0|1|0|20200|20200|9180|9180|9600|124|68|150|7107214|47381.4266666667|0
"010990759004"|0|1|0|0|0|0|0|1|1|1|1|0|0|1|0|3510|7020|NA|NA|NA|83|26|78|4208938|53960.7435897436|0
"011010010002"|0|1|0|1|0|0|0|1|1|1|1|0|0|1|0|3510|7020|NA|NA|NA|66|25|104|5084864|48892.9230769231|0
"011010014002"|0|1|0|0|0|0|0|1|1|1|0|0|0|1|0|23237|23237|NA|NA|9100|141|55|92|5477368|59536.6086956522|0
"011010015003"|0|1|1|1|0|0|0|1|1|1|0|0|0|1|0|6936|13872|6174|12348|5422|576|205|498|37451598|75204.0120481928|0
"011010017001"|0|1|0|0|0|0|0|1|1|0|0|1|1|0|0|NA|NA|NA|NA|NA|0|0|0|0|NA|0
"011010026004"|0|2|1|0|0|0|0|2|2|2|1|0|1|1|0|34884|34884|NA|NA|NA|186|95|264|15762788|116857.083333333|0
"011010028003"|0|1|0|0|0|0|0|1|1|0|0|1|1|0|0|NA|NA|NA|NA|NA|0|0|0|0|NA|0
"011010054023"|0|1|0|0|0|0|0|1|1|1|1|0|1|0|0|16564|16564|NA|NA|NA|8|1|24|1364768|56865.3333333333|0
"011010054032"|0|1|0|0|0|0|0|1|1|1|1|0|1|0|0|14382|14382|NA|NA|NA|30|12|30|1319936|43997.8666666667|0
"011010054033"|0|1|0|0|0|0|0|1|1|1|1|0|1|0|0|14382|14382|NA|NA|NA|30|12|30|1319936|43997.8666666667|0
"011010054071"|0|2|2|0|0|0|0|2|2|2|0|0|1|1|0|17880|28950|18432|26838|NA|383|122|496|32892790|115568.813657407|0
"011010054072"|0|2|2|0|0|0|0|2|2|2|0|0|1|1|0|17880|28950|18432|26838|NA|383|122|496|32892790|115568.813657407|0
"011010054083"|0|1|0|0|0|0|0|1|1|1|1|0|1|0|0|9450|9450|NA|NA|NA|2|2|0|0|NA|0
"011010054104"|0|1|1|0|0|0|0|1|1|1|0|0|1|0|0|17210|17210|17708|17708|NA|35|5|18|1055578|58643.2222222222|0
"011056870002"|0|1|0|0|0|0|0|1|1|1|0|0|1|0|0|16248|16248|NA|NA|9978|65|12|56|3172910|56659.1071428571|0
"011056870004"|0|1|0|0|0|0|0|1|1|1|1|0|1|0|0|6000|12000|NA|NA|4950|84|20|42|2295814|54662.2380952381|0
"011091891004"|0|1|1|0|0|0|0|1|1|1|0|0|0|0|1|7224|14448|7146|14292|6528|983|471|964|63590104|65964.8381742739|0
"011110006002"|0|1|0|0|0|0|0|1|1|1|1|0|0|1|0|3510|7020|NA|NA|4400|108|55|180|9987182|55484.3444444444|0
"011130306002"|0|1|0|0|0|0|0|1|1|1|1|0|0|1|0|3510|7020|NA|NA|NA|51|23|80|4352240|54403|0
"011170303051"|0|1|0|0|0|0|0|1|1|1|0|0|1|0|0|11340|11340|NA|NA|4975|18|1|16|731018|45688.625|0
"011170303053"|0|1|0|0|0|0|0|1|1|1|0|0|1|0|0|11340|11340|NA|NA|4975|18|1|16|731018|45688.625|0
"011170303301"|0|1|1|0|0|0|0|1|1|1|0|0|1|0|0|12221|12221|14880|14880|NA|2|0|0|0|NA|0
"011170303303"|0|1|1|0|0|0|0|1|1|1|0|0|1|0|0|12221|12221|14880|14880|NA|2|0|0|0|NA|0
"011170304071"|0|1|1|0|0|0|0|1|1|1|0|0|0|1|0|11370|23640|9936|20592|8980|341|146|298|20146126|67604.4496644295|0
"011190113005"|0|1|1|0|0|0|0|1|1|1|0|0|0|1|0|7286|14572|6390|12780|7122|303|117|246|14734938|59898.1219512195|0
"011210107001"|0|1|0|1|0|0|0|1|1|1|0|0|1|0|0|11192|11192|NA|NA|6504|91|25|88|4492922|51055.9318181818|0
"011239623004"|0|1|0|0|0|0|0|1|1|1|1|0|0|1|0|3510|7020|NA|NA|NA|70|27|102|5578644|54692.5882352941|0
"011250102023"|0|1|0|0|0|0|0|1|1|0|0|1|1|0|0|NA|NA|NA|NA|NA|0|0|0|0|NA|0
"011250112001"|0|2|2|0|0|0|0|2|2|1|0|0|0|0|1|NA|NA|NA|NA|NA|4318|1378|2756|252425560|NA|0
"011250117012"|0|1|0|1|0|0|0|1|1|1|0|0|1|0|0|9548|9548|NA|NA|7394|89|32|94|4756144|50597.2765957447|0
"011250125021"|0|1|0|1|0|0|0|1|1|1|1|0|0|1|0|3510|7020|NA|NA|NA|174|74|190|10492930|55225.9473684211|0
"011250125022"|0|1|0|1|0|0|0|1|1|1|1|0|0|1|0|3510|7020|NA|NA|NA|174|74|190|10492930|55225.9473684211|0
"011250125023"|0|1|0|1|0|0|0|1|1|1|1|0|0|1|0|3510|7020|NA|NA|NA|174|74|190|10492930|55225.9473684211|0
"011250125032"|0|1|0|1|0|0|0|1|1|1|1|0|0|1|0|3510|7020|NA|NA|NA|174|74|190|10492930|55225.9473684211|0
"011270203002"|0|1|0|0|0|0|0|1|1|1|1|0|0|1|0|3510|7020|NA|NA|3300|166|66|238|13276696|55784.4369747899|0
"011270203004"|0|1|0|0|0|0|0|1|1|1|1|0|0|1|0|3510|7020|NA|NA|3300|166|66|238|13276696|55784.4369747899|0
"020200015004"|0|1|0|0|0|0|0|1|1|1|1|0|1|0|0|NA|NA|NA|NA|NA|27|17|14|746324|53308.8571428571|0
"020200015005"|0|1|0|0|0|0|0|1|1|1|1|0|1|0|0|NA|NA|NA|NA|NA|27|17|14|746324|53308.8571428571|0
"020200016021"|0|2|2|0|0|0|0|2|2|2|0|0|1|0|1|25836|39528|21468|31654|18128|999|339|1332|83208046|115691.118674429|0
"020200018022"|0|2|2|0|0|0|0|2|2|2|0|0|1|0|1|25836|39528|21468|31654|18128|999|339|1332|83208046|115691.118674429|0
"020900013005"|0|2|2|0|0|0|0|2|2|1|0|0|0|1|0|NA|NA|NA|NA|NA|2033|329|926|60716512|NA|0
"021100001002"|0|1|1|0|0|0|0|1|1|1|0|0|0|1|0|5936|19628|9324|19047|9200|181|55|256|15070104|58867.59375|0
"021220006006"|0|1|0|0|0|0|0|1|1|1|1|0|1|0|0|7500|7500|NA|NA|10500|9|1|4|226284|56571|0
"021220007002"|0|1|0|0|0|0|0|1|1|1|1|0|1|0|0|7500|7500|NA|NA|10500|9|1|4|226284|56571|0
"021220013001"|0|1|0|0|0|0|0|1|1|0|0|1|0|1|0|NA|NA|NA|NA|NA|0|0|0|0|NA|0
"021220013002"|0|1|0|0|0|0|0|1|1|0|0|1|0|1|0|NA|NA|NA|NA|NA|0|0|0|0|NA|0
"021700012012"|0|1|0|0|0|0|0|1|1|1|0|0|1|0|0|9000|9000|NA|NA|5700|4|0|4|129834|32458.5|0
"021850001001"|0|1|0|0|0|0|1|1|1|1|1|0|1|0|0|3480|3480|NA|NA|13000|59|16|26|2119652|81525.0769230769|0
"021850001002"|0|1|0|0|0|0|1|1|1|1|1|0|1|0|0|3480|3480|NA|NA|13000|59|16|26|2119652|81525.0769230769|0
"040019441004"|0|1|0|0|0|0|1|1|1|1|0|0|0|1|0|660|660|NA|NA|4940|188|56|172|8375190|48692.9651162791|0
"040019441005"|0|1|0|0|0|0|1|1|1|1|0|0|0|1|0|660|660|NA|NA|4940|188|56|172|8375190|48692.9651162791|0
"040030005001"|0|1|0|0|0|0|0|1|1|1|1|0|0|1|0|1896|6000|NA|NA|5480|269|97|198|11633494|58755.0202020202|0
"040030005004"|0|1|0|0|0|0|0|1|1|1|1|0|0|1|0|1896|6000|NA|NA|5480|269|97|198|11633494|58755.0202020202|0
"040030006001"|0|1|0|0|0|0|0|1|1|1|1|0|0|1|0|1896|6000|NA|NA|5480|269|97|198|11633494|58755.0202020202|0
"040030014013"|0|1|1|0|0|0|0|1|1|1|0|0|1|0|0|8297|30759|11028|31124|NA|55|10|50|3440000|68800|0
"040030017021"|0|1|1|0|0|0|0|1|1|1|0|0|1|0|0|8297|30759|11028|31124|NA|55|10|50|3440000|68800|0
"040050003004"|0|1|0|0|0|0|0|1|1|0|0|1|1|0|0|NA|NA|NA|NA|NA|0|0|0|0|NA|0
"040050004003"|0|1|0|0|0|0|0|1|1|0|0|1|1|0|0|NA|NA|NA|NA|NA|0|0|0|0|NA|0
"040050009001"|0|1|0|0|0|0|0|1|1|1|1|0|0|1|0|3060|10710|NA|NA|NA|103|36|68|4075102|59927.9705882353|0
"040050010001"|0|1|1|0|0|0|0|1|1|1|0|0|0|0|1|8698|15264|8956|17781|9872|1978|444|2162|160306382|74147.262719704|0
"040050011023"|0|1|0|0|0|0|0|1|1|1|0|0|1|0|0|18021|18021|NA|NA|NA|13|0|6|342144|57024|0
"040099612011"|0|2|0|0|0|0|0|2|2|1|1|1|1|1|0|NA|NA|NA|NA|NA|150|52|194|14274562|NA|0
"040099612012"|0|1|0|0|0|0|0|1|1|1|1|0|0|1|0|2400|9360|NA|NA|6280|150|52|194|14274562|73580.2164948454|0
"040099617002"|0|1|0|0|0|0|0|1|1|0|0|1|1|0|0|NA|NA|NA|NA|NA|0|0|0|0|NA|0
"040130610211"|0|2|0|0|0|0|0|2|2|1|1|1|1|1|0|NA|NA|NA|NA|NA|164|86|196|15653328|NA|0
"040130715142"|0|1|1|0|0|0|0|1|1|1|0|0|1|0|0|10592|10592|14520|14520|NA|2|0|0|0|NA|0
"040130715151"|0|1|1|0|0|0|0|1|1|1|0|0|1|0|0|10592|10592|14520|14520|NA|2|0|0|0|NA|0
"040130719153"|0|1|0|0|0|0|0|1|1|1|1|0|0|0|1|2064|7848|NA|NA|NA|314|168|536|44726434|83444.8395522388|0
"040130820171"|0|1|0|0|0|0|0|1|1|0|0|0|1|0|0|NA|NA|NA|NA|NA|0|0|0|0|NA|0
"040130820242"|0|1|0|0|0|0|0|1|1|0|0|1|1|0|0|NA|NA|NA|NA|NA|0|0|0|0|NA|0
"040130820271"|0|1|0|0|0|0|0|1|1|1|1|0|0|1|0|NA|NA|NA|NA|NA|79|4|136|8178940|60139.2647058823|0
"040130830002"|0|1|0|0|0|0|0|1|1|0|0|0|1|0|0|NA|NA|NA|NA|NA|0|0|0|0|NA|0
"040130923051"|0|1|0|0|0|0|0|1|1|1|1|0|0|0|1|2064|7848|NA|NA|NA|314|168|536|44726434|83444.8395522388|0
"040130923091"|0|1|0|0|0|0|0|1|1|1|1|0|1|0|0|15499|15499|NA|NA|NA|33|21|26|1025828|39454.9230769231|0
"040130930013"|0|1|0|0|0|0|0|1|1|0|0|1|1|0|0|NA|NA|NA|NA|NA|0|0|0|0|NA|0
"040131032072"|0|1|0|0|0|0|0|1|1|0|0|1|1|0|0|NA|NA|NA|NA|NA|0|0|0|0|NA|0
"040131040002"|0|1|0|0|0|0|0|1|1|1|0|0|1|0|0|11592|11592|NA|NA|NA|12|2|6|450000|75000|0
"040131042052"|0|1|0|0|0|0|0|1|1|0|0|1|1|0|0|NA|NA|NA|NA|NA|0|0|0|0|NA|0
"040131042054"|0|1|0|0|0|0|0|1|1|1|0|0|1|0|0|18021|18021|NA|NA|NA|25|4|16|956544|59784|0
"040131042072"|0|1|0|0|0|0|0|1|1|0|0|1|1|0|0|NA|NA|NA|NA|NA|0|0|0|0|NA|0
"040131042172"|0|0|1|0|0|0|0|1|1|1|0|0|1|0|0|NA|NA|37100|37100|NA|103|22|44|7032718|159834.5|0
"040131042191"|0|1|1|0|0|0|0|1|1|1|0|0|0|1|0|9200|24495|10810|21132|10754|354|108|510|39985640|78403.2156862745|0
"040131042241"|0|1|1|0|0|0|0|1|1|1|0|0|0|1|0|9200|24495|10810|21132|10754|354|108|510|39985640|78403.2156862745|0
"040131044021"|0|3|1|0|0|0|0|3|3|2|1|0|3|0|0|NA|NA|NA|NA|NA|39|15|18|1245840|NA|0
"040131045023"|0|1|0|0|0|0|0|1|1|0|0|0|1|0|0|NA|NA|NA|NA|NA|0|0|0|0|NA|0
"040131048022"|0|1|0|0|0|0|0|1|1|1|0|0|1|0|0|22986|22986|NA|NA|9548|72|29|28|1685082|60181.5|0
"040131055011"|0|1|1|0|0|0|0|1|1|1|0|0|0|1|0|NA|NA|NA|NA|NA|49|4|66|4366862|66164.5757575758|0
"040131055012"|0|1|0|0|0|0|0|1|1|1|1|0|1|0|0|NA|NA|NA|NA|NA|24|1|24|1108140|46172.5|0
"040131055022"|0|6|3|0|0|0|0|6|6|6|1|0|5|1|0|NA|NA|NA|NA|NA|419|20|290|19750294|447292.526362384|0
"040131065012"|0|1|1|0|0|0|0|1|1|1|0|0|1|0|0|7800|7800|5850|5850|NA|26|0|10|908572|90857.2|0
"040131069001"|0|1|0|0|0|0|0|1|1|0|0|1|1|0|0|NA|NA|NA|NA|NA|0|0|0|0|NA|0
"040131072011"|0|1|1|0|0|0|0|1|1|1|0|0|0|0|1|16385|16385|9783|9783|8550|3500|1591|706|47729790|67605.9348441926|0
"040131072021"|0|1|0|0|0|0|0|1|1|0|0|1|1|0|0|NA|NA|NA|NA|NA|0|0|0|0|NA|0
"040131075002"|0|0|1|0|0|0|0|1|1|1|0|0|1|0|0|NA|NA|15500|15500|NA|13|6|2|93600|46800|0
"040131097023"|0|1|0|0|0|0|0|1|0|0|0|0|1|0|0|NA|NA|NA|NA|NA|0|0|0|0|NA|0
"040131104002"|0|1|0|0|0|0|0|1|1|1|1|0|0|0|1|2064|7848|NA|NA|NA|226|122|306|25017038|81755.0261437908|0
"040131110003"|0|0|1|0|0|0|0|1|1|1|0|0|1|0|0|NA|NA|8640|8640|NA|19|2|12|820898|68408.1666666667|0
"040131118002"|0|1|1|0|0|0|0|1|1|0|0|0|0|0|0|NA|NA|NA|NA|NA|31|11|0|0|NA|0
"040131125121"|0|1|0|0|0|0|0|1|1|0|0|1|1|0|0|NA|NA|NA|NA|NA|0|0|0|0|NA|0
"040131129002"|0|1|0|0|0|0|0|1|1|0|0|1|1|0|0|NA|NA|NA|NA|NA|0|0|0|0|NA|0
"040131131002"|0|1|1|0|0|0|0|1|1|1|0|0|0|0|1|9684|25784|10810|23480|13310|803|292|996|83147448|83481.3734939759|0
"040131133002"|0|1|0|0|0|0|0|1|1|1|1|0|1|0|0|12611|12611|NA|NA|NA|15|3|22|1419120|64505.4545454545|0
"040131138011"|0|2|0|0|0|0|0|2|2|2|2|0|1|1|0|NA|NA|NA|NA|NA|213|108|262|19741556|127017.833646617|0
"040131138021"|0|5|2|0|0|0|0|5|5|4|2|0|1|1|2|NA|NA|NA|NA|NA|5300|2375|638|39086592|NA|0
"040131141001"|0|0|1|0|0|0|0|1|1|1|0|0|1|0|0|NA|NA|NA|NA|NA|18|6|32|3441302|107540.6875|0
"040131152003"|0|5|2|0|0|0|0|5|5|4|2|0|1|1|2|NA|NA|NA|NA|NA|5300|2375|638|39086592|NA|0
"040131163003"|0|1|0|0|0|0|0|1|1|1|1|0|0|1|0|2064|7848|NA|NA|NA|131|58|120|9836650|81972.0833333333|0
"040131167083"|0|1|0|0|0|0|0|1|1|0|0|1|1|0|0|NA|NA|NA|NA|NA|0|0|0|0|NA|0
"040131172001"|0|1|0|0|0|0|0|1|1|0|0|1|1|0|0|NA|NA|NA|NA|NA|0|0|0|0|NA|0
"040131172002"|0|1|0|0|0|0|0|1|1|0|0|1|1|0|0|NA|NA|NA|NA|NA|0|0|0|0|NA|0
"040132168061"|0|1|0|0|0|0|0|1|1|1|1|0|0|1|0|7500|7500|NA|NA|NA|39|2|20|401976|20098.8|0
"040132168092"|0|1|0|0|0|0|0|1|1|0|0|1|1|0|0|NA|NA|NA|NA|NA|0|0|0|0|NA|0
"040132168184"|0|1|0|0|0|0|0|1|1|0|0|1|1|0|0|NA|NA|NA|NA|NA|0|0|0|0|NA|0
"040132168491"|0|0|1|0|0|0|0|1|1|1|0|0|1|0|0|NA|NA|40500|40500|NA|8|3|8|187200|23400|0
"040132171011"|0|1|0|0|0|0|0|1|1|1|0|0|1|0|0|13138|13138|NA|NA|NA|13|1|20|1155826|57791.3|0
"040132178002"|0|1|0|0|0|0|0|1|1|0|0|1|1|0|0|NA|NA|NA|NA|NA|0|0|0|0|NA|0
"040132182004"|0|1|1|0|0|0|0|1|1|1|0|0|0|0|1|7885|14946|6024|6024|11505|242|90|1162|86695258|74608.6557659208|0
"040133187002"|0|1|0|0|0|0|0|1|1|1|1|0|1|0|0|7800|7800|NA|NA|NA|16|2|0|0|NA|0
"040133188004"|0|5|2|0|0|0|0|5|5|4|2|0|1|1|2|NA|NA|NA|NA|NA|5300|2375|638|39086592|NA|0
"040133190004"|0|1|1|0|0|0|0|1|1|1|0|0|0|0|1|9684|25784|10810|23480|11386|5631|1453|3882|395730278|101939.793405461|0
"040133191011"|0|1|0|0|0|0|0|1|1|1|1|0|1|0|0|NA|NA|NA|NA|NA|97|1|2|62000|31000|0
"040133192022"|0|0|1|0|0|0|0|1|1|1|0|0|1|0|0|NA|NA|NA|NA|NA|84|23|36|2640250|73340.2777777778|0
"040133193001"|0|1|0|0|0|0|0|1|1|0|0|1|1|0|0|NA|NA|NA|NA|NA|0|0|0|0|NA|0
"040133194012"|0|1|0|0|0|0|0|1|1|0|0|1|1|0|0|NA|NA|NA|NA|NA|0|0|0|0|NA|0
"040133197031"|0|2|1|0|0|0|0|2|2|1|0|0|2|0|0|NA|NA|NA|NA|NA|62|5|64|2913778|NA|0
"040133197033"|0|3|1|0|0|0|0|3|3|1|0|1|3|0|0|NA|NA|NA|NA|NA|62|5|64|2913778|NA|0
"040133197041"|0|5|2|0|0|0|0|5|5|4|2|0|1|1|2|NA|NA|NA|NA|NA|5300|2375|638|39086592|NA|0
"040133197061"|0|1|0|0|0|0|0|1|1|0|0|1|1|0|0|NA|NA|NA|NA|NA|0|0|0|0|NA|0
"040133198002"|0|1|0|0|0|0|0|1|1|0|0|1|1|0|0|NA|NA|NA|NA|NA|0|0|0|0|NA|0
"040133199101"|0|1|0|0|0|0|0|1|1|0|0|1|1|0|0|NA|NA|NA|NA|NA|0|0|0|0|NA|0
"040133201001"|0|6|2|0|0|0|0|6|6|5|3|0|2|1|2|NA|NA|NA|NA|NA|5316|2377|638|39086592|NA|0
"040134213031"|0|1|0|0|0|0|0|1|1|1|0|0|1|0|0|18880|18880|NA|NA|NA|43|22|50|3519848|70396.96|0
"040134213042"|0|1|0|0|0|0|0|1|1|0|0|1|1|0|0|NA|NA|NA|NA|NA|0|0|0|0|NA|0
"040134221033"|0|1|0|0|0|0|0|1|1|1|1|0|0|1|0|NA|NA|NA|NA|NA|28|16|74|5118506|69169|0
"040134222032"|0|1|0|0|0|0|0|1|1|1|1|0|1|0|0|NA|NA|NA|NA|NA|34|3|12|719128|59927.3333333333|0
"040134222041"|0|1|0|0|0|0|0|1|0|0|0|0|1|0|0|NA|NA|NA|NA|NA|0|0|0|0|NA|0
"040134222042"|0|1|0|0|0|0|0|1|1|1|1|0|0|0|1|2064|7848|NA|NA|NA|371|198|612|51333530|83878.316993464|0
"040134222102"|0|1|0|0|0|0|0|1|1|0|0|1|1|0|0|NA|NA|NA|NA|NA|0|0|0|0|NA|0
"040134222163"|0|1|0|0|0|0|0|1|1|0|0|1|1|0|0|NA|NA|NA|NA|NA|0|0|0|0|NA|0
"040134223041"|0|1|0|0|0|0|0|1|1|1|1|0|1|0|0|15750|15750|NA|NA|NA|9|4|6|323548|53924.6666666667|0
"040134223042"|0|1|0|0|0|0|0|1|1|1|1|0|1|0|0|15750|15750|NA|NA|NA|9|4|6|323548|53924.6666666667|0
"040134223072"|0|1|0|0|0|0|0|1|1|1|1|0|1|0|0|15750|15750|NA|NA|NA|9|4|6|323548|53924.6666666667|0
"040134226222"|0|1|0|0|0|0|0|1|1|1|1|0|1|0|0|NA|NA|NA|NA|NA|13|7|16|769906|48119.125|0
"040134226223"|0|1|0|0|0|0|0|1|1|1|1|0|1|0|0|NA|NA|NA|NA|NA|13|7|16|769906|48119.125|0
"040135228001"|0|1|1|0|0|0|0|1|1|1|0|0|0|1|0|9200|24495|10810|21132|11474|252|71|396|29956582|75647.9343434343|0
"040135230061"|0|1|0|0|0|0|0|1|1|0|0|1|1|0|0|NA|NA|NA|NA|NA|0|0|0|0|NA|0
"040136145003"|0|1|0|0|0|0|0|1|1|0|0|1|0|1|0|NA|NA|NA|NA|NA|0|0|0|0|NA|0
"040136160002"|0|0|1|0|1|1|0|1|1|1|0|0|0|1|0|NA|NA|41608|41608|NA|367|154|428|54969754|128434.004672897|0
"040136189001"|0|1|0|0|0|0|0|1|1|0|0|1|1|0|0|NA|NA|NA|NA|NA|0|0|0|0|NA|0
"040136196001"|0|1|0|0|0|0|0|1|1|1|1|0|0|1|0|2064|7848|NA|NA|NA|142|72|232|19403456|83635.5862068966|0
"040138117001"|0|1|0|0|0|0|0|1|1|1|1|0|0|0|1|2064|7848|NA|NA|9926|210|105|268|22517478|84020.4402985075|0
"040138117003"|0|1|0|0|0|0|0|1|1|1|1|0|0|0|1|2064|7848|NA|NA|9926|210|105|268|22517478|84020.4402985075|0
"040138122003"|0|1|1|0|0|0|0|1|1|1|0|0|1|0|0|10500|10500|6300|6300|5900|7|2|16|536000|33500|0
"040138176001"|0|1|1|0|0|0|0|1|1|1|0|0|0|1|0|9200|24495|10810|21132|11474|252|71|396|29956582|75647.9343434343|0
"040139413001"|0|2|0|0|0|0|0|2|2|1|1|1|1|1|0|NA|NA|NA|NA|NA|218|120|326|27183246|NA|0
"040159507041"|0|1|0|0|0|0|0|1|1|1|1|0|0|1|0|2430|8505|NA|NA|NA|175|75|162|9170194|56606.1358024691|0
"040159520041"|0|1|0|0|0|0|0|1|1|0|0|1|1|0|0|NA|NA|NA|NA|NA|0|0|0|0|NA|0
"040159526003"|0|1|0|0|0|0|0|1|1|0|0|1|1|0|0|NA|NA|NA|NA|NA|0|0|0|0|NA|0
"040159530001"|0|1|0|0|0|0|0|1|1|0|0|1|1|0|0|NA|NA|NA|NA|NA|0|0|0|0|NA|0
"040159530002"|0|1|0|0|0|0|0|1|1|0|0|1|1|0|0|NA|NA|NA|NA|NA|0|0|0|0|NA|0
"040159539001"|0|1|0|0|0|0|0|1|1|0|0|1|1|0|0|NA|NA|NA|NA|NA|0|0|0|0|NA|0
"040179601001"|0|1|0|0|0|0|0|1|1|1|1|0|0|1|0|1680|8040|NA|NA|NA|125|41|152|8708436|57292.3421052632|0
"040190002001"|0|1|0|0|0|0|0|1|1|0|0|1|1|0|0|NA|NA|NA|NA|NA|0|0|0|0|NA|0
"040190003002"|0|1|0|0|0|0|0|1|1|0|0|1|1|0|0|NA|NA|NA|NA|NA|0|0|0|0|NA|0
"040190004003"|0|1|0|0|0|0|0|1|1|0|0|1|1|0|0|NA|NA|NA|NA|NA|0|0|0|0|NA|0
"040190005001"|0|1|1|0|0|1|0|1|1|1|0|0|0|0|1|10160|30759|11372|31124|11300|6955|1373|3308|325640548|98440.3107617896|0
"040190005004"|0|1|1|0|0|1|0|1|1|1|0|0|0|0|1|10160|30759|11372|31124|11300|6955|1373|3308|325640548|98440.3107617896|0
"040190005005"|0|1|1|0|0|1|0|1|1|1|0|0|0|0|1|10160|30759|11372|31124|11300|6955|1373|3308|325640548|98440.3107617896|0
"040190005006"|0|1|0|0|0|0|0|1|1|0|0|1|1|0|0|NA|NA|NA|NA|NA|0|0|0|0|NA|0
"040190006002"|0|2|0|0|0|0|0|2|2|0|0|2|2|0|0|NA|NA|NA|NA|NA|0|0|0|0|NA|0
"040190006005"|0|2|0|0|0|0|0|2|2|0|0|2|2|0|0|NA|NA|NA|NA|NA|0|0|0|0|NA|0
"040190017002"|0|0|1|0|0|0|0|1|1|1|0|0|1|0|0|NA|NA|19278|19278|NA|13|4|0|0|NA|0
"040190017003"|0|0|1|0|0|0|0|1|1|1|0|0|1|0|0|NA|NA|19278|19278|NA|13|4|0|0|NA|0
"040190018012"|0|1|0|0|0|0|0|1|1|1|0|0|0|1|0|NA|NA|NA|NA|NA|47|29|88|5961466|67743.9318181818|0
"040190018014"|0|1|1|0|0|0|0|1|1|1|0|0|1|0|0|22944|22944|21000|21000|NA|11|2|14|802640|57331.4285714286|0
"040190018015"|0|2|1|0|0|0|0|2|2|2|0|0|1|1|0|NA|NA|NA|NA|NA|58|31|102|6764106|125075.36038961|0
"040190029042"|0|1|0|0|0|0|0|1|1|1|0|0|1|0|0|17316|17316|NA|NA|NA|9|1|14|731204|52228.8571428571|0
"040190030022"|0|1|0|0|0|0|0|1|1|0|0|1|1|0|0|NA|NA|NA|NA|NA|0|0|0|0|NA|0
"040190031011"|0|1|0|0|0|0|0|1|1|1|0|0|1|0|0|12708|12708|NA|NA|NA|8|1|4|322000|80500|0
"040190033023"|0|1|0|0|0|0|0|1|1|0|0|1|1|0|0|NA|NA|NA|NA|NA|0|0|0|0|NA|0
"040190033024"|0|1|0|0|0|0|0|1|1|0|0|1|1|0|0|NA|NA|NA|NA|NA|0|0|0|0|NA|0
"040190033041"|0|1|0|0|0|0|0|1|1|1|1|0|0|0|1|1884|7200|NA|NA|NA|1084|147|584|37769946|64674.5650684932|0
"040190033042"|0|1|0|0|0|0|0|1|1|0|0|1|1|0|0|NA|NA|NA|NA|NA|0|0|0|0|NA|0
"040190033043"|0|1|0|0|0|0|0|1|1|0|0|1|1|0|0|NA|NA|NA|NA|NA|0|0|0|0|NA|0
"040190035022"|0|1|0|0|0|0|0|1|1|1|0|0|1|0|0|NA|NA|NA|NA|NA|17|1|12|481640|40136.6666666667|0
"040190035023"|0|1|0|0|0|0|0|1|1|1|0|0|1|0|0|NA|NA|NA|NA|NA|17|1|12|481640|40136.6666666667|0
"040190036002"|0|1|0|0|0|0|0|1|1|0|0|1|1|0|0|NA|NA|NA|NA|NA|0|0|0|0|NA|0
"040190040683"|0|1|0|0|0|0|0|1|0|0|0|0|1|0|0|NA|NA|NA|NA|NA|0|0|0|0|NA|0
"040190040732"|0|1|0|0|0|0|0|1|1|0|0|1|1|0|0|NA|NA|NA|NA|NA|0|0|0|0|NA|0
"040190045051"|0|1|0|0|0|0|0|1|1|0|0|1|1|0|0|NA|NA|NA|NA|NA|0|0|0|0|NA|0
"040190045052"|0|1|0|0|0|0|0|1|1|0|0|1|1|0|0|NA|NA|NA|NA|NA|0|0|0|0|NA|0
"040190045101"|0|1|0|0|0|0|0|1|0|0|0|0|1|0|0|NA|NA|NA|NA|NA|0|0|0|0|NA|0
"040190045113"|0|1|0|0|0|0|0|1|0|0|0|0|1|0|0|NA|NA|NA|NA|NA|0|0|0|0|NA|0
"040190046161"|0|1|0|0|0|0|0|1|1|0|0|0|1|0|0|NA|NA|NA|NA|NA|0|0|0|0|NA|0
"040199408003"|0|1|0|0|0|0|1|1|1|1|1|0|1|0|0|822|822|NA|NA|4400|62|15|24|1157010|48208.75|0
"040210012001"|0|1|0|0|0|0|0|1|1|1|1|0|0|1|0|2520|10980|NA|NA|6900|261|61|206|12092668|58702.2718446602|0
"040210014063"|0|1|0|0|0|0|0|1|1|0|0|1|1|0|0|NA|NA|NA|NA|NA|0|0|0|0|NA|0
"040210014072"|0|1|0|0|0|0|0|1|1|0|0|1|1|0|0|NA|NA|NA|NA|NA|0|0|0|0|NA|0
"040219412003"|0|1|0|0|0|0|0|1|1|1|1|0|0|1|0|2520|10980|NA|NA|6900|261|61|206|12092668|58702.2718446602|0
"040250003001"|0|1|1|0|0|0|0|1|1|1|0|0|0|1|0|32592|32592|16296|16296|10228|227|45|218|17479724|80182.2201834862|0
"040250003002"|0|1|1|0|0|0|0|1|1|1|0|0|0|1|0|32592|32592|16296|16296|10228|227|45|218|17479724|80182.2201834862|0
"040250008021"|0|1|0|0|0|0|0|1|1|1|1|0|0|1|0|2280|9120|NA|NA|9768|311|89|202|12742990|63084.1089108911|0
"040250009004"|0|1|0|0|0|0|0|1|1|1|1|0|0|1|0|2280|9120|NA|NA|9768|311|89|202|12742990|63084.1089108911|0
"040250010022"|0|1|1|0|0|0|0|1|1|1|0|0|1|0|0|27528|27528|19680|19680|8474|65|17|106|3430248|32360.8301886792|0
"040250011021"|0|1|0|0|0|0|0|1|0|0|0|0|1|0|0|NA|NA|NA|NA|NA|0|0|0|0|NA|0
"040270009031"|0|1|0|0|0|0|0|1|1|0|0|1|1|0|0|NA|NA|NA|NA|NA|0|0|0|0|NA|0
"040270109111"|0|1|0|0|0|0|0|1|1|1|1|0|0|1|0|1920|7512|NA|NA|6464|306|128|240|14427076|60112.8166666667|0
"040270109113"|0|1|0|0|0|0|0|1|1|1|1|0|0|1|0|1920|7512|NA|NA|6464|306|128|240|14427076|60112.8166666667|0
"050039606002"|0|1|0|0|0|0|0|1|1|0|0|1|1|0|0|NA|NA|NA|NA|NA|0|0|0|0|NA|0
"050059501001"|0|1|0|0|0|0|0|1|1|1|1|0|0|1|0|2256|3840|NA|NA|NA|67|28|90|4051116|45012.4|0
"050059502002"|0|1|0|0|0|0|0|1|1|0|0|1|1|0|0|NA|NA|NA|NA|NA|0|0|0|0|NA|0
"050070203011"|0|1|0|0|0|0|0|1|1|0|0|1|1|0|0|NA|NA|NA|NA|NA|0|0|0|0|NA|0
"050070204012"|0|1|0|0|0|0|0|1|1|1|1|0|1|0|0|13810|13810|NA|NA|NA|12|1|4|180268|45067|0
"050070205041"|0|1|0|0|0|0|0|1|1|1|1|0|0|1|0|3675|3750|NA|NA|NA|250|60|296|17172114|58013.8986486486|0
"050070212011"|0|1|1|0|0|0|0|1|1|1|0|0|0|1|0|24218|24218|13152|13152|8840|268|91|172|11311480|65764.4186046512|0
"050070213112"|0|1|1|0|0|0|0|1|1|1|0|0|1|0|0|14250|14250|9450|9450|5810|50|12|40|480000|12000|0
"050097906001"|0|1|0|0|0|0|0|1|1|1|1|0|0|1|0|2208|3912|NA|NA|NA|118|34|128|6330128|49454.125|0
"050134802003"|0|1|0|0|0|0|0|1|1|1|1|0|1|0|0|3240|4680|NA|NA|5611|80|22|58|2531128|43640.1379310345|0
"050199536012"|0|1|1|0|0|0|0|1|1|1|0|0|0|1|0|6450|13290|4716|9666|6888|246|151|352|20770240|59006.3636363636|0
"050199536022"|0|2|1|0|0|0|0|2|2|2|0|0|0|2|0|30850|37690|NA|NA|14268|418|205|550|31942940|115434.141414141|0
"050199538005"|0|1|0|0|0|0|0|1|1|0|0|1|1|0|0|NA|NA|NA|NA|NA|0|0|0|0|NA|0
"050279504001"|0|1|1|0|0|0|0|1|1|1|0|0|0|1|0|6690|10350|5022|7452|6560|218|78|330|21082616|63886.7151515151|0
"050279504002"|0|1|1|0|0|0|0|1|1|1|0|0|0|1|0|6690|10350|5022|7452|6560|218|78|330|21082616|63886.7151515151|0
"050299503001"|0|1|0|0|0|0|0|1|1|1|1|0|0|1|0|2850|3840|NA|NA|NA|88|22|114|5226952|45850.4561403509|0
"050310004021"|0|1|0|0|0|0|0|1|1|0|0|1|1|0|0|NA|NA|NA|NA|NA|0|0|0|0|NA|0
"050310004024"|0|1|0|0|0|0|0|1|1|0|0|1|1|0|0|NA|NA|NA|NA|NA|0|0|0|0|NA|0
"050310006012"|0|1|1|0|0|0|0|1|1|1|0|0|0|0|1|6060|12120|4626|9252|8540|1060|216|996|64713038|64972.9297188755|0
"050310006024"|0|1|1|0|0|0|0|1|1|1|0|0|0|0|1|6060|12120|4626|9252|8540|1060|216|996|64713038|64972.9297188755|0
"050350303012"|0|1|0|0|0|0|0|1|1|1|1|0|0|1|0|2160|2160|NA|NA|NA|100|51|92|4194718|45594.7608695652|0
"050434903001"|0|1|1|0|0|0|0|1|1|1|0|0|0|1|0|4650|10500|4770|9180|6338|241|101|314|16704702|53199.6878980892|0
"050434903002"|0|1|1|0|0|0|0|1|1|1|0|0|0|1|0|4650|10500|4770|9180|6338|241|101|314|16704702|53199.6878980892|0
"050434904002"|0|1|0|0|0|0|0|1|1|0|0|1|1|0|0|NA|NA|NA|NA|NA|0|0|0|0|NA|0
"050450305021"|0|1|0|0|0|0|0|1|1|0|0|1|1|0|0|NA|NA|NA|NA|NA|0|0|0|0|NA|0
"050450305022"|0|1|0|0|0|0|0|1|1|0|0|1|1|0|0|NA|NA|NA|NA|NA|0|0|0|0|NA|0
"050450307011"|0|1|1|0|0|0|0|1|1|1|0|0|0|1|0|42090|42090|42090|42090|11580|276|78|210|14549886|69285.1714285714|0
"050450307012"|0|1|1|0|0|0|0|1|1|1|0|0|0|1|0|42090|42090|42090|42090|11580|276|78|210|14549886|69285.1714285714|0
"050450307022"|0|1|0|0|0|0|0|1|1|1|0|0|1|0|0|13500|13500|NA|NA|7500|69|18|64|3025186|47268.53125|0
"050450308003"|0|1|1|0|0|0|0|1|1|1|0|0|0|0|1|6223|12446|4594|9188|6248|874|271|1090|69909154|64136.8385321101|0
"050510110001"|0|1|0|0|0|0|0|1|1|1|1|0|0|1|0|2940|4020|NA|NA|NA|118|32|184|8888138|48305.097826087|0
"050510110003"|0|1|0|0|0|0|0|1|1|1|1|0|0|1|0|2940|4020|NA|NA|NA|118|32|184|8888138|48305.097826087|0
"050510116011"|0|1|0|0|0|0|0|1|1|0|0|1|1|0|0|NA|NA|NA|NA|NA|0|0|0|0|NA|0
"050554803002"|0|1|0|0|0|0|0|1|1|1|0|0|1|0|0|16200|16200|NA|NA|7630|61|18|54|2628514|48676.1851851852|0
"050554806004"|0|1|0|0|0|0|0|1|1|1|0|0|1|0|0|10500|10500|NA|NA|6300|18|3|28|1075204|38400.1428571429|0
"050574805003"|0|1|0|0|0|0|0|1|1|1|1|0|0|1|0|2130|4350|NA|NA|NA|79|23|94|3760892|40009.4893617021|0
"050590201003"|0|1|0|0|0|0|0|1|1|1|1|0|0|1|0|2790|5580|NA|NA|NA|69|21|80|3158474|39480.925|0
"050590202002"|0|1|0|0|0|0|0|1|1|1|1|0|0|1|0|2790|5580|NA|NA|NA|69|21|80|3158474|39480.925|0
"050590202003"|0|1|0|0|0|0|0|1|1|1|1|0|0|1|0|2790|5580|NA|NA|NA|69|21|80|3158474|39480.925|0
"050634903001"|0|1|0|0|0|0|0|1|1|1|1|0|0|1|0|1980|3360|NA|NA|NA|71|22|72|3341790|46413.75|0
"050634903003"|0|1|0|0|0|0|0|1|1|1|0|0|1|0|0|26050|26050|NA|NA|8440|100|38|84|4907778|58425.9285714286|0
"050659602001"|0|1|0|0|0|0|0|1|1|1|1|0|0|1|0|2112|4464|NA|NA|NA|66|19|74|3149344|42558.7027027027|0
"050659602002"|0|1|0|0|0|0|0|1|1|1|1|0|0|1|0|2112|4464|NA|NA|NA|66|19|74|3149344|42558.7027027027|0
"050674804001"|0|1|0|0|0|0|0|1|1|1|1|0|0|1|0|2232|3648|NA|NA|NA|92|32|148|7086970|47884.9324324324|0
"050690005021"|0|1|1|1|0|0|0|1|1|1|0|0|0|1|0|4710|10740|4776|10824|7372|468|171|326|19198992|58892.6134969325|0
"050690005023"|0|1|1|1|0|0|0|1|1|1|0|0|0|1|0|4710|10740|4776|10824|7372|468|171|326|19198992|58892.6134969325|0
"050690015021"|0|1|0|0|0|0|0|1|1|1|1|0|0|1|0|2640|5280|NA|NA|NA|87|36|102|4440322|43532.568627451|0
"050690016004"|0|1|0|0|0|0|0|1|1|0|0|1|1|0|0|NA|NA|NA|NA|NA|0|0|0|0|NA|0
"050690018003"|0|1|0|0|0|0|0|1|1|1|1|0|1|0|0|NA|NA|NA|NA|NA|2|2|16|1177332|73583.25|0
"050719519003"|0|1|0|0|0|0|0|1|1|1|0|0|1|0|0|23750|23750|NA|NA|7100|96|44|88|5149220|58513.8636363636|0
"050754701002"|0|1|0|0|0|0|0|1|1|1|0|0|1|0|0|16200|16200|NA|NA|7630|61|18|54|2628514|48676.1851851852|0
"050754705011"|0|1|0|0|0|0|0|1|1|1|0|0|1|0|0|16200|16200|NA|NA|7630|61|18|54|2628514|48676.1851851852|0
"050930103002"|0|1|0|0|0|0|0|1|1|1|1|0|0|1|0|2156|3556|NA|NA|NA|116|64|108|4852880|44934.0740740741|0
"051074801002"|0|1|0|0|0|0|0|1|1|1|1|0|0|1|0|2490|3900|NA|NA|NA|141|43|118|5114708|43344.9830508475|0
"051139501001"|0|1|0|0|0|0|0|1|1|1|1|0|1|0|0|2184|4800|NA|NA|NA|51|15|44|1969532|44762.0909090909|0
"051139502001"|0|1|0|0|0|0|0|1|1|1|1|0|1|0|0|2184|4800|NA|NA|NA|51|15|44|1969532|44762.0909090909|0
"051139504001"|0|1|0|0|0|0|0|1|1|1|1|0|1|0|0|2184|4800|NA|NA|NA|51|15|44|1969532|44762.0909090909|0
"051159512002"|0|1|0|0|0|0|0|1|1|0|0|1|1|0|0|NA|NA|NA|NA|NA|0|0|0|0|NA|0
"051159513003"|0|1|0|0|0|0|0|1|1|0|0|1|1|0|0|NA|NA|NA|NA|NA|0|0|0|0|NA|0
"051159514001"|0|1|0|0|0|0|0|1|1|0|0|1|1|0|0|NA|NA|NA|NA|NA|0|0|0|0|NA|0
"051159514002"|0|1|1|0|0|0|0|1|1|1|0|0|0|0|1|5256|10512|4932|9864|7204|562|218|734|44196446|60213.1416893733|0
"051190015021"|0|1|1|0|0|0|0|1|1|0|0|0|0|0|0|NA|NA|NA|NA|NA|19|5|0|0|NA|0
"051190015022"|0|1|1|0|0|0|0|1|1|0|0|0|0|0|0|NA|NA|NA|NA|NA|19|5|0|0|NA|0
"051190020021"|0|1|0|0|0|0|0|1|1|0|0|1|1|0|0|NA|NA|NA|NA|NA|0|0|0|0|NA|0
"051190020022"|0|1|0|0|0|0|0|1|1|0|0|1|1|0|0|NA|NA|NA|NA|NA|0|0|0|0|NA|0
"051190020023"|0|1|0|0|0|0|0|1|1|0|0|1|1|0|0|NA|NA|NA|NA|NA|0|0|0|0|NA|0
"051190021023"|0|1|1|0|0|0|0|1|1|1|0|0|0|0|1|6495|18750|7680|17400|9578|976|381|882|64965490|73657.0181405896|0
"051190021031"|0|1|0|0|0|0|0|1|1|0|0|1|1|0|0|NA|NA|NA|NA|NA|0|0|0|0|NA|0
"051190021032"|0|1|0|0|0|0|0|1|1|0|0|1|1|0|0|NA|NA|NA|NA|NA|0|0|0|0|NA|0
"051190022044"|0|1|0|0|0|0|0|1|1|0|0|1|1|0|0|NA|NA|NA|NA|NA|0|0|0|0|NA|0
"051190022045"|0|1|0|0|0|0|0|1|1|0|0|1|1|0|0|NA|NA|NA|NA|NA|0|0|0|0|NA|0
"051190024052"|0|2|0|0|0|0|0|2|2|2|2|0|2|0|0|24709|24709|NA|NA|NA|32|15|102|7486536|NA|0
"051190024071"|0|3|2|0|0|0|0|3|3|2|0|0|3|0|0|NA|NA|NA|NA|NA|10|3|0|0|NA|0
"051190024072"|0|3|2|0|0|0|0|3|3|2|0|0|3|0|0|NA|NA|NA|NA|NA|10|3|0|0|NA|0
"051190024082"|0|1|0|0|0|0|0|1|0|0|0|0|1|0|0|NA|NA|NA|NA|NA|0|0|0|0|NA|0
"051190024083"|0|1|0|0|0|0|0|1|0|0|0|0|1|0|0|NA|NA|NA|NA|NA|0|0|0|0|NA|0
"051190025001"|0|2|0|1|0|0|0|2|2|1|1|1|2|0|0|NA|NA|NA|NA|NA|45|32|20|521500|NA|0
"051190025002"|0|1|0|0|0|0|0|1|1|0|0|1|1|0|0|NA|NA|NA|NA|NA|0|0|0|0|NA|0
"051190028001"|0|1|0|1|0|0|0|1|1|1|1|0|1|0|0|4104|4104|NA|NA|NA|45|32|20|521500|26075|0
"051190028002"|0|1|0|0|0|0|0|1|1|0|0|1|1|0|0|NA|NA|NA|NA|NA|0|0|0|0|NA|0
"051190028003"|0|1|0|1|0|0|0|1|1|1|1|0|1|0|0|4104|4104|NA|NA|NA|45|32|20|521500|26075|0
"051190031001"|0|2|0|0|0|0|0|2|2|1|1|1|1|1|0|NA|NA|NA|NA|NA|220|107|308|13918548|NA|0
"051190033044"|0|1|0|1|0|0|0|1|1|1|1|0|1|0|0|4104|4104|NA|NA|NA|45|32|20|521500|26075|0
"051190033053"|0|1|0|0|0|0|0|1|1|0|0|1|1|0|0|NA|NA|NA|NA|NA|0|0|0|0|NA|0
"051190036091"|0|1|0|0|0|0|0|1|1|0|0|1|1|0|0|NA|NA|NA|NA|NA|0|0|0|0|NA|0
"051190040011"|0|1|0|0|0|0|0|1|1|0|0|1|1|0|0|NA|NA|NA|NA|NA|0|0|0|0|NA|0
"051190041071"|0|1|0|0|0|0|0|1|1|0|0|1|1|0|0|NA|NA|NA|NA|NA|0|0|0|0|NA|0
"051190042212"|0|2|0|0|0|0|0|2|2|2|2|0|2|0|0|24709|24709|NA|NA|NA|32|15|102|7486536|NA|0
"051190044002"|0|2|1|1|0|0|0|2|2|1|0|0|1|0|0|NA|NA|NA|NA|NA|117|38|72|3521532|NA|0
"051190045001"|0|1|0|1|0|0|0|1|1|1|0|0|1|0|0|11804|11804|NA|NA|8250|98|33|72|3521532|48910.1666666667|0
"051190045002"|0|2|0|1|0|0|0|2|2|1|0|1|2|0|0|NA|NA|NA|NA|NA|95|21|52|2078182|NA|0
"051190045003"|0|1|0|1|0|0|0|1|1|1|0|0|1|0|0|11804|11804|NA|NA|8250|98|33|72|3521532|48910.1666666667|0
"051190048001"|0|1|1|0|1|1|0|1|1|1|0|0|0|1|0|6300|14316|9786|18766|NA|2269|310|278|31177050|112147.661870504|0
"051190048004"|0|1|1|0|1|1|0|1|1|1|0|0|0|1|0|6300|14316|9786|18766|NA|2269|310|278|31177050|112147.661870504|0
"051190048005"|0|1|1|0|0|0|0|1|1|0|0|0|0|0|0|NA|NA|NA|NA|NA|19|5|0|0|NA|0
"051190049003"|0|1|1|0|0|0|0|1|1|0|0|0|0|0|0|NA|NA|NA|NA|NA|59|16|0|0|NA|0
"051190049005"|0|1|1|0|0|0|0|1|1|0|0|0|0|0|0|NA|NA|NA|NA|NA|59|16|0|0|NA|0
"051219601005"|0|1|0|0|0|0|0|1|1|1|0|0|1|0|0|16200|16200|NA|NA|7630|61|18|54|2628514|48676.1851851852|0
"051219603021"|0|1|0|0|0|0|0|1|1|1|1|0|0|1|0|2136|4536|NA|NA|NA|111|49|134|6009458|44846.7014925373|0
"051239602005"|0|2|0|0|0|0|0|2|2|1|1|1|1|1|0|4170|4680|NA|NA|NA|86|28|68|3372716|NA|0
"051310006003"|0|1|0|0|0|0|0|1|1|0|0|1|1|0|0|NA|NA|NA|NA|NA|0|0|0|0|NA|0
"051310006004"|0|1|0|0|0|0|0|2|1|0|0|1|1|0|0|NA|NA|NA|NA|NA|0|0|0|0|NA|0
"051310007005"|0|1|1|0|0|0|0|1|1|1|0|0|0|1|0|3840|10488|6606|10800|8242|299|89|468|29522998|63083.3290598291|0
"051310008001"|0|1|0|0|0|0|0|1|1|0|0|1|1|0|0|NA|NA|NA|NA|NA|0|0|0|0|NA|0
"051310008003"|0|1|0|0|0|0|0|1|1|0|0|1|1|0|0|NA|NA|NA|NA|NA|0|0|0|0|NA|0
"051310011012"|0|0|0|0|0|0|0|1|0|0|0|0|0|0|0|NA|NA|NA|NA|NA|0|0|0|0|NA|0
"051310011022"|0|1|0|0|0|0|0|1|1|0|0|1|1|0|0|NA|NA|NA|NA|NA|0|0|0|0|NA|0
"051310012021"|0|0|0|0|0|0|0|1|0|0|0|0|0|0|0|NA|NA|NA|NA|NA|0|0|0|0|NA|0
"051310013023"|0|0|1|0|0|1|0|1|1|1|0|0|0|0|0|NA|NA|NA|NA|NA|0|0|0|0|NA|0
"051330803001"|0|1|0|0|0|0|0|1|1|1|1|0|0|1|0|2445|5385|NA|NA|NA|89|43|80|3801134|47514.175|0
"051399508001"|0|2|0|0|0|0|0|2|2|1|1|1|1|1|0|NA|NA|NA|NA|NA|102|45|112|5311576|NA|0
"051430101061"|0|1|0|0|0|0|0|1|1|0|0|1|1|0|0|NA|NA|NA|NA|NA|0|0|0|0|NA|0
"051430101063"|0|1|0|0|0|0|0|1|1|0|0|1|1|0|0|NA|NA|NA|NA|NA|0|0|0|0|NA|0
"051430103011"|0|1|0|0|0|0|0|1|1|0|0|1|1|0|0|NA|NA|NA|NA|NA|0|0|0|0|NA|0
"051430103021"|0|1|0|0|0|0|0|1|1|0|0|1|1|0|0|1890|1890|NA|NA|NA|0|0|0|0|NA|0
"051430105033"|0|2|0|0|0|0|0|2|1|0|0|1|2|0|0|NA|NA|NA|NA|NA|0|0|0|0|NA|0
"051430105072"|0|2|0|0|0|0|0|2|1|0|0|1|2|0|0|NA|NA|NA|NA|NA|0|0|0|0|NA|0
"051430107013"|0|2|0|0|0|0|0|2|1|0|0|1|2|0|0|NA|NA|NA|NA|NA|0|0|0|0|NA|0
"051430113004"|0|1|1|0|0|0|0|1|1|1|0|0|0|0|1|7204|21552|7379|18842|10332|3859|1066|2382|215001140|90260.7640638119|0
"051450708001"|0|1|1|0|0|0|0|1|1|1|0|0|0|1|0|17940|17940|15678|15678|6756|559|199|638|44885246|70353.0501567398|0
"051450708003"|0|2|1|0|0|0|0|2|2|1|0|1|1|1|0|NA|NA|NA|NA|NA|559|199|638|44885246|NA|0
"051450712005"|0|1|0|0|0|0|0|1|1|1|1|0|0|1|0|2352|4056|NA|NA|5492|177|61|232|11471096|49444.3793103448|0
"060014001001"|0|1|1|0|0|0|0|1|1|1|0|0|0|0|1|11220|37902|11220|26322|16389|9538|1948|3292|488473690|148382.044349939|0
"060014011003"|0|1|0|0|0|0|0|1|1|0|0|1|1|0|0|NA|NA|NA|NA|NA|0|0|0|0|NA|0
"060014013001"|0|1|1|0|0|0|0|1|1|1|0|0|0|1|0|57622|57622|40684|40684|NA|165|47|306|37154846|121421.065359477|0
"060014014001"|0|1|1|0|0|0|0|1|1|1|0|0|0|1|0|57622|57622|40684|40684|NA|165|47|306|37154846|121421.065359477|0
"060014028001"|0|0|1|0|0|0|0|1|1|1|0|0|1|0|0|NA|NA|15708|15708|NA|8|5|0|0|NA|0
"060014028002"|0|0|1|0|0|0|0|1|1|1|0|0|1|0|0|NA|NA|15708|15708|NA|8|5|0|0|NA|0
"060014029001"|0|1|1|0|0|0|0|1|1|1|0|0|1|0|0|10200|10200|7920|7920|NA|10|2|40|1479960|36999|0
"060014030001"|0|1|1|0|0|0|0|1|1|0|0|0|0|0|0|NA|NA|NA|NA|NA|2322|680|540|58184546|107749.159259259|0
"060014031001"|0|1|1|0|0|0|0|2|2|1|0|0|2|0|0|NA|NA|NA|NA|NA|28|3|32|2475000|NA|0
"060014033001"|0|1|0|0|0|0|0|1|1|1|1|0|0|0|1|1104|6624|NA|NA|NA|119|39|308|25833424|83874.7532467532|0
"060014034001"|0|1|1|0|0|0|0|1|1|1|0|0|1|0|0|10200|10200|7920|7920|NA|10|2|40|1479960|36999|0
"060014060001"|0|2|1|0|0|0|0|3|2|1|0|0|1|0|0|NA|NA|NA|NA|NA|175|41|18|1158150|NA|0
"060014061001"|0|1|0|0|0|0|0|1|1|0|0|1|1|0|0|NA|NA|NA|NA|NA|0|0|0|0|NA|0
"060014061004"|0|1|0|0|0|0|0|1|1|0|0|1|1|0|0|NA|NA|NA|NA|NA|0|0|0|0|NA|0
"060014077001"|0|1|1|0|0|0|0|1|1|1|0|0|0|1|0|44322|44322|32504|32504|13528|213|62|182|17536200|96352.7472527473|0
"060014078001"|0|1|1|0|0|0|0|1|1|1|0|0|0|1|0|44322|44322|32504|32504|13528|213|62|182|17536200|96352.7472527473|0
"060014078002"|0|1|1|0|0|0|0|1|1|1|0|0|0|1|0|44322|44322|32504|32504|13528|213|62|182|17536200|96352.7472527473|0
"060014080002"|0|1|1|0|0|0|0|1|1|1|0|0|1|0|0|36574|36574|17532|17532|12434|107|39|90|6938388|77093.2|0
"060014081001"|0|1|0|0|0|0|0|1|1|1|1|0|0|1|0|1104|6624|NA|NA|NA|75|28|160|14265970|89162.3125|0
"060014090002"|0|1|0|0|0|0|0|1|1|0|0|1|1|0|0|9655|9655|NA|NA|NA|0|0|0|0|NA|0
"060014090003"|0|1|0|0|0|0|0|1|1|0|0|1|1|0|0|9655|9655|NA|NA|NA|0|0|0|0|NA|0
"060014090004"|0|1|0|0|0|0|0|1|1|0|0|1|1|0|0|16520|16520|NA|NA|NA|0|0|0|0|NA|0
"060014092001"|0|1|0|0|0|0|0|1|0|0|0|0|1|0|0|NA|NA|NA|NA|NA|0|0|0|0|NA|0
"060014092002"|0|1|1|0|0|0|0|1|1|1|0|0|1|0|0|8320|8320|4973|4973|4481|11|1|2|57000|28500|0
"060014215001"|0|0|1|0|0|0|0|1|0|0|0|0|1|0|0|NA|NA|NA|NA|NA|0|0|0|0|NA|0
"060014216001"|0|1|1|0|0|0|0|1|1|1|0|0|0|0|1|11220|37902|11220|26322|16389|9538|1948|3292|488473690|148382.044349939|0
"060014216003"|0|0|1|0|0|0|0|1|1|1|0|0|1|0|0|NA|NA|17160|17160|NA|6|1|26|839212|32277.3846153846|0
"060014220001"|0|1|0|0|0|0|0|1|1|1|0|0|1|0|0|23600|23600|NA|NA|NA|20|1|36|2200000|61111.1111111111|0
"060014225002"|0|1|1|0|0|0|0|1|1|1|0|0|0|0|1|11220|37902|11220|26322|16389|9538|1948|3292|488473690|148382.044349939|0
"060014225003"|0|1|4|0|0|0|0|5|5|5|0|0|5|0|0|NA|NA|NA|NA|NA|117|40|56|4318696|387602.25|0
"060014226001"|0|1|1|0|0|0|0|1|1|1|0|0|0|0|1|11220|37902|11220|26322|16389|9538|1948|3292|488473690|148382.044349939|0
"060014227001"|0|1|1|0|0|0|0|1|1|1|0|0|0|0|1|11220|37902|11220|26322|16389|9538|1948|3292|488473690|148382.044349939|0
"060014227003"|0|0|1|0|0|0|0|1|1|1|0|0|1|0|0|NA|NA|33900|33900|NA|19|4|60|5204594|86743.2333333333|0
"060014229002"|0|2|0|0|0|0|0|2|2|2|1|0|1|1|0|18404|23924|NA|NA|NA|66|28|152|12015710|144919.337899543|0
"060014235001"|0|0|1|0|0|0|0|1|1|1|0|0|1|0|0|NA|NA|11548|11548|NA|7|0|0|0|NA|0
"060014236022"|0|0|1|0|0|0|0|1|1|1|0|0|1|0|0|NA|NA|18616|18616|NA|8|2|14|888582|63470.1428571429|0
"060014251021"|0|1|0|0|0|0|0|1|1|1|0|0|1|0|0|23600|23600|NA|NA|NA|20|1|36|2200000|61111.1111111111|0
"060014251033"|0|1|0|0|0|0|0|1|1|0|0|1|1|0|0|NA|NA|NA|NA|NA|0|0|0|0|NA|0
"060014272005"|0|0|0|0|0|0|0|1|0|0|0|0|0|0|0|NA|NA|NA|NA|NA|0|0|0|0|NA|0
"060014273002"|0|3|1|0|0|0|0|3|3|2|1|0|1|0|1|NA|NA|NA|NA|NA|294|80|326|26991574|NA|0
"060014273005"|0|1|0|0|0|0|0|1|1|1|1|0|0|1|0|1104|6624|NA|NA|NA|76|28|164|12718058|77549.1341463415|0
"060014280001"|0|1|0|0|0|0|0|1|1|0|0|1|1|0|0|NA|NA|NA|NA|NA|0|0|0|0|NA|0
"060014283014"|0|1|0|0|0|0|0|1|1|0|0|1|1|0|0|16520|16520|NA|NA|NA|0|0|0|0|NA|0
"060014287001"|0|1|0|0|0|0|0|1|1|1|1|0|0|1|0|1104|6624|NA|NA|NA|76|28|164|12718058|77549.1341463415|0
"060014301021"|0|2|1|0|0|0|0|2|2|2|1|0|1|1|0|37678|43198|NA|NA|NA|182|67|250|21204358|166255.5125|0
"060014323003"|0|1|0|0|0|0|0|1|0|0|0|0|1|0|0|NA|NA|NA|NA|NA|0|0|0|0|NA|0
"060014324003"|0|2|0|0|0|0|0|2|2|0|0|2|2|0|0|26175|26175|NA|NA|NA|0|0|0|0|NA|0
"060014330004"|0|1|0|0|0|0|0|1|1|1|1|0|1|0|0|NA|NA|NA|NA|NA|21|3|16|979752|61234.5|0
"060014331021"|0|1|0|0|0|0|0|1|1|1|1|0|1|0|0|NA|NA|NA|NA|NA|21|3|16|979752|61234.5|0
"060014338003"|0|1|0|0|0|0|0|1|1|1|1|0|1|0|0|NA|NA|NA|NA|NA|21|3|16|979752|61234.5|0
"060014351022"|0|1|1|0|0|0|0|1|1|1|0|0|0|0|1|5472|16632|6738|15666|14184|928|389|730|63927888|87572.4493150685|0
"060014359003"|0|1|1|0|0|0|0|2|2|1|0|1|2|0|0|NA|NA|NA|NA|NA|94|27|64|5347700|NA|0
"060014360003"|0|1|1|0|0|0|0|2|2|1|0|1|2|0|0|NA|NA|NA|NA|NA|94|27|64|5347700|NA|0
"060014371011"|0|1|1|0|0|0|0|2|2|1|0|1|2|0|0|NA|NA|NA|NA|NA|94|27|64|5347700|NA|0
"060014372002"|0|1|0|0|0|0|0|1|1|1|1|0|0|0|1|NA|5832|NA|NA|NA|158|102|414|34944964|84408.1256038647|0
"060014415031"|0|2|1|0|0|0|0|2|2|2|0|0|0|1|0|NA|NA|NA|NA|NA|148|7|176|13262788|NA|0
"060014431031"|0|1|0|0|0|0|0|1|1|1|1|0|0|1|0|1104|6336|NA|NA|NA|202|92|266|25402112|95496.6616541353|0
"060014431032"|0|1|0|0|0|0|0|1|1|1|1|0|0|1|0|1104|6336|NA|NA|NA|202|92|266|25402112|95496.6616541353|0
"060014506021"|0|1|0|0|0|0|0|1|1|0|0|1|1|0|0|NA|NA|NA|NA|NA|0|0|0|0|NA|0
"060014507013"|0|1|0|0|0|0|0|1|1|1|1|0|0|1|0|1104|6336|NA|NA|NA|202|92|266|25402112|95496.6616541353|0
"060014512021"|0|1|0|0|0|0|0|1|1|1|1|0|0|1|0|1104|6936|NA|NA|NA|103|66|258|22667124|87857.0697674419|0
"060014513001"|0|1|0|0|0|0|0|1|1|1|1|0|0|1|0|1104|6936|NA|NA|NA|103|66|258|22667124|87857.0697674419|0
"060070010002"|0|1|1|0|0|0|0|1|1|1|0|0|0|0|1|5472|16632|6738|15666|12536|908|357|1072|90272232|84209.1716417911|0
"060070013003"|0|1|0|0|0|0|0|1|1|0|0|1|1|0|0|NA|NA|NA|NA|NA|0|0|0|0|NA|0
"060070015003"|0|1|0|0|0|0|0|1|1|1|1|0|0|0|1|1104|6144|NA|NA|NA|326|152|402|32475270|80784.2537313433|0
"060070015004"|0|1|0|0|0|0|0|1|1|1|1|0|0|0|1|1104|6144|NA|NA|NA|326|152|402|32475270|80784.2537313433|0
"060070022002"|0|1|0|0|0|0|0|1|1|1|1|0|0|0|1|1104|6144|NA|NA|NA|326|152|402|32475270|80784.2537313433|0
"060070025004"|0|1|0|0|0|0|0|1|1|1|1|0|0|0|1|1104|6144|NA|NA|NA|326|152|402|32475270|80784.2537313433|0
"060070037002"|0|1|0|0|0|0|0|1|1|1|1|0|0|0|1|1104|6144|NA|NA|NA|326|152|402|32475270|80784.2537313433|0
"060133072011"|0|1|0|0|0|0|0|1|1|1|1|0|0|1|0|1288|7924|NA|NA|NA|135|75|300|20194052|67313.5066666667|0
"060133131021"|0|1|0|0|0|0|0|1|1|1|1|0|0|1|0|1288|7924|NA|NA|NA|135|75|300|20194052|67313.5066666667|0
"060133160001"|0|1|0|0|0|0|0|1|1|0|0|0|0|0|0|NA|NA|NA|NA|NA|87|15|0|0|NA|0
"060133170001"|0|1|0|0|0|0|0|1|1|0|0|0|0|0|0|NA|NA|NA|NA|NA|87|15|0|0|NA|0
"060133212002"|0|1|0|0|0|0|0|1|1|0|0|0|1|0|0|NA|NA|NA|NA|NA|0|0|0|0|NA|0
"060133220001"|0|1|0|0|0|0|0|1|1|1|1|0|0|0|1|1288|7924|NA|NA|NA|214|131|566|46907410|82875.2826855124|0
"060133220002"|0|1|0|0|0|0|0|1|1|1|1|0|1|0|0|NA|NA|NA|NA|NA|27|3|22|1568014|71273.3636363636|0
"060133240021"|0|1|0|0|0|0|0|1|1|0|0|1|1|0|0|NA|NA|NA|NA|NA|0|0|0|0|NA|0
"060133240023"|0|1|1|0|0|0|0|1|1|1|0|0|1|0|0|23052|23052|23580|23580|NA|101|26|98|6851658|69914.8775510204|0
"060133270005"|0|2|1|0|0|0|0|2|2|1|0|0|2|0|0|NA|NA|NA|NA|NA|101|26|98|6851658|NA|0
"060133280001"|0|1|0|0|0|0|0|1|1|0|0|1|1|0|0|NA|NA|NA|NA|NA|0|0|0|0|NA|0
"060133280002"|0|1|0|0|0|0|0|1|1|0|0|1|1|0|0|NA|NA|NA|NA|NA|0|0|0|0|NA|0
"060133350003"|0|1|0|0|0|0|0|1|1|0|0|1|1|0|0|NA|NA|NA|NA|NA|0|0|0|0|NA|0
"060133361011"|0|1|0|0|0|0|0|1|1|0|0|1|1|0|0|NA|NA|NA|NA|NA|0|0|0|0|NA|0
"060133362011"|0|2|1|0|0|0|0|2|2|1|0|0|2|0|0|NA|NA|NA|NA|NA|101|26|98|6851658|NA|0
"060133452032"|0|1|0|0|0|0|0|1|1|0|0|1|1|0|0|NA|NA|NA|NA|NA|0|0|0|0|NA|0
"060133511013"|0|1|1|0|0|0|0|1|1|1|0|0|0|1|0|44210|44210|36657|36657|14880|392|124|428|42017698|98172.191588785|0
"060133512002"|0|1|1|0|0|0|0|1|1|1|0|0|0|1|0|44210|44210|36657|36657|14880|392|124|428|42017698|98172.191588785|0
"060133521011"|0|1|1|0|0|0|0|1|1|1|0|0|0|1|0|44210|44210|36657|36657|14880|392|124|428|42017698|98172.191588785|0
"060133521012"|0|1|1|0|0|0|0|1|1|1|0|0|0|1|0|44210|44210|36657|36657|14880|392|124|428|42017698|98172.191588785|0
"060133521023"|0|1|1|0|0|0|0|1|1|1|0|0|0|1|0|44210|44210|36657|36657|14880|392|124|428|42017698|98172.191588785|0
"060133671003"|0|1|0|0|0|0|0|1|1|1|1|0|0|1|0|1288|7924|NA|NA|NA|107|58|182|14299444|78568.3736263736|0
"060133672002"|0|1|0|0|0|0|0|1|1|1|1|0|0|1|0|1288|7924|NA|NA|NA|107|58|182|14299444|78568.3736263736|0
"060133690014"|0|1|0|0|0|0|0|1|1|1|1|0|0|1|0|1288|7924|NA|NA|NA|107|58|182|14299444|78568.3736263736|0
"060170302002"|0|1|0|0|0|0|0|1|1|1|1|0|0|1|0|1209|7059|NA|NA|NA|64|8|68|5219348|76755.1176470588|0
"060170305041"|0|1|0|0|0|0|0|1|1|1|1|0|0|1|0|1209|7059|NA|NA|NA|64|8|68|5219348|76755.1176470588|0
"060190014081"|0|1|1|0|0|0|0|1|1|1|0|0|0|1|0|28780|28780|14940|14940|8060|273|118|214|14899810|69625.2803738318|0
"060190030042"|0|1|0|0|0|0|0|1|1|1|0|0|1|0|0|8400|8400|NA|NA|6750|4|0|2|66000|33000|0
"060190031025"|0|1|0|0|0|0|0|1|1|1|1|0|1|0|0|NA|NA|NA|NA|NA|17|7|6|301274|50212.3333333333|0
"060190035001"|0|1|0|0|0|0|0|1|1|0|0|0|0|0|0|NA|NA|NA|NA|NA|0|0|0|0|NA|0
"060190035003"|0|1|0|0|0|0|0|1|1|1|1|0|0|0|1|1104|6744|NA|NA|NA|473|246|714|64927112|90934.3305322129|0
"060190045051"|0|1|0|0|0|0|0|1|1|0|0|1|1|0|0|NA|NA|NA|NA|NA|0|0|0|0|NA|0
"060190045052"|0|1|0|0|0|0|0|1|1|0|0|1|1|0|0|NA|NA|NA|NA|NA|0|0|0|0|NA|0
"060190051003"|0|1|0|0|0|0|0|1|1|0|0|1|1|0|0|NA|NA|NA|NA|NA|0|0|0|0|NA|0
"060190053022"|0|1|0|0|0|0|0|1|1|0|0|1|1|0|0|11000|11000|NA|NA|NA|0|0|0|0|NA|0
"060190054061"|0|1|0|0|0|0|0|1|1|0|0|1|1|0|0|NA|NA|NA|NA|NA|0|0|0|0|NA|0
"060190054081"|0|1|1|0|0|0|0|1|1|1|0|0|0|0|1|5472|16632|6738|15666|9386|1025|395|1462|118809552|81265.0834473324|0
"060190055041"|0|1|0|0|0|0|0|1|1|1|1|0|0|1|0|1104|6744|NA|NA|NA|83|49|176|14484978|82301.0113636364|0
"060190056021"|0|1|1|0|0|0|0|2|2|1|0|0|2|0|0|NA|NA|NA|NA|NA|27|6|42|4252464|NA|0
"060190056024"|0|1|1|0|0|0|0|2|2|1|0|0|2|0|0|NA|NA|NA|NA|NA|27|6|42|4252464|NA|0
"060190056061"|0|1|0|0|0|0|0|1|1|1|1|0|0|1|0|NA|NA|NA|NA|NA|90|9|86|4296298|49956.9534883721|0
"060190057012"|0|1|0|0|0|0|0|1|1|0|0|1|1|0|0|NA|NA|NA|NA|NA|0|0|0|0|NA|0
"060190057014"|0|0|1|0|0|0|0|1|1|1|0|0|1|0|0|NA|NA|NA|NA|NA|25|9|12|1150600|95883.3333333333|0
"060190066032"|0|1|0|0|0|0|0|1|1|1|1|0|0|0|1|1104|6744|NA|NA|5418|185|97|372|32710196|87930.6344086022|0
"060190070023"|0|1|0|0|0|0|0|1|1|0|0|1|1|0|0|NA|NA|NA|NA|NA|0|0|0|0|NA|0
"060190080001"|0|2|0|0|0|0|0|2|2|1|1|0|0|1|0|NA|NA|NA|NA|NA|154|29|56|5407188|NA|0
"060190080003"|0|2|0|0|0|0|0|2|2|1|1|0|0|1|0|NA|NA|NA|NA|NA|154|29|56|5407188|NA|0
"060190081002"|0|2|0|0|0|0|0|2|2|1|1|0|0|1|0|NA|NA|NA|NA|NA|154|29|56|5407188|NA|0
"060230001002"|0|1|0|0|0|0|0|1|1|0|0|1|1|0|0|NA|NA|NA|NA|NA|0|0|0|0|NA|0
"060230010002"|0|1|1|0|0|0|0|1|1|1|0|0|0|1|0|5472|16632|6738|15666|12638|626|250|598|48767544|81551.0769230769|0
"060230103004"|0|1|1|0|0|0|0|1|1|1|0|0|1|0|0|12600|12600|16500|16500|NA|8|1|10|296000|29600|0
"060230107003"|0|1|0|0|0|0|0|1|1|1|1|0|0|1|0|1104|6192|NA|NA|7809|151|54|168|11530656|68634.8571428571|0
"060250110006"|0|1|0|0|0|0|0|1|1|1|1|0|0|1|0|1104|5016|NA|NA|NA|168|79|326|26395892|80968.9938650307|0
"060250114001"|0|1|0|0|0|0|0|1|1|0|0|1|1|0|0|NA|NA|NA|NA|NA|0|0|0|0|NA|0
"060290001015"|0|0|0|0|0|0|0|1|0|0|0|0|0|0|0|NA|NA|NA|NA|NA|0|0|0|0|NA|0
"060290005071"|0|2|0|0|0|0|0|2|2|1|1|1|2|0|0|NA|NA|NA|NA|NA|3|2|10|458332|NA|0
"060290006002"|0|2|0|0|0|0|0|2|2|0|0|2|2|0|0|NA|NA|NA|NA|NA|0|0|0|0|NA|0
"060290008001"|0|1|0|0|0|0|0|1|1|1|0|0|0|0|1|1288|7196|NA|NA|NA|341|182|584|51425632|88057.5890410959|0
"060290016001"|0|2|0|0|0|0|0|2|2|0|0|2|2|0|0|NA|NA|NA|NA|NA|0|0|0|0|NA|0
"060290016002"|0|2|0|0|0|0|0|2|2|0|0|2|2|0|0|NA|NA|NA|NA|NA|0|0|0|0|NA|0
"060290018021"|0|1|0|0|0|0|0|1|1|1|0|0|1|0|0|14335|14335|NA|NA|NA|22|7|18|1020062|56670.1111111111|0
"060290018022"|0|1|0|0|0|0|0|1|1|1|0|0|1|0|0|14335|14335|NA|NA|NA|22|7|18|1020062|56670.1111111111|0
"060290018023"|0|1|0|0|0|0|0|1|1|1|0|0|1|0|0|14335|14335|NA|NA|NA|22|7|18|1020062|56670.1111111111|0
"060290028061"|0|1|1|0|0|0|0|1|1|1|0|0|0|1|0|5472|16632|6738|15666|13968|540|262|564|45756252|81128.1063829787|0
"060290029004"|0|1|0|0|0|0|0|1|1|1|1|0|1|0|0|NA|NA|NA|NA|NA|19|8|8|365464|45683|0
"060290035001"|0|1|0|0|0|0|0|1|1|1|1|0|0|1|0|1134|6780|NA|NA|4921|134|21|88|7955932|90408.3181818182|0
"060290050041"|0|0|0|0|0|0|0|1|0|0|0|0|0|0|0|NA|NA|NA|NA|NA|0|0|0|0|NA|0
"060290054014"|0|1|0|0|0|0|0|1|1|1|1|0|0|1|0|1288|7196|NA|NA|NA|90|56|118|11050124|93645.1186440678|0
"060290055013"|0|1|0|0|0|0|0|1|1|1|1|0|0|1|0|1288|7196|NA|NA|NA|90|56|118|11050124|93645.1186440678|0
"060310002002"|0|0|0|0|0|0|0|1|0|0|0|0|0|0|0|NA|NA|NA|NA|NA|0|0|0|0|NA|0
"060310003001"|0|0|0|0|0|0|0|1|0|0|0|0|0|0|0|NA|NA|NA|NA|NA|0|0|0|0|NA|0
"060310003002"|0|0|0|0|0|0|0|1|0|0|0|0|0|0|0|NA|NA|NA|NA|NA|0|0|0|0|NA|0
"060310004022"|0|1|0|0|0|0|0|1|1|1|1|0|0|1|0|1380|8190|NA|NA|NA|88|32|76|7857232|103384.631578947|0
"060310009005"|0|1|0|0|0|0|0|1|1|0|0|1|1|0|0|NA|NA|NA|NA|NA|0|0|0|0|NA|0
"060350403021"|0|1|0|0|0|0|0|1|1|1|1|0|0|1|0|1104|5928|NA|NA|7968|84|30|84|6082996|72416.6190476191|0
"060350403031"|0|1|0|0|0|0|0|1|1|1|1|0|0|1|0|1104|5928|NA|NA|7968|84|30|84|6082996|72416.6190476191|0
"060350403042"|0|1|0|0|0|0|0|1|1|1|1|0|0|1|0|1104|5928|NA|NA|7968|84|30|84|6082996|72416.6190476191|0
"060371021041"|0|1|1|0|0|0|0|1|1|1|0|0|0|1|0|36882|36882|34680|34680|11133|100|18|174|14841806|85297.7356321839|0
"060371061111"|0|1|0|0|0|0|0|1|1|1|1|0|0|0|1|1196|7514|NA|NA|NA|152|65|222|19263756|86773.6756756757|0
"060371061112"|0|1|0|0|0|0|0|1|1|1|1|0|0|0|1|1196|7514|NA|NA|NA|152|65|222|19263756|86773.6756756757|0
"060371061122"|0|1|0|0|0|0|0|1|1|1|1|0|0|0|1|1196|7514|NA|NA|NA|152|65|222|19263756|86773.6756756757|0
"060371066041"|0|1|0|0|0|0|0|1|1|0|0|0|1|0|0|NA|NA|NA|NA|NA|0|0|0|0|NA|0
"060371066042"|0|1|0|0|0|0|0|1|1|0|0|0|1|0|0|NA|NA|NA|NA|NA|0|0|0|0|NA|0
"060371066043"|0|1|0|0|0|0|0|1|1|0|0|0|1|0|0|NA|NA|NA|NA|NA|0|0|0|0|NA|0
"060371114001"|0|1|0|0|0|0|0|1|1|0|0|1|1|0|0|NA|NA|NA|NA|NA|0|0|0|0|NA|0
"060371132331"|0|1|0|0|0|0|0|1|1|1|1|0|1|0|0|NA|NA|NA|NA|NA|5|0|14|645468|46104.8571428571|0
"060371133012"|0|1|0|0|0|0|0|1|1|0|0|1|1|0|0|NA|NA|NA|NA|NA|0|0|0|0|NA|0
"060371133032"|0|0|1|0|0|0|0|1|1|1|0|0|1|0|0|NA|NA|22204|22204|NA|26|10|30|1721320|57377.3333333333|0
"060371151031"|0|1|1|0|0|0|0|1|1|1|0|0|0|0|1|5472|16632|6738|15666|10272|1605|625|1850|160662758|86844.7340540541|0
"060371201041"|0|1|0|0|0|0|0|1|1|1|1|0|1|0|0|NA|NA|NA|NA|NA|12|4|12|822640|68553.3333333333|0
"060371236013"|0|1|0|0|0|0|0|1|1|1|1|0|0|0|1|1220|7538|NA|NA|NA|225|105|444|38916132|87648.9459459459|0
"060371238001"|0|1|0|0|0|0|0|1|1|1|1|0|1|0|0|NA|NA|NA|NA|NA|36|10|54|3787522|70139.2962962963|0
"060371239012"|0|3|0|0|0|0|0|3|3|2|1|1|2|1|0|NA|NA|NA|NA|NA|87|41|92|8513008|NA|0
"060371239013"|0|3|0|0|0|0|0|3|3|2|1|1|2|1|0|NA|NA|NA|NA|NA|87|41|92|8513008|NA|0
"060371253201"|0|1|0|0|0|0|0|1|1|1|0|0|0|1|0|18648|18648|NA|NA|NA|57|4|42|2887588|68752.0952380952|0
"060371278052"|0|1|0|0|0|0|0|1|1|1|1|0|1|0|0|NA|NA|NA|NA|NA|25|4|30|937488|31249.6|0
"060371278061"|0|1|0|0|0|0|0|1|1|0|0|1|1|0|0|NA|NA|NA|NA|NA|0|0|0|0|NA|0
"060371283031"|0|1|0|0|0|0|0|1|1|1|1|0|1|0|0|NA|NA|NA|NA|NA|11|7|0|0|NA|0
"060371284004"|0|1|0|0|0|0|0|1|1|0|0|1|1|0|0|NA|NA|NA|NA|NA|0|0|0|0|NA|0
"060371323001"|0|1|0|0|0|0|0|1|1|0|0|1|1|0|0|NA|NA|NA|NA|NA|0|0|0|0|NA|0
"060371330001"|0|1|0|0|0|0|0|1|1|0|0|1|1|0|0|NA|NA|NA|NA|NA|0|0|0|0|NA|0
"060371345201"|0|1|0|0|0|0|0|1|1|1|1|0|1|0|0|NA|NA|NA|NA|NA|2|0|0|0|NA|0
"060371349051"|0|1|0|0|0|0|0|1|1|1|1|0|0|0|1|1220|7538|NA|NA|NA|284|146|524|46354918|88463.5839694656|0
"060371393021"|0|1|0|0|0|0|0|1|1|1|0|0|1|0|0|20505|20505|NA|NA|12492|45|5|6|430000|71666.6666666667|0
"060371394012"|0|1|0|0|0|0|0|1|1|0|0|1|1|0|0|NA|NA|NA|NA|NA|0|0|0|0|NA|0
"060371396002"|0|1|0|0|0|0|0|1|1|0|0|1|1|0|0|NA|NA|NA|NA|NA|0|0|0|0|NA|0
"060371413021"|0|1|0|0|0|0|0|1|1|0|0|1|1|0|0|NA|NA|NA|NA|NA|0|0|0|0|NA|0
"060371810002"|0|1|0|0|0|0|0|1|1|1|1|0|1|0|0|NA|NA|NA|NA|NA|8|1|8|760720|95090|0
"060371816001"|0|1|1|0|0|0|0|1|1|1|0|0|0|1|0|50492|50492|50492|50492|14460|499|151|360|36223044|100619.566666667|0
"060371836202"|0|1|0|0|0|0|0|1|1|0|0|1|1|0|0|NA|NA|NA|NA|NA|0|0|0|0|NA|0
"060371864012"|0|1|1|0|0|0|0|1|1|1|0|0|1|0|0|19289|19289|13625|13625|NA|26|7|26|1454826|55954.8461538462|0
"060371881001"|0|1|0|0|0|0|0|1|1|0|0|1|1|0|0|NA|NA|NA|NA|NA|0|0|0|0|NA|0
"060371893003"|0|0|1|0|0|0|0|1|1|1|0|0|1|0|0|NA|NA|45625|45625|NA|112|41|20|1853812|92690.6|0
"060371899022"|0|1|0|0|0|0|0|1|1|1|1|0|1|0|0|32440|32440|NA|NA|12850|26|8|16|1578898|98681.125|0
"060371907001"|0|4|0|0|0|0|0|4|4|3|1|1|2|2|0|NA|NA|NA|NA|NA|289|42|358|18240264|NA|0
"060371907002"|0|3|0|0|0|0|0|3|3|2|1|1|2|1|0|NA|NA|NA|NA|NA|106|16|138|5219054|NA|0
"060371918102"|0|1|0|0|0|0|0|1|1|0|0|1|1|0|0|NA|NA|NA|NA|NA|0|0|0|0|NA|0
"060371919012"|0|1|0|0|0|0|0|1|1|0|0|1|1|0|0|NA|NA|NA|NA|NA|0|0|0|0|NA|0
"060371920012"|0|1|0|0|0|0|0|1|1|1|0|0|1|0|0|13200|13200|NA|NA|8100|4|1|14|498328|35594.8571428571|0
"060371926101"|0|1|0|0|0|0|0|1|1|1|1|0|0|1|0|NA|NA|NA|NA|NA|54|20|58|3740520|64491.724137931|0
"060371927001"|0|0|1|0|0|0|0|1|1|1|0|0|1|0|0|NA|NA|24000|24000|NA|33|11|54|6050312|112042.814814815|0
"060371927002"|0|0|1|0|0|0|0|1|1|1|0|0|1|0|0|NA|NA|24000|24000|NA|33|11|54|6050312|112042.814814815|0
"060372017001"|0|1|1|0|0|0|0|1|1|1|0|0|0|0|1|5472|16632|6738|15666|12860|991|391|1340|114354144|85338.9134328358|0
"060372033001"|0|1|0|0|0|0|0|1|1|1|1|0|1|0|0|NA|NA|NA|NA|NA|17|2|70|8282746|118324.942857143|0
"060372060311"|0|1|1|0|0|0|0|1|1|1|0|0|1|0|0|41800|41800|41800|41800|NA|51|14|70|6560650|93723.5714285714|0
"060372075021"|0|1|1|0|0|0|0|1|1|1|0|0|1|0|0|45000|45000|45000|45000|17700|1|0|30|5064638|168821.266666667|0
"060372077101"|0|2|1|0|0|0|0|2|2|1|0|0|0|1|0|NA|NA|NA|NA|NA|336|104|42|3715194|NA|0
"060372079001"|0|2|0|0|0|0|0|2|2|1|0|1|1|1|0|NA|NA|NA|NA|NA|319|149|212|8297902|NA|0
"060372089022"|0|1|0|0|0|0|0|1|1|0|0|1|1|0|0|NA|NA|NA|NA|NA|0|0|0|0|NA|0
"060372092001"|0|1|0|0|0|0|0|1|1|1|0|0|1|0|0|39600|39600|NA|NA|NA|23|2|4|96000|24000|0
"060372095201"|0|1|0|0|0|0|0|1|1|0|0|1|1|0|0|NA|NA|NA|NA|NA|0|0|0|0|NA|0
"060372111202"|0|1|2|0|0|0|0|2|2|2|0|0|2|0|0|12370|12370|11350|11350|NA|19|2|12|538800|92100|0
"060372118021"|0|1|0|0|0|0|0|1|1|1|1|0|1|0|0|NA|NA|NA|NA|NA|36|5|30|2652000|88400|0
"060372121012"|0|2|0|0|0|0|0|2|2|1|1|1|2|0|0|NA|NA|NA|NA|NA|5|3|0|0|NA|0
"060372122041"|0|0|1|0|0|0|0|1|1|1|0|0|1|0|0|NA|NA|49890|49890|NA|87|56|114|16050412|140793.087719298|0
"060372123031"|0|0|1|0|0|0|0|1|1|1|0|0|1|0|0|NA|NA|24780|24780|NA|4|0|0|0|NA|0
"060372123041"|0|4|2|0|0|0|0|4|4|4|1|0|4|0|0|NA|NA|NA|NA|NA|38|12|38|1434000|144733.333333333|0
"060372124101"|0|2|2|0|0|0|0|2|2|2|0|0|1|1|0|NA|NA|NA|NA|NA|136|6|76|4204956|124931.837837838|0
"060372147003"|0|1|0|0|0|0|0|1|1|1|1|0|1|0|0|NA|NA|NA|NA|NA|24|14|4|220000|55000|0
"060372227001"|0|1|1|0|1|1|0|1|1|1|0|0|0|0|1|51442|51442|41592|41592|14348|8045|2073|4124|532736420|129179.53928225|0
"060372240101"|0|1|0|0|0|0|0|1|0|0|0|0|1|0|0|NA|NA|NA|NA|NA|0|0|0|0|NA|0
"060372240201"|0|1|0|0|0|0|0|1|1|1|1|0|0|0|1|1220|7538|NA|NA|NA|231|118|394|37160370|94315.6598984772|0
"060372247001"|0|1|1|0|1|1|0|1|1|1|0|0|0|0|1|51442|51442|41592|41592|14348|8045|2073|4124|532736420|129179.53928225|0
"060372343002"|0|2|0|0|0|0|0|2|2|0|0|2|2|0|0|NA|NA|NA|NA|NA|0|0|0|0|NA|0
"060372343003"|0|2|0|0|0|0|0|2|2|0|0|2|2|0|0|NA|NA|NA|NA|NA|0|0|0|0|NA|0
"060372360002"|0|1|0|0|0|0|0|1|1|1|0|0|0|0|1|1220|7538|NA|NA|NA|170|73|270|22520786|83410.3185185185|0
"060372384004"|0|1|0|0|0|0|0|1|1|0|0|1|1|0|0|NA|NA|NA|NA|NA|0|0|0|0|NA|0
"060372622001"|0|1|1|0|0|0|0|1|1|1|0|0|1|0|0|28992|28992|28992|28992|16112|124|29|26|2293576|88214.4615384615|0
"060372623011"|0|1|1|0|0|0|0|1|1|1|0|0|0|1|0|36682|36682|10452|10452|11451|343|53|252|21338452|84676.3968253968|0
"060372652021"|0|1|0|0|0|0|0|1|1|0|0|1|1|0|0|NA|NA|NA|NA|NA|0|0|0|0|NA|0
"060372652023"|0|1|0|0|0|0|0|1|1|0|0|1|1|0|0|NA|NA|NA|NA|NA|0|0|0|0|NA|0
"060372653011"|0|1|1|0|1|1|0|1|1|1|0|0|0|0|1|11220|37902|11220|26322|15069|9374|1559|3696|585586876|158438.007575758|0
"060372696022"|0|1|0|0|0|0|0|1|1|0|0|1|1|0|0|NA|NA|NA|NA|NA|0|0|0|0|NA|0
"060372765001"|0|1|1|0|0|0|0|1|1|1|0|0|0|1|0|43526|43526|19755|19755|13015|1239|374|1172|122348814|104393.186006826|0
"060372766041"|0|1|1|0|0|0|0|1|1|1|0|0|0|1|0|41100|41100|41100|41100|14258|197|53|114|7929076|69553.298245614|0
"060372770003"|0|1|0|0|0|0|0|1|1|0|0|1|1|0|0|NA|NA|NA|NA|NA|0|0|0|0|NA|0
"060372780012"|0|1|0|0|0|0|0|1|1|0|0|1|1|0|0|NA|NA|NA|NA|NA|0|0|0|0|NA|0
"060372912102"|0|1|0|0|0|0|0|1|1|0|0|1|1|0|0|NA|NA|NA|NA|NA|0|0|0|0|NA|0
"060372920002"|0|1|0|0|0|0|0|1|1|1|0|0|1|0|0|23487|23487|NA|NA|NA|12|5|4|239200|59800|0
"060372920003"|0|1|0|0|0|0|0|1|1|1|0|0|1|0|0|23487|23487|NA|NA|NA|12|5|4|239200|59800|0
"060373008001"|0|1|0|0|0|0|0|1|1|1|1|0|0|0|1|1104|6264|NA|NA|NA|314|138|438|37734724|86152.3378995434|0
"060373017011"|0|1|0|0|0|0|0|1|1|0|0|1|1|0|0|NA|NA|NA|NA|NA|0|0|0|0|NA|0
"060373018021"|0|2|0|0|0|0|0|2|2|1|1|1|2|0|0|NA|NA|NA|NA|NA|19|4|24|1154172|NA|0
"060373020021"|0|1|0|0|0|0|0|1|1|1|1|0|1|0|0|NA|NA|NA|NA|NA|8|1|48|3060974|63770.2916666667|0
"060373107022"|0|1|0|0|0|0|0|1|1|0|0|1|1|0|0|NA|NA|NA|NA|NA|0|0|0|0|NA|0
"060373107023"|0|1|0|0|0|0|0|1|0|0|0|1|1|0|0|NA|NA|NA|NA|NA|0|0|0|0|NA|0
"060373116001"|0|1|1|0|0|0|0|1|1|1|0|0|0|1|0|25332|25332|25332|25332|NA|412|141|252|6557726|26022.7222222222|0
"060373116005"|0|1|1|0|0|0|0|1|1|1|0|0|0|1|0|25332|25332|25332|25332|NA|412|141|252|6557726|26022.7222222222|0
"060373203002"|0|1|0|0|0|0|0|1|1|0|0|1|1|0|0|NA|NA|NA|NA|NA|0|0|0|0|NA|0
"060373203003"|0|1|0|0|0|0|0|1|1|0|0|1|1|0|0|NA|NA|NA|NA|NA|0|0|0|0|NA|0
"060374008001"|0|2|1|0|0|0|0|2|2|2|1|0|0|0|2|36644|41324|NA|NA|NA|1254|448|1316|119085304|182112.695983437|0
"060374012021"|0|1|1|0|0|0|0|1|1|1|0|0|0|1|0|16812|16812|10800|10800|NA|101|5|22|1739244|79056.5454545455|0
"060374013042"|0|1|1|0|0|0|0|1|1|1|0|0|0|1|0|38266|38266|13320|13320|12890|461|147|550|49497712|89995.84|0
"060374013113"|0|1|0|0|0|0|0|1|1|0|0|0|1|0|0|NA|NA|NA|NA|NA|0|0|0|0|NA|0
"060374013122"|0|1|1|0|0|0|0|1|1|1|0|0|1|0|0|13488|13488|8280|8280|7608|37|2|28|1917292|68474.7142857143|0
"060374015002"|0|1|1|0|0|0|0|1|1|1|0|0|0|1|0|38266|38266|13320|13320|12890|461|147|550|49497712|89995.84|0
"060374018003"|0|0|1|0|0|0|0|1|1|1|0|0|1|0|0|NA|NA|19375|19375|NA|46|22|34|2832710|83315|0
"060374019011"|0|3|1|0|0|0|0|3|3|3|0|0|0|3|0|149865|149865|NA|NA|47107|965|282|966|109995156|332081.992825622|0
"060374019012"|0|2|2|0|0|0|0|3|3|3|0|0|1|2|0|NA|NA|NA|NA|NA|582|128|594|68205806|344378.91147973|0
"060374019021"|0|0|1|0|0|0|0|1|1|1|0|0|1|0|0|NA|NA|12000|12000|NA|31|6|0|0|NA|0
"060374019022"|0|0|1|0|0|0|0|1|1|1|0|0|1|0|0|NA|NA|12000|12000|NA|31|6|0|0|NA|0
"060374020011"|0|0|1|0|0|0|0|1|1|1|0|0|1|0|0|NA|NA|33900|33900|NA|69|12|112|15202274|135734.589285714|0
"060374024021"|0|1|0|0|0|0|0|1|1|0|0|1|1|0|0|NA|NA|NA|NA|NA|0|0|0|0|NA|0
"060374024041"|0|3|1|0|0|0|0|3|3|3|2|0|1|0|2|NA|NA|NA|NA|NA|1647|693|2156|198217330|241258.866359206|0
"060374034051"|0|3|1|0|0|0|0|3|3|3|2|0|1|0|2|NA|NA|NA|NA|NA|1647|693|2156|198217330|241258.866359206|0
"060374035001"|0|1|0|0|0|0|0|1|1|1|1|0|0|0|1|1288|8599|NA|NA|NA|593|318|906|87851780|96966.6445916115|0
"060374046001"|0|1|0|0|0|0|0|1|1|0|0|1|1|0|0|NA|NA|NA|NA|NA|0|0|0|0|NA|0
"060374046002"|0|1|0|0|0|0|0|1|1|0|0|1|1|0|0|NA|NA|NA|NA|NA|0|0|0|0|NA|0
"060374050021"|0|1|0|0|0|0|0|1|1|0|0|1|1|0|0|NA|NA|NA|NA|NA|0|0|0|0|NA|0
"060374051011"|0|1|0|0|0|0|0|1|0|0|0|1|1|0|0|NA|NA|NA|NA|NA|0|0|0|0|NA|0
"060374051021"|0|1|0|0|0|0|0|1|1|0|0|1|1|0|0|NA|NA|NA|NA|NA|0|0|0|0|NA|0
"060374052011"|0|1|0|0|0|0|0|1|1|0|0|1|1|0|0|NA|NA|NA|NA|NA|0|0|0|0|NA|0
"060374053011"|0|1|0|0|0|0|0|1|1|0|0|1|1|0|0|NA|NA|NA|NA|NA|0|0|0|0|NA|0
"060374053022"|0|1|0|0|0|0|0|1|1|1|1|0|1|0|0|NA|NA|NA|NA|NA|14|1|22|1145604|52072.9090909091|0
"060374053023"|0|1|0|0|0|0|0|1|1|1|1|0|1|0|0|NA|NA|NA|NA|NA|14|1|12|750808|62567.3333333333|0
"060374053024"|0|1|0|0|0|0|0|1|1|1|1|0|1|0|0|NA|NA|NA|NA|NA|14|1|12|750808|62567.3333333333|0
"060374053025"|0|1|0|0|0|0|0|1|1|1|1|0|1|0|0|NA|NA|NA|NA|NA|14|1|22|1145604|52072.9090909091|0
"060374062001"|0|1|0|0|0|0|0|1|1|1|1|0|1|0|0|NA|NA|NA|NA|NA|9|1|2|93600|46800|0
"060374064111"|0|1|0|0|0|0|0|1|1|1|1|0|1|0|0|NA|NA|NA|NA|NA|9|1|2|93600|46800|0
"060374067022"|0|1|0|0|0|0|0|1|1|0|0|1|1|0|0|NA|NA|NA|NA|NA|0|0|0|0|NA|0
"060374067023"|0|1|0|0|0|0|0|1|1|0|0|1|1|0|0|NA|NA|NA|NA|NA|0|0|0|0|NA|0
"060374067024"|0|1|0|0|0|0|0|1|1|0|0|1|1|0|0|NA|NA|NA|NA|NA|0|0|0|0|NA|0
"060374071022"|0|1|0|0|0|0|0|1|1|1|1|0|0|1|0|NA|NA|NA|NA|NA|49|11|60|2400000|40000|0
"060374085033"|0|1|1|0|0|0|0|1|1|1|0|0|0|1|0|44184|44184|13428|13428|12902|284|81|292|25107330|85984.0068493151|0
"060374088001"|0|1|0|0|0|0|0|1|1|0|0|1|1|0|0|NA|NA|NA|NA|NA|0|0|0|0|NA|0
"060374088002"|0|0|1|0|0|1|0|1|1|1|0|0|0|1|0|NA|NA|23751|23751|NA|655|243|472|58165126|123231.199152542|0
"060374088003"|0|1|0|0|0|0|0|1|1|0|0|1|1|0|0|NA|NA|NA|NA|NA|0|0|0|0|NA|0
"060374301021"|0|0|1|0|0|0|0|1|1|1|0|0|1|0|0|NA|NA|NA|NA|NA|5|2|0|0|NA|0
"060374302001"|0|1|0|0|0|0|0|1|1|1|0|0|1|0|0|14220|14220|NA|NA|NA|40|7|24|1136718|47363.25|0
"060374310021"|0|1|0|0|0|0|0|1|1|1|0|0|1|0|0|14220|14220|NA|NA|NA|40|7|24|1136718|47363.25|0
"060374321012"|0|1|0|0|0|0|0|1|1|0|0|1|1|0|0|NA|NA|NA|NA|NA|0|0|0|0|NA|0
"060374322012"|0|1|0|0|0|0|0|1|1|0|0|1|1|0|0|NA|NA|NA|NA|NA|0|0|0|0|NA|0
"060374327002"|0|2|1|0|0|0|0|3|3|1|0|2|3|0|0|NA|NA|NA|NA|NA|9|2|0|0|NA|0
"060374331012"|0|2|1|0|0|0|0|3|3|1|0|2|3|0|0|NA|NA|NA|NA|NA|9|2|0|0|NA|0
"060374331021"|0|1|1|0|0|0|0|2|2|1|0|1|2|0|0|NA|NA|NA|NA|NA|9|2|0|0|NA|0
"060374332004"|0|1|0|0|0|0|0|1|1|0|0|1|1|0|0|NA|NA|NA|NA|NA|0|0|0|0|NA|0
"060374338021"|0|1|0|0|0|0|0|1|1|1|0|0|0|0|1|1288|6888|NA|NA|NA|288|157|400|36866390|92165.975|0
"060374614001"|0|1|0|0|0|0|0|1|1|1|0|0|1|0|0|27164|27164|NA|NA|8408|23|15|12|799574|66631.1666666667|0
"060374614003"|0|1|0|0|0|0|0|1|1|0|0|1|1|0|0|NA|NA|NA|NA|NA|0|0|0|0|NA|0
"060374619012"|0|1|1|0|0|0|0|1|1|1|0|0|0|1|0|21090|21090|28515|28515|NA|103|8|44|2594526|58966.5|0
"060374620023"|0|1|0|0|0|0|0|1|1|0|0|1|1|0|0|NA|NA|NA|NA|NA|0|0|0|0|NA|0
"060374622022"|0|1|1|0|0|0|0|2|2|1|0|1|1|1|0|NA|NA|NA|NA|NA|295|80|172|15456060|NA|0
"060374634003"|0|1|0|0|0|0|0|1|1|1|1|0|0|0|1|1288|6272|NA|NA|NA|380|143|840|75351508|89704.1761904762|0
"060374635002"|0|1|1|0|0|0|0|1|1|1|0|0|0|1|0|45846|45846|45846|45846|14100|3384|411|668|139667194|209082.625748503|0
"060374635003"|0|1|1|0|0|0|0|1|1|1|0|0|0|1|0|45846|45846|45846|45846|14100|3384|411|668|139667194|209082.625748503|0
"060374636011"|0|1|0|0|0|0|0|1|1|1|1|0|1|0|0|12701|12701|NA|NA|NA|23|3|42|2248392|53533.1428571429|0
"060374636013"|0|2|1|0|0|0|0|2|2|1|0|1|1|1|0|NA|NA|NA|NA|NA|2|0|0|0|NA|0
"060374636014"|0|1|0|0|0|0|0|1|1|1|1|0|1|0|0|12701|12701|NA|NA|NA|23|3|42|2248392|53533.1428571429|0
"060374636022"|0|1|0|0|0|0|0|1|1|1|0|0|1|0|0|23704|23704|NA|NA|NA|12|3|2|360000|180000|0
"060374636024"|0|1|0|0|0|0|0|1|1|1|0|0|1|0|0|23704|23704|NA|NA|NA|12|3|2|360000|180000|0
"060374808021"|0|1|1|0|0|0|0|2|2|2|0|0|2|0|0|23617|23617|NA|NA|NA|55|12|30|1455052|94040.4615384615|0
"060374809021"|0|1|1|0|0|0|0|2|2|2|0|0|2|0|0|23617|23617|NA|NA|NA|55|12|30|1455052|94040.4615384615|0
"060374810011"|0|1|0|0|0|0|0|1|1|0|0|1|1|0|0|NA|NA|NA|NA|NA|0|0|0|0|NA|0
"060374810012"|0|1|0|0|0|0|0|1|1|0|0|1|1|0|0|NA|NA|NA|NA|NA|0|0|0|0|NA|0
"060374824022"|0|1|1|0|0|0|0|1|1|1|0|0|1|0|0|10512|10512|9324|9324|7156|39|6|30|1955152|65171.7333333333|0
"060375003001"|0|1|0|0|0|0|0|1|1|1|0|0|0|0|1|1288|6888|NA|NA|NA|288|157|400|36866390|92165.975|0
"060375004032"|0|1|0|0|0|0|0|1|1|1|0|0|0|0|1|1288|6888|NA|NA|NA|288|157|400|36866390|92165.975|0
"060375007001"|0|1|0|0|0|0|0|1|1|0|0|1|1|0|0|NA|NA|NA|NA|NA|0|0|0|0|NA|0
"060375016001"|0|1|1|0|0|0|0|1|1|1|0|0|0|1|0|44184|44184|13428|13428|12902|284|81|292|25107330|85984.0068493151|0
"060375027002"|0|1|0|0|0|0|0|1|1|0|0|1|1|0|0|NA|NA|NA|NA|NA|0|0|0|0|NA|0
"060375027003"|0|1|0|0|0|0|0|1|1|0|0|1|1|0|0|NA|NA|NA|NA|NA|0|0|0|0|NA|0
"060375027005"|0|1|0|0|0|0|0|1|1|0|0|1|1|0|0|NA|NA|NA|NA|NA|0|0|0|0|NA|0
"060375028022"|0|1|0|0|0|0|0|1|1|0|0|1|1|0|0|NA|NA|NA|NA|NA|0|0|0|0|NA|0
"060375029021"|0|1|0|0|0|0|0|1|1|0|0|1|1|0|0|NA|NA|NA|NA|NA|0|0|0|0|NA|0
"060375029022"|0|1|0|0|0|0|0|1|1|0|0|1|1|0|0|NA|NA|NA|NA|NA|0|0|0|0|NA|0
"060375029023"|0|1|0|0|0|0|0|1|1|0|0|1|1|0|0|NA|NA|NA|NA|NA|0|0|0|0|NA|0
"060375037021"|0|1|1|0|0|0|0|1|1|1|0|0|1|0|0|12248|12248|20376|20376|NA|96|14|114|8175076|71711.1929824561|0
"060375037022"|0|1|1|0|0|0|0|1|1|1|0|0|1|0|0|12248|12248|20376|20376|NA|96|14|114|8175076|71711.1929824561|0
"060375040012"|0|1|1|0|0|0|0|1|1|1|0|0|0|1|0|36696|36696|10350|10350|10560|656|293|534|46113602|86355.0599250936|0
"060375040013"|0|1|1|0|0|0|0|1|1|1|0|0|0|1|0|36696|36696|10350|10350|10560|656|293|534|46113602|86355.0599250936|0
"060375041021"|0|1|0|0|0|0|0|1|1|0|0|1|1|0|0|NA|NA|NA|NA|NA|0|0|0|0|NA|0
"060375304002"|0|1|0|0|0|0|0|1|1|1|1|0|0|0|1|1220|7538|NA|NA|NA|380|190|730|64220580|87973.397260274|0
"060375319011"|0|1|0|0|0|0|0|1|1|1|1|0|1|0|0|NA|NA|NA|NA|NA|21|10|20|240000|12000|0
"060375323033"|0|1|0|0|0|0|0|1|1|1|1|0|1|0|0|NA|NA|NA|NA|NA|21|10|20|240000|12000|0
"060375326051"|0|1|0|0|0|0|0|1|1|0|0|1|1|0|0|NA|NA|NA|NA|NA|0|0|0|0|NA|0
"060375326052"|0|1|0|0|0|0|0|1|1|0|0|1|1|0|0|NA|NA|NA|NA|NA|0|0|0|0|NA|0
"060375331041"|0|2|0|0|0|0|0|2|1|0|0|1|1|1|0|NA|NA|NA|NA|NA|0|0|0|0|NA|0
"060375355011"|0|1|0|0|0|0|0|1|1|0|0|1|1|0|0|NA|NA|NA|NA|NA|0|0|0|0|NA|0
"060375362004"|0|1|0|0|0|0|0|1|1|1|1|0|1|0|0|NA|NA|NA|NA|NA|12|3|12|1020000|85000|0
"060375402033"|0|1|0|0|0|0|0|1|1|0|0|1|1|0|0|NA|NA|NA|NA|NA|0|0|0|0|NA|0
"060375407002"|0|1|1|0|0|0|0|1|1|1|0|0|1|0|0|11717|11717|21336|21336|NA|151|30|54|5560722|102976.333333333|0
"060375410021"|0|1|0|0|0|0|0|1|1|0|0|1|1|0|0|NA|NA|NA|NA|NA|0|0|0|0|NA|0
"060375431005"|0|1|0|0|0|0|0|1|1|0|0|1|1|0|0|NA|NA|NA|NA|NA|0|0|0|0|NA|0
"060375433063"|0|1|0|0|0|0|0|1|1|0|0|1|1|0|0|NA|NA|NA|NA|NA|0|0|0|0|NA|0
"060375433211"|0|1|1|0|0|0|0|1|1|1|0|0|0|0|1|5472|16632|6738|15666|12790|620|245|656|56713776|86453.9268292683|0
"060375434003"|0|1|0|0|0|0|0|1|1|0|0|1|1|0|0|NA|NA|NA|NA|NA|0|0|0|0|NA|0
"060375439031"|0|1|0|0|0|0|0|1|1|0|0|1|1|0|0|NA|NA|NA|NA|NA|0|0|0|0|NA|0
"060375511021"|0|1|0|0|0|0|0|1|0|0|0|1|1|0|0|NA|NA|NA|NA|NA|0|0|0|0|NA|0
"060375522001"|0|1|0|0|0|0|0|1|1|0|0|1|1|0|0|NA|NA|NA|NA|NA|0|0|0|0|NA|0
"060375535043"|0|1|0|0|0|0|0|1|1|1|1|0|1|0|0|NA|NA|NA|NA|NA|12|3|12|1020000|85000|0
"060375539012"|0|1|0|0|0|0|0|1|1|1|1|0|1|0|0|NA|NA|NA|NA|NA|10|7|2|30162|15081|0
"060375545211"|0|2|0|0|0|0|0|2|2|1|0|1|2|0|0|NA|NA|NA|NA|NA|23|3|4|260170|NA|0
"060375545213"|0|1|0|0|0|0|0|1|1|1|1|0|0|0|1|1288|8540|NA|NA|NA|353|206|582|44701268|76806.3024054983|0
"060375548012"|0|2|0|0|0|0|0|2|2|1|1|1|1|0|1|NA|NA|NA|NA|NA|353|206|582|44701268|NA|0
"060375734022"|0|1|1|0|0|0|0|1|1|1|0|0|1|0|0|19908|19908|14872|14872|NA|29|5|18|1958400|108800|0
"060375736014"|0|1|0|0|0|0|0|1|1|0|0|1|1|0|0|NA|NA|NA|NA|NA|0|0|0|0|NA|0
"060375736015"|0|1|0|0|0|0|0|1|1|1|1|0|0|0|1|1104|7320|NA|NA|NA|504|261|708|50441216|71244.6553672316|0
"060375742022"|0|1|0|0|0|0|0|1|1|0|0|1|1|0|0|NA|NA|NA|NA|NA|0|0|0|0|NA|0
"060375746011"|0|1|1|0|0|0|0|1|1|1|0|0|0|0|1|5472|16632|6738|15666|12398|1602|658|2102|182482800|86813.8915318744|0
"060375747001"|0|1|1|0|0|0|0|1|1|1|0|0|0|0|1|5472|16632|6738|15666|12398|1602|658|2102|182482800|86813.8915318744|0
"060375758032"|0|1|0|0|0|0|0|1|1|0|0|1|1|0|0|NA|NA|NA|NA|NA|0|0|0|0|NA|0
"060375760012"|0|1|1|0|0|0|0|1|1|0|0|0|0|0|0|NA|NA|NA|NA|NA|595|86|0|0|NA|0
"060375762005"|0|1|0|0|0|0|0|1|1|0|0|1|1|0|0|NA|NA|NA|NA|NA|0|0|0|0|NA|0
"060376014013"|0|1|0|0|0|0|0|1|1|0|0|1|1|0|0|NA|NA|NA|NA|NA|0|0|0|0|NA|0
"060376014023"|0|1|1|0|0|0|0|1|1|1|0|0|1|0|0|10470|10470|14220|14220|NA|16|2|6|390000|65000|0
"060376022001"|0|1|1|0|0|0|0|1|1|1|0|0|1|0|0|13464|13464|16189|16189|NA|19|0|0|0|NA|0
"060376028011"|0|1|0|0|0|0|0|1|1|1|1|0|0|1|0|1220|7538|NA|NA|NA|127|54|192|17378664|90513.875|0
"060376028012"|0|1|0|0|0|0|0|1|1|1|1|0|0|1|0|1220|7538|NA|NA|NA|127|54|192|17378664|90513.875|0
"060376037022"|0|1|0|0|0|0|0|1|1|1|1|0|0|0|1|1104|5640|NA|NA|NA|481|212|692|60674570|87680.014450867|0
"060376205223"|0|1|0|0|0|0|0|1|1|0|0|1|1|0|0|NA|NA|NA|NA|NA|0|0|0|0|NA|0
"060376502004"|0|1|0|0|0|0|0|1|1|0|0|0|1|0|0|NA|NA|NA|NA|NA|0|0|0|0|NA|0
"060376511012"|0|1|0|0|0|0|0|1|1|1|0|0|1|0|0|NA|NA|NA|NA|NA|17|17|0|0|NA|0
"060376707024"|0|1|1|0|0|0|0|1|1|1|0|0|1|0|0|34134|34134|13500|13500|14412|99|21|60|4197178|69952.9666666667|0
"060377009011"|0|2|0|0|0|0|0|2|2|2|1|0|2|0|0|44420|44420|NA|NA|NA|80|34|150|7957200|77440.5405405405|0
"060377015011"|0|0|1|0|0|0|0|1|1|1|0|0|1|0|0|NA|NA|15410|15410|NA|12|1|2|120000|60000|0
"060377018021"|0|1|0|0|0|0|0|1|1|1|0|0|0|0|1|1104|8040|NA|NA|NA|544|238|676|68750282|101701.600591716|0
"060377019021"|0|1|0|0|0|0|0|1|1|0|0|1|1|0|0|NA|NA|NA|NA|NA|0|0|0|0|NA|0
"060377019023"|0|0|1|0|0|0|0|1|1|1|0|0|1|0|0|NA|NA|20824|20824|NA|9|4|0|0|NA|0
"060377025022"|0|1|0|0|0|0|0|1|1|1|0|0|0|0|1|1220|7538|NA|NA|NA|170|73|270|22520786|83410.3185185185|0
"060377028033"|0|0|1|0|0|0|0|1|1|1|0|0|1|0|0|NA|NA|14382|14382|NA|13|4|18|579366|32187|0
"060377030012"|0|1|1|0|0|0|0|1|1|1|0|0|1|0|0|20370|20370|16416|16416|NA|33|22|62|4681736|75511.8709677419|0
"060377030013"|0|1|0|0|0|0|0|1|1|1|0|0|0|0|1|1220|7538|NA|NA|NA|170|73|270|22520786|83410.3185185185|0
"060377030024"|0|1|0|0|0|0|0|1|1|1|0|0|0|0|1|1220|7538|NA|NA|NA|170|73|270|22520786|83410.3185185185|0
"060378004101"|0|1|1|0|0|0|0|1|1|1|0|0|0|1|0|49770|49770|31300|31300|14330|1144|271|754|80828600|107199.734748011|0
"060379007011"|0|1|1|0|0|0|0|1|1|1|0|0|1|0|0|NA|NA|NA|NA|NA|51|28|26|1470976|56576|0
"060379007013"|0|1|0|0|0|0|0|1|1|0|0|1|1|0|0|NA|NA|NA|NA|NA|0|0|0|0|NA|0
"060379007033"|0|1|0|0|0|0|0|1|1|0|0|1|1|0|0|NA|NA|NA|NA|NA|0|0|0|0|NA|0
"060379008052"|0|1|0|0|0|0|0|1|1|0|0|1|1|0|0|NA|NA|NA|NA|NA|0|0|0|0|NA|0
"060379008062"|0|1|0|0|0|0|0|1|1|0|0|1|1|0|0|NA|NA|NA|NA|NA|0|0|0|0|NA|0
"060379010042"|0|1|0|0|0|0|0|1|1|1|0|0|0|0|1|1104|6168|NA|NA|NA|283|125|348|30613586|87970.0747126437|0
"060379200311"|0|1|0|0|0|0|0|1|1|1|0|0|1|0|0|18568|18568|NA|NA|NA|0|0|0|0|NA|0
"060379203291"|0|1|0|0|0|0|0|1|1|0|0|1|1|0|0|NA|NA|NA|NA|NA|0|0|0|0|NA|0
"060379203302"|0|1|0|0|0|0|0|1|1|1|1|0|0|0|1|1104|6408|NA|NA|NA|371|117|342|34020412|99474.8888888889|0
"060379203322"|0|1|1|0|0|0|0|1|1|1|0|0|0|1|0|31550|31550|11280|11280|10300|202|68|104|7637256|73435.1538461538|0
"060379203343"|0|1|1|0|0|0|0|1|1|1|0|0|0|1|0|45030|45030|45030|45030|11363|237|74|310|24627328|79442.9935483871|0
"060379800151"|0|1|0|0|0|0|0|1|1|1|1|0|0|1|0|1220|7538|NA|NA|NA|156|74|252|22466168|89151.4603174603|0
"060390005032"|0|0|0|0|0|0|0|1|0|0|0|0|0|0|0|NA|NA|NA|NA|NA|0|0|0|0|NA|0
"060390005061"|0|0|0|0|0|0|0|1|0|0|0|0|0|0|0|NA|NA|NA|NA|NA|0|0|0|0|NA|0
"060411101002"|0|1|1|0|0|0|0|1|1|1|0|0|0|1|0|42950|42950|16722|16722|13650|198|63|198|16805794|84877.7474747475|0
"060411170003"|0|0|1|0|0|0|0|1|1|1|0|0|1|0|0|NA|NA|13650|13650|NA|32|4|18|1174660|65258.8888888889|0
"060411191003"|0|1|0|0|0|0|0|1|1|1|1|0|0|1|0|1380|9210|NA|NA|NA|190|65|254|24582994|96783.4409448819|0
"060450109003"|0|1|0|0|0|0|0|1|1|1|1|0|0|1|0|1380|6330|NA|NA|NA|108|54|92|7259488|78907.4782608696|0
"060450113001"|0|1|0|0|0|0|0|1|1|1|1|0|0|1|0|1380|6330|NA|NA|NA|108|54|92|7259488|78907.4782608696|0
"060450115003"|0|1|0|0|0|0|0|1|1|0|0|1|1|0|0|NA|NA|NA|NA|NA|0|0|0|0|NA|0
"060470010021"|0|1|0|0|0|0|0|1|1|1|1|0|0|0|1|1104|6096|NA|NA|NA|279|129|382|30093842|78779.6910994764|0
"060470010041"|0|1|0|0|0|0|0|1|1|0|0|1|1|0|0|NA|NA|NA|NA|NA|0|0|0|0|NA|0
"060470013013"|0|1|0|0|0|0|0|1|1|0|0|1|1|0|0|NA|NA|NA|NA|NA|0|0|0|0|NA|0
"060470019011"|0|1|1|0|0|0|0|1|1|1|0|0|0|1|0|11220|37902|11220|26322|16100|981|236|650|58946962|90687.6338461538|0
"060530003002"|0|1|0|0|0|0|0|1|1|0|0|1|1|0|0|NA|NA|NA|NA|NA|0|0|0|0|NA|0
"060530013001"|0|1|0|0|0|0|0|1|1|0|0|1|1|0|0|NA|NA|NA|NA|NA|0|0|0|0|NA|0
"060530014001"|0|1|0|0|0|0|0|1|1|1|1|0|0|0|1|1400|7650|NA|NA|NA|181|57|256|22178140|86633.359375|0
"060530014002"|0|1|0|0|0|0|0|1|1|1|1|0|1|0|0|NA|NA|NA|NA|NA|10|2|4|205858|51464.5|0
"060530111013"|0|1|0|0|0|0|0|1|1|0|0|1|1|0|0|NA|NA|NA|NA|NA|0|0|0|0|NA|0
"060530111022"|0|1|0|0|0|0|0|1|1|0|0|1|1|0|0|NA|NA|NA|NA|NA|0|0|0|0|NA|0
"060530111023"|0|1|0|0|0|0|0|1|1|0|0|1|1|0|0|NA|NA|NA|NA|NA|0|0|0|0|NA|0
"060530126001"|0|1|1|0|0|0|0|1|1|1|0|0|1|0|0|38250|38250|38250|38250|NA|141|92|170|14597032|85864.8941176471|0
"060530127002"|0|1|1|0|0|0|0|1|1|1|0|0|1|0|0|38250|38250|38250|38250|NA|141|92|170|14597032|85864.8941176471|0
"060530130001"|0|1|0|0|0|0|0|1|1|1|1|0|0|1|0|1104|6168|NA|NA|NA|77|42|240|18725422|78022.5916666667|0
"060530130002"|0|0|1|0|0|0|0|0|0|1|0|0|0|1|0|NA|NA|NA|NA|NA|716|115|616|98392220|159727.62987013|0
"060530132002"|0|0|1|0|0|0|0|0|0|1|0|0|0|1|0|NA|NA|NA|NA|NA|716|115|616|98392220|159727.62987013|0
"060530133001"|0|0|1|0|0|0|0|0|0|1|0|0|0|1|0|NA|NA|NA|NA|NA|716|115|616|98392220|159727.62987013|0
"060530133002"|0|0|1|0|0|0|0|0|0|1|0|0|0|1|0|NA|NA|NA|NA|NA|716|115|616|98392220|159727.62987013|0
"060530141041"|0|1|1|0|0|0|0|1|1|1|0|0|0|1|0|5472|16632|6738|15666|11930|522|203|450|34894968|77544.3733333333|0
"060530141043"|0|1|1|0|0|0|0|1|1|1|0|0|0|1|0|5472|16632|6738|15666|11930|522|203|450|34894968|77544.3733333333|0
"060552002021"|0|1|0|0|0|0|0|1|1|0|0|1|1|0|0|NA|NA|NA|NA|NA|0|0|0|0|NA|0
"060552009001"|0|1|0|0|0|0|0|1|1|1|1|0|0|1|0|1104|6246|NA|NA|NA|179|80|208|16717608|80373.1153846154|0
"060552017001"|0|1|1|0|0|0|0|1|1|1|0|0|0|1|0|27999|27999|27999|27999|7920|141|22|182|10611934|58307.3296703297|0
"060552017002"|0|1|1|0|0|0|0|1|1|1|0|0|0|1|0|27999|27999|27999|27999|7920|141|22|182|10611934|58307.3296703297|0
"060590016025"|0|0|1|0|0|0|0|1|1|1|0|0|1|0|0|NA|NA|38290|38290|NA|126|48|94|10982074|116830.574468085|0
"060590019021"|0|1|1|0|0|0|0|1|1|1|0|0|1|0|0|2640|2640|250|250|NA|4|0|0|0|NA|0
"060590114012"|0|1|0|0|0|0|0|1|1|1|1|0|0|0|1|1104|5976|NA|NA|NA|307|132|702|77610848|110556.763532764|0
"060590115023"|0|1|1|0|0|0|0|1|1|1|0|0|0|0|1|5472|16632|6738|15666|15342|1533|583|2032|176208432|86716.7480314961|0
"060590115031"|0|0|1|0|0|0|0|1|1|1|0|0|1|0|0|NA|NA|NA|NA|NA|21|4|38|4027176|105978.315789474|0
"060590115042"|0|1|1|0|0|0|0|1|1|1|0|0|0|0|1|5472|16632|6738|15666|15342|1533|583|2032|176208432|86716.7480314961|0
"060590115045"|0|2|2|0|0|0|0|2|2|2|0|0|0|1|1|34972|46132|23451|32379|24892|1636|619|2110|181038862|148645.337775086|0
"060590219123"|0|1|0|0|0|0|0|1|1|1|1|0|0|0|1|1104|7224|NA|NA|NA|157|82|232|22305658|96145.0775862069|0
"060590219172"|0|1|0|0|0|0|0|1|1|1|1|0|0|0|1|1104|7224|NA|NA|NA|157|82|232|22305658|96145.0775862069|0
"060590320223"|0|2|0|0|0|0|0|2|2|1|1|0|0|0|1|NA|NA|NA|NA|NA|404|212|532|51951518|NA|0
"060590423191"|0|1|1|0|0|0|0|1|1|1|0|0|1|0|0|29372|29372|29372|29372|11812|130|52|104|10319446|99225.4423076923|0
"060590525171"|0|1|0|0|0|0|0|1|1|1|1|0|0|0|1|1104|5808|NA|NA|NA|192|88|350|30499696|87141.9885714286|0
"060590525181"|0|1|1|0|0|0|0|1|1|1|0|0|0|1|0|12000|12000|11160|11160|NA|405|15|152|13366328|87936.3684210526|0
"060590626041"|0|1|1|0|0|0|0|1|1|1|0|0|1|0|0|28950|28950|30750|30750|13290|40|15|44|3391704|77084.1818181818|0
"060590626042"|0|1|1|0|0|0|0|1|1|1|0|0|1|0|0|28950|28950|30750|30750|13290|40|15|44|3391704|77084.1818181818|0
"060590626102"|0|7|5|0|1|1|0|7|7|7|1|0|4|1|2|NA|NA|NA|NA|NA|4889|826|2486|315535960|NA|0
"060590626113"|0|3|2|0|1|1|0|3|3|3|0|0|1|1|1|NA|NA|NA|NA|NA|4628|753|2446|315046360|284274.896587721|0
"060590626143"|0|1|1|0|1|1|0|1|1|1|0|0|0|0|1|11220|37902|11220|26322|13429|4501|721|2358|308518360|130838.999151824|0
"060590626224"|0|1|0|0|0|0|0|1|1|1|0|0|1|0|0|NA|NA|NA|NA|NA|7|0|0|0|NA|0
"060590626262"|0|0|1|0|0|0|0|1|1|1|0|0|1|0|0|NA|NA|24300|24300|NA|6|0|14|1265670|90405|0
"060590626281"|0|1|1|0|0|0|0|1|1|1|0|0|0|1|0|32130|32130|8150|8150|9830|282|68|158|11600170|73418.7974683544|0
"060590626282"|0|1|1|0|0|0|0|1|1|1|0|0|0|1|0|32130|32130|8150|8150|9830|282|68|158|11600170|73418.7974683544|0
"060590626331"|0|1|1|0|0|0|0|1|1|1|0|0|1|0|0|29372|29372|29372|29372|11812|130|52|104|10319446|99225.4423076923|0
"060590626332"|0|1|1|0|0|0|0|1|1|1|0|0|1|0|0|29372|29372|29372|29372|11812|130|52|104|10319446|99225.4423076923|0
"060590626492"|0|1|1|0|0|0|0|1|1|1|0|0|1|0|0|28950|28950|30750|30750|13290|40|15|44|3391704|77084.1818181818|0
"060590630073"|0|3|2|0|0|0|0|3|3|3|0|0|2|1|0|NA|NA|NA|NA|NA|133|32|90|6709846|244358.897435897|0
"060590639022"|0|1|0|0|0|0|0|1|1|0|0|0|0|0|0|NA|NA|NA|NA|NA|132|23|0|0|NA|0
"060590639023"|0|1|0|0|0|0|0|1|1|1|1|0|0|0|1|1104|6648|NA|NA|NA|334|137|526|52514510|99837.4714828897|0
"060590639063"|0|1|1|0|0|0|0|1|1|1|0|0|0|1|0|30980|30980|10062|10062|9310|152|45|160|12120856|75755.35|0
"060590639072"|0|1|0|0|0|0|0|1|1|0|0|1|1|0|0|NA|NA|NA|NA|NA|0|0|0|0|NA|0
"060590639082"|0|1|1|0|0|0|0|1|1|1|0|0|0|0|1|11814|11814|16067|16067|NA|203|63|38|307754|8098.78947368421|0
"060590740031"|0|1|0|0|0|0|0|1|1|0|0|1|1|0|0|NA|NA|NA|NA|NA|0|0|0|0|NA|0
"060590741062"|0|1|0|0|0|0|0|1|1|0|0|1|1|0|0|NA|NA|NA|NA|NA|0|0|0|0|NA|0
"060590741063"|0|2|0|0|0|0|0|2|2|1|0|1|2|0|0|NA|NA|NA|NA|NA|40|4|28|2118338|NA|0
"060590741071"|0|1|0|0|0|0|0|1|1|0|0|1|1|0|0|NA|NA|NA|NA|NA|0|0|0|0|NA|0
"060590750024"|0|1|0|0|0|0|0|1|1|0|0|1|1|0|0|NA|NA|NA|NA|NA|0|0|0|0|NA|0
"060590752021"|0|2|0|0|0|0|0|2|2|1|0|1|1|0|1|NA|NA|NA|NA|NA|295|157|532|50444506|NA|0
"060590753031"|0|1|0|0|0|0|0|1|1|0|0|0|0|0|0|NA|NA|NA|NA|NA|138|52|0|0|NA|0
"060590754031"|0|1|0|0|0|0|0|1|1|0|0|1|1|0|0|NA|NA|NA|NA|NA|0|0|0|0|NA|0
"060590754043"|0|0|1|0|0|0|0|1|1|1|0|0|1|0|0|NA|NA|NA|NA|NA|12|1|12|808608|67384|0
"060590755151"|0|2|1|0|0|0|0|2|2|2|1|0|2|0|0|38855|38855|NA|NA|NA|52|10|0|0|NA|0
"060590757013"|0|1|0|0|0|0|0|1|1|0|0|1|1|0|0|NA|NA|NA|NA|NA|0|0|0|0|NA|0
"060590759011"|0|1|1|0|0|0|0|1|1|1|0|0|0|1|0|48310|48310|26896|26896|14368|812|313|918|111847958|121838.734204793|0
"060590759013"|0|1|0|0|0|0|0|1|1|0|0|1|1|0|0|NA|NA|NA|NA|NA|0|0|0|0|NA|0
"060590760002"|0|1|0|0|0|0|0|1|1|1|0|0|1|0|0|NA|NA|NA|NA|NA|32|13|24|2114916|88121.5|0
"060590760003"|0|1|0|0|0|0|0|1|1|1|0|0|1|0|0|NA|NA|NA|NA|NA|32|13|24|2114916|88121.5|0
"060590761011"|0|1|1|0|0|0|0|1|1|1|0|0|1|0|0|NA|NA|NA|NA|NA|0|0|0|0|NA|0
"060590761013"|0|1|0|0|0|0|0|1|1|1|1|0|1|0|0|NA|NA|NA|NA|NA|10|4|8|388670|48583.75|0
"060590761023"|0|1|0|0|0|0|0|1|1|0|0|0|1|0|0|NA|NA|NA|NA|NA|0|0|0|0|NA|0
"060590761024"|0|1|0|0|0|0|0|1|1|0|0|0|1|0|0|NA|NA|NA|NA|NA|0|0|0|0|NA|0
"060590761033"|0|2|1|0|0|0|0|2|2|1|0|0|2|0|0|NA|NA|NA|NA|NA|21|1|14|917208|NA|0
"060590762061"|0|1|0|0|0|0|0|1|1|0|0|1|1|0|0|NA|NA|NA|NA|NA|0|0|0|0|NA|0
"060590865013"|0|1|0|0|0|0|0|1|1|0|0|1|1|0|0|NA|NA|NA|NA|NA|0|0|0|0|NA|0
"060590866022"|0|1|1|0|0|0|0|1|1|1|0|0|1|0|0|7250|7250|7000|7000|NA|8|4|4|151200|37800|0
"060590867013"|0|2|1|0|1|0|0|2|2|1|0|0|1|0|0|NA|NA|NA|NA|NA|132|52|50|2245440|NA|0
"060590867014"|0|2|1|0|1|0|0|2|2|1|0|0|1|0|0|NA|NA|NA|NA|NA|132|52|50|2245440|NA|0
"060590867021"|0|1|1|0|0|0|0|1|1|1|0|0|1|0|0|9360|9360|7800|7800|NA|15|9|4|233000|58250|0
"060590867022"|0|1|1|0|0|0|0|1|1|1|0|0|1|0|0|9360|9360|7800|7800|NA|15|9|4|233000|58250|0
"060590868021"|0|1|0|0|0|0|0|1|1|1|1|0|0|1|0|NA|NA|NA|NA|NA|47|19|56|3881054|69304.5357142857|0
"060590868023"|0|1|0|0|0|0|0|1|1|1|1|0|0|1|0|NA|NA|NA|NA|NA|47|19|56|3881054|69304.5357142857|0
"060590871022"|0|1|0|0|0|0|0|1|1|1|0|0|1|0|0|16335|16335|NA|NA|NA|23|4|12|790480|65873.3333333333|0
"060590873005"|0|1|0|0|0|0|0|1|1|0|0|1|1|0|0|NA|NA|NA|NA|NA|0|0|0|0|NA|0
"060590874032"|0|1|0|0|0|0|0|1|1|1|1|0|1|0|0|NA|NA|NA|NA|NA|10|1|8|312876|39109.5|0
"060590874051"|0|1|0|0|0|0|0|1|1|0|0|1|1|0|0|NA|NA|NA|NA|NA|0|0|0|0|NA|0
"060590882032"|0|1|0|0|0|0|0|1|1|0|0|1|1|0|0|NA|NA|NA|NA|NA|0|0|0|0|NA|0
"060590884031"|0|1|0|0|0|0|0|1|1|0|0|1|1|0|0|NA|NA|NA|NA|NA|0|0|0|0|NA|0
"060590886021"|0|1|0|0|0|0|0|1|1|1|1|0|1|0|0|NA|NA|NA|NA|NA|38|13|46|3263260|70940.4347826087|0
"060590889021"|0|1|0|0|0|0|0|1|1|0|0|1|1|0|0|NA|NA|NA|NA|NA|0|0|0|0|NA|0
"060590992023"|0|1|0|0|0|0|0|1|1|0|0|1|1|0|0|NA|NA|NA|NA|NA|0|0|0|0|NA|0
"060590992271"|0|1|0|0|0|0|0|1|1|0|0|1|1|0|0|NA|NA|NA|NA|NA|0|0|0|0|NA|0
"060590992272"|0|1|0|0|0|0|0|1|1|0|0|1|1|0|0|NA|NA|NA|NA|NA|0|0|0|0|NA|0
"060590992293"|0|1|0|0|0|0|0|1|1|1|1|0|0|0|1|1104|6144|NA|NA|NA|168|92|104|9718506|93447.1730769231|0
"060590992411"|0|1|0|0|0|0|0|1|1|0|0|1|1|0|0|NA|NA|NA|NA|NA|0|0|0|0|NA|0
"060590992412"|0|1|0|0|0|0|0|1|1|0|0|1|1|0|0|NA|NA|NA|NA|NA|0|0|0|0|NA|0
"060590992421"|0|1|0|0|0|0|0|1|1|0|0|1|1|0|0|NA|NA|NA|NA|NA|0|0|0|0|NA|0
"060590992422"|0|1|0|0|0|0|0|1|1|0|0|1|1|0|0|NA|NA|NA|NA|NA|0|0|0|0|NA|0
"060590996052"|0|1|0|0|0|0|0|1|1|1|1|0|0|0|1|1104|6144|NA|NA|NA|202|89|284|28357498|99850.3450704225|0
"060590997031"|0|1|0|0|0|0|0|1|1|0|0|1|1|0|0|NA|NA|NA|NA|NA|0|0|0|0|NA|0
"060590997032"|0|1|0|0|0|0|0|1|1|0|0|1|1|0|0|NA|NA|NA|NA|NA|0|0|0|0|NA|0
"060590997033"|0|1|0|0|0|0|0|1|1|0|0|1|1|0|0|NA|NA|NA|NA|NA|0|0|0|0|NA|0
"060590998021"|0|1|0|0|0|0|0|1|1|0|0|1|1|0|0|NA|NA|NA|NA|NA|0|0|0|0|NA|0
"060591100011"|0|0|0|0|0|0|0|1|0|0|0|0|0|0|0|NA|NA|NA|NA|NA|0|0|0|0|NA|0
"060591100012"|0|1|0|0|0|0|0|1|1|0|0|1|1|0|0|NA|NA|NA|NA|NA|0|0|0|0|NA|0
"060591100051"|0|1|0|0|0|0|0|1|1|0|0|1|1|0|0|NA|NA|NA|NA|NA|0|0|0|0|NA|0
"060591100153"|0|0|0|0|0|0|0|1|0|0|0|0|0|0|0|NA|NA|NA|NA|NA|0|0|0|0|NA|0
"060591101063"|0|2|2|0|0|0|0|2|2|2|0|0|0|2|0|23400|23400|15120|15120|NA|245|4|66|4518336|139989.169230769|0
"060591101101"|0|1|0|0|0|0|0|1|1|1|1|0|0|0|1|1104|6120|NA|NA|NA|217|77|450|50415780|112035.066666667|0
"060591101131"|0|2|2|0|0|0|0|2|2|2|0|0|0|2|0|23400|23400|15120|15120|NA|245|4|66|4518336|139989.169230769|0
"060599800001"|0|1|1|0|0|0|0|1|1|1|0|0|0|1|0|33100|33100|10890|10890|NA|103|44|98|9210524|93984.9387755102|0
"060610207141"|0|1|0|0|0|0|0|1|1|0|0|1|1|0|0|NA|NA|NA|NA|NA|0|0|0|0|NA|0
"060610208051"|0|1|0|0|0|0|0|1|1|0|0|1|1|0|0|NA|NA|NA|NA|NA|0|0|0|0|NA|0
"060610211092"|0|1|0|0|0|0|0|1|1|1|1|0|0|0|1|1104|6168|NA|NA|7400|291|151|506|35125562|69418.1067193676|0
"060610213093"|0|1|1|0|0|0|0|1|1|1|0|0|0|1|0|28300|28300|10667|10667|10650|116|35|74|5114322|69112.4594594595|0
"060610213094"|0|1|1|0|0|0|0|1|1|1|0|0|0|1|0|28300|28300|10667|10667|10650|116|35|74|5114322|69112.4594594595|0
"060630001006"|0|1|0|0|0|0|0|1|1|1|0|0|0|1|0|NA|6360|NA|NA|9265|80|14|50|4217020|84340.4|0
"060650303002"|0|1|0|0|0|0|0|1|1|1|1|0|0|0|1|1380|7710|NA|NA|NA|253|138|454|45697388|100655.039647577|0
"060650303003"|0|1|0|0|0|0|0|1|1|1|1|0|0|0|1|1380|7710|NA|NA|NA|253|138|454|45697388|100655.039647577|0
"060650304005"|0|1|0|0|0|0|0|1|1|1|1|0|1|0|0|NA|NA|NA|NA|NA|18|7|4|206044|51511|0
"060650305012"|0|1|0|0|0|0|0|1|1|0|0|1|1|0|0|NA|NA|NA|NA|NA|0|0|0|0|NA|0
"060650305022"|0|1|0|0|0|0|0|1|1|0|0|1|1|0|0|NA|NA|NA|NA|NA|0|0|0|0|NA|0
"060650312005"|0|1|0|0|0|0|0|1|1|0|0|1|1|0|0|NA|NA|NA|NA|NA|0|0|0|0|NA|0
"060650315012"|0|1|1|0|0|0|0|1|1|1|0|0|0|1|0|29562|29562|11430|11430|8210|537|212|606|52363110|86407.7722772277|0
"060650402011"|0|1|0|0|0|0|0|1|1|0|0|1|1|0|0|NA|NA|NA|NA|NA|0|0|0|0|NA|0
"060650408161"|0|1|1|0|0|0|0|1|1|1|0|0|0|1|0|30600|30600|12888|12888|8100|231|128|226|15613154|69084.7522123894|0
"060650409011"|0|1|1|0|0|0|0|1|1|1|0|0|0|1|0|30600|30600|12888|12888|8100|231|128|226|15613154|69084.7522123894|0
"060650409012"|0|1|0|0|0|0|0|1|1|0|0|1|1|0|0|NA|NA|NA|NA|NA|0|0|0|0|NA|0
"060650409022"|0|1|1|0|0|0|0|1|1|1|0|0|0|1|0|30600|30600|12888|12888|8100|231|128|226|15613154|69084.7522123894|0
"060650409023"|0|1|1|0|0|0|0|1|1|1|0|0|0|1|0|30600|30600|12888|12888|8100|231|128|226|15613154|69084.7522123894|0
"060650414061"|0|1|0|0|0|0|0|1|1|0|0|1|1|0|0|NA|NA|NA|NA|NA|0|0|0|0|NA|0
"060650419092"|0|1|0|0|0|0|0|1|1|0|0|1|1|0|0|NA|NA|NA|NA|NA|0|0|0|0|NA|0
"060650419101"|0|1|0|0|0|0|0|1|1|0|0|0|1|0|0|NA|NA|NA|NA|NA|0|0|0|0|NA|0
"060650422062"|0|1|1|0|0|0|0|1|1|1|0|0|0|0|1|11220|37902|11220|26322|14607|2941|742|1720|196958374|114510.68255814|0
"060650422092"|0|2|0|0|0|0|0|2|2|1|1|1|2|0|0|NA|NA|NA|NA|NA|11|1|8|399360|NA|0
"060650422121"|0|1|0|0|0|0|0|1|1|1|1|0|1|0|0|11706|11706|NA|NA|NA|0|0|0|0|NA|0
"060650422172"|0|1|0|0|0|0|0|1|1|0|0|1|1|0|0|NA|NA|NA|NA|NA|0|0|0|0|NA|0
"060650432161"|0|1|0|0|0|0|0|1|1|0|0|1|1|0|0|NA|NA|NA|NA|NA|0|0|0|0|NA|0
"060650432472"|0|1|1|0|0|0|0|1|1|0|0|0|0|0|0|NA|NA|NA|NA|NA|0|0|0|0|NA|0
"060650435092"|0|1|0|0|0|0|0|1|1|1|1|0|0|0|1|1380|8250|NA|NA|NA|354|121|366|33774926|92281.218579235|0
"060650438072"|0|1|0|0|0|0|0|1|1|0|0|1|1|0|0|NA|NA|NA|NA|NA|0|0|0|0|NA|0
"060650438181"|0|1|0|0|0|0|0|1|1|0|0|1|1|0|0|NA|NA|NA|NA|NA|0|0|0|0|NA|0
"060650447011"|0|1|0|0|0|0|0|1|1|1|1|0|1|0|0|NA|NA|NA|NA|NA|21|8|10|423394|42339.4|0
"060650447021"|0|1|0|0|0|0|0|1|1|0|0|1|1|0|0|NA|NA|NA|NA|NA|0|0|0|0|NA|0
"060650449221"|0|1|0|0|0|0|0|1|1|0|0|1|1|0|0|NA|NA|NA|NA|NA|0|0|0|0|NA|0
"060650451181"|0|1|0|0|0|0|0|1|1|1|1|0|0|0|1|1289|6888|NA|NA|NA|229|114|270|25424458|94164.6592592593|0
"060650451241"|0|1|0|0|0|0|0|1|1|0|0|1|1|0|0|NA|NA|NA|NA|NA|0|0|0|0|NA|0
"060650452153"|0|2|0|0|0|0|0|2|2|0|0|2|2|0|0|NA|NA|NA|NA|NA|0|0|0|0|NA|0
"060650465001"|0|1|1|0|0|0|0|1|1|1|0|0|0|0|1|11220|37902|11220|26322|14607|2941|742|1720|196958374|114510.68255814|0
"060650465004"|0|1|1|0|0|0|0|1|1|1|0|0|0|0|1|11220|37902|11220|26322|14607|2941|742|1720|196958374|114510.68255814|0
"060650466011"|0|1|0|0|0|0|0|1|1|1|1|0|0|1|0|1380|7710|NA|NA|NA|107|55|156|15248996|97749.9743589744|0
"060650469001"|0|1|0|0|0|0|0|1|1|1|1|0|0|1|0|1380|7380|NA|NA|NA|57|15|58|4660298|80349.9655172414|0
"060650490002"|0|1|0|0|0|0|0|1|1|1|1|0|0|1|0|1380|7710|NA|NA|NA|102|54|174|17240430|99082.9310344828|0
"060650490003"|0|1|0|0|0|0|0|1|1|1|1|0|0|1|0|1380|7710|NA|NA|NA|102|54|174|17240430|99082.9310344828|0
"060650496003"|0|1|0|0|0|0|0|1|1|1|1|0|1|0|0|14000|14000|NA|NA|NA|6|1|16|1050000|65625|0
"060650509001"|0|1|0|0|0|0|0|1|1|1|0|0|1|0|0|16117|16117|NA|NA|NA|63|8|18|563436|31302|0
"060659404001"|0|1|0|0|0|0|0|1|1|0|0|1|1|0|0|NA|NA|NA|NA|NA|0|0|0|0|NA|0
"060659405001"|0|1|0|0|0|0|0|1|1|0|0|1|1|0|0|NA|NA|NA|NA|NA|0|0|0|0|NA|0
"060659411002"|0|1|0|0|0|0|0|1|1|1|1|0|1|0|0|13029|13029|NA|NA|NA|40|7|36|1474004|40944.5555555556|0
"060670001001"|0|2|0|0|0|0|0|2|2|1|1|0|1|0|0|NA|NA|NA|NA|NA|294|66|50|2359000|NA|0
"060670001003"|0|2|0|0|0|0|0|2|2|1|1|0|1|0|0|NA|NA|NA|NA|NA|294|66|50|2359000|NA|0
"060670015005"|0|0|1|0|0|0|0|1|1|1|0|0|0|0|0|NA|NA|NA|NA|NA|0|0|0|0|NA|0
"060670024003"|0|1|0|0|0|0|0|1|1|1|1|0|0|0|1|NA|6600|NA|NA|NA|259|122|656|55133526|84045.0091463415|0
"060670046014"|0|1|0|0|0|0|0|1|1|0|0|1|1|0|0|NA|NA|NA|NA|NA|0|0|0|0|NA|0
"060670046015"|0|1|0|0|0|0|0|1|1|0|0|1|1|0|0|NA|NA|NA|NA|NA|0|0|0|0|NA|0
"060670049041"|0|1|0|0|0|0|0|1|1|0|0|1|1|0|0|NA|NA|NA|NA|NA|0|0|0|0|NA|0
"060670052011"|0|1|1|0|0|0|0|1|1|1|0|0|0|0|1|5472|16632|6738|15666|13916|1334|550|1450|122296368|84342.3227586207|0
"060670052012"|0|1|1|0|0|0|0|1|1|1|0|0|0|0|1|5472|16632|6738|15666|13916|1334|550|1450|122296368|84342.3227586207|0
"060670052051"|0|1|0|0|0|0|0|1|1|0|0|0|0|0|0|NA|NA|NA|NA|NA|120|43|0|0|NA|0
"060670054021"|0|3|0|0|0|0|0|3|3|1|1|1|2|0|0|NA|NA|NA|NA|NA|294|66|50|2359000|NA|0
"060670055061"|0|3|0|0|0|0|0|3|3|1|1|1|2|0|0|NA|NA|NA|NA|NA|294|66|50|2359000|NA|0
"060670059012"|0|2|1|0|0|0|0|2|2|2|1|0|1|0|1|NA|15564|NA|NA|NA|319|147|810|68352252|110605.395549174|0
"060670061011"|0|1|0|0|0|0|0|1|1|0|0|1|1|0|0|NA|NA|NA|NA|NA|0|0|0|0|NA|0
"060670062022"|0|1|0|0|0|0|0|1|1|1|1|0|1|0|0|NA|NA|NA|NA|NA|28|14|12|693618|57801.5|0
"060670070101"|0|1|0|0|0|0|0|1|1|1|0|0|1|0|0|18648|18648|NA|NA|NA|32|5|28|1789724|63918.7142857143|0
"060670070152"|0|1|0|0|0|0|0|1|1|0|0|1|0|1|0|NA|NA|NA|NA|NA|0|0|0|0|NA|0
"060670070172"|0|1|0|0|0|0|0|1|1|1|0|0|1|0|0|18648|18648|NA|NA|NA|32|5|28|1789724|63918.7142857143|0
"060670070181"|0|1|0|0|0|0|0|1|1|1|1|0|1|0|0|12468|12468|NA|NA|NA|5|1|10|534294|53429.4|0
"060670070191"|0|2|0|0|0|0|0|2|2|1|1|1|2|0|0|NA|NA|NA|NA|NA|5|1|10|534294|NA|0
"060670074133"|0|1|0|0|0|0|0|1|1|1|1|0|1|0|0|NA|NA|NA|NA|NA|28|14|12|693618|57801.5|0
"060670075012"|0|1|0|0|0|0|0|1|1|1|1|0|1|0|0|NA|NA|NA|NA|NA|37|2|40|1720624|43015.6|0
"060670075014"|0|1|0|0|0|0|0|1|1|1|1|0|1|0|0|NA|NA|NA|NA|NA|37|2|40|1720624|43015.6|0
"060670075042"|0|2|1|0|0|0|0|2|2|2|1|0|1|0|1|NA|15564|NA|NA|NA|319|147|810|68352252|110605.395549174|0
"060670080104"|0|1|1|0|0|0|0|1|1|1|0|0|1|0|0|NA|NA|7475|7475|NA|0|0|0|0|NA|0
"060670081203"|0|1|0|0|0|0|0|1|1|1|1|0|1|0|0|NA|NA|NA|NA|NA|14|0|12|648000|54000|0
"060670081362"|0|1|0|0|0|0|0|1|1|1|1|0|1|0|0|NA|NA|NA|NA|NA|25|1|26|1392578|53560.6923076923|0
"060670081432"|0|1|0|0|0|0|0|1|1|0|0|1|1|0|0|NA|NA|NA|NA|NA|0|0|0|0|NA|0
"060670085101"|0|1|0|0|0|0|0|1|1|1|1|0|0|1|0|NA|6600|NA|NA|NA|125|56|240|20104294|83767.8916666667|0
"060670087031"|0|1|0|0|0|0|0|1|1|1|1|0|1|0|0|NA|NA|NA|NA|NA|0|0|0|0|NA|0
"060670090051"|0|1|0|0|0|0|0|1|1|1|1|0|1|0|0|NA|NA|NA|NA|NA|8|1|10|434820|43482|0
"060670090082"|0|2|0|0|0|0|0|2|2|1|0|0|2|0|0|NA|NA|NA|NA|NA|13|2|4|401900|NA|0
"060670090101"|0|2|0|0|0|0|0|2|2|1|0|0|2|0|0|NA|NA|NA|NA|NA|13|2|4|401900|NA|0
"060670091102"|0|1|0|0|0|0|0|1|1|1|1|0|0|1|0|NA|NA|NA|NA|NA|48|6|62|4498082|72549.7096774193|0
"060670092011"|0|1|0|0|0|0|0|1|1|0|0|1|1|0|0|NA|NA|NA|NA|NA|0|0|0|0|NA|0
"060670096081"|0|1|0|0|0|0|0|1|1|1|1|0|0|0|1|NA|6600|NA|NA|NA|181|75|390|32945990|84476.8974358974|0
"060710008084"|0|1|0|0|0|0|0|1|1|0|0|1|1|0|0|NA|NA|NA|NA|NA|0|0|0|0|NA|0
"060710008211"|0|3|1|0|0|0|0|3|3|3|0|0|0|3|0|149865|149865|NA|NA|47107|965|282|966|109995156|332081.992825622|0
"060710020191"|0|1|0|0|0|0|0|1|1|1|1|0|0|0|1|1104|6456|NA|NA|NA|302|160|502|44316802|88280.4820717132|0
"060710020192"|0|1|0|0|0|0|0|1|1|1|1|0|0|0|1|1104|6456|NA|NA|NA|302|160|502|44316802|88280.4820717132|0
"060710021091"|0|3|0|0|0|0|0|3|3|2|1|1|2|1|0|NA|NA|NA|NA|NA|124|26|100|5267020|NA|0
"060710021101"|0|2|0|0|0|0|0|2|2|0|0|2|1|1|0|NA|NA|NA|NA|NA|0|0|0|0|NA|0
"060710030002"|0|1|0|0|0|0|0|1|1|0|0|1|1|0|0|NA|NA|NA|NA|NA|0|0|0|0|NA|0
"060710031021"|0|1|0|0|0|0|0|1|1|0|0|1|1|0|0|NA|NA|NA|NA|NA|0|0|0|0|NA|0
"060710036121"|0|1|0|0|0|0|0|1|1|0|0|1|1|0|0|NA|NA|NA|NA|NA|0|0|0|0|NA|0
"060710045101"|0|1|1|0|0|0|0|1|1|1|0|0|0|0|1|5472|16632|6738|15666|12966|1006|435|950|81777392|86081.4652631579|0
"060710070002"|0|1|0|0|0|0|0|1|1|1|1|0|1|0|0|NA|NA|NA|NA|NA|37|13|42|2864826|68210.1428571429|0
"060710071071"|0|2|0|0|0|0|0|2|1|0|0|1|2|0|0|NA|NA|NA|NA|NA|0|0|0|0|NA|0
"060710071081"|0|2|0|0|0|0|0|2|1|0|0|1|2|0|0|NA|NA|NA|NA|NA|0|0|0|0|NA|0
"060710072002"|0|2|0|0|0|0|0|2|2|1|0|0|1|1|0|NA|NA|NA|NA|NA|55|3|44|2882232|NA|0
"060710073033"|0|1|1|0|0|1|0|1|1|1|0|0|0|1|0|30240|30240|24960|24960|NA|863|265|754|71048228|94228.4190981432|0
"060710078001"|0|3|0|0|0|0|0|3|3|0|0|2|2|0|0|NA|NA|NA|NA|NA|117|25|0|0|NA|0
"060710080026"|0|2|0|0|0|0|0|2|2|0|0|2|2|0|0|NA|NA|NA|NA|NA|0|0|0|0|NA|0
"060710084011"|0|1|0|0|0|0|0|1|1|1|1|0|1|0|0|5400|5400|NA|NA|NA|2|0|0|0|NA|0
"060710084015"|0|1|1|0|0|0|0|1|1|1|0|0|0|1|0|46220|46220|20100|20100|13480|471|178|436|40647832|93228.9724770642|0
"060710086022"|0|1|0|0|0|0|0|1|1|1|1|0|0|1|0|1104|6936|NA|NA|NA|113|29|146|13436218|92028.8904109589|0
"060710087051"|0|1|0|0|0|0|0|1|1|1|1|0|0|1|0|1104|6936|NA|NA|NA|113|29|146|13436218|92028.8904109589|0
"060710087064"|0|1|0|0|0|0|0|1|1|1|1|0|0|1|0|1104|6936|NA|NA|NA|113|29|146|13436218|92028.8904109589|0
"060710089012"|0|1|0|0|0|0|0|1|1|1|1|0|0|1|0|1288|7196|NA|NA|NA|90|56|118|11050124|93645.1186440678|0
"060710097111"|0|1|0|0|0|0|0|1|1|1|1|0|0|0|1|1104|7320|NA|NA|NA|174|49|290|21775150|75086.724137931|0
"060710099131"|0|1|0|0|0|0|0|1|1|0|0|1|1|0|0|NA|NA|NA|NA|NA|0|0|0|0|NA|0
"060710100044"|0|1|0|0|0|0|0|1|1|1|1|0|0|0|1|1104|7320|NA|NA|NA|174|49|290|21775150|75086.724137931|0
"060710104113"|0|1|0|0|0|0|0|1|1|0|0|1|1|0|0|NA|NA|NA|NA|NA|0|0|0|0|NA|0
"060710104163"|0|1|0|0|0|0|0|1|1|1|1|0|0|1|0|1104|7776|NA|NA|NA|66|27|66|6777188|102684.666666667|0
"060710108021"|0|1|1|0|0|0|0|1|1|1|0|0|0|0|1|5472|16632|6738|15666|12966|1006|435|950|81777392|86081.4652631579|0
"060710120011"|0|1|0|0|0|0|0|1|1|1|1|0|0|1|0|1104|6168|NA|NA|NA|81|25|80|6895718|86196.475|0
"060710124001"|0|1|0|0|0|0|0|1|1|1|1|0|1|0|0|NA|NA|NA|NA|NA|37|13|42|2864826|68210.1428571429|0
"060710124002"|0|1|0|0|0|0|0|1|1|1|1|0|0|0|1|NA|NA|NA|NA|NA|219|56|346|27812574|80383.161849711|0
"060710127001"|0|2|1|0|0|0|0|2|2|2|0|0|1|1|0|46564|46564|NA|NA|NA|70|23|58|5369432|NA|0
"060719801001"|0|3|0|0|0|0|0|3|3|0|0|2|2|0|0|NA|NA|NA|NA|NA|117|25|0|0|NA|0
"060730019002"|0|2|1|0|0|0|0|2|2|1|0|0|1|0|0|NA|NA|NA|NA|NA|619|269|0|0|NA|0
"060730027031"|0|1|0|0|0|0|0|1|0|0|0|0|1|0|0|NA|NA|NA|NA|NA|0|0|0|0|NA|0
"060730027081"|0|1|0|0|0|0|0|1|1|0|0|1|1|0|0|NA|NA|NA|NA|NA|0|0|0|0|NA|0
"060730028012"|0|1|1|0|0|0|0|1|1|1|0|0|0|0|1|5472|16632|6738|15666|14812|1579|622|1752|166585032|95082.7808219178|0
"060730029044"|0|1|1|0|0|0|0|2|2|2|0|0|2|0|0|NA|NA|NA|NA|NA|28|14|30|1705310|126728.9|0
"060730033012"|0|1|0|0|0|0|0|1|1|1|1|0|1|0|0|NA|NA|NA|NA|NA|39|12|46|3191116|69372.0869565217|0
"060730034033"|0|1|0|0|0|0|0|1|1|0|0|1|1|0|0|NA|NA|NA|NA|NA|0|0|0|0|NA|0
"060730046002"|0|2|1|0|0|0|0|2|2|2|1|0|1|0|1|27042|31794|NA|NA|NA|193|131|392|32936220|164712.079690752|0
"060730051002"|0|1|1|0|0|0|0|2|2|2|1|0|2|0|0|NA|NA|NA|NA|NA|77|21|62|7456168|181583.133333333|0
"060730052001"|0|2|1|0|0|0|0|2|2|2|1|0|1|0|1|27042|31794|NA|NA|NA|193|131|392|32936220|164712.079690752|0
"060730052002"|0|2|1|0|0|0|0|2|2|2|1|0|1|0|1|27042|31794|NA|NA|NA|193|131|392|32936220|164712.079690752|0
"060730053001"|0|2|0|0|0|0|0|2|2|0|0|2|2|0|0|NA|NA|NA|NA|NA|0|0|0|0|NA|0
"060730053002"|0|1|0|0|0|0|0|1|1|0|0|1|1|0|0|NA|NA|NA|NA|NA|0|0|0|0|NA|0
"060730054002"|0|1|1|0|0|0|0|1|1|1|0|0|0|0|0|13000|13000|13000|13000|NA|0|0|0|0|NA|0
"060730056001"|0|0|1|0|0|0|0|1|1|1|0|0|1|0|0|NA|NA|28800|28800|NA|106|53|64|8690922|135795.65625|0
"060730062001"|0|0|0|0|0|0|0|1|0|0|0|0|0|0|0|NA|NA|NA|NA|NA|0|0|0|0|NA|0
"060730063001"|0|1|2|0|0|0|0|3|2|2|0|0|1|0|1|NA|NA|NA|NA|NA|465|52|148|11146736|NA|0
"060730065002"|0|1|0|0|0|0|0|1|0|0|0|0|1|0|0|NA|NA|NA|NA|NA|0|0|0|0|NA|0
"060730065003"|0|0|0|0|0|0|0|1|0|0|0|0|0|0|0|NA|NA|NA|NA|NA|0|0|0|0|NA|0
"060730071002"|0|1|1|0|0|0|0|1|1|1|0|0|0|1|0|32900|32900|10980|10980|9950|432|154|268|24091512|89893.7014925373|0
"060730072001"|0|1|1|0|0|0|0|1|1|1|0|0|0|1|0|32900|32900|10980|10980|9950|432|154|268|24091512|89893.7014925373|0
"060730083051"|0|1|1|0|1|1|0|1|1|1|0|0|0|0|1|11220|37902|11220|26322|12545|6982|1247|2506|331050044|132102.97047087|0
"060730083052"|0|1|1|0|1|1|0|1|1|1|0|0|0|0|1|11220|37902|11220|26322|12545|6982|1247|2506|331050044|132102.97047087|0
"060730083331"|0|1|2|0|0|0|0|2|2|2|0|0|1|0|1|NA|NA|NA|NA|NA|860|274|608|62219670|NA|0
"060730083391"|0|1|2|0|0|0|0|2|2|2|0|0|1|0|1|NA|NA|NA|NA|NA|860|274|608|62219670|NA|0
"060730083501"|0|1|0|0|0|0|0|1|1|1|0|0|1|0|0|20776|20776|NA|NA|NA|8|2|10|668686|66868.6|0
"060730083591"|0|1|0|0|0|0|0|1|1|1|1|0|0|0|1|1104|5856|NA|NA|NA|106|91|250|20654248|82616.992|0
"060730085103"|0|1|0|0|0|0|0|1|1|1|0|0|1|0|0|18021|18021|NA|NA|NA|41|3|26|1407744|54144|0
"060730085104"|0|1|0|0|0|0|0|1|1|1|0|0|0|0|1|1104|5856|NA|NA|NA|189|156|518|44388840|85692.7413127413|0
"060730085111"|0|5|2|0|0|0|0|5|5|5|2|0|4|0|1|NA|NA|NA|NA|NA|418|31|552|39488362|NA|0
"060730085131"|0|1|0|0|0|0|0|1|1|1|0|0|1|0|0|9000|9000|NA|NA|NA|1|0|0|0|NA|0
"060730087012"|0|1|0|0|0|0|0|1|1|1|0|0|1|0|0|18021|18021|NA|NA|NA|41|3|26|1407744|54144|0
"060730087022"|0|4|3|0|0|0|0|4|4|4|0|0|3|1|0|52539|52539|NA|NA|NA|144|31|86|5726820|NA|0
"060730089021"|0|1|0|0|0|0|0|1|0|0|0|0|1|0|0|NA|NA|NA|NA|NA|0|0|0|0|NA|0
"060730091042"|0|1|1|0|0|0|0|1|1|1|0|0|0|1|0|45540|45540|25470|25470|12302|1261|430|880|96984378|110209.520454545|0
"060730091062"|0|1|1|0|0|0|0|1|1|1|0|0|0|1|0|45540|45540|25470|25470|12302|1261|430|880|96984378|110209.520454545|0
"060730092011"|0|1|0|0|0|0|0|1|1|1|0|0|1|0|0|18021|18021|NA|NA|NA|41|3|26|1407744|54144|0
"060730093041"|0|2|1|0|0|0|0|2|2|1|0|0|1|0|0|NA|NA|NA|NA|NA|619|269|0|0|NA|0
"060730095041"|0|1|1|0|0|0|0|1|1|1|0|0|0|1|0|18703|18703|23645|23645|NA|270|82|246|19525382|79371.4715447154|0
"060730099021"|0|1|0|0|0|0|0|1|1|0|0|0|1|0|0|NA|NA|NA|NA|NA|0|0|0|0|NA|0
"060730100102"|0|1|0|0|0|0|0|1|1|0|0|1|1|0|0|NA|NA|NA|NA|NA|0|0|0|0|NA|0
"060730117001"|0|1|0|0|0|0|0|1|1|0|0|1|1|0|0|NA|NA|NA|NA|NA|0|0|0|0|NA|0
"060730123021"|0|1|0|0|0|0|0|1|1|0|0|1|1|0|0|NA|NA|NA|NA|NA|0|0|0|0|NA|0
"060730125021"|0|1|0|0|0|0|0|1|1|0|0|0|1|0|0|NA|NA|NA|NA|NA|0|0|0|0|NA|0
"060730126004"|0|1|0|0|0|0|0|1|1|1|1|0|1|0|0|NA|NA|NA|NA|NA|25|14|48|2791638|58159.125|0
"060730127002"|0|2|0|0|0|0|0|2|2|1|1|1|2|0|0|NA|NA|NA|NA|NA|18|7|4|166400|NA|0
"060730134151"|0|1|0|0|0|0|0|1|1|1|1|0|0|0|1|1288|5908|NA|NA|NA|437|195|408|36642122|89809.1225490196|0
"060730136062"|0|1|0|0|0|0|0|1|1|1|1|0|0|1|0|1334|6844|NA|NA|NA|126|49|178|15151990|85123.5393258427|0
"060730146011"|0|2|0|0|0|0|0|2|2|0|0|2|2|0|0|NA|NA|NA|NA|NA|0|0|0|0|NA|0
"060730156022"|0|1|1|0|0|0|0|1|1|1|0|0|1|0|0|13860|13860|10395|10395|11774|13|7|10|454268|45426.8|0
"060730157032"|0|1|0|0|0|0|0|1|1|0|0|1|1|0|0|NA|NA|NA|NA|NA|0|0|0|0|NA|0
"060730162012"|0|1|0|0|0|0|0|1|1|1|1|0|1|0|0|NA|NA|NA|NA|NA|6|0|6|582000|97000|0
"060730166052"|0|2|0|0|0|0|0|2|2|1|1|0|0|0|1|NA|NA|NA|NA|NA|305|122|464|35786502|NA|0
"060730166151"|0|1|1|0|0|0|0|1|1|1|0|0|1|0|0|20635|20635|10450|10450|10974|55|13|38|2191242|57664.2631578947|0
"060730170412"|0|1|0|0|0|0|0|1|1|0|0|1|1|0|0|NA|NA|NA|NA|NA|0|0|0|0|NA|0
"060730171061"|0|0|0|0|0|0|0|1|0|0|0|0|0|0|0|NA|NA|NA|NA|NA|0|0|0|0|NA|0
"060730174043"|0|0|0|0|0|0|0|1|0|0|0|0|0|0|0|NA|NA|NA|NA|NA|0|0|0|0|NA|0
"060730181005"|0|1|0|0|0|0|0|1|1|0|0|1|1|0|0|NA|NA|NA|NA|NA|0|0|0|0|NA|0
"060730182001"|0|1|0|0|0|0|0|1|1|0|0|1|1|0|0|NA|NA|NA|NA|NA|0|0|0|0|NA|0
"060730185073"|0|0|1|0|0|0|0|1|1|1|0|0|1|0|0|NA|NA|13500|13500|NA|9|1|4|232720|58180|0
"060730185171"|0|1|0|0|0|0|0|1|1|1|1|0|0|0|1|1104|6168|NA|NA|NA|305|136|386|47121032|122075.212435233|0
"060730199021"|0|1|0|0|0|0|0|1|1|1|1|0|1|0|0|NA|NA|NA|NA|NA|40|17|24|1440108|60004.5|0
"060730200201"|0|0|1|0|0|0|0|1|1|1|0|0|0|1|0|NA|NA|39639|39639|NA|143|72|160|14760836|92255.225|0
"060730200211"|0|1|0|0|0|0|0|1|1|1|1|0|0|0|1|1288|7028|NA|NA|NA|412|173|574|54558384|95049.4494773519|0
"060730200231"|0|1|0|0|0|0|0|1|1|1|0|0|1|0|0|18021|18021|NA|NA|NA|16|1|16|1019520|63720|0
"060730200291"|0|1|0|0|0|0|0|1|1|0|0|1|1|0|0|NA|NA|NA|NA|NA|0|0|0|0|NA|0
"060730202141"|0|1|0|0|0|0|0|1|1|0|0|1|1|0|0|NA|NA|NA|NA|NA|0|0|0|0|NA|0
"060730202142"|0|1|1|0|0|0|0|1|1|1|0|0|1|0|0|24000|24000|17513|17513|11115|26|7|16|1385830|86614.375|0
"060730203061"|0|1|1|0|0|0|0|1|1|1|0|0|0|0|1|5472|16632|6738|15666|13240|759|301|718|60048312|83632.7465181059|0
"060730203062"|0|2|1|0|0|0|0|2|2|2|0|0|1|0|1|23493|34653|NA|NA|NA|775|302|734|61067832|147352.746518106|0
"060730203091"|0|1|0|0|0|0|0|1|1|0|0|1|1|0|0|NA|NA|NA|NA|NA|0|0|0|0|NA|0
"060730207061"|0|0|1|0|0|0|0|1|1|1|0|0|1|0|0|NA|NA|14875|14875|NA|12|4|26|2557216|98354.4615384615|0
"060730214001"|0|1|2|0|0|0|0|2|2|2|0|0|1|0|1|NA|NA|41821|41821|NA|465|52|148|11146736|NA|0
"060730219001"|0|1|0|0|0|0|0|1|1|0|0|0|1|0|0|NA|NA|NA|NA|NA|0|0|0|0|NA|0
"060730221001"|0|2|0|0|0|0|0|2|2|1|1|1|2|0|0|NA|NA|NA|NA|NA|11|6|4|237270|NA|0
"060750103001"|0|1|1|0|0|0|0|1|1|1|0|0|1|0|0|42220|42220|44240|44240|15415|88|28|54|3598144|66632.2962962963|0
"060750111003"|0|1|0|0|0|0|0|1|1|0|0|1|1|0|0|19400|19400|NA|NA|NA|0|0|0|0|NA|0
"060750117001"|0|3|0|0|0|0|0|3|3|0|0|3|3|0|0|NA|NA|NA|NA|NA|0|0|0|0|NA|0
"060750117002"|0|2|1|0|0|0|0|2|2|2|0|0|2|0|0|58175|58175|NA|NA|NA|144|59|26|1654282|127891.214285714|0
"060750124021"|0|0|1|0|0|0|0|1|1|1|0|0|0|1|0|NA|NA|44350|44350|NA|148|61|124|19813160|159783.548387097|0
"060750125011"|0|1|1|0|0|0|0|1|1|1|0|0|1|0|0|18648|18648|21996|21996|NA|36|4|22|1607926|73087.5454545455|0
"060750157004"|0|1|1|0|0|0|0|1|1|1|0|0|0|0|1|44040|44040|23310|23310|13990|975|350|1010|118178498|117008.413861386|0
"060750168021"|0|1|1|0|0|0|0|1|1|1|0|0|1|0|0|42400|42400|42400|42400|15700|52|10|54|5793782|107292.259259259|0
"060750176013"|0|1|1|0|0|0|0|1|1|1|0|0|1|0|0|10000|10000|29000|29000|16000|10|0|48|4880000|101666.666666667|0
"060750176014"|0|1|1|0|0|0|0|1|1|1|0|0|0|1|0|27987|27987|19764|19764|NA|118|19|136|9749224|71685.4705882353|0
"060750178021"|0|1|0|0|0|0|0|1|1|0|0|1|1|0|0|NA|NA|NA|NA|NA|0|0|0|0|NA|0
"060750201004"|0|1|0|0|0|0|0|1|1|0|0|1|1|0|0|NA|NA|NA|NA|NA|0|0|0|0|NA|0
"060750226001"|0|2|2|0|0|0|0|3|2|2|1|0|2|1|0|NA|NA|NA|NA|NA|278|52|210|17711594|NA|0
"060750227022"|0|0|1|0|0|0|0|1|0|0|0|0|1|0|0|NA|NA|NA|NA|NA|0|0|0|0|NA|0
"060750301021"|0|0|1|0|1|1|0|1|1|1|0|0|0|1|0|NA|NA|11220|26322|NA|3244|342|542|75380750|139078.874538745|0
"060750311003"|0|1|0|0|0|0|0|1|1|1|1|0|0|0|1|NA|7412|NA|NA|NA|695|344|1212|98881860|81585.6930693069|0
"060750332011"|0|1|1|0|0|0|0|1|1|1|0|0|0|0|1|5472|16632|6738|15666|13882|1426|294|1712|158381784|92512.7242990654|0
"060750428002"|0|0|1|0|0|0|0|1|1|1|0|0|1|0|0|NA|NA|32760|32760|NA|4|2|0|0|NA|0
"060750601001"|0|0|1|0|0|0|0|1|1|1|0|0|1|0|0|NA|NA|32760|32760|NA|4|2|0|0|NA|0
"060750604001"|0|1|1|0|0|0|0|1|1|1|0|0|0|0|1|5472|16632|6738|15666|13882|1426|294|1712|158381784|92512.7242990654|0
"060750607001"|0|2|1|0|0|0|0|2|2|2|1|0|1|1|0|58230|58230|NA|NA|NA|278|52|210|17711594|156158.806122449|0
"060750607002"|0|2|1|0|0|0|0|2|2|2|1|0|1|1|0|58230|58230|NA|NA|NA|278|52|210|17711594|156158.806122449|0
"060750615001"|0|2|2|0|0|0|0|2|2|2|0|0|0|1|1|36072|36072|41118|41118|NA|944|296|666|60742846|192358.620634921|0
"060770004021"|0|1|0|0|0|0|0|1|1|0|0|1|1|0|0|NA|NA|NA|NA|NA|0|0|0|0|NA|0
"060770012001"|0|1|1|0|0|1|0|1|1|1|0|0|0|1|0|44068|44068|44068|44068|12858|1205|455|882|90173274|102237.272108844|0
"060770012002"|0|1|1|0|0|1|0|1|1|1|0|0|0|1|0|44068|44068|44068|44068|12858|1205|455|882|90173274|102237.272108844|0
"060770031102"|0|1|0|0|0|0|0|1|1|1|1|0|1|0|0|NA|NA|NA|NA|NA|22|1|16|798792|49924.5|0
"060770031111"|0|1|0|0|0|0|0|1|1|1|1|0|0|0|1|1104|6168|NA|NA|NA|382|202|460|44050598|95762.1695652174|0
"060770031112"|0|1|0|0|0|0|0|1|1|1|1|0|0|0|1|1104|6168|NA|NA|NA|382|202|460|44050598|95762.1695652174|0
"060770033053"|0|1|0|0|0|0|0|1|1|0|0|1|1|0|0|NA|NA|NA|NA|NA|0|0|0|0|NA|0
"060770033062"|0|1|0|0|0|0|0|1|1|0|0|1|1|0|0|NA|NA|NA|NA|NA|0|0|0|0|NA|0
"060770033073"|0|1|1|0|0|0|0|1|1|1|0|0|1|0|0|14004|14004|12672|12672|NA|44|16|40|2703532|67588.3|0
"060770038033"|0|0|1|0|0|0|0|1|1|1|0|0|0|0|0|NA|NA|3960|3960|NA|0|0|0|0|NA|0
"060770051192"|0|1|0|0|0|0|0|1|1|0|0|0|1|0|0|NA|NA|NA|NA|NA|0|0|0|0|NA|0
"060770051332"|0|1|0|0|0|0|0|1|1|0|0|1|1|0|0|NA|NA|NA|NA|NA|0|0|0|0|NA|0
"060770051351"|0|1|0|0|0|0|0|1|1|0|0|0|1|0|0|NA|NA|NA|NA|NA|0|0|0|0|NA|0
"060790102011"|0|1|0|0|0|0|0|1|1|0|0|1|1|0|0|NA|NA|NA|NA|NA|0|0|0|0|NA|0
"060790103001"|0|1|0|0|0|0|0|1|1|0|0|1|1|0|0|NA|NA|NA|NA|NA|0|0|0|0|NA|0
"060790109011"|0|1|1|0|0|0|0|1|1|1|0|0|0|0|1|5472|16632|6738|15666|12507|1398|450|1684|148635840|88263.5629453682|0
"060790110013"|0|1|0|0|0|0|0|1|1|0|0|1|1|0|0|9820|9820|NA|NA|NA|0|0|0|0|NA|0
"060790111031"|0|1|0|0|0|0|0|1|1|1|1|0|0|1|0|NA|NA|NA|NA|NA|49|5|66|3115040|47197.5757575758|0
"060790114001"|0|1|0|0|0|0|0|2|1|1|1|0|0|0|1|NA|NA|NA|NA|NA|266|141|322|26015458|NA|0
"060790115041"|0|1|0|0|0|0|0|2|1|1|1|0|0|0|1|NA|NA|NA|NA|NA|266|141|322|26015458|NA|0
"060790115042"|0|1|0|0|0|0|0|2|1|1|1|0|0|0|1|NA|NA|NA|NA|NA|266|141|322|26015458|NA|0
"060816007002"|0|1|0|0|0|0|0|1|1|0|0|1|1|0|0|NA|NA|NA|NA|NA|0|0|0|0|NA|0
"060816016033"|0|1|0|0|0|0|0|1|1|0|0|1|1|0|0|NA|NA|NA|NA|NA|0|0|0|0|NA|0
"060816016041"|0|1|0|0|0|0|0|1|1|0|0|1|1|0|0|NA|NA|NA|NA|NA|0|0|0|0|NA|0
"060816017003"|0|1|0|0|0|0|0|1|1|0|0|1|1|0|0|NA|NA|NA|NA|NA|0|0|0|0|NA|0
"060816031002"|0|1|0|0|0|0|0|1|1|1|0|0|0|1|0|1380|8070|NA|NA|NA|134|92|290|25492124|87903.875862069|0
"060816034001"|0|1|0|0|0|0|0|1|1|1|0|0|0|1|0|1380|8070|NA|NA|NA|134|92|290|25492124|87903.875862069|0
"060816057002"|0|2|0|0|0|0|0|2|2|1|1|0|0|1|0|NA|NA|NA|NA|NA|368|154|268|24986158|NA|0
"060816068002"|0|2|0|0|0|0|0|2|2|1|1|0|0|1|0|NA|NA|NA|NA|NA|368|154|268|24986158|NA|0
"060816087004"|0|1|1|0|0|0|0|1|1|1|0|0|0|1|0|33018|33018|15696|15696|13258|112|32|108|8535422|79031.6851851852|0
"060816097001"|0|1|0|0|0|0|0|1|1|1|1|0|0|1|0|1288|7588|NA|NA|NA|94|69|184|15928224|86566.4347826087|0
"060816097002"|0|1|0|0|0|0|0|1|1|1|1|0|0|1|0|1288|7588|NA|NA|NA|94|69|184|15928224|86566.4347826087|0
"060816111001"|0|1|0|0|0|0|0|1|1|1|1|0|0|1|0|1288|7588|NA|NA|NA|94|69|184|15928224|86566.4347826087|0
"060816111003"|0|1|0|0|0|0|0|1|1|1|1|0|0|1|0|1288|7588|NA|NA|NA|94|69|184|15928224|86566.4347826087|0
"060816114001"|0|1|0|0|0|0|0|1|1|1|0|0|1|0|0|39250|39250|NA|NA|13150|80|28|60|6969400|116156.666666667|0
"060816133001"|0|1|0|0|0|0|0|1|1|1|1|0|0|1|0|1288|7588|NA|NA|NA|94|69|184|15928224|86566.4347826087|0
"060816133002"|0|1|0|0|0|0|0|1|1|1|1|0|0|1|0|1288|7588|NA|NA|NA|94|69|184|15928224|86566.4347826087|0
"060816140002"|0|1|0|0|0|0|0|1|1|1|0|0|0|1|0|1380|8070|NA|NA|NA|134|92|290|25492124|87903.875862069|0
"060816140003"|0|1|0|0|0|0|0|1|1|1|0|0|0|1|0|1380|8070|NA|NA|NA|134|92|290|25492124|87903.875862069|0
"060830003022"|0|0|1|0|0|0|0|1|1|1|0|0|0|1|0|NA|NA|15936|15936|NA|75|20|108|7602544|70393.9259259259|0
"060830007002"|0|1|0|0|0|0|0|1|1|1|0|0|0|1|0|41850|41850|NA|NA|13510|201|54|190|16739048|88100.2526315789|0
"060830008041"|0|2|1|0|0|0|0|2|1|1|0|0|2|0|0|NA|NA|NA|NA|NA|18|10|26|1512392|NA|0
"060830008044"|0|2|1|0|0|0|0|2|1|1|0|0|2|0|0|NA|NA|NA|NA|NA|18|10|26|1512392|NA|0
"060830009001"|0|2|1|0|0|0|0|2|1|1|0|0|2|0|0|NA|NA|NA|NA|NA|18|10|26|1512392|NA|0
"060830009002"|0|3|2|0|0|0|0|4|3|3|1|0|3|0|1|NA|NA|NA|NA|NA|375|188|850|43431680|NA|0
"060830012061"|0|1|0|0|0|0|0|1|1|1|1|0|0|0|1|1380|8140|NA|NA|NA|355|178|822|41729288|50765.5571776156|0
"060830015002"|0|0|1|0|0|0|0|1|1|1|0|0|1|0|0|NA|NA|26200|26200|NA|111|21|58|6042564|104182.137931034|0
"060830017041"|0|1|0|0|0|0|0|1|1|1|1|0|1|0|0|8325|8325|NA|NA|NA|18|1|0|0|NA|0
"060830017042"|0|1|0|0|0|0|0|1|1|1|1|0|1|0|0|8325|8325|NA|NA|NA|18|1|0|0|NA|0
"060830017064"|0|0|1|0|0|0|0|1|1|1|0|0|1|0|0|NA|NA|26200|26200|NA|111|21|58|6042564|104182.137931034|0
"060830021022"|0|1|0|0|0|0|0|1|1|1|1|0|0|0|1|1288|6692|NA|NA|NA|258|96|380|26171670|68872.8157894737|0
"060830021031"|0|1|0|0|0|0|0|1|1|1|0|0|1|0|0|14405|14405|NA|NA|NA|7|1|8|562696|70337|0
"060830024041"|0|1|0|0|0|0|0|1|1|0|0|1|1|0|0|NA|NA|NA|NA|NA|0|0|0|0|NA|0
"060830029221"|0|1|1|0|0|0|0|1|1|1|0|0|0|0|1|11220|37902|11220|26322|14015|3673|828|1934|258498670|133660.118924509|0
"060830029223"|0|1|1|0|0|0|0|1|1|1|0|0|0|0|1|11220|37902|11220|26322|14015|3673|828|1934|258498670|133660.118924509|0
"060839800001"|0|1|1|0|0|0|0|1|1|1|0|0|0|0|1|11220|37902|11220|26322|14015|3673|828|1934|258498670|133660.118924509|0
"060855008001"|0|1|0|0|0|0|0|1|1|0|0|0|0|0|0|NA|NA|NA|NA|NA|95|14|0|0|NA|0
"060855009011"|0|1|1|0|0|0|0|1|1|1|0|0|0|0|1|5472|16632|6738|15666|14867|1333|407|1484|138372864|93243.1698113208|0
"060855017002"|0|1|0|0|0|0|0|1|1|0|0|1|1|0|0|NA|NA|NA|NA|NA|0|0|0|0|NA|0
"060855021021"|0|1|0|0|0|0|0|1|1|1|1|0|0|1|0|1288|6860|NA|NA|NA|128|46|252|26680722|105875.880952381|0
"060855033303"|0|1|0|0|0|0|0|1|1|1|1|0|0|1|0|1288|6860|NA|NA|NA|137|55|246|27648428|112391.983739837|0
"060855033324"|0|1|0|0|0|0|0|1|1|1|1|0|0|1|0|1288|6860|NA|NA|NA|137|55|246|27648428|112391.983739837|0
"060855033341"|0|1|0|0|0|0|0|1|1|1|1|0|1|0|0|NA|NA|NA|NA|NA|34|5|36|2822132|78392.5555555556|0
"060855045063"|0|2|1|0|0|0|0|2|2|2|0|0|0|1|0|NA|NA|NA|NA|NA|148|7|176|13262788|NA|0
"060855046021"|0|2|1|0|0|0|0|2|2|2|0|0|0|1|0|NA|NA|NA|NA|NA|148|7|176|13262788|NA|0
"060855049011"|0|1|0|0|0|0|0|1|1|1|1|0|0|1|0|1104|6024|NA|NA|NA|113|67|278|24522026|88208.726618705|0
"060855050011"|0|1|0|0|0|0|0|1|1|1|1|0|0|1|0|1104|6024|NA|NA|NA|113|67|278|24522026|88208.726618705|0
"060855050014"|0|1|0|0|0|0|0|1|1|1|1|0|0|1|0|1104|6024|NA|NA|NA|113|67|278|24522026|88208.726618705|0
"060855050061"|0|0|1|0|0|0|0|1|1|1|0|0|0|1|0|NA|NA|14850|14850|NA|100|20|42|3089502|73559.5714285714|0
"060855050062"|0|0|1|0|0|0|0|1|1|1|0|0|0|1|0|NA|NA|14850|14850|NA|100|20|42|3089502|73559.5714285714|0
"060855050091"|0|1|1|0|0|0|0|1|1|1|0|0|1|0|0|18096|18096|34000|34000|12415|48|3|34|2662090|78296.7647058823|0
"060855050092"|0|1|0|0|0|0|0|1|1|1|1|0|0|1|0|1104|6024|NA|NA|NA|113|67|278|24522026|88208.726618705|0
"060855050093"|0|1|0|0|0|0|0|1|1|1|1|0|0|1|0|1104|6024|NA|NA|NA|113|67|278|24522026|88208.726618705|0
"060855051002"|0|1|0|0|0|0|0|1|1|1|1|0|1|0|0|NA|NA|NA|NA|NA|22|4|28|1668000|59571.4285714286|0
"060855052023"|0|2|1|0|0|0|0|2|2|2|1|0|1|1|0|NA|NA|NA|NA|NA|1001|295|1116|123284546|171351.34217437|0
"060855052031"|0|1|1|0|0|0|0|1|1|1|0|0|0|1|0|47112|47112|27594|27594|13965|979|291|1088|121616546|111779.913602941|0
"060855055003"|0|1|0|0|0|0|0|1|1|0|0|1|1|0|0|NA|NA|NA|NA|NA|0|0|0|0|NA|0
"060855056001"|0|1|1|0|0|0|0|1|1|1|0|0|0|1|0|47112|47112|27594|27594|13965|979|291|1088|121616546|111779.913602941|0
"060855064012"|0|1|0|0|0|0|0|1|1|0|0|1|1|0|0|NA|NA|NA|NA|NA|0|0|0|0|NA|0
"060855066013"|0|1|0|0|0|0|0|1|1|0|0|1|1|0|0|NA|NA|NA|NA|NA|0|0|0|0|NA|0
"060855066051"|0|1|0|0|0|0|0|1|1|0|0|1|1|0|0|NA|NA|NA|NA|NA|0|0|0|0|NA|0
"060855066061"|0|1|0|0|0|0|0|1|1|0|0|1|1|0|0|NA|NA|NA|NA|NA|0|0|0|0|NA|0
"060855073012"|0|2|0|0|0|0|0|2|2|1|1|0|0|1|0|NA|NA|NA|NA|NA|235|84|328|28426168|NA|0
"060855077013"|0|1|0|0|0|0|0|1|1|1|1|0|0|0|1|1395|8415|NA|NA|NA|272|142|558|52985942|94956.8853046595|0
"060855087042"|0|1|1|0|1|0|0|2|2|2|0|0|2|0|0|NA|NA|NA|NA|NA|14|1|14|780600|87490|0
"060855087043"|0|1|1|0|1|0|0|2|2|2|0|0|2|0|0|NA|NA|NA|NA|NA|14|1|14|780600|87490|0
"060855089003"|0|1|1|0|1|0|0|2|2|2|0|0|2|0|0|NA|NA|NA|NA|NA|14|1|14|780600|87490|0
"060855093041"|0|1|0|0|0|0|0|1|1|0|0|1|1|0|0|NA|NA|NA|NA|NA|0|0|0|0|NA|0
"060855108012"|0|1|1|0|0|0|0|1|1|1|0|0|1|0|0|21360|21360|21750|21750|NA|19|3|14|997000|71214.2857142857|0
"060855116091"|0|1|1|0|1|1|0|1|1|1|0|0|0|0|1|47331|47331|47331|47331|14601|6901|1363|3066|438352120|142971.989562948|0
"060855117041"|0|2|0|0|0|0|0|2|2|1|0|0|0|0|1|NA|NA|NA|NA|NA|352|97|378|36390470|NA|0
"060855117042"|0|1|1|0|0|0|0|1|1|1|0|0|0|1|0|17112|17112|44919|44919|NA|67|13|74|8331966|112594.135135135|0
"060855117043"|0|1|1|0|0|0|0|1|1|1|0|0|0|1|0|17112|17112|44919|44919|NA|67|13|74|8331966|112594.135135135|0
"060855117071"|0|1|1|0|0|0|0|1|1|1|0|0|0|1|0|17112|17112|44919|44919|NA|67|13|74|8331966|112594.135135135|0
"060855120011"|0|1|0|0|0|0|0|1|1|1|1|0|1|0|0|NA|NA|NA|NA|NA|34|5|36|2822132|78392.5555555556|0
"060855125101"|0|1|0|0|0|0|0|1|1|1|1|0|0|1|0|1104|6312|NA|NA|NA|116|55|158|15188346|96128.7721518987|0
"060855130001"|0|1|1|0|1|1|0|1|1|1|0|0|0|0|1|47331|47331|47331|47331|14601|6901|1363|3066|438352120|142971.989562948|0
"060855135001"|0|1|0|0|0|0|0|1|1|1|1|0|1|0|0|NA|NA|NA|NA|NA|34|5|36|2822132|78392.5555555556|0
"060871003001"|0|1|1|0|0|0|0|1|1|1|0|0|0|0|1|11220|37902|11220|26322|15217|2517|553|1182|145923368|123454.62605753|0
"060871004001"|0|1|1|0|0|0|0|1|1|1|0|0|0|0|1|11220|37902|11220|26322|15217|2517|553|1182|145923368|123454.62605753|0
"060871004002"|0|1|1|0|0|0|0|1|1|1|0|0|0|0|1|11220|37902|11220|26322|15217|2517|553|1182|145923368|123454.62605753|0
"060871004003"|0|1|1|0|0|0|0|1|1|1|0|0|0|0|1|11220|37902|11220|26322|15217|2517|553|1182|145923368|123454.62605753|0
"060871010001"|0|1|0|0|0|0|0|1|1|0|0|1|1|0|0|NA|NA|NA|NA|NA|0|0|0|0|NA|0
"060871010007"|0|1|0|0|0|0|0|1|1|0|0|1|1|0|0|NA|NA|NA|NA|NA|0|0|0|0|NA|0
"060871105021"|0|1|0|0|0|0|0|1|1|0|0|1|1|0|0|NA|NA|NA|NA|NA|0|0|0|0|NA|0
"060871215001"|0|0|1|0|0|0|0|1|1|1|0|0|1|0|0|NA|NA|15960|15960|NA|17|10|2|80000|40000|0
"060871215003"|0|0|1|0|0|0|0|1|1|1|0|0|1|0|0|NA|NA|15960|15960|NA|17|10|2|80000|40000|0
"060871215004"|0|0|1|0|0|0|0|1|1|1|0|0|1|0|0|NA|NA|15960|15960|NA|17|10|2|80000|40000|0
"060871220033"|0|1|0|0|0|0|0|1|1|1|1|0|0|0|1|1288|5628|NA|NA|NA|247|110|440|31899264|72498.3272727273|0
"060890107021"|0|1|0|0|0|0|0|1|1|0|0|1|1|0|0|NA|NA|NA|NA|NA|0|0|0|0|NA|0
"060890107022"|0|1|0|0|0|0|0|1|1|0|0|1|1|0|0|NA|NA|NA|NA|NA|0|0|0|0|NA|0
"060890108041"|0|1|1|0|0|0|0|1|1|1|0|0|0|1|0|25950|25950|12400|12400|7950|84|40|86|4950638|57565.5581395349|0
"060890108052"|0|2|2|0|0|0|0|2|2|2|0|0|1|1|0|37150|37150|18700|18700|11850|86|41|96|5318152|94316.9581395349|0
"060890108071"|0|1|0|0|0|0|0|1|1|1|0|0|0|1|0|1104|6240|NA|NA|5500|243|127|280|21239836|75856.5571428571|0
"060890113003"|0|1|1|0|0|0|0|1|1|1|0|0|1|0|0|11200|11200|6300|6300|3900|2|1|10|367514|36751.4|0
"060890113004"|0|1|1|0|0|0|0|1|1|1|0|0|1|0|0|11200|11200|6300|6300|3900|2|1|10|367514|36751.4|0
"060930009005"|0|1|0|0|0|0|0|1|1|1|1|0|0|1|0|1104|6192|NA|NA|8000|86|42|84|6477976|77118.7619047619|0
"060952506012"|0|1|2|0|0|1|0|2|2|2|0|0|0|2|0|NA|NA|32038|40966|NA|321|84|262|23410324|178597.761771562|0
"060952506041"|0|1|2|0|0|1|0|2|2|2|0|0|0|2|0|NA|NA|32038|40966|NA|321|84|262|23410324|178597.761771562|0
"060952506042"|0|1|2|0|0|1|0|2|2|2|0|0|0|2|0|NA|NA|32038|40966|NA|321|84|262|23410324|178597.761771562|0
"060952508011"|0|1|2|0|0|1|0|2|2|2|0|0|0|2|0|NA|NA|32038|40966|NA|321|84|262|23410324|178597.761771562|0
"060952515002"|0|1|0|0|0|0|0|1|1|0|0|1|1|0|0|NA|NA|NA|NA|NA|0|0|0|0|NA|0
"060952515003"|0|1|0|0|0|0|0|1|1|0|0|1|1|0|0|NA|NA|NA|NA|NA|0|0|0|0|NA|0
"060952522011"|0|1|0|0|0|0|0|1|1|1|1|0|0|1|0|1104|6288|NA|NA|NA|164|72|276|22215350|80490.3985507246|0
"060952523051"|0|1|0|0|0|0|0|1|1|1|1|0|0|1|0|1104|6288|NA|NA|NA|164|72|276|22215350|80490.3985507246|0
"060952523052"|0|1|0|0|0|0|0|1|1|1|1|0|0|1|0|1104|6288|NA|NA|NA|164|72|276|22215350|80490.3985507246|0
"060952523053"|0|1|0|0|0|0|0|1|1|1|1|0|0|1|0|1104|6288|NA|NA|NA|164|72|276|22215350|80490.3985507246|0
"060952523122"|0|1|0|0|0|0|0|1|1|1|1|0|1|0|0|NA|NA|NA|NA|NA|8|0|6|270400|45066.6666666667|0
"060952525021"|0|1|0|0|0|0|0|1|1|0|0|1|1|0|0|NA|NA|NA|NA|NA|0|0|0|0|NA|0
"060952529112"|0|1|0|0|0|0|0|1|1|0|0|1|1|0|0|NA|NA|NA|NA|NA|0|0|0|0|NA|0
"060971512011"|0|1|1|0|0|0|0|1|1|1|0|0|1|0|0|9300|9300|18375|18375|NA|8|1|6|220480|36746.6666666667|0
"060971513093"|0|1|1|0|0|0|0|1|1|1|0|0|0|1|0|5472|16632|6738|15666|13146|685|186|516|43833624|84948.8837209302|0
"060971513104"|0|1|1|0|0|0|0|1|1|1|0|0|0|1|0|5472|16632|6738|15666|13146|685|186|516|43833624|84948.8837209302|0
"060971521002"|0|1|0|0|0|0|0|1|1|1|1|0|0|0|1|1280|7328|NA|NA|NA|505|191|620|54771962|88341.8741935484|0
"060971527012"|0|1|0|0|0|0|0|1|1|0|0|1|1|0|0|NA|NA|NA|NA|NA|0|0|0|0|NA|0
"060971532002"|0|1|1|0|0|0|0|1|1|1|0|0|1|0|0|9300|9300|18375|18375|NA|8|1|6|220480|36746.6666666667|0
"060990005012"|0|2|0|0|0|0|0|2|2|0|0|2|2|0|0|NA|NA|NA|NA|NA|0|0|0|0|NA|0
"060990005013"|0|3|0|0|0|0|0|3|3|1|1|2|3|0|0|NA|NA|NA|NA|NA|24|11|14|894016|NA|0
"060990005014"|0|1|0|0|0|0|0|1|1|1|1|0|1|0|0|NA|NA|NA|NA|NA|24|11|14|894016|63858.2857142857|0
"060990006021"|0|1|0|0|0|0|0|1|1|0|0|0|0|0|0|NA|NA|NA|NA|NA|165|29|8|762024|95253|0
"060990008015"|0|1|0|0|0|0|0|1|1|0|0|1|1|0|0|NA|NA|NA|NA|NA|0|0|0|0|NA|0
"060990009072"|0|1|0|0|0|0|0|1|1|0|0|1|1|0|0|NA|NA|NA|NA|NA|0|0|0|0|NA|0
"060990009092"|0|1|0|0|0|0|0|1|1|0|0|1|1|0|0|NA|NA|NA|NA|NA|0|0|0|0|NA|0
"060990013002"|0|1|0|0|0|0|0|1|1|1|0|0|0|0|1|1104|6600|NA|NA|NA|268|160|496|43091620|86878.2661290323|0
"060990018002"|0|1|0|0|0|0|0|1|1|0|0|1|1|0|0|NA|NA|NA|NA|NA|0|0|0|0|NA|0
"060990021001"|0|1|0|0|0|0|0|1|1|0|0|1|1|0|0|NA|NA|NA|NA|NA|0|0|0|0|NA|0
"060990023021"|0|1|0|0|0|0|0|1|1|0|0|1|1|0|0|NA|NA|NA|NA|NA|0|0|0|0|NA|0
"060990036052"|0|1|1|0|0|0|0|1|1|1|0|0|0|1|0|5472|16632|6738|15666|9482|492|195|614|49876440|81231.986970684|0
"060990036053"|0|1|1|0|0|0|0|1|1|1|0|0|0|1|0|5472|16632|6738|15666|9482|492|195|614|49876440|81231.986970684|0
"060990038022"|0|1|0|0|0|0|0|1|1|0|0|1|1|0|0|NA|NA|NA|NA|NA|0|0|0|0|NA|0
"061010505012"|0|1|0|0|0|0|0|1|1|1|1|0|1|0|0|NA|NA|NA|NA|NA|12|4|4|140160|35040|0
"061010505013"|0|1|0|0|0|0|0|1|1|1|1|0|1|0|0|NA|NA|NA|NA|NA|12|4|4|140160|35040|0
"061070010031"|0|2|0|0|0|0|0|2|2|1|1|1|1|1|0|NA|NA|NA|NA|NA|253|50|336|21148056|NA|0
"061070012001"|0|1|0|0|0|0|0|1|1|0|0|1|1|0|0|NA|NA|NA|NA|NA|0|0|0|0|NA|0
"061070019024"|0|1|0|0|0|0|0|1|1|0|0|1|1|0|0|NA|NA|NA|NA|NA|0|0|0|0|NA|0
"061070020021"|0|1|0|0|0|0|0|1|1|1|1|0|0|0|1|1288|7196|NA|NA|NA|225|99|402|26588294|66140.0348258707|0
"061070020022"|0|1|0|0|0|0|0|1|1|1|1|0|0|0|1|1288|7196|NA|NA|NA|225|99|402|26588294|66140.0348258707|0
"061070020043"|0|1|0|0|0|0|0|1|1|0|0|0|0|0|0|NA|NA|NA|NA|NA|66|23|0|0|NA|0
"061070020072"|0|1|0|0|0|0|0|1|1|0|0|1|1|0|0|NA|NA|NA|NA|NA|0|0|0|0|NA|0
"061070041011"|0|1|0|0|0|0|0|1|1|1|1|0|0|1|0|1288|7196|NA|NA|NA|80|44|132|11811008|89477.3333333333|0
"061070041021"|0|1|0|0|0|0|0|1|1|1|1|0|0|1|0|1288|7196|NA|NA|NA|80|44|132|11811008|89477.3333333333|0
"061090021004"|0|1|0|0|0|0|0|1|1|1|1|0|0|1|0|1104|6600|NA|NA|NA|82|35|102|8970964|87950.6274509804|0
"061110004001"|0|1|0|0|0|0|0|1|1|1|0|0|1|0|0|24500|24500|NA|NA|7950|50|22|68|6174216|90797.2941176471|0
"061110012061"|0|1|1|0|0|0|0|1|0|0|0|0|1|0|0|NA|NA|NA|NA|NA|0|0|0|0|NA|0
"061110018002"|0|1|0|0|0|0|0|1|1|1|1|0|0|0|1|1338|7000|NA|NA|NA|158|72|304|25866020|85085.5921052632|0
"061110023003"|0|1|0|0|0|0|0|1|1|0|0|0|0|0|0|NA|NA|NA|NA|NA|83|16|0|0|NA|0
"061110023004"|0|1|1|0|0|0|0|1|0|0|0|0|1|0|0|NA|NA|NA|NA|NA|0|0|0|0|NA|0
"061110024001"|0|1|0|0|0|0|0|1|1|0|0|1|1|0|0|NA|NA|NA|NA|NA|0|0|0|0|NA|0
"061110028001"|0|2|2|0|0|0|0|3|3|2|0|1|3|0|0|NA|NA|NA|NA|NA|36|7|16|972436|NA|0
"061110047102"|0|1|0|0|0|0|0|1|1|1|1|0|0|1|0|1338|7000|NA|NA|NA|117|59|194|16803666|86616.8350515464|0
"061110047103"|0|1|0|0|0|0|0|1|1|1|1|0|0|1|0|1338|7000|NA|NA|NA|117|59|194|16803666|86616.8350515464|0
"061110049021"|0|1|0|0|0|0|0|1|1|0|0|0|1|0|0|NA|NA|NA|NA|NA|0|0|0|0|NA|0
"061110053031"|0|0|1|0|0|0|0|1|1|1|0|0|1|0|0|NA|NA|18200|18200|NA|27|2|48|2440200|50837.5|0
"061110053051"|0|0|1|0|0|0|0|1|1|1|0|0|1|0|0|NA|NA|18200|18200|NA|27|2|48|2440200|50837.5|0
"061110057001"|0|1|1|0|0|0|0|1|1|1|0|0|0|1|0|5472|16632|6738|15666|16146|512|139|400|33595104|83987.76|0
"061110063011"|0|1|1|0|0|0|0|1|1|1|0|0|0|1|0|39310|39310|17500|17500|13060|360|145|396|36951128|93310.9292929293|0
"061110076132"|0|1|0|0|0|0|0|1|1|0|0|1|1|0|0|NA|NA|NA|NA|NA|0|0|0|0|NA|0
"061110076141"|0|1|0|0|0|0|0|1|1|1|1|0|0|0|1|1338|7000|NA|NA|NA|155|63|356|30595418|85942.1853932584|0
"061110076142"|0|1|0|0|0|0|0|1|1|1|1|0|0|0|1|1338|7000|NA|NA|NA|155|63|356|30595418|85942.1853932584|0
"061110076144"|0|1|0|0|0|0|0|1|1|0|0|1|1|0|0|NA|NA|NA|NA|NA|0|0|0|0|NA|0
"061110077001"|0|1|0|0|0|0|0|1|1|0|0|1|1|0|0|NA|NA|NA|NA|NA|0|0|0|0|NA|0
"061110086002"|0|1|0|0|0|0|0|1|1|0|0|1|1|0|0|NA|NA|NA|NA|NA|0|0|0|0|NA|0
"061110086004"|0|1|0|0|0|0|0|1|1|0|0|1|1|0|0|NA|NA|NA|NA|NA|0|0|0|0|NA|0
"061119901000"|0|1|1|0|0|0|0|1|0|0|0|0|1|0|0|NA|NA|NA|NA|NA|0|0|0|0|NA|0
"061130105011"|0|1|1|0|1|1|0|1|1|1|0|0|0|0|1|11220|37902|11220|26322|14838|7824|1375|3174|429718004|135386.894770006|0
"061130105012"|0|1|1|0|1|1|0|1|1|1|0|0|0|0|1|11220|37902|11220|26322|14838|7824|1375|3174|429718004|135386.894770006|0
"061130108002"|0|1|0|0|0|0|0|1|1|0|0|1|1|0|0|NA|NA|NA|NA|NA|0|0|0|0|NA|0
"061130112063"|0|1|0|0|0|0|0|1|1|1|1|0|0|1|0|1124|6455|NA|NA|NA|32|15|102|7367482|72230.2156862745|0
"061150403031"|0|1|0|0|0|0|0|1|1|1|1|0|0|1|0|1124|6455|NA|NA|NA|102|53|228|15510934|68030.4122807018|0
"080010081001"|0|1|1|0|1|1|0|1|1|1|0|0|0|0|1|7536|23232|6714|22374|NA|2465|393|1946|197968010|101730.734840699|0
"080010082001"|0|1|1|0|1|1|0|1|1|1|0|0|0|0|1|7536|23232|6714|22374|NA|2465|393|1946|197968010|101730.734840699|0
"080010082002"|0|1|1|0|1|1|0|1|1|1|0|0|0|0|1|7536|23232|6714|22374|NA|2465|393|1946|197968010|101730.734840699|0
"080010082003"|0|1|1|0|1|1|0|1|1|1|0|0|0|0|1|7536|23232|6714|22374|NA|2465|393|1946|197968010|101730.734840699|0
"080010083083"|0|1|1|0|1|1|0|1|1|1|0|0|0|0|1|7536|23232|6714|22374|NA|2465|393|1946|197968010|101730.734840699|0
"080010085083"|0|1|0|0|0|0|0|1|1|0|0|1|1|0|0|NA|NA|NA|NA|NA|0|0|0|0|NA|0
"080010085292"|0|1|0|0|0|0|0|1|1|0|0|1|1|0|0|NA|NA|NA|NA|NA|0|0|0|0|NA|0
"080010092032"|0|1|0|0|0|0|0|1|1|1|1|0|1|0|0|12360|12360|NA|NA|NA|17|2|6|273130|45521.6666666667|0
"080010093084"|0|1|0|0|0|0|0|1|1|1|1|0|1|0|0|NA|NA|NA|NA|NA|21|13|56|3590346|64113.3214285714|0
"080010093103"|0|1|0|0|0|0|0|1|1|1|1|0|1|0|0|NA|NA|NA|NA|NA|21|13|56|3590346|64113.3214285714|0
"080010094013"|0|1|0|0|0|0|0|1|1|0|0|0|1|0|0|NA|NA|NA|NA|NA|0|0|0|0|NA|0
"080010094081"|0|1|0|0|0|0|0|1|1|1|1|0|0|0|1|3288|13488|NA|NA|NA|395|150|482|29169616|60517.8755186722|0
"080010095011"|0|1|0|0|0|0|0|1|1|0|0|1|1|0|0|NA|NA|NA|NA|NA|0|0|0|0|NA|0
"080010095021"|0|1|0|0|0|0|0|1|1|0|0|1|1|0|0|NA|NA|NA|NA|NA|0|0|0|0|NA|0
"080010095531"|0|1|0|0|0|0|0|1|1|0|0|1|1|0|0|NA|NA|NA|NA|NA|0|0|0|0|NA|0
"080010096033"|0|1|0|0|0|0|0|1|1|0|0|0|1|0|0|NA|NA|NA|NA|NA|0|0|0|0|NA|0
"080010602002"|0|2|1|0|0|0|0|2|2|2|1|0|2|0|0|48957|48957|NA|NA|NA|20|1|16|809150|119146.428571429|0
"080039602001"|0|1|1|0|0|0|0|1|1|1|0|0|0|1|0|5736|16752|4410|10332|8550|256|87|216|12095802|55999.0833333333|0
"080039602002"|0|1|1|0|0|0|0|1|1|1|0|0|0|1|0|5736|16752|4410|10332|8550|256|87|216|12095802|55999.0833333333|0
"080039602004"|0|1|1|0|0|0|0|1|1|1|0|0|0|1|0|5736|16752|4410|10332|8550|256|87|216|12095802|55999.0833333333|0
"080039602005"|0|1|1|0|0|0|0|1|1|1|0|0|0|1|0|5736|16752|4410|10332|8550|256|87|216|12095802|55999.0833333333|0
"080050049521"|0|1|1|0|0|0|0|1|1|1|0|0|1|0|0|3292|3292|4500|4500|NA|19|10|10|229180|22918|0
"080050055512"|0|1|1|0|0|0|0|1|1|1|0|0|1|0|0|8160|8160|11682|11682|5660|36|7|2|130000|65000|0
"080050056303"|0|1|0|0|0|0|0|1|1|1|0|0|1|0|0|12960|12960|NA|NA|NA|6|1|6|411400|68566.6666666667|0
"080050065011"|0|1|1|0|0|0|0|2|2|2|1|0|1|0|1|NA|NA|NA|NA|NA|273|62|270|17619686|134801.760315534|0
"080050067073"|0|0|0|0|0|0|0|1|0|0|0|0|0|0|0|NA|NA|NA|NA|NA|0|0|0|0|NA|0
"080050067122"|0|1|1|0|0|0|0|1|1|1|0|0|0|0|1|8400|8400|9000|9000|NA|164|1|62|3198522|51589.064516129|0
"080050072013"|0|1|0|0|0|0|0|1|1|1|1|0|1|0|0|NA|NA|NA|NA|NA|38|10|54|3701442|68545.2222222222|0
"080050077023"|0|1|0|0|0|0|0|1|1|1|0|0|1|0|0|12600|12600|NA|NA|NA|11|1|0|0|NA|0
"080050803003"|0|1|0|0|0|0|0|1|1|0|0|1|1|0|0|NA|NA|NA|NA|NA|0|0|0|0|NA|0
"080050804001"|0|1|0|0|0|0|0|1|1|1|0|0|1|0|0|17066|17066|NA|NA|NA|17|1|20|1678552|83927.6|0
"080050804004"|0|1|0|0|0|0|0|1|1|1|0|0|1|0|0|17066|17066|NA|NA|NA|17|1|20|1678552|83927.6|0
"080050806002"|0|1|1|0|0|0|0|1|1|1|0|0|0|1|0|9120|9120|6000|6000|NA|72|2|30|2865178|95505.9333333333|0
"080050807002"|0|1|0|0|0|0|0|1|1|1|1|0|1|0|0|NA|NA|NA|NA|NA|9|4|16|820022|51251.375|0
"080050810003"|0|1|0|0|0|0|0|1|1|1|0|0|1|0|0|12600|12600|NA|NA|NA|11|1|0|0|NA|0
"080050811002"|0|1|0|0|0|0|0|1|1|0|0|1|1|0|0|NA|NA|NA|NA|NA|0|0|0|0|NA|0
"080050812001"|0|1|0|0|0|0|0|1|1|1|1|0|1|0|0|13932|13932|NA|NA|NA|21|8|22|1011000|45954.5454545455|0
"080050814001"|0|2|0|0|0|0|0|2|1|0|0|0|2|0|0|NA|NA|NA|NA|NA|0|0|0|0|NA|0
"080050815001"|0|1|1|0|0|0|0|1|0|0|0|0|1|0|0|NA|NA|NA|NA|NA|0|0|0|0|NA|0
"080050820001"|0|1|0|0|0|0|0|1|1|1|1|0|0|1|0|3286|13480|NA|NA|NA|166|36|108|7040380|65188.7037037037|0
"080050822002"|0|1|0|0|0|0|0|1|1|0|0|1|1|0|0|NA|NA|NA|NA|NA|0|0|0|0|NA|0
"080050869001"|0|1|0|0|0|0|0|1|1|1|1|0|1|0|0|11963|11963|NA|NA|NA|19|0|18|979084|54393.5555555556|0
"080130122032"|0|1|1|0|0|0|0|1|1|0|0|1|1|0|0|NA|NA|NA|NA|NA|0|0|0|0|NA|0
"080130122034"|0|1|1|0|0|0|0|1|1|0|0|1|1|0|0|NA|NA|NA|NA|NA|0|0|0|0|NA|0
"080130123001"|0|1|1|0|0|0|0|1|1|1|0|0|0|0|1|9768|33316|10836|28656|13590|5982|1097|3016|301572688|99990.9442970822|0
"080130123002"|0|1|1|0|0|0|0|1|1|1|0|0|1|0|0|31000|31000|21890|21890|9965|148|39|122|6030560|49430.8196721311|0
"080130125052"|0|1|0|0|0|0|0|1|1|0|0|1|1|0|0|NA|NA|NA|NA|NA|0|0|0|0|NA|0
"080130125091"|0|1|0|0|0|0|0|1|1|0|0|1|1|0|0|NA|NA|NA|NA|NA|0|0|0|0|NA|0
"080130126051"|0|1|1|0|0|0|0|1|1|0|0|1|1|0|0|NA|NA|NA|NA|NA|0|0|0|0|NA|0
"080130127051"|0|1|1|0|0|0|0|2|2|1|0|1|2|0|0|NA|NA|NA|NA|NA|5|1|0|0|NA|0
"080130127052"|0|1|1|0|0|0|0|2|2|1|0|1|2|0|0|NA|NA|NA|NA|NA|5|1|0|0|NA|0
"080130127053"|0|1|1|0|0|0|0|2|2|1|0|1|2|0|0|NA|NA|NA|NA|NA|5|1|0|0|NA|0
"080130127071"|0|1|1|0|0|0|0|1|1|0|0|1|1|0|0|NA|NA|NA|NA|NA|0|0|0|0|NA|0
"080130127081"|0|1|1|0|0|0|0|2|2|1|0|1|2|0|0|NA|NA|NA|NA|NA|5|1|0|0|NA|0
"080130127083"|0|1|1|0|0|0|0|2|2|1|0|1|2|0|0|NA|NA|NA|NA|NA|5|1|0|0|NA|0
"080130130034"|0|0|1|0|0|0|0|1|1|1|0|0|1|0|0|NA|NA|17800|17800|NA|3|1|2|0|0|0
"080130132101"|0|1|0|0|0|0|0|1|1|0|0|1|1|0|0|NA|NA|NA|NA|NA|0|0|0|0|NA|0
"080140307001"|0|2|1|0|0|0|0|2|2|2|1|0|2|0|0|48957|48957|NA|NA|NA|20|1|16|809150|119146.428571429|0
"080140311001"|0|1|0|0|0|0|0|1|1|1|1|0|1|0|0|15480|15480|NA|NA|NA|19|3|34|1530000|45000|0
"080299649002"|0|1|0|0|0|0|0|1|1|0|0|1|1|0|0|NA|NA|NA|NA|NA|0|0|0|0|NA|0
"080299651001"|0|1|0|0|0|0|0|1|1|0|0|1|1|0|0|NA|NA|NA|NA|NA|0|0|0|0|NA|0
"080299651002"|0|1|0|0|0|0|0|1|1|0|0|1|1|0|0|NA|NA|NA|NA|NA|0|0|0|0|NA|0
"080299651003"|0|1|0|0|0|0|0|1|1|0|0|1|1|0|0|NA|NA|NA|NA|NA|0|0|0|0|NA|0
"080310011011"|0|0|0|0|0|0|0|1|0|0|0|0|0|0|0|NA|NA|NA|NA|NA|0|0|0|0|NA|0
"080310013022"|0|1|0|0|0|0|0|1|1|0|0|1|1|0|0|NA|NA|NA|NA|NA|0|0|0|0|NA|0
"080310017014"|0|1|1|0|0|0|0|2|2|2|0|0|1|1|0|NA|NA|NA|NA|NA|64|7|54|3627260|133099.886363636|0
"080310017021"|0|1|1|0|0|0|0|1|1|0|0|0|0|0|0|NA|NA|NA|NA|NA|29|17|0|0|NA|0
"080310017022"|0|1|0|0|0|0|0|1|1|0|0|1|1|0|0|NA|NA|NA|NA|NA|0|0|0|0|NA|0
"080310019021"|0|2|1|0|0|0|0|2|2|2|1|0|0|1|1|8978|32339|NA|NA|NA|876|468|1332|96671314|136621.54085683|0
"080310026011"|0|1|1|0|0|0|0|1|1|0|0|0|0|0|0|NA|NA|NA|NA|NA|412|63|0|0|NA|0
"080310027014"|0|1|0|0|0|0|0|1|1|1|0|0|1|0|0|17532|17532|NA|NA|NA|45|4|40|2600978|65024.45|0
"080310030041"|0|1|2|0|0|0|0|2|2|2|0|0|1|0|1|NA|NA|65112|65112|NA|1557|424|1482|147679504|183666|0
"080310037024"|0|1|1|0|0|0|0|2|2|1|0|1|2|0|0|NA|NA|NA|NA|NA|5|2|0|0|NA|0
"080310039022"|0|2|0|0|0|0|0|2|1|1|0|0|2|0|0|NA|NA|NA|NA|NA|21|2|10|641760|NA|0
"080310042023"|0|1|1|0|0|0|0|1|1|1|0|0|0|1|0|30396|30396|12501|12501|11961|86|25|104|7708764|74122.7307692308|0
"080310044051"|0|1|0|0|0|0|0|1|1|0|0|1|1|0|0|NA|NA|NA|NA|NA|0|0|0|0|NA|0
"080310044054"|0|1|0|0|0|0|0|1|1|0|0|1|1|0|0|NA|NA|NA|NA|NA|0|0|0|0|NA|0
"080310051041"|0|1|1|0|0|0|0|1|1|1|0|0|0|1|0|4050|4050|6975|6975|NA|63|0|4|2e+05|50000|0
"080310068114"|0|1|1|0|0|0|0|1|1|1|0|0|1|0|0|13464|13464|12882|12882|NA|18|0|6|355946|59324.3333333333|0
"080310153001"|0|1|1|0|0|0|0|1|1|1|0|0|1|0|0|3292|3292|4500|4500|NA|19|10|10|229180|22918|0
"080310157004"|0|1|1|0|0|0|0|1|1|1|0|0|1|0|0|8160|8160|11682|11682|5660|36|7|2|130000|65000|0
"080319801001"|0|1|0|0|0|0|0|1|1|1|1|0|0|1|0|NA|NA|NA|NA|NA|53|15|96|4520308|47086.5416666667|0
"080350139042"|0|1|0|0|0|0|0|1|1|0|0|1|1|0|0|NA|NA|NA|NA|NA|0|0|0|0|NA|0
"080350140011"|0|0|1|0|0|1|0|1|1|1|0|0|1|0|0|NA|NA|25000|25000|NA|147|41|2|160000|80000|0
"080350140012"|0|0|1|0|0|1|0|1|1|1|0|0|1|0|0|NA|NA|25000|25000|NA|147|41|2|160000|80000|0
"080350140013"|0|0|1|0|0|1|0|1|1|1|0|0|1|0|0|NA|NA|25000|25000|NA|147|41|2|160000|80000|0
"080410003022"|0|3|2|0|0|0|0|3|2|2|1|0|1|0|2|NA|NA|NA|NA|NA|640|26|154|12090478|NA|0
"080410016001"|0|1|1|0|0|0|0|1|1|1|0|0|0|1|0|50472|50472|36416|36416|11668|552|196|400|39730318|99325.795|0
"080410016003"|0|1|1|0|0|0|0|1|1|1|0|0|0|1|0|50472|50472|36416|36416|11668|552|196|400|39730318|99325.795|0
"080410020001"|0|2|0|0|0|0|0|2|2|2|1|0|2|0|0|NA|NA|NA|NA|NA|34|10|30|1631890|112072.555555556|0
"080410020004"|0|2|0|0|0|0|0|2|2|2|1|0|2|0|0|NA|NA|NA|NA|NA|34|10|30|1631890|112072.555555556|0
"080410021012"|0|1|0|0|0|0|0|1|1|1|1|0|1|0|0|NA|NA|NA|NA|NA|34|1|46|2169600|47165.2173913043|0
"080410023001"|0|1|0|0|0|0|0|1|1|0|0|1|1|0|0|NA|NA|NA|NA|NA|0|0|0|0|NA|0
"080410037053"|0|1|0|0|0|0|0|1|1|1|1|0|1|0|0|NA|NA|NA|NA|NA|13|1|22|638742|29033.7272727273|0
"080410038022"|0|1|0|0|1|0|0|1|1|1|0|0|0|1|0|NA|NA|NA|NA|NA|125|15|364|38034324|104489.901098901|0
"080410039061"|0|1|0|0|0|0|0|1|1|1|0|0|1|0|0|12960|12960|NA|NA|NA|9|1|4|139688|34922|0
"080410044021"|0|1|0|0|0|0|0|1|1|1|1|0|0|0|1|3286|13470|NA|NA|NA|342|134|338|20599126|60944.1597633136|0
"080410045011"|0|1|0|0|0|0|0|1|1|1|1|0|1|0|0|10766|10766|NA|NA|NA|4|2|16|1237272|77329.5|0
"080410048001"|0|2|0|0|0|0|0|2|2|0|0|2|2|0|0|NA|NA|NA|NA|NA|0|0|0|0|NA|0
"080410049011"|0|2|0|0|0|0|0|2|2|0|0|2|2|0|0|NA|NA|NA|NA|NA|0|0|0|0|NA|0
"080410059005"|0|1|0|0|0|0|0|1|1|1|0|0|1|0|0|12960|12960|NA|NA|NA|12|1|0|0|NA|0
"080410060004"|0|1|0|0|0|0|0|1|1|1|0|0|1|0|0|12960|12960|NA|NA|NA|12|1|0|0|NA|0
"080410063021"|0|1|0|0|0|0|0|1|1|1|0|0|1|0|0|10800|10800|NA|NA|NA|36|10|18|947472|52637.3333333333|0
"080410065011"|0|1|0|0|0|0|0|1|1|1|1|0|1|0|0|11865|11865|NA|NA|NA|11|2|0|0|NA|0
"080410077001"|0|1|1|0|0|0|0|1|1|1|0|0|0|0|1|6624|17352|9983|20153|9900|689|149|798|56790694|71166.28320802|0
"080410078001"|0|1|1|0|0|0|0|1|1|1|0|0|0|0|1|6624|17352|9983|20153|9900|689|149|798|56790694|71166.28320802|0
"080410078002"|0|1|1|0|0|0|0|1|1|1|0|0|0|0|1|6624|17352|9983|20153|9900|689|149|798|56790694|71166.28320802|0
"080410080001"|0|2|2|0|0|0|0|2|1|1|0|0|0|0|2|NA|NA|NA|NA|NA|627|25|132|11451736|NA|0
"080459516001"|0|1|0|0|0|0|0|1|1|0|0|1|1|0|0|NA|NA|NA|NA|NA|0|0|0|0|NA|0
"080459516002"|0|1|0|0|0|0|0|1|1|0|0|1|1|0|0|NA|NA|NA|NA|NA|0|0|0|0|NA|0
"080459516003"|0|1|0|0|0|0|0|1|1|0|0|1|1|0|0|NA|NA|NA|NA|NA|0|0|0|0|NA|0
"080459517022"|0|1|0|0|0|0|0|1|1|1|0|0|0|1|0|4068|10296|NA|NA|10233|300|123|230|18180370|79045.0869565217|0
"080459517023"|0|1|0|0|0|0|0|1|1|1|0|0|0|1|0|4068|10296|NA|NA|10233|300|123|230|18180370|79045.0869565217|0
"080519636003"|0|1|1|0|0|0|0|1|1|1|0|0|0|1|0|6312|17616|18000|18000|9446|186|54|240|14694890|61228.7083333333|0
"080519637001"|0|1|1|0|0|0|0|1|1|1|0|0|0|1|0|6312|17616|18000|18000|9446|186|54|240|14694890|61228.7083333333|0
"080590098072"|0|1|0|0|0|0|0|1|1|0|0|1|1|0|0|NA|NA|NA|NA|NA|0|0|0|0|NA|0
"080590098311"|0|2|0|0|0|0|0|2|1|0|0|1|2|0|0|NA|NA|NA|NA|NA|0|0|0|0|NA|0
"080590100002"|0|1|1|0|0|0|0|1|1|1|0|0|0|1|0|15690|34020|15690|34020|11477|759|116|600|59205358|98675.5966666667|0
"080590104051"|0|1|0|0|0|0|0|1|1|0|0|1|1|0|0|NA|NA|NA|NA|NA|0|0|0|0|NA|0
"080590106041"|0|1|0|0|0|0|0|1|1|0|0|1|1|0|0|NA|NA|NA|NA|NA|0|0|0|0|NA|0
"080590106043"|0|1|0|0|0|0|0|1|1|0|0|1|1|0|0|NA|NA|NA|NA|NA|0|0|0|0|NA|0
"080590111002"|0|1|0|0|0|0|0|1|0|0|0|0|1|0|0|NA|NA|NA|NA|NA|0|0|0|0|NA|0
"080590112021"|0|1|0|0|0|0|0|1|0|0|0|0|1|0|0|NA|NA|NA|NA|NA|0|0|0|0|NA|0
"080590112022"|0|1|1|0|0|0|0|1|1|1|0|0|0|1|0|22360|22360|12567|12567|10316|307|166|164|10652060|64951.5853658537|0
"080590114022"|0|1|1|0|0|0|0|1|1|1|0|0|1|0|0|15870|15870|20376|20376|NA|88|6|74|3183438|43019.4324324324|0
"080590115501"|0|1|1|0|0|0|0|1|1|1|0|0|1|0|0|15870|15870|20376|20376|NA|88|6|74|3183438|43019.4324324324|0
"080590115504"|0|1|1|0|0|0|0|1|1|1|0|0|1|0|0|15870|15870|20376|20376|NA|88|6|74|3183438|43019.4324324324|0
"080590116023"|0|1|0|0|0|0|0|1|0|0|0|0|1|0|0|NA|NA|NA|NA|NA|0|0|0|0|NA|0
"080590117011"|0|1|0|0|0|0|0|1|1|1|1|0|1|0|0|9800|9800|NA|NA|NA|9|2|0|0|NA|0
"080590117212"|0|1|1|0|0|0|0|1|1|1|0|0|0|1|0|3336|13464|12548|15314|NA|286|71|188|11476904|61047.3617021277|0
"080590118053"|0|2|0|0|0|0|0|2|2|0|0|2|2|0|0|NA|NA|NA|NA|NA|0|0|0|0|NA|0
"080590120461"|0|1|0|0|0|0|0|1|1|0|0|1|1|0|0|NA|NA|NA|NA|NA|0|0|0|0|NA|0
"080679708001"|0|1|1|0|0|0|0|1|1|1|0|0|0|1|0|6360|16072|NA|NA|10904|304|87|358|23043508|64367.3407821229|0
"080679708002"|0|1|1|0|0|0|0|1|1|1|0|0|0|1|0|6360|16072|NA|NA|10904|304|87|358|23043508|64367.3407821229|0
"080690006001"|0|1|1|0|0|1|0|1|1|1|0|0|0|0|1|8716|26010|9628|23604|11110|5856|655|3084|289630890|93914.0369649806|0
"080690006003"|0|1|1|0|0|1|0|1|1|1|0|0|0|0|1|8716|26010|9628|23604|11110|5856|655|3084|289630890|93914.0369649806|0
"080690010071"|0|1|0|0|0|0|0|1|1|1|1|0|1|0|0|12600|12600|NA|NA|NA|66|29|38|1589974|41841.4210526316|0
"080690010094"|0|1|0|0|0|0|0|1|1|0|0|1|1|0|0|NA|NA|NA|NA|NA|0|0|0|0|NA|0
"080690010095"|0|1|0|0|0|0|0|1|1|1|0|0|1|0|0|18021|18021|NA|NA|NA|13|1|6|330120|55020|0
"080690016031"|0|1|0|0|0|0|0|1|1|0|0|1|1|0|0|NA|NA|NA|NA|NA|0|0|0|0|NA|0
"080690016033"|0|1|0|0|0|0|0|1|0|0|0|0|1|0|0|NA|NA|NA|NA|NA|0|0|0|0|NA|0
"080690018073"|0|1|0|0|0|0|0|1|1|0|0|1|1|0|0|NA|NA|NA|NA|NA|0|0|0|0|NA|0
"080710001002"|0|1|0|0|0|0|0|1|1|1|1|0|0|1|0|3286|5626|NA|NA|6414|79|18|84|3919012|46654.9047619048|0
"080710002001"|0|1|0|0|0|0|0|1|1|1|1|0|0|1|0|3286|5626|NA|NA|6414|79|18|84|3919012|46654.9047619048|0
"080710002002"|0|1|0|0|0|0|0|1|1|1|1|0|0|1|0|3286|5626|NA|NA|6414|79|18|84|3919012|46654.9047619048|0
"080710002003"|0|1|0|0|0|0|0|1|1|1|1|0|0|1|0|3286|5626|NA|NA|6414|79|18|84|3919012|46654.9047619048|0
"080759662001"|0|1|0|0|0|0|0|1|1|1|1|0|0|1|0|4107|6161|NA|NA|6760|85|31|98|4894296|49941.7959183673|0
"080770004002"|0|1|0|0|0|0|0|1|1|0|0|1|1|0|0|NA|NA|NA|NA|NA|0|0|0|0|NA|0
"080770005002"|0|1|1|0|0|0|0|1|1|1|0|0|0|1|0|7067|18228|7164|20160|10560|379|141|584|34806334|59599.8869863014|0
"080770016002"|0|1|0|0|0|0|0|1|1|1|1|0|1|0|0|NA|NA|NA|NA|NA|51|8|98|4292586|43801.8979591837|0
"080870002001"|0|1|0|0|0|0|0|1|1|1|1|0|0|1|0|3286|13480|NA|NA|NA|57|9|62|3426566|55267.1935483871|0
"080870006001"|0|1|0|0|0|0|0|1|1|1|1|0|0|1|0|3286|13480|NA|NA|NA|57|9|62|3426566|55267.1935483871|0
"080899686005"|0|1|0|0|0|0|0|1|1|1|1|0|0|1|0|3285|5625|NA|NA|6330|185|30|72|3496612|48564.0555555556|0
"080990003004"|0|1|0|0|0|0|0|1|1|1|1|0|1|0|0|3288|5616|NA|NA|6200|51|14|32|1536656|48020.5|0
"080990007002"|0|1|0|0|0|0|0|1|1|1|1|0|1|0|0|3288|5616|NA|NA|6200|51|14|32|1536656|48020.5|0
"081010009021"|0|1|1|0|0|0|0|1|1|1|0|0|0|1|0|7269|21851|5026|14942|9910|313|160|350|20507458|58592.7371428571|0
"081010009031"|0|1|1|0|0|0|0|1|1|1|0|0|0|1|0|7269|21851|5026|14942|9910|313|160|350|20507458|58592.7371428571|0
"081010009041"|0|1|1|0|0|0|0|1|1|1|0|0|0|1|0|7269|21851|5026|14942|9910|313|160|350|20507458|58592.7371428571|0
"081010015002"|0|1|0|0|0|0|0|1|1|1|0|0|0|1|0|6216|13680|NA|NA|NA|224|60|196|11604098|59204.5816326531|0
"081010030042"|0|1|1|0|0|0|0|1|1|1|0|0|0|1|0|7269|21851|5026|14942|9910|313|160|350|20507458|58592.7371428571|0
"081039512001"|0|1|0|0|0|0|0|1|1|1|1|0|0|1|0|3286|5626|NA|NA|6654|76|28|84|4796324|57099.0952380952|0
"081039512002"|0|1|0|0|0|0|0|1|1|1|1|0|0|1|0|3286|5626|NA|NA|6654|76|28|84|4796324|57099.0952380952|0
"081039512003"|0|1|0|0|0|0|0|1|1|1|1|0|0|1|0|3286|5626|NA|NA|6654|76|28|84|4796324|57099.0952380952|0
"081230001001"|0|1|0|0|0|0|0|1|1|1|1|0|1|0|0|NA|NA|NA|NA|NA|4|0|0|0|NA|0
"081230002002"|0|1|1|0|0|0|0|1|1|1|0|0|0|0|1|6906|18492|9774|19068|10770|916|291|970|68907204|71038.3546391753|0
"081230009001"|0|1|0|0|0|0|0|1|0|0|0|0|1|0|0|NA|NA|NA|NA|NA|0|0|0|0|NA|0
"081230014111"|0|1|0|0|0|0|0|1|1|1|1|0|0|1|0|2538|10206|NA|NA|NA|259|66|216|13292662|61540.1018518519|0
"090010201001"|0|1|0|0|0|0|0|1|1|1|0|0|0|1|0|11224|33016|NA|NA|NA|0|0|0|0|NA|0
"090010216004"|0|1|0|0|0|0|0|1|1|1|0|0|0|1|0|11224|33016|NA|NA|NA|0|0|0|0|NA|0
"090010431001"|0|2|1|0|0|0|0|2|2|2|1|0|1|1|0|16260|23700|NA|NA|NA|143|40|190|15374256|NA|0
"090010431003"|0|1|1|0|0|0|0|1|1|1|0|0|1|0|0|12540|12540|16800|16800|NA|0|0|0|0|NA|0
"090010504001"|0|1|0|0|0|0|0|1|1|0|0|1|1|0|0|NA|NA|NA|NA|NA|0|0|0|0|NA|0
"090010504002"|0|1|0|0|0|0|0|1|1|0|0|1|1|0|0|NA|NA|NA|NA|NA|0|0|0|0|NA|0
"090010601001"|0|1|1|0|0|0|0|1|1|1|0|0|0|1|0|38050|38050|20745|20745|14450|556|206|560|45997240|82137.9285714286|0
"090010607001"|0|1|1|0|0|0|0|1|1|1|0|0|0|1|0|45350|45350|16632|16632|13860|537|182|542|52600068|97048.0959409594|0
"090010607005"|0|1|1|0|0|0|0|1|1|1|0|0|0|1|0|45350|45350|16632|16632|13860|537|182|542|52600068|97048.0959409594|0
"090010705001"|0|1|1|0|0|0|0|1|1|1|0|0|0|1|0|29550|29550|14940|14940|13320|327|37|260|20097254|77297.1307692308|0
"090010706001"|0|1|0|0|0|0|0|1|1|1|1|0|0|1|0|3720|11160|NA|NA|NA|133|34|162|11767446|72638.5555555556|0
"090010706002"|0|1|0|0|0|0|0|1|1|1|1|0|0|1|0|3720|11160|NA|NA|NA|133|34|162|11767446|72638.5555555556|0
"090010731003"|0|1|0|0|0|0|0|1|0|0|0|1|1|0|0|NA|NA|NA|NA|NA|0|0|0|0|NA|0
"090010732002"|0|1|0|0|0|0|0|1|0|0|0|1|1|0|0|NA|NA|NA|NA|NA|0|0|0|0|NA|0
"090010737003"|0|1|0|0|0|0|0|1|1|0|0|1|1|0|0|12018|12018|NA|NA|NA|0|0|0|0|NA|0
"090010738003"|0|1|0|0|0|0|0|1|1|0|0|1|1|0|0|NA|NA|NA|NA|NA|0|0|0|0|NA|0
"090010804001"|0|1|0|0|0|0|0|1|1|0|0|1|0|1|0|17220|17220|NA|NA|NA|0|0|0|0|NA|0
"090010805001"|0|1|0|0|0|0|0|1|1|0|0|1|1|0|0|NA|NA|NA|NA|NA|0|0|0|0|NA|0
"090010805002"|0|1|0|0|0|0|0|1|1|0|0|1|1|0|0|NA|NA|NA|NA|NA|0|0|0|0|NA|0
"090011103022"|0|1|0|0|0|0|0|1|1|0|0|1|1|0|0|NA|NA|NA|NA|NA|0|0|0|0|NA|0
"090012101001"|0|1|0|0|0|0|0|1|1|0|0|1|1|0|0|NA|NA|NA|NA|NA|0|0|0|0|NA|0
"090012101002"|0|2|0|0|0|0|0|2|2|0|0|2|2|0|0|NA|NA|NA|NA|NA|0|0|0|0|NA|0
"090012101003"|0|1|0|0|0|0|0|1|1|0|0|1|1|0|0|NA|NA|NA|NA|NA|0|0|0|0|NA|0
"090012102002"|0|2|1|0|0|0|0|2|2|1|0|1|1|1|0|NA|NA|NA|NA|NA|383|94|448|40350680|NA|0
"090012104002"|0|1|0|0|0|0|0|1|1|0|0|1|1|0|0|NA|NA|NA|NA|NA|0|0|0|0|NA|0
"090012104004"|0|1|0|0|0|0|0|1|1|0|0|1|1|0|0|NA|NA|NA|NA|NA|0|0|0|0|NA|0
"090012305022"|0|1|0|0|0|0|0|1|1|0|0|1|1|0|0|NA|NA|NA|NA|NA|0|0|0|0|NA|0
"090012572001"|0|1|0|0|0|0|0|1|1|1|0|0|1|0|0|15506|15506|NA|NA|NA|20|5|32|1989220|62163.125|0
"090012572002"|0|1|0|0|0|0|0|1|1|1|1|0|0|1|0|3720|11160|NA|NA|NA|133|34|162|11767446|72638.5555555556|0
"090034058001"|0|1|0|0|0|0|0|1|1|0|0|1|1|0|0|NA|NA|NA|NA|NA|0|0|0|0|NA|0
"090034058003"|0|1|0|0|0|0|0|1|1|0|0|1|1|0|0|NA|NA|NA|NA|NA|0|0|0|0|NA|0
"090034154001"|0|1|0|0|0|0|0|1|1|0|0|1|1|0|0|NA|NA|NA|NA|NA|0|0|0|0|NA|0
"090034154002"|0|1|0|0|0|0|0|1|1|0|0|1|1|0|0|NA|NA|NA|NA|NA|0|0|0|0|NA|0
"090034163002"|0|1|1|0|0|0|0|1|1|1|0|0|0|1|0|6888|9048|8424|8802|NA|60|24|0|0|NA|0
"090034172001"|0|2|2|0|0|0|0|2|2|2|0|0|0|1|1|12104|25930|14920|26904|NA|586|190|892|81647984|NA|0
"090034173001"|0|2|2|0|0|0|0|2|2|2|0|0|0|1|1|12104|25930|14920|26904|NA|586|190|892|81647984|NA|0
"090034301001"|0|1|0|0|0|0|0|1|1|0|0|1|1|0|0|NA|NA|NA|NA|NA|0|0|0|0|NA|0
"090034302032"|0|1|0|0|0|0|0|1|1|0|0|1|1|0|0|NA|NA|NA|NA|NA|0|0|0|0|NA|0
"090034306012"|0|1|0|0|0|0|0|1|1|1|0|0|1|0|0|18780|18780|NA|NA|11300|41|8|44|2247766|51085.5909090909|0
"090034602042"|0|1|0|0|0|0|0|1|1|1|1|0|0|1|0|3720|11160|NA|NA|NA|96|29|120|9745384|81211.5333333333|0
"090034735011"|0|1|0|0|0|0|0|1|1|0|0|1|1|0|0|NA|NA|NA|NA|NA|0|0|0|0|NA|0
"090034735021"|0|1|0|0|0|0|0|1|1|0|0|1|1|0|0|NA|NA|NA|NA|NA|0|0|0|0|NA|0
"090034808001"|0|1|0|0|0|0|0|1|1|1|1|0|0|1|0|3720|11160|NA|NA|NA|79|13|56|4239758|75709.9642857143|0
"090034808002"|0|1|0|0|0|0|0|1|1|1|1|0|0|1|0|3720|11160|NA|NA|NA|79|13|56|4239758|75709.9642857143|0
"090034808004"|0|1|0|0|0|0|0|1|1|1|1|0|0|1|0|3720|11160|NA|NA|NA|79|13|56|4239758|75709.9642857143|0
"090034841001"|0|1|0|0|0|0|0|1|1|0|0|1|1|0|0|NA|NA|NA|NA|NA|0|0|0|0|NA|0
"090034841002"|0|1|0|0|0|0|0|1|1|0|0|1|1|0|0|NA|NA|NA|NA|NA|0|0|0|0|NA|0
"090034922001"|0|1|0|0|0|0|0|1|1|0|0|1|1|0|0|NA|NA|NA|NA|NA|0|0|0|0|NA|0
"090034941003"|0|1|0|0|0|0|0|1|1|0|0|1|1|0|0|NA|NA|NA|NA|NA|0|0|0|0|NA|0
"090034941004"|0|1|0|0|0|0|0|1|1|0|0|1|1|0|0|NA|NA|NA|NA|NA|0|0|0|0|NA|0
"090034961001"|0|1|0|0|0|0|0|1|1|0|0|1|1|0|0|NA|NA|NA|NA|NA|0|0|0|0|NA|0
"090034961002"|0|1|0|0|0|0|0|1|1|0|0|1|1|0|0|NA|NA|NA|NA|NA|0|0|0|0|NA|0
"090034972002"|0|1|1|0|0|0|0|1|1|1|0|0|0|1|0|35220|35220|12822|12822|10750|386|71|262|20891856|79739.9083969466|0
"090035021001"|0|1|1|0|0|0|0|2|2|2|1|0|1|1|0|NA|NA|NA|NA|NA|109|21|132|10165322|181964.46031746|0
"090035021002"|0|2|1|0|0|0|0|3|2|2|1|1|2|1|0|NA|NA|NA|NA|NA|109|21|132|10165322|NA|0
"090035025001"|0|1|0|0|0|0|0|1|0|0|0|1|1|0|0|NA|NA|NA|NA|NA|0|0|0|0|NA|0
"090035025002"|0|1|0|0|0|0|0|1|0|0|0|1|1|0|0|NA|NA|NA|NA|NA|0|0|0|0|NA|0
"090035027001"|0|1|1|0|0|0|0|1|1|1|0|0|0|1|0|50350|50350|13075|13075|13680|403|142|420|39907618|95018.1380952381|0
"090035027002"|0|1|1|0|0|0|0|1|1|1|0|0|0|1|0|50350|50350|13075|13075|13680|403|142|420|39907618|95018.1380952381|0
"090035027003"|0|1|1|0|0|0|0|1|1|1|0|0|0|1|0|50350|50350|13075|13075|13680|403|142|420|39907618|95018.1380952381|0
"090035029002"|0|1|0|0|0|0|0|1|1|0|0|1|1|0|0|NA|NA|NA|NA|NA|0|0|0|0|NA|0
"090035031002"|0|1|0|0|0|0|0|1|1|0|0|1|1|0|0|NA|NA|NA|NA|NA|0|0|0|0|NA|0
"090035031003"|0|1|0|0|0|0|0|1|1|0|0|1|1|0|0|NA|NA|NA|NA|NA|0|0|0|0|NA|0
"090035038001"|0|1|1|0|0|0|0|1|1|1|0|0|0|1|0|35036|35036|12060|12060|11986|599|226|730|58173456|79689.6657534247|0
"090035042001"|0|0|1|0|0|0|0|1|1|1|0|0|1|0|0|NA|NA|12672|12672|NA|18|4|14|1213770|86697.8571428571|0
"090035042003"|0|0|1|0|0|0|0|1|1|1|0|0|1|0|0|NA|NA|12672|12672|NA|18|4|14|1213770|86697.8571428571|0
"090035045001"|0|1|1|0|0|0|0|1|1|1|0|0|0|1|0|50350|50350|13075|13075|13680|403|142|420|39907618|95018.1380952381|0
"090035104001"|0|1|0|0|0|0|0|1|1|0|0|1|1|0|0|NA|NA|NA|NA|NA|0|0|0|0|NA|0
"090035108001"|0|1|0|0|0|0|0|1|1|1|0|0|0|1|0|19500|19500|NA|NA|NA|208|53|174|11203434|64387.5517241379|0
"090035113002"|0|1|0|0|0|0|0|1|1|0|0|1|1|0|0|NA|NA|NA|NA|NA|0|0|0|0|NA|0
"090035151012"|0|1|0|0|0|0|0|1|1|1|1|0|0|1|0|3720|11160|NA|NA|NA|176|40|206|16273020|78995.2427184466|0
"090035151021"|0|1|0|0|0|0|0|1|1|1|1|0|0|1|0|3720|11160|NA|NA|NA|176|40|206|16273020|78995.2427184466|0
"090035247003"|0|1|0|0|0|0|0|1|0|0|0|1|1|0|0|NA|NA|NA|NA|NA|0|0|0|0|NA|0
"090053201002"|0|1|0|0|0|0|0|1|1|1|1|0|0|1|0|3720|11160|NA|NA|NA|62|14|56|4420906|78944.75|0
"090075415001"|0|1|1|0|0|0|0|1|1|1|0|0|0|1|0|50312|50312|50312|50312|13950|573|169|744|78930446|106089.309139785|0
"090075422001"|0|1|0|0|0|0|0|1|0|0|0|1|1|0|0|NA|NA|NA|NA|NA|0|0|0|0|NA|0
"090075703001"|0|1|1|0|0|0|0|1|1|1|0|0|1|0|0|7680|7680|5760|5760|2730|17|7|34|1287954|37881|0
"090075703002"|0|1|1|0|0|0|0|1|1|1|0|0|1|0|0|7680|7680|5760|5760|2730|17|7|34|1287954|37881|0
"090075703003"|0|1|1|0|0|0|0|1|1|1|0|0|1|0|0|7680|7680|5760|5760|2730|17|7|34|1287954|37881|0
"090076802001"|0|1|0|0|0|0|0|1|1|1|1|0|0|1|0|3720|11160|NA|NA|NA|64|13|88|7148904|81237.5454545455|0
"090076802004"|0|1|0|0|0|0|0|1|1|1|1|0|0|1|0|3720|11160|NA|NA|NA|64|13|88|7148904|81237.5454545455|0
"090091301011"|0|1|0|0|0|0|0|1|1|0|0|1|1|0|0|NA|NA|NA|NA|NA|0|0|0|0|NA|0
"090091401001"|0|1|1|0|0|0|0|2|2|1|1|1|1|1|0|NA|NA|NA|NA|NA|137|44|206|17143270|NA|0
"090091403002"|0|0|1|0|0|0|0|1|1|0|0|1|1|0|0|NA|NA|2000|2000|NA|0|0|0|0|NA|0
"090091413001"|0|1|1|0|0|0|0|1|1|1|0|0|0|0|1|5216|16882|6497|18102|11975|523|157|846|75711430|89493.4160756501|0
"090091413004"|0|1|1|0|0|0|0|1|1|1|0|0|0|0|1|5216|16882|6497|18102|11975|523|157|846|75711430|89493.4160756501|0
"090091414001"|0|1|1|0|0|0|0|1|1|1|0|0|0|0|1|5216|16882|6497|18102|11975|523|157|846|75711430|89493.4160756501|0
"090091418003"|0|2|2|0|0|1|0|2|2|2|0|0|0|1|1|79516|79516|60520|60520|29186|6813|1533|2732|389543772|217566.573437644|0
"090091418004"|0|1|1|0|0|0|0|1|1|1|0|0|0|1|0|30036|30036|20720|20720|14016|118|38|82|5971428|72822.2926829268|0
"090091420003"|0|1|1|0|0|1|0|1|1|1|0|0|0|0|1|49480|49480|39800|39800|15170|6695|1495|2650|383572344|144744.280754717|0
"090091507001"|0|1|0|0|0|0|0|1|0|0|0|1|1|0|0|3710|3710|NA|NA|NA|0|0|0|0|NA|0
"090091507002"|0|1|0|0|0|0|0|1|0|0|0|1|1|0|0|3710|3710|NA|NA|NA|0|0|0|0|NA|0
"090091508003"|0|1|0|0|0|0|0|1|0|0|0|1|1|0|0|3710|3710|NA|NA|NA|0|0|0|0|NA|0
"090091542005"|0|1|0|0|0|0|0|1|1|0|0|1|1|0|0|NA|NA|NA|NA|NA|0|0|0|0|NA|0
"090091542006"|0|1|0|0|0|0|0|1|1|0|0|1|1|0|0|NA|NA|NA|NA|NA|0|0|0|0|NA|0
"090091547001"|0|1|0|0|0|0|0|1|1|0|0|1|1|0|0|NA|NA|NA|NA|NA|0|0|0|0|NA|0
"090091547006"|0|1|0|0|0|0|0|1|1|0|0|1|1|0|0|NA|NA|NA|NA|NA|0|0|0|0|NA|0
"090091656004"|0|1|0|0|0|0|0|1|1|1|0|0|1|0|0|15000|15000|NA|NA|NA|10|3|16|661952|41372|0
"090091657001"|0|1|0|0|0|0|0|1|0|0|0|1|1|0|0|NA|NA|NA|NA|NA|0|0|0|0|NA|0
"090091657002"|0|1|0|0|0|0|0|1|0|0|0|1|1|0|0|NA|NA|NA|NA|NA|0|0|0|0|NA|0
"090091659003"|0|1|1|0|0|1|0|1|1|1|0|0|0|1|0|41990|41990|17730|17730|15170|813|181|740|78465766|106034.818918919|0
"090091660021"|0|1|1|0|0|1|0|1|1|1|0|0|0|1|0|41990|41990|17730|17730|15170|813|181|740|78465766|106034.818918919|0
"090091660023"|0|1|1|0|0|1|0|1|1|1|0|0|0|1|0|41990|41990|17730|17730|15170|813|181|740|78465766|106034.818918919|0
"090091660024"|0|1|1|0|0|1|0|1|1|1|0|0|0|1|0|41990|41990|17730|17730|15170|813|181|740|78465766|106034.818918919|0
"090091672022"|0|1|0|0|0|0|0|1|1|0|0|1|1|0|0|NA|NA|NA|NA|NA|0|0|0|0|NA|0
"090091672023"|0|1|0|0|0|0|0|1|1|0|0|1|1|0|0|NA|NA|NA|NA|NA|0|0|0|0|NA|0
"090091754001"|0|1|0|0|0|0|0|1|1|0|0|1|1|0|0|NA|NA|NA|NA|NA|0|0|0|0|NA|0
"090091842002"|0|3|0|0|0|0|0|3|3|0|0|3|3|0|0|NA|NA|NA|NA|NA|0|0|0|0|NA|0
"090091901002"|0|1|0|0|0|0|0|1|1|0|0|1|1|0|0|NA|NA|NA|NA|NA|0|0|0|0|NA|0
"090091902001"|0|1|0|0|0|0|0|1|1|0|0|1|1|0|0|NA|NA|NA|NA|NA|0|0|0|0|NA|0
"090091902002"|0|1|0|0|0|0|0|1|1|0|0|1|1|0|0|NA|NA|NA|NA|NA|0|0|0|0|NA|0
"090091902003"|0|1|0|0|0|0|0|1|1|0|0|1|1|0|0|NA|NA|NA|NA|NA|0|0|0|0|NA|0
"090093501001"|0|1|0|0|0|0|0|1|1|1|0|0|0|1|0|11224|33016|NA|NA|NA|0|0|0|0|NA|0
"090093501002"|0|1|0|0|0|0|0|1|1|1|0|0|0|1|0|11224|33016|NA|NA|NA|0|0|0|0|NA|0
"090093501003"|0|1|0|0|0|0|0|1|1|1|0|0|0|1|0|11224|33016|NA|NA|NA|0|0|0|0|NA|0
"090093504003"|0|1|0|0|0|0|0|1|1|1|0|0|0|1|0|11224|33016|NA|NA|NA|0|0|0|0|NA|0
"090093505001"|0|1|0|0|0|0|0|1|1|0|0|1|1|0|0|NA|NA|NA|NA|NA|0|0|0|0|NA|0
"090093505002"|0|2|0|0|0|0|0|2|2|1|0|1|1|1|0|NA|NA|NA|NA|NA|0|0|0|0|NA|0
"090093512003"|0|1|0|0|0|0|0|1|1|1|0|0|0|1|0|11224|33016|NA|NA|NA|0|0|0|0|NA|0
"090093518001"|0|1|0|0|0|0|0|1|1|1|1|0|0|1|0|3720|11160|NA|NA|NA|170|43|202|16144792|79924.7128712871|0
"090093518003"|0|1|0|0|0|0|0|1|1|1|1|0|0|1|0|3720|11160|NA|NA|NA|170|43|202|16144792|79924.7128712871|0
"090093519001"|0|1|1|0|0|0|0|1|1|1|0|0|0|1|0|15258|15258|7500|7500|10500|384|36|120|8461730|70514.4166666667|0
"090093519002"|0|2|1|0|0|0|0|2|2|2|0|0|0|2|0|26482|48274|NA|NA|NA|384|36|120|8461730|NA|0
"090093521001"|0|1|0|0|0|0|0|1|0|0|0|1|1|0|0|NA|NA|NA|NA|NA|0|0|0|0|NA|0
"090093522001"|0|2|0|0|0|0|0|2|1|0|0|2|2|0|0|NA|NA|NA|NA|NA|0|0|0|0|NA|0
"090093523001"|0|1|0|0|0|0|0|1|1|0|0|1|1|0|0|NA|NA|NA|NA|NA|0|0|0|0|NA|0
"090093523002"|0|2|0|0|0|0|0|2|2|1|0|1|1|1|0|NA|NA|NA|NA|NA|0|0|0|0|NA|0
"090093527012"|0|1|0|0|0|0|0|1|1|0|0|1|1|0|0|NA|NA|NA|NA|NA|0|0|0|0|NA|0
"090093527022"|0|1|0|0|0|0|0|1|1|0|0|1|1|0|0|NA|NA|NA|NA|NA|0|0|0|0|NA|0
"090093527023"|0|1|0|0|0|0|0|1|1|0|0|1|1|0|0|NA|NA|NA|NA|NA|0|0|0|0|NA|0
"090093528003"|0|1|0|0|0|0|0|1|1|0|0|1|1|0|0|NA|NA|NA|NA|NA|0|0|0|0|NA|0
"090093611001"|0|1|0|0|0|0|0|1|0|0|0|0|1|0|0|NA|NA|NA|NA|NA|0|0|0|0|NA|0
"090093611002"|0|1|0|0|0|0|0|1|0|0|0|0|1|0|0|NA|NA|NA|NA|NA|0|0|0|0|NA|0
"090093612003"|0|1|0|0|0|0|0|1|1|0|0|1|1|0|0|NA|NA|NA|NA|NA|0|0|0|0|NA|0
"090093614021"|0|1|1|0|0|1|0|1|1|1|0|0|0|0|1|49480|49480|39800|39800|15170|6695|1495|2650|383572344|144744.280754717|0
"090093614022"|0|1|1|0|0|1|0|1|1|1|0|0|0|0|1|49480|49480|39800|39800|15170|6695|1495|2650|383572344|144744.280754717|0
"090093615002"|0|1|1|0|0|0|0|1|1|1|0|0|0|1|0|35700|35700|15660|15660|15130|489|165|524|47822312|91263.9541984733|0
"090093615003"|0|1|1|0|0|0|0|1|1|1|0|0|0|1|0|35700|35700|15660|15660|15130|489|165|524|47822312|91263.9541984733|0
"090116907001"|0|1|0|0|0|0|0|1|1|0|0|1|1|0|0|NA|NA|NA|NA|NA|0|0|0|0|NA|0
"090116909001"|0|1|0|0|0|0|0|1|1|1|0|0|1|0|0|29890|29890|NA|NA|12500|116|28|46|3164344|68790.0869565217|0
"090116963001"|0|1|0|0|0|0|0|1|0|0|0|1|1|0|0|NA|NA|NA|NA|NA|0|0|0|0|NA|0
"090116963002"|0|1|0|0|0|0|0|1|0|0|0|1|1|0|0|NA|NA|NA|NA|NA|0|0|0|0|NA|0
"090116967003"|0|1|0|0|0|0|0|1|1|1|1|0|0|1|0|3720|11160|NA|NA|NA|93|28|136|10311926|75822.9852941177|0
"090117026001"|0|1|0|0|0|0|0|1|1|1|0|0|1|0|0|11224|33016|NA|NA|NA|0|0|0|0|NA|0
"090117027001"|0|1|0|0|0|0|0|1|1|0|0|1|1|0|0|NA|NA|NA|NA|NA|0|0|0|0|NA|0
"090118703002"|0|2|1|0|0|0|0|2|2|2|0|0|1|1|0|NA|NA|NA|NA|NA|590|154|478|41291780|158092.286154225|0
"090118703003"|0|2|1|0|0|0|0|2|2|2|0|0|1|1|0|NA|NA|NA|NA|NA|590|154|478|41291780|158092.286154225|0
"090119901000"|0|1|0|0|0|0|0|1|1|1|0|0|1|0|0|11224|33016|NA|NA|NA|0|0|0|0|NA|0
"090135382013"|0|1|0|0|0|0|0|1|1|0|0|1|1|0|0|NA|NA|NA|NA|NA|0|0|0|0|NA|0
"090138812001"|0|1|1|0|1|1|0|1|1|1|0|0|0|0|1|11224|33016|13726|34762|12436|6418|2258|3036|345281174|113728.976943347|0
"090138813002"|0|1|1|0|1|1|0|1|1|1|0|0|0|0|1|11224|33016|13726|34762|12436|6418|2258|3036|345281174|113728.976943347|0
"090158003002"|0|1|0|0|0|0|0|1|1|0|0|1|1|0|0|NA|NA|NA|NA|NA|0|0|0|0|NA|0
"090158003003"|0|3|1|0|0|0|0|3|2|1|0|2|2|1|0|NA|NA|NA|NA|NA|395|88|398|34317992|NA|0
"090159044004"|0|1|0|0|0|0|0|1|1|1|1|0|0|1|0|3720|11160|NA|NA|NA|63|15|60|4404022|73400.3666666667|0
"100010407001"|0|3|1|1|0|0|0|3|3|2|0|0|0|1|1|NA|NA|NA|NA|NA|1223|352|1284|95669532|NA|0
"100010409001"|0|1|1|0|0|0|0|1|1|1|0|0|0|1|0|25646|25646|10800|10800|11244|105|57|148|9601690|64876.2837837838|0
"100010414001"|0|1|0|0|0|0|0|1|1|0|0|1|1|0|0|NA|NA|NA|NA|NA|0|0|0|0|NA|0
"100010415001"|0|1|0|0|0|0|0|1|1|0|0|1|1|0|0|NA|NA|NA|NA|NA|0|0|0|0|NA|0
"100010433001"|0|3|1|1|0|0|0|3|3|2|0|0|0|1|1|NA|NA|NA|NA|NA|1223|352|1284|95669532|NA|0
"100030011001"|0|0|0|0|0|0|0|1|0|0|0|0|0|0|0|NA|NA|NA|NA|NA|0|0|0|0|NA|0
"100030028001"|0|1|0|0|0|0|0|2|1|1|1|0|1|0|0|NA|NA|NA|NA|NA|17|5|14|782798|NA|0
"100030028002"|0|0|0|0|0|0|0|1|0|0|0|0|0|0|0|NA|NA|NA|NA|NA|0|0|0|0|NA|0
"100030112012"|0|1|1|0|0|0|0|1|0|0|0|0|1|0|0|NA|NA|NA|NA|NA|0|0|0|0|NA|0
"100030114003"|0|1|0|0|0|0|0|1|1|0|0|1|1|0|0|NA|NA|NA|NA|NA|0|0|0|0|NA|0
"100030122002"|0|1|0|0|0|0|0|1|1|0|0|1|1|0|0|NA|NA|NA|NA|NA|0|0|0|0|NA|0
"100030136071"|0|1|1|0|0|0|0|1|1|1|0|0|0|1|0|23400|23400|18900|18900|7699|49|19|40|3049228|76230.7|0
"100030136102"|0|1|0|0|0|0|0|1|1|0|0|1|1|0|0|NA|NA|NA|NA|NA|0|0|0|0|NA|0
"100030138002"|0|1|1|0|0|0|0|1|1|1|0|0|1|0|0|14040|14040|14325|14325|NA|3|0|4|287262|71815.5|0
"100030140002"|0|1|1|0|0|0|0|1|1|1|0|0|1|0|0|14040|14040|14325|14325|NA|3|0|4|287262|71815.5|0
"100030145021"|0|1|0|0|0|0|0|1|1|0|0|1|1|0|0|NA|NA|NA|NA|NA|0|0|0|0|NA|0
"100030145022"|0|1|1|0|0|0|0|1|1|1|0|0|0|0|1|11540|30960|30960|30960|12068|3080|928|2272|256909160|113076.214788732|0
"100030147021"|0|1|0|0|0|0|0|1|1|0|0|1|1|0|0|NA|NA|NA|NA|NA|0|0|0|0|NA|0
"100030163012"|0|2|0|0|0|0|0|2|2|0|0|2|2|0|0|NA|NA|NA|NA|NA|0|0|0|0|NA|0
"100050509021"|0|1|0|0|0|0|0|1|1|0|0|1|1|0|0|5400|5400|NA|NA|NA|0|0|0|0|NA|0
"100050515003"|0|1|0|0|0|0|0|1|1|0|0|1|1|0|0|NA|NA|NA|NA|NA|0|0|0|0|NA|0
"110010002011"|0|1|1|0|0|1|0|1|1|1|0|0|0|0|1|49968|49968|46272|46272|14962|3181|734|2022|268444170|132761.706231454|0
"110010002022"|0|1|0|0|0|0|0|1|1|0|0|1|1|0|0|9600|9600|NA|NA|NA|0|0|0|0|NA|0
"110010002024"|0|1|1|0|0|1|0|1|1|1|0|0|0|0|1|49968|49968|46272|46272|14962|3181|734|2022|268444170|132761.706231454|0
"110010006001"|0|1|2|1|0|0|0|2|2|2|0|0|1|1|0|NA|NA|NA|NA|NA|501|135|476|39420692|206096.392912773|0
"110010008022"|0|1|1|0|0|1|0|1|1|1|0|0|0|0|1|49968|49968|46272|46272|14962|3181|734|2022|268444170|132761.706231454|0
"110010009013"|0|1|2|0|0|0|0|2|2|2|0|0|1|0|1|NA|NA|46572|46572|NA|1756|504|1612|164729512|193043.486925701|0
"110010012004"|0|1|2|1|0|0|0|2|2|2|0|0|1|1|0|NA|NA|NA|NA|NA|501|135|476|39420692|206096.392912773|0
"110010023021"|0|1|2|0|0|0|0|2|2|2|0|0|1|1|0|NA|NA|59850|59850|NA|958|257|844|73044962|176895.440677966|0
"110010034002"|0|1|1|1|1|1|0|1|1|1|0|0|0|1|0|23419|23419|31309|31309|13280|1115|380|1860|149723196|80496.3419354839|0
"110010047021"|0|1|1|0|0|0|0|1|1|1|0|0|1|0|0|12012|12012|16800|16800|NA|6|1|0|0|NA|0
"110010052012"|0|0|1|0|0|0|0|1|1|1|0|0|1|0|0|NA|NA|19000|19000|NA|24|8|46|2690142|58481.347826087|0
"110010059001"|0|1|1|0|0|0|0|1|1|1|0|0|1|0|0|12012|12012|16800|16800|NA|6|1|0|0|NA|0
"110010088031"|0|1|1|0|0|0|0|1|1|1|0|0|0|1|0|15552|15552|17100|17100|13040|577|191|364|36580432|100495.692307692|0
"110010092011"|0|2|2|0|0|0|0|3|3|2|0|1|2|1|0|NA|NA|NA|NA|NA|122|20|166|10504660|NA|0
"110010095013"|0|1|2|0|0|0|0|2|2|2|0|0|1|1|0|NA|NA|59850|59850|NA|958|257|844|73044962|176895.440677966|0
"110010101001"|0|3|2|0|0|0|0|4|3|3|1|0|4|0|0|NA|NA|NA|NA|NA|92|48|56|3459172|NA|0
"110010101002"|0|2|2|0|0|0|0|2|2|2|0|0|0|2|0|28080|28080|28650|28650|NA|725|129|150|10778248|151092.470149254|0
"110010102001"|0|1|0|0|0|0|0|1|1|1|1|0|1|0|0|NA|NA|NA|NA|NA|0|0|0|0|NA|0
"110010107001"|0|1|0|0|0|0|0|1|1|0|0|1|1|0|0|NA|NA|NA|NA|NA|0|0|0|0|NA|0
"110010108003"|0|1|1|0|0|1|0|1|1|1|0|0|0|0|1|49718|49718|28800|28800|12500|3064|423|2176|285617620|131258.097426471|0
"120010004003"|0|0|1|0|0|0|0|1|1|1|0|0|1|0|0|NA|NA|10600|10600|NA|4|1|2|60000|30000|0
"120010005001"|0|0|1|0|0|0|0|1|1|1|0|0|1|0|0|NA|NA|43350|43350|NA|9|5|0|0|NA|0
"120010005004"|0|1|0|0|0|0|0|1|1|0|0|1|1|0|0|NA|NA|NA|NA|NA|0|0|0|0|NA|0
"120010007001"|0|0|1|0|0|0|0|1|1|1|0|0|1|0|0|NA|NA|43350|43350|NA|9|5|0|0|NA|0
"120010007004"|0|1|0|0|0|0|0|1|1|0|0|1|1|0|0|NA|NA|NA|NA|NA|0|0|0|0|NA|0
"120010009021"|0|2|1|0|0|1|0|2|2|2|0|0|0|1|1|7835|40694|NA|NA|NA|8537|1873|4194|479978360|154979.332061069|0
"120010009022"|0|2|1|0|0|1|0|2|2|2|0|0|0|1|1|7835|40694|NA|NA|NA|8537|1873|4194|479978360|154979.332061069|0
"120010009023"|0|2|1|0|0|1|0|2|2|2|0|0|0|1|1|7835|40694|NA|NA|NA|8537|1873|4194|479978360|154979.332061069|0
"120010009024"|0|2|1|0|0|1|0|2|2|2|0|0|0|1|1|7835|40694|NA|NA|NA|8537|1873|4194|479978360|154979.332061069|0
"120010010004"|0|2|1|0|0|1|0|2|2|2|0|0|0|1|1|7835|40694|NA|NA|NA|8537|1873|4194|479978360|154979.332061069|0
"120010016044"|0|2|0|0|0|0|0|2|2|1|0|1|2|0|0|NA|NA|NA|NA|NA|27|12|8|360616|NA|0
"120010017012"|0|1|0|0|0|0|0|1|1|1|0|0|0|0|1|1872|7418|NA|NA|NA|507|232|478|24224402|50678.6652719665|0
"120010021011"|0|1|0|0|0|0|0|1|1|0|0|1|1|0|0|NA|NA|NA|NA|NA|0|0|0|0|NA|0
"120010021012"|0|1|0|0|0|0|0|1|1|0|0|1|1|0|0|NA|NA|NA|NA|NA|0|0|0|0|NA|0
"120010022173"|0|2|0|0|0|0|0|2|2|1|0|1|2|0|0|NA|NA|NA|NA|NA|27|12|8|360616|NA|0
"120010022201"|0|1|0|0|0|0|0|1|1|0|0|1|1|0|0|NA|NA|NA|NA|NA|0|0|0|0|NA|0
"120011108001"|0|1|0|0|0|0|0|1|1|0|0|1|1|0|0|NA|NA|NA|NA|NA|0|0|0|0|NA|0
"120050013021"|0|1|0|0|0|0|0|1|1|0|0|1|1|0|0|NA|NA|NA|NA|NA|0|0|0|0|NA|0
"120050024002"|0|1|0|0|0|0|0|1|1|1|0|0|0|1|0|1750|7064|NA|NA|NA|214|88|298|16345778|54851.6040268456|0
"120070002002"|0|1|0|0|0|0|0|1|1|0|0|1|1|0|0|NA|NA|NA|NA|NA|0|0|0|0|NA|0
"120090624001"|0|1|0|0|0|0|0|1|1|1|0|0|0|0|1|1892|7573|NA|NA|NA|526|221|526|28045514|53318.4676806084|0
"120090645002"|0|1|1|0|0|0|0|1|1|1|0|0|1|0|0|12729|12729|10680|10680|NA|10|1|6|263514|43919|0
"120090646022"|0|1|0|0|0|0|0|1|1|0|0|1|1|0|0|NA|NA|NA|NA|NA|0|0|0|0|NA|0
"120090647005"|0|1|0|0|0|0|0|1|1|0|0|1|1|0|0|NA|NA|NA|NA|NA|0|0|0|0|NA|0
"120090649012"|0|2|2|0|0|0|0|2|2|2|0|0|0|2|0|51936|51936|38466|38466|NA|813|287|622|55895460|180143.325082508|0
"120090671001"|0|0|0|0|0|0|0|1|0|0|0|0|0|0|0|NA|NA|NA|NA|NA|0|0|0|0|NA|0
"120090698011"|0|1|0|0|0|0|0|1|1|0|0|1|1|0|0|NA|NA|NA|NA|NA|0|0|0|0|NA|0
"120090715002"|0|1|0|0|0|0|0|1|1|0|0|1|0|0|0|NA|NA|NA|NA|NA|0|0|0|0|NA|0
"120110101021"|0|1|1|0|0|0|0|1|1|1|0|0|1|0|0|6360|6360|4770|4770|NA|13|2|18|780000|43333.3333333333|0
"120110101033"|0|1|1|0|0|0|0|1|1|1|0|0|1|0|0|6360|6360|4770|4770|NA|13|2|18|780000|43333.3333333333|0
"120110104053"|0|1|0|0|0|0|0|1|1|1|1|0|1|0|0|NA|NA|NA|NA|NA|10|1|6|308788|51464.6666666667|0
"120110105041"|0|1|0|0|0|0|0|1|1|0|0|1|1|0|0|NA|NA|NA|NA|NA|0|0|0|0|NA|0
"120110110001"|0|1|1|0|0|0|0|1|1|1|0|0|1|0|0|6360|6360|4770|4770|NA|13|2|18|780000|43333.3333333333|0
"120110201032"|0|1|0|0|0|0|0|1|1|0|0|1|1|0|0|NA|NA|NA|NA|NA|0|0|0|0|NA|0
"120110201033"|0|1|0|0|0|0|0|1|1|0|0|1|0|1|0|NA|NA|NA|NA|NA|0|0|0|0|NA|0
"120110202052"|0|1|0|0|0|0|0|1|1|1|1|0|1|0|0|NA|NA|NA|NA|NA|16|13|6|315100|52516.6666666667|0
"120110302021"|0|1|0|0|0|0|0|1|1|0|0|1|1|0|0|NA|NA|NA|NA|NA|0|0|0|0|NA|0
"120110308014"|0|1|0|0|0|0|0|1|1|1|0|0|1|0|0|NA|NA|NA|NA|NA|0|0|24|960000|40000|0
"120110310012"|0|1|1|0|0|0|0|1|1|1|0|0|1|0|0|12297|12297|10992|10992|NA|9|1|10|481610|48161|0
"120110403002"|0|1|0|0|0|0|0|1|1|0|0|1|1|0|0|NA|NA|NA|NA|NA|0|0|0|0|NA|0
"120110425002"|0|2|1|0|0|0|0|2|2|2|0|0|1|0|1|18944|18944|NA|NA|NA|908|251|790|48600526|125549.651282051|0
"120110502042"|0|1|0|0|0|0|0|1|1|1|1|0|1|0|0|15302|15302|NA|NA|NA|0|0|0|0|NA|0
"120110502071"|0|2|1|0|0|0|0|2|2|2|0|0|1|0|1|29008|29008|NA|NA|NA|1570|897|2066|127283184|111736.321463415|0
"120110503012"|0|1|0|0|0|0|0|1|1|1|1|0|1|0|0|16000|16000|NA|NA|NA|10|4|0|0|NA|0
"120110503014"|0|1|0|0|0|0|0|1|1|1|1|0|1|0|0|10962|10962|NA|NA|NA|17|6|2|90000|45000|0
"120110503061"|0|1|0|0|0|0|0|1|1|1|1|0|1|0|0|13480|13480|NA|NA|NA|26|22|24|1600398|66683.25|0
"120110503121"|0|1|0|0|0|0|0|1|0|0|0|0|1|0|0|NA|NA|NA|NA|NA|0|0|0|0|NA|0
"120110504012"|0|1|0|0|0|0|0|1|1|0|0|1|1|0|0|NA|NA|NA|NA|NA|0|0|0|0|NA|0
"120110506012"|0|1|0|0|0|0|0|1|1|0|0|1|1|0|0|NA|NA|NA|NA|NA|0|0|0|0|NA|0
"120110507022"|0|1|0|0|0|0|0|1|1|0|0|1|1|0|0|NA|NA|NA|NA|NA|0|0|0|0|NA|0
"120110601251"|0|1|0|0|0|0|0|1|1|0|0|1|1|0|0|NA|NA|NA|NA|NA|0|0|0|0|NA|0
"120110601262"|0|1|0|0|0|0|0|1|1|0|0|1|1|0|0|NA|NA|NA|NA|NA|0|0|0|0|NA|0
"120110604032"|0|1|1|0|0|0|0|1|1|1|0|0|1|0|0|7200|7200|6300|6300|NA|9|1|8|310000|38750|0
"120110608022"|0|1|0|0|0|0|0|1|1|0|0|1|1|0|0|NA|NA|NA|NA|NA|0|0|0|0|NA|0
"120110702041"|0|1|1|0|0|0|0|1|1|1|0|0|1|0|0|11760|11760|11430|11430|NA|19|3|4|248148|62037|0
"120110702042"|0|3|1|0|0|1|0|3|3|1|0|2|2|0|1|NA|NA|NA|NA|NA|2247|491|792|81855596|NA|0
"120110702072"|0|1|1|0|0|0|0|1|1|1|0|0|1|0|0|11760|11760|11430|11430|NA|19|3|4|248148|62037|0
"120110702101"|0|1|1|0|0|0|0|1|1|1|0|0|1|0|0|11760|11760|11430|11430|NA|19|3|4|248148|62037|0
"120110702102"|0|1|1|0|0|0|0|1|1|1|0|0|1|0|0|11760|11760|11430|11430|NA|19|3|4|248148|62037|0
"120110702112"|0|1|0|0|0|0|0|1|1|0|0|0|1|0|0|NA|NA|NA|NA|NA|0|0|0|0|NA|0
"120110706022"|0|1|0|0|0|0|0|1|1|0|0|1|1|0|0|NA|NA|NA|NA|NA|0|0|0|0|NA|0
"120110801021"|0|1|0|0|0|0|0|1|1|1|0|0|1|0|0|10785|10785|NA|NA|NA|5|0|8|396000|49500|0
"120110907001"|0|1|0|0|0|0|0|1|1|1|1|0|1|0|0|11520|11520|NA|NA|NA|18|11|2|130000|65000|0
"120110908012"|0|1|0|0|0|0|0|1|1|0|0|1|0|1|0|NA|NA|NA|NA|NA|0|0|0|0|NA|0
"120110914004"|0|1|0|0|0|0|0|1|1|0|0|1|1|0|0|NA|NA|NA|NA|NA|0|0|0|0|NA|0
"120111101004"|0|1|0|0|0|0|0|1|1|0|0|1|1|0|0|NA|NA|NA|NA|NA|0|0|0|0|NA|0
"120111103111"|0|1|1|0|0|0|0|1|1|1|0|0|1|0|0|9600|9600|11700|11700|NA|12|2|6|213962|35660.3333333333|0
"120111103123"|0|1|0|0|0|0|0|1|1|0|0|1|1|0|0|NA|NA|NA|NA|NA|0|0|0|0|NA|0
"120111103133"|0|1|0|0|0|0|0|1|1|1|1|0|1|0|0|13480|13480|NA|NA|NA|19|16|10|658966|65896.6|0
"120111103211"|0|4|0|0|0|0|0|4|4|4|2|0|4|0|0|NA|NA|NA|NA|NA|57|8|50|2943146|242196.634615385|0
"120111103212"|0|3|0|0|0|0|0|3|3|3|2|0|3|0|0|NA|NA|NA|NA|NA|44|7|46|2640728|166592.134615385|0
"120111103222"|0|3|0|0|0|0|0|3|3|3|2|0|3|0|0|NA|NA|NA|NA|NA|44|7|46|2640728|166592.134615385|0
"120111103381"|0|1|1|0|0|0|0|1|1|1|0|0|1|0|0|9600|9600|11700|11700|NA|12|2|6|213962|35660.3333333333|0
"120111103432"|0|1|1|0|0|0|0|1|1|1|0|0|0|1|0|17052|17052|18384|18384|NA|38|2|18|1625430|90301.6666666667|0
"120150203021"|0|1|0|0|0|0|0|1|1|0|0|1|1|0|0|2809|11625|NA|NA|NA|0|0|0|0|NA|0
"120174514002"|0|1|0|0|0|0|0|1|1|0|0|1|1|0|0|NA|NA|NA|NA|NA|0|0|0|0|NA|0
"120190303013"|0|1|0|0|0|0|0|1|0|0|0|0|1|0|0|NA|NA|NA|NA|NA|0|0|0|0|NA|0
"120190306001"|0|1|0|0|0|0|0|1|1|1|0|0|1|0|0|12729|12729|NA|NA|NA|25|3|14|641928|45852|0
"120190306002"|0|1|0|0|0|0|0|1|1|1|0|0|1|0|0|12729|12729|NA|NA|NA|25|3|14|641928|45852|0
"120190308021"|0|1|0|0|0|0|0|1|1|0|0|1|1|0|0|NA|NA|NA|NA|NA|0|0|0|0|NA|0
"120190309024"|0|1|0|0|0|0|0|1|1|0|0|1|1|0|0|NA|NA|NA|NA|NA|0|0|0|0|NA|0
"120190309033"|0|1|0|0|0|0|0|1|1|0|0|1|1|0|0|NA|NA|NA|NA|NA|0|0|0|0|NA|0
"120190309042"|0|1|0|0|0|0|0|1|1|1|1|0|1|0|0|14188|14188|NA|NA|NA|14|0|22|1369440|62247.2727272727|0
"120210102052"|0|0|1|0|0|0|0|1|1|1|0|0|1|0|0|NA|NA|25992|25992|NA|13|4|8|1080000|135000|0
"120210104161"|0|0|1|0|0|0|0|1|1|1|0|0|1|0|0|NA|NA|NA|NA|NA|37|16|46|3991170|86764.5652173913|0
"120210104163"|0|0|1|0|0|0|0|1|1|1|0|0|1|0|0|NA|NA|NA|NA|NA|37|16|46|3991170|86764.5652173913|0
"120210106021"|0|1|0|0|0|0|0|1|1|0|0|1|1|0|0|NA|NA|NA|NA|NA|0|0|0|0|NA|0
"120210106022"|0|1|0|0|0|0|0|1|1|0|0|1|1|0|0|NA|NA|NA|NA|NA|0|0|0|0|NA|0
"120210106053"|0|1|0|0|0|0|0|1|1|1|1|0|1|0|0|NA|NA|NA|NA|NA|3|0|4|190000|47500|0
"120210112013"|0|1|1|0|0|0|0|1|1|1|0|0|0|1|0|13200|13200|11880|11880|NA|102|15|94|5986254|63683.5531914894|0
"120210112021"|0|1|1|0|0|0|0|1|1|1|0|0|0|1|0|18332|18332|12600|12600|10492|128|34|130|8529712|65613.1692307692|0
"120210114001"|0|1|0|0|0|0|0|1|1|0|0|1|1|0|0|NA|NA|NA|NA|NA|0|0|0|0|NA|0
"120231103002"|0|1|0|0|0|0|0|1|1|1|0|0|0|1|0|2369|9743|NA|NA|NA|147|82|126|6667050|52913.0952380952|0
"120310001001"|0|1|0|0|0|0|0|1|1|0|0|1|1|0|0|NA|NA|NA|NA|NA|0|0|0|0|NA|0
"120310010001"|0|1|0|0|0|0|0|1|1|1|0|0|0|0|1|2203|7947|NA|NA|NA|952|411|776|42292014|54500.0180412371|0
"120310010002"|0|1|0|0|0|0|0|1|1|0|0|1|1|0|0|NA|NA|NA|NA|NA|0|0|0|0|NA|0
"120310025013"|0|1|0|0|0|0|0|1|1|0|0|1|1|0|0|NA|NA|NA|NA|NA|0|0|0|0|NA|0
"120310029022"|0|1|0|1|0|0|0|1|1|1|0|0|0|1|0|13325|13325|NA|NA|7282|122|35|116|5306046|45741.775862069|0
"120310109002"|0|1|0|0|0|0|0|1|1|0|0|1|1|0|0|NA|NA|NA|NA|NA|0|0|0|0|NA|0
"120310119032"|0|1|1|0|0|0|0|1|1|1|0|0|1|0|0|9990|9990|NA|NA|6070|23|13|26|1042624|40100.9230769231|0
"120310131001"|0|0|0|0|0|0|0|1|0|0|0|0|0|0|0|NA|NA|NA|NA|NA|0|0|0|0|NA|0
"120310132001"|0|0|0|0|0|0|0|1|0|0|0|0|0|0|0|NA|NA|NA|NA|NA|0|0|0|0|NA|0
"120310135033"|0|1|0|0|0|0|0|1|1|1|1|0|1|0|0|13480|13480|NA|NA|NA|16|15|16|1042800|65175|0
"120310144011"|0|2|1|0|0|0|0|2|2|1|0|1|1|0|1|NA|NA|NA|NA|NA|1231|331|1004|73167624|NA|0
"120310144014"|0|1|0|0|0|0|0|1|1|0|0|1|1|0|0|NA|NA|NA|NA|NA|0|0|0|0|NA|0
"120310144041"|0|1|1|0|0|0|0|1|1|1|0|0|0|0|1|3853|16199|8570|19585|9772|1231|331|1004|73167624|72876.1195219123|0
"120310144133"|0|1|0|0|0|0|0|1|1|1|1|0|1|0|0|15692|15692|NA|NA|NA|0|0|0|0|NA|0
"120310145001"|0|1|0|0|0|0|0|1|0|0|0|0|1|0|0|NA|NA|NA|NA|NA|0|0|0|0|NA|0
"120310148003"|0|1|1|0|0|0|0|1|1|1|0|0|0|1|0|33930|33930|13320|13320|13550|353|125|434|27313530|62934.400921659|0
"120310153003"|0|1|0|0|0|0|0|1|1|1|0|0|1|0|0|7560|7560|NA|NA|NA|20|4|0|0|NA|0
"120310158021"|0|1|0|0|0|0|0|1|1|0|0|1|1|0|0|NA|NA|NA|NA|NA|0|0|0|0|NA|0
"120310159221"|0|1|0|0|0|0|0|1|1|1|1|0|1|0|0|13065|13065|NA|NA|NA|24|3|58|2274000|39206.8965517241|0
"120310159222"|0|2|1|0|0|0|0|2|2|1|0|1|2|0|0|NA|NA|NA|NA|NA|1|0|0|0|NA|0
"120310159231"|0|1|0|0|0|0|0|1|1|0|0|1|1|0|0|NA|NA|NA|NA|NA|0|0|0|0|NA|0
"120310159261"|0|1|0|0|0|0|0|1|1|1|0|0|0|1|0|18900|18900|NA|NA|NA|58|8|52|4110166|79041.6538461538|0
"120310159262"|0|3|0|0|0|0|0|3|3|2|1|0|2|1|0|NA|NA|NA|NA|NA|87|12|84|6292180|NA|0
"120310159263"|0|1|0|0|0|0|0|1|1|1|0|0|0|1|0|18900|18900|NA|NA|NA|58|8|52|4110166|79041.6538461538|0
"120310160003"|0|2|0|0|0|0|0|2|2|1|1|1|2|0|0|NA|NA|NA|NA|NA|1|1|6|354000|NA|0
"120310161001"|0|1|0|0|0|0|0|1|1|1|1|0|1|0|0|14382|14382|NA|NA|NA|34|14|32|1435890|44871.5625|0
"120310166011"|0|0|1|0|0|0|0|2|1|1|0|0|1|0|0|NA|NA|NA|NA|NA|71|7|68|7004612|NA|0
"120310167251"|0|2|1|0|0|0|0|2|2|1|0|1|2|0|0|NA|NA|NA|NA|NA|1|0|0|0|NA|0
"120310171001"|0|1|0|0|0|0|0|1|1|0|0|1|1|0|0|NA|NA|NA|NA|NA|0|0|0|0|NA|0
"120310172001"|0|2|0|0|0|0|0|2|2|0|0|2|2|0|0|NA|NA|NA|NA|NA|0|0|0|0|NA|0
"120330001001"|0|1|0|0|0|0|0|1|1|1|1|0|1|0|0|14382|14382|NA|NA|NA|29|10|8|229270|28658.75|0
"120330011011"|0|1|0|0|0|0|0|1|1|1|0|0|0|1|0|2051|8208|NA|NA|NA|401|211|346|16533136|47783.6300578035|0
"120330011012"|0|1|0|0|0|0|0|1|1|1|0|0|0|1|0|2051|8208|NA|NA|NA|401|211|346|16533136|47783.6300578035|0
"120330011013"|0|1|0|0|0|0|0|1|1|1|0|0|0|1|0|2051|8208|NA|NA|NA|401|211|346|16533136|47783.6300578035|0
"120330011041"|0|2|0|0|0|0|0|2|2|0|0|1|2|0|0|NA|NA|NA|NA|NA|0|0|0|0|NA|0
"120330012022"|0|1|0|0|0|0|0|1|1|1|0|0|0|1|0|2051|8208|NA|NA|NA|401|211|346|16533136|47783.6300578035|0
"120330032033"|0|1|0|0|0|0|0|1|1|0|0|1|1|0|0|NA|NA|NA|NA|NA|0|0|0|0|NA|0
"120330033011"|0|1|0|0|0|0|0|1|1|0|0|1|1|0|0|NA|NA|NA|NA|NA|0|0|0|0|NA|0
"120330035061"|0|1|0|0|0|0|0|1|1|1|1|0|1|0|0|13952|13952|NA|NA|NA|30|3|20|1048810|52440.5|0
"120330035062"|0|1|0|0|0|0|0|1|1|1|1|0|1|0|0|13952|13952|NA|NA|NA|30|3|20|1048810|52440.5|0
"120330035063"|0|1|0|0|0|0|0|1|1|1|1|0|1|0|0|13952|13952|NA|NA|NA|30|3|20|1048810|52440.5|0
"120330035074"|0|1|0|0|0|0|0|1|1|0|0|1|1|0|0|NA|NA|NA|NA|NA|0|0|0|0|NA|0
"120330036071"|0|1|1|0|0|0|0|1|1|1|0|0|0|0|1|3735|16004|7088|22166|9354|1003|214|696|50742806|72906.3304597701|0
"120350602081"|0|1|0|0|0|0|0|1|1|0|0|1|1|0|0|NA|NA|NA|NA|NA|0|0|0|0|NA|0
"120350602131"|0|1|0|0|0|0|0|1|1|0|0|1|1|0|0|NA|NA|NA|NA|NA|0|0|0|0|NA|0
"120350602132"|0|1|0|0|0|0|0|1|1|0|0|1|1|0|0|NA|NA|NA|NA|NA|0|0|0|0|NA|0
"120530413022"|0|1|0|0|0|0|0|1|1|1|1|0|1|0|0|12600|12600|NA|NA|NA|13|2|10|578400|57840|0
"120530413052"|0|1|0|0|0|0|0|1|1|1|1|0|1|0|0|12600|12600|NA|NA|NA|13|2|10|578400|57840|0
"120559601033"|0|1|0|0|0|0|0|1|1|1|0|0|0|1|0|3135|11829|NA|NA|NA|198|92|124|7243790|58417.6612903226|0
"120570004022"|0|1|0|0|0|0|0|1|1|1|1|0|0|0|1|NA|NA|NA|NA|NA|1728|9|482|23952506|49693.9958506224|0
"120570017003"|0|1|0|0|0|0|0|1|1|0|0|1|1|0|0|NA|NA|NA|NA|NA|0|0|0|0|NA|0
"120570025003"|0|1|1|0|0|0|0|1|1|1|0|0|1|0|0|17234|17234|20030|20030|NA|48|5|54|4344250|80449.0740740741|0
"120570037001"|0|1|0|0|0|0|0|1|1|0|0|1|1|0|0|NA|NA|NA|NA|NA|0|0|0|0|NA|0
"120570037002"|0|1|0|0|0|0|0|1|1|0|0|1|1|0|0|NA|NA|NA|NA|NA|0|0|0|0|NA|0
"120570042001"|0|1|0|0|0|0|0|1|1|0|0|1|1|0|0|NA|NA|NA|NA|NA|0|0|0|0|NA|0
"120570042002"|0|1|0|0|0|0|0|1|1|0|0|1|1|0|0|NA|NA|NA|NA|NA|0|0|0|0|NA|0
"120570046002"|0|1|0|0|0|0|0|1|1|1|1|0|1|0|0|NA|NA|NA|NA|NA|27|5|24|1274374|53098.9166666667|0
"120570048001"|0|1|0|0|0|0|0|1|1|1|0|0|1|0|0|12430|12430|NA|NA|NA|8|0|12|710006|59167.1666666667|0
"120570049001"|0|1|1|0|0|0|0|1|1|1|0|0|1|0|0|13056|13056|16514|16514|NA|23|2|10|656678|65667.8|0
"120570049002"|0|1|1|0|0|0|0|1|1|1|0|0|1|0|0|13056|13056|16514|16514|NA|23|2|10|656678|65667.8|0
"120570050003"|0|1|1|0|0|0|0|1|1|1|0|0|0|1|0|25858|25858|10584|10584|10196|368|187|612|48702386|79579.0620915033|0
"120570054014"|0|1|0|0|0|0|0|1|1|1|1|0|0|0|1|1931|7728|NA|NA|8784|713|262|624|34233270|54861.0096153846|0
"120570107021"|0|1|0|0|0|0|0|1|1|1|0|0|1|0|0|15670|15670|NA|NA|8230|48|10|68|4184684|61539.4705882353|0
"120570107022"|0|1|0|0|0|0|0|1|1|1|0|0|1|0|0|15670|15670|NA|NA|8230|48|10|68|4184684|61539.4705882353|0
"120570114071"|0|1|0|0|0|0|0|1|0|0|0|0|1|0|0|NA|NA|NA|NA|NA|0|0|0|0|NA|0
"120570114121"|0|1|0|0|0|0|0|1|1|0|0|1|1|0|0|NA|NA|NA|NA|NA|0|0|0|0|NA|0
"120570114161"|0|1|0|0|0|0|0|1|1|0|0|1|1|0|0|NA|NA|NA|NA|NA|0|0|0|0|NA|0
"120570115061"|0|1|0|0|0|0|0|1|1|0|0|1|1|0|0|NA|NA|NA|NA|NA|0|0|0|0|NA|0
"120570116111"|0|1|0|0|0|0|0|1|1|0|0|1|1|0|0|NA|NA|NA|NA|NA|0|0|0|0|NA|0
"120570117063"|0|1|1|0|0|0|0|1|1|1|0|0|0|1|0|14040|14040|14325|14325|NA|49|9|28|1820416|65014.8571428571|0
"120570117064"|0|1|1|0|0|0|0|1|1|1|0|0|0|1|0|14040|14040|14325|14325|NA|49|9|28|1820416|65014.8571428571|0
"120570117065"|0|2|0|0|0|0|0|3|2|0|0|0|2|0|0|NA|NA|NA|NA|NA|0|0|0|0|NA|0
"120570118044"|0|1|0|0|0|0|0|1|1|1|0|0|1|0|0|14388|14388|NA|NA|NA|5|0|0|0|NA|0
"120570119011"|0|1|0|0|0|0|0|1|1|0|0|1|1|0|0|NA|NA|NA|NA|NA|0|0|0|0|NA|0
"120570119013"|0|1|0|0|0|0|0|1|1|0|0|1|1|0|0|NA|NA|NA|NA|NA|0|0|0|0|NA|0
"120570119041"|0|1|1|0|0|0|0|1|1|1|0|0|0|1|0|12729|12729|10992|10992|NA|26|2|12|573424|47785.3333333333|0
"120570119062"|0|1|1|0|0|0|0|1|1|1|0|0|0|1|0|12729|12729|10992|10992|NA|26|2|12|573424|47785.3333333333|0
"120570120012"|0|1|0|0|0|0|0|1|1|1|0|0|1|0|0|15446|15446|NA|NA|NA|0|0|0|0|NA|0
"120570120022"|0|1|0|0|0|0|0|1|1|0|0|1|1|0|0|NA|NA|NA|NA|NA|0|0|0|0|NA|0
"120570121031"|0|2|1|0|0|0|0|2|2|2|1|0|2|0|0|NA|NA|NA|NA|NA|18|15|26|1628690|121520.525|0
"120570121032"|0|1|0|0|0|0|0|1|1|0|0|1|1|0|0|NA|NA|NA|NA|NA|0|0|0|0|NA|0
"120570121033"|0|1|0|0|0|0|0|1|1|0|0|1|1|0|0|NA|NA|NA|NA|NA|0|0|0|0|NA|0
"120570122111"|0|1|0|0|0|0|0|1|1|0|0|1|1|0|0|NA|NA|NA|NA|NA|0|0|0|0|NA|0
"120570135031"|0|1|0|0|0|0|0|1|1|0|0|1|1|0|0|NA|NA|NA|NA|NA|0|0|0|0|NA|0
"120632103001"|0|1|1|0|0|0|0|1|1|1|0|0|1|0|0|9900|9900|3960|3960|4138|34|16|52|2731350|52525.9615384615|0
"120632105003"|0|1|0|0|0|0|0|1|1|1|0|0|0|1|0|2365|8195|NA|NA|4560|123|50|82|4309122|52550.2682926829|0
"120690302041"|0|1|0|0|0|0|0|1|1|0|0|1|1|0|0|NA|NA|NA|NA|NA|0|0|0|0|NA|0
"120690302082"|0|1|0|0|0|0|0|1|1|0|0|1|1|0|0|NA|NA|NA|NA|NA|0|0|0|0|NA|0
"120690303021"|0|1|0|0|0|0|0|1|1|1|0|0|0|1|0|3172|13276|NA|NA|NA|193|67|164|7724492|47100.5609756098|0
"120690303022"|0|1|0|0|0|0|0|1|1|1|0|0|0|1|0|3172|13276|NA|NA|NA|193|67|164|7724492|47100.5609756098|0
"120690306023"|0|1|0|0|0|0|0|1|1|1|0|0|1|0|0|36172|36172|NA|NA|10690|62|4|76|3732694|49114.3947368421|0
"120710005024"|0|1|0|0|0|0|0|1|1|0|0|1|1|0|0|NA|NA|NA|NA|NA|0|0|0|0|NA|0
"120710012011"|0|2|0|0|0|0|0|2|2|0|0|2|2|0|0|NA|NA|NA|NA|NA|0|0|0|0|NA|0
"120710012012"|0|1|0|0|0|0|0|1|1|0|0|1|1|0|0|NA|NA|NA|NA|NA|0|0|0|0|NA|0
"120710012013"|0|2|0|0|0|0|0|2|2|0|0|2|2|0|0|NA|NA|NA|NA|NA|0|0|0|0|NA|0
"120710012022"|0|1|0|0|0|0|0|1|1|1|1|0|1|0|0|NA|NA|NA|NA|NA|0|0|0|0|NA|0
"120710013001"|0|2|0|0|0|0|0|2|1|0|0|1|2|0|0|NA|NA|NA|NA|NA|0|0|0|0|NA|0
"120710013002"|0|1|0|0|0|0|0|1|0|0|0|0|1|0|0|NA|NA|NA|NA|NA|0|0|0|0|NA|0
"120710014011"|0|1|0|0|0|0|0|1|1|1|0|0|0|1|0|14940|14940|NA|NA|NA|53|2|72|4283698|59495.8055555556|0
"120710014013"|0|1|0|0|0|0|0|1|1|1|0|0|0|1|0|14940|14940|NA|NA|NA|53|2|72|4283698|59495.8055555556|0
"120710014015"|0|1|0|0|0|0|0|1|1|0|0|1|1|0|0|NA|NA|NA|NA|NA|0|0|0|0|NA|0
"120710014022"|0|2|0|0|0|0|0|2|2|1|0|1|1|1|0|NA|NA|NA|NA|NA|53|2|72|4283698|NA|0
"120710014023"|0|2|0|0|0|0|0|2|2|1|0|1|1|1|0|NA|NA|NA|NA|NA|53|2|72|4283698|NA|0
"120710017013"|0|1|0|0|0|0|0|1|1|1|0|0|0|0|1|2436|9750|NA|NA|8860|376|121|346|20001924|57809.0289017341|0
"120710017031"|0|1|0|0|0|0|0|1|1|0|0|1|1|0|0|NA|NA|NA|NA|NA|0|0|0|0|NA|0
"120710102014"|0|1|0|0|0|0|0|1|1|0|0|1|1|0|0|NA|NA|NA|NA|NA|0|0|0|0|NA|0
"120710102015"|0|1|0|0|0|0|0|1|1|0|0|1|1|0|0|NA|NA|NA|NA|NA|0|0|0|0|NA|0
"120710102016"|0|1|0|0|0|0|0|1|1|0|0|1|1|0|0|NA|NA|NA|NA|NA|0|0|0|0|NA|0
"120710102017"|0|1|0|0|0|0|0|1|1|0|0|1|1|0|0|NA|NA|NA|NA|NA|0|0|0|0|NA|0
"120710401081"|0|1|0|0|0|0|0|1|1|0|0|0|1|0|0|NA|NA|NA|NA|NA|0|0|0|0|NA|0
"120710401082"|0|1|0|0|0|0|0|1|1|0|0|0|1|0|0|NA|NA|NA|NA|NA|0|0|0|0|NA|0
"120710401112"|0|1|0|0|0|0|0|1|1|0|0|0|1|0|0|NA|NA|NA|NA|NA|0|0|0|0|NA|0
"120710401151"|0|1|1|0|0|0|0|1|1|1|0|0|0|0|1|4191|22328|6974|28170|9672|863|377|926|71483136|77195.6112311015|0
"120710401152"|0|1|0|0|0|0|0|1|1|0|0|1|1|0|0|NA|NA|NA|NA|NA|0|0|0|0|NA|0
"120710401153"|0|1|1|0|0|0|0|1|1|1|0|0|0|0|1|4191|22328|6974|28170|9672|863|377|926|71483136|77195.6112311015|0
"120710401181"|0|1|1|0|0|0|0|1|1|1|0|0|0|0|1|4191|22328|6974|28170|9672|863|377|926|71483136|77195.6112311015|0
"120730004002"|0|1|1|1|0|0|0|1|1|1|0|0|0|1|0|3152|14524|8019|22108|10058|1211|283|1084|91870692|84751.5608856089|0
"120730013001"|0|1|1|0|0|1|0|1|1|1|0|0|0|0|1|4640|19084|9684|24116|10304|4727|1031|2846|286524412|100676.181307098|0
"120730016011"|0|2|0|0|0|0|0|2|2|0|0|1|2|0|0|NA|NA|NA|NA|NA|0|0|0|0|NA|0
"120730020031"|0|3|0|0|0|0|0|3|3|2|0|1|2|0|1|NA|NA|NA|NA|NA|520|186|376|21625946|NA|0
"120730020041"|0|1|0|0|0|0|0|1|1|0|0|1|1|0|0|NA|NA|NA|NA|NA|0|0|0|0|NA|0
"120791103012"|0|1|0|0|0|0|0|1|1|1|1|0|0|1|0|2280|9180|NA|NA|NA|84|46|58|2805922|48377.9655172414|0
"120810003081"|0|1|0|0|0|0|0|1|1|1|0|0|0|0|1|2365|9467|NA|NA|NA|328|118|260|14279436|54920.9076923077|0
"120810003084"|0|1|0|0|0|0|0|1|1|1|0|0|0|0|1|2365|9467|NA|NA|NA|328|118|260|14279436|54920.9076923077|0
"120810005042"|0|1|0|0|0|0|0|1|0|0|0|0|1|0|0|NA|NA|NA|NA|NA|0|0|0|0|NA|0
"120810008101"|0|1|0|0|0|0|0|1|1|0|0|1|1|0|0|NA|NA|NA|NA|NA|0|0|0|0|NA|0
"120810008103"|0|1|0|0|0|0|0|1|1|0|0|1|1|0|0|NA|NA|NA|NA|NA|0|0|0|0|NA|0
"120810009024"|0|1|1|0|0|0|0|1|1|1|0|0|0|1|0|4206|15120|8350|19047|NA|112|46|168|12621538|75128.2023809524|0
"120810020121"|0|1|0|0|0|0|0|1|1|0|0|1|1|0|0|NA|NA|NA|NA|NA|0|0|0|0|NA|0
"120830011022"|0|1|0|0|0|0|0|1|1|1|1|0|1|0|0|10940|10940|NA|NA|NA|13|3|8|528144|66018|0
"120830011042"|0|1|0|0|0|0|0|1|1|1|1|0|1|0|0|10940|10940|NA|NA|NA|13|3|8|528144|66018|0
"120830011044"|0|1|0|0|0|0|0|1|1|1|1|0|1|0|0|10940|10940|NA|NA|NA|13|3|8|528144|66018|0
"120830016002"|0|1|0|0|0|0|0|1|1|1|0|0|0|1|0|1910|7642|NA|NA|NA|275|133|230|12293210|53448.7391304348|0
"120830024012"|0|1|0|0|0|0|0|1|1|0|0|1|1|0|0|NA|NA|NA|NA|NA|0|0|0|0|NA|0
"120830024021"|0|1|0|0|0|0|0|1|1|0|0|1|1|0|0|NA|NA|NA|NA|NA|0|0|0|0|NA|0
"120830025022"|0|1|1|0|0|0|0|1|1|1|0|0|0|1|0|9360|9360|9480|9480|NA|172|17|198|14479068|73126.6060606061|0
"120850014062"|0|1|0|0|0|0|0|1|1|1|0|0|1|0|0|5600|5600|NA|NA|6000|22|6|16|256780|16048.75|0
"120860001241"|0|1|0|0|0|0|0|1|1|1|0|0|0|1|0|30396|30396|NA|NA|12936|109|33|108|8306668|76913.5925925926|0
"120860001281"|0|1|0|0|0|0|0|1|1|0|0|1|1|0|0|NA|NA|NA|NA|NA|0|0|0|0|NA|0
"120860001282"|0|1|0|0|0|0|0|1|1|0|0|1|1|0|0|NA|NA|NA|NA|NA|0|0|0|0|NA|0
"120860002061"|0|1|0|0|0|0|0|1|1|0|0|1|1|0|0|NA|NA|NA|NA|NA|0|0|0|0|NA|0
"120860002143"|0|1|0|0|0|0|0|1|1|0|0|1|1|0|0|NA|NA|NA|NA|NA|0|0|0|0|NA|0
"120860005012"|0|1|1|0|0|0|0|1|1|1|0|0|0|1|0|28800|28800|14076|14076|11700|272|95|190|17496122|92084.8526315789|0
"120860005014"|0|3|1|1|0|0|0|3|3|3|1|0|2|1|0|NA|NA|NA|NA|NA|150|51|160|10221328|151580.206237425|0
"120860007052"|0|2|1|0|0|0|0|2|2|2|1|0|1|1|0|NA|NA|NA|NA|NA|182|149|148|6537730|111531.458333333|0
"120860007061"|0|1|0|0|0|0|0|1|1|0|0|1|1|0|0|NA|NA|NA|NA|NA|0|0|0|0|NA|0
"120860007063"|0|1|0|0|0|0|0|1|1|1|1|0|1|0|0|NA|NA|NA|NA|NA|9|0|4|153600|38400|0
"120860007071"|0|1|0|0|0|0|0|1|1|0|0|1|1|0|0|NA|NA|NA|NA|NA|0|0|0|0|NA|0
"120860007084"|0|2|0|0|0|0|0|3|2|1|1|1|2|0|0|NA|NA|NA|NA|NA|15|1|12|539884|NA|0
"120860007093"|0|1|0|0|0|0|0|1|1|0|0|1|1|0|0|NA|NA|NA|NA|NA|0|0|0|0|NA|0
"120860011021"|0|1|1|0|0|0|0|1|1|1|0|0|0|1|0|28800|28800|17820|17820|10800|600|256|692|54902050|79338.2225433526|0
"120860015021"|0|1|0|0|0|0|0|1|1|0|0|1|1|0|0|NA|NA|NA|NA|NA|0|0|0|0|NA|0
"120860025023"|0|1|0|0|0|0|0|1|1|0|0|1|1|0|0|19400|19400|NA|NA|NA|0|0|0|0|NA|0
"120860026003"|0|1|0|0|0|0|0|1|1|0|0|1|1|0|0|19400|19400|NA|NA|NA|0|0|0|0|NA|0
"120860026004"|0|1|0|0|0|0|0|1|1|0|0|1|1|0|0|19400|19400|NA|NA|NA|0|0|0|0|NA|0
"120860027032"|0|1|1|0|0|0|0|1|1|1|0|0|0|1|0|17604|17604|15264|15264|7800|102|14|98|5736226|58532.9183673469|0
"120860027033"|0|1|1|0|0|0|0|1|1|1|0|0|0|1|0|17604|17604|15264|15264|7800|102|14|98|5736226|58532.9183673469|0
"120860030011"|0|1|0|0|0|0|0|1|1|0|0|1|1|0|0|NA|NA|NA|NA|NA|0|0|0|0|NA|0
"120860037023"|0|1|1|0|0|0|0|1|1|1|0|0|1|0|0|3588|3588|5382|5382|NA|13|3|2|104800|52400|0
"120860037025"|0|1|1|0|0|0|0|1|1|1|0|0|1|0|0|3588|3588|5382|5382|NA|13|3|2|104800|52400|0
"120860037026"|0|1|1|0|0|0|0|1|1|1|0|0|1|0|0|3588|3588|5382|5382|NA|13|3|2|104800|52400|0
"120860037027"|0|1|1|0|0|0|0|1|1|1|0|0|1|0|0|3588|3588|5382|5382|NA|13|3|2|104800|52400|0
"120860037071"|0|1|0|0|0|0|0|1|1|1|0|0|0|0|1|1983|7947|NA|NA|NA|1731|1089|1508|107336880|71178.3023872679|0
"120860039173"|0|1|0|0|0|0|0|1|0|0|0|0|1|0|0|NA|NA|NA|NA|NA|0|0|0|0|NA|0
"120860040005"|0|1|1|0|0|0|0|1|1|1|0|0|1|0|0|13000|13000|13000|13000|8000|9|2|16|1114110|69631.875|0
"120860043012"|0|1|1|0|0|0|0|1|1|1|0|0|1|0|0|8000|8000|8000|8000|8500|0|0|10|538842|53884.2|0
"120860044052"|0|1|0|0|0|0|0|1|1|0|0|1|1|0|0|NA|NA|NA|NA|NA|0|0|0|0|NA|0
"120860047014"|0|2|0|0|0|0|0|2|2|0|0|2|2|0|0|NA|NA|NA|NA|NA|0|0|0|0|NA|0
"120860047015"|0|2|0|0|0|0|0|2|2|0|0|2|2|0|0|NA|NA|NA|NA|NA|0|0|0|0|NA|0
"120860047021"|0|2|0|0|0|0|0|2|2|0|0|2|2|0|0|NA|NA|NA|NA|NA|0|0|0|0|NA|0
"120860047033"|0|3|1|0|0|0|0|3|3|1|0|2|2|1|0|NA|NA|NA|NA|NA|46|21|128|4141680|NA|0
"120860049011"|0|2|0|0|0|0|0|2|2|0|0|2|2|0|0|NA|NA|NA|NA|NA|0|0|0|0|NA|0
"120860050021"|0|2|0|0|0|0|0|2|2|1|1|1|2|0|0|NA|NA|NA|NA|NA|12|4|12|449220|NA|0
"120860050022"|0|1|0|0|0|0|0|1|1|0|0|1|0|1|0|NA|NA|NA|NA|NA|0|0|0|0|NA|0
"120860054092"|0|1|0|0|0|0|0|1|1|0|0|1|1|0|0|NA|NA|NA|NA|NA|0|0|0|0|NA|0
"120860056001"|0|2|0|0|0|0|0|2|2|1|1|1|2|0|0|NA|NA|NA|NA|NA|44|14|48|3442684|NA|0
"120860057012"|0|2|0|0|0|0|0|2|2|0|0|2|2|0|0|NA|NA|NA|NA|NA|0|0|0|0|NA|0
"120860057035"|0|2|0|0|0|0|0|2|2|0|0|2|2|0|0|NA|NA|NA|NA|NA|0|0|0|0|NA|0
"120860058023"|0|1|0|0|0|0|0|1|1|0|0|1|1|0|0|NA|NA|NA|NA|NA|0|0|0|0|NA|0
"120860058025"|0|1|0|0|0|0|0|1|1|0|0|1|1|0|0|NA|NA|NA|NA|NA|0|0|0|0|NA|0
"120860059011"|0|1|0|0|0|0|0|1|1|1|1|0|1|0|0|NA|NA|NA|NA|NA|19|5|20|928000|46400|0
"120860059021"|0|1|0|0|0|0|0|1|1|0|0|1|1|0|0|NA|NA|NA|NA|NA|0|0|0|0|NA|0
"120860060022"|0|1|0|0|0|0|0|1|1|0|0|1|1|0|0|NA|NA|NA|NA|NA|0|0|0|0|NA|0
"120860063014"|0|1|0|0|0|0|0|1|1|0|0|1|1|0|0|6690|6690|NA|NA|NA|0|0|0|0|NA|0
"120860064013"|0|1|0|0|0|0|0|1|1|0|0|1|1|0|0|NA|NA|NA|NA|NA|0|0|0|0|NA|0
"120860064024"|0|1|0|0|0|0|0|1|1|0|0|1|1|0|0|NA|NA|NA|NA|NA|0|0|0|0|NA|0
"120860067022"|0|1|0|0|0|0|0|1|1|0|0|1|1|0|0|NA|NA|NA|NA|NA|0|0|0|0|NA|0
"120860067028"|0|1|0|0|0|0|0|1|1|1|1|0|1|0|0|NA|NA|NA|NA|NA|9|1|2|100028|50014|0
"120860068023"|0|1|0|0|0|0|0|1|1|0|0|1|1|0|0|NA|NA|NA|NA|NA|0|0|0|0|NA|0
"120860070024"|0|1|0|0|0|0|0|1|1|0|0|1|1|0|0|NA|NA|NA|NA|NA|0|0|0|0|NA|0
"120860078041"|0|1|0|0|0|0|0|1|1|0|0|1|1|0|0|NA|NA|NA|NA|NA|0|0|0|0|NA|0
"120860078044"|0|1|0|0|0|0|0|1|1|1|0|0|1|0|0|11520|11520|NA|NA|NA|26|13|10|567628|56762.8|0
"120860078045"|0|1|0|0|0|0|0|1|1|1|0|0|1|0|0|11520|11520|NA|NA|NA|26|13|10|567628|56762.8|0
"120860084123"|0|1|0|0|0|0|0|1|1|1|1|0|1|0|0|13480|13480|NA|NA|NA|1|0|0|0|NA|0
"120860084161"|0|1|1|0|0|0|0|1|1|1|0|0|1|0|0|9850|9850|15020|15020|NA|13|6|6|426000|71000|0
"120860088052"|0|1|1|0|0|0|0|1|1|1|0|0|1|0|0|21000|21000|21000|21000|11000|29|0|18|830156|46119.7777777778|0
"120860089013"|0|1|0|0|0|0|0|1|1|0|0|1|1|0|0|NA|NA|NA|NA|NA|0|0|0|0|NA|0
"120860089021"|0|1|0|0|0|0|0|1|1|0|0|1|1|0|0|5554|5554|NA|NA|NA|0|0|0|0|NA|0
"120860089041"|0|1|1|0|0|1|0|1|1|1|0|0|0|0|1|4721|16529|8912|21393|10846|3766|1013|2364|223380998|94492.8079526227|0
"120860089072"|0|1|0|0|0|0|0|1|1|1|1|0|1|0|0|NA|NA|NA|NA|NA|20|16|6|342640|57106.6666666667|0
"120860090063"|0|1|0|0|0|0|0|1|1|1|0|0|1|0|0|11952|11952|NA|NA|NA|7|1|0|0|NA|0
"120860090064"|0|2|0|0|0|0|0|2|2|1|1|1|2|0|0|NA|NA|NA|NA|NA|16|1|16|712892|NA|0
"120860090101"|0|6|3|0|0|0|0|6|6|5|1|1|5|1|0|NA|NA|NA|NA|NA|141|41|90|5915962|NA|0
"120860090103"|0|5|2|0|0|0|0|5|5|4|1|1|5|0|0|NA|NA|NA|NA|NA|59|18|34|2505162|NA|0
"120860090142"|0|1|0|0|0|0|0|1|1|0|0|1|1|0|0|NA|NA|NA|NA|NA|0|0|0|0|NA|0
"120860090173"|0|1|0|0|0|0|0|1|1|0|0|1|1|0|0|NA|NA|NA|NA|NA|0|0|0|0|NA|0
"120860090202"|0|1|0|0|0|0|0|1|1|1|1|0|1|0|0|NA|NA|NA|NA|NA|9|2|6|162800|27133.3333333333|0
"120860090243"|0|5|2|0|0|0|0|5|5|4|1|1|5|0|0|NA|NA|NA|NA|NA|59|18|34|2505162|NA|0
"120860090283"|0|1|1|0|0|0|0|1|1|1|0|0|0|1|0|11628|11628|11880|11880|NA|82|23|56|3410800|60907.1428571429|0
"120860090302"|0|5|2|0|0|0|0|5|5|4|1|1|5|0|0|NA|NA|NA|NA|NA|59|18|34|2505162|NA|0
"120860090343"|0|1|1|0|0|0|0|1|1|1|0|0|1|0|0|10200|10200|21420|21420|NA|25|5|0|0|NA|0
"120860091001"|0|1|0|0|0|0|0|1|1|0|0|1|1|0|0|NA|NA|NA|NA|NA|0|0|0|0|NA|0
"120860093061"|0|1|0|0|0|0|0|1|1|0|0|1|1|0|0|NA|NA|NA|NA|NA|0|0|0|0|NA|0
"120860093092"|0|1|0|0|0|0|0|1|1|0|0|1|1|0|0|NA|NA|NA|NA|NA|0|0|0|0|NA|0
"120860093114"|0|2|0|0|0|0|0|3|2|1|1|1|2|0|0|NA|NA|NA|NA|NA|15|1|12|539884|NA|0
"120860093122"|0|1|0|0|0|0|0|1|1|0|0|1|1|0|0|NA|NA|NA|NA|NA|0|0|0|0|NA|0
"120860093142"|0|1|0|0|0|0|0|1|1|0|0|1|1|0|0|NA|NA|NA|NA|NA|0|0|0|0|NA|0
"120860095041"|0|1|0|0|0|0|0|1|1|1|1|0|1|0|0|NA|NA|NA|NA|NA|0|0|0|0|NA|0
"120860095042"|0|1|0|0|0|0|0|1|1|1|1|0|1|0|0|NA|NA|NA|NA|NA|0|0|0|0|NA|0
"120860102071"|0|2|0|0|0|0|0|2|2|2|2|0|2|0|0|47781|47781|NA|NA|NA|22|4|20|1128330|101407.5|0
"120860106063"|0|1|0|0|0|0|0|1|1|1|1|0|1|0|0|11952|11952|NA|NA|NA|10|1|4|164730|41182.5|0
"120860106065"|0|1|0|0|0|0|0|1|1|1|1|0|1|0|0|35829|35829|NA|NA|NA|12|3|16|963600|60225|0
"120860108021"|0|1|0|0|0|0|0|1|1|0|0|1|1|0|0|NA|NA|NA|NA|NA|0|0|0|0|NA|0
"120860108023"|0|1|0|0|0|0|0|1|1|0|0|1|1|0|0|NA|NA|NA|NA|NA|0|0|0|0|NA|0
"120860109003"|0|1|0|0|0|0|0|1|1|0|0|1|1|0|0|NA|NA|NA|NA|NA|0|0|0|0|NA|0
"120860110011"|0|1|0|0|0|0|0|1|1|0|0|1|1|0|0|NA|NA|NA|NA|NA|0|0|0|0|NA|0
"120860117001"|0|1|0|0|0|0|0|1|1|0|0|0|1|0|0|NA|NA|NA|NA|NA|0|0|0|0|NA|0
"120860137002"|0|1|0|0|0|0|0|1|1|0|0|1|1|0|0|NA|NA|NA|NA|NA|0|0|0|0|NA|0
"120860192001"|0|1|0|0|0|0|0|1|1|1|1|0|1|0|0|NA|NA|NA|NA|NA|11|3|6|441200|73533.3333333333|0
"120860202003"|0|1|0|0|0|0|0|1|1|0|0|1|1|0|0|NA|NA|NA|NA|NA|0|0|0|0|NA|0
"120869803001"|0|1|1|0|1|1|0|1|1|1|0|0|0|0|1|45600|45600|34200|34200|13310|3205|850|2218|247499364|111586.72858431|0
"120869805001"|0|2|0|0|0|0|0|2|2|0|0|2|2|0|0|NA|NA|NA|NA|NA|0|0|0|0|NA|0
"120879719001"|0|1|0|0|0|0|0|1|1|1|1|0|0|1|0|2483|9933|NA|NA|12200|59|26|52|3333616|64108|0
"120910209001"|0|1|0|0|0|0|0|1|1|1|0|0|0|1|0|2486|9425|NA|NA|NA|238|92|182|10152704|55784.0879120879|0
"120910217002"|0|1|0|0|0|0|0|1|1|0|0|1|1|0|0|NA|NA|NA|NA|NA|0|0|0|0|NA|0
"120950124031"|0|1|0|0|0|0|0|1|1|0|0|1|1|0|0|NA|NA|NA|NA|NA|0|0|0|0|NA|0
"120950126004"|0|1|0|0|0|0|0|1|1|0|0|1|1|0|0|NA|NA|NA|NA|NA|0|0|0|0|NA|0
"120950128004"|0|1|1|0|0|0|0|1|1|1|0|0|0|1|0|12900|12900|27083|27083|6126|153|59|168|14033538|83532.9642857143|0
"120950128005"|0|1|1|0|0|0|0|1|1|1|0|0|0|1|0|12900|12900|27083|27083|6126|153|59|168|14033538|83532.9642857143|0
"120950129001"|0|1|0|0|0|0|0|1|1|1|1|0|1|0|0|NA|NA|NA|NA|NA|28|5|12|710698|59224.8333333333|0
"120950129004"|0|1|0|0|0|0|0|1|1|1|1|0|1|0|0|NA|NA|NA|NA|NA|28|5|12|710698|59224.8333333333|0
"120950142001"|0|1|0|0|0|0|0|1|1|1|1|0|0|1|0|NA|NA|NA|NA|NA|89|6|110|4910528|44641.1636363636|0
"120950147031"|0|1|0|0|0|0|0|1|1|1|0|0|0|0|1|1984|7933|NA|NA|NA|1166|335|1120|55997846|49998.0767857143|0
"120950149061"|0|1|0|0|0|0|0|1|1|0|0|1|1|0|0|NA|NA|NA|NA|NA|0|0|0|0|NA|0
"120950151041"|0|1|0|0|0|0|0|1|1|0|0|1|1|0|0|16200|16200|NA|NA|NA|0|0|0|0|NA|0
"120950152011"|0|1|0|0|0|0|0|1|1|1|1|0|1|0|0|NA|NA|NA|NA|NA|21|2|10|286200|28620|0
"120950152012"|0|1|0|0|0|0|0|1|1|1|1|0|1|0|0|NA|NA|NA|NA|NA|21|2|10|286200|28620|0
"120950152021"|0|1|1|0|0|0|0|1|1|1|0|0|1|0|0|10980|10980|10680|10680|NA|1|0|0|0|NA|0
"120950153002"|0|1|0|0|0|0|0|1|1|0|0|1|1|0|0|NA|NA|NA|NA|NA|0|0|0|0|NA|0
"120950154022"|0|1|0|0|0|0|0|1|1|0|0|1|1|0|0|NA|NA|NA|NA|NA|0|0|0|0|NA|0
"120950154023"|0|2|0|0|0|0|0|2|2|0|0|2|2|0|0|NA|NA|NA|NA|NA|0|0|0|0|NA|0
"120950159012"|0|1|0|0|0|0|0|1|1|0|0|1|0|1|0|NA|NA|NA|NA|NA|0|0|0|0|NA|0
"120950159013"|0|1|0|0|0|0|0|1|1|0|0|1|0|1|0|NA|NA|NA|NA|NA|0|0|0|0|NA|0
"120950159022"|0|1|0|0|0|0|0|1|1|0|0|1|1|0|0|NA|NA|NA|NA|NA|0|0|0|0|NA|0
"120950160011"|0|1|1|0|0|0|0|1|1|1|0|0|0|1|0|46520|46520|18996|18996|14450|501|190|470|37209964|79170.1361702128|0
"120950160012"|0|1|1|0|0|0|0|1|1|1|0|0|0|1|0|46520|46520|18996|18996|14450|501|190|470|37209964|79170.1361702128|0
"120950161001"|0|1|1|0|0|0|0|1|1|1|0|0|0|1|0|46520|46520|18996|18996|14450|501|190|470|37209964|79170.1361702128|0
"120950161003"|0|1|1|0|0|0|0|1|1|1|0|0|0|1|0|46520|46520|18996|18996|14450|501|190|470|37209964|79170.1361702128|0
"120950162001"|0|1|1|0|0|0|0|1|1|1|0|0|0|0|1|19153|19153|16401|16401|NA|1370|875|1658|86374384|52095.5271411339|0
"120950164022"|0|1|0|0|0|0|0|1|1|1|1|0|1|0|0|NA|NA|NA|NA|NA|32|28|6|311800|51966.6666666667|0
"120950164061"|0|1|1|0|0|0|0|1|1|1|0|0|0|0|1|19153|19153|16401|16401|NA|1370|875|1658|86374384|52095.5271411339|0
"120950165071"|0|1|1|0|0|1|0|1|1|1|0|0|0|0|1|4478|19810|6916|25759|9764|3921|1141|2698|236893368|87803.323943662|0
"120950165081"|0|2|1|0|0|1|0|2|2|2|0|0|0|1|1|NA|NA|NA|NA|NA|4104|1158|2842|243028564|130408.85172144|0
"120950165111"|0|2|0|0|0|0|0|2|1|1|0|0|1|1|0|NA|NA|NA|NA|NA|183|17|144|6135196|NA|0
"120950167131"|0|1|1|0|0|0|0|1|1|1|0|0|1|0|0|10620|10620|7110|7110|NA|13|9|10|545664|54566.4|0
"120950167141"|0|1|1|0|0|0|0|1|1|1|0|0|1|0|0|10620|10620|7110|7110|NA|13|9|10|545664|54566.4|0
"120950169021"|0|2|0|0|0|0|0|2|2|2|0|0|2|0|0|NA|NA|NA|NA|NA|23|2|6|274000|NA|0
"120950169023"|0|1|0|0|0|0|0|1|1|0|0|1|0|1|0|NA|NA|NA|NA|NA|0|0|0|0|NA|0
"120950170012"|0|3|2|0|0|0|0|3|3|3|1|0|1|2|0|37833|37833|NA|NA|NA|77|17|36|1800606|NA|0
"120950170081"|0|1|0|0|0|0|0|1|1|0|0|1|0|1|0|NA|NA|NA|NA|NA|0|0|0|0|NA|0
"120950174003"|0|1|0|0|0|0|0|1|1|0|0|1|1|0|0|NA|NA|NA|NA|NA|0|0|0|0|NA|0
"120950175013"|0|1|1|0|0|0|0|1|1|1|0|0|0|0|0|NA|NA|NA|NA|NA|0|0|0|0|NA|0
"120950175031"|0|1|0|0|0|0|0|1|1|1|1|0|1|0|0|15750|15750|NA|NA|NA|8|4|8|440758|55094.75|0
"120950178071"|0|1|0|0|0|0|0|1|1|0|0|1|1|0|0|NA|NA|NA|NA|NA|0|0|0|0|NA|0
"120950181002"|0|1|0|0|0|0|0|1|1|0|0|1|1|0|0|NA|NA|NA|NA|NA|0|0|0|0|NA|0
"120950187001"|0|0|0|0|0|0|0|1|0|0|0|0|0|0|0|NA|NA|NA|NA|NA|0|0|0|0|NA|0
"120950187002"|0|0|0|0|0|0|0|1|0|0|0|0|0|0|0|NA|NA|NA|NA|NA|0|0|0|0|NA|0
"120950189004"|0|1|0|0|0|0|0|1|1|0|0|1|0|1|0|NA|NA|NA|NA|NA|0|0|0|0|NA|0
"120970420001"|0|2|0|0|0|0|0|2|2|1|1|1|2|0|0|NA|NA|NA|NA|NA|7|0|2|1e+05|NA|0
"120970424001"|0|1|0|0|0|0|0|1|1|1|0|0|1|0|0|13200|13200|NA|NA|5600|26|5|28|1800876|64317|0
"120970429001"|0|1|0|0|0|0|0|1|0|0|0|1|1|0|0|NA|NA|NA|NA|NA|0|0|0|0|NA|0
"120970429002"|0|1|0|0|0|0|0|1|1|1|0|0|1|0|0|13200|13200|NA|NA|5600|26|5|28|1800876|64317|0
"120990011012"|0|1|0|0|0|0|0|1|1|0|0|1|1|0|0|NA|NA|NA|NA|NA|0|0|0|0|NA|0
"120990019041"|0|1|0|0|0|0|0|1|1|1|0|0|1|0|0|12800|12800|NA|NA|NA|22|7|42|2497220|59457.619047619|0
"120990019091"|0|1|0|0|0|0|0|1|1|0|0|1|1|0|0|NA|NA|NA|NA|NA|0|0|0|0|NA|0
"120990027003"|0|1|1|0|0|0|0|1|1|1|0|0|0|1|0|28100|28100|10755|10755|9300|253|93|346|24627758|71178.4913294798|0
"120990029001"|0|1|0|0|0|0|0|1|1|0|0|0|1|0|0|NA|NA|NA|NA|NA|0|0|0|0|NA|0
"120990029002"|0|1|0|0|0|0|0|1|1|0|0|1|1|0|0|NA|NA|NA|NA|NA|0|0|0|0|NA|0
"120990031011"|0|1|0|0|0|0|0|1|1|1|1|0|1|0|0|NA|NA|NA|NA|NA|20|18|12|672720|56060|0
"120990031013"|0|1|0|0|0|0|0|1|1|1|1|0|1|0|0|NA|NA|NA|NA|NA|20|18|12|672720|56060|0
"120990031021"|0|1|0|0|0|0|0|1|1|1|1|0|1|0|0|NA|NA|NA|NA|NA|10|7|42|3218686|76635.3809523809|0
"120990031024"|0|1|0|0|0|0|0|1|1|1|1|0|1|0|0|NA|NA|NA|NA|NA|10|7|42|3218686|76635.3809523809|0
"120990036004"|0|1|0|0|0|0|0|1|1|0|0|1|1|0|0|NA|NA|NA|NA|NA|0|0|0|0|NA|0
"120990040072"|0|1|0|0|0|0|0|1|1|0|0|1|1|0|0|NA|NA|NA|NA|NA|0|0|0|0|NA|0
"120990040093"|0|1|0|0|0|0|0|1|1|0|0|1|1|0|0|NA|NA|NA|NA|NA|0|0|0|0|NA|0
"120990042031"|0|1|0|0|0|0|0|1|1|1|1|0|1|0|0|16417|16417|NA|NA|NA|0|0|0|0|NA|0
"120990042032"|0|1|0|0|0|0|0|1|1|1|1|0|1|0|0|16417|16417|NA|NA|NA|0|0|0|0|NA|0
"120990047041"|0|1|0|0|0|0|0|1|1|0|0|1|1|0|0|NA|NA|NA|NA|NA|0|0|0|0|NA|0
"120990047044"|0|1|0|0|0|0|0|1|1|0|0|1|1|0|0|NA|NA|NA|NA|NA|0|0|0|0|NA|0
"120990047051"|0|1|0|0|0|0|0|1|1|0|0|1|1|0|0|NA|NA|NA|NA|NA|0|0|0|0|NA|0
"120990050002"|0|1|0|0|0|0|0|1|1|1|0|0|0|0|1|2424|8712|NA|NA|NA|825|399|600|33807940|56346.5666666667|0
"120990058121"|0|1|0|0|0|0|0|1|1|1|1|0|1|0|0|13480|13480|NA|NA|NA|16|13|12|872148|72679|0
"120990059152"|0|1|0|0|0|0|0|1|1|1|1|0|1|0|0|NA|NA|NA|NA|NA|13|2|36|3331002|92527.8333333333|0
"120990059521"|0|0|1|0|0|0|0|1|1|1|0|0|1|0|0|NA|NA|8100|8100|NA|33|3|28|1308440|46730|0
"120990060062"|0|1|0|0|0|0|0|1|1|1|1|0|1|0|0|35150|35150|NA|NA|NA|0|0|0|0|NA|0
"120990060081"|0|1|0|0|0|0|0|1|1|1|1|0|1|0|0|35150|35150|NA|NA|NA|0|0|0|0|NA|0
"120990062031"|0|1|0|0|0|0|0|1|1|0|0|1|1|0|0|NA|NA|NA|NA|NA|0|0|0|0|NA|0
"120990069091"|0|1|0|0|0|0|0|1|1|0|0|1|1|0|0|NA|NA|NA|NA|NA|0|0|0|0|NA|0
"120990070021"|0|2|2|0|0|0|0|2|2|2|0|0|1|1|0|29568|29568|37152|37152|NA|138|44|178|7296632|86457.8974358974|0
"120990070082"|0|1|1|0|0|0|0|1|1|1|0|0|0|1|0|34400|34400|13050|13050|11640|400|139|214|13504386|63104.6074766355|0
"120990071001"|0|1|1|0|0|1|0|1|1|1|0|0|0|0|1|2522|14374|5467|16695|12006|1962|357|1542|130918080|84901.4785992218|0
"120990076021"|0|1|1|0|0|1|0|1|1|1|0|0|0|0|1|2522|14374|5467|16695|12006|1962|357|1542|130918080|84901.4785992218|0
"120990076101"|0|1|0|0|0|0|0|1|1|0|0|1|1|0|0|NA|NA|NA|NA|NA|0|0|0|0|NA|0
"120990076102"|0|1|0|0|0|0|0|1|1|0|0|1|1|0|0|NA|NA|NA|NA|NA|0|0|0|0|NA|0
"120990076103"|0|1|0|0|0|0|0|1|1|0|0|1|1|0|0|NA|NA|NA|NA|NA|0|0|0|0|NA|0
"120990078181"|0|1|1|0|0|0|0|1|1|1|0|0|1|0|0|17210|17210|19735|19735|NA|55|7|48|3706268|77213.9166666667|0
"120990078361"|0|1|0|0|0|0|0|1|1|1|1|0|1|0|0|17488|17488|NA|NA|NA|45|19|70|4224462|60349.4571428571|0
"120990078362"|0|1|0|0|0|0|0|1|1|1|1|0|1|0|0|17488|17488|NA|NA|NA|45|19|70|4224462|60349.4571428571|0
"120990078363"|0|1|0|0|0|0|0|1|1|1|1|0|1|0|0|17488|17488|NA|NA|NA|45|19|70|4224462|60349.4571428571|0
"120990078373"|0|1|1|0|0|0|0|1|1|1|0|0|1|0|0|17210|17210|19735|19735|NA|55|7|48|3706268|77213.9166666667|0
"121010303011"|0|1|0|0|0|0|0|1|1|0|0|1|1|0|0|NA|NA|NA|NA|NA|0|0|0|0|NA|0
"121010303012"|0|1|0|0|0|0|0|1|1|0|0|1|1|0|0|NA|NA|NA|NA|NA|0|0|0|0|NA|0
"121010309051"|0|1|0|0|0|0|0|1|1|0|0|1|1|0|0|NA|NA|NA|NA|NA|0|0|0|0|NA|0
"121010310131"|0|1|0|0|0|0|0|1|1|0|0|1|1|0|0|NA|NA|NA|NA|NA|0|0|0|0|NA|0
"121010310141"|0|1|0|0|0|0|0|1|1|0|0|1|1|0|0|NA|NA|NA|NA|NA|0|0|0|0|NA|0
"121010315062"|0|1|0|0|0|0|0|1|1|1|0|0|1|0|0|14850|14850|NA|NA|6450|19|3|18|764574|42476.3333333333|0
"121010315071"|0|1|0|0|0|0|0|1|1|1|0|0|1|0|0|14850|14850|NA|NA|6450|19|3|18|764574|42476.3333333333|0
"121010317041"|0|1|0|0|0|0|0|1|1|1|0|0|0|0|1|2297|9272|NA|NA|NA|331|171|302|16567328|54858.701986755|0
"121010317042"|0|1|0|0|0|0|0|1|1|1|0|0|0|0|1|2297|9272|NA|NA|NA|331|171|302|16567328|54858.701986755|0
"121010322003"|0|1|1|0|0|0|0|1|1|1|0|0|0|0|1|20760|20760|9630|9630|11680|856|204|360|26349502|73193.0611111111|0
"121030201051"|0|1|0|0|0|0|0|1|1|1|0|0|0|1|0|41192|41192|NA|NA|11336|233|81|290|19670438|67829.0965517241|0
"121030201052"|0|1|0|0|0|0|0|1|1|1|0|0|0|1|0|41192|41192|NA|NA|11336|233|81|290|19670438|67829.0965517241|0
"121030201053"|0|1|0|0|0|0|0|1|1|1|0|0|0|1|0|41192|41192|NA|NA|11336|233|81|290|19670438|67829.0965517241|0
"121030202061"|0|1|0|0|0|0|0|1|1|1|0|0|0|1|0|41192|41192|NA|NA|11336|233|81|290|19670438|67829.0965517241|0
"121030208002"|0|1|0|0|0|0|0|1|1|0|0|1|1|0|0|NA|NA|NA|NA|NA|0|0|0|0|NA|0
"121030208003"|0|1|0|0|0|0|0|1|1|0|0|1|1|0|0|NA|NA|NA|NA|NA|0|0|0|0|NA|0
"121030225011"|0|1|0|0|0|0|0|1|1|0|0|1|1|0|0|NA|NA|NA|NA|NA|0|0|0|0|NA|0
"121030244121"|0|1|0|0|0|0|0|1|1|1|1|0|1|0|0|NA|NA|NA|NA|NA|40|22|90|5836620|64851.3333333333|0
"121030245141"|0|1|0|0|0|0|0|1|1|0|0|1|1|0|0|NA|NA|NA|NA|NA|0|0|0|0|NA|0
"121030245142"|0|2|0|0|0|0|0|2|2|1|0|1|1|0|1|NA|NA|NA|NA|NA|1079|397|754|54445794|NA|0
"121030245143"|0|2|0|0|0|0|0|2|2|1|1|1|2|0|0|NA|NA|NA|NA|NA|0|0|0|0|NA|0
"121030249022"|0|1|0|0|0|0|0|1|1|0|0|1|1|0|0|NA|NA|NA|NA|NA|0|0|0|0|NA|0
"121030249024"|0|1|0|0|0|0|0|1|1|0|0|1|1|0|0|NA|NA|NA|NA|NA|0|0|0|0|NA|0
"121030250104"|0|1|1|0|0|0|0|1|1|1|0|0|1|0|0|14160|14160|18600|18600|NA|14|5|4|470000|117500|0
"121030253031"|0|1|1|0|0|0|0|1|1|1|0|0|1|0|0|12729|12729|10992|10992|NA|0|0|0|0|NA|0
"121030253033"|0|1|1|0|0|0|0|1|1|1|0|0|1|0|0|12729|12729|10992|10992|NA|0|0|0|0|NA|0
"121030254082"|0|2|0|0|0|0|0|2|2|1|1|1|2|0|0|NA|NA|NA|NA|NA|0|0|0|0|NA|0
"121030254161"|0|1|0|0|0|0|0|1|1|0|0|1|1|0|0|NA|NA|NA|NA|NA|0|0|0|0|NA|0
"121030264001"|0|1|0|0|0|0|0|1|1|1|1|0|1|0|0|NA|NA|NA|NA|NA|310|9|40|2029768|50744.2|0
"121030264002"|0|1|0|0|0|0|0|1|1|1|1|0|1|0|0|NA|NA|NA|NA|NA|310|9|40|2029768|50744.2|0
"121030267033"|0|1|0|0|0|0|0|1|1|0|0|1|1|0|0|NA|NA|NA|NA|NA|0|0|0|0|NA|0
"121030286001"|0|1|1|0|0|0|0|1|1|1|0|0|0|1|0|4206|14601|8350|18538|9700|321|105|282|21592054|76567.5673758865|0
"121030286003"|0|1|1|0|0|0|0|1|1|1|0|0|0|1|0|4206|14601|8350|18538|9700|321|105|282|21592054|76567.5673758865|0
"121050103003"|0|2|0|0|0|0|0|2|2|0|0|1|2|0|0|NA|NA|NA|NA|NA|0|0|0|0|NA|0
"121050104022"|0|1|1|0|0|0|0|1|1|1|0|0|0|1|0|32450|32450|16725|16725|10680|360|106|278|18989098|68306.1079136691|0
"121050116051"|0|1|1|0|0|0|0|1|1|1|0|0|0|1|0|3152|3152|6930|6930|11800|153|30|116|8753276|75459.275862069|0
"121050116061"|0|1|1|0|0|0|0|1|1|1|0|0|0|1|0|3152|3152|6930|6930|11800|153|30|116|8753276|75459.275862069|0
"121050116062"|0|1|1|0|0|0|0|1|1|1|0|0|0|1|0|3152|3152|6930|6930|11800|153|30|116|8753276|75459.275862069|0
"121050117311"|0|1|1|0|0|0|0|1|1|1|0|0|0|1|0|23160|23160|12269|12269|9724|336|165|286|18640616|65176.979020979|0
"121050118321"|0|1|0|0|0|0|0|1|1|0|0|1|1|0|0|2851|11405|NA|NA|NA|0|0|0|0|NA|0
"121050118322"|0|1|0|0|0|0|0|1|1|0|0|1|1|0|0|2851|11405|NA|NA|NA|0|0|0|0|NA|0
"121050128021"|0|1|0|0|0|0|0|1|1|0|0|1|1|0|0|3888|10368|NA|NA|NA|0|0|0|0|NA|0
"121050137022"|0|1|0|0|0|0|0|1|1|1|0|0|0|0|1|2483|9933|NA|NA|NA|324|133|324|18015156|55602.3333333333|0
"121050154022"|0|1|1|0|0|0|0|1|1|1|0|0|1|0|0|22770|22770|16104|16104|8942|93|41|42|2167048|51596.380952381|0
"121050154041"|0|1|1|0|0|0|0|1|1|1|0|0|0|1|0|20112|20112|6168|6168|8104|118|33|88|4183280|47537.2727272727|0
"121050154051"|0|1|1|0|0|0|0|1|1|1|0|0|0|1|0|20112|20112|6168|6168|8104|118|33|88|4183280|47537.2727272727|0
"121050154052"|0|1|1|0|0|0|0|1|1|1|0|0|0|1|0|20112|20112|6168|6168|8104|118|33|88|4183280|47537.2727272727|0
"121079506003"|0|1|0|0|0|0|0|1|1|1|0|0|0|1|0|2067|8403|NA|NA|NA|213|114|280|13901106|49646.8071428571|0
"121090204001"|0|1|1|0|0|0|0|1|1|1|0|0|0|1|0|17500|17500|500|500|10120|209|63|230|14466520|62897.9130434783|0
"121113804003"|0|1|0|0|0|0|0|1|1|1|0|0|0|0|1|2496|9360|NA|NA|NA|470|225|486|38499310|79216.6872427983|0
"121113807003"|0|1|0|0|0|0|0|1|1|1|0|0|0|0|1|2496|9360|NA|NA|NA|470|225|486|38499310|79216.6872427983|0
"121113810002"|0|1|0|0|0|0|0|1|1|1|1|0|1|0|0|14575|14575|NA|NA|8550|44|7|128|3368166|26313.796875|0
"121113814011"|0|2|0|0|0|0|0|2|2|1|1|1|2|0|0|NA|NA|NA|NA|NA|26|12|24|822284|NA|0
"121113816031"|0|1|0|0|0|0|0|1|1|1|1|0|1|0|0|13479|13479|NA|NA|NA|12|3|28|1816442|64872.9285714286|0
"121113816032"|0|1|0|0|0|0|0|1|1|1|1|0|1|0|0|13479|13479|NA|NA|NA|12|3|28|1816442|64872.9285714286|0
"121119800001"|0|1|0|0|0|0|0|1|1|1|1|0|1|0|0|14575|14575|NA|NA|8550|44|7|128|3368166|26313.796875|0
"121130105033"|0|1|0|0|0|0|0|1|1|0|0|1|1|0|0|NA|NA|NA|NA|NA|0|0|0|0|NA|0
"121150002003"|0|1|0|0|0|0|0|1|1|1|0|0|0|1|0|39510|39510|NA|NA|14306|206|58|198|15128208|76405.0909090909|0
"121150009001"|0|1|1|0|0|0|0|1|1|1|0|0|1|0|0|5227|27159|9555|25444|9009|205|57|156|11548708|74030.1794871795|0
"121150010001"|0|1|1|0|0|0|0|1|1|1|0|0|0|1|0|4206|15120|8350|19047|NA|112|46|168|12621538|75128.2023809524|0
"121150010002"|0|1|1|0|0|0|0|1|1|1|0|0|1|0|0|10675|10675|10404|10404|NA|11|2|6|401998|66999.6666666667|0
"121150013012"|0|1|1|0|0|0|0|1|1|1|0|0|1|0|0|13056|13056|12788|12788|NA|16|2|12|888666|74055.5|0
"121150017033"|0|1|0|0|0|0|0|1|1|0|0|1|1|0|0|NA|NA|NA|NA|NA|0|0|0|0|NA|0
"121150017042"|0|1|0|0|0|0|0|1|1|0|0|1|1|0|0|NA|NA|NA|NA|NA|0|0|0|0|NA|0
"121150020041"|0|1|0|0|0|0|0|1|1|0|0|1|1|0|0|NA|NA|NA|NA|NA|0|0|0|0|NA|0
"121150027132"|0|1|0|0|0|0|0|1|1|1|1|0|1|0|0|NA|NA|NA|NA|NA|7|1|6|216000|36000|0
"121170207042"|0|1|0|0|0|0|0|1|1|1|0|0|1|0|0|14811|14811|NA|NA|NA|18|2|0|0|NA|0
"121170207051"|0|2|0|0|0|0|0|2|2|0|0|0|2|0|0|NA|NA|NA|NA|NA|0|0|0|0|NA|0
"121170208031"|0|1|0|0|0|0|0|1|1|1|0|0|0|0|1|2393|9494|NA|NA|NA|485|143|408|27367306|67076.7303921569|0
"121170208033"|0|1|0|0|0|0|0|1|1|1|0|0|0|0|1|2393|9494|NA|NA|NA|485|143|408|27367306|67076.7303921569|0
"121170208053"|0|1|0|0|0|0|0|2|1|0|0|0|1|0|0|NA|NA|NA|NA|NA|0|0|0|0|NA|0
"121170208054"|0|1|0|0|0|0|0|2|1|0|0|0|1|0|0|NA|NA|NA|NA|NA|0|0|0|0|NA|0
"121170210001"|0|1|0|0|0|0|0|1|1|0|0|1|1|0|0|NA|NA|NA|NA|NA|0|0|0|0|NA|0
"121170213073"|0|1|0|0|0|0|0|1|1|0|0|1|1|0|0|NA|NA|NA|NA|NA|0|0|0|0|NA|0
"121170216063"|0|1|0|0|0|0|0|1|1|1|1|0|1|0|0|15750|15750|NA|NA|NA|8|4|8|440758|55094.75|0
"121170216081"|0|1|0|0|0|0|0|1|1|1|1|0|1|0|0|11520|11520|NA|NA|NA|29|13|8|456240|57030|0
"121170217041"|0|1|0|0|0|0|0|1|1|1|1|0|1|0|0|15750|15750|NA|NA|NA|8|4|8|440758|55094.75|0
"121170217042"|0|1|0|0|0|0|0|1|1|1|1|0|1|0|0|15750|15750|NA|NA|NA|8|4|8|440758|55094.75|0
"121170218061"|0|1|0|0|0|0|0|1|1|1|1|0|1|0|0|NA|NA|NA|NA|NA|8|1|8|374400|46800|0
"121170220024"|0|1|0|0|0|0|0|1|1|0|0|1|1|0|0|16520|16520|NA|NA|NA|0|0|0|0|NA|0
"121170220051"|0|1|0|0|0|0|0|1|0|0|0|0|1|0|0|NA|NA|NA|NA|NA|0|0|0|0|NA|0
"121170222011"|0|1|1|0|0|0|0|1|1|1|0|0|1|0|0|13000|13000|10560|10560|NA|18|2|52|3337522|64183.1153846154|0
"121170222015"|0|1|0|0|0|0|0|1|1|0|0|1|1|0|0|NA|NA|NA|NA|NA|0|0|0|0|NA|0
"121199101002"|0|1|0|0|0|0|0|1|1|0|0|1|1|0|0|NA|NA|NA|NA|NA|0|0|0|0|NA|0
"121199117011"|0|1|0|0|0|0|0|1|1|0|0|1|1|0|0|NA|NA|NA|NA|NA|0|0|0|0|NA|0
"121219704004"|0|1|0|0|0|0|0|1|1|0|0|1|1|0|0|NA|NA|NA|NA|NA|0|0|0|0|NA|0
"121219704005"|0|1|0|0|0|0|0|1|1|0|0|1|1|0|0|NA|NA|NA|NA|NA|0|0|0|0|NA|0
"121239503005"|0|1|0|0|0|0|0|1|1|0|0|1|1|0|0|NA|NA|NA|NA|NA|0|0|0|0|NA|0
"121270801001"|0|1|0|0|0|0|0|1|1|1|1|0|1|0|0|NA|NA|NA|NA|NA|25|2|30|1465624|48854.1333333333|0
"121270808031"|0|1|0|0|0|0|0|1|1|1|1|0|1|0|0|NA|NA|NA|NA|NA|26|4|16|776800|48550|0
"121270818002"|0|1|0|0|0|0|0|1|1|1|0|0|0|0|1|3071|11960|NA|NA|NA|629|117|534|33972400|63618.7265917603|0
"121270820002"|0|1|1|1|0|0|0|1|1|1|0|0|0|1|0|13440|13440|14100|14100|8560|406|156|386|24670670|63913.6528497409|0
"121270824012"|0|1|0|0|0|0|0|1|1|0|0|1|1|0|0|NA|NA|NA|NA|NA|0|0|0|0|NA|0
"121270904003"|0|1|1|0|0|0|0|1|1|1|0|0|0|1|0|42890|42890|16768|16768|12326|581|183|536|49472188|92298.8582089552|0
"121270925001"|0|2|2|0|0|0|0|2|2|2|0|0|0|1|1|41352|41352|23736|23736|NA|1433|227|788|63788590|152385.408399337|0
"121319503012"|0|1|0|0|0|0|0|1|1|0|0|1|1|0|0|NA|NA|NA|NA|NA|0|0|0|0|NA|0
"121319503014"|0|1|0|0|0|0|0|1|1|0|0|1|1|0|0|NA|NA|NA|NA|NA|0|0|0|0|NA|0
"121339701032"|0|1|0|0|0|0|0|1|1|0|0|1|1|0|0|NA|NA|NA|NA|NA|0|0|0|0|NA|0
"121339701033"|0|1|0|0|0|0|0|1|1|0|0|1|1|0|0|NA|NA|NA|NA|NA|0|0|0|0|NA|0
"130099704005"|0|1|1|0|0|0|0|1|1|1|0|0|0|1|0|7180|25528|5187|18486|11946|592|160|670|46265500|69052.9850746269|0
"130099707011"|0|1|0|0|0|0|0|1|1|1|0|0|0|1|0|5445|5445|NA|NA|7500|356|141|252|11624808|46130.1904761905|0
"130131802041"|0|1|0|0|0|0|0|1|1|0|0|1|1|0|0|NA|NA|NA|NA|NA|0|0|0|0|NA|0
"130210105001"|0|1|1|0|0|1|0|1|1|1|0|0|0|1|0|34830|34830|15557|15557|11106|857|301|790|62205818|78741.5417721519|0
"130210121011"|0|1|1|0|0|0|0|1|1|1|0|0|1|0|0|20750|20750|27335|27335|9290|115|27|114|6772342|59406.5087719298|0
"130210125003"|0|1|0|0|0|0|0|1|1|1|1|0|1|0|0|14382|14382|NA|NA|NA|29|11|20|709440|35472|0
"130210126001"|0|1|0|0|0|0|0|1|1|1|1|0|1|0|0|14382|14382|NA|NA|NA|29|11|20|709440|35472|0
"130210126002"|0|1|0|0|0|0|0|1|1|1|1|0|1|0|0|14382|14382|NA|NA|NA|29|11|20|709440|35472|0
"130210131011"|0|2|1|0|0|0|0|2|2|2|1|0|1|1|0|16534|23563|NA|NA|NA|463|134|516|29886738|134140.353174603|0
"130210134072"|0|1|0|0|0|0|0|1|1|1|1|0|1|0|0|10080|10080|NA|NA|NA|16|4|16|621160|38822.5|0
"130210134101"|0|1|1|0|0|0|0|1|1|1|0|0|1|0|0|20750|20750|27335|27335|9290|115|27|114|6772342|59406.5087719298|0
"130210136032"|0|2|1|0|0|0|0|2|2|2|1|0|1|1|0|16534|23563|NA|NA|NA|463|134|516|29886738|134140.353174603|0
"130210137001"|0|1|1|0|0|1|0|1|1|1|0|0|0|1|0|34830|34830|15557|15557|11106|857|301|790|62205818|78741.5417721519|0
"130210137003"|0|1|1|0|0|1|0|1|1|1|0|0|0|1|0|34830|34830|15557|15557|11106|857|301|790|62205818|78741.5417721519|0
"130311103002"|0|1|0|0|0|0|0|1|1|1|1|0|0|1|0|2136|4272|NA|NA|NA|85|32|138|7223064|52341.0434782609|0
"130311104041"|0|1|1|0|0|0|0|1|1|1|0|0|0|0|1|4181|14755|6636|26518|9800|1856|504|1562|105118084|67297.1088348271|0
"130311104042"|0|1|1|0|0|0|0|1|1|1|0|0|0|0|1|4181|14755|6636|26518|9800|1856|504|1562|105118084|67297.1088348271|0
"130311104043"|0|1|1|0|0|0|0|1|1|1|0|0|0|0|1|4181|14755|6636|26518|9800|1856|504|1562|105118084|67297.1088348271|0
"130459105012"|0|1|1|0|0|0|0|1|1|1|0|0|0|0|1|4181|14755|3996|15498|8648|1088|289|970|62043206|63962.0680412371|0
"130510009001"|0|1|2|0|0|0|0|2|2|2|0|0|1|0|1|NA|NA|NA|NA|NA|943|406|1052|84398616|177588.19379845|0
"130510015001"|0|1|2|0|0|0|0|2|2|2|0|0|1|0|1|NA|NA|NA|NA|NA|943|406|1052|84398616|177588.19379845|0
"130510038002"|0|1|1|1|0|0|0|1|1|1|0|0|0|1|0|3886|14142|3528|13068|7432|442|121|434|24957598|57505.9861751152|0
"130510040022"|0|2|2|0|0|0|0|2|2|2|0|0|0|2|0|30244|30244|34857|34857|NA|566|11|96|9282382|175119.381395349|0
"130510040023"|0|1|0|0|0|0|0|1|1|0|0|1|1|0|0|NA|NA|NA|NA|NA|0|0|0|0|NA|0
"130510042082"|0|1|1|0|0|0|0|1|1|1|0|0|0|1|0|3886|14142|3798|14076|10176|371|153|580|35973480|62023.2413793103|0
"130510042121"|0|1|1|0|0|0|0|1|1|1|0|0|0|1|0|3886|14142|3798|14076|10176|371|153|580|35973480|62023.2413793103|0
"130510043001"|0|1|0|0|0|0|0|2|1|1|1|0|0|1|0|NA|NA|NA|NA|NA|157|29|226|11847002|NA|0
"130510044002"|0|1|0|0|0|0|0|2|1|1|1|0|0|1|0|NA|NA|NA|NA|NA|157|29|226|11847002|NA|0
"130510109013"|0|1|0|0|0|0|0|1|1|1|1|0|1|0|0|14382|14382|NA|NA|NA|35|14|44|1559258|35437.6818181818|0
"130530202031"|0|0|0|0|0|0|0|1|0|0|0|0|0|0|0|NA|NA|NA|NA|NA|0|0|0|0|NA|0
"130530202061"|0|0|0|0|0|0|0|1|0|0|0|0|0|0|0|NA|NA|NA|NA|NA|0|0|0|0|NA|0
"130570902001"|0|1|1|0|0|0|0|1|1|1|0|0|0|1|0|20744|20744|8244|8244|7948|149|59|152|8403074|55283.3815789474|0
"130590004022"|0|1|1|0|0|1|0|1|1|1|0|0|0|0|1|9364|27574|8492|24090|9616|8245|1596|4024|421713412|104799.555666004|0
"130590004023"|0|1|1|0|0|1|0|1|1|1|0|0|0|0|1|9364|27574|8492|24090|9616|8245|1596|4024|421713412|104799.555666004|0
"130591307002"|0|1|0|0|0|0|0|1|1|0|0|1|1|0|0|NA|NA|NA|NA|NA|0|0|0|0|NA|0
"130591405001"|0|1|0|0|0|0|0|1|1|1|1|0|0|1|0|2136|4272|NA|NA|NA|139|34|200|12159944|60799.72|0
"130630402021"|0|1|0|0|0|0|0|1|1|0|0|0|1|0|0|NA|NA|NA|NA|NA|0|0|0|0|NA|0
"130630402022"|0|1|0|0|0|0|0|1|1|0|0|0|1|0|0|NA|NA|NA|NA|NA|0|0|0|0|NA|0
"130630402042"|0|1|0|0|0|0|0|1|1|0|0|1|1|0|0|NA|NA|NA|NA|NA|0|0|0|0|NA|0
"130630403031"|0|1|0|0|0|0|0|1|0|0|0|0|1|0|0|NA|NA|NA|NA|NA|0|0|0|0|NA|0
"130630403081"|0|1|0|0|0|0|0|1|1|0|0|0|1|0|0|NA|NA|NA|NA|NA|0|0|0|0|NA|0
"130630404081"|0|1|1|0|0|0|0|1|1|1|0|0|0|1|0|3886|14142|5512|13507|10156|430|112|432|28172130|65213.2638888889|0
"130630404082"|0|1|1|0|0|0|0|1|1|1|0|0|0|1|0|3886|14142|5512|13507|10156|430|112|432|28172130|65213.2638888889|0
"130630404102"|0|1|0|0|0|0|0|1|0|0|0|0|1|0|0|NA|NA|NA|NA|NA|0|0|0|0|NA|0
"130630404122"|0|3|0|0|0|0|0|3|3|1|1|2|3|0|0|NA|NA|NA|NA|NA|6|0|2|79044|NA|0
"130630404123"|0|3|0|0|0|0|0|3|3|1|1|2|3|0|0|NA|NA|NA|NA|NA|6|0|2|79044|NA|0
"130630404154"|0|1|0|0|0|0|0|1|0|0|0|0|1|0|0|NA|NA|NA|NA|NA|0|0|0|0|NA|0
"130630404161"|0|1|0|0|0|0|0|1|1|1|1|0|1|0|0|8500|8500|NA|NA|NA|2|0|2|96000|48000|0
"130630404173"|0|1|0|0|0|0|0|1|1|0|0|1|1|0|0|NA|NA|NA|NA|NA|0|0|0|0|NA|0
"130630405202"|0|1|0|0|0|0|0|1|1|0|0|0|1|0|0|NA|NA|NA|NA|NA|0|0|0|0|NA|0
"130670302271"|0|1|0|0|0|0|0|1|1|0|0|0|1|0|0|NA|NA|NA|NA|NA|0|0|0|0|NA|0
"130670302273"|0|1|0|0|0|0|0|1|1|0|0|1|1|0|0|NA|NA|NA|NA|NA|0|0|0|0|NA|0
"130670302282"|0|1|0|0|0|0|0|1|1|0|0|1|1|0|0|NA|NA|NA|NA|NA|0|0|0|0|NA|0
"130670302283"|0|1|0|0|0|0|0|1|1|0|0|1|1|0|0|NA|NA|NA|NA|NA|0|0|0|0|NA|0
"130670302291"|0|1|1|0|0|0|0|1|1|1|0|0|0|0|1|4256|15021|4734|17118|11467|1937|641|2158|152917004|70860.5208526413|0
"130670302292"|0|1|1|0|0|0|0|1|1|1|0|0|0|0|1|4256|15021|4734|17118|11467|1937|641|2158|152917004|70860.5208526413|0
"130670302341"|0|1|0|0|0|0|0|1|1|0|0|1|1|0|0|NA|NA|NA|NA|NA|0|0|0|0|NA|0
"130670303442"|0|1|0|0|0|0|0|1|1|1|1|0|1|0|0|NA|NA|NA|NA|NA|12|3|14|740032|52859.4285714286|0
"130670303451"|0|1|0|0|0|0|0|1|1|1|1|0|1|0|0|NA|NA|NA|NA|NA|8|3|6|287334|47889|0
"130670304051"|0|1|1|0|0|0|0|1|1|1|0|0|1|0|0|9360|9360|11280|11280|NA|10|3|24|1196792|49866.3333333333|0
"130670304141"|0|1|0|0|0|0|0|1|1|0|0|1|1|0|0|NA|NA|NA|NA|NA|0|0|0|0|NA|0
"130670304142"|0|1|0|0|0|0|0|1|1|0|0|1|1|0|0|NA|NA|NA|NA|NA|0|0|0|0|NA|0
"130670305043"|0|1|0|0|0|0|0|1|1|0|0|1|1|0|0|NA|NA|NA|NA|NA|0|0|0|0|NA|0
"130670305052"|0|1|0|0|0|0|0|1|1|0|0|1|1|0|0|NA|NA|NA|NA|NA|0|0|0|0|NA|0
"130670305054"|0|1|0|0|0|0|0|1|1|0|0|1|1|0|0|NA|NA|NA|NA|NA|0|0|0|0|NA|0
"130670306011"|0|1|0|0|0|0|0|1|1|0|0|1|1|0|0|NA|NA|NA|NA|NA|0|0|0|0|NA|0
"130670306013"|0|1|1|0|0|0|0|1|1|1|0|0|0|0|1|4256|15021|4734|17118|11467|1937|641|2158|152917004|70860.5208526413|0
"130670309022"|0|1|0|0|0|0|0|1|1|1|1|0|0|1|0|2136|4272|NA|NA|NA|312|114|348|19426396|55822.9770114943|0
"130670311141"|0|1|0|0|0|0|0|1|1|1|1|0|1|0|0|12503|12503|NA|NA|NA|22|2|22|1192128|54187.6363636364|0
"130670311142"|0|1|0|0|0|0|0|1|1|1|1|0|1|0|0|12503|12503|NA|NA|NA|22|2|22|1192128|54187.6363636364|0
"130670313091"|0|1|0|0|0|0|0|1|1|0|0|1|1|0|0|NA|NA|NA|NA|NA|0|0|0|0|NA|0
"130690107001"|0|1|0|0|0|0|0|1|1|1|0|0|0|1|0|2181|8256|NA|NA|8250|132|44|120|5707316|47560.9666666667|0
"130690107002"|0|1|0|0|0|0|0|1|1|1|0|0|0|1|0|2181|8256|NA|NA|8250|132|44|120|5707316|47560.9666666667|0
"130730303074"|0|1|0|0|0|0|0|1|1|0|0|1|1|0|0|NA|NA|NA|NA|NA|0|0|0|0|NA|0
"130830403002"|0|1|1|0|0|0|0|1|1|1|0|0|0|1|0|31320|31320|14400|14400|9630|138|46|134|9121396|68070.1194029851|0
"130879706004"|0|1|0|0|0|0|0|1|1|1|0|0|0|1|0|2181|8256|NA|NA|NA|95|27|120|5766856|48057.1333333333|0
"130890211021"|0|1|0|0|0|0|0|1|1|1|1|0|1|0|0|13536|13536|NA|NA|NA|10|1|8|406664|50833|0
"130890211022"|0|1|0|0|0|0|0|1|1|1|1|0|1|0|0|13536|13536|NA|NA|NA|10|1|8|406664|50833|0
"130890211023"|0|1|0|0|0|0|0|1|1|1|0|0|0|1|0|35000|35000|NA|NA|12710|98|59|124|7480940|60330.1612903226|0
"130890212043"|0|1|0|0|0|0|0|1|1|1|1|0|1|0|0|9408|9408|NA|NA|NA|38|4|12|479134|39927.8333333333|0
"130890212162"|0|1|0|0|0|0|0|1|1|0|0|1|1|0|0|NA|NA|NA|NA|NA|0|0|0|0|NA|0
"130890212182"|0|1|0|0|0|0|0|1|1|0|0|1|1|0|0|NA|NA|NA|NA|NA|0|0|0|0|NA|0
"130890213061"|0|1|0|0|0|0|0|1|1|0|0|1|1|0|0|NA|NA|NA|NA|NA|0|0|0|0|NA|0
"130890213062"|0|1|1|0|0|0|0|1|1|1|0|0|1|0|0|4800|4800|6888|6888|NA|27|0|32|1160000|36250|0
"130890217031"|0|1|0|0|0|0|0|1|1|0|0|1|1|0|0|NA|NA|NA|NA|NA|0|0|0|0|NA|0
"130890217042"|0|1|0|0|0|0|0|1|1|0|0|1|1|0|0|NA|NA|NA|NA|NA|0|0|0|0|NA|0
"130890217053"|0|1|1|0|0|0|0|1|1|1|0|0|0|1|0|14040|14040|14325|14325|NA|83|11|78|4955526|63532.3846153846|0
"130890218103"|0|1|0|0|0|0|0|1|1|1|1|0|1|0|0|13120|13120|NA|NA|NA|8|2|34|1836358|54010.5294117647|0
"130890219081"|0|1|0|0|0|0|0|1|1|0|0|1|1|0|0|NA|NA|NA|NA|NA|0|0|0|0|NA|0
"130890220052"|0|1|0|0|0|0|0|1|1|1|1|0|0|1|0|2136|4272|NA|NA|NA|183|61|176|9792692|55640.2954545455|0
"130890224022"|0|1|1|0|1|1|0|1|1|1|0|0|0|0|1|47300|47300|39800|39800|13486|5244|912|1890|237805110|125822.80952381|0
"130890225001"|0|1|1|0|0|0|0|1|1|1|0|0|0|1|0|17052|17052|18384|18384|NA|56|3|18|1652164|91786.8888888889|0
"130890225003"|0|1|1|0|0|0|0|1|1|1|0|0|0|1|0|17052|17052|18384|18384|NA|56|3|18|1652164|91786.8888888889|0
"130890228001"|0|1|0|0|0|0|0|1|1|1|0|0|1|0|0|38232|38232|NA|NA|11520|232|38|168|13721716|81676.8809523809|0
"130890228003"|0|0|1|0|0|0|0|1|1|1|0|0|1|0|0|NA|NA|13200|13200|NA|50|12|44|3084702|70106.8636363636|0
"130890232142"|0|1|0|0|0|0|0|1|1|1|1|0|1|0|0|11700|11700|NA|NA|NA|4|2|14|560000|40000|0
"130890234181"|0|1|1|0|0|0|0|1|1|1|0|0|0|1|0|6120|6120|4536|4536|NA|26|8|30|1972600|65753.3333333333|0
"130890236013"|0|1|0|0|0|0|0|1|0|0|0|0|1|0|0|NA|NA|NA|NA|NA|0|0|0|0|NA|0
"130950010002"|0|1|0|0|0|0|0|1|1|1|0|0|0|1|0|2184|8256|NA|NA|10398|143|63|266|14195022|53364.7443609023|0
"130950014031"|0|1|1|1|0|0|0|1|1|1|0|0|0|1|0|3888|14142|3402|13590|7500|323|132|300|17959628|59865.4266666667|0
"130950014032"|0|1|0|0|0|0|0|1|1|1|1|0|0|1|0|2140|4280|NA|NA|NA|141|46|204|9608632|47101.137254902|0
"130950107001"|0|1|1|1|0|0|0|1|1|1|0|0|0|1|0|3888|14142|3402|13590|7500|323|132|300|17959628|59865.4266666667|0
"130950107002"|0|1|1|1|0|0|0|1|1|1|0|0|0|1|0|3888|14142|3402|13590|7500|323|132|300|17959628|59865.4266666667|0
"130950107003"|0|1|1|1|0|0|0|1|1|1|0|0|0|1|0|3888|14142|3402|13590|7500|323|132|300|17959628|59865.4266666667|0
"130970801034"|0|1|0|0|0|0|0|1|1|0|0|1|1|0|0|NA|NA|NA|NA|NA|0|0|0|0|NA|0
"130970805051"|0|1|0|0|0|0|0|1|1|0|0|0|1|0|0|NA|NA|NA|NA|NA|0|0|0|0|NA|0
"131079706001"|0|1|0|0|0|0|0|1|1|1|0|0|0|1|0|2181|8256|NA|NA|8523|139|43|190|7403906|38967.9263157895|0
"131079706003"|0|1|0|0|0|0|0|1|1|1|0|0|0|1|0|2181|8256|NA|NA|8523|139|43|190|7403906|38967.9263157895|0
"131131404041"|0|1|0|0|0|0|0|1|1|0|0|1|1|0|0|NA|NA|NA|NA|NA|0|0|0|0|NA|0
"131150002013"|0|1|1|0|0|0|0|1|1|1|0|0|0|1|0|33330|33330|10890|10890|11730|359|134|334|23622916|70727.2934131737|0
"131150003002"|0|1|1|0|0|0|0|1|1|1|0|0|0|1|0|33330|33330|10890|10890|11730|359|134|334|23622916|70727.2934131737|0
"131150012001"|0|1|1|0|0|0|0|1|1|1|0|0|0|1|0|21300|21300|12000|12000|9400|134|68|178|9079574|51008.8426966292|0
"131150014002"|0|1|1|0|0|0|0|1|1|1|0|0|0|1|0|21300|21300|12000|12000|9400|134|68|178|9079574|51008.8426966292|0
"131150016003"|0|1|0|0|0|0|0|1|1|1|1|0|0|1|0|2136|4272|NA|NA|NA|185|84|240|14259472|59414.4666666667|0
"131150021001"|0|1|1|0|0|0|0|1|1|1|0|0|0|1|0|21300|21300|12000|12000|9400|134|68|178|9079574|51008.8426966292|0
"131150021002"|0|1|0|0|0|0|0|1|1|1|0|0|0|1|0|2181|8256|NA|NA|NA|186|64|246|11756388|47790.1951219512|0
"131198904004"|0|1|0|0|0|0|0|1|1|1|0|0|1|0|0|18990|18990|NA|NA|7200|90|57|98|4569710|46629.693877551|0
"131210001003"|0|1|0|0|0|0|0|1|1|0|0|1|1|0|0|16740|16740|NA|NA|NA|0|0|0|0|NA|0
"131210005001"|0|0|1|0|0|0|0|1|1|1|0|0|1|0|0|NA|NA|NA|NA|NA|39|11|46|4049900|88041.3043478261|0
"131210006001"|0|1|1|0|0|0|0|1|1|1|0|0|0|0|1|9812|30004|13452|27872|11148|6337|880|1682|211722080|125875.196195006|0
"131210007002"|0|1|0|0|0|0|0|1|1|0|0|1|1|0|0|NA|NA|NA|NA|NA|0|0|0|0|NA|0
"131210010012"|0|1|0|0|0|0|0|1|1|1|1|0|1|0|0|12450|12450|NA|NA|NA|13|6|16|827700|51731.25|0
"131210010021"|0|1|1|0|0|0|0|1|1|1|0|0|0|0|1|9812|30004|13452|27872|11148|6337|880|1682|211722080|125875.196195006|0
"131210019002"|0|1|0|0|0|0|0|1|1|1|1|0|1|0|0|NA|NA|NA|NA|NA|7|1|10|474000|47400|0
"131210021001"|0|1|0|0|0|0|0|1|0|0|0|0|1|0|0|NA|NA|NA|NA|NA|0|0|0|0|NA|0
"131210038001"|0|2|2|3|0|0|0|3|3|3|0|0|1|2|0|NA|NA|NA|NA|NA|696|271|688|46007012|186474.071386946|0
"131210042002"|0|1|1|2|0|1|0|2|2|2|0|0|1|1|0|NA|NA|NA|NA|NA|366|127|342|24794312|NA|0
"131210043001"|0|1|1|2|0|1|0|2|2|2|0|0|1|1|0|NA|NA|NA|NA|NA|366|127|342|24794312|NA|0
"131210052003"|0|1|1|0|0|0|0|1|1|1|0|0|1|0|0|9090|9090|9720|9720|8900|49|30|24|1150496|47937.3333333333|0
"131210065001"|0|2|0|0|0|0|0|2|2|2|1|0|0|2|0|4456|12930|NA|NA|NA|290|102|378|18991884|99597.0366515837|0
"131210070012"|0|1|0|0|0|0|0|1|1|0|0|1|1|0|0|NA|NA|NA|NA|NA|0|0|0|0|NA|0
"131210077052"|0|1|0|0|0|0|0|1|1|0|0|1|1|0|0|NA|NA|NA|NA|NA|0|0|0|0|NA|0
"131210078021"|0|1|0|0|0|0|0|1|1|1|0|0|1|0|0|9960|9960|NA|NA|6600|7|6|2|91348|45674|0
"131210088001"|0|1|0|0|0|0|0|1|1|0|0|1|1|0|0|NA|NA|NA|NA|NA|0|0|0|0|NA|0
"131210091013"|0|1|0|0|0|0|0|1|1|0|0|1|1|0|0|19400|19400|NA|NA|NA|0|0|0|0|NA|0
"131210092003"|0|1|0|0|0|0|0|1|1|0|0|1|1|0|0|16740|16740|NA|NA|NA|0|0|0|0|NA|0
"131210096022"|0|1|1|0|0|0|0|1|1|1|0|0|1|0|0|13000|13000|10560|10560|NA|26|3|30|1882364|62745.4666666667|0
"131210096023"|0|1|1|0|0|0|0|1|1|1|0|0|1|0|0|13000|13000|10560|10560|NA|26|3|30|1882364|62745.4666666667|0
"131210101101"|0|1|1|0|0|0|0|1|1|1|0|0|0|1|0|13048|13048|13502|13502|NA|48|4|48|3506602|73054.2083333333|0
"131210101133"|0|1|0|0|0|0|0|1|1|1|0|0|1|0|0|18900|18900|NA|NA|NA|53|7|74|5704334|77085.5945945946|0
"131210101151"|0|1|0|0|0|0|0|1|1|1|0|0|1|0|0|18900|18900|NA|NA|NA|53|7|74|5704334|77085.5945945946|0
"131210101181"|0|1|1|0|0|0|0|1|1|1|0|0|1|0|0|10711|10711|14684|14684|NA|27|8|0|0|NA|0
"131210101222"|0|3|2|0|0|0|0|4|4|4|1|0|2|2|0|NA|NA|NA|NA|NA|164|10|92|5837416|NA|0
"131210101223"|0|3|2|0|0|0|0|4|4|4|1|0|2|2|0|NA|NA|NA|NA|NA|164|10|92|5837416|NA|0
"131210102051"|0|1|0|0|0|0|0|1|1|1|1|0|1|0|0|NA|NA|NA|NA|NA|7|3|0|0|NA|0
"131210102112"|0|1|0|0|0|0|0|1|1|0|0|1|1|0|0|NA|NA|NA|NA|NA|0|0|0|0|NA|0
"131210102123"|0|1|0|0|0|0|0|1|1|0|0|1|1|0|0|NA|NA|NA|NA|NA|0|0|0|0|NA|0
"131210114211"|0|1|0|0|0|0|0|1|1|0|0|1|1|0|0|NA|NA|NA|NA|NA|0|0|0|0|NA|0
"131210116232"|0|1|0|0|0|0|0|1|1|0|0|0|1|0|0|NA|NA|NA|NA|NA|0|0|0|0|NA|0
"131210118003"|0|1|0|0|0|0|0|1|0|0|0|0|1|0|0|NA|NA|NA|NA|NA|0|0|0|0|NA|0
"131210119002"|0|3|1|0|0|0|0|3|3|2|1|1|1|0|2|15732|36375|NA|NA|NA|3666|942|3502|269448974|NA|0
"131270005012"|0|1|0|0|0|0|0|1|1|1|0|0|0|1|0|2451|9432|NA|NA|9520|161|47|202|12050764|59657.2475247525|0
"131270005013"|0|1|0|0|0|0|0|1|1|1|0|0|0|1|0|2451|9432|NA|NA|9520|161|47|202|12050764|59657.2475247525|0
"131270005032"|0|1|0|0|0|0|0|1|1|1|0|0|0|1|0|2451|9432|NA|NA|9520|161|47|202|12050764|59657.2475247525|0
"131350502112"|0|1|0|0|0|0|0|1|1|0|0|1|1|0|0|16520|16520|NA|NA|NA|0|0|0|0|NA|0
"131350503202"|0|1|0|0|0|0|0|1|1|0|0|1|1|0|0|NA|NA|NA|NA|NA|0|0|0|0|NA|0
"131350504232"|0|1|0|0|0|0|0|1|1|1|1|0|1|0|0|7662|7662|NA|NA|NA|18|2|6|273786|45631|0
"131350504241"|0|1|0|0|0|0|0|1|1|1|1|0|1|0|0|7662|7662|NA|NA|NA|18|2|6|273786|45631|0
"131350504352"|0|1|0|0|0|0|0|1|1|1|1|0|1|0|0|9750|9750|NA|NA|NA|14|5|10|249778|24977.8|0
"131350505113"|0|1|0|0|0|0|0|1|1|1|1|0|0|1|0|2136|4272|NA|NA|NA|238|110|280|16480548|58859.1|0
"131350505231"|0|1|0|0|0|0|0|1|1|1|0|0|0|0|1|3075|11478|NA|NA|12680|376|112|884|60537938|68481.8303167421|0
"131350505232"|0|1|0|0|0|0|0|1|1|1|0|0|0|0|1|3075|11478|NA|NA|12680|376|112|884|60537938|68481.8303167421|0
"131350505233"|0|1|0|0|0|0|0|1|1|1|0|0|0|0|1|3075|11478|NA|NA|12680|376|112|884|60537938|68481.8303167421|0
"131350505261"|0|1|0|0|0|0|0|1|1|0|0|1|1|0|0|NA|NA|NA|NA|NA|0|0|0|0|NA|0
"131350505351"|0|1|0|0|0|0|0|1|1|1|1|0|0|1|0|2136|4272|NA|NA|NA|238|110|280|16480548|58859.1|0
"131350505371"|0|1|0|0|0|0|0|1|1|1|1|0|1|0|0|NA|NA|NA|NA|NA|11|0|10|474240|47424|0
"131350505372"|0|1|0|0|0|0|0|1|1|1|1|0|1|0|0|NA|NA|NA|NA|NA|11|0|10|474240|47424|0
"131350505402"|0|1|0|0|0|0|0|1|1|0|0|1|1|0|0|NA|NA|NA|NA|NA|0|0|0|0|NA|0
"131370002023"|0|1|0|0|0|0|0|1|1|1|1|0|0|1|0|2136|4272|NA|NA|4000|102|25|144|7121428|49454.3611111111|0
"131370005003"|0|1|1|0|0|0|0|1|1|1|0|0|0|1|0|23112|23112|8910|8910|9400|141|57|240|15309182|63788.2583333333|0
"131370005004"|0|1|1|0|0|0|0|1|1|1|0|0|0|1|0|23112|23112|8910|8910|9400|141|57|240|15309182|63788.2583333333|0
"131390008003"|0|2|1|0|0|0|0|2|2|1|0|1|1|1|0|NA|NA|NA|NA|NA|191|78|244|17439662|NA|0
"131390011021"|0|1|0|0|0|0|0|1|1|1|1|0|1|0|0|9240|9240|NA|NA|NA|5|0|4|128840|32210|0
"131390014032"|0|1|0|0|0|0|0|1|1|1|1|0|0|1|0|2670|5340|NA|NA|NA|118|57|192|11036076|57479.5625|0
"131430104001"|0|1|0|0|0|0|0|1|1|1|1|0|0|1|0|2136|4272|NA|NA|NA|246|121|296|15179984|51283.7297297297|0
"131530212011"|0|1|0|0|0|0|0|1|1|1|1|0|0|1|0|2136|4727|NA|NA|NA|315|118|422|20871600|49458.7677725118|0
"131719702002"|0|1|0|0|0|0|0|1|1|1|0|0|0|1|0|2451|9058|NA|NA|8101|174|56|242|13096666|54118.4545454545|0
"131719702003"|0|1|0|0|0|0|0|1|1|1|0|0|0|1|0|2451|9058|NA|NA|8101|174|56|242|13096666|54118.4545454545|0
"131719702004"|0|1|0|0|0|0|0|1|1|1|0|0|0|1|0|2451|9058|NA|NA|8101|174|56|242|13096666|54118.4545454545|0
"131790101032"|0|0|0|0|0|0|0|1|0|0|0|0|0|0|0|NA|NA|NA|NA|NA|0|0|0|0|NA|0
"131850102012"|0|1|0|0|0|0|0|1|1|1|1|0|0|1|0|2136|4272|NA|NA|NA|147|66|276|13426932|48648.3043478261|0
"131850111002"|0|1|1|0|0|0|0|1|1|1|0|0|0|0|1|4181|14755|4374|15750|7912|711|178|852|56625562|66461.9272300469|0
"131879602013"|0|1|1|0|0|0|0|1|1|1|0|0|0|0|1|3648|13019|4050|16164|10138|873|241|1248|73948008|59253.2115384615|0
"132099502002"|0|1|0|0|0|0|0|1|1|1|0|0|1|0|0|15660|15660|NA|NA|7980|54|21|38|1768258|46533.1052631579|0
"132099502003"|0|1|0|0|0|0|0|1|1|1|0|0|1|0|0|15660|15660|NA|NA|7980|54|21|38|1768258|46533.1052631579|0
"132150002001"|0|1|0|0|0|0|0|1|1|1|1|0|1|0|0|14382|14382|NA|NA|NA|32|13|12|380846|31737.1666666667|0
"132150003001"|0|1|0|0|0|0|0|1|1|1|1|0|0|1|0|2136|4272|NA|NA|NA|126|51|168|8756480|52121.9047619048|0
"132150003002"|0|1|0|0|0|0|0|1|1|0|0|1|1|0|0|NA|NA|NA|NA|NA|0|0|0|0|NA|0
"132150010001"|0|1|1|0|0|0|0|1|1|1|0|0|0|1|0|4181|14755|5706|11952|10198|533|179|622|41230622|66287.1736334405|0
"132150021001"|0|1|0|0|0|0|0|1|1|1|1|0|1|0|0|9612|9612|NA|NA|NA|19|4|20|759040|37952|0
"132150104021"|0|1|0|0|0|0|0|1|1|1|1|0|1|0|0|14382|14382|NA|NA|NA|32|13|12|380846|31737.1666666667|0
"132150108021"|0|0|0|0|0|0|0|1|0|0|0|0|0|0|0|NA|NA|NA|NA|NA|0|0|0|0|NA|0
"132150108023"|0|0|0|0|0|0|0|1|0|0|0|0|0|0|0|NA|NA|NA|NA|NA|0|0|0|0|NA|0
"132171004001"|0|1|0|0|0|0|0|1|1|1|1|0|1|0|0|42600|42600|NA|NA|12006|113|42|144|10593224|73564.0555555556|0
"132231202021"|0|1|0|0|0|0|0|1|1|0|0|1|1|0|0|NA|NA|NA|NA|NA|0|0|0|0|NA|0
"132250404001"|0|1|1|1|0|0|0|1|1|1|0|0|0|1|0|3886|3886|4330|4330|7950|427|76|134|7771136|57993.552238806|0
"132437902004"|0|1|0|0|0|0|0|1|1|1|1|0|1|0|0|15770|15770|NA|NA|9650|38|25|42|1854504|44154.8571428571|0
"132450010001"|0|1|0|1|0|0|0|1|1|1|0|0|1|0|0|12705|12705|NA|NA|6662|90|22|64|2566216|40097.125|0
"132450010004"|0|2|1|1|1|1|0|2|2|2|0|0|1|1|0|19087|33483|NA|NA|15212|2826|554|960|78208982|124519.854910714|0
"132450102033"|0|1|0|0|0|0|0|1|1|1|1|0|1|0|0|14382|14382|NA|NA|NA|37|12|34|1033784|30405.4117647059|0
"132450102042"|0|1|0|0|0|0|0|1|1|1|1|0|1|0|0|9720|9720|NA|NA|NA|15|5|16|694758|43422.375|0
"132450104005"|0|1|0|0|0|0|0|1|0|0|0|0|1|0|0|NA|NA|NA|NA|NA|0|0|0|0|NA|0
"132450105062"|0|1|0|0|0|0|0|1|1|1|1|0|0|1|0|2136|4272|NA|NA|NA|140|54|272|16457210|60504.4485294118|0
"132450110001"|0|1|1|0|1|1|0|1|1|1|0|0|0|1|0|6382|20778|5144|17544|8550|2736|532|896|75642766|84422.7299107143|0
"132470603043"|0|1|0|0|0|0|0|1|1|0|0|1|1|0|0|NA|NA|NA|NA|NA|0|0|0|0|NA|0
"132551605002"|0|1|0|0|0|0|0|1|1|1|1|0|0|1|0|2136|4272|NA|NA|NA|177|59|216|12385382|57339.7314814815|0
"132579701002"|0|1|0|0|0|0|0|1|1|1|0|0|0|1|0|20714|20714|NA|NA|7628|78|22|84|4028290|47955.8333333333|0
"132619501001"|0|1|0|0|0|0|0|1|1|1|1|0|0|1|0|2136|4272|NA|NA|2500|86|36|114|5958730|52269.5614035088|0
"132619502002"|0|1|0|0|0|0|0|1|1|1|1|0|0|1|0|2136|4272|NA|NA|2500|86|36|114|5958730|52269.5614035088|0
"132619507004"|0|1|1|0|0|0|0|1|1|1|0|0|0|1|0|3886|14142|3330|13248|7672|168|44|226|13591220|60138.1415929204|0
"132759605003"|0|1|0|0|0|0|0|1|1|1|1|0|0|1|0|2136|4272|NA|NA|NA|148|63|252|13751304|54568.6666666667|0
"132759607001"|0|1|0|0|0|0|0|1|1|1|1|0|0|1|0|2136|4272|NA|NA|NA|148|63|252|13751304|54568.6666666667|0
"132759609003"|0|1|1|0|0|0|0|1|1|1|0|0|0|1|0|15940|15940|11790|11790|9820|90|46|116|5614192|48398.2068965517|0
"132779603003"|0|1|0|0|0|0|0|1|1|1|0|0|0|1|0|2451|9058|NA|NA|7372|161|52|222|11905612|53628.8828828829|0
"132799704004"|0|1|0|0|0|0|0|1|1|1|1|0|0|1|0|2136|4272|NA|NA|NA|76|7|128|7159798|55935.921875|0
"132819601003"|0|1|0|0|0|0|0|1|1|1|0|0|0|1|0|28012|28012|NA|NA|10464|113|34|156|8495100|54455.7692307692|0
"132859603001"|0|1|1|0|0|0|0|1|1|1|0|0|0|1|0|28160|28160|17803|17803|11440|112|57|150|9307080|62047.2|0
"132859610002"|0|1|1|0|0|0|0|1|1|1|0|0|0|1|0|18100|18100|10800|10800|7700|115|36|84|4233158|50394.7380952381|0
"132910002052"|0|1|0|0|0|0|0|1|1|1|0|0|0|1|0|28012|28012|NA|NA|10464|113|34|156|8495100|54455.7692307692|0
"132999503002"|0|1|0|0|0|0|0|1|1|1|1|0|0|1|0|4005|4005|NA|NA|NA|116|33|188|8821116|46920.829787234|0
"132999503003"|0|1|0|0|0|0|0|1|1|1|1|0|0|1|0|4005|4005|NA|NA|NA|116|33|188|8821116|46920.829787234|0
"132999508005"|0|1|0|0|0|0|0|1|1|1|1|0|0|1|0|4005|4005|NA|NA|NA|116|33|188|8821116|46920.829787234|0
"133039503001"|0|1|0|0|0|0|0|1|1|1|1|0|0|1|0|2136|4272|NA|NA|NA|90|37|122|6446720|52841.9672131148|0
"133119502012"|0|1|1|0|0|0|0|1|1|1|0|0|0|1|0|17850|17850|5850|5850|7220|83|44|96|4583496|47744.75|0
"133119502022"|0|1|1|0|0|0|0|1|1|1|0|0|0|1|0|17850|17850|5850|5850|7220|83|44|96|4583496|47744.75|0
"133130005021"|0|1|0|0|0|0|0|1|1|0|0|1|1|0|0|NA|NA|NA|NA|NA|0|0|0|0|NA|0
"133130005024"|0|1|0|0|0|0|0|1|1|0|0|1|1|0|0|NA|NA|NA|NA|NA|0|0|0|0|NA|0
"133130008001"|0|1|0|0|0|0|0|1|1|1|0|0|0|1|0|2452|9056|NA|NA|8128|180|59|328|18512930|56441.8597560976|0
"150010205003"|0|1|0|0|0|0|0|1|1|1|1|0|0|1|0|3024|8160|NA|NA|NA|150|66|172|12592440|73211.8604651163|0
"150010205004"|0|2|1|0|0|0|0|2|2|2|1|0|0|2|0|10224|28320|NA|NA|NA|475|191|592|51240200|165230.336655592|0
"150010205005"|0|1|1|0|0|0|0|1|1|1|0|0|0|1|0|7200|20160|11496|26328|10418|325|125|420|38647760|92018.4761904762|0
"150010215042"|0|1|0|0|0|0|0|1|1|0|0|1|1|0|0|NA|NA|NA|NA|NA|0|0|0|0|NA|0
"150010215071"|0|1|0|0|0|0|0|1|1|0|0|1|1|0|0|NA|NA|NA|NA|NA|0|0|0|0|NA|0
"150010215072"|0|1|0|0|0|0|0|1|1|0|0|1|1|0|0|NA|NA|NA|NA|NA|0|0|0|0|NA|0
"150030003011"|0|0|1|0|1|0|0|1|1|1|0|0|1|0|0|NA|NA|11100|11100|NA|2|0|0|0|NA|0
"150030003012"|0|0|1|0|1|0|0|1|1|1|0|0|1|0|0|NA|NA|11100|11100|NA|2|0|0|0|NA|0
"150030003023"|0|0|1|0|1|0|0|1|1|1|0|0|1|0|0|NA|NA|11100|11100|NA|2|0|0|0|NA|0
"150030008002"|0|1|0|0|0|0|0|1|1|1|1|0|0|1|0|3024|8160|NA|NA|NA|206|86|378|30852720|81620.9523809524|0
"150030008004"|0|1|0|0|0|0|0|1|1|1|1|0|0|1|0|3024|8160|NA|NA|NA|206|86|378|30852720|81620.9523809524|0
"150030013004"|0|1|0|0|0|0|0|1|1|0|0|1|1|0|0|NA|NA|NA|NA|NA|0|0|0|0|NA|0
"150030027011"|0|2|2|0|0|1|0|2|2|1|0|0|0|0|1|NA|NA|NA|NA|NA|3377|660|2044|220535104|NA|0
"150030028001"|0|1|1|0|0|0|0|1|1|1|0|0|0|1|0|23180|23180|18600|18600|12690|206|64|158|11529170|72969.4303797468|0
"150030035021"|0|1|0|0|0|0|0|1|1|0|0|1|1|0|0|NA|NA|NA|NA|NA|0|0|0|0|NA|0
"150030035022"|0|1|0|0|0|0|0|1|1|0|0|1|1|0|0|NA|NA|NA|NA|NA|0|0|0|0|NA|0
"150030037002"|0|1|0|0|0|0|0|1|1|1|1|0|1|0|0|16633|16633|NA|NA|NA|18|1|24|1200096|50004|0
"150030039001"|0|1|0|0|0|0|0|1|1|0|0|1|1|0|0|NA|NA|NA|NA|NA|0|0|0|0|NA|0
"150030040001"|0|4|3|0|0|0|0|4|4|4|0|0|2|2|0|65773|65773|NA|NA|NA|424|87|350|25031428|NA|0
"150030040002"|0|4|3|0|0|0|0|4|4|4|0|0|2|2|0|65773|65773|NA|NA|NA|424|87|350|25031428|NA|0
"150030051001"|0|0|1|0|0|0|0|1|1|1|0|0|1|0|0|NA|NA|13500|13500|NA|2|0|4|144000|36000|0
"150030052002"|0|1|0|0|0|0|0|1|1|0|0|1|1|0|0|NA|NA|NA|NA|NA|0|0|0|0|NA|0
"150030057002"|0|1|0|0|0|0|0|1|1|1|1|0|0|1|0|3024|8160|NA|NA|NA|182|59|242|18277968|75528.7933884298|0
"150030059001"|0|1|1|0|0|0|0|1|1|1|0|0|1|0|0|9960|9960|9270|9270|9806|9|0|0|0|NA|0
"150030059002"|0|1|1|0|0|0|0|1|1|1|0|0|1|0|0|9960|9960|9270|9270|9806|9|0|0|0|NA|0
"150030086063"|0|1|0|0|0|0|0|1|1|1|0|0|0|1|0|7200|20160|NA|NA|NA|144|52|162|13478880|83202.962962963|0
"150030086148"|0|1|0|0|0|0|0|1|1|1|0|0|0|1|0|7200|20160|NA|NA|NA|144|52|162|13478880|83202.962962963|0
"150030086149"|0|1|0|0|0|0|0|1|1|1|0|0|0|1|0|7200|20160|NA|NA|NA|144|52|162|13478880|83202.962962963|0
"150030087012"|0|1|0|0|0|0|0|1|1|1|1|0|0|1|0|3024|8160|NA|NA|NA|192|83|326|24333432|74642.4294478528|0
"150030102021"|0|1|0|0|0|0|0|1|1|1|0|0|0|1|0|5240|5240|NA|NA|6050|265|56|252|26648908|105749.634920635|0
"150030102024"|0|1|0|0|0|0|0|1|1|1|0|0|0|1|0|5240|5240|NA|NA|6050|265|56|252|26648908|105749.634920635|0
"150030105031"|0|1|0|0|0|0|0|1|1|1|1|0|0|1|0|3204|8160|NA|NA|NA|111|41|96|7207680|75080|0
"150070404001"|0|1|0|0|0|0|0|1|1|1|1|0|0|1|0|3024|8160|NA|NA|NA|96|39|114|8414592|73812.2105263158|0
"150070404004"|0|1|0|0|0|0|0|1|1|1|1|0|0|1|0|3024|8160|NA|NA|NA|96|39|114|8414592|73812.2105263158|0
"150090311011"|0|1|0|0|0|0|0|1|1|1|0|0|0|1|0|3204|8160|NA|NA|NA|149|67|170|13091496|77008.8|0
"160010003031"|0|1|0|0|0|0|0|1|1|0|0|1|1|0|0|NA|NA|NA|NA|NA|0|0|0|0|NA|0
"160010008043"|0|1|1|0|0|0|0|1|1|1|0|0|0|0|1|4872|19322|6232|20682|7780|1604|436|1454|101417104|69750.4154057772|0
"160010009001"|0|1|1|0|0|0|0|1|1|1|0|0|0|0|1|4872|19322|6232|20682|7780|1604|436|1454|101417104|69750.4154057772|0
"160010009002"|0|1|1|0|0|0|0|1|1|1|0|0|0|0|1|4872|19322|6232|20682|7780|1604|436|1454|101417104|69750.4154057772|0
"160010012023"|0|1|0|0|0|0|0|1|1|1|1|0|1|0|0|NA|NA|NA|NA|NA|21|2|36|2377760|66048.8888888889|0
"160010019003"|0|3|0|0|0|0|0|3|3|2|0|1|3|0|0|NA|NA|NA|NA|NA|34|2|20|1413920|NA|0
"160010022241"|0|4|0|0|0|0|0|4|4|2|0|2|4|0|0|NA|NA|NA|NA|NA|34|2|20|1413920|NA|0
"160010022243"|0|3|0|0|0|0|0|3|3|2|0|1|3|0|0|NA|NA|NA|NA|NA|34|2|20|1413920|NA|0
"160010023022"|0|3|0|0|0|0|0|3|3|2|0|1|3|0|0|NA|NA|NA|NA|NA|34|2|20|1413920|NA|0
"160010023024"|0|1|0|0|0|0|0|1|1|0|0|1|1|0|0|NA|NA|NA|NA|NA|0|0|0|0|NA|0
"160010023121"|0|1|0|0|0|0|0|1|1|0|0|1|1|0|0|NA|NA|NA|NA|NA|0|0|0|0|NA|0
"160010024122"|0|1|0|0|0|0|0|1|1|1|0|0|1|0|0|11250|11250|NA|NA|6450|16|3|16|865520|54095|0
"160010102231"|0|1|0|0|0|0|0|1|1|0|0|1|1|0|0|NA|NA|NA|NA|NA|0|0|0|0|NA|0
"160010102232"|0|1|0|0|0|0|0|1|1|0|0|1|1|0|0|NA|NA|NA|NA|NA|0|0|0|0|NA|0
"160010103131"|0|1|1|0|0|0|0|1|1|1|0|0|1|0|0|11324|11324|14880|14880|NA|3|0|0|0|NA|0
"160010103133"|0|1|0|0|0|0|0|1|1|1|0|0|1|0|0|13500|13500|NA|NA|NA|5|0|8|313478|39184.75|0
"160010103312"|0|1|0|0|0|0|0|1|1|0|0|0|1|0|0|NA|NA|NA|NA|NA|0|0|0|0|NA|0
"160050003003"|0|1|0|0|0|0|0|1|1|0|0|1|1|0|0|NA|NA|NA|NA|NA|0|0|0|0|NA|0
"160050006001"|0|1|1|0|0|0|0|1|1|1|0|0|0|0|1|5243|19310|6789|20870|6663|1114|317|1164|74855480|64308.8316151203|0
"160050006002"|0|1|1|0|0|0|0|1|1|1|0|0|0|0|1|5243|19310|6789|20870|6663|1114|317|1164|74855480|64308.8316151203|0
"160050007001"|0|1|1|0|0|0|0|1|1|1|0|0|0|0|1|5243|19310|6789|20870|6663|1114|317|1164|74855480|64308.8316151203|0
"160119505002"|0|1|0|0|0|0|0|1|1|0|0|1|1|0|0|NA|NA|NA|NA|NA|0|0|0|0|NA|0
"160199705011"|0|1|0|0|0|0|0|1|1|1|1|0|1|0|0|2404|8806|NA|NA|NA|69|25|88|4656526|52915.0681818182|0
"160199706022"|0|1|0|0|0|0|0|1|1|1|1|0|1|0|0|2404|8806|NA|NA|NA|69|25|88|4656526|52915.0681818182|0
"160199706023"|0|2|0|0|0|0|0|2|2|1|1|1|2|0|0|NA|NA|NA|NA|NA|69|25|88|4656526|NA|0
"160199710006"|0|1|0|0|0|0|0|1|1|1|0|0|1|0|0|18021|18021|NA|NA|NA|13|1|6|414648|69108|0
"160199714001"|0|1|0|0|0|0|0|1|1|1|0|0|1|0|0|18021|18021|NA|NA|NA|13|1|6|414648|69108|0
"160270204022"|0|1|0|0|0|0|0|1|1|0|0|1|1|0|0|NA|NA|NA|NA|NA|0|0|0|0|NA|0
"160270204023"|0|2|1|0|0|0|0|2|2|1|0|1|1|1|0|NA|NA|NA|NA|NA|172|91|196|11129696|NA|0
"160270204024"|0|1|1|0|0|0|0|1|1|1|0|0|0|1|0|28150|28150|8851|8851|6800|172|91|196|11129696|56784.1632653061|0
"160270205041"|0|1|1|0|0|0|0|1|1|1|0|0|0|1|0|28150|28150|8851|8851|6800|172|91|196|11129696|56784.1632653061|0
"160270205042"|0|1|1|0|0|0|0|1|1|1|0|0|0|1|0|28150|28150|8851|8851|6800|172|91|196|11129696|56784.1632653061|0
"160270210021"|0|3|0|0|0|0|0|3|3|0|0|3|3|0|0|NA|NA|NA|NA|NA|0|0|0|0|NA|0
"160270210022"|0|2|0|0|0|0|0|2|2|0|0|2|2|0|0|NA|NA|NA|NA|NA|0|0|0|0|NA|0
"160270210024"|0|2|0|0|0|0|0|2|2|0|0|2|2|0|0|NA|NA|NA|NA|NA|0|0|0|0|NA|0
"160270211002"|0|1|0|0|0|0|0|1|1|1|1|0|0|1|0|3600|7344|NA|NA|NA|260|102|328|16707916|50938.7682926829|0
"160270215004"|0|1|1|0|0|0|0|1|1|1|0|0|1|0|0|26670|26670|16160|16160|8682|156|64|182|11054464|60738.8131868132|0
"160270215005"|0|1|1|0|0|0|0|1|1|1|0|0|1|0|0|26670|26670|16160|16160|8682|156|64|182|11054464|60738.8131868132|0
"160319504001"|0|1|0|0|0|0|0|1|1|0|0|1|1|0|0|NA|NA|NA|NA|NA|0|0|0|0|NA|0
"160539704002"|0|1|0|0|0|0|0|1|1|0|0|1|1|0|0|NA|NA|NA|NA|NA|0|0|0|0|NA|0
"160539704003"|0|1|0|0|0|0|0|1|1|0|0|1|1|0|0|NA|NA|NA|NA|NA|0|0|0|0|NA|0
"160550009001"|0|1|0|0|0|0|0|1|1|0|0|1|1|0|0|NA|NA|NA|NA|NA|0|0|0|0|NA|0
"160550009002"|0|1|0|0|0|0|0|1|1|0|0|1|1|0|0|NA|NA|NA|NA|NA|0|0|0|0|NA|0
"160550014002"|0|1|0|0|0|0|0|1|1|1|1|0|0|1|0|3664|7200|NA|NA|7500|349|117|318|18480148|58113.6729559748|0
"160550016002"|0|1|0|0|0|0|0|1|1|1|1|0|0|1|0|3664|7200|NA|NA|7500|349|117|318|18480148|58113.6729559748|0
"160570051003"|0|1|1|0|0|0|0|1|1|1|0|0|1|0|0|12100|12100|7200|7200|NA|0|0|0|0|NA|0
"160570051004"|0|1|1|0|0|0|0|1|1|1|0|0|1|0|0|12100|12100|7200|7200|NA|0|0|0|0|NA|0
"160570051005"|0|2|2|0|0|1|0|2|2|2|0|0|1|0|1|17262|32070|13660|28468|NA|1795|369|1152|92715606|NA|0
"160570053003"|0|2|1|0|0|1|0|2|2|1|0|1|1|0|1|NA|NA|NA|NA|NA|1795|369|1152|92715606|NA|0
"160570053004"|0|1|1|0|0|1|0|1|1|1|0|0|0|0|1|5162|19970|6460|21268|8354|1795|369|1152|92715606|80482.296875|0
"160570054003"|0|1|1|0|0|1|0|1|1|1|0|0|0|0|1|5162|19970|6460|21268|8354|1795|369|1152|92715606|80482.296875|0
"160659503013"|0|1|0|0|0|0|0|1|1|1|0|0|0|0|1|3920|3920|NA|NA|4312|747|248|1186|106398218|89711.8195615514|0
"160659503022"|0|2|0|0|0|0|0|2|2|0|0|2|2|0|0|NA|NA|NA|NA|NA|0|0|0|0|NA|0
"160699400004"|0|1|0|0|0|0|0|1|1|0|0|1|1|0|0|NA|NA|NA|NA|NA|0|0|0|0|NA|0
"160699603002"|0|1|0|0|0|0|0|1|1|0|0|1|1|0|0|NA|NA|NA|NA|NA|0|0|0|0|NA|0
"160699603003"|0|1|0|0|0|0|0|1|1|0|0|1|1|0|0|NA|NA|NA|NA|NA|0|0|0|0|NA|0
"160699604003"|0|1|0|0|0|0|0|1|1|1|0|0|0|1|0|6120|17620|NA|NA|7392|238|102|350|18986092|54245.9771428571|0
"160699604004"|0|2|0|0|0|0|0|2|2|0|0|2|2|0|0|NA|NA|NA|NA|NA|0|0|0|0|NA|0
"160830002002"|0|1|0|0|0|0|0|1|1|0|0|1|1|0|0|NA|NA|NA|NA|NA|0|0|0|0|NA|0
"160830007001"|0|1|0|0|0|0|0|1|1|0|0|1|1|0|0|NA|NA|NA|NA|NA|0|0|0|0|NA|0
"160830008004"|0|1|0|0|0|0|0|1|1|1|1|0|0|1|0|4120|6720|NA|NA|4820|308|59|290|15917910|54889.3448275862|0
"160830009001"|0|1|0|0|0|0|0|1|1|0|0|1|1|0|0|NA|NA|NA|NA|NA|0|0|0|0|NA|0
"160830010004"|0|1|0|0|0|0|0|1|1|0|0|1|1|0|0|13000|13000|NA|NA|NA|0|0|0|0|NA|0
"160830011003"|0|1|0|0|0|0|0|1|1|0|0|1|1|0|0|13000|13000|NA|NA|NA|0|0|0|0|NA|0
"170010001001"|0|1|0|0|0|0|0|1|1|1|1|0|1|0|0|11699|11699|NA|NA|NA|8|1|6|284866|47477.6666666667|0
"170010002023"|0|1|1|0|0|0|0|1|1|1|0|0|0|1|0|25998|25998|9600|9600|10500|95|46|96|4883958|50874.5625|0
"170010005002"|0|2|1|0|1|0|0|2|2|1|0|1|2|0|0|NA|NA|NA|NA|NA|21|5|50|3171746|NA|0
"170010006003"|0|1|0|0|0|0|0|1|1|0|0|1|1|0|0|NA|NA|NA|NA|NA|0|0|0|0|NA|0
"170010008001"|0|1|0|0|0|0|0|1|1|0|0|1|1|0|0|NA|NA|NA|NA|NA|0|0|0|0|NA|0
"170010104001"|0|1|0|0|0|0|0|1|1|1|1|0|1|0|0|11699|11699|NA|NA|NA|8|1|6|284866|47477.6666666667|0
"170010106001"|0|1|0|0|0|0|0|1|1|1|1|0|0|1|0|7470|7470|NA|NA|NA|121|54|90|5089904|56554.4888888889|0
"170010106005"|0|1|0|0|0|0|0|1|1|1|1|0|0|1|0|7470|7470|NA|NA|NA|121|54|90|5089904|56554.4888888889|0
"170059513001"|0|1|1|0|0|0|0|1|1|1|0|0|0|1|0|25488|25488|7524|7524|9016|105|53|104|5473316|52628.0384615385|0
"170059513003"|0|1|1|0|0|0|0|1|1|1|0|0|0|1|0|25488|25488|7524|7524|9016|105|53|104|5473316|52628.0384615385|0
"170190003012"|0|1|1|0|0|0|0|1|1|0|0|0|0|0|0|NA|NA|NA|NA|NA|976|179|0|0|NA|0
"170190004011"|0|2|2|0|0|1|0|2|2|1|0|0|0|0|1|NA|NA|NA|NA|NA|9100|1873|4496|487856264|NA|0
"170190008002"|0|1|0|0|0|0|0|1|0|0|0|0|1|0|0|NA|NA|NA|NA|NA|0|0|0|0|NA|0
"170190009022"|0|1|0|0|0|0|0|1|1|1|1|0|0|1|0|10485|15255|NA|NA|NA|273|101|340|24942356|73359.8705882353|0
"170190053001"|0|1|0|0|0|0|0|1|1|0|0|1|1|0|0|NA|NA|NA|NA|NA|0|0|0|0|NA|0
"170190054012"|0|1|0|0|0|0|0|1|1|0|0|1|1|0|0|NA|NA|NA|NA|NA|0|0|0|0|NA|0
"170190054013"|0|1|0|0|0|0|0|1|1|0|0|1|1|0|0|NA|NA|NA|NA|NA|0|0|0|0|NA|0
"170190059002"|0|1|1|0|0|0|0|1|1|0|0|0|0|0|0|NA|NA|NA|NA|NA|976|179|0|0|NA|0
"170190059003"|0|1|1|0|0|0|0|1|1|0|0|0|0|0|0|NA|NA|NA|NA|NA|976|179|0|0|NA|0
"170190106041"|0|1|0|0|0|0|0|1|1|1|1|0|0|1|0|10485|15255|NA|NA|NA|273|101|340|24942356|73359.8705882353|0
"170279005001"|0|1|0|0|0|0|0|1|1|1|1|0|0|1|0|7050|11850|NA|NA|NA|91|24|126|9775606|77584.1746031746|0
"170290002003"|0|1|0|0|0|0|0|1|1|1|1|0|0|1|0|6899|12701|NA|NA|NA|162|53|202|11132630|55112.0297029703|0
"170290002004"|0|1|0|0|0|0|0|1|1|1|1|0|0|1|0|6899|12701|NA|NA|NA|162|53|202|11132630|55112.0297029703|0
"170290008002"|0|1|1|0|0|0|0|1|1|1|0|0|0|1|0|8543|12815|6936|16656|9546|687|267|848|65974144|77799.6981132075|0
"170310104003"|0|1|1|0|0|1|0|1|1|1|0|0|0|0|1|40052|40052|18594|18594|13770|1227|281|1598|156519776|97947.2941176471|0
"170310105031"|0|1|0|0|0|0|0|1|1|0|0|1|1|0|0|NA|NA|NA|NA|NA|0|0|0|0|NA|0
"170310206022"|0|1|0|0|0|0|0|1|1|0|0|1|1|0|0|NA|NA|NA|NA|NA|0|0|0|0|NA|0
"170310311002"|0|1|0|0|0|0|0|1|1|1|0|0|0|1|0|9840|9840|NA|NA|NA|75|12|54|2955590|54733.1481481481|0
"170310314005"|0|1|1|0|0|0|0|1|1|1|0|0|1|0|0|7500|7500|4500|4500|5775|10|0|6|413304|68884|0
"170310629003"|0|1|0|0|0|0|0|1|1|0|0|1|1|0|0|NA|NA|NA|NA|NA|0|0|0|0|NA|0
"170310634001"|0|1|0|0|0|0|0|1|1|0|0|1|1|0|0|NA|NA|NA|NA|NA|0|0|0|0|NA|0
"170310804002"|0|1|0|0|0|0|0|1|1|1|0|0|0|1|0|18793|18793|NA|NA|11085|106|10|64|3710258|57972.78125|0
"170310810005"|0|1|1|0|0|0|0|1|1|1|0|0|0|1|0|9728|9728|7380|7380|10180|364|81|224|16360222|73036.7053571429|0
"170310817002"|0|0|2|0|0|0|0|2|2|2|0|0|1|1|0|NA|NA|44300|44300|NA|269|92|220|18552700|167709.492021277|0
"170310818002"|0|2|0|0|0|0|0|2|2|2|2|0|2|0|0|NA|NA|NA|NA|NA|15|3|38|2119506|112032.282051282|0
"170310818003"|0|1|0|0|0|0|0|1|1|1|0|0|1|0|0|17388|17388|NA|NA|NA|51|4|50|3583110|71662.2|0
"170311006003"|0|1|0|0|0|0|0|1|1|0|0|1|1|0|0|NA|NA|NA|NA|NA|0|0|0|0|NA|0
"170311105021"|0|1|0|0|0|0|0|1|1|1|1|0|1|0|0|17280|17280|NA|NA|NA|113|24|78|4234722|54291.3076923077|0
"170311403023"|0|1|1|0|0|0|0|1|1|1|0|0|0|1|0|7450|14907|6408|12816|11100|754|164|648|44653232|68909.3086419753|0
"170311701001"|0|1|0|0|0|0|0|1|1|1|1|0|0|0|1|8126|11906|NA|NA|NA|186|54|194|15614492|80487.0721649484|0
"170312306004"|0|1|0|0|0|0|0|1|0|0|0|0|1|0|0|NA|NA|NA|NA|NA|0|0|0|0|NA|0
"170312412002"|0|1|1|0|0|0|0|1|1|1|0|0|1|0|0|25052|25052|10296|10296|NA|43|3|84|8422494|100267.785714286|0
"170312415003"|0|1|0|0|0|0|0|1|1|0|0|1|1|0|0|NA|NA|NA|NA|NA|0|0|0|0|NA|0
"170313201001"|0|2|0|0|0|0|0|3|2|1|1|1|2|0|0|NA|NA|NA|NA|NA|26|2|22|1245088|NA|0
"170313201002"|0|4|2|0|0|0|0|4|4|3|1|1|3|1|0|NA|NA|NA|NA|NA|224|69|268|20917330|NA|0
"170313204001"|0|12|7|0|0|0|0|14|13|11|2|2|8|4|1|NA|NA|NA|NA|NA|3018|1031|3138|271206712|NA|0
"170313206002"|0|2|3|0|0|0|0|4|4|4|0|0|3|1|0|NA|NA|NA|NA|NA|657|231|654|48463202|364007.536796537|0
"170314106002"|0|0|1|0|0|0|0|1|1|1|0|0|1|0|0|NA|NA|16200|16200|NA|38|8|24|1666948|69456.1666666667|0
"170314109002"|0|0|1|0|0|0|0|1|1|1|0|0|1|0|0|NA|NA|20520|20520|NA|54|5|52|2245700|43186.5384615385|0
"170314112001"|0|0|1|0|0|0|0|1|1|1|0|0|1|0|0|NA|NA|8640|8640|NA|23|12|24|2071852|86327.1666666667|0
"170314202001"|0|0|3|0|0|0|0|3|3|3|0|0|3|0|0|NA|NA|65367|65367|NA|63|10|46|4764122|287961.866666667|0
"170314905001"|0|1|1|0|0|0|0|1|1|1|0|0|0|1|0|7056|14016|5580|10782|8724|394|76|386|24983972|64725.3160621762|0
"170315001004"|0|1|0|0|0|0|0|1|1|1|1|0|0|1|0|8126|11906|NA|NA|NA|158|55|98|7704364|78615.9591836735|0
"170315702001"|0|1|0|0|0|0|0|1|1|0|0|1|1|0|0|NA|NA|NA|NA|NA|0|0|0|0|NA|0
"170315805023"|0|1|0|0|0|0|0|1|1|0|0|1|1|0|0|NA|NA|NA|NA|NA|0|0|0|0|NA|0
"170316103001"|0|1|0|0|0|0|0|1|1|0|0|1|1|0|0|NA|NA|NA|NA|NA|0|0|0|0|NA|0
"170316505003"|0|1|0|0|0|0|0|1|1|1|1|0|0|1|0|8126|11906|NA|NA|NA|156|46|102|7999696|78428.3921568627|0
"170316809004"|0|1|0|0|0|0|0|1|1|1|1|0|0|1|0|8126|11906|NA|NA|NA|203|71|152|11019356|72495.7631578947|0
"170317307001"|0|1|0|0|0|0|0|1|1|0|0|1|1|0|0|NA|NA|NA|NA|NA|0|0|0|0|NA|0
"170317402001"|0|1|1|0|0|0|0|1|1|1|0|0|0|1|0|31220|31220|15100|15100|11060|306|166|304|19498978|64141.375|0
"170317702022"|0|1|1|0|0|0|0|1|1|1|0|0|1|0|0|11792|11792|17465|17465|NA|14|5|0|0|NA|0
"170318024021"|0|1|0|0|0|0|0|1|1|1|1|0|1|0|0|20950|20950|NA|NA|NA|3|0|4|202000|50500|0
"170318024022"|0|1|0|0|0|0|0|1|1|1|1|0|1|0|0|NA|NA|NA|NA|NA|19|5|4|236000|59000|0
"170318028022"|0|1|0|0|0|0|0|1|1|1|0|0|1|0|0|10400|10400|NA|NA|5931|2|0|2|12500|6250|0
"170318036111"|0|1|0|0|0|0|0|1|0|0|0|0|1|0|0|NA|NA|NA|NA|NA|0|0|0|0|NA|0
"170318036121"|0|1|0|0|0|0|0|1|0|0|0|0|1|0|0|NA|NA|NA|NA|NA|0|0|0|0|NA|0
"170318036122"|0|1|0|0|0|0|0|1|0|0|0|0|1|0|0|NA|NA|NA|NA|NA|0|0|0|0|NA|0
"170318041023"|0|1|0|0|0|0|0|1|1|1|1|0|0|0|1|9030|10842|NA|NA|NA|487|161|416|34839536|83748.8846153846|0
"170318042012"|0|1|0|0|0|0|0|1|1|1|0|0|1|0|0|NA|NA|NA|NA|NA|17|2|20|1305108|65255.4|0
"170318046032"|0|1|1|0|0|0|0|1|1|1|0|0|1|0|0|11792|11792|17465|17465|NA|14|5|0|0|NA|0
"170318046033"|0|3|1|0|0|0|0|3|3|2|0|1|3|0|0|39895|39895|NA|NA|NA|39|4|42|3041480|NA|0
"170318046093"|0|1|1|0|0|0|0|1|1|1|0|0|0|0|1|10590|10590|20000|20000|NA|457|25|92|6455202|70165.2391304348|0
"170318051053"|0|1|0|0|0|0|0|1|1|1|0|0|1|0|0|NA|NA|NA|NA|NA|4|0|2|103080|51540|0
"170318054024"|0|1|0|0|0|0|0|1|1|0|0|1|1|0|0|NA|NA|NA|NA|NA|0|0|0|0|NA|0
"170318061042"|0|1|0|0|0|0|0|1|1|1|1|0|0|1|0|9576|11620|NA|NA|NA|325|136|298|26734012|89711.4496644295|0
"170318069001"|0|2|0|0|0|0|0|2|2|0|0|2|2|0|0|NA|NA|NA|NA|NA|0|0|0|0|NA|0
"170318070002"|0|1|0|0|0|0|0|1|1|0|0|1|0|1|0|NA|NA|NA|NA|NA|0|0|0|0|NA|0
"170318072002"|0|0|1|0|0|0|0|1|1|1|0|0|1|0|0|NA|NA|10368|10368|NA|0|0|0|0|NA|0
"170318078001"|0|1|1|0|0|0|0|1|1|1|0|0|1|0|0|16500|16500|10000|10000|11000|27|4|26|1594060|61310|0
"170318078002"|0|1|0|0|0|0|0|1|1|1|1|0|1|0|0|NA|NA|NA|NA|NA|15|4|2|90000|45000|0
"170318087021"|0|1|1|0|0|1|0|1|1|1|0|0|0|0|1|50424|50424|50424|50424|15489|5664|1338|2932|423978402|144603.820600273|0
"170318087022"|0|0|1|0|0|0|0|1|1|1|0|0|1|0|0|NA|NA|20300|20300|NA|43|8|48|4019582|83741.2916666667|0
"170318088002"|0|0|1|0|0|0|0|1|1|0|0|1|1|0|0|NA|NA|16048|16048|NA|0|0|0|0|NA|0
"170318094002"|0|1|0|0|0|0|0|1|0|0|0|0|1|0|0|NA|NA|NA|NA|NA|0|0|0|0|NA|0
"170318094003"|0|1|1|0|0|0|0|1|1|1|0|0|1|0|0|15330|15330|16683|16683|NA|2|0|4|167856|41964|0
"170318108002"|0|1|0|0|0|0|0|1|1|0|0|1|1|0|0|NA|NA|NA|NA|NA|0|0|0|0|NA|0
"170318112003"|0|1|0|0|0|0|0|1|1|1|1|0|0|0|1|8880|11150|NA|NA|NA|309|99|200|14149360|70746.8|0
"170318119002"|0|1|1|0|0|0|0|1|1|1|0|0|0|1|0|29760|29760|14328|14328|9172|239|122|568|23835718|41964.2922535211|0
"170318119004"|0|1|1|0|0|0|0|1|1|1|0|0|0|1|0|31200|31200|17993|17993|9652|241|93|330|23971806|72641.8363636364|0
"170318139001"|0|1|0|0|0|0|0|1|1|0|0|1|1|0|0|NA|NA|NA|NA|NA|0|0|0|0|NA|0
"170318144003"|0|1|0|0|0|0|0|1|1|1|1|0|0|1|0|6912|8960|NA|NA|NA|122|50|108|8849828|81942.8518518519|0
"170318162001"|0|1|0|0|0|0|0|1|1|1|1|0|1|0|0|NA|NA|NA|NA|NA|30|9|60|3524644|58744.0666666667|0
"170318166001"|0|2|0|0|0|0|0|2|2|0|0|2|2|0|0|NA|NA|NA|NA|NA|0|0|0|0|NA|0
"170318190004"|0|1|0|0|0|0|0|1|0|0|0|0|1|0|0|NA|NA|NA|NA|NA|0|0|0|0|NA|0
"170318205024"|0|1|0|0|0|0|0|1|1|0|0|1|1|0|0|NA|NA|NA|NA|NA|0|0|0|0|NA|0
"170318209011"|0|2|0|0|0|0|0|2|2|2|2|0|2|0|0|32400|32400|NA|NA|NA|22|5|54|3835072|NA|0
"170318212002"|0|1|0|0|0|0|0|1|1|0|0|1|1|0|0|NA|NA|NA|NA|NA|0|0|0|0|NA|0
"170318221014"|0|1|0|0|0|0|0|1|1|0|0|1|1|0|0|NA|NA|NA|NA|NA|0|0|0|0|NA|0
"170318236051"|0|1|1|0|0|0|0|1|1|1|0|0|0|1|0|27200|27200|24530|24530|9580|116|57|138|8512678|61686.0724637681|0
"170318238031"|0|1|0|0|0|0|0|1|1|0|0|1|1|0|0|NA|NA|NA|NA|NA|0|0|0|0|NA|0
"170318238033"|0|1|0|0|0|0|0|1|1|1|1|0|0|0|1|8610|10080|NA|NA|NA|388|162|376|25673912|68281.6808510638|0
"170318241192"|0|1|0|0|0|0|0|1|0|0|0|0|1|0|0|NA|NA|NA|NA|NA|0|0|0|0|NA|0
"170318245052"|0|1|0|0|0|0|0|1|1|0|0|1|1|0|0|NA|NA|NA|NA|NA|0|0|0|0|NA|0
"170318245071"|0|1|0|0|0|0|0|1|0|0|0|0|1|0|0|NA|NA|NA|NA|NA|0|0|0|0|NA|0
"170318246025"|0|1|0|0|0|0|0|1|1|0|0|1|1|0|0|NA|NA|NA|NA|NA|0|0|0|0|NA|0
"170318259002"|0|1|0|0|0|0|0|1|1|0|0|1|1|0|0|NA|NA|NA|NA|NA|0|0|0|0|NA|0
"170318260002"|0|1|0|0|0|0|0|1|1|0|0|1|1|0|0|NA|NA|NA|NA|NA|0|0|0|0|NA|0
"170318272003"|0|1|0|0|0|0|0|1|1|1|1|0|0|1|0|10253|11640|NA|NA|NA|227|98|162|10762414|66434.6543209877|0
"170318289001"|0|1|0|0|0|0|0|1|1|1|1|0|0|1|0|7992|9576|NA|NA|NA|169|74|152|10562278|69488.6710526316|0
"170318300061"|0|1|0|0|0|0|0|1|1|0|0|1|1|0|0|17500|17500|NA|NA|NA|0|0|0|0|NA|0
"170318302013"|0|1|0|0|0|0|0|1|1|0|0|1|1|0|0|NA|NA|NA|NA|NA|0|0|0|0|NA|0
"170318307004"|0|1|0|0|0|0|0|1|1|1|1|0|0|1|0|8126|11906|NA|NA|NA|202|55|142|11393290|80234.4366197183|0
"170318318004"|0|2|2|0|0|0|0|2|2|2|0|0|1|1|0|40340|40340|20906|20906|NA|118|33|242|16685990|108597.344827586|0
"170318318005"|0|1|1|0|0|0|0|1|1|1|0|0|0|1|0|7450|14907|6408|12816|11100|754|164|648|44653232|68909.3086419753|0
"170318339002"|0|1|0|0|0|0|0|1|1|0|0|1|1|0|0|NA|NA|NA|NA|NA|0|0|0|0|NA|0
"170318361003"|0|1|0|0|0|0|0|1|1|0|0|1|1|0|0|NA|NA|NA|NA|NA|0|0|0|0|NA|0
"170318362001"|0|1|1|0|0|1|0|1|1|1|0|0|0|0|1|50997|50997|53712|53712|15093|6804|1128|2660|435609186|163762.851879699|0
"170318381001"|0|1|0|0|0|0|0|1|1|1|1|0|0|1|0|8126|11906|NA|NA|NA|195|46|250|19448720|77794.88|0
"170318381002"|0|2|1|0|1|1|0|2|2|2|1|0|0|2|0|40268|44048|NA|NA|NA|6864|880|636|75146144|222088.724559586|0
"170318381003"|0|1|1|0|1|1|0|1|1|1|0|0|0|1|0|32142|32142|33435|33435|NA|6669|834|386|55697424|144293.844559586|0
"170318391001"|0|2|2|0|0|0|0|4|4|4|1|0|2|2|0|NA|NA|NA|NA|NA|305|63|280|29007244|344483.752840909|0
"170318391002"|0|3|0|0|0|0|0|3|3|1|1|1|2|0|0|NA|NA|NA|NA|NA|352|76|6|330000|NA|0
"170318411003"|0|0|0|0|0|0|0|1|0|0|0|0|0|0|0|NA|NA|NA|NA|NA|0|0|0|0|NA|0
"170318419001"|0|1|1|0|1|1|0|1|1|1|0|0|0|0|1|11696|21982|13263|22217|11342|4124|885|2982|313771804|105221.932930919|0
"170318419002"|0|1|0|0|0|0|0|1|1|0|0|1|1|0|0|NA|NA|NA|NA|NA|0|0|0|0|NA|0
"170318420001"|0|0|1|0|0|0|0|1|1|1|0|0|1|0|0|NA|NA|NA|NA|NA|158|56|98|11816572|120577.265306122|0
"170318420002"|0|3|2|0|0|0|0|3|3|3|0|0|2|1|0|99429|99429|NA|NA|NA|733|154|868|99020500|228887.372653722|0
"170318422001"|0|1|0|0|0|0|0|1|1|1|0|0|0|1|0|18793|18793|NA|NA|11085|106|10|64|3710258|57972.78125|0
"170318437001"|0|1|1|0|0|0|0|1|1|1|0|0|0|0|1|17052|17052|18384|18384|NA|1159|31|216|19035222|88126.0277777778|0
"170338803001"|0|1|0|0|0|0|0|1|1|1|1|0|1|0|0|8589|10580|NA|NA|NA|27|13|26|1434650|55178.8461538462|0
"170338804001"|0|1|0|0|0|0|0|1|1|1|1|0|1|0|0|8589|10580|NA|NA|NA|27|13|26|1434650|55178.8461538462|0
"170338804003"|0|1|0|0|0|0|0|1|1|1|1|0|1|0|0|8589|10580|NA|NA|NA|27|13|26|1434650|55178.8461538462|0
"170338805003"|0|1|0|0|0|0|0|1|1|1|1|0|1|0|0|8589|10580|NA|NA|NA|27|13|26|1434650|55178.8461538462|0
"170370003002"|0|1|0|0|0|0|0|1|1|1|1|0|0|1|0|7740|11610|NA|NA|NA|136|58|140|8141268|58151.9142857143|0
"170370008003"|0|1|0|0|0|0|0|1|1|0|0|1|1|0|0|NA|NA|NA|NA|NA|0|0|0|0|NA|0
"170370013001"|0|1|0|0|0|0|0|1|1|0|0|1|1|0|0|NA|NA|NA|NA|NA|0|0|0|0|NA|0
"170370013002"|0|1|0|0|0|0|0|1|1|0|0|1|1|0|0|NA|NA|NA|NA|NA|0|0|0|0|NA|0
"170370013005"|0|1|0|0|0|0|0|1|1|0|0|1|1|0|0|NA|NA|NA|NA|NA|0|0|0|0|NA|0
"170370013006"|0|1|0|0|0|0|0|1|1|0|0|1|1|0|0|NA|NA|NA|NA|NA|0|0|0|0|NA|0
"170370015003"|0|1|0|0|0|0|0|1|1|0|0|1|1|0|0|NA|NA|NA|NA|NA|0|0|0|0|NA|0
"170370022001"|0|1|1|0|0|0|0|1|1|1|0|0|0|0|1|9314|18931|11858|20426|10776|2260|693|1658|123196286|74304.1531966224|0
"170370022002"|0|1|1|0|0|0|0|1|1|1|0|0|0|0|1|9314|18931|11858|20426|10776|2260|693|1658|123196286|74304.1531966224|0
"170438400002"|0|1|0|0|0|0|0|1|1|0|0|1|1|0|0|NA|NA|NA|NA|NA|0|0|0|0|NA|0
"170438408011"|0|1|0|0|0|0|0|1|1|0|0|1|1|0|0|NA|NA|NA|NA|NA|0|0|0|0|NA|0
"170438408023"|0|1|0|0|0|0|0|1|1|0|0|1|1|0|0|NA|NA|NA|NA|NA|0|0|0|0|NA|0
"170438409061"|0|1|1|0|0|0|0|1|1|1|0|0|0|0|1|18890|18890|15960|15960|NA|167|18|230|20516506|89202.2|0
"170438409101"|0|1|0|0|0|0|0|1|1|0|0|1|1|0|0|NA|NA|NA|NA|NA|0|0|0|0|NA|0
"170438409104"|0|1|0|0|0|0|0|1|1|0|0|1|1|0|0|NA|NA|NA|NA|NA|0|0|0|0|NA|0
"170438411081"|0|1|0|0|0|0|0|1|1|0|0|1|1|0|0|NA|NA|NA|NA|NA|0|0|0|0|NA|0
"170438411112"|0|1|0|0|0|0|0|1|1|0|0|1|1|0|0|NA|NA|NA|NA|NA|0|0|0|0|NA|0
"170438413151"|0|1|0|0|0|0|0|1|1|0|0|1|1|0|0|NA|NA|NA|NA|NA|0|0|0|0|NA|0
"170438413202"|0|1|0|0|0|0|0|1|1|0|0|1|1|0|0|NA|NA|NA|NA|NA|0|0|0|0|NA|0
"170438419022"|0|1|1|0|0|0|0|1|1|1|0|0|0|1|0|34050|34050|19080|19080|9560|495|157|440|35673102|81075.2318181818|0
"170438419023"|0|1|1|0|0|0|0|1|1|1|0|0|0|1|0|34050|34050|19080|19080|9560|495|157|440|35673102|81075.2318181818|0
"170438427101"|0|1|0|0|0|0|0|1|1|1|1|0|0|0|1|8674|10774|NA|NA|NA|640|252|570|56991588|99985.2421052632|0
"170438427103"|0|1|0|0|0|0|0|1|1|1|1|0|0|0|1|8674|10774|NA|NA|NA|640|252|570|56991588|99985.2421052632|0
"170438427111"|0|1|0|0|0|0|0|1|1|0|0|1|0|1|0|NA|NA|NA|NA|NA|0|0|0|0|NA|0
"170438429003"|0|1|1|0|0|0|0|1|1|1|0|0|0|1|0|35250|35250|29730|29730|9928|273|131|304|21845690|71860.8223684211|0
"170438433013"|0|1|0|0|0|0|0|1|1|0|0|1|1|0|0|NA|NA|NA|NA|NA|0|0|0|0|NA|0
"170438442011"|0|1|1|0|0|0|0|1|1|1|0|0|1|0|0|17472|17472|19395|19395|NA|93|32|124|7711874|62192.5322580645|0
"170438443012"|0|1|1|0|0|0|0|2|2|1|0|1|2|0|0|NA|NA|NA|NA|NA|19|3|10|749388|NA|0
"170438443014"|0|1|0|0|0|0|0|1|1|0|0|1|1|0|0|NA|NA|NA|NA|NA|0|0|0|0|NA|0
"170438443063"|0|1|0|0|0|0|0|1|1|0|0|1|1|0|0|NA|NA|NA|NA|NA|0|0|0|0|NA|0
"170438444012"|0|3|3|0|0|0|0|4|4|1|0|1|2|0|0|NA|NA|NA|NA|NA|648|47|10|749388|NA|0
"170438444021"|0|1|0|0|0|0|0|1|1|0|0|1|1|0|0|NA|NA|NA|NA|NA|0|0|0|0|NA|0
"170438444022"|0|0|1|0|1|1|0|1|1|1|0|0|0|1|0|NA|NA|39829|39829|NA|325|108|430|56770914|132025.381395349|0
"170438445011"|0|1|0|0|0|0|0|1|1|0|0|1|1|0|0|NA|NA|NA|NA|NA|0|0|0|0|NA|0
"170438445022"|0|1|0|0|0|0|0|1|0|0|0|0|1|0|0|NA|NA|NA|NA|NA|0|0|0|0|NA|0
"170438445023"|0|1|0|0|0|0|0|1|1|0|0|1|1|0|0|NA|NA|NA|NA|NA|0|0|0|0|NA|0
"170438446011"|0|1|0|0|0|0|0|1|1|0|0|1|1|0|0|NA|NA|NA|NA|NA|0|0|0|0|NA|0
"170438446012"|0|2|0|0|0|0|0|2|1|0|0|1|2|0|0|NA|NA|NA|NA|NA|0|0|0|0|NA|0
"170438447022"|0|1|0|0|0|0|0|1|0|0|0|0|1|0|0|NA|NA|NA|NA|NA|0|0|0|0|NA|0
"170438449023"|0|1|0|0|0|0|0|1|1|0|0|1|1|0|0|NA|NA|NA|NA|NA|0|0|0|0|NA|0
"170438450004"|0|1|0|0|0|0|0|1|1|0|0|1|1|0|0|NA|NA|NA|NA|NA|0|0|0|0|NA|0
"170438455072"|0|1|0|0|0|0|0|1|0|0|0|0|1|0|0|NA|NA|NA|NA|NA|0|0|0|0|NA|0
"170438456021"|0|1|0|0|0|0|0|1|1|0|0|1|1|0|0|NA|NA|NA|NA|NA|0|0|0|0|NA|0
"170438458103"|0|1|0|0|0|0|0|1|0|0|0|0|1|0|0|NA|NA|NA|NA|NA|0|0|0|0|NA|0
"170438458112"|0|1|0|0|0|0|0|1|1|0|0|1|1|0|0|NA|NA|NA|NA|NA|0|0|0|0|NA|0
"170438459021"|0|1|0|0|0|0|0|1|1|0|0|1|1|0|0|NA|NA|NA|NA|NA|0|0|0|0|NA|0
"170438461021"|0|1|0|0|0|0|0|1|1|0|0|1|0|1|0|NA|NA|NA|NA|NA|0|0|0|0|NA|0
"170438461033"|0|1|1|0|0|0|0|1|1|1|0|0|0|1|0|36474|36474|15372|15372|10356|285|94|280|21312032|76114.4|0
"170438462021"|0|1|0|0|0|0|0|1|0|0|0|0|1|0|0|NA|NA|NA|NA|NA|0|0|0|0|NA|0
"170438462023"|0|1|1|0|0|0|0|1|1|1|0|0|0|1|0|30108|30108|17168|17168|9200|392|144|288|22762852|79037.6805555556|0
"170438465093"|0|1|0|0|0|0|0|1|0|0|0|0|1|0|0|NA|NA|NA|NA|NA|0|0|0|0|NA|0
"170550410003"|0|1|0|0|0|0|0|1|1|1|0|0|1|0|0|9120|9120|NA|NA|11680|42|10|0|0|NA|0
"170579533002"|0|1|0|0|0|0|0|1|1|0|0|1|1|0|0|10205|10205|NA|NA|6821|0|0|0|0|NA|0
"170579534002"|0|1|0|0|0|0|0|1|1|0|0|1|1|0|0|NA|NA|NA|NA|NA|0|0|0|0|NA|0
"170579535002"|0|1|0|0|0|0|0|1|1|0|0|1|1|0|0|10205|10205|NA|NA|6821|0|0|0|0|NA|0
"170579535003"|0|1|0|0|0|0|0|1|1|1|1|0|0|1|0|8640|9720|NA|NA|NA|71|34|66|3662956|55499.3333333333|0
"170770111001"|0|2|2|0|1|1|0|2|2|1|0|0|0|0|1|NA|NA|NA|NA|NA|2136|707|1422|101567410|NA|0
"170770117002"|0|2|2|0|1|1|0|2|2|1|0|0|0|0|1|NA|NA|NA|NA|NA|2136|707|1422|101567410|NA|0
"170810504003"|0|1|0|0|0|0|0|1|1|1|1|0|0|1|0|5250|6000|NA|NA|NA|117|39|122|7551134|61894.5409836066|0
"170830103003"|0|1|0|0|0|0|0|1|1|1|0|0|1|0|0|27480|27480|NA|NA|11030|240|58|124|8379604|67577.4516129032|0
"170898505003"|0|2|1|0|0|0|0|2|2|1|0|1|1|1|0|NA|NA|NA|NA|NA|102|47|134|7211434|NA|0
"170898506001"|0|1|0|0|0|0|0|1|1|0|0|1|1|0|0|NA|NA|NA|NA|NA|0|0|0|0|NA|0
"170898507013"|0|1|0|0|0|0|0|1|1|0|0|1|1|0|0|NA|NA|NA|NA|NA|0|0|0|0|NA|0
"170898508006"|0|1|1|0|0|0|0|1|1|1|0|0|0|1|0|27850|27850|29784|29784|9650|102|47|134|7211434|53816.671641791|0
"170898510003"|0|1|1|0|0|0|0|1|1|1|0|0|0|1|0|27850|27850|29784|29784|9650|102|47|134|7211434|53816.671641791|0
"170898513012"|0|1|0|0|0|0|0|1|1|0|0|1|1|0|0|NA|NA|NA|NA|NA|0|0|0|0|NA|0
"170898514004"|0|1|0|0|0|0|0|1|1|0|0|1|1|0|0|NA|NA|NA|NA|NA|0|0|0|0|NA|0
"170898514006"|0|1|0|0|0|0|0|1|1|0|0|1|1|0|0|NA|NA|NA|NA|NA|0|0|0|0|NA|0
"170898515001"|0|1|0|0|0|0|0|1|1|0|0|1|1|0|0|NA|NA|NA|NA|NA|0|0|0|0|NA|0
"170898519051"|0|2|0|0|0|0|0|2|1|0|0|1|2|0|0|NA|NA|NA|NA|NA|0|0|0|0|NA|0
"170898519081"|0|1|0|0|0|0|0|2|1|1|1|0|0|1|0|NA|NA|NA|NA|NA|339|112|266|25854642|NA|0
"170898539003"|0|1|1|0|0|0|0|1|1|1|0|0|0|1|0|22580|22580|10800|10800|9366|268|111|308|21702742|70463.4480519481|0
"170898545041"|0|1|0|0|0|0|0|1|1|1|1|0|0|0|1|7038|7623|NA|NA|NA|300|166|210|15322148|72962.6095238095|0
"170910107011"|0|1|0|0|0|0|0|1|1|0|0|1|1|0|0|NA|NA|NA|NA|NA|0|0|0|0|NA|0
"170910120002"|0|1|1|0|0|0|0|1|1|1|0|0|0|1|0|32950|32950|14845|14845|7900|380|135|266|16667172|62658.5413533835|0
"170910120003"|0|1|1|0|0|0|0|1|1|1|0|0|0|1|0|32950|32950|14845|14845|7900|380|135|266|16667172|62658.5413533835|0
"170910125001"|0|1|0|0|0|0|0|1|1|1|1|0|0|1|0|8902|19440|NA|NA|NA|145|56|138|8968330|64987.8985507246|0
"170938901022"|0|1|0|0|0|0|0|1|1|0|0|1|1|0|0|NA|NA|NA|NA|NA|0|0|0|0|NA|0
"170950004001"|0|1|0|0|0|0|0|1|1|1|1|0|0|1|0|6608|7280|NA|NA|NA|120|44|88|5969106|67830.75|0
"170950004003"|0|1|0|0|0|0|0|1|1|1|1|0|0|1|0|6608|7280|NA|NA|NA|120|44|88|5969106|67830.75|0
"170950008002"|0|1|0|0|0|0|0|1|1|1|0|0|0|1|0|42532|42532|NA|NA|9330|243|61|228|15250588|66888.5438596491|0
"170978611062"|0|1|0|0|0|0|0|1|1|1|1|0|0|0|1|8092|10920|NA|NA|NA|470|152|404|38384158|95010.2920792079|0
"170978616031"|0|0|0|0|0|0|0|1|0|0|0|0|0|0|0|NA|NA|NA|NA|NA|0|0|0|0|NA|0
"170978616032"|0|0|0|0|0|0|0|1|0|0|0|0|0|0|0|NA|NA|NA|NA|NA|0|0|0|0|NA|0
"170978619023"|0|1|0|0|0|0|0|1|1|0|0|1|1|0|0|NA|NA|NA|NA|NA|0|0|0|0|NA|0
"170978630041"|0|0|1|0|0|1|0|1|1|1|0|0|0|1|0|NA|NA|31902|31902|NA|275|84|178|21762528|122261.393258427|0
"170978630042"|0|0|1|0|0|1|0|1|1|1|0|0|0|1|0|NA|NA|31902|31902|NA|275|84|178|21762528|122261.393258427|0
"170978634002"|0|1|1|0|0|0|0|1|1|1|0|0|0|1|0|43392|43392|13300|13300|9810|189|48|194|14951572|77069.9587628866|0
"170978638011"|0|1|0|0|0|0|0|1|1|0|0|1|1|0|0|NA|NA|NA|NA|NA|0|0|0|0|NA|0
"170978638012"|0|1|0|0|0|0|0|1|1|0|0|1|1|0|0|NA|NA|NA|NA|NA|0|0|0|0|NA|0
"170978639021"|0|1|0|0|0|0|0|1|1|0|0|1|1|0|0|NA|NA|NA|NA|NA|0|0|0|0|NA|0
"170978639024"|0|1|0|0|0|0|0|1|1|0|0|1|1|0|0|NA|NA|NA|NA|NA|0|0|0|0|NA|0
"170978640013"|0|0|1|0|0|0|0|1|1|1|0|0|1|0|0|NA|NA|25366|25366|NA|84|29|42|2217880|52806.6666666667|0
"170978645221"|0|1|1|0|0|0|0|1|1|1|0|0|0|1|0|29660|29660|15720|15720|9010|208|54|156|10535928|67538|0
"170978648011"|0|1|1|0|0|0|0|1|1|1|0|0|0|1|0|29660|29660|15720|15720|9010|208|54|156|10535928|67538|0
"170978649011"|0|1|1|0|0|0|0|1|1|1|0|0|0|1|0|29660|29660|15720|15720|9010|208|54|156|10535928|67538|0
"170978662003"|0|0|1|0|0|0|0|1|1|1|0|0|1|0|0|NA|NA|NA|NA|NA|44|8|6|740000|123333.333333333|0
"170999632003"|0|1|0|0|0|0|0|1|1|1|1|0|0|1|0|10286|11094|NA|NA|NA|104|45|152|10572754|69557.5921052632|0
"170999633002"|0|1|0|0|0|0|0|1|1|0|0|1|1|0|0|NA|NA|NA|NA|NA|0|0|0|0|NA|0
"171030005004"|0|1|0|0|0|0|0|1|1|1|1|0|0|1|0|8960|9716|NA|NA|NA|89|26|92|5054556|54940.8260869565|0
"171059605003"|0|1|0|0|0|0|0|1|1|0|0|1|1|0|0|NA|NA|NA|NA|NA|0|0|0|0|NA|0
"171079529003"|0|1|1|0|0|0|0|1|1|1|0|0|1|0|0|13020|13020|7812|7812|7564|65|13|64|3444360|53818.125|0
"171079531002"|0|1|0|0|0|0|0|1|1|1|0|0|0|1|0|16700|16700|NA|NA|7100|124|24|62|2969446|47894.2903225806|0
"171079531004"|0|1|0|0|0|0|0|1|1|1|0|0|0|1|0|16700|16700|NA|NA|7100|124|24|62|2969446|47894.2903225806|0
"171079532001"|0|1|0|0|0|0|0|1|1|1|0|0|0|1|0|16700|16700|NA|NA|7100|124|24|62|2969446|47894.2903225806|0
"171090104001"|0|1|1|0|0|0|0|1|1|1|0|0|0|0|1|8596|12894|7767|11651|9580|1036|299|1132|90679758|80105.7932862191|0
"171090105001"|0|1|1|0|0|0|0|1|1|1|0|0|0|0|1|8596|12894|7767|11651|9580|1036|299|1132|90679758|80105.7932862191|0
"171090105002"|0|1|1|0|0|0|0|1|1|1|0|0|0|0|1|8596|12894|7767|11651|9580|1036|299|1132|90679758|80105.7932862191|0
"171090105003"|0|1|1|0|0|0|0|1|1|1|0|0|0|0|1|8596|12894|7767|11651|9580|1036|299|1132|90679758|80105.7932862191|0
"171118708071"|0|1|0|0|0|0|0|1|1|1|1|0|0|1|0|10417|12958|NA|NA|NA|197|51|200|18369692|91848.46|0
"171118708081"|0|1|0|0|0|0|0|2|1|0|0|1|1|0|0|NA|NA|NA|NA|NA|0|0|0|0|NA|0
"171118709021"|0|1|0|0|0|0|0|1|1|1|1|0|0|1|0|10417|12958|NA|NA|NA|197|51|200|18369692|91848.46|0
"171118709023"|0|1|0|0|0|0|0|1|1|1|1|0|0|1|0|10417|12958|NA|NA|NA|197|51|200|18369692|91848.46|0
"171118712013"|0|1|0|0|0|0|0|1|1|0|0|1|1|0|0|NA|NA|NA|NA|NA|0|0|0|0|NA|0
"171118712021"|0|1|0|0|0|0|0|1|1|0|0|1|1|0|0|NA|NA|NA|NA|NA|0|0|0|0|NA|0
"171118713061"|0|1|0|0|0|0|0|1|0|0|0|0|1|0|0|NA|NA|NA|NA|NA|0|0|0|0|NA|0
"171118713063"|0|1|0|0|0|0|0|1|0|0|0|0|1|0|0|NA|NA|NA|NA|NA|0|0|0|0|NA|0
"171118713064"|0|1|0|0|0|0|0|1|0|0|0|0|1|0|0|NA|NA|NA|NA|NA|0|0|0|0|NA|0
"171130001041"|0|2|1|0|0|0|0|2|2|2|1|0|0|1|1|17927|26601|NA|NA|NA|2340|509|1930|133751548|134206.022393048|0
"171130001042"|0|1|0|0|0|0|0|1|1|1|1|0|0|1|0|8100|12150|NA|NA|NA|186|52|170|10953886|64434.6235294118|0
"171130001044"|0|1|0|0|0|0|0|1|1|0|0|1|1|0|0|NA|NA|NA|NA|NA|0|0|0|0|NA|0
"171130001051"|0|1|0|0|0|0|0|1|1|1|1|0|0|1|0|8100|12150|NA|NA|NA|186|52|170|10953886|64434.6235294118|0
"171130002001"|0|1|1|0|0|0|0|1|1|1|0|0|0|0|1|9827|14451|7466|15038|9850|2154|457|1760|122797662|69771.3988636364|0
"171130002002"|0|1|1|0|0|0|0|1|1|1|0|0|0|0|1|9827|14451|7466|15038|9850|2154|457|1760|122797662|69771.3988636364|0
"171130005042"|0|1|0|0|0|0|0|1|1|0|0|1|1|0|0|NA|NA|NA|NA|NA|0|0|0|0|NA|0
"171130005051"|0|1|0|0|0|0|0|1|1|0|0|1|1|0|0|NA|NA|NA|NA|NA|0|0|0|0|NA|0
"171130013021"|0|1|0|0|0|0|0|1|1|1|0|0|0|1|0|43940|43940|NA|NA|10178|293|101|296|21737030|73435.9121621622|0
"171130017003"|0|1|0|0|0|0|0|1|1|0|0|1|1|0|0|NA|NA|NA|NA|NA|0|0|0|0|NA|0
"171150002002"|0|1|0|0|0|0|0|1|1|0|0|1|1|0|0|NA|NA|NA|NA|NA|0|0|0|0|NA|0
"171150010001"|0|1|0|0|0|0|0|1|1|1|1|0|0|1|0|6060|14280|NA|NA|NA|106|39|130|8048206|61909.2769230769|0
"171150016002"|0|1|1|0|0|0|0|1|1|1|0|0|0|1|0|31032|31032|20000|20000|11190|188|93|290|17346852|59816.7310344828|0
"171150022005"|0|1|0|0|0|0|0|1|1|1|1|0|0|1|0|6060|14280|NA|NA|NA|106|39|130|8048206|61909.2769230769|0
"171150031001"|0|1|0|0|0|0|0|1|1|0|0|1|1|0|0|NA|NA|NA|NA|NA|0|0|0|0|NA|0
"171179563003"|0|1|0|0|0|0|0|1|1|1|0|0|1|0|0|20752|20752|NA|NA|7364|67|19|74|3900582|52710.5675675676|0
"171194027013"|0|1|0|0|0|0|0|1|1|0|0|1|1|0|0|NA|NA|NA|NA|NA|0|0|0|0|NA|0
"171194027211"|0|1|0|0|0|0|0|1|1|1|1|0|0|1|0|8136|10848|NA|NA|NA|225|70|210|14617746|69608.3142857143|0
"171194027213"|0|1|0|0|0|0|0|1|1|1|1|0|0|1|0|8136|10848|NA|NA|NA|225|70|210|14617746|69608.3142857143|0
"171194027214"|0|1|0|0|0|0|0|1|1|0|0|1|1|0|0|NA|NA|NA|NA|NA|0|0|0|0|NA|0
"171194030011"|0|1|0|0|0|0|0|1|1|0|0|1|1|0|0|NA|NA|NA|NA|NA|0|0|0|0|NA|0
"171194030012"|0|1|0|0|0|0|0|1|1|0|0|1|1|0|0|NA|NA|NA|NA|NA|0|0|0|0|NA|0
"171194031012"|0|1|1|0|0|1|0|1|1|1|0|0|0|0|1|7218|8590|6312|11156|9211|1439|427|1188|87874778|73968.6683501683|0
"171336004011"|0|1|0|0|0|0|0|1|1|0|0|1|1|0|0|NA|NA|NA|NA|NA|0|0|0|0|NA|0
"171336004012"|0|1|0|0|0|0|0|1|1|0|0|1|1|0|0|NA|NA|NA|NA|NA|0|0|0|0|NA|0
"171336005021"|0|1|0|0|0|0|0|1|1|0|0|1|1|0|0|NA|NA|NA|NA|NA|0|0|0|0|NA|0
"171359578003"|0|1|0|0|0|0|0|1|1|0|0|1|1|0|0|NA|NA|NA|NA|NA|0|0|0|0|NA|0
"171379516002"|0|1|0|0|0|0|0|1|1|1|0|0|1|0|0|24390|24390|NA|NA|8510|71|31|68|3505728|51554.8235294118|0
"171379518002"|0|1|1|0|0|0|0|1|1|1|0|0|1|0|0|31110|31110|NA|NA|9190|148|49|156|10286388|65938.3846153846|0
"171379519004"|0|1|1|0|0|0|0|1|1|1|0|0|1|0|0|31110|31110|NA|NA|9190|148|49|156|10286388|65938.3846153846|0
"171379521002"|0|1|0|0|0|0|0|1|1|0|0|1|1|0|0|NA|NA|NA|NA|NA|0|0|0|0|NA|0
"171430012001"|0|1|1|0|0|0|0|1|1|1|0|0|1|0|0|18850|18850|7500|7500|NA|23|4|72|4995000|69375|0
"171430016003"|0|1|1|0|0|0|0|1|1|1|0|0|1|0|0|18850|18850|7500|7500|NA|23|4|72|4995000|69375|0
"171430020001"|0|1|1|0|0|0|0|1|1|1|0|0|0|1|0|31740|31740|15300|15300|10010|623|225|692|52842020|76361.3005780347|0
"171430020002"|0|1|1|0|0|0|0|1|1|1|0|0|0|1|0|31740|31740|15300|15300|10010|623|225|692|52842020|76361.3005780347|0
"171430021002"|0|1|1|0|0|0|0|1|1|1|0|0|1|0|0|18850|18850|7500|7500|NA|23|4|72|4995000|69375|0
"171430028003"|0|1|0|0|0|0|0|1|0|0|0|0|1|0|0|NA|NA|NA|NA|NA|0|0|0|0|NA|0
"171430029002"|0|1|0|0|0|0|0|1|1|0|0|1|1|0|0|NA|NA|NA|NA|NA|0|0|0|0|NA|0
"171430032001"|0|1|0|0|0|0|0|1|1|1|0|0|1|0|0|16230|16230|NA|NA|NA|25|1|34|1611970|47410.8823529412|0
"171430033002"|0|1|0|0|0|0|0|1|1|1|0|0|1|0|0|16230|16230|NA|NA|NA|25|1|34|1611970|47410.8823529412|0
"171430039002"|0|1|1|0|0|0|0|1|1|1|0|0|1|0|0|19200|19200|8400|8400|13000|45|13|78|4492724|57599.0256410256|0
"171430041011"|0|1|1|0|0|0|0|1|1|1|0|0|1|0|0|19200|19200|8400|8400|13000|45|13|78|4492724|57599.0256410256|0
"171430044003"|0|1|1|0|0|0|0|1|1|1|0|0|0|1|0|31740|31740|15300|15300|10010|623|225|692|52842020|76361.3005780347|0
"171539710002"|0|1|0|0|0|0|0|1|1|1|1|0|0|1|0|5100|5460|NA|NA|NA|70|39|68|4464788|65658.6470588235|0
"171539710003"|0|1|0|0|0|0|0|1|1|1|1|0|0|1|0|5100|5460|NA|NA|NA|70|39|68|4464788|65658.6470588235|0
"171599780001"|0|1|0|0|0|0|0|1|1|1|1|0|0|1|0|8589|10580|NA|NA|NA|38|20|82|4791960|58438.5365853659|0
"171599782001"|0|1|0|0|0|0|0|1|1|0|0|0|0|0|0|NA|NA|NA|NA|NA|41|20|0|0|NA|0
"171599783002"|0|1|0|0|0|0|0|1|1|0|0|0|0|0|0|NA|NA|NA|NA|NA|41|20|0|0|NA|0
"171610209005"|0|1|0|0|0|0|0|1|1|0|0|1|1|0|0|NA|NA|NA|NA|NA|0|0|0|0|NA|0
"171610211002"|0|1|0|0|0|0|0|1|1|1|1|0|0|1|0|7500|7650|NA|NA|NA|194|81|224|13933174|62201.6696428571|0
"171610218001"|0|1|0|0|0|0|0|1|1|0|0|1|1|0|0|NA|NA|NA|NA|NA|0|0|0|0|NA|0
"171610228004"|0|1|0|0|0|0|0|1|1|1|0|0|0|1|0|39621|39621|NA|NA|10037|350|109|374|25745074|68837.0962566845|0
"171610232003"|0|1|1|0|0|0|0|1|1|1|0|0|1|0|0|24302|24302|13320|13320|NA|11|3|32|1992596|62268.625|0
"171635016043"|0|1|0|0|0|0|0|1|0|0|0|0|1|0|0|NA|NA|NA|NA|NA|0|0|0|0|NA|0
"171635034021"|0|1|0|0|0|0|0|1|1|1|1|0|1|0|0|11400|11400|NA|NA|NA|19|2|14|593150|42367.8571428571|0
"171635034022"|0|1|0|0|0|0|0|1|0|0|0|0|1|0|0|NA|NA|NA|NA|NA|0|0|0|0|NA|0
"171635039041"|0|1|0|0|0|0|0|1|1|1|1|0|0|1|0|11970|15600|NA|NA|NA|309|126|300|20847944|69493.1466666667|0
"171635039042"|0|1|0|0|0|0|0|1|1|1|1|0|0|1|0|11970|15600|NA|NA|NA|309|126|300|20847944|69493.1466666667|0
"171635039044"|0|1|0|0|0|0|0|1|1|1|1|0|0|1|0|11970|15600|NA|NA|NA|309|126|300|20847944|69493.1466666667|0
"171635040011"|0|1|0|0|0|0|0|1|1|0|0|1|1|0|0|NA|NA|NA|NA|NA|0|0|0|0|NA|0
"171635040026"|0|1|0|0|0|0|0|1|1|0|0|1|1|0|0|NA|NA|NA|NA|NA|0|0|0|0|NA|0
"171659562001"|0|1|0|0|0|0|0|1|1|1|1|0|0|1|0|4920|5160|NA|NA|NA|65|22|72|4039948|56110.3888888889|0
"171670003002"|0|2|0|0|0|0|0|2|2|1|0|1|2|0|0|23374|23374|NA|NA|NA|10|6|32|2367574|NA|0
"171670005012"|0|1|0|0|0|0|0|1|1|0|0|1|1|0|0|NA|NA|NA|NA|NA|0|0|0|0|NA|0
"171670008001"|0|2|0|0|0|0|0|2|2|1|0|1|2|0|0|23374|23374|NA|NA|NA|10|6|32|2367574|NA|0
"171670009001"|0|2|0|0|0|0|0|2|2|1|0|1|2|0|0|23374|23374|NA|NA|NA|10|6|32|2367574|NA|0
"171670010031"|0|1|0|0|0|0|0|1|1|0|0|1|1|0|0|NA|NA|NA|NA|NA|0|0|0|0|NA|0
"171670020001"|0|1|0|0|0|0|0|1|1|0|0|1|1|0|0|NA|NA|NA|NA|NA|0|0|0|0|NA|0
"171670020002"|0|1|0|0|0|0|0|1|0|0|0|0|1|0|0|NA|NA|NA|NA|NA|0|0|0|0|NA|0
"171670020003"|0|1|0|0|0|0|0|1|1|0|0|1|1|0|0|NA|NA|NA|NA|NA|0|0|0|0|NA|0
"171670020004"|0|1|0|0|0|0|0|1|1|0|0|1|1|0|0|NA|NA|NA|NA|NA|0|0|0|0|NA|0
"171670030001"|0|3|1|0|0|0|0|3|3|2|1|1|1|2|0|NA|NA|NA|NA|NA|788|252|668|48986522|NA|0
"171670031002"|0|3|1|0|0|0|0|3|3|2|1|1|1|2|0|NA|NA|NA|NA|NA|788|252|668|48986522|NA|0
"171770010003"|0|1|0|0|0|0|0|2|1|1|1|0|0|1|0|NA|NA|NA|NA|NA|85|34|94|7227204|NA|0
"171790203011"|0|1|0|0|0|0|0|1|1|0|0|1|1|0|0|NA|NA|NA|NA|NA|0|0|0|0|NA|0
"171790203023"|0|1|0|0|0|0|0|1|1|0|0|1|1|0|0|NA|NA|NA|NA|NA|0|0|0|0|NA|0
"171790212011"|0|1|0|0|0|0|0|1|1|1|1|0|0|1|0|9000|10500|NA|NA|NA|330|107|354|23728056|67028.406779661|0
"171790224001"|0|1|0|0|0|0|0|1|1|1|1|0|0|1|0|9000|10500|NA|NA|NA|330|107|354|23728056|67028.406779661|0
"171830008001"|0|1|0|0|0|0|0|1|1|1|0|0|1|0|0|15050|15050|NA|NA|NA|13|3|40|1910196|47754.9|0
"171830105003"|0|1|0|0|0|0|0|1|1|0|0|1|1|0|0|NA|NA|NA|NA|NA|0|0|0|0|NA|0
"171830112003"|0|1|0|0|0|0|0|1|1|1|1|0|0|1|0|6825|6825|NA|NA|NA|113|45|124|6823184|55025.6774193548|0
"171859573003"|0|1|0|0|0|0|0|1|1|1|1|0|0|1|0|8589|10580|NA|NA|NA|40|17|66|3575062|54167.6060606061|0
"171878704002"|0|1|0|0|0|0|0|1|1|1|0|0|0|1|0|35300|35300|NA|NA|8300|170|70|182|11124678|61124.6043956044|0
"171919552002"|0|1|0|0|0|0|0|1|1|1|1|0|0|1|0|8589|10580|NA|NA|NA|30|17|12|649300|54108.3333333333|0
"171919552003"|0|1|0|0|0|0|0|1|1|1|1|0|0|1|0|8589|10580|NA|NA|NA|30|17|12|649300|54108.3333333333|0
"171950003002"|0|1|0|0|0|0|0|1|1|1|1|0|1|0|0|14390|14390|NA|NA|6400|11|1|14|657934|46995.2857142857|0
"171950003004"|0|1|0|0|0|0|0|1|1|1|1|0|1|0|0|14390|14390|NA|NA|6400|11|1|14|657934|46995.2857142857|0
"171950011004"|0|1|0|0|0|0|0|1|1|0|0|1|1|0|0|NA|NA|NA|NA|NA|0|0|0|0|NA|0
"171950011005"|0|1|0|0|0|0|0|1|1|0|0|1|1|0|0|NA|NA|NA|NA|NA|0|0|0|0|NA|0
"171978804142"|0|1|0|0|0|0|0|1|0|0|0|0|1|0|0|NA|NA|NA|NA|NA|0|0|0|0|NA|0
"171978804151"|0|1|0|0|0|0|0|1|0|0|0|0|1|0|0|NA|NA|NA|NA|NA|0|0|0|0|NA|0
"171978804152"|0|1|0|0|0|0|0|1|0|0|0|0|1|0|0|NA|NA|NA|NA|NA|0|0|0|0|NA|0
"171978811162"|0|1|0|0|0|0|0|1|1|0|0|1|1|0|0|NA|NA|NA|NA|NA|0|0|0|0|NA|0
"171978818002"|0|1|1|0|0|0|0|1|1|1|0|0|0|1|0|30520|30520|13302|13302|9084|181|51|208|15105762|72623.8557692308|0
"171978818003"|0|1|1|0|0|0|0|1|1|1|0|0|0|1|0|30520|30520|13302|13302|9084|181|51|208|15105762|72623.8557692308|0
"171978832063"|0|1|0|0|0|0|0|1|1|0|0|1|1|0|0|NA|NA|NA|NA|NA|0|0|0|0|NA|0
"171978832111"|0|1|0|0|0|0|0|1|1|1|1|0|0|0|1|9578|10257|NA|NA|NA|365|165|432|39720236|91944.9907407407|0
"171978832113"|0|1|0|0|0|0|0|1|1|1|1|0|0|0|1|9578|10257|NA|NA|NA|365|165|432|39720236|91944.9907407407|0
"171978832151"|0|1|0|0|0|0|0|1|1|0|0|1|1|0|0|NA|NA|NA|NA|NA|0|0|0|0|NA|0
"171978835193"|0|1|0|0|0|0|0|1|0|0|0|0|1|0|0|NA|NA|NA|NA|NA|0|0|0|0|NA|0
"171978836061"|0|1|1|0|0|0|0|1|1|1|0|0|0|1|0|8160|16320|7368|14736|10868|457|132|398|31698680|79644.9246231156|0
"171978841011"|0|1|1|0|0|0|0|1|1|1|0|0|0|1|0|29950|29950|14310|14310|10320|372|134|450|37016996|82259.9911111111|0
"171978841031"|0|1|1|0|0|0|0|1|1|1|0|0|0|1|0|29950|29950|14310|14310|10320|372|134|450|37016996|82259.9911111111|0
"171990202011"|0|1|0|0|0|0|0|1|1|1|1|0|0|1|0|4950|5790|NA|NA|NA|217|136|122|8596826|70465.7868852459|0
"172010005022"|0|1|0|0|0|0|0|1|1|0|0|1|1|0|0|NA|NA|NA|NA|NA|0|0|0|0|NA|0
"172010005023"|0|1|0|0|0|0|0|1|1|1|1|0|1|0|0|10776|10776|NA|NA|NA|33|12|28|1342436|47944.1428571429|0
"172010005071"|0|1|1|0|0|0|0|1|1|1|0|0|0|1|0|29050|29050|12780|12780|8180|127|56|154|7943644|51582.1038961039|0
"172010005073"|0|2|1|0|0|0|0|2|2|2|0|0|1|1|0|32852|32852|NA|NA|NA|132|16|100|6690378|133917.267310789|0
"172010005101"|0|1|0|0|0|0|0|1|1|1|1|0|0|1|0|8310|15270|NA|NA|NA|230|98|318|20880078|65660.6226415094|0
"172010005102"|0|1|0|0|0|0|0|1|1|0|0|1|1|0|0|NA|NA|NA|NA|NA|0|0|0|0|NA|0
"172010005112"|0|1|0|0|0|0|0|1|1|1|0|0|0|1|0|9360|9360|NA|NA|NA|114|8|54|3578740|66272.962962963|0
"172010005131"|0|1|0|0|0|0|0|1|0|0|0|0|1|0|0|NA|NA|NA|NA|NA|0|0|0|0|NA|0
"172030306011"|0|1|0|0|0|0|0|1|1|1|0|0|1|0|0|20880|20880|NA|NA|9100|76|19|82|4336652|52886|0
"172030306015"|0|1|0|0|0|0|0|1|1|1|0|0|1|0|0|20880|20880|NA|NA|9100|76|19|82|4336652|52886|0
"180030009004"|0|1|1|0|0|0|0|1|1|1|0|0|0|1|0|27030|27030|16403|16403|9090|193|61|246|14520130|59024.918699187|0
"180030022001"|0|1|0|0|0|0|0|1|1|0|0|1|1|0|0|NA|NA|NA|NA|NA|0|0|0|0|NA|0
"180030033042"|0|1|0|0|0|0|0|1|1|1|1|0|1|0|0|NA|NA|NA|NA|NA|8|0|8|188536|23567|0
"180030033043"|0|1|0|0|0|0|0|1|1|0|0|1|1|0|0|NA|NA|NA|NA|NA|0|0|0|0|NA|0
"180030034001"|0|1|0|0|0|0|0|1|1|1|0|0|1|0|0|11592|11592|NA|NA|NA|12|2|8|428040|53505|0
"180030041011"|0|0|1|0|0|0|0|1|1|1|0|0|1|0|0|NA|NA|27810|27810|NA|75|25|46|2380364|51747.0434782609|0
"180030043002"|0|1|1|0|0|0|0|1|1|1|0|0|0|1|0|25940|25940|11235|11235|9580|220|45|156|11950278|76604.3461538462|0
"180030107072"|0|2|1|0|0|0|0|2|2|1|0|0|2|0|0|NA|NA|NA|NA|NA|0|0|0|0|NA|0
"180030108082"|0|1|0|0|0|0|0|1|1|0|0|1|1|0|0|NA|NA|NA|NA|NA|0|0|0|0|NA|0
"180030108212"|0|1|0|0|0|0|0|1|1|1|0|0|1|0|0|11592|11592|NA|NA|NA|12|2|8|428040|53505|0
"180030115022"|0|1|0|0|0|0|0|1|0|0|0|0|1|0|0|NA|NA|NA|NA|NA|0|0|0|0|NA|0
"180030116042"|0|1|0|0|0|0|0|1|1|1|0|0|1|0|0|13960|13960|NA|NA|8380|19|3|24|1284400|53516.6666666667|0
"180030116052"|0|1|0|0|0|0|0|1|0|0|0|0|1|0|0|NA|NA|NA|NA|NA|0|0|0|0|NA|0
"180030117012"|0|1|0|0|0|0|0|1|0|0|0|0|1|0|0|NA|NA|NA|NA|NA|0|0|0|0|NA|0
"180039800011"|0|1|1|0|0|0|0|1|1|1|0|0|0|0|1|7169|18683|5449|13130|9340|654|201|612|42446070|69356.3235294118|0
"180190502003"|0|1|1|0|0|0|0|1|1|1|0|0|1|0|0|NA|NA|11160|11160|NA|3|0|0|0|NA|0
"180190503031"|0|1|0|0|0|0|0|1|1|0|0|1|1|0|0|NA|NA|NA|NA|NA|0|0|0|0|NA|0
"180190503032"|0|1|0|0|0|0|0|1|1|0|0|1|1|0|0|NA|NA|NA|NA|NA|0|0|0|0|NA|0
"180190504031"|0|1|0|0|0|0|0|1|1|1|0|0|1|0|0|11100|11100|NA|NA|NA|3|2|10|330000|33000|0
"180190504032"|0|1|0|0|0|0|0|1|1|1|0|0|1|0|0|11100|11100|NA|NA|NA|3|2|10|330000|33000|0
"180190505032"|0|1|0|0|0|0|0|1|1|0|0|1|1|0|0|NA|NA|NA|NA|NA|0|0|0|0|NA|0
"180190505041"|0|1|0|0|0|0|0|1|1|1|0|0|1|0|0|11100|11100|NA|NA|NA|3|2|10|330000|33000|0
"180190505042"|0|1|0|0|0|0|0|1|1|1|0|0|1|0|0|11100|11100|NA|NA|NA|3|2|10|330000|33000|0
"180350009022"|0|1|1|0|0|0|0|1|1|1|0|0|0|0|1|8992|24766|8386|20698|9936|2116|642|2028|136938740|67524.033530572|0
"180350020001"|0|1|0|0|0|0|0|1|1|0|0|1|1|0|0|NA|NA|NA|NA|NA|0|0|0|0|NA|0
"180350020003"|0|1|0|0|0|0|0|1|1|0|0|1|1|0|0|NA|NA|NA|NA|NA|0|0|0|0|NA|0
"180350026015"|0|1|0|0|0|0|0|1|1|0|0|1|1|0|0|NA|NA|NA|NA|NA|0|0|0|0|NA|0
"180390004001"|0|1|1|0|0|0|0|1|1|1|0|0|1|0|0|33200|33200|27281|27281|10300|140|33|146|8033552|55024.3287671233|0
"180390004002"|0|1|1|0|0|0|0|1|1|1|0|0|1|0|0|33200|33200|27281|27281|10300|140|33|146|8033552|55024.3287671233|0
"180390022001"|0|0|1|0|0|0|0|1|1|1|0|0|1|0|0|NA|NA|14250|14250|NA|20|4|20|1065074|53253.7|0
"180430710072"|0|1|1|0|0|0|0|1|1|1|0|0|0|1|0|6478|18088|6648|15661|9296|259|121|414|27977690|67578.961352657|0
"180510503004"|0|1|1|0|0|0|0|1|1|1|0|0|0|1|0|23400|23400|7380|7380|9180|161|28|72|3479596|48327.7222222222|0
"180530008002"|0|1|1|0|0|0|0|1|1|1|0|0|0|0|1|8697|8697|10218|10218|NA|0|0|0|0|NA|0
"180530008003"|0|1|1|0|0|0|0|1|1|1|0|0|0|1|0|25346|25346|13000|13000|8148|871|293|558|35922238|64376.770609319|0
"180530008004"|0|1|1|0|0|0|0|1|1|1|0|0|0|1|0|25346|25346|13000|13000|8148|871|293|558|35922238|64376.770609319|0
"180530102001"|0|1|1|0|0|0|0|1|1|1|0|0|0|0|1|8697|8697|10218|10218|NA|0|0|0|0|NA|0
"180530107002"|0|1|1|0|0|0|0|1|1|1|0|0|0|1|0|31232|31232|11590|11590|8845|274|119|262|15803940|60320.3816793893|0
"180571105061"|0|1|0|0|0|0|0|1|1|0|0|1|1|0|0|NA|NA|NA|NA|NA|0|0|0|0|NA|0
"180571107003"|0|1|0|0|0|0|0|1|1|0|0|1|1|0|0|NA|NA|NA|NA|NA|0|0|0|0|NA|0
"180571108101"|0|1|0|0|0|0|0|1|1|0|0|1|1|0|0|NA|NA|NA|NA|NA|0|0|0|0|NA|0
"180571110013"|0|1|1|0|0|0|0|1|1|0|0|0|0|0|0|NA|NA|NA|NA|NA|0|0|0|0|NA|0
"180571110081"|0|1|1|0|0|0|0|1|1|0|0|0|0|0|0|NA|NA|NA|NA|NA|0|0|0|0|NA|0
"180571110082"|0|1|0|0|0|0|0|1|1|0|0|1|1|0|0|NA|NA|NA|NA|NA|0|0|0|0|NA|0
"180632101022"|0|1|0|0|0|0|0|1|1|0|0|1|1|0|0|NA|NA|NA|NA|NA|0|0|0|0|NA|0
"180632106063"|0|1|0|0|0|0|0|1|1|0|0|1|1|0|0|NA|NA|NA|NA|NA|0|0|0|0|NA|0
"180670005004"|0|1|0|0|0|0|0|1|1|0|0|1|1|0|0|NA|NA|NA|NA|NA|0|0|0|0|NA|0
"180670011001"|0|2|1|0|0|0|0|2|2|2|1|0|1|1|0|NA|NA|NA|NA|NA|162|57|236|14173952|83153.8336283186|0
"180670011003"|0|2|1|0|0|0|0|2|2|2|1|0|1|1|0|NA|NA|NA|NA|NA|162|57|236|14173952|83153.8336283186|0
"180670013002"|0|1|0|0|0|0|0|1|1|0|0|1|1|0|0|NA|NA|NA|NA|NA|0|0|0|0|NA|0
"180670014003"|0|2|1|0|0|0|0|2|2|2|1|0|1|1|0|NA|NA|NA|NA|NA|162|57|236|14173952|83153.8336283186|0
"180699615002"|0|1|1|0|0|0|0|1|1|1|0|0|0|1|0|24554|24554|10320|10320|8456|96|26|130|7338562|56450.4769230769|0
"180731013001"|0|1|1|0|0|0|0|1|1|1|0|0|1|0|0|28252|28252|19275|19275|9480|136|44|112|6129590|54728.4821428571|0
"180779662003"|0|1|0|0|0|0|0|1|1|1|0|0|0|1|0|34744|34744|NA|NA|10850|148|78|170|11667260|68630.9411764706|0
"180779663003"|0|1|0|0|0|0|0|1|1|1|0|0|0|1|0|34744|34744|NA|NA|10850|148|78|170|11667260|68630.9411764706|0
"180816102011"|0|1|0|0|0|0|0|1|0|0|0|0|1|0|0|NA|NA|NA|NA|NA|0|0|0|0|NA|0
"180816102012"|0|1|0|0|0|0|0|1|0|0|0|0|1|0|0|NA|NA|NA|NA|NA|0|0|0|0|NA|0
"180816110003"|0|1|1|0|0|0|0|1|1|1|0|0|0|1|0|29840|29840|23460|23460|9355|161|48|160|9603408|60021.3|0
"180839553002"|0|1|0|0|0|0|0|1|1|1|0|0|0|0|1|5122|12731|NA|NA|9332|524|271|404|22053094|54586.8663366337|0
"180839553003"|0|1|0|0|0|0|0|1|1|1|0|0|0|0|1|5122|12731|NA|NA|9332|524|271|404|22053094|54586.8663366337|0
"180839555001"|0|1|0|0|0|0|0|1|1|0|0|1|1|0|0|NA|NA|NA|NA|NA|0|0|0|0|NA|0
"180859621003"|0|1|1|0|0|0|0|1|1|1|0|0|0|1|0|22913|22913|7872|7872|8404|104|15|94|6184950|65797.3404255319|0
"180890124001"|0|1|1|0|0|0|0|1|1|1|0|0|0|1|0|6478|18088|6648|15661|NA|238|94|306|21124996|69035.9346405229|0
"180890127003"|0|1|0|0|0|0|0|1|1|0|0|1|1|0|0|NA|NA|NA|NA|NA|0|0|0|0|NA|0
"180890201003"|0|1|1|0|0|0|0|1|1|1|0|0|0|1|0|17300|17300|14800|14800|NA|59|28|60|3505294|58421.5666666667|0
"180890202001"|0|1|1|0|0|0|0|1|1|1|0|0|0|1|0|17300|17300|14800|14800|NA|59|28|60|3505294|58421.5666666667|0
"180890209003"|0|2|1|0|0|0|0|2|2|1|0|1|1|1|0|NA|NA|NA|NA|NA|478|139|462|35753782|NA|0
"180890402002"|0|1|1|0|0|0|0|1|1|1|0|0|0|1|0|17300|17300|14800|14800|NA|59|28|60|3505294|58421.5666666667|0
"180890406003"|0|1|0|0|0|0|0|1|1|0|0|1|1|0|0|NA|NA|NA|NA|NA|0|0|0|0|NA|0
"180890420002"|0|1|0|0|0|0|0|1|1|1|1|0|1|0|0|12600|12600|NA|NA|NA|8|0|0|0|NA|0
"180890423003"|0|1|0|0|0|0|0|1|0|0|0|0|1|0|0|NA|NA|NA|NA|NA|0|0|0|0|NA|0
"180890424023"|0|4|1|0|0|0|0|4|4|2|0|2|4|0|0|NA|NA|NA|NA|NA|13|1|4|218628|NA|0
"180890425031"|0|3|1|0|0|0|0|3|3|2|0|1|3|0|0|NA|NA|NA|NA|NA|13|1|4|218628|NA|0
"180890425051"|0|2|0|0|0|0|0|2|2|0|0|1|2|0|0|NA|NA|NA|NA|NA|0|0|0|0|NA|0
"180890425053"|0|1|0|0|0|0|0|1|1|0|0|0|1|0|0|NA|NA|NA|NA|NA|0|0|0|0|NA|0
"180890427042"|0|1|0|0|0|0|0|1|1|0|0|1|1|0|0|NA|NA|NA|NA|NA|0|0|0|0|NA|0
"180910426001"|0|1|1|0|0|0|0|1|1|1|0|0|0|1|0|6251|14977|6145|13556|NA|194|51|210|15032798|71584.7523809524|0
"180950003001"|0|1|0|0|0|0|0|1|1|0|0|1|1|0|0|NA|NA|NA|NA|NA|0|0|0|0|NA|0
"180950011001"|0|1|1|0|0|0|0|1|1|1|0|0|0|1|0|28500|28500|11663|11663|9550|184|64|234|13656200|58359.8290598291|0
"180950018001"|0|1|0|0|0|0|0|1|1|0|0|1|1|0|0|NA|NA|NA|NA|NA|0|0|0|0|NA|0
"180950106007"|0|1|0|0|0|0|0|1|1|0|0|1|1|0|0|NA|NA|NA|NA|NA|0|0|0|0|NA|0
"180973101041"|0|5|1|0|0|0|0|5|5|3|1|1|4|1|0|NA|NA|NA|NA|NA|56|5|28|1792138|NA|0
"180973101042"|0|5|1|0|0|0|0|5|5|3|1|1|4|1|0|NA|NA|NA|NA|NA|56|5|28|1792138|NA|0
"180973101061"|0|1|0|0|0|0|0|1|1|0|0|1|1|0|0|NA|NA|NA|NA|NA|0|0|0|0|NA|0
"180973102011"|0|1|0|0|0|0|0|1|1|1|1|0|1|0|0|NA|NA|NA|NA|NA|54|16|78|3919390|50248.5897435897|0
"180973202043"|0|2|1|0|0|0|0|2|2|2|0|0|2|0|0|32256|32256|NA|NA|NA|38|13|14|1090498|NA|0
"180973203041"|0|1|0|0|0|0|0|1|0|0|0|0|1|0|0|NA|NA|NA|NA|NA|0|0|0|0|NA|0
"180973219002"|0|1|1|0|0|0|0|1|1|1|0|0|0|1|0|37400|37400|11460|11460|12947|632|173|718|58278328|81167.5877437326|0
"180973220003"|0|0|1|0|0|0|0|1|1|1|0|0|1|0|0|NA|NA|12060|12060|NA|39|14|18|1470816|81712|0
"180973301032"|0|3|0|0|0|0|0|3|2|0|0|2|3|0|0|NA|NA|NA|NA|NA|0|0|0|0|NA|0
"180973301051"|0|1|0|0|0|0|0|1|1|1|1|0|1|0|0|13920|13920|NA|NA|9120|16|4|26|1496128|57543.3846153846|0
"180973301052"|0|3|0|0|0|0|0|3|2|0|0|2|3|0|0|NA|NA|NA|NA|NA|0|0|0|0|NA|0
"180973301053"|0|1|0|0|0|0|0|1|0|0|0|0|1|0|0|NA|NA|NA|NA|NA|0|0|0|0|NA|0
"180973401013"|0|1|0|0|0|0|0|1|0|0|0|0|1|0|0|NA|NA|NA|NA|NA|0|0|0|0|NA|0
"180973402021"|0|1|0|0|0|0|0|1|1|0|0|1|1|0|0|NA|NA|NA|NA|NA|0|0|0|0|NA|0
"180973402023"|0|1|0|0|0|0|0|1|1|0|0|1|1|0|0|NA|NA|NA|NA|NA|0|0|0|0|NA|0
"180973405001"|0|1|1|0|0|1|0|1|1|1|0|0|0|1|0|31500|31500|19300|19300|9720|229|106|240|13800114|57500.475|0
"180973406002"|0|1|0|0|0|0|0|1|1|0|0|1|1|0|0|NA|NA|NA|NA|NA|0|0|0|0|NA|0
"180973421011"|0|1|0|0|0|0|0|1|1|0|0|1|1|0|0|16520|16520|NA|NA|NA|0|0|0|0|NA|0
"180973422002"|0|1|0|0|0|0|0|1|1|0|0|1|1|0|0|16520|16520|NA|NA|NA|0|0|0|0|NA|0
"180973501001"|0|1|1|0|0|1|0|1|1|1|0|0|0|1|0|31500|31500|19300|19300|9720|229|106|240|13800114|57500.475|0
"180973515003"|0|1|0|0|0|0|0|1|1|1|1|0|0|0|1|4055|7932|NA|NA|NA|2066|1031|2604|131058556|50329.7066052227|0
"180973521003"|0|1|1|0|0|0|0|1|1|1|0|0|1|0|0|12216|12216|10836|10836|NA|38|2|22|1205480|54794.5454545455|0
"180973526002"|0|1|1|0|0|0|0|1|1|1|0|0|1|0|0|12216|12216|10836|10836|NA|38|2|22|1205480|54794.5454545455|0
"180973533001"|0|1|0|0|0|0|0|1|1|1|0|0|1|0|0|12276|12276|NA|NA|NA|12|1|12|802170|66847.5|0
"180973542003"|0|1|0|0|0|0|0|1|1|1|0|0|0|1|0|14400|14400|NA|NA|NA|245|15|112|5821812|51980.4642857143|0
"180973544001"|0|1|0|0|0|0|0|1|1|1|0|0|0|1|0|14400|14400|NA|NA|NA|245|15|112|5821812|51980.4642857143|0
"180973564002"|0|1|1|0|0|1|0|1|1|1|0|0|0|0|1|8141|28727|8331|22985|9430|2629|844|1954|166434770|85176.4431934493|0
"180973603021"|0|1|0|0|0|0|0|1|1|0|0|0|1|0|0|NA|NA|NA|NA|NA|0|0|0|0|NA|0
"180973603022"|0|1|0|0|0|0|0|1|1|0|0|0|1|0|0|NA|NA|NA|NA|NA|0|0|0|0|NA|0
"180973606021"|0|1|0|0|0|0|0|1|1|1|0|0|1|0|0|11850|11850|NA|NA|NA|14|2|6|297384|49564|0
"180973803005"|0|1|1|0|0|0|0|1|1|1|0|0|0|1|0|26920|26920|35492|35492|9648|426|159|534|36839100|68987.0786516854|0
"180973806001"|0|1|0|0|0|0|0|1|1|1|1|0|1|0|0|NA|NA|NA|NA|NA|29|15|32|1742268|54445.875|0
"180973806003"|0|1|0|0|0|0|0|1|1|1|1|0|1|0|0|NA|NA|NA|NA|NA|29|15|32|1742268|54445.875|0
"180973809012"|0|1|0|0|0|0|0|1|1|0|0|1|1|0|0|NA|NA|NA|NA|NA|0|0|0|0|NA|0
"180973812042"|0|2|0|0|0|0|0|2|1|0|0|1|2|0|0|NA|NA|NA|NA|NA|0|0|0|0|NA|0
"180973910001"|0|1|1|0|0|0|0|2|2|2|0|0|1|1|0|NA|NA|NA|NA|NA|93|3|76|3284792|105638.46875|0
"180973910002"|0|1|1|0|0|1|0|1|1|1|0|0|0|0|1|8141|28727|8331|22985|9430|2629|844|1954|166434770|85176.4431934493|0
"180973910003"|0|1|2|0|0|1|0|2|2|2|0|0|0|1|1|NA|NA|13831|28485|NA|2710|846|2018|168917392|123967.411943449|0
"180990203012"|0|1|0|0|0|0|0|1|1|1|1|0|1|0|0|14700|14700|NA|NA|8900|50|22|38|1690018|44474.1578947368|0
"181050002021"|0|1|1|0|0|0|0|1|1|1|0|0|0|0|1|9087|32945|8695|28420|10041|7159|2200|4172|431477562|103422.234419942|0
"181050006021"|0|1|0|0|0|0|0|1|1|0|0|1|1|0|0|NA|NA|NA|NA|NA|0|0|0|0|NA|0
"181079570005"|0|1|0|0|0|0|0|1|1|1|0|0|1|0|0|40400|40400|NA|NA|9600|162|82|172|13182200|76640.6976744186|0
"181270505091"|0|1|0|0|0|0|0|1|1|0|0|1|1|0|0|NA|NA|NA|NA|NA|0|0|0|0|NA|0
"181270506031"|0|1|0|0|0|0|0|1|1|0|0|1|1|0|0|NA|NA|NA|NA|NA|0|0|0|0|NA|0
"181270506044"|0|1|0|0|0|0|0|1|1|0|0|1|1|0|0|NA|NA|NA|NA|NA|0|0|0|0|NA|0
"181270509001"|0|1|1|0|0|0|0|1|1|1|0|0|0|1|0|36280|36280|11070|11070|10920|547|146|594|41773430|70325.6397306397|0
"181270509002"|0|1|1|0|0|0|0|1|1|1|0|0|0|1|0|36280|36280|11070|11070|10920|547|146|594|41773430|70325.6397306397|0
"181339562003"|0|1|0|0|0|0|0|1|1|1|0|0|0|1|0|45660|45660|NA|NA|12240|440|129|452|38300466|84735.5442477876|0
"181410003013"|0|2|1|0|0|0|0|2|2|2|0|0|1|1|0|65890|65890|NA|NA|22220|329|101|334|21820036|120039.857487923|0
"181410010001"|0|1|1|0|0|0|0|1|1|1|0|0|0|0|1|49178|49178|49050|49050|14358|4732|853|2314|287505468|124246.096802074|0
"181410015001"|0|1|1|0|0|0|0|1|1|1|0|0|0|1|0|6478|18088|6648|15661|8746|300|112|496|31204642|62912.5846774194|0
"181410106004"|0|1|1|0|0|0|0|1|1|1|0|0|0|1|0|27040|27040|6750|6750|8470|141|69|142|7527880|53013.2394366197|0
"181410112021"|0|1|1|0|0|0|0|1|1|1|0|0|0|0|1|49178|49178|49050|49050|14358|4732|853|2314|287505468|124246.096802074|0
"181410112022"|0|2|1|0|0|0|0|2|2|2|0|0|1|1|0|65890|65890|NA|NA|22220|329|101|334|21820036|120039.857487923|0
"181410113013"|0|1|0|0|0|0|0|1|1|1|0|0|1|0|0|11592|11592|NA|NA|NA|11|3|14|743788|53127.7142857143|0
"181410113014"|0|2|0|0|0|0|0|2|2|1|0|0|2|0|0|NA|NA|NA|NA|NA|11|3|14|743788|NA|0
"181410113015"|0|1|0|0|0|0|0|1|1|1|0|0|1|0|0|11592|11592|NA|NA|NA|11|3|14|743788|53127.7142857143|0
"181410114032"|0|1|0|0|0|0|0|1|1|1|1|0|1|0|0|NA|NA|NA|NA|NA|8|0|12|354988|29582.3333333333|0
"181410115011"|0|1|0|0|0|0|0|1|1|1|0|0|1|0|0|11592|11592|NA|NA|NA|11|3|14|743788|53127.7142857143|0
"181410115062"|0|1|0|0|0|0|0|1|0|0|0|0|1|0|0|NA|NA|NA|NA|NA|0|0|0|0|NA|0
"181479527001"|0|0|1|0|0|0|0|1|1|1|0|0|1|0|0|NA|NA|23940|23940|NA|93|33|20|1427396|71369.8|0
"181499540004"|0|1|0|0|0|0|0|1|1|0|0|1|1|0|0|NA|NA|NA|NA|NA|0|0|0|0|NA|0
"181519714004"|0|1|1|0|0|0|0|1|1|1|0|0|0|1|0|30500|30500|12015|12015|10350|197|0|190|13148514|69202.7052631579|0
"181570004002"|0|1|0|0|0|0|0|1|1|0|0|1|1|0|0|18460|18460|NA|NA|NA|0|0|0|0|NA|0
"181570017002"|0|1|0|0|0|0|0|1|1|0|0|1|1|0|0|NA|NA|NA|NA|NA|0|0|0|0|NA|0
"181570054002"|0|1|1|0|0|1|0|1|1|1|0|0|0|0|1|9208|28010|9208|28010|10030|8276|1674|3978|439204312|110408.323780794|0
"181570054003"|0|1|1|0|0|1|0|1|1|1|0|0|0|0|1|9208|28010|9208|28010|10030|8276|1674|3978|439204312|110408.323780794|0
"181570111002"|0|1|0|0|0|0|0|1|1|0|0|1|1|0|0|NA|NA|NA|NA|NA|0|0|0|0|NA|0
"181630003003"|0|1|1|0|0|0|0|1|1|1|0|0|0|1|0|31782|31782|21242|21242|11690|304|123|338|24448818|72333.7810650888|0
"181630030004"|0|1|0|0|0|0|0|1|1|0|0|1|1|0|0|NA|NA|NA|NA|NA|0|0|0|0|NA|0
"181630101004"|0|3|0|0|0|0|0|3|2|1|1|1|3|0|0|NA|NA|NA|NA|NA|9|0|12|173164|NA|0
"181630104032"|0|1|1|0|0|0|0|1|1|1|0|0|0|0|1|7104|17346|8497|16691|8896|675|237|712|47870108|67233.297752809|0
"181670003002"|0|1|1|0|0|0|0|1|1|1|0|0|1|0|0|28932|28932|11227|11227|10700|78|20|110|5581574|50741.5818181818|0
"181670009002"|0|1|1|0|0|0|0|1|1|1|0|0|1|0|0|28932|28932|11227|11227|10700|78|20|110|5581574|50741.5818181818|0
"181670101004"|0|1|1|0|0|0|0|1|1|1|0|0|0|1|0|43122|43122|43122|43122|13293|334|83|362|36448298|100685.906077348|0
"181670103003"|0|1|1|0|0|0|0|1|1|1|0|0|1|0|0|28932|28932|11227|11227|10700|78|20|110|5581574|50741.5818181818|0
"181670111004"|0|1|1|0|0|0|0|1|1|1|0|0|0|0|1|8546|18876|7128|13986|9696|1103|386|990|72523372|73255.9313131313|0
"181670111005"|0|1|1|0|0|0|0|1|1|1|0|0|0|0|1|8546|18876|7128|13986|9696|1103|386|990|72523372|73255.9313131313|0
"181691022004"|0|1|1|0|0|0|0|1|1|1|0|0|0|1|0|29650|29650|29675|29675|9862|206|73|206|14793192|71811.6116504854|0
"181730303001"|0|1|0|0|0|0|0|1|1|0|0|0|1|0|0|NA|NA|NA|NA|NA|0|0|0|0|NA|0
"181730307021"|0|1|0|0|0|0|0|1|1|0|0|0|1|0|0|NA|NA|NA|NA|NA|0|0|0|0|NA|0
"181770004001"|0|1|1|0|0|0|0|1|1|1|0|0|0|1|0|6478|18088|6648|15661|NA|181|90|200|12543984|62719.92|0
"181770008002"|0|1|2|0|0|0|0|2|2|2|0|0|1|1|0|NA|NA|33460|33460|NA|234|86|246|16823308|137365.40326087|0
"181770011001"|0|1|0|0|0|0|0|1|1|0|0|1|1|0|0|NA|NA|NA|NA|NA|0|0|0|0|NA|0
"181770101001"|0|1|1|0|0|0|0|1|1|1|0|0|0|1|0|6478|18088|6648|15661|NA|181|90|200|12543984|62719.92|0
"190130001002"|0|1|0|0|0|0|0|1|1|0|0|1|1|0|0|NA|NA|NA|NA|NA|0|0|0|0|NA|0
"190130017021"|0|1|1|0|0|0|0|1|1|1|0|0|1|0|0|16464|16464|15940|15940|NA|27|7|84|5787630|68900.3571428571|0
"190130023012"|0|1|0|0|0|0|0|1|1|0|0|1|1|0|0|NA|NA|NA|NA|NA|0|0|0|0|NA|0
"190130023031"|0|1|1|0|0|0|0|1|1|1|0|0|0|0|1|7098|17640|8592|19066|8629|1193|313|1132|79110912|69885.964664311|0
"190130023032"|0|1|1|0|0|0|0|1|1|1|0|0|0|0|1|7098|17640|8592|19066|8629|1193|313|1132|79110912|69885.964664311|0
"190130026011"|0|1|1|0|0|0|0|1|1|1|0|0|1|0|0|15327|15327|9216|9216|NA|13|3|8|584746|73093.25|0
"190130030011"|0|1|0|0|0|0|0|1|1|1|1|0|0|1|0|4572|5282|NA|NA|NA|226|53|232|13639108|58789.2586206897|0
"190130030012"|0|1|0|0|0|0|0|1|1|1|1|0|0|1|0|4572|5282|NA|NA|NA|226|53|232|13639108|58789.2586206897|0
"190170040001"|0|1|0|0|0|0|0|1|1|1|0|0|0|1|0|37400|37400|NA|NA|9460|228|93|192|11651822|60686.5729166667|0
"190170040002"|0|1|0|0|0|0|0|1|1|1|0|0|0|1|0|37400|37400|NA|NA|9460|228|93|192|11651822|60686.5729166667|0
"190219605001"|0|1|1|0|0|0|0|1|1|1|0|0|0|1|0|32210|32210|9126|9126|9304|228|64|160|10254430|64090.1875|0
"190219605003"|0|1|0|0|0|0|0|1|1|0|0|1|1|0|0|NA|NA|NA|NA|NA|0|0|0|0|NA|0
"190219605004"|0|1|1|0|0|0|0|1|1|1|0|0|0|1|0|32210|32210|9126|9126|9304|228|64|160|10254430|64090.1875|0
"190339502002"|0|1|1|0|0|0|0|1|1|1|0|0|1|0|0|15327|15327|9216|9216|NA|11|3|0|0|NA|0
"190339502003"|0|1|1|0|0|0|0|1|1|1|0|0|1|0|0|15327|15327|9216|9216|NA|11|3|0|0|NA|0
"190339504021"|0|1|0|0|0|0|0|1|1|0|0|1|1|0|0|NA|NA|NA|NA|NA|0|0|0|0|NA|0
"190339514002"|0|1|0|0|0|0|0|1|1|1|1|0|0|1|0|4223|6333|NA|NA|6718|149|68|144|9394514|65239.6805555556|0
"190490508112"|0|1|0|0|0|0|0|1|1|0|0|1|1|0|0|NA|NA|NA|NA|NA|0|0|0|0|NA|0
"190539602003"|0|1|1|0|0|0|0|1|1|1|0|0|0|1|0|26440|26440|9079|9079|8280|203|76|156|8365402|53624.3717948718|0
"190570003005"|0|1|0|0|0|0|0|1|1|1|1|0|0|1|0|5100|5250|NA|NA|7400|149|58|144|9684812|67255.6388888889|0
"190570008001"|0|1|0|0|0|0|0|1|1|1|1|0|0|1|0|5100|5250|NA|NA|7400|149|58|144|9684812|67255.6388888889|0
"190594505001"|0|1|0|0|0|0|0|1|1|0|0|1|1|0|0|NA|NA|NA|NA|NA|0|0|0|0|NA|0
"190610001002"|0|1|0|0|0|0|0|1|1|0|0|1|1|0|0|NA|NA|NA|NA|NA|0|0|0|0|NA|0
"190610001003"|0|1|1|0|0|0|0|1|1|1|0|0|0|1|0|30065|30065|9540|9540|7700|213|78|198|11080586|55962.5555555556|0
"190610006003"|0|1|1|0|0|0|0|1|1|1|0|0|0|1|0|29900|29900|9630|9630|9200|146|55|188|10602768|56397.7021276596|0
"190610007011"|0|1|1|0|0|0|0|1|1|1|0|0|0|1|0|30065|30065|9540|9540|7700|213|78|198|11080586|55962.5555555556|0
"190610008012"|0|0|1|0|0|0|0|1|1|1|0|0|1|0|0|NA|NA|16400|16400|NA|26|9|20|1445092|72254.6|0
"190610009001"|0|1|0|0|0|0|0|1|1|1|0|0|1|0|0|15730|15730|NA|NA|7100|40|13|46|1800468|39140.6086956522|0
"190610009003"|0|1|1|0|0|0|0|1|1|1|0|0|0|1|0|27400|27400|11700|11700|9060|297|109|180|11994428|66635.7111111111|0
"190610012011"|0|1|0|0|0|0|0|1|1|1|0|0|1|0|0|15730|15730|NA|NA|7100|40|13|46|1800468|39140.6086956522|0
"190610102023"|0|1|0|0|0|0|0|1|1|1|0|0|1|0|0|12500|12500|NA|NA|3500|32|12|36|1814580|50405|0
"190630704001"|0|1|0|0|0|0|0|1|1|1|1|0|0|1|0|5344|5696|NA|NA|6000|134|41|154|9005190|58475.2597402597|0
"190650802001"|0|1|1|0|0|0|0|1|1|1|0|0|0|1|0|28140|28140|17964|17964|8120|265|146|152|9120650|60004.2763157895|0
"190834803002"|0|1|0|0|0|0|0|1|1|1|1|0|1|0|0|3912|4800|NA|NA|6450|39|4|50|3147006|62940.12|0
"190834803004"|0|1|0|0|0|0|0|1|1|1|1|0|1|0|0|3912|4800|NA|NA|6450|39|4|50|3147006|62940.12|0
"190879703001"|0|1|1|0|0|0|0|1|1|1|0|0|1|0|0|22516|28146|350|350|10054|67|29|62|3305320|53311.6129032258|0
"190879704003"|0|1|0|0|0|0|0|1|1|0|0|1|1|0|0|NA|NA|NA|NA|NA|0|0|0|0|NA|0
"190899601001"|0|1|0|0|0|0|0|1|1|0|0|1|1|0|0|NA|NA|NA|NA|NA|0|0|0|0|NA|0
"190899601003"|0|1|0|0|0|0|0|1|1|0|0|1|1|0|0|NA|NA|NA|NA|NA|0|0|0|0|NA|0
"190899601004"|0|1|0|0|0|0|0|1|1|0|0|1|1|0|0|NA|NA|NA|NA|NA|0|0|0|0|NA|0
"191010901003"|0|1|1|0|0|0|0|1|1|1|0|0|0|1|0|27000|27000|27000|27000|7400|246|27|176|4368966|24823.6704545455|0
"191010904002"|0|1|1|0|0|0|0|1|1|1|0|0|0|1|0|27000|27000|27000|27000|7400|246|27|176|4368966|24823.6704545455|0
"191030017001"|0|1|0|0|0|0|0|1|1|0|0|1|1|0|0|NA|NA|NA|NA|NA|0|0|0|0|NA|0
"191030021001"|0|1|1|0|1|1|0|1|1|1|0|0|0|0|1|7128|27366|8856|26460|10108|5017|791|2708|276895948|102251.088626292|0
"191050703002"|0|1|0|0|0|0|0|1|1|0|0|1|1|0|0|NA|NA|NA|NA|NA|0|0|0|0|NA|0
"191050703003"|0|1|0|0|0|0|0|1|1|0|0|1|1|0|0|NA|NA|NA|NA|NA|0|0|0|0|NA|0
"191050704004"|0|1|0|0|0|0|0|1|1|0|0|1|1|0|0|NA|NA|NA|NA|NA|0|0|0|0|NA|0
"191130013002"|0|1|1|0|0|0|0|1|1|1|0|0|0|1|0|29496|29496|6996|6996|8900|139|49|176|10006132|56853.0227272727|0
"191130019001"|0|2|0|0|0|0|0|2|2|1|0|1|1|1|0|44170|44170|NA|NA|NA|185|82|200|13174128|NA|0
"191130024003"|0|1|0|0|0|0|0|1|1|0|0|1|1|0|0|NA|NA|NA|NA|NA|0|0|0|0|NA|0
"191130030011"|0|1|1|0|0|0|0|1|1|1|0|0|1|0|0|15327|15327|9216|9216|NA|29|9|8|544458|68057.25|0
"191130030012"|0|1|1|0|0|0|0|1|1|1|0|0|1|0|0|15327|15327|9216|9216|NA|29|9|8|544458|68057.25|0
"191130030021"|0|1|0|0|0|0|0|1|1|1|1|0|0|0|1|4620|5520|NA|NA|NA|567|168|560|38570644|68876.15|0
"191130030022"|0|1|0|0|0|0|0|1|1|1|1|0|0|0|1|4620|5520|NA|NA|NA|567|168|560|38570644|68876.15|0
"191130104001"|0|1|0|0|0|0|0|1|1|0|0|1|1|0|0|NA|NA|NA|NA|NA|0|0|0|0|NA|0
"191130108001"|0|1|0|0|0|0|0|1|1|1|0|0|1|0|0|39675|39675|NA|NA|8900|146|55|184|11817160|64223.6956521739|0
"191130108002"|0|1|0|0|0|0|0|1|1|1|0|0|1|0|0|39675|39675|NA|NA|8900|146|55|184|11817160|64223.6956521739|0
"191239506003"|0|1|1|0|0|0|0|1|1|1|0|0|0|1|0|23780|23780|10080|10080|6666|114|39|84|4326908|51510.8095238095|0
"191250303001"|0|1|0|0|0|0|0|1|1|1|0|0|0|1|0|34612|34612|NA|NA|9980|243|80|194|12517502|64523.206185567|0
"191250303002"|0|1|0|0|0|0|0|1|1|1|0|0|0|1|0|34612|34612|NA|NA|9980|243|80|194|12517502|64523.206185567|0
"191279508003"|0|1|0|0|0|0|0|1|1|1|1|0|0|1|0|3912|4200|NA|NA|7158|108|35|82|5345444|65188.3414634146|0
"191279508005"|0|2|0|0|0|0|0|2|2|1|1|1|1|1|0|NA|NA|NA|NA|NA|108|35|82|5345444|NA|0
"191279510002"|0|1|0|0|0|0|0|1|1|1|1|0|0|1|0|3912|4200|NA|NA|7158|108|35|82|5345444|65188.3414634146|0
"191279510003"|0|1|0|0|0|0|0|1|1|1|1|0|0|1|0|3912|4200|NA|NA|7158|108|35|82|5345444|65188.3414634146|0
"191499706001"|0|1|1|0|0|0|0|1|1|1|0|0|0|1|0|27684|27684|3996|3996|8674|98|38|130|7791458|59934.2923076923|0
"191530005002"|0|1|1|0|0|0|0|1|1|1|0|0|0|1|0|24794|24794|10548|10548|8172|152|58|176|10219834|58067.2386363636|0
"191530008034"|0|1|0|0|0|0|0|1|1|0|0|1|1|0|0|NA|NA|NA|NA|NA|0|0|0|0|NA|0
"191530011004"|0|1|1|0|0|0|0|1|1|1|0|0|0|1|0|35060|35060|9930|9930|9850|671|303|602|53797396|89364.4451827243|0
"191530032002"|0|0|1|0|0|1|0|1|1|1|0|0|0|1|0|NA|NA|15115|15115|NA|228|70|14|1400798|100057|0
"191530040011"|0|1|0|0|0|0|0|1|0|0|0|0|1|0|0|NA|NA|NA|NA|NA|0|0|0|0|NA|0
"191530040012"|0|1|0|0|0|0|0|1|0|0|0|0|1|0|0|NA|NA|NA|NA|NA|0|0|0|0|NA|0
"191530047011"|0|1|0|0|0|0|0|1|1|1|1|0|1|0|0|11470|11470|NA|NA|NA|10|1|6|318526|53087.6666666667|0
"191530051001"|0|1|0|0|0|0|0|1|1|0|0|1|1|0|0|NA|NA|NA|NA|NA|0|0|0|0|NA|0
"191530051002"|0|3|1|0|0|0|0|3|3|2|0|1|3|0|0|33060|33060|NA|NA|NA|49|9|84|5544242|NA|0
"191530051003"|0|1|1|0|0|0|0|1|1|1|0|0|1|0|0|12540|12540|13560|13560|NA|1|0|0|0|NA|0
"191530051004"|0|1|0|0|0|0|0|1|1|0|0|1|1|0|0|3600|3600|NA|NA|NA|0|0|0|0|NA|0
"191530102053"|0|1|0|0|0|0|0|1|1|1|1|0|0|0|1|4410|8820|NA|NA|7183|479|149|696|49068394|70500.566091954|0
"191530102073"|0|1|1|0|0|0|0|1|1|1|0|0|1|0|0|16274|16274|6300|6300|6800|42|12|40|1840608|46015.2|0
"191530104061"|0|1|1|0|0|0|0|1|1|1|0|0|1|0|0|15327|15327|9216|9216|NA|36|12|18|995084|55282.4444444444|0
"191530104083"|0|1|0|0|0|0|0|1|1|0|0|1|1|0|0|NA|NA|NA|NA|NA|0|0|0|0|NA|0
"191530112033"|0|1|0|0|0|0|0|1|1|0|0|0|1|0|0|NA|NA|NA|NA|NA|0|0|0|0|NA|0
"191530113003"|0|1|1|0|0|0|0|1|1|1|0|0|1|0|0|15327|15327|9216|9216|NA|36|12|18|995084|55282.4444444444|0
"191530113004"|0|1|1|0|0|0|0|1|1|1|0|0|1|0|0|15327|15327|9216|9216|NA|36|12|18|995084|55282.4444444444|0
"191530117011"|0|1|0|0|0|0|0|1|1|0|0|1|1|0|0|NA|NA|NA|NA|NA|0|0|0|0|NA|0
"191550309001"|0|1|0|0|0|0|0|1|1|0|0|1|1|0|0|NA|NA|NA|NA|NA|0|0|0|0|NA|0
"191550317002"|0|1|0|0|0|0|0|1|1|1|1|0|0|1|0|5024|5184|NA|NA|8400|293|140|254|13054566|51395.9291338583|0
"191573703003"|0|1|0|0|0|0|0|1|1|1|0|0|0|1|0|48322|48322|NA|NA|11980|469|152|400|38196556|95491.39|0
"191630106002"|0|2|1|0|0|0|0|2|2|2|1|0|0|2|0|13582|15726|NA|NA|16266|553|185|518|34745786|132994.297824008|0
"191630107002"|0|1|0|0|0|0|0|1|1|1|1|0|0|1|0|4768|6912|NA|NA|6702|250|68|246|13517350|54948.5772357724|0
"191630109001"|0|1|0|0|0|0|0|1|1|1|1|0|0|1|0|4768|6912|NA|NA|6702|250|68|246|13517350|54948.5772357724|0
"191630113001"|0|1|1|0|0|0|0|1|1|1|0|0|0|1|0|28870|28870|16020|16020|9869|257|144|424|29818592|70326.8679245283|0
"191630113002"|0|1|1|0|0|0|0|1|1|1|0|0|0|1|0|28870|28870|16020|16020|9869|257|144|424|29818592|70326.8679245283|0
"191630128021"|0|1|0|0|0|0|0|1|1|1|0|0|1|0|0|14250|14250|NA|NA|NA|8|2|14|675052|48218|0
"191630128022"|0|1|0|0|0|0|0|1|1|0|0|1|1|0|0|NA|NA|NA|NA|NA|0|0|0|0|NA|0
"191630129012"|0|1|0|0|0|0|0|1|1|0|0|1|1|0|0|NA|NA|NA|NA|NA|0|0|0|0|NA|0
"191630130002"|0|1|1|0|0|0|0|1|1|1|0|0|0|0|1|13356|13356|9432|9432|NA|652|48|746|41673630|55862.7747989276|0
"191630135001"|0|1|0|0|0|0|0|1|1|1|1|0|1|0|0|11592|11592|NA|NA|NA|11|2|4|220142|55035.5|0
"191670701001"|0|1|0|0|0|0|0|1|1|1|1|0|0|1|0|4710|5010|NA|NA|5832|72|16|72|3828384|53172|0
"191670706001"|0|1|1|0|0|0|0|1|1|1|0|0|0|1|0|29300|29300|4880|4880|8900|117|34|164|9369348|57130.1707317073|0
"191670707002"|0|1|1|0|0|0|0|1|1|1|0|0|0|1|0|28630|28630|5310|5310|8730|117|51|160|10112236|63201.475|0
"191690008002"|0|1|1|0|0|1|0|1|1|1|0|0|0|0|1|7098|20462|8474|21786|8356|5057|656|3120|320466214|102713.530128205|0
"191690013021"|0|1|0|0|0|0|0|1|1|0|0|1|1|0|0|NA|NA|NA|NA|NA|0|0|0|0|NA|0
"191751904001"|0|1|0|0|0|0|0|1|1|1|1|0|0|1|0|5100|5310|NA|NA|6960|102|44|80|4073204|50915.05|0
"191799603002"|0|1|0|0|0|0|0|1|1|1|1|0|0|1|0|3960|5760|NA|NA|5460|251|94|274|18093634|66035.1605839416|0
"191810207003"|0|1|1|0|0|0|0|1|1|1|0|0|0|1|0|35209|35209|7042|7042|7963|157|92|184|11210766|60928.0760869565|0
"191839601004"|0|1|1|0|0|0|0|1|1|1|0|0|1|0|0|4500|4500|3000|3000|NA|7|2|2|150668|75334|0
"191870009001"|0|1|0|0|0|0|0|1|1|1|1|0|0|1|0|5160|7395|NA|NA|6600|245|97|196|12553530|64048.6224489796|0
"191896803005"|0|1|1|0|0|0|0|1|1|1|0|0|0|1|0|20160|20160|4320|4320|7246|144|50|98|4619660|47139.387755102|0
"191919502002"|0|1|0|0|0|0|0|1|1|1|0|0|0|1|0|39760|39760|NA|NA|8500|229|76|356|24112714|67732.3426966292|0
"191919502003"|0|1|0|0|0|0|0|1|1|1|0|0|0|1|0|39760|39760|NA|NA|8500|229|76|356|24112714|67732.3426966292|0
"191919505003"|0|1|0|0|0|0|0|1|1|1|1|0|0|1|0|4480|4620|NA|NA|NA|196|46|244|14188220|58148.4426229508|0
"191930005002"|0|1|1|0|0|0|0|1|1|1|0|0|0|1|0|27684|27684|3996|3996|8674|98|38|130|7791458|59934.2923076923|0
"191930010001"|0|1|0|0|0|0|0|1|1|1|0|0|1|0|0|18900|18900|NA|NA|NA|10|1|60|3781062|63017.7|0
"191930018001"|0|1|0|0|0|0|0|1|1|1|1|0|0|1|0|3432|3456|NA|NA|5355|181|28|146|8735246|59830.4520547945|0
"191930020001"|0|1|1|0|0|0|0|1|1|1|0|0|0|1|0|27620|27620|4320|4320|9190|164|76|174|10885196|62558.5977011494|0
"191930021025"|0|1|0|0|0|0|0|1|1|0|0|1|1|0|0|NA|NA|NA|NA|NA|0|0|0|0|NA|0
"191930033003"|0|1|0|0|0|0|0|1|1|1|1|0|0|1|0|3432|3456|NA|NA|5355|181|28|146|8735246|59830.4520547945|0
"200019527002"|0|1|0|0|0|0|0|1|1|1|1|0|0|1|0|1800|1800|NA|NA|4830|73|29|66|3211436|48658.1212121212|0
"200019528002"|0|1|0|0|0|0|0|1|1|1|1|0|0|1|0|1800|1800|NA|NA|4830|73|29|66|3211436|48658.1212121212|0
"200050817001"|0|1|1|0|0|0|0|1|1|1|0|0|0|1|0|26730|26730|24000|24000|9560|188|63|220|13304872|60476.6909090909|0
"200099718001"|0|1|0|0|0|0|0|1|1|1|1|0|0|1|0|2304|3296|NA|NA|8003|227|100|132|7052204|53425.7878787879|0
"200099718002"|0|1|0|0|0|0|0|1|1|1|1|0|0|1|0|2304|3296|NA|NA|8003|227|100|132|7052204|53425.7878787879|0
"200119557001"|0|1|0|0|0|0|0|1|1|1|1|0|0|1|0|1500|3180|NA|NA|5705|94|27|74|2854094|38568.8378378378|0
"200119558001"|0|1|0|0|0|0|0|1|1|1|1|0|0|1|0|1500|3180|NA|NA|5705|94|27|74|2854094|38568.8378378378|0
"200150202012"|0|1|0|0|0|0|0|1|1|1|1|0|0|1|0|2340|4140|NA|NA|5800|262|84|302|15844352|52464.7417218543|0
"200150202013"|0|1|0|0|0|0|0|1|1|1|1|0|0|1|0|2340|4140|NA|NA|5800|262|84|302|15844352|52464.7417218543|0
"200150203002"|0|1|0|0|0|0|0|1|1|1|1|0|0|1|0|2340|4140|NA|NA|5800|262|84|302|15844352|52464.7417218543|0
"200150204002"|0|1|0|0|0|0|0|1|1|1|1|0|0|1|0|2340|4140|NA|NA|5800|262|84|302|15844352|52464.7417218543|0
"200299773004"|0|1|0|0|0|0|0|1|1|1|1|0|0|1|0|2220|2370|NA|NA|5000|106|34|84|3398792|40461.8095238095|0
"200299774001"|0|1|0|0|0|0|0|1|1|1|1|0|0|1|0|2220|2370|NA|NA|5000|106|34|84|3398792|40461.8095238095|0
"200354935003"|0|1|1|0|0|0|0|1|1|1|0|0|0|1|0|27100|27100|10085|10085|7250|134|68|90|5131938|57021.5333333333|0
"200354940001"|0|1|0|0|0|0|0|1|1|1|1|0|0|1|0|2015|3472|NA|NA|4900|132|38|112|5536992|49437.4285714286|0
"200379576003"|0|1|1|0|0|0|0|1|1|1|0|0|0|1|0|5396|16148|6218|16302|7572|528|120|648|42816236|66074.4382716049|0
"200430201002"|0|1|0|0|0|0|0|1|1|1|1|0|0|1|0|2218|2218|NA|NA|6216|116|47|102|4864718|47693.3137254902|0
"200450002001"|0|1|0|0|0|0|0|1|1|1|1|0|1|0|0|NA|NA|NA|NA|NA|3|0|2|64000|32000|0
"200450002002"|0|1|0|0|0|0|0|1|1|1|1|0|1|0|0|NA|NA|NA|NA|NA|3|0|2|64000|32000|0
"200450003002"|0|1|1|0|0|1|0|1|1|1|0|0|0|0|1|9579|24962|9480|22176|9610|4721|1142|2622|246135792|93873.299771167|0
"200450003004"|0|1|1|0|0|1|0|1|1|1|0|0|0|0|1|9579|24962|9480|22176|9610|4721|1142|2622|246135792|93873.299771167|0
"200450004001"|0|1|1|0|0|1|0|1|1|1|0|0|0|0|1|9579|24962|9480|22176|9610|4721|1142|2622|246135792|93873.299771167|0
"200450005022"|0|1|1|0|0|1|0|1|1|1|0|0|0|0|1|9579|24962|9480|22176|9610|4721|1142|2622|246135792|93873.299771167|0
"200450009014"|0|1|0|0|0|0|0|1|1|1|1|0|1|0|0|NA|NA|NA|NA|NA|5|1|8|324000|40500|0
"200450010012"|0|1|0|0|0|0|1|1|1|1|0|0|1|0|0|NA|NA|NA|NA|950|120|20|74|5079990|68648.5135135135|0
"200450012034"|0|1|1|0|0|0|0|1|1|1|0|0|0|1|0|27600|27600|9990|9990|8230|170|69|140|7584130|54172.3571428571|0
"200510727014"|0|1|0|0|0|0|0|1|1|0|0|1|1|0|0|NA|NA|NA|NA|NA|0|0|0|0|NA|0
"200510729001"|0|1|1|0|0|0|0|1|1|1|0|0|0|0|1|3789|13331|3398|9676|7710|531|168|680|41468858|60983.6147058824|0
"200510729005"|0|1|1|0|0|0|0|1|1|1|0|0|0|0|1|3789|13331|3398|9676|7710|531|168|680|41468858|60983.6147058824|0
"200559605071"|0|1|0|0|0|0|0|1|1|1|1|0|0|1|0|1824|2432|NA|NA|5850|147|52|110|5870962|53372.3818181818|0
"200579619002"|0|1|0|0|0|0|0|1|1|1|1|0|0|1|0|1410|1650|NA|NA|6400|149|62|100|5146324|51463.24|0
"200599543001"|0|2|2|0|0|0|0|2|2|2|0|0|2|0|0|38074|38074|22320|22320|NA|120|32|50|3185918|NA|0
"200599544005"|0|2|2|0|0|0|0|2|2|2|0|0|2|0|0|38074|38074|22320|22320|NA|120|32|50|3185918|NA|0
"200790301002"|0|1|0|0|0|0|0|1|1|1|0|0|1|0|0|26680|26680|NA|NA|8990|79|28|76|3878596|51034.1578947368|0
"200790301003"|0|1|0|0|0|0|0|1|1|1|0|0|1|0|0|26680|26680|NA|NA|8990|79|28|76|3878596|51034.1578947368|0
"200790301004"|0|1|0|0|0|0|0|1|1|1|0|0|1|0|0|26680|26680|NA|NA|8990|79|28|76|3878596|51034.1578947368|0
"200790305003"|0|1|0|0|0|0|0|1|1|1|0|0|1|0|0|26680|26680|NA|NA|8990|79|28|76|3878596|51034.1578947368|0
"200790305004"|0|1|0|0|0|0|0|1|1|1|0|0|1|0|0|25382|25382|NA|NA|8368|61|19|70|3363998|48057.1142857143|0
"200910506003"|0|1|0|0|0|0|0|1|1|1|0|0|1|0|0|6600|6600|NA|NA|5500|16|1|4|80440|20110|0
"200910512003"|0|1|0|0|0|0|0|1|1|0|0|1|1|0|0|NA|NA|NA|NA|NA|0|0|0|0|NA|0
"200910518031"|0|1|0|0|0|0|0|1|1|0|0|1|1|0|0|NA|NA|NA|NA|NA|0|0|0|0|NA|0
"200910518044"|0|1|0|0|0|0|0|1|1|0|0|0|1|0|0|NA|NA|NA|NA|NA|0|0|0|0|NA|0
"200910519081"|0|1|0|0|0|0|0|1|1|1|0|0|1|0|0|12960|12960|NA|NA|NA|13|1|14|970478|69319.8571428571|0
"200910524052"|0|2|0|0|0|0|0|2|2|1|1|1|2|0|0|NA|NA|NA|NA|NA|12|0|6|350472|NA|0
"200910524172"|0|3|1|0|0|0|0|3|3|2|1|1|2|1|0|NA|NA|NA|NA|NA|297|20|86|4399060|NA|0
"200910526038"|0|1|1|0|0|0|0|1|1|1|0|0|1|0|0|8640|8640|6480|6480|NA|0|0|0|0|NA|0
"200910529051"|0|1|0|0|0|0|0|1|0|0|0|0|1|0|0|NA|NA|NA|NA|NA|0|0|0|0|NA|0
"200910529073"|0|1|0|0|0|0|0|1|0|0|0|0|1|0|0|NA|NA|NA|NA|NA|0|0|0|0|NA|0
"200910530042"|0|1|0|0|0|0|0|1|1|1|1|0|0|0|1|2820|6120|NA|NA|NA|587|187|622|43299466|69613.2893890675|0
"200910531021"|0|1|1|0|0|0|0|1|1|1|0|0|1|0|0|14400|14400|11500|11500|NA|59|19|62|4105134|66211.8387096774|0
"200910531022"|0|1|0|0|0|0|0|1|1|0|0|0|1|0|0|NA|NA|NA|NA|NA|0|0|0|0|NA|0
"200910532011"|0|1|1|0|0|0|0|1|1|1|0|0|1|0|0|11880|11880|11160|11160|NA|29|4|4|248000|62000|0
"200910533011"|0|1|1|0|0|0|0|1|1|1|0|0|1|0|0|11880|11880|11160|11160|NA|29|4|4|248000|62000|0
"200910534091"|0|0|1|0|0|0|0|1|1|1|0|0|1|0|0|NA|NA|11227|11227|NA|21|3|18|1331756|73986.4444444444|0
"200910534131"|0|1|0|0|0|0|0|1|1|0|0|1|1|0|0|NA|NA|NA|NA|NA|0|0|0|0|NA|0
"200910534141"|0|0|1|0|0|0|0|1|1|1|0|0|1|0|0|NA|NA|11227|11227|NA|21|3|18|1331756|73986.4444444444|0
"200910535022"|0|1|1|0|0|0|0|1|1|1|0|0|0|1|0|27650|27650|12000|12000|7900|169|55|158|10088084|63848.6329113924|0
"200910535023"|0|1|1|0|0|0|0|1|1|1|0|0|0|1|0|27650|27650|12000|12000|7900|169|55|158|10088084|63848.6329113924|0
"200919800011"|0|1|1|0|0|0|0|1|1|1|0|0|0|1|0|6360|6360|3900|3900|NA|285|20|80|4048588|50607.35|0
"200919800021"|0|1|0|0|0|0|0|1|1|1|0|0|1|0|0|15444|15444|NA|NA|NA|7|0|4|201770|50442.5|0
"200979691004"|0|1|1|0|0|0|0|1|1|1|0|0|1|0|0|12500|12500|7110|7110|8400|27|5|28|1130016|40357.7142857143|0
"200999501001"|0|1|0|0|0|0|0|1|1|1|1|0|0|1|0|1470|1470|NA|NA|NA|81|29|62|3015668|48639.8064516129|0
"200999501003"|0|1|0|0|0|0|0|1|1|1|1|0|0|1|0|1470|1470|NA|NA|NA|81|29|62|3015668|48639.8064516129|0
"201030705004"|0|1|1|0|0|0|0|1|1|1|0|0|0|1|0|25900|25900|10764|10764|7940|116|40|124|8210000|66209.6774193548|0
"201110001004"|0|1|1|0|0|0|0|1|1|1|0|0|0|1|0|4893|18106|5922|18414|8392|456|118|504|31291944|62087.1904761905|0
"201110002004"|0|1|0|0|0|0|0|1|1|1|1|0|0|1|0|4352|4352|NA|NA|NA|33|12|70|3379496|48278.5142857143|0
"201137882001"|0|1|0|0|0|0|0|1|1|1|0|0|1|0|0|26010|26010|NA|NA|9600|99|66|92|3513714|38192.5434782609|0
"201137882002"|0|1|0|0|0|0|0|1|1|1|0|0|1|0|0|26010|26010|NA|NA|9600|99|66|92|3513714|38192.5434782609|0
"201137886003"|0|1|1|0|0|0|0|1|1|1|0|0|1|0|0|25788|25788|3150|3150|8411|91|37|88|4694094|53341.9772727273|0
"201137886004"|0|1|0|0|0|0|0|1|1|1|0|0|0|1|0|16000|16000|NA|NA|7950|63|24|44|1473422|33486.8636363636|0
"201137886005"|0|1|0|0|0|0|0|1|1|1|0|0|0|1|0|16000|16000|NA|NA|7950|63|24|44|1473422|33486.8636363636|0
"201137886007"|0|1|1|0|0|0|0|1|1|1|0|0|1|0|0|25788|25788|3150|3150|8411|91|37|88|4694094|53341.9772727273|0
"201231766004"|0|1|0|0|0|0|0|1|1|1|1|0|1|0|0|3996|3996|NA|NA|6285|35|5|116|4796790|41351.6379310345|0
"201259506001"|0|1|0|0|0|0|0|1|1|1|1|0|0|1|0|1904|3184|NA|NA|5014|79|27|68|3370092|49560.1764705882|0
"201259506004"|0|1|0|0|0|0|0|1|1|1|1|0|0|1|0|1904|3184|NA|NA|5014|79|27|68|3370092|49560.1764705882|0
"201259510002"|0|1|0|0|0|0|0|1|1|1|1|0|0|1|0|1120|2688|NA|NA|5900|100|64|94|4607878|49019.9787234043|0
"201259510003"|0|1|0|0|0|0|0|1|1|1|1|0|0|1|0|1120|2688|NA|NA|5900|100|64|94|4607878|49019.9787234043|0
"201339518003"|0|1|0|0|0|0|0|1|1|1|1|0|0|1|0|2144|2144|NA|NA|6000|111|36|112|4719566|42138.9821428571|0
"201519687001"|0|1|0|0|0|0|0|1|1|1|1|0|0|1|0|1888|2176|NA|NA|5582|78|38|64|3224852|50388.3125|0
"201519688001"|0|1|0|0|0|0|0|1|1|1|1|0|0|1|0|1888|2176|NA|NA|5582|78|38|64|3224852|50388.3125|0
"201550002004"|0|1|0|0|0|0|0|1|1|1|1|0|0|1|0|2688|3680|NA|NA|5600|245|110|266|13678480|51422.8571428571|0
"201550006001"|0|1|0|0|0|0|0|1|1|0|0|1|1|0|0|NA|NA|NA|NA|NA|0|0|0|0|NA|0
"201599673003"|0|1|0|0|0|0|0|1|1|1|0|0|1|0|0|23400|23400|NA|NA|8280|86|39|94|4183986|44510.4893617021|0
"201610003043"|0|1|0|0|0|0|0|1|1|0|0|1|1|0|0|NA|NA|NA|NA|NA|0|0|0|0|NA|0
"201610005002"|0|1|1|0|0|1|0|1|1|1|0|0|0|0|1|9012|23913|9670|21828|9150|3696|564|2208|183481498|83098.5045289855|0
"201610006004"|0|1|0|0|0|0|0|1|1|1|1|0|1|0|0|4290|4290|NA|NA|NA|33|4|58|3084770|53185.6896551724|0
"201610008011"|0|1|0|0|0|0|0|1|1|1|0|0|1|0|0|14496|14496|NA|NA|7702|27|4|18|914252|50791.7777777778|0
"201610011003"|0|1|1|0|0|1|0|1|1|1|0|0|0|0|1|9012|23913|9670|21828|9150|3696|564|2208|183481498|83098.5045289855|0
"201690001002"|0|1|0|0|0|0|0|1|1|0|0|1|1|0|0|NA|NA|NA|NA|NA|0|0|0|0|NA|0
"201690001003"|0|1|0|0|0|0|0|1|1|0|0|1|1|0|0|NA|NA|NA|NA|NA|0|0|0|0|NA|0
"201690001004"|0|1|0|0|0|0|0|1|1|0|0|1|1|0|0|NA|NA|NA|NA|NA|0|0|0|0|NA|0
"201690001005"|0|1|0|0|0|0|0|1|1|0|0|1|1|0|0|NA|NA|NA|NA|NA|0|0|0|0|NA|0
"201690005003"|0|1|0|0|0|0|0|1|1|1|0|0|1|0|0|11592|11592|NA|NA|NA|13|3|10|593606|59360.6|0
"201690005004"|0|1|0|0|0|0|0|1|1|1|0|0|1|0|0|11592|11592|NA|NA|NA|13|3|10|593606|59360.6|0
"201690006001"|0|1|0|0|0|0|0|1|1|1|1|0|1|0|0|4531|4531|NA|NA|NA|22|2|56|2572000|45928.5714285714|0
"201690009004"|0|1|1|0|0|0|0|1|1|1|0|0|1|0|0|28000|28000|NA|NA|8600|86|30|70|3701148|52873.5428571429|0
"201730009001"|0|1|1|0|0|0|0|1|1|1|0|0|0|0|1|6385|15124|5173|12704|9853|1433|467|1046|74974178|71677.034416826|0
"201730024002"|0|1|0|0|0|0|0|1|1|0|0|1|1|0|0|NA|NA|NA|NA|NA|0|0|0|0|NA|0
"201730028004"|0|1|1|0|0|0|0|1|1|1|0|0|0|1|0|26550|26550|10068|10068|7590|144|67|122|7766274|63657.9836065574|0
"201730090001"|0|1|0|0|0|0|0|1|1|0|0|1|1|0|0|NA|NA|NA|NA|NA|0|0|0|0|NA|0
"201730090003"|0|1|1|0|0|0|0|1|1|1|0|0|0|1|0|26416|26416|9306|9306|7674|117|65|182|9655762|53053.6373626374|0
"201730091001"|0|1|0|0|0|0|0|1|1|1|1|0|1|0|0|NA|NA|NA|NA|NA|67|13|80|3807854|47598.175|0
"201730092002"|0|1|0|0|0|0|0|1|1|0|0|1|1|0|0|NA|NA|NA|NA|NA|0|0|0|0|NA|0
"201730093022"|0|1|0|0|0|0|0|1|1|0|0|1|1|0|0|NA|NA|NA|NA|NA|0|0|0|0|NA|0
"201730095131"|0|1|0|0|0|0|0|1|1|1|0|0|1|0|0|12960|12960|NA|NA|NA|9|1|4|267140|66785|0
"201730100031"|0|1|0|0|0|0|0|1|1|1|1|0|1|0|0|NA|NA|NA|NA|NA|0|0|0|0|NA|0
"201730101061"|0|1|0|0|0|0|0|1|1|1|1|0|0|1|0|5649|7061|NA|NA|NA|126|12|126|6221146|49374.1746031746|0
"201730101091"|0|1|0|0|0|0|0|1|1|1|0|0|1|0|0|12960|12960|NA|NA|NA|10|1|2|84840|42420|0
"201730101161"|0|1|0|0|0|0|0|1|1|1|1|0|0|1|0|5649|7061|NA|NA|NA|126|12|126|6221146|49374.1746031746|0
"201730108011"|0|2|0|0|0|0|0|2|2|0|0|1|2|0|0|NA|NA|NA|NA|NA|0|0|0|0|NA|0
"201730108021"|0|1|0|0|0|0|0|1|1|1|1|0|1|0|0|10603|10603|NA|NA|NA|12|1|8|420456|52557|0
"201759657001"|0|1|0|0|0|0|0|1|1|1|1|0|0|1|0|1888|2976|NA|NA|4800|128|52|116|5457560|47047.9310344828|0
"201770018002"|0|1|1|0|0|0|0|1|1|1|0|0|0|1|0|7644|17276|8250|16786|7527|456|165|550|38190176|69436.6836363636|0
"201770024001"|0|1|1|0|0|0|0|1|1|1|0|0|1|0|0|9360|9360|9480|9480|NA|12|1|12|877770|73147.5|0
"201770024002"|0|1|0|0|0|0|0|1|1|0|0|1|0|1|0|5472|5472|NA|NA|NA|0|0|0|0|NA|0
"201770026011"|0|1|0|0|0|0|0|1|1|1|1|0|1|0|0|13810|13810|NA|NA|NA|11|1|6|210666|35111|0
"201770026021"|0|1|0|0|0|0|0|1|0|0|0|0|1|0|0|NA|NA|NA|NA|NA|0|0|0|0|NA|0
"201814537001"|0|1|0|0|0|0|0|1|1|1|1|0|1|0|0|NA|NA|NA|NA|NA|37|16|66|3175126|48107.9696969697|0
"201814537002"|0|1|0|0|0|0|0|1|1|1|1|0|1|0|0|NA|NA|NA|NA|NA|37|16|66|3175126|48107.9696969697|0
"201814537006"|0|1|0|0|0|0|0|1|1|1|1|0|1|0|0|NA|NA|NA|NA|NA|37|16|66|3175126|48107.9696969697|0
"201939531001"|0|1|0|0|0|0|0|1|1|1|1|0|0|1|0|2100|3720|NA|NA|5940|71|26|90|3630642|40340.4666666667|0
"201939531005"|0|1|0|0|0|0|0|1|1|1|1|0|0|1|0|2100|3720|NA|NA|5940|71|26|90|3630642|40340.4666666667|0
"202090416003"|0|1|0|0|0|0|0|1|1|1|0|0|1|0|0|7875|7875|NA|NA|7520|38|9|30|1276812|42560.4|0
"202090416004"|0|1|0|0|0|0|0|1|1|1|0|0|1|0|0|7875|7875|NA|NA|7520|38|9|30|1276812|42560.4|0
"202090441042"|0|1|0|0|0|0|0|1|1|1|1|0|0|1|0|2580|7380|NA|NA|6978|293|120|314|22099660|70381.0828025478|0
"210019704022"|0|1|1|0|0|0|0|1|1|1|0|0|0|1|0|23520|23520|9503|9503|9120|270|108|238|14060694|59078.5462184874|0
"210099505001"|0|1|0|0|0|0|0|1|1|0|0|1|1|0|0|NA|NA|NA|NA|NA|0|0|0|0|NA|0
"210139602003"|0|1|0|0|0|0|0|1|1|1|0|0|1|0|0|6480|6480|NA|NA|4160|19|0|10|455270|45527|0
"210139606001"|0|1|0|0|0|0|0|1|1|0|0|1|1|0|0|NA|NA|NA|NA|NA|0|0|0|0|NA|0
"210139606002"|0|1|0|0|0|0|0|1|1|0|0|1|1|0|0|NA|NA|NA|NA|NA|0|0|0|0|NA|0
"210139611001"|0|1|0|0|0|0|0|1|1|1|0|0|1|0|0|6480|6480|NA|NA|4160|19|0|10|455270|45527|0
"210139611002"|0|1|0|0|0|0|0|1|1|1|0|0|1|0|0|6480|6480|NA|NA|4160|19|0|10|455270|45527|0
"210139611003"|0|1|0|0|0|0|0|1|1|1|0|0|1|0|0|6480|6480|NA|NA|4160|19|0|10|455270|45527|0
"210150701001"|0|1|0|0|0|0|0|1|1|0|0|1|1|0|0|NA|NA|NA|NA|NA|0|0|0|0|NA|0
"210150703011"|0|1|0|0|0|0|0|1|1|1|1|0|0|1|0|3744|13104|NA|NA|NA|113|49|168|8746528|52062.6666666667|0
"210150703111"|0|1|0|0|0|0|0|1|1|1|0|0|1|0|0|12780|12780|NA|NA|NA|43|0|68|5440000|80000|0
"210190307003"|0|1|0|0|0|0|0|1|1|1|1|0|0|1|0|3744|13104|NA|NA|NA|100|40|154|8186208|53157.1948051948|0
"210219303003"|0|1|0|0|0|0|0|1|1|1|0|0|0|1|0|39300|39300|NA|NA|9950|286|111|260|19262664|74087.1692307692|0
"210259201001"|0|1|0|0|0|0|0|1|1|1|0|0|1|0|0|6900|6900|NA|NA|4850|19|5|0|0|NA|0
"210259204001"|0|1|0|0|0|0|0|1|1|1|0|0|1|0|0|6900|6900|NA|NA|4850|19|5|0|0|NA|0
"210290207013"|0|0|0|0|0|0|0|1|0|0|0|0|0|0|0|NA|NA|NA|NA|NA|0|0|0|0|NA|0
"210290207021"|0|0|0|0|0|0|0|1|0|0|0|0|0|0|0|NA|NA|NA|NA|NA|0|0|0|0|NA|0
"210350103013"|0|1|1|0|0|0|0|1|1|1|0|0|0|0|1|7296|21576|10968|32952|8588|864|278|892|59090982|66245.4955156951|0
"210350103023"|0|1|1|0|0|0|0|1|1|1|0|0|0|0|1|7296|21576|10968|32952|8588|864|278|892|59090982|66245.4955156951|0
"210370521001"|0|1|0|0|0|0|0|1|1|1|0|0|1|0|0|15000|15000|NA|NA|NA|3|2|0|0|NA|0
"210370524001"|0|1|0|0|0|0|0|1|1|1|1|0|1|0|0|9240|9240|NA|NA|NA|2|0|4|130670|32667.5|0
"210370533021"|0|1|0|0|0|0|0|1|1|1|1|0|1|0|0|9240|9240|NA|NA|NA|2|0|4|130670|32667.5|0
"210370533023"|0|1|1|0|0|0|0|1|1|1|0|0|0|0|1|9000|18000|10008|15390|9526|911|326|1138|80069250|70359.6221441125|0
"210439605003"|0|1|1|0|0|0|0|1|1|1|0|0|1|0|0|18150|18150|4950|4950|8000|56|9|64|2921088|45642|0
"210472002002"|0|1|0|0|0|0|0|1|1|1|1|0|0|1|0|3744|13104|NA|NA|NA|81|27|116|5979516|51547.5517241379|0
"210472005003"|0|1|0|0|0|0|0|1|1|1|1|0|1|0|0|11592|11592|NA|NA|NA|9|1|4|240000|60000|0
"210590003002"|0|1|1|0|0|0|0|1|1|1|0|0|0|1|0|20500|20500|8000|8000|9050|92|28|94|4440120|47235.3191489362|0
"210590011001"|0|1|0|0|0|0|0|1|1|1|0|0|1|0|0|23350|23350|NA|NA|8480|79|38|84|3968084|47239.0952380952|0
"210590017012"|0|1|0|0|0|0|0|1|1|1|0|0|1|0|0|15000|15000|NA|NA|NA|3|1|6|322552|53758.6666666667|0
"210590017022"|0|1|0|0|0|0|0|1|1|1|1|0|0|1|0|3744|13104|NA|NA|NA|105|42|162|8373690|51689.4444444444|0
"210670002003"|0|1|0|0|0|0|0|1|1|1|0|0|1|0|0|34370|34370|NA|NA|9860|193|81|170|10955366|64443.3294117647|0
"210670008022"|0|1|1|0|1|1|0|1|1|1|0|0|0|0|1|10173|25023|10925|27069|12184|5968|2011|2776|273644254|98575.0194524496|0
"210670016002"|0|1|0|0|0|0|0|1|1|0|0|1|1|0|0|NA|NA|NA|NA|NA|0|0|0|0|NA|0
"210670024001"|0|1|0|0|0|0|0|1|1|1|1|0|0|1|0|3744|13104|NA|NA|NA|242|100|386|20281804|52543.5336787565|0
"210670028002"|0|1|0|0|0|0|0|1|1|0|0|1|1|0|0|NA|NA|NA|NA|NA|0|0|0|0|NA|0
"210670030002"|0|1|0|0|0|0|0|1|1|1|1|0|1|0|0|17940|17940|NA|NA|10686|20|3|24|1021214|42550.5833333333|0
"210670034041"|0|1|0|0|0|0|0|1|1|0|0|1|1|0|0|NA|NA|NA|NA|NA|0|0|0|0|NA|0
"210670038031"|0|1|0|0|0|0|0|1|0|0|0|0|1|0|0|NA|NA|NA|NA|NA|0|0|0|0|NA|0
"210670038033"|0|1|0|0|0|0|0|1|0|0|0|0|1|0|0|NA|NA|NA|NA|NA|0|0|0|0|NA|0
"210670038043"|0|1|0|0|0|0|0|1|0|0|0|0|1|0|0|NA|NA|NA|NA|NA|0|0|0|0|NA|0
"210670039082"|0|1|0|0|0|0|0|1|1|1|0|0|1|0|0|14832|14832|NA|NA|NA|39|15|38|1660652|43701.3684210526|0
"210670039092"|0|1|0|0|0|0|0|1|1|0|0|0|1|0|0|NA|NA|NA|NA|NA|0|0|0|0|NA|0
"210670042041"|0|0|1|0|0|0|0|1|1|1|0|0|1|0|0|NA|NA|9120|9120|NA|13|3|8|508904|63613|0
"210670042102"|0|1|0|0|0|0|0|1|1|0|0|1|1|0|0|NA|NA|NA|NA|NA|0|0|0|0|NA|0
"210719201001"|0|1|0|0|0|0|0|1|1|1|1|0|0|1|0|3744|13104|NA|NA|NA|132|51|184|9870448|53643.7391304348|0
"210719201004"|0|1|0|0|0|0|0|1|1|1|1|0|0|1|0|3744|13104|NA|NA|NA|132|51|184|9870448|53643.7391304348|0
"210730706003"|0|1|1|1|0|0|0|1|1|1|0|0|0|1|0|7406|18314|7524|11322|6690|329|116|214|13402768|62629.7570093458|0
"210730707011"|0|1|1|1|0|0|0|1|1|1|0|0|0|1|0|7406|18314|7524|11322|6690|329|116|214|13402768|62629.7570093458|0
"210730712003"|0|1|1|1|0|0|0|1|1|1|0|0|0|1|0|7406|18314|7524|11322|6690|329|116|214|13402768|62629.7570093458|0
"210890401001"|0|1|0|0|0|0|0|1|1|0|0|1|1|0|0|NA|NA|NA|NA|NA|0|0|0|0|NA|0
"210890401002"|0|1|0|0|0|0|0|1|1|0|0|1|1|0|0|NA|NA|NA|NA|NA|0|0|0|0|NA|0
"210930012001"|0|1|0|0|0|0|0|1|1|0|0|1|1|0|0|NA|NA|NA|NA|NA|0|0|0|0|NA|0
"210930013002"|0|1|0|0|0|0|0|1|1|1|1|0|0|1|0|3744|13104|NA|NA|NA|131|59|244|12596512|51625.0491803279|0
"210930014011"|0|1|0|0|0|0|0|1|1|0|0|1|1|0|0|NA|NA|NA|NA|NA|0|0|0|0|NA|0
"210930014012"|0|1|0|0|0|0|0|1|1|0|0|1|1|0|0|NA|NA|NA|NA|NA|0|0|0|0|NA|0
"210959702004"|0|1|0|0|0|0|0|1|1|1|1|0|0|1|0|3744|13104|NA|NA|NA|135|50|174|9735328|55950.1609195402|0
"211010201001"|0|1|0|0|0|0|0|1|1|0|0|1|1|0|0|NA|NA|NA|NA|NA|0|0|0|0|NA|0
"211010204002"|0|1|0|0|0|0|0|1|1|0|0|1|1|0|0|NA|NA|NA|NA|NA|0|0|0|0|NA|0
"211010209003"|0|1|0|0|0|0|0|1|1|1|1|0|0|1|0|3744|13104|NA|NA|NA|56|22|74|3971824|53673.2972972973|0
"211010209005"|0|1|0|0|0|0|0|1|1|1|1|0|0|1|0|3744|13104|NA|NA|NA|56|22|74|3971824|53673.2972972973|0
"211079703002"|0|1|0|0|0|0|0|1|1|1|1|0|0|1|0|3744|13104|NA|NA|NA|114|44|182|9909490|54447.7472527472|0
"211079703003"|0|1|0|0|0|0|0|1|1|1|1|0|1|0|0|15000|15000|NA|NA|NA|1|0|0|0|NA|0
"211079703004"|0|2|0|0|0|0|0|2|1|1|1|0|2|0|0|NA|NA|NA|NA|NA|1|0|0|0|NA|0
"211110049001"|0|1|0|0|0|0|0|1|1|1|0|0|0|1|0|NA|NA|NA|NA|NA|135|64|94|5904358|62812.3191489362|0
"211110049002"|0|1|0|0|0|0|0|1|1|1|1|0|0|0|1|3744|13104|NA|NA|NA|223|78|368|20763924|56423.7065217391|0
"211110050001"|0|1|1|0|0|0|0|1|1|1|0|0|0|1|0|24338|24338|13608|13608|7900|133|55|198|12825412|64774.8080808081|0
"211110050002"|0|1|1|0|0|0|0|1|1|1|0|0|0|1|0|24338|24338|13608|13608|7900|133|55|198|12825412|64774.8080808081|0
"211110051001"|0|1|0|1|0|0|0|1|1|1|0|0|1|0|0|4920|4920|NA|NA|NA|34|9|18|238000|13222.2222222222|0
"211110051002"|0|1|0|1|0|0|0|1|1|1|0|0|1|0|0|4920|4920|NA|NA|NA|34|9|18|238000|13222.2222222222|0
"211110053002"|0|1|1|0|1|1|0|1|1|1|0|0|0|0|1|11068|26090|12246|25486|8130|2614|697|2026|192211406|94872.362290227|0
"211110074001"|0|1|0|0|0|0|0|1|1|1|0|0|0|1|0|NA|NA|NA|NA|NA|135|64|94|5904358|62812.3191489362|0
"211110081003"|0|1|0|0|0|0|0|1|0|0|0|0|1|0|0|NA|NA|NA|NA|NA|0|0|0|0|NA|0
"211110082001"|0|1|0|0|0|0|0|1|0|0|0|0|1|0|0|NA|NA|NA|NA|NA|0|0|0|0|NA|0
"211110087003"|0|1|2|0|0|0|0|2|2|2|0|0|1|1|0|NA|NA|24840|24840|NA|251|83|138|10934714|160043.217032967|0
"211110087004"|0|1|2|0|0|0|0|2|2|2|0|0|1|1|0|NA|NA|24840|24840|NA|251|83|138|10934714|160043.217032967|0
"211110089004"|0|1|1|0|0|0|0|1|1|1|0|0|0|1|0|37850|37850|10950|10950|11820|310|95|350|27399436|78284.1028571429|0
"211110097001"|0|1|1|0|0|0|0|1|1|1|0|0|0|1|0|19200|19200|13080|13080|9810|303|179|274|17892328|65300.4671532847|0
"211110097002"|0|1|1|0|0|0|0|1|1|1|0|0|0|1|0|19200|19200|13080|13080|9810|303|179|274|17892328|65300.4671532847|0
"211110098001"|0|1|0|0|0|0|0|1|1|0|0|1|1|0|0|NA|NA|NA|NA|NA|0|0|0|0|NA|0
"211110098002"|0|1|0|0|0|0|0|1|1|0|0|1|1|0|0|NA|NA|NA|NA|NA|0|0|0|0|NA|0
"211110101022"|0|1|0|0|0|0|0|1|1|0|0|1|1|0|0|NA|NA|NA|NA|NA|0|0|0|0|NA|0
"211110103141"|0|1|0|0|0|0|0|1|1|1|0|0|1|0|0|15000|15000|NA|NA|NA|0|0|0|0|NA|0
"211110104021"|0|1|0|0|0|0|0|1|1|0|0|1|1|0|0|NA|NA|NA|NA|NA|0|0|0|0|NA|0
"211110104031"|0|1|0|0|0|0|0|1|1|1|0|0|1|0|0|15000|15000|NA|NA|NA|0|0|0|0|NA|0
"211110104033"|0|1|0|0|0|0|0|1|1|1|0|0|1|0|0|15000|15000|NA|NA|NA|0|0|0|0|NA|0
"211110107053"|0|3|1|0|0|0|0|3|3|2|1|1|3|0|0|NA|NA|NA|NA|NA|27|2|16|1063200|NA|0
"211110107062"|0|1|0|0|0|0|0|1|1|0|0|1|1|0|0|NA|NA|NA|NA|NA|0|0|0|0|NA|0
"211110107063"|0|1|0|0|0|0|0|1|1|0|0|1|1|0|0|NA|NA|NA|NA|NA|0|0|0|0|NA|0
"211110113013"|0|1|0|0|0|0|0|1|1|1|0|0|1|0|0|19356|19356|NA|NA|9810|40|15|52|2630598|50588.4230769231|0
"211110114052"|0|1|0|0|0|0|0|1|1|1|0|0|1|0|0|11592|11592|NA|NA|NA|11|1|4|274084|68521|0
"211110114053"|0|1|0|0|0|0|0|1|1|1|0|0|1|0|0|11592|11592|NA|NA|NA|11|1|4|274084|68521|0
"211110114054"|0|1|0|0|0|0|0|1|1|1|0|0|1|0|0|11592|11592|NA|NA|NA|11|1|4|274084|68521|0
"211110114055"|0|1|0|0|0|0|0|1|1|1|0|0|1|0|0|11592|11592|NA|NA|NA|11|1|4|274084|68521|0
"211110114063"|0|2|0|0|0|0|0|2|2|2|0|0|2|0|0|30000|30000|NA|NA|NA|0|0|0|0|NA|0
"211110115091"|0|1|0|0|0|0|0|1|1|0|0|1|1|0|0|NA|NA|NA|NA|NA|0|0|0|0|NA|0
"211110115093"|0|1|0|0|0|0|0|1|1|0|0|1|1|0|0|NA|NA|NA|NA|NA|0|0|0|0|NA|0
"211110117123"|0|1|0|0|0|0|0|1|1|0|0|1|1|0|0|NA|NA|NA|NA|NA|0|0|0|0|NA|0
"211110119071"|0|1|0|0|0|0|0|1|1|0|0|1|1|0|0|NA|NA|NA|NA|NA|0|0|0|0|NA|0
"211110122031"|0|1|0|0|0|0|0|1|1|0|0|1|1|0|0|NA|NA|NA|NA|NA|0|0|0|0|NA|0
"211110125011"|0|1|0|0|0|0|0|1|1|1|0|0|1|0|0|19800|19800|NA|NA|9555|36|12|84|4012270|47765.119047619|0
"211110125012"|0|1|0|0|0|0|0|1|1|0|0|0|1|0|0|NA|NA|NA|NA|NA|0|0|0|0|NA|0
"211110125022"|0|1|0|0|0|0|0|1|1|0|0|1|1|0|0|NA|NA|NA|NA|NA|0|0|0|0|NA|0
"211110126045"|0|1|0|0|0|0|0|1|1|0|0|0|1|0|0|NA|NA|NA|NA|NA|0|0|0|0|NA|0
"211130604002"|0|1|2|0|0|0|0|2|2|2|0|0|0|2|0|NA|NA|24618|24618|NA|373|141|288|18572998|134048.132975295|0
"211130605034"|0|1|0|0|0|0|0|1|1|0|0|1|1|0|0|NA|NA|NA|NA|NA|0|0|0|0|NA|0
"211170636053"|0|1|0|0|0|0|0|1|1|1|1|0|0|1|0|3744|13104|NA|NA|NA|113|49|168|8746528|52062.6666666667|0
"211170641001"|0|1|0|0|0|0|0|1|1|0|0|1|1|0|0|NA|NA|NA|NA|NA|0|0|0|0|NA|0
"211170641003"|0|1|0|0|0|0|0|1|1|0|0|1|1|0|0|NA|NA|NA|NA|NA|0|0|0|0|NA|0
"211170642001"|0|1|0|0|0|0|0|1|1|0|0|1|1|0|0|NA|NA|NA|NA|NA|0|0|0|0|NA|0
"211170643001"|0|2|0|0|0|0|0|2|2|0|0|2|2|0|0|NA|NA|NA|NA|NA|0|0|0|0|NA|0
"211170644001"|0|1|0|0|0|0|0|1|1|0|0|1|1|0|0|NA|NA|NA|NA|NA|0|0|0|0|NA|0
"211170645001"|0|1|1|0|0|0|0|1|1|1|0|0|0|1|0|28050|28050|10105|10105|7304|90|41|166|9431634|56817.0722891566|0
"211170646001"|0|1|0|0|0|0|0|1|1|1|0|0|1|0|0|11592|11592|NA|NA|NA|0|0|0|0|NA|0
"211170646002"|0|1|0|0|0|0|0|1|1|1|0|0|1|0|0|11592|11592|NA|NA|NA|0|0|0|0|NA|0
"211170646003"|0|1|1|0|0|0|0|1|1|1|0|0|0|1|0|28050|28050|10105|10105|7304|90|41|166|9431634|56817.0722891566|0
"211170654001"|0|1|1|0|0|0|0|1|1|1|0|0|0|1|0|28050|28050|10105|10105|7304|90|41|166|9431634|56817.0722891566|0
"211199603004"|0|1|0|0|0|0|0|1|1|1|0|0|1|0|0|9600|9600|NA|NA|6240|76|37|58|2467964|42551.1034482759|0
"211219305002"|0|1|1|0|0|0|0|1|1|1|0|0|0|1|0|23640|23640|9600|9600|7250|94|53|92|4132746|44921.152173913|0
"211259707003"|0|1|0|0|0|0|0|1|1|0|0|1|1|0|0|NA|NA|NA|NA|NA|0|0|0|0|NA|0
"211319201001"|0|0|1|0|0|0|0|1|1|1|0|0|0|1|0|NA|NA|15524|15524|NA|84|6|146|11297820|77382.3287671233|0
"211319201002"|0|0|1|0|0|0|0|1|1|1|0|0|0|1|0|NA|NA|15524|15524|NA|84|6|146|11297820|77382.3287671233|0
"211319201003"|0|0|1|0|0|0|0|1|1|1|0|0|0|1|0|NA|NA|15524|15524|NA|84|6|146|11297820|77382.3287671233|0
"211319201006"|0|0|1|0|0|0|0|1|1|1|0|0|0|1|0|NA|NA|15524|15524|NA|84|6|146|11297820|77382.3287671233|0
"211339504011"|0|1|0|0|0|0|0|1|1|0|0|1|1|0|0|NA|NA|NA|NA|NA|0|0|0|0|NA|0
"211450313011"|0|1|0|0|0|0|0|1|1|1|1|0|0|1|0|3744|13104|NA|NA|NA|162|61|242|13175914|54445.9256198347|0
"211510101021"|0|1|0|0|0|0|0|1|1|0|0|1|1|0|0|NA|NA|NA|NA|NA|0|0|0|0|NA|0
"211510105001"|0|1|1|0|0|0|0|1|1|1|0|0|0|0|1|8568|17880|9450|15390|8666|1579|472|1348|88479882|65637.8946587537|0
"211510105002"|0|1|1|0|0|0|0|1|1|1|0|0|0|0|1|8568|17880|9450|15390|8666|1579|472|1348|88479882|65637.8946587537|0
"211510105003"|0|1|1|0|0|0|0|1|1|1|0|0|0|0|1|8568|17880|9450|15390|8666|1579|472|1348|88479882|65637.8946587537|0
"211510109031"|0|1|0|0|0|0|0|1|1|0|0|1|1|0|0|NA|NA|NA|NA|NA|0|0|0|0|NA|0
"211510113022"|0|1|0|0|0|0|0|1|1|1|0|0|0|1|0|24900|24900|NA|NA|6472|505|124|290|20232820|69768.3448275862|0
"211619603002"|0|1|0|0|0|0|0|1|1|1|1|0|0|1|0|3744|13104|NA|NA|NA|94|35|170|8785370|51678.6470588235|0
"211619604002"|0|1|0|0|0|0|0|1|1|1|1|0|0|1|0|3744|13104|NA|NA|NA|94|35|170|8785370|51678.6470588235|0
"211619604003"|0|1|0|0|0|0|0|1|1|1|1|0|0|1|0|3744|13104|NA|NA|NA|94|35|170|8785370|51678.6470588235|0
"211739203011"|0|1|0|0|0|0|0|1|1|0|0|1|1|0|0|NA|NA|NA|NA|NA|0|0|0|0|NA|0
"211850306021"|0|0|0|0|0|0|0|1|0|0|0|0|0|0|0|NA|NA|NA|NA|NA|0|0|0|0|NA|0
"211850306023"|0|0|0|0|0|0|0|1|0|0|0|0|0|0|0|NA|NA|NA|NA|NA|0|0|0|0|NA|0
"211939705003"|0|1|0|0|0|0|0|1|1|1|1|0|0|1|0|3744|13104|NA|NA|NA|132|53|178|10098092|56730.8539325843|0
"211939705004"|0|1|0|0|0|0|0|1|1|1|1|0|0|1|0|3744|13104|NA|NA|NA|132|53|178|10098092|56730.8539325843|0
"211959303002"|0|1|1|0|0|1|0|1|1|1|0|0|0|1|0|19600|19600|7400|7400|9100|161|63|132|7121666|53952.0151515152|0
"211959314001"|0|1|0|0|0|0|0|1|1|0|0|1|1|0|0|NA|NA|NA|NA|NA|0|0|0|0|NA|0
"211959314002"|0|1|0|0|0|0|0|1|1|0|0|1|1|0|0|NA|NA|NA|NA|NA|0|0|0|0|NA|0
"211959314003"|0|1|0|0|0|0|0|1|1|0|0|1|1|0|0|NA|NA|NA|NA|NA|0|0|0|0|NA|0
"211999306001"|0|1|0|0|0|0|0|1|1|1|1|0|0|1|0|3744|13104|NA|NA|NA|148|61|286|15194992|53129.3426573427|0
"212059502004"|0|1|1|0|0|0|0|1|1|1|0|0|0|0|1|8496|12744|10422|10422|8892|730|280|666|40323752|60546.1741741742|0
"212090402061"|0|1|1|0|0|0|0|1|1|1|0|0|0|1|0|35650|35650|4740|4740|9050|177|57|150|8524922|56832.8133333333|0
"212179204003"|0|1|1|0|0|0|0|1|1|1|0|0|0|1|0|24096|24096|11904|11904|7896|233|99|314|16134604|51384.0891719745|0
"212179204005"|0|1|1|0|0|0|0|1|1|1|0|0|0|1|0|24096|24096|11904|11904|7896|233|99|314|16134604|51384.0891719745|0
"212270104001"|0|1|1|0|0|0|0|1|1|1|0|0|0|0|1|9912|24792|11400|16320|7713|1362|695|1528|101265864|66273.4712041885|0
"212270104002"|0|1|1|0|0|0|0|1|1|1|0|0|0|0|1|9912|24792|11400|16320|7713|1362|695|1528|101265864|66273.4712041885|0
"212270106002"|0|1|0|0|0|0|0|1|1|1|1|0|1|0|0|NA|NA|NA|NA|NA|6|0|8|236538|29567.25|0
"212270107011"|0|2|0|0|0|0|0|2|2|0|0|2|2|0|0|NA|NA|NA|NA|NA|0|0|0|0|NA|0
"212270107012"|0|1|0|0|0|0|0|1|1|0|0|1|1|0|0|NA|NA|NA|NA|NA|0|0|0|0|NA|0
"212270110011"|0|1|0|0|0|0|0|1|1|1|1|0|0|1|0|3744|13104|NA|NA|NA|110|45|156|7336860|47031.1538461538|0
"212270110012"|0|1|0|0|0|0|0|1|1|0|0|1|1|0|0|NA|NA|NA|NA|NA|0|0|0|0|NA|0
"212270110021"|0|1|0|0|0|0|0|1|1|1|0|0|1|0|0|15000|15000|NA|NA|NA|23|12|8|363828|45478.5|0
"212299302002"|0|1|1|0|0|0|0|1|0|0|0|0|1|0|0|NA|NA|NA|NA|NA|0|0|0|0|NA|0
"212359206003"|0|1|1|0|0|0|0|1|1|1|0|0|0|1|0|22640|22640|5670|5670|9000|235|139|324|17238834|53206.2777777778|0
"212390501043"|0|1|0|0|0|0|0|1|1|0|0|0|0|0|0|NA|NA|NA|NA|NA|244|68|0|0|NA|0
"212390504001"|0|1|1|0|0|0|0|1|1|1|0|0|0|1|0|23100|23100|6552|6552|8400|64|18|54|3205342|59358.1851851852|0
"220019602002"|0|1|0|0|0|0|0|1|1|1|1|0|0|1|0|2868|2868|NA|NA|NA|72|31|144|6076486|42197.8194444444|0
"220050301022"|0|0|0|0|0|0|0|1|0|0|0|0|0|0|0|NA|NA|NA|NA|NA|0|0|0|0|NA|0
"220050306001"|0|1|0|0|0|0|0|1|1|1|1|0|0|1|0|3335|7379|NA|NA|NA|39|2|74|3273112|44231.2432432432|0
"220150106022"|0|2|0|0|0|0|0|2|2|1|1|1|2|0|0|NA|NA|NA|NA|NA|24|8|26|980402|NA|0
"220150108052"|0|2|0|0|0|0|0|2|2|1|1|1|2|0|0|NA|NA|NA|NA|NA|10|2|22|960000|NA|0
"220150111093"|0|1|0|0|0|0|0|1|1|1|1|0|0|1|0|3335|7845|NA|NA|NA|247|54|266|11689696|43946.2255639098|0
"220150113002"|0|1|0|0|0|0|0|1|1|0|0|1|1|0|0|NA|NA|NA|NA|NA|0|0|0|0|NA|0
"220170212002"|0|1|1|0|0|0|0|1|1|1|0|0|1|0|0|34935|34935|9525|9525|12980|101|48|114|7250898|63604.3684210526|0
"220170217002"|0|1|1|0|1|1|0|1|1|1|0|0|1|0|0|8992|19863|14127|25973|NA|227|40|70|4987372|71248.1714285714|0
"220170222001"|0|1|0|0|0|0|0|1|1|0|0|1|1|0|0|NA|NA|NA|NA|NA|0|0|0|0|NA|0
"220170223003"|0|1|0|0|0|0|0|1|1|0|0|1|1|0|0|NA|NA|NA|NA|NA|0|0|0|0|NA|0
"220170229004"|0|2|0|0|0|0|0|2|2|1|1|1|2|0|0|NA|NA|NA|NA|NA|10|2|22|960000|NA|0
"220170234003"|0|1|0|0|0|0|0|1|1|0|0|1|1|0|0|NA|NA|NA|NA|NA|0|0|0|0|NA|0
"220170239011"|0|1|1|0|0|0|0|1|1|1|0|0|0|1|0|5656|5656|6196|6196|NA|166|47|226|13387734|59237.7610619469|0
"220170239031"|0|1|0|0|0|0|0|1|1|0|0|1|1|0|0|NA|NA|NA|NA|NA|0|0|0|0|NA|0
"220170239032"|0|1|0|0|0|0|0|1|1|0|0|1|1|0|0|NA|NA|NA|NA|NA|0|0|0|0|NA|0
"220170239041"|0|1|0|0|0|0|0|1|0|0|0|0|1|0|0|NA|NA|NA|NA|NA|0|0|0|0|NA|0
"220170239042"|0|1|0|0|0|0|0|1|1|0|0|1|1|0|0|NA|NA|NA|NA|NA|0|0|0|0|NA|0
"220170241043"|0|1|0|0|0|0|0|1|1|0|0|1|1|0|0|NA|NA|NA|NA|NA|0|0|0|0|NA|0
"220170241044"|0|1|0|0|0|0|0|1|1|1|0|0|1|0|0|15882|15882|NA|NA|NA|17|6|44|1937146|44026.0454545455|0
"220170241062"|0|1|0|0|0|0|0|1|1|0|0|1|1|0|0|NA|NA|NA|NA|NA|0|0|0|0|NA|0
"220170241071"|0|1|0|0|0|0|0|1|1|0|0|1|1|0|0|NA|NA|NA|NA|NA|0|0|0|0|NA|0
"220170246011"|0|1|0|1|0|0|0|1|1|1|1|0|0|1|0|2618|2618|NA|NA|9788|155|30|148|6651298|44941.2027027027|0
"220170253002"|0|1|0|0|0|0|0|1|1|0|0|1|1|0|0|NA|NA|NA|NA|NA|0|0|0|0|NA|0
"220190001002"|0|1|0|0|0|0|0|1|1|1|1|0|1|0|0|9590|9590|NA|NA|NA|9|2|18|653232|36290.6666666667|0
"220190007002"|0|1|0|0|0|0|0|1|1|0|0|1|1|0|0|NA|NA|NA|NA|NA|0|0|0|0|NA|0
"220190009002"|0|1|0|0|0|0|0|1|1|0|0|1|1|0|0|NA|NA|NA|NA|NA|0|0|0|0|NA|0
"220190010001"|0|1|0|0|0|0|0|1|1|0|0|1|1|0|0|NA|NA|NA|NA|NA|0|0|0|0|NA|0
"220190010003"|0|1|0|0|0|0|0|1|1|0|0|1|1|0|0|NA|NA|NA|NA|NA|0|0|0|0|NA|0
"220190011003"|0|1|1|0|0|0|0|1|1|1|0|0|0|1|0|5147|16222|5703|16778|8014|380|170|504|30652860|60819.1666666667|0
"220199800001"|0|1|0|0|0|0|0|1|1|1|1|0|0|1|0|3335|6762|NA|NA|NA|75|11|174|8078722|46429.4367816092|0
"220330006023"|0|1|0|0|0|0|0|1|1|1|1|0|0|1|0|3237|7315|NA|NA|NA|0|0|0|0|NA|0
"220330007021"|0|1|0|0|0|0|0|1|1|0|0|1|1|0|0|NA|NA|NA|NA|NA|0|0|0|0|NA|0
"220330011021"|0|1|0|0|0|0|0|1|1|1|1|0|1|0|0|NA|NA|NA|NA|NA|15|4|24|1118000|46583.3333333333|0
"220330017002"|0|1|0|0|0|0|0|1|1|0|0|1|1|0|0|9100|9100|NA|NA|NA|0|0|0|0|NA|0
"220330017003"|0|1|0|0|0|0|0|1|1|0|0|1|1|0|0|9450|9450|NA|NA|NA|0|0|0|0|NA|0
"220330018002"|0|2|0|0|0|0|0|2|2|1|1|1|1|1|0|14037|18115|NA|NA|NA|216|19|360|18402414|NA|0
"220330019002"|0|2|0|0|0|0|0|2|2|1|1|1|1|1|0|14037|18115|NA|NA|NA|216|19|360|18402414|NA|0
"220330027002"|0|2|2|0|0|0|0|2|2|2|0|0|1|1|0|23051|23051|32471|32471|NA|91|39|140|10065422|NA|0
"220330028011"|0|1|1|0|0|1|0|1|1|1|0|0|0|0|1|8038|8038|9132|9132|11540|4904|1047|2614|231158774|88431.0535577659|0
"220330030001"|0|2|3|1|0|0|0|3|3|2|0|0|1|1|0|NA|NA|NA|NA|NA|933|358|706|39675932|NA|0
"220330030003"|0|2|3|1|0|0|0|3|3|2|0|0|1|1|0|NA|NA|NA|NA|NA|933|358|706|39675932|NA|0
"220330035071"|0|0|0|0|0|0|0|1|0|0|0|0|0|0|0|NA|NA|NA|NA|NA|0|0|0|0|NA|0
"220330036013"|0|2|0|0|0|0|0|2|2|1|1|1|2|0|0|NA|NA|NA|NA|NA|35|15|42|1623514|NA|0
"220330036032"|0|1|0|0|0|0|0|1|1|0|0|1|1|0|0|NA|NA|NA|NA|NA|0|0|0|0|NA|0
"220330038012"|0|1|1|0|0|0|0|1|1|1|0|0|0|1|0|10907|10907|14842|14842|NA|84|36|140|10065422|71895.8714285714|0
"220330038013"|0|1|1|0|0|0|0|1|1|1|0|0|0|1|0|10907|10907|14842|14842|NA|84|36|140|10065422|71895.8714285714|0
"220330038014"|0|1|1|0|0|0|0|1|1|1|0|0|0|1|0|10907|10907|14842|14842|NA|84|36|140|10065422|71895.8714285714|0
"220330038015"|0|1|1|0|0|0|0|1|1|1|0|0|0|1|0|10907|10907|14842|14842|NA|84|36|140|10065422|71895.8714285714|0
"220330038021"|0|2|0|0|0|0|0|2|2|2|2|0|2|0|0|NA|NA|NA|NA|NA|22|1|18|795840|81653.3333333333|0
"220330038024"|0|1|0|0|0|0|0|1|1|1|0|0|1|0|0|14500|14500|NA|NA|NA|16|0|22|1063618|48346.2727272727|0
"220330039061"|0|1|0|0|0|0|0|1|1|0|0|1|1|0|0|NA|NA|NA|NA|NA|0|0|0|0|NA|0
"220330039062"|0|3|0|0|0|0|0|3|2|1|1|1|3|0|0|NA|NA|NA|NA|NA|46|10|54|2302572|NA|0
"220330039091"|0|1|0|0|0|0|0|1|1|0|0|1|1|0|0|NA|NA|NA|NA|NA|0|0|0|0|NA|0
"220330039092"|0|1|0|0|0|0|0|1|1|0|0|1|1|0|0|NA|NA|NA|NA|NA|0|0|0|0|NA|0
"220330039101"|0|1|0|0|0|0|0|1|1|1|1|0|1|0|0|15866|15866|NA|NA|NA|4|1|8|282478|35309.75|0
"220330039102"|0|2|0|0|0|0|0|2|2|2|1|0|2|0|0|30366|30366|NA|NA|NA|20|1|30|1346096|83656.0227272727|0
"220330044035"|0|0|0|0|0|0|0|1|0|0|0|0|0|0|0|NA|NA|NA|NA|NA|0|0|0|0|NA|0
"220330045092"|0|3|0|0|0|0|0|3|2|1|1|1|3|0|0|NA|NA|NA|NA|NA|46|10|54|2302572|NA|0
"220330051001"|0|1|0|0|0|0|0|2|1|0|0|0|0|0|0|NA|NA|NA|NA|NA|14|4|0|0|NA|0
"220330051002"|0|0|0|0|0|0|0|1|0|0|0|0|0|0|0|NA|NA|NA|NA|NA|0|0|0|0|NA|0
"220510202011"|0|1|0|0|0|0|0|1|1|0|0|1|1|0|0|NA|NA|NA|NA|NA|0|0|0|0|NA|0
"220510202012"|0|1|0|0|0|0|0|1|1|0|0|1|1|0|0|NA|NA|NA|NA|NA|0|0|0|0|NA|0
"220510202021"|0|1|0|0|0|0|0|1|1|0|0|1|1|0|0|NA|NA|NA|NA|NA|0|0|0|0|NA|0
"220510202022"|0|1|0|0|0|0|0|1|1|0|0|1|1|0|0|NA|NA|NA|NA|NA|0|0|0|0|NA|0
"220510205062"|0|1|0|0|0|0|0|1|1|0|0|1|1|0|0|NA|NA|NA|NA|NA|0|0|0|0|NA|0
"220510207001"|0|1|0|0|0|0|0|1|1|0|0|1|1|0|0|NA|NA|NA|NA|NA|0|0|0|0|NA|0
"220510212001"|0|1|1|0|0|0|0|1|1|1|0|0|1|0|0|12560|12560|10560|10560|NA|11|1|16|712536|44533.5|0
"220510215001"|0|1|0|0|0|0|0|1|1|0|0|1|1|0|0|NA|NA|NA|NA|NA|0|0|0|0|NA|0
"220510216002"|0|1|0|0|0|0|0|1|1|0|0|1|1|0|0|NA|NA|NA|NA|NA|0|0|0|0|NA|0
"220510218041"|0|1|0|0|0|0|0|1|1|1|1|0|1|0|0|NA|NA|NA|NA|NA|27|9|86|2184686|25403.3255813953|0
"220510242021"|0|1|0|0|0|0|0|1|1|0|0|1|1|0|0|NA|NA|NA|NA|NA|0|0|0|0|NA|0
"220510242022"|0|1|0|0|0|0|0|1|1|0|0|1|1|0|0|NA|NA|NA|NA|NA|0|0|0|0|NA|0
"220510243002"|0|1|0|0|0|0|0|1|1|0|0|1|1|0|0|NA|NA|NA|NA|NA|0|0|0|0|NA|0
"220510243003"|0|1|0|0|0|0|0|1|1|0|0|1|1|0|0|NA|NA|NA|NA|NA|0|0|0|0|NA|0
"220510250032"|0|1|0|0|0|0|0|1|1|0|0|1|1|0|0|NA|NA|NA|NA|NA|0|0|0|0|NA|0
"220510281001"|0|1|0|0|0|0|0|1|1|0|0|1|1|0|0|NA|NA|NA|NA|NA|0|0|0|0|NA|0
"220510281002"|0|1|0|0|0|0|0|1|1|0|0|1|1|0|0|NA|NA|NA|NA|NA|0|0|0|0|NA|0
"220550006023"|0|1|0|0|0|0|0|1|1|0|0|1|1|0|0|17531|17531|NA|NA|NA|0|0|0|0|NA|0
"220550006042"|0|1|0|0|0|0|0|1|1|1|1|0|0|1|0|3335|7810|NA|NA|NA|138|29|254|11493832|45251.3070866142|0
"220550014061"|0|1|0|0|0|0|0|1|1|1|1|0|1|0|0|15812|15812|NA|NA|NA|19|4|38|1505744|39624.8421052632|0
"220550014062"|0|1|0|0|0|0|0|1|1|0|0|1|1|0|0|NA|NA|NA|NA|NA|0|0|0|0|NA|0
"220550014111"|0|1|0|0|0|0|0|1|1|0|0|1|1|0|0|NA|NA|NA|NA|NA|0|0|0|0|NA|0
"220550015001"|0|1|0|0|0|0|0|1|1|0|0|1|1|0|0|NA|NA|NA|NA|NA|0|0|0|0|NA|0
"220550018011"|0|2|0|0|0|0|0|2|2|0|0|2|2|0|0|NA|NA|NA|NA|NA|0|0|0|0|NA|0
"220550018012"|0|2|0|0|0|0|0|2|2|0|0|2|2|0|0|NA|NA|NA|NA|NA|0|0|0|0|NA|0
"220550018021"|0|1|0|0|0|0|0|1|1|0|0|1|1|0|0|NA|NA|NA|NA|NA|0|0|0|0|NA|0
"220550022001"|0|1|1|0|0|0|0|1|1|1|0|0|0|0|1|5407|19135|5511|19239|9998|1269|347|1220|92147570|75530.7950819672|0
"220570220001"|0|1|1|0|0|0|0|1|1|1|0|0|0|1|0|4922|15853|5686|16617|9276|377|144|480|25813150|53777.3958333333|0
"220619603002"|0|1|1|1|0|0|0|1|1|1|0|0|0|1|0|5140|5140|5110|5110|10321|336|144|360|18247820|50688.3888888889|0
"220619603005"|0|1|1|1|0|0|0|1|1|1|0|0|0|1|0|5140|5140|5110|5110|10321|336|144|360|18247820|50688.3888888889|0
"220619604002"|0|1|0|0|0|0|0|1|1|0|0|1|1|0|0|NA|NA|NA|NA|NA|0|0|0|0|NA|0
"220619604003"|0|1|0|0|0|0|0|1|1|0|0|1|1|0|0|NA|NA|NA|NA|NA|0|0|0|0|NA|0
"220619610001"|0|1|1|0|0|0|0|1|1|1|0|0|0|0|1|6401|23135|6593|19478|5925|582|231|766|52614140|68686.8668407311|0
"220619610003"|0|1|1|0|0|0|0|1|1|1|0|0|0|0|1|6401|23135|6593|19478|5925|582|231|766|52614140|68686.8668407311|0
"220619610004"|0|1|1|0|0|0|0|1|1|1|0|0|0|0|1|6401|23135|6593|19478|5925|582|231|766|52614140|68686.8668407311|0
"220630406005"|0|1|0|0|0|0|0|1|1|0|0|1|1|0|0|NA|NA|NA|NA|NA|0|0|0|0|NA|0
"220690007004"|0|1|1|0|0|0|0|1|1|1|0|0|0|1|0|5180|15968|5738|16526|8930|405|158|606|36443152|60137.2145214521|0
"220690007005"|0|1|1|0|0|0|0|1|1|1|0|0|0|1|0|5180|15968|5738|16526|8930|405|158|606|36443152|60137.2145214521|0
"220710001002"|0|1|0|0|0|0|0|1|1|0|0|1|1|0|0|NA|NA|NA|NA|NA|0|0|0|0|NA|0
"220710001003"|0|1|0|0|0|0|0|1|1|0|0|1|1|0|0|NA|NA|NA|NA|NA|0|0|0|0|NA|0
"220710002002"|0|1|0|0|0|0|0|1|1|0|0|1|1|0|0|NA|NA|NA|NA|NA|0|0|0|0|NA|0
"220710006162"|0|1|1|0|0|0|0|1|1|1|0|0|0|1|0|11026|11026|9900|9900|NA|66|18|112|6121182|54653.4107142857|0
"220710017013"|0|1|1|1|0|0|0|1|1|1|0|0|0|1|0|4483|13384|6024|12965|8780|181|71|190|10111862|53220.3263157895|0
"220710017024"|0|1|1|0|0|0|0|1|1|1|0|0|0|1|0|6840|6840|5040|5040|4695|127|48|122|8332122|68296.0819672131|0
"220710017432"|0|1|0|0|0|0|0|1|1|0|0|1|1|0|0|NA|NA|NA|NA|NA|0|0|0|0|NA|0
"220710033081"|0|1|0|0|0|0|0|1|1|0|0|1|1|0|0|NA|NA|NA|NA|NA|0|0|0|0|NA|0
"220710033082"|0|1|0|0|0|0|0|1|1|0|0|1|1|0|0|NA|NA|NA|NA|NA|0|0|0|0|NA|0
"220710033086"|0|1|0|1|0|0|0|1|1|1|0|0|0|1|0|15796|15796|NA|NA|9873|199|75|142|7926972|55823.7464788732|0
"220710050002"|0|1|0|0|0|0|0|1|1|0|0|1|1|0|0|NA|NA|NA|NA|NA|0|0|0|0|NA|0
"220710055002"|0|1|0|0|0|0|0|1|1|1|1|0|0|0|1|3335|7624|NA|NA|NA|391|72|754|36039860|47798.2228116711|0
"220710056011"|0|1|0|0|0|0|0|1|1|0|0|1|1|0|0|NA|NA|NA|NA|NA|0|0|0|0|NA|0
"220710060001"|0|1|1|0|0|1|0|1|1|1|0|0|0|1|0|7020|15495|11835|24078|NA|844|101|378|37250012|98545.0052910053|0
"220710063002"|0|1|0|0|0|0|0|1|1|1|1|0|1|0|0|NA|NA|NA|NA|NA|6|5|4|185000|46250|0
"220710070001"|0|1|2|1|0|0|0|2|2|2|0|0|1|1|0|NA|NA|NA|NA|NA|456|159|446|34140522|184608.970588235|0
"220710076042"|0|1|0|0|0|0|0|1|1|1|1|0|0|0|1|3335|7624|NA|NA|NA|391|72|754|36039860|47798.2228116711|0
"220710120002"|0|1|1|0|0|0|0|1|1|1|0|0|0|1|0|36938|36938|14724|14724|12464|490|206|512|40934338|79949.87890625|0
"220710121021"|0|1|1|0|1|1|0|1|1|1|0|0|0|0|1|47130|47130|49030|49030|13844|2210|464|1430|154833800|108275.384615385|0
"220710121022"|0|1|1|0|0|0|0|1|1|1|0|0|0|1|0|36938|36938|14724|14724|12464|490|206|512|40934338|79949.87890625|0
"220710121023"|0|1|1|0|0|0|0|1|1|1|0|0|0|1|0|36938|36938|14724|14724|12464|490|206|512|40934338|79949.87890625|0
"220710128001"|0|1|1|0|0|0|0|1|1|1|0|0|1|0|0|21126|21126|21126|21126|NA|18|3|42|2295882|54663.8571428571|0
"220710133021"|0|1|1|0|0|0|0|1|1|1|0|0|0|1|0|7150|20967|7234|20673|9730|616|78|542|36567764|67468.1992619926|0
"220730004021"|0|1|1|0|0|0|0|1|1|1|0|0|0|1|0|5788|17888|6490|18590|7688|489|218|590|40869354|69270.0915254237|0
"220730017001"|0|1|0|0|0|0|0|1|1|1|1|0|1|0|0|9000|9000|NA|NA|NA|14|3|26|1075152|41352|0
"220730017003"|0|1|0|0|0|0|0|1|1|0|0|1|1|0|0|NA|NA|NA|NA|NA|0|0|0|0|NA|0
"220730055003"|0|1|0|0|0|0|0|1|1|0|0|1|1|0|0|NA|NA|NA|NA|NA|0|0|0|0|NA|0
"220730106031"|0|1|0|0|0|0|0|1|1|1|1|0|0|1|0|3214|3452|NA|NA|NA|111|14|174|7009764|40286|0
"220730108002"|0|2|0|0|0|0|0|2|2|0|0|2|2|0|0|NA|NA|NA|NA|NA|0|0|0|0|NA|0
"220730109003"|0|1|0|0|0|0|0|1|1|0|0|1|1|0|0|NA|NA|NA|NA|NA|0|0|0|0|NA|0
"220730111002"|0|1|0|0|0|0|0|1|1|0|0|1|1|0|0|NA|NA|NA|NA|NA|0|0|0|0|NA|0
"220730111003"|0|1|0|0|0|0|0|1|1|0|0|1|1|0|0|NA|NA|NA|NA|NA|0|0|0|0|NA|0
"220790107001"|0|1|0|0|0|0|0|1|1|0|0|1|1|0|0|NA|NA|NA|NA|NA|0|0|0|0|NA|0
"220790117001"|0|2|1|0|0|0|0|2|2|1|0|1|1|1|0|NA|NA|NA|NA|NA|93|60|132|6883936|NA|0
"220790124001"|0|1|0|0|0|0|0|1|1|1|1|0|1|0|0|NA|NA|NA|NA|NA|9|3|0|0|NA|0
"220790125003"|0|1|0|0|0|0|0|1|1|1|0|0|0|1|0|4984|4984|NA|NA|7950|133|58|170|8348214|49107.1411764706|0
"220790126001"|0|1|0|0|0|0|0|1|1|1|1|0|1|0|0|NA|NA|NA|NA|NA|9|3|0|0|NA|0
"220790127001"|0|1|0|0|0|0|0|1|1|1|1|0|0|1|0|3335|3335|NA|NA|NA|40|3|140|5818976|41564.1142857143|0
"220790133001"|0|1|0|0|0|0|0|1|1|1|0|0|0|1|0|4984|4984|NA|NA|7950|133|58|170|8348214|49107.1411764706|0
"220790133004"|0|1|0|0|0|0|0|1|1|1|0|0|0|1|0|4984|4984|NA|NA|7950|133|58|170|8348214|49107.1411764706|0
"220799800001"|0|1|0|0|0|0|0|1|1|0|0|1|1|0|0|NA|NA|NA|NA|NA|0|0|0|0|NA|0
"220870308001"|0|1|0|0|0|0|0|1|1|1|1|0|0|1|0|3335|6834|NA|NA|NA|54|19|84|3774336|44932.5714285714|0
"220890621002"|0|1|0|0|0|0|0|1|1|0|0|0|1|0|0|NA|NA|NA|NA|NA|0|0|0|0|NA|0
"220979609001"|0|1|0|0|0|0|0|1|1|0|0|1|1|0|0|NA|NA|NA|NA|NA|0|0|0|0|NA|0
"220979614004"|0|1|0|0|0|0|0|1|1|0|0|1|1|0|0|NA|NA|NA|NA|NA|0|0|0|0|NA|0
"220979614005"|0|1|0|0|0|0|0|1|1|0|0|1|1|0|0|NA|NA|NA|NA|NA|0|0|0|0|NA|0
"221010403001"|0|1|0|0|0|0|0|1|1|1|1|0|0|1|0|2202|3434|NA|NA|NA|54|15|108|4909728|45460.4444444444|0
"221030402022"|0|1|0|0|0|0|0|1|1|1|0|0|1|0|0|14601|14601|NA|NA|14120|34|7|50|2456000|49120|0
"221030405011"|0|1|0|0|0|0|0|1|1|0|0|1|0|1|0|NA|NA|NA|NA|NA|0|0|0|0|NA|0
"221030406052"|0|1|0|0|0|0|0|1|1|0|0|1|1|0|0|NA|NA|NA|NA|NA|0|0|0|0|NA|0
"221030406053"|0|1|0|0|0|0|0|1|1|0|0|1|1|0|0|NA|NA|NA|NA|NA|0|0|0|0|NA|0
"221030408021"|0|1|0|0|0|0|0|1|1|0|0|1|1|0|0|NA|NA|NA|NA|NA|0|0|0|0|NA|0
"221030411023"|0|1|0|0|0|0|0|1|1|0|0|1|1|0|0|NA|NA|NA|NA|NA|0|0|0|0|NA|0
"221030411031"|0|1|0|0|0|0|0|1|1|0|0|1|1|0|0|NA|NA|NA|NA|NA|0|0|0|0|NA|0
"221030411032"|0|1|0|0|0|0|0|1|1|0|0|1|1|0|0|NA|NA|NA|NA|NA|0|0|0|0|NA|0
"221030411041"|0|1|0|0|0|0|0|1|1|0|0|1|1|0|0|NA|NA|NA|NA|NA|0|0|0|0|NA|0
"221059542001"|0|1|1|0|0|0|0|1|1|1|0|0|0|0|1|5652|18130|6540|19017|8464|711|222|914|50987870|55785.4157549234|0
"221059545012"|0|1|0|0|0|0|0|1|1|0|0|1|1|0|0|NA|NA|NA|NA|NA|0|0|0|0|NA|0
"221090001014"|0|1|0|0|0|0|0|1|1|1|1|0|0|1|0|3335|6858|NA|NA|NA|44|3|94|3707168|39437.9574468085|0
"221090003001"|0|1|0|0|0|0|0|1|1|0|0|1|1|0|0|NA|NA|NA|NA|NA|0|0|0|0|NA|0
"221090003002"|0|1|0|0|0|0|0|1|1|0|0|1|1|0|0|NA|NA|NA|NA|NA|0|0|0|0|NA|0
"221090003003"|0|1|0|0|0|0|0|1|1|0|0|1|1|0|0|NA|NA|NA|NA|NA|0|0|0|0|NA|0
"221090007003"|0|1|0|0|0|0|0|1|1|0|0|1|1|0|0|NA|NA|NA|NA|NA|0|0|0|0|NA|0
"221090008002"|0|1|0|0|0|0|0|1|1|0|0|1|1|0|0|NA|NA|NA|NA|NA|0|0|0|0|NA|0
"221090008005"|0|1|0|0|0|0|0|1|1|0|0|1|1|0|0|NA|NA|NA|NA|NA|0|0|0|0|NA|0
"221090009001"|0|1|0|0|0|0|0|1|1|0|0|1|1|0|0|NA|NA|NA|NA|NA|0|0|0|0|NA|0
"221090009002"|0|1|0|0|0|0|0|1|1|0|0|1|1|0|0|NA|NA|NA|NA|NA|0|0|0|0|NA|0
"221090009004"|0|1|0|0|0|0|0|1|1|0|0|1|1|0|0|NA|NA|NA|NA|NA|0|0|0|0|NA|0
"221090013002"|0|1|0|0|0|0|0|1|1|0|0|1|1|0|0|NA|NA|NA|NA|NA|0|0|0|0|NA|0
"221090017001"|0|1|0|0|0|0|0|1|1|1|1|0|0|1|0|3335|6858|NA|NA|NA|44|3|94|3707168|39437.9574468085|0
"221090017003"|0|1|0|0|0|0|0|1|1|0|0|1|1|0|0|NA|NA|NA|NA|NA|0|0|0|0|NA|0
"221179510003"|0|1|0|0|0|0|0|1|1|1|1|0|0|1|0|3214|3335|NA|NA|NA|75|20|158|6137820|38846.9620253165|0
"221190320002"|0|1|0|0|0|0|0|1|1|1|1|0|0|1|0|2202|6707|NA|NA|NA|42|12|120|5430230|45251.9166666667|0
"230010102002"|0|1|0|0|0|0|0|1|1|1|1|0|0|1|0|2760|5520|NA|NA|9320|72|11|108|5942330|55021.5740740741|0
"230010102003"|0|1|0|0|0|0|0|1|1|1|1|0|0|1|0|2760|5520|NA|NA|9320|72|11|108|5942330|55021.5740740741|0
"230010201001"|0|1|0|0|0|0|0|1|1|1|1|0|1|0|0|9380|9380|NA|NA|4900|8|1|34|2181294|64155.7058823529|0
"230010202001"|0|1|0|0|0|0|0|1|1|1|1|0|1|0|0|9380|9380|NA|NA|4900|8|1|34|2181294|64155.7058823529|0
"230010202002"|0|1|0|0|0|0|0|1|1|1|1|0|1|0|0|9380|9380|NA|NA|4900|8|1|34|2181294|64155.7058823529|0
"230010203001"|0|1|0|0|0|0|0|1|1|1|0|0|0|1|0|50310|50310|NA|NA|14190|512|127|312|30623578|98152.4935897436|0
"230010203002"|0|1|0|0|0|0|0|1|1|1|1|0|1|0|0|9380|9380|NA|NA|4900|8|1|34|2181294|64155.7058823529|0
"230010415001"|0|1|0|0|0|0|0|1|1|1|1|0|0|1|0|2760|5520|NA|NA|9320|72|11|108|5942330|55021.5740740741|0
"230039506001"|0|1|0|0|0|0|0|1|1|1|0|0|0|1|0|6600|10230|NA|NA|7910|76|31|60|3617132|60285.5333333333|0
"230039519001"|0|1|0|0|0|0|0|1|1|1|0|0|0|1|0|6600|10230|NA|NA|8044|88|46|80|4794244|59928.05|0
"230039520001"|0|2|0|0|0|0|0|2|2|2|1|0|1|1|0|9360|15750|NA|NA|15862|135|56|150|8976760|119678.278571429|0
"230039520002"|0|1|0|0|0|0|0|1|1|1|0|0|0|1|0|6600|10230|NA|NA|8044|88|46|80|4794244|59928.05|0
"230050003001"|0|1|2|0|0|0|0|2|2|2|0|0|2|0|0|NA|NA|64192|64192|NA|54|13|56|2877934|133575.653846154|0
"230050003002"|0|1|1|0|0|0|0|1|1|1|0|0|1|0|0|32192|32192|32192|32192|10872|51|12|52|2538934|48825.6538461538|0
"230050005001"|0|1|0|0|0|0|0|1|1|0|0|1|1|0|0|NA|NA|NA|NA|NA|0|0|0|0|NA|0
"230050010002"|0|0|1|0|0|0|0|1|1|1|0|0|1|0|0|NA|NA|32000|32000|NA|3|1|4|339000|84750|0
"230050015001"|0|1|1|0|0|0|0|1|1|1|0|0|0|1|0|6578|17290|6840|18468|9980|699|255|498|40311890|80947.5702811245|0
"230050015002"|0|1|1|0|0|0|0|1|1|1|0|0|0|1|0|6578|17290|6840|18468|9980|699|255|498|40311890|80947.5702811245|0
"230050028001"|0|1|0|0|0|0|0|1|1|0|0|1|1|0|0|NA|NA|NA|NA|NA|0|0|0|0|NA|0
"230050029003"|0|1|0|0|0|0|0|1|1|0|0|1|1|0|0|NA|NA|NA|NA|NA|0|0|0|0|NA|0
"230050030004"|0|2|1|0|0|0|0|2|2|1|0|1|2|0|0|NA|NA|NA|NA|NA|39|15|16|929776|NA|0
"230050111004"|0|1|0|0|0|0|0|1|1|1|0|0|0|1|0|49416|49416|NA|NA|13600|653|152|400|41935450|104838.625|0
"230050112021"|0|1|0|0|0|0|0|1|1|1|0|0|0|1|0|49416|49416|NA|NA|13600|653|152|400|41935450|104838.625|0
"230050112022"|0|1|0|0|0|0|0|1|1|1|0|0|0|1|0|49416|49416|NA|NA|13600|653|152|400|41935450|104838.625|0
"230050160004"|0|1|0|0|0|0|0|1|1|0|0|1|1|0|0|12500|12500|NA|NA|NA|0|0|0|0|NA|0
"230050170021"|0|1|1|0|0|0|0|1|1|1|0|0|0|1|0|33600|33600|8460|8460|12890|238|61|160|9174062|57337.8875|0
"230050173011"|0|1|0|0|0|0|0|1|1|0|0|1|1|0|0|NA|NA|NA|NA|NA|0|0|0|0|NA|0
"230050173032"|0|1|0|0|0|0|0|1|1|0|0|1|1|0|0|NA|NA|NA|NA|NA|0|0|0|0|NA|0
"230079712005"|0|1|1|0|0|0|0|1|1|1|0|0|0|1|0|8352|17440|NA|NA|8970|180|64|232|14717372|63436.9482758621|0
"230099659003"|0|1|1|0|0|0|0|1|1|1|0|0|1|0|0|42993|42993|28665|28665|9747|54|22|50|4129476|82589.52|0
"230099664002"|0|1|1|0|0|0|0|1|1|1|0|0|0|1|0|10050|23130|20520|39960|10030|162|37|152|10561558|69483.9342105263|0
"230110102001"|0|2|1|0|0|0|0|2|2|2|0|0|1|1|0|17130|26730|NA|NA|NA|208|101|190|12504072|118586.546816479|0
"230110102002"|0|2|1|0|0|0|0|2|2|2|0|0|1|1|0|17130|26730|NA|NA|NA|208|101|190|12504072|118586.546816479|0
"230110103001"|0|1|0|0|0|0|0|1|1|0|0|1|1|0|0|NA|NA|NA|NA|NA|0|0|0|0|NA|0
"230110242001"|0|1|0|0|0|0|0|1|1|1|0|0|0|1|0|48820|48820|NA|NA|13100|470|120|428|45294814|105829.004672897|0
"230110242005"|0|1|1|0|0|0|0|1|1|1|0|0|0|1|0|24468|24468|24468|24468|10800|107|26|80|4682312|58528.9|0
"230190002002"|0|1|1|0|0|0|0|1|1|0|0|0|0|0|0|NA|NA|NA|NA|NA|376|80|0|0|NA|0
"230190003001"|0|1|0|0|0|0|0|1|1|1|1|0|0|1|0|2760|5520|NA|NA|8130|74|13|128|7129124|55696.28125|0
"230190007001"|0|1|0|0|0|0|0|1|1|1|1|0|1|0|0|NA|NA|NA|NA|NA|19|7|14|533000|38071.4285714286|0
"230190009001"|0|1|0|0|0|0|0|1|1|1|1|0|1|0|0|NA|NA|NA|NA|NA|19|7|14|533000|38071.4285714286|0
"230190063002"|0|1|1|0|0|0|0|1|1|1|0|0|0|0|1|8370|27240|7524|24498|10164|1668|499|998|84727092|84896.8857715431|0
"230190311003"|0|1|1|0|0|0|0|1|1|1|0|0|0|1|0|16050|16050|6060|6060|9220|246|44|282|19343492|68593.9432624114|0
"230259668003"|0|1|0|0|0|0|0|1|1|1|1|0|0|1|0|2760|5520|NA|NA|NA|58|12|88|5150780|58531.5909090909|0
"230270460023"|0|1|1|0|0|0|0|1|1|1|0|0|1|0|0|26370|26370|25500|25500|10100|130|34|98|4788738|48864.6734693878|0
"230299555003"|0|1|0|0|0|0|0|1|1|1|1|0|1|0|0|2760|5520|NA|NA|5340|39|8|44|2414184|54867.8181818182|0
"230299562003"|0|1|0|0|0|0|0|1|1|1|0|0|1|0|0|6660|18480|NA|NA|8466|38|12|56|3235256|57772.4285714286|0
"230310254002"|0|1|1|0|1|1|0|1|1|1|0|0|0|1|0|34380|34380|19936|19936|13250|620|139|474|40663246|85787.4388185654|0
"230310260001"|0|1|0|0|0|0|0|1|1|1|1|0|1|0|0|20811|20811|NA|NA|NA|5|0|10|529546|52954.6|0
"230310303001"|0|1|0|0|0|0|0|1|1|0|0|1|1|0|0|NA|NA|NA|NA|NA|0|0|0|0|NA|0
"230310303003"|0|1|0|0|0|0|0|1|1|0|0|1|1|0|0|NA|NA|NA|NA|NA|0|0|0|0|NA|0
"230310340017"|0|1|0|0|0|0|0|1|1|1|1|0|0|1|0|2760|5520|NA|NA|NA|43|10|42|2255342|53698.619047619|0
"240010004002"|0|1|0|0|0|0|0|1|1|1|1|0|0|1|0|6750|8100|NA|NA|10740|191|68|206|11541592|56027.145631068|0
"240010005002"|0|1|0|0|0|0|0|1|1|1|1|0|0|1|0|6750|8100|NA|NA|10740|191|68|206|11541592|56027.145631068|0
"240010018003"|0|1|1|0|0|0|0|1|1|1|0|0|0|1|0|6340|18864|7092|9108|9312|493|154|518|37648528|72680.555984556|0
"240037024022"|0|1|0|0|0|0|0|1|1|0|0|1|1|0|0|NA|NA|NA|NA|NA|0|0|0|0|NA|0
"240037024023"|0|1|0|0|0|0|0|1|1|0|0|1|1|0|0|NA|NA|NA|NA|NA|0|0|0|0|NA|0
"240037061012"|0|2|1|0|1|0|0|2|2|2|0|0|1|1|0|NA|NA|NA|NA|NA|636|100|744|81030342|197634.670980668|0
"240037067001"|0|1|0|0|1|0|0|1|1|1|0|0|0|1|0|NA|NA|NA|NA|NA|537|76|626|71114402|113601.28115016|0
"240037311031"|0|1|0|0|0|0|0|1|1|1|1|0|0|0|1|6240|11010|NA|NA|NA|613|230|510|38261574|75022.6941176471|0
"240037401022"|0|2|0|0|0|0|0|2|2|0|0|1|2|0|0|NA|NA|NA|NA|NA|0|0|0|0|NA|0
"240037504001"|0|2|0|0|0|0|0|2|2|0|0|1|2|0|0|NA|NA|NA|NA|NA|0|0|0|0|NA|0
"240037508033"|0|1|0|0|0|0|0|1|1|0|0|1|1|0|0|NA|NA|NA|NA|NA|0|0|0|0|NA|0
"240037508035"|0|1|0|0|0|0|0|1|1|0|0|1|1|0|0|NA|NA|NA|NA|NA|0|0|0|0|NA|0
"240037508041"|0|1|0|0|0|0|0|1|1|0|0|1|1|0|0|NA|NA|NA|NA|NA|0|0|0|0|NA|0
"240037512001"|0|2|0|0|0|0|0|2|2|0|0|1|2|0|0|NA|NA|NA|NA|NA|0|0|0|0|NA|0
"240037512003"|0|2|0|0|0|0|0|2|2|0|0|1|2|0|0|NA|NA|NA|NA|NA|0|0|0|0|NA|0
"240037515001"|0|1|0|0|0|0|0|1|1|0|0|1|1|0|0|NA|NA|NA|NA|NA|0|0|0|0|NA|0
"240039800001"|0|2|0|0|0|0|0|2|2|0|0|1|2|0|0|NA|NA|NA|NA|NA|0|0|0|0|NA|0
"240054015071"|0|2|0|0|0|0|0|2|2|0|0|2|2|0|0|NA|NA|NA|NA|NA|0|0|0|0|NA|0
"240054036022"|0|1|0|0|0|0|0|1|1|1|0|0|1|0|0|12400|12400|NA|NA|4900|6|1|6|394000|65666.6666666667|0
"240054037013"|0|1|0|0|0|0|0|1|1|0|0|1|1|0|0|NA|NA|NA|NA|NA|0|0|0|0|NA|0
"240054037014"|0|1|0|0|0|0|0|1|1|0|0|1|1|0|0|NA|NA|NA|NA|NA|0|0|0|0|NA|0
"240054037021"|0|1|1|0|0|0|0|1|1|1|0|0|1|0|0|11400|11400|11400|11400|6600|40|5|32|2438372|76199.125|0
"240054038011"|0|1|1|0|0|0|0|1|1|1|0|0|0|1|0|30884|30884|8040|8040|12702|325|80|274|22517360|82180.1459854015|0
"240054041011"|0|1|0|0|0|0|0|1|1|0|0|0|1|0|0|NA|NA|NA|NA|NA|0|0|0|0|NA|0
"240054045011"|0|1|0|0|0|0|0|1|1|0|0|1|1|0|0|NA|NA|NA|NA|NA|0|0|0|0|NA|0
"240054084001"|0|1|0|0|0|0|0|1|1|0|0|1|1|0|0|14400|14400|NA|NA|NA|0|0|0|0|NA|0
"240054085052"|0|1|0|0|0|0|0|1|1|0|0|1|1|0|0|NA|NA|NA|NA|NA|0|0|0|0|NA|0
"240054407012"|0|1|0|0|0|0|0|1|1|1|1|0|0|0|1|5328|8088|NA|NA|NA|877|343|860|64933842|75504.4674418605|0
"240054501002"|0|1|0|0|0|0|0|1|1|0|0|1|1|0|0|NA|NA|NA|NA|NA|0|0|0|0|NA|0
"240054512001"|0|1|0|0|0|0|0|1|0|0|0|0|1|0|0|NA|NA|NA|NA|NA|0|0|0|0|NA|0
"240054512002"|0|1|0|0|0|0|0|1|0|0|0|0|1|0|0|NA|NA|NA|NA|NA|0|0|0|0|NA|0
"240054523002"|0|1|0|0|0|0|0|1|1|0|0|1|1|0|0|NA|NA|NA|NA|NA|0|0|0|0|NA|0
"240054903011"|0|1|0|0|0|0|0|1|1|0|0|1|1|0|0|NA|NA|NA|NA|NA|0|0|0|0|NA|0
"240054903021"|0|1|0|0|0|0|0|1|1|1|1|0|1|0|0|NA|NA|NA|NA|NA|17|7|6|279018|46503|0
"240054903022"|0|1|1|0|0|0|0|1|1|1|0|0|0|1|0|42600|42600|9720|9720|12300|298|91|266|18900988|71056.3458646616|0
"240054906052"|0|1|1|0|0|0|0|1|1|1|0|0|0|0|1|6560|18228|6822|14130|11754|1380|374|1804|129849512|71978.6651884701|0
"240054925001"|0|1|1|0|0|0|0|1|1|1|0|0|0|0|1|8204|21432|10854|17946|11568|1513|298|1070|102047356|95371.3607476636|0
"240135075003"|0|1|1|0|0|0|0|1|1|1|0|0|0|1|0|40580|40580|8550|8550|10800|259|102|266|16989040|63868.5714285714|0
"240135077021"|0|1|1|0|0|0|0|1|1|1|0|0|0|1|0|40580|40580|8550|8550|10800|259|102|266|16989040|63868.5714285714|0
"240135078022"|0|1|0|0|0|0|0|1|1|1|1|0|0|1|0|4608|6456|NA|NA|NA|183|74|150|8906244|59374.96|0
"240135078024"|0|1|0|0|0|0|0|1|1|1|1|0|0|1|0|4608|6456|NA|NA|NA|183|74|150|8906244|59374.96|0
"240150309052"|0|1|0|0|0|0|0|1|1|1|1|0|0|1|0|5910|7260|NA|NA|NA|119|58|100|6482200|64822|0
"240178506003"|0|1|0|0|0|0|0|1|1|1|1|0|0|1|0|5112|6600|NA|NA|NA|369|75|240|20468946|85287.275|0
"240178509012"|0|1|0|0|0|0|0|1|1|0|0|1|1|0|0|NA|NA|NA|NA|NA|0|0|0|0|NA|0
"240217502001"|0|1|0|0|0|0|0|1|1|0|0|1|1|0|0|NA|NA|NA|NA|NA|0|0|0|0|NA|0
"240217506001"|0|1|1|0|0|0|0|1|1|1|0|0|0|1|0|36000|36000|8100|8100|12200|141|60|206|13746972|66732.8737864078|0
"240217508031"|0|1|0|0|0|0|0|1|1|0|0|1|1|0|0|NA|NA|NA|NA|NA|0|0|0|0|NA|0
"240217512012"|0|1|0|0|0|0|0|1|1|1|1|0|0|1|0|6216|8424|NA|NA|NA|288|123|198|13708790|69236.3131313131|0
"240217651002"|0|1|0|0|0|0|0|1|1|0|0|1|1|0|0|NA|NA|NA|NA|NA|0|0|0|0|NA|0
"240217668003"|0|1|1|0|0|0|0|1|1|1|0|0|0|1|0|37700|37700|12167|12167|12610|246|113|260|17823754|68552.9|0
"240230005002"|0|1|0|0|0|0|0|1|1|1|1|0|1|0|0|6300|7420|NA|NA|7900|99|43|40|2543478|63586.95|0
"240253031021"|0|1|0|0|0|0|0|1|1|1|1|0|0|1|0|5064|7152|NA|NA|NA|252|57|202|12093072|59866.6930693069|0
"240253038011"|0|1|0|0|0|0|0|1|1|0|0|1|1|0|0|NA|NA|NA|NA|NA|0|0|0|0|NA|0
"240276026002"|0|1|0|0|0|0|0|1|1|0|0|1|1|0|0|NA|NA|NA|NA|NA|0|0|0|0|NA|0
"240276029001"|0|1|0|0|0|0|0|1|1|0|0|1|1|0|0|NA|NA|NA|NA|NA|0|0|0|0|NA|0
"240276029002"|0|1|0|0|0|0|0|1|1|0|0|1|1|0|0|NA|NA|NA|NA|NA|0|0|0|0|NA|0
"240276051022"|0|0|1|0|0|0|0|1|1|1|0|0|0|1|0|NA|NA|19901|19901|NA|72|13|18|1248052|69336.2222222222|0
"240276056021"|0|1|0|0|0|0|0|1|1|1|1|0|0|1|0|5859|7074|NA|NA|NA|435|126|394|28662196|72746.6903553299|0
"240276067071"|0|1|1|0|0|0|0|1|1|1|0|0|1|0|0|12349|12349|17378|17378|NA|2|1|0|0|NA|0
"240276067072"|0|1|0|0|0|0|0|1|1|1|1|0|1|0|0|NA|NA|NA|NA|NA|31|9|44|2250444|51146.4545454545|0
"240276069012"|0|1|0|0|0|0|0|1|1|0|0|1|1|0|0|NA|NA|NA|NA|NA|0|0|0|0|NA|0
"240299503002"|0|1|0|0|0|0|0|1|1|1|0|0|0|1|0|42844|42844|NA|NA|10824|342|76|216|16015276|74144.7962962963|0
"240299503003"|0|1|0|0|0|0|0|1|1|1|0|0|0|1|0|42844|42844|NA|NA|10824|342|76|216|16015276|74144.7962962963|0
"240299503004"|0|1|0|0|0|0|0|1|1|1|0|0|0|1|0|42844|42844|NA|NA|10824|342|76|216|16015276|74144.7962962963|0
"240317007042"|0|1|0|0|0|0|0|1|1|0|0|1|1|0|0|NA|NA|NA|NA|NA|0|0|0|0|NA|0
"240317007132"|0|1|0|0|0|0|0|1|1|0|0|1|1|0|0|NA|NA|NA|NA|NA|0|0|0|0|NA|0
"240317007181"|0|1|0|0|0|0|0|1|1|0|0|1|1|0|0|NA|NA|NA|NA|NA|0|0|0|0|NA|0
"240317007182"|0|1|0|0|0|0|0|1|1|0|0|1|1|0|0|NA|NA|NA|NA|NA|0|0|0|0|NA|0
"240317009021"|0|1|0|0|0|0|0|1|1|1|1|0|0|0|1|7470|10320|NA|NA|NA|1348|260|996|88485148|88840.5100401606|0
"240317010043"|0|1|0|0|0|0|0|1|1|1|1|0|0|0|1|7470|10320|NA|NA|NA|1348|260|996|88485148|88840.5100401606|0
"240317012111"|0|1|0|0|0|0|0|1|1|1|1|0|0|0|1|7470|10320|NA|NA|NA|1348|260|996|88485148|88840.5100401606|0
"240317012191"|0|2|0|0|0|0|0|2|2|0|0|2|2|0|0|NA|NA|NA|NA|NA|0|0|0|0|NA|0
"240317017021"|0|1|1|0|0|0|0|1|1|1|0|0|0|1|0|21800|21800|11250|11250|8930|98|37|90|5864222|65158.0222222222|0
"240317023012"|0|1|0|0|0|0|0|1|1|0|0|1|1|0|0|NA|NA|NA|NA|NA|0|0|0|0|NA|0
"240317032091"|0|1|0|0|0|0|0|1|1|1|0|0|1|0|0|9400|9400|NA|NA|9200|1|0|4|283978|70994.5|0
"240317032092"|0|1|0|0|0|0|0|1|1|1|0|0|1|0|0|9400|9400|NA|NA|9200|1|0|4|283978|70994.5|0
"240317032093"|0|1|0|0|0|0|0|1|1|1|0|0|1|0|0|9400|9400|NA|NA|9200|1|0|4|283978|70994.5|0
"240317034014"|0|1|0|0|0|0|0|1|1|0|0|1|1|0|0|NA|NA|NA|NA|NA|0|0|0|0|NA|0
"240338002083"|0|1|1|0|0|0|0|1|1|1|0|0|1|0|0|23472|23472|10530|10530|12624|50|9|24|1868672|77861.3333333333|0
"240338004011"|0|1|1|1|0|0|0|1|1|1|0|0|0|1|0|5321|15857|7182|12384|10200|373|110|444|34073866|76742.9414414414|0
"240338004031"|0|1|1|1|0|0|0|1|1|1|0|0|0|1|0|5321|15857|7182|12384|10200|373|110|444|34073866|76742.9414414414|0
"240338004102"|0|1|1|1|0|0|0|1|1|1|0|0|0|1|0|5321|15857|7182|12384|10200|373|110|444|34073866|76742.9414414414|0
"240338018021"|0|1|0|0|0|0|0|1|1|0|0|1|1|0|0|NA|NA|NA|NA|NA|0|0|0|0|NA|0
"240338019052"|0|1|1|0|0|0|0|1|1|1|0|0|0|1|0|14040|14040|14325|14325|NA|46|6|30|1931774|64392.4666666667|0
"240338025011"|0|1|1|0|0|0|0|1|1|1|0|0|1|0|0|4368|4368|5280|5280|NA|4|1|16|69344|4334|0
"240338035082"|0|1|0|0|0|0|0|1|1|1|1|0|1|0|0|13622|13622|NA|NA|NA|20|3|20|1536838|76841.9|0
"240338035133"|0|1|0|0|0|0|0|1|1|1|1|0|0|0|1|4632|6960|NA|NA|NA|515|132|464|32965304|71045.9137931034|0
"240338036022"|0|1|0|0|0|0|0|1|1|1|1|0|1|0|0|13622|13622|NA|NA|NA|20|3|20|1536838|76841.9|0
"240338036122"|0|1|0|0|0|0|0|1|1|0|0|1|1|0|0|NA|NA|NA|NA|NA|0|0|0|0|NA|0
"240338070004"|0|2|3|0|0|1|0|3|3|2|0|0|0|0|2|NA|NA|NA|NA|NA|10287|1268|4006|488387988|NA|0
"240338072001"|0|2|3|0|0|1|0|3|3|2|0|0|0|0|2|NA|NA|NA|NA|NA|10287|1268|4006|488387988|NA|0
"240338072002"|0|2|3|0|0|1|0|3|3|2|0|0|0|0|2|NA|NA|NA|NA|NA|10287|1268|4006|488387988|NA|0
"240338072003"|0|2|3|0|0|1|0|3|3|2|0|0|0|0|2|NA|NA|NA|NA|NA|10287|1268|4006|488387988|NA|0
"240338072004"|0|2|3|0|0|1|0|3|3|2|0|0|0|0|2|NA|NA|NA|NA|NA|10287|1268|4006|488387988|NA|0
"240338074043"|0|1|0|0|0|0|0|1|1|1|1|0|1|0|0|NA|NA|NA|NA|NA|22|11|2|101398|50699|0
"240358106002"|0|1|0|0|0|0|0|1|1|1|1|0|0|1|0|4512|6360|NA|NA|NA|163|51|114|7578852|66481.1578947368|0
"240378760022"|0|1|0|0|0|0|0|1|1|0|0|1|1|0|0|NA|NA|NA|NA|NA|0|0|0|0|NA|0
"240378762003"|0|1|1|0|0|0|0|1|1|1|0|0|0|1|0|11418|26566|15576|15576|12442|235|81|286|21047512|73592.6993006993|0
"240399301011"|0|1|1|1|0|0|0|1|1|1|0|0|0|1|0|5105|14189|7512|13536|9388|543|134|438|34967248|79833.899543379|0
"240399303003"|0|1|1|1|0|0|0|1|1|1|0|0|0|1|0|5105|14189|7512|13536|9388|543|134|438|34967248|79833.899543379|0
"240430002003"|0|1|1|0|0|0|0|1|1|1|0|0|1|0|0|13356|13356|9216|9216|NA|33|11|8|356090|44511.25|0
"240430007001"|0|1|0|0|0|0|0|1|1|0|0|1|1|0|0|NA|NA|NA|NA|NA|0|0|0|0|NA|0
"240430103001"|0|1|1|0|0|0|0|1|1|1|0|0|1|0|0|13356|13356|9216|9216|NA|33|11|8|356090|44511.25|0
"240430112012"|0|1|0|0|0|0|0|1|1|1|1|0|0|1|0|4758|6266|NA|NA|NA|210|67|160|9566908|59793.175|0
"240430112013"|0|1|0|0|0|0|0|1|1|1|1|0|0|1|0|4758|6266|NA|NA|NA|210|67|160|9566908|59793.175|0
"240430112014"|0|1|0|0|0|0|0|1|1|1|1|0|0|1|0|4758|6266|NA|NA|NA|210|67|160|9566908|59793.175|0
"240450104002"|0|1|1|0|0|0|0|1|1|1|0|0|0|1|0|6846|15258|6858|12060|11350|633|172|820|54066180|65934.3658536585|0
"240450105022"|0|1|0|0|0|0|0|1|1|0|0|1|1|0|0|NA|NA|NA|NA|NA|0|0|0|0|NA|0
"240450106061"|0|1|0|0|0|0|0|1|1|1|1|0|0|1|0|5688|7008|NA|NA|NA|164|66|142|8621078|60711.8169014084|0
"245100401002"|0|1|0|0|0|0|0|1|1|0|0|1|1|0|0|NA|NA|NA|NA|NA|0|0|0|0|NA|0
"245100402001"|0|1|1|0|1|1|0|1|1|1|0|0|0|1|0|8496|32959|13329|29174|NA|1999|256|838|110019644|131288.357995227|0
"245100904001"|0|1|0|0|0|0|0|1|1|0|0|1|1|0|0|NA|NA|NA|NA|NA|0|0|0|0|NA|0
"245101102001"|0|1|1|0|0|0|0|1|1|1|0|0|0|1|0|6610|18256|13140|19062|NA|437|87|390|41917896|107481.784615385|0
"245101202021"|0|1|1|0|0|1|0|1|1|1|0|0|0|0|1|50410|50410|50410|50410|14976|6527|1457|2722|385570740|141649.79426892|0
"245101401001"|0|1|1|0|0|0|0|1|1|1|0|0|0|1|0|43760|43760|43760|43760|12450|312|53|324|26300808|81175.3333333333|0
"245101504003"|0|1|1|1|0|0|0|1|1|1|0|0|0|1|0|4380|10110|5670|10440|9752|325|103|264|20358372|77115.0454545455|0
"245101505002"|0|1|0|0|0|0|0|1|1|1|1|0|0|1|0|2296|5930|NA|NA|NA|284|114|206|13718910|66596.6504854369|0
"245102201003"|0|1|1|0|0|0|0|1|1|0|0|0|0|0|0|NA|NA|NA|NA|NA|98|14|0|0|NA|0
"245102501032"|0|1|0|0|0|0|0|1|1|1|1|0|1|0|0|NA|NA|NA|NA|NA|30|14|0|0|NA|0
"245102606054"|0|1|0|0|0|0|0|1|1|0|0|1|1|0|0|NA|NA|NA|NA|NA|0|0|0|0|NA|0
"245102606056"|0|1|0|0|0|0|0|1|1|0|0|1|1|0|0|NA|NA|NA|NA|NA|0|0|0|0|NA|0
"245102708044"|0|1|1|0|0|0|0|1|1|1|0|0|1|0|0|5520|5520|5130|5130|NA|9|0|10|2e+05|20000|0
"245102709031"|0|1|1|1|0|0|0|1|1|1|0|0|0|1|0|5161|15029|7074|13860|10490|1047|275|922|76084636|82521.2971800434|0
"245102709032"|0|1|1|1|0|0|0|1|1|1|0|0|0|1|0|5161|15029|7074|13860|10490|1047|275|922|76084636|82521.2971800434|0
"245102711012"|0|2|2|0|0|0|0|2|2|2|0|0|0|2|0|78815|78815|26856|26856|26116|834|270|808|74203954|172378.803089664|0
"245102805001"|0|1|1|0|0|0|0|1|1|0|0|0|1|0|0|NA|NA|NA|NA|NA|0|0|0|0|NA|0
"250010137002"|0|1|1|0|0|0|0|1|1|1|0|0|0|1|0|1632|18228|NA|NA|11978|173|29|166|14607598|87997.578313253|0
"250010137004"|0|1|1|0|0|0|0|1|1|1|0|0|0|1|0|1632|18228|NA|NA|11978|173|29|166|14607598|87997.578313253|0
"250010139001"|0|1|1|0|0|0|0|1|1|1|0|0|0|1|0|1632|18228|NA|NA|11978|173|29|166|14607598|87997.578313253|0
"250010139004"|0|2|1|0|0|0|0|2|2|1|0|1|1|1|0|NA|NA|NA|NA|NA|173|29|166|14607598|NA|0
"250010148004"|0|1|1|0|0|0|0|1|1|1|0|0|1|0|0|11200|11200|19457|19457|NA|14|1|0|0|NA|0
"250039001002"|0|1|0|0|0|0|0|1|1|0|0|1|1|0|0|12051|12051|NA|NA|NA|0|0|0|0|NA|0
"250039001003"|0|1|0|0|0|0|0|1|1|0|0|1|1|0|0|12051|12051|NA|NA|NA|0|0|0|0|NA|0
"250039005002"|0|1|0|0|0|0|0|1|1|1|1|0|0|1|0|624|6240|NA|NA|NA|121|43|102|6653302|65228.4509803922|0
"250039201013"|0|1|1|0|0|0|0|1|1|1|0|0|0|1|0|51490|51490|50337|50337|13690|713|166|598|67051040|112125.484949833|0
"250039213003"|0|1|1|0|0|0|0|1|1|1|0|0|0|1|0|1030|9975|3006|3006|10078|215|50|182|14740364|80991.010989011|0
"250039213004"|0|1|1|0|0|0|0|1|1|1|0|0|0|1|0|1030|9975|3006|3006|10078|215|50|182|14740364|80991.010989011|0
"250039214001"|0|1|0|0|0|0|0|1|0|0|0|1|1|0|0|NA|NA|NA|NA|NA|0|0|0|0|NA|0
"250039251002"|0|1|0|0|0|0|0|1|1|1|0|0|1|0|0|50600|50600|NA|NA|14060|113|15|102|6788400|66552.9411764706|0
"250056002022"|0|1|0|0|0|0|0|1|1|0|0|1|1|0|0|NA|NA|NA|NA|NA|0|0|0|0|NA|0
"250056111021"|0|1|0|0|0|0|0|1|1|1|0|0|0|1|0|48694|48694|NA|NA|12500|321|107|274|22781284|83143.3722627737|0
"250056138002"|0|1|0|0|0|0|0|1|1|0|0|1|1|0|0|NA|NA|NA|NA|NA|0|0|0|0|NA|0
"250056322004"|0|1|0|0|0|0|0|1|1|0|0|1|1|0|0|NA|NA|NA|NA|NA|0|0|0|0|NA|0
"250056411011"|0|1|0|0|0|0|0|1|1|0|0|1|1|0|0|NA|NA|NA|NA|NA|0|0|0|0|NA|0
"250056412002"|0|1|0|0|0|0|0|1|1|0|0|1|1|0|0|NA|NA|NA|NA|NA|0|0|0|0|NA|0
"250056417001"|0|1|0|0|0|0|0|1|1|0|0|1|1|0|0|NA|NA|NA|NA|NA|0|0|0|0|NA|0
"250056417002"|0|1|0|0|0|0|0|1|1|0|0|1|1|0|0|NA|NA|NA|NA|NA|0|0|0|0|NA|0
"250056417003"|0|2|0|0|0|0|0|2|2|1|1|1|1|1|0|NA|NA|NA|NA|NA|273|64|250|15931192|NA|0
"250056425001"|0|1|0|0|0|0|0|1|1|1|1|0|0|1|0|576|5520|NA|NA|NA|273|64|250|15931192|63724.768|0
"250056502021"|0|1|0|0|0|0|0|1|1|0|0|1|1|0|0|NA|NA|NA|NA|NA|0|0|0|0|NA|0
"250056504001"|0|1|0|0|0|0|0|1|1|0|0|1|1|0|0|NA|NA|NA|NA|NA|0|0|0|0|NA|0
"250056518001"|0|1|0|0|0|0|0|1|0|0|0|0|1|0|0|NA|NA|NA|NA|NA|0|0|0|0|NA|0
"250059855001"|0|1|1|0|0|0|0|1|1|1|0|0|0|1|0|12783|27068|14994|27068|12470|724|213|798|77338102|96914.9147869674|0
"250059856001"|0|1|0|0|0|0|0|1|1|1|0|0|0|1|0|39900|39900|NA|NA|15230|381|120|326|26554376|81455.1411042945|0
"250092041012"|0|1|1|0|0|0|0|1|1|1|0|0|0|1|0|910|7050|2520|4140|12892|557|111|698|61705064|88402.670487106|0
"250092114011"|0|1|0|0|0|0|0|1|1|1|1|0|0|1|0|600|6168|NA|NA|NA|288|111|250|15875586|63502.344|0
"250092114021"|0|1|0|0|0|0|0|1|1|1|1|0|0|1|0|600|6168|NA|NA|NA|288|111|250|15875586|63502.344|0
"250092151012"|0|0|1|0|0|0|0|1|1|1|0|0|0|1|0|NA|NA|19350|19350|NA|130|51|68|5490646|80744.7941176471|0
"250092161003"|0|1|1|0|0|0|0|1|1|1|0|0|0|1|0|34528|34528|5850|5850|10412|316|73|180|13030412|72391.1777777778|0
"250092175002"|0|1|0|0|0|0|0|1|1|1|0|0|1|0|0|29500|29500|NA|NA|11250|31|4|32|1816000|56750|0
"250092175006"|0|1|0|0|0|0|0|1|1|1|0|0|1|0|0|29500|29500|NA|NA|11250|31|4|32|1816000|56750|0
"250092176003"|0|1|1|0|0|0|0|1|1|1|0|0|0|1|0|30612|30612|11489|11489|14500|375|100|204|17296304|84785.8039215686|0
"250092176005"|0|1|1|0|0|0|0|1|1|1|0|0|0|1|0|30612|30612|11489|11489|14500|375|100|204|17296304|84785.8039215686|0
"250092181005"|0|1|1|0|0|0|0|1|1|1|0|0|0|1|0|34528|34528|5850|5850|10412|316|73|180|13030412|72391.1777777778|0
"250092233001"|0|1|0|0|0|0|0|1|1|0|0|1|1|0|0|NA|NA|NA|NA|NA|0|0|0|0|NA|0
"250092532011"|0|1|0|0|0|0|0|1|1|0|0|1|1|0|0|NA|NA|NA|NA|NA|0|0|0|0|NA|0
"250092544021"|0|0|1|0|0|0|0|1|1|1|0|0|1|0|0|NA|NA|NA|NA|NA|13|3|28|4266100|152360.714285714|0
"250092544024"|0|0|1|0|0|0|0|1|1|1|0|0|1|0|0|NA|NA|NA|NA|NA|13|3|28|4266100|152360.714285714|0
"250092603022"|0|1|0|0|0|0|0|1|1|1|1|0|0|1|0|600|6384|NA|NA|NA|240|61|224|14111202|62996.4375|0
"250092611012"|0|1|1|0|0|0|0|1|1|1|0|0|1|0|0|10500|10500|10440|10440|8600|31|4|18|999066|55503.6666666667|0
"250110407014"|0|1|0|0|0|0|0|1|1|0|0|1|1|0|0|NA|NA|NA|NA|NA|0|0|0|0|NA|0
"250110407022"|0|1|0|0|0|0|0|1|1|0|0|1|1|0|0|NA|NA|NA|NA|NA|0|0|0|0|NA|0
"250110410001"|0|1|0|0|0|0|0|1|1|1|1|0|0|1|0|624|6744|NA|NA|NA|139|40|116|7500442|64658.9827586207|0
"250110410002"|0|1|0|0|0|0|0|1|1|1|1|0|0|1|0|624|6744|NA|NA|NA|139|40|116|7500442|64658.9827586207|0
"250110415013"|0|0|1|0|0|0|0|1|1|1|0|0|1|0|0|NA|NA|34500|34500|NA|4|2|4|231680|57920|0
"250110415021"|0|1|0|0|0|0|0|1|1|1|1|0|0|1|0|624|6744|NA|NA|NA|139|40|116|7500442|64658.9827586207|0
"250138002021"|0|1|0|0|0|0|0|1|1|0|0|1|1|0|0|NA|NA|NA|NA|NA|0|0|0|0|NA|0
"250138011011"|0|1|0|0|0|0|0|1|1|0|0|1|1|0|0|NA|NA|NA|NA|NA|0|0|0|0|NA|0
"250138012002"|0|1|0|0|0|0|0|1|1|1|1|0|0|1|0|750|7260|NA|NA|NA|224|62|292|19888212|68110.3150684931|0
"250138016011"|0|1|1|0|0|0|0|1|1|1|0|0|0|1|0|32524|32524|24120|24120|13214|465|116|474|41125176|86761.9746835443|0
"250138017002"|0|2|2|0|0|0|0|2|2|2|0|0|0|2|0|51882|51882|46002|46002|NA|458|135|414|30429536|154155.040866873|0
"250138017004"|0|1|1|0|0|0|0|1|1|1|0|0|0|1|0|33140|33140|14106|14106|13490|210|72|158|8271312|52350.0759493671|0
"250138104031"|0|1|0|0|0|0|0|1|1|0|0|1|1|0|0|NA|NA|NA|NA|NA|0|0|0|0|NA|0
"250138104033"|0|1|0|0|0|0|0|1|1|0|0|1|1|0|0|NA|NA|NA|NA|NA|0|0|0|0|NA|0
"250138106021"|0|1|0|0|0|0|0|1|1|1|1|0|1|0|0|NA|NA|NA|NA|NA|4|0|0|0|NA|0
"250138109021"|0|1|1|0|0|0|0|1|1|1|0|0|0|1|0|31846|31846|13392|13392|12236|124|56|126|7877350|62518.6507936508|0
"250138121012"|0|1|0|0|0|0|0|1|1|1|1|0|0|1|0|4272|9216|NA|NA|NA|275|102|256|16494336|64431|0
"250138122012"|0|1|0|0|0|0|0|1|0|0|0|0|1|0|0|NA|NA|NA|NA|NA|0|0|0|0|NA|0
"250138122023"|0|1|0|0|0|0|0|1|1|0|0|1|1|0|0|NA|NA|NA|NA|NA|0|0|0|0|NA|0
"250138129022"|0|1|1|0|0|0|0|1|1|1|0|0|0|1|0|970|7050|5724|5724|10396|463|123|460|38126902|82884.5695652174|0
"250138129031"|0|1|1|0|0|0|0|1|1|1|0|0|0|1|0|970|7050|5724|5724|10396|463|123|460|38126902|82884.5695652174|0
"250138133012"|0|1|1|0|0|0|0|1|1|1|0|0|0|1|0|32739|32739|22420|22420|12610|220|62|114|9191654|80628.5438596491|0
"250138136011"|0|1|0|0|0|0|0|1|1|0|0|1|1|0|0|NA|NA|NA|NA|NA|0|0|0|0|NA|0
"250158204001"|0|1|1|0|0|0|0|1|1|1|0|0|0|0|1|14590|31823|13524|29644|11897|4168|980|2654|295892260|111489.171062547|0
"250158204002"|0|1|1|0|0|0|0|1|1|1|0|0|0|0|1|14590|31823|13524|29644|11897|4168|980|2654|295892260|111489.171062547|0
"250158206001"|0|1|0|0|0|0|0|1|1|1|0|0|0|1|0|51620|51620|NA|NA|13710|670|196|442|50724960|114762.352941176|0
"250158208014"|0|1|0|0|0|0|0|1|1|1|0|0|0|1|0|48810|48810|NA|NA|13274|266|84|270|21756326|80578.9851851852|0
"250158208021"|0|1|0|0|0|0|0|1|1|1|0|0|0|1|0|48810|48810|NA|NA|13274|266|84|270|21756326|80578.9851851852|0
"250158212001"|0|1|1|0|0|0|0|1|1|1|0|0|0|1|0|45680|45680|25987|25987|13440|628|113|454|40562984|89345.7797356828|0
"250158219011"|0|1|1|0|0|0|0|1|1|1|0|0|0|1|0|47620|47620|47620|47620|16010|714|168|618|68417904|110708.582524272|0
"250158219031"|0|1|1|0|0|0|0|1|1|1|0|0|0|1|0|47620|47620|47620|47620|16010|714|168|618|68417904|110708.582524272|0
"250158220001"|0|1|1|0|0|0|0|1|1|1|0|0|0|1|0|47620|47620|47620|47620|16010|714|168|618|68417904|110708.582524272|0
"250158226062"|0|0|1|0|0|0|0|1|1|1|0|0|1|0|0|NA|NA|34500|34500|NA|4|2|4|231680|57920|0
"250173101001"|0|1|0|0|0|0|0|1|1|0|0|1|1|0|0|NA|NA|NA|NA|NA|0|0|0|0|NA|0
"250173105001"|0|1|1|0|0|0|0|1|1|1|0|0|0|0|1|13932|30500|14304|25853|12073|1098|248|1156|122330508|105822.238754325|0
"250173119002"|0|1|0|0|0|0|0|1|1|0|0|1|1|0|0|NA|NA|NA|NA|NA|0|0|0|0|NA|0
"250173122004"|0|1|0|0|0|0|0|1|1|0|0|1|1|0|0|NA|NA|NA|NA|NA|0|0|0|0|NA|0
"250173151001"|0|1|0|0|0|0|0|1|1|0|0|1|1|0|0|NA|NA|NA|NA|NA|0|0|0|0|NA|0
"250173215001"|0|1|0|0|0|0|0|1|0|0|0|1|1|0|0|NA|NA|NA|NA|NA|0|0|0|0|NA|0
"250173311012"|0|1|0|0|0|0|0|1|1|0|0|0|1|0|0|NA|NA|NA|NA|NA|0|0|0|0|NA|0
"250173335013"|0|2|0|0|0|0|0|2|2|0|0|2|2|0|0|NA|NA|NA|NA|NA|0|0|0|0|NA|0
"250173336002"|0|1|0|0|0|0|0|1|1|0|0|1|1|0|0|NA|NA|NA|NA|NA|0|0|0|0|NA|0
"250173336003"|0|2|0|0|0|0|0|2|2|0|0|2|2|0|0|NA|NA|NA|NA|NA|0|0|0|0|NA|0
"250173341002"|0|1|0|0|0|0|0|1|1|0|0|1|1|0|0|NA|NA|NA|NA|NA|0|0|0|0|NA|0
"250173391005"|0|1|0|0|0|0|0|1|1|1|1|0|1|0|0|25383|25383|NA|NA|NA|11|2|80|6834534|85431.675|0
"250173394004"|0|1|0|0|0|0|0|1|1|0|0|1|1|0|0|NA|NA|NA|NA|NA|0|0|0|0|NA|0
"250173395001"|0|1|1|0|0|1|0|1|1|1|0|0|0|0|1|51304|51304|49892|49892|13556|2951|692|1668|192602014|115468.833333333|0
"250173411021"|0|1|0|0|0|0|0|1|1|0|0|1|1|0|0|NA|NA|NA|NA|NA|0|0|0|0|NA|0
"250173412001"|0|1|0|0|0|0|0|1|1|0|0|1|1|0|0|NA|NA|NA|NA|NA|0|0|0|0|NA|0
"250173412002"|0|1|0|0|0|0|0|1|1|0|0|1|1|0|0|NA|NA|NA|NA|NA|0|0|0|0|NA|0
"250173413003"|0|2|0|0|0|0|0|3|2|0|0|2|2|0|0|NA|NA|NA|NA|NA|0|0|0|0|NA|0
"250173424004"|0|1|0|0|0|0|0|1|1|1|1|0|0|0|1|576|5520|NA|NA|NA|308|136|296|19710032|66587.9459459459|0
"250173501031"|0|1|0|0|0|0|0|1|1|0|0|1|1|0|0|NA|NA|NA|NA|NA|0|0|0|0|NA|0
"250173514041"|0|1|0|0|0|0|0|1|1|1|1|0|0|0|1|576|5520|NA|NA|NA|308|136|296|19710032|66587.9459459459|0
"250173515001"|0|1|0|0|0|0|0|1|1|1|1|0|0|0|1|576|5520|NA|NA|NA|308|136|296|19710032|66587.9459459459|0
"250173521012"|0|1|1|0|0|0|0|1|1|1|0|0|0|1|0|36450|36450|48587|48587|18460|121|14|54|7110812|131681.703703704|0
"250173523001"|0|1|0|0|0|0|0|1|1|1|1|0|1|0|0|12328|12328|NA|NA|NA|7|2|12|640672|53389.3333333333|0
"250173523002"|0|1|0|0|0|0|0|1|1|1|1|0|1|0|0|12328|12328|NA|NA|NA|7|2|12|640672|53389.3333333333|0
"250173524001"|0|1|0|0|0|0|0|1|1|1|1|0|1|0|0|12328|12328|NA|NA|NA|7|2|12|640672|53389.3333333333|0
"250173524002"|0|2|1|0|0|0|0|2|2|2|1|0|1|0|1|60468|60468|NA|NA|NA|15575|2351|2676|434352334|216194.011261261|0
"250173530001"|0|1|1|0|0|0|0|1|1|1|0|0|0|1|0|14436|14436|13736|13736|NA|108|49|44|4109308|93393.3636363636|0
"250173530003"|0|1|1|0|0|0|0|1|1|1|0|0|0|1|0|14436|14436|13736|13736|NA|108|49|44|4109308|93393.3636363636|0
"250173531021"|0|1|1|0|0|0|0|1|1|1|0|0|0|0|1|48140|48140|48140|48140|14210|15568|2349|2664|433711662|162804.677927928|0
"250173531022"|0|1|1|0|0|0|0|1|1|1|0|0|0|0|1|48140|48140|48140|48140|14210|15568|2349|2664|433711662|162804.677927928|0
"250173531023"|0|1|1|0|0|0|0|1|1|1|0|0|0|0|1|48140|48140|48140|48140|14210|15568|2349|2664|433711662|162804.677927928|0
"250173536005"|0|1|1|0|0|0|0|1|1|1|0|0|0|1|0|25500|25500|17550|17550|15300|338|125|302|24672474|81696.9337748344|0
"250173537003"|0|2|2|0|0|1|0|2|2|2|0|0|0|1|1|68780|68780|60846|60846|31251|13872|2430|3812|672417032|266239.542891644|0
"250173538004"|0|1|1|0|0|0|0|1|1|1|0|0|0|1|0|14436|14436|13736|13736|NA|108|49|44|4109308|93393.3636363636|0
"250173540003"|0|1|1|0|0|0|0|1|1|1|0|0|1|0|0|37900|37900|37900|37900|NA|34|2|0|0|NA|0
"250173541002"|0|0|1|0|0|0|0|1|1|1|0|0|1|0|0|NA|NA|15210|15210|NA|18|3|10|1071926|107192.6|0
"250173541003"|0|0|1|0|0|0|0|1|1|1|0|0|1|0|0|NA|NA|15210|15210|NA|18|3|10|1071926|107192.6|0
"250173591001"|0|1|0|0|0|0|0|1|1|1|1|0|0|1|0|576|5520|NA|NA|NA|339|67|242|16111628|66576.9752066116|0
"250173591003"|0|1|0|0|0|0|0|1|1|1|1|0|0|1|0|576|5520|NA|NA|NA|339|67|242|16111628|66576.9752066116|0
"250173591004"|0|1|0|0|0|0|0|1|1|1|1|0|0|1|0|576|5520|NA|NA|NA|339|67|242|16111628|66576.9752066116|0
"250173611003"|0|1|0|0|0|0|0|1|1|0|0|1|1|0|0|NA|NA|NA|NA|NA|0|0|0|0|NA|0
"250173612001"|0|1|0|0|0|0|0|1|1|0|0|1|1|0|0|NA|NA|NA|NA|NA|0|0|0|0|NA|0
"250173672002"|0|0|1|0|0|0|0|1|1|1|0|0|1|0|0|NA|NA|20000|20000|NA|14|3|20|801102|40055.1|0
"250173672003"|0|1|2|0|0|0|0|2|2|2|0|0|1|1|0|NA|NA|57540|57540|NA|222|56|222|16229036|116431.010891089|0
"250173672004"|0|0|1|0|0|0|0|1|1|1|0|0|1|0|0|NA|NA|20000|20000|NA|14|3|20|801102|40055.1|0
"250173672006"|0|0|1|0|0|0|0|1|1|1|0|0|1|0|0|NA|NA|20000|20000|NA|14|3|20|801102|40055.1|0
"250173672007"|0|0|1|0|0|0|0|1|1|1|0|0|1|0|0|NA|NA|20000|20000|NA|14|3|20|801102|40055.1|0
"250173684002"|0|1|1|0|0|0|0|1|1|1|0|0|0|1|0|49586|49586|48507|48507|14380|1349|240|716|82250462|114874.946927374|0
"250173684003"|0|1|1|0|0|0|0|1|1|1|0|0|0|1|0|49586|49586|48507|48507|14380|1349|240|716|82250462|114874.946927374|0
"250173689011"|0|1|1|0|0|0|0|1|1|1|0|0|0|1|0|44210|44210|33800|33800|15130|581|194|568|68399760|120422.112676056|0
"250173689021"|0|1|1|0|0|0|0|1|1|1|0|0|0|1|0|44210|44210|33800|33800|15130|581|194|568|68399760|120422.112676056|0
"250173689023"|0|1|0|0|0|0|0|1|1|0|0|1|1|0|0|NA|NA|NA|NA|NA|0|0|0|0|NA|0
"250173690001"|0|1|1|0|0|0|0|1|1|1|0|0|0|1|0|44210|44210|33800|33800|15130|581|194|568|68399760|120422.112676056|0
"250173691004"|0|1|1|0|0|0|0|1|1|1|0|0|0|1|0|44210|44210|33800|33800|15130|581|194|568|68399760|120422.112676056|0
"250173701024"|0|1|0|0|0|0|0|1|1|0|0|1|1|0|0|NA|NA|NA|NA|NA|0|0|0|0|NA|0
"250173704006"|0|1|0|0|0|0|0|1|1|0|0|1|1|0|0|NA|NA|NA|NA|NA|0|0|0|0|NA|0
"250173735001"|0|1|1|0|0|0|0|1|1|1|0|0|0|0|1|50480|50480|27216|27216|13818|2680|617|1642|216039328|131570.845310597|0
"250173735002"|0|1|1|0|0|0|0|1|1|1|0|0|0|0|1|50480|50480|27216|27216|13818|2680|617|1642|216039328|131570.845310597|0
"250173735004"|0|1|1|0|0|0|0|1|1|1|0|0|0|0|1|50480|50480|27216|27216|13818|2680|617|1642|216039328|131570.845310597|0
"250173736001"|0|1|1|0|0|0|0|1|1|1|0|0|0|0|1|50480|50480|27216|27216|13818|2680|617|1642|216039328|131570.845310597|0
"250173738001"|0|1|2|0|0|0|0|2|2|2|0|0|2|0|0|NA|NA|42585|42585|NA|68|8|42|3178840|151391.111111111|0
"250173740002"|0|1|2|0|0|0|0|2|2|2|0|0|1|1|0|NA|NA|49260|49260|NA|213|69|230|19798012|174652.302671524|0
"250173743002"|0|1|0|0|0|0|0|1|1|1|1|0|0|1|0|576|5520|NA|NA|NA|170|44|150|10507424|70049.4933333333|0
"250173748001"|0|1|1|0|0|0|0|1|1|1|0|0|0|1|0|32300|32300|10800|10800|13900|220|43|180|13219136|73439.6444444444|0
"250173835013"|0|1|0|0|0|0|0|1|1|0|0|1|1|0|0|NA|NA|NA|NA|NA|0|0|0|0|NA|0
"250173835021"|0|1|1|0|0|0|0|1|1|1|0|0|0|1|0|970|7050|1675|7050|11244|334|72|396|31311716|79069.9898989899|0
"250173835022"|0|1|1|0|0|0|0|1|1|1|0|0|0|1|0|970|7050|1675|7050|11244|334|72|396|31311716|79069.9898989899|0
"250173883003"|0|1|1|0|0|0|0|1|1|1|0|0|0|0|1|13932|30500|14304|25853|12073|1098|248|1156|122330508|105822.238754325|0
"250214004002"|0|0|1|0|0|0|0|1|1|1|0|0|1|0|0|NA|NA|17040|17040|NA|4|4|10|677022|67702.2|0
"250214006003"|0|1|0|0|0|0|0|1|1|1|0|0|1|0|0|31990|31990|NA|NA|14150|57|19|56|3097444|55311.5|0
"250214007002"|0|2|0|0|0|0|0|2|2|1|0|1|2|0|0|NA|NA|NA|NA|NA|13|1|16|1214824|NA|0
"250214009002"|0|1|0|0|0|0|0|1|1|1|0|0|1|0|0|18540|18540|NA|NA|NA|13|1|16|1214824|75926.5|0
"250214011001"|0|1|1|0|0|0|0|1|1|1|0|0|1|0|0|21940|21940|21940|21940|16192|49|13|36|2561676|71157.6666666667|0
"250214012001"|0|1|1|0|0|0|0|1|1|1|0|0|1|0|0|27860|27860|12500|12500|13280|88|25|50|2745746|54914.92|0
"250214023002"|0|1|0|0|0|0|0|1|1|0|0|1|1|0|0|NA|NA|NA|NA|NA|0|0|0|0|NA|0
"250214034001"|0|1|0|0|0|0|0|1|1|1|0|0|1|0|0|46800|46800|NA|NA|15800|76|23|96|9938938|103530.604166667|0
"250214034005"|0|1|0|0|0|0|0|1|1|1|0|0|1|0|0|46800|46800|NA|NA|15800|76|23|96|9938938|103530.604166667|0
"250214035001"|0|1|2|0|0|0|0|2|2|2|0|0|1|1|0|NA|NA|49260|49260|NA|213|69|230|19798012|174652.302671524|0
"250214041001"|0|1|0|0|0|0|0|1|1|1|1|0|0|1|0|576|5520|NA|NA|NA|170|44|150|10507424|70049.4933333333|0
"250214042023"|0|1|1|0|0|0|0|1|1|1|0|0|0|1|0|48288|48288|71369|71369|15376|638|220|392|58645340|149605.459183673|0
"250214044005"|0|1|0|0|0|0|0|1|1|1|0|0|0|1|0|48510|48510|NA|NA|15114|792|516|700|75505044|107864.348571429|0
"250214131002"|0|1|0|0|0|0|0|1|1|1|1|0|1|0|0|19980|19980|NA|NA|NA|3|1|0|0|NA|0
"250214132002"|0|1|0|0|0|0|0|1|1|0|0|1|1|0|0|NA|NA|NA|NA|NA|0|0|0|0|NA|0
"250214132004"|0|1|0|0|0|0|0|1|1|0|0|0|1|0|0|NA|NA|NA|NA|NA|0|0|0|0|NA|0
"250214153002"|0|1|0|0|0|0|0|1|1|0|0|1|1|0|0|NA|NA|NA|NA|NA|0|0|0|0|NA|0
"250214161021"|0|1|1|0|0|0|0|1|1|1|0|0|0|1|0|35740|35740|14793|14793|14310|250|78|202|17739518|87819.396039604|0
"250214164006"|0|1|0|0|0|0|0|1|1|1|0|0|1|0|0|33903|33903|NA|NA|NA|59|7|48|3343976|69666.1666666667|0
"250214176012"|0|1|1|0|0|0|0|1|1|1|0|0|1|0|0|30250|30250|9842|9842|9140|104|26|78|3916580|50212.5641025641|0
"250214177013"|0|1|0|0|0|0|0|1|1|1|1|0|0|1|0|5280|5280|NA|NA|NA|101|14|134|9578346|71480.1940298507|0
"250214177014"|0|2|0|0|0|0|0|2|2|0|0|2|2|0|0|NA|NA|NA|NA|NA|0|0|0|0|NA|0
"250214182004"|0|1|1|0|0|0|0|1|1|1|0|0|0|1|0|35740|35740|14793|14793|14310|250|78|202|17739518|87819.396039604|0
"250214191001"|0|1|1|0|0|0|0|1|1|1|0|0|1|0|0|12384|12384|16647|16647|NA|4|1|0|0|NA|0
"250214202021"|0|1|1|0|0|0|0|1|1|1|0|0|0|1|0|35740|35740|14793|14793|14310|250|78|202|17739518|87819.396039604|0
"250214421013"|0|1|0|0|0|0|0|1|1|1|0|0|0|1|0|36660|36660|NA|NA|15732|133|19|58|3579842|61721.4137931034|0
"250214421021"|0|2|0|0|0|0|0|2|2|1|0|1|1|1|0|NA|NA|NA|NA|NA|133|19|58|3579842|NA|0
"250235105023"|0|1|0|0|0|0|0|1|1|0|0|1|1|0|0|NA|NA|NA|NA|NA|0|0|0|0|NA|0
"250235105024"|0|1|0|0|0|0|0|1|1|0|0|1|1|0|0|NA|NA|NA|NA|NA|0|0|0|0|NA|0
"250235111002"|0|1|0|0|0|0|0|1|1|0|0|1|1|0|0|NA|NA|NA|NA|NA|0|0|0|0|NA|0
"250235111006"|0|1|0|0|0|0|0|1|1|0|0|1|1|0|0|NA|NA|NA|NA|NA|0|0|0|0|NA|0
"250235112001"|0|1|0|0|0|0|0|1|1|1|1|0|0|1|0|576|5520|NA|NA|NA|289|105|248|16402284|66138.2419354839|0
"250235112004"|0|1|0|0|0|0|0|1|1|1|1|0|0|1|0|576|5520|NA|NA|NA|289|105|248|16402284|66138.2419354839|0
"250235112005"|0|1|0|0|0|0|0|1|1|1|1|0|0|1|0|576|5520|NA|NA|NA|289|105|248|16402284|66138.2419354839|0
"250235117012"|0|1|0|0|0|0|0|1|1|0|0|1|1|0|0|NA|NA|NA|NA|NA|0|0|0|0|NA|0
"250235117021"|0|1|0|0|0|0|0|1|0|0|0|0|1|0|0|NA|NA|NA|NA|NA|0|0|0|0|NA|0
"250235117022"|0|1|0|0|0|0|0|1|0|0|0|0|1|0|0|NA|NA|NA|NA|NA|0|0|0|0|NA|0
"250235301002"|0|1|0|0|0|0|0|1|1|0|0|1|1|0|0|NA|NA|NA|NA|NA|0|0|0|0|NA|0
"250235612001"|0|1|1|0|0|0|0|1|1|1|0|0|0|0|1|910|7050|1675|1675|12200|748|185|724|59254506|81843.2403314917|0
"250250004022"|0|1|1|0|0|0|0|1|1|1|0|0|1|0|0|22650|22650|16725|16725|9750|10|6|34|1699668|49990.2352941177|0
"250250101032"|0|1|1|0|0|1|0|1|1|1|0|0|0|0|1|49176|49176|49176|49176|14870|5274|1003|3596|447378086|124409.923804227|0
"250250101042"|0|1|0|0|0|0|0|1|1|0|0|1|1|0|0|24000|24000|NA|NA|NA|0|0|0|0|NA|0
"250250103001"|0|2|2|0|0|0|0|2|2|2|0|0|1|1|0|NA|NA|NA|NA|NA|254|68|224|20663118|NA|0
"250250103002"|0|4|4|0|0|0|0|4|4|4|0|0|0|4|0|138980|138980|73503|73503|58950|1073|270|1316|118803096|337229.077202621|0
"250250104051"|0|3|3|0|0|0|0|3|3|3|0|0|1|0|2|112570|112570|90661|90661|NA|2895|678|2910|329394960|277797.857046764|0
"250250104052"|0|1|1|0|0|0|0|1|0|0|0|0|1|0|0|NA|NA|NA|NA|NA|0|0|0|0|NA|0
"250250105001"|0|1|1|0|0|0|0|1|1|1|0|0|0|1|0|40220|40220|43387|43387|18000|664|189|696|57421774|82502.5488505747|0
"250250107013"|0|1|1|0|0|0|0|1|1|1|0|0|1|0|0|22278|22278|23159|23159|NA|81|21|40|3313262|82831.55|0
"250250107021"|0|2|0|0|0|0|0|2|2|1|0|1|2|0|0|NA|NA|NA|NA|NA|60|14|38|2201044|NA|0
"250250108011"|0|1|1|0|0|0|0|1|1|1|0|0|0|1|0|28645|28645|29840|29840|15459|94|8|68|4565614|67141.3823529412|0
"250250108021"|0|0|1|0|1|0|0|1|1|1|0|0|1|0|0|NA|NA|20019|20019|NA|89|22|98|10931028|111541.102040816|0
"250250201012"|0|1|1|0|0|0|0|1|1|1|0|0|0|1|0|28645|28645|29840|29840|15459|94|8|68|4565614|67141.3823529412|0
"250250202001"|0|0|1|0|0|0|0|1|1|0|0|1|1|0|0|NA|NA|NA|NA|NA|0|0|0|0|NA|0
"250250202002"|0|0|1|0|0|0|0|1|1|0|0|1|1|0|0|NA|NA|NA|NA|NA|0|0|0|0|NA|0
"250250202003"|0|0|1|0|0|0|0|1|1|0|0|1|1|0|0|NA|NA|NA|NA|NA|0|0|0|0|NA|0
"250250203011"|0|0|1|0|0|0|0|1|1|0|0|1|1|0|0|NA|NA|NA|NA|NA|0|0|0|0|NA|0
"250250203012"|0|0|1|0|0|0|0|1|1|0|0|1|1|0|0|NA|NA|NA|NA|NA|0|0|0|0|NA|0
"250250203032"|0|2|2|0|0|0|0|2|2|1|0|0|0|1|0|NA|NA|NA|NA|NA|945|237|682|72169236|NA|0
"250250302001"|0|3|2|0|0|0|0|3|3|1|0|1|1|1|0|NA|NA|NA|NA|NA|945|237|682|72169236|NA|0
"250250303001"|0|3|3|0|0|0|0|3|3|2|0|0|0|2|0|NA|NA|NA|NA|NA|993|247|688|72516012|NA|0
"250250303002"|0|2|2|0|0|0|0|2|2|1|0|0|0|1|0|NA|NA|NA|NA|NA|945|237|682|72169236|NA|0
"250250303003"|0|2|2|0|0|0|0|2|2|1|0|0|0|1|0|NA|NA|NA|NA|NA|945|237|682|72169236|NA|0
"250250303004"|0|2|2|0|0|0|0|2|2|1|0|0|0|1|0|NA|NA|NA|NA|NA|945|237|682|72169236|NA|0
"250250304002"|0|3|2|0|0|0|0|3|3|1|0|1|1|1|0|NA|NA|NA|NA|NA|945|237|682|72169236|NA|0
"250250401001"|0|1|1|0|0|0|0|1|1|1|0|0|0|1|0|53200|53200|43812|43812|NA|106|33|184|18776862|102048.163043478|0
"250250406001"|0|1|0|0|0|0|0|1|1|1|1|0|0|0|1|576|5520|NA|NA|NA|308|136|296|19710032|66587.9459459459|0
"250250408013"|0|1|1|0|0|0|0|1|1|1|0|0|0|1|0|53200|53200|43812|43812|NA|106|33|184|18776862|102048.163043478|0
"250250701011"|0|1|1|0|0|0|0|1|1|1|0|0|0|1|0|10920|10920|17340|17340|NA|48|10|6|346776|57796|0
"250250701014"|0|1|0|0|0|0|0|1|1|0|0|1|1|0|0|NA|NA|NA|NA|NA|0|0|0|0|NA|0
"250250701015"|0|1|0|0|0|0|0|1|1|1|1|0|1|0|0|7104|7104|NA|NA|NA|13|3|4|216000|54000|0
"250250701017"|0|1|1|0|0|0|0|1|1|1|0|0|0|1|0|10920|10920|17340|17340|NA|48|10|6|346776|57796|0
"250250701018"|0|1|1|0|0|0|0|1|1|1|0|0|0|1|0|10920|10920|17340|17340|NA|48|10|6|346776|57796|0
"250250702003"|0|1|2|0|0|0|0|2|2|2|0|0|1|1|0|NA|NA|NA|NA|NA|582|161|460|43991892|245755.299708355|0
"250250703004"|0|1|0|0|0|0|0|1|1|1|0|0|1|0|0|16950|16950|NA|NA|15050|42|3|70|3898476|55692.5142857143|0
"250250808011"|0|1|1|0|0|0|0|1|1|1|0|0|0|1|0|31840|31840|36200|36200|13530|337|72|316|23624040|74759.6202531646|0
"250250814003"|0|1|0|0|0|0|0|1|1|1|1|0|0|1|0|624|5928|NA|NA|NA|122|31|76|5233934|68867.5526315789|0
"250250909012"|0|1|1|0|0|0|0|1|1|1|0|0|0|0|1|13110|31698|16863|32913|NA|1210|530|1428|139961494|98012.2507002801|0
"250250916003"|0|1|0|0|0|0|0|1|1|0|0|1|1|0|0|NA|NA|NA|NA|NA|0|0|0|0|NA|0
"250251402023"|0|1|0|0|0|0|0|1|1|1|0|0|1|0|0|11400|11400|NA|NA|7000|7|0|4|330426|82606.5|0
"250259815011"|0|1|2|0|0|1|0|2|2|2|0|0|1|0|1|NA|NA|64386|64386|NA|5292|1006|3606|448450012|231602.523804227|0
"250277075001"|0|1|0|0|0|0|0|1|1|1|1|0|0|1|0|600|5520|NA|NA|NA|260|101|146|11390834|78019.4109589041|0
"250277103002"|0|1|0|0|0|0|0|1|0|0|0|1|1|0|0|NA|NA|NA|NA|NA|0|0|0|0|NA|0
"250277108001"|0|1|1|0|0|0|0|1|1|1|0|0|0|1|0|970|7050|3186|3186|10144|311|83|408|33332558|81697.4460784314|0
"250277121013"|0|1|0|0|0|0|0|1|1|0|0|1|1|0|0|NA|NA|NA|NA|NA|0|0|0|0|NA|0
"250277271001"|0|1|1|0|0|0|0|1|1|1|0|0|0|1|0|33840|33840|10530|10530|13510|75|27|82|4605756|56167.756097561|0
"250277271002"|0|1|1|0|0|0|0|1|1|1|0|0|0|1|0|33840|33840|10530|10530|13510|75|27|82|4605756|56167.756097561|0
"250277292002"|0|1|0|0|0|0|0|1|1|1|1|0|1|0|0|NA|NA|NA|NA|NA|5|1|6|374000|62333.3333333333|0
"250277292003"|0|1|0|0|0|0|0|1|1|1|1|0|1|0|0|NA|NA|NA|NA|NA|5|1|6|374000|62333.3333333333|0
"250277303002"|0|1|0|0|0|0|0|1|1|1|1|0|0|1|0|576|5520|NA|NA|NA|293|107|282|18153836|64375.304964539|0
"250277306004"|0|1|1|0|0|0|0|1|1|1|0|0|0|1|0|35510|35510|11610|11610|11660|232|84|292|22213724|76074.397260274|0
"250277306005"|0|1|0|0|0|0|0|1|1|0|0|1|1|0|0|NA|NA|NA|NA|NA|0|0|0|0|NA|0
"250277309021"|0|1|1|0|0|0|0|1|1|1|0|0|0|1|0|970|7050|2700|2700|11776|342|101|408|32280432|79118.7058823529|0
"250277312021"|0|1|1|0|0|0|0|1|1|1|0|0|0|1|0|42800|42800|42800|42800|8450|439|101|412|39094622|94889.859223301|0
"250277315001"|0|1|0|0|0|0|0|1|1|0|0|1|1|0|0|NA|NA|NA|NA|NA|0|0|0|0|NA|0
"250277316004"|0|2|2|0|0|0|0|2|2|2|0|0|0|2|0|80036|80036|38261|38261|26586|946|272|824|84359344|175799.686758893|0
"250277316006"|0|1|1|0|0|0|0|1|1|1|0|0|0|1|0|46364|46364|25344|25344|13736|779|226|736|78244264|106310.141304348|0
"250277317001"|0|0|1|0|0|0|0|1|0|0|0|0|1|0|0|NA|NA|NA|NA|NA|0|0|0|0|NA|0
"250277318006"|0|1|0|0|0|0|0|1|1|0|0|1|1|0|0|NA|NA|NA|NA|NA|0|0|0|0|NA|0
"250277320022"|0|0|1|0|0|1|0|1|1|1|0|0|0|1|0|NA|NA|18958|27438|NA|6|2|34|4446754|130786.882352941|0
"250277320023"|0|0|1|0|0|1|0|1|1|1|0|0|0|1|0|NA|NA|18958|27438|NA|6|2|34|4446754|130786.882352941|0
"250277329021"|0|1|0|0|0|0|0|1|1|1|0|0|0|1|0|48295|48295|NA|NA|13225|741|247|554|54262236|97946.2743682311|0
"250277401012"|0|1|0|0|0|0|0|1|1|0|0|1|1|0|0|NA|NA|NA|NA|NA|0|0|0|0|NA|0
"250277424021"|0|1|0|0|0|0|0|1|1|0|0|1|1|0|0|NA|NA|NA|NA|NA|0|0|0|0|NA|0
"250277431002"|0|1|0|0|0|0|0|1|1|0|0|1|1|0|0|NA|NA|NA|NA|NA|0|0|0|0|NA|0
"250277431004"|0|1|0|0|0|0|0|1|1|0|0|1|1|0|0|NA|NA|NA|NA|NA|0|0|0|0|NA|0
"250277552004"|0|1|1|0|0|0|0|1|1|1|0|0|0|1|0|33000|33000|11700|11700|13500|131|37|102|7169956|70293.6862745098|0
"250277561022"|0|1|0|0|0|0|0|1|1|0|0|1|1|0|0|NA|NA|NA|NA|NA|0|0|0|0|NA|0
"260070003004"|0|1|0|0|0|0|0|1|1|1|0|0|0|1|0|6855|6855|NA|NA|NA|62|16|96|7207244|75075.4583333333|0
"260130002003"|0|1|0|0|0|0|1|1|1|1|1|0|1|0|0|2400|2400|NA|NA|NA|23|2|10|433512|43351.2|0
"260150105001"|0|1|0|0|0|0|0|1|1|0|0|1|1|0|0|6816|9892|NA|NA|5748|0|0|0|0|NA|0
"260172803001"|0|1|0|0|0|0|0|1|1|0|0|1|1|0|0|NA|NA|NA|NA|NA|0|0|0|0|NA|0
"260172813001"|0|1|0|0|0|0|0|1|1|0|0|1|1|0|0|NA|NA|NA|NA|NA|0|0|0|0|NA|0
"260172854003"|0|1|0|0|0|0|0|1|1|1|1|0|0|1|0|5100|9600|NA|NA|NA|282|141|408|33168536|81295.431372549|0
"260172859001"|0|1|0|0|0|0|0|1|1|0|0|1|1|0|0|NA|NA|NA|NA|NA|0|0|0|0|NA|0
"260172865001"|0|1|0|0|0|0|0|1|1|0|0|1|1|0|0|NA|NA|NA|NA|NA|0|0|0|0|NA|0
"260210011001"|0|1|0|0|0|0|0|1|1|0|0|1|1|0|0|NA|NA|NA|NA|NA|0|0|0|0|NA|0
"260210021002"|0|1|0|0|0|0|0|1|1|1|0|0|0|1|0|4500|4500|NA|NA|10000|150|60|114|8552396|75021.0175438596|0
"260210022003"|0|1|0|0|0|0|0|1|1|1|0|0|0|1|0|4500|4500|NA|NA|10000|150|60|114|8552396|75021.0175438596|0
"260210024002"|0|1|0|0|0|0|0|1|1|1|0|0|0|1|0|4500|4500|NA|NA|10000|150|60|114|8552396|75021.0175438596|0
"260210213001"|0|1|1|0|0|0|0|1|1|1|0|0|0|1|0|26790|26790|25128|25128|8742|495|183|456|26438600|57979.3859649123|0
"260210213002"|0|1|1|0|0|0|0|1|1|1|0|0|0|1|0|26790|26790|25128|25128|8742|495|183|456|26438600|57979.3859649123|0
"260239515003"|0|1|0|0|0|0|0|1|1|0|0|1|1|0|0|NA|NA|NA|NA|NA|0|0|0|0|NA|0
"260250005001"|0|1|0|0|0|0|0|1|1|0|0|1|1|0|0|NA|NA|NA|NA|NA|0|0|0|0|NA|0
"260250009002"|0|2|0|0|0|0|0|2|2|1|1|0|1|1|0|NA|NA|NA|NA|NA|152|61|160|12948872|NA|0
"260250014001"|0|1|0|0|0|0|0|1|1|0|0|1|1|0|0|NA|NA|NA|NA|NA|0|0|0|0|NA|0
"260250034001"|0|1|0|0|0|0|0|1|1|1|0|0|0|1|0|40570|40570|NA|NA|11610|277|116|232|15328602|66071.5603448276|0
"260270021001"|0|1|0|0|0|0|0|1|1|1|1|0|0|1|0|4658|5084|NA|NA|8860|94|18|116|6567860|56619.4827586207|0
"260270021002"|0|1|0|0|0|0|0|1|1|1|1|0|0|1|0|4658|5084|NA|NA|8860|94|18|116|6567860|56619.4827586207|0
"260339703001"|0|1|0|0|0|0|0|1|1|1|0|0|0|1|0|10824|10824|NA|NA|9442|214|58|198|11906042|60131.5252525253|0
"260339706003"|0|1|0|0|0|0|1|1|1|1|1|0|1|0|0|2660|2660|NA|NA|NA|49|13|28|1200420|42872.1428571429|0
"260350008003"|0|1|0|0|0|0|0|1|1|1|1|0|0|1|0|6516|6516|NA|NA|NA|123|34|106|7011634|66147.4905660377|0
"260350013003"|0|1|0|0|0|0|0|1|1|1|1|0|0|1|0|6516|6516|NA|NA|NA|123|34|106|7011634|66147.4905660377|0
"260370101041"|0|1|0|0|0|0|0|1|1|0|0|1|1|0|0|NA|NA|NA|NA|NA|0|0|0|0|NA|0
"260370112002"|0|1|0|0|0|0|0|1|1|0|0|1|1|0|0|NA|NA|NA|NA|NA|0|0|0|0|NA|0
"260370112003"|0|1|0|0|0|0|0|1|1|0|0|1|1|0|0|NA|NA|NA|NA|NA|0|0|0|0|NA|0
"260419705003"|0|2|0|0|0|0|0|2|2|1|1|1|1|1|0|NA|NA|NA|NA|NA|70|15|88|6569274|NA|0
"260419708001"|0|2|0|0|0|0|0|2|2|1|1|1|1|1|0|NA|NA|NA|NA|NA|70|15|88|6569274|NA|0
"260450201031"|0|1|0|0|0|0|0|1|1|1|0|0|1|0|0|13650|13650|NA|NA|8500|13|6|18|846084|47004.6666666667|0
"260450201032"|0|1|0|0|0|0|0|1|1|0|0|1|1|0|0|NA|NA|NA|NA|NA|0|0|0|0|NA|0
"260479707003"|0|1|0|0|0|0|0|1|1|1|1|0|0|1|0|5370|6960|NA|NA|6300|69|13|66|5522716|83677.5151515152|0
"260490013001"|0|1|0|0|0|0|0|1|1|0|0|1|1|0|0|NA|NA|NA|NA|NA|0|0|0|0|NA|0
"260490016003"|0|1|1|0|0|0|0|1|1|1|0|0|0|1|0|39790|39790|13712|13712|7780|269|67|232|17968248|77449.3448275862|0
"260490028002"|0|1|1|0|0|0|0|1|1|1|0|0|0|1|0|9984|19899|9959|14922|8706|526|111|632|47395078|74992.2120253165|0
"260490030001"|0|1|0|0|0|0|0|1|1|1|1|0|0|1|0|4404|6274|NA|NA|NA|292|84|276|19043966|68999.8768115942|0
"260490037002"|0|1|1|0|0|0|0|1|1|1|0|0|0|1|0|39790|39790|13712|13712|7780|269|67|232|17968248|77449.3448275862|0
"260490105012"|0|1|0|0|0|0|0|1|1|0|0|1|1|0|0|NA|NA|NA|NA|NA|0|0|0|0|NA|0
"260490108122"|0|1|0|0|0|0|0|1|1|0|0|1|1|0|0|NA|NA|NA|NA|NA|0|0|0|0|NA|0
"260490109121"|0|2|0|0|0|0|0|2|1|0|0|1|2|0|0|NA|NA|NA|NA|NA|0|0|0|0|NA|0
"260490109123"|0|1|0|0|0|0|0|1|1|0|0|0|1|0|0|NA|NA|NA|NA|NA|0|0|0|0|NA|0
"260490110103"|0|1|1|0|0|0|0|1|1|1|0|0|0|0|1|9000|9000|12150|12150|5400|580|108|432|26957828|62402.3796296296|0
"260490111011"|0|1|0|0|0|0|0|1|1|0|0|1|1|0|0|NA|NA|NA|NA|NA|0|0|0|0|NA|0
"260490111012"|0|1|0|0|0|0|0|1|1|0|0|1|1|0|0|NA|NA|NA|NA|NA|0|0|0|0|NA|0
"260490117113"|0|1|0|0|0|0|0|1|1|0|0|1|1|0|0|NA|NA|NA|NA|NA|0|0|0|0|NA|0
"260490117122"|0|1|0|0|0|0|0|1|1|0|0|1|1|0|0|NA|NA|NA|NA|NA|0|0|0|0|NA|0
"260490127022"|0|1|0|0|0|0|0|1|1|0|0|0|1|0|0|NA|NA|NA|NA|NA|0|0|0|0|NA|0
"260490135002"|0|2|0|0|0|0|0|2|1|0|0|1|2|0|0|NA|NA|NA|NA|NA|0|0|0|0|NA|0
"260499800001"|0|2|0|0|0|0|0|2|1|0|0|1|2|0|0|NA|NA|NA|NA|NA|0|0|0|0|NA|0
"260539507002"|0|1|0|0|0|0|0|1|1|1|1|0|0|1|0|4836|5735|NA|NA|5804|39|18|66|3881586|58811.9090909091|0
"260555510001"|0|1|0|0|0|0|0|1|1|1|0|0|0|1|0|6159|8030|NA|NA|9350|221|49|180|13306446|73924.7|0
"260570005001"|0|1|0|0|0|0|0|1|1|1|0|0|0|1|0|36890|36890|NA|NA|10238|206|100|198|13022430|65769.8484848485|0
"260590507001"|0|1|1|0|0|0|0|1|1|1|0|0|0|1|0|24670|24670|22960|22960|10200|370|116|272|21677000|79694.8529411765|0
"260590508002"|0|1|0|0|0|0|0|1|1|0|0|1|1|0|0|NA|NA|NA|NA|NA|0|0|0|0|NA|0
"260610005003"|0|1|0|0|0|0|0|1|1|1|0|0|1|0|0|22253|22253|NA|NA|8800|82|19|66|2917700|44207.5757575758|0
"260610006003"|0|1|0|0|0|0|0|1|1|1|0|0|1|0|0|22253|22253|NA|NA|8800|82|19|66|2917700|44207.5757575758|0
"260610008001"|0|1|1|0|0|0|0|1|1|1|0|0|0|1|0|15302|32237|17384|17384|10105|1081|233|816|72920750|89363.6642156863|0
"260610008002"|0|1|1|0|0|0|0|1|1|1|0|0|0|1|0|15302|32237|17384|17384|10105|1081|233|816|72920750|89363.6642156863|0
"260650006001"|0|1|0|0|0|0|0|1|1|1|1|0|0|0|1|5940|8910|NA|NA|NA|393|121|380|26958856|70944.3578947368|0
"260650010002"|0|1|0|0|0|0|0|1|1|0|0|1|1|0|0|NA|NA|NA|NA|NA|0|0|0|0|NA|0
"260650028001"|0|1|0|0|0|0|0|1|1|1|1|0|1|0|0|NA|NA|NA|NA|NA|21|3|22|828698|37668.0909090909|0
"260650038013"|0|1|0|0|0|0|0|1|0|0|0|0|1|0|0|NA|NA|NA|NA|NA|0|0|0|0|NA|0
"260650041002"|0|1|0|0|0|0|0|1|1|0|0|1|1|0|0|NA|NA|NA|NA|NA|0|0|0|0|NA|0
"260650044033"|0|1|2|0|0|1|0|2|2|2|0|0|1|0|1|NA|NA|42322|58498|NA|8355|1303|5036|548689354|224349.65930501|0
"260650053021"|0|1|0|0|0|0|0|1|1|0|0|1|1|0|0|19872|19872|NA|NA|NA|0|0|0|0|NA|0
"260650053031"|0|1|0|0|0|0|0|1|1|0|0|1|1|0|0|19872|19872|NA|NA|NA|0|0|0|0|NA|0
"260650053034"|0|1|0|0|0|0|0|1|1|0|0|1|1|0|0|19872|19872|NA|NA|NA|0|0|0|0|NA|0
"260650067001"|0|0|1|0|0|0|0|1|1|1|0|0|0|1|0|NA|NA|10800|10800|NA|150|27|86|12103566|140739.139534884|0
"260659800001"|0|1|2|0|0|1|0|2|2|2|0|0|1|0|1|NA|NA|42322|58498|NA|8355|1303|5036|548689354|224349.65930501|0
"260659801001"|0|1|0|0|0|0|0|1|1|1|1|0|1|0|0|NA|NA|NA|NA|NA|21|3|22|828698|37668.0909090909|0
"260670319004"|0|1|0|0|0|0|0|1|1|0|0|1|1|0|0|NA|NA|NA|NA|NA|0|0|0|0|NA|0
"260730005001"|0|1|1|0|0|0|0|1|1|1|0|0|0|0|1|11745|22881|12232|18216|9406|1623|566|1700|135650630|79794.4882352941|0
"260739403001"|0|1|0|0|0|0|0|1|1|0|0|1|1|0|0|NA|NA|NA|NA|NA|0|0|0|0|NA|0
"260739403002"|0|1|0|0|0|0|1|1|1|1|1|0|1|0|0|1440|1440|NA|NA|NA|14|1|10|505188|50518.8|0
"260739404002"|0|1|0|0|0|0|0|1|1|0|0|1|1|0|0|NA|NA|NA|NA|NA|0|0|0|0|NA|0
"260750002002"|0|1|0|0|0|0|0|1|1|1|1|0|1|0|0|NA|NA|NA|NA|NA|13|3|12|529646|44137.1666666667|0
"260750006001"|0|1|0|0|0|0|0|1|1|1|1|0|1|0|0|NA|NA|NA|NA|NA|13|3|12|529646|44137.1666666667|0
"260750052002"|0|1|0|0|0|0|0|1|1|1|0|0|0|1|0|4680|6480|NA|NA|8100|153|35|136|11483310|84436.1029411765|0
"260750054003"|0|1|1|0|0|0|0|1|1|1|0|0|0|1|0|26130|26130|6927|6927|9270|192|91|216|11780512|54539.4074074074|0
"260750069003"|0|1|0|0|0|0|0|1|1|1|1|0|1|0|0|NA|NA|NA|NA|NA|13|3|12|529646|44137.1666666667|0
"260770005004"|0|1|0|0|0|0|0|1|1|1|0|0|0|1|0|44418|44418|NA|NA|9174|251|87|224|16653476|74345.875|0
"260770015034"|0|1|1|0|0|0|0|1|1|1|0|0|0|0|1|10570|25928|13312|28195|9561|1773|489|1734|154682302|89205.4798154556|0
"260770015041"|0|1|1|0|0|0|0|1|1|1|0|0|0|0|1|10570|25928|13312|28195|9561|1773|489|1734|154682302|89205.4798154556|0
"260770017011"|0|1|0|0|0|0|0|1|1|0|0|1|1|0|0|NA|NA|NA|NA|NA|0|0|0|0|NA|0
"260770019061"|0|1|0|0|0|0|0|1|1|0|0|1|1|0|0|NA|NA|NA|NA|NA|0|0|0|0|NA|0
"260770030041"|0|1|0|0|0|0|0|1|1|1|1|0|0|1|0|5160|6930|NA|NA|NA|265|63|238|20660302|86807.9915966387|0
"260810020001"|0|1|0|0|0|0|0|1|1|1|1|0|0|0|1|7140|10590|NA|NA|NA|400|156|444|33927916|76414.2252252252|0
"260810020002"|0|1|0|0|0|0|0|1|1|1|0|0|1|0|0|12610|12610|NA|NA|NA|10|3|8|450000|56250|0
"260810024001"|0|1|1|0|0|0|0|1|1|1|0|0|0|1|0|29564|29564|9864|9864|8814|159|46|178|9693390|54457.2471910112|0
"260810044002"|0|1|2|0|0|0|0|2|2|2|0|0|1|1|0|NA|NA|48954|48954|NA|477|192|556|42637150|165225.441316794|0
"260810046001"|0|1|0|0|0|0|0|1|1|0|0|1|1|0|0|NA|NA|NA|NA|NA|0|0|0|0|NA|0
"260810046002"|0|1|0|0|0|0|0|1|1|0|0|1|1|0|0|NA|NA|NA|NA|NA|0|0|0|0|NA|0
"260810113024"|0|1|0|0|0|0|0|1|1|0|0|1|1|0|0|NA|NA|NA|NA|NA|0|0|0|0|NA|0
"260810115004"|0|1|0|0|0|0|0|1|0|0|0|0|1|0|0|NA|NA|NA|NA|NA|0|0|0|0|NA|0
"260810118014"|0|1|0|0|0|0|0|1|1|1|0|0|1|0|0|19718|19718|NA|NA|7280|28|12|26|1645210|63277.3076923077|0
"260810118032"|0|1|1|0|0|0|0|1|1|1|0|0|0|1|0|26490|26490|12720|12720|8810|184|54|124|6466116|52146.0967741935|0
"260810126071"|0|1|0|0|0|0|0|1|1|0|0|1|1|0|0|NA|NA|NA|NA|NA|0|0|0|0|NA|0
"260810127013"|0|1|0|0|0|0|0|1|1|0|0|1|1|0|0|NA|NA|NA|NA|NA|0|0|0|0|NA|0
"260810135002"|0|1|1|0|0|0|0|1|1|1|0|0|0|1|0|11890|11890|8000|8000|7500|61|6|22|991802|45081.9090909091|0
"260810145024"|0|1|0|0|0|0|0|1|1|0|0|0|1|0|0|NA|NA|NA|NA|NA|0|0|0|0|NA|0
"260810148071"|0|1|1|0|0|0|0|1|1|1|0|0|0|1|0|15936|15936|12942|12942|9358|394|133|254|19101766|75203.8031496063|0
"260910613011"|0|1|1|0|0|0|0|1|1|1|0|0|0|1|0|24390|24390|10710|10710|10040|178|48|178|9603474|53952.1011235955|0
"260910615004"|0|1|1|0|0|0|0|1|1|1|0|0|0|1|0|34040|34040|15965|15965|10740|216|104|196|13900958|70923.2551020408|0
"260937408001"|0|1|0|0|0|0|0|1|1|0|0|1|1|0|0|NA|NA|NA|NA|NA|0|0|0|0|NA|0
"260937411002"|0|1|0|0|0|0|0|1|1|0|0|1|1|0|0|NA|NA|NA|NA|NA|0|0|0|0|NA|0
"260937424011"|0|1|1|0|0|0|0|1|1|1|0|0|1|0|0|17500|17500|16560|16560|9600|47|5|0|0|NA|0
"260937429003"|0|1|0|0|0|0|0|1|1|0|0|1|1|0|0|NA|NA|NA|NA|NA|0|0|0|0|NA|0
"260992200023"|0|1|0|0|0|0|0|1|1|0|0|1|1|0|0|NA|NA|NA|NA|NA|0|0|0|0|NA|0
"260992273002"|0|1|0|0|0|0|0|1|0|0|0|0|1|0|0|NA|NA|NA|NA|NA|0|0|0|0|NA|0
"260992300001"|0|1|0|0|0|0|0|1|0|0|0|0|1|0|0|NA|NA|NA|NA|NA|0|0|0|0|NA|0
"260992309002"|0|1|0|0|0|0|0|1|1|0|0|1|1|0|0|NA|NA|NA|NA|NA|0|0|0|0|NA|0
"260992410002"|0|1|0|0|0|0|0|1|1|0|0|1|1|0|0|NA|NA|NA|NA|NA|0|0|0|0|NA|0
"260992410003"|0|1|0|0|0|0|0|1|1|0|0|1|1|0|0|NA|NA|NA|NA|NA|0|0|0|0|NA|0
"260992410004"|0|1|0|0|0|0|0|1|1|0|0|1|1|0|0|NA|NA|NA|NA|NA|0|0|0|0|NA|0
"260992454001"|0|1|0|0|0|0|0|1|1|0|0|1|1|0|0|NA|NA|NA|NA|NA|0|0|0|0|NA|0
"260992503003"|0|2|0|0|0|0|0|2|2|0|0|2|2|0|0|40848|40848|NA|NA|NA|0|0|0|0|NA|0
"260992550001"|0|2|0|0|0|0|0|2|2|0|0|2|2|0|0|40848|40848|NA|NA|NA|0|0|0|0|NA|0
"260992550002"|0|2|0|0|0|0|0|2|2|0|0|2|2|0|0|40848|40848|NA|NA|NA|0|0|0|0|NA|0
"260992616002"|0|1|0|0|0|0|0|1|1|1|1|0|0|0|1|5580|7130|NA|NA|NA|488|142|404|31840546|78813.2326732673|0
"260992625001"|0|1|0|0|0|0|0|1|1|0|0|1|1|0|0|NA|NA|NA|NA|NA|0|0|0|0|NA|0
"261030005001"|0|1|1|0|0|0|0|1|1|1|0|0|0|1|0|9330|14952|7904|11360|9838|605|204|582|42791112|73524.2474226804|0
"261059502003"|0|1|0|0|0|0|0|1|1|1|1|0|0|1|0|3840|5280|NA|NA|NA|60|14|48|3685762|76786.7083333333|0
"261079606003"|0|1|1|0|0|0|0|1|1|1|0|0|0|0|1|11144|17910|7046|10569|9652|904|315|1226|91839996|74910.2740619902|0
"261079607002"|0|1|1|0|0|0|0|1|1|1|0|0|0|0|1|11144|17910|7046|10569|9652|904|315|1226|91839996|74910.2740619902|0
"261112904001"|0|1|1|0|0|0|0|1|1|1|0|0|0|1|0|23860|23860|35856|35856|9880|271|118|110|6679028|60718.4363636364|0
"261112910003"|0|1|0|0|0|0|0|1|1|0|0|1|1|0|0|NA|NA|NA|NA|NA|0|0|0|0|NA|0
"261158322001"|0|1|0|0|0|0|0|1|1|0|0|1|1|0|0|NA|NA|NA|NA|NA|0|0|0|0|NA|0
"261158323002"|0|1|0|0|0|0|0|1|1|1|1|0|0|1|0|5580|6210|NA|NA|NA|105|35|98|8338986|85091.693877551|0
"261158324001"|0|1|0|0|0|0|0|1|1|1|1|0|0|1|0|5580|6210|NA|NA|NA|105|35|98|8338986|85091.693877551|0
"261179708002"|0|1|0|0|0|0|0|1|1|1|1|0|0|1|0|5970|9750|NA|NA|NA|57|16|48|4267420|88904.5833333333|0
"261179708003"|0|1|0|0|0|0|0|1|1|1|1|0|0|1|0|5970|9750|NA|NA|NA|57|16|48|4267420|88904.5833333333|0
"261210001002"|0|1|0|0|0|0|0|1|1|1|1|0|0|1|0|7600|10600|NA|NA|NA|127|58|166|14655482|88286.0361445783|0
"261210019011"|0|1|0|0|0|0|0|1|1|1|1|0|0|1|0|7600|10600|NA|NA|NA|127|58|166|14655482|88286.0361445783|0
"261210019022"|0|1|0|0|0|0|0|1|1|1|1|0|0|1|0|7600|10600|NA|NA|NA|127|58|166|14655482|88286.0361445783|0
"261210022002"|0|1|0|0|0|0|0|1|1|0|0|1|1|0|0|NA|NA|NA|NA|NA|0|0|0|0|NA|0
"261210024002"|0|1|0|0|0|0|0|1|1|0|0|1|1|0|0|NA|NA|NA|NA|NA|0|0|0|0|NA|0
"261251360001"|0|1|1|0|0|0|0|1|1|1|0|0|1|0|0|17338|17338|18607|18607|NA|40|5|18|1602852|89047.3333333333|0
"261251360002"|0|1|0|0|0|0|0|1|1|1|0|0|1|0|0|15300|15300|NA|NA|8700|38|6|12|646562|53880.1666666667|0
"261251409003"|0|1|0|0|0|0|0|1|1|0|0|1|1|0|0|19872|19872|NA|NA|NA|0|0|0|0|NA|0
"261251441002"|0|1|0|0|0|0|0|1|1|0|0|1|1|0|0|NA|NA|NA|NA|NA|0|0|0|0|NA|0
"261251441004"|0|1|0|0|0|0|0|1|1|0|0|1|1|0|0|NA|NA|NA|NA|NA|0|0|0|0|NA|0
"261251520001"|0|1|0|0|0|0|0|1|1|1|1|0|0|0|1|5130|5130|NA|NA|NA|469|204|448|38195854|85258.6026785714|0
"261251520002"|0|0|1|0|0|0|0|1|1|1|0|0|1|0|0|NA|NA|34375|34375|NA|21|5|20|1719372|85968.6|0
"261251520003"|0|1|1|0|0|0|0|2|2|2|1|0|1|0|1|NA|NA|NA|NA|NA|490|209|468|39915226|171227.202678571|0
"261251575002"|0|1|0|0|0|0|0|1|1|0|0|0|1|0|0|NA|NA|NA|NA|NA|0|0|0|0|NA|0
"261251610002"|0|1|0|0|0|0|0|1|1|0|0|1|1|0|0|NA|NA|NA|NA|NA|0|0|0|0|NA|0
"261251616001"|0|4|3|0|0|0|0|4|2|2|0|0|3|1|0|NA|NA|NA|NA|NA|240|94|222|15326890|NA|0
"261251616002"|0|3|2|0|0|0|0|3|1|1|0|0|3|0|0|NA|NA|NA|NA|NA|10|4|0|0|NA|0
"261251618002"|0|1|0|0|0|0|0|1|1|0|0|1|1|0|0|NA|NA|NA|NA|NA|0|0|0|0|NA|0
"261251619002"|0|2|0|0|0|0|0|2|2|0|0|2|2|0|0|NA|NA|NA|NA|NA|0|0|0|0|NA|0
"261251623001"|0|1|0|0|0|0|0|1|1|0|0|1|1|0|0|NA|NA|NA|NA|NA|0|0|0|0|NA|0
"261251623003"|0|1|0|0|0|0|0|1|1|0|0|1|1|0|0|NA|NA|NA|NA|NA|0|0|0|0|NA|0
"261251670001"|0|1|0|0|0|0|0|1|1|0|0|1|1|0|0|19872|19872|NA|NA|NA|0|0|0|0|NA|0
"261251670002"|0|0|1|0|0|0|0|1|1|1|0|0|1|0|0|NA|NA|31625|31625|NA|10|1|16|1288794|80549.625|0
"261251670003"|0|0|1|0|0|0|0|1|1|1|0|0|1|0|0|NA|NA|31625|31625|NA|10|1|16|1288794|80549.625|0
"261251714004"|0|1|1|0|0|0|0|1|1|1|0|0|1|0|0|6700|6700|5000|5000|4200|1|0|12|588888|49074|0
"261251714005"|0|1|1|0|0|0|0|1|1|1|0|0|1|0|0|6700|6700|5000|5000|4200|1|0|12|588888|49074|0
"261251810002"|0|1|0|0|0|0|0|1|1|0|0|1|1|0|0|19872|19872|NA|NA|NA|0|0|0|0|NA|0
"261251812002"|0|1|0|0|0|0|0|1|1|0|0|1|1|0|0|NA|NA|NA|NA|NA|0|0|0|0|NA|0
"261251845002"|0|1|0|0|0|0|0|1|1|0|0|1|1|0|0|NA|NA|NA|NA|NA|0|0|0|0|NA|0
"261251928001"|0|1|1|0|0|1|0|1|1|1|0|0|0|0|1|12923|24735|16338|24648|9620|1033|356|1164|94643968|81309.2508591065|0
"261251933004"|0|1|1|0|0|0|0|1|1|1|0|0|0|1|0|20500|20500|11178|11178|6952|67|14|72|3522600|48925|0
"261251961004"|0|1|0|0|0|0|0|1|1|0|0|1|1|0|0|NA|NA|NA|NA|NA|0|0|0|0|NA|0
"261251970001"|0|1|1|0|0|0|0|1|1|1|0|0|0|1|0|13200|13200|17760|17760|NA|96|43|48|5023660|104659.583333333|0
"261251972002"|0|1|0|0|0|0|0|1|1|0|0|1|1|0|0|NA|NA|NA|NA|NA|0|0|0|0|NA|0
"261251974001"|0|3|0|0|0|0|0|3|3|1|0|1|3|0|0|NA|NA|NA|NA|NA|0|0|0|0|NA|0
"261251974002"|0|2|0|0|0|0|0|2|2|1|0|0|2|0|0|NA|NA|NA|NA|NA|0|0|0|0|NA|0
"261251976001"|0|1|0|0|0|0|0|1|1|1|0|0|1|0|0|18900|18900|NA|NA|NA|17|3|16|1184630|74039.375|0
"261390211002"|0|1|0|0|0|0|0|1|1|0|0|1|1|0|0|NA|NA|NA|NA|NA|0|0|0|0|NA|0
"261390211004"|0|1|0|0|0|0|0|1|1|0|0|1|1|0|0|NA|NA|NA|NA|NA|0|0|0|0|NA|0
"261390245001"|0|1|1|0|0|0|0|1|1|1|0|0|0|0|1|11832|16704|15408|15408|9000|1354|580|2262|177069108|78279.8885941645|0
"261390249003"|0|1|1|0|0|0|0|2|2|2|0|0|1|1|0|NA|NA|NA|NA|NA|429|154|506|37581062|154117.277689873|0
"261439701001"|0|1|0|0|0|0|0|1|1|1|1|0|0|1|0|4740|7350|NA|NA|NA|58|17|52|3471336|66756.4615384615|0
"261439712004"|0|1|0|0|0|0|0|1|1|0|0|1|1|0|0|NA|NA|NA|NA|NA|0|0|0|0|NA|0
"261450102001"|0|1|1|0|0|0|0|1|1|1|0|0|0|1|0|8907|21508|12869|24517|9185|460|155|576|40691918|70645.6909722222|0
"261450103042"|0|2|0|0|0|0|0|2|2|0|0|2|2|0|0|NA|NA|NA|NA|NA|0|0|0|0|NA|0
"261450120013"|0|1|0|0|0|0|0|1|1|0|0|1|1|0|0|NA|NA|NA|NA|NA|0|0|0|0|NA|0
"261476240003"|0|1|0|0|0|0|0|1|1|0|0|1|1|0|0|NA|NA|NA|NA|NA|0|0|0|0|NA|0
"261476250001"|0|1|0|0|0|0|0|1|1|1|1|0|0|1|0|6758|9672|NA|NA|NA|109|43|142|10816910|76175.4225352113|0
"261476290002"|0|1|0|0|0|0|0|1|1|0|0|1|1|0|0|NA|NA|NA|NA|NA|0|0|0|0|NA|0
"261476360002"|0|1|0|0|0|0|0|1|1|0|0|1|1|0|0|NA|NA|NA|NA|NA|0|0|0|0|NA|0
"261476372001"|0|1|0|0|0|0|0|1|1|0|0|1|1|0|0|NA|NA|NA|NA|NA|0|0|0|0|NA|0
"261490413003"|0|1|0|0|0|0|0|1|1|1|1|0|0|1|0|4128|4944|NA|NA|NA|56|12|54|3410114|63150.2592592593|0
"261614001001"|0|1|1|0|1|1|0|1|1|1|0|0|0|0|1|14982|46676|21466|43346|10872|10731|2096|7516|819372442|109017.089143161|0
"261614002001"|0|1|1|0|1|1|0|1|1|1|0|0|0|0|1|14982|46676|21466|43346|10872|10731|2096|7516|819372442|109017.089143161|0
"261614002003"|0|1|1|0|1|1|0|1|1|1|0|0|0|0|1|14982|46676|21466|43346|10872|10731|2096|7516|819372442|109017.089143161|0
"261614002004"|0|1|1|0|1|1|0|1|1|1|0|0|0|0|1|14982|46676|21466|43346|10872|10731|2096|7516|819372442|109017.089143161|0
"261614003001"|0|1|1|0|1|1|0|1|1|1|0|0|0|0|1|14982|46676|21466|43346|10872|10731|2096|7516|819372442|109017.089143161|0
"261614003002"|0|1|1|0|1|1|0|1|1|1|0|0|0|0|1|14982|46676|21466|43346|10872|10731|2096|7516|819372442|109017.089143161|0
"261614003003"|0|1|1|0|1|1|0|1|1|1|0|0|0|0|1|14982|46676|21466|43346|10872|10731|2096|7516|819372442|109017.089143161|0
"261614023001"|0|1|1|0|0|0|0|1|1|1|0|0|0|1|0|27640|27640|10170|10170|9580|86|25|104|6175900|59383.6538461538|0
"261614023002"|0|1|1|0|0|0|0|1|1|1|0|0|0|1|0|27640|27640|10170|10170|9580|86|25|104|6175900|59383.6538461538|0
"261614060002"|0|1|0|0|0|0|0|1|1|1|1|0|0|0|1|3720|4992|NA|NA|NA|395|116|324|29645482|91498.4012345679|0
"261614070001"|0|1|0|0|0|0|0|1|1|1|1|0|0|0|1|3720|4992|NA|NA|NA|395|116|324|29645482|91498.4012345679|0
"261614110001"|0|1|1|0|0|0|0|1|1|1|0|0|0|0|1|9690|26183|15120|27840|9300|1064|314|1510|127593584|84499.0622516556|0
"261614110003"|0|1|1|0|0|0|0|1|1|1|0|0|0|0|1|9690|26183|15120|27840|9300|1064|314|1510|127593584|84499.0622516556|0
"261614111001"|0|1|1|0|0|0|0|1|1|1|0|0|0|0|1|9690|26183|15120|27840|9300|1064|314|1510|127593584|84499.0622516556|0
"261614140002"|0|1|0|0|0|0|0|1|1|0|0|1|1|0|0|NA|NA|NA|NA|NA|0|0|0|0|NA|0
"261614140003"|0|1|0|0|0|0|0|1|1|0|0|1|1|0|0|NA|NA|NA|NA|NA|0|0|0|0|NA|0
"261635165001"|0|1|0|0|0|0|0|1|1|0|0|1|1|0|0|NA|NA|NA|NA|NA|0|0|0|0|NA|0
"261635173001"|0|1|1|0|0|0|0|1|1|1|0|0|1|0|0|NA|NA|16060|16060|NA|9|3|6|270000|45000|0
"261635180001"|0|1|1|0|0|0|0|1|1|1|0|0|0|1|0|39450|39450|42900|42900|8650|222|44|106|9155854|86375.9811320755|0
"261635180002"|0|1|1|0|0|0|0|1|1|1|0|0|0|1|0|39450|39450|42900|42900|8650|222|44|106|9155854|86375.9811320755|0
"261635202002"|0|1|1|0|0|1|0|1|1|1|0|0|0|0|1|11821|27133|14746|31939|9874|2551|372|2026|199424898|98432.8223099704|0
"261635208001"|0|1|0|0|0|0|0|1|1|1|1|0|0|0|1|2839|3574|NA|NA|NA|421|126|158|11181146|70766.746835443|0
"261635302004"|0|1|1|0|0|1|0|1|1|1|0|0|0|1|0|39882|39882|27666|27666|9158|532|165|690|60259940|87333.2463768116|0
"261635303001"|0|1|0|0|0|0|0|1|1|0|0|1|1|0|0|NA|NA|NA|NA|NA|0|0|0|0|NA|0
"261635311001"|0|1|1|0|0|0|0|1|1|1|0|0|1|0|0|18646|18646|27032|27032|10062|33|6|32|2149718|67178.6875|0
"261635311002"|0|1|1|0|0|0|0|1|1|1|0|0|1|0|0|18646|18646|27032|27032|10062|33|6|32|2149718|67178.6875|0
"261635334001"|0|1|0|0|0|0|0|1|1|0|0|1|1|0|0|NA|NA|NA|NA|NA|0|0|0|0|NA|0
"261635334004"|0|1|0|0|0|0|0|1|1|0|0|1|1|0|0|NA|NA|NA|NA|NA|0|0|0|0|NA|0
"261635342001"|0|1|0|0|0|0|0|1|1|0|0|1|1|0|0|NA|NA|NA|NA|NA|0|0|0|0|NA|0
"261635343001"|0|1|0|0|0|0|0|1|1|0|0|1|1|0|0|NA|NA|NA|NA|NA|0|0|0|0|NA|0
"261635343002"|0|1|0|0|0|0|0|1|1|0|0|1|1|0|0|NA|NA|NA|NA|NA|0|0|0|0|NA|0
"261635361002"|0|1|1|0|0|0|0|1|1|1|0|0|1|0|0|21526|21526|8064|8064|7100|85|29|98|5620106|57348.0204081633|0
"261635361003"|0|1|1|0|0|0|0|1|1|1|0|0|1|0|0|21526|21526|8064|8064|7100|85|29|98|5620106|57348.0204081633|0
"261635457001"|0|3|1|0|0|0|0|3|3|2|0|1|1|1|1|35046|48942|NA|NA|NA|740|227|996|94824758|NA|0
"261635457002"|0|1|0|0|0|0|0|1|1|0|0|1|1|0|0|19872|19872|NA|NA|NA|0|0|0|0|NA|0
"261635565001"|0|1|0|0|0|0|0|1|1|1|0|0|0|0|1|4440|6540|NA|NA|NA|302|61|202|17327946|85781.9108910891|0
"261635579001"|0|1|1|0|0|0|0|1|1|1|0|0|0|1|0|19500|19500|13410|13410|9550|197|36|204|14104002|69137.2647058823|0
"261635579002"|0|1|1|0|0|0|0|1|1|1|0|0|0|1|0|19500|19500|13410|13410|9550|197|36|204|14104002|69137.2647058823|0
"261635582002"|0|1|0|0|0|0|0|1|1|0|0|1|1|0|0|NA|NA|NA|NA|NA|0|0|0|0|NA|0
"261635582004"|0|1|0|0|0|0|0|1|1|0|0|1|1|0|0|NA|NA|NA|NA|NA|0|0|0|0|NA|0
"261635583001"|0|1|0|0|0|0|0|1|1|0|0|1|1|0|0|NA|NA|NA|NA|NA|0|0|0|0|NA|0
"261635636001"|0|1|0|0|0|0|0|1|1|0|0|1|1|0|0|NA|NA|NA|NA|NA|0|0|0|0|NA|0
"261635648001"|0|1|0|0|0|0|0|1|1|0|0|0|1|0|0|NA|NA|NA|NA|NA|0|0|0|0|NA|0
"261635665001"|0|1|0|0|0|0|0|1|1|0|0|1|1|0|0|15768|15768|NA|NA|NA|0|0|0|0|NA|0
"261635665002"|0|1|0|0|0|0|0|1|1|0|0|1|1|0|0|15768|15768|NA|NA|NA|0|0|0|0|NA|0
"261635689001"|0|1|0|0|0|0|0|1|1|0|0|0|1|0|0|NA|NA|NA|NA|NA|0|0|0|0|NA|0
"261635689002"|0|1|0|0|0|0|0|1|1|0|0|0|1|0|0|NA|NA|NA|NA|NA|0|0|0|0|NA|0
"261635715002"|0|2|1|0|0|0|0|2|2|2|0|0|0|1|1|15174|29070|NA|NA|NA|740|227|996|94824758|191852.580653678|0
"261635730002"|0|1|0|0|0|0|0|1|1|0|0|1|1|0|0|NA|NA|NA|NA|NA|0|0|0|0|NA|0
"261635749001"|0|3|1|0|0|0|0|3|3|2|0|0|1|1|1|NA|NA|NA|NA|NA|740|227|996|94824758|NA|0
"261635749002"|0|2|0|0|0|0|0|2|1|0|0|0|2|0|0|NA|NA|NA|NA|NA|0|0|0|0|NA|0
"261635799001"|0|2|1|0|0|0|0|2|2|2|0|0|0|1|1|15174|29070|NA|NA|NA|740|227|996|94824758|191852.580653678|0
"261635799002"|0|1|0|0|0|0|0|1|1|0|0|0|1|0|0|NA|NA|NA|NA|NA|0|0|0|0|NA|0
"261635811002"|0|1|0|0|0|0|0|1|1|0|0|1|1|0|0|19872|19872|NA|NA|NA|0|0|0|0|NA|0
"261635812001"|0|1|0|0|0|0|0|1|0|0|0|0|1|0|0|NA|NA|NA|NA|NA|0|0|0|0|NA|0
"261635833001"|0|1|0|0|0|0|0|1|1|0|0|1|1|0|0|NA|NA|NA|NA|NA|0|0|0|0|NA|0
"261635846002"|0|1|0|0|0|0|0|1|1|0|0|1|1|0|0|NA|NA|NA|NA|NA|0|0|0|0|NA|0
"261635940001"|0|1|0|0|0|0|0|1|1|0|0|1|1|0|0|NA|NA|NA|NA|NA|0|0|0|0|NA|0
"261635952001"|0|1|0|0|0|0|0|1|1|0|0|1|1|0|0|NA|NA|NA|NA|NA|0|0|0|0|NA|0
"261653807003"|0|1|0|0|0|0|0|1|1|0|0|1|1|0|0|NA|NA|NA|NA|NA|0|0|0|0|NA|0
"270030502271"|0|1|0|0|0|0|0|1|1|1|1|0|0|1|0|4960|4960|NA|NA|NA|36|11|106|7482070|70585.5660377358|0
"270030504011"|0|1|0|0|0|0|0|1|1|1|1|0|0|1|0|4960|4960|NA|NA|NA|36|11|106|7482070|70585.5660377358|0
"270030504012"|0|1|0|0|0|0|0|1|1|1|1|0|0|1|0|4960|4960|NA|NA|NA|36|11|106|7482070|70585.5660377358|0
"270030504022"|0|1|0|0|0|0|0|1|1|1|1|0|0|1|0|4960|4960|NA|NA|NA|36|11|106|7482070|70585.5660377358|0
"270030506051"|0|1|0|0|0|0|0|1|1|1|1|0|0|1|0|4305|4305|NA|NA|NA|173|44|252|17850976|70837.2063492063|0
"270030506101"|0|1|0|0|0|0|0|1|1|1|1|0|0|1|0|4305|4305|NA|NA|NA|173|44|252|17850976|70837.2063492063|0
"270030508064"|0|1|0|0|0|0|0|1|0|0|0|0|1|0|0|NA|NA|NA|NA|NA|0|0|0|0|NA|0
"270030508161"|0|1|0|0|0|0|0|1|1|1|0|0|1|0|0|14040|14040|NA|NA|NA|0|0|0|0|NA|0
"270030508163"|0|1|0|0|0|0|0|1|1|1|0|0|1|0|0|14040|14040|NA|NA|NA|0|0|0|0|NA|0
"270030509012"|0|1|0|0|0|0|0|1|1|1|0|0|1|0|0|14040|14040|NA|NA|NA|0|0|0|0|NA|0
"270030510021"|0|1|0|0|0|0|0|1|1|0|0|1|1|0|0|NA|NA|NA|NA|NA|0|0|0|0|NA|0
"270030510023"|0|1|0|0|0|0|0|1|1|0|0|1|1|0|0|NA|NA|NA|NA|NA|0|0|0|0|NA|0
"270074506004"|0|1|1|0|0|0|0|1|1|1|0|0|0|1|0|7360|7360|6986|6986|7924|231|73|326|24694174|75749|0
"270131706002"|0|1|0|0|0|0|0|1|1|1|0|0|1|0|0|25440|25440|NA|NA|7960|68|19|86|5037624|58577.023255814|0
"270131711012"|0|1|1|0|0|0|0|1|1|1|0|0|0|0|1|6904|14648|6849|6849|8716|648|221|942|77747470|82534.4692144374|0
"270159602003"|0|1|1|0|0|0|0|1|1|1|0|0|1|0|0|13980|13980|5400|5400|5500|59|22|156|8250602|52888.4743589744|0
"270170702001"|0|1|0|0|0|0|1|1|1|1|1|0|0|1|0|4768|4768|NA|NA|6377|39|9|50|3444196|68883.92|0
"270170702002"|0|1|0|0|0|0|1|1|1|1|1|0|0|1|0|4768|4768|NA|NA|6377|39|9|50|3444196|68883.92|0
"270190903012"|0|1|1|0|0|0|0|1|1|1|0|0|0|1|0|24250|24250|8910|8910|8240|57|16|58|3411158|58813.0689655172|0
"270190903021"|0|1|1|0|0|0|0|1|1|1|0|0|0|1|0|24250|24250|8910|8910|8240|57|16|58|3411158|58813.0689655172|0
"270190904011"|0|1|1|0|0|0|0|1|1|1|0|0|0|1|0|24250|24250|8910|8910|8240|57|16|58|3411158|58813.0689655172|0
"270190904012"|0|1|1|0|0|0|0|1|1|1|0|0|0|1|0|24250|24250|8910|8910|8240|57|16|58|3411158|58813.0689655172|0
"270219400021"|0|1|0|0|0|0|1|1|1|1|1|0|1|0|0|3696|3696|NA|NA|NA|44|7|54|2442366|45229|0
"270219400022"|0|1|0|0|0|0|1|1|1|1|1|0|1|0|0|3696|3696|NA|NA|NA|44|7|54|2442366|45229|0
"270251105011"|0|0|1|0|0|0|0|1|1|1|0|0|1|0|0|NA|NA|32164|32164|NA|8|1|14|1059652|75689.4285714286|0
"270251105021"|0|0|1|0|0|0|0|1|1|1|0|0|1|0|0|NA|NA|32164|32164|NA|8|1|14|1059652|75689.4285714286|0
"270251105022"|0|0|1|0|0|0|0|1|1|1|0|0|1|0|0|NA|NA|32164|32164|NA|8|1|14|1059652|75689.4285714286|0
"270270204002"|0|2|2|0|0|0|0|2|2|2|0|0|0|2|0|43786|50922|NA|NA|15876|607|197|752|54944754|144403.774489299|0
"270270301044"|0|1|0|0|0|0|0|1|1|1|0|0|1|0|0|14040|14040|NA|NA|NA|0|0|0|0|NA|0
"270359513023"|0|1|0|0|0|0|0|1|1|1|1|0|0|1|0|4773|4773|NA|NA|NA|100|25|170|11949402|70290.6|0
"270370605071"|0|1|0|0|0|0|0|1|1|1|1|0|0|1|0|4722|4722|NA|NA|NA|103|27|184|12755162|69321.5326086956|0
"270370605081"|0|2|0|0|0|0|0|2|2|2|2|0|0|2|0|9740|9740|NA|NA|NA|187|38|330|22945582|139118.92986897|0
"270370605084"|0|1|0|0|0|0|0|1|1|1|1|0|0|1|0|4722|4722|NA|NA|NA|103|27|184|12755162|69321.5326086956|0
"270370606051"|0|2|0|0|0|0|0|2|2|2|1|0|2|0|0|26450|26450|NA|NA|NA|10|2|14|745792|NA|0
"270370607111"|0|1|0|0|0|0|0|1|1|1|0|0|1|0|0|13428|13428|NA|NA|NA|7|1|2|130000|65000|0
"270370607251"|0|1|1|0|0|0|0|1|1|1|0|0|0|1|0|13056|13056|16437|16437|NA|58|7|50|3353692|67073.84|0
"270370607262"|0|2|0|0|0|0|0|2|2|2|1|0|2|0|0|26450|26450|NA|NA|NA|10|2|14|745792|NA|0
"270370607311"|0|1|0|0|0|0|0|1|1|1|1|0|0|1|0|5018|5018|NA|NA|NA|84|11|146|10190420|69797.397260274|0
"270370607452"|0|1|0|0|0|0|0|1|0|0|0|0|1|0|0|NA|NA|NA|NA|NA|0|0|0|0|NA|0
"270370608152"|0|1|0|0|0|0|0|1|0|0|0|0|1|0|0|NA|NA|NA|NA|NA|0|0|0|0|NA|0
"270370610011"|0|1|0|0|0|0|0|1|1|1|1|0|0|1|0|5018|5018|NA|NA|NA|84|11|146|10190420|69797.397260274|0
"270370610031"|0|1|0|0|0|0|0|1|1|1|1|0|0|1|0|5018|5018|NA|NA|NA|84|11|146|10190420|69797.397260274|0
"270370611021"|0|1|0|0|0|0|0|1|1|0|0|1|1|0|0|NA|NA|NA|NA|NA|0|0|0|0|NA|0
"270370611081"|0|1|0|0|0|0|0|1|1|0|0|1|1|0|0|NA|NA|NA|NA|NA|0|0|0|0|NA|0
"270414507012"|0|1|0|0|0|0|0|1|1|1|1|0|0|1|0|4768|4768|NA|NA|NA|60|15|122|8628254|70723.393442623|0
"270530059012"|0|1|1|0|0|0|0|1|1|1|0|0|1|0|0|6080|6080|4900|4900|5440|11|3|22|1282176|58280.7272727273|0
"270530202003"|0|3|0|0|0|0|0|3|3|2|0|0|3|0|0|NA|NA|NA|NA|NA|15|2|6|309080|NA|0
"270530207001"|0|1|0|0|0|0|0|1|1|1|0|0|1|0|0|12560|12560|NA|NA|NA|13|3|30|1840186|61339.5333333333|0
"270530208011"|0|1|0|0|0|0|0|1|1|1|0|0|1|0|0|12560|12560|NA|NA|NA|13|3|30|1840186|61339.5333333333|0
"270530215011"|0|1|0|0|0|0|0|1|1|1|0|0|1|0|0|12560|12560|NA|NA|NA|13|3|30|1840186|61339.5333333333|0
"270530222002"|0|1|1|0|0|0|0|1|1|1|0|0|1|0|0|11974|11974|16800|16800|NA|3|1|0|0|NA|0
"270530229011"|0|1|0|0|0|0|0|1|1|0|0|1|1|0|0|NA|NA|NA|NA|NA|0|0|0|0|NA|0
"270530229013"|0|1|0|0|0|0|0|1|1|0|0|1|1|0|0|NA|NA|NA|NA|NA|0|0|0|0|NA|0
"270530240033"|0|2|1|0|0|0|0|2|1|1|0|0|2|0|0|NA|NA|NA|NA|NA|9|2|10|4e+05|NA|0
"270530246002"|0|1|0|0|0|0|0|1|1|1|0|0|1|0|0|14040|14040|NA|NA|NA|0|0|0|0|NA|0
"270530249032"|0|0|1|0|0|0|0|1|1|1|0|0|1|0|0|NA|NA|NA|NA|NA|17|4|16|1036056|64753.5|0
"270530251002"|0|1|0|0|0|0|0|1|1|1|0|0|1|0|0|13428|13428|NA|NA|NA|13|3|8|616018|77002.25|0
"270530251003"|0|1|0|0|0|0|0|1|1|1|0|0|1|0|0|13428|13428|NA|NA|NA|13|3|8|616018|77002.25|0
"270530256011"|0|1|0|0|0|0|0|1|1|1|0|0|1|0|0|17009|17009|NA|NA|NA|10|6|4|142590|35647.5|0
"270530256012"|0|1|0|0|0|0|0|1|1|1|0|0|1|0|0|17009|17009|NA|NA|NA|10|6|4|142590|35647.5|0
"270530256031"|0|1|1|0|0|0|0|1|1|1|0|0|1|0|0|9696|9696|10976|10976|NA|101|28|104|7121436|68475.3461538462|0
"270530259032"|0|1|1|0|0|0|0|1|1|1|0|0|1|0|0|13500|13500|9000|9000|7200|71|21|12|653084|54423.6666666667|0
"270530259061"|0|1|1|0|0|0|0|1|1|1|0|0|1|0|0|13500|13500|9000|9000|7200|71|21|12|653084|54423.6666666667|0
"270530259072"|0|1|1|0|0|0|0|1|1|1|0|0|1|0|0|13500|13500|9000|9000|7200|71|21|12|653084|54423.6666666667|0
"270530260071"|0|1|0|0|0|0|0|1|1|0|0|0|1|0|0|NA|NA|NA|NA|NA|0|0|0|0|NA|0
"270530260073"|0|1|0|0|0|0|0|1|0|0|0|0|1|0|0|NA|NA|NA|NA|NA|0|0|0|0|NA|0
"270530266062"|0|2|0|0|0|0|0|2|2|1|0|1|2|0|0|NA|NA|NA|NA|NA|0|0|0|0|NA|0
"270530266131"|0|1|0|0|0|0|0|1|1|0|0|1|1|0|0|NA|NA|NA|NA|NA|0|0|0|0|NA|0
"270530268163"|0|1|0|0|0|0|0|1|1|1|1|0|0|1|0|3922|3922|NA|NA|NA|133|21|224|15413232|68809.0714285714|0
"270530268164"|0|1|0|0|0|0|0|1|1|1|1|0|0|1|0|3922|3922|NA|NA|NA|133|21|224|15413232|68809.0714285714|0
"270530272016"|0|2|0|0|0|0|0|2|2|1|0|1|2|0|0|NA|NA|NA|NA|NA|0|0|0|0|NA|0
"270530273004"|0|2|0|0|0|0|0|2|2|1|0|1|2|0|0|NA|NA|NA|NA|NA|0|0|0|0|NA|0
"270531041002"|0|1|0|0|0|0|0|1|1|0|0|1|1|0|0|NA|NA|NA|NA|NA|0|0|0|0|NA|0
"270531044002"|0|1|1|0|0|0|0|2|2|2|0|0|2|0|0|NA|NA|NA|NA|NA|22|3|26|1538112|NA|0
"270531048002"|0|1|1|0|0|0|0|1|1|1|0|0|1|0|0|6080|6080|4900|4900|5440|11|3|22|1282176|58280.7272727273|0
"270531048003"|0|1|1|0|0|0|0|1|1|1|0|0|0|1|0|35750|35750|12778|12778|9628|321|79|354|24732478|69865.7570621469|0
"270531049005"|0|1|1|0|0|1|0|1|1|1|0|0|0|0|1|12546|22210|16240|25120|9377|11897|2112|4884|555732008|113786.242424242|0
"270531051002"|0|1|0|0|0|0|0|1|1|1|0|0|0|1|0|18946|18946|NA|NA|NA|82|20|164|10977628|66936.756097561|0
"270531052012"|0|1|0|0|0|0|0|1|1|1|1|0|0|1|0|4611|4611|NA|NA|NA|232|46|254|18094620|71238.6614173228|0
"270531054001"|0|1|1|0|0|0|0|1|1|1|0|0|0|1|0|21760|21760|8100|8100|6810|104|53|76|4491888|59103.7894736842|0
"270531054002"|0|1|1|0|0|0|0|1|1|1|0|0|0|1|0|21760|21760|8100|8100|6810|104|53|76|4491888|59103.7894736842|0
"270531055003"|0|1|0|0|0|0|0|1|1|1|0|0|0|1|0|18946|18946|NA|NA|NA|82|20|164|10977628|66936.756097561|0
"270531065002"|0|1|0|0|0|0|0|1|1|1|0|0|0|1|0|18946|18946|NA|NA|NA|82|20|164|10977628|66936.756097561|0
"270531255001"|0|1|0|0|0|0|0|1|1|0|0|1|1|0|0|NA|NA|NA|NA|NA|0|0|0|0|NA|0
"270531255002"|0|1|0|0|0|0|0|1|1|0|0|1|1|0|0|NA|NA|NA|NA|NA|0|0|0|0|NA|0
"270531256002"|0|1|1|0|0|1|0|1|1|1|0|0|0|0|1|12546|22210|16240|25120|9377|11897|2112|4884|555732008|113786.242424242|0
"270531261003"|0|3|1|0|0|0|0|3|2|2|0|0|2|0|1|NA|NA|NA|NA|NA|1351|400|446|36386796|NA|0
"270531261004"|0|1|1|0|0|0|0|1|1|1|0|0|0|0|1|11700|11700|12844|12844|NA|611|70|432|35286166|81680.9398148148|0
"270531262001"|0|2|0|0|0|0|0|2|1|1|0|0|2|0|0|NA|NA|NA|NA|NA|18|1|14|576060|NA|0
"270539800001"|0|1|0|0|0|0|0|1|1|1|0|0|1|0|0|13428|13428|NA|NA|NA|13|3|8|616018|77002.25|0
"270570706002"|0|1|0|0|0|0|0|1|1|0|0|1|1|0|0|NA|NA|NA|NA|NA|0|0|0|0|NA|0
"270614809004"|0|1|0|0|0|0|0|1|1|1|1|0|0|1|0|4681|5852|NA|NA|6950|23|2|54|3838846|71089.7407407407|0
"270677805002"|0|1|0|0|0|0|0|1|1|1|1|0|0|1|0|4791|4791|NA|NA|NA|98|28|194|13319932|68659.4432989691|0
"270717902001"|0|1|0|0|0|0|0|1|1|1|1|0|1|0|0|4681|5852|NA|NA|5200|11|2|20|1312330|65616.5|0
"270833605002"|0|1|1|0|0|0|0|1|1|1|0|0|0|1|0|7222|7222|6885|6885|7686|164|54|204|16573630|81243.2843137255|0
"270879401003"|0|1|0|0|0|0|1|1|1|1|1|0|1|0|0|3120|3120|NA|NA|NA|24|4|10|482226|48222.6|0
"270990002001"|0|1|0|0|0|0|0|1|1|1|1|0|0|1|0|4888|4888|NA|NA|NA|92|21|130|9176218|70586.2923076923|0
"271034804001"|0|1|0|0|0|0|0|1|1|1|0|0|0|1|0|42360|42360|NA|NA|9400|356|143|368|24025252|65286.0108695652|0
"271034804002"|0|1|0|0|0|0|0|1|1|1|0|0|0|1|0|42360|42360|NA|NA|9400|356|143|368|24025252|65286.0108695652|0
"271034805011"|0|1|0|0|0|0|0|1|1|1|1|0|0|1|0|4788|4788|NA|NA|NA|107|25|180|12486750|69370.8333333333|0
"271051051003"|0|1|0|0|0|0|0|1|1|0|0|1|1|0|0|NA|NA|NA|NA|NA|0|0|0|0|NA|0
"271051054001"|0|1|0|0|0|0|0|1|1|0|0|1|1|0|0|NA|NA|NA|NA|NA|0|0|0|0|NA|0
"271090001001"|0|1|2|0|0|1|0|3|3|3|0|0|3|0|0|NA|NA|NA|NA|NA|69|32|70|4051238|NA|0
"271090002003"|0|1|0|0|0|0|0|1|1|1|1|0|0|1|0|4874|4874|NA|NA|NA|151|33|232|16403034|70702.7327586207|0
"271090009012"|0|1|0|0|0|0|0|1|1|1|1|0|0|1|0|4874|4874|NA|NA|NA|151|33|232|16403034|70702.7327586207|0
"271090010004"|0|1|0|0|0|0|0|1|1|0|0|0|1|0|0|NA|NA|NA|NA|NA|0|0|0|0|NA|0
"271090011002"|0|1|0|0|0|0|0|1|1|0|0|0|1|0|0|NA|NA|NA|NA|NA|0|0|0|0|NA|0
"271090014021"|0|1|0|0|0|0|0|1|1|0|0|1|1|0|0|NA|NA|NA|NA|NA|0|0|0|0|NA|0
"271090014023"|0|1|0|0|0|0|0|1|1|0|0|1|1|0|0|NA|NA|NA|NA|NA|0|0|0|0|NA|0
"271090017011"|0|1|0|0|0|0|0|1|1|1|0|0|1|0|0|13428|13428|NA|NA|NA|6|1|0|0|NA|0
"271090017014"|0|1|0|0|0|0|0|1|1|1|0|0|1|0|0|14040|14040|NA|NA|NA|0|0|0|0|NA|0
"271090017031"|0|2|0|0|0|0|0|2|2|1|0|1|2|0|0|NA|NA|NA|NA|NA|0|0|0|0|NA|0
"271119609001"|0|1|0|0|0|0|0|1|1|1|1|0|0|1|0|4824|4824|NA|NA|6724|160|44|270|18759840|69480.8888888889|0
"271130901002"|0|1|0|0|0|0|0|1|1|1|1|0|0|1|0|4900|4900|NA|NA|NA|86|20|172|11821850|68731.6860465116|0
"271130902001"|0|1|0|0|0|0|0|1|1|1|1|0|0|1|0|4900|4900|NA|NA|NA|86|20|172|11821850|68731.6860465116|0
"271130902003"|0|1|0|0|0|0|0|1|1|1|1|0|0|1|0|4900|4900|NA|NA|NA|86|20|172|11821850|68731.6860465116|0
"271130905001"|0|1|0|0|0|0|0|1|1|1|1|0|0|1|0|4900|4900|NA|NA|NA|86|20|172|11821850|68731.6860465116|0
"271159506001"|0|1|0|0|0|0|0|1|1|1|1|0|0|1|0|3639|7278|NA|NA|NA|47|16|44|3004454|68283.0454545455|0
"271159507002"|0|1|0|0|0|0|0|1|1|1|1|0|0|1|0|3639|7278|NA|NA|NA|47|16|44|3004454|68283.0454545455|0
"271190206002"|0|1|0|0|0|0|0|1|1|1|0|0|0|1|0|10180|10180|NA|NA|7658|163|55|142|9354964|65880.0281690141|0
"271230301001"|0|0|1|0|0|0|0|1|1|1|0|0|1|0|0|NA|NA|16500|16500|NA|78|15|50|3726000|74520|0
"271230301005"|0|0|1|0|0|0|0|1|1|1|0|0|1|0|0|NA|NA|16500|16500|NA|78|15|50|3726000|74520|0
"271230321001"|0|1|1|0|0|0|0|1|1|1|0|0|0|1|0|38100|38100|8532|8532|9894|308|60|320|21944376|68576.175|0
"271230321002"|0|1|1|0|0|0|0|1|1|1|0|0|0|1|0|38100|38100|8532|8532|9894|308|60|320|21944376|68576.175|0
"271230331002"|0|1|1|0|0|0|0|1|1|1|0|0|0|1|0|6563|13391|7185|14370|NA|273|64|252|20256028|80381.0634920635|0
"271230334001"|0|1|1|0|0|0|0|1|1|1|0|0|0|1|0|21250|21250|8550|8550|8500|164|82|202|10500096|51980.6732673267|0
"271230334002"|0|1|1|0|0|0|0|1|1|1|0|0|0|1|0|21250|21250|8550|8550|8500|164|82|202|10500096|51980.6732673267|0
"271230334003"|0|1|1|0|0|0|0|1|1|1|0|0|0|1|0|21250|21250|8550|8550|8500|164|82|202|10500096|51980.6732673267|0
"271230337001"|0|1|0|0|0|0|0|1|1|1|1|0|0|1|0|4802|4802|NA|NA|NA|138|27|214|14844560|69367.1028037383|0
"271230340001"|0|1|0|0|0|0|0|1|1|1|1|0|0|1|0|4802|4802|NA|NA|NA|138|27|214|14844560|69367.1028037383|0
"271230342022"|0|1|1|0|0|0|0|1|1|1|0|0|1|0|0|27040|27040|19350|19350|7100|46|5|74|3941320|53261.0810810811|0
"271230349001"|0|1|1|0|0|0|0|1|1|1|0|0|0|1|0|38720|38720|24386|24386|10100|908|165|890|83064972|93331.4292134831|0
"271230351001"|0|1|0|0|0|0|0|1|1|1|0|0|0|1|0|50418|50418|NA|NA|11266|419|111|382|34994756|91609.3089005236|0
"271230363004"|0|1|1|0|0|0|0|1|1|1|0|0|0|1|0|31042|31042|14076|14076|9010|405|164|576|39138916|67949.5069444444|0
"271230408021"|0|1|2|0|0|0|0|2|2|2|0|0|1|1|0|NA|NA|18540|18540|NA|442|207|420|31545920|146942.461028192|0
"271230411061"|0|0|1|0|0|0|0|1|1|1|0|0|1|0|0|NA|NA|11760|11760|NA|14|3|18|1206690|67038.3333333333|0
"271230413011"|0|1|0|0|0|0|0|1|1|1|1|0|1|0|0|14720|14720|NA|NA|9360|13|3|28|1339040|47822.8571428571|0
"271230413021"|0|1|1|0|0|0|0|1|1|1|0|0|0|1|0|29100|29100|8820|8820|9060|278|79|156|9529536|61086.7692307692|0
"271230413022"|0|0|1|0|0|0|0|1|1|1|0|0|1|0|0|NA|NA|12045|12045|NA|2|0|16|1066000|66625|0
"271230418003"|0|2|0|0|0|0|0|2|2|2|1|0|2|0|0|28148|28148|NA|NA|NA|21|4|28|1339040|NA|0
"271230418004"|0|2|0|0|0|0|0|2|2|2|1|0|2|0|0|28148|28148|NA|NA|NA|21|4|28|1339040|NA|0
"271230420021"|0|0|1|0|0|0|0|1|1|1|0|0|1|0|0|NA|NA|16500|16500|NA|78|15|50|3726000|74520|0
"271230424011"|0|1|0|0|0|0|0|1|0|0|0|0|1|0|0|NA|NA|NA|NA|NA|0|0|0|0|NA|0
"271230429001"|0|0|1|0|0|0|0|1|1|1|0|0|1|0|0|NA|NA|NA|NA|NA|114|46|68|7774998|114338.205882353|0
"271230429002"|0|0|1|0|0|0|0|1|1|1|0|0|1|0|0|NA|NA|NA|NA|NA|114|46|68|7774998|114338.205882353|0
"271310705011"|0|1|0|0|0|0|0|1|1|1|0|0|0|1|0|50580|50580|NA|NA|13197|351|75|478|50280658|105189.661087866|0
"271310706022"|0|1|0|0|0|0|0|1|1|1|0|0|0|1|0|44180|44180|NA|NA|10080|376|90|450|35547220|78993.8222222222|0
"271370003002"|0|1|0|0|0|0|0|1|0|0|0|0|1|0|0|NA|NA|NA|NA|NA|0|0|0|0|NA|0
"271370004003"|0|1|1|0|0|0|0|1|1|1|0|0|0|1|0|34764|34764|11160|11160|9314|279|118|406|27108970|66770.8620689655|0
"271370019002"|0|1|0|0|0|0|0|1|1|0|0|1|1|0|0|NA|NA|NA|NA|NA|0|0|0|0|NA|0
"271370023001"|0|1|0|0|0|0|0|1|1|1|1|0|0|1|0|4373|8747|NA|NA|NA|96|27|180|12423614|69020.0777777778|0
"271370124005"|0|2|0|0|0|0|0|2|2|1|1|1|1|1|0|NA|NA|NA|NA|NA|33|8|80|5650316|NA|0
"271370128004"|0|1|0|0|0|0|0|1|1|1|1|0|0|1|0|4681|5852|NA|NA|NA|30|7|62|4394222|70874.5483870968|0
"271370130001"|0|1|0|0|0|0|0|1|1|1|1|0|0|1|0|4681|5852|NA|NA|NA|30|7|62|4394222|70874.5483870968|0
"271370153005"|0|1|0|0|0|0|0|1|1|1|1|0|1|0|0|4682|5851|NA|NA|7402|25|5|34|2366858|69613.4705882353|0
"271370154001"|0|1|0|0|0|0|0|1|1|1|1|0|1|0|0|4682|5851|NA|NA|7402|25|5|34|2366858|69613.4705882353|0
"271370157002"|0|1|1|0|0|1|0|1|1|1|0|0|0|0|1|11896|16242|16240|25120|7460|955|246|1010|74282640|73547.1683168317|0
"271370157003"|0|1|1|0|0|1|0|1|1|1|0|0|0|0|1|11896|16242|16240|25120|7460|955|246|1010|74282640|73547.1683168317|0
"271370158002"|0|1|0|0|0|0|0|1|1|1|0|0|1|0|0|17775|17775|NA|NA|NA|8|3|10|344000|34400|0
"271410305021"|0|1|0|0|0|0|0|1|1|1|0|0|1|0|0|14040|14040|NA|NA|NA|0|0|0|0|NA|0
"271410305022"|0|1|0|0|0|0|0|1|1|1|0|0|1|0|0|14040|14040|NA|NA|NA|0|0|0|0|NA|0
"271410305024"|0|1|0|0|0|0|0|1|1|1|0|0|1|0|0|14040|14040|NA|NA|NA|0|0|0|0|NA|0
"271450005002"|0|1|0|0|0|0|0|1|1|1|0|0|1|0|0|14040|14040|NA|NA|NA|0|0|0|0|NA|0
"271450005004"|0|2|1|0|0|0|0|2|1|1|0|0|1|1|0|NA|NA|NA|NA|NA|271|24|140|9324910|NA|0
"271450009011"|0|1|0|0|0|0|0|1|1|1|1|0|0|1|0|4720|4720|NA|NA|NA|100|28|176|12225772|69464.6136363636|0
"271450010011"|0|1|0|0|0|0|0|1|1|1|0|0|1|0|0|14040|14040|NA|NA|NA|0|0|0|0|NA|0
"271450010013"|0|1|0|0|0|0|0|1|1|1|1|0|0|1|0|4720|4720|NA|NA|NA|100|28|176|12225772|69464.6136363636|0
"271450101023"|0|1|0|0|0|0|0|1|1|1|1|0|0|1|0|4720|4720|NA|NA|NA|100|28|176|12225772|69464.6136363636|0
"271450113012"|0|1|1|0|0|0|0|1|1|1|0|0|0|1|0|41016|41016|16020|16020|9892|317|110|282|21254008|75368.8226950355|0
"271450113013"|0|1|0|0|0|0|0|1|1|1|0|0|0|1|0|41245|41245|NA|NA|10535|304|79|306|22810258|74543.3267973856|0
"271450113014"|0|1|0|0|0|0|0|1|1|1|0|0|0|1|0|41245|41245|NA|NA|10535|304|79|306|22810258|74543.3267973856|0
"271450113042"|0|1|1|0|0|0|0|1|1|1|0|0|0|1|0|41016|41016|16020|16020|9892|317|110|282|21254008|75368.8226950355|0
"271450113043"|0|1|1|0|0|0|0|1|1|1|0|0|0|1|0|41016|41016|16020|16020|9892|317|110|282|21254008|75368.8226950355|0
"271450116002"|0|1|0|0|0|0|0|1|1|0|0|1|1|0|0|NA|NA|NA|NA|NA|0|0|0|0|NA|0
"271450116003"|0|1|0|0|0|0|0|1|1|0|0|1|1|0|0|NA|NA|NA|NA|NA|0|0|0|0|NA|0
"271450116004"|0|1|1|0|0|0|0|1|1|1|0|0|0|0|1|6820|14738|7373|11201|8230|578|177|846|70913648|83822.2789598109|0
"271494802003"|0|1|0|0|0|0|0|1|1|1|0|0|0|1|0|11896|13896|NA|NA|7914|221|86|246|15794590|64205.6504065041|0
"271630703033"|0|1|0|0|0|0|0|1|1|1|1|0|0|1|0|4770|4770|NA|NA|NA|217|47|326|23173018|71082.8773006135|0
"271630709102"|0|1|1|0|0|0|0|1|1|1|0|0|1|0|0|14040|14040|14280|14280|NA|0|0|0|0|NA|0
"271630710012"|0|1|0|0|0|0|0|1|1|0|0|1|1|0|0|NA|NA|NA|NA|NA|0|0|0|0|NA|0
"271630710061"|0|1|1|0|0|0|0|1|1|1|0|0|1|0|0|14040|14040|14280|14280|NA|0|0|0|0|NA|0
"271630710062"|0|1|1|0|0|0|0|1|1|1|0|0|1|0|0|14040|14040|14280|14280|NA|0|0|0|0|NA|0
"271696703001"|0|1|1|0|0|0|0|1|1|1|0|0|0|1|0|32060|32060|8100|8100|8635|360|129|198|12459796|62928.2626262626|0
"271696705005"|0|1|1|0|0|0|0|1|1|1|0|0|0|1|0|7103|12800|6720|10120|8460|354|107|680|52585648|77331.8352941176|0
"280039503003"|0|1|0|0|0|0|0|1|1|0|0|1|1|0|0|NA|NA|NA|NA|NA|0|0|0|0|NA|0
"280119506001"|0|1|1|0|0|0|0|1|1|1|0|0|0|1|0|6298|6298|6298|6298|7374|323|142|314|18412096|58637.2484076433|0
"280119506005"|0|1|1|0|0|0|0|1|1|1|0|0|0|1|0|6298|6298|6298|6298|7374|323|142|314|18412096|58637.2484076433|0
"280219503001"|0|1|1|1|0|0|0|1|1|1|0|0|0|1|0|5269|5269|5269|5269|9356|539|246|312|19572824|62733.4102564103|0
"280279502001"|0|1|0|1|0|0|0|1|1|1|1|0|0|1|0|2450|2450|NA|NA|4220|125|50|120|6158858|51323.8166666667|0
"280299505004"|0|1|0|0|0|0|0|1|1|1|1|0|0|1|0|2390|4390|NA|NA|3750|189|51|206|9345130|45364.7087378641|0
"280330703101"|0|1|0|0|0|0|0|1|1|0|0|1|1|0|0|NA|NA|NA|NA|NA|0|0|0|0|NA|0
"280330705211"|0|1|0|0|0|0|0|1|1|1|1|0|1|0|0|NA|NA|NA|NA|NA|14|4|10|347402|34740.2|0
"280330705221"|0|1|0|0|0|0|0|1|1|1|1|0|1|0|0|NA|NA|NA|NA|NA|14|4|10|347402|34740.2|0
"280330705222"|0|1|0|0|0|0|0|1|1|1|1|0|1|0|0|NA|NA|NA|NA|NA|14|4|10|347402|34740.2|0
"280350006003"|0|1|1|0|0|1|0|1|1|1|0|0|0|1|0|10800|10800|8400|8400|5900|175|77|278|16594800|59693.5251798561|0
"280350009001"|0|1|1|0|0|0|0|1|1|1|0|0|0|0|1|7549|16419|7549|16419|9012|1589|425|1360|96709120|71109.6470588235|0
"280350009002"|0|1|1|0|0|0|0|1|1|1|0|0|0|0|1|7549|16419|7549|16419|9012|1589|425|1360|96709120|71109.6470588235|0
"280350011001"|0|2|0|0|0|0|0|2|2|1|1|1|2|0|0|NA|NA|NA|NA|NA|15|5|28|1191670|NA|0
"280439503002"|0|1|0|0|0|0|0|1|1|0|0|1|1|0|0|NA|NA|NA|NA|NA|0|0|0|0|NA|0
"280470017004"|0|1|0|0|0|0|0|1|1|0|0|1|1|0|0|NA|NA|NA|NA|NA|0|0|0|0|NA|0
"280470019002"|0|1|0|0|0|0|0|1|1|0|0|1|1|0|0|NA|NA|NA|NA|NA|0|0|0|0|NA|0
"280470032052"|0|1|0|0|0|0|0|1|1|1|1|0|1|0|0|9000|9000|NA|NA|NA|4|1|4|192000|48000|0
"280470032081"|0|1|0|0|0|0|0|1|1|0|0|1|1|0|0|NA|NA|NA|NA|NA|0|0|0|0|NA|0
"280470033031"|0|1|0|0|0|0|0|1|1|1|1|0|1|0|0|13932|13932|NA|NA|NA|31|13|18|580774|32265.2222222222|0
"280470034023"|0|1|0|0|0|0|0|1|1|0|0|1|1|0|0|NA|NA|NA|NA|NA|0|0|0|0|NA|0
"280490001001"|0|1|0|0|0|0|0|1|1|1|1|0|1|0|0|13932|13932|NA|NA|NA|32|12|22|858328|39014.9090909091|0
"280490003024"|0|1|0|0|0|0|0|1|1|0|0|1|1|0|0|NA|NA|NA|NA|NA|0|0|0|0|NA|0
"280490004002"|0|0|1|0|0|0|0|1|1|1|0|0|1|0|0|NA|NA|11565|11565|NA|8|0|10|480000|48000|0
"280490004003"|0|0|1|0|0|0|0|1|1|1|0|0|1|0|0|NA|NA|11565|11565|NA|8|0|10|480000|48000|0
"280490014001"|0|2|1|0|0|0|0|2|2|0|0|0|0|0|0|NA|NA|NA|NA|NA|123|20|0|0|NA|0
"280490015001"|0|1|1|0|0|0|0|1|1|1|0|0|0|1|0|22726|22726|10080|10080|8000|280|67|180|9995694|55531.6333333333|0
"280490016002"|0|1|1|0|0|0|0|1|1|1|0|0|1|0|0|34810|34810|23568|23568|12970|174|105|170|11802864|69428.6117647059|0
"280490027001"|0|1|1|1|0|0|0|1|1|1|0|0|0|1|0|7141|7141|7141|7141|8708|823|458|750|51364028|68485.3706666667|0
"280490032001"|0|1|1|1|0|0|0|1|1|1|0|0|0|1|0|7141|7141|7141|7141|8708|823|458|750|51364028|68485.3706666667|0
"280490034001"|0|1|0|0|0|0|0|1|1|0|0|1|1|0|0|NA|NA|NA|NA|NA|0|0|0|0|NA|0
"280490101021"|0|1|0|0|0|0|0|1|1|1|1|0|1|0|0|13932|13932|NA|NA|NA|32|12|22|858328|39014.9090909091|0
"280490102011"|0|1|1|0|0|0|0|1|1|1|0|0|1|0|0|14040|14040|14325|14325|NA|6|1|12|750776|62564.6666666667|0
"280490104001"|0|1|1|0|0|0|0|1|1|1|0|0|0|1|0|15800|15800|10206|10206|9190|343|155|440|30671640|69708.2727272727|0
"280490107003"|0|1|0|0|0|0|0|1|1|1|1|0|0|0|1|2640|5440|NA|NA|4500|645|244|828|41643912|50294.5797101449|0
"280490108012"|0|1|0|0|0|0|0|1|1|0|0|1|1|0|0|NA|NA|NA|NA|NA|0|0|0|0|NA|0
"280490108061"|0|1|0|0|0|0|0|1|1|0|0|1|1|0|0|NA|NA|NA|NA|NA|0|0|0|0|NA|0
"280490108082"|0|1|0|0|0|0|0|1|1|0|0|1|1|0|0|NA|NA|NA|NA|NA|0|0|0|0|NA|0
"280490108091"|0|1|0|0|0|0|0|1|1|0|0|1|1|0|0|NA|NA|NA|NA|NA|0|0|0|0|NA|0
"280490110022"|0|1|0|0|0|0|0|1|1|0|0|1|1|0|0|NA|NA|NA|NA|NA|0|0|0|0|NA|0
"280490115001"|0|1|1|1|0|0|0|1|1|1|0|0|0|1|0|7141|7141|7141|7141|8708|823|458|750|51364028|68485.3706666667|0
"280490115002"|0|1|1|1|0|0|0|1|1|1|0|0|0|1|0|7141|7141|7141|7141|8708|823|458|750|51364028|68485.3706666667|0
"280519505002"|0|1|0|0|0|0|0|1|1|1|1|0|0|1|0|2230|4810|NA|NA|2950|230|66|288|16141402|56046.5347222222|0
"280579503002"|0|1|0|0|0|0|0|1|1|1|1|0|0|1|0|2500|4700|NA|NA|3560|235|114|354|23425690|66174.2655367232|0
"280590407003"|0|1|0|0|0|0|0|1|1|0|0|1|1|0|0|NA|NA|NA|NA|NA|0|0|0|0|NA|0
"280679504024"|0|1|0|0|0|0|0|1|1|1|0|0|1|0|0|4700|4700|NA|NA|3000|5|1|8|121216|15152|0
"280679506001"|0|1|0|0|0|0|0|1|1|0|0|1|1|0|0|NA|NA|NA|NA|NA|0|0|0|0|NA|0
"280679506004"|0|1|0|0|0|0|0|1|1|0|0|1|1|0|0|NA|NA|NA|NA|NA|0|0|0|0|NA|0
"280679510002"|0|1|0|0|0|0|0|1|1|1|1|0|0|1|0|2920|4920|NA|NA|3600|236|109|262|14331380|54699.9236641221|0
"280679510004"|0|1|0|0|0|0|0|1|1|1|1|0|0|1|0|2920|4920|NA|NA|3600|236|109|262|14331380|54699.9236641221|0
"280690301001"|0|1|0|0|0|0|0|1|1|1|1|0|0|1|0|2400|4800|NA|NA|4550|222|92|208|11723162|56361.3557692308|0
"280719503012"|0|1|1|0|1|1|0|1|1|1|0|0|0|0|1|7644|21912|7644|21912|10002|8163|1557|2116|189398688|89507.8865784499|0
"280719503013"|0|1|1|0|1|1|0|1|1|1|0|0|0|0|1|7644|21912|7644|21912|10002|8163|1557|2116|189398688|89507.8865784499|0
"280719503014"|0|1|1|0|1|1|0|1|1|1|0|0|0|0|1|7644|21912|7644|21912|10002|8163|1557|2116|189398688|89507.8865784499|0
"280730203012"|0|1|0|0|0|0|0|1|1|0|0|1|1|0|0|NA|NA|NA|NA|NA|0|0|0|0|NA|0
"280750008002"|0|1|0|0|0|0|0|1|1|1|1|0|0|1|0|2300|3780|NA|NA|4980|186|49|266|13169958|49511.1203007519|0
"280790406004"|0|1|0|0|0|0|0|1|1|0|0|1|1|0|0|NA|NA|NA|NA|NA|0|0|0|0|NA|0
"280839503001"|0|1|1|1|0|0|0|1|1|1|0|0|0|1|0|6096|6096|6858|6858|7394|343|138|240|12764348|53184.7833333333|0
"280839503003"|0|1|1|1|0|0|0|1|1|1|0|0|0|1|0|6096|6096|6858|6858|7394|343|138|240|12764348|53184.7833333333|0
"280839503004"|0|1|1|1|0|0|0|1|1|1|0|0|0|1|0|6096|6096|6858|6858|7394|343|138|240|12764348|53184.7833333333|0
"280870007004"|0|1|1|0|0|0|0|1|1|1|0|0|0|1|0|5965|16534|5965|16534|6929|166|81|284|17089868|60175.5915492958|0
"280890301051"|0|1|1|1|0|0|0|1|1|1|0|0|1|0|0|10130|10130|9900|9900|6400|185|67|140|6059156|43279.6857142857|0
"280890301053"|0|2|1|1|0|0|0|2|2|1|0|1|2|0|0|NA|NA|NA|NA|NA|185|67|140|6059156|NA|0
"280890301054"|0|1|1|1|0|0|0|1|1|1|0|0|1|0|0|10130|10130|9900|9900|6400|185|67|140|6059156|43279.6857142857|0
"280890302032"|0|1|0|0|0|0|0|1|1|1|1|0|1|0|0|NA|NA|NA|NA|NA|0|0|0|0|NA|0
"280890302061"|0|1|0|0|0|0|0|1|1|0|0|1|1|0|0|NA|NA|NA|NA|NA|0|0|0|0|NA|0
"280890303023"|0|1|0|0|0|0|0|1|1|0|0|1|1|0|0|NA|NA|NA|NA|NA|0|0|0|0|NA|0
"280939504023"|0|1|0|1|0|0|0|1|1|1|0|0|0|1|0|9500|9500|NA|NA|4100|131|39|90|3964912|44054.5777777778|0
"281010503001"|0|1|0|0|0|0|0|1|1|1|1|0|0|1|0|2080|4180|NA|NA|3490|137|51|164|8250406|50307.3536585366|0
"281010503005"|0|1|0|0|0|0|0|1|1|1|1|0|0|1|0|2080|4180|NA|NA|3490|137|51|164|8250406|50307.3536585366|0
"281059501003"|0|1|1|0|0|1|0|1|1|1|0|0|0|0|1|7780|20900|7780|20900|9418|3638|863|1942|158584598|81660.4521112255|0
"281059504003"|0|1|1|0|0|1|0|1|1|1|0|0|0|0|1|7780|20900|7780|20900|9418|3638|863|1942|158584598|81660.4521112255|0
"281059506011"|0|1|1|0|0|1|0|1|1|1|0|0|0|0|1|7780|20900|7780|20900|9418|3638|863|1942|158584598|81660.4521112255|0
"281099503002"|0|1|0|0|0|0|0|1|1|1|1|0|0|1|0|2850|5248|NA|NA|4600|231|72|380|17507376|46072.0421052632|0
"281139502002"|0|1|0|0|0|0|0|1|1|1|1|0|0|1|0|2480|5180|NA|NA|3300|117|37|140|7879636|56283.1142857143|0
"281159503002"|0|1|0|0|0|0|0|1|1|0|0|1|1|0|0|NA|NA|NA|NA|NA|0|0|0|0|NA|0
"281179503002"|0|1|0|0|0|0|0|1|1|1|1|0|0|1|0|2500|4750|NA|NA|4200|171|73|242|12914646|53366.305785124|0
"281210203021"|0|2|1|0|0|0|0|2|1|1|1|0|2|0|0|NA|NA|NA|NA|NA|21|2|24|1056872|NA|0
"281210207011"|0|1|0|0|0|0|0|1|1|0|0|1|1|0|0|NA|NA|NA|NA|NA|0|0|0|0|NA|0
"281310202021"|0|1|0|0|0|0|0|1|1|1|1|0|0|1|0|2800|5600|NA|NA|4100|420|168|594|30737702|51746.9730639731|0
"281339505001"|0|1|0|0|0|0|0|1|1|1|1|0|0|1|0|2620|4228|NA|NA|2880|149|55|204|10619986|52058.7549019608|0
"281339506002"|0|1|0|0|0|0|0|1|1|1|1|0|0|1|0|2620|4228|NA|NA|2880|149|55|204|10619986|52058.7549019608|0
"281379504002"|0|1|0|0|0|0|0|1|1|1|1|0|0|1|0|2800|5200|NA|NA|3400|363|121|440|31512722|71619.8227272727|0
"281399502003"|0|1|0|0|0|0|0|1|1|0|0|1|1|0|0|NA|NA|NA|NA|NA|0|0|0|0|NA|0
"281399503001"|0|1|0|0|0|0|0|1|1|0|0|1|1|0|0|NA|NA|NA|NA|NA|0|0|0|0|NA|0
"281399503003"|0|1|0|0|0|0|0|1|1|0|0|1|1|0|0|NA|NA|NA|NA|NA|0|0|0|0|NA|0
"281399504004"|0|1|1|0|0|0|0|1|1|1|0|0|1|0|0|9518|9518|5760|5760|5839|59|36|66|3240632|49100.4848484848|0
"281510014002"|0|1|0|0|0|0|0|1|1|0|0|1|1|0|0|NA|NA|NA|NA|NA|0|0|0|0|NA|0
"290019503004"|0|1|1|0|0|1|0|2|2|1|0|1|1|1|0|NA|NA|NA|NA|NA|431|154|306|31542906|NA|0
"290019504003"|0|1|0|0|0|0|0|1|1|0|0|1|1|0|0|NA|NA|NA|NA|NA|0|0|0|0|NA|0
"290019505006"|0|0|1|0|0|1|0|1|1|1|0|0|0|1|0|NA|NA|28418|28418|NA|431|154|306|31542906|103081.392156863|0
"290019510001"|0|1|1|0|0|0|0|1|1|1|0|0|0|1|0|7152|13636|8410|14429|8558|417|196|664|42902454|64612.1295180723|0
"290019510002"|0|1|1|0|0|0|0|1|1|1|0|0|0|1|0|7152|13636|8410|14429|8558|417|196|664|42902454|64612.1295180723|0
"290019510003"|0|1|1|0|0|0|0|1|1|1|0|0|0|1|0|7152|13636|8410|14429|8558|417|196|664|42902454|64612.1295180723|0
"290190005001"|0|1|1|0|0|0|0|1|1|1|0|0|1|0|0|29554|29554|7128|7128|10220|147|36|100|5421312|54213.12|0
"290190010022"|0|1|0|0|0|0|0|1|1|1|1|0|1|0|0|13810|13810|NA|NA|NA|9|1|4|133000|33250|0
"290190011034"|0|1|1|0|0|0|0|1|1|0|0|0|0|0|0|NA|NA|NA|NA|NA|503|100|0|0|NA|0
"290190011043"|0|1|0|0|0|0|0|1|1|0|0|1|1|0|0|NA|NA|NA|NA|NA|0|0|0|0|NA|0
"290190015043"|0|1|0|0|0|0|0|1|1|0|0|1|1|0|0|NA|NA|NA|NA|NA|0|0|0|0|NA|0
"290190015044"|0|1|0|0|0|0|0|1|1|0|0|1|1|0|0|NA|NA|NA|NA|NA|0|0|0|0|NA|0
"290190021002"|0|1|1|0|0|0|0|1|1|1|0|0|0|0|1|7887|7887|6585|6585|6302|616|288|136|9352008|68764.7647058823|0
"290190022002"|0|1|1|0|1|1|0|1|1|1|0|0|0|0|1|8286|24660|8462|23172|10298|5859|1852|2686|243008866|90472.3998510797|0
"290210001002"|0|1|0|0|0|0|0|1|1|1|1|0|1|0|0|11178|11178|NA|NA|NA|10|0|0|0|NA|0
"290210006002"|0|1|1|0|0|0|0|1|1|1|0|0|1|0|0|NA|NA|NA|NA|NA|32|0|90|975466|10838.5111111111|0
"290210006003"|0|1|0|0|0|0|0|1|0|0|0|1|1|0|0|NA|NA|NA|NA|NA|0|0|0|0|NA|0
"290210007012"|0|1|1|0|0|0|0|1|1|1|0|0|0|1|0|5538|11537|6548|11848|8700|339|124|422|25643438|60766.4407582938|0
"290210009002"|0|1|0|0|0|0|0|1|0|0|0|1|1|0|0|NA|NA|NA|NA|NA|0|0|0|0|NA|0
"290239501003"|0|1|0|0|0|0|0|1|1|0|0|1|1|0|0|NA|NA|NA|NA|NA|0|0|0|0|NA|0
"290239502012"|0|1|0|0|0|0|0|1|1|0|0|1|1|0|0|NA|NA|NA|NA|NA|0|0|0|0|NA|0
"290239503002"|0|1|0|0|0|0|0|1|1|0|0|1|1|0|0|NA|NA|NA|NA|NA|0|0|0|0|NA|0
"290239503003"|0|2|0|0|0|0|0|2|2|1|1|1|1|1|0|NA|NA|NA|NA|NA|115|42|140|6725064|NA|0
"290239503004"|0|1|0|0|0|0|0|1|1|1|1|0|0|1|0|4200|5340|NA|NA|7280|115|42|140|6725064|48036.1714285714|0
"290270704001"|0|1|0|0|0|0|0|1|1|1|0|0|1|0|0|23200|23200|NA|NA|9480|108|27|112|6047462|53995.1964285714|0
"290270704002"|0|1|1|0|0|0|0|1|1|1|0|0|0|1|0|22230|22230|8400|8400|9300|140|17|116|5923684|51066.2413793103|0
"290270704004"|0|1|1|0|0|0|0|1|1|1|0|0|0|1|0|22230|22230|8400|8400|9300|140|17|116|5923684|51066.2413793103|0
"290299505003"|0|1|0|0|0|0|0|1|1|0|0|1|1|0|0|3850|3850|NA|NA|NA|0|0|0|0|NA|0
"290318807003"|0|1|1|0|0|0|0|1|1|1|0|0|0|0|1|5979|11364|6307|11767|8508|761|265|820|52799328|64389.4243902439|0
"290318808001"|0|1|1|0|0|0|0|1|1|1|0|0|0|0|1|5979|11364|6307|11767|8508|761|265|820|52799328|64389.4243902439|0
"290318810002"|0|1|1|0|0|0|0|1|1|1|0|0|0|0|1|5979|11364|6307|11767|8508|761|265|820|52799328|64389.4243902439|0
"290318812001"|0|1|0|0|0|0|0|1|1|1|1|0|1|0|0|11250|11250|NA|NA|NA|4|3|6|206180|34363.3333333333|0
"290318812003"|0|1|0|0|0|0|0|1|1|1|1|0|1|0|0|11250|11250|NA|NA|NA|4|3|6|206180|34363.3333333333|0
"290318815003"|0|1|0|0|0|0|0|1|1|0|0|1|1|0|0|NA|NA|NA|NA|NA|0|0|0|0|NA|0
"290318815004"|0|1|0|0|0|0|0|1|1|0|0|1|1|0|0|NA|NA|NA|NA|NA|0|0|0|0|NA|0
"290318816001"|0|1|0|0|0|0|0|1|1|1|0|0|1|0|0|16380|16380|NA|NA|NA|15|6|36|2063712|57325.3333333333|0
"290370601001"|0|1|1|0|0|0|0|1|1|1|0|0|1|0|0|10500|10500|7200|7200|5630|36|5|30|1168824|38960.8|0
"290370601002"|0|1|1|0|0|0|0|1|1|1|0|0|1|0|0|10500|10500|7200|7200|5630|36|5|30|1168824|38960.8|0
"290370603011"|0|1|0|0|0|0|0|1|1|0|0|1|1|0|0|NA|NA|NA|NA|NA|0|0|0|0|NA|0
"290370609041"|0|1|0|0|0|0|0|1|0|0|0|1|1|0|0|NA|NA|NA|NA|NA|0|0|0|0|NA|0
"290370609042"|0|1|0|0|0|0|0|1|0|0|0|1|1|0|0|NA|NA|NA|NA|NA|0|0|0|0|NA|0
"290470203005"|0|1|1|0|0|0|0|1|1|1|0|0|0|1|0|7020|7020|5500|5500|6030|66|26|66|4163328|63080.7272727273|0
"290470206022"|0|1|0|0|0|0|0|1|1|1|1|0|1|0|0|11570|11570|NA|NA|NA|19|1|24|1237308|51554.5|0
"290470206024"|0|1|0|0|0|0|0|1|1|1|1|0|1|0|0|11570|11570|NA|NA|NA|19|1|24|1237308|51554.5|0
"290470210011"|0|1|1|0|0|0|0|1|1|1|0|0|0|1|0|7020|7020|5500|5500|6030|66|26|66|4163328|63080.7272727273|0
"290470211015"|0|1|0|0|0|0|0|1|1|0|0|1|1|0|0|NA|NA|NA|NA|NA|0|0|0|0|NA|0
"290470214011"|0|1|1|0|0|0|0|1|1|1|0|0|1|0|0|32247|32247|4800|4800|9280|132|52|166|10382388|62544.5060240964|0
"290470219002"|0|1|0|0|0|0|0|1|1|0|0|1|1|0|0|NA|NA|NA|NA|NA|0|0|0|0|NA|0
"290470220001"|0|1|0|0|0|0|0|1|1|0|0|1|1|0|0|NA|NA|NA|NA|NA|0|0|0|0|NA|0
"290470220002"|0|1|0|0|0|0|0|1|1|0|0|1|1|0|0|NA|NA|NA|NA|NA|0|0|0|0|NA|0
"290470222002"|0|1|0|0|0|0|0|1|1|1|1|0|1|0|0|11570|11570|NA|NA|NA|19|1|24|1237308|51554.5|0
"290510105003"|0|1|1|1|0|0|0|1|1|1|0|0|0|1|0|6150|12540|6840|12720|6560|312|92|254|13178800|51885.0393700787|0
"290510106002"|0|1|0|0|0|0|0|1|1|0|0|1|1|0|0|NA|NA|NA|NA|NA|0|0|0|0|NA|0
"290510106003"|0|1|0|0|0|0|0|1|1|0|0|1|1|0|0|NA|NA|NA|NA|NA|0|0|0|0|NA|0
"290510107011"|0|0|0|0|0|0|0|1|0|0|0|0|0|0|0|NA|NA|NA|NA|NA|0|0|0|0|NA|0
"290510108002"|0|1|0|0|0|0|0|1|1|1|1|0|1|0|0|11250|11250|NA|NA|NA|5|2|12|350880|29240|0
"290718003002"|0|1|0|0|0|0|0|1|1|0|0|1|1|0|0|15000|15000|NA|NA|NA|0|0|0|0|NA|0
"290718006023"|0|1|0|0|0|0|0|1|1|1|1|0|0|1|0|2664|4032|NA|NA|NA|136|39|140|7365906|52613.6142857143|0
"290718006024"|0|1|0|0|0|0|0|1|1|1|1|0|0|1|0|2664|4032|NA|NA|NA|136|39|140|7365906|52613.6142857143|0
"290718009011"|0|1|0|0|0|0|0|1|1|0|0|1|1|0|0|NA|NA|NA|NA|NA|0|0|0|0|NA|0
"290718009021"|0|1|0|0|0|0|0|1|1|0|0|1|1|0|0|NA|NA|NA|NA|NA|0|0|0|0|NA|0
"290770002002"|0|1|1|0|0|0|0|1|1|1|0|0|0|0|1|6150|13200|4644|9324|8288|1387|485|1486|102964220|69289.5154777927|0
"290770006001"|0|1|0|0|0|0|0|1|1|0|0|1|1|0|0|NA|NA|NA|NA|NA|0|0|0|0|NA|0
"290770007003"|0|3|2|0|0|0|0|3|3|3|1|0|1|1|1|37914|39102|NA|NA|NA|664|136|784|42327766|168931.721299461|0
"290770008002"|0|1|2|0|0|0|0|2|2|2|0|0|1|1|0|NA|NA|21432|21432|NA|236|78|180|10452942|123616.145348837|0
"290770011001"|0|1|0|0|0|0|0|1|1|0|0|1|1|0|0|NA|NA|NA|NA|NA|0|0|0|0|NA|0
"290770011002"|0|1|0|0|0|0|0|1|0|0|0|0|1|0|0|NA|NA|NA|NA|NA|0|0|0|0|NA|0
"290770011003"|0|2|0|0|0|0|0|2|1|0|0|1|2|0|0|NA|NA|NA|NA|NA|0|0|0|0|NA|0
"290770012001"|0|1|0|0|0|0|0|1|1|0|0|1|1|0|0|NA|NA|NA|NA|NA|0|0|0|0|NA|0
"290770015001"|0|1|0|0|0|0|0|1|1|1|0|0|1|0|0|11124|11124|NA|NA|NA|8|1|2|79560|39780|0
"290770015002"|0|1|0|0|0|0|0|1|1|1|0|0|1|0|0|11124|11124|NA|NA|NA|8|1|2|79560|39780|0
"290770019001"|0|1|0|0|0|0|0|1|1|0|0|1|1|0|0|NA|NA|NA|NA|NA|0|0|0|0|NA|0
"290770025021"|0|1|0|0|0|0|0|1|1|0|0|1|1|0|0|NA|NA|NA|NA|NA|0|0|0|0|NA|0
"290770025023"|0|0|0|0|0|0|0|1|0|0|0|0|0|0|0|NA|NA|NA|NA|NA|0|0|0|0|NA|0
"290770026003"|0|1|0|0|0|0|0|1|1|0|0|1|1|0|0|NA|NA|NA|NA|NA|0|0|0|0|NA|0
"290770027001"|0|1|0|0|0|0|0|1|1|0|0|0|1|0|0|NA|NA|NA|NA|NA|0|0|0|0|NA|0
"290770027002"|0|1|0|0|0|0|0|1|1|0|0|0|1|0|0|NA|NA|NA|NA|NA|0|0|0|0|NA|0
"290770028001"|0|1|1|0|0|0|0|2|2|1|1|1|2|0|0|NA|NA|NA|NA|NA|16|1|10|462048|NA|0
"290770030021"|0|1|0|0|0|0|0|1|1|0|0|1|1|0|0|NA|NA|NA|NA|NA|0|0|0|0|NA|0
"290770039002"|0|1|0|0|0|0|0|1|1|0|0|0|1|0|0|NA|NA|NA|NA|NA|0|0|0|0|NA|0
"290770040022"|0|1|1|0|0|0|0|1|1|1|0|0|1|0|0|13810|13810|13810|13810|NA|29|1|14|430000|30714.2857142857|0
"290770055001"|0|1|0|0|0|0|0|1|1|0|0|1|1|0|0|NA|NA|NA|NA|NA|0|0|0|0|NA|0
"290770055002"|0|1|1|0|0|0|0|1|1|1|0|0|1|0|0|9936|9936|6210|6210|7280|33|6|28|1057476|37767|0
"290799602001"|0|1|0|0|0|0|0|1|1|1|1|0|0|1|0|3270|4440|NA|NA|5849|75|29|74|3593172|48556.3783783784|0
"290799603002"|0|1|0|0|0|0|0|1|1|1|1|0|0|1|0|3270|4440|NA|NA|5849|75|29|74|3593172|48556.3783783784|0
"290799603003"|0|1|0|0|0|0|0|1|1|1|1|0|0|1|0|3270|4440|NA|NA|5849|75|29|74|3593172|48556.3783783784|0
"290799604002"|0|1|0|0|0|0|0|1|1|1|1|0|0|1|0|3270|4440|NA|NA|5849|75|29|74|3593172|48556.3783783784|0
"290839506004"|0|1|0|0|0|0|0|1|1|0|0|1|1|0|0|NA|NA|NA|NA|NA|0|0|0|0|NA|0
"290899603002"|0|2|1|0|0|0|0|2|2|2|0|0|0|2|0|27790|27790|NA|NA|NA|187|83|180|9583562|100746.565789474|0
"290910908003"|0|1|0|0|0|0|0|1|1|1|1|0|0|1|0|3570|7140|NA|NA|5702|95|38|78|3875028|49679.8461538462|0
"290950010002"|0|0|1|0|0|1|0|1|1|1|0|0|0|1|0|NA|NA|28472|28472|NA|158|41|0|0|NA|0
"290950046001"|0|2|0|0|0|0|0|2|2|2|1|0|1|0|1|NA|NA|NA|NA|NA|602|260|508|32290772|130991.778521618|0
"290950052001"|0|1|1|0|0|0|0|1|1|1|0|0|1|0|0|7000|7000|8000|8000|NA|5|1|0|0|NA|0
"290950052002"|0|1|1|0|0|0|0|1|1|1|0|0|1|0|0|7000|7000|8000|8000|NA|5|1|0|0|NA|0
"290950066001"|0|1|0|0|0|0|0|1|1|1|0|0|1|0|0|36300|36300|NA|NA|10240|103|43|110|6938696|63079.0545454545|0
"290950071001"|0|1|1|0|0|0|0|1|1|1|0|0|1|0|0|13560|13560|9936|9936|NA|20|4|50|3348594|66971.88|0
"290950073002"|0|1|0|0|0|0|0|1|1|1|1|0|1|0|0|10440|10440|NA|NA|NA|10|1|2|126072|63036|0
"290950074001"|0|1|1|0|0|1|0|1|1|1|0|0|0|0|1|8169|21969|6462|16685|10616|1420|542|1334|117562616|88127.8980509745|0
"290950075003"|0|1|1|0|0|0|0|1|1|1|0|0|0|1|0|34880|34880|15030|15030|9080|198|72|256|16782140|65555.234375|0
"290950082002"|0|1|0|0|0|0|0|1|1|0|0|1|1|0|0|NA|NA|NA|NA|NA|0|0|0|0|NA|0
"290950087001"|0|1|2|0|0|0|0|2|2|2|0|0|2|0|0|NA|NA|21525|21525|NA|35|7|84|6039030|142715.161616162|0
"290950087002"|0|1|0|0|0|0|0|1|1|0|0|1|1|0|0|NA|NA|NA|NA|NA|0|0|0|0|NA|0
"290950088001"|0|1|2|0|0|0|0|2|2|2|0|0|2|0|0|NA|NA|21525|21525|NA|35|7|84|6039030|142715.161616162|0
"290950088002"|0|1|2|0|0|0|0|2|2|2|0|0|2|0|0|NA|NA|21525|21525|NA|35|7|84|6039030|142715.161616162|0
"290950088003"|0|1|2|0|0|0|0|2|2|2|0|0|2|0|0|NA|NA|21525|21525|NA|35|7|84|6039030|142715.161616162|0
"290950099002"|0|2|0|0|0|0|0|2|2|1|1|1|2|0|0|NA|NA|NA|NA|NA|9|0|10|388000|NA|0
"290950105003"|0|1|0|0|0|0|0|1|1|0|0|1|1|0|0|16520|16520|NA|NA|NA|0|0|0|0|NA|0
"290950107021"|0|0|0|0|0|0|0|1|0|0|0|0|0|0|0|NA|NA|NA|NA|NA|0|0|0|0|NA|0
"290950107022"|0|1|0|0|0|0|0|1|1|0|0|0|1|0|0|NA|NA|NA|NA|NA|0|0|0|0|NA|0
"290950122001"|0|1|0|0|0|0|0|1|1|0|0|1|1|0|0|NA|NA|NA|NA|NA|0|0|0|0|NA|0
"290950130033"|0|1|0|0|0|0|0|1|1|1|1|0|1|0|0|NA|NA|NA|NA|NA|53|3|20|880000|44000|0
"290950134081"|0|1|1|0|0|0|0|1|1|1|0|0|0|1|0|26230|26230|7575|7575|8420|137|48|162|10151148|62661.4074074074|0
"290950136082"|0|1|0|0|0|0|0|1|1|1|0|0|1|0|0|12960|12960|NA|NA|NA|8|1|0|0|NA|0
"290950141143"|0|1|0|0|0|0|0|1|1|0|0|1|1|0|0|NA|NA|NA|NA|NA|0|0|0|0|NA|0
"290950143002"|0|1|0|0|0|0|0|1|0|0|0|0|1|0|0|NA|NA|NA|NA|NA|0|0|0|0|NA|0
"290950143003"|0|1|0|0|0|0|0|1|0|0|0|0|1|0|0|NA|NA|NA|NA|NA|0|0|0|0|NA|0
"290950147011"|0|1|0|0|0|0|0|1|1|1|0|0|1|0|0|12960|12960|NA|NA|NA|14|2|6|352208|58701.3333333333|0
"290950148041"|0|1|0|0|0|0|0|1|1|1|0|0|1|0|0|12960|12960|NA|NA|NA|14|2|6|352208|58701.3333333333|0
"290950154002"|0|1|0|0|0|0|0|1|1|0|0|1|1|0|0|NA|NA|NA|NA|NA|0|0|0|0|NA|0
"290950158002"|0|1|0|0|0|0|0|1|1|0|0|1|1|0|0|NA|NA|NA|NA|NA|0|0|0|0|NA|0
"290950159001"|0|1|0|0|0|0|0|1|1|0|0|1|1|0|0|NA|NA|NA|NA|NA|0|0|0|0|NA|0
"290950161001"|0|1|0|0|0|0|0|1|1|0|0|1|1|0|0|NA|NA|NA|NA|NA|0|0|0|0|NA|0
"290950167003"|0|2|0|0|0|0|0|2|2|2|1|0|1|0|1|NA|NA|NA|NA|NA|602|260|508|32290772|130991.778521618|0
"290950168004"|0|1|1|0|0|0|0|1|1|1|0|0|1|0|0|13560|13560|9936|9936|NA|20|4|50|3348594|66971.88|0
"290950170002"|0|1|0|0|0|0|0|1|1|0|0|0|1|0|0|NA|NA|NA|NA|NA|0|0|0|0|NA|0
"290950173001"|0|2|1|0|0|0|0|2|2|1|0|1|2|0|0|NA|NA|NA|NA|NA|13|1|4|374956|NA|0
"290970101001"|0|2|0|0|0|0|0|2|2|1|0|1|2|0|0|NA|NA|NA|NA|NA|70|14|48|2439900|NA|0
"290970103001"|0|1|0|0|0|0|0|1|1|0|0|1|1|0|0|NA|NA|NA|NA|NA|0|0|0|0|NA|0
"290970103002"|0|2|1|0|0|0|0|2|2|1|0|1|1|1|0|NA|NA|NA|NA|NA|321|122|384|23005118|NA|0
"290970106001"|0|1|0|0|0|0|0|1|1|1|1|0|1|0|0|11399|11399|NA|NA|NA|13|1|10|466916|46691.6|0
"290970106002"|0|1|0|0|0|0|0|1|1|1|1|0|1|0|0|11399|11399|NA|NA|NA|13|1|10|466916|46691.6|0
"290970116004"|0|1|0|0|0|0|0|1|1|0|0|1|1|0|0|NA|NA|NA|NA|NA|0|0|0|0|NA|0
"290997001141"|0|1|0|0|0|0|0|1|1|0|0|0|1|0|0|NA|NA|NA|NA|NA|0|0|0|0|NA|0
"290997005023"|0|1|0|0|0|0|0|1|1|1|1|0|0|1|0|3504|4656|NA|NA|5644|186|82|192|9928896|51713|0
"291019604001"|0|1|1|0|0|0|0|1|1|1|0|0|0|0|1|6446|12891|6683|13366|8350|863|242|1026|68010074|66286.6218323587|0
"291019604002"|0|1|1|0|0|0|0|1|1|1|0|0|0|0|1|6446|12891|6683|13366|8350|863|242|1026|68010074|66286.6218323587|0
"291019604003"|0|1|1|0|0|0|0|1|1|1|0|0|0|0|1|6446|12891|6683|13366|8350|863|242|1026|68010074|66286.6218323587|0
"291019605002"|0|1|1|0|0|0|0|1|1|1|0|0|0|0|1|6446|12891|6683|13366|8350|863|242|1026|68010074|66286.6218323587|0
"291019605004"|0|1|0|0|0|0|0|1|0|0|0|1|1|0|0|NA|NA|NA|NA|NA|0|0|0|0|NA|0
"291059604002"|0|1|0|0|0|0|0|1|1|0|0|1|1|0|0|NA|NA|NA|NA|NA|0|0|0|0|NA|0
"291070902002"|0|1|0|0|0|0|0|1|1|0|0|1|1|0|0|NA|NA|NA|NA|NA|0|0|0|0|NA|0
"291070902004"|0|1|0|0|0|0|0|1|1|1|1|0|1|0|0|15500|15500|NA|NA|6800|43|14|24|977832|40743|0
"291119701002"|0|1|1|0|0|0|0|1|1|1|0|0|0|1|0|24990|24990|6000|6000|8110|120|59|104|5109444|49129.2692307692|0
"291174801001"|0|1|0|0|0|0|0|1|1|0|0|1|1|0|0|NA|NA|NA|NA|NA|0|0|0|0|NA|0
"291174803002"|0|1|0|0|0|0|0|1|1|0|0|1|1|0|0|NA|NA|NA|NA|NA|0|0|0|0|NA|0
"291174803003"|0|1|0|0|0|0|0|1|1|0|0|1|1|0|0|NA|NA|NA|NA|NA|0|0|0|0|NA|0
"291174805001"|0|1|0|0|0|0|0|1|1|0|0|1|1|0|0|NA|NA|NA|NA|NA|0|0|0|0|NA|0
"291279604001"|0|1|1|0|0|0|0|1|1|1|0|0|0|1|0|20610|20610|10500|10500|7608|76|50|112|5105430|45584.1964285714|0
"291319628002"|0|0|0|0|0|0|0|1|0|0|0|0|0|0|0|NA|NA|NA|NA|NA|0|0|0|0|NA|0
"291439601001"|0|1|0|0|0|0|0|1|1|0|0|1|1|0|0|NA|NA|NA|NA|NA|0|0|0|0|NA|0
"291450201003"|0|1|0|0|0|0|0|1|1|0|0|1|1|0|0|NA|NA|NA|NA|NA|0|0|0|0|NA|0
"291450201005"|0|1|0|0|0|0|0|1|1|0|0|1|1|0|0|NA|NA|NA|NA|NA|0|0|0|0|NA|0
"291450202002"|0|2|0|0|0|0|0|2|2|1|1|1|0|1|0|NA|NA|NA|NA|NA|174|56|234|11172104|NA|0
"291450203003"|0|1|0|0|0|0|0|1|1|0|0|1|1|0|0|NA|NA|NA|NA|NA|0|0|0|0|NA|0
"291450208005"|0|2|0|0|0|0|0|2|2|1|1|1|0|1|0|NA|NA|NA|NA|NA|174|56|234|11172104|NA|0
"291474703001"|0|1|1|0|0|0|0|1|1|1|0|0|0|1|0|4335|9391|4551|9103|8558|471|114|480|30083248|62673.4333333333|0
"291474703003"|0|1|1|0|0|0|0|1|1|1|0|0|0|1|0|4335|9391|4551|9103|8558|471|114|480|30083248|62673.4333333333|0
"291474705004"|0|1|0|0|0|0|0|1|1|1|0|0|1|0|0|20506|20506|NA|NA|12316|9|1|10|528844|52884.4|0
"291514902001"|0|1|0|0|0|0|0|1|1|1|1|0|0|1|0|4793|9585|NA|NA|5300|79|24|176|9379222|53291.0340909091|0
"291514902002"|0|1|0|0|0|0|0|1|1|1|1|0|0|1|0|4793|9585|NA|NA|5300|79|24|176|9379222|53291.0340909091|0
"291514902003"|0|1|0|0|0|0|0|1|1|1|1|0|0|1|0|4793|9585|NA|NA|5300|79|24|176|9379222|53291.0340909091|0
"291594801001"|0|1|0|0|0|0|0|1|1|0|0|1|1|0|0|NA|NA|NA|NA|NA|0|0|0|0|NA|0
"291594802003"|0|2|0|0|0|0|0|2|2|1|1|1|1|1|0|NA|NA|NA|NA|NA|147|124|156|7937918|NA|0
"291594807001"|0|1|0|0|0|0|0|1|1|0|0|1|1|0|0|NA|NA|NA|NA|NA|0|0|0|0|NA|0
"291594811001"|0|2|0|0|0|0|0|2|2|1|1|1|1|1|0|NA|NA|NA|NA|NA|147|124|156|7937918|NA|0
"291618903005"|0|1|0|0|0|0|0|1|1|1|1|0|1|0|0|11250|11250|NA|NA|NA|3|3|8|380572|47571.5|0
"291618904003"|0|1|1|0|0|0|0|1|1|1|0|0|0|1|0|8286|25554|9566|27312|9780|960|379|768|71707798|93369.5286458333|0
"291618905003"|0|0|0|0|0|0|0|1|0|0|0|0|0|0|0|NA|NA|NA|NA|NA|0|0|0|0|NA|0
"291618907002"|0|0|0|0|0|0|0|1|0|0|0|0|0|0|0|NA|NA|NA|NA|NA|0|0|0|0|NA|0
"291618908001"|0|1|0|0|0|0|0|1|1|0|0|1|1|0|0|NA|NA|NA|NA|NA|0|0|0|0|NA|0
"291618909002"|0|1|0|0|0|0|0|1|1|0|0|1|1|0|0|NA|NA|NA|NA|NA|0|0|0|0|NA|0
"291618909003"|0|1|0|0|0|0|0|1|1|1|1|0|1|0|0|11250|11250|NA|NA|NA|3|3|8|380572|47571.5|0
"291634603002"|0|1|0|0|0|0|0|1|1|0|0|1|1|0|0|NA|NA|NA|NA|NA|0|0|0|0|NA|0
"291634605002"|0|1|0|0|0|0|0|1|1|0|0|1|1|0|0|NA|NA|NA|NA|NA|0|0|0|0|NA|0
"291650301031"|0|1|1|0|0|0|0|1|1|1|0|0|0|0|1|11730|11730|8025|8025|8274|385|87|212|13795890|65074.9528301887|0
"291650301032"|0|1|1|0|0|0|0|1|1|1|0|0|0|0|1|11730|11730|8025|8025|8274|385|87|212|13795890|65074.9528301887|0
"291650302011"|0|1|0|0|0|0|0|1|1|1|1|0|1|0|0|NA|NA|NA|NA|NA|7|0|10|590840|59084|0
"291650303071"|0|1|0|0|0|0|0|1|1|1|1|0|1|0|0|NA|NA|NA|NA|NA|7|0|10|590840|59084|0
"291650303081"|0|1|0|0|0|0|0|1|1|1|0|0|1|0|0|12960|12960|NA|NA|NA|14|2|10|682784|68278.4|0
"291650305005"|0|1|0|0|0|0|0|1|0|0|0|1|1|0|0|NA|NA|NA|NA|NA|0|0|0|0|NA|0
"291650305006"|0|1|0|0|0|0|0|1|0|0|0|1|1|0|0|NA|NA|NA|NA|NA|0|0|0|0|NA|0
"291679604004"|0|1|1|0|0|0|0|1|1|1|0|0|0|1|0|21600|21600|3900|3900|7460|211|80|258|14211276|55082.4651162791|0
"291694702861"|0|1|0|0|0|0|0|1|1|0|0|1|1|0|0|NA|NA|NA|NA|NA|0|0|0|0|NA|0
"291694702872"|0|1|0|0|0|0|0|1|1|0|0|1|1|0|0|NA|NA|NA|NA|NA|0|0|0|0|NA|0
"291694702873"|0|1|0|0|0|0|0|1|1|0|0|1|1|0|0|NA|NA|NA|NA|NA|0|0|0|0|NA|0
"291694703901"|0|1|0|0|0|0|0|1|1|0|0|1|1|0|0|NA|NA|NA|NA|NA|0|0|0|0|NA|0
"291694703902"|0|0|0|0|0|0|0|1|0|0|0|0|0|0|0|NA|NA|NA|NA|NA|0|0|0|0|NA|0
"291694704002"|0|1|0|0|0|0|0|1|1|0|0|1|1|0|0|NA|NA|NA|NA|NA|0|0|0|0|NA|0
"291694704003"|0|1|0|0|0|0|0|1|1|0|0|1|1|0|0|NA|NA|NA|NA|NA|0|0|0|0|NA|0
"291694704005"|0|1|0|0|0|0|0|1|1|0|0|1|1|0|0|NA|NA|NA|NA|NA|0|0|0|0|NA|0
"291694706002"|0|0|0|0|0|0|0|1|0|0|0|0|0|0|0|NA|NA|NA|NA|NA|0|0|0|0|NA|0
"291754904002"|0|1|0|0|0|0|0|1|1|1|1|0|0|1|0|4230|5820|NA|NA|5832|175|49|144|7026868|48797.6944444444|0
"291754905001"|0|1|0|0|0|0|0|1|1|1|0|0|1|0|0|7500|7500|NA|NA|6600|20|5|14|606754|43339.5714285714|0
"291754905003"|0|1|0|0|0|0|0|1|1|1|0|0|1|0|0|7500|7500|NA|NA|6600|20|5|14|606754|43339.5714285714|0
"291833106012"|0|1|1|0|0|0|0|1|1|1|0|0|0|0|1|15672|15672|15672|15672|8800|542|166|596|43931724|73710.9463087248|0
"291833107001"|0|1|1|0|0|0|0|1|1|1|0|0|0|0|1|15672|15672|15672|15672|8800|542|166|596|43931724|73710.9463087248|0
"291833108021"|0|1|0|0|0|0|0|1|1|0|0|1|1|0|0|NA|NA|NA|NA|NA|0|0|0|0|NA|0
"291833108022"|0|2|0|0|0|0|0|2|2|1|1|1|2|0|0|NA|NA|NA|NA|NA|18|1|16|851004|NA|0
"291833110032"|0|1|0|0|0|0|0|1|1|1|0|0|1|0|0|13680|13680|NA|NA|NA|10|1|2|90086|45043|0
"291833110042"|0|1|0|0|0|0|0|1|1|1|0|0|1|0|0|13680|13680|NA|NA|NA|10|1|2|90086|45043|0
"291833111141"|0|1|0|0|0|0|0|1|0|0|0|0|1|0|0|NA|NA|NA|NA|NA|0|0|0|0|NA|0
"291833111142"|0|1|0|0|0|0|0|1|0|0|0|0|1|0|0|NA|NA|NA|NA|NA|0|0|0|0|NA|0
"291833113221"|0|1|0|0|0|0|0|1|1|1|1|0|0|1|0|4470|6450|NA|NA|NA|308|98|220|14607072|66395.7818181818|0
"291833114221"|0|2|0|0|0|0|0|2|1|1|1|0|2|0|0|NA|NA|NA|NA|NA|2|0|0|0|NA|0
"291833116021"|0|2|0|0|0|0|0|2|1|1|1|0|2|0|0|NA|NA|NA|NA|NA|2|0|0|0|NA|0
"291879504004"|0|1|0|0|0|0|0|1|1|1|1|0|0|1|0|4200|5700|NA|NA|7238|122|47|144|7524994|52256.9027777778|0
"291879509021"|0|1|0|0|0|0|0|1|1|0|0|1|1|0|0|NA|NA|NA|NA|NA|0|0|0|0|NA|0
"291892109251"|0|1|0|0|0|0|0|1|1|0|0|1|1|0|0|NA|NA|NA|NA|NA|0|0|0|0|NA|0
"291892111014"|0|1|0|0|0|0|0|1|1|1|0|0|1|0|0|10850|10850|NA|NA|4800|13|2|10|430004|43000.4|0
"291892111022"|0|1|0|0|0|0|0|1|1|1|0|0|1|0|0|10850|10850|NA|NA|4800|13|2|10|430004|43000.4|0
"291892113311"|0|0|1|0|0|0|0|1|1|1|0|0|1|0|0|NA|NA|7200|7200|NA|13|4|12|713286|59440.5|0
"291892118021"|0|1|0|0|0|0|0|1|1|0|0|1|1|0|0|NA|NA|NA|NA|NA|0|0|0|0|NA|0
"291892127001"|0|1|0|0|0|0|0|1|1|1|1|0|1|0|0|11781|11781|NA|NA|NA|40|1|32|1684356|52636.125|0
"291892127002"|0|1|0|0|0|0|0|1|1|1|1|0|1|0|0|11781|11781|NA|NA|NA|40|1|32|1684356|52636.125|0
"291892127005"|0|1|0|0|0|0|0|1|1|1|1|0|1|0|0|11781|11781|NA|NA|NA|40|1|32|1684356|52636.125|0
"291892131021"|0|1|0|0|0|0|0|1|1|0|0|0|1|0|0|NA|NA|NA|NA|NA|0|0|0|0|NA|0
"291892133003"|0|1|0|0|0|0|0|1|1|1|1|0|1|0|0|NA|NA|NA|NA|NA|8|4|16|919630|57476.875|0
"291892134001"|0|0|0|0|0|0|0|1|0|0|0|0|0|0|0|NA|NA|NA|NA|NA|0|0|0|0|NA|0
"291892137002"|0|1|1|0|0|0|0|1|1|1|0|0|0|0|1|10065|26277|10668|26184|10032|922|361|852|69347076|81393.2816901409|0
"291892145002"|0|1|0|0|0|0|0|1|1|0|0|1|1|0|0|NA|NA|NA|NA|NA|0|0|0|0|NA|0
"291892149001"|0|1|0|0|0|0|0|1|1|1|0|0|1|0|0|13880|13880|NA|NA|8360|28|2|40|2387712|59692.8|0
"291892150011"|0|1|0|0|0|0|0|1|1|1|0|0|1|0|0|18900|18900|NA|NA|NA|36|7|40|2940224|73505.6|0
"291892151431"|0|1|1|0|0|0|0|1|1|1|0|0|1|0|0|11753|11753|17400|17400|NA|11|3|0|0|NA|0
"291892152011"|0|1|2|0|0|0|0|2|2|2|0|0|1|1|0|NA|NA|22275|22275|NA|252|93|176|9815432|122182.167357084|0
"291892152013"|0|1|2|0|0|0|0|2|2|2|0|0|1|1|0|NA|NA|22275|22275|NA|252|93|176|9815432|122182.167357084|0
"291892152024"|0|1|1|0|0|0|0|1|1|1|0|0|0|1|0|25558|25558|13768|13768|10712|253|63|286|20468542|71568.3286713287|0
"291892163001"|0|1|1|0|0|1|0|1|1|1|0|0|0|0|1|48950|48950|48950|48950|15596|3335|882|1874|248382868|132541.551760939|0
"291892163003"|0|1|2|0|0|0|0|2|2|2|0|0|1|1|0|NA|NA|37314|37314|NA|248|76|222|15358784|150212.92593985|0
"291892164001"|0|1|0|0|0|0|0|1|1|1|1|0|1|0|0|9600|9600|NA|NA|NA|6|0|4|182276|45569|0
"291892173002"|0|1|0|0|0|0|0|1|1|1|0|0|1|0|0|11736|11736|NA|NA|NA|0|0|0|0|NA|0
"291892175002"|0|1|0|0|0|0|0|1|1|1|1|0|1|0|0|12429|12429|NA|NA|NA|10|1|6|318200|53033.3333333333|0
"291892175005"|0|1|0|0|0|0|0|1|1|0|0|1|1|0|0|NA|NA|NA|NA|NA|0|0|0|0|NA|0
"291892178421"|0|1|1|0|0|0|0|1|1|1|0|0|0|1|0|6600|6600|9900|9900|NA|145|32|98|7523442|76769.8163265306|0
"291892189001"|0|1|0|0|0|0|0|1|1|0|0|1|1|0|0|NA|NA|NA|NA|NA|0|0|0|0|NA|0
"291892192002"|0|1|2|0|0|0|0|2|2|2|0|0|1|0|1|NA|NA|26767|26767|NA|662|254|428|35552516|156387.363685637|0
"291892195001"|0|1|2|0|0|0|0|2|2|2|0|0|1|0|1|NA|NA|26767|26767|NA|662|254|428|35552516|156387.363685637|0
"291892196004"|0|1|1|0|0|0|0|1|1|1|0|0|1|0|0|19650|19650|24270|24270|11500|22|5|34|1929058|56737|0
"291892204312"|0|1|0|0|0|0|0|1|0|0|0|0|1|0|0|NA|NA|NA|NA|NA|0|0|0|0|NA|0
"291892207031"|0|1|0|0|0|0|0|1|1|0|0|1|1|0|0|NA|NA|NA|NA|NA|0|0|0|0|NA|0
"291892210004"|0|1|0|0|0|0|0|1|1|0|0|1|1|0|0|NA|NA|NA|NA|NA|0|0|0|0|NA|0
"291892212011"|0|1|0|0|0|0|0|1|0|0|0|1|1|0|0|NA|NA|NA|NA|NA|0|0|0|0|NA|0
"291892212012"|0|1|0|0|0|0|0|1|1|1|0|0|1|0|0|11836|11836|NA|NA|NA|17|1|12|573028|47752.3333333333|0
"291892212021"|0|1|0|0|0|0|0|1|1|0|0|1|1|0|0|NA|NA|NA|NA|NA|0|0|0|0|NA|0
"291892214231"|0|3|0|0|0|0|0|3|3|3|1|0|3|0|0|NA|NA|NA|NA|NA|43|5|40|2204936|173431.5|0
"291892214232"|0|1|0|0|0|0|0|1|1|1|1|0|1|0|0|NA|NA|NA|NA|NA|9|1|8|540000|67500|0
"291892214242"|0|1|0|0|0|0|0|1|1|1|1|0|1|0|0|NA|NA|NA|NA|NA|9|1|8|540000|67500|0
"291950903001"|0|1|0|0|0|0|0|1|1|0|0|1|1|0|0|NA|NA|NA|NA|NA|0|0|0|0|NA|0
"291950903002"|0|1|0|0|0|0|0|1|1|0|0|1|1|0|0|NA|NA|NA|NA|NA|0|0|0|0|NA|0
"291950903003"|0|1|0|0|0|0|0|1|1|0|0|1|1|0|0|NA|NA|NA|NA|NA|0|0|0|0|NA|0
"291950905001"|0|1|1|0|0|0|0|1|1|1|0|0|0|1|0|18500|18500|3600|3600|7700|105|35|174|8137234|46765.7126436782|0
"291950905003"|0|1|1|0|0|0|0|1|1|1|0|0|0|1|0|18500|18500|3600|3600|7700|105|35|174|8137234|46765.7126436782|0
"292017812007"|0|1|0|0|0|0|0|1|1|0|0|1|1|0|0|NA|NA|NA|NA|NA|0|0|0|0|NA|0
"292134805022"|0|1|0|0|0|0|0|1|1|1|0|0|0|1|0|18500|18500|NA|NA|6800|222|37|172|11334772|65899.8372093023|0
"292154802005"|0|1|0|0|0|0|0|1|1|1|1|0|1|0|0|12912|12912|NA|NA|NA|8|1|22|1032312|46923.2727272727|0
"292154803005"|0|1|0|0|0|0|0|1|1|1|1|0|1|0|0|12912|12912|NA|NA|NA|8|1|22|1032312|46923.2727272727|0
"292179503005"|0|2|0|0|0|0|0|2|2|1|0|1|2|0|0|NA|NA|NA|NA|NA|111|23|74|4290726|NA|0
"292179503006"|0|1|0|0|0|0|0|1|0|0|0|1|1|0|0|NA|NA|NA|NA|NA|0|0|0|0|NA|0
"292254702011"|0|1|0|0|0|0|0|1|1|0|0|1|1|0|0|NA|NA|NA|NA|NA|0|0|0|0|NA|0
"292254704011"|0|1|0|0|0|0|0|1|1|0|0|1|1|0|0|NA|NA|NA|NA|NA|0|0|0|0|NA|0
"292254704012"|0|1|0|0|0|0|0|1|1|0|0|1|1|0|0|NA|NA|NA|NA|NA|0|0|0|0|NA|0
"295101105001"|0|1|0|0|0|0|0|1|1|0|0|1|1|0|0|NA|NA|NA|NA|NA|0|0|0|0|NA|0
"295101105002"|0|1|0|0|0|0|0|1|1|0|0|1|1|0|0|NA|NA|NA|NA|NA|0|0|0|0|NA|0
"295101112001"|0|1|0|0|0|0|0|1|1|1|0|0|0|1|0|14232|14232|NA|NA|5200|78|11|180|10957090|60872.7222222222|0
"295101112002"|0|1|0|0|0|0|0|1|1|1|0|0|0|1|0|14232|14232|NA|NA|5200|78|11|180|10957090|60872.7222222222|0
"295101124003"|0|1|0|0|0|0|0|1|1|0|0|1|1|0|0|NA|NA|NA|NA|NA|0|0|0|0|NA|0
"295101184001"|0|1|0|1|0|0|0|1|1|1|0|0|0|1|0|4776|9409|NA|NA|9250|113|25|72|3120098|43334.6944444444|0
"295101186001"|0|1|2|0|0|0|0|2|2|2|0|0|2|0|0|NA|NA|25872|25872|NA|74|15|120|8824064|128394.385093168|0
"295101186002"|0|1|0|0|0|0|0|1|1|1|1|0|1|0|0|NA|NA|NA|NA|NA|16|3|18|742156|41230.8888888889|0
"295101193002"|0|1|1|0|1|1|0|1|1|1|0|0|0|0|1|40100|40100|19350|19350|10640|1608|440|1478|130814590|88507.8416779432|0
"295101241001"|0|1|0|0|0|0|0|1|1|0|0|1|1|0|0|8954|8954|NA|NA|5649|0|0|0|0|NA|0
"295101255003"|0|1|0|0|0|0|0|1|1|1|0|0|1|0|0|13230|13230|NA|NA|NA|7|1|10|580000|58000|0
"295101256002"|0|2|0|0|0|0|0|2|2|2|2|0|1|0|1|16080|17760|NA|NA|NA|804|241|808|57677746|NA|0
"300010003003"|0|2|0|0|0|0|0|2|2|2|1|0|1|1|0|NA|NA|NA|NA|NA|118|40|134|7378266|84854.8095238095|0
"300010003004"|0|1|0|0|0|0|0|1|1|1|0|0|0|1|0|3699|15231|NA|NA|6940|117|39|126|7153626|56774.8095238095|0
"300030001004"|0|1|0|0|0|0|1|1|1|1|1|0|1|0|0|2600|2600|NA|NA|NA|56|11|56|1070028|19107.6428571429|0
"300039404001"|0|1|0|0|0|0|1|1|1|1|1|0|1|0|0|2600|2600|NA|NA|NA|56|11|56|1070028|19107.6428571429|0
"300039406002"|0|1|0|0|0|0|1|1|1|1|1|0|1|0|0|2600|2600|NA|NA|NA|56|11|56|1070028|19107.6428571429|0
"300039407001"|0|1|0|0|0|0|1|1|1|1|1|0|1|0|0|2600|2600|NA|NA|NA|56|11|56|1070028|19107.6428571429|0
"300059401001"|0|1|0|0|0|0|1|1|1|1|1|0|1|0|0|1740|1740|NA|NA|NA|38|6|32|1571540|49110.625|0
"300059402001"|0|1|0|0|0|0|1|1|1|1|1|0|1|0|0|1740|1740|NA|NA|NA|38|6|32|1571540|49110.625|0
"300130007002"|0|1|0|0|0|0|0|1|1|0|0|1|1|0|0|NA|NA|NA|NA|NA|0|0|0|0|NA|0
"300130021002"|0|1|0|0|0|0|0|1|1|1|1|0|0|1|0|2496|8748|NA|NA|NA|80|14|92|4708728|51181.8260869565|0
"300130021003"|0|1|0|0|0|0|0|1|1|1|1|0|0|1|0|2496|8748|NA|NA|NA|80|14|92|4708728|51181.8260869565|0
"300130021004"|0|1|1|0|0|0|0|1|1|1|0|0|1|0|0|21334|21334|14256|14256|7640|113|45|94|4523496|48122.2978723404|0
"300130022001"|0|1|0|0|0|0|0|1|1|0|0|1|1|0|0|NA|NA|NA|NA|NA|0|0|0|0|NA|0
"300150103004"|0|1|0|0|0|0|1|1|1|1|1|0|1|0|0|1820|1820|NA|NA|NA|40|7|18|844106|46894.7777777778|0
"300179616001"|0|1|0|0|0|0|0|1|1|1|1|0|1|0|0|3720|6810|NA|NA|6750|43|16|44|1995974|45363.0454545455|0
"300210003004"|0|1|0|0|0|0|0|1|1|1|1|0|1|0|0|3450|6030|NA|NA|5775|23|2|18|882636|49035.3333333333|0
"300230005002"|0|1|0|0|0|0|0|1|1|1|1|0|1|0|0|2380|7571|NA|NA|8846|0|0|0|0|NA|0
"300290008002"|0|1|0|0|0|0|0|1|1|1|1|0|0|1|0|4312|10080|NA|NA|NA|132|39|142|7903446|55658.0704225352|0
"300290008004"|0|1|0|0|0|0|0|1|1|1|1|0|0|1|0|4312|10080|NA|NA|NA|132|39|142|7903446|55658.0704225352|0
"300290009002"|0|1|0|0|0|0|0|1|1|1|1|0|0|1|0|4312|10080|NA|NA|NA|132|39|142|7903446|55658.0704225352|0
"300290010001"|0|1|0|0|0|0|0|1|1|0|0|1|1|0|0|NA|NA|NA|NA|NA|0|0|0|0|NA|0
"300310007012"|0|1|0|0|0|0|0|1|1|0|0|1|1|0|0|NA|NA|NA|NA|NA|0|0|0|0|NA|0
"300310007014"|0|1|0|0|0|0|0|1|1|0|0|1|1|0|0|NA|NA|NA|NA|NA|0|0|0|0|NA|0
"300310011012"|0|1|1|0|0|0|0|1|1|1|0|0|0|0|1|5330|21341|4797|16805|8900|1911|268|1200|94066680|78388.9|0
"300310011013"|0|1|1|0|0|0|0|1|1|1|0|0|0|0|1|5330|21341|4797|16805|8900|1911|268|1200|94066680|78388.9|0
"300310011021"|0|1|0|0|0|0|0|1|1|1|0|0|1|0|0|7040|7040|NA|NA|4300|0|0|0|0|NA|0
"300359402004"|0|1|0|0|0|0|1|1|1|1|1|0|1|0|0|2280|2280|NA|NA|9734|74|13|58|2528504|43594.8965517241|0
"300410404003"|0|1|1|0|0|0|0|1|1|1|0|0|0|1|0|3953|16153|5413|17613|6300|139|35|116|6489364|55942.7931034483|0
"300419403003"|0|1|0|0|0|0|1|1|1|1|1|0|1|0|0|1820|1820|NA|NA|NA|40|7|18|844106|46894.7777777778|0
"300479404002"|0|1|0|0|0|0|1|1|1|1|0|0|1|0|0|5076|10260|NA|NA|6975|94|37|128|5912748|46193.34375|0
"300490008003"|0|1|0|0|0|0|0|1|1|1|0|0|0|1|0|32212|32212|NA|NA|9584|152|36|180|10447664|58042.5777777778|0
"300490009001"|0|1|0|0|0|0|0|1|1|1|1|0|0|1|0|2358|7572|NA|NA|NA|56|14|66|3231034|48955.0606060606|0
"300570002001"|0|1|0|0|0|0|0|1|1|1|1|0|1|0|0|2380|7571|NA|NA|8846|0|0|0|0|NA|0
"300630002011"|0|1|0|0|0|0|0|1|1|0|0|1|1|0|0|NA|NA|NA|NA|NA|0|0|0|0|NA|0
"300630005001"|0|1|1|0|0|0|0|1|1|1|0|0|0|0|1|4603|22648|4135|18742|8826|1488|265|1118|82816714|74075.7728085868|0
"300630005002"|0|1|1|0|0|0|0|1|1|1|0|0|0|0|1|4603|22648|4135|18742|8826|1488|265|1118|82816714|74075.7728085868|0
"300810004023"|0|1|0|0|0|0|0|1|1|0|0|1|1|0|0|NA|NA|NA|NA|NA|0|0|0|0|NA|0
"300810005001"|0|1|0|0|0|0|0|1|1|0|0|1|1|0|0|NA|NA|NA|NA|NA|0|0|0|0|NA|0
"300810005002"|0|1|0|0|0|0|0|1|1|0|0|1|1|0|0|NA|NA|NA|NA|NA|0|0|0|0|NA|0
"300810005003"|0|1|0|0|0|0|0|1|1|0|0|1|1|0|0|NA|NA|NA|NA|NA|0|0|0|0|NA|0
"300810006001"|0|1|0|0|0|0|0|1|1|0|0|1|1|0|0|NA|NA|NA|NA|NA|0|0|0|0|NA|0
"300859400023"|0|1|0|0|0|0|1|1|1|1|1|0|1|0|0|1680|1680|NA|NA|5025|35|16|50|2318366|46367.32|0
"300859400024"|0|1|0|0|0|0|1|1|1|1|1|0|1|0|0|1680|1680|NA|NA|5025|35|16|50|2318366|46367.32|0
"300870002002"|0|1|0|0|0|0|1|1|1|1|1|0|1|0|0|1960|1960|NA|NA|NA|41|14|24|1176150|49006.25|0
"300879404001"|0|1|0|0|0|0|1|1|1|1|1|0|1|0|0|1960|1960|NA|NA|NA|41|14|24|1176150|49006.25|0
"300930001004"|0|1|0|0|0|0|0|1|1|0|0|1|1|0|0|NA|NA|NA|NA|NA|0|0|0|0|NA|0
"300930002004"|0|1|1|0|0|0|0|1|1|1|0|0|0|1|0|5177|19224|4352|17000|8846|308|70|308|20429366|66329.1103896104|0
"300930002005"|0|1|1|0|0|0|0|1|1|1|0|0|0|1|0|5177|19224|4352|17000|8846|308|70|308|20429366|66329.1103896104|0
"300930008001"|0|1|0|0|0|0|0|1|1|1|1|0|1|0|0|2380|7571|NA|NA|8846|0|0|0|0|NA|0
"300930008005"|0|1|0|0|0|0|0|1|1|1|1|0|1|0|0|2380|7571|NA|NA|8846|0|0|0|0|NA|0
"301110006001"|0|1|1|0|0|0|0|1|1|1|0|0|0|1|0|26136|26136|29744|29744|8134|123|43|136|7784236|57237.0294117647|0
"301110006002"|0|1|1|0|0|0|0|1|1|1|0|0|0|1|0|4397|16662|5276|17542|7690|303|106|306|18303476|59815.2810457516|0
"301110006003"|0|1|1|0|0|0|0|1|1|1|0|0|0|1|0|4397|16662|5276|17542|7690|303|106|306|18303476|59815.2810457516|0
"301110007043"|0|1|1|0|0|0|0|1|1|1|0|0|0|1|0|26136|26136|29744|29744|8134|123|43|136|7784236|57237.0294117647|0
"301110010001"|0|1|0|0|0|0|0|1|1|0|0|1|1|0|0|NA|NA|NA|NA|NA|0|0|0|0|NA|0
"310019656002"|0|1|1|0|0|0|0|1|1|1|0|0|0|1|0|27020|27020|7896|7896|8880|140|46|154|8204758|53277.6493506493|0
"310199696001"|0|1|1|0|0|0|0|1|1|1|0|0|0|1|0|5460|11888|5418|11886|9944|455|156|660|43627896|66102.8727272727|0
"310459507003"|0|1|1|0|0|0|0|1|1|1|0|0|0|1|0|4480|4508|3600|7200|7164|195|47|190|11989072|63100.3789473684|0
"310459507004"|0|1|1|0|0|0|0|1|1|1|0|0|0|1|0|4480|4508|3600|7200|7164|195|47|190|11989072|63100.3789473684|0
"310539641003"|0|1|0|0|0|0|0|1|1|0|0|1|1|0|0|NA|NA|NA|NA|NA|0|0|0|0|NA|0
"310539642004"|0|1|1|0|0|0|0|1|1|1|0|0|0|1|0|29880|29880|17700|17700|8038|153|61|74|4131836|55835.6216216216|0
"310550016001"|0|1|1|0|1|1|0|1|1|1|0|0|0|1|0|35942|35942|14760|14760|10600|1113|288|1060|100596570|94902.4245283019|0
"310550016002"|0|1|1|0|1|1|0|1|1|1|0|0|0|1|0|35942|35942|14760|14760|10600|1113|288|1060|100596570|94902.4245283019|0
"310550022002"|0|1|1|0|0|0|0|1|1|1|0|0|1|0|0|21088|21088|6276|6276|7558|35|12|30|1417954|47265.1333333333|0
"310550043001"|0|1|1|0|1|1|0|1|1|1|0|0|0|1|0|8550|26550|7911|22950|NA|1564|354|590|58019386|98337.9423728814|0
"310550044001"|0|1|1|0|0|0|0|1|1|1|0|0|0|1|0|11976|11976|10008|10008|7800|79|8|112|7747504|69174.1428571429|0
"310550046003"|0|1|1|0|0|0|0|1|1|1|0|0|0|1|0|29954|29954|14038|14038|7550|92|32|122|8139482|66717.0655737705|0
"310550047002"|0|1|1|0|0|0|0|1|1|1|0|0|0|0|1|5596|17516|4649|12987|8916|1042|361|1072|80187860|74802.1082089552|0
"310550061025"|0|1|0|0|0|0|0|1|1|1|1|0|0|0|1|2625|3953|NA|NA|NA|524|206|494|34983708|70817.2226720648|0
"310550062021"|0|1|0|0|0|0|0|1|1|1|1|0|1|0|0|15240|15240|NA|NA|NA|2|0|2|120000|60000|0
"310550062022"|0|1|0|0|0|0|0|1|1|1|1|0|1|0|0|15240|15240|NA|NA|NA|2|0|2|120000|60000|0
"310550065051"|0|1|0|0|0|0|0|1|1|1|1|0|1|0|0|5050|5050|NA|NA|NA|0|0|6|410000|68333.3333333333|0
"310550065052"|0|1|0|0|0|0|0|1|1|1|1|0|1|0|0|5050|5050|NA|NA|NA|0|0|6|410000|68333.3333333333|0
"310550066024"|0|1|1|0|0|0|0|1|1|1|0|0|0|1|0|13632|13632|12942|12942|10054|65|14|114|7174262|62932.1228070175|0
"310550070011"|0|1|1|0|0|0|0|1|1|1|0|0|0|1|0|29954|29954|14038|14038|7550|92|32|122|8139482|66717.0655737705|0
"310550070031"|0|1|0|0|0|0|0|1|0|0|0|0|1|0|0|NA|NA|NA|NA|NA|0|0|0|0|NA|0
"310550073112"|0|1|1|0|0|0|0|1|1|1|0|0|1|0|0|15327|15327|9216|9216|NA|28|10|8|387558|48444.75|0
"310550074093"|0|1|0|0|0|0|0|1|0|0|0|0|1|0|0|NA|NA|NA|NA|NA|0|0|0|0|NA|0
"310550074333"|0|1|0|0|0|0|0|1|1|1|0|0|1|0|0|25600|25600|NA|NA|NA|7|0|4|288016|72004|0
"310550074451"|0|1|0|0|0|0|0|1|1|0|0|0|1|0|0|NA|NA|NA|NA|NA|0|0|0|0|NA|0
"310550074452"|0|1|0|0|0|0|0|1|1|0|0|0|1|0|0|NA|NA|NA|NA|NA|0|0|0|0|NA|0
"310550074563"|0|1|0|0|0|0|0|1|1|0|0|1|1|0|0|NA|NA|NA|NA|NA|0|0|0|0|NA|0
"310550074571"|0|1|0|0|0|0|0|1|1|0|0|1|1|0|0|NA|NA|NA|NA|NA|0|0|0|0|NA|0
"310550074662"|0|1|0|0|0|0|0|1|1|1|1|0|1|0|0|12560|12560|NA|NA|NA|2|0|6|265818|44303|0
"310550074664"|0|1|0|0|0|0|0|1|1|1|1|0|1|0|0|12560|12560|NA|NA|NA|2|0|6|265818|44303|0
"310550074665"|0|1|0|0|0|0|0|1|1|1|1|0|1|0|0|12560|12560|NA|NA|NA|2|0|6|265818|44303|0
"310550074675"|0|1|0|0|0|0|0|1|1|0|0|1|1|0|0|NA|NA|NA|NA|NA|0|0|0|0|NA|0
"310639611001"|0|1|0|0|0|0|0|1|1|1|1|0|1|0|0|4356|9234|NA|NA|7098|34|3|26|2049588|78830.3076923077|0
"310639611003"|0|1|0|0|0|0|0|1|1|1|1|0|1|0|0|4356|9234|NA|NA|7098|34|3|26|2049588|78830.3076923077|0
"310790012001"|0|1|0|0|0|0|0|1|1|1|1|0|0|1|0|2520|3780|NA|NA|6396|315|126|342|18820898|55031.865497076|0
"311090002023"|0|1|1|0|0|0|0|1|1|1|0|0|0|1|0|30598|30598|4764|4764|8758|158|46|216|12603778|58350.8240740741|0
"311090006001"|0|1|1|0|0|0|0|1|1|1|0|0|0|0|1|6757|21270|7134|20412|10826|4915|1091|2640|263052802|99641.2128787879|0
"311090006002"|0|1|1|0|0|0|0|1|1|1|0|0|0|0|1|6757|21270|7134|20412|10826|4915|1091|2640|263052802|99641.2128787879|0
"311090009003"|0|1|1|0|0|0|0|1|1|0|0|0|0|0|0|NA|NA|NA|NA|NA|221|48|0|0|NA|0
"311090009004"|0|1|1|0|0|0|0|1|1|0|0|0|0|0|0|NA|NA|NA|NA|NA|221|48|0|0|NA|0
"311090010021"|0|1|1|0|0|0|0|1|1|1|0|0|0|1|0|10360|10360|6060|6060|NA|42|15|20|1322584|66129.2|0
"311090013011"|0|2|0|0|0|0|0|2|2|1|1|1|1|1|0|NA|NA|NA|NA|NA|342|93|740|46927454|NA|0
"311090013012"|0|1|0|0|0|0|0|1|1|0|0|1|1|0|0|NA|NA|NA|NA|NA|0|0|0|0|NA|0
"311090013013"|0|1|0|0|0|0|0|1|1|1|1|0|0|1|0|2952|3624|NA|NA|6150|342|93|740|46927454|63415.4783783784|0
"311090015001"|0|1|1|0|1|0|0|1|1|1|0|0|1|0|0|13856|13856|17436|17436|NA|31|11|68|5055950|74352.2058823529|0
"311090017005"|0|1|1|0|0|0|0|1|1|1|0|0|1|0|0|15327|15327|9216|9216|NA|22|5|10|485336|48533.6|0
"311090017006"|0|1|1|0|0|0|0|1|1|1|0|0|1|0|0|15327|15327|9216|9216|NA|22|5|10|485336|48533.6|0
"311090019001"|0|1|0|0|0|0|0|1|1|0|0|1|1|0|0|NA|NA|NA|NA|NA|0|0|0|0|NA|0
"311090027011"|0|1|1|0|0|0|0|1|1|1|0|0|1|0|0|21456|21456|23892|23892|6800|94|26|124|7198448|58052|0
"311090027013"|0|1|1|0|0|0|0|1|1|1|0|0|1|0|0|21456|21456|23892|23892|6800|94|26|124|7198448|58052|0
"311090037062"|0|1|0|0|0|0|0|1|1|1|1|0|1|0|0|15950|15950|NA|NA|NA|1|1|0|0|NA|0
"311090037063"|0|1|0|0|0|0|0|1|1|1|1|0|1|0|0|15950|15950|NA|NA|NA|1|1|0|0|NA|0
"311090037073"|0|1|0|0|0|0|0|1|1|0|0|1|1|0|0|NA|NA|NA|NA|NA|0|0|0|0|NA|0
"311090037191"|0|1|0|0|0|0|0|1|1|0|0|1|1|0|0|NA|NA|NA|NA|NA|0|0|0|0|NA|0
"311119605003"|0|1|0|0|0|0|0|1|1|1|1|0|0|1|0|2520|3270|NA|NA|6300|132|18|132|8109076|61432.3939393939|0
"311199606001"|0|1|0|0|0|0|0|1|1|1|1|0|0|1|0|2700|3780|NA|NA|8002|231|81|242|13233904|54685.5537190083|0
"311279681001"|0|1|1|0|0|0|0|1|1|1|0|0|0|1|0|4800|4800|7800|7800|7488|120|49|102|6454528|63279.6862745098|0
"311279681004"|0|1|1|0|0|0|0|1|1|1|0|0|0|1|0|4800|4800|7800|7800|7488|120|49|102|6454528|63279.6862745098|0
"311519606004"|0|1|0|0|0|0|0|1|1|1|0|0|0|1|0|29720|29720|NA|NA|8750|193|68|172|10469876|60871.3720930233|0
"311530101053"|0|1|1|0|0|0|0|1|1|1|0|0|0|1|0|6840|6840|9810|9810|6399|491|55|180|12115354|67307.5222222222|0
"311530102031"|0|1|0|0|0|0|0|1|1|1|0|0|1|0|0|13428|13428|NA|NA|NA|7|1|0|0|NA|0
"311530102032"|0|1|0|0|0|0|0|1|1|1|0|0|1|0|0|13428|13428|NA|NA|NA|7|1|0|0|NA|0
"311530102033"|0|1|0|0|0|0|0|1|1|1|0|0|1|0|0|13428|13428|NA|NA|NA|7|1|0|0|NA|0
"311530107021"|0|1|0|0|0|0|0|1|1|1|0|0|1|0|0|16200|16200|NA|NA|8000|15|4|16|879094|54943.375|0
"311530107024"|0|1|0|0|0|0|0|1|1|1|0|0|1|0|0|16200|16200|NA|NA|8000|15|4|16|879094|54943.375|0
"311579534002"|0|2|0|0|0|0|0|2|2|1|1|1|1|1|0|4880|5108|NA|NA|NA|112|51|134|7955152|NA|0
"311579535003"|0|1|0|0|0|0|0|1|1|0|0|1|1|0|0|NA|NA|NA|NA|NA|0|0|0|0|NA|0
"311579537003"|0|1|0|0|0|0|0|1|1|0|0|1|1|0|0|NA|NA|NA|NA|NA|0|0|0|0|NA|0
"311579539005"|0|1|0|0|0|0|0|1|1|1|0|0|1|0|0|5600|5600|NA|NA|3816|7|3|4|168160|42040|0
"311599603003"|0|1|1|0|0|0|0|1|1|1|0|0|0|1|0|27880|27880|9919|9919|7800|117|52|124|7337280|59171.6129032258|0
"311679622001"|0|1|0|0|0|0|0|1|1|1|1|0|0|1|0|2700|3780|NA|NA|8002|231|81|242|13233904|54685.5537190083|0
"311679622004"|0|1|0|0|0|0|0|1|1|1|1|0|0|1|0|2700|3780|NA|NA|8002|231|81|242|13233904|54685.5537190083|0
"311739401004"|0|1|0|0|0|0|1|1|1|1|1|0|1|0|0|4080|4080|NA|NA|NA|22|0|12|486350|40529.1666666667|0
"311739402001"|0|1|0|0|0|0|1|1|1|1|1|0|1|0|0|4050|4050|NA|NA|5000|34|7|12|569068|47422.3333333333|0
"311799787006"|0|1|1|0|0|0|0|1|1|1|0|0|0|1|0|4800|9600|3600|7200|7110|243|81|242|15999814|66114.9338842975|0
"311859697004"|0|1|1|0|0|0|0|1|1|1|0|0|1|0|0|17300|17300|NA|NA|6600|62|23|54|2546520|47157.7777777778|0
"320030002033"|0|1|0|0|0|0|0|1|1|0|0|1|1|0|0|NA|NA|NA|NA|NA|0|0|0|0|NA|0
"320030002042"|0|1|0|0|0|0|0|1|1|1|0|0|1|0|0|18880|18880|NA|NA|NA|11|8|44|1451000|32977.2727272727|0
"320030003021"|0|1|0|0|0|0|0|1|1|0|0|1|1|0|0|NA|NA|NA|NA|NA|0|0|0|0|NA|0
"320030010032"|0|1|0|0|0|0|0|1|1|0|0|1|1|0|0|NA|NA|NA|NA|NA|0|0|0|0|NA|0
"320030011001"|0|1|0|0|0|0|0|1|1|1|0|0|1|0|0|18880|18880|NA|NA|NA|11|8|44|1451000|32977.2727272727|0
"320030011003"|0|1|0|0|0|0|0|1|1|1|0|0|1|0|0|18880|18880|NA|NA|NA|11|8|44|1451000|32977.2727272727|0
"320030017111"|0|1|0|0|0|0|0|1|1|1|1|0|1|0|0|NA|NA|NA|NA|NA|23|14|44|3158472|71783.4545454545|0
"320030017112"|0|2|0|0|0|0|0|2|2|0|0|2|2|0|0|NA|NA|NA|NA|NA|0|0|0|0|NA|0
"320030022013"|0|1|0|0|0|0|0|1|1|1|1|0|1|0|0|NA|NA|NA|NA|NA|42|19|22|1741526|79160.2727272727|0
"320030026031"|0|1|1|0|0|1|0|1|1|1|0|0|0|0|1|6517|20427|4968|18878|10710|2348|708|1922|186046052|96798.1540062435|0
"320030026033"|0|1|1|0|0|1|0|1|1|1|0|0|0|0|1|6517|20427|4968|18878|10710|2348|708|1922|186046052|96798.1540062435|0
"320030028111"|0|1|0|0|0|0|0|1|1|0|0|1|1|0|0|NA|NA|NA|NA|NA|0|0|0|0|NA|0
"320030029054"|0|1|0|0|0|0|0|1|1|1|0|0|0|0|1|2745|9555|NA|NA|NA|692|288|1008|71439596|70872.6150793651|0
"320030029621"|0|1|0|0|0|0|0|1|1|0|0|1|1|0|0|NA|NA|NA|NA|NA|0|0|0|0|NA|0
"320030032223"|0|2|0|0|0|0|0|2|2|2|1|0|2|0|0|31686|31686|NA|NA|NA|26|5|32|2162976|135186|0
"320030034141"|0|1|0|0|0|0|0|1|1|0|0|1|1|0|0|NA|NA|NA|NA|NA|0|0|0|0|NA|0
"320030034142"|0|1|0|0|0|0|0|1|1|0|0|1|1|0|0|NA|NA|NA|NA|NA|0|0|0|0|NA|0
"320030034151"|0|1|0|0|0|0|0|1|1|1|1|0|1|0|0|NA|NA|NA|NA|NA|22|5|24|1087200|45300|0
"320030036123"|0|1|0|0|0|0|0|1|1|1|1|0|1|0|0|NA|NA|NA|NA|NA|7|1|6|3e+05|50000|0
"320030036161"|0|1|0|0|0|0|0|1|1|0|0|0|1|0|0|NA|NA|NA|NA|NA|0|0|0|0|NA|0
"320030051013"|0|1|1|0|0|1|0|1|1|1|0|0|0|1|0|33000|33000|27066|27066|NA|224|63|226|28328072|125345.451327434|0
"320030051052"|0|1|1|0|0|1|0|1|1|1|0|0|0|1|0|33375|33375|37695|37695|NA|115|43|70|7173960|102485.142857143|0
"320030053153"|0|1|0|0|0|0|0|1|1|1|1|0|1|0|0|12360|12360|NA|NA|NA|21|3|24|1494782|62282.5833333333|0
"320030053173"|0|2|0|0|0|0|0|2|2|1|0|0|2|0|0|NA|NA|NA|NA|NA|44|4|26|1555018|NA|0
"320030053192"|0|0|1|0|1|0|0|1|1|1|0|0|1|0|0|NA|NA|6480|6480|NA|6|0|0|0|NA|0
"320030053221"|0|1|0|0|0|0|0|1|1|0|0|1|1|0|0|NA|NA|NA|NA|NA|0|0|0|0|NA|0
"320030053482"|0|1|0|0|0|0|0|1|1|0|0|1|1|0|0|NA|NA|NA|NA|NA|0|0|0|0|NA|0
"320030053492"|0|2|1|0|0|0|0|2|2|2|0|0|2|0|0|31140|31140|NA|NA|NA|17|0|12|696986|121836.25|0
"320030053501"|0|2|1|0|0|0|0|2|2|2|0|0|2|0|0|31140|31140|NA|NA|NA|17|0|12|696986|121836.25|0
"320030053531"|0|1|0|0|0|0|0|1|1|1|1|0|1|0|0|12360|12360|NA|NA|NA|21|3|24|1494782|62282.5833333333|0
"320030053541"|0|1|1|0|0|1|0|1|1|1|0|0|0|1|0|33375|33375|37695|37695|NA|115|43|70|7173960|102485.142857143|0
"320030053601"|0|1|0|0|0|0|0|1|1|1|0|0|0|1|0|4403|15516|NA|NA|NA|127|58|142|10337754|72801.0845070423|0
"320030054392"|0|1|1|0|0|1|0|1|1|1|0|0|0|1|0|33375|33375|37695|37695|NA|115|43|70|7173960|102485.142857143|0
"320030058044"|0|2|0|0|0|0|0|2|2|0|0|2|2|0|0|NA|NA|NA|NA|NA|0|0|0|0|NA|0
"320030058452"|0|1|1|0|0|0|0|1|1|1|0|0|1|0|0|11461|11461|14876|14876|NA|20|5|0|0|NA|0
"320030069001"|0|2|0|0|0|0|0|2|2|1|1|1|2|0|0|NA|NA|NA|NA|NA|16|2|20|1240212|NA|0
"320079508001"|0|1|0|0|0|0|0|1|1|1|0|0|0|1|0|2745|9390|NA|NA|6800|116|38|134|9230598|68885.0597014925|0
"320079508002"|0|1|0|0|0|0|0|1|1|1|0|0|0|1|0|2745|9390|NA|NA|6800|116|38|134|9230598|68885.0597014925|0
"320310001021"|0|1|0|0|0|0|0|1|1|0|0|1|1|0|0|NA|NA|NA|NA|NA|0|0|0|0|NA|0
"320310002012"|0|1|0|0|0|0|0|1|1|0|0|1|1|0|0|NA|NA|NA|NA|NA|0|0|0|0|NA|0
"320310010121"|0|1|0|0|0|0|0|1|1|1|1|0|1|0|0|NA|NA|NA|NA|NA|12|1|30|2508802|83626.7333333333|0
"320310015023"|0|2|2|0|0|1|0|2|2|1|0|0|0|0|1|NA|NA|NA|NA|NA|2088|701|1442|130172438|NA|0
"320310021071"|0|1|0|0|0|0|0|1|1|0|0|1|1|0|0|NA|NA|NA|NA|NA|0|0|0|0|NA|0
"320310021072"|0|1|0|0|0|0|0|1|1|0|0|1|1|0|0|NA|NA|NA|NA|NA|0|0|0|0|NA|0
"320310022111"|0|1|0|0|0|0|0|1|1|0|0|1|1|0|0|NA|NA|NA|NA|NA|0|0|0|0|NA|0
"320310027032"|0|1|0|0|0|0|0|1|1|1|1|0|0|0|1|2745|9390|NA|NA|NA|270|129|318|23359426|73457.3144654088|0
"320310031011"|0|1|0|0|0|0|0|1|1|1|1|0|1|0|0|NA|NA|NA|NA|NA|20|9|52|1604354|30852.9615384615|0
"320310031013"|0|1|0|0|0|0|0|1|1|0|0|1|1|0|0|NA|NA|NA|NA|NA|0|0|0|0|NA|0
"320310033071"|0|1|1|0|0|0|0|1|1|1|0|0|0|1|0|30321|30321|17184|17184|12332|57|19|96|6769338|70513.9375|0
"325100003003"|0|1|0|0|0|0|0|1|1|1|0|0|0|1|0|2745|9390|NA|NA|NA|115|26|104|6927374|66609.3653846154|0
"330019660001"|0|1|0|0|0|0|0|1|1|1|1|0|0|1|0|6400|14560|NA|NA|10125|31|6|54|3478258|64412.1851851852|0
"330019660003"|0|1|0|0|0|0|0|1|1|0|0|1|1|0|0|NA|NA|NA|NA|NA|0|0|0|0|NA|0
"330059705002"|0|1|1|0|0|0|0|1|1|1|0|0|0|1|0|31500|31500|16000|16000|12700|194|71|186|12327450|66276.6129032258|0
"330059706001"|0|1|1|0|0|0|0|1|1|1|0|0|0|1|0|31500|31500|16000|16000|12700|194|71|186|12327450|66276.6129032258|0
"330059714012"|0|1|1|0|0|0|0|1|1|1|0|0|0|1|0|10968|19352|9180|10080|10390|323|106|412|34823260|84522.4757281553|0
"330059714021"|0|0|1|0|0|0|0|1|1|1|0|0|1|0|0|NA|NA|22100|22100|NA|32|10|100|6261996|62619.96|0
"330059714023"|0|1|0|0|0|0|0|1|1|0|0|1|1|0|0|NA|NA|NA|NA|NA|0|0|0|0|NA|0
"330079506001"|0|1|0|0|0|0|0|1|1|1|1|0|1|0|0|6400|14560|NA|NA|NA|32|4|38|2319260|61033.1578947368|0
"330099610002"|0|1|1|0|0|0|0|1|1|1|0|0|0|1|0|11020|19280|9108|10494|11008|310|99|378|29469420|77961.4285714286|0
"330099616024"|0|1|1|0|0|1|0|1|1|1|0|0|0|1|0|49998|49998|49998|49998|14736|2473|712|1160|161708870|139404.198275862|0
"330099617002"|0|0|1|0|0|0|0|1|1|0|0|1|1|0|0|NA|NA|15600|15600|NA|0|0|0|0|NA|0
"330099618002"|0|0|1|0|0|0|0|1|1|0|0|1|1|0|0|NA|NA|15600|15600|NA|0|0|0|0|NA|0
"330099618005"|0|1|0|0|0|0|0|1|1|0|0|1|1|0|0|NA|NA|NA|NA|NA|0|0|0|0|NA|0
"330110001021"|0|1|1|0|0|0|0|1|1|1|0|0|0|0|1|30756|30756|18810|18810|12062|2428|1407|318|23951730|75319.9056603774|0
"330110002032"|0|1|0|0|0|0|0|1|1|1|1|0|0|1|0|6400|14560|NA|NA|NA|55|8|94|6018622|64027.8936170213|0
"330110014001"|0|1|1|0|0|0|0|1|1|1|0|0|1|0|0|23490|23490|14285|14285|10980|45|5|36|2046784|56855.1111111111|0
"330110019002"|0|2|0|0|0|0|0|2|1|1|0|0|2|0|0|NA|NA|NA|NA|NA|46|20|64|5505760|NA|0
"330110023001"|0|2|0|0|0|0|0|2|2|0|0|2|2|0|0|NA|NA|NA|NA|NA|0|0|0|0|NA|0
"330110023002"|0|1|0|0|0|0|0|1|1|0|0|1|1|0|0|NA|NA|NA|NA|NA|0|0|0|0|NA|0
"330110028004"|0|1|0|0|0|0|0|1|1|1|0|0|0|1|0|37826|37826|NA|NA|13734|400|92|302|23248816|76982.8344370861|0
"330110029022"|0|1|0|0|0|0|0|1|1|0|0|1|1|0|0|NA|NA|NA|NA|NA|0|0|0|0|NA|0
"330110101003"|0|1|0|0|0|0|0|1|1|1|0|0|1|0|0|20400|20400|NA|NA|9700|10|5|12|688010|57334.1666666667|0
"330110101004"|0|1|0|0|0|0|0|1|1|1|0|0|1|0|0|20400|20400|NA|NA|9700|10|5|12|688010|57334.1666666667|0
"330110102001"|0|2|1|0|0|0|0|2|2|2|1|0|1|1|0|22810|30970|NA|NA|NA|51|6|64|4055514|NA|0
"330110109002"|0|1|0|0|0|0|0|1|1|1|1|0|1|0|0|20750|20750|NA|NA|NA|3|2|22|1988800|90400|0
"330110110002"|0|1|1|0|0|0|0|1|1|1|0|0|0|1|0|29100|29100|9810|9810|11610|172|33|132|8762170|66380.0757575758|0
"330110110003"|0|1|1|0|0|0|0|1|1|1|0|0|0|1|0|29100|29100|9810|9810|11610|172|33|132|8762170|66380.0757575758|0
"330110122002"|0|1|0|0|0|0|0|1|1|0|0|1|1|0|0|NA|NA|NA|NA|NA|0|0|0|0|NA|0
"330110122005"|0|1|0|0|0|0|0|1|1|0|0|1|1|0|0|NA|NA|NA|NA|NA|0|0|0|0|NA|0
"330110141004"|0|1|0|0|0|0|0|1|1|1|0|0|1|0|0|20400|20400|NA|NA|9700|10|5|12|688010|57334.1666666667|0
"330110143003"|0|1|0|0|0|0|0|1|1|1|1|0|0|1|0|6400|14560|NA|NA|NA|51|6|64|4055514|63367.40625|0
"330110225001"|0|1|1|0|0|0|0|1|1|1|0|0|0|1|0|31500|31500|16000|16000|12700|194|71|186|12327450|66276.6129032258|0
"330110225003"|0|1|1|0|0|0|0|1|1|1|0|0|0|1|0|31500|31500|16000|16000|12700|194|71|186|12327450|66276.6129032258|0
"330112004001"|0|2|0|0|0|0|0|2|2|0|0|2|2|0|0|NA|NA|NA|NA|NA|0|0|0|0|NA|0
"330112004002"|0|2|0|0|0|0|0|2|1|1|0|0|2|0|0|NA|NA|NA|NA|NA|46|20|64|5505760|NA|0
"330130030012"|0|1|0|0|0|0|0|1|1|0|0|1|1|0|0|NA|NA|NA|NA|NA|0|0|0|0|NA|0
"330130030013"|0|1|0|0|0|0|0|1|1|0|0|1|1|0|0|NA|NA|NA|NA|NA|0|0|0|0|NA|0
"330130030061"|0|1|0|0|0|0|0|1|1|0|0|1|1|0|0|NA|NA|NA|NA|NA|0|0|0|0|NA|0
"330130322002"|0|1|1|0|0|0|0|1|1|1|0|0|0|1|0|7200|8040|8208|8925|NA|98|29|18|1138000|63222.2222222222|0
"330130324001"|0|1|0|0|0|0|0|1|1|1|1|0|0|1|0|6400|14560|NA|NA|8504|116|13|180|12514446|69524.7|0
"330130324002"|0|1|0|0|0|0|0|1|1|1|1|0|0|1|0|6400|14560|NA|NA|8504|116|13|180|12514446|69524.7|0
"330130324004"|0|0|1|0|0|0|0|1|1|1|0|0|1|0|0|NA|NA|32900|36600|NA|48|14|38|4278200|112584.210526316|0
"330130385001"|0|1|0|0|0|0|0|1|1|1|0|0|1|0|0|21400|21400|NA|NA|8000|14|2|8|360000|45000|0
"330130385002"|0|1|0|0|0|0|0|1|1|1|0|0|1|0|0|21400|21400|NA|NA|8000|14|2|8|360000|45000|0
"330130385003"|0|1|0|0|0|0|0|1|1|1|0|0|1|0|0|21400|21400|NA|NA|8000|14|2|8|360000|45000|0
"330130400002"|0|1|1|0|0|0|0|1|1|1|0|0|0|1|0|23162|23162|13560|13560|13536|158|68|82|5660540|69030.9756097561|0
"330130405001"|0|2|1|0|0|0|0|2|2|2|0|0|1|1|0|60600|60600|NA|NA|21260|201|59|146|9554208|111624.695652174|0
"330130410001"|0|1|1|0|0|0|0|1|1|1|0|0|0|1|0|39200|39200|3450|3450|13260|187|57|138|9194208|66624.6956521739|0
"330130410002"|0|1|1|0|0|0|0|1|1|1|0|0|0|1|0|39200|39200|3450|3450|13260|187|57|138|9194208|66624.6956521739|0
"330130425003"|0|1|0|0|0|0|0|1|1|1|0|0|1|0|0|21400|21400|NA|NA|8000|14|2|8|360000|45000|0
"330130441003"|0|1|1|0|0|0|0|1|1|0|0|0|0|0|0|NA|NA|NA|NA|NA|67|15|0|0|NA|0
"330150691001"|0|1|0|0|0|0|0|1|1|0|0|1|1|0|0|NA|NA|NA|NA|NA|0|0|0|0|NA|0
"330150691003"|0|1|0|0|0|0|0|1|1|0|0|1|1|0|0|NA|NA|NA|NA|NA|0|0|0|0|NA|0
"330151072003"|0|1|0|0|0|0|0|1|1|0|0|1|1|0|0|NA|NA|NA|NA|NA|0|0|0|0|NA|0
"330151074001"|0|1|0|0|0|0|0|1|1|1|1|0|0|1|0|6400|14560|NA|NA|NA|62|7|64|4171790|65184.21875|0
"330151074002"|0|1|0|0|0|0|0|1|1|1|1|0|0|1|0|6400|14560|NA|NA|NA|62|7|64|4171790|65184.21875|0
"330151075001"|0|1|0|0|0|0|0|1|1|1|1|0|0|1|0|6400|14560|NA|NA|NA|62|7|64|4171790|65184.21875|0
"330170802031"|0|1|1|0|0|0|0|1|1|1|0|0|0|0|1|14410|28210|13840|27130|10938|1955|503|1288|134145320|104150.093167702|0
"330170830022"|0|1|0|0|0|0|0|1|1|0|0|1|1|0|0|NA|NA|NA|NA|NA|0|0|0|0|NA|0
"330170830023"|0|1|0|0|0|0|0|1|1|0|0|1|1|0|0|NA|NA|NA|NA|NA|0|0|0|0|NA|0
"330199759011"|0|1|0|0|0|0|0|1|1|1|1|0|1|0|0|6400|14560|NA|NA|NA|39|8|56|3387964|60499.3571428571|0
"340010013002"|0|1|0|0|0|0|0|1|1|0|0|1|1|0|0|NA|NA|NA|NA|NA|0|0|0|0|NA|0
"340010105034"|0|1|1|0|0|0|0|1|1|1|0|0|0|1|0|8435|15219|10686|16449|11942|795|296|640|57859788|90405.91875|0
"340010114031"|0|1|0|0|0|0|0|1|1|1|1|0|0|1|0|5340|6900|NA|NA|NA|232|69|166|11202280|67483.6144578313|0
"340010114032"|0|1|0|0|0|0|0|1|1|1|1|0|0|1|0|5340|6900|NA|NA|NA|232|69|166|11202280|67483.6144578313|0
"340010117013"|0|2|0|0|0|0|0|2|2|0|0|2|2|0|0|NA|NA|NA|NA|NA|0|0|0|0|NA|0
"340010120002"|0|1|0|0|0|0|0|1|1|0|0|1|1|0|0|NA|NA|NA|NA|NA|0|0|0|0|NA|0
"340010123022"|0|1|0|0|0|0|0|1|1|0|0|1|1|0|0|NA|NA|NA|NA|NA|0|0|0|0|NA|0
"340010125021"|0|1|0|0|0|0|0|1|1|0|0|1|1|0|0|NA|NA|NA|NA|NA|0|0|0|0|NA|0
"340010125022"|0|1|0|0|0|0|0|1|1|0|0|1|1|0|0|NA|NA|NA|NA|NA|0|0|0|0|NA|0
"340019834001"|0|1|1|0|0|0|0|1|1|1|0|0|0|1|0|8435|15219|10686|16449|11942|795|296|640|57859788|90405.91875|0
"340030231001"|0|2|1|0|0|0|0|2|2|1|0|1|1|1|0|NA|NA|NA|NA|NA|473|164|372|31747318|NA|0
"340030231002"|0|3|0|0|0|0|0|3|3|1|1|2|3|0|0|NA|NA|NA|NA|NA|24|4|14|736184|NA|0
"340030236013"|0|1|0|0|0|0|0|1|1|1|1|0|0|1|0|NA|NA|NA|NA|NA|84|7|190|13194180|69443.0526315789|0
"340030302005"|0|1|1|0|0|0|0|1|1|1|0|0|0|1|0|30680|30680|18000|18000|12380|149|63|170|12446538|73214.9294117647|0
"340030303005"|0|1|1|0|0|0|0|1|1|1|0|0|0|1|0|30680|30680|18000|18000|12380|149|63|170|12446538|73214.9294117647|0
"340030321033"|0|1|0|0|0|0|0|1|1|0|0|1|1|0|0|NA|NA|NA|NA|NA|0|0|0|0|NA|0
"340030321042"|0|1|1|0|0|0|0|1|1|1|0|0|0|1|0|8998|17998|14545|14545|12030|463|175|432|42106662|97469.125|0
"340030322012"|0|1|0|0|0|0|0|1|1|0|0|1|1|0|0|NA|NA|NA|NA|NA|0|0|0|0|NA|0
"340030361001"|0|2|0|0|0|0|0|2|2|1|1|1|1|1|0|NA|NA|NA|NA|NA|84|7|190|13194180|NA|0
"340030362002"|0|1|0|0|0|0|0|1|1|0|0|1|1|0|0|NA|NA|NA|NA|NA|0|0|0|0|NA|0
"340030423011"|0|1|0|0|0|0|0|1|1|1|1|0|0|0|1|6840|7200|NA|NA|NA|443|120|532|48100126|90413.7706766917|0
"340030423021"|0|1|0|0|0|0|0|1|1|0|0|1|1|0|0|NA|NA|NA|NA|NA|0|0|0|0|NA|0
"340030423023"|0|2|0|0|0|0|0|2|2|1|1|1|1|0|1|NA|NA|NA|NA|NA|443|120|532|48100126|NA|0
"340030424003"|0|1|0|0|0|0|0|1|1|1|1|0|0|0|1|6840|7200|NA|NA|NA|443|120|532|48100126|90413.7706766917|0
"340030425001"|0|2|0|0|0|0|0|2|2|0|0|2|2|0|0|NA|NA|NA|NA|NA|0|0|0|0|NA|0
"340030442011"|0|1|0|0|0|0|0|1|1|1|0|0|1|0|0|14373|14373|NA|NA|NA|42|5|14|1013036|72359.7142857143|0
"340030532005"|0|1|0|0|0|0|0|1|1|1|0|0|1|0|0|14373|14373|NA|NA|NA|42|5|14|1013036|72359.7142857143|0
"340030543003"|0|1|0|0|0|0|0|1|1|0|0|1|1|0|0|NA|NA|NA|NA|NA|0|0|0|0|NA|0
"340030544003"|0|1|1|0|0|0|0|1|1|1|0|0|0|1|0|36976|36976|21564|21564|12998|473|164|372|31747318|85342.252688172|0
"340030544004"|0|3|0|0|0|0|0|3|3|1|1|2|3|0|0|NA|NA|NA|NA|NA|24|4|14|736184|NA|0
"340030545004"|0|1|0|0|0|0|0|1|1|0|0|1|1|0|0|20996|20996|NA|NA|NA|0|0|0|0|NA|0
"340057005011"|0|1|0|0|0|0|0|1|1|0|0|1|1|0|0|NA|NA|NA|NA|NA|0|0|0|0|NA|0
"340057005012"|0|1|0|0|0|0|0|1|1|0|0|1|1|0|0|NA|NA|NA|NA|NA|0|0|0|0|NA|0
"340057015021"|0|1|0|0|0|0|0|1|1|0|0|1|1|0|0|NA|NA|NA|NA|NA|0|0|0|0|NA|0
"340057015022"|0|1|0|0|0|0|0|1|1|0|0|1|1|0|0|NA|NA|NA|NA|NA|0|0|0|0|NA|0
"340057022031"|0|1|0|0|0|0|0|1|1|1|1|0|0|1|0|3480|5430|NA|NA|NA|268|76|124|6738972|54346.5483870968|0
"340057022032"|0|1|0|0|0|0|0|1|1|1|1|0|0|1|0|3480|5430|NA|NA|NA|268|76|124|6738972|54346.5483870968|0
"340057029061"|0|1|0|0|0|0|0|1|1|0|0|1|1|0|0|NA|NA|NA|NA|NA|0|0|0|0|NA|0
"340057032011"|0|1|0|0|0|0|0|1|1|1|1|0|0|1|0|3480|5430|NA|NA|NA|268|76|124|6738972|54346.5483870968|0
"340057040042"|0|1|0|0|0|0|0|1|1|1|1|0|1|0|0|NA|NA|NA|NA|NA|0|0|0|0|NA|0
"340076008001"|0|1|1|0|0|0|0|1|1|0|0|1|1|0|0|NA|NA|NA|NA|NA|0|0|0|0|NA|0
"340076032001"|0|1|0|0|0|0|0|1|1|0|0|1|1|0|0|NA|NA|NA|NA|NA|0|0|0|0|NA|0
"340076032003"|0|3|0|0|0|0|0|3|3|0|0|3|3|0|0|NA|NA|NA|NA|NA|0|0|0|0|NA|0
"340076033011"|0|1|1|0|0|0|0|1|1|1|0|0|1|0|0|14040|14040|14325|14325|NA|16|3|12|793406|66117.1666666667|0
"340076035033"|0|1|0|0|0|0|0|1|1|0|0|1|1|0|0|NA|NA|NA|NA|NA|0|0|0|0|NA|0
"340076035041"|0|1|0|0|0|0|0|1|1|0|0|1|1|0|0|NA|NA|NA|NA|NA|0|0|0|0|NA|0
"340076035042"|0|1|0|0|0|0|0|1|1|0|0|1|1|0|0|NA|NA|NA|NA|NA|0|0|0|0|NA|0
"340076075021"|0|1|0|0|0|0|0|1|1|0|0|1|1|0|0|NA|NA|NA|NA|NA|0|0|0|0|NA|0
"340076075071"|0|2|0|0|0|0|0|2|2|0|0|2|2|0|0|NA|NA|NA|NA|NA|0|0|0|0|NA|0
"340076075074"|0|2|0|0|0|0|0|2|2|0|0|2|2|0|0|NA|NA|NA|NA|NA|0|0|0|0|NA|0
"340076077022"|0|1|0|0|0|0|0|1|1|0|0|1|1|0|0|NA|NA|NA|NA|NA|0|0|0|0|NA|0
"340076082102"|0|1|0|0|0|0|0|1|1|1|1|0|0|0|1|3330|3330|NA|NA|NA|229|95|260|20393496|78436.5230769231|0
"340076083032"|0|1|0|0|0|0|0|1|1|0|0|1|1|0|0|NA|NA|NA|NA|NA|0|0|0|0|NA|0
"340076084032"|0|1|0|0|0|0|0|1|1|0|0|1|1|0|0|NA|NA|NA|NA|NA|0|0|0|0|NA|0
"340076103001"|0|1|1|0|0|0|0|1|1|1|0|0|0|1|0|11408|26551|16536|27264|11908|636|158|620|68784452|110942.664516129|0
"340076104001"|0|1|1|0|0|0|0|1|1|0|0|1|1|0|0|NA|NA|NA|NA|NA|0|0|0|0|NA|0
"340076104002"|0|1|1|0|0|0|0|1|1|0|0|1|1|0|0|NA|NA|NA|NA|NA|0|0|0|0|NA|0
"340076104003"|0|1|1|0|0|0|0|1|1|0|0|1|1|0|0|NA|NA|NA|NA|NA|0|0|0|0|NA|0
"340076110001"|0|1|0|0|0|0|0|1|1|0|0|1|1|0|0|NA|NA|NA|NA|NA|0|0|0|0|NA|0
"340076110006"|0|1|0|0|0|0|0|1|1|0|0|1|1|0|0|NA|NA|NA|NA|NA|0|0|0|0|NA|0
"340110304004"|0|1|0|0|0|0|0|1|1|1|1|0|0|1|0|3840|7680|NA|NA|NA|128|51|80|5541814|69272.675|0
"340130011001"|0|1|1|0|0|0|0|1|1|1|0|0|0|0|1|13602|28206|19008|28092|13700|962|302|882|105215862|119292.360544218|0
"340130080001"|0|1|0|0|0|0|0|1|1|1|0|0|1|0|0|19800|19800|NA|NA|NA|51|0|18|1106540|61474.4444444444|0
"340130081002"|0|1|0|0|0|0|0|1|1|1|1|0|0|1|0|6931|6931|NA|NA|11000|370|109|222|19668238|88595.6666666667|0
"340130113002"|0|1|0|0|0|0|0|1|1|0|0|1|1|0|0|12388|12388|NA|NA|NA|0|0|0|0|NA|0
"340130113003"|0|1|0|0|0|0|0|1|1|0|0|1|1|0|0|NA|NA|NA|NA|NA|0|0|0|0|NA|0
"340130136003"|0|1|0|0|0|0|0|1|1|1|1|0|1|0|0|13125|13125|NA|NA|NA|18|10|18|780228|43346|0
"340130146001"|0|1|0|0|0|0|0|1|1|1|0|0|1|0|0|20400|20400|NA|NA|NA|28|6|20|1196000|59800|0
"340130154004"|0|3|2|0|0|0|0|3|3|2|0|1|2|1|0|NA|NA|NA|NA|NA|187|91|140|11691698|NA|0
"340130160002"|0|1|0|0|0|0|0|1|1|0|0|1|1|0|0|NA|NA|NA|NA|NA|0|0|0|0|NA|0
"340130160005"|0|3|2|0|0|0|0|3|3|2|0|1|2|1|0|NA|NA|NA|NA|NA|187|91|140|11691698|NA|0
"340130161004"|0|1|1|0|0|0|0|1|1|1|0|0|0|0|1|8768|16659|10464|15837|14094|1207|356|1240|119855862|96657.9532258065|0
"340130192001"|0|1|1|0|0|0|0|1|1|1|0|0|0|1|0|37100|37100|21078|21078|13108|857|306|934|84744354|90732.7130620985|0
"340130217023"|0|1|1|0|0|0|0|1|1|1|0|0|0|1|0|31150|31150|16720|16720|12140|136|47|162|11815850|72937.3456790123|0
"340130229003"|0|1|1|0|0|0|0|1|1|1|0|0|0|0|1|11408|27059|16536|28128|13059|1057|201|1062|145139872|136666.54613936|0
"340155011062"|0|1|0|0|0|0|0|1|1|1|1|0|0|1|0|3950|7700|NA|NA|NA|207|56|152|12242902|80545.4078947368|0
"340155012012"|0|1|0|0|0|0|0|1|1|1|1|0|0|0|1|3330|3330|NA|NA|NA|229|95|260|20393496|78436.5230769231|0
"340155012041"|0|2|0|0|0|0|0|2|2|0|0|2|2|0|0|NA|NA|NA|NA|NA|0|0|0|0|NA|0
"340155012093"|0|1|0|0|0|0|0|1|1|1|1|0|0|1|0|3950|7700|NA|NA|NA|207|56|152|12242902|80545.4078947368|0
"340155014041"|0|1|1|0|0|1|0|1|1|1|0|0|0|0|1|9434|17704|12960|12960|11948|1055|230|846|78023934|92226.8723404255|0
"340170009024"|0|2|0|0|0|0|0|2|2|1|0|1|2|0|0|NA|NA|NA|NA|NA|39|5|24|1580000|NA|0
"340170020001"|0|1|0|0|0|0|0|1|1|0|0|1|1|0|0|NA|NA|NA|NA|NA|0|0|0|0|NA|0
"340170020002"|0|1|0|0|0|0|0|1|1|1|1|0|0|1|0|7740|11610|NA|NA|NA|222|106|210|11274750|53689.2857142857|0
"340170020003"|0|2|0|0|0|0|0|2|1|0|0|1|2|0|0|NA|NA|NA|NA|NA|0|0|0|0|NA|0
"340170028001"|0|1|1|0|0|0|0|1|1|1|0|0|0|1|0|34130|34130|19476|19476|14956|249|128|236|18725870|79346.906779661|0
"340170029001"|0|1|0|0|0|0|0|1|1|0|0|1|1|0|0|9965|9965|NA|NA|NA|0|0|0|0|NA|0
"340170052002"|0|1|1|0|0|0|0|1|1|1|0|0|0|1|0|8114|17142|10196|17966|12446|674|111|512|51101588|99807.7890625|0
"340170077002"|0|1|0|0|0|0|0|1|1|1|0|0|1|0|0|12464|12464|NA|NA|NA|8|3|0|0|NA|0
"340170077003"|0|1|0|0|0|0|0|1|1|1|0|0|1|0|0|12464|12464|NA|NA|NA|8|3|0|0|NA|0
"340170159004"|0|1|0|0|0|0|0|1|1|0|0|1|1|0|0|NA|NA|NA|NA|NA|0|0|0|0|NA|0
"340170164003"|0|1|0|0|0|0|0|1|1|0|0|1|1|0|0|NA|NA|NA|NA|NA|0|0|0|0|NA|0
"340170187011"|0|1|1|0|0|0|0|1|1|1|0|0|0|1|0|47134|47134|33328|33328|13900|662|137|552|62693706|113575.554347826|0
"340210006003"|0|2|0|0|0|0|0|2|2|0|0|2|2|0|0|20164|20164|NA|NA|NA|0|0|0|0|NA|0
"340210011011"|0|1|1|0|0|0|0|1|1|1|0|0|0|0|1|6350|9352|12024|12024|NA|326|133|0|0|NA|0
"340210012003"|0|1|1|0|0|0|0|1|1|1|0|0|0|0|1|6350|9352|12024|12024|NA|326|133|0|0|NA|0
"340210029031"|0|1|0|0|0|0|0|1|1|0|0|1|1|0|0|NA|NA|NA|NA|NA|0|0|0|0|NA|0
"340210029042"|0|1|0|0|0|0|0|1|1|0|0|1|1|0|0|NA|NA|NA|NA|NA|0|0|0|0|NA|0
"340210029043"|0|1|0|0|0|0|0|1|1|0|0|1|1|0|0|NA|NA|NA|NA|NA|0|0|0|0|NA|0
"340210029044"|0|2|0|0|0|0|0|2|2|1|1|1|1|1|0|NA|NA|NA|NA|NA|259|85|220|17646022|NA|0
"340210030061"|0|1|0|0|0|0|0|1|1|1|1|0|0|1|0|4080|6216|NA|NA|NA|259|85|220|17646022|80209.1909090909|0
"340210031001"|0|1|0|0|0|0|0|1|1|0|0|1|1|0|0|NA|NA|NA|NA|NA|0|0|0|0|NA|0
"340210031003"|0|1|0|0|0|0|0|1|1|0|0|1|1|0|0|NA|NA|NA|NA|NA|0|0|0|0|NA|0
"340210032014"|0|1|1|0|0|0|0|1|1|1|0|0|0|1|0|39080|39080|22239|22239|14390|474|170|486|50587370|104089.238683128|0
"340210032015"|0|1|1|0|0|0|0|1|1|1|0|0|0|1|0|39080|39080|22239|22239|14390|474|170|486|50587370|104089.238683128|0
"340210032021"|0|1|0|0|0|0|0|1|1|0|0|1|1|0|0|NA|NA|NA|NA|NA|0|0|0|0|NA|0
"340210032023"|0|1|0|0|0|0|0|1|1|0|0|1|1|0|0|NA|NA|NA|NA|NA|0|0|0|0|NA|0
"340210033021"|0|1|0|0|0|0|0|1|1|1|1|0|0|1|0|4080|6216|NA|NA|NA|259|85|220|17646022|80209.1909090909|0
"340210037031"|0|1|1|0|0|0|0|1|1|1|0|0|0|1|0|11124|22301|12798|20178|12881|830|219|710|68829470|96942.9154929577|0
"340210037042"|0|1|1|0|0|0|0|1|1|1|0|0|0|1|0|11124|22301|12798|20178|12881|830|219|710|68829470|96942.9154929577|0
"340210042043"|0|1|1|0|0|0|0|1|1|1|0|0|0|1|0|45300|45300|45320|45320|14770|4754|1074|1848|316599452|171320.04978355|0
"340210043061"|0|1|0|0|0|0|0|1|1|1|1|0|0|1|0|4080|6216|NA|NA|NA|259|85|220|17646022|80209.1909090909|0
"340210043062"|0|1|0|0|0|0|0|1|1|1|1|0|0|1|0|4080|6216|NA|NA|NA|259|85|220|17646022|80209.1909090909|0
"340210045011"|0|1|1|0|0|0|0|1|1|1|0|0|0|1|0|45300|45300|45320|45320|14770|4754|1074|1848|316599452|171320.04978355|0
"340210045012"|0|1|2|0|0|0|0|2|2|2|0|0|1|1|0|NA|NA|59820|59820|NA|4935|1120|1938|325829896|273880.538672439|0
"340230006031"|0|1|0|0|0|0|0|1|1|0|0|1|1|0|0|NA|NA|NA|NA|NA|0|0|0|0|NA|0
"340230006032"|0|1|0|0|0|0|0|1|1|0|0|1|1|0|0|NA|NA|NA|NA|NA|0|0|0|0|NA|0
"340230010021"|0|4|0|0|0|0|0|4|4|0|0|4|4|0|0|NA|NA|NA|NA|NA|0|0|0|0|NA|0
"340230018033"|0|1|0|0|0|0|0|1|1|1|0|0|1|0|0|11700|11700|NA|NA|3300|7|1|8|280000|35000|0
"340230030021"|0|2|0|0|0|0|0|2|2|0|0|2|2|0|0|NA|NA|NA|NA|NA|0|0|0|0|NA|0
"340230031012"|0|1|0|0|0|0|0|1|1|0|0|1|1|0|0|NA|NA|NA|NA|NA|0|0|0|0|NA|0
"340230049001"|0|1|0|0|0|0|0|1|1|0|0|1|1|0|0|NA|NA|NA|NA|NA|0|0|0|0|NA|0
"340230049002"|0|1|0|0|0|0|0|1|1|0|0|1|1|0|0|NA|NA|NA|NA|NA|0|0|0|0|NA|0
"340230051002"|0|1|2|0|1|1|0|2|2|2|0|0|1|0|1|NA|NA|30096|41688|NA|9336|1572|4284|530482354|199050.169475655|0
"340230051003"|0|1|2|0|1|1|0|2|2|2|0|0|1|0|1|NA|NA|30096|41688|NA|9336|1572|4284|530482354|199050.169475655|0
"340230051005"|0|1|2|0|1|1|0|2|2|2|0|0|1|0|1|NA|NA|30096|41688|NA|9336|1572|4284|530482354|199050.169475655|0
"340230060023"|0|1|0|0|0|0|0|1|1|0|0|1|1|0|0|NA|NA|NA|NA|NA|0|0|0|0|NA|0
"340230060024"|0|1|0|0|0|0|0|1|1|0|0|1|1|0|0|NA|NA|NA|NA|NA|0|0|0|0|NA|0
"340230061011"|0|1|0|0|0|0|0|1|1|0|0|1|1|0|0|NA|NA|NA|NA|NA|0|0|0|0|NA|0
"340230062061"|0|2|1|0|0|0|0|2|2|2|0|0|2|0|0|35952|35952|NA|NA|NA|59|5|48|4596584|185460|0
"340230064032"|0|1|0|0|0|0|0|1|1|0|0|1|1|0|0|NA|NA|NA|NA|NA|0|0|0|0|NA|0
"340230082042"|0|1|0|0|0|0|0|1|1|0|0|1|1|0|0|NA|NA|NA|NA|NA|0|0|0|0|NA|0
"340230082061"|0|1|0|0|0|0|0|1|1|0|0|1|1|0|0|NA|NA|NA|NA|NA|0|0|0|0|NA|0
"340230085021"|0|1|0|0|0|0|0|1|1|0|0|1|1|0|0|NA|NA|NA|NA|NA|0|0|0|0|NA|0
"340230087001"|0|1|0|0|0|0|0|1|1|0|0|1|1|0|0|NA|NA|NA|NA|NA|0|0|0|0|NA|0
"340230089002"|0|1|0|0|0|0|0|1|1|1|1|0|0|0|1|5184|5184|NA|NA|NA|392|129|326|29960428|91903.1533742331|0
"340230094002"|0|1|0|0|0|0|0|1|1|0|0|1|1|0|0|NA|NA|NA|NA|NA|0|0|0|0|NA|0
"340258015001"|0|1|0|0|0|0|0|1|1|1|1|0|0|0|1|5892|6492|NA|NA|NA|361|96|430|33141854|77074.0790697674|0
"340258033004"|0|1|0|0|0|0|0|1|1|1|1|0|0|0|1|5892|6492|NA|NA|NA|361|96|430|33141854|77074.0790697674|0
"340258062012"|0|1|1|0|0|0|0|1|1|1|0|0|0|1|0|34664|34664|24156|24156|12941|675|293|604|52484236|86894.4304635762|0
"340258065011"|0|1|0|0|0|0|0|1|1|0|0|1|1|0|0|NA|NA|NA|NA|NA|0|0|0|0|NA|0
"340258087012"|0|1|0|0|0|0|0|1|1|0|0|1|1|0|0|9419|9419|NA|NA|NA|0|0|0|0|NA|0
"340258087021"|0|1|0|0|0|0|0|1|1|0|0|1|1|0|0|9419|9419|NA|NA|NA|0|0|0|0|NA|0
"340258099021"|0|1|0|0|0|0|0|1|1|1|1|0|0|0|1|5892|6492|NA|NA|NA|361|96|430|33141854|77074.0790697674|0
"340258104023"|0|1|0|0|0|0|0|1|1|0|0|1|1|0|0|NA|NA|NA|NA|NA|0|0|0|0|NA|0
"340258111011"|0|1|0|0|0|0|0|1|1|1|0|0|1|0|0|12800|12800|NA|NA|3000|0|0|8|186480|23310|0
"340270401024"|0|1|0|0|0|0|0|1|1|0|0|1|1|0|0|NA|NA|NA|NA|NA|0|0|0|0|NA|0
"340270408032"|0|1|0|0|0|0|0|1|1|0|0|1|1|0|0|NA|NA|NA|NA|NA|0|0|0|0|NA|0
"340270409001"|0|1|0|0|0|0|0|1|1|1|1|0|1|0|0|5544|5544|NA|NA|5200|4|0|0|0|NA|0
"340270413003"|0|1|0|0|0|0|0|1|1|1|1|0|1|0|0|5544|5544|NA|NA|5200|4|0|0|0|NA|0
"340270415001"|0|1|0|0|0|0|0|1|0|0|0|1|1|0|0|NA|NA|NA|NA|NA|0|0|0|0|NA|0
"340270416011"|0|2|0|0|0|0|0|2|1|0|0|2|2|0|0|NA|NA|NA|NA|NA|0|0|0|0|NA|0
"340270416012"|0|1|0|0|0|0|0|1|1|0|0|1|1|0|0|NA|NA|NA|NA|NA|0|0|0|0|NA|0
"340270416013"|0|1|0|0|0|0|0|1|0|0|0|1|1|0|0|NA|NA|NA|NA|NA|0|0|0|0|NA|0
"340270416021"|0|1|0|0|0|0|0|1|0|0|0|1|1|0|0|NA|NA|NA|NA|NA|0|0|0|0|NA|0
"340270416022"|0|1|0|0|0|0|0|1|0|0|0|1|1|0|0|NA|NA|NA|NA|NA|0|0|0|0|NA|0
"340270416023"|0|1|0|0|0|0|0|1|0|0|0|1|1|0|0|NA|NA|NA|NA|NA|0|0|0|0|NA|0
"340270417042"|0|2|0|0|0|0|0|2|2|0|0|2|2|0|0|NA|NA|NA|NA|NA|0|0|0|0|NA|0
"340270417043"|0|1|0|0|0|0|0|1|1|0|0|1|1|0|0|NA|NA|NA|NA|NA|0|0|0|0|NA|0
"340270426001"|0|2|2|0|0|0|0|2|2|2|0|0|0|2|0|69548|69548|39582|39582|25784|322|120|416|35017260|154249.209344115|0
"340270429001"|0|2|2|0|0|0|0|2|2|2|0|0|0|2|0|69548|69548|39582|39582|25784|322|120|416|35017260|154249.209344115|0
"340270432002"|0|1|1|0|0|0|0|1|1|1|0|0|0|1|0|46920|46920|22381|22381|13296|321|112|300|24760596|82535.32|0
"340270433021"|0|2|2|0|0|0|0|2|2|2|0|0|0|2|0|69548|69548|39582|39582|25784|322|120|416|35017260|154249.209344115|0
"340270434014"|0|1|0|0|0|0|0|1|1|1|0|0|1|0|0|11100|11100|NA|NA|7500|17|3|26|1174000|45153.8461538462|0
"340270444031"|0|1|0|0|0|0|0|1|1|1|1|0|1|0|0|5544|5544|NA|NA|5200|4|0|0|0|NA|0
"340270448003"|0|1|0|0|0|0|0|1|1|0|0|1|1|0|0|19600|19600|NA|NA|10150|0|0|0|0|NA|0
"340270452002"|0|1|0|0|0|0|0|1|1|1|1|0|0|1|0|7380|10530|NA|NA|NA|269|111|310|24074134|77658.4967741936|0
"340270452003"|0|1|0|0|0|0|0|1|1|1|1|0|0|1|0|7380|10530|NA|NA|NA|269|111|310|24074134|77658.4967741936|0
"340270463001"|0|1|0|0|0|0|0|1|1|1|1|0|0|1|0|7380|10530|NA|NA|NA|269|111|310|24074134|77658.4967741936|0
"340270463002"|0|1|0|0|0|0|0|1|1|0|0|1|1|0|0|19600|19600|NA|NA|10150|0|0|0|0|NA|0
"340297132011"|0|1|0|0|0|0|0|1|1|0|0|1|1|0|0|9419|9419|NA|NA|NA|0|0|0|0|NA|0
"340297134022"|0|1|0|0|0|0|0|1|1|0|0|1|1|0|0|NA|NA|NA|NA|NA|0|0|0|0|NA|0
"340297140006"|0|1|0|0|0|0|0|1|1|0|0|1|1|0|0|NA|NA|NA|NA|NA|0|0|0|0|NA|0
"340297141001"|0|1|0|0|0|0|0|1|1|0|0|1|1|0|0|NA|NA|NA|NA|NA|0|0|0|0|NA|0
"340297150001"|0|1|0|0|0|0|0|1|1|1|0|0|1|0|0|11950|11950|NA|NA|5400|7|0|16|630596|39412.25|0
"340297152003"|0|1|0|0|0|0|0|1|1|1|0|0|1|0|0|7700|7700|NA|NA|2310|1|0|4|150572|37643|0
"340297153012"|0|1|0|0|0|0|0|1|1|1|0|0|1|0|0|9350|9350|NA|NA|4900|3|0|6|228350|38058.3333333333|0
"340297153022"|0|1|0|0|0|0|0|1|1|0|0|0|1|0|0|NA|NA|NA|NA|NA|0|0|0|0|NA|0
"340297154013"|0|1|1|0|0|0|0|1|1|1|0|0|0|1|0|30158|30158|15102|15102|10808|211|73|170|12596050|74094.4117647059|0
"340297154022"|0|1|1|0|0|0|0|1|1|1|0|0|0|1|0|19876|19876|4360|4360|NA|72|25|30|2615426|87180.8666666667|0
"340297158001"|0|1|0|0|0|0|0|1|1|1|0|0|1|0|0|11000|11000|NA|NA|4000|5|1|14|374000|26714.2857142857|0
"340297159011"|0|1|0|0|0|0|0|1|1|1|0|0|1|0|0|9100|9100|NA|NA|2950|0|0|6|230400|38400|0
"340297221001"|0|2|0|0|0|0|0|2|2|1|0|1|2|0|0|NA|NA|NA|NA|NA|0|0|6|230400|NA|0
"340297223001"|0|1|0|0|0|0|0|1|1|1|1|0|0|1|0|4050|6750|NA|NA|NA|245|75|190|13253764|69756.652631579|0
"340297223002"|0|1|0|0|0|0|0|1|1|1|1|0|0|1|0|4050|6750|NA|NA|NA|245|75|190|13253764|69756.652631579|0
"340297228001"|0|1|0|0|0|0|0|1|1|0|0|1|1|0|0|NA|NA|NA|NA|NA|0|0|0|0|NA|0
"340311247006"|0|1|0|0|0|0|0|1|1|0|0|1|1|0|0|NA|NA|NA|NA|NA|0|0|0|0|NA|0
"340311248005"|0|1|0|0|0|0|0|1|1|0|0|1|1|0|0|NA|NA|NA|NA|NA|0|0|0|0|NA|0
"340311250006"|0|1|0|0|0|0|0|1|1|0|0|1|1|0|0|NA|NA|NA|NA|NA|0|0|0|0|NA|0
"340311337021"|0|1|1|0|0|0|0|1|1|1|0|0|0|0|1|9976|17868|10998|17856|11103|746|305|820|84410454|102939.57804878|0
"340311432005"|0|1|0|0|0|0|0|1|1|0|0|1|1|0|0|NA|NA|NA|NA|NA|0|0|0|0|NA|0
"340311433004"|0|1|0|0|0|0|0|1|1|0|0|1|1|0|0|NA|NA|NA|NA|NA|0|0|0|0|NA|0
"340311540011"|0|1|0|0|0|0|0|1|1|0|0|1|1|0|0|NA|NA|NA|NA|NA|0|0|0|0|NA|0
"340311540012"|0|1|0|0|0|0|0|1|1|0|0|1|1|0|0|NA|NA|NA|NA|NA|0|0|0|0|NA|0
"340311540022"|0|1|0|0|0|0|0|1|1|0|0|1|1|0|0|NA|NA|NA|NA|NA|0|0|0|0|NA|0
"340311827001"|0|1|0|0|0|0|0|1|1|0|0|1|1|0|0|NA|NA|NA|NA|NA|0|0|0|0|NA|0
"340311832002"|0|1|0|0|0|0|0|1|1|1|1|0|0|1|0|4290|6840|NA|NA|NA|254|70|188|14280680|75961.0638297872|0
"340312460012"|0|1|1|0|0|0|0|1|1|1|0|0|0|0|1|9976|17868|10998|17856|11103|746|305|820|84410454|102939.57804878|0
"340312460013"|0|1|1|0|0|0|0|1|1|1|0|0|0|0|1|9976|17868|10998|17856|11103|746|305|820|84410454|102939.57804878|0
"340312463003"|0|1|0|0|0|0|0|1|1|0|0|1|1|0|0|NA|NA|NA|NA|NA|0|0|0|0|NA|0
"340312641014"|0|1|1|0|0|0|0|1|1|1|0|0|0|1|0|21831|21831|10683|10683|NA|336|59|272|20970470|77097.3161764706|0
"340312641025"|0|1|0|0|0|0|0|1|1|0|0|1|1|0|0|NA|NA|NA|NA|NA|0|0|0|0|NA|0
"340330206002"|0|1|0|0|0|0|0|1|1|1|1|0|1|0|0|3750|4500|NA|NA|NA|46|10|36|2674990|74305.2777777778|0
"340330214001"|0|1|0|0|0|0|0|1|1|1|1|0|1|0|0|3750|4500|NA|NA|NA|46|10|36|2674990|74305.2777777778|0
"340330215001"|0|1|0|0|0|0|0|1|1|1|1|0|1|0|0|3750|4500|NA|NA|NA|46|10|36|2674990|74305.2777777778|0
"340350517002"|0|1|0|0|0|0|0|1|1|0|0|1|1|0|0|NA|NA|NA|NA|NA|0|0|0|0|NA|0
"340350529041"|0|1|0|0|0|0|0|1|1|1|1|0|0|1|0|4272|4272|NA|NA|NA|219|62|254|19441458|76541.1732283465|0
"340350536031"|0|1|0|0|0|0|0|1|1|1|1|0|0|1|0|4272|4272|NA|NA|NA|219|62|254|19441458|76541.1732283465|0
"340350536042"|0|1|0|0|0|0|0|1|1|1|1|0|0|1|0|4272|4272|NA|NA|NA|219|62|254|19441458|76541.1732283465|0
"340373721001"|0|1|0|0|0|0|0|1|1|1|1|0|0|1|0|6300|8400|NA|NA|NA|72|34|64|4427868|69185.4375|0
"340373721002"|0|1|0|0|0|0|0|1|1|1|1|0|0|1|0|6300|8400|NA|NA|NA|72|34|64|4427868|69185.4375|0
"340373737001"|0|1|0|0|0|0|0|1|1|1|1|0|0|1|0|6300|8400|NA|NA|NA|72|34|64|4427868|69185.4375|0
"340373740001"|0|1|0|0|0|0|0|1|1|1|1|0|0|1|0|6300|8400|NA|NA|NA|72|34|64|4427868|69185.4375|0
"340390316023"|0|1|0|0|0|0|0|1|1|1|0|0|1|0|0|10400|10400|NA|NA|5100|0|0|8|434352|54294|0
"340390325004"|0|1|1|0|0|0|0|1|1|1|0|0|0|0|1|7754|14521|13156|17831|12780|569|273|662|59232996|89475.8247734139|0
"340390327002"|0|1|0|0|0|0|0|1|1|0|0|1|0|1|0|NA|NA|NA|NA|NA|0|0|0|0|NA|0
"340390327003"|0|1|0|0|0|0|0|1|1|0|0|1|0|1|0|NA|NA|NA|NA|NA|0|0|0|0|NA|0
"340390330001"|0|1|0|0|0|0|0|1|1|0|0|1|1|0|0|NA|NA|NA|NA|NA|0|0|0|0|NA|0
"340390331002"|0|1|0|0|0|0|0|1|1|0|0|1|1|0|0|NA|NA|NA|NA|NA|0|0|0|0|NA|0
"340390331003"|0|1|0|0|0|0|0|1|1|0|0|1|1|0|0|NA|NA|NA|NA|NA|0|0|0|0|NA|0
"340390331005"|0|1|0|0|0|0|0|1|1|1|0|0|1|0|0|9000|9000|NA|NA|2070|0|0|4|132000|33000|0
"340390335001"|0|2|1|0|0|0|0|2|2|1|0|1|1|0|1|NA|NA|NA|NA|NA|569|273|662|59232996|NA|0
"340390335003"|0|2|1|0|0|0|0|2|2|1|0|1|1|0|1|NA|NA|NA|NA|NA|569|273|662|59232996|NA|0
"340390336003"|0|1|0|0|0|0|0|1|1|0|0|1|1|0|0|NA|NA|NA|NA|NA|0|0|0|0|NA|0
"340390371002"|0|1|0|0|0|0|0|1|1|1|1|0|0|0|1|9240|9240|NA|NA|NA|355|97|268|23063658|86058.4253731343|0
"340390386012"|0|1|0|0|0|0|0|1|0|0|0|1|1|0|0|NA|NA|NA|NA|NA|0|0|0|0|NA|0
"340390396001"|0|1|0|0|0|0|0|1|1|0|0|1|1|0|0|NA|NA|NA|NA|NA|0|0|0|0|NA|0
"340390397002"|0|2|0|0|0|0|0|2|2|0|0|2|2|0|0|21960|21960|NA|NA|10000|0|0|0|0|NA|0
"340410314022"|0|1|1|0|0|0|0|1|1|1|0|0|0|1|0|30696|30696|15660|15660|10946|186|68|164|11044520|67344.6341463415|0
"340410314025"|0|1|1|0|0|0|0|1|1|1|0|0|0|1|0|30696|30696|15660|15660|10946|186|68|164|11044520|67344.6341463415|0
"340410315005"|0|1|1|0|0|0|0|1|1|1|0|0|0|1|0|30696|30696|15660|15660|10946|186|68|164|11044520|67344.6341463415|0
"340410319003"|0|1|0|0|0|0|0|1|1|1|1|0|0|1|0|4350|4950|NA|NA|NA|38|10|54|3574758|66199.2222222222|0
"340410321012"|0|1|0|0|0|0|0|1|1|1|1|0|0|1|0|4350|4950|NA|NA|NA|38|10|54|3574758|66199.2222222222|0
"350010001224"|0|1|0|0|0|0|0|1|1|0|0|1|1|0|0|NA|NA|NA|NA|NA|0|0|0|0|NA|0
"350010001273"|0|1|0|0|0|0|0|1|1|0|0|1|1|0|0|NA|NA|NA|NA|NA|0|0|0|0|NA|0
"350010002083"|0|1|0|0|0|0|0|1|1|1|1|0|1|0|0|NA|NA|NA|NA|NA|26|18|62|4484692|72333.7419354839|0
"350010004012"|0|1|0|0|0|0|0|1|1|1|0|0|1|0|0|12960|12960|NA|NA|NA|12|2|8|580080|72510|0
"350010004022"|0|1|1|0|0|0|0|1|1|1|0|0|1|0|0|22488|22488|10500|10500|NA|11|2|10|561000|56100|0
"350010007082"|0|1|0|0|0|0|0|1|1|1|0|0|1|0|0|11952|11952|NA|NA|NA|11|1|14|884872|63205.1428571429|0
"350010007083"|0|1|0|0|0|0|0|1|1|1|0|0|1|0|0|11952|11952|NA|NA|NA|11|1|14|884872|63205.1428571429|0
"350010012004"|0|1|0|0|0|0|0|1|1|1|1|0|0|0|1|1248|6624|NA|NA|NA|819|150|664|40134266|60443.171686747|0
"350010016001"|0|1|0|0|0|0|0|1|1|1|1|0|0|0|1|1248|6624|NA|NA|NA|819|150|664|40134266|60443.171686747|0
"350010016002"|0|1|0|0|0|0|0|1|1|1|1|0|0|0|1|1248|6624|NA|NA|NA|819|150|664|40134266|60443.171686747|0
"350010018002"|0|1|1|0|1|1|0|1|1|1|0|0|0|0|1|6664|21304|7780|22643|9472|3448|773|2000|167668966|83834.483|0
"350010022003"|0|1|0|0|0|0|0|1|1|0|0|1|1|0|0|NA|NA|NA|NA|NA|0|0|0|0|NA|0
"350010024013"|0|1|0|0|0|0|0|1|1|1|0|0|1|0|0|NA|NA|NA|NA|NA|14|2|16|1006924|62932.75|0
"350010026001"|0|1|0|0|0|0|0|1|1|0|0|1|1|0|0|NA|NA|NA|NA|NA|0|0|0|0|NA|0
"350010034001"|0|1|0|0|0|0|0|1|1|0|0|1|1|0|0|NA|NA|NA|NA|NA|0|0|0|0|NA|0
"350010037221"|0|2|1|0|0|0|0|2|2|1|0|0|2|0|0|NA|NA|NA|NA|NA|14|7|0|0|NA|0
"350010037361"|0|2|1|0|0|0|0|2|2|1|0|0|2|0|0|NA|NA|NA|NA|NA|14|7|0|0|NA|0
"350010047161"|0|1|0|0|0|0|0|1|1|1|0|0|1|0|0|12960|12960|NA|NA|NA|8|1|0|0|NA|0
"350010047173"|0|1|0|0|0|0|0|1|1|1|0|0|1|0|0|12960|12960|NA|NA|NA|8|1|0|0|NA|0
"350010047223"|0|1|0|0|0|0|1|1|1|1|1|0|1|0|0|NA|NA|NA|NA|675|58|15|48|2862596|59637.4166666667|0
"350010047511"|0|1|0|0|0|0|0|1|1|1|1|0|1|0|0|NA|NA|NA|NA|NA|3|2|6|285084|47514|0
"350050003004"|0|1|0|0|0|0|0|1|1|1|1|0|1|0|0|1681|7615|NA|NA|5325|193|49|164|9583658|58436.9390243902|0
"350050011011"|0|1|0|0|0|0|0|1|1|1|1|0|0|1|0|1800|4632|NA|NA|7440|176|47|88|3810652|43302.8636363636|0
"350050011013"|0|1|0|0|0|0|0|1|1|1|1|0|0|1|0|1800|4632|NA|NA|7440|176|47|88|3810652|43302.8636363636|0
"350050011014"|0|1|0|0|0|0|0|1|1|1|1|0|0|1|0|1800|4632|NA|NA|7440|176|47|88|3810652|43302.8636363636|0
"350069744002"|0|1|0|0|0|0|0|1|1|1|1|0|1|0|0|2016|3840|NA|NA|NA|32|12|26|1390008|53461.8461538462|0
"350069744003"|0|1|0|0|0|0|0|1|1|1|1|0|1|0|0|2016|3840|NA|NA|NA|32|12|26|1390008|53461.8461538462|0
"350090004001"|0|1|0|0|0|0|0|1|1|1|1|0|0|1|0|1008|2136|NA|NA|NA|112|24|114|5715502|50135.9824561404|0
"350130005003"|0|1|0|0|0|0|0|1|1|0|0|1|1|0|0|NA|NA|NA|NA|NA|0|0|0|0|NA|0
"350130010002"|0|1|2|0|0|1|0|2|2|2|0|0|1|0|1|NA|NA|NA|NA|NA|2264|674|1300|106390660|NA|0
"350130012014"|0|1|0|0|0|0|0|1|1|1|1|0|0|1|0|1776|4992|NA|NA|NA|232|92|260|14979644|57614.0153846154|0
"350150004012"|0|1|0|0|0|0|0|1|1|1|1|0|0|1|0|1680|3696|NA|NA|NA|60|31|70|3992778|57039.6857142857|0
"350179643005"|0|1|1|0|0|0|0|1|1|1|0|0|0|1|0|3740|11400|3026|8730|8936|237|69|214|11761738|54961.3925233645|0
"350179644003"|0|1|1|0|0|0|0|1|1|1|0|0|0|1|0|3740|11400|3026|8730|8936|237|69|214|11761738|54961.3925233645|0
"350250005041"|0|1|1|0|0|0|0|1|1|1|0|0|0|1|0|15456|15456|14376|14376|7310|60|36|70|2676458|38235.1142857143|0
"350250007022"|0|1|0|0|0|0|0|1|1|1|1|0|0|1|0|1296|1488|NA|NA|4150|192|58|126|7040216|55874.7301587302|0
"350250007031"|0|1|1|0|0|0|0|1|1|1|0|0|0|1|0|15456|15456|14376|14376|7310|60|36|70|2676458|38235.1142857143|0
"350279606004"|0|1|0|0|0|0|0|1|1|1|1|0|1|0|0|1368|3840|NA|NA|NA|38|9|16|743316|46457.25|0
"350280004004"|0|1|0|0|0|0|0|1|1|1|1|0|0|1|0|2024|5256|NA|NA|NA|22|7|8|414348|51793.5|0
"350319435003"|0|1|1|0|0|0|1|1|1|1|0|0|0|1|0|3420|3420|2250|2250|6270|106|18|166|7744142|46651.4578313253|0
"350319455001"|0|1|0|0|0|0|0|1|1|1|1|0|0|1|0|1682|4458|NA|NA|NA|112|39|124|7043798|56804.8225806452|0
"350319455004"|0|1|0|0|0|0|0|1|1|1|1|0|0|1|0|1682|4458|NA|NA|NA|112|39|124|7043798|56804.8225806452|0
"350350002001"|0|1|0|0|0|0|0|1|1|0|0|1|1|0|0|NA|NA|NA|NA|NA|0|0|0|0|NA|0
"350350003042"|0|1|0|0|0|0|0|1|1|1|1|0|0|1|0|2232|5184|NA|NA|NA|67|26|80|4713086|58913.575|0
"350379586012"|0|1|0|0|0|0|0|1|1|1|1|0|1|0|0|1320|2376|NA|NA|NA|43|7|28|1200726|42883.0714285714|0
"350379586014"|0|1|0|0|0|0|0|1|1|1|1|0|1|0|0|1320|2376|NA|NA|NA|43|7|28|1200726|42883.0714285714|0
"350379586021"|0|1|0|0|0|0|0|1|1|1|1|0|1|0|0|1320|2376|NA|NA|NA|43|7|28|1200726|42883.0714285714|0
"350399407002"|0|1|1|0|0|0|0|1|1|1|0|0|1|0|0|3120|11592|2538|3798|8164|111|31|78|3950876|50652.2564102564|0
"350410003003"|0|1|1|0|0|0|0|1|1|1|0|0|0|1|0|3427|9202|3934|9880|6910|338|96|322|19809070|61518.850931677|0
"350410003004"|0|1|1|0|0|0|0|1|1|1|0|0|0|1|0|3427|9202|3934|9880|6910|338|96|322|19809070|61518.850931677|0
"350450002022"|0|1|0|0|0|0|0|1|1|1|1|0|0|1|0|1104|3504|NA|NA|NA|345|122|312|18599646|59614.25|0
"350479573001"|0|1|1|0|0|0|0|1|1|1|0|0|0|1|0|3952|7052|4418|7552|7235|322|92|266|14474006|54413.5563909774|0
"350479573004"|0|1|1|0|0|0|0|1|1|1|0|0|0|1|0|3952|7052|4418|7552|7235|322|92|266|14474006|54413.5563909774|0
"350479574002"|0|1|1|0|0|0|0|1|1|1|0|0|0|1|0|3952|7052|4418|7552|7235|322|92|266|14474006|54413.5563909774|0
"350479576002"|0|1|0|0|0|0|0|1|1|1|1|0|0|1|0|1248|2376|NA|NA|NA|97|30|48|1824450|38009.375|0
"350479578003"|0|1|0|0|0|0|0|1|1|1|1|0|0|1|0|1248|2376|NA|NA|NA|97|30|48|1824450|38009.375|0
"350490010012"|0|0|1|0|0|0|0|1|1|1|0|0|1|0|0|NA|NA|17473|17473|NA|9|0|0|0|NA|0
"350490010022"|0|1|0|0|0|0|0|1|1|0|0|1|1|0|0|NA|NA|NA|NA|NA|0|0|0|0|NA|0
"350490010023"|0|1|0|0|0|0|0|1|1|0|0|1|1|0|0|NA|NA|NA|NA|NA|0|0|0|0|NA|0
"350490011031"|0|1|0|0|0|0|0|1|1|1|0|0|1|0|0|24135|24135|NA|NA|8946|57|9|66|4786158|72517.5454545455|0
"350490011032"|0|1|0|0|0|0|0|1|1|1|0|0|1|0|0|24135|24135|NA|NA|8946|57|9|66|4786158|72517.5454545455|0
"350490012031"|0|0|1|0|0|0|0|1|1|1|0|0|1|0|0|NA|NA|27000|27000|NA|17|3|6|392568|65428|0
"350490012052"|0|0|1|0|0|0|0|1|1|1|0|0|1|0|0|NA|NA|27000|27000|NA|17|3|6|392568|65428|0
"350490104001"|0|1|1|0|0|0|0|1|1|1|0|0|1|0|0|49758|49758|23036|23036|11162|92|27|80|6619724|82746.55|0
"350490106011"|0|2|1|0|0|0|1|2|2|2|1|0|1|1|0|6230|7850|NA|NA|NA|367|60|224|12702966|113214.618390805|0
"350490107001"|0|1|0|0|0|0|0|1|1|1|1|0|0|1|0|1770|3390|NA|NA|NA|285|44|174|9881846|56792.2183908046|0
"350539783022"|0|1|1|0|0|0|0|1|1|1|0|0|0|1|0|5841|18991|6101|20181|7942|563|127|270|19972180|73971.037037037|0
"350559526002"|0|1|0|0|0|0|0|1|1|1|1|0|0|1|0|1800|4680|NA|NA|NA|72|22|32|1698238|53069.9375|0
"350619703021"|0|1|0|0|0|0|0|1|1|1|1|0|0|1|0|1668|4512|NA|NA|NA|87|24|72|3448262|47892.5277777778|0
"360010002001"|0|2|1|0|0|0|0|2|2|1|1|0|1|0|0|NA|NA|NA|NA|NA|487|113|14|942710|NA|0
"360010003001"|0|2|0|0|0|0|0|2|2|1|1|1|2|0|0|NA|NA|NA|NA|NA|32|3|14|730528|NA|0
"360010003004"|0|2|0|0|0|0|0|2|2|1|1|1|2|0|0|NA|NA|NA|NA|NA|32|3|14|730528|NA|0
"360010004011"|0|2|2|0|0|0|0|2|2|2|0|0|0|0|2|NA|NA|NA|NA|NA|2251|438|1328|122476426|NA|0
"360010004041"|0|1|1|0|0|0|0|1|1|1|0|0|0|0|1|6470|21550|10870|22210|12942|1698|319|1328|122476426|92226.2243975904|0
"360010005014"|0|1|0|0|0|0|0|1|1|0|0|1|1|0|0|NA|NA|NA|NA|NA|0|0|0|0|NA|0
"360010005021"|0|1|1|0|0|0|0|1|1|1|0|0|0|1|0|29656|29656|14382|14382|12356|372|96|374|26783364|71613.2727272727|0
"360010011001"|0|1|1|0|0|0|0|1|1|0|0|0|0|0|0|NA|NA|NA|NA|NA|481|112|0|0|NA|0
"360010018013"|0|1|0|0|0|0|0|1|1|1|0|0|1|0|0|13800|13800|NA|NA|NA|44|5|50|3051854|61037.08|0
"360010021002"|0|1|2|0|0|0|0|2|2|2|0|0|1|1|0|NA|NA|66476|66476|NA|232|62|236|22677282|206182.688413547|0
"360010021003"|0|0|1|0|0|1|0|1|1|1|0|0|1|0|0|NA|NA|24780|24780|NA|1204|479|0|0|NA|0
"360010025002"|0|1|1|0|0|0|0|1|1|0|0|0|0|0|0|NA|NA|NA|NA|NA|481|112|0|0|NA|0
"360010135031"|0|1|0|0|0|0|0|1|1|0|0|1|1|0|0|NA|NA|NA|NA|NA|0|0|0|0|NA|0
"360010135033"|0|1|0|0|0|0|0|1|1|0|0|1|1|0|0|NA|NA|NA|NA|NA|0|0|0|0|NA|0
"360010135072"|0|1|0|0|0|0|0|1|1|0|0|1|1|0|0|NA|NA|NA|NA|NA|0|0|0|0|NA|0
"360010135083"|0|1|0|0|0|0|0|1|1|0|0|1|1|0|0|NA|NA|NA|NA|NA|0|0|0|0|NA|0
"360010136014"|0|1|1|0|0|0|0|1|1|1|0|0|0|1|0|34326|34326|34320|34320|14105|408|125|432|35612940|82437.3611111111|0
"360010137031"|0|3|0|0|0|0|0|3|3|1|1|2|3|0|0|NA|NA|NA|NA|NA|0|0|0|0|NA|0
"360010138012"|0|1|0|0|0|0|0|1|1|0|0|1|1|0|0|NA|NA|NA|NA|NA|0|0|0|0|NA|0
"360010139023"|0|1|0|0|0|0|0|1|1|0|0|1|1|0|0|NA|NA|NA|NA|NA|0|0|0|0|NA|0
"360010140011"|0|1|0|0|0|0|0|1|1|1|0|0|1|0|0|15919|15919|NA|NA|NA|33|22|30|1338160|44605.3333333333|0
"360039503003"|0|1|1|0|0|0|0|1|1|1|0|0|0|1|0|30136|30136|9440|9440|8754|118|49|130|7027980|54061.3846153846|0
"360039508002"|0|1|0|0|0|0|0|1|1|1|0|0|0|1|0|6470|13030|NA|NA|11820|363|85|334|19614236|58725.2574850299|0
"360039508003"|0|2|1|0|0|0|0|2|2|2|0|0|0|2|0|32578|39138|NA|NA|24016|703|189|626|38218132|122437.23008777|0
"360050051001"|0|1|0|0|0|0|0|1|1|1|1|0|0|1|0|4800|7680|NA|NA|NA|405|126|370|29233906|79010.5567567568|0
"360050118001"|0|1|1|0|0|0|0|1|1|1|0|0|0|1|0|6470|16320|10870|22210|11948|181|46|186|13511814|72644.1612903226|0
"360050212004"|0|1|0|0|0|0|0|1|1|0|0|1|1|0|0|NA|NA|NA|NA|NA|0|0|0|0|NA|0
"360050220001"|0|1|0|0|0|0|0|1|1|0|0|1|1|0|0|7500|7500|NA|NA|NA|0|0|0|0|NA|0
"360050237021"|0|1|0|0|0|0|0|1|1|0|0|1|1|0|0|NA|NA|NA|NA|NA|0|0|0|0|NA|0
"360050249001"|0|1|0|0|0|0|0|1|1|1|1|0|0|0|1|4800|7680|NA|NA|NA|574|183|630|49329258|78300.4095238095|0
"360050265004"|0|1|1|0|0|0|0|1|1|1|0|0|0|1|0|13560|13560|14247|14247|9770|372|216|396|26652806|67305.0656565657|0
"360050307011"|0|1|0|0|0|0|0|1|1|1|0|0|1|0|0|9300|9300|NA|NA|5750|11|1|10|764302|76430.2|0
"360050319001"|0|1|1|0|0|0|0|1|1|1|0|0|0|1|0|27549|27549|13230|13230|8720|168|36|162|12161540|75071.2345679012|0
"360050334001"|0|1|0|0|0|0|0|1|1|0|0|1|1|0|0|7500|7500|NA|NA|NA|0|0|0|0|NA|0
"360050351001"|0|1|1|0|0|0|0|1|1|1|0|0|0|1|0|36900|36900|17505|17505|15010|396|108|448|42789984|95513.3571428571|0
"360050385001"|0|1|1|0|0|0|0|1|1|1|0|0|0|0|1|47850|47850|32160|32160|16845|1563|581|1508|182860156|121260.050397878|0
"360050387001"|0|1|1|0|0|0|0|1|1|1|0|0|0|0|1|47850|47850|32160|32160|16845|1563|581|1508|182860156|121260.050397878|0
"360050397001"|0|1|1|0|0|0|0|1|1|1|0|0|0|0|1|47850|47850|32160|32160|16845|1563|581|1508|182860156|121260.050397878|0
"360050409001"|0|1|1|0|0|0|0|1|1|1|0|0|0|0|1|6330|13440|10130|18720|13042|589|176|746|65720266|88096.8713136729|0
"360050409002"|0|1|1|0|0|0|0|1|1|1|0|0|0|0|1|6330|13440|10130|18720|13042|589|176|746|65720266|88096.8713136729|0
"360070011001"|0|1|0|0|0|0|0|1|1|0|0|1|1|0|0|NA|NA|NA|NA|NA|0|0|0|0|NA|0
"360070011002"|0|1|0|0|0|0|0|1|1|0|0|1|1|0|0|NA|NA|NA|NA|NA|0|0|0|0|NA|0
"360070128001"|0|1|0|0|0|0|0|1|1|0|0|1|1|0|0|NA|NA|NA|NA|NA|0|0|0|0|NA|0
"360070128004"|0|1|0|0|0|0|0|1|1|1|1|0|0|1|0|4418|8836|NA|NA|11336|239|75|330|20091248|60882.5696969697|0
"360070140003"|0|1|0|0|0|0|0|1|1|1|0|0|1|0|0|15000|15000|NA|NA|7700|23|4|10|503362|50336.2|0
"360070141001"|0|1|0|0|0|0|0|1|1|1|0|0|1|0|0|15000|15000|NA|NA|7700|23|4|10|503362|50336.2|0
"360070143012"|0|1|0|0|0|0|0|1|1|1|0|0|1|0|0|15000|15000|NA|NA|7700|23|4|10|503362|50336.2|0
"360070143023"|0|1|1|0|0|0|0|1|1|1|0|0|0|0|1|6470|21550|10870|22210|13590|1499|438|1384|130458840|94262.1676300578|0
"360099610004"|0|1|0|0|0|0|0|1|1|0|0|1|1|0|0|NA|NA|NA|NA|NA|0|0|0|0|NA|0
"360099613001"|0|1|1|0|0|0|0|1|1|1|0|0|0|1|0|31366|31366|13194|13194|11473|299|101|254|14498114|57079.188976378|0
"360099617002"|0|1|0|0|0|0|0|1|1|0|0|1|1|0|0|NA|NA|NA|NA|NA|0|0|0|0|NA|0
"360110410002"|0|1|0|0|0|0|0|1|1|1|0|0|1|0|0|37030|37030|NA|NA|13360|105|23|76|4570164|60133.7368421053|0
"360110413005"|0|1|0|0|0|0|0|1|1|0|0|1|1|0|0|9575|9575|NA|NA|NA|0|0|0|0|NA|0
"360110414004"|0|1|0|0|0|0|0|1|1|1|1|0|0|1|0|4499|8998|NA|NA|NA|119|37|84|6334234|75407.5476190476|0
"360130301001"|0|1|0|0|0|0|0|1|1|1|1|0|0|1|0|4630|9260|NA|NA|10750|147|57|144|8598152|59709.3888888889|0
"360130305002"|0|1|0|0|0|0|0|1|1|1|0|0|1|0|0|11700|11700|NA|NA|NA|11|2|12|532200|44350|0
"360130359021"|0|1|1|0|0|0|0|1|1|1|0|0|0|1|0|6470|16320|10870|22210|12500|414|97|514|35713132|69480.8015564202|0
"360130373001"|0|1|0|0|0|0|0|1|1|1|1|0|0|1|0|4630|9260|NA|NA|10750|147|57|144|8598152|59709.3888888889|0
"360130373003"|0|1|0|0|0|0|0|1|1|1|1|0|0|1|0|4630|9260|NA|NA|10750|147|57|144|8598152|59709.3888888889|0
"360150004001"|0|1|0|0|0|0|0|1|1|0|0|1|1|0|0|NA|NA|NA|NA|NA|0|0|0|0|NA|0
"360150006001"|0|1|1|0|0|0|0|1|1|1|0|0|0|1|0|41900|41900|16800|16800|12000|175|59|138|7638510|55351.5217391304|0
"360150007001"|0|1|0|0|0|0|0|1|1|1|1|0|1|0|0|20700|20700|NA|NA|NA|24|2|28|860848|30744.5714285714|0
"360150007002"|0|1|0|0|0|0|0|1|1|1|1|0|1|0|0|20700|20700|NA|NA|NA|24|2|28|860848|30744.5714285714|0
"360150106001"|0|1|0|0|0|0|0|1|1|0|0|1|1|0|0|NA|NA|NA|NA|NA|0|0|0|0|NA|0
"360179705001"|0|1|0|0|0|0|0|1|1|0|0|1|1|0|0|NA|NA|NA|NA|NA|0|0|0|0|NA|0
"360191010002"|0|1|0|0|0|0|0|1|1|0|0|1|1|0|0|NA|NA|NA|NA|NA|0|0|0|0|NA|0
"360191011001"|0|1|1|0|0|0|0|1|1|1|0|0|0|1|0|6470|16820|10870|22210|12080|536|166|550|38528192|70051.2581818182|0
"360191016001"|0|1|0|0|0|0|0|1|1|0|0|1|1|0|0|NA|NA|NA|NA|NA|0|0|0|0|NA|0
"360191021001"|0|1|0|0|0|0|0|1|1|1|1|0|0|1|0|4300|9300|NA|NA|9310|66|14|84|5102764|60747.1904761905|0
"360191021002"|0|1|0|0|0|0|0|1|1|1|1|0|0|1|0|4300|9300|NA|NA|9310|66|14|84|5102764|60747.1904761905|0
"360210011002"|0|1|0|0|0|0|0|1|1|1|1|0|0|1|0|4392|8784|NA|NA|NA|90|21|88|4994038|56750.4318181818|0
"360239708001"|0|1|1|0|0|0|0|1|1|1|0|0|0|1|0|6470|16320|10870|22210|12600|624|189|604|39343844|65138.8145695364|0
"360259709001"|0|1|1|0|0|0|0|1|1|1|0|0|0|1|0|6470|10840|10870|22210|11680|265|75|292|16916640|57933.698630137|0
"360270703012"|0|1|0|0|0|0|0|1|1|0|0|1|1|0|0|NA|NA|NA|NA|NA|0|0|0|0|NA|0
"360270704011"|0|1|0|0|0|0|0|1|1|1|0|0|0|1|0|28630|28630|28630|28630|10010|536|66|294|27550884|93710.4897959184|0
"360270704012"|0|1|0|0|0|0|0|1|1|1|0|0|0|1|0|28630|28630|28630|28630|10010|536|66|294|27550884|93710.4897959184|0
"360271401011"|0|1|1|0|0|0|0|1|1|1|0|0|0|1|0|34550|34550|14040|14040|14650|593|207|464|38433298|82830.3836206897|0
"360271401014"|0|1|1|0|0|0|0|1|1|1|0|0|0|1|0|34550|34550|14040|14040|14650|593|207|464|38433298|82830.3836206897|0
"360271401015"|0|1|0|0|0|0|0|1|1|1|1|0|0|1|0|3528|7056|NA|NA|10500|230|54|256|19579102|76480.8671875|0
"360271403001"|0|1|1|0|0|0|0|1|1|1|0|0|0|1|0|52320|52320|52320|52320|12400|678|140|562|58530834|104147.391459075|0
"360271403003"|0|1|1|0|0|0|0|1|1|1|0|0|0|1|0|52320|52320|52320|52320|12400|678|140|562|58530834|104147.391459075|0
"360271500031"|0|0|1|0|0|0|0|1|1|1|0|0|1|0|0|NA|NA|11760|11760|NA|10|0|8|335796|41974.5|0
"360271500032"|0|1|2|0|0|0|0|2|2|2|0|0|1|1|0|NA|NA|46396|46396|NA|573|128|414|36155506|130200.386699507|0
"360271500033"|0|1|1|0|0|0|0|1|1|1|0|0|0|1|0|50704|50704|34636|34636|14540|563|128|406|35819710|88225.8866995074|0
"360272211001"|0|1|0|0|0|0|0|1|1|0|0|1|1|0|0|NA|NA|NA|NA|NA|0|0|0|0|NA|0
"360274100001"|0|1|1|0|0|0|0|1|1|1|0|0|0|1|0|52320|52320|52320|52320|12400|678|140|562|58530834|104147.391459075|0
"360274100003"|0|1|1|0|0|0|0|1|1|1|0|0|0|1|0|52320|52320|52320|52320|12400|678|140|562|58530834|104147.391459075|0
"360290005001"|0|1|0|0|0|0|0|1|1|0|0|1|1|0|0|NA|NA|NA|NA|NA|0|0|0|0|NA|0
"360290008003"|0|1|0|0|0|0|0|1|1|1|0|0|0|1|0|16450|16450|NA|NA|NA|72|13|88|4441482|50471.3863636364|0
"360290046011"|0|1|0|0|0|0|0|1|1|0|0|1|1|0|0|NA|NA|NA|NA|NA|0|0|0|0|NA|0
"360290052021"|0|1|1|0|0|0|0|1|1|1|0|0|0|1|0|33948|33948|14310|14310|13022|348|117|364|28015754|76966.3571428571|0
"360290053001"|0|1|1|0|0|0|0|1|1|1|0|0|0|1|0|27276|27276|15894|15894|13080|152|34|146|8488016|58137.095890411|0
"360290053002"|0|1|1|0|0|0|0|1|1|1|0|0|0|1|0|27276|27276|15894|15894|13080|152|34|146|8488016|58137.095890411|0
"360290062011"|0|1|1|0|0|0|0|1|1|1|0|0|0|1|0|6470|16320|10870|22210|12614|861|262|758|58958340|77781.4511873351|0
"360290070003"|0|1|1|0|0|0|0|1|1|1|0|0|0|1|0|24740|24740|16380|16380|11570|218|72|376|25318454|67336.3138297872|0
"360290071021"|0|2|0|0|0|0|0|2|2|2|1|0|1|0|1|20683|25416|NA|NA|NA|469|172|624|39202268|120801.774688399|0
"360290072021"|0|2|0|0|0|0|0|2|2|2|1|0|1|0|1|20683|25416|NA|NA|NA|469|172|624|39202268|120801.774688399|0
"360290079042"|0|1|0|0|0|0|0|1|1|0|0|1|1|0|0|NA|NA|NA|NA|NA|0|0|0|0|NA|0
"360290089005"|0|1|0|0|0|0|0|1|1|0|0|1|1|0|0|NA|NA|NA|NA|NA|0|0|0|0|NA|0
"360290090092"|0|1|0|0|0|0|0|1|1|1|0|0|1|0|0|14980|14980|NA|NA|NA|27|19|14|783002|55928.7142857143|0
"360290091101"|0|1|1|0|1|1|0|1|1|1|0|0|0|0|1|6470|23710|10870|22210|12292|2771|605|2306|244223496|105907.847354727|0
"360290091121"|0|1|0|0|0|0|0|1|1|1|1|0|1|0|0|NA|NA|NA|NA|NA|0|0|0|0|NA|0
"360290094011"|0|1|1|0|0|0|0|1|1|1|0|0|0|1|0|26400|26400|23208|23208|12425|245|69|288|19321416|67088.25|0
"360290103002"|0|1|0|0|0|0|0|1|1|1|0|0|1|0|0|20030|20030|NA|NA|NA|57|18|66|3235030|49015.6060606061|0
"360290107001"|0|1|0|0|0|0|0|1|1|0|0|1|1|0|0|NA|NA|NA|NA|NA|0|0|0|0|NA|0
"360290115001"|0|1|0|0|0|0|0|1|1|0|0|1|1|0|0|NA|NA|NA|NA|NA|0|0|0|0|NA|0
"360290120021"|0|1|0|0|0|0|0|1|1|0|0|1|1|0|0|NA|NA|NA|NA|NA|0|0|0|0|NA|0
"360290129022"|0|1|1|0|0|0|0|1|1|1|0|0|1|0|0|20650|20650|18000|18000|9600|85|16|84|5124402|61004.7857142857|0
"360290137014"|0|1|0|0|0|0|0|1|1|1|0|0|1|0|0|15421|15421|NA|NA|NA|18|10|20|1237312|61865.6|0
"360290146014"|0|1|0|0|0|0|0|1|1|0|0|1|1|0|0|NA|NA|NA|NA|NA|0|0|0|0|NA|0
"360290155031"|0|1|0|0|0|0|0|1|1|0|0|1|1|0|0|NA|NA|NA|NA|NA|0|0|0|0|NA|0
"360290165001"|0|2|0|0|0|0|0|2|2|2|1|0|1|0|1|20683|25416|NA|NA|NA|469|172|624|39202268|120801.774688399|0
"360319604981"|0|1|0|0|0|0|0|1|1|1|1|0|0|1|0|4600|10850|NA|NA|9950|61|11|82|3626790|44229.1463414634|0
"360339508001"|0|1|0|0|0|0|0|1|1|1|0|0|1|0|0|24210|24210|NA|NA|12790|112|23|102|4678616|45868.7843137255|0
"360379504001"|0|2|0|0|0|0|0|2|2|1|1|1|1|1|0|NA|NA|NA|NA|NA|211|57|178|10837076|NA|0
"360379504002"|0|2|0|0|0|0|0|2|2|1|1|1|1|1|0|NA|NA|NA|NA|NA|211|57|178|10837076|NA|0
"360379506002"|0|1|0|0|0|0|0|1|1|0|0|1|1|0|0|NA|NA|NA|NA|NA|0|0|0|0|NA|0
"360379508001"|0|1|0|0|0|0|0|1|1|0|0|1|1|0|0|NA|NA|NA|NA|NA|0|0|0|0|NA|0
"360430104002"|0|1|0|0|0|0|0|1|1|0|0|1|1|0|0|NA|NA|NA|NA|NA|0|0|0|0|NA|0
"360430104003"|0|1|0|0|0|0|0|1|1|0|0|1|1|0|0|NA|NA|NA|NA|NA|0|0|0|0|NA|0
"360430112002"|0|1|0|0|0|0|0|1|1|1|1|0|0|1|0|4270|7000|NA|NA|9620|127|62|122|6414048|52574.1639344262|0
"360450608042"|0|0|0|0|0|0|0|1|0|0|0|0|0|0|0|NA|NA|NA|NA|NA|0|0|0|0|NA|0
"360450608044"|0|0|0|0|0|0|0|1|0|0|0|0|0|0|0|NA|NA|NA|NA|NA|0|0|0|0|NA|0
"360450608045"|0|0|0|0|0|0|0|1|0|0|0|0|0|0|0|NA|NA|NA|NA|NA|0|0|0|0|NA|0
"360450615003"|0|1|0|0|0|0|0|1|1|1|1|0|0|1|0|4392|6888|NA|NA|11900|135|51|154|9703408|63009.1428571429|0
"360450615004"|0|1|0|0|0|0|0|1|1|0|0|1|1|0|0|9843|9843|NA|NA|NA|0|0|0|0|NA|0
"360450616003"|0|1|0|0|0|0|0|1|1|0|0|1|1|0|0|9843|9843|NA|NA|NA|0|0|0|0|NA|0
"360470009001"|0|2|1|0|0|0|0|2|2|1|0|1|1|1|0|NA|NA|NA|NA|NA|150|33|172|14204314|NA|0
"360470011001"|0|1|1|0|0|0|0|2|2|2|1|0|0|2|0|NA|NA|NA|NA|NA|433|103|274|26825650|193239.92217484|0
"360470013001"|0|1|0|0|0|0|0|1|1|1|0|0|0|0|1|6330|13440|NA|NA|NA|520|192|834|69561162|83406.6690647482|0
"360470015003"|0|1|0|0|0|0|0|1|1|0|0|1|1|0|0|NA|NA|NA|NA|NA|0|0|0|0|NA|0
"360470031002"|0|1|1|0|0|0|0|1|1|1|0|0|0|1|0|34352|34352|28272|28272|13426|402|158|546|51469744|94266.9304029304|0
"360470037001"|0|1|0|0|0|0|0|1|1|0|0|1|1|0|0|NA|NA|NA|NA|NA|0|0|0|0|NA|0
"360470062002"|0|1|0|0|0|0|0|1|1|0|0|1|1|0|0|NA|NA|NA|NA|NA|0|0|0|0|NA|0
"360470195003"|0|1|1|0|0|0|0|1|1|1|0|0|0|1|0|24500|24500|16182|16182|NA|307|123|328|26310692|80215.5243902439|0
"360470220002"|0|1|0|0|0|0|0|1|1|1|0|0|1|0|0|7600|7600|NA|NA|6800|6|2|62|2209432|35636|0
"360470228002"|0|1|1|0|0|0|0|1|1|1|0|0|1|0|0|11800|11800|11800|11800|3600|8|2|24|545184|22716|0
"360470230001"|0|1|0|0|0|0|0|1|1|1|0|0|1|0|0|8850|8850|NA|NA|4150|4|0|8|228800|28600|0
"360470232002"|0|1|0|0|0|0|0|1|1|0|0|1|1|0|0|8300|8300|NA|NA|NA|0|0|0|0|NA|0
"360470232004"|0|1|0|0|0|0|0|1|1|1|0|0|1|0|0|8200|8200|NA|NA|12830|3|0|14|440942|31495.8571428571|0
"360470234002"|0|1|1|0|0|0|0|1|1|1|0|0|1|0|0|7750|7750|3450|3450|4500|7|0|10|364136|36413.6|0
"360470240003"|0|1|0|0|0|0|0|1|1|1|0|0|1|0|0|8000|8000|NA|NA|NA|2|0|8|336508|42063.5|0
"360470242001"|0|1|0|0|0|0|0|1|1|1|0|0|1|0|0|9600|9600|NA|NA|3500|11|3|12|630000|52500|0
"360470290003"|0|1|0|0|0|0|0|1|1|0|0|1|1|0|0|NA|NA|NA|NA|NA|0|0|0|0|NA|0
"360470300001"|0|1|0|0|0|0|0|1|1|0|0|1|1|0|0|NA|NA|NA|NA|NA|0|0|0|0|NA|0
"360470319002"|0|1|0|0|0|0|0|1|1|0|0|1|1|0|0|7500|7500|NA|NA|NA|0|0|0|0|NA|0
"360470325003"|0|1|0|0|0|0|0|1|1|1|0|0|0|1|0|6330|13440|NA|NA|NA|401|114|356|31152086|87505.8595505618|0
"360470337001"|0|1|1|0|0|0|0|1|1|1|0|0|1|0|0|6700|6700|6200|6200|2500|11|0|28|1148200|41007.1428571429|0
"360470337002"|0|1|1|0|0|0|0|1|1|1|0|0|1|0|0|6700|6700|6200|6200|2500|11|0|28|1148200|41007.1428571429|0
"360470337003"|0|1|0|0|0|0|0|1|1|1|0|0|1|0|0|9300|9300|NA|NA|7200|9|0|40|2261556|56538.9|0
"360470418002"|0|1|1|0|0|0|0|1|1|1|0|0|1|0|0|6980|6980|6980|6980|5935|12|3|36|1202850|33412.5|0
"360470422003"|0|1|0|0|0|0|0|1|1|1|0|0|1|0|0|9000|9000|NA|NA|3600|6|0|20|936316|46815.8|0
"360470444002"|0|1|1|0|0|0|0|1|1|1|0|0|1|0|0|8100|8100|8100|8100|4700|2|0|18|800200|44455.5555555556|0
"360470462011"|0|1|0|0|0|0|0|1|1|1|0|0|1|0|0|9500|9500|NA|NA|4350|0|0|6|217310|36218.3333333333|0
"360470462012"|0|1|0|0|0|0|0|1|1|1|0|0|1|0|0|9500|9500|NA|NA|4350|0|0|6|217310|36218.3333333333|0
"360470470001"|0|1|0|0|0|0|0|1|1|1|0|0|1|0|0|11500|11500|NA|NA|4000|10|2|8|441000|55125|0
"360470470002"|0|1|0|0|0|0|0|1|1|1|0|0|1|0|0|11000|11000|NA|NA|NA|5|1|16|754574|47160.875|0
"360470474001"|0|1|1|0|0|0|0|1|1|0|0|0|1|0|0|NA|NA|NA|NA|NA|0|0|0|0|NA|0
"360470478002"|0|1|1|0|0|0|0|1|1|1|0|0|1|0|0|8600|8600|8600|8600|4025|1|0|6|371978|61996.3333333333|0
"360470478003"|0|1|1|0|0|0|0|1|1|1|0|0|1|0|0|8600|8600|8600|8600|4025|1|0|6|371978|61996.3333333333|0
"360470484001"|0|1|0|0|0|0|0|1|1|1|0|0|1|0|0|10750|10750|NA|NA|3500|4|0|18|1292536|71807.5555555556|0
"360470492003"|0|1|1|0|0|0|0|1|1|1|0|0|1|0|0|9800|9800|10150|10150|4500|4|2|18|358844|19935.7777777778|0
"360470526002"|0|1|0|0|0|0|0|1|1|0|0|1|1|0|0|NA|NA|NA|NA|NA|0|0|0|0|NA|0
"360470532002"|0|1|1|0|0|0|0|1|1|1|0|0|1|0|0|7800|7800|7800|7800|NA|0|0|4|115600|28900|0
"360470533004"|0|1|0|0|0|0|0|1|1|1|0|0|1|0|0|12000|12000|NA|NA|1600|3|1|12|230000|19166.6666666667|0
"360470535001"|0|1|1|0|0|0|0|1|1|1|0|0|0|1|0|13680|13680|3000|3000|4000|71|12|238|6741428|28325.3277310924|0
"360470544003"|0|1|0|0|0|0|0|1|1|1|0|0|1|0|0|11000|11000|NA|NA|NA|3|1|8|442800|55350|0
"360470554001"|0|2|0|0|0|0|0|2|2|0|0|2|2|0|0|NA|NA|NA|NA|NA|0|0|0|0|NA|0
"360470606001"|0|1|0|0|0|0|0|1|1|0|0|1|1|0|0|NA|NA|NA|NA|NA|0|0|0|0|NA|0
"360470616001"|0|1|0|0|0|0|0|1|1|1|1|0|0|0|1|4800|7680|NA|NA|NA|581|164|686|53674772|78243.1078717201|0
"360470644001"|0|1|0|0|0|0|0|1|1|1|0|0|1|0|0|7050|7050|NA|NA|5000|2|2|8|374584|46823|0
"360470768002"|0|1|1|0|0|0|0|1|1|1|0|0|1|0|0|12450|12450|12450|12450|3000|1|1|26|1060038|40770.6923076923|0
"360470772001"|0|1|1|0|0|0|0|1|1|1|0|0|0|0|1|6330|13440|10130|18720|NA|721|243|1088|100375858|92257.2224264706|0
"360470772002"|0|1|1|0|0|0|0|1|1|1|0|0|0|0|1|6330|13440|10130|18720|NA|721|243|1088|100375858|92257.2224264706|0
"360470816001"|0|1|1|0|1|1|0|1|1|1|0|0|0|1|0|6470|16320|10870|22210|NA|783|135|292|41031226|140517.897260274|0
"360471026001"|0|1|0|0|0|0|0|1|1|1|0|0|1|0|0|9000|9000|NA|NA|3000|1|0|8|234000|29250|0
"360510302022"|0|1|1|0|0|0|0|1|1|1|0|0|0|1|0|6470|16320|10870|22210|12264|491|133|504|37034722|73481.5912698413|0
"360510304002"|0|1|1|0|0|0|0|1|1|1|0|0|0|1|0|6470|16320|10870|22210|12264|491|133|504|37034722|73481.5912698413|0
"360510304003"|0|1|1|0|0|0|0|1|1|1|0|0|0|1|0|6470|16320|10870|22210|12264|491|133|504|37034722|73481.5912698413|0
"360510305001"|0|1|1|0|0|0|0|1|1|1|0|0|0|1|0|6470|16320|10870|22210|12264|491|133|504|37034722|73481.5912698413|0
"360510306002"|0|1|0|0|0|0|0|1|1|1|1|0|1|0|0|7488|7488|NA|NA|4400|18|6|8|259804|32475.5|0
"360530305011"|0|1|0|0|0|0|0|1|1|1|0|0|0|1|0|32104|32104|NA|NA|13796|169|38|114|7222256|63353.1228070175|0
"360530305012"|0|1|0|0|0|0|0|1|1|1|0|0|0|1|0|32104|32104|NA|NA|13796|169|38|114|7222256|63353.1228070175|0
"360530307002"|0|1|0|0|0|0|0|1|1|1|0|0|0|1|0|6470|16320|NA|NA|14000|314|79|272|16275014|59834.6102941177|0
"360530309001"|0|1|1|0|0|0|0|1|1|1|0|0|0|1|0|51635|51635|51635|51635|13075|621|231|638|64532318|101147.833855799|0
"360550010001"|0|1|0|0|0|0|0|1|1|0|0|1|1|0|0|NA|NA|NA|NA|NA|0|0|0|0|NA|0
"360550010003"|0|1|0|0|0|0|0|1|1|0|0|1|1|0|0|NA|NA|NA|NA|NA|0|0|0|0|NA|0
"360550031001"|0|1|1|0|0|0|0|1|1|1|0|0|1|0|0|5300|5300|5300|5300|4000|0|0|4|120000|30000|0
"360550031002"|0|1|1|0|0|0|0|1|1|1|0|0|1|0|0|5300|5300|5300|5300|4000|0|0|4|120000|30000|0
"360550031003"|0|1|1|0|0|0|0|1|1|1|0|0|1|0|0|5300|5300|5300|5300|4000|0|0|4|120000|30000|0
"360550031004"|0|1|1|0|0|0|0|1|1|1|0|0|1|0|0|5300|5300|5300|5300|4000|0|0|4|120000|30000|0
"360550034002"|0|1|0|0|0|0|0|1|1|0|0|1|1|0|0|NA|NA|NA|NA|NA|0|0|0|0|NA|0
"360550036002"|0|0|1|0|0|0|0|1|1|1|0|0|1|0|0|NA|NA|10770|10770|NA|25|7|10|679796|67979.6|0
"360550036003"|0|0|1|0|0|0|0|1|1|1|0|0|1|0|0|NA|NA|10770|10770|NA|25|7|10|679796|67979.6|0
"360550038021"|0|1|1|0|1|1|0|1|1|1|0|0|0|0|1|49260|49260|36912|36912|14890|3485|818|1468|169784850|115657.254768392|0
"360550103001"|0|1|0|0|0|0|0|1|1|0|0|1|1|0|0|NA|NA|NA|NA|NA|0|0|0|0|NA|0
"360550103002"|0|1|0|0|0|0|0|1|1|0|0|1|1|0|0|NA|NA|NA|NA|NA|0|0|0|0|NA|0
"360550103003"|0|1|0|0|0|0|0|1|1|0|0|1|1|0|0|NA|NA|NA|NA|NA|0|0|0|0|NA|0
"360550103004"|0|1|0|0|0|0|0|1|1|0|0|1|1|0|0|NA|NA|NA|NA|NA|0|0|0|0|NA|0
"360550106021"|0|1|0|0|0|0|0|1|1|0|0|1|1|0|0|NA|NA|NA|NA|NA|0|0|0|0|NA|0
"360550106025"|0|1|0|0|0|0|0|1|1|0|0|1|1|0|0|NA|NA|NA|NA|NA|0|0|0|0|NA|0
"360550122012"|0|1|2|0|0|0|0|2|2|2|0|0|1|1|0|NA|NA|26892|26892|NA|329|113|480|40518072|134927.240506329|0
"360550122013"|0|0|1|0|0|0|0|1|1|1|0|0|1|0|0|NA|NA|10962|10962|NA|4|1|6|300480|50080|0
"360550122014"|0|1|2|0|0|0|0|2|2|2|0|0|1|1|0|NA|NA|32082|32082|NA|260|112|368|27453234|125087.607734807|0
"360550126005"|0|0|1|0|0|0|0|1|1|1|0|0|1|0|0|NA|NA|10962|10962|NA|4|1|6|300480|50080|0
"360550128001"|0|0|1|0|0|0|0|1|1|1|0|0|1|0|0|NA|NA|10770|10770|NA|25|7|10|679796|67979.6|0
"360550130014"|0|1|0|0|0|0|0|1|1|1|1|0|0|0|1|4100|8200|NA|NA|8500|581|170|590|37283334|63192.0915254237|0
"360550130024"|0|1|0|0|0|0|0|1|1|1|1|0|1|0|0|16269|16269|NA|NA|NA|21|16|22|1144200|52009.0909090909|0
"360550131011"|0|1|0|0|0|0|0|1|1|1|1|0|1|0|0|16269|16269|NA|NA|NA|21|16|22|1144200|52009.0909090909|0
"360550131013"|0|1|0|0|0|0|0|1|1|1|1|0|1|0|0|16269|16269|NA|NA|NA|21|16|22|1144200|52009.0909090909|0
"360550131031"|0|1|1|0|0|0|0|1|1|1|0|0|0|0|1|38024|38024|41804|41804|12500|2330|872|2046|187141152|91466.8387096774|0
"360550131041"|0|1|0|0|0|0|0|1|1|0|0|1|1|0|0|NA|NA|NA|NA|NA|0|0|0|0|NA|0
"360550131042"|0|1|0|0|0|0|0|1|1|0|0|1|1|0|0|NA|NA|NA|NA|NA|0|0|0|0|NA|0
"360550131043"|0|1|0|0|0|0|0|1|1|0|0|1|1|0|0|NA|NA|NA|NA|NA|0|0|0|0|NA|0
"360550135061"|0|1|0|0|0|0|0|1|1|0|0|1|1|0|0|NA|NA|NA|NA|NA|0|0|0|0|NA|0
"360550135063"|0|1|0|0|0|0|0|1|1|0|0|1|1|0|0|NA|NA|NA|NA|NA|0|0|0|0|NA|0
"360550136043"|0|1|0|0|0|0|0|1|1|1|0|0|1|0|0|16046|16046|NA|NA|NA|20|12|10|744572|74457.2|0
"360550142023"|0|1|0|0|0|0|0|1|1|0|0|1|1|0|0|NA|NA|NA|NA|NA|0|0|0|0|NA|0
"360550145012"|0|1|2|0|0|0|0|2|2|2|0|0|1|1|0|NA|NA|22446|22446|NA|179|55|200|12352798|126070.347368421|0
"360550145051"|0|1|2|0|0|0|0|2|2|2|0|0|1|1|0|NA|NA|22446|22446|NA|179|55|200|12352798|126070.347368421|0
"360550153011"|0|1|1|0|0|0|0|1|1|1|0|0|0|1|0|6470|16320|10870|22210|12418|631|193|662|48709934|73579.9607250755|0
"360550153012"|0|1|1|0|0|0|0|1|1|1|0|0|0|1|0|6470|16320|10870|22210|12418|631|193|662|48709934|73579.9607250755|0
"360550153044"|0|1|1|0|0|0|0|1|1|1|0|0|0|1|0|6470|16320|10870|22210|12418|631|193|662|48709934|73579.9607250755|0
"360570722001"|0|2|0|0|0|0|0|2|1|1|1|1|1|1|0|NA|NA|NA|NA|NA|103|30|108|7509608|NA|0
"360570722002"|0|2|0|0|0|0|0|2|1|1|1|1|1|1|0|NA|NA|NA|NA|NA|103|30|108|7509608|NA|0
"360593001004"|0|1|1|0|0|0|0|1|1|1|0|0|1|0|0|NA|NA|NA|NA|NA|130|56|228|27170214|119167.605263158|0
"360593009005"|0|0|1|0|0|0|0|1|1|1|0|0|1|0|0|NA|NA|NA|NA|NA|0|0|0|0|NA|0
"360593018002"|0|0|1|0|0|0|0|1|1|1|0|0|1|0|0|NA|NA|NA|NA|NA|0|0|0|0|NA|0
"360593036004"|0|0|1|0|1|0|0|1|1|1|0|0|1|0|0|14994|14994|18143|18143|NA|7|0|10|579014|57901.4|0
"360594066001"|0|2|0|0|0|0|0|2|2|0|0|2|2|0|0|NA|NA|NA|NA|NA|0|0|0|0|NA|0
"360594067013"|0|2|0|0|0|0|0|2|2|0|0|2|2|0|0|NA|NA|NA|NA|NA|0|0|0|0|NA|0
"360594069002"|0|1|0|0|0|0|0|1|1|0|0|1|1|0|0|NA|NA|NA|NA|NA|0|0|0|0|NA|0
"360594070006"|0|1|0|0|0|0|0|1|1|0|0|1|1|0|0|NA|NA|NA|NA|NA|0|0|0|0|NA|0
"360594071011"|0|1|0|0|0|0|0|1|1|0|0|1|1|0|0|NA|NA|NA|NA|NA|0|0|0|0|NA|0
"360594072013"|0|1|0|0|0|0|0|1|1|0|0|1|1|0|0|NA|NA|NA|NA|NA|0|0|0|0|NA|0
"360594073011"|0|4|1|0|0|1|0|4|4|2|1|2|2|0|2|NA|NA|NA|NA|NA|1818|564|1828|193525398|NA|0
"360594088002"|0|2|0|0|0|0|0|2|2|0|0|2|1|1|0|NA|NA|NA|NA|NA|0|0|0|0|NA|0
"360594090005"|0|2|0|0|0|0|0|2|2|0|0|2|1|1|0|NA|NA|NA|NA|NA|0|0|0|0|NA|0
"360594092005"|0|1|0|0|0|0|0|1|1|0|0|1|1|0|0|NA|NA|NA|NA|NA|0|0|0|0|NA|0
"360594116003"|0|1|1|0|0|0|0|1|1|1|0|0|1|0|0|9000|9000|9000|9000|6000|14|3|40|2059472|51486.8|0
"360594126001"|0|1|1|0|0|0|0|1|1|1|0|0|0|1|0|28000|28000|19170|19170|14250|337|118|380|36246922|95386.6368421053|0
"360594163004"|0|1|1|0|0|0|0|1|1|1|0|0|1|0|0|9000|9000|9000|9000|6000|14|3|40|2059472|51486.8|0
"360594166004"|0|1|0|0|0|0|0|1|1|1|0|0|1|0|0|8450|8450|NA|NA|4900|10|2|16|733654|45853.375|0
"360595170001"|0|1|0|0|0|0|0|1|1|1|0|0|1|0|0|47000|47000|NA|NA|14400|24|2|20|2251920|112596|0
"360595177051"|0|1|1|0|0|1|0|1|1|1|0|0|0|1|0|33920|33920|21870|21870|15446|613|131|476|49282358|103534.365546218|0
"360595187003"|0|2|1|0|0|0|0|2|2|1|0|1|2|0|0|NA|NA|NA|NA|NA|19|2|26|1432000|NA|0
"360595189006"|0|1|0|0|0|0|0|1|1|0|0|1|1|0|0|NA|NA|NA|NA|NA|0|0|0|0|NA|0
"360595193003"|0|1|0|0|0|0|0|1|1|0|0|1|1|0|0|14000|14000|NA|NA|NA|0|0|0|0|NA|0
"360595200011"|0|1|0|0|0|0|0|1|1|1|0|0|1|0|0|18720|18720|NA|NA|NA|26|4|40|2762792|69069.8|0
"360595201005"|0|1|0|0|0|0|0|1|1|1|0|0|0|1|0|6470|16320|NA|NA|12764|463|108|440|36241212|82366.3909090909|0
"360595220001"|0|1|0|0|0|0|0|1|1|0|0|1|1|0|0|NA|NA|NA|NA|NA|0|0|0|0|NA|0
"360595220003"|0|1|0|0|0|0|0|1|1|1|1|0|1|0|0|15750|15750|NA|NA|NA|6|3|6|424000|70666.6666666667|0
"360595220004"|0|1|0|0|0|0|0|1|1|1|1|0|1|0|0|15750|15750|NA|NA|NA|6|3|6|424000|70666.6666666667|0
"360599801001"|0|1|1|0|0|0|0|1|1|1|0|0|0|1|0|34000|34000|37623|37623|14052|769|278|640|69911510|109236.734375|0
"360599811001"|0|3|3|0|0|1|0|3|3|2|0|0|0|2|0|NA|NA|NA|NA|NA|1125|304|972|99438378|NA|0
"360599821001"|0|1|1|0|0|0|0|1|1|1|0|0|0|1|0|6470|16320|11735|22210|11020|305|83|320|26761250|83628.90625|0
"360610006001"|0|1|1|0|0|0|0|1|1|1|0|0|1|0|0|10750|10750|10750|10750|4000|2|2|20|736432|36821.6|0
"360610009001"|0|1|0|0|0|0|0|1|1|1|0|0|1|0|0|33870|33870|NA|NA|16266|56|19|58|5193004|89534.5517241379|0
"360610013001"|0|1|1|0|0|0|0|1|1|1|0|0|0|1|0|17880|17880|26460|26460|NA|79|11|46|3593364|78116.6086956522|0
"360610013002"|0|1|0|0|0|0|0|1|1|1|1|0|0|1|0|10800|10800|NA|NA|NA|45|6|20|1239626|61981.3|0
"360610015011"|0|1|1|0|0|0|0|1|1|1|0|0|0|0|1|41120|41120|28680|28680|18280|1102|358|972|102764948|105725.255144033|0
"360610015021"|0|1|1|0|0|0|0|1|1|1|0|0|1|0|0|12357|12357|11419|11419|NA|30|15|20|1278646|63932.3|0
"360610021001"|0|1|0|0|0|0|0|1|1|1|1|0|1|0|0|13800|13800|NA|NA|NA|16|1|44|316800|7200|0
"360610029004"|0|1|1|0|0|0|0|1|1|1|0|0|0|0|1|41120|41120|28680|28680|18280|1102|358|972|102764948|105725.255144033|0
"360610031001"|0|1|0|0|0|0|0|1|1|1|1|0|1|0|0|NA|NA|NA|NA|NA|0|0|0|0|NA|0
"360610033002"|0|0|2|0|0|0|0|2|2|2|0|0|2|0|0|NA|NA|62028|62028|NA|128|30|120|21909616|256418.327272727|0
"360610033003"|0|1|0|0|0|0|0|1|1|0|0|1|1|0|0|NA|NA|NA|NA|NA|0|0|0|0|NA|0
"360610037003"|0|1|0|0|0|0|0|1|1|0|0|1|1|0|0|NA|NA|NA|NA|NA|0|0|0|0|NA|0
"360610039003"|0|1|0|0|0|0|0|1|1|1|1|0|0|0|1|4880|7680|NA|NA|NA|747|247|1128|88037338|78047.2854609929|0
"360610042002"|0|1|1|0|0|0|0|1|1|1|0|0|1|0|0|42000|42000|42000|42000|15910|163|79|114|13042988|114412.175438596|0
"360610045001"|0|1|0|0|0|0|0|1|1|0|0|1|1|0|0|NA|NA|NA|NA|NA|0|0|0|0|NA|0
"360610047002"|0|1|0|0|0|0|0|1|1|0|0|1|1|0|0|NA|NA|NA|NA|NA|0|0|0|0|NA|0
"360610050003"|0|1|0|0|0|0|0|1|0|0|0|0|1|0|0|NA|NA|NA|NA|NA|0|0|0|0|NA|0
"360610054001"|0|2|1|0|0|0|0|2|2|2|1|0|1|1|0|NA|NA|NA|NA|NA|126|70|192|19021150|137692.3|0
"360610055011"|0|1|1|0|0|1|0|1|1|1|0|0|0|0|1|46590|46590|39936|39936|17578|6709|1910|6012|795807674|132369.872588157|0
"360610057002"|0|0|1|0|0|0|0|1|1|1|0|0|1|0|0|NA|NA|23500|23500|NA|139|33|80|7983924|99799.05|0
"360610058001"|0|1|0|0|0|0|0|1|1|1|0|0|1|0|0|17000|17000|NA|NA|NA|9|2|18|1893898|105216.555555556|0
"360610061001"|0|1|0|0|0|0|0|1|1|0|0|1|1|0|0|NA|NA|NA|NA|NA|0|0|0|0|NA|0
"360610063001"|0|1|1|0|0|0|0|1|1|1|0|0|0|0|1|44555|44555|42610|42610|18420|951|159|842|82514376|97998.0712589074|0
"360610063003"|0|1|0|0|0|0|0|1|1|0|0|1|1|0|0|14499|14499|NA|NA|15325|0|0|0|0|NA|0
"360610064001"|0|1|1|0|0|0|0|1|1|1|0|0|0|1|0|36500|36500|40890|40890|18800|530|137|382|16523616|43255.5392670157|0
"360610068005"|0|1|1|0|0|0|0|1|1|1|0|0|0|0|1|6330|13440|10130|18720|17095|710|198|1004|107828486|107398.890438247|0
"360610071001"|0|2|0|0|0|0|0|2|2|0|0|2|2|0|0|NA|NA|NA|NA|NA|0|0|0|0|NA|0
"360610074001"|0|2|2|0|0|0|0|2|2|2|0|0|0|2|0|23382|30492|27444|39384|NA|604|141|520|62395394|220350.132413459|0
"360610074003"|0|3|0|0|0|0|0|3|3|1|1|2|3|0|0|NA|NA|NA|NA|NA|30|13|20|1588046|NA|0
"360610076001"|0|2|0|0|0|0|0|2|2|0|0|2|2|0|0|NA|NA|NA|NA|NA|0|0|0|0|NA|0
"360610081002"|0|1|0|0|0|0|0|1|1|0|0|1|1|0|0|NA|NA|NA|NA|NA|0|0|0|0|NA|0
"360610081004"|0|1|0|0|0|0|0|1|1|0|0|1|1|0|0|30250|30250|NA|NA|NA|0|0|0|0|NA|0
"360610081006"|0|0|1|0|0|0|0|1|1|1|0|0|1|0|0|NA|NA|23600|23600|NA|5|1|24|976214|40675.5833333333|0
"360610082001"|0|2|0|0|0|0|0|2|2|1|1|1|2|0|0|NA|NA|NA|NA|NA|18|3|6|388344|NA|0
"360610082002"|0|2|0|0|0|0|0|2|2|1|1|1|2|0|0|NA|NA|NA|NA|NA|18|3|6|388344|NA|0
"360610082003"|0|2|0|0|0|0|0|2|2|1|1|1|2|0|0|NA|NA|NA|NA|NA|18|3|6|388344|NA|0
"360610084002"|0|1|0|0|0|0|0|1|1|1|1|0|1|0|0|4800|7680|NA|NA|NA|109|34|94|6999566|74463.4680851064|0
"360610087001"|0|1|0|0|0|0|0|1|1|0|0|1|1|0|0|NA|NA|NA|NA|NA|0|0|0|0|NA|0
"360610088001"|0|1|1|0|0|0|0|1|1|0|0|0|0|0|0|NA|NA|NA|NA|NA|994|262|0|0|NA|0
"360610089004"|0|0|1|0|0|0|0|1|1|1|0|0|1|0|0|NA|NA|15000|15000|NA|25|1|10|579000|57900|0
"360610091002"|0|1|0|0|0|0|0|1|1|1|1|0|1|0|0|18000|18000|NA|NA|NA|126|3|90|2016000|22400|0
"360610094001"|0|1|0|0|0|0|0|1|1|1|0|0|0|1|0|23002|23002|NA|NA|NA|205|30|184|15426856|83841.6086956522|0
"360610095001"|0|1|0|0|0|0|0|1|1|0|0|1|1|0|0|NA|NA|NA|NA|NA|0|0|0|0|NA|0
"360610095002"|0|1|1|0|0|0|0|1|1|1|0|0|0|1|0|6470|19592|10870|22210|13386|565|247|464|43456896|93657.1034482759|0
"360610096001"|0|1|2|0|1|0|0|3|3|2|0|1|3|0|0|NA|NA|NA|NA|NA|215|55|140|15837378|NA|0
"360610098005"|0|1|0|0|0|0|0|1|1|0|0|1|1|0|0|15900|15900|NA|NA|NA|0|0|0|0|NA|0
"360610100001"|0|0|1|0|0|0|0|1|1|1|0|0|1|0|0|NA|NA|46600|46600|NA|27|3|18|1521000|84500|0
"360610101001"|0|1|0|0|0|0|0|1|1|0|0|1|1|0|0|NA|NA|NA|NA|NA|0|0|0|0|NA|0
"360610102001"|0|1|1|0|0|0|0|1|1|1|0|0|0|1|0|24950|24950|27000|27000|20350|115|11|44|3166990|71977.0454545455|0
"360610103001"|0|2|0|0|0|0|0|2|2|1|1|1|1|1|0|NA|NA|NA|NA|NA|90|32|130|6429966|NA|0
"360610109001"|0|4|1|0|0|1|0|4|4|1|0|2|3|0|1|NA|NA|NA|NA|NA|860|198|860|72034190|NA|0
"360610111001"|0|1|0|0|0|0|0|1|1|0|0|1|1|0|0|NA|NA|NA|NA|NA|0|0|0|0|NA|0
"360610112011"|0|1|0|0|0|0|0|1|1|0|0|1|1|0|0|NA|NA|NA|NA|NA|0|0|0|0|NA|0
"360610113001"|0|1|0|0|0|0|0|1|1|1|1|0|1|0|0|19656|19656|NA|NA|NA|11|1|10|645646|64564.6|0
"360610116001"|0|1|2|0|0|1|0|3|3|2|0|1|2|1|0|NA|NA|NA|NA|NA|6223|1992|168|38234040|NA|0
"360610120004"|0|2|2|0|0|0|0|2|2|2|0|0|1|0|1|33780|40890|41170|49760|29184|969|264|1354|130739022|NA|0
"360610121004"|0|1|0|0|0|0|0|1|1|0|0|1|1|0|0|NA|NA|NA|NA|NA|0|0|0|0|NA|0
"360610121005"|0|1|0|0|0|0|0|1|1|0|0|1|1|0|0|NA|NA|NA|NA|NA|0|0|0|0|NA|0
"360610126002"|0|1|0|0|0|0|0|1|1|1|0|0|0|1|0|28870|28870|NA|NA|15990|169|38|188|14211940|75595.4255319149|0
"360610131001"|0|1|0|0|0|0|0|1|1|0|0|1|1|0|0|17000|17000|NA|NA|NA|0|0|0|0|NA|0
"360610131002"|0|2|0|0|0|0|0|2|2|1|1|1|2|0|0|31000|31000|NA|NA|NA|30|6|38|2560000|NA|0
"360610135001"|0|1|0|0|0|0|0|1|1|1|1|0|1|0|0|16388|16388|NA|NA|NA|16|6|0|0|NA|0
"360610139003"|0|1|0|0|0|0|0|1|1|0|0|1|1|0|0|11635|11635|NA|NA|10095|0|0|0|0|NA|0
"360610147001"|0|1|1|0|0|0|0|1|1|1|0|0|0|0|1|6330|13440|10130|18720|19677|576|157|794|72083142|90784.8136020151|0
"360610149001"|0|1|1|0|0|0|0|1|1|1|0|0|1|0|0|41310|41310|41310|41310|15380|325|83|254|22678518|89285.5039370079|0
"360610151002"|0|1|0|0|0|0|0|1|1|1|0|0|0|1|0|35600|35600|NA|NA|12150|148|57|18|1820882|101160.111111111|0
"360610168002"|0|0|1|0|1|1|0|1|1|1|0|0|0|1|0|NA|NA|25385|25385|NA|0|0|0|0|NA|0
"360610198001"|0|1|1|0|0|0|0|2|2|2|0|0|2|0|0|NA|NA|NA|NA|NA|82|22|98|7992552|165512.801282051|0
"360610199002"|0|0|1|0|0|0|0|1|1|1|0|0|1|0|0|NA|NA|35400|35400|NA|290|45|48|4901272|102109.833333333|0
"360610203002"|0|1|1|0|0|1|0|1|1|1|0|0|0|0|1|47442|47442|43552|43552|13244|7178|1346|3042|495231892|162798.123602893|0
"360610205001"|0|1|2|0|0|0|0|3|3|3|0|0|2|1|0|NA|NA|NA|NA|NA|597|184|506|56401274|272705.625052367|0
"360610211003"|0|1|1|0|0|0|0|1|1|1|0|0|0|1|0|44000|44000|44000|44000|16000|116|28|174|13859392|79651.6781609195|0
"360610211007"|0|1|1|0|0|0|0|1|1|1|0|0|1|0|0|50026|50026|29320|29320|14460|157|51|74|7467026|100905.756756757|0
"360610217031"|0|1|1|0|0|0|0|1|1|1|0|0|0|0|1|6330|13440|10130|18720|15189|819|164|1140|113508756|99569.0842105263|0
"360610241002"|0|1|1|0|0|0|0|1|1|1|0|0|0|1|0|10600|10600|13000|13000|NA|78|44|88|4391686|49905.5227272727|0
"360610267001"|0|1|1|0|0|1|0|1|1|1|0|0|0|1|0|39070|39070|19800|19800|11600|767|165|714|75403290|105606.848739496|0
"360610317031"|0|1|0|0|0|0|0|1|1|0|0|1|1|0|0|NA|NA|NA|NA|NA|0|0|0|0|NA|0
"360630226023"|0|1|0|0|0|0|0|1|1|0|0|1|1|0|0|NA|NA|NA|NA|NA|0|0|0|0|NA|0
"360630232003"|0|1|0|0|0|0|0|1|1|0|0|1|1|0|0|NA|NA|NA|NA|NA|0|0|0|0|NA|0
"360630243033"|0|2|0|0|0|0|0|2|2|1|1|1|1|1|0|NA|NA|NA|NA|NA|197|75|208|15875114|NA|0
"360630244061"|0|1|1|0|0|0|0|1|1|1|0|0|0|1|0|29500|29500|12690|12690|12700|353|126|322|24738026|76826.1677018633|0
"360650203001"|0|1|0|0|0|0|0|1|1|1|1|0|1|0|0|13500|13500|NA|NA|NA|0|0|0|0|NA|0
"360650213012"|0|1|0|0|0|0|0|1|1|1|1|0|0|1|0|4084|8168|NA|NA|10090|285|99|264|15237194|57716.6439393939|0
"360650213031"|0|1|0|0|0|0|0|1|1|1|1|0|0|1|0|4084|8168|NA|NA|10090|285|99|264|15237194|57716.6439393939|0
"360650214013"|0|1|1|0|0|0|0|1|1|1|0|0|0|1|0|19446|19446|17483|17483|10434|284|99|288|22838862|79301.6041666667|0
"360650217011"|0|1|0|0|0|0|0|1|1|1|1|0|1|0|0|14550|20244|NA|NA|NA|13|4|36|2768000|76888.8888888889|0
"360650250031"|0|1|0|0|0|0|0|1|1|1|0|0|0|1|0|50730|50730|NA|NA|13010|418|110|392|39465124|100676.336734694|0
"360650262001"|0|1|1|0|0|0|0|1|1|1|0|0|0|1|0|6470|16320|10870|22210|12068|226|57|274|25926708|94623.0218978102|0
"360650262002"|0|1|1|0|0|0|0|1|1|1|0|0|0|1|0|6470|16320|10870|22210|12068|226|57|274|25926708|94623.0218978102|0
"360650262005"|0|1|1|0|0|0|0|1|1|1|0|0|0|1|0|6470|16320|10870|22210|12068|226|57|274|25926708|94623.0218978102|0
"360650263001"|0|1|0|0|0|0|0|1|1|0|0|1|1|0|0|NA|NA|NA|NA|NA|0|0|0|0|NA|0
"360650265001"|0|1|1|0|0|0|0|1|1|1|0|0|0|1|0|19446|19446|17483|17483|10434|284|99|288|22838862|79301.6041666667|0
"360670001001"|0|1|0|0|0|0|0|1|1|1|1|0|1|0|0|18020|18020|NA|NA|13906|17|2|46|3421018|74369.9565217391|0
"360670010001"|0|0|0|0|0|0|0|1|0|0|0|0|0|0|0|NA|NA|NA|NA|NA|0|0|0|0|NA|0
"360670010003"|0|0|0|0|0|0|0|1|0|0|0|0|0|0|0|NA|NA|NA|NA|NA|0|0|0|0|NA|0
"360670016001"|0|1|0|0|0|0|0|1|1|1|1|0|1|0|0|16715|16715|NA|NA|8880|35|21|36|2270086|63057.9444444444|0
"360670023002"|0|1|0|0|0|0|0|1|1|1|1|0|1|0|0|18020|18020|NA|NA|13906|17|2|46|3421018|74369.9565217391|0
"360670032001"|0|1|0|0|0|0|0|1|1|1|1|0|1|0|0|18020|18020|NA|NA|13906|17|2|46|3421018|74369.9565217391|0
"360670032002"|0|3|0|0|0|0|0|3|3|1|1|2|3|0|0|NA|NA|NA|NA|NA|17|2|46|3421018|NA|0
"360670034001"|0|2|0|0|0|0|0|2|2|1|1|1|2|0|0|NA|NA|NA|NA|NA|17|2|46|3421018|NA|0
"360670043011"|0|2|1|0|0|0|0|2|2|2|1|0|1|0|1|54015|54015|NA|NA|20217|3383|868|2218|226538366|180738.048140995|0
"360670043021"|0|1|1|0|1|1|0|1|1|1|0|0|0|1|0|6470|16320|10870|22210|NA|717|117|272|31949872|117462.764705882|0
"360670043022"|0|1|1|0|0|0|0|1|1|1|0|0|0|1|0|6470|16320|10870|22210|16110|253|62|236|20384502|86375.0084745763|0
"360670046001"|0|1|1|0|0|0|0|1|1|1|0|0|0|1|0|32040|32040|13536|13536|12970|287|85|336|27674714|82365.2202380952|0
"360670111021"|0|2|0|0|0|0|0|2|2|0|0|2|2|0|0|NA|NA|NA|NA|NA|0|0|0|0|NA|0
"360670111023"|0|2|0|0|0|0|0|2|2|0|0|2|2|0|0|NA|NA|NA|NA|NA|0|0|0|0|NA|0
"360670113003"|0|1|0|0|0|0|0|1|1|1|0|0|1|0|0|15312|15312|NA|NA|NA|24|14|22|1597268|72603.0909090909|0
"360670135001"|0|2|0|0|0|0|0|2|2|0|0|2|2|0|0|NA|NA|NA|NA|NA|0|0|0|0|NA|0
"360670137011"|0|1|0|0|0|0|0|1|1|1|1|0|1|0|0|NA|NA|NA|NA|NA|0|0|0|0|NA|0
"360670139001"|0|1|0|0|0|0|0|1|1|0|0|1|1|0|0|NA|NA|NA|NA|NA|0|0|0|0|NA|0
"360670139002"|0|1|0|0|0|0|0|1|1|0|0|1|1|0|0|NA|NA|NA|NA|NA|0|0|0|0|NA|0
"360670140003"|0|1|0|0|0|0|0|1|1|0|0|1|1|0|0|NA|NA|NA|NA|NA|0|0|0|0|NA|0
"360670142002"|0|0|0|0|0|0|0|1|0|0|0|0|0|0|0|NA|NA|NA|NA|NA|0|0|0|0|NA|0
"360670144002"|0|0|0|0|0|0|0|1|0|0|0|0|0|0|0|NA|NA|NA|NA|NA|0|0|0|0|NA|0
"360670145001"|0|0|0|0|0|0|0|1|0|0|0|0|0|0|0|NA|NA|NA|NA|NA|0|0|0|0|NA|0
"360670146001"|0|1|1|0|0|0|0|1|1|1|0|0|0|1|0|32040|32040|13536|13536|12970|287|85|336|27674714|82365.2202380952|0
"360670146002"|0|1|1|0|0|0|0|1|1|1|0|0|0|1|0|32040|32040|13536|13536|12970|287|85|336|27674714|82365.2202380952|0
"360670146004"|0|1|1|0|0|0|0|1|1|1|0|0|0|1|0|32040|32040|13536|13536|12970|287|85|336|27674714|82365.2202380952|0
"360690512002"|0|1|0|0|0|0|0|1|1|1|1|0|0|1|0|4368|8736|NA|NA|NA|205|65|234|14244546|60874.1282051282|0
"360690517001"|0|2|0|0|0|0|0|2|2|1|1|1|2|0|0|18460|18460|NA|NA|NA|4|4|20|1300000|NA|0
"360690519004"|0|1|1|0|0|0|0|1|1|1|0|0|0|1|0|50432|50432|12608|12608|13757|374|140|404|35151134|87007.7574257426|0
"360710001002"|0|1|1|0|0|0|0|1|1|1|0|0|0|1|0|28048|28048|13500|13500|14104|241|87|178|13379228|75164.202247191|0
"360710001003"|0|1|1|0|0|0|0|1|1|1|0|0|0|1|0|28048|28048|13500|13500|14104|241|87|178|13379228|75164.202247191|0
"360710015003"|0|1|0|0|0|0|0|1|1|0|0|1|1|0|0|NA|NA|NA|NA|NA|0|0|0|0|NA|0
"360710016003"|0|1|0|0|0|0|0|1|1|1|1|0|0|1|0|4636|9272|NA|NA|NA|279|116|298|23227170|77943.5234899329|0
"360710016004"|0|1|0|0|0|0|0|1|1|1|1|0|0|1|0|4636|9272|NA|NA|NA|279|116|298|23227170|77943.5234899329|0
"360710121004"|0|1|0|0|0|0|0|1|1|0|0|1|1|0|0|NA|NA|NA|NA|NA|0|0|0|0|NA|0
"360710121005"|0|1|0|0|0|0|0|1|1|0|0|1|1|0|0|NA|NA|NA|NA|NA|0|0|0|0|NA|0
"360710135001"|0|3|1|0|0|0|0|3|3|3|0|0|2|1|0|31200|31200|NA|NA|15300|48|7|320|10250378|121154.386986301|0
"360710136001"|0|1|0|0|0|0|0|1|1|1|0|0|0|1|0|NA|NA|NA|NA|NA|1841|392|450|51390564|114201.253333333|0
"360710137002"|0|1|0|0|0|0|0|1|1|1|0|0|0|1|0|NA|NA|NA|NA|NA|1841|392|450|51390564|114201.253333333|0
"360710139001"|0|3|1|0|0|0|0|3|3|3|0|0|2|1|0|31200|31200|NA|NA|15300|48|7|320|10250378|121154.386986301|0
"360710150031"|0|3|1|0|0|0|0|3|3|3|0|0|2|1|0|31200|31200|NA|NA|15300|48|7|320|10250378|121154.386986301|0
"360750204002"|0|1|0|0|0|0|0|1|1|0|0|1|1|0|0|NA|NA|NA|NA|NA|0|0|0|0|NA|0
"360750214011"|0|1|1|0|0|0|0|1|1|1|0|0|0|1|0|6470|16320|10870|22210|13390|741|197|718|48931428|68149.6211699164|0
"360775905001"|0|1|0|0|0|0|0|1|1|0|0|1|1|0|0|NA|NA|NA|NA|NA|0|0|0|0|NA|0
"360775912001"|0|2|1|0|0|0|0|2|2|2|0|0|0|2|0|48520|58370|NA|NA|23878|784|222|788|53626540|139401.424583867|0
"360775913001"|0|1|1|0|0|0|0|1|1|1|0|0|0|1|0|6470|16320|10870|22210|12368|600|142|568|37472048|65971.9154929577|0
"360810019001"|0|1|1|0|0|0|0|2|2|1|0|1|1|1|0|NA|NA|NA|NA|NA|99|30|72|9438672|NA|0
"360810057003"|0|1|0|0|0|0|0|1|1|0|0|1|1|0|0|19400|19400|NA|NA|NA|0|0|0|0|NA|0
"360810155002"|0|1|0|0|0|0|0|1|1|0|0|1|1|0|0|NA|NA|NA|NA|NA|0|0|0|0|NA|0
"360810179001"|0|3|0|0|0|0|0|3|3|1|1|2|2|0|1|NA|NA|NA|NA|NA|724|245|774|62406302|NA|0
"360810179002"|0|3|0|0|0|0|0|3|3|1|1|2|2|0|1|NA|NA|NA|NA|NA|724|245|774|62406302|NA|0
"360810246001"|0|1|1|0|0|0|0|1|1|1|0|0|0|1|0|6330|13440|10130|18720|NA|424|127|376|32164494|85543.8670212766|0
"360810347002"|0|1|1|0|0|0|0|1|1|1|0|0|0|1|0|22740|22740|23880|23880|13265|88|11|80|6950152|86876.9|0
"360810440003"|0|1|0|0|0|0|0|1|1|0|0|1|1|0|0|NA|NA|NA|NA|NA|0|0|0|0|NA|0
"360810446011"|0|1|0|0|0|0|0|1|1|0|0|1|1|0|0|NA|NA|NA|NA|NA|0|0|0|0|NA|0
"360810446012"|0|1|0|0|0|0|0|1|1|0|0|1|1|0|0|NA|NA|NA|NA|NA|0|0|0|0|NA|0
"360810553002"|0|1|0|0|0|0|0|1|1|0|0|1|1|0|0|NA|NA|NA|NA|NA|0|0|0|0|NA|0
"360810711004"|0|1|0|0|0|0|0|1|1|1|1|0|1|0|0|10800|10800|NA|NA|NA|33|1|14|705170|50369.2857142857|0
"360810717012"|0|1|0|0|0|0|0|1|1|1|1|0|1|0|0|29138|29138|NA|NA|NA|25|11|28|2164032|77286.8571428571|0
"360810717013"|0|1|0|0|0|0|0|1|1|0|0|1|1|0|0|NA|NA|NA|NA|NA|0|0|0|0|NA|0
"360810737001"|0|1|0|0|0|0|0|1|1|0|0|1|1|0|0|NA|NA|NA|NA|NA|0|0|0|0|NA|0
"360810757013"|0|1|0|0|0|0|0|1|1|1|0|0|1|0|0|11000|11000|NA|NA|NA|47|34|34|2346308|69009.0588235294|0
"360810779072"|0|1|1|0|0|0|0|1|1|1|0|0|1|0|0|9800|9800|9800|9800|6000|31|4|26|710570|27329.6153846154|0
"360810803023"|0|1|1|0|0|0|0|1|1|1|0|0|0|0|1|6330|13440|10130|18720|14020|683|212|1222|111705576|91412.0916530278|0
"360810809007"|0|1|1|0|0|0|0|1|1|1|0|0|0|0|1|6330|13440|10130|18720|14020|683|212|1222|111705576|91412.0916530278|0
"360810853001"|0|1|0|0|0|0|0|1|1|0|0|1|1|0|0|NA|NA|NA|NA|NA|0|0|0|0|NA|0
"360810869001"|0|2|0|0|0|0|0|2|2|0|0|2|2|0|0|NA|NA|NA|NA|NA|0|0|0|0|NA|0
"360810871001"|0|1|0|0|0|0|0|1|1|1|1|0|1|0|0|13299|13299|NA|NA|NA|57|7|32|1184650|37020.3125|0
"360810871002"|0|1|0|0|0|0|0|1|1|1|1|0|1|0|0|13299|13299|NA|NA|NA|57|7|32|1184650|37020.3125|0
"360810945002"|0|1|0|0|0|0|0|1|1|0|0|1|1|0|0|NA|NA|NA|NA|NA|0|0|0|0|NA|0
"360811008024"|0|1|0|0|0|0|0|1|1|1|0|0|1|0|0|8250|8250|NA|NA|5500|4|0|14|701210|50086.4285714286|0
"360811010021"|0|2|1|0|0|0|0|2|2|2|0|0|2|0|0|20000|20000|NA|NA|12500|24|5|50|2609472|106486.8|0
"360811010022"|0|1|1|0|0|0|0|1|1|1|0|0|1|0|0|9000|9000|9000|9000|6000|14|3|40|2059472|51486.8|0
"360811032022"|0|1|1|0|0|0|0|1|1|1|0|0|1|0|0|9000|9000|9000|9000|6000|14|3|40|2059472|51486.8|0
"360811039004"|0|1|0|0|0|0|0|1|1|0|0|1|1|0|0|NA|NA|NA|NA|NA|0|0|0|0|NA|0
"360811267001"|0|1|1|0|0|0|0|1|1|1|0|0|0|0|1|38162|38162|15888|15888|16390|1162|461|1254|156190984|124554.213716108|0
"360811385011"|0|1|0|0|0|0|0|1|1|1|1|0|0|0|1|4800|7680|NA|NA|NA|583|190|790|63404964|80259.4481012658|0
"360830405002"|0|1|0|0|0|0|0|1|1|1|1|0|1|0|0|10792|10792|NA|NA|NA|5|2|18|1229180|68287.7777777778|0
"360830406002"|0|1|1|0|0|0|0|1|1|1|0|0|0|1|0|49520|49520|49520|49520|14630|1359|235|846|95137206|112455.326241135|0
"360830406003"|0|1|1|0|0|0|0|1|1|1|0|0|0|1|0|49520|49520|49520|49520|14630|1359|235|846|95137206|112455.326241135|0
"360830407001"|0|1|1|0|0|0|0|1|1|1|0|0|0|1|0|27405|27405|12240|12240|12408|266|78|276|16068352|58218.6666666667|0
"360830410001"|0|1|0|0|0|0|0|1|1|1|1|0|0|0|1|4300|8600|NA|NA|NA|362|132|464|30947708|66697.6465517241|0
"360830411001"|0|1|0|0|0|0|0|1|1|1|1|0|0|0|1|4300|8600|NA|NA|NA|362|132|464|30947708|66697.6465517241|0
"360850003002"|0|1|0|0|0|0|0|1|1|0|0|1|1|0|0|NA|NA|NA|NA|NA|0|0|0|0|NA|0
"360850047001"|0|1|1|0|0|0|0|1|1|1|0|0|0|1|0|43500|43500|19800|19800|13260|278|96|216|16049576|74303.5925925926|0
"360850122002"|0|1|0|0|0|0|0|1|1|0|0|1|1|0|0|NA|NA|NA|NA|NA|0|0|0|0|NA|0
"360850273012"|0|1|1|0|0|0|0|1|1|1|0|0|0|0|1|6330|13440|10130|18720|17227|553|161|766|67935266|88688.3368146214|0
"360850291031"|0|1|0|0|0|0|0|1|1|1|1|0|1|0|0|16640|16640|NA|NA|NA|19|3|30|2525400|84180|0
"360870112001"|0|1|0|0|0|0|0|1|1|0|0|1|1|0|0|NA|NA|NA|NA|NA|0|0|0|0|NA|0
"360870113021"|0|1|0|0|0|0|0|1|1|0|0|1|1|0|0|NA|NA|NA|NA|NA|0|0|0|0|NA|0
"360870115051"|0|1|0|0|0|0|0|1|1|1|0|0|1|0|0|9140|9140|NA|NA|4400|3|1|58|919190|15848.1034482759|0
"360870116022"|0|2|1|0|0|0|0|3|3|3|1|0|2|1|0|NA|NA|NA|NA|NA|299|102|228|18691120|NA|0
"360870116023"|0|2|1|0|0|0|0|3|3|3|1|0|2|1|0|NA|NA|NA|NA|NA|299|102|228|18691120|NA|0
"360870121013"|0|1|0|0|0|0|0|1|1|1|0|0|1|0|0|7100|7100|NA|NA|4500|4|1|10|482458|48245.8|0
"360870121023"|0|1|1|0|0|0|0|1|1|1|0|0|1|0|0|9300|9300|1000|1000|3950|13|4|84|2560000|30476.1904761905|0
"360870121031"|0|1|0|0|0|0|0|1|1|1|0|0|1|0|0|9900|9900|NA|NA|5600|1|0|4|153630|38407.5|0
"360870121032"|0|2|1|0|0|0|0|2|2|2|0|0|2|0|0|20700|20700|NA|NA|8200|7|1|14|709482|98354.4166666667|0
"360870121033"|0|2|1|0|0|0|0|2|2|2|0|0|2|0|0|20700|20700|NA|NA|8200|7|1|14|709482|98354.4166666667|0
"360870121051"|0|1|1|0|0|0|0|1|1|1|0|0|1|0|0|6500|6500|6000|6000|4500|1|0|6|180000|30000|0
"360870121062"|0|1|0|0|0|0|0|1|1|1|0|0|1|0|0|8000|8000|NA|NA|6000|4|0|20|988000|49400|0
"360870130022"|0|1|1|0|0|0|0|1|1|1|0|0|0|1|0|26578|26578|15624|15624|12420|143|42|150|11027000|73513.3333333333|0
"360870130031"|0|1|1|0|0|0|0|1|1|1|0|0|0|1|0|28800|28800|16560|16560|12390|101|32|110|8856576|80514.3272727273|0
"360870132002"|0|1|1|0|0|0|0|1|1|1|0|0|0|1|0|24500|24500|10350|10350|9200|125|60|188|12079072|64250.3829787234|0
"360894908002"|0|1|1|0|0|0|0|1|1|1|0|0|0|1|0|6470|16320|10870|22210|12420|422|140|496|31462318|63432.0927419355|0
"360894911001"|0|1|1|0|0|0|0|1|1|1|0|0|0|1|0|45132|45132|29286|29286|14260|507|193|490|46667314|95239.4163265306|0
"360894912001"|0|1|1|0|0|0|0|1|1|1|0|0|0|1|0|6470|16320|10870|22210|12420|422|140|496|31462318|63432.0927419355|0
"360894919001"|0|1|1|0|0|0|0|1|1|1|0|0|0|1|0|50830|50830|19044|19044|13190|550|119|386|32362896|83841.6994818653|0
"360894921002"|0|1|0|0|0|0|0|1|1|1|0|0|0|1|0|6470|13793|NA|NA|12050|266|62|252|15563186|61758.6746031746|0
"360910610005"|0|1|1|0|0|0|0|1|1|1|0|0|0|0|1|6470|16320|10870|22210|NA|456|236|362|30031766|82960.679558011|0
"360910612006"|0|1|1|0|0|0|0|1|1|1|0|0|0|1|0|49716|49716|NA|NA|13530|620|205|556|48096370|86504.2625899281|0
"360910613031"|0|1|1|0|0|0|0|1|1|1|0|0|0|1|0|49716|49716|NA|NA|13530|620|205|556|48096370|86504.2625899281|0
"360910614033"|0|1|0|0|0|0|0|1|1|0|0|1|1|0|0|NA|NA|NA|NA|NA|0|0|0|0|NA|0
"360930206001"|0|1|0|0|0|0|0|1|1|1|1|0|1|0|0|9525|9525|NA|NA|NA|4|1|26|1995250|76740.3846153846|0
"360930210011"|0|1|0|0|0|0|0|1|1|0|0|1|1|0|0|NA|NA|NA|NA|NA|0|0|0|0|NA|0
"360930217003"|0|1|0|0|0|0|0|1|1|0|0|1|1|0|0|NA|NA|NA|NA|NA|0|0|0|0|NA|0
"360930218006"|0|1|0|0|0|0|0|1|1|0|0|1|1|0|0|NA|NA|NA|NA|NA|0|0|0|0|NA|0
"360930334002"|0|1|1|0|0|0|0|2|1|1|0|0|1|1|0|NA|NA|NA|NA|NA|590|179|442|44103100|NA|0
"360930334003"|0|1|1|0|0|0|0|2|1|1|0|0|1|1|0|NA|NA|NA|NA|NA|590|179|442|44103100|NA|0
"360930335001"|0|1|0|0|0|0|0|1|1|1|1|0|0|1|0|3720|7440|NA|NA|NA|139|44|116|6467260|55752.2413793103|0
"360930335002"|0|1|0|0|0|0|0|1|1|1|1|0|0|1|0|3720|7440|NA|NA|NA|139|44|116|6467260|55752.2413793103|0
"360957403001"|0|1|0|0|0|0|0|1|1|1|0|0|0|1|0|6470|16320|NA|NA|13018|281|61|206|13686064|66437.2038834952|0
"360999503002"|0|0|1|0|0|0|0|1|1|1|0|0|1|0|0|NA|NA|13759|13759|NA|147|51|110|7998520|72713.8181818182|0
"360999503003"|0|0|1|0|0|0|0|1|1|1|0|0|1|0|0|NA|NA|13759|13759|NA|147|51|110|7998520|72713.8181818182|0
"360999503004"|0|0|1|0|0|0|0|1|1|1|0|0|1|0|0|NA|NA|13759|13759|NA|147|51|110|7998520|72713.8181818182|0
"361019629001"|0|1|0|0|0|0|0|1|1|1|1|0|0|1|0|4314|8628|NA|NA|9224|141|46|168|9747806|58022.6547619048|0
"361031105012"|0|1|0|0|0|0|0|1|1|0|0|1|1|0|0|NA|NA|NA|NA|NA|0|0|0|0|NA|0
"361031122061"|0|2|0|0|0|0|0|2|2|2|1|0|1|1|0|15396|25246|NA|NA|NA|463|108|440|36241212|NA|0
"361031122063"|0|1|0|0|0|0|0|1|1|1|0|0|0|1|0|6470|16320|NA|NA|12764|463|108|440|36241212|82366.3909090909|0
"361031122121"|0|1|1|0|0|0|0|1|1|1|0|0|1|0|0|18980|18980|15000|15000|12600|55|2|46|2998480|65184.347826087|0
"361031122122"|0|1|1|0|0|0|0|1|1|1|0|0|1|0|0|18980|18980|15000|15000|12600|55|2|46|2998480|65184.347826087|0
"361031233011"|0|1|0|0|0|0|0|1|1|0|0|1|1|0|0|NA|NA|NA|NA|NA|0|0|0|0|NA|0
"361031235004"|0|1|0|0|0|0|0|1|1|1|1|0|1|0|0|15750|15750|NA|NA|NA|6|3|6|424000|70666.6666666667|0
"361031237011"|0|1|0|0|0|0|0|1|1|0|0|1|1|0|0|NA|NA|NA|NA|NA|0|0|0|0|NA|0
"361031237012"|0|1|0|0|0|0|0|1|1|0|0|1|1|0|0|NA|NA|NA|NA|NA|0|0|0|0|NA|0
"361031237013"|0|1|0|0|0|0|0|1|1|0|0|1|1|0|0|NA|NA|NA|NA|NA|0|0|0|0|NA|0
"361031353012"|0|1|0|0|0|0|0|1|1|0|0|1|1|0|0|NA|NA|NA|NA|NA|0|0|0|0|NA|0
"361031456032"|0|1|1|0|0|0|0|1|1|1|0|0|1|0|0|34352|34352|28272|28272|NA|7|3|0|0|NA|0
"361031458041"|0|1|0|0|0|0|0|1|1|0|0|1|1|0|0|NA|NA|NA|NA|NA|0|0|0|0|NA|0
"361031461061"|0|1|0|0|0|0|0|1|1|0|0|1|1|0|0|NA|NA|NA|NA|NA|0|0|0|0|NA|0
"361031464022"|0|1|1|0|0|0|0|1|1|0|0|0|0|1|0|NA|NA|NA|NA|NA|0|0|0|0|NA|0
"361031466061"|0|1|1|0|0|0|0|1|1|0|0|0|0|1|0|NA|NA|NA|NA|NA|0|0|0|0|NA|0
"361031466071"|0|1|0|0|0|0|0|1|1|0|0|1|1|0|0|NA|NA|NA|NA|NA|0|0|0|0|NA|0
"361031466072"|0|1|0|0|0|0|0|1|1|0|0|1|1|0|0|NA|NA|NA|NA|NA|0|0|0|0|NA|0
"361031475031"|0|1|1|0|0|0|0|1|1|0|0|0|0|1|0|NA|NA|NA|NA|NA|0|0|0|0|NA|0
"361031476011"|0|1|1|0|0|0|0|1|1|0|0|0|0|1|0|NA|NA|NA|NA|NA|0|0|0|0|NA|0
"361031476012"|0|1|1|0|0|0|0|1|1|0|0|0|0|1|0|NA|NA|NA|NA|NA|0|0|0|0|NA|0
"361031476021"|0|1|1|0|0|0|0|1|1|0|0|0|0|1|0|NA|NA|NA|NA|NA|0|0|0|0|NA|0
"361031477011"|0|1|0|0|0|0|0|1|1|0|0|1|1|0|0|NA|NA|NA|NA|NA|0|0|0|0|NA|0
"361031580022"|0|1|1|0|1|1|0|1|1|1|0|0|0|0|1|6470|23710|10870|22210|12882|2193|377|2070|235402720|113721.120772947|0
"361031580023"|0|1|1|0|1|1|0|1|1|1|0|0|0|0|1|6470|23710|10870|22210|12882|2193|377|2070|235402720|113721.120772947|0
"361031580061"|0|1|1|0|1|1|0|1|1|1|0|0|0|0|1|6470|23710|10870|22210|12882|2193|377|2070|235402720|113721.120772947|0
"361031580062"|0|1|1|0|1|1|0|1|1|1|0|0|0|0|1|6470|23710|10870|22210|12882|2193|377|2070|235402720|113721.120772947|0
"361031580063"|0|1|1|0|1|1|0|1|1|1|0|0|0|0|1|6470|23710|10870|22210|12882|2193|377|2070|235402720|113721.120772947|0
"361031580064"|0|1|1|0|1|1|0|1|1|1|0|0|0|0|1|6470|23710|10870|22210|12882|2193|377|2070|235402720|113721.120772947|0
"361031580071"|0|1|1|0|1|1|0|1|1|1|0|0|0|0|1|6470|23710|10870|22210|12882|2193|377|2070|235402720|113721.120772947|0
"361031580073"|0|1|1|0|1|1|0|1|1|1|0|0|0|0|1|6470|23710|10870|22210|12882|2193|377|2070|235402720|113721.120772947|0
"361031580074"|0|1|1|0|1|1|0|1|1|1|0|0|0|0|1|6470|23710|10870|22210|12882|2193|377|2070|235402720|113721.120772947|0
"361031585073"|0|1|0|0|0|0|0|1|1|1|1|0|0|0|1|4770|9540|NA|NA|5980|767|209|582|55335260|95077.7663230241|0
"361031698001"|0|1|0|0|0|0|0|1|1|0|0|1|1|0|0|NA|NA|NA|NA|NA|0|0|0|0|NA|0
"361031698002"|0|1|0|0|0|0|0|1|1|0|0|1|1|0|0|NA|NA|NA|NA|NA|0|0|0|0|NA|0
"361031698003"|0|1|0|0|0|0|0|1|1|0|0|1|1|0|0|NA|NA|NA|NA|NA|0|0|0|0|NA|0
"361031904012"|0|1|1|0|0|0|0|1|1|1|0|0|1|0|0|34352|34352|28272|28272|NA|4|1|0|0|NA|0
"361031904013"|0|1|1|0|0|0|0|1|1|1|0|0|1|0|0|34352|34352|28272|28272|NA|4|1|0|0|NA|0
"361032011001"|0|1|1|0|0|0|0|1|1|1|0|0|1|0|0|34352|34352|28272|28272|NA|7|3|0|0|NA|0
"361059505003"|0|1|0|0|0|0|0|1|1|0|0|1|1|0|0|NA|NA|NA|NA|NA|0|0|0|0|NA|0
"361059506002"|0|1|0|0|0|0|0|1|1|0|0|1|1|0|0|NA|NA|NA|NA|NA|0|0|0|0|NA|0
"361059507005"|0|1|0|0|0|0|0|1|1|0|0|1|1|0|0|NA|NA|NA|NA|NA|0|0|0|0|NA|0
"361059508001"|0|1|0|0|0|0|0|1|1|1|1|0|0|1|0|4674|9348|NA|NA|9450|78|31|82|4366272|53247.2195121951|0
"361059509003"|0|1|1|0|0|0|0|1|1|1|0|0|1|0|0|11500|11500|4800|4800|3500|2|0|16|652332|40770.75|0
"361090001001"|0|1|0|0|0|0|0|1|1|0|0|1|1|0|0|NA|NA|NA|NA|NA|0|0|0|0|NA|0
"361090003001"|0|1|1|0|0|1|0|1|1|1|0|0|0|0|1|50712|50712|29500|29500|13900|8770|1783|3632|496681694|136751.567731278|0
"361090012001"|0|1|1|0|0|0|0|1|1|1|0|0|0|1|0|41776|41776|19776|19776|14990|754|271|1046|82535700|78906.0229445507|0
"361090020001"|0|1|0|0|0|0|0|1|1|1|1|0|0|1|0|4790|9880|NA|NA|10540|177|62|124|8764966|70685.2096774193|0
"361119513002"|0|1|0|0|0|0|0|1|1|0|0|1|1|0|0|NA|NA|NA|NA|NA|0|0|0|0|NA|0
"361119529005"|0|1|0|0|0|0|0|1|1|1|1|0|0|1|0|4330|8660|NA|NA|NA|110|33|128|7720854|60319.171875|0
"361119535001"|0|1|1|0|0|0|0|1|1|1|0|0|0|1|0|6470|16320|10870|22210|12000|666|177|744|51812388|69640.3064516129|0
"361119535002"|0|1|1|0|0|0|0|1|1|1|0|0|0|1|0|6470|16320|10870|22210|12000|666|177|744|51812388|69640.3064516129|0
"361119535003"|0|1|1|0|0|0|0|1|1|1|0|0|0|1|0|6470|16320|10870|22210|12000|666|177|744|51812388|69640.3064516129|0
"361130705001"|0|1|0|0|0|0|0|1|1|0|0|1|1|0|0|NA|NA|NA|NA|NA|0|0|0|0|NA|0
"361130706011"|0|1|0|0|0|0|0|1|1|1|1|0|0|1|0|4176|8352|NA|NA|10790|122|49|180|10734526|59636.2555555556|0
"361130750001"|0|1|0|0|0|0|0|1|1|0|0|1|1|0|0|8360|8360|NA|NA|6960|0|0|0|0|NA|0
"361150802001"|0|1|0|0|0|0|0|1|1|0|0|1|1|0|0|NA|NA|NA|NA|NA|0|0|0|0|NA|0
"361150803002"|0|1|0|0|0|0|0|1|1|0|0|1|1|0|0|NA|NA|NA|NA|NA|0|0|0|0|NA|0
"361150803003"|0|1|0|0|0|0|0|1|1|0|0|1|1|0|0|NA|NA|NA|NA|NA|0|0|0|0|NA|0
"361170210002"|0|1|0|0|0|0|0|1|1|0|0|1|1|0|0|NA|NA|NA|NA|NA|0|0|0|0|NA|0
"361170212004"|0|1|0|0|0|0|0|1|1|0|0|1|1|0|0|NA|NA|NA|NA|NA|0|0|0|0|NA|0
"361190007012"|0|1|0|0|0|0|0|1|1|1|1|0|1|0|0|11400|11400|NA|NA|NA|11|2|16|1650208|103138|0
"361190021061"|0|0|1|0|0|0|0|1|1|1|0|0|1|0|0|NA|NA|12000|12000|NA|22|7|12|913594|76132.8333333333|0
"361190021071"|0|0|1|0|0|0|0|1|1|1|0|0|1|0|0|NA|NA|12000|12000|NA|22|7|12|913594|76132.8333333333|0
"361190022042"|0|1|1|0|0|0|0|1|1|1|0|0|0|1|0|51196|51196|26496|26496|14440|230|44|210|19011824|90532.4952380952|0
"361190036001"|0|1|0|0|0|0|0|1|1|0|0|1|1|0|0|NA|NA|NA|NA|NA|0|0|0|0|NA|0
"361190047002"|0|1|1|0|0|0|0|1|1|1|0|0|0|1|0|29350|29350|16500|16500|11567|91|33|96|6941122|72303.3541666667|0
"361190048004"|0|1|1|0|0|0|0|1|1|1|0|0|0|1|0|29350|29350|16500|16500|11567|91|33|96|6941122|72303.3541666667|0
"361190057022"|0|1|1|0|0|0|0|1|1|1|0|0|0|1|0|33748|33748|16740|16740|13208|203|53|192|15341840|79905.4166666667|0
"361190065001"|0|1|1|0|0|0|0|1|1|1|0|0|0|1|0|34384|34384|19116|19116|14400|397|123|348|29460684|84657.1379310345|0
"361190084012"|0|1|0|0|0|0|0|1|1|0|0|1|1|0|0|NA|NA|NA|NA|NA|0|0|0|0|NA|0
"361190086023"|0|1|1|0|0|0|0|1|1|1|0|0|0|1|0|35570|35570|16470|16470|14520|202|76|226|18174552|80418.3716814159|0
"361190086024"|0|1|2|0|0|0|0|2|2|2|0|0|1|1|0|NA|NA|39142|50482|NA|479|124|348|25158598|NA|0
"361190087003"|0|1|0|0|0|0|0|1|1|0|0|1|1|0|0|NA|NA|NA|NA|NA|0|0|0|0|NA|0
"361190090001"|0|2|0|0|0|0|0|2|2|1|0|1|1|1|0|NA|NA|NA|NA|NA|82|37|66|4082560|NA|0
"361190091003"|0|2|0|0|0|0|0|2|2|1|0|1|1|1|0|NA|NA|NA|NA|NA|82|37|66|4082560|NA|0
"361190097022"|0|1|0|0|0|0|0|1|1|0|0|1|1|0|0|NA|NA|NA|NA|NA|0|0|0|0|NA|0
"361190097023"|0|1|0|0|0|0|0|1|1|0|0|1|1|0|0|NA|NA|NA|NA|NA|0|0|0|0|NA|0
"361190104002"|0|1|1|0|0|0|0|1|1|1|0|0|0|0|1|17772|17772|15156|15156|13500|406|69|420|35094436|83558.1809523809|0
"361190109011"|0|1|0|0|0|0|0|1|1|1|1|0|0|0|1|4280|11770|NA|NA|NA|360|126|342|33224490|97147.6315789474|0
"361190110002"|0|0|1|0|0|1|0|1|1|1|0|0|0|1|0|NA|NA|26668|26668|NA|220|65|80|8877750|110971.875|0
"361190111011"|0|1|0|0|0|0|0|1|1|0|0|1|1|0|0|NA|NA|NA|NA|NA|0|0|0|0|NA|0
"361190111012"|0|1|0|0|0|0|0|1|1|0|0|1|1|0|0|NA|NA|NA|NA|NA|0|0|0|0|NA|0
"361190112004"|0|1|0|0|0|0|0|1|1|0|0|1|1|0|0|NA|NA|NA|NA|NA|0|0|0|0|NA|0
"361190113003"|0|1|1|0|0|0|0|1|1|1|0|0|0|0|1|17772|17772|15156|15156|13500|406|69|420|35094436|83558.1809523809|0
"361190119023"|0|1|0|0|0|0|0|1|1|1|1|0|0|0|1|4280|11770|NA|NA|NA|360|126|342|33224490|97147.6315789474|0
"361190120001"|0|0|1|0|0|1|0|1|1|1|0|0|0|1|0|NA|NA|26668|26668|NA|220|65|80|8877750|110971.875|0
"361190128022"|0|1|0|0|0|0|0|1|1|0|0|1|1|0|0|NA|NA|NA|NA|NA|0|0|0|0|NA|0
"361190128023"|0|1|0|0|0|0|0|1|1|0|0|1|1|0|0|NA|NA|NA|NA|NA|0|0|0|0|NA|0
"361190129001"|0|1|1|0|0|0|0|1|1|1|0|0|1|0|0|8400|8400|300|300|4300|11|3|38|927314|24403|0
"361190130001"|0|1|0|0|0|0|0|1|1|0|0|1|1|0|0|NA|NA|NA|NA|NA|0|0|0|0|NA|0
"361190130004"|0|1|1|0|0|0|0|1|1|1|0|0|1|0|0|8400|8400|300|300|4300|11|3|38|927314|24403|0
"361190131041"|0|1|0|0|0|0|0|1|1|1|0|0|1|0|0|9600|9600|NA|NA|2800|4|0|14|218526|15609|0
"361190131043"|0|1|0|0|0|0|0|1|1|1|0|0|1|0|0|9600|9600|NA|NA|2800|4|0|14|218526|15609|0
"361190141002"|0|1|0|0|0|0|0|1|1|1|0|0|1|0|0|10400|10400|NA|NA|5600|9|1|8|359478|44934.75|0
"361190143001"|0|1|0|0|0|0|0|1|1|0|0|1|1|0|0|NA|NA|NA|NA|NA|0|0|0|0|NA|0
"361190146061"|0|1|0|0|0|0|0|1|1|1|0|0|1|0|0|10400|10400|NA|NA|5600|9|1|8|359478|44934.75|0
"361190148051"|0|1|0|0|0|0|0|1|1|1|0|0|1|0|0|9600|9600|NA|NA|2800|4|0|14|218526|15609|0
"361190148052"|0|1|0|0|0|0|0|1|1|1|0|0|1|0|0|9600|9600|NA|NA|2800|4|0|14|218526|15609|0
"361190148091"|0|1|0|0|0|0|0|1|1|0|0|1|1|0|0|NA|NA|NA|NA|NA|0|0|0|0|NA|0
"361190149014"|0|1|0|0|0|0|0|1|1|0|0|1|1|0|0|NA|NA|NA|NA|NA|0|0|0|0|NA|0
"361199810001"|0|0|1|0|0|1|0|1|1|1|0|0|0|1|0|NA|NA|26668|26668|NA|220|65|80|8877750|110971.875|0
"361199850001"|0|1|2|0|0|0|0|2|2|2|0|0|1|1|0|NA|NA|39142|50482|NA|479|124|348|25158598|NA|0
"361231504003"|0|1|1|0|0|0|0|1|1|1|0|0|0|1|0|28501|28501|27087|27087|11190|175|81|176|12106100|68784.6590909091|0
"370010212013"|0|1|0|0|0|0|0|1|1|1|1|0|0|1|0|2280|8040|NA|NA|NA|116|47|228|12770960|56012.9824561404|0
"370010212071"|0|1|0|0|0|0|0|1|1|0|0|1|1|0|0|NA|NA|NA|NA|NA|0|0|0|0|NA|0
"370010216004"|0|1|1|0|0|0|0|1|1|1|0|0|0|1|0|32685|32685|12654|12654|11495|857|278|850|70355688|82771.3976470588|0
"370079203002"|0|1|0|0|0|0|0|1|1|1|1|0|0|1|0|1728|6336|NA|NA|NA|124|37|190|9207528|48460.6736842105|0
"370079204001"|0|1|0|0|0|0|0|1|1|0|0|1|1|0|0|NA|NA|NA|NA|NA|0|0|0|0|NA|0
"370079204003"|0|1|0|0|0|0|0|1|1|0|0|1|1|0|0|NA|NA|NA|NA|NA|0|0|0|0|NA|0
"370119301002"|0|1|0|0|0|0|0|1|1|1|0|0|1|0|0|24878|24878|NA|NA|10392|113|45|108|4913860|45498.7037037037|0
"370119301003"|0|1|0|0|0|0|0|1|1|1|0|0|1|0|0|24878|24878|NA|NA|10392|113|45|108|4913860|45498.7037037037|0
"370119304001"|0|1|0|0|0|0|0|1|1|1|1|0|0|1|0|2304|8448|NA|NA|NA|66|25|82|4651512|56725.756097561|0
"370139305021"|0|1|0|0|0|0|0|1|1|1|1|0|0|1|0|2432|8576|NA|NA|NA|97|28|102|4851242|47561.1960784314|0
"370179503002"|0|1|0|0|0|0|0|1|1|1|1|0|0|1|0|2128|7504|NA|NA|NA|61|25|86|5148866|59870.5348837209|0
"370179503003"|0|1|0|0|0|0|0|1|1|1|1|0|0|1|0|2128|7504|NA|NA|NA|61|25|86|5148866|59870.5348837209|0
"370190206024"|0|1|0|0|0|0|0|1|1|1|1|0|0|1|0|2432|8576|NA|NA|NA|106|33|86|4636530|53913.1395348837|0
"370190206031"|0|1|0|0|0|0|0|1|1|1|1|0|0|1|0|2432|8576|NA|NA|NA|106|33|86|4636530|53913.1395348837|0
"370210001001"|0|1|0|0|0|0|0|1|1|0|0|1|1|0|0|NA|NA|NA|NA|NA|0|0|0|0|NA|0
"370210003001"|0|0|1|0|0|0|0|1|1|1|0|0|1|0|0|NA|NA|17750|17750|NA|10|5|0|0|NA|0
"370210004001"|0|1|2|0|0|0|0|2|2|2|0|0|1|1|0|NA|NA|22568|38570|NA|492|176|448|34108802|NA|0
"370210008001"|0|1|0|0|0|0|0|1|1|0|0|1|1|0|0|NA|NA|NA|NA|NA|0|0|0|0|NA|0
"370210009003"|0|1|0|0|0|0|0|1|1|1|1|0|0|1|0|2432|8576|NA|NA|NA|257|81|346|18751392|54194.774566474|0
"370210014003"|0|0|1|0|0|0|0|1|1|1|0|0|1|0|0|NA|NA|17750|17750|NA|10|5|0|0|NA|0
"370210020003"|0|1|0|0|0|0|0|1|0|0|0|0|1|0|0|NA|NA|NA|NA|NA|0|0|0|0|NA|0
"370210021011"|0|1|0|0|0|0|0|1|1|1|1|0|0|1|0|2432|8576|NA|NA|NA|257|81|346|18751392|54194.774566474|0
"370210030012"|0|1|1|0|0|0|0|1|1|1|0|0|1|0|0|33260|33260|17350|17350|10250|129|32|122|7317368|59978.4262295082|0
"370210030021"|0|1|1|0|0|0|0|1|1|1|0|0|1|0|0|33260|33260|17350|17350|10250|129|32|122|7317368|59978.4262295082|0
"370210030025"|0|1|1|0|0|0|0|1|1|1|0|0|1|0|0|33260|33260|17350|17350|10250|129|32|122|7317368|59978.4262295082|0
"370210031022"|0|1|1|0|0|0|0|1|1|1|0|0|1|0|0|24740|24740|13770|13770|8634|88|31|78|3862522|49519.5128205128|0
"370210031024"|0|1|1|0|0|0|0|1|1|1|0|0|1|0|0|24740|24740|13770|13770|8634|88|31|78|3862522|49519.5128205128|0
"370210031041"|0|1|1|0|0|0|0|1|1|1|0|0|1|0|0|33260|33260|17350|17350|10250|129|32|122|7317368|59978.4262295082|0
"370230214004"|0|1|0|0|0|0|0|1|1|1|1|0|0|1|0|2432|8576|NA|NA|NA|94|32|136|6837282|50274.1323529412|0
"370250424011"|0|1|1|0|0|0|0|1|1|1|0|0|1|0|0|11948|11948|24795|24795|NA|22|7|64|4855596|75868.6875|0
"370250424012"|0|1|1|0|0|0|0|1|1|1|0|0|1|0|0|11948|11948|24795|24795|NA|22|7|64|4855596|75868.6875|0
"370250426021"|0|1|0|0|0|0|0|1|1|0|0|1|1|0|0|NA|NA|NA|NA|NA|0|0|0|0|NA|0
"370250426023"|0|1|0|0|0|0|0|1|1|0|0|1|1|0|0|NA|NA|NA|NA|NA|0|0|0|0|NA|0
"370270306001"|0|1|0|0|0|0|0|1|1|1|1|0|0|1|0|2432|8576|NA|NA|NA|206|74|190|9185390|48344.1578947368|0
"370319704031"|0|1|0|0|0|0|0|1|1|1|1|0|0|1|0|2736|9648|NA|NA|NA|93|42|116|6183226|53303.6724137931|0
"370350102023"|0|1|0|0|0|0|0|1|1|1|1|0|0|1|0|2128|7504|NA|NA|NA|183|79|282|14254628|50548.3262411348|0
"370350104022"|0|1|1|0|0|0|0|1|1|1|0|0|0|1|0|33730|33730|9900|9900|11600|150|77|256|17039494|66560.5234375|0
"370350110001"|0|1|1|0|0|0|0|1|1|1|0|0|0|1|0|33730|33730|9900|9900|11600|150|77|256|17039494|66560.5234375|0
"370350117011"|0|1|0|0|0|0|0|1|1|1|1|0|0|1|0|2128|7504|NA|NA|NA|183|79|282|14254628|50548.3262411348|0
"370370202003"|0|1|0|0|0|0|0|1|1|0|0|1|1|0|0|NA|NA|NA|NA|NA|0|0|0|0|NA|0
"370399304002"|0|1|0|0|0|0|0|1|1|1|1|0|0|1|0|2304|8448|NA|NA|NA|60|18|74|3514334|47491|0
"370459507003"|0|1|0|0|0|0|0|1|1|1|1|0|0|1|0|2432|8576|NA|NA|NA|84|31|148|9067784|61268.8108108108|0
"370459515013"|0|1|1|0|0|0|0|1|1|1|0|0|0|1|0|29420|29420|7722|7722|9780|358|192|338|21853576|64655.550295858|0
"370479307003"|0|1|0|0|0|0|0|1|1|1|1|0|0|1|0|2432|8576|NA|NA|NA|104|31|124|6516444|52551.9677419355|0
"370499604011"|0|1|0|0|0|0|0|1|1|1|1|0|0|1|0|1824|6432|NA|NA|NA|137|50|130|6543720|50336.3076923077|0
"370499605003"|0|1|0|0|0|0|0|1|1|1|1|0|0|1|0|1824|6432|NA|NA|NA|137|50|130|6543720|50336.3076923077|0
"370510007013"|0|1|0|0|0|0|0|1|1|1|0|0|1|0|0|5040|5040|NA|NA|NA|5|0|8|226000|28250|0
"370510011003"|0|1|1|1|0|0|0|1|1|1|0|0|0|1|0|2923|14531|3371|14219|8070|532|195|512|40928180|79937.8515625|0
"370510020011"|0|1|0|0|0|0|0|1|1|0|0|1|1|0|0|NA|NA|NA|NA|NA|0|0|0|0|NA|0
"370510020024"|0|1|1|0|0|0|0|1|1|1|0|0|1|0|0|4080|4080|5040|5040|NA|6|0|2|51500|25750|0
"370510021003"|0|1|0|0|0|0|0|1|1|1|1|0|0|0|1|2432|8576|NA|NA|NA|438|153|604|35995014|59594.3940397351|0
"370510025013"|0|1|0|0|0|0|0|1|1|1|1|0|1|0|0|9792|9792|NA|NA|NA|27|7|48|2196802|45766.7083333333|0
"370510025022"|0|1|1|0|0|0|0|1|1|1|0|0|0|1|0|31634|31634|34285|34285|11882|290|107|332|22842458|68802.5843373494|0
"370570605001"|0|1|0|0|0|0|0|1|1|1|1|0|0|1|0|2081|7129|NA|NA|NA|193|81|198|9693018|48954.6363636364|0
"370610904002"|0|1|0|0|0|0|0|1|1|1|1|0|0|1|0|2432|8576|NA|NA|NA|84|26|82|4006446|48859.0975609756|0
"370630003011"|0|1|0|0|0|0|0|1|0|0|0|0|1|0|0|NA|NA|NA|NA|NA|0|0|0|0|NA|0
"370630004011"|0|1|0|0|0|0|0|1|0|0|0|0|1|0|0|NA|NA|NA|NA|NA|0|0|0|0|NA|0
"370630004012"|0|1|0|0|0|0|0|1|0|0|0|0|1|0|0|NA|NA|NA|NA|NA|0|0|0|0|NA|0
"370630005001"|0|1|1|0|1|1|0|1|1|1|0|0|0|0|1|49575|49575|49500|49500|14438|7538|1652|2762|381578724|138153.049963794|0
"370630007001"|0|1|0|0|0|0|0|1|1|1|0|0|1|0|0|17028|17028|NA|NA|9258|35|5|14|763766|54554.7142857143|0
"370630011001"|0|1|0|0|0|0|0|1|1|0|0|1|1|0|0|NA|NA|NA|NA|NA|0|0|0|0|NA|0
"370630013031"|0|1|1|1|0|0|0|1|1|1|0|0|0|1|0|3655|16113|4647|17347|9636|809|278|772|59012140|76440.5958549223|0
"370630014002"|0|1|0|0|0|0|0|1|1|1|1|0|0|1|0|2066|7361|NA|NA|NA|229|65|242|13398396|55365.2727272727|0
"370630015011"|0|1|1|0|1|1|0|1|1|1|0|0|0|0|1|49575|49575|49500|49500|14438|7538|1652|2762|381578724|138153.049963794|0
"370630017052"|0|1|0|0|0|0|0|1|1|0|0|1|1|0|0|14500|14500|NA|NA|NA|0|0|0|0|NA|0
"370630020173"|0|1|0|0|0|0|0|1|1|0|0|1|1|0|0|NA|NA|NA|NA|NA|0|0|0|0|NA|0
"370630020272"|0|1|0|0|0|0|0|1|0|0|0|0|1|0|0|NA|NA|NA|NA|NA|0|0|0|0|NA|0
"370630020281"|0|2|1|0|0|0|0|2|2|1|0|0|2|0|0|NA|NA|NA|NA|NA|10|0|30|1060000|NA|0
"370630020282"|0|2|1|0|0|0|0|2|2|1|0|0|2|0|0|NA|NA|NA|NA|NA|10|0|30|1060000|NA|0
"370639801001"|0|3|1|0|0|0|0|3|2|1|0|0|3|0|0|NA|NA|NA|NA|NA|10|0|30|1060000|NA|0
"370650213003"|0|1|0|0|0|0|0|1|1|1|1|0|0|1|0|2432|8576|NA|NA|NA|109|35|116|5431500|46823.275862069|0
"370670007001"|0|1|1|1|0|0|0|1|1|1|0|0|0|1|0|3335|13446|3796|13713|9593|553|185|604|47765140|79081.357615894|0
"370670007002"|0|1|1|1|0|0|0|1|1|1|0|0|0|1|0|3335|13446|3796|13713|9593|553|185|604|47765140|79081.357615894|0
"370670008011"|0|1|1|1|0|0|0|1|1|1|0|0|0|1|0|3335|13446|3796|13713|9593|553|185|604|47765140|79081.357615894|0
"370670008012"|0|1|1|1|0|0|0|1|1|1|0|0|0|1|0|3335|13446|3796|13713|9593|553|185|604|47765140|79081.357615894|0
"370670008022"|0|2|2|1|0|0|0|2|2|2|0|0|0|2|0|9705|35286|11792|35116|18372|864|275|888|66762422|145973.195644063|0
"370670009001"|0|1|0|0|0|0|0|1|1|0|0|1|1|0|0|NA|NA|NA|NA|NA|0|0|0|0|NA|0
"370670009004"|0|3|3|0|0|0|0|3|2|2|0|0|2|1|0|NA|NA|NA|NA|NA|160|37|160|8062666|NA|0
"370670010003"|0|1|0|0|0|0|0|1|1|0|0|1|1|0|0|NA|NA|NA|NA|NA|0|0|0|0|NA|0
"370670013002"|0|1|1|0|0|1|0|1|1|1|0|0|0|1|0|48746|48746|37520|37520|13404|1668|421|1162|121073676|104194.213425129|0
"370670014001"|0|1|1|0|0|0|0|1|1|1|0|0|1|0|0|3500|3500|3750|3750|NA|3|2|0|0|NA|0
"370670019022"|0|2|0|0|0|0|0|2|2|1|1|1|1|1|0|NA|NA|NA|NA|NA|296|131|484|27477328|NA|0
"370670027033"|0|1|0|0|0|0|0|1|1|0|0|1|1|0|0|NA|NA|NA|NA|NA|0|0|0|0|NA|0
"370670027034"|0|1|0|0|0|0|0|1|1|0|0|1|1|0|0|NA|NA|NA|NA|NA|0|0|0|0|NA|0
"370670037011"|0|1|0|0|0|0|0|1|1|1|1|0|0|1|0|1906|6688|NA|NA|NA|296|131|484|27477328|56771.3388429752|0
"370670038041"|0|1|0|0|0|0|0|1|0|0|0|0|1|0|0|NA|NA|NA|NA|NA|0|0|0|0|NA|0
"370690603011"|0|1|0|0|0|0|0|1|1|1|1|0|1|0|0|15388|15388|NA|NA|10709|82|44|74|3110050|42027.7027027027|0
"370710304022"|0|1|0|0|0|0|0|1|1|1|1|0|0|1|0|2290|8436|NA|NA|NA|259|64|314|17446476|55562.025477707|0
"370710304023"|0|1|0|0|0|0|0|1|1|1|1|0|0|1|0|2290|8436|NA|NA|NA|259|64|314|17446476|55562.025477707|0
"370710312022"|0|1|0|0|0|0|0|1|1|1|0|0|0|1|0|18500|18500|NA|NA|10354|121|61|148|7223124|48804.8918918919|0
"370710328001"|0|1|0|0|0|0|0|1|1|0|0|1|1|0|0|NA|NA|NA|NA|NA|0|0|0|0|NA|0
"370810101001"|0|1|0|0|0|0|0|1|1|0|0|1|1|0|0|NA|NA|NA|NA|NA|0|0|0|0|NA|0
"370810107021"|0|2|2|0|0|0|0|2|2|2|0|0|0|1|1|31685|46547|9917|23366|20334|1735|392|1672|128043996|130884.716235553|0
"370810107023"|0|2|2|0|0|0|0|2|2|2|0|0|0|1|1|31685|46547|9917|23366|20334|1735|392|1672|128043996|130884.716235553|0
"370810110002"|0|1|1|1|0|0|0|1|1|1|0|0|0|0|1|3470|16230|4545|16950|7153|1135|448|910|74884090|82290.2087912088|0
"370810110003"|0|1|1|1|0|0|0|1|1|1|0|0|0|0|1|3470|16230|4545|16950|7153|1135|448|910|74884090|82290.2087912088|0
"370810112001"|0|1|0|1|0|0|0|1|1|1|0|0|1|0|0|15964|15964|NA|NA|8114|93|40|68|3171818|46644.3823529412|0
"370810116011"|0|1|0|0|0|0|0|1|1|0|0|1|1|0|0|NA|NA|NA|NA|NA|0|0|0|0|NA|0
"370810136011"|0|1|1|0|0|0|0|1|1|1|0|0|0|1|0|29450|29450|13066|13066|12572|457|155|602|41421628|68806.6910299003|0
"370810136012"|0|1|1|0|0|0|0|1|1|1|0|0|0|1|0|29450|29450|13066|13066|12572|457|155|602|41421628|68806.6910299003|0
"370810136021"|0|1|0|0|0|0|0|1|1|0|0|1|1|0|0|NA|NA|NA|NA|NA|0|0|0|0|NA|0
"370810140001"|0|1|0|0|0|0|0|1|0|0|0|0|1|0|0|NA|NA|NA|NA|NA|0|0|0|0|NA|0
"370810144101"|0|1|1|0|0|0|0|1|1|1|0|0|1|0|0|10500|10500|7560|7560|9280|10|3|6|310800|51800|0
"370810144102"|0|1|1|0|0|0|0|1|1|1|0|0|1|0|0|10500|10500|7560|7560|9280|10|3|6|310800|51800|0
"370810144111"|0|1|0|0|0|0|0|1|1|0|0|1|1|0|0|NA|NA|NA|NA|NA|0|0|0|0|NA|0
"370810161012"|0|1|0|0|0|0|0|1|1|1|0|0|0|1|0|33710|33710|NA|NA|10222|202|57|212|11601572|54724.3962264151|0
"370810162051"|0|1|1|0|0|0|0|1|1|1|0|0|1|0|0|17297|17297|18773|18773|NA|30|3|24|1688252|70343.8333333333|0
"370810164061"|0|1|0|0|0|0|0|1|1|0|0|0|1|0|0|NA|NA|NA|NA|NA|0|0|0|0|NA|0
"370810165022"|0|1|0|0|0|0|0|1|1|1|1|0|0|0|1|2128|6968|NA|NA|NA|384|130|580|33648838|58015.2379310345|0
"370810165023"|0|1|0|0|0|0|0|1|1|1|1|0|0|0|1|2128|6968|NA|NA|NA|384|130|580|33648838|58015.2379310345|0
"370810165031"|0|1|0|0|0|0|0|1|1|0|0|1|1|0|0|NA|NA|NA|NA|NA|0|0|0|0|NA|0
"370810167012"|0|1|0|0|0|0|0|1|1|1|1|0|1|0|0|14382|14382|NA|NA|NA|30|11|24|1065144|44381|0
"370839301001"|0|1|0|0|0|0|0|1|1|1|1|0|0|1|0|2432|8576|NA|NA|NA|73|33|122|5986032|49065.8360655738|0
"370850701001"|0|1|0|0|0|0|0|1|1|1|0|0|1|0|0|8400|8400|NA|NA|NA|6|1|10|239780|23978|0
"370850708022"|0|1|1|0|0|0|0|1|1|1|0|0|0|1|0|28800|28800|11326|11326|10760|551|236|448|40247784|89838.8035714286|0
"370879205002"|0|1|0|0|0|0|0|1|1|1|1|0|0|1|0|2432|8576|NA|NA|NA|103|26|110|5537656|50342.3272727273|0
"370899310003"|0|1|0|0|0|0|0|1|1|1|1|0|0|1|0|2432|8576|NA|NA|NA|122|38|142|7945704|55955.661971831|0
"370919501003"|0|1|1|0|0|0|0|1|1|1|0|0|0|1|0|23930|23930|NA|NA|8950|156|85|138|8875200|64313.0434782609|0
"370919503001"|0|1|0|0|0|0|0|1|1|1|1|0|1|0|0|2432|8576|NA|NA|NA|48|10|44|2276520|51739.0909090909|0
"370970605003"|0|1|0|0|0|0|0|1|1|1|1|0|0|1|0|2432|8576|NA|NA|NA|126|48|166|8702228|52423.0602409639|0
"370970613041"|0|2|0|0|0|0|0|2|2|0|0|2|1|1|0|NA|NA|NA|NA|NA|0|0|0|0|NA|0
"370970613042"|0|1|0|0|0|0|0|1|1|0|0|1|1|0|0|NA|NA|NA|NA|NA|0|0|0|0|NA|0
"370970614072"|0|1|0|0|0|0|0|1|1|1|0|0|0|1|0|47897|47897|NA|NA|13547|557|197|370|39359704|106377.578378378|0
"370999504002"|0|1|0|0|0|0|0|1|1|1|1|0|0|1|0|2128|7504|NA|NA|NA|126|46|172|8368880|48656.2790697674|0
"370999506002"|0|1|1|0|0|0|0|1|1|1|0|0|0|0|1|3893|14286|4348|14755|9516|1001|317|946|68480762|72389.8118393235|0
"371010404001"|0|1|0|0|0|0|0|1|1|1|1|0|0|1|0|2432|8576|NA|NA|NA|183|52|214|12655022|59135.6168224299|0
"371010406001"|0|1|0|0|0|0|0|1|1|1|1|0|0|1|0|2432|8576|NA|NA|NA|183|52|214|12655022|59135.6168224299|0
"371010406002"|0|1|0|0|0|0|0|1|1|1|1|0|0|1|0|2432|8576|NA|NA|NA|183|52|214|12655022|59135.6168224299|0
"371010407002"|0|1|0|0|0|0|0|1|1|1|1|0|0|1|0|2432|8576|NA|NA|NA|183|52|214|12655022|59135.6168224299|0
"371050304011"|0|1|0|0|0|0|0|1|1|1|1|0|0|1|0|2432|8576|NA|NA|NA|235|108|304|15955704|52485.8684210526|0
"371070114002"|0|1|0|0|0|0|0|1|1|1|1|0|0|1|0|2432|8576|NA|NA|NA|134|53|214|9496062|44374.1214953271|0
"371119709011"|0|1|0|0|0|0|0|1|1|1|1|0|0|1|0|1824|6432|NA|NA|NA|42|0|94|4151350|44163.2978723404|0
"371150106003"|0|1|1|0|0|0|0|1|1|1|0|0|0|1|0|27176|27176|7434|7434|9282|188|82|192|10013774|52155.0729166667|0
"371179702002"|0|1|0|0|0|0|0|1|1|1|1|0|1|0|0|1824|6432|NA|NA|NA|53|16|48|2069980|43124.5833333333|0
"371190001005"|0|0|1|0|0|0|0|1|1|1|0|0|1|0|0|NA|NA|NA|NA|NA|49|12|74|6797194|91853.972972973|0
"371190005003"|0|1|0|0|0|0|0|1|1|1|0|0|0|1|0|30396|30396|NA|NA|13242|119|33|172|13879290|80693.5465116279|0
"371190014002"|0|1|1|0|0|0|0|1|1|1|0|0|1|0|0|9360|9360|7350|7350|NA|8|1|16|259656|16228.5|0
"371190019141"|0|1|0|0|0|0|0|1|1|1|1|0|1|0|0|NA|NA|NA|NA|NA|21|9|4|202030|50507.5|0
"371190025001"|0|1|0|0|0|0|0|1|1|1|1|0|1|0|0|14320|14320|NA|NA|8940|20|7|14|902080|64434.2857142857|0
"371190025002"|0|1|0|0|0|0|0|1|1|1|1|0|0|0|1|2432|8576|NA|NA|NA|814|267|780|46174782|59198.4384615385|0
"371190027021"|0|1|1|0|0|0|0|1|1|1|0|0|0|1|0|31360|31360|11194|11194|11486|234|79|260|17397116|66911.9846153846|0
"371190035001"|0|2|0|0|0|0|0|2|2|1|1|1|2|0|0|NA|NA|NA|NA|NA|27|10|50|3987082|NA|0
"371190038051"|0|2|0|0|0|0|0|2|2|1|0|0|2|0|0|NA|NA|NA|NA|NA|38|3|30|1701398|NA|0
"371190038071"|0|1|0|0|0|0|0|1|1|0|0|1|1|0|0|NA|NA|NA|NA|NA|0|0|0|0|NA|0
"371190040001"|0|1|0|0|0|0|0|1|1|0|0|1|1|0|0|NA|NA|NA|NA|NA|0|0|0|0|NA|0
"371190047001"|0|1|1|1|0|0|0|1|1|1|0|0|0|1|0|15466|15466|17286|17286|7100|186|62|186|10461416|56244.1720430108|0
"371190053062"|0|1|0|0|0|0|0|1|1|0|0|1|1|0|0|NA|NA|NA|NA|NA|0|0|0|0|NA|0
"371190055231"|0|1|0|0|0|0|0|1|1|0|0|0|1|0|0|NA|NA|NA|NA|NA|0|0|0|0|NA|0
"371190056042"|0|1|1|0|0|0|0|1|1|1|0|0|0|0|1|3737|16908|4252|17423|11940|2335|754|2164|183381138|84741.7458410351|0
"371190058122"|0|1|0|0|0|0|0|1|0|0|0|0|1|0|0|NA|NA|NA|NA|NA|0|0|0|0|NA|0
"371190058292"|0|1|0|0|0|0|0|1|1|0|0|1|1|0|0|NA|NA|NA|NA|NA|0|0|0|0|NA|0
"371190059133"|0|1|1|0|0|0|0|1|1|1|0|0|1|0|0|12482|12482|17760|17760|NA|12|3|0|0|NA|0
"371190059151"|0|3|1|0|0|0|0|3|2|2|0|0|3|0|0|NA|NA|NA|NA|NA|35|4|10|774364|NA|0
"371190060051"|0|1|0|0|0|0|0|1|1|0|0|1|1|0|0|NA|NA|NA|NA|NA|0|0|0|0|NA|0
"371190064032"|0|1|0|0|0|0|0|1|1|1|0|0|0|1|0|47897|47897|NA|NA|13547|557|197|370|39359704|106377.578378378|0
"371239602002"|0|1|0|0|0|0|0|1|1|1|1|0|1|0|0|2432|8576|NA|NA|NA|49|20|68|3432440|50477.0588235294|0
"371239602003"|0|1|0|0|0|0|0|1|1|1|1|0|1|0|0|2432|8576|NA|NA|NA|49|20|68|3432440|50477.0588235294|0
"371259508022"|0|1|0|0|0|0|0|1|1|1|1|0|0|1|0|2432|8576|NA|NA|NA|141|34|234|13306682|56866.1623931624|0
"371270106023"|0|1|0|0|0|0|0|1|1|1|0|0|0|1|0|29000|29000|NA|NA|9850|154|45|110|5894138|53583.0727272727|0
"371270111012"|0|1|0|0|0|0|0|1|1|1|1|0|0|1|0|2432|8576|NA|NA|NA|128|37|214|12309190|57519.5794392523|0
"371290105012"|0|1|0|0|0|0|0|1|1|1|0|0|0|1|0|9720|9720|NA|NA|NA|124|17|26|1203086|46272.5384615385|0
"371290106003"|0|1|0|0|0|0|0|1|1|0|0|1|1|0|0|NA|NA|NA|NA|NA|0|0|0|0|NA|0
"371290113001"|0|1|0|0|0|0|0|1|1|1|1|0|0|1|0|2432|8576|NA|NA|NA|313|106|594|33300848|56062.0336700337|0
"371290119034"|0|1|1|0|0|0|0|1|1|1|0|0|0|0|1|4356|18325|4448|16667|10060|1242|473|1236|95154788|76986.074433657|0
"371330021001"|0|1|0|0|0|0|0|1|1|1|1|0|0|1|0|2432|8576|NA|NA|NA|155|75|290|14204946|48982.5724137931|0
"371330026003"|0|1|0|0|0|0|0|1|1|1|1|0|1|0|0|9360|9360|NA|NA|NA|22|5|30|1214162|40472.0666666667|0
"371350111011"|0|1|0|0|0|0|0|1|1|0|0|1|1|0|0|NA|NA|NA|NA|NA|0|0|0|0|NA|0
"371350115001"|0|1|1|0|0|0|0|1|1|0|0|0|0|0|0|NA|NA|NA|NA|NA|391|154|0|0|NA|0
"371350116011"|0|1|1|0|0|1|0|1|1|1|0|0|0|0|1|6881|31963|9643|26854|11218|9666|2183|3338|401301682|120222.193529059|0
"371350116012"|0|1|1|0|0|1|0|1|1|1|0|0|0|0|1|6881|31963|9643|26854|11218|9666|2183|3338|401301682|120222.193529059|0
"371350116021"|0|1|1|0|0|0|0|1|1|0|0|0|0|0|0|NA|NA|NA|NA|NA|391|154|0|0|NA|0
"371350121003"|0|1|0|0|0|0|0|1|1|0|0|1|1|0|0|NA|NA|NA|NA|NA|0|0|0|0|NA|0
"371350121004"|0|1|0|0|0|0|0|1|1|0|0|1|1|0|0|NA|NA|NA|NA|NA|0|0|0|0|NA|0
"371379502011"|0|1|0|0|0|0|0|1|1|1|1|0|1|0|0|1824|6432|NA|NA|NA|42|9|56|2887652|51565.2142857143|0
"371399601001"|0|1|0|0|0|0|0|1|1|1|0|0|1|0|0|13600|13600|NA|NA|8400|23|4|20|1098444|54922.2|0
"371399602004"|0|1|1|1|0|0|0|1|1|1|0|0|0|1|0|2800|15771|3375|16437|7479|273|59|202|14009594|69354.4257425743|0
"371399605012"|0|1|0|0|0|0|0|1|1|1|1|0|0|1|0|2080|6705|NA|NA|NA|104|36|132|7041870|53347.5|0
"371459203003"|0|1|0|0|0|0|0|1|1|1|1|0|0|1|0|2432|8576|NA|NA|NA|105|39|136|6259786|46027.8382352941|0
"371459203005"|0|1|0|0|0|0|0|1|1|1|1|0|0|1|0|2432|8576|NA|NA|NA|105|39|136|6259786|46027.8382352941|0
"371470001005"|0|1|0|0|0|0|0|1|1|0|0|1|1|0|0|NA|NA|NA|NA|NA|0|0|0|0|NA|0
"371470004001"|0|1|1|0|0|1|0|1|1|1|0|0|0|0|1|4365|20323|4656|17547|9241|3714|1499|2448|204201988|83415.8447712418|0
"371470006012"|0|1|0|0|0|0|0|1|1|1|1|0|1|0|0|9828|9828|NA|NA|NA|20|5|16|804180|50261.25|0
"371470007012"|0|1|0|0|0|0|0|1|1|0|0|1|1|0|0|NA|NA|NA|NA|NA|0|0|0|0|NA|0
"371470007023"|0|1|0|0|0|0|0|1|1|0|0|1|1|0|0|NA|NA|NA|NA|NA|0|0|0|0|NA|0
"371470013011"|0|1|0|0|0|0|0|1|1|1|1|0|0|1|0|1824|6432|NA|NA|NA|286|128|388|23401496|60313.1340206186|0
"371510301002"|0|1|0|0|0|0|0|1|1|1|1|0|0|1|0|1824|6432|NA|NA|NA|129|51|178|9521856|53493.5730337079|0
"371539710002"|0|1|0|0|0|0|0|1|1|1|1|0|0|1|0|2432|8576|NA|NA|NA|111|29|184|10591762|57563.9239130435|0
"371559605021"|0|1|1|0|0|0|0|1|1|1|0|0|0|1|0|3531|14475|3639|13896|8924|571|205|568|37721338|66410.8063380282|0
"371559607013"|0|1|0|0|0|0|0|1|1|1|1|0|0|1|0|2432|8576|NA|NA|NA|82|44|154|9540880|61953.7662337662|0
"371570410021"|0|1|0|0|0|0|0|1|1|1|1|0|0|1|0|1824|6432|NA|NA|NA|96|28|128|6647328|51932.25|0
"371570416012"|0|1|0|0|0|0|0|1|1|1|1|0|0|1|0|1824|6432|NA|NA|NA|96|28|128|6647328|51932.25|0
"371590502023"|0|1|1|0|0|0|0|2|2|2|1|0|1|1|0|NA|NA|NA|NA|NA|211|100|330|17611212|107273.198915009|0
"371590504002"|0|1|0|1|0|0|0|1|1|1|0|0|0|1|0|15453|15453|NA|NA|6596|136|44|152|7803780|51340.6578947368|0
"371590505003"|0|1|1|0|0|0|0|1|1|1|0|0|0|1|0|29333|29333|2220|2220|10487|168|72|168|10436962|62124.7738095238|0
"371619609004"|0|1|0|0|0|0|0|1|1|1|1|0|0|1|0|2432|8576|NA|NA|NA|127|31|128|6796530|53097.890625|0
"371639708003"|0|1|0|0|0|0|0|1|1|1|1|0|0|1|0|2432|2432|NA|NA|NA|74|23|126|6622894|52562.6507936508|0
"371650101011"|0|1|1|0|0|0|0|1|1|1|0|0|1|0|0|24874|24874|15264|15264|10396|145|29|66|3081142|46683.9696969697|0
"371650103001"|0|1|1|0|0|0|0|1|1|1|0|0|1|0|0|24874|24874|15264|15264|10396|145|29|66|3081142|46683.9696969697|0
"371679301011"|0|1|1|0|0|0|0|1|1|1|0|0|0|1|0|28000|28000|11520|11520|10700|128|32|170|10533502|61961.7764705882|0
"371679301013"|0|1|1|0|0|0|0|1|1|1|0|0|0|1|0|28000|28000|11520|11520|10700|128|32|170|10533502|61961.7764705882|0
"371679312021"|0|1|0|0|0|0|0|1|1|1|1|0|0|1|0|2432|8576|NA|NA|NA|111|38|158|8720366|55192.1898734177|0
"371719310023"|0|1|0|0|0|0|0|1|1|1|1|0|0|1|0|2128|8040|NA|NA|NA|132|46|208|10432200|50154.8076923077|0
"371759603003"|0|1|0|0|0|0|0|1|1|1|0|0|1|0|0|27550|27550|NA|NA|9994|128|63|102|4688922|45969.8235294118|0
"371759603004"|0|1|0|0|0|0|0|1|1|1|0|0|1|0|0|27550|27550|NA|NA|9994|128|63|102|4688922|45969.8235294118|0
"371790204044"|0|1|0|0|0|0|0|1|1|0|0|1|1|0|0|NA|NA|NA|NA|NA|0|0|0|0|NA|0
"371790207012"|0|1|1|0|0|0|0|1|1|1|0|0|0|1|0|29170|29170|9450|9450|10780|276|100|356|27433006|77059.0056179775|0
"371819603003"|0|1|0|0|0|0|0|1|1|1|1|0|0|1|0|1824|6432|NA|NA|NA|172|58|210|10371328|49387.2761904762|0
"371819604003"|0|1|0|0|0|0|0|1|1|1|1|0|0|1|0|1824|6432|NA|NA|NA|172|58|210|10371328|49387.2761904762|0
"371830504002"|0|1|0|0|0|0|0|1|1|1|0|0|0|1|0|26880|26880|NA|NA|10350|75|21|54|2722992|50425.7777777778|0
"371830506001"|0|1|0|1|0|0|0|1|1|1|0|0|1|0|0|12890|12890|NA|NA|8246|151|35|118|5230150|44323.3050847458|0
"371830509001"|0|1|1|1|0|0|0|1|1|1|0|0|0|1|0|11808|11808|10404|10404|8158|190|59|152|7641852|50275.3421052632|0
"371830511022"|0|1|1|0|0|1|0|1|1|1|0|0|0|0|1|6407|23926|8088|22610|10635|7300|1737|3496|364145818|104160.703089245|0
"371830520012"|0|1|0|0|0|0|0|1|1|0|0|1|1|0|0|NA|NA|NA|NA|NA|0|0|0|0|NA|0
"371830524012"|0|1|1|0|0|0|0|1|1|1|0|0|0|1|0|34807|34807|12924|12924|10390|286|77|268|16946840|63234.4776119403|0
"371830527051"|0|1|0|0|0|0|0|1|1|1|1|0|1|0|0|9648|9648|NA|NA|NA|17|6|36|1712354|47565.3888888889|0
"371830530031"|0|3|1|0|0|0|0|4|4|2|1|2|4|0|0|NA|NA|NA|NA|NA|27|7|28|1616738|NA|0
"371830530081"|0|1|0|0|0|0|0|1|1|0|0|1|1|0|0|NA|NA|NA|NA|NA|0|0|0|0|NA|0
"371830531101"|0|1|0|0|0|0|0|1|1|1|1|0|0|0|1|2432|8576|NA|NA|NA|727|289|1158|60298818|52071.518134715|0
"371830535122"|0|2|1|0|0|0|0|2|2|2|1|0|1|1|0|28440|28440|NA|NA|NA|84|10|48|3004858|120160.361344538|0
"371830536091"|0|2|1|0|0|0|0|2|2|2|1|0|1|1|0|28440|28440|NA|NA|NA|84|10|48|3004858|120160.361344538|0
"371830536102"|0|2|1|0|0|0|0|2|2|1|0|0|2|0|0|NA|NA|NA|NA|NA|10|0|30|1060000|NA|0
"371830537093"|0|1|0|0|0|0|0|1|1|0|0|1|1|0|0|NA|NA|NA|NA|NA|0|0|0|0|NA|0
"371830540181"|0|1|0|0|0|0|0|1|1|0|0|1|1|0|0|NA|NA|NA|NA|NA|0|0|0|0|NA|0
"371830542062"|0|1|1|0|0|0|0|1|1|1|0|0|0|1|0|9960|9960|4734|4734|4190|116|40|106|6574302|62021.7169811321|0
"371830542081"|0|1|0|0|0|0|0|1|1|1|0|0|1|0|0|15973|15973|NA|NA|10399|46|15|44|1700000|38636.3636363636|0
"371899202003"|0|0|1|0|0|0|0|1|1|1|0|0|1|0|0|NA|NA|11040|11040|NA|3|2|0|0|NA|0
"371899205001"|0|1|1|0|0|0|0|1|1|1|0|0|0|0|1|4159|18675|4744|17913|8119|1564|539|1902|142299804|74815.880126183|0
"371899205002"|0|1|1|0|0|0|0|1|1|1|0|0|0|0|1|4159|18675|4744|17913|8119|1564|539|1902|142299804|74815.880126183|0
"371899210001"|0|1|0|0|0|0|0|1|1|1|0|0|1|0|0|24878|24878|NA|NA|10392|113|45|108|4913860|45498.7037037037|0
"371910008002"|0|1|1|0|0|0|0|1|1|1|0|0|0|1|0|19000|19000|16500|16500|7600|203|57|176|11059840|62840|0
"371910013022"|0|2|0|0|0|0|0|2|2|1|1|1|1|1|0|NA|NA|NA|NA|NA|167|60|250|13640028|NA|0
"371939610011"|0|1|0|0|0|0|0|1|1|1|1|0|0|1|0|2432|8576|NA|NA|NA|146|44|196|10217994|52132.6224489796|0
"371950001001"|0|1|1|0|0|0|0|1|1|1|0|0|0|1|0|26670|26670|7803|7803|9634|99|44|142|7625538|53700.9718309859|0
"371950004002"|0|1|0|0|0|0|0|1|1|0|0|1|1|0|0|NA|NA|NA|NA|NA|0|0|0|0|NA|0
"371950007004"|0|1|0|0|0|0|0|1|1|1|1|0|0|1|0|2128|7504|NA|NA|NA|94|22|94|5796566|61665.5957446809|0
"380039682001"|0|1|1|0|0|0|0|1|1|1|0|0|0|1|0|5282|14103|5270|5270|6352|119|48|140|7454438|53245.9857142857|0
"380039682003"|0|1|1|0|0|0|0|1|1|1|0|0|0|1|0|5282|14103|5270|5270|6352|119|48|140|7454438|53245.9857142857|0
"380039682004"|0|1|1|0|0|0|0|1|1|1|0|0|0|1|0|5282|14103|5270|5270|6352|119|48|140|7454438|53245.9857142857|0
"380059401001"|0|1|0|0|0|0|1|1|1|1|1|0|1|0|0|3000|3000|NA|NA|NA|110|24|44|1978358|44962.6818181818|0
"380059565001"|0|1|0|0|0|0|1|1|1|1|1|0|1|0|0|3000|3000|NA|NA|NA|110|24|44|1978358|44962.6818181818|0
"380059566001"|0|1|0|0|0|0|1|1|1|1|1|0|1|0|0|3000|3000|NA|NA|NA|110|24|44|1978358|44962.6818181818|0
"380099523001"|0|1|0|0|0|0|0|1|1|1|1|0|1|0|0|3469|5204|NA|NA|7040|52|16|58|2579636|44476.4827586207|0
"380150102004"|0|1|0|0|0|0|0|1|1|0|0|1|1|0|0|NA|NA|NA|NA|NA|0|0|0|0|NA|0
"380150105002"|0|1|0|0|0|0|0|1|1|1|0|0|0|1|0|2916|7785|NA|NA|7400|204|77|242|13830566|57151.0991735537|0
"380150107001"|0|1|0|0|0|0|0|1|1|0|0|1|1|0|0|NA|NA|NA|NA|NA|0|0|0|0|NA|0
"380150107003"|0|1|0|0|0|0|0|1|1|0|0|1|1|0|0|NA|NA|NA|NA|NA|0|0|0|0|NA|0
"380150112002"|0|2|0|0|0|0|1|2|2|1|0|1|2|0|0|NA|NA|NA|NA|NA|162|26|104|4382276|NA|0
"380150112004"|0|2|1|0|0|0|1|2|2|2|0|0|1|1|0|20715|20715|NA|NA|11806|385|111|356|17853896|95596.0787545788|0
"380150113003"|0|1|0|0|0|0|1|1|1|1|0|0|1|0|0|4725|4725|NA|NA|5324|162|26|104|4382276|42137.2692307692|0
"380170003001"|0|1|1|0|0|0|0|1|1|1|0|0|0|0|1|6924|18488|5570|14873|8136|2127|433|1140|97447024|85479.8456140351|0
"380170003002"|0|1|1|0|0|0|0|1|1|1|0|0|0|0|1|6924|18488|5570|14873|8136|2127|433|1140|97447024|85479.8456140351|0
"380170006001"|0|1|0|0|0|0|0|1|1|0|0|1|1|0|0|NA|NA|NA|NA|NA|0|0|0|0|NA|0
"380170006003"|0|3|0|0|0|0|0|3|3|0|0|3|3|0|0|NA|NA|NA|NA|NA|0|0|0|0|NA|0
"380170007002"|0|2|0|0|0|0|0|2|2|0|0|2|2|0|0|NA|NA|NA|NA|NA|0|0|0|0|NA|0
"380170101061"|0|1|0|0|0|0|0|1|1|0|0|1|1|0|0|NA|NA|NA|NA|NA|0|0|0|0|NA|0
"380170101062"|0|2|0|0|0|0|0|2|2|0|0|2|2|0|0|NA|NA|NA|NA|NA|0|0|0|0|NA|0
"380170101081"|0|1|0|0|0|0|0|1|1|0|0|1|1|0|0|NA|NA|NA|NA|NA|0|0|0|0|NA|0
"380170101082"|0|1|0|0|0|0|0|1|1|0|0|1|1|0|0|NA|NA|NA|NA|NA|0|0|0|0|NA|0
"380170101091"|0|1|0|0|0|0|0|1|1|0|0|1|1|0|0|NA|NA|NA|NA|NA|0|0|0|0|NA|0
"380219734002"|0|1|1|0|0|0|0|1|1|1|0|0|1|0|0|13962|13962|9768|9768|5964|38|17|28|960492|34303.2857142857|0
"380350103001"|0|1|1|0|0|1|0|1|1|1|0|0|0|0|1|6679|17833|7185|19184|7856|1519|494|1148|92885930|80911.0888501742|0
"380350112001"|0|1|0|0|0|0|0|1|1|0|0|1|1|0|0|NA|NA|NA|NA|NA|0|0|0|0|NA|0
"380350112002"|0|1|0|0|0|0|0|1|1|0|0|1|1|0|0|NA|NA|NA|NA|NA|0|0|0|0|NA|0
"380619404002"|0|1|0|0|0|0|1|1|1|1|0|0|1|0|0|3600|3600|NA|NA|10440|54|13|36|1877360|52148.8888888889|0
"380719578002"|0|1|0|0|0|0|0|1|1|1|1|0|0|1|0|3326|3326|NA|NA|6075|78|22|80|4772186|59652.325|0
"380719578003"|0|1|0|0|0|0|0|1|1|1|1|0|0|1|0|3326|3326|NA|NA|6075|78|22|80|4772186|59652.325|0
"380719578004"|0|1|0|0|0|0|0|1|1|1|1|0|0|1|0|3326|3326|NA|NA|6075|78|22|80|4772186|59652.325|0
"380779709002"|0|1|0|0|0|0|0|1|1|1|1|0|0|1|0|4025|11387|NA|NA|6298|215|91|214|13093782|61185.8971962617|0
"380779709003"|0|1|0|0|0|0|0|1|1|1|1|0|0|1|0|4025|11387|NA|NA|6298|215|91|214|13093782|61185.8971962617|0
"380799418001"|0|1|0|0|0|0|1|1|1|1|0|0|1|0|0|1776|1776|NA|NA|NA|74|24|66|2979960|45150.9090909091|0
"380799418002"|0|1|0|0|0|0|1|1|1|1|0|0|1|0|0|1776|1776|NA|NA|NA|74|24|66|2979960|45150.9090909091|0
"380859408002"|0|1|1|0|0|0|1|1|1|1|0|0|1|0|0|3600|3600|3150|3150|5546|68|13|56|2824560|50438.5714285714|0
"380859409001"|0|1|1|0|0|0|1|1|1|1|0|0|1|0|0|3600|3600|3150|3150|5546|68|13|56|2824560|50438.5714285714|0
"380859409002"|0|1|1|0|0|0|1|1|1|1|0|0|1|0|0|3600|3600|3150|3150|5546|68|13|56|2824560|50438.5714285714|0
"380899636002"|0|1|0|0|0|0|0|1|1|1|0|0|0|1|0|5138|7708|NA|NA|6459|130|60|158|10246808|64853.2151898734|0
"380939674003"|0|1|1|0|0|0|0|1|1|1|0|0|0|1|0|19930|19930|21185|21185|7066|107|55|148|8971956|60621.3243243243|0
"380939674004"|0|1|1|0|0|0|0|1|1|1|0|0|0|1|0|19930|19930|21185|21185|7066|107|55|148|8971956|60621.3243243243|0
"380979702001"|0|1|1|0|0|0|0|1|1|1|0|0|0|1|0|5053|7872|NA|NA|7170|158|34|90|4712440|52360.4444444444|0
"380979702002"|0|1|1|0|0|0|0|1|1|1|0|0|0|1|0|5053|7872|NA|NA|7170|158|34|90|4712440|52360.4444444444|0
"381010101001"|0|1|0|0|0|0|0|1|1|0|0|1|1|0|0|NA|NA|NA|NA|NA|0|0|0|0|NA|0
"381010102004"|0|1|0|0|0|0|0|1|1|0|0|1|1|0|0|NA|NA|NA|NA|NA|0|0|0|0|NA|0
"381010104003"|0|1|1|0|0|0|0|1|1|1|0|0|0|1|0|5192|5192|6865|6865|6164|180|88|350|19474064|55640.1828571429|0
"381010104004"|0|1|1|0|0|0|0|1|1|1|0|0|0|1|0|5192|5192|6865|6865|6164|180|88|350|19474064|55640.1828571429|0
"381059539004"|0|1|0|0|0|0|0|1|1|1|1|0|0|1|0|3399|3399|NA|NA|8772|73|22|66|4028900|61043.9393939394|0
"390030101001"|0|1|1|0|0|0|0|1|1|1|0|0|1|0|0|30312|30312|9900|9900|9890|94|29|116|6365206|54872.4655172414|0
"390030109001"|0|2|1|0|0|0|0|2|2|1|0|1|1|1|0|NA|NA|NA|NA|NA|194|48|214|12481292|NA|0
"390030113002"|0|2|0|0|0|0|0|2|2|2|1|0|0|2|0|10757|32793|NA|NA|NA|171|42|194|11802200|131756.531746032|0
"390030113003"|0|2|0|0|0|0|0|2|2|2|1|0|0|2|0|10757|32793|NA|NA|NA|171|42|194|11802200|131756.531746032|0
"390030119003"|0|1|0|0|0|0|0|1|1|0|0|1|1|0|0|NA|NA|NA|NA|NA|0|0|0|0|NA|0
"390059706001"|0|1|1|0|0|0|0|1|1|1|0|0|0|1|0|19448|19448|5713|5713|9602|466|137|382|23975436|62762.9214659686|0
"390059710001"|0|1|0|0|0|0|0|1|0|0|0|1|1|0|0|NA|NA|NA|NA|NA|0|0|0|0|NA|0
"390070006033"|0|1|0|0|0|0|0|1|1|1|0|0|0|1|0|5664|14028|11090|19362|NA|50|16|98|6100708|62252.1224489796|0
"390070011021"|0|1|0|0|0|0|0|1|1|0|0|1|1|0|0|NA|NA|NA|NA|NA|0|0|0|0|NA|0
"390099728003"|0|2|0|0|0|0|0|2|2|1|1|1|1|1|0|NA|NA|NA|NA|NA|161|37|168|8823594|NA|0
"390099739011"|0|1|1|0|0|1|0|1|1|1|0|0|0|0|1|11298|20429|9510|17502|11176|2305|604|1988|166316374|83660.1478873239|0
"390130122001"|0|1|1|0|0|0|0|1|1|1|0|0|1|0|0|4872|6718|NA|NA|NA|18|7|30|2203132|73437.7333333333|0
"390130122004"|0|1|0|0|0|0|0|1|1|1|1|0|0|1|0|2527|5006|NA|NA|NA|49|15|64|2733674|42713.65625|0
"390159512012"|0|1|0|0|0|0|0|1|1|1|1|0|1|0|0|10175|10175|NA|NA|NA|29|7|10|298734|29873.4|0
"390170101041"|0|1|1|0|0|0|0|1|1|1|0|0|0|0|1|11758|29182|12890|29604|12454|2228|608|1958|160165974|81800.8038815117|0
"390170101042"|0|1|1|0|0|0|0|1|1|1|0|0|0|0|1|11758|29182|12890|29604|12454|2228|608|1958|160165974|81800.8038815117|0
"390170109091"|0|1|0|0|0|0|0|1|1|0|0|1|1|0|0|NA|NA|NA|NA|NA|0|0|0|0|NA|0
"390170109092"|0|2|0|0|0|0|0|2|2|0|0|2|2|0|0|NA|NA|NA|NA|NA|0|0|0|0|NA|0
"390170110022"|0|1|0|0|0|0|0|1|1|0|0|1|1|0|0|NA|NA|NA|NA|NA|0|0|0|0|NA|0
"390170110023"|0|1|0|0|0|0|0|1|1|0|0|1|1|0|0|NA|NA|NA|NA|NA|0|0|0|0|NA|0
"390170110041"|0|1|0|0|0|0|0|1|1|0|0|1|1|0|0|NA|NA|NA|NA|NA|0|0|0|0|NA|0
"390170111091"|0|1|0|0|0|0|0|1|1|0|0|1|1|0|0|NA|NA|NA|NA|NA|0|0|0|0|NA|0
"390170111203"|0|1|0|0|0|0|0|1|0|0|0|0|1|0|0|NA|NA|NA|NA|NA|0|0|0|0|NA|0
"390170111231"|0|1|0|0|0|0|0|1|1|0|0|1|1|0|0|NA|NA|NA|NA|NA|0|0|0|0|NA|0
"390170111282"|0|1|0|0|0|0|0|1|1|0|0|1|1|0|0|NA|NA|NA|NA|NA|0|0|0|0|NA|0
"390170126003"|0|1|1|0|0|0|0|1|1|1|0|0|0|1|0|5519|15076|6300|6300|NA|96|34|124|8065298|65042.7258064516|0
"390210106003"|0|1|1|0|0|0|0|1|1|1|0|0|0|1|0|22452|22452|9450|9450|9146|69|26|44|2406050|54682.9545454545|0
"390230007002"|0|1|1|0|0|0|0|1|1|1|0|0|0|1|0|37230|37230|NA|NA|10126|217|97|234|14943726|63862.0769230769|0
"390230012003"|0|1|0|0|0|0|0|1|1|1|1|0|0|1|0|2912|5824|NA|NA|NA|138|37|164|8792334|53611.7926829268|0
"390230012004"|0|1|0|0|0|0|0|1|1|1|1|0|0|1|0|2912|5824|NA|NA|NA|138|37|164|8792334|53611.7926829268|0
"390230025023"|0|1|0|0|0|0|0|1|0|0|0|0|1|0|0|NA|NA|NA|NA|NA|0|0|0|0|NA|0
"390230034003"|0|1|1|0|0|0|0|1|1|1|0|0|0|1|0|37230|37230|NA|NA|10126|217|97|234|14943726|63862.0769230769|0
"390230037001"|0|1|0|0|0|0|0|1|0|0|0|0|1|0|0|NA|NA|NA|NA|NA|0|0|0|0|NA|0
"390250411021"|0|1|0|0|0|0|0|1|1|1|0|0|0|1|0|4580|11812|NA|NA|NA|90|23|192|13306066|69302.4270833333|0
"390250413063"|0|1|0|0|0|0|0|1|0|0|0|0|1|0|0|NA|NA|NA|NA|NA|0|0|0|0|NA|0
"390250418002"|0|1|0|0|0|0|0|1|1|0|0|1|1|0|0|6190|6190|NA|NA|NA|0|0|0|0|NA|0
"390250419003"|0|1|0|0|0|0|0|1|1|0|0|1|1|0|0|6190|6190|NA|NA|NA|0|0|0|0|NA|0
"390279647001"|0|1|0|0|0|0|0|1|1|1|0|0|0|1|0|24300|24300|NA|NA|9600|105|41|130|6900160|53078.1538461538|0
"390299505005"|0|1|0|0|0|0|0|1|1|1|0|0|0|1|0|5664|14028|11090|19362|NA|30|9|78|5246840|67267.1794871795|0
"390299506005"|0|1|0|0|0|0|0|1|1|0|0|1|1|0|0|NA|NA|NA|NA|NA|0|0|0|0|NA|0
"390299508002"|0|1|0|0|0|0|0|1|1|1|0|0|1|0|0|5600|5600|NA|NA|3600|12|1|4|68306|17076.5|0
"390299514004"|0|1|0|0|0|0|0|1|1|0|0|1|1|0|0|NA|NA|NA|NA|NA|0|0|0|0|NA|0
"390299516004"|0|1|0|0|0|0|0|1|1|1|1|0|1|0|0|10390|10390|NA|NA|NA|9|2|10|527562|52756.2|0
"390299521002"|0|1|0|0|0|0|0|1|1|1|0|0|0|1|0|5664|14028|11090|19362|NA|27|9|44|2712480|61647.2727272727|0
"390299522001"|0|1|0|0|0|0|0|1|1|1|0|0|0|1|0|5664|14028|11090|19362|NA|27|9|44|2712480|61647.2727272727|0
"390351036022"|0|1|0|0|0|0|0|1|1|0|0|1|1|0|0|NA|NA|NA|NA|NA|0|0|0|0|NA|0
"390351077011"|0|2|0|0|0|0|0|2|2|1|1|1|1|0|1|NA|NA|NA|NA|NA|1052|442|758|57930490|NA|0
"390351077012"|0|2|0|0|0|0|0|2|2|1|1|1|1|0|1|NA|NA|NA|NA|NA|1052|442|758|57930490|NA|0
"390351078021"|0|1|1|0|0|0|0|1|1|1|0|0|0|0|1|9636|13687|9565|16297|12000|1056|294|1092|92605834|84803.8772893773|0
"390351078022"|0|1|1|0|0|0|0|1|1|1|0|0|0|0|1|9636|13687|9565|16297|12000|1056|294|1092|92605834|84803.8772893773|0
"390351082011"|0|1|0|0|0|0|0|1|1|1|1|0|0|1|0|NA|NA|NA|NA|NA|81|11|94|4084128|43448.170212766|0
"390351082012"|0|1|0|0|0|0|0|1|1|1|1|0|0|1|0|NA|NA|NA|NA|NA|81|11|94|4084128|43448.170212766|0
"390351083011"|0|1|0|0|0|0|0|1|1|1|0|0|1|0|0|16264|16264|NA|NA|NA|19|11|22|1077602|48981.9090909091|0
"390351083012"|0|1|0|0|0|0|0|1|1|1|0|0|1|0|0|16264|16264|NA|NA|NA|19|11|22|1077602|48981.9090909091|0
"390351187001"|0|2|2|0|0|1|0|2|2|2|0|0|1|0|1|92792|92792|89776|89776|28954|2099|429|1656|166990108|179311.194796954|0
"390351187002"|0|2|2|0|0|1|0|2|2|2|0|0|1|0|1|92792|92792|89776|89776|28954|2099|429|1656|166990108|179311.194796954|0
"390351188001"|0|1|0|0|0|0|0|1|1|1|0|0|1|0|0|36980|36980|NA|NA|11854|84|18|98|5845704|59650.0408163265|0
"390351188002"|0|1|1|0|0|1|0|1|1|1|0|0|0|0|1|45592|45592|42576|42576|14298|2035|414|1576|160808058|102035.569796954|0
"390351188003"|0|1|0|0|0|0|0|1|1|1|0|0|1|0|0|36980|36980|NA|NA|11854|84|18|98|5845704|59650.0408163265|0
"390351191001"|0|1|1|0|0|1|0|1|1|1|0|0|0|0|1|45592|45592|42576|42576|14298|2035|414|1576|160808058|102035.569796954|0
"390351195021"|0|1|0|0|0|0|0|1|1|0|0|1|1|0|0|NA|NA|NA|NA|NA|0|0|0|0|NA|0
"390351311021"|0|1|1|0|0|0|0|1|1|1|0|0|1|0|0|11795|11795|16800|16800|NA|4|1|0|0|NA|0
"390351311022"|0|1|1|0|0|0|0|1|1|1|0|0|1|0|0|11795|11795|16800|16800|NA|4|1|0|0|NA|0
"390351331032"|0|1|0|0|0|0|0|1|1|1|1|0|1|0|0|NA|NA|NA|NA|NA|14|6|26|1049692|40372.7692307692|0
"390351343001"|0|2|1|0|0|0|0|2|2|1|0|1|1|1|0|NA|NA|NA|NA|NA|391|112|414|33521418|NA|0
"390351343002"|0|2|1|0|0|0|0|2|2|1|0|1|1|1|0|NA|NA|NA|NA|NA|391|112|414|33521418|NA|0
"390351351041"|0|1|0|0|0|0|0|1|1|0|0|1|1|0|0|NA|NA|NA|NA|NA|0|0|0|0|NA|0
"390351351052"|0|2|0|0|0|0|0|2|2|2|2|0|2|0|0|23632|23632|NA|NA|NA|28|3|42|2166810|100732.214285714|0
"390351361032"|0|1|0|0|0|0|0|1|1|1|1|0|1|0|0|11542|11542|NA|NA|NA|11|1|14|653692|46692.2857142857|0
"390351361034"|0|1|0|0|0|0|0|1|1|1|1|0|1|0|0|11542|11542|NA|NA|NA|11|1|14|653692|46692.2857142857|0
"390351521013"|0|1|0|0|0|0|0|1|1|0|0|1|1|0|0|7800|7800|NA|NA|NA|0|0|0|0|NA|0
"390351531061"|0|1|0|0|0|0|0|1|1|0|0|1|1|0|0|NA|NA|NA|NA|NA|0|0|0|0|NA|0
"390351531063"|0|1|0|0|0|0|0|1|1|0|0|1|1|0|0|NA|NA|NA|NA|NA|0|0|0|0|NA|0
"390351551011"|0|1|0|0|0|0|0|1|1|1|1|0|1|0|0|22854|22854|NA|NA|NA|14|2|16|1044400|65275|0
"390351561011"|0|2|0|0|0|0|0|2|2|1|1|1|2|0|0|NA|NA|NA|NA|NA|3|0|10|468000|NA|0
"390351606023"|0|1|0|0|0|0|0|1|1|1|1|0|1|0|0|16380|16380|NA|NA|NA|13|1|10|636000|63600|0
"390351606024"|0|1|0|0|0|0|0|1|1|1|1|0|1|0|0|16380|16380|NA|NA|NA|13|1|10|636000|63600|0
"390351702012"|0|1|0|0|0|0|0|1|1|0|0|1|1|0|0|NA|NA|NA|NA|NA|0|0|0|0|NA|0
"390351702024"|0|1|0|0|0|0|0|1|1|0|0|1|1|0|0|NA|NA|NA|NA|NA|0|0|0|0|NA|0
"390351711031"|0|1|0|0|0|0|0|1|1|1|1|0|1|0|0|15544|15544|NA|NA|NA|30|10|64|2607098|40735.90625|0
"390351711044"|0|1|0|0|0|0|0|1|1|1|1|0|1|0|0|NA|NA|NA|NA|NA|14|6|26|1049692|40372.7692307692|0
"390351722011"|0|1|0|0|0|0|0|1|1|0|0|1|1|0|0|NA|NA|NA|NA|NA|0|0|0|0|NA|0
"390351731042"|0|1|0|0|0|0|0|1|1|0|0|1|1|0|0|NA|NA|NA|NA|NA|0|0|0|0|NA|0
"390351731073"|0|1|0|0|0|0|0|1|1|0|0|1|1|0|0|NA|NA|NA|NA|NA|0|0|0|0|NA|0
"390351741052"|0|1|0|0|0|0|0|1|0|0|0|0|1|0|0|NA|NA|NA|NA|NA|0|0|0|0|NA|0
"390351771013"|0|1|0|0|0|0|0|1|1|1|0|0|1|0|0|16454|16454|NA|NA|NA|28|14|40|2800106|70002.65|0
"390351791011"|0|1|1|0|0|0|0|1|1|1|0|0|0|1|0|29640|29640|18936|18936|9964|118|53|114|6937212|60852.7368421053|0
"390351811001"|0|1|0|0|0|0|0|1|1|0|0|1|1|0|0|NA|NA|NA|NA|NA|0|0|0|0|NA|0
"390351811002"|0|1|0|0|0|0|0|1|1|0|0|1|1|0|0|NA|NA|NA|NA|NA|0|0|0|0|NA|0
"390351812031"|0|1|0|0|0|0|0|1|1|0|0|1|1|0|0|NA|NA|NA|NA|NA|0|0|0|0|NA|0
"390351812041"|0|1|0|0|0|0|0|1|0|0|0|0|1|0|0|NA|NA|NA|NA|NA|0|0|0|0|NA|0
"390351812042"|0|1|0|0|0|0|0|1|0|0|0|0|1|0|0|NA|NA|NA|NA|NA|0|0|0|0|NA|0
"390351812043"|0|1|0|0|0|0|0|1|0|0|0|0|1|0|0|NA|NA|NA|NA|NA|0|0|0|0|NA|0
"390351852031"|0|1|1|0|0|0|0|1|1|1|0|0|0|1|0|27600|27600|NA|NA|10308|172|57|114|5518704|48409.6842105263|0
"390351861071"|0|1|0|0|0|0|0|1|1|0|0|0|1|0|0|NA|NA|NA|NA|NA|0|0|0|0|NA|0
"390351871051"|0|1|1|0|0|0|0|1|1|1|0|0|0|1|0|37190|37190|16008|16008|11250|353|148|366|29211960|79814.0983606557|0
"390351871052"|0|1|1|0|0|0|0|1|1|1|0|0|0|1|0|37190|37190|16008|16008|11250|353|148|366|29211960|79814.0983606557|0
"390351871053"|0|1|1|0|0|0|0|1|1|1|0|0|0|1|0|37190|37190|16008|16008|11250|353|148|366|29211960|79814.0983606557|0
"390351881041"|0|1|0|0|0|0|0|1|1|1|1|0|1|0|0|NA|NA|NA|NA|NA|14|6|26|1049692|40372.7692307692|0
"390351881052"|0|1|0|0|0|0|0|1|1|0|0|0|1|0|0|NA|NA|NA|NA|NA|0|0|0|0|NA|0
"390351881071"|0|2|1|0|0|0|0|2|2|1|0|0|2|0|0|NA|NA|NA|NA|NA|37|3|16|1060576|NA|0
"390351923001"|0|2|0|0|0|0|0|2|2|1|1|1|2|0|0|NA|NA|NA|NA|NA|3|0|10|468000|NA|0
"390351929001"|0|1|0|0|0|0|0|1|1|0|0|1|1|0|0|NA|NA|NA|NA|NA|0|0|0|0|NA|0
"390351938001"|0|1|0|0|0|0|0|1|1|1|1|0|1|0|0|NA|NA|NA|NA|NA|14|6|26|1049692|40372.7692307692|0
"390351948001"|0|1|1|0|0|0|0|1|1|1|0|0|1|0|0|11795|11795|16800|16800|NA|4|1|0|0|NA|0
"390399585002"|0|1|1|0|0|0|0|1|1|1|0|0|1|0|0|30980|30980|9432|9432|9950|78|31|72|3669828|50969.8333333333|0
"390410101003"|0|1|0|0|0|0|0|1|1|1|0|0|0|1|0|43770|43770|NA|NA|12270|263|145|276|20960182|75942.6884057971|0
"390410115201"|0|0|0|0|0|0|0|1|0|0|0|0|0|0|0|NA|NA|NA|NA|NA|0|0|0|0|NA|0
"390410117621"|0|1|0|0|0|0|0|1|1|1|1|0|1|0|0|NA|NA|NA|NA|NA|10|3|12|840000|70000|0
"390410121002"|0|1|0|0|0|0|0|1|1|0|0|1|1|0|0|NA|NA|NA|NA|NA|0|0|0|0|NA|0
"390410122001"|0|0|1|0|0|0|0|1|1|1|0|0|1|0|0|NA|NA|19149|19149|NA|32|3|28|2282722|81525.7857142857|0
"390430404001"|0|1|0|0|0|0|0|1|1|1|1|0|0|1|0|4706|12242|NA|NA|NA|49|18|96|6113370|63680.9375|0
"390430413002"|0|2|0|0|0|0|0|2|2|0|0|2|2|0|0|NA|NA|NA|NA|NA|0|0|0|0|NA|0
"390430415002"|0|1|0|0|0|0|0|1|1|1|1|0|1|0|0|8460|8460|NA|NA|NA|9|1|14|502722|35908.7142857143|0
"390430418001"|0|1|0|0|0|0|0|1|1|0|0|1|1|0|0|NA|NA|NA|NA|NA|0|0|0|0|NA|0
"390450314001"|0|1|1|0|0|0|0|1|1|1|0|0|0|1|0|5060|9596|NA|NA|NA|38|14|60|4321016|72016.9333333333|0
"390450314003"|0|1|1|0|0|0|0|1|1|1|0|0|0|1|0|5060|9596|NA|NA|NA|38|14|60|4321016|72016.9333333333|0
"390490007201"|0|1|0|0|0|0|0|1|1|0|0|1|1|0|0|NA|NA|NA|NA|NA|0|0|0|0|NA|0
"390490011211"|0|1|1|0|1|1|0|1|1|1|0|0|0|0|1|9168|27360|11560|32008|11706|9857|1586|4356|506232974|116215.099632691|0
"390490011213"|0|1|0|0|0|0|0|1|1|0|0|1|1|0|0|NA|NA|NA|NA|NA|0|0|0|0|NA|0
"390490030001"|0|1|0|0|0|0|0|1|1|1|1|0|0|0|1|3808|8430|NA|NA|NA|707|234|654|37446254|57257.2691131499|0
"390490030002"|0|2|0|0|0|0|0|2|2|2|2|0|1|0|1|14248|18870|NA|NA|NA|711|235|666|38049354|107515.602446483|0
"390490030003"|0|1|1|0|0|0|0|1|1|1|0|0|0|1|0|32400|32400|32400|32400|9150|108|26|126|7320214|58096.9365079365|0
"390490040001"|0|1|1|0|0|0|0|1|1|1|0|0|0|1|0|11856|11856|15528|15528|NA|241|29|108|11493882|106424.833333333|0
"390490042001"|0|2|1|0|0|0|0|2|2|2|1|0|1|1|0|29610|29610|NA|NA|NA|41|10|110|7111360|116669.149659864|0
"390490050006"|0|1|1|0|0|0|0|1|1|1|0|0|0|1|0|19170|19170|9954|9954|6600|37|9|98|6508260|66410.8163265306|0
"390490063861"|0|1|0|0|0|0|0|1|1|0|0|1|1|0|0|NA|NA|NA|NA|NA|0|0|0|0|NA|0
"390490063862"|0|1|0|0|0|0|0|1|1|0|0|1|1|0|0|NA|NA|NA|NA|NA|0|0|0|0|NA|0
"390490063912"|0|1|1|0|0|0|0|1|1|1|0|0|1|0|0|21298|21298|25097|25097|9950|36|10|46|2589462|56292.652173913|0
"390490067221"|0|1|0|0|0|0|0|1|1|1|1|0|1|0|0|NA|NA|NA|NA|NA|15|1|26|1725200|66353.8461538462|0
"390490068212"|0|1|0|0|0|0|0|1|0|0|0|0|1|0|0|NA|NA|NA|NA|NA|0|0|0|0|NA|0
"390490069331"|0|1|0|0|0|0|0|1|1|0|0|1|1|0|0|NA|NA|NA|NA|NA|0|0|0|0|NA|0
"390490069451"|0|1|0|0|0|0|0|1|1|1|1|0|1|0|0|NA|NA|NA|NA|NA|9|4|8|234000|29250|0
"390490069501"|0|1|0|0|0|0|0|1|0|0|0|0|1|0|0|NA|NA|NA|NA|NA|0|0|0|0|NA|0
"390490070103"|0|1|1|0|0|0|0|1|1|1|0|0|0|1|0|31424|31424|591|591|10108|256|107|348|23373824|67166.1609195402|0
"390490070411"|0|1|1|0|0|0|0|1|1|1|0|0|1|0|0|21298|21298|25097|25097|9950|36|10|46|2589462|56292.652173913|0
"390490071131"|0|1|0|0|0|0|0|1|1|0|0|1|1|0|0|NA|NA|NA|NA|NA|0|0|0|0|NA|0
"390490071132"|0|1|0|0|0|0|0|1|1|0|0|1|1|0|0|NA|NA|NA|NA|NA|0|0|0|0|NA|0
"390490071133"|0|1|0|0|0|0|0|1|1|0|0|1|1|0|0|NA|NA|NA|NA|NA|0|0|0|0|NA|0
"390490071143"|0|1|0|0|0|0|0|1|1|0|0|1|1|0|0|NA|NA|NA|NA|NA|0|0|0|0|NA|0
"390490071153"|0|1|0|0|0|0|0|1|1|1|0|0|1|0|0|14832|14832|NA|NA|NA|0|0|2|91020|45510|0
"390490071981"|0|2|0|0|0|0|0|2|2|2|1|0|1|1|0|28933|28933|NA|NA|NA|121|15|252|15212588|131364.361904762|0
"390490073951"|0|1|0|0|0|0|0|1|1|0|0|1|1|0|0|NA|NA|NA|NA|NA|0|0|0|0|NA|0
"390490074272"|0|1|0|0|0|0|0|1|1|0|0|1|1|0|0|NA|NA|NA|NA|NA|0|0|0|0|NA|0
"390490075502"|0|1|1|0|0|0|0|1|1|1|0|0|0|1|0|30500|30500|10620|10620|10946|134|48|138|8977372|65053.4202898551|0
"390490075511"|0|1|0|0|0|0|0|1|1|1|1|0|1|0|0|13980|13980|NA|NA|8680|25|2|36|2179920|60553.3333333333|0
"390490079522"|0|2|0|0|0|0|0|2|2|1|1|0|2|0|0|NA|NA|NA|NA|NA|5|0|12|544094|NA|0
"390490079523"|0|2|0|0|0|0|0|2|2|1|1|0|2|0|0|NA|NA|NA|NA|NA|5|0|12|544094|NA|0
"390490079541"|0|1|0|0|0|0|0|1|1|0|0|1|1|0|0|NA|NA|NA|NA|NA|0|0|0|0|NA|0
"390490079543"|0|1|0|0|0|0|0|1|1|0|0|1|1|0|0|NA|NA|NA|NA|NA|0|0|0|0|NA|0
"390490087301"|0|2|1|0|0|0|0|2|2|2|0|0|1|1|0|35952|35952|NA|NA|NA|114|11|68|5593012|174798.195555556|0
"390490087302"|0|2|1|0|0|0|0|2|2|2|0|0|1|1|0|35952|35952|NA|NA|NA|114|11|68|5593012|174798.195555556|0
"390490089004"|0|1|1|0|0|0|0|1|1|1|0|0|0|1|0|33282|33282|11250|11250|9790|250|78|316|24410446|77248.246835443|0
"390490090001"|0|0|1|0|0|0|0|1|1|1|0|0|1|0|0|NA|NA|10080|10080|NA|26|7|16|1272680|79542.5|0
"390490092101"|0|1|0|0|0|0|0|1|1|0|0|1|1|0|0|NA|NA|NA|NA|NA|0|0|0|0|NA|0
"390490092102"|0|1|0|0|0|0|0|1|1|0|0|1|1|0|0|NA|NA|NA|NA|NA|0|0|0|0|NA|0
"390490093251"|0|1|0|0|0|0|0|1|1|0|0|0|1|0|0|NA|NA|NA|NA|NA|0|0|0|0|NA|0
"390490093502"|0|1|0|0|0|0|0|1|1|0|0|1|1|0|0|16080|16080|NA|NA|NA|0|0|0|0|NA|0
"390490093722"|0|1|0|0|0|0|0|1|1|0|0|0|1|0|0|NA|NA|NA|NA|NA|0|0|0|0|NA|0
"390490094301"|0|1|0|0|0|0|0|1|1|1|1|0|1|0|0|15000|15000|NA|NA|NA|13|10|6|238158|39693|0
"390490094304"|0|1|0|0|0|0|0|1|1|1|1|0|1|0|0|15000|15000|NA|NA|NA|13|10|6|238158|39693|0
"390490094952"|0|1|0|0|0|0|0|1|1|0|0|1|1|0|0|NA|NA|NA|NA|NA|0|0|0|0|NA|0
"390490094971"|0|1|0|0|0|0|0|1|1|0|0|1|1|0|0|NA|NA|NA|NA|NA|0|0|0|0|NA|0
"390490097402"|0|1|0|0|0|0|0|1|1|1|0|0|1|0|0|14400|14400|NA|NA|NA|14|1|2|90000|45000|0
"390490099001"|0|1|0|0|0|0|0|1|1|1|1|0|1|0|0|NA|NA|NA|NA|NA|15|1|26|1725200|66353.8461538462|0
"390490102002"|0|1|0|0|0|0|0|1|1|1|1|0|1|0|0|4020|4020|NA|NA|4380|15|5|8|380000|47500|0
"390490107001"|0|1|0|0|0|0|0|1|1|0|0|1|1|0|0|NA|NA|NA|NA|NA|0|0|0|0|NA|0
"390539536001"|0|1|0|0|0|0|0|1|1|0|0|1|1|0|0|NA|NA|NA|NA|NA|0|0|0|0|NA|0
"390539536003"|0|1|1|0|0|0|0|1|1|1|0|0|0|1|0|24310|24310|19440|19440|10120|108|53|158|8237334|52135.0253164557|0
"390539537001"|0|1|1|0|0|0|0|1|1|1|0|0|0|1|0|24310|24310|19440|19440|10120|108|53|158|8237334|52135.0253164557|0
"390539539002"|0|1|0|0|0|0|0|1|1|1|1|0|1|0|0|12480|12480|NA|NA|NA|4|1|0|0|NA|0
"390553107002"|0|1|0|0|0|0|0|1|1|0|0|1|1|0|0|NA|NA|NA|NA|NA|0|0|0|0|NA|0
"390553113001"|0|1|1|0|0|0|0|1|1|1|0|0|0|1|0|5664|14028|11090|19362|NA|39|13|78|4593026|58884.9487179487|0
"390553113004"|0|1|1|0|0|0|0|1|1|1|0|0|0|1|0|5664|14028|11090|19362|NA|39|13|78|4593026|58884.9487179487|0
"390572001041"|0|0|1|0|0|0|0|0|0|1|0|0|1|0|0|NA|NA|17760|17760|NA|0|0|0|0|NA|0
"390572001042"|0|1|1|0|0|1|0|1|1|1|0|0|0|0|1|8730|17350|13474|22890|11376|1272|536|1450|121307616|83660.4248275862|0
"390572101001"|0|0|1|0|0|0|0|0|0|1|0|0|1|0|0|NA|NA|17760|17760|NA|0|0|0|0|NA|0
"390572406001"|0|1|0|0|0|0|0|1|0|0|0|1|1|0|0|NA|NA|NA|NA|NA|0|0|0|0|NA|0
"390572406002"|0|2|2|1|0|0|0|3|2|2|0|1|2|1|0|NA|NA|NA|NA|NA|234|75|200|11672060|NA|0
"390572406003"|0|1|1|1|0|0|0|1|1|1|0|0|1|0|0|12020|12020|12740|12740|6650|80|14|44|2196898|49929.5|0
"390572550004"|0|1|0|0|0|0|0|1|1|1|0|0|1|0|0|34568|34568|NA|NA|11364|114|20|68|3891474|57227.5588235294|0
"390572601002"|0|1|1|0|0|0|0|1|1|1|0|0|0|1|0|27910|27910|9385|9385|6880|345|120|460|30884380|67139.9565217391|0
"390572802001"|0|4|3|0|0|0|0|5|4|3|0|1|4|0|0|NA|NA|NA|NA|NA|109|27|22|1365514|NA|0
"390572803002"|0|0|1|0|0|0|0|0|0|1|0|0|1|0|0|NA|NA|17760|17760|NA|0|0|0|0|NA|0
"390610007001"|0|1|0|0|0|0|0|1|1|1|1|0|1|0|0|15980|15980|NA|NA|NA|11|1|16|921686|57605.375|0
"390610007002"|0|1|0|0|0|0|0|1|1|1|1|0|1|0|0|15980|15980|NA|NA|NA|11|1|16|921686|57605.375|0
"390610007003"|0|1|0|0|0|0|0|1|1|1|1|0|1|0|0|15980|15980|NA|NA|NA|11|1|16|921686|57605.375|0
"390610010002"|0|1|1|0|0|0|0|1|1|1|0|0|1|0|0|28252|28252|10645|10645|9200|25|6|18|898684|49926.8888888889|0
"390610018002"|0|1|1|0|0|0|0|1|1|1|0|0|1|0|0|6000|6000|3960|3960|4250|28|8|42|526008|12524|0
"390610023001"|0|1|0|0|0|0|0|1|1|1|0|0|1|0|0|13377|13377|NA|NA|NA|30|5|64|4639592|72493.625|0
"390610029002"|0|1|0|0|0|0|0|1|1|1|0|0|1|0|0|13665|13665|NA|NA|NA|36|9|60|4897694|81628.2333333333|0
"390610030002"|0|1|1|0|0|1|0|1|1|1|0|0|0|0|1|9322|24656|12790|24532|10928|2978|608|2704|240826298|89062.9800295858|0
"390610056001"|0|1|0|0|0|0|0|1|1|0|0|1|1|0|0|NA|NA|NA|NA|NA|0|0|0|0|NA|0
"390610057012"|0|1|0|0|0|0|0|1|1|0|0|1|1|0|0|NA|NA|NA|NA|NA|0|0|0|0|NA|0
"390610065003"|0|1|1|0|0|0|0|1|1|1|0|0|0|1|0|35920|35920|10908|10908|11730|590|238|708|54984826|77662.1836158192|0
"390610072001"|0|1|0|0|0|0|0|1|1|1|1|0|0|1|0|3567|7135|NA|NA|NA|288|105|374|24270608|64894.6737967914|0
"390610072002"|0|1|0|0|0|0|0|1|1|1|1|0|0|1|0|3567|7135|NA|NA|NA|288|105|374|24270608|64894.6737967914|0
"390610080002"|0|1|0|0|0|0|0|1|1|1|0|0|1|0|0|17625|17625|NA|NA|NA|9|3|8|403864|50483|0
"390610093001"|0|1|1|0|0|0|0|1|1|1|0|0|1|0|0|15966|15966|11880|11880|7860|44|16|48|2812484|58593.4166666667|0
"390610102013"|0|1|0|0|0|0|0|1|1|0|0|1|1|0|0|NA|NA|NA|NA|NA|0|0|0|0|NA|0
"390610207052"|0|1|0|0|0|0|0|1|1|0|0|1|1|0|0|NA|NA|NA|NA|NA|0|0|0|0|NA|0
"390610209013"|0|1|0|0|0|0|0|1|1|0|0|1|1|0|0|NA|NA|NA|NA|NA|0|0|0|0|NA|0
"390610213043"|0|1|1|0|0|0|0|1|1|1|0|0|0|1|0|27300|27300|10825|10825|9044|206|61|186|11302672|60767.0537634409|0
"390610222002"|0|1|0|0|0|0|0|1|1|1|0|0|1|0|0|17625|17625|NA|NA|NA|9|3|8|403864|50483|0
"390610222003"|0|1|0|0|0|0|0|1|1|1|0|0|1|0|0|17625|17625|NA|NA|NA|9|3|8|403864|50483|0
"390610223013"|0|1|0|0|0|0|0|1|1|1|1|0|1|0|0|12780|12780|NA|NA|NA|14|3|20|814586|40729.3|0
"390610223014"|0|3|0|0|0|0|0|3|2|1|0|1|3|0|0|NA|NA|NA|NA|NA|3|0|2|90000|NA|0
"390610223023"|0|1|0|0|0|0|0|1|1|1|1|0|1|0|0|NA|NA|NA|NA|NA|18|9|36|2269334|63037.0555555556|0
"390610225001"|0|1|0|0|0|0|0|1|1|1|0|0|1|0|0|11592|11592|NA|NA|NA|13|1|20|992544|49627.2|0
"390610225003"|0|1|0|0|0|0|0|1|1|1|0|0|1|0|0|11592|11592|NA|NA|NA|13|1|20|992544|49627.2|0
"390610230012"|0|4|0|0|0|0|0|4|3|2|2|2|4|0|0|NA|NA|NA|NA|NA|17|4|32|2024244|NA|0
"390610230013"|0|4|0|0|0|0|0|4|3|2|2|2|4|0|0|NA|NA|NA|NA|NA|17|4|32|2024244|NA|0
"390610230014"|0|2|0|0|0|0|0|2|2|2|2|0|2|0|0|24636|24636|NA|NA|NA|17|4|32|2024244|NA|0
"390610233002"|0|1|0|0|0|0|0|1|1|0|0|1|1|0|0|NA|NA|NA|NA|NA|0|0|0|0|NA|0
"390610235013"|0|1|0|0|0|0|0|1|1|1|0|0|0|1|0|5274|14072|NA|NA|NA|100|22|332|22778064|68608.6265060241|0
"390610243013"|0|1|0|0|0|0|0|1|1|1|0|0|1|0|0|17316|17316|NA|NA|NA|8|1|6|349726|58287.6666666667|0
"390610244003"|0|1|0|0|0|0|0|1|1|0|0|1|1|0|0|NA|NA|NA|NA|NA|0|0|0|0|NA|0
"390610250015"|0|1|1|0|0|0|0|1|1|1|0|0|1|0|0|NA|NA|20750|20750|NA|27|5|10|569314|56931.4|0
"390610253002"|0|1|0|0|0|0|0|1|1|0|0|0|1|0|0|NA|NA|NA|NA|NA|0|0|0|0|NA|0
"390610270002"|0|1|1|0|0|0|0|1|1|1|0|0|0|1|0|12240|12240|18636|18636|NA|126|26|70|4684180|66916.8571428571|0
"390630005001"|0|1|0|0|0|0|0|1|1|1|0|0|1|0|0|11592|11592|NA|NA|NA|13|0|12|718822|59901.8333333333|0
"390630006001"|0|1|0|0|0|0|0|1|1|1|0|0|1|0|0|11592|11592|NA|NA|NA|13|0|12|718822|59901.8333333333|0
"390630006003"|0|1|0|0|0|0|0|1|1|1|0|0|1|0|0|11592|11592|NA|NA|NA|13|0|12|718822|59901.8333333333|0
"390630007001"|0|1|0|0|0|0|0|1|1|0|0|1|1|0|0|NA|NA|NA|NA|NA|0|0|0|0|NA|0
"390630009004"|0|1|2|0|0|0|0|2|2|2|0|0|1|1|0|NA|NA|30900|30900|NA|392|145|476|35091338|126295.719827586|0
"390650004003"|0|1|1|0|0|0|0|1|1|1|0|0|0|1|0|29240|29240|27300|27300|11050|300|157|432|33909390|78493.9583333333|0
"390690002003"|0|2|0|0|0|0|0|2|2|1|1|1|1|1|0|NA|NA|NA|NA|NA|96|35|86|5159454|NA|0
"390719548001"|0|1|0|0|0|0|0|1|1|1|1|0|0|1|0|4232|7938|NA|NA|NA|81|22|100|6036848|60368.48|0
"390779156003"|0|1|0|0|0|0|0|1|1|0|0|1|1|0|0|NA|NA|NA|NA|NA|0|0|0|0|NA|0
"390799577002"|0|1|0|0|0|0|0|1|1|1|1|0|1|0|0|15000|15000|NA|NA|NA|0|0|0|0|NA|0
"390810002001"|0|1|1|0|0|0|0|1|1|1|0|0|0|1|0|25220|25220|12330|12330|8300|189|70|250|16836226|67344.904|0
"390810010001"|0|1|0|0|0|0|0|1|1|1|1|0|0|1|0|3510|4350|NA|NA|NA|76|17|84|4283290|50991.5476190476|0
"390810017001"|0|1|0|0|0|0|0|1|1|0|0|1|1|0|0|9245|9483|NA|NA|NA|0|0|0|0|NA|0
"390830073001"|0|1|0|0|0|0|0|1|1|1|0|0|0|1|0|49220|49220|NA|NA|12130|407|97|398|31014940|77926.9849246231|0
"390830075001"|0|2|1|0|0|0|0|2|2|1|0|1|1|1|0|NA|NA|NA|NA|NA|229|84|116|6578946|NA|0
"390830075003"|0|2|1|0|0|0|0|2|2|1|0|1|1|1|0|NA|NA|NA|NA|NA|229|84|116|6578946|NA|0
"390852008002"|0|1|0|0|0|0|0|1|1|1|1|0|1|0|0|14832|14832|NA|NA|NA|0|0|0|0|NA|0
"390852009002"|0|1|1|0|0|0|0|1|1|1|0|0|1|0|0|10400|10400|10400|10400|3000|11|2|14|463148|33082|0
"390852010001"|0|1|0|0|0|0|0|1|1|1|1|0|1|0|0|14832|14832|NA|NA|NA|0|0|0|0|NA|0
"390852010002"|0|1|0|0|0|0|0|1|1|1|1|0|1|0|0|14832|14832|NA|NA|NA|0|0|0|0|NA|0
"390852012002"|0|1|0|0|0|0|0|1|0|0|0|0|1|0|0|NA|NA|NA|NA|NA|0|0|0|0|NA|0
"390852012004"|0|1|0|0|0|0|0|1|0|0|0|0|1|0|0|NA|NA|NA|NA|NA|0|0|0|0|NA|0
"390852020003"|0|1|0|0|0|0|0|1|1|0|0|1|1|0|0|11400|11400|NA|NA|NA|0|0|0|0|NA|0
"390852021001"|0|1|0|0|0|0|0|1|1|1|0|0|1|0|0|16215|16215|NA|NA|NA|24|13|28|1715416|61264.8571428571|0
"390852021002"|0|1|0|0|0|0|0|1|1|1|0|0|1|0|0|16215|16215|NA|NA|NA|24|13|28|1715416|61264.8571428571|0
"390852027003"|0|1|0|0|0|0|0|1|1|0|0|1|1|0|0|NA|NA|NA|NA|NA|0|0|0|0|NA|0
"390852027004"|0|1|0|0|0|0|0|1|1|0|0|1|1|0|0|NA|NA|NA|NA|NA|0|0|0|0|NA|0
"390852034001"|0|1|0|0|0|0|0|1|1|0|0|1|1|0|0|NA|NA|NA|NA|NA|0|0|0|0|NA|0
"390852034002"|0|1|0|0|0|0|0|1|1|0|0|1|1|0|0|NA|NA|NA|NA|NA|0|0|0|0|NA|0
"390852037002"|0|1|0|0|0|0|0|1|1|1|1|0|0|1|0|4136|9176|NA|NA|NA|243|72|236|19239390|81522.8389830509|0
"390852037003"|0|1|0|0|0|0|0|1|1|1|1|0|0|1|0|4136|9176|NA|NA|NA|243|72|236|19239390|81522.8389830509|0
"390852043021"|0|1|1|0|0|0|0|1|1|1|0|0|0|1|0|28568|28568|11349|11349|9272|91|34|84|5451780|64902.1428571429|0
"390852043022"|0|1|1|0|0|0|0|1|1|1|0|0|0|1|0|28568|28568|11349|11349|9272|91|34|84|5451780|64902.1428571429|0
"390852045003"|0|1|1|0|0|0|0|1|1|1|0|0|0|1|0|28568|28568|11349|11349|9272|91|34|84|5451780|64902.1428571429|0
"390852051002"|0|1|0|0|0|0|0|1|1|0|0|1|1|0|0|NA|NA|NA|NA|NA|0|0|0|0|NA|0
"390870502001"|0|1|1|0|0|0|0|1|1|1|0|0|0|1|0|4872|6718|NA|NA|NA|36|19|76|4990278|65661.5526315789|0
"390870510011"|0|1|1|0|0|0|0|1|1|1|0|0|1|0|0|8400|8400|7200|7200|NA|8|0|6|14400|2400|0
"390870510012"|0|1|1|0|0|0|0|1|1|1|0|0|1|0|0|8400|8400|7200|7200|NA|8|0|6|14400|2400|0
"390870513003"|0|1|0|0|0|0|0|1|1|0|0|1|1|0|0|NA|NA|NA|NA|NA|0|0|0|0|NA|0
"390897531001"|0|1|0|0|0|0|0|1|1|0|0|1|1|0|0|NA|NA|NA|NA|NA|0|0|0|0|NA|0
"390897539001"|0|2|1|0|0|0|0|2|2|2|1|0|0|2|0|11208|32160|NA|NA|NA|193|57|220|16241366|150063.310030395|0
"390897541014"|0|1|0|0|0|0|0|1|1|0|0|1|1|0|0|NA|NA|NA|NA|NA|0|0|0|0|NA|0
"390897577003"|0|1|0|0|0|0|0|1|1|1|0|0|0|1|0|47870|47870|NA|NA|11970|439|148|490|38808624|79201.2734693878|0
"390897577004"|0|1|0|0|0|0|0|1|1|1|0|0|0|1|0|47870|47870|NA|NA|11970|439|148|490|38808624|79201.2734693878|0
"390930281001"|0|2|0|0|0|0|0|2|2|1|1|1|2|0|0|NA|NA|NA|NA|NA|12|2|16|643848|NA|0
"390930602001"|0|1|1|0|0|0|0|1|1|1|0|0|0|1|0|51324|51324|36886|36886|14010|748|248|652|64290542|98605.1257668712|0
"390930701023"|0|1|0|0|0|0|0|1|1|1|1|0|0|0|1|3398|7021|NA|NA|NA|313|109|244|17791120|72914.4262295082|0
"390930703002"|0|1|0|0|0|0|0|1|1|0|0|1|1|0|0|NA|NA|NA|NA|NA|0|0|0|0|NA|0
"390930703004"|0|1|0|0|0|0|0|1|1|0|0|1|1|0|0|NA|NA|NA|NA|NA|0|0|0|0|NA|0
"390930931002"|0|1|0|0|0|0|0|1|1|0|0|1|1|0|0|NA|NA|NA|NA|NA|0|0|0|0|NA|0
"390930961001"|0|1|0|0|0|0|0|1|1|0|0|1|1|0|0|NA|NA|NA|NA|NA|0|0|0|0|NA|0
"390930973003"|0|1|0|0|0|0|0|1|1|0|0|1|1|0|0|NA|NA|NA|NA|NA|0|0|0|0|NA|0
"390950007004"|0|1|0|0|0|0|0|1|1|0|0|1|1|0|0|NA|NA|NA|NA|NA|0|0|0|0|NA|0
"390950007007"|0|1|0|0|0|0|0|1|1|0|0|1|1|0|0|NA|NA|NA|NA|NA|0|0|0|0|NA|0
"390950027001"|0|1|0|0|0|0|0|1|1|1|0|0|0|1|0|11880|11880|NA|NA|NA|70|12|114|7484238|65651.2105263158|0
"390950071011"|0|2|0|0|0|0|0|2|2|2|2|0|2|0|0|25075|25075|NA|NA|NA|55|13|54|2396848|94853.7777777778|0
"390950072041"|0|2|0|0|0|0|0|2|2|2|2|0|2|0|0|25075|25075|NA|NA|NA|55|13|54|2396848|94853.7777777778|0
"390950072042"|0|1|0|0|0|0|0|1|1|0|0|1|1|0|0|NA|NA|NA|NA|NA|0|0|0|0|NA|0
"390950072043"|0|2|0|0|0|0|0|2|2|2|2|0|2|0|0|25075|25075|NA|NA|NA|55|13|54|2396848|94853.7777777778|0
"390950077004"|0|1|0|0|0|0|0|1|1|0|0|1|1|0|0|NA|NA|NA|NA|NA|0|0|0|0|NA|0
"390950078001"|0|1|0|0|0|0|0|1|1|1|1|0|1|0|0|12600|12600|NA|NA|NA|9|2|8|299740|37467.5|0
"390950082022"|0|1|1|0|0|0|0|1|1|1|0|0|0|1|0|19920|19920|10200|10200|9400|101|54|102|5249046|51461.2352941177|0
"390950083013"|0|1|0|0|0|0|0|1|1|0|0|1|1|0|0|NA|NA|NA|NA|NA|0|0|0|0|NA|0
"390950083014"|0|1|0|0|0|0|0|1|1|1|1|0|1|0|0|NA|NA|NA|NA|NA|12|0|14|298980|21355.7142857143|0
"390950086002"|0|1|0|0|0|0|0|1|1|1|0|0|1|0|0|12560|12560|NA|NA|NA|10|1|10|538706|53870.6|0
"390950086003"|0|1|0|0|0|0|0|1|1|1|0|0|1|0|0|12560|12560|NA|NA|NA|10|1|10|538706|53870.6|0
"390950088002"|0|1|0|0|0|0|0|1|0|0|0|0|1|0|0|NA|NA|NA|NA|NA|0|0|0|0|NA|0
"390950092021"|0|1|0|0|0|0|0|1|1|0|0|1|1|0|0|NA|NA|NA|NA|NA|0|0|0|0|NA|0
"390950100022"|0|1|0|0|0|0|0|1|1|0|0|1|1|0|0|NA|NA|NA|NA|NA|0|0|0|0|NA|0
"390950104001"|0|1|1|0|1|1|0|1|1|1|0|0|0|0|1|8052|17390|13166|23502|10826|1403|407|1468|121313048|82638.3160762943|0
"390970401011"|0|1|0|0|0|0|0|1|1|1|1|0|1|0|0|7980|7980|NA|NA|5650|12|3|0|0|NA|0
"390998120021"|0|1|0|0|0|0|0|1|1|0|0|1|1|0|0|NA|NA|NA|NA|NA|0|0|0|0|NA|0
"390998122001"|0|1|0|0|0|0|0|1|1|0|0|1|1|0|0|NA|NA|NA|NA|NA|0|0|0|0|NA|0
"390998124001"|0|1|0|0|0|0|0|1|1|0|0|0|1|0|0|NA|NA|NA|NA|NA|0|0|0|0|NA|0
"390998125003"|0|1|0|0|0|0|0|1|1|0|0|1|1|0|0|NA|NA|NA|NA|NA|0|0|0|0|NA|0
"390998125004"|0|1|0|0|0|0|0|1|1|0|0|1|1|0|0|NA|NA|NA|NA|NA|0|0|0|0|NA|0
"390998128004"|0|1|0|0|0|0|0|1|1|0|0|1|1|0|0|NA|NA|NA|NA|NA|0|0|0|0|NA|0
"390998137004"|0|1|0|0|0|0|0|1|1|0|0|1|1|0|0|7200|7200|NA|NA|NA|0|0|0|0|NA|0
"390998140003"|0|1|1|0|0|0|0|1|1|1|0|0|0|0|1|7847|8087|8492|12992|8990|644|268|798|58680874|73534.9298245614|0
"390998141002"|0|1|0|0|0|0|0|1|1|0|0|0|1|0|0|NA|NA|NA|NA|NA|0|0|0|0|NA|0
"390998141003"|0|1|0|0|0|0|0|1|1|0|0|0|1|0|0|NA|NA|NA|NA|NA|0|0|0|0|NA|0
"391010010001"|0|2|0|0|0|0|0|2|2|2|1|0|0|2|0|10992|31104|NA|NA|NA|129|43|182|11726756|133223.742424242|0
"391010101001"|0|1|0|0|0|0|0|1|1|0|0|1|1|0|0|NA|NA|NA|NA|NA|0|0|0|0|NA|0
"391010102013"|0|1|0|0|0|0|0|1|1|0|0|1|1|0|0|NA|NA|NA|NA|NA|0|0|0|0|NA|0
"391034060002"|0|1|0|0|0|0|0|1|1|0|0|1|1|0|0|NA|NA|NA|NA|NA|0|0|0|0|NA|0
"391034081005"|0|1|0|0|0|0|0|1|1|0|0|1|1|0|0|NA|NA|NA|NA|NA|0|0|0|0|NA|0
"391034152001"|0|1|0|0|0|0|0|1|1|0|0|1|1|0|0|NA|NA|NA|NA|NA|0|0|0|0|NA|0
"391079676003"|0|1|1|0|0|0|0|1|1|1|0|0|0|1|0|5842|14462|13476|22892|9674|0|0|0|0|NA|0
"391093001001"|0|2|0|0|0|0|0|2|2|1|1|1|1|1|0|NA|NA|NA|NA|NA|78|23|102|4951392|NA|0
"391093001002"|0|2|0|0|0|0|0|2|2|1|1|1|1|1|0|NA|NA|NA|NA|NA|78|23|102|4951392|NA|0
"391093650004"|0|1|0|0|0|0|0|1|1|0|0|1|1|0|0|NA|NA|NA|NA|NA|0|0|0|0|NA|0
"391093653012"|0|1|0|0|0|0|0|1|1|1|1|0|1|0|0|10440|10440|NA|NA|NA|0|0|4|267000|66750|0
"391130015011"|0|3|0|0|0|0|0|3|2|2|2|0|2|0|1|NA|NA|NA|NA|NA|535|240|690|43880816|NA|0
"391130025001"|0|1|0|0|0|0|0|1|1|1|1|0|1|0|0|12649|12649|NA|NA|NA|7|2|8|339040|42380|0
"391130034031"|0|1|1|0|0|0|0|1|1|1|0|0|0|0|1|40940|40940|16020|16020|12680|1877|437|1198|96155236|80263.1352253756|0
"391130034032"|0|1|1|0|0|0|0|1|1|1|0|0|0|0|1|40940|40940|16020|16020|12680|1877|437|1198|96155236|80263.1352253756|0
"391130035003"|0|1|0|0|0|0|0|1|1|0|0|1|1|0|0|NA|NA|NA|NA|NA|0|0|0|0|NA|0
"391130203003"|0|1|1|0|0|0|0|1|1|1|0|0|1|0|0|11808|11808|33570|33570|8118|46|20|124|10282626|82924.4032258065|0
"391130204005"|0|1|0|0|0|0|0|1|1|0|0|1|1|0|0|15495|15495|NA|NA|NA|0|0|0|0|NA|0
"391130214002"|0|1|0|0|0|0|0|1|0|0|0|0|1|0|0|NA|NA|NA|NA|NA|0|0|0|0|NA|0
"391130215013"|0|1|0|0|0|0|0|1|1|1|1|0|1|0|0|14832|14832|NA|NA|NA|4|2|14|672046|48003.2857142857|0
"391130216012"|0|1|0|0|0|0|0|1|1|1|1|0|1|0|0|25701|25701|NA|NA|NA|18|3|20|1012528|50626.4|0
"391130301002"|0|1|0|0|0|0|0|1|1|1|1|0|1|0|0|NA|NA|NA|NA|NA|21|8|14|896844|64060.2857142857|0
"391130404031"|0|1|0|0|0|0|0|1|1|0|0|1|1|0|0|NA|NA|NA|NA|NA|0|0|0|0|NA|0
"391130404051"|0|2|0|0|0|0|0|2|1|0|0|1|2|0|0|NA|NA|NA|NA|NA|0|0|0|0|NA|0
"391130501032"|0|2|0|0|0|0|0|2|1|0|0|1|2|0|0|NA|NA|NA|NA|NA|0|0|0|0|NA|0
"391130501033"|0|2|0|0|0|0|0|2|1|0|0|1|2|0|0|NA|NA|NA|NA|NA|0|0|0|0|NA|0
"391130501034"|0|2|0|0|0|0|0|2|1|0|0|1|2|0|0|NA|NA|NA|NA|NA|0|0|0|0|NA|0
"391130701022"|0|0|1|0|0|0|0|1|1|1|0|0|1|0|0|NA|NA|12780|12780|NA|32|10|28|2044428|73015.2857142857|0
"391130706001"|0|0|1|0|0|0|0|1|1|1|0|0|1|0|0|NA|NA|12780|12780|NA|32|10|28|2044428|73015.2857142857|0
"391130903041"|0|1|0|0|0|0|0|1|1|0|0|1|1|0|0|NA|NA|NA|NA|NA|0|0|0|0|NA|0
"391131001011"|0|1|0|0|0|0|0|1|1|0|0|1|1|0|0|21000|21000|NA|NA|NA|0|0|0|0|NA|0
"391131001012"|0|1|0|0|0|0|0|1|0|0|0|0|1|0|0|NA|NA|NA|NA|NA|0|0|0|0|NA|0
"391131001013"|0|3|0|0|0|0|0|3|2|0|0|1|3|0|0|NA|NA|NA|NA|NA|0|0|0|0|NA|0
"391131102021"|0|2|0|0|0|0|0|2|2|0|0|1|2|0|0|NA|NA|NA|NA|NA|0|0|0|0|NA|0
"391131201012"|0|1|0|0|0|0|0|1|0|0|0|1|1|0|0|NA|NA|NA|NA|NA|0|0|0|0|NA|0
"391199115002"|0|2|1|0|0|0|0|2|2|2|1|0|0|2|0|9620|18716|NA|NA|NA|117|36|168|10028908|122560.555555556|0
"391199127003"|0|1|0|0|0|0|0|1|1|0|0|1|1|0|0|NA|NA|NA|NA|NA|0|0|0|0|NA|0
"391199128003"|0|1|1|0|0|0|0|1|1|1|0|0|0|1|0|26200|26200|9180|9180|10650|170|50|192|16106490|83887.96875|0
"391290211004"|0|1|1|0|0|0|0|1|1|1|0|0|0|1|0|10468|10468|7580|7580|7898|229|72|328|6103100|18607.012195122|0
"391319523001"|0|1|0|0|0|0|0|1|1|0|0|1|1|0|0|NA|NA|NA|NA|NA|0|0|0|0|NA|0
"391336001021"|0|1|1|0|0|0|0|1|1|1|0|0|0|1|0|29969|29969|6120|6120|10190|129|62|162|9012520|55632.8395061728|0
"391336010002"|0|1|0|0|0|0|0|1|1|0|0|1|1|0|0|NA|NA|NA|NA|NA|0|0|0|0|NA|0
"391336011001"|0|1|0|0|0|0|0|1|1|1|1|0|1|0|0|13093|13093|NA|NA|NA|10|2|4|176840|44210|0
"391336015021"|0|1|1|0|0|0|0|1|1|1|0|0|0|0|1|10012|18376|11090|19362|10720|2360|535|1948|157352348|80776.3593429158|0
"391336015022"|0|1|1|0|0|0|0|1|1|1|0|0|0|0|1|10012|18376|11090|19362|10720|2360|535|1948|157352348|80776.3593429158|0
"391336015023"|0|1|1|0|0|0|0|1|1|1|0|0|0|0|1|10012|18376|11090|19362|10720|2360|535|1948|157352348|80776.3593429158|0
"391336015033"|0|2|1|0|0|0|0|2|2|1|0|1|1|0|1|NA|NA|NA|NA|NA|2360|535|1948|157352348|NA|0
"391336018021"|0|0|1|0|0|1|0|1|1|1|0|0|1|0|0|NA|NA|9558|9558|NA|220|26|44|5015104|113979.636363636|0
"391390009001"|0|1|0|0|0|0|0|1|1|0|0|1|1|0|0|NA|NA|NA|NA|NA|0|0|0|0|NA|0
"391390009002"|0|1|0|0|0|0|0|1|1|0|0|1|1|0|0|NA|NA|NA|NA|NA|0|0|0|0|NA|0
"391390023001"|0|2|1|0|0|0|0|2|2|2|1|0|0|2|0|9928|31136|NA|NA|NA|167|49|166|9710688|120631.972813239|0
"391390024002"|0|1|0|0|0|0|0|1|1|0|0|1|1|0|0|NA|NA|NA|NA|NA|0|0|0|0|NA|0
"391390028002"|0|1|0|0|0|0|0|1|1|0|0|1|1|0|0|NA|NA|NA|NA|NA|0|0|0|0|NA|0
"391419556011"|0|2|0|0|0|0|0|2|1|0|0|1|2|0|0|NA|NA|NA|NA|NA|0|0|0|0|NA|0
"391419556012"|0|2|0|0|0|0|0|2|1|0|0|1|2|0|0|NA|NA|NA|NA|NA|0|0|0|0|NA|0
"391419556021"|0|2|0|0|0|0|0|2|1|0|0|1|2|0|0|NA|NA|NA|NA|NA|0|0|0|0|NA|0
"391419562001"|0|1|1|0|0|0|0|1|1|1|0|0|0|1|0|5060|9596|NA|NA|NA|41|17|88|5783382|65720.25|0
"391439616001"|0|1|0|0|0|0|0|1|1|1|1|0|0|1|0|3876|8160|NA|NA|NA|90|16|72|3812340|52949.1666666667|0
"391450025003"|0|1|0|0|0|0|0|1|1|0|0|1|1|0|0|NA|NA|NA|NA|NA|0|0|0|0|NA|0
"391450032002"|0|1|0|0|0|0|0|1|1|1|1|0|1|0|0|15000|15000|NA|NA|NA|0|0|0|0|NA|0
"391450034004"|0|1|0|0|0|0|0|1|1|0|0|1|1|0|0|NA|NA|NA|NA|NA|0|0|0|0|NA|0
"391450036001"|0|1|1|0|0|0|0|1|1|1|0|0|0|1|0|6251|11917|9464|23110|9766|223|81|308|18470870|59970.3571428571|0
"391479633004"|0|1|1|0|0|0|0|1|1|1|0|0|0|1|0|22800|22800|12600|12600|10200|215|57|148|9286228|62744.7837837838|0
"391479636002"|0|2|1|0|0|0|0|2|2|1|0|1|1|1|0|NA|NA|NA|NA|NA|175|66|122|6997428|NA|0
"391479636003"|0|1|0|0|0|0|0|1|1|0|0|1|1|0|0|NA|NA|NA|NA|NA|0|0|0|0|NA|0
"391517002003"|0|1|0|0|0|0|0|1|1|0|0|1|1|0|0|NA|NA|NA|NA|NA|0|0|0|0|NA|0
"391517007002"|0|1|1|0|0|0|0|1|1|1|0|0|0|1|0|28524|28524|10260|10260|9028|170|83|178|10173130|57152.4157303371|0
"391517013001"|0|1|0|0|0|0|0|1|1|1|0|0|1|0|0|16320|16320|NA|NA|NA|35|2|24|1458856|60785.6666666667|0
"391517107001"|0|2|1|0|0|0|0|2|2|1|0|1|1|1|0|NA|NA|NA|NA|NA|245|71|270|19591786|NA|0
"391517108004"|0|1|0|0|0|0|0|1|1|0|0|1|1|0|0|NA|NA|NA|NA|NA|0|0|0|0|NA|0
"391517108005"|0|1|0|0|0|0|0|1|1|0|0|1|1|0|0|NA|NA|NA|NA|NA|0|0|0|0|NA|0
"391517113213"|0|3|1|0|0|0|0|3|2|2|1|0|1|1|1|NA|NA|NA|NA|NA|335|95|598|37807384|NA|0
"391517113222"|0|2|0|0|0|0|0|2|2|2|1|0|2|0|0|26424|26424|NA|NA|NA|14|2|10|489570|93956.25|0
"391517122011"|0|1|1|0|0|0|0|1|1|1|0|0|0|1|0|27220|27220|11970|11970|10240|234|109|258|16283054|63112.6124031008|0
"391517122012"|0|1|0|0|0|0|0|1|1|0|0|1|1|0|0|NA|NA|NA|NA|NA|0|0|0|0|NA|0
"391535021022"|0|1|0|0|0|0|0|1|0|0|0|0|1|0|0|NA|NA|NA|NA|NA|0|0|0|0|NA|0
"391535061001"|0|2|0|0|0|0|0|2|2|1|0|1|2|0|0|NA|NA|NA|NA|NA|9|1|6|303310|NA|0
"391535061002"|0|2|0|0|0|0|0|2|2|1|0|1|2|0|0|NA|NA|NA|NA|NA|9|1|6|303310|NA|0
"391535062005"|0|1|0|0|0|0|0|1|1|1|0|0|1|0|0|11592|11592|NA|NA|NA|9|1|6|303310|50551.6666666667|0
"391535071012"|0|1|0|0|0|0|0|1|1|0|0|1|1|0|0|NA|NA|NA|NA|NA|0|0|0|0|NA|0
"391535089002"|0|1|1|0|0|0|0|1|1|1|0|0|0|0|1|8618|17149|7731|13237|11086|1246|378|1478|127580202|86319.4871447903|0
"391535201051"|0|1|0|0|0|0|0|1|1|1|1|0|1|0|0|23871|23871|NA|NA|NA|29|5|20|1157018|57850.9|0
"391535301045"|0|1|0|0|0|0|0|1|1|0|0|1|1|0|0|NA|NA|NA|NA|NA|0|0|0|0|NA|0
"391535305013"|0|1|0|0|0|0|0|1|1|1|1|0|1|0|0|14832|14832|NA|NA|NA|1|1|2|87360|43680|0
"391535314013"|0|1|0|0|0|0|0|1|1|0|0|1|1|0|0|NA|NA|NA|NA|NA|0|0|0|0|NA|0
"391535318012"|0|1|0|0|0|0|0|1|1|1|1|0|1|0|0|NA|NA|NA|NA|NA|3|0|2|64000|32000|0
"391535318021"|0|1|0|0|0|0|0|1|1|1|0|0|1|0|0|12560|12560|NA|NA|NA|14|3|34|1614982|47499.4705882353|0
"391535322024"|0|1|0|0|0|0|0|1|1|0|0|0|1|0|0|NA|NA|NA|NA|NA|0|0|0|0|NA|0
"391535334004"|0|1|0|0|0|0|0|1|1|1|0|0|1|0|0|11592|11592|NA|NA|NA|9|1|6|303310|50551.6666666667|0
"391535335012"|0|2|0|0|0|0|0|2|1|1|0|0|2|0|0|NA|NA|NA|NA|NA|7|5|14|929254|NA|0
"391559216005"|0|1|0|0|0|0|0|1|1|1|1|0|1|0|0|11532|11532|NA|NA|NA|17|5|20|539962|26998.1|0
"391559216006"|0|1|0|0|0|0|0|1|1|1|1|0|1|0|0|11532|11532|NA|NA|NA|17|5|20|539962|26998.1|0
"391559308004"|0|2|1|0|0|0|0|2|2|1|0|1|1|1|0|NA|NA|NA|NA|NA|51|19|104|7155414|NA|0
"391559319002"|0|1|0|0|0|0|0|1|1|1|1|0|1|0|0|14832|14832|NA|NA|NA|2|0|10|450696|45069.6|0
"391559327013"|0|2|0|0|0|0|0|2|2|1|1|1|2|0|0|NA|NA|NA|NA|NA|11|2|20|689280|NA|0
"391559327014"|0|1|0|0|0|0|0|1|1|1|1|0|1|0|0|10420|10420|NA|NA|NA|11|2|20|689280|34464|0
"391559329001"|0|1|0|0|0|0|0|1|1|0|0|1|1|0|0|NA|NA|NA|NA|NA|0|0|0|0|NA|0
"391559330014"|0|1|0|0|0|0|0|1|1|0|0|1|1|0|0|NA|NA|NA|NA|NA|0|0|0|0|NA|0
"391570210003"|0|1|0|0|0|0|0|1|1|0|0|1|1|0|0|NA|NA|NA|NA|NA|0|0|0|0|NA|0
"391570210004"|0|1|0|0|0|0|0|1|1|1|0|0|0|1|0|5664|14028|11090|19362|NA|64|17|92|6009050|65315.7608695652|0
"391610206001"|0|1|0|0|0|0|0|1|1|0|0|1|1|0|0|NA|NA|NA|NA|NA|0|0|0|0|NA|0
"391650305012"|0|1|0|0|0|0|0|1|1|1|1|0|1|0|0|10440|10440|NA|NA|NA|5|1|2|108000|54000|0
"391650308001"|0|1|0|0|0|0|0|1|1|0|0|1|1|0|0|NA|NA|NA|NA|NA|0|0|0|0|NA|0
"391650308002"|0|1|0|0|0|0|0|1|1|0|0|1|1|0|0|NA|NA|NA|NA|NA|0|0|0|0|NA|0
"391650314002"|0|1|0|0|0|0|0|1|1|0|0|1|1|0|0|NA|NA|NA|NA|NA|0|0|0|0|NA|0
"391650320062"|0|1|0|0|0|0|0|1|1|1|0|0|1|0|0|17316|17316|NA|NA|NA|8|1|6|349726|58287.6666666667|0
"391670203001"|0|1|0|0|0|0|0|1|1|0|0|1|1|0|0|NA|NA|NA|NA|NA|0|0|0|0|NA|0
"391670205001"|0|1|0|0|0|0|0|1|1|0|0|1|1|0|0|NA|NA|NA|NA|NA|0|0|0|0|NA|0
"391670205002"|0|1|1|0|0|0|0|1|1|1|0|0|0|1|0|34340|34340|36433|36433|11100|194|73|182|11042734|60674.3626373626|0
"391670210003"|0|1|0|0|0|0|0|1|1|1|1|0|0|1|0|4170|8340|NA|NA|NA|52|16|92|4222744|45899.3913043478|0
"391690005004"|0|1|0|0|0|0|0|1|1|1|1|0|1|0|0|6876|25068|NA|NA|9560|40|17|48|3712960|77353.3333333333|0
"391690009002"|0|1|0|0|0|0|0|1|0|0|0|1|1|0|0|NA|NA|NA|NA|NA|0|0|0|0|NA|0
"391690010002"|0|1|0|0|0|0|0|1|1|1|1|0|0|1|0|5940|12613|NA|NA|NA|46|16|48|3388682|70597.5416666667|0
"391699800001"|0|1|0|0|0|0|0|1|1|1|0|0|0|1|0|46430|46430|NA|NA|11040|419|87|358|26680008|74525.1620111732|0
"391730203003"|0|1|0|0|0|0|0|1|1|0|0|1|1|0|0|NA|NA|NA|NA|NA|0|0|0|0|NA|0
"391730204012"|0|1|0|0|0|0|0|1|1|0|0|1|1|0|0|NA|NA|NA|NA|NA|0|0|0|0|NA|0
"391730206011"|0|1|0|0|0|0|0|1|1|0|0|1|1|0|0|NA|NA|NA|NA|NA|0|0|0|0|NA|0
"391730207001"|0|1|0|0|0|0|0|1|1|1|1|0|0|0|1|3672|7344|NA|NA|NA|338|113|282|16411858|58198.0780141844|0
"391730218001"|0|1|1|0|0|0|0|1|1|1|0|0|0|0|1|9096|16632|7632|13284|8690|1256|445|1462|115086564|78718.5800273598|0
"391730218002"|0|1|1|0|0|0|0|1|1|1|0|0|0|0|1|9096|16632|7632|13284|8690|1256|445|1462|115086564|78718.5800273598|0
"400013769001"|0|1|0|0|0|0|0|1|1|0|0|1|1|0|0|NA|NA|NA|NA|NA|0|0|0|0|NA|0
"400055877001"|0|1|0|0|0|0|0|1|1|0|0|1|1|0|0|NA|NA|NA|NA|NA|0|0|0|0|NA|0
"400137962003"|0|1|1|0|0|0|0|1|1|1|0|0|0|1|0|5940|15210|4464|10674|6535|248|98|220|14609928|66408.7636363636|0
"400137963001"|0|1|0|0|0|0|0|1|1|0|0|1|1|0|0|NA|NA|NA|NA|NA|0|0|0|0|NA|0
"400137963002"|0|1|0|0|0|0|0|1|1|0|0|1|1|0|0|NA|NA|NA|NA|NA|0|0|0|0|NA|0
"400151619002"|0|1|0|0|0|0|0|1|1|0|0|1|1|0|0|NA|NA|NA|NA|NA|0|0|0|0|NA|0
"400173002021"|0|1|0|0|0|0|0|1|1|0|0|1|0|1|0|NA|NA|NA|NA|NA|0|0|0|0|NA|0
"400173007004"|0|1|0|0|0|0|0|1|1|1|1|0|0|1|0|4154|6448|NA|NA|6710|69|25|52|2408706|46321.2692307692|0
"400173012012"|0|1|0|0|0|0|0|1|1|0|0|1|1|0|0|NA|NA|NA|NA|NA|0|0|0|0|NA|0
"400198928004"|0|1|0|0|0|0|0|1|1|0|0|1|1|0|0|NA|NA|NA|NA|NA|0|0|0|0|NA|0
"400198930002"|0|1|0|0|0|0|0|1|1|0|0|1|1|0|0|NA|NA|NA|NA|NA|0|0|0|0|NA|0
"400219779003"|0|1|1|0|0|0|0|1|1|1|0|0|0|1|0|5085|12585|3899|8813|7466|588|188|606|37515256|61906.3630363036|0
"400219779004"|0|1|0|0|0|0|0|1|1|0|0|1|1|0|0|NA|NA|NA|NA|NA|0|0|0|0|NA|0
"400219780001"|0|1|1|0|0|0|0|1|1|1|0|0|0|1|0|5085|12585|3899|8813|7466|588|188|606|37515256|61906.3630363036|0
"400219781001"|0|1|0|0|0|0|0|1|1|0|0|1|1|0|0|NA|NA|NA|NA|NA|0|0|0|0|NA|0
"400239671004"|0|1|0|0|0|0|0|1|1|0|0|1|1|0|0|NA|NA|NA|NA|NA|0|0|0|0|NA|0
"400272011022"|0|1|0|0|0|0|0|1|1|0|0|1|1|0|0|NA|NA|NA|NA|NA|0|0|0|0|NA|0
"400272012011"|0|1|1|0|0|0|0|1|1|1|0|0|0|0|1|4575|18897|4886|18989|10280|4674|1148|2422|213682782|88225.7563996697|0
"400272012021"|0|1|1|0|0|0|0|1|1|1|0|0|0|0|1|4575|18897|4886|18989|10280|4674|1148|2422|213682782|88225.7563996697|0
"400272015091"|0|1|0|0|0|0|0|1|1|0|0|1|0|1|0|NA|NA|NA|NA|NA|0|0|0|0|NA|0
"400272016101"|0|1|1|0|0|0|0|1|1|1|0|0|0|1|0|15912|15912|10692|10692|7439|159|39|64|3229636|50463.0625|0
"400272020052"|0|1|0|0|0|0|0|1|1|0|0|1|1|0|0|NA|NA|NA|NA|NA|0|0|0|0|NA|0
"400272021022"|0|1|0|0|0|0|0|1|1|1|1|0|1|0|0|NA|NA|NA|NA|NA|19|3|30|1394058|46468.6|0
"400272022061"|0|1|1|0|0|0|0|1|1|1|0|0|1|0|0|9980|9980|5850|5850|7184|21|3|30|1022414|34080.4666666667|0
"400310005023"|0|1|0|0|0|0|0|1|1|0|0|1|1|0|0|NA|NA|NA|NA|NA|0|0|0|0|NA|0
"400310011001"|0|0|0|0|0|0|0|1|0|0|0|0|0|0|0|NA|NA|NA|NA|NA|0|0|0|0|NA|0
"400310014002"|0|1|1|0|0|0|0|1|1|1|0|0|0|1|0|4260|13500|4296|13056|5102|312|99|298|16484098|55315.7651006711|0
"400310017002"|0|1|0|0|0|0|1|1|1|1|1|0|1|0|0|3240|3240|NA|NA|NA|16|1|8|360000|45000|0
"400310019021"|0|0|0|0|0|0|0|1|0|0|0|0|0|0|0|NA|NA|NA|NA|NA|0|0|0|0|NA|0
"400310020051"|0|0|0|0|0|0|0|1|0|0|0|0|0|0|0|NA|NA|NA|NA|NA|0|0|0|0|NA|0
"400310024032"|0|0|0|0|0|0|0|1|0|0|0|0|0|0|0|NA|NA|NA|NA|NA|0|0|0|0|NA|0
"400310024041"|0|0|0|0|0|0|0|1|0|0|0|0|0|0|0|NA|NA|NA|NA|NA|0|0|0|0|NA|0
"400310025002"|0|2|0|0|0|0|0|3|2|1|1|1|2|0|0|NA|NA|NA|NA|NA|12|3|18|706160|NA|0
"400370208001"|0|1|0|0|0|0|0|1|1|0|0|1|1|0|0|NA|NA|NA|NA|NA|0|0|0|0|NA|0
"400370208002"|0|1|0|0|0|0|0|1|1|0|0|1|1|0|0|NA|NA|NA|NA|NA|0|0|0|0|NA|0
"400399606002"|0|1|1|0|0|0|0|1|1|1|0|0|0|1|0|5295|12045|5316|11652|5400|296|75|414|26716270|64532.0531400966|0
"400399606004"|0|1|1|0|0|0|0|1|1|1|0|0|0|1|0|5295|12045|5316|11652|5400|296|75|414|26716270|64532.0531400966|0
"400413761002"|0|1|0|0|0|0|0|1|1|0|0|1|1|0|0|NA|NA|NA|NA|NA|0|0|0|0|NA|0
"400419762002"|0|1|0|0|0|0|0|1|1|0|0|1|1|0|0|NA|NA|NA|NA|NA|0|0|0|0|NA|0
"400470013004"|0|1|0|0|0|0|0|1|1|0|0|1|1|0|0|NA|NA|NA|NA|NA|0|0|0|0|NA|0
"400470014021"|0|1|0|0|0|0|0|1|1|0|0|1|1|0|0|NA|NA|NA|NA|NA|0|0|0|0|NA|0
"400510005003"|0|1|0|0|0|0|0|1|1|1|0|0|1|0|0|6030|16380|NA|NA|5720|89|37|100|5450806|54508.06|0
"400612792002"|0|1|0|0|0|0|0|1|1|0|0|1|1|0|0|NA|NA|NA|NA|NA|0|0|0|0|NA|0
"400612792004"|0|1|0|0|0|0|0|1|1|0|0|1|1|0|0|NA|NA|NA|NA|NA|0|0|0|0|NA|0
"400612794001"|0|1|0|0|0|0|0|1|1|0|0|1|1|0|0|NA|NA|NA|NA|NA|0|0|0|0|NA|0
"400612794002"|0|1|0|0|0|0|0|1|1|0|0|1|1|0|0|NA|NA|NA|NA|NA|0|0|0|0|NA|0
"400634846002"|0|1|0|0|0|0|0|1|1|0|0|1|1|0|0|NA|NA|NA|NA|NA|0|0|0|0|NA|0
"400659684001"|0|2|0|0|0|0|0|2|2|1|1|1|1|1|0|NA|NA|NA|NA|NA|63|19|54|2413594|NA|0
"400696602001"|0|1|0|0|0|0|0|1|1|1|1|0|0|1|0|3584|9044|NA|NA|6800|89|55|108|5147016|47657.5555555556|0
"400696602003"|0|1|0|0|0|0|0|1|1|1|1|0|0|1|0|3584|9044|NA|NA|6800|89|55|108|5147016|47657.5555555556|0
"400696602004"|0|1|0|0|0|0|0|1|1|1|1|0|0|1|0|3584|9044|NA|NA|6800|89|55|108|5147016|47657.5555555556|0
"400696603002"|0|1|0|0|0|0|0|1|1|1|1|0|0|1|0|3584|9044|NA|NA|6800|89|55|108|5147016|47657.5555555556|0
"400710001006"|0|1|0|0|0|0|0|1|1|0|0|1|1|0|0|NA|NA|NA|NA|NA|0|0|0|0|NA|0
"400710004002"|0|1|0|0|0|0|0|1|1|0|0|1|1|0|0|NA|NA|NA|NA|NA|0|0|0|0|NA|0
"400710011001"|0|1|0|0|0|0|0|1|1|1|1|0|0|1|0|2490|8100|NA|NA|6000|157|43|200|9877768|49388.84|0
"400739582001"|0|1|0|0|0|0|0|1|1|0|0|1|1|0|0|NA|NA|NA|NA|NA|0|0|0|0|NA|0
"400770872001"|0|1|0|0|0|0|0|1|1|1|1|0|0|1|0|3140|6756|NA|NA|5805|124|46|86|3397152|39501.7674418605|0
"400770872003"|0|1|0|0|0|0|0|1|1|1|1|0|0|1|0|3140|6756|NA|NA|5805|124|46|86|3397152|39501.7674418605|0
"400770873001"|0|1|0|0|0|0|0|1|1|0|0|1|1|0|0|NA|NA|NA|NA|NA|0|0|0|0|NA|0
"400790402993"|0|1|0|0|0|0|0|1|1|0|0|1|1|0|0|NA|NA|NA|NA|NA|0|0|0|0|NA|0
"400790404021"|0|2|0|0|0|0|0|2|2|1|1|1|1|1|0|NA|NA|NA|NA|NA|125|59|98|3913816|NA|0
"400790404023"|0|2|0|0|0|0|0|2|2|1|1|1|1|1|0|NA|NA|NA|NA|NA|125|59|98|3913816|NA|0
"400836005001"|0|1|1|1|0|0|0|1|1|1|0|0|0|1|0|3707|11046|2862|7920|10050|169|59|246|15142216|61553.7235772358|0
"400836006001"|0|1|1|1|0|0|0|1|1|1|0|0|0|1|0|3707|11046|2862|7920|10050|169|59|246|15142216|61553.7235772358|0
"400874002011"|0|1|0|0|0|0|0|1|1|0|0|1|1|0|0|NA|NA|NA|NA|NA|0|0|0|0|NA|0
"400874002013"|0|1|0|0|0|0|0|1|1|0|0|1|1|0|0|NA|NA|NA|NA|NA|0|0|0|0|NA|0
"400874002022"|0|1|0|0|0|0|0|1|1|0|0|1|1|0|0|NA|NA|NA|NA|NA|0|0|0|0|NA|0
"400874003005"|0|1|0|0|0|0|0|1|1|0|0|1|1|0|0|NA|NA|NA|NA|NA|0|0|0|0|NA|0
"400890988002"|0|1|0|0|0|0|0|1|1|0|0|1|1|0|0|NA|NA|NA|NA|NA|0|0|0|0|NA|0
"400939553002"|0|1|0|0|0|0|0|1|1|0|0|1|1|0|0|NA|NA|NA|NA|NA|0|0|0|0|NA|0
"400970401004"|0|1|0|0|0|0|0|1|1|0|0|1|1|0|0|NA|NA|NA|NA|NA|0|0|0|0|NA|0
"400970403001"|0|1|0|0|0|0|0|1|1|0|0|1|1|0|0|NA|NA|NA|NA|NA|0|0|0|0|NA|0
"400970403002"|0|1|0|0|0|0|0|1|1|0|0|1|1|0|0|NA|NA|NA|NA|NA|0|0|0|0|NA|0
"400970404002"|0|1|0|0|0|0|0|1|1|0|0|0|0|0|0|NA|NA|NA|NA|NA|0|0|0|0|NA|0
"400970404004"|0|1|0|0|0|0|0|1|1|0|0|0|0|0|0|NA|NA|NA|NA|NA|0|0|0|0|NA|0
"401010004002"|0|1|0|0|0|0|0|1|1|0|0|1|1|0|0|NA|NA|NA|NA|NA|0|0|0|0|NA|0
"401010008021"|0|1|0|0|0|0|0|1|1|1|0|0|1|0|0|12150|12150|NA|NA|10100|80|42|38|1996100|52528.9473684211|0
"401010013005"|0|1|0|0|0|0|0|1|1|0|0|1|1|0|0|NA|NA|NA|NA|NA|0|0|0|0|NA|0
"401010015003"|0|1|0|0|0|0|0|1|1|1|1|0|0|1|0|2214|5976|NA|NA|7259|74|30|210|3868354|18420.7333333333|0
"401091001001"|0|1|0|0|0|0|0|1|1|0|0|0|1|0|0|NA|NA|NA|NA|NA|0|0|0|0|NA|0
"401091010002"|0|1|1|0|0|0|0|1|1|1|0|0|0|1|0|27276|27276|13734|13734|9814|324|141|388|26420516|68094.1134020619|0
"401091010004"|0|1|1|0|0|0|0|1|1|1|0|0|0|1|0|27276|27276|13734|13734|9814|324|141|388|26420516|68094.1134020619|0
"401091026001"|0|1|1|0|0|1|0|1|1|1|0|0|0|1|0|4575|18897|4886|18989|NA|1322|284|546|50936060|93289.4871794872|0
"401091027001"|0|1|1|0|0|1|0|1|1|1|0|0|0|1|0|4575|18897|4886|18989|NA|1322|284|546|50936060|93289.4871794872|0
"401091052021"|0|1|0|0|0|0|0|1|1|0|0|1|0|1|0|NA|NA|NA|NA|NA|0|0|0|0|NA|0
"401091062001"|0|1|1|0|0|0|0|1|1|1|0|0|1|0|0|11779|11779|17760|17760|NA|6|3|0|0|NA|0
"401091062002"|0|1|1|0|0|0|0|1|1|1|0|0|1|0|0|11779|11779|17760|17760|NA|6|3|0|0|NA|0
"401091065022"|0|1|0|0|0|0|0|1|1|0|0|0|1|0|0|NA|NA|NA|NA|NA|0|0|0|0|NA|0
"401091065031"|0|1|0|0|0|0|0|1|1|0|0|0|1|0|0|NA|NA|NA|NA|NA|0|0|0|0|NA|0
"401091065032"|0|1|0|0|0|0|0|1|1|0|0|0|1|0|0|NA|NA|NA|NA|NA|0|0|0|0|NA|0
"401091066081"|0|1|1|0|0|0|0|1|1|1|0|0|1|0|0|17052|17052|18384|18384|NA|7|1|0|0|NA|0
"401091067042"|0|1|1|0|0|0|0|1|1|1|0|0|1|0|0|11400|11400|8730|8730|7233|45|12|60|2649286|44154.7666666667|0
"401091068013"|0|1|1|0|0|0|0|1|1|1|0|0|0|1|0|23700|23700|20772|20772|8970|208|70|142|8044076|56648.4225352113|0
"401091068014"|0|1|1|0|0|0|0|1|1|1|0|0|0|1|0|23700|23700|20772|20772|8970|208|70|142|8044076|56648.4225352113|0
"401091070021"|0|1|0|0|0|0|0|1|1|1|0|0|0|1|0|2853|9141|NA|NA|NA|222|54|172|9072810|52748.8953488372|0
"401091072124"|0|1|0|0|0|0|0|1|1|1|1|0|0|0|1|2753|8286|NA|NA|NA|347|75|284|13693000|48214.7887323944|0
"401091072221"|0|1|0|0|0|0|0|1|1|0|0|1|1|0|0|NA|NA|NA|NA|NA|0|0|0|0|NA|0
"401091073031"|0|1|0|0|0|0|0|1|1|1|1|0|1|0|0|NA|NA|NA|NA|NA|0|0|0|0|NA|0
"401091076011"|0|1|0|0|0|0|0|1|1|1|1|0|0|1|0|3020|9396|NA|NA|9573|205|97|254|12074202|47536.2283464567|0
"401091077072"|0|1|0|0|0|0|0|1|1|0|0|1|1|0|0|NA|NA|NA|NA|NA|0|0|0|0|NA|0
"401091078041"|0|2|0|0|0|0|0|2|2|0|0|2|2|0|0|NA|NA|NA|NA|NA|0|0|0|0|NA|0
"401091078044"|0|2|0|0|0|0|0|2|2|0|0|2|2|0|0|NA|NA|NA|NA|NA|0|0|0|0|NA|0
"401091082071"|0|1|1|0|0|0|0|1|1|1|0|0|0|0|1|5760|15520|6043|15010|7660|889|396|1082|72272462|66795.2513863216|0
"401091082072"|0|1|1|0|0|0|0|1|1|1|0|0|0|0|1|5760|15520|6043|15010|7660|889|396|1082|72272462|66795.2513863216|0
"401091083033"|0|1|1|0|0|0|0|1|1|1|0|0|0|1|0|20770|20770|13095|13095|6880|206|71|186|10827472|58212.2150537634|0
"401091083071"|0|1|0|0|0|0|0|1|1|0|0|1|1|0|0|NA|NA|NA|NA|NA|0|0|0|0|NA|0
"401091083153"|0|1|0|0|0|0|0|1|1|1|0|0|1|0|0|NA|NA|NA|NA|NA|16|2|22|1016830|46219.5454545455|0
"401091085081"|0|1|0|0|0|0|0|1|1|1|1|0|1|0|0|11206|11206|NA|NA|NA|12|0|6|279594|46599|0
"401091085153"|0|1|0|0|0|0|0|1|1|1|0|0|1|0|0|11592|11592|NA|NA|NA|10|1|8|516000|64500|0
"401091085154"|0|1|0|0|0|0|0|1|1|1|0|0|1|0|0|11592|11592|NA|NA|NA|10|1|8|516000|64500|0
"401091085232"|0|1|0|0|0|0|0|1|1|0|0|1|1|0|0|NA|NA|NA|NA|NA|0|0|0|0|NA|0
"401091085281"|0|1|0|0|0|0|0|1|1|0|0|1|0|1|0|NA|NA|NA|NA|NA|0|0|0|0|NA|0
"401091086011"|0|1|0|0|0|0|0|1|1|1|1|0|1|0|0|NA|NA|NA|NA|NA|16|3|24|1202286|50095.25|0
"401091088043"|0|1|0|0|0|0|0|1|1|0|0|1|1|0|0|NA|NA|NA|NA|NA|0|0|0|0|NA|0
"401110001002"|0|3|0|0|0|0|1|3|3|2|1|1|2|1|0|NA|NA|NA|NA|NA|261|64|268|14485076|NA|0
"401155743003"|0|1|0|0|0|0|0|1|1|1|1|0|0|1|0|2565|8205|NA|NA|6000|104|48|116|5501656|47428.0689655172|0
"401155746002"|0|1|0|0|0|0|0|1|1|1|1|0|0|1|0|2565|8205|NA|NA|6000|104|48|116|5501656|47428.0689655172|0
"401155748001"|0|1|0|0|0|0|0|1|1|0|0|1|1|0|0|NA|NA|NA|NA|NA|0|0|0|0|NA|0
"401190104002"|0|1|1|0|0|1|0|1|1|1|0|0|0|0|1|4943|19065|5033|19801|8840|3897|1370|2280|196782304|86308.0280701754|0
"401190109003"|0|1|0|0|0|0|0|1|1|0|0|1|1|0|0|NA|NA|NA|NA|NA|0|0|0|0|NA|0
"401214865001"|0|1|0|0|0|0|0|1|1|0|0|1|1|0|0|NA|NA|NA|NA|NA|0|0|0|0|NA|0
"401230889002"|0|1|1|0|0|0|0|1|1|1|0|0|0|1|0|4980|14100|3807|10184|5350|270|109|290|15967262|55059.524137931|0
"401230890003"|0|1|0|0|0|0|0|1|1|0|0|1|1|0|0|NA|NA|NA|NA|NA|0|0|0|0|NA|0
"401255002002"|0|1|0|0|0|0|0|1|1|0|0|1|1|0|0|NA|NA|NA|NA|NA|0|0|0|0|NA|0
"401255002003"|0|1|0|0|0|0|0|1|1|0|0|1|1|0|0|NA|NA|NA|NA|NA|0|0|0|0|NA|0
"401255005002"|0|1|1|0|0|0|0|1|1|1|0|0|0|1|0|22710|22710|8100|8100|7010|218|112|250|15112694|60450.776|0
"401255006003"|0|1|0|0|0|0|0|1|1|0|0|1|1|0|0|NA|NA|NA|NA|NA|0|0|0|0|NA|0
"401255009001"|0|1|1|0|0|0|0|1|1|1|0|0|1|0|0|5850|5850|6000|6000|9081|5|0|2|23400|11700|0
"401255009002"|0|1|0|0|0|0|0|1|1|0|0|1|1|0|0|NA|NA|NA|NA|NA|0|0|0|0|NA|0
"401255010011"|0|1|1|0|0|0|0|1|1|1|0|0|1|0|0|21300|21300|546|546|8578|81|27|68|3282000|48264.7058823529|0
"401255010031"|0|1|1|0|0|0|0|1|1|1|0|0|1|0|0|21300|21300|546|546|8578|81|27|68|3282000|48264.7058823529|0
"401255010043"|0|1|1|0|0|0|0|1|1|1|0|0|1|0|0|21300|21300|546|546|8578|81|27|68|3282000|48264.7058823529|0
"401310501042"|0|1|1|0|0|0|0|1|1|1|0|0|0|1|0|3960|11880|4770|12900|8961|208|100|202|10619044|52569.5247524752|0
"401310501052"|0|1|1|0|0|0|0|1|1|1|0|0|0|1|0|3960|11880|4770|12900|8961|208|100|202|10619044|52569.5247524752|0
"401310501053"|0|1|1|0|0|0|0|1|1|1|0|0|0|1|0|3960|11880|4770|12900|8961|208|100|202|10619044|52569.5247524752|0
"401310506042"|0|1|0|0|0|0|0|1|1|0|0|1|1|0|0|NA|NA|NA|NA|NA|0|0|0|0|NA|0
"401335834001"|0|1|0|0|0|0|0|1|1|1|1|0|0|1|0|2715|8310|NA|NA|7070|82|38|76|3289600|43284.2105263158|0
"401350303021"|0|1|0|0|0|0|0|1|1|0|0|1|1|0|0|NA|NA|NA|NA|NA|0|0|0|0|NA|0
"401350303022"|0|1|0|0|0|0|0|1|1|0|0|1|1|0|0|NA|NA|NA|NA|NA|0|0|0|0|NA|0
"401350303023"|0|1|0|0|0|0|0|1|1|0|0|1|1|0|0|NA|NA|NA|NA|NA|0|0|0|0|NA|0
"401370001021"|0|1|0|0|0|0|0|1|1|0|0|1|1|0|0|NA|NA|NA|NA|NA|0|0|0|0|NA|0
"401399507002"|0|1|0|0|0|0|0|1|1|1|0|0|0|1|0|4312|5559|NA|NA|5344|74|22|94|4061838|43211.0425531915|0
"401399507003"|0|1|0|0|0|0|0|1|1|1|0|0|0|1|0|4312|5559|NA|NA|5344|74|22|94|4061838|43211.0425531915|0
"401430001001"|0|1|0|0|0|0|0|1|1|1|0|0|0|1|0|16395|16395|NA|NA|6118|86|5|142|6760210|47607.1126760563|0
"401430021001"|0|2|1|0|0|0|0|2|2|2|1|0|1|1|0|NA|NA|NA|NA|NA|913|336|750|71083214|166084.530970626|0
"401430021002"|0|1|0|0|0|0|0|1|1|1|1|0|1|0|0|NA|NA|NA|NA|NA|45|13|54|3743968|69332.7407407407|0
"401430023011"|0|1|0|0|0|0|0|1|1|0|0|1|1|0|0|NA|NA|NA|NA|NA|0|0|0|0|NA|0
"401430023012"|0|1|0|0|0|0|0|1|1|0|0|1|1|0|0|NA|NA|NA|NA|NA|0|0|0|0|NA|0
"401430025001"|0|1|0|0|0|0|0|1|1|0|0|1|1|0|0|NA|NA|NA|NA|NA|0|0|0|0|NA|0
"401430025002"|0|1|0|0|0|0|0|1|1|0|0|1|1|0|0|NA|NA|NA|NA|NA|0|0|0|0|NA|0
"401430031002"|0|1|0|0|0|0|0|1|1|0|0|1|1|0|0|NA|NA|NA|NA|NA|0|0|0|0|NA|0
"401430032001"|0|1|0|0|0|0|0|1|1|0|0|1|1|0|0|NA|NA|NA|NA|NA|0|0|0|0|NA|0
"401430046001"|0|0|1|0|1|1|0|1|1|1|0|0|1|0|0|NA|NA|3780|14850|NA|0|0|0|0|NA|0
"401430058014"|0|0|1|0|0|0|0|1|1|1|0|0|1|0|0|NA|NA|11520|11520|NA|22|6|26|2037252|78355.8461538462|0
"401430058053"|0|0|1|0|0|0|0|1|1|1|0|0|1|0|0|NA|NA|11520|11520|NA|22|6|26|2037252|78355.8461538462|0
"401430058071"|0|1|0|0|0|0|0|1|0|0|0|0|1|0|0|NA|NA|NA|NA|NA|0|0|0|0|NA|0
"401430058072"|0|1|0|0|0|0|0|1|0|0|0|0|1|0|0|NA|NA|NA|NA|NA|0|0|0|0|NA|0
"401430059001"|0|0|1|0|0|0|0|1|1|1|0|0|1|0|0|NA|NA|11520|11520|NA|22|6|26|2037252|78355.8461538462|0
"401430065061"|0|1|0|0|0|0|0|1|0|0|0|0|1|0|0|NA|NA|NA|NA|NA|0|0|0|0|NA|0
"401430066004"|0|1|0|0|0|0|0|1|0|0|0|0|1|0|0|NA|NA|NA|NA|NA|0|0|0|0|NA|0
"401430067032"|0|1|0|0|0|0|0|1|1|0|0|1|1|0|0|NA|NA|NA|NA|NA|0|0|0|0|NA|0
"401430067033"|0|1|0|0|0|0|0|1|1|0|0|1|1|0|0|NA|NA|NA|NA|NA|0|0|0|0|NA|0
"401430067052"|0|1|0|0|0|0|0|1|0|0|0|0|1|0|0|NA|NA|NA|NA|NA|0|0|0|0|NA|0
"401430068012"|0|1|0|0|0|0|0|1|1|1|1|0|1|0|0|12060|12060|NA|NA|NA|6|1|2|46532|23266|0
"401430070002"|0|2|0|0|0|0|0|2|2|2|1|0|1|0|1|NA|NA|NA|NA|NA|626|199|622|36154484|107767.564261168|0
"401430073122"|0|1|0|0|0|0|0|1|1|0|0|1|1|0|0|NA|NA|NA|NA|NA|0|0|0|0|NA|0
"401430074111"|0|1|0|0|0|0|0|1|1|0|0|1|1|0|0|NA|NA|NA|NA|NA|0|0|0|0|NA|0
"401430074112"|0|1|0|0|0|0|0|1|1|0|0|1|1|0|0|NA|NA|NA|NA|NA|0|0|0|0|NA|0
"401430074151"|0|1|0|0|0|0|0|1|1|0|0|1|1|0|0|NA|NA|NA|NA|NA|0|0|0|0|NA|0
"401430075131"|0|1|0|0|0|0|0|1|0|0|0|0|1|0|0|NA|NA|NA|NA|NA|0|0|0|0|NA|0
"401430075132"|0|1|0|0|0|0|0|1|0|0|0|0|1|0|0|NA|NA|NA|NA|NA|0|0|0|0|NA|0
"401430076121"|0|1|1|0|0|0|0|1|1|1|0|0|0|1|0|24750|24750|11610|11610|8540|476|226|302|20054392|66405.2715231788|0
"401430076201"|0|1|0|0|0|0|0|1|1|1|0|0|1|0|0|12960|12960|NA|NA|NA|9|1|2|108000|54000|0
"401430080021"|0|1|0|0|0|0|0|1|0|0|0|0|1|0|0|NA|NA|NA|NA|NA|0|0|0|0|NA|0
"401430082001"|0|0|1|0|0|0|0|1|1|1|0|0|1|0|0|NA|NA|11520|11520|NA|22|6|26|2037252|78355.8461538462|0
"401430083001"|0|0|1|0|0|0|0|1|1|1|0|0|1|0|0|NA|NA|11520|11520|NA|22|6|26|2037252|78355.8461538462|0
"401430085011"|0|1|0|0|0|0|0|1|1|0|0|1|1|0|0|NA|NA|NA|NA|NA|0|0|0|0|NA|0
"401430085024"|0|3|0|0|0|0|0|3|2|1|1|1|2|1|0|NA|NA|NA|NA|NA|23|14|70|2346320|NA|0
"401430086001"|0|2|0|0|0|0|0|2|2|2|2|0|2|0|0|NA|NA|NA|NA|NA|57|15|102|3693556|67358.8666666667|0
"401430089003"|0|0|1|0|0|0|0|1|1|1|0|0|1|0|0|NA|NA|11520|11520|NA|22|6|26|2037252|78355.8461538462|0
"401430090042"|0|1|0|0|0|0|0|1|0|0|0|0|1|0|0|NA|NA|NA|NA|NA|0|0|0|0|NA|0
"401430090081"|0|4|0|0|0|0|0|4|4|2|1|1|4|0|0|NA|NA|NA|NA|NA|20|3|16|997410|NA|0
"401430090082"|0|2|0|0|0|0|0|2|2|1|0|1|2|0|0|NA|NA|NA|NA|NA|10|2|12|807678|NA|0
"401430092002"|0|1|0|0|0|0|0|1|0|0|0|0|1|0|0|NA|NA|NA|NA|NA|0|0|0|0|NA|0
"401430111001"|0|1|0|0|0|0|0|1|1|1|0|0|0|1|0|16395|16395|NA|NA|6118|86|5|142|6760210|47607.1126760563|0
"401470007003"|0|1|1|0|0|0|0|1|1|1|0|0|0|1|0|23720|23720|9270|9270|8136|99|30|60|2946432|49107.2|0
"401470008004"|0|1|1|0|0|0|0|1|1|1|0|0|0|1|0|23720|23720|9270|9270|8136|99|30|60|2946432|49107.2|0
"401499649003"|0|1|0|0|0|0|0|1|1|0|0|1|1|0|0|NA|NA|NA|NA|NA|0|0|0|0|NA|0
"401519542001"|0|2|1|0|0|0|0|2|2|1|0|1|1|1|0|NA|NA|NA|NA|NA|150|55|176|10057030|NA|0
"401519542004"|0|2|1|0|0|0|0|2|2|1|0|1|1|1|0|NA|NA|NA|NA|NA|150|55|176|10057030|NA|0
"401539533003"|0|1|0|0|0|0|0|1|1|0|0|1|1|0|0|NA|NA|NA|NA|NA|0|0|0|0|NA|0
"401539535003"|0|1|0|0|0|0|0|1|1|0|0|1|1|0|0|NA|NA|NA|NA|NA|0|0|0|0|NA|0
"410030002022"|0|1|0|0|0|0|0|1|1|0|0|1|1|0|0|NA|NA|NA|NA|NA|0|0|0|0|NA|0
"410030106003"|0|1|1|0|0|1|0|1|1|1|0|0|0|0|1|8715|27195|12150|21799|11874|4286|876|2772|248296698|89573.1233766234|0
"410030106004"|0|1|1|0|0|1|0|1|1|1|0|0|0|0|1|8715|27195|12150|21799|11874|4286|876|2772|248296698|89573.1233766234|0
"410030109002"|0|1|0|0|0|0|0|1|1|0|0|1|1|0|0|NA|NA|NA|NA|NA|0|0|0|0|NA|0
"410050205051"|0|1|1|0|0|0|0|1|1|1|0|0|1|0|0|20835|20835|16681|16681|NA|66|16|74|4395788|59402.5405405405|0
"410050212001"|0|1|1|0|0|0|0|1|1|1|0|0|0|1|0|46534|46534|15822|15822|11540|384|118|440|39143706|88962.9681818182|0
"410050222013"|0|2|0|0|0|0|0|2|2|0|0|2|2|0|0|NA|NA|NA|NA|NA|0|0|0|0|NA|0
"410050226031"|0|1|0|0|0|0|0|1|1|1|1|0|0|1|0|4050|11565|NA|NA|NA|239|69|236|18072678|76579.1440677966|0
"410050244001"|0|1|0|0|0|0|0|1|1|1|0|0|0|1|0|13892|13892|NA|NA|NA|104|9|140|7033416|50238.6857142857|0
"410079503004"|0|1|0|0|0|0|0|1|1|1|1|0|1|0|0|3564|7128|NA|NA|NA|68|26|52|3495854|67227.9615384615|0
"410079504001"|0|1|0|0|0|0|0|1|1|1|1|0|1|0|0|3564|7128|NA|NA|NA|68|26|52|3495854|67227.9615384615|0
"410079509005"|0|1|0|0|0|0|0|1|1|0|0|1|1|0|0|NA|NA|NA|NA|NA|0|0|0|0|NA|0
"410079511002"|0|1|0|0|0|0|0|1|1|0|0|1|1|0|0|NA|NA|NA|NA|NA|0|0|0|0|NA|0
"410079511003"|0|1|0|0|0|0|0|1|1|0|0|1|1|0|0|NA|NA|NA|NA|NA|0|0|0|0|NA|0
"410079511004"|0|1|0|0|0|0|0|1|1|0|0|1|1|0|0|NA|NA|NA|NA|NA|0|0|0|0|NA|0
"410110004004"|0|1|0|0|0|0|0|1|1|1|1|0|0|1|0|4092|4092|NA|NA|7478|149|54|106|6123252|57766.5283018868|0
"410110005032"|0|1|0|0|0|0|0|1|1|1|1|0|0|1|0|4092|4092|NA|NA|7478|149|54|106|6123252|57766.5283018868|0
"410170013001"|0|1|0|0|0|0|0|1|1|1|1|0|0|1|0|4500|9216|NA|NA|9855|222|69|262|16297644|62204.7480916031|0
"410170013002"|0|1|0|0|0|0|0|1|1|1|1|0|0|1|0|4500|9216|NA|NA|9855|222|69|262|16297644|62204.7480916031|0
"410170013003"|0|1|0|0|0|0|0|1|1|1|1|0|0|1|0|4500|9216|NA|NA|9855|222|69|262|16297644|62204.7480916031|0
"410170014001"|0|1|1|0|0|0|0|1|1|1|0|0|0|1|0|8400|27195|12150|21789|NA|0|0|0|0|NA|0
"410170014002"|0|1|1|0|0|0|0|1|1|1|0|0|0|1|0|8400|27195|12150|21789|NA|0|0|0|0|NA|0
"410170018004"|0|1|0|0|0|0|0|1|1|0|0|1|1|0|0|NA|NA|NA|NA|NA|0|0|0|0|NA|0
"410190900001"|0|1|0|0|0|0|0|1|1|1|1|0|0|1|0|4416|8678|NA|NA|NA|163|58|110|6742516|61295.6|0
"410190900003"|0|1|0|0|0|0|0|1|1|1|1|0|0|1|0|4416|8678|NA|NA|NA|163|58|110|6742516|61295.6|0
"410190900004"|0|1|0|0|0|0|0|1|1|1|1|0|0|1|0|4416|8678|NA|NA|NA|163|58|110|6742516|61295.6|0
"410191300001"|0|1|0|0|0|0|0|1|1|0|0|1|1|0|0|NA|NA|NA|NA|NA|0|0|0|0|NA|0
"410290001002"|0|2|0|0|0|0|0|2|2|1|1|1|2|0|0|NA|NA|NA|NA|NA|3|0|0|0|NA|0
"410290003002"|0|1|0|0|0|0|0|1|1|0|0|1|1|0|0|NA|NA|NA|NA|NA|0|0|0|0|NA|0
"410290004061"|0|1|0|0|0|0|0|1|1|0|0|1|1|0|0|NA|NA|NA|NA|NA|0|0|0|0|NA|0
"410290005011"|0|1|0|0|0|0|0|1|1|0|0|1|1|0|0|NA|NA|NA|NA|NA|0|0|0|0|NA|0
"410290012001"|0|1|0|0|0|0|0|1|1|0|0|1|1|0|0|NA|NA|NA|NA|NA|0|0|0|0|NA|0
"410290019002"|0|1|1|0|0|0|0|1|1|1|0|0|0|1|0|6813|21460|14292|17892|12756|354|59|322|22087726|68595.4223602484|0
"410290022003"|0|1|1|0|0|0|0|1|1|1|0|0|0|1|0|6813|21460|14292|17892|12756|354|59|322|22087726|68595.4223602484|0
"410333605004"|0|1|0|0|0|0|0|1|1|0|0|1|1|0|0|NA|NA|NA|NA|NA|0|0|0|0|NA|0
"410359713006"|0|1|0|0|0|0|0|1|1|1|1|0|0|1|0|3222|6030|NA|NA|NA|76|10|68|3738660|54980.2941176471|0
"410359717004"|0|1|0|0|0|0|0|1|1|0|0|1|1|0|0|NA|NA|NA|NA|NA|0|0|0|0|NA|0
"410359720003"|0|1|1|0|0|0|0|1|1|1|0|0|0|1|0|8110|25811|11026|18505|9206|237|62|324|22159036|68392.0864197531|0
"410390011011"|0|1|0|0|0|0|0|1|1|1|1|0|0|1|0|3690|9018|NA|NA|7704|371|82|428|31137242|72750.5654205607|0
"410390021012"|0|1|0|0|0|0|0|1|1|0|0|1|1|0|0|NA|NA|NA|NA|NA|0|0|0|0|NA|0
"410390021022"|0|1|0|0|0|0|0|1|1|0|0|1|1|0|0|NA|NA|NA|NA|NA|0|0|0|0|NA|0
"410390036002"|0|1|0|0|0|0|0|1|1|1|1|0|0|1|0|3690|9018|NA|NA|7704|371|82|428|31137242|72750.5654205607|0
"410390037001"|0|1|1|0|0|0|0|1|1|1|0|0|0|0|1|8910|31590|14391|24759|11583|3501|692|2280|202732320|88917.6842105263|0
"410390037002"|0|1|1|0|0|0|0|1|1|1|0|0|0|0|1|8910|31590|14391|24759|11583|3501|692|2280|202732320|88917.6842105263|0
"410390038002"|0|1|1|0|0|0|0|1|1|1|0|0|1|0|0|27750|27750|15000|15000|8650|78|30|44|2385686|54220.1363636364|0
"410390044053"|0|1|1|0|0|0|0|1|1|1|0|0|1|0|0|14254|14254|8100|8100|6100|22|7|8|321202|40150.25|0
"410419511001"|0|1|0|0|0|0|0|1|1|0|0|1|1|0|0|NA|NA|NA|NA|NA|0|0|0|0|NA|0
"410419512002"|0|1|0|0|0|0|0|1|1|1|1|0|1|0|0|3564|7704|NA|NA|NA|25|10|22|1197858|54448.0909090909|0
"410419901000"|0|1|0|0|0|0|0|1|1|1|1|0|1|0|0|3564|7704|NA|NA|NA|25|10|22|1197858|54448.0909090909|0
"410430202001"|0|1|0|0|0|0|0|1|1|1|1|0|0|1|0|4176|9707|NA|NA|NA|277|96|262|19869140|75836.4122137405|0
"410459703002"|0|1|0|0|0|0|0|1|1|1|1|0|0|1|0|4410|4860|NA|NA|7346|94|24|104|6255586|60149.8653846154|0
"410470002002"|0|1|0|0|0|0|0|1|1|0|0|1|1|0|0|NA|NA|NA|NA|NA|0|0|0|0|NA|0
"410470002003"|0|1|1|0|0|0|0|1|1|1|0|0|0|1|0|46900|46900|39100|39100|11600|414|92|434|38375168|88422.0460829493|0
"410470016025"|0|1|0|0|0|0|0|1|1|1|1|0|0|0|1|3600|10890|NA|NA|NA|462|135|422|28722792|68063.4881516588|0
"410470016033"|0|1|0|0|0|0|0|1|1|0|0|1|1|0|0|NA|NA|NA|NA|NA|0|0|0|0|NA|0
"410470017012"|0|2|0|0|0|0|0|2|2|0|0|2|2|0|0|NA|NA|NA|NA|NA|0|0|0|0|NA|0
"410470018012"|0|1|1|0|0|0|0|1|1|1|0|0|0|1|0|29980|29980|8876|8876|9966|105|45|104|5945746|57170.6346153846|0
"410470018032"|0|1|1|0|0|0|0|1|1|1|0|0|0|1|0|29980|29980|8876|8876|9966|105|45|104|5945746|57170.6346153846|0
"410470021024"|0|1|0|0|0|0|0|1|1|0|0|0|1|0|0|NA|NA|NA|NA|NA|0|0|0|0|NA|0
"410470104005"|0|1|1|0|0|0|0|1|1|1|0|0|1|0|0|14592|14592|14592|14592|11765|8|5|52|2913734|56033.3461538462|0
"410510003012"|0|1|1|0|0|0|0|1|1|1|0|0|0|1|0|51850|51850|NA|NA|13150|324|62|322|30469202|94624.850931677|0
"410510015001"|0|0|1|0|0|0|0|1|1|1|0|0|1|0|0|NA|NA|13200|13200|NA|49|19|36|2220042|61667.8333333333|0
"410510016014"|0|1|1|0|0|0|0|1|1|1|0|0|1|0|0|22050|22050|8460|8460|8900|55|8|54|3187064|59019.7037037037|0
"410510017021"|0|1|1|0|0|0|0|1|1|1|0|0|1|0|0|23120|23120|13560|13560|8400|110|55|52|3025526|58183.1923076923|0
"410510021001"|0|5|0|0|0|0|0|5|5|1|1|4|5|0|0|NA|NA|NA|NA|NA|36|11|28|1455876|NA|0
"410510023032"|0|1|0|0|0|0|0|1|1|0|0|1|1|0|0|NA|NA|NA|NA|NA|0|0|0|0|NA|0
"410510024022"|0|1|0|0|0|0|0|1|1|0|0|1|1|0|0|NA|NA|NA|NA|NA|0|0|0|0|NA|0
"410510024023"|0|2|0|0|0|0|0|2|2|0|0|2|2|0|0|NA|NA|NA|NA|NA|0|0|0|0|NA|0
"410510036021"|0|1|0|0|0|0|0|1|1|0|0|0|1|0|0|NA|NA|NA|NA|NA|0|0|0|0|NA|0
"410510036022"|0|1|1|0|0|0|0|1|1|1|0|0|0|1|0|28740|28740|20910|20910|8500|308|107|154|11116112|72182.5454545455|0
"410510036031"|0|1|0|0|0|0|0|1|1|0|0|0|1|0|0|NA|NA|NA|NA|NA|0|0|0|0|NA|0
"410510040021"|0|1|1|0|0|0|0|1|1|1|0|0|0|1|0|41844|41844|17496|17496|12394|467|164|506|36453662|72042.8102766798|0
"410510046021"|0|1|0|0|0|0|0|1|1|0|0|1|1|0|0|10750|10750|NA|NA|NA|0|0|0|0|NA|0
"410510049001"|0|1|0|0|0|0|0|1|1|1|0|0|1|0|0|39700|39700|NA|NA|NA|0|0|0|0|NA|0
"410510050001"|0|1|0|0|0|0|0|1|1|0|0|1|1|0|0|NA|NA|NA|NA|NA|0|0|0|0|NA|0
"410510051001"|0|1|1|0|0|0|0|1|1|1|0|0|1|0|0|32820|32820|35460|35460|12230|74|8|50|2726620|54532.4|0
"410510051002"|0|1|1|0|0|0|0|2|2|2|0|0|2|0|0|NA|NA|NA|NA|NA|66|13|54|3216212|113815.555555556|0
"410510052001"|0|1|0|0|0|0|0|1|1|0|0|1|1|0|0|NA|NA|NA|NA|NA|0|0|0|0|NA|0
"410510052002"|0|1|0|0|0|0|0|1|1|0|0|1|1|0|0|NA|NA|NA|NA|NA|0|0|0|0|NA|0
"410510055001"|0|1|0|0|0|0|0|1|1|0|0|1|1|0|0|10750|10750|NA|NA|NA|0|0|0|0|NA|0
"410510056003"|0|1|1|0|0|0|0|1|1|1|0|0|0|0|1|7020|23535|13248|20736|9960|1695|422|1696|137447162|81041.9587264151|0
"410510057001"|0|1|1|0|1|0|0|1|1|1|0|0|1|0|0|8873|8873|19872|19872|NA|117|37|82|5730524|69884.4390243902|0
"410510057003"|0|1|1|0|1|0|0|1|1|1|0|0|1|0|0|8873|8873|19872|19872|NA|117|37|82|5730524|69884.4390243902|0
"410510058001"|0|1|1|0|0|0|0|1|1|1|0|0|0|0|1|7020|23535|13248|20736|9960|1695|422|1696|137447162|81041.9587264151|0
"410510058002"|0|1|1|0|1|1|0|1|1|1|0|0|0|1|0|12996|23832|20412|20412|NA|3293|310|822|98687602|120057.909975669|0
"410510059003"|0|1|1|0|0|0|0|1|1|1|0|0|1|0|0|7800|7800|8550|8550|NA|34|8|0|0|NA|0
"410510063001"|0|1|1|0|0|0|0|1|1|1|0|0|0|1|0|46534|46534|15822|15822|11540|384|118|440|39143706|88962.9681818182|0
"410510064042"|0|3|1|0|0|0|0|3|2|2|1|0|2|0|1|NA|NA|NA|NA|NA|1165|531|864|63088164|NA|0
"410510072021"|0|1|0|0|0|0|0|1|1|0|0|0|1|0|0|NA|NA|NA|NA|NA|0|0|0|0|NA|0
"410510073001"|0|1|0|0|0|0|0|1|1|0|0|0|1|0|0|NA|NA|NA|NA|NA|0|0|0|0|NA|0
"410510074002"|0|1|0|0|0|0|0|1|1|0|0|0|1|0|0|NA|NA|NA|NA|NA|0|0|0|0|NA|0
"410510079001"|0|1|0|0|0|0|0|1|1|0|0|0|1|0|0|NA|NA|NA|NA|NA|0|0|0|0|NA|0
"410510083021"|0|1|1|0|0|0|0|1|1|1|0|0|1|0|0|12120|12120|11280|11280|NA|12|1|0|0|NA|0
"410510085001"|0|1|0|0|0|0|0|1|1|1|0|0|1|0|0|20724|20724|NA|NA|NA|8|3|0|0|NA|0
"410510090002"|0|1|0|0|0|0|0|1|1|1|0|0|1|0|0|20724|20724|NA|NA|NA|8|3|0|0|NA|0
"410510094004"|0|1|1|0|1|0|0|1|1|1|0|0|1|0|0|NA|NA|8253|8253|NA|92|23|66|4821704|73056.1212121212|0
"410510104072"|0|1|0|0|0|0|0|1|1|1|1|0|0|1|0|4702|9787|NA|NA|NA|218|69|320|26365498|82392.18125|0
"410510106001"|0|3|0|0|0|0|0|3|3|2|2|1|3|0|0|NA|NA|NA|NA|NA|8|2|8|445842|NA|0
"410510106002"|0|2|0|0|0|0|0|2|2|2|2|0|2|0|0|NA|NA|NA|NA|NA|8|2|8|445842|NA|0
"410510106003"|0|1|0|0|0|0|0|1|1|0|0|1|1|0|0|NA|NA|NA|NA|NA|0|0|0|0|NA|0
"410530051001"|0|1|0|0|0|0|0|1|1|0|0|1|1|0|0|NA|NA|NA|NA|NA|0|0|0|0|NA|0
"410530052013"|0|1|0|0|0|0|0|1|1|0|0|1|1|0|0|NA|NA|NA|NA|NA|0|0|0|0|NA|0
"410530052022"|0|1|0|0|0|0|0|1|1|0|0|1|1|0|0|NA|NA|NA|NA|NA|0|0|0|0|NA|0
"410530203025"|0|1|1|0|0|0|0|1|1|1|0|0|0|1|0|7575|21735|13068|21960|9798|394|89|582|32499202|55840.5532646048|0
"410530203031"|0|1|1|0|0|0|0|1|1|1|0|0|0|1|0|7575|21735|13068|21960|9798|394|89|582|32499202|55840.5532646048|0
"410579604005"|0|1|0|0|0|0|0|1|1|1|1|0|1|0|0|3420|4140|NA|NA|NA|28|9|10|728730|72873|0
"410599504002"|0|1|0|0|0|0|0|1|1|1|1|0|0|1|0|4320|12960|NA|NA|NA|106|10|118|8916214|75561.1355932203|0
"410619707002"|0|1|1|0|0|0|0|1|1|1|0|0|0|1|0|6073|15822|10762|13354|8930|219|65|214|12475530|58296.8691588785|0
"410659703001"|0|1|0|0|0|0|0|1|1|1|1|0|1|0|0|3492|8100|NA|NA|NA|53|13|36|2320530|64459.1666666667|0
"410670301013"|0|2|2|0|0|0|0|2|1|1|0|0|2|0|0|NA|NA|NA|NA|NA|18|3|20|1011672|NA|0
"410670302001"|0|1|1|0|0|0|0|1|1|1|0|0|1|0|0|30500|30500|35900|35900|9000|18|3|20|1011672|50583.6|0
"410670307002"|0|2|1|0|0|0|0|2|1|1|0|0|2|0|0|NA|NA|NA|NA|NA|7|5|0|0|NA|0
"410670308061"|0|1|0|0|0|0|0|1|1|1|1|0|1|0|0|NA|NA|NA|NA|NA|17|4|30|560000|18666.6666666667|0
"410670309001"|0|1|0|0|0|0|0|1|1|0|0|1|1|0|0|NA|NA|NA|NA|NA|0|0|0|0|NA|0
"410670309002"|0|1|0|0|0|0|0|1|1|0|0|1|1|0|0|NA|NA|NA|NA|NA|0|0|0|0|NA|0
"410670313001"|0|1|0|0|0|0|0|1|1|0|0|1|1|0|0|NA|NA|NA|NA|NA|0|0|0|0|NA|0
"410670313002"|0|1|0|0|0|0|0|1|1|0|0|1|1|0|0|NA|NA|NA|NA|NA|0|0|0|0|NA|0
"410670320033"|0|1|0|0|0|0|0|1|1|0|0|1|1|0|0|NA|NA|NA|NA|NA|0|0|0|0|NA|0
"410670325011"|0|1|0|0|0|0|0|1|1|0|0|1|1|0|0|NA|NA|NA|NA|NA|0|0|0|0|NA|0
"410670325021"|0|1|0|0|0|0|0|1|1|0|0|1|1|0|0|NA|NA|NA|NA|NA|0|0|0|0|NA|0
"410670332002"|0|1|1|0|0|0|0|1|1|1|0|0|0|1|0|40120|40120|30421|30421|11822|407|214|580|46129158|79533.0310344828|0
"410710302014"|0|1|1|0|0|0|0|1|1|1|0|0|0|1|0|33370|33370|15504|15504|10528|255|91|400|28467264|71168.16|0
"410710308022"|0|2|1|0|0|0|0|2|2|2|0|0|1|1|0|52660|52660|NA|NA|NA|238|60|294|22104120|NA|0
"410710308023"|0|2|1|0|0|0|0|2|2|2|0|0|1|1|0|52660|52660|NA|NA|NA|238|60|294|22104120|NA|0
"420010315011"|0|1|0|0|0|0|0|1|1|1|0|0|0|1|0|50860|50860|NA|NA|12140|560|166|446|38763660|86914.0358744395|0
"420010315021"|0|0|1|0|0|0|0|1|1|1|0|0|1|0|0|NA|NA|8000|8000|NA|28|4|24|3645444|151893.5|0
"420030103002"|0|2|1|0|0|0|0|2|2|1|0|1|1|1|0|49682|49682|NA|NA|NA|1064|273|1004|89868526|NA|0
"420030201001"|0|3|1|0|0|0|0|3|3|3|1|0|2|1|0|60692|60692|NA|NA|30936|341|100|340|22250896|181898.485260771|0
"420030201002"|0|2|1|0|0|0|0|2|2|2|0|0|1|1|0|45312|45312|NA|NA|21496|330|96|322|21320552|130212.707482993|0
"420030201003"|0|2|1|0|0|0|0|2|2|1|1|0|1|0|0|NA|NA|NA|NA|NA|654|65|18|456902|NA|0
"420030201005"|0|1|0|0|0|0|0|1|1|1|1|0|1|0|0|15380|15380|NA|NA|9440|11|4|18|930344|51685.7777777778|0
"420030201006"|0|2|0|0|0|0|0|2|2|2|2|0|2|0|0|NA|NA|NA|NA|NA|42|16|48|2667282|109376.642857143|0
"420030203001"|0|3|0|0|0|0|0|3|3|3|2|0|2|1|0|NA|NA|NA|NA|NA|216|19|254|14359378|166134.390429958|0
"420030402002"|0|1|1|0|0|0|0|1|1|1|0|0|0|1|0|27136|27136|16261|16261|10784|169|36|194|12289870|63349.8453608247|0
"420030404001"|0|1|1|0|0|0|0|1|1|1|0|0|0|0|1|51196|51196|41807|41807|13270|3724|806|2338|266614952|114035.479897348|0
"420030509001"|0|1|0|0|0|0|0|1|1|1|0|0|0|1|0|16920|16920|NA|NA|NA|174|3|206|11692096|56757.7475728155|0
"420030605001"|0|1|0|0|0|0|0|1|1|1|0|0|0|1|0|16920|16920|NA|NA|NA|174|3|206|11692096|56757.7475728155|0
"420030709001"|0|1|0|0|0|0|0|1|1|0|0|1|1|0|0|14620|14620|NA|NA|NA|0|0|0|0|NA|0
"420030809001"|0|1|0|0|0|0|0|1|1|0|0|1|1|0|0|7765|7765|NA|NA|7400|0|0|0|0|NA|0
"420031113004"|0|0|1|0|0|0|0|1|1|1|0|0|1|0|0|NA|NA|11736|11736|NA|49|17|30|2708500|90283.3333333333|0
"420031115002"|0|1|0|0|0|0|0|1|1|1|1|0|1|0|0|NA|NA|NA|NA|NA|6|4|4|479692|119923|0
"420031303002"|0|0|1|0|0|0|0|1|1|1|0|0|1|0|0|NA|NA|11988|11988|NA|7|1|10|784336|78433.6|0
"420031303003"|0|0|1|0|0|0|0|1|1|1|0|0|1|0|0|NA|NA|11988|11988|NA|7|1|10|784336|78433.6|0
"420031304002"|0|0|1|0|0|0|0|1|1|1|0|0|1|0|0|NA|NA|11988|11988|NA|7|1|10|784336|78433.6|0
"420031401001"|0|1|1|0|0|0|0|1|1|1|0|0|0|0|1|51196|51196|41807|41807|13270|3724|806|2338|266614952|114035.479897348|0
"420031401003"|0|1|1|0|0|0|0|1|1|1|0|0|0|0|1|51196|51196|41807|41807|13270|3724|806|2338|266614952|114035.479897348|0
"420031401004"|0|1|1|0|0|0|0|1|1|1|0|0|0|0|1|51196|51196|41807|41807|13270|3724|806|2338|266614952|114035.479897348|0
"420031402001"|0|1|1|0|0|0|0|1|1|1|0|0|0|1|0|34195|34195|16254|16254|11042|249|45|222|16161082|72797.6666666667|0
"420031405001"|0|0|1|0|0|0|0|1|1|1|0|0|1|0|0|NA|NA|11988|11988|NA|7|1|10|784336|78433.6|0
"420031916002"|0|1|0|0|0|0|0|1|1|1|1|0|1|0|0|14000|14000|NA|NA|NA|2|0|20|474000|23700|0
"420031917001"|0|1|0|0|0|0|0|1|1|1|1|0|1|0|0|14000|14000|NA|NA|NA|2|0|20|474000|23700|0
"420032602001"|0|0|1|0|0|0|0|1|1|1|0|0|1|0|0|NA|NA|13050|13050|NA|2|1|14|171700|12264.2857142857|0
"420032602002"|0|0|1|0|0|0|0|1|1|1|0|0|1|0|0|NA|NA|13050|13050|NA|2|1|14|171700|12264.2857142857|0
"420032602003"|0|0|1|0|0|0|0|1|1|1|0|0|1|0|0|NA|NA|13050|13050|NA|2|1|14|171700|12264.2857142857|0
"420032614002"|0|1|0|0|0|0|0|1|1|1|1|0|1|0|0|16216|16216|NA|NA|NA|12|1|34|1374480|40425.8823529412|0
"420034050001"|0|1|0|0|0|0|0|1|1|1|1|0|1|0|0|NA|NA|NA|NA|NA|0|0|0|0|NA|0
"420034050002"|0|1|0|0|0|0|0|1|1|1|1|0|1|0|0|NA|NA|NA|NA|NA|0|0|0|0|NA|0
"420034135004"|0|1|1|0|0|0|0|1|1|1|0|0|0|1|0|26200|26200|16800|16800|10924|152|69|124|7839746|63223.7580645161|0
"420034200001"|0|1|0|0|0|0|0|1|1|0|0|1|1|0|0|14620|14620|NA|NA|NA|0|0|0|0|NA|0
"420034292012"|0|1|0|0|0|0|0|1|1|0|0|1|1|0|0|NA|NA|NA|NA|NA|0|0|0|0|NA|0
"420034292023"|0|1|0|0|0|0|0|1|1|0|0|1|1|0|0|NA|NA|NA|NA|NA|0|0|0|0|NA|0
"420034302002"|0|1|0|0|0|0|0|1|1|1|1|0|1|0|0|NA|NA|NA|NA|NA|3|1|16|273240|17077.5|0
"420034324003"|0|1|0|0|0|0|0|1|1|0|0|1|1|0|0|NA|NA|NA|NA|NA|0|0|0|0|NA|0
"420034511023"|0|1|1|0|0|0|0|1|1|1|0|0|0|1|0|27320|27320|NA|NA|12590|406|102|410|42208132|102946.663414634|0
"420034530031"|0|1|0|0|0|0|0|1|1|1|1|0|0|1|0|16415|16415|NA|NA|9405|160|65|146|8528280|58412.8767123288|0
"420034560012"|0|1|0|0|0|0|0|1|1|1|1|0|0|1|0|16415|16415|NA|NA|9405|160|65|146|8528280|58412.8767123288|0
"420034592013"|0|1|0|0|0|0|0|1|1|1|1|0|1|0|0|NA|NA|NA|NA|NA|0|0|0|0|NA|0
"420034600021"|0|1|0|0|0|0|0|1|1|1|1|0|1|0|0|12850|12850|NA|NA|NA|33|2|64|3346584|52290.375|0
"420034600022"|0|1|0|0|0|0|0|1|1|0|0|1|1|0|0|15100|15100|NA|NA|NA|0|0|0|0|NA|0
"420034731003"|0|1|0|0|0|0|0|1|1|0|0|1|1|0|0|NA|NA|NA|NA|NA|0|0|0|0|NA|0
"420034731005"|0|1|0|0|0|0|0|1|1|0|0|1|1|0|0|NA|NA|NA|NA|NA|0|0|0|0|NA|0
"420034802001"|0|2|0|0|0|0|0|2|2|1|1|1|2|0|0|NA|NA|NA|NA|NA|43|1|82|3437972|NA|0
"420034885002"|0|2|0|0|0|0|0|2|2|1|1|1|2|0|0|NA|NA|NA|NA|NA|43|1|82|3437972|NA|0
"420034886003"|0|1|0|0|0|0|0|1|1|0|0|1|1|0|0|NA|NA|NA|NA|NA|0|0|0|0|NA|0
"420034886004"|0|1|0|0|0|0|0|1|1|0|0|1|1|0|0|NA|NA|NA|NA|NA|0|0|0|0|NA|0
"420035030022"|0|1|1|0|0|0|0|1|1|1|0|0|1|0|0|12718|19598|18816|24122|11230|74|28|76|5755254|75727.0263157895|0
"420035212001"|0|1|0|0|0|0|0|1|1|1|1|0|1|0|0|NA|NA|NA|NA|NA|4|1|20|285680|14284|0
"420035212002"|0|2|0|0|0|0|0|2|2|1|1|1|2|0|0|NA|NA|NA|NA|NA|4|1|20|285680|NA|0
"420035213023"|0|1|0|0|0|0|0|1|1|0|0|1|1|0|0|NA|NA|NA|NA|NA|0|0|0|0|NA|0
"420035215002"|0|1|0|0|0|0|0|1|1|0|0|1|1|0|0|NA|NA|NA|NA|NA|0|0|0|0|NA|0
"420035236002"|0|1|0|0|0|0|0|1|1|1|1|0|1|0|0|NA|NA|NA|NA|NA|9|1|8|155384|19423|0
"420035624001"|0|1|0|0|0|0|0|1|1|1|1|0|1|0|0|14000|14000|NA|NA|NA|2|0|20|474000|23700|0
"420035626001"|0|1|0|0|0|0|0|1|1|0|0|1|1|0|0|NA|NA|NA|NA|NA|0|0|0|0|NA|0
"420035626002"|0|1|0|0|0|0|0|1|1|0|0|1|1|0|0|NA|NA|NA|NA|NA|0|0|0|0|NA|0
"420035627001"|0|1|0|0|0|0|0|1|1|1|1|0|0|0|1|6467|9698|NA|NA|NA|563|249|518|34241334|66102.9613899614|0
"420039806001"|0|1|0|0|0|0|0|1|1|1|1|0|1|0|0|NA|NA|NA|NA|NA|29|6|28|1169688|41774.5714285714|0
"420039807001"|0|1|0|0|0|0|0|1|1|1|1|0|1|0|0|15380|15380|NA|NA|9440|11|4|18|930344|51685.7777777778|0
"420039812001"|0|2|1|0|0|0|0|2|2|2|0|0|1|1|0|45312|45312|NA|NA|21496|330|96|322|21320552|130212.707482993|0
"420039822001"|0|1|1|0|0|1|0|1|1|1|0|0|0|0|1|17688|28828|21748|35904|10950|5209|1496|3524|371885702|105529.427355278|0
"420059509002"|0|1|0|0|0|0|0|1|1|0|0|1|1|0|0|NA|NA|NA|NA|NA|0|0|0|0|NA|0
"420059509004"|0|1|0|0|0|0|0|1|1|0|0|1|1|0|0|NA|NA|NA|NA|NA|0|0|0|0|NA|0
"420059511004"|0|1|0|0|0|0|0|1|1|0|0|1|1|0|0|NA|NA|NA|NA|NA|0|0|0|0|NA|0
"420076011002"|0|1|1|0|0|0|0|1|1|1|0|0|0|1|0|25680|25680|11934|11934|9770|167|45|160|9467594|59172.4625|0
"420076012003"|0|1|0|0|0|0|0|1|1|0|0|1|1|0|0|NA|NA|NA|NA|NA|0|0|0|0|NA|0
"420076041001"|0|0|0|0|0|0|0|1|0|0|0|0|0|0|0|NA|NA|NA|NA|NA|0|0|0|0|NA|0
"420076042001"|0|0|1|0|0|0|0|1|1|1|0|0|1|0|0|NA|NA|11976|11976|NA|24|5|26|1755860|67533.0769230769|0
"420076055001"|0|1|0|0|0|0|0|1|1|1|1|0|0|1|0|9180|13770|NA|NA|NA|99|41|92|5023568|54604|0
"420076055003"|0|2|0|0|0|0|0|2|2|1|0|1|2|0|0|NA|NA|NA|NA|NA|78|25|70|5174034|NA|0
"420110005003"|0|1|0|0|0|0|0|1|1|0|0|1|1|0|0|NA|NA|NA|NA|NA|0|0|0|0|NA|0
"420110006002"|0|1|1|0|0|0|0|1|1|1|0|0|0|1|0|40644|40644|NA|NA|11188|224|74|240|15798862|65828.5916666667|0
"420110025001"|0|1|0|0|0|0|0|1|1|1|1|0|0|1|0|7500|8430|NA|NA|NA|132|42|112|6981432|62334.2142857143|0
"420110027001"|0|1|0|0|0|0|0|1|1|0|0|1|1|0|0|11306|11306|NA|NA|6149|0|0|0|0|NA|0
"420110029001"|0|1|1|0|0|0|0|1|1|1|0|0|0|1|0|31650|31650|13140|13140|11240|214|87|216|13642750|63160.8796296296|0
"420110103043"|0|1|0|0|0|0|0|1|1|0|0|1|1|0|0|NA|NA|NA|NA|NA|0|0|0|0|NA|0
"420110103044"|0|1|0|0|0|0|0|1|1|0|0|1|1|0|0|NA|NA|NA|NA|NA|0|0|0|0|NA|0
"420110109031"|0|1|1|0|0|0|0|1|1|1|0|0|0|1|0|13868|21874|19812|26104|11230|171|55|280|21574688|77052.4571428571|0
"420110111011"|0|1|0|0|0|0|0|1|1|1|1|0|1|0|0|9300|9300|NA|NA|NA|30|9|70|3211026|45871.8|0
"420110126002"|0|1|0|0|0|0|0|1|1|0|0|1|1|0|0|NA|NA|NA|NA|NA|0|0|0|0|NA|0
"420110141003"|0|1|1|0|0|0|0|1|1|1|0|0|0|1|0|7238|18096|8694|13050|9438|517|147|822|67347130|81930.8150851581|0
"420130106002"|0|1|0|0|0|0|0|1|1|0|0|1|1|0|0|NA|NA|NA|NA|NA|0|0|0|0|NA|0
"420130110013"|0|1|1|0|0|0|0|1|1|1|0|0|0|1|0|20710|20710|13500|13500|9940|125|36|144|8824532|61281.4722222222|0
"420131008001"|0|1|0|0|0|0|0|1|1|1|0|0|0|1|0|13868|21874|19812|26104|11230|249|93|396|28076254|70899.6313131313|0
"420131012004"|0|1|0|0|0|0|0|1|1|1|1|0|1|0|0|NA|NA|NA|NA|NA|9|2|36|1646354|45732.0555555556|0
"420131014002"|0|1|0|0|0|0|0|1|1|0|0|1|1|0|0|NA|NA|NA|NA|NA|0|0|0|0|NA|0
"420131015001"|0|1|0|0|0|0|0|1|1|0|0|1|1|0|0|NA|NA|NA|NA|NA|0|0|0|0|NA|0
"420131015002"|0|1|0|0|0|0|0|1|1|0|0|1|1|0|0|NA|NA|NA|NA|NA|0|0|0|0|NA|0
"420131016002"|0|1|0|0|0|0|0|1|1|0|0|1|1|0|0|NA|NA|NA|NA|NA|0|0|0|0|NA|0
"420159509003"|0|1|0|0|0|0|0|1|1|0|0|1|1|0|0|NA|NA|NA|NA|NA|0|0|0|0|NA|0
"420171002013"|0|2|1|0|0|0|0|2|2|1|0|1|1|1|0|29670|29670|NA|NA|NA|39|8|18|1249094|NA|0
"420171002014"|0|2|1|0|0|0|0|2|2|1|0|1|1|1|0|29670|29670|NA|NA|NA|39|8|18|1249094|NA|0
"420171003021"|0|1|0|0|0|0|0|1|1|1|1|0|1|0|0|NA|NA|NA|NA|NA|50|11|28|1681046|60037.3571428571|0
"420171003023"|0|1|0|0|0|0|0|1|1|1|1|0|1|0|0|NA|NA|NA|NA|NA|50|11|28|1681046|60037.3571428571|0
"420171008033"|0|1|0|0|0|0|0|1|1|1|1|0|1|0|0|NA|NA|NA|NA|NA|0|0|0|0|NA|0
"420171008111"|0|1|0|0|0|0|0|1|1|1|1|0|1|0|0|NA|NA|NA|NA|NA|0|0|0|0|NA|0
"420171008112"|0|1|0|0|0|0|0|1|1|1|1|0|1|0|0|NA|NA|NA|NA|NA|0|0|0|0|NA|0
"420171008113"|0|1|0|0|0|0|0|1|1|1|1|0|1|0|0|NA|NA|NA|NA|NA|0|0|0|0|NA|0
"420171009004"|0|1|1|0|0|0|0|1|1|1|0|0|0|1|0|24946|24946|11790|11790|9583|100|31|80|4487868|56098.35|0
"420171014041"|0|1|0|0|0|0|0|1|1|0|0|1|1|0|0|NA|NA|NA|NA|NA|0|0|0|0|NA|0
"420171016033"|0|1|0|0|0|0|0|1|1|0|0|1|1|0|0|NA|NA|NA|NA|NA|0|0|0|0|NA|0
"420171048001"|0|1|1|0|0|0|0|1|1|1|0|0|0|1|0|34400|34400|7824|7824|13328|258|59|176|12248550|69594.0340909091|0
"420171052031"|0|1|0|0|0|0|0|1|1|1|1|0|0|1|0|6720|10080|NA|NA|NA|318|111|286|18871150|65983.041958042|0
"420171058092"|0|1|0|0|0|0|0|1|1|0|0|1|1|0|0|NA|NA|NA|NA|NA|0|0|0|0|NA|0
"420171058093"|0|1|0|0|0|0|0|1|1|0|0|1|1|0|0|NA|NA|NA|NA|NA|0|0|0|0|NA|0
"420171061002"|0|1|1|0|0|0|0|1|1|1|0|0|0|1|0|24946|24946|11790|11790|9583|100|31|80|4487868|56098.35|0
"420171062001"|0|1|0|0|0|0|0|1|1|0|0|1|1|0|0|NA|NA|NA|NA|NA|0|0|0|0|NA|0
"420199023003"|0|1|0|0|0|0|0|1|1|0|0|1|1|0|0|NA|NA|NA|NA|NA|0|0|0|0|NA|0
"420199024002"|0|1|0|0|0|0|0|1|1|0|0|1|1|0|0|NA|NA|NA|NA|NA|0|0|0|0|NA|0
"420199025002"|0|1|0|0|0|0|0|1|1|0|0|1|1|0|0|NA|NA|NA|NA|NA|0|0|0|0|NA|0
"420199031002"|0|1|0|0|0|0|0|1|1|1|1|0|0|1|0|6240|9360|NA|NA|NA|159|46|126|7761368|61598.1587301587|0
"420199105001"|0|1|1|0|0|0|0|1|1|1|0|0|0|1|0|7238|10858|11592|17400|10110|490|155|688|58983706|85732.1308139535|0
"420199124012"|0|1|0|0|0|0|0|1|1|0|0|1|1|0|0|NA|NA|NA|NA|NA|0|0|0|0|NA|0
"420210007002"|0|2|0|0|0|0|0|2|1|0|0|1|2|0|0|NA|NA|NA|NA|NA|0|0|0|0|NA|0
"420210007003"|0|2|0|0|0|0|0|2|1|0|0|1|2|0|0|NA|NA|NA|NA|NA|0|0|0|0|NA|0
"420210105002"|0|1|0|0|0|0|0|1|1|0|0|1|1|0|0|NA|NA|NA|NA|NA|0|0|0|0|NA|0
"420210105003"|0|1|0|0|0|0|0|1|1|0|0|1|1|0|0|NA|NA|NA|NA|NA|0|0|0|0|NA|0
"420210106002"|0|1|0|0|0|0|0|1|1|0|0|1|1|0|0|NA|NA|NA|NA|NA|0|0|0|0|NA|0
"420210107001"|0|1|0|0|0|0|0|1|0|0|0|0|1|0|0|NA|NA|NA|NA|NA|0|0|0|0|NA|0
"420210107002"|0|1|0|0|0|0|0|1|0|0|0|0|1|0|0|NA|NA|NA|NA|NA|0|0|0|0|NA|0
"420210108012"|0|1|0|0|0|0|0|1|1|0|0|1|1|0|0|NA|NA|NA|NA|NA|0|0|0|0|NA|0
"420210108015"|0|1|0|0|0|0|0|1|1|0|0|1|1|0|0|NA|NA|NA|NA|NA|0|0|0|0|NA|0
"420210111001"|0|1|0|0|0|0|0|1|1|1|1|0|1|0|0|16836|16836|NA|NA|16470|8|2|48|3234654|67388.625|0
"420210111002"|0|1|0|0|0|0|0|1|1|1|1|0|1|0|0|16836|16836|NA|NA|16470|8|2|48|3234654|67388.625|0
"420210123002"|0|1|1|0|0|0|0|1|1|1|0|0|0|1|0|32244|32244|25000|25000|11000|355|119|272|20561626|75594.2132352941|0
"420210125003"|0|1|0|0|0|0|0|1|0|0|0|0|1|0|0|NA|NA|NA|NA|NA|0|0|0|0|NA|0
"420210125004"|0|1|0|0|0|0|0|1|0|0|0|0|1|0|0|NA|NA|NA|NA|NA|0|0|0|0|NA|0
"420210128002"|0|1|1|0|0|0|0|1|1|1|0|0|0|1|0|20710|20710|13500|13500|9940|125|36|144|8824532|61281.4722222222|0
"420210137001"|0|3|0|0|0|0|0|3|2|2|1|1|1|2|0|NA|NA|NA|NA|NA|257|98|340|20495036|NA|0
"420270116001"|0|1|1|0|0|0|0|1|1|1|0|0|0|0|1|13174|13174|19712|19712|NA|421|144|0|0|NA|0
"420270122001"|0|1|1|0|1|0|0|1|1|1|0|0|0|0|1|16952|31434|19964|34266|11230|10962|2673|5500|576140678|104752.850545455|0
"420270122002"|0|1|1|0|1|0|0|1|1|1|0|0|0|0|1|16952|31434|19964|34266|11230|10962|2673|5500|576140678|104752.850545455|0
"420270122003"|0|1|1|0|1|0|0|1|1|1|0|0|0|0|1|16952|31434|19964|34266|11230|10962|2673|5500|576140678|104752.850545455|0
"420270124003"|0|1|1|0|1|0|0|1|1|1|0|0|0|0|1|16952|31434|19964|34266|11230|10962|2673|5500|576140678|104752.850545455|0
"420270126002"|0|1|0|0|0|0|0|1|0|0|0|0|1|0|0|NA|NA|NA|NA|NA|0|0|0|0|NA|0
"420270128002"|0|1|0|0|0|0|0|1|1|1|1|0|1|0|0|16521|16521|NA|NA|NA|56|27|66|3228580|48917.8787878788|0
"420293020001"|0|1|1|0|0|0|0|1|1|1|0|0|1|0|0|19224|19224|7650|7650|8360|65|18|60|3267848|54464.1333333333|0
"420293020002"|0|1|1|0|0|0|0|1|1|1|0|0|1|0|0|19224|19224|7650|7650|8360|65|18|60|3267848|54464.1333333333|0
"420293021012"|0|0|1|0|0|0|0|1|1|1|0|0|1|0|0|NA|NA|22776|37140|NA|48|21|64|7570926|118295.71875|0
"420293041011"|0|1|0|0|0|0|0|1|1|0|0|1|1|0|0|NA|NA|NA|NA|NA|0|0|0|0|NA|0
"420293041012"|0|1|0|0|0|0|0|1|1|0|0|1|1|0|0|NA|NA|NA|NA|NA|0|0|0|0|NA|0
"420293044032"|0|1|0|0|0|0|0|1|1|0|0|1|1|0|0|NA|NA|NA|NA|NA|0|0|0|0|NA|0
"420293045021"|0|1|0|0|0|0|0|1|1|0|0|1|0|1|0|NA|NA|NA|NA|NA|0|0|0|0|NA|0
"420293079001"|0|1|1|1|0|0|0|1|1|1|0|0|0|1|0|7369|12180|10106|17636|9268|212|81|188|14452854|76876.8829787234|0
"420293104001"|0|1|1|0|0|0|0|1|1|1|0|0|0|0|1|7238|18096|11592|17400|12860|840|220|1368|116232838|84965.5248538012|0
"420311603001"|0|1|0|0|0|0|0|1|1|0|0|1|1|0|0|NA|NA|NA|NA|NA|0|0|0|0|NA|0
"420311606004"|0|1|1|0|0|0|0|1|1|1|0|0|0|1|0|7238|10858|11592|17400|11146|362|113|408|35602674|87261.4558823529|0
"420333303001"|0|2|0|0|0|0|0|2|1|1|0|0|2|0|0|NA|NA|NA|NA|NA|54|19|86|6098562|NA|0
"420333303003"|0|1|0|0|0|0|0|1|1|0|0|1|1|0|0|NA|NA|NA|NA|NA|0|0|0|0|NA|0
"420333306002"|0|1|0|0|0|0|0|1|1|0|0|1|1|0|0|NA|NA|NA|NA|NA|0|0|0|0|NA|0
"420350307001"|0|1|1|0|0|0|0|1|1|1|0|0|0|1|0|7238|16096|11592|17400|9588|298|95|408|37493930|91896.887254902|0
"420350307005"|0|1|1|0|0|0|0|1|1|1|0|0|0|1|0|7238|16096|11592|17400|9588|298|95|408|37493930|91896.887254902|0
"420350307006"|0|1|1|0|0|0|0|1|1|1|0|0|0|1|0|7238|16096|11592|17400|9588|298|95|408|37493930|91896.887254902|0
"420370511003"|0|1|1|0|0|0|0|1|1|1|0|0|0|1|0|7238|18096|11592|17400|8912|588|178|832|69045418|82987.28125|0
"420370511004"|0|1|1|0|0|0|0|1|1|1|0|0|0|1|0|7238|18096|11592|17400|8912|588|178|832|69045418|82987.28125|0
"420391111002"|0|1|0|0|0|0|0|1|1|1|1|0|1|0|0|10958|20702|NA|NA|10472|38|20|48|2799684|58326.75|0
"420391115001"|0|1|0|0|0|0|0|1|1|1|1|0|1|0|0|8794|8794|NA|NA|NA|7|0|18|511482|28415.6666666667|0
"420391115004"|0|1|0|0|0|0|0|1|1|0|0|1|1|0|0|NA|NA|NA|NA|NA|0|0|0|0|NA|0
"420391116001"|0|1|0|0|0|0|0|1|1|0|0|1|1|0|0|NA|NA|NA|NA|NA|0|0|0|0|NA|0
"420391116003"|0|1|0|0|0|0|0|1|1|0|0|1|1|0|0|NA|NA|NA|NA|NA|0|0|0|0|NA|0
"420391117002"|0|1|0|0|0|0|0|1|1|1|0|0|0|1|0|43750|43750|NA|NA|11170|281|123|348|25860010|74310.3735632184|0
"420410101001"|0|1|1|0|0|0|0|1|1|1|0|0|0|1|0|16776|16776|11412|11412|6798|101|35|82|5139086|62671.7804878049|0
"420410123002"|0|1|0|0|0|0|0|1|1|1|0|0|0|1|0|50730|50730|NA|NA|12794|619|172|484|39956376|82554.4958677686|0
"420410124003"|0|0|1|0|0|0|0|1|1|1|0|0|1|0|0|NA|NA|46176|46176|NA|45|13|38|4961880|130575.789473684|0
"420410125022"|0|1|0|0|0|0|0|1|1|1|1|0|1|0|0|9288|9288|NA|NA|NA|5|2|14|625960|44711.4285714286|0
"420410131021"|0|1|1|0|0|0|0|1|1|1|0|0|0|1|0|8430|16286|11592|17400|11324|444|127|578|53471742|92511.6643598616|0
"420419816061"|0|1|1|0|0|0|0|1|1|1|0|0|0|1|0|32350|32350|11250|11250|9920|434|124|378|28817716|76237.3439153439|0
"420430201003"|0|1|1|0|0|0|0|1|1|1|0|0|0|1|0|23900|23900|7200|7200|NA|59|3|78|8254312|105824.512820513|0
"420430209001"|0|1|0|0|0|0|0|1|1|1|1|0|0|0|1|6390|7680|NA|NA|NA|576|216|592|38034136|64246.8513513514|0
"420430209004"|0|1|1|0|0|0|0|1|1|0|0|0|0|0|0|NA|NA|NA|NA|NA|155|13|0|0|NA|0
"420430211002"|0|1|0|0|0|0|0|1|1|1|1|0|0|0|1|6390|7680|NA|NA|NA|576|216|592|38034136|64246.8513513514|0
"420430217001"|0|1|0|0|0|0|0|1|1|0|0|1|1|0|0|NA|NA|NA|NA|NA|0|0|0|0|NA|0
"420430219042"|0|0|1|0|0|0|0|1|0|0|0|0|1|0|0|NA|NA|NA|NA|NA|0|0|0|0|NA|0
"420430221002"|0|1|0|0|0|0|0|1|1|0|0|1|1|0|0|NA|NA|NA|NA|NA|0|0|0|0|NA|0
"420430222002"|0|1|0|0|0|0|0|1|1|0|0|1|1|0|0|NA|NA|NA|NA|NA|0|0|0|0|NA|0
"420430223004"|0|1|0|0|0|0|0|1|1|0|0|1|1|0|0|NA|NA|NA|NA|NA|0|0|0|0|NA|0
"420430225012"|0|1|0|0|0|0|0|1|1|1|1|0|1|0|0|NA|NA|NA|NA|NA|16|3|30|1157074|38569.1333333333|0
"420430225013"|0|1|0|0|0|0|0|1|1|1|1|0|1|0|0|NA|NA|NA|NA|NA|16|3|30|1157074|38569.1333333333|0
"420430227011"|0|1|0|0|0|0|0|1|1|1|1|0|1|0|0|NA|NA|NA|NA|NA|16|7|2|76000|38000|0
"420430229002"|0|1|0|0|0|0|0|1|1|1|1|0|1|0|0|NA|NA|NA|NA|NA|0|0|0|0|NA|0
"420430236022"|0|1|1|0|0|0|0|1|1|1|0|0|0|1|0|13868|21874|19812|26104|11230|304|110|474|41080392|86667.4936708861|0
"420430237001"|0|1|1|0|0|0|0|1|1|1|0|0|0|1|0|13868|21874|19812|26104|11230|304|110|474|41080392|86667.4936708861|0
"420430241054"|0|0|1|0|0|1|0|1|1|1|0|0|1|0|0|NA|NA|21294|35650|NA|0|0|0|0|NA|0
"420454004011"|0|1|0|0|0|0|0|1|1|0|0|1|1|0|0|NA|NA|NA|NA|NA|0|0|0|0|NA|0
"420454028001"|0|1|0|0|0|0|0|1|1|0|0|1|1|0|0|NA|NA|NA|NA|NA|0|0|0|0|NA|0
"420454028003"|0|1|0|0|0|0|0|1|1|0|0|1|1|0|0|NA|NA|NA|NA|NA|0|0|0|0|NA|0
"420454028004"|0|1|0|0|0|0|0|1|1|0|0|1|1|0|0|NA|NA|NA|NA|NA|0|0|0|0|NA|0
"420454037011"|0|1|0|0|0|0|0|1|1|0|0|1|1|0|0|NA|NA|NA|NA|NA|0|0|0|0|NA|0
"420454037012"|0|1|0|0|0|0|0|1|1|0|0|1|1|0|0|NA|NA|NA|NA|NA|0|0|0|0|NA|0
"420454037021"|0|1|0|0|0|0|0|1|1|1|1|0|1|0|0|15331|15331|NA|NA|NA|20|5|14|809612|57829.4285714286|0
"420454047002"|0|1|1|0|0|0|0|1|1|1|0|0|0|1|0|42034|42034|24800|24800|14424|622|229|562|45970164|81797.4448398576|0
"420454069032"|0|1|1|0|0|0|0|1|1|1|0|0|0|1|0|27340|27340|12060|12060|12158|181|72|200|12649848|63249.24|0
"420454069041"|0|1|1|0|0|0|0|1|1|1|0|0|0|1|0|27340|27340|12060|12060|12158|181|72|200|12649848|63249.24|0
"420454069042"|0|1|1|0|0|0|0|1|1|1|0|0|0|1|0|27340|27340|12060|12060|12158|181|72|200|12649848|63249.24|0
"420454072012"|0|1|0|0|0|0|0|1|1|1|0|0|0|1|0|13174|20608|19712|25364|NA|71|26|140|10670736|76219.5428571429|0
"420454072013"|0|1|0|0|0|0|0|1|1|1|0|0|0|1|0|13174|20608|19712|25364|NA|71|26|140|10670736|76219.5428571429|0
"420454076001"|0|1|0|0|0|0|0|1|1|1|0|0|0|1|0|48720|48720|NA|NA|14446|567|119|434|49380334|113779.571428571|0
"420454076006"|0|1|0|0|0|0|0|1|1|1|0|0|0|1|0|48720|48720|NA|NA|14446|567|119|434|49380334|113779.571428571|0
"420454078025"|0|1|0|0|0|0|0|1|1|0|0|1|1|0|0|NA|NA|NA|NA|NA|0|0|0|0|NA|0
"420454079021"|0|1|0|0|0|0|0|1|1|1|1|0|1|0|0|13500|13500|NA|NA|NA|38|21|34|2230006|65588.4117647059|0
"420454079022"|0|1|0|0|0|0|0|1|1|1|1|0|1|0|0|13500|13500|NA|NA|NA|38|21|34|2230006|65588.4117647059|0
"420454080015"|0|1|0|0|0|0|0|1|1|1|1|0|0|0|1|6780|10170|NA|NA|NA|342|118|284|24981740|87963.8732394366|0
"420454081011"|0|1|0|0|0|0|0|1|1|0|0|1|1|0|0|NA|NA|NA|NA|NA|0|0|0|0|NA|0
"420454081013"|0|1|0|0|0|0|0|1|1|0|0|1|1|0|0|NA|NA|NA|NA|NA|0|0|0|0|NA|0
"420454081032"|0|1|0|0|0|0|0|1|1|1|1|0|1|0|0|NA|NA|NA|NA|NA|19|10|6|323620|53936.6666666667|0
"420454083001"|0|1|0|0|0|0|0|1|1|1|0|0|0|1|0|50564|50564|NA|NA|15466|371|60|286|26323590|92040.5244755245|0
"420454096013"|0|1|1|0|0|0|0|1|1|1|0|0|0|0|1|NA|NA|NA|NA|NA|186|40|42|5760566|137156.333333333|0
"420454097011"|0|1|1|0|0|0|0|1|1|1|0|0|0|0|1|48610|48610|17917|17917|13093|1513|387|1288|127301810|98836.8090062112|0
"420454098023"|0|3|2|0|0|0|0|3|2|3|1|0|1|2|0|90410|90410|NA|NA|38574|476|151|458|27677156|173753.996149414|0
"420454101002"|0|1|1|1|0|0|0|1|1|1|0|0|1|0|0|9060|14940|10440|15672|11852|104|35|94|8241270|87673.085106383|0
"420454105003"|0|1|0|0|0|0|0|1|0|0|0|0|1|0|0|NA|NA|NA|NA|NA|0|0|0|0|NA|0
"420490001001"|0|1|1|0|0|0|0|1|1|1|0|0|0|1|0|30185|30185|17370|17370|11990|425|179|476|34128068|71697.6218487395|0
"420490012002"|0|1|0|0|0|0|0|1|1|1|1|0|1|0|0|16216|16216|NA|NA|NA|6|3|12|515520|42960|0
"420490028004"|0|1|1|0|0|0|0|1|1|1|0|0|0|1|0|32430|32430|22430|22430|11624|278|89|270|17421872|64525.4518518519|0
"420490030004"|0|0|1|0|0|1|0|1|1|1|0|0|0|1|0|NA|NA|13814|13814|NA|235|82|174|25567690|146940.747126437|0
"420490103031"|0|1|0|0|0|0|0|1|1|1|1|0|1|0|0|14994|14994|NA|NA|NA|20|3|30|1746120|58204|0
"420490103034"|0|1|0|0|0|0|0|1|1|1|1|0|1|0|0|14994|14994|NA|NA|NA|20|3|30|1746120|58204|0
"420490109032"|0|1|0|0|0|0|0|1|1|1|1|0|1|0|0|12528|12528|NA|NA|NA|9|5|48|2114294|44047.7916666667|0
"420490110021"|0|1|0|0|0|0|0|1|1|1|1|0|1|0|0|NA|NA|NA|NA|NA|26|4|52|1976758|38014.5769230769|0
"420490110022"|0|1|0|0|0|0|0|1|1|1|1|0|1|0|0|12528|12528|NA|NA|NA|9|5|48|2114294|44047.7916666667|0
"420490117011"|0|1|0|0|0|0|0|1|1|1|1|0|1|0|0|15950|15950|NA|NA|9960|53|24|88|4230316|48071.7727272727|0
"420490122023"|0|1|1|0|0|0|0|1|1|1|0|0|0|1|0|7238|7600|8694|13050|11219|371|99|546|46764684|85649.6043956044|0
"420490123005"|0|1|1|0|0|0|0|1|1|1|0|0|0|1|0|13868|21874|19812|26104|11230|333|110|548|45056722|82220.295620438|0
"420512609001"|0|1|0|0|0|0|0|1|1|1|0|0|1|0|0|12718|19598|18816|24122|NA|54|23|90|6461178|71790.8666666667|0
"420512610002"|0|1|0|0|0|0|0|1|1|1|0|0|1|0|0|12718|19598|18816|24122|NA|54|23|90|6461178|71790.8666666667|0
"420512615001"|0|1|0|0|0|0|0|1|1|1|0|0|1|0|0|12718|19598|18816|24122|NA|54|23|90|6461178|71790.8666666667|0
"420512616002"|0|1|0|0|0|0|0|1|1|1|0|0|1|0|0|12718|19598|18816|24122|NA|54|23|90|6461178|71790.8666666667|0
"420512617002"|0|1|0|0|0|0|0|1|1|1|1|0|1|0|0|8794|8794|NA|NA|NA|17|3|32|1292768|40399|0
"420512619003"|0|1|0|0|0|0|0|1|1|1|1|0|1|0|0|8794|8794|NA|NA|NA|17|3|32|1292768|40399|0
"420512625001"|0|1|0|0|0|0|0|1|1|1|1|0|1|0|0|11745|11745|NA|NA|NA|7|2|6|242462|40410.3333333333|0
"420512626002"|0|1|0|0|0|0|0|1|1|1|1|0|1|0|0|11745|11745|NA|NA|NA|7|2|6|242462|40410.3333333333|0
"420512628002"|0|1|0|0|0|0|0|1|1|0|0|1|1|0|0|NA|NA|NA|NA|NA|0|0|0|0|NA|0
"420512628004"|0|1|0|0|0|0|0|1|1|0|0|1|1|0|0|NA|NA|NA|NA|NA|0|0|0|0|NA|0
"420550104001"|0|0|0|0|0|0|0|1|0|0|0|0|0|0|0|NA|NA|NA|NA|NA|0|0|0|0|NA|0
"420550104004"|0|0|0|0|0|0|0|1|0|0|0|0|0|0|0|NA|NA|NA|NA|NA|0|0|0|0|NA|0
"420550107001"|0|1|0|0|0|0|0|1|1|0|0|1|1|0|0|NA|NA|NA|NA|NA|0|0|0|0|NA|0
"420550107002"|0|1|0|0|0|0|0|1|1|0|0|1|1|0|0|NA|NA|NA|NA|NA|0|0|0|0|NA|0
"420550110003"|0|1|0|0|0|0|0|1|1|0|0|1|1|0|0|NA|NA|NA|NA|NA|0|0|0|0|NA|0
"420550111002"|0|1|1|0|0|0|0|1|1|1|0|0|0|1|0|23745|23745|9000|9000|11190|120|33|90|5712686|63474.2888888889|0
"420550117001"|0|1|0|0|0|0|0|1|1|0|0|1|1|0|0|NA|NA|NA|NA|NA|0|0|0|0|NA|0
"420550119001"|0|1|0|0|0|0|0|1|1|0|0|1|1|0|0|NA|NA|NA|NA|NA|0|0|0|0|NA|0
"420550120001"|0|1|0|0|0|0|0|1|1|1|0|0|1|0|0|12718|19598|18816|24122|11230|79|26|118|8532390|72308.3898305085|0
"420550120003"|0|1|0|0|0|0|0|1|1|1|0|0|1|0|0|12718|19598|18816|24122|11230|79|26|118|8532390|72308.3898305085|0
"420550120004"|0|1|0|0|0|0|0|1|1|1|0|0|1|0|0|12718|19598|18816|24122|11230|79|26|118|8532390|72308.3898305085|0
"420550120005"|0|1|0|0|0|0|0|1|1|1|0|0|1|0|0|12718|19598|18816|24122|11230|79|26|118|8532390|72308.3898305085|0
"420599705011"|0|1|0|0|0|0|0|1|1|0|0|1|1|0|0|NA|NA|NA|NA|NA|0|0|0|0|NA|0
"420599705021"|0|1|0|0|0|0|0|1|1|0|0|1|1|0|0|NA|NA|NA|NA|NA|0|0|0|0|NA|0
"420599706002"|0|1|1|0|0|0|0|1|1|1|0|0|0|1|0|22380|22380|15840|15840|9490|181|59|158|10198490|64547.4050632911|0
"420619504001"|0|2|1|0|0|0|0|2|1|1|0|0|1|1|0|NA|NA|NA|NA|NA|250|81|220|16590722|NA|0
"420619504002"|0|1|0|0|0|0|0|1|0|0|0|0|1|0|0|NA|NA|NA|NA|NA|0|0|0|0|NA|0
"420619504003"|0|1|1|0|0|0|0|1|1|1|0|0|0|1|0|41390|41390|24800|24800|11590|250|81|220|16590722|75412.3727272727|0
"420619504004"|0|1|0|0|0|0|0|1|0|0|0|0|1|0|0|NA|NA|NA|NA|NA|0|0|0|0|NA|0
"420619504005"|0|1|0|0|0|0|0|1|0|0|0|0|1|0|0|NA|NA|NA|NA|NA|0|0|0|0|NA|0
"420619505001"|0|1|0|0|0|0|0|1|1|0|0|1|1|0|0|NA|NA|NA|NA|NA|0|0|0|0|NA|0
"420639607004"|0|1|1|0|0|0|0|1|1|1|0|0|0|0|1|8430|18096|11592|17400|12246|815|268|1114|97250472|87298.4488330341|0
"420639609002"|0|1|0|0|0|0|0|1|0|0|0|1|1|0|0|NA|NA|NA|NA|NA|0|0|0|0|NA|0
"420639611013"|0|1|0|0|0|0|0|1|0|0|0|0|1|0|0|NA|NA|NA|NA|NA|0|0|0|0|NA|0
"420639611014"|0|1|0|0|0|0|0|1|0|0|0|0|1|0|0|NA|NA|NA|NA|NA|0|0|0|0|NA|0
"420639611021"|0|1|1|0|0|0|0|1|1|1|0|0|0|0|1|8430|18096|11592|17400|12246|815|268|1114|97250472|87298.4488330341|0
"420639611022"|0|1|1|0|0|0|0|1|1|1|0|0|0|0|1|8430|18096|11592|17400|12246|815|268|1114|97250472|87298.4488330341|0
"420639620003"|0|1|0|0|0|0|0|1|1|1|1|0|1|0|0|NA|NA|NA|NA|NA|36|3|60|3463486|57724.7666666667|0
"420659503001"|0|1|0|0|0|0|0|1|1|1|1|0|1|0|0|16216|16216|NA|NA|NA|9|1|26|1125408|43284.9230769231|0
"420659507002"|0|1|0|0|0|0|0|1|1|0|0|1|1|0|0|NA|NA|NA|NA|NA|0|0|0|0|NA|0
"420659508001"|0|1|0|0|0|0|0|1|1|0|0|1|1|0|0|NA|NA|NA|NA|NA|0|0|0|0|NA|0
"420691002001"|0|1|0|0|0|0|0|1|1|1|1|0|0|1|0|13870|13870|NA|NA|8800|152|32|54|2253386|41729.3703703704|0
"420691003002"|0|1|1|0|0|0|0|1|1|1|0|0|0|1|0|41762|41762|11352|11352|14264|620|199|580|52367964|90289.5931034483|0
"420691006004"|0|1|1|0|0|1|0|2|2|2|1|0|2|0|0|NA|NA|NA|NA|NA|26|2|22|1166258|NA|0
"420691010001"|0|1|1|0|0|0|0|1|1|1|0|0|0|1|0|31250|31250|9300|9300|13900|339|112|290|21315214|73500.7379310345|0
"420691012001"|0|1|0|0|0|0|0|1|1|1|1|0|1|0|0|16610|16610|NA|NA|7100|52|8|42|2158000|51380.9523809524|0
"420691012003"|0|1|0|0|0|0|0|1|1|0|0|1|1|0|0|NA|NA|NA|NA|NA|0|0|0|0|NA|0
"420691018001"|0|1|0|0|0|0|0|1|1|0|0|1|1|0|0|NA|NA|NA|NA|NA|0|0|0|0|NA|0
"420691027001"|0|1|1|0|0|0|0|1|1|1|0|0|1|0|0|8750|8750|11000|11000|3400|0|0|12|480126|40010.5|0
"420691027002"|0|1|1|0|0|0|0|1|1|1|0|0|1|0|0|8750|8750|11000|11000|3400|0|0|12|480126|40010.5|0
"420691104012"|0|1|1|0|0|0|0|1|1|1|0|0|1|0|0|22510|22510|6480|6480|5970|65|37|66|3236990|49045.303030303|0
"420691104031"|0|1|1|0|0|0|0|1|1|1|0|0|1|0|0|22510|22510|6480|6480|5970|65|37|66|3236990|49045.303030303|0
"420691104032"|0|1|1|0|0|0|0|1|1|1|0|0|1|0|0|22510|22510|6480|6480|5970|65|37|66|3236990|49045.303030303|0
"420691116001"|0|1|0|0|0|0|0|1|1|1|1|0|1|0|0|9288|9288|NA|NA|NA|12|2|16|747870|46741.875|0
"420691120002"|0|1|0|0|0|0|0|1|1|1|0|0|0|1|0|13174|20608|19712|25364|NA|61|26|104|7734540|74370.5769230769|0
"420691121002"|0|1|0|0|0|0|0|1|1|1|1|0|1|0|0|NA|NA|NA|NA|NA|0|0|0|0|NA|0
"420691123001"|0|1|0|0|0|0|0|1|1|1|1|0|1|0|0|NA|NA|NA|NA|NA|0|0|0|0|NA|0
"420691128003"|0|1|0|0|0|0|0|1|1|0|0|1|1|0|0|NA|NA|NA|NA|NA|0|0|0|0|NA|0
"420710001002"|0|1|0|0|0|0|0|1|1|0|0|1|1|0|0|NA|NA|NA|NA|NA|0|0|0|0|NA|0
"420710001003"|0|1|0|0|0|0|0|1|1|1|0|0|1|0|0|22300|22300|NA|NA|9653|26|6|20|943234|47161.7|0
"420710005001"|0|0|1|0|0|0|0|1|1|1|0|0|1|0|0|NA|NA|17125|17125|NA|17|6|12|932376|77698|0
"420710005004"|0|1|0|0|0|0|0|1|1|1|0|0|0|1|0|52190|52190|NA|NA|13120|475|118|536|45911434|85655.6604477612|0
"420710008001"|0|1|0|0|0|0|0|1|1|1|1|0|0|1|0|7600|7600|NA|NA|8830|46|20|132|8769644|66436.696969697|0
"420710107022"|0|2|2|0|0|0|0|2|2|2|0|0|1|1|0|NA|NA|NA|NA|NA|315|93|258|20090220|NA|0
"420710107023"|0|2|2|0|0|0|0|2|2|2|0|0|1|1|0|NA|NA|NA|NA|NA|315|93|258|20090220|NA|0
"420710117012"|0|1|0|0|0|0|0|1|1|1|1|0|1|0|0|NA|NA|NA|NA|NA|8|2|6|218944|36490.6666666667|0
"420710118012"|0|1|1|0|0|0|0|1|1|1|0|0|0|1|0|20320|20320|9960|9960|8580|128|46|116|7079542|61030.5344827586|0
"420710118034"|0|1|1|0|0|0|0|1|1|1|0|0|0|1|0|20320|20320|9960|9960|8580|128|46|116|7079542|61030.5344827586|0
"420710132032"|0|1|1|0|0|0|0|1|1|1|0|0|0|1|0|25040|25040|NA|NA|NA|84|12|134|10578584|78944.6567164179|0
"420710133032"|0|1|0|0|0|0|0|1|1|1|1|0|1|0|0|NA|NA|NA|NA|NA|68|16|198|14505350|73259.3434343434|0
"420710134001"|0|1|0|0|0|0|0|1|1|0|0|1|1|0|0|NA|NA|NA|NA|NA|0|0|0|0|NA|0
"420710136022"|0|1|1|0|0|0|0|1|1|1|0|0|0|1|0|8970|18096|11592|17400|13432|521|130|592|52403290|88519.0709459459|0
"420730003002"|0|1|0|0|0|0|0|1|1|0|0|1|1|0|0|8688|8688|NA|NA|NA|0|0|0|0|NA|0
"420730007001"|0|1|0|0|0|0|0|1|1|0|0|1|1|0|0|NA|NA|NA|NA|NA|0|0|0|0|NA|0
"420730103001"|0|1|1|0|0|0|0|1|1|1|0|0|0|1|0|33810|33810|8172|8172|10690|170|64|166|10396756|62631.0602409639|0
"420730105004"|0|1|0|0|0|0|0|1|1|1|1|0|1|0|0|NA|NA|NA|NA|NA|25|2|68|2376306|34945.6764705882|0
"420730106001"|0|1|0|0|0|0|0|1|1|1|1|0|1|0|0|NA|NA|NA|NA|NA|25|2|68|2376306|34945.6764705882|0
"420730113001"|0|1|0|0|0|0|0|1|1|1|1|0|1|0|0|NA|NA|NA|NA|NA|25|2|68|2376306|34945.6764705882|0
"420750025002"|0|1|1|0|0|0|0|1|1|1|0|0|0|1|0|39410|39410|43320|43320|10980|225|77|226|16317848|72202.8672566372|0
"420750029001"|0|0|1|0|0|0|0|1|1|1|0|0|1|0|0|NA|NA|10350|10350|NA|7|0|10|610012|61001.2|0
"420750033001"|0|1|0|0|0|0|0|1|1|0|0|1|1|0|0|NA|NA|NA|NA|NA|0|0|0|0|NA|0
"420750033002"|0|1|0|0|0|0|0|1|1|0|0|1|1|0|0|NA|NA|NA|NA|NA|0|0|0|0|NA|0
"420750035003"|0|1|0|0|0|0|0|1|1|0|0|1|1|0|0|NA|NA|NA|NA|NA|0|0|0|0|NA|0
"420770001013"|0|1|0|0|0|0|0|1|1|0|0|1|1|0|0|NA|NA|NA|NA|NA|0|0|0|0|NA|0
"420770001021"|0|2|0|0|0|0|0|2|2|1|1|1|2|0|0|NA|NA|NA|NA|NA|19|4|32|1486680|NA|0
"420770022022"|0|1|0|0|0|0|0|1|1|1|0|0|0|1|0|47825|47825|NA|NA|10970|342|97|380|29627144|77966.1684210526|0
"420770023021"|0|1|1|0|0|0|0|1|1|1|0|0|0|1|0|36225|36225|13554|13554|10933|147|65|148|9907922|66945.4189189189|0
"420770055062"|0|1|0|0|0|0|0|1|1|1|1|0|0|1|0|6000|9000|NA|NA|NA|182|42|168|9335260|55567.0238095238|0
"420770057051"|0|1|0|0|0|0|0|1|1|0|0|1|1|0|0|NA|NA|NA|NA|NA|0|0|0|0|NA|0
"420770059021"|0|2|0|0|0|0|0|2|2|1|1|1|2|0|0|NA|NA|NA|NA|NA|19|4|32|1486680|NA|0
"420770061013"|0|1|0|0|0|0|0|1|1|1|1|0|1|0|0|NA|NA|NA|NA|NA|22|5|42|2658522|63298.1428571429|0
"420770063051"|0|1|0|0|0|0|0|1|1|0|0|1|1|0|0|NA|NA|NA|NA|NA|0|0|0|0|NA|0
"420770068001"|0|1|0|0|0|0|0|1|1|0|0|1|1|0|0|11102|11102|NA|NA|NA|0|0|0|0|NA|0
"420770069031"|0|1|1|0|0|0|0|1|1|1|0|0|1|0|0|13174|20608|19712|25364|NA|71|30|88|6043254|68673.3409090909|0
"420770069033"|0|1|1|0|0|0|0|1|1|1|0|0|0|1|0|33500|33500|19560|19560|12400|261|95|252|19007310|75425.8333333333|0
"420770069062"|0|1|1|0|0|0|0|1|1|1|0|0|1|0|0|13174|20608|19712|25364|NA|71|30|88|6043254|68673.3409090909|0
"420770091002"|0|1|0|0|0|0|0|1|1|1|1|0|1|0|0|16216|16216|NA|NA|NA|10|1|22|954852|43402.3636363636|0
"420792001002"|0|1|1|0|0|0|0|1|1|1|0|0|0|1|0|34720|34720|40650|40650|12318|242|62|268|19916136|74313.9402985075|0
"420792005001"|0|1|1|0|0|0|0|1|1|1|0|0|0|1|0|31946|31946|22368|22368|13746|389|100|364|30421786|83576.3351648352|0
"420792010001"|0|1|0|0|0|0|0|1|1|1|1|0|1|0|0|9540|9540|NA|NA|NA|8|3|8|334240|41780|0
"420792010002"|0|2|0|0|0|0|0|2|2|1|1|1|2|0|0|NA|NA|NA|NA|NA|8|3|8|334240|NA|0
"420792014001"|0|1|0|0|0|0|0|1|1|1|1|0|1|0|0|9540|9540|NA|NA|NA|8|3|8|334240|41780|0
"420792014003"|0|1|0|0|0|0|0|1|1|0|0|1|1|0|0|NA|NA|NA|NA|NA|0|0|0|0|NA|0
"420792015002"|0|1|0|0|0|0|0|1|1|1|1|0|1|0|0|9540|9540|NA|NA|NA|8|3|8|334240|41780|0
"420792112011"|0|1|1|0|0|0|0|1|1|1|0|0|0|1|0|29150|29150|31590|31590|13150|261|87|272|20577358|75652.0514705882|0
"420792112043"|0|1|1|0|0|0|0|1|1|1|0|0|0|1|0|29150|29150|31590|31590|13150|261|87|272|20577358|75652.0514705882|0
"420792113022"|0|1|1|0|0|0|0|1|1|1|0|0|1|0|0|12718|19598|18816|24122|NA|55|21|68|4822134|70913.7352941177|0
"420792118001"|0|1|0|0|0|0|0|1|0|0|0|1|1|0|0|NA|NA|NA|NA|NA|0|0|0|0|NA|0
"420792121002"|0|1|0|0|0|0|0|1|1|1|1|0|1|0|0|15089|15089|NA|NA|NA|9|0|12|506210|42184.1666666667|0
"420792121004"|0|1|0|0|0|0|0|1|1|1|1|0|1|0|0|15089|15089|NA|NA|NA|9|0|12|506210|42184.1666666667|0
"420792142002"|0|1|0|0|0|0|0|1|1|1|1|0|0|1|0|7500|11250|NA|NA|NA|210|82|222|13689922|61666.3153153153|0
"420792143002"|0|1|0|0|0|0|0|1|1|1|1|0|0|1|0|7500|11250|NA|NA|NA|210|82|222|13689922|61666.3153153153|0
"420792149002"|0|2|0|0|0|0|0|2|2|2|2|0|1|1|0|17040|20790|NA|NA|NA|218|85|230|14024162|103446.315315315|0
"420792152002"|0|1|0|0|0|0|0|1|1|1|1|0|1|0|0|9540|9540|NA|NA|NA|8|3|8|334240|41780|0
"420792153001"|0|1|0|0|0|0|0|1|1|1|1|0|1|0|0|9540|9540|NA|NA|NA|8|3|8|334240|41780|0
"420792164002"|0|1|0|0|0|0|0|1|1|1|1|0|1|0|0|9000|9000|NA|NA|NA|9|2|8|353680|44210|0
"420792165011"|0|1|1|0|0|0|0|1|1|1|0|0|1|0|0|13174|20608|19712|25364|11230|87|26|94|7357920|78275.7446808511|0
"420792165012"|0|1|1|0|0|0|0|1|1|1|0|0|1|0|0|13174|20608|19712|25364|11230|87|26|94|7357920|78275.7446808511|0
"420792165022"|0|2|1|0|0|0|0|2|2|2|1|0|2|0|0|22174|29608|NA|NA|NA|96|28|102|7711600|122485.744680851|0
"420792165023"|0|1|1|0|0|0|0|1|1|1|0|0|1|0|0|13174|20608|19712|25364|11230|87|26|94|7357920|78275.7446808511|0
"420792169001"|0|1|0|0|0|0|0|1|1|0|0|1|1|0|0|NA|NA|NA|NA|NA|0|0|0|0|NA|0
"420792169002"|0|1|0|0|0|0|0|1|1|0|0|1|1|0|0|NA|NA|NA|NA|NA|0|0|0|0|NA|0
"420792170012"|0|1|0|0|0|0|0|1|1|1|1|0|1|0|0|9000|9000|NA|NA|NA|9|2|8|353680|44210|0
"420792170021"|0|1|1|0|0|0|0|1|1|1|0|0|1|0|0|13174|20608|19712|25364|11230|87|26|94|7357920|78275.7446808511|0
"420792170022"|0|1|0|0|0|0|0|1|1|0|0|1|1|0|0|NA|NA|NA|NA|NA|0|0|0|0|NA|0
"420792171001"|0|1|0|0|0|0|0|1|1|0|0|1|1|0|0|NA|NA|NA|NA|NA|0|0|0|0|NA|0
"420799801001"|0|1|1|0|0|0|0|1|1|1|0|0|1|0|0|13174|20608|19712|25364|11230|87|26|94|7357920|78275.7446808511|0
"420810005001"|0|1|0|0|0|0|0|1|1|1|0|0|0|1|0|36432|36432|NA|NA|11418|212|66|180|12046946|66927.4777777778|0
"420810005003"|0|1|0|0|0|0|0|1|1|1|0|0|0|1|0|36432|36432|NA|NA|11418|212|66|180|12046946|66927.4777777778|0
"420810006001"|0|1|0|0|0|0|0|1|1|0|0|1|1|0|0|NA|NA|NA|NA|NA|0|0|0|0|NA|0
"420810006002"|0|1|0|0|0|0|0|1|1|0|0|1|1|0|0|NA|NA|NA|NA|NA|0|0|0|0|NA|0
"420810006003"|0|1|0|0|0|0|0|1|1|0|0|1|1|0|0|NA|NA|NA|NA|NA|0|0|0|0|NA|0
"420810008001"|0|1|0|0|0|0|0|1|1|1|0|0|0|1|0|13590|20400|NA|NA|11244|597|154|564|48830776|86579.390070922|0
"420810008002"|0|1|0|0|0|0|0|1|1|1|0|0|0|1|0|13590|20400|NA|NA|11244|597|154|564|48830776|86579.390070922|0
"420810111005"|0|1|0|0|0|0|0|1|0|0|0|0|1|0|0|NA|NA|NA|NA|NA|0|0|0|0|NA|0
"420810111006"|0|1|0|0|0|0|0|1|0|0|0|0|1|0|0|NA|NA|NA|NA|NA|0|0|0|0|NA|0
"420834201001"|0|1|0|0|0|0|0|1|1|1|0|0|0|1|0|12688|23710|NA|NA|8794|128|72|144|9623976|66833.1666666667|0
"420834202001"|0|1|0|0|0|0|0|1|1|1|0|0|0|1|0|12688|23710|NA|NA|8794|128|72|144|9623976|66833.1666666667|0
"420834203003"|0|1|0|0|0|0|0|1|1|1|0|0|0|1|0|12688|23710|NA|NA|8794|128|72|144|9623976|66833.1666666667|0
"420834210001"|0|1|0|0|0|0|0|1|1|1|0|0|0|1|0|12688|23710|NA|NA|8794|128|72|144|9623976|66833.1666666667|0
"420850303004"|0|1|0|0|0|0|0|1|1|0|0|1|1|0|0|24255|24255|NA|NA|NA|0|0|0|0|NA|0
"420850321002"|0|1|0|0|0|0|0|1|1|1|0|0|1|0|0|27910|27910|NA|NA|11700|141|50|114|6446154|56545.2105263158|0
"420850326013"|0|1|0|0|0|0|0|1|1|0|0|1|1|0|0|NA|NA|NA|NA|NA|0|0|0|0|NA|0
"420850326021"|0|1|0|0|0|0|0|1|1|0|0|1|1|0|0|NA|NA|NA|NA|NA|0|0|0|0|NA|0
"420850330003"|0|1|0|0|0|0|0|1|1|1|0|0|0|1|0|16630|16630|NA|NA|9062|0|0|0|0|NA|0
"420850330004"|0|1|0|0|0|0|0|1|1|1|0|0|0|1|0|16630|16630|NA|NA|9062|0|0|0|0|NA|0
"420850332001"|0|2|0|0|0|0|0|2|2|2|1|0|2|0|0|21268|28014|NA|NA|NA|48|18|90|5022832|102360.894396552|0
"420879611003"|0|1|0|0|0|0|0|1|1|0|0|1|1|0|0|NA|NA|NA|NA|NA|0|0|0|0|NA|0
"420879611007"|0|1|0|0|0|0|0|1|1|0|0|1|1|0|0|20269|20269|NA|NA|NA|0|0|0|0|NA|0
"420893004022"|0|1|0|0|0|0|0|1|1|0|0|1|1|0|0|NA|NA|NA|NA|NA|0|0|0|0|NA|0
"420893007003"|0|1|1|0|0|0|0|1|1|1|0|0|0|1|0|7248|18096|11592|17400|8390|382|99|552|45525094|82472.9963768116|0
"420893009003"|0|1|0|0|0|0|0|1|1|0|0|1|1|0|0|NA|NA|NA|NA|NA|0|0|0|0|NA|0
"420912002001"|0|1|1|0|0|0|0|1|1|1|0|0|1|0|0|18558|18558|18558|18558|11538|38|11|64|4254304|66473.5|0
"420912003013"|0|1|0|0|0|0|0|1|1|0|0|1|1|0|0|12000|12000|NA|NA|NA|0|0|0|0|NA|0
"420912003071"|0|1|0|0|0|0|0|1|1|0|0|1|1|0|0|NA|NA|NA|NA|NA|0|0|0|0|NA|0
"420912003072"|0|1|0|0|0|0|0|1|1|0|0|1|1|0|0|NA|NA|NA|NA|NA|0|0|0|0|NA|0
"420912007082"|0|0|1|0|0|0|0|1|1|1|0|0|1|0|0|NA|NA|12360|12360|NA|12|0|16|968600|60537.5|0
"420912009081"|0|1|0|0|0|0|0|1|1|0|0|1|1|0|0|NA|NA|NA|NA|NA|0|0|0|0|NA|0
"420912009082"|0|1|0|0|0|0|0|1|1|0|0|1|1|0|0|NA|NA|NA|NA|NA|0|0|0|0|NA|0
"420912010033"|0|1|0|0|0|0|0|1|1|1|1|0|1|0|0|10500|10500|NA|NA|NA|14|1|6|229440|38240|0
"420912012011"|0|1|1|0|0|0|0|1|1|1|0|0|0|1|0|32889|32889|11772|11772|12000|200|69|158|10218454|64673.7594936709|0
"420912012012"|0|1|1|0|0|0|0|1|1|1|0|0|0|1|0|32889|32889|11772|11772|12000|200|69|158|10218454|64673.7594936709|0
"420912012031"|0|1|1|0|0|0|0|1|1|1|0|0|0|1|0|32889|32889|11772|11772|12000|200|69|158|10218454|64673.7594936709|0
"420912013021"|0|1|0|0|0|0|0|1|1|0|0|1|1|0|0|NA|NA|NA|NA|NA|0|0|0|0|NA|0
"420912014043"|0|1|1|0|0|0|0|1|1|1|0|0|1|0|0|17052|17052|18384|18384|NA|26|2|8|705066|88133.25|0
"420912016082"|0|1|1|0|0|0|0|1|1|1|0|0|0|1|0|13212|20782|19812|25578|NA|177|68|278|20791032|74787.8848920863|0
"420912016083"|0|1|1|0|0|0|0|1|1|1|0|0|0|1|0|13212|20782|19812|25578|NA|177|68|278|20791032|74787.8848920863|0
"420912019023"|0|1|0|0|0|0|0|1|1|1|1|0|1|0|0|15950|15950|NA|NA|7500|60|17|50|2944534|58890.68|0
"420912019024"|0|1|0|0|0|0|0|1|1|1|1|0|1|0|0|15950|15950|NA|NA|7500|60|17|50|2944534|58890.68|0
"420912023012"|0|0|1|0|0|0|0|1|1|1|0|0|0|1|0|NA|NA|23220|23220|NA|177|56|170|17118134|100694.905882353|0
"420912023013"|0|0|1|0|0|0|0|1|1|1|0|0|0|1|0|NA|NA|23220|23220|NA|177|56|170|17118134|100694.905882353|0
"420912024025"|0|1|1|0|0|0|0|1|1|1|0|0|1|0|0|18792|18792|16452|16452|NA|20|7|10|660000|66000|0
"420912025001"|0|0|1|0|0|0|0|1|1|1|0|0|1|0|0|NA|NA|21000|21000|NA|26|10|14|1229420|87815.7142857143|0
"420912025002"|0|2|2|0|0|0|0|3|3|2|0|1|2|1|0|NA|NA|NA|NA|NA|423|128|366|28103818|NA|0
"420912025003"|0|1|2|0|0|0|0|2|2|2|0|0|1|1|0|NA|NA|44230|44230|NA|423|128|366|28103818|164964.863348416|0
"420912025004"|0|2|3|0|0|0|0|4|4|3|0|1|3|1|0|NA|NA|NA|NA|NA|449|138|380|29333238|NA|0
"420912026022"|0|1|0|0|0|0|0|1|1|0|0|1|1|0|0|NA|NA|NA|NA|NA|0|0|0|0|NA|0
"420912026031"|0|0|1|0|0|0|0|1|1|1|0|0|1|0|0|NA|NA|19716|19716|NA|8|3|12|526352|43862.6666666667|0
"420912026032"|0|0|1|0|0|0|0|1|1|1|0|0|1|0|0|NA|NA|19716|19716|NA|8|3|12|526352|43862.6666666667|0
"420912026033"|0|0|1|0|0|0|0|1|1|1|0|0|1|0|0|NA|NA|19716|19716|NA|8|3|12|526352|43862.6666666667|0
"420912032041"|0|1|1|0|0|0|0|2|2|2|1|0|1|0|1|NA|NA|NA|NA|NA|287|100|348|21905252|134110.594117647|0
"420912032043"|0|1|1|0|0|0|0|2|2|2|1|0|1|0|1|NA|NA|NA|NA|NA|287|100|348|21905252|134110.594117647|0
"420912032044"|0|1|1|0|0|0|0|2|2|2|1|0|1|0|1|NA|NA|NA|NA|NA|287|100|348|21905252|134110.594117647|0
"420912035003"|0|1|0|0|0|0|0|1|1|0|0|1|1|0|0|NA|NA|NA|NA|NA|0|0|0|0|NA|0
"420912035004"|0|1|0|0|0|0|0|1|1|0|0|1|1|0|0|NA|NA|NA|NA|NA|0|0|0|0|NA|0
"420912039021"|0|1|0|0|0|0|0|1|1|0|0|1|1|0|0|NA|NA|NA|NA|NA|0|0|0|0|NA|0
"420912040071"|0|1|0|0|0|0|0|1|1|1|1|0|1|0|0|NA|NA|NA|NA|NA|0|0|0|0|NA|0
"420912049003"|0|1|1|0|0|0|0|1|1|1|0|0|0|1|0|18500|18500|12240|12240|11500|108|39|56|2577368|46024.4285714286|0
"420912049004"|0|1|1|0|0|0|0|1|1|1|0|0|0|1|0|18500|18500|12240|12240|11500|108|39|56|2577368|46024.4285714286|0
"420912050001"|0|1|1|0|0|0|0|1|1|1|0|0|0|1|0|47640|47640|40620|40620|15370|456|98|356|33821390|95003.904494382|0
"420912051001"|0|1|0|0|0|0|0|1|1|1|1|0|0|1|0|22600|22600|NA|NA|9300|124|23|114|7223920|63367.7192982456|0
"420912051002"|0|1|0|0|0|0|0|1|1|1|1|0|0|1|0|22600|22600|NA|NA|9300|124|23|114|7223920|63367.7192982456|0
"420912054002"|0|1|1|0|0|0|0|1|1|1|0|0|1|0|0|19420|19420|21425|21425|13315|37|15|36|1354898|37636.0555555556|0
"420912059052"|0|1|0|0|0|0|0|1|1|0|0|1|1|0|0|NA|NA|NA|NA|NA|0|0|0|0|NA|0
"420912060062"|0|1|0|0|0|0|0|1|1|0|0|1|1|0|0|NA|NA|NA|NA|NA|0|0|0|0|NA|0
"420912063001"|0|1|0|0|0|0|0|1|1|1|0|0|0|1|0|49370|49370|NA|NA|12320|232|85|242|19059658|78758.9173553719|0
"420912087042"|0|1|0|0|0|0|0|1|1|0|0|1|1|0|0|NA|NA|NA|NA|NA|0|0|0|0|NA|0
"420912088021"|0|1|0|0|0|0|0|1|1|0|0|1|1|0|0|NA|NA|NA|NA|NA|0|0|0|0|NA|0
"420912088022"|0|1|0|0|0|0|0|1|1|0|0|1|1|0|0|NA|NA|NA|NA|NA|0|0|0|0|NA|0
"420912104003"|0|1|0|0|0|0|0|1|1|1|1|0|1|0|0|19870|19870|NA|NA|10840|12|1|10|611742|61174.2|0
"420950107002"|0|1|1|0|0|0|0|1|1|1|0|0|0|1|0|38556|38556|20304|20304|12090|232|71|274|19383306|70741.9927007299|0
"420950108002"|0|0|1|0|0|0|0|1|1|1|0|0|1|0|0|NA|NA|17610|17610|NA|25|12|10|686226|68622.6|0
"420950111001"|0|1|1|0|0|0|0|1|1|1|0|0|0|1|0|47920|47920|25560|25560|12690|1234|407|1080|127282580|117854.240740741|0
"420950141001"|0|1|0|0|0|0|0|1|1|1|0|0|0|1|0|48450|48450|NA|NA|14470|548|177|474|49767682|104995.109704641|0
"420950143001"|0|1|0|0|0|0|0|1|1|1|0|0|0|1|0|48450|48450|NA|NA|14470|548|177|474|49767682|104995.109704641|0
"420950144003"|0|1|0|0|0|0|0|1|1|1|0|0|0|1|0|48450|48450|NA|NA|14470|548|177|474|49767682|104995.109704641|0
"420950176051"|0|1|0|0|0|0|0|1|1|1|1|0|0|0|1|5820|8730|NA|NA|8396|363|169|246|16017548|65111.9837398374|0
"420970819002"|0|1|0|0|0|0|0|1|1|1|1|0|1|0|0|16216|16216|NA|NA|NA|9|1|20|841780|42089|0
"420970819003"|0|1|0|0|0|0|0|1|1|1|1|0|1|0|0|16216|16216|NA|NA|NA|9|1|20|841780|42089|0
"420970822004"|0|1|0|0|0|0|0|1|1|1|1|0|1|0|0|16216|16216|NA|NA|NA|9|1|20|841780|42089|0
"421010001002"|0|1|0|0|0|0|0|1|1|1|0|0|1|0|0|18600|18600|NA|NA|NA|8|2|0|0|NA|0
"421010002001"|0|1|1|0|0|0|0|1|1|1|0|0|1|0|0|34608|34608|38546|38546|16480|95|13|38|2237400|58878.9473684211|0
"421010003001"|0|1|1|0|0|0|0|1|1|1|0|0|1|0|0|37032|37032|28044|28044|14389|58|33|46|2730394|59356.3913043478|0
"421010004021"|0|1|1|0|0|0|0|1|1|1|0|0|1|0|0|12073|12073|17760|17760|NA|13|5|0|0|NA|0
"421010004022"|0|1|1|0|0|0|0|1|1|1|0|0|1|0|0|12073|12073|17760|17760|NA|13|5|0|0|NA|0
"421010007002"|0|2|0|0|0|0|0|2|2|1|0|1|1|1|0|NA|NA|NA|NA|NA|56|3|106|12344334|NA|0
"421010008041"|0|1|1|0|0|0|0|1|1|1|0|0|1|0|0|NA|NA|NA|NA|13234|63|18|4|407720|101930|0
"421010009022"|0|1|1|0|1|1|0|1|1|1|0|0|0|1|0|33543|33543|34740|34740|NA|1558|367|242|25015676|103370.561983471|0
"421010010011"|0|1|0|0|0|0|0|1|1|1|1|0|1|0|0|NA|NA|NA|NA|NA|0|0|0|0|NA|0
"421010010012"|0|1|0|0|0|0|0|1|1|1|1|0|1|0|0|NA|NA|NA|NA|NA|0|0|0|0|NA|0
"421010012024"|0|2|2|0|0|0|0|2|2|2|0|0|0|2|0|55336|55336|54964|54964|NA|299|102|274|17751768|138842.193214286|0
"421010012025"|0|0|1|0|0|0|0|1|1|0|0|1|1|0|0|NA|NA|NA|NA|NA|0|0|0|0|NA|0
"421010016001"|0|1|0|0|0|0|0|1|1|0|0|1|1|0|0|NA|NA|NA|NA|NA|0|0|0|0|NA|0
"421010022002"|0|1|0|0|0|0|0|1|1|1|1|0|1|0|0|12650|12650|NA|NA|NA|5|1|6|249602|41600.3333333333|0
"421010077001"|0|1|1|0|0|0|0|1|1|1|0|0|0|1|0|36962|36962|29124|29124|15188|319|75|406|37776976|93046.7389162562|0
"421010087021"|0|1|0|0|0|0|0|1|1|1|0|0|1|0|0|19650|19650|NA|NA|10400|48|4|26|1917702|73757.7692307692|0
"421010117001"|0|1|1|0|0|0|0|1|1|1|0|0|0|1|0|42840|42840|16092|16092|14524|639|168|614|55930754|91092.4332247557|0
"421010122042"|0|0|1|0|0|1|0|1|1|1|0|0|0|1|0|NA|NA|27821|27821|NA|0|0|0|0|NA|0
"421010125001"|0|1|0|0|0|0|0|1|1|1|1|0|0|0|1|8880|13320|NA|NA|NA|466|181|934|64778328|69355.8115631692|0
"421010133002"|0|1|0|0|0|0|0|1|1|0|0|1|1|0|0|NA|NA|NA|NA|NA|0|0|0|0|NA|0
"421010144002"|0|0|0|0|0|0|0|1|0|0|0|0|0|0|0|NA|NA|NA|NA|NA|0|0|0|0|NA|0
"421010153001"|0|1|1|0|1|1|0|1|1|1|0|0|0|0|1|15384|26376|15786|21636|11426|3261|902|3166|336848940|106395.748578648|0
"421010208002"|0|1|1|0|0|0|0|1|1|1|0|0|0|1|0|37200|37200|19620|19620|12560|269|87|260|20641630|79390.8846153846|0
"421010210001"|0|1|0|0|0|0|0|1|1|0|0|1|1|0|0|11250|11250|NA|NA|NA|0|0|0|0|NA|0
"421010256002"|0|0|1|0|0|0|0|1|1|1|0|0|1|0|0|NA|NA|14310|14310|NA|29|7|22|1473302|66968.2727272727|0
"421010263024"|0|1|0|0|0|0|0|1|1|0|0|1|1|0|0|NA|NA|NA|NA|NA|0|0|0|0|NA|0
"421010279022"|0|1|1|0|0|0|0|1|1|1|0|0|0|1|0|40400|40400|23020|23020|13580|483|121|434|36528478|84167|0
"421010333001"|0|1|0|0|0|0|0|1|1|0|0|1|1|0|0|NA|NA|NA|NA|NA|0|0|0|0|NA|0
"421010334001"|0|1|0|0|0|0|0|1|1|0|0|1|1|0|0|NA|NA|NA|NA|NA|0|0|0|0|NA|0
"421010346001"|0|1|0|0|0|0|0|1|1|0|0|1|1|0|0|NA|NA|NA|NA|NA|0|0|0|0|NA|0
"421010349001"|0|1|0|0|0|0|0|1|1|1|1|0|1|0|0|NA|NA|NA|NA|NA|16|3|18|1180026|65557|0
"421010352001"|0|1|1|0|0|0|0|1|1|1|0|0|0|1|0|28762|28762|13248|13248|14500|159|31|152|10818976|71177.4736842105|0
"421010361001"|0|1|0|0|0|0|0|1|1|1|1|0|1|0|0|NA|NA|NA|NA|NA|13|3|14|759988|54284.8571428571|0
"421010362021"|0|1|0|0|0|0|0|1|1|1|1|0|1|0|0|NA|NA|NA|NA|NA|28|14|16|899976|56248.5|0
"421010362024"|0|1|0|0|0|0|0|1|1|1|1|0|1|0|0|NA|NA|NA|NA|NA|28|14|16|899976|56248.5|0
"421010362031"|0|2|0|0|0|0|0|2|2|1|1|1|2|0|0|NA|NA|NA|NA|NA|28|14|16|899976|NA|0
"421010362033"|0|1|1|0|0|0|0|1|1|1|0|0|0|1|0|28762|28762|13248|13248|14500|159|31|152|10818976|71177.4736842105|0
"421010363011"|0|1|0|0|0|0|0|1|1|1|1|0|1|0|0|NA|NA|NA|NA|NA|28|14|16|899976|56248.5|0
"421010364001"|0|1|0|0|0|0|0|1|1|1|1|0|1|0|0|NA|NA|NA|NA|NA|13|3|14|759988|54284.8571428571|0
"421010367001"|0|1|0|0|0|0|0|1|1|1|0|0|1|0|0|18600|18600|NA|NA|NA|8|2|0|0|NA|0
"421010369001"|0|2|1|0|1|1|0|2|2|2|1|0|1|0|1|NA|NA|NA|NA|NA|8544|1488|2774|418043180|210438.255072464|0
"421010369002"|0|1|1|0|1|1|0|1|1|1|0|0|0|0|1|45556|45556|32286|32286|14536|8531|1485|2760|417213344|151164.255072464|0
"421010369003"|0|3|1|0|0|1|0|3|3|3|2|0|2|0|1|NA|NA|NA|NA|NA|2443|516|2376|254955880|219902.602578688|0
"421010375001"|0|1|0|0|0|0|0|1|1|1|0|0|1|0|0|8500|8500|NA|NA|7000|0|0|12|546980|45581.6666666667|0
"421010376001"|0|1|0|0|0|0|0|1|1|1|0|0|1|0|0|18600|18600|NA|NA|NA|8|2|0|0|NA|0
"421010376002"|0|1|0|0|0|0|0|1|1|0|0|1|1|0|0|12000|12000|NA|NA|NA|0|0|0|0|NA|0
"421010382002"|0|1|0|0|0|0|0|1|0|0|0|0|1|0|0|NA|NA|NA|NA|NA|0|0|0|0|NA|0
"421010387002"|0|1|1|0|0|0|0|1|1|1|0|0|0|1|0|33930|33930|16240|16240|10300|130|38|134|8628340|64390.5970149254|0
"421019803001"|0|2|0|0|0|0|0|2|2|1|1|1|2|0|0|NA|NA|NA|NA|NA|43|5|28|1057232|NA|0
"421070014001"|0|1|0|0|0|0|0|1|1|0|0|1|1|0|0|NA|NA|NA|NA|NA|0|0|0|0|NA|0
"421070017003"|0|1|0|0|0|0|0|1|1|1|1|0|1|0|0|9360|9360|NA|NA|NA|10|2|6|276000|46000|0
"421070020004"|0|1|0|0|0|0|0|1|1|0|0|1|1|0|0|12210|12210|NA|NA|NA|0|0|0|0|NA|0
"421070022002"|0|1|0|0|0|0|0|1|1|0|0|1|1|0|0|NA|NA|NA|NA|NA|0|0|0|0|NA|0
"421070032004"|0|1|0|0|0|0|0|1|1|1|0|0|1|0|0|13174|20608|19712|25364|11230|73|23|80|6275382|78442.275|0
"421090701005"|0|1|0|0|0|0|0|1|1|0|0|1|1|0|0|NA|NA|NA|NA|NA|0|0|0|0|NA|0
"421099807051"|0|1|0|0|0|0|0|1|1|1|0|0|0|1|0|43160|43160|NA|NA|11620|301|118|270|19413322|71901.1925925926|0
"421110201012"|0|1|0|0|0|0|0|1|1|1|1|0|1|0|0|16836|16836|NA|NA|16470|8|2|48|3234654|67388.625|0
"421110202002"|0|3|0|0|0|0|0|3|2|2|1|1|1|2|0|NA|NA|NA|NA|NA|257|98|340|20495036|NA|0
"421110203001"|0|3|0|0|0|0|0|3|2|2|1|1|1|2|0|NA|NA|NA|NA|NA|257|98|340|20495036|NA|0
"421110203005"|0|3|0|0|0|0|0|3|2|2|1|1|1|2|0|NA|NA|NA|NA|NA|257|98|340|20495036|NA|0
"421110209003"|0|1|0|0|0|0|0|1|1|0|0|1|1|0|0|NA|NA|NA|NA|NA|0|0|0|0|NA|0
"421150328001"|0|1|0|0|0|0|0|1|0|0|0|1|1|0|0|NA|NA|NA|NA|NA|0|0|0|0|NA|0
"421179506002"|0|1|1|0|0|0|0|1|1|1|0|0|0|1|0|9150|18300|11592|17400|11850|210|67|224|19477314|86952.2946428571|0
"421179506003"|0|1|1|0|0|0|0|1|1|1|0|0|0|1|0|9150|18300|11592|17400|11850|210|67|224|19477314|86952.2946428571|0
"421190905024"|0|1|0|0|0|0|0|1|1|1|1|0|1|0|0|9684|9684|NA|NA|NA|12|2|12|565870|47155.8333333333|0
"421190906002"|0|1|1|0|0|0|0|1|1|1|0|0|0|1|0|51676|51676|22688|22688|12656|902|269|820|80663264|98369.8341463415|0
"421190906003"|0|1|0|0|0|0|0|1|1|0|0|1|1|0|0|NA|NA|NA|NA|NA|0|0|0|0|NA|0
"421199805011"|0|1|0|0|0|0|0|1|1|1|1|0|1|0|0|9684|9684|NA|NA|NA|12|2|12|565870|47155.8333333333|0
"421199808001"|0|1|1|0|0|0|0|1|1|1|0|0|0|1|0|51676|51676|22688|22688|12656|902|269|820|80663264|98369.8341463415|0
"421199808002"|0|1|1|0|0|0|0|1|1|1|0|0|0|1|0|51676|51676|22688|22688|12656|902|269|820|80663264|98369.8341463415|0
"421212009003"|0|1|0|0|0|0|0|1|0|0|0|0|1|0|0|NA|NA|NA|NA|NA|0|0|0|0|NA|0
"421212010003"|0|1|0|0|0|0|0|1|1|0|0|1|1|0|0|NA|NA|NA|NA|NA|0|0|0|0|NA|0
"421257422001"|0|1|0|0|0|0|0|1|1|0|0|1|1|0|0|NA|NA|NA|NA|NA|0|0|0|0|NA|0
"421257542002"|0|1|1|0|0|0|0|1|1|1|0|0|0|1|0|44320|44320|16200|16200|11612|179|81|220|15893532|72243.3272727273|0
"421257543002"|0|2|0|0|0|0|0|2|2|0|0|2|2|0|0|18223|18223|NA|NA|NA|0|0|0|0|NA|0
"421257551002"|0|1|0|0|0|0|0|1|1|1|1|0|1|0|0|21500|21500|NA|NA|NA|11|4|46|1332240|28961.7391304348|0
"421257922002"|0|1|1|0|0|0|0|1|1|1|0|0|0|1|0|7238|10858|11592|17400|10086|424|121|528|47393158|89759.7689393939|0
"421298007001"|0|1|0|0|0|0|0|1|1|0|0|1|1|0|0|NA|NA|NA|NA|NA|0|0|0|0|NA|0
"421298010022"|0|1|0|0|0|0|0|1|1|1|1|0|1|0|0|NA|NA|NA|NA|NA|13|1|22|414258|18829.9090909091|0
"421298017011"|0|1|0|0|0|0|0|1|1|1|0|0|1|0|0|12718|19598|18816|24122|NA|48|18|78|6117152|78425.0256410256|0
"421298039021"|0|1|1|0|0|0|0|1|1|1|0|0|0|1|0|32520|32520|12672|12672|11250|194|83|202|19201230|95055.5940594059|0
"421298041001"|0|1|0|0|0|0|0|1|1|1|1|0|1|0|0|16216|16216|NA|NA|NA|10|1|32|1432494|44765.4375|0
"421298045024"|0|1|0|0|0|0|0|1|1|1|0|0|0|1|0|12688|23710|NA|NA|9990|98|46|152|9443624|62129.1052631579|0
"421298049001"|0|1|0|0|0|0|0|1|1|1|1|0|0|1|0|7320|10980|NA|NA|NA|185|70|158|9513410|60211.4556962025|0
"421298049002"|0|1|0|0|0|0|0|1|1|1|1|0|0|1|0|7320|10980|NA|NA|NA|185|70|158|9513410|60211.4556962025|0
"421298049003"|0|1|0|0|0|0|0|1|1|1|1|0|0|1|0|7320|10980|NA|NA|NA|185|70|158|9513410|60211.4556962025|0
"421298054001"|0|1|0|0|0|0|0|1|1|1|1|0|1|0|0|17567|17567|NA|NA|NA|34|2|22|972026|44183|0
"421298074022"|0|1|1|0|0|0|0|1|1|1|0|0|0|1|0|32540|32540|12162|12162|11105|239|108|206|13780654|66896.3786407767|0
"421314003001"|0|1|1|0|0|0|0|1|1|1|0|0|0|1|0|23998|23998|15600|15600|10352|123|45|110|6474372|58857.9272727273|0
"421330014001"|0|1|0|0|0|0|0|1|1|1|1|0|1|0|0|NA|NA|NA|NA|NA|10|2|8|312494|39061.75|0
"421330101102"|0|2|0|0|0|0|0|2|2|2|1|0|1|1|0|NA|NA|NA|NA|NA|50|0|116|5437376|102758.696428571|0
"421330101103"|0|2|0|0|0|0|0|2|2|2|1|0|1|1|0|NA|NA|NA|NA|NA|50|0|116|5437376|102758.696428571|0
"421330102202"|0|1|0|0|0|0|0|1|1|0|0|1|1|0|0|NA|NA|NA|NA|NA|0|0|0|0|NA|0
"421330104005"|0|1|1|0|0|0|0|1|1|1|0|0|0|1|0|13174|20608|19712|25364|NA|62|23|106|8279280|78106.4150943396|0
"421330105103"|0|1|1|0|0|0|0|1|1|1|0|0|0|1|0|16970|16970|13260|13260|10460|293|77|362|29230736|80747.8895027624|0
"421330208005"|0|1|0|0|0|0|0|1|1|0|0|1|1|0|0|NA|NA|NA|NA|NA|0|0|0|0|NA|0
"421330223001"|0|1|0|0|0|0|0|1|1|0|0|1|1|0|0|NA|NA|NA|NA|NA|0|0|0|0|NA|0
"421330228003"|0|1|0|0|0|0|0|1|1|0|0|1|1|0|0|NA|NA|NA|NA|NA|0|0|0|0|NA|0
"440010308002"|0|1|2|0|0|0|0|2|2|2|0|0|1|1|0|NA|NA|32150|32150|NA|593|135|476|51424392|228191.701516684|0
"440010308003"|0|1|2|0|0|0|0|2|2|2|0|0|1|1|0|NA|NA|32150|32150|NA|593|135|476|51424392|228191.701516684|0
"440010308004"|0|1|2|0|0|0|0|2|2|2|0|0|1|1|0|NA|NA|32150|32150|NA|593|135|476|51424392|228191.701516684|0
"440030201012"|0|1|1|0|0|0|0|1|1|1|0|0|0|1|0|24495|24495|12375|12375|11640|164|60|274|21265704|77612.0583941606|0
"440030202001"|0|1|0|0|0|0|0|1|1|0|0|1|1|0|0|NA|NA|NA|NA|NA|0|0|0|0|NA|0
"440030206033"|0|1|1|0|0|0|0|1|1|1|0|0|0|1|0|24495|24495|12375|12375|11640|164|60|274|21265704|77612.0583941606|0
"440030208001"|0|1|1|0|0|0|0|1|1|1|0|0|0|1|0|24495|24495|12375|12375|11640|164|60|274|21265704|77612.0583941606|0
"440030208002"|0|1|1|0|0|0|0|1|1|1|0|0|0|1|0|24495|24495|12375|12375|11640|164|60|274|21265704|77612.0583941606|0
"440030209031"|0|1|1|0|0|0|0|1|1|1|0|0|0|1|0|24495|24495|12375|12375|11640|164|60|274|21265704|77612.0583941606|0
"440030209032"|0|1|1|0|0|0|0|1|1|1|0|0|0|1|0|24495|24495|12375|12375|11640|164|60|274|21265704|77612.0583941606|0
"440030221003"|0|1|0|0|0|0|0|1|1|1|1|0|0|0|1|3950|11180|NA|NA|NA|437|151|626|38045008|60774.7731629393|0
"440030222021"|0|1|0|0|0|0|0|1|1|0|0|1|1|0|0|NA|NA|NA|NA|NA|0|0|0|0|NA|0
"440030222022"|0|1|0|0|0|0|0|1|1|0|0|1|1|0|0|NA|NA|NA|NA|NA|0|0|0|0|NA|0
"440030223003"|0|1|0|0|0|0|0|1|1|0|0|1|1|0|0|NA|NA|NA|NA|NA|0|0|0|0|NA|0
"440050409001"|0|1|1|0|0|0|0|1|1|1|0|0|0|1|0|37270|37270|9180|9180|13650|274|93|254|19748094|77748.4015748032|0
"440050409003"|0|1|1|0|0|0|0|1|1|1|0|0|0|1|0|37270|37270|9180|9180|13650|274|93|254|19748094|77748.4015748032|0
"440050409004"|0|1|1|0|0|0|0|1|1|1|0|0|0|1|0|37270|37270|9180|9180|13650|274|93|254|19748094|77748.4015748032|0
"440050410002"|0|1|0|0|0|0|0|1|1|0|0|1|1|0|0|NA|NA|NA|NA|NA|0|0|0|0|NA|0
"440070006001"|0|3|2|0|0|0|0|3|3|2|0|1|2|1|0|NA|NA|NA|NA|NA|950|209|636|51615624|NA|0
"440070008003"|0|2|2|0|0|0|0|2|2|2|0|0|1|1|0|45219|45219|24324|24324|NA|950|209|636|51615624|NA|0
"440070017002"|0|1|0|0|0|0|0|1|1|0|0|1|1|0|0|NA|NA|NA|NA|NA|0|0|0|0|NA|0
"440070024001"|0|1|1|0|0|0|0|1|1|1|0|0|0|1|0|46080|46080|8880|8880|13790|534|182|596|52835536|88650.2281879195|0
"440070024005"|0|1|1|0|0|0|0|1|1|1|0|0|0|1|0|7118|18779|6696|13032|10794|511|147|680|48745776|71684.9647058823|0
"440070036023"|0|2|2|0|0|1|0|2|2|2|0|0|0|2|0|97024|97024|97024|97024|26050|3814|749|1970|251574426|230155.694020437|0
"440070037002"|0|1|0|0|0|0|0|1|1|0|0|1|1|0|0|NA|NA|NA|NA|NA|0|0|0|0|NA|0
"440070104003"|0|1|0|0|0|0|0|1|1|0|0|1|1|0|0|NA|NA|NA|NA|NA|0|0|0|0|NA|0
"440070116004"|0|1|0|0|0|0|0|1|1|0|0|1|1|0|0|NA|NA|NA|NA|NA|0|0|0|0|NA|0
"440070120001"|0|1|0|0|0|0|0|1|1|0|0|1|1|0|0|16662|16662|NA|NA|NA|0|0|0|0|NA|0
"440070120003"|0|1|1|0|0|0|0|1|1|1|0|0|0|1|0|7118|18779|6696|13032|10794|511|147|680|48745776|71684.9647058823|0
"440070120005"|0|1|0|0|0|0|0|1|1|0|0|1|1|0|0|16662|16662|NA|NA|NA|0|0|0|0|NA|0
"440070126011"|0|1|1|0|0|0|0|1|1|1|0|0|0|1|0|40564|40564|26832|26832|14975|517|163|330|42135460|127683.212121212|0
"440070142001"|0|1|0|0|0|0|0|1|1|0|0|1|1|0|0|NA|NA|NA|NA|NA|0|0|0|0|NA|0
"440070142002"|0|1|0|0|0|0|0|1|1|0|0|1|1|0|0|NA|NA|NA|NA|NA|0|0|0|0|NA|0
"440070142003"|0|1|0|0|0|0|0|1|1|0|0|1|1|0|0|NA|NA|NA|NA|NA|0|0|0|0|NA|0
"440070147004"|0|1|0|0|0|0|0|1|1|0|0|1|1|0|0|NA|NA|NA|NA|NA|0|0|0|0|NA|0
"440070147006"|0|1|0|0|0|0|0|1|1|0|0|1|1|0|0|NA|NA|NA|NA|NA|0|0|0|0|NA|0
"440070151001"|0|1|0|0|0|0|0|1|1|0|0|1|1|0|0|NA|NA|NA|NA|NA|0|0|0|0|NA|0
"440070152002"|0|1|0|0|0|0|0|1|1|0|0|1|1|0|0|NA|NA|NA|NA|NA|0|0|0|0|NA|0
"440070161001"|0|1|0|0|0|0|0|1|1|0|0|1|1|0|0|NA|NA|NA|NA|NA|0|0|0|0|NA|0
"440090505003"|0|1|1|0|0|0|0|1|1|1|0|0|0|0|1|11128|27118|11796|24206|12278|1783|426|1448|136914444|94554.1740331492|0
"440090514001"|0|1|1|0|0|0|0|1|1|1|0|0|0|0|1|11128|27118|11796|24206|12278|1783|426|1448|136914444|94554.1740331492|0
"450019502003"|0|1|1|0|0|0|0|1|1|1|0|0|1|0|0|32540|32540|12800|12800|10900|76|33|90|4305254|47836.1555555556|0
"450019503002"|0|1|1|0|0|0|0|1|1|1|0|0|1|0|0|32540|32540|12800|12800|10900|76|33|90|4305254|47836.1555555556|0
"450030204003"|0|1|0|0|0|0|0|1|1|1|1|0|0|1|0|4368|6216|NA|NA|NA|76|34|110|5617732|51070.2909090909|0
"450030207021"|0|1|0|0|0|0|0|1|1|0|0|1|1|0|0|NA|NA|NA|NA|NA|0|0|0|0|NA|0
"450030212021"|0|1|0|0|0|0|0|1|1|0|0|1|1|0|0|NA|NA|NA|NA|NA|0|0|0|0|NA|0
"450030213001"|0|1|0|0|0|0|0|1|1|0|0|1|1|0|0|NA|NA|NA|NA|NA|0|0|0|0|NA|0
"450030213002"|0|1|0|0|0|0|0|1|1|0|0|1|1|0|0|NA|NA|NA|NA|NA|0|0|0|0|NA|0
"450030213004"|0|1|1|0|0|0|0|1|1|1|0|0|0|1|0|9882|19788|12798|27408|8254|185|86|308|19905480|64628.1818181818|0
"450030214002"|0|1|0|0|0|0|0|1|1|0|0|1|1|0|0|NA|NA|NA|NA|NA|0|0|0|0|NA|0
"450059702003"|0|1|0|0|0|0|0|1|1|1|1|0|0|1|0|6302|16334|NA|NA|NA|42|25|38|1937018|50974.1578947368|0
"450070002002"|0|1|1|0|0|0|0|1|1|1|0|0|0|1|0|23470|23470|7542|7542|9174|194|89|262|15634278|59672.8167938931|0
"450070002003"|0|1|1|0|0|0|0|1|1|1|0|0|0|1|0|23470|23470|7542|7542|9174|194|89|262|15634278|59672.8167938931|0
"450070006001"|0|1|0|0|0|0|0|1|1|1|1|0|1|0|0|7803|7803|NA|NA|NA|7|3|14|443152|31653.7142857143|0
"450070101021"|0|1|0|0|0|0|0|1|1|0|0|1|1|0|0|NA|NA|NA|NA|NA|0|0|0|0|NA|0
"450070101032"|0|1|0|0|0|0|0|1|1|0|0|1|1|0|0|NA|NA|NA|NA|NA|0|0|0|0|NA|0
"450070102001"|0|1|0|0|0|0|0|1|1|0|0|1|1|0|0|NA|NA|NA|NA|NA|0|0|0|0|NA|0
"450070107006"|0|2|1|0|0|0|0|2|2|2|1|0|0|1|1|18596|42198|NA|NA|NA|3990|1071|2622|224831086|136435.799658994|0
"450099601002"|0|2|0|2|0|0|0|2|2|2|1|0|2|0|0|14970|18310|NA|NA|11284|162|43|128|5407044|84102.5565565566|0
"450130007004"|0|1|0|0|0|0|0|1|1|1|1|0|0|1|0|4680|9072|NA|NA|NA|87|43|92|4698088|51066.1739130435|0
"450130021042"|0|1|0|0|0|0|0|1|1|1|0|0|0|1|0|9780|20244|NA|NA|8527|136|66|194|12827642|66121.8659793814|0
"450150207191"|0|1|0|0|0|0|0|1|1|0|0|1|1|0|0|NA|NA|NA|NA|NA|0|0|0|0|NA|0
"450150207211"|0|1|1|0|0|0|0|1|1|1|0|0|0|1|0|24100|24100|3750|3750|9600|205|54|406|23773388|58555.1428571429|0
"450150207223"|0|1|1|0|0|0|0|1|1|1|0|0|0|1|0|24100|24100|3750|3750|9600|205|54|406|23773388|58555.1428571429|0
"450150207241"|0|0|0|0|0|0|0|1|0|0|0|0|0|0|0|NA|NA|NA|NA|NA|0|0|0|0|NA|0
"450150207242"|0|0|0|0|0|0|0|1|0|0|0|0|0|0|0|NA|NA|NA|NA|NA|0|0|0|0|NA|0
"450190004002"|0|1|1|0|0|0|0|1|1|1|0|0|0|0|1|70|70|70|70|12048|994|372|1062|81928098|77145.1016949153|0
"450190006001"|0|1|1|0|0|1|0|1|1|1|0|0|0|1|0|15174|22000|18125|24548|NA|1475|157|264|34056774|129002.931818182|0
"450190007002"|0|0|1|0|0|0|0|1|1|1|0|0|1|0|0|NA|NA|NA|NA|NA|33|5|48|4965778|103453.708333333|0
"450190028012"|0|1|0|0|0|0|0|1|1|0|0|1|1|0|0|NA|NA|NA|NA|NA|0|0|0|0|NA|0
"450190031042"|0|1|0|0|0|0|0|1|1|1|1|0|0|0|1|4461|7691|NA|NA|NA|403|168|618|30886998|49978.9611650485|0
"450190031051"|0|2|0|0|0|0|0|2|2|1|0|0|2|0|0|NA|NA|NA|NA|NA|25|10|14|495268|NA|0
"450190031052"|0|2|0|0|0|0|0|2|2|1|0|0|2|0|0|NA|NA|NA|NA|NA|25|10|14|495268|NA|0
"450190031111"|0|2|0|0|0|0|0|2|2|0|0|2|2|0|0|NA|NA|NA|NA|NA|0|0|0|0|NA|0
"450190031141"|0|2|0|0|0|0|0|2|2|1|1|1|2|0|0|26046|26046|NA|NA|NA|15|4|34|1620480|NA|0
"450190031151"|0|1|1|0|0|0|0|1|1|1|0|0|0|1|0|24100|24100|3750|3750|9600|205|54|406|23773388|58555.1428571429|0
"450190032001"|0|4|0|0|0|0|0|4|4|1|0|2|4|0|0|NA|NA|NA|NA|NA|25|10|14|495268|NA|0
"450190051001"|0|1|0|0|0|0|0|1|1|1|0|0|1|0|0|17496|17496|NA|NA|NA|27|4|18|955716|53095.3333333333|0
"450190051002"|0|1|0|0|0|0|0|1|1|1|0|0|1|0|0|17496|17496|NA|NA|NA|27|4|18|955716|53095.3333333333|0
"450190052002"|0|1|1|0|0|0|0|1|1|1|0|0|0|1|0|150|410|180|180|6549|459|146|386|29914724|77499.2849740933|0
"450190055001"|0|1|0|0|0|0|0|1|1|0|0|1|1|0|0|NA|NA|NA|NA|NA|0|0|0|0|NA|0
"450219706011"|0|1|1|0|0|0|0|1|1|1|0|0|0|1|0|23900|23900|12000|12000|8550|264|69|180|9615930|53421.8333333333|0
"450219706012"|0|1|1|0|0|0|0|1|1|1|0|0|0|1|0|23900|23900|12000|12000|8550|264|69|180|9615930|53421.8333333333|0
"450219706014"|0|1|1|0|0|0|0|1|1|1|0|0|0|1|0|23900|23900|12000|12000|8550|264|69|180|9615930|53421.8333333333|0
"450259505024"|0|1|0|0|0|0|0|1|1|1|1|0|1|0|0|4080|6576|NA|NA|NA|53|23|52|1936586|37242.0384615385|0
"450299706002"|0|1|0|0|0|0|0|1|1|0|0|1|1|0|0|NA|NA|NA|NA|NA|0|0|0|0|NA|0
"450299706004"|0|1|0|0|0|0|0|1|1|0|0|1|1|0|0|NA|NA|NA|NA|NA|0|0|0|0|NA|0
"450310103003"|0|1|1|0|0|0|0|1|1|1|0|0|0|1|0|27624|27624|NA|NA|8568|100|44|134|7000248|52240.6567164179|0
"450310106001"|0|1|1|0|0|0|0|1|1|1|0|0|0|1|0|27624|27624|NA|NA|8568|100|44|134|7000248|52240.6567164179|0
"450310106002"|0|1|1|0|0|0|0|1|1|1|0|0|0|1|0|27624|27624|NA|NA|8568|100|44|134|7000248|52240.6567164179|0
"450310106003"|0|1|1|0|0|0|0|1|1|1|0|0|0|1|0|27624|27624|NA|NA|8568|100|44|134|7000248|52240.6567164179|0
"450310109005"|0|2|0|0|0|0|0|2|2|1|1|1|1|1|0|NA|NA|NA|NA|NA|133|36|198|10408308|NA|0
"450350108181"|0|1|0|0|0|0|0|1|1|0|0|1|1|0|0|NA|NA|NA|NA|NA|0|0|0|0|NA|0
"450410001011"|0|2|0|0|0|0|0|2|2|1|1|1|1|1|0|NA|NA|NA|NA|NA|133|36|198|10408308|NA|0
"450410002012"|0|1|0|0|0|0|0|1|1|1|1|0|1|0|0|14382|14382|NA|NA|NA|24|8|18|692964|38498|0
"450410005004"|0|1|1|0|0|0|0|1|1|1|0|0|0|1|0|9880|19760|10100|20196|7716|290|64|410|28428588|69338.0195121951|0
"450450001002"|0|1|0|0|0|0|0|1|1|1|0|0|1|0|0|11592|11592|NA|NA|NA|13|0|16|934938|58433.625|0
"450450002001"|0|1|0|0|0|0|0|1|1|1|0|0|1|0|0|11592|11592|NA|NA|NA|13|0|16|934938|58433.625|0
"450450012031"|0|1|1|0|0|0|0|1|1|1|0|0|0|1|0|14900|14900|14900|14900|6470|806|404|398|17559520|44119.3969849246|0
"450450014001"|0|1|0|0|0|0|0|1|1|1|1|0|0|0|1|4416|8280|NA|NA|NA|382|139|648|31150792|48072.2098765432|0
"450450018051"|0|1|0|0|0|0|0|1|1|0|0|1|1|0|0|NA|NA|NA|NA|NA|0|0|0|0|NA|0
"450450028051"|0|1|0|0|0|0|0|1|1|0|0|0|1|0|0|NA|NA|NA|NA|NA|0|0|0|0|NA|0
"450450028082"|0|2|0|0|0|0|0|2|2|0|0|1|2|0|0|NA|NA|NA|NA|NA|0|0|0|0|NA|0
"450450029011"|0|1|0|0|0|0|0|1|1|1|1|0|1|0|0|14382|14382|NA|NA|NA|27|11|26|1029338|39589.9230769231|0
"450450029041"|0|1|0|0|0|0|0|1|1|1|1|0|1|0|0|14382|14382|NA|NA|NA|27|11|26|1029338|39589.9230769231|0
"450450033014"|0|1|0|0|0|0|0|1|1|0|0|1|1|0|0|NA|NA|NA|NA|NA|0|0|0|0|NA|0
"450450038011"|0|1|1|0|0|0|0|1|1|1|0|0|0|1|0|46784|46784|9576|9576|11864|580|205|482|41466216|86029.4937759336|0
"450450038012"|0|1|1|0|0|0|0|1|1|1|0|0|0|1|0|46784|46784|9576|9576|11864|580|205|482|41466216|86029.4937759336|0
"450450040022"|0|1|1|0|0|0|0|1|1|1|0|0|0|1|0|17594|17594|7650|7650|9892|243|86|332|17598860|53008.6144578313|0
"450450043001"|0|2|0|0|0|0|0|2|2|0|0|2|2|0|0|NA|NA|NA|NA|NA|0|0|0|0|NA|0
"450450043002"|0|1|0|0|0|0|0|1|1|0|0|1|1|0|0|NA|NA|NA|NA|NA|0|0|0|0|NA|0
"450450044001"|0|1|1|0|0|0|0|1|1|1|0|0|0|1|0|14040|14040|14325|14325|NA|29|3|10|652868|65286.8|0
"450479702011"|0|1|0|0|0|0|0|1|1|0|0|1|1|0|0|NA|NA|NA|NA|NA|0|0|0|0|NA|0
"450479703013"|0|1|1|0|0|0|0|1|1|1|0|0|0|1|0|10700|20300|11800|22500|8583|263|43|256|14397352|56239.65625|0
"450479706002"|0|1|0|0|0|0|0|1|1|1|1|0|0|1|0|4668|5868|NA|NA|NA|149|73|226|10580678|46817.1592920354|0
"450510503031"|0|1|0|0|0|0|0|1|1|0|0|0|1|0|0|NA|NA|NA|NA|NA|0|0|0|0|NA|0
"450510503032"|0|1|0|0|0|0|0|1|1|0|0|1|1|0|0|NA|NA|NA|NA|NA|0|0|0|0|NA|0
"450510602081"|0|1|0|0|0|0|0|1|1|1|1|0|1|0|0|15750|15750|NA|NA|NA|8|3|12|636674|53056.1666666667|0
"450510604031"|0|2|1|0|0|0|0|2|2|2|1|0|0|1|1|16576|34540|NA|NA|NA|905|315|1226|81097116|123318.863622677|0
"450510604041"|0|1|0|0|0|0|0|1|1|1|1|0|1|0|0|9720|9720|NA|NA|NA|16|4|24|1000986|41707.75|0
"450510604051"|0|2|1|0|0|0|0|2|2|2|1|0|0|1|1|16576|34540|NA|NA|NA|905|315|1226|81097116|123318.863622677|0
"450559705001"|0|1|0|0|0|0|0|1|1|0|0|1|1|0|0|NA|NA|NA|NA|NA|0|0|0|0|NA|0
"450570109001"|0|1|0|0|0|0|0|1|1|1|1|0|0|1|0|6302|16334|NA|NA|NA|40|21|106|5997622|56581.3396226415|0
"450570109003"|0|1|0|0|0|0|0|1|1|1|1|0|0|1|0|6302|16334|NA|NA|NA|40|21|106|5997622|56581.3396226415|0
"450599208002"|0|1|1|0|0|0|0|1|1|1|0|0|0|1|0|34282|34282|NA|NA|10044|184|105|196|14561278|74292.2346938775|0
"450630203001"|0|2|1|0|0|1|0|2|2|1|0|1|1|0|1|NA|NA|NA|NA|NA|3548|1516|2790|278434092|NA|0
"450630205052"|0|1|0|0|0|0|0|1|1|0|0|1|1|0|0|NA|NA|NA|NA|NA|0|0|0|0|NA|0
"450630205081"|0|3|0|0|0|0|0|3|3|1|1|1|3|0|0|NA|NA|NA|NA|NA|17|2|18|715812|NA|0
"450630205082"|0|3|0|0|0|0|0|3|3|1|1|1|3|0|0|NA|NA|NA|NA|NA|17|2|18|715812|NA|0
"450630205092"|0|3|0|0|0|0|0|3|3|1|1|1|3|0|0|NA|NA|NA|NA|NA|17|2|18|715812|NA|0
"450630205101"|0|1|0|0|0|0|0|1|1|0|0|1|1|0|0|NA|NA|NA|NA|NA|0|0|0|0|NA|0
"450630205111"|0|1|0|0|0|0|0|1|1|0|0|1|1|0|0|NA|NA|NA|NA|NA|0|0|0|0|NA|0
"450630211113"|0|1|0|0|0|0|0|1|0|0|0|0|1|0|0|NA|NA|NA|NA|NA|0|0|0|0|NA|0
"450639801001"|0|1|0|0|0|0|0|1|1|1|1|0|0|0|1|4800|11520|NA|NA|NA|390|155|454|25524326|56220.9823788546|0
"450679506002"|0|1|0|0|0|0|0|1|1|0|0|1|1|0|0|NA|NA|NA|NA|NA|0|0|0|0|NA|0
"450719502022"|0|1|0|0|0|0|0|1|1|1|0|0|0|1|0|22762|22762|NA|NA|9844|113|52|122|5995124|49140.3606557377|0
"450719502023"|0|1|0|0|0|0|0|1|1|1|0|0|0|1|0|22762|22762|NA|NA|9844|113|52|122|5995124|49140.3606557377|0
"450730307022"|0|1|1|0|0|0|0|1|1|1|0|0|0|0|1|13418|33300|8826|18424|9144|3782|976|2346|212131446|90422.6112531969|0
"450730307023"|0|1|1|0|0|0|0|1|1|1|0|0|0|0|1|13418|33300|8826|18424|9144|3782|976|2346|212131446|90422.6112531969|0
"450750108001"|0|1|0|0|0|0|0|1|1|1|1|0|0|1|0|4944|6720|NA|NA|NA|98|36|160|7542034|47137.7125|0
"450750111002"|0|1|0|0|0|0|0|1|1|1|1|0|0|1|0|4944|6720|NA|NA|NA|98|36|160|7542034|47137.7125|0
"450750112001"|0|1|1|1|0|0|0|1|1|1|0|0|0|1|0|8938|19018|8938|19018|9000|406|179|274|17924552|65418.0729927007|0
"450750112002"|0|1|1|1|0|0|0|1|1|1|0|0|0|1|0|15528|15528|10674|10674|8932|225|91|254|16280504|64096.4724409449|0
"450750114004"|0|1|0|0|0|0|0|1|1|0|0|1|1|0|0|NA|NA|NA|NA|NA|0|0|0|0|NA|0
"450770111021"|0|1|1|0|0|0|0|1|1|1|0|0|0|1|0|23660|23660|15075|15075|8820|159|59|106|5904536|55703.1698113208|0
"450770112022"|0|1|1|0|0|0|0|1|1|1|0|0|0|0|1|13418|33300|8826|18424|9144|3782|976|2346|212131446|90422.6112531969|0
"450770112033"|0|1|1|0|0|0|0|1|1|1|0|0|0|0|1|13418|33300|8826|18424|9144|3782|976|2346|212131446|90422.6112531969|0
"450790001002"|0|1|1|0|0|0|0|1|1|1|0|0|0|1|0|28900|28900|10512|10512|7650|136|61|142|8280096|58310.5352112676|0
"450790002001"|0|0|1|0|0|0|0|1|0|0|0|0|1|0|0|NA|NA|NA|NA|NA|0|0|0|0|NA|0
"450790002002"|0|1|0|0|0|0|0|1|1|1|0|0|1|0|0|5148|5148|NA|NA|NA|0|0|2|90000|45000|0
"450790010001"|0|1|0|1|0|0|0|1|1|1|0|0|0|1|0|17498|17498|NA|NA|8672|346|106|238|13610644|57187.5798319328|0
"450790013004"|0|1|0|1|0|0|0|1|1|1|0|0|1|0|0|12740|12740|NA|NA|6560|53|10|78|3855600|49430.7692307692|0
"450790029001"|0|2|1|0|0|1|0|2|2|1|0|1|1|0|1|NA|NA|NA|NA|NA|3548|1516|2790|278434092|NA|0
"450790029002"|0|2|1|0|0|1|0|2|2|1|0|1|1|0|1|NA|NA|NA|NA|NA|3548|1516|2790|278434092|NA|0
"450790029003"|0|2|1|0|0|1|0|2|2|1|0|1|1|0|1|NA|NA|NA|NA|NA|3548|1516|2790|278434092|NA|0
"450790103042"|0|1|0|0|0|0|0|1|0|0|0|0|1|0|0|NA|NA|NA|NA|NA|0|0|0|0|NA|0
"450790104031"|0|4|0|0|0|0|0|4|4|2|2|1|4|0|0|NA|NA|NA|NA|NA|36|4|32|1583808|NA|0
"450790104032"|0|1|0|0|0|0|0|1|1|1|1|0|1|0|0|15195|15195|NA|NA|NA|19|2|14|867996|61999.7142857143|0
"450790104033"|0|1|0|0|0|0|0|1|1|1|1|0|1|0|0|15195|15195|NA|NA|NA|19|2|14|867996|61999.7142857143|0
"450790105011"|0|1|1|0|0|0|0|1|1|1|0|0|1|0|0|20880|20880|9540|9540|7760|117|44|76|4143080|54514.2105263158|0
"450790105012"|0|1|1|0|0|0|0|1|1|1|0|0|1|0|0|20880|20880|9540|9540|7760|117|44|76|4143080|54514.2105263158|0
"450790108031"|0|1|0|0|0|0|0|1|1|1|1|0|1|0|0|14382|14382|NA|NA|NA|30|12|14|424566|30326.1428571429|0
"450790113033"|0|1|0|0|0|0|0|1|1|1|1|0|1|0|0|15750|15750|NA|NA|NA|20|12|20|765340|38267|0
"450790114041"|0|1|1|0|0|0|0|1|1|1|0|0|0|1|0|17210|17210|18097|18097|NA|61|7|50|4520702|90414.04|0
"450790114043"|0|1|1|0|0|0|0|1|1|1|0|0|1|0|0|11821|11821|17223|17223|NA|3|1|0|0|NA|0
"450790114044"|0|1|1|0|0|0|0|1|1|1|0|0|1|0|0|11821|11821|17223|17223|NA|3|1|0|0|NA|0
"450790116071"|0|1|0|0|0|0|0|1|1|0|0|1|1|0|0|NA|NA|NA|NA|NA|0|0|0|0|NA|0
"450790116081"|0|1|0|0|0|0|0|1|1|0|0|1|1|0|0|NA|NA|NA|NA|NA|0|0|0|0|NA|0
"450790116082"|0|1|0|0|0|0|0|1|1|0|0|1|1|0|0|NA|NA|NA|NA|NA|0|0|0|0|NA|0
"450830203013"|0|1|0|0|0|0|0|1|1|1|0|0|0|1|0|38860|38860|NA|NA|11635|275|91|268|19549730|72946.7537313433|0
"450830206012"|0|1|0|0|0|0|0|1|1|1|1|0|1|0|0|15750|15750|NA|NA|8910|68|25|54|2782634|51530.2592592593|0
"450830212001"|0|1|1|0|0|0|0|1|1|1|0|0|0|1|0|16000|16000|8400|8400|10300|119|69|162|9359032|57771.8024691358|0
"450830213031"|0|1|0|0|0|0|0|1|1|0|0|1|1|0|0|NA|NA|NA|NA|NA|0|0|0|0|NA|0
"450830213032"|0|1|0|0|0|0|0|1|1|0|0|1|1|0|0|NA|NA|NA|NA|NA|0|0|0|0|NA|0
"450830213035"|0|1|0|0|0|0|0|1|1|0|0|1|1|0|0|NA|NA|NA|NA|NA|0|0|0|0|NA|0
"450830217003"|0|1|0|0|0|0|0|1|1|1|1|0|1|0|0|15750|15750|NA|NA|8910|68|25|54|2782634|51530.2592592593|0
"450830218021"|0|1|1|0|0|0|0|1|1|1|0|0|0|1|0|10710|21708|12798|27408|8141|328|160|470|28112712|59814.2808510638|0
"450830218033"|0|0|1|0|0|0|0|1|1|1|0|0|1|0|0|NA|NA|NA|NA|NA|59|34|62|3245060|52339.6774193548|0
"450830219011"|0|1|0|0|0|0|0|1|1|1|1|0|0|1|0|5232|8592|NA|NA|NA|185|87|234|11459872|48973.811965812|0
"450830219021"|0|2|0|0|0|0|0|2|1|1|1|0|2|0|0|NA|NA|NA|NA|NA|24|10|26|911272|NA|0
"450830220071"|0|1|0|0|0|0|0|1|1|0|0|1|1|0|0|NA|NA|NA|NA|NA|0|0|0|0|NA|0
"450850008001"|0|2|0|1|0|0|0|2|2|1|0|1|2|0|0|NA|NA|NA|NA|NA|128|41|78|4135604|NA|0
"450850008002"|0|1|0|0|0|0|0|1|1|0|0|1|1|0|0|NA|NA|NA|NA|NA|0|0|0|0|NA|0
"450850008003"|0|1|0|1|0|0|0|1|1|1|0|0|1|0|0|11690|11690|NA|NA|5455|128|41|78|4135604|53020.5641025641|0
"450850009013"|0|2|0|0|0|0|0|2|2|2|2|0|1|1|0|11751|24292|NA|NA|NA|158|68|252|12685466|105168.737851662|0
"450870302001"|0|1|0|0|0|0|0|1|1|1|1|0|1|0|0|6302|16334|NA|NA|NA|20|13|22|1247406|56700.2727272727|0
"450870303002"|0|1|0|0|0|0|0|1|1|1|1|0|1|0|0|6302|16334|NA|NA|NA|20|13|22|1247406|56700.2727272727|0
"450899705011"|0|1|0|0|0|0|0|1|1|1|1|0|1|0|0|4008|7560|NA|NA|NA|42|16|36|1398904|38858.4444444444|0
"450910604011"|0|1|0|1|0|0|0|1|1|1|0|0|1|0|0|5094|5094|NA|NA|9551|36|5|24|694760|28948.3333333333|0
"450910606001"|0|1|1|0|0|0|0|1|1|1|0|0|0|1|0|14510|28090|14312|27570|8822|560|250|560|39548840|70622.9285714286|0
"450910608042"|0|1|0|0|0|0|0|1|1|0|0|1|1|0|0|NA|NA|NA|NA|NA|0|0|0|0|NA|0
"450910608043"|0|1|0|0|0|0|0|1|1|0|0|1|1|0|0|NA|NA|NA|NA|NA|0|0|0|0|NA|0
"450910609012"|0|1|0|0|0|0|0|1|1|1|1|0|0|1|0|4320|9144|NA|NA|NA|172|28|242|12396800|51226.4462809917|0
"450910612011"|0|1|0|0|0|0|0|1|1|1|1|0|0|1|0|4320|9144|NA|NA|NA|172|28|242|12396800|51226.4462809917|0
"460119589002"|0|1|1|0|0|0|0|1|1|1|0|0|0|0|1|7155|10386|7516|14449|9800|1369|374|1102|84736328|76893.2196007259|0
"460119589005"|0|1|1|0|0|0|0|1|1|1|0|0|0|0|1|7155|10386|7516|14449|9800|1369|374|1102|84736328|76893.2196007259|0
"460139513001"|0|1|0|0|0|0|0|1|1|1|0|0|1|0|0|18710|18710|NA|NA|8690|90|33|94|4514446|48026.0212765957|0
"460139516001"|0|1|1|0|0|0|0|1|1|1|0|0|0|1|0|6984|9900|7310|13824|7520|248|96|188|12074866|64228.0106382979|0
"460279659002"|0|1|1|0|0|1|0|1|1|1|0|0|0|0|1|7155|10386|7516|14449|7535|684|211|642|47575386|74104.9626168224|0
"460279659005"|0|1|1|0|0|1|0|1|1|1|0|0|0|0|1|7155|10386|7516|14449|7535|684|211|642|47575386|74104.9626168224|0
"460299543011"|0|1|0|0|0|0|0|1|1|1|1|0|0|1|0|2616|2616|NA|NA|NA|85|22|214|12515492|58483.6074766355|0
"460359628006"|0|1|0|0|0|0|0|1|1|1|1|0|0|1|0|3488|3488|NA|NA|NA|50|8|144|8792924|61061.9722222222|0
"460359629003"|0|1|0|0|0|0|0|1|1|1|1|0|0|1|0|3488|3488|NA|NA|NA|50|8|144|8792924|61061.9722222222|0
"460359629004"|0|1|1|0|0|0|0|1|1|1|0|0|1|0|0|25750|25750|13500|13500|7200|92|35|96|5076340|52878.5416666667|0
"460359629005"|0|1|0|0|0|0|0|1|1|1|1|0|0|1|0|3488|3488|NA|NA|NA|50|8|144|8792924|61061.9722222222|0
"460799602002"|0|1|1|0|0|0|0|1|1|1|0|0|0|1|0|6984|9900|5483|10368|6411|163|37|194|13219762|68143.1030927835|0
"460819663012"|0|1|1|0|0|0|0|1|1|1|0|0|0|1|0|6984|9900|7956|7956|6695|245|71|238|15275194|64181.487394958|0
"460819663013"|0|1|1|0|0|0|0|1|1|1|0|0|0|1|0|6984|9900|7956|7956|6695|245|71|238|15275194|64181.487394958|0
"460819663022"|0|1|1|0|0|0|0|1|1|1|0|0|0|1|0|6984|9900|7956|7956|6695|245|71|238|15275194|64181.487394958|0
"460819663023"|0|1|1|0|0|0|0|1|1|1|0|0|0|1|0|6984|9900|7956|7956|6695|245|71|238|15275194|64181.487394958|0
"460830101022"|0|3|1|0|0|0|0|3|2|2|0|0|3|0|0|NA|NA|NA|NA|NA|10|1|10|729060|NA|0
"460830101032"|0|3|1|0|0|0|0|3|2|2|0|0|3|0|0|NA|NA|NA|NA|NA|10|1|10|729060|NA|0
"460990002013"|0|1|0|0|0|0|0|1|1|0|0|1|1|0|0|NA|NA|NA|NA|NA|0|0|0|0|NA|0
"460990005002"|0|1|0|0|0|0|0|1|1|0|0|1|1|0|0|2550|2550|NA|NA|NA|0|0|0|0|NA|0
"460990007001"|0|1|0|0|0|0|0|1|0|0|0|0|1|0|0|NA|NA|NA|NA|NA|0|0|0|0|NA|0
"460990015003"|0|1|1|0|0|0|0|1|1|1|0|0|0|1|0|27160|27160|6840|6840|7140|98|44|122|6997012|57352.5573770492|0
"460990015005"|0|0|1|0|0|0|0|1|1|1|0|0|1|0|0|NA|NA|15574|15574|NA|17|2|10|582000|58200|0
"460990104051"|0|1|0|0|0|0|0|1|1|1|1|0|0|1|0|2834|2834|NA|NA|8100|80|23|212|12913476|60912.6226415094|0
"460990106002"|0|1|0|0|0|0|0|1|1|0|0|1|1|0|0|NA|NA|NA|NA|NA|0|0|0|0|NA|0
"460990106005"|0|1|1|0|0|0|0|1|1|1|0|0|0|1|0|30454|30454|31928|31928|7480|239|76|282|17320008|61418.4680851064|0
"461030102001"|0|1|0|0|0|0|0|1|1|0|0|1|1|0|0|NA|NA|NA|NA|NA|0|0|0|0|NA|0
"461030102002"|0|1|0|0|0|0|0|1|1|0|0|1|1|0|0|NA|NA|NA|NA|NA|0|0|0|0|NA|0
"461030104001"|0|1|0|0|0|0|0|1|1|1|1|0|0|1|0|3317|3317|NA|NA|NA|48|6|92|5071078|55120.4130434783|0
"461030105002"|0|1|1|0|0|0|0|1|1|1|0|0|0|1|0|7340|11500|5740|11500|7720|248|61|296|26287374|88808.6959459459|0
"461030109031"|0|1|0|0|0|0|0|1|1|1|0|0|1|0|0|6000|6000|NA|NA|NA|5|0|0|0|NA|0
"461030109061"|0|1|0|0|0|0|0|1|1|1|1|0|0|1|0|3317|3317|NA|NA|NA|48|6|92|5071078|55120.4130434783|0
"461030109062"|0|1|0|0|0|0|0|1|1|1|1|0|0|1|0|3317|3317|NA|NA|NA|48|6|92|5071078|55120.4130434783|0
"461030110023"|0|1|0|0|0|0|0|1|1|1|0|0|0|1|0|13194|13194|NA|NA|NA|261|22|30|1539608|51320.2666666667|0
"461030115001"|0|1|0|0|0|0|0|1|1|1|0|0|1|0|0|6000|6000|NA|NA|NA|5|0|0|0|NA|0
"461030116002"|0|1|0|0|0|0|0|1|1|1|0|0|1|0|0|6000|6000|NA|NA|NA|5|0|0|0|NA|0
"461099408001"|0|1|0|0|0|0|1|1|1|1|1|0|1|0|0|3750|3750|NA|NA|NA|31|4|16|675040|42190|0
"461139408001"|0|1|1|0|0|0|1|1|1|1|0|0|0|1|0|2016|2016|1035|1035|6300|140|32|130|6091806|46860.0461538462|0
"461139409001"|0|1|1|0|0|0|1|1|1|1|0|0|0|1|0|2016|2016|1035|1035|6300|140|32|130|6091806|46860.0461538462|0
"461139409002"|0|1|1|0|0|0|1|1|1|1|0|0|0|1|0|2016|2016|1035|1035|6300|140|32|130|6091806|46860.0461538462|0
"461139409003"|0|1|1|0|0|0|1|1|1|1|0|0|0|1|0|2016|2016|1035|1035|6300|140|32|130|6091806|46860.0461538462|0
"461219402002"|0|1|1|0|0|0|1|1|1|1|0|0|1|0|0|2640|2640|1500|1500|NA|101|37|66|1805050|27349.2424242424|0
"461219402003"|0|1|1|0|0|0|1|1|1|1|0|0|1|0|0|2640|2640|1500|1500|NA|101|37|66|1805050|27349.2424242424|0
"461359663024"|0|2|1|0|0|0|0|2|2|1|0|1|1|1|0|24730|24730|NA|NA|NA|70|20|84|5382534|NA|0
"470039504022"|0|1|0|0|0|0|0|1|1|0|0|1|1|0|0|NA|NA|NA|NA|NA|0|0|0|0|NA|0
"470039506004"|0|1|0|0|0|0|0|1|1|0|0|1|1|0|0|NA|NA|NA|NA|NA|0|0|0|0|NA|0
"470090106001"|0|1|0|0|0|0|0|1|1|1|0|0|0|1|0|32746|32746|NA|NA|10868|184|66|152|8911298|58626.9605263158|0
"470090106003"|0|1|0|0|0|0|0|1|1|1|0|0|0|1|0|32746|32746|NA|NA|10868|184|66|152|8911298|58626.9605263158|0
"470110101002"|0|1|0|0|0|0|0|1|1|1|1|0|0|1|0|3744|15408|NA|NA|NA|124|37|140|7182098|51300.7|0
"470110101003"|0|2|0|0|0|0|0|2|2|1|1|1|1|1|0|NA|NA|NA|NA|NA|124|37|140|7182098|NA|0
"470110101004"|0|1|0|0|0|0|0|1|1|0|0|1|1|0|0|NA|NA|NA|NA|NA|0|0|0|0|NA|0
"470110104001"|0|1|1|0|0|0|0|1|1|1|0|0|1|0|0|2400|2400|11472|11472|NA|26|7|20|1241520|62076|0
"470110105001"|0|1|1|0|0|0|0|1|1|1|0|0|0|1|0|15170|15170|11376|11376|7880|383|141|350|21781574|62233.0685714286|0
"470110105002"|0|1|1|0|0|0|0|1|1|1|0|0|0|1|0|15170|15170|11376|11376|7880|383|141|350|21781574|62233.0685714286|0
"470110106001"|0|1|1|0|0|0|0|1|1|1|0|0|0|1|0|15170|15170|11376|11376|7880|383|141|350|21781574|62233.0685714286|0
"470110112024"|0|1|0|0|0|0|0|1|1|1|1|0|0|1|0|3744|15408|NA|NA|NA|124|37|140|7182098|51300.7|0
"470110114011"|0|1|0|0|0|0|0|1|1|1|1|0|0|1|0|3744|15408|NA|NA|NA|124|37|140|7182098|51300.7|0
"470110114022"|0|1|0|0|0|0|0|1|1|0|0|1|1|0|0|NA|NA|NA|NA|NA|0|0|0|0|NA|0
"470139504003"|0|1|0|0|0|0|0|1|1|0|0|1|1|0|0|NA|NA|NA|NA|NA|0|0|0|0|NA|0
"470139505002"|0|0|0|0|0|0|0|1|0|0|0|0|0|0|0|NA|NA|NA|NA|NA|0|0|0|0|NA|0
"470179622021"|0|1|0|0|0|0|0|1|1|0|0|1|1|0|0|NA|NA|NA|NA|NA|0|0|0|0|NA|0
"470179622023"|0|1|1|0|0|0|0|1|1|1|0|0|0|1|0|9305|9305|10530|10530|9798|359|97|356|15640946|43935.2415730337|0
"470190709001"|0|1|1|0|0|0|0|1|1|1|0|0|0|1|0|30250|30250|10608|10608|6700|135|41|176|10008864|56868.5454545455|0
"470190712001"|0|1|0|0|0|0|0|1|1|0|0|1|1|0|0|NA|NA|NA|NA|NA|0|0|0|0|NA|0
"470190713001"|0|1|0|0|0|0|0|1|1|0|0|1|1|0|0|NA|NA|NA|NA|NA|0|0|0|0|NA|0
"470210702011"|0|1|0|0|0|0|0|1|1|0|0|1|1|0|0|NA|NA|NA|NA|NA|0|0|0|0|NA|0
"470239702003"|0|1|1|0|0|0|0|1|1|1|0|0|0|1|0|21500|21500|10260|10260|7950|173|59|186|11813682|63514.4193548387|0
"470239703002"|0|1|1|0|0|0|0|1|1|1|0|0|0|1|0|21500|21500|10260|10260|7950|173|59|186|11813682|63514.4193548387|0
"470259703001"|0|1|1|0|0|1|0|1|1|1|0|0|0|1|0|20520|20520|18956|18956|9881|361|117|230|14921850|64877.6086956522|0
"470259709002"|0|1|0|0|0|0|0|1|1|0|0|1|1|0|0|NA|NA|NA|NA|NA|0|0|0|0|NA|0
"470259709003"|0|1|0|0|0|0|0|1|1|0|0|1|1|0|0|NA|NA|NA|NA|NA|0|0|0|0|NA|0
"470319704002"|0|1|0|0|0|0|0|1|1|0|0|1|1|0|0|NA|NA|NA|NA|NA|0|0|0|0|NA|0
"470319709001"|0|1|0|0|0|0|0|1|1|0|0|1|1|0|0|NA|NA|NA|NA|NA|0|0|0|0|NA|0
"470359705023"|0|2|0|0|0|0|0|2|1|0|0|1|2|0|0|NA|NA|NA|NA|NA|0|0|0|0|NA|0
"470370104011"|0|1|0|0|0|0|0|1|0|0|0|0|1|0|0|NA|NA|NA|NA|NA|0|0|0|0|NA|0
"470370104012"|0|5|0|0|0|0|0|5|4|1|1|2|4|0|0|NA|NA|NA|NA|NA|4|2|12|549598|NA|0
"470370106021"|0|0|1|0|0|0|0|1|1|1|0|0|1|0|0|NA|NA|59788|59788|NA|14|9|36|1484694|41241.5|0
"470370107014"|0|1|0|0|0|0|0|1|1|0|0|1|1|0|0|NA|NA|NA|NA|NA|0|0|0|0|NA|0
"470370108021"|0|1|0|0|0|0|0|1|1|1|0|0|1|0|0|17700|17700|NA|NA|NA|16|6|6|360000|60000|0
"470370108023"|0|1|0|0|0|0|0|1|1|0|0|1|1|0|0|NA|NA|NA|NA|NA|0|0|0|0|NA|0
"470370113003"|0|0|0|0|0|0|0|1|0|0|0|0|0|0|0|NA|NA|NA|NA|NA|0|0|0|0|NA|0
"470370113004"|0|0|0|0|0|0|0|1|0|0|0|0|0|0|0|NA|NA|NA|NA|NA|0|0|0|0|NA|0
"470370117005"|0|1|0|0|0|0|0|1|1|1|1|0|0|1|0|NA|NA|NA|NA|NA|88|25|118|8506454|72088.593220339|0
"470370126001"|0|1|0|0|0|0|0|1|1|0|0|1|1|0|0|NA|NA|NA|NA|NA|0|0|0|0|NA|0
"470370127021"|0|1|0|1|0|0|0|1|1|1|0|0|1|0|0|8760|8760|NA|NA|8640|12|3|10|367600|36760|0
"470370128021"|0|1|0|0|0|0|0|1|1|1|1|0|1|0|0|NA|NA|NA|NA|NA|7|1|8|4e+05|50000|0
"470370128022"|0|1|0|0|0|0|0|1|1|1|1|0|1|0|0|NA|NA|NA|NA|NA|7|1|8|4e+05|50000|0
"470370128024"|0|1|0|0|0|0|0|1|1|1|1|0|1|0|0|NA|NA|NA|NA|NA|7|1|8|4e+05|50000|0
"470370134003"|0|1|0|0|0|0|0|1|1|0|0|1|1|0|0|NA|NA|NA|NA|NA|0|0|0|0|NA|0
"470370136021"|0|1|1|1|0|0|0|1|1|1|0|0|0|1|0|6216|18936|8380|20020|7320|947|518|650|43859856|67476.7015384615|0
"470370137001"|0|1|0|0|0|0|0|1|1|1|0|0|1|0|0|21750|21750|NA|NA|10000|29|8|32|1612280|50383.75|0
"470370137004"|0|1|0|0|0|0|0|1|1|1|0|0|1|0|0|21750|21750|NA|NA|10000|29|8|32|1612280|50383.75|0
"470370139001"|0|1|0|0|0|0|0|1|1|1|0|0|1|0|0|21750|21750|NA|NA|10000|29|8|32|1612280|50383.75|0
"470370142002"|0|1|2|2|1|1|0|2|2|2|0|0|2|0|0|NA|NA|42688|42688|NA|144|46|108|6151686|NA|0
"470370151004"|0|2|1|0|0|0|0|2|2|2|0|0|2|0|0|25666|25666|NA|NA|NA|33|19|6|236342|NA|0
"470370153001"|0|1|0|0|0|0|0|1|1|0|0|1|1|0|0|NA|NA|NA|NA|NA|0|0|0|0|NA|0
"470370153002"|0|1|0|0|0|0|0|1|1|0|0|1|1|0|0|NA|NA|NA|NA|NA|0|0|0|0|NA|0
"470370153003"|0|1|0|0|0|0|0|1|1|0|0|1|1|0|0|NA|NA|NA|NA|NA|0|0|0|0|NA|0
"470370153004"|0|1|0|0|0|0|0|1|1|0|0|1|1|0|0|NA|NA|NA|NA|NA|0|0|0|0|NA|0
"470370155011"|0|1|0|0|0|0|0|1|1|0|0|1|1|0|0|NA|NA|NA|NA|NA|0|0|0|0|NA|0
"470370155022"|0|3|1|0|0|0|0|3|3|2|0|0|3|0|0|NA|NA|NA|NA|NA|55|7|40|2225820|NA|0
"470370155023"|0|1|0|0|0|0|0|1|1|1|1|0|1|0|0|15540|15540|NA|NA|NA|26|15|22|976208|44373.0909090909|0
"470370156131"|0|2|1|0|0|0|0|2|2|2|1|0|2|0|0|33552|33552|NA|NA|NA|39|2|16|1024608|143475.428571429|0
"470370156292"|0|1|0|0|0|0|0|1|0|0|0|0|1|0|0|NA|NA|NA|NA|NA|0|0|0|0|NA|0
"470370157001"|0|3|2|0|0|0|0|3|3|2|1|0|2|0|0|NA|NA|NA|NA|NA|174|39|16|1024608|NA|0
"470370158041"|0|1|0|0|0|0|0|1|1|1|1|0|1|0|0|NA|NA|NA|NA|NA|23|11|4|203070|50767.5|0
"470370159001"|0|1|1|0|0|0|0|1|1|1|0|0|0|1|0|23724|23724|9743|9743|8592|228|103|164|10343760|63071.7073170732|0
"470370163001"|0|1|0|0|0|0|0|1|1|1|1|0|1|0|0|24762|24762|NA|NA|NA|8|1|8|478416|59802|0
"470370164002"|0|1|1|0|0|0|0|1|1|1|0|0|0|1|0|29930|29930|20160|20160|11330|561|188|672|65120232|96905.1071428571|0
"470370165002"|0|1|1|0|0|1|0|1|1|1|0|0|0|0|1|44496|44496|44496|44496|14962|4412|723|2236|269361614|120465.838103757|0
"470370165003"|0|1|1|0|0|1|0|1|1|1|0|0|0|0|1|44496|44496|44496|44496|14962|4412|723|2236|269361614|120465.838103757|0
"470370165004"|0|1|1|0|0|1|0|1|1|1|0|0|0|0|1|44496|44496|44496|44496|14962|4412|723|2236|269361614|120465.838103757|0
"470370167002"|0|1|1|0|0|0|0|1|1|1|0|0|1|0|0|17920|17920|450|450|7074|28|7|38|1902524|50066.4210526316|0
"470370167004"|0|1|1|0|0|0|0|1|1|1|0|0|1|0|0|21350|21350|13320|13320|8850|53|15|60|3678382|61306.3666666667|0
"470370177021"|0|1|1|0|0|0|0|1|1|1|0|0|0|1|0|27472|27472|18576|18576|11540|590|188|440|35305618|80240.0409090909|0
"470370177023"|0|1|1|0|0|0|0|1|1|1|0|0|0|1|0|27472|27472|18576|18576|11540|590|188|440|35305618|80240.0409090909|0
"470370180004"|0|1|1|0|0|0|0|1|1|1|0|0|1|0|0|21350|21350|13320|13320|8850|53|15|60|3678382|61306.3666666667|0
"470370181022"|0|2|0|0|0|0|0|2|2|1|1|1|0|2|0|NA|NA|NA|NA|NA|221|131|298|15208402|NA|0
"470370191121"|0|1|0|0|0|0|0|1|1|1|1|0|1|0|0|11412|11412|NA|NA|NA|16|8|14|523660|37404.2857142857|0
"470430606021"|0|1|0|0|0|0|0|1|1|0|0|1|1|0|0|NA|NA|NA|NA|NA|0|0|0|0|NA|0
"470430606022"|0|1|0|0|0|0|0|1|1|0|0|1|1|0|0|NA|NA|NA|NA|NA|0|0|0|0|NA|0
"470430606024"|0|1|0|0|0|0|0|1|1|0|0|1|1|0|0|NA|NA|NA|NA|NA|0|0|0|0|NA|0
"470459640002"|0|1|0|0|0|0|0|1|1|0|0|1|1|0|0|NA|NA|NA|NA|NA|0|0|0|0|NA|0
"470459640003"|0|1|0|0|0|0|0|1|1|0|0|1|1|0|0|NA|NA|NA|NA|NA|0|0|0|0|NA|0
"470459642001"|0|1|0|0|0|0|0|1|1|1|1|0|0|1|0|3930|16176|NA|NA|NA|160|107|110|6076480|55240.7272727273|0
"470459644001"|0|1|0|0|0|0|0|1|1|0|0|1|1|0|0|NA|NA|NA|NA|NA|0|0|0|0|NA|0
"470459649002"|0|1|0|0|0|0|0|1|1|1|1|0|0|1|0|3930|16176|NA|NA|NA|160|107|110|6076480|55240.7272727273|0
"470519607003"|0|1|1|0|0|0|0|1|1|1|0|0|0|1|0|38544|38544|16135|16135|12100|453|136|348|28898264|83040.9885057471|0
"470539665003"|0|1|0|0|0|0|0|1|1|0|0|1|1|0|0|NA|NA|NA|NA|NA|0|0|0|0|NA|0
"470559202003"|0|1|1|0|0|0|0|1|1|1|0|0|0|1|0|22288|22288|8910|8910|8100|52|27|96|5168158|53834.9791666667|0
"470559204001"|0|1|0|0|0|0|0|1|1|0|0|1|1|0|0|NA|NA|NA|NA|NA|0|0|0|0|NA|0
"470590902001"|0|1|1|0|0|0|0|1|1|1|0|0|0|1|0|23125|23125|6426|6426|8500|234|103|136|6620240|48678.2352941177|0
"470631002003"|0|1|0|0|0|0|0|1|1|1|1|0|0|1|0|3744|15408|NA|NA|NA|261|109|338|18391748|54413.4556213018|0
"470631003001"|0|1|0|0|0|0|0|1|1|0|0|1|1|0|0|NA|NA|NA|NA|NA|0|0|0|0|NA|0
"470650011001"|0|0|1|0|0|0|0|1|1|1|0|0|1|0|0|NA|NA|15250|15250|NA|49|21|22|1587440|72156.3636363636|0
"470650014002"|0|1|1|0|0|0|0|1|0|0|0|0|1|0|0|NA|NA|NA|NA|NA|0|0|0|0|NA|0
"470650030002"|0|2|0|0|0|0|0|2|2|1|1|0|2|0|0|NA|NA|NA|NA|NA|28|11|28|1025384|NA|0
"470650104321"|0|1|0|0|0|0|0|1|1|1|1|0|1|0|0|10665|10665|NA|NA|NA|25|7|36|1294000|35944.4444444444|0
"470650112031"|0|1|1|0|0|0|0|1|1|1|0|0|0|1|0|20300|20300|11070|11070|6450|319|129|280|15751098|56253.9214285714|0
"470650112032"|0|1|1|0|0|0|0|1|1|1|0|0|0|1|0|20300|20300|11070|11070|6450|319|129|280|15751098|56253.9214285714|0
"470650112033"|0|1|1|0|0|0|0|1|1|1|0|0|0|1|0|20300|20300|11070|11070|6450|319|129|280|15751098|56253.9214285714|0
"470650113214"|0|1|0|0|0|0|0|1|0|0|0|0|1|0|0|NA|NA|NA|NA|NA|0|0|0|0|NA|0
"470650114111"|0|1|0|0|0|0|0|1|1|1|1|0|0|1|0|3744|15408|NA|NA|NA|408|166|482|24034698|49864.5186721992|0
"470650114452"|0|1|0|0|0|0|0|1|1|1|1|0|1|0|0|9252|9252|NA|NA|NA|21|7|36|1516388|42121.8888888889|0
"470650124002"|0|1|1|0|0|0|0|1|1|1|0|0|0|0|1|6768|22886|8100|24218|9100|753|280|922|69325546|75190.3969631236|0
"470699502002"|0|1|0|0|0|0|0|1|1|0|0|1|1|0|0|NA|NA|NA|NA|NA|0|0|0|0|NA|0
"470719202004"|0|1|0|0|0|0|0|1|1|0|0|1|1|0|0|NA|NA|NA|NA|NA|0|0|0|0|NA|0
"470779753001"|0|1|0|0|0|0|0|1|1|0|0|1|1|0|0|NA|NA|NA|NA|NA|0|0|0|0|NA|0
"470779753002"|0|1|0|0|0|0|0|1|1|0|0|1|1|0|0|NA|NA|NA|NA|NA|0|0|0|0|NA|0
"470779753004"|0|1|0|0|0|0|0|1|1|0|0|1|1|0|0|NA|NA|NA|NA|NA|0|0|0|0|NA|0
"470799695004"|0|1|0|0|0|0|0|1|1|0|0|1|1|0|0|NA|NA|NA|NA|NA|0|0|0|0|NA|0
"470890703003"|0|1|1|0|0|0|0|1|1|1|0|0|0|1|0|25200|25200|8580|8580|8430|199|100|246|12760652|51872.5691056911|0
"470930009011"|0|1|1|0|0|1|0|1|1|1|0|0|0|0|1|10858|29048|11044|29232|10238|5243|1260|3058|314338334|102792.130150425|0
"470930026002"|0|1|0|0|0|0|0|1|1|0|0|1|0|1|0|NA|NA|NA|NA|NA|0|0|0|0|NA|0
"470930038013"|0|1|1|0|0|0|0|1|1|1|0|0|0|1|0|18000|18000|20130|20130|NA|142|75|210|18476698|87984.2761904762|0
"470930038022"|0|1|0|0|0|0|0|1|1|0|0|1|1|0|0|NA|NA|NA|NA|NA|0|0|0|0|NA|0
"470930041002"|0|1|0|0|0|0|0|1|1|1|1|0|1|0|0|14382|14382|NA|NA|NA|32|12|20|680842|34042.1|0
"470930042002"|0|1|0|0|0|0|0|1|1|1|0|0|1|0|0|14550|14550|NA|NA|NA|8|0|18|1408564|78253.5555555556|0
"470930044031"|0|2|0|0|0|0|0|2|1|0|0|1|2|0|0|NA|NA|NA|NA|NA|0|0|0|0|NA|0
"470930046101"|0|1|0|0|0|0|0|1|1|0|0|0|1|0|0|NA|NA|NA|NA|NA|0|0|0|0|NA|0
"470930046102"|0|1|0|0|0|0|0|1|1|0|0|0|1|0|0|NA|NA|NA|NA|NA|0|0|0|0|NA|0
"470930055021"|0|1|1|0|0|0|0|1|1|1|0|0|0|1|0|13000|13000|8100|8100|6140|109|34|96|6242618|65027.2708333333|0
"470930055023"|0|1|1|0|0|0|0|1|1|1|0|0|0|1|0|13000|13000|8100|8100|6140|109|34|96|6242618|65027.2708333333|0
"470930057061"|0|1|0|0|0|0|0|1|1|0|0|1|1|0|0|NA|NA|NA|NA|NA|0|0|0|0|NA|0
"470930059071"|0|1|0|0|0|0|0|1|1|1|1|0|0|0|1|3744|15408|NA|NA|NA|312|190|478|27005900|56497.6987447699|0
"470930062071"|0|1|1|0|0|0|0|1|1|1|0|0|1|0|0|5880|5880|6624|6624|NA|7|1|8|152320|19040|0
"470930066001"|0|1|0|0|0|0|0|1|0|0|0|0|1|0|0|NA|NA|NA|NA|NA|0|0|0|0|NA|0
"470930067001"|0|1|0|0|0|0|0|1|0|0|0|0|1|0|0|NA|NA|NA|NA|NA|0|0|0|0|NA|0
"470970505041"|0|1|0|0|0|0|0|1|1|0|0|1|1|0|0|NA|NA|NA|NA|NA|0|0|0|0|NA|0
"470999605023"|0|1|0|0|0|0|0|1|1|0|0|1|1|0|0|NA|NA|NA|NA|NA|0|0|0|0|NA|0
"471019702005"|0|1|0|0|0|0|0|1|1|0|0|1|1|0|0|NA|NA|NA|NA|NA|0|0|0|0|NA|0
"471039753003"|0|1|0|0|0|0|0|1|1|0|0|1|1|0|0|NA|NA|NA|NA|NA|0|0|0|0|NA|0
"471079702002"|0|1|0|0|0|0|0|1|1|0|0|1|1|0|0|NA|NA|NA|NA|NA|0|0|0|0|NA|0
"471079702005"|0|1|0|0|0|0|0|1|1|0|0|1|1|0|0|NA|NA|NA|NA|NA|0|0|0|0|NA|0
"471079703003"|0|1|1|0|0|0|0|1|1|1|0|0|0|1|0|22000|22000|4500|4500|7540|76|47|114|5690732|49918.701754386|0
"471099305002"|0|1|0|0|0|0|0|1|1|0|0|1|1|0|0|NA|NA|NA|NA|NA|0|0|0|0|NA|0
"471130002002"|0|2|0|0|0|0|0|2|2|0|0|2|2|0|0|NA|NA|NA|NA|NA|0|0|0|0|NA|0
"471130003001"|0|2|0|0|0|0|0|2|2|0|0|2|2|0|0|NA|NA|NA|NA|NA|0|0|0|0|NA|0
"471130003005"|0|2|0|0|0|0|0|2|2|0|0|2|2|0|0|NA|NA|NA|NA|NA|0|0|0|0|NA|0
"471130005002"|0|1|0|1|0|0|0|1|1|1|0|0|0|1|0|8980|8980|NA|NA|6770|126|45|134|6293808|46968.7164179105|0
"471130005003"|0|1|0|0|0|0|0|1|1|1|1|0|0|1|0|3744|11664|NA|NA|NA|150|95|152|8591012|56519.8157894737|0
"471130014012"|0|1|0|0|0|0|0|1|1|0|0|1|1|0|0|NA|NA|NA|NA|NA|0|0|0|0|NA|0
"471130016051"|0|1|1|0|0|0|0|1|1|1|0|0|0|1|0|29320|29320|6870|6870|10250|248|73|462|35370156|76558.7792207792|0
"471130016101"|0|1|1|0|0|0|0|1|1|1|0|0|0|1|0|29320|29320|6870|6870|10250|248|73|462|35370156|76558.7792207792|0
"471190108012"|0|1|0|0|0|0|0|1|1|0|0|1|1|0|0|NA|NA|NA|NA|NA|0|0|0|0|NA|0
"471190108022"|0|1|0|0|0|0|0|1|1|1|1|0|0|1|0|3744|15408|NA|NA|NA|154|72|212|11544980|54457.4528301887|0
"471239254001"|0|1|0|0|0|0|0|1|1|1|0|0|1|0|0|14918|14918|NA|NA|6784|40|14|32|1225510|38297.1875|0
"471251002001"|0|1|0|0|0|0|0|1|1|0|0|1|1|0|0|NA|NA|NA|NA|NA|0|0|0|0|NA|0
"471251002002"|0|1|0|0|0|0|0|1|1|0|0|1|1|0|0|NA|NA|NA|NA|NA|0|0|0|0|NA|0
"471251008001"|0|1|1|0|0|0|0|1|1|1|0|0|0|0|1|6216|21456|8300|22280|9711|584|362|742|49259720|66387.7628032345|0
"471251011011"|0|1|0|0|0|0|0|1|1|0|0|1|1|0|0|NA|NA|NA|NA|NA|0|0|0|0|NA|0
"471251013041"|0|1|0|0|0|0|0|1|1|1|1|0|1|0|0|NA|NA|NA|NA|NA|9|0|6|249600|41600|0
"471251020011"|0|1|0|0|0|0|0|1|1|1|1|0|1|0|0|9000|9000|NA|NA|NA|24|7|24|1057588|44066.1666666667|0
"471251020053"|0|1|0|0|0|0|0|1|1|1|0|0|1|0|0|15000|15000|NA|NA|NA|63|40|40|1799600|44990|0
"471279302001"|0|1|0|0|0|0|0|1|1|1|1|0|0|1|0|3744|11664|NA|NA|NA|147|87|186|9076544|48798.623655914|0
"471339503013"|0|1|0|0|0|0|0|1|1|0|0|1|1|0|0|NA|NA|NA|NA|NA|0|0|0|0|NA|0
"471410004001"|0|1|0|0|0|0|0|1|1|0|0|1|1|0|0|NA|NA|NA|NA|NA|0|0|0|0|NA|0
"471410006001"|0|1|0|0|0|0|0|1|1|1|1|0|1|0|0|14417|14417|NA|NA|NA|11|1|22|1181832|53719.6363636364|0
"471410007003"|0|1|0|0|0|0|0|1|1|0|0|1|1|0|0|NA|NA|NA|NA|NA|0|0|0|0|NA|0
"471410008001"|0|1|1|0|0|0|0|1|1|1|0|0|0|0|1|7032|22896|9200|23720|8750|760|322|860|60966760|70891.5813953488|0
"471439753003"|0|0|1|0|0|0|0|1|1|1|0|0|1|0|0|NA|NA|6000|6000|NA|6|2|2|43200|21600|0
"471439754012"|0|1|1|0|0|0|0|1|1|1|0|0|0|1|0|24450|24450|10680|10680|6990|108|15|96|4528466|47171.5208333333|0
"471439754013"|0|0|1|0|0|0|0|1|1|1|0|0|1|0|0|NA|NA|6000|6000|NA|6|2|2|43200|21600|0
"471439754014"|0|0|1|0|0|0|0|1|1|1|0|0|1|0|0|NA|NA|6000|6000|NA|6|2|2|43200|21600|0
"471450305001"|0|1|0|0|0|0|0|1|1|1|1|0|0|1|0|3744|15408|NA|NA|NA|149|50|216|12227448|56608.5555555556|0
"471450305002"|0|1|0|0|0|0|0|1|1|1|1|0|0|1|0|3744|15408|NA|NA|NA|149|50|216|12227448|56608.5555555556|0
"471450308003"|0|1|0|0|0|0|0|1|1|0|0|1|1|0|0|NA|NA|NA|NA|NA|0|0|0|0|NA|0
"471490409011"|0|2|0|0|0|0|0|2|1|0|0|1|2|0|0|NA|NA|NA|NA|NA|0|0|0|0|NA|0
"471490414031"|0|1|1|0|0|0|0|1|1|1|0|0|0|0|1|6600|23736|7974|22086|8246|1287|599|1794|126797072|70678.4124860647|0
"471490415001"|0|1|1|0|0|0|0|1|1|1|0|0|0|0|1|6600|23736|7974|22086|8246|1287|599|1794|126797072|70678.4124860647|0
"471490418001"|0|1|0|0|0|0|0|1|1|0|0|1|1|0|0|NA|NA|NA|NA|NA|0|0|0|0|NA|0
"471490418003"|0|1|0|0|0|0|0|1|1|1|0|0|1|0|0|15000|15000|NA|NA|NA|15|8|6|228038|38006.3333333333|0
"471490420002"|0|1|0|0|0|0|0|1|1|1|0|0|1|0|0|15000|15000|NA|NA|NA|15|8|6|228038|38006.3333333333|0
"471519752003"|0|1|0|0|0|0|0|1|1|0|0|1|1|0|0|NA|NA|NA|NA|NA|0|0|0|0|NA|0
"471519752004"|0|1|0|0|0|0|0|1|1|0|0|1|1|0|0|NA|NA|NA|NA|NA|0|0|0|0|NA|0
"471570016001"|0|2|2|0|0|0|0|2|2|2|0|0|1|1|0|75632|75632|77032|77032|19818|367|97|442|31718500|127344.87628866|0
"471570016003"|0|2|2|0|0|0|0|2|2|2|0|0|1|1|0|75632|75632|77032|77032|19818|367|97|442|31718500|127344.87628866|0
"471570020001"|0|1|0|0|0|0|0|1|1|0|0|1|1|0|0|NA|NA|NA|NA|NA|0|0|0|0|NA|0
"471570020002"|0|1|0|0|0|0|0|1|1|0|0|1|0|1|0|NA|NA|NA|NA|NA|0|0|0|0|NA|0
"471570025001"|0|1|0|0|0|0|0|1|1|0|0|1|1|0|0|NA|NA|NA|NA|NA|0|0|0|0|NA|0
"471570025002"|0|1|0|0|0|0|0|1|1|1|1|0|1|0|0|5910|5910|NA|NA|NA|11|0|22|1029542|46797.3636363636|0
"471570031001"|0|1|1|0|0|0|0|1|1|1|0|0|0|1|0|29990|29990|22600|22600|8700|156|44|212|13156354|62058.2735849057|0
"471570031002"|0|0|1|0|0|0|0|1|1|1|0|0|1|0|0|NA|NA|12870|12870|NA|17|2|28|1626068|58073.8571428571|0
"471570036002"|0|0|1|0|0|0|0|1|1|1|0|0|1|0|0|NA|NA|NA|NA|NA|124|56|108|12359000|114435.185185185|0
"471570038001"|0|2|1|0|0|1|0|2|2|2|0|0|0|2|0|19188|35877|NA|NA|NA|1056|243|674|78857118|204883.465723982|0
"471570039001"|0|1|0|0|0|0|0|1|1|1|0|0|1|0|0|19500|19500|NA|NA|5000|15|3|16|678460|42403.75|0
"471570042002"|0|0|0|0|0|0|0|1|0|0|0|0|0|0|0|NA|NA|NA|NA|NA|0|0|0|0|NA|0
"471570073003"|0|1|1|0|0|0|0|1|1|1|0|0|0|0|1|7488|19200|8820|17604|9153|1633|339|1722|136516278|79277.7456445993|0
"471570074001"|0|1|0|0|0|0|0|1|1|0|0|1|1|0|0|NA|NA|NA|NA|NA|0|0|0|0|NA|0
"471570085002"|0|1|0|0|0|0|0|1|1|0|0|1|1|0|0|NA|NA|NA|NA|NA|0|0|0|0|NA|0
"471570093001"|0|1|0|0|0|0|0|1|0|0|0|0|1|0|0|NA|NA|NA|NA|NA|0|0|0|0|NA|0
"471570096003"|0|1|0|0|0|0|0|1|1|1|1|0|0|1|0|NA|NA|NA|NA|NA|71|21|72|4105546|57021.4722222222|0
"471570106104"|0|1|0|0|0|0|0|1|1|1|0|0|1|0|0|4176|4176|NA|NA|3400|7|5|4|157660|39415|0
"471570107101"|0|1|1|0|0|0|0|1|1|1|0|0|0|1|0|14040|14040|14325|14325|NA|34|6|22|1377034|62592.4545454545|0
"471570113001"|0|1|0|0|0|0|0|1|1|0|0|1|0|1|0|NA|NA|NA|NA|NA|0|0|0|0|NA|0
"471570114001"|0|1|0|0|0|0|0|1|1|1|0|0|1|0|0|19500|19500|NA|NA|5000|15|3|16|678460|42403.75|0
"471570114002"|0|1|0|0|0|0|0|1|1|1|0|0|1|0|0|19500|19500|NA|NA|5000|15|3|16|678460|42403.75|0
"471570114003"|0|2|0|0|0|0|0|2|2|2|1|0|1|1|0|23244|34908|NA|NA|NA|370|93|392|19058428|91286.6436170213|0
"471570116002"|0|1|0|1|0|0|0|1|1|1|0|0|1|0|0|10460|10460|NA|NA|6100|82|22|104|4727976|45461.3076923077|0
"471570205413"|0|1|0|0|0|0|0|1|1|0|0|1|1|0|0|NA|NA|NA|NA|NA|0|0|0|0|NA|0
"471570211123"|0|1|0|0|0|0|0|1|1|0|0|1|1|0|0|NA|NA|NA|NA|NA|0|0|0|0|NA|0
"471570211125"|0|1|0|0|0|0|0|1|1|1|1|0|1|0|0|12344|12344|NA|NA|NA|15|1|16|802200|50137.5|0
"471570211132"|0|1|0|0|0|0|0|1|1|0|0|1|1|0|0|NA|NA|NA|NA|NA|0|0|0|0|NA|0
"471570211212"|0|3|0|0|0|0|0|3|3|1|1|1|3|0|0|NA|NA|NA|NA|NA|15|1|16|802200|NA|0
"471570211261"|0|1|0|0|0|0|0|1|1|1|1|0|1|0|0|12429|12429|NA|NA|NA|14|1|12|749498|62458.1666666667|0
"471570213203"|0|1|0|0|0|0|0|1|1|0|0|1|1|0|0|NA|NA|NA|NA|NA|0|0|0|0|NA|0
"471570217442"|0|1|0|0|0|0|0|1|1|0|0|1|1|0|0|NA|NA|NA|NA|NA|0|0|0|0|NA|0
"471570225001"|0|2|0|0|0|0|0|2|2|2|1|0|2|0|0|27713|27713|NA|NA|NA|50|9|82|3770218|95163.1772486772|0
"471579801001"|0|2|0|0|0|0|0|2|2|2|1|0|2|0|0|27713|27713|NA|NA|NA|50|9|82|3770218|95163.1772486772|0
"471630428022"|0|1|1|0|0|0|0|1|1|1|0|0|0|1|0|25798|25798|9024|9024|8180|184|71|234|13664294|58394.4188034188|0
"471630435002"|0|1|0|0|0|0|0|1|1|1|1|0|0|1|0|3744|15408|NA|NA|NA|270|151|270|14355422|53168.2296296296|0
"471650205011"|0|1|0|0|0|0|0|1|1|1|1|0|0|1|0|3744|15408|NA|NA|NA|258|173|354|19002922|53680.5706214689|0
"471650210071"|0|1|0|0|0|0|0|1|1|1|1|0|0|1|0|3744|15408|NA|NA|NA|258|173|354|19002922|53680.5706214689|0
"471650212052"|0|1|0|0|0|0|0|1|1|0|0|1|1|0|0|NA|NA|NA|NA|NA|0|0|0|0|NA|0
"471670406022"|0|1|0|0|0|0|0|1|1|0|0|1|1|0|0|NA|NA|NA|NA|NA|0|0|0|0|NA|0
"471670407005"|0|1|0|0|0|0|0|1|1|0|0|1|1|0|0|NA|NA|NA|NA|NA|0|0|0|0|NA|0
"471690901002"|0|1|0|0|0|0|0|1|1|0|0|1|1|0|0|NA|NA|NA|NA|NA|0|0|0|0|NA|0
"471690902002"|0|1|0|0|0|0|0|1|1|0|0|1|1|0|0|NA|NA|NA|NA|NA|0|0|0|0|NA|0
"471779302001"|0|1|0|0|0|0|0|1|1|0|0|1|1|0|0|NA|NA|NA|NA|NA|0|0|0|0|NA|0
"471779305003"|0|1|0|0|0|0|0|1|1|0|0|1|1|0|0|NA|NA|NA|NA|NA|0|0|0|0|NA|0
"471790601001"|0|1|0|0|0|0|0|1|1|0|0|1|1|0|0|NA|NA|NA|NA|NA|0|0|0|0|NA|0
"471790605021"|0|1|1|0|0|1|0|1|1|1|0|0|0|0|1|6672|23904|7992|22248|7952|1157|451|1170|78371910|66984.5384615385|0
"471790607001"|0|1|1|0|0|1|0|1|1|1|0|0|0|0|1|6672|23904|7992|22248|7952|1157|451|1170|78371910|66984.5384615385|0
"471790613004"|0|1|0|0|0|0|0|1|1|0|0|1|1|0|0|NA|NA|NA|NA|NA|0|0|0|0|NA|0
"471790614021"|0|1|0|0|0|0|0|1|1|0|0|0|1|0|0|NA|NA|NA|NA|NA|0|0|0|0|NA|0
"471839682021"|0|1|1|0|0|0|0|1|1|1|0|0|0|1|0|7680|13440|8502|14262|5788|487|160|582|37452350|64351.116838488|0
"471870503061"|0|1|0|0|0|0|0|1|1|0|0|1|1|0|0|NA|NA|NA|NA|NA|0|0|0|0|NA|0
"471870503071"|0|1|1|0|0|0|0|1|1|1|0|0|1|0|0|11475|11475|22505|22505|NA|6|2|4|35200|8800|0
"471870506012"|0|1|0|0|0|0|0|1|1|0|0|1|1|0|0|NA|NA|NA|NA|NA|0|0|0|0|NA|0
"471870508002"|0|1|0|0|0|0|0|1|1|1|0|0|1|0|0|28176|28176|NA|NA|NA|19|5|28|1062500|37946.4285714286|0
"471870508003"|0|1|0|0|0|0|0|1|1|1|0|0|1|0|0|28176|28176|NA|NA|NA|19|5|28|1062500|37946.4285714286|0
"471870509041"|0|1|1|0|0|0|0|1|1|1|0|0|1|0|0|11475|11475|22505|22505|NA|6|2|4|35200|8800|0
"471890304011"|0|1|0|0|0|0|0|1|1|0|0|1|1|0|0|NA|NA|NA|NA|NA|0|0|0|0|NA|0
"471890306003"|0|1|1|0|0|0|0|1|1|1|0|0|0|1|0|20160|20160|5700|5700|7220|88|49|134|6899184|51486.447761194|0
"480050008004"|0|1|0|0|0|0|0|1|1|0|0|1|1|0|0|NA|NA|NA|NA|NA|0|0|0|0|NA|0
"480050009022"|0|1|0|0|0|0|0|1|1|1|1|0|0|1|0|3270|4650|NA|NA|5600|129|34|248|12895040|51996.1290322581|0
"480259503001"|0|1|0|0|0|0|0|1|1|1|1|0|0|1|0|2100|4410|NA|NA|5100|139|23|132|6661268|50464.1515151515|0
"480259503002"|0|1|0|0|0|0|0|1|1|1|1|0|0|1|0|2100|4410|NA|NA|5100|139|23|132|6661268|50464.1515151515|0
"480259503003"|0|1|0|0|0|0|0|1|1|1|1|0|0|1|0|2100|4410|NA|NA|5100|139|23|132|6661268|50464.1515151515|0
"480270210001"|0|1|0|0|0|0|0|1|1|1|1|0|0|1|0|1608|2592|NA|NA|NA|157|67|260|14295498|54982.6846153846|0
"480270210004"|0|1|0|0|0|0|0|1|1|1|1|0|0|1|0|1608|2592|NA|NA|NA|157|67|260|14295498|54982.6846153846|0
"480270211004"|0|1|0|0|0|0|0|1|1|0|0|1|1|0|0|NA|NA|NA|NA|NA|0|0|0|0|NA|0
"480270216021"|0|1|1|0|0|0|0|1|1|1|0|0|0|1|0|22680|22680|14940|14940|7590|313|90|330|23341340|70731.3333333333|0
"480270222002"|0|1|0|0|0|0|0|1|1|0|0|1|1|0|0|NA|NA|NA|NA|NA|0|0|0|0|NA|0
"480270231051"|0|1|1|0|0|0|0|1|1|1|0|0|0|1|0|4174|14786|3928|11306|NA|148|56|196|13439156|68567.1224489796|0
"480270233002"|0|1|1|0|0|0|0|1|1|1|0|0|0|1|0|4174|14786|3928|11306|NA|148|56|196|13439156|68567.1224489796|0
"480279800011"|0|1|1|0|0|0|0|1|1|1|0|0|0|1|0|4174|14786|3928|11306|NA|148|56|196|13439156|68567.1224489796|0
"480291108002"|0|1|0|0|0|0|0|1|1|1|1|0|0|0|1|5744|11194|NA|NA|NA|386|94|622|38737576|62279.0610932476|0
"480291201001"|0|1|1|0|0|0|0|1|1|1|0|0|0|1|0|27000|27000|15930|15930|11880|637|226|644|54327600|84359.6273291925|0
"480291203004"|0|1|1|0|0|0|0|1|1|1|0|0|0|1|0|27000|27000|15930|15930|11880|637|226|644|54327600|84359.6273291925|0
"480291212034"|0|1|0|0|0|0|0|1|1|0|0|0|1|0|0|NA|NA|NA|NA|NA|0|0|0|0|NA|0
"480291212052"|0|1|0|0|0|0|0|1|1|0|0|1|1|0|0|NA|NA|NA|NA|NA|0|0|0|0|NA|0
"480291213003"|0|1|0|0|0|0|0|1|0|0|0|0|1|0|0|NA|NA|NA|NA|NA|0|0|0|0|NA|0
"480291216052"|0|1|0|0|0|0|0|1|1|1|1|0|0|1|0|5744|11194|NA|NA|NA|118|25|140|7999318|57137.9857142857|0
"480291219052"|0|1|0|0|0|0|0|1|1|0|0|1|1|0|0|NA|NA|NA|NA|NA|0|0|0|0|NA|0
"480291305003"|0|1|0|1|0|0|0|1|1|1|1|0|0|0|1|5744|11194|NA|NA|NA|270|61|424|22154036|52250.0849056604|0
"480291509003"|0|1|0|0|0|0|0|1|1|0|0|1|1|0|0|NA|NA|NA|NA|NA|0|0|0|0|NA|0
"480291511001"|0|1|0|0|0|0|0|1|1|0|0|1|1|0|0|NA|NA|NA|NA|NA|0|0|0|0|NA|0
"480291512001"|0|1|0|0|0|0|0|1|1|1|1|0|0|1|0|5744|11194|NA|NA|NA|192|38|236|13550210|57416.1440677966|0
"480291512002"|0|1|0|0|0|0|0|1|1|1|0|0|1|0|0|5520|5520|NA|NA|7670|23|7|18|825774|45876.3333333333|0
"480291512005"|0|1|0|0|0|0|0|1|1|1|0|0|1|0|0|5520|5520|NA|NA|7670|23|7|18|825774|45876.3333333333|0
"480291515001"|0|1|0|0|0|0|0|1|1|0|0|1|1|0|0|NA|NA|NA|NA|NA|0|0|0|0|NA|0
"480291515003"|0|1|0|0|0|0|0|1|1|0|0|1|1|0|0|NA|NA|NA|NA|NA|0|0|0|0|NA|0
"480291519002"|0|1|1|0|0|0|0|1|1|1|0|0|0|1|0|3434|13226|3475|10810|NA|212|99|298|19681118|66044.0201342282|0
"480291520001"|0|1|1|0|0|0|0|1|1|1|0|0|0|1|0|3434|13226|3475|10810|NA|212|99|298|19681118|66044.0201342282|0
"480291607024"|0|1|0|0|0|0|0|1|1|0|0|1|1|0|0|NA|NA|NA|NA|NA|0|0|0|0|NA|0
"480291612001"|0|1|1|0|0|0|0|1|1|1|0|0|0|1|0|3434|13226|3475|10810|NA|212|99|298|19681118|66044.0201342282|0
"480291612002"|0|1|1|0|0|0|0|1|1|1|0|0|0|1|0|3434|13226|3475|10810|NA|212|99|298|19681118|66044.0201342282|0
"480291709002"|0|1|1|0|0|0|0|1|1|1|0|0|0|1|0|26312|26312|15390|15390|7872|328|158|200|13718526|68592.63|0
"480291713021"|0|1|1|0|0|0|0|1|1|1|0|0|0|1|0|27520|27520|15570|15570|9300|431|146|432|39029364|90345.75|0
"480291719181"|0|1|0|0|0|0|0|1|1|1|1|0|0|0|1|5744|11194|NA|NA|NA|206|42|390|19701598|50516.9179487179|0
"480291802011"|0|1|0|0|0|0|0|1|0|0|0|0|0|1|0|NA|NA|NA|NA|NA|0|0|0|0|NA|0
"480291806031"|0|1|0|0|0|0|0|1|1|1|1|0|1|0|0|NA|NA|NA|NA|NA|17|1|36|1783766|49549.0555555556|0
"480291807011"|0|1|0|0|0|0|0|1|1|1|0|0|1|0|0|11952|11952|NA|NA|NA|11|1|0|0|NA|0
"480291807023"|0|2|0|0|0|0|0|2|2|1|1|1|2|0|0|NA|NA|NA|NA|NA|34|10|32|1950272|NA|0
"480291808001"|0|1|0|0|0|0|0|1|0|0|0|0|0|1|0|NA|NA|NA|NA|NA|0|0|0|0|NA|0
"480291809011"|0|2|0|0|0|0|0|2|1|0|0|1|1|1|0|NA|NA|NA|NA|NA|0|0|0|0|NA|0
"480291810012"|0|1|0|0|0|0|0|1|1|0|0|1|1|0|0|NA|NA|NA|NA|NA|0|0|0|0|NA|0
"480291810032"|0|1|0|0|0|0|0|1|1|1|0|0|1|0|0|7800|7800|NA|NA|NA|29|4|96|7670000|79895.8333333333|0
"480291810041"|0|1|0|0|0|0|0|1|1|0|0|1|1|0|0|NA|NA|NA|NA|NA|0|0|0|0|NA|0
"480291810042"|0|1|0|0|0|0|0|1|1|1|0|0|1|0|0|14382|14382|NA|NA|NA|4|1|16|844166|52760.375|0
"480291813022"|0|1|1|0|0|0|0|1|1|1|0|0|1|0|0|NA|NA|NA|NA|NA|61|6|62|3725562|60089.7096774194|0
"480291813032"|0|1|0|0|0|0|0|1|1|1|0|0|1|0|0|17568|17568|NA|NA|9090|41|4|36|2056402|57122.2777777778|0
"480291814021"|0|1|1|0|1|1|0|1|1|1|0|0|0|1|0|5388|16932|2802|10128|NA|1542|382|430|44407876|103274.130232558|0
"480291814022"|0|1|0|0|0|0|0|1|1|1|1|0|0|1|0|NA|NA|NA|NA|NA|51|32|82|5169702|63045.1463414634|0
"480291816022"|0|1|0|0|0|0|0|1|1|0|0|1|1|0|0|NA|NA|NA|NA|NA|0|0|0|0|NA|0
"480291817031"|0|1|0|0|0|0|0|1|1|0|0|1|1|0|0|NA|NA|NA|NA|NA|0|0|0|0|NA|0
"480291817032"|0|1|0|0|0|0|0|1|1|0|0|1|1|0|0|NA|NA|NA|NA|NA|0|0|0|0|NA|0
"480291817053"|0|1|0|0|0|0|0|1|1|0|0|1|1|0|0|NA|NA|NA|NA|NA|0|0|0|0|NA|0
"480291817251"|0|3|0|0|0|0|0|3|3|1|1|2|3|0|0|NA|NA|NA|NA|NA|30|13|22|1509866|NA|0
"480291818111"|0|1|0|0|0|0|0|1|1|0|0|1|1|0|0|NA|NA|NA|NA|NA|0|0|0|0|NA|0
"480291818152"|0|1|0|0|0|0|0|1|1|0|0|0|1|0|0|NA|NA|NA|NA|NA|0|0|0|0|NA|0
"480291818201"|0|1|1|0|0|0|0|1|1|1|0|0|0|0|1|5039|15636|5186|20785|11090|2496|792|1822|144672082|79402.8990120746|0
"480291902005"|0|1|0|0|0|0|0|1|1|0|0|1|1|0|0|NA|NA|NA|NA|NA|0|0|0|0|NA|0
"480291904002"|0|1|1|0|0|0|0|1|1|1|0|0|0|1|0|38974|38974|38974|38974|12754|520|202|508|48713902|95893.5078740157|0
"480291905012"|0|2|0|0|0|0|0|2|2|0|0|2|2|0|0|NA|NA|NA|NA|NA|0|0|0|0|NA|0
"480291909011"|0|1|0|0|0|0|0|1|1|0|0|1|1|0|0|NA|NA|NA|NA|NA|0|0|0|0|NA|0
"480291909012"|0|1|0|0|0|0|0|1|1|1|1|0|1|0|0|NA|NA|NA|NA|NA|25|11|14|622988|44499.1428571429|0
"480291909014"|0|0|1|0|0|0|0|1|1|1|0|0|1|0|0|NA|NA|10530|10530|NA|46|11|50|2647174|52943.48|0
"480291910041"|0|1|0|0|0|0|0|1|1|0|0|1|1|0|0|NA|NA|NA|NA|NA|0|0|0|0|NA|0
"480291913041"|0|1|0|0|0|0|0|1|0|0|0|0|1|0|0|NA|NA|NA|NA|NA|0|0|0|0|NA|0
"480291920001"|0|1|1|0|0|0|0|1|1|1|0|0|0|1|0|27000|27000|15930|15930|11880|637|226|644|54327600|84359.6273291925|0
"480370107002"|0|1|0|0|0|0|0|1|1|1|1|0|0|1|0|1200|1200|NA|NA|6704|122|41|182|10278566|56475.6373626374|0
"480370109011"|0|1|1|0|0|0|0|1|1|1|0|0|0|1|0|5055|16101|3619|11564|9715|144|61|168|13086894|77898.1785714286|0
"480370109023"|0|1|0|0|0|0|0|1|1|0|0|1|1|0|0|NA|NA|NA|NA|NA|0|0|0|0|NA|0
"480396616022"|0|1|0|0|0|0|0|1|1|1|1|0|0|1|0|2160|3360|NA|NA|NA|170|48|212|13900382|65567.8396226415|0
"480396636001"|0|1|0|0|0|0|0|1|1|1|0|0|0|1|0|2880|4500|NA|NA|NA|179|75|194|11411958|58824.5257731959|0
"480396638002"|0|1|0|0|0|0|0|1|1|0|0|1|1|0|0|NA|NA|NA|NA|NA|0|0|0|0|NA|0
"480410006031"|0|1|0|0|0|0|0|1|1|0|0|1|1|0|0|NA|NA|NA|NA|NA|0|0|0|0|NA|0
"480410011001"|0|1|0|0|0|0|0|1|1|0|0|1|1|0|0|NA|NA|NA|NA|NA|0|0|0|0|NA|0
"480410013012"|0|1|1|0|0|0|0|1|1|0|0|0|0|0|0|NA|NA|NA|NA|NA|273|85|0|0|NA|0
"480410014002"|0|1|1|0|0|1|0|1|1|1|0|0|0|0|1|6872|25724|5784|15953|10368|5752|1850|5452|601505560|110327.505502568|0
"480410020151"|0|1|1|0|0|1|0|1|1|1|0|0|0|0|1|6872|25724|5784|15953|10368|5752|1850|5452|601505560|110327.505502568|0
"480439503001"|0|1|1|0|0|0|0|1|1|1|0|0|0|1|0|4560|14352|4560|14352|7988|308|146|240|13764760|57353.1666666667|0
"480439503003"|0|1|1|0|0|0|0|1|1|1|0|0|0|1|0|4560|14352|4560|14352|7988|308|146|240|13764760|57353.1666666667|0
"480499507001"|0|1|1|0|0|0|0|1|1|1|0|0|0|1|0|24430|24430|9180|9180|7800|144|62|162|8180080|50494.3209876543|0
"480610107002"|0|1|0|0|0|0|0|1|1|0|0|1|1|0|0|NA|NA|NA|NA|NA|0|0|0|0|NA|0
"480610108001"|0|1|0|0|0|0|0|1|1|0|0|1|1|0|0|NA|NA|NA|NA|NA|0|0|0|0|NA|0
"480610117003"|0|1|0|0|0|0|0|1|1|0|0|1|1|0|0|9492|9492|NA|NA|NA|0|0|0|0|NA|0
"480610130021"|0|1|0|0|0|0|0|1|1|1|1|0|1|0|0|NA|NA|NA|NA|NA|20|9|8|311510|38938.75|0
"480610130031"|0|3|0|0|0|0|0|3|3|0|0|3|3|0|0|NA|NA|NA|NA|NA|0|0|0|0|NA|0
"480610140012"|0|1|0|0|0|0|0|1|1|1|1|0|0|1|0|2400|3600|NA|NA|NA|148|78|192|10831886|56416.0729166667|0
"480739504002"|0|1|1|0|0|0|0|1|1|1|0|0|1|0|0|5550|5550|5550|5550|6000|7|2|12|543652|45304.3333333333|0
"480739505002"|0|1|0|0|0|0|0|1|1|1|1|0|1|0|0|6300|6300|NA|NA|6400|37|8|24|929440|38726.6666666667|0
"480850308012"|0|1|0|0|0|0|0|1|1|1|1|0|0|0|1|2460|4260|NA|NA|NA|625|175|796|51947900|65261.1809045226|0
"480850309003"|0|1|0|0|0|0|0|1|1|1|1|0|0|0|1|2460|4260|NA|NA|NA|625|175|796|51947900|65261.1809045226|0
"480850316483"|0|1|0|0|0|0|0|1|1|0|0|1|1|0|0|NA|NA|NA|NA|NA|0|0|0|0|NA|0
"480850316484"|0|1|0|0|0|0|0|1|1|0|0|1|1|0|0|NA|NA|NA|NA|NA|0|0|0|0|NA|0
"480850316485"|0|1|0|0|0|0|0|1|1|0|0|1|1|0|0|NA|NA|NA|NA|NA|0|0|0|0|NA|0
"480850316494"|0|1|0|0|0|0|0|1|1|0|0|1|1|0|0|NA|NA|NA|NA|NA|0|0|0|0|NA|0
"480850317201"|0|1|0|0|0|0|0|1|1|0|0|0|1|0|0|NA|NA|NA|NA|NA|0|0|0|0|NA|0
"480850318023"|0|1|0|0|0|0|0|1|0|0|0|0|1|0|0|NA|NA|NA|NA|NA|0|0|0|0|NA|0
"480850318043"|0|1|0|0|0|0|0|1|1|0|0|0|1|0|0|NA|NA|NA|NA|NA|0|0|0|0|NA|0
"480913101004"|0|1|0|0|0|0|0|1|1|0|0|1|1|0|0|NA|NA|NA|NA|NA|0|0|0|0|NA|0
"480970004001"|0|1|0|0|0|0|0|1|1|1|1|0|0|1|0|2352|4464|NA|NA|3888|233|131|296|15804270|53392.8040540541|0
"480990105033"|0|1|0|0|0|0|0|1|1|1|1|0|0|0|1|2940|6420|NA|NA|5031|650|282|444|25216982|56795.0045045045|0
"480990105041"|0|1|0|0|0|0|0|1|1|1|1|0|0|0|1|2940|6420|NA|NA|5031|650|282|444|25216982|56795.0045045045|0
"481130002011"|0|1|0|0|0|0|0|1|1|0|0|1|1|0|0|NA|NA|NA|NA|NA|0|0|0|0|NA|0
"481130022001"|0|1|2|0|0|0|0|2|2|2|0|0|1|1|0|NA|NA|23640|23640|NA|187|65|168|12125198|142607.45959596|0
"481130031011"|0|1|1|0|0|0|0|1|1|0|0|0|0|0|0|NA|NA|NA|NA|NA|510|125|0|0|NA|0
"481130031012"|0|1|0|0|0|0|0|1|1|1|1|0|0|0|1|3330|5220|NA|NA|NA|270|112|320|19223232|60072.6|0
"481130050001"|0|1|0|0|0|0|0|1|1|0|0|1|1|0|0|NA|NA|NA|NA|NA|0|0|0|0|NA|0
"481130050002"|0|1|0|0|0|0|0|1|1|0|0|1|1|0|0|NA|NA|NA|NA|NA|0|0|0|0|NA|0
"481130050003"|0|1|0|0|0|0|0|1|1|0|0|1|1|0|0|NA|NA|NA|NA|NA|0|0|0|0|NA|0
"481130061001"|0|1|0|0|0|0|0|1|0|0|0|0|1|0|0|NA|NA|NA|NA|NA|0|0|0|0|NA|0
"481130061002"|0|1|0|0|0|0|0|1|0|0|0|0|1|0|0|NA|NA|NA|NA|NA|0|0|0|0|NA|0
"481130078042"|0|1|0|0|0|0|0|1|1|0|0|1|1|0|0|NA|NA|NA|NA|NA|0|0|0|0|NA|0
"481130078043"|0|1|0|0|0|0|0|1|1|0|0|1|1|0|0|NA|NA|NA|NA|NA|0|0|0|0|NA|0
"481130078051"|0|0|1|0|0|0|0|1|1|1|0|0|1|0|0|NA|NA|533|533|NA|6|1|0|0|NA|0
"481130078052"|0|0|1|0|0|0|0|1|1|1|0|0|1|0|0|NA|NA|533|533|NA|6|1|0|0|NA|0
"481130078101"|0|1|0|0|0|0|0|1|1|0|0|1|1|0|0|NA|NA|NA|NA|NA|0|0|0|0|NA|0
"481130078102"|0|1|0|0|0|0|0|1|1|0|0|1|1|0|0|NA|NA|NA|NA|NA|0|0|0|0|NA|0
"481130078104"|0|1|0|0|0|0|0|1|1|0|0|1|1|0|0|NA|NA|NA|NA|NA|0|0|0|0|NA|0
"481130078221"|0|1|1|0|0|0|0|1|1|1|0|0|1|0|0|17568|17568|14208|14208|NA|55|4|40|2710034|67750.85|0
"481130078222"|0|1|1|0|0|0|0|1|1|1|0|0|1|0|0|17568|17568|14208|14208|NA|55|4|40|2710034|67750.85|0
"481130079121"|0|1|0|0|0|0|0|1|1|1|1|0|1|0|0|NA|NA|NA|NA|NA|5|0|6|254900|42483.3333333333|0
"481130079141"|0|1|0|0|0|0|0|1|1|1|1|0|1|0|0|12360|12360|NA|NA|NA|10|1|2|82840|41420|0
"481130079142"|0|1|0|0|0|0|0|1|1|1|1|0|1|0|0|12360|12360|NA|NA|NA|10|1|2|82840|41420|0
"481130085001"|0|1|0|0|0|0|0|1|1|1|1|0|1|0|0|11150|11150|NA|NA|NA|4|0|8|415544|51943|0
"481130085002"|0|1|0|0|0|0|0|1|1|1|1|0|1|0|0|11150|11150|NA|NA|NA|4|0|8|415544|51943|0
"481130091053"|0|1|0|0|0|0|0|1|1|0|0|1|1|0|0|NA|NA|NA|NA|NA|0|0|0|0|NA|0
"481130092022"|0|0|0|0|0|0|0|1|0|0|0|0|0|0|0|NA|NA|NA|NA|NA|0|0|0|0|NA|0
"481130092023"|0|0|0|0|0|0|0|1|0|0|0|0|0|0|0|NA|NA|NA|NA|NA|0|0|0|0|NA|0
"481130096051"|0|1|0|0|0|0|0|1|1|1|1|0|1|0|0|13596|13596|NA|NA|NA|9|2|18|966778|53709.8888888889|0
"481130096112"|0|1|0|0|0|0|0|1|1|0|0|1|1|0|0|NA|NA|NA|NA|NA|0|0|0|0|NA|0
"481130096113"|0|1|0|0|0|0|0|1|1|0|0|1|1|0|0|NA|NA|NA|NA|NA|0|0|0|0|NA|0
"481130099002"|0|1|1|0|0|0|0|1|1|1|0|0|0|1|0|24696|24696|12636|12636|NA|149|37|138|9844788|71339.0434782609|0
"481130100001"|0|4|2|0|1|1|0|5|5|4|1|1|4|1|0|NA|NA|NA|NA|NA|1841|367|136|12999528|NA|0
"481130100002"|0|4|1|0|0|0|0|4|4|2|1|2|4|0|0|NA|NA|NA|NA|NA|29|12|28|2660620|NA|0
"481130107041"|0|1|0|0|0|0|0|1|1|1|1|0|0|1|0|3330|5220|NA|NA|NA|206|77|178|11851022|66578.7752808989|0
"481130107042"|0|1|0|0|0|0|0|1|1|1|1|0|0|1|0|3330|5220|NA|NA|NA|206|77|178|11851022|66578.7752808989|0
"481130108031"|0|1|0|0|0|0|0|1|0|0|0|0|1|0|0|NA|NA|NA|NA|NA|0|0|0|0|NA|0
"481130109042"|0|1|0|0|0|0|0|1|1|0|0|1|1|0|0|NA|NA|NA|NA|NA|0|0|0|0|NA|0
"481130113001"|0|1|1|0|0|0|0|1|1|1|0|0|0|1|0|7249|17041|5429|12773|NA|149|47|198|14637236|73925.4343434343|0
"481130114011"|0|1|0|1|0|0|0|1|1|1|0|0|1|0|0|5818|5818|NA|NA|6000|46|9|18|972000|54000|0
"481130136171"|0|1|0|0|0|0|0|1|1|0|0|1|1|0|0|NA|NA|NA|NA|NA|0|0|0|0|NA|0
"481130136172"|0|1|0|0|0|0|0|1|1|0|0|1|1|0|0|NA|NA|NA|NA|NA|0|0|0|0|NA|0
"481130137221"|0|1|0|0|0|0|0|1|1|0|0|1|1|0|0|NA|NA|NA|NA|NA|0|0|0|0|NA|0
"481130137272"|0|1|0|0|0|0|0|1|1|0|0|1|1|0|0|NA|NA|NA|NA|NA|0|0|0|0|NA|0
"481130138052"|0|2|1|0|0|0|0|2|2|2|1|0|1|0|1|16794|18684|NA|NA|NA|279|110|264|17592684|131197.953846154|0
"481130138061"|0|2|1|0|0|0|0|2|2|2|1|0|1|0|1|16794|18684|NA|NA|NA|279|110|264|17592684|131197.953846154|0
"481130138062"|0|2|1|0|0|0|0|2|2|2|1|0|1|0|1|16794|18684|NA|NA|NA|279|110|264|17592684|131197.953846154|0
"481130140011"|0|2|1|0|0|0|0|2|2|2|1|0|2|0|0|NA|NA|NA|NA|NA|51|16|28|1758216|133194.044444444|0
"481130140012"|0|2|1|0|0|0|0|2|2|2|1|0|2|0|0|NA|NA|NA|NA|NA|51|16|28|1758216|133194.044444444|0
"481130140013"|0|2|1|0|0|0|0|2|2|2|1|0|2|0|0|NA|NA|NA|NA|NA|51|16|28|1758216|133194.044444444|0
"481130140014"|0|2|1|0|0|0|0|2|2|2|1|0|2|0|0|NA|NA|NA|NA|NA|51|16|28|1758216|133194.044444444|0
"481130140021"|0|2|0|0|0|0|0|2|2|2|2|0|2|0|0|NA|NA|NA|NA|NA|27|12|6|300082|NA|0
"481130140022"|0|2|0|0|0|0|0|2|2|2|2|0|2|0|0|NA|NA|NA|NA|NA|27|12|6|300082|NA|0
"481130141142"|0|1|0|0|0|0|0|1|1|0|0|1|1|0|0|NA|NA|NA|NA|NA|0|0|0|0|NA|0
"481130141242"|0|2|1|0|0|0|0|2|2|1|0|1|0|2|0|NA|NA|NA|NA|NA|48|4|18|1573508|NA|0
"481130141301"|0|2|0|0|0|0|0|2|2|2|2|0|2|0|0|NA|NA|NA|NA|NA|27|12|6|300082|NA|0
"481130142041"|0|1|1|0|0|0|0|1|1|1|0|0|0|1|0|34650|34650|30200|30200|11596|258|88|290|20473296|70597.5724137931|0
"481130142042"|0|1|1|0|0|0|0|1|1|1|0|0|0|1|0|34650|34650|30200|30200|11596|258|88|290|20473296|70597.5724137931|0
"481130143112"|0|1|0|0|0|0|0|1|1|1|1|0|0|0|1|3330|5220|NA|NA|NA|258|100|226|14849328|65704.9911504425|0
"481130143124"|0|1|0|0|0|0|0|1|1|1|1|0|0|0|1|3330|5220|NA|NA|NA|258|100|226|14849328|65704.9911504425|0
"481130144051"|0|1|0|0|0|0|0|1|1|0|0|1|1|0|0|NA|NA|NA|NA|NA|0|0|0|0|NA|0
"481130144052"|0|1|0|0|0|0|0|1|1|0|0|1|1|0|0|NA|NA|NA|NA|NA|0|0|0|0|NA|0
"481130144053"|0|1|0|0|0|0|0|1|1|0|0|1|1|0|0|NA|NA|NA|NA|NA|0|0|0|0|NA|0
"481130146021"|0|1|0|0|0|0|0|1|1|0|0|1|1|0|0|16520|16520|NA|NA|NA|0|0|0|0|NA|0
"481130146023"|0|1|0|0|0|0|0|1|1|0|0|1|1|0|0|16520|16520|NA|NA|NA|0|0|0|0|NA|0
"481130154011"|0|1|0|0|0|0|0|1|1|1|1|0|1|0|0|NA|NA|NA|NA|NA|13|3|18|1527326|84851.4444444444|0
"481130154015"|0|1|0|0|0|0|0|1|1|1|1|0|1|0|0|NA|NA|NA|NA|NA|13|3|18|1527326|84851.4444444444|0
"481130154041"|0|1|0|0|0|0|0|1|0|0|0|0|1|0|0|NA|NA|NA|NA|NA|0|0|0|0|NA|0
"481130161002"|0|1|0|0|0|0|0|1|0|0|0|0|1|0|0|NA|NA|NA|NA|NA|0|0|0|0|NA|0
"481130164014"|0|1|0|0|0|0|0|1|1|0|0|1|1|0|0|NA|NA|NA|NA|NA|0|0|0|0|NA|0
"481130164072"|0|1|0|0|0|0|0|1|1|0|0|1|1|0|0|NA|NA|NA|NA|NA|0|0|0|0|NA|0
"481130165211"|0|1|1|0|0|0|0|1|1|1|0|0|0|1|0|25380|25380|15408|15408|7533|311|116|240|22620464|94251.9333333333|0
"481130165212"|0|1|1|0|0|0|0|1|1|1|0|0|0|1|0|25380|25380|15408|15408|7533|311|116|240|22620464|94251.9333333333|0
"481130165221"|0|1|1|0|0|0|0|1|0|0|0|0|1|0|0|NA|NA|NA|NA|NA|0|0|0|0|NA|0
"481130165222"|0|1|1|0|0|0|0|1|0|0|0|0|1|0|0|NA|NA|NA|NA|NA|0|0|0|0|NA|0
"481130165233"|0|1|1|0|0|0|0|1|0|0|0|0|1|0|0|NA|NA|NA|NA|NA|0|0|0|0|NA|0
"481130166104"|0|1|0|0|0|0|0|1|1|0|0|1|1|0|0|NA|NA|NA|NA|NA|0|0|0|0|NA|0
"481130166121"|0|1|0|0|0|0|0|1|1|0|0|0|1|0|0|NA|NA|NA|NA|NA|0|0|0|0|NA|0
"481130167011"|0|1|0|0|0|0|0|1|1|1|1|0|0|1|0|3330|5220|NA|NA|NA|169|66|144|9108092|63250.6388888889|0
"481130167014"|0|1|0|0|0|0|0|1|1|1|1|0|0|1|0|3330|5220|NA|NA|NA|169|66|144|9108092|63250.6388888889|0
"481130167031"|0|1|0|0|0|0|0|1|1|1|1|0|0|1|0|3330|5220|NA|NA|NA|169|66|144|9108092|63250.6388888889|0
"481130167033"|0|1|0|0|0|0|0|1|1|1|1|0|0|1|0|3330|5220|NA|NA|NA|169|66|144|9108092|63250.6388888889|0
"481130167034"|0|1|0|0|0|0|0|1|1|1|1|0|0|1|0|3330|5220|NA|NA|NA|169|66|144|9108092|63250.6388888889|0
"481130177023"|0|1|0|0|0|0|0|1|1|0|0|1|1|0|0|NA|NA|NA|NA|NA|0|0|0|0|NA|0
"481130177044"|0|1|0|0|0|0|0|1|1|0|0|1|1|0|0|NA|NA|NA|NA|NA|0|0|0|0|NA|0
"481130178041"|0|1|0|0|0|0|0|1|0|0|0|0|1|0|0|NA|NA|NA|NA|NA|0|0|0|0|NA|0
"481130178071"|0|1|0|0|0|0|0|1|0|0|0|0|1|0|0|NA|NA|NA|NA|NA|0|0|0|0|NA|0
"481130178121"|0|2|0|0|0|0|0|2|2|2|1|0|2|0|0|NA|NA|NA|NA|NA|22|2|12|724454|118525.4|0
"481130178131"|0|1|0|0|0|0|0|1|1|1|0|0|1|0|0|13428|13428|NA|NA|NA|9|0|2|115200|57600|0
"481130178134"|0|1|0|0|0|0|0|1|1|1|0|0|1|0|0|13428|13428|NA|NA|NA|9|0|2|115200|57600|0
"481130179003"|0|1|0|0|0|0|0|1|1|1|1|0|0|0|1|3330|5220|NA|NA|NA|287|111|268|17515910|65357.8731343284|0
"481130181302"|0|1|0|0|0|0|0|1|1|1|1|0|1|0|0|NA|NA|NA|NA|NA|13|2|10|609254|60925.4|0
"481130184031"|0|2|1|0|0|0|0|2|2|2|0|0|1|1|0|23362|23362|NA|NA|NA|64|17|106|6168038|126032.945945946|0
"481130190163"|0|2|0|0|0|0|0|2|2|1|1|1|2|0|0|NA|NA|NA|NA|NA|41|12|44|3007936|NA|0
"481130190243"|0|1|0|0|0|0|0|1|1|0|0|1|1|0|0|NA|NA|NA|NA|NA|0|0|0|0|NA|0
"481130190244"|0|1|0|0|0|0|0|1|1|0|0|1|1|0|0|NA|NA|NA|NA|NA|0|0|0|0|NA|0
"481130190273"|0|1|0|0|0|0|0|1|1|0|0|1|1|0|0|NA|NA|NA|NA|NA|0|0|0|0|NA|0
"481130190341"|0|1|0|0|0|0|0|1|1|1|1|0|0|0|1|3330|5220|NA|NA|NA|419|161|338|23384966|69186.2899408284|0
"481130190342"|0|1|0|0|0|0|0|1|1|1|1|0|0|0|1|3330|5220|NA|NA|NA|419|161|338|23384966|69186.2899408284|0
"481130190353"|0|1|0|0|0|0|0|1|1|1|0|0|1|0|0|NA|NA|NA|NA|NA|16|4|24|1668658|69527.4166666667|0
"481130190401"|0|1|0|0|0|0|0|1|1|0|0|1|1|0|0|NA|NA|NA|NA|NA|0|0|0|0|NA|0
"481130192042"|0|2|0|0|0|0|0|2|2|2|0|0|2|0|0|NA|NA|NA|NA|NA|41|6|2|75000|NA|0
"481130192051"|0|1|0|0|0|0|0|1|1|0|0|0|1|0|0|NA|NA|NA|NA|NA|0|0|0|0|NA|0
"481130192053"|0|2|0|0|0|0|0|2|2|2|0|0|2|0|0|NA|NA|NA|NA|NA|41|6|2|75000|NA|0
"481130192061"|0|1|1|0|0|0|0|1|1|1|0|0|0|0|1|11192|28808|12418|24150|10668|2157|637|1690|189323516|112025.749112426|0
"481130193022"|0|1|1|0|0|0|0|1|1|1|0|0|0|0|1|44694|44694|40896|40896|16125|1553|375|1496|165496806|110626.207219251|0
"481130193023"|0|1|1|0|0|0|0|1|1|1|0|0|0|0|1|44694|44694|40896|40896|16125|1553|375|1496|165496806|110626.207219251|0
"481130193024"|0|1|1|0|0|0|0|1|1|1|0|0|0|0|1|44694|44694|40896|40896|16125|1553|375|1496|165496806|110626.207219251|0
"481130202003"|0|1|0|0|0|0|0|1|1|1|1|0|0|1|0|3330|5220|NA|NA|NA|169|66|144|9108092|63250.6388888889|0
"481130203001"|0|1|0|0|0|0|0|1|1|0|0|1|1|0|0|NA|NA|NA|NA|NA|0|0|0|0|NA|0
"481130203002"|0|1|0|0|0|0|0|1|1|0|0|1|1|0|0|NA|NA|NA|NA|NA|0|0|0|0|NA|0
"481130203003"|0|1|0|0|0|0|0|1|1|0|0|1|1|0|0|NA|NA|NA|NA|NA|0|0|0|0|NA|0
"481130204001"|0|1|0|0|0|0|0|1|1|0|0|0|0|0|0|NA|NA|NA|NA|NA|513|123|0|0|NA|0
"481130204002"|0|2|0|0|0|0|0|2|2|0|0|1|1|0|0|NA|NA|NA|NA|NA|513|123|0|0|NA|0
"481130204003"|0|1|1|0|0|0|0|1|1|0|0|0|0|0|0|NA|NA|NA|NA|NA|510|125|0|0|NA|0
"481139800001"|0|2|1|0|0|0|0|2|2|1|0|1|0|2|0|NA|NA|NA|NA|NA|48|4|18|1573508|NA|0
"481210204024"|0|1|1|0|0|0|0|1|1|1|0|0|0|0|1|4950|14742|4522|11867|7578|843|265|910|67181972|73826.3428571429|0
"481210206012"|0|1|1|0|0|0|0|1|1|1|0|0|0|0|1|4950|14742|4522|11867|7578|843|265|910|67181972|73826.3428571429|0
"481210206013"|0|1|1|0|0|0|0|1|1|1|0|0|0|0|1|4950|14742|4522|11867|7578|843|265|910|67181972|73826.3428571429|0
"481210210001"|0|1|1|0|0|0|0|1|1|1|0|0|0|0|1|7688|17480|5450|12794|8690|2543|648|2248|207984232|92519.6761565836|0
"481210210002"|0|1|1|0|0|0|0|1|1|1|0|0|0|0|1|7688|17480|5450|12794|8690|2543|648|2248|207984232|92519.6761565836|0
"481210212021"|0|1|0|0|0|0|0|1|1|0|0|1|1|0|0|NA|NA|NA|NA|NA|0|0|0|0|NA|0
"481210212022"|0|1|0|0|0|0|0|1|1|0|0|1|1|0|0|NA|NA|NA|NA|NA|0|0|0|0|NA|0
"481210213011"|0|1|0|0|0|0|0|1|1|0|0|1|1|0|0|NA|NA|NA|NA|NA|0|0|0|0|NA|0
"481210213012"|0|1|0|0|0|0|0|1|1|0|0|1|1|0|0|NA|NA|NA|NA|NA|0|0|0|0|NA|0
"481210216201"|0|1|0|0|0|0|0|1|1|0|0|1|1|0|0|NA|NA|NA|NA|NA|0|0|0|0|NA|0
"481210216202"|0|1|0|0|0|0|0|1|1|0|0|1|1|0|0|NA|NA|NA|NA|NA|0|0|0|0|NA|0
"481210216221"|0|1|0|0|0|0|0|1|1|0|0|1|1|0|0|NA|NA|NA|NA|NA|0|0|0|0|NA|0
"481210217351"|0|1|0|0|0|0|0|1|0|0|0|0|1|0|0|NA|NA|NA|NA|NA|0|0|0|0|NA|0
"481210217352"|0|1|0|0|0|0|0|1|0|0|0|0|1|0|0|NA|NA|NA|NA|NA|0|0|0|0|NA|0
"481210217381"|0|2|0|0|0|0|0|2|1|1|0|0|2|0|0|NA|NA|NA|NA|NA|6|0|0|0|NA|0
"481210217382"|0|2|0|0|0|0|0|2|1|1|0|0|2|0|0|NA|NA|NA|NA|NA|6|0|0|0|NA|0
"481299502002"|0|1|0|0|0|0|0|1|1|1|1|0|0|1|0|1128|1872|NA|NA|4176|51|15|78|3436980|44063.8461538462|0
"481339501001"|0|1|0|0|0|0|0|1|1|1|1|0|0|1|0|2790|3900|NA|NA|4200|80|33|80|3219674|40245.925|0
"481339503001"|0|1|0|0|0|0|0|1|1|1|1|0|0|1|0|4710|4710|NA|NA|4236|97|31|160|7193112|44956.95|0
"481350013002"|0|1|0|0|0|0|0|1|1|1|1|0|0|1|0|3144|4512|NA|NA|4600|227|44|246|14206710|57750.8536585366|0
"481350024005"|0|1|1|0|0|0|0|1|1|1|0|0|0|1|0|4312|5496|4312|5496|10800|354|113|278|19096778|68693.4460431655|0
"481390606001"|0|1|1|0|0|0|0|1|1|1|0|0|0|1|0|18900|18900|10350|10350|7144|153|62|158|8518160|53912.4050632911|0
"481390606004"|0|1|1|0|0|0|0|1|1|1|0|0|0|1|0|18900|18900|10350|10350|7144|153|62|158|8518160|53912.4050632911|0
"481390606005"|0|1|1|0|0|0|0|1|1|1|0|0|0|1|0|18900|18900|10350|10350|7144|153|62|158|8518160|53912.4050632911|0
"481390616002"|0|1|0|0|0|0|0|1|1|0|0|1|1|0|0|NA|NA|NA|NA|NA|0|0|0|0|NA|0
"481390616003"|0|1|0|0|0|0|0|1|1|0|0|1|1|0|0|NA|NA|NA|NA|NA|0|0|0|0|NA|0
"481410001011"|0|1|0|0|0|0|0|1|1|1|1|0|1|0|0|NA|NA|NA|NA|NA|45|10|64|2573236|40206.8125|0
"481410001123"|0|1|0|0|0|0|0|1|1|1|1|0|1|0|0|NA|NA|NA|NA|NA|45|10|64|2573236|40206.8125|0
"481410001124"|0|1|0|0|0|0|0|1|1|1|1|0|1|0|0|NA|NA|NA|NA|NA|45|10|64|2573236|40206.8125|0
"481410011144"|0|1|0|0|0|0|0|1|1|1|1|0|1|0|0|NA|NA|NA|NA|NA|12|2|4|148000|37000|0
"481410015023"|0|1|1|0|0|0|0|1|1|1|0|0|0|0|1|5769|18744|4497|12326|9496|1695|443|1498|119411262|79713.7930574099|0
"481410026005"|0|1|0|0|0|0|0|1|1|0|0|1|1|0|0|NA|NA|NA|NA|NA|0|0|0|0|NA|0
"481410034022"|0|2|0|0|0|0|0|2|2|2|1|0|0|2|0|28450|28450|NA|NA|NA|562|137|576|17791676|58016.5889149102|0
"481410034045"|0|1|0|0|0|0|0|1|1|1|1|0|0|0|1|2256|4032|NA|NA|NA|758|333|824|44187140|53625.1699029126|0
"481410039021"|0|1|0|0|0|0|0|1|1|0|0|1|1|0|0|NA|NA|NA|NA|NA|0|0|0|0|NA|0
"481410039022"|0|1|0|0|0|0|0|1|1|0|0|1|1|0|0|NA|NA|NA|NA|NA|0|0|0|0|NA|0
"481410040023"|0|1|0|0|0|0|0|1|1|1|1|0|0|1|0|NA|NA|NA|NA|NA|73|21|94|3084322|32811.9361702128|0
"481410041032"|0|1|0|0|0|0|0|1|1|1|1|0|1|0|0|NA|NA|NA|NA|NA|3|1|4|145600|36400|0
"481410041071"|0|2|0|0|0|0|0|2|2|2|2|0|2|0|0|NA|NA|NA|NA|NA|37|16|38|1769050|102780.871428571|0
"481410043074"|0|1|0|0|0|0|0|1|1|1|1|0|1|0|0|NA|NA|NA|NA|NA|0|0|0|0|NA|0
"481410043161"|0|1|0|0|0|0|0|1|1|0|0|1|1|0|0|NA|NA|NA|NA|NA|0|0|0|0|NA|0
"481410043182"|0|1|0|0|0|0|0|1|0|0|0|0|1|0|0|NA|NA|NA|NA|NA|0|0|0|0|NA|0
"481439505004"|0|1|1|0|0|0|0|1|1|1|0|0|0|0|1|3900|13488|3672|11015|7620|578|161|842|61787808|73382.1947743468|0
"481439505005"|0|1|1|0|0|0|0|1|1|1|0|0|0|0|1|3900|13488|3672|11015|7620|578|161|842|61787808|73382.1947743468|0
"481576720021"|0|1|0|0|0|0|0|1|1|0|0|1|1|0|0|NA|NA|NA|NA|NA|0|0|0|0|NA|0
"481576720022"|0|1|1|0|0|0|0|1|1|1|0|0|1|0|0|11450|11450|4620|4620|8900|48|8|32|1689696|52803|0
"481677227001"|0|1|0|0|0|0|0|1|1|1|1|0|0|1|0|2550|3450|NA|NA|NA|214|71|218|13192004|60513.7798165138|0
"481677227004"|0|1|0|0|0|0|0|1|1|0|0|1|1|0|0|NA|NA|NA|NA|NA|0|0|0|0|NA|0
"481677243001"|0|1|1|0|1|1|0|1|1|1|0|0|0|1|0|5948|18770|6347|16409|NA|1427|340|148|15471710|104538.581081081|0
"481677250001"|0|1|0|0|0|0|0|1|1|1|1|0|0|1|0|1800|3750|NA|NA|4550|100|24|112|6841546|61085.2321428571|0
"481810009012"|0|1|0|0|0|0|0|1|1|1|1|0|0|1|0|2088|3192|NA|NA|5560|143|30|208|11540446|55482.9134615385|0
"481810009021"|0|1|0|0|0|0|0|1|1|0|0|1|1|0|0|NA|NA|NA|NA|NA|0|0|0|0|NA|0
"481810014005"|0|1|1|0|0|0|0|1|1|1|0|0|0|1|0|37130|37130|43245|43245|12082|190|79|202|13436348|66516.5742574257|0
"481830013004"|0|1|0|0|0|0|0|1|1|0|0|1|1|0|0|NA|NA|NA|NA|NA|0|0|0|0|NA|0
"481830015001"|0|1|1|0|0|0|0|1|1|1|0|0|0|1|0|27930|27930|20115|20115|9770|245|99|206|13943898|67688.8252427184|0
"481830107005"|0|1|0|0|0|0|0|1|1|1|1|0|0|1|0|2640|3840|NA|NA|5050|159|59|282|16099952|57092.0283687943|0
"481872103001"|0|1|1|0|0|0|0|1|1|1|0|0|0|1|0|28600|28600|28600|28600|9320|154|27|164|10435804|63632.9512195122|0
"481872103005"|0|1|0|0|0|0|0|1|1|0|0|1|1|0|0|NA|NA|NA|NA|NA|0|0|0|0|NA|0
"481899504002"|0|1|1|0|0|0|0|1|1|1|0|0|0|1|0|13800|13800|10620|10620|7296|344|179|282|15587428|55274.5673758865|0
"481990307003"|0|1|0|0|0|0|0|1|1|0|0|1|1|0|0|NA|NA|NA|NA|NA|0|0|0|0|NA|0
"482011000001"|0|0|1|0|0|0|0|1|1|1|0|0|1|0|0|NA|NA|NA|NA|NA|101|40|116|16523020|142439.827586207|0
"482011000002"|0|0|1|0|0|0|0|1|1|1|0|0|1|0|0|NA|NA|NA|NA|NA|101|40|116|16523020|142439.827586207|0
"482011000003"|0|1|1|0|0|0|0|1|1|1|0|0|0|0|1|4843|14328|6602|13046|NA|577|111|712|50486456|70907.9438202247|0
"482012203002"|0|1|0|0|0|0|0|1|1|1|1|0|1|0|0|11988|11988|NA|NA|NA|40|6|56|2419680|43208.5714285714|0
"482012205001"|0|1|0|0|0|0|0|1|1|1|1|0|1|0|0|11988|11988|NA|NA|NA|40|6|56|2419680|43208.5714285714|0
"482012226001"|0|1|0|0|0|0|0|1|1|0|0|1|1|0|0|NA|NA|NA|NA|NA|0|0|0|0|NA|0
"482012226002"|0|1|0|0|0|0|0|1|1|1|1|0|1|0|0|NA|NA|NA|NA|NA|22|3|6|291200|48533.3333333333|0
"482012334002"|0|1|0|0|0|0|0|1|1|0|0|1|1|0|0|NA|NA|NA|NA|NA|0|0|0|0|NA|0
"482012401002"|0|1|0|0|0|0|0|1|1|0|0|1|1|0|0|NA|NA|NA|NA|NA|0|0|0|0|NA|0
"482012407021"|0|2|0|0|0|0|0|2|2|1|1|1|1|1|0|NA|NA|NA|NA|NA|23|11|8|370994|NA|0
"482012407022"|0|2|0|0|0|0|0|2|2|1|1|1|1|1|0|NA|NA|NA|NA|NA|23|11|8|370994|NA|0
"482012413002"|0|1|0|0|0|0|0|1|0|0|0|0|1|0|0|NA|NA|NA|NA|NA|0|0|0|0|NA|0
"482012544001"|0|1|0|0|0|0|0|1|1|1|1|0|0|1|0|2184|3302|NA|NA|NA|264|97|350|22246794|63562.2685714286|0
"482012544002"|0|1|0|0|0|0|0|1|1|1|1|0|0|1|0|2184|3302|NA|NA|NA|264|97|350|22246794|63562.2685714286|0
"482012544004"|0|1|0|0|0|0|0|1|1|1|1|0|0|1|0|2184|3302|NA|NA|NA|264|97|350|22246794|63562.2685714286|0
"482013115002"|0|1|0|0|0|0|0|1|1|0|0|1|1|0|0|NA|NA|NA|NA|NA|0|0|0|0|NA|0
"482013117001"|0|1|0|0|0|0|0|1|1|0|0|1|1|0|0|NA|NA|NA|NA|NA|0|0|0|0|NA|0
"482013121001"|0|2|2|0|0|0|0|2|2|1|0|0|0|0|1|NA|NA|NA|NA|NA|3981|561|2836|294426918|NA|0
"482013125002"|0|1|0|0|0|0|0|1|1|1|1|0|0|0|1|2280|2280|NA|NA|NA|1528|583|1660|123760312|74554.4048192771|0
"482013128001"|0|1|1|1|0|0|0|1|1|1|0|0|0|1|0|1400|13740|1600|8244|9664|736|253|776|65907492|84932.3350515464|0
"482013128002"|0|1|1|1|0|0|0|1|1|1|0|0|0|1|0|1400|13740|1600|8244|9664|736|253|776|65907492|84932.3350515464|0
"482013131001"|0|1|2|0|2|1|0|2|2|2|0|0|1|1|0|NA|NA|21633|31017|NA|20599|2731|2930|807890070|463796.960019107|0
"482013131002"|0|1|2|0|2|1|0|2|2|2|0|0|1|1|0|NA|NA|21633|31017|NA|20599|2731|2930|807890070|463796.960019107|0
"482013143001"|0|1|0|0|0|0|0|1|1|0|0|1|1|0|0|NA|NA|NA|NA|NA|0|0|0|0|NA|0
"482013221003"|0|1|0|0|0|0|0|1|1|1|1|0|1|0|0|NA|NA|NA|NA|NA|8|0|2|92000|46000|0
"482013335003"|0|1|0|0|0|0|0|1|1|0|0|1|1|0|0|16520|16520|NA|NA|NA|0|0|0|0|NA|0
"482013402032"|0|1|1|0|0|0|0|1|1|1|0|0|0|1|0|4992|17040|7074|15696|9704|604|175|598|48683352|81410.2876254181|0
"482013412011"|0|3|0|0|0|0|0|3|3|1|1|1|3|0|0|NA|NA|NA|NA|NA|14|4|34|1562838|NA|0
"482013420012"|0|0|1|0|0|0|0|1|1|1|0|0|1|0|0|NA|NA|NA|NA|NA|32|14|52|3377228|64946.6923076923|0
"482013420021"|0|1|0|0|0|0|0|1|0|0|0|0|1|0|0|NA|NA|NA|NA|NA|0|0|0|0|NA|0
"482013421001"|0|0|1|0|0|0|0|1|1|1|0|0|1|0|0|NA|NA|NA|NA|NA|32|14|52|3377228|64946.6923076923|0
"482013430001"|0|1|0|0|0|0|0|1|1|1|1|0|0|0|1|2280|3840|NA|NA|NA|726|263|958|65157554|68014.1482254697|0
"482013437003"|0|1|0|0|0|0|0|1|1|1|1|0|0|0|1|2280|3840|NA|NA|NA|726|263|958|65157554|68014.1482254697|0
"482013508011"|0|1|0|0|0|0|0|1|1|1|1|0|1|0|0|NA|NA|NA|NA|NA|15|6|6|266680|44446.6666666667|0
"482014107021"|0|1|1|0|0|0|0|1|1|1|0|0|0|1|0|31140|31140|20934|20934|8500|268|104|356|24466814|68727.0056179775|0
"482014107022"|0|1|1|0|0|0|0|1|1|1|0|0|0|1|0|31140|31140|20934|20934|8500|268|104|356|24466814|68727.0056179775|0
"482014115011"|0|1|0|0|0|0|0|1|1|1|0|0|0|1|0|17568|17568|NA|NA|NA|64|8|56|3208712|57298.4285714286|0
"482014115012"|0|1|0|0|0|0|0|1|1|1|0|0|0|1|0|17568|17568|NA|NA|NA|64|8|56|3208712|57298.4285714286|0
"482014117001"|0|1|0|0|0|0|0|1|1|1|1|0|1|0|0|13560|13560|NA|NA|NA|11|4|16|933168|58323|0
"482014117002"|0|1|0|0|0|0|0|1|1|1|1|0|1|0|0|13560|13560|NA|NA|NA|11|4|16|933168|58323|0
"482014121001"|0|1|1|0|0|0|0|1|1|1|0|0|0|1|0|43220|43220|35712|35712|13750|2300|536|1342|186226008|138767.517138599|0
"482014122001"|0|1|1|0|1|1|0|1|1|1|0|0|0|1|0|6972|29547|7061|27362|NA|2018|467|758|92842480|122483.482849604|0
"482014203001"|0|0|1|0|0|0|0|1|1|1|0|0|1|0|0|NA|NA|8460|8460|NA|9|1|8|458748|57343.5|0
"482014213001"|0|2|0|0|0|0|0|3|2|1|1|1|2|0|0|NA|NA|NA|NA|NA|10|2|4|149122|NA|0
"482014228001"|0|1|1|0|0|0|0|1|1|1|0|0|0|1|0|28850|28850|16481|16481|7858|253|90|272|18986588|69803.6323529412|0
"482014228003"|0|1|1|0|0|0|0|1|1|1|0|0|0|1|0|28850|28850|16481|16481|7858|253|90|272|18986588|69803.6323529412|0
"482014233023"|0|1|0|0|0|0|0|1|1|0|0|1|1|0|0|NA|NA|NA|NA|NA|0|0|0|0|NA|0
"482014234022"|0|1|0|0|0|0|0|1|1|0|0|1|1|0|0|NA|NA|NA|NA|NA|0|0|0|0|NA|0
"482014323001"|0|1|0|0|0|0|0|1|1|0|0|0|1|0|0|NA|NA|NA|NA|NA|0|0|0|0|NA|0
"482014324002"|0|2|1|0|0|0|0|2|2|2|1|0|2|0|0|29182|29182|NA|NA|NA|29|2|22|1699372|NA|0
"482014324003"|0|1|0|0|0|0|0|1|1|0|0|1|1|0|0|NA|NA|NA|NA|NA|0|0|0|0|NA|0
"482014325001"|0|1|0|0|0|0|0|1|1|0|0|1|1|0|0|NA|NA|NA|NA|NA|0|0|0|0|NA|0
"482014328011"|0|1|0|0|0|0|0|1|1|1|0|0|1|0|0|6576|6576|NA|NA|NA|35|12|30|1817098|60569.9333333333|0
"482014328021"|0|1|0|0|0|0|0|1|1|0|0|1|1|0|0|NA|NA|NA|NA|NA|0|0|0|0|NA|0
"482014328022"|0|1|0|0|0|0|0|1|1|0|0|1|1|0|0|NA|NA|NA|NA|NA|0|0|0|0|NA|0
"482014328024"|0|1|0|0|0|0|0|1|1|0|0|1|1|0|0|NA|NA|NA|NA|NA|0|0|0|0|NA|0
"482014335012"|0|1|0|0|0|0|0|1|1|0|0|1|1|0|0|NA|NA|NA|NA|NA|0|0|0|0|NA|0
"482014502001"|0|1|1|0|0|0|0|1|1|1|0|0|0|1|0|11964|11964|16955|16955|NA|68|35|0|0|NA|0
"482014502002"|0|1|0|0|0|0|0|1|1|0|0|1|1|0|0|NA|NA|NA|NA|NA|0|0|0|0|NA|0
"482014503002"|0|1|0|0|0|0|0|1|1|1|0|0|1|0|0|13428|13428|NA|NA|NA|8|1|0|0|NA|0
"482014508024"|0|1|0|0|0|0|0|1|1|1|1|0|1|0|0|NA|NA|NA|NA|NA|11|2|6|314440|52406.6666666667|0
"482014508025"|0|1|0|0|0|0|0|1|1|1|1|0|1|0|0|NA|NA|NA|NA|NA|11|2|6|314440|52406.6666666667|0
"482014521001"|0|1|0|0|0|0|0|1|1|1|1|0|1|0|0|15572|15572|NA|NA|NA|0|0|0|0|NA|0
"482014522022"|0|1|0|0|0|0|0|1|1|0|0|1|1|0|0|NA|NA|NA|NA|NA|0|0|0|0|NA|0
"482014534024"|0|1|0|0|0|0|0|1|1|0|0|1|1|0|0|NA|NA|NA|NA|NA|0|0|0|0|NA|0
"482014535021"|0|1|0|0|0|0|0|1|1|1|1|0|1|0|0|9308|9308|NA|NA|NA|4|1|6|326638|54439.6666666667|0
"482014541001"|0|1|0|0|0|0|0|1|1|0|0|1|1|0|0|NA|NA|NA|NA|NA|0|0|0|0|NA|0
"482014543013"|0|1|0|0|0|0|0|1|1|1|1|0|1|0|0|NA|NA|NA|NA|NA|19|3|16|688110|43006.875|0
"482015110012"|0|2|0|0|0|0|0|2|2|1|0|1|1|1|0|NA|NA|NA|NA|NA|61|1|82|4878024|NA|0
"482015204002"|0|1|0|0|0|0|0|1|1|1|1|0|1|0|0|NA|NA|NA|NA|NA|8|4|20|955284|47764.2|0
"482015205001"|0|2|0|0|0|0|0|2|2|1|0|1|1|1|0|NA|NA|NA|NA|NA|61|1|82|4878024|NA|0
"482015217001"|0|1|0|0|0|0|0|1|1|0|0|1|1|0|0|NA|NA|NA|NA|NA|0|0|0|0|NA|0
"482015218001"|0|1|0|0|0|0|0|1|1|1|0|0|1|0|0|18900|18900|NA|NA|NA|60|11|54|4285648|79363.8518518519|0
"482015224022"|0|1|0|0|0|0|0|1|1|0|0|1|1|0|0|NA|NA|NA|NA|NA|0|0|0|0|NA|0
"482015304002"|0|1|0|0|0|0|0|1|1|1|1|0|1|0|0|NA|NA|NA|NA|NA|3|0|2|90000|45000|0
"482015320011"|0|1|0|0|0|0|0|1|0|0|0|0|1|0|0|NA|NA|NA|NA|NA|0|0|0|0|NA|0
"482015413002"|0|1|0|0|0|0|0|1|0|0|0|0|1|0|0|NA|NA|NA|NA|NA|0|0|0|0|NA|0
"482015413003"|0|1|0|0|0|0|0|1|0|0|0|0|1|0|0|NA|NA|NA|NA|NA|0|0|0|0|NA|0
"482015432001"|0|1|0|0|0|0|0|1|1|0|0|1|1|0|0|NA|NA|NA|NA|NA|0|0|0|0|NA|0
"482015501001"|0|1|0|0|0|0|0|1|1|1|0|0|1|0|0|15428|15428|NA|NA|NA|18|6|50|2263040|45260.8|0
"482015503012"|0|1|0|0|0|0|0|1|1|0|0|0|1|0|0|NA|NA|NA|NA|NA|0|0|0|0|NA|0
"482015503013"|0|2|0|0|0|0|0|2|2|1|1|1|2|0|0|NA|NA|NA|NA|NA|4|2|6|362554|NA|0
"482015503021"|0|1|0|0|0|0|0|1|1|0|0|1|1|0|0|NA|NA|NA|NA|NA|0|0|0|0|NA|0
"482015519001"|0|1|0|0|0|0|0|1|1|0|0|1|1|0|0|NA|NA|NA|NA|NA|0|0|0|0|NA|0
"482015519002"|0|1|0|0|0|0|0|1|1|0|0|1|1|0|0|NA|NA|NA|NA|NA|0|0|0|0|NA|0
"482015530013"|0|1|0|0|0|0|0|1|1|0|0|1|1|0|0|NA|NA|NA|NA|NA|0|0|0|0|NA|0
"482015532004"|0|1|0|0|0|0|0|1|1|0|0|1|1|0|0|NA|NA|NA|NA|NA|0|0|0|0|NA|0
"482015533002"|0|2|0|0|0|0|0|2|2|1|1|1|2|0|0|NA|NA|NA|NA|NA|22|19|14|802000|NA|0
"482030204012"|0|1|1|0|0|0|0|1|1|1|0|0|0|1|0|23700|23700|12915|12915|8709|163|62|134|8270706|61721.6865671642|0
"482030204021"|0|1|1|1|0|0|0|1|1|1|0|0|0|1|0|9708|9708|9708|9708|6974|148|29|116|5508460|47486.724137931|0
"482090102003"|0|1|1|0|0|0|0|1|1|1|0|0|0|0|1|7234|18658|6167|14327|8110|2375|860|2498|182520090|73066.4891913531|0
"482090103021"|0|1|0|0|0|0|0|1|1|0|0|1|1|0|0|NA|NA|NA|NA|NA|0|0|0|0|NA|0
"482090103031"|0|1|0|0|0|0|0|1|1|0|0|1|1|0|0|NA|NA|NA|NA|NA|0|0|0|0|NA|0
"482139512004"|0|1|0|0|0|0|0|1|1|1|1|0|0|1|0|1080|3540|NA|NA|5650|181|68|330|18594876|56348.1090909091|0
"482139512005"|0|1|0|0|0|0|0|1|1|1|1|0|0|1|0|1080|3540|NA|NA|5650|181|68|330|18594876|56348.1090909091|0
"482150203021"|0|1|0|0|0|0|0|1|1|0|0|1|1|0|0|NA|NA|NA|NA|NA|0|0|0|0|NA|0
"482150207212"|0|1|0|0|0|0|0|1|1|0|0|1|1|0|0|NA|NA|NA|NA|NA|0|0|0|0|NA|0
"482150207242"|0|1|0|0|0|0|0|1|1|1|0|0|0|0|1|2330|3000|NA|NA|NA|863|239|1164|65638342|56390.3281786942|0
"482150208025"|0|1|0|0|0|0|0|1|1|1|1|0|1|0|0|NA|NA|NA|NA|NA|12|1|30|1490758|49691.9333333333|0
"482150209011"|0|1|0|0|0|0|0|1|1|0|0|1|1|0|0|NA|NA|NA|NA|NA|0|0|0|0|NA|0
"482150209041"|0|1|0|0|0|0|0|1|1|0|0|1|1|0|0|NA|NA|NA|NA|NA|0|0|0|0|NA|0
"482150209043"|0|1|0|0|0|0|0|1|1|0|0|1|1|0|0|NA|NA|NA|NA|NA|0|0|0|0|NA|0
"482150212021"|0|1|0|0|0|0|0|1|1|1|1|0|1|0|0|NA|NA|NA|NA|NA|25|14|18|728110|40450.5555555556|0
"482150217014"|0|2|0|0|0|0|0|2|2|0|0|2|2|0|0|NA|NA|NA|NA|NA|0|0|0|0|NA|0
"482150225021"|0|1|0|0|0|0|0|1|1|0|0|1|1|0|0|NA|NA|NA|NA|NA|0|0|0|0|NA|0
"482150227011"|0|1|0|0|0|0|0|1|1|0|0|1|1|0|0|NA|NA|NA|NA|NA|0|0|0|0|NA|0
"482150227022"|0|1|0|0|0|0|0|1|1|0|0|1|1|0|0|NA|NA|NA|NA|NA|0|0|0|0|NA|0
"482150227023"|0|1|0|0|0|0|0|1|1|0|0|1|1|0|0|NA|NA|NA|NA|NA|0|0|0|0|NA|0
"482150235101"|0|1|0|0|0|0|0|1|1|0|0|1|1|0|0|NA|NA|NA|NA|NA|0|0|0|0|NA|0
"482150235102"|0|1|0|0|0|0|0|1|1|0|0|1|1|0|0|NA|NA|NA|NA|NA|0|0|0|0|NA|0
"482150235103"|0|1|0|0|0|0|0|1|1|0|0|1|1|0|0|NA|NA|NA|NA|NA|0|0|0|0|NA|0
"482150238011"|0|1|0|0|0|0|0|1|1|1|0|0|1|0|0|1602|1602|NA|NA|4400|42|8|12|209354|17446.1666666667|0
"482150240002"|0|1|1|0|1|0|0|1|1|1|0|0|0|0|1|5970|15762|5439|12783|7950|1784|574|2158|143424102|66461.5857275255|0
"482150242052"|0|1|0|0|0|0|0|1|1|0|0|1|1|0|0|NA|NA|NA|NA|NA|0|0|0|0|NA|0
"482179611001"|0|1|0|0|0|0|0|1|1|1|1|0|0|1|0|1848|2248|NA|NA|3850|110|42|170|7882842|46369.6588235294|0
"482199505001"|0|1|0|0|0|0|0|1|1|1|1|0|0|1|0|1752|2136|NA|NA|3900|289|85|572|27349786|47814.3111888112|0
"482279501003"|0|1|0|0|0|0|0|1|1|1|1|0|0|1|0|3720|5170|NA|NA|4688|162|65|228|10338604|45344.7543859649|0
"482279506003"|0|1|0|0|0|0|0|1|1|1|1|0|0|1|0|3720|5170|NA|NA|4688|162|65|228|10338604|45344.7543859649|0
"482279508013"|0|1|0|0|0|0|0|1|1|1|1|0|1|0|0|3720|13740|NA|NA|5262|0|0|0|0|NA|0
"482319606001"|0|1|1|0|0|0|0|1|1|1|0|0|0|0|1|4790|17030|3630|10974|8270|493|195|706|51282830|72638.5694050991|0
"482319606002"|0|1|1|0|0|0|0|1|1|1|0|0|0|0|1|4790|17030|3630|10974|8270|493|195|706|51282830|72638.5694050991|0
"482319606003"|0|1|1|0|0|0|0|1|1|1|0|0|0|0|1|4790|17030|3630|10974|8270|493|195|706|51282830|72638.5694050991|0
"482319612001"|0|1|0|0|0|0|0|1|1|0|0|1|1|0|0|NA|NA|NA|NA|NA|0|0|0|0|NA|0
"482319612003"|0|1|0|0|0|0|0|1|1|0|0|1|1|0|0|NA|NA|NA|NA|NA|0|0|0|0|NA|0
"482339509001"|0|1|0|0|0|0|0|1|1|1|1|0|0|1|0|2040|2280|NA|NA|3968|65|8|78|3048544|39083.8974358974|0
"482419503002"|0|1|0|0|0|0|0|1|1|0|0|1|1|0|0|NA|NA|NA|NA|NA|0|0|0|0|NA|0
"482450003082"|0|1|0|0|0|0|0|1|1|1|1|0|1|0|0|NA|NA|NA|NA|NA|17|7|2|75480|37740|0
"482450021003"|0|1|0|0|0|0|0|1|1|0|0|1|1|0|0|NA|NA|NA|NA|NA|0|0|0|0|NA|0
"482450026002"|0|1|1|0|0|0|0|1|1|1|0|0|0|0|1|5664|15456|6048|13392|8350|926|228|970|70445200|72623.9175257732|0
"482450026004"|0|1|0|0|0|0|0|1|1|1|1|0|0|1|0|3168|12960|NA|NA|NA|98|21|172|9026894|52481.9418604651|0
"482450111014"|0|1|0|0|0|0|0|1|1|0|0|1|1|0|0|NA|NA|NA|NA|NA|0|0|0|0|NA|0
"482450111023"|0|1|0|0|0|0|0|1|1|0|0|1|1|0|0|NA|NA|NA|NA|NA|0|0|0|0|NA|0
"482450112011"|0|1|0|0|0|0|0|1|1|0|0|1|1|0|0|NA|NA|NA|NA|NA|0|0|0|0|NA|0
"482450118002"|0|1|0|0|0|0|0|1|1|1|1|0|0|1|0|3973|16213|NA|NA|8370|100|37|130|6270416|48233.9692307692|0
"482511303043"|0|1|1|0|0|0|0|1|1|1|0|0|1|0|0|19656|19656|14742|14742|7500|60|9|100|5596562|55965.62|0
"482511303044"|0|1|1|0|0|0|0|1|1|1|0|0|1|0|0|19656|19656|14742|14742|7500|60|9|100|5596562|55965.62|0
"482570505002"|0|1|0|1|0|0|0|1|1|1|0|0|1|0|0|6830|6830|NA|NA|5600|58|8|24|575652|23985.5|0
"482570505003"|0|1|0|1|0|0|0|1|1|1|0|0|1|0|0|6830|6830|NA|NA|5600|58|8|24|575652|23985.5|0
"482570505004"|0|1|0|1|0|0|0|1|1|1|0|0|1|0|0|6830|6830|NA|NA|5600|58|8|24|575652|23985.5|0
"482659605004"|0|2|0|0|0|0|0|2|2|0|0|2|2|0|0|NA|NA|NA|NA|NA|0|0|0|0|NA|0
"482659606005"|0|1|1|0|0|0|0|1|1|1|0|0|0|1|0|24030|24030|11646|11646|9806|184|59|126|7385540|58615.3968253968|0
"482730203003"|0|1|1|0|0|0|0|1|1|1|0|0|0|1|0|4366|16606|3228|10572|8530|538|259|796|53200024|66834.2010050251|0
"482770010002"|0|1|0|0|0|0|0|1|1|1|1|0|0|1|0|2400|3600|NA|NA|5100|137|79|166|10055436|60574.9156626506|0
"483030004052"|0|1|1|0|1|1|0|1|1|1|0|0|0|1|0|5890|18538|5760|15552|NA|1959|718|668|69175452|103556.065868263|0
"483030005002"|0|1|1|0|1|1|0|1|1|1|0|0|0|1|0|5890|18538|5760|15552|NA|1959|718|668|69175452|103556.065868263|0
"483030005003"|0|3|3|0|1|1|0|3|3|2|0|0|0|1|1|NA|NA|NA|NA|NA|5699|2353|3720|324599044|NA|0
"483030005004"|0|1|1|0|1|1|0|1|1|1|0|0|0|1|0|5890|18538|5760|15552|NA|1959|718|668|69175452|103556.065868263|0
"483030007001"|0|1|0|0|0|0|0|1|1|1|1|0|1|0|0|NA|NA|NA|NA|NA|3|1|4|178772|44693|0
"483030015021"|0|1|0|0|0|0|0|1|1|0|0|1|1|0|0|NA|NA|NA|NA|NA|0|0|0|0|NA|0
"483030016011"|0|1|1|0|1|1|0|1|1|1|0|0|0|1|0|5890|18538|5760|15552|NA|1959|718|668|69175452|103556.065868263|0
"483030016022"|0|1|1|0|1|1|0|1|1|1|0|0|0|1|0|5890|18538|5760|15552|NA|1959|718|668|69175452|103556.065868263|0
"483030017021"|0|1|1|0|0|0|0|1|1|1|0|0|0|1|0|20966|20966|7668|7668|7260|218|104|202|12434082|61554.8613861386|0
"483030017022"|0|1|0|0|0|0|0|1|1|0|0|1|1|0|0|NA|NA|NA|NA|NA|0|0|0|0|NA|0
"483030017024"|0|1|0|0|0|0|0|1|1|0|0|1|1|0|0|NA|NA|NA|NA|NA|0|0|0|0|NA|0
"483030017092"|0|1|0|0|0|0|0|1|1|0|0|1|1|0|0|NA|NA|NA|NA|NA|0|0|0|0|NA|0
"483030018031"|0|1|0|0|0|0|0|1|1|1|1|0|1|0|0|14382|14382|NA|NA|NA|23|11|20|698928|34946.4|0
"483030022021"|0|1|0|0|0|0|0|1|1|0|0|1|1|0|0|NA|NA|NA|NA|NA|0|0|0|0|NA|0
"483090002002"|0|1|1|0|0|0|0|1|1|1|0|0|0|0|1|37996|37996|28494|28494|11754|1700|381|2062|195227218|94678.5732298739|0
"483090003001"|0|1|1|0|0|0|0|1|1|1|0|0|0|0|1|37996|37996|28494|28494|11754|1700|381|2062|195227218|94678.5732298739|0
"483090004001"|0|1|1|0|0|0|0|1|1|1|0|0|0|0|1|37996|37996|28494|28494|11754|1700|381|2062|195227218|94678.5732298739|0
"483090021003"|0|1|0|0|0|0|0|1|1|0|0|0|1|0|0|NA|NA|NA|NA|NA|0|0|0|0|NA|0
"483090030001"|0|1|0|0|0|0|0|1|1|1|1|0|0|1|0|2976|4344|NA|NA|NA|334|128|436|28872396|66221.0917431193|0
"483090033001"|0|1|0|0|0|0|0|1|1|1|1|0|0|0|1|4665|10080|NA|NA|6620|973|342|1086|55005440|50649.576427256|0
"483239505003"|0|1|0|0|0|0|0|1|1|0|0|1|1|0|0|NA|NA|NA|NA|NA|0|0|0|0|NA|0
"483239506012"|0|1|0|0|0|0|0|1|1|0|0|1|1|0|0|NA|NA|NA|NA|NA|0|0|0|0|NA|0
"483290002004"|0|1|0|0|0|0|0|1|1|1|0|0|0|1|0|3360|4560|NA|NA|4800|264|132|270|17367692|64324.7851851852|0
"483396907002"|0|1|1|0|0|0|0|1|1|1|0|0|1|0|0|4800|4800|3600|3600|NA|17|1|14|787000|56214.2857142857|0
"483396908001"|0|1|0|0|0|0|0|1|1|1|1|0|0|0|1|2736|3096|NA|NA|NA|1831|547|1768|125989682|71261.1323529412|0
"483479506001"|0|1|1|0|0|0|0|1|1|1|0|0|0|0|1|5808|15600|4896|12240|8868|931|324|1088|70353866|64663.4797794118|0
"483479506003"|0|1|1|0|0|0|0|1|1|1|0|0|0|0|1|5808|15600|4896|12240|8868|931|324|1088|70353866|64663.4797794118|0
"483499703002"|0|1|0|0|0|0|0|1|1|1|1|0|0|1|0|1440|2970|NA|NA|6621|234|99|272|15957018|58665.5073529412|0
"483499703003"|0|1|0|0|0|0|0|1|1|1|1|0|0|1|0|1440|2970|NA|NA|6621|234|99|272|15957018|58665.5073529412|0
"483499703004"|0|1|0|0|0|0|0|1|1|1|1|0|0|1|0|1440|2970|NA|NA|6621|234|99|272|15957018|58665.5073529412|0
"483499703005"|0|1|0|0|0|0|0|1|1|1|1|0|0|1|0|1440|2970|NA|NA|6621|234|99|272|15957018|58665.5073529412|0
"483550015001"|0|1|0|0|0|0|0|1|1|0|0|1|1|0|0|NA|NA|NA|NA|NA|0|0|0|0|NA|0
"483550018014"|0|1|0|0|0|0|0|1|1|1|1|0|1|0|0|NA|NA|NA|NA|NA|22|10|24|1514564|63106.8333333333|0
"483550018015"|0|2|0|0|0|0|0|2|2|1|1|1|2|0|0|NA|NA|NA|NA|NA|22|10|24|1514564|NA|0
"483550020011"|0|1|0|0|0|0|0|1|1|1|1|0|0|0|1|1456|2418|NA|NA|NA|360|155|640|42290740|66079.28125|0
"483550020014"|0|1|0|0|0|0|0|1|1|1|1|0|0|0|1|1456|2418|NA|NA|NA|360|155|640|42290740|66079.28125|0
"483550027044"|0|1|1|0|0|0|0|1|1|1|0|0|0|0|1|4719|14358|3568|10912|9195|824|246|862|58532606|67903.2552204176|0
"483550027061"|0|1|1|0|0|0|0|1|1|1|0|0|0|0|1|4719|14358|3568|10912|9195|824|246|862|58532606|67903.2552204176|0
"483550032041"|0|1|0|0|0|0|0|1|1|0|0|1|1|0|0|NA|NA|NA|NA|NA|0|0|0|0|NA|0
"483610203002"|0|1|0|0|0|0|0|1|1|1|1|0|0|1|0|3120|12912|NA|NA|NA|88|29|90|4254374|47270.8222222222|0
"483610203003"|0|1|0|0|0|0|0|1|1|1|1|0|0|1|0|3120|12912|NA|NA|NA|88|29|90|4254374|47270.8222222222|0
"483659504004"|0|1|0|0|0|0|0|1|1|1|1|0|0|1|0|600|600|NA|NA|4840|81|30|138|7594916|55035.6231884058|0
"483671402002"|0|1|0|0|0|0|0|1|1|1|1|0|0|1|0|3760|5280|NA|NA|7450|176|54|274|16447870|60028.7226277372|0
"483671402003"|0|1|0|0|0|0|0|1|1|1|1|0|0|1|0|3760|5280|NA|NA|7450|176|54|274|16447870|60028.7226277372|0
"483750101001"|0|1|0|0|0|0|0|1|1|0|0|1|1|0|0|NA|NA|NA|NA|NA|0|0|0|0|NA|0
"483750103001"|0|1|0|0|0|0|0|1|1|0|0|1|1|0|0|NA|NA|NA|NA|NA|0|0|0|0|NA|0
"483750107003"|0|1|0|0|0|0|0|1|1|0|0|1|1|0|0|NA|NA|NA|NA|NA|0|0|0|0|NA|0
"483750117001"|0|1|0|0|0|0|0|1|1|0|0|1|1|0|0|NA|NA|NA|NA|NA|0|0|0|0|NA|0
"483750147002"|0|1|0|0|0|0|0|1|1|1|1|0|0|0|1|1056|2592|NA|NA|NA|381|178|392|22320890|56941.0459183673|0
"483810217043"|0|1|1|0|0|0|0|1|1|1|0|0|0|1|0|4989|6105|4402|5081|7496|479|195|640|44186848|69041.95|0
"483810218011"|0|1|1|0|0|0|0|1|1|1|0|0|0|1|0|4989|6105|4402|5081|7496|479|195|640|44186848|69041.95|0
"483810218022"|0|1|1|0|0|0|0|1|1|1|0|0|0|1|0|4989|6105|4402|5081|7496|479|195|640|44186848|69041.95|0
"484159506002"|0|1|0|0|0|0|0|1|1|1|1|0|0|1|0|2088|2976|NA|NA|5100|116|66|78|4512834|57856.8461538462|0
"484230002012"|0|1|0|1|0|0|0|1|1|1|0|0|1|0|0|8208|8208|NA|NA|7200|90|21|74|2816588|38062|0
"484230005001"|0|1|0|0|0|0|0|1|1|0|0|1|1|0|0|NA|NA|NA|NA|NA|0|0|0|0|NA|0
"484230009003"|0|1|0|0|0|0|0|1|1|1|0|0|0|0|1|2550|3240|NA|NA|8320|362|163|622|33362338|53637.1993569132|0
"484230017001"|0|0|1|0|1|0|0|1|1|1|0|0|1|0|0|NA|NA|6150|23700|NA|1422|286|98|8845480|90260|0
"484230018031"|0|1|1|0|0|0|0|1|1|1|0|0|0|1|0|5610|18090|4896|12294|9970|611|288|652|49288226|75595.4386503068|0
"484230018033"|0|1|1|0|0|0|0|1|1|1|0|0|0|1|0|5610|18090|4896|12294|9970|611|288|652|49288226|75595.4386503068|0
"484391006022"|0|0|0|0|0|0|0|1|0|0|0|0|0|0|0|NA|NA|NA|NA|NA|0|0|0|0|NA|0
"484391015001"|0|1|0|0|0|0|0|1|1|1|1|0|1|0|0|NA|NA|NA|NA|NA|19|10|6|262272|43712|0
"484391021005"|0|0|1|0|0|1|0|1|1|1|0|0|0|1|0|NA|NA|4729|16995|NA|0|0|0|0|NA|0
"484391023012"|0|2|0|0|0|0|0|2|2|1|0|1|2|0|0|NA|NA|NA|NA|NA|4|0|6|341502|NA|0
"484391023013"|0|1|0|0|0|0|0|1|1|1|0|0|1|0|0|17568|17568|NA|NA|NA|4|0|6|341502|56917|0
"484391023021"|0|1|0|0|0|0|0|1|1|0|0|1|1|0|0|NA|NA|NA|NA|NA|0|0|0|0|NA|0
"484391035004"|0|1|1|0|0|0|0|1|1|1|0|0|0|1|0|22780|22780|14032|14032|9480|252|116|270|21332364|79008.7555555556|0
"484391042013"|0|1|2|0|0|0|0|2|2|2|0|0|1|0|1|NA|NA|43740|43740|NA|1476|487|1326|134554420|189173.382244977|0
"484391042014"|0|1|2|0|0|0|0|2|2|2|0|0|1|0|1|NA|NA|43740|43740|NA|1476|487|1326|134554420|189173.382244977|0
"484391045032"|0|1|0|0|0|0|0|1|1|1|1|0|1|0|0|12360|12360|NA|NA|NA|15|2|12|517812|43151|0
"484391050061"|0|1|0|0|0|0|0|1|1|1|1|0|1|0|0|NA|NA|NA|NA|NA|22|2|24|1268812|52867.1666666667|0
"484391055071"|0|1|0|0|0|0|0|1|1|0|0|1|1|0|0|NA|NA|NA|NA|NA|0|0|0|0|NA|0
"484391065143"|0|1|1|0|0|0|0|1|1|1|0|0|1|0|0|10110|10110|3900|3900|5800|20|9|24|985330|41055.4166666667|0
"484391065152"|0|1|0|0|0|0|0|1|1|1|0|0|1|0|0|15013|15013|NA|NA|NA|22|8|52|2632214|50619.5|0
"484391065161"|0|1|0|0|0|0|0|1|1|1|0|0|1|0|0|15013|15013|NA|NA|NA|22|8|52|2632214|50619.5|0
"484391101013"|0|1|0|0|0|0|0|1|1|0|0|1|1|0|0|NA|NA|NA|NA|NA|0|0|0|0|NA|0
"484391101014"|0|1|0|0|0|0|0|1|1|0|0|1|1|0|0|NA|NA|NA|NA|NA|0|0|0|0|NA|0
"484391106001"|0|0|0|0|0|0|0|1|0|0|0|0|0|0|0|NA|NA|NA|NA|NA|0|0|0|0|NA|0
"484391109014"|0|1|0|0|0|0|0|1|1|0|0|1|1|0|0|NA|NA|NA|NA|NA|0|0|0|0|NA|0
"484391115162"|0|1|0|0|0|0|0|1|1|0|0|1|1|0|0|NA|NA|NA|NA|NA|0|0|0|0|NA|0
"484391115251"|0|1|0|0|0|0|0|1|0|0|0|0|1|0|0|NA|NA|NA|NA|NA|0|0|0|0|NA|0
"484391115252"|0|1|0|0|0|0|0|1|0|0|0|0|1|0|0|NA|NA|NA|NA|NA|0|0|0|0|NA|0
"484391115253"|0|1|0|0|0|0|0|1|1|0|0|1|1|0|0|NA|NA|NA|NA|NA|0|0|0|0|NA|0
"484391115254"|0|1|0|0|0|0|0|1|1|0|0|1|1|0|0|NA|NA|NA|NA|NA|0|0|0|0|NA|0
"484391115362"|0|1|0|0|0|0|0|1|1|1|1|0|1|0|0|NA|NA|NA|NA|NA|48|15|96|4530750|47195.3125|0
"484391115381"|0|1|0|0|0|0|0|1|1|1|1|0|1|0|0|NA|NA|NA|NA|NA|37|9|46|2746078|59697.347826087|0
"484391115382"|0|1|0|0|0|0|0|1|1|1|1|0|1|0|0|NA|NA|NA|NA|NA|37|9|46|2746078|59697.347826087|0
"484391130011"|0|2|0|0|0|0|0|2|1|0|0|1|2|0|0|NA|NA|NA|NA|NA|0|0|0|0|NA|0
"484391130021"|0|2|0|0|0|0|0|2|1|0|0|1|2|0|0|NA|NA|NA|NA|NA|0|0|0|0|NA|0
"484391130022"|0|1|0|0|0|0|0|1|0|0|0|0|1|0|0|NA|NA|NA|NA|NA|0|0|0|0|NA|0
"484391130023"|0|1|0|0|0|0|0|1|1|0|0|1|1|0|0|NA|NA|NA|NA|NA|0|0|0|0|NA|0
"484391130024"|0|1|0|0|0|0|0|1|0|0|0|0|1|0|0|NA|NA|NA|NA|NA|0|0|0|0|NA|0
"484391131111"|0|1|0|0|0|0|0|1|1|0|0|0|1|0|0|NA|NA|NA|NA|NA|0|0|0|0|NA|0
"484391131122"|0|1|0|0|0|0|0|1|1|0|0|0|1|0|0|NA|NA|NA|NA|NA|0|0|0|0|NA|0
"484391131141"|0|1|0|0|0|0|0|1|1|0|0|1|1|0|0|NA|NA|NA|NA|NA|0|0|0|0|NA|0
"484391132134"|0|1|0|0|0|0|0|1|1|0|0|1|1|0|0|NA|NA|NA|NA|NA|0|0|0|0|NA|0
"484391134052"|0|1|0|0|0|0|0|1|1|0|0|1|1|0|0|NA|NA|NA|NA|NA|0|0|0|0|NA|0
"484391134053"|0|1|0|0|0|0|0|1|1|0|0|1|1|0|0|NA|NA|NA|NA|NA|0|0|0|0|NA|0
"484391135112"|0|1|0|0|0|0|0|1|1|1|0|0|1|0|0|7800|7800|NA|NA|6350|7|1|4|121416|30354|0
"484391136122"|0|1|0|0|0|0|0|1|1|0|0|1|1|0|0|NA|NA|NA|NA|NA|0|0|0|0|NA|0
"484391136281"|0|1|0|0|0|0|0|1|1|1|0|0|1|0|0|11592|11592|NA|NA|NA|10|0|8|430000|53750|0
"484391139092"|0|1|1|0|0|0|0|1|1|1|0|0|1|0|0|9960|9960|7830|7830|NA|52|19|16|1212390|75774.375|0
"484391216012"|0|1|1|0|0|0|0|1|1|1|0|0|1|0|0|10110|10110|3900|3900|5800|20|9|24|985330|41055.4166666667|0
"484391217021"|0|1|0|0|0|0|0|1|1|1|1|0|1|0|0|11124|11124|NA|NA|NA|17|2|14|616220|44015.7142857143|0
"484391217041"|0|1|0|0|0|0|0|1|1|0|0|1|1|0|0|NA|NA|NA|NA|NA|0|0|0|0|NA|0
"484391219031"|0|1|0|0|0|0|0|1|1|0|0|1|1|0|0|NA|NA|NA|NA|NA|0|0|0|0|NA|0
"484391219033"|0|1|0|0|0|0|0|1|1|0|0|1|1|0|0|NA|NA|NA|NA|NA|0|0|0|0|NA|0
"484391219041"|0|1|0|0|0|0|0|1|1|1|1|0|1|0|0|NA|NA|NA|NA|NA|20|9|6|264400|44066.6666666667|0
"484391219042"|0|1|0|0|0|0|0|1|1|1|1|0|1|0|0|NA|NA|NA|NA|NA|20|9|6|264400|44066.6666666667|0
"484391219043"|0|1|0|0|0|0|0|1|0|0|0|0|1|0|0|NA|NA|NA|NA|NA|0|0|0|0|NA|0
"484391224001"|0|1|1|0|0|0|0|1|1|1|0|0|0|0|1|7350|20654|7141|15638|8410|1956|405|1904|154569300|81181.3550420168|0
"484391226001"|0|1|0|0|0|0|0|1|1|0|0|1|1|0|0|NA|NA|NA|NA|NA|0|0|0|0|NA|0
"484391226002"|0|1|0|0|0|0|0|1|1|0|0|1|1|0|0|NA|NA|NA|NA|NA|0|0|0|0|NA|0
"484391233001"|0|1|0|0|0|0|0|1|1|1|1|0|0|0|1|2544|6120|NA|NA|NA|1558|586|1404|92365054|65787.0754985755|0
"484391233002"|0|1|0|0|0|0|0|1|1|1|1|0|0|0|1|2544|6120|NA|NA|NA|1558|586|1404|92365054|65787.0754985755|0
"484410101002"|0|1|1|0|0|0|0|1|1|1|0|0|0|1|0|32020|32020|19890|19890|9310|548|276|506|35616572|70388.4822134387|0
"484410102002"|0|1|1|0|0|0|0|1|1|1|0|0|0|1|0|25230|25230|12510|12510|8138|179|76|270|18119906|67110.762962963|0
"484410114003"|0|1|0|0|0|0|0|1|1|0|0|1|1|0|0|NA|NA|NA|NA|NA|0|0|0|0|NA|0
"484410117001"|0|1|0|0|0|0|0|1|1|0|0|1|1|0|0|NA|NA|NA|NA|NA|0|0|0|0|NA|0
"484410123002"|0|1|1|0|0|0|0|1|1|1|0|0|0|1|0|26100|26100|14670|14670|8244|123|61|150|8227428|54849.52|0
"484499504002"|0|1|0|0|0|0|0|1|1|1|1|0|0|1|0|3000|4448|NA|NA|6920|126|53|140|8042656|57447.5428571429|0
"484510013011"|0|1|1|0|0|0|0|1|1|1|0|0|0|1|0|3965|13757|3783|11128|8216|480|204|540|34836568|64512.162962963|0
"484510013012"|0|1|1|0|0|0|0|1|1|1|0|0|0|1|0|3965|13757|3783|11128|8216|480|204|540|34836568|64512.162962963|0
"484510013014"|0|1|1|0|0|0|0|1|1|1|0|0|0|1|0|3965|13757|3783|11128|8216|480|204|540|34836568|64512.162962963|0
"484510013043"|0|1|0|0|0|0|0|1|1|0|0|1|1|0|0|NA|NA|NA|NA|NA|0|0|0|0|NA|0
"484530005003"|0|0|1|0|0|0|0|1|1|1|0|0|1|0|0|NA|NA|14400|14400|NA|30|6|22|1860370|84562.2727272727|0
"484530006011"|0|0|1|0|0|0|0|1|1|1|0|0|1|0|0|NA|NA|13200|13200|NA|41|12|42|3201822|76233.8571428571|0
"484530006012"|0|1|1|0|0|1|0|1|1|1|0|0|0|0|1|10092|35682|11300|21518|10070|10197|2461|5428|578972784|106664.109064112|0
"484530009012"|0|1|1|1|0|0|0|1|1|1|0|0|0|1|0|12262|12262|8000|8000|7568|70|29|104|4998536|48062.8461538462|0
"484530011001"|0|1|1|0|0|0|0|1|1|0|0|0|0|0|0|NA|NA|NA|NA|NA|1018|261|0|0|NA|0
"484530015033"|0|1|0|0|0|0|0|1|1|1|1|0|1|0|0|NA|NA|NA|NA|NA|23|1|26|1093686|42064.8461538462|0
"484530015034"|0|2|0|0|0|0|0|2|2|2|2|0|1|0|1|NA|NA|NA|NA|NA|1524|487|1148|91326192|134864.296720334|0
"484530017073"|0|1|1|0|0|0|0|1|1|1|0|0|0|1|0|14040|14040|14325|14325|NA|32|5|16|1051768|65735.5|0
"484530017121"|0|0|1|0|0|0|0|1|1|1|0|0|1|0|0|NA|NA|15341|15341|NA|26|6|18|1125956|62553.1111111111|0
"484530017141"|0|1|1|0|0|0|0|1|1|1|0|0|0|1|0|28700|28700|12240|12240|9836|149|76|110|6734638|61223.9818181818|0
"484530017181"|0|0|1|0|0|0|0|1|1|1|0|0|1|0|0|NA|NA|13473|13473|NA|24|2|0|0|NA|0
"484530017503"|0|1|0|0|0|0|0|1|1|1|0|0|1|0|0|13428|13428|NA|NA|NA|6|1|0|0|NA|0
"484530017531"|0|1|0|0|0|0|0|1|1|0|0|1|1|0|0|NA|NA|NA|NA|NA|0|0|0|0|NA|0
"484530017611"|0|1|0|0|0|0|0|1|1|0|0|1|1|0|0|NA|NA|NA|NA|NA|0|0|0|0|NA|0
"484530017612"|0|1|0|0|0|0|0|1|1|0|0|1|1|0|0|NA|NA|NA|NA|NA|0|0|0|0|NA|0
"484530018042"|0|1|1|0|0|0|0|1|1|1|0|0|1|0|0|8400|8400|6300|6300|NA|6|3|8|606568|75821|0
"484530018121"|0|2|0|0|0|0|0|2|2|0|0|1|2|0|0|NA|NA|NA|NA|NA|0|0|0|0|NA|0
"484530018131"|0|1|0|0|0|0|0|1|0|0|0|0|1|0|0|NA|NA|NA|NA|NA|0|0|0|0|NA|0
"484530018171"|0|2|0|0|0|0|0|2|2|0|0|2|2|0|0|NA|NA|NA|NA|NA|0|0|0|0|NA|0
"484530018341"|0|1|0|0|0|0|0|1|1|0|0|1|1|0|0|NA|NA|NA|NA|NA|0|0|0|0|NA|0
"484530018461"|0|1|0|0|0|0|0|1|1|1|0|0|1|0|0|13428|13428|NA|NA|NA|6|1|6|414200|69033.3333333333|0
"484530018472"|0|1|0|0|0|0|0|1|1|1|0|0|1|0|0|13428|13428|NA|NA|NA|6|1|6|414200|69033.3333333333|0
"484530018491"|0|1|0|0|0|0|0|1|1|1|1|0|1|0|0|13540|13540|NA|NA|NA|7|1|24|1354704|56446|0
"484530018492"|0|1|0|0|0|0|0|1|1|1|1|0|1|0|0|13540|13540|NA|NA|NA|7|1|24|1354704|56446|0
"484530018514"|0|1|0|0|0|0|0|1|1|1|0|0|1|0|0|17568|17568|NA|NA|9450|43|5|38|2162992|56920.8421052632|0
"484530018631"|0|1|0|0|0|0|0|1|1|1|1|0|1|0|0|14382|14382|NA|NA|NA|42|16|30|1140660|38022|0
"484530018632"|0|1|0|0|0|0|0|1|1|1|1|0|1|0|0|14382|14382|NA|NA|NA|42|16|30|1140660|38022|0
"484530020041"|0|1|0|0|0|0|0|1|1|0|0|1|1|0|0|NA|NA|NA|NA|NA|0|0|0|0|NA|0
"484530020051"|0|1|1|0|0|0|0|1|1|1|0|0|1|0|0|13770|13770|13770|13770|NA|11|5|22|993304|45150.1818181818|0
"484530023081"|0|1|0|0|0|0|0|1|1|0|0|1|1|0|0|NA|NA|NA|NA|NA|0|0|0|0|NA|0
"484530023082"|0|1|1|0|0|0|0|1|1|1|0|0|0|1|0|40428|40428|25092|25092|11112|511|156|392|30624168|78122.8775510204|0
"484530023083"|0|1|1|0|0|0|0|1|1|1|0|0|0|1|0|40428|40428|25092|25092|11112|511|156|392|30624168|78122.8775510204|0
"484530023084"|0|1|0|0|0|0|0|1|0|0|0|0|1|0|0|NA|NA|NA|NA|NA|0|0|0|0|NA|0
"484530023161"|0|0|0|0|0|0|0|1|0|0|0|0|0|0|0|NA|NA|NA|NA|NA|0|0|0|0|NA|0
"484530024031"|0|1|0|0|0|0|0|1|0|0|0|0|1|0|0|NA|NA|NA|NA|NA|0|0|0|0|NA|0
"484530024032"|0|1|0|0|0|0|0|1|1|0|0|1|1|0|0|NA|NA|NA|NA|NA|0|0|0|0|NA|0
"484639502005"|0|1|0|0|0|0|0|1|1|1|1|0|0|1|0|2832|3720|NA|NA|4990|215|74|242|11901996|49181.8016528926|0
"484690002012"|0|1|0|0|0|0|0|1|1|0|0|1|1|0|0|NA|NA|NA|NA|NA|0|0|0|0|NA|0
"484690006022"|0|2|1|0|0|0|0|2|2|2|1|0|0|2|0|7366|17758|NA|NA|NA|488|257|444|30058698|132517.308866706|0
"484690006024"|0|1|0|0|0|0|0|1|1|0|0|1|1|0|0|NA|NA|NA|NA|NA|0|0|0|0|NA|0
"484717907002"|0|1|1|0|0|0|0|1|1|1|0|0|0|0|1|5172|14964|5139|12483|8986|1238|488|1470|100909610|68645.9931972789|0
"484717908002"|0|1|0|0|0|0|0|1|1|0|0|1|1|0|0|NA|NA|NA|NA|NA|0|0|0|0|NA|0
"484736804001"|0|1|1|1|0|0|0|1|1|1|0|0|0|1|0|6216|19535|4362|12390|8754|702|191|740|51380578|69433.2135135135|0
"484771704002"|0|1|0|0|0|0|0|1|1|1|1|0|0|0|1|2568|6240|NA|NA|6850|386|119|804|42991428|53471.9253731343|0
"484790009011"|0|1|0|0|0|0|0|1|1|0|0|1|1|0|0|NA|NA|NA|NA|NA|0|0|0|0|NA|0
"484790016021"|0|1|0|0|0|0|0|1|1|0|0|1|1|0|0|NA|NA|NA|NA|NA|0|0|0|0|NA|0
"484790017092"|0|1|0|0|0|0|0|1|1|1|1|0|1|0|0|NA|NA|NA|NA|NA|18|7|12|501514|41792.8333333333|0
"484790017141"|0|1|1|0|0|0|0|1|1|1|0|0|0|1|0|4248|13610|3350|10694|7882|459|177|448|39299220|87721.4732142857|0
"484790019002"|0|1|0|0|0|0|0|1|1|1|1|0|0|1|0|2400|3648|NA|NA|NA|429|168|362|22132368|61139.138121547|0
"484817405002"|0|1|0|0|0|0|0|1|1|1|1|0|0|1|0|768|1536|NA|NA|4730|191|52|346|20199060|58378.7861271676|0
"484850119002"|0|1|1|0|0|0|0|1|1|1|0|0|0|1|0|5216|7166|3849|5019|8012|413|181|476|33685360|70767.5630252101|0
"484879505001"|0|1|0|0|0|0|0|1|1|1|1|0|0|1|0|4200|6150|NA|NA|4987|146|62|180|9606352|53368.6222222222|0
"484910201101"|0|1|0|0|0|0|0|1|1|1|0|0|1|0|0|13428|13428|NA|NA|NA|7|1|2|105040|52520|0
"484910203221"|0|1|0|0|0|0|0|1|1|1|0|0|1|0|0|NA|NA|NA|NA|NA|1|0|2|114000|57000|0
"484910205043"|0|2|1|0|0|0|0|2|1|1|0|0|2|0|0|NA|NA|NA|NA|NA|30|4|6|491420|NA|0
"484910214011"|0|1|0|0|0|0|0|1|1|1|0|0|0|1|0|39060|39060|NA|NA|11030|285|108|228|16181952|70973.4736842105|0
"484910215031"|0|1|0|0|0|0|0|1|1|0|0|1|1|0|0|NA|NA|NA|NA|NA|0|0|0|0|NA|0
"484999502003"|0|1|0|0|0|0|0|1|1|0|0|1|1|0|0|NA|NA|NA|NA|NA|0|0|0|0|NA|0
"484999506011"|0|1|0|1|0|0|0|1|1|1|0|0|1|0|0|10400|10400|NA|NA|8440|111|20|62|3054400|49264.5161290323|0
"490050005021"|0|1|0|0|0|0|0|1|1|0|0|1|0|1|0|NA|NA|NA|NA|NA|0|0|0|0|NA|0
"490050005022"|0|1|0|0|0|0|0|1|1|0|0|1|0|1|0|NA|NA|NA|NA|NA|0|0|0|0|NA|0
"490050007021"|0|1|1|0|0|1|0|1|1|1|0|0|0|0|1|5814|18720|5323|18632|6570|2274|797|1854|155618020|83936.3646170442|0
"490050007022"|0|1|1|0|0|1|0|1|1|1|0|0|0|0|1|5814|18720|5323|18632|6570|2274|797|1854|155618020|83936.3646170442|0
"490050010022"|0|1|0|0|0|0|0|1|1|0|0|1|1|0|0|NA|NA|NA|NA|NA|0|0|0|0|NA|0
"490050010023"|0|1|0|0|0|0|0|1|1|1|0|0|1|0|0|18021|18021|NA|NA|NA|9|1|4|157536|39384|0
"490111257011"|0|1|0|0|0|0|0|1|1|0|0|1|1|0|0|NA|NA|NA|NA|NA|0|0|0|0|NA|0
"490111258013"|0|1|0|0|0|0|0|1|1|0|0|1|1|0|0|NA|NA|NA|NA|NA|0|0|0|0|NA|0
"490111260011"|0|1|0|0|0|0|0|1|0|0|0|0|1|0|0|NA|NA|NA|NA|NA|0|0|0|0|NA|0
"490111260012"|0|1|0|0|0|0|0|1|1|1|0|0|1|0|0|13916|13916|NA|NA|NA|13|2|18|782268|43459.3333333333|0
"490111271001"|0|1|0|0|0|0|0|1|1|0|0|1|0|1|0|NA|NA|NA|NA|NA|0|0|0|0|NA|0
"490111271003"|0|1|0|0|0|0|0|1|1|0|0|1|0|1|0|NA|NA|NA|NA|NA|0|0|0|0|NA|0
"490111271004"|0|1|0|0|0|0|0|1|1|0|0|1|0|1|0|NA|NA|NA|NA|NA|0|0|0|0|NA|0
"490211104001"|0|1|1|0|0|0|0|1|1|1|0|0|0|1|0|5774|19054|7280|22861|7067|427|110|564|34647280|61431.3475177305|0
"490211104004"|0|1|0|0|0|0|0|1|1|0|0|1|1|0|0|NA|NA|NA|NA|NA|0|0|0|0|NA|0
"490211105002"|0|1|0|0|0|0|0|1|0|0|0|0|1|0|0|NA|NA|NA|NA|NA|0|0|0|0|NA|0
"490211105003"|0|1|0|0|0|0|0|1|0|0|0|0|1|0|0|NA|NA|NA|NA|NA|0|0|0|0|NA|0
"490211106001"|0|1|0|0|0|0|0|1|1|0|0|1|1|0|0|NA|NA|NA|NA|NA|0|0|0|0|NA|0
"490351014003"|0|1|1|0|1|1|0|1|1|1|0|0|0|0|1|7408|25929|6473|22848|9406|5364|1063|2788|266831158|95707.0150645624|0
"490351019002"|0|1|0|0|0|0|0|1|1|0|0|1|1|0|0|NA|NA|NA|NA|NA|0|0|0|0|NA|0
"490351020001"|0|1|0|0|0|0|0|1|1|0|0|1|1|0|0|NA|NA|NA|NA|NA|0|0|0|0|NA|0
"490351025001"|0|1|0|0|0|0|0|1|1|1|1|0|0|1|0|3240|3240|NA|NA|NA|56|5|30|2348252|78275.0666666667|0
"490351028021"|0|1|0|0|0|0|0|1|1|0|0|1|1|0|0|NA|NA|NA|NA|NA|0|0|0|0|NA|0
"490351033001"|0|1|1|0|0|0|0|1|1|1|0|0|0|1|0|31584|31584|13412|13412|8974|225|64|316|22802176|72158.7848101266|0
"490351048003"|0|1|1|0|0|0|0|1|1|1|0|0|1|0|0|6000|6000|6000|6000|NA|5|1|0|0|NA|0
"490351108003"|0|1|0|0|0|0|0|1|1|0|0|1|1|0|0|NA|NA|NA|NA|NA|0|0|0|0|NA|0
"490351114005"|0|1|0|0|0|0|0|1|1|1|0|0|1|0|0|13500|13500|NA|NA|NA|8|0|6|231394|38565.6666666667|0
"490351114006"|0|1|0|0|0|0|0|1|1|0|0|1|1|0|0|NA|NA|NA|NA|NA|0|0|0|0|NA|0
"490351115001"|0|1|0|0|0|0|0|1|1|0|0|1|1|0|0|NA|NA|NA|NA|NA|0|0|0|0|NA|0
"490351116001"|0|1|0|0|0|0|0|1|1|0|0|1|1|0|0|NA|NA|NA|NA|NA|0|0|0|0|NA|0
"490351119031"|0|2|1|0|0|0|0|2|2|2|1|0|1|0|1|18412|18412|NA|NA|NA|1640|525|3934|222665174|127605.312670765|0
"490351120022"|0|1|0|0|0|0|0|1|1|0|0|1|1|0|0|NA|NA|NA|NA|NA|0|0|0|0|NA|0
"490351121002"|0|0|0|0|0|0|0|1|0|0|0|0|0|0|0|NA|NA|NA|NA|NA|0|0|0|0|NA|0
"490351121004"|0|1|1|0|0|0|0|2|1|1|0|0|1|0|0|NA|NA|NA|NA|NA|20|0|24|1081728|NA|0
"490351122011"|0|2|1|0|0|0|0|2|2|2|0|0|2|0|0|25655|25655|NA|NA|NA|44|6|42|2449404|NA|0
"490351123013"|0|1|0|0|0|0|0|1|1|0|0|1|1|0|0|NA|NA|NA|NA|NA|0|0|0|0|NA|0
"490351124031"|0|1|0|0|0|0|0|1|1|0|0|1|1|0|0|NA|NA|NA|NA|NA|0|0|0|0|NA|0
"490351124041"|0|1|0|0|0|0|0|1|1|0|0|1|1|0|0|NA|NA|NA|NA|NA|0|0|0|0|NA|0
"490351125023"|0|1|0|0|0|0|0|1|1|0|0|1|1|0|0|NA|NA|NA|NA|NA|0|0|0|0|NA|0
"490351128171"|0|3|1|0|0|0|0|3|3|3|0|0|3|0|0|45501|45501|NA|NA|NA|49|8|48|3641840|199622.30952381|0
"490351128172"|0|3|1|0|0|0|0|3|3|3|0|0|3|0|0|45501|45501|NA|NA|NA|49|8|48|3641840|199622.30952381|0
"490351128181"|0|3|1|0|0|0|0|3|3|3|0|0|3|0|0|45501|45501|NA|NA|NA|49|8|48|3641840|199622.30952381|0
"490351128233"|0|3|1|0|0|0|0|3|3|3|0|0|3|0|0|45501|45501|NA|NA|NA|49|8|48|3641840|199622.30952381|0
"490351129073"|0|1|1|0|0|0|0|1|1|1|0|0|1|0|0|13500|13500|14280|14280|NA|8|0|32|1367742|42741.9375|0
"490351129181"|0|1|0|0|0|0|0|1|1|0|0|1|1|0|0|NA|NA|NA|NA|NA|0|0|0|0|NA|0
"490351130103"|0|1|0|0|0|0|0|1|1|0|0|1|1|0|0|NA|NA|NA|NA|NA|0|0|0|0|NA|0
"490351130122"|0|1|0|0|0|0|0|1|1|0|0|1|1|0|0|NA|NA|NA|NA|NA|0|0|0|0|NA|0
"490351133083"|0|1|0|0|0|0|0|1|1|0|0|1|1|0|0|NA|NA|NA|NA|NA|0|0|0|0|NA|0
"490351135103"|0|1|0|0|0|0|0|1|1|1|1|0|0|0|1|3239|11277|NA|NA|NA|890|431|670|39360158|58746.5044776119|0
"490351135121"|0|1|0|0|0|0|0|1|1|0|0|0|1|0|0|NA|NA|NA|NA|NA|0|0|0|0|NA|0
"490351135134"|0|1|0|0|0|0|0|1|1|0|0|1|1|0|0|NA|NA|NA|NA|NA|0|0|0|0|NA|0
"490351135232"|0|1|0|0|0|0|0|1|1|0|0|1|1|0|0|NA|NA|NA|NA|NA|0|0|0|0|NA|0
"490351135233"|0|1|0|0|0|0|0|1|1|0|0|1|1|0|0|NA|NA|NA|NA|NA|0|0|0|0|NA|0
"490351140001"|0|1|1|0|0|0|0|1|1|1|0|0|1|0|0|22950|22950|13200|13200|4696|39|3|26|1927604|74138.6153846154|0
"490399724003"|0|1|0|0|0|0|0|1|1|1|0|0|0|1|0|3196|11674|NA|NA|5200|208|45|274|14550044|53102.3503649635|0
"490399724004"|0|1|0|0|0|0|0|1|1|1|0|0|0|1|0|3196|11674|NA|NA|5200|208|45|274|14550044|53102.3503649635|0
"490451311001"|0|1|0|0|0|0|0|1|1|0|0|1|1|0|0|NA|NA|NA|NA|NA|0|0|0|0|NA|0
"490479402012"|0|1|0|0|0|0|0|1|1|0|0|1|0|1|0|NA|NA|NA|NA|NA|0|0|0|0|NA|0
"490479402015"|0|1|0|0|0|0|0|1|1|0|0|1|0|1|0|NA|NA|NA|NA|NA|0|0|0|0|NA|0
"490490004002"|0|1|0|0|0|0|0|1|1|0|0|1|1|0|0|NA|NA|NA|NA|NA|0|0|0|0|NA|0
"490490007063"|0|1|0|0|0|0|0|1|1|1|0|0|1|0|0|13500|13500|NA|NA|NA|0|0|0|0|NA|0
"490490008023"|0|1|0|0|0|0|0|1|1|0|0|1|1|0|0|NA|NA|NA|NA|NA|0|0|0|0|NA|0
"490490011031"|0|1|1|0|0|0|0|1|1|1|0|0|0|0|1|4840|15000|7192|17718|NA|1256|259|1340|92912422|69337.628358209|0
"490490012011"|0|1|0|0|0|0|0|1|1|0|0|1|1|0|0|NA|NA|NA|NA|NA|0|0|0|0|NA|0
"490490012012"|0|1|0|0|0|0|0|1|1|1|0|0|1|0|0|18021|18021|NA|NA|NA|12|1|8|380928|47616|0
"490490014021"|0|1|0|0|0|0|0|1|1|0|0|1|1|0|0|NA|NA|NA|NA|NA|0|0|0|0|NA|0
"490490014023"|0|1|0|0|0|0|0|1|1|0|0|1|1|0|0|NA|NA|NA|NA|NA|0|0|0|0|NA|0
"490490014024"|0|1|0|0|0|0|0|1|1|0|0|1|1|0|0|NA|NA|NA|NA|NA|0|0|0|0|NA|0
"490490016012"|0|1|1|0|0|0|0|1|1|1|0|0|0|0|1|5300|5300|6680|6680|7448|2982|965|2514|289668338|115222.091487669|0
"490490016024"|0|1|1|0|0|0|0|1|1|1|0|0|0|0|1|5300|5300|6680|6680|7448|2982|965|2514|289668338|115222.091487669|0
"490490017023"|0|1|0|0|0|0|0|1|1|0|0|1|1|0|0|NA|NA|NA|NA|NA|0|0|0|0|NA|0
"490490018011"|0|1|1|0|0|0|0|1|1|1|0|0|0|0|1|5300|5300|6680|6680|7448|2982|965|2514|289668338|115222.091487669|0
"490490019003"|0|2|0|0|0|0|0|2|2|0|0|2|2|0|0|NA|NA|NA|NA|NA|0|0|0|0|NA|0
"490490020002"|0|1|0|0|0|0|0|1|1|1|0|0|1|0|0|13441|13441|NA|NA|NA|22|3|42|2357424|56129.1428571429|0
"490490021022"|0|1|0|0|0|0|0|1|1|1|0|0|1|0|0|13441|13441|NA|NA|NA|22|3|42|2357424|56129.1428571429|0
"490490022011"|0|1|0|0|0|0|0|1|1|1|0|0|1|0|0|NA|NA|NA|NA|NA|4|0|10|958998|95899.8|0
"490490022041"|0|1|0|0|0|0|0|1|1|1|0|0|1|0|0|NA|NA|NA|NA|NA|4|0|10|958998|95899.8|0
"490490024001"|0|2|0|0|0|0|0|2|2|0|0|2|2|0|0|NA|NA|NA|NA|NA|0|0|0|0|NA|0
"490490028012"|0|0|1|0|0|0|0|1|1|1|0|0|1|0|0|NA|NA|13993|13993|NA|62|15|54|5208788|96459.037037037|0
"490490034021"|0|1|0|0|0|0|0|1|1|0|0|1|1|0|0|NA|NA|NA|NA|NA|0|0|0|0|NA|0
"490490101083"|0|1|0|0|0|0|0|1|1|0|0|1|0|1|0|NA|NA|NA|NA|NA|0|0|0|0|NA|0
"490519601002"|0|1|0|0|0|0|0|1|1|0|0|1|1|0|0|NA|NA|NA|NA|NA|0|0|0|0|NA|0
"490532703002"|0|1|0|0|0|0|0|1|1|0|0|1|1|0|0|NA|NA|NA|NA|NA|0|0|0|0|NA|0
"490532712002"|0|2|0|0|0|0|0|2|2|1|0|1|2|0|0|NA|NA|NA|NA|NA|11|1|6|367488|NA|0
"490532713002"|0|1|0|0|0|0|0|1|1|1|0|0|0|1|0|4104|13119|NA|NA|5288|332|102|410|25542028|62297.6292682927|0
"490532715002"|0|2|0|0|0|0|0|2|2|0|0|2|2|0|0|NA|NA|NA|NA|NA|0|0|0|0|NA|0
"490532718001"|0|1|0|0|0|0|0|1|1|1|0|0|1|0|0|18021|18021|NA|NA|NA|11|1|6|367488|61248|0
"490532718002"|0|1|0|0|0|0|0|1|1|1|0|0|1|0|0|18021|18021|NA|NA|NA|11|1|6|367488|61248|0
"490572002021"|0|1|0|0|0|0|0|1|1|0|0|1|0|1|0|NA|NA|NA|NA|NA|0|0|0|0|NA|0
"490572011001"|0|1|0|0|0|0|0|1|1|0|0|1|1|0|0|NA|NA|NA|NA|NA|0|0|0|0|NA|0
"490572016003"|0|1|0|0|0|0|0|1|1|1|0|0|1|0|0|NA|NA|NA|NA|NA|32|5|30|2190560|73018.6666666667|0
"490572104022"|0|2|1|0|0|0|0|2|2|2|0|0|1|1|0|36042|36042|NA|NA|NA|163|20|282|11023584|97224|0
"490572104042"|0|2|1|0|0|0|0|2|2|2|0|0|1|1|0|36042|36042|NA|NA|NA|163|20|282|11023584|97224|0
"490572105052"|0|2|1|0|0|0|0|2|2|2|0|0|1|1|0|36042|36042|NA|NA|NA|163|20|282|11023584|97224|0
"490572108003"|0|1|0|0|0|0|0|1|1|1|0|0|1|0|0|NA|NA|NA|NA|NA|32|5|30|2190560|73018.6666666667|0
"500019608002"|0|1|1|0|0|0|0|1|1|1|0|0|0|1|0|49648|49648|NA|NA|14269|826|212|628|61874256|98525.8853503185|0
"500019608003"|0|1|1|0|0|0|0|1|1|1|0|0|0|1|0|49648|49648|NA|NA|14269|826|212|628|61874256|98525.8853503185|0
"500039710001"|0|1|0|0|0|0|0|1|1|1|0|0|1|0|0|23700|23700|NA|NA|10800|73|21|54|2847044|52723.037037037|0
"500039710002"|0|2|1|0|0|0|0|2|2|2|0|0|2|0|0|73140|73140|NA|NA|25320|278|87|174|13160334|138667.12037037|0
"500039712003"|0|1|1|0|0|0|0|1|1|1|0|0|1|0|0|49440|49440|22575|22575|14520|205|66|120|10313290|85944.0833333333|0
"500039713002"|0|1|0|0|0|0|0|1|1|1|0|0|1|0|0|23700|23700|NA|NA|10800|73|21|54|2847044|52723.037037037|0
"500059573003"|0|1|1|0|0|0|0|1|1|1|0|0|0|1|0|10224|21912|12984|27312|9988|105|30|102|5787948|56744.5882352941|0
"500059574001"|0|1|1|0|0|0|0|1|1|1|0|0|0|1|0|10224|21912|12984|27312|9988|105|30|102|5787948|56744.5882352941|0
"500070006001"|0|1|1|0|0|1|0|1|1|1|0|0|0|0|1|15096|38160|15096|38160|11578|1930|558|1262|113537020|89965.9429477021|0
"500070022003"|0|1|1|0|0|0|0|1|1|1|0|0|0|1|0|41650|41650|12390|12390|11300|252|68|302|22823124|75573.2582781457|0
"500070025001"|0|1|1|0|0|0|0|1|1|1|0|0|0|1|0|41650|41650|12390|12390|11300|252|68|302|22823124|75573.2582781457|0
"500070025003"|0|1|1|0|0|0|0|1|1|1|0|0|0|1|0|41650|41650|12390|12390|11300|252|68|302|22823124|75573.2582781457|0
"500070033011"|0|1|0|0|0|0|0|1|1|0|0|1|1|0|0|NA|NA|NA|NA|NA|0|0|0|0|NA|0
"500070033041"|0|1|0|0|0|0|0|1|1|0|0|1|1|0|0|NA|NA|NA|NA|NA|0|0|0|0|NA|0
"500070033043"|0|1|0|0|0|0|0|1|1|0|0|1|1|0|0|NA|NA|NA|NA|NA|0|0|0|0|NA|0
"500070036001"|0|1|1|0|0|1|0|1|1|1|0|0|0|0|1|15096|38160|15096|38160|11578|1930|558|1262|113537020|89965.9429477021|0
"500070039001"|0|1|1|0|0|0|0|1|1|1|0|0|0|1|0|38560|38560|14436|14436|14472|265|85|234|18486434|79001.8547008547|0
"500070039002"|0|2|2|0|0|1|0|2|2|2|0|0|0|1|1|53656|76720|29532|52596|26050|2195|643|1496|132023454|168967.797648557|0
"500070039003"|0|2|2|0|0|1|0|2|2|2|0|0|0|1|1|53656|76720|29532|52596|26050|2195|643|1496|132023454|168967.797648557|0
"500070040021"|0|1|0|0|0|0|0|1|1|0|0|1|1|0|0|NA|NA|NA|NA|NA|0|0|0|0|NA|0
"500159532001"|0|1|1|0|0|0|0|1|1|1|0|0|0|1|0|10224|22680|13200|19200|9988|108|26|84|5451222|64895.5|0
"500179594002"|0|1|1|0|0|0|0|1|1|1|0|0|0|1|0|12960|24792|16200|30990|9988|149|21|160|9317314|58233.2125|0
"500199517004"|0|1|0|0|0|0|0|1|1|1|0|0|1|0|0|32595|32595|NA|NA|9560|29|4|28|1388196|49578.4285714286|0
"500219627002"|0|1|1|0|0|0|0|1|1|1|0|0|1|0|0|21750|21750|13500|13500|11250|29|6|20|936000|46800|0
"500219633006"|0|1|1|0|0|0|0|1|1|1|0|0|1|0|0|21750|21750|13500|13500|11250|29|6|20|936000|46800|0
"500219636002"|0|1|1|0|0|0|0|1|1|1|0|0|0|1|0|10248|25656|9900|14400|9988|187|56|188|10984776|58429.6595744681|0
"500219638002"|0|1|1|0|0|0|0|1|1|1|0|0|1|0|0|35560|35560|14700|14700|11722|62|24|78|4428208|56771.8974358974|0
"500239540003"|0|1|1|0|0|0|0|1|1|1|0|0|1|0|0|15786|15786|17758|17758|NA|53|6|26|1489814|57300.5384615385|0
"500239542002"|0|1|0|0|0|0|0|1|1|1|1|0|0|1|0|6072|12144|NA|NA|NA|158|45|0|0|NA|0
"500239546001"|0|1|0|0|0|0|0|1|1|1|1|0|0|1|0|6072|12144|NA|NA|NA|158|45|0|0|NA|0
"500239548002"|0|1|2|0|0|0|0|2|2|1|0|0|1|0|0|NA|NA|NA|NA|NA|68|14|0|0|NA|0
"500239550002"|0|1|1|0|0|0|0|1|1|1|0|0|1|0|0|15786|15786|17758|17758|NA|53|6|26|1489814|57300.5384615385|0
"500239555001"|0|1|1|0|0|0|0|1|1|1|0|0|0|1|0|35318|35318|17073|17073|12920|406|176|298|20965456|70353.8791946309|0
"500239555005"|0|1|1|0|0|0|0|1|1|1|0|0|0|1|0|35318|35318|17073|17073|12920|406|176|298|20965456|70353.8791946309|0
"500259677001"|0|1|1|0|0|0|0|1|1|1|0|0|1|0|0|52500|52500|NA|NA|10970|125|21|160|9043974|56524.8375|0
"500259678002"|0|1|1|0|0|0|0|1|1|1|0|0|1|0|0|39086|39086|32440|32440|10802|71|25|64|3661590|57212.34375|0
"500259682001"|0|1|1|0|0|0|0|1|1|1|0|0|1|0|0|39086|39086|32440|32440|10802|71|25|64|3661590|57212.34375|0
"500259682002"|0|1|1|0|0|0|0|1|1|1|0|0|1|0|0|39086|39086|32440|32440|10802|71|25|64|3661590|57212.34375|0
"500259685003"|0|1|1|0|0|0|0|1|1|1|0|0|1|0|0|NA|NA|22950|22950|NA|0|0|0|0|NA|0
"500259686002"|0|0|1|0|0|0|0|1|1|1|0|0|1|0|0|NA|NA|33450|33450|NA|107|25|32|2158156|67442.375|0
"500279651002"|0|0|1|0|0|0|0|1|1|1|0|0|1|0|0|NA|NA|40345|40345|NA|77|26|98|10360594|105720.346938776|0
"510010907002"|0|1|0|0|0|0|0|1|1|1|1|0|1|0|0|4133|9431|NA|NA|NA|40|9|34|1941944|57116|0
"510030108003"|0|1|0|0|0|0|0|1|1|0|0|1|1|0|0|NA|NA|NA|NA|NA|0|0|0|0|NA|0
"510030109032"|0|1|1|0|1|1|0|1|1|1|0|0|0|0|1|12496|42643|15026|25168|10726|4852|1059|2878|373721706|129854.6580959|0
"510030113032"|0|1|0|0|0|0|0|1|1|1|1|0|0|1|0|4163|9461|NA|NA|NA|107|26|158|9761016|61778.582278481|0
"510050802012"|0|1|0|0|0|0|0|1|1|1|1|0|0|1|0|4133|9431|NA|NA|NA|48|9|42|2427750|57803.5714285714|0
"510090102003"|0|1|1|0|0|0|0|1|1|1|0|0|1|0|0|35800|35800|10650|10650|12635|190|56|124|7886846|63603.5967741935|0
"510090102004"|0|1|1|0|0|0|0|1|1|1|0|0|1|0|0|35800|35800|10650|10650|12635|190|56|124|7886846|63603.5967741935|0
"510131003005"|0|1|1|0|0|0|0|1|1|1|0|0|0|1|0|28900|28900|16920|16920|12220|263|82|312|22959606|73588.4807692308|0
"510131016033"|0|3|1|0|0|0|0|3|3|2|0|1|2|1|0|NA|NA|NA|NA|NA|59|7|130|6237846|NA|0
"510131017022"|0|1|1|0|0|0|0|1|1|1|0|0|1|0|0|13056|13056|11983|11983|NA|25|3|36|2750974|76415.9444444444|0
"510131018021"|0|1|1|0|0|0|0|1|1|1|0|0|0|1|0|14040|14040|14325|14325|NA|99|11|50|3292418|65848.36|0
"510131034024"|0|2|1|0|0|0|0|2|2|2|0|0|2|0|0|35952|35952|NA|NA|NA|54|6|34|2839072|173235.269230769|0
"510139801001"|0|3|1|0|0|0|0|3|3|2|0|1|2|1|0|NA|NA|NA|NA|NA|59|7|130|6237846|NA|0
"510150703001"|0|1|0|0|0|0|0|1|1|1|1|0|0|1|0|4133|9431|NA|NA|NA|108|26|146|8428358|57728.4794520548|0
"510150706002"|0|1|0|0|0|0|0|1|1|0|0|1|1|0|0|NA|NA|NA|NA|NA|0|0|0|0|NA|0
"510190301041"|0|1|0|0|0|0|0|1|1|1|1|0|1|0|0|9288|9288|NA|NA|NA|14|3|20|797020|39851|0
"510259301002"|0|1|0|0|0|0|0|1|1|1|1|0|0|1|0|4133|9431|NA|NA|NA|117|24|122|7384136|60525.7049180328|0
"510270106002"|0|0|1|0|0|0|0|1|1|1|0|0|1|0|0|NA|NA|NA|NA|NA|27|7|46|4403436|95726.8695652174|0
"510411001071"|0|2|0|0|0|0|0|2|2|2|2|0|2|0|0|30582|30582|NA|NA|NA|50|21|48|2079000|88127.25|0
"510411002061"|0|1|0|0|0|0|0|1|1|1|0|0|1|0|0|16127|16127|NA|NA|NA|42|26|32|2131828|66619.625|0
"510411002101"|0|1|0|0|0|0|0|1|1|1|1|0|1|0|0|14382|14382|NA|NA|NA|31|10|32|1337928|41810.25|0
"510411005053"|0|1|0|0|0|0|0|1|1|1|1|0|0|0|1|4148|9446|NA|NA|NA|172|41|218|13243870|60751.6972477064|0
"510411005092"|0|1|0|0|0|0|0|1|1|1|1|0|1|0|0|NA|NA|NA|NA|NA|16|5|2|112320|56160|0
"510411006002"|0|1|1|1|0|0|0|1|1|1|0|0|0|1|0|5172|14992|7590|16882|10562|492|128|532|38033330|71491.2218045113|0
"510411009072"|0|1|0|0|0|0|0|1|1|0|0|0|1|0|0|NA|NA|NA|NA|NA|0|0|0|0|NA|0
"510411009343"|0|1|0|0|0|0|0|1|1|0|0|1|1|0|0|NA|NA|NA|NA|NA|0|0|0|0|NA|0
"510479304002"|0|1|0|0|0|0|0|1|1|0|0|1|1|0|0|NA|NA|NA|NA|NA|0|0|0|0|NA|0
"510479304003"|0|1|0|0|0|0|0|1|1|1|1|0|0|1|0|4163|9461|NA|NA|NA|157|37|168|9569112|56959|0
"510479305022"|0|1|0|0|0|0|0|1|1|0|0|1|1|0|0|NA|NA|NA|NA|NA|0|0|0|0|NA|0
"510538405001"|0|1|0|0|0|0|0|1|1|1|1|0|0|1|0|5130|17733|NA|NA|11540|92|21|72|4115390|57158.1944444444|0
"510594160001"|0|1|0|0|0|0|0|1|1|1|1|0|1|0|0|16000|16000|NA|NA|NA|9|2|28|1960000|70000|0
"510594328001"|0|1|0|0|0|0|0|1|1|0|0|0|1|0|0|NA|NA|NA|NA|NA|0|0|0|0|NA|0
"510594405021"|0|1|1|0|0|0|0|1|1|1|0|0|0|0|1|8204|29486|10628|29306|11678|2754|601|2550|248095850|97292.4901960784|0
"510594408003"|0|1|0|0|0|0|0|1|1|1|1|0|0|0|1|4890|10260|NA|NA|NA|1063|281|1344|94986840|70674.7321428571|0
"510594503004"|0|1|0|0|0|0|0|1|1|0|0|1|1|0|0|NA|NA|NA|NA|NA|0|0|0|0|NA|0
"510594504001"|0|1|0|0|0|0|0|1|0|0|0|0|0|1|0|NA|NA|NA|NA|NA|0|0|0|0|NA|0
"510594508003"|0|1|0|0|0|0|0|1|0|0|0|0|1|0|0|NA|NA|NA|NA|NA|0|0|0|0|NA|0
"510594520001"|0|1|0|0|0|0|0|1|1|0|0|1|1|0|0|NA|NA|NA|NA|NA|0|0|0|0|NA|0
"510594526003"|0|1|0|0|0|0|0|1|1|0|0|1|1|0|0|NA|NA|NA|NA|NA|0|0|0|0|NA|0
"510594604003"|0|1|1|0|0|0|0|1|1|1|0|0|1|0|0|12984|12984|17304|17304|NA|0|0|0|0|NA|0
"510594605011"|0|2|2|0|0|0|0|2|2|2|0|0|2|0|0|26484|26484|28104|28104|NA|11|2|0|0|NA|0
"510594605023"|0|1|1|0|0|0|0|1|1|1|0|0|1|0|0|13500|13500|10800|10800|NA|11|2|0|0|NA|0
"510594612021"|0|1|1|0|0|0|0|1|1|1|0|0|0|1|0|14985|14985|13365|13365|NA|294|30|258|18669704|72363.1937984496|0
"510594616021"|0|1|0|0|0|0|0|1|1|1|1|0|1|0|0|NA|NA|NA|NA|NA|19|3|2|88000|44000|0
"510594618023"|0|1|1|0|0|0|0|1|1|1|0|0|0|1|0|14985|14985|13365|13365|NA|294|30|258|18669704|72363.1937984496|0
"510594711001"|0|1|0|0|0|0|0|1|1|1|1|0|1|0|0|NA|NA|NA|NA|NA|6|1|8|776000|97000|0
"510594802022"|0|1|0|0|0|0|0|1|1|0|0|1|1|0|0|NA|NA|NA|NA|NA|0|0|0|0|NA|0
"510594802031"|0|1|0|0|0|0|0|1|1|0|0|1|1|0|0|NA|NA|NA|NA|NA|0|0|0|0|NA|0
"510594804012"|0|1|0|0|0|0|0|1|1|0|0|1|1|0|0|NA|NA|NA|NA|NA|0|0|0|0|NA|0
"510594822022"|0|1|0|0|0|0|0|1|1|0|0|1|1|0|0|NA|NA|NA|NA|NA|0|0|0|0|NA|0
"510594823011"|0|1|0|0|0|0|0|1|1|0|0|1|1|0|0|NA|NA|NA|NA|NA|0|0|0|0|NA|0
"510594901033"|0|1|0|0|0|0|0|1|1|0|0|0|1|0|0|NA|NA|NA|NA|NA|0|0|0|0|NA|0
"510594905023"|0|1|1|0|0|0|0|1|1|1|0|0|1|0|0|9408|10128|9144|13068|NA|82|24|26|1818540|69943.8461538462|0
"510594913031"|0|1|0|0|0|0|0|1|1|1|1|0|1|0|0|NA|NA|NA|NA|NA|1|1|0|0|NA|0
"510599801001"|0|1|0|0|0|0|0|1|1|0|0|0|1|0|0|NA|NA|NA|NA|NA|0|0|0|0|NA|0
"510670206001"|0|1|0|0|0|0|0|1|1|1|0|0|0|1|0|31800|31800|NA|NA|11090|230|65|148|8119540|54861.7567567568|0
"510731001001"|0|1|0|0|0|0|0|1|1|1|1|0|0|1|0|4133|9431|NA|NA|NA|79|21|60|3398200|56636.6666666667|0
"510731002012"|0|1|0|0|0|0|0|1|1|1|1|0|0|1|0|4133|9431|NA|NA|NA|79|21|60|3398200|56636.6666666667|0
"510731003012"|0|1|0|0|0|0|0|1|1|0|0|1|1|0|0|NA|NA|NA|NA|NA|0|0|0|0|NA|0
"510853206012"|0|1|0|0|0|0|0|1|1|1|0|0|0|1|0|37630|37630|NA|NA|11180|240|67|210|15105500|71930.9523809524|0
"510872001081"|0|1|1|0|0|0|0|1|1|1|0|0|0|1|0|49420|49420|23880|23880|11460|1161|301|820|90212014|110014.651219512|0
"510872001191"|0|1|1|0|0|0|0|1|1|1|0|0|1|0|0|11934|11934|17654|17654|NA|14|1|0|0|NA|0
"510872001194"|0|1|1|0|0|0|0|1|1|1|0|0|1|0|0|11934|11934|17654|17654|NA|14|1|0|0|NA|0
"510872001261"|0|2|0|0|0|0|0|2|2|0|0|2|2|0|0|NA|NA|NA|NA|NA|0|0|0|0|NA|0
"510872001282"|0|1|1|0|0|0|0|1|1|1|0|0|1|0|0|17234|17234|19337|19337|NA|41|7|38|2690400|70800|0
"510872002021"|0|1|1|0|0|0|0|1|1|1|0|0|0|1|0|49420|49420|23880|23880|11460|1161|301|820|90212014|110014.651219512|0
"510872002022"|0|1|1|0|0|0|0|1|1|1|0|0|0|1|0|49420|49420|23880|23880|11460|1161|301|820|90212014|110014.651219512|0
"510872004091"|0|1|0|0|0|0|0|1|1|0|0|1|1|0|0|480|600|NA|NA|NA|0|0|0|0|NA|0
"510872005022"|0|1|0|0|0|0|0|1|1|1|1|0|1|0|0|13731|13731|NA|NA|NA|16|2|34|2121850|62407.3529411765|0
"510872008011"|0|1|1|0|0|0|0|2|2|2|1|0|1|0|1|NA|NA|NA|NA|NA|309|66|288|17893228|117192.1|0
"510872008021"|0|1|1|0|0|0|0|2|2|2|1|0|1|0|1|NA|NA|NA|NA|NA|309|66|288|17893228|117192.1|0
"510872009042"|0|2|0|0|0|0|0|2|2|1|0|1|2|0|0|NA|NA|NA|NA|NA|30|5|46|3390004|NA|0
"510890103001"|0|1|0|0|0|0|0|1|1|1|1|0|0|1|0|4133|9431|NA|NA|NA|118|24|96|5262010|54812.6041666667|0
"510950801014"|0|1|1|0|0|0|0|1|1|1|0|0|0|1|0|13127|36158|9000|24686|11382|1698|403|1368|136699966|99926.8757309942|0
"511076115011"|0|1|0|0|0|0|0|1|1|1|0|0|1|0|0|17496|17496|NA|NA|NA|2|0|4|225260|56315|0
"511210201001"|0|1|1|0|0|1|0|1|1|1|0|0|0|0|1|10787|27306|12467|25095|8720|6406|1540|3488|371533550|106517.646215596|0
"511210207001"|0|1|1|0|0|1|0|1|1|1|0|0|0|0|1|10787|27306|12467|25095|8720|6406|1540|3488|371533550|106517.646215596|0
"511210207002"|0|0|1|0|0|1|0|1|1|1|0|0|0|1|0|NA|NA|16000|16000|NA|0|0|0|0|NA|0
"511371101031"|0|1|0|0|0|0|0|1|1|1|1|0|0|1|0|4163|9461|NA|NA|NA|157|37|168|9569112|56959|0
"511479302031"|0|1|1|0|0|0|0|1|1|1|0|0|0|1|0|7350|21780|7872|22248|10685|516|166|504|33989374|67439.2341269841|0
"511479303002"|0|1|0|0|0|0|0|1|1|1|0|0|0|1|0|41516|41516|NA|NA|13286|244|80|204|14837572|72733.1960784314|0
"511539004031"|0|2|0|0|0|0|0|2|2|0|0|2|2|0|0|NA|NA|NA|NA|NA|0|0|0|0|NA|0
"511539014031"|0|1|0|0|0|0|0|1|0|0|0|0|1|0|0|NA|NA|NA|NA|NA|0|0|0|0|NA|0
"511539014032"|0|1|0|0|0|0|0|1|0|0|0|0|1|0|0|NA|NA|NA|NA|NA|0|0|0|0|NA|0
"511539016025"|0|1|0|0|0|0|0|1|1|0|0|1|1|0|0|16520|16520|NA|NA|NA|0|0|0|0|NA|0
"511552102021"|0|1|0|0|0|0|0|1|1|1|1|0|0|1|0|4132|9430|NA|NA|NA|77|26|96|6327624|65912.75|0
"511610302012"|0|1|1|0|0|0|0|1|1|1|0|0|0|1|0|14832|14832|10608|10608|NA|49|26|52|2104574|40472.5769230769|0
"511610302031"|0|1|1|0|0|0|0|1|1|1|0|0|1|0|0|36200|36200|16716|16716|12800|191|43|172|11123780|64673.1395348837|0
"511610302041"|0|2|0|0|0|0|0|3|0|0|0|0|2|0|0|NA|NA|NA|NA|NA|0|0|0|0|NA|0
"511610302051"|0|2|0|0|0|0|0|3|0|0|0|0|2|0|0|NA|NA|NA|NA|NA|0|0|0|0|NA|0
"511610303004"|0|1|0|0|0|0|0|1|1|1|0|0|0|1|0|39720|39720|NA|NA|12810|234|71|334|22876192|68491.5928143713|0
"511610308013"|0|1|0|0|0|0|0|1|1|1|1|0|1|0|0|9288|9288|NA|NA|NA|11|2|14|616002|44000.1428571429|0
"511639302002"|0|2|1|0|0|0|0|2|2|2|0|0|0|2|0|55741|80050|NA|NA|20348|1041|337|756|76311586|189196.269941277|0
"511650115003"|0|1|0|0|0|0|0|1|1|1|0|0|0|1|0|31890|31890|NA|NA|11920|234|82|232|13617332|58695.3965517241|0
"511770201062"|0|1|1|0|0|0|0|1|1|1|0|0|1|0|0|5160|5160|4320|4320|5500|4|1|10|550000|55000|0
"511770202041"|0|1|0|0|0|0|0|1|1|1|1|0|1|0|0|NA|NA|NA|NA|NA|11|1|12|839176|69931.3333333333|0
"511770202042"|0|1|0|0|0|0|0|1|1|1|1|0|1|0|0|NA|NA|NA|NA|NA|11|1|12|839176|69931.3333333333|0
"511850202001"|0|1|1|0|0|0|0|1|1|1|0|0|1|0|0|23600|23600|8280|8280|8928|84|25|76|3979476|52361.5263157895|0
"511850202003"|0|1|1|0|0|0|0|1|1|1|0|0|1|0|0|23600|23600|8280|8280|8928|84|25|76|3979476|52361.5263157895|0
"511850206001"|0|1|0|0|0|0|0|1|1|1|1|0|0|1|0|4133|9431|NA|NA|NA|87|28|88|4965860|56430.2272727273|0
"511910105011"|0|1|0|0|0|0|0|1|0|0|0|0|1|0|0|NA|NA|NA|NA|NA|0|0|0|0|NA|0
"511910105023"|0|1|0|0|0|0|0|1|1|1|1|0|0|1|0|4133|9431|NA|NA|NA|68|17|92|5132728|55790.5217391304|0
"511910106021"|0|1|1|0|0|0|0|1|1|1|0|0|0|1|0|33500|33500|6210|6210|11200|186|67|174|11532772|66280.2988505747|0
"511959312002"|0|1|0|0|0|0|0|1|1|1|1|0|0|1|0|4133|9431|NA|NA|NA|89|20|72|3999248|55545.1111111111|0
"511959314001"|0|1|0|0|0|0|0|1|1|1|0|0|0|1|0|5210|21278|NA|NA|10346|230|87|204|13277054|65083.5980392157|0
"511970502005"|0|1|0|0|0|0|0|1|1|1|1|0|0|1|0|4133|9431|NA|NA|NA|60|15|84|4828342|57480.2619047619|0
"511990503052"|0|1|0|0|0|0|0|1|1|1|1|0|1|0|0|15750|15750|NA|NA|NA|20|12|12|434724|36227|0
"515102001034"|0|1|0|0|0|0|0|1|1|1|0|0|1|0|0|15430|15430|NA|NA|NA|21|6|6|527200|87866.6666666667|0
"515102003031"|0|1|0|0|0|0|0|1|1|1|0|0|1|0|0|15430|15430|NA|NA|NA|21|6|6|527200|87866.6666666667|0
"515102004061"|0|1|0|0|0|0|0|1|1|1|0|0|1|0|0|15430|15430|NA|NA|NA|21|6|6|527200|87866.6666666667|0
"515309306001"|0|1|0|0|0|0|0|1|1|1|0|0|1|0|0|14900|14900|NA|NA|7500|120|44|86|4790006|55697.7441860465|0
"515309306005"|0|1|0|0|0|0|0|1|1|1|0|0|1|0|0|14900|14900|NA|NA|7500|120|44|86|4790006|55697.7441860465|0
"515400008004"|0|1|0|0|0|0|0|1|1|0|0|1|1|0|0|NA|NA|NA|NA|NA|0|0|0|0|NA|0
"515500207002"|0|1|0|0|0|0|0|1|1|0|0|1|1|0|0|16520|16520|NA|NA|NA|0|0|0|0|NA|0
"515500208051"|0|2|0|0|0|0|0|2|2|2|1|0|2|0|0|16843|16843|NA|NA|NA|47|19|80|5551698|114802.151515152|0
"515500208091"|0|1|0|0|0|0|0|1|1|1|1|0|1|0|0|10257|10257|NA|NA|NA|23|2|4|183352|45838|0
"515708302001"|0|1|0|0|0|0|0|1|1|1|1|0|1|0|0|11440|11440|NA|NA|NA|13|1|18|1058880|58826.6666666667|0
"515900007001"|0|2|2|0|0|0|0|2|2|2|0|0|2|0|0|42180|42180|20595|20595|NA|153|65|124|6895066|118809.220238095|0
"515900007003"|0|1|0|0|0|0|0|1|1|1|1|0|1|0|0|4750|4750|NA|NA|NA|0|0|6|309206|51534.3333333333|0
"515900010001"|0|1|0|0|0|0|0|1|1|1|1|0|0|1|0|4125|9963|NA|NA|NA|83|27|108|6182258|57243.1296296296|0
"516105003002"|0|1|0|0|0|0|0|1|1|0|0|1|1|0|0|NA|NA|NA|NA|NA|0|0|0|0|NA|0
"516200901001"|0|1|0|0|0|0|0|1|1|1|1|0|0|1|0|4133|9431|NA|NA|NA|43|9|32|1723856|53870.5|0
"516300003011"|0|1|1|0|0|0|0|1|1|1|0|0|0|1|0|5772|20362|6588|15462|10104|479|133|500|34850842|69701.684|0
"516500103041"|0|1|0|0|0|0|0|1|1|1|1|0|0|1|0|4193|9491|NA|NA|NA|281|71|248|16203272|65335.7741935484|0
"516500103121"|0|1|0|0|0|0|0|1|1|1|0|0|1|0|0|8000|8000|NA|NA|NA|3|1|0|0|NA|0
"516500103131"|0|1|0|0|0|0|0|1|1|1|0|0|1|0|0|15865|15865|NA|NA|NA|25|16|14|647106|46221.8571428571|0
"516500114001"|0|1|1|1|0|0|0|1|1|1|0|0|0|1|0|21552|21552|10776|10776|10684|761|250|610|39839812|65311.1672131148|0
"516500114002"|0|1|1|1|0|0|0|1|1|1|0|0|0|1|0|21552|21552|10776|10776|10684|761|250|610|39839812|65311.1672131148|0
"516600002061"|0|1|1|0|0|0|0|1|1|1|0|0|0|0|1|5896|21114|9648|26688|9334|1950|610|2056|161131784|78371.4902723735|0
"516600004011"|0|1|1|0|0|0|0|1|1|1|0|0|0|1|0|34060|34060|13715|13715|10660|228|79|208|11054798|53148.0673076923|0
"516789305001"|0|2|1|0|0|0|0|2|2|2|0|0|0|2|0|55741|80050|NA|NA|20348|1041|337|756|76311586|189196.269941277|0
"516789305002"|0|2|1|0|0|0|0|2|2|2|0|0|0|2|0|55741|80050|NA|NA|20348|1041|337|756|76311586|189196.269941277|0
"516789305004"|0|2|1|0|0|0|0|2|2|2|0|0|0|2|0|55741|80050|NA|NA|20348|1041|337|756|76311586|189196.269941277|0
"516800001002"|0|1|1|0|0|0|0|1|1|1|0|0|1|0|0|36160|36160|12600|12600|12580|168|51|144|9892304|68696.5555555556|0
"516800002031"|0|1|1|0|0|0|0|1|1|1|0|0|0|1|0|35650|35650|8820|8820|10120|298|80|384|26737500|69628.90625|0
"516800003002"|0|1|0|0|0|0|0|1|1|1|1|0|1|0|0|10027|10027|NA|NA|NA|4|1|32|1920000|60000|0
"516800008011"|0|1|0|0|0|0|0|1|1|1|1|0|1|0|0|10027|10027|NA|NA|NA|4|1|32|1920000|60000|0
"516800014001"|0|1|1|0|0|0|0|1|1|1|0|0|0|0|1|15105|15105|8051|8051|8963|3554|730|3512|181726804|51744.5341685649|0
"516800016001"|0|2|0|0|0|0|0|2|2|1|1|1|1|1|0|NA|NA|NA|NA|NA|87|29|122|6922362|NA|0
"516800018001"|0|1|0|0|0|0|0|1|1|1|1|0|1|0|0|9288|9288|NA|NA|NA|14|3|20|797020|39851|0
"516800019001"|0|1|1|1|0|0|0|1|1|1|0|0|1|0|0|7200|7200|5400|5400|8520|42|11|94|1272000|13531.914893617|0
"516800019003"|0|1|1|1|0|0|0|1|1|1|0|0|1|0|0|7200|7200|5400|5400|8520|42|11|94|1272000|13531.914893617|0
"517000314004"|0|1|0|0|0|0|0|1|1|1|1|0|1|0|0|13840|13840|NA|NA|NA|19|2|44|2528728|57471.0909090909|0
"517000315003"|0|1|1|0|0|0|0|1|1|1|0|0|0|1|0|7836|19062|6660|14832|10914|646|194|552|41179570|74600.6702898551|0
"517000316024"|0|1|0|0|0|0|0|1|1|0|0|1|1|0|0|NA|NA|NA|NA|NA|0|0|0|0|NA|0
"517000317012"|0|1|1|0|0|0|0|1|1|1|0|0|0|1|0|7836|19062|6660|14832|10914|646|194|552|41179570|74600.6702898551|0
"517000317023"|0|1|1|0|0|0|0|1|1|1|0|0|0|1|0|7836|19062|6660|14832|10914|646|194|552|41179570|74600.6702898551|0
"517000318002"|0|1|1|0|0|0|0|1|1|1|0|0|0|1|0|7836|19062|6660|14832|10914|646|194|552|41179570|74600.6702898551|0
"517000320061"|0|1|0|0|0|0|0|1|1|0|0|1|1|0|0|NA|NA|NA|NA|NA|0|0|0|0|NA|0
"517000320063"|0|1|0|0|0|0|0|1|1|0|0|1|1|0|0|NA|NA|NA|NA|NA|0|0|0|0|NA|0
"517000321131"|0|1|0|0|0|0|0|1|0|0|0|0|1|0|0|NA|NA|NA|NA|NA|0|0|0|0|NA|0
"517000321132"|0|1|0|0|0|0|0|1|1|1|1|0|1|0|0|15750|15750|NA|NA|NA|20|12|12|434724|36227|0
"517000321261"|0|1|0|0|0|0|0|1|0|0|0|0|1|0|0|NA|NA|NA|NA|NA|0|0|0|0|NA|0
"517000321281"|0|1|0|0|0|0|0|1|1|1|1|0|1|0|0|10257|10257|NA|NA|NA|0|0|0|0|NA|0
"517100025001"|0|1|1|0|0|0|0|1|1|1|0|0|0|0|1|6330|22815|8736|25548|10864|1661|516|1668|140206906|84056.8980815348|0
"517100040011"|0|1|0|0|0|0|0|1|1|1|1|0|0|0|1|4193|9491|NA|NA|NA|653|162|694|43200868|62249.0893371758|0
"517100040022"|0|0|1|0|0|1|0|1|1|1|0|0|0|1|0|NA|NA|20717|23731|NA|530|202|294|45729564|155542.734693878|0
"517100040023"|0|1|1|0|0|1|0|2|2|2|1|0|0|1|1|NA|NA|NA|NA|NA|1183|364|988|88930432|217791.824031053|0
"517100041001"|0|1|0|0|0|0|0|1|1|1|1|0|0|0|1|4193|9491|NA|NA|NA|653|162|694|43200868|62249.0893371758|0
"517100047001"|0|1|1|1|0|0|0|1|1|1|0|0|0|1|0|5318|16920|7148|17784|9490|632|163|486|36764236|75646.5761316872|0
"517100049001"|0|1|0|0|0|0|0|1|1|1|1|0|0|0|1|4193|9491|NA|NA|NA|653|162|694|43200868|62249.0893371758|0
"517100057012"|0|1|0|0|0|0|0|1|1|0|0|1|1|0|0|NA|NA|NA|NA|NA|0|0|0|0|NA|0
"517100058002"|0|1|0|0|0|0|0|1|1|1|1|0|1|0|0|16200|16200|NA|NA|NA|18|13|18|710352|39464|0
"517100059031"|0|1|0|0|0|0|0|1|1|0|0|0|1|0|0|NA|NA|NA|NA|NA|0|0|0|0|NA|0
"517100062002"|0|1|0|0|0|0|0|1|1|0|0|1|1|0|0|15264|15264|NA|NA|NA|0|0|0|0|NA|0
"517100066064"|0|1|0|0|0|0|0|1|1|1|1|0|1|0|0|16200|16200|NA|NA|NA|18|13|18|710352|39464|0
"517100069011"|0|1|0|0|0|0|0|1|1|1|1|0|1|0|0|13655|13655|NA|NA|NA|13|1|20|1127782|56389.1|0
"517100069013"|0|1|0|0|0|0|0|1|1|0|0|1|1|0|0|NA|NA|NA|NA|NA|0|0|0|0|NA|0
"517100070011"|0|1|0|0|0|0|0|1|1|0|0|1|1|0|0|15264|15264|NA|NA|NA|0|0|0|0|NA|0
"517109801001"|0|1|1|0|0|0|0|1|1|1|0|0|0|0|1|6330|22815|8736|25548|10864|1661|516|1668|140206906|84056.8980815348|0
"517308103001"|0|1|1|1|0|0|0|1|1|1|0|0|0|1|0|5172|14992|7590|16882|10562|492|128|532|38033330|71491.2218045113|0
"517308110001"|0|1|0|0|0|0|0|1|1|1|1|0|0|1|0|5130|17733|NA|NA|11540|92|21|72|4115390|57158.1944444444|0
"517308111001"|0|1|0|0|0|0|0|1|1|1|1|0|0|1|0|5130|17733|NA|NA|11540|92|21|72|4115390|57158.1944444444|0
"517500101021"|0|1|1|0|0|0|0|1|1|1|0|0|0|1|0|6991|18626|7868|16394|8405|862|274|938|68601206|73135.6140724947|0
"517600102003"|0|1|0|0|0|0|0|1|1|1|1|0|1|0|0|13731|13731|NA|NA|NA|16|2|34|2121850|62407.3529411765|0
"517600102004"|0|1|0|0|0|0|0|1|1|1|1|0|1|0|0|13731|13731|NA|NA|NA|16|2|34|2121850|62407.3529411765|0
"517600111004"|0|1|1|1|0|0|0|1|1|1|0|0|0|1|0|15152|15152|13650|13650|8414|208|54|166|8784856|52920.8192771084|0
"517600402002"|0|1|0|0|0|0|0|1|1|1|1|0|1|0|0|13731|13731|NA|NA|NA|16|2|34|2121850|62407.3529411765|0
"517600403001"|0|1|1|0|1|1|0|1|1|1|0|0|0|0|1|10846|29378|10976|22479|11280|3302|762|2466|215400856|87348.2789943228|0
"517600501001"|0|1|0|0|0|0|0|1|1|1|1|0|1|0|0|13731|13731|NA|NA|NA|16|2|34|2121850|62407.3529411765|0
"517600505003"|0|1|1|0|0|0|0|1|1|1|0|0|0|1|0|49420|49420|23880|23880|11460|1161|301|820|90212014|110014.651219512|0
"517600710014"|0|1|0|0|0|0|0|1|1|1|1|0|1|0|0|14382|14382|NA|NA|NA|31|10|32|1337928|41810.25|0
"517600711004"|0|1|0|0|0|0|0|1|1|1|1|0|1|0|0|14382|14382|NA|NA|NA|31|10|32|1337928|41810.25|0
"517700003003"|0|2|0|0|0|0|0|3|0|0|0|0|2|0|0|NA|NA|NA|NA|NA|0|0|0|0|NA|0
"517700012001"|0|1|2|0|0|1|0|2|2|2|0|0|1|1|0|NA|NA|NA|NA|NA|71|43|160|11630400|NA|0
"517700012003"|0|1|2|0|0|1|0|2|2|2|0|0|1|1|0|NA|NA|NA|NA|NA|71|43|160|11630400|NA|0
"517700027001"|0|1|2|0|0|1|0|2|2|2|0|0|1|1|0|NA|NA|NA|NA|NA|71|43|160|11630400|NA|0
"517700030002"|0|3|0|0|0|0|0|3|3|2|2|1|2|1|0|NA|NA|NA|NA|NA|166|31|188|10783578|NA|0
"517700030003"|0|1|0|0|0|0|0|1|1|0|0|1|1|0|0|NA|NA|NA|NA|NA|0|0|0|0|NA|0
"517750101001"|0|1|1|0|0|0|0|1|1|1|0|0|0|1|0|14832|14832|10608|10608|NA|49|26|52|2104574|40472.5769230769|0
"517750101003"|0|1|0|0|0|0|0|1|1|1|0|0|0|1|0|39720|39720|NA|NA|12810|234|71|334|22876192|68491.5928143713|0
"517750102001"|0|1|0|0|0|0|0|1|1|1|0|0|0|1|0|39720|39720|NA|NA|12810|234|71|334|22876192|68491.5928143713|0
"517750105011"|0|1|0|0|0|0|0|1|1|0|0|0|1|0|0|NA|NA|NA|NA|NA|0|0|0|0|NA|0
"517900001001"|0|1|0|0|0|0|0|1|1|0|0|1|1|0|0|NA|NA|NA|NA|NA|0|0|0|0|NA|0
"517900005003"|0|1|1|0|0|0|0|1|1|1|0|0|0|1|0|30240|30240|12506|12506|9230|207|66|162|10444390|64471.5432098765|0
"518000652001"|0|1|0|0|0|0|0|1|1|0|0|1|1|0|0|NA|NA|NA|NA|NA|0|0|0|0|NA|0
"518000755011"|0|1|0|0|0|0|0|1|1|0|0|1|1|0|0|NA|NA|NA|NA|NA|0|0|0|0|NA|0
"518100402002"|0|1|0|0|0|0|0|1|1|1|0|0|0|1|0|34960|34960|NA|NA|8768|188|76|182|12993004|71390.1318681319|0
"518100410042"|0|1|0|0|0|0|0|1|1|0|0|1|1|0|0|NA|NA|NA|NA|NA|0|0|0|0|NA|0
"518100426001"|0|1|0|0|0|0|0|1|1|1|0|0|1|0|0|15750|15750|NA|NA|NA|21|12|14|524160|37440|0
"518100428021"|0|1|0|0|0|0|0|1|1|1|0|0|1|0|0|15750|15750|NA|NA|NA|21|12|14|524160|37440|0
"518100432001"|0|1|0|0|0|0|0|1|1|0|0|1|1|0|0|NA|NA|NA|NA|NA|0|0|0|0|NA|0
"518100434001"|0|1|0|0|0|0|0|1|1|0|0|1|1|0|0|NA|NA|NA|NA|NA|0|0|0|0|NA|0
"518100434002"|0|1|0|0|0|0|0|1|1|0|0|1|1|0|0|NA|NA|NA|NA|NA|0|0|0|0|NA|0
"518100444021"|0|1|0|0|0|0|0|1|1|1|1|0|1|0|0|5280|5280|NA|NA|NA|4|1|2|4320|2160|0
"518100454233"|0|1|0|0|0|0|0|1|1|0|0|1|1|0|0|NA|NA|NA|NA|NA|0|0|0|0|NA|0
"518100456032"|0|1|0|0|0|0|0|1|1|1|0|0|1|0|0|17496|17496|NA|NA|10044|23|4|22|1103050|50138.6363636364|0
"518100456042"|0|1|1|0|0|0|0|1|1|1|0|0|1|0|0|17234|17234|17514|17514|NA|42|5|30|2137704|71256.8|0
"518100456043"|0|2|1|0|0|0|0|2|2|1|0|1|2|0|0|NA|NA|NA|NA|NA|42|5|30|2137704|NA|0
"518100460021"|0|2|1|0|0|0|0|2|2|2|1|0|1|0|1|27920|27920|NA|NA|NA|612|65|892|57129494|112950.672058694|0
"518100460052"|0|1|0|0|0|0|0|1|1|1|0|0|1|0|0|15972|15972|NA|NA|NA|36|21|34|1726554|50781|0
"518100460091"|0|2|1|0|0|0|0|2|2|2|1|0|1|0|1|27920|27920|NA|NA|NA|612|65|892|57129494|112950.672058694|0
"518100462073"|0|1|1|0|0|0|0|1|1|1|0|0|0|1|0|15900|15900|12726|12726|8480|499|181|302|25313050|83818.0463576159|0
"518100462191"|0|1|1|0|0|0|0|1|1|1|0|0|1|0|0|7320|7320|7320|7320|NA|1|0|10|507304|50730.4|0
"518100462221"|0|1|0|0|0|0|0|1|1|0|0|1|1|0|0|NA|NA|NA|NA|NA|0|0|0|0|NA|0
"518303701001"|0|1|1|0|0|0|0|1|1|1|0|0|0|1|0|13127|36158|9000|24686|11382|1698|403|1368|136699966|99926.8757309942|0
"518303701002"|0|1|1|0|0|0|0|1|1|1|0|0|0|1|0|13127|36158|9000|24686|11382|1698|403|1368|136699966|99926.8757309942|0
"518400003012"|0|1|1|0|0|0|0|1|1|1|0|0|0|1|0|30132|30132|20304|20304|9990|394|144|502|38898456|77486.9641434263|0
"530050108102"|0|1|0|0|0|0|0|1|1|0|0|1|1|0|0|NA|NA|NA|NA|NA|0|0|0|0|NA|0
"530050112001"|0|1|0|0|0|0|0|1|1|0|0|1|1|0|0|NA|NA|NA|NA|NA|0|0|0|0|NA|0
"530050113002"|0|1|0|0|0|0|0|1|1|0|0|1|1|0|0|NA|NA|NA|NA|NA|0|0|0|0|NA|0
"530079608024"|0|1|0|0|0|0|0|1|1|1|1|0|0|1|0|3393|3800|NA|NA|6270|146|73|144|8900706|61810.4583333333|0
"530079610001"|0|1|0|0|0|0|0|1|1|0|0|1|1|0|0|NA|NA|NA|NA|NA|0|0|0|0|NA|0
"530090012002"|0|1|0|0|0|0|0|1|1|1|0|0|0|1|0|4153|4560|NA|NA|NA|111|42|86|4815770|55997.3255813954|0
"530110412031"|0|1|0|0|0|0|0|1|1|0|0|1|1|0|0|NA|NA|NA|NA|NA|0|0|0|0|NA|0
"530110413183"|0|1|0|0|0|0|0|1|0|0|0|0|1|0|0|NA|NA|NA|NA|NA|0|0|0|0|NA|0
"530110413291"|0|1|1|0|0|0|0|1|1|1|0|0|0|1|0|21004|21004|33360|33360|NA|60|32|144|7960402|55280.5694444444|0
"530110426001"|0|1|0|0|0|0|0|1|1|1|0|0|0|0|1|3322|8665|NA|NA|NA|378|176|396|24665184|62285.8181818182|0
"530110426002"|0|1|0|0|0|0|0|1|1|0|0|1|1|0|0|14500|14500|NA|NA|NA|0|0|0|0|NA|0
"530110426003"|0|1|0|0|0|0|0|1|1|0|0|1|1|0|0|14500|14500|NA|NA|NA|0|0|0|0|NA|0
"530110428002"|0|1|0|0|0|0|0|1|1|0|0|1|1|0|0|NA|NA|NA|NA|NA|0|0|0|0|NA|0
"530150004001"|0|1|0|0|0|0|0|1|1|1|1|0|0|1|0|3783|4317|NA|NA|NA|221|61|138|8337410|60416.0144927536|0
"530150006021"|0|1|0|0|0|0|0|1|1|1|1|0|0|1|0|3783|4317|NA|NA|NA|221|61|138|8337410|60416.0144927536|0
"530150010001"|0|1|0|0|0|0|0|1|1|0|0|1|1|0|0|NA|NA|NA|NA|NA|0|0|0|0|NA|0
"530150021002"|0|1|0|0|0|0|0|1|1|0|0|1|1|0|0|NA|NA|NA|NA|NA|0|0|0|0|NA|0
"530210202001"|0|1|0|0|0|0|0|1|1|1|0|0|0|1|0|3580|5853|NA|NA|NA|239|117|254|14686158|57819.5196850394|0
"530210203001"|0|1|0|0|0|0|0|1|1|1|0|0|0|1|0|3580|5853|NA|NA|NA|239|117|254|14686158|57819.5196850394|0
"530210203002"|0|1|0|0|0|0|0|1|1|1|0|0|0|1|0|3580|5853|NA|NA|NA|239|117|254|14686158|57819.5196850394|0
"530210203003"|0|1|0|0|0|0|0|1|1|1|0|0|0|1|0|3580|5853|NA|NA|NA|239|117|254|14686158|57819.5196850394|0
"530250102002"|0|1|0|0|0|0|0|1|1|1|1|0|0|1|0|3852|4265|NA|NA|7632|143|38|92|5501436|59798.2173913043|0
"530250108001"|0|1|0|0|0|0|0|1|1|1|1|0|0|1|0|3852|4265|NA|NA|7632|143|38|92|5501436|59798.2173913043|0
"530250108002"|0|1|0|0|0|0|0|1|1|1|1|0|0|1|0|3852|4265|NA|NA|7632|143|38|92|5501436|59798.2173913043|0
"530270009005"|0|1|0|0|0|0|0|1|1|1|0|0|0|1|0|3393|8738|NA|NA|NA|94|29|134|8461104|63142.5671641791|0
"530270009006"|0|1|0|0|0|0|0|1|1|1|0|0|0|1|0|3393|8738|NA|NA|NA|94|29|134|8461104|63142.5671641791|0
"530299702001"|0|0|0|0|0|0|0|1|0|0|0|0|0|0|0|NA|NA|NA|NA|NA|0|0|0|0|NA|0
"530299719001"|0|0|1|0|0|0|0|1|0|0|0|0|1|0|0|NA|NA|NA|NA|NA|0|0|0|0|NA|0
"530299720002"|0|0|1|0|0|0|0|1|0|0|0|0|1|0|0|NA|NA|NA|NA|NA|0|0|0|0|NA|0
"530319504002"|0|1|0|0|0|0|0|1|1|1|1|0|1|0|0|14550|14550|NA|NA|NA|5|2|12|635456|52954.6666666667|0
"530330012004"|0|1|0|0|0|0|0|1|1|0|0|1|1|0|0|NA|NA|NA|NA|NA|0|0|0|0|NA|0
"530330012005"|0|1|0|0|0|0|0|1|1|0|0|1|1|0|0|NA|NA|NA|NA|NA|0|0|0|0|NA|0
"530330019001"|0|2|0|0|0|0|0|2|2|2|1|0|1|1|0|NA|NA|NA|NA|NA|239|80|226|13844846|126545.978021978|0
"530330036001"|0|0|1|0|0|0|0|1|1|1|0|0|1|0|0|NA|NA|18500|18500|NA|0|0|2|80000|40000|0
"530330036002"|0|0|1|0|0|0|0|1|1|1|0|0|1|0|0|NA|NA|18500|18500|NA|0|0|2|80000|40000|0
"530330036004"|0|0|1|0|0|0|0|1|1|1|0|0|1|0|0|NA|NA|18500|18500|NA|0|0|2|80000|40000|0
"530330053021"|0|1|1|0|1|1|0|1|1|1|0|0|0|0|1|9694|33732|15207|27255|11691|9431|1165|4166|477918778|114718.861737878|0
"530330054002"|0|1|0|0|0|0|0|1|1|0|0|1|1|0|0|NA|NA|NA|NA|NA|0|0|0|0|NA|0
"530330054003"|0|1|0|0|0|0|0|1|1|0|0|1|1|0|0|NA|NA|NA|NA|NA|0|0|0|0|NA|0
"530330058014"|0|1|1|0|0|0|0|1|1|1|0|0|1|0|0|30240|30240|33000|33000|NA|4|0|4|220000|55000|0
"530330059001"|0|1|1|0|0|0|0|1|1|1|0|0|1|0|0|30240|30240|33000|33000|NA|4|0|4|220000|55000|0
"530330059003"|0|1|1|0|0|0|0|1|1|1|0|0|0|1|0|38520|38520|27432|27432|11781|396|242|430|34087334|79272.8697674419|0
"530330071002"|0|1|0|0|0|0|0|1|1|0|0|1|1|0|0|17531|17531|NA|NA|NA|0|0|0|0|NA|0
"530330072001"|0|1|1|0|0|0|0|1|1|1|0|0|1|0|0|21600|21600|18954|18954|NA|22|11|68|4283214|62988.4411764706|0
"530330072002"|0|2|2|0|0|0|0|2|2|2|0|0|1|1|0|38348|38348|32868|32868|NA|153|46|122|8299762|137368.959694989|0
"530330073001"|0|1|0|0|0|0|0|1|1|0|0|1|1|0|0|NA|NA|NA|NA|NA|0|0|0|0|NA|0
"530330073002"|0|2|1|0|0|0|0|2|2|1|0|1|2|0|0|NA|NA|NA|NA|NA|83|26|102|5698684|NA|0
"530330073003"|0|1|1|0|0|0|0|1|1|1|0|0|1|0|0|37920|37920|37920|37920|11600|83|26|102|5698684|55869.4509803922|0
"530330075004"|0|1|0|0|0|0|0|1|1|0|0|1|1|0|0|NA|NA|NA|NA|NA|0|0|0|0|NA|0
"530330080013"|0|2|2|0|0|0|0|3|3|3|0|0|3|0|0|NA|NA|NA|NA|NA|74|9|58|4284344|224356.7|0
"530330080014"|0|1|2|0|0|0|0|2|2|2|0|0|2|0|0|NA|NA|30822|30822|NA|25|4|24|1866434|153241.7|0
"530330080022"|0|1|0|0|0|0|0|1|1|1|0|0|1|0|0|17460|17460|NA|NA|12456|49|5|34|2417910|71115|0
"530330081002"|0|1|0|0|0|0|0|1|1|0|0|1|1|0|0|NA|NA|NA|NA|NA|0|0|0|0|NA|0
"530330084001"|0|1|0|0|0|0|0|1|1|1|0|0|0|1|0|3393|3800|NA|NA|NA|414|132|312|18844280|60398.3333333333|0
"530330086002"|0|1|1|0|0|0|0|1|1|1|0|0|0|1|0|40500|40500|19353|19353|11499|731|270|1016|83439010|82125.0098425197|0
"530330090001"|0|1|0|0|0|0|0|1|1|0|0|1|1|0|0|3523|3523|NA|NA|NA|0|0|0|0|NA|0
"530330092002"|0|0|1|0|0|0|0|1|1|1|0|0|1|0|0|NA|NA|29100|29100|NA|0|0|0|0|NA|0
"530330093003"|0|1|0|0|0|0|0|1|1|1|0|0|0|1|0|3393|3800|NA|NA|NA|227|73|160|9492026|59325.1625|0
"530330094002"|0|1|0|0|0|0|0|1|1|0|0|1|1|0|0|3523|3523|NA|NA|NA|0|0|0|0|NA|0
"530330108001"|0|1|0|0|0|0|0|1|1|1|0|0|0|1|0|3393|3800|NA|NA|NA|227|73|160|9492026|59325.1625|0
"530330108003"|0|1|0|0|0|0|0|1|1|1|0|0|0|1|0|3393|3800|NA|NA|NA|227|73|160|9492026|59325.1625|0
"530330109002"|0|1|0|0|0|0|0|1|1|1|0|0|0|1|0|3393|3800|NA|NA|NA|227|73|160|9492026|59325.1625|0
"530330112002"|0|1|0|0|0|0|0|1|1|1|0|0|0|1|0|3393|3800|NA|NA|NA|227|73|160|9492026|59325.1625|0
"530330207002"|0|1|0|0|0|0|0|1|1|0|0|1|1|0|0|NA|NA|NA|NA|NA|0|0|0|0|NA|0
"530330209002"|0|1|0|0|0|0|0|1|1|1|1|0|0|1|0|3328|6054|NA|NA|NA|237|81|258|16176714|62700.4418604651|0
"530330209003"|0|1|0|0|0|0|0|1|1|1|1|0|0|1|0|3328|6054|NA|NA|NA|237|81|258|16176714|62700.4418604651|0
"530330218022"|0|3|1|0|0|0|0|3|3|2|0|1|1|2|0|NA|NA|NA|NA|NA|442|85|568|49123314|NA|0
"530330218042"|0|2|1|0|0|0|0|2|2|2|0|0|0|2|0|13087|42470|NA|NA|NA|442|85|568|49123314|151819.188710267|0
"530330220012"|0|2|1|0|0|0|0|2|2|2|0|0|0|2|0|13087|42470|NA|NA|NA|442|85|568|49123314|151819.188710267|0
"530330223001"|0|1|1|0|0|0|0|1|1|1|0|0|0|1|0|24609|24609|24711|24711|NA|189|43|74|5685432|76830.1621621622|0
"530330226031"|0|1|0|0|0|0|0|1|1|1|0|0|0|1|0|2688|7625|NA|NA|NA|162|60|168|8917004|53077.4047619048|0
"530330226032"|0|1|0|0|0|0|0|1|1|1|0|0|0|1|0|2688|7625|NA|NA|NA|162|60|168|8917004|53077.4047619048|0
"530330226033"|0|1|0|0|0|0|0|1|1|1|0|0|0|1|0|2688|7625|NA|NA|NA|162|60|168|8917004|53077.4047619048|0
"530330226051"|0|1|1|0|0|0|0|1|1|1|0|0|0|1|0|28800|28800|24000|24000|11350|122|35|120|11209904|93415.8666666667|0
"530330226052"|0|1|1|0|0|0|0|1|1|1|0|0|0|1|0|28800|28800|24000|24000|11350|122|35|120|11209904|93415.8666666667|0
"530330227022"|0|2|2|0|0|0|0|2|2|2|0|0|1|1|0|40795|40795|33687|33687|NA|154|65|120|7377906|117575.315789474|0
"530330227023"|0|2|2|0|0|0|0|2|2|2|0|0|1|1|0|40795|40795|33687|33687|NA|154|65|120|7377906|117575.315789474|0
"530330234011"|0|1|0|0|0|0|0|1|1|1|0|0|0|0|1|3393|8737|NA|NA|NA|472|165|376|24415960|64936.0638297872|0
"530330234012"|0|1|0|0|0|0|0|1|1|1|0|0|0|0|1|3393|8737|NA|NA|NA|472|165|376|24415960|64936.0638297872|0
"530330234013"|0|1|0|0|0|0|0|1|1|1|0|0|0|0|1|3393|8737|NA|NA|NA|472|165|376|24415960|64936.0638297872|0
"530330237001"|0|1|0|0|0|0|0|1|1|0|0|1|1|0|0|NA|NA|NA|NA|NA|0|0|0|0|NA|0
"530330237002"|0|1|0|0|0|0|0|1|1|0|0|1|1|0|0|NA|NA|NA|NA|NA|0|0|0|0|NA|0
"530330253021"|0|1|0|0|0|0|0|1|1|1|1|0|1|0|0|NA|NA|NA|NA|NA|20|11|34|2171932|63880.3529411765|0
"530330253022"|0|1|0|0|0|0|0|1|1|1|1|0|1|0|0|NA|NA|NA|NA|NA|20|11|34|2171932|63880.3529411765|0
"530330253023"|0|1|0|0|0|0|0|1|1|1|1|0|1|0|0|NA|NA|NA|NA|NA|20|11|34|2171932|63880.3529411765|0
"530330254001"|0|1|0|0|0|0|0|1|1|1|0|0|0|1|0|3604|3604|NA|NA|NA|146|32|144|8630568|59934.5|0
"530330261004"|0|4|1|0|0|0|0|4|3|3|1|0|4|0|0|NA|NA|NA|NA|NA|22|4|30|1520706|NA|0
"530330262001"|0|4|1|0|0|0|0|4|3|3|1|0|4|0|0|NA|NA|NA|NA|NA|22|4|30|1520706|NA|0
"530330262003"|0|4|1|0|0|0|0|4|3|3|1|0|4|0|0|NA|NA|NA|NA|NA|22|4|30|1520706|NA|0
"530330272002"|0|1|0|0|0|0|0|1|1|0|0|0|1|0|0|NA|NA|NA|NA|NA|0|0|0|0|NA|0
"530330290031"|0|1|0|0|0|0|0|1|1|1|0|0|0|1|0|3056|3056|NA|NA|NA|292|98|298|17621316|59131.932885906|0
"530330290032"|0|1|0|0|0|0|0|1|1|1|0|0|0|1|0|3056|3056|NA|NA|NA|292|98|298|17621316|59131.932885906|0
"530330290034"|0|1|0|0|0|0|0|1|1|1|0|0|0|1|0|3056|3056|NA|NA|NA|292|98|298|17621316|59131.932885906|0
"530330290041"|0|1|0|0|0|0|0|1|1|1|0|0|0|1|0|3056|3056|NA|NA|NA|292|98|298|17621316|59131.932885906|0
"530330300061"|0|2|0|0|0|0|0|2|2|0|0|2|2|0|0|NA|NA|NA|NA|NA|0|0|0|0|NA|0
"530330300062"|0|2|0|0|0|0|0|2|2|0|0|2|2|0|0|NA|NA|NA|NA|NA|0|0|0|0|NA|0
"530330304011"|0|1|1|0|0|0|0|1|0|0|0|0|1|0|0|NA|NA|NA|NA|NA|0|0|0|0|NA|0
"530330304013"|0|1|1|0|0|0|0|1|0|0|0|0|1|0|0|NA|NA|NA|NA|NA|0|0|0|0|NA|0
"530330304015"|0|1|1|0|0|0|0|1|0|0|0|0|1|0|0|NA|NA|NA|NA|NA|0|0|0|0|NA|0
"530330306003"|0|1|0|0|0|0|0|1|1|0|0|1|1|0|0|NA|NA|NA|NA|NA|0|0|0|0|NA|0
"530330307001"|0|1|0|0|0|0|0|1|1|0|0|1|1|0|0|NA|NA|NA|NA|NA|0|0|0|0|NA|0
"530330307002"|0|1|0|0|0|0|0|1|1|0|0|1|1|0|0|NA|NA|NA|NA|NA|0|0|0|0|NA|0
"530330312061"|0|1|0|0|0|0|0|1|1|1|0|0|0|1|0|4099|4509|NA|NA|NA|350|101|306|19029340|62187.385620915|0
"530330312062"|0|1|0|0|0|0|0|1|1|1|0|0|0|1|0|4099|4509|NA|NA|NA|350|101|306|19029340|62187.385620915|0
"530350805001"|0|2|0|0|0|0|0|2|2|2|1|0|1|1|0|14193|14639|NA|NA|NA|234|71|248|14302070|NA|0
"530350806004"|0|1|0|0|0|0|0|1|1|1|0|0|0|1|0|3393|3839|NA|NA|9588|234|71|248|14302070|57669.6370967742|0
"530350806005"|0|1|0|0|0|0|0|1|1|1|0|0|0|1|0|3393|3839|NA|NA|9588|234|71|248|14302070|57669.6370967742|0
"530350814001"|0|1|0|0|0|0|0|1|1|1|1|0|1|0|0|10800|10800|NA|NA|NA|0|0|0|0|NA|0
"530359401001"|0|1|0|0|0|0|0|1|1|1|0|0|1|0|0|18975|18975|NA|NA|NA|11|3|0|0|NA|0
"530359401003"|0|1|0|0|0|0|0|1|1|1|0|0|1|0|0|18975|18975|NA|NA|NA|11|3|0|0|NA|0
"530359401004"|0|1|0|0|0|0|0|1|1|1|0|0|1|0|0|18975|18975|NA|NA|NA|11|3|0|0|NA|0
"530379754013"|0|1|1|0|0|0|0|1|1|1|0|0|0|0|1|5907|19710|8586|20112|10175|919|328|934|61203364|65528.2269807281|0
"530379754024"|0|1|1|0|0|0|0|1|1|1|0|0|0|0|1|5907|19710|8586|20112|10175|919|328|934|61203364|65528.2269807281|0
"530419707003"|0|1|0|0|0|0|0|1|1|1|0|0|0|1|0|3846|4254|NA|NA|10140|153|58|152|9135354|60101.0131578947|0
"530530607005"|0|1|1|0|0|0|0|1|1|1|0|0|0|1|0|46310|46310|30847|30847|11800|377|109|484|43750236|90393.0495867769|0
"530530609032"|0|1|1|0|0|0|0|1|1|1|0|0|1|0|0|7425|7425|6720|6720|NA|23|10|24|1020000|42500|0
"530530609054"|0|1|1|0|0|0|0|1|1|1|0|0|1|0|0|7425|7425|6720|6720|NA|23|10|24|1020000|42500|0
"530530610021"|0|1|0|0|0|0|0|1|1|1|0|0|0|1|0|3476|8820|NA|NA|NA|269|105|282|17776144|63035.9716312057|0
"530530610022"|0|1|0|0|0|0|0|1|1|1|0|0|0|1|0|3476|8820|NA|NA|NA|269|105|282|17776144|63035.9716312057|0
"530530614001"|0|1|0|0|0|0|0|1|1|1|1|0|0|1|0|3657|9063|NA|NA|NA|173|60|186|12082814|64961.3655913979|0
"530530614002"|0|1|0|0|0|0|0|1|1|1|1|0|0|1|0|3657|9063|NA|NA|NA|173|60|186|12082814|64961.3655913979|0
"530530614003"|0|1|0|0|0|0|0|1|1|1|1|0|0|1|0|3657|9063|NA|NA|NA|173|60|186|12082814|64961.3655913979|0
"530530616021"|0|2|1|0|0|0|0|2|2|2|1|0|1|1|0|20818|44856|NA|NA|NA|294|68|516|45041596|131277.404761905|0
"530530617005"|0|1|0|0|0|0|0|1|1|0|0|1|1|0|0|NA|NA|NA|NA|NA|0|0|0|0|NA|0
"530530626001"|0|4|1|0|0|0|0|4|4|2|1|2|3|1|0|NA|NA|NA|NA|NA|294|68|516|45041596|NA|0
"530530626002"|0|1|0|0|0|0|0|1|1|0|0|1|1|0|0|NA|NA|NA|NA|NA|0|0|0|0|NA|0
"530530712071"|0|1|0|0|0|0|0|1|1|1|1|0|0|1|0|3393|3801|NA|NA|NA|90|40|94|1590472|16919.914893617|0
"530530712072"|0|1|0|0|0|0|0|1|1|1|1|0|0|1|0|3393|3801|NA|NA|NA|90|40|94|1590472|16919.914893617|0
"530530715042"|0|1|1|0|0|0|0|1|1|1|0|0|0|1|0|39080|39080|25381|25381|10330|410|131|458|30791626|67230.6244541485|0
"530530715043"|0|1|1|0|0|0|0|1|1|1|0|0|0|1|0|39080|39080|25381|25381|10330|410|131|458|30791626|67230.6244541485|0
"530530715044"|0|1|1|0|0|0|0|1|1|1|0|0|0|1|0|39080|39080|25381|25381|10330|410|131|458|30791626|67230.6244541485|0
"530530718071"|0|1|0|0|0|0|0|1|1|1|0|0|0|1|0|5040|10736|NA|NA|NA|160|32|176|11186064|63557.1818181818|0
"530530721073"|0|1|0|0|0|0|0|1|1|1|0|0|0|1|0|3393|3801|NA|NA|9583|224|85|154|3467440|22515.8441558442|0
"530530721074"|0|1|0|0|0|0|0|1|1|1|0|0|0|1|0|3393|3801|NA|NA|9583|224|85|154|3467440|22515.8441558442|0
"530579523013"|0|1|0|0|0|0|0|1|1|1|0|0|0|1|0|3800|4300|NA|NA|9600|260|67|206|12677958|61543.4854368932|0
"530610401002"|0|1|0|0|0|0|0|1|1|1|1|0|0|1|0|3393|8738|NA|NA|10140|322|96|252|15169486|60196.373015873|0
"530610408002"|0|1|0|0|0|0|0|1|0|0|0|0|1|0|0|NA|NA|NA|NA|NA|0|0|0|0|NA|0
"530610413042"|0|1|0|0|0|0|0|1|1|0|0|0|1|0|0|NA|NA|NA|NA|NA|0|0|0|0|NA|0
"530610418052"|0|2|0|0|0|0|0|2|2|1|1|1|2|0|0|NA|NA|NA|NA|NA|17|2|18|768662|NA|0
"530610419033"|0|1|0|0|0|0|0|1|1|0|0|1|1|0|0|NA|NA|NA|NA|NA|0|0|0|0|NA|0
"530610419041"|0|1|0|0|0|0|0|1|1|0|0|1|1|0|0|NA|NA|NA|NA|NA|0|0|0|0|NA|0
"530610419042"|0|1|0|0|0|0|0|1|1|0|0|1|1|0|0|NA|NA|NA|NA|NA|0|0|0|0|NA|0
"530610419043"|0|1|0|0|0|0|0|1|1|0|0|1|1|0|0|NA|NA|NA|NA|NA|0|0|0|0|NA|0
"530610511003"|0|1|0|0|0|0|0|1|1|0|0|1|1|0|0|NA|NA|NA|NA|NA|0|0|0|0|NA|0
"530610515002"|0|1|0|0|0|0|0|1|1|1|1|0|0|1|0|3386|8726|NA|NA|10140|399|238|254|16219612|63856.7401574803|0
"530610515003"|0|1|0|0|0|0|0|1|1|1|1|0|0|1|0|3386|8726|NA|NA|10140|399|238|254|16219612|63856.7401574803|0
"530610528032"|0|0|0|0|0|0|0|1|0|0|0|0|0|0|0|NA|NA|NA|NA|NA|0|0|0|0|NA|0
"530630002002"|0|1|0|0|0|0|0|1|0|0|0|0|1|0|0|NA|NA|NA|NA|NA|0|0|0|0|NA|0
"530630019002"|0|1|0|0|0|0|0|1|1|0|0|1|1|0|0|NA|NA|NA|NA|NA|0|0|0|0|NA|0
"530630025004"|0|1|1|0|0|0|0|1|1|1|0|0|0|1|0|38980|38980|16457|16457|11158|824|286|886|73604512|83075.0699774266|0
"530630025005"|0|1|0|0|0|0|0|1|1|0|0|1|1|0|0|NA|NA|NA|NA|NA|0|0|0|0|NA|0
"530630035002"|0|1|0|0|0|0|0|1|1|0|0|1|1|0|0|NA|NA|NA|NA|NA|0|0|0|0|NA|0
"530630036002"|0|1|0|0|0|0|0|1|1|1|0|0|0|1|0|2688|7625|NA|NA|NA|196|40|280|15786190|56379.25|0
"530630104011"|0|1|0|0|0|0|0|1|1|0|0|1|1|0|0|NA|NA|NA|NA|NA|0|0|0|0|NA|0
"530630108001"|0|1|0|0|0|0|0|1|1|1|0|0|1|0|0|12960|12960|9720|9720|NA|11|8|8|393380|49172.5|0
"530630109002"|0|1|1|0|0|0|0|1|1|1|0|0|0|1|0|39600|39600|11952|11952|11170|300|93|352|22745354|64617.4829545455|0
"530630111022"|0|1|0|0|0|0|0|1|1|0|0|1|1|0|0|9125|9125|NA|NA|NA|0|0|0|0|NA|0
"530630117011"|0|1|0|0|0|0|0|1|1|1|1|0|1|0|0|NA|NA|NA|NA|NA|23|2|22|1016562|46207.3636363636|0
"530630117021"|0|2|0|0|0|0|0|2|2|0|0|1|2|0|0|NA|NA|NA|NA|NA|0|0|0|0|NA|0
"530630118001"|0|1|0|0|0|0|0|1|1|0|0|1|1|0|0|NA|NA|NA|NA|NA|0|0|0|0|NA|0
"530630129012"|0|1|0|0|0|0|0|1|1|0|0|1|1|0|0|NA|NA|NA|NA|NA|0|0|0|0|NA|0
"530630140011"|0|1|1|0|0|0|0|1|1|1|0|0|0|0|1|6110|22502|10953|25438|10941|865|249|940|71985664|76580.4936170213|0
"530630140014"|0|1|1|0|0|0|0|1|1|1|0|0|0|0|1|6110|22502|10953|25438|10941|865|249|940|71985664|76580.4936170213|0
"530630140015"|0|1|1|0|0|0|0|1|1|1|0|0|0|0|1|6110|22502|10953|25438|10941|865|249|940|71985664|76580.4936170213|0
"530630145003"|0|1|0|0|0|0|0|1|1|1|1|0|0|0|1|2688|7625|NA|NA|NA|279|63|408|23738344|58182.2156862745|0
"530670101001"|0|1|0|0|0|0|0|1|1|0|0|1|1|0|0|NA|NA|NA|NA|NA|0|0|0|0|NA|0
"530670109101"|0|1|0|0|0|0|0|1|1|1|1|0|0|1|0|3852|9261|NA|NA|NA|212|58|178|10279722|57751.2471910112|0
"530670109102"|0|1|0|0|0|0|0|1|1|1|1|0|0|1|0|3852|9261|NA|NA|NA|212|58|178|10279722|57751.2471910112|0
"530670112002"|0|1|1|0|0|0|0|1|1|1|0|0|0|1|0|33950|33950|13800|13800|10700|154|54|166|9672236|58266.4819277108|0
"530670112003"|0|1|1|0|0|0|0|1|1|1|0|0|0|1|0|33950|33950|13800|13800|10700|154|54|166|9672236|58266.4819277108|0
"530670120002"|0|1|1|0|0|0|0|1|1|1|0|0|0|1|0|6534|23007|9579|22137|9360|480|151|326|23494908|72070.2699386503|0
"530670120003"|0|1|1|0|0|0|0|1|1|1|0|0|0|1|0|6534|23007|9579|22137|9360|480|151|326|23494908|72070.2699386503|0
"530719202001"|0|1|1|0|0|0|0|1|1|1|0|0|0|1|0|26100|26100|23088|23088|7350|137|35|200|12235572|61177.86|0
"530719202002"|0|1|0|0|0|0|0|1|1|1|1|0|0|1|0|4203|5670|NA|NA|NA|225|111|244|14278528|58518.5573770492|0
"530719203002"|0|1|1|0|0|0|0|1|1|1|0|0|0|1|0|26100|26100|23088|23088|7350|137|35|200|12235572|61177.86|0
"530719204001"|0|1|0|0|0|0|0|1|1|1|1|0|0|1|0|4203|5670|NA|NA|NA|225|111|244|14278528|58518.5573770492|0
"530719205001"|0|1|0|0|0|0|0|1|1|1|1|0|0|1|0|4203|5670|NA|NA|NA|225|111|244|14278528|58518.5573770492|0
"530719208021"|0|1|0|0|0|0|0|1|1|1|0|0|0|1|0|47490|47490|NA|NA|11910|281|87|372|29885262|80336.7258064516|0
"530730002001"|0|1|0|0|0|0|1|1|1|1|0|0|1|0|0|4032|4032|NA|NA|4950|127|31|64|2676242|41816.28125|0
"530730002003"|0|1|0|0|0|0|0|1|1|1|1|0|0|1|0|4031|9333|NA|NA|7632|149|55|168|9893080|58887.380952381|0
"530730003003"|0|1|0|0|0|0|0|1|1|1|0|0|0|1|0|2513|7130|NA|NA|NA|145|91|120|7899896|65832.4666666667|0
"530730004003"|0|1|0|0|0|0|0|1|1|1|0|0|0|1|0|2513|7130|NA|NA|NA|145|91|120|7899896|65832.4666666667|0
"530730005012"|0|2|0|0|0|0|0|2|1|0|0|1|1|0|0|NA|NA|NA|NA|NA|0|0|0|0|NA|0
"530730006001"|0|2|0|0|0|0|0|2|1|0|0|1|1|0|0|NA|NA|NA|NA|NA|0|0|0|0|NA|0
"530730010001"|0|1|1|0|0|0|0|1|1|1|0|0|0|0|1|6732|20646|9582|19866|10350|1068|357|1238|96188000|77696.2843295638|0
"530730010002"|0|1|1|0|0|0|0|1|1|1|0|0|0|0|1|6732|20646|9582|19866|10350|1068|357|1238|96188000|77696.2843295638|0
"530730109001"|0|1|0|0|0|0|1|1|1|1|0|0|1|0|0|4032|4032|NA|NA|4950|127|31|64|2676242|41816.28125|0
"530739400002"|0|1|0|0|0|0|1|1|1|1|0|0|1|0|0|4032|4032|NA|NA|4950|127|31|64|2676242|41816.28125|0
"530750006001"|0|1|1|0|0|1|0|1|1|1|0|0|0|0|1|9324|23956|11224|24656|11356|4888|952|2736|257049354|93950.7872807018|0
"530770002001"|0|0|1|0|0|1|0|1|1|1|0|0|1|0|0|NA|NA|NA|NA|NA|0|0|0|0|NA|0
"530770005002"|0|1|0|0|0|0|0|1|1|0|0|1|1|0|0|NA|NA|NA|NA|NA|0|0|0|0|NA|0
"530770007004"|0|1|0|0|0|0|0|1|1|1|0|0|0|1|0|3798|4205|NA|NA|7634|203|80|258|15718960|60926.2015503876|0
"530770011001"|0|1|0|0|0|0|0|1|1|1|1|0|1|0|0|NA|NA|NA|NA|NA|66|27|90|6588924|73210.2666666667|0
"530770016022"|0|0|1|0|0|1|0|1|1|1|0|0|1|0|0|NA|NA|NA|NA|NA|0|0|0|0|NA|0
"530770020013"|0|1|0|0|0|0|0|1|1|0|0|1|1|0|0|NA|NA|NA|NA|NA|0|0|0|0|NA|0
"530779400023"|0|1|1|0|0|0|0|1|1|1|0|0|0|1|0|19032|19032|9240|9240|NA|126|70|142|10194220|71790.2816901409|0
"540019656004"|0|1|1|0|0|0|0|1|1|1|0|0|0|1|0|25140|25140|25140|25140|7990|126|58|112|5292796|47257.1071428571|0
"540019657001"|0|1|1|0|0|0|0|1|1|1|0|0|0|1|0|25140|25140|25140|25140|7990|126|58|112|5292796|47257.1071428571|0
"540039712012"|0|1|0|0|0|0|0|1|1|0|0|1|1|0|0|NA|NA|NA|NA|NA|0|0|0|0|NA|0
"540039713003"|0|2|0|0|0|0|0|2|2|2|2|0|2|0|0|NA|NA|NA|NA|NA|61|8|18|869136|96110|0
"540039717001"|0|1|0|0|0|0|0|1|1|0|0|1|1|0|0|NA|NA|NA|NA|NA|0|0|0|0|NA|0
"540039719003"|0|1|0|0|0|0|0|1|1|1|1|0|0|1|0|288|624|NA|NA|NA|59|22|156|8135220|52148.8461538462|0
"540090316001"|0|1|1|0|0|0|0|1|1|1|0|0|1|0|0|26496|26496|8100|8100|9924|106|42|84|4723644|56233.8571428571|0
"540090316002"|0|1|1|0|0|0|0|1|1|1|0|0|1|0|0|26496|26496|8100|8100|9924|106|42|84|4723644|56233.8571428571|0
"540110001021"|0|1|0|0|0|0|0|1|1|0|0|1|1|0|0|2700|2700|NA|NA|NA|0|0|0|0|NA|0
"540110005001"|0|1|1|0|0|1|0|1|1|1|0|0|0|0|1|6032|15260|6298|16788|10126|829|294|1138|76821196|67505.4446397188|0
"540110006001"|0|1|0|0|0|0|0|1|1|1|1|0|1|0|0|8100|8100|NA|NA|NA|14|8|28|1326702|47382.2142857143|0
"540110021001"|0|1|0|0|0|0|0|1|1|1|1|0|0|1|0|3888|9672|NA|NA|NA|57|11|132|6474444|49048.8181818182|0
"540110102013"|0|1|0|0|0|0|0|1|1|1|1|0|1|0|0|NA|NA|NA|NA|NA|0|0|0|0|NA|0
"540110109001"|0|1|0|0|0|0|0|1|1|1|1|0|1|0|0|8100|8100|NA|NA|NA|14|8|28|1326702|47382.2142857143|0
"540190202022"|0|1|0|0|0|0|0|1|0|0|0|1|1|0|0|NA|NA|NA|NA|NA|0|0|0|0|NA|0
"540190207001"|0|1|0|0|0|0|0|1|1|1|0|0|0|1|0|6648|16728|NA|NA|9814|154|55|190|12929988|68052.5684210526|0
"540190207002"|0|1|0|0|0|0|0|1|1|1|0|0|0|1|0|6648|16728|NA|NA|9814|154|55|190|12929988|68052.5684210526|0
"540190207003"|0|1|0|0|0|0|0|1|1|1|0|0|0|1|0|6648|16728|NA|NA|9814|154|55|190|12929988|68052.5684210526|0
"540190208003"|0|1|0|0|0|0|0|1|1|1|0|0|0|1|0|6648|16728|NA|NA|9814|154|55|190|12929988|68052.5684210526|0
"540239696001"|0|1|0|0|0|0|0|1|0|0|0|1|1|0|0|NA|NA|NA|NA|NA|0|0|0|0|NA|0
"540259506002"|0|0|1|0|0|1|0|1|1|1|0|0|1|0|0|NA|NA|NA|NA|NA|0|0|0|0|NA|0
"540259506003"|0|0|1|0|0|1|0|1|1|1|0|0|1|0|0|NA|NA|NA|NA|NA|0|0|0|0|NA|0
"540290209002"|0|1|0|0|0|0|0|1|1|0|0|1|1|0|0|6000|6000|NA|NA|NA|0|0|0|0|NA|0
"540290209004"|0|1|0|0|0|0|0|1|1|0|0|1|1|0|0|6000|6000|NA|NA|NA|0|0|0|0|NA|0
"540290212001"|0|1|0|0|0|0|0|1|1|0|0|1|1|0|0|6000|6000|NA|NA|NA|0|0|0|0|NA|0
"540319701003"|0|1|0|0|0|0|0|1|1|1|1|0|1|0|0|3360|6816|NA|NA|NA|22|10|24|1049036|43709.8333333333|0
"540319702001"|0|1|0|0|0|0|0|1|1|1|1|0|1|0|0|3360|6816|NA|NA|NA|22|10|24|1049036|43709.8333333333|0
"540319702004"|0|1|0|0|0|0|0|1|1|1|1|0|1|0|0|3360|6816|NA|NA|NA|22|10|24|1049036|43709.8333333333|0
"540330301003"|0|1|0|0|0|0|0|1|1|0|0|1|1|0|0|NA|NA|NA|NA|NA|0|0|0|0|NA|0
"540330308003"|0|1|0|0|0|0|0|1|0|0|0|1|1|0|0|3300|3300|NA|NA|NA|0|0|0|0|NA|0
"540330311001"|0|1|0|0|0|0|0|1|1|1|1|0|1|0|0|11250|11250|NA|NA|NA|10|3|12|552384|46032|0
"540330316001"|0|1|1|0|0|0|0|1|1|1|0|0|1|0|0|14400|14400|14400|14400|7480|93|21|56|2252386|40221.1785714286|0
"540330316002"|0|1|1|0|0|0|0|1|1|1|0|0|1|0|0|14400|14400|14400|14400|7480|93|21|56|2252386|40221.1785714286|0
"540330317002"|0|1|0|0|0|0|0|1|0|0|0|1|1|0|0|3300|3300|NA|NA|NA|0|0|0|0|NA|0
"540359637001"|0|1|0|0|0|0|0|1|0|0|0|1|1|0|0|NA|NA|NA|NA|NA|0|0|0|0|NA|0
"540379722042"|0|1|1|0|0|0|0|1|1|1|0|0|0|1|0|5230|14592|7398|10062|9682|310|89|274|17185560|62721.0218978102|0
"540379725052"|0|1|1|0|0|0|0|1|1|1|0|0|0|0|1|6480|6480|6300|6300|NA|922|234|802|46856296|58424.3092269327|0
"540379728001"|0|1|1|0|0|0|0|1|1|1|0|0|0|0|1|6480|6480|6300|6300|NA|922|234|802|46856296|58424.3092269327|0
"540390009001"|0|4|1|0|0|0|0|4|4|2|1|2|3|1|0|NA|NA|NA|NA|NA|245|67|226|15439218|NA|0
"540390013003"|0|1|1|0|0|0|0|1|1|1|0|0|0|1|0|20564|20564|16947|16947|9100|234|64|220|15224018|69200.0818181818|0
"540390015004"|0|1|1|0|0|0|0|1|1|1|0|0|0|1|0|20564|20564|16947|16947|9100|234|64|220|15224018|69200.0818181818|0
"540390015005"|0|4|1|0|0|0|0|4|4|2|1|2|3|1|0|NA|NA|NA|NA|NA|245|67|226|15439218|NA|0
"540390017001"|0|1|0|0|0|0|0|1|1|0|0|1|1|0|0|NA|NA|NA|NA|NA|0|0|0|0|NA|0
"540390017002"|0|1|0|0|0|0|0|1|1|0|0|1|1|0|0|NA|NA|NA|NA|NA|0|0|0|0|NA|0
"540390020004"|0|3|0|0|0|0|0|3|3|1|1|2|3|0|0|NA|NA|NA|NA|NA|11|3|6|215200|NA|0
"540390103001"|0|2|1|1|0|0|0|2|2|1|0|1|1|1|0|10337|18913|NA|NA|NA|173|70|216|12094904|NA|0
"540390104001"|0|2|1|1|0|0|0|2|2|1|0|1|1|1|0|10337|18913|NA|NA|NA|173|70|216|12094904|NA|0
"540390104002"|0|1|1|1|0|0|0|1|1|1|0|0|0|1|0|6996|15572|7324|17128|11388|173|70|216|12094904|55994.9259259259|0
"540390106001"|0|1|1|1|0|0|0|1|1|1|0|0|0|1|0|6996|15572|7324|17128|11388|173|70|216|12094904|55994.9259259259|0
"540390114011"|0|1|0|0|0|0|0|1|1|1|1|0|1|0|0|NA|NA|NA|NA|NA|24|3|56|3619312|64630.5714285714|0
"540390114021"|0|1|0|0|0|0|0|1|1|1|1|0|1|0|0|NA|NA|NA|NA|NA|24|3|56|3619312|64630.5714285714|0
"540390115002"|0|1|0|0|0|0|0|1|1|1|1|0|1|0|0|NA|NA|NA|NA|NA|24|3|56|3619312|64630.5714285714|0
"540390128004"|0|1|0|0|0|0|0|1|1|1|1|0|0|1|0|4120|9812|NA|NA|NA|72|33|180|9863372|54796.5111111111|0
"540459561011"|0|1|0|0|0|0|0|1|1|1|1|0|0|1|0|3336|5760|NA|NA|NA|97|44|140|6474938|46249.5571428571|0
"540459562001"|0|1|0|0|0|0|0|1|1|1|1|0|0|1|0|3336|5760|NA|NA|NA|97|44|140|6474938|46249.5571428571|0
"540459562002"|0|1|0|0|0|0|0|1|1|1|1|0|0|1|0|3336|5760|NA|NA|NA|97|44|140|6474938|46249.5571428571|0
"540459564002"|0|1|0|0|0|0|0|1|1|0|0|1|1|0|0|NA|NA|NA|NA|NA|0|0|0|0|NA|0
"540459566001"|0|1|0|0|0|0|0|1|1|0|0|1|1|0|0|NA|NA|NA|NA|NA|0|0|0|0|NA|0
"540490201001"|0|1|0|0|0|0|0|1|1|0|0|1|1|0|0|NA|NA|NA|NA|NA|0|0|0|0|NA|0
"540490201002"|0|1|0|0|0|0|0|1|1|0|0|1|1|0|0|NA|NA|NA|NA|NA|0|0|0|0|NA|0
"540490202001"|0|2|1|0|0|0|0|2|2|2|1|0|0|2|0|8768|22504|NA|NA|19280|276|103|460|26327114|112100.363095238|0
"540490202004"|0|2|1|0|0|0|0|2|2|2|1|0|0|2|0|8768|22504|NA|NA|19280|276|103|460|26327114|112100.363095238|0
"540510207021"|0|1|0|0|0|0|0|1|1|0|0|1|1|0|0|NA|NA|NA|NA|NA|0|0|0|0|NA|0
"540550011003"|0|1|1|0|0|0|0|1|1|1|0|0|0|1|0|7080|15564|7600|13252|8350|146|69|232|12123416|52256.1034482759|0
"540550013003"|0|1|0|0|0|0|0|1|1|1|1|0|1|0|0|NA|NA|NA|NA|NA|10|6|8|457368|57171|0
"540550020001"|0|1|0|1|0|0|0|1|1|1|0|0|0|1|0|6408|12876|NA|NA|NA|106|43|150|8390816|55938.7733333333|0
"540570105002"|0|1|0|0|0|0|0|1|0|0|0|1|1|0|0|NA|NA|NA|NA|NA|0|0|0|0|NA|0
"540570106003"|0|1|0|0|0|0|0|1|1|1|0|0|0|1|0|4056|10416|NA|NA|7900|118|32|90|4972090|55245.4444444444|0
"540599574001"|0|1|0|0|0|0|0|1|1|0|0|1|1|0|0|NA|NA|NA|NA|NA|0|0|0|0|NA|0
"540599575003"|0|1|0|0|0|0|0|1|1|0|0|1|1|0|0|NA|NA|NA|NA|NA|0|0|0|0|NA|0
"540610101021"|0|2|1|0|0|1|0|2|2|2|1|0|1|0|1|19657|34153|NA|NA|NA|3289|928|2390|219822278|119551.29005059|0
"540610101022"|0|2|1|0|0|1|0|2|2|2|1|0|1|0|1|19657|34153|NA|NA|NA|3289|928|2390|219822278|119551.29005059|0
"540610102011"|0|1|1|0|0|0|0|1|1|0|0|1|1|0|0|NA|NA|NA|NA|NA|0|0|0|0|NA|0
"540610102012"|0|1|1|0|0|0|0|1|1|0|0|1|1|0|0|NA|NA|NA|NA|NA|0|0|0|0|NA|0
"540610102014"|0|1|0|0|0|0|0|1|1|0|0|1|1|0|0|NA|NA|NA|NA|NA|0|0|0|0|NA|0
"540610107001"|0|1|0|0|0|0|0|1|1|0|0|1|1|0|0|NA|NA|NA|NA|NA|0|0|0|0|NA|0
"540610110002"|0|1|0|0|0|0|0|1|1|0|0|1|1|0|0|NA|NA|NA|NA|NA|0|0|0|0|NA|0
"540690014002"|0|1|1|0|0|0|0|1|1|1|0|0|0|1|0|27000|27000|11970|11970|7796|159|38|144|7794242|54126.6805555556|0
"540690021002"|0|1|1|0|0|0|0|1|1|1|0|0|0|1|0|7038|14394|5100|6120|9120|142|71|238|14698930|61760.2100840336|0
"540690027001"|0|3|0|0|0|0|0|3|3|2|2|1|2|1|0|NA|NA|NA|NA|NA|80|31|116|5576366|NA|0
"540719704002"|0|0|1|0|0|0|0|1|1|1|0|0|1|0|0|NA|NA|17500|17500|NA|9|1|8|439000|54875|0
"540719705003"|0|0|1|0|0|0|0|1|1|1|0|0|1|0|0|NA|NA|17500|17500|NA|9|1|8|439000|54875|0
"540719705004"|0|0|1|0|0|0|0|1|1|1|0|0|1|0|0|NA|NA|17500|17500|NA|9|1|8|439000|54875|0
"540790202004"|0|1|0|0|0|0|0|1|1|0|0|1|1|0|0|NA|NA|NA|NA|NA|0|0|0|0|NA|0
"540790206012"|0|1|1|0|0|0|0|1|1|1|0|0|1|0|0|14040|14040|14325|14325|NA|4|1|2|137250|68625|0
"540810003002"|0|1|0|0|0|0|0|1|1|1|1|0|0|1|0|3966|4834|NA|NA|NA|70|11|104|5485212|52742.4230769231|0
"540810006001"|0|1|0|0|0|0|0|1|1|1|1|0|1|0|0|13986|13986|NA|NA|NA|18|9|10|545762|54576.2|0
"540810014003"|0|1|1|0|0|0|0|1|1|1|0|0|1|0|0|12380|12380|1350|1350|7570|35|18|28|1025320|36618.5714285714|0
"540810015003"|0|1|0|0|0|0|0|1|1|0|0|1|1|0|0|NA|NA|NA|NA|NA|0|0|0|0|NA|0
"540839661001"|0|1|0|0|0|0|0|1|1|1|0|0|1|0|0|28000|28000|NA|NA|9800|129|40|94|4957000|52734.0425531915|0
"540839661002"|0|1|0|0|0|0|0|1|1|1|0|0|1|0|0|28000|28000|NA|NA|9800|129|40|94|4957000|52734.0425531915|0
"540839664002"|0|1|0|0|0|0|0|1|1|0|0|1|1|0|0|NA|NA|NA|NA|NA|0|0|0|0|NA|0
"540979667002"|0|1|1|0|0|0|0|1|1|1|0|0|0|1|0|28574|28574|10035|10035|8248|188|65|182|9793230|53808.956043956|0
"540979668002"|0|1|0|0|0|0|0|1|1|0|0|1|1|0|0|NA|NA|NA|NA|NA|0|0|0|0|NA|0
"541070005001"|0|1|0|0|0|0|0|1|1|1|1|0|1|0|0|8400|8400|NA|NA|NA|8|5|12|544738|45394.8333333333|0
"541070105022"|0|1|1|0|0|0|0|1|1|1|0|0|1|0|0|20460|20460|6540|6540|7450|53|18|40|1884832|47120.8|0
"541070105023"|0|1|1|0|0|0|0|1|1|1|0|0|1|0|0|20460|20460|6540|6540|7450|53|18|40|1884832|47120.8|0
"541070106012"|0|1|0|0|0|0|0|1|1|0|0|1|1|0|0|19474|19474|NA|NA|4014|0|0|0|0|NA|0
"541070106023"|0|1|0|0|0|0|0|1|1|0|0|1|1|0|0|19474|19474|NA|NA|4014|0|0|0|0|NA|0
"541070107011"|0|2|0|0|0|0|0|2|2|1|0|1|1|1|0|NA|NA|NA|NA|NA|110|48|140|7319240|NA|0
"550039503001"|0|1|0|0|0|0|0|1|1|1|0|0|1|0|0|31980|31980|NA|NA|8485|88|27|108|6353474|58828.462962963|0
"550039503002"|0|1|0|0|0|0|0|1|1|1|0|0|1|0|0|31980|31980|NA|NA|8485|88|27|108|6353474|58828.462962963|0
"550039508001"|0|1|0|0|0|0|0|1|1|1|0|0|1|0|0|31980|31980|NA|NA|8485|88|27|108|6353474|58828.462962963|0
"550090018021"|0|1|1|0|0|0|0|1|1|1|0|0|0|1|0|6298|13871|7640|16771|7048|367|148|366|22247438|60785.349726776|0
"550090018022"|0|1|1|0|0|0|0|1|1|1|0|0|0|1|0|6298|13871|7640|16771|7048|367|148|366|22247438|60785.349726776|0
"550090102011"|0|1|0|0|0|0|0|1|1|0|0|1|1|0|0|NA|NA|NA|NA|NA|0|0|0|0|NA|0
"550090102012"|0|1|1|0|0|0|0|1|1|1|0|0|0|1|0|34766|34766|9990|9990|9144|400|108|280|17683822|63156.5071428571|0
"550090103006"|0|1|1|0|0|0|0|1|1|1|0|0|0|1|0|34766|34766|9990|9990|9144|400|108|280|17683822|63156.5071428571|0
"550090205023"|0|4|2|0|0|0|0|4|3|2|1|1|3|0|1|NA|NA|NA|NA|NA|414|185|544|59933776|NA|0
"550090205041"|0|1|0|0|0|0|0|1|0|0|0|0|1|0|0|NA|NA|NA|NA|NA|0|0|0|0|NA|0
"550090207031"|0|1|1|0|0|0|0|1|1|1|0|0|1|0|0|21050|21050|20384|20384|NA|36|12|44|2806040|63773.6363636364|0
"550090207042"|0|1|0|0|0|0|0|1|0|0|0|0|1|0|0|NA|NA|NA|NA|NA|0|0|0|0|NA|0
"550090207043"|0|1|0|0|0|0|0|1|0|0|0|0|1|0|0|NA|NA|NA|NA|NA|0|0|0|0|NA|0
"550090207044"|0|1|0|0|0|0|0|1|0|0|0|0|1|0|0|NA|NA|NA|NA|NA|0|0|0|0|NA|0
"550090209002"|0|1|0|0|0|0|0|1|1|0|0|1|1|0|0|NA|NA|NA|NA|NA|0|0|0|0|NA|0
"550090210003"|0|1|0|0|0|0|0|1|1|0|0|1|1|0|0|NA|NA|NA|NA|NA|0|0|0|0|NA|0
"550090213034"|0|1|0|0|0|0|0|1|1|0|0|1|1|0|0|NA|NA|NA|NA|NA|0|0|0|0|NA|0
"550090213041"|0|1|0|0|0|0|0|1|1|0|0|1|1|0|0|NA|NA|NA|NA|NA|0|0|0|0|NA|0
"550090216001"|0|1|0|0|0|0|0|1|0|0|0|0|1|0|0|NA|NA|NA|NA|NA|0|0|0|0|NA|0
"550099400013"|0|2|1|0|0|0|0|2|2|1|0|1|1|1|0|NA|NA|NA|NA|NA|400|108|280|17683822|NA|0
"550099400015"|0|1|0|0|0|0|0|1|1|0|0|1|1|0|0|NA|NA|NA|NA|NA|0|0|0|0|NA|0
"550099400031"|0|2|1|0|0|0|0|2|1|1|1|0|1|0|1|NA|NA|NA|NA|NA|377|179|506|57438636|NA|0
"550099400041"|0|2|1|0|0|0|0|2|2|1|0|1|2|0|0|NA|NA|NA|NA|NA|37|6|38|2495140|NA|0
"550250002041"|0|1|0|0|0|0|0|1|1|0|0|1|1|0|0|NA|NA|NA|NA|NA|0|0|0|0|NA|0
"550250004081"|0|2|0|0|0|0|0|2|2|0|0|2|2|0|0|NA|NA|NA|NA|NA|0|0|0|0|NA|0
"550250010001"|0|1|1|0|0|0|0|1|1|1|0|0|0|1|0|27530|27530|16164|16164|9870|226|77|326|17403214|53384.0920245399|0
"550250011021"|0|2|2|0|0|1|0|2|2|1|0|0|0|0|1|NA|NA|NA|NA|NA|10110|1967|4254|471254610|NA|0
"550250011022"|0|2|2|0|0|1|0|2|2|1|0|0|0|0|1|NA|NA|NA|NA|NA|10110|1967|4254|471254610|NA|0
"550250015021"|0|1|0|0|0|0|0|1|1|0|0|0|1|0|0|NA|NA|NA|NA|NA|0|0|0|0|NA|0
"550250016032"|0|1|0|0|0|0|0|1|1|0|0|1|1|0|0|NA|NA|NA|NA|NA|0|0|0|0|NA|0
"550250016063"|0|1|0|0|0|0|0|1|1|1|0|0|0|0|1|4750|11734|NA|NA|NA|306|120|550|28398010|51632.7454545455|0
"550250025001"|0|1|1|0|0|0|0|1|1|1|1|0|0|0|1|3911|5866|3911|5866|NA|535|231|942|87291202|92665.8195329087|0
"550250026032"|0|1|0|0|0|0|0|1|0|0|0|0|1|0|0|NA|NA|NA|NA|NA|0|0|0|0|NA|0
"550250031003"|0|1|0|0|0|0|0|1|1|1|0|0|1|0|0|10277|10277|NA|NA|NA|19|5|12|512400|42700|0
"550250109011"|0|1|0|0|0|0|0|1|0|0|0|0|1|0|0|NA|NA|NA|NA|NA|0|0|0|0|NA|0
"550250114021"|0|2|1|0|0|0|0|2|2|2|0|0|1|1|0|26600|26600|NA|NA|NA|246|7|88|6118888|NA|0
"550250114022"|0|2|1|0|0|0|0|2|2|2|0|0|1|1|0|26600|26600|NA|NA|NA|246|7|88|6118888|NA|0
"550279603003"|0|1|0|0|0|0|0|1|1|0|0|1|1|0|0|NA|NA|NA|NA|NA|0|0|0|0|NA|0
"550310205001"|0|1|1|0|0|0|0|1|1|1|0|0|0|1|0|6535|14108|7640|16771|6590|216|78|238|13701890|57570.9663865546|0
"550339708002"|0|1|1|0|0|0|0|1|1|1|0|0|0|1|0|7014|14760|6878|14573|6624|595|222|660|39959726|60545.0393939394|0
"550350008032"|0|1|0|0|0|0|0|1|1|1|0|0|1|0|0|14040|14040|NA|NA|NA|0|0|0|0|NA|0
"550350008033"|0|1|0|0|0|0|0|1|1|0|0|1|1|0|0|NA|NA|NA|NA|NA|0|0|0|0|NA|0
"550350017001"|0|2|1|0|0|0|0|2|2|2|1|0|0|1|1|11261|20814|NA|NA|NA|781|319|1252|84958508|136971.570152262|0
"550350017002"|0|2|1|0|0|0|0|2|2|2|1|0|0|1|1|11261|20814|NA|NA|NA|781|319|1252|84958508|136971.570152262|0
"550390411001"|0|1|0|0|0|0|0|1|1|1|1|0|0|1|0|3965|5920|NA|NA|NA|254|112|286|20891466|73047.0839160839|0
"550390411004"|0|2|1|0|0|0|0|2|2|2|1|0|0|2|0|31825|33780|NA|NA|NA|392|160|486|32062278|128901.143916084|0
"550390416002"|0|1|0|0|0|0|0|1|1|1|0|0|1|0|0|38842|38842|NA|NA|7769|96|34|124|7820788|63070.8709677419|0
"550390416003"|0|1|0|0|0|0|0|1|1|1|0|0|1|0|0|38842|38842|NA|NA|7769|96|34|124|7820788|63070.8709677419|0
"550390420004"|0|1|0|0|0|0|0|1|1|1|1|0|0|1|0|3965|5920|NA|NA|NA|254|112|286|20891466|73047.0839160839|0
"550439603002"|0|1|0|0|0|0|0|1|1|1|1|0|0|1|0|4002|5866|NA|NA|7156|84|5|164|11786592|71869.4634146341|0
"550439610001"|0|1|1|0|0|0|0|1|1|1|0|0|0|1|0|6418|14268|7640|16771|7526|512|174|650|38399928|59076.8123076923|0
"550459605002"|0|1|0|0|0|0|0|1|1|0|0|1|1|0|0|NA|NA|NA|NA|NA|0|0|0|0|NA|0
"550551003002"|0|1|1|0|0|0|0|1|1|1|0|0|0|1|0|13100|13100|7200|7200|6720|80|18|84|3320040|39524.2857142857|0
"550590003001"|0|1|1|0|0|0|0|1|1|1|0|0|0|1|0|40265|40265|40265|40265|10975|227|85|320|23317184|72866.2|0
"550590005003"|0|1|1|0|0|0|0|1|1|1|0|0|0|1|0|40265|40265|40265|40265|10975|227|85|320|23317184|72866.2|0
"550590006014"|0|1|1|0|0|0|0|1|1|1|0|0|0|1|0|6298|14287|7870|17274|6938|271|104|324|18820066|58086.6234567901|0
"550590006022"|0|2|1|0|0|0|0|2|2|2|1|0|1|1|0|16471|18426|NA|NA|NA|358|141|516|41963524|128792.244834711|0
"550590023002"|0|1|0|0|0|0|0|1|1|0|0|1|1|0|0|NA|NA|NA|NA|NA|0|0|0|0|NA|0
"550630004004"|0|1|0|0|0|0|0|1|1|1|1|0|0|1|0|3476|5866|NA|NA|6360|258|135|386|23795960|61647.5647668394|0
"550630004005"|0|1|1|0|0|0|0|1|1|1|0|0|0|1|0|25460|25460|7936|7936|8510|180|67|236|14004616|59341.593220339|0
"550630005002"|0|1|1|0|0|0|0|1|1|1|0|0|0|0|1|7585|16106|8483|18454|6155|582|203|972|62431600|64230.0411522634|0
"550630105001"|0|2|0|0|0|0|0|2|2|1|0|1|2|0|0|NA|NA|NA|NA|NA|0|0|0|0|NA|0
"550710005004"|0|1|0|0|0|0|0|1|0|0|0|0|1|0|0|NA|NA|NA|NA|NA|0|0|0|0|NA|0
"550710006005"|0|1|1|0|0|0|0|1|1|1|0|0|1|0|0|25800|25800|6480|6480|9950|47|11|52|2040998|39249.9615384615|0
"550710105002"|0|1|1|0|0|0|0|1|1|1|0|0|1|0|0|25800|25800|6480|6480|9950|47|11|52|2040998|39249.9615384615|0
"550710106002"|0|1|0|0|0|0|0|1|1|1|1|0|0|1|0|3910|5866|NA|NA|NA|149|52|212|15968280|75322.0754716981|0
"550730008001"|0|1|0|0|0|0|0|1|1|0|0|1|1|0|0|NA|NA|NA|NA|NA|0|0|0|0|NA|0
"550759611001"|0|1|0|0|0|0|0|1|1|0|0|1|1|0|0|NA|NA|NA|NA|NA|0|0|0|0|NA|0
"550759611003"|0|1|0|0|0|0|0|1|1|0|0|1|1|0|0|NA|NA|NA|NA|NA|0|0|0|0|NA|0
"550759611004"|0|1|0|0|0|0|0|1|1|0|0|1|1|0|0|NA|NA|NA|NA|NA|0|0|0|0|NA|0
"550759612001"|0|1|0|0|0|0|0|1|1|0|0|1|1|0|0|NA|NA|NA|NA|NA|0|0|0|0|NA|0
"550789401011"|0|1|0|0|0|0|1|1|1|1|0|0|1|0|0|6000|6000|NA|NA|NA|70|24|34|1757352|51686.8235294118|0
"550789401022"|0|1|0|0|0|0|1|1|1|1|0|0|1|0|0|6000|6000|NA|NA|NA|70|24|34|1757352|51686.8235294118|0
"550790002023"|0|1|1|0|0|0|0|1|1|1|0|0|1|0|0|12038|12038|14880|14880|NA|2|1|0|0|NA|0
"550790043002"|0|3|1|0|0|0|0|3|3|2|0|1|3|0|0|NA|NA|NA|NA|NA|28|15|44|3077862|NA|0
"550790044003"|0|3|1|0|0|0|0|3|3|2|0|1|3|0|0|NA|NA|NA|NA|NA|28|15|44|3077862|NA|0
"550790056002"|0|1|1|0|0|0|0|1|1|1|0|0|0|1|0|27280|27280|12623|12623|8200|104|29|126|7129914|56586.619047619|0
"550790074001"|0|1|1|0|0|0|0|1|1|1|0|0|0|0|1|8091|18449|10387|23424|10030|1845|570|2050|157102666|76635.4468292683|0
"550790128001"|0|1|1|0|0|0|0|1|1|1|0|0|0|1|0|27734|27734|9450|9450|9620|91|21|120|6613710|55114.25|0
"550790144001"|0|1|1|0|0|0|0|1|1|1|0|0|0|1|0|36270|36270|20520|20520|9141|234|54|278|23323044|83895.8417266187|0
"550790146002"|0|1|1|0|0|1|0|1|1|1|0|0|0|0|1|38000|38000|19350|19350|11440|1528|551|1296|122353538|94408.5941358025|0
"550790165003"|0|0|1|0|0|0|0|1|1|0|0|1|1|0|0|NA|NA|12000|12000|NA|0|0|0|0|NA|0
"550790191002"|0|1|1|0|0|0|0|1|1|1|0|0|0|1|0|26232|26232|10176|10176|7884|215|64|188|10765188|57261.6382978723|0
"550790218001"|0|1|0|0|0|0|0|1|1|0|0|1|1|0|0|NA|NA|NA|NA|NA|0|0|0|0|NA|0
"550790351003"|0|1|1|0|0|0|0|1|1|1|0|0|0|1|0|28212|28212|12015|12015|7940|181|77|162|9494944|58610.7654320988|0
"550790352004"|0|1|1|0|0|0|0|1|1|1|0|0|0|1|0|28212|28212|12015|12015|7940|181|77|162|9494944|58610.7654320988|0
"550790601012"|0|1|1|0|0|0|0|1|1|1|0|0|0|1|0|28212|28212|12015|12015|7940|181|77|162|9494944|58610.7654320988|0
"550790601013"|0|1|1|0|0|0|0|1|1|1|0|0|0|1|0|28212|28212|12015|12015|7940|181|77|162|9494944|58610.7654320988|0
"550790602001"|0|3|1|0|0|0|0|3|3|2|0|1|3|0|0|NA|NA|NA|NA|NA|28|15|44|3077862|NA|0
"550790701001"|0|4|2|0|0|0|0|4|4|3|0|1|3|1|0|NA|NA|NA|NA|NA|209|92|206|12572806|NA|0
"550790703005"|0|3|1|0|0|0|0|3|3|2|0|1|3|0|0|NA|NA|NA|NA|NA|28|15|44|3077862|NA|0
"550790903001"|0|2|1|0|0|0|0|2|2|2|1|0|1|1|0|NA|NA|NA|NA|NA|114|30|162|8368114|90981.0634920635|0
"550790906001"|0|1|0|0|0|0|0|1|1|1|0|0|1|0|0|17145|17145|NA|NA|NA|40|22|70|5356288|76518.4|0
"550791201022"|0|1|0|0|0|0|0|1|1|0|0|1|1|0|0|NA|NA|NA|NA|NA|0|0|0|0|NA|0
"550791202033"|0|1|0|0|0|0|0|1|1|0|0|0|1|0|0|NA|NA|NA|NA|NA|0|0|0|0|NA|0
"550791503012"|0|0|1|0|0|0|0|1|1|1|0|0|1|0|0|NA|NA|10080|10080|NA|29|6|24|1476800|61533.3333333333|0
"550791853001"|0|0|1|0|1|1|0|1|1|1|0|0|0|1|0|NA|NA|30000|30000|NA|0|0|0|0|NA|0
"550791863001"|0|1|0|0|0|0|0|1|1|1|1|0|0|0|1|3911|5866|NA|NA|NA|800|210|870|82651234|95001.4183908046|0
"550791863002"|0|3|1|0|0|0|0|3|3|3|1|0|2|0|1|33170|35125|NA|NA|NA|843|231|898|84897870|NA|0
"550791865001"|0|0|1|0|0|0|0|1|1|0|0|1|1|0|0|NA|NA|12000|12000|NA|0|0|0|0|NA|0
"550791868001"|0|1|0|0|0|0|0|1|1|1|1|0|0|0|1|3911|5866|NA|NA|NA|800|210|870|82651234|95001.4183908046|0
"550791874001"|0|3|0|0|0|0|0|3|3|2|0|1|3|0|0|NA|NA|NA|NA|NA|85|13|88|4605540|NA|0
"550859704001"|0|1|0|0|0|0|0|1|1|1|1|0|0|1|0|4305|6548|NA|NA|NA|105|34|112|8356062|74607.6964285714|0
"550859704002"|0|1|0|0|0|0|0|1|1|1|1|0|0|1|0|4305|6548|NA|NA|NA|105|34|112|8356062|74607.6964285714|0
"550859714001"|0|1|0|0|0|0|0|1|1|1|1|0|0|1|0|4305|6548|NA|NA|NA|105|34|112|8356062|74607.6964285714|0
"550870105004"|0|1|0|0|0|0|0|1|1|1|0|0|0|1|0|44544|44544|NA|NA|9654|296|99|338|23820512|70474.8875739645|0
"550870110001"|0|1|0|0|0|0|0|1|1|0|0|1|1|0|0|NA|NA|NA|NA|NA|0|0|0|0|NA|0
"550870110006"|0|1|0|0|0|0|0|1|1|1|0|0|0|1|0|44544|44544|NA|NA|9654|296|99|338|23820512|70474.8875739645|0
"550870111022"|0|3|0|0|0|0|0|3|3|1|1|2|2|0|1|NA|NA|NA|NA|NA|444|128|616|49561132|NA|0
"550870125062"|0|2|0|0|0|0|0|2|2|1|0|1|2|0|0|NA|NA|NA|NA|NA|0|0|0|0|NA|0
"550896402002"|0|1|0|0|0|0|0|1|1|0|0|1|1|0|0|NA|NA|NA|NA|NA|0|0|0|0|NA|0
"550896502002"|0|1|1|0|0|0|0|1|1|1|0|0|0|1|0|27640|27640|10170|10170|10280|339|185|460|35550118|77282.8652173913|0
"550896602022"|0|1|1|0|0|0|0|1|1|1|0|0|0|1|0|27640|27640|10170|10170|10280|339|185|460|35550118|77282.8652173913|0
"550939603003"|0|1|1|0|0|0|0|1|1|1|0|0|0|1|0|6428|14001|7640|16771|6525|317|113|424|28519864|67263.8301886792|0
"550979603002"|0|1|1|0|0|0|0|1|1|1|0|0|0|1|0|6698|14965|7870|17274|7180|645|222|718|43070958|59987.4066852368|0
"550979603004"|0|1|1|0|0|0|0|1|1|1|0|0|0|1|0|6698|14965|7870|17274|7180|645|222|718|43070958|59987.4066852368|0
"550979604005"|0|1|1|0|0|0|0|1|1|1|0|0|0|1|0|6698|14965|7870|17274|7180|645|222|718|43070958|59987.4066852368|0
"551010009044"|0|1|1|0|0|0|0|1|1|1|0|0|1|0|0|15330|15330|16683|16683|NA|3|0|2|121892|60946|0
"551010018013"|0|1|0|0|0|0|0|1|1|0|0|1|1|0|0|NA|NA|NA|NA|NA|0|0|0|0|NA|0
"551010021003"|0|1|0|0|0|0|0|1|1|0|0|1|1|0|0|NA|NA|NA|NA|NA|0|0|0|0|NA|0
"551050004003"|0|1|0|0|0|0|0|1|1|0|0|1|1|0|0|NA|NA|NA|NA|NA|0|0|0|0|NA|0
"551050012013"|0|1|0|0|0|0|0|1|1|1|1|0|0|1|0|3911|5866|NA|NA|NA|110|39|184|13812174|75066.1630434783|0
"551050014002"|0|1|0|0|0|0|0|1|1|1|1|0|0|1|0|3911|5866|NA|NA|NA|110|39|184|13812174|75066.1630434783|0
"551050014004"|0|1|0|0|0|0|0|1|1|1|1|0|0|1|0|3911|5866|NA|NA|NA|110|39|184|13812174|75066.1630434783|0
"551050015001"|0|1|0|0|0|0|0|1|1|1|0|0|0|1|0|46596|46596|NA|NA|8146|236|68|232|16259558|70084.3017241379|0
"551050015002"|0|2|0|0|0|0|0|2|2|1|0|1|1|1|0|NA|NA|NA|NA|NA|236|68|232|16259558|NA|0
"551050018003"|0|1|0|0|0|0|0|1|1|1|0|0|0|1|0|46596|46596|NA|NA|8146|236|68|232|16259558|70084.3017241379|0
"551050019001"|0|1|0|0|0|0|0|1|1|1|0|0|0|1|0|46596|46596|NA|NA|8146|236|68|232|16259558|70084.3017241379|0
"551050019002"|0|1|0|0|0|0|0|1|1|0|0|1|1|0|0|NA|NA|NA|NA|NA|0|0|0|0|NA|0
"551110001001"|0|1|0|0|0|0|0|1|1|0|0|1|1|0|0|NA|NA|NA|NA|NA|0|0|0|0|NA|0
"551110001004"|0|1|0|0|0|0|0|1|1|0|0|1|1|0|0|NA|NA|NA|NA|NA|0|0|0|0|NA|0
"551139400001"|0|1|0|0|0|0|1|1|1|1|1|0|1|0|0|4560|4560|NA|NA|NA|43|3|28|1080404|38585.8571428571|0
"551170102001"|0|1|1|0|0|0|0|1|1|1|0|0|0|1|0|25410|25410|10305|10305|8530|165|41|88|5001588|56836.2272727273|0
"551270003022"|0|0|1|0|0|0|0|1|1|1|0|0|1|0|0|NA|NA|11229|11229|NA|2|1|0|0|NA|0
"551270005011"|0|1|1|0|0|0|0|1|1|1|0|0|0|0|1|6519|15092|7949|17448|6326|606|239|964|63916000|66302.9045643154|0
"551299506002"|0|1|0|0|0|0|0|1|1|1|1|0|0|1|0|4171|6257|NA|NA|NA|237|89|310|19082258|61555.6709677419|0
"551299506004"|0|1|0|0|0|0|0|1|1|1|1|0|0|1|0|4171|6257|NA|NA|NA|237|89|310|19082258|61555.6709677419|0
"551332011013"|0|2|2|0|0|0|0|2|2|2|0|0|2|0|0|24440|24440|21720|21720|NA|19|4|30|1610514|NA|0
"551332026002"|0|1|1|0|0|0|0|1|1|1|0|0|0|1|0|29662|29662|10539|10539|9264|261|78|262|17810414|67978.679389313|0
"551332030002"|0|1|0|0|0|0|0|1|1|0|0|1|1|0|0|NA|NA|NA|NA|NA|0|0|0|0|NA|0
"551332031011"|0|1|0|0|0|0|0|1|1|0|0|1|1|0|0|NA|NA|NA|NA|NA|0|0|0|0|NA|0
"551332033052"|0|2|0|0|0|0|0|2|2|1|1|1|1|1|0|NA|NA|NA|NA|NA|279|122|384|31443352|NA|0
"551332037032"|0|0|1|0|0|0|0|1|1|1|0|0|1|0|0|NA|NA|13950|13950|NA|15|7|18|936816|52045.3333333333|0
"551332041001"|0|0|1|0|0|0|0|1|1|1|0|0|1|0|0|NA|NA|13950|13950|NA|15|7|18|936816|52045.3333333333|0
"551332041002"|0|0|1|0|0|0|0|1|1|1|0|0|1|0|0|NA|NA|13950|13950|NA|15|7|18|936816|52045.3333333333|0
"551332043021"|0|0|1|0|0|0|0|1|1|1|0|0|1|0|0|NA|NA|13950|13950|NA|15|7|18|936816|52045.3333333333|0
"551332043022"|0|0|1|0|0|0|0|1|1|1|0|0|1|0|0|NA|NA|13950|13950|NA|15|7|18|936816|52045.3333333333|0
"551390001003"|0|1|0|0|0|0|0|1|1|0|0|1|1|0|0|NA|NA|NA|NA|NA|0|0|0|0|NA|0
"551390005003"|0|1|0|0|0|0|0|1|1|0|0|1|1|0|0|NA|NA|NA|NA|NA|0|0|0|0|NA|0
"551390007002"|0|1|1|0|0|0|0|1|1|1|0|0|0|0|1|6422|13995|7640|16771|7600|702|300|832|55244096|66399.1538461538|0
"551390007003"|0|1|1|0|0|0|0|1|1|1|0|0|0|0|1|6422|13995|7640|16771|7600|702|300|832|55244096|66399.1538461538|0
"551410115001"|0|1|0|0|0|0|0|1|1|1|1|0|0|1|0|3911|5866|NA|NA|NA|121|58|162|11907144|73500.8888888889|0
"560019627002"|0|1|0|0|0|0|0|1|1|1|1|0|1|0|0|NA|NA|NA|NA|NA|30|4|64|3868268|60441.6875|0
"560019628002"|0|1|0|0|0|0|0|1|1|1|1|0|1|0|0|NA|NA|NA|NA|NA|30|4|64|3868268|60441.6875|0
"560019635002"|0|1|1|0|0|0|0|1|1|1|0|0|0|0|1|2976|11904|4338|12978|10320|2228|525|1522|132410064|86997.4139290407|0
"560139404001"|0|1|0|0|0|0|0|1|1|1|1|0|0|1|0|2136|6408|NA|NA|6371|151|53|102|5952018|58353.1176470588|0
"560159577001"|0|1|0|0|0|0|0|1|1|1|1|0|0|1|0|2136|6408|NA|NA|7320|76|17|74|3780116|51082.6486486486|0
"560159578002"|0|1|0|0|0|0|0|1|1|1|1|0|0|1|0|2136|6408|NA|NA|7320|76|17|74|3780116|51082.6486486486|0
"560210004021"|0|1|0|0|0|0|0|1|1|1|1|0|0|1|0|2136|6408|NA|NA|7988|261|67|230|13080030|56869.6956521739|0
"560210007001"|0|1|0|0|0|0|0|1|1|0|0|1|1|0|0|NA|NA|NA|NA|NA|0|0|0|0|NA|0
"560210013001"|0|1|0|0|0|0|0|1|1|1|0|0|1|0|0|18021|18021|NA|NA|NA|5|1|2|62560|31280|0
"560210020001"|0|1|0|0|0|0|0|1|1|1|1|0|0|1|0|2136|6408|NA|NA|7988|261|67|230|13080030|56869.6956521739|0
"560210020004"|0|1|0|0|0|0|0|1|1|1|1|0|0|1|0|2136|6408|NA|NA|7988|261|67|230|13080030|56869.6956521739|0
"560250009022"|0|1|0|0|0|0|0|1|1|1|1|0|0|1|0|2136|6408|NA|NA|6520|229|82|286|18323062|64066.6503496504|0
"560299652003"|0|1|0|0|0|0|0|1|1|1|1|0|0|1|0|2136|6408|NA|NA|5512|105|31|144|8794516|61073.0277777778|0
"560330001004"|0|1|0|0|0|0|0|1|1|1|1|0|0|1|0|2136|6408|NA|NA|6907|193|47|220|12333920|56063.2727272727|0
"560330005002"|0|1|0|0|0|0|0|1|1|1|1|0|0|1|0|2136|6408|NA|NA|6907|193|47|220|12333920|56063.2727272727|0
"560330006003"|0|1|0|0|0|0|0|1|1|1|1|0|0|1|0|2136|6408|NA|NA|6907|193|47|220|12333920|56063.2727272727|0
"560379709031"|0|1|0|0|0|0|0|1|1|1|1|0|0|1|0|2136|6408|NA|NA|4996|143|53|162|9395984|57999.9012345679|0
"560379709032"|0|1|0|0|0|0|0|1|1|1|1|0|0|1|0|2136|6408|NA|NA|4996|143|53|162|9395984|57999.9012345679|0
"600109509001"|0|1|0|0|0|0|0|1|1|1|0|0|0|1|0|3300|3600|NA|NA|NA|219|40|122|3683950|30196.3114754098|0
"600509510001"|0|1|0|0|0|0|0|1|1|1|0|0|0|1|0|3300|3600|NA|NA|NA|219|40|122|3683950|30196.3114754098|0
"600509515001"|0|1|0|0|0|0|0|1|1|1|0|0|0|1|0|3300|3600|NA|NA|NA|219|40|122|3683950|30196.3114754098|0
"660109530005"|0|2|1|0|0|0|0|2|2|2|1|0|0|2|0|8160|16416|NA|NA|NA|580|187|400|26458826|126222.511170471|0
"660109557001"|0|1|1|0|0|0|0|1|1|1|0|0|1|0|0|4778|4778|4778|4778|4476|8|0|4|140400|35100|0
"691100010002"|0|1|0|0|0|0|0|1|1|1|0|0|0|1|0|3078|4560|NA|NA|NA|110|61|68|2853400|41961.7647058823|0
"720034302001"|0|1|0|0|0|0|0|1|1|0|0|1|1|0|0|NA|NA|NA|NA|NA|0|0|0|0|NA|0
"720034302003"|0|1|0|0|0|0|0|1|1|0|0|1|1|0|0|NA|NA|NA|NA|NA|0|0|0|0|NA|0
"720034302004"|0|1|0|0|0|0|0|1|1|0|0|1|1|0|0|NA|NA|NA|NA|NA|0|0|0|0|NA|0
"720034303002"|0|1|0|0|0|0|0|1|1|0|0|1|1|0|0|5815|5815|NA|NA|NA|0|0|0|0|NA|0
"720034305011"|0|1|0|0|0|0|0|1|1|0|0|1|1|0|0|NA|NA|NA|NA|NA|0|0|0|0|NA|0
"720054003001"|0|1|0|0|0|0|0|1|1|1|0|0|0|1|0|1878|3900|NA|NA|NA|212|94|248|14823538|59772.3306451613|0
"720054003002"|0|1|0|0|0|0|0|1|1|1|0|0|0|1|0|1878|3900|NA|NA|NA|212|94|248|14823538|59772.3306451613|0
"720054004003"|0|1|0|0|0|0|0|1|1|0|0|1|1|0|0|NA|NA|NA|NA|NA|0|0|0|0|NA|0
"720054005023"|0|1|0|0|0|0|0|1|1|0|0|1|1|0|0|7400|7400|NA|NA|NA|0|0|0|0|NA|0
"720054008001"|0|2|0|0|0|0|0|2|2|0|0|2|2|0|0|NA|NA|NA|NA|NA|0|0|0|0|NA|0
"720054008002"|0|3|0|0|0|0|0|3|3|1|0|2|3|0|0|NA|NA|NA|NA|NA|52|23|50|724142|NA|0
"720054010001"|0|3|0|0|0|0|0|3|3|1|0|2|3|0|0|NA|NA|NA|NA|NA|52|23|50|724142|NA|0
"720054010002"|0|1|0|0|0|0|0|1|1|1|0|0|1|0|0|NA|NA|NA|NA|NA|52|23|50|724142|14482.84|0
"720054011001"|0|1|0|0|0|0|0|1|1|1|0|0|1|0|0|NA|NA|NA|NA|NA|52|23|50|724142|14482.84|0
"720054012001"|0|1|0|0|0|0|0|1|1|1|0|0|1|0|0|NA|NA|NA|NA|NA|52|23|50|724142|14482.84|0
"720054013022"|0|1|1|0|0|0|0|1|1|1|0|0|0|1|0|4392|4392|3780|3780|NA|155|49|156|8198952|52557.3846153846|0
"720133003012"|0|1|1|0|0|0|0|1|1|1|0|0|0|1|0|4680|4680|5220|5220|NA|40|12|48|1939388|40403.9166666667|0
"720133004001"|0|2|0|0|0|0|0|2|2|0|0|2|2|0|0|NA|NA|NA|NA|NA|0|0|0|0|NA|0
"720133005001"|0|2|0|0|0|0|0|2|2|0|0|2|2|0|0|NA|NA|NA|NA|NA|0|0|0|0|NA|0
"720133005002"|0|2|0|0|0|0|0|2|2|0|0|2|2|0|0|NA|NA|NA|NA|NA|0|0|0|0|NA|0
"720133007001"|0|1|1|0|0|0|0|1|1|1|0|0|0|1|0|6120|6120|3240|3240|NA|65|26|36|1282278|35618.8333333333|0
"720133007002"|0|1|1|0|0|0|0|1|1|1|0|0|0|1|0|6120|6120|3240|3240|NA|65|26|36|1282278|35618.8333333333|0
"720133008003"|0|1|0|0|0|0|0|1|1|1|0|0|0|1|0|1904|3926|NA|NA|NA|280|85|310|20008290|64542.8709677419|0
"720133010003"|0|1|0|0|0|0|0|1|1|0|0|1|1|0|0|NA|NA|NA|NA|NA|0|0|0|0|NA|0
"720133010004"|0|2|1|0|0|0|0|2|2|2|1|0|1|1|0|11112|11112|NA|NA|NA|200|68|188|9603858|80926.8203723987|0
"720133013001"|0|1|1|0|0|0|0|1|1|1|0|0|0|1|0|6120|6120|3240|3240|NA|65|26|36|1282278|35618.8333333333|0
"720133020001"|0|0|1|0|0|0|0|1|1|1|0|0|1|0|0|NA|NA|5250|5250|NA|20|7|8|288000|36000|0
"720152802014"|0|1|0|0|0|0|0|1|1|0|0|1|1|0|0|NA|NA|NA|NA|NA|0|0|0|0|NA|0
"720152802022"|0|1|0|0|0|0|0|1|0|0|0|0|1|0|0|NA|NA|NA|NA|NA|0|0|0|0|NA|0
"720199524001"|0|1|1|0|0|0|0|1|1|1|0|0|0|1|0|4392|4392|3312|3312|NA|86|25|60|2980560|49676|0
"720199525004"|0|1|0|0|0|0|0|1|1|0|0|1|1|0|0|NA|NA|NA|NA|NA|0|0|0|0|NA|0
"720210301013"|0|1|0|0|0|0|0|1|1|0|0|1|1|0|0|NA|NA|NA|NA|NA|0|0|0|0|NA|0
"720210302003"|0|1|0|0|0|0|0|1|1|0|0|1|0|1|0|4632|4632|NA|NA|NA|0|0|0|0|NA|0
"720210303002"|0|7|1|0|0|0|0|7|7|3|1|4|6|1|0|NA|NA|NA|NA|NA|366|141|178|5553698|NA|0
"720210303003"|0|1|0|0|0|0|0|1|1|0|0|1|0|1|0|4632|4632|NA|NA|NA|0|0|0|0|NA|0
"720210303004"|0|7|1|0|0|0|0|7|7|3|1|4|6|1|0|NA|NA|NA|NA|NA|366|141|178|5553698|NA|0
"720210309022"|0|1|1|0|0|0|0|1|1|1|0|0|0|1|0|5270|5270|6450|6450|NA|114|27|72|2278360|31643.8888888889|0
"720210310052"|0|7|1|0|0|0|0|7|7|3|1|4|6|1|0|NA|NA|NA|NA|NA|366|141|178|5553698|NA|0
"720210310321"|0|2|1|0|0|0|0|2|2|2|1|0|2|0|0|11616|11616|NA|NA|NA|76|26|30|1e+06|72307.6923076923|0
"720210310334"|0|1|0|0|0|0|0|1|1|0|0|1|1|0|0|7400|7400|NA|NA|NA|0|0|0|0|NA|0
"720210311011"|0|2|0|0|0|0|0|2|2|0|0|2|2|0|0|NA|NA|NA|NA|NA|0|0|0|0|NA|0
"720210311012"|0|2|0|0|0|0|0|2|2|0|0|2|2|0|0|NA|NA|NA|NA|NA|0|0|0|0|NA|0
"720210313061"|0|1|2|0|0|0|0|2|2|2|0|0|1|1|0|NA|NA|NA|NA|NA|187|66|230|13187270|124852.903780069|0
"720210315011"|0|1|0|0|0|0|0|1|1|1|1|0|1|0|0|NA|NA|NA|NA|NA|22|4|2|50000|25000|0
"720210315012"|0|1|0|0|0|0|0|1|1|1|1|0|1|0|0|NA|NA|NA|NA|NA|22|4|2|50000|25000|0
"720210315031"|0|1|1|0|0|0|0|1|1|1|0|0|0|1|0|4392|4392|3600|3600|NA|98|29|76|2071042|27250.5526315789|0
"720210316122"|0|1|1|0|0|1|0|1|1|1|0|0|1|0|0|6912|6912|7547|7547|NA|111|28|10|368802|36880.2|0
"720210317012"|0|2|0|0|0|0|0|2|2|1|0|1|1|1|0|2778|4800|NA|NA|NA|286|113|392|24605276|NA|0
"720252003044"|0|1|0|0|0|0|0|1|1|1|1|0|0|1|0|8592|8592|NA|NA|NA|125|5|164|3811278|23239.5|0
"720252004001"|0|1|0|0|0|0|0|1|1|0|0|1|1|0|0|7500|7500|NA|NA|NA|0|0|0|0|NA|0
"720252004002"|0|1|0|0|0|0|0|1|1|0|0|1|1|0|0|7500|7500|NA|NA|NA|0|0|0|0|NA|0
"720252006002"|0|1|0|0|0|0|0|1|1|1|0|0|0|1|0|6600|6600|NA|NA|NA|102|33|74|1160000|15675.6756756757|0
"720252008001"|0|1|1|0|0|0|0|1|1|1|0|0|0|1|0|6420|6420|6270|6270|NA|61|14|68|1941644|28553.5882352941|0
"720252008003"|0|1|1|0|0|0|0|1|1|1|0|0|0|1|0|6420|6420|6270|6270|NA|61|14|68|1941644|28553.5882352941|0
"720252009002"|0|1|0|0|0|0|0|1|1|1|0|0|1|0|0|6550|6550|NA|NA|NA|77|32|24|589440|24560|0
"720252010002"|0|3|0|0|0|0|0|3|3|0|0|3|3|0|0|NA|NA|NA|NA|NA|0|0|0|0|NA|0
"720252015001"|0|1|1|0|0|0|0|1|1|1|0|0|0|1|0|6120|6120|3240|3240|NA|58|19|32|1254150|39192.1875|0
"720252015002"|0|1|1|0|0|0|0|1|1|1|0|0|0|1|0|6120|6120|3240|3240|NA|58|19|32|1254150|39192.1875|0
"720252015003"|0|1|1|0|0|0|0|1|1|1|0|0|0|1|0|6120|6120|3240|3240|NA|58|19|32|1254150|39192.1875|0
"720252015004"|0|1|1|0|0|0|0|1|1|1|0|0|0|1|0|6120|6120|3240|3240|NA|58|19|32|1254150|39192.1875|0
"720252017001"|0|1|0|0|0|0|0|1|1|0|0|1|1|0|0|7525|7525|NA|NA|NA|0|0|0|0|NA|0
"720252017002"|0|1|0|0|0|0|0|1|1|0|0|1|1|0|0|7525|7525|NA|NA|NA|0|0|0|0|NA|0
"720252017003"|0|1|0|0|0|0|0|1|1|0|0|1|1|0|0|7525|7525|NA|NA|NA|0|0|0|0|NA|0
"720252022001"|0|1|1|0|0|1|0|1|1|1|0|0|1|0|0|5400|11250|5800|7250|NA|0|0|0|0|NA|0
"720310502221"|0|1|1|0|0|0|0|1|1|1|0|0|0|0|1|4920|4920|2652|2652|NA|460|268|328|15183920|46292.4390243902|0
"720310502223"|0|1|1|0|0|0|0|1|1|1|0|0|0|0|1|4920|4920|2652|2652|NA|460|268|328|15183920|46292.4390243902|0
"720310503023"|0|1|0|0|1|0|0|1|1|1|0|0|0|1|0|2815|5847|NA|NA|NA|242|90|192|13899614|72393.8229166667|0
"720310504012"|0|1|0|0|1|0|0|1|1|1|0|0|0|1|0|2815|5847|NA|NA|NA|242|90|192|13899614|72393.8229166667|0
"720310504021"|0|1|0|0|1|0|0|1|1|1|0|0|0|1|0|2815|5847|NA|NA|NA|242|90|192|13899614|72393.8229166667|0
"720310504022"|0|1|0|0|1|0|0|1|1|1|0|0|0|1|0|2815|5847|NA|NA|NA|242|90|192|13899614|72393.8229166667|0
"720310504023"|0|1|0|0|1|0|0|1|1|1|0|0|0|1|0|2815|5847|NA|NA|NA|242|90|192|13899614|72393.8229166667|0
"720310505013"|0|2|0|0|0|0|0|2|2|1|0|1|2|0|0|NA|NA|NA|NA|NA|48|7|112|4479552|NA|0
"720310506003"|0|1|1|0|0|0|0|1|1|1|0|0|1|0|0|4392|4392|3600|3600|NA|12|6|16|420000|26250|0
"720310506004"|0|1|1|0|0|0|0|1|1|1|0|0|1|0|0|4392|4392|3600|3600|NA|12|6|16|420000|26250|0
"720319800031"|0|1|0|0|0|0|0|1|1|0|0|1|1|0|0|10785|10785|NA|NA|NA|0|0|0|0|NA|0
"720352601002"|0|1|0|0|0|0|0|1|1|1|1|0|1|0|0|NA|NA|NA|NA|NA|11|9|2|34560|17280|0
"720352602011"|0|1|0|0|1|0|0|1|1|1|0|0|0|1|0|1904|3925|NA|NA|9506|335|100|288|19565140|67934.5138888889|0
"720352602022"|0|1|0|0|1|0|0|1|1|1|0|0|0|1|0|1904|3925|NA|NA|9506|335|100|288|19565140|67934.5138888889|0
"720439542001"|0|1|0|0|0|0|0|1|1|0|0|1|1|0|0|NA|NA|NA|NA|NA|0|0|0|0|NA|0
"720439542003"|0|1|0|0|0|0|0|1|1|0|0|1|1|0|0|NA|NA|NA|NA|NA|0|0|0|0|NA|0
"720531503012"|0|1|0|0|0|0|0|1|1|1|1|0|1|0|0|7080|7080|NA|NA|NA|5|0|8|320000|40000|0
"720531503021"|0|1|1|0|0|0|0|1|1|1|0|0|0|1|0|4392|4392|3780|3780|NA|98|39|84|4311192|51323.7142857143|0
"720531503022"|0|1|1|0|0|0|0|1|1|1|0|0|0|1|0|4392|4392|3780|3780|NA|98|39|84|4311192|51323.7142857143|0
"720572702013"|0|1|1|0|0|0|0|1|1|1|0|0|0|1|0|4392|4392|2520|2520|NA|101|43|90|4655016|51722.4|0
"720572705002"|0|1|1|0|0|0|0|1|1|1|0|0|0|1|0|4392|4392|2520|2520|NA|101|43|90|4655016|51722.4|0
"720572706004"|0|1|0|0|0|0|0|1|1|1|1|0|1|0|0|1080|1080|NA|NA|NA|28|8|100|5020070|50200.7|0
"720610403021"|0|1|1|0|0|0|0|1|1|1|0|0|1|0|0|5884|5884|7730|7730|NA|12|5|0|0|NA|0
"720610404031"|0|1|1|0|0|0|0|1|1|1|0|0|0|1|0|6780|6780|10800|10800|NA|47|10|100|2602338|26023.38|0
"720610404112"|0|1|0|0|0|0|0|1|1|1|1|0|0|0|1|NA|NA|NA|NA|NA|809|213|276|5404702|19582.2536231884|0
"720610404321"|0|1|0|0|0|0|0|1|1|1|1|0|0|0|1|NA|NA|NA|NA|NA|809|213|276|5404702|19582.2536231884|0
"720610404423"|0|1|1|0|0|0|0|1|1|1|0|0|0|1|0|6780|6780|10800|10800|NA|47|10|100|2602338|26023.38|0
"720610405001"|0|1|1|0|0|0|0|1|1|1|0|0|0|1|0|6780|6780|10800|10800|NA|47|10|100|2602338|26023.38|0
"720610405003"|0|1|1|0|0|0|0|1|1|1|0|0|0|1|0|6780|6780|10800|10800|NA|47|10|100|2602338|26023.38|0
"720632105021"|0|1|1|0|0|0|0|1|1|1|0|0|0|0|1|4920|4920|2652|2652|NA|511|278|388|19799992|51030.9072164948|0
"720632105023"|0|1|1|0|0|0|0|1|1|1|0|0|0|0|1|4920|4920|2652|2652|NA|511|278|388|19799992|51030.9072164948|0
"720632105031"|0|1|0|0|0|0|0|1|1|0|0|1|1|0|0|NA|NA|NA|NA|NA|0|0|0|0|NA|0
"720632105042"|0|1|0|0|0|0|0|1|1|0|0|1|1|0|0|NA|NA|NA|NA|NA|0|0|0|0|NA|0
"720653102001"|0|1|0|0|0|0|0|1|1|1|1|0|1|0|0|7080|7080|NA|NA|NA|0|0|0|0|NA|0
"720691803021"|0|1|0|0|0|0|0|1|1|1|0|0|0|1|0|1878|3900|NA|NA|NA|364|124|298|21499032|72144.4026845638|0
"720691805003"|0|1|0|0|0|0|0|1|1|1|0|0|1|0|0|5895|5895|NA|NA|NA|62|13|6|151200|25200|0
"720691806004"|0|1|0|0|0|0|0|1|1|1|0|0|1|0|0|5895|5895|NA|NA|NA|62|13|6|151200|25200|0
"720691806005"|0|2|0|0|0|0|0|2|2|1|0|1|2|0|0|11412|11412|NA|NA|NA|29|1|18|355992|NA|0
"720714104024"|0|1|0|0|0|0|0|1|1|0|0|1|1|0|0|NA|NA|NA|NA|NA|0|0|0|0|NA|0
"720757103012"|0|1|0|0|0|0|0|1|1|0|0|1|1|0|0|NA|NA|NA|NA|NA|0|0|0|0|NA|0
"720757106001"|0|1|1|0|0|0|0|1|1|1|0|0|1|0|0|7080|7080|4680|4680|NA|4|0|4|160000|40000|0
"720915701002"|0|1|0|0|0|0|0|1|1|1|0|0|1|0|0|7080|7080|NA|NA|NA|3|1|4|160000|40000|0
"720915701003"|0|1|1|0|0|0|0|1|1|1|0|0|1|0|0|4536|4536|5580|5580|NA|37|15|26|811800|31223.0769230769|0
"720915701004"|0|1|1|0|0|0|0|1|1|1|0|0|1|0|0|4536|4536|5580|5580|NA|37|15|26|811800|31223.0769230769|0
"720915703002"|0|1|0|0|0|0|0|1|1|1|0|0|0|1|0|5196|5196|NA|NA|NA|62|29|48|1308314|27256.5416666667|0
"720915703003"|0|1|0|0|0|0|0|1|1|0|0|1|1|0|0|NA|NA|NA|NA|NA|0|0|0|0|NA|0
"720915703004"|0|2|0|0|0|0|0|2|2|1|1|1|2|0|0|NA|NA|NA|NA|NA|20|7|28|670454|NA|0
"720915705001"|0|1|0|0|0|0|0|1|1|1|1|0|1|0|0|1080|1080|NA|NA|NA|10|5|100|2872416|28724.16|0
"720915705002"|0|1|0|0|0|0|0|1|1|1|1|0|1|0|0|1080|1080|NA|NA|NA|10|5|100|2872416|28724.16|0
"720970801001"|0|1|1|0|1|0|0|1|1|1|0|0|0|0|1|1878|3900|2520|6371|NA|2123|627|1138|86653358|76145.3057996485|0
"720970805001"|0|1|0|0|0|0|0|1|1|1|1|0|1|0|0|6720|6720|NA|NA|NA|20|7|24|794938|33122.4166666667|0
"720970806001"|0|2|0|0|0|0|0|2|2|0|0|2|2|0|0|NA|NA|NA|NA|NA|0|0|0|0|NA|0
"720970812001"|0|1|0|0|0|0|0|1|1|1|0|0|1|0|0|5895|5895|NA|NA|NA|40|6|2|50400|25200|0
"720970813002"|0|1|1|0|0|0|0|1|1|1|0|0|0|1|0|4680|4680|5220|5220|NA|47|17|74|3025636|40886.972972973|0
"720970815124"|0|1|0|0|0|0|0|1|1|1|1|0|1|0|0|5040|5040|NA|NA|NA|6|1|4|320000|80000|0
"720970818001"|0|1|1|0|0|0|0|1|1|1|0|0|0|1|0|5750|5750|2400|2400|5200|97|33|86|2745136|31920.1860465116|0
"720970821031"|0|1|1|0|0|0|0|1|1|1|0|0|0|1|0|4680|4680|5220|5220|NA|47|17|74|3025636|40886.972972973|0
"720970821032"|0|1|1|0|0|0|0|1|1|1|0|0|0|1|0|4680|4680|5220|5220|NA|47|17|74|3025636|40886.972972973|0
"720994202001"|0|1|0|0|0|0|0|1|1|0|0|1|1|0|0|NA|NA|NA|NA|NA|0|0|0|0|NA|0
"720994202002"|0|1|0|0|0|0|0|1|1|0|0|1|1|0|0|NA|NA|NA|NA|NA|0|0|0|0|NA|0
"721130701002"|0|1|0|0|0|0|0|1|1|0|0|1|1|0|0|7400|7400|NA|NA|NA|0|0|0|0|NA|0
"721130705033"|0|1|1|0|0|0|0|1|1|1|0|0|0|1|0|4392|4392|3600|3600|NA|18|8|56|1662202|29682.1785714286|0
"721130712001"|0|2|0|0|0|0|0|2|2|0|0|2|2|0|0|NA|NA|NA|NA|NA|0|0|0|0|NA|0
"721130712002"|0|3|0|0|0|0|0|3|3|0|0|3|3|0|0|NA|NA|NA|NA|NA|0|0|0|0|NA|0
"721130715001"|0|1|0|0|0|0|0|1|1|1|1|0|1|0|0|1080|1080|NA|NA|NA|21|7|46|2309232|50200.6956521739|0
"721130716011"|0|0|1|0|0|1|0|1|1|1|0|0|1|0|0|NA|NA|12583|14093|NA|226|54|114|8816154|77334.6842105263|0
"721130716012"|0|2|0|0|0|0|0|2|2|2|1|0|1|1|0|7985|10007|NA|NA|NA|280|99|218|12557874|83101.4574468085|0
"721130717001"|0|1|1|0|0|0|0|1|1|1|0|0|0|1|0|4680|4680|5220|5220|4908|512|212|468|20864824|44582.9572649573|0
"721130718001"|0|1|0|0|0|0|0|1|1|0|0|1|1|0|0|NA|NA|NA|NA|NA|0|0|0|0|NA|0
"721130721011"|0|2|1|0|0|1|0|3|3|3|1|0|2|1|0|NA|NA|NA|NA|NA|506|153|332|21374028|160436.141657335|0
"721130721012"|0|2|0|0|0|0|0|2|2|2|1|0|1|1|0|7985|10007|NA|NA|NA|280|99|218|12557874|83101.4574468085|0
"721130722021"|0|1|1|0|0|0|0|1|1|1|0|0|0|1|0|4392|4392|3780|3780|NA|222|70|194|10402608|53621.6907216495|0
"721130722022"|0|1|0|0|0|0|0|1|1|1|1|0|0|1|0|NA|NA|NA|NA|NA|66|9|86|1706058|19837.8837209302|0
"721130722026"|0|1|1|0|0|0|0|1|1|1|0|0|0|1|0|4392|4392|3780|3780|NA|222|70|194|10402608|53621.6907216495|0
"721130724002"|0|1|1|0|0|0|0|1|1|1|0|0|0|1|0|6120|6120|3240|3240|NA|52|19|48|1763998|36749.9583333333|0
"721191303001"|0|1|1|0|0|0|0|1|1|1|0|0|0|1|0|6120|6120|3240|3240|NA|71|29|44|1529474|34760.7727272727|0
"721191304023"|0|1|1|0|0|0|0|1|1|1|0|0|0|1|0|6120|6120|3240|3240|NA|71|29|44|1529474|34760.7727272727|0
"721191306011"|0|1|0|0|0|0|0|1|1|1|1|0|1|0|0|NA|NA|NA|NA|NA|0|0|0|0|NA|0
"721191306012"|0|1|0|0|0|0|0|1|1|1|1|0|1|0|0|NA|NA|NA|NA|NA|0|0|0|0|NA|0
"721258405002"|0|1|1|0|0|0|0|1|1|1|0|0|0|1|0|4392|4392|2520|2520|4313|260|91|212|12396048|58471.9245283019|0
"721258405003"|0|1|1|0|0|0|0|1|1|1|0|0|0|1|0|4392|4392|2520|2520|4313|260|91|212|12396048|58471.9245283019|0
"721258406001"|0|1|1|0|0|0|0|1|1|1|0|0|0|1|0|4392|4392|2520|2520|4313|260|91|212|12396048|58471.9245283019|0
"721270005061"|0|1|1|0|0|0|0|1|1|1|0|0|0|1|0|6435|6435|5502|5502|NA|115|36|52|2535440|48758.4615384615|0
"721270005062"|0|1|1|0|0|0|0|2|2|2|0|0|2|0|0|NA|NA|NA|NA|NA|54|16|32|1275600|NA|0
"721270019001"|0|1|1|0|0|0|0|1|1|1|0|0|1|0|0|2520|2520|2160|2160|NA|60|29|90|3037920|33754.6666666667|0
"721270021002"|0|2|0|0|0|0|0|2|2|0|0|2|1|1|0|NA|NA|NA|NA|NA|0|0|0|0|NA|0
"721270024002"|0|1|1|0|0|0|0|1|1|1|0|0|0|1|0|4800|4800|4050|4050|9400|268|128|174|7875696|45262.6206896552|0
"721270039021"|0|1|0|0|0|0|0|1|1|0|0|1|1|0|0|NA|NA|NA|NA|NA|0|0|0|0|NA|0
"721270039023"|0|1|0|0|0|0|0|1|1|0|0|1|1|0|0|NA|NA|NA|NA|NA|0|0|0|0|NA|0
"721270042003"|0|2|0|0|0|0|0|2|2|0|0|2|1|1|0|NA|NA|NA|NA|NA|0|0|0|0|NA|0
"721270051011"|0|1|0|0|0|0|0|1|1|1|1|0|1|0|0|1080|1080|NA|NA|NA|19|10|108|3101176|28714.5925925926|0
"721270052151"|0|1|0|0|0|0|0|1|1|1|1|0|1|0|0|1080|1080|NA|NA|NA|19|10|108|3101176|28714.5925925926|0
"721270058003"|0|1|2|0|0|0|0|2|2|2|0|0|1|0|1|NA|NA|6160|10278|NA|1764|622|1992|108105684|106759.89542106|0
"721270060001"|0|2|1|0|0|0|0|2|2|1|0|1|2|0|0|12120|12120|NA|NA|NA|48|2|538|18640000|NA|0
"721270060002"|0|2|1|0|0|0|0|2|2|1|0|1|2|0|0|12120|12120|NA|NA|NA|48|2|538|18640000|NA|0
"721270061011"|0|1|0|0|0|0|0|1|1|0|0|1|1|0|0|11807|11807|NA|NA|NA|0|0|0|0|NA|0
"721270061021"|0|1|2|0|0|0|0|2|2|2|0|0|1|0|1|NA|NA|6160|10278|NA|1764|622|1992|108105684|106759.89542106|0
"721270063002"|0|2|1|0|0|0|0|2|2|1|0|1|0|2|0|NA|NA|NA|NA|NA|201|81|264|12042606|NA|0
"721270063003"|0|2|1|0|0|0|0|2|2|1|0|1|0|2|0|NA|NA|NA|NA|NA|201|81|264|12042606|NA|0
"721270065001"|0|2|1|0|0|0|0|2|2|1|0|1|1|1|0|NA|NA|NA|NA|NA|134|36|82|2195660|NA|0
"721270065002"|0|1|0|0|0|0|0|1|1|0|0|1|1|0|0|NA|NA|NA|NA|NA|0|0|0|0|NA|0
"721270066001"|0|1|1|0|0|0|0|1|1|1|0|0|0|1|0|5100|6438|5700|5700|NA|134|36|82|2195660|26776.3414634146|0
"721270067001"|0|1|0|0|0|0|0|1|1|1|1|0|1|0|0|6720|6720|NA|NA|NA|49|19|32|1038432|32451|0
"721270084002"|0|1|1|0|1|1|0|1|1|1|0|0|0|1|0|2016|4456|4968|6403|NA|956|309|780|70016924|89765.2871794872|0
"721270086021"|0|1|1|0|0|0|0|1|1|0|0|0|0|0|0|NA|NA|NA|NA|NA|247|88|0|0|NA|0
"721270086022"|0|1|1|0|0|0|0|1|1|0|0|0|0|0|0|NA|NA|NA|NA|NA|247|88|0|0|NA|0
"721270087003"|0|1|0|0|0|0|0|1|1|0|0|1|1|0|0|NA|NA|NA|NA|NA|0|0|0|0|NA|0
"721270089003"|0|1|0|0|0|0|0|1|1|0|0|1|1|0|0|6460|6460|NA|NA|NA|0|0|0|0|NA|0
"721270091212"|0|1|0|0|0|0|0|1|1|1|0|0|1|0|0|5895|5895|NA|NA|NA|64|14|2|44400|22200|0
"721270096012"|0|2|3|0|0|0|0|3|3|2|0|0|1|0|1|NA|NA|NA|NA|NA|941|474|388|17985524|NA|0
"721270096021"|0|1|1|0|0|0|0|1|1|1|0|0|0|1|0|6588|6588|3780|3780|NA|339|125|372|22188648|59646.9032258065|0
"721270099034"|0|1|1|0|0|0|0|1|1|1|0|0|1|0|0|3720|3720|4080|4080|3760|17|2|32|169294|5290.4375|0
"721270105002"|0|0|1|0|0|0|0|1|1|1|0|0|1|0|0|NA|NA|11700|11700|NA|87|24|52|4928352|94776|0
"721270105003"|0|1|0|0|0|0|0|1|1|1|0|0|0|1|0|2040|2040|NA|NA|NA|127|55|54|2027400|37544.4444444444|0
"721279800001"|0|1|1|0|0|0|0|1|1|0|0|0|0|0|0|NA|NA|NA|NA|NA|520|161|0|0|NA|0
"721279802001"|0|1|1|0|0|0|0|2|2|2|0|0|2|0|0|NA|NA|NA|NA|NA|54|16|32|1275600|NA|0
"721292203002"|0|1|0|0|0|0|0|1|1|0|0|1|1|0|0|NA|NA|NA|NA|NA|0|0|0|0|NA|0
"721310092001"|0|1|1|0|0|0|0|1|1|1|0|0|0|1|0|5100|5100|5700|5700|NA|65|9|54|1619108|29983.4814814815|0
"721310092002"|0|1|0|0|0|0|0|1|1|0|0|1|1|0|0|NA|NA|NA|NA|NA|0|0|0|0|NA|0
"721319588001"|0|1|0|0|0|0|0|1|1|0|0|1|1|0|0|9900|9900|NA|NA|NA|0|0|0|0|NA|0
"721319592001"|0|1|0|0|0|0|0|1|1|0|0|1|1|0|0|NA|NA|NA|NA|NA|0|0|0|0|NA|0
"721390601022"|0|1|1|0|0|0|0|1|1|1|0|0|1|0|0|3288|3288|4239|4239|2400|21|6|26|274474|10556.6923076923|0
"721419572003"|0|1|0|0|0|0|0|1|1|1|0|0|0|1|0|1878|3900|NA|NA|NA|170|48|146|8784408|60167.1780821918|0
"721455602043"|0|1|1|0|0|0|0|1|1|1|0|0|1|0|0|4392|4392|3600|3600|NA|15|7|22|576000|26181.8181818182|0
"721455603002"|0|1|1|0|0|0|0|1|1|1|0|0|1|0|0|4392|4392|3600|3600|NA|15|7|22|576000|26181.8181818182|0
"721455603003"|0|1|1|0|0|0|0|1|1|1|0|0|1|0|0|4392|4392|3600|3600|NA|15|7|22|576000|26181.8181818182|0
"721455605003"|0|1|0|0|0|0|0|1|1|0|0|1|1|0|0|NA|NA|NA|NA|NA|0|0|0|0|NA|0
"721455607011"|0|1|0|0|0|0|0|1|1|0|0|1|1|0|0|NA|NA|NA|NA|NA|0|0|0|0|NA|0
"721455607013"|0|1|0|0|0|0|0|1|1|0|0|1|1|0|0|NA|NA|NA|NA|NA|0|0|0|0|NA|0
"721455607021"|0|1|0|0|0|0|0|1|1|0|0|1|1|0|0|NA|NA|NA|NA|NA|0|0|0|0|NA|0
"721537504001"|0|1|0|0|0|0|0|1|1|1|0|0|1|0|0|6420|6420|NA|NA|NA|19|7|20|486280|24314|0
"780309606003"|0|1|1|1|0|0|0|1|1|1|0|0|0|1|0|4630|13892|6948|13230|9900|371|47|218|14320272|65689.3211009174|0
"780309608001"|0|1|1|1|0|0|0|1|1|1|0|0|0|1|0|4630|13892|6948|13230|9900|371|47|218|14320272|65689.3211009174|0
"780309610001"|0|1|1|1|0|0|0|1|1|1|0|0|0|1|0|4630|13892|6948|13230|9900|371|47|218|14320272|65689.3211009174|0
"780309610004"|0|1|1|1|0|0|0|1|1|1|0|0|0|1|0|4630|13892|6948|13230|9900|371|47|218|14320272|65689.3211009174|0
"780309900000"|0|1|1|1|0|0|0|1|1|1|0|0|0|1|0|4630|13892|6948|13230|9900|371|47|218|14320272|65689.3211009174|0
NA|0|115|33|0|1|1|0|124|115|68|26|47|87|30|5|NA|NA|NA|NA|NA|13614|4159|11094|859292736|NA|0
