"fips"|"inactive_win12"|"undergrad_school_prog"|"grad_school_prog"|"hbcu"|"hospital"|"medical_school_prog"|"tribal_school_prog"|"public_college_university"|"post_secondary_institution"|"degree_granting"|"grants_associates_certificate_only"|"not_degree_granting"|"size_lt1k"|"size_1k_10k"|"size_gt10k"|"cost_undergrad_instate"|"cost_undergrad_outstate"|"cost_grad_instate"|"cost_grad_outstate"|"cost_oncampus_living"|"ft_noninst_academic_staff"|"ft_community_admin_staff"|"total_instructional_staff"|"total_inst_staff_salary"|"est_avg_inst_staff_salary"|"no_reported_inst_staff"
"010030103001"|0|1|0|0|0|0|0|1|1|1|1|0|0|1|0|3870|7740|NA|NA|5900|186|21|322|19333010|60040.4037267081|0
"010030107041"|0|1|1|0|0|0|0|1|1|1|0|0|1|0|0|16200|16200|17865|17865|NA|30|6|8|589052|73631.5|0
"010030107051"|0|1|1|0|0|0|0|1|1|1|0|0|1|0|0|16200|16200|17865|17865|NA|30|6|8|589052|73631.5|0
"010030114033"|0|1|1|0|0|0|0|1|1|1|0|0|0|0|1|5400|5400|3600|3600|NA|534|138|326|18089566|55489.4662576687|0
"010030115021"|0|1|0|0|0|0|0|1|1|0|0|1|1|0|0|NA|NA|NA|NA|NA|0|0|0|0|NA|0
"010030115022"|0|1|0|0|0|0|0|1|1|0|0|1|1|0|0|NA|NA|NA|NA|NA|0|0|0|0|NA|0
"010030116014"|0|1|1|0|0|0|0|1|1|1|0|0|0|0|1|5400|5400|3600|3600|NA|534|138|326|18089566|55489.4662576687|0
"010150021011"|0|1|1|0|0|0|0|1|1|1|0|0|0|1|0|9720|19440|9168|18336|7494|593|225|648|42729348|65940.3518518519|0
"010150021012"|0|1|1|0|0|0|0|1|1|1|0|0|0|1|0|9720|19440|9168|18336|7494|593|225|648|42729348|65940.3518518519|0
"010259579023"|0|1|0|0|0|0|0|1|1|0|0|1|1|0|0|NA|NA|NA|NA|NA|0|0|0|0|NA|0
"010310113002"|0|1|0|0|0|0|0|1|1|1|1|0|0|1|0|3870|7740|NA|NA|NA|69|28|94|5473806|58231.9787234043|0
"010330207041"|0|1|0|0|0|0|0|1|1|1|1|0|0|1|0|3870|7740|NA|NA|NA|105|29|144|6026212|41848.6944444444|0
"010359605001"|0|1|0|0|0|0|0|1|1|1|1|0|1|0|0|3870|7740|NA|NA|NA|28|7|32|1867090|58346.5625|0
"010399620001"|0|1|0|0|0|0|0|1|1|1|1|0|0|1|0|3870|7740|NA|NA|NA|63|33|114|6134784|53813.8947368421|0
"010439654012"|0|1|0|0|0|0|0|1|1|1|1|0|0|1|0|3870|7740|NA|NA|4600|164|70|250|13402330|53609.32|0
"010450214003"|0|1|0|0|0|0|0|1|1|1|1|0|0|1|0|3870|7740|NA|NA|NA|124|52|270|14629582|54183.637037037|0
"010479561004"|0|1|0|0|0|0|0|1|1|1|1|0|0|1|0|3870|7740|NA|NA|NA|92|32|106|5327062|50255.3018867925|0
"010479564002"|0|1|0|1|0|0|0|1|0|0|0|0|0|0|0|NA|NA|NA|NA|NA|0|0|0|0|NA|0
"010479565002"|0|1|0|1|0|0|0|1|0|0|0|0|0|0|0|NA|NA|NA|NA|NA|0|0|0|0|NA|0
"010479568001"|0|1|1|1|0|0|0|1|1|1|0|0|1|0|0|7205|7205|2070|2070|6400|33|11|8|212902|26612.75|0
"010510309011"|0|1|0|0|0|0|0|1|1|1|1|0|1|0|0|4644|4644|NA|NA|NA|67|18|78|4063184|52092.1025641026|0
"010550016003"|0|1|0|1|0|0|0|1|1|1|1|0|0|1|0|3870|7890|NA|NA|3600|199|80|278|15747622|56646.1223021583|0
"010690415003"|0|1|0|0|0|0|0|1|1|0|0|1|1|0|0|NA|NA|NA|NA|NA|0|0|0|0|NA|0
"010690416001"|0|0|1|0|0|1|0|1|1|1|0|0|1|0|0|NA|NA|NA|NA|NA|0|0|0|0|NA|0
"010719511003"|0|1|0|0|0|0|0|1|1|1|1|0|0|1|0|3870|7740|NA|NA|NA|71|34|108|6499538|60180.9074074074|0
"010730027001"|0|1|1|0|1|1|0|1|1|1|0|0|0|0|1|8568|19704|8100|18540|11682|3326|715|1796|203008160|113033.496659243|0
"010730030011"|0|1|0|0|0|0|0|1|1|1|0|0|0|1|0|16402|16402|NA|NA|12500|195|87|192|13285066|69193.0520833333|0
"010730045001"|0|1|1|0|1|1|0|1|1|1|0|0|0|0|1|8568|19704|8100|18540|11682|3326|715|1796|203008160|113033.496659243|0
"010730051043"|0|1|1|0|0|0|0|1|1|1|0|0|1|0|0|13130|13130|10720|10720|NA|16|5|30|2155760|71858.6666666667|0
"010730058001"|0|1|0|0|0|0|0|1|1|1|1|0|0|1|0|NA|NA|NA|NA|NA|0|0|0|0|NA|0
"010730102002"|0|1|0|0|0|0|0|1|1|0|0|1|1|0|0|NA|NA|NA|NA|NA|0|0|0|0|NA|0
"010730103022"|0|1|0|0|0|0|0|1|1|0|0|1|1|0|0|NA|NA|NA|NA|NA|0|0|0|0|NA|0
"010730106022"|0|1|0|1|0|0|0|1|1|1|0|0|0|1|0|10632|10632|NA|NA|7254|183|91|166|7955810|47926.5662650602|0
"010730106025"|0|1|0|1|0|0|0|1|1|1|0|0|0|1|0|10632|10632|NA|NA|7254|183|91|166|7955810|47926.5662650602|0
"010730107041"|0|1|1|0|0|0|0|1|1|1|0|0|0|1|0|30800|30800|17255|17255|10500|629|296|722|64316290|89080.7340720222|0
"010730107042"|0|1|1|0|0|0|0|1|1|1|0|0|0|1|0|30800|30800|17255|17255|10500|629|296|722|64316290|89080.7340720222|0
"010730112091"|0|1|0|0|0|0|0|1|1|1|1|0|0|1|0|3870|7740|NA|NA|NA|195|90|284|17264002|60788.7394366197|0
"010730117032"|0|1|0|0|0|0|0|1|1|0|0|1|1|0|0|NA|NA|NA|NA|NA|0|0|0|0|NA|0
"010730117034"|0|1|0|0|0|0|0|1|1|0|0|1|1|0|0|NA|NA|NA|NA|NA|0|0|0|0|NA|0
"010730128031"|0|1|1|0|0|0|0|1|1|1|0|0|0|1|0|13185|13185|14790|14790|NA|20|0|10|663212|66321.2|0
"010730128032"|0|1|1|0|0|0|0|1|1|1|0|0|0|1|0|13185|13185|14790|14790|NA|20|0|10|663212|66321.2|0
"010730131004"|0|1|0|1|0|0|0|1|1|1|1|0|0|1|0|3870|7740|NA|NA|4760|139|65|176|10038102|57034.6704545455|0
"010730132001"|0|1|0|0|0|0|0|1|1|0|0|1|1|0|0|NA|NA|NA|NA|NA|0|0|0|0|NA|0
"010730143021"|0|1|0|0|0|0|0|1|1|1|1|0|1|0|0|13048|13048|NA|NA|NA|16|9|20|1061458|53072.9|0
"010730144081"|0|1|0|0|0|0|0|1|1|0|0|1|1|0|0|NA|NA|NA|NA|NA|0|0|0|0|NA|0
"010730144082"|0|1|0|0|0|0|0|1|1|0|0|1|1|0|0|NA|NA|NA|NA|NA|0|0|0|0|NA|0
"010730144091"|0|1|0|0|0|0|0|1|1|0|0|1|1|0|0|NA|NA|NA|NA|NA|0|0|0|0|NA|0
"010770101001"|0|1|1|0|0|0|0|1|1|1|0|0|0|1|0|8310|16620|5868|11736|7670|456|160|528|37908758|71796.8901515152|0
"010770101002"|0|1|1|0|0|0|0|1|1|1|0|0|0|1|0|8310|16620|5868|11736|7670|456|160|528|37908758|71796.8901515152|0
"010770115011"|0|1|1|0|0|0|0|1|1|1|0|0|1|0|0|10152|10152|4482|4482|5745|22|4|8|449362|56170.25|0
"010770115014"|0|1|1|0|0|0|0|1|1|1|0|0|1|0|0|10152|10152|4482|4482|5745|22|4|8|449362|56170.25|0
"010810407002"|0|1|1|0|0|1|0|1|1|1|0|0|0|0|1|9624|28872|9630|28890|13332|3838|1205|2750|281238496|102268.544|0
"010830207001"|0|1|1|0|0|0|0|1|1|1|0|0|0|1|0|6060|12120|7968|7968|NA|143|48|172|13831430|80415.2906976744|0
"010830211001"|0|1|0|0|0|0|0|1|1|1|1|0|0|1|0|3870|7740|NA|NA|NA|217|113|298|17592024|59033.6375838926|0
"010830211004"|0|1|0|0|0|0|0|1|1|1|1|0|0|1|0|3870|7740|NA|NA|NA|217|113|298|17592024|59033.6375838926|0
"010872317001"|0|1|1|1|0|1|0|1|1|1|0|0|0|1|0|19210|19210|19210|19210|9650|383|128|526|25972852|49378.0456273764|0
"010890002021"|0|2|1|2|0|0|0|2|2|2|1|0|1|1|0|12480|24960|NA|NA|NA|575|300|564|38184684|123707.196575457|0
"010890014023"|0|2|0|0|0|0|0|2|2|0|0|2|2|0|0|NA|NA|NA|NA|NA|0|0|0|0|NA|0
"010890015003"|0|1|1|0|0|0|0|1|1|1|0|0|0|1|0|9730|21378|10632|23604|10094|1000|269|694|61186682|88165.2478386167|0
"010890025012"|0|1|0|0|0|0|0|1|1|1|1|0|1|0|0|NA|NA|NA|NA|NA|0|0|0|0|NA|0
"010890030001"|0|1|1|0|0|0|0|1|1|1|0|0|1|0|0|4200|4200|4230|4230|NA|6|0|0|0|NA|0
"010890106222"|0|1|1|1|0|0|0|1|1|1|0|0|0|1|0|18786|18786|13536|13536|9700|240|77|222|11907800|53638.7387387387|0
"010890110211"|0|1|0|0|0|0|0|1|1|0|0|1|1|0|0|NA|NA|NA|NA|NA|0|0|0|0|NA|0
"010950308013"|0|1|0|0|0|0|0|1|1|0|0|1|1|0|0|NA|NA|NA|NA|NA|0|0|0|0|NA|0
"010950311003"|0|1|0|0|0|0|0|1|1|1|1|0|0|1|0|3870|7740|NA|NA|3611|66|29|72|5323214|73933.5277777778|0
"010970004012"|0|1|0|1|0|0|0|1|1|1|1|0|0|1|0|3870|7740|NA|NA|NA|120|62|148|8613152|58196.972972973|0
"010970021001"|0|1|0|0|0|0|0|1|1|0|0|1|1|0|0|17700|17700|NA|NA|NA|0|0|0|0|NA|0
"010970029002"|0|1|0|0|0|0|0|1|1|0|0|1|1|0|0|NA|NA|NA|NA|NA|0|0|0|0|NA|0
"010970029003"|0|1|0|0|0|0|0|1|1|0|0|1|1|0|0|NA|NA|NA|NA|NA|0|0|0|0|NA|0
"010970032041"|0|2|0|0|0|0|0|2|2|2|1|0|2|0|0|NA|NA|NA|NA|NA|27|6|34|1505754|NA|0
"010970032042"|0|2|0|0|0|0|0|2|2|2|1|0|2|0|0|NA|NA|NA|NA|NA|27|6|34|1505754|NA|0
"010970033021"|0|1|1|0|0|0|0|1|1|1|0|0|0|1|0|37078|37078|9270|9270|13462|120|54|170|10247616|60280.0941176471|0
"010970036051"|0|1|1|0|1|1|0|1|1|1|0|0|0|0|1|7896|15792|7956|15912|7620|1156|309|1180|86699928|73474.5152542373|0
"010970037031"|0|1|0|0|0|0|0|1|1|0|0|1|1|0|0|NA|NA|NA|NA|NA|0|0|0|0|NA|0
"010970061051"|0|1|1|0|0|0|0|1|1|1|0|0|0|1|0|21620|21620|8880|8880|9600|125|75|152|7041788|46327.5526315789|0
"010990759004"|0|1|0|0|0|0|0|1|0|0|0|0|0|0|0|NA|NA|NA|NA|NA|0|0|0|0|NA|0
"011010010002"|0|1|0|1|0|0|0|1|1|1|1|0|0|1|0|3870|7740|NA|NA|NA|76|30|128|5717908|44671.15625|0
"011010014002"|0|1|0|0|0|0|0|1|1|1|0|0|0|1|0|24595|24595|NA|NA|9750|121|44|110|6741944|61290.4|0
"011010015003"|0|1|1|1|0|0|0|1|1|1|0|0|0|1|0|8328|16656|9888|19776|6050|563|172|454|35265524|77677.3656387665|0
"011010017001"|0|1|0|0|0|0|0|1|1|0|0|1|1|0|0|NA|NA|NA|NA|NA|0|0|0|0|NA|0
"011010026004"|0|2|1|0|0|0|0|2|2|2|1|0|1|1|0|34327|34327|NA|NA|NA|173|88|252|15223182|122244.479674797|0
"011010054023"|0|1|0|0|0|0|0|1|1|1|1|0|1|0|0|14447|14447|NA|NA|NA|6|1|6|371224|61870.6666666667|0
"011010054032"|0|1|0|0|0|0|0|1|1|1|1|0|1|0|0|NA|NA|NA|NA|NA|0|0|0|0|NA|0
"011010054033"|0|1|0|0|0|0|0|1|1|1|1|0|1|0|0|NA|NA|NA|NA|NA|0|0|0|0|NA|0
"011010054071"|0|2|2|0|0|0|0|2|2|2|0|0|1|1|0|16536|25944|18846|27756|NA|340|114|488|34250132|122638.415625449|0
"011010054072"|0|2|2|0|0|0|0|2|2|2|0|0|1|1|0|16536|25944|18846|27756|NA|340|114|488|34250132|122638.415625449|0
"011010054104"|0|1|1|0|0|0|0|1|1|1|0|0|1|0|0|16920|16920|16620|16620|NA|21|10|12|763782|63648.5|0
"011056870002"|0|1|0|0|0|0|0|1|1|1|0|0|1|0|0|17240|17240|NA|NA|10590|61|14|56|3402586|60760.4642857143|0
"011056870004"|0|1|0|0|0|0|0|1|1|1|1|0|1|0|0|6000|12000|NA|NA|4950|85|20|42|2457768|58518.2857142857|0
"011091891004"|0|1|1|0|0|0|0|1|1|1|0|0|0|0|1|7800|15600|7650|15300|6804|910|484|1082|76266612|70486.7024029575|0
"011110006002"|0|1|0|0|0|0|0|1|1|1|1|0|0|1|0|3870|7740|NA|NA|4400|114|57|188|10631352|56549.7446808511|0
"011130306002"|0|1|0|0|0|0|0|1|1|1|1|0|0|1|0|3870|7740|NA|NA|NA|50|23|78|4291184|55015.1794871795|0
"011170303063"|0|1|0|0|0|0|0|1|1|0|0|1|1|0|0|NA|NA|NA|NA|NA|0|0|0|0|NA|0
"011170303301"|0|1|1|0|0|0|0|1|0|0|0|0|0|0|0|NA|NA|NA|NA|NA|0|0|0|0|NA|0
"011170303303"|0|1|1|0|0|0|0|1|0|0|0|0|0|0|0|NA|NA|NA|NA|NA|0|0|0|0|NA|0
"011170304071"|0|1|1|0|0|0|0|1|1|1|0|0|0|1|0|12090|25110|10200|21792|9330|343|138|294|20400564|69389.6734693878|0
"011190113005"|0|1|1|0|0|0|0|1|1|1|0|0|0|1|0|8450|16900|6678|13356|7080|324|111|224|13683360|61086.4285714286|0
"011210107001"|0|1|1|1|0|0|0|1|1|1|0|0|0|1|0|12130|12130|15600|15600|6704|106|30|84|4606602|54840.5|0
"011239623004"|0|1|0|0|0|0|0|1|1|1|1|0|0|1|0|3870|7740|NA|NA|NA|69|26|96|5623890|58582.1875|0
"011250112001"|0|2|2|0|0|0|0|2|2|1|0|0|0|0|1|NA|NA|NA|NA|NA|4554|1435|2968|284099140|NA|0
"011250117012"|0|1|0|1|0|0|0|1|1|1|0|0|1|0|0|9548|9548|NA|NA|7394|85|37|80|4136718|51708.975|0
"011250125021"|0|1|0|1|0|0|0|1|1|1|1|0|0|1|0|3870|8310|NA|NA|NA|183|75|184|10779666|58585.1413043478|0
"011250125022"|0|1|0|1|0|0|0|1|1|1|1|0|0|1|0|3870|8310|NA|NA|NA|183|75|184|10779666|58585.1413043478|0
"011250125023"|0|1|0|1|0|0|0|1|1|1|1|0|0|1|0|3870|8310|NA|NA|NA|183|75|184|10779666|58585.1413043478|0
"011250125032"|0|1|0|1|0|0|0|1|1|1|1|0|0|1|0|3870|8310|NA|NA|NA|183|75|184|10779666|58585.1413043478|0
"011270203002"|0|1|0|0|0|0|0|1|1|1|1|0|0|1|0|4128|8256|NA|NA|4576|147|57|224|13431520|59962.1428571429|0
"011270203004"|0|1|0|0|0|0|0|1|1|1|1|0|0|1|0|4128|8256|NA|NA|4576|147|57|224|13431520|59962.1428571429|0
"020200015004"|0|1|0|0|0|0|0|1|1|1|1|0|1|0|0|NA|NA|NA|NA|NA|20|14|12|585838|48819.8333333333|0
"020200015005"|0|1|0|0|0|0|0|1|1|1|1|0|1|0|0|NA|NA|NA|NA|NA|20|14|12|585838|48819.8333333333|0
"020200016021"|0|2|2|0|0|0|0|2|2|2|0|0|1|0|1|27505|43540|20502|30204|20108|1207|490|1062|83569070|136254.007112376|0
"020200018022"|0|2|2|0|0|0|0|2|2|2|0|0|1|0|1|27505|43540|20502|30204|20108|1207|490|1062|83569070|136254.007112376|0
"020900013005"|0|2|2|0|0|0|0|2|2|1|0|0|0|1|0|NA|NA|NA|NA|NA|1992|366|674|53938194|NA|0
"021100001002"|0|1|1|0|0|0|0|1|1|1|0|0|0|1|0|6552|21644|10269|21588|9200|200|69|206|14352940|69674.4660194175|0
"021220006006"|0|1|0|0|0|0|0|1|1|1|1|0|1|0|0|7900|7900|NA|NA|11000|9|0|6|330638|55106.3333333333|0
"021220007002"|0|1|0|0|0|0|0|1|1|1|1|0|1|0|0|7900|7900|NA|NA|11000|9|0|6|330638|55106.3333333333|0
"021220013001"|0|1|0|0|0|0|0|1|1|0|0|1|1|0|0|NA|NA|NA|NA|NA|0|0|0|0|NA|0
"021220013002"|0|1|0|0|0|0|0|1|1|0|0|1|1|0|0|NA|NA|NA|NA|NA|0|0|0|0|NA|0
"021700012012"|0|1|0|0|0|0|0|1|1|1|0|0|1|0|0|9000|9000|NA|NA|5700|5|0|10|420000|42000|0
"021850001001"|0|1|0|0|0|0|1|1|1|1|0|0|1|0|0|3960|3960|NA|NA|13000|67|17|22|2038670|92666.8181818182|0
"021850001002"|0|1|0|0|0|0|1|1|1|1|0|0|1|0|0|3960|3960|NA|NA|13000|67|17|22|2038670|92666.8181818182|0
"040019441004"|0|1|0|0|0|0|1|1|1|1|0|0|0|1|0|1320|1320|NA|NA|4240|238|68|134|6891438|51428.6417910448|0
"040019441005"|0|1|0|0|0|0|1|1|1|1|0|0|0|1|0|1320|1320|NA|NA|4240|238|68|134|6891438|51428.6417910448|0
"040030014013"|0|2|1|0|0|0|0|2|2|2|1|0|1|1|0|10588|37928|NA|NA|NA|286|90|254|16161776|135131.621477532|0
"040030016022"|0|0|0|0|0|0|0|1|0|0|0|0|0|0|0|NA|NA|NA|NA|NA|0|0|0|0|NA|0
"040030016023"|0|0|0|0|0|0|0|1|0|0|0|0|0|0|0|NA|NA|NA|NA|NA|0|0|0|0|NA|0
"040030016024"|0|0|0|0|0|0|0|1|0|0|0|0|0|0|0|NA|NA|NA|NA|NA|0|0|0|0|NA|0
"040030017021"|0|2|1|0|0|0|0|2|2|2|1|0|1|1|0|10588|37928|NA|NA|NA|286|90|254|16161776|135131.621477532|0
"040050003004"|0|1|0|0|0|0|0|1|1|0|0|1|1|0|0|NA|NA|NA|NA|NA|0|0|0|0|NA|0
"040050004003"|0|1|0|0|0|0|0|1|1|0|0|1|1|0|0|NA|NA|NA|NA|NA|0|0|0|0|NA|0
"040050009001"|0|1|0|0|0|0|0|1|1|1|1|0|0|1|0|3270|11445|NA|NA|NA|111|16|76|4889504|64335.5789473684|0
"040050010001"|0|1|1|0|0|0|0|1|1|1|0|0|0|0|1|9738|16431|9795|19217|10282|2072|451|2322|176079354|75830.9018087855|0
"040050011023"|0|1|0|0|0|0|0|1|1|1|0|0|1|0|0|18021|18021|NA|NA|NA|10|0|4|346712|86678|0
"040099612011"|0|1|0|0|0|0|0|1|1|1|1|0|0|1|0|2700|11400|NA|NA|6790|146|49|190|13834954|72815.5473684211|0
"040099612012"|0|1|0|0|0|0|0|1|1|1|1|0|0|1|0|2700|11400|NA|NA|6790|146|49|190|13834954|72815.5473684211|0
"040130610211"|0|1|0|0|0|0|0|1|1|1|1|0|0|1|0|2040|7824|NA|NA|NA|181|30|210|16212096|77200.4571428571|0
"040130610281"|0|1|1|0|0|0|0|1|1|1|0|0|1|0|0|26500|26500|11682|11682|14300|68|37|12|788000|65666.6666666667|0
"040130715091"|0|1|0|0|0|0|0|1|1|0|0|1|1|0|0|NA|NA|NA|NA|NA|0|0|0|0|NA|0
"040130719153"|0|1|0|0|0|0|0|1|1|1|1|0|0|0|1|2040|7824|NA|NA|NA|340|63|542|44062572|81296.258302583|0
"040130820242"|0|1|0|0|0|0|0|1|1|0|0|1|1|0|0|NA|NA|NA|NA|NA|0|0|0|0|NA|0
"040130820271"|0|1|0|0|0|0|0|1|1|1|1|0|0|1|0|NA|NA|NA|NA|NA|67|3|100|5380446|53804.46|0
"040130923051"|0|1|0|0|0|0|0|1|1|1|1|0|0|0|1|2040|7824|NA|NA|NA|340|63|542|44062572|81296.258302583|0
"040130923091"|0|1|0|0|0|0|0|1|1|1|1|0|1|0|0|15660|15660|NA|NA|NA|29|16|10|396240|39624|0
"040130930013"|0|1|0|0|0|0|0|1|1|0|0|1|1|0|0|NA|NA|NA|NA|NA|0|0|0|0|NA|0
"040131032072"|0|1|0|0|0|0|0|1|1|0|0|1|1|0|0|NA|NA|NA|NA|NA|0|0|0|0|NA|0
"040131040002"|0|2|1|0|0|0|0|2|2|2|1|0|2|0|0|NA|NA|NA|NA|NA|18|9|48|1837648|NA|0
"040131042052"|0|1|0|0|0|0|0|1|1|0|0|1|1|0|0|NA|NA|NA|NA|NA|0|0|0|0|NA|0
"040131042054"|0|1|0|0|0|0|0|1|1|1|0|0|1|0|0|18021|18021|NA|NA|NA|20|0|22|1447974|65817|0
"040131042072"|0|1|0|0|0|0|0|1|1|0|0|1|1|0|0|NA|NA|NA|NA|NA|0|0|0|0|NA|0
"040131042172"|0|0|1|0|0|0|0|1|0|0|0|0|0|0|0|NA|NA|NA|NA|NA|0|0|0|0|NA|0
"040131042191"|0|1|1|0|0|0|0|1|1|1|0|0|0|1|0|9613|26238|11406|22644|11588|420|124|596|55184764|92591.8859060403|0
"040131042241"|0|1|1|0|0|0|0|1|1|1|0|0|0|1|0|9613|26238|11406|22644|11588|420|124|596|55184764|92591.8859060403|0
"040131044021"|0|2|1|0|0|0|0|2|2|1|0|1|2|0|0|NA|NA|NA|NA|NA|21|1|8|659660|NA|0
"040131048022"|0|1|0|0|0|0|0|1|1|1|0|0|1|0|0|25476|25476|NA|NA|10674|59|34|48|2432350|50673.9583333333|0
"040131055011"|0|1|1|0|0|0|0|1|1|1|0|0|0|1|0|NA|NA|NA|NA|NA|60|30|64|4491360|70177.5|0
"040131055012"|0|1|0|0|0|0|0|1|1|1|1|0|1|0|0|NA|NA|NA|NA|NA|14|0|18|878982|48832.3333333333|0
"040131055022"|0|4|1|0|0|0|0|4|4|4|1|0|4|0|0|NA|NA|NA|NA|NA|96|12|72|5861426|NA|0
"040131065012"|0|1|1|0|0|0|0|1|1|1|0|0|1|0|0|7800|7800|5850|5850|NA|28|4|0|0|NA|0
"040131069001"|0|1|0|0|0|0|0|1|1|0|0|1|1|0|0|NA|NA|NA|NA|NA|0|0|0|0|NA|0
"040131072011"|0|1|1|0|0|0|0|1|1|1|0|0|0|0|1|16399|16399|9916|9916|8550|1028|201|830|58716972|70743.3397590361|0
"040131072021"|0|1|0|0|0|0|0|1|1|0|0|1|1|0|0|NA|NA|NA|NA|NA|0|0|0|0|NA|0
"040131075002"|0|0|1|0|0|0|0|1|1|1|0|0|1|0|0|NA|NA|17346|17346|NA|15|4|2|80000|40000|0
"040131104002"|0|1|0|0|0|0|0|1|1|1|1|0|0|0|1|2040|7824|NA|NA|NA|237|49|308|24533752|79655.038961039|0
"040131112041"|0|1|1|0|0|0|0|1|1|1|0|0|0|1|0|10576|10576|4667|4667|NA|93|3|22|1311394|59608.8181818182|0
"040131118002"|0|1|1|0|0|0|0|1|1|0|0|0|0|0|0|NA|NA|NA|NA|NA|35|13|0|0|NA|0
"040131125142"|0|1|0|0|0|0|0|1|1|0|0|1|1|0|0|NA|NA|NA|NA|NA|0|0|0|0|NA|0
"040131129002"|0|1|0|0|0|0|0|1|1|0|0|1|1|0|0|NA|NA|NA|NA|NA|0|0|0|0|NA|0
"040131131002"|0|1|1|0|0|0|0|1|1|1|0|0|0|0|1|10104|27618|11406|25160|14584|922|336|1072|92884872|86646.3358208955|0
"040131133002"|0|1|0|0|0|0|0|1|1|1|1|0|1|0|0|12355|12355|NA|NA|NA|4|1|6|360000|60000|0
"040131138011"|0|3|1|0|0|0|0|3|3|3|2|0|1|2|0|NA|NA|NA|NA|NA|316|50|282|20976040|191154.954545455|0
"040131138021"|0|6|3|0|0|0|0|6|6|5|2|0|2|1|2|NA|NA|NA|NA|NA|4465|1635|284|16024740|NA|0
"040131141001"|0|0|1|0|0|0|0|1|1|1|0|0|1|0|0|NA|NA|NA|NA|NA|0|0|0|0|NA|0
"040131152003"|0|5|2|0|0|0|0|5|5|4|2|0|2|0|2|NA|NA|NA|NA|NA|4372|1632|262|14713346|NA|0
"040131163003"|0|1|0|0|0|0|0|1|1|1|1|0|0|1|0|2040|7824|NA|NA|NA|127|12|128|10237728|79982.25|0
"040131167083"|0|1|0|0|0|0|0|1|1|0|0|1|1|0|0|NA|NA|NA|NA|NA|0|0|0|0|NA|0
"040131167192"|0|1|0|0|0|0|0|1|1|0|0|1|1|0|0|NA|NA|NA|NA|NA|0|0|0|0|NA|0
"040131172001"|0|1|0|0|0|0|0|1|1|0|0|1|1|0|0|NA|NA|NA|NA|NA|0|0|0|0|NA|0
"040131172002"|0|1|0|0|0|0|0|1|1|0|0|1|1|0|0|NA|NA|NA|NA|NA|0|0|0|0|NA|0
"040132168061"|0|1|0|0|0|0|0|1|1|1|1|0|0|1|0|8250|8250|NA|NA|NA|54|0|34|954000|28058.8235294118|0
"040132168092"|0|1|0|0|0|0|0|1|1|0|0|1|1|0|0|NA|NA|NA|NA|NA|0|0|0|0|NA|0
"040132168131"|0|0|1|0|0|0|0|1|1|1|0|0|1|0|0|NA|NA|8640|8640|NA|23|2|14|1045064|74647.4285714286|0
"040132168184"|0|1|0|0|0|0|0|1|1|0|0|1|1|0|0|NA|NA|NA|NA|NA|0|0|0|0|NA|0
"040132168491"|0|0|1|0|0|0|0|1|1|1|0|0|1|0|0|NA|NA|34500|34500|NA|5|0|6|344000|57333.3333333333|0
"040132178002"|0|1|0|0|0|0|0|1|1|0|0|1|1|0|0|NA|NA|NA|NA|NA|0|0|0|0|NA|0
"040132182004"|0|1|1|0|0|0|0|1|1|1|0|0|0|0|1|8529|18452|6264|6264|12626|354|146|1626|135054158|83059.1377613776|0
"040133187002"|0|1|0|0|0|0|0|1|1|1|1|0|1|0|0|8400|8400|NA|NA|NA|16|2|0|0|NA|0
"040133188004"|0|5|2|0|0|0|0|5|5|4|2|0|2|0|2|NA|NA|NA|NA|NA|4372|1632|262|14713346|NA|0
"040133190004"|0|1|1|0|0|0|0|1|1|1|0|0|0|0|1|10104|27618|11406|25160|12648|6348|1607|4242|448154042|105646.874587459|0
"040133191011"|0|1|0|0|0|0|0|1|1|1|1|0|1|0|0|NA|NA|NA|NA|NA|91|3|2|80000|40000|0
"040133192022"|0|0|1|0|0|0|0|1|1|1|0|0|1|0|0|NA|NA|NA|NA|NA|78|18|34|2542810|74788.5294117647|0
"040133193001"|0|1|0|0|0|0|0|1|1|0|0|1|1|0|0|NA|NA|NA|NA|NA|0|0|0|0|NA|0
"040133197031"|0|1|1|0|0|0|0|1|1|1|0|0|1|0|0|15936|15936|17000|17000|8670|50|5|60|3155266|52587.7666666667|0
"040133197033"|0|2|1|0|0|0|0|2|2|1|0|1|2|0|0|NA|NA|NA|NA|NA|50|5|60|3155266|NA|0
"040133197041"|0|5|2|0|0|0|0|5|5|4|2|0|2|0|2|NA|NA|NA|NA|NA|4372|1632|262|14713346|NA|0
"040133199101"|0|1|0|0|0|0|0|1|1|0|0|1|1|0|0|NA|NA|NA|NA|NA|0|0|0|0|NA|0
"040133201001"|0|7|3|0|0|0|0|7|7|6|3|0|3|1|2|NA|NA|NA|NA|NA|4481|1637|284|16024740|NA|0
"040134213031"|0|1|0|0|0|0|0|1|1|1|0|0|1|0|0|18880|18880|NA|NA|NA|35|25|24|1852500|77187.5|0
"040134213042"|0|1|0|0|0|0|0|1|1|0|0|1|1|0|0|NA|NA|NA|NA|NA|0|0|0|0|NA|0
"040134221033"|0|1|0|0|0|0|0|1|1|1|1|0|1|0|0|NA|NA|NA|NA|NA|30|17|92|5569422|60537.1956521739|0
"040134222032"|0|1|0|0|0|0|0|1|1|1|1|0|1|0|0|NA|NA|NA|NA|NA|24|2|26|1883510|72442.6923076923|0
"040134222042"|0|1|0|0|0|0|0|1|1|1|1|0|0|0|1|2040|7824|NA|NA|NA|406|94|608|50767148|83498.5986842105|0
"040134222102"|0|1|0|0|0|0|0|1|1|0|0|1|1|0|0|NA|NA|NA|NA|NA|0|0|0|0|NA|0
"040134222163"|0|1|0|0|0|0|0|1|1|0|0|1|1|0|0|NA|NA|NA|NA|NA|0|0|0|0|NA|0
"040134223041"|0|1|0|0|0|0|0|1|1|1|1|0|1|0|0|NA|NA|NA|NA|NA|0|0|0|0|NA|0
"040134223042"|0|1|0|0|0|0|0|1|1|1|1|0|1|0|0|NA|NA|NA|NA|NA|0|0|0|0|NA|0
"040134223072"|0|1|0|0|0|0|0|1|1|1|1|0|1|0|0|NA|NA|NA|NA|NA|0|0|0|0|NA|0
"040134226222"|0|1|0|0|0|0|0|1|1|1|1|0|1|0|0|NA|NA|NA|NA|NA|15|7|16|852548|53284.25|0
"040134226223"|0|1|0|0|0|0|0|1|1|1|1|0|1|0|0|NA|NA|NA|NA|NA|15|7|16|852548|53284.25|0
"040135228001"|0|1|1|0|0|0|0|1|1|1|0|0|0|1|0|9613|26238|11406|22644|11683|248|58|412|32822556|79666.3980582524|0
"040135230061"|0|1|0|0|0|0|0|1|1|0|0|1|1|0|0|NA|NA|NA|NA|NA|0|0|0|0|NA|0
"040136145003"|0|1|0|0|0|0|0|1|1|0|0|1|1|0|0|NA|NA|NA|NA|NA|0|0|0|0|NA|0
"040136160002"|0|0|1|0|1|1|0|1|1|1|0|0|0|1|0|NA|NA|45133|45133|NA|510|139|398|55564514|139609.331658291|0
"040136189001"|0|1|0|0|0|0|0|1|1|0|0|1|1|0|0|NA|NA|NA|NA|NA|0|0|0|0|NA|0
"040136196001"|0|1|0|0|0|0|0|1|1|1|1|0|0|1|0|2040|7824|NA|NA|NA|152|32|240|19356310|80651.2916666667|0
"040138100001"|0|1|0|0|0|0|0|1|1|0|0|1|1|0|0|NA|NA|NA|NA|NA|0|0|0|0|NA|0
"040138104002"|0|1|0|0|0|0|0|1|1|0|0|1|1|0|0|NA|NA|NA|NA|NA|0|0|0|0|NA|0
"040138112001"|0|1|1|0|0|0|0|1|1|1|0|0|0|1|0|13344|13344|13639|13639|NA|0|0|0|0|NA|0
"040138117001"|0|1|0|0|0|0|0|1|1|1|1|0|0|0|1|2040|7824|NA|NA|10500|228|45|286|23118608|80834.2937062937|0
"040138117003"|0|1|0|0|0|0|0|1|1|1|1|0|0|0|1|2040|7824|NA|NA|10500|228|45|286|23118608|80834.2937062937|0
"040138118001"|0|1|1|0|0|0|0|1|1|1|0|0|0|1|0|13344|13344|13639|13639|NA|0|0|0|0|NA|0
"040138118002"|0|1|1|0|0|0|0|1|1|1|0|0|0|1|0|13344|13344|13639|13639|NA|0|0|0|0|NA|0
"040138122003"|0|1|1|0|0|0|0|1|1|1|0|0|1|0|0|11250|11250|6750|6750|6200|7|0|20|614800|30740|0
"040138176001"|0|1|1|0|0|0|0|1|1|1|0|0|0|1|0|9613|26238|11406|22644|11683|248|58|412|32822556|79666.3980582524|0
"040139413001"|0|2|0|0|0|0|0|2|2|1|1|1|1|1|0|NA|NA|NA|NA|NA|210|50|304|24952622|NA|0
"040159507041"|0|1|0|0|0|0|0|1|1|1|1|0|0|1|0|2430|8505|NA|NA|NA|175|70|150|8660782|57738.5466666667|0
"040159520041"|0|1|0|0|0|0|0|1|1|0|0|1|1|0|0|NA|NA|NA|NA|NA|0|0|0|0|NA|0
"040159526003"|0|1|0|0|0|0|0|1|1|0|0|1|1|0|0|NA|NA|NA|NA|NA|0|0|0|0|NA|0
"040159530001"|0|1|0|0|0|0|0|1|1|0|0|1|1|0|0|NA|NA|NA|NA|NA|0|0|0|0|NA|0
"040159530002"|0|1|0|0|0|0|0|1|1|0|0|1|1|0|0|NA|NA|NA|NA|NA|0|0|0|0|NA|0
"040159539001"|0|1|0|0|0|0|0|1|1|0|0|1|1|0|0|NA|NA|NA|NA|NA|0|0|0|0|NA|0
"040179601001"|0|1|0|0|0|0|0|1|1|1|1|0|0|1|0|1776|8520|NA|NA|NA|128|40|150|8781356|58542.3733333333|0
"040190002001"|0|1|0|0|0|0|0|1|1|1|1|0|1|0|0|NA|NA|NA|NA|NA|9|1|14|828356|59168.2857142857|0
"040190003002"|0|1|0|0|0|0|0|1|1|0|0|1|1|0|0|NA|NA|NA|NA|NA|0|0|0|0|NA|0
"040190004003"|0|1|0|0|0|0|0|1|1|0|0|1|1|0|0|NA|NA|NA|NA|NA|0|0|0|0|NA|0
"040190005001"|0|1|1|0|0|1|0|1|1|1|0|0|0|0|1|10467|31688|11716|32065|12550|6921|1412|3604|373941400|103757.325194229|0
"040190005004"|0|1|1|0|0|1|0|1|1|1|0|0|0|0|1|10467|31688|11716|32065|12550|6921|1412|3604|373941400|103757.325194229|0
"040190005005"|0|1|1|0|0|1|0|1|1|1|0|0|0|0|1|10467|31688|11716|32065|12550|6921|1412|3604|373941400|103757.325194229|0
"040190005006"|0|1|0|0|0|0|0|1|1|0|0|1|1|0|0|NA|NA|NA|NA|NA|0|0|0|0|NA|0
"040190006002"|0|2|0|0|0|0|0|2|2|0|0|2|2|0|0|NA|NA|NA|NA|NA|0|0|0|0|NA|0
"040190006005"|0|2|0|0|0|0|0|2|2|0|0|2|2|0|0|NA|NA|NA|NA|NA|0|0|0|0|NA|0
"040190017002"|0|0|1|0|0|0|0|1|1|1|0|0|1|0|0|NA|NA|17828|17828|NA|12|5|0|0|NA|0
"040190017003"|0|0|1|0|0|0|0|1|1|1|0|0|1|0|0|NA|NA|17828|17828|NA|12|5|0|0|NA|0
"040190018012"|0|1|0|0|0|0|0|1|1|1|0|0|0|1|0|NA|NA|NA|NA|NA|57|35|110|6807420|61885.6363636364|0
"040190018014"|0|1|1|0|0|0|0|1|1|1|0|0|1|0|0|22944|22944|21000|21000|NA|22|2|16|878000|54875|0
"040190018015"|0|2|1|0|0|0|0|2|2|2|0|0|1|1|0|NA|NA|NA|NA|NA|79|37|126|7685420|116760.636363636|0
"040190030022"|0|1|0|0|0|0|0|1|1|0|0|1|1|0|0|NA|NA|NA|NA|NA|0|0|0|0|NA|0
"040190033023"|0|1|0|0|0|0|0|1|1|0|0|1|1|0|0|NA|NA|NA|NA|NA|0|0|0|0|NA|0
"040190033024"|0|1|0|0|0|0|0|1|1|0|0|1|1|0|0|NA|NA|NA|NA|NA|0|0|0|0|NA|0
"040190033041"|0|1|0|0|0|0|0|1|1|1|1|0|0|0|1|1980|7296|NA|NA|NA|934|143|544|35120742|64560.1875|0
"040190035022"|0|1|0|0|0|0|0|1|1|1|0|0|1|0|0|NA|NA|NA|NA|NA|13|7|10|433212|43321.2|0
"040190035023"|0|1|0|0|0|0|0|1|1|1|0|0|1|0|0|NA|NA|NA|NA|NA|13|7|10|433212|43321.2|0
"040190036002"|0|1|0|0|0|0|0|1|1|0|0|1|1|0|0|NA|NA|NA|NA|NA|0|0|0|0|NA|0
"040190040732"|0|1|0|0|0|0|0|1|1|0|0|1|1|0|0|NA|NA|NA|NA|NA|0|0|0|0|NA|0
"040190045051"|0|1|0|0|0|0|0|1|1|0|0|1|1|0|0|NA|NA|NA|NA|NA|0|0|0|0|NA|0
"040190045052"|0|1|0|0|0|0|0|1|1|0|0|1|1|0|0|NA|NA|NA|NA|NA|0|0|0|0|NA|0
"040199408003"|0|1|0|0|0|0|1|1|1|1|1|0|1|0|0|822|822|NA|NA|4400|65|21|26|1407682|54141.6153846154|0
"040210012001"|0|1|0|0|0|0|0|2|1|1|1|0|0|1|0|NA|NA|NA|NA|NA|273|70|196|11735544|NA|0
"040210014063"|0|1|0|0|0|0|0|1|1|0|0|1|1|0|0|NA|NA|NA|NA|NA|0|0|0|0|NA|0
"040210014072"|0|1|0|0|0|0|0|1|1|0|0|1|1|0|0|NA|NA|NA|NA|NA|0|0|0|0|NA|0
"040219412003"|0|1|0|0|0|0|0|2|1|1|1|0|0|1|0|NA|NA|NA|NA|NA|273|70|196|11735544|NA|0
"040250003001"|0|1|1|0|0|0|0|1|1|1|0|0|0|1|0|34392|34392|17196|17196|11394|289|55|248|20952534|84486.0241935484|0
"040250003002"|0|1|1|0|0|0|0|1|1|1|0|0|0|1|0|34392|34392|17196|17196|11394|289|55|248|20952534|84486.0241935484|0
"040250008021"|0|1|0|0|0|0|0|1|1|1|1|0|0|1|0|2360|8998|NA|NA|10248|322|96|210|14058660|66946|0
"040250009004"|0|1|0|0|0|0|0|1|1|1|1|0|0|1|0|2360|8998|NA|NA|10248|322|96|210|14058660|66946|0
"040250010022"|0|1|1|0|0|0|0|1|1|1|0|0|1|0|0|29880|29880|20976|20976|9322|70|22|74|3520682|47576.7837837838|0
"040270109111"|0|1|0|0|0|0|0|1|1|1|1|0|0|1|0|2016|7608|NA|NA|6678|316|127|262|15642190|59703.0152671756|0
"040270109113"|0|1|0|0|0|0|0|1|1|1|1|0|0|1|0|2016|7608|NA|NA|6678|316|127|262|15642190|59703.0152671756|0
"040270115032"|0|1|0|0|0|0|0|1|1|0|0|1|1|0|0|NA|NA|NA|NA|NA|0|0|0|0|NA|0
"050059501001"|0|1|0|0|0|0|0|1|1|1|1|0|0|1|0|2304|3912|NA|NA|NA|65|18|86|4029750|46857.5581395349|0
"050059502002"|0|1|0|0|0|0|0|1|1|0|0|1|1|0|0|NA|NA|NA|NA|NA|0|0|0|0|NA|0
"050070203011"|0|1|0|0|0|0|0|1|1|0|0|1|1|0|0|NA|NA|NA|NA|NA|0|0|0|0|NA|0
"050070204012"|0|1|0|0|0|0|0|1|1|1|1|0|1|0|0|13810|13810|NA|NA|NA|6|0|6|240000|40000|0
"050070205041"|0|1|0|0|0|0|0|1|1|1|1|0|0|1|0|3675|3750|NA|NA|NA|253|57|316|18387202|58187.3481012658|0
"050070212011"|0|1|1|0|0|0|0|1|1|1|0|0|0|1|0|25750|25750|13440|13440|9224|256|88|180|12405678|68920.4333333333|0
"050070213112"|0|1|1|0|0|0|0|1|1|1|0|0|1|0|0|14250|14250|9450|9450|5810|37|13|36|432000|12000|0
"050097906001"|0|1|0|0|0|0|0|1|1|1|1|0|0|1|0|2304|4056|NA|NA|NA|120|40|134|6745884|50342.4179104478|0
"050134802003"|0|1|0|0|0|0|0|1|1|1|1|0|0|1|0|3240|4680|NA|NA|5802|77|19|68|2840416|41770.8235294118|0
"050199536012"|0|1|1|0|0|0|0|1|1|1|0|0|0|1|0|6630|8280|4842|6048|7166|243|146|366|22602152|61754.5136612022|0
"050199536022"|0|2|1|0|0|0|0|2|2|2|0|0|0|2|0|32830|34480|NA|NA|15046|413|201|570|34386242|119519.660720026|0
"050279504001"|0|1|1|0|0|0|0|1|1|1|0|0|0|1|0|6840|10950|5130|7866|6993|240|85|334|21572132|64587.2215568862|0
"050279504002"|0|1|1|0|0|0|0|1|1|1|0|0|0|1|0|6840|10950|5130|7866|6993|240|85|334|21572132|64587.2215568862|0
"050299503001"|0|1|0|0|0|0|0|1|1|1|1|0|0|1|0|2424|3120|NA|NA|NA|92|26|114|5404946|47411.8070175439|0
"050310004021"|0|1|0|0|0|0|0|1|1|0|0|1|1|0|0|NA|NA|NA|NA|NA|0|0|0|0|NA|0
"050310004024"|0|1|0|0|0|0|0|1|1|0|0|1|1|0|0|NA|NA|NA|NA|NA|0|0|0|0|NA|0
"050310006012"|0|1|1|0|0|0|0|1|1|1|0|0|0|0|1|6300|12990|4806|9612|9025|1054|220|1050|68707134|65435.3657142857|0
"050310006024"|0|1|1|0|0|0|0|1|1|1|0|0|0|0|1|6300|12990|4806|9612|9025|1054|220|1050|68707134|65435.3657142857|0
"050350303012"|0|1|0|0|0|0|0|1|1|1|1|0|0|1|0|2688|3648|NA|NA|NA|90|40|80|3621224|45265.3|0
"050379505001"|0|1|0|0|0|0|0|1|1|0|0|1|1|0|0|NA|NA|NA|NA|NA|0|0|0|0|NA|0
"050379505004"|0|1|0|0|0|0|0|1|1|0|0|1|1|0|0|NA|NA|NA|NA|NA|0|0|0|0|NA|0
"050379505005"|0|1|0|0|0|0|0|1|1|0|0|1|1|0|0|NA|NA|NA|NA|NA|0|0|0|0|NA|0
"050434903001"|0|1|1|0|0|0|0|1|1|1|0|0|0|1|0|4650|10500|4839|9249|6550|244|115|326|18090124|55491.1779141104|0
"050434903002"|0|1|1|0|0|0|0|1|1|1|0|0|0|1|0|4650|10500|4839|9249|6550|244|115|326|18090124|55491.1779141104|0
"050450305021"|0|1|0|0|0|0|0|1|1|0|0|1|1|0|0|NA|NA|NA|NA|NA|0|0|0|0|NA|0
"050450305022"|0|1|0|0|0|0|0|1|1|0|0|1|1|0|0|NA|NA|NA|NA|NA|0|0|0|0|NA|0
"050450307011"|0|1|1|0|0|0|0|1|1|1|0|0|0|1|0|45440|45440|45440|45440|12284|328|101|220|15369408|69860.9454545455|0
"050450307012"|0|1|1|0|0|0|0|1|1|1|0|0|0|1|0|45440|45440|45440|45440|12284|328|101|220|15369408|69860.9454545455|0
"050450307022"|0|1|0|0|0|0|0|1|1|1|0|0|1|0|0|14700|14700|NA|NA|7500|53|13|56|2745676|49029.9285714286|0
"050450308003"|0|1|1|0|0|0|0|1|1|1|0|0|0|0|1|6523|13046|4807|9614|6854|902|278|1116|73225508|65614.2544802867|0
"050510110001"|0|1|0|0|0|0|0|1|1|1|1|0|0|1|0|2940|4020|NA|NA|NA|122|37|196|9663542|49303.7857142857|0
"050510110003"|0|1|0|0|0|0|0|1|1|1|1|0|0|1|0|2940|4020|NA|NA|NA|122|37|196|9663542|49303.7857142857|0
"050510114002"|0|1|0|0|0|0|0|1|1|1|0|0|1|0|0|4440|4440|NA|NA|6400|6|3|4|96000|24000|0
"050510116011"|0|1|0|0|0|0|0|1|1|0|0|1|1|0|0|NA|NA|NA|NA|NA|0|0|0|0|NA|0
"050554803002"|0|1|1|0|0|0|0|1|1|1|0|0|1|0|0|16200|16200|NA|NA|8070|75|28|50|2409864|48197.28|0
"050554806004"|0|1|0|0|0|0|0|1|1|1|0|0|1|0|0|11250|11250|NA|NA|6350|21|3|30|1277444|42581.4666666667|0
"050574805003"|0|1|0|0|0|0|0|1|1|1|1|0|0|1|0|2250|3270|NA|NA|NA|77|26|92|3807770|41388.8043478261|0
"050590201003"|0|1|0|0|0|0|0|1|1|1|1|0|0|1|0|2910|5820|NA|NA|NA|63|19|84|4264634|50769.4523809524|0
"050590202002"|0|1|0|0|0|0|0|1|1|1|1|0|0|1|0|2910|5820|NA|NA|NA|63|19|84|4264634|50769.4523809524|0
"050590202003"|0|1|0|0|0|0|0|1|1|1|1|0|0|1|0|2910|5820|NA|NA|NA|63|19|84|4264634|50769.4523809524|0
"050634903001"|0|1|0|0|0|0|0|1|1|1|1|0|0|1|0|2112|2568|NA|NA|NA|65|20|90|4105124|45612.4888888889|0
"050634903003"|0|1|0|0|0|0|0|1|1|1|0|0|1|0|0|28200|28200|NA|NA|9130|123|55|100|5989152|59891.52|0
"050659602001"|0|1|0|0|0|0|0|1|1|1|1|0|0|1|0|2160|4512|NA|NA|5700|64|6|70|3137250|44817.8571428571|0
"050659602002"|0|1|0|0|0|0|0|1|1|1|1|0|0|1|0|2160|4512|NA|NA|5700|64|6|70|3137250|44817.8571428571|0
"050674804001"|0|1|0|0|0|0|0|1|1|1|1|0|0|1|0|2304|3768|NA|NA|NA|108|38|140|6831630|48797.3571428571|0
"050690005021"|0|1|1|1|0|0|0|1|1|1|0|0|0|1|0|4908|11160|4968|11256|8282|496|183|308|18281932|59356.9220779221|0
"050690005023"|0|1|1|1|0|0|0|1|1|1|0|0|0|1|0|4908|11160|4968|11256|8282|496|183|308|18281932|59356.9220779221|0
"050690009001"|0|1|0|0|0|0|0|1|1|0|0|1|1|0|0|NA|NA|NA|NA|NA|0|0|0|0|NA|0
"050690015021"|0|1|0|0|0|0|0|1|1|1|1|0|0|1|0|2880|5760|NA|NA|NA|87|39|96|4397774|45810.1458333333|0
"050690016004"|0|1|0|0|0|0|0|1|1|0|0|1|1|0|0|NA|NA|NA|NA|NA|0|0|0|0|NA|0
"050690018003"|0|1|0|0|0|0|0|1|1|1|1|0|1|0|0|NA|NA|NA|NA|NA|2|2|18|1503176|83509.7777777778|0
"050719519003"|0|1|0|0|0|0|0|1|1|1|0|0|1|0|0|24230|24230|NA|NA|7400|97|40|104|6308940|60662.8846153846|0
"050754701002"|0|1|1|0|0|0|0|1|1|1|0|0|1|0|0|16200|16200|NA|NA|8070|75|28|50|2409864|48197.28|0
"050754705011"|0|1|1|0|0|0|0|1|1|1|0|0|1|0|0|16200|16200|NA|NA|8070|75|28|50|2409864|48197.28|0
"050930103002"|0|1|0|0|0|0|0|1|1|1|1|0|0|1|0|2240|3640|NA|NA|NA|112|62|96|4931774|51372.6458333333|0
"051074801002"|0|1|0|0|0|0|0|1|1|1|1|0|0|1|0|2520|3960|NA|NA|NA|127|40|118|5420366|45935.3050847458|0
"051139501001"|0|1|0|0|0|0|0|1|1|1|1|0|1|0|0|2280|3000|NA|NA|NA|54|15|38|1716596|45173.5789473684|0
"051139502001"|0|1|0|0|0|0|0|1|1|1|1|0|1|0|0|2280|3000|NA|NA|NA|54|15|38|1716596|45173.5789473684|0
"051139504001"|0|1|0|0|0|0|0|1|1|1|1|0|1|0|0|2280|3000|NA|NA|NA|54|15|38|1716596|45173.5789473684|0
"051159512002"|0|1|0|0|0|0|0|1|1|0|0|1|1|0|0|NA|NA|NA|NA|NA|0|0|0|0|NA|0
"051159513003"|0|1|0|0|0|0|0|1|1|0|0|1|1|0|0|NA|NA|NA|NA|NA|0|0|0|0|NA|0
"051159514001"|0|1|0|0|0|0|0|1|1|0|0|1|1|0|0|NA|NA|NA|NA|NA|0|0|0|0|NA|0
"051159514002"|0|1|1|0|0|0|0|1|1|1|0|0|0|0|1|5424|10848|5112|10224|7870|560|218|744|46698154|62766.3360215054|0
"051190015021"|0|1|1|0|0|0|0|1|1|0|0|0|0|0|0|NA|NA|NA|NA|NA|20|5|0|0|NA|0
"051190015022"|0|1|1|0|0|0|0|1|1|0|0|0|0|0|0|NA|NA|NA|NA|NA|20|5|0|0|NA|0
"051190020021"|0|1|0|0|0|0|0|1|1|0|0|1|1|0|0|NA|NA|NA|NA|NA|0|0|0|0|NA|0
"051190020022"|0|1|0|0|0|0|0|1|1|0|0|1|1|0|0|NA|NA|NA|NA|NA|0|0|0|0|NA|0
"051190020023"|0|1|0|0|0|0|0|1|1|0|0|1|1|0|0|NA|NA|NA|NA|NA|0|0|0|0|NA|0
"051190021023"|0|2|1|0|0|0|0|2|2|1|0|1|1|0|1|NA|NA|NA|NA|NA|946|346|864|63268654|NA|0
"051190021031"|0|1|0|0|0|0|0|1|1|0|0|1|1|0|0|NA|NA|NA|NA|NA|0|0|0|0|NA|0
"051190021032"|0|1|0|0|0|0|0|1|1|0|0|1|1|0|0|NA|NA|NA|NA|NA|0|0|0|0|NA|0
"051190024052"|0|2|0|0|0|0|0|2|2|2|2|0|2|0|0|25799|25799|NA|NA|NA|28|12|102|7987366|NA|0
"051190024071"|0|2|2|0|0|0|0|2|1|1|0|0|1|0|0|NA|NA|NA|NA|NA|4|0|0|0|NA|0
"051190024072"|0|2|2|0|0|0|0|2|1|1|0|0|1|0|0|NA|NA|NA|NA|NA|4|0|0|0|NA|0
"051190025001"|0|2|0|1|0|0|0|2|2|1|1|1|2|0|0|NA|NA|NA|NA|NA|32|6|28|1316000|NA|0
"051190025002"|0|1|0|0|0|0|0|1|1|0|0|1|1|0|0|NA|NA|NA|NA|NA|0|0|0|0|NA|0
"051190028001"|0|1|0|1|0|0|0|1|1|1|1|0|1|0|0|4104|4104|NA|NA|NA|32|6|28|1316000|47000|0
"051190028002"|0|1|0|0|0|0|0|1|1|0|0|1|1|0|0|NA|NA|NA|NA|NA|0|0|0|0|NA|0
"051190028003"|0|1|0|1|0|0|0|1|1|1|1|0|1|0|0|4104|4104|NA|NA|NA|32|6|28|1316000|47000|0
"051190031001"|0|1|0|0|0|0|0|1|1|1|1|0|0|1|0|3982|5177|NA|NA|NA|211|40|300|13293722|44312.4066666667|0
"051190033044"|0|1|0|1|0|0|0|1|1|1|1|0|1|0|0|4104|4104|NA|NA|NA|32|6|28|1316000|47000|0
"051190035002"|0|1|0|0|0|0|0|1|1|0|0|1|1|0|0|NA|NA|NA|NA|NA|0|0|0|0|NA|0
"051190035003"|0|1|0|0|0|0|0|1|1|0|0|1|1|0|0|NA|NA|NA|NA|NA|0|0|0|0|NA|0
"051190036042"|0|1|0|0|0|0|0|1|1|0|0|1|1|0|0|NA|NA|NA|NA|NA|0|0|0|0|NA|0
"051190036091"|0|1|0|0|0|0|0|1|1|0|0|1|1|0|0|NA|NA|NA|NA|NA|0|0|0|0|NA|0
"051190037131"|0|1|0|0|0|0|0|1|1|0|0|1|1|0|0|NA|NA|NA|NA|NA|0|0|0|0|NA|0
"051190038003"|0|1|0|0|0|0|0|1|1|0|0|1|1|0|0|NA|NA|NA|NA|NA|0|0|0|0|NA|0
"051190040011"|0|1|0|0|0|0|0|1|1|0|0|1|1|0|0|NA|NA|NA|NA|NA|0|0|0|0|NA|0
"051190041071"|0|1|0|0|0|0|0|1|1|0|0|1|1|0|0|NA|NA|NA|NA|NA|0|0|0|0|NA|0
"051190042212"|0|2|0|0|0|0|0|2|2|2|2|0|2|0|0|25799|25799|NA|NA|NA|28|12|102|7987366|NA|0
"051190043024"|0|1|0|0|0|0|0|1|1|0|0|1|1|0|0|NA|NA|NA|NA|NA|0|0|0|0|NA|0
"051190044002"|0|2|1|1|0|0|0|2|2|1|0|0|0|1|0|NA|NA|NA|NA|NA|124|39|86|4726848|NA|0
"051190045001"|0|1|0|1|0|0|0|1|1|1|0|0|0|1|0|11804|11804|NA|NA|8250|104|34|86|4726848|54963.3488372093|0
"051190045002"|0|2|0|1|0|0|0|2|2|1|0|1|2|0|0|NA|NA|NA|NA|NA|63|18|18|713920|NA|0
"051190045003"|0|1|0|1|0|0|0|1|1|1|0|0|0|1|0|11804|11804|NA|NA|8250|104|34|86|4726848|54963.3488372093|0
"051190048001"|0|1|1|0|1|1|0|1|1|1|0|0|0|1|0|6540|14316|7687|15817|NA|2001|259|306|34501146|112748.843137255|0
"051190048004"|0|1|1|0|1|1|0|1|1|1|0|0|0|1|0|6540|14316|7687|15817|NA|2001|259|306|34501146|112748.843137255|0
"051190048005"|0|1|1|0|0|0|0|1|1|0|0|0|0|0|0|NA|NA|NA|NA|NA|20|5|0|0|NA|0
"051190049003"|0|1|1|0|0|0|0|1|1|0|0|0|0|0|0|NA|NA|NA|NA|NA|68|19|0|0|NA|0
"051190049005"|0|1|1|0|0|0|0|1|1|0|0|0|0|0|0|NA|NA|NA|NA|NA|68|19|0|0|NA|0
"051219601005"|0|1|1|0|0|0|0|1|1|1|0|0|1|0|0|16200|16200|NA|NA|8070|75|28|50|2409864|48197.28|0
"051219603021"|0|1|0|0|0|0|0|1|1|1|1|0|0|1|0|2256|4536|NA|NA|NA|94|43|126|5793016|45976.3174603175|0
"051239602005"|0|2|0|0|0|0|0|2|2|1|1|1|1|1|0|4200|4800|NA|NA|NA|92|29|104|5220540|NA|0
"051310006003"|0|1|0|0|0|0|0|1|1|0|0|1|1|0|0|NA|NA|NA|NA|NA|0|0|0|0|NA|0
"051310006004"|0|1|0|0|0|0|0|1|1|0|0|1|1|0|0|NA|NA|NA|NA|NA|0|0|0|0|NA|0
"051310007005"|0|1|1|0|0|0|0|1|1|1|0|0|0|1|0|3991|11064|6894|11394|8426|289|75|454|29565880|65123.0837004405|0
"051310008001"|0|1|0|0|0|0|0|1|1|0|0|1|1|0|0|NA|NA|NA|NA|NA|0|0|0|0|NA|0
"051310008003"|0|1|0|0|0|0|0|1|1|0|0|1|1|0|0|NA|NA|NA|NA|NA|0|0|0|0|NA|0
"051310011022"|0|1|0|0|0|0|0|1|1|0|0|1|1|0|0|NA|NA|NA|NA|NA|0|0|0|0|NA|0
"051310013023"|0|0|1|0|0|1|0|1|1|1|0|0|1|0|0|NA|NA|NA|NA|NA|46|9|0|0|NA|0
"051330803001"|0|1|0|0|0|0|0|1|1|1|1|0|0|1|0|2550|3000|NA|NA|NA|85|40|90|4588210|50980.1111111111|0
"051399508001"|0|2|0|0|0|0|0|2|2|1|1|1|1|1|0|NA|NA|NA|NA|NA|100|28|108|5354328|NA|0
"051430101061"|0|1|0|0|0|0|0|1|1|0|0|1|1|0|0|NA|NA|NA|NA|NA|0|0|0|0|NA|0
"051430101063"|0|1|0|0|0|0|0|1|1|0|0|1|1|0|0|NA|NA|NA|NA|NA|0|0|0|0|NA|0
"051430103011"|0|1|0|0|0|0|0|1|1|0|0|1|1|0|0|NA|NA|NA|NA|NA|0|0|0|0|NA|0
"051430103024"|0|1|0|0|0|0|0|1|1|0|0|1|1|0|0|1890|1890|NA|NA|NA|0|0|0|0|NA|0
"051430105033"|0|1|0|0|0|0|0|1|1|0|0|1|1|0|0|NA|NA|NA|NA|NA|0|0|0|0|NA|0
"051430105072"|0|1|0|0|0|0|0|1|1|0|0|1|1|0|0|NA|NA|NA|NA|NA|0|0|0|0|NA|0
"051430107013"|0|1|0|0|0|0|0|1|1|0|0|1|1|0|0|NA|NA|NA|NA|NA|0|0|0|0|NA|0
"051430113004"|0|1|1|0|0|0|0|1|1|1|0|0|0|0|1|7384|23422|7563|20477|11020|3870|961|2454|235483684|95959.1214343928|0
"051450708001"|0|1|1|0|0|0|0|1|1|1|0|0|0|1|0|19140|19140|17760|17760|7004|557|206|658|47157434|71667.8328267477|0
"051450708003"|0|2|1|0|0|0|0|2|2|1|0|1|1|1|0|NA|NA|NA|NA|NA|557|206|658|47157434|NA|0
"051450712005"|0|1|0|0|0|0|0|1|1|1|1|0|0|1|0|2400|4128|NA|NA|5230|182|81|214|10230378|47805.5046728972|0
"060014001001"|0|1|1|0|0|0|0|1|1|1|0|0|0|0|1|11442|40434|11442|26544|18222|9559|1405|3508|550442752|156910.704675029|0
"060014011004"|0|1|0|0|0|0|0|1|1|0|0|1|1|0|0|NA|NA|NA|NA|NA|0|0|0|0|NA|0
"060014013001"|0|1|1|0|0|0|0|1|1|1|0|0|0|1|0|46736|46736|49518|49518|NA|151|43|322|40689028|126363.440993789|0
"060014014001"|0|1|1|0|0|0|0|1|1|1|0|0|0|1|0|46736|46736|49518|49518|NA|151|43|322|40689028|126363.440993789|0
"060014029001"|0|1|2|0|0|0|0|2|2|2|0|0|2|0|0|NA|NA|25851|25851|NA|20|7|44|2042320|NA|0
"060014030001"|0|1|1|0|0|0|0|1|1|0|0|0|0|0|0|NA|NA|NA|NA|NA|2207|664|462|45411312|98292.8831168831|0
"060014031001"|0|0|1|0|0|0|0|1|1|1|0|0|1|0|0|NA|NA|23589|23589|NA|35|2|26|1991626|76601|0
"060014033001"|0|1|0|0|0|0|0|1|1|1|1|0|0|0|1|1104|7296|NA|NA|NA|129|56|270|24218378|89697.6962962963|0
"060014034001"|0|1|2|0|0|0|0|2|2|2|0|0|2|0|0|NA|NA|25851|25851|NA|20|7|44|2042320|NA|0
"060014060001"|0|2|1|0|0|0|0|2|2|1|0|0|1|0|0|NA|NA|NA|NA|NA|161|38|4|463608|NA|0
"060014061001"|0|1|0|0|0|0|0|1|1|0|0|1|1|0|0|NA|NA|NA|NA|NA|0|0|0|0|NA|0
"060014061004"|0|1|0|0|0|0|0|1|1|0|0|1|1|0|0|NA|NA|NA|NA|NA|0|0|0|0|NA|0
"060014077001"|0|1|1|0|0|0|0|1|1|1|0|0|0|1|0|28765|28765|34150|34150|13448|209|62|154|14286994|92772.6883116883|0
"060014078001"|0|1|1|0|0|0|0|1|1|1|0|0|0|1|0|28765|28765|34150|34150|13448|209|62|154|14286994|92772.6883116883|0
"060014078002"|0|1|1|0|0|0|0|1|1|1|0|0|0|1|0|28765|28765|34150|34150|13448|209|62|154|14286994|92772.6883116883|0
"060014080002"|0|1|1|0|0|0|0|1|1|1|0|0|1|0|0|38800|38800|18054|18054|13190|149|64|90|7144606|79384.5111111111|0
"060014081001"|0|1|0|0|0|0|0|1|1|1|1|0|0|1|0|1104|7296|NA|NA|NA|79|33|146|13422264|91933.3150684931|0
"060014090002"|0|1|1|0|0|0|0|1|1|1|0|0|1|0|0|5000|5000|5600|5600|NA|3|0|16|348000|21750|0
"060014090003"|0|1|1|0|0|0|0|1|1|1|0|0|1|0|0|5000|5000|5600|5600|NA|3|0|16|348000|21750|0
"060014216001"|0|1|1|0|0|0|0|1|1|1|0|0|0|0|1|11442|40434|11442|26544|18222|9559|1405|3508|550442752|156910.704675029|0
"060014216003"|0|0|1|0|0|0|0|1|1|1|0|0|1|0|0|NA|NA|18000|18000|NA|7|2|24|748000|31166.6666666667|0
"060014220001"|0|1|0|0|0|0|0|1|1|1|0|0|1|0|0|25000|25000|NA|NA|NA|22|1|46|2363600|51382.6086956522|0
"060014225002"|0|1|1|0|0|0|0|1|1|1|0|0|0|0|1|11442|40434|11442|26544|18222|9559|1405|3508|550442752|156910.704675029|0
"060014225003"|0|1|5|0|0|0|0|5|5|5|0|0|5|0|0|NA|NA|99458|99458|NA|118|36|82|6390410|380639.476767677|0
"060014226001"|0|1|1|0|0|0|0|1|1|1|0|0|0|0|1|11442|40434|11442|26544|18222|9559|1405|3508|550442752|156910.704675029|0
"060014227001"|0|1|1|0|0|0|0|1|1|1|0|0|0|0|1|11442|40434|11442|26544|18222|9559|1405|3508|550442752|156910.704675029|0
"060014227003"|0|0|1|0|0|0|0|1|1|1|0|0|1|0|0|NA|NA|36400|36400|NA|25|6|58|5428056|93587.1724137931|0
"060014229001"|0|0|1|0|0|0|0|1|1|1|0|0|1|0|0|NA|NA|18120|18120|NA|4|0|6|560700|93450|0
"060014229002"|0|2|0|0|0|0|0|2|2|2|1|0|1|1|0|20104|26296|NA|NA|NA|73|32|138|11664280|144953.134328358|0
"060014235001"|0|0|1|0|1|0|0|1|1|1|0|0|1|0|0|NA|NA|13786|13786|NA|12|3|0|0|NA|0
"060014236022"|0|0|1|0|0|0|0|1|1|1|0|0|1|0|0|NA|NA|18200|18200|NA|8|1|12|790952|65912.6666666667|0
"060014251021"|0|1|0|0|0|0|0|1|1|1|0|0|1|0|0|25000|25000|NA|NA|NA|22|1|46|2363600|51382.6086956522|0
"060014251033"|0|1|0|0|0|0|0|1|1|0|0|1|0|1|0|NA|NA|NA|NA|NA|0|0|0|0|NA|0
"060014273002"|0|3|1|0|0|0|0|3|3|2|1|0|1|0|1|NA|NA|NA|NA|NA|290|94|274|24681986|NA|0
"060014273005"|0|1|0|0|0|0|0|1|1|1|1|0|0|1|0|1104|7296|NA|NA|NA|69|25|146|12576266|86138.8082191781|0
"060014280001"|0|1|0|0|0|0|0|1|1|0|0|1|1|0|0|NA|NA|NA|NA|NA|0|0|0|0|NA|0
"060014287001"|0|1|0|0|0|0|0|1|1|1|1|0|0|1|0|1104|7296|NA|NA|NA|69|25|146|12576266|86138.8082191781|0
"060014301021"|0|2|1|0|0|0|0|2|2|2|1|0|1|1|0|39904|46096|NA|NA|NA|228|97|236|20566870|171317.826179604|0
"060014324003"|0|1|1|0|0|0|0|1|1|1|0|0|1|0|0|5000|5000|5600|5600|NA|3|0|16|348000|21750|0
"060014330004"|0|1|0|0|0|0|0|1|1|1|1|0|1|0|0|NA|NA|NA|NA|NA|14|2|14|911622|65115.8571428571|0
"060014331021"|0|1|0|0|0|0|0|1|1|1|1|0|1|0|0|NA|NA|NA|NA|NA|14|2|14|911622|65115.8571428571|0
"060014338003"|0|1|0|0|0|0|0|1|1|1|1|0|1|0|0|NA|NA|NA|NA|NA|14|2|14|911622|65115.8571428571|0
"060014351022"|0|1|1|0|0|0|0|1|1|1|0|0|0|0|1|5742|17622|7176|16680|13980|884|345|742|68858928|92801.7897574124|0
"060014359003"|0|1|1|0|0|0|0|2|2|1|0|1|2|0|0|NA|NA|NA|NA|NA|92|20|76|6920264|NA|0
"060014360003"|0|1|1|0|0|0|0|2|2|1|0|1|2|0|0|NA|NA|NA|NA|NA|92|20|76|6920264|NA|0
"060014371011"|0|1|1|0|0|0|0|2|2|1|0|1|2|0|0|NA|NA|NA|NA|NA|92|20|76|6920264|NA|0
"060014372002"|0|1|0|0|0|0|0|1|1|1|1|0|0|0|1|NA|6600|NA|NA|NA|167|110|376|35607638|94701.164893617|0
"060014415031"|0|2|0|0|0|0|0|2|2|1|0|1|1|1|0|47219|47219|NA|NA|NA|207|46|222|17586522|NA|0
"060014431031"|0|1|0|0|0|0|0|1|1|1|1|0|0|1|0|1104|6768|NA|NA|NA|200|91|260|28749766|110576.023076923|0
"060014431032"|0|1|0|0|0|0|0|1|1|1|1|0|0|1|0|1104|6768|NA|NA|NA|200|91|260|28749766|110576.023076923|0
"060014507013"|0|1|0|0|0|0|0|1|1|1|1|0|0|1|0|1104|6768|NA|NA|NA|200|91|260|28749766|110576.023076923|0
"060014512021"|0|1|0|0|0|0|0|1|1|1|1|0|0|1|0|1104|7704|NA|NA|NA|110|66|256|23531974|91921.7734375|0
"060014513001"|0|1|0|0|0|0|0|1|1|1|1|0|0|1|0|1104|7704|NA|NA|NA|110|66|256|23531974|91921.7734375|0
"060070010002"|0|1|1|0|0|0|0|1|1|1|0|0|0|0|1|5742|17622|7176|16680|12550|952|389|1102|99175992|89996.3629764065|0
"060070013003"|0|1|0|0|0|0|0|1|1|0|0|1|1|0|0|NA|NA|NA|NA|NA|0|0|0|0|NA|0
"060070015003"|0|1|0|0|0|0|0|1|1|1|1|0|0|0|1|1104|6720|NA|NA|NA|355|167|404|36871734|91266.6683168317|0
"060070015004"|0|1|0|0|0|0|0|1|1|1|1|0|0|0|1|1104|6720|NA|NA|NA|355|167|404|36871734|91266.6683168317|0
"060070022002"|0|1|0|0|0|0|0|1|1|1|1|0|0|0|1|1104|6720|NA|NA|NA|355|167|404|36871734|91266.6683168317|0
"060070025004"|0|1|0|0|0|0|0|1|1|1|1|0|0|0|1|1104|6720|NA|NA|NA|355|167|404|36871734|91266.6683168317|0
"060070037002"|0|1|0|0|0|0|0|1|1|1|1|0|0|0|1|1104|6720|NA|NA|NA|355|167|404|36871734|91266.6683168317|0
"060133072011"|0|1|0|0|0|0|0|1|1|1|1|0|0|1|0|1288|8540|NA|NA|NA|139|76|314|20885032|66512.8407643312|0
"060133131021"|0|1|0|0|0|0|0|1|1|1|1|0|0|1|0|1288|8540|NA|NA|NA|139|76|314|20885032|66512.8407643312|0
"060133160001"|0|1|0|0|0|0|0|1|1|0|0|0|0|0|0|NA|NA|NA|NA|NA|87|19|0|0|NA|0
"060133170001"|0|1|0|0|0|0|0|1|1|0|0|0|0|0|0|NA|NA|NA|NA|NA|87|19|0|0|NA|0
"060133220001"|0|1|0|0|0|0|0|1|1|1|1|0|0|0|1|1288|8540|NA|NA|NA|243|148|564|45431048|80551.5035460993|0
"060133220002"|0|1|0|0|0|0|0|1|1|1|1|0|1|0|0|NA|NA|NA|NA|NA|16|2|24|1684248|70177|0
"060133240021"|0|1|0|0|0|0|0|1|1|0|0|1|1|0|0|NA|NA|NA|NA|NA|0|0|0|0|NA|0
"060133240023"|0|1|1|0|0|0|0|1|1|1|0|0|1|0|0|8500|8500|8500|8500|NA|63|9|84|5970262|71074.5476190476|0
"060133270005"|0|1|1|0|0|0|0|1|1|1|0|0|1|0|0|8500|8500|8500|8500|NA|63|9|84|5970262|71074.5476190476|0
"060133280001"|0|1|0|0|0|0|0|1|1|0|0|1|1|0|0|NA|NA|NA|NA|NA|0|0|0|0|NA|0
"060133280002"|0|1|0|0|0|0|0|1|1|0|0|1|1|0|0|NA|NA|NA|NA|NA|0|0|0|0|NA|0
"060133350003"|0|1|0|0|0|0|0|1|1|0|0|1|1|0|0|NA|NA|NA|NA|NA|0|0|0|0|NA|0
"060133361011"|0|1|0|0|0|0|0|1|1|0|0|1|1|0|0|NA|NA|NA|NA|NA|0|0|0|0|NA|0
"060133362011"|0|1|1|0|0|0|0|1|1|1|0|0|1|0|0|8500|8500|8500|8500|NA|63|9|84|5970262|71074.5476190476|0
"060133452032"|0|1|0|0|0|0|0|1|1|0|0|1|1|0|0|NA|NA|NA|NA|NA|0|0|0|0|NA|0
"060133511013"|0|1|1|0|0|0|0|1|1|1|0|0|0|1|0|47130|47130|39077|39077|15370|384|137|440|42819258|97316.4954545455|0
"060133512002"|0|1|1|0|0|0|0|1|1|1|0|0|0|1|0|47130|47130|39077|39077|15370|384|137|440|42819258|97316.4954545455|0
"060133521011"|0|1|1|0|0|0|0|1|1|1|0|0|0|1|0|47130|47130|39077|39077|15370|384|137|440|42819258|97316.4954545455|0
"060133521012"|0|1|1|0|0|0|0|1|1|1|0|0|0|1|0|47130|47130|39077|39077|15370|384|137|440|42819258|97316.4954545455|0
"060133521023"|0|1|1|0|0|0|0|1|1|1|0|0|0|1|0|47130|47130|39077|39077|15370|384|137|440|42819258|97316.4954545455|0
"060133551091"|0|1|0|0|0|0|0|1|1|0|0|1|1|0|0|NA|NA|NA|NA|NA|0|0|0|0|NA|0
"060133671003"|0|1|0|0|0|0|0|1|1|1|1|0|0|1|0|1288|8540|NA|NA|NA|107|58|202|14887494|73700.4653465346|0
"060133672002"|0|1|0|0|0|0|0|1|1|1|1|0|0|1|0|1288|8540|NA|NA|NA|107|58|202|14887494|73700.4653465346|0
"060133690014"|0|1|0|0|0|0|0|1|1|1|1|0|0|1|0|1288|8540|NA|NA|NA|107|58|202|14887494|73700.4653465346|0
"060170302002"|0|1|0|0|0|0|0|1|1|1|1|0|0|1|0|1209|7917|NA|NA|NA|60|25|70|4599586|65708.3714285714|0
"060170305041"|0|1|0|0|0|0|0|1|1|1|1|0|0|1|0|1209|7917|NA|NA|NA|60|25|70|4599586|65708.3714285714|0
"060170307042"|0|1|1|0|0|0|0|1|1|1|0|0|1|0|0|8960|8960|5760|5760|7380|24|6|22|585800|26627.2727272727|0
"060190014081"|0|1|1|0|0|0|0|1|1|1|0|0|0|1|0|31966|31966|17062|17062|8954|288|124|212|15120032|71320.9056603774|0
"060190030042"|0|1|0|0|0|0|0|1|1|1|0|0|1|0|0|8880|8880|NA|NA|6750|6|0|0|0|NA|0
"060190031025"|0|1|0|0|0|0|0|1|1|1|1|0|1|0|0|NA|NA|NA|NA|NA|0|0|0|0|NA|0
"060190035001"|0|1|0|0|0|0|0|1|1|0|0|0|0|0|0|NA|NA|NA|NA|NA|0|0|0|0|NA|0
"060190035003"|0|1|0|0|0|0|0|1|1|1|1|0|0|0|1|1104|7296|NA|NA|NA|449|228|716|69988334|97749.0698324022|0
"060190045051"|0|1|0|0|0|0|0|1|1|0|0|1|1|0|0|NA|NA|NA|NA|NA|0|0|0|0|NA|0
"060190045052"|0|1|0|0|0|0|0|1|1|0|0|1|1|0|0|NA|NA|NA|NA|NA|0|0|0|0|NA|0
"060190051003"|0|1|0|0|0|0|0|1|1|0|0|1|0|1|0|NA|NA|NA|NA|NA|0|0|0|0|NA|0
"060190054053"|0|1|0|0|0|0|0|1|1|0|0|1|1|0|0|NA|NA|NA|NA|NA|0|0|0|0|NA|0
"060190054061"|0|1|0|0|0|0|0|1|1|0|0|1|1|0|0|NA|NA|NA|NA|NA|0|0|0|0|NA|0
"060190054081"|0|1|1|0|0|0|0|1|1|1|0|0|0|0|1|5742|17622|7176|16680|10587|1093|421|1610|138137208|85799.5080745342|0
"060190055041"|0|1|0|0|0|0|0|1|1|1|1|0|0|1|0|1104|7296|NA|NA|NA|75|40|188|16246522|86417.670212766|0
"060190056021"|0|0|1|0|0|0|0|1|1|1|0|0|1|0|0|NA|NA|NA|NA|NA|33|8|78|10198604|130751.333333333|0
"060190056024"|0|0|1|0|0|0|0|1|1|1|0|0|1|0|0|NA|NA|NA|NA|NA|33|8|78|10198604|130751.333333333|0
"060190056061"|0|1|0|0|0|0|0|1|1|1|1|0|0|1|0|NA|NA|NA|NA|NA|83|9|96|2768176|28835.1666666667|0
"060190057012"|0|1|0|0|0|0|0|1|1|0|0|1|1|0|0|NA|NA|NA|NA|NA|0|0|0|0|NA|0
"060190057014"|0|0|1|0|0|0|0|1|1|1|0|0|1|0|0|NA|NA|NA|NA|NA|27|9|16|1611426|100714.125|0
"060190066032"|0|1|0|0|0|0|0|1|1|1|1|0|0|0|1|1104|7296|NA|NA|5728|166|85|392|36203676|92356.3163265306|0
"060190066045"|0|1|0|0|0|0|0|1|1|0|0|1|1|0|0|NA|NA|NA|NA|NA|0|0|0|0|NA|0
"060190070023"|0|1|0|0|0|0|0|1|1|0|0|1|1|0|0|NA|NA|NA|NA|NA|0|0|0|0|NA|0
"060190080001"|0|2|0|0|0|0|0|2|2|1|1|0|0|1|0|NA|NA|NA|NA|NA|151|31|64|6807382|NA|0
"060190080002"|0|0|0|0|0|0|0|1|0|0|0|0|0|0|0|NA|NA|NA|NA|NA|0|0|0|0|NA|0
"060190080003"|0|2|0|0|0|0|0|2|2|1|1|0|0|1|0|NA|NA|NA|NA|NA|151|31|64|6807382|NA|0
"060190081002"|0|2|0|0|0|0|0|2|2|1|1|0|0|1|0|NA|NA|NA|NA|NA|151|31|64|6807382|NA|0
"060230001002"|0|1|0|0|0|0|0|1|1|0|0|1|1|0|0|NA|NA|NA|NA|NA|0|0|0|0|NA|0
"060230010002"|0|1|1|0|0|0|0|1|1|1|0|0|0|1|0|5742|17622|7176|16680|12870|618|232|580|50238720|86618.4827586207|0
"060230103004"|0|1|1|0|0|0|0|1|1|1|0|0|1|0|0|12600|12600|16500|16500|NA|7|2|12|320846|26737.1666666667|0
"060230107003"|0|1|0|0|0|0|0|1|1|1|1|0|0|1|0|1143|6783|NA|NA|8085|164|64|154|11449552|74347.7402597403|0
"060250110006"|0|1|0|0|0|0|0|1|1|1|1|0|0|1|0|1104|6072|NA|NA|NA|179|77|352|28003622|79555.7443181818|0
"060250114001"|0|1|0|0|0|0|0|1|1|0|0|1|1|0|0|NA|NA|NA|NA|NA|0|0|0|0|NA|0
"060290001015"|0|1|1|0|0|0|0|1|1|1|0|0|1|0|0|15780|15780|7800|7800|7200|77|9|192|11857762|61759.1770833333|0
"060290005071"|0|2|0|0|0|0|0|2|2|0|0|2|2|0|0|NA|NA|NA|NA|NA|0|0|0|0|NA|0
"060290006002"|0|2|0|0|0|0|0|2|1|0|0|2|2|0|0|NA|NA|NA|NA|NA|0|0|0|0|NA|0
"060290008001"|0|1|0|0|0|0|0|1|1|1|0|0|0|0|1|1288|7224|NA|NA|NA|334|165|724|72157764|99665.4198895028|0
"060290016001"|0|2|0|0|0|0|0|2|1|0|0|2|2|0|0|NA|NA|NA|NA|NA|0|0|0|0|NA|0
"060290016002"|0|2|0|0|0|0|0|2|1|0|0|2|2|0|0|NA|NA|NA|NA|NA|0|0|0|0|NA|0
"060290018021"|0|1|0|0|0|0|0|1|1|1|0|0|1|0|0|11558|11558|NA|NA|NA|13|4|48|2880824|60017.1666666667|0
"060290018022"|0|1|0|0|0|0|0|1|1|1|0|0|1|0|0|11558|11558|NA|NA|NA|13|4|48|2880824|60017.1666666667|0
"060290018023"|0|1|0|0|0|0|0|1|1|1|0|0|1|0|0|11558|11558|NA|NA|NA|13|4|48|2880824|60017.1666666667|0
"060290028061"|0|1|1|0|0|0|0|1|1|1|0|0|0|0|1|5742|17622|7176|16680|13746|585|271|620|53596632|86446.1806451613|0
"060290029004"|0|1|0|0|0|0|0|1|1|1|1|0|1|0|0|NA|NA|NA|NA|NA|0|0|0|0|NA|0
"060290035001"|0|1|0|0|0|0|0|1|1|1|1|0|0|1|0|1410|8430|NA|NA|6077|128|32|86|8513382|98992.8139534884|0
"060290054014"|0|1|0|0|0|0|0|1|1|1|1|0|0|1|0|1288|7252|NA|NA|NA|87|48|130|16132164|124093.569230769|0
"060290055013"|0|1|0|0|0|0|0|1|1|1|1|0|0|1|0|1288|7252|NA|NA|NA|87|48|130|16132164|124093.569230769|0
"060310004022"|0|1|0|0|0|0|0|1|1|1|1|0|0|1|0|1380|11130|NA|NA|NA|99|30|72|7643654|106161.861111111|0
"060310009005"|0|1|0|0|0|0|0|1|1|0|0|1|1|0|0|NA|NA|NA|NA|NA|0|0|0|0|NA|0
"060350403021"|0|1|0|0|0|0|0|1|1|1|1|0|0|1|0|1104|7296|NA|NA|7968|93|41|82|6838276|83393.6097560976|0
"060350403031"|0|1|0|0|0|0|0|1|1|1|1|0|0|1|0|1104|7296|NA|NA|7968|93|41|82|6838276|83393.6097560976|0
"060350403042"|0|1|0|0|0|0|0|1|1|1|1|0|0|1|0|1104|7296|NA|NA|7968|93|41|82|6838276|83393.6097560976|0
"060371021041"|0|1|1|0|0|0|0|1|1|1|0|0|0|1|0|38370|38370|37470|37470|11550|84|20|126|11402434|90495.5079365079|0
"060371061111"|0|1|0|0|0|0|0|1|1|1|1|0|0|1|0|1196|7722|NA|NA|NA|156|74|214|20583838|96186.1588785047|0
"060371061112"|0|1|0|0|0|0|0|1|1|1|1|0|0|1|0|1196|7722|NA|NA|NA|156|74|214|20583838|96186.1588785047|0
"060371061122"|0|1|0|0|0|0|0|1|1|1|1|0|0|1|0|1196|7722|NA|NA|NA|156|74|214|20583838|96186.1588785047|0
"060371114001"|0|1|0|0|0|0|0|1|1|0|0|1|1|0|0|NA|NA|NA|NA|NA|0|0|0|0|NA|0
"060371132322"|0|1|0|0|0|0|0|1|1|1|1|0|1|0|0|NA|NA|NA|NA|NA|4|0|10|566056|56605.6|0
"060371133012"|0|1|0|0|0|0|0|1|1|0|0|1|1|0|0|NA|NA|NA|NA|NA|0|0|0|0|NA|0
"060371133032"|0|0|1|0|0|0|0|1|1|1|0|0|1|0|0|NA|NA|23322|23322|NA|0|0|0|0|NA|0
"060371201041"|0|1|0|0|0|0|0|1|1|1|1|0|1|0|0|NA|NA|NA|NA|NA|14|2|12|887244|73937|0
"060371236013"|0|1|0|0|0|0|0|1|1|1|1|0|0|0|1|1196|7722|NA|NA|NA|231|115|408|40276572|98717.0882352941|0
"060371238001"|0|1|0|0|0|0|0|1|1|1|1|0|1|0|0|NA|NA|NA|NA|NA|36|13|40|2781966|69549.15|0
"060371239012"|0|2|0|0|0|0|0|2|2|1|0|1|1|1|0|NA|NA|NA|NA|NA|69|34|88|8934946|NA|0
"060371239013"|0|2|0|0|0|0|0|2|2|1|0|1|1|1|0|NA|NA|NA|NA|NA|69|34|88|8934946|NA|0
"060371253201"|0|1|0|0|0|0|0|1|1|1|0|0|1|0|0|18648|18648|NA|NA|NA|0|0|0|0|NA|0
"060371277121"|0|1|0|0|0|0|0|1|1|1|1|0|1|0|0|NA|NA|NA|NA|NA|0|0|0|0|NA|0
"060371278052"|0|1|0|0|0|0|0|1|1|1|1|0|1|0|0|NA|NA|NA|NA|NA|23|11|18|1374000|76333.3333333333|0
"060371278061"|0|1|0|0|0|0|0|1|1|0|0|1|1|0|0|NA|NA|NA|NA|NA|0|0|0|0|NA|0
"060371283031"|0|1|0|0|0|0|0|1|1|1|1|0|1|0|0|NA|NA|NA|NA|NA|0|0|0|0|NA|0
"060371284004"|0|1|0|0|0|0|0|1|1|0|0|1|1|0|0|NA|NA|NA|NA|NA|0|0|0|0|NA|0
"060371319001"|0|1|0|0|0|0|0|1|1|1|0|0|1|0|0|31468|31468|NA|NA|NA|6|1|2|85970|42985|0
"060371323001"|0|1|0|0|0|0|0|1|1|0|0|1|1|0|0|NA|NA|NA|NA|NA|0|0|0|0|NA|0
"060371330001"|0|1|0|0|0|0|0|1|1|0|0|1|1|0|0|NA|NA|NA|NA|NA|0|0|0|0|NA|0
"060371345201"|0|1|0|0|0|0|0|1|1|1|1|0|1|0|0|NA|NA|NA|NA|NA|3|0|10|6e+05|60000|0
"060371349051"|0|1|0|0|0|0|0|1|1|1|1|0|0|0|1|1196|7722|NA|NA|NA|274|136|500|48079664|96159.328|0
"060371393021"|0|1|0|0|0|0|0|1|1|1|0|0|1|0|0|24000|24000|NA|NA|NA|38|11|6|420000|70000|0
"060371394012"|0|1|0|0|0|0|0|1|1|0|0|1|1|0|0|NA|NA|NA|NA|NA|0|0|0|0|NA|0
"060371396002"|0|1|0|0|0|0|0|1|1|0|0|1|1|0|0|NA|NA|NA|NA|NA|0|0|0|0|NA|0
"060371413021"|0|1|0|0|0|0|0|1|1|0|0|1|1|0|0|NA|NA|NA|NA|NA|0|0|0|0|NA|0
"060371810001"|0|1|1|0|0|0|0|1|1|1|0|0|0|1|0|42816|42816|45250|45250|NA|281|76|258|24073518|93308.2093023256|0
"060371816001"|0|1|1|0|0|0|0|1|1|1|0|0|0|1|0|54090|54090|54090|54090|15496|493|149|384|39027816|101634.9375|0
"060371836202"|0|1|0|0|0|0|0|1|1|0|0|1|1|0|0|NA|NA|NA|NA|NA|0|0|0|0|NA|0
"060371881001"|0|1|0|0|0|0|0|1|1|0|0|1|1|0|0|NA|NA|NA|NA|NA|0|0|0|0|NA|0
"060371893003"|0|0|1|0|0|0|0|1|1|1|0|0|1|0|0|NA|NA|57340|57340|NA|149|45|22|2124400|96563.6363636364|0
"060371901001"|0|1|0|0|0|0|0|1|1|1|1|0|1|0|0|34410|34410|NA|NA|13255|33|8|16|1715230|107201.875|0
"060371907001"|0|4|0|0|0|0|0|4|4|3|1|1|2|2|0|NA|NA|NA|NA|NA|338|44|424|22720542|NA|0
"060371907002"|0|2|0|0|0|0|0|2|2|1|0|1|1|1|0|NA|NA|NA|NA|NA|79|12|134|5209124|NA|0
"060371918102"|0|1|0|0|0|0|0|1|1|1|0|0|1|0|0|28317|28317|NA|NA|NA|30|2|2|180000|90000|0
"060371919012"|0|1|0|0|0|0|0|1|1|0|0|1|1|0|0|NA|NA|NA|NA|NA|0|0|0|0|NA|0
"060371920012"|0|1|0|0|0|0|0|1|1|1|0|0|1|0|0|14000|14000|NA|NA|8100|8|0|12|1017938|84828.1666666667|0
"060371926101"|0|1|0|0|0|0|0|1|1|1|1|0|0|1|0|NA|NA|NA|NA|NA|55|22|52|3709594|71338.3461538462|0
"060371927001"|0|0|1|0|0|0|0|1|1|1|0|0|1|0|0|NA|NA|28000|28000|NA|40|13|66|7670656|116222.060606061|0
"060371927002"|0|0|1|0|0|0|0|1|1|1|0|0|1|0|0|NA|NA|28000|28000|NA|40|13|66|7670656|116222.060606061|0
"060371999001"|0|1|0|0|0|0|0|1|1|1|1|0|1|0|0|NA|NA|NA|NA|NA|20|2|62|8802888|141982.064516129|0
"060372017001"|0|1|1|0|0|0|0|1|1|1|0|0|0|0|1|5742|17622|7176|16680|14508|1083|455|1418|128120160|90352.7221438646|0
"060372060311"|0|1|1|0|0|0|0|1|1|1|0|0|1|0|0|43760|43760|43760|43760|NA|66|21|80|10171930|127149.125|0
"060372075021"|0|1|1|0|0|0|0|1|1|1|0|0|1|0|0|47741|47741|47741|47741|18786|0|0|0|0|NA|0
"060372077101"|0|2|1|0|0|0|0|2|2|1|0|0|0|1|0|NA|NA|NA|NA|NA|308|85|66|6803192|212051.665384615|0
"060372079001"|0|1|1|0|0|0|0|1|1|1|0|0|0|1|0|31141|31141|40870|40870|NA|183|75|152|4884940|32137.7631578947|0
"060372089022"|0|2|0|0|0|0|0|2|1|0|0|2|2|0|0|NA|NA|NA|NA|NA|0|0|0|0|NA|0
"060372092001"|0|1|1|0|0|0|0|1|1|1|0|0|1|0|0|40100|40100|15750|15750|NA|62|12|0|0|NA|0
"060372095201"|0|1|0|0|0|0|0|1|1|0|0|1|1|0|0|NA|NA|NA|NA|NA|0|0|0|0|NA|0
"060372111202"|0|1|2|0|0|0|0|2|2|2|0|0|2|0|0|12850|12850|11710|11710|NA|19|1|18|835214|93661.75|0
"060372118021"|0|1|0|0|0|0|0|1|1|1|1|0|1|0|0|NA|NA|NA|NA|NA|38|8|50|4336236|86724.72|0
"060372121012"|0|2|0|0|0|0|0|2|2|1|1|1|2|0|0|NA|NA|NA|NA|NA|4|2|0|0|NA|0
"060372122041"|0|0|1|0|0|0|0|1|1|1|0|0|1|0|0|NA|NA|17980|17980|NA|101|57|106|15323122|144557.754716981|0
"060372123031"|0|0|0|0|0|0|0|1|0|0|0|0|0|0|0|NA|NA|NA|NA|NA|0|0|0|0|NA|0
"060372123041"|0|3|2|0|0|0|0|4|4|4|1|0|4|0|0|NA|NA|NA|NA|NA|37|9|20|972974|NA|0
"060372147003"|0|1|0|0|0|0|0|1|1|1|1|0|1|0|0|NA|NA|NA|NA|NA|21|12|4|240000|60000|0
"060372213022"|0|1|1|0|0|0|0|1|1|1|0|0|1|0|0|5760|5760|5400|5400|NA|10|0|4|144000|36000|0
"060372227001"|0|1|1|0|1|1|0|1|1|1|0|0|0|0|1|55320|55320|44712|44712|15400|8373|2032|4302|591936132|137595.567642957|0
"060372240201"|0|1|0|0|0|0|0|1|1|1|1|0|0|0|1|1196|7722|NA|NA|NA|244|123|370|37100400|100271.351351351|0
"060372247001"|0|1|1|0|1|1|0|1|1|1|0|0|0|0|1|55320|55320|44712|44712|15400|8373|2032|4302|591936132|137595.567642957|0
"060372343002"|0|1|0|0|0|0|0|1|1|0|0|1|1|0|0|NA|NA|NA|NA|NA|0|0|0|0|NA|0
"060372343003"|0|1|0|0|0|0|0|1|1|0|0|1|1|0|0|NA|NA|NA|NA|NA|0|0|0|0|NA|0
"060372360002"|0|1|0|0|0|0|0|1|1|1|0|0|0|0|1|1196|7722|NA|NA|NA|171|80|240|23826468|99276.95|0
"060372384004"|0|1|0|0|0|0|0|1|1|0|0|1|1|0|0|NA|NA|NA|NA|NA|0|0|0|0|NA|0
"060372622001"|0|1|1|0|0|0|0|1|1|1|0|0|1|0|0|30480|30480|30054|30054|16956|102|16|24|2276422|94850.9166666667|0
"060372623011"|0|1|1|0|0|0|0|1|1|1|0|0|0|1|0|40018|40018|11508|11508|12170|334|47|270|23142146|85711.6518518519|0
"060372652011"|0|0|1|0|0|0|0|1|1|1|0|0|1|0|0|NA|NA|25530|25530|NA|5|0|0|0|NA|0
"060372652021"|0|1|0|0|0|0|0|1|1|0|0|1|1|0|0|NA|NA|NA|NA|NA|0|0|0|0|NA|0
"060372652023"|0|1|0|0|0|0|0|1|1|0|0|1|1|0|0|NA|NA|NA|NA|NA|0|0|0|0|NA|0
"060372653011"|0|1|1|0|1|1|0|1|1|1|0|0|0|0|1|11442|40434|11442|26544|15816|10532|1188|4054|696646240|171841.697089295|0
"060372690005"|0|0|1|0|0|0|0|1|1|1|0|0|0|0|0|NA|NA|17600|17600|NA|6|2|2|155010|77505|0
"060372696022"|0|1|0|0|0|0|0|1|1|0|0|1|1|0|0|NA|NA|NA|NA|NA|0|0|0|0|NA|0
"060372765001"|0|1|1|0|0|0|0|1|1|1|0|0|0|1|0|47470|47470|17822|17822|13690|1267|400|1200|131572158|109643.465|0
"060372766041"|0|1|1|0|0|0|0|1|1|1|0|0|0|1|0|43680|43680|43680|43680|15100|196|50|104|7367402|70840.4038461538|0
"060372780012"|0|1|0|0|0|0|0|1|1|0|0|1|1|0|0|NA|NA|NA|NA|NA|0|0|0|0|NA|0
"060372912102"|0|1|0|0|0|0|0|1|1|0|0|1|1|0|0|NA|NA|NA|NA|NA|0|0|0|0|NA|0
"060372920002"|0|2|0|0|0|0|0|2|2|1|0|1|2|0|0|NA|NA|NA|NA|NA|10|5|2|124800|NA|0
"060372920003"|0|2|0|0|0|0|0|2|2|1|0|1|2|0|0|NA|NA|NA|NA|NA|10|5|2|124800|NA|0
"060373008001"|0|1|0|0|0|0|0|1|1|1|1|0|0|0|1|1104|6648|NA|NA|NA|314|139|436|40705236|93360.6330275229|0
"060373017011"|0|1|0|0|0|0|0|1|1|0|0|1|1|0|0|NA|NA|NA|NA|NA|0|0|0|0|NA|0
"060373018021"|0|2|0|0|0|0|0|2|2|1|1|1|2|0|0|NA|NA|NA|NA|NA|7|2|0|0|NA|0
"060373020021"|0|1|0|0|0|0|0|1|1|1|1|0|1|0|0|NA|NA|NA|NA|NA|21|3|46|2180000|47391.3043478261|0
"060373023012"|0|1|1|0|0|0|0|1|1|1|0|0|1|0|0|NA|NA|NA|NA|NA|10|3|2|80000|40000|0
"060373107022"|0|1|0|0|0|0|0|1|1|0|0|1|1|0|0|NA|NA|NA|NA|NA|0|0|0|0|NA|0
"060373107023"|0|1|0|0|0|0|0|1|0|0|0|1|1|0|0|NA|NA|NA|NA|NA|0|0|0|0|NA|0
"060373116001"|0|1|1|0|0|0|0|1|1|1|0|0|0|1|0|27295|27295|32680|32680|NA|312|94|250|13381698|53526.792|0
"060373116005"|0|1|1|0|0|0|0|1|1|1|0|0|0|1|0|27295|27295|32680|32680|NA|312|94|250|13381698|53526.792|0
"060373203002"|0|1|0|0|0|0|0|1|1|0|0|1|1|0|0|NA|NA|NA|NA|NA|0|0|0|0|NA|0
"060373203003"|0|1|0|0|0|0|0|1|1|0|0|1|1|0|0|NA|NA|NA|NA|NA|0|0|0|0|NA|0
"060374008001"|0|2|1|0|0|0|0|2|2|2|1|0|0|0|2|39404|45860|NA|NA|NA|1192|447|1358|126998376|189640.805353104|0
"060374012021"|0|1|1|0|0|0|0|1|1|1|0|0|0|1|0|10200|10200|10800|10800|NA|135|9|26|2221390|85438.0769230769|0
"060374013042"|0|1|1|0|0|0|0|1|1|1|0|0|0|1|0|41940|41940|14058|14058|13420|454|147|518|48170202|92992.667953668|0
"060374013122"|0|1|1|0|0|0|0|1|1|1|0|0|1|0|0|14904|14904|8730|8730|8390|42|4|30|2053802|68460.0666666667|0
"060374015002"|0|1|1|0|0|0|0|1|1|1|0|0|0|1|0|41940|41940|14058|14058|13420|454|147|518|48170202|92992.667953668|0
"060374018003"|0|0|1|0|0|0|0|1|1|1|0|0|1|0|0|NA|NA|25000|25000|NA|45|22|36|2914756|80965.4444444444|0
"060374019011"|0|2|0|0|0|0|0|2|2|2|0|0|0|2|0|106188|106188|NA|NA|33560|748|200|626|71646562|221437.338967136|0
"060374019012"|0|3|3|0|0|0|0|4|4|4|0|0|1|3|0|NA|NA|NA|NA|NA|846|198|948|116075728|482935.557009154|0
"060374019021"|0|0|1|0|0|0|0|1|1|1|0|0|1|0|0|NA|NA|12000|12000|NA|26|7|0|0|NA|0
"060374019022"|0|0|1|0|0|0|0|1|1|1|0|0|1|0|0|NA|NA|12000|12000|NA|26|7|0|0|NA|0
"060374020011"|0|0|1|0|0|0|0|1|1|1|0|0|1|0|0|NA|NA|36100|36100|NA|102|21|128|17606362|137549.703125|0
"060374024021"|0|1|0|0|0|0|0|1|1|0|0|1|1|0|0|NA|NA|NA|NA|NA|0|0|0|0|NA|0
"060374024041"|0|4|2|0|0|0|0|4|4|4|2|0|1|1|2|NA|NA|NA|NA|NA|1875|759|2216|215146986|351120.700867086|0
"060374034051"|0|4|2|0|0|0|0|4|4|4|2|0|1|1|2|NA|NA|NA|NA|NA|1875|759|2216|215146986|351120.700867086|0
"060374035001"|0|1|0|0|0|0|0|1|1|1|1|0|0|0|1|1288|9352|NA|NA|NA|642|350|898|89758494|99953.7795100223|0
"060374046001"|0|1|0|0|0|0|0|1|1|0|0|1|1|0|0|NA|NA|NA|NA|NA|0|0|0|0|NA|0
"060374046002"|0|1|0|0|0|0|0|1|1|0|0|1|1|0|0|NA|NA|NA|NA|NA|0|0|0|0|NA|0
"060374050021"|0|1|0|0|0|0|0|1|1|0|0|1|1|0|0|NA|NA|NA|NA|NA|0|0|0|0|NA|0
"060374051011"|0|1|0|0|0|0|0|1|0|0|0|1|1|0|0|NA|NA|NA|NA|NA|0|0|0|0|NA|0
"060374051021"|0|1|0|0|0|0|0|1|1|0|0|1|1|0|0|NA|NA|NA|NA|NA|0|0|0|0|NA|0
"060374052011"|0|1|0|0|0|0|0|1|1|0|0|1|1|0|0|NA|NA|NA|NA|NA|0|0|0|0|NA|0
"060374053011"|0|1|0|0|0|0|0|1|1|0|0|1|1|0|0|NA|NA|NA|NA|NA|0|0|0|0|NA|0
"060374053022"|0|1|0|0|0|0|0|1|1|1|1|0|1|0|0|NA|NA|NA|NA|NA|11|0|14|669300|47807.1428571429|0
"060374053023"|0|1|0|0|0|0|0|1|1|1|1|0|1|0|0|NA|NA|NA|NA|NA|19|2|8|336000|42000|0
"060374053024"|0|1|0|0|0|0|0|1|1|1|1|0|1|0|0|NA|NA|NA|NA|NA|19|2|8|336000|42000|0
"060374053025"|0|1|0|0|0|0|0|1|1|1|1|0|1|0|0|NA|NA|NA|NA|NA|11|0|14|669300|47807.1428571429|0
"060374056004"|0|1|0|0|0|0|0|1|1|0|0|1|1|0|0|NA|NA|NA|NA|NA|0|0|0|0|NA|0
"060374059001"|0|1|0|0|0|0|0|1|1|0|0|1|1|0|0|NA|NA|NA|NA|NA|0|0|0|0|NA|0
"060374062001"|0|1|0|0|0|0|0|1|1|1|1|0|1|0|0|NA|NA|NA|NA|NA|10|1|2|124800|62400|0
"060374064111"|0|1|0|0|0|0|0|1|1|1|1|0|1|0|0|NA|NA|NA|NA|NA|10|1|2|124800|62400|0
"060374067022"|0|2|0|0|0|0|0|2|2|0|0|2|2|0|0|NA|NA|NA|NA|NA|0|0|0|0|NA|0
"060374067023"|0|2|0|0|0|0|0|2|2|0|0|2|2|0|0|NA|NA|NA|NA|NA|0|0|0|0|NA|0
"060374067024"|0|2|0|0|0|0|0|2|2|0|0|2|2|0|0|NA|NA|NA|NA|NA|0|0|0|0|NA|0
"060374071022"|0|1|0|0|0|0|0|1|1|1|1|0|1|0|0|NA|NA|NA|NA|NA|30|10|36|2348244|65229|0
"060374085033"|0|1|1|0|0|0|0|1|1|1|0|0|0|1|0|47496|47496|14310|14310|13742|241|79|260|21320928|82003.5692307692|0
"060374088001"|0|1|0|0|0|0|0|1|1|0|0|1|1|0|0|NA|NA|NA|NA|NA|0|0|0|0|NA|0
"060374088002"|0|0|1|0|0|1|0|1|1|1|0|0|0|1|0|NA|NA|22489|22489|NA|708|262|498|64187968|128891.502008032|0
"060374301021"|0|0|1|0|0|0|0|1|0|1|0|0|1|0|0|NA|NA|NA|NA|NA|5|1|0|0|NA|0
"060374302001"|0|1|0|0|0|0|0|1|1|1|0|0|1|0|0|14220|14220|NA|NA|NA|20|3|12|553364|46113.6666666667|0
"060374310021"|0|1|0|0|0|0|0|1|1|1|0|0|1|0|0|14220|14220|NA|NA|NA|20|3|12|553364|46113.6666666667|0
"060374321012"|0|1|0|0|0|0|0|1|1|0|0|1|1|0|0|NA|NA|NA|NA|NA|0|0|0|0|NA|0
"060374322012"|0|1|0|0|0|0|0|1|1|0|0|1|1|0|0|NA|NA|NA|NA|NA|0|0|0|0|NA|0
"060374327002"|0|1|0|0|0|0|0|1|1|0|0|1|1|0|0|NA|NA|NA|NA|NA|0|0|0|0|NA|0
"060374331012"|0|1|0|0|0|0|0|1|1|0|0|1|1|0|0|NA|NA|NA|NA|NA|0|0|0|0|NA|0
"060374332001"|0|1|0|0|0|0|0|1|1|0|0|1|1|0|0|NA|NA|NA|NA|NA|0|0|0|0|NA|0
"060374332004"|0|1|0|0|0|0|0|1|1|0|0|1|1|0|0|NA|NA|NA|NA|NA|0|0|0|0|NA|0
"060374338021"|0|1|0|0|0|0|0|1|1|1|0|0|0|0|1|1288|6552|NA|NA|NA|265|141|406|39590698|97514.0344827586|0
"060374608001"|0|1|1|0|0|0|0|1|1|1|0|0|0|1|0|42816|42816|45250|45250|NA|281|76|258|24073518|93308.2093023256|0
"060374614001"|0|1|0|0|0|0|0|1|1|1|0|0|1|0|0|29520|29520|NA|NA|8712|23|16|14|842770|60197.8571428571|0
"060374614003"|0|1|0|0|0|0|0|1|1|0|0|1|1|0|0|NA|NA|NA|NA|NA|0|0|0|0|NA|0
"060374619012"|0|1|1|0|0|0|0|1|1|1|0|0|0|1|0|13478|13478|20847|20847|NA|63|13|28|2028674|72452.6428571429|0
"060374620023"|0|1|0|0|0|0|0|1|1|0|0|1|1|0|0|NA|NA|NA|NA|NA|0|0|0|0|NA|0
"060374622022"|0|0|1|0|0|0|0|1|1|1|0|0|0|1|0|NA|NA|19920|19920|NA|303|97|146|12848698|88004.7808219178|0
"060374634003"|0|1|0|0|0|0|0|1|1|1|1|0|0|0|1|1104|7488|NA|NA|NA|409|155|876|78051342|89099.7054794521|0
"060374635002"|0|1|1|0|0|0|0|1|1|1|0|0|0|1|0|50487|50487|50487|50487|15525|3265|424|672|146786998|218433.032738095|0
"060374635003"|0|1|1|0|0|0|0|1|1|1|0|0|0|1|0|50487|50487|50487|50487|15525|3265|424|672|146786998|218433.032738095|0
"060374636011"|0|1|0|0|0|0|0|1|1|0|0|1|1|0|0|NA|NA|NA|NA|NA|0|0|0|0|NA|0
"060374636013"|0|2|1|0|0|0|0|2|2|1|0|1|1|1|0|NA|NA|NA|NA|NA|9|0|0|0|NA|0
"060374636014"|0|1|0|0|0|0|0|1|1|0|0|1|1|0|0|NA|NA|NA|NA|NA|0|0|0|0|NA|0
"060374636022"|0|1|0|0|0|0|0|1|1|1|0|0|1|0|0|23704|23704|NA|NA|NA|25|2|0|0|NA|0
"060374636024"|0|1|0|0|0|0|0|1|1|1|0|0|1|0|0|23704|23704|NA|NA|NA|25|2|0|0|NA|0
"060374808021"|0|2|2|0|0|0|0|4|4|4|1|0|4|0|0|NA|NA|NA|NA|NA|75|8|48|3037508|231005.137254902|0
"060374809021"|0|2|2|0|0|0|0|4|4|4|1|0|4|0|0|NA|NA|NA|NA|NA|75|8|48|3037508|231005.137254902|0
"060374810011"|0|1|0|0|0|0|0|1|1|0|0|1|1|0|0|NA|NA|NA|NA|NA|0|0|0|0|NA|0
"060374810012"|0|1|0|0|0|0|0|1|1|0|0|1|1|0|0|NA|NA|NA|NA|NA|0|0|0|0|NA|0
"060374824022"|0|1|1|0|0|0|0|1|1|1|0|0|1|0|0|11592|11592|10679|10679|7764|39|2|30|2110166|70338.8666666667|0
"060375003001"|0|1|0|0|0|0|0|1|1|1|0|0|0|0|1|1288|6552|NA|NA|NA|265|141|406|39590698|97514.0344827586|0
"060375004032"|0|1|0|0|0|0|0|1|1|1|0|0|0|0|1|1288|6552|NA|NA|NA|265|141|406|39590698|97514.0344827586|0
"060375016001"|0|1|1|0|0|0|0|1|1|1|0|0|0|1|0|47496|47496|14310|14310|13742|241|79|260|21320928|82003.5692307692|0
"060375027002"|0|1|0|0|0|0|0|1|1|0|0|1|1|0|0|NA|NA|NA|NA|NA|0|0|0|0|NA|0
"060375027003"|0|1|0|0|0|0|0|1|1|0|0|1|1|0|0|NA|NA|NA|NA|NA|0|0|0|0|NA|0
"060375027005"|0|1|0|0|0|0|0|1|1|0|0|1|1|0|0|NA|NA|NA|NA|NA|0|0|0|0|NA|0
"060375028022"|0|1|0|0|0|0|0|1|1|0|0|1|1|0|0|NA|NA|NA|NA|NA|0|0|0|0|NA|0
"060375029021"|0|1|0|0|0|0|0|1|1|0|0|1|1|0|0|NA|NA|NA|NA|NA|0|0|0|0|NA|0
"060375029022"|0|1|0|0|0|0|0|1|1|0|0|1|1|0|0|NA|NA|NA|NA|NA|0|0|0|0|NA|0
"060375029023"|0|1|0|0|0|0|0|1|1|0|0|1|1|0|0|NA|NA|NA|NA|NA|0|0|0|0|NA|0
"060375037021"|0|1|1|0|0|0|0|1|1|1|0|0|0|1|0|11612|11612|27756|27756|NA|106|19|100|8562894|85628.94|0
"060375037022"|0|1|1|0|0|0|0|1|1|1|0|0|0|1|0|11612|11612|27756|27756|NA|106|19|100|8562894|85628.94|0
"060375040012"|0|1|1|0|0|0|0|1|1|1|0|0|0|1|0|40488|40488|11178|11178|11312|646|302|572|49768866|87008.506993007|0
"060375040013"|0|1|1|0|0|0|0|1|1|1|0|0|0|1|0|40488|40488|11178|11178|11312|646|302|572|49768866|87008.506993007|0
"060375041021"|0|2|1|0|0|0|0|2|2|1|0|1|2|0|0|NA|NA|NA|NA|NA|6|2|2|32214|NA|0
"060375304002"|0|1|0|0|0|0|0|1|1|1|1|0|0|0|1|1196|7722|NA|NA|NA|382|200|668|65806690|98513.0089820359|0
"060375326051"|0|1|0|0|0|0|0|1|1|0|0|1|1|0|0|NA|NA|NA|NA|NA|0|0|0|0|NA|0
"060375326052"|0|1|0|0|0|0|0|1|1|0|0|1|1|0|0|NA|NA|NA|NA|NA|0|0|0|0|NA|0
"060375326053"|0|1|0|0|0|0|0|1|1|0|0|1|1|0|0|NA|NA|NA|NA|NA|0|0|0|0|NA|0
"060375331041"|0|1|0|0|0|0|0|1|1|0|0|1|1|0|0|NA|NA|NA|NA|NA|0|0|0|0|NA|0
"060375355011"|0|1|0|0|0|0|0|1|1|0|0|1|1|0|0|NA|NA|NA|NA|NA|0|0|0|0|NA|0
"060375362004"|0|1|0|0|0|0|0|1|1|1|1|0|1|0|0|NA|NA|NA|NA|NA|9|1|6|421990|70331.6666666667|0
"060375402033"|0|1|0|0|0|0|0|1|1|0|0|1|1|0|0|NA|NA|NA|NA|NA|0|0|0|0|NA|0
"060375407002"|0|1|1|0|0|0|0|1|1|1|0|0|1|0|0|12888|12888|22176|22176|NA|154|43|66|6946434|105249|0
"060375410021"|0|1|0|0|0|0|0|1|1|0|0|1|1|0|0|NA|NA|NA|NA|NA|0|0|0|0|NA|0
"060375424021"|0|1|0|0|0|0|0|1|1|1|1|0|0|1|0|1104|6288|NA|NA|NA|154|64|202|17034134|84327.396039604|0
"060375431005"|0|1|0|0|0|0|0|1|1|0|0|1|1|0|0|NA|NA|NA|NA|NA|0|0|0|0|NA|0
"060375433051"|0|1|0|0|0|0|0|1|1|1|1|0|0|1|0|1104|6288|NA|NA|NA|154|64|202|17034134|84327.396039604|0
"060375433063"|0|1|0|0|0|0|0|1|1|0|0|1|1|0|0|NA|NA|NA|NA|NA|0|0|0|0|NA|0
"060375433211"|0|1|1|0|0|0|0|1|1|1|0|0|0|0|1|5742|17622|7176|16680|12540|681|258|750|67875288|90500.384|0
"060375434003"|0|1|0|0|0|0|0|1|1|0|0|1|1|0|0|NA|NA|NA|NA|NA|0|0|0|0|NA|0
"060375511021"|0|1|0|0|0|0|0|1|0|0|0|1|1|0|0|NA|NA|NA|NA|NA|0|0|0|0|NA|0
"060375522001"|0|1|0|0|0|0|0|1|1|0|0|1|1|0|0|NA|NA|NA|NA|NA|0|0|0|0|NA|0
"060375535043"|0|1|0|0|0|0|0|1|1|1|1|0|1|0|0|NA|NA|NA|NA|NA|9|1|6|421990|70331.6666666667|0
"060375539012"|0|1|0|0|0|0|0|1|1|1|1|0|1|0|0|NA|NA|NA|NA|NA|10|0|30|1487512|49583.7333333333|0
"060375545141"|0|1|0|0|0|0|0|1|1|0|0|1|1|0|0|NA|NA|NA|NA|NA|0|0|0|0|NA|0
"060375545152"|0|0|0|0|0|0|0|1|0|0|0|0|0|0|0|NA|NA|NA|NA|NA|0|0|0|0|NA|0
"060375545211"|0|2|0|0|0|0|0|2|2|2|0|0|2|0|0|NA|NA|NA|NA|NA|36|3|10|670650|134275|0
"060375545213"|0|1|0|0|0|0|0|1|1|1|1|0|0|0|1|1288|8652|NA|NA|NA|332|158|646|63581640|98423.5913312693|0
"060375548012"|0|2|0|0|0|0|0|2|2|1|1|1|1|0|1|NA|NA|NA|NA|NA|332|158|646|63581640|NA|0
"060375700034"|0|1|0|0|0|0|0|1|1|1|1|0|1|0|0|NA|NA|NA|NA|NA|19|2|6|178000|29666.6666666667|0
"060375700035"|0|1|0|0|0|0|0|1|1|1|1|0|1|0|0|NA|NA|NA|NA|NA|19|2|6|178000|29666.6666666667|0
"060375701001"|0|1|0|0|0|0|0|1|1|1|1|0|1|0|0|NA|NA|NA|NA|NA|19|2|6|178000|29666.6666666667|0
"060375712003"|0|1|0|0|0|0|0|1|1|1|1|0|0|0|1|1104|7680|NA|NA|NA|497|243|638|53162408|83326.65830721|0
"060375734022"|0|1|1|0|0|0|0|1|1|1|0|0|1|0|0|21420|21420|14872|14872|NA|30|4|20|2107000|105350|0
"060375736014"|0|1|0|0|0|0|0|1|1|0|0|1|1|0|0|NA|NA|NA|NA|NA|0|0|0|0|NA|0
"060375742022"|0|1|0|0|0|0|0|1|1|0|0|1|1|0|0|NA|NA|NA|NA|NA|0|0|0|0|NA|0
"060375746011"|0|1|1|0|0|0|0|1|1|1|0|0|0|0|1|5742|17622|7176|16680|12986|1663|670|2152|201497112|93632.4869888476|0
"060375747001"|0|1|1|0|0|0|0|1|1|1|0|0|0|0|1|5742|17622|7176|16680|12986|1663|670|2152|201497112|93632.4869888476|0
"060375758032"|0|1|0|0|0|0|0|1|1|0|0|1|1|0|0|NA|NA|NA|NA|NA|0|0|0|0|NA|0
"060375760012"|0|1|1|0|0|0|0|1|1|0|0|0|0|0|0|NA|NA|NA|NA|NA|657|95|0|0|NA|0
"060375762005"|0|1|0|0|0|0|0|1|0|0|0|0|0|0|0|NA|NA|NA|NA|NA|0|0|0|0|NA|0
"060376014013"|0|1|0|0|0|0|0|1|1|1|1|0|1|0|0|NA|NA|NA|NA|NA|22|4|32|1390188|43443.375|0
"060376014023"|0|1|1|0|0|0|0|1|0|1|0|0|1|0|0|NA|NA|NA|NA|NA|19|3|14|872762|62340.1428571429|0
"060376016003"|0|1|0|0|0|0|0|1|1|0|0|1|1|0|0|NA|NA|NA|NA|NA|0|0|0|0|NA|0
"060376022001"|0|1|1|0|0|0|0|1|1|1|0|0|1|0|0|13344|13344|13639|13639|NA|0|0|0|0|NA|0
"060376028011"|0|1|0|0|0|0|0|1|1|1|1|0|0|1|0|1196|7722|NA|NA|NA|132|62|188|17606186|93649.9255319149|0
"060376028012"|0|1|0|0|0|0|0|1|1|1|1|0|0|1|0|1196|7722|NA|NA|NA|132|62|188|17606186|93649.9255319149|0
"060376037022"|0|1|0|0|0|0|0|1|1|1|1|0|0|0|1|1104|6480|NA|NA|NA|477|210|686|73682382|107408.720116618|0
"060376205223"|0|1|0|0|0|0|0|1|1|0|0|1|1|0|0|NA|NA|NA|NA|NA|0|0|0|0|NA|0
"060376511012"|0|1|0|0|0|0|0|1|1|1|0|0|1|0|0|NA|NA|NA|NA|NA|17|17|0|0|NA|0
"060376707024"|0|1|1|0|0|0|0|1|1|1|0|0|1|0|0|34134|34134|13500|13500|14666|73|29|66|4596502|69643.9696969697|0
"060377009011"|0|2|0|0|0|0|0|2|2|2|0|0|2|0|0|41720|41720|NA|NA|NA|90|38|162|9028350|80127.1875|0
"060377015011"|0|0|1|0|0|0|0|1|1|1|0|0|1|0|0|NA|NA|16532|16532|NA|15|3|0|0|NA|0
"060377019021"|0|1|0|0|0|0|0|1|1|0|0|1|1|0|0|NA|NA|NA|NA|NA|0|0|0|0|NA|0
"060377019023"|0|0|1|0|0|0|0|1|1|1|0|0|1|0|0|NA|NA|14664|14664|NA|12|4|0|0|NA|0
"060377022011"|0|1|0|0|0|0|0|1|1|1|0|0|0|0|1|1104|8880|NA|NA|NA|523|224|666|69180910|103875.24024024|0
"060377025022"|0|1|0|0|0|0|0|1|1|1|0|0|0|0|1|1196|7722|NA|NA|NA|171|80|240|23826468|99276.95|0
"060377028033"|0|0|1|0|0|0|0|1|1|1|0|0|1|0|0|NA|NA|14798|14798|NA|12|4|4|208508|52127|0
"060377030012"|0|1|1|0|0|0|0|1|1|1|0|0|1|0|0|20370|20370|16416|16416|NA|27|19|64|4221190|65956.09375|0
"060377030013"|0|1|0|0|0|0|0|1|1|1|0|0|0|0|1|1196|7722|NA|NA|NA|171|80|240|23826468|99276.95|0
"060377030024"|0|1|0|0|0|0|0|1|1|1|0|0|0|0|1|1196|7722|NA|NA|NA|171|80|240|23826468|99276.95|0
"060378004101"|0|1|1|0|0|0|0|1|1|1|0|0|0|1|0|53680|53680|33700|33700|15320|1195|276|786|87628862|111487.10178117|0
"060379007011"|0|1|1|0|0|0|0|1|1|1|0|0|1|0|0|NA|NA|NA|NA|NA|63|14|32|1788096|55878|0
"060379007013"|0|1|0|0|0|0|0|1|1|1|1|0|1|0|0|NA|NA|NA|NA|NA|36|7|38|2337958|61525.2105263158|0
"060379007033"|0|1|0|0|0|0|0|1|1|1|1|0|1|0|0|NA|NA|NA|NA|NA|32|8|68|4757738|69966.7352941177|0
"060379008062"|0|1|0|0|0|0|0|1|1|0|0|1|1|0|0|NA|NA|NA|NA|NA|0|0|0|0|NA|0
"060379010042"|0|1|0|0|0|0|0|1|1|1|0|0|0|0|1|1104|6480|NA|NA|NA|292|124|334|30071702|90035.0359281437|0
"060379203142"|0|1|1|0|0|0|0|1|1|1|0|0|0|1|0|24950|24950|10200|10200|10880|171|44|136|11230810|82579.4852941177|0
"060379203291"|0|1|0|0|0|0|0|1|1|0|0|1|1|0|0|NA|NA|NA|NA|NA|0|0|0|0|NA|0
"060379203302"|0|1|0|0|0|0|0|1|1|1|1|0|0|0|1|1104|7560|NA|NA|NA|389|56|436|45145540|103544.816513761|0
"060379203321"|0|1|1|0|0|0|0|1|1|1|0|0|0|1|0|24950|24950|10200|10200|10880|171|44|136|11230810|82579.4852941177|0
"060379203343"|0|1|1|0|0|0|0|1|1|1|0|0|0|1|0|48660|48660|48660|48660|12069|239|81|312|24905106|79824.0576923077|0
"060379800151"|0|1|0|0|0|0|0|1|1|1|1|0|0|1|0|1196|7722|NA|NA|NA|145|69|226|22116462|97860.4513274336|0
"060411060023"|0|1|1|0|0|0|0|1|1|1|0|0|0|1|0|45350|45350|17370|17370|14810|194|57|212|17513780|82612.1698113208|0
"060411101001"|0|1|1|0|0|0|0|1|1|1|0|0|0|1|0|45350|45350|17370|17370|14810|194|57|212|17513780|82612.1698113208|0
"060411170003"|0|0|1|0|0|0|0|1|1|1|0|0|1|0|0|NA|NA|17500|17500|NA|41|4|14|1050444|75031.7142857143|0
"060411191003"|0|1|0|0|0|0|0|1|1|1|1|0|0|1|0|1380|9600|NA|NA|NA|205|65|252|24401090|96829.7222222222|0
"060450109003"|0|1|0|0|0|0|0|1|1|1|1|0|0|1|0|1380|7740|NA|NA|NA|43|13|112|9495812|84784.0357142857|0
"060450113001"|0|1|0|0|0|0|0|1|1|1|1|0|0|1|0|1380|7740|NA|NA|NA|43|13|112|9495812|84784.0357142857|0
"060450115003"|0|1|0|0|0|0|0|1|1|0|0|1|1|0|0|NA|NA|NA|NA|NA|0|0|0|0|NA|0
"060470010021"|0|1|0|0|0|0|0|1|1|1|1|0|0|0|1|1104|6096|NA|NA|NA|279|138|390|33768878|86586.8666666667|0
"060470010041"|0|1|0|0|0|0|0|1|1|0|0|1|1|0|0|NA|NA|NA|NA|NA|0|0|0|0|NA|0
"060470013013"|0|1|0|0|0|0|0|1|1|0|0|1|1|0|0|NA|NA|NA|NA|NA|0|0|0|0|NA|0
"060470019011"|0|1|1|0|0|0|0|1|1|1|0|0|0|1|0|11442|40434|11442|26544|16814|1091|168|750|75766612|101022.149333333|0
"060530002001"|0|1|0|0|0|0|0|1|1|0|0|1|1|0|0|NA|NA|NA|NA|NA|0|0|0|0|NA|0
"060530003002"|0|1|0|0|0|0|0|1|1|0|0|1|1|0|0|NA|NA|NA|NA|NA|0|0|0|0|NA|0
"060530014001"|0|1|0|0|0|0|0|1|1|1|1|0|0|0|1|1400|8850|NA|NA|NA|213|74|260|23571924|90661.2461538462|0
"060530014002"|0|1|0|0|0|0|0|1|1|1|1|0|1|0|0|NA|NA|NA|NA|NA|9|1|12|763458|63621.5|0
"060530111013"|0|1|0|0|0|0|0|1|1|0|0|1|1|0|0|NA|NA|NA|NA|NA|0|0|0|0|NA|0
"060530111022"|0|1|0|0|0|0|0|1|1|0|0|1|1|0|0|NA|NA|NA|NA|NA|0|0|0|0|NA|0
"060530111023"|0|1|0|0|0|0|0|1|1|0|0|1|1|0|0|NA|NA|NA|NA|NA|0|0|0|0|NA|0
"060530126001"|0|1|1|0|0|0|0|1|1|1|0|0|1|0|0|40778|40778|40778|40778|NA|116|74|160|13364968|83531.05|0
"060530127002"|0|1|1|0|0|0|0|1|1|1|0|0|1|0|0|40778|40778|40778|40778|NA|116|74|160|13364968|83531.05|0
"060530130001"|0|1|0|0|0|0|0|1|1|1|1|0|0|1|0|1104|7296|NA|NA|NA|146|65|272|17221794|63315.4191176471|0
"060530130002"|0|0|1|0|0|0|0|0|0|1|0|0|0|1|0|NA|NA|NA|NA|NA|678|124|632|103737822|164142.123417722|0
"060530132002"|0|0|1|0|0|0|0|0|0|1|0|0|0|1|0|NA|NA|NA|NA|NA|678|124|632|103737822|164142.123417722|0
"060530133001"|0|0|1|0|0|0|0|0|0|1|0|0|0|1|0|NA|NA|NA|NA|NA|678|124|632|103737822|164142.123417722|0
"060530133002"|0|0|1|0|0|0|0|0|0|1|0|0|0|1|0|NA|NA|NA|NA|NA|678|124|632|103737822|164142.123417722|0
"060530141041"|0|1|1|0|0|0|0|1|1|1|0|0|0|1|0|5742|17622|7176|16680|12396|541|203|434|37828536|87162.5253456221|0
"060530141043"|0|1|1|0|0|0|0|1|1|1|0|0|0|1|0|5742|17622|7176|16680|12396|541|203|434|37828536|87162.5253456221|0
"060552002021"|0|1|0|0|0|0|0|1|1|0|0|1|1|0|0|NA|NA|NA|NA|NA|0|0|0|0|NA|0
"060552009001"|0|1|0|0|0|0|0|1|1|1|1|0|0|1|0|1104|6720|NA|NA|NA|201|85|232|19488492|84002.1206896552|0
"060552017001"|0|1|1|0|0|0|0|1|1|1|0|0|0|1|0|29415|29415|29415|29415|8310|132|19|164|10308012|62853.7317073171|0
"060552017002"|0|1|1|0|0|0|0|1|1|1|0|0|0|1|0|29415|29415|29415|29415|8310|132|19|164|10308012|62853.7317073171|0
"060590016025"|0|0|1|0|0|0|0|1|1|1|0|0|1|0|0|NA|NA|35568|35568|NA|125|45|110|13393402|121758.2|0
"060590019021"|0|1|1|0|0|0|0|1|1|1|0|0|1|0|0|2875|2875|300|300|NA|3|0|6|390000|65000|0
"060590114012"|0|1|0|0|0|0|0|1|1|1|1|0|0|0|1|1104|5976|NA|NA|NA|299|128|648|74223060|114541.759259259|0
"060590115023"|0|1|1|0|0|0|0|1|1|1|0|0|0|0|1|5742|17622|7176|16680|15898|1548|572|1994|186802368|93682.2306920762|0
"060590115042"|0|1|1|0|0|0|0|1|1|1|0|0|0|0|1|5742|17622|7176|16680|15898|1548|572|1994|186802368|93682.2306920762|0
"060590115045"|0|2|2|0|0|0|0|2|2|2|0|0|0|1|1|37992|49872|20940|30444|26388|1637|605|2056|190211168|148662.875853367|0
"060590219123"|0|1|0|0|0|0|0|1|1|1|1|0|0|0|1|1104|8136|NA|NA|NA|165|88|272|26460946|97282.8897058823|0
"060590219172"|0|1|0|0|0|0|0|1|1|1|1|0|0|0|1|1104|8136|NA|NA|NA|165|88|272|26460946|97282.8897058823|0
"060590320223"|0|2|0|0|0|0|0|2|2|1|1|0|0|0|1|NA|NA|NA|NA|NA|460|244|490|51440308|NA|0
"060590423191"|0|1|1|0|0|0|0|1|1|1|0|0|1|0|0|31310|31310|31310|31310|12530|148|56|102|10923968|107097.725490196|0
"060590525171"|0|1|0|0|0|0|0|1|1|1|1|0|0|0|1|1104|8016|NA|NA|NA|203|105|296|30256970|102219.493243243|0
"060590525181"|0|1|2|0|0|0|0|2|2|2|0|0|1|1|0|NA|NA|NA|NA|NA|454|153|210|19597182|196136.764705882|0
"060590626041"|0|1|1|0|0|0|0|1|1|1|0|0|1|0|0|30700|30700|35500|35500|15418|51|22|48|3869396|80612.4166666667|0
"060590626042"|0|1|1|0|0|0|0|1|1|1|0|0|1|0|0|30700|30700|35500|35500|15418|51|22|48|3869396|80612.4166666667|0
"060590626102"|0|7|6|0|1|1|0|7|7|7|1|0|4|2|1|NA|NA|NA|NA|NA|5065|514|3114|409141020|NA|0
"060590626113"|0|3|3|0|1|1|0|3|3|3|0|0|1|1|1|NA|NA|NA|NA|NA|4953|496|3060|406678644|257453.246696035|0
"060590626143"|0|1|1|0|1|1|0|1|1|1|0|0|0|0|1|11442|40434|11442|26544|15263|4782|467|2724|382594644|140453.246696035|0
"060590626262"|0|0|1|0|0|0|0|1|1|1|0|0|1|0|0|NA|NA|21213|21213|NA|5|1|8|759776|94972|0
"060590626281"|0|1|1|0|0|0|0|1|1|1|0|0|0|1|0|34700|34700|7774|7774|11300|258|86|220|17157494|77988.6090909091|0
"060590626282"|0|1|1|0|0|0|0|1|1|1|0|0|0|1|0|34700|34700|7774|7774|11300|258|86|220|17157494|77988.6090909091|0
"060590626331"|0|1|1|0|0|0|0|1|1|1|0|0|1|0|0|31310|31310|31310|31310|12530|148|56|102|10923968|107097.725490196|0
"060590626332"|0|1|1|0|0|0|0|1|1|1|0|0|1|0|0|31310|31310|31310|31310|12530|148|56|102|10923968|107097.725490196|0
"060590626492"|0|1|1|0|0|0|0|1|1|1|0|0|1|0|0|30700|30700|35500|35500|15418|51|22|48|3869396|80612.4166666667|0
"060590630073"|0|3|3|0|0|0|0|3|3|3|0|0|2|1|0|NA|NA|NA|NA|NA|177|30|340|24359242|185810.5|0
"060590639022"|0|1|0|0|0|0|0|1|1|0|0|0|0|0|0|NA|NA|NA|NA|NA|124|23|0|0|NA|0
"060590639023"|0|1|0|0|0|0|0|1|1|1|1|0|0|0|1|1104|7896|NA|NA|NA|368|145|550|57320652|104219.367272727|0
"060590639063"|0|1|1|0|0|0|0|1|1|1|0|0|0|1|0|33220|33220|15039|15039|9980|179|59|156|11739036|75250.2307692308|0
"060590639072"|0|1|0|0|0|0|0|1|1|0|0|1|1|0|0|NA|NA|NA|NA|NA|0|0|0|0|NA|0
"060590740031"|0|1|0|0|0|0|0|1|1|0|0|1|1|0|0|NA|NA|NA|NA|NA|0|0|0|0|NA|0
"060590741062"|0|1|0|0|0|0|0|1|1|0|0|1|1|0|0|NA|NA|NA|NA|NA|0|0|0|0|NA|0
"060590741063"|0|3|1|0|0|0|0|3|3|2|0|1|3|0|0|NA|NA|NA|NA|NA|0|0|0|0|NA|0
"060590741071"|0|1|0|0|0|0|0|1|1|0|0|1|1|0|0|NA|NA|NA|NA|NA|0|0|0|0|NA|0
"060590750022"|0|1|1|0|0|0|0|1|1|0|0|0|0|0|0|4500|4500|6900|6900|NA|0|0|0|0|NA|0
"060590750024"|0|1|0|0|0|0|0|1|1|0|0|1|1|0|0|NA|NA|NA|NA|NA|0|0|0|0|NA|0
"060590752021"|0|2|0|0|0|0|0|2|2|1|0|1|1|0|1|NA|NA|NA|NA|NA|299|154|486|52808480|NA|0
"060590753031"|0|1|0|0|0|0|0|1|1|0|0|0|0|0|0|NA|NA|NA|NA|NA|137|50|6|545032|90838.6666666667|0
"060590754031"|0|1|0|0|0|0|0|1|1|0|0|1|1|0|0|NA|NA|NA|NA|NA|0|0|0|0|NA|0
"060590754043"|0|0|1|0|0|0|0|1|1|1|0|0|1|0|0|NA|NA|13500|13500|NA|14|1|12|854000|71166.6666666667|0
"060590755151"|0|3|2|0|0|0|0|3|3|3|1|0|2|1|0|48781|48781|NA|NA|NA|106|17|50|2187134|NA|0
"060590757013"|0|1|0|0|0|0|0|1|1|0|0|1|1|0|0|NA|NA|NA|NA|NA|0|0|0|0|NA|0
"060590759011"|0|1|1|0|0|0|0|1|1|1|0|0|0|1|0|52340|52340|31168|31168|15828|905|338|1034|120411600|116452.224371373|0
"060590760002"|0|1|0|0|0|0|0|1|1|1|0|0|1|0|0|NA|NA|NA|NA|NA|29|12|30|2005706|66856.8666666667|0
"060590760003"|0|1|0|0|0|0|0|1|1|1|0|0|1|0|0|NA|NA|NA|NA|NA|29|12|30|2005706|66856.8666666667|0
"060590761011"|0|1|0|0|0|0|0|1|1|1|0|0|1|0|0|13794|13794|NA|NA|NA|24|1|22|1434960|65225.4545454545|0
"060590761013"|0|1|0|0|0|0|0|1|1|1|1|0|1|0|0|11954|11954|NA|NA|NA|8|2|4|205760|51440|0
"060590863032"|0|1|0|0|0|0|0|1|1|1|0|0|1|0|0|13794|13794|NA|NA|NA|24|1|22|1434960|65225.4545454545|0
"060590865013"|0|1|0|0|0|0|0|1|1|0|0|1|1|0|0|NA|NA|NA|NA|NA|0|0|0|0|NA|0
"060590866022"|0|1|1|0|0|0|0|1|1|1|0|0|1|0|0|7875|7875|7631|7631|NA|12|2|0|0|NA|0
"060590867013"|0|1|1|0|1|0|0|2|2|1|0|0|1|0|0|NA|NA|NA|NA|NA|120|31|48|2086410|NA|0
"060590867014"|0|1|1|0|1|0|0|2|2|1|0|0|1|0|0|NA|NA|NA|NA|NA|120|31|48|2086410|NA|0
"060590867021"|0|1|1|0|0|0|0|1|1|1|0|0|1|0|0|6330|6330|7800|7800|NA|7|4|4|225204|56301|0
"060590867022"|0|2|1|0|0|0|0|2|2|1|0|1|2|0|0|NA|NA|NA|NA|NA|7|4|4|225204|NA|0
"060590868021"|0|1|0|0|0|0|0|1|1|1|1|0|0|1|0|NA|NA|NA|NA|NA|53|15|50|3738564|74771.28|0
"060590868023"|0|1|0|0|0|0|0|1|1|1|1|0|0|1|0|NA|NA|NA|NA|NA|53|15|50|3738564|74771.28|0
"060590871022"|0|1|0|0|0|0|0|1|1|1|0|0|1|0|0|15790|15790|NA|NA|NA|19|4|22|1536240|69829.0909090909|0
"060590874032"|0|1|0|0|0|0|0|1|1|1|1|0|1|0|0|NA|NA|NA|NA|NA|15|3|8|369520|46190|0
"060590874051"|0|2|0|0|0|0|0|2|2|0|0|2|2|0|0|NA|NA|NA|NA|NA|0|0|0|0|NA|0
"060590882032"|0|1|0|0|0|0|0|1|1|0|0|1|1|0|0|NA|NA|NA|NA|NA|0|0|0|0|NA|0
"060590884031"|0|1|0|0|0|0|0|1|1|0|0|1|1|0|0|NA|NA|NA|NA|NA|0|0|0|0|NA|0
"060590886021"|0|1|0|0|0|0|0|1|1|1|1|0|1|0|0|NA|NA|NA|NA|NA|38|15|28|1947894|69567.6428571429|0
"060590889021"|0|1|0|0|0|0|0|1|1|0|0|1|1|0|0|NA|NA|NA|NA|NA|0|0|0|0|NA|0
"060590992023"|0|1|0|0|0|0|0|1|1|0|0|1|1|0|0|NA|NA|NA|NA|NA|0|0|0|0|NA|0
"060590992271"|0|1|0|0|0|0|0|1|1|0|0|1|1|0|0|NA|NA|NA|NA|NA|0|0|0|0|NA|0
"060590992272"|0|1|0|0|0|0|0|1|1|0|0|1|1|0|0|NA|NA|NA|NA|NA|0|0|0|0|NA|0
"060590992293"|0|1|0|0|0|0|0|1|1|1|1|0|0|0|1|1104|6480|NA|NA|NA|185|98|120|11848456|98737.1333333333|0
"060590992411"|0|1|0|0|0|0|0|1|1|0|0|1|1|0|0|NA|NA|NA|NA|NA|0|0|0|0|NA|0
"060590992412"|0|1|0|0|0|0|0|1|1|0|0|1|1|0|0|NA|NA|NA|NA|NA|0|0|0|0|NA|0
"060590992421"|0|1|0|0|0|0|0|1|1|0|0|1|1|0|0|NA|NA|NA|NA|NA|0|0|0|0|NA|0
"060590992422"|0|1|0|0|0|0|0|1|1|0|0|1|1|0|0|NA|NA|NA|NA|NA|0|0|0|0|NA|0
"060590996052"|0|1|0|0|0|0|0|1|1|1|1|0|0|0|1|1104|7608|NA|NA|NA|215|87|276|29084122|105377.253623188|0
"060590997031"|0|1|0|0|0|0|0|1|1|0|0|1|1|0|0|NA|NA|NA|NA|NA|0|0|0|0|NA|0
"060590997032"|0|1|0|0|0|0|0|1|1|0|0|1|1|0|0|NA|NA|NA|NA|NA|0|0|0|0|NA|0
"060590997033"|0|1|0|0|0|0|0|1|1|0|0|1|1|0|0|NA|NA|NA|NA|NA|0|0|0|0|NA|0
"060590998021"|0|1|0|0|0|0|0|1|1|0|0|1|1|0|0|NA|NA|NA|NA|NA|0|0|0|0|NA|0
"060591100012"|0|1|0|0|0|0|0|1|1|0|0|1|1|0|0|NA|NA|NA|NA|NA|0|0|0|0|NA|0
"060591100051"|0|1|0|0|0|0|0|1|1|0|0|1|1|0|0|NA|NA|NA|NA|NA|0|0|0|0|NA|0
"060591101063"|0|2|2|0|0|0|0|2|2|2|0|0|0|2|0|23640|23640|15120|15120|NA|291|10|108|7618522|140249.666666667|0
"060591101101"|0|1|0|0|0|0|0|1|1|1|0|0|0|0|1|1104|6120|NA|NA|NA|207|61|412|48175644|116931.174757282|0
"060591101131"|0|2|2|0|0|0|0|2|2|2|0|0|0|2|0|23640|23640|15120|15120|NA|291|10|108|7618522|140249.666666667|0
"060599800001"|0|1|1|0|0|0|0|1|1|1|0|0|0|1|0|34060|34060|10054|10054|NA|121|46|148|14051494|94942.527027027|0
"060610207141"|0|1|0|0|0|0|0|1|1|0|0|1|1|0|0|NA|NA|NA|NA|NA|0|0|0|0|NA|0
"060610211092"|0|1|0|0|0|0|0|1|1|1|1|0|0|0|1|1104|6168|NA|NA|7400|306|160|474|34909456|73648.641350211|0
"060610213093"|0|1|1|0|0|0|0|1|1|1|0|0|0|1|0|32950|32950|11340|11340|11040|149|57|86|5940378|69074.1627906977|0
"060610213094"|0|1|1|0|0|0|0|1|1|1|0|0|0|1|0|32950|32950|11340|11340|11040|149|57|86|5940378|69074.1627906977|0
"060630001006"|0|1|0|0|0|0|0|1|1|1|0|0|0|1|0|1380|8430|NA|NA|9409|72|12|50|4170054|83401.08|0
"060650304005"|0|1|0|0|0|0|0|1|1|1|1|0|1|0|0|NA|NA|NA|NA|NA|0|0|0|0|NA|0
"060650305012"|0|1|0|0|0|0|0|1|1|0|0|1|1|0|0|NA|NA|NA|NA|NA|0|0|0|0|NA|0
"060650305022"|0|1|0|0|0|0|0|1|1|0|0|1|1|0|0|NA|NA|NA|NA|NA|0|0|0|0|NA|0
"060650307001"|0|1|0|0|0|0|0|1|1|1|1|0|0|0|1|1380|8400|NA|NA|NA|290|152|508|55415954|109086.523622047|0
"060650312005"|0|1|0|0|0|0|0|1|1|0|0|1|1|0|0|NA|NA|NA|NA|NA|0|0|0|0|NA|0
"060650315012"|0|1|1|0|0|0|0|1|1|1|0|0|0|0|1|31668|31668|13420|13420|9060|556|230|680|63694726|93668.7147058823|0
"060650402011"|0|1|0|0|0|0|0|1|1|0|0|1|1|0|0|NA|NA|NA|NA|NA|0|0|0|0|NA|0
"060650408161"|0|1|1|0|0|0|0|1|1|1|0|0|0|1|0|31788|31788|13140|13140|8415|172|56|190|13679970|71999.8421052632|0
"060650409011"|0|1|1|0|0|0|0|1|1|1|0|0|0|1|0|31788|31788|13140|13140|8415|172|56|190|13679970|71999.8421052632|0
"060650409012"|0|1|0|0|0|0|0|1|1|0|0|1|1|0|0|NA|NA|NA|NA|NA|0|0|0|0|NA|0
"060650409022"|0|1|1|0|0|0|0|1|1|1|0|0|0|1|0|31788|31788|13140|13140|8415|172|56|190|13679970|71999.8421052632|0
"060650409023"|0|1|1|0|0|0|0|1|1|1|0|0|0|1|0|31788|31788|13140|13140|8415|172|56|190|13679970|71999.8421052632|0
"060650414061"|0|1|0|0|0|0|0|1|1|0|0|1|1|0|0|NA|NA|NA|NA|NA|0|0|0|0|NA|0
"060650419092"|0|1|0|0|0|0|0|1|1|0|0|1|1|0|0|NA|NA|NA|NA|NA|0|0|0|0|NA|0
"060650422062"|0|1|1|0|0|1|0|1|1|1|0|0|0|0|1|11442|40434|11442|26544|16017|3075|531|1904|234023038|122911.259453782|0
"060650422092"|0|2|0|0|0|0|0|2|2|1|1|1|2|0|0|NA|NA|NA|NA|NA|9|1|6|353600|NA|0
"060650432161"|0|1|0|0|0|0|0|1|1|0|0|1|1|0|0|NA|NA|NA|NA|NA|0|0|0|0|NA|0
"060650435042"|0|1|0|0|0|0|0|1|1|0|0|1|1|0|0|NA|NA|NA|NA|NA|0|0|0|0|NA|0
"060650435092"|0|1|0|0|0|0|0|1|1|1|1|0|0|0|1|1380|10020|NA|NA|NA|370|165|404|37754814|93452.5099009901|0
"060650438072"|0|1|0|0|0|0|0|1|1|0|0|1|1|0|0|NA|NA|NA|NA|NA|0|0|0|0|NA|0
"060650447011"|0|1|0|0|0|0|0|1|1|1|1|0|1|0|0|NA|NA|NA|NA|NA|0|0|0|0|NA|0
"060650447021"|0|1|0|0|0|0|0|1|1|0|0|1|1|0|0|NA|NA|NA|NA|NA|0|0|0|0|NA|0
"060650449221"|0|1|0|0|0|0|0|1|1|0|0|1|1|0|0|NA|NA|NA|NA|NA|0|0|0|0|NA|0
"060650451181"|0|1|0|0|0|0|0|1|1|1|1|0|0|0|1|1297|8577|NA|NA|NA|285|132|326|28810298|88375.1472392638|0
"060650451241"|0|1|0|0|0|0|0|1|1|0|0|1|1|0|0|NA|NA|NA|NA|NA|0|0|0|0|NA|0
"060650452153"|0|2|0|0|0|0|0|2|2|0|0|2|2|0|0|NA|NA|NA|NA|NA|0|0|0|0|NA|0
"060650455012"|0|1|0|0|0|0|0|1|1|0|0|1|1|0|0|NA|NA|NA|NA|NA|0|0|0|0|NA|0
"060650465001"|0|1|1|0|0|1|0|1|1|1|0|0|0|0|1|11442|40434|11442|26544|16017|3075|531|1904|234023038|122911.259453782|0
"060650465004"|0|1|1|0|0|1|0|1|1|1|0|0|0|0|1|11442|40434|11442|26544|16017|3075|531|1904|234023038|122911.259453782|0
"060650466011"|0|1|0|0|0|0|0|1|1|1|1|0|0|0|1|1380|9120|NA|NA|NA|147|75|200|18973752|94868.76|0
"060650469001"|0|1|0|0|0|0|0|1|1|1|1|0|0|1|0|1380|9120|NA|NA|NA|62|17|58|5343212|92124.3448275862|0
"060650490002"|0|1|0|0|0|0|0|1|1|1|1|0|0|0|1|1380|9120|NA|NA|NA|133|74|218|20767500|95263.7614678899|0
"060650490003"|0|1|0|0|0|0|0|1|1|1|1|0|0|0|1|1380|9120|NA|NA|NA|133|74|218|20767500|95263.7614678899|0
"060650496003"|0|1|0|0|0|0|0|1|1|1|1|0|1|0|0|16000|16000|NA|NA|NA|11|1|6|1050000|175000|0
"060650509001"|0|1|0|0|0|0|0|1|1|1|0|0|1|0|0|13794|13794|NA|NA|NA|28|2|24|1419070|59127.9166666667|0
"060650512002"|0|2|1|0|0|0|0|2|2|1|0|1|1|0|0|NA|NA|NA|NA|NA|0|0|0|0|NA|0
"060659404001"|0|1|0|0|0|0|0|1|1|0|0|1|1|0|0|NA|NA|NA|NA|NA|0|0|0|0|NA|0
"060659405001"|0|1|0|0|0|0|0|1|1|0|0|1|1|0|0|NA|NA|NA|NA|NA|0|0|0|0|NA|0
"060659411002"|0|1|0|0|0|0|0|1|1|1|1|0|1|0|0|NA|NA|NA|NA|NA|19|1|34|1567906|46114.8823529412|0
"060670001001"|0|2|0|0|0|0|0|2|2|1|1|0|1|0|0|NA|NA|NA|NA|NA|293|58|46|2134880|NA|0
"060670001003"|0|2|0|0|0|0|0|2|2|1|1|0|1|0|0|NA|NA|NA|NA|NA|293|58|46|2134880|NA|0
"060670015005"|0|0|1|0|0|0|0|1|1|1|0|0|0|0|0|NA|NA|NA|NA|NA|0|0|0|0|NA|0
"060670024003"|0|1|0|0|0|0|0|1|1|1|1|0|0|0|1|NA|7608|NA|NA|NA|282|137|648|54281420|83767.6234567901|0
"060670046014"|0|1|0|0|0|0|0|1|1|0|0|1|1|0|0|NA|NA|NA|NA|NA|0|0|0|0|NA|0
"060670046015"|0|1|0|0|0|0|0|1|1|0|0|1|1|0|0|NA|NA|NA|NA|NA|0|0|0|0|NA|0
"060670049041"|0|1|0|0|0|0|0|1|1|0|0|1|1|0|0|NA|NA|NA|NA|NA|0|0|0|0|NA|0
"060670052011"|0|1|1|0|0|0|0|1|1|1|0|0|0|0|1|5742|17622|7176|16680|14900|1410|557|1582|142594752|90135.7471554994|0
"060670052012"|0|1|1|0|0|0|0|1|1|1|0|0|0|0|1|5742|17622|7176|16680|14900|1410|557|1582|142594752|90135.7471554994|0
"060670054021"|0|3|0|0|0|0|0|3|3|1|1|1|2|0|0|NA|NA|NA|NA|NA|293|58|46|2134880|NA|0
"060670055061"|0|3|0|0|0|0|0|3|3|1|1|1|2|0|0|NA|NA|NA|NA|NA|293|58|46|2134880|NA|0
"060670056012"|0|1|0|0|0|0|0|1|1|1|1|0|1|0|0|NA|NA|NA|NA|NA|4|1|4|206878|51719.5|0
"060670059012"|0|2|1|0|0|0|0|2|2|2|1|0|1|0|1|NA|16572|NA|NA|NA|356|161|806|67932688|110461.904761905|0
"060670061011"|0|1|0|0|0|0|0|1|1|0|0|1|1|0|0|NA|NA|NA|NA|NA|0|0|0|0|NA|0
"060670062022"|0|1|0|0|0|0|0|1|1|1|1|0|1|0|0|NA|NA|NA|NA|NA|0|0|0|0|NA|0
"060670070101"|0|1|0|0|0|0|0|1|1|1|0|0|1|0|0|18648|18648|NA|NA|NA|0|0|0|0|NA|0
"060670070152"|0|1|0|0|0|0|0|1|1|1|1|0|0|1|0|NA|NA|NA|NA|NA|44|2|70|3824936|54641.9428571429|0
"060670070172"|0|1|0|0|0|0|0|1|1|1|0|0|1|0|0|18648|18648|NA|NA|NA|0|0|0|0|NA|0
"060670070191"|0|1|0|0|0|0|0|1|1|0|0|1|1|0|0|NA|NA|NA|NA|NA|0|0|0|0|NA|0
"060670074133"|0|1|0|0|0|0|0|1|1|1|1|0|1|0|0|NA|NA|NA|NA|NA|0|0|0|0|NA|0
"060670075012"|0|1|0|0|0|0|0|1|1|1|1|0|1|0|0|NA|NA|NA|NA|NA|35|1|36|1464902|40691.7222222222|0
"060670075014"|0|1|0|0|0|0|0|1|1|1|1|0|1|0|0|NA|NA|NA|NA|NA|35|1|36|1464902|40691.7222222222|0
"060670075042"|0|2|1|0|0|0|0|2|2|2|1|0|1|0|1|NA|16572|NA|NA|NA|356|161|806|67932688|110461.904761905|0
"060670081362"|0|1|0|0|0|0|0|1|1|1|1|0|1|0|0|NA|NA|NA|NA|NA|12|0|26|1359940|52305.3846153846|0
"060670081415"|0|1|0|0|0|0|0|1|1|1|1|0|1|0|0|NA|NA|NA|NA|NA|14|2|18|1081272|60070.6666666667|0
"060670081432"|0|1|0|0|0|0|0|1|1|0|0|1|1|0|0|NA|NA|NA|NA|NA|0|0|0|0|NA|0
"060670085101"|0|1|0|0|0|0|0|1|1|1|1|0|0|1|0|NA|7608|NA|NA|NA|133|63|252|21120258|83810.5476190476|0
"060670090051"|0|1|0|0|0|0|0|1|1|0|0|1|1|0|0|NA|NA|NA|NA|NA|0|0|0|0|NA|0
"060670090061"|0|1|0|0|0|0|0|1|1|0|0|1|1|0|0|NA|NA|NA|NA|NA|0|0|0|0|NA|0
"060670090082"|0|1|0|0|0|0|0|1|1|1|0|0|1|0|0|18900|18900|NA|NA|NA|14|3|12|1320766|110063.833333333|0
"060670090101"|0|1|0|0|0|0|0|1|1|1|0|0|1|0|0|18900|18900|NA|NA|NA|14|3|12|1320766|110063.833333333|0
"060670091102"|0|2|0|0|0|0|0|2|2|1|1|0|0|1|0|NA|NA|NA|NA|NA|143|45|54|4108674|NA|0
"060670092011"|0|1|0|0|0|0|0|1|1|0|0|1|1|0|0|NA|NA|NA|NA|NA|0|0|0|0|NA|0
"060670096061"|0|1|0|0|0|0|0|1|1|0|0|1|1|0|0|NA|NA|NA|NA|NA|0|0|0|0|NA|0
"060670096081"|0|1|0|0|0|0|0|1|1|1|1|0|0|0|1|NA|7608|NA|NA|NA|184|78|396|33036376|83425.1919191919|0
"060710008084"|0|1|0|0|0|0|0|1|1|0|0|1|1|0|0|NA|NA|NA|NA|NA|0|0|0|0|NA|0
"060710008211"|0|2|0|0|0|0|0|2|2|2|0|0|0|2|0|106188|106188|NA|NA|33560|748|200|626|71646562|221437.338967136|0
"060710018031"|0|1|0|0|0|0|0|1|1|0|0|1|1|0|0|NA|NA|NA|NA|NA|0|0|0|0|NA|0
"060710020191"|0|1|0|0|0|0|0|1|1|1|1|0|0|0|1|1104|7536|NA|NA|NA|341|190|532|49475938|92999.8834586466|0
"060710020192"|0|1|0|0|0|0|0|1|1|1|1|0|0|0|1|1104|7536|NA|NA|NA|341|190|532|49475938|92999.8834586466|0
"060710021091"|0|3|0|0|0|0|0|3|3|2|1|1|2|1|0|NA|NA|NA|NA|NA|89|26|82|5617658|NA|0
"060710021101"|0|2|0|0|0|0|0|2|2|1|1|1|1|1|0|NA|NA|NA|NA|NA|46|2|68|4385638|NA|0
"060710030002"|0|1|0|0|0|0|0|1|1|0|0|1|1|0|0|NA|NA|NA|NA|NA|0|0|0|0|NA|0
"060710036121"|0|1|0|0|0|0|0|1|1|0|0|1|1|0|0|NA|NA|NA|NA|NA|0|0|0|0|NA|0
"060710045101"|0|1|1|0|0|0|0|1|1|1|0|0|0|0|1|5742|17622|7176|16680|12711|1059|455|948|86070576|90791.746835443|0
"060710058001"|0|1|0|0|0|0|0|1|1|0|0|1|1|0|0|NA|NA|NA|NA|NA|0|0|0|0|NA|0
"060710070002"|0|1|0|0|0|0|0|1|1|1|1|0|1|0|0|NA|NA|NA|NA|NA|46|13|42|2771248|65982.0952380952|0
"060710071071"|0|1|0|0|0|0|0|1|1|0|0|1|1|0|0|NA|NA|NA|NA|NA|0|0|0|0|NA|0
"060710071081"|0|1|0|0|0|0|0|1|1|0|0|1|1|0|0|NA|NA|NA|NA|NA|0|0|0|0|NA|0
"060710072002"|0|1|0|0|0|0|0|1|1|1|0|0|1|0|0|18648|18648|NA|NA|NA|0|0|0|0|NA|0
"060710073033"|0|1|1|0|0|1|0|1|1|1|0|0|0|1|0|30720|30720|26080|26080|NA|883|248|710|68669460|96717.5492957746|0
"060710078001"|0|2|0|0|0|0|0|2|2|0|0|1|1|0|0|NA|NA|NA|NA|NA|137|30|0|0|NA|0
"060710080026"|0|1|0|0|0|0|0|1|1|0|0|1|1|0|0|NA|NA|NA|NA|NA|0|0|0|0|NA|0
"060710084011"|0|1|0|0|0|0|0|1|1|1|1|0|1|0|0|7875|7875|NA|NA|NA|4|0|2|106832|53416|0
"060710084015"|0|1|1|0|0|0|0|1|1|1|0|0|0|1|0|49154|49154|21380|21380|14278|468|183|430|40598860|94415.9534883721|0
"060710086022"|0|1|0|0|0|0|0|1|1|1|1|0|0|1|0|1104|8064|NA|NA|NA|118|30|150|14892070|99280.4666666667|0
"060710087051"|0|1|0|0|0|0|0|1|1|1|1|0|0|1|0|1104|8064|NA|NA|NA|118|30|150|14892070|99280.4666666667|0
"060710087064"|0|1|0|0|0|0|0|1|1|1|1|0|0|1|0|1104|8064|NA|NA|NA|118|30|150|14892070|99280.4666666667|0
"060710089012"|0|1|0|0|0|0|0|1|1|1|1|0|0|1|0|1288|7252|NA|NA|NA|87|48|130|16132164|124093.569230769|0
"060710097111"|0|1|0|0|0|0|0|1|1|1|1|0|0|0|1|1104|6192|NA|NA|NA|237|100|258|23392372|90668.1085271318|0
"060710100044"|0|1|0|0|0|0|0|1|1|1|1|0|0|0|1|1104|6192|NA|NA|NA|237|100|258|23392372|90668.1085271318|0
"060710104113"|0|1|0|0|0|0|0|1|1|0|0|1|1|0|0|NA|NA|NA|NA|NA|0|0|0|0|NA|0
"060710104163"|0|1|0|0|0|0|0|1|1|1|1|0|0|1|0|1104|8664|NA|NA|NA|63|8|66|6045274|91595.0606060606|0
"060710108021"|0|1|1|0|0|0|0|1|1|1|0|0|0|0|1|5742|17622|7176|16680|12711|1059|455|948|86070576|90791.746835443|0
"060710120011"|0|1|0|0|0|0|0|1|1|1|1|0|0|1|0|1104|6720|NA|NA|NA|100|9|76|7312174|96212.8157894737|0
"060710124001"|0|1|0|0|0|0|0|1|1|1|1|0|1|0|0|NA|NA|NA|NA|NA|46|13|42|2771248|65982.0952380952|0
"060710124002"|0|1|0|0|0|0|0|1|1|1|1|0|0|0|1|NA|NA|NA|NA|NA|212|57|358|32605214|91076.0167597765|0
"060710127001"|0|3|2|0|0|0|0|3|3|3|0|0|1|2|0|56956|56956|NA|NA|NA|165|49|70|6619288|NA|0
"060719801001"|0|2|0|0|0|0|0|2|2|0|0|1|1|0|0|NA|NA|NA|NA|NA|137|30|0|0|NA|0
"060730019002"|0|1|1|0|0|0|0|1|1|1|0|0|1|0|0|8772|8772|6315|6315|NA|12|0|0|0|NA|0
"060730027081"|0|1|0|0|0|0|0|1|1|0|0|1|1|0|0|NA|NA|NA|NA|NA|0|0|0|0|NA|0
"060730028012"|0|1|1|0|0|0|0|1|1|1|0|0|0|0|1|5742|17622|7176|16680|16892|1684|655|1868|188930976|101140.779443255|0
"060730029044"|0|1|1|0|0|0|0|2|2|2|0|0|2|0|0|NA|NA|NA|NA|NA|21|4|24|1341776|126197|0
"060730033011"|0|1|0|0|0|0|0|1|1|0|0|0|0|0|0|NA|NA|NA|NA|NA|537|202|0|0|NA|0
"060730033012"|0|1|0|0|0|0|0|1|1|1|1|0|1|0|0|NA|NA|NA|NA|NA|41|15|30|1746488|58216.2666666667|0
"060730034033"|0|1|0|0|0|0|0|1|1|0|0|1|1|0|0|NA|NA|NA|NA|NA|0|0|0|0|NA|0
"060730046002"|0|2|1|0|0|0|0|2|2|2|1|0|1|0|1|28080|33960|NA|NA|NA|201|138|400|33584878|170054.62648666|0
"060730051002"|0|1|1|0|0|0|0|2|2|2|1|0|2|0|0|NA|NA|NA|NA|NA|49|13|36|4327148|177503.411764706|0
"060730052001"|0|2|1|0|0|0|0|2|2|2|1|0|1|0|1|28080|33960|NA|NA|NA|201|138|400|33584878|170054.62648666|0
"060730052002"|0|2|1|0|0|0|0|2|2|2|1|0|1|0|1|28080|33960|NA|NA|NA|201|138|400|33584878|170054.62648666|0
"060730053001"|0|2|0|0|0|0|0|2|2|0|0|2|2|0|0|NA|NA|NA|NA|NA|0|0|0|0|NA|0
"060730053002"|0|1|0|0|0|0|0|1|1|0|0|1|1|0|0|NA|NA|NA|NA|NA|0|0|0|0|NA|0
"060730054002"|0|0|1|0|0|0|0|1|1|1|0|0|1|0|0|NA|NA|21213|21213|NA|2|0|6|549056|91509.3333333333|0
"060730056001"|0|0|1|0|0|0|0|1|1|1|0|0|1|0|0|NA|NA|30000|30000|NA|115|54|68|9389254|138077.264705882|0
"060730058001"|0|1|0|0|0|0|0|1|1|0|0|1|1|0|0|NA|NA|NA|NA|NA|0|0|0|0|NA|0
"060730063001"|0|1|2|0|0|0|0|2|2|2|0|0|1|0|1|NA|NA|41864|41864|NA|524|41|156|11732028|NA|0
"060730071002"|0|1|1|0|0|0|0|1|1|1|0|0|0|1|0|35100|35100|11520|11520|10450|451|165|296|27144698|91705.0608108108|0
"060730072001"|0|1|1|0|0|0|0|1|1|1|0|0|0|1|0|35100|35100|11520|11520|10450|451|165|296|27144698|91705.0608108108|0
"060730083051"|0|1|1|0|1|1|0|1|1|1|0|0|0|0|1|11442|40434|11442|26544|13651|8546|1283|3292|525778232|159713.922235723|0
"060730083052"|0|1|1|0|1|1|0|1|1|1|0|0|0|0|1|11442|40434|11442|26544|13651|8546|1283|3292|525778232|159713.922235723|0
"060730083331"|0|1|2|0|0|0|0|2|1|2|0|0|1|0|1|NA|NA|NA|NA|NA|1993|193|658|77561998|299000.862745098|0
"060730083391"|0|1|2|0|0|0|0|2|1|2|0|0|1|0|1|NA|NA|NA|NA|NA|1993|193|658|77561998|299000.862745098|0
"060730083501"|0|1|0|0|0|0|0|1|1|1|0|0|1|0|0|24254|24254|NA|NA|NA|11|5|6|380000|63333.3333333333|0
"060730083591"|0|1|0|0|0|0|0|1|1|1|1|0|0|0|1|1104|6984|NA|NA|NA|124|102|262|21438830|81827.5954198473|0
"060730085103"|0|1|0|0|0|0|0|1|1|1|0|0|1|0|0|18021|18021|NA|NA|NA|31|1|28|1779876|63567|0
"060730085104"|0|1|0|0|0|0|0|1|1|1|0|0|0|0|1|1104|6984|NA|NA|NA|199|159|562|43867858|78056.6868327402|0
"060730085111"|0|3|1|0|0|0|0|3|3|3|1|0|2|0|1|NA|NA|NA|NA|NA|312|11|416|31853682|NA|0
"060730087012"|0|1|0|0|0|0|0|1|1|1|0|0|1|0|0|18021|18021|NA|NA|NA|31|1|28|1779876|63567|0
"060730087022"|0|4|3|0|0|0|0|4|4|4|0|0|4|0|0|52363|52363|NA|NA|NA|99|39|38|2553252|NA|0
"060730091042"|0|1|1|0|0|0|0|1|1|1|0|0|0|1|0|48750|48750|26712|26712|12980|1279|442|952|105247350|110553.93907563|0
"060730091061"|0|1|1|0|0|0|0|1|1|1|0|0|1|0|0|5064|5064|3720|3720|NA|10|4|4|210000|52500|0
"060730091062"|0|2|2|0|0|0|0|2|2|2|0|0|1|1|0|53814|53814|30432|30432|NA|1289|446|956|105457350|163053.93907563|0
"060730092011"|0|1|0|0|0|0|0|1|1|1|0|0|1|0|0|18021|18021|NA|NA|NA|31|1|28|1779876|63567|0
"060730093041"|0|1|1|0|0|0|0|1|1|1|0|0|1|0|0|8772|8772|6315|6315|NA|12|0|0|0|NA|0
"060730093042"|0|1|0|0|0|0|0|1|1|1|1|0|1|0|0|14040|14040|NA|NA|NA|33|3|36|2370482|65846.7222222222|0
"060730095041"|0|1|1|0|0|0|0|1|1|1|0|0|0|1|0|16865|16865|23501|23501|NA|184|34|218|17046946|78197|0
"060730123021"|0|1|0|0|0|0|0|1|1|0|0|1|1|0|0|NA|NA|NA|NA|NA|0|0|0|0|NA|0
"060730126004"|0|1|0|0|0|0|0|1|1|1|1|0|1|0|0|NA|NA|NA|NA|NA|26|14|52|2883492|55451.7692307692|0
"060730127002"|0|2|0|0|0|0|0|2|2|1|1|1|2|0|0|NA|NA|NA|NA|NA|0|0|0|0|NA|0
"060730131032"|0|1|0|0|0|0|0|1|1|0|0|1|1|0|0|NA|NA|NA|NA|NA|0|0|0|0|NA|0
"060730134151"|0|1|0|0|0|0|0|1|1|1|1|0|0|0|1|1288|6552|NA|NA|NA|447|189|418|38497532|92099.3588516746|0
"060730136062"|0|1|0|0|0|0|0|1|1|1|1|0|0|1|0|1334|7144|NA|NA|NA|155|67|224|14472068|64607.4464285714|0
"060730146011"|0|2|0|0|0|0|0|2|2|0|0|2|2|0|0|NA|NA|NA|NA|NA|0|0|0|0|NA|0
"060730156022"|0|1|1|0|0|0|0|1|1|1|0|0|1|0|0|15120|15120|15120|15120|12687|15|8|10|461402|46140.2|0
"060730157032"|0|1|0|0|0|0|0|1|1|0|0|1|1|0|0|NA|NA|NA|NA|NA|0|0|0|0|NA|0
"060730162012"|0|1|0|0|0|0|0|1|1|1|1|0|1|0|0|NA|NA|NA|NA|NA|8|1|4|162000|40500|0
"060730166052"|0|2|0|0|0|0|0|2|2|1|1|0|0|0|1|NA|NA|NA|NA|NA|383|145|544|36920652|NA|0
"060730166151"|0|1|1|0|0|0|0|1|1|1|0|0|1|0|0|21712|21712|10260|10260|11640|47|11|24|1457634|60734.75|0
"060730170412"|0|1|0|0|0|0|0|1|1|0|0|1|1|0|0|NA|NA|NA|NA|NA|0|0|0|0|NA|0
"060730170543"|0|1|0|0|0|0|0|1|1|0|0|1|1|0|0|NA|NA|NA|NA|NA|0|0|0|0|NA|0
"060730185073"|0|0|1|0|0|0|0|1|1|1|0|0|1|0|0|NA|NA|13500|13500|NA|8|0|4|264720|66180|0
"060730185171"|0|1|0|0|0|0|0|1|1|1|0|0|0|0|1|1288|7296|NA|NA|NA|331|105|390|48121130|123387.512820513|0
"060730197024"|0|1|0|0|0|0|0|1|1|0|0|1|1|0|0|NA|NA|NA|NA|NA|0|0|0|0|NA|0
"060730199021"|0|1|0|0|0|0|0|1|1|1|1|0|1|0|0|NA|NA|NA|NA|NA|0|0|0|0|NA|0
"060730200201"|0|0|1|0|0|0|0|1|1|1|0|0|0|1|0|NA|NA|15279|15279|NA|242|121|260|24637950|94761.3461538462|0
"060730200211"|0|1|0|0|0|0|0|1|1|1|1|0|0|0|1|1288|8652|NA|NA|NA|465|184|568|59270234|104349.003521127|0
"060730200231"|0|1|0|0|0|0|0|1|1|1|0|0|1|0|0|18021|18021|NA|NA|NA|16|0|14|975288|69663.4285714286|0
"060730200291"|0|1|0|0|0|0|0|1|1|0|0|1|1|0|0|NA|NA|NA|NA|NA|0|0|0|0|NA|0
"060730200292"|0|1|0|0|0|0|0|1|1|1|0|0|1|0|0|23500|23500|NA|NA|NA|21|12|8|456000|57000|0
"060730202141"|0|1|0|0|0|0|0|1|1|0|0|1|1|0|0|NA|NA|NA|NA|NA|0|0|0|0|NA|0
"060730202142"|0|1|1|0|0|0|0|1|1|1|0|0|1|0|0|25200|25200|25800|25800|11259|23|6|20|1579890|78994.5|0
"060730202143"|0|1|0|0|0|0|0|1|1|0|0|1|1|0|0|NA|NA|NA|NA|NA|0|0|0|0|NA|0
"060730203061"|0|2|1|0|0|0|0|2|2|2|1|0|1|0|1|NA|NA|NA|NA|NA|788|297|816|72173070|149625.777020448|0
"060730203062"|0|3|1|0|0|0|0|3|3|3|1|0|2|0|1|NA|NA|NA|NA|NA|804|297|830|73148358|219289.205591876|0
"060730203091"|0|1|0|0|0|0|0|1|1|0|0|1|1|0|0|NA|NA|NA|NA|NA|0|0|0|0|NA|0
"060730207061"|0|0|1|0|0|0|0|1|1|1|0|0|1|0|0|NA|NA|16625|16625|NA|13|5|24|2739566|114148.583333333|0
"060730214001"|0|1|2|0|0|0|0|2|2|2|0|0|1|0|1|NA|NA|41864|41864|NA|524|41|156|11732028|NA|0
"060730221001"|0|2|0|0|0|0|0|2|2|1|1|1|2|0|0|NA|NA|NA|NA|NA|0|0|0|0|NA|0
"060750103001"|0|1|1|0|0|0|0|1|1|1|0|0|1|0|0|45664|45664|47850|47850|17128|59|13|34|2826576|83134.5882352941|0
"060750105002"|0|1|0|0|0|0|0|1|1|0|0|1|1|0|0|NA|NA|NA|NA|NA|0|0|0|0|NA|0
"060750111003"|0|1|0|0|0|0|0|1|1|0|0|1|1|0|0|19400|19400|NA|NA|NA|0|0|0|0|NA|0
"060750117001"|0|3|0|0|0|0|0|3|3|1|1|2|3|0|0|NA|NA|NA|NA|NA|3|0|2|240000|NA|0
"060750117002"|0|2|1|0|0|0|0|2|2|2|0|0|2|0|0|60496|60496|NA|NA|NA|81|35|30|1122216|76135.8214285714|0
"060750124021"|0|0|1|0|0|0|0|1|1|1|0|0|0|1|0|NA|NA|43250|43250|NA|159|49|140|20950714|149647.957142857|0
"060750125011"|0|1|0|0|0|0|0|1|1|1|0|0|1|0|0|18648|18648|NA|NA|NA|0|0|0|0|NA|0
"060750157004"|0|1|1|0|0|0|0|1|1|1|0|0|0|0|1|47550|47550|24930|24930|14830|969|317|972|121213906|124705.664609053|0
"060750162002"|0|1|1|0|0|0|0|1|1|1|0|0|1|0|0|45000|45000|45000|45000|16515|55|13|58|6913636|119200.620689655|0
"060750176013"|0|1|1|0|0|0|0|1|1|1|0|0|1|0|0|11950|11950|19500|19500|10000|0|0|0|0|NA|0
"060750176014"|0|1|1|0|0|0|0|1|1|1|0|0|0|1|0|19800|19800|20970|20970|NA|95|13|118|8829676|74827.7627118644|0
"060750178021"|0|1|0|0|0|0|0|1|1|0|0|1|1|0|0|NA|NA|NA|NA|NA|0|0|0|0|NA|0
"060750226001"|0|1|1|0|0|0|0|1|1|1|0|0|0|1|0|48648|48648|51210|51210|12986|281|52|210|18492498|88059.5142857143|0
"060750301012"|0|0|1|0|1|1|0|1|1|1|0|0|0|1|0|NA|NA|11442|26544|NA|3582|571|566|103077766|182116.19434629|0
"060750311003"|0|1|0|0|0|0|0|1|1|1|1|0|0|0|1|NA|8676|NA|NA|NA|714|347|1162|101261696|87144.3166953528|0
"060750332011"|0|1|1|0|0|0|0|1|1|1|0|0|0|0|1|5742|17622|7176|16680|15151|1467|289|1698|168128904|99015.8445229682|0
"060750428002"|0|0|1|0|0|0|0|1|1|1|0|0|1|0|0|NA|NA|30950|30950|NA|21|3|8|990000|123750|0
"060750601001"|0|0|1|0|0|0|0|1|1|1|0|0|1|0|0|NA|NA|30950|30950|NA|21|3|8|990000|123750|0
"060750604001"|0|1|1|0|0|0|0|1|1|1|0|0|0|0|1|5742|17622|7176|16680|15151|1467|289|1698|168128904|99015.8445229682|0
"060750607001"|0|1|1|0|0|0|0|1|1|1|0|0|0|1|0|48648|48648|51210|51210|12986|281|52|210|18492498|88059.5142857143|0
"060750607002"|0|1|1|0|0|0|0|1|1|1|0|0|0|1|0|48648|48648|51210|51210|12986|281|52|210|18492498|88059.5142857143|0
"060750615001"|0|2|2|0|0|0|0|2|2|2|0|0|0|1|1|37848|37848|43644|43644|NA|939|265|604|57706824|196592.261707989|0
"060759803001"|0|0|1|0|1|1|0|1|1|1|0|0|0|1|0|NA|NA|11442|26544|NA|3582|571|566|103077766|182116.19434629|0
"060770004021"|0|1|0|0|0|0|0|1|1|0|0|1|1|0|0|NA|NA|NA|NA|NA|0|0|0|0|NA|0
"060770012001"|0|1|1|0|0|1|0|1|1|1|0|0|0|1|0|47480|47480|47480|47480|13650|1207|465|864|90329194|104547.678240741|0
"060770012002"|0|1|1|0|0|1|0|1|1|1|0|0|0|1|0|47480|47480|47480|47480|13650|1207|465|864|90329194|104547.678240741|0
"060770031102"|0|1|0|0|0|0|0|1|1|1|1|0|1|0|0|NA|NA|NA|NA|NA|13|1|16|909480|56842.5|0
"060770031111"|0|1|0|0|0|0|0|1|1|1|1|0|0|0|1|1288|8848|NA|NA|NA|370|189|440|43310040|98431.9090909091|0
"060770031112"|0|1|0|0|0|0|0|1|1|1|1|0|0|0|1|1288|8848|NA|NA|NA|370|189|440|43310040|98431.9090909091|0
"060770033053"|0|1|0|0|0|0|0|1|1|0|0|1|1|0|0|NA|NA|NA|NA|NA|0|0|0|0|NA|0
"060770033062"|0|1|0|0|0|0|0|1|1|0|0|1|1|0|0|NA|NA|NA|NA|NA|0|0|0|0|NA|0
"060770033073"|0|1|1|0|0|0|0|1|1|1|0|0|1|0|0|14292|14292|12936|12936|NA|29|9|36|2926668|81296.3333333333|0
"060770034051"|0|1|0|0|0|0|0|1|1|1|1|0|1|0|0|NA|NA|NA|NA|NA|14|1|0|0|NA|0
"060770034072"|0|1|0|0|0|0|0|1|1|0|0|1|1|0|0|NA|NA|NA|NA|NA|0|0|0|0|NA|0
"060770038033"|0|1|1|0|0|0|0|1|0|1|0|0|1|0|0|5137|5137|5520|5520|NA|15|14|24|2710000|112916.666666667|0
"060770051332"|0|1|0|0|0|0|0|1|1|0|0|1|1|0|0|NA|NA|NA|NA|NA|0|0|0|0|NA|0
"060790102011"|0|1|0|0|0|0|0|1|1|0|0|1|1|0|0|NA|NA|NA|NA|NA|0|0|0|0|NA|0
"060790103001"|0|1|0|0|0|0|0|1|1|0|0|1|1|0|0|NA|NA|NA|NA|NA|0|0|0|0|NA|0
"060790109011"|0|1|1|0|0|0|0|1|1|1|0|0|0|0|1|5742|17622|7176|16680|13770|1501|493|1762|166752384|94638.1293984109|0
"060790111024"|0|1|0|0|0|0|0|1|1|0|0|1|1|0|0|9820|9820|NA|NA|NA|0|0|0|0|NA|0
"060790111031"|0|1|0|0|0|0|0|1|1|1|0|0|1|0|0|NA|NA|NA|NA|NA|50|5|74|3981248|53800.6486486486|0
"060790114001"|0|1|0|0|0|0|0|1|1|1|1|0|0|0|1|1288|8652|NA|NA|NA|261|140|296|25264460|85352.9054054054|0
"060790115041"|0|1|0|0|0|0|0|1|1|1|1|0|0|0|1|1288|8652|NA|NA|NA|261|140|296|25264460|85352.9054054054|0
"060790115042"|0|1|0|0|0|0|0|1|1|1|1|0|0|0|1|1288|8652|NA|NA|NA|261|140|296|25264460|85352.9054054054|0
"060790125031"|0|0|0|0|0|0|0|1|0|0|0|0|0|0|0|NA|NA|NA|NA|NA|0|0|0|0|NA|0
"060790128001"|0|0|0|0|0|0|0|1|0|0|0|0|0|0|0|NA|NA|NA|NA|NA|0|0|0|0|NA|0
"060790129001"|0|0|0|0|0|0|0|1|0|0|0|0|0|0|0|NA|NA|NA|NA|NA|0|0|0|0|NA|0
"060816007002"|0|1|0|0|0|0|0|1|1|0|0|1|1|0|0|NA|NA|NA|NA|NA|0|0|0|0|NA|0
"060816016033"|0|1|0|0|0|0|0|1|1|0|0|1|1|0|0|NA|NA|NA|NA|NA|0|0|0|0|NA|0
"060816016041"|0|1|0|0|0|0|0|1|1|0|0|1|1|0|0|NA|NA|NA|NA|NA|0|0|0|0|NA|0
"060816017003"|0|1|0|0|0|0|0|1|1|0|0|1|1|0|0|NA|NA|NA|NA|NA|0|0|0|0|NA|0
"060816031002"|0|1|0|0|0|0|0|1|1|1|0|0|0|1|0|1380|8160|NA|NA|NA|144|105|284|29041934|102260.330985915|0
"060816034001"|0|1|0|0|0|0|0|1|1|1|0|0|0|1|0|1380|8160|NA|NA|NA|144|105|284|29041934|102260.330985915|0
"060816057002"|0|2|0|0|0|0|0|2|2|1|1|0|0|1|0|NA|NA|NA|NA|NA|394|170|294|30818472|NA|0
"060816068002"|0|2|0|0|0|0|0|2|2|1|1|0|0|1|0|NA|NA|NA|NA|NA|394|170|294|30818472|NA|0
"060816087004"|0|1|1|0|0|0|0|1|1|1|0|0|0|1|0|34910|34910|16596|16596|14244|122|38|80|6911018|86387.725|0
"060816097001"|0|1|0|0|0|0|0|1|1|1|1|0|0|1|0|1288|7672|NA|NA|NA|103|74|184|18565320|100898.47826087|0
"060816097002"|0|1|0|0|0|0|0|1|1|1|1|0|0|1|0|1288|7672|NA|NA|NA|103|74|184|18565320|100898.47826087|0
"060816111001"|0|1|0|0|0|0|0|1|1|1|1|0|0|1|0|1288|7672|NA|NA|NA|103|74|184|18565320|100898.47826087|0
"060816111003"|0|1|0|0|0|0|0|1|1|1|1|0|0|1|0|1288|7672|NA|NA|NA|103|74|184|18565320|100898.47826087|0
"060816114001"|0|1|0|0|0|0|0|1|1|1|0|0|1|0|0|42050|42050|NA|NA|14225|91|4|50|5574960|111499.2|0
"060816133001"|0|1|0|0|0|0|0|1|1|1|1|0|0|1|0|1288|7672|NA|NA|NA|103|74|184|18565320|100898.47826087|0
"060816133002"|0|1|0|0|0|0|0|1|1|1|1|0|0|1|0|1288|7672|NA|NA|NA|103|74|184|18565320|100898.47826087|0
"060816140002"|0|1|0|0|0|0|0|1|1|1|0|0|0|1|0|1380|8160|NA|NA|NA|144|105|284|29041934|102260.330985915|0
"060816140003"|0|1|0|0|0|0|0|1|1|1|0|0|0|1|0|1380|8160|NA|NA|NA|144|105|284|29041934|102260.330985915|0
"060830003022"|0|0|1|0|0|0|0|1|1|1|0|0|1|0|0|NA|NA|17224|17224|NA|72|24|110|8977244|81611.3090909091|0
"060830007002"|0|1|0|0|0|0|0|1|1|1|0|0|0|1|0|44130|44130|NA|NA|14296|194|51|180|16883568|93797.6|0
"060830008041"|0|1|1|0|0|0|0|1|1|1|0|0|1|0|0|17820|17820|19103|19103|NA|13|9|32|1783690|55740.3125|0
"060830008044"|0|1|1|0|0|0|0|1|1|1|0|0|1|0|0|17820|17820|19103|19103|NA|13|9|32|1783690|55740.3125|0
"060830009001"|0|1|1|0|0|0|0|1|1|1|0|0|1|0|0|17820|17820|19103|19103|NA|13|9|32|1783690|55740.3125|0
"060830009002"|0|2|2|0|0|0|0|3|3|3|1|0|2|0|1|NA|NA|NA|NA|NA|336|116|872|66875266|233959.687201671|0
"060830012061"|0|1|0|0|0|0|0|1|1|1|1|0|0|0|1|1380|8140|NA|NA|NA|320|106|838|64890006|77434.3747016706|0
"060830015002"|0|0|1|0|0|0|0|1|1|1|0|0|1|0|0|NA|NA|26450|26450|NA|103|13|64|5714792|89293.625|0
"060830017041"|0|1|0|0|0|0|0|1|1|1|1|0|1|0|0|8325|8325|NA|NA|NA|17|1|2|69300|34650|0
"060830017042"|0|1|0|0|0|0|0|1|1|1|1|0|1|0|0|8325|8325|NA|NA|NA|17|1|2|69300|34650|0
"060830017064"|0|0|1|0|0|0|0|1|1|1|0|0|1|0|0|NA|NA|26450|26450|NA|103|13|64|5714792|89293.625|0
"060830021022"|0|1|0|0|0|0|0|1|1|1|1|0|0|0|1|1288|6750|NA|NA|NA|273|105|346|28502242|82376.4219653179|0
"060830021031"|0|1|0|0|0|0|0|1|1|1|0|0|1|0|0|11558|11558|NA|NA|NA|4|1|10|692560|69256|0
"060830024041"|0|1|0|0|0|0|0|1|1|0|0|1|1|0|0|NA|NA|NA|NA|NA|0|0|0|0|NA|0
"060830029221"|0|1|1|0|0|0|0|1|1|1|0|0|0|0|1|11442|40434|11442|26544|15673|3678|598|2054|295761732|143993.053554041|0
"060830029223"|0|1|1|0|0|0|0|1|1|1|0|0|0|0|1|11442|40434|11442|26544|15673|3678|598|2054|295761732|143993.053554041|0
"060839800001"|0|1|1|0|0|0|0|1|1|1|0|0|0|0|1|11442|40434|11442|26544|15673|3678|598|2054|295761732|143993.053554041|0
"060855008001"|0|1|0|0|0|0|0|1|1|0|0|0|0|0|0|NA|NA|NA|NA|NA|94|16|0|0|NA|0
"060855009011"|0|1|1|0|0|0|0|1|1|1|0|0|0|0|1|5742|17622|7176|16680|16442|1438|441|1598|156651456|98029.6971214018|0
"060855017002"|0|1|0|0|0|0|0|1|1|0|0|1|1|0|0|NA|NA|NA|NA|NA|0|0|0|0|NA|0
"060855021021"|0|1|0|0|0|0|0|1|1|1|1|0|0|1|0|1306|7812|NA|NA|NA|145|56|240|26341376|109755.733333333|0
"060855033303"|0|1|0|0|0|0|0|1|1|1|1|0|0|1|0|1306|7812|NA|NA|NA|137|59|228|26240340|115089.210526316|0
"060855033324"|0|1|0|0|0|0|0|1|1|1|1|0|0|1|0|1306|7812|NA|NA|NA|137|59|228|26240340|115089.210526316|0
"060855033341"|0|1|0|0|0|0|0|1|1|1|1|0|1|0|0|NA|NA|NA|NA|NA|20|1|40|3151238|78780.95|0
"060855045063"|0|2|0|0|0|0|0|2|2|1|0|1|1|1|0|47219|47219|NA|NA|NA|207|46|222|17586522|NA|0
"060855046021"|0|2|0|0|0|0|0|2|2|1|0|1|1|1|0|47219|47219|NA|NA|NA|207|46|222|17586522|NA|0
"060855049011"|0|1|0|0|0|0|0|1|1|1|1|0|0|1|0|1104|6192|NA|NA|NA|154|79|250|25823706|103294.824|0
"060855050011"|0|1|0|0|0|0|0|1|1|1|1|0|0|1|0|1104|6192|NA|NA|NA|154|79|250|25823706|103294.824|0
"060855050014"|0|1|0|0|0|0|0|1|1|1|1|0|0|1|0|1104|6192|NA|NA|NA|154|79|250|25823706|103294.824|0
"060855050061"|0|0|1|0|0|0|0|1|0|1|0|0|1|0|0|NA|NA|16200|16200|NA|57|8|38|1830000|48157.8947368421|0
"060855050062"|0|0|1|0|0|0|0|1|0|1|0|0|1|0|0|NA|NA|16200|16200|NA|57|8|38|1830000|48157.8947368421|0
"060855050091"|0|1|1|0|0|0|0|1|1|1|0|0|1|0|0|19056|19056|16674|16674|15059|45|4|38|3257868|85733.3684210526|0
"060855050092"|0|1|0|0|0|0|0|1|1|1|1|0|0|1|0|1104|6192|NA|NA|NA|154|79|250|25823706|103294.824|0
"060855050093"|0|1|0|0|0|0|0|1|1|1|1|0|0|1|0|1104|6192|NA|NA|NA|154|79|250|25823706|103294.824|0
"060855051001"|0|0|0|0|0|0|0|1|0|0|0|0|0|0|0|NA|NA|NA|NA|NA|0|0|0|0|NA|0
"060855051002"|0|1|0|0|0|0|0|1|1|1|1|0|1|0|0|NA|NA|NA|NA|NA|21|2|24|1545910|64412.9166666667|0
"060855052023"|0|2|1|0|0|0|0|2|2|2|1|0|1|1|0|NA|NA|NA|NA|NA|979|268|1150|130856608|179253.678656009|0
"060855052031"|0|1|1|0|0|0|0|1|1|1|0|0|0|1|0|51081|51081|24144|24144|14910|958|266|1126|129310698|114840.761989343|0
"060855064012"|0|1|0|0|0|0|0|1|1|0|0|1|1|0|0|NA|NA|NA|NA|NA|0|0|0|0|NA|0
"060855066013"|0|1|0|0|0|0|0|1|1|0|0|1|1|0|0|NA|NA|NA|NA|NA|0|0|0|0|NA|0
"060855066051"|0|1|0|0|0|0|0|1|1|0|0|1|1|0|0|NA|NA|NA|NA|NA|0|0|0|0|NA|0
"060855066061"|0|1|0|0|0|0|0|1|1|0|0|1|1|0|0|NA|NA|NA|NA|NA|0|0|0|0|NA|0
"060855073012"|0|2|0|0|0|0|0|2|2|1|1|0|0|1|0|NA|NA|NA|NA|NA|331|91|290|31311354|NA|0
"060855077013"|0|1|0|0|0|0|0|1|1|1|1|0|0|0|1|1395|7335|NA|NA|NA|268|145|540|51367586|95125.1592592593|0
"060855087042"|0|0|1|0|0|0|0|1|1|1|0|0|1|0|0|NA|NA|8100|8100|NA|11|4|4|246480|61620|0
"060855087043"|0|0|1|0|0|0|0|1|1|1|0|0|1|0|0|NA|NA|8100|8100|NA|11|4|4|246480|61620|0
"060855089003"|0|0|1|0|0|0|0|1|1|1|0|0|1|0|0|NA|NA|8100|8100|NA|11|4|4|246480|61620|0
"060855108012"|0|1|1|0|0|0|0|1|1|1|0|0|0|1|0|16800|16800|21600|21600|NA|30|1|24|1784000|74333.3333333333|0
"060855117041"|0|2|0|0|0|0|0|2|2|1|0|0|0|0|1|NA|NA|NA|NA|NA|354|94|364|35687390|NA|0
"060855117042"|0|1|1|0|0|0|0|1|1|1|0|0|0|1|0|17454|17454|24045|24045|NA|68|13|98|10816792|110375.428571429|0
"060855117043"|0|1|1|0|0|0|0|1|1|1|0|0|0|1|0|17454|17454|24045|24045|NA|68|13|98|10816792|110375.428571429|0
"060855117071"|0|1|1|0|0|0|0|1|1|1|0|0|0|1|0|17454|17454|24045|24045|NA|68|13|98|10816792|110375.428571429|0
"060855120011"|0|1|0|0|0|0|0|1|1|1|1|0|1|0|0|NA|NA|NA|NA|NA|20|1|40|3151238|78780.95|0
"060855125101"|0|1|0|0|0|0|0|1|1|1|1|0|0|1|0|1104|6720|NA|NA|NA|134|39|160|16191070|101194.1875|0
"060855130001"|0|1|1|0|1|1|0|1|1|1|0|0|0|0|1|50703|50703|50703|50703|15763|9780|1224|2986|548619860|183730.696584059|0
"060855135001"|0|1|0|0|0|0|0|1|1|1|1|0|1|0|0|NA|NA|NA|NA|NA|20|1|40|3151238|78780.95|0
"060871003001"|0|1|1|0|0|0|0|1|1|1|0|0|0|0|1|11442|40434|11442|26544|16448|2833|475|1332|174234520|130806.696696697|0
"060871004001"|0|1|1|0|0|0|0|1|1|1|0|0|0|0|1|11442|40434|11442|26544|16448|2833|475|1332|174234520|130806.696696697|0
"060871004002"|0|1|1|0|0|0|0|1|1|1|0|0|0|0|1|11442|40434|11442|26544|16448|2833|475|1332|174234520|130806.696696697|0
"060871004003"|0|1|1|0|0|0|0|1|1|1|0|0|0|0|1|11442|40434|11442|26544|16448|2833|475|1332|174234520|130806.696696697|0
"060871010001"|0|1|0|0|0|0|0|1|1|0|0|1|1|0|0|NA|NA|NA|NA|NA|0|0|0|0|NA|0
"060871010007"|0|1|0|0|0|0|0|1|1|0|0|1|1|0|0|NA|NA|NA|NA|NA|0|0|0|0|NA|0
"060871105021"|0|1|0|0|0|0|0|1|1|0|0|1|1|0|0|NA|NA|NA|NA|NA|0|0|0|0|NA|0
"060871215001"|0|0|1|0|0|0|0|1|1|1|0|0|1|0|0|NA|NA|17175|17175|NA|16|9|4|173900|43475|0
"060871215003"|0|0|1|0|0|0|0|1|1|1|0|0|1|0|0|NA|NA|17175|17175|NA|16|9|4|173900|43475|0
"060871215004"|0|0|1|0|0|0|0|1|1|1|0|0|1|0|0|NA|NA|17175|17175|NA|16|9|4|173900|43475|0
"060871220011"|0|1|0|0|0|0|0|1|1|1|1|0|0|0|1|1104|7296|NA|NA|NA|257|108|436|35236752|80818.2385321101|0
"060871220013"|0|1|0|0|0|0|0|1|1|1|1|0|0|0|1|1104|7296|NA|NA|NA|257|108|436|35236752|80818.2385321101|0
"060871220015"|0|1|0|0|0|0|0|1|1|1|1|0|0|0|1|1104|7296|NA|NA|NA|257|108|436|35236752|80818.2385321101|0
"060890107021"|0|1|0|0|0|0|0|1|1|0|0|1|1|0|0|NA|NA|NA|NA|NA|0|0|0|0|NA|0
"060890107022"|0|1|0|0|0|0|0|1|1|0|0|1|1|0|0|NA|NA|NA|NA|NA|0|0|0|0|NA|0
"060890108041"|0|1|1|0|0|0|0|1|1|1|0|0|1|0|0|29750|29750|12400|12400|8950|62|30|84|4885972|58166.3333333333|0
"060890108052"|0|2|2|0|0|0|0|2|2|2|0|0|2|0|0|40950|40950|18700|18700|12850|64|31|92|5164000|92919.8333333333|0
"060890108071"|0|1|0|0|0|0|0|1|1|1|0|0|0|1|0|1104|6720|NA|NA|5180|263|135|296|24425726|82519.3445945946|0
"060890113003"|0|1|1|0|0|0|0|1|1|1|0|0|1|0|0|11200|11200|6300|6300|3900|2|1|8|278028|34753.5|0
"060890113004"|0|1|1|0|0|0|0|1|1|1|0|0|1|0|0|11200|11200|6300|6300|3900|2|1|8|278028|34753.5|0
"060930009005"|0|1|0|0|0|0|0|1|1|1|1|0|0|1|0|1104|7296|NA|NA|8600|95|36|76|6025972|79289.1052631579|0
"060952506012"|0|1|2|0|0|1|0|2|2|2|0|0|0|2|0|NA|NA|NA|NA|NA|358|81|260|25189258|194540.983870968|0
"060952506041"|0|1|2|0|0|1|0|2|2|2|0|0|0|2|0|NA|NA|NA|NA|NA|358|81|260|25189258|194540.983870968|0
"060952506042"|0|1|2|0|0|1|0|2|2|2|0|0|0|2|0|NA|NA|NA|NA|NA|358|81|260|25189258|194540.983870968|0
"060952508011"|0|1|2|0|0|1|0|2|2|2|0|0|0|2|0|NA|NA|NA|NA|NA|358|81|260|25189258|194540.983870968|0
"060952515002"|0|1|0|0|0|0|0|1|1|0|0|1|1|0|0|NA|NA|NA|NA|NA|0|0|0|0|NA|0
"060952515003"|0|1|0|0|0|0|0|1|1|0|0|1|1|0|0|NA|NA|NA|NA|NA|0|0|0|0|NA|0
"060952522011"|0|1|0|0|0|0|0|1|1|1|0|0|0|1|0|1104|6288|NA|NA|NA|188|82|286|24551104|85843.020979021|0
"060952523051"|0|1|0|0|0|0|0|1|1|1|0|0|0|1|0|1104|6288|NA|NA|NA|188|82|286|24551104|85843.020979021|0
"060952523052"|0|1|0|0|0|0|0|1|1|1|0|0|0|1|0|1104|6288|NA|NA|NA|188|82|286|24551104|85843.020979021|0
"060952523053"|0|1|0|0|0|0|0|1|1|1|0|0|0|1|0|1104|6288|NA|NA|NA|188|82|286|24551104|85843.020979021|0
"060952523122"|0|1|0|0|0|0|0|1|1|1|1|0|1|0|0|NA|NA|NA|NA|NA|7|1|6|299520|49920|0
"060952525021"|0|1|0|0|0|0|0|1|1|0|0|1|1|0|0|NA|NA|NA|NA|NA|0|0|0|0|NA|0
"060952529112"|0|1|0|0|0|0|0|1|1|0|0|1|1|0|0|NA|NA|NA|NA|NA|0|0|0|0|NA|0
"060971507013"|0|0|1|0|0|0|0|1|1|1|0|0|1|0|0|NA|NA|20280|20280|NA|10|3|8|510000|63750|0
"060971512014"|0|1|1|0|0|0|0|1|1|1|0|0|1|0|0|9375|9375|9225|9225|NA|8|1|6|241280|40213.3333333333|0
"060971513093"|0|1|1|0|0|0|0|1|1|1|0|0|0|1|0|5742|17622|7176|16680|13960|716|217|546|50537280|92559.1208791209|0
"060971513104"|0|1|1|0|0|0|0|1|1|1|0|0|0|1|0|5742|17622|7176|16680|13960|716|217|546|50537280|92559.1208791209|0
"060971521002"|0|1|0|0|0|0|0|1|1|1|1|0|0|0|1|1282|8128|NA|NA|NA|510|189|630|59207180|93979.6507936508|0
"060971527012"|0|1|0|0|0|0|0|1|1|0|0|1|1|0|0|NA|NA|NA|NA|NA|0|0|0|0|NA|0
"060971528021"|0|1|1|0|0|0|0|1|1|1|0|0|1|0|0|NA|NA|NA|NA|NA|26|4|30|1651060|55035.3333333333|0
"060990005012"|0|2|0|0|0|0|0|2|2|0|0|2|2|0|0|NA|NA|NA|NA|NA|0|0|0|0|NA|0
"060990005013"|0|3|0|0|0|0|0|3|3|1|1|2|3|0|0|NA|NA|NA|NA|NA|0|0|0|0|NA|0
"060990005014"|0|1|0|0|0|0|0|1|1|1|1|0|1|0|0|NA|NA|NA|NA|NA|0|0|0|0|NA|0
"060990006021"|0|1|0|0|0|0|0|1|1|0|0|0|0|0|0|NA|NA|NA|NA|NA|166|29|16|1533794|95862.125|0
"060990008015"|0|1|0|0|0|0|0|1|1|0|0|1|1|0|0|NA|NA|NA|NA|NA|0|0|0|0|NA|0
"060990009072"|0|1|0|0|0|0|0|1|1|0|0|1|1|0|0|NA|NA|NA|NA|NA|0|0|0|0|NA|0
"060990009092"|0|1|0|0|0|0|0|1|1|0|0|1|1|0|0|NA|NA|NA|NA|NA|0|0|0|0|NA|0
"060990013002"|0|1|0|0|0|0|0|1|1|1|0|0|0|0|1|1104|7296|NA|NA|NA|276|159|516|44086452|85438.8604651163|0
"060990018002"|0|1|0|0|0|0|0|1|1|0|0|1|1|0|0|NA|NA|NA|NA|NA|0|0|0|0|NA|0
"060990021001"|0|1|0|0|0|0|0|1|1|0|0|1|1|0|0|NA|NA|NA|NA|NA|0|0|0|0|NA|0
"060990023021"|0|1|0|0|0|0|0|1|1|0|0|1|1|0|0|NA|NA|NA|NA|NA|0|0|0|0|NA|0
"060990036052"|0|1|1|0|0|0|0|1|1|1|0|0|0|0|1|5742|17622|7176|16680|10984|536|204|680|58897800|86614.4117647059|0
"060990036053"|0|1|1|0|0|0|0|1|1|1|0|0|0|0|1|5742|17622|7176|16680|10984|536|204|680|58897800|86614.4117647059|0
"060990038022"|0|1|0|0|0|0|0|1|1|0|0|1|1|0|0|NA|NA|NA|NA|NA|0|0|0|0|NA|0
"061010505012"|0|1|0|0|0|0|0|1|1|0|0|1|1|0|0|NA|NA|NA|NA|NA|0|0|0|0|NA|0
"061010505013"|0|1|0|0|0|0|0|1|1|0|0|1|1|0|0|NA|NA|NA|NA|NA|0|0|0|0|NA|0
"061070010031"|0|2|0|0|0|0|0|2|2|1|0|1|1|1|0|NA|NA|NA|NA|NA|254|42|330|19396520|NA|0
"061070012001"|0|1|0|0|0|0|0|1|1|0|0|1|1|0|0|NA|NA|NA|NA|NA|0|0|0|0|NA|0
"061070019024"|0|1|0|0|0|0|0|1|1|0|0|1|1|0|0|NA|NA|NA|NA|NA|0|0|0|0|NA|0
"061070020021"|0|1|0|0|0|0|0|1|1|1|1|0|0|0|1|1288|7588|NA|NA|NA|231|98|442|33145740|74990.3619909502|0
"061070020022"|0|1|0|0|0|0|0|1|1|1|1|0|0|0|1|1288|7588|NA|NA|NA|231|98|442|33145740|74990.3619909502|0
"061070020043"|0|1|0|0|0|0|0|1|1|0|0|0|0|0|0|NA|NA|NA|NA|NA|96|40|0|0|NA|0
"061070020072"|0|1|0|0|0|0|0|1|1|0|0|1|1|0|0|NA|NA|NA|NA|NA|0|0|0|0|NA|0
"061070041011"|0|1|0|0|0|0|0|1|1|1|1|0|0|1|0|1288|7252|NA|NA|NA|83|42|142|17226748|121315.126760563|0
"061070041021"|0|1|0|0|0|0|0|1|1|1|1|0|0|1|0|1288|7252|NA|NA|NA|83|42|142|17226748|121315.126760563|0
"061090021004"|0|1|0|0|0|0|0|1|1|1|1|0|0|1|0|1104|7296|NA|NA|NA|86|43|110|9614520|87404.7272727273|0
"061110004001"|0|1|0|0|0|0|0|1|1|1|0|0|1|0|0|25000|25000|NA|NA|8400|52|20|76|7467458|98256.0263157895|0
"061110018002"|0|1|0|0|0|0|0|1|1|1|1|0|0|0|1|1338|7000|NA|NA|NA|160|72|346|27898568|80631.6994219653|0
"061110024001"|0|1|0|0|0|0|0|1|1|0|0|1|1|0|0|NA|NA|NA|NA|NA|0|0|0|0|NA|0
"061110028001"|0|1|1|0|0|0|0|3|2|1|0|1|2|0|0|NA|NA|NA|NA|NA|6|0|0|0|NA|0
"061110047102"|0|1|0|0|0|0|0|1|1|1|1|0|0|1|0|1338|7000|NA|NA|NA|118|55|196|16736368|85389.6326530612|0
"061110047103"|0|1|0|0|0|0|0|1|1|1|1|0|0|1|0|1338|7000|NA|NA|NA|118|55|196|16736368|85389.6326530612|0
"061110053031"|0|0|1|0|0|0|0|1|0|1|0|0|1|0|0|NA|NA|19600|19600|NA|27|2|46|2271000|49369.5652173913|0
"061110053051"|0|0|1|0|0|0|0|1|0|1|0|0|1|0|0|NA|NA|19600|19600|NA|27|2|46|2271000|49369.5652173913|0
"061110055023"|0|1|0|0|0|0|0|1|1|0|0|0|0|0|0|NA|NA|NA|NA|NA|86|35|0|0|NA|0
"061110057001"|0|1|1|0|0|0|0|1|1|1|0|0|0|1|0|5742|17622|7176|16680|13746|531|140|470|41336976|87951.0127659575|0
"061110063021"|0|1|1|0|0|0|0|1|1|1|0|0|0|1|0|42210|42210|19065|19065|13650|387|172|390|35926248|92118.5846153846|0
"061110076141"|0|1|0|0|0|0|0|1|1|1|1|0|0|0|1|1338|7000|NA|NA|NA|160|73|358|29505094|82416.4636871508|0
"061110076142"|0|1|0|0|0|0|0|1|1|1|1|0|0|0|1|1338|7000|NA|NA|NA|160|73|358|29505094|82416.4636871508|0
"061110086002"|0|1|0|0|0|0|0|1|1|0|0|1|1|0|0|NA|NA|NA|NA|NA|0|0|0|0|NA|0
"061110086004"|0|1|0|0|0|0|0|1|1|0|0|1|1|0|0|NA|NA|NA|NA|NA|0|0|0|0|NA|0
"061130105011"|0|1|1|0|1|1|0|1|1|1|0|0|0|0|1|11442|40434|11442|26544|15645|8550|1297|3520|503552444|143054.671590909|0
"061130105012"|0|1|1|0|1|1|0|1|1|1|0|0|0|0|1|11442|40434|11442|26544|15645|8550|1297|3520|503552444|143054.671590909|0
"061130112063"|0|1|0|0|0|0|0|1|1|1|1|0|0|1|0|1104|6720|NA|NA|NA|35|12|96|8100958|84384.9791666667|0
"061150403031"|0|1|0|0|0|0|0|1|1|1|1|0|0|1|0|1104|6720|NA|NA|NA|63|24|238|16893538|70981.2521008403|0
"080010081001"|0|1|1|0|1|1|0|1|1|1|0|0|0|0|1|7920|24408|6786|22590|12820|2763|346|1888|201133138|106532.382415254|0
"080010082001"|0|1|1|0|1|1|0|1|1|1|0|0|0|0|1|7920|24408|6786|22590|12820|2763|346|1888|201133138|106532.382415254|0
"080010082002"|0|1|1|0|1|1|0|1|1|1|0|0|0|0|1|7920|24408|6786|22590|12820|2763|346|1888|201133138|106532.382415254|0
"080010082003"|0|1|1|0|1|1|0|1|1|1|0|0|0|0|1|7920|24408|6786|22590|12820|2763|346|1888|201133138|106532.382415254|0
"080010083083"|0|1|1|0|1|1|0|1|1|1|0|0|0|0|1|7920|24408|6786|22590|12820|2763|346|1888|201133138|106532.382415254|0
"080010085083"|0|1|0|0|0|0|0|1|1|0|0|1|1|0|0|NA|NA|NA|NA|NA|0|0|0|0|NA|0
"080010085292"|0|1|0|0|0|0|0|1|1|0|0|1|1|0|0|NA|NA|NA|NA|NA|0|0|0|0|NA|0
"080010092032"|0|1|0|0|0|0|0|1|1|1|1|0|1|0|0|10404|10404|NA|NA|NA|7|2|2|137280|68640|0
"080010093084"|0|1|0|0|0|0|0|1|1|1|1|0|1|0|0|NA|NA|NA|NA|NA|29|16|72|3942594|54758.25|0
"080010093103"|0|1|0|0|0|0|0|1|1|1|1|0|1|0|0|NA|NA|NA|NA|NA|29|16|72|3942594|54758.25|0
"080010094081"|0|1|0|0|0|0|0|1|1|1|1|0|0|0|1|3574|14662|NA|NA|NA|451|177|498|32021850|64300.9036144578|0
"080010095011"|0|1|0|0|0|0|0|1|1|0|0|1|1|0|0|NA|NA|NA|NA|NA|0|0|0|0|NA|0
"080010095021"|0|1|0|0|0|0|0|1|1|0|0|1|1|0|0|NA|NA|NA|NA|NA|0|0|0|0|NA|0
"080010095531"|0|1|0|0|0|0|0|1|1|0|0|1|1|0|0|NA|NA|NA|NA|NA|0|0|0|0|NA|0
"080010097512"|0|1|1|0|0|0|0|1|1|1|0|0|0|1|0|36460|36460|13177|13177|11560|491|280|644|49842542|77395.251552795|0
"080010602002"|0|1|1|0|0|0|0|1|1|1|0|0|1|0|0|14948|14948|16852|16852|NA|11|0|6|439068|73178|0
"080039602001"|0|1|1|0|0|0|0|1|1|1|0|0|0|1|0|5736|16752|4590|7146|8444|237|78|194|10836096|55856.1649484536|0
"080039602002"|0|1|1|0|0|0|0|1|1|1|0|0|0|1|0|5736|16752|4590|7146|8444|237|78|194|10836096|55856.1649484536|0
"080039602004"|0|1|1|0|0|0|0|1|1|1|0|0|0|1|0|5736|16752|4590|7146|8444|237|78|194|10836096|55856.1649484536|0
"080039602005"|0|1|1|0|0|0|0|1|1|1|0|0|0|1|0|5736|16752|4590|7146|8444|237|78|194|10836096|55856.1649484536|0
"080050056303"|0|1|0|0|0|0|0|1|1|1|0|0|1|0|0|15000|15000|NA|NA|NA|1|1|6|407912|67985.3333333333|0
"080050065011"|0|1|1|0|0|0|0|2|2|2|0|0|1|0|1|NA|NA|NA|NA|NA|282|63|254|16917886|133085.896078431|0
"080050067122"|0|1|1|0|0|0|0|1|1|1|0|0|0|0|1|8400|8400|9000|9000|NA|211|1|68|4363514|64169.3235294118|0
"080050072013"|0|1|0|0|0|0|0|1|1|1|1|0|1|0|0|NA|NA|NA|NA|NA|43|16|38|2339758|61572.5789473684|0
"080050077023"|0|1|0|0|0|0|0|1|0|0|0|0|0|0|0|NA|NA|NA|NA|NA|0|0|0|0|NA|0
"080050803003"|0|1|0|0|0|0|0|1|1|0|0|1|1|0|0|NA|NA|NA|NA|NA|0|0|0|0|NA|0
"080050804001"|0|1|0|0|0|0|0|1|1|1|0|0|1|0|0|17066|17066|NA|NA|NA|19|1|20|1378040|68902|0
"080050804004"|0|1|0|0|0|0|0|1|1|1|0|0|1|0|0|17066|17066|NA|NA|NA|19|1|20|1378040|68902|0
"080050806002"|0|1|1|0|0|0|0|1|1|1|0|0|0|1|0|9840|9840|6360|6360|NA|73|1|30|2812876|93762.5333333333|0
"080050807002"|0|1|0|0|0|0|0|1|1|1|1|0|1|0|0|NA|NA|NA|NA|NA|16|5|28|1344554|48019.7857142857|0
"080050810003"|0|1|0|0|0|0|0|1|0|0|0|0|0|0|0|NA|NA|NA|NA|NA|0|0|0|0|NA|0
"080050811002"|0|1|0|0|0|0|0|1|1|0|0|1|1|0|0|NA|NA|NA|NA|NA|0|0|0|0|NA|0
"080050812001"|0|1|0|0|0|0|0|1|1|1|1|0|1|0|0|NA|NA|NA|NA|NA|0|0|0|0|NA|0
"080050820001"|0|1|0|0|0|0|0|1|1|1|1|0|0|1|0|3574|14662|NA|NA|NA|196|35|120|7870536|65587.8|0
"080050822002"|0|1|0|0|0|0|0|1|1|0|0|1|1|0|0|NA|NA|NA|NA|NA|0|0|0|0|NA|0
"080050869001"|0|1|0|0|0|0|0|1|1|1|1|0|1|0|0|11963|11963|NA|NA|NA|17|0|18|894170|49676.1111111111|0
"080119667002"|0|0|0|0|0|0|0|1|0|0|0|0|0|0|0|NA|NA|NA|NA|NA|0|0|0|0|NA|0
"080119667003"|0|0|0|0|0|0|0|1|0|0|0|0|0|0|0|NA|NA|NA|NA|NA|0|0|0|0|NA|0
"080130122032"|0|1|1|0|0|0|0|1|1|0|0|1|1|0|0|NA|NA|NA|NA|NA|0|0|0|0|NA|0
"080130122034"|0|1|1|0|0|0|0|1|1|0|0|1|1|0|0|NA|NA|NA|NA|NA|0|0|0|0|NA|0
"080130123001"|0|1|1|0|0|0|0|1|1|1|0|0|0|0|1|10248|33881|11484|30384|14418|6647|959|3220|338611512|105158.854658385|0
"080130123002"|0|1|1|0|0|0|0|1|1|1|0|0|1|0|0|31620|31620|21890|21890|12849|118|40|100|5596408|55964.08|0
"080130125052"|0|1|0|0|0|0|0|1|1|1|1|0|0|1|0|NA|NA|NA|NA|NA|114|5|72|3876442|53839.4722222222|0
"080130125091"|0|1|0|0|0|0|0|1|1|1|1|0|0|1|0|NA|NA|NA|NA|NA|114|5|72|3876442|53839.4722222222|0
"080130126051"|0|1|1|0|0|0|0|1|1|0|0|1|1|0|0|NA|NA|NA|NA|NA|0|0|0|0|NA|0
"080130127051"|0|1|1|0|0|0|0|2|2|1|0|1|2|0|0|NA|NA|NA|NA|NA|4|2|0|0|NA|0
"080130127052"|0|1|1|0|0|0|0|2|2|1|0|1|2|0|0|NA|NA|NA|NA|NA|4|2|0|0|NA|0
"080130127053"|0|1|1|0|0|0|0|2|2|1|0|1|2|0|0|NA|NA|NA|NA|NA|4|2|0|0|NA|0
"080130127071"|0|1|1|0|0|0|0|1|1|0|0|1|1|0|0|NA|NA|NA|NA|NA|0|0|0|0|NA|0
"080130127081"|0|1|1|0|0|0|0|2|2|1|0|1|2|0|0|NA|NA|NA|NA|NA|4|2|0|0|NA|0
"080130127083"|0|1|1|0|0|0|0|2|2|1|0|1|2|0|0|NA|NA|NA|NA|NA|4|2|0|0|NA|0
"080130130034"|0|0|1|0|0|0|0|1|1|1|0|0|1|0|0|NA|NA|18748|18748|NA|3|1|2|106000|53000|0
"080140307001"|0|1|1|0|0|0|0|1|1|1|0|0|1|0|0|14948|14948|16852|16852|NA|11|0|6|439068|73178|0
"080140311001"|0|1|0|0|0|0|0|1|1|1|1|0|1|0|0|14936|14936|NA|NA|NA|16|6|46|1579420|34335.2173913043|0
"080299649002"|0|1|0|0|0|0|0|1|1|0|0|1|1|0|0|NA|NA|NA|NA|NA|0|0|0|0|NA|0
"080299651001"|0|1|0|0|0|0|0|1|1|0|0|1|1|0|0|NA|NA|NA|NA|NA|0|0|0|0|NA|0
"080299651002"|0|1|0|0|0|0|0|1|1|0|0|1|1|0|0|NA|NA|NA|NA|NA|0|0|0|0|NA|0
"080299651003"|0|1|0|0|0|0|0|1|1|0|0|1|1|0|0|NA|NA|NA|NA|NA|0|0|0|0|NA|0
"080310013022"|0|1|0|0|0|0|0|1|1|0|0|1|1|0|0|NA|NA|NA|NA|NA|0|0|0|0|NA|0
"080310017014"|0|1|2|0|0|0|0|2|1|1|0|0|1|1|0|NA|NA|NA|NA|NA|36|8|38|2679000|NA|0
"080310017021"|0|1|1|0|0|0|0|1|1|0|0|0|0|0|0|NA|NA|NA|NA|NA|29|16|0|0|NA|0
"080310017022"|0|1|0|0|0|0|0|1|1|0|0|1|1|0|0|NA|NA|NA|NA|NA|0|0|0|0|NA|0
"080310019021"|0|2|1|0|0|0|0|2|2|2|0|0|0|1|1|9714|33660|NA|NA|NA|924|517|1358|100728150|139090.493851601|0
"080310026011"|0|1|1|0|0|0|0|1|1|0|0|0|0|0|0|NA|NA|NA|NA|NA|447|58|0|0|NA|0
"080310027014"|0|1|0|0|0|0|0|1|1|1|0|0|1|0|0|17532|17532|NA|NA|NA|0|0|0|0|NA|0
"080310030041"|0|1|2|0|0|0|0|2|2|2|0|0|1|0|1|NA|NA|69216|69216|NA|1681|428|1530|154833132|185830.435828877|0
"080310032021"|0|1|1|0|0|0|0|2|2|1|0|1|2|0|0|NA|NA|NA|NA|NA|6|3|0|0|NA|0
"080310039022"|0|1|0|0|0|0|0|1|1|1|1|0|1|0|0|18021|18021|NA|NA|NA|15|1|12|1492740|124395|0
"080310042023"|0|1|1|0|0|0|0|1|1|1|0|0|0|1|0|32091|32091|12636|12636|12129|71|22|98|7576786|77314.1428571429|0
"080310044051"|0|1|0|0|0|0|0|1|1|0|0|1|1|0|0|NA|NA|NA|NA|NA|0|0|0|0|NA|0
"080310044054"|0|1|0|0|0|0|0|1|1|0|0|1|1|0|0|NA|NA|NA|NA|NA|0|0|0|0|NA|0
"080310051041"|0|1|1|0|0|0|0|1|1|1|0|0|0|1|0|3600|3600|3900|3900|NA|118|2|34|1905494|56043.9411764706|0
"080310068114"|0|1|1|0|0|0|0|1|1|1|0|0|1|0|0|13344|13344|13968|13968|NA|0|0|0|0|NA|0
"080310154004"|0|1|1|0|0|0|0|1|1|1|0|0|0|1|0|36460|36460|13177|13177|11560|491|280|644|49842542|77395.251552795|0
"080319801001"|0|1|0|0|0|0|0|1|1|1|1|0|0|1|0|NA|NA|NA|NA|NA|53|11|66|3238200|49063.6363636364|0
"080350139042"|0|1|0|0|0|0|0|1|1|0|0|1|1|0|0|NA|NA|NA|NA|NA|0|0|0|0|NA|0
"080350140011"|0|0|1|0|0|1|0|1|1|1|0|0|1|0|0|NA|NA|32791|32791|NA|115|26|26|2192312|84319.6923076923|0
"080350140012"|0|0|1|0|0|1|0|1|1|1|0|0|1|0|0|NA|NA|32791|32791|NA|115|26|26|2192312|84319.6923076923|0
"080350140013"|0|0|1|0|0|1|0|1|1|1|0|0|1|0|0|NA|NA|32791|32791|NA|115|26|26|2192312|84319.6923076923|0
"080350140081"|0|1|0|0|0|0|0|1|1|0|0|1|1|0|0|NA|NA|NA|NA|NA|0|0|0|0|NA|0
"080410001021"|0|1|0|0|0|0|0|1|1|1|0|0|1|0|0|18021|18021|NA|NA|NA|14|1|4|253056|63264|0
"080410003022"|0|2|1|0|0|0|0|2|2|2|1|0|1|0|1|NA|NA|NA|NA|NA|741|33|146|11398814|132400.996368039|0
"080410016001"|0|1|1|0|0|0|0|1|1|1|0|0|0|1|0|54996|54996|38200|38200|12512|603|215|430|44881698|104376.041860465|0
"080410016003"|0|1|1|0|0|0|0|1|1|1|0|0|0|1|0|54996|54996|38200|38200|12512|603|215|430|44881698|104376.041860465|0
"080410021012"|0|1|0|0|0|0|0|1|1|1|1|0|1|0|0|NA|NA|NA|NA|NA|44|2|40|2005438|50135.95|0
"080410023001"|0|1|0|0|0|0|0|1|1|0|0|1|1|0|0|NA|NA|NA|NA|NA|0|0|0|0|NA|0
"080410037053"|0|1|0|0|0|0|0|1|1|1|1|0|1|0|0|NA|NA|NA|NA|NA|16|7|28|1314290|46938.9285714286|0
"080410038022"|0|1|0|0|1|0|0|1|1|1|0|0|0|1|0|NA|NA|NA|NA|NA|113|13|416|44619246|107257.802884615|0
"080410039061"|0|1|0|0|0|0|0|1|1|1|0|0|1|0|0|15000|15000|NA|NA|NA|0|0|0|0|NA|0
"080410044021"|0|1|0|0|0|0|0|1|1|1|0|0|0|0|1|3574|14662|NA|NA|NA|366|146|378|22318694|59044.164021164|0
"080410045011"|0|1|0|0|0|0|0|1|1|1|1|0|1|0|0|10766|10766|NA|NA|NA|4|2|22|1099714|49987|0
"080410048001"|0|2|0|0|0|0|0|2|2|0|0|2|2|0|0|NA|NA|NA|NA|NA|0|0|0|0|NA|0
"080410049011"|0|2|0|0|0|0|0|2|2|0|0|2|2|0|0|NA|NA|NA|NA|NA|0|0|0|0|NA|0
"080410059005"|0|1|0|0|0|0|0|1|1|1|0|0|1|0|0|15000|15000|NA|NA|NA|1|1|0|0|NA|0
"080410060004"|0|1|0|0|0|0|0|1|1|1|0|0|1|0|0|15000|15000|NA|NA|NA|1|1|0|0|NA|0
"080410063021"|0|1|0|0|0|0|0|1|1|1|0|0|1|0|0|10800|10800|NA|NA|NA|23|5|16|946272|59142|0
"080410065011"|0|1|0|0|0|0|0|1|0|0|0|0|1|0|0|NA|NA|NA|NA|NA|0|0|0|0|NA|0
"080410077001"|0|1|1|0|0|0|0|1|1|1|0|0|0|0|1|9246|19520|13206|25022|10920|733|150|878|65514388|74617.7539863326|0
"080410078001"|0|1|1|0|0|0|0|1|1|1|0|0|0|0|1|9246|19520|13206|25022|10920|733|150|878|65514388|74617.7539863326|0
"080410078002"|0|1|1|0|0|0|0|1|1|1|0|0|0|0|1|9246|19520|13206|25022|10920|733|150|878|65514388|74617.7539863326|0
"080410080001"|0|1|1|0|0|0|0|1|1|1|0|0|0|0|1|11585|11585|13409|13409|NA|725|26|118|10084524|85462.0677966102|0
"080459517022"|0|1|0|0|0|0|0|1|1|1|0|0|0|1|0|4320|10872|NA|NA|9480|310|88|226|18343814|81167.3185840708|0
"080459517023"|0|1|0|0|0|0|0|1|1|1|0|0|0|1|0|4320|10872|NA|NA|9480|310|88|226|18343814|81167.3185840708|0
"080519636003"|0|1|1|0|0|0|0|1|1|1|0|0|0|1|0|6624|18096|17949|17949|9635|197|63|258|15698096|60845.3333333333|0
"080519637001"|0|1|1|0|0|0|0|1|1|1|0|0|0|1|0|6624|18096|17949|17949|9635|197|63|258|15698096|60845.3333333333|0
"080590098072"|0|1|0|0|0|0|0|1|1|0|0|1|1|0|0|NA|NA|NA|NA|NA|0|0|0|0|NA|0
"080590098311"|0|2|0|0|0|0|0|2|2|0|0|2|2|0|0|NA|NA|NA|NA|NA|0|0|0|0|NA|0
"080590100002"|0|1|1|0|0|0|0|1|1|1|0|0|0|1|0|16650|36270|16650|36270|13169|832|102|624|67757142|108585.163461538|0
"080590104051"|0|1|0|0|0|0|0|1|1|0|0|1|1|0|0|NA|NA|NA|NA|NA|0|0|0|0|NA|0
"080590106043"|0|1|0|0|0|0|0|1|1|0|0|1|1|0|0|NA|NA|NA|NA|NA|0|0|0|0|NA|0
"080590110006"|0|1|0|0|0|0|0|1|1|1|1|0|1|0|0|NA|NA|NA|NA|NA|9|1|24|1110062|46252.5833333333|0
"080590111005"|0|1|0|0|0|0|0|1|1|1|1|0|1|0|0|NA|NA|NA|NA|NA|9|1|24|1110062|46252.5833333333|0
"080590112022"|0|1|1|0|0|0|0|1|1|1|0|0|0|1|0|22718|22718|12996|12996|11084|361|206|196|13938618|71115.3979591837|0
"080590114022"|0|1|1|0|0|0|0|1|1|1|0|0|0|1|0|17160|17160|20376|20376|NA|101|4|96|4667076|48615.375|0
"080590115501"|0|1|1|0|0|0|0|1|1|1|0|0|0|1|0|17160|17160|20376|20376|NA|101|4|96|4667076|48615.375|0
"080590115504"|0|1|1|0|0|0|0|1|1|1|0|0|0|1|0|17160|17160|20376|20376|NA|101|4|96|4667076|48615.375|0
"080590117011"|0|1|0|0|0|0|0|1|1|0|0|1|1|0|0|10080|10080|NA|NA|NA|0|0|0|0|NA|0
"080590117212"|0|1|1|0|0|0|0|1|1|1|0|0|0|1|0|3574|14662|14786|16266|NA|271|73|190|12116638|63771.7789473684|0
"080590117291"|0|1|1|0|0|0|0|1|1|1|0|0|1|0|0|3600|3600|4550|4550|NA|16|5|0|0|NA|0
"080590118053"|0|2|0|0|0|0|0|2|2|0|0|2|2|0|0|NA|NA|NA|NA|NA|0|0|0|0|NA|0
"080590120461"|0|1|0|0|0|0|0|1|1|0|0|1|1|0|0|NA|NA|NA|NA|NA|0|0|0|0|NA|0
"080679708001"|0|1|1|0|0|0|0|1|1|1|0|0|0|1|0|7056|17712|6372|6372|11520|289|108|334|21915624|65615.6407185629|0
"080679708002"|0|1|1|0|0|0|0|1|1|1|0|0|0|1|0|7056|17712|6372|6372|11520|289|108|334|21915624|65615.6407185629|0
"080690006001"|0|1|1|0|0|1|0|1|1|1|0|0|0|0|1|9426|27327|10214|25040|11964|6143|674|3200|317613688|99254.2775|0
"080690006003"|0|1|1|0|0|1|0|1|1|1|0|0|0|0|1|9426|27327|10214|25040|11964|6143|674|3200|317613688|99254.2775|0
"080690010071"|0|1|0|0|0|0|0|1|1|1|1|0|1|0|0|12960|12960|NA|NA|NA|39|17|38|1599154|42083|0
"080690010095"|0|1|0|0|0|0|0|1|1|1|0|0|1|0|0|18021|18021|NA|NA|NA|10|1|10|756430|75643|0
"080690016031"|0|1|0|0|0|0|0|1|1|0|0|1|1|0|0|NA|NA|NA|NA|NA|0|0|0|0|NA|0
"080690018073"|0|1|0|0|0|0|0|1|1|0|0|1|1|0|0|NA|NA|NA|NA|NA|0|0|0|0|NA|0
"080710001002"|0|1|0|0|0|0|0|1|1|1|1|0|0|1|0|3574|5957|NA|NA|6898|74|23|94|4372184|46512.5957446809|0
"080710002001"|0|1|0|0|0|0|0|1|1|1|1|0|0|1|0|3574|5957|NA|NA|6898|74|23|94|4372184|46512.5957446809|0
"080710002002"|0|1|0|0|0|0|0|1|1|1|1|0|0|1|0|3574|5957|NA|NA|6898|74|23|94|4372184|46512.5957446809|0
"080710002003"|0|1|0|0|0|0|0|1|1|1|1|0|0|1|0|3574|5957|NA|NA|6898|74|23|94|4372184|46512.5957446809|0
"080759662001"|0|1|0|0|0|0|0|1|1|1|1|0|0|1|0|4467|6701|NA|NA|7080|88|24|104|4471178|42992.0961538462|0
"080770004002"|0|1|0|0|0|0|0|1|1|0|0|1|1|0|0|NA|NA|NA|NA|NA|0|0|0|0|NA|0
"080770005002"|0|1|1|0|0|0|0|1|1|1|0|0|0|1|0|7787|20104|9000|13500|10925|377|139|582|36030272|61907.6838487972|0
"080770016002"|0|1|0|0|0|0|0|1|1|1|1|0|1|0|0|NA|NA|NA|NA|NA|39|3|78|3554220|45566.9230769231|0
"080870002001"|0|1|0|0|0|0|0|1|1|1|1|0|0|1|0|3574|14662|NA|NA|NA|64|6|74|4434304|59923.027027027|0
"080870006001"|0|1|0|0|0|0|0|1|1|1|1|0|0|1|0|3574|14662|NA|NA|NA|64|6|74|4434304|59923.027027027|0
"080899686002"|0|0|0|0|0|0|0|1|0|0|0|0|0|0|0|NA|NA|NA|NA|NA|0|0|0|0|NA|0
"080899686005"|0|1|0|0|0|0|0|2|1|1|1|0|0|1|0|NA|NA|NA|NA|NA|177|29|66|3402948|NA|0
"080990003004"|0|1|0|0|0|0|0|1|1|1|1|0|1|0|0|3574|5956|NA|NA|6585|49|12|36|1566230|43506.3888888889|0
"080990007002"|0|1|0|0|0|0|0|1|1|1|1|0|1|0|0|3574|5956|NA|NA|6585|49|12|36|1566230|43506.3888888889|0
"081010009021"|0|1|1|0|0|0|0|1|1|1|0|0|0|1|0|7936|23857|5487|16314|10470|344|161|352|21817830|61982.4715909091|0
"081010009031"|0|1|1|0|0|0|0|1|1|1|0|0|0|1|0|7936|23857|5487|16314|10470|344|161|352|21817830|61982.4715909091|0
"081010009041"|0|1|1|0|0|0|0|1|1|1|0|0|0|1|0|7936|23857|5487|16314|10470|344|161|352|21817830|61982.4715909091|0
"081010015002"|0|1|0|0|0|0|0|1|1|1|0|0|0|1|0|4429|15512|NA|NA|NA|216|49|178|10297064|57848.6741573034|0
"081010030042"|0|1|1|0|0|0|0|1|1|1|0|0|0|1|0|7936|23857|5487|16314|10470|344|161|352|21817830|61982.4715909091|0
"081039512001"|0|1|0|0|0|0|0|1|1|1|1|0|0|1|0|3574|5957|NA|NA|7370|65|22|78|3856842|49446.6923076923|0
"081039512002"|0|1|0|0|0|0|0|1|1|1|1|0|0|1|0|3574|5957|NA|NA|7370|65|22|78|3856842|49446.6923076923|0
"081039512003"|0|1|0|0|0|0|0|1|1|1|1|0|0|1|0|3574|5957|NA|NA|7370|65|22|78|3856842|49446.6923076923|0
"081230001001"|0|1|0|0|0|0|0|1|1|1|1|0|1|0|0|NA|NA|NA|NA|NA|5|0|0|0|NA|0
"081230002002"|0|1|1|0|0|0|0|1|1|1|0|0|0|0|1|7596|19464|10476|19551|11204|900|250|1028|72865848|70881.1750972763|0
"081230014111"|0|1|0|0|0|0|0|1|1|1|1|0|0|1|0|2538|10206|NA|NA|NA|276|105|220|13857332|62987.8727272727|0
"090010201001"|0|1|0|0|0|0|0|1|1|1|0|0|0|1|0|12848|35216|NA|NA|15796|0|0|0|0|NA|0
"090010216004"|0|1|0|0|0|0|0|1|1|1|0|0|0|1|0|12848|35216|NA|NA|15796|0|0|0|0|NA|0
"090010431001"|0|1|0|0|0|0|0|1|1|1|1|0|0|1|0|3912|11736|NA|NA|NA|123|42|176|14146660|80378.75|0
"090010504001"|0|1|0|0|0|0|0|1|1|0|0|1|1|0|0|NA|NA|NA|NA|NA|0|0|0|0|NA|0
"090010504002"|0|1|0|0|0|0|0|1|1|0|0|1|1|0|0|NA|NA|NA|NA|NA|0|0|0|0|NA|0
"090010601001"|0|1|1|0|0|0|0|1|1|1|0|0|0|1|0|41150|41150|26524|26524|15310|611|226|634|55067218|86856.810725552|0
"090010607001"|0|1|1|0|0|0|0|1|1|1|0|0|0|1|0|47650|47650|17325|17325|14710|533|186|564|57683242|102275.25177305|0
"090010607005"|0|1|1|0|0|0|0|1|1|1|0|0|0|1|0|47650|47650|17325|17325|14710|533|186|564|57683242|102275.25177305|0
"090010705001"|0|1|1|0|0|0|0|1|1|1|0|0|0|1|0|30750|30750|18330|18330|13860|280|78|296|23642700|79873.9864864865|0
"090010706001"|0|1|0|0|0|0|0|1|1|1|1|0|0|1|0|3912|11736|NA|NA|NA|132|29|160|11590664|72441.65|0
"090010706002"|0|1|0|0|0|0|0|1|1|1|1|0|0|1|0|3912|11736|NA|NA|NA|132|29|160|11590664|72441.65|0
"090010738003"|0|1|0|0|0|0|0|1|1|0|0|1|1|0|0|NA|NA|NA|NA|NA|0|0|0|0|NA|0
"090010804001"|0|1|0|0|0|0|0|1|1|0|0|1|0|1|0|17220|17220|NA|NA|NA|0|0|0|0|NA|0
"090010805001"|0|1|0|0|0|0|0|1|0|0|0|0|0|0|0|NA|NA|NA|NA|NA|0|0|0|0|NA|0
"090010805002"|0|1|0|0|0|0|0|1|0|0|0|0|0|0|0|NA|NA|NA|NA|NA|0|0|0|0|NA|0
"090011103022"|0|1|0|0|0|0|0|1|1|0|0|1|1|0|0|NA|NA|NA|NA|NA|0|0|0|0|NA|0
"090012101001"|0|1|0|0|0|0|0|1|1|0|0|1|1|0|0|NA|NA|NA|NA|NA|0|0|0|0|NA|0
"090012101002"|0|2|0|0|0|0|0|2|2|0|0|2|2|0|0|NA|NA|NA|NA|NA|0|0|0|0|NA|0
"090012101003"|0|1|0|0|0|0|0|1|1|0|0|1|1|0|0|NA|NA|NA|NA|NA|0|0|0|0|NA|0
"090012102002"|0|2|1|0|0|0|0|2|2|1|0|1|1|1|0|NA|NA|NA|NA|NA|361|88|444|39931260|NA|0
"090012305022"|0|1|0|0|0|0|0|1|1|0|0|1|1|0|0|NA|NA|NA|NA|NA|0|0|0|0|NA|0
"090012572001"|0|1|0|0|0|0|0|1|0|0|0|0|0|0|0|NA|NA|NA|NA|NA|0|0|0|0|NA|0
"090012572002"|0|1|0|0|0|0|0|1|1|1|1|0|0|1|0|3912|11736|NA|NA|NA|132|29|160|11590664|72441.65|0
"090034058001"|0|1|0|0|0|0|0|1|1|0|0|1|1|0|0|NA|NA|NA|NA|NA|0|0|0|0|NA|0
"090034058003"|0|1|0|0|0|0|0|1|1|0|0|1|1|0|0|NA|NA|NA|NA|NA|0|0|0|0|NA|0
"090034154001"|0|1|0|0|0|0|0|1|1|0|0|1|1|0|0|NA|NA|NA|NA|NA|0|0|0|0|NA|0
"090034154002"|0|1|0|0|0|0|0|1|1|0|0|1|1|0|0|NA|NA|NA|NA|NA|0|0|0|0|NA|0
"090034163002"|0|1|1|0|0|0|0|1|1|1|0|0|0|1|0|7440|9792|9108|9522|NA|65|24|0|0|NA|0
"090034172001"|0|2|2|0|0|0|0|2|2|2|0|0|0|1|1|13082|26674|16135|27624|NA|566|178|896|80437510|NA|0
"090034173001"|0|2|2|0|0|0|0|2|2|2|0|0|0|1|1|13082|26674|16135|27624|NA|566|178|896|80437510|NA|0
"090034301001"|0|1|0|0|0|0|0|1|1|0|0|1|1|0|0|NA|NA|NA|NA|NA|0|0|0|0|NA|0
"090034302032"|0|1|0|0|0|0|0|1|1|0|0|1|1|0|0|NA|NA|NA|NA|NA|0|0|0|0|NA|0
"090034306012"|0|1|0|0|0|0|0|1|1|1|0|0|1|0|0|18780|18780|NA|NA|11300|0|0|0|0|NA|0
"090034602042"|0|1|0|0|0|0|0|1|1|1|1|0|0|1|0|3912|11736|NA|NA|NA|90|24|112|8887606|79353.625|0
"090034808001"|0|1|0|0|0|0|0|1|1|1|1|0|0|1|0|3912|11736|NA|NA|NA|71|11|70|4940250|70575|0
"090034808002"|0|1|0|0|0|0|0|1|1|1|1|0|0|1|0|3912|11736|NA|NA|NA|71|11|70|4940250|70575|0
"090034808004"|0|1|0|0|0|0|0|1|1|1|1|0|0|1|0|3912|11736|NA|NA|NA|71|11|70|4940250|70575|0
"090034841001"|0|1|0|0|0|0|0|1|1|0|0|1|1|0|0|NA|NA|NA|NA|NA|0|0|0|0|NA|0
"090034841002"|0|1|0|0|0|0|0|1|1|0|0|1|1|0|0|NA|NA|NA|NA|NA|0|0|0|0|NA|0
"090034922001"|0|1|0|0|0|0|0|1|1|0|0|1|1|0|0|NA|NA|NA|NA|NA|0|0|0|0|NA|0
"090034941003"|0|1|0|0|0|0|0|1|1|0|0|1|1|0|0|NA|NA|NA|NA|NA|0|0|0|0|NA|0
"090034941004"|0|1|0|0|0|0|0|1|1|0|0|1|1|0|0|NA|NA|NA|NA|NA|0|0|0|0|NA|0
"090034961001"|0|1|0|0|0|0|0|1|1|0|0|1|1|0|0|NA|NA|NA|NA|NA|0|0|0|0|NA|0
"090034961002"|0|1|0|0|0|0|0|1|1|0|0|1|1|0|0|NA|NA|NA|NA|NA|0|0|0|0|NA|0
"090034972002"|0|1|1|0|0|0|0|1|1|1|0|0|0|1|0|37361|37361|13686|13686|11428|377|65|270|22393892|82940.3407407407|0
"090035021001"|0|2|1|0|0|0|0|3|3|3|1|0|1|2|0|NA|NA|NA|NA|NA|96|16|132|9831988|NA|0
"090035021002"|0|3|1|0|0|0|0|4|3|3|1|1|2|2|0|NA|NA|NA|NA|NA|96|16|132|9831988|NA|0
"090035025001"|0|1|0|0|0|0|0|1|0|0|0|1|1|0|0|NA|NA|NA|NA|NA|0|0|0|0|NA|0
"090035025002"|0|1|0|0|0|0|0|1|0|0|0|1|1|0|0|NA|NA|NA|NA|NA|0|0|0|0|NA|0
"090035027001"|0|1|1|0|0|0|0|1|1|1|0|0|0|1|0|54340|54340|17100|17100|14750|431|140|442|42299950|95701.2443438914|0
"090035027002"|0|1|1|0|0|0|0|1|1|1|0|0|0|1|0|54340|54340|17100|17100|14750|431|140|442|42299950|95701.2443438914|0
"090035027003"|0|1|1|0|0|0|0|1|1|1|0|0|0|1|0|54340|54340|17100|17100|14750|431|140|442|42299950|95701.2443438914|0
"090035038001"|0|1|1|0|0|0|0|1|1|1|0|0|0|1|0|37802|37802|12510|12510|12476|592|220|722|57050644|79017.512465374|0
"090035042001"|0|0|1|0|0|0|0|1|1|1|0|0|1|0|0|NA|NA|13446|13446|NA|14|6|14|1249262|89233|0
"090035042003"|0|0|1|0|0|0|0|1|1|1|0|0|1|0|0|NA|NA|13446|13446|NA|14|6|14|1249262|89233|0
"090035045001"|0|1|1|0|0|0|0|1|1|1|0|0|0|1|0|54340|54340|17100|17100|14750|431|140|442|42299950|95701.2443438914|0
"090035104001"|0|1|0|0|0|0|0|1|1|0|0|1|1|0|0|NA|NA|NA|NA|NA|0|0|0|0|NA|0
"090035108001"|0|1|1|0|0|0|0|1|1|1|0|0|0|1|0|19988|19988|9000|9000|6300|233|59|188|12731636|67721.4680851064|0
"090035113002"|0|1|0|0|0|0|0|1|1|0|0|1|1|0|0|NA|NA|NA|NA|NA|0|0|0|0|NA|0
"090035151012"|0|1|0|0|0|0|0|1|1|1|1|0|0|1|0|3912|11736|NA|NA|NA|164|34|188|14519604|77231.9361702128|0
"090035151021"|0|1|0|0|0|0|0|1|1|1|1|0|0|1|0|3912|11736|NA|NA|NA|164|34|188|14519604|77231.9361702128|0
"090053201002"|0|1|0|0|0|0|0|1|1|1|1|0|0|1|0|3912|11736|NA|NA|NA|58|13|56|4361238|77879.25|0
"090075415001"|0|1|1|0|0|0|0|1|1|1|0|0|0|1|0|54314|54314|54314|54314|15060|571|171|736|82272064|111782.695652174|0
"090075703001"|0|1|1|0|0|0|0|1|1|1|0|0|1|0|0|7680|7680|3840|3840|12850|19|9|30|1180582|39352.7333333333|0
"090075703002"|0|1|1|0|0|0|0|1|1|1|0|0|1|0|0|7680|7680|3840|3840|12850|19|9|30|1180582|39352.7333333333|0
"090075703003"|0|1|1|0|0|0|0|1|1|1|0|0|1|0|0|7680|7680|3840|3840|12850|19|9|30|1180582|39352.7333333333|0
"090076802001"|0|1|0|0|0|0|0|1|1|1|1|0|0|1|0|3912|11736|NA|NA|NA|61|12|92|7279068|79120.3043478261|0
"090076802004"|0|1|0|0|0|0|0|1|1|1|1|0|0|1|0|3912|11736|NA|NA|NA|61|12|92|7279068|79120.3043478261|0
"090091301011"|0|1|0|0|0|0|0|1|1|0|0|1|1|0|0|NA|NA|NA|NA|NA|0|0|0|0|NA|0
"090091401001"|0|1|0|0|0|0|0|1|1|1|1|0|0|1|0|3912|11736|NA|NA|NA|142|50|212|16761416|79063.2830188679|0
"090091413001"|0|1|1|0|0|0|0|1|1|1|0|0|0|0|1|5640|16840|7397|18038|12926|539|153|844|74893702|88736.6137440758|0
"090091413004"|0|1|1|0|0|0|0|1|1|1|0|0|0|0|1|5640|16840|7397|18038|12926|539|153|844|74893702|88736.6137440758|0
"090091414001"|0|1|1|0|0|0|0|1|1|1|0|0|0|0|1|5640|16840|7397|18038|12926|539|153|844|74893702|88736.6137440758|0
"090091418001"|0|0|1|0|0|0|0|1|1|1|0|0|1|0|0|NA|NA|14280|14280|NA|2|0|0|0|NA|0
"090091418002"|0|0|1|0|0|0|0|1|1|1|0|0|1|0|0|NA|NA|14280|14280|NA|2|0|0|0|NA|0
"090091418003"|0|2|3|0|0|1|0|3|3|3|0|0|1|1|1|NA|NA|76492|76492|NA|7098|1555|2884|426764700|NA|0
"090091418004"|0|1|1|0|0|0|0|1|1|1|0|0|0|1|0|31570|31570|20112|20112|13500|128|41|90|6570158|73001.7555555556|0
"090091420003"|0|1|1|0|0|1|0|1|1|1|0|0|0|0|1|53430|53430|42100|42100|16000|6968|1514|2794|420194542|150391.747315676|0
"090091507001"|0|1|0|0|0|0|0|1|1|0|0|1|1|0|0|NA|NA|NA|NA|NA|0|0|0|0|NA|0
"090091507002"|0|1|0|0|0|0|0|1|1|0|0|1|1|0|0|NA|NA|NA|NA|NA|0|0|0|0|NA|0
"090091508003"|0|1|0|0|0|0|0|1|1|0|0|1|1|0|0|NA|NA|NA|NA|NA|0|0|0|0|NA|0
"090091542005"|0|1|0|0|0|0|0|1|1|0|0|1|1|0|0|NA|NA|NA|NA|NA|0|0|0|0|NA|0
"090091542006"|0|1|0|0|0|0|0|1|1|0|0|1|1|0|0|NA|NA|NA|NA|NA|0|0|0|0|NA|0
"090091547001"|0|1|0|0|0|0|0|1|1|0|0|1|1|0|0|NA|NA|NA|NA|NA|0|0|0|0|NA|0
"090091547006"|0|1|0|0|0|0|0|1|1|0|0|1|1|0|0|NA|NA|NA|NA|NA|0|0|0|0|NA|0
"090091656004"|0|1|0|0|0|0|0|1|1|1|0|0|1|0|0|17100|17100|NA|NA|NA|8|2|14|599240|42802.8571428571|0
"090091659003"|0|1|1|0|0|1|0|1|1|1|0|0|0|0|1|45540|45540|18630|18630|14540|809|182|784|84558502|107855.232142857|0
"090091660021"|0|1|1|0|0|1|0|1|1|1|0|0|0|0|1|45540|45540|18630|18630|14540|809|182|784|84558502|107855.232142857|0
"090091660023"|0|1|1|0|0|1|0|1|1|1|0|0|0|0|1|45540|45540|18630|18630|14540|809|182|784|84558502|107855.232142857|0
"090091660024"|0|1|1|0|0|1|0|1|1|1|0|0|0|0|1|45540|45540|18630|18630|14540|809|182|784|84558502|107855.232142857|0
"090091672022"|0|1|0|0|0|0|0|1|1|0|0|1|1|0|0|NA|NA|NA|NA|NA|0|0|0|0|NA|0
"090091672023"|0|1|0|0|0|0|0|1|1|0|0|1|1|0|0|NA|NA|NA|NA|NA|0|0|0|0|NA|0
"090091754001"|0|1|0|0|0|0|0|1|1|0|0|1|1|0|0|NA|NA|NA|NA|NA|0|0|0|0|NA|0
"090091842002"|0|3|0|0|0|0|0|3|3|0|0|3|3|0|0|NA|NA|NA|NA|NA|0|0|0|0|NA|0
"090091901002"|0|1|0|0|0|0|0|1|1|0|0|1|1|0|0|NA|NA|NA|NA|NA|0|0|0|0|NA|0
"090091902001"|0|1|0|0|0|0|0|1|1|0|0|1|1|0|0|NA|NA|NA|NA|NA|0|0|0|0|NA|0
"090091902002"|0|1|0|0|0|0|0|1|1|0|0|1|1|0|0|NA|NA|NA|NA|NA|0|0|0|0|NA|0
"090091902003"|0|1|0|0|0|0|0|1|1|0|0|1|1|0|0|NA|NA|NA|NA|NA|0|0|0|0|NA|0
"090093501001"|0|1|0|0|0|0|0|1|1|1|0|0|1|0|0|12848|35216|NA|NA|NA|0|0|0|0|NA|0
"090093501002"|0|1|0|0|0|0|0|1|1|1|0|0|1|0|0|12848|35216|NA|NA|NA|0|0|0|0|NA|0
"090093505001"|0|1|0|0|0|0|0|1|1|0|0|1|1|0|0|NA|NA|NA|NA|NA|0|0|0|0|NA|0
"090093505002"|0|1|0|0|0|0|0|1|1|0|0|1|1|0|0|NA|NA|NA|NA|NA|0|0|0|0|NA|0
"090093518001"|0|1|0|0|0|0|0|1|1|1|1|0|0|1|0|3912|11736|NA|NA|NA|177|44|194|15522756|80014.206185567|0
"090093518003"|0|1|0|0|0|0|0|1|1|1|1|0|0|1|0|3912|11736|NA|NA|NA|177|44|194|15522756|80014.206185567|0
"090093519001"|0|1|1|0|0|0|0|1|1|1|0|0|0|1|0|15258|15258|7500|7500|11500|466|36|106|7730572|72929.9245283019|0
"090093519002"|0|1|1|0|0|0|0|1|1|1|0|0|0|1|0|15258|15258|7500|7500|11500|466|36|106|7730572|72929.9245283019|0
"090093522001"|0|1|0|0|0|0|0|1|1|0|0|1|1|0|0|NA|NA|NA|NA|NA|0|0|0|0|NA|0
"090093523001"|0|1|0|0|0|0|0|1|1|0|0|1|1|0|0|NA|NA|NA|NA|NA|0|0|0|0|NA|0
"090093523002"|0|1|0|0|0|0|0|1|1|0|0|1|1|0|0|NA|NA|NA|NA|NA|0|0|0|0|NA|0
"090093527012"|0|1|0|0|0|0|0|1|1|0|0|1|1|0|0|NA|NA|NA|NA|NA|0|0|0|0|NA|0
"090093527022"|0|1|0|0|0|0|0|1|1|0|0|1|1|0|0|NA|NA|NA|NA|NA|0|0|0|0|NA|0
"090093527023"|0|1|0|0|0|0|0|1|1|0|0|1|1|0|0|NA|NA|NA|NA|NA|0|0|0|0|NA|0
"090093528003"|0|1|0|0|0|0|0|1|1|0|0|1|1|0|0|NA|NA|NA|NA|NA|0|0|0|0|NA|0
"090093612003"|0|1|0|0|0|0|0|1|1|0|0|1|1|0|0|NA|NA|NA|NA|NA|0|0|0|0|NA|0
"090093614021"|0|1|1|0|0|1|0|1|1|1|0|0|0|0|1|53430|53430|42100|42100|16000|6968|1514|2794|420194542|150391.747315676|0
"090093614022"|0|1|1|0|0|1|0|1|1|1|0|0|0|0|1|53430|53430|42100|42100|16000|6968|1514|2794|420194542|150391.747315676|0
"090093615002"|0|1|1|0|0|0|0|1|1|1|0|0|0|1|0|37870|37870|16470|16470|16320|506|158|528|50380586|95417.7765151515|0
"090093615003"|0|1|1|0|0|0|0|1|1|1|0|0|0|1|0|37870|37870|16470|16470|16320|506|158|528|50380586|95417.7765151515|0
"090116909001"|0|1|0|0|0|0|0|1|1|1|0|0|1|0|0|31200|31200|NA|NA|13000|115|23|36|2511600|69766.6666666667|0
"090116967003"|0|1|0|0|0|0|0|1|1|1|1|0|0|1|0|3912|11736|NA|NA|NA|87|34|144|10355350|71912.1527777778|0
"090117026001"|0|1|0|0|0|0|0|1|1|1|0|0|1|0|0|12848|35216|NA|NA|NA|0|0|0|0|NA|0
"090117027001"|0|1|0|0|0|0|0|1|1|0|0|1|1|0|0|NA|NA|NA|NA|NA|0|0|0|0|NA|0
"090117161011"|0|0|0|0|0|0|0|1|0|0|0|0|0|0|0|NA|NA|NA|NA|NA|0|0|0|0|NA|0
"090118703002"|0|2|1|0|0|0|0|2|1|2|0|0|0|2|0|NA|NA|NA|NA|NA|779|186|696|70087452|205681.00461142|0
"090118703003"|0|2|1|0|0|0|0|2|1|2|0|0|0|2|0|NA|NA|NA|NA|NA|779|186|696|70087452|205681.00461142|0
"090118705021"|0|0|0|0|0|0|0|1|0|0|0|0|0|0|0|NA|NA|NA|NA|NA|0|0|0|0|NA|0
"090118705022"|0|0|0|0|0|0|0|1|0|0|0|0|0|0|0|NA|NA|NA|NA|NA|0|0|0|0|NA|0
"090119901000"|0|1|0|0|0|0|0|1|1|1|0|0|1|0|0|12848|35216|NA|NA|NA|0|0|0|0|NA|0
"090135382013"|0|1|0|0|0|0|0|1|1|0|0|1|1|0|0|NA|NA|NA|NA|NA|0|0|0|0|NA|0
"090138812001"|0|1|1|0|1|1|0|1|1|1|0|0|0|0|1|12848|35216|15350|36962|12874|5824|2111|3018|337269802|111752.750828363|0
"090138813002"|0|1|1|0|1|1|0|1|1|1|0|0|0|0|1|12848|35216|15350|36962|12874|5824|2111|3018|337269802|111752.750828363|0
"090158003003"|0|1|1|0|0|0|0|1|1|1|0|0|0|1|0|5642|16882|7027|18102|13560|370|83|400|34189532|85473.83|0
"090159044004"|0|1|0|0|0|0|0|1|1|1|1|0|0|1|0|3912|11736|NA|NA|NA|53|18|56|4120422|73578.9642857143|0
"100010407001"|0|3|1|1|0|0|0|3|3|2|0|0|0|1|1|NA|NA|NA|NA|NA|1150|400|1242|96420578|NA|0
"100010409001"|0|1|1|0|0|0|0|1|1|1|0|0|0|1|0|26406|26406|10800|10800|11442|108|27|172|10985560|63869.5348837209|0
"100010414001"|0|1|0|0|0|0|0|1|1|0|0|1|1|0|0|NA|NA|NA|NA|NA|0|0|0|0|NA|0
"100010415001"|0|1|0|0|0|0|0|1|1|0|0|1|1|0|0|NA|NA|NA|NA|NA|0|0|0|0|NA|0
"100010422013"|0|1|0|0|0|0|0|1|1|0|0|1|1|0|0|NA|NA|NA|NA|NA|0|0|0|0|NA|0
"100010433001"|0|3|1|1|0|0|0|3|3|2|0|0|0|1|1|NA|NA|NA|NA|NA|1150|400|1242|96420578|NA|0
"100030028001"|0|1|0|0|0|0|0|1|1|1|1|0|1|0|0|24050|24050|NA|NA|12450|17|5|14|850000|60714.2857142857|0
"100030114003"|0|1|0|0|0|0|0|1|1|0|0|1|1|0|0|NA|NA|NA|NA|NA|0|0|0|0|NA|0
"100030136042"|0|1|1|0|0|0|0|1|1|1|0|0|0|1|0|24300|24300|19710|19710|8182|54|20|42|3353234|79838.9047619048|0
"100030136074"|0|1|1|0|0|0|0|1|1|1|0|0|0|1|0|24300|24300|19710|19710|8182|54|20|42|3353234|79838.9047619048|0
"100030136102"|0|1|0|0|0|0|0|1|1|0|0|1|1|0|0|NA|NA|NA|NA|NA|0|0|0|0|NA|0
"100030136132"|0|1|1|0|0|0|0|1|1|1|0|0|0|1|0|24300|24300|19710|19710|8182|54|20|42|3353234|79838.9047619048|0
"100030138002"|0|2|1|0|0|0|0|2|2|1|0|1|2|0|0|NA|NA|NA|NA|NA|6|0|2|155258|NA|0
"100030139041"|0|1|0|0|0|0|0|1|1|0|0|1|1|0|0|NA|NA|NA|NA|NA|0|0|0|0|NA|0
"100030139042"|0|1|0|0|0|0|0|1|1|0|0|1|1|0|0|NA|NA|NA|NA|NA|0|0|0|0|NA|0
"100030140002"|0|1|1|0|0|0|0|1|1|1|0|0|1|0|0|13185|13185|14790|14790|NA|6|0|2|155258|77629|0
"100030145021"|0|1|0|0|0|0|0|1|1|0|0|1|1|0|0|NA|NA|NA|NA|NA|0|0|0|0|NA|0
"100030145022"|0|1|1|0|0|0|0|1|1|1|0|0|0|0|1|12250|32880|32886|32886|12862|3475|943|2486|295986512|119061.348350764|0
"100030147021"|0|1|0|0|0|0|0|1|1|0|0|1|1|0|0|NA|NA|NA|NA|NA|0|0|0|0|NA|0
"100030163012"|0|2|0|0|0|0|0|2|2|0|0|2|2|0|0|NA|NA|NA|NA|NA|0|0|0|0|NA|0
"100050509021"|0|1|0|0|0|0|0|1|1|0|0|1|1|0|0|5200|5200|NA|NA|NA|0|0|0|0|NA|0
"100050515003"|0|1|0|0|0|0|0|1|1|0|0|1|1|0|0|NA|NA|NA|NA|NA|0|0|0|0|NA|0
"110010002011"|0|1|1|0|0|1|0|1|1|1|0|0|0|0|1|53520|53520|49560|49560|15850|3209|758|2074|302044106|145633.609450338|0
"110010002022"|0|1|0|0|0|0|0|1|1|0|0|1|1|0|0|10200|10200|NA|NA|NA|0|0|0|0|NA|0
"110010002024"|0|1|1|0|0|1|0|1|1|1|0|0|0|0|1|53520|53520|49560|49560|15850|3209|758|2074|302044106|145633.609450338|0
"110010006001"|0|1|2|1|0|0|0|2|2|2|0|0|1|1|0|NA|NA|NA|NA|NA|495|131|458|38132128|210969.538461538|0
"110010008022"|0|1|1|0|0|1|0|1|1|1|0|0|0|0|1|53520|53520|49560|49560|15850|3209|758|2074|302044106|145633.609450338|0
"110010009013"|0|1|2|0|0|0|0|2|2|2|0|0|1|0|1|NA|NA|50004|50004|NA|1870|557|1690|182225096|195539.72770549|0
"110010012004"|0|1|2|1|0|0|0|2|2|2|0|0|1|1|0|NA|NA|NA|NA|NA|495|131|458|38132128|210969.538461538|0
"110010023021"|0|1|2|0|0|0|0|2|2|2|0|0|1|1|0|NA|NA|63380|63380|NA|1045|257|690|60651888|181922.406746032|0
"110010034002"|0|1|1|1|1|1|0|1|1|1|0|0|0|1|0|24966|24966|31309|31309|13895|1408|619|1432|128082844|89443.3268156425|0
"110010047021"|0|1|1|0|0|0|0|1|1|1|0|0|1|0|0|9552|9552|16752|16752|NA|0|0|0|0|NA|0
"110010052012"|0|0|1|0|0|0|0|1|1|1|0|0|1|0|0|NA|NA|20640|20640|NA|29|9|78|2531690|32457.5641025641|0
"110010059001"|0|1|1|0|0|0|0|1|1|1|0|0|1|0|0|9552|9552|16752|16752|NA|0|0|0|0|NA|0
"110010088031"|0|1|1|0|0|0|0|1|1|1|0|0|0|1|0|16512|16512|18180|18180|14038|546|177|382|38770758|101494.130890052|0
"110010092011"|0|2|2|0|0|0|0|3|3|2|0|1|2|1|0|NA|NA|NA|NA|NA|117|20|168|12140146|NA|0
"110010095013"|0|1|2|0|0|0|0|2|2|2|0|0|1|1|0|NA|NA|63380|63380|NA|1045|257|690|60651888|181922.406746032|0
"110010101001"|0|3|3|0|0|0|0|4|4|4|1|0|3|0|0|NA|NA|NA|NA|NA|69|10|44|2642594|NA|0
"110010101002"|0|2|2|0|0|0|0|2|2|2|0|0|1|0|1|26370|26370|29580|29580|NA|616|101|192|12881534|151731.5|0
"110010107001"|0|1|1|0|0|0|0|2|2|1|0|1|2|0|0|NA|NA|NA|NA|NA|36|6|14|1130000|NA|0
"110010108003"|0|1|1|0|0|1|0|1|1|1|0|0|0|0|1|52889|52889|30780|30780|13850|3126|405|2230|308417946|138304.011659193|0
"120010004003"|0|0|1|0|0|0|0|1|1|1|0|0|1|0|0|NA|NA|11000|11000|NA|4|1|4|146000|36500|0
"120010005001"|0|0|1|0|0|0|0|1|1|1|0|0|1|0|0|NA|NA|44545|44545|NA|10|2|0|0|NA|0
"120010005004"|0|1|0|0|0|0|0|1|1|0|0|1|1|0|0|8704|8704|NA|NA|NA|0|0|0|0|NA|0
"120010007001"|0|0|1|0|0|0|0|1|1|1|0|0|1|0|0|NA|NA|44545|44545|NA|10|2|0|0|NA|0
"120010007004"|0|1|0|0|0|0|0|1|1|0|0|1|1|0|0|NA|NA|NA|NA|NA|0|0|0|0|NA|0
"120010009021"|0|2|1|0|0|1|0|2|2|2|0|0|0|1|1|7835|40694|NA|NA|NA|8930|1761|4758|563413422|170008.850492264|0
"120010009022"|0|2|1|0|0|1|0|2|2|2|0|0|0|1|1|7835|40694|NA|NA|NA|8930|1761|4758|563413422|170008.850492264|0
"120010009023"|0|2|1|0|0|1|0|2|2|2|0|0|0|1|1|7835|40694|NA|NA|NA|8930|1761|4758|563413422|170008.850492264|0
"120010009024"|0|2|1|0|0|1|0|2|2|2|0|0|0|1|1|7835|40694|NA|NA|NA|8930|1761|4758|563413422|170008.850492264|0
"120010010004"|0|2|1|0|0|1|0|2|2|2|0|0|0|1|1|7835|40694|NA|NA|NA|8930|1761|4758|563413422|170008.850492264|0
"120010016044"|0|2|0|0|0|0|0|2|2|1|0|1|2|0|0|NA|NA|NA|NA|NA|20|10|10|505244|NA|0
"120010017012"|0|1|0|0|0|0|0|1|1|1|0|0|0|0|1|1872|7418|NA|NA|NA|469|205|490|26500252|54082.1469387755|0
"120010021011"|0|1|0|0|0|0|0|1|1|0|0|1|1|0|0|NA|NA|NA|NA|NA|0|0|0|0|NA|0
"120010021012"|0|1|0|0|0|0|0|1|1|0|0|1|1|0|0|NA|NA|NA|NA|NA|0|0|0|0|NA|0
"120010022173"|0|2|0|0|0|0|0|2|2|1|0|1|2|0|0|NA|NA|NA|NA|NA|20|10|10|505244|NA|0
"120010022201"|0|1|0|0|0|0|0|1|1|0|0|1|1|0|0|NA|NA|NA|NA|NA|0|0|0|0|NA|0
"120011108001"|0|1|0|0|0|0|0|1|1|0|0|1|1|0|0|NA|NA|NA|NA|NA|0|0|0|0|NA|0
"120050013021"|0|1|0|0|0|0|0|1|1|0|0|1|1|0|0|NA|NA|NA|NA|NA|0|0|0|0|NA|0
"120050024002"|0|1|0|0|0|0|0|1|1|1|0|0|0|1|0|1750|7064|NA|NA|NA|235|87|274|15569760|56823.9416058394|0
"120070002002"|0|1|0|0|0|0|0|1|1|0|0|1|1|0|0|NA|NA|NA|NA|NA|0|0|0|0|NA|0
"120090624001"|0|1|0|0|0|0|0|1|1|1|0|0|0|0|1|1892|7573|NA|NA|NA|498|204|530|28756982|54258.4566037736|0
"120090646022"|0|1|0|0|0|0|0|1|1|0|0|1|1|0|0|NA|NA|NA|NA|NA|0|0|0|0|NA|0
"120090647005"|0|1|0|0|0|0|0|1|1|0|0|1|1|0|0|NA|NA|NA|NA|NA|0|0|0|0|NA|0
"120090649012"|0|2|2|0|0|0|0|2|2|2|0|0|0|2|0|53340|53340|38466|38466|NA|774|236|598|54221972|183887.303831418|0
"120090698011"|0|1|0|0|0|0|0|1|1|0|0|1|1|0|0|NA|NA|NA|NA|NA|0|0|0|0|NA|0
"120110104053"|0|1|0|0|0|0|0|1|1|1|1|0|1|0|0|NA|NA|NA|NA|NA|7|1|2|62000|31000|0
"120110104072"|0|1|1|0|0|0|0|1|1|1|0|0|1|0|0|6600|6600|4950|4950|NA|15|2|26|1054000|40538.4615384615|0
"120110105041"|0|1|0|0|0|0|0|1|1|0|0|1|1|0|0|NA|NA|NA|NA|NA|0|0|0|0|NA|0
"120110201032"|0|1|0|0|0|0|0|1|1|0|0|1|1|0|0|NA|NA|NA|NA|NA|0|0|0|0|NA|0
"120110201033"|0|1|0|0|0|0|0|1|1|0|0|1|0|1|0|NA|NA|NA|NA|NA|0|0|0|0|NA|0
"120110202052"|0|1|0|0|0|0|0|1|1|1|1|0|1|0|0|NA|NA|NA|NA|NA|23|17|8|401622|50202.75|0
"120110302021"|0|1|0|0|0|0|0|1|1|0|0|1|1|0|0|NA|NA|NA|NA|NA|0|0|0|0|NA|0
"120110308014"|0|1|0|0|0|0|0|1|1|1|1|0|1|0|0|NA|NA|NA|NA|NA|8|7|8|353600|44200|0
"120110311021"|0|1|0|0|0|0|0|1|1|0|0|1|1|0|0|NA|NA|NA|NA|NA|0|0|0|0|NA|0
"120110403002"|0|1|0|0|0|0|0|1|1|0|0|1|1|0|0|NA|NA|NA|NA|NA|0|0|0|0|NA|0
"120110425002"|0|2|1|0|0|0|0|2|2|2|0|0|1|0|1|18968|18968|NA|NA|NA|911|234|762|47468452|116564.701333333|0
"120110502071"|0|2|1|0|0|0|0|2|2|2|0|0|1|0|1|31536|31536|NA|NA|NA|1539|931|2396|156629286|111924.76512605|0
"120110503012"|0|1|0|0|0|0|0|1|1|1|1|0|1|0|0|14364|14364|NA|NA|NA|0|0|0|0|NA|0
"120110503061"|0|1|0|0|0|0|0|1|1|1|1|0|1|0|0|16584|16584|NA|NA|NA|31|22|28|1633378|58334.9285714286|0
"120110504012"|0|1|0|0|0|0|0|1|1|0|0|1|1|0|0|NA|NA|NA|NA|NA|0|0|0|0|NA|0
"120110506012"|0|1|0|0|0|0|0|1|1|0|0|1|1|0|0|NA|NA|NA|NA|NA|0|0|0|0|NA|0
"120110601251"|0|1|0|0|0|0|0|1|1|0|0|1|1|0|0|NA|NA|NA|NA|NA|0|0|0|0|NA|0
"120110601262"|0|1|0|0|0|0|0|1|1|0|0|1|1|0|0|NA|NA|NA|NA|NA|0|0|0|0|NA|0
"120110604032"|0|1|1|0|0|0|0|1|1|1|0|0|1|0|0|7200|7200|NA|NA|NA|6|3|6|282000|47000|0
"120110608022"|0|1|0|0|0|0|0|1|1|0|0|1|1|0|0|NA|NA|NA|NA|NA|0|0|0|0|NA|0
"120110702042"|0|3|1|0|0|1|0|3|3|1|0|2|1|1|1|NA|NA|NA|NA|NA|2398|540|696|73223696|NA|0
"120110706022"|0|1|0|0|0|0|0|1|1|0|0|1|1|0|0|NA|NA|NA|NA|NA|0|0|0|0|NA|0
"120110907001"|0|1|0|0|0|0|0|1|1|1|1|0|1|0|0|12528|12528|NA|NA|NA|18|11|6|303900|50650|0
"120110908012"|0|1|0|0|0|0|0|1|1|0|0|1|0|1|0|NA|NA|NA|NA|NA|0|0|0|0|NA|0
"120110914004"|0|1|0|0|0|0|0|1|1|0|0|1|1|0|0|NA|NA|NA|NA|NA|0|0|0|0|NA|0
"120111101004"|0|1|0|0|0|0|0|1|1|0|0|1|1|0|0|NA|NA|NA|NA|NA|0|0|0|0|NA|0
"120111103111"|0|1|1|0|0|0|0|1|1|1|0|0|1|0|0|9600|9600|11700|11700|NA|10|0|4|119030|29757.5|0
"120111103123"|0|1|0|0|0|0|0|1|1|0|0|1|1|0|0|NA|NA|NA|NA|NA|0|0|0|0|NA|0
"120111103133"|0|1|0|0|0|0|0|1|1|1|1|0|1|0|0|16584|16584|NA|NA|NA|25|18|10|415328|41532.8|0
"120111103211"|0|2|0|0|0|0|0|2|2|2|1|0|2|0|0|NA|NA|NA|NA|NA|39|13|12|753760|113720|0
"120111103212"|0|2|0|0|0|0|0|2|2|2|1|0|2|0|0|NA|NA|NA|NA|NA|39|13|12|753760|113720|0
"120111103222"|0|2|0|0|0|0|0|2|2|2|1|0|2|0|0|NA|NA|NA|NA|NA|39|13|12|753760|113720|0
"120111103381"|0|1|1|0|0|0|0|1|1|1|0|0|1|0|0|9600|9600|11700|11700|NA|10|0|4|119030|29757.5|0
"120111103432"|0|1|1|0|0|0|0|1|1|1|0|0|1|0|0|14838|14838|16852|16852|NA|37|2|14|1342010|95857.8571428571|0
"120150203021"|0|1|0|0|0|0|0|1|1|0|0|1|1|0|0|2809|11625|NA|NA|NA|0|0|0|0|NA|0
"120174514002"|0|1|0|0|0|0|0|1|1|0|0|1|1|0|0|NA|NA|NA|NA|NA|0|0|0|0|NA|0
"120190306001"|0|1|0|0|0|0|0|1|0|0|0|0|1|0|0|NA|NA|NA|NA|NA|0|0|0|0|NA|0
"120190306002"|0|1|0|0|0|0|0|1|0|0|0|0|1|0|0|NA|NA|NA|NA|NA|0|0|0|0|NA|0
"120190309033"|0|1|0|0|0|0|0|1|1|0|0|1|1|0|0|NA|NA|NA|NA|NA|0|0|0|0|NA|0
"120190309042"|0|1|0|0|0|0|0|1|1|1|1|0|1|0|0|14663|14663|NA|NA|NA|16|0|20|1273454|63672.7|0
"120210104161"|0|0|1|0|0|0|0|1|1|1|0|0|1|0|0|NA|NA|NA|NA|NA|40|9|54|5587128|103465.333333333|0
"120210104163"|0|0|1|0|0|0|0|1|1|1|0|0|1|0|0|NA|NA|NA|NA|NA|40|9|54|5587128|103465.333333333|0
"120210106021"|0|1|0|0|0|0|0|1|1|0|0|1|1|0|0|NA|NA|NA|NA|NA|0|0|0|0|NA|0
"120210106022"|0|1|0|0|0|0|0|1|1|0|0|1|1|0|0|NA|NA|NA|NA|NA|0|0|0|0|NA|0
"120210112013"|0|1|1|0|0|0|0|1|1|1|0|0|0|1|0|13680|13680|12780|12780|NA|76|8|74|5213818|70457|0
"120210112021"|0|1|1|0|0|0|0|1|1|1|0|0|0|1|0|19978|19978|13532|13532|11436|126|31|138|9411660|68200.4347826087|0
"120210114001"|0|1|0|0|0|0|0|1|1|0|0|1|1|0|0|NA|NA|NA|NA|NA|0|0|0|0|NA|0
"120231103002"|0|1|0|0|0|0|0|1|1|1|0|0|0|1|0|2369|9473|NA|NA|5400|136|82|140|7407176|52908.4|0
"120310001001"|0|1|0|0|0|0|0|1|1|0|0|1|1|0|0|NA|NA|NA|NA|NA|0|0|0|0|NA|0
"120310010001"|0|1|0|0|0|0|0|1|1|1|0|0|0|0|1|2095|7947|NA|NA|8496|945|395|696|38611000|55475.5747126437|0
"120310010002"|0|1|0|0|0|0|0|1|1|0|0|1|1|0|0|NA|NA|NA|NA|NA|0|0|0|0|NA|0
"120310025013"|0|1|0|0|0|0|0|1|1|0|0|1|1|0|0|NA|NA|NA|NA|NA|0|0|0|0|NA|0
"120310029022"|0|1|0|1|0|0|0|1|1|1|0|0|0|1|0|13325|13325|NA|NA|7282|96|27|106|4995206|47124.5849056604|0
"120310104021"|0|1|0|0|0|0|0|1|1|0|0|1|1|0|0|NA|NA|NA|NA|NA|0|0|0|0|NA|0
"120310119032"|0|1|1|0|0|0|0|1|1|1|0|0|1|0|0|10990|10990|NA|NA|7040|23|11|30|1164472|38815.7333333333|0
"120310135033"|0|1|0|0|0|0|0|1|1|1|1|0|1|0|0|NA|NA|NA|NA|NA|20|15|6|94016|15669.3333333333|0
"120310144011"|0|2|1|0|0|0|0|2|2|1|0|1|1|0|1|NA|NA|NA|NA|NA|1235|327|1012|76729594|NA|0
"120310144014"|0|1|0|0|0|0|0|1|1|0|0|1|1|0|0|NA|NA|NA|NA|NA|0|0|0|0|NA|0
"120310144041"|0|1|1|0|0|0|0|1|1|1|0|0|0|0|1|3853|16199|8570|19585|9720|1235|327|1012|76729594|75819.756916996|0
"120310145001"|0|1|0|0|0|0|0|1|1|0|0|1|1|0|0|NA|NA|NA|NA|NA|0|0|0|0|NA|0
"120310148002"|0|1|1|0|0|0|0|1|1|1|0|0|0|1|0|36670|36670|14274|14274|14080|368|118|472|35616492|75458.6694915254|0
"120310158021"|0|1|0|0|0|0|0|1|1|0|0|1|1|0|0|NA|NA|NA|NA|NA|0|0|0|0|NA|0
"120310159221"|0|1|0|0|0|0|0|1|1|1|1|0|1|0|0|13689|13689|NA|NA|NA|28|1|76|3241940|42657.1052631579|0
"120310159222"|0|1|0|0|0|0|0|1|1|0|0|1|1|0|0|NA|NA|NA|NA|NA|0|0|0|0|NA|0
"120310159231"|0|1|0|0|0|0|0|1|1|0|0|1|1|0|0|NA|NA|NA|NA|NA|0|0|0|0|NA|0
"120310159261"|0|1|0|0|0|0|0|1|1|1|0|0|1|0|0|18900|18900|NA|NA|NA|51|7|52|4147958|79768.4230769231|0
"120310159262"|0|2|0|0|0|0|0|2|2|2|1|0|2|0|0|NA|NA|NA|NA|NA|86|16|80|6161592|151683.923076923|0
"120310159263"|0|1|0|0|0|0|0|1|1|1|0|0|1|0|0|18900|18900|NA|NA|NA|51|7|52|4147958|79768.4230769231|0
"120310161001"|0|1|0|0|0|0|0|1|1|1|1|0|1|0|0|NA|NA|NA|NA|NA|0|0|0|0|NA|0
"120310166011"|0|0|1|0|0|0|0|1|1|1|0|0|1|0|0|NA|NA|NA|NA|NA|28|8|52|5430934|104441.038461538|0
"120310167251"|0|1|0|0|0|0|0|1|1|0|0|1|1|0|0|NA|NA|NA|NA|NA|0|0|0|0|NA|0
"120310171001"|0|1|0|0|0|0|0|1|1|0|0|1|1|0|0|NA|NA|NA|NA|NA|0|0|0|0|NA|0
"120310172001"|0|2|0|0|0|0|0|2|2|0|0|2|2|0|0|NA|NA|NA|NA|NA|0|0|0|0|NA|0
"120330011011"|0|1|0|0|0|0|0|1|1|1|0|0|0|1|0|2051|8208|NA|NA|NA|410|216|358|17154974|47918.9217877095|0
"120330011012"|0|1|0|0|0|0|0|1|1|1|0|0|0|1|0|2051|8208|NA|NA|NA|410|216|358|17154974|47918.9217877095|0
"120330011013"|0|1|0|0|0|0|0|1|1|1|0|0|0|1|0|2051|8208|NA|NA|NA|410|216|358|17154974|47918.9217877095|0
"120330011041"|0|1|0|0|0|0|0|1|1|0|0|1|1|0|0|NA|NA|NA|NA|NA|0|0|0|0|NA|0
"120330012022"|0|1|0|0|0|0|0|1|1|1|0|0|0|1|0|2051|8208|NA|NA|NA|410|216|358|17154974|47918.9217877095|0
"120330032033"|0|1|0|0|0|0|0|1|1|0|0|1|1|0|0|NA|NA|NA|NA|NA|0|0|0|0|NA|0
"120330033011"|0|1|0|0|0|0|0|1|1|0|0|1|1|0|0|NA|NA|NA|NA|NA|0|0|0|0|NA|0
"120330035061"|0|1|0|0|0|0|0|1|1|1|1|0|1|0|0|13968|13968|NA|NA|NA|31|5|20|1047776|52388.8|0
"120330035062"|0|1|0|0|0|0|0|1|1|1|1|0|1|0|0|13968|13968|NA|NA|NA|31|5|20|1047776|52388.8|0
"120330035063"|0|1|0|0|0|0|0|1|1|1|1|0|1|0|0|13968|13968|NA|NA|NA|31|5|20|1047776|52388.8|0
"120330035074"|0|1|0|0|0|0|0|1|1|0|0|1|1|0|0|NA|NA|NA|NA|NA|0|0|0|0|NA|0
"120330036071"|0|1|1|0|0|0|0|1|1|1|0|0|0|0|1|3735|16004|7088|22166|9354|1030|213|692|54482592|78732.0693641619|0
"120330036091"|0|1|0|0|0|0|0|1|1|1|1|0|1|0|0|NA|NA|NA|NA|NA|0|0|0|0|NA|0
"120350602081"|0|1|0|0|0|0|0|1|1|0|0|1|1|0|0|NA|NA|NA|NA|NA|0|0|0|0|NA|0
"120350602131"|0|1|0|0|0|0|0|1|1|0|0|1|1|0|0|NA|NA|NA|NA|NA|0|0|0|0|NA|0
"120350602132"|0|1|0|0|0|0|0|1|1|0|0|1|1|0|0|NA|NA|NA|NA|NA|0|0|0|0|NA|0
"120390207021"|0|1|0|0|0|0|0|1|1|0|0|1|1|0|0|NA|NA|NA|NA|NA|0|0|0|0|NA|0
"120530409111"|0|1|0|0|0|0|0|1|1|0|0|1|1|0|0|NA|NA|NA|NA|NA|0|0|0|0|NA|0
"120530409112"|0|1|0|0|0|0|0|1|1|0|0|1|1|0|0|NA|NA|NA|NA|NA|0|0|0|0|NA|0
"120530413022"|0|1|0|0|0|0|0|1|1|1|1|0|1|0|0|12209|12209|NA|NA|NA|15|2|8|513800|64225|0
"120530413052"|0|1|0|0|0|0|0|1|1|1|1|0|1|0|0|12209|12209|NA|NA|NA|15|2|8|513800|64225|0
"120559601033"|0|1|0|0|0|0|0|1|1|1|0|0|0|1|0|3135|11829|NA|NA|NA|196|92|130|7472360|57479.6923076923|0
"120559605022"|0|1|0|0|0|0|0|1|1|0|0|1|1|0|0|NA|NA|NA|NA|NA|0|0|0|0|NA|0
"120559605023"|0|1|0|0|0|0|0|1|1|0|0|1|1|0|0|NA|NA|NA|NA|NA|0|0|0|0|NA|0
"120570003006"|0|1|0|0|0|0|0|1|1|1|0|0|1|0|0|NA|NA|NA|NA|NA|7|2|14|875600|62542.8571428571|0
"120570017003"|0|2|0|0|0|0|0|2|2|0|0|2|2|0|0|NA|NA|NA|NA|NA|0|0|0|0|NA|0
"120570025003"|0|1|1|0|0|0|0|1|1|1|0|0|1|0|0|16920|16920|16620|16620|NA|44|17|56|4672426|83436.1785714286|0
"120570037001"|0|1|0|0|0|0|0|1|1|0|0|1|1|0|0|NA|NA|NA|NA|NA|0|0|0|0|NA|0
"120570037002"|0|1|0|0|0|0|0|1|1|0|0|1|1|0|0|NA|NA|NA|NA|NA|0|0|0|0|NA|0
"120570042001"|0|1|0|0|0|0|0|1|1|0|0|1|1|0|0|NA|NA|NA|NA|NA|0|0|0|0|NA|0
"120570042002"|0|1|0|0|0|0|0|1|1|0|0|1|1|0|0|NA|NA|NA|NA|NA|0|0|0|0|NA|0
"120570046002"|0|1|0|0|0|0|0|1|1|1|1|0|1|0|0|NA|NA|NA|NA|NA|32|6|18|722436|40135.3333333333|0
"120570049001"|0|1|1|0|0|0|0|1|1|1|0|0|1|0|0|13344|13344|13639|13639|NA|0|0|0|0|NA|0
"120570049002"|0|1|1|0|0|0|0|1|1|1|0|0|1|0|0|13344|13344|13639|13639|NA|0|0|0|0|NA|0
"120570050003"|0|1|1|0|0|0|0|1|1|1|0|0|0|1|0|27206|27206|11142|11142|10962|450|189|722|58716766|81325.1606648199|0
"120570054014"|0|1|0|0|0|0|0|1|1|1|1|0|0|0|1|1931|7728|NA|NA|8784|644|217|612|37403414|61116.6895424837|0
"120570104023"|0|1|1|0|0|0|0|1|1|1|0|0|0|1|0|13185|13185|14790|14790|NA|44|0|20|1363136|68156.8|0
"120570107021"|0|1|0|0|0|0|0|1|1|1|0|0|1|0|0|16142|16142|NA|NA|8420|69|24|68|4237792|62320.4705882353|0
"120570107022"|0|1|0|0|0|0|0|1|1|1|0|0|1|0|0|16142|16142|NA|NA|8420|69|24|68|4237792|62320.4705882353|0
"120570114121"|0|1|0|0|0|0|0|1|1|0|0|1|1|0|0|NA|NA|NA|NA|NA|0|0|0|0|NA|0
"120570114161"|0|1|0|0|0|0|0|1|1|0|0|1|1|0|0|NA|NA|NA|NA|NA|0|0|0|0|NA|0
"120570116111"|0|1|0|0|0|0|0|1|1|0|0|1|1|0|0|NA|NA|NA|NA|NA|0|0|0|0|NA|0
"120570119011"|0|1|0|0|0|0|0|1|1|0|0|1|1|0|0|NA|NA|NA|NA|NA|0|0|0|0|NA|0
"120570119013"|0|1|0|0|0|0|0|1|1|0|0|1|1|0|0|NA|NA|NA|NA|NA|0|0|0|0|NA|0
"120570119041"|0|1|0|0|0|0|0|1|1|1|1|0|1|0|0|13973|13973|NA|NA|NA|27|14|14|737196|52656.8571428571|0
"120570119062"|0|1|0|0|0|0|0|1|1|1|1|0|1|0|0|13973|13973|NA|NA|NA|27|14|14|737196|52656.8571428571|0
"120570120022"|0|1|0|0|0|0|0|1|1|0|0|1|1|0|0|NA|NA|NA|NA|NA|0|0|0|0|NA|0
"120570121031"|0|2|1|0|0|0|0|2|1|1|1|0|1|0|0|NA|NA|NA|NA|NA|26|20|6|331130|NA|0
"120570121032"|0|1|0|0|0|0|0|1|1|0|0|1|1|0|0|NA|NA|NA|NA|NA|0|0|0|0|NA|0
"120570121033"|0|1|0|0|0|0|0|1|1|0|0|1|1|0|0|NA|NA|NA|NA|NA|0|0|0|0|NA|0
"120570122111"|0|1|0|0|0|0|0|1|1|0|0|1|1|0|0|NA|NA|NA|NA|NA|0|0|0|0|NA|0
"120570133151"|0|1|0|0|0|0|0|1|1|0|0|1|1|0|0|NA|NA|NA|NA|NA|0|0|0|0|NA|0
"120570135031"|0|1|0|0|0|0|0|1|1|0|0|1|1|0|0|NA|NA|NA|NA|NA|0|0|0|0|NA|0
"120610503021"|0|1|0|0|0|0|0|1|1|0|0|1|1|0|0|NA|NA|NA|NA|NA|0|0|0|0|NA|0
"120610503022"|0|1|0|0|0|0|0|1|1|0|0|1|1|0|0|NA|NA|NA|NA|NA|0|0|0|0|NA|0
"120632103001"|0|1|1|0|0|0|0|1|1|1|0|0|1|0|0|10500|10500|3000|3000|4612|31|16|52|2635612|50684.8461538462|0
"120632105003"|0|1|0|0|0|0|0|1|1|1|0|0|0|1|0|2365|8195|NA|NA|4560|113|41|78|4301678|55149.7179487179|0
"120690302041"|0|1|0|0|0|0|0|1|1|0|0|1|1|0|0|NA|NA|NA|NA|NA|0|0|0|0|NA|0
"120690302082"|0|1|0|0|0|0|0|1|1|0|0|1|1|0|0|NA|NA|NA|NA|NA|0|0|0|0|NA|0
"120690303021"|0|1|0|0|0|0|0|1|1|1|0|0|0|1|0|3172|13276|NA|NA|NA|173|50|156|7541810|48344.9358974359|0
"120690303022"|0|1|0|0|0|0|0|1|1|1|0|0|0|1|0|3172|13276|NA|NA|NA|173|50|156|7541810|48344.9358974359|0
"120690306021"|0|1|0|0|0|0|0|1|1|1|0|0|1|0|0|39016|39016|NA|NA|11390|73|8|86|4514920|52499.0697674419|0
"120710005024"|0|1|0|0|0|0|0|1|1|0|0|1|0|1|0|NA|NA|NA|NA|NA|0|0|0|0|NA|0
"120710012011"|0|2|0|0|0|0|0|2|2|0|0|2|2|0|0|NA|NA|NA|NA|NA|0|0|0|0|NA|0
"120710012012"|0|1|0|0|0|0|0|1|1|0|0|1|1|0|0|NA|NA|NA|NA|NA|0|0|0|0|NA|0
"120710012013"|0|2|0|0|0|0|0|2|2|0|0|2|2|0|0|NA|NA|NA|NA|NA|0|0|0|0|NA|0
"120710013001"|0|1|0|0|0|0|0|1|1|0|0|1|1|0|0|NA|NA|NA|NA|NA|0|0|0|0|NA|0
"120710014011"|0|1|0|0|0|0|0|1|1|1|0|0|1|0|0|12924|12924|NA|NA|NA|57|5|64|3494422|54600.34375|0
"120710014013"|0|1|0|0|0|0|0|1|1|1|0|0|1|0|0|12924|12924|NA|NA|NA|57|5|64|3494422|54600.34375|0
"120710014015"|0|1|0|0|0|0|0|1|1|0|0|1|1|0|0|NA|NA|NA|NA|NA|0|0|0|0|NA|0
"120710014022"|0|2|0|0|0|0|0|2|2|1|0|1|2|0|0|NA|NA|NA|NA|NA|57|5|64|3494422|NA|0
"120710014023"|0|2|0|0|0|0|0|2|2|1|0|1|2|0|0|NA|NA|NA|NA|NA|57|5|64|3494422|NA|0
"120710017013"|0|1|0|0|0|0|0|1|1|1|0|0|0|0|1|2436|9750|NA|NA|9000|357|106|382|21587632|56512.1256544503|0
"120710017031"|0|1|0|0|0|0|0|1|1|0|0|1|1|0|0|NA|NA|NA|NA|NA|0|0|0|0|NA|0
"120710102014"|0|1|0|0|0|0|0|1|1|0|0|1|1|0|0|NA|NA|NA|NA|NA|0|0|0|0|NA|0
"120710102015"|0|1|0|0|0|0|0|1|1|0|0|1|1|0|0|NA|NA|NA|NA|NA|0|0|0|0|NA|0
"120710102016"|0|1|0|0|0|0|0|1|1|0|0|1|1|0|0|NA|NA|NA|NA|NA|0|0|0|0|NA|0
"120710102017"|0|1|0|0|0|0|0|1|1|0|0|1|1|0|0|NA|NA|NA|NA|NA|0|0|0|0|NA|0
"120710401151"|0|1|1|0|0|0|0|1|1|1|0|0|0|0|1|4191|22328|6974|28170|9672|914|359|954|75228022|78855.3689727463|0
"120710401152"|0|1|0|0|0|0|0|1|1|0|0|1|1|0|0|NA|NA|NA|NA|NA|0|0|0|0|NA|0
"120710401153"|0|1|1|0|0|0|0|1|1|1|0|0|0|0|1|4191|22328|6974|28170|9672|914|359|954|75228022|78855.3689727463|0
"120710401181"|0|1|1|0|0|0|0|1|1|1|0|0|0|0|1|4191|22328|6974|28170|9672|914|359|954|75228022|78855.3689727463|0
"120730004002"|0|1|1|1|0|0|0|1|1|1|0|0|0|0|1|3152|14524|8019|22108|10838|1074|273|1232|101022274|81998.599025974|0
"120730011013"|0|1|0|0|0|0|0|1|1|0|0|1|1|0|0|NA|NA|NA|NA|NA|0|0|0|0|NA|0
"120730013001"|0|1|1|0|0|1|0|1|1|1|0|0|0|0|1|4640|19084|9684|24116|10666|5257|1005|3108|328431164|105672.832689833|0
"120730016011"|0|1|0|0|0|0|0|1|1|0|0|1|1|0|0|NA|NA|NA|NA|NA|0|0|0|0|NA|0
"120730020031"|0|3|0|0|0|0|0|3|3|2|0|1|2|0|1|NA|NA|NA|NA|NA|572|198|390|21554814|NA|0
"120730020041"|0|1|0|0|0|0|0|1|1|0|0|1|1|0|0|NA|NA|NA|NA|NA|0|0|0|0|NA|0
"120791103012"|0|1|0|0|0|0|0|1|1|1|0|0|0|1|0|2280|9180|NA|NA|NA|83|51|68|2925454|43021.3823529412|0
"120810003081"|0|1|0|0|0|0|0|1|1|1|0|0|0|0|1|2365|9467|NA|NA|NA|330|148|258|15574294|60365.480620155|0
"120810003084"|0|1|0|0|0|0|0|1|1|1|0|0|0|0|1|2365|9467|NA|NA|NA|330|148|258|15574294|60365.480620155|0
"120810008101"|0|1|0|0|0|0|0|1|1|0|0|1|1|0|0|NA|NA|NA|NA|NA|0|0|0|0|NA|0
"120810008103"|0|1|0|0|0|0|0|1|1|0|0|1|1|0|0|NA|NA|NA|NA|NA|0|0|0|0|NA|0
"120810009024"|0|1|1|0|0|0|0|1|1|1|0|0|0|1|0|4206|15121|8350|19048|NA|108|39|186|15149736|81450.1935483871|0
"120810020121"|0|1|0|0|0|0|0|1|1|0|0|1|0|1|0|NA|NA|NA|NA|NA|0|0|0|0|NA|0
"120830011022"|0|1|0|0|0|0|0|1|1|1|1|0|1|0|0|10139|10139|NA|NA|NA|13|4|24|1670996|69624.8333333333|0
"120830011042"|0|1|0|0|0|0|0|1|1|1|1|0|1|0|0|10139|10139|NA|NA|NA|13|4|24|1670996|69624.8333333333|0
"120830011044"|0|1|0|0|0|0|0|1|1|1|1|0|1|0|0|10139|10139|NA|NA|NA|13|4|24|1670996|69624.8333333333|0
"120830016002"|0|1|0|0|0|0|0|1|1|1|0|0|0|1|0|1910|7642|NA|NA|NA|273|132|252|13444728|53352.0952380952|0
"120830024012"|0|1|0|0|0|0|0|1|1|0|0|1|1|0|0|NA|NA|NA|NA|NA|0|0|0|0|NA|0
"120830024021"|0|1|0|0|0|0|0|1|1|0|0|1|1|0|0|NA|NA|NA|NA|NA|0|0|0|0|NA|0
"120830025022"|0|1|1|0|0|0|0|1|1|1|0|0|0|1|0|9360|9360|9480|9480|NA|175|8|260|19728874|75880.2846153846|0
"120850014062"|0|1|0|0|0|0|0|1|1|1|0|0|1|0|0|5750|5750|NA|NA|6170|23|8|14|226080|16148.5714285714|0
"120860001241"|0|1|1|0|0|0|0|1|1|1|0|0|0|1|0|32091|32091|12636|12636|12129|93|31|94|7602982|80882.7872340426|0
"120860001281"|0|1|0|0|0|0|0|1|1|0|0|1|1|0|0|NA|NA|NA|NA|NA|0|0|0|0|NA|0
"120860001282"|0|1|0|0|0|0|0|1|1|0|0|1|1|0|0|NA|NA|NA|NA|NA|0|0|0|0|NA|0
"120860002061"|0|1|0|0|0|0|0|1|1|0|0|1|1|0|0|NA|NA|NA|NA|NA|0|0|0|0|NA|0
"120860002143"|0|1|0|0|0|0|0|1|1|0|0|1|1|0|0|NA|NA|NA|NA|NA|0|0|0|0|NA|0
"120860005012"|0|1|1|0|0|0|0|1|1|1|0|0|0|1|0|30900|30900|10416|10416|11700|230|67|178|16457248|92456.4494382023|0
"120860005014"|0|3|1|1|0|0|0|3|2|2|0|0|1|1|0|NA|NA|NA|NA|NA|140|49|134|9043624|NA|0
"120860007052"|0|2|1|0|0|0|0|2|2|2|1|0|1|1|0|NA|NA|NA|NA|NA|230|182|200|10031228|85227.8900343643|0
"120860007061"|0|1|0|0|0|0|0|1|1|0|0|1|1|0|0|NA|NA|NA|NA|NA|0|0|0|0|NA|0
"120860007063"|0|1|0|0|0|0|0|1|1|1|1|0|1|0|0|NA|NA|NA|NA|NA|7|0|2|76800|38400|0
"120860007071"|0|1|0|0|0|0|0|1|1|0|0|1|1|0|0|NA|NA|NA|NA|NA|0|0|0|0|NA|0
"120860007084"|0|2|0|0|0|0|0|2|2|1|1|1|2|0|0|NA|NA|NA|NA|NA|9|1|6|180000|NA|0
"120860007093"|0|1|0|0|0|0|0|1|1|0|0|1|1|0|0|NA|NA|NA|NA|NA|0|0|0|0|NA|0
"120860011022"|0|1|1|0|0|0|0|1|1|1|0|0|0|1|0|29700|29700|17820|17820|11100|530|250|620|50680532|81742.7935483871|0
"120860015021"|0|1|0|0|0|0|0|1|1|0|0|1|1|0|0|NA|NA|NA|NA|NA|0|0|0|0|NA|0
"120860025023"|0|1|0|0|0|0|0|1|1|0|0|1|1|0|0|19400|19400|NA|NA|NA|0|0|0|0|NA|0
"120860026003"|0|1|0|0|0|0|0|1|1|0|0|1|1|0|0|19400|19400|NA|NA|NA|0|0|0|0|NA|0
"120860026004"|0|1|0|0|0|0|0|1|1|0|0|1|1|0|0|19400|19400|NA|NA|NA|0|0|0|0|NA|0
"120860027032"|0|1|1|0|0|0|0|1|1|1|0|0|0|1|0|17604|17604|14208|14208|NA|57|30|24|1495934|62330.5833333333|0
"120860027033"|0|1|1|0|0|0|0|1|1|1|0|0|0|1|0|17604|17604|14208|14208|NA|57|30|24|1495934|62330.5833333333|0
"120860030011"|0|1|0|0|0|0|0|1|1|0|0|1|1|0|0|NA|NA|NA|NA|NA|0|0|0|0|NA|0
"120860037023"|0|1|1|0|0|0|0|1|1|1|0|0|1|0|0|4920|4920|5382|5382|NA|11|1|6|406000|67666.6666666667|0
"120860037025"|0|1|1|0|0|0|0|1|1|1|0|0|1|0|0|4920|4920|5382|5382|NA|11|1|6|406000|67666.6666666667|0
"120860037026"|0|1|1|0|0|0|0|1|1|1|0|0|1|0|0|4920|4920|5382|5382|NA|11|1|6|406000|67666.6666666667|0
"120860037027"|0|1|1|0|0|0|0|1|1|1|0|0|1|0|0|4920|4920|5382|5382|NA|11|1|6|406000|67666.6666666667|0
"120860037071"|0|1|0|0|0|0|0|1|1|1|0|0|0|0|1|1987|7947|NA|NA|NA|1775|1086|1478|108068828|73118.2868741543|0
"120860040005"|0|1|1|0|0|0|0|1|1|1|0|0|1|0|0|13000|13000|13000|13000|8000|14|2|18|1108882|61604.5555555556|0
"120860043012"|0|1|1|0|0|0|0|1|1|1|0|0|1|0|0|8000|8000|8000|8000|8500|0|0|10|612172|61217.2|0
"120860044052"|0|1|0|0|0|0|0|1|1|0|0|1|1|0|0|NA|NA|NA|NA|NA|0|0|0|0|NA|0
"120860047014"|0|1|0|0|0|0|0|1|1|0|0|1|1|0|0|NA|NA|NA|NA|NA|0|0|0|0|NA|0
"120860047015"|0|1|0|0|0|0|0|1|1|0|0|1|1|0|0|NA|NA|NA|NA|NA|0|0|0|0|NA|0
"120860047021"|0|1|0|0|0|0|0|1|1|0|0|1|1|0|0|NA|NA|NA|NA|NA|0|0|0|0|NA|0
"120860047033"|0|2|1|0|0|0|0|2|2|1|0|1|2|0|0|NA|NA|NA|NA|NA|55|6|70|4824228|NA|0
"120860049011"|0|1|0|0|0|0|0|1|1|0|0|1|1|0|0|NA|NA|NA|NA|NA|0|0|0|0|NA|0
"120860050021"|0|2|0|0|0|0|0|2|2|1|1|1|2|0|0|NA|NA|NA|NA|NA|11|6|14|391600|NA|0
"120860050022"|0|1|0|0|0|0|0|1|1|0|0|1|0|1|0|NA|NA|NA|NA|NA|0|0|0|0|NA|0
"120860054061"|0|1|0|0|0|0|0|1|1|0|0|1|1|0|0|NA|NA|NA|NA|NA|0|0|0|0|NA|0
"120860054092"|0|1|0|0|0|0|0|1|1|0|0|1|1|0|0|NA|NA|NA|NA|NA|0|0|0|0|NA|0
"120860056001"|0|2|0|0|0|0|0|2|2|1|1|1|2|0|0|NA|NA|NA|NA|NA|26|3|32|2270764|NA|0
"120860057012"|0|1|0|0|0|0|0|1|1|0|0|1|1|0|0|NA|NA|NA|NA|NA|0|0|0|0|NA|0
"120860057035"|0|1|0|0|0|0|0|1|1|0|0|1|1|0|0|NA|NA|NA|NA|NA|0|0|0|0|NA|0
"120860058023"|0|1|0|0|0|0|0|1|0|0|0|1|1|0|0|NA|NA|NA|NA|NA|0|0|0|0|NA|0
"120860058025"|0|1|0|0|0|0|0|1|1|0|0|1|1|0|0|NA|NA|NA|NA|NA|0|0|0|0|NA|0
"120860059011"|0|1|0|0|0|0|0|1|1|1|1|0|1|0|0|NA|NA|NA|NA|NA|12|2|12|704000|58666.6666666667|0
"120860059021"|0|1|0|0|0|0|0|1|1|0|0|1|1|0|0|NA|NA|NA|NA|NA|0|0|0|0|NA|0
"120860060022"|0|1|0|0|0|0|0|1|1|0|0|1|1|0|0|NA|NA|NA|NA|NA|0|0|0|0|NA|0
"120860063014"|0|1|0|0|0|0|0|1|1|1|1|0|1|0|0|10080|10080|NA|NA|NA|7|7|10|520000|52000|0
"120860064024"|0|1|0|0|0|0|0|1|1|0|0|1|1|0|0|NA|NA|NA|NA|NA|0|0|0|0|NA|0
"120860067022"|0|1|0|0|0|0|0|1|1|0|0|1|1|0|0|NA|NA|NA|NA|NA|0|0|0|0|NA|0
"120860067028"|0|1|0|0|0|0|0|1|1|1|1|0|1|0|0|NA|NA|NA|NA|NA|3|3|0|0|NA|0
"120860068023"|0|1|0|0|0|0|0|1|1|0|0|1|1|0|0|NA|NA|NA|NA|NA|0|0|0|0|NA|0
"120860070024"|0|1|0|0|0|0|0|1|1|0|0|1|1|0|0|NA|NA|NA|NA|NA|0|0|0|0|NA|0
"120860078041"|0|1|0|0|0|0|0|1|1|0|0|1|1|0|0|NA|NA|NA|NA|NA|0|0|0|0|NA|0
"120860078044"|0|1|0|0|0|0|0|1|1|1|0|0|1|0|0|12528|12528|NA|NA|NA|19|9|2|83474|41737|0
"120860078045"|0|1|0|0|0|0|0|1|1|1|0|0|1|0|0|12528|12528|NA|NA|NA|19|9|2|83474|41737|0
"120860084161"|0|1|1|0|0|0|0|1|1|1|0|0|1|0|0|9850|9850|15020|15020|NA|14|5|2|140710|70355|0
"120860088052"|0|1|1|0|0|0|0|1|1|1|0|0|1|0|0|21000|21000|21000|21000|11000|29|0|16|639468|39966.75|0
"120860089011"|0|1|0|0|0|0|0|1|1|0|0|1|1|0|0|NA|NA|NA|NA|NA|0|0|0|0|NA|0
"120860089012"|0|1|0|0|0|0|0|1|1|0|0|1|1|0|0|NA|NA|NA|NA|NA|0|0|0|0|NA|0
"120860089013"|0|1|0|0|0|0|0|1|1|0|0|1|1|0|0|NA|NA|NA|NA|NA|0|0|0|0|NA|0
"120860089021"|0|1|0|0|0|0|0|1|1|0|0|1|1|0|0|NA|NA|NA|NA|NA|0|0|0|0|NA|0
"120860089041"|0|1|1|0|0|1|0|1|1|1|0|0|0|0|1|4721|16529|8912|21393|10882|3971|994|2548|254416038|99849.308477237|0
"120860089072"|0|1|0|0|0|0|0|1|1|1|1|0|1|0|0|NA|NA|NA|NA|NA|24|20|8|379684|47460.5|0
"120860090063"|0|1|0|0|0|0|0|1|1|1|0|0|1|0|0|11952|11952|NA|NA|NA|4|1|2|93600|46800|0
"120860090064"|0|2|0|0|0|0|0|2|2|1|1|1|2|0|0|NA|NA|NA|NA|NA|11|1|6|240000|NA|0
"120860090101"|0|5|3|0|0|0|0|6|5|5|1|0|5|0|0|NA|NA|NA|NA|NA|134|41|92|6999524|NA|0
"120860090103"|0|4|2|0|0|0|0|4|4|4|1|0|4|0|0|NA|NA|NA|NA|NA|75|22|52|4271832|NA|0
"120860090142"|0|1|0|0|0|0|0|1|1|0|0|1|1|0|0|NA|NA|NA|NA|NA|0|0|0|0|NA|0
"120860090202"|0|1|0|0|0|0|0|1|1|1|1|0|1|0|0|NA|NA|NA|NA|NA|9|2|6|185200|30866.6666666667|0
"120860090243"|0|4|2|0|0|0|0|4|4|4|1|0|4|0|0|NA|NA|NA|NA|NA|75|22|52|4271832|NA|0
"120860090283"|0|1|1|0|0|0|0|2|1|1|0|0|1|0|0|NA|NA|NA|NA|NA|59|19|40|2727692|NA|0
"120860090302"|0|5|2|0|0|0|0|5|5|4|1|1|5|0|0|NA|NA|NA|NA|NA|75|22|52|4271832|NA|0
"120860090343"|0|1|1|0|0|0|0|1|1|1|0|0|1|0|0|10200|10200|21420|21420|NA|30|6|0|0|NA|0
"120860091001"|0|1|0|0|0|0|0|1|1|0|0|1|1|0|0|NA|NA|NA|NA|NA|0|0|0|0|NA|0
"120860091002"|0|1|0|0|0|0|0|1|1|0|0|1|1|0|0|NA|NA|NA|NA|NA|0|0|0|0|NA|0
"120860091003"|0|1|0|0|0|0|0|1|1|0|0|1|1|0|0|NA|NA|NA|NA|NA|0|0|0|0|NA|0
"120860093061"|0|1|0|0|0|0|0|1|1|0|0|1|1|0|0|NA|NA|NA|NA|NA|0|0|0|0|NA|0
"120860093092"|0|1|0|0|0|0|0|1|1|0|0|1|1|0|0|NA|NA|NA|NA|NA|0|0|0|0|NA|0
"120860093114"|0|2|0|0|0|0|0|2|2|1|1|1|2|0|0|NA|NA|NA|NA|NA|9|1|6|180000|NA|0
"120860093122"|0|1|0|0|0|0|0|1|1|0|0|1|1|0|0|NA|NA|NA|NA|NA|0|0|0|0|NA|0
"120860093142"|0|1|0|0|0|0|0|1|1|0|0|1|1|0|0|NA|NA|NA|NA|NA|0|0|0|0|NA|0
"120860102071"|0|2|0|0|0|0|0|2|2|2|2|0|2|0|0|27135|27135|NA|NA|NA|22|6|8|542488|117244|0
"120860106063"|0|1|0|0|0|0|0|1|1|1|1|0|1|0|0|11952|11952|NA|NA|NA|7|1|2|80488|40244|0
"120860106065"|0|1|0|0|0|0|0|1|1|1|1|0|1|0|0|15183|15183|NA|NA|NA|15|5|6|462000|77000|0
"120860109003"|0|1|0|0|0|0|0|1|1|0|0|1|1|0|0|NA|NA|NA|NA|NA|0|0|0|0|NA|0
"120860110011"|0|1|0|0|0|0|0|1|1|0|0|1|1|0|0|NA|NA|NA|NA|NA|0|0|0|0|NA|0
"120860111022"|0|1|0|0|0|0|0|1|1|0|0|1|1|0|0|NA|NA|NA|NA|NA|0|0|0|0|NA|0
"120860116001"|0|0|0|0|0|0|0|1|0|0|0|0|0|0|0|NA|NA|NA|NA|NA|0|0|0|0|NA|0
"120860116003"|0|0|0|0|0|0|0|1|0|0|0|0|0|0|0|NA|NA|NA|NA|NA|0|0|0|0|NA|0
"120860126002"|0|1|0|0|0|0|0|1|1|1|1|0|1|0|0|NA|NA|NA|NA|NA|2|0|0|0|NA|0
"120860137002"|0|1|0|0|0|0|0|1|1|0|0|1|1|0|0|NA|NA|NA|NA|NA|0|0|0|0|NA|0
"120860188003"|0|1|1|0|0|0|0|1|1|1|0|0|1|0|0|13080|13080|12690|12690|NA|10|0|4|250630|62657.5|0
"120860192001"|0|1|0|0|0|0|0|1|1|1|1|0|1|0|0|NA|NA|NA|NA|NA|17|8|4|218340|54585|0
"120860202003"|0|1|0|0|0|0|0|1|1|0|0|1|1|0|0|NA|NA|NA|NA|NA|0|0|0|0|NA|0
"120869803001"|0|1|1|0|1|1|0|1|1|1|0|0|0|0|1|48720|48720|36540|36540|14108|3214|798|2252|258820376|114929.119005329|0
"120869805001"|0|2|0|0|0|0|0|2|2|0|0|2|2|0|0|NA|NA|NA|NA|NA|0|0|0|0|NA|0
"120879719001"|0|1|0|0|0|0|0|1|1|1|0|0|1|0|0|2483|9933|NA|NA|14857|64|32|58|3910454|67421.6206896552|0
"120910209001"|0|1|0|0|0|0|0|1|1|1|0|0|0|1|0|2496|9552|NA|NA|NA|204|104|172|9963310|57926.2209302326|0
"120910217002"|0|1|0|0|0|0|0|1|1|0|0|1|1|0|0|NA|NA|NA|NA|NA|0|0|0|0|NA|0
"120950124031"|0|1|0|0|0|0|0|1|1|0|0|1|1|0|0|NA|NA|NA|NA|NA|0|0|0|0|NA|0
"120950126004"|0|1|0|0|0|0|0|1|1|0|0|1|1|0|0|NA|NA|NA|NA|NA|0|0|0|0|NA|0
"120950128004"|0|1|1|0|0|0|0|1|1|1|0|0|0|1|0|11640|11640|17782|17782|6126|147|51|182|16896498|92837.9010989011|0
"120950128005"|0|1|1|0|0|0|0|1|1|1|0|0|0|1|0|11640|11640|17782|17782|6126|147|51|182|16896498|92837.9010989011|0
"120950129001"|0|1|0|0|0|0|0|1|1|1|1|0|1|0|0|NA|NA|NA|NA|NA|25|3|12|906898|75574.8333333333|0
"120950129004"|0|1|0|0|0|0|0|1|1|1|1|0|1|0|0|NA|NA|NA|NA|NA|25|3|12|906898|75574.8333333333|0
"120950142001"|0|1|0|0|0|0|0|1|1|1|1|0|0|1|0|NA|NA|NA|NA|NA|98|8|92|4110126|44675.2826086957|0
"120950147031"|0|1|0|0|0|0|0|1|1|1|0|0|0|0|1|1984|7933|NA|NA|NA|1325|364|1226|67059902|54698.1256117455|0
"120950149061"|0|1|0|0|0|0|0|1|1|0|0|1|0|1|0|NA|NA|NA|NA|NA|0|0|0|0|NA|0
"120950152011"|0|1|0|0|0|0|0|1|1|1|1|0|1|0|0|NA|NA|NA|NA|NA|11|1|6|262000|43666.6666666667|0
"120950152012"|0|1|0|0|0|0|0|1|1|1|1|0|1|0|0|NA|NA|NA|NA|NA|11|1|6|262000|43666.6666666667|0
"120950154023"|0|1|0|0|0|0|0|1|1|0|0|1|1|0|0|NA|NA|NA|NA|NA|0|0|0|0|NA|0
"120950159012"|0|1|0|0|0|0|0|1|1|0|0|1|0|1|0|NA|NA|NA|NA|NA|0|0|0|0|NA|0
"120950159013"|0|1|0|0|0|0|0|1|1|0|0|1|0|1|0|NA|NA|NA|NA|NA|0|0|0|0|NA|0
"120950159022"|0|1|0|0|0|0|0|1|1|0|0|1|1|0|0|NA|NA|NA|NA|NA|0|0|0|0|NA|0
"120950160011"|0|1|1|0|0|0|0|1|1|1|0|0|0|1|0|49760|49760|18914|18914|14470|493|179|462|37543244|81262.4329004329|0
"120950160012"|0|1|1|0|0|0|0|1|1|1|0|0|0|1|0|49760|49760|18914|18914|14470|493|179|462|37543244|81262.4329004329|0
"120950161001"|0|1|1|0|0|0|0|1|1|1|0|0|0|1|0|49760|49760|18914|18914|14470|493|179|462|37543244|81262.4329004329|0
"120950161003"|0|1|1|0|0|0|0|1|1|1|0|0|0|1|0|49760|49760|18914|18914|14470|493|179|462|37543244|81262.4329004329|0
"120950162001"|0|1|1|0|0|0|0|1|1|1|0|0|0|0|1|20268|20268|15235|15235|NA|1292|804|1534|83685716|54553.9217731421|0
"120950164022"|0|1|0|0|0|0|0|1|1|1|1|0|1|0|0|NA|NA|NA|NA|NA|38|34|18|775870|43103.8888888889|0
"120950164061"|0|1|1|0|0|0|0|1|1|1|0|0|0|0|1|20268|20268|15235|15235|NA|1292|804|1534|83685716|54553.9217731421|0
"120950165071"|0|1|1|0|0|1|0|1|1|1|0|0|0|0|1|4478|19810|6916|25759|10010|4091|1095|3004|291412074|97008.0139813582|0
"120950165081"|0|2|1|0|0|1|0|2|2|2|0|0|0|1|1|17078|32410|NA|NA|NA|4257|1106|3044|293716628|154621.863981358|0
"120950165111"|0|2|0|0|0|0|0|2|2|2|1|0|1|1|0|NA|NA|NA|NA|NA|186|14|86|4799654|111855.154347826|0
"120950167131"|0|1|1|0|0|0|0|1|1|1|0|0|1|0|0|11340|11340|7110|7110|NA|24|2|12|462602|38550.1666666667|0
"120950167141"|0|1|1|0|0|0|0|1|1|1|0|0|1|0|0|11340|11340|7110|7110|NA|24|2|12|462602|38550.1666666667|0
"120950169021"|0|1|0|0|0|0|0|1|1|1|0|0|1|0|0|NA|NA|NA|NA|NA|10|1|8|426104|53263|0
"120950169023"|0|1|0|0|0|0|0|1|1|0|0|1|0|1|0|NA|NA|NA|NA|NA|0|0|0|0|NA|0
"120950170012"|0|2|2|0|0|0|0|2|1|1|0|0|1|0|0|NA|NA|NA|NA|NA|14|2|0|0|NA|0
"120950170081"|0|1|0|0|0|0|0|1|1|0|0|1|0|1|0|NA|NA|NA|NA|NA|0|0|0|0|NA|0
"120950174003"|0|1|0|0|0|0|0|1|1|0|0|1|0|1|0|NA|NA|NA|NA|NA|0|0|0|0|NA|0
"120950175031"|0|1|0|0|0|0|0|1|1|1|1|0|1|0|0|NA|NA|NA|NA|NA|0|0|0|0|NA|0
"120950178071"|0|1|0|0|0|0|0|1|1|0|0|1|1|0|0|NA|NA|NA|NA|NA|0|0|0|0|NA|0
"120950181002"|0|1|0|0|0|0|0|1|1|0|0|1|0|1|0|NA|NA|NA|NA|NA|0|0|0|0|NA|0
"120950189004"|0|1|0|0|0|0|0|1|1|0|0|1|0|1|0|NA|NA|NA|NA|NA|0|0|0|0|NA|0
"120970420001"|0|1|0|0|0|0|0|1|1|0|0|1|1|0|0|NA|NA|NA|NA|NA|0|0|0|0|NA|0
"120970424001"|0|1|1|0|0|0|0|1|1|1|0|0|1|0|0|14880|14880|9450|9450|7680|26|7|20|1272734|63636.7|0
"120970429001"|0|1|0|0|0|0|0|1|0|0|0|1|1|0|0|NA|NA|NA|NA|NA|0|0|0|0|NA|0
"120970429002"|0|1|1|0|0|0|0|1|1|1|0|0|1|0|0|14880|14880|9450|9450|7680|26|7|20|1272734|63636.7|0
"120990011012"|0|1|0|0|0|0|0|1|1|0|0|1|1|0|0|NA|NA|NA|NA|NA|0|0|0|0|NA|0
"120990019091"|0|1|0|0|0|0|0|1|1|0|0|1|1|0|0|NA|NA|NA|NA|NA|0|0|0|0|NA|0
"120990027003"|0|1|1|0|0|0|0|1|1|1|0|0|0|1|0|30990|30990|10260|10260|10120|263|109|360|25942768|72063.2444444444|0
"120990029001"|0|2|0|0|0|0|0|2|2|2|1|0|2|0|0|38864|38864|NA|NA|NA|90|29|114|6594912|99018.8744680851|0
"120990029002"|0|1|0|0|0|0|0|1|1|0|0|1|1|0|0|NA|NA|NA|NA|NA|0|0|0|0|NA|0
"120990031011"|0|1|0|0|0|0|0|1|1|1|1|0|1|0|0|NA|NA|NA|NA|NA|25|21|24|1038070|43252.9166666667|0
"120990031013"|0|1|0|0|0|0|0|1|1|1|1|0|1|0|0|NA|NA|NA|NA|NA|25|21|24|1038070|43252.9166666667|0
"120990031021"|0|1|0|0|0|0|0|1|1|1|1|0|1|0|0|NA|NA|NA|NA|NA|13|5|32|2745432|85794.75|0
"120990031024"|0|1|0|0|0|0|0|1|1|1|1|0|1|0|0|NA|NA|NA|NA|NA|13|5|32|2745432|85794.75|0
"120990036004"|0|1|0|0|0|0|0|1|1|0|0|1|1|0|0|NA|NA|NA|NA|NA|0|0|0|0|NA|0
"120990040072"|0|1|0|0|0|0|0|1|1|0|0|1|1|0|0|NA|NA|NA|NA|NA|0|0|0|0|NA|0
"120990047051"|0|1|0|0|0|0|0|1|1|0|0|1|1|0|0|NA|NA|NA|NA|NA|0|0|0|0|NA|0
"120990050002"|0|1|0|0|0|0|0|1|1|1|0|0|0|0|1|2424|8712|NA|NA|NA|849|393|702|39282452|55957.9088319088|0
"120990058121"|0|1|0|0|0|0|0|1|1|1|1|0|1|0|0|16584|16584|NA|NA|NA|22|17|10|347486|34748.6|0
"120990059152"|0|1|0|0|0|0|0|1|1|1|1|0|1|0|0|15110|15110|NA|NA|NA|13|2|42|3150000|75000|0
"120990059521"|0|0|1|0|0|0|0|1|1|1|0|0|1|0|0|NA|NA|16033|16033|NA|33|3|26|1347216|51816|0
"120990062031"|0|1|0|0|0|0|0|1|1|0|0|1|1|0|0|NA|NA|NA|NA|NA|0|0|0|0|NA|0
"120990069091"|0|1|0|0|0|0|0|1|1|0|0|1|1|0|0|NA|NA|NA|NA|NA|0|0|0|0|NA|0
"120990070021"|0|1|1|0|0|0|0|1|1|1|0|0|0|1|0|16800|16800|18600|18600|NA|125|56|110|4676960|42517.8181818182|0
"120990070082"|0|1|1|0|0|0|0|1|1|1|0|0|0|1|0|35960|35960|12740|12740|12170|426|135|272|17907564|65836.6323529412|0
"120990071001"|0|1|1|0|0|1|0|1|1|1|0|0|0|0|1|2522|14374|5467|16695|11896|2162|387|1640|139327540|84955.8170731707|0
"120990076021"|0|1|1|0|0|1|0|1|1|1|0|0|0|0|1|2522|14374|5467|16695|11896|2162|387|1640|139327540|84955.8170731707|0
"120990076101"|0|1|0|0|0|0|0|1|1|0|0|1|1|0|0|NA|NA|NA|NA|NA|0|0|0|0|NA|0
"120990076102"|0|1|0|0|0|0|0|1|1|0|0|1|1|0|0|NA|NA|NA|NA|NA|0|0|0|0|NA|0
"120990076103"|0|1|0|0|0|0|0|1|1|0|0|1|1|0|0|NA|NA|NA|NA|NA|0|0|0|0|NA|0
"120990078123"|0|1|0|0|0|0|0|1|1|1|1|0|1|0|0|NA|NA|NA|NA|NA|7|4|12|546000|45500|0
"120990078181"|0|1|1|0|0|0|0|1|1|1|0|0|1|0|0|16920|16920|16620|16620|NA|31|12|36|2771418|76983.8333333333|0
"120990078373"|0|1|1|0|0|0|0|1|1|1|0|0|1|0|0|16920|16920|16620|16620|NA|31|12|36|2771418|76983.8333333333|0
"121010303011"|0|1|0|0|0|0|0|1|1|0|0|1|1|0|0|NA|NA|NA|NA|NA|0|0|0|0|NA|0
"121010303012"|0|1|0|0|0|0|0|1|1|0|0|1|1|0|0|NA|NA|NA|NA|NA|0|0|0|0|NA|0
"121010309051"|0|1|0|0|0|0|0|1|1|0|0|1|1|0|0|NA|NA|NA|NA|NA|0|0|0|0|NA|0
"121010315062"|0|1|0|0|0|0|0|1|1|1|0|0|1|0|0|15300|15300|NA|NA|6650|20|4|18|764574|42476.3333333333|0
"121010315071"|0|1|0|0|0|0|0|1|1|1|0|0|1|0|0|15300|15300|NA|NA|6650|20|4|18|764574|42476.3333333333|0
"121010317041"|0|1|0|0|0|0|0|1|1|1|0|0|0|0|1|2297|9272|NA|NA|NA|329|170|312|17131328|54908.1025641026|0
"121010317042"|0|1|0|0|0|0|0|1|1|1|0|0|0|0|1|2297|9272|NA|NA|NA|329|170|312|17131328|54908.1025641026|0
"121010322003"|0|1|1|0|0|0|0|1|1|1|0|0|0|0|1|22400|22400|8498|8498|12728|780|170|352|27115656|77033.1136363636|0
"121030201051"|0|1|0|0|0|0|0|1|1|1|0|0|0|1|0|43914|43914|NA|NA|12586|229|103|304|21714690|71429.9013157895|0
"121030201052"|0|1|0|0|0|0|0|1|1|1|0|0|0|1|0|43914|43914|NA|NA|12586|229|103|304|21714690|71429.9013157895|0
"121030201053"|0|1|0|0|0|0|0|1|1|1|0|0|0|1|0|43914|43914|NA|NA|12586|229|103|304|21714690|71429.9013157895|0
"121030202061"|0|1|0|0|0|0|0|1|1|1|0|0|0|1|0|43914|43914|NA|NA|12586|229|103|304|21714690|71429.9013157895|0
"121030208002"|0|1|0|0|0|0|0|1|1|0|0|1|1|0|0|NA|NA|NA|NA|NA|0|0|0|0|NA|0
"121030208003"|0|1|0|0|0|0|0|1|1|0|0|1|1|0|0|NA|NA|NA|NA|NA|0|0|0|0|NA|0
"121030225011"|0|1|0|0|0|0|0|1|1|0|0|1|1|0|0|NA|NA|NA|NA|NA|0|0|0|0|NA|0
"121030228021"|0|1|0|0|0|0|0|1|1|0|0|1|1|0|0|NA|NA|NA|NA|NA|0|0|0|0|NA|0
"121030244122"|0|1|0|0|0|0|0|1|1|1|0|0|0|1|0|NA|NA|NA|NA|NA|52|6|102|6917418|67817.8235294118|0
"121030245141"|0|1|0|0|0|0|0|1|1|0|0|1|1|0|0|NA|NA|NA|NA|NA|0|0|0|0|NA|0
"121030245142"|0|2|0|0|0|0|0|2|2|1|0|1|1|0|1|NA|NA|NA|NA|NA|973|354|702|49989862|NA|0
"121030245143"|0|1|0|0|0|0|0|1|1|0|0|1|1|0|0|NA|NA|NA|NA|NA|0|0|0|0|NA|0
"121030250104"|0|1|1|0|0|0|0|1|1|1|0|0|1|0|0|14160|14160|18600|18600|NA|11|1|0|0|NA|0
"121030254082"|0|1|0|0|0|0|0|1|1|0|0|1|1|0|0|NA|NA|NA|NA|NA|0|0|0|0|NA|0
"121030254161"|0|1|0|0|0|0|0|1|1|0|0|1|1|0|0|NA|NA|NA|NA|NA|0|0|0|0|NA|0
"121030264001"|0|1|0|0|0|0|0|1|1|1|1|0|0|0|1|NA|NA|NA|NA|NA|1763|7|858|30180810|35175.7692307692|0
"121030264002"|0|1|0|0|0|0|0|1|1|1|1|0|0|0|1|NA|NA|NA|NA|NA|1763|7|858|30180810|35175.7692307692|0
"121030267033"|0|1|0|0|0|0|0|1|1|0|0|1|1|0|0|NA|NA|NA|NA|NA|0|0|0|0|NA|0
"121030286001"|0|1|1|0|0|0|0|1|1|1|0|0|0|1|0|4206|15121|8350|19048|11610|343|98|282|24412582|86569.4397163121|0
"121030286003"|0|1|1|0|0|0|0|1|1|1|0|0|0|1|0|4206|15121|8350|19048|11610|343|98|282|24412582|86569.4397163121|0
"121050103003"|0|1|0|0|0|0|0|1|1|0|0|1|1|0|0|NA|NA|NA|NA|NA|0|0|0|0|NA|0
"121050104022"|0|1|1|0|0|0|0|1|1|1|0|0|0|1|0|35600|35600|16829|16829|11670|384|137|298|22513044|75547.1275167785|0
"121050116051"|0|1|1|0|0|0|0|1|1|1|0|0|0|1|0|3152|3152|6930|6930|11430|172|31|136|10680020|78529.5588235294|0
"121050116061"|0|1|1|0|0|0|0|1|1|1|0|0|0|1|0|3152|3152|6930|6930|11430|172|31|136|10680020|78529.5588235294|0
"121050116062"|0|1|1|0|0|0|0|1|1|1|0|0|0|1|0|3152|3152|6930|6930|11430|172|31|136|10680020|78529.5588235294|0
"121050117311"|0|1|1|0|0|0|0|1|1|1|0|0|0|1|0|24870|24870|12555|12555|9832|397|197|346|25238882|72944.7456647399|0
"121050118321"|0|1|0|0|0|0|0|1|1|0|0|1|1|0|0|2851|11405|NA|NA|NA|0|0|0|0|NA|0
"121050118322"|0|1|0|0|0|0|0|1|1|0|0|1|1|0|0|2851|11405|NA|NA|NA|0|0|0|0|NA|0
"121050121271"|0|1|0|0|0|0|0|1|1|0|0|1|1|0|0|NA|NA|NA|NA|NA|0|0|0|0|NA|0
"121050122064"|0|1|0|0|0|0|0|1|1|0|0|1|1|0|0|NA|NA|NA|NA|NA|0|0|0|0|NA|0
"121050128021"|0|1|0|0|0|0|0|1|1|0|0|1|1|0|0|3888|10368|NA|NA|NA|0|0|0|0|NA|0
"121050137022"|0|1|0|0|0|0|0|1|1|1|0|0|0|0|1|2483|9933|NA|NA|NA|333|130|316|17913738|56689.0443037975|0
"121050154022"|0|1|1|0|0|0|0|1|1|1|0|0|1|0|0|23380|23380|16512|16512|9150|89|37|42|2310870|55020.7142857143|0
"121050154041"|0|1|1|0|0|0|0|1|1|1|0|0|0|1|0|21440|21440|5216|5216|8348|111|54|74|3540014|47838.027027027|0
"121050154051"|0|1|1|0|0|0|0|1|1|1|0|0|0|1|0|21440|21440|5216|5216|8348|111|54|74|3540014|47838.027027027|0
"121050154052"|0|1|1|0|0|0|0|1|1|1|0|0|0|1|0|21440|21440|5216|5216|8348|111|54|74|3540014|47838.027027027|0
"121079506003"|0|1|0|0|0|0|0|1|1|1|0|0|0|1|0|2067|8403|NA|NA|NA|210|110|272|13492316|49604.1029411765|0
"121090204001"|0|1|1|0|0|0|0|1|1|1|0|0|0|1|0|18850|18850|525|525|11340|219|63|220|14917188|67805.4|0
"121113804003"|0|1|0|0|0|0|0|1|1|1|0|0|0|0|1|2496|9360|NA|NA|NA|549|288|502|41812420|83291.6733067729|0
"121113807003"|0|1|0|0|0|0|0|1|1|1|0|0|0|0|1|2496|9360|NA|NA|NA|549|288|502|41812420|83291.6733067729|0
"121113810002"|0|1|0|0|0|0|0|1|1|1|1|0|1|0|0|17875|17875|NA|NA|8850|42|7|126|3230000|25634.9206349206|0
"121113814011"|0|2|0|0|0|0|0|2|2|1|1|1|2|0|0|NA|NA|NA|NA|NA|0|0|0|0|NA|0
"121113816031"|0|1|0|0|0|0|0|1|1|1|1|0|1|0|0|14811|14811|NA|NA|NA|22|3|22|1437394|65336.0909090909|0
"121113816032"|0|1|0|0|0|0|0|1|1|1|1|0|1|0|0|14811|14811|NA|NA|NA|22|3|22|1437394|65336.0909090909|0
"121119800001"|0|1|0|0|0|0|0|1|1|1|1|0|1|0|0|17875|17875|NA|NA|8850|42|7|126|3230000|25634.9206349206|0
"121130105041"|0|1|0|0|0|0|0|1|1|0|0|1|1|0|0|NA|NA|NA|NA|NA|0|0|0|0|NA|0
"121150002002"|0|1|0|0|0|0|0|1|1|1|0|0|0|1|0|42330|42330|NA|NA|14670|231|67|232|18090606|77976.75|0
"121150009001"|0|1|1|0|0|0|0|1|1|1|0|0|1|0|0|5227|27159|9555|25444|9264|218|83|186|14224872|76477.8064516129|0
"121150010001"|0|1|1|0|0|0|0|1|1|1|0|0|0|1|0|4206|15121|8350|19048|NA|108|39|186|15149736|81450.1935483871|0
"121150010002"|0|1|1|0|0|0|0|1|1|1|0|0|1|0|0|10675|10675|12000|12000|NA|9|3|4|244500|61125|0
"121150013012"|0|1|1|0|0|0|0|1|1|1|0|0|1|0|0|13344|13344|13770|13770|NA|0|0|0|0|NA|0
"121150017033"|0|1|0|0|0|0|0|1|1|0|0|1|0|1|0|NA|NA|NA|NA|NA|0|0|0|0|NA|0
"121150017042"|0|1|0|0|0|0|0|1|1|0|0|1|0|1|0|NA|NA|NA|NA|NA|0|0|0|0|NA|0
"121150020041"|0|1|0|0|0|0|0|1|1|0|0|1|1|0|0|NA|NA|NA|NA|NA|0|0|0|0|NA|0
"121150027132"|0|2|0|0|0|0|0|2|2|1|1|1|2|0|0|NA|NA|NA|NA|NA|7|2|10|332000|NA|0
"121170207042"|0|1|0|0|0|0|0|1|1|1|0|0|1|0|0|13634|13634|NA|NA|NA|28|7|4|185148|46287|0
"121170208031"|0|1|0|0|0|0|0|1|1|1|0|0|0|0|1|2393|9494|NA|NA|NA|500|139|418|29320812|70145.4832535885|0
"121170208033"|0|1|0|0|0|0|0|1|1|1|0|0|0|0|1|2393|9494|NA|NA|NA|500|139|418|29320812|70145.4832535885|0
"121170210001"|0|1|0|0|0|0|0|1|1|0|0|1|1|0|0|NA|NA|NA|NA|NA|0|0|0|0|NA|0
"121170213073"|0|1|0|0|0|0|0|1|1|0|0|1|1|0|0|NA|NA|NA|NA|NA|0|0|0|0|NA|0
"121170216063"|0|1|0|0|0|0|0|1|1|1|1|0|1|0|0|NA|NA|NA|NA|NA|0|0|0|0|NA|0
"121170216081"|0|1|0|0|0|0|0|1|1|1|1|0|1|0|0|12528|12528|NA|NA|NA|19|8|10|467580|46758|0
"121170217041"|0|1|0|0|0|0|0|1|1|1|1|0|1|0|0|NA|NA|NA|NA|NA|0|0|0|0|NA|0
"121170217042"|0|1|0|0|0|0|0|1|1|1|1|0|1|0|0|NA|NA|NA|NA|NA|0|0|0|0|NA|0
"121170218061"|0|1|0|0|0|0|0|1|1|1|1|0|1|0|0|14757|14757|NA|NA|NA|9|0|42|3250000|77380.9523809524|0
"121170220024"|0|1|0|0|0|0|0|1|1|0|0|1|1|0|0|16520|16520|NA|NA|NA|0|0|0|0|NA|0
"121170222011"|0|1|1|0|0|0|0|1|1|1|0|0|1|0|0|13130|13130|10720|10720|NA|17|2|34|2449096|72032.2352941177|0
"121170222015"|0|1|0|0|0|0|0|1|1|0|0|1|1|0|0|NA|NA|NA|NA|NA|0|0|0|0|NA|0
"121199101002"|0|1|0|0|0|0|0|1|1|0|0|1|1|0|0|NA|NA|NA|NA|NA|0|0|0|0|NA|0
"121199117011"|0|1|0|0|0|0|0|1|1|0|0|1|1|0|0|NA|NA|NA|NA|NA|0|0|0|0|NA|0
"121219704004"|0|1|0|0|0|0|0|1|1|0|0|1|1|0|0|NA|NA|NA|NA|NA|0|0|0|0|NA|0
"121219704005"|0|1|0|0|0|0|0|1|1|0|0|1|1|0|0|NA|NA|NA|NA|NA|0|0|0|0|NA|0
"121239503005"|0|1|0|0|0|0|0|1|1|0|0|1|1|0|0|NA|NA|NA|NA|NA|0|0|0|0|NA|0
"121270806001"|0|1|0|0|0|0|0|1|1|0|0|1|1|0|0|NA|NA|NA|NA|NA|0|0|0|0|NA|0
"121270808031"|0|1|0|0|0|0|0|1|1|1|0|0|1|0|0|NA|NA|NA|NA|NA|23|4|18|1082200|60122.2222222222|0
"121270810001"|0|1|0|0|0|0|0|1|1|0|0|1|1|0|0|NA|NA|NA|NA|NA|0|0|0|0|NA|0
"121270818002"|0|1|0|0|0|0|0|1|1|1|0|0|0|0|1|3071|11960|NA|NA|NA|610|110|494|31417600|63598.3805668016|0
"121270819002"|0|1|1|1|0|0|0|1|1|1|0|0|0|1|0|13844|13844|13500|13500|9412|360|167|348|21213924|60959.5517241379|0
"121270820001"|0|1|1|1|0|0|0|1|1|1|0|0|0|1|0|13844|13844|13500|13500|9412|360|167|348|21213924|60959.5517241379|0
"121270824012"|0|1|0|0|0|0|0|1|1|0|0|1|1|0|0|NA|NA|NA|NA|NA|0|0|0|0|NA|0
"121270904003"|0|1|1|0|0|0|0|1|1|1|0|0|0|1|0|45670|45670|17369|17369|13052|592|182|538|48920246|90929.8252788104|0
"121270925001"|0|2|2|0|0|0|0|2|2|2|0|0|0|1|1|43752|43752|25176|25176|NA|1474|222|868|71879814|157609.860920403|0
"121319503012"|0|1|0|0|0|0|0|1|1|0|0|1|1|0|0|NA|NA|NA|NA|NA|0|0|0|0|NA|0
"121319503014"|0|1|0|0|0|0|0|1|1|0|0|1|1|0|0|NA|NA|NA|NA|NA|0|0|0|0|NA|0
"121339701032"|0|1|0|0|0|0|0|1|1|0|0|1|1|0|0|NA|NA|NA|NA|NA|0|0|0|0|NA|0
"121339701033"|0|1|0|0|0|0|0|1|1|0|0|1|1|0|0|NA|NA|NA|NA|NA|0|0|0|0|NA|0
"130099704005"|0|1|1|0|0|0|0|1|1|1|0|0|0|1|0|7324|26038|5184|18486|12964|628|155|662|47054324|71079.0392749245|0
"130099707011"|0|1|0|0|0|0|0|1|1|1|0|0|0|1|0|6120|6120|NA|NA|7500|365|143|252|11621320|46116.3492063492|0
"130131802041"|0|1|0|0|0|0|0|1|1|0|0|1|1|0|0|NA|NA|NA|NA|NA|0|0|0|0|NA|0
"130210105001"|0|1|1|0|0|1|0|1|1|1|0|0|0|1|0|24822|24822|14374|14374|11616|877|297|776|64048972|82537.3350515464|0
"130210121011"|0|1|1|0|0|0|0|1|1|1|0|0|1|0|0|22000|22000|27250|27250|9860|94|21|114|6492284|56949.8596491228|0
"130210125003"|0|1|0|0|0|0|0|1|1|1|1|0|1|0|0|NA|NA|NA|NA|NA|0|0|0|0|NA|0
"130210126001"|0|1|0|0|0|0|0|1|1|1|1|0|1|0|0|NA|NA|NA|NA|NA|0|0|0|0|NA|0
"130210126002"|0|1|0|0|0|0|0|1|1|1|1|0|1|0|0|NA|NA|NA|NA|NA|0|0|0|0|NA|0
"130210131011"|0|2|1|0|0|0|0|2|2|2|1|0|1|1|0|15824|24187|NA|NA|NA|442|126|538|32040404|104358.854416576|0
"130210134072"|0|1|0|0|0|0|0|1|1|1|1|0|1|0|0|NA|NA|NA|NA|NA|14|3|10|425000|42500|0
"130210134101"|0|1|1|0|0|0|0|1|1|1|0|0|1|0|0|22000|22000|27250|27250|9860|94|21|114|6492284|56949.8596491228|0
"130210136032"|0|2|1|0|0|0|0|2|2|2|1|0|1|1|0|15824|24187|NA|NA|NA|442|126|538|32040404|104358.854416576|0
"130210137001"|0|1|1|0|0|1|0|2|1|1|0|0|0|1|0|NA|NA|NA|NA|NA|877|297|776|64048972|NA|0
"130210137003"|0|1|1|0|0|1|0|1|1|1|0|0|0|1|0|24822|24822|14374|14374|11616|877|297|776|64048972|82537.3350515464|0
"130311103002"|0|1|0|0|0|0|0|1|1|1|1|0|0|1|0|2136|4272|NA|NA|NA|82|33|132|6889032|52189.6363636364|0
"130311104041"|0|1|1|0|0|0|0|1|1|1|0|0|0|0|1|4264|15050|6636|26518|9650|2121|587|2222|149330944|67205.6453645365|0
"130311104042"|0|1|1|0|0|0|0|1|1|1|0|0|0|0|1|4264|15050|6636|26518|9650|2121|587|2222|149330944|67205.6453645365|0
"130311104043"|0|1|1|0|0|0|0|1|1|1|0|0|0|0|1|4264|15050|6636|26518|9650|2121|587|2222|149330944|67205.6453645365|0
"130459105012"|0|1|1|0|0|0|0|1|1|1|0|0|0|0|1|4264|15050|4086|15876|9708|1130|297|1060|69195492|65278.7660377358|0
"130510009001"|0|1|2|0|0|0|0|2|2|2|0|0|1|0|1|NA|NA|NA|NA|NA|996|440|1134|93614416|174981.719360568|0
"130510015001"|0|1|2|0|0|0|0|2|2|2|0|0|1|0|1|NA|NA|NA|NA|NA|996|440|1134|93614416|174981.719360568|0
"130510038002"|0|1|1|1|0|0|0|1|1|1|0|0|0|1|0|3965|14426|3528|13068|7762|402|114|394|23645194|60013.1827411168|0
"130510040022"|0|2|2|0|0|0|0|2|2|2|0|0|1|1|0|30180|30180|29717|29717|NA|438|268|68|7276204|NA|0
"130510040023"|0|1|0|0|0|0|0|1|1|0|0|1|1|0|0|NA|NA|NA|NA|NA|0|0|0|0|NA|0
"130510042082"|0|1|1|0|0|0|0|1|0|0|0|0|0|0|0|NA|NA|NA|NA|NA|0|0|0|0|NA|0
"130510042121"|0|1|1|0|0|0|0|1|0|0|0|0|0|0|0|NA|NA|NA|NA|NA|0|0|0|0|NA|0
"130510043001"|0|1|0|0|0|0|0|1|1|1|1|0|0|1|0|2136|4272|NA|NA|NA|146|29|202|10816124|53545.1683168317|0
"130510044002"|0|1|0|0|0|0|0|1|1|1|1|0|0|1|0|2136|4272|NA|NA|NA|146|29|202|10816124|53545.1683168317|0
"130510109013"|0|1|0|0|0|0|0|1|1|1|1|0|1|0|0|NA|NA|NA|NA|NA|0|0|0|0|NA|0
"130570902001"|0|1|1|0|0|0|0|1|1|1|0|0|0|1|0|22400|22400|8732|8732|9800|127|63|162|9371792|57850.5679012346|0
"130590004022"|0|1|1|0|0|1|0|1|1|1|0|0|0|0|1|9552|28126|8704|24692|10038|8359|1984|4196|449909326|107223.385605338|0
"130590004023"|0|1|1|0|0|1|0|1|1|1|0|0|0|0|1|9552|28126|8704|24692|10038|8359|1984|4196|449909326|107223.385605338|0
"130591307002"|0|1|0|0|0|0|0|1|1|0|0|1|1|0|0|NA|NA|NA|NA|NA|0|0|0|0|NA|0
"130591405001"|0|1|0|0|0|0|0|1|1|1|1|0|0|1|0|2136|4272|NA|NA|NA|146|33|204|12244286|60021.0098039216|0
"130630402042"|0|1|0|0|0|0|0|1|1|0|0|1|1|0|0|NA|NA|NA|NA|NA|0|0|0|0|NA|0
"130630404081"|0|1|1|0|0|0|0|1|1|1|0|0|0|1|0|3965|14426|5512|13507|10040|427|108|426|28564960|67053.896713615|0
"130630404082"|0|1|1|0|0|0|0|1|1|1|0|0|0|1|0|3965|14426|5512|13507|10040|427|108|426|28564960|67053.896713615|0
"130630404122"|0|3|0|0|0|0|0|3|3|1|1|2|3|0|0|NA|NA|NA|NA|NA|7|1|2|83866|NA|0
"130630404123"|0|3|0|0|0|0|0|3|3|1|1|2|3|0|0|NA|NA|NA|NA|NA|7|1|2|83866|NA|0
"130670302273"|0|1|0|0|0|0|0|1|1|0|0|1|1|0|0|NA|NA|NA|NA|NA|0|0|0|0|NA|0
"130670302282"|0|1|0|0|0|0|0|1|1|0|0|1|1|0|0|NA|NA|NA|NA|NA|0|0|0|0|NA|0
"130670302283"|0|1|0|0|0|0|0|1|1|0|0|1|1|0|0|NA|NA|NA|NA|NA|0|0|0|0|NA|0
"130670302291"|0|1|1|0|0|0|0|1|1|1|0|0|0|0|1|4341|15322|5220|18810|11467|2274|668|2258|164269156|72749.8476527901|0
"130670302292"|0|1|1|0|0|0|0|1|1|1|0|0|0|0|1|4341|15322|5220|18810|11467|2274|668|2258|164269156|72749.8476527901|0
"130670302341"|0|1|0|0|0|0|0|1|1|0|0|1|1|0|0|NA|NA|NA|NA|NA|0|0|0|0|NA|0
"130670303442"|0|1|0|0|0|0|0|1|1|1|1|0|1|0|0|NA|NA|NA|NA|NA|14|1|14|733688|52406.2857142857|0
"130670304051"|0|1|0|0|0|0|0|1|1|1|1|0|1|0|0|NA|NA|NA|NA|NA|7|3|6|267586|44597.6666666667|0
"130670304052"|0|1|0|0|0|0|0|1|1|1|1|0|1|0|0|NA|NA|NA|NA|NA|7|3|6|267586|44597.6666666667|0
"130670304053"|0|1|0|0|0|0|0|1|1|1|1|0|1|0|0|NA|NA|NA|NA|NA|7|3|6|267586|44597.6666666667|0
"130670305043"|0|1|0|0|0|0|0|1|1|0|0|1|1|0|0|NA|NA|NA|NA|NA|0|0|0|0|NA|0
"130670305052"|0|1|0|0|0|0|0|1|1|0|0|1|1|0|0|NA|NA|NA|NA|NA|0|0|0|0|NA|0
"130670305054"|0|1|0|0|0|0|0|1|1|0|0|1|1|0|0|NA|NA|NA|NA|NA|0|0|0|0|NA|0
"130670306011"|0|1|0|0|0|0|0|1|1|0|0|1|1|0|0|NA|NA|NA|NA|NA|0|0|0|0|NA|0
"130670306013"|0|1|1|0|0|0|0|1|1|1|0|0|0|0|1|4341|15322|5220|18810|11467|2274|668|2258|164269156|72749.8476527901|0
"130670308002"|0|1|1|0|1|0|0|1|1|1|0|0|0|1|0|11205|11205|10224|10224|14400|304|106|256|19716072|77015.90625|0
"130670309022"|0|1|0|0|0|0|0|1|1|1|1|0|0|0|1|2136|4272|NA|NA|NA|282|98|348|19351348|55607.3218390805|0
"130670310012"|0|1|1|0|1|0|0|1|1|1|0|0|0|1|0|11205|11205|10224|10224|14400|304|106|256|19716072|77015.90625|0
"130670310041"|0|1|0|0|0|0|0|1|1|1|1|0|1|0|0|14080|14080|NA|NA|NA|24|11|22|1136000|51636.3636363636|0
"130670313091"|0|1|0|0|0|0|0|1|1|0|0|1|1|0|0|NA|NA|NA|NA|NA|0|0|0|0|NA|0
"130690107001"|0|1|0|0|0|0|0|1|1|1|0|0|0|1|0|2224|8421|NA|NA|8540|130|41|124|6298730|50796.2096774194|0
"130690107002"|0|1|0|0|0|0|0|1|1|1|0|0|0|1|0|2224|8421|NA|NA|8540|130|41|124|6298730|50796.2096774194|0
"130730301062"|0|0|0|0|0|0|0|1|1|0|0|0|0|0|0|NA|NA|NA|NA|NA|0|0|0|0|NA|0
"130730303074"|0|1|0|0|0|0|0|1|1|0|0|1|1|0|0|NA|NA|NA|NA|NA|0|0|0|0|NA|0
"130830403002"|0|1|1|0|0|0|0|1|1|1|0|0|0|1|0|33360|33360|15552|15552|10260|135|49|124|8245394|66495.1129032258|0
"130879706004"|0|1|0|0|0|0|0|1|0|0|0|0|0|0|0|NA|NA|NA|NA|NA|0|0|0|0|NA|0
"130890211023"|0|1|0|0|0|0|0|1|1|1|0|0|0|1|0|37820|37820|NA|NA|13200|104|46|130|8114208|62416.9846153846|0
"130890212043"|0|1|0|0|0|0|0|1|1|1|1|0|1|0|0|9840|9840|NA|NA|NA|35|7|8|334880|41860|0
"130890212162"|0|1|0|0|0|0|0|1|1|0|0|1|1|0|0|NA|NA|NA|NA|NA|0|0|0|0|NA|0
"130890212182"|0|1|0|0|0|0|0|1|1|0|0|1|1|0|0|NA|NA|NA|NA|NA|0|0|0|0|NA|0
"130890213062"|0|1|1|0|0|0|0|1|0|0|0|0|1|0|0|NA|NA|NA|NA|NA|0|0|0|0|NA|0
"130890217031"|0|1|0|0|0|0|0|1|1|0|0|1|1|0|0|NA|NA|NA|NA|NA|0|0|0|0|NA|0
"130890217042"|0|1|0|0|0|0|0|1|1|0|0|1|1|0|0|NA|NA|NA|NA|NA|0|0|0|0|NA|0
"130890217053"|0|1|1|0|0|0|0|1|1|1|0|0|0|1|0|13185|13185|14790|14790|NA|100|0|62|4179820|67416.4516129032|0
"130890219062"|0|0|0|0|0|0|0|1|0|0|0|0|0|0|0|NA|NA|NA|NA|NA|0|0|0|0|NA|0
"130890219081"|0|1|0|0|0|0|0|1|1|0|0|1|1|0|0|NA|NA|NA|NA|NA|0|0|0|0|NA|0
"130890220052"|0|1|0|0|0|0|0|1|1|1|1|0|0|1|0|2136|4272|NA|NA|NA|127|33|166|9347022|56307.3614457831|0
"130890224022"|0|1|1|0|1|1|0|1|1|1|0|0|0|0|1|50590|50590|41800|41800|14506|5613|904|1944|258260928|132850.271604938|0
"130890225001"|0|1|1|0|0|0|0|1|1|1|0|0|0|1|0|14530|14530|16852|16852|NA|46|6|18|1781088|98949.3333333333|0
"130890225003"|0|1|1|0|0|0|0|1|1|1|0|0|0|1|0|14530|14530|16852|16852|NA|46|6|18|1781088|98949.3333333333|0
"130890228001"|0|1|1|0|0|0|0|1|1|1|0|0|0|1|0|40920|40920|16200|16200|12330|233|42|176|14545836|82646.7954545455|0
"130890228003"|0|0|1|0|0|0|0|1|1|1|0|0|1|0|0|NA|NA|14040|14040|NA|49|11|44|3182484|72329.1818181818|0
"130890232142"|0|1|0|0|0|0|0|1|1|1|1|0|1|0|0|11700|11700|NA|NA|NA|4|1|10|406628|40662.8|0
"130890234181"|0|1|1|0|0|0|0|1|1|1|0|0|1|0|0|6816|6816|4932|4932|NA|21|5|30|1991960|66398.6666666667|0
"130919603003"|0|0|0|0|0|0|0|1|0|0|0|0|0|0|0|NA|NA|NA|NA|NA|0|0|0|0|NA|0
"130919603005"|0|0|0|0|0|0|0|1|0|0|0|0|0|0|0|NA|NA|NA|NA|NA|0|0|0|0|NA|0
"130950011005"|0|0|0|0|0|0|0|1|0|0|0|0|0|0|0|NA|NA|NA|NA|NA|0|0|0|0|NA|0
"130950014031"|0|1|1|1|0|0|0|1|1|1|0|0|0|1|0|3965|14426|3402|13950|8878|417|158|436|24669778|56582.0596330275|0
"130950014032"|0|1|0|0|0|0|0|2|1|1|1|0|0|1|0|NA|NA|NA|NA|NA|117|32|222|11546208|NA|0
"130950015003"|0|0|0|0|0|0|0|1|0|0|0|0|0|0|0|NA|NA|NA|NA|NA|0|0|0|0|NA|0
"130950107001"|0|1|1|1|0|0|0|1|1|1|0|0|0|1|0|3965|14426|3402|13950|8878|417|158|436|24669778|56582.0596330275|0
"130950107002"|0|1|1|1|0|0|0|1|1|1|0|0|0|1|0|3965|14426|3402|13950|8878|417|158|436|24669778|56582.0596330275|0
"130950107003"|0|1|1|1|0|0|0|1|1|1|0|0|0|1|0|3965|14426|3402|13950|8878|417|158|436|24669778|56582.0596330275|0
"130970801034"|0|1|0|0|0|0|0|1|1|0|0|1|1|0|0|NA|NA|NA|NA|NA|0|0|0|0|NA|0
"131079706001"|0|1|0|0|0|0|0|1|1|1|0|0|0|1|0|2224|8421|NA|NA|9084|134|42|154|7530150|48897.0779220779|0
"131079706003"|0|1|0|0|0|0|0|1|1|1|0|0|0|1|0|2224|8421|NA|NA|9084|134|42|154|7530150|48897.0779220779|0
"131131402043"|0|0|0|0|0|0|0|1|0|0|0|0|0|0|0|NA|NA|NA|NA|NA|0|0|0|0|NA|0
"131150002013"|0|1|1|0|0|0|0|1|1|1|0|0|0|1|0|36330|36330|11880|11880|12770|358|140|324|24506524|75637.4197530864|0
"131150003002"|0|1|1|0|0|0|0|1|1|1|0|0|0|1|0|36330|36330|11880|11880|12770|358|140|324|24506524|75637.4197530864|0
"131150012001"|0|2|2|0|0|0|0|2|2|2|0|0|1|1|0|32620|32620|24000|24000|NA|158|59|190|9396810|100389.065934066|0
"131150014002"|0|2|2|0|0|0|0|2|2|2|0|0|1|1|0|32620|32620|24000|24000|NA|158|59|190|9396810|100389.065934066|0
"131150016003"|0|1|0|0|0|0|0|1|1|1|1|0|0|1|0|2136|4272|NA|NA|NA|172|75|236|13883772|58829.5423728814|0
"131150021001"|0|2|2|0|0|0|0|2|2|2|0|0|1|1|0|32620|32620|24000|24000|NA|158|59|190|9396810|100389.065934066|0
"131150021002"|0|1|0|0|0|0|0|1|1|1|0|0|0|1|0|2224|8421|NA|NA|NA|201|58|288|14043552|48762.3333333333|0
"131171304063"|0|1|0|0|0|0|0|1|1|0|0|1|1|0|0|NA|NA|NA|NA|NA|0|0|0|0|NA|0
"131198904004"|0|1|0|0|0|0|0|1|1|1|0|0|1|0|0|19952|19952|NA|NA|7500|96|60|94|4250010|45212.8723404255|0
"131210001003"|0|1|0|0|0|0|0|1|1|0|0|1|1|0|0|NA|NA|NA|NA|NA|0|0|0|0|NA|0
"131210005001"|0|0|1|0|0|0|0|1|1|1|0|0|1|0|0|NA|NA|NA|NA|NA|38|6|40|4028800|100720|0
"131210006001"|0|1|1|0|0|0|0|1|1|1|0|0|0|0|1|10008|30604|13788|28568|11492|6532|939|2050|266545956|130022.417560976|0
"131210007002"|0|1|0|0|0|0|0|1|1|0|0|1|1|0|0|NA|NA|NA|NA|NA|0|0|0|0|NA|0
"131210010012"|0|1|0|0|0|0|0|1|1|1|1|0|1|0|0|12450|12450|NA|NA|NA|12|1|10|458286|45828.6|0
"131210010021"|0|1|1|0|0|0|0|1|1|1|0|0|0|0|1|10008|30604|13788|28568|11492|6532|939|2050|266545956|130022.417560976|0
"131210019002"|0|2|0|0|0|0|0|2|2|1|1|1|2|0|0|NA|NA|NA|NA|NA|16|0|10|724000|NA|0
"131210038001"|0|1|2|2|0|0|0|2|2|2|0|0|1|1|0|NA|NA|29628|29628|NA|418|183|386|27017654|127868.698301698|0
"131210042002"|0|2|1|3|0|1|0|3|3|3|0|0|1|2|0|NA|NA|NA|NA|NA|603|201|662|47643820|NA|0
"131210043001"|0|2|1|3|0|1|0|3|3|3|0|0|1|2|0|NA|NA|NA|NA|NA|603|201|662|47643820|NA|0
"131210052003"|0|1|1|0|0|0|0|1|1|1|0|0|1|0|0|9540|9540|10200|10200|10310|33|10|16|849316|53082.25|0
"131210065001"|0|2|0|0|0|0|0|2|2|2|1|0|0|2|0|4502|13102|NA|NA|NA|231|60|334|16452174|98741.7659917841|0
"131210070012"|0|1|0|0|0|0|0|1|0|0|0|1|1|0|0|NA|NA|NA|NA|NA|0|0|0|0|NA|0
"131210072001"|0|0|0|0|0|0|0|1|0|0|0|0|0|0|0|NA|NA|NA|NA|NA|0|0|0|0|NA|0
"131210077052"|0|1|0|0|0|0|0|1|0|0|0|0|1|0|0|NA|NA|NA|NA|NA|0|0|0|0|NA|0
"131210078021"|0|1|0|0|0|0|0|1|0|1|0|0|1|0|0|12450|12450|NA|NA|6600|0|0|0|0|NA|0
"131210088001"|0|1|0|0|0|0|0|1|1|0|0|1|1|0|0|NA|NA|NA|NA|NA|0|0|0|0|NA|0
"131210091013"|0|1|0|0|0|0|0|1|1|0|0|1|1|0|0|19400|19400|NA|NA|NA|0|0|0|0|NA|0
"131210092003"|0|1|0|0|0|0|0|1|1|0|0|1|1|0|0|NA|NA|NA|NA|NA|0|0|0|0|NA|0
"131210101101"|0|2|2|0|0|0|0|2|2|2|0|0|1|1|0|22896|22896|29391|29391|NA|11|2|0|0|NA|0
"131210101133"|0|1|0|0|0|0|0|1|1|1|0|0|0|1|0|18900|18900|NA|NA|NA|42|5|50|3814792|76295.84|0
"131210101151"|0|1|0|0|0|0|0|1|1|1|0|0|0|1|0|18900|18900|NA|NA|NA|42|5|50|3814792|76295.84|0
"131210101222"|0|2|2|0|0|0|0|3|3|2|0|0|0|2|0|NA|NA|NA|NA|NA|137|32|32|2099466|NA|0
"131210101223"|0|2|2|0|0|0|0|3|3|2|0|0|0|2|0|NA|NA|NA|NA|NA|137|32|32|2099466|NA|0
"131210102051"|0|1|0|0|0|0|0|1|1|1|1|0|1|0|0|NA|NA|NA|NA|NA|7|3|2|63232|31616|0
"131210102112"|0|1|0|0|0|0|0|1|1|0|0|1|1|0|0|NA|NA|NA|NA|NA|0|0|0|0|NA|0
"131210102123"|0|1|0|0|0|0|0|1|1|0|0|1|1|0|0|NA|NA|NA|NA|NA|0|0|0|0|NA|0
"131210105133"|0|0|0|0|0|0|0|1|0|0|0|0|0|0|0|NA|NA|NA|NA|NA|0|0|0|0|NA|0
"131210114211"|0|1|0|0|0|0|0|1|1|0|0|1|1|0|0|NA|NA|NA|NA|NA|0|0|0|0|NA|0
"131210119002"|0|4|2|0|0|0|0|4|4|3|1|1|2|0|2|29043|50099|NA|NA|NA|3842|963|3438|271509002|NA|0
"131270005012"|0|1|0|0|0|0|0|1|1|1|0|0|0|1|0|3126|11548|NA|NA|10036|172|48|214|12991652|60708.6542056075|0
"131270005013"|0|1|0|0|0|0|0|1|1|1|0|0|0|1|0|3126|11548|NA|NA|10036|172|48|214|12991652|60708.6542056075|0
"131270005032"|0|1|0|0|0|0|0|1|1|1|0|0|0|1|0|3126|11548|NA|NA|10036|172|48|214|12991652|60708.6542056075|0
"131350502112"|0|1|0|0|0|0|0|1|1|1|1|0|1|0|0|16520|16520|NA|NA|NA|42|33|94|4550000|48404.2553191489|0
"131350503202"|0|1|0|0|0|0|0|1|1|0|0|1|1|0|0|NA|NA|NA|NA|NA|0|0|0|0|NA|0
"131350504101"|0|1|0|0|0|0|0|1|1|0|0|1|1|0|0|NA|NA|NA|NA|NA|0|0|0|0|NA|0
"131350504232"|0|1|0|0|0|0|0|1|1|1|1|0|1|0|0|14167|14167|NA|NA|NA|23|16|10|529232|52923.2|0
"131350504241"|0|1|0|0|0|0|0|1|1|1|1|0|1|0|0|14167|14167|NA|NA|NA|23|16|10|529232|52923.2|0
"131350504323"|0|1|0|0|0|0|0|1|1|0|0|1|1|0|0|NA|NA|NA|NA|NA|0|0|0|0|NA|0
"131350504352"|0|1|0|0|0|0|0|1|1|1|1|0|1|0|0|9750|9750|NA|NA|NA|11|4|16|332916|20807.25|0
"131350505113"|0|2|1|0|0|0|0|2|2|2|1|0|1|1|0|6936|9072|NA|NA|NA|273|108|238|14569948|93734.8596491228|0
"131350505231"|0|1|0|0|0|0|0|1|1|1|0|0|0|0|1|3136|11707|NA|NA|13090|396|103|898|62424374|69514.8930957684|0
"131350505232"|0|1|0|0|0|0|0|1|1|1|0|0|0|0|1|3136|11707|NA|NA|13090|396|103|898|62424374|69514.8930957684|0
"131350505233"|0|1|0|0|0|0|0|1|1|1|0|0|0|0|1|3136|11707|NA|NA|13090|396|103|898|62424374|69514.8930957684|0
"131350505261"|0|1|0|0|0|0|0|1|1|0|0|1|1|0|0|NA|NA|NA|NA|NA|0|0|0|0|NA|0
"131350505351"|0|2|1|0|0|0|0|2|2|2|1|0|1|1|0|6936|9072|NA|NA|NA|273|108|238|14569948|93734.8596491228|0
"131350505371"|0|1|0|0|0|0|0|1|1|1|1|0|1|0|0|NA|NA|NA|NA|NA|14|0|10|528000|52800|0
"131350505372"|0|1|0|0|0|0|0|1|1|1|1|0|1|0|0|NA|NA|NA|NA|NA|14|0|10|528000|52800|0
"131350505402"|0|1|0|0|0|0|0|1|1|0|0|1|1|0|0|NA|NA|NA|NA|NA|0|0|0|0|NA|0
"131370002023"|0|1|0|0|0|0|0|1|1|1|1|0|0|1|0|2136|4272|NA|NA|4000|106|27|144|7387438|51301.6527777778|0
"131370005003"|0|1|1|0|0|0|0|1|1|1|0|0|0|1|0|25720|25720|9738|9738|10168|194|60|234|15627666|66784.8974358974|0
"131370005004"|0|1|1|0|0|0|0|1|1|1|0|0|0|1|0|25720|25720|9738|9738|10168|194|60|234|15627666|66784.8974358974|0
"131390006001"|0|1|0|0|0|0|0|1|1|1|1|0|0|1|0|2670|5340|NA|NA|NA|115|44|206|12144050|58951.6990291262|0
"131390008003"|0|1|1|0|0|0|0|1|1|1|0|0|0|1|0|28650|28650|12510|12510|12418|204|66|292|21494786|73612.2808219178|0
"131390011021"|0|1|0|0|0|0|0|1|1|1|1|0|1|0|0|9720|9720|NA|NA|NA|5|1|2|70720|35360|0
"131390012012"|0|1|0|0|0|0|0|1|1|0|0|1|1|0|0|NA|NA|NA|NA|NA|0|0|0|0|NA|0
"131430104001"|0|1|0|0|0|0|0|1|1|1|1|0|0|1|0|2136|4272|NA|NA|NA|223|116|284|14744134|51915.9647887324|0
"131530204002"|0|0|0|0|0|0|0|1|0|0|0|0|0|0|0|NA|NA|NA|NA|NA|0|0|0|0|NA|0
"131530212011"|0|1|0|0|0|0|0|1|1|1|1|0|0|1|0|2136|4272|NA|NA|NA|345|127|430|21579364|50184.5674418605|0
"131719702002"|0|1|0|0|0|0|0|1|1|1|0|0|0|1|0|2501|9239|NA|NA|8408|180|53|228|12432196|54527.1754385965|0
"131719702003"|0|1|0|0|0|0|0|1|1|1|0|0|0|1|0|2501|9239|NA|NA|8408|180|53|228|12432196|54527.1754385965|0
"131719702004"|0|1|0|0|0|0|0|1|1|1|0|0|0|1|0|2501|9239|NA|NA|8408|180|53|228|12432196|54527.1754385965|0
"131759503002"|0|0|0|0|0|0|0|1|0|0|0|0|0|0|0|NA|NA|NA|NA|NA|0|0|0|0|NA|0
"131759509002"|0|0|0|0|0|0|0|1|0|0|0|0|0|0|0|NA|NA|NA|NA|NA|0|0|0|0|NA|0
"131850101023"|0|0|0|0|0|0|0|1|0|0|0|0|0|0|0|NA|NA|NA|NA|NA|0|0|0|0|NA|0
"131850102012"|0|1|0|0|0|0|0|1|1|1|1|0|0|1|0|2136|4272|NA|NA|NA|163|51|278|12917380|46465.3956834532|0
"131850106042"|0|0|0|0|0|0|0|1|0|0|0|0|0|0|0|NA|NA|NA|NA|NA|0|0|0|0|NA|0
"131850106043"|0|0|0|0|0|0|0|1|0|0|0|0|0|0|0|NA|NA|NA|NA|NA|0|0|0|0|NA|0
"131850111002"|0|1|1|0|0|0|0|1|1|1|0|0|0|0|1|4264|15050|4482|16146|8198|705|184|834|56584772|67847.448441247|0
"131879602013"|0|1|1|0|0|0|0|1|1|1|0|0|0|0|1|3762|13364|4050|16164|10800|988|274|1428|86625892|60662.3893557423|0
"132099502002"|0|1|0|0|0|0|0|1|1|1|0|0|1|0|0|16940|16940|NA|NA|7800|60|17|46|2104508|45750.1739130435|0
"132099502003"|0|1|0|0|0|0|0|1|1|1|0|0|1|0|0|16940|16940|NA|NA|7800|60|17|46|2104508|45750.1739130435|0
"132110103002"|0|0|0|0|0|0|0|1|0|0|0|0|0|0|0|NA|NA|NA|NA|NA|0|0|0|0|NA|0
"132150002001"|0|1|0|0|0|0|0|1|1|1|1|0|1|0|0|NA|NA|NA|NA|NA|0|0|0|0|NA|0
"132150003002"|0|2|0|0|0|0|0|2|2|1|1|1|1|1|0|NA|NA|NA|NA|NA|115|45|158|7639612|NA|0
"132150010001"|0|1|1|0|0|0|0|1|1|1|0|0|0|1|0|4264|15050|5742|11952|10762|535|162|630|43371838|68844.1873015873|0
"132150021001"|0|1|0|0|0|0|0|1|1|1|1|0|1|0|0|NA|NA|NA|NA|NA|19|4|24|911400|37975|0
"132150101062"|0|0|0|0|0|0|0|1|0|0|0|0|0|0|0|NA|NA|NA|NA|NA|0|0|0|0|NA|0
"132150101072"|0|0|0|0|0|0|0|1|0|0|0|0|0|0|0|NA|NA|NA|NA|NA|0|0|0|0|NA|0
"132150102031"|0|0|0|0|0|0|0|1|0|0|0|0|0|0|0|NA|NA|NA|NA|NA|0|0|0|0|NA|0
"132150104021"|0|1|0|0|0|0|0|1|1|1|1|0|1|0|0|NA|NA|NA|NA|NA|0|0|0|0|NA|0
"132171004001"|0|1|0|0|0|0|0|1|1|1|1|0|1|0|0|50590|50590|NA|NA|13474|126|42|178|12893286|72434.191011236|0
"132231202021"|0|1|0|0|0|0|0|1|1|0|0|1|1|0|0|NA|NA|NA|NA|NA|0|0|0|0|NA|0
"132250404001"|0|1|1|1|0|0|0|1|1|1|0|0|0|1|0|4950|18030|4344|16128|8372|461|76|200|10793608|53968.04|0
"132310101003"|0|0|0|0|0|0|0|1|0|0|0|0|0|0|0|NA|NA|NA|NA|NA|0|0|0|0|NA|0
"132437902004"|0|1|0|0|0|0|0|1|1|1|0|0|1|0|0|17388|17388|NA|NA|10636|38|22|56|2792528|49866.5714285714|0
"132450010001"|0|1|0|1|0|0|0|1|1|1|0|0|1|0|0|14206|14206|NA|NA|6662|99|27|70|2985104|42644.3428571429|0
"132450010004"|0|2|1|1|1|1|0|2|2|2|0|0|1|1|0|20930|35932|NA|NA|15512|2913|611|944|79104850|129737.873749591|0
"132450101041"|0|1|0|0|0|0|0|1|1|0|0|1|1|0|0|NA|NA|NA|NA|NA|0|0|0|0|NA|0
"132450102033"|0|1|0|0|0|0|0|1|1|1|1|0|1|0|0|NA|NA|NA|NA|NA|0|0|0|0|NA|0
"132450102042"|0|1|0|0|0|0|0|1|1|1|1|0|1|0|0|NA|NA|NA|NA|NA|14|2|20|894772|44738.6|0
"132450105062"|0|1|0|0|0|0|0|1|1|1|1|0|0|1|0|2136|4272|NA|NA|NA|123|42|256|15648202|61125.7890625|0
"132450110001"|0|1|1|0|1|1|0|1|1|1|0|0|0|1|0|6724|21726|5144|17544|8850|2814|584|874|76119746|87093.5308924485|0
"132470603043"|0|1|0|0|0|0|0|1|1|0|0|1|1|0|0|NA|NA|NA|NA|NA|0|0|0|0|NA|0
"132551605002"|0|1|0|0|0|0|0|1|1|1|1|0|0|1|0|2136|4272|NA|NA|NA|167|31|218|12774092|58596.752293578|0
"132579701002"|0|1|0|0|0|0|0|1|1|1|0|0|0|1|0|21974|21974|NA|NA|8330|82|22|94|4808996|51159.5319148936|0
"132619501001"|0|1|0|0|0|0|0|1|1|1|1|0|0|1|0|2136|4272|NA|NA|2600|92|35|112|5796576|51755.1428571429|0
"132619502002"|0|1|0|0|0|0|0|1|1|1|1|0|0|1|0|2136|4272|NA|NA|2600|92|35|112|5796576|51755.1428571429|0
"132619507004"|0|1|1|0|0|0|0|1|1|1|0|0|0|1|0|3965|14426|3420|13590|8120|180|48|234|14360298|61368.7948717949|0
"132759605003"|0|1|0|0|0|0|0|1|1|1|1|0|0|1|0|2136|4272|NA|NA|NA|180|66|302|16425912|54390.4370860927|0
"132759607001"|0|1|0|0|0|0|0|1|1|1|1|0|0|1|0|2136|4272|NA|NA|NA|180|66|302|16425912|54390.4370860927|0
"132759609003"|0|1|1|0|0|0|0|1|1|1|0|0|0|1|0|15940|15940|11790|11790|7040|78|33|110|5293252|48120.4727272727|0
"132779603003"|0|1|0|0|0|0|0|1|1|1|0|0|0|1|0|2501|9239|NA|NA|7742|243|45|308|17421254|56562.512987013|0
"132799704004"|0|1|0|0|0|0|0|1|1|1|1|0|0|1|0|2136|4272|NA|NA|NA|90|7|150|8390352|55935.68|0
"132819601003"|0|1|0|0|0|0|0|1|1|1|0|0|0|1|0|28012|28012|NA|NA|11038|111|41|134|7575280|56531.9402985075|0
"132859603001"|0|1|1|0|0|0|0|1|1|1|0|0|0|1|0|30170|30170|18892|18892|11830|109|55|152|8925520|58720.5263157895|0
"132859610002"|0|1|1|0|0|0|0|1|1|1|0|0|0|1|0|19500|19500|11580|11580|7900|119|44|96|5351686|55746.7291666667|0
"132910002052"|0|1|0|0|0|0|0|1|1|1|0|0|0|1|0|28012|28012|NA|NA|11038|111|41|134|7575280|56531.9402985075|0
"132999503002"|0|1|0|0|0|0|0|1|1|1|1|0|0|1|0|2136|4272|NA|NA|NA|117|32|186|9018648|48487.3548387097|0
"132999503003"|0|1|0|0|0|0|0|1|1|1|1|0|0|1|0|2136|4272|NA|NA|NA|117|32|186|9018648|48487.3548387097|0
"132999508005"|0|1|0|0|0|0|0|1|1|1|1|0|0|1|0|2136|4272|NA|NA|NA|117|32|186|9018648|48487.3548387097|0
"133039503001"|0|1|0|0|0|0|0|1|1|1|1|0|0|1|0|2136|4272|NA|NA|NA|85|37|130|7163832|55106.4|0
"133039503002"|0|0|0|0|0|0|0|1|0|0|0|0|0|0|0|NA|NA|NA|NA|NA|0|0|0|0|NA|0
"133119502012"|0|1|1|0|0|0|0|1|1|1|0|0|0|1|0|19320|19320|5850|5850|7550|89|45|108|5339182|49436.8703703704|0
"133119502022"|0|1|1|0|0|0|0|1|1|1|0|0|0|1|0|19320|19320|5850|5850|7550|89|45|108|5339182|49436.8703703704|0
"133119502031"|0|1|1|0|0|0|0|1|1|1|0|0|0|1|0|19320|19320|5850|5850|7550|89|45|108|5339182|49436.8703703704|0
"133119502032"|0|1|1|0|0|0|0|1|1|1|0|0|0|1|0|19320|19320|5850|5850|7550|89|45|108|5339182|49436.8703703704|0
"133130005021"|0|1|0|0|0|0|0|1|1|0|0|1|1|0|0|NA|NA|NA|NA|NA|0|0|0|0|NA|0
"133130008001"|0|1|0|0|0|0|0|1|1|1|0|0|0|1|0|3126|11548|NA|NA|9531|168|50|334|18688356|55953.1616766467|0
"150010205003"|0|1|0|0|0|0|0|1|1|1|1|0|0|1|0|3084|8220|NA|NA|8248|136|54|166|12286560|74015.421686747|0
"150010205004"|0|2|1|0|0|0|0|2|2|2|1|0|0|2|0|10356|28452|NA|NA|16496|469|174|578|51383364|168910.577026553|0
"150010205005"|0|1|1|0|0|0|0|1|1|1|0|0|0|1|0|7272|20232|11616|26448|8248|333|120|412|39096804|94895.1553398058|0
"150010215042"|0|1|0|0|0|0|0|1|1|0|0|1|1|0|0|NA|NA|NA|NA|NA|0|0|0|0|NA|0
"150010215071"|0|1|0|0|0|0|0|1|1|0|0|1|1|0|0|NA|NA|NA|NA|NA|0|0|0|0|NA|0
"150010215072"|0|1|0|0|0|0|0|1|1|0|0|1|1|0|0|NA|NA|NA|NA|NA|0|0|0|0|NA|0
"150030003011"|0|0|1|0|0|0|0|1|0|0|0|0|0|0|0|NA|NA|NA|NA|NA|0|0|0|0|NA|0
"150030003012"|0|0|1|0|0|0|0|1|0|0|0|0|0|0|0|NA|NA|NA|NA|NA|0|0|0|0|NA|0
"150030003023"|0|0|1|0|0|0|0|1|0|0|0|0|0|0|0|NA|NA|NA|NA|NA|0|0|0|0|NA|0
"150030008002"|0|1|0|0|0|0|0|1|1|1|1|0|0|1|0|3084|8220|NA|NA|NA|236|86|348|28902984|83054.5517241379|0
"150030008004"|0|1|0|0|0|0|0|1|1|1|1|0|0|1|0|3084|8220|NA|NA|NA|236|86|348|28902984|83054.5517241379|0
"150030013004"|0|1|0|0|0|0|0|1|1|0|0|1|1|0|0|NA|NA|NA|NA|NA|0|0|0|0|NA|0
"150030027011"|0|2|2|0|0|1|0|2|2|1|0|0|0|0|1|NA|NA|NA|NA|NA|3264|614|2064|233283108|NA|0
"150030028001"|0|1|1|0|0|0|0|1|1|1|0|0|0|1|0|25260|25260|22680|22680|13630|195|64|158|11975394|75793.6329113924|0
"150030035021"|0|1|0|0|0|0|0|1|1|0|0|1|1|0|0|NA|NA|NA|NA|NA|0|0|0|0|NA|0
"150030035022"|0|1|0|0|0|0|0|1|1|0|0|1|1|0|0|NA|NA|NA|NA|NA|0|0|0|0|NA|0
"150030037002"|0|1|0|0|0|0|0|1|1|1|1|0|1|0|0|18588|18588|NA|NA|NA|32|2|28|1423200|50828.5714285714|0
"150030040001"|0|4|3|0|0|0|0|4|4|4|0|0|3|1|0|65210|65210|NA|NA|NA|354|56|320|23959808|NA|0
"150030040002"|0|4|3|0|0|0|0|4|4|4|0|0|3|1|0|65210|65210|NA|NA|NA|354|56|320|23959808|NA|0
"150030051001"|0|0|1|0|0|0|0|1|1|1|0|0|1|0|0|NA|NA|13500|13500|NA|1|0|4|180000|45000|0
"150030052002"|0|1|0|0|0|0|0|1|1|0|0|1|1|0|0|NA|NA|NA|NA|NA|0|0|0|0|NA|0
"150030057002"|0|1|0|0|0|0|0|1|1|1|1|0|0|1|0|3084|8220|NA|NA|NA|205|58|214|16432320|76786.5420560748|0
"150030059001"|0|1|1|0|0|0|0|1|1|1|0|0|1|0|0|9960|9960|9270|9270|5968|8|1|0|0|NA|0
"150030059002"|0|1|1|0|0|0|0|1|1|1|0|0|1|0|0|9960|9960|9270|9270|5968|8|1|0|0|NA|0
"150030086063"|0|1|0|0|0|0|0|1|1|1|0|0|0|1|0|7272|20232|NA|NA|NA|168|67|176|15429144|87665.5909090909|0
"150030086148"|0|1|0|0|0|0|0|1|1|1|0|0|0|1|0|7272|20232|NA|NA|NA|168|67|176|15429144|87665.5909090909|0
"150030086149"|0|1|0|0|0|0|0|1|1|1|0|0|0|1|0|7272|20232|NA|NA|NA|168|67|176|15429144|87665.5909090909|0
"150030087012"|0|1|0|0|0|0|0|1|1|1|1|0|0|1|0|3084|8220|NA|NA|NA|190|78|318|24845136|78129.358490566|0
"150030102021"|0|1|0|0|0|0|0|1|1|1|0|0|0|1|0|5560|5560|NA|NA|6586|266|82|258|28315308|109749.255813953|0
"150030102024"|0|1|0|0|0|0|0|1|1|1|0|0|0|1|0|5560|5560|NA|NA|6586|266|82|258|28315308|109749.255813953|0
"150030105031"|0|1|0|0|0|0|0|1|1|1|1|0|0|1|0|3084|8220|NA|NA|NA|113|39|102|7901280|77463.5294117647|0
"150070404001"|0|1|0|0|0|0|0|1|1|1|1|0|0|1|0|3084|8220|NA|NA|NA|98|37|112|8528352|76146|0
"150070404004"|0|1|0|0|0|0|0|1|1|1|1|0|0|1|0|3084|8220|NA|NA|NA|98|37|112|8528352|76146|0
"150090311011"|0|1|0|0|0|0|0|1|1|1|0|0|0|1|0|3084|8220|NA|NA|NA|164|68|158|12412296|78558.835443038|0
"150090311021"|0|1|0|0|0|0|0|1|1|0|0|1|1|0|0|NA|NA|NA|NA|NA|0|0|0|0|NA|0
"150090319001"|0|1|0|0|0|0|0|1|1|0|0|1|1|0|0|NA|NA|NA|NA|NA|0|0|0|0|NA|0
"150090319002"|0|1|0|0|0|0|0|1|1|0|0|1|1|0|0|NA|NA|NA|NA|NA|0|0|0|0|NA|0
"160010001003"|0|1|0|0|0|0|0|1|1|0|0|0|0|0|0|NA|NA|NA|NA|NA|0|0|0|0|NA|0
"160010003031"|0|1|0|0|0|0|0|1|1|0|0|1|1|0|0|NA|NA|NA|NA|NA|0|0|0|0|NA|0
"160010008043"|0|1|1|0|0|0|0|1|1|1|0|0|0|0|1|5259|21341|6759|22841|10692|1750|462|1538|116235820|75575.955786736|0
"160010009001"|0|1|1|0|0|0|0|1|1|1|0|0|0|0|1|5259|21341|6759|22841|10692|1750|462|1538|116235820|75575.955786736|0
"160010009002"|0|1|1|0|0|0|0|1|1|1|0|0|0|0|1|5259|21341|6759|22841|10692|1750|462|1538|116235820|75575.955786736|0
"160010012023"|0|1|0|0|0|0|0|1|1|1|1|0|1|0|0|NA|NA|NA|NA|NA|17|2|30|2168030|72267.6666666667|0
"160010019003"|0|3|0|0|0|0|0|3|3|1|0|2|3|0|0|NA|NA|NA|NA|NA|16|0|18|621180|NA|0
"160010022241"|0|4|0|0|0|0|0|4|4|1|0|3|4|0|0|NA|NA|NA|NA|NA|16|0|18|621180|NA|0
"160010022243"|0|3|0|0|0|0|0|3|3|1|0|2|3|0|0|NA|NA|NA|NA|NA|16|0|18|621180|NA|0
"160010023022"|0|3|0|0|0|0|0|3|3|1|0|2|3|0|0|NA|NA|NA|NA|NA|16|0|18|621180|NA|0
"160010023121"|0|1|0|0|0|0|0|1|1|0|0|1|1|0|0|NA|NA|NA|NA|NA|0|0|0|0|NA|0
"160010024122"|0|1|0|0|0|0|0|1|1|1|0|0|1|0|0|11970|11970|NA|NA|6800|15|4|12|575300|47941.6666666667|0
"160010102231"|0|1|0|0|0|0|0|1|1|0|0|1|1|0|0|NA|NA|NA|NA|NA|0|0|0|0|NA|0
"160010102232"|0|1|0|0|0|0|0|1|1|0|0|1|1|0|0|NA|NA|NA|NA|NA|0|0|0|0|NA|0
"160050003003"|0|1|0|0|0|0|0|1|1|0|0|1|1|0|0|NA|NA|NA|NA|NA|0|0|0|0|NA|0
"160050006002"|0|1|1|0|0|0|0|1|1|1|0|0|0|0|1|5645|21165|7601|23121|7207|1092|276|1186|84216620|71008.9544688027|0
"160050007003"|0|1|1|0|0|0|0|1|1|1|0|0|0|0|1|5645|21165|7601|23121|7207|1092|276|1186|84216620|71008.9544688027|0
"160119505002"|0|1|0|0|0|0|0|1|1|0|0|1|1|0|0|NA|NA|NA|NA|NA|0|0|0|0|NA|0
"160199705011"|0|1|0|0|0|0|0|1|1|1|1|0|0|1|0|4096|6192|NA|NA|NA|101|46|114|6400202|56142.1228070175|0
"160199706022"|0|1|0|0|0|0|0|1|1|1|1|0|0|1|0|4096|6192|NA|NA|NA|101|46|114|6400202|56142.1228070175|0
"160199706023"|0|2|0|0|0|0|0|2|2|1|1|1|1|1|0|NA|NA|NA|NA|NA|101|46|114|6400202|NA|0
"160199710006"|0|1|0|0|0|0|0|1|1|1|0|0|1|0|0|18021|18021|NA|NA|NA|9|0|10|636916|63691.6|0
"160199714001"|0|1|0|0|0|0|0|1|1|1|0|0|1|0|0|18021|18021|NA|NA|NA|9|0|10|636916|63691.6|0
"160270204022"|0|1|0|0|0|0|0|1|1|0|0|1|1|0|0|NA|NA|NA|NA|NA|0|0|0|0|NA|0
"160270204023"|0|2|1|0|0|0|0|2|2|1|0|1|1|1|0|NA|NA|NA|NA|NA|174|92|190|11278356|NA|0
"160270204024"|0|1|1|0|0|0|0|1|1|1|0|0|0|1|0|29300|29300|10035|10035|7250|174|92|190|11278356|59359.7684210526|0
"160270205041"|0|1|1|0|0|0|0|1|1|1|0|0|0|1|0|29300|29300|10035|10035|7250|174|92|190|11278356|59359.7684210526|0
"160270205042"|0|1|1|0|0|0|0|1|1|1|0|0|0|1|0|29300|29300|10035|10035|7250|174|92|190|11278356|59359.7684210526|0
"160270210021"|0|1|0|0|0|0|0|1|1|0|0|1|1|0|0|NA|NA|NA|NA|NA|0|0|0|0|NA|0
"160270211002"|0|1|0|0|0|0|0|1|1|1|1|0|0|0|1|3400|7344|NA|NA|NA|298|116|316|17016698|53850.3101265823|0
"160270215004"|0|1|1|0|0|0|0|1|1|1|0|0|1|0|0|29400|29400|17760|17760|9794|140|53|160|10191996|63699.975|0
"160270215005"|0|1|1|0|0|0|0|1|1|1|0|0|1|0|0|29400|29400|17760|17760|9794|140|53|160|10191996|63699.975|0
"160319504001"|0|1|0|0|0|0|0|1|1|0|0|1|1|0|0|NA|NA|NA|NA|NA|0|0|0|0|NA|0
"160539704002"|0|1|0|0|0|0|0|1|1|0|0|1|1|0|0|NA|NA|NA|NA|NA|0|0|0|0|NA|0
"160539704003"|0|1|0|0|0|0|0|1|1|0|0|1|1|0|0|NA|NA|NA|NA|NA|0|0|0|0|NA|0
"160550006012"|0|0|0|0|0|0|0|1|0|0|0|0|0|0|0|NA|NA|NA|NA|NA|0|0|0|0|NA|0
"160550009001"|0|1|0|0|0|0|0|1|1|0|0|1|1|0|0|NA|NA|NA|NA|NA|0|0|0|0|NA|0
"160550009002"|0|1|0|0|0|0|0|1|1|0|0|1|1|0|0|NA|NA|NA|NA|NA|0|0|0|0|NA|0
"160550014002"|0|1|0|0|0|0|0|1|1|1|1|0|0|1|0|3916|7692|NA|NA|7500|362|114|314|18871492|60100.2929936306|0
"160550016002"|0|1|0|0|0|0|0|1|1|1|1|0|0|1|0|3916|7692|NA|NA|7500|362|114|314|18871492|60100.2929936306|0
"160570051003"|0|1|1|0|0|0|0|1|0|1|0|0|1|0|0|12800|12800|7600|7600|NA|0|0|0|0|NA|0
"160570051004"|0|1|1|0|0|0|0|1|0|1|0|0|1|0|0|12800|12800|7600|7600|NA|0|0|0|0|NA|0
"160570051005"|0|2|2|0|0|1|0|2|1|2|0|0|1|0|1|18578|36214|14866|32502|NA|1908|529|1198|102410560|NA|0
"160570053003"|0|2|1|0|0|1|0|2|2|1|0|1|1|0|1|NA|NA|NA|NA|NA|1908|529|1198|102410560|NA|0
"160570053004"|0|1|1|0|0|1|0|1|1|1|0|0|0|0|1|5778|23414|7266|24902|8880|1908|529|1198|102410560|85484.6076794658|0
"160570054003"|0|1|1|0|0|1|0|1|1|1|0|0|0|0|1|5778|23414|7266|24902|8880|1908|529|1198|102410560|85484.6076794658|0
"160659503013"|0|1|0|0|0|0|0|1|1|1|0|0|0|0|1|4118|4118|NA|NA|4172|728|247|1152|111458556|96752.21875|0
"160659503022"|0|3|0|0|0|0|0|3|3|0|0|3|3|0|0|NA|NA|NA|NA|NA|0|0|0|0|NA|0
"160699400004"|0|1|0|0|0|0|0|1|1|0|0|1|1|0|0|NA|NA|NA|NA|NA|0|0|0|0|NA|0
"160699603002"|0|1|0|0|0|0|0|1|1|0|0|1|1|0|0|NA|NA|NA|NA|NA|0|0|0|0|NA|0
"160699603003"|0|1|0|0|0|0|0|1|1|0|0|1|1|0|0|NA|NA|NA|NA|NA|0|0|0|0|NA|0
"160699604003"|0|1|0|0|0|0|0|1|1|1|0|0|0|1|0|6618|19236|NA|NA|6750|244|105|370|21448778|57969.6702702703|0
"160699604004"|0|2|0|0|0|0|0|2|2|0|0|2|2|0|0|NA|NA|NA|NA|NA|0|0|0|0|NA|0
"160830007001"|0|1|0|0|0|0|0|1|1|0|0|1|1|0|0|NA|NA|NA|NA|NA|0|0|0|0|NA|0
"160830008004"|0|1|0|0|0|0|0|1|1|1|1|0|0|1|0|4560|6840|NA|NA|5300|424|121|272|15505636|57006.0147058823|0
"160830009001"|0|1|0|0|0|0|0|1|1|0|0|1|1|0|0|NA|NA|NA|NA|NA|0|0|0|0|NA|0
"160830010004"|0|1|0|0|0|0|0|1|1|0|0|1|1|0|0|NA|NA|NA|NA|NA|0|0|0|0|NA|0
"160830011003"|0|1|0|0|0|0|0|1|1|0|0|1|1|0|0|NA|NA|NA|NA|NA|0|0|0|0|NA|0
"170010001001"|0|1|0|0|0|0|0|1|1|1|1|0|1|0|0|11537|11537|NA|NA|NA|0|0|0|0|NA|0
"170010002021"|0|1|1|0|0|0|0|1|1|1|0|0|0|1|0|27296|27296|10800|10800|10500|100|49|96|4816180|50168.5416666667|0
"170010005002"|0|2|1|0|1|0|0|2|2|1|0|1|2|0|0|NA|NA|NA|NA|NA|19|5|62|4026390|NA|0
"170010006003"|0|1|0|0|0|0|0|1|1|0|0|1|1|0|0|NA|NA|NA|NA|NA|0|0|0|0|NA|0
"170010008001"|0|1|0|0|0|0|0|1|1|0|0|1|1|0|0|NA|NA|NA|NA|NA|0|0|0|0|NA|0
"170010104001"|0|1|0|0|0|0|0|1|1|1|1|0|1|0|0|11537|11537|NA|NA|NA|0|0|0|0|NA|0
"170010106001"|0|1|0|0|0|0|0|1|1|1|1|0|0|1|0|7560|7560|NA|NA|NA|111|47|94|5491908|58424.5531914894|0
"170010106005"|0|1|0|0|0|0|0|1|1|1|1|0|0|1|0|7560|7560|NA|NA|NA|111|47|94|5491908|58424.5531914894|0
"170059513001"|0|1|1|0|0|0|0|1|1|1|0|0|0|1|0|26778|26778|8082|8082|9370|113|70|130|7033858|54106.6|0
"170059513003"|0|1|1|0|0|0|0|1|1|1|0|0|0|1|0|26778|26778|8082|8082|9370|113|70|130|7033858|54106.6|0
"170190003012"|0|1|1|0|0|0|0|1|1|0|0|0|0|0|0|NA|NA|NA|NA|NA|833|156|0|0|NA|0
"170190004011"|0|1|1|0|0|0|0|1|1|0|0|0|0|0|0|NA|NA|NA|NA|NA|833|156|0|0|NA|0
"170190009022"|0|1|0|0|0|0|0|1|1|1|1|0|0|1|0|10485|15255|NA|NA|NA|266|102|318|24540850|77172.4842767296|0
"170190014001"|0|1|1|0|0|1|0|1|1|1|0|0|0|0|1|14223|32339|15068|28221|11308|8341|1730|4576|526284574|115009.740821678|0
"170190053001"|0|1|0|0|0|0|0|1|1|0|0|1|1|0|0|NA|NA|NA|NA|NA|0|0|0|0|NA|0
"170190054012"|0|1|0|0|0|0|0|1|1|0|0|1|1|0|0|NA|NA|NA|NA|NA|0|0|0|0|NA|0
"170190054013"|0|1|0|0|0|0|0|1|1|0|0|1|1|0|0|NA|NA|NA|NA|NA|0|0|0|0|NA|0
"170190059002"|0|2|2|0|0|1|0|2|2|1|0|0|0|0|1|NA|NA|NA|NA|NA|9174|1886|4576|526284574|NA|0
"170190059003"|0|1|1|0|0|0|0|1|1|0|0|0|0|0|0|NA|NA|NA|NA|NA|833|156|0|0|NA|0
"170190106041"|0|1|0|0|0|0|0|1|1|1|1|0|0|1|0|10485|15255|NA|NA|NA|266|102|318|24540850|77172.4842767296|0
"170279005001"|0|1|0|0|0|0|0|1|1|1|1|0|0|1|0|7050|11850|NA|NA|NA|99|26|130|10231516|78703.9692307692|0
"170290002003"|0|1|0|0|0|0|0|1|1|1|1|0|0|1|0|6989|12791|NA|NA|NA|164|55|208|12019636|57786.7115384615|0
"170290002004"|0|1|0|0|0|0|0|1|1|1|1|0|0|1|0|6989|12791|NA|NA|NA|164|55|208|12019636|57786.7115384615|0
"170290008002"|0|1|1|0|0|0|0|1|1|1|0|0|0|1|0|8726|11091|7176|17232|9882|700|266|762|58936224|77344.125984252|0
"170310104003"|0|1|1|0|0|1|0|1|1|1|0|0|0|0|1|42690|42690|18594|18594|14480|1180|276|1680|170056776|101224.271428571|0
"170310105031"|0|1|0|0|0|0|0|1|1|0|0|1|1|0|0|NA|NA|NA|NA|NA|0|0|0|0|NA|0
"170310206022"|0|1|0|0|0|0|0|1|1|0|0|1|1|0|0|NA|NA|NA|NA|NA|0|0|0|0|NA|0
"170310311002"|0|1|0|0|0|0|0|1|1|1|0|0|0|1|0|11400|11400|NA|NA|NA|64|14|50|2564628|51292.56|0
"170310314005"|0|1|1|0|0|0|0|1|0|1|0|0|1|0|0|7500|7500|4500|4500|NA|8|0|8|582530|72816.25|0
"170310629003"|0|1|0|0|0|0|0|1|1|0|0|1|1|0|0|NA|NA|NA|NA|NA|0|0|0|0|NA|0
"170310634001"|0|1|0|0|0|0|0|1|1|0|0|1|1|0|0|NA|NA|NA|NA|NA|0|0|0|0|NA|0
"170310804002"|0|1|0|0|0|0|0|1|0|0|0|0|0|0|0|NA|NA|NA|NA|NA|0|0|0|0|NA|0
"170310810005"|0|1|1|0|0|0|0|1|1|1|0|0|0|1|0|10880|10880|7740|7740|10360|317|70|146|10507198|71967.1095890411|0
"170310817002"|0|0|2|0|0|0|0|2|2|2|0|0|1|1|0|NA|NA|42413|42413|NA|290|104|222|19911740|181045.923340961|0
"170310818002"|0|1|0|0|0|0|0|1|1|1|1|0|1|0|0|NA|NA|NA|NA|NA|12|1|14|786000|56142.8571428571|0
"170310818003"|0|1|0|0|0|0|0|1|1|1|0|0|1|0|0|17388|17388|NA|NA|NA|0|0|0|0|NA|0
"170311006003"|0|1|0|0|0|0|0|1|1|0|0|1|1|0|0|NA|NA|NA|NA|NA|0|0|0|0|NA|0
"170311105021"|0|1|0|0|0|0|0|1|0|0|0|0|0|0|0|NA|NA|NA|NA|NA|0|0|0|0|NA|0
"170311403023"|0|2|2|0|0|0|0|2|2|2|0|0|1|1|0|22422|31346|15273|22548|NA|687|153|612|43789972|113800.031533684|0
"170311701001"|0|1|0|0|0|0|0|1|1|1|1|0|0|1|0|9216|11544|NA|NA|NA|175|56|186|15492112|83290.9247311828|0
"170312412002"|0|1|1|0|0|0|0|1|1|1|0|0|1|0|0|25810|25810|10608|10608|NA|50|2|110|10056120|91419.2727272727|0
"170312415003"|0|1|0|0|0|0|0|1|1|0|0|1|1|0|0|NA|NA|NA|NA|NA|0|0|0|0|NA|0
"170313201001"|0|2|0|0|0|0|0|2|2|1|1|1|2|0|0|NA|NA|NA|NA|NA|24|3|26|1470718|NA|0
"170313201002"|0|5|2|0|0|0|0|5|5|4|2|0|3|1|0|NA|NA|NA|NA|NA|428|126|224|17762866|NA|0
"170313204001"|0|10|6|0|0|0|0|11|11|9|2|2|6|4|1|NA|NA|NA|NA|NA|2839|903|3056|276658818|NA|0
"170313206002"|0|3|4|0|0|0|0|5|4|4|0|0|3|1|0|NA|NA|NA|NA|NA|614|225|580|44492356|NA|0
"170314106002"|0|0|2|0|0|0|0|2|2|2|0|0|2|0|0|NA|NA|26190|26190|NA|65|24|50|3934918|156538.724358974|0
"170314109002"|0|0|1|0|0|0|0|1|1|1|0|0|1|0|0|NA|NA|21960|21960|NA|47|17|56|3464276|61862.0714285714|0
"170314202001"|0|0|3|0|0|0|0|3|2|3|0|0|3|0|0|NA|NA|68215|68215|NA|73|14|52|6079764|329463.709090909|0
"170314905001"|0|1|1|0|0|0|0|1|1|1|0|0|0|1|0|7056|14016|5850|11340|8724|423|91|384|27442790|71465.5989583333|0
"170315001004"|0|1|0|0|0|0|0|1|1|1|1|0|0|1|0|9216|11544|NA|NA|NA|137|45|92|7592904|82531.5652173913|0
"170315702001"|0|1|0|0|0|0|0|1|1|0|0|1|1|0|0|NA|NA|NA|NA|NA|0|0|0|0|NA|0
"170315805023"|0|1|0|0|0|0|0|1|1|0|0|1|1|0|0|NA|NA|NA|NA|NA|0|0|0|0|NA|0
"170316103001"|0|1|0|0|0|0|0|1|1|0|0|1|1|0|0|NA|NA|NA|NA|NA|0|0|0|0|NA|0
"170316505003"|0|1|0|0|0|0|0|1|1|1|1|0|0|1|0|9216|11544|NA|NA|NA|144|40|106|8554104|80699.0943396226|0
"170316809004"|0|1|0|0|0|0|0|1|1|1|1|0|0|1|0|9216|11544|NA|NA|NA|155|43|130|9879896|75999.2|0
"170317307001"|0|1|0|0|0|0|0|1|1|0|0|1|1|0|0|NA|NA|NA|NA|NA|0|0|0|0|NA|0
"170317402001"|0|1|1|0|0|0|0|1|1|1|0|0|0|1|0|32800|32800|16000|16000|11340|276|118|280|18373956|65621.2714285714|0
"170317702022"|0|1|1|0|0|0|0|1|1|1|0|0|1|0|0|9552|9552|16752|16752|NA|5|0|0|0|NA|0
"170318020022"|0|1|0|0|0|0|0|1|1|0|0|1|0|0|0|5000|5000|NA|NA|NA|0|0|0|0|NA|0
"170318023001"|0|1|0|0|0|0|0|1|1|0|0|1|0|0|0|5000|5000|NA|NA|NA|0|0|0|0|NA|0
"170318024021"|0|1|0|0|0|0|0|1|1|1|1|0|1|0|0|20950|20950|NA|NA|NA|6|2|4|228000|57000|0
"170318028022"|0|1|0|0|0|0|0|1|1|0|0|0|1|0|0|NA|NA|NA|NA|NA|0|0|0|0|NA|0
"170318041023"|0|1|0|0|0|0|0|1|1|1|1|0|0|0|1|9282|11094|NA|NA|NA|516|183|410|35802306|87322.6975609756|0
"170318042012"|0|1|0|0|0|0|0|1|1|1|0|0|1|0|0|NA|NA|NA|NA|NA|14|0|20|1270000|63500|0
"170318046032"|0|1|1|0|0|0|0|1|1|1|0|0|1|0|0|9552|9552|16752|16752|NA|5|0|0|0|NA|0
"170318046033"|0|2|1|0|0|0|0|2|2|2|0|0|2|0|0|30732|30732|NA|NA|NA|0|0|0|0|NA|0
"170318046093"|0|1|1|0|0|0|0|1|1|1|0|0|0|1|0|11196|11196|20361|20361|NA|546|21|102|7022088|68844|0
"170318047142"|0|1|0|0|0|0|0|1|1|0|0|1|1|0|0|NA|NA|NA|NA|NA|0|0|0|0|NA|0
"170318051053"|0|1|0|0|0|0|0|1|0|0|0|1|1|0|0|NA|NA|NA|NA|NA|0|0|0|0|NA|0
"170318054024"|0|1|0|0|0|0|0|1|1|0|0|1|1|0|0|NA|NA|NA|NA|NA|0|0|0|0|NA|0
"170318061042"|0|1|0|0|0|0|0|1|1|1|1|0|0|1|0|10276|12292|NA|NA|NA|324|128|302|27367648|90621.3509933775|0
"170318069001"|0|2|0|0|0|0|0|2|2|0|0|2|2|0|0|NA|NA|NA|NA|NA|0|0|0|0|NA|0
"170318078001"|0|1|1|0|0|0|0|1|1|1|0|0|1|0|0|12570|12570|5400|5400|12380|31|5|28|1111024|39679.4285714286|0
"170318087021"|0|1|1|0|0|1|0|1|1|1|0|0|0|0|1|54120|54120|54120|54120|16626|5767|1343|2994|463162744|154696.975283901|0
"170318087022"|0|0|1|0|0|0|0|1|1|1|0|0|1|0|0|NA|NA|20385|20385|NA|43|16|46|4042086|87871.4347826087|0
"170318088002"|0|0|1|0|0|0|0|1|1|0|0|1|1|0|0|NA|NA|16546|16546|NA|0|0|0|0|NA|0
"170318094003"|0|1|1|0|0|0|0|1|1|1|0|0|1|0|0|15795|15795|17375|17375|NA|5|3|2|83930|41965|0
"170318108002"|0|1|0|0|0|0|0|1|1|0|0|1|1|0|0|NA|NA|NA|NA|NA|0|0|0|0|NA|0
"170318112003"|0|1|0|0|0|0|0|1|1|1|1|0|0|0|1|9616|12059|NA|NA|NA|290|90|198|14526554|73366.4343434343|0
"170318119002"|0|1|1|0|0|0|0|1|1|1|0|0|0|1|0|31146|31146|8910|8910|9748|249|140|680|28830642|42398.0029411765|0
"170318119004"|0|1|1|0|0|0|0|1|1|1|0|0|0|1|0|32964|32964|20176|20176|10241|243|92|316|23335460|73846.3924050633|0
"170318139001"|0|1|0|0|0|0|0|1|1|0|0|1|1|0|0|NA|NA|NA|NA|NA|0|0|0|0|NA|0
"170318144003"|0|1|0|0|0|0|0|1|1|1|1|0|0|1|0|7168|9216|NA|NA|NA|124|59|126|9873294|78359.4761904762|0
"170318162001"|0|1|0|0|0|0|0|1|1|1|1|0|1|0|0|NA|NA|NA|NA|NA|32|9|62|3786128|61066.5806451613|0
"170318166001"|0|1|0|0|0|0|0|1|1|0|0|1|1|0|0|NA|NA|NA|NA|NA|0|0|0|0|NA|0
"170318205024"|0|1|0|0|0|0|0|1|1|0|0|1|1|0|0|NA|NA|NA|NA|NA|0|0|0|0|NA|0
"170318209011"|0|2|0|0|0|0|0|2|2|2|1|0|2|0|0|33500|33500|NA|NA|NA|77|16|98|6777582|135917.259649123|0
"170318212002"|0|1|0|0|0|0|0|1|1|0|0|1|1|0|0|NA|NA|NA|NA|NA|0|0|0|0|NA|0
"170318221014"|0|1|0|0|0|0|0|1|1|0|0|1|1|0|0|NA|NA|NA|NA|NA|0|0|0|0|NA|0
"170318236051"|0|1|1|0|0|0|0|1|1|1|0|0|0|1|0|29700|29700|17012|17012|9790|103|33|140|8904470|63603.3571428571|0
"170318238031"|0|1|0|0|0|0|0|1|1|0|0|1|1|0|0|NA|NA|NA|NA|NA|0|0|0|0|NA|0
"170318238033"|0|1|0|0|0|0|0|1|1|1|1|0|0|0|1|9030|10590|NA|NA|NA|409|167|380|27636512|72727.6631578947|0
"170318245052"|0|1|0|0|0|0|0|1|1|0|0|1|1|0|0|NA|NA|NA|NA|NA|0|0|0|0|NA|0
"170318246025"|0|1|0|0|0|0|0|1|1|0|0|1|1|0|0|NA|NA|NA|NA|NA|0|0|0|0|NA|0
"170318259002"|0|1|0|0|0|0|0|1|1|0|0|1|1|0|0|NA|NA|NA|NA|NA|0|0|0|0|NA|0
"170318260002"|0|1|0|0|0|0|0|1|1|0|0|1|1|0|0|NA|NA|NA|NA|NA|0|0|0|0|NA|0
"170318272003"|0|1|0|0|0|0|0|1|1|1|1|0|0|1|0|10500|12150|NA|NA|NA|237|95|158|10958570|69358.0379746835|0
"170318289001"|0|1|0|0|0|0|0|1|1|1|1|0|0|1|0|8610|10332|NA|NA|NA|175|78|160|11621270|72632.9375|0
"170318300061"|0|1|0|0|0|0|0|1|1|0|0|1|1|0|0|NA|NA|NA|NA|NA|0|0|0|0|NA|0
"170318302013"|0|1|0|0|0|0|0|1|1|0|0|1|1|0|0|NA|NA|NA|NA|NA|0|0|0|0|NA|0
"170318307004"|0|1|0|0|0|0|0|1|1|1|1|0|0|1|0|9216|11544|NA|NA|NA|179|54|128|10106316|78955.59375|0
"170318318004"|0|1|1|0|0|0|0|1|1|1|0|0|0|1|0|29190|29190|13932|13932|9445|222|89|246|17242648|70092.0650406504|0
"170318318005"|0|2|2|0|0|0|0|2|2|2|0|0|1|1|0|22422|31346|15273|22548|NA|687|153|612|43789972|113800.031533684|0
"170318339002"|0|1|0|0|0|0|0|1|1|0|0|1|1|0|0|NA|NA|NA|NA|NA|0|0|0|0|NA|0
"170318362001"|0|1|1|0|0|1|0|1|1|1|0|0|0|0|1|55425|55425|57759|57759|16350|7136|1116|2798|485919894|173666.867047891|0
"170318381001"|0|1|0|0|0|0|0|1|1|1|1|0|0|1|0|9216|11544|NA|NA|NA|192|46|218|17688716|81140.8990825688|0
"170318381002"|0|2|1|0|1|1|0|2|2|2|1|0|0|2|0|39384|41712|NA|NA|NA|492|93|698|87085822|225718.203249235|0
"170318381003"|0|1|1|0|1|1|0|1|1|1|0|0|0|1|0|30168|30168|36788|36788|NA|300|47|480|69397106|144577.304166667|0
"170318391001"|0|2|2|0|0|0|0|4|3|4|1|0|3|1|0|NA|NA|NA|NA|NA|286|80|262|29102386|NA|0
"170318391002"|0|1|0|0|0|0|0|1|1|0|0|1|1|0|0|NA|NA|NA|NA|NA|0|0|0|0|NA|0
"170318419001"|0|1|1|0|1|1|0|1|1|1|0|0|0|0|1|11913|23510|13612|23299|12074|4177|965|3246|350529020|107987.991373999|0
"170318419002"|0|1|0|0|0|0|0|1|1|0|0|1|1|0|0|NA|NA|NA|NA|NA|0|0|0|0|NA|0
"170318420001"|0|0|1|0|0|0|0|1|1|1|0|0|1|0|0|NA|NA|NA|NA|NA|138|50|104|10956650|105352.403846154|0
"170318420002"|0|2|2|0|0|0|0|2|2|2|0|0|1|1|0|72205|72205|35808|35808|NA|680|140|842|97994322|173625.768338727|0
"170318422001"|0|1|0|0|0|0|0|1|0|0|0|0|0|0|0|NA|NA|NA|NA|NA|0|0|0|0|NA|0
"170318437001"|0|1|1|0|0|0|0|1|1|1|0|0|0|0|1|14498|14498|16852|16852|NA|592|28|106|10272054|96906.1698113208|0
"170338803001"|0|1|0|0|0|0|0|1|1|1|1|0|1|0|0|8589|10580|NA|NA|NA|29|14|26|1462366|56244.8461538462|0
"170338804001"|0|1|0|0|0|0|0|1|1|1|1|0|1|0|0|8589|10580|NA|NA|NA|29|14|26|1462366|56244.8461538462|0
"170338804003"|0|1|0|0|0|0|0|1|1|1|1|0|1|0|0|8589|10580|NA|NA|NA|29|14|26|1462366|56244.8461538462|0
"170338805003"|0|1|0|0|0|0|0|1|1|1|1|0|1|0|0|8589|10580|NA|NA|NA|29|14|26|1462366|56244.8461538462|0
"170370003002"|0|1|0|0|0|0|0|1|1|1|1|0|0|1|0|8520|12780|NA|NA|NA|146|69|128|7960982|62195.171875|0
"170370008003"|0|1|0|0|0|0|0|1|1|0|0|1|1|0|0|NA|NA|NA|NA|NA|0|0|0|0|NA|0
"170370013001"|0|1|0|0|0|0|0|1|1|0|0|1|1|0|0|NA|NA|NA|NA|NA|0|0|0|0|NA|0
"170370013002"|0|1|0|0|0|0|0|1|1|0|0|1|1|0|0|NA|NA|NA|NA|NA|0|0|0|0|NA|0
"170370013005"|0|1|0|0|0|0|0|1|1|0|0|1|1|0|0|NA|NA|NA|NA|NA|0|0|0|0|NA|0
"170370013006"|0|1|0|0|0|0|0|1|1|0|0|1|1|0|0|NA|NA|NA|NA|NA|0|0|0|0|NA|0
"170370015003"|0|1|0|0|0|0|0|1|1|0|0|1|1|0|0|NA|NA|NA|NA|NA|0|0|0|0|NA|0
"170370022001"|0|1|1|0|0|0|0|1|1|1|0|0|0|0|1|9466|9466|11904|11904|10880|2070|631|1660|128535314|77430.9120481928|0
"170370022002"|0|1|1|0|0|0|0|1|1|1|0|0|0|0|1|9466|9466|11904|11904|10880|2070|631|1660|128535314|77430.9120481928|0
"170438409061"|0|1|1|0|0|0|0|1|1|1|0|0|0|0|1|18890|18890|13000|13000|NA|258|20|232|21359940|92068.7068965517|0
"170438409101"|0|1|0|0|0|0|0|1|1|0|0|1|1|0|0|NA|NA|NA|NA|NA|0|0|0|0|NA|0
"170438409104"|0|1|0|0|0|0|0|1|1|0|0|1|1|0|0|NA|NA|NA|NA|NA|0|0|0|0|NA|0
"170438411081"|0|1|0|0|0|0|0|1|1|0|0|1|1|0|0|NA|NA|NA|NA|NA|0|0|0|0|NA|0
"170438411112"|0|1|0|0|0|0|0|1|1|0|0|1|1|0|0|NA|NA|NA|NA|NA|0|0|0|0|NA|0
"170438413151"|0|1|0|0|0|0|0|1|1|0|0|1|1|0|0|NA|NA|NA|NA|NA|0|0|0|0|NA|0
"170438413202"|0|1|0|0|0|0|0|1|1|0|0|1|1|0|0|NA|NA|NA|NA|NA|0|0|0|0|NA|0
"170438419022"|0|1|1|0|0|0|0|1|1|1|0|0|0|1|0|36420|36420|20400|20400|10180|515|156|448|37430004|83549.1160714286|0
"170438419023"|0|1|1|0|0|0|0|1|1|1|0|0|0|1|0|36420|36420|20400|20400|10180|515|156|448|37430004|83549.1160714286|0
"170438426012"|0|1|1|0|0|0|0|1|1|0|0|0|0|0|0|NA|NA|NA|NA|NA|205|8|0|0|NA|0
"170438427063"|0|0|1|0|0|0|0|1|1|1|0|0|1|0|0|NA|NA|13635|13635|NA|12|2|10|784162|78416.2|0
"170438427101"|0|1|0|0|0|0|0|1|1|1|1|0|0|0|1|8704|10804|NA|NA|NA|662|270|556|56270296|101205.568345324|0
"170438427103"|0|1|0|0|0|0|0|1|1|1|1|0|0|0|1|8704|10804|NA|NA|NA|662|270|556|56270296|101205.568345324|0
"170438427111"|0|1|0|0|0|0|0|1|1|0|0|1|1|0|0|NA|NA|NA|NA|NA|0|0|0|0|NA|0
"170438429003"|0|1|1|0|0|0|0|1|1|1|0|0|0|1|0|36755|36755|31170|31170|10366|252|122|314|22705424|72310.2675159236|0
"170438433013"|0|1|0|0|0|0|0|1|1|0|0|1|1|0|0|NA|NA|NA|NA|NA|0|0|0|0|NA|0
"170438442011"|0|1|1|0|0|0|0|1|1|1|0|0|1|0|0|18172|18172|20170|20170|NA|93|28|128|8413526|65730.671875|0
"170438443012"|0|1|0|0|0|0|0|1|1|0|0|1|1|0|0|NA|NA|NA|NA|NA|0|0|0|0|NA|0
"170438443014"|0|1|0|0|0|0|0|1|1|0|0|1|1|0|0|NA|NA|NA|NA|NA|0|0|0|0|NA|0
"170438443063"|0|1|0|0|0|0|0|1|1|0|0|1|1|0|0|NA|NA|NA|NA|NA|0|0|0|0|NA|0
"170438444012"|0|2|1|0|0|0|0|2|2|0|0|1|1|0|0|NA|NA|NA|NA|NA|543|16|0|0|NA|0
"170438444013"|0|0|1|0|0|0|0|1|1|1|0|0|1|0|0|NA|NA|13635|13635|NA|12|2|10|784162|78416.2|0
"170438444021"|0|1|0|0|0|0|0|1|1|0|0|1|1|0|0|NA|NA|NA|NA|NA|0|0|0|0|NA|0
"170438444022"|0|0|1|0|1|1|0|1|1|1|0|0|0|1|0|NA|NA|43204|43204|NA|370|90|314|42961352|136819.592356688|0
"170438445011"|0|1|0|0|0|0|0|1|1|0|0|1|1|0|0|NA|NA|NA|NA|NA|0|0|0|0|NA|0
"170438445023"|0|1|0|0|0|0|0|1|1|0|0|1|1|0|0|NA|NA|NA|NA|NA|0|0|0|0|NA|0
"170438446011"|0|1|0|0|0|0|0|1|1|0|0|1|1|0|0|NA|NA|NA|NA|NA|0|0|0|0|NA|0
"170438446012"|0|1|0|0|0|0|0|1|1|0|0|1|1|0|0|NA|NA|NA|NA|NA|0|0|0|0|NA|0
"170438448022"|0|0|1|0|0|0|0|1|1|1|0|0|1|0|0|NA|NA|13635|13635|NA|12|2|10|784162|78416.2|0
"170438449023"|0|1|0|0|0|0|0|1|1|0|0|1|1|0|0|NA|NA|NA|NA|NA|0|0|0|0|NA|0
"170438450004"|0|1|0|0|0|0|0|1|1|0|0|1|1|0|0|NA|NA|NA|NA|NA|0|0|0|0|NA|0
"170438456021"|0|1|0|0|0|0|0|1|1|0|0|1|1|0|0|NA|NA|NA|NA|NA|0|0|0|0|NA|0
"170438458112"|0|1|0|0|0|0|0|1|1|0|0|1|1|0|0|NA|NA|NA|NA|NA|0|0|0|0|NA|0
"170438459021"|0|1|0|0|0|0|0|1|1|0|0|1|1|0|0|NA|NA|NA|NA|NA|0|0|0|0|NA|0
"170438460022"|0|0|1|0|0|0|0|1|1|1|0|0|1|0|0|NA|NA|13635|13635|NA|12|2|10|784162|78416.2|0
"170438460023"|0|0|1|0|0|0|0|1|1|1|0|0|1|0|0|NA|NA|13635|13635|NA|12|2|10|784162|78416.2|0
"170438461021"|0|1|0|0|0|0|0|1|1|0|0|1|1|0|0|NA|NA|NA|NA|NA|0|0|0|0|NA|0
"170438461033"|0|1|1|0|0|0|0|1|1|1|0|0|0|1|0|38700|38700|15372|15372|11019|292|102|298|22255782|74683.8322147651|0
"170438461061"|0|1|1|0|0|0|0|1|1|0|0|0|0|0|0|NA|NA|NA|NA|NA|205|8|0|0|NA|0
"170438462023"|0|1|1|0|0|0|0|1|1|1|0|0|0|1|0|31225|31225|17883|17883|11126|301|105|300|23541902|78473.0066666667|0
"170438464052"|0|1|1|0|0|0|0|1|1|0|0|0|0|0|0|NA|NA|NA|NA|NA|205|8|0|0|NA|0
"170579533002"|0|1|0|0|0|0|0|1|1|0|0|1|1|0|0|10501|10501|NA|NA|6877|0|0|0|0|NA|0
"170579534002"|0|1|0|0|0|0|0|1|1|0|0|1|1|0|0|NA|NA|NA|NA|NA|0|0|0|0|NA|0
"170579535002"|0|1|0|0|0|0|0|1|1|0|0|1|1|0|0|10501|10501|NA|NA|6877|0|0|0|0|NA|0
"170579535003"|0|1|0|0|0|0|0|1|1|1|1|0|0|1|0|9540|10620|NA|NA|NA|74|37|64|3731234|58300.53125|0
"170770111001"|0|2|2|0|1|1|0|2|2|1|0|0|0|0|1|NA|NA|NA|NA|NA|1906|638|1272|89619354|NA|0
"170770117002"|0|2|2|0|1|1|0|2|2|1|0|0|0|0|1|NA|NA|NA|NA|NA|1906|638|1272|89619354|NA|0
"170810504003"|0|1|0|0|0|0|0|1|1|1|1|0|0|1|0|5250|6000|NA|NA|NA|113|37|118|7646540|64801.186440678|0
"170830103003"|0|1|0|0|0|0|0|1|0|1|0|0|1|0|0|28770|28770|NA|NA|11610|232|63|142|9914368|69819.4929577465|0
"170898505003"|0|2|1|0|0|0|0|2|1|1|0|1|1|1|0|NA|NA|NA|NA|NA|88|28|114|6925590|NA|0
"170898507013"|0|1|0|0|0|0|0|1|1|0|0|1|1|0|0|NA|NA|NA|NA|NA|0|0|0|0|NA|0
"170898508006"|0|1|1|0|0|0|0|1|1|1|0|0|0|1|0|28834|28834|27000|27000|9988|88|28|114|6925590|60750.7894736842|0
"170898510003"|0|1|1|0|0|0|0|1|1|1|0|0|0|1|0|28834|28834|27000|27000|9988|88|28|114|6925590|60750.7894736842|0
"170898513012"|0|1|0|0|0|0|0|1|0|0|0|1|1|0|0|NA|NA|NA|NA|NA|0|0|0|0|NA|0
"170898514004"|0|1|0|0|0|0|0|1|0|0|0|1|1|0|0|NA|NA|NA|NA|NA|0|0|0|0|NA|0
"170898514006"|0|1|0|0|0|0|0|1|0|0|0|1|1|0|0|NA|NA|NA|NA|NA|0|0|0|0|NA|0
"170898515001"|0|1|0|0|0|0|0|1|0|0|0|1|1|0|0|NA|NA|NA|NA|NA|0|0|0|0|NA|0
"170898519051"|0|1|0|0|0|0|0|1|1|0|0|1|1|0|0|NA|NA|NA|NA|NA|0|0|0|0|NA|0
"170898519081"|0|1|0|0|0|0|0|1|1|1|1|0|0|1|0|10728|11947|NA|NA|NA|332|109|244|24175362|99079.3524590164|0
"170898539003"|0|1|1|0|0|0|0|1|1|1|0|0|0|1|0|24000|24000|12600|12600|9862|278|118|282|21113398|74870.2056737589|0
"170898545041"|0|1|0|0|0|0|0|1|1|1|1|0|0|1|0|8142|8844|NA|NA|NA|322|147|204|17893064|87711.0980392157|0
"170910107011"|0|1|0|0|0|0|0|1|1|0|0|1|1|0|0|NA|NA|NA|NA|NA|0|0|0|0|NA|0
"170910120002"|0|1|1|0|0|0|0|1|1|1|0|0|0|1|0|35080|35080|11880|11880|7900|360|130|248|16590686|66897.9274193548|0
"170910120003"|0|1|1|0|0|0|0|1|1|1|0|0|0|1|0|35080|35080|11880|11880|7900|360|130|248|16590686|66897.9274193548|0
"170910125001"|0|1|0|0|0|0|0|1|1|1|1|0|0|1|0|11805|21872|NA|NA|NA|141|54|136|9172446|67444.4558823529|0
"170938901022"|0|1|0|0|0|0|0|1|1|0|0|1|1|0|0|NA|NA|NA|NA|NA|0|0|0|0|NA|0
"170950004001"|0|1|0|0|0|0|0|1|1|1|1|0|0|1|0|6944|7728|NA|NA|NA|119|40|74|4471040|60419.4594594595|0
"170950004003"|0|1|0|0|0|0|0|1|1|1|1|0|0|1|0|6944|7728|NA|NA|NA|119|40|74|4471040|60419.4594594595|0
"170950008002"|0|1|0|0|0|0|0|1|1|1|0|0|0|1|0|45783|45783|NA|NA|9870|248|62|224|15073054|67290.4196428571|0
"170978611062"|0|1|0|0|0|0|0|1|1|1|1|0|0|0|1|8596|11620|NA|NA|NA|461|146|394|37974688|96382.4568527919|0
"170978619023"|0|1|0|0|0|0|0|1|1|0|0|1|1|0|0|NA|NA|NA|NA|NA|0|0|0|0|NA|0
"170978630041"|0|0|1|0|0|1|0|1|1|1|0|0|0|1|0|NA|NA|35064|35064|NA|259|83|196|25160192|128368.326530612|0
"170978630042"|0|0|1|0|0|1|0|1|1|1|0|0|0|1|0|NA|NA|35064|35064|NA|259|83|196|25160192|128368.326530612|0
"170978634002"|0|1|1|0|0|0|0|1|1|1|0|0|0|1|0|46320|46320|14100|14100|10390|183|47|204|15888222|77883.4411764706|0
"170978638011"|0|1|0|0|0|0|0|1|1|0|0|1|1|0|0|NA|NA|NA|NA|NA|0|0|0|0|NA|0
"170978638012"|0|1|0|0|0|0|0|1|1|0|0|1|1|0|0|NA|NA|NA|NA|NA|0|0|0|0|NA|0
"170978639021"|0|1|0|0|0|0|0|1|1|0|0|1|1|0|0|NA|NA|NA|NA|NA|0|0|0|0|NA|0
"170978639024"|0|1|0|0|0|0|0|1|1|0|0|1|1|0|0|NA|NA|NA|NA|NA|0|0|0|0|NA|0
"170978640013"|0|0|1|0|0|0|0|1|1|1|0|0|1|0|0|NA|NA|29108|29108|NA|90|29|58|3101566|53475.275862069|0
"170978645221"|0|1|1|0|0|0|0|1|1|1|0|0|0|1|0|31800|31800|16920|16920|9900|167|56|146|10127164|69364.1369863014|0
"170978648011"|0|1|1|0|0|0|0|1|1|1|0|0|0|1|0|31800|31800|16920|16920|9900|167|56|146|10127164|69364.1369863014|0
"170978649011"|0|1|1|0|0|0|0|1|1|1|0|0|0|1|0|31800|31800|16920|16920|9900|167|56|146|10127164|69364.1369863014|0
"170978662003"|0|0|1|0|0|0|0|1|1|1|0|0|1|0|0|NA|NA|NA|NA|NA|45|1|6|772220|128703.333333333|0
"170999630001"|0|1|0|0|0|0|0|1|1|0|0|1|1|0|0|NA|NA|NA|NA|NA|0|0|0|0|NA|0
"170999632003"|0|1|0|0|0|0|0|1|1|1|1|0|0|1|0|10680|11550|NA|NA|NA|104|40|142|10289050|72458.0985915493|0
"171030005004"|0|1|0|0|0|0|0|1|1|1|1|0|0|1|0|9840|10680|NA|NA|NA|84|26|88|4834858|54941.5681818182|0
"171059605003"|0|1|0|0|0|0|0|1|1|0|0|1|1|0|0|NA|NA|NA|NA|NA|0|0|0|0|NA|0
"171079529003"|0|1|1|0|0|0|0|1|1|1|0|0|1|0|0|13200|13200|7920|7920|7564|63|13|54|2869810|53144.6296296296|0
"171079531002"|0|1|0|0|0|0|0|1|1|1|0|0|1|0|0|17500|17500|NA|NA|7700|117|25|68|3182328|46798.9411764706|0
"171079531004"|0|1|0|0|0|0|0|1|1|1|0|0|1|0|0|17500|17500|NA|NA|7700|117|25|68|3182328|46798.9411764706|0
"171079532001"|0|1|0|0|0|0|0|1|1|1|0|0|1|0|0|17500|17500|NA|NA|7700|117|25|68|3182328|46798.9411764706|0
"171090104001"|0|1|1|0|0|0|0|1|1|1|0|0|0|1|0|8607|8607|7767|7767|9630|989|292|1054|87633018|83143.2808349146|0
"171090105001"|0|1|1|0|0|0|0|1|1|1|0|0|0|1|0|8607|8607|7767|7767|9630|989|292|1054|87633018|83143.2808349146|0
"171090105002"|0|1|1|0|0|0|0|1|1|1|0|0|0|1|0|8607|8607|7767|7767|9630|989|292|1054|87633018|83143.2808349146|0
"171090105003"|0|1|1|0|0|0|0|1|1|1|0|0|0|1|0|8607|8607|7767|7767|9630|989|292|1054|87633018|83143.2808349146|0
"171118708071"|0|1|0|0|0|0|0|1|1|1|1|0|0|1|0|11862|14319|NA|NA|NA|193|61|184|17266250|93838.3152173913|0
"171118708081"|0|1|0|0|0|0|0|1|1|0|0|1|1|0|0|NA|NA|NA|NA|NA|0|0|0|0|NA|0
"171118709021"|0|1|0|0|0|0|0|1|1|1|1|0|0|1|0|11862|14319|NA|NA|NA|193|61|184|17266250|93838.3152173913|0
"171118709023"|0|1|0|0|0|0|0|1|1|1|1|0|0|1|0|11862|14319|NA|NA|NA|193|61|184|17266250|93838.3152173913|0
"171118712013"|0|1|0|0|0|0|0|1|1|0|0|1|1|0|0|NA|NA|NA|NA|NA|0|0|0|0|NA|0
"171118712021"|0|1|0|0|0|0|0|1|1|0|0|1|1|0|0|NA|NA|NA|NA|NA|0|0|0|0|NA|0
"171130001041"|0|2|1|0|0|0|0|2|2|2|1|0|0|1|1|18830|30062|NA|NA|NA|2394|484|1946|143774194|142100.807461567|0
"171130001042"|0|1|0|0|0|0|0|1|1|1|1|0|0|1|0|8520|12780|NA|NA|NA|198|53|168|11361500|67627.9761904762|0
"171130001044"|0|1|0|0|0|0|0|1|1|0|0|1|1|0|0|NA|NA|NA|NA|NA|0|0|0|0|NA|0
"171130001051"|0|1|0|0|0|0|0|1|1|1|1|0|0|1|0|8520|12780|NA|NA|NA|198|53|168|11361500|67627.9761904762|0
"171130002001"|0|1|1|0|0|0|0|1|1|1|0|0|0|0|1|10310|17282|7677|12458|9850|2196|431|1778|132412694|74472.8312710911|0
"171130002002"|0|1|1|0|0|0|0|1|1|1|0|0|0|0|1|10310|17282|7677|12458|9850|2196|431|1778|132412694|74472.8312710911|0
"171130005042"|0|1|0|0|0|0|0|1|1|0|0|1|1|0|0|NA|NA|NA|NA|NA|0|0|0|0|NA|0
"171130005051"|0|1|0|0|0|0|0|1|1|0|0|1|1|0|0|NA|NA|NA|NA|NA|0|0|0|0|NA|0
"171130013021"|0|1|0|0|0|0|0|1|1|1|0|0|0|1|0|47434|47434|NA|NA|10984|304|112|260|19433062|74742.5461538462|0
"171130017003"|0|1|0|0|0|0|0|1|1|0|0|1|1|0|0|NA|NA|NA|NA|NA|0|0|0|0|NA|0
"171150002002"|0|1|0|0|0|0|0|1|1|0|0|1|1|0|0|NA|NA|NA|NA|NA|0|0|0|0|NA|0
"171150010001"|0|1|0|0|0|0|0|1|1|1|1|0|0|1|0|5640|14070|NA|NA|NA|100|37|118|7446738|63107.9491525424|0
"171150016002"|0|1|1|0|0|0|0|1|1|1|0|0|0|1|0|34210|34210|22187|22187|11818|193|103|304|18889532|62136.6184210526|0
"171150022005"|0|1|0|0|0|0|0|1|1|1|1|0|0|1|0|5640|14070|NA|NA|NA|100|37|118|7446738|63107.9491525424|0
"171150031001"|0|1|0|0|0|0|0|1|1|0|0|1|1|0|0|NA|NA|NA|NA|NA|0|0|0|0|NA|0
"171179563003"|0|1|0|0|0|0|0|1|1|1|0|0|1|0|0|22000|22000|NA|NA|7930|59|19|76|4527290|59569.6052631579|0
"171194027013"|0|1|0|0|0|0|0|1|1|0|0|1|1|0|0|NA|NA|NA|NA|NA|0|0|0|0|NA|0
"171194027211"|0|1|0|0|0|0|0|1|1|1|1|0|0|1|0|9000|12000|NA|NA|NA|211|64|204|15490384|75933.2549019608|0
"171194027213"|0|1|0|0|0|0|0|1|1|1|1|0|0|1|0|9000|12000|NA|NA|NA|211|64|204|15490384|75933.2549019608|0
"171194031012"|0|1|1|0|0|1|0|1|1|1|0|0|0|0|1|8011|8011|6925|6925|9761|1482|437|1226|93724502|76447.3915171289|0
"171336004011"|0|1|0|0|0|0|0|1|1|0|0|1|1|0|0|NA|NA|NA|NA|NA|0|0|0|0|NA|0
"171336004012"|0|1|0|0|0|0|0|1|1|0|0|1|1|0|0|NA|NA|NA|NA|NA|0|0|0|0|NA|0
"171336005021"|0|1|0|0|0|0|0|1|1|0|0|1|1|0|0|NA|NA|NA|NA|NA|0|0|0|0|NA|0
"171359578003"|0|1|0|0|0|0|0|1|1|0|0|1|1|0|0|NA|NA|NA|NA|NA|0|0|0|0|NA|0
"171379516002"|0|1|0|0|0|0|0|1|1|1|0|0|1|0|0|26930|26930|NA|NA|9440|72|35|72|3968588|55119.2777777778|0
"171379518002"|0|1|1|0|0|0|0|1|1|1|0|0|1|0|0|32540|32540|NA|NA|9280|154|49|132|8416694|63762.8333333333|0
"171379519004"|0|1|1|0|0|0|0|1|1|1|0|0|1|0|0|32540|32540|NA|NA|9280|154|49|132|8416694|63762.8333333333|0
"171379521002"|0|1|0|0|0|0|0|1|1|0|0|1|1|0|0|NA|NA|NA|NA|NA|0|0|0|0|NA|0
"171430012001"|0|1|1|0|0|0|0|1|1|1|0|0|1|0|0|20020|20020|7968|7968|NA|23|4|74|5208510|70385.2702702703|0
"171430016003"|0|1|1|0|0|0|0|1|1|1|0|0|1|0|0|20020|20020|7968|7968|NA|23|4|74|5208510|70385.2702702703|0
"171430020001"|0|1|1|0|0|0|0|1|1|1|0|0|0|1|0|33360|33360|16020|16020|10620|607|214|696|56731570|81510.8764367816|0
"171430020002"|0|1|1|0|0|0|0|1|1|1|0|0|0|1|0|33360|33360|16020|16020|10620|607|214|696|56731570|81510.8764367816|0
"171430021002"|0|1|1|0|0|0|0|1|1|1|0|0|1|0|0|20020|20020|7968|7968|NA|23|4|74|5208510|70385.2702702703|0
"171430029002"|0|1|0|0|0|0|0|1|1|0|0|1|1|0|0|NA|NA|NA|NA|NA|0|0|0|0|NA|0
"171430032001"|0|1|0|0|0|0|0|1|1|1|0|0|1|0|0|16230|16230|NA|NA|NA|18|2|32|1656676|51771.125|0
"171430033002"|0|1|0|0|0|0|0|1|1|1|0|0|1|0|0|16230|16230|NA|NA|NA|18|2|32|1656676|51771.125|0
"171430039002"|0|1|1|0|0|0|0|1|1|1|0|0|1|0|0|19200|19200|8880|8880|11100|48|4|76|4596468|60479.8421052632|0
"171430041011"|0|1|1|0|0|0|0|1|1|1|0|0|1|0|0|19200|19200|8880|8880|11100|48|4|76|4596468|60479.8421052632|0
"171430044003"|0|1|1|0|0|0|0|1|1|1|0|0|0|1|0|33360|33360|16020|16020|10620|607|214|696|56731570|81510.8764367816|0
"171539710002"|0|1|0|0|0|0|0|1|1|1|1|0|0|1|0|5280|5760|NA|NA|NA|70|39|68|4603806|67703.0294117647|0
"171539710003"|0|1|0|0|0|0|0|1|1|1|1|0|0|1|0|5280|5760|NA|NA|NA|70|39|68|4603806|67703.0294117647|0
"171599780001"|0|1|0|0|0|0|0|1|1|1|1|0|0|1|0|8589|10580|NA|NA|NA|36|19|82|4838580|59007.0731707317|0
"171599782001"|0|1|0|0|0|0|0|1|1|0|0|0|0|0|0|NA|NA|NA|NA|NA|44|22|0|0|NA|0
"171599783002"|0|1|0|0|0|0|0|1|1|0|0|0|0|0|0|NA|NA|NA|NA|NA|44|22|0|0|NA|0
"171610209005"|0|1|0|0|0|0|0|1|1|0|0|1|1|0|0|NA|NA|NA|NA|NA|0|0|0|0|NA|0
"171610211002"|0|1|0|0|0|0|0|1|1|1|1|0|0|1|0|7500|7650|NA|NA|NA|185|68|202|12335146|61065.0792079208|0
"171610218001"|0|1|0|0|0|0|0|1|1|0|0|1|1|0|0|NA|NA|NA|NA|NA|0|0|0|0|NA|0
"171610228004"|0|1|0|0|0|0|0|1|1|1|0|0|0|1|0|40881|40881|NA|NA|10572|341|110|390|27218876|69791.9897435897|0
"171610232003"|0|1|1|0|0|0|0|1|1|1|0|0|1|0|0|24760|24760|27787|27787|NA|11|3|34|1997216|58741.6470588235|0
"171635034021"|0|1|0|0|0|0|0|1|1|1|1|0|1|0|0|11995|11995|NA|NA|NA|0|0|0|0|NA|0
"171635039041"|0|1|0|0|0|0|0|1|1|1|1|0|0|1|0|11970|15600|NA|NA|NA|247|91|282|21100588|74824.780141844|0
"171635039042"|0|1|0|0|0|0|0|1|1|1|1|0|0|1|0|11970|15600|NA|NA|NA|247|91|282|21100588|74824.780141844|0
"171635039044"|0|1|0|0|0|0|0|1|1|1|1|0|0|1|0|11970|15600|NA|NA|NA|247|91|282|21100588|74824.780141844|0
"171635040011"|0|1|0|0|0|0|0|1|1|0|0|1|1|0|0|NA|NA|NA|NA|NA|0|0|0|0|NA|0
"171635040026"|0|1|0|0|0|0|0|1|1|0|0|1|1|0|0|NA|NA|NA|NA|NA|0|0|0|0|NA|0
"171635043021"|0|1|1|0|0|0|0|1|1|1|0|0|0|1|0|29420|29420|9291|9291|9430|164|68|188|11593872|61669.5319148936|0
"171635043024"|0|1|1|0|0|0|0|1|1|1|0|0|0|1|0|29420|29420|9291|9291|9430|164|68|188|11593872|61669.5319148936|0
"171659562001"|0|1|0|0|0|0|0|1|1|1|1|0|0|1|0|5160|5400|NA|NA|NA|56|23|70|4238350|60547.8571428571|0
"171670003002"|0|2|1|0|0|0|0|2|2|1|0|1|2|0|0|NA|NA|NA|NA|NA|10|5|32|2450796|NA|0
"171670005012"|0|1|0|0|0|0|0|1|1|0|0|1|1|0|0|NA|NA|NA|NA|NA|0|0|0|0|NA|0
"171670008001"|0|2|1|0|0|0|0|2|2|1|0|1|2|0|0|NA|NA|NA|NA|NA|10|5|32|2450796|NA|0
"171670009001"|0|2|1|0|0|0|0|2|2|1|0|1|2|0|0|NA|NA|NA|NA|NA|10|5|32|2450796|NA|0
"171670010031"|0|1|0|0|0|0|0|1|1|0|0|1|1|0|0|NA|NA|NA|NA|NA|0|0|0|0|NA|0
"171670020001"|0|1|0|0|0|0|0|1|1|0|0|1|1|0|0|NA|NA|NA|NA|NA|0|0|0|0|NA|0
"171670020003"|0|1|0|0|0|0|0|1|1|0|0|1|1|0|0|NA|NA|NA|NA|NA|0|0|0|0|NA|0
"171670020004"|0|1|0|0|0|0|0|1|1|0|0|1|1|0|0|NA|NA|NA|NA|NA|0|0|0|0|NA|0
"171670030001"|0|3|1|0|0|0|0|3|3|2|1|1|1|2|0|NA|NA|NA|NA|NA|782|252|634|48535928|NA|0
"171670031002"|0|3|1|0|0|0|0|3|3|2|1|1|1|2|0|NA|NA|NA|NA|NA|782|252|634|48535928|NA|0
"171770010003"|0|1|0|0|0|0|0|1|1|1|1|0|0|1|0|5736|5736|NA|NA|NA|93|39|92|7304340|79395|0
"171790203012"|0|1|0|0|0|0|0|1|1|0|0|1|1|0|0|NA|NA|NA|NA|NA|0|0|0|0|NA|0
"171790203023"|0|1|0|0|0|0|0|1|1|0|0|1|1|0|0|NA|NA|NA|NA|NA|0|0|0|0|NA|0
"171790212011"|0|1|0|0|0|0|0|1|1|1|1|0|0|1|0|8921|10929|NA|NA|NA|315|98|336|23188164|69012.3928571429|0
"171790224001"|0|1|0|0|0|0|0|1|1|1|1|0|0|1|0|8921|10929|NA|NA|NA|315|98|336|23188164|69012.3928571429|0
"171830008001"|0|1|0|0|0|0|0|1|1|1|0|0|1|0|0|15750|15750|NA|NA|NA|12|3|36|1743408|48428|0
"171830107013"|0|1|0|0|0|0|0|1|1|0|0|1|1|0|0|NA|NA|NA|NA|NA|0|0|0|0|NA|0
"171830112003"|0|1|0|0|0|0|0|1|1|1|1|0|0|1|0|7500|7500|NA|NA|NA|124|52|126|7296084|57905.4285714286|0
"171859573003"|0|1|0|0|0|0|0|1|1|1|1|0|0|1|0|8589|10580|NA|NA|NA|37|15|58|3329162|57399.3448275862|0
"171878704002"|0|1|0|0|0|0|0|1|1|1|0|0|1|0|0|37674|37674|NA|NA|8966|175|72|178|10876228|61102.404494382|0
"171919552002"|0|1|0|0|0|0|0|1|1|1|1|0|0|1|0|8589|10580|NA|NA|NA|32|17|14|813902|58135.8571428571|0
"171919552003"|0|1|0|0|0|0|0|1|1|1|1|0|0|1|0|8589|10580|NA|NA|NA|32|17|14|813902|58135.8571428571|0
"171950003002"|0|1|0|0|0|0|0|1|1|1|1|0|1|0|0|14700|14700|NA|NA|6238|11|1|22|1219712|55441.4545454545|0
"171950003004"|0|1|0|0|0|0|0|1|1|1|1|0|1|0|0|14700|14700|NA|NA|6238|11|1|22|1219712|55441.4545454545|0
"171950011004"|0|1|0|0|0|0|0|1|1|0|0|1|1|0|0|NA|NA|NA|NA|NA|0|0|0|0|NA|0
"171950011005"|0|1|0|0|0|0|0|1|1|0|0|1|1|0|0|NA|NA|NA|NA|NA|0|0|0|0|NA|0
"171978811162"|0|1|0|0|0|0|0|1|1|0|0|1|1|0|0|NA|NA|NA|NA|NA|0|0|0|0|NA|0
"171978827021"|0|1|1|0|0|0|0|1|1|1|0|0|0|1|0|32000|32000|13464|13464|9544|183|53|204|14649256|71810.0784313725|0
"171978832063"|0|1|0|0|0|0|0|1|1|0|0|1|1|0|0|NA|NA|NA|NA|NA|0|0|0|0|NA|0
"171978832111"|0|1|0|0|0|0|0|1|1|1|1|0|0|0|1|11370|12150|NA|NA|NA|382|165|426|41208810|96734.2957746479|0
"171978832113"|0|1|0|0|0|0|0|1|1|1|1|0|0|0|1|11370|12150|NA|NA|NA|382|165|426|41208810|96734.2957746479|0
"171978832151"|0|1|0|0|0|0|0|1|1|0|0|1|1|0|0|NA|NA|NA|NA|NA|0|0|0|0|NA|0
"171978836061"|0|1|1|0|0|0|0|1|1|1|0|0|0|1|0|8074|13963|8136|11704|8896|419|130|450|33528088|74506.8622222222|0
"171978841011"|0|1|1|0|0|0|0|1|1|1|0|0|0|1|0|32300|32300|14400|14400|10578|393|142|456|38161886|83688.3464912281|0
"171978841031"|0|1|1|0|0|0|0|1|1|1|0|0|0|1|0|32300|32300|14400|14400|10578|393|142|456|38161886|83688.3464912281|0
"171990202011"|0|1|0|0|0|0|0|1|1|1|1|0|0|1|0|5190|5790|NA|NA|NA|219|131|128|8598252|67173.84375|0
"172010005022"|0|1|0|0|0|0|0|1|1|0|0|1|1|0|0|NA|NA|NA|NA|NA|0|0|0|0|NA|0
"172010005023"|0|1|0|0|0|0|0|1|1|1|1|0|1|0|0|14843|14843|NA|NA|NA|29|8|20|1101590|55079.5|0
"172010005071"|0|1|1|0|0|0|0|1|1|1|0|0|0|1|0|30800|30800|12960|12960|8680|112|50|144|7425180|51563.75|0
"172010005073"|0|1|1|0|0|0|0|1|1|1|0|0|0|1|0|9360|9360|8640|8640|NA|135|5|68|4685178|68899.6764705882|0
"172010005101"|0|2|1|0|0|0|0|2|2|2|1|0|1|1|0|33442|39832|NA|NA|NA|234|100|296|20992000|144350.75036075|0
"172010005102"|0|1|0|0|0|0|0|1|1|0|0|1|1|0|0|NA|NA|NA|NA|NA|0|0|0|0|NA|0
"172010005112"|0|1|1|0|0|0|0|1|1|1|0|0|0|1|0|9360|9360|8640|8640|NA|135|5|68|4685178|68899.6764705882|0
"172030306011"|0|1|0|0|0|0|0|1|1|1|0|0|1|0|0|25150|25150|NA|NA|9620|65|18|68|3475766|51114.2058823529|0
"172030306015"|0|1|0|0|0|0|0|1|1|1|0|0|1|0|0|25150|25150|NA|NA|9620|65|18|68|3475766|51114.2058823529|0
"180030009004"|0|1|1|0|0|0|0|1|1|1|0|0|0|1|0|29150|29150|16480|16480|9840|188|62|272|17595842|64690.5955882353|0
"180030033042"|0|1|0|0|0|0|0|1|1|1|1|0|1|0|0|NA|NA|NA|NA|NA|9|2|8|224848|28106|0
"180030033043"|0|1|0|0|0|0|0|1|1|0|0|1|1|0|0|NA|NA|NA|NA|NA|0|0|0|0|NA|0
"180030041011"|0|0|1|0|0|0|0|1|1|1|0|0|1|0|0|NA|NA|29790|29790|NA|77|19|46|3076062|66870.9130434783|0
"180030043002"|0|2|1|0|0|0|0|2|2|2|0|0|0|2|0|36684|36684|NA|NA|NA|257|91|138|9476452|NA|0
"180030107072"|0|1|1|0|0|0|0|1|1|1|0|0|1|0|0|9576|9576|9900|9900|NA|0|0|0|0|NA|0
"180030108082"|0|1|0|0|0|0|0|1|1|0|0|1|1|0|0|NA|NA|NA|NA|NA|0|0|0|0|NA|0
"180030116042"|0|1|0|0|0|0|0|1|1|1|1|0|1|0|0|13960|13960|NA|NA|8380|14|2|14|655896|46849.7142857143|0
"180039800011"|0|1|1|0|0|0|0|1|1|1|0|0|0|0|1|7349|19187|5590|13487|9242|580|181|576|39986316|69420.6875|0
"180190503031"|0|1|0|0|0|0|0|1|1|0|0|1|1|0|0|NA|NA|NA|NA|NA|0|0|0|0|NA|0
"180190503032"|0|1|0|0|0|0|0|1|1|0|0|1|1|0|0|NA|NA|NA|NA|NA|0|0|0|0|NA|0
"180190504031"|0|1|0|0|0|0|0|1|1|1|0|0|1|0|0|11700|11700|NA|NA|NA|0|0|16|614000|38375|0
"180190504032"|0|1|0|0|0|0|0|1|1|1|0|0|1|0|0|11700|11700|NA|NA|NA|0|0|16|614000|38375|0
"180190505032"|0|1|0|0|0|0|0|1|1|0|0|1|1|0|0|NA|NA|NA|NA|NA|0|0|0|0|NA|0
"180190505041"|0|1|0|0|0|0|0|1|1|1|0|0|1|0|0|11700|11700|NA|NA|NA|0|0|16|614000|38375|0
"180190505042"|0|1|0|0|0|0|0|1|1|1|0|0|1|0|0|11700|11700|NA|NA|NA|0|0|16|614000|38375|0
"180190506032"|0|2|1|0|0|0|0|2|2|2|1|0|2|0|0|NA|NA|NA|NA|NA|10|1|8|445120|NA|0
"180290801033"|0|1|1|0|0|0|0|1|1|1|0|0|1|0|0|5400|5400|4500|4500|NA|5|0|14|328452|23460.8571428571|0
"180290801041"|0|1|1|0|0|0|0|1|1|1|0|0|1|0|0|5400|5400|4500|4500|NA|5|0|14|328452|23460.8571428571|0
"180290804002"|0|1|1|0|0|0|0|1|1|1|0|0|1|0|0|5400|5400|4500|4500|NA|5|0|14|328452|23460.8571428571|0
"180350009022"|0|1|1|0|0|0|0|1|1|1|0|0|0|0|1|9234|25806|8730|21666|10234|2129|635|2092|143592494|68638.8594646272|0
"180350020001"|0|1|0|0|0|0|0|1|1|1|1|0|1|0|0|NA|NA|NA|NA|NA|8|1|6|93950|15658.3333333333|0
"180350020003"|0|1|0|0|0|0|0|1|1|1|1|0|1|0|0|NA|NA|NA|NA|NA|8|1|6|93950|15658.3333333333|0
"180350026015"|0|1|0|0|0|0|0|1|1|1|1|0|1|0|0|NA|NA|NA|NA|NA|8|1|6|93950|15658.3333333333|0
"180390004001"|0|1|1|0|0|0|0|1|1|1|0|0|1|0|0|33700|33700|28275|28275|10650|136|34|130|7725796|59429.2|0
"180390004002"|0|1|1|0|0|0|0|1|1|1|0|0|1|0|0|33700|33700|28275|28275|10650|136|34|130|7725796|59429.2|0
"180390022001"|0|0|1|0|0|0|0|1|1|1|0|0|1|0|0|NA|NA|15000|15000|NA|20|5|16|907594|56724.625|0
"180430710072"|0|1|1|0|0|0|0|1|1|1|0|0|0|1|0|6727|18783|7052|16615|9906|237|101|390|27258246|69892.9384615385|0
"180510503004"|0|1|1|0|0|0|0|1|1|1|0|0|0|1|0|24000|24000|7470|7470|9900|197|35|70|3563378|50905.4|0
"180530008002"|0|1|1|0|0|0|0|1|1|1|0|0|0|0|1|9020|9020|10842|10842|NA|0|0|0|0|NA|0
"180530008003"|0|1|1|0|0|0|0|1|1|1|0|0|0|1|0|26630|26630|13104|13104|8480|865|271|596|37252110|62503.5402684564|0
"180530008004"|0|1|1|0|0|0|0|1|1|1|0|0|0|1|0|26630|26630|13104|13104|8480|865|271|596|37252110|62503.5402684564|0
"180530102001"|0|1|1|0|0|0|0|1|1|1|0|0|0|0|1|9020|9020|10842|10842|NA|0|0|0|0|NA|0
"180530107002"|0|1|1|0|0|0|0|1|1|1|0|0|0|1|0|33864|33864|12700|12700|9614|268|120|270|16295252|60352.7851851852|0
"180571104011"|0|1|0|0|0|0|0|1|1|1|0|0|1|0|0|5280|5280|NA|NA|4440|21|13|10|45330|4533|0
"180571108101"|0|1|0|0|0|0|0|1|1|0|0|1|1|0|0|NA|NA|NA|NA|NA|0|0|0|0|NA|0
"180571111023"|0|1|0|0|0|0|0|1|1|0|0|1|1|0|0|NA|NA|NA|NA|NA|0|0|0|0|NA|0
"180632101022"|0|1|0|0|0|0|0|1|0|0|0|0|0|0|0|NA|NA|NA|NA|NA|0|0|0|0|NA|0
"180670005004"|0|1|0|0|0|0|0|1|1|0|0|1|1|0|0|NA|NA|NA|NA|NA|0|0|0|0|NA|0
"180670011001"|0|2|1|0|0|0|0|2|2|2|1|0|1|1|0|NA|NA|NA|NA|NA|177|68|250|15540844|88771.4421487603|0
"180670011003"|0|2|1|0|0|0|0|2|2|2|1|0|1|1|0|NA|NA|NA|NA|NA|177|68|250|15540844|88771.4421487603|0
"180670013002"|0|1|0|0|0|0|0|1|1|0|0|1|1|0|0|NA|NA|NA|NA|NA|0|0|0|0|NA|0
"180670014003"|0|2|1|0|0|0|0|2|2|2|1|0|1|1|0|NA|NA|NA|NA|NA|177|68|250|15540844|88771.4421487603|0
"180699615002"|0|1|1|0|0|0|0|1|1|1|0|0|0|1|0|25312|25312|11208|11208|8668|92|23|128|7495580|58559.21875|0
"180779662003"|0|1|0|0|0|0|0|1|1|1|0|0|0|1|0|36900|36900|NA|NA|11580|154|57|164|11519394|70240.2073170732|0
"180779663003"|0|1|0|0|0|0|0|1|1|1|0|0|0|1|0|36900|36900|NA|NA|11580|154|57|164|11519394|70240.2073170732|0
"180816110003"|0|1|1|0|0|0|0|1|1|1|0|0|1|0|0|31810|31810|19845|19845|9946|174|67|148|8962612|60558.1891891892|0
"180839553002"|0|1|0|0|0|0|0|1|1|1|0|0|0|0|1|5423|13480|NA|NA|9990|487|243|360|19444210|54011.6944444444|0
"180839553003"|0|1|0|0|0|0|0|1|1|1|0|0|0|0|1|5423|13480|NA|NA|9990|487|243|360|19444210|54011.6944444444|0
"180839555001"|0|1|0|0|0|0|0|1|1|0|0|1|1|0|0|NA|NA|NA|NA|NA|0|0|0|0|NA|0
"180859621003"|0|1|1|0|0|0|0|1|1|1|0|0|0|1|0|23210|23210|7860|7860|9134|119|31|100|6391946|63919.46|0
"180890124001"|0|1|1|0|0|0|0|1|1|1|0|0|0|1|0|6727|18783|7052|16615|NA|222|94|310|22835120|73661.6774193548|0
"180890127003"|0|1|0|0|0|0|0|1|1|0|0|1|1|0|0|NA|NA|NA|NA|NA|0|0|0|0|NA|0
"180890201003"|0|1|1|0|0|0|0|1|1|1|0|0|1|0|0|18900|18900|16300|16300|NA|52|10|56|3166976|56553.1428571429|0
"180890202001"|0|1|1|0|0|0|0|1|1|1|0|0|1|0|0|18900|18900|16300|16300|NA|52|10|56|3166976|56553.1428571429|0
"180890209003"|0|2|1|0|0|0|0|2|2|1|0|1|1|0|1|NA|NA|NA|NA|NA|637|170|614|47546026|NA|0
"180890402002"|0|1|1|0|0|0|0|1|1|1|0|0|1|0|0|18900|18900|16300|16300|NA|52|10|56|3166976|56553.1428571429|0
"180890406003"|0|1|0|0|0|0|0|1|1|0|0|1|1|0|0|NA|NA|NA|NA|NA|0|0|0|0|NA|0
"180890424023"|0|2|1|0|0|0|0|2|2|1|0|1|2|0|0|NA|NA|NA|NA|NA|3|1|4|298930|NA|0
"180890425031"|0|2|1|0|0|0|0|2|2|1|0|1|2|0|0|NA|NA|NA|NA|NA|3|1|4|298930|NA|0
"180890425051"|0|1|0|0|0|0|0|1|1|0|0|1|1|0|0|NA|NA|NA|NA|NA|0|0|0|0|NA|0
"180890427042"|0|1|0|0|0|0|0|1|1|0|0|1|1|0|0|NA|NA|NA|NA|NA|0|0|0|0|NA|0
"180950011001"|0|1|1|0|0|0|0|1|1|1|0|0|0|1|0|29950|29950|11858|11858|10840|192|83|216|12281244|56857.6111111111|0
"180950018001"|0|1|0|0|0|0|0|1|1|0|0|1|1|0|0|NA|NA|NA|NA|NA|0|0|0|0|NA|0
"180950106007"|0|1|0|0|0|0|0|1|1|0|0|1|1|0|0|NA|NA|NA|NA|NA|0|0|0|0|NA|0
"180973101041"|0|4|0|0|0|0|0|4|4|3|1|1|4|0|0|NA|NA|NA|NA|NA|13|2|16|5e+05|NA|0
"180973101042"|0|4|0|0|0|0|0|4|4|3|1|1|4|0|0|NA|NA|NA|NA|NA|13|2|16|5e+05|NA|0
"180973101061"|0|1|0|0|0|0|0|1|1|0|0|1|1|0|0|NA|NA|NA|NA|NA|0|0|0|0|NA|0
"180973102011"|0|1|0|0|0|0|0|1|1|1|1|0|1|0|0|NA|NA|NA|NA|NA|52|9|70|3595480|51364|0
"180973202043"|0|2|1|0|0|0|0|2|2|2|0|0|1|1|0|32256|32256|NA|NA|NA|307|3|692|38902868|136477.239037257|0
"180973219002"|0|1|1|0|0|0|0|1|1|1|0|0|0|1|0|40160|40160|11298|11298|14690|676|182|786|63386718|80644.679389313|0
"180973220003"|0|0|1|0|0|0|0|1|1|1|0|0|1|0|0|NA|NA|12800|12800|NA|34|15|18|1368596|76033.1111111111|0
"180973301032"|0|1|0|0|0|0|0|1|1|0|0|1|1|0|0|NA|NA|NA|NA|NA|0|0|0|0|NA|0
"180973301051"|0|1|0|0|0|0|0|1|1|1|1|0|1|0|0|13960|13960|NA|NA|9220|17|5|30|1468030|48934.3333333333|0
"180973301052"|0|1|0|0|0|0|0|1|1|0|0|1|1|0|0|NA|NA|NA|NA|NA|0|0|0|0|NA|0
"180973302041"|0|1|0|0|0|0|0|1|1|1|0|0|1|0|0|9000|9000|NA|NA|NA|1|0|0|0|NA|0
"180973402021"|0|1|0|0|0|0|0|1|1|0|0|1|1|0|0|NA|NA|NA|NA|NA|0|0|0|0|NA|0
"180973402023"|0|1|0|0|0|0|0|1|1|0|0|1|1|0|0|NA|NA|NA|NA|NA|0|0|0|0|NA|0
"180973405001"|0|1|1|0|0|1|0|1|1|1|0|0|0|1|0|34000|34000|20915|20915|10640|250|110|266|16915702|63592.8646616541|0
"180973406002"|0|1|0|0|0|0|0|1|1|0|0|1|1|0|0|NA|NA|NA|NA|NA|0|0|0|0|NA|0
"180973421011"|0|1|0|0|0|0|0|1|1|0|0|1|1|0|0|16520|16520|NA|NA|NA|0|0|0|0|NA|0
"180973422002"|0|1|0|0|0|0|0|1|1|0|0|1|1|0|0|16520|16520|NA|NA|NA|0|0|0|0|NA|0
"180973501001"|0|1|1|0|0|1|0|1|1|1|0|0|0|1|0|34000|34000|20915|20915|10640|250|110|266|16915702|63592.8646616541|0
"180973515003"|0|1|0|0|0|0|0|1|1|1|1|0|0|0|1|4218|8252|NA|NA|NA|1937|964|2486|125758454|50586.6669348351|0
"180973521003"|0|1|1|0|0|0|0|1|1|1|0|0|1|0|0|12840|12840|11700|11700|NA|28|4|16|963488|60218|0
"180973526002"|0|1|1|0|0|0|0|1|1|1|0|0|1|0|0|12840|12840|11700|11700|NA|28|4|16|963488|60218|0
"180973542003"|0|1|0|0|0|0|0|1|0|0|0|0|0|1|0|NA|NA|NA|NA|NA|0|0|0|0|NA|0
"180973544001"|0|1|0|0|0|0|0|1|0|0|0|0|0|1|0|NA|NA|NA|NA|NA|0|0|0|0|NA|0
"180973564002"|0|1|1|0|0|1|0|1|1|1|0|0|0|0|1|8371|28727|8568|23448|9730|2783|882|2050|182023744|88792.0702439024|0
"180973606021"|0|1|0|0|0|0|0|1|1|1|0|0|1|0|0|11850|11850|NA|NA|NA|11|4|0|0|NA|0
"180973803005"|0|1|1|0|0|0|0|1|1|1|0|0|0|1|0|28836|28836|36422|36422|11240|453|154|586|41870752|71451.795221843|0
"180973806001"|0|1|0|0|0|0|0|1|1|1|1|0|1|0|0|NA|NA|NA|NA|NA|0|0|0|0|NA|0
"180973806003"|0|1|0|0|0|0|0|1|1|1|1|0|1|0|0|NA|NA|NA|NA|NA|0|0|0|0|NA|0
"180973809012"|0|1|0|0|0|0|0|1|1|0|0|1|1|0|0|NA|NA|NA|NA|NA|0|0|0|0|NA|0
"180973812042"|0|1|0|0|0|0|0|1|1|0|0|1|1|0|0|NA|NA|NA|NA|NA|0|0|0|0|NA|0
"180973910001"|0|1|1|0|0|0|0|1|0|1|0|0|0|1|0|5160|5160|5640|5640|NA|120|2|118|4282110|36289.0677966102|0
"180973910002"|0|1|1|0|0|1|0|1|1|1|0|0|0|0|1|8371|28727|8568|23448|9730|2783|882|2050|182023744|88792.0702439024|0
"180973910003"|0|2|2|0|0|1|0|2|1|2|0|0|0|1|1|13531|33887|14208|29088|NA|2903|884|2168|186305854|125081.138040513|0
"180990203012"|0|1|0|0|0|0|0|1|1|1|1|0|1|0|0|17100|17100|NA|NA|9600|31|9|36|1860200|51672.2222222222|0
"181050002021"|0|1|1|0|0|0|0|1|1|1|0|0|0|0|1|9342|34117|9225|31932|10466|7286|2169|4180|444112326|106246.967942584|0
"181050006021"|0|1|0|0|0|0|0|1|1|0|0|1|1|0|0|NA|NA|NA|NA|NA|0|0|0|0|NA|0
"181079570005"|0|1|0|0|0|0|0|1|1|1|0|0|1|0|0|42800|42800|NA|NA|10050|179|90|182|14247840|78284.8351648352|0
"181270505091"|0|1|0|0|0|0|0|1|0|0|0|0|0|0|0|NA|NA|NA|NA|NA|0|0|0|0|NA|0
"181270506031"|0|1|0|0|0|0|0|1|1|0|0|1|1|0|0|NA|NA|NA|NA|NA|0|0|0|0|NA|0
"181270507041"|0|1|0|0|0|0|0|1|1|0|0|1|1|0|0|NA|NA|NA|NA|NA|0|0|0|0|NA|0
"181270507042"|0|1|0|0|0|0|0|1|1|0|0|1|1|0|0|NA|NA|NA|NA|NA|0|0|0|0|NA|0
"181270509001"|0|2|1|0|0|0|0|2|2|2|1|0|1|1|0|47100|47100|NA|NA|NA|588|159|624|42883204|NA|0
"181270509002"|0|2|1|0|0|0|0|2|2|2|1|0|1|1|0|47100|47100|NA|NA|NA|588|159|624|42883204|NA|0
"181290404003"|0|1|1|0|0|0|0|1|1|1|0|0|0|0|1|7829|18916|9300|18184|9102|644|223|718|49660098|69164.4818941504|0
"181339563002"|0|1|0|0|0|0|0|1|1|1|0|0|0|1|0|48860|48860|NA|NA|13020|421|142|434|37726538|86927.5069124424|0
"181410003013"|0|2|1|0|0|0|0|2|2|2|0|0|1|1|0|71130|71130|NA|NA|24080|306|93|322|21094936|120152.328448276|0
"181410010001"|0|1|1|0|0|0|0|1|1|1|0|0|0|0|1|52884|52884|52746|52746|15410|4976|927|2432|314206406|129196.712993421|0
"181410015001"|0|1|1|0|0|0|0|1|1|1|0|0|0|1|0|6727|18783|7052|16615|9034|294|111|464|30204844|65096.6465517241|0
"181410017001"|0|1|1|0|0|0|0|1|1|1|0|0|1|0|0|12709|12709|17000|17000|NA|4|2|2|230000|115000|0
"181410106004"|0|1|1|0|0|0|0|1|1|1|0|0|0|1|0|28140|28140|7740|7740|9000|144|54|130|6681460|51395.8461538462|0
"181410112021"|0|1|1|0|0|0|0|1|1|1|0|0|0|0|1|52884|52884|52746|52746|15410|4976|927|2432|314206406|129196.712993421|0
"181410112022"|0|2|1|0|0|0|0|2|2|2|0|0|1|1|0|71130|71130|NA|NA|24080|306|93|322|21094936|120152.328448276|0
"181410114032"|0|1|0|0|0|0|0|1|1|1|1|0|1|0|0|NA|NA|NA|NA|NA|8|2|6|159002|26500.3333333333|0
"181479527001"|0|0|1|0|0|0|0|1|1|1|0|0|1|0|0|NA|NA|26394|26394|NA|94|33|22|1581658|71893.5454545455|0
"181499540004"|0|1|0|0|0|0|0|1|1|0|0|1|1|0|0|NA|NA|NA|NA|NA|0|0|0|0|NA|0
"181519714004"|0|1|1|0|0|0|0|1|1|1|0|0|0|1|0|31700|31700|9900|9900|10810|241|0|240|16806176|70025.7333333333|0
"181570004002"|0|1|0|0|0|0|0|1|1|0|0|1|1|0|0|18650|18650|NA|NA|NA|0|0|0|0|NA|0
"181570017002"|0|1|0|0|0|0|0|1|1|1|1|0|1|0|0|NA|NA|NA|NA|NA|6|0|10|178830|17883|0
"181570054002"|0|1|1|0|0|1|0|1|1|1|0|0|0|0|1|9208|28010|9208|28010|10030|8483|1634|4012|462018478|115159.142073779|0
"181570054003"|0|1|1|0|0|1|0|1|1|1|0|0|0|0|1|9208|28010|9208|28010|10030|8483|1634|4012|462018478|115159.142073779|0
"181570108001"|0|1|0|0|0|0|0|1|1|0|0|1|1|0|0|NA|NA|NA|NA|NA|0|0|0|0|NA|0
"181630003003"|0|1|1|0|0|0|0|1|1|1|0|0|0|1|0|35300|35300|25436|25436|12460|291|130|346|25437984|73520.1849710983|0
"181630030004"|0|1|0|0|0|0|0|1|1|0|0|1|1|0|0|NA|NA|NA|NA|NA|0|0|0|0|NA|0
"181630101004"|0|2|0|0|0|0|0|2|2|1|1|1|2|0|0|NA|NA|NA|NA|NA|9|1|4|75306|NA|0
"181630104031"|0|1|1|0|0|0|0|1|1|1|0|0|0|0|1|7829|18916|9300|18184|9102|644|223|718|49660098|69164.4818941504|0
"181670003002"|0|1|1|0|0|0|0|1|1|1|0|0|0|1|0|29510|29510|11736|11736|10914|87|17|104|5438246|52290.8269230769|0
"181670009002"|0|1|1|0|0|0|0|1|1|1|0|0|0|1|0|29510|29510|11736|11736|10914|87|17|104|5438246|52290.8269230769|0
"181670014003"|0|1|0|0|0|0|0|1|1|0|0|1|1|0|0|NA|NA|NA|NA|NA|0|0|0|0|NA|0
"181670101004"|0|1|1|0|0|0|0|1|1|1|0|0|0|1|0|46641|46641|46641|46641|14766|336|79|372|37712682|101378.177419355|0
"181670103003"|0|1|1|0|0|0|0|1|1|1|0|0|0|1|0|29510|29510|11736|11736|10914|87|17|104|5438246|52290.8269230769|0
"181670111004"|0|1|1|0|0|0|0|1|1|1|0|0|0|0|1|8890|19636|7416|14562|10590|1093|406|930|70312570|75604.9139784946|0
"181670111005"|0|1|1|0|0|0|0|1|1|1|0|0|0|0|1|8890|19636|7416|14562|10590|1093|406|930|70312570|75604.9139784946|0
"181691022001"|0|1|1|0|0|0|0|1|1|1|0|0|0|1|0|31500|31500|23100|23100|9780|220|73|244|19276588|79002.4098360656|0
"181770004001"|0|1|1|0|0|0|0|1|1|1|0|0|0|1|0|6727|18783|7052|16615|NA|166|80|216|14638624|67771.4074074074|0
"181770008002"|0|1|2|0|0|0|0|2|2|2|0|0|1|1|0|NA|NA|34000|34000|NA|226|86|256|15019786|130246.518299882|0
"181770011001"|0|1|0|0|0|0|0|1|1|0|0|1|1|0|0|NA|NA|NA|NA|NA|0|0|0|0|NA|0
"181770101001"|0|1|1|0|0|0|0|1|1|1|0|0|0|1|0|6727|18783|7052|16615|NA|166|80|216|14638624|67771.4074074074|0
"190130017021"|0|1|1|0|0|0|0|1|1|1|0|0|1|0|0|17304|17304|16740|16740|NA|28|7|82|6243768|76143.5121951219|0
"190130023012"|0|1|0|0|0|0|0|1|1|0|0|1|1|0|0|NA|NA|NA|NA|NA|0|0|0|0|NA|0
"190130023031"|0|1|1|0|0|0|0|1|1|1|0|0|0|0|1|7665|18207|9159|19633|8948|1064|289|992|71416416|71992.3548387097|0
"190130023032"|0|1|1|0|0|0|0|1|1|1|0|0|0|0|1|7665|18207|9159|19633|8948|1064|289|992|71416416|71992.3548387097|0
"190130025003"|0|1|0|0|0|0|0|1|1|0|0|1|1|0|0|NA|NA|NA|NA|NA|0|0|0|0|NA|0
"190130026011"|0|1|1|0|0|0|0|1|1|1|0|0|1|0|0|13356|13356|10560|10560|NA|1|0|0|0|NA|0
"190130030011"|0|1|0|0|0|0|0|1|1|1|1|0|0|1|0|5084|5794|NA|NA|NA|217|50|220|13000344|59092.4727272727|0
"190130030012"|0|1|0|0|0|0|0|1|1|1|1|0|0|1|0|5084|5794|NA|NA|NA|217|50|220|13000344|59092.4727272727|0
"190170040001"|0|1|1|0|0|0|0|1|1|1|0|0|0|1|0|40220|40220|18900|18900|9995|233|93|186|11271494|60599.4301075269|0
"190170040002"|0|1|1|0|0|0|0|1|1|1|0|0|0|1|0|40220|40220|18900|18900|9995|233|93|186|11271494|60599.4301075269|0
"190219605001"|0|1|1|0|0|0|0|1|1|1|0|0|0|1|0|34004|34004|9594|9594|9538|213|70|162|10466280|64606.6666666667|0
"190219605003"|0|1|0|0|0|0|0|1|1|0|0|1|1|0|0|NA|NA|NA|NA|NA|0|0|0|0|NA|0
"190219605004"|0|1|1|0|0|0|0|1|1|1|0|0|0|1|0|34004|34004|9594|9594|9538|213|70|162|10466280|64606.6666666667|0
"190339502002"|0|1|1|0|0|0|0|1|1|1|0|0|1|0|0|13356|13356|10560|10560|NA|0|0|0|0|NA|0
"190339502003"|0|1|1|0|0|0|0|1|1|1|0|0|1|0|0|13356|13356|10560|10560|NA|0|0|0|0|NA|0
"190339504021"|0|1|0|0|0|0|0|1|1|0|0|1|1|0|0|NA|NA|NA|NA|NA|0|0|0|0|NA|0
"190339514002"|0|1|0|0|0|0|0|1|1|1|1|0|0|1|0|4628|6941|NA|NA|7128|152|69|140|9312696|66519.2571428571|0
"190490508112"|0|1|0|0|0|0|0|1|1|0|0|1|1|0|0|NA|NA|NA|NA|NA|0|0|0|0|NA|0
"190539602003"|0|1|1|0|0|0|0|1|1|1|0|0|0|1|0|28600|28600|16737|16737|8760|185|75|158|9404110|59519.6835443038|0
"190570003005"|0|1|0|0|0|0|0|1|1|1|1|0|0|1|0|5430|5580|NA|NA|8600|135|63|150|10535978|70239.8533333333|0
"190570008001"|0|1|0|0|0|0|0|1|1|1|1|0|0|1|0|5430|5580|NA|NA|8600|135|63|150|10535978|70239.8533333333|0
"190594505001"|0|1|0|0|0|0|0|1|1|0|0|1|1|0|0|NA|NA|NA|NA|NA|0|0|0|0|NA|0
"190610001002"|0|1|0|0|0|0|0|1|1|0|0|1|1|0|0|NA|NA|NA|NA|NA|0|0|0|0|NA|0
"190610001003"|0|1|1|0|0|0|0|1|1|1|0|0|0|1|0|32524|32524|7920|7920|8275|213|76|190|11034872|58078.2736842105|0
"190610006003"|0|1|1|0|0|0|0|1|1|1|0|0|0|1|0|32300|32300|9900|9900|9600|144|63|168|9831958|58523.5595238095|0
"190610007011"|0|1|1|0|0|0|0|1|1|1|0|0|0|1|0|32524|32524|7920|7920|8275|213|76|190|11034872|58078.2736842105|0
"190610008012"|0|0|1|0|0|0|0|1|1|1|0|0|1|0|0|NA|NA|17400|17400|NA|26|6|18|1395404|77522.4444444444|0
"190610009001"|0|1|0|0|0|0|0|1|1|1|0|0|1|0|0|18400|18400|NA|NA|8500|32|9|44|1614940|36703.1818181818|0
"190610009003"|0|1|1|0|0|0|0|1|1|1|0|0|0|1|0|32670|32670|12600|12600|9930|286|87|188|12048808|64089.4042553191|0
"190610012011"|0|1|0|0|0|0|0|1|1|1|0|0|1|0|0|18400|18400|NA|NA|8500|32|9|44|1614940|36703.1818181818|0
"190610102023"|0|1|0|0|0|0|0|1|1|1|0|0|1|0|0|13000|13000|NA|NA|3700|26|12|40|2070814|51770.35|0
"190630703001"|0|1|0|0|0|0|0|1|1|1|1|0|0|1|0|5728|6080|NA|NA|6300|129|39|146|8802116|60288.4657534247|0
"190650802001"|0|1|1|0|0|0|0|1|1|1|0|0|0|1|0|29700|29700|18540|18540|8454|290|190|152|9262894|60940.0921052632|0
"190834803002"|0|1|0|0|0|0|0|1|1|1|1|0|1|0|0|4152|5088|NA|NA|6900|40|5|52|3385386|65103.5769230769|0
"190834803004"|0|1|0|0|0|0|0|1|1|1|1|0|1|0|0|4152|5088|NA|NA|6900|40|5|52|3385386|65103.5769230769|0
"190879703001"|0|1|1|0|0|0|0|1|1|1|0|0|1|0|0|23600|29500|5571|5571|10960|76|31|68|3736294|54945.5|0
"190879704003"|0|1|0|0|0|0|0|1|1|0|0|1|1|0|0|NA|NA|NA|NA|NA|0|0|0|0|NA|0
"191010901003"|0|1|1|0|0|0|0|1|1|1|0|0|0|1|0|16000|16000|28000|28000|7400|229|22|190|6800150|35790.2631578947|0
"191010904002"|0|1|1|0|0|0|0|1|1|1|0|0|0|1|0|16000|16000|28000|28000|7400|229|22|190|6800150|35790.2631578947|0
"191030011002"|0|1|0|0|0|0|0|1|1|0|0|1|1|0|0|NA|NA|NA|NA|NA|0|0|0|0|NA|0
"191030017001"|0|1|0|0|0|0|0|1|1|0|0|1|1|0|0|NA|NA|NA|NA|NA|0|0|0|0|NA|0
"191030021001"|0|1|1|0|1|1|0|1|1|1|0|0|0|0|1|7770|29736|9785|28726|11172|4971|729|2716|283908884|104531.989690722|0
"191050703002"|0|1|0|0|0|0|0|1|1|0|0|1|1|0|0|NA|NA|NA|NA|NA|0|0|0|0|NA|0
"191050703003"|0|1|0|0|0|0|0|1|1|0|0|1|1|0|0|NA|NA|NA|NA|NA|0|0|0|0|NA|0
"191050704004"|0|1|0|0|0|0|0|1|1|0|0|1|1|0|0|NA|NA|NA|NA|NA|0|0|0|0|NA|0
"191130013002"|0|1|1|0|0|0|0|1|1|1|0|0|0|1|0|31598|31598|9900|9900|9534|139|47|154|9813164|63721.8441558442|0
"191130019001"|0|2|0|0|0|0|0|2|2|1|0|1|1|1|0|47450|47450|NA|NA|NA|192|77|238|14433982|NA|0
"191130024003"|0|1|0|0|0|0|0|1|1|0|0|1|1|0|0|NA|NA|NA|NA|NA|0|0|0|0|NA|0
"191130030011"|0|1|1|0|0|0|0|1|1|1|0|0|1|0|0|13356|13356|10560|10560|NA|6|1|12|778606|64883.8333333333|0
"191130030012"|0|1|1|0|0|0|0|1|1|1|0|0|1|0|0|13356|13356|10560|10560|NA|6|1|12|778606|64883.8333333333|0
"191130030021"|0|1|0|0|0|0|0|1|1|1|1|0|0|0|1|5070|6450|NA|NA|NA|549|150|520|36947898|71053.65|0
"191130030022"|0|1|0|0|0|0|0|1|1|1|1|0|0|0|1|5070|6450|NA|NA|NA|549|150|520|36947898|71053.65|0
"191130104001"|0|1|0|0|0|0|0|1|1|0|0|1|1|0|0|NA|NA|NA|NA|NA|0|0|0|0|NA|0
"191130108001"|0|1|0|0|0|0|0|1|1|1|0|0|0|1|0|41874|41874|NA|NA|9384|176|71|152|10462612|68832.9736842105|0
"191130108002"|0|1|0|0|0|0|0|1|1|1|0|0|0|1|0|41874|41874|NA|NA|9384|176|71|152|10462612|68832.9736842105|0
"191239506003"|0|1|1|0|0|0|0|1|1|1|0|0|0|1|0|24870|24870|10130|10130|6952|88|35|90|4512752|50141.6888888889|0
"191250303001"|0|1|0|0|0|0|0|1|1|1|0|0|0|1|0|37296|37296|NA|NA|10280|245|80|202|13142794|65063.3366336634|0
"191250303002"|0|1|0|0|0|0|0|1|1|1|0|0|0|1|0|37296|37296|NA|NA|10280|245|80|202|13142794|65063.3366336634|0
"191279508003"|0|1|0|0|0|0|0|1|1|1|1|0|0|1|0|4152|4488|NA|NA|7158|100|30|84|5707244|67943.3809523809|0
"191279508005"|0|2|0|0|0|0|0|2|2|1|1|1|1|1|0|NA|NA|NA|NA|NA|100|30|84|5707244|NA|0
"191279510002"|0|1|0|0|0|0|0|1|1|1|1|0|0|1|0|4152|4488|NA|NA|7158|100|30|84|5707244|67943.3809523809|0
"191279510003"|0|1|0|0|0|0|0|1|1|1|1|0|0|1|0|4152|4488|NA|NA|7158|100|30|84|5707244|67943.3809523809|0
"191499706001"|0|1|1|0|0|0|0|1|1|1|0|0|0|1|0|29796|29796|9414|9414|8896|127|70|146|8766204|60042.4931506849|0
"191530005002"|0|1|1|0|0|0|0|1|1|1|0|0|0|1|0|26922|26922|11290|11290|9178|153|60|182|10552406|57980.2527472528|0
"191530008034"|0|1|0|0|0|0|0|1|1|0|0|1|1|0|0|NA|NA|NA|NA|NA|0|0|0|0|NA|0
"191530011004"|0|1|1|0|0|0|0|1|1|1|0|0|0|1|0|41250|41250|10260|10260|10528|681|300|618|55237600|89381.2297734628|0
"191530032002"|0|0|1|0|0|1|0|1|1|1|0|0|0|1|0|NA|NA|16153|16153|NA|230|77|18|1732372|96242.8888888889|0
"191530047011"|0|1|0|0|0|0|0|1|0|0|0|0|0|0|0|NA|NA|NA|NA|NA|0|0|0|0|NA|0
"191530051001"|0|1|0|0|0|0|0|1|1|0|0|1|1|0|0|NA|NA|NA|NA|NA|0|0|0|0|NA|0
"191530051002"|0|2|0|0|0|0|0|2|2|1|0|1|2|0|0|21552|21552|NA|NA|NA|52|12|98|6695400|NA|0
"191530051004"|0|1|0|0|0|0|0|1|1|0|0|1|1|0|0|3600|3600|NA|NA|NA|0|0|0|0|NA|0
"191530102053"|0|1|0|0|0|0|0|1|1|1|1|0|0|0|1|4680|9360|NA|NA|7302|476|193|692|49815472|71987.676300578|0
"191530102073"|0|1|1|0|0|0|0|1|1|1|0|0|1|0|0|16274|16274|6500|6500|6800|43|12|36|1647936|45776|0
"191530104061"|0|1|1|0|0|0|0|1|1|1|0|0|1|0|0|13356|13356|10560|10560|NA|7|1|8|433448|54181|0
"191530104083"|0|1|0|0|0|0|0|1|1|0|0|1|1|0|0|NA|NA|NA|NA|NA|0|0|0|0|NA|0
"191530113003"|0|1|1|0|0|0|0|1|1|1|0|0|1|0|0|13356|13356|10560|10560|NA|7|1|8|433448|54181|0
"191530113004"|0|1|1|0|0|0|0|1|1|1|0|0|1|0|0|13356|13356|10560|10560|NA|7|1|8|433448|54181|0
"191530117011"|0|1|0|0|0|0|0|1|1|0|0|1|1|0|0|NA|NA|NA|NA|NA|0|0|0|0|NA|0
"191550308003"|0|1|0|0|0|0|0|1|1|0|0|1|1|0|0|NA|NA|NA|NA|NA|0|0|0|0|NA|0
"191550317002"|0|1|0|0|0|0|0|1|1|1|1|0|0|1|0|5408|5568|NA|NA|8500|269|118|216|11571346|53571.0462962963|0
"191573703003"|0|1|0|0|0|0|0|1|1|1|0|0|0|1|0|51924|51924|NA|NA|12810|498|135|402|40994140|101975.472636816|0
"191630106002"|0|2|1|0|0|0|0|2|2|2|1|0|0|2|0|14304|16448|NA|NA|15260|568|186|528|34712030|130900.398897059|0
"191630107002"|0|1|0|0|0|0|0|1|1|1|1|0|0|1|0|5184|7328|NA|NA|6516|254|73|256|14286056|55804.90625|0
"191630109001"|0|1|0|0|0|0|0|1|1|1|1|0|0|1|0|5184|7328|NA|NA|6516|254|73|256|14286056|55804.90625|0
"191630113001"|0|1|1|0|0|0|0|1|1|1|0|0|0|1|0|30614|30614|16956|16956|10470|254|130|400|29041680|72604.2|0
"191630113002"|0|1|1|0|0|0|0|1|1|1|0|0|0|1|0|30614|30614|16956|16956|10470|254|130|400|29041680|72604.2|0
"191630128021"|0|2|0|0|0|0|0|2|2|1|0|1|2|0|0|NA|NA|NA|NA|NA|11|4|20|920382|NA|0
"191630129012"|0|1|0|0|0|0|0|1|1|0|0|1|1|0|0|NA|NA|NA|NA|NA|0|0|0|0|NA|0
"191630130002"|0|1|1|0|0|0|0|1|1|1|0|0|0|0|1|13356|13356|10560|10560|NA|2|0|0|0|NA|0
"191630135001"|0|1|0|0|0|0|0|1|1|1|1|0|1|0|0|NA|NA|NA|NA|NA|10|2|8|170198|21274.75|0
"191670701001"|0|1|0|0|0|0|0|1|1|1|1|0|0|1|0|5070|5370|NA|NA|6040|77|16|74|3851770|52050.9459459459|0
"191670706001"|0|1|1|0|0|0|0|1|1|1|0|0|0|1|0|30900|30900|5850|5850|9200|125|36|164|9939882|60609.0365853659|0
"191670707002"|0|1|1|0|0|0|0|1|1|1|0|0|0|1|0|30330|30330|5760|5760|9590|127|57|166|10956534|66003.2168674699|0
"191690008002"|0|1|1|0|0|1|0|1|1|1|0|0|0|0|1|7740|22144|9302|23564|8720|5086|616|3122|331296798|106116.847533632|0
"191690013021"|0|1|0|0|0|0|0|1|1|0|0|1|1|0|0|NA|NA|NA|NA|NA|0|0|0|0|NA|0
"191751904001"|0|1|0|0|0|0|0|1|1|1|1|0|0|1|0|5130|5340|NA|NA|7660|98|39|78|3836874|49190.6923076923|0
"191799602002"|0|1|0|0|0|0|0|1|1|0|0|1|1|0|0|NA|NA|NA|NA|NA|0|0|0|0|NA|0
"191799603002"|0|1|0|0|0|0|0|1|1|1|1|0|0|1|0|4224|5760|NA|NA|4470|229|91|266|18116516|68107.2030075188|0
"191810207003"|0|1|1|0|0|0|0|1|1|1|0|0|0|1|0|38412|38412|8066|8066|8380|145|85|186|11079226|59565.7311827957|0
"191839601004"|0|1|1|0|0|0|0|1|1|1|0|0|1|0|0|4800|4800|3150|3150|NA|5|0|0|0|NA|0
"191870005002"|0|1|0|0|0|0|0|1|1|0|0|1|1|0|0|NA|NA|NA|NA|NA|0|0|0|0|NA|0
"191870006002"|0|1|0|0|0|0|0|1|1|0|0|1|1|0|0|NA|NA|NA|NA|NA|0|0|0|0|NA|0
"191870009001"|0|1|0|0|0|0|0|1|1|1|1|0|0|1|0|5070|7470|NA|NA|6750|254|108|184|12579216|68365.3043478261|0
"191896803005"|0|1|1|0|0|0|0|1|1|1|0|0|0|1|0|20934|20934|4500|4500|7524|159|60|98|4642606|47373.5306122449|0
"191919502002"|0|1|0|0|0|0|0|1|1|1|0|0|0|1|0|41950|41950|NA|NA|9460|223|70|316|21434882|67831.9050632911|0
"191919502003"|0|1|0|0|0|0|0|1|1|1|0|0|0|1|0|41950|41950|NA|NA|9460|223|70|316|21434882|67831.9050632911|0
"191919505003"|0|1|0|0|0|0|0|1|1|1|1|0|0|1|0|5100|5700|NA|NA|NA|197|45|198|10408358|52567.4646464646|0
"191930005002"|0|1|1|0|0|0|0|1|1|1|0|0|0|1|0|29796|29796|9414|9414|8896|127|70|146|8766204|60042.4931506849|0
"191930010001"|0|1|0|0|0|0|0|1|1|1|0|0|1|0|0|18900|18900|NA|NA|NA|9|1|50|3224228|64484.56|0
"191930018001"|0|1|0|0|0|0|0|1|1|1|1|0|0|1|0|3576|3600|NA|NA|5650|180|28|132|7931728|60088.8484848485|0
"191930020001"|0|1|1|0|0|0|0|1|1|1|0|0|0|1|0|30030|30030|4770|4770|9610|160|74|156|9892762|63415.141025641|0
"191930021025"|0|1|0|0|0|0|0|1|1|0|0|1|1|0|0|NA|NA|NA|NA|NA|0|0|0|0|NA|0
"191930033003"|0|1|0|0|0|0|0|1|1|1|1|0|0|1|0|3576|3600|NA|NA|5650|180|28|132|7931728|60088.8484848485|0
"200019527002"|0|1|0|0|0|0|0|1|1|1|1|0|0|1|0|1920|1920|NA|NA|7170|80|30|62|3170930|51144.0322580645|0
"200019528002"|0|1|0|0|0|0|0|1|1|1|1|0|0|1|0|1920|1920|NA|NA|7170|80|30|62|3170930|51144.0322580645|0
"200050817001"|0|1|1|0|0|0|0|1|1|1|0|0|0|1|0|28730|28730|27000|27000|10000|182|95|232|14634490|63079.6982758621|0
"200099718001"|0|1|0|0|0|0|0|1|1|1|1|0|0|1|0|2368|2368|NA|NA|8400|229|100|146|7807830|53478.2876712329|0
"200099718002"|0|1|0|0|0|0|0|1|1|1|1|0|0|1|0|2368|2368|NA|NA|8400|229|100|146|7807830|53478.2876712329|0
"200119557001"|0|1|0|0|0|0|0|1|1|1|1|0|0|1|0|1860|1860|NA|NA|5945|94|29|78|3086614|39571.9743589744|0
"200119558001"|0|1|0|0|0|0|0|1|1|1|1|0|0|1|0|1860|1860|NA|NA|5945|94|29|78|3086614|39571.9743589744|0
"200150202012"|0|1|0|0|0|0|0|1|1|1|1|0|0|1|0|2520|4320|NA|NA|6150|280|97|300|16213304|54044.3466666667|0
"200150202013"|0|1|0|0|0|0|0|1|1|1|1|0|0|1|0|2520|4320|NA|NA|6150|280|97|300|16213304|54044.3466666667|0
"200150203002"|0|1|0|0|0|0|0|1|1|1|1|0|0|1|0|2520|4320|NA|NA|6150|280|97|300|16213304|54044.3466666667|0
"200150204002"|0|1|0|0|0|0|0|1|1|1|1|0|0|1|0|2520|4320|NA|NA|6150|280|97|300|16213304|54044.3466666667|0
"200299773004"|0|1|0|0|0|0|0|1|1|1|1|0|0|1|0|2340|2520|NA|NA|5900|105|34|78|2939834|37690.1794871795|0
"200299774001"|0|1|0|0|0|0|0|1|1|1|1|0|0|1|0|2340|2520|NA|NA|5900|105|34|78|2939834|37690.1794871795|0
"200354935003"|0|1|1|0|0|0|0|1|1|1|0|0|0|1|0|30000|30000|11196|11196|7760|123|69|96|5294494|55150.9791666667|0
"200354940001"|0|1|0|0|0|0|0|1|1|1|1|0|0|1|0|1950|2820|NA|NA|5200|136|41|120|6163610|51363.4166666667|0
"200379576003"|0|1|1|0|0|0|0|1|1|1|0|0|0|1|0|5694|17038|6560|17200|7778|464|113|592|40065730|67678.597972973|0
"200430201002"|0|1|0|0|0|0|0|1|1|1|1|0|0|1|0|2346|2346|NA|NA|7922|114|51|110|5417298|49248.1636363636|0
"200450002001"|0|1|0|0|0|0|0|1|1|1|1|0|1|0|0|NA|NA|NA|NA|NA|2|0|0|0|NA|0
"200450002002"|0|1|0|0|0|0|0|1|1|1|1|0|1|0|0|NA|NA|NA|NA|NA|2|0|0|0|NA|0
"200450003002"|0|1|1|0|0|1|0|1|1|1|0|0|0|0|1|10092|26302|9989|23366|11262|4555|1226|2630|251534056|95640.3254752852|0
"200450003004"|0|1|1|0|0|1|0|1|1|1|0|0|0|0|1|10092|26302|9989|23366|11262|4555|1226|2630|251534056|95640.3254752852|0
"200450004001"|0|1|1|0|0|1|0|1|1|1|0|0|0|0|1|10092|26302|9989|23366|11262|4555|1226|2630|251534056|95640.3254752852|0
"200450005022"|0|1|1|0|0|1|0|1|1|1|0|0|0|0|1|10092|26302|9989|23366|11262|4555|1226|2630|251534056|95640.3254752852|0
"200450009014"|0|1|0|0|0|0|0|1|0|0|0|0|0|0|0|NA|NA|NA|NA|NA|0|0|0|0|NA|0
"200450010012"|0|1|0|0|0|0|1|1|1|1|0|0|1|0|0|NA|NA|NA|NA|950|111|17|70|5070518|72435.9714285714|0
"200450012034"|0|1|1|0|0|0|0|1|1|1|0|0|0|1|0|29300|29300|10188|10188|8310|174|80|140|7948978|56778.4142857143|0
"200510727014"|0|1|0|0|0|0|0|1|1|0|0|1|1|0|0|NA|NA|NA|NA|NA|0|0|0|0|NA|0
"200510729001"|0|1|1|0|0|0|0|1|1|1|0|0|0|0|1|3990|14070|3582|10206|8034|544|141|706|45856148|64952.0509915014|0
"200510729005"|0|1|1|0|0|0|0|1|1|1|0|0|0|0|1|3990|14070|3582|10206|8034|544|141|706|45856148|64952.0509915014|0
"200559605071"|0|2|0|0|0|0|0|2|2|2|1|0|1|1|0|16830|17400|NA|NA|NA|148|53|122|6412076|NA|0
"200579619002"|0|1|0|0|0|0|0|1|1|1|1|0|0|1|0|1470|1770|NA|NA|7000|138|53|102|5653008|55421.6470588235|0
"200599543001"|0|2|2|0|0|0|0|2|2|2|0|0|2|0|0|40386|40386|22860|22860|NA|127|38|52|2980580|NA|0
"200599544005"|0|2|2|0|0|0|0|2|2|2|0|0|2|0|0|40386|40386|22860|22860|NA|127|38|52|2980580|NA|0
"200790301002"|0|1|0|0|0|0|0|1|1|1|0|0|1|0|0|28300|28300|NA|NA|9400|87|31|86|4396012|51116.4186046512|0
"200790301003"|0|1|0|0|0|0|0|1|1|1|0|0|1|0|0|28300|28300|NA|NA|9400|87|31|86|4396012|51116.4186046512|0
"200790301004"|0|1|0|0|0|0|0|1|1|1|0|0|1|0|0|28300|28300|NA|NA|9400|87|31|86|4396012|51116.4186046512|0
"200790305003"|0|1|0|0|0|0|0|1|1|1|0|0|1|0|0|28300|28300|NA|NA|9400|87|31|86|4396012|51116.4186046512|0
"200790305004"|0|1|0|0|0|0|0|1|1|1|0|0|1|0|0|26460|26460|NA|NA|8800|66|18|66|2956250|44791.6666666667|0
"200910506003"|0|1|0|0|0|0|0|1|1|1|0|0|1|0|0|7080|7080|NA|NA|7100|19|2|8|164448|20556|0
"200910518031"|0|1|0|0|0|0|0|1|1|0|0|1|1|0|0|NA|NA|NA|NA|NA|0|0|0|0|NA|0
"200910519081"|0|1|0|0|0|0|0|1|1|1|0|0|1|0|0|15000|15000|NA|NA|NA|7|2|8|586016|73252|0
"200910524052"|0|1|0|0|0|0|0|1|1|0|0|1|1|0|0|NA|NA|NA|NA|NA|0|0|0|0|NA|0
"200910524172"|0|2|1|0|0|0|0|2|2|1|0|1|1|1|0|NA|NA|NA|NA|NA|228|12|64|3639822|NA|0
"200910530042"|0|1|0|0|0|0|0|1|1|1|1|0|0|0|1|2820|6120|NA|NA|NA|577|173|636|46282308|72770.9245283019|0
"200910531021"|0|1|1|0|0|0|0|1|1|1|0|0|1|0|0|14400|14400|11700|11700|NA|62|20|76|4661960|61341.5789473684|0
"200910532011"|0|1|1|0|0|0|0|1|1|1|0|0|1|0|0|11976|11976|11430|11430|NA|36|1|4|248000|62000|0
"200910533011"|0|1|1|0|0|0|0|1|1|1|0|0|1|0|0|11976|11976|11430|11430|NA|36|1|4|248000|62000|0
"200910534091"|0|0|1|0|0|0|0|1|1|1|0|0|1|0|0|NA|NA|11466|11466|NA|13|4|16|1390622|86913.875|0
"200910534131"|0|1|0|0|0|0|0|1|1|0|0|1|1|0|0|NA|NA|NA|NA|NA|0|0|0|0|NA|0
"200910534141"|0|0|1|0|0|0|0|1|1|1|0|0|1|0|0|NA|NA|11466|11466|NA|13|4|16|1390622|86913.875|0
"200910535022"|0|1|1|0|0|0|0|1|1|1|0|0|0|1|0|29986|29986|13095|13095|8708|169|58|146|9678804|66293.1780821918|0
"200910535023"|0|1|1|0|0|0|0|1|1|1|0|0|0|1|0|29986|29986|13095|13095|8708|169|58|146|9678804|66293.1780821918|0
"200919800011"|0|1|1|0|0|0|0|1|1|1|0|0|0|1|0|6360|6360|3900|3900|NA|228|12|64|3639822|56872.21875|0
"200979691004"|0|1|1|0|0|0|0|1|1|1|0|0|1|0|0|15000|15000|7110|7110|9300|24|5|26|1191320|45820|0
"200999501001"|0|1|0|0|0|0|0|1|1|1|1|0|0|1|0|1620|2370|NA|NA|NA|80|31|64|3303996|51624.9375|0
"200999501003"|0|1|0|0|0|0|0|1|1|1|1|0|0|1|0|1620|2370|NA|NA|NA|80|31|64|3303996|51624.9375|0
"201030705004"|0|1|1|0|0|0|0|1|1|1|0|0|0|1|0|27880|27880|11340|11340|8540|116|49|134|8545828|63774.8358208955|0
"201110001004"|0|1|1|0|0|0|0|1|1|1|0|0|0|1|0|5154|19071|6328|19403|8910|446|157|488|30840354|63197.4467213115|0
"201110002004"|0|1|0|0|0|0|0|1|1|1|1|0|0|1|0|4512|4512|NA|NA|NA|29|8|72|3510844|48761.7222222222|0
"201137882001"|0|1|0|0|0|0|0|1|1|1|0|0|1|0|0|26960|26960|NA|NA|10605|82|57|82|3513358|42845.8292682927|0
"201137882002"|0|1|0|0|0|0|0|1|1|1|0|0|1|0|0|26960|26960|NA|NA|10605|82|57|82|3513358|42845.8292682927|0
"201137886003"|0|1|1|0|0|0|0|1|1|1|0|0|1|0|0|28160|28160|3375|3375|8411|94|39|90|5057404|56193.3777777778|0
"201137886004"|0|1|0|0|0|0|0|1|1|1|0|0|1|0|0|18618|18618|NA|NA|6360|45|18|40|1496592|37414.8|0
"201137886005"|0|1|0|0|0|0|0|1|1|1|0|0|1|0|0|18618|18618|NA|NA|6360|45|18|40|1496592|37414.8|0
"201137886007"|0|1|1|0|0|0|0|1|1|1|0|0|1|0|0|28160|28160|3375|3375|8411|94|39|90|5057404|56193.3777777778|0
"201154896002"|0|1|1|0|0|0|0|1|1|1|0|0|1|0|0|27300|27300|8394|8394|9850|84|35|72|3413018|47403.0277777778|0
"201231766004"|0|1|0|0|0|0|0|1|1|1|1|0|1|0|0|4284|4284|NA|NA|6285|37|8|112|4578418|40878.7321428571|0
"201259506001"|0|1|0|0|0|0|0|1|1|1|1|0|1|0|0|1920|2144|NA|NA|5230|83|32|62|3576126|57679.4516129032|0
"201259506004"|0|1|0|0|0|0|0|1|1|1|1|0|1|0|0|1920|2144|NA|NA|5230|83|32|62|3576126|57679.4516129032|0
"201259510002"|0|1|0|0|0|0|0|1|1|1|1|0|0|1|0|1120|2688|NA|NA|6040|100|66|94|4577562|48697.4680851064|0
"201259510003"|0|1|0|0|0|0|0|1|1|1|1|0|0|1|0|1120|2688|NA|NA|6040|100|66|94|4577562|48697.4680851064|0
"201339518003"|0|1|0|0|0|0|0|1|1|1|1|0|0|1|0|2336|2336|NA|NA|6200|111|35|112|5159338|46065.5178571429|0
"201519687001"|0|1|0|0|0|0|0|1|1|1|1|0|0|1|0|1984|2336|NA|NA|5910|85|42|70|3611640|51594.8571428571|0
"201519688001"|0|1|0|0|0|0|0|1|1|1|1|0|0|1|0|1984|2336|NA|NA|5910|85|42|70|3611640|51594.8571428571|0
"201550002004"|0|1|0|0|0|0|0|1|1|1|1|0|0|1|0|2848|3840|NA|NA|5850|256|95|270|14458506|53550.0222222222|0
"201599673003"|0|1|1|0|0|0|0|1|1|1|0|0|1|0|0|25000|25000|13860|13860|8506|80|41|94|4120016|43829.9574468085|0
"201610003043"|0|1|0|0|0|0|0|1|1|0|0|1|1|0|0|NA|NA|NA|NA|NA|0|0|0|0|NA|0
"201610005002"|0|1|1|0|0|1|0|1|1|1|0|0|0|0|1|9375|24879|10061|22709|9680|3733|490|2066|180459512|87347.2952565344|0
"201610006004"|0|1|0|0|0|0|0|1|1|1|1|0|1|0|0|5100|5100|NA|NA|NA|42|7|48|2369394|49362.375|0
"201610008011"|0|1|0|0|0|0|0|1|1|1|0|0|1|0|0|15360|15360|NA|NA|9092|27|3|16|818104|51131.5|0
"201610011003"|0|1|1|0|0|1|0|1|1|1|0|0|0|0|1|9375|24879|10061|22709|9680|3733|490|2066|180459512|87347.2952565344|0
"201690001002"|0|1|0|0|0|0|0|1|1|0|0|1|1|0|0|NA|NA|NA|NA|NA|0|0|0|0|NA|0
"201690001003"|0|1|0|0|0|0|0|1|1|0|0|1|1|0|0|NA|NA|NA|NA|NA|0|0|0|0|NA|0
"201690001004"|0|1|0|0|0|0|0|1|1|0|0|1|1|0|0|NA|NA|NA|NA|NA|0|0|0|0|NA|0
"201690001005"|0|1|0|0|0|0|0|1|1|0|0|1|1|0|0|NA|NA|NA|NA|NA|0|0|0|0|NA|0
"201690006001"|0|1|0|0|0|0|0|1|1|1|1|0|1|0|0|6428|6428|NA|NA|NA|23|2|50|2534294|50685.88|0
"201690009004"|0|1|1|0|0|0|0|1|1|1|0|0|1|0|0|29500|29500|NA|NA|9500|95|39|94|4697640|49974.8936170213|0
"201730009001"|0|1|1|0|0|0|0|1|1|1|0|0|0|0|1|6709|15890|5435|13348|11252|1451|500|1096|82386868|75170.5|0
"201730024002"|0|1|0|0|0|0|0|1|1|0|0|1|1|0|0|NA|NA|NA|NA|NA|0|0|0|0|NA|0
"201730028004"|0|1|1|0|0|0|0|1|1|1|0|0|0|1|0|27965|27965|10638|10638|7972|147|75|116|7566640|65229.6551724138|0
"201730090001"|0|1|0|0|0|0|0|1|1|0|0|1|1|0|0|NA|NA|NA|NA|NA|0|0|0|0|NA|0
"201730090003"|0|1|1|0|0|0|0|1|1|1|0|0|0|1|0|29260|29260|10062|10062|8326|130|66|178|9972616|56025.9325842697|0
"201730091001"|0|1|0|0|0|0|0|1|1|1|1|0|1|0|0|NA|NA|NA|NA|NA|53|8|74|3810460|51492.7027027027|0
"201730092002"|0|1|0|0|0|0|0|1|1|0|0|1|1|0|0|NA|NA|NA|NA|NA|0|0|0|0|NA|0
"201730093022"|0|1|0|0|0|0|0|1|1|0|0|1|1|0|0|NA|NA|NA|NA|NA|0|0|0|0|NA|0
"201730095131"|0|1|0|0|0|0|0|1|1|1|0|0|1|0|0|15000|15000|NA|NA|NA|0|0|0|0|NA|0
"201730101061"|0|1|0|0|0|0|0|1|1|1|1|0|0|1|0|4206|5047|NA|NA|NA|136|12|164|8152440|49710|0
"201730101091"|0|1|0|0|0|0|0|1|1|1|0|0|1|0|0|15000|15000|NA|NA|NA|2|1|6|340106|56684.3333333333|0
"201730101161"|0|1|0|0|0|0|0|1|1|1|1|0|0|1|0|4206|5047|NA|NA|NA|136|12|164|8152440|49710|0
"201730108011"|0|1|0|0|0|0|0|1|1|0|0|1|1|0|0|NA|NA|NA|NA|NA|0|0|0|0|NA|0
"201730108021"|0|1|0|0|0|0|0|1|0|0|0|0|0|0|0|NA|NA|NA|NA|NA|0|0|0|0|NA|0
"201759657001"|0|1|0|0|0|0|0|1|1|1|1|0|0|1|0|2048|3232|NA|NA|5010|120|51|114|5412010|47473.7719298246|0
"201770018002"|0|1|1|0|0|0|0|1|1|1|0|0|0|1|0|8202|18450|8888|17930|9144|461|149|546|38928590|71297.7838827839|0
"201770024001"|0|1|1|0|0|0|0|1|1|1|0|0|1|0|0|9360|9360|9480|9480|NA|15|1|18|1340758|74486.5555555556|0
"201770024002"|0|1|0|0|0|0|0|1|1|0|0|1|0|1|0|6672|6672|NA|NA|NA|0|0|0|0|NA|0
"201770026011"|0|1|0|0|0|0|0|1|0|0|0|0|0|0|0|NA|NA|NA|NA|NA|0|0|0|0|NA|0
"201814537001"|0|1|0|0|0|0|0|1|1|1|1|0|1|0|0|NA|NA|NA|NA|NA|43|18|60|2947932|49132.2|0
"201814537002"|0|1|0|0|0|0|0|1|1|1|1|0|1|0|0|NA|NA|NA|NA|NA|43|18|60|2947932|49132.2|0
"201814537006"|0|1|0|0|0|0|0|1|1|1|1|0|1|0|0|NA|NA|NA|NA|NA|43|18|60|2947932|49132.2|0
"201939531001"|0|1|0|0|0|0|0|1|1|1|1|0|0|1|0|2430|3990|NA|NA|6193|72|23|98|4302428|43902.3265306122|0
"201939531005"|0|1|0|0|0|0|0|1|1|1|1|0|0|1|0|2430|3990|NA|NA|6193|72|23|98|4302428|43902.3265306122|0
"202090416003"|0|1|0|0|0|0|0|1|1|1|0|0|1|0|0|7465|7465|NA|NA|NA|42|4|36|1668654|46351.5|0
"202090416004"|0|1|0|0|0|0|0|1|1|1|0|0|1|0|0|7465|7465|NA|NA|NA|42|4|36|1668654|46351.5|0
"202090441042"|0|1|0|0|0|0|0|1|1|1|1|0|0|1|0|2640|5850|NA|NA|7320|286|121|320|23359712|72999.1|0
"210019704022"|0|1|1|0|0|0|0|1|1|1|0|0|0|1|0|24600|24600|8651|8651|9385|257|101|224|13334446|59528.7767857143|0
"210099505001"|0|1|0|0|0|0|0|1|1|0|0|1|1|0|0|NA|NA|NA|NA|NA|0|0|0|0|NA|0
"210139602003"|0|1|0|0|0|0|0|1|1|1|0|0|1|0|0|8520|8520|NA|NA|4160|18|3|12|542912|45242.6666666667|0
"210139611001"|0|1|0|0|0|0|0|1|1|1|0|0|1|0|0|8520|8520|NA|NA|4160|18|3|12|542912|45242.6666666667|0
"210139611002"|0|1|0|0|0|0|0|1|1|1|0|0|1|0|0|8520|8520|NA|NA|4160|18|3|12|542912|45242.6666666667|0
"210139611003"|0|1|0|0|0|0|0|1|1|1|0|0|1|0|0|8520|8520|NA|NA|4160|18|3|12|542912|45242.6666666667|0
"210150701004"|0|1|0|0|0|0|0|1|1|0|0|1|1|0|0|NA|NA|NA|NA|NA|0|0|0|0|NA|0
"210150701005"|0|0|0|0|0|0|0|1|0|0|0|0|0|0|0|NA|NA|NA|NA|NA|0|0|0|0|NA|0
"210150703011"|0|1|0|0|0|0|0|1|1|1|1|0|0|1|0|4056|14208|NA|NA|NA|118|51|150|7881414|52542.76|0
"210150703111"|0|1|0|0|0|0|0|1|1|1|0|0|1|0|0|12780|12780|NA|NA|NA|20|3|24|1605498|66895.75|0
"210190307003"|0|1|0|0|0|0|0|1|1|1|1|0|0|1|0|4056|14208|NA|NA|NA|87|36|138|7321456|53054.0289855072|0
"210219303003"|0|1|0|0|0|0|0|1|1|1|0|0|0|1|0|41700|41700|NA|NA|10480|290|108|262|19634466|74940.7099236641|0
"210259201001"|0|1|0|0|0|0|0|1|1|1|0|0|1|0|0|8550|8550|NA|NA|5050|8|1|2|18480|9240|0
"210259204001"|0|1|0|0|0|0|0|1|1|1|0|0|1|0|0|8550|8550|NA|NA|5050|8|1|2|18480|9240|0
"210350103013"|0|1|1|0|0|0|0|1|1|1|0|0|0|1|0|7884|23340|8214|13500|9190|824|260|888|57614336|64881.009009009|0
"210350103023"|0|1|1|0|0|0|0|1|1|1|0|0|0|1|0|7884|23340|8214|13500|9190|824|260|888|57614336|64881.009009009|0
"210370504001"|0|1|0|0|0|0|0|1|1|0|0|1|1|0|0|NA|NA|NA|NA|NA|0|0|0|0|NA|0
"210370524001"|0|1|0|0|0|0|0|1|1|1|1|0|1|0|0|9480|9480|NA|NA|NA|3|0|8|330344|41293|0
"210370533021"|0|1|0|0|0|0|0|1|1|1|1|0|1|0|0|9480|9480|NA|NA|NA|3|0|8|330344|41293|0
"210370533023"|0|1|1|0|0|0|0|1|1|1|0|0|0|0|1|9648|19296|11034|16974|9912|826|294|1120|80140568|71554.0785714286|0
"210439605003"|0|1|1|0|0|0|0|1|1|1|0|0|1|0|0|19255|19255|4950|4950|8200|58|13|58|2634184|45416.9655172414|0
"210472002002"|0|1|0|0|0|0|0|1|1|1|1|0|0|1|0|4056|14208|NA|NA|NA|87|32|110|5329314|48448.3090909091|0
"210472005003"|0|1|0|0|0|0|0|1|1|1|1|0|1|0|0|NA|NA|NA|NA|NA|7|2|6|187654|31275.6666666667|0
"210590003002"|0|1|1|0|0|0|0|1|1|1|0|0|0|1|0|21500|21500|550|550|9350|94|29|82|4041408|49285.4634146341|0
"210590011001"|0|1|0|0|0|0|0|1|1|1|0|0|1|0|0|25260|25260|NA|NA|9764|79|43|86|4052162|47118.1627906977|0
"210590017022"|0|2|0|0|0|0|0|2|2|1|1|1|1|1|0|NA|NA|NA|NA|NA|101|40|156|8275734|NA|0
"210670002003"|0|1|0|0|0|0|0|1|1|1|0|0|1|0|0|37170|37170|NA|NA|10460|187|83|168|11461098|68220.8214285714|0
"210670008022"|0|1|1|0|1|1|0|1|1|1|0|0|0|0|1|10896|27750|11703|30015|12814|6491|1973|2868|292837180|102105.013947001|0
"210670016002"|0|1|0|0|0|0|0|1|1|0|0|1|1|0|0|NA|NA|NA|NA|NA|0|0|0|0|NA|0
"210670024001"|0|1|0|0|0|0|0|1|1|1|1|0|0|1|0|4056|14208|NA|NA|NA|253|96|374|19909262|53233.320855615|0
"210670028002"|0|1|0|0|0|0|0|1|1|0|0|1|1|0|0|NA|NA|NA|NA|NA|0|0|0|0|NA|0
"210670030002"|0|1|0|0|0|0|0|1|0|0|0|0|0|0|0|NA|NA|NA|NA|NA|0|0|0|0|NA|0
"210670034041"|0|1|0|0|0|0|0|1|1|0|0|1|1|0|0|NA|NA|NA|NA|NA|0|0|0|0|NA|0
"210670039082"|0|1|0|0|0|0|0|1|1|1|0|0|1|0|0|15732|15732|NA|NA|NA|35|13|26|1034952|39805.8461538462|0
"210670042041"|0|0|1|0|0|0|0|1|1|1|0|0|1|0|0|NA|NA|9120|9120|NA|14|3|8|537330|67166.25|0
"210670042102"|0|1|0|0|0|0|0|1|1|0|0|1|1|0|0|NA|NA|NA|NA|NA|0|0|0|0|NA|0
"210719201001"|0|1|0|0|0|0|0|1|1|1|1|0|0|1|0|4056|14208|NA|NA|NA|120|47|176|9555594|54293.1477272727|0
"210719201004"|0|1|0|0|0|0|0|1|1|1|1|0|0|1|0|4056|14208|NA|NA|NA|120|47|176|9555594|54293.1477272727|0
"210730706003"|0|1|1|1|0|0|0|1|1|1|0|0|0|1|0|7700|19000|7560|11340|6690|405|140|188|10396416|55300.085106383|0
"210730707011"|0|1|1|1|0|0|0|1|1|1|0|0|0|1|0|7700|19000|7560|11340|6690|405|140|188|10396416|55300.085106383|0
"210730712003"|0|1|1|1|0|0|0|1|1|1|0|0|0|1|0|7700|19000|7560|11340|6690|405|140|188|10396416|55300.085106383|0
"210930012001"|0|1|0|0|0|0|0|1|1|0|0|1|1|0|0|NA|NA|NA|NA|NA|0|0|0|0|NA|0
"210930013002"|0|1|0|0|0|0|0|1|1|1|1|0|0|1|0|4056|14208|NA|NA|NA|136|57|234|12234570|52284.4871794872|0
"210930014011"|0|1|0|0|0|0|0|1|1|0|0|1|1|0|0|NA|NA|NA|NA|NA|0|0|0|0|NA|0
"210930014012"|0|1|0|0|0|0|0|1|1|0|0|1|1|0|0|NA|NA|NA|NA|NA|0|0|0|0|NA|0
"210959702004"|0|1|0|0|0|0|0|1|1|1|1|0|0|1|0|4056|14208|NA|NA|NA|121|41|150|8503072|56687.1466666667|0
"211010209003"|0|1|0|0|0|0|0|1|1|1|1|0|0|1|0|4056|14208|NA|NA|NA|47|17|74|3945032|53311.2432432432|0
"211010209005"|0|1|0|0|0|0|0|1|1|1|1|0|0|1|0|4056|14208|NA|NA|NA|47|17|74|3945032|53311.2432432432|0
"211079703002"|0|1|0|0|0|0|0|1|1|1|1|0|0|1|0|4056|14208|NA|NA|NA|96|45|158|8930120|56519.746835443|0
"211110049001"|0|1|0|0|0|0|0|1|1|1|0|0|0|1|0|NA|NA|NA|NA|NA|54|4|90|5937112|65967.9111111111|0
"211110049002"|0|1|0|0|0|0|0|1|1|1|1|0|0|0|1|4056|14208|NA|NA|NA|247|91|362|19938138|55077.729281768|0
"211110050001"|0|1|1|0|0|0|0|1|1|1|0|0|0|1|0|24500|24500|13166|13166|7900|156|54|210|15598560|74278.8571428571|0
"211110050002"|0|1|1|0|0|0|0|1|1|1|0|0|0|1|0|24500|24500|13166|13166|7900|156|54|210|15598560|74278.8571428571|0
"211110051001"|0|1|0|1|0|0|0|1|1|1|0|0|1|0|0|4920|4920|NA|NA|NA|22|6|14|643800|45985.7142857143|0
"211110051002"|0|1|0|1|0|0|0|1|1|1|0|0|1|0|0|4920|4920|NA|NA|NA|22|6|14|643800|45985.7142857143|0
"211110053002"|0|1|1|0|1|1|0|1|1|1|0|0|0|0|1|11460|27082|12684|26454|9226|2506|895|1958|182820776|93371.1828396323|0
"211110074001"|0|1|0|0|0|0|0|1|1|1|0|0|0|1|0|NA|NA|NA|NA|NA|54|4|90|5937112|65967.9111111111|0
"211110087003"|0|1|2|0|0|0|0|2|1|2|0|0|1|1|0|NA|NA|28188|28188|NA|227|56|142|11128274|146890.05952381|0
"211110087004"|0|1|2|0|0|0|0|2|1|2|0|0|1|1|0|NA|NA|28188|28188|NA|227|56|142|11128274|146890.05952381|0
"211110089004"|0|1|1|0|0|0|0|1|1|1|0|0|0|1|0|40250|40250|11560|11560|12250|313|122|352|27973782|79470.9715909091|0
"211110097001"|0|1|1|0|0|0|0|1|1|1|0|0|0|1|0|11520|11520|14160|14160|10485|464|248|384|30307682|78926.2552083333|0
"211110097002"|0|1|1|0|0|0|0|1|1|1|0|0|0|1|0|11520|11520|14160|14160|10485|464|248|384|30307682|78926.2552083333|0
"211110098001"|0|1|0|0|0|0|0|1|1|0|0|1|1|0|0|NA|NA|NA|NA|NA|0|0|0|0|NA|0
"211110098002"|0|1|0|0|0|0|0|1|1|0|0|1|1|0|0|NA|NA|NA|NA|NA|0|0|0|0|NA|0
"211110101022"|0|1|0|0|0|0|0|1|1|0|0|1|1|0|0|NA|NA|NA|NA|NA|0|0|0|0|NA|0
"211110106011"|0|1|0|0|0|0|0|1|0|0|0|0|0|0|0|NA|NA|NA|NA|NA|0|0|0|0|NA|0
"211110107053"|0|4|1|0|0|0|0|4|4|3|2|1|4|0|0|NA|NA|NA|NA|NA|70|7|60|3161760|NA|0
"211110108002"|0|1|0|0|0|0|0|1|0|0|0|0|0|0|0|NA|NA|NA|NA|NA|0|0|0|0|NA|0
"211110113013"|0|1|0|0|0|0|0|1|0|0|0|0|0|0|0|NA|NA|NA|NA|NA|0|0|0|0|NA|0
"211110115091"|0|1|0|0|0|0|0|1|1|0|0|1|1|0|0|NA|NA|NA|NA|NA|0|0|0|0|NA|0
"211110115093"|0|1|0|0|0|0|0|1|1|0|0|1|1|0|0|NA|NA|NA|NA|NA|0|0|0|0|NA|0
"211110117123"|0|1|0|0|0|0|0|1|1|0|0|1|1|0|0|NA|NA|NA|NA|NA|0|0|0|0|NA|0
"211110119071"|0|1|0|0|0|0|0|1|1|0|0|1|1|0|0|NA|NA|NA|NA|NA|0|0|0|0|NA|0
"211110122031"|0|1|0|0|0|0|0|1|1|0|0|1|1|0|0|NA|NA|NA|NA|NA|0|0|0|0|NA|0
"211110125022"|0|1|0|0|0|0|0|1|1|0|0|1|1|0|0|NA|NA|NA|NA|NA|0|0|0|0|NA|0
"211130604001"|0|0|1|0|0|0|0|1|1|1|0|0|0|1|0|NA|NA|15600|15600|NA|153|72|96|7379424|76869|0
"211130604002"|0|1|1|0|0|0|0|1|1|1|0|0|0|1|0|29900|29900|9990|9990|7160|214|89|186|11086850|59606.7204301075|0
"211130605034"|0|1|0|0|0|0|0|1|1|0|0|1|1|0|0|NA|NA|NA|NA|NA|0|0|0|0|NA|0
"211170636053"|0|1|0|0|0|0|0|1|1|1|1|0|0|1|0|4056|14208|NA|NA|NA|118|51|150|7881414|52542.76|0
"211170641001"|0|1|0|0|0|0|0|1|1|0|0|1|1|0|0|NA|NA|NA|NA|NA|0|0|0|0|NA|0
"211170641003"|0|1|0|0|0|0|0|1|1|0|0|1|1|0|0|NA|NA|NA|NA|NA|0|0|0|0|NA|0
"211170642001"|0|1|0|0|0|0|0|1|1|0|0|1|1|0|0|NA|NA|NA|NA|NA|0|0|0|0|NA|0
"211170643001"|0|1|0|0|0|0|0|1|1|0|0|1|1|0|0|NA|NA|NA|NA|NA|0|0|0|0|NA|0
"211170644001"|0|1|0|0|0|0|0|1|1|0|0|1|1|0|0|NA|NA|NA|NA|NA|0|0|0|0|NA|0
"211170645001"|0|1|1|0|0|0|0|1|1|1|0|0|0|1|0|29700|29700|10500|10500|8704|100|45|166|9875490|59490.9036144578|0
"211170646003"|0|1|1|0|0|0|0|1|1|1|0|0|0|1|0|29700|29700|10500|10500|8704|100|45|166|9875490|59490.9036144578|0
"211170654001"|0|1|1|0|0|0|0|1|1|1|0|0|0|1|0|29700|29700|10500|10500|8704|100|45|166|9875490|59490.9036144578|0
"211199603004"|0|1|0|0|0|0|0|1|1|1|0|0|1|0|0|9600|9600|NA|NA|6240|79|37|56|2516054|44929.5357142857|0
"211219305002"|0|1|1|0|0|0|0|1|1|1|0|0|0|1|0|25570|25570|9600|9600|7475|89|49|96|4447998|46333.3125|0
"211259707003"|0|1|0|0|0|0|0|1|0|0|0|0|0|0|0|NA|NA|NA|NA|NA|0|0|0|0|NA|0
"211319201001"|0|0|1|0|0|0|0|1|1|1|0|0|0|1|0|NA|NA|16921|16921|NA|111|12|208|16977432|81622.2692307692|0
"211319201002"|0|0|1|0|0|0|0|1|1|1|0|0|0|1|0|NA|NA|16921|16921|NA|111|12|208|16977432|81622.2692307692|0
"211319201003"|0|0|1|0|0|0|0|1|1|1|0|0|0|1|0|NA|NA|16921|16921|NA|111|12|208|16977432|81622.2692307692|0
"211319201006"|0|0|1|0|0|0|0|1|1|1|0|0|0|1|0|NA|NA|16921|16921|NA|111|12|208|16977432|81622.2692307692|0
"211339504022"|0|1|0|0|0|0|0|1|1|0|0|1|1|0|0|NA|NA|NA|NA|NA|0|0|0|0|NA|0
"211339504023"|0|1|0|0|0|0|0|1|1|0|0|1|1|0|0|NA|NA|NA|NA|NA|0|0|0|0|NA|0
"211339504024"|0|1|0|0|0|0|0|1|1|0|0|1|1|0|0|NA|NA|NA|NA|NA|0|0|0|0|NA|0
"211450313011"|0|1|0|0|0|0|0|1|1|1|1|0|0|1|0|4056|14208|NA|NA|NA|152|60|232|12715430|54807.8879310345|0
"211510101021"|0|1|0|0|0|0|0|1|1|0|0|1|1|0|0|NA|NA|NA|NA|NA|0|0|0|0|NA|0
"211510105001"|0|1|1|0|0|0|0|1|1|1|0|0|0|0|1|8996|18774|9900|14400|10040|1217|337|1216|80630954|66308.3503289474|0
"211510105002"|0|1|1|0|0|0|0|1|1|1|0|0|0|0|1|8996|18774|9900|14400|10040|1217|337|1216|80630954|66308.3503289474|0
"211510105003"|0|1|1|0|0|0|0|1|1|1|0|0|0|0|1|8996|18774|9900|14400|10040|1217|337|1216|80630954|66308.3503289474|0
"211510109031"|0|1|0|0|0|0|0|1|1|0|0|1|1|0|0|NA|NA|NA|NA|NA|0|0|0|0|NA|0
"211510113022"|0|1|0|0|0|0|0|1|1|1|0|0|0|1|0|39400|39400|NA|NA|6764|634|161|284|20895140|73574.4366197183|0
"211619603002"|0|1|0|0|0|0|0|1|1|1|1|0|0|1|0|4056|14208|NA|NA|NA|97|37|166|8638994|52042.1325301205|0
"211619604002"|0|1|0|0|0|0|0|1|1|1|1|0|0|1|0|4056|14208|NA|NA|NA|97|37|166|8638994|52042.1325301205|0
"211619604003"|0|1|0|0|0|0|0|1|1|1|1|0|0|1|0|4056|14208|NA|NA|NA|97|37|166|8638994|52042.1325301205|0
"211939704003"|0|1|0|0|0|0|0|1|1|1|1|0|1|0|0|NA|NA|NA|NA|NA|7|1|20|1255500|62775|0
"211939705003"|0|1|0|0|0|0|0|1|1|1|1|0|0|1|0|4056|14208|NA|NA|NA|125|46|164|9393034|57274.5975609756|0
"211939705004"|0|1|0|0|0|0|0|1|1|1|1|0|0|1|0|4056|14208|NA|NA|NA|125|46|164|9393034|57274.5975609756|0
"211959303002"|0|1|1|0|0|1|0|1|1|1|0|0|0|1|0|20800|20800|8100|8100|7800|171|66|118|6621700|56116.1016949153|0
"211959314002"|0|1|0|0|0|0|0|1|1|0|0|1|1|0|0|NA|NA|NA|NA|NA|0|0|0|0|NA|0
"211959314003"|0|1|0|0|0|0|0|1|1|0|0|1|1|0|0|NA|NA|NA|NA|NA|0|0|0|0|NA|0
"211959315001"|0|1|0|0|0|0|0|1|1|0|0|1|1|0|0|NA|NA|NA|NA|NA|0|0|0|0|NA|0
"211999306001"|0|1|0|0|0|0|0|1|1|1|1|0|0|1|0|4056|14208|NA|NA|NA|167|74|262|14282106|54511.8549618321|0
"212059502004"|0|1|1|0|0|0|0|1|1|1|0|0|0|0|1|8750|13226|10260|10260|9730|590|202|640|39126856|61135.7125|0
"212090402061"|0|1|1|0|0|0|0|1|1|1|0|0|0|1|0|38650|38650|NA|NA|9780|166|53|156|9149218|58648.8333333333|0
"212179204003"|0|1|1|0|0|0|0|1|1|1|0|0|0|0|1|24900|24900|10080|10080|8000|373|157|394|21718050|55121.9543147208|0
"212179204005"|0|1|1|0|0|0|0|1|1|1|0|0|0|0|1|24900|24900|10080|10080|8000|373|157|394|21718050|55121.9543147208|0
"212270104001"|0|1|1|0|0|0|0|1|1|1|0|0|0|0|1|10512|26280|12140|17980|8343|1217|613|1416|96885384|68421.8813559322|0
"212270104002"|0|1|1|0|0|0|0|1|1|1|0|0|0|0|1|10512|26280|12140|17980|8343|1217|613|1416|96885384|68421.8813559322|0
"212270106002"|0|1|0|0|0|0|0|1|1|0|0|1|1|0|0|NA|NA|NA|NA|NA|0|0|0|0|NA|0
"212270107011"|0|2|0|0|0|0|0|2|2|0|0|2|2|0|0|NA|NA|NA|NA|NA|0|0|0|0|NA|0
"212270107012"|0|1|0|0|0|0|0|1|1|0|0|1|1|0|0|NA|NA|NA|NA|NA|0|0|0|0|NA|0
"212270109005"|0|1|0|0|0|0|0|1|1|1|0|0|1|0|0|15000|15000|NA|NA|NA|25|17|6|181346|30224.3333333333|0
"212270110011"|0|1|0|0|0|0|0|1|1|1|1|0|0|1|0|4056|14208|NA|NA|NA|116|44|180|8782034|48789.0777777778|0
"212270110012"|0|1|0|0|0|0|0|1|1|0|0|1|1|0|0|NA|NA|NA|NA|NA|0|0|0|0|NA|0
"212359206003"|0|1|1|0|0|0|0|1|1|1|0|0|0|0|1|22640|22640|5670|5670|9000|270|140|418|23887348|57146.7655502392|0
"212390501043"|0|1|0|0|0|0|0|1|1|0|0|0|0|0|0|NA|NA|NA|NA|NA|251|68|0|0|NA|0
"212390504001"|0|1|1|0|0|0|0|1|1|1|0|0|0|1|0|24500|24500|6720|6720|8480|84|34|58|3596204|62003.5172413793|0
"220019602002"|0|1|0|0|0|0|0|1|1|1|1|0|0|1|0|2868|2868|NA|NA|9894|99|39|154|6923608|44958.4935064935|0
"220050306001"|0|1|0|0|0|0|0|1|1|1|1|0|0|1|0|3335|7379|NA|NA|NA|56|3|96|4526418|47150.1875|0
"220150106022"|0|2|0|0|0|0|0|2|2|1|1|1|2|0|0|NA|NA|NA|NA|NA|0|0|0|0|NA|0
"220150108052"|0|2|0|0|0|0|0|2|1|0|0|1|1|0|0|NA|NA|NA|NA|NA|0|0|0|0|NA|0
"220150111093"|0|1|0|0|0|0|0|1|1|1|1|0|0|1|0|3335|7845|NA|NA|NA|204|50|266|11926632|44836.962406015|0
"220150113002"|0|1|0|0|0|0|0|1|1|0|0|1|1|0|0|NA|NA|NA|NA|NA|0|0|0|0|NA|0
"220170212002"|0|1|1|0|0|0|0|1|1|1|0|0|1|0|0|36580|36580|9750|9750|13400|100|52|112|7336344|65503.0714285714|0
"220170217001"|0|1|0|0|0|0|0|1|1|0|0|1|1|0|0|NA|NA|NA|NA|NA|0|0|0|0|NA|0
"220170217002"|0|1|1|0|1|1|0|1|1|1|0|0|1|0|0|8992|19863|14390|26369|NA|223|34|70|5361448|76592.1142857143|0
"220170222001"|0|1|0|0|0|0|0|1|1|0|0|1|1|0|0|NA|NA|NA|NA|NA|0|0|0|0|NA|0
"220170223003"|0|1|0|0|0|0|0|1|1|0|0|1|1|0|0|NA|NA|NA|NA|NA|0|0|0|0|NA|0
"220170229004"|0|2|0|0|0|0|0|2|1|0|0|1|1|0|0|NA|NA|NA|NA|NA|0|0|0|0|NA|0
"220170234003"|0|1|0|0|0|0|0|1|1|0|0|1|1|0|0|NA|NA|NA|NA|NA|0|0|0|0|NA|0
"220170239011"|0|1|1|0|0|0|0|1|1|1|0|0|0|1|0|5656|5656|6196|6196|NA|200|69|238|15803384|66400.7731092437|0
"220170241043"|0|1|0|0|0|0|0|1|1|0|0|1|1|0|0|NA|NA|NA|NA|NA|0|0|0|0|NA|0
"220170241044"|0|1|0|0|0|0|0|1|1|1|0|0|1|0|0|15786|15786|NA|NA|NA|17|4|32|1411488|44109|0
"220170241062"|0|1|0|0|0|0|0|1|1|0|0|1|1|0|0|NA|NA|NA|NA|NA|0|0|0|0|NA|0
"220170241071"|0|1|0|0|0|0|0|1|1|0|0|1|1|0|0|NA|NA|NA|NA|NA|0|0|0|0|NA|0
"220170246011"|0|1|0|1|0|0|0|1|1|1|1|0|0|1|0|2618|2618|NA|NA|11420|137|23|138|6809790|49346.3043478261|0
"220170253002"|0|1|0|0|0|0|0|1|1|0|0|1|1|0|0|NA|NA|NA|NA|NA|0|0|0|0|NA|0
"220190001002"|0|1|0|0|0|0|0|1|1|1|1|0|0|0|0|NA|NA|NA|NA|NA|0|0|0|0|NA|0
"220190007002"|0|1|0|0|0|0|0|1|1|0|0|1|1|0|0|NA|NA|NA|NA|NA|0|0|0|0|NA|0
"220190009002"|0|1|0|0|0|0|0|1|1|0|0|1|1|0|0|NA|NA|NA|NA|NA|0|0|0|0|NA|0
"220190010001"|0|1|0|0|0|0|0|1|1|0|0|1|1|0|0|NA|NA|NA|NA|NA|0|0|0|0|NA|0
"220190010003"|0|1|0|0|0|0|0|1|1|0|0|1|1|0|0|NA|NA|NA|NA|NA|0|0|0|0|NA|0
"220190011003"|0|1|1|0|0|0|0|1|1|1|0|0|0|1|0|5147|13185|5703|13740|8326|367|178|514|31232486|60763.5914396887|0
"220190016002"|0|0|0|0|0|0|0|1|0|0|0|0|0|0|0|NA|NA|NA|NA|NA|0|0|0|0|NA|0
"220199800001"|0|1|0|0|0|0|0|1|1|1|1|0|0|1|0|3335|7672|NA|NA|NA|96|8|190|9002544|47381.8105263158|0
"220330007021"|0|1|0|0|0|0|0|1|1|0|0|1|1|0|0|NA|NA|NA|NA|NA|0|0|0|0|NA|0
"220330011021"|0|2|0|0|0|0|0|2|2|1|1|1|2|0|0|NA|NA|NA|NA|NA|15|4|26|1300734|NA|0
"220330017002"|0|1|0|0|0|0|0|1|1|0|0|1|1|0|0|9500|9500|NA|NA|NA|0|0|0|0|NA|0
"220330018002"|0|2|0|0|0|0|0|2|2|1|1|1|1|1|0|17179|21257|NA|NA|NA|191|15|304|15259600|NA|0
"220330019002"|0|2|0|0|0|0|0|2|2|1|1|1|1|1|0|17179|21257|NA|NA|NA|191|15|304|15259600|NA|0
"220330027002"|0|2|2|0|0|0|0|2|2|2|0|0|1|1|0|21713|21713|29185|29185|NA|71|32|162|12728580|NA|0
"220330028011"|0|1|1|0|0|1|0|1|1|1|0|0|0|0|1|8038|8038|9132|9132|11830|4692|1068|2662|251875162|94618.7685950413|0
"220330030001"|0|2|3|1|0|0|0|3|3|2|0|0|1|1|0|NA|NA|NA|NA|NA|803|275|674|39250000|NA|0
"220330030003"|0|2|3|1|0|0|0|3|3|2|0|0|1|1|0|NA|NA|NA|NA|NA|803|275|674|39250000|NA|0
"220330036013"|0|2|0|0|0|0|0|2|2|1|1|1|2|0|0|NA|NA|NA|NA|NA|0|0|0|0|NA|0
"220330036032"|0|1|0|0|0|0|0|1|1|0|0|1|1|0|0|NA|NA|NA|NA|NA|0|0|0|0|NA|0
"220330038012"|0|1|1|0|0|0|0|1|1|1|0|0|0|1|0|12161|12161|12433|12433|NA|68|31|162|12728580|78571.4814814815|0
"220330038013"|0|1|1|0|0|0|0|1|1|1|0|0|0|1|0|12161|12161|12433|12433|NA|68|31|162|12728580|78571.4814814815|0
"220330038014"|0|1|1|0|0|0|0|1|1|1|0|0|0|1|0|12161|12161|12433|12433|NA|68|31|162|12728580|78571.4814814815|0
"220330038015"|0|1|1|0|0|0|0|1|1|1|0|0|0|1|0|12161|12161|12433|12433|NA|68|31|162|12728580|78571.4814814815|0
"220330038021"|0|1|0|0|0|0|0|1|1|1|1|0|1|0|0|NA|NA|NA|NA|NA|5|0|6|186000|31000|0
"220330038024"|0|1|0|0|0|0|0|1|1|1|1|0|1|0|0|14500|14500|NA|NA|NA|12|0|12|624712|52059.3333333333|0
"220330039061"|0|1|0|0|0|0|0|1|1|0|0|1|1|0|0|NA|NA|NA|NA|NA|0|0|0|0|NA|0
"220330039062"|0|2|0|0|0|0|0|2|2|1|1|1|2|0|0|NA|NA|NA|NA|NA|18|0|10|561760|NA|0
"220330039091"|0|1|0|0|0|0|0|1|1|0|0|1|1|0|0|NA|NA|NA|NA|NA|0|0|0|0|NA|0
"220330039092"|0|1|0|0|0|0|0|1|1|0|0|1|1|0|0|NA|NA|NA|NA|NA|0|0|0|0|NA|0
"220330039101"|0|2|0|0|0|0|0|2|2|1|1|1|2|0|0|NA|NA|NA|NA|NA|3|0|6|347068|NA|0
"220330039102"|0|3|0|0|0|0|0|3|3|2|2|1|3|0|0|NA|NA|NA|NA|NA|15|0|18|971780|NA|0
"220330040092"|0|1|0|0|0|0|0|1|1|1|1|0|1|0|0|11006|11006|NA|NA|NA|35|12|44|1936904|44020.5454545455|0
"220330045092"|0|2|0|0|0|0|0|2|2|1|1|1|2|0|0|NA|NA|NA|NA|NA|18|0|10|561760|NA|0
"220330051001"|0|1|0|0|0|0|0|1|1|0|0|0|0|0|0|NA|NA|NA|NA|NA|17|4|0|0|NA|0
"220450312002"|0|1|0|0|0|0|0|1|1|0|0|1|1|0|0|NA|NA|NA|NA|NA|0|0|0|0|NA|0
"220510202011"|0|1|0|0|0|0|0|1|1|0|0|1|1|0|0|NA|NA|NA|NA|NA|0|0|0|0|NA|0
"220510202012"|0|1|0|0|0|0|0|1|1|0|0|1|1|0|0|NA|NA|NA|NA|NA|0|0|0|0|NA|0
"220510202021"|0|1|0|0|0|0|0|1|1|0|0|1|1|0|0|NA|NA|NA|NA|NA|0|0|0|0|NA|0
"220510202022"|0|1|0|0|0|0|0|1|1|0|0|1|1|0|0|NA|NA|NA|NA|NA|0|0|0|0|NA|0
"220510205062"|0|1|0|0|0|0|0|1|1|0|0|1|1|0|0|NA|NA|NA|NA|NA|0|0|0|0|NA|0
"220510207001"|0|1|0|0|0|0|0|1|1|0|0|1|1|0|0|NA|NA|NA|NA|NA|0|0|0|0|NA|0
"220510212001"|0|1|1|0|0|0|0|1|1|1|0|0|1|0|0|13130|13130|10720|10720|NA|10|1|8|588316|73539.5|0
"220510215001"|0|1|0|0|0|0|0|1|1|0|0|1|1|0|0|NA|NA|NA|NA|NA|0|0|0|0|NA|0
"220510216002"|0|1|0|0|0|0|0|1|1|0|0|1|1|0|0|NA|NA|NA|NA|NA|0|0|0|0|NA|0
"220510218041"|0|1|0|0|0|0|0|1|1|1|1|0|1|0|0|NA|NA|NA|NA|NA|35|3|60|2704850|45080.8333333333|0
"220510242021"|0|1|0|0|0|0|0|1|1|0|0|1|1|0|0|NA|NA|NA|NA|NA|0|0|0|0|NA|0
"220510242022"|0|1|0|0|0|0|0|1|1|0|0|1|1|0|0|NA|NA|NA|NA|NA|0|0|0|0|NA|0
"220510243002"|0|1|0|0|0|0|0|1|1|0|0|1|1|0|0|NA|NA|NA|NA|NA|0|0|0|0|NA|0
"220510243003"|0|1|0|0|0|0|0|1|1|0|0|1|1|0|0|NA|NA|NA|NA|NA|0|0|0|0|NA|0
"220510247001"|0|1|0|0|0|0|0|1|1|1|0|0|1|0|0|18900|18900|NA|NA|NA|13|2|4|317750|79437.5|0
"220510250032"|0|1|0|0|0|0|0|1|1|0|0|1|1|0|0|NA|NA|NA|NA|NA|0|0|0|0|NA|0
"220510281001"|0|1|0|0|0|0|0|1|1|0|0|1|1|0|0|NA|NA|NA|NA|NA|0|0|0|0|NA|0
"220510281002"|0|1|0|0|0|0|0|1|1|0|0|1|1|0|0|NA|NA|NA|NA|NA|0|0|0|0|NA|0
"220550006023"|0|1|0|0|0|0|0|1|1|1|1|0|1|0|0|19750|19750|NA|NA|NA|5|1|8|461000|57625|0
"220550006042"|0|1|0|0|0|0|0|1|1|1|1|0|0|1|0|3335|6940|NA|NA|NA|238|43|318|15003604|47181.144654088|0
"220550014061"|0|1|0|0|0|0|0|1|1|1|1|0|1|0|0|15689|15689|NA|NA|NA|21|4|40|1790424|44760.6|0
"220550014062"|0|1|0|0|0|0|0|1|1|0|0|1|1|0|0|NA|NA|NA|NA|NA|0|0|0|0|NA|0
"220550014111"|0|1|0|0|0|0|0|1|1|0|0|1|1|0|0|NA|NA|NA|NA|NA|0|0|0|0|NA|0
"220550015001"|0|1|0|0|0|0|0|1|1|0|0|1|1|0|0|NA|NA|NA|NA|NA|0|0|0|0|NA|0
"220550018011"|0|2|0|0|0|0|0|2|2|0|0|2|2|0|0|NA|NA|NA|NA|NA|0|0|0|0|NA|0
"220550018012"|0|2|0|0|0|0|0|2|2|0|0|2|2|0|0|NA|NA|NA|NA|NA|0|0|0|0|NA|0
"220550018021"|0|1|0|0|0|0|0|1|1|0|0|1|1|0|0|NA|NA|NA|NA|NA|0|0|0|0|NA|0
"220550022001"|0|1|1|0|0|0|0|1|1|1|0|0|0|0|1|5407|19135|5511|19239|10708|1408|410|1278|97189170|76047.8638497653|0
"220570220001"|0|1|1|0|0|0|0|1|1|1|0|0|0|1|0|4922|6015|5686|6779|9754|383|161|516|29146718|56485.8875968992|0
"220619603002"|0|1|1|1|0|0|0|1|1|1|0|0|0|1|0|5140|5140|5110|5110|10631|363|149|386|21791464|56454.5699481865|0
"220619603005"|0|1|1|1|0|0|0|1|1|1|0|0|0|1|0|5140|5140|5110|5110|10631|363|149|386|21791464|56454.5699481865|0
"220619604002"|0|1|0|0|0|0|0|1|1|0|0|1|1|0|0|NA|NA|NA|NA|NA|0|0|0|0|NA|0
"220619604003"|0|1|0|0|0|0|0|1|1|0|0|1|1|0|0|NA|NA|NA|NA|NA|0|0|0|0|NA|0
"220619610001"|0|1|1|0|0|0|0|1|1|1|0|0|0|0|1|6400|15313|6592|13333|6495|611|211|782|57618600|73681.074168798|0
"220619610003"|0|1|1|0|0|0|0|1|1|1|0|0|0|0|1|6400|15313|6592|13333|6495|611|211|782|57618600|73681.074168798|0
"220619610004"|0|1|1|0|0|0|0|1|1|1|0|0|0|0|1|6400|15313|6592|13333|6495|611|211|782|57618600|73681.074168798|0
"220630406005"|0|1|0|0|0|0|0|1|1|0|0|1|1|0|0|NA|NA|NA|NA|NA|0|0|0|0|NA|0
"220690007004"|0|1|1|0|0|0|0|1|1|1|0|0|0|0|1|5180|15968|5738|16526|9410|484|139|638|39156428|61373.7115987461|0
"220690007005"|0|1|1|0|0|0|0|1|1|1|0|0|0|0|1|5180|15968|5738|16526|9410|484|139|638|39156428|61373.7115987461|0
"220710001002"|0|1|0|0|0|0|0|1|1|0|0|1|1|0|0|NA|NA|NA|NA|NA|0|0|0|0|NA|0
"220710001003"|0|1|0|0|0|0|0|1|1|0|0|1|1|0|0|NA|NA|NA|NA|NA|0|0|0|0|NA|0
"220710002002"|0|1|0|0|0|0|0|1|1|0|0|1|1|0|0|NA|NA|NA|NA|NA|0|0|0|0|NA|0
"220710006162"|0|1|1|0|0|0|0|1|1|1|0|0|0|1|0|12946|12946|11091|11091|14775|71|21|126|7827502|62123.0317460317|0
"220710017013"|0|1|1|1|0|0|0|1|1|1|0|0|0|1|0|4483|13384|6024|12965|8980|213|81|178|9435664|53009.3483146067|0
"220710017024"|0|1|1|0|0|0|0|1|0|1|0|0|0|1|0|7980|7980|5808|5808|5575|115|50|106|7151642|67468.320754717|0
"220710033081"|0|1|0|0|0|0|0|1|1|0|0|1|1|0|0|NA|NA|NA|NA|NA|0|0|0|0|NA|0
"220710033082"|0|1|0|0|0|0|0|1|1|0|0|1|1|0|0|NA|NA|NA|NA|NA|0|0|0|0|NA|0
"220710033086"|0|1|0|1|0|0|0|1|1|1|0|0|0|1|0|16580|16580|NA|NA|10100|202|59|132|7549864|57195.9393939394|0
"220710050002"|0|1|0|0|0|0|0|1|1|0|0|1|1|0|0|NA|NA|NA|NA|NA|0|0|0|0|NA|0
"220710055002"|0|1|0|0|0|0|0|1|1|1|1|0|0|0|1|3335|7624|NA|NA|NA|382|74|672|32244798|47983.3303571429|0
"220710056011"|0|1|0|0|0|0|0|1|1|0|0|1|1|0|0|NA|NA|NA|NA|NA|0|0|0|0|NA|0
"220710060001"|0|1|1|0|0|1|0|1|1|1|0|0|0|1|0|7020|15495|11835|24107|NA|853|100|386|38810176|100544.497409326|0
"220710063002"|0|1|0|0|0|0|0|1|0|0|0|0|0|0|0|NA|NA|NA|NA|NA|0|0|0|0|NA|0
"220710070001"|0|1|2|1|0|0|0|2|2|2|0|0|1|1|0|NA|NA|NA|NA|NA|463|148|452|36012710|185957.615844544|0
"220710076042"|0|1|0|0|0|0|0|1|1|1|1|0|0|0|1|3335|7624|NA|NA|NA|382|74|672|32244798|47983.3303571429|0
"220710120002"|0|1|1|0|0|0|0|1|1|1|0|0|0|1|0|38126|38126|14724|14724|13380|394|161|476|37181294|78111.9621848739|0
"220710121021"|0|1|1|0|1|1|0|1|1|1|0|0|0|0|1|50780|50780|52856|52856|15190|2298|555|1588|176888600|111390.80604534|0
"220710121022"|0|1|1|0|0|0|0|1|1|1|0|0|0|1|0|38126|38126|14724|14724|13380|394|161|476|37181294|78111.9621848739|0
"220710121023"|0|1|1|0|0|0|0|1|1|1|0|0|0|1|0|38126|38126|14724|14724|13380|394|161|476|37181294|78111.9621848739|0
"220710133021"|0|1|1|0|0|0|0|1|1|1|0|0|0|1|0|6090|10926|6090|10660|10712|775|75|564|38969214|69094.3510638298|0
"220730004021"|0|1|1|0|0|0|0|1|1|1|0|0|0|1|0|5788|17888|6490|18590|7868|510|229|646|44749774|69272.0959752322|0
"220730017001"|0|1|0|0|0|0|0|1|1|1|1|0|1|0|0|NA|NA|NA|NA|NA|18|4|44|2247872|51088|0
"220730017003"|0|1|0|0|0|0|0|1|1|0|0|1|1|0|0|NA|NA|NA|NA|NA|0|0|0|0|NA|0
"220730055003"|0|1|0|0|0|0|0|1|1|0|0|1|1|0|0|NA|NA|NA|NA|NA|0|0|0|0|NA|0
"220730106031"|0|1|0|0|0|0|0|1|1|1|1|0|0|1|0|3214|3214|NA|NA|NA|115|7|166|6783848|40866.5542168675|0
"220730108002"|0|2|0|0|0|0|0|2|2|0|0|2|2|0|0|NA|NA|NA|NA|NA|0|0|0|0|NA|0
"220730109003"|0|1|0|0|0|0|0|1|1|0|0|1|1|0|0|NA|NA|NA|NA|NA|0|0|0|0|NA|0
"220730111002"|0|1|0|0|0|0|0|1|1|0|0|1|1|0|0|NA|NA|NA|NA|NA|0|0|0|0|NA|0
"220730111003"|0|1|0|0|0|0|0|1|1|0|0|1|1|0|0|NA|NA|NA|NA|NA|0|0|0|0|NA|0
"220790117001"|0|2|1|0|0|0|0|2|2|1|0|1|1|1|0|NA|NA|NA|NA|NA|80|50|152|8372394|NA|0
"220790124001"|0|1|0|0|0|0|0|1|1|1|1|0|1|0|0|NA|NA|NA|NA|NA|11|3|24|816014|34000.5833333333|0
"220790125001"|0|1|0|0|0|0|0|1|1|0|0|1|1|0|0|NA|NA|NA|NA|NA|0|0|0|0|NA|0
"220790125003"|0|1|0|0|0|0|0|1|1|1|0|0|0|1|0|4984|4984|NA|NA|7950|138|57|182|10389150|57083.2417582418|0
"220790126001"|0|1|0|0|0|0|0|1|1|1|1|0|1|0|0|NA|NA|NA|NA|NA|11|3|24|816014|34000.5833333333|0
"220790127001"|0|1|0|0|0|0|0|1|1|1|1|0|0|1|0|3335|3335|NA|NA|NA|54|2|152|6807982|44789.3552631579|0
"220790133001"|0|1|0|0|0|0|0|1|1|1|0|0|0|1|0|4984|4984|NA|NA|7950|138|57|182|10389150|57083.2417582418|0
"220790133004"|0|1|0|0|0|0|0|1|1|1|0|0|0|1|0|4984|4984|NA|NA|7950|138|57|182|10389150|57083.2417582418|0
"220870308001"|0|1|0|0|0|0|0|1|1|1|1|0|0|1|0|3335|6834|NA|NA|NA|63|12|88|3876110|44046.7045454545|0
"220890621001"|0|0|0|0|0|0|0|1|0|0|0|0|0|0|0|NA|NA|NA|NA|NA|0|0|0|0|NA|0
"220890621003"|0|0|0|0|0|0|0|1|0|0|0|0|0|0|0|NA|NA|NA|NA|NA|0|0|0|0|NA|0
"220890623022"|0|0|0|0|0|0|0|1|0|0|0|0|0|0|0|NA|NA|NA|NA|NA|0|0|0|0|NA|0
"220979609001"|0|1|0|0|0|0|0|1|1|0|0|1|1|0|0|NA|NA|NA|NA|NA|0|0|0|0|NA|0
"220979614004"|0|1|0|0|0|0|0|1|1|0|0|1|1|0|0|NA|NA|NA|NA|NA|0|0|0|0|NA|0
"220979614005"|0|1|0|0|0|0|0|1|1|0|0|1|1|0|0|NA|NA|NA|NA|NA|0|0|0|0|NA|0
"221010403001"|0|1|0|0|0|0|0|1|1|1|1|0|1|0|0|2202|3434|NA|NA|NA|0|0|0|0|NA|0
"221030402022"|0|1|0|0|0|0|0|1|1|1|0|0|1|0|0|15650|15650|NA|NA|15150|35|6|62|2058668|33204.3225806452|0
"221030405011"|0|1|0|0|0|0|0|1|1|0|0|1|0|1|0|NA|NA|NA|NA|NA|0|0|0|0|NA|0
"221030406052"|0|1|0|0|0|0|0|1|1|0|0|1|1|0|0|NA|NA|NA|NA|NA|0|0|0|0|NA|0
"221030406053"|0|1|0|0|0|0|0|1|1|0|0|1|1|0|0|NA|NA|NA|NA|NA|0|0|0|0|NA|0
"221030407012"|0|1|0|0|0|0|0|1|1|1|1|0|0|1|0|3214|3214|NA|NA|NA|84|18|160|7044822|44030.1375|0
"221030407013"|0|1|0|0|0|0|0|1|1|1|1|0|0|1|0|3214|3214|NA|NA|NA|84|18|160|7044822|44030.1375|0
"221030407043"|0|1|0|0|0|0|0|1|1|1|1|0|0|1|0|3214|3214|NA|NA|NA|84|18|160|7044822|44030.1375|0
"221030408021"|0|1|0|0|0|0|0|1|1|0|0|1|1|0|0|NA|NA|NA|NA|NA|0|0|0|0|NA|0
"221030411023"|0|1|0|0|0|0|0|1|1|0|0|1|1|0|0|NA|NA|NA|NA|NA|0|0|0|0|NA|0
"221030411031"|0|1|0|0|0|0|0|1|1|0|0|1|1|0|0|NA|NA|NA|NA|NA|0|0|0|0|NA|0
"221030411032"|0|1|0|0|0|0|0|1|1|0|0|1|1|0|0|NA|NA|NA|NA|NA|0|0|0|0|NA|0
"221030411041"|0|1|0|0|0|0|0|1|1|0|0|1|1|0|0|NA|NA|NA|NA|NA|0|0|0|0|NA|0
"221059542001"|0|1|1|0|0|0|0|1|1|1|0|0|0|0|1|5777|18255|6684|19162|9096|720|289|1002|62468606|62343.9181636727|0
"221059545012"|0|1|0|0|0|0|0|1|1|0|0|1|1|0|0|NA|NA|NA|NA|NA|0|0|0|0|NA|0
"221090001014"|0|1|0|0|0|0|0|1|1|1|1|0|0|1|0|3335|6858|NA|NA|NA|53|5|102|4103824|40233.568627451|0
"221090002021"|0|1|0|0|0|0|0|1|1|0|0|1|1|0|0|NA|NA|NA|NA|NA|0|0|0|0|NA|0
"221090003001"|0|1|0|0|0|0|0|1|1|0|0|1|1|0|0|NA|NA|NA|NA|NA|0|0|0|0|NA|0
"221090003002"|0|1|0|0|0|0|0|1|1|0|0|1|1|0|0|NA|NA|NA|NA|NA|0|0|0|0|NA|0
"221090003003"|0|1|0|0|0|0|0|1|1|0|0|1|1|0|0|NA|NA|NA|NA|NA|0|0|0|0|NA|0
"221090007001"|0|1|0|0|0|0|0|1|1|0|0|1|1|0|0|NA|NA|NA|NA|NA|0|0|0|0|NA|0
"221090007002"|0|1|0|0|0|0|0|1|1|0|0|1|1|0|0|NA|NA|NA|NA|NA|0|0|0|0|NA|0
"221090009001"|0|1|0|0|0|0|0|1|1|0|0|1|1|0|0|NA|NA|NA|NA|NA|0|0|0|0|NA|0
"221090009002"|0|1|0|0|0|0|0|1|1|0|0|1|1|0|0|NA|NA|NA|NA|NA|0|0|0|0|NA|0
"221090009004"|0|1|0|0|0|0|0|1|1|0|0|1|1|0|0|NA|NA|NA|NA|NA|0|0|0|0|NA|0
"221090017001"|0|1|0|0|0|0|0|1|1|1|1|0|0|1|0|3335|6858|NA|NA|NA|53|5|102|4103824|40233.568627451|0
"221090017003"|0|1|0|0|0|0|0|1|1|0|0|1|1|0|0|NA|NA|NA|NA|NA|0|0|0|0|NA|0
"221190320002"|0|1|0|0|0|0|0|1|1|1|1|0|0|1|0|2081|2081|NA|NA|NA|24|5|78|3281214|42066.8461538462|0
"230010102002"|0|1|0|0|0|0|0|1|1|1|1|0|0|1|0|2820|5640|NA|NA|9340|71|13|104|5923396|56955.7307692308|0
"230010102003"|0|1|0|0|0|0|0|1|1|1|1|0|0|1|0|2820|5640|NA|NA|9340|71|13|104|5923396|56955.7307692308|0
"230010201001"|0|2|1|0|0|0|0|2|2|2|0|0|2|0|0|24076|24076|NA|NA|NA|12|1|22|1398938|NA|0
"230010202001"|0|1|0|0|0|0|0|1|1|1|0|0|1|0|0|10720|10720|NA|NA|4900|10|1|22|1398938|63588.0909090909|0
"230010202002"|0|1|0|0|0|0|0|1|1|1|0|0|1|0|0|10720|10720|NA|NA|4900|10|1|22|1398938|63588.0909090909|0
"230010203001"|0|1|0|0|0|0|0|1|1|1|0|0|0|1|0|53794|53794|NA|NA|15224|556|125|360|36457332|101270.366666667|0
"230010203002"|0|1|0|0|0|0|0|1|1|1|0|0|1|0|0|10720|10720|NA|NA|4900|10|1|22|1398938|63588.0909090909|0
"230010204002"|0|1|1|0|0|0|0|1|1|1|0|0|1|0|0|13356|13356|10560|10560|NA|2|0|0|0|NA|0
"230010205003"|0|1|1|0|0|0|0|1|1|1|0|0|1|0|0|13356|13356|10560|10560|NA|2|0|0|0|NA|0
"230010415001"|0|1|0|0|0|0|0|1|1|1|1|0|0|1|0|2820|5640|NA|NA|9340|71|13|104|5923396|56955.7307692308|0
"230039506001"|0|1|0|0|0|0|0|1|1|1|0|0|0|1|0|6990|11190|NA|NA|8220|80|27|62|3872474|62459.2580645161|0
"230039519001"|0|1|0|0|0|0|0|1|1|1|0|0|0|1|0|6990|11190|NA|NA|8406|100|50|72|4554424|63255.8888888889|0
"230039520001"|0|2|0|0|0|0|0|2|2|2|1|0|1|1|0|9810|16830|NA|NA|16224|147|60|146|8838408|121147.564564565|0
"230039520002"|0|1|0|0|0|0|0|1|1|1|0|0|0|1|0|6990|11190|NA|NA|8406|100|50|72|4554424|63255.8888888889|0
"230050003001"|0|1|2|0|0|0|0|2|2|2|0|0|2|0|0|NA|NA|68820|68820|NA|61|14|52|2957428|156924.56|0
"230050003002"|0|1|1|0|0|0|0|1|1|1|0|0|1|0|0|34320|34320|34320|34320|12290|58|13|50|2753728|55074.56|0
"230050005001"|0|1|0|0|0|0|0|1|1|0|0|1|1|0|0|NA|NA|NA|NA|NA|0|0|0|0|NA|0
"230050010002"|0|0|1|0|0|0|0|1|1|1|0|0|1|0|0|NA|NA|34500|34500|NA|3|1|2|203700|101850|0
"230050015001"|0|1|1|0|0|0|0|1|1|1|0|0|0|1|0|7588|19964|7326|19800|9850|733|238|564|44870552|79557.7163120567|0
"230050015002"|0|1|1|0|0|0|0|1|1|1|0|0|0|1|0|7588|19964|7326|19800|9850|733|238|564|44870552|79557.7163120567|0
"230050028001"|0|1|0|0|0|0|0|1|1|0|0|1|1|0|0|NA|NA|NA|NA|NA|0|0|0|0|NA|0
"230050035002"|0|1|0|0|0|0|0|1|1|1|1|0|0|1|0|2820|5640|NA|NA|9238|146|34|192|11965550|62320.5729166667|0
"230050111004"|0|1|0|0|0|0|0|1|1|1|0|0|0|1|0|53418|53418|NA|NA|14698|673|158|444|48431858|109080.761261261|0
"230050112021"|0|1|0|0|0|0|0|1|1|1|0|0|0|1|0|53418|53418|NA|NA|14698|673|158|444|48431858|109080.761261261|0
"230050112022"|0|1|0|0|0|0|0|1|1|1|0|0|0|1|0|53418|53418|NA|NA|14698|673|158|444|48431858|109080.761261261|0
"230050160004"|0|1|0|0|0|0|0|1|1|0|0|1|1|0|0|13400|13400|NA|NA|NA|0|0|0|0|NA|0
"230050170021"|0|1|1|0|0|0|0|1|1|1|0|0|0|1|0|35650|35650|8982|8982|13680|210|55|152|8959926|58946.8815789474|0
"230050173011"|0|1|0|0|0|0|0|1|1|0|0|1|1|0|0|NA|NA|NA|NA|NA|0|0|0|0|NA|0
"230050173032"|0|1|0|0|0|0|0|1|1|0|0|1|1|0|0|NA|NA|NA|NA|NA|0|0|0|0|NA|0
"230079712005"|0|1|1|0|0|0|0|1|1|1|0|0|0|1|0|8220|17700|NA|NA|9626|186|68|238|15247436|64064.8571428571|0
"230099659003"|0|1|1|0|0|0|0|1|1|1|0|0|1|0|0|42993|42993|28665|28665|9747|61|24|54|4667852|86441.7037037037|0
"230099664002"|0|1|1|0|0|0|0|1|1|1|0|0|1|0|0|10450|24070|20520|39960|10310|166|50|156|259736|1664.97435897436|0
"230110102001"|0|2|1|0|0|0|0|2|2|2|0|0|1|1|0|20346|30276|NA|NA|NA|201|76|190|12746938|139001.009043928|0
"230110102002"|0|2|1|0|0|0|0|2|2|2|0|0|1|1|0|20346|30276|NA|NA|NA|201|76|190|12746938|139001.009043928|0
"230110103001"|0|1|0|0|0|0|0|1|1|0|0|1|1|0|0|NA|NA|NA|NA|NA|0|0|0|0|NA|0
"230110242001"|0|1|0|0|0|0|0|1|1|1|0|0|0|1|0|52890|52890|NA|NA|14190|498|149|422|45123446|106927.597156398|0
"230110242005"|0|1|1|0|0|0|0|1|1|1|0|0|0|1|0|25960|25960|25960|25960|11250|102|24|72|4324126|60057.3055555556|0
"230190003001"|0|1|0|0|0|0|0|1|1|1|1|0|0|1|0|2820|5640|NA|NA|8400|67|15|124|7120426|57422.7903225806|0
"230190007001"|0|1|0|0|0|0|0|1|1|1|1|0|1|0|0|NA|NA|NA|NA|NA|15|3|14|843600|60257.1428571429|0
"230190009001"|0|1|0|0|0|0|0|1|1|1|1|0|1|0|0|NA|NA|NA|NA|NA|15|3|14|843600|60257.1428571429|0
"230190063001"|0|1|1|0|0|0|0|1|1|0|0|0|0|0|0|NA|NA|NA|NA|NA|398|77|0|0|NA|0
"230190063002"|0|1|1|0|0|0|0|1|1|1|0|0|0|0|1|8790|28590|7902|25740|10718|1674|433|1084|93760680|86495.0922509225|0
"230190311003"|0|1|1|0|0|0|0|1|1|1|0|0|0|1|0|17100|17100|15450|15450|9830|248|48|268|18963850|70760.6343283582|0
"230259668003"|0|1|0|0|0|0|0|1|1|1|1|0|0|1|0|2820|5640|NA|NA|NA|56|12|86|4888026|56837.511627907|0
"230270460023"|0|1|1|0|0|0|0|1|1|1|0|0|1|0|0|27960|27960|26520|26520|10710|133|23|84|4571022|54416.9285714286|0
"230299555003"|0|1|0|0|0|0|0|1|1|1|1|0|1|0|0|2820|5640|NA|NA|5340|39|7|42|2411496|57416.5714285714|0
"230299562003"|0|1|0|0|0|0|0|1|1|1|0|0|1|0|0|6990|14250|NA|NA|8795|39|13|56|3389394|60524.8928571429|0
"230310254002"|0|1|1|0|1|1|0|1|1|1|0|0|0|1|0|36300|36300|19852|19852|14790|705|152|494|44708642|90503.3238866397|0
"230310260001"|0|1|0|0|0|0|0|1|1|1|1|0|1|0|0|19840|19840|NA|NA|NA|6|3|14|836000|59714.2857142857|0
"230310303001"|0|1|0|0|0|0|0|1|1|0|0|1|1|0|0|NA|NA|NA|NA|NA|0|0|0|0|NA|0
"230310303003"|0|1|0|0|0|0|0|1|1|0|0|1|1|0|0|NA|NA|NA|NA|NA|0|0|0|0|NA|0
"230310340017"|0|1|0|0|0|0|0|1|1|1|1|0|0|1|0|2820|5640|NA|NA|NA|38|10|36|2043874|56774.2777777778|0
"240010004002"|0|1|0|0|0|0|0|1|1|1|1|0|0|1|0|6990|8700|NA|NA|10800|188|49|192|11027538|57435.09375|0
"240010005002"|0|1|0|0|0|0|0|1|1|1|1|0|0|1|0|6990|8700|NA|NA|10800|188|49|192|11027538|57435.09375|0
"240010018003"|0|1|1|0|0|0|0|1|1|1|0|0|0|1|0|6600|20320|7794|10026|10082|463|141|476|34646368|72786.487394958|0
"240037024022"|0|1|0|0|0|0|0|1|1|0|0|1|1|0|0|NA|NA|NA|NA|NA|0|0|0|0|NA|0
"240037024023"|0|1|0|0|0|0|0|1|1|0|0|1|1|0|0|NA|NA|NA|NA|NA|0|0|0|0|NA|0
"240037061012"|0|2|1|0|1|0|0|2|2|2|0|0|1|1|0|NA|NA|NA|NA|NA|633|101|746|82521936|202291.218395768|0
"240037067001"|0|1|0|0|1|0|0|1|1|1|0|0|0|1|0|NA|NA|NA|NA|NA|534|77|628|72221936|115003.082802548|0
"240037311031"|0|1|0|0|0|0|0|1|1|1|1|0|0|0|1|6570|11430|NA|NA|NA|596|219|510|38980198|76431.7607843137|0
"240037401022"|0|1|0|0|0|0|0|1|1|0|0|1|1|0|0|NA|NA|NA|NA|NA|0|0|0|0|NA|0
"240037504001"|0|1|0|0|0|0|0|1|1|0|0|1|1|0|0|NA|NA|NA|NA|NA|0|0|0|0|NA|0
"240037508033"|0|1|0|0|0|0|0|1|1|0|0|1|1|0|0|NA|NA|NA|NA|NA|0|0|0|0|NA|0
"240037508035"|0|1|0|0|0|0|0|1|1|0|0|1|1|0|0|NA|NA|NA|NA|NA|0|0|0|0|NA|0
"240037508041"|0|1|0|0|0|0|0|1|1|0|0|1|1|0|0|NA|NA|NA|NA|NA|0|0|0|0|NA|0
"240037512001"|0|1|0|0|0|0|0|1|1|0|0|1|1|0|0|NA|NA|NA|NA|NA|0|0|0|0|NA|0
"240037512003"|0|1|0|0|0|0|0|1|1|0|0|1|1|0|0|NA|NA|NA|NA|NA|0|0|0|0|NA|0
"240037515001"|0|1|0|0|0|0|0|1|1|0|0|1|1|0|0|NA|NA|NA|NA|NA|0|0|0|0|NA|0
"240039800001"|0|1|0|0|0|0|0|1|1|0|0|1|1|0|0|NA|NA|NA|NA|NA|0|0|0|0|NA|0
"240054015071"|0|2|0|0|0|0|0|2|2|0|0|2|2|0|0|NA|NA|NA|NA|NA|0|0|0|0|NA|0
"240054036022"|0|1|0|0|0|0|0|1|1|1|0|0|1|0|0|13000|13000|NA|NA|4900|7|1|10|481100|48110|0
"240054037021"|0|1|1|0|0|0|0|1|1|1|0|0|1|0|0|12400|12400|12400|12400|6600|41|5|24|1986614|82775.5833333333|0
"240054037022"|0|1|0|0|0|0|0|1|1|0|0|1|1|0|0|NA|NA|NA|NA|NA|0|0|0|0|NA|0
"240054038011"|0|1|1|0|0|0|0|1|1|1|0|0|0|1|0|33690|33690|8040|8040|13246|275|74|264|20030574|75873.3863636364|0
"240054084001"|0|1|0|0|0|0|0|1|1|0|0|1|1|0|0|14400|14400|NA|NA|NA|0|0|0|0|NA|0
"240054085052"|0|1|0|0|0|0|0|1|1|0|0|1|1|0|0|NA|NA|NA|NA|NA|0|0|0|0|NA|0
"240054407012"|0|1|0|0|0|0|0|1|1|1|1|0|0|0|1|5544|8400|NA|NA|NA|860|331|842|66560030|79049.9168646081|0
"240054501002"|0|1|0|0|0|0|0|1|1|0|0|1|1|0|0|NA|NA|NA|NA|NA|0|0|0|0|NA|0
"240054523002"|0|1|0|0|0|0|0|1|1|0|0|1|1|0|0|NA|NA|NA|NA|NA|0|0|0|0|NA|0
"240054903011"|0|1|0|0|0|0|0|1|1|0|0|1|1|0|0|NA|NA|NA|NA|NA|0|0|0|0|NA|0
"240054903021"|0|1|0|0|0|0|0|1|1|1|1|0|1|0|0|NA|NA|NA|NA|NA|0|0|0|0|NA|0
"240054903022"|0|1|1|0|0|0|0|1|1|1|0|0|0|1|0|43412|43412|9720|9720|14506|290|86|258|19400212|75194.6201550388|0
"240054906052"|0|1|1|0|0|0|0|1|1|1|0|0|0|0|1|6826|20094|7524|15570|12464|1414|382|1818|132715448|73000.796479648|0
"240054925001"|0|1|1|0|0|0|0|1|1|1|0|0|0|0|1|8534|23628|11520|19782|12046|1555|286|1080|101495464|93977.2814814815|0
"240135075003"|0|1|1|0|0|0|0|1|1|1|0|0|0|1|0|43260|43260|9000|9000|11430|249|106|260|16571928|63738.1846153846|0
"240135077021"|0|1|1|0|0|0|0|1|1|1|0|0|0|1|0|43260|43260|9000|9000|11430|249|106|260|16571928|63738.1846153846|0
"240135078022"|0|1|0|0|0|0|0|1|1|1|1|0|0|1|0|4752|6648|NA|NA|NA|194|71|152|9480750|62373.3552631579|0
"240135078024"|0|1|0|0|0|0|0|1|1|1|1|0|0|1|0|4752|6648|NA|NA|NA|194|71|152|9480750|62373.3552631579|0
"240150309052"|0|1|0|0|0|0|0|1|1|1|1|0|0|1|0|6780|8280|NA|NA|NA|117|56|102|6861200|67266.6666666667|0
"240178506003"|0|1|0|0|0|0|0|1|1|1|1|0|0|1|0|5328|6864|NA|NA|NA|331|64|248|20686476|83413.2096774193|0
"240217502001"|0|1|0|0|0|0|0|1|1|0|0|1|1|0|0|NA|NA|NA|NA|NA|0|0|0|0|NA|0
"240217506001"|0|1|1|0|0|0|0|1|1|1|0|0|0|1|0|38910|38910|8550|8550|12700|144|62|212|14546374|68614.9716981132|0
"240217508031"|0|1|0|0|0|0|0|1|1|0|0|1|1|0|0|NA|NA|NA|NA|NA|0|0|0|0|NA|0
"240217512012"|0|1|0|0|0|0|0|1|1|1|1|0|0|1|0|6384|8664|NA|NA|NA|313|112|210|14738296|70182.3619047619|0
"240217651002"|0|1|0|0|0|0|0|1|1|0|0|1|1|0|0|NA|NA|NA|NA|NA|0|0|0|0|NA|0
"240217668003"|0|1|1|0|0|0|0|1|1|1|0|0|0|1|0|39975|39975|12936|12936|13075|261|124|264|19057548|72187.6818181818|0
"240230005002"|0|1|0|0|0|0|0|1|1|1|1|0|1|0|0|6720|8120|NA|NA|9338|113|42|40|2532588|63314.7|0
"240253031021"|0|1|0|0|0|0|0|1|1|1|1|0|0|1|0|5268|7441|NA|NA|NA|255|62|200|12690372|63451.86|0
"240253038011"|0|1|0|0|0|0|0|1|1|0|0|1|1|0|0|NA|NA|NA|NA|NA|0|0|0|0|NA|0
"240276051022"|0|0|1|0|0|0|0|1|1|1|0|0|0|1|0|NA|NA|20592|20592|NA|71|13|24|1653894|68912.25|0
"240276056021"|0|1|0|0|0|0|0|1|1|1|1|0|0|1|0|6102|7452|NA|NA|NA|457|130|398|31011196|77917.5778894472|0
"240276067071"|0|1|1|0|0|0|0|1|1|1|0|0|1|0|0|9552|9552|16752|16752|NA|0|0|0|0|NA|0
"240276067072"|0|1|0|0|0|0|0|1|1|1|1|0|1|0|0|NA|NA|NA|NA|NA|38|12|50|2740316|54806.32|0
"240276069012"|0|1|0|0|0|0|0|1|1|0|0|1|1|0|0|NA|NA|NA|NA|NA|0|0|0|0|NA|0
"240299503002"|0|1|0|0|0|0|0|1|1|1|0|0|0|1|0|45888|45888|NA|NA|12414|344|85|232|16681790|71904.2672413793|0
"240299503003"|0|1|0|0|0|0|0|1|1|1|0|0|0|1|0|45888|45888|NA|NA|12414|344|85|232|16681790|71904.2672413793|0
"240299503004"|0|1|0|0|0|0|0|1|1|1|0|0|0|1|0|45888|45888|NA|NA|12414|344|85|232|16681790|71904.2672413793|0
"240317009021"|0|1|0|0|0|0|0|1|1|1|1|0|0|0|1|7830|10860|NA|NA|NA|1335|236|952|84820908|89097.5924369748|0
"240317010043"|0|1|0|0|0|0|0|1|1|1|1|0|0|0|1|7830|10860|NA|NA|NA|1335|236|952|84820908|89097.5924369748|0
"240317012111"|0|1|0|0|0|0|0|1|1|1|1|0|0|0|1|7830|10860|NA|NA|NA|1335|236|952|84820908|89097.5924369748|0
"240317012191"|0|2|0|0|0|0|0|2|2|0|0|2|2|0|0|NA|NA|NA|NA|NA|0|0|0|0|NA|0
"240317017021"|0|1|1|0|0|0|0|1|1|1|0|0|0|1|0|22300|22300|11250|11250|9370|91|23|94|6161958|65552.7446808511|0
"240317023012"|0|1|0|0|0|0|0|1|1|0|0|1|1|0|0|NA|NA|NA|NA|NA|0|0|0|0|NA|0
"240317032091"|0|1|0|0|0|0|0|1|1|1|0|0|1|0|0|10200|10200|NA|NA|10400|0|0|12|823882|68656.8333333333|0
"240317032092"|0|1|0|0|0|0|0|1|1|1|0|0|1|0|0|10200|10200|NA|NA|10400|0|0|12|823882|68656.8333333333|0
"240317032093"|0|1|0|0|0|0|0|1|1|1|0|0|1|0|0|10200|10200|NA|NA|10400|0|0|12|823882|68656.8333333333|0
"240317034014"|0|1|0|0|0|0|0|1|1|0|0|1|1|0|0|NA|NA|NA|NA|NA|0|0|0|0|NA|0
"240338002083"|0|1|1|0|0|0|0|1|1|1|0|0|1|0|0|24708|24708|10854|10854|9592|49|9|28|2212200|79007.1428571429|0
"240338004011"|0|1|1|1|0|0|0|1|1|1|0|0|0|1|0|5536|16176|8424|12636|10904|396|122|410|31849320|77681.2682926829|0
"240338004031"|0|1|1|1|0|0|0|1|1|1|0|0|0|1|0|5536|16176|8424|12636|10904|396|122|410|31849320|77681.2682926829|0
"240338004102"|0|1|1|1|0|0|0|1|1|1|0|0|0|1|0|5536|16176|8424|12636|10904|396|122|410|31849320|77681.2682926829|0
"240338018021"|0|1|0|0|0|0|0|1|1|0|0|1|1|0|0|NA|NA|NA|NA|NA|0|0|0|0|NA|0
"240338019052"|0|1|1|0|0|0|0|1|1|1|0|0|0|1|0|13185|13185|14790|14790|NA|42|0|20|1359136|67956.8|0
"240338025011"|0|1|1|0|0|0|0|1|1|1|0|0|1|0|0|5280|5280|5586|5586|NA|4|1|12|67312|5609.33333333333|0
"240338035082"|0|1|0|0|0|0|0|1|1|1|1|0|1|0|0|13622|13622|NA|NA|NA|21|2|40|2528000|63200|0
"240338035133"|0|1|0|0|0|0|0|1|1|1|1|0|0|0|1|4848|7296|NA|NA|NA|555|136|460|34948854|75975.7695652174|0
"240338035141"|0|1|1|0|0|0|0|1|1|1|0|0|0|0|1|7056|11976|8244|11862|NA|1056|369|386|29080812|75338.8911917098|0
"240338036022"|0|1|0|0|0|0|0|1|1|1|1|0|1|0|0|13622|13622|NA|NA|NA|21|2|40|2528000|63200|0
"240338036122"|0|1|0|0|0|0|0|1|1|0|0|1|1|0|0|NA|NA|NA|NA|NA|0|0|0|0|NA|0
"240338070004"|0|1|2|0|0|1|0|2|2|1|0|0|0|0|1|NA|NA|NA|NA|NA|9001|829|3686|474236448|NA|0
"240338072001"|0|1|2|0|0|1|0|2|2|1|0|0|0|0|1|NA|NA|NA|NA|NA|9001|829|3686|474236448|NA|0
"240338072002"|0|1|2|0|0|1|0|2|2|1|0|0|0|0|1|NA|NA|NA|NA|NA|9001|829|3686|474236448|NA|0
"240338072003"|0|1|2|0|0|1|0|2|2|1|0|0|0|0|1|NA|NA|NA|NA|NA|9001|829|3686|474236448|NA|0
"240338072004"|0|1|2|0|0|1|0|2|2|1|0|0|0|0|1|NA|NA|NA|NA|NA|9001|829|3686|474236448|NA|0
"240338074043"|0|1|0|0|0|0|0|1|1|1|1|0|1|0|0|NA|NA|NA|NA|NA|0|0|0|0|NA|0
"240358106002"|0|1|0|0|0|0|0|1|1|1|1|0|0|1|0|4560|6408|NA|NA|NA|165|51|106|7594098|71642.4339622642|0
"240378760022"|0|1|0|0|0|0|0|1|1|0|0|1|1|0|0|NA|NA|NA|NA|NA|0|0|0|0|NA|0
"240378762003"|0|1|1|0|0|0|0|1|1|1|0|0|0|1|0|11878|27640|16206|16206|13202|245|85|284|21067010|74179.6126760563|0
"240399301011"|0|1|1|1|0|0|0|1|1|1|0|0|0|1|0|5312|15518|7800|14496|9864|478|133|408|33611292|82380.6176470588|0
"240399303003"|0|1|1|1|0|0|0|1|1|1|0|0|0|1|0|5312|15518|7800|14496|9864|478|133|408|33611292|82380.6176470588|0
"240430002003"|0|1|1|0|0|0|0|1|1|1|0|0|1|0|0|13356|13356|10560|10560|NA|4|0|0|0|NA|0
"240430007001"|0|1|0|0|0|0|0|1|1|0|0|1|1|0|0|NA|NA|NA|NA|NA|0|0|0|0|NA|0
"240430103001"|0|1|1|0|0|0|0|1|1|1|0|0|1|0|0|13356|13356|10560|10560|NA|4|0|0|0|NA|0
"240430112012"|0|1|0|0|0|0|0|1|1|1|1|0|0|1|0|5320|7000|NA|NA|NA|207|67|160|10166576|63541.1|0
"240430112013"|0|1|0|0|0|0|0|1|1|1|1|0|0|1|0|5320|7000|NA|NA|NA|207|67|160|10166576|63541.1|0
"240430112014"|0|1|0|0|0|0|0|1|1|1|1|0|0|1|0|5320|7000|NA|NA|NA|207|67|160|10166576|63541.1|0
"240450104002"|0|1|1|0|0|0|0|1|1|1|0|0|0|1|0|7122|16824|8658|13311|11950|703|189|888|57611844|64878.2027027027|0
"240450105022"|0|1|0|0|0|0|0|1|1|0|0|1|1|0|0|NA|NA|NA|NA|NA|0|0|0|0|NA|0
"240450106061"|0|1|0|0|0|0|0|1|1|1|1|0|0|1|0|5784|7248|NA|NA|NA|169|59|130|8796546|67665.7384615385|0
"245100401002"|0|1|0|0|0|0|0|1|1|0|0|1|1|0|0|NA|NA|NA|NA|NA|0|0|0|0|NA|0
"245100402001"|0|1|1|0|1|1|0|1|1|1|0|0|0|1|0|9080|37314|14550|31703|NA|2164|273|868|113412788|130659.894009217|0
"245100904001"|0|1|0|0|0|0|0|1|1|0|0|1|1|0|0|NA|NA|NA|NA|NA|0|0|0|0|NA|0
"245101102001"|0|1|1|0|0|0|0|1|1|1|0|0|0|1|0|6876|18994|13680|19836|NA|426|80|370|38512648|104088.237837838|0
"245101202021"|0|1|1|0|0|1|0|1|1|1|0|0|0|0|1|53740|53740|53740|53740|15836|6815|1441|2958|420685408|142219.542934415|0
"245101401001"|0|1|1|0|0|0|0|1|1|1|0|0|0|1|0|46870|46870|46870|46870|13280|349|69|326|26725008|81978.5521472393|0
"245101504003"|0|1|1|1|0|0|0|1|1|1|0|0|0|1|0|4557|10828|6066|11178|10273|306|95|236|18278392|77450.813559322|0
"245101505002"|0|1|0|0|0|0|0|1|1|1|1|0|0|1|0|2640|6720|NA|NA|NA|286|116|208|13820454|66444.4903846154|0
"245102201003"|0|1|1|0|0|0|0|1|1|0|0|0|0|0|0|NA|NA|NA|NA|NA|97|13|0|0|NA|0
"245102501032"|0|1|0|0|0|0|0|1|1|0|0|1|1|0|0|NA|NA|NA|NA|NA|0|0|0|0|NA|0
"245102606054"|0|1|0|0|0|0|0|1|1|0|0|1|1|0|0|NA|NA|NA|NA|NA|0|0|0|0|NA|0
"245102606056"|0|1|0|0|0|0|0|1|1|0|0|1|1|0|0|NA|NA|NA|NA|NA|0|0|0|0|NA|0
"245102708044"|0|1|1|0|0|0|0|1|1|1|0|0|1|0|0|6360|6360|5904|5904|NA|9|2|10|456000|45600|0
"245102709031"|0|1|1|1|0|0|0|1|1|1|0|0|0|1|0|5369|15636|7794|15318|10862|1083|267|956|79257032|82904.8451882845|0
"245102709032"|0|1|1|1|0|0|0|1|1|1|0|0|0|1|0|5369|15636|7794|15318|10862|1083|267|956|79257032|82904.8451882845|0
"245102711012"|0|2|2|0|0|0|0|2|2|2|0|0|0|2|0|83120|83120|29295|29295|26280|815|258|926|79533432|163026.079071721|0
"245102720061"|0|1|0|0|0|0|0|1|1|1|0|0|1|0|0|9750|9750|NA|NA|NA|3|0|0|0|NA|0
"250010122002"|0|1|0|0|0|0|0|1|1|1|1|0|0|1|0|576|5520|NA|NA|NA|149|56|142|9359420|65911.4084507042|0
"250010137002"|0|1|1|0|0|0|0|1|1|1|0|0|0|1|0|1782|18160|1452|1452|12675|167|27|176|17025720|96737.0454545455|0
"250010137004"|0|1|1|0|0|0|0|1|1|1|0|0|0|1|0|1782|18160|1452|1452|12675|167|27|176|17025720|96737.0454545455|0
"250010139001"|0|1|1|0|0|0|0|1|1|1|0|0|0|1|0|1782|18160|1452|1452|12675|167|27|176|17025720|96737.0454545455|0
"250010139004"|0|2|1|0|0|0|0|2|2|1|0|1|1|1|0|NA|NA|NA|NA|NA|167|27|176|17025720|NA|0
"250039001002"|0|1|0|0|0|0|0|1|1|0|0|1|1|0|0|13806|13806|NA|NA|NA|0|0|0|0|NA|0
"250039001003"|0|1|0|0|0|0|0|1|1|0|0|1|1|0|0|13806|13806|NA|NA|NA|0|0|0|0|NA|0
"250039005002"|0|1|0|0|0|0|0|1|1|1|1|0|0|1|0|624|6240|NA|NA|NA|122|41|104|6805438|65436.9038461538|0
"250039201013"|0|1|1|0|0|0|0|1|1|1|0|0|0|1|0|55140|55140|54005|54005|14500|730|165|640|73468400|114794.375|0
"250039213003"|0|1|1|0|0|0|0|1|1|1|0|0|0|1|0|1030|9975|3096|3096|10980|221|50|180|14210172|78945.4|0
"250039213004"|0|1|1|0|0|0|0|1|1|1|0|0|0|1|0|1030|9975|3096|3096|10980|221|50|180|14210172|78945.4|0
"250039214001"|0|1|0|0|0|0|0|1|0|0|0|1|1|0|0|NA|NA|NA|NA|NA|0|0|0|0|NA|0
"250039251002"|0|1|0|0|0|0|0|1|1|1|0|0|1|0|0|53682|53682|NA|NA|14916|107|22|96|6529846|68019.2291666667|0
"250056002023"|0|1|0|0|0|0|0|1|1|0|0|1|1|0|0|NA|NA|NA|NA|NA|0|0|0|0|NA|0
"250056111021"|0|1|0|0|0|0|0|1|1|1|0|0|0|1|0|52288|52288|NA|NA|13424|342|114|270|22742124|84230.0888888889|0
"250056138002"|0|1|0|0|0|0|0|1|1|0|0|1|1|0|0|NA|NA|NA|NA|NA|0|0|0|0|NA|0
"250056322004"|0|1|0|0|0|0|0|1|1|0|0|1|1|0|0|NA|NA|NA|NA|NA|0|0|0|0|NA|0
"250056411011"|0|1|0|0|0|0|0|1|1|0|0|1|1|0|0|NA|NA|NA|NA|NA|0|0|0|0|NA|0
"250056417001"|0|1|0|0|0|0|0|1|1|0|0|1|1|0|0|NA|NA|NA|NA|NA|0|0|0|0|NA|0
"250056417002"|0|1|0|0|0|0|0|1|1|0|0|1|1|0|0|NA|NA|NA|NA|NA|0|0|0|0|NA|0
"250056417003"|0|2|0|0|0|0|0|2|2|1|1|1|1|1|0|NA|NA|NA|NA|NA|261|72|252|16444870|NA|0
"250056425001"|0|1|0|0|0|0|0|1|1|1|1|0|0|1|0|576|5520|NA|NA|NA|261|72|252|16444870|65257.4206349206|0
"250056504001"|0|1|0|0|0|0|0|1|1|0|0|1|1|0|0|NA|NA|NA|NA|NA|0|0|0|0|NA|0
"250059855001"|0|1|1|0|0|0|0|1|1|1|0|0|0|1|0|13496|28716|15912|28716|13582|740|221|804|78679540|97860.1243781095|0
"250059856001"|0|1|1|0|0|0|0|1|1|1|0|0|0|1|0|42746|42746|NA|NA|16000|389|104|340|29171942|85799.8294117647|0
"250092041012"|0|1|1|0|0|0|0|1|1|1|0|0|0|1|0|910|7050|2520|4140|13778|517|104|650|58298910|89690.6307692308|0
"250092114011"|0|1|0|0|0|0|0|1|1|1|1|0|0|1|0|600|6168|NA|NA|NA|274|103|244|15363528|62965.2786885246|0
"250092114021"|0|1|0|0|0|0|0|1|1|1|1|0|0|1|0|600|6168|NA|NA|NA|274|103|244|15363528|62965.2786885246|0
"250092151012"|0|0|1|0|0|0|0|1|1|1|0|0|0|1|0|NA|NA|20700|20700|NA|118|49|68|5343520|78581.1764705882|0
"250092161003"|0|1|1|0|0|0|0|1|1|1|0|0|0|1|0|35800|35800|5850|5850|11070|328|74|184|12964606|70459.8152173913|0
"250092175002"|0|1|0|0|0|0|0|1|1|1|0|0|1|0|0|31900|31900|NA|NA|11900|34|4|36|2136000|59333.3333333333|0
"250092175006"|0|1|0|0|0|0|0|1|1|1|0|0|1|0|0|31900|31900|NA|NA|11900|34|4|36|2136000|59333.3333333333|0
"250092176003"|0|1|1|0|0|0|0|1|1|1|0|0|0|1|0|32350|32350|12191|12191|15276|393|111|218|19281210|88445.9174311927|0
"250092176005"|0|1|1|0|0|0|0|1|1|1|0|0|0|1|0|32350|32350|12191|12191|15276|393|111|218|19281210|88445.9174311927|0
"250092181005"|0|1|1|0|0|0|0|1|1|1|0|0|0|1|0|35800|35800|5850|5850|11070|328|74|184|12964606|70459.8152173913|0
"250092233001"|0|1|0|0|0|0|0|1|1|0|0|1|1|0|0|NA|NA|NA|NA|NA|0|0|0|0|NA|0
"250092501001"|0|0|0|0|0|0|0|1|0|0|0|0|0|0|0|NA|NA|NA|NA|NA|0|0|0|0|NA|0
"250092532011"|0|1|0|0|0|0|0|1|1|0|0|1|1|0|0|NA|NA|NA|NA|NA|0|0|0|0|NA|0
"250092532022"|0|1|1|0|0|0|0|1|1|1|0|0|0|1|0|39390|39390|28320|28320|15845|398|110|394|34755634|88212.269035533|0
"250092544021"|0|0|1|0|0|0|0|1|1|1|0|0|1|0|0|NA|NA|NA|NA|NA|13|6|26|4036800|155261.538461538|0
"250092544024"|0|0|1|0|0|0|0|1|1|1|0|0|1|0|0|NA|NA|NA|NA|NA|13|6|26|4036800|155261.538461538|0
"250092603022"|0|1|0|0|0|0|0|1|1|1|1|0|0|1|0|600|6384|NA|NA|NA|262|74|196|12588444|64226.7551020408|0
"250092611012"|0|1|1|0|0|0|0|1|1|1|0|0|1|0|0|11330|11330|10440|10440|9500|34|11|14|895204|63943.1428571429|0
"250110410001"|0|1|0|0|0|0|0|1|1|1|1|0|0|1|0|624|6744|NA|NA|NA|127|35|100|6599074|65990.74|0
"250110410002"|0|1|0|0|0|0|0|1|1|1|1|0|0|1|0|624|6744|NA|NA|NA|127|35|100|6599074|65990.74|0
"250110415021"|0|1|0|0|0|0|0|1|1|1|1|0|0|1|0|624|6744|NA|NA|NA|127|35|100|6599074|65990.74|0
"250138002021"|0|1|0|0|0|0|0|1|1|0|0|1|1|0|0|NA|NA|NA|NA|NA|0|0|0|0|NA|0
"250138011011"|0|1|0|0|0|0|0|1|1|0|0|1|1|0|0|NA|NA|NA|NA|NA|0|0|0|0|NA|0
"250138012002"|0|1|0|0|0|0|0|1|1|1|1|0|0|1|0|600|5808|NA|NA|NA|261|82|274|18837360|68749.4890510949|0
"250138016011"|0|1|1|0|0|0|0|1|1|1|0|0|0|1|0|34338|34338|24318|24318|13590|422|102|474|41838360|88266.582278481|0
"250138017002"|0|2|2|0|0|0|0|2|2|2|0|0|1|1|0|53912|53912|48540|48540|NA|458|136|418|30928170|158050.632402707|0
"250138017004"|0|1|1|0|0|0|0|1|1|1|0|0|0|1|0|35680|35680|11320|11320|14100|212|78|140|9009300|64352.1428571429|0
"250138104031"|0|1|0|0|0|0|0|1|1|0|0|1|1|0|0|NA|NA|NA|NA|NA|0|0|0|0|NA|0
"250138104033"|0|1|0|0|0|0|0|1|1|0|0|1|1|0|0|NA|NA|NA|NA|NA|0|0|0|0|NA|0
"250138106021"|0|1|0|0|0|0|0|1|1|1|1|0|1|0|0|NA|NA|NA|NA|NA|1|0|0|0|NA|0
"250138109021"|0|1|1|0|0|0|0|1|1|1|0|0|0|1|0|34114|34114|14328|14328|13108|113|55|124|7898862|63700.5|0
"250138121012"|0|1|0|0|0|0|0|1|1|1|1|0|0|1|0|4632|9576|NA|NA|NA|279|110|248|16133994|65056.4274193548|0
"250138122023"|0|1|0|0|0|0|0|1|1|0|0|1|1|0|0|NA|NA|NA|NA|NA|0|0|0|0|NA|0
"250138129022"|0|1|1|0|0|0|0|1|1|1|0|0|0|1|0|970|7050|6300|6300|10948|485|130|464|39431886|84982.5129310345|0
"250138129031"|0|1|1|0|0|0|0|1|1|1|0|0|0|1|0|970|7050|6300|6300|10948|485|130|464|39431886|84982.5129310345|0
"250138133012"|0|1|1|0|0|0|0|1|1|1|0|0|0|1|0|34225|34225|23787|23787|12799|224|63|140|11169584|79782.7428571429|0
"250138136011"|0|1|0|0|0|0|0|1|1|0|0|1|1|0|0|NA|NA|NA|NA|NA|0|0|0|0|NA|0
"250158204001"|0|1|1|0|0|0|0|1|1|1|0|0|0|0|1|15406|34089|13606|28669|12626|4525|995|2834|315649802|111379.605504587|0
"250158204002"|0|1|1|0|0|0|0|1|1|1|0|0|0|0|1|15406|34089|13606|28669|12626|4525|995|2834|315649802|111379.605504587|0
"250158206001"|0|1|0|0|0|0|0|1|1|1|0|0|0|1|0|55520|55520|NA|NA|14740|701|210|500|58154768|116309.536|0
"250158208014"|0|1|0|0|0|0|0|1|1|1|0|0|0|1|0|50030|50030|NA|NA|13606|240|71|224|18958918|84638.0267857143|0
"250158208021"|0|1|0|0|0|0|0|1|1|1|0|0|0|1|0|50030|50030|NA|NA|13606|240|71|224|18958918|84638.0267857143|0
"250158212001"|0|1|1|0|0|0|0|1|1|1|0|0|0|1|0|49780|49780|24513|24513|14660|676|133|438|42139378|96208.6255707763|0
"250158219011"|0|1|1|0|0|0|0|1|1|1|0|0|0|1|0|52120|52120|52120|52120|17520|724|159|668|71574120|107146.886227545|0
"250158219031"|0|1|1|0|0|0|0|1|1|1|0|0|0|1|0|52120|52120|52120|52120|17520|724|159|668|71574120|107146.886227545|0
"250158220001"|0|1|1|0|0|0|0|1|1|1|0|0|0|1|0|52120|52120|52120|52120|17520|724|159|668|71574120|107146.886227545|0
"250173101001"|0|1|0|0|0|0|0|1|1|0|0|1|1|0|0|NA|NA|NA|NA|NA|0|0|0|0|NA|0
"250173105001"|0|1|1|0|0|0|0|1|1|1|0|0|0|0|1|14710|32357|14590|26370|12748|1160|256|1278|133630168|104561.946791862|0
"250173119002"|0|1|0|0|0|0|0|1|1|0|0|1|1|0|0|NA|NA|NA|NA|NA|0|0|0|0|NA|0
"250173131024"|0|1|0|0|0|0|0|1|0|0|0|1|1|0|0|NA|NA|NA|NA|NA|0|0|0|0|NA|0
"250173155001"|0|1|0|0|0|0|0|1|1|0|0|1|1|0|0|NA|NA|NA|NA|NA|0|0|0|0|NA|0
"250173215001"|0|1|0|0|0|0|0|1|0|0|0|1|1|0|0|NA|NA|NA|NA|NA|0|0|0|0|NA|0
"250173335013"|0|2|0|0|0|0|0|2|2|0|0|2|2|0|0|NA|NA|NA|NA|NA|0|0|0|0|NA|0
"250173336002"|0|1|0|0|0|0|0|1|1|0|0|1|1|0|0|NA|NA|NA|NA|NA|0|0|0|0|NA|0
"250173336003"|0|2|0|0|0|0|0|2|2|0|0|2|2|0|0|NA|NA|NA|NA|NA|0|0|0|0|NA|0
"250173341002"|0|1|0|0|0|0|0|1|1|0|0|1|1|0|0|NA|NA|NA|NA|NA|0|0|0|0|NA|0
"250173391005"|0|1|0|0|0|0|0|1|1|1|1|0|1|0|0|26942|26942|NA|NA|NA|11|1|78|7210916|92447.641025641|0
"250173394004"|0|1|0|0|0|0|0|1|1|0|0|1|1|0|0|NA|NA|NA|NA|NA|0|0|0|0|NA|0
"250173395001"|0|1|1|0|0|1|0|1|1|1|0|0|0|0|1|55172|55172|51288|51288|14560|3171|691|1638|200660068|122503.094017094|0
"250173411021"|0|1|0|0|0|0|0|1|1|0|0|1|1|0|0|NA|NA|NA|NA|NA|0|0|0|0|NA|0
"250173413003"|0|2|0|0|0|0|0|2|2|0|0|2|2|0|0|NA|NA|NA|NA|NA|0|0|0|0|NA|0
"250173424004"|0|2|1|0|0|0|0|2|2|2|1|0|0|1|1|16164|21108|NA|NA|NA|435|146|326|22548150|158620.926672039|0
"250173501031"|0|1|0|0|0|0|0|1|1|0|0|1|1|0|0|NA|NA|NA|NA|NA|0|0|0|0|NA|0
"250173514041"|0|2|1|0|0|0|0|2|2|2|1|0|0|1|1|16164|21108|NA|NA|NA|435|146|326|22548150|158620.926672039|0
"250173515001"|0|2|1|0|0|0|0|2|2|2|1|0|0|1|1|16164|21108|NA|NA|NA|435|146|326|22548150|158620.926672039|0
"250173521012"|0|1|1|0|0|0|0|1|1|1|0|0|0|1|0|37810|37810|44241|44241|18600|149|10|62|7731890|124707.903225806|0
"250173524002"|0|1|1|0|0|0|0|1|1|1|0|0|0|0|1|51520|51520|51520|51520|15510|15611|2552|2730|477442002|174887.18021978|0
"250173531021"|0|1|1|0|0|0|0|1|1|1|0|0|0|0|1|51520|51520|51520|51520|15510|15611|2552|2730|477442002|174887.18021978|0
"250173531022"|0|1|1|0|0|0|0|1|1|1|0|0|0|0|1|51520|51520|51520|51520|15510|15611|2552|2730|477442002|174887.18021978|0
"250173531023"|0|1|1|0|0|0|0|1|1|1|0|0|0|0|1|51520|51520|51520|51520|15510|15611|2552|2730|477442002|174887.18021978|0
"250173536005"|0|1|1|0|0|0|0|1|1|1|0|0|0|1|0|27600|27600|18000|18000|16230|345|181|294|25764848|87635.537414966|0
"250173537003"|0|2|2|0|0|1|0|2|2|2|0|0|0|1|1|73940|73940|64384|64384|33390|14235|2579|3854|728165856|284939.19134755|0
"250173540003"|0|1|1|0|0|0|0|1|1|1|0|0|1|0|0|41800|41800|41800|41800|NA|28|4|40|1797790|44944.75|0
"250173591001"|0|1|0|0|0|0|0|1|1|1|1|0|0|1|0|576|5520|NA|NA|NA|270|59|236|15600956|66105.7457627119|0
"250173591003"|0|1|0|0|0|0|0|1|1|1|1|0|0|1|0|576|5520|NA|NA|NA|270|59|236|15600956|66105.7457627119|0
"250173591004"|0|1|0|0|0|0|0|1|1|1|1|0|0|1|0|576|5520|NA|NA|NA|270|59|236|15600956|66105.7457627119|0
"250173611003"|0|1|0|0|0|0|0|1|1|0|0|1|1|0|0|NA|NA|NA|NA|NA|0|0|0|0|NA|0
"250173612001"|0|1|0|0|0|0|0|1|1|0|0|1|1|0|0|NA|NA|NA|NA|NA|0|0|0|0|NA|0
"250173672002"|0|0|1|0|0|0|0|1|1|1|0|0|1|0|0|NA|NA|22500|22500|NA|13|3|24|1094164|45590.1666666667|0
"250173672003"|0|1|2|0|0|0|0|2|2|2|0|0|1|1|0|NA|NA|63515|63515|NA|264|66|272|21121396|126345.134408602|0
"250173672004"|0|0|1|0|0|0|0|1|1|1|0|0|1|0|0|NA|NA|22500|22500|NA|13|3|24|1094164|45590.1666666667|0
"250173672006"|0|0|1|0|0|0|0|1|1|1|0|0|1|0|0|NA|NA|22500|22500|NA|13|3|24|1094164|45590.1666666667|0
"250173672007"|0|0|1|0|0|0|0|1|1|1|0|0|1|0|0|NA|NA|22500|22500|NA|13|3|24|1094164|45590.1666666667|0
"250173684002"|0|1|1|0|0|0|0|1|1|1|0|0|0|1|0|53260|53260|50184|50184|15440|1278|243|726|86806758|119568.537190083|0
"250173684003"|0|1|1|0|0|0|0|1|1|1|0|0|0|1|0|53260|53260|50184|50184|15440|1278|243|726|86806758|119568.537190083|0
"250173685001"|0|1|0|0|0|0|0|1|1|0|0|1|1|0|0|24000|24000|NA|NA|NA|0|0|0|0|NA|0
"250173689011"|0|1|1|0|0|0|0|1|1|1|0|0|0|1|0|48180|48180|36960|36960|16320|586|210|582|73876998|126936.422680412|0
"250173689021"|0|1|1|0|0|0|0|1|1|1|0|0|0|1|0|48180|48180|36960|36960|16320|586|210|582|73876998|126936.422680412|0
"250173690001"|0|1|1|0|0|0|0|1|1|1|0|0|0|1|0|48180|48180|36960|36960|16320|586|210|582|73876998|126936.422680412|0
"250173691004"|0|1|1|0|0|0|0|1|1|1|0|0|0|1|0|48180|48180|36960|36960|16320|586|210|582|73876998|126936.422680412|0
"250173736001"|0|1|1|0|0|0|0|1|1|1|0|0|0|0|1|54600|54600|29412|29412|14478|2835|578|1720|237193364|137903.118604651|0
"250173736002"|0|1|1|0|0|0|0|1|1|1|0|0|0|0|1|54600|54600|29412|29412|14478|2835|578|1720|237193364|137903.118604651|0
"250173738001"|0|1|1|0|0|0|0|1|1|1|0|0|1|0|0|28800|28800|29990|29990|NA|42|8|16|1280000|80000|0
"250173740002"|0|1|1|0|0|0|0|1|1|1|0|0|1|0|0|NA|NA|39600|39600|NA|79|28|128|13791890|107749.140625|0
"250173743002"|0|1|0|0|0|0|0|1|1|1|1|0|0|1|0|576|5520|NA|NA|NA|173|47|140|9626738|68762.4142857143|0
"250173748001"|0|1|1|0|0|0|0|1|1|1|0|0|0|1|0|34700|34700|10800|10800|15400|217|39|166|12361522|74467|0
"250173835013"|0|1|0|0|0|0|0|1|1|0|0|1|1|0|0|NA|NA|NA|NA|NA|0|0|0|0|NA|0
"250173835021"|0|1|1|0|0|0|0|1|1|1|0|0|0|1|0|970|7050|1675|7050|12210|344|66|400|31995638|79989.095|0
"250173835022"|0|1|1|0|0|0|0|1|1|1|0|0|0|1|0|970|7050|1675|7050|12210|344|66|400|31995638|79989.095|0
"250173883003"|0|1|1|0|0|0|0|1|1|1|0|0|0|0|1|14710|32357|14590|26370|12748|1160|256|1278|133630168|104561.946791862|0
"250214005001"|0|0|1|0|0|0|0|1|1|1|0|0|1|0|0|NA|NA|18480|18480|NA|5|2|12|526476|43873|0
"250214006003"|0|1|0|0|0|0|0|1|1|1|0|0|1|0|0|33940|33940|NA|NA|14900|47|13|44|2770810|62972.9545454545|0
"250214011001"|0|1|1|0|0|0|0|1|1|1|0|0|1|0|0|21940|21940|21940|21940|16192|48|15|44|2800732|63653|0
"250214012001"|0|1|1|0|0|0|0|1|1|1|0|0|1|0|0|30660|30660|12500|12500|13830|62|16|76|4171576|54889.1578947368|0
"250214023002"|0|1|0|0|0|0|0|1|1|0|0|1|1|0|0|NA|NA|NA|NA|NA|0|0|0|0|NA|0
"250214034001"|0|1|0|0|0|0|0|1|1|1|0|0|1|0|0|50400|50400|NA|NA|16300|76|21|94|10573404|112483.021276596|0
"250214034005"|0|1|0|0|0|0|0|1|1|1|0|0|1|0|0|50400|50400|NA|NA|16300|76|21|94|10573404|112483.021276596|0
"250214035001"|0|1|1|0|0|0|0|1|1|1|0|0|1|0|0|NA|NA|39600|39600|NA|79|28|128|13791890|107749.140625|0
"250214041001"|0|1|0|0|0|0|0|1|1|1|1|0|0|1|0|576|5520|NA|NA|NA|173|47|140|9626738|68762.4142857143|0
"250214042023"|0|1|1|0|0|0|0|1|1|1|0|0|0|1|0|51104|51104|82496|82496|16312|653|223|392|57428610|146501.556122449|0
"250214044005"|0|1|0|0|0|0|0|1|1|1|0|0|0|1|0|53408|53408|NA|NA|16468|733|148|638|71221944|111633.141065831|0
"250214131002"|0|1|0|0|0|0|0|1|1|1|1|0|1|0|0|20520|20520|NA|NA|NA|5|1|2|120000|60000|0
"250214132002"|0|1|0|0|0|0|0|1|1|0|0|1|1|0|0|NA|NA|NA|NA|NA|0|0|0|0|NA|0
"250214152001"|0|1|0|0|0|0|0|1|1|0|0|1|1|0|0|NA|NA|NA|NA|NA|0|0|0|0|NA|0
"250214153002"|0|1|0|0|0|0|0|1|1|0|0|1|1|0|0|NA|NA|NA|NA|NA|0|0|0|0|NA|0
"250214161021"|0|1|1|0|0|0|0|1|1|1|0|0|0|1|0|37850|37850|14350|14350|15185|237|85|238|21431372|90047.781512605|0
"250214164006"|0|1|0|0|0|0|0|1|1|1|0|0|1|0|0|35322|35322|NA|NA|NA|41|7|76|4900462|64479.7631578947|0
"250214176012"|0|1|1|0|0|0|0|1|1|1|0|0|1|0|0|28396|28396|9800|9800|9624|89|14|68|3705852|54497.8235294118|0
"250214177013"|0|1|0|0|0|0|0|1|1|1|1|0|0|1|0|5496|5496|NA|NA|NA|100|17|116|8296202|71518.9827586207|0
"250214177014"|0|2|0|0|0|0|0|2|2|0|0|2|2|0|0|NA|NA|NA|NA|NA|0|0|0|0|NA|0
"250214182004"|0|1|1|0|0|0|0|1|1|1|0|0|0|1|0|37850|37850|14350|14350|15185|237|85|238|21431372|90047.781512605|0
"250214191001"|0|1|1|0|0|0|0|1|1|1|0|0|1|0|0|9552|9552|16752|16752|NA|0|0|0|0|NA|0
"250214202021"|0|1|1|0|0|0|0|1|1|1|0|0|0|1|0|37850|37850|14350|14350|15185|237|85|238|21431372|90047.781512605|0
"250214421013"|0|1|0|0|0|0|0|1|1|1|0|0|0|1|0|39234|39234|NA|NA|16836|144|20|54|3502878|64868.1111111111|0
"250214421021"|0|2|0|0|0|0|0|2|2|1|0|1|1|1|0|NA|NA|NA|NA|NA|144|20|54|3502878|NA|0
"250235111002"|0|1|0|0|0|0|0|1|1|0|0|1|1|0|0|NA|NA|NA|NA|NA|0|0|0|0|NA|0
"250235111006"|0|1|0|0|0|0|0|1|1|0|0|1|1|0|0|NA|NA|NA|NA|NA|0|0|0|0|NA|0
"250235112001"|0|1|0|0|0|0|0|1|1|1|1|0|0|1|0|576|5520|NA|NA|NA|269|65|230|15349874|66738.5826086957|0
"250235112004"|0|1|0|0|0|0|0|1|1|1|1|0|0|1|0|576|5520|NA|NA|NA|269|65|230|15349874|66738.5826086957|0
"250235112005"|0|1|0|0|0|0|0|1|1|1|1|0|0|1|0|576|5520|NA|NA|NA|269|65|230|15349874|66738.5826086957|0
"250235301002"|0|1|0|0|0|0|0|1|1|0|0|1|1|0|0|NA|NA|NA|NA|NA|0|0|0|0|NA|0
"250235612001"|0|1|1|0|0|0|0|1|1|1|0|0|0|0|1|910|7050|1675|1675|13000|769|192|710|58636094|82586.0478873239|0
"250250004022"|0|1|1|0|0|0|0|1|1|1|0|0|1|0|0|24915|24915|18900|18900|11700|11|7|32|1445800|45181.25|0
"250250101033"|0|2|2|0|0|1|0|2|2|2|0|0|1|0|1|NA|NA|NA|NA|NA|5591|1050|3746|502009044|NA|0
"250250103001"|0|1|1|0|0|0|0|1|1|1|0|0|0|1|0|1030|24230|23400|23400|13500|252|61|228|19752046|86631.7807017544|0
"250250103002"|0|3|3|0|0|0|0|3|3|3|0|0|0|3|0|111804|111804|57555|57555|47168|994|183|1372|136332632|280152.80849684|0
"250250104051"|0|3|3|0|0|0|0|3|3|3|0|0|1|0|2|126658|126658|95724|95724|NA|3133|726|3094|366562874|288474.291649897|0
"250250104052"|0|1|1|0|0|0|0|1|1|1|0|0|0|1|0|42880|42880|41963|41963|18360|675|207|698|61565932|88203.340974212|0
"250250107013"|0|1|1|0|0|0|0|1|1|1|0|0|1|0|0|23448|23448|24244|24244|13830|77|33|26|1946962|74883.1538461538|0
"250250107021"|0|1|0|0|0|0|0|1|1|1|0|0|1|0|0|21720|21720|NA|NA|13300|60|41|20|1706892|85344.6|0
"250250108011"|0|1|1|0|0|0|0|1|1|1|0|0|0|1|0|30389|30389|25578|25578|15926|94|10|74|5196500|70222.972972973|0
"250250108021"|0|0|1|0|1|0|0|1|1|1|0|0|1|0|0|NA|NA|20878|20878|NA|80|19|90|10506142|116734.911111111|0
"250250201012"|0|1|1|0|0|0|0|1|1|1|0|0|0|1|0|30389|30389|25578|25578|15926|94|10|74|5196500|70222.972972973|0
"250250203032"|0|1|1|0|0|0|0|1|1|0|0|0|0|0|0|NA|NA|NA|NA|NA|373|59|0|0|NA|0
"250250302001"|0|2|1|0|0|0|0|2|2|0|0|1|1|0|0|NA|NA|NA|NA|NA|373|59|0|0|NA|0
"250250303001"|0|2|2|0|0|0|0|2|2|1|0|0|0|1|0|NA|NA|NA|NA|NA|426|60|8|564500|NA|0
"250250303002"|0|1|1|0|0|0|0|1|1|0|0|0|0|0|0|NA|NA|NA|NA|NA|373|59|0|0|NA|0
"250250303003"|0|1|1|0|0|0|0|1|1|0|0|0|0|0|0|NA|NA|NA|NA|NA|373|59|0|0|NA|0
"250250303004"|0|1|1|0|0|0|0|1|1|0|0|0|0|0|0|NA|NA|NA|NA|NA|373|59|0|0|NA|0
"250250304002"|0|2|1|0|0|0|0|2|2|0|0|1|1|0|0|NA|NA|NA|NA|NA|373|59|0|0|NA|0
"250250401001"|0|1|1|0|0|0|0|1|1|1|0|0|0|1|0|62400|62400|52668|52668|NA|124|39|186|19775870|106321.88172043|0
"250250406001"|0|2|1|0|0|0|0|2|2|2|1|0|0|1|1|16164|21108|NA|NA|NA|435|146|326|22548150|158620.926672039|0
"250250408013"|0|1|1|0|0|0|0|1|1|1|0|0|0|1|0|62400|62400|52668|52668|NA|124|39|186|19775870|106321.88172043|0
"250250701011"|0|1|1|0|0|0|0|1|1|1|0|0|0|1|0|11640|11640|18210|18210|NA|53|1|8|564500|70562.5|0
"250250701013"|0|1|1|0|0|0|0|1|1|1|0|0|0|1|0|38420|38420|36454|36454|15582|586|177|704|76437932|108576.607954545|0
"250250701014"|0|1|0|0|0|0|0|1|1|0|0|1|1|0|0|NA|NA|NA|NA|NA|0|0|0|0|NA|0
"250250701015"|0|1|0|0|0|0|0|1|1|1|1|0|1|0|0|7104|7104|NA|NA|NA|10|0|4|216000|54000|0
"250250701017"|0|1|1|0|0|0|0|1|1|1|0|0|0|1|0|11640|11640|18210|18210|NA|53|1|8|564500|70562.5|0
"250250701018"|0|1|1|0|0|0|0|1|1|1|0|0|0|1|0|11640|11640|18210|18210|NA|53|1|8|564500|70562.5|0
"250250702003"|0|1|2|0|0|0|0|2|2|2|0|0|1|1|0|NA|NA|NA|NA|NA|615|126|466|46805178|258041.098166127|0
"250250703004"|0|1|0|0|0|0|0|1|1|1|0|0|1|0|0|16950|16950|NA|NA|20300|52|2|82|4947864|60339.8048780488|0
"250250808011"|0|1|1|0|0|0|0|1|1|1|0|0|0|1|0|33950|33950|36750|36750|14190|362|68|318|25021880|78685.1572327044|0
"250250814003"|0|1|0|0|0|0|0|1|1|1|1|0|0|1|0|624|5928|NA|NA|NA|113|21|78|4905064|62885.4358974359|0
"250250909012"|0|1|1|0|0|0|0|1|1|1|0|0|0|0|1|13841|33640|17876|34932|16290|1065|543|1436|140409964|97778.5264623955|0
"250250916003"|0|1|0|0|0|0|0|1|1|0|0|1|1|0|0|NA|NA|NA|NA|NA|0|0|0|0|NA|0
"250251402023"|0|1|0|0|0|0|0|1|1|1|0|0|1|0|0|11400|11400|NA|NA|7000|6|0|4|201000|50250|0
"250259815011"|0|2|2|0|0|1|0|2|2|2|0|0|1|0|1|NA|NA|NA|NA|NA|5591|1050|3746|502009044|NA|0
"250277075001"|0|1|0|0|0|0|0|1|1|1|1|0|0|1|0|600|5520|NA|NA|NA|250|99|152|10696296|70370.3684210526|0
"250277103002"|0|1|0|0|0|0|0|1|0|0|0|1|1|0|0|NA|NA|NA|NA|NA|0|0|0|0|NA|0
"250277108001"|0|1|1|0|0|0|0|1|1|1|0|0|0|1|0|970|7050|2124|2124|11072|336|85|400|32858360|82145.9|0
"250277121013"|0|1|0|0|0|0|0|1|1|0|0|1|1|0|0|NA|NA|NA|NA|NA|0|0|0|0|NA|0
"250277271001"|0|1|1|0|0|0|0|1|1|1|0|0|0|1|0|35480|35480|10530|10530|14230|78|31|82|4773644|58215.1707317073|0
"250277271002"|0|1|1|0|0|0|0|1|1|1|0|0|0|1|0|35480|35480|10530|10530|14230|78|31|82|4773644|58215.1707317073|0
"250277292002"|0|1|0|0|0|0|0|1|1|1|1|0|1|0|0|NA|NA|NA|NA|NA|1|0|2|128000|64000|0
"250277292003"|0|1|0|0|0|0|0|1|1|1|1|0|1|0|0|NA|NA|NA|NA|NA|1|0|2|128000|64000|0
"250277303002"|0|1|0|0|0|0|0|1|1|1|1|0|0|1|0|576|5520|NA|NA|NA|289|101|268|18020176|67239.4626865672|0
"250277306004"|0|1|1|0|0|0|0|1|1|1|0|0|0|1|0|40208|40208|12438|12438|12685|178|73|278|21537332|77472.4172661871|0
"250277306005"|0|1|0|0|0|0|0|1|1|0|0|1|1|0|0|NA|NA|NA|NA|NA|0|0|0|0|NA|0
"250277309021"|0|1|1|0|0|0|0|1|1|1|0|0|0|1|0|970|7050|3042|3042|12262|356|106|414|32906352|79483.9420289855|0
"250277312021"|0|1|1|0|0|0|0|1|1|1|0|0|0|1|0|45380|45380|34110|34110|9170|431|144|412|40263910|97727.9368932039|0
"250277315001"|0|1|0|0|0|0|0|1|1|0|0|1|1|0|0|NA|NA|NA|NA|NA|0|0|0|0|NA|0
"250277316004"|0|2|2|0|0|0|0|2|2|2|0|0|0|2|0|85460|85460|53349|53349|28574|1026|317|896|97645874|185196.499166667|0
"250277316006"|0|1|1|0|0|0|0|1|1|1|0|0|0|1|0|49860|49860|27234|27234|14774|853|277|800|90757966|113447.4575|0
"250277318006"|0|1|0|0|0|0|0|1|1|0|0|1|1|0|0|NA|NA|NA|NA|NA|0|0|0|0|NA|0
"250277320022"|0|0|1|0|0|1|0|1|1|1|0|0|0|1|0|NA|NA|23797|35313|NA|8|1|46|5641548|122642.347826087|0
"250277320023"|0|0|1|0|0|1|0|1|1|1|0|0|0|1|0|NA|NA|23797|35313|NA|8|1|46|5641548|122642.347826087|0
"250277329021"|0|1|0|0|0|0|0|1|1|1|0|0|0|1|0|52100|52100|NA|NA|14520|759|239|576|58683522|101881.114583333|0
"250277401012"|0|1|0|0|0|0|0|1|1|0|0|1|1|0|0|NA|NA|NA|NA|NA|0|0|0|0|NA|0
"250277424021"|0|1|0|0|0|0|0|1|1|0|0|1|1|0|0|NA|NA|NA|NA|NA|0|0|0|0|NA|0
"250277431002"|0|1|0|0|0|0|0|1|1|0|0|1|1|0|0|NA|NA|NA|NA|NA|0|0|0|0|NA|0
"250277431004"|0|1|0|0|0|0|0|1|1|0|0|1|1|0|0|NA|NA|NA|NA|NA|0|0|0|0|NA|0
"250277552004"|0|1|1|0|0|0|0|1|1|1|0|0|0|1|0|33800|33800|7800|7800|13950|137|40|100|7867556|78675.56|0
"250277561022"|0|1|0|0|0|0|0|1|1|0|0|1|1|0|0|NA|NA|NA|NA|NA|0|0|0|0|NA|0
"260070003004"|0|1|0|0|0|0|0|1|1|1|0|0|0|1|0|7050|7050|NA|NA|6700|60|16|94|7473722|79507.6808510638|0
"260130001003"|0|0|0|0|0|0|0|1|0|0|0|0|0|0|0|NA|NA|NA|NA|NA|0|0|0|0|NA|0
"260130002003"|0|1|0|0|0|0|1|1|1|1|1|0|1|0|0|2640|2640|NA|NA|NA|23|19|10|460810|46081|0
"260150105001"|0|1|0|0|0|0|0|1|1|0|0|1|1|0|0|7300|10596|NA|NA|6156|0|0|0|0|NA|0
"260172803001"|0|1|0|0|0|0|0|1|1|0|0|1|1|0|0|NA|NA|NA|NA|NA|0|0|0|0|NA|0
"260172813001"|0|1|0|0|0|0|0|1|1|0|0|1|1|0|0|NA|NA|NA|NA|NA|0|0|0|0|NA|0
"260172854003"|0|1|0|0|0|0|0|1|1|1|1|0|0|1|0|5760|10830|NA|NA|NA|289|142|384|32905094|85690.3489583333|0
"260172859001"|0|1|0|0|0|0|0|1|1|0|0|1|1|0|0|NA|NA|NA|NA|NA|0|0|0|0|NA|0
"260172859002"|0|1|0|0|0|0|0|1|1|1|1|0|1|0|0|NA|NA|NA|NA|NA|4|2|8|287672|35959|0
"260172865001"|0|1|0|0|0|0|0|1|1|0|0|1|1|0|0|NA|NA|NA|NA|NA|0|0|0|0|NA|0
"260210011001"|0|1|0|0|0|0|0|1|1|0|0|1|1|0|0|NA|NA|NA|NA|NA|0|0|0|0|NA|0
"260210021002"|0|1|0|0|0|0|0|1|1|1|0|0|0|1|0|4965|4965|NA|NA|9980|122|48|110|8260946|75099.5090909091|0
"260210022003"|0|1|0|0|0|0|0|1|1|1|0|0|0|1|0|4965|4965|NA|NA|9980|122|48|110|8260946|75099.5090909091|0
"260210024002"|0|1|0|0|0|0|0|1|1|1|0|0|0|1|0|4965|4965|NA|NA|9980|122|48|110|8260946|75099.5090909091|0
"260210213001"|0|1|1|0|0|0|0|1|1|1|0|0|0|1|0|28272|28272|26520|26520|9078|482|164|444|26377832|59409.5315315315|0
"260210213002"|0|1|1|0|0|0|0|1|1|1|0|0|0|1|0|28272|28272|26520|26520|9078|482|164|444|26377832|59409.5315315315|0
"260250005002"|0|1|0|0|0|0|0|1|1|0|0|1|1|0|0|NA|NA|NA|NA|NA|0|0|0|0|NA|0
"260250009002"|0|1|0|0|0|0|0|1|1|1|1|0|0|1|0|5592|8000|NA|NA|NA|161|62|166|13694394|82496.3493975904|0
"260250014001"|0|1|0|0|0|0|0|1|1|0|0|1|0|0|0|NA|NA|NA|NA|NA|0|0|0|0|NA|0
"260250034001"|0|1|0|0|0|0|0|1|1|1|0|0|0|1|0|45070|45070|NA|NA|12380|286|111|240|16313348|67972.2833333333|0
"260250037002"|0|1|1|0|0|0|0|1|1|1|0|0|0|1|0|26748|26748|7065|7065|9590|130|50|96|5239110|54574.0625|0
"260270021001"|0|1|0|0|0|0|0|1|1|1|1|0|0|1|0|4898|5332|NA|NA|10100|92|24|118|6829804|57879.6949152542|0
"260270021002"|0|1|0|0|0|0|0|1|1|1|1|0|0|1|0|4898|5332|NA|NA|10100|92|24|118|6829804|57879.6949152542|0
"260339703001"|0|1|0|0|0|0|0|1|1|1|0|0|0|1|0|11640|11640|NA|NA|9882|210|52|186|10871054|58446.5268817204|0
"260339706003"|0|1|0|0|0|0|1|1|1|1|0|0|1|0|0|2660|2660|NA|NA|NA|51|15|30|1310282|43676.0666666667|0
"260350008003"|0|1|0|0|0|0|0|1|1|1|1|0|0|1|0|6860|6860|NA|NA|NA|121|40|108|7422498|68726.8333333333|0
"260350013003"|0|1|0|0|0|0|0|1|1|1|1|0|0|1|0|6860|6860|NA|NA|NA|121|40|108|7422498|68726.8333333333|0
"260419704001"|0|1|0|0|0|0|0|1|1|1|1|0|0|1|0|6624|8086|NA|NA|7400|77|18|82|6301654|76849.4390243902|0
"260419705003"|0|1|0|0|0|0|0|1|1|1|1|0|0|1|0|6624|8086|NA|NA|7400|77|18|82|6301654|76849.4390243902|0
"260419708001"|0|1|0|0|0|0|0|1|1|1|1|0|0|1|0|6624|8086|NA|NA|7400|77|18|82|6301654|76849.4390243902|0
"260450201031"|0|1|0|0|0|0|0|1|1|1|0|0|1|0|0|15750|15750|NA|NA|8800|15|5|18|783068|43503.7777777778|0
"260450201032"|0|1|0|0|0|0|0|1|1|0|0|1|1|0|0|NA|NA|NA|NA|NA|0|0|0|0|NA|0
"260450211001"|0|1|1|0|0|0|0|1|1|1|0|0|0|1|0|26748|26748|7065|7065|9590|130|50|96|5239110|54574.0625|0
"260479707003"|0|1|0|0|0|0|0|1|1|1|1|0|0|1|0|5544|7196|NA|NA|6300|69|13|64|5606384|87599.75|0
"260490013001"|0|1|0|0|0|0|0|1|1|0|0|1|1|0|0|NA|NA|NA|NA|NA|0|0|0|0|NA|0
"260490016003"|0|1|1|0|0|0|0|1|1|1|0|0|0|1|0|40236|40236|12460|12460|8240|271|77|226|18327530|81095.2654867257|0
"260490028002"|0|1|1|0|0|0|0|1|1|1|0|0|0|1|0|10872|21633|10872|16272|8769|499|95|598|48527612|81149.8528428094|0
"260490030001"|0|1|0|0|0|0|0|1|1|1|1|0|0|1|0|4404|6274|NA|NA|NA|272|76|280|19917824|71135.0857142857|0
"260490037002"|0|1|1|0|0|0|0|1|1|1|0|0|0|1|0|40236|40236|12460|12460|8240|271|77|226|18327530|81095.2654867257|0
"260490108122"|0|1|0|0|0|0|0|1|1|0|0|1|1|0|0|NA|NA|NA|NA|NA|0|0|0|0|NA|0
"260490109121"|0|2|0|0|0|0|0|2|2|0|0|2|2|0|0|NA|NA|NA|NA|NA|0|0|0|0|NA|0
"260490110103"|0|1|1|0|0|0|0|1|1|1|0|0|0|1|0|9600|9600|12510|12510|5400|384|67|400|25696388|64240.97|0
"260490111011"|0|1|0|0|0|0|0|1|1|0|0|1|1|0|0|NA|NA|NA|NA|NA|0|0|0|0|NA|0
"260490111012"|0|1|0|0|0|0|0|1|1|0|0|1|1|0|0|NA|NA|NA|NA|NA|0|0|0|0|NA|0
"260490117113"|0|1|0|0|0|0|0|1|1|0|0|1|1|0|0|NA|NA|NA|NA|NA|0|0|0|0|NA|0
"260490117122"|0|1|0|0|0|0|0|1|1|0|0|1|1|0|0|NA|NA|NA|NA|NA|0|0|0|0|NA|0
"260490135002"|0|2|0|0|0|0|0|2|2|0|0|2|2|0|0|NA|NA|NA|NA|NA|0|0|0|0|NA|0
"260499800001"|0|2|0|0|0|0|0|2|2|0|0|2|2|0|0|NA|NA|NA|NA|NA|0|0|0|0|NA|0
"260539507002"|0|1|0|0|0|0|0|1|1|1|1|0|1|0|0|5270|6169|NA|NA|5600|35|14|72|4392170|61002.3611111111|0
"260555510001"|0|1|0|0|0|0|0|1|1|1|0|0|0|1|0|6609|8616|NA|NA|9475|193|46|182|12481650|68580.4945054945|0
"260570005001"|0|1|0|0|0|0|0|1|1|1|0|0|0|1|0|39998|39998|NA|NA|10998|215|72|198|13364274|67496.3333333333|0
"260590507001"|0|1|1|0|0|0|0|1|0|1|0|0|0|1|0|26300|26300|23980|23980|11000|400|135|286|24047600|84082.5174825175|0
"260590508002"|0|1|0|0|0|0|0|1|1|0|0|1|1|0|0|NA|NA|NA|NA|NA|0|0|0|0|NA|0
"260610005003"|0|1|0|0|0|0|0|1|1|1|0|0|1|0|0|22258|22258|NA|NA|8800|95|25|60|2872722|47878.7|0
"260610006003"|0|1|0|0|0|0|0|1|1|1|0|0|1|0|0|22258|22258|NA|NA|8800|95|25|60|2872722|47878.7|0
"260610008001"|0|1|1|0|0|0|0|1|1|1|0|0|0|1|0|16500|35142|19350|19350|10756|1104|234|820|76338084|93095.2243902439|0
"260610008002"|0|1|1|0|0|0|0|1|1|1|0|0|0|1|0|16500|35142|19350|19350|10756|1104|234|820|76338084|93095.2243902439|0
"260650006001"|0|1|0|0|0|0|0|1|1|1|1|0|0|0|1|6300|9450|NA|NA|NA|442|139|404|30523884|75554.1683168317|0
"260650010002"|0|1|0|0|0|0|0|1|1|0|0|1|1|0|0|NA|NA|NA|NA|NA|0|0|0|0|NA|0
"260650028001"|0|1|0|0|0|0|0|1|1|1|1|0|1|0|0|NA|NA|NA|NA|NA|32|3|20|865374|43268.7|0
"260650041002"|0|1|0|0|0|0|0|1|1|0|0|1|1|0|0|NA|NA|NA|NA|NA|0|0|0|0|NA|0
"260650043022"|0|1|0|0|0|0|0|1|1|0|0|1|1|0|0|NA|NA|NA|NA|NA|0|0|0|0|NA|0
"260650044033"|0|1|2|0|0|1|0|2|2|2|0|0|1|0|1|NA|NA|40632|58128|NA|8534|1235|5114|577039778|233906.896968843|0
"260650049022"|0|1|0|0|0|0|0|1|1|0|0|1|1|0|0|NA|NA|NA|NA|NA|0|0|0|0|NA|0
"260650053021"|0|1|0|0|0|0|0|1|0|0|0|0|0|0|0|NA|NA|NA|NA|NA|0|0|0|0|NA|0
"260650053031"|0|1|0|0|0|0|0|1|0|0|0|0|0|0|0|NA|NA|NA|NA|NA|0|0|0|0|NA|0
"260650053034"|0|1|0|0|0|0|0|1|0|0|0|0|0|0|0|NA|NA|NA|NA|NA|0|0|0|0|NA|0
"260650067001"|0|0|1|0|0|0|0|1|1|1|0|0|0|1|0|NA|NA|11400|11400|NA|140|27|94|13318258|141683.595744681|0
"260659800001"|0|1|2|0|0|1|0|2|2|2|0|0|1|0|1|NA|NA|40632|58128|NA|8534|1235|5114|577039778|233906.896968843|0
"260659801001"|0|1|0|0|0|0|0|1|1|1|1|0|1|0|0|NA|NA|NA|NA|NA|32|3|20|865374|43268.7|0
"260670319004"|0|1|0|0|0|0|0|1|1|0|0|1|1|0|0|NA|NA|NA|NA|NA|0|0|0|0|NA|0
"260730005001"|0|1|1|0|0|1|0|1|1|1|0|0|0|0|1|12093|22881|13354|18964|10076|1485|597|1596|136214410|85347.3746867168|0
"260730007001"|0|1|0|0|0|0|0|1|1|1|1|0|1|0|0|NA|NA|NA|NA|NA|6|1|8|281646|35205.75|0
"260739403001"|0|1|0|0|0|0|0|1|1|0|0|1|1|0|0|NA|NA|NA|NA|NA|0|0|0|0|NA|0
"260739403002"|0|1|0|0|0|0|1|1|1|1|1|0|1|0|0|1440|1440|NA|NA|NA|10|1|16|832416|52026|0
"260739405002"|0|1|0|0|0|0|0|1|1|0|0|1|1|0|0|NA|NA|NA|NA|NA|0|0|0|0|NA|0
"260750002002"|0|1|0|0|0|0|0|1|1|1|1|0|1|0|0|NA|NA|NA|NA|NA|7|2|12|514204|42850.3333333333|0
"260750006001"|0|1|0|0|0|0|0|1|1|1|1|0|1|0|0|NA|NA|NA|NA|NA|7|2|12|514204|42850.3333333333|0
"260750052002"|0|1|0|0|0|0|0|1|1|1|0|0|0|1|0|7334|9779|NA|NA|8300|147|34|126|10543398|83677.7619047619|0
"260750054003"|0|1|1|0|0|0|0|1|1|1|0|0|0|1|0|28210|28210|7467|7467|10010|207|104|204|11979956|58725.2745098039|0
"260750069003"|0|1|0|0|0|0|0|1|1|1|1|0|1|0|0|NA|NA|NA|NA|NA|7|2|12|514204|42850.3333333333|0
"260770002011"|0|0|1|0|0|1|0|1|1|1|0|0|1|0|0|NA|NA|25000|25000|NA|0|0|0|0|NA|0
"260770005004"|0|1|0|0|0|0|0|1|1|1|0|0|0|1|0|48162|48162|NA|NA|9756|246|79|224|14218016|63473.2857142857|0
"260770015034"|0|1|1|0|0|0|0|1|1|1|0|0|0|0|1|11560|14450|15638|29569|10143|1755|463|1742|160786102|92299.7141216992|0
"260770015041"|0|1|1|0|0|0|0|1|1|1|0|0|0|0|1|11560|14450|15638|29569|10143|1755|463|1742|160786102|92299.7141216992|0
"260770017011"|0|1|0|0|0|0|0|1|1|0|0|1|1|0|0|NA|NA|NA|NA|NA|0|0|0|0|NA|0
"260770019061"|0|1|0|0|0|0|0|1|1|0|0|1|1|0|0|NA|NA|NA|NA|NA|0|0|0|0|NA|0
"260770029032"|0|1|0|0|0|0|0|1|1|0|0|1|1|0|0|NA|NA|NA|NA|NA|0|0|0|0|NA|0
"260770030041"|0|1|0|0|0|0|0|1|1|1|1|0|0|1|0|5520|7410|NA|NA|NA|283|69|246|21810878|88662.1056910569|0
"260810020001"|0|1|0|0|0|0|0|1|1|1|1|0|0|0|1|7222|10715|NA|NA|NA|417|162|430|34665280|80616.9302325581|0
"260810020002"|0|1|0|0|0|0|0|1|1|1|0|0|1|0|0|13580|13580|NA|NA|NA|13|5|12|682000|56833.3333333333|0
"260810024001"|0|1|1|0|0|0|0|1|1|1|0|0|0|1|0|31975|31975|10260|10260|9332|177|64|178|10150958|57027.8539325843|0
"260810044002"|0|1|2|0|0|0|0|2|2|2|0|0|1|1|0|NA|NA|40999|40999|NA|464|196|520|40958834|175397.030913978|0
"260810046001"|0|1|0|0|0|0|0|1|1|0|0|1|1|0|0|NA|NA|NA|NA|NA|0|0|0|0|NA|0
"260810046002"|0|1|0|0|0|0|0|1|1|0|0|1|1|0|0|NA|NA|NA|NA|NA|0|0|0|0|NA|0
"260810112003"|0|1|0|0|0|0|0|1|1|0|0|1|1|0|0|NA|NA|NA|NA|NA|0|0|0|0|NA|0
"260810115004"|0|1|0|0|0|0|0|1|1|0|0|1|1|0|0|NA|NA|NA|NA|NA|0|0|0|0|NA|0
"260810118014"|0|1|1|0|0|0|0|1|1|1|0|0|1|0|0|21314|21314|5400|5400|7285|20|9|20|1319524|65976.2|0
"260810118032"|0|1|1|0|0|0|0|1|1|1|0|0|0|1|0|24500|24500|13200|13200|9300|195|57|122|6608528|54168.262295082|0
"260810126071"|0|1|0|0|0|0|0|1|1|0|0|1|1|0|0|NA|NA|NA|NA|NA|0|0|0|0|NA|0
"260810127013"|0|1|0|0|0|0|0|1|1|0|0|1|1|0|0|NA|NA|NA|NA|NA|0|0|0|0|NA|0
"260810135002"|0|1|1|0|0|0|0|1|1|1|0|0|0|1|0|12745|12745|8913|8913|7700|73|43|42|1957780|46613.8095238095|0
"260810148071"|0|1|1|0|0|0|0|1|1|1|0|0|0|1|0|17544|17544|14256|14256|9928|362|147|228|17057716|74814.5438596491|0
"260910613011"|0|1|1|0|0|0|0|1|1|1|0|0|0|1|0|26558|26558|12060|12060|10620|179|43|184|10378554|56405.1847826087|0
"260910615004"|0|1|1|0|0|0|0|1|1|1|0|0|0|1|0|36112|36112|17825|17825|11318|232|119|194|14137178|72872.0515463918|0
"260937408001"|0|1|0|0|0|0|0|1|1|0|0|1|1|0|0|NA|NA|NA|NA|NA|0|0|0|0|NA|0
"260937411002"|0|1|0|0|0|0|0|1|1|0|0|1|1|0|0|NA|NA|NA|NA|NA|0|0|0|0|NA|0
"260937424011"|0|1|1|0|0|0|0|1|1|1|0|0|1|0|0|19950|19950|15180|15180|10500|55|5|10|608820|60882|0
"260992200023"|0|1|0|0|0|0|0|1|1|0|0|1|1|0|0|NA|NA|NA|NA|NA|0|0|0|0|NA|0
"260992309002"|0|1|0|0|0|0|0|1|1|0|0|1|1|0|0|NA|NA|NA|NA|NA|0|0|0|0|NA|0
"260992323003"|0|1|0|0|0|0|0|1|1|0|0|1|1|0|0|NA|NA|NA|NA|NA|0|0|0|0|NA|0
"260992503003"|0|2|0|0|0|0|0|2|2|0|0|2|2|0|0|40560|40560|NA|NA|NA|0|0|0|0|NA|0
"260992550001"|0|2|0|0|0|0|0|2|2|0|0|2|2|0|0|40560|40560|NA|NA|NA|0|0|0|0|NA|0
"260992550002"|0|2|0|0|0|0|0|2|2|0|0|2|2|0|0|40560|40560|NA|NA|NA|0|0|0|0|NA|0
"260992616002"|0|1|0|0|0|0|0|1|1|1|1|0|0|0|1|5766|7374|NA|NA|NA|469|140|392|32247214|82263.3010204082|0
"260992625001"|0|1|0|0|0|0|0|1|0|0|0|0|0|0|0|NA|NA|NA|NA|NA|0|0|0|0|NA|0
"260999820001"|0|1|0|0|0|0|0|1|1|0|0|1|1|0|0|NA|NA|NA|NA|NA|0|0|0|0|NA|0
"261030005001"|0|1|1|0|0|0|0|1|1|1|0|0|0|1|0|10242|15864|8672|12128|10666|618|211|600|45925174|76541.9566666667|0
"261059502003"|0|1|0|0|0|0|0|1|1|1|1|0|0|1|0|3960|5520|NA|NA|NA|58|14|48|3522036|73375.75|0
"261079813001"|0|1|1|0|0|0|0|1|1|1|0|0|0|0|1|11984|11984|7320|7320|9894|797|236|1034|85028864|82232.9439071567|0
"261112904001"|0|1|1|0|0|0|0|1|1|1|0|0|0|1|0|25710|25710|37080|37080|10480|269|100|106|6774336|63908.8301886792|0
"261112910003"|0|1|0|0|0|0|0|1|1|0|0|1|1|0|0|NA|NA|NA|NA|NA|0|0|0|0|NA|0
"261158322001"|0|1|0|0|0|0|0|1|1|0|0|1|1|0|0|NA|NA|NA|NA|NA|0|0|0|0|NA|0
"261158323002"|0|1|0|0|0|0|0|1|1|1|1|0|0|1|0|5835|6495|NA|NA|NA|109|33|100|8334864|83348.64|0
"261158324001"|0|1|0|0|0|0|0|1|1|1|1|0|0|1|0|5835|6495|NA|NA|NA|109|33|100|8334864|83348.64|0
"261179708002"|0|1|0|0|0|0|0|1|1|1|1|0|0|1|0|6120|9990|NA|NA|NA|58|18|60|4869448|81157.4666666667|0
"261179708003"|0|1|0|0|0|0|0|1|1|1|1|0|0|1|0|6120|9990|NA|NA|NA|58|18|60|4869448|81157.4666666667|0
"261210001002"|0|1|0|0|0|0|0|1|1|1|1|0|0|1|0|8480|11880|NA|NA|NA|143|64|168|15228998|90648.7976190476|0
"261210019011"|0|1|0|0|0|0|0|1|1|1|1|0|0|1|0|8480|11880|NA|NA|NA|143|64|168|15228998|90648.7976190476|0
"261210019022"|0|1|0|0|0|0|0|1|1|1|1|0|0|1|0|8480|11880|NA|NA|NA|143|64|168|15228998|90648.7976190476|0
"261210022002"|0|1|0|0|0|0|0|1|1|0|0|1|1|0|0|NA|NA|NA|NA|NA|0|0|0|0|NA|0
"261210024002"|0|1|0|0|0|0|0|1|1|0|0|1|1|0|0|NA|NA|NA|NA|NA|0|0|0|0|NA|0
"261251360001"|0|1|1|0|0|0|0|1|1|1|0|0|1|0|0|16920|16920|16620|16620|NA|7|2|8|741906|92738.25|0
"261251360002"|0|1|0|0|0|0|0|1|1|1|0|0|1|0|0|15732|15732|NA|NA|NA|0|0|0|0|NA|0
"261251409003"|0|1|0|0|0|0|0|1|1|0|0|1|1|0|0|19872|19872|NA|NA|NA|0|0|0|0|NA|0
"261251441002"|0|1|0|0|0|0|0|1|1|0|0|1|1|0|0|NA|NA|NA|NA|NA|0|0|0|0|NA|0
"261251441004"|0|1|0|0|0|0|0|1|1|0|0|1|1|0|0|NA|NA|NA|NA|NA|0|0|0|0|NA|0
"261251520001"|0|1|0|0|0|0|0|1|1|1|1|0|0|0|1|4272|4272|NA|NA|NA|431|180|414|48070888|116113.256038647|0
"261251520002"|0|0|1|0|0|0|0|1|1|1|0|0|1|0|0|NA|NA|36800|36800|NA|23|5|20|1761808|88090.4|0
"261251520003"|0|1|1|0|0|0|0|2|2|2|1|0|1|0|1|NA|NA|NA|NA|NA|454|185|434|49832696|204203.656038647|0
"261251610002"|0|1|0|0|0|0|0|1|1|0|0|1|1|0|0|NA|NA|NA|NA|NA|0|0|0|0|NA|0
"261251616001"|0|2|2|0|0|0|0|2|2|2|0|0|1|1|0|41922|41922|36858|36858|NA|235|87|210|14782576|NA|0
"261251616002"|0|1|1|0|0|0|0|1|1|1|0|0|1|0|0|9552|9552|16752|16752|NA|3|0|0|0|NA|0
"261251618002"|0|1|0|0|0|0|0|1|0|0|0|0|1|0|0|NA|NA|NA|NA|NA|0|0|0|0|NA|0
"261251619002"|0|2|0|0|0|0|0|2|2|0|0|2|2|0|0|NA|NA|NA|NA|NA|0|0|0|0|NA|0
"261251623001"|0|1|0|0|0|0|0|1|1|0|0|1|1|0|0|NA|NA|NA|NA|NA|0|0|0|0|NA|0
"261251623003"|0|1|0|0|0|0|0|1|1|0|0|1|1|0|0|NA|NA|NA|NA|NA|0|0|0|0|NA|0
"261251666003"|0|1|0|0|0|0|0|1|1|0|0|1|1|0|0|NA|NA|NA|NA|NA|0|0|0|0|NA|0
"261251670002"|0|0|1|0|0|0|0|1|1|1|0|0|1|0|0|NA|NA|31236|31236|NA|13|2|24|2079118|86629.9166666667|0
"261251670003"|0|0|1|0|0|0|0|1|1|1|0|0|1|0|0|NA|NA|31236|31236|NA|13|2|24|2079118|86629.9166666667|0
"261251714004"|0|1|1|0|0|0|0|1|1|1|0|0|1|0|0|6700|6700|5000|5000|4200|1|0|12|564384|47032|0
"261251714005"|0|1|1|0|0|0|0|1|1|1|0|0|1|0|0|6700|6700|5000|5000|4200|1|0|12|564384|47032|0
"261251803001"|0|1|0|0|0|0|0|1|1|0|0|1|1|0|0|NA|NA|NA|NA|NA|0|0|0|0|NA|0
"261251810002"|0|1|0|0|0|0|0|1|1|0|0|1|1|0|0|29184|29184|NA|NA|NA|0|0|0|0|NA|0
"261251812002"|0|1|0|0|0|0|0|1|1|0|0|1|1|0|0|NA|NA|NA|NA|NA|0|0|0|0|NA|0
"261251832001"|0|1|0|0|0|0|0|1|1|0|0|1|1|0|0|NA|NA|NA|NA|NA|0|0|0|0|NA|0
"261251832002"|0|1|0|0|0|0|0|1|1|0|0|1|1|0|0|NA|NA|NA|NA|NA|0|0|0|0|NA|0
"261251845002"|0|1|0|0|0|0|0|1|1|0|0|1|1|0|0|NA|NA|NA|NA|NA|0|0|0|0|NA|0
"261251928001"|0|1|1|0|0|1|0|1|1|1|0|0|0|0|1|13916|24735|17712|24648|10100|1072|376|1188|101059600|85067.0033670034|0
"261251933004"|0|1|1|0|0|0|0|1|1|1|0|0|0|1|0|21750|21750|11862|11862|7376|86|23|76|4009070|52750.9210526316|0
"261251970001"|0|1|1|0|0|0|0|1|1|1|0|0|0|1|0|10687|10687|14130|14130|NA|84|34|42|4403900|104854.761904762|0
"261251972002"|0|1|0|0|0|0|0|1|1|0|0|1|1|0|0|NA|NA|NA|NA|NA|0|0|0|0|NA|0
"261251974001"|0|1|0|0|0|0|0|1|1|0|0|1|1|0|0|13320|13320|NA|NA|NA|0|0|0|0|NA|0
"261251976001"|0|1|0|0|0|0|0|1|1|1|0|0|1|0|0|18900|18900|NA|NA|NA|17|1|16|1241192|77574.5|0
"261390211002"|0|1|0|0|0|0|0|1|1|0|0|1|1|0|0|NA|NA|NA|NA|NA|0|0|0|0|NA|0
"261390211004"|0|1|0|0|0|0|0|1|1|0|0|1|1|0|0|NA|NA|NA|NA|NA|0|0|0|0|NA|0
"261390245001"|0|1|1|0|0|0|0|1|1|1|0|0|0|0|1|12796|18068|16693|16693|9364|1398|596|2308|191116994|82806.3232235702|0
"261390245002"|0|1|1|0|0|0|0|1|1|1|0|0|0|0|1|12796|18068|16693|16693|9364|1398|596|2308|191116994|82806.3232235702|0
"261390249003"|0|1|1|0|0|0|0|2|2|2|0|0|1|1|0|NA|NA|NA|NA|NA|448|151|494|37331102|156520.266178737|0
"261439701001"|0|1|0|0|0|0|0|1|1|1|1|0|0|1|0|5250|7500|NA|NA|NA|62|17|50|3323772|66475.44|0
"261450102001"|0|1|1|0|0|0|0|1|1|1|0|0|0|1|0|9870|23777|14234|27085|9749|463|160|582|43368898|74517.0068728522|0
"261450103042"|0|2|0|0|0|0|0|2|2|0|0|2|2|0|0|NA|NA|NA|NA|NA|0|0|0|0|NA|0
"261476230001"|0|1|0|0|0|0|0|1|1|0|0|1|1|0|0|NA|NA|NA|NA|NA|0|0|0|0|NA|0
"261476240003"|0|1|0|0|0|0|0|1|1|0|0|1|1|0|0|NA|NA|NA|NA|NA|0|0|0|0|NA|0
"261476250001"|0|1|0|0|0|0|0|1|1|1|1|0|0|1|0|7998|11377|NA|NA|8980|121|38|138|10437564|75634.5217391304|0
"261476290002"|0|1|0|0|0|0|0|1|1|0|0|1|1|0|0|NA|NA|NA|NA|NA|0|0|0|0|NA|0
"261476360001"|0|1|0|0|0|0|0|1|1|0|0|1|1|0|0|NA|NA|NA|NA|NA|0|0|0|0|NA|0
"261490413003"|0|1|0|0|0|0|0|1|1|1|1|0|0|1|0|4368|5184|NA|NA|9000|61|13|56|3618670|64619.1071428571|0
"261614001001"|0|1|1|0|1|1|0|1|1|1|0|0|0|0|1|15897|50754|23128|46678|11534|11354|2135|7768|884005276|113800.885169928|0
"261614002001"|0|1|1|0|1|1|0|1|1|1|0|0|0|0|1|15897|50754|23128|46678|11534|11354|2135|7768|884005276|113800.885169928|0
"261614002003"|0|1|1|0|1|1|0|1|1|1|0|0|0|0|1|15897|50754|23128|46678|11534|11354|2135|7768|884005276|113800.885169928|0
"261614002004"|0|1|1|0|1|1|0|1|1|1|0|0|0|0|1|15897|50754|23128|46678|11534|11354|2135|7768|884005276|113800.885169928|0
"261614003001"|0|1|1|0|1|1|0|1|1|1|0|0|0|0|1|15897|50754|23128|46678|11534|11354|2135|7768|884005276|113800.885169928|0
"261614003002"|0|1|1|0|1|1|0|1|1|1|0|0|0|0|1|15897|50754|23128|46678|11534|11354|2135|7768|884005276|113800.885169928|0
"261614003003"|0|1|1|0|1|1|0|1|1|1|0|0|0|0|1|15897|50754|23128|46678|11534|11354|2135|7768|884005276|113800.885169928|0
"261614023001"|0|1|1|0|0|0|0|1|1|1|0|0|0|1|0|29180|29180|11850|11850|10310|91|29|112|7006940|62561.9642857143|0
"261614023002"|0|1|1|0|0|0|0|1|1|1|0|0|0|1|0|29180|29180|11850|11850|10310|91|29|112|7006940|62561.9642857143|0
"261614060002"|0|1|0|0|0|0|0|1|1|1|1|0|0|0|1|3864|5280|NA|NA|NA|404|111|328|30775336|93827.243902439|0
"261614070001"|0|1|0|0|0|0|0|1|1|1|1|0|0|0|1|3864|5280|NA|NA|NA|404|111|328|30775336|93827.243902439|0
"261614110001"|0|1|1|0|0|0|0|1|1|1|0|0|0|0|1|12408|12408|18000|32040|10248|967|290|1436|125932618|87696.8091922006|0
"261614110003"|0|1|1|0|0|0|0|1|1|1|0|0|0|0|1|12408|12408|18000|32040|10248|967|290|1436|125932618|87696.8091922006|0
"261614111001"|0|1|1|0|0|0|0|1|1|1|0|0|0|0|1|12408|12408|18000|32040|10248|967|290|1436|125932618|87696.8091922006|0
"261614140002"|0|1|0|0|0|0|0|1|1|0|0|1|1|0|0|NA|NA|NA|NA|NA|0|0|0|0|NA|0
"261614140003"|0|1|0|0|0|0|0|1|1|0|0|1|1|0|0|NA|NA|NA|NA|NA|0|0|0|0|NA|0
"261635173001"|0|1|1|0|0|0|0|1|1|1|0|0|1|0|0|NA|NA|16640|16640|NA|7|2|8|265670|33208.75|0
"261635180001"|0|1|1|0|0|0|0|1|1|1|0|0|0|1|0|42690|42690|46380|46380|8800|228|50|104|9634654|92640.9038461538|0
"261635180002"|0|1|1|0|0|0|0|1|1|1|0|0|0|1|0|42690|42690|46380|46380|8800|228|50|104|9634654|92640.9038461538|0
"261635202002"|0|1|1|0|0|1|0|1|1|1|0|0|0|0|1|12620|28967|15780|34180|10550|2617|389|2056|211344086|102793.81614786|0
"261635208001"|0|1|0|0|0|0|0|1|1|1|1|0|0|0|1|2839|3574|NA|NA|NA|437|128|138|9425670|68301.9565217391|0
"261635211001"|0|1|0|0|0|0|0|1|1|0|0|1|1|0|0|NA|NA|NA|NA|NA|0|0|0|0|NA|0
"261635250001"|0|1|0|0|0|0|0|1|1|0|0|1|1|0|0|NA|NA|NA|NA|NA|0|0|0|0|NA|0
"261635302004"|0|1|1|0|0|1|0|1|1|1|0|0|0|1|0|28000|28000|28422|28422|9736|605|165|674|63346466|93985.8545994065|0
"261635303001"|0|1|0|0|0|0|0|1|1|0|0|1|1|0|0|NA|NA|NA|NA|NA|0|0|0|0|NA|0
"261635311001"|0|1|1|0|0|0|0|1|1|1|0|0|1|0|0|19780|19780|28675|28675|10675|32|6|34|2180320|64127.0588235294|0
"261635311002"|0|1|1|0|0|0|0|1|1|1|0|0|1|0|0|19780|19780|28675|28675|10675|32|6|34|2180320|64127.0588235294|0
"261635334001"|0|1|0|0|0|0|0|1|1|0|0|1|1|0|0|NA|NA|NA|NA|NA|0|0|0|0|NA|0
"261635334004"|0|1|0|0|0|0|0|1|1|0|0|1|1|0|0|NA|NA|NA|NA|NA|0|0|0|0|NA|0
"261635342001"|0|1|0|0|0|0|0|1|1|0|0|1|1|0|0|NA|NA|NA|NA|NA|0|0|0|0|NA|0
"261635343001"|0|1|0|0|0|0|0|1|1|0|0|1|1|0|0|NA|NA|NA|NA|NA|0|0|0|0|NA|0
"261635343002"|0|1|0|0|0|0|0|1|1|0|0|1|1|0|0|NA|NA|NA|NA|NA|0|0|0|0|NA|0
"261635361001"|0|1|0|0|0|0|0|1|0|0|0|1|0|0|0|NA|NA|NA|NA|NA|0|0|0|0|NA|0
"261635361002"|0|0|1|0|0|0|0|1|1|1|0|0|1|0|0|NA|NA|11088|11088|NA|24|10|18|1129198|62733.2222222222|0
"261635361003"|0|0|1|0|0|0|0|1|1|1|0|0|1|0|0|NA|NA|11088|11088|NA|24|10|18|1129198|62733.2222222222|0
"261635361004"|0|1|0|0|0|0|0|1|0|0|0|1|0|0|0|NA|NA|NA|NA|NA|0|0|0|0|NA|0
"261635457001"|0|3|1|0|0|0|0|3|3|2|0|1|1|1|1|36330|50430|NA|NA|NA|805|213|1038|97114298|NA|0
"261635457002"|0|1|0|0|0|0|0|1|1|0|0|1|1|0|0|19872|19872|NA|NA|NA|0|0|0|0|NA|0
"261635565001"|0|1|0|0|0|0|0|1|1|1|0|0|0|1|0|4316|6370|NA|NA|NA|313|57|172|15922682|92573.7325581395|0
"261635579001"|0|1|1|0|0|0|0|1|1|1|0|0|0|1|0|21900|21900|15030|15030|9950|220|34|212|14340906|67645.7830188679|0
"261635579002"|0|1|1|0|0|0|0|1|1|1|0|0|0|1|0|21900|21900|15030|15030|9950|220|34|212|14340906|67645.7830188679|0
"261635636001"|0|1|0|0|0|0|0|1|1|0|0|1|1|0|0|NA|NA|NA|NA|NA|0|0|0|0|NA|0
"261635641001"|0|1|0|0|0|0|0|1|1|0|0|1|1|0|0|NA|NA|NA|NA|NA|0|0|0|0|NA|0
"261635641003"|0|1|0|0|0|0|0|1|1|0|0|1|1|0|0|NA|NA|NA|NA|NA|0|0|0|0|NA|0
"261635665001"|0|1|0|0|0|0|0|1|1|0|0|1|1|0|0|29184|29184|NA|NA|NA|0|0|0|0|NA|0
"261635665002"|0|1|0|0|0|0|0|1|1|0|0|1|1|0|0|29184|29184|NA|NA|NA|0|0|0|0|NA|0
"261635715002"|0|2|1|0|0|0|0|2|2|2|0|0|0|1|1|16458|30558|NA|NA|NA|805|213|1038|97114298|191832.258725524|0
"261635730002"|0|1|0|0|0|0|0|1|1|0|0|1|1|0|0|NA|NA|NA|NA|NA|0|0|0|0|NA|0
"261635749001"|0|2|1|0|0|0|0|2|2|2|0|0|0|1|1|16458|30558|NA|NA|NA|805|213|1038|97114298|191832.258725524|0
"261635799001"|0|2|1|0|0|0|0|2|2|2|0|0|0|1|1|16458|30558|NA|NA|NA|805|213|1038|97114298|191832.258725524|0
"261635811002"|0|1|0|0|0|0|0|1|1|0|0|1|1|0|0|19872|19872|NA|NA|NA|0|0|0|0|NA|0
"261635833001"|0|1|0|0|0|0|0|1|1|0|0|1|1|0|0|NA|NA|NA|NA|NA|0|0|0|0|NA|0
"261635846002"|0|1|0|0|0|0|0|1|1|0|0|1|1|0|0|NA|NA|NA|NA|NA|0|0|0|0|NA|0
"261635940001"|0|1|0|0|0|0|0|1|1|0|0|1|1|0|0|NA|NA|NA|NA|NA|0|0|0|0|NA|0
"261635952001"|0|1|0|0|0|0|0|1|1|0|0|1|1|0|0|NA|NA|NA|NA|NA|0|0|0|0|NA|0
"261653807003"|0|2|0|0|0|0|0|2|2|0|0|2|1|0|0|NA|NA|NA|NA|NA|0|0|0|0|NA|0
"270030502271"|0|1|0|0|0|0|0|1|1|1|1|0|0|1|0|5009|5009|NA|NA|NA|41|10|106|7735018|72971.8679245283|0
"270030504011"|0|1|0|0|0|0|0|1|1|1|1|0|0|1|0|5009|5009|NA|NA|NA|41|10|106|7735018|72971.8679245283|0
"270030504012"|0|1|0|0|0|0|0|1|1|1|1|0|0|1|0|5009|5009|NA|NA|NA|41|10|106|7735018|72971.8679245283|0
"270030504022"|0|1|0|0|0|0|0|1|1|1|1|0|0|1|0|5009|5009|NA|NA|NA|41|10|106|7735018|72971.8679245283|0
"270030506051"|0|1|0|0|0|0|0|1|1|1|1|0|0|1|0|4349|4349|NA|NA|NA|178|45|246|18147100|73768.6991869919|0
"270030506101"|0|1|0|0|0|0|0|1|1|1|1|0|0|1|0|4349|4349|NA|NA|NA|178|45|246|18147100|73768.6991869919|0
"270030510021"|0|1|0|0|0|0|0|1|1|0|0|1|1|0|0|NA|NA|NA|NA|NA|0|0|0|0|NA|0
"270030510023"|0|1|0|0|0|0|0|1|1|0|0|1|1|0|0|NA|NA|NA|NA|NA|0|0|0|0|NA|0
"270074501001"|0|1|0|0|0|0|0|1|1|1|0|0|1|0|0|17034|17034|NA|NA|6984|22|4|16|692334|43270.875|0
"270074506004"|0|1|1|0|0|0|0|1|1|1|0|0|0|1|0|7630|7630|7553|7553|8408|244|79|316|24643132|77984.5949367089|0
"270074507011"|0|1|0|0|0|0|0|1|1|1|1|0|0|1|0|5190|5190|NA|NA|NA|26|4|34|2356328|69303.7647058823|0
"270074507013"|0|1|0|0|0|0|0|1|1|1|1|0|0|1|0|5190|5190|NA|NA|NA|26|4|34|2356328|69303.7647058823|0
"270074507023"|0|1|0|0|0|0|0|1|1|1|0|0|1|0|0|17034|17034|NA|NA|6984|22|4|16|692334|43270.875|0
"270079400011"|0|1|0|0|0|0|0|1|1|1|1|0|1|0|0|NA|NA|NA|NA|NA|22|7|10|551134|55113.4|0
"270131706002"|0|1|0|0|0|0|0|1|1|1|0|0|1|0|0|27100|27100|NA|NA|8040|71|20|82|4993862|60900.756097561|0
"270131711012"|0|1|1|0|0|0|0|1|1|1|0|0|0|0|1|7179|15230|7404|7404|9352|671|208|958|81390752|84959.0313152401|0
"270159602003"|0|1|1|0|0|0|0|1|1|1|0|0|1|0|0|15410|15410|5400|5400|6080|62|24|162|8636970|53314.6296296296|0
"270170702001"|0|1|0|0|0|0|1|1|1|1|1|0|0|1|0|4768|4768|NA|NA|6652|39|10|44|3114014|70773.0454545455|0
"270170702002"|0|1|0|0|0|0|1|1|1|1|1|0|0|1|0|4768|4768|NA|NA|6652|39|10|44|3114014|70773.0454545455|0
"270190903012"|0|1|1|0|0|0|0|1|1|1|0|0|0|1|0|25730|25730|9540|9540|8740|58|18|64|3834708|59917.3125|0
"270190903021"|0|1|1|0|0|0|0|1|1|1|0|0|0|1|0|25730|25730|9540|9540|8740|58|18|64|3834708|59917.3125|0
"270190904011"|0|1|1|0|0|0|0|1|1|1|0|0|0|1|0|25730|25730|9540|9540|8740|58|18|64|3834708|59917.3125|0
"270190904012"|0|1|1|0|0|0|0|1|1|1|0|0|0|1|0|25730|25730|9540|9540|8740|58|18|64|3834708|59917.3125|0
"270219400021"|0|1|0|0|0|0|1|1|1|1|1|0|1|0|0|3696|3696|NA|NA|NA|33|3|32|1542610|48206.5625|0
"270219400022"|0|1|0|0|0|0|1|1|1|1|1|0|1|0|0|3696|3696|NA|NA|NA|33|3|32|1542610|48206.5625|0
"270251105011"|0|0|1|0|0|0|0|1|1|1|0|0|1|0|0|NA|NA|34144|34144|NA|9|1|14|1167806|83414.7142857143|0
"270251105021"|0|0|1|0|0|0|0|1|1|1|0|0|1|0|0|NA|NA|34144|34144|NA|9|1|14|1167806|83414.7142857143|0
"270251105022"|0|0|1|0|0|0|0|1|1|1|0|0|1|0|0|NA|NA|34144|34144|NA|9|1|14|1167806|83414.7142857143|0
"270270204001"|0|1|1|0|0|0|0|1|1|1|0|0|0|1|0|7410|14820|10009|10009|9008|294|88|440|36095948|82036.2454545455|0
"270270204002"|0|2|2|0|0|0|0|2|2|2|0|0|0|2|0|47060|54470|NA|NA|17858|657|205|758|57543872|149482.547341338|0
"270359513023"|0|1|0|0|0|0|0|1|1|1|1|0|0|1|0|4773|4773|NA|NA|NA|90|19|156|11539112|73968.6666666667|0
"270370605071"|0|1|0|0|0|0|0|1|1|1|1|0|0|1|0|4770|4770|NA|NA|NA|117|22|162|11795054|72808.975308642|0
"270370605081"|0|2|0|0|0|0|0|2|2|2|2|0|0|2|0|10063|10063|NA|NA|NA|215|36|282|20539200|145676.858641975|0
"270370605084"|0|1|0|0|0|0|0|1|1|1|1|0|0|1|0|4770|4770|NA|NA|NA|117|22|162|11795054|72808.975308642|0
"270370607111"|0|1|0|0|0|0|0|1|1|1|0|0|1|0|0|15000|15000|NA|NA|NA|0|0|0|0|NA|0
"270370607251"|0|1|1|0|0|0|0|1|1|1|0|0|0|1|0|13344|13344|13639|13639|NA|0|0|0|0|NA|0
"270370607311"|0|1|0|0|0|0|0|1|1|1|1|0|0|1|0|5293|5293|NA|NA|NA|98|14|120|8744146|72867.8833333333|0
"270370610011"|0|1|0|0|0|0|0|1|1|1|1|0|0|1|0|5293|5293|NA|NA|NA|98|14|120|8744146|72867.8833333333|0
"270370610031"|0|1|0|0|0|0|0|1|1|1|1|0|0|1|0|5293|5293|NA|NA|NA|98|14|120|8744146|72867.8833333333|0
"270370611021"|0|1|0|0|0|0|0|1|1|0|0|1|1|0|0|NA|NA|NA|NA|NA|0|0|0|0|NA|0
"270370611081"|0|1|0|0|0|0|0|1|1|0|0|1|1|0|0|NA|NA|NA|NA|NA|0|0|0|0|NA|0
"270414507012"|0|1|0|0|0|0|0|1|1|1|1|0|0|1|0|4816|4816|NA|NA|NA|64|16|122|8987216|73665.7049180328|0
"270530059012"|0|1|1|0|0|0|0|1|1|1|0|0|1|0|0|6560|6560|6000|6000|5800|12|6|28|1793538|64054.9285714286|0
"270530202003"|0|1|0|0|0|0|0|1|1|1|0|0|1|0|0|15000|15000|NA|NA|NA|0|0|0|0|NA|0
"270530222002"|0|1|1|0|0|0|0|1|1|1|0|0|1|0|0|13130|13130|10720|10720|NA|13|3|28|2054982|73392.2142857143|0
"270530229011"|0|1|0|0|0|0|0|1|1|1|1|0|1|0|0|NA|NA|NA|NA|NA|9|1|0|0|NA|0
"270530229013"|0|1|0|0|0|0|0|1|1|1|1|0|1|0|0|NA|NA|NA|NA|NA|9|1|0|0|NA|0
"270530234005"|0|0|1|0|0|0|0|1|1|1|0|0|1|0|0|NA|NA|NA|NA|NA|16|6|30|2305726|76857.5333333333|0
"270530251002"|0|1|0|0|0|0|0|1|1|1|0|0|1|0|0|15000|15000|NA|NA|NA|0|0|0|0|NA|0
"270530251003"|0|1|0|0|0|0|0|1|1|1|0|0|1|0|0|15000|15000|NA|NA|NA|0|0|0|0|NA|0
"270530256011"|0|1|0|0|0|0|0|1|1|1|0|0|1|0|0|17261|17261|NA|NA|NA|9|7|4|169734|42433.5|0
"270530256012"|0|1|0|0|0|0|0|1|1|1|0|0|1|0|0|17261|17261|NA|NA|NA|9|7|4|169734|42433.5|0
"270530256031"|0|1|1|0|0|0|0|1|1|1|0|0|1|0|0|10296|10296|11648|11648|NA|119|28|98|6786648|69251.5102040816|0
"270530257016"|0|1|0|0|0|0|0|1|1|1|1|0|0|1|0|4845|4845|NA|NA|NA|228|49|324|23801308|73460.8271604938|0
"270530259032"|0|1|1|0|0|0|0|1|1|1|0|0|1|0|0|14366|14366|13500|13500|7700|66|18|12|636682|53056.8333333333|0
"270530259061"|0|1|1|0|0|0|0|1|1|1|0|0|1|0|0|14366|14366|13500|13500|7700|66|18|12|636682|53056.8333333333|0
"270530259072"|0|1|1|0|0|0|0|1|1|1|0|0|1|0|0|14366|14366|13500|13500|7700|66|18|12|636682|53056.8333333333|0
"270530260071"|0|0|1|0|0|0|0|1|1|1|0|0|1|0|0|NA|NA|NA|NA|NA|16|6|30|2305726|76857.5333333333|0
"270530261041"|0|0|1|0|0|0|0|1|1|1|0|0|1|0|0|NA|NA|NA|NA|NA|16|6|30|2305726|76857.5333333333|0
"270530261042"|0|0|1|0|0|0|0|1|1|1|0|0|1|0|0|NA|NA|NA|NA|NA|16|6|30|2305726|76857.5333333333|0
"270530266131"|0|1|0|0|0|0|0|1|1|0|0|1|1|0|0|NA|NA|NA|NA|NA|0|0|0|0|NA|0
"270530268073"|0|1|0|0|0|0|0|1|1|1|1|0|0|1|0|4700|4700|NA|NA|NA|147|36|210|15238720|72565.3333333333|0
"270530268076"|0|1|0|0|0|0|0|1|1|1|1|0|0|1|0|4700|4700|NA|NA|NA|147|36|210|15238720|72565.3333333333|0
"270530268163"|0|1|0|0|0|0|0|1|1|1|1|0|0|1|0|3961|3961|NA|NA|NA|134|23|196|14256988|72739.7346938775|0
"270530268164"|0|1|0|0|0|0|0|1|1|1|1|0|0|1|0|3961|3961|NA|NA|NA|134|23|196|14256988|72739.7346938775|0
"270531034003"|0|1|0|0|0|0|0|1|1|0|0|1|1|0|0|NA|NA|NA|NA|NA|0|0|0|0|NA|0
"270531037002"|0|1|0|0|0|0|0|1|1|0|0|1|1|0|0|NA|NA|NA|NA|NA|0|0|0|0|NA|0
"270531037003"|0|1|0|0|0|0|0|1|1|0|0|1|1|0|0|NA|NA|NA|NA|NA|0|0|0|0|NA|0
"270531048002"|0|1|1|0|0|0|0|1|1|1|0|0|1|0|0|6560|6560|6000|6000|5800|12|6|28|1793538|64054.9285714286|0
"270531048003"|0|1|1|0|0|0|0|1|1|1|0|0|0|1|0|38150|38150|13124|13124|10280|349|106|350|25220776|72059.36|0
"270531049004"|0|1|1|0|0|1|0|1|1|1|0|0|0|0|1|13058|28736|17064|26412|9910|12097|2049|4964|581566838|117156.897260274|0
"270531051002"|0|1|0|0|0|0|0|1|1|1|0|0|0|1|0|20350|20350|NA|NA|11064|93|23|168|12133994|72226.1547619048|0
"270531052012"|0|1|0|0|0|0|0|1|1|1|1|0|0|1|0|4658|4658|NA|NA|NA|218|46|234|17158068|73325.0769230769|0
"270531054001"|0|1|1|0|0|0|0|1|1|1|0|0|0|1|0|23540|23540|9180|9180|7400|121|48|74|4448294|60112.0810810811|0
"270531054002"|0|1|1|0|0|0|0|1|1|1|0|0|0|1|0|23540|23540|9180|9180|7400|121|48|74|4448294|60112.0810810811|0
"270531055003"|0|1|0|0|0|0|0|1|1|1|0|0|0|1|0|20350|20350|NA|NA|11064|93|23|168|12133994|72226.1547619048|0
"270531062003"|0|1|0|0|0|0|0|1|1|0|0|1|1|0|0|NA|NA|NA|NA|NA|0|0|0|0|NA|0
"270531065002"|0|1|0|0|0|0|0|1|1|1|0|0|0|1|0|20350|20350|NA|NA|11064|93|23|168|12133994|72226.1547619048|0
"270531069002"|0|1|1|0|0|0|0|1|1|1|0|0|1|0|0|38670|38670|38670|38670|7986|107|12|72|4774076|66306.6111111111|0
"270531255001"|0|1|0|0|0|0|0|1|1|0|0|1|1|0|0|NA|NA|NA|NA|NA|0|0|0|0|NA|0
"270531255002"|0|1|0|0|0|0|0|1|1|0|0|1|1|0|0|NA|NA|NA|NA|NA|0|0|0|0|NA|0
"270531261003"|0|2|1|0|0|0|0|2|2|2|0|0|1|0|1|31698|31698|NA|NA|NA|1374|405|420|35106686|145615.06763285|0
"270531261004"|0|1|1|0|0|0|0|1|1|1|0|0|0|0|1|10786|10786|11739|11739|NA|712|69|412|34093270|82750.6553398058|0
"270531262001"|0|1|0|0|0|0|0|1|1|1|0|0|1|0|0|17550|17550|NA|NA|NA|19|1|6|370264|61710.6666666667|0
"270539800001"|0|1|0|0|0|0|0|1|1|1|0|0|1|0|0|15000|15000|NA|NA|NA|0|0|0|0|NA|0
"270570701002"|0|1|0|0|0|0|0|1|1|1|0|0|1|0|0|17034|17034|NA|NA|6984|22|4|16|692334|43270.875|0
"270570701003"|0|1|0|0|0|0|0|1|1|1|0|0|1|0|0|17034|17034|NA|NA|6984|22|4|16|692334|43270.875|0
"270614809004"|0|1|0|0|0|0|0|1|1|1|1|0|0|1|0|4729|5911|NA|NA|7630|24|4|54|3918632|72567.2592592593|0
"270677805002"|0|1|0|0|0|0|0|1|1|1|1|0|0|1|0|5161|5161|NA|NA|NA|97|25|196|14108322|71981.2346938775|0
"270717902001"|0|1|0|0|0|0|0|1|1|1|1|0|1|0|0|4729|5911|NA|NA|5600|7|1|12|836474|69706.1666666667|0
"270833605002"|0|1|1|0|0|0|0|1|1|1|0|0|0|1|0|7496|7496|7164|7164|8016|163|50|184|15415072|83777.5652173913|0
"270879401003"|0|1|0|0|0|0|1|1|1|1|1|0|1|0|0|3432|3432|NA|NA|NA|27|3|6|234880|39146.6666666667|0
"270990002001"|0|1|0|0|0|0|0|1|1|1|1|0|0|1|0|4938|4938|NA|NA|4800|86|18|130|9501844|73091.1076923077|0
"271034804001"|0|1|0|0|0|0|0|1|1|1|0|0|0|1|0|44900|44900|NA|NA|9910|357|145|374|24945922|66700.3262032086|0
"271034804002"|0|1|0|0|0|0|0|1|1|1|0|0|0|1|0|44900|44900|NA|NA|9910|357|145|374|24945922|66700.3262032086|0
"271034805011"|0|1|0|0|0|0|0|1|1|1|1|0|0|1|0|4835|4835|NA|NA|NA|109|22|170|12364414|72731.8470588235|0
"271051051003"|0|1|0|0|0|0|0|1|1|0|0|1|1|0|0|NA|NA|NA|NA|NA|0|0|0|0|NA|0
"271051054001"|0|1|0|0|0|0|0|1|1|0|0|1|1|0|0|NA|NA|NA|NA|NA|0|0|0|0|NA|0
"271090001001"|0|3|3|0|0|1|0|4|2|2|0|0|3|1|0|NA|NA|NA|NA|NA|95|30|72|4219834|NA|0
"271090002003"|0|1|0|0|0|0|0|1|1|1|1|0|0|1|0|4922|4922|NA|NA|NA|148|33|222|16614976|74842.2342342342|0
"271090009012"|0|1|0|0|0|0|0|1|1|1|1|0|0|1|0|4922|4922|NA|NA|NA|148|33|222|16614976|74842.2342342342|0
"271090014021"|0|1|0|0|0|0|0|1|1|0|0|1|1|0|0|NA|NA|NA|NA|NA|0|0|0|0|NA|0
"271090014023"|0|1|0|0|0|0|0|1|1|0|0|1|1|0|0|NA|NA|NA|NA|NA|0|0|0|0|NA|0
"271090017011"|0|1|0|0|0|0|0|1|1|1|0|0|1|0|0|15000|15000|NA|NA|NA|0|0|0|0|NA|0
"271090017031"|0|1|0|0|0|0|0|1|1|0|0|1|1|0|0|NA|NA|NA|NA|NA|0|0|0|0|NA|0
"271119609001"|0|1|0|0|0|0|0|1|1|1|1|0|0|1|0|4821|4821|NA|NA|6724|147|38|252|18406960|73043.4920634921|0
"271130901002"|0|1|0|0|0|0|0|1|1|1|1|0|0|1|0|4950|4950|NA|NA|NA|76|23|174|12701908|72999.4712643678|0
"271130902001"|0|1|0|0|0|0|0|1|1|1|1|0|0|1|0|4950|4950|NA|NA|NA|76|23|174|12701908|72999.4712643678|0
"271130902003"|0|1|0|0|0|0|0|1|1|1|1|0|0|1|0|4950|4950|NA|NA|NA|76|23|174|12701908|72999.4712643678|0
"271130905001"|0|1|0|0|0|0|0|1|1|1|1|0|0|1|0|4950|4950|NA|NA|NA|76|23|174|12701908|72999.4712643678|0
"271159506001"|0|1|0|0|0|0|0|1|1|1|1|0|0|1|0|3676|7351|NA|NA|NA|43|15|48|3345902|69706.2916666667|0
"271159507002"|0|1|0|0|0|0|0|1|1|1|1|0|0|1|0|3676|7351|NA|NA|NA|43|15|48|3345902|69706.2916666667|0
"271190206002"|0|1|0|0|0|0|0|1|1|1|0|0|0|1|0|10282|10282|NA|NA|8800|152|54|148|10145546|68550.9864864865|0
"271230301001"|0|0|1|0|0|0|0|1|1|1|0|0|1|0|0|NA|NA|17500|17500|NA|60|23|42|3338136|79479.4285714286|0
"271230301005"|0|0|1|0|0|0|0|1|1|1|0|0|1|0|0|NA|NA|17500|17500|NA|60|23|42|3338136|79479.4285714286|0
"271230321001"|0|1|1|0|0|0|0|1|1|1|0|0|0|1|0|40284|40284|9257|9257|10358|307|65|294|20303740|69060.3401360544|0
"271230321002"|0|1|1|0|0|0|0|1|1|1|0|0|0|1|0|40284|40284|9257|9257|10358|307|65|294|20303740|69060.3401360544|0
"271230331002"|0|1|1|0|0|0|0|1|1|1|0|0|0|1|0|6826|13927|7771|15542|NA|308|70|260|22146676|85179.5230769231|0
"271230334001"|0|1|1|0|0|0|0|1|1|1|0|0|0|1|0|22275|22275|8550|8550|9000|153|74|238|12742032|53537.9495798319|0
"271230334002"|0|1|1|0|0|0|0|1|1|1|0|0|0|1|0|22275|22275|8550|8550|9000|153|74|238|12742032|53537.9495798319|0
"271230334003"|0|1|1|0|0|0|0|1|1|1|0|0|0|1|0|22275|22275|8550|8550|9000|153|74|238|12742032|53537.9495798319|0
"271230337001"|0|1|0|0|0|0|0|1|1|1|1|0|0|1|0|4851|4851|NA|NA|NA|151|29|238|16865876|70865.025210084|0
"271230340001"|0|1|0|0|0|0|0|1|1|1|1|0|0|1|0|4851|4851|NA|NA|NA|151|29|238|16865876|70865.025210084|0
"271230349001"|0|1|1|0|0|0|0|1|1|1|0|0|0|0|1|41792|41792|25954|25954|10412|959|217|858|81461086|94942.9906759907|0
"271230351001"|0|1|0|0|0|0|0|1|1|1|0|0|0|1|0|54114|54114|NA|NA|12156|415|118|406|38816994|95608.3596059113|0
"271230363004"|0|1|1|0|0|0|0|1|1|1|0|0|0|1|0|31712|31712|15336|15336|9260|392|143|514|35761122|69574.1673151751|0
"271230408021"|0|1|2|0|0|0|0|2|2|2|0|0|1|1|0|NA|NA|20082|20082|NA|429|200|402|28233224|137386.428205128|0
"271230413011"|0|1|0|0|0|0|0|1|1|1|1|0|1|0|0|15120|15120|NA|NA|NA|18|3|20|1188444|59422.2|0
"271230413021"|0|1|1|0|0|0|0|1|1|1|0|0|0|1|0|30990|30990|8982|8982|9460|303|79|164|10586844|64553.9268292683|0
"271230413022"|0|0|1|0|0|0|0|1|1|1|0|0|1|0|0|NA|NA|12840|12840|NA|3|0|20|1352028|67601.4|0
"271230418003"|0|2|0|0|0|0|0|2|2|2|1|0|2|0|0|30120|30120|NA|NA|NA|21|5|22|1308444|119422.2|0
"271230418004"|0|2|0|0|0|0|0|2|2|2|1|0|2|0|0|30120|30120|NA|NA|NA|21|5|22|1308444|119422.2|0
"271230420021"|0|0|1|0|0|0|0|1|1|1|0|0|1|0|0|NA|NA|17500|17500|NA|60|23|42|3338136|79479.4285714286|0
"271230429001"|0|0|1|0|0|0|0|1|1|1|0|0|0|1|0|NA|NA|NA|NA|NA|137|50|68|10616532|156125.470588235|0
"271230429002"|0|0|1|0|0|0|0|1|1|1|0|0|0|1|0|NA|NA|NA|NA|NA|137|50|68|10616532|156125.470588235|0
"271310705011"|0|1|0|0|0|0|0|1|1|1|0|0|0|1|0|54438|54438|NA|NA|14085|358|76|490|53468758|109119.914285714|0
"271310706022"|0|1|0|0|0|0|0|1|1|1|0|0|0|1|0|47840|47840|NA|NA|10850|378|90|440|34606920|78652.0909090909|0
"271370004003"|0|1|1|0|0|0|0|1|1|1|0|0|0|1|0|36614|36614|13479|13479|9710|294|122|442|30584312|69195.2760180996|0
"271370019001"|0|1|0|0|0|0|0|1|1|0|0|1|1|0|0|NA|NA|NA|NA|NA|0|0|0|0|NA|0
"271370023001"|0|1|0|0|0|0|0|1|1|1|1|0|0|1|0|4417|4417|NA|NA|NA|104|27|172|12411918|72162.3139534884|0
"271370124005"|0|1|0|0|0|0|0|1|1|1|1|0|0|1|0|4729|5910|NA|NA|6075|29|5|78|5568108|71386|0
"271370128004"|0|1|0|0|0|0|0|1|1|1|1|0|0|1|0|4729|5911|NA|NA|6932|27|4|58|4220924|72774.5517241379|0
"271370130001"|0|1|0|0|0|0|0|1|1|1|1|0|0|1|0|4729|5911|NA|NA|6932|27|4|58|4220924|72774.5517241379|0
"271370153005"|0|1|0|0|0|0|0|1|1|1|1|0|1|0|0|4729|5910|NA|NA|7197|21|5|32|2250162|70317.5625|0
"271370154001"|0|1|0|0|0|0|0|1|1|1|1|0|1|0|0|4729|5910|NA|NA|7197|21|5|32|2250162|70317.5625|0
"271370157002"|0|1|1|0|0|1|0|1|1|1|0|0|0|0|1|12016|17134|17064|26412|7760|953|247|980|74401506|75919.9040816327|0
"271370157003"|0|1|1|0|0|1|0|1|1|1|0|0|0|0|1|12016|17134|17064|26412|7760|953|247|980|74401506|75919.9040816327|0
"271370158002"|0|1|0|0|0|0|0|1|0|0|0|0|0|0|0|NA|NA|NA|NA|NA|0|0|0|0|NA|0
"271450003021"|0|1|0|0|0|0|0|1|1|0|0|1|1|0|0|NA|NA|NA|NA|NA|0|0|0|0|NA|0
"271450005004"|0|1|1|0|0|0|0|1|1|1|0|0|0|1|0|9360|9360|9480|9480|NA|289|18|184|13419150|72930.1630434783|0
"271450009011"|0|1|0|0|0|0|0|1|1|1|1|0|0|1|0|4767|4767|NA|NA|NA|98|28|198|14241882|71928.696969697|0
"271450010013"|0|1|0|0|0|0|0|1|1|1|1|0|0|1|0|4767|4767|NA|NA|NA|98|28|198|14241882|71928.696969697|0
"271450101023"|0|1|0|0|0|0|0|1|1|1|1|0|0|1|0|4767|4767|NA|NA|NA|98|28|198|14241882|71928.696969697|0
"271450113012"|0|1|1|0|0|0|0|1|1|1|0|0|0|1|0|44184|44184|16830|16830|10319|307|107|272|20862740|76701.25|0
"271450113013"|0|1|0|0|0|0|0|1|1|1|0|0|0|1|0|44184|44184|NA|NA|10904|288|78|294|22522636|76607.6054421769|0
"271450113014"|0|1|0|0|0|0|0|1|1|1|0|0|0|1|0|44184|44184|NA|NA|10904|288|78|294|22522636|76607.6054421769|0
"271450113042"|0|1|1|0|0|0|0|1|1|1|0|0|0|1|0|44184|44184|16830|16830|10319|307|107|272|20862740|76701.25|0
"271450113043"|0|1|1|0|0|0|0|1|1|1|0|0|0|1|0|44184|44184|16830|16830|10319|307|107|272|20862740|76701.25|0
"271450116004"|0|1|1|0|0|0|0|1|1|1|0|0|0|0|1|7094|15328|7975|12116|8826|540|161|826|72864690|88213.9104116223|0
"271494802003"|0|1|0|0|0|0|0|1|1|1|0|0|0|1|0|12142|14170|NA|NA|8342|215|78|244|16018042|65647.7131147541|0
"271630703033"|0|1|0|0|0|0|0|1|1|1|1|0|0|1|0|4817|4817|NA|NA|NA|209|45|304|22657466|74531.1381578947|0
"271630710012"|0|2|0|0|0|0|0|2|2|0|0|2|2|0|0|NA|NA|NA|NA|NA|0|0|0|0|NA|0
"271696703001"|0|1|1|0|0|0|0|1|1|1|0|0|0|1|0|34500|34500|9000|9000|9080|366|141|200|13122464|65612.32|0
"271696705005"|0|1|1|0|0|0|0|1|1|1|0|0|0|1|0|7377|13300|7260|10540|9010|356|107|636|52178910|82042.3113207547|0
"271696706003"|0|1|0|0|0|0|0|1|1|1|1|0|0|1|0|5019|5019|NA|NA|NA|47|6|98|7122604|72679.6326530612|0
"271696707002"|0|1|0|0|0|0|0|1|1|1|1|0|0|1|0|5019|5019|NA|NA|NA|47|6|98|7122604|72679.6326530612|0
"271696708002"|0|1|0|0|0|0|0|1|1|1|1|0|0|1|0|5019|5019|NA|NA|NA|47|6|98|7122604|72679.6326530612|0
"271739701003"|0|1|0|0|0|0|0|1|1|1|1|0|0|1|0|5146|10292|NA|NA|6500|59|12|142|9986308|70326.1126760563|0
"280039503003"|0|1|0|0|0|0|0|1|1|0|0|1|1|0|0|NA|NA|NA|NA|NA|0|0|0|0|NA|0
"280119506001"|0|1|1|0|0|0|0|1|1|1|0|0|0|1|0|7076|7076|7076|7076|7722|335|99|314|19079424|60762.4968152866|0
"280119506005"|0|1|1|0|0|0|0|1|1|1|0|0|0|1|0|7076|7076|7076|7076|7722|335|99|314|19079424|60762.4968152866|0
"280119507011"|0|1|0|0|0|0|0|1|1|0|0|1|1|0|0|NA|NA|NA|NA|NA|0|0|0|0|NA|0
"280219503001"|0|1|1|1|0|0|0|1|1|1|0|0|0|1|0|5732|5732|5732|5732|10372|495|214|288|18511874|64277.3402777778|0
"280279502001"|0|1|0|1|0|0|0|1|1|1|1|0|0|1|0|2850|2850|NA|NA|4320|141|66|156|8260490|52951.858974359|0
"280299505004"|0|1|0|0|0|0|0|1|1|1|1|0|0|1|0|2800|4800|NA|NA|4050|212|75|206|9562800|46421.359223301|0
"280330703101"|0|1|0|0|0|0|0|1|1|0|0|1|1|0|0|NA|NA|NA|NA|NA|0|0|0|0|NA|0
"280330705211"|0|1|0|0|0|0|0|1|1|1|1|0|1|0|0|NA|NA|NA|NA|NA|18|4|4|141440|35360|0
"280330705221"|0|1|0|0|0|0|0|1|1|1|1|0|1|0|0|NA|NA|NA|NA|NA|18|4|4|141440|35360|0
"280330705222"|0|1|0|0|0|0|0|1|1|1|1|0|1|0|0|NA|NA|NA|NA|NA|18|4|4|141440|35360|0
"280350003001"|0|1|0|0|0|0|0|1|1|0|0|1|1|0|0|NA|NA|NA|NA|NA|0|0|0|0|NA|0
"280350006003"|0|1|1|0|0|1|0|1|1|1|0|0|0|1|0|11700|11700|8880|8880|6204|202|92|338|24019314|71063.0591715976|0
"280350009001"|0|1|1|0|0|0|0|1|1|1|0|0|0|0|1|8514|10514|8514|10514|10618|1586|330|1290|93778194|72696.2744186046|0
"280350009002"|0|1|1|0|0|0|0|1|1|1|0|0|0|0|1|8514|10514|8514|10514|10618|1586|330|1290|93778194|72696.2744186046|0
"280350011001"|0|2|0|0|0|0|0|2|2|1|1|1|2|0|0|NA|NA|NA|NA|NA|21|3|26|1225668|NA|0
"280439503002"|0|1|0|0|0|0|0|1|1|0|0|1|1|0|0|NA|NA|NA|NA|NA|0|0|0|0|NA|0
"280470019002"|0|1|0|0|0|0|0|1|1|0|0|1|1|0|0|NA|NA|NA|NA|NA|0|0|0|0|NA|0
"280470032052"|0|1|0|0|0|0|0|1|0|0|0|0|0|0|0|NA|NA|NA|NA|NA|0|0|0|0|NA|0
"280470032081"|0|1|0|0|0|0|0|1|1|0|0|1|1|0|0|NA|NA|NA|NA|NA|0|0|0|0|NA|0
"280470033031"|0|1|0|0|0|0|0|1|1|1|1|0|1|0|0|NA|NA|NA|NA|NA|0|0|0|0|NA|0
"280470034023"|0|1|0|0|0|0|0|1|1|0|0|1|1|0|0|NA|NA|NA|NA|NA|0|0|0|0|NA|0
"280490001001"|0|2|0|0|0|0|0|2|2|1|1|1|2|0|0|NA|NA|NA|NA|NA|0|0|0|0|NA|0
"280490003024"|0|1|0|0|0|0|0|1|1|0|0|1|1|0|0|NA|NA|NA|NA|NA|0|0|0|0|NA|0
"280490004002"|0|0|1|0|0|0|0|1|1|1|0|0|1|0|0|NA|NA|12870|12870|NA|8|0|8|426336|53292|0
"280490004003"|0|0|1|0|0|0|0|1|1|1|0|0|1|0|0|NA|NA|12870|12870|NA|8|0|8|426336|53292|0
"280490014001"|0|2|1|0|0|0|0|2|2|0|0|0|0|0|0|NA|NA|NA|NA|NA|138|26|0|0|NA|0
"280490015001"|0|1|1|0|0|0|0|1|1|1|0|0|0|1|0|24950|24950|10350|10350|8500|284|66|174|10167956|58436.5287356322|0
"280490016002"|0|1|1|0|0|0|0|1|1|1|0|0|1|0|0|37290|37290|23568|23568|13730|186|105|170|12553102|73841.7764705882|0
"280490027001"|0|1|1|1|0|0|0|1|1|1|0|0|0|1|0|7876|7876|7876|7876|9400|647|332|694|46407034|66868.9250720461|0
"280490027002"|0|1|1|0|0|0|0|1|1|1|0|0|1|0|0|13185|13185|14790|14790|NA|8|0|6|398434|66405.6666666667|0
"280490032001"|0|1|1|1|0|0|0|1|1|1|0|0|0|1|0|7876|7876|7876|7876|9400|647|332|694|46407034|66868.9250720461|0
"280490101021"|0|2|0|0|0|0|0|2|2|1|1|1|2|0|0|NA|NA|NA|NA|NA|0|0|0|0|NA|0
"280490104001"|0|2|1|0|0|0|0|2|2|1|0|1|1|1|0|NA|NA|NA|NA|NA|297|136|454|32663258|NA|0
"280490107003"|0|1|0|0|0|0|0|1|1|1|1|0|0|0|1|2880|5920|NA|NA|4736|682|229|836|41501298|49642.7009569378|0
"280490110022"|0|1|0|0|0|0|0|1|1|0|0|1|1|0|0|NA|NA|NA|NA|NA|0|0|0|0|NA|0
"280490111031"|0|1|1|0|0|0|0|1|1|1|0|0|1|0|0|13185|13185|14790|14790|NA|8|0|6|398434|66405.6666666667|0
"280490115001"|0|1|1|1|0|0|0|1|1|1|0|0|0|1|0|7876|7876|7876|7876|9400|647|332|694|46407034|66868.9250720461|0
"280490115002"|0|1|1|1|0|0|0|1|1|1|0|0|0|1|0|7876|7876|7876|7876|9400|647|332|694|46407034|66868.9250720461|0
"280519505002"|0|1|0|0|0|0|0|1|1|1|1|0|0|1|0|2600|5180|NA|NA|3050|223|66|280|16331210|58325.75|0
"280579503002"|0|1|0|0|0|0|0|1|1|1|1|0|0|1|0|2900|5100|NA|NA|3875|208|90|314|20006316|63714.3821656051|0
"280679504024"|0|1|0|0|0|0|0|1|1|1|0|0|1|0|0|6000|6000|NA|NA|3000|5|1|0|0|NA|0
"280679506001"|0|1|0|0|0|0|0|1|1|0|0|1|1|0|0|NA|NA|NA|NA|NA|0|0|0|0|NA|0
"280679506004"|0|1|0|0|0|0|0|1|1|0|0|1|1|0|0|NA|NA|NA|NA|NA|0|0|0|0|NA|0
"280679510002"|0|1|0|0|0|0|0|1|1|1|1|0|0|1|0|3400|5400|NA|NA|3932|212|92|280|14900626|53216.5214285714|0
"280679510004"|0|1|0|0|0|0|0|1|1|1|1|0|0|1|0|3400|5400|NA|NA|3932|212|92|280|14900626|53216.5214285714|0
"280690301001"|0|1|0|0|0|0|0|1|1|1|1|0|0|1|0|3200|6200|NA|NA|4650|204|91|192|10504070|54708.6979166667|0
"280719503012"|0|1|1|0|1|1|0|1|1|1|0|0|0|0|1|8550|24504|8550|24504|10696|8204|1495|2198|200753458|91334.6032757052|0
"280719503013"|0|1|1|0|1|1|0|1|1|1|0|0|0|0|1|8550|24504|8550|24504|10696|8204|1495|2198|200753458|91334.6032757052|0
"280719503014"|0|1|1|0|1|1|0|1|1|1|0|0|0|0|1|8550|24504|8550|24504|10696|8204|1495|2198|200753458|91334.6032757052|0
"280730203012"|0|1|0|0|0|0|0|1|1|0|0|1|1|0|0|NA|NA|NA|NA|NA|0|0|0|0|NA|0
"280750008002"|0|1|0|0|0|0|0|1|1|1|1|0|0|1|0|2800|4100|NA|NA|5080|192|74|280|13784570|49230.6071428571|0
"280839503001"|0|1|1|1|0|0|0|1|1|1|0|0|0|1|0|6530|6530|7344|7344|7764|298|106|220|11943958|54290.7181818182|0
"280839503003"|0|1|1|1|0|0|0|1|1|1|0|0|0|1|0|6530|6530|7344|7344|7764|298|106|220|11943958|54290.7181818182|0
"280839503004"|0|1|1|1|0|0|0|1|1|1|0|0|0|1|0|6530|6530|7344|7344|7764|298|106|220|11943958|54290.7181818182|0
"280870007004"|0|1|1|0|0|0|0|1|1|1|0|0|0|1|0|6840|6840|6840|6840|7424|161|84|282|17106992|60663.0921985816|0
"280890301051"|0|1|1|1|0|0|0|1|1|1|0|0|1|0|0|10130|10130|9900|9900|6400|181|68|120|5135530|42796.0833333333|0
"280890301053"|0|2|1|1|0|0|0|2|2|1|0|1|2|0|0|NA|NA|NA|NA|NA|181|68|120|5135530|NA|0
"280890301054"|0|1|1|1|0|0|0|1|1|1|0|0|1|0|0|10130|10130|9900|9900|6400|181|68|120|5135530|42796.0833333333|0
"280890302061"|0|1|0|0|0|0|0|1|1|0|0|1|1|0|0|NA|NA|NA|NA|NA|0|0|0|0|NA|0
"280890303023"|0|1|0|0|0|0|0|1|1|0|0|1|1|0|0|NA|NA|NA|NA|NA|0|0|0|0|NA|0
"280939504023"|0|1|0|1|0|0|0|1|1|1|0|0|1|0|0|9900|9900|NA|NA|4300|124|39|86|4000344|46515.6279069767|0
"281010503001"|0|1|0|0|0|0|0|1|1|1|1|0|0|1|0|2660|4760|NA|NA|3830|131|46|168|8343464|49663.4761904762|0
"281010503005"|0|1|0|0|0|0|0|1|1|1|1|0|0|1|0|2660|4760|NA|NA|3830|131|46|168|8343464|49663.4761904762|0
"281059501003"|0|1|1|0|0|1|0|1|1|1|0|0|0|0|1|8540|23140|8540|23140|9815|3571|844|1894|159576650|84253.7750791975|0
"281059504003"|0|1|1|0|0|1|0|1|1|1|0|0|0|0|1|8540|23140|8540|23140|9815|3571|844|1894|159576650|84253.7750791975|0
"281059506011"|0|1|1|0|0|1|0|1|1|1|0|0|0|0|1|8540|23140|8540|23140|9815|3571|844|1894|159576650|84253.7750791975|0
"281099503002"|0|1|0|0|0|0|0|1|1|1|1|0|0|1|0|3250|5648|NA|NA|4700|231|72|380|18207672|47914.9263157895|0
"281139502002"|0|1|0|0|0|0|0|1|1|1|1|0|0|1|0|2880|5580|NA|NA|3750|121|36|134|7479634|55818.1641791045|0
"281159503002"|0|1|0|0|0|0|0|1|1|0|0|1|1|0|0|NA|NA|NA|NA|NA|0|0|0|0|NA|0
"281179503002"|0|1|0|0|0|0|0|1|1|1|1|0|0|1|0|3150|5990|NA|NA|3810|184|76|240|12502536|52093.9|0
"281210203021"|0|1|0|0|0|0|0|1|1|1|1|0|1|0|0|15980|15980|NA|NA|NA|15|2|14|616336|44024|0
"281210207011"|0|1|0|0|0|0|0|1|1|0|0|1|1|0|0|NA|NA|NA|NA|NA|0|0|0|0|NA|0
"281310202021"|0|1|0|0|0|0|0|1|1|1|1|0|0|1|0|3100|6200|NA|NA|4700|423|167|554|29608274|53444.5379061372|0
"281339505001"|0|1|0|0|0|0|0|1|1|1|1|0|0|1|0|3000|4638|NA|NA|3020|143|57|200|10391296|51956.48|0
"281339506002"|0|1|0|0|0|0|0|1|1|1|1|0|0|1|0|3000|4638|NA|NA|3020|143|57|200|10391296|51956.48|0
"281379504002"|0|1|0|0|0|0|0|1|1|1|1|0|0|1|0|3000|3000|NA|NA|3400|355|76|436|23912812|54845.8990825688|0
"281399502003"|0|1|0|0|0|0|0|1|1|0|0|1|1|0|0|NA|NA|NA|NA|NA|0|0|0|0|NA|0
"281399503001"|0|1|0|0|0|0|0|1|1|0|0|1|1|0|0|NA|NA|NA|NA|NA|0|0|0|0|NA|0
"281399503003"|0|1|0|0|0|0|0|1|1|0|0|1|1|0|0|NA|NA|NA|NA|NA|0|0|0|0|NA|0
"281399504004"|0|1|1|0|0|0|0|1|1|1|0|0|1|0|0|10690|10690|6444|6444|6554|54|32|72|3529310|49018.1944444444|0
"281510014002"|0|1|0|0|0|0|0|1|1|0|0|1|1|0|0|NA|NA|NA|NA|NA|0|0|0|0|NA|0
"290019503004"|0|0|1|0|0|1|0|1|1|1|0|0|0|1|0|NA|NA|28016|28016|NA|459|142|304|35308370|116145.953947368|0
"290019504003"|0|1|0|0|0|0|0|1|1|0|0|1|1|0|0|NA|NA|NA|NA|NA|0|0|0|0|NA|0
"290019505006"|0|0|1|0|0|1|0|1|1|1|0|0|0|1|0|NA|NA|28016|28016|NA|459|142|304|35308370|116145.953947368|0
"290019510001"|0|1|1|0|0|0|0|1|1|1|0|0|0|1|0|7425|14277|8724|15107|8780|410|183|602|39794816|66104.3455149502|0
"290019510002"|0|1|1|0|0|0|0|1|1|1|0|0|0|1|0|7425|14277|8724|15107|8780|410|183|602|39794816|66104.3455149502|0
"290019510003"|0|1|1|0|0|0|0|1|1|1|0|0|0|1|0|7425|14277|8724|15107|8780|410|183|602|39794816|66104.3455149502|0
"290190002002"|0|1|1|0|0|0|0|1|1|1|0|0|1|0|0|30750|30750|7920|7920|10071|130|31|86|5505196|64013.9069767442|0
"290190005001"|0|1|1|0|1|1|0|1|1|1|0|0|0|0|1|8637|25707|8822|24156|10786|5415|1595|2554|244279608|95645.8919342208|0
"290190010022"|0|1|0|0|0|0|0|1|0|0|0|0|0|0|0|NA|NA|NA|NA|NA|0|0|0|0|NA|0
"290190011034"|0|1|1|0|0|0|0|1|1|0|0|0|0|0|0|NA|NA|NA|NA|NA|457|68|0|0|NA|0
"290190011043"|0|1|0|0|0|0|0|1|1|0|0|1|1|0|0|NA|NA|NA|NA|NA|0|0|0|0|NA|0
"290190015043"|0|1|0|0|0|0|0|1|1|0|0|1|1|0|0|NA|NA|NA|NA|NA|0|0|0|0|NA|0
"290190015044"|0|1|0|0|0|0|0|1|1|0|0|1|1|0|0|NA|NA|NA|NA|NA|0|0|0|0|NA|0
"290190021002"|0|1|1|0|0|0|0|1|1|1|0|0|0|0|1|10190|10190|7874|7874|7808|600|284|148|10458688|70666.8108108108|0
"290210006002"|0|1|1|0|0|0|0|1|1|1|0|0|1|0|0|NA|NA|NA|NA|NA|11|0|0|0|NA|0
"290210006003"|0|1|0|0|0|0|0|1|0|0|0|1|1|0|0|NA|NA|NA|NA|NA|0|0|0|0|NA|0
"290210007012"|0|1|1|0|0|0|0|1|1|1|0|0|0|1|0|5778|11929|6828|11005|8950|333|131|408|24937566|61121.4852941177|0
"290210009002"|0|1|0|0|0|0|0|1|0|0|0|1|1|0|0|NA|NA|NA|NA|NA|0|0|0|0|NA|0
"290239501003"|0|1|0|0|0|0|0|1|1|0|0|1|1|0|0|NA|NA|NA|NA|NA|0|0|0|0|NA|0
"290239502012"|0|1|0|0|0|0|0|1|1|0|0|1|1|0|0|NA|NA|NA|NA|NA|0|0|0|0|NA|0
"290239503002"|0|1|0|0|0|0|0|1|1|0|0|1|1|0|0|NA|NA|NA|NA|NA|0|0|0|0|NA|0
"290239503003"|0|2|0|0|0|0|0|2|2|1|1|1|1|1|0|NA|NA|NA|NA|NA|106|49|124|6000476|NA|0
"290239503004"|0|1|0|0|0|0|0|1|1|1|1|0|0|1|0|4200|5340|NA|NA|6880|106|49|124|6000476|48390.935483871|0
"290270704001"|0|1|0|0|0|0|0|1|1|1|0|0|1|0|0|25700|25700|NA|NA|10140|104|35|98|5761706|58792.9183673469|0
"290270704002"|0|1|1|0|0|0|0|1|1|1|0|0|0|1|0|23230|23230|6300|6300|9700|149|50|130|6759260|51994.3076923077|0
"290270704004"|0|1|1|0|0|0|0|1|1|1|0|0|0|1|0|23230|23230|6300|6300|9700|149|50|130|6759260|51994.3076923077|0
"290299505003"|0|1|0|0|0|0|0|1|1|0|0|1|1|0|0|3850|3850|NA|NA|NA|0|0|0|0|NA|0
"290318807003"|0|1|1|0|0|0|0|1|1|1|0|0|0|0|1|6254|11991|4981|9292|8935|663|218|784|49859006|63595.6709183673|0
"290318808001"|0|1|1|0|0|0|0|1|1|1|0|0|0|0|1|6254|11991|4981|9292|8935|663|218|784|49859006|63595.6709183673|0
"290318810002"|0|1|1|0|0|0|0|1|1|1|0|0|0|0|1|6254|11991|4981|9292|8935|663|218|784|49859006|63595.6709183673|0
"290318812001"|0|1|0|0|0|0|0|1|1|1|1|0|1|0|0|11250|11250|NA|NA|NA|5|3|6|164216|27369.3333333333|0
"290318812003"|0|1|0|0|0|0|0|1|1|1|1|0|1|0|0|11250|11250|NA|NA|NA|5|3|6|164216|27369.3333333333|0
"290318815003"|0|1|0|0|0|0|0|1|1|0|0|1|1|0|0|NA|NA|NA|NA|NA|0|0|0|0|NA|0
"290318815004"|0|1|0|0|0|0|0|1|1|0|0|1|1|0|0|NA|NA|NA|NA|NA|0|0|0|0|NA|0
"290318816001"|0|1|0|0|1|0|0|1|1|1|0|0|1|0|0|15477|15477|NA|NA|NA|16|5|30|1790126|59670.8666666667|0
"290370601001"|0|1|1|0|0|0|0|1|1|1|0|0|1|0|0|10276|10276|7056|7056|5240|53|15|32|1234296|38571.75|0
"290370601002"|0|1|1|0|0|0|0|1|1|1|0|0|1|0|0|10276|10276|7056|7056|5240|53|15|32|1234296|38571.75|0
"290370603011"|0|1|0|0|0|0|0|1|1|0|0|1|1|0|0|NA|NA|NA|NA|NA|0|0|0|0|NA|0
"290370609041"|0|1|0|0|0|0|0|1|0|0|0|1|1|0|0|NA|NA|NA|NA|NA|0|0|0|0|NA|0
"290370609042"|0|1|0|0|0|0|0|1|0|0|0|1|1|0|0|NA|NA|NA|NA|NA|0|0|0|0|NA|0
"290470203005"|0|1|1|0|0|0|0|1|1|1|0|0|0|1|0|7850|7850|5720|5720|7500|77|35|68|3466404|50976.5294117647|0
"290470206022"|0|1|0|0|0|0|0|1|1|1|1|0|1|0|0|11392|11392|NA|NA|NA|0|0|0|0|NA|0
"290470206024"|0|1|0|0|0|0|0|1|1|1|1|0|1|0|0|11392|11392|NA|NA|NA|0|0|0|0|NA|0
"290470210011"|0|1|1|0|0|0|0|1|1|1|0|0|0|1|0|7850|7850|5720|5720|7500|77|35|68|3466404|50976.5294117647|0
"290470214011"|0|1|1|0|0|0|0|1|1|1|0|0|1|0|0|33505|33505|4800|4800|9930|119|56|140|8683188|62022.7714285714|0
"290470222002"|0|1|0|0|0|0|0|1|1|1|1|0|1|0|0|11392|11392|NA|NA|NA|0|0|0|0|NA|0
"290510105003"|0|1|1|1|0|0|0|1|1|1|0|0|0|1|0|6270|12810|6984|12996|7068|268|80|192|10002114|52094.34375|0
"290510106002"|0|1|0|0|0|0|0|1|1|0|0|1|1|0|0|NA|NA|NA|NA|NA|0|0|0|0|NA|0
"290510106003"|0|1|0|0|0|0|0|1|1|0|0|1|1|0|0|NA|NA|NA|NA|NA|0|0|0|0|NA|0
"290510108002"|0|1|0|0|0|0|0|1|1|1|1|0|1|0|0|11250|11250|NA|NA|NA|3|2|10|323364|32336.4|0
"290718003002"|0|1|0|0|0|0|0|1|1|0|0|1|1|0|0|15700|15700|NA|NA|NA|0|0|0|0|NA|0
"290718006023"|0|1|0|0|0|0|0|1|1|1|1|0|0|1|0|2928|4344|NA|NA|NA|125|39|130|6902506|53096.2|0
"290718006024"|0|1|0|0|0|0|0|1|1|1|1|0|0|1|0|2928|4344|NA|NA|NA|125|39|130|6902506|53096.2|0
"290718009011"|0|1|0|0|0|0|0|1|1|0|0|1|1|0|0|NA|NA|NA|NA|NA|0|0|0|0|NA|0
"290718009021"|0|1|0|0|0|0|0|1|1|0|0|1|1|0|0|NA|NA|NA|NA|NA|0|0|0|0|NA|0
"290770002002"|0|1|1|0|0|0|0|1|1|1|0|0|0|0|1|6360|14310|5022|10098|8755|1349|460|1518|105163106|69277.4084321476|0
"290770007001"|0|1|0|0|0|0|0|1|1|1|1|0|1|0|0|NA|NA|NA|NA|NA|3|0|4|160000|40000|0
"290770007003"|0|4|2|0|0|0|0|4|4|4|1|0|1|2|1|47198|48158|NA|NA|NA|648|178|794|46923660|247050.973538961|0
"290770008002"|0|1|1|0|0|0|0|1|1|1|0|0|0|1|0|22146|22146|8694|8694|8522|226|75|176|10372636|58935.4318181818|0
"290770011001"|0|1|0|0|0|0|0|1|1|0|0|1|1|0|0|NA|NA|NA|NA|NA|0|0|0|0|NA|0
"290770025021"|0|1|0|0|0|0|0|1|1|0|0|1|1|0|0|NA|NA|NA|NA|NA|0|0|0|0|NA|0
"290770026003"|0|1|0|0|0|0|0|1|1|0|0|1|1|0|0|NA|NA|NA|NA|NA|0|0|0|0|NA|0
"290770028001"|0|1|0|0|0|0|0|1|1|1|1|0|1|0|0|10996|10996|NA|NA|NA|0|0|0|0|NA|0
"290770030021"|0|1|0|0|0|0|0|1|1|0|0|1|1|0|0|NA|NA|NA|NA|NA|0|0|0|0|NA|0
"290770040022"|0|1|1|0|0|0|0|1|1|1|0|0|1|0|0|13810|13810|13810|13810|NA|22|1|20|626012|31300.6|0
"290770055002"|0|1|1|0|0|0|0|1|1|1|0|0|1|0|0|13450|13450|8100|8100|7500|22|3|20|866796|43339.8|0
"290770057001"|0|1|0|0|0|0|0|1|1|0|0|1|1|0|0|NA|NA|NA|NA|NA|0|0|0|0|NA|0
"290770057003"|0|1|0|0|0|0|0|1|1|0|0|1|1|0|0|NA|NA|NA|NA|NA|0|0|0|0|NA|0
"290799602001"|0|1|0|0|0|0|0|1|1|1|1|0|0|1|0|4350|5250|NA|NA|6055|76|30|74|3685210|49800.1351351351|0
"290799603002"|0|1|0|0|0|0|0|1|1|1|1|0|0|1|0|4350|5250|NA|NA|6055|76|30|74|3685210|49800.1351351351|0
"290799603003"|0|1|0|0|0|0|0|1|1|1|1|0|0|1|0|4350|5250|NA|NA|6055|76|30|74|3685210|49800.1351351351|0
"290799604002"|0|1|0|0|0|0|0|1|1|1|1|0|0|1|0|4350|5250|NA|NA|6055|76|30|74|3685210|49800.1351351351|0
"290839506004"|0|1|0|0|0|0|0|1|1|0|0|1|1|0|0|NA|NA|NA|NA|NA|0|0|0|0|NA|0
"290899603002"|0|2|1|0|0|0|0|2|2|2|0|0|0|2|0|29460|29460|NA|NA|NA|199|87|188|10854970|111877.28185654|0
"290910908003"|0|1|0|0|0|0|0|1|1|1|1|0|0|1|0|3750|7800|NA|NA|6118|82|36|72|3632672|50453.7777777778|0
"290950010002"|0|0|1|0|0|1|0|1|1|1|0|0|0|1|0|NA|NA|32416|32416|NA|190|49|16|1926412|120400.75|0
"290950046001"|0|2|0|0|0|0|0|2|2|2|1|0|1|0|1|NA|NA|NA|NA|NA|554|262|508|32666848|140438.336088154|0
"290950052001"|0|1|1|0|0|0|0|1|1|1|0|0|1|0|0|5600|5600|6400|6400|NA|5|0|0|0|NA|0
"290950052002"|0|1|1|0|0|0|0|1|1|1|0|0|1|0|0|5600|5600|6400|6400|NA|5|0|0|0|NA|0
"290950066001"|0|1|0|0|0|0|0|1|1|1|0|0|1|0|0|37900|37900|NA|NA|10400|93|44|112|7446094|66482.9821428571|0
"290950071001"|0|1|1|0|0|0|0|1|1|1|0|0|1|0|0|12315|12315|14700|14700|NA|26|9|54|3904046|72297.1481481481|0
"290950073002"|0|1|0|0|0|0|0|1|1|1|1|0|1|0|0|12760|12760|NA|NA|NA|0|0|0|0|NA|0
"290950074001"|0|1|1|0|0|1|0|1|1|1|0|0|0|0|1|8514|23550|9238|23849|11498|1240|467|1268|114898872|90614.2523659306|0
"290950075003"|0|1|1|0|0|0|0|1|1|1|0|0|0|1|0|36800|36800|15570|15570|9570|219|76|264|17983840|68120.6060606061|0
"290950082002"|0|1|0|0|0|0|0|1|1|0|0|1|1|0|0|NA|NA|NA|NA|NA|0|0|0|0|NA|0
"290950087001"|0|1|2|0|0|0|0|2|2|2|0|0|2|0|0|NA|NA|18090|18090|NA|30|6|88|6151222|136669.424242424|0
"290950087002"|0|1|0|0|0|0|0|1|1|0|0|1|1|0|0|NA|NA|NA|NA|NA|0|0|0|0|NA|0
"290950088001"|0|1|2|0|0|0|0|2|2|2|0|0|2|0|0|NA|NA|18090|18090|NA|30|6|88|6151222|136669.424242424|0
"290950088002"|0|1|2|0|0|0|0|2|2|2|0|0|2|0|0|NA|NA|18090|18090|NA|30|6|88|6151222|136669.424242424|0
"290950088003"|0|1|2|0|0|0|0|2|2|2|0|0|2|0|0|NA|NA|18090|18090|NA|30|6|88|6151222|136669.424242424|0
"290950099002"|0|1|0|0|0|0|0|1|1|1|1|0|1|0|0|NA|NA|NA|NA|NA|12|0|8|356000|44500|0
"290950105003"|0|1|0|0|0|0|0|1|1|0|0|1|1|0|0|16520|16520|NA|NA|NA|0|0|0|0|NA|0
"290950122001"|0|1|0|0|0|0|0|1|1|0|0|1|1|0|0|NA|NA|NA|NA|NA|0|0|0|0|NA|0
"290950130033"|0|1|0|0|0|0|0|1|1|1|1|0|1|0|0|NA|NA|NA|NA|NA|23|1|8|416420|52052.5|0
"290950134081"|0|1|1|0|0|0|0|1|1|1|0|0|0|1|0|19900|19900|6734|6734|8564|130|40|144|8520774|59172.0416666667|0
"290950136082"|0|1|0|0|0|0|0|1|1|1|0|0|1|0|0|15000|15000|NA|NA|NA|0|0|0|0|NA|0
"290950141053"|0|1|0|0|0|0|0|1|1|0|0|1|1|0|0|NA|NA|NA|NA|NA|0|0|0|0|NA|0
"290950147011"|0|1|0|0|0|0|0|1|1|1|0|0|1|0|0|15000|15000|NA|NA|NA|0|0|6|408000|68000|0
"290950148041"|0|1|0|0|0|0|0|1|1|1|0|0|1|0|0|15000|15000|NA|NA|NA|0|0|6|408000|68000|0
"290950154002"|0|1|0|0|0|0|0|1|1|0|0|1|1|0|0|NA|NA|NA|NA|NA|0|0|0|0|NA|0
"290950158002"|0|1|0|0|0|0|0|1|1|0|0|1|1|0|0|NA|NA|NA|NA|NA|0|0|0|0|NA|0
"290950159001"|0|1|0|0|0|0|0|1|1|0|0|1|1|0|0|NA|NA|NA|NA|NA|0|0|0|0|NA|0
"290950161001"|0|1|0|0|0|0|0|1|1|0|0|1|1|0|0|NA|NA|NA|NA|NA|0|0|0|0|NA|0
"290950167003"|0|2|0|0|0|0|0|2|2|2|1|0|1|0|1|NA|NA|NA|NA|NA|554|262|508|32666848|140438.336088154|0
"290950168004"|0|1|1|0|0|0|0|1|1|1|0|0|1|0|0|12315|12315|14700|14700|NA|26|9|54|3904046|72297.1481481481|0
"290950173001"|0|1|1|0|0|0|0|1|1|1|0|0|1|0|0|14398|14398|16852|16852|NA|13|1|4|392086|98021.5|0
"290970101001"|0|2|0|0|0|0|0|2|2|1|0|1|2|0|0|NA|NA|NA|NA|NA|73|17|42|2132350|NA|0
"290970103001"|0|1|0|0|0|0|0|1|1|0|0|1|1|0|0|NA|NA|NA|NA|NA|0|0|0|0|NA|0
"290970103002"|0|2|1|0|0|0|0|2|2|1|0|1|1|1|0|NA|NA|NA|NA|NA|313|130|368|21786822|NA|0
"290970106001"|0|1|0|0|0|0|0|1|1|1|1|0|1|0|0|11358|11358|NA|NA|NA|0|0|0|0|NA|0
"290970106002"|0|1|0|0|0|0|0|1|1|1|1|0|1|0|0|11358|11358|NA|NA|NA|0|0|0|0|NA|0
"290970107001"|0|0|1|0|0|1|0|1|1|1|0|0|1|0|0|NA|NA|NA|NA|NA|0|0|0|0|NA|0
"290970116004"|0|1|0|0|0|0|0|1|1|0|0|1|1|0|0|NA|NA|NA|NA|NA|0|0|0|0|NA|0
"290997005023"|0|1|0|0|0|0|0|1|1|1|1|0|0|1|0|4770|6360|NA|NA|6156|170|66|180|11047038|61372.4333333333|0
"291019604001"|0|1|1|0|0|0|0|1|1|1|0|0|0|0|1|6770|13539|7164|14328|8830|710|186|912|61042430|66932.4890350877|0
"291019604002"|0|1|1|0|0|0|0|1|1|1|0|0|0|0|1|6770|13539|7164|14328|8830|710|186|912|61042430|66932.4890350877|0
"291019604003"|0|1|1|0|0|0|0|1|1|1|0|0|0|0|1|6770|13539|7164|14328|8830|710|186|912|61042430|66932.4890350877|0
"291019605002"|0|1|1|0|0|0|0|1|1|1|0|0|0|0|1|6770|13539|7164|14328|8830|710|186|912|61042430|66932.4890350877|0
"291019605004"|0|1|0|0|0|0|0|1|0|0|0|1|1|0|0|NA|NA|NA|NA|NA|0|0|0|0|NA|0
"291059604002"|0|1|0|0|0|0|0|1|1|0|0|1|1|0|0|NA|NA|NA|NA|NA|0|0|0|0|NA|0
"291070902002"|0|1|0|0|0|0|0|1|1|0|0|1|1|0|0|NA|NA|NA|NA|NA|0|0|0|0|NA|0
"291119701002"|0|1|1|0|0|0|0|1|1|1|0|0|0|1|0|26255|26255|5400|5400|8520|124|60|104|5477904|52672.1538461538|0
"291174801001"|0|1|0|0|0|0|0|1|1|0|0|1|1|0|0|NA|NA|NA|NA|NA|0|0|0|0|NA|0
"291174803002"|0|1|0|0|0|0|0|1|1|0|0|1|1|0|0|NA|NA|NA|NA|NA|0|0|0|0|NA|0
"291174803003"|0|1|0|0|0|0|0|1|1|0|0|1|1|0|0|NA|NA|NA|NA|NA|0|0|0|0|NA|0
"291279604001"|0|1|1|0|0|0|0|1|1|1|0|0|1|0|0|21450|21450|11475|11475|8108|56|34|100|4436640|44366.4|0
"291450201003"|0|1|0|0|0|0|0|1|1|0|0|1|1|0|0|NA|NA|NA|NA|NA|0|0|0|0|NA|0
"291450201005"|0|1|0|0|0|0|0|1|1|0|0|1|1|0|0|NA|NA|NA|NA|NA|0|0|0|0|NA|0
"291450202002"|0|1|0|0|0|0|0|1|1|1|1|0|0|1|0|3372|3372|NA|NA|6364|166|54|258|9981880|38689.4573643411|0
"291450203003"|0|1|0|0|0|0|0|1|1|0|0|1|1|0|0|NA|NA|NA|NA|NA|0|0|0|0|NA|0
"291450208005"|0|1|0|0|0|0|0|1|1|1|1|0|0|1|0|3372|3372|NA|NA|6364|166|54|258|9981880|38689.4573643411|0
"291474703001"|0|1|1|0|0|0|0|1|1|1|0|0|0|1|0|4567|9882|5775|8382|8932|451|113|458|29484110|64375.7860262009|0
"291474703003"|0|1|1|0|0|0|0|1|1|1|0|0|0|1|0|4567|9882|5775|8382|8932|451|113|458|29484110|64375.7860262009|0
"291474705004"|0|1|0|0|0|0|0|1|1|1|0|0|1|0|0|22179|22179|NA|NA|13321|8|1|12|609530|50794.1666666667|0
"291514902001"|0|1|0|0|0|0|0|1|1|1|1|0|0|1|0|5040|10080|NA|NA|5840|75|23|186|10569340|56824.4086021505|0
"291514902002"|0|1|0|0|0|0|0|1|1|1|1|0|0|1|0|5040|10080|NA|NA|5840|75|23|186|10569340|56824.4086021505|0
"291514902003"|0|1|0|0|0|0|0|1|1|1|1|0|0|1|0|5040|10080|NA|NA|5840|75|23|186|10569340|56824.4086021505|0
"291594801001"|0|1|0|0|0|0|0|1|1|0|0|1|1|0|0|NA|NA|NA|NA|NA|0|0|0|0|NA|0
"291594802003"|0|2|0|0|0|0|0|2|2|1|1|1|1|1|0|NA|NA|NA|NA|NA|165|139|158|8103258|NA|0
"291594807001"|0|1|0|0|0|0|0|1|1|0|0|1|1|0|0|NA|NA|NA|NA|NA|0|0|0|0|NA|0
"291594811001"|0|2|0|0|0|0|0|2|2|1|1|1|1|1|0|NA|NA|NA|NA|NA|165|139|158|8103258|NA|0
"291618903005"|0|1|0|0|0|0|0|1|1|1|1|0|1|0|0|11250|11250|NA|NA|NA|2|0|4|126000|31500|0
"291618904003"|0|1|1|0|0|0|0|1|1|1|0|0|0|1|0|8637|26874|10061|29558|10274|886|343|764|73075630|95648.7303664921|0
"291618908001"|0|1|0|0|0|0|0|1|1|0|0|1|1|0|0|NA|NA|NA|NA|NA|0|0|0|0|NA|0
"291618909002"|0|1|0|0|0|0|0|1|1|0|0|1|1|0|0|NA|NA|NA|NA|NA|0|0|0|0|NA|0
"291618909003"|0|1|0|0|0|0|0|1|1|1|1|0|1|0|0|11250|11250|NA|NA|NA|2|0|4|126000|31500|0
"291634603002"|0|1|0|0|0|0|0|1|1|0|0|1|1|0|0|NA|NA|NA|NA|NA|0|0|0|0|NA|0
"291634605002"|0|1|0|0|0|0|0|1|1|0|0|1|1|0|0|NA|NA|NA|NA|NA|0|0|0|0|NA|0
"291650301031"|0|1|1|0|0|0|0|1|1|1|0|0|0|0|1|7901|7901|5917|5917|7672|429|94|226|15211574|67307.8495575221|0
"291650301032"|0|1|1|0|0|0|0|1|1|1|0|0|0|0|1|7901|7901|5917|5917|7672|429|94|226|15211574|67307.8495575221|0
"291650302011"|0|1|0|0|0|0|0|1|1|1|1|0|1|0|0|NA|NA|NA|NA|NA|0|0|0|0|NA|0
"291650303071"|0|1|0|0|0|0|0|1|1|1|1|0|1|0|0|NA|NA|NA|NA|NA|0|0|0|0|NA|0
"291650303081"|0|1|0|0|0|0|0|1|1|1|0|0|1|0|0|15000|15000|NA|NA|NA|0|0|0|0|NA|0
"291650305005"|0|1|0|0|0|0|0|1|1|0|0|1|0|0|0|NA|NA|NA|NA|NA|0|0|0|0|NA|0
"291650305006"|0|1|0|0|0|0|0|1|1|0|0|1|0|0|0|NA|NA|NA|NA|NA|0|0|0|0|NA|0
"291679601005"|0|1|0|0|0|0|0|1|1|1|1|0|1|0|0|12982|12982|NA|NA|NA|10|2|14|701106|50079|0
"291679601006"|0|1|0|0|0|0|0|1|1|1|1|0|1|0|0|12982|12982|NA|NA|NA|10|2|14|701106|50079|0
"291679604004"|0|1|1|0|0|0|0|1|1|1|0|0|0|1|0|23100|23100|5023|5023|7720|204|77|296|16463390|55619.5608108108|0
"291694702861"|0|1|0|0|0|0|0|1|1|0|0|1|1|0|0|NA|NA|NA|NA|NA|0|0|0|0|NA|0
"291694702872"|0|1|0|0|0|0|0|1|1|0|0|1|1|0|0|NA|NA|NA|NA|NA|0|0|0|0|NA|0
"291694702873"|0|1|0|0|0|0|0|1|1|0|0|1|1|0|0|NA|NA|NA|NA|NA|0|0|0|0|NA|0
"291694703901"|0|1|0|0|0|0|0|1|1|0|0|1|1|0|0|NA|NA|NA|NA|NA|0|0|0|0|NA|0
"291694704002"|0|1|0|0|0|0|0|1|1|0|0|1|1|0|0|NA|NA|NA|NA|NA|0|0|0|0|NA|0
"291694704003"|0|1|0|0|0|0|0|1|1|0|0|1|1|0|0|NA|NA|NA|NA|NA|0|0|0|0|NA|0
"291694704005"|0|1|0|0|0|0|0|1|1|0|0|1|1|0|0|NA|NA|NA|NA|NA|0|0|0|0|NA|0
"291754904002"|0|1|0|0|0|0|0|1|1|1|1|0|0|1|0|4470|6090|NA|NA|5832|183|70|140|7008878|50063.4142857143|0
"291754905001"|0|1|0|0|0|0|0|1|1|1|0|0|1|0|0|7500|7500|NA|NA|6600|24|9|14|653628|46687.7142857143|0
"291754905003"|0|1|0|0|0|0|0|1|1|1|0|0|1|0|0|7500|7500|NA|NA|6600|24|9|14|653628|46687.7142857143|0
"291833106012"|0|1|1|0|0|0|0|1|1|1|0|0|0|1|0|16900|16900|16900|16900|9000|596|199|562|43679868|77722.1850533808|0
"291833107001"|0|1|1|0|0|0|0|1|1|1|0|0|0|1|0|16900|16900|16900|16900|9000|596|199|562|43679868|77722.1850533808|0
"291833108021"|0|1|0|0|0|0|0|1|1|0|0|1|1|0|0|NA|NA|NA|NA|NA|0|0|0|0|NA|0
"291833108022"|0|2|0|0|0|0|0|2|2|1|1|1|2|0|0|NA|NA|NA|NA|NA|0|0|0|0|NA|0
"291833113221"|0|1|0|0|0|0|0|1|1|1|1|0|0|1|0|4620|6480|NA|NA|NA|286|86|218|14895464|68327.8165137615|0
"291879504004"|0|1|0|0|0|0|0|1|1|1|1|0|0|1|0|4530|6090|NA|NA|7420|109|49|126|6656620|52830.3174603175|0
"291892111014"|0|1|0|0|0|0|0|1|1|1|0|0|1|0|0|11100|11100|NA|NA|5050|15|2|10|417800|41780|0
"291892111022"|0|1|0|0|0|0|0|1|1|1|0|0|1|0|0|11100|11100|NA|NA|5050|15|2|10|417800|41780|0
"291892113311"|0|0|1|0|0|0|0|1|1|1|0|0|1|0|0|NA|NA|7200|7200|NA|0|0|8|485078|60634.75|0
"291892118021"|0|1|0|0|0|0|0|1|1|0|0|1|1|0|0|NA|NA|NA|NA|NA|0|0|0|0|NA|0
"291892127001"|0|1|0|0|0|0|0|1|1|1|1|0|1|0|0|11668|11668|NA|NA|NA|0|0|0|0|NA|0
"291892127002"|0|1|0|0|0|0|0|1|1|1|1|0|1|0|0|11668|11668|NA|NA|NA|0|0|0|0|NA|0
"291892127005"|0|1|0|0|0|0|0|1|1|1|1|0|1|0|0|11668|11668|NA|NA|NA|0|0|0|0|NA|0
"291892132031"|0|1|0|0|0|0|0|1|1|1|1|0|0|0|1|4200|5940|NA|NA|NA|780|227|688|51327858|74604.4447674419|0
"291892133003"|0|1|0|0|0|0|0|1|1|1|1|0|1|0|0|NA|NA|NA|NA|NA|5|2|16|1021474|63842.125|0
"291892137002"|0|1|1|0|0|0|0|1|1|1|0|0|0|0|1|10491|27900|11436|28073|10140|933|367|814|67508378|82934.1253071253|0
"291892145002"|0|1|0|0|0|0|0|1|1|0|0|1|1|0|0|NA|NA|NA|NA|NA|0|0|0|0|NA|0
"291892149001"|0|1|0|0|0|0|0|1|0|0|0|0|0|0|0|NA|NA|NA|NA|NA|0|0|0|0|NA|0
"291892150011"|0|1|0|0|0|0|0|1|1|1|0|0|1|0|0|18900|18900|NA|NA|NA|31|5|30|2347762|78258.7333333333|0
"291892151021"|0|1|1|0|0|0|0|1|1|1|0|0|1|0|0|13356|13356|10560|10560|NA|0|0|0|0|NA|0
"291892151431"|0|1|1|0|0|0|0|1|1|1|0|0|1|0|0|9552|9552|16752|16752|NA|1|0|0|0|NA|0
"291892152011"|0|1|2|0|0|0|0|2|2|2|0|0|1|1|0|NA|NA|22671|22671|NA|231|114|182|11088256|132884.709856916|0
"291892152013"|0|1|2|0|0|0|0|2|2|2|0|0|1|1|0|NA|NA|22671|22671|NA|231|114|182|11088256|132884.709856916|0
"291892152024"|0|1|1|0|0|0|0|1|1|1|0|0|0|1|0|26070|26070|14346|14346|10088|303|78|312|24785762|79441.5448717949|0
"291892163001"|0|1|1|0|0|1|0|1|1|1|0|0|0|0|1|52400|52400|52400|52400|16440|3533|890|1968|272774800|138605.081300813|0
"291892163003"|0|1|2|0|0|0|0|2|2|2|0|0|1|1|0|NA|NA|40767|40767|NA|223|73|200|14700580|156544.593406593|0
"291892175002"|0|1|0|0|0|0|0|1|1|1|1|0|1|0|0|12760|12760|NA|NA|NA|0|0|0|0|NA|0
"291892175005"|0|1|0|0|0|0|0|1|1|0|0|1|1|0|0|NA|NA|NA|NA|NA|0|0|0|0|NA|0
"291892178421"|0|1|1|0|0|0|0|1|1|1|0|0|0|1|0|6600|6600|9900|9900|NA|146|29|94|7813500|83122.3404255319|0
"291892189001"|0|1|0|0|0|0|0|1|1|0|0|1|1|0|0|NA|NA|NA|NA|NA|0|0|0|0|NA|0
"291892192002"|0|1|2|0|0|0|0|2|2|2|0|0|1|0|1|NA|NA|31725|31725|NA|614|243|416|34277662|165455.34840871|0
"291892195001"|0|1|2|0|0|0|0|2|2|2|0|0|1|0|1|NA|NA|31725|31725|NA|614|243|416|34277662|165455.34840871|0
"291892196004"|0|1|1|0|0|0|0|1|1|1|0|0|1|0|0|20370|20370|24900|24900|11600|26|5|32|2072634|64769.8125|0
"291892207031"|0|1|0|0|0|0|0|1|1|0|0|1|1|0|0|NA|NA|NA|NA|NA|0|0|0|0|NA|0
"291892210004"|0|1|0|0|0|0|0|1|1|0|0|1|1|0|0|NA|NA|NA|NA|NA|0|0|0|0|NA|0
"291892212011"|0|1|0|0|0|0|0|1|0|0|0|1|1|0|0|NA|NA|NA|NA|NA|0|0|0|0|NA|0
"291892212012"|0|1|0|0|0|0|0|1|1|1|0|0|1|0|0|11896|11896|NA|NA|NA|0|0|0|0|NA|0
"291892214231"|0|2|0|0|0|0|0|2|2|2|1|0|2|0|0|NA|NA|NA|NA|NA|29|3|44|2083468|93430.1458333333|0
"291950903001"|0|1|0|0|0|0|0|1|1|0|0|1|1|0|0|NA|NA|NA|NA|NA|0|0|0|0|NA|0
"291950903002"|0|1|0|0|0|0|0|1|1|0|0|1|1|0|0|NA|NA|NA|NA|NA|0|0|0|0|NA|0
"291950903003"|0|1|0|0|0|0|0|1|1|0|0|1|1|0|0|NA|NA|NA|NA|NA|0|0|0|0|NA|0
"291950905001"|0|1|1|0|0|0|0|1|1|1|0|0|0|1|0|19300|19300|3600|3600|9150|107|37|182|8307678|45646.5824175824|0
"291950905003"|0|1|1|0|0|0|0|1|1|1|0|0|0|1|0|19300|19300|3600|3600|9150|107|37|182|8307678|45646.5824175824|0
"292017812005"|0|1|0|0|0|0|0|1|1|0|0|1|1|0|0|NA|NA|NA|NA|NA|0|0|0|0|NA|0
"292134805022"|0|1|0|0|0|0|0|1|1|1|0|0|0|1|0|18900|18900|NA|NA|7400|236|35|200|13143800|65719|0
"292154803003"|0|1|0|0|0|0|0|1|1|1|1|0|1|0|0|13538|13538|NA|NA|NA|7|2|6|319040|53173.3333333333|0
"292179503005"|0|2|0|0|0|0|0|2|2|1|0|1|2|0|0|NA|NA|NA|NA|NA|116|20|82|4805018|NA|0
"292179503006"|0|1|0|0|0|0|0|1|0|0|0|1|1|0|0|NA|NA|NA|NA|NA|0|0|0|0|NA|0
"292254702011"|0|1|0|0|0|0|0|1|1|0|0|1|1|0|0|NA|NA|NA|NA|NA|0|0|0|0|NA|0
"295101112001"|0|1|0|0|0|0|0|1|1|1|0|0|0|1|0|14232|14232|NA|NA|5200|79|11|182|11543732|63427.0989010989|0
"295101112002"|0|1|0|0|0|0|0|1|1|1|0|0|0|1|0|14232|14232|NA|NA|5200|79|11|182|11543732|63427.0989010989|0
"295101124003"|0|1|0|0|0|0|0|1|1|0|0|1|1|0|0|NA|NA|NA|NA|NA|0|0|0|0|NA|0
"295101184001"|0|1|0|1|0|0|0|1|1|1|0|0|0|1|0|4944|9576|NA|NA|9491|110|25|66|3060252|46367.4545454545|0
"295101186001"|0|1|2|0|0|0|0|2|2|2|0|0|1|1|0|NA|NA|NA|NA|NA|201|52|168|16643166|158707.693391116|0
"295101186002"|0|1|0|0|0|0|0|1|1|1|1|0|1|0|0|NA|NA|NA|NA|NA|19|3|20|563698|28184.9|0
"295101191012"|0|1|1|0|0|0|0|1|1|1|0|0|1|0|0|20002|20002|10842|10842|NA|65|10|104|8515526|81880.0576923077|0
"295101193002"|0|1|1|0|1|1|0|1|1|1|0|0|0|0|1|43160|43160|20340|20340|12290|1479|395|1398|130665616|93466.1058655222|0
"295101241001"|0|1|0|0|0|0|0|1|1|0|0|1|1|0|0|8500|8500|NA|NA|5935|0|0|0|0|NA|0
"295101255003"|0|1|0|0|0|0|0|1|1|1|0|0|1|0|0|12960|12960|NA|NA|NA|6|1|10|636500|63650|0
"295101256002"|0|1|0|0|0|0|0|1|1|1|1|0|1|0|0|12000|12000|NA|NA|NA|0|0|0|0|NA|0
"300010003003"|0|2|0|0|0|0|0|2|2|2|1|0|1|1|0|NA|NA|NA|NA|NA|123|44|144|8315326|101874.808823529|0
"300010003004"|0|2|0|0|0|0|0|2|2|2|1|0|1|1|0|NA|NA|NA|NA|NA|123|44|144|8315326|101874.808823529|0
"300030001004"|0|1|0|0|0|0|1|1|1|1|1|0|1|0|0|2600|2600|NA|NA|NA|54|11|52|963238|18523.8076923077|0
"300039404001"|0|1|0|0|0|0|1|1|1|1|1|0|1|0|0|2600|2600|NA|NA|NA|54|11|52|963238|18523.8076923077|0
"300039406002"|0|1|0|0|0|0|1|1|1|1|1|0|1|0|0|2600|2600|NA|NA|NA|54|11|52|963238|18523.8076923077|0
"300039407001"|0|1|0|0|0|0|1|1|1|1|1|0|1|0|0|2600|2600|NA|NA|NA|54|11|52|963238|18523.8076923077|0
"300059401001"|0|1|0|0|0|0|1|1|1|1|1|0|1|0|0|1740|1740|NA|NA|NA|34|5|26|1279932|49228.1538461538|0
"300059402001"|0|1|0|0|0|0|1|1|1|1|1|0|1|0|0|1740|1740|NA|NA|NA|34|5|26|1279932|49228.1538461538|0
"300130007002"|0|1|0|0|0|0|0|1|1|0|0|1|1|0|0|NA|NA|NA|NA|NA|0|0|0|0|NA|0
"300130021002"|0|1|0|0|0|0|0|1|1|1|1|0|0|1|0|2752|9644|NA|NA|NA|73|17|84|4307064|51274.5714285714|0
"300130021003"|0|1|0|0|0|0|0|1|1|1|1|0|0|1|0|2752|9644|NA|NA|NA|73|17|84|4307064|51274.5714285714|0
"300130021004"|0|1|1|0|0|0|0|1|1|1|0|0|0|1|0|24968|24968|15102|15102|9600|126|55|112|6154640|54952.1428571429|0
"300130022001"|0|1|0|0|0|0|0|1|1|0|0|1|1|0|0|NA|NA|NA|NA|NA|0|0|0|0|NA|0
"300150103004"|0|1|0|0|0|0|1|1|1|1|0|0|1|0|0|1820|1820|NA|NA|NA|50|6|20|759806|37990.3|0
"300179616001"|0|1|0|0|0|0|0|1|1|1|1|0|1|0|0|3930|7200|NA|NA|6750|45|16|46|2202566|47881.8695652174|0
"300210003004"|0|1|0|0|0|0|0|1|1|1|1|0|1|0|0|3630|6150|NA|NA|6075|34|5|26|1251086|48118.6923076923|0
"300230005002"|0|1|0|0|0|0|0|1|1|1|1|0|1|0|0|2624|8347|NA|NA|9656|0|0|0|0|NA|0
"300290008002"|0|1|0|0|0|0|0|1|1|1|1|0|0|1|0|4906|10674|NA|NA|7606|126|34|136|7666874|56374.0735294118|0
"300290008004"|0|1|0|0|0|0|0|1|1|1|1|0|0|1|0|4906|10674|NA|NA|7606|126|34|136|7666874|56374.0735294118|0
"300290009002"|0|1|0|0|0|0|0|1|1|1|1|0|0|1|0|4906|10674|NA|NA|7606|126|34|136|7666874|56374.0735294118|0
"300290010001"|0|1|0|0|0|0|0|1|1|0|0|1|1|0|0|NA|NA|NA|NA|NA|0|0|0|0|NA|0
"300310007012"|0|1|0|0|0|0|0|1|1|0|0|1|1|0|0|NA|NA|NA|NA|NA|0|0|0|0|NA|0
"300310007014"|0|1|0|0|0|0|0|1|1|0|0|1|1|0|0|NA|NA|NA|NA|NA|0|0|0|0|NA|0
"300310011012"|0|1|1|0|0|0|0|1|1|1|0|0|0|0|1|5654|23082|5089|18159|10100|1827|248|1178|96280692|81732.3361629881|0
"300310011013"|0|1|1|0|0|0|0|1|1|1|0|0|0|0|1|5654|23082|5089|18159|10100|1827|248|1178|96280692|81732.3361629881|0
"300310011021"|0|1|0|0|0|0|0|1|0|1|0|0|1|0|0|NA|NA|NA|NA|NA|0|0|0|0|NA|0
"300359402004"|0|1|0|0|0|0|1|1|1|1|1|0|1|0|0|2280|2280|NA|NA|10121|69|13|84|1604604|19102.4285714286|0
"300410404003"|0|1|1|0|0|0|0|1|1|1|0|0|0|1|0|4496|17096|5742|18686|6470|131|35|102|5516964|54087.8823529412|0
"300419403003"|0|1|0|0|0|0|1|1|1|1|0|0|1|0|0|1820|1820|NA|NA|NA|50|6|20|759806|37990.3|0
"300479404002"|0|1|0|0|0|0|1|1|1|1|0|0|1|0|0|5076|10260|NA|NA|7020|90|38|142|6207540|43715.0704225352|0
"300490008003"|0|1|1|0|0|0|0|1|1|1|0|0|0|1|0|34506|34506|15750|15750|9760|142|37|174|10078974|57925.1379310345|0
"300490009001"|0|1|0|0|0|0|0|1|1|1|1|0|0|1|0|2608|8350|NA|NA|NA|51|9|62|3234178|52164.1612903226|0
"300570002001"|0|1|0|0|0|0|0|1|1|1|1|0|1|0|0|2624|8347|NA|NA|9656|0|0|0|0|NA|0
"300630005001"|0|1|1|0|0|0|0|1|1|1|0|0|0|0|1|5347|22990|4716|19106|9544|1352|241|992|77887966|78516.0947580645|0
"300630005002"|0|1|1|0|0|0|0|1|1|1|0|0|0|0|1|5347|22990|4716|19106|9544|1352|241|992|77887966|78516.0947580645|0
"300810004023"|0|1|0|0|0|0|0|1|1|0|0|1|1|0|0|NA|NA|NA|NA|NA|0|0|0|0|NA|0
"300810005001"|0|1|0|0|0|0|0|1|1|0|0|1|1|0|0|NA|NA|NA|NA|NA|0|0|0|0|NA|0
"300810005002"|0|1|0|0|0|0|0|1|1|0|0|1|1|0|0|NA|NA|NA|NA|NA|0|0|0|0|NA|0
"300810005003"|0|1|0|0|0|0|0|1|1|0|0|1|1|0|0|NA|NA|NA|NA|NA|0|0|0|0|NA|0
"300810006001"|0|1|0|0|0|0|0|1|1|0|0|1|1|0|0|NA|NA|NA|NA|NA|0|0|0|0|NA|0
"300859400023"|0|1|0|0|0|0|1|1|1|1|1|0|1|0|0|1680|1680|NA|NA|NA|40|15|40|1798108|44952.7|0
"300859400024"|0|1|0|0|0|0|1|1|1|1|1|0|1|0|0|1680|1680|NA|NA|NA|40|15|40|1798108|44952.7|0
"300870002002"|0|1|0|0|0|0|1|1|1|1|1|0|1|0|0|1960|1960|NA|NA|NA|36|13|26|1348648|51871.0769230769|0
"300879404001"|0|1|0|0|0|0|1|1|1|1|1|0|1|0|0|1960|1960|NA|NA|NA|36|13|26|1348648|51871.0769230769|0
"300930001004"|0|1|0|0|0|0|0|1|1|0|0|1|1|0|0|NA|NA|NA|NA|NA|0|0|0|0|NA|0
"300930002004"|0|1|1|0|0|0|0|1|1|1|0|0|0|1|0|5707|20791|4706|18035|9656|293|54|286|19676430|68798.7062937063|0
"300930002005"|0|1|1|0|0|0|0|1|1|1|0|0|0|1|0|5707|20791|4706|18035|9656|293|54|286|19676430|68798.7062937063|0
"300930008001"|0|1|0|0|0|0|0|1|1|1|1|0|1|0|0|2624|8347|NA|NA|9656|0|0|0|0|NA|0
"300930008005"|0|1|0|0|0|0|0|1|1|1|1|0|1|0|0|2624|8347|NA|NA|9656|0|0|0|0|NA|0
"301110006001"|0|1|1|0|0|0|0|1|1|1|0|0|1|0|0|27982|27982|30552|30552|8330|134|53|126|7579272|60152.9523809524|0
"301110006002"|0|1|1|0|0|0|0|1|1|1|0|0|0|1|0|4485|17678|5598|18611|8006|290|101|306|17906162|58516.8692810458|0
"301110006003"|0|1|1|0|0|0|0|1|1|1|0|0|0|1|0|4485|17678|5598|18611|8006|290|101|306|17906162|58516.8692810458|0
"301110007043"|0|1|1|0|0|0|0|1|1|1|0|0|1|0|0|27982|27982|30552|30552|8330|134|53|126|7579272|60152.9523809524|0
"301110010001"|0|1|0|0|0|0|0|1|1|0|0|1|1|0|0|NA|NA|NA|NA|NA|0|0|0|0|NA|0
"310019656002"|0|1|1|0|0|0|0|1|1|1|0|0|0|1|0|28600|28600|9600|9600|9700|102|42|126|7490286|59446.7142857143|0
"310199696001"|0|1|1|0|0|0|0|1|1|1|0|0|0|1|0|5940|12930|5892|12930|10208|426|144|644|44139724|68539.9440993789|0
"310459507003"|0|1|1|0|0|0|0|1|1|1|0|0|0|1|0|4956|4984|3983|7965|7446|200|51|184|12026978|65364.0108695652|0
"310459507004"|0|1|1|0|0|0|0|1|1|1|0|0|0|1|0|4956|4984|3983|7965|7446|200|51|184|12026978|65364.0108695652|0
"310539641003"|0|1|0|0|0|0|0|1|1|0|0|1|1|0|0|NA|NA|NA|NA|NA|0|0|0|0|NA|0
"310539642004"|0|1|1|0|0|0|0|1|1|1|0|0|0|1|0|31998|31998|13951|13951|8600|162|61|78|4216256|54054.5641025641|0
"310550011003"|0|1|1|0|1|1|0|1|1|1|0|0|0|1|0|38200|38200|15660|15660|11036|1110|265|1120|110921784|99037.3071428571|0
"310550016002"|0|1|1|0|1|1|0|1|1|1|0|0|0|1|0|38200|38200|15660|15660|11036|1110|265|1120|110921784|99037.3071428571|0
"310550043001"|0|2|2|0|1|1|0|2|2|2|0|0|0|2|0|23628|41778|19485|35739|NA|1649|366|724|72054596|178129.020096945|0
"310550046003"|0|1|1|0|0|0|0|1|1|1|0|0|0|1|0|20350|20350|8442|8442|7700|105|30|144|10245156|71146.9166666667|0
"310550061025"|0|1|0|0|0|0|0|1|1|1|1|0|0|0|1|2880|4320|NA|NA|NA|580|229|492|36490304|74167.2845528455|0
"310550062021"|0|1|0|0|0|0|0|1|1|1|1|0|1|0|0|10366|10366|NA|NA|NA|2|0|4|160000|40000|0
"310550062022"|0|1|0|0|0|0|0|1|1|1|1|0|1|0|0|10366|10366|NA|NA|NA|2|0|4|160000|40000|0
"310550065051"|0|1|0|0|0|0|0|1|1|1|1|0|1|0|0|6250|6250|NA|NA|NA|0|0|6|422000|70333.3333333333|0
"310550065052"|0|1|0|0|0|0|0|1|1|1|1|0|1|0|0|6250|6250|NA|NA|NA|0|0|6|422000|70333.3333333333|0
"310550066024"|0|1|1|0|0|0|0|1|1|1|0|0|0|1|0|15349|15349|12727|12727|9586|66|12|124|7943448|64060.064516129|0
"310550070011"|0|1|1|0|0|0|0|1|1|1|0|0|0|1|0|20350|20350|8442|8442|7700|105|30|144|10245156|71146.9166666667|0
"310550073112"|0|1|1|0|0|0|0|1|1|1|0|0|1|0|0|13356|13356|10560|10560|NA|4|1|8|574480|71810|0
"310550074333"|0|1|0|0|0|0|0|1|1|1|0|0|1|0|0|25600|25600|NA|NA|NA|5|0|4|288016|72004|0
"310550074563"|0|1|0|0|0|0|0|1|1|0|0|1|1|0|0|NA|NA|NA|NA|NA|0|0|0|0|NA|0
"310550074571"|0|1|0|0|0|0|0|1|1|0|0|1|1|0|0|NA|NA|NA|NA|NA|0|0|0|0|NA|0
"310550074675"|0|1|0|0|0|0|0|1|1|0|0|1|1|0|0|NA|NA|NA|NA|NA|0|0|0|0|NA|0
"310639611001"|0|1|0|0|0|0|0|1|1|1|1|0|1|0|0|4335|4335|NA|NA|7922|35|3|28|2055430|73408.2142857143|0
"310639611003"|0|1|0|0|0|0|0|1|1|1|1|0|1|0|0|4335|4335|NA|NA|7922|35|3|28|2055430|73408.2142857143|0
"310790012001"|0|1|0|0|0|0|0|1|1|1|1|0|0|1|0|2640|3960|NA|NA|6622|318|115|342|19935282|58290.298245614|0
"311090002023"|0|1|1|0|0|0|0|1|1|1|0|0|0|1|0|33252|33252|4805|4805|9622|168|55|214|13176002|61570.1028037383|0
"311090006001"|0|1|1|0|0|0|0|1|1|1|0|0|0|0|1|7350|23146|5818|16654|11430|4745|1085|2602|274874298|105639.622598002|0
"311090006002"|0|1|1|0|0|0|0|1|1|1|0|0|0|0|1|7350|23146|5818|16654|11430|4745|1085|2602|274874298|105639.622598002|0
"311090009003"|0|1|1|0|0|0|0|1|1|0|0|0|0|0|0|NA|NA|NA|NA|NA|385|71|0|0|NA|0
"311090009004"|0|1|1|0|0|0|0|1|1|0|0|0|0|0|0|NA|NA|NA|NA|NA|385|71|0|0|NA|0
"311090010021"|0|1|1|0|0|0|0|1|1|1|0|0|0|1|0|11150|11150|7148|7148|NA|48|14|30|2097038|69901.2666666667|0
"311090013011"|0|2|0|0|0|0|0|2|2|1|1|1|1|1|0|NA|NA|NA|NA|NA|345|90|718|47011112|NA|0
"311090013012"|0|1|0|0|0|0|0|1|1|0|0|1|1|0|0|NA|NA|NA|NA|NA|0|0|0|0|NA|0
"311090013013"|0|1|0|0|0|0|0|1|1|1|1|0|0|1|0|3038|3668|NA|NA|5700|345|90|718|47011112|65475.0863509749|0
"311090015001"|0|1|1|0|1|0|0|1|1|1|0|0|1|0|0|15633|15633|22022|22022|NA|31|9|78|6143812|78766.8205128205|0
"311090017005"|0|1|1|0|0|0|0|1|1|1|0|0|1|0|0|13356|13356|10560|10560|NA|4|2|12|816670|68055.8333333333|0
"311090017006"|0|1|1|0|0|0|0|1|1|1|0|0|1|0|0|13356|13356|10560|10560|NA|4|2|12|816670|68055.8333333333|0
"311090019001"|0|1|0|0|0|0|0|1|1|0|0|1|1|0|0|NA|NA|NA|NA|NA|0|0|0|0|NA|0
"311090027011"|0|1|1|0|0|0|0|1|1|1|0|0|1|0|0|22680|22680|25440|25440|7300|97|24|124|7430688|59924.9032258065|0
"311090027013"|0|1|1|0|0|0|0|1|1|1|0|0|1|0|0|22680|22680|25440|25440|7300|97|24|124|7430688|59924.9032258065|0
"311090037062"|0|1|0|0|0|0|0|1|1|1|1|0|1|0|0|15950|15950|NA|NA|NA|1|0|0|0|NA|0
"311090037063"|0|1|0|0|0|0|0|1|1|1|1|0|1|0|0|15950|15950|NA|NA|NA|1|0|0|0|NA|0
"311090037073"|0|1|0|0|0|0|0|1|1|0|0|1|1|0|0|NA|NA|NA|NA|NA|0|0|0|0|NA|0
"311090037191"|0|1|0|0|0|0|0|1|1|0|0|1|1|0|0|NA|NA|NA|NA|NA|0|0|0|0|NA|0
"311119605003"|0|1|0|0|0|0|0|1|1|1|1|0|0|1|0|2760|3600|NA|NA|6400|125|16|132|7897604|59830.3333333333|0
"311199606001"|0|1|0|0|0|0|0|1|1|1|1|0|0|1|0|2880|4035|NA|NA|8605|243|89|254|14435682|56833.3937007874|0
"311279681001"|0|1|1|0|0|0|0|1|1|1|0|0|0|1|0|5310|5310|8670|8670|8640|122|46|106|6612952|62386.3396226415|0
"311279681004"|0|1|1|0|0|0|0|1|1|1|0|0|0|1|0|5310|5310|8670|8670|8640|122|46|106|6612952|62386.3396226415|0
"311519606004"|0|1|0|0|0|0|0|1|1|1|0|0|0|1|0|33000|33000|NA|NA|9400|189|69|170|10464452|61555.6|0
"311530101053"|0|1|1|0|0|0|0|1|1|1|0|0|0|1|0|7152|7152|10350|10350|8724|455|92|172|11662660|67806.1627906977|0
"311530102031"|0|1|0|0|0|0|0|1|1|1|0|0|1|0|0|15000|15000|NA|NA|NA|1|0|4|206000|51500|0
"311530102032"|0|1|0|0|0|0|0|1|1|1|0|0|1|0|0|15000|15000|NA|NA|NA|1|0|4|206000|51500|0
"311530102033"|0|1|0|0|0|0|0|1|1|1|0|0|1|0|0|15000|15000|NA|NA|NA|1|0|4|206000|51500|0
"311530107021"|0|1|0|0|0|0|0|1|1|1|0|0|1|0|0|17350|17350|NA|NA|9390|15|2|12|521588|43465.6666666667|0
"311530107024"|0|1|0|0|0|0|0|1|1|1|0|0|1|0|0|17350|17350|NA|NA|9390|15|2|12|521588|43465.6666666667|0
"311579534002"|0|1|0|0|0|0|0|1|1|1|1|0|0|1|0|2400|2508|NA|NA|6766|124|57|140|8694914|62106.5285714286|0
"311579539005"|0|1|0|0|0|0|0|1|1|1|0|0|1|0|0|6240|6240|NA|NA|3840|8|3|4|164720|41180|0
"311599603003"|0|1|1|0|0|0|0|1|1|1|0|0|0|1|0|31620|31620|9250|9250|8470|123|46|120|6899668|57497.2333333333|0
"311679622001"|0|1|0|0|0|0|0|1|1|1|1|0|0|1|0|2880|4035|NA|NA|8605|243|89|254|14435682|56833.3937007874|0
"311679622004"|0|1|0|0|0|0|0|1|1|1|1|0|0|1|0|2880|4035|NA|NA|8605|243|89|254|14435682|56833.3937007874|0
"311739401004"|0|1|0|0|0|0|1|1|1|1|1|0|1|0|0|4080|4080|NA|NA|NA|27|1|24|976000|40666.6666666667|0
"311739402001"|0|1|0|0|0|0|1|1|1|1|1|0|1|0|0|4050|4050|NA|NA|7000|41|8|12|699096|58258|0
"311799787006"|0|1|1|0|0|0|0|1|1|1|0|0|0|1|0|5310|10620|3983|7965|7800|243|76|234|15577052|66568.5982905983|0
"311859697004"|0|1|1|0|0|0|0|1|1|1|0|0|1|0|0|19110|19110|4500|4500|7220|62|21|58|2707852|46687.1034482759|0
"320030002033"|0|1|0|0|0|0|0|1|1|0|0|1|1|0|0|NA|NA|NA|NA|NA|0|0|0|0|NA|0
"320030002042"|0|1|0|0|0|0|0|1|1|1|0|0|1|0|0|18880|18880|NA|NA|NA|19|12|18|1595000|88611.1111111111|0
"320030003021"|0|1|0|0|0|0|0|1|1|0|0|1|1|0|0|NA|NA|NA|NA|NA|0|0|0|0|NA|0
"320030010032"|0|1|0|0|0|0|0|1|1|0|0|1|1|0|0|NA|NA|NA|NA|NA|0|0|0|0|NA|0
"320030011001"|0|1|0|0|0|0|0|1|1|1|0|0|1|0|0|18880|18880|NA|NA|NA|19|12|18|1595000|88611.1111111111|0
"320030011003"|0|1|0|0|0|0|0|1|1|1|0|0|1|0|0|18880|18880|NA|NA|NA|19|12|18|1595000|88611.1111111111|0
"320030017111"|0|1|0|0|0|0|0|1|1|1|1|0|1|0|0|NA|NA|NA|NA|NA|24|12|58|3803938|65585.1379310345|0
"320030017112"|0|2|0|0|0|0|0|2|2|0|0|2|2|0|0|NA|NA|NA|NA|NA|0|0|0|0|NA|0
"320030022013"|0|1|0|0|0|0|0|1|1|1|1|0|1|0|0|NA|NA|NA|NA|NA|0|0|0|0|NA|0
"320030026031"|0|1|1|0|0|1|0|1|1|1|0|0|0|0|1|7169|22316|5252|19724|10780|2423|641|2010|204784942|101883.055721393|0
"320030026033"|0|1|1|0|0|1|0|1|1|1|0|0|0|0|1|7169|22316|5252|19724|10780|2423|641|2010|204784942|101883.055721393|0
"320030028111"|0|1|0|0|0|0|0|1|1|0|0|1|1|0|0|NA|NA|NA|NA|NA|0|0|0|0|NA|0
"320030029054"|0|1|0|0|0|0|0|1|1|1|0|0|0|0|1|2963|9876|NA|NA|NA|668|297|1030|75523810|73324.0873786408|0
"320030029621"|0|1|0|0|0|0|0|1|1|0|0|1|1|0|0|NA|NA|NA|NA|NA|0|0|0|0|NA|0
"320030032223"|0|1|0|0|0|0|0|1|1|1|0|0|1|0|0|18900|18900|NA|NA|NA|18|3|18|1747350|97075|0
"320030032531"|0|1|0|0|0|0|0|1|1|0|0|1|1|0|0|NA|NA|NA|NA|NA|0|0|0|0|NA|0
"320030034142"|0|1|0|0|0|0|0|1|1|1|1|0|1|0|0|NA|NA|NA|NA|NA|12|2|6|252000|42000|0
"320030034151"|0|1|0|0|0|0|0|1|1|1|1|0|0|1|0|NA|NA|NA|NA|NA|56|15|64|3126956|48858.6875|0
"320030051013"|0|1|1|0|0|1|0|1|1|1|0|0|0|1|0|33667|33667|27612|27612|NA|215|54|254|28263222|111272.527559055|0
"320030051052"|0|1|1|0|0|1|0|1|1|1|0|0|0|1|0|9000|9000|40680|40680|NA|136|50|62|6652856|107304.129032258|0
"320030053153"|0|1|0|0|0|0|0|1|1|1|1|0|1|0|0|13868|13868|NA|NA|NA|10|1|10|1e+06|1e+05|0
"320030053173"|0|1|0|0|0|0|0|1|1|1|0|0|1|0|0|17316|17316|NA|NA|NA|22|14|8|497142|62142.75|0
"320030053192"|0|0|1|0|1|0|0|1|1|1|0|0|1|0|0|NA|NA|6480|6480|NA|14|2|0|0|NA|0
"320030053221"|0|1|0|0|0|0|0|1|1|0|0|1|1|0|0|NA|NA|NA|NA|NA|0|0|0|0|NA|0
"320030053492"|0|1|1|0|0|0|0|1|1|1|0|0|1|0|0|14531|14531|16852|16852|NA|8|0|0|0|NA|0
"320030053501"|0|1|1|0|0|0|0|1|1|1|0|0|1|0|0|14531|14531|16852|16852|NA|8|0|0|0|NA|0
"320030053531"|0|1|0|0|0|0|0|1|1|1|1|0|1|0|0|13868|13868|NA|NA|NA|10|1|10|1e+06|1e+05|0
"320030053541"|0|1|1|0|0|1|0|1|1|1|0|0|0|1|0|9000|9000|40680|40680|NA|136|50|62|6652856|107304.129032258|0
"320030053581"|0|1|0|0|0|0|0|1|1|1|0|0|0|1|0|4710|16730|NA|NA|NA|146|72|162|11871568|73281.2839506173|0
"320030053582"|0|1|0|0|0|0|0|1|1|1|0|0|0|1|0|4710|16730|NA|NA|NA|146|72|162|11871568|73281.2839506173|0
"320030053592"|0|1|0|0|0|0|0|1|1|1|0|0|0|1|0|4710|16730|NA|NA|NA|146|72|162|11871568|73281.2839506173|0
"320030053601"|0|1|0|0|0|0|0|1|1|1|0|0|0|1|0|4710|16730|NA|NA|NA|146|72|162|11871568|73281.2839506173|0
"320030053602"|0|1|0|0|0|0|0|1|1|1|0|0|0|1|0|4710|16730|NA|NA|NA|146|72|162|11871568|73281.2839506173|0
"320030054392"|0|1|1|0|0|1|0|1|1|1|0|0|0|1|0|9000|9000|40680|40680|NA|136|50|62|6652856|107304.129032258|0
"320030055013"|0|1|0|0|0|0|0|1|1|1|0|0|0|1|0|4710|16730|NA|NA|NA|146|72|162|11871568|73281.2839506173|0
"320030057111"|0|1|0|0|0|0|0|1|1|1|0|0|0|1|0|4710|16730|NA|NA|NA|146|72|162|11871568|73281.2839506173|0
"320030057121"|0|1|0|0|0|0|0|1|1|1|0|0|0|1|0|4710|16730|NA|NA|NA|146|72|162|11871568|73281.2839506173|0
"320030057131"|0|1|0|0|0|0|0|1|1|1|0|0|0|1|0|4710|16730|NA|NA|NA|146|72|162|11871568|73281.2839506173|0
"320030057152"|0|1|0|0|0|0|0|1|1|1|0|0|0|1|0|4710|16730|NA|NA|NA|146|72|162|11871568|73281.2839506173|0
"320030057153"|0|1|0|0|0|0|0|1|1|1|0|0|0|1|0|4710|16730|NA|NA|NA|146|72|162|11871568|73281.2839506173|0
"320030057163"|0|1|0|0|0|0|0|1|1|1|0|0|0|1|0|4710|16730|NA|NA|NA|146|72|162|11871568|73281.2839506173|0
"320030058044"|0|2|0|0|0|0|0|2|2|0|0|2|2|0|0|NA|NA|NA|NA|NA|0|0|0|0|NA|0
"320030058452"|0|1|1|0|0|0|0|1|1|1|0|0|1|0|0|9552|9552|16752|16752|NA|10|2|0|0|NA|0
"320030069001"|0|2|0|0|0|0|0|2|2|1|1|1|2|0|0|NA|NA|NA|NA|NA|12|0|8|564146|NA|0
"320079508001"|0|1|0|0|0|0|0|1|1|1|0|0|0|1|0|2963|9711|NA|NA|6000|118|31|142|10261772|72266|0
"320079508002"|0|1|0|0|0|0|0|1|1|1|0|0|0|1|0|2963|9711|NA|NA|6000|118|31|142|10261772|72266|0
"320310001021"|0|1|0|0|0|0|0|1|1|0|0|1|1|0|0|NA|NA|NA|NA|NA|0|0|0|0|NA|0
"320310002012"|0|1|0|0|0|0|0|1|1|0|0|1|1|0|0|NA|NA|NA|NA|NA|0|0|0|0|NA|0
"320310010121"|0|1|0|0|0|0|0|1|1|1|1|0|1|0|0|NA|NA|NA|NA|NA|9|1|24|2103670|87652.9166666667|0
"320310015023"|0|2|2|0|0|1|0|2|2|1|0|0|0|0|1|NA|NA|NA|NA|NA|2150|599|1590|147763856|NA|0
"320310021071"|0|1|0|0|0|0|0|1|1|0|0|1|1|0|0|NA|NA|NA|NA|NA|0|0|0|0|NA|0
"320310021072"|0|1|0|0|0|0|0|1|1|0|0|1|1|0|0|NA|NA|NA|NA|NA|0|0|0|0|NA|0
"320310022111"|0|2|0|0|0|0|0|2|1|0|0|2|2|0|0|NA|NA|NA|NA|NA|0|0|0|0|NA|0
"320310027032"|0|1|0|0|0|0|0|1|1|1|0|0|0|0|1|2588|9501|NA|NA|NA|290|104|316|23644456|74824.2278481013|0
"320310031011"|0|1|0|0|0|0|0|1|1|1|1|0|1|0|0|NA|NA|NA|NA|NA|23|0|58|2707614|46683|0
"320310031013"|0|1|0|0|0|0|0|1|1|0|0|1|1|0|0|NA|NA|NA|NA|NA|0|0|0|0|NA|0
"320310033071"|0|1|1|0|0|0|0|1|1|1|0|0|1|0|0|33158|33158|18536|18536|13357|56|20|72|4561426|63353.1388888889|0
"325100003003"|0|1|0|0|0|0|0|1|1|1|0|0|0|1|0|2963|9876|NA|NA|NA|118|29|104|7340192|70578.7692307692|0
"330019660001"|0|1|0|0|0|0|0|1|1|1|1|0|1|0|0|6880|15680|NA|NA|10124|28|5|52|3498778|67284.1923076923|0
"330019660003"|0|1|0|0|0|0|0|1|1|0|0|1|1|0|0|NA|NA|NA|NA|NA|0|0|0|0|NA|0
"330059705002"|0|1|1|0|0|0|0|1|1|1|0|0|0|1|0|33900|33900|16000|16000|13345|192|73|184|13013316|70724.5434782609|0
"330059706001"|0|1|1|0|0|0|0|1|1|1|0|0|0|1|0|33900|33900|16000|16000|13345|192|73|184|13013316|70724.5434782609|0
"330059714012"|0|1|1|0|0|0|0|1|1|1|0|0|0|1|0|11468|20432|9540|10440|11026|271|86|376|31577080|83981.5957446808|0
"330059714021"|0|0|1|0|0|0|0|1|1|1|0|0|1|0|0|NA|NA|22100|22100|NA|31|9|108|6561614|60755.6851851852|0
"330059714023"|0|1|0|0|0|0|0|1|1|0|0|1|1|0|0|NA|NA|NA|NA|NA|0|0|0|0|NA|0
"330079506001"|0|1|0|0|0|0|0|1|1|1|1|0|1|0|0|6880|15680|NA|NA|NA|25|2|44|2677136|60844|0
"330099610001"|0|1|1|0|0|0|0|1|1|1|0|0|0|1|0|11580|20250|9450|10890|11300|332|106|398|31739340|79747.0854271357|0
"330099616024"|0|1|1|0|0|1|0|1|1|1|0|0|0|1|0|53496|53496|53496|53496|15756|2496|680|1182|176152136|149028.879864636|0
"330099617002"|0|0|1|0|0|0|0|1|1|0|0|1|1|0|0|NA|NA|16680|16680|NA|0|0|0|0|NA|0
"330099618002"|0|0|1|0|0|0|0|1|1|0|0|1|1|0|0|NA|NA|16680|16680|NA|0|0|0|0|NA|0
"330099618005"|0|1|0|0|0|0|0|1|1|0|0|1|1|0|0|NA|NA|NA|NA|NA|0|0|0|0|NA|0
"330110002032"|0|1|0|0|0|0|0|1|1|1|1|0|0|1|0|6880|15680|NA|NA|NA|57|6|100|6852160|68521.6|0
"330110009023"|0|1|1|0|0|0|0|1|1|1|0|0|0|0|1|30756|30756|18810|18810|13120|2804|1426|328|26431826|80584.8353658537|0
"330110014001"|0|1|1|0|0|0|0|1|1|1|0|0|1|0|0|25590|25590|14370|14370|11460|38|8|42|2406282|57292.4285714286|0
"330110019002"|0|1|0|0|0|0|0|1|1|1|0|0|1|0|0|14780|30150|13840|15220|11200|49|20|80|6921940|86524.25|0
"330110023001"|0|2|0|0|0|0|0|2|2|0|0|2|2|0|0|NA|NA|NA|NA|NA|0|0|0|0|NA|0
"330110023002"|0|1|0|0|0|0|0|1|1|0|0|1|1|0|0|NA|NA|NA|NA|NA|0|0|0|0|NA|0
"330110028004"|0|1|0|0|0|0|0|1|1|1|0|0|0|1|0|39900|39900|NA|NA|14500|403|90|310|24835388|80114.1548387097|0
"330110029022"|0|1|0|0|0|0|0|1|1|0|0|1|1|0|0|NA|NA|NA|NA|NA|0|0|0|0|NA|0
"330110101003"|0|2|0|0|0|0|0|2|2|1|0|1|2|0|0|NA|NA|NA|NA|NA|12|7|12|847862|NA|0
"330110101004"|0|2|0|0|0|0|0|2|2|1|0|1|2|0|0|NA|NA|NA|NA|NA|12|7|12|847862|NA|0
"330110102001"|0|1|0|0|0|0|0|1|1|1|1|0|0|1|0|6880|15680|NA|NA|NA|45|6|62|4270160|68873.5483870968|0
"330110109002"|0|1|0|0|0|0|0|1|1|1|1|0|1|0|0|20750|20750|NA|NA|NA|9|3|24|1972704|82196|0
"330110110002"|0|1|1|0|0|0|0|1|1|1|0|0|0|1|0|31040|31040|10710|10710|13126|175|30|128|8952138|69938.578125|0
"330110110003"|0|1|1|0|0|0|0|1|1|1|0|0|0|1|0|31040|31040|10710|10710|13126|175|30|128|8952138|69938.578125|0
"330110122002"|0|1|0|0|0|0|0|1|1|0|0|1|1|0|0|NA|NA|NA|NA|NA|0|0|0|0|NA|0
"330110122005"|0|1|0|0|0|0|0|1|1|0|0|1|1|0|0|NA|NA|NA|NA|NA|0|0|0|0|NA|0
"330110141004"|0|2|0|0|0|0|0|2|2|1|0|1|2|0|0|NA|NA|NA|NA|NA|12|7|12|847862|NA|0
"330110143003"|0|1|0|0|0|0|0|1|1|1|1|0|0|1|0|6880|15680|NA|NA|NA|45|6|62|4270160|68873.5483870968|0
"330110225001"|0|1|1|0|0|0|0|1|1|1|0|0|0|1|0|33900|33900|16000|16000|13345|192|73|184|13013316|70724.5434782609|0
"330110225003"|0|1|1|0|0|0|0|1|1|1|0|0|0|1|0|33900|33900|16000|16000|13345|192|73|184|13013316|70724.5434782609|0
"330112004001"|0|2|0|0|0|0|0|2|2|0|0|2|2|0|0|NA|NA|NA|NA|NA|0|0|0|0|NA|0
"330112004002"|0|1|0|0|0|0|0|1|1|1|0|0|1|0|0|14780|30150|13840|15220|11200|49|20|80|6921940|86524.25|0
"330130030012"|0|2|1|0|0|0|0|2|2|1|0|1|1|0|1|NA|NA|NA|NA|NA|2804|1426|328|26431826|NA|0
"330130030013"|0|1|0|0|0|0|0|1|1|0|0|1|1|0|0|NA|NA|NA|NA|NA|0|0|0|0|NA|0
"330130030061"|0|2|1|0|0|0|0|2|2|1|0|1|1|0|1|NA|NA|NA|NA|NA|2804|1426|328|26431826|NA|0
"330130322002"|0|1|1|0|0|0|0|1|1|1|0|0|0|1|0|7536|8520|8610|9435|NA|95|25|30|1899460|63315.3333333333|0
"330130324001"|0|1|0|0|0|0|0|1|1|1|1|0|0|1|0|6880|15680|NA|NA|8806|106|13|174|12829898|73735.0459770115|0
"330130324002"|0|1|0|0|0|0|0|1|1|1|1|0|0|1|0|6880|15680|NA|NA|8806|106|13|174|12829898|73735.0459770115|0
"330130324004"|0|0|1|0|0|0|0|1|1|1|0|0|1|0|0|NA|NA|33720|37520|NA|30|14|52|6052320|116390.769230769|0
"330130385001"|0|1|0|0|0|0|0|1|1|1|0|0|1|0|0|23400|23400|NA|NA|8000|10|2|10|578000|57800|0
"330130385002"|0|1|0|0|0|0|0|1|1|1|0|0|1|0|0|23400|23400|NA|NA|8000|10|2|10|578000|57800|0
"330130385003"|0|1|0|0|0|0|0|1|1|1|0|0|1|0|0|23400|23400|NA|NA|8000|10|2|10|578000|57800|0
"330130400002"|0|1|1|0|0|0|0|1|1|1|0|0|0|1|0|24452|24452|13560|13560|14222|194|79|98|6429920|65611.4285714286|0
"330130405001"|0|2|1|0|0|0|0|2|2|2|0|0|2|0|0|64250|64250|NA|NA|22264|179|53|128|8220300|122565.254237288|0
"330130410001"|0|1|1|0|0|0|0|1|1|1|0|0|1|0|0|40850|40850|3450|3450|14264|169|51|118|7642300|64765.2542372881|0
"330130410002"|0|1|1|0|0|0|0|1|1|1|0|0|1|0|0|40850|40850|3450|3450|14264|169|51|118|7642300|64765.2542372881|0
"330130425003"|0|1|0|0|0|0|0|1|1|1|0|0|1|0|0|23400|23400|NA|NA|8000|10|2|10|578000|57800|0
"330130441003"|0|1|1|0|0|0|0|1|1|0|0|0|0|0|0|NA|NA|NA|NA|NA|77|19|0|0|NA|0
"330150691001"|0|1|0|0|0|0|0|1|1|0|0|1|1|0|0|NA|NA|NA|NA|NA|0|0|0|0|NA|0
"330150691003"|0|1|0|0|0|0|0|1|1|0|0|1|1|0|0|NA|NA|NA|NA|NA|0|0|0|0|NA|0
"330151072003"|0|1|0|0|0|0|0|1|1|0|0|1|1|0|0|NA|NA|NA|NA|NA|0|0|0|0|NA|0
"330151074001"|0|1|0|0|0|0|0|1|1|1|1|0|0|1|0|6880|15680|NA|NA|NA|56|8|70|4778492|68264.1714285714|0
"330151074002"|0|1|0|0|0|0|0|1|1|1|1|0|0|1|0|6880|15680|NA|NA|NA|56|8|70|4778492|68264.1714285714|0
"330151075001"|0|1|0|0|0|0|0|1|1|1|1|0|0|1|0|6880|15680|NA|NA|NA|56|8|70|4778492|68264.1714285714|0
"330170802031"|0|1|1|0|0|0|0|1|1|1|0|0|0|0|1|15140|30520|13840|27130|11580|2021|519|1260|135579200|107602.53968254|0
"330170830022"|0|1|0|0|0|0|0|1|1|0|0|1|1|0|0|NA|NA|NA|NA|NA|0|0|0|0|NA|0
"330170830023"|0|1|0|0|0|0|0|1|1|0|0|1|1|0|0|NA|NA|NA|NA|NA|0|0|0|0|NA|0
"330199759011"|0|1|0|0|0|0|0|1|1|1|1|0|1|0|0|6880|15680|NA|NA|NA|26|4|44|2777098|63115.8636363636|0
"340010013002"|0|1|0|0|0|0|0|1|1|0|0|1|1|0|0|NA|NA|NA|NA|NA|0|0|0|0|NA|0
"340010105034"|0|1|1|0|0|0|0|1|1|1|0|0|0|1|0|8862|15989|11226|17282|12282|884|329|686|65021962|94784.2011661808|0
"340010114031"|0|1|0|0|0|0|0|1|1|1|1|0|0|1|0|5442|6942|NA|NA|NA|183|46|142|9687508|68221.8873239437|0
"340010114032"|0|1|0|0|0|0|0|1|1|1|1|0|0|1|0|5442|6942|NA|NA|NA|183|46|142|9687508|68221.8873239437|0
"340010117013"|0|1|0|0|0|0|0|1|1|0|0|1|1|0|0|NA|NA|NA|NA|NA|0|0|0|0|NA|0
"340010120002"|0|1|0|0|0|0|0|1|1|0|0|1|1|0|0|NA|NA|NA|NA|NA|0|0|0|0|NA|0
"340010123022"|0|1|0|0|0|0|0|1|1|0|0|1|1|0|0|NA|NA|NA|NA|NA|0|0|0|0|NA|0
"340010125021"|0|1|0|0|0|0|0|1|1|0|0|1|1|0|0|NA|NA|NA|NA|NA|0|0|0|0|NA|0
"340010125022"|0|1|0|0|0|0|0|1|1|0|0|1|1|0|0|NA|NA|NA|NA|NA|0|0|0|0|NA|0
"340019834001"|0|1|1|0|0|0|0|1|1|1|0|0|0|1|0|8862|15989|11226|17282|12282|884|329|686|65021962|94784.2011661808|0
"340030231001"|0|2|1|0|0|0|0|2|2|1|0|1|1|1|0|NA|NA|NA|NA|NA|461|149|342|29376848|NA|0
"340030231002"|0|2|0|0|0|0|0|2|2|1|1|1|2|0|0|NA|NA|NA|NA|NA|32|7|34|1294276|NA|0
"340030236013"|0|2|0|0|0|0|0|2|2|1|1|1|1|1|0|NA|NA|NA|NA|NA|105|6|192|14817596|NA|0
"340030302005"|0|1|1|0|0|0|0|1|1|1|0|0|0|1|0|31920|31920|18720|18720|12880|157|69|160|12026888|75168.05|0
"340030303005"|0|1|1|0|0|0|0|1|1|1|0|0|0|1|0|31920|31920|18720|18720|12880|157|69|160|12026888|75168.05|0
"340030321033"|0|1|0|0|0|0|0|1|1|0|0|1|1|0|0|NA|NA|NA|NA|NA|0|0|0|0|NA|0
"340030321042"|0|1|1|0|0|0|0|1|1|1|0|0|0|1|0|11902|21243|16948|16948|12450|472|169|432|45388130|105065.115740741|0
"340030322012"|0|1|0|0|0|0|0|1|1|0|0|1|1|0|0|NA|NA|NA|NA|NA|0|0|0|0|NA|0
"340030361001"|0|3|0|0|0|0|0|3|3|1|1|2|2|1|0|NA|NA|NA|NA|NA|105|6|192|14817596|NA|0
"340030362002"|0|1|0|0|0|0|0|1|1|0|0|1|1|0|0|NA|NA|NA|NA|NA|0|0|0|0|NA|0
"340030423011"|0|1|0|0|0|0|0|1|1|1|1|0|0|0|1|7116|7488|NA|NA|NA|424|127|448|35878308|80085.5089285714|0
"340030423021"|0|1|0|0|0|0|0|1|1|0|0|1|1|0|0|NA|NA|NA|NA|NA|0|0|0|0|NA|0
"340030423023"|0|2|0|0|0|0|0|2|2|1|1|1|1|0|1|NA|NA|NA|NA|NA|424|127|448|35878308|NA|0
"340030424003"|0|1|0|0|0|0|0|1|1|1|1|0|0|0|1|7116|7488|NA|NA|NA|424|127|448|35878308|80085.5089285714|0
"340030425001"|0|2|0|0|0|0|0|2|2|0|0|2|2|0|0|NA|NA|NA|NA|NA|0|0|0|0|NA|0
"340030442011"|0|1|0|0|0|0|0|1|1|1|0|0|1|0|0|13145|13145|NA|NA|NA|49|11|30|1427192|47573.0666666667|0
"340030532005"|0|1|0|0|0|0|0|1|1|1|0|0|1|0|0|13145|13145|NA|NA|NA|49|11|30|1427192|47573.0666666667|0
"340030543003"|0|1|0|0|0|0|0|1|1|0|0|1|1|0|0|NA|NA|NA|NA|NA|0|0|0|0|NA|0
"340030544003"|0|1|1|0|0|0|0|1|1|1|0|0|0|1|0|39686|39686|22896|22896|13370|461|149|342|29376848|85897.216374269|0
"340030544004"|0|2|0|0|0|0|0|2|2|1|1|1|2|0|0|NA|NA|NA|NA|NA|32|7|34|1294276|NA|0
"340030545004"|0|1|0|0|0|0|0|1|1|0|0|1|1|0|0|21672|21672|NA|NA|NA|0|0|0|0|NA|0
"340057005011"|0|1|0|0|0|0|0|1|1|0|0|1|1|0|0|NA|NA|NA|NA|NA|0|0|0|0|NA|0
"340057005012"|0|1|0|0|0|0|0|1|1|0|0|1|1|0|0|NA|NA|NA|NA|NA|0|0|0|0|NA|0
"340057015021"|0|1|0|0|0|0|0|1|1|0|0|1|1|0|0|NA|NA|NA|NA|NA|0|0|0|0|NA|0
"340057015022"|0|1|0|0|0|0|0|1|1|0|0|1|1|0|0|NA|NA|NA|NA|NA|0|0|0|0|NA|0
"340057029061"|0|1|0|0|0|0|0|1|1|0|0|1|1|0|0|NA|NA|NA|NA|NA|0|0|0|0|NA|0
"340057029101"|0|1|0|0|0|0|0|1|1|1|1|0|0|1|0|3810|5760|NA|NA|NA|278|85|126|6558656|52052.8253968254|0
"340076032001"|0|1|0|0|0|0|0|1|1|0|0|1|1|0|0|NA|NA|NA|NA|NA|0|0|0|0|NA|0
"340076032003"|0|3|0|0|0|0|0|3|3|0|0|3|3|0|0|NA|NA|NA|NA|NA|0|0|0|0|NA|0
"340076033011"|0|1|1|0|0|0|0|1|1|1|0|0|1|0|0|13185|13185|14790|14790|NA|17|1|8|561544|70193|0
"340076035033"|0|1|0|0|0|0|0|1|1|0|0|1|1|0|0|NA|NA|NA|NA|NA|0|0|0|0|NA|0
"340076035041"|0|1|0|0|0|0|0|1|1|0|0|1|1|0|0|NA|NA|NA|NA|NA|0|0|0|0|NA|0
"340076035042"|0|1|0|0|0|0|0|1|1|0|0|1|1|0|0|NA|NA|NA|NA|NA|0|0|0|0|NA|0
"340076075021"|0|1|0|0|0|0|0|1|1|0|0|1|1|0|0|NA|NA|NA|NA|NA|0|0|0|0|NA|0
"340076075071"|0|2|0|0|0|0|0|2|2|0|0|2|2|0|0|NA|NA|NA|NA|NA|0|0|0|0|NA|0
"340076075074"|0|2|0|0|0|0|0|2|2|0|0|2|2|0|0|NA|NA|NA|NA|NA|0|0|0|0|NA|0
"340076077022"|0|1|0|0|0|0|0|1|1|0|0|1|1|0|0|NA|NA|NA|NA|NA|0|0|0|0|NA|0
"340076082102"|0|1|0|0|0|0|0|1|1|1|1|0|0|1|0|3330|3330|NA|NA|NA|249|94|228|18325194|80373.6578947368|0
"340076083032"|0|1|0|0|0|0|0|1|1|0|0|1|1|0|0|NA|NA|NA|NA|NA|0|0|0|0|NA|0
"340076084032"|0|1|0|0|0|0|0|1|1|0|0|1|1|0|0|NA|NA|NA|NA|NA|0|0|0|0|NA|0
"340076103001"|0|1|1|0|1|0|0|1|1|1|0|0|0|1|0|11886|27664|17232|28416|12336|621|150|626|72120132|115207.878594249|0
"340076110001"|0|1|0|0|0|0|0|1|1|0|0|1|1|0|0|NA|NA|NA|NA|NA|0|0|0|0|NA|0
"340076110006"|0|1|0|0|0|0|0|1|1|0|0|1|1|0|0|NA|NA|NA|NA|NA|0|0|0|0|NA|0
"340110304004"|0|1|0|0|0|0|0|1|1|1|1|0|0|1|0|3900|7800|NA|NA|NA|104|43|76|5091920|66998.9473684211|0
"340110304005"|0|1|0|0|0|0|0|1|1|1|1|0|0|1|0|3900|7800|NA|NA|NA|104|43|76|5091920|66998.9473684211|0
"340110410003"|0|1|0|0|0|0|0|1|1|1|1|0|0|1|0|3900|7800|NA|NA|NA|104|43|76|5091920|66998.9473684211|0
"340130011001"|0|1|1|0|0|0|0|1|1|1|0|0|0|0|1|14174|29586|20232|29960|13600|1067|309|852|107126134|125734.899061033|0
"340130080001"|0|1|1|0|0|0|0|1|1|1|0|0|1|0|0|21000|21000|16920|16920|NA|47|3|30|1870544|62351.4666666667|0
"340130081002"|0|2|1|0|1|0|0|2|2|2|1|0|0|1|1|19476|35784|NA|NA|24536|1458|305|1308|172632436|228201.863829787|0
"340130113002"|0|1|0|0|0|0|0|1|1|0|0|1|1|0|0|NA|NA|NA|NA|NA|0|0|0|0|NA|0
"340130113003"|0|1|0|0|0|0|0|1|1|1|1|0|1|0|0|NA|NA|NA|NA|NA|5|0|16|458000|28625|0
"340130136003"|0|1|0|0|0|0|0|1|1|1|1|0|1|0|0|13144|13144|NA|NA|NA|25|11|40|1470650|36766.25|0
"340130146001"|0|1|0|0|0|0|0|1|1|1|0|0|1|0|0|20400|20400|NA|NA|NA|10|0|12|780000|65000|0
"340130148001"|0|1|0|0|0|0|0|1|1|0|0|1|1|0|0|NA|NA|NA|NA|NA|0|0|0|0|NA|0
"340130154004"|0|3|2|0|0|0|0|3|3|2|0|1|2|1|0|NA|NA|NA|NA|NA|170|81|132|11359684|NA|0
"340130160005"|0|3|2|0|0|0|0|3|3|2|0|1|2|1|0|NA|NA|NA|NA|NA|170|81|132|11359684|NA|0
"340130161004"|0|1|1|0|0|0|0|1|1|1|0|0|0|0|1|11132|18920|12188|17876|15564|1276|353|1290|134991018|104644.2|0
"340130192001"|0|1|1|0|0|1|0|1|1|1|0|0|0|0|1|39900|39900|22662|22662|14500|889|318|958|90324656|94284.6096033403|0
"340130217023"|0|1|1|0|0|0|0|1|1|1|0|0|0|1|0|32990|32990|17910|17910|12025|143|52|158|11291758|71466.8227848101|0
"340130230001"|0|0|0|0|0|0|0|1|0|0|0|0|0|0|0|NA|NA|NA|NA|NA|0|0|0|0|NA|0
"340130230002"|0|1|0|0|0|0|0|1|1|0|0|1|1|0|0|NA|NA|NA|NA|NA|0|0|0|0|NA|0
"340155011062"|0|1|0|0|0|0|0|1|1|1|1|0|0|1|0|3990|8100|NA|NA|NA|265|98|162|11632618|71806.2839506173|0
"340155012012"|0|1|0|0|0|0|0|1|1|1|1|0|0|1|0|3330|3330|NA|NA|NA|249|94|228|18325194|80373.6578947368|0
"340155012041"|0|2|0|0|0|0|0|2|2|0|0|2|2|0|0|NA|NA|NA|NA|NA|0|0|0|0|NA|0
"340155012093"|0|1|0|0|0|0|0|1|1|1|1|0|0|1|0|3990|8100|NA|NA|NA|265|98|162|11632618|71806.2839506173|0
"340155014041"|0|1|1|0|0|1|0|1|1|1|0|0|0|0|1|9858|18500|13518|13518|12552|1257|252|1184|103023816|87013.3581081081|0
"340170009024"|0|1|0|0|0|0|0|1|1|1|0|0|1|0|0|20400|20400|NA|NA|NA|14|1|30|1980000|66000|0
"340170019001"|0|1|0|0|0|0|0|1|1|0|0|1|1|0|0|NA|NA|NA|NA|NA|0|0|0|0|NA|0
"340170020001"|0|1|0|0|0|0|0|1|1|0|0|1|1|0|0|NA|NA|NA|NA|NA|0|0|0|0|NA|0
"340170020002"|0|1|0|0|0|0|0|1|1|1|1|0|0|1|0|8520|12570|NA|NA|NA|234|79|202|11570366|57279.0396039604|0
"340170020003"|0|1|0|0|0|0|0|1|1|0|0|1|1|0|0|NA|NA|NA|NA|NA|0|0|0|0|NA|0
"340170028001"|0|1|1|0|0|0|0|1|1|1|0|0|0|1|0|36386|36386|20664|20664|15414|247|122|224|17531032|78263.5357142857|0
"340170052002"|0|1|1|0|0|0|0|1|1|1|0|0|0|1|0|11890|21412|12756|20438|14116|660|109|508|53561290|105435.61023622|0
"340170077002"|0|1|0|0|0|0|0|1|1|1|0|0|1|0|0|9552|9552|NA|NA|NA|5|1|0|0|NA|0
"340170077003"|0|1|0|0|0|0|0|1|1|1|0|0|1|0|0|9552|9552|NA|NA|NA|5|1|0|0|NA|0
"340170159004"|0|1|0|0|0|0|0|1|1|0|0|1|1|0|0|NA|NA|NA|NA|NA|0|0|0|0|NA|0
"340170164003"|0|1|0|0|0|0|0|1|1|0|0|1|1|0|0|NA|NA|NA|NA|NA|0|0|0|0|NA|0
"340170187011"|0|1|1|0|0|0|0|1|1|1|0|0|0|1|0|50370|50370|35960|35960|14840|686|140|562|67056706|119317.982206406|0
"340210006003"|0|2|0|0|0|0|0|2|2|0|0|2|2|0|0|21822|21822|NA|NA|NA|0|0|0|0|NA|0
"340210011011"|0|1|1|0|0|0|0|1|1|1|0|0|0|0|1|7519|9967|12024|12024|NA|304|124|0|0|NA|0
"340210012003"|0|1|1|0|0|0|0|1|1|1|0|0|0|0|1|7519|9967|12024|12024|NA|304|124|0|0|NA|0
"340210029031"|0|1|0|0|0|0|0|1|1|0|0|1|1|0|0|NA|NA|NA|NA|NA|0|0|0|0|NA|0
"340210029044"|0|1|0|0|0|0|0|1|1|1|1|0|0|1|0|4482|6726|NA|NA|NA|234|89|218|17577556|80630.9908256881|0
"340210030061"|0|1|0|0|0|0|0|1|1|1|1|0|0|1|0|4482|6726|NA|NA|NA|234|89|218|17577556|80630.9908256881|0
"340210031001"|0|1|0|0|0|0|0|1|1|0|0|1|1|0|0|NA|NA|NA|NA|NA|0|0|0|0|NA|0
"340210031003"|0|1|0|0|0|0|0|1|1|0|0|1|1|0|0|NA|NA|NA|NA|NA|0|0|0|0|NA|0
"340210032014"|0|1|1|0|0|0|0|1|1|1|0|0|0|1|0|42120|42120|21598|21598|15280|464|158|438|45356682|103554.068493151|0
"340210032015"|0|1|1|0|0|0|0|1|1|1|0|0|0|1|0|42120|42120|21598|21598|15280|464|158|438|45356682|103554.068493151|0
"340210032021"|0|1|0|0|0|0|0|1|1|0|0|1|1|0|0|NA|NA|NA|NA|NA|0|0|0|0|NA|0
"340210032023"|0|1|0|0|0|0|0|1|1|0|0|1|1|0|0|NA|NA|NA|NA|NA|0|0|0|0|NA|0
"340210033021"|0|1|0|0|0|0|0|1|1|1|1|0|0|1|0|4482|6726|NA|NA|NA|234|89|218|17577556|80630.9908256881|0
"340210037031"|0|1|1|0|0|0|0|1|1|1|0|0|0|1|0|12947|24662|14234|21972|13617|747|169|726|75771586|104368.575757576|0
"340210037042"|0|1|1|0|0|0|0|1|1|1|0|0|0|1|0|12947|24662|14234|21972|13617|747|169|726|75771586|104368.575757576|0
"340210037054"|0|1|0|0|0|0|0|1|1|0|0|1|1|0|0|NA|NA|NA|NA|NA|0|0|0|0|NA|0
"340210042043"|0|1|1|0|0|0|0|1|1|1|0|0|0|1|0|49450|49450|49450|49450|16360|4986|850|1958|355708200|181669.152196118|0
"340210043061"|0|1|0|0|0|0|0|1|1|1|1|0|0|1|0|4482|6726|NA|NA|NA|234|89|218|17577556|80630.9908256881|0
"340210043062"|0|1|0|0|0|0|0|1|1|1|1|0|0|1|0|4482|6726|NA|NA|NA|234|89|218|17577556|80630.9908256881|0
"340210045011"|0|1|1|0|0|0|0|1|1|1|0|0|0|1|0|49450|49450|49450|49450|16360|4986|850|1958|355708200|181669.152196118|0
"340210045012"|0|1|1|0|0|0|0|1|1|1|0|0|0|1|0|49450|49450|49450|49450|16360|4986|850|1958|355708200|181669.152196118|0
"340210045021"|0|0|1|0|0|0|0|1|1|1|0|0|1|0|0|NA|NA|17000|17000|NA|177|48|84|9006102|107215.5|0
"340210045022"|0|0|1|0|0|0|0|1|1|1|0|0|1|0|0|NA|NA|17000|17000|NA|177|48|84|9006102|107215.5|0
"340230006031"|0|1|0|0|0|0|0|1|1|0|0|1|1|0|0|NA|NA|NA|NA|NA|0|0|0|0|NA|0
"340230006032"|0|1|0|0|0|0|0|1|1|0|0|1|1|0|0|NA|NA|NA|NA|NA|0|0|0|0|NA|0
"340230010021"|0|4|0|0|0|0|0|4|3|0|0|3|4|0|0|NA|NA|NA|NA|NA|0|0|0|0|NA|0
"340230018032"|0|1|0|0|0|0|0|1|1|1|0|0|1|0|0|11700|11700|NA|NA|3300|7|1|8|280000|35000|0
"340230030021"|0|1|0|0|0|0|0|1|1|0|0|1|1|0|0|NA|NA|NA|NA|NA|0|0|0|0|NA|0
"340230031012"|0|1|0|0|0|0|0|1|1|0|0|1|1|0|0|NA|NA|NA|NA|NA|0|0|0|0|NA|0
"340230049001"|0|1|0|0|0|0|0|1|1|0|0|1|1|0|0|NA|NA|NA|NA|NA|0|0|0|0|NA|0
"340230049002"|0|1|0|0|0|0|0|1|1|0|0|1|1|0|0|NA|NA|NA|NA|NA|0|0|0|0|NA|0
"340230051002"|0|1|2|0|1|1|0|2|2|2|0|0|1|0|1|NA|NA|32112|44184|NA|11051|2096|4498|565411306|200804.537427423|0
"340230051003"|0|1|2|0|1|1|0|2|2|2|0|0|1|0|1|NA|NA|32112|44184|NA|11051|2096|4498|565411306|200804.537427423|0
"340230051005"|0|1|2|0|1|1|0|2|2|2|0|0|1|0|1|NA|NA|32112|44184|NA|11051|2096|4498|565411306|200804.537427423|0
"340230060023"|0|1|0|0|0|0|0|1|1|0|0|1|1|0|0|NA|NA|NA|NA|NA|0|0|0|0|NA|0
"340230060024"|0|1|0|0|0|0|0|1|1|0|0|1|1|0|0|NA|NA|NA|NA|NA|0|0|0|0|NA|0
"340230061011"|0|1|0|0|0|0|0|1|1|0|0|1|1|0|0|NA|NA|NA|NA|NA|0|0|0|0|NA|0
"340230062061"|0|2|1|0|0|0|0|2|2|2|0|0|2|0|0|33494|33494|NA|NA|NA|54|7|46|4446882|200423.166666667|0
"340230065002"|0|1|0|0|0|0|0|1|1|0|0|1|1|0|0|NA|NA|NA|NA|NA|0|0|0|0|NA|0
"340230089002"|0|1|0|0|0|0|0|1|1|1|1|0|0|0|1|5376|5376|NA|NA|NA|375|136|284|27199704|95773.6056338028|0
"340258015001"|0|1|0|0|0|0|0|1|1|1|1|0|0|0|1|6958|7658|NA|NA|NA|338|79|404|32617948|80737.495049505|0
"340258025004"|0|1|0|0|0|0|0|1|1|1|0|0|1|0|0|7850|7850|NA|NA|3000|3|0|6|206400|34400|0
"340258033004"|0|1|0|0|0|0|0|1|1|1|1|0|0|0|1|6958|7658|NA|NA|NA|338|79|404|32617948|80737.495049505|0
"340258051002"|0|1|0|0|0|0|0|1|1|0|0|1|1|0|0|NA|NA|NA|NA|NA|0|0|0|0|NA|0
"340258062012"|0|1|1|0|0|0|0|1|1|1|0|0|0|1|0|37438|37438|26114|26114|13908|703|294|624|56720358|90898.0096153846|0
"340258065011"|0|1|0|0|0|0|0|1|1|0|0|1|1|0|0|NA|NA|NA|NA|NA|0|0|0|0|NA|0
"340258065012"|0|1|0|0|0|0|0|1|1|0|0|1|1|0|0|NA|NA|NA|NA|NA|0|0|0|0|NA|0
"340258087012"|0|1|0|0|0|0|0|1|1|0|0|1|1|0|0|11608|11608|NA|NA|NA|0|0|0|0|NA|0
"340258087021"|0|1|0|0|0|0|0|1|1|0|0|1|1|0|0|11608|11608|NA|NA|NA|0|0|0|0|NA|0
"340258099021"|0|1|0|0|0|0|0|1|1|1|1|0|0|0|1|6958|7658|NA|NA|NA|338|79|404|32617948|80737.495049505|0
"340258104023"|0|1|0|0|0|0|0|1|1|0|0|1|1|0|0|NA|NA|NA|NA|NA|0|0|0|0|NA|0
"340258111011"|0|1|0|0|0|0|0|1|1|1|0|0|1|0|0|13500|13500|NA|NA|3000|0|0|8|209920|26240|0
"340258113041"|0|1|0|0|0|0|0|1|1|1|0|0|1|0|0|10800|10800|NA|NA|NA|1|0|10|647000|64700|0
"340270401024"|0|1|0|0|0|0|0|1|1|0|0|1|1|0|0|NA|NA|NA|NA|NA|0|0|0|0|NA|0
"340270408032"|0|1|0|0|0|0|0|1|1|0|0|1|1|0|0|NA|NA|NA|NA|NA|0|0|0|0|NA|0
"340270409001"|0|1|0|0|0|0|0|1|0|1|1|0|1|0|0|5716|5716|NA|NA|6240|3|0|0|0|NA|0
"340270413003"|0|1|0|0|0|0|0|1|0|1|1|0|1|0|0|5716|5716|NA|NA|6240|3|0|0|0|NA|0
"340270415001"|0|1|0|0|0|0|0|1|0|0|0|1|1|0|0|NA|NA|NA|NA|NA|0|0|0|0|NA|0
"340270416011"|0|2|0|0|0|0|0|2|1|0|0|2|2|0|0|NA|NA|NA|NA|NA|0|0|0|0|NA|0
"340270416012"|0|1|0|0|0|0|0|1|1|0|0|1|1|0|0|NA|NA|NA|NA|NA|0|0|0|0|NA|0
"340270416013"|0|1|0|0|0|0|0|1|0|0|0|1|1|0|0|NA|NA|NA|NA|NA|0|0|0|0|NA|0
"340270416021"|0|1|0|0|0|0|0|1|0|0|0|1|1|0|0|NA|NA|NA|NA|NA|0|0|0|0|NA|0
"340270416022"|0|1|0|0|0|0|0|1|0|0|0|1|1|0|0|NA|NA|NA|NA|NA|0|0|0|0|NA|0
"340270416023"|0|1|0|0|0|0|0|1|0|0|0|1|1|0|0|NA|NA|NA|NA|NA|0|0|0|0|NA|0
"340270417042"|0|2|0|0|0|0|0|2|2|0|0|2|2|0|0|NA|NA|NA|NA|NA|0|0|0|0|NA|0
"340270417043"|0|1|0|0|0|0|0|1|1|0|0|1|1|0|0|NA|NA|NA|NA|NA|0|0|0|0|NA|0
"340270426001"|0|2|2|0|0|0|0|2|2|2|0|0|0|2|0|73716|73716|40914|40914|26160|333|121|438|36943694|155848.257317073|0
"340270429001"|0|2|2|0|0|0|0|2|2|2|0|0|0|2|0|73716|73716|40914|40914|26160|333|121|438|36943694|155848.257317073|0
"340270432002"|0|1|1|0|0|0|0|1|1|1|0|0|0|1|0|38668|38668|14214|14214|14108|290|104|300|24393776|81312.5866666667|0
"340270433021"|0|2|2|0|0|0|0|2|2|2|0|0|0|2|0|73716|73716|40914|40914|26160|333|121|438|36943694|155848.257317073|0
"340270434023"|0|1|1|0|0|0|0|1|1|1|0|0|1|0|0|11500|11500|19000|19000|7500|18|3|28|2063600|73700|0
"340270444031"|0|1|0|0|0|0|0|1|0|1|1|0|1|0|0|5716|5716|NA|NA|6240|3|0|0|0|NA|0
"340270448003"|0|1|0|0|0|0|0|1|1|0|0|1|1|0|0|19894|19894|NA|NA|7930|0|0|0|0|NA|0
"340270452002"|0|1|0|0|0|0|0|1|1|1|1|0|0|1|0|7680|10980|NA|NA|NA|262|109|318|23233624|73061.7106918239|0
"340270452003"|0|1|0|0|0|0|0|1|1|1|1|0|0|1|0|7680|10980|NA|NA|NA|262|109|318|23233624|73061.7106918239|0
"340270455022"|0|1|0|0|0|0|0|1|1|0|0|1|1|0|0|NA|NA|NA|NA|NA|0|0|0|0|NA|0
"340270455023"|0|1|0|0|0|0|0|1|1|0|0|1|1|0|0|NA|NA|NA|NA|NA|0|0|0|0|NA|0
"340270463001"|0|1|0|0|0|0|0|1|1|1|1|0|0|1|0|7680|10980|NA|NA|NA|262|109|318|23233624|73061.7106918239|0
"340270463002"|0|1|0|0|0|0|0|1|1|0|0|1|1|0|0|19894|19894|NA|NA|7930|0|0|0|0|NA|0
"340297132011"|0|1|0|0|0|0|0|1|1|0|0|1|1|0|0|11608|11608|NA|NA|NA|0|0|0|0|NA|0
"340297134022"|0|1|0|0|0|0|0|1|1|0|0|1|1|0|0|NA|NA|NA|NA|NA|0|0|0|0|NA|0
"340297140006"|0|1|0|0|0|0|0|1|1|0|0|1|1|0|0|NA|NA|NA|NA|NA|0|0|0|0|NA|0
"340297150001"|0|1|0|0|0|0|0|1|1|1|0|0|1|0|0|12100|12100|NA|NA|5400|7|0|14|725312|51808|0
"340297152001"|0|3|0|0|0|0|0|3|3|3|0|0|3|0|0|26475|26475|NA|NA|5350|8|0|32|1789434|145231.976190476|0
"340297152003"|0|1|0|0|0|0|0|1|1|1|0|0|1|0|0|8800|8800|NA|NA|2100|1|0|4|489684|122421|0
"340297153011"|0|1|0|0|0|0|0|1|1|1|0|0|1|0|0|10400|10400|NA|NA|2000|2|0|6|80528|13421.3333333333|0
"340297153012"|0|1|0|0|0|0|0|1|1|1|0|0|1|0|0|6400|6400|NA|NA|3400|3|0|4|184000|46000|0
"340297154013"|0|1|1|0|0|0|0|1|1|1|0|0|0|1|0|31416|31416|15408|15408|10808|217|87|178|13562802|76195.5168539326|0
"340297154022"|0|1|1|0|0|0|0|1|1|1|0|0|0|1|0|21388|21388|4360|4360|NA|81|28|32|2831778|88493.0625|0
"340297155001"|0|1|0|0|0|0|0|1|1|1|1|0|1|0|0|11065|11065|NA|NA|5000|1|0|2|180980|90490|0
"340297157001"|0|1|0|0|0|0|0|1|1|1|0|0|1|0|0|12000|12000|NA|NA|3680|1|0|10|253082|25308.2|0
"340297158001"|0|1|0|0|0|0|0|1|1|1|0|0|1|0|0|13000|13000|NA|NA|2800|5|1|14|441600|31542.8571428571|0
"340297159011"|0|1|0|0|0|0|0|1|1|1|0|0|1|0|0|12100|12100|NA|NA|2590|0|0|4|287734|71933.5|0
"340297221001"|0|2|0|0|0|0|0|2|2|1|0|1|2|0|0|NA|NA|NA|NA|NA|0|0|4|287734|NA|0
"340297223001"|0|1|0|0|0|0|0|1|1|1|1|0|0|1|0|4110|6750|NA|NA|NA|259|70|194|13991570|72121.4948453608|0
"340297223002"|0|1|0|0|0|0|0|1|1|1|1|0|0|1|0|4110|6750|NA|NA|NA|259|70|194|13991570|72121.4948453608|0
"340297228001"|0|1|0|0|0|0|0|1|1|0|0|1|1|0|0|NA|NA|NA|NA|NA|0|0|0|0|NA|0
"340311246012"|0|1|0|0|0|0|0|1|1|0|0|1|1|0|0|NA|NA|NA|NA|NA|0|0|0|0|NA|0
"340311250006"|0|1|0|0|0|0|0|1|1|0|0|1|1|0|0|NA|NA|NA|NA|NA|0|0|0|0|NA|0
"340311337021"|0|1|1|0|0|0|0|1|1|1|0|0|0|0|1|12936|21136|12780|19926|11535|730|314|806|90317420|112056.35235732|0
"340311432005"|0|1|0|0|0|0|0|1|1|0|0|1|1|0|0|NA|NA|NA|NA|NA|0|0|0|0|NA|0
"340311433004"|0|1|0|0|0|0|0|1|1|0|0|1|1|0|0|NA|NA|NA|NA|NA|0|0|0|0|NA|0
"340311540011"|0|2|2|0|0|0|0|2|2|2|0|0|0|1|1|33185|40973|28404|34092|NA|1575|408|1540|155580676|187002.832|0
"340311827001"|0|1|0|0|0|0|0|1|1|0|0|1|1|0|0|NA|NA|NA|NA|NA|0|0|0|0|NA|0
"340311832002"|0|1|0|0|0|0|0|1|1|1|1|0|0|1|0|5670|7560|NA|NA|NA|232|56|180|14080134|78222.9666666667|0
"340312366011"|0|1|0|0|0|0|0|1|1|0|0|1|1|0|0|NA|NA|NA|NA|NA|0|0|0|0|NA|0
"340312460012"|0|1|1|0|0|0|0|1|1|1|0|0|0|0|1|12936|21136|12780|19926|11535|730|314|806|90317420|112056.35235732|0
"340312460013"|0|1|1|0|0|0|0|1|1|1|0|0|0|0|1|12936|21136|12780|19926|11535|730|314|806|90317420|112056.35235732|0
"340312463003"|0|1|0|0|0|0|0|1|1|0|0|1|1|0|0|NA|NA|NA|NA|NA|0|0|0|0|NA|0
"340312641021"|0|1|1|0|0|0|0|1|1|1|0|0|0|1|0|22053|22053|16216|16216|NA|299|55|250|20589658|82358.632|0
"340330206002"|0|1|0|0|0|0|0|1|1|1|1|0|1|0|0|5850|6600|NA|NA|NA|48|13|34|2103800|61876.4705882353|0
"340330214001"|0|1|0|0|0|0|0|1|1|1|1|0|1|0|0|5850|6600|NA|NA|NA|48|13|34|2103800|61876.4705882353|0
"340330215001"|0|1|0|0|0|0|0|1|1|1|1|0|1|0|0|5850|6600|NA|NA|NA|48|13|34|2103800|61876.4705882353|0
"340350517002"|0|1|0|0|0|0|0|1|1|0|0|1|1|0|0|NA|NA|NA|NA|NA|0|0|0|0|NA|0
"340350518002"|0|1|0|0|0|0|0|1|1|1|0|0|1|0|0|9550|9550|NA|NA|1450|2|0|6|266800|44466.6666666667|0
"340350529041"|0|1|0|0|0|0|0|1|1|1|1|0|0|1|0|4752|4752|NA|NA|NA|215|57|252|20031940|79491.8253968254|0
"340350530002"|0|1|0|0|0|0|0|1|1|0|0|1|1|0|0|NA|NA|NA|NA|NA|0|0|0|0|NA|0
"340350530003"|0|1|0|0|0|0|0|1|1|0|0|1|1|0|0|NA|NA|NA|NA|NA|0|0|0|0|NA|0
"340350535011"|0|1|0|0|0|0|0|1|1|0|0|1|1|0|0|NA|NA|NA|NA|NA|0|0|0|0|NA|0
"340350536031"|0|1|0|0|0|0|0|1|1|1|1|0|0|1|0|4752|4752|NA|NA|NA|215|57|252|20031940|79491.8253968254|0
"340350536042"|0|1|0|0|0|0|0|1|1|1|1|0|0|1|0|4752|4752|NA|NA|NA|215|57|252|20031940|79491.8253968254|0
"340373721001"|0|1|0|0|0|0|0|1|1|1|1|0|0|1|0|6300|8400|NA|NA|NA|80|25|62|4044292|65230.5161290323|0
"340373721002"|0|1|0|0|0|0|0|1|1|1|1|0|0|1|0|6300|8400|NA|NA|NA|80|25|62|4044292|65230.5161290323|0
"340373737001"|0|1|0|0|0|0|0|1|1|1|1|0|0|1|0|6300|8400|NA|NA|NA|80|25|62|4044292|65230.5161290323|0
"340373740001"|0|1|0|0|0|0|0|1|1|1|1|0|0|1|0|6300|8400|NA|NA|NA|80|25|62|4044292|65230.5161290323|0
"340390316023"|0|1|0|0|0|0|0|1|1|1|0|0|1|0|0|10650|10650|NA|NA|5100|1|0|10|470340|47034|0
"340390325004"|0|1|1|0|0|0|0|1|1|1|0|0|0|0|1|9740|16775|15025|19890|14470|574|239|714|65117866|91201.4929971989|0
"340390327002"|0|1|0|0|0|0|0|1|1|0|0|1|0|1|0|NA|NA|NA|NA|NA|0|0|0|0|NA|0
"340390327003"|0|1|0|0|0|0|0|1|1|0|0|1|0|1|0|NA|NA|NA|NA|NA|0|0|0|0|NA|0
"340390331002"|0|1|0|0|0|0|0|1|1|0|0|1|1|0|0|NA|NA|NA|NA|NA|0|0|0|0|NA|0
"340390331003"|0|1|0|0|0|0|0|1|1|0|0|1|1|0|0|NA|NA|NA|NA|NA|0|0|0|0|NA|0
"340390331005"|0|1|0|0|0|0|0|1|1|1|0|0|1|0|0|10750|10750|NA|NA|2000|1|0|4|153700|38425|0
"340390335001"|0|2|1|0|0|0|0|2|2|1|0|1|1|0|1|NA|NA|NA|NA|NA|574|239|714|65117866|NA|0
"340390335003"|0|2|1|0|0|0|0|2|2|1|0|1|1|0|1|NA|NA|NA|NA|NA|574|239|714|65117866|NA|0
"340390336007"|0|1|0|0|0|0|0|1|1|0|0|1|1|0|0|NA|NA|NA|NA|NA|0|0|0|0|NA|0
"340390371002"|0|1|0|0|0|0|0|1|1|1|1|0|0|1|0|10280|10280|NA|NA|NA|319|50|210|19999898|95237.6095238095|0
"340390386012"|0|1|0|0|0|0|0|1|0|0|0|1|1|0|0|NA|NA|NA|NA|NA|0|0|0|0|NA|0
"340390397002"|0|2|0|0|0|0|0|2|1|0|0|2|2|0|0|12510|25020|NA|NA|10000|0|0|0|0|NA|0
"340410314022"|0|1|1|0|0|0|0|1|1|1|0|0|0|1|0|32092|32092|16416|16416|11444|133|48|168|11883414|70734.6071428571|0
"340410314025"|0|1|1|0|0|0|0|1|1|1|0|0|0|1|0|32092|32092|16416|16416|11444|133|48|168|11883414|70734.6071428571|0
"340410315005"|0|1|1|0|0|0|0|1|1|1|0|0|0|1|0|32092|32092|16416|16416|11444|133|48|168|11883414|70734.6071428571|0
"340410319003"|0|1|0|0|0|0|0|1|1|1|1|0|0|1|0|4800|5400|NA|NA|NA|31|8|46|3078556|66925.1304347826|0
"340410321012"|0|1|0|0|0|0|0|1|1|1|1|0|0|1|0|4800|5400|NA|NA|NA|31|8|46|3078556|66925.1304347826|0
"350010001224"|0|1|0|0|0|0|0|1|1|0|0|1|1|0|0|NA|NA|NA|NA|NA|0|0|0|0|NA|0
"350010001273"|0|1|0|0|0|0|0|1|0|0|0|0|0|0|0|NA|NA|NA|NA|NA|0|0|0|0|NA|0
"350010002072"|0|1|0|0|0|0|0|1|1|0|0|1|1|0|0|NA|NA|NA|NA|NA|0|0|0|0|NA|0
"350010002083"|0|1|0|0|0|0|0|1|1|1|1|0|1|0|0|NA|NA|NA|NA|NA|30|16|68|4095838|60232.9117647059|0
"350010004022"|0|1|1|0|0|0|0|1|1|1|0|0|1|0|0|22488|22488|21000|21000|NA|13|2|10|720000|72000|0
"350010012004"|0|1|0|0|0|0|0|1|1|1|1|0|0|0|1|1320|7032|NA|NA|NA|858|135|660|41322306|62609.5545454545|0
"350010018002"|0|1|1|0|1|1|0|1|1|1|0|0|0|0|1|6109|21063|5001|16883|9864|3146|686|1970|168577402|85572.2852791878|0
"350010020001"|0|1|0|0|0|0|0|1|1|1|1|0|1|0|0|NA|NA|NA|NA|NA|13|2|22|1676342|76197.3636363636|0
"350010022003"|0|1|0|0|0|0|0|1|1|0|0|1|1|0|0|NA|NA|NA|NA|NA|0|0|0|0|NA|0
"350010024013"|0|1|0|0|0|0|0|1|1|1|0|0|1|0|0|NA|NA|NA|NA|NA|9|6|24|1710426|71267.75|0
"350010026001"|0|1|0|0|0|0|0|1|1|0|0|1|1|0|0|NA|NA|NA|NA|NA|0|0|0|0|NA|0
"350010027001"|0|1|0|0|0|0|0|1|1|1|1|0|1|0|0|NA|NA|NA|NA|NA|13|2|22|1676342|76197.3636363636|0
"350010029003"|0|1|0|0|0|0|0|1|1|1|1|0|1|0|0|NA|NA|NA|NA|NA|13|2|22|1676342|76197.3636363636|0
"350010034001"|0|1|0|0|0|0|0|1|1|0|0|1|1|0|0|NA|NA|NA|NA|NA|0|0|0|0|NA|0
"350010037221"|0|1|1|0|0|0|0|1|1|1|0|0|1|0|0|9552|9552|16752|16752|NA|9|4|0|0|NA|0
"350010037361"|0|1|1|0|0|0|0|1|1|1|0|0|1|0|0|9552|9552|16752|16752|NA|9|4|0|0|NA|0
"350010047161"|0|1|0|0|0|0|0|1|1|1|0|0|1|0|0|15000|15000|NA|NA|NA|2|1|8|588000|73500|0
"350010047173"|0|1|0|0|0|0|0|1|1|1|0|0|1|0|0|15000|15000|NA|NA|NA|2|1|8|588000|73500|0
"350010047223"|0|1|0|0|0|0|1|1|1|1|1|0|1|0|0|NA|NA|NA|NA|675|81|33|36|2575792|71549.7777777778|0
"350010047511"|0|1|0|0|0|0|0|1|1|1|1|0|1|0|0|NA|NA|NA|NA|NA|7|4|12|491944|40995.3333333333|0
"350050003004"|0|1|0|0|0|0|0|1|1|1|1|0|1|0|0|400|9182|NA|NA|5576|197|45|154|9643002|62616.8961038961|0
"350050011011"|0|1|0|0|0|0|0|1|1|1|1|0|0|1|0|2040|5232|NA|NA|6775|137|26|98|4907626|50077.8163265306|0
"350050011013"|0|1|0|0|0|0|0|1|1|1|1|0|0|1|0|2040|5232|NA|NA|6775|137|26|98|4907626|50077.8163265306|0
"350050011014"|0|1|0|0|0|0|0|1|1|1|1|0|0|1|0|2040|5232|NA|NA|6775|137|26|98|4907626|50077.8163265306|0
"350069744002"|0|1|0|0|0|0|0|1|1|1|1|0|1|0|0|2088|3912|NA|NA|NA|27|8|28|1438118|51361.3571428571|0
"350069744003"|0|1|0|0|0|0|0|1|1|1|1|0|1|0|0|2088|3912|NA|NA|NA|27|8|28|1438118|51361.3571428571|0
"350090004001"|0|1|0|0|0|0|0|1|1|1|1|0|0|1|0|1296|2664|NA|NA|NA|107|19|108|5486086|50797.0925925926|0
"350130008001"|0|1|0|0|0|0|0|1|1|0|0|1|1|0|0|NA|NA|NA|NA|NA|0|0|0|0|NA|0
"350130010002"|0|1|2|0|0|1|0|2|2|2|0|0|1|0|1|NA|NA|NA|NA|NA|2146|628|1250|104433310|NA|0
"350130012014"|0|1|0|0|0|0|0|1|1|1|1|0|0|1|0|1962|5466|NA|NA|NA|216|89|258|15089626|58486.9224806202|0
"350150004012"|0|1|0|0|0|0|0|1|1|1|1|0|0|1|0|1776|3816|NA|NA|NA|59|28|72|4032270|56003.75|0
"350179643005"|0|1|1|0|0|0|0|1|1|1|0|0|0|1|0|3927|11400|3177|8730|10500|229|66|206|11722374|56904.7281553398|0
"350179644003"|0|1|1|0|0|0|0|1|1|1|0|0|0|1|0|3927|11400|3177|8730|10500|229|66|206|11722374|56904.7281553398|0
"350250005041"|0|1|1|0|0|0|0|1|1|1|0|0|1|0|0|16000|16000|14376|14376|7526|66|25|46|2271558|49381.6956521739|0
"350250007022"|0|1|0|0|0|0|0|1|1|1|1|0|0|1|0|1344|1536|NA|NA|4200|152|10|122|6915352|56683.2131147541|0
"350250007031"|0|1|1|0|0|0|0|1|1|1|0|0|1|0|0|16000|16000|14376|14376|7526|66|25|46|2271558|49381.6956521739|0
"350279606004"|0|1|0|0|0|0|0|1|1|1|1|0|1|0|0|1480|2160|NA|NA|NA|43|11|12|637366|53113.8333333333|0
"350280002004"|0|1|0|0|0|0|0|1|1|1|1|0|1|0|0|1968|5460|NA|NA|NA|21|7|6|332146|55357.6666666667|0
"350280004003"|0|1|0|0|0|0|0|1|1|1|1|0|1|0|0|1968|5460|NA|NA|NA|21|7|6|332146|55357.6666666667|0
"350319435003"|0|1|1|0|0|0|1|1|1|1|0|0|0|1|0|3420|3420|2250|2250|6270|122|23|174|8997892|51712.0229885057|0
"350319455001"|0|1|0|0|0|0|0|1|1|1|1|0|0|1|0|1733|4737|NA|NA|NA|88|26|108|6740290|62410.0925925926|0
"350319455004"|0|1|0|0|0|0|0|1|1|1|1|0|0|1|0|1733|4737|NA|NA|NA|88|26|108|6740290|62410.0925925926|0
"350350002001"|0|1|0|0|0|0|0|1|1|0|0|1|1|0|0|NA|NA|NA|NA|NA|0|0|0|0|NA|0
"350350003042"|0|1|0|0|0|0|0|1|1|1|1|0|0|1|0|2232|5184|NA|NA|NA|56|23|66|4076424|61764|0
"350379586012"|0|1|0|0|0|0|0|1|1|1|1|0|0|1|0|1392|2496|NA|NA|6350|34|1|30|1722496|57416.5333333333|0
"350379586014"|0|1|0|0|0|0|0|1|1|1|1|0|0|1|0|1392|2496|NA|NA|6350|34|1|30|1722496|57416.5333333333|0
"350379586021"|0|1|0|0|0|0|0|1|1|1|1|0|0|1|0|1392|2496|NA|NA|6350|34|1|30|1722496|57416.5333333333|0
"350399407002"|0|1|1|0|0|0|0|1|1|1|0|0|1|0|0|3447|12171|2652|3969|NA|116|26|84|4238110|50453.6904761905|0
"350410003003"|0|1|1|0|0|0|0|1|1|1|0|0|0|1|0|3842|5763|6778|8985|7162|321|97|328|20709074|63137.4207317073|0
"350410003004"|0|1|1|0|0|0|0|1|1|1|0|0|0|1|0|3842|5763|6778|8985|7162|321|97|328|20709074|63137.4207317073|0
"350430107201"|0|1|0|0|0|0|0|1|1|0|0|1|1|0|0|NA|NA|NA|NA|NA|0|0|0|0|NA|0
"350430107202"|0|1|0|0|0|0|0|1|1|0|0|1|1|0|0|NA|NA|NA|NA|NA|0|0|0|0|NA|0
"350450002022"|0|1|0|0|0|0|0|1|1|1|1|0|0|1|0|1176|3720|NA|NA|NA|333|129|292|17355692|59437.301369863|0
"350479573001"|0|1|1|0|0|0|0|1|1|1|0|0|0|1|0|4320|8472|4968|9072|7872|314|90|266|15496694|58258.2481203007|0
"350479573004"|0|1|1|0|0|0|0|1|1|1|0|0|0|1|0|4320|8472|4968|9072|7872|314|90|266|15496694|58258.2481203007|0
"350479574002"|0|1|1|0|0|0|0|1|1|1|0|0|0|1|0|4320|8472|4968|9072|7872|314|90|266|15496694|58258.2481203007|0
"350479576002"|0|1|0|0|0|0|0|1|1|1|1|0|0|1|0|1248|2376|NA|NA|NA|97|31|58|2230886|38463.5517241379|0
"350479578003"|0|1|0|0|0|0|0|1|1|1|1|0|0|1|0|1248|2376|NA|NA|NA|97|31|58|2230886|38463.5517241379|0
"350490010012"|0|0|1|0|0|0|0|1|1|1|0|0|1|0|0|NA|NA|18107|18107|NA|6|1|0|0|NA|0
"350490011031"|0|1|0|0|0|0|0|1|1|0|0|1|1|0|0|NA|NA|NA|NA|NA|0|0|0|0|NA|0
"350490011032"|0|1|0|0|0|0|0|1|1|0|0|1|1|0|0|NA|NA|NA|NA|NA|0|0|0|0|NA|0
"350490012031"|0|0|1|0|0|0|0|1|1|1|0|0|1|0|0|NA|NA|22620|22620|NA|19|3|6|189942|31657|0
"350490012052"|0|0|1|0|0|0|0|1|1|1|0|0|1|0|0|NA|NA|22620|22620|NA|19|3|6|189942|31657|0
"350490104001"|0|1|1|0|0|0|0|1|1|1|0|0|1|0|0|52734|52734|29736|29736|12148|103|30|80|6462942|80786.775|0
"350490106011"|0|2|1|0|0|0|1|2|2|2|1|0|1|1|0|6500|8990|NA|NA|NA|343|59|196|10629684|110128.622863248|0
"350490107001"|0|1|0|0|0|0|0|1|1|1|1|0|0|1|0|1800|4290|NA|NA|NA|257|42|144|7674254|53293.4305555556|0
"350539783022"|0|1|1|0|0|0|0|1|1|1|0|0|0|1|0|6440|20938|6727|22250|8510|592|123|262|19939322|76104.2824427481|0
"350559526002"|0|1|0|0|0|0|0|1|1|1|1|0|0|1|0|1854|4791|NA|NA|NA|71|20|38|2015910|53050.2631578947|0
"350619703021"|0|1|0|0|0|0|0|1|1|1|1|0|0|1|0|1788|5040|NA|NA|NA|90|22|64|3261564|50961.9375|0
"360010002001"|0|3|1|0|0|0|0|3|3|1|1|1|2|0|0|NA|NA|NA|NA|NA|508|126|14|1025272|NA|0
"360010003001"|0|1|0|0|0|0|0|1|1|1|1|0|1|0|0|11568|11568|NA|NA|NA|26|2|20|1124148|56207.4|0
"360010003004"|0|1|0|0|0|0|0|1|1|1|1|0|1|0|0|11568|11568|NA|NA|NA|26|2|20|1124148|56207.4|0
"360010004011"|0|2|2|0|0|0|0|2|2|2|0|0|0|0|2|NA|NA|NA|NA|NA|2117|409|1356|131511238|NA|0
"360010004041"|0|1|1|0|0|0|0|1|1|1|0|0|0|0|1|6870|23710|11090|22650|14003|1726|319|1356|131511238|96984.6887905605|0
"360010005014"|0|1|0|0|0|0|0|1|1|0|0|1|1|0|0|NA|NA|NA|NA|NA|0|0|0|0|NA|0
"360010005021"|0|1|1|0|0|0|0|1|1|1|0|0|0|1|0|31432|31432|14382|14382|12714|370|99|346|24700712|71389.3410404624|0
"360010011001"|0|2|1|0|0|0|0|2|2|0|0|1|1|0|0|NA|NA|NA|NA|NA|503|125|0|0|NA|0
"360010018013"|0|1|0|0|0|0|0|1|1|1|0|0|1|0|0|14700|14700|NA|NA|NA|45|5|64|3987278|62301.21875|0
"360010021002"|0|1|2|0|0|0|0|2|2|2|0|0|1|1|0|NA|NA|71200|71200|NA|243|66|250|25351876|214409.88544226|0
"360010021003"|0|0|1|0|0|1|0|1|1|1|0|0|1|0|0|NA|NA|26804|26804|NA|1269|516|0|0|NA|0
"360010025002"|0|2|1|0|0|0|0|2|2|0|0|1|1|0|0|NA|NA|NA|NA|NA|503|125|0|0|NA|0
"360010135031"|0|1|0|0|0|0|0|1|1|0|0|1|1|0|0|NA|NA|NA|NA|NA|0|0|0|0|NA|0
"360010135033"|0|1|0|0|0|0|0|1|1|0|0|1|1|0|0|NA|NA|NA|NA|NA|0|0|0|0|NA|0
"360010135072"|0|1|0|0|0|0|0|1|1|0|0|1|1|0|0|NA|NA|NA|NA|NA|0|0|0|0|NA|0
"360010135083"|0|1|0|0|0|0|0|1|1|0|0|1|1|0|0|NA|NA|NA|NA|NA|0|0|0|0|NA|0
"360010136014"|0|1|1|0|0|0|0|1|1|1|0|0|0|1|0|36675|36675|34244|34244|15130|407|122|430|37171420|86445.1627906977|0
"360010137031"|0|2|0|0|0|0|0|2|2|0|0|2|2|0|0|NA|NA|NA|NA|NA|0|0|0|0|NA|0
"360010139023"|0|1|0|0|0|0|0|1|1|0|0|1|1|0|0|NA|NA|NA|NA|NA|0|0|0|0|NA|0
"360010140011"|0|1|0|0|0|0|0|1|1|1|0|0|1|0|0|16450|16450|NA|NA|NA|33|23|20|889762|44488.1|0
"360039503003"|0|1|1|0|0|0|0|1|1|1|0|0|0|1|0|31972|31972|12520|12520|9288|114|47|130|7416714|57051.6461538462|0
"360039508002"|0|1|0|0|0|0|0|1|1|1|0|0|0|1|0|6870|13695|NA|NA|12570|374|88|340|19712550|57978.0882352941|0
"360039508003"|0|2|1|0|0|0|0|2|2|2|0|0|0|2|0|35068|41893|NA|NA|25086|743|203|636|38947680|122961.635532591|0
"360050051001"|0|1|0|0|0|0|0|1|1|1|1|0|0|1|0|4800|7680|NA|NA|NA|460|142|354|30941678|87405.8700564972|0
"360050118001"|0|1|1|0|0|0|0|1|1|1|0|0|0|1|0|6870|16650|11090|22650|12522|183|44|184|14402012|78271.8043478261|0
"360050212004"|0|1|0|0|0|0|0|1|1|0|0|1|1|0|0|NA|NA|NA|NA|NA|0|0|0|0|NA|0
"360050220001"|0|1|0|0|0|0|0|1|1|0|0|1|1|0|0|8000|8000|NA|NA|NA|0|0|0|0|NA|0
"360050237021"|0|1|0|0|0|0|0|1|1|0|0|1|1|0|0|NA|NA|NA|NA|NA|0|0|0|0|NA|0
"360050249001"|0|1|0|0|0|0|0|1|1|1|1|0|0|0|1|4800|7680|NA|NA|NA|629|217|602|53942610|89605.6644518272|0
"360050265004"|0|1|1|0|0|0|0|1|1|1|0|0|0|1|0|14328|14328|15156|15156|10850|304|174|402|32031984|79681.552238806|0
"360050307011"|0|1|0|0|0|0|0|1|1|1|0|0|1|0|0|9650|9650|NA|NA|5850|10|0|10|691020|69102|0
"360050319001"|0|1|1|0|0|0|0|1|1|1|0|0|0|1|0|38668|38668|15300|15300|10500|216|54|156|12107934|77614.9615384615|0
"360050334001"|0|1|0|0|0|0|0|1|1|0|0|1|1|0|0|8000|8000|NA|NA|NA|0|0|0|0|NA|0
"360050351001"|0|1|1|0|0|0|0|1|1|1|0|0|0|1|0|39300|39300|18566|18566|16220|433|107|486|48885832|100588.131687243|0
"360050385001"|0|1|1|0|0|0|0|1|1|1|0|0|0|0|1|51285|51285|33696|33696|17696|1491|514|1484|184068792|124035.574123989|0
"360050387001"|0|1|1|0|0|0|0|1|1|1|0|0|0|0|1|51285|51285|33696|33696|17696|1491|514|1484|184068792|124035.574123989|0
"360050397001"|0|1|1|0|0|0|0|1|1|1|0|0|0|0|1|51285|51285|33696|33696|17696|1491|514|1484|184068792|124035.574123989|0
"360050409001"|0|1|1|0|0|0|0|1|1|1|0|0|0|0|1|6730|14400|10770|19920|13808|604|177|736|70636176|95973.0652173913|0
"360050409002"|0|1|1|0|0|0|0|1|1|1|0|0|0|0|1|6730|14400|10770|19920|13808|604|177|736|70636176|95973.0652173913|0
"360070016001"|0|1|0|0|0|0|0|1|1|0|0|1|1|0|0|NA|NA|NA|NA|NA|0|0|0|0|NA|0
"360070017005"|0|1|0|0|0|0|0|1|1|0|0|1|1|0|0|NA|NA|NA|NA|NA|0|0|0|0|NA|0
"360070128001"|0|1|0|0|0|0|0|1|1|0|0|1|1|0|0|NA|NA|NA|NA|NA|0|0|0|0|NA|0
"360070128004"|0|1|0|0|0|0|0|1|1|1|1|0|0|1|0|4728|9456|NA|NA|12340|236|77|338|21345802|63153.2603550296|0
"360070140003"|0|1|0|0|0|0|0|1|1|1|0|0|1|0|0|15750|15750|NA|NA|8100|11|3|12|704720|58726.6666666667|0
"360070141001"|0|1|0|0|0|0|0|1|1|1|0|0|1|0|0|15750|15750|NA|NA|8100|11|3|12|704720|58726.6666666667|0
"360070143012"|0|1|0|0|0|0|0|1|1|1|0|0|1|0|0|15750|15750|NA|NA|8100|11|3|12|704720|58726.6666666667|0
"360070143023"|0|1|1|0|0|0|0|1|1|1|0|0|0|0|1|6870|23710|11090|22650|15058|1560|416|1484|146326986|98603.090296496|0
"360099610004"|0|1|0|0|0|0|0|1|1|0|0|1|1|0|0|NA|NA|NA|NA|NA|0|0|0|0|NA|0
"360099613001"|0|1|1|0|0|0|0|1|1|1|0|0|0|1|0|33336|33336|13590|13590|12605|281|89|272|17522432|64420.7058823529|0
"360099618001"|0|1|0|0|0|0|0|1|1|0|0|1|1|0|0|NA|NA|NA|NA|NA|0|0|0|0|NA|0
"360110410002"|0|1|0|0|0|0|0|1|1|1|0|0|1|0|0|39200|39200|NA|NA|14100|113|28|88|5553856|63112|0
"360110413005"|0|1|0|0|0|0|0|1|1|0|0|1|1|0|0|9975|9975|NA|NA|NA|0|0|0|0|NA|0
"360110414004"|0|1|0|0|0|0|0|1|1|1|1|0|0|1|0|4658|9316|NA|NA|NA|128|41|86|6637696|77182.511627907|0
"360130301001"|0|1|0|0|0|0|0|1|1|1|1|0|0|1|0|4870|9740|NA|NA|10750|145|46|142|8696786|61244.9718309859|0
"360130305002"|0|1|0|0|0|0|0|1|1|1|0|0|1|0|0|11700|11700|NA|NA|NA|9|1|14|631600|45114.2857142857|0
"360130359021"|0|1|1|0|0|0|0|1|1|1|0|0|0|1|0|6870|16650|11090|22650|12590|425|101|498|35225234|70733.4016064257|0
"360130368002"|0|1|0|0|0|0|0|1|1|0|0|1|1|0|0|NA|NA|NA|NA|NA|0|0|0|0|NA|0
"360130373001"|0|1|0|0|0|0|0|1|1|1|1|0|0|1|0|4870|9740|NA|NA|10750|145|46|142|8696786|61244.9718309859|0
"360130373003"|0|1|0|0|0|0|0|1|1|1|1|0|0|1|0|4870|9740|NA|NA|10750|145|46|142|8696786|61244.9718309859|0
"360150004001"|0|1|0|0|0|0|0|1|1|0|0|1|1|0|0|NA|NA|NA|NA|NA|0|0|0|0|NA|0
"360150006001"|0|1|1|0|0|0|0|1|1|1|0|0|1|0|0|41900|41900|16800|16800|12000|156|54|132|7358494|55746.1666666667|0
"360150007001"|0|1|0|0|0|0|0|1|1|1|1|0|1|0|0|20700|20700|NA|NA|NA|10|2|14|455192|32513.7142857143|0
"360150007002"|0|1|0|0|0|0|0|1|1|1|1|0|1|0|0|20700|20700|NA|NA|NA|10|2|14|455192|32513.7142857143|0
"360150106001"|0|1|0|0|0|0|0|1|1|0|0|1|1|0|0|NA|NA|NA|NA|NA|0|0|0|0|NA|0
"360179705001"|0|1|0|0|0|0|0|1|1|0|0|1|1|0|0|NA|NA|NA|NA|NA|0|0|0|0|NA|0
"360191010002"|0|1|0|0|0|0|0|1|1|0|0|1|1|0|0|NA|NA|NA|NA|NA|0|0|0|0|NA|0
"360191011001"|0|1|1|0|0|0|0|1|1|1|0|0|0|1|0|6870|16650|11090|22650|12980|500|158|532|38192616|71790.6315789474|0
"360191016001"|0|1|0|0|0|0|0|1|1|0|0|1|1|0|0|NA|NA|NA|NA|NA|0|0|0|0|NA|0
"360191021001"|0|1|0|0|0|0|0|1|1|1|1|0|0|1|0|5062|10464|NA|NA|10320|65|16|78|4626128|59309.3333333333|0
"360191021002"|0|1|0|0|0|0|0|1|1|1|1|0|0|1|0|5062|10464|NA|NA|10320|65|16|78|4626128|59309.3333333333|0
"360210011002"|0|1|0|0|0|0|0|1|1|1|1|0|0|1|0|4680|9360|NA|NA|NA|83|18|82|4779458|58286.0731707317|0
"360239708001"|0|1|1|0|0|0|0|1|1|1|0|0|0|1|0|6870|16650|11090|22650|12886|648|193|662|45010604|67991.8489425982|0
"360259709001"|0|1|1|0|0|0|0|1|1|1|0|0|0|1|0|6870|10840|11090|13310|12360|299|76|300|18169426|60564.7533333333|0
"360270200051"|0|0|0|0|0|0|0|1|0|0|0|0|0|0|0|NA|NA|NA|NA|NA|0|0|0|0|NA|0
"360270200052"|0|0|0|0|0|0|0|1|0|0|0|0|0|0|0|NA|NA|NA|NA|NA|0|0|0|0|NA|0
"360270703012"|0|1|0|0|0|0|0|1|1|0|0|1|1|0|0|NA|NA|NA|NA|NA|0|0|0|0|NA|0
"360270704011"|0|1|1|0|0|0|0|1|1|1|0|0|0|1|0|30200|30200|22406|22406|11560|501|53|290|29314926|101085.951724138|0
"360270704012"|0|1|1|0|0|0|0|1|1|1|0|0|0|1|0|30200|30200|22406|22406|11560|501|53|290|29314926|101085.951724138|0
"360271401011"|0|1|1|0|0|0|0|1|1|1|0|0|0|1|0|37775|37775|14400|14400|15550|624|213|476|41763694|87738.8529411765|0
"360271401014"|0|1|1|0|0|0|0|1|1|1|0|0|0|1|0|37775|37775|14400|14400|15550|624|213|476|41763694|87738.8529411765|0
"360271401015"|0|1|0|0|0|0|0|1|1|1|1|0|0|1|0|3864|7728|NA|NA|11118|233|52|254|20804464|81907.3385826772|0
"360271403001"|0|1|1|0|0|0|0|1|1|1|0|0|0|1|0|56130|56130|56130|56130|13550|704|155|564|62098524|110103.765957447|0
"360271403003"|0|1|1|0|0|0|0|1|1|1|0|0|0|1|0|56130|56130|56130|56130|13550|704|155|564|62098524|110103.765957447|0
"360271500031"|0|0|1|0|0|0|0|1|1|1|0|0|1|0|0|NA|NA|12600|12600|NA|11|0|2|128000|64000|0
"360271500032"|0|1|2|0|0|0|0|2|2|2|0|0|1|1|0|NA|NA|48572|48572|NA|615|134|408|41181866|165117.896551724|0
"360271500033"|0|1|1|0|0|0|0|1|1|1|0|0|0|1|0|54210|54210|35972|35972|15488|604|134|406|41053866|101117.896551724|0
"360274100001"|0|1|1|0|0|0|0|1|1|1|0|0|0|1|0|56130|56130|56130|56130|13550|704|155|564|62098524|110103.765957447|0
"360274100003"|0|1|1|0|0|0|0|1|1|1|0|0|0|1|0|56130|56130|56130|56130|13550|704|155|564|62098524|110103.765957447|0
"360276100001"|0|0|0|0|0|0|0|1|0|0|0|0|0|0|0|NA|NA|NA|NA|NA|0|0|0|0|NA|0
"360276400021"|0|0|0|0|0|0|0|1|0|0|0|0|0|0|0|NA|NA|NA|NA|NA|0|0|0|0|NA|0
"360290005001"|0|1|0|0|0|0|0|1|1|0|0|1|1|0|0|NA|NA|NA|NA|NA|0|0|0|0|NA|0
"360290008003"|0|1|0|0|0|0|0|1|1|1|0|0|0|1|0|17290|17290|NA|NA|NA|79|13|82|4165052|50793.3170731707|0
"360290046011"|0|1|0|0|0|0|0|1|0|0|0|0|0|0|0|NA|NA|NA|NA|NA|0|0|0|0|NA|0
"360290052021"|0|1|1|0|0|0|0|1|1|1|0|0|0|1|0|27000|27000|14760|14760|11300|331|119|296|22085872|74614.4324324324|0
"360290053001"|0|1|1|0|0|0|0|1|1|1|0|0|0|1|0|29500|29500|17190|17190|13500|159|36|158|9456870|59853.6075949367|0
"360290053002"|0|1|1|0|0|0|0|1|1|1|0|0|0|1|0|29500|29500|17190|17190|13500|159|36|158|9456870|59853.6075949367|0
"360290062011"|0|1|1|0|0|0|0|1|1|1|0|0|0|1|0|6870|16650|11090|22650|13890|850|234|716|56831274|79373.2877094972|0
"360290070003"|0|1|1|0|0|0|0|1|1|1|0|0|0|1|0|26120|26120|17298|17298|12224|235|75|372|26803892|72053.4731182796|0
"360290071021"|0|2|0|0|0|0|0|2|2|2|1|0|1|0|1|21391|25957|NA|NA|NA|530|192|598|38809526|123293.433568075|0
"360290072021"|0|2|0|0|0|0|0|2|2|2|1|0|1|0|1|21391|25957|NA|NA|NA|530|192|598|38809526|123293.433568075|0
"360290079042"|0|1|0|0|0|0|0|1|1|0|0|1|1|0|0|NA|NA|NA|NA|NA|0|0|0|0|NA|0
"360290089005"|0|1|0|0|0|0|0|1|1|0|0|1|1|0|0|NA|NA|NA|NA|NA|0|0|0|0|NA|0
"360290090092"|0|1|0|0|0|0|0|1|1|1|0|0|1|0|0|15868|15868|NA|NA|NA|26|18|14|809302|57807.2857142857|0
"360290091101"|0|1|1|0|1|1|0|1|1|1|0|0|0|0|1|6870|24540|11090|22650|13723|2818|588|2404|264720098|110116.513311148|0
"360290094011"|0|1|1|0|0|0|0|1|1|1|0|0|0|1|0|27990|27990|23448|23448|12915|229|76|296|20004830|67583.8851351351|0
"360290103002"|0|1|0|0|0|0|0|1|1|1|0|0|1|0|0|21860|21860|NA|NA|NA|54|13|62|3086020|49774.5161290323|0
"360290107001"|0|1|0|0|0|0|0|1|1|0|0|1|1|0|0|NA|NA|NA|NA|NA|0|0|0|0|NA|0
"360290115001"|0|1|0|0|0|0|0|1|1|0|0|1|1|0|0|NA|NA|NA|NA|NA|0|0|0|0|NA|0
"360290120021"|0|1|0|0|0|0|0|1|1|0|0|1|1|0|0|NA|NA|NA|NA|NA|0|0|0|0|NA|0
"360290129022"|0|1|1|0|0|0|0|1|1|1|0|0|1|0|0|21750|21750|14400|14400|9350|78|8|76|4527976|59578.6315789474|0
"360290137014"|0|2|0|0|0|0|0|2|2|2|0|0|1|1|0|31083|31083|NA|NA|NA|181|135|84|4414124|114876.3|0
"360290138004"|0|0|1|0|0|0|0|1|1|1|0|0|1|0|0|NA|NA|13320|13320|NA|19|3|16|683974|42748.375|0
"360290146014"|0|1|0|0|0|0|0|1|1|0|0|1|1|0|0|NA|NA|NA|NA|NA|0|0|0|0|NA|0
"360290165001"|0|2|0|0|0|0|0|2|2|2|1|0|1|0|1|21391|25957|NA|NA|NA|530|192|598|38809526|123293.433568075|0
"360319604981"|0|1|0|0|0|0|0|1|1|1|1|0|0|1|0|4880|11510|NA|NA|10350|50|15|96|4910218|51148.1041666667|0
"360339508001"|0|1|0|0|0|0|0|1|1|1|0|0|1|0|0|28420|28420|NA|NA|13840|107|23|108|4978872|46100.6666666667|0
"360379504001"|0|2|0|0|0|0|0|2|2|1|1|1|1|1|0|NA|NA|NA|NA|NA|210|54|166|10198146|NA|0
"360379504002"|0|2|0|0|0|0|0|2|2|1|1|1|1|1|0|NA|NA|NA|NA|NA|210|54|166|10198146|NA|0
"360379506002"|0|1|0|0|0|0|0|1|0|0|0|0|0|0|0|NA|NA|NA|NA|NA|0|0|0|0|NA|0
"360379508001"|0|1|0|0|0|0|0|1|0|0|0|0|0|0|0|NA|NA|NA|NA|NA|0|0|0|0|NA|0
"360390806001"|0|0|0|0|0|0|0|1|0|0|0|0|0|0|0|NA|NA|NA|NA|NA|0|0|0|0|NA|0
"360390808001"|0|0|0|0|0|0|0|1|0|0|0|0|0|0|0|NA|NA|NA|NA|NA|0|0|0|0|NA|0
"360430104002"|0|1|0|0|0|0|0|1|1|0|0|1|1|0|0|NA|NA|NA|NA|NA|0|0|0|0|NA|0
"360430104003"|0|1|0|0|0|0|0|1|1|0|0|1|1|0|0|NA|NA|NA|NA|NA|0|0|0|0|NA|0
"360430112002"|0|1|0|0|0|0|0|1|1|1|1|0|0|1|0|4670|7300|NA|NA|9800|125|60|104|5616944|54009.0769230769|0
"360450615003"|0|1|0|0|0|0|0|1|1|1|1|0|0|1|0|4752|9504|NA|NA|11666|132|48|146|9697934|66424.2054794521|0
"360450615004"|0|1|0|0|0|0|0|1|1|0|0|1|1|0|0|11712|11712|NA|NA|NA|0|0|0|0|NA|0
"360450616003"|0|1|0|0|0|0|0|1|1|0|0|1|1|0|0|11712|11712|NA|NA|NA|0|0|0|0|NA|0
"360470009001"|0|2|2|0|0|0|0|3|3|2|0|1|1|2|0|NA|NA|NA|NA|NA|321|102|306|36491552|NA|0
"360470011001"|0|1|0|0|0|0|0|1|1|1|1|0|0|1|0|12072|12072|NA|NA|11771|234|43|314|8758200|27892.3566878981|0
"360470013001"|0|1|0|0|0|0|0|1|1|1|0|0|0|0|1|6730|14400|NA|NA|NA|571|199|802|75216692|93786.3990024938|0
"360470015003"|0|1|0|0|0|0|0|1|1|0|0|1|1|0|0|NA|NA|NA|NA|NA|0|0|0|0|NA|0
"360470031002"|0|1|1|0|0|0|0|1|0|0|0|0|0|1|0|NA|NA|NA|NA|NA|0|0|0|0|NA|0
"360470062002"|0|1|0|0|0|0|0|1|1|0|0|1|1|0|0|NA|NA|NA|NA|NA|0|0|0|0|NA|0
"360470100004"|0|1|0|0|0|0|0|1|0|0|0|0|0|0|0|NA|NA|NA|NA|NA|0|0|0|0|NA|0
"360470177001"|0|0|0|0|0|0|0|1|0|0|0|0|0|0|0|NA|NA|NA|NA|NA|0|0|0|0|NA|0
"360470193003"|0|1|1|0|0|0|0|1|1|1|0|0|0|1|0|49810|49810|32004|32004|12622|580|227|352|34554442|98166.0284090909|0
"360470195003"|0|1|1|0|0|0|0|1|1|1|0|0|0|1|0|27230|27230|18450|18450|NA|109|44|114|9149764|80261.0877192982|0
"360470220002"|0|1|0|0|0|0|0|1|1|1|0|0|1|0|0|10200|10200|NA|NA|6800|6|2|62|3720000|60000|0
"360470222001"|0|1|0|0|0|0|0|1|1|1|0|0|1|0|0|11360|11360|NA|NA|4600|5|0|14|447996|31999.7142857143|0
"360470228002"|0|1|1|0|0|0|0|1|1|1|0|0|1|0|0|12100|12100|12100|12100|3800|9|2|22|1285800|58445.4545454545|0
"360470230001"|0|1|0|0|0|0|0|1|1|1|0|0|1|0|0|9350|9350|NA|NA|4150|4|0|8|228800|28600|0
"360470232002"|0|1|0|0|0|0|0|1|1|1|1|0|1|0|0|9300|9300|NA|NA|NA|10|4|6|385750|64291.6666666667|0
"360470232004"|0|1|0|0|0|0|0|1|1|1|0|0|1|0|0|9000|9000|NA|NA|12930|5|3|12|358460|29871.6666666667|0
"360470234002"|0|1|1|0|0|0|0|1|1|1|0|0|1|0|0|7750|7750|3450|3450|4500|9|2|10|386680|38668|0
"360470236003"|0|1|0|0|0|0|0|1|1|1|1|0|1|0|0|7100|7100|NA|NA|NA|1|0|0|0|NA|0
"360470240003"|0|1|0|0|0|0|0|1|1|1|0|0|1|0|0|9500|9500|NA|NA|NA|2|0|12|432616|36051.3333333333|0
"360470242001"|0|1|0|0|0|0|0|1|1|1|0|0|1|0|0|9900|9900|NA|NA|3500|10|2|12|686000|57166.6666666667|0
"360470290001"|0|1|0|0|0|0|0|1|1|1|0|0|1|0|0|8900|8900|NA|NA|NA|1|1|4|48330|12082.5|0
"360470290003"|0|1|0|0|0|0|0|1|1|0|0|1|1|0|0|NA|NA|NA|NA|NA|0|0|0|0|NA|0
"360470300001"|0|1|0|0|0|0|0|1|1|0|0|1|1|0|0|NA|NA|NA|NA|NA|0|0|0|0|NA|0
"360470319003"|0|1|0|0|0|0|0|1|1|1|0|0|1|0|0|7800|7800|NA|NA|NA|3|2|2|48000|24000|0
"360470325003"|0|1|0|0|0|0|0|1|1|1|0|0|0|1|0|6730|14400|NA|NA|NA|433|121|318|30353132|95450.1006289308|0
"360470337001"|0|1|1|0|0|0|0|1|1|1|0|0|1|0|0|7700|7700|6200|6200|3500|13|0|26|1005466|38671.7692307692|0
"360470337002"|0|1|1|0|0|0|0|1|1|1|0|0|1|0|0|7700|7700|6200|6200|3500|13|0|26|1005466|38671.7692307692|0
"360470337003"|0|1|0|0|0|0|0|1|1|1|0|0|1|0|0|9800|9800|NA|NA|7700|11|1|42|2444480|58201.9047619048|0
"360470418002"|0|1|1|0|0|0|0|1|1|1|0|0|1|0|0|8570|8570|8570|8570|7230|12|2|34|1187522|34927.1176470588|0
"360470422003"|0|1|0|0|0|0|0|1|1|1|0|0|1|0|0|9850|9850|NA|NA|3660|7|2|24|1138962|47456.75|0
"360470432002"|0|1|0|0|0|0|0|1|1|1|1|0|1|0|0|13620|13620|NA|NA|NA|5|1|6|82400|13733.3333333333|0
"360470462011"|0|1|0|0|0|0|0|1|1|1|0|0|1|0|0|10500|10500|NA|NA|4700|0|0|6|217312|36218.6666666667|0
"360470462012"|0|1|0|0|0|0|0|1|1|1|0|0|1|0|0|10500|10500|NA|NA|4700|0|0|6|217312|36218.6666666667|0
"360470470001"|0|1|0|0|0|0|0|1|1|1|0|0|1|0|0|12800|12800|NA|NA|4000|9|2|8|457300|57162.5|0
"360470470002"|0|1|0|0|0|0|0|1|1|1|0|0|1|0|0|11300|11300|NA|NA|NA|5|1|18|890822|49490.1111111111|0
"360470478002"|0|1|1|0|0|0|0|1|1|1|0|0|1|0|0|9450|9450|9450|9450|4400|1|0|6|199968|33328|0
"360470478003"|0|1|1|0|0|0|0|1|1|1|0|0|1|0|0|9450|9450|9450|9450|4400|1|0|6|199968|33328|0
"360470484001"|0|1|0|0|0|0|0|1|1|1|0|0|1|0|0|11050|11050|NA|NA|3500|4|0|18|1292536|71807.5555555556|0
"360470492003"|0|1|1|0|0|0|0|1|1|1|0|0|1|0|0|10600|10600|10950|10950|4500|4|2|18|407398|22633.2222222222|0
"360470526002"|0|1|0|0|0|0|0|1|1|0|0|1|1|0|0|NA|NA|NA|NA|NA|0|0|0|0|NA|0
"360470533004"|0|1|0|0|0|0|0|1|1|1|0|0|1|0|0|13500|13500|NA|NA|1600|3|1|12|237000|19750|0
"360470535001"|0|1|1|0|0|0|0|1|1|1|0|0|0|1|0|13965|13965|3000|3000|4000|69|12|238|7522600|31607.5630252101|0
"360470544003"|0|1|0|0|0|0|0|1|1|1|0|0|1|0|0|11000|11000|NA|NA|NA|3|1|10|554000|55400|0
"360470554001"|0|2|0|0|0|0|0|2|2|0|0|2|2|0|0|NA|NA|NA|NA|NA|0|0|0|0|NA|0
"360470606001"|0|1|0|0|0|0|0|1|1|0|0|1|1|0|0|NA|NA|NA|NA|NA|0|0|0|0|NA|0
"360470616001"|0|1|0|0|0|0|0|1|1|1|1|0|0|0|1|4800|7680|NA|NA|NA|596|164|662|58375716|88180.8398791541|0
"360470644001"|0|1|0|0|0|0|0|1|1|1|0|0|1|0|0|7600|7600|NA|NA|5000|2|2|8|395184|49398|0
"360470768002"|0|1|1|0|0|0|0|1|1|1|0|0|1|0|0|12450|12450|12450|12450|3000|1|1|26|1659320|63820|0
"360470772001"|0|1|1|0|0|0|0|1|1|1|0|0|0|0|1|6730|14400|10770|19920|NA|718|224|1032|106391622|103092.656976744|0
"360470772002"|0|1|1|0|0|0|0|1|1|1|0|0|0|0|1|6730|14400|10770|19920|NA|718|224|1032|106391622|103092.656976744|0
"360470816001"|0|1|1|0|1|1|0|1|1|1|0|0|0|1|0|6870|16320|11090|22650|NA|840|126|340|48297260|142050.764705882|0
"360471026001"|0|1|0|0|0|0|0|1|1|1|0|0|1|0|0|9000|9000|NA|NA|3000|3|0|6|171600|28600|0
"360510302022"|0|1|1|0|0|0|0|1|1|1|0|0|0|1|0|6870|16650|11090|22650|13610|518|142|514|38881256|75644.46692607|0
"360510304002"|0|1|1|0|0|0|0|1|1|1|0|0|0|1|0|6870|16650|11090|22650|13610|518|142|514|38881256|75644.46692607|0
"360510304003"|0|1|1|0|0|0|0|1|1|1|0|0|0|1|0|6870|16650|11090|22650|13610|518|142|514|38881256|75644.46692607|0
"360510305001"|0|1|1|0|0|0|0|1|1|1|0|0|0|1|0|6870|16650|11090|22650|13610|518|142|514|38881256|75644.46692607|0
"360510306002"|0|1|0|0|0|0|0|1|1|1|1|0|1|0|0|9480|9480|NA|NA|6400|18|6|8|283642|35455.25|0
"360530305011"|0|1|0|0|0|0|0|1|1|1|0|0|1|0|0|34024|34024|NA|NA|14596|150|33|108|6849734|63423.462962963|0
"360530305012"|0|1|0|0|0|0|0|1|1|1|0|0|1|0|0|34024|34024|NA|NA|14596|150|33|108|6849734|63423.462962963|0
"360530307002"|0|1|0|0|0|0|0|1|1|1|0|0|0|1|0|6870|16320|NA|NA|15600|337|94|286|17308108|60517.8601398601|0
"360530309001"|0|1|1|0|0|0|0|1|1|1|0|0|0|1|0|55530|55530|55530|55530|13995|652|245|678|71826490|105938.775811209|0
"360550010001"|0|1|0|0|0|0|0|1|1|0|0|1|1|0|0|NA|NA|NA|NA|NA|0|0|0|0|NA|0
"360550010003"|0|1|0|0|0|0|0|1|1|0|0|1|1|0|0|NA|NA|NA|NA|NA|0|0|0|0|NA|0
"360550031001"|0|1|0|0|0|0|0|1|1|1|0|0|1|0|0|6150|6150|6150|6150|4400|0|0|4|120000|30000|0
"360550031002"|0|1|0|0|0|0|0|1|1|1|0|0|1|0|0|6150|6150|6150|6150|4400|0|0|4|120000|30000|0
"360550031003"|0|1|0|0|0|0|0|1|1|1|0|0|1|0|0|6150|6150|6150|6150|4400|0|0|4|120000|30000|0
"360550031004"|0|1|0|0|0|0|0|1|1|1|0|0|1|0|0|6150|6150|6150|6150|4400|0|0|4|120000|30000|0
"360550034002"|0|1|0|0|0|0|0|1|1|0|0|1|1|0|0|NA|NA|NA|NA|NA|0|0|0|0|NA|0
"360550036002"|0|0|1|0|0|0|0|1|1|1|0|0|1|0|0|NA|NA|10770|10770|NA|19|6|10|689796|68979.6|0
"360550036003"|0|0|1|0|0|0|0|1|1|1|0|0|1|0|0|NA|NA|10770|10770|NA|19|6|10|689796|68979.6|0
"360550038021"|0|1|1|0|1|1|0|1|1|1|0|0|0|0|1|52974|52974|39696|39696|16122|3659|844|1534|184180250|120065.35202086|0
"360550104001"|0|1|0|0|0|0|0|1|1|0|0|1|1|0|0|NA|NA|NA|NA|NA|0|0|0|0|NA|0
"360550104002"|0|1|0|0|0|0|0|1|1|0|0|1|1|0|0|NA|NA|NA|NA|NA|0|0|0|0|NA|0
"360550104003"|0|1|0|0|0|0|0|1|1|0|0|1|1|0|0|NA|NA|NA|NA|NA|0|0|0|0|NA|0
"360550106021"|0|1|0|0|0|0|0|1|1|0|0|1|1|0|0|NA|NA|NA|NA|NA|0|0|0|0|NA|0
"360550106025"|0|1|0|0|0|0|0|1|1|0|0|1|1|0|0|NA|NA|NA|NA|NA|0|0|0|0|NA|0
"360550122012"|0|1|2|0|0|0|0|2|2|2|0|0|1|1|0|NA|NA|28458|28458|NA|356|123|464|40893650|143072.155749636|0
"360550122013"|0|0|1|0|0|0|0|1|1|1|0|0|1|0|0|NA|NA|11358|11358|NA|5|1|6|326992|54498.6666666667|0
"360550122014"|0|1|2|0|0|0|0|2|2|2|0|0|1|1|0|NA|NA|28098|28098|NA|276|119|378|28684938|130729.704301075|0
"360550126005"|0|0|1|0|0|0|0|1|1|1|0|0|1|0|0|NA|NA|11358|11358|NA|5|1|6|326992|54498.6666666667|0
"360550128001"|0|0|1|0|0|0|0|1|1|1|0|0|1|0|0|NA|NA|10770|10770|NA|19|6|10|689796|68979.6|0
"360550130014"|0|1|0|0|0|0|0|1|1|1|1|0|0|0|1|4380|8760|NA|NA|8780|606|170|582|38162852|65571.910652921|0
"360550130024"|0|1|0|0|0|0|0|1|1|1|1|0|1|0|0|16150|16150|NA|NA|NA|15|12|20|1126852|56342.6|0
"360550131011"|0|1|0|0|0|0|0|1|1|1|1|0|1|0|0|16150|16150|NA|NA|NA|15|12|20|1126852|56342.6|0
"360550131013"|0|1|0|0|0|0|0|1|1|1|1|0|1|0|0|16150|16150|NA|NA|NA|15|12|20|1126852|56342.6|0
"360550131031"|0|1|1|0|0|0|0|1|1|1|0|0|0|0|1|41761|41761|45520|45520|13046|2447|876|2088|197996698|94826.004789272|0
"360550131041"|0|1|0|0|0|0|0|1|1|0|0|1|1|0|0|NA|NA|NA|NA|NA|0|0|0|0|NA|0
"360550131042"|0|1|0|0|0|0|0|1|1|0|0|1|1|0|0|NA|NA|NA|NA|NA|0|0|0|0|NA|0
"360550131043"|0|1|0|0|0|0|0|1|1|0|0|1|1|0|0|NA|NA|NA|NA|NA|0|0|0|0|NA|0
"360550135061"|0|1|0|0|0|0|0|1|1|0|0|1|1|0|0|NA|NA|NA|NA|NA|0|0|0|0|NA|0
"360550135063"|0|1|0|0|0|0|0|1|1|0|0|1|1|0|0|NA|NA|NA|NA|NA|0|0|0|0|NA|0
"360550136043"|0|1|0|0|0|0|0|1|1|1|0|0|1|0|0|16614|16614|NA|NA|NA|25|17|10|725114|72511.4|0
"360550142023"|0|1|0|0|0|0|0|1|1|0|0|1|1|0|0|NA|NA|NA|NA|NA|0|0|0|0|NA|0
"360550145012"|0|1|2|0|0|0|0|2|2|2|0|0|1|1|0|NA|NA|23508|23508|NA|180|77|198|12623912|131755.155913978|0
"360550145051"|0|1|2|0|0|0|0|2|2|2|0|0|1|1|0|NA|NA|23508|23508|NA|180|77|198|12623912|131755.155913978|0
"360550153011"|0|1|1|0|0|0|0|1|1|1|0|0|0|1|0|6870|16650|11090|22650|13358|651|187|684|51994158|76014.850877193|0
"360550153012"|0|1|1|0|0|0|0|1|1|1|0|0|0|1|0|6870|16650|11090|22650|13358|651|187|684|51994158|76014.850877193|0
"360550153044"|0|1|1|0|0|0|0|1|1|1|0|0|0|1|0|6870|16650|11090|22650|13358|651|187|684|51994158|76014.850877193|0
"360570722001"|0|1|0|0|0|0|0|1|1|1|1|0|0|1|0|4600|9200|NA|NA|12810|102|27|96|7143092|74407.2083333333|0
"360570722002"|0|1|0|0|0|0|0|1|1|1|1|0|0|1|0|4600|9200|NA|NA|12810|102|27|96|7143092|74407.2083333333|0
"360593001004"|0|1|1|0|0|0|0|1|1|1|0|0|0|1|0|NA|NA|NA|NA|NA|128|27|210|26107810|124322.904761905|0
"360593009005"|0|0|1|0|0|0|0|1|0|1|0|0|1|0|0|NA|NA|NA|NA|NA|0|0|82|82|1|0
"360593018002"|0|0|1|0|0|0|0|1|0|1|0|0|1|0|0|NA|NA|NA|NA|NA|0|0|82|82|1|0
"360593036004"|0|0|1|0|1|0|0|1|1|1|0|0|1|0|0|15490|15490|18316|18316|NA|8|0|12|833140|69428.3333333333|0
"360594067013"|0|1|0|0|0|0|0|1|1|0|0|1|1|0|0|NA|NA|NA|NA|NA|0|0|0|0|NA|0
"360594069002"|0|1|0|0|0|0|0|1|1|0|0|1|1|0|0|NA|NA|NA|NA|NA|0|0|0|0|NA|0
"360594070006"|0|1|0|0|0|0|0|1|1|0|0|1|1|0|0|NA|NA|NA|NA|NA|0|0|0|0|NA|0
"360594071011"|0|1|0|0|0|0|0|1|1|0|0|1|1|0|0|NA|NA|NA|NA|NA|0|0|0|0|NA|0
"360594072013"|0|1|0|0|0|0|0|1|1|0|0|1|1|0|0|NA|NA|NA|NA|NA|0|0|0|0|NA|0
"360594073011"|0|2|1|0|0|1|0|2|2|2|1|0|0|0|2|49990|55340|NA|NA|NA|1827|567|1778|195120558|217249.644177911|0
"360594088002"|0|2|0|0|0|0|0|2|2|0|0|2|1|1|0|NA|NA|NA|NA|NA|0|0|0|0|NA|0
"360594090005"|0|2|0|0|0|0|0|2|2|0|0|2|1|1|0|NA|NA|NA|NA|NA|0|0|0|0|NA|0
"360594092005"|0|1|0|0|0|0|0|1|1|0|0|1|1|0|0|NA|NA|NA|NA|NA|0|0|0|0|NA|0
"360594116003"|0|1|1|0|0|0|0|1|1|1|0|0|1|0|0|9000|9000|9000|9000|6000|12|3|42|2246100|53478.5714285714|0
"360594126001"|0|1|1|0|0|0|0|1|1|1|0|0|0|1|0|30270|30270|20790|20790|15032|343|113|384|38164334|99386.2864583333|0
"360594163004"|0|1|1|0|0|0|0|1|1|1|0|0|1|0|0|9000|9000|9000|9000|6000|12|3|42|2246100|53478.5714285714|0
"360594166004"|0|1|0|0|0|0|0|1|1|1|0|0|1|0|0|8450|8450|NA|NA|4900|11|2|16|916064|57254|0
"360595170001"|0|1|0|0|0|0|0|1|1|1|0|0|1|0|0|49750|49750|NA|NA|15050|23|2|20|2384592|119229.6|0
"360595177012"|0|1|1|0|0|0|0|1|1|1|0|0|1|0|0|14040|14040|16956|16956|NA|14|3|18|1033200|57400|0
"360595177051"|0|1|1|0|0|1|0|1|1|1|0|0|0|1|0|35585|35585|23130|23130|17326|585|124|462|50291842|108856.800865801|0
"360595193003"|0|1|0|0|0|0|0|1|1|0|0|1|1|0|0|16000|16000|NA|NA|NA|0|0|0|0|NA|0
"360595201005"|0|1|1|0|0|0|0|1|1|1|0|0|0|1|0|6870|16650|9344|22650|13238|530|129|494|41530828|84070.5020242915|0
"360595220001"|0|1|0|0|0|0|0|1|1|0|0|1|1|0|0|NA|NA|NA|NA|NA|0|0|0|0|NA|0
"360595220003"|0|1|0|0|0|0|0|1|1|1|1|0|1|0|0|16200|16200|NA|NA|NA|6|3|6|431000|71833.3333333333|0
"360595220004"|0|1|0|0|0|0|0|1|1|1|1|0|1|0|0|16200|16200|NA|NA|NA|6|3|6|431000|71833.3333333333|0
"360599801001"|0|1|1|0|0|0|0|1|1|1|0|0|0|1|0|37000|37000|40750|40750|15670|786|301|680|75707534|111334.608823529|0
"360599811001"|0|3|3|0|0|1|0|3|2|2|0|0|0|1|1|NA|NA|NA|NA|NA|1235|372|1456|154679348|NA|0
"360599821001"|0|1|1|0|0|0|0|1|1|1|0|0|0|1|0|6870|16650|11090|22650|11530|318|77|344|29901642|86923.3779069767|0
"360610006001"|0|1|1|0|0|0|0|1|1|1|0|0|1|0|0|11500|11500|11500|11500|4000|2|2|20|786696|39334.8|0
"360610009001"|0|1|0|0|0|0|0|1|1|1|0|0|1|0|0|36000|36000|NA|NA|16840|60|22|58|5496866|94773.5517241379|0
"360610013001"|0|1|1|0|0|0|0|1|1|1|0|0|0|1|0|18604|18604|28050|28050|NA|72|11|40|3333356|83333.9|0
"360610013002"|0|1|0|0|0|0|0|1|1|1|1|0|1|0|0|12960|12960|NA|NA|NA|51|4|24|1782514|74271.4166666667|0
"360610015011"|0|1|1|0|0|0|0|1|1|1|0|0|0|0|1|43624|43624|30408|30408|18529|1041|454|996|111797704|112246.690763052|0
"360610015021"|0|1|1|0|0|0|0|1|1|1|0|0|1|0|0|9997|9997|15636|15636|NA|31|18|24|1504978|62707.4166666667|0
"360610029004"|0|1|1|0|0|0|0|1|1|1|0|0|0|0|1|43624|43624|30408|30408|18529|1041|454|996|111797704|112246.690763052|0
"360610033002"|0|0|2|0|0|0|0|2|2|2|0|0|1|1|0|NA|NA|61436|61436|NA|125|36|130|21903724|243186.433497537|0
"360610033003"|0|1|0|0|0|0|0|1|1|0|0|1|1|0|0|NA|NA|NA|NA|NA|0|0|0|0|NA|0
"360610037003"|0|1|0|0|0|0|0|1|1|0|0|1|1|0|0|NA|NA|NA|NA|NA|0|0|0|0|NA|0
"360610039003"|0|1|0|0|0|0|0|1|1|1|1|0|0|0|1|4800|7680|NA|NA|NA|838|303|1112|98765318|88817.7320143885|0
"360610045001"|0|1|0|0|0|0|0|1|1|0|0|1|1|0|0|NA|NA|NA|NA|NA|0|0|0|0|NA|0
"360610054001"|0|2|1|0|0|0|0|2|2|2|1|0|1|1|0|NA|NA|NA|NA|NA|170|88|316|32646926|148986.733333333|0
"360610055011"|0|1|1|0|0|1|0|1|1|1|0|0|0|0|1|49256|49256|42888|42888|18156|6996|2061|6092|845502116|138788.922521339|0
"360610057002"|0|1|2|0|0|0|0|2|2|2|0|0|2|0|0|NA|NA|55711|55711|NA|326|73|176|19672936|223137.473574045|0
"360610058001"|0|1|0|0|0|0|0|1|1|1|0|0|1|0|0|28533|28533|NA|NA|NA|11|1|14|1539544|109967.428571429|0
"360610063002"|0|1|1|0|0|0|0|1|1|1|0|0|0|0|1|47997|47997|45669|45669|18700|1029|153|818|85288704|104264.919315403|0
"360610063003"|0|1|0|0|0|0|0|1|1|0|0|1|1|0|0|18800|18800|NA|NA|17175|0|0|0|0|NA|0
"360610064001"|0|1|1|0|0|0|0|1|1|1|0|0|0|1|0|39900|39900|44700|44700|20400|555|159|840|23922294|28478.9214285714|0
"360610068005"|0|1|1|0|0|0|0|1|1|1|0|0|0|0|1|6730|14400|10770|19920|18580|742|193|986|117975416|119650.523326572|0
"360610074001"|0|2|2|0|0|0|0|2|2|2|0|0|0|2|0|21614|29284|26492|39292|NA|736|153|480|65966634|243829.319216182|0
"360610074003"|0|2|0|0|0|0|0|2|2|1|1|1|2|0|0|NA|NA|NA|NA|NA|30|13|20|1684758|NA|0
"360610076001"|0|2|0|0|0|0|0|2|2|0|0|2|2|0|0|NA|NA|NA|NA|NA|0|0|0|0|NA|0
"360610081002"|0|1|0|0|0|0|0|1|1|0|0|1|1|0|0|NA|NA|NA|NA|NA|0|0|0|0|NA|0
"360610081004"|0|1|0|0|0|0|0|1|0|0|0|1|1|0|0|30250|30250|NA|NA|NA|0|0|0|0|NA|0
"360610081006"|0|0|1|0|0|0|0|1|1|1|0|0|1|0|0|NA|NA|23600|23600|NA|0|0|0|0|NA|0
"360610082001"|0|1|0|0|0|0|0|1|1|0|0|1|1|0|0|NA|NA|NA|NA|NA|0|0|0|0|NA|0
"360610082002"|0|1|0|0|0|0|0|1|1|0|0|1|1|0|0|NA|NA|NA|NA|NA|0|0|0|0|NA|0
"360610082003"|0|1|0|0|0|0|0|1|1|0|0|1|1|0|0|NA|NA|NA|NA|NA|0|0|0|0|NA|0
"360610084002"|0|1|0|0|0|0|0|1|1|1|1|0|1|0|0|4800|7680|NA|NA|NA|108|32|106|8836228|83360.641509434|0
"360610088001"|0|1|1|0|0|0|0|1|1|0|0|0|0|0|0|NA|NA|NA|NA|NA|942|265|0|0|NA|0
"360610089004"|0|0|1|0|0|0|0|1|1|1|0|0|1|0|0|NA|NA|15000|15000|NA|25|2|10|623000|62300|0
"360610091002"|0|2|0|0|0|0|0|2|2|1|1|1|2|0|0|NA|NA|NA|NA|NA|122|5|116|6749488|NA|0
"360610094001"|0|1|0|0|0|0|0|1|1|1|0|0|0|1|0|23617|23617|NA|NA|NA|185|32|174|14843822|85309.3218390805|0
"360610095001"|0|1|0|0|0|0|0|1|1|0|0|1|1|0|0|NA|NA|NA|NA|NA|0|0|0|0|NA|0
"360610095002"|0|1|1|0|0|0|0|1|1|1|0|0|0|1|0|6870|20792|11542|23586|14480|621|291|468|49027264|104759.111111111|0
"360610096001"|0|1|2|0|1|0|0|3|3|2|0|1|3|0|0|NA|NA|NA|NA|NA|222|60|154|18547414|NA|0
"360610098005"|0|1|0|0|0|0|0|1|1|0|0|1|1|0|0|16400|16400|NA|NA|NA|0|0|0|0|NA|0
"360610100001"|0|0|1|0|0|0|0|1|1|1|0|0|1|0|0|NA|NA|45600|45600|NA|27|4|22|1978626|89937.5454545455|0
"360610101001"|0|1|0|0|0|0|0|1|1|0|0|1|1|0|0|NA|NA|NA|NA|NA|0|0|0|0|NA|0
"360610102001"|0|1|1|0|0|0|0|1|1|1|0|0|0|1|0|26210|26210|28500|28500|20350|125|12|46|3483044|75718.347826087|0
"360610103001"|0|1|0|0|0|0|0|1|1|0|0|1|1|0|0|NA|NA|NA|NA|NA|0|0|0|0|NA|0
"360610109001"|0|2|1|0|0|1|0|2|2|1|0|1|1|0|1|NA|NA|NA|NA|NA|898|255|842|69367720|NA|0
"360610111001"|0|1|0|0|0|0|0|2|1|0|0|1|1|0|0|NA|NA|NA|NA|NA|0|0|0|0|NA|0
"360610112011"|0|1|0|0|0|0|0|1|1|0|0|1|1|0|0|NA|NA|NA|NA|NA|0|0|0|0|NA|0
"360610116001"|0|1|2|0|0|1|0|3|2|2|0|1|2|1|0|NA|NA|NA|NA|NA|6652|2075|170|40915452|NA|0
"360610119002"|0|1|0|0|0|0|0|1|1|0|0|1|1|0|0|NA|NA|NA|NA|NA|0|0|0|0|NA|0
"360610120004"|0|2|2|0|0|0|0|2|2|2|0|0|1|0|1|36730|44400|44670|53820|29658|1020|282|1300|140443244|NA|0
"360610121004"|0|1|0|0|0|0|0|1|1|0|0|1|1|0|0|NA|NA|NA|NA|NA|0|0|0|0|NA|0
"360610121005"|0|1|0|0|0|0|0|1|1|0|0|1|1|0|0|NA|NA|NA|NA|NA|0|0|0|0|NA|0
"360610126002"|0|1|0|0|0|0|0|1|1|1|0|0|0|1|0|32210|32210|NA|NA|16832|182|64|184|15020354|81632.3586956522|0
"360610131001"|0|1|0|0|0|0|0|1|1|0|0|1|1|0|0|18000|18000|NA|NA|NA|0|0|0|0|NA|0
"360610131002"|0|2|0|0|0|0|0|2|2|1|1|1|2|0|0|32000|32000|NA|NA|NA|32|8|28|1863900|NA|0
"360610135001"|0|1|0|0|0|0|0|1|1|1|1|0|1|0|0|16905|16905|NA|NA|NA|16|6|0|0|NA|0
"360610139003"|0|1|0|0|0|0|0|1|1|0|0|1|1|0|0|13050|13050|NA|NA|10175|0|0|0|0|NA|0
"360610147001"|0|1|1|0|0|0|0|1|1|1|0|0|0|0|1|6730|14400|10770|19920|21152|614|159|804|80909498|100633.703980099|0
"360610149001"|0|1|1|0|0|0|0|1|1|1|0|0|1|0|0|45110|45110|45110|45110|16950|329|83|250|24326274|97305.096|0
"360610151002"|0|1|0|0|0|0|0|1|1|1|0|0|0|1|0|38600|38600|NA|NA|13800|174|64|200|18091358|90456.79|0
"360610168002"|0|0|1|0|1|1|0|1|1|1|0|0|0|1|0|NA|NA|27372|27372|NA|0|0|0|0|NA|0
"360610198001"|0|1|1|0|1|0|0|2|2|2|0|0|2|0|0|NA|NA|NA|NA|NA|81|21|104|8884374|173301.722222222|0
"360610199002"|0|0|1|0|0|0|0|1|1|1|0|0|1|0|0|NA|NA|39010|39010|NA|303|53|42|3732322|88864.8095238095|0
"360610203001"|0|0|1|0|0|0|0|1|1|1|0|0|0|1|0|NA|NA|39240|39240|NA|753|78|456|59807826|131157.513157895|0
"360610203002"|0|1|1|0|0|1|0|1|1|1|0|0|0|0|1|50665|50665|46216|46216|14016|8314|1425|3260|550504668|168866.462576687|0
"360610205001"|0|1|2|0|0|0|0|3|3|3|0|0|2|1|0|NA|NA|NA|NA|NA|614|193|548|65146306|283653.732914923|0
"360610211003"|0|1|1|0|0|0|0|1|1|1|0|0|0|1|0|46700|46700|46700|46700|15785|116|32|186|13531604|72750.5591397849|0
"360610211007"|0|1|1|0|0|0|0|1|1|1|0|0|1|0|0|53956|53956|31710|31710|15070|158|45|68|6757058|99368.5|0
"360610217031"|0|1|1|0|0|1|0|1|1|1|0|0|0|0|1|6730|14400|10770|19920|15988|818|165|1058|118729338|112220.5463138|0
"360610241002"|0|1|1|0|0|0|0|1|1|1|0|0|1|0|0|11000|11000|15000|15000|NA|72|42|68|3546948|52161|0
"360610269002"|0|1|1|0|0|1|0|1|1|1|0|0|0|1|0|41000|41000|34800|34800|12000|710|145|686|75189680|109605.947521866|0
"360610317031"|0|1|0|0|0|0|0|1|1|0|0|1|1|0|0|NA|NA|NA|NA|NA|0|0|0|0|NA|0
"360630226023"|0|1|0|0|0|0|0|1|1|0|0|1|1|0|0|NA|NA|NA|NA|NA|0|0|0|0|NA|0
"360630243033"|0|2|0|0|0|0|0|2|2|1|1|1|1|1|0|NA|NA|NA|NA|NA|208|71|196|15235696|NA|0
"360630244061"|0|1|1|0|0|0|0|1|1|1|0|0|0|1|0|31700|31700|14308|14308|13200|317|104|318|24918360|78359.6226415094|0
"360650213012"|0|1|0|0|0|0|0|1|1|1|1|0|0|1|0|4370|8740|NA|NA|10470|280|105|256|15148122|59172.3515625|0
"360650213031"|0|1|0|0|0|0|0|1|1|1|1|0|0|1|0|4370|8740|NA|NA|10470|280|105|256|15148122|59172.3515625|0
"360650214013"|0|1|1|0|0|0|0|1|1|1|0|0|0|1|0|20832|20832|21480|21480|11248|286|114|298|24577332|82474.2684563758|0
"360650217011"|0|1|0|0|0|0|0|1|1|1|1|0|1|0|0|15610|20244|NA|NA|NA|13|4|36|3261600|90600|0
"360650250031"|0|1|0|0|0|0|0|1|1|1|0|0|0|1|0|54080|54080|NA|NA|13870|453|137|406|45280936|111529.399014778|0
"360650262001"|0|1|1|0|0|0|0|1|1|1|0|0|0|1|0|6870|16650|11090|22650|12722|250|57|288|27703636|96193.1805555556|0
"360650262002"|0|1|1|0|0|0|0|1|1|1|0|0|0|1|0|6870|16650|11090|22650|12722|250|57|288|27703636|96193.1805555556|0
"360650262005"|0|1|1|0|0|0|0|1|1|1|0|0|0|1|0|6870|16650|11090|22650|12722|250|57|288|27703636|96193.1805555556|0
"360650263001"|0|1|0|0|0|0|0|1|1|0|0|1|1|0|0|NA|NA|NA|NA|NA|0|0|0|0|NA|0
"360650265001"|0|1|1|0|0|0|0|1|1|1|0|0|0|1|0|20832|20832|21480|21480|11248|286|114|298|24577332|82474.2684563758|0
"360670001001"|0|1|0|0|0|0|0|1|1|1|1|0|1|0|0|18700|18700|NA|NA|8300|18|3|42|3707938|88284.2380952381|0
"360670016001"|0|1|0|0|0|0|0|1|1|1|1|0|1|0|0|16962|16962|NA|NA|10000|32|18|36|2095654|58212.6111111111|0
"360670023002"|0|1|0|0|0|0|0|1|1|1|1|0|1|0|0|18700|18700|NA|NA|8300|18|3|42|3707938|88284.2380952381|0
"360670032001"|0|1|0|0|0|0|0|1|1|1|1|0|1|0|0|18700|18700|NA|NA|8300|18|3|42|3707938|88284.2380952381|0
"360670032002"|0|2|0|0|0|0|0|2|2|1|1|1|2|0|0|NA|NA|NA|NA|NA|18|3|42|3707938|NA|0
"360670034001"|0|2|0|0|0|0|0|2|2|1|1|1|2|0|0|NA|NA|NA|NA|NA|18|3|42|3707938|NA|0
"360670043011"|0|3|2|0|1|1|0|3|3|3|1|0|1|1|1|71240|81020|NA|NA|NA|4397|972|2612|276720612|289805.521164789|0
"360670043022"|0|1|1|0|0|0|0|1|1|1|0|0|0|1|0|6870|16650|11090|22650|17870|266|61|256|23104194|90250.7578125|0
"360670111021"|0|2|0|0|0|0|0|2|2|0|0|2|2|0|0|NA|NA|NA|NA|NA|0|0|0|0|NA|0
"360670111023"|0|2|0|0|0|0|0|2|2|0|0|2|2|0|0|NA|NA|NA|NA|NA|0|0|0|0|NA|0
"360670113003"|0|1|0|0|0|0|0|1|1|1|0|0|1|0|0|16138|16138|NA|NA|NA|24|13|20|1118688|55934.4|0
"360670135001"|0|2|0|0|0|0|0|2|2|0|0|2|2|0|0|NA|NA|NA|NA|NA|0|0|0|0|NA|0
"360670139001"|0|1|0|0|0|0|0|1|1|0|0|1|1|0|0|NA|NA|NA|NA|NA|0|0|0|0|NA|0
"360670139002"|0|1|0|0|0|0|0|1|1|0|0|1|1|0|0|NA|NA|NA|NA|NA|0|0|0|0|NA|0
"360670140003"|0|1|0|0|0|0|0|1|1|0|0|1|1|0|0|NA|NA|NA|NA|NA|0|0|0|0|NA|0
"360670146001"|0|1|1|0|0|0|0|1|1|1|0|0|0|1|0|33560|33560|14220|14220|13780|294|102|342|28252038|82608.298245614|0
"360670146002"|0|1|1|0|0|0|0|1|1|1|0|0|0|1|0|33560|33560|14220|14220|13780|294|102|342|28252038|82608.298245614|0
"360670163003"|0|1|0|0|0|0|0|1|1|1|1|0|0|1|0|4900|9800|NA|NA|7940|414|129|374|26582056|71075.0160427807|0
"360670163004"|0|1|0|0|0|0|0|1|1|1|1|0|0|1|0|4900|9800|NA|NA|7940|414|129|374|26582056|71075.0160427807|0
"360690512002"|0|1|0|0|0|0|0|1|1|1|1|0|0|1|0|4584|6876|NA|NA|9737|219|69|228|14163090|62118.8157894737|0
"360690517001"|0|2|0|0|0|0|0|2|1|1|1|1|2|0|0|18460|18460|NA|NA|NA|5|3|26|1690000|NA|0
"360690519004"|0|1|1|0|0|0|0|1|1|1|0|0|0|1|0|54060|54060|13515|13515|14785|349|131|424|36261156|85521.5943396226|0
"360710001002"|0|1|1|0|0|0|0|1|1|1|0|0|0|1|0|30046|30046|14454|14454|15108|245|87|158|12445752|78770.582278481|0
"360710001003"|0|1|1|0|0|0|0|1|1|1|0|0|0|1|0|30046|30046|14454|14454|15108|245|87|158|12445752|78770.582278481|0
"360710015003"|0|1|0|0|0|0|0|1|1|0|0|1|1|0|0|NA|NA|NA|NA|NA|0|0|0|0|NA|0
"360710016003"|0|1|0|0|0|0|0|1|1|1|1|0|0|1|0|4976|9952|NA|NA|NA|268|109|274|21430626|78213.9635036496|0
"360710016004"|0|1|0|0|0|0|0|1|1|1|1|0|0|1|0|4976|9952|NA|NA|NA|268|109|274|21430626|78213.9635036496|0
"360710121004"|0|1|0|0|0|0|0|1|1|0|0|1|1|0|0|NA|NA|NA|NA|NA|0|0|0|0|NA|0
"360710121005"|0|1|0|0|0|0|0|1|1|0|0|1|1|0|0|NA|NA|NA|NA|NA|0|0|0|0|NA|0
"360710128003"|0|1|0|0|0|0|0|1|1|1|0|0|1|0|0|8900|8900|NA|NA|4700|0|0|4|255828|63957|0
"360710135001"|0|2|0|0|0|0|0|2|2|2|0|0|1|1|0|23500|23500|NA|NA|9920|50|7|320|10346236|68607.6|0
"360710136001"|0|1|0|0|0|0|0|1|1|1|0|0|0|1|0|NA|NA|NA|NA|NA|477|148|538|60656974|112745.304832714|0
"360710137002"|0|1|0|0|0|0|0|1|1|1|0|0|0|1|0|NA|NA|NA|NA|NA|477|148|538|60656974|112745.304832714|0
"360710139001"|0|2|0|0|0|0|0|2|2|2|0|0|1|1|0|23500|23500|NA|NA|9920|50|7|320|10346236|68607.6|0
"360710150031"|0|2|0|0|0|0|0|2|2|2|0|0|1|1|0|23500|23500|NA|NA|9920|50|7|320|10346236|68607.6|0
"360750204002"|0|1|0|0|0|0|0|1|1|0|0|1|1|0|0|NA|NA|NA|NA|NA|0|0|0|0|NA|0
"360750214011"|0|1|1|0|0|0|0|1|1|1|0|0|0|1|0|6870|16650|11090|22650|14140|748|187|742|52575650|70856.6711590296|0
"360775905001"|0|1|0|0|0|0|0|1|1|0|0|1|1|0|0|NA|NA|NA|NA|NA|0|0|0|0|NA|0
"360775912001"|0|2|1|0|0|0|0|2|2|2|0|0|0|2|0|51520|61300|NA|NA|25665|799|216|770|53358820|139565.352911896|0
"360775913001"|0|1|1|0|0|0|0|1|1|1|0|0|0|1|0|6870|16650|11090|22650|13205|622|141|574|39487572|68793.6794425087|0
"360810019001"|0|1|1|0|0|0|0|2|2|1|0|1|1|1|0|NA|NA|NA|NA|NA|99|26|98|13743208|NA|0
"360810057003"|0|1|0|0|0|0|0|1|1|0|0|1|1|0|0|19400|19400|NA|NA|NA|0|0|0|0|NA|0
"360810134004"|0|1|1|0|0|0|0|1|1|1|0|0|1|0|0|15350|15350|16350|16350|2100|8|1|12|813910|67825.8333333333|0
"360810155002"|0|1|0|0|0|0|0|1|1|0|0|1|1|0|0|NA|NA|NA|NA|NA|0|0|0|0|NA|0
"360810179001"|0|3|0|0|0|0|0|3|3|1|1|2|2|0|1|NA|NA|NA|NA|NA|757|258|718|66472526|NA|0
"360810179002"|0|3|0|0|0|0|0|3|3|1|1|2|2|0|1|NA|NA|NA|NA|NA|757|258|718|66472526|NA|0
"360810246001"|0|1|1|0|0|0|0|1|1|1|0|0|0|1|0|6730|14400|10770|19920|NA|408|114|372|35600526|95700.3387096774|0
"360810347002"|0|1|1|0|0|0|0|1|1|1|0|0|0|1|0|24460|24460|24840|24840|14100|85|7|80|6866502|85831.275|0
"360810440003"|0|1|0|0|0|0|0|1|1|1|1|0|1|0|0|NA|NA|NA|NA|NA|39|7|28|2e+06|71428.5714285714|0
"360810446012"|0|1|0|0|0|0|0|1|1|0|0|1|1|0|0|NA|NA|NA|NA|NA|0|0|0|0|NA|0
"360810553002"|0|1|0|0|0|0|0|1|1|0|0|1|1|0|0|NA|NA|NA|NA|NA|0|0|0|0|NA|0
"360810717012"|0|2|0|0|0|0|0|2|2|1|1|1|2|0|0|NA|NA|NA|NA|NA|18|4|34|2914000|NA|0
"360810731001"|0|1|0|0|0|0|0|1|1|0|0|1|1|0|0|NA|NA|NA|NA|NA|0|0|0|0|NA|0
"360810737001"|0|1|0|0|0|0|0|1|1|0|0|1|1|0|0|NA|NA|NA|NA|NA|0|0|0|0|NA|0
"360810757013"|0|1|0|0|0|0|0|1|1|1|0|0|1|0|0|11000|11000|NA|NA|NA|54|43|30|2059106|68636.8666666667|0
"360810779072"|0|1|1|0|0|0|0|1|1|1|0|0|1|0|0|9800|9800|9800|9800|6000|33|4|26|782150|30082.6923076923|0
"360810803023"|0|1|1|0|0|0|0|1|1|1|0|0|0|0|1|6730|14400|10770|19920|14730|683|216|1174|118024322|100531.790459966|0
"360810809007"|0|1|1|0|0|0|0|1|1|1|0|0|0|0|1|6730|14400|10770|19920|14730|683|216|1174|118024322|100531.790459966|0
"360810853001"|0|1|0|0|0|0|0|1|1|0|0|1|1|0|0|NA|NA|NA|NA|NA|0|0|0|0|NA|0
"360810869001"|0|2|0|0|0|0|0|2|2|0|0|2|2|0|0|NA|NA|NA|NA|NA|0|0|0|0|NA|0
"360810871001"|0|1|0|0|0|0|0|1|1|1|1|0|1|0|0|13299|13299|NA|NA|NA|64|8|36|1574730|43742.5|0
"360810871002"|0|1|0|0|0|0|0|1|1|1|1|0|1|0|0|13299|13299|NA|NA|NA|64|8|36|1574730|43742.5|0
"360810907001"|0|1|0|0|0|0|0|1|1|0|0|1|1|0|0|NA|NA|NA|NA|NA|0|0|0|0|NA|0
"360810945002"|0|1|0|0|0|0|0|1|1|0|0|1|1|0|0|NA|NA|NA|NA|NA|0|0|0|0|NA|0
"360811008024"|0|1|0|0|0|0|0|1|1|1|0|0|1|0|0|8250|8250|NA|NA|5500|6|1|14|622394|44456.7142857143|0
"360811010011"|0|1|1|0|0|0|0|1|1|1|0|0|1|0|0|9500|9500|9500|9500|4500|1|0|8|823610|102951.25|0
"360811010021"|0|2|1|0|0|0|0|2|2|2|0|0|2|0|0|20000|20000|NA|NA|12500|23|5|52|2901948|119063.371428571|0
"360811010022"|0|1|1|0|0|0|0|1|1|1|0|0|1|0|0|9000|9000|9000|9000|6000|12|3|42|2246100|53478.5714285714|0
"360811032022"|0|1|1|0|0|0|0|1|1|1|0|0|1|0|0|9000|9000|9000|9000|6000|12|3|42|2246100|53478.5714285714|0
"360811039004"|0|1|0|0|0|0|0|1|1|0|0|1|1|0|0|NA|NA|NA|NA|NA|0|0|0|0|NA|0
"360811267001"|0|1|1|0|0|0|0|1|1|1|0|0|0|0|1|40270|40270|18496|18496|16900|1057|422|1302|166500884|127880.86328725|0
"360811385011"|0|1|0|0|0|0|0|1|1|1|1|0|0|0|1|4800|7680|NA|NA|NA|629|202|800|71606796|89508.495|0
"360830405002"|0|1|0|0|0|0|0|1|1|1|1|0|1|0|0|11456|11456|NA|NA|NA|4|1|12|704618|58718.1666666667|0
"360830407001"|0|1|1|0|0|0|0|1|1|1|0|0|0|1|0|29357|29357|13140|13140|12618|226|67|244|14175444|58096.0819672131|0
"360830410001"|0|1|0|0|0|0|0|1|1|1|1|0|0|0|1|4650|11625|NA|NA|NA|336|117|460|29698142|64561.1782608696|0
"360830411001"|0|1|0|0|0|0|0|1|1|1|1|0|0|0|1|4650|11625|NA|NA|NA|336|117|460|29698142|64561.1782608696|0
"360830413004"|0|1|1|0|0|0|0|1|1|1|0|0|0|1|0|52550|52550|52550|52550|15260|1356|222|916|104774140|114382.248908297|0
"360850003002"|0|1|0|0|0|0|0|1|1|0|0|1|1|0|0|NA|NA|NA|NA|NA|0|0|0|0|NA|0
"360850039002"|0|0|0|0|0|0|0|1|0|0|0|0|0|0|0|NA|NA|NA|NA|NA|0|0|0|0|NA|0
"360850047001"|0|1|1|0|0|0|0|1|1|1|0|0|0|1|0|46140|46140|21150|21150|14124|264|86|212|15978568|75370.6037735849|0
"360850122002"|0|1|0|0|0|0|0|1|1|0|0|1|1|0|0|NA|NA|NA|NA|NA|0|0|0|0|NA|0
"360850273012"|0|1|1|0|0|0|0|1|1|1|0|0|0|0|1|6730|14400|10770|19920|18265|579|152|738|73216222|99208.972899729|0
"360850291031"|0|1|0|0|0|0|0|1|1|1|1|0|1|0|0|16815|16815|NA|NA|NA|21|5|26|1835550|70598.0769230769|0
"360870112001"|0|1|0|0|0|0|0|1|1|0|0|1|1|0|0|NA|NA|NA|NA|NA|0|0|0|0|NA|0
"360870113021"|0|1|0|0|0|0|0|1|1|0|0|1|1|0|0|NA|NA|NA|NA|NA|0|0|0|0|NA|0
"360870115051"|0|1|0|0|0|0|0|1|1|1|0|0|1|0|0|10220|10220|NA|NA|3850|9|1|58|915556|15785.4482758621|0
"360870116022"|0|2|0|0|0|0|0|2|2|2|1|0|1|1|0|17246|21992|NA|NA|NA|247|82|212|18326846|169882.841269841|0
"360870116023"|0|2|0|0|0|0|0|2|2|2|1|0|1|1|0|17246|21992|NA|NA|NA|247|82|212|18326846|169882.841269841|0
"360870121013"|0|1|0|0|0|0|0|1|1|1|0|0|1|0|0|8200|8200|NA|NA|5600|4|1|8|479966|59995.75|0
"360870121022"|0|1|0|0|0|0|0|1|1|1|0|0|1|0|0|8500|8500|NA|NA|NA|3|3|6|170400|28400|0
"360870121023"|0|2|0|0|0|0|0|2|2|2|0|0|2|0|0|22000|22000|NA|NA|NA|12|6|30|939936|60464|0
"360870121031"|0|1|0|0|0|0|0|1|1|1|0|0|1|0|0|11000|11000|NA|NA|4000|1|0|4|160000|40000|0
"360870121032"|0|3|0|0|0|0|0|3|3|3|0|0|3|0|0|31900|31900|NA|NA|12550|20|5|100|3308374|121519.668604651|0
"360870121033"|0|3|0|0|0|0|0|3|3|3|0|0|3|0|0|31900|31900|NA|NA|12550|20|5|100|3308374|121519.668604651|0
"360870121051"|0|1|1|0|0|0|0|1|1|1|0|0|1|0|0|7300|7300|6800|6800|4500|4|0|10|350000|35000|0
"360870121062"|0|1|0|0|0|0|0|1|1|1|0|0|1|0|0|9400|9400|NA|NA|6600|6|0|20|984400|49220|0
"360870130023"|0|1|1|0|0|0|0|1|1|1|0|0|0|1|0|28140|28140|16542|16542|13150|141|41|150|11414800|76098.6666666667|0
"360870130031"|0|1|1|0|0|0|0|1|1|1|0|0|0|1|0|31150|31150|18000|18000|13250|109|37|100|8100354|81003.54|0
"360894908002"|0|1|1|0|0|0|0|1|1|1|0|0|0|1|0|6870|16650|11090|22650|13390|420|130|486|31508856|64833.037037037|0
"360894911001"|0|1|1|0|0|0|0|1|1|1|0|0|0|1|0|48194|48194|33312|33312|14908|499|186|490|48055308|98072.0571428571|0
"360894912001"|0|1|1|0|0|0|0|1|1|1|0|0|0|1|0|6870|16650|11090|22650|13390|420|130|486|31508856|64833.037037037|0
"360894919001"|0|1|1|0|0|0|0|1|1|1|0|0|0|1|0|54454|54454|20400|20400|14134|530|109|386|33015404|85532.1347150259|0
"360894921002"|0|1|0|0|0|0|0|1|1|1|0|0|0|1|0|6870|13579|NA|NA|12800|277|75|258|16331048|63298.6356589147|0
"360910610005"|0|1|1|0|0|0|0|1|1|1|0|0|0|0|1|6870|16650|11090|22650|NA|453|225|334|29154638|87289.3353293413|0
"360910612006"|0|1|1|0|0|0|0|1|1|1|0|0|0|1|0|53258|53258|NA|NA|14494|635|200|592|53151710|89783.2939189189|0
"360910613031"|0|1|1|0|0|0|0|1|1|1|0|0|0|1|0|53258|53258|NA|NA|14494|635|200|592|53151710|89783.2939189189|0
"360910614033"|0|1|0|0|0|0|0|1|1|0|0|1|1|0|0|NA|NA|NA|NA|NA|0|0|0|0|NA|0
"360930206001"|0|1|0|0|0|0|0|1|1|1|1|0|1|0|0|9503|9503|NA|NA|NA|5|0|26|2012192|77392|0
"360930210011"|0|1|0|0|0|0|0|1|1|0|0|1|1|0|0|NA|NA|NA|NA|NA|0|0|0|0|NA|0
"360930217003"|0|1|0|0|0|0|0|1|1|0|0|1|1|0|0|NA|NA|NA|NA|NA|0|0|0|0|NA|0
"360930218006"|0|1|0|0|0|0|0|1|1|0|0|1|1|0|0|NA|NA|NA|NA|NA|0|0|0|0|NA|0
"360930334002"|0|1|0|0|0|0|0|1|1|1|0|0|0|1|0|54819|54819|NA|NA|13563|560|169|418|44222438|105795.306220096|0
"360930334003"|0|1|0|0|0|0|0|1|1|1|0|0|0|1|0|54819|54819|NA|NA|13563|560|169|418|44222438|105795.306220096|0
"360957403001"|0|1|0|0|0|0|0|1|1|1|0|0|0|1|0|6870|16650|NA|NA|13350|292|59|210|13862300|66010.9523809524|0
"360999503002"|0|0|1|0|0|0|0|1|1|1|0|0|1|0|0|NA|NA|16608|16608|NA|137|50|114|8688152|76211.8596491228|0
"360999503003"|0|0|1|0|0|0|0|1|1|1|0|0|1|0|0|NA|NA|16608|16608|NA|137|50|114|8688152|76211.8596491228|0
"360999503004"|0|0|1|0|0|0|0|1|1|1|0|0|1|0|0|NA|NA|16608|16608|NA|137|50|114|8688152|76211.8596491228|0
"361019629001"|0|1|0|0|0|0|0|1|1|1|1|0|0|1|0|4710|9420|NA|NA|9600|128|40|162|9760776|60251.7037037037|0
"361031105012"|0|1|0|0|0|0|0|1|1|0|0|1|1|0|0|NA|NA|NA|NA|NA|0|0|0|0|NA|0
"361031122061"|0|1|1|0|0|0|0|1|1|1|0|0|0|1|0|6870|16650|9344|22650|13238|530|129|494|41530828|84070.5020242915|0
"361031122063"|0|1|1|0|0|0|0|1|1|1|0|0|0|1|0|6870|16650|9344|22650|13238|530|129|494|41530828|84070.5020242915|0
"361031122121"|0|1|1|0|0|0|0|1|1|1|0|0|1|0|0|20880|20880|16500|16500|12600|56|5|56|3508126|62645.1071428571|0
"361031122122"|0|1|1|0|0|0|0|1|1|1|0|0|1|0|0|20880|20880|16500|16500|12600|56|5|56|3508126|62645.1071428571|0
"361031233011"|0|1|0|0|0|0|0|1|1|0|0|1|1|0|0|NA|NA|NA|NA|NA|0|0|0|0|NA|0
"361031235004"|0|1|0|0|0|0|0|1|1|1|1|0|1|0|0|16200|16200|NA|NA|NA|6|3|6|431000|71833.3333333333|0
"361031237011"|0|1|0|0|0|0|0|1|1|0|0|1|1|0|0|NA|NA|NA|NA|NA|0|0|0|0|NA|0
"361031237012"|0|1|0|0|0|0|0|1|1|0|0|1|1|0|0|NA|NA|NA|NA|NA|0|0|0|0|NA|0
"361031237013"|0|1|0|0|0|0|0|1|1|0|0|1|1|0|0|NA|NA|NA|NA|NA|0|0|0|0|NA|0
"361031353012"|0|1|0|0|0|0|0|1|1|0|0|1|1|0|0|NA|NA|NA|NA|NA|0|0|0|0|NA|0
"361031456032"|0|1|1|0|0|0|0|1|0|0|0|0|1|0|0|NA|NA|NA|NA|NA|0|0|0|0|NA|0
"361031458041"|0|1|0|0|0|0|0|1|1|0|0|1|1|0|0|NA|NA|NA|NA|NA|0|0|0|0|NA|0
"361031461061"|0|1|0|0|0|0|0|1|1|0|0|1|1|0|0|NA|NA|NA|NA|NA|0|0|0|0|NA|0
"361031466071"|0|1|0|0|0|0|0|1|1|0|0|1|1|0|0|NA|NA|NA|NA|NA|0|0|0|0|NA|0
"361031466072"|0|2|0|0|0|0|0|2|2|1|0|1|2|0|0|NA|NA|NA|NA|NA|0|0|0|0|NA|0
"361031477011"|0|1|0|0|0|0|0|1|1|0|0|1|1|0|0|NA|NA|NA|NA|NA|0|0|0|0|NA|0
"361031580022"|0|1|1|0|1|1|0|1|1|1|0|0|0|0|1|6870|24540|11090|22650|13698|2187|352|1978|244531880|123625.824064712|0
"361031580023"|0|1|1|0|1|1|0|1|1|1|0|0|0|0|1|6870|24540|11090|22650|13698|2187|352|1978|244531880|123625.824064712|0
"361031580061"|0|1|1|0|1|1|0|1|1|1|0|0|0|0|1|6870|24540|11090|22650|13698|2187|352|1978|244531880|123625.824064712|0
"361031580062"|0|1|1|0|1|1|0|1|1|1|0|0|0|0|1|6870|24540|11090|22650|13698|2187|352|1978|244531880|123625.824064712|0
"361031580063"|0|1|1|0|1|1|0|1|1|1|0|0|0|0|1|6870|24540|11090|22650|13698|2187|352|1978|244531880|123625.824064712|0
"361031580064"|0|1|1|0|1|1|0|1|1|1|0|0|0|0|1|6870|24540|11090|22650|13698|2187|352|1978|244531880|123625.824064712|0
"361031580071"|0|1|1|0|1|1|0|1|1|1|0|0|0|0|1|6870|24540|11090|22650|13698|2187|352|1978|244531880|123625.824064712|0
"361031580073"|0|1|1|0|1|1|0|1|1|1|0|0|0|0|1|6870|24540|11090|22650|13698|2187|352|1978|244531880|123625.824064712|0
"361031580074"|0|1|1|0|1|1|0|1|1|1|0|0|0|0|1|6870|24540|11090|22650|13698|2187|352|1978|244531880|123625.824064712|0
"361031585073"|0|1|0|0|0|0|0|1|1|1|1|0|0|0|1|5220|10440|NA|NA|NA|731|207|668|70044040|104856.347305389|0
"361031588042"|0|1|1|0|0|0|0|1|1|1|0|0|0|1|0|27230|27230|18450|18450|NA|201|75|202|16488286|81625.1782178218|0
"361031588046"|0|1|1|0|0|0|0|1|1|1|0|0|0|1|0|27230|27230|18450|18450|NA|201|75|202|16488286|81625.1782178218|0
"361031589003"|0|1|1|0|0|0|0|1|1|1|0|0|0|1|0|27230|27230|18450|18450|NA|201|75|202|16488286|81625.1782178218|0
"361031589004"|0|1|1|0|0|0|0|1|1|1|0|0|0|1|0|27230|27230|18450|18450|NA|201|75|202|16488286|81625.1782178218|0
"361031698001"|0|1|0|0|0|0|0|1|1|0|0|1|1|0|0|NA|NA|NA|NA|NA|0|0|0|0|NA|0
"361031698002"|0|1|0|0|0|0|0|1|1|0|0|1|1|0|0|NA|NA|NA|NA|NA|0|0|0|0|NA|0
"361031698003"|0|1|0|0|0|0|0|1|1|0|0|1|1|0|0|NA|NA|NA|NA|NA|0|0|0|0|NA|0
"361031904012"|0|1|1|0|0|0|0|1|0|0|0|0|1|0|0|NA|NA|NA|NA|NA|0|0|0|0|NA|0
"361031904013"|0|1|1|0|0|0|0|1|0|0|0|0|1|0|0|NA|NA|NA|NA|NA|0|0|0|0|NA|0
"361032011001"|0|1|1|0|0|0|0|1|0|0|0|0|1|0|0|NA|NA|NA|NA|NA|0|0|0|0|NA|0
"361059508001"|0|1|0|0|0|0|0|1|1|1|1|0|0|1|0|4814|9628|NA|NA|9828|82|33|76|4315444|56782.1578947368|0
"361059509003"|0|1|0|0|0|0|0|1|1|1|0|0|1|0|0|13350|13350|4800|4800|4150|3|0|16|677478|42342.375|0
"361059511002"|0|0|0|0|0|0|0|1|0|0|0|0|0|0|0|NA|NA|NA|NA|NA|0|0|0|0|NA|0
"361090001001"|0|1|0|0|0|0|0|1|1|0|0|1|1|0|0|NA|NA|NA|NA|NA|0|0|0|0|NA|0
"361090003001"|0|1|1|0|0|1|0|1|1|1|0|0|0|0|1|54584|54584|29500|29500|14766|9281|1804|3642|520597760|142942.822624931|0
"361090012001"|0|1|1|0|0|0|0|1|1|1|0|0|0|1|0|43978|43978|20832|20832|15562|777|277|1064|86465778|81264.8289473684|0
"361090020001"|0|1|0|0|0|0|0|1|1|1|1|0|0|1|0|4950|10200|NA|NA|11220|158|51|118|8768868|74312.4406779661|0
"361119513002"|0|1|0|0|0|0|0|1|1|0|0|1|1|0|0|NA|NA|NA|NA|NA|0|0|0|0|NA|0
"361119529005"|0|1|0|0|0|0|0|1|1|1|1|0|0|1|0|4480|8960|NA|NA|NA|110|29|122|7556404|61937.737704918|0
"361119535001"|0|1|1|0|0|0|0|1|1|1|0|0|0|1|0|6870|16650|11090|22650|13462|652|170|702|51296318|73071.6780626781|0
"361119535002"|0|1|1|0|0|0|0|1|1|1|0|0|0|1|0|6870|16650|11090|22650|13462|652|170|702|51296318|73071.6780626781|0
"361119535003"|0|1|1|0|0|0|0|1|1|1|0|0|0|1|0|6870|16650|11090|22650|13462|652|170|702|51296318|73071.6780626781|0
"361119545002"|0|0|0|0|0|0|0|1|0|0|0|0|0|0|0|NA|NA|NA|NA|NA|0|0|0|0|NA|0
"361119545004"|0|0|0|0|0|0|0|1|0|0|0|0|0|0|0|NA|NA|NA|NA|NA|0|0|0|0|NA|0
"361130706011"|0|1|0|0|0|0|0|1|1|1|1|0|0|1|0|4560|9120|NA|NA|11600|150|49|186|11569302|62200.5483870968|0
"361130750001"|0|1|0|0|0|0|0|1|1|0|0|1|1|0|0|9480|9480|NA|NA|7000|0|0|0|0|NA|0
"361150802001"|0|1|0|0|0|0|0|1|1|0|0|1|1|0|0|NA|NA|NA|NA|NA|0|0|0|0|NA|0
"361150803002"|0|1|0|0|0|0|0|1|1|0|0|1|1|0|0|NA|NA|NA|NA|NA|0|0|0|0|NA|0
"361150803003"|0|1|0|0|0|0|0|1|1|0|0|1|1|0|0|NA|NA|NA|NA|NA|0|0|0|0|NA|0
"361170210002"|0|1|0|0|0|0|0|1|1|0|0|1|1|0|0|NA|NA|NA|NA|NA|0|0|0|0|NA|0
"361170212004"|0|1|0|0|0|0|0|1|1|0|0|1|1|0|0|NA|NA|NA|NA|NA|0|0|0|0|NA|0
"361190007012"|0|1|0|0|0|0|0|1|1|1|1|0|1|0|0|7882|7882|NA|NA|NA|11|2|18|1736662|96481.2222222222|0
"361190021071"|0|0|1|0|0|0|0|1|1|1|0|0|1|0|0|NA|NA|12000|12000|NA|22|8|12|917354|76446.1666666667|0
"361190022044"|0|1|1|0|0|0|0|1|1|1|0|0|0|1|0|54440|54440|28224|28224|15370|232|48|228|20893316|91637.350877193|0
"361190036001"|0|1|0|0|0|0|0|1|1|0|0|1|1|0|0|NA|NA|NA|NA|NA|0|0|0|0|NA|0
"361190036003"|0|1|0|0|0|0|0|1|1|1|1|0|1|0|0|10600|10600|NA|NA|NA|5|0|10|386540|38654|0
"361190047002"|0|1|1|0|0|0|0|1|1|1|0|0|0|1|0|31500|31500|16900|16900|12690|99|43|86|7099194|82548.7674418605|0
"361190048004"|0|1|1|0|0|0|0|1|1|1|0|0|0|1|0|31500|31500|16900|16900|12690|99|43|86|7099194|82548.7674418605|0
"361190057022"|0|1|1|0|0|0|0|1|1|1|0|0|0|1|0|36152|36152|17928|17928|14562|170|56|152|11228448|73871.3684210526|0
"361190065001"|0|1|1|0|0|0|0|1|1|1|0|0|0|1|0|36612|36612|20484|20484|15278|371|108|348|30717002|88267.2471264368|0
"361190084012"|0|1|0|0|0|0|0|1|1|0|0|1|1|0|0|NA|NA|NA|NA|NA|0|0|0|0|NA|0
"361190086023"|0|1|1|0|0|0|0|1|1|1|0|0|0|1|0|37370|37370|16830|16830|14520|183|78|228|18197292|79812.6842105263|0
"361190086024"|0|1|2|0|0|0|0|2|1|1|0|0|1|1|0|NA|NA|NA|NA|NA|484|126|354|26775240|NA|0
"361190087003"|0|1|0|0|0|0|0|1|1|0|0|1|1|0|0|NA|NA|NA|NA|NA|0|0|0|0|NA|0
"361190090001"|0|2|0|0|0|0|0|2|2|1|0|1|2|0|0|NA|NA|NA|NA|NA|85|18|56|3444070|NA|0
"361190091003"|0|2|0|0|0|0|0|2|2|1|0|1|2|0|0|NA|NA|NA|NA|NA|85|18|56|3444070|NA|0
"361190097022"|0|1|0|0|0|0|0|1|1|0|0|1|1|0|0|NA|NA|NA|NA|NA|0|0|0|0|NA|0
"361190097023"|0|1|0|0|0|0|0|1|1|0|0|1|1|0|0|NA|NA|NA|NA|NA|0|0|0|0|NA|0
"361190104002"|0|1|1|0|0|0|0|1|1|1|0|0|0|1|0|18400|18400|15696|15696|14400|407|65|410|34912076|85151.4048780488|0
"361190109011"|0|1|0|0|0|0|0|1|1|1|1|0|0|0|1|4380|11770|NA|NA|NA|358|122|320|33428142|104462.94375|0
"361190110002"|0|0|1|0|0|1|0|1|1|1|0|0|0|1|0|NA|NA|30622|30622|NA|175|66|80|7544152|94301.9|0
"361190111011"|0|1|0|0|0|0|0|1|1|0|0|1|1|0|0|NA|NA|NA|NA|NA|0|0|0|0|NA|0
"361190111012"|0|1|0|0|0|0|0|1|1|0|0|1|1|0|0|NA|NA|NA|NA|NA|0|0|0|0|NA|0
"361190112004"|0|1|0|0|0|0|0|1|1|0|0|1|1|0|0|NA|NA|NA|NA|NA|0|0|0|0|NA|0
"361190113003"|0|1|1|0|0|0|0|1|1|1|0|0|0|1|0|18400|18400|15696|15696|14400|407|65|410|34912076|85151.4048780488|0
"361190119023"|0|1|0|0|0|0|0|1|1|1|1|0|0|0|1|4380|11770|NA|NA|NA|358|122|320|33428142|104462.94375|0
"361190120001"|0|0|1|0|0|1|0|1|1|1|0|0|0|1|0|NA|NA|30622|30622|NA|175|66|80|7544152|94301.9|0
"361190128022"|0|2|1|0|0|0|0|2|2|1|0|1|2|0|0|NA|NA|NA|NA|NA|10|2|34|768354|NA|0
"361190128023"|0|1|0|0|0|0|0|1|1|0|0|1|1|0|0|NA|NA|NA|NA|NA|0|0|0|0|NA|0
"361190128026"|0|0|0|0|0|0|0|1|0|0|0|0|0|0|0|NA|NA|NA|NA|NA|0|0|0|0|NA|0
"361190130001"|0|1|0|0|0|0|0|1|1|0|0|1|1|0|0|NA|NA|NA|NA|NA|0|0|0|0|NA|0
"361190131041"|0|2|1|0|0|0|0|2|2|2|0|0|2|0|0|18300|18300|NA|NA|7300|14|2|48|1049800|42701.9327731092|0
"361190131043"|0|1|0|0|0|0|0|1|1|1|0|0|1|0|0|9800|9800|NA|NA|2800|4|0|14|281446|20103.2857142857|0
"361190141002"|0|1|0|0|0|0|0|1|1|1|0|0|1|0|0|11650|11650|NA|NA|5600|9|1|8|359478|44934.75|0
"361190143001"|0|1|0|0|0|0|0|1|1|0|0|1|1|0|0|NA|NA|NA|NA|NA|0|0|0|0|NA|0
"361190146061"|0|1|0|0|0|0|0|1|1|1|0|0|1|0|0|11650|11650|NA|NA|5600|9|1|8|359478|44934.75|0
"361190148051"|0|1|0|0|0|0|0|1|1|1|0|0|1|0|0|9800|9800|NA|NA|2800|4|0|14|281446|20103.2857142857|0
"361190148052"|0|1|0|0|0|0|0|1|1|1|0|0|1|0|0|9800|9800|NA|NA|2800|4|0|14|281446|20103.2857142857|0
"361190148091"|0|1|0|0|0|0|0|1|1|0|0|1|1|0|0|NA|NA|NA|NA|NA|0|0|0|0|NA|0
"361190149014"|0|1|0|0|0|0|0|1|1|0|0|1|1|0|0|NA|NA|NA|NA|NA|0|0|0|0|NA|0
"361199810001"|0|0|1|0|0|1|0|1|1|1|0|0|0|1|0|NA|NA|30622|30622|NA|175|66|80|7544152|94301.9|0
"361199830001"|0|0|0|0|0|0|0|1|0|0|0|0|0|0|0|NA|NA|NA|NA|NA|0|0|0|0|NA|0
"361199850001"|0|1|2|0|0|0|0|2|1|1|0|0|1|1|0|NA|NA|NA|NA|NA|484|126|354|26775240|NA|0
"361231504003"|0|1|1|0|0|0|0|1|1|1|0|0|0|1|0|30823|30823|28293|28293|11906|162|78|172|11595064|67413.1627906977|0
"370010212013"|0|1|0|0|0|0|0|1|1|1|1|0|0|1|0|2280|8040|NA|NA|NA|122|51|232|13295326|57307.4396551724|0
"370010212071"|0|1|0|0|0|0|0|1|1|0|0|1|1|0|0|NA|NA|NA|NA|NA|0|0|0|0|NA|0
"370010216004"|0|1|1|0|0|0|0|1|1|1|0|0|0|1|0|34850|34850|13482|13482|12230|897|254|876|74621374|85184.2168949772|0
"370079203002"|0|1|0|0|0|0|0|1|1|1|1|0|0|1|0|1824|6432|NA|NA|NA|109|34|160|8315940|51974.625|0
"370079204001"|0|1|0|0|0|0|0|1|1|0|0|1|1|0|0|NA|NA|NA|NA|NA|0|0|0|0|NA|0
"370079204003"|0|1|0|0|0|0|0|1|1|0|0|1|1|0|0|NA|NA|NA|NA|NA|0|0|0|0|NA|0
"370119301002"|0|1|1|0|0|0|0|1|1|1|0|0|1|0|0|24878|24878|500|500|11078|93|42|116|5740336|49485.6551724138|0
"370119301003"|0|1|1|0|0|0|0|1|1|1|0|0|1|0|0|24878|24878|500|500|11078|93|42|116|5740336|49485.6551724138|0
"370119304001"|0|1|0|0|0|0|0|1|1|1|1|0|0|1|0|2432|8576|NA|NA|NA|73|27|64|3757008|58703.25|0
"370139305021"|0|1|0|0|0|0|0|1|1|1|1|0|0|1|0|2432|8576|NA|NA|NA|97|26|94|4694370|49940.1063829787|0
"370179503002"|0|1|0|0|0|0|0|1|1|1|1|0|0|1|0|2128|7504|NA|NA|NA|62|26|92|5541078|60229.1086956522|0
"370179503003"|0|1|0|0|0|0|0|1|1|1|1|0|0|1|0|2128|7504|NA|NA|NA|62|26|92|5541078|60229.1086956522|0
"370190206024"|0|1|0|0|0|0|0|1|1|1|1|0|0|1|0|2432|8576|NA|NA|NA|99|33|98|5233350|53401.5306122449|0
"370190206031"|0|1|0|0|0|0|0|1|1|1|1|0|0|1|0|2432|8576|NA|NA|NA|99|33|98|5233350|53401.5306122449|0
"370210001001"|0|1|0|0|0|0|0|1|1|0|0|1|1|0|0|NA|NA|NA|NA|NA|0|0|0|0|NA|0
"370210003001"|0|0|1|0|0|0|0|1|1|1|0|0|1|0|0|NA|NA|18250|18250|NA|13|7|4|190000|47500|0
"370210004001"|0|1|2|0|0|0|0|2|2|2|0|0|1|1|0|NA|NA|23164|39486|NA|477|168|446|34138220|124305.92760181|0
"370210009003"|0|1|0|0|0|0|0|1|1|1|1|0|0|1|0|2432|8576|NA|NA|NA|269|82|350|19269910|55056.8857142857|0
"370210012001"|0|1|0|0|0|0|0|1|1|0|0|1|1|0|0|NA|NA|NA|NA|NA|0|0|0|0|NA|0
"370210014003"|0|0|1|0|0|0|0|1|1|1|0|0|1|0|0|NA|NA|18250|18250|NA|13|7|4|190000|47500|0
"370210021011"|0|1|0|0|0|0|0|1|1|1|1|0|0|1|0|2432|8576|NA|NA|NA|269|82|350|19269910|55056.8857142857|0
"370210030012"|0|1|1|0|0|0|0|1|1|1|0|0|1|0|0|35536|35536|18200|18200|10980|132|28|110|6460998|58736.3454545455|0
"370210030021"|0|1|1|0|0|0|0|1|1|1|0|0|1|0|0|35536|35536|18200|18200|10980|132|28|110|6460998|58736.3454545455|0
"370210030025"|0|1|1|0|0|0|0|1|1|1|0|0|1|0|0|35536|35536|18200|18200|10980|132|28|110|6460998|58736.3454545455|0
"370210031022"|0|1|1|0|0|0|0|1|1|1|0|0|1|0|0|26670|26670|13770|13770|9149|90|30|82|4316238|52637.0487804878|0
"370210031024"|0|1|1|0|0|0|0|1|1|1|0|0|1|0|0|26670|26670|13770|13770|9149|90|30|82|4316238|52637.0487804878|0
"370210031041"|0|1|1|0|0|0|0|1|1|1|0|0|1|0|0|35536|35536|18200|18200|10980|132|28|110|6460998|58736.3454545455|0
"370230214004"|0|1|0|0|0|0|0|1|1|1|1|0|0|1|0|2432|8576|NA|NA|NA|88|33|138|6973374|50531.6956521739|0
"370250424011"|0|1|1|0|0|0|0|1|1|1|0|0|1|0|0|12674|12674|26301|26301|NA|21|7|64|4968950|77639.84375|0
"370250424012"|0|1|1|0|0|0|0|1|1|1|0|0|1|0|0|12674|12674|26301|26301|NA|21|7|64|4968950|77639.84375|0
"370250426021"|0|1|0|0|0|0|0|1|1|0|0|1|1|0|0|NA|NA|NA|NA|NA|0|0|0|0|NA|0
"370250426023"|0|1|0|0|0|0|0|1|1|0|0|1|1|0|0|NA|NA|NA|NA|NA|0|0|0|0|NA|0
"370270306001"|0|1|0|0|0|0|0|1|1|1|1|0|0|1|0|2432|8576|NA|NA|NA|195|66|190|10450482|55002.5368421053|0
"370319704031"|0|1|0|0|0|0|0|1|1|1|1|0|0|1|0|2584|9112|NA|NA|NA|99|44|120|6745156|56209.6333333333|0
"370350102023"|0|1|0|0|0|0|0|1|1|1|1|0|0|1|0|2128|7504|NA|NA|NA|208|82|282|15092834|53520.6879432624|0
"370350104022"|0|1|1|0|0|0|0|1|1|1|0|0|0|1|0|36400|36400|10620|10620|12510|165|68|260|18750958|72119.0692307692|0
"370350110001"|0|1|1|0|0|0|0|1|1|1|0|0|0|1|0|36400|36400|10620|10620|12510|165|68|260|18750958|72119.0692307692|0
"370350117011"|0|1|0|0|0|0|0|1|1|1|1|0|0|1|0|2128|7504|NA|NA|NA|208|82|282|15092834|53520.6879432624|0
"370399304002"|0|1|0|0|0|0|0|1|1|1|1|0|1|0|0|2304|8448|NA|NA|NA|54|14|68|3215366|47284.7941176471|0
"370459507003"|0|1|0|0|0|0|0|1|1|1|1|0|0|1|0|2432|8576|NA|NA|NA|91|29|144|7876078|54694.9861111111|0
"370459515013"|0|1|1|0|0|0|0|1|1|1|0|0|0|1|0|31220|31220|9000|9000|10360|284|153|334|21954054|65730.7005988024|0
"370479307003"|0|1|0|0|0|0|0|1|1|1|1|0|0|1|0|2432|8576|NA|NA|NA|103|27|126|6984494|55432.4920634921|0
"370499604011"|0|1|0|0|0|0|0|1|1|1|1|0|0|1|0|1824|6432|NA|NA|NA|152|50|130|6737046|51823.4307692308|0
"370499605003"|0|1|0|0|0|0|0|1|1|1|1|0|0|1|0|1824|6432|NA|NA|NA|152|50|130|6737046|51823.4307692308|0
"370510007013"|0|1|0|0|0|0|0|1|1|1|0|0|1|0|0|6080|6080|NA|NA|NA|4|0|2|49050|24525|0
"370510011003"|0|1|1|1|0|0|0|1|1|1|0|0|0|1|0|2982|14590|3438|14503|8627|553|204|534|43219326|80935.0674157303|0
"370510020011"|0|1|0|0|0|0|0|1|1|0|0|1|1|0|0|NA|NA|NA|NA|NA|0|0|0|0|NA|0
"370510020024"|0|1|1|0|0|0|0|1|1|1|0|0|1|0|0|6000|6000|5040|5040|NA|9|2|8|210636|26329.5|0
"370510021003"|0|1|0|0|0|0|0|1|1|1|1|0|0|0|1|2432|8576|NA|NA|NA|446|170|626|38819826|62012.5015974441|0
"370510025013"|0|1|0|0|0|0|0|1|1|1|1|0|1|0|0|NA|NA|NA|NA|NA|26|6|46|2253604|48991.3913043478|0
"370510025022"|0|1|1|0|0|0|0|1|1|1|0|0|0|1|0|33480|33480|36984|36984|12576|250|94|320|22247390|69523.09375|0
"370570605001"|0|1|0|0|0|0|0|1|1|1|1|0|0|1|0|2102|7408|NA|NA|NA|197|79|172|8422518|48968.1279069767|0
"370610904002"|0|1|0|0|0|0|0|1|1|1|1|0|0|1|0|2432|8576|NA|NA|NA|79|28|70|3637878|51969.6857142857|0
"370630005001"|0|1|1|0|1|1|0|1|1|1|0|0|0|0|1|53760|53760|53540|53540|15178|7922|1705|2820|398948584|141471.129078014|0
"370630005004"|0|1|0|0|0|0|0|1|1|0|0|1|1|0|0|NA|NA|NA|NA|NA|0|0|0|0|NA|0
"370630006001"|0|1|0|0|0|0|0|1|1|0|0|1|1|0|0|NA|NA|NA|NA|NA|0|0|0|0|NA|0
"370630007001"|0|1|0|0|0|0|0|1|1|1|0|0|1|0|0|17028|17028|NA|NA|NA|0|0|0|0|NA|0
"370630013031"|0|1|1|1|0|0|0|1|1|1|0|0|0|1|0|3728|16435|4740|17964|10250|836|306|770|60898222|79088.6|0
"370630014002"|0|1|0|0|0|0|0|1|1|1|1|0|0|1|0|2085|7507|NA|NA|NA|203|77|268|12520180|46717.0895522388|0
"370630015011"|0|1|1|0|1|1|0|1|1|1|0|0|0|0|1|53760|53760|53540|53540|15178|7922|1705|2820|398948584|141471.129078014|0
"370630017052"|0|1|0|0|0|0|0|1|1|0|0|1|1|0|0|15110|15110|NA|NA|NA|0|0|0|0|NA|0
"370630020173"|0|1|0|0|0|0|0|1|1|0|0|1|1|0|0|NA|NA|NA|NA|NA|0|0|0|0|NA|0
"370630020281"|0|1|1|0|0|0|0|1|1|1|0|0|1|0|0|4800|4800|4200|4200|NA|15|3|30|960000|32000|0
"370630020282"|0|1|1|0|0|0|0|1|1|1|0|0|1|0|0|4800|4800|4200|4200|NA|15|3|30|960000|32000|0
"370630020283"|0|1|0|0|0|0|0|1|1|0|0|1|1|0|0|NA|NA|NA|NA|NA|0|0|0|0|NA|0
"370639801001"|0|2|1|0|0|0|0|2|2|1|0|1|2|0|0|NA|NA|NA|NA|NA|15|3|30|960000|NA|0
"370650213003"|0|1|0|0|0|0|0|1|1|1|1|0|0|1|0|2432|8576|NA|NA|NA|94|36|150|9693126|64620.84|0
"370670007001"|0|1|1|1|0|0|0|1|1|1|0|0|0|1|0|3401|13648|3872|13987|10319|554|172|576|44867958|77895.7604166667|0
"370670007002"|0|1|1|1|0|0|0|1|1|1|0|0|0|1|0|3401|13648|3872|13987|10319|554|172|576|44867958|77895.7604166667|0
"370670008011"|0|1|1|1|0|0|0|1|1|1|0|0|0|1|0|3401|13648|3872|13987|10319|554|172|576|44867958|77895.7604166667|0
"370670008012"|0|1|1|1|0|0|0|1|1|1|0|0|0|1|0|3401|13648|3872|13987|10319|554|172|576|44867958|77895.7604166667|0
"370670008022"|0|2|2|1|0|0|0|2|2|2|0|0|0|2|0|9898|36288|12668|36790|19340|883|269|864|65185364|148442.309027778|0
"370670009001"|0|1|0|0|0|0|0|1|1|0|0|1|1|0|0|NA|NA|NA|NA|NA|0|0|0|0|NA|0
"370670009004"|0|2|2|0|0|0|0|2|2|2|0|0|2|0|0|37800|37800|14040|14040|19659|152|57|150|7518664|92580.4867724868|0
"370670010003"|0|1|0|0|0|0|0|1|1|0|0|1|1|0|0|NA|NA|NA|NA|NA|0|0|0|0|NA|0
"370670013002"|0|1|1|0|0|1|0|1|1|1|0|0|0|1|0|52348|52348|38650|38650|14416|1689|442|1250|131312304|105049.8432|0
"370670014001"|0|1|1|0|0|0|0|1|1|1|0|0|1|0|0|7600|7600|10000|10000|4600|4|2|2|46000|23000|0
"370670019022"|0|2|0|0|0|0|0|2|2|1|1|1|1|1|0|NA|NA|NA|NA|NA|292|118|428|25668298|NA|0
"370670027033"|0|1|0|0|0|0|0|1|1|0|0|1|1|0|0|NA|NA|NA|NA|NA|0|0|0|0|NA|0
"370670027034"|0|1|0|0|0|0|0|1|1|0|0|1|1|0|0|NA|NA|NA|NA|NA|0|0|0|0|NA|0
"370670037011"|0|1|0|0|0|0|0|1|1|1|1|0|0|1|0|1992|7008|NA|NA|NA|292|118|428|25668298|59972.6588785047|0
"370690603011"|0|1|0|0|0|0|0|1|1|1|1|0|1|0|0|15962|15962|NA|NA|10709|83|50|66|2788926|42256.4545454545|0
"370710304022"|0|1|0|0|0|0|0|1|1|1|1|0|0|1|0|2432|8576|NA|NA|NA|246|56|294|17057398|58018.3605442177|0
"370710304023"|0|1|0|0|0|0|0|1|1|1|1|0|0|1|0|2432|8576|NA|NA|NA|246|56|294|17057398|58018.3605442177|0
"370710312022"|0|1|0|0|0|0|0|1|1|1|0|0|0|1|0|18500|18500|NA|NA|10294|139|66|140|7096238|50687.4142857143|0
"370710328001"|0|1|0|0|0|0|0|1|1|0|0|1|1|0|0|NA|NA|NA|NA|NA|0|0|0|0|NA|0
"370810101001"|0|1|0|0|0|0|0|1|1|0|0|1|1|0|0|NA|NA|NA|NA|NA|0|0|0|0|NA|0
"370810107021"|0|2|2|0|0|0|0|2|2|2|0|0|0|1|1|32862|48021|10379|24097|21128|1887|413|1802|144637648|137287.360539979|0
"370810107023"|0|2|2|0|0|0|0|2|2|2|0|0|0|1|1|32862|48021|10379|24097|21128|1887|413|1802|144637648|137287.360539979|0
"370810110002"|0|1|1|1|0|0|0|1|1|1|0|0|0|0|1|3540|16750|4745|17395|7624|1222|425|898|78023248|86885.5768374165|0
"370810110003"|0|1|1|1|0|0|0|1|1|1|0|0|0|0|1|3540|16750|4745|17395|7624|1222|425|898|78023248|86885.5768374165|0
"370810112001"|0|1|0|1|0|0|0|1|1|1|0|0|1|0|0|15964|15964|NA|NA|8114|82|34|72|3146088|43695.6666666667|0
"370810116011"|0|1|0|0|0|0|0|1|1|0|0|1|1|0|0|NA|NA|NA|NA|NA|0|0|0|0|NA|0
"370810116021"|0|0|0|0|0|0|0|1|0|0|0|0|0|0|0|NA|NA|NA|NA|NA|0|0|0|0|NA|0
"370810126101"|0|1|0|0|0|0|0|1|1|0|0|1|1|0|0|NA|NA|NA|NA|NA|0|0|0|0|NA|0
"370810136011"|0|1|1|0|0|0|0|1|1|1|0|0|0|1|0|30748|30748|16506|16506|14130|507|176|628|45565300|72556.2101910828|0
"370810136012"|0|1|1|0|0|0|0|1|1|1|0|0|0|1|0|30748|30748|16506|16506|14130|507|176|628|45565300|72556.2101910828|0
"370810144101"|0|1|1|0|0|0|0|1|0|0|0|0|0|0|0|NA|NA|NA|NA|NA|0|0|0|0|NA|0
"370810144102"|0|1|1|0|0|0|0|1|0|0|0|0|0|0|0|NA|NA|NA|NA|NA|0|0|0|0|NA|0
"370810161012"|0|1|1|0|0|0|0|1|1|1|0|0|0|1|0|36460|36460|6000|6000|11200|171|44|188|11213450|59646.0106382979|0
"370810162051"|0|1|1|0|0|0|0|1|1|1|0|0|1|0|0|16920|16920|16620|16620|NA|7|1|8|672890|84111.25|0
"370810165022"|0|1|0|0|0|0|0|1|1|1|1|0|0|0|1|2128|7504|NA|NA|NA|357|119|578|35176952|60859.7785467128|0
"370810165023"|0|1|0|0|0|0|0|1|1|1|1|0|0|0|1|2128|7504|NA|NA|NA|357|119|578|35176952|60859.7785467128|0
"370810165031"|0|1|0|0|0|0|0|2|1|0|0|1|1|0|0|NA|NA|NA|NA|NA|0|0|0|0|NA|0
"370810167012"|0|1|0|0|0|0|0|1|1|0|0|1|1|0|0|NA|NA|NA|NA|NA|0|0|0|0|NA|0
"370839301001"|0|1|0|0|0|0|0|1|1|1|1|0|1|0|0|2432|8576|NA|NA|NA|79|39|96|5077950|52895.3125|0
"370850705004"|0|1|0|0|0|0|0|1|1|1|0|0|1|0|0|7560|7560|NA|NA|NA|6|1|10|308198|30819.8|0
"370850708022"|0|1|1|0|0|1|0|1|1|1|0|0|0|1|0|31150|31150|12701|12701|11540|636|246|476|41568888|87329.5966386555|0
"370879205002"|0|1|0|0|0|0|0|1|1|1|1|0|0|1|0|2432|8576|NA|NA|NA|106|25|120|6379416|53161.8|0
"370899310003"|0|1|0|0|0|0|0|1|1|1|1|0|0|1|0|2432|8576|NA|NA|NA|114|33|144|8422094|58486.7638888889|0
"370919501003"|0|1|1|0|0|0|0|1|1|1|0|0|0|1|0|24980|24980|NA|NA|9400|158|59|130|8853550|68104.2307692308|0
"370919503001"|0|1|0|0|0|0|0|1|1|1|1|0|1|0|0|2432|8576|NA|NA|NA|43|11|48|2477400|51612.5|0
"370970605003"|0|1|0|0|0|0|0|1|1|1|1|0|0|1|0|2432|8576|NA|NA|NA|130|43|168|9150980|54470.119047619|0
"370970613041"|0|2|0|0|0|0|0|2|2|0|0|2|1|1|0|NA|NA|NA|NA|NA|0|0|0|0|NA|0
"370970613042"|0|1|0|0|0|0|0|1|1|0|0|1|1|0|0|NA|NA|NA|NA|NA|0|0|0|0|NA|0
"370970614072"|0|1|0|0|0|0|0|1|1|1|0|0|0|1|0|50938|50938|NA|NA|14372|576|198|420|43992940|104745.095238095|0
"370999504002"|0|1|0|0|0|0|0|1|1|1|1|0|0|1|0|2128|7504|NA|NA|NA|126|44|168|8636490|51407.6785714286|0
"370999506002"|0|1|1|0|0|0|0|1|1|1|0|0|0|0|1|1000|5000|4435|14842|10103|996|322|996|72632908|72924.6064257028|0
"371010404001"|0|1|0|0|0|0|0|1|1|1|1|0|0|1|0|2432|8576|NA|NA|NA|199|55|226|13558952|59995.3628318584|0
"371010406001"|0|1|0|0|0|0|0|1|1|1|1|0|0|1|0|2432|8576|NA|NA|NA|199|55|226|13558952|59995.3628318584|0
"371010406002"|0|1|0|0|0|0|0|1|1|1|1|0|0|1|0|2432|8576|NA|NA|NA|199|55|226|13558952|59995.3628318584|0
"371010407002"|0|1|0|0|0|0|0|1|1|1|1|0|0|1|0|2432|8576|NA|NA|NA|199|55|226|13558952|59995.3628318584|0
"371050304011"|0|1|0|0|0|0|0|1|1|1|1|0|0|1|0|2432|8576|NA|NA|NA|252|116|326|18125832|55600.7116564417|0
"371070114002"|0|1|0|0|0|0|0|1|1|1|1|0|0|1|0|2432|8576|NA|NA|NA|147|63|212|9761778|46046.1226415094|0
"371119709011"|0|1|0|0|0|0|0|1|1|1|1|0|0|1|0|1824|6432|NA|NA|NA|58|4|80|4148112|51851.4|0
"371150106001"|0|1|1|0|0|0|0|1|1|1|0|0|0|1|0|29082|29082|10052|10052|9592|189|71|192|10215132|53203.8125|0
"371179702002"|0|1|0|0|0|0|0|1|1|1|1|0|1|0|0|1824|6432|NA|NA|NA|63|19|52|2596348|49929.7692307692|0
"371190005003"|0|1|0|0|0|0|0|1|1|1|0|0|0|1|0|32091|32091|NA|NA|13440|101|24|158|13285660|84086.4556962025|0
"371190014002"|0|1|1|0|0|0|0|1|1|1|0|0|1|0|0|10048|10048|7668|7668|NA|9|0|10|290328|29032.8|0
"371190019141"|0|1|0|0|0|0|0|1|1|0|0|1|1|0|0|NA|NA|NA|NA|NA|0|0|0|0|NA|0
"371190025001"|0|1|0|0|0|0|0|1|1|1|1|0|1|0|0|14360|14360|NA|NA|8960|0|0|0|0|NA|0
"371190025002"|0|1|0|0|0|0|0|1|1|1|1|0|0|0|1|2432|8576|NA|NA|NA|805|274|786|47951040|61006.4122137405|0
"371190027021"|0|1|1|0|0|0|0|1|1|1|0|0|0|1|0|33434|33434|12608|12608|10860|237|87|264|18430232|69811.4848484848|0
"371190035001"|0|1|0|0|0|0|0|1|1|1|0|0|1|0|0|12600|12600|NA|NA|NA|24|6|56|4608736|82298.8571428571|0
"371190038051"|0|1|0|0|0|0|0|1|1|1|0|0|1|0|0|17028|17028|NA|NA|NA|0|0|0|0|NA|0
"371190038071"|0|1|0|0|0|0|0|1|1|0|0|1|1|0|0|NA|NA|NA|NA|NA|0|0|0|0|NA|0
"371190040002"|0|1|0|0|0|0|0|1|1|0|0|1|1|0|0|NA|NA|NA|NA|NA|0|0|0|0|NA|0
"371190047001"|0|1|1|1|0|0|0|1|1|1|0|0|0|1|0|15466|15466|17280|17280|7100|184|59|178|10261266|57647.5617977528|0
"371190053062"|0|1|0|0|0|0|0|1|1|0|0|1|1|0|0|NA|NA|NA|NA|NA|0|0|0|0|NA|0
"371190056042"|0|1|1|0|0|0|0|1|1|1|0|0|0|0|1|3812|17246|4337|17771|12432|2507|817|2176|191961862|88217.7674632353|0
"371190058292"|0|1|0|0|0|0|0|1|1|0|0|1|1|0|0|NA|NA|NA|NA|NA|0|0|0|0|NA|0
"371190059133"|0|1|1|0|0|0|0|1|1|1|0|0|1|0|0|9552|9552|16752|16752|NA|5|1|0|0|NA|0
"371190059151"|0|2|1|0|0|0|0|2|2|2|0|0|2|0|0|33902|33902|NA|NA|NA|30|5|14|1076644|144517.833333333|0
"371190060051"|0|1|0|0|0|0|0|1|1|0|0|1|1|0|0|NA|NA|NA|NA|NA|0|0|0|0|NA|0
"371190064032"|0|1|0|0|0|0|0|1|1|1|0|0|0|1|0|50938|50938|NA|NA|14372|576|198|420|43992940|104745.095238095|0
"371239602002"|0|1|0|0|0|0|0|1|1|1|1|0|1|0|0|2432|8576|NA|NA|NA|52|22|70|3748026|53543.2285714286|0
"371239602003"|0|1|0|0|0|0|0|1|1|1|1|0|1|0|0|2432|8576|NA|NA|NA|52|22|70|3748026|53543.2285714286|0
"371259508022"|0|1|0|0|0|0|0|1|1|1|1|0|0|1|0|2432|8576|NA|NA|NA|141|32|242|14777804|61065.305785124|0
"371270106023"|0|1|1|0|0|0|0|1|1|1|0|0|0|1|0|30600|30600|16335|16335|10800|179|42|118|6400076|54237.9322033898|0
"371270111012"|0|1|0|0|0|0|0|1|1|1|1|0|0|1|0|2432|8576|NA|NA|NA|104|33|228|13483948|59140.1228070175|0
"371290105012"|0|1|0|0|0|0|0|1|1|1|0|0|0|1|0|NA|NA|NA|NA|NA|212|58|56|3040776|54299.5714285714|0
"371290106003"|0|1|0|0|0|0|0|1|1|0|0|1|1|0|0|NA|NA|NA|NA|NA|0|0|0|0|NA|0
"371290113001"|0|1|0|0|0|0|0|1|1|1|1|0|0|1|0|2432|8576|NA|NA|NA|308|99|576|32487552|56402|0
"371290119034"|0|1|1|0|0|0|0|1|1|1|0|0|0|0|1|4443|18508|4719|18548|10686|1380|479|1376|106161894|77152.539244186|0
"371330021001"|0|1|0|0|0|0|0|1|1|1|1|0|0|1|0|2432|8576|NA|NA|NA|163|75|282|14145230|50160.390070922|0
"371330026003"|0|1|0|0|0|0|0|1|1|1|1|0|1|0|0|NA|NA|NA|NA|NA|22|3|22|960122|43641.9090909091|0
"371350111011"|0|1|0|0|0|0|0|1|1|0|0|1|1|0|0|NA|NA|NA|NA|NA|0|0|0|0|NA|0
"371350115001"|0|1|1|0|0|0|0|1|1|0|0|0|0|0|0|NA|NA|NA|NA|NA|431|152|0|0|NA|0
"371350116011"|0|1|1|0|0|1|0|1|1|1|0|0|0|0|1|7019|33202|10243|27454|11190|10046|2262|3296|413132408|125343.57038835|0
"371350116012"|0|1|1|0|0|1|0|1|1|1|0|0|0|0|1|7019|33202|10243|27454|11190|10046|2262|3296|413132408|125343.57038835|0
"371350116021"|0|1|1|0|0|0|0|1|1|0|0|0|0|0|0|NA|NA|NA|NA|NA|431|152|0|0|NA|0
"371350121003"|0|1|0|0|0|0|0|1|1|0|0|1|1|0|0|NA|NA|NA|NA|NA|0|0|0|0|NA|0
"371350121004"|0|1|0|0|0|0|0|1|1|0|0|1|1|0|0|NA|NA|NA|NA|NA|0|0|0|0|NA|0
"371379502011"|0|1|0|0|0|0|0|1|1|1|1|0|1|0|0|1824|6432|NA|NA|NA|41|13|56|2939614|52493.1071428571|0
"371399601001"|0|1|0|0|0|0|0|1|1|1|0|0|1|0|0|14400|14400|NA|NA|8600|19|3|22|1063384|48335.6363636364|0
"371399602004"|0|1|1|1|0|0|0|1|1|1|0|0|0|1|0|1000|5000|3375|16437|7916|263|66|192|13246382|68991.5729166667|0
"371399605012"|0|1|0|0|0|0|0|1|1|1|1|0|0|1|0|2080|6705|NA|NA|NA|98|36|138|7596978|55050.5652173913|0
"371459203003"|0|1|0|0|0|0|0|1|1|1|1|0|0|1|0|2432|8576|NA|NA|NA|97|41|142|7136068|50254|0
"371459203005"|0|1|0|0|0|0|0|1|1|1|1|0|0|1|0|2432|8576|NA|NA|NA|97|41|142|7136068|50254|0
"371470001005"|0|1|0|0|0|0|0|1|1|0|0|1|1|0|0|NA|NA|NA|NA|NA|0|0|0|0|NA|0
"371470004001"|0|1|1|0|0|1|0|1|1|1|0|0|0|0|1|4452|20729|4749|17898|10354|3879|1520|2520|211021356|83738.6333333333|0
"371470006012"|0|1|0|0|0|0|0|1|0|0|0|0|0|0|0|NA|NA|NA|NA|NA|0|0|0|0|NA|0
"371470007012"|0|1|0|0|0|0|0|1|1|0|0|1|1|0|0|NA|NA|NA|NA|NA|0|0|0|0|NA|0
"371470007023"|0|1|0|0|0|0|0|1|1|0|0|1|1|0|0|NA|NA|NA|NA|NA|0|0|0|0|NA|0
"371470013011"|0|1|0|0|0|0|0|1|1|1|1|0|0|1|0|1824|6432|NA|NA|NA|292|148|356|22208138|62382.4101123596|0
"371510301002"|0|1|0|0|0|0|0|1|1|1|1|0|0|1|0|2280|8040|NA|NA|NA|132|53|166|9187804|55348.2168674699|0
"371539710002"|0|1|0|0|0|0|0|1|1|1|1|0|0|1|0|2432|8576|NA|NA|NA|114|31|190|11147772|58672.4842105263|0
"371559605021"|0|1|1|0|0|0|0|1|1|1|0|0|0|1|0|1000|5000|4000|15274|8924|569|207|606|40827056|67371.3795379538|0
"371559607013"|0|1|0|0|0|0|0|1|1|1|1|0|0|1|0|2432|8576|NA|NA|NA|74|40|152|10022052|65934.5526315789|0
"371570410021"|0|1|0|0|0|0|0|1|1|1|1|0|0|1|0|1824|6432|NA|NA|NA|98|28|116|6336324|54623.4827586207|0
"371570416012"|0|1|0|0|0|0|0|1|1|1|1|0|0|1|0|1824|6432|NA|NA|NA|98|28|116|6336324|54623.4827586207|0
"371590502023"|0|1|1|0|0|0|0|2|2|2|1|0|1|1|0|NA|NA|NA|NA|NA|211|93|342|19017630|105236.863496933|0
"371590504002"|0|1|0|1|0|0|0|1|1|1|0|0|0|1|0|15917|15917|NA|NA|6794|142|60|128|6670744|52115.1875|0
"371590505003"|0|1|1|0|0|0|0|1|1|1|0|0|0|1|0|30520|30520|2280|2280|10488|169|79|164|10560352|64392.3902439024|0
"371619609004"|0|1|0|0|0|0|0|1|1|1|1|0|0|1|0|2432|8576|NA|NA|NA|137|32|114|6302706|55286.8947368421|0
"371639708003"|0|1|0|0|0|0|0|1|1|1|1|0|0|1|0|3116|10988|NA|NA|NA|73|27|102|5010000|49117.6470588235|0
"371650101011"|0|1|1|0|0|0|0|1|1|1|0|0|1|0|0|26648|26648|15960|15960|10708|127|59|70|3554020|50771.7142857143|0
"371650103001"|0|1|1|0|0|0|0|1|1|1|0|0|1|0|0|26648|26648|15960|15960|10708|127|59|70|3554020|50771.7142857143|0
"371679301011"|0|1|1|0|0|0|0|1|1|1|0|0|0|1|0|29200|29200|12024|12024|11226|113|51|178|11737254|65939.6292134831|0
"371679301013"|0|1|1|0|0|0|0|1|1|1|0|0|0|1|0|29200|29200|12024|12024|11226|113|51|178|11737254|65939.6292134831|0
"371679312021"|0|1|0|0|0|0|0|1|1|1|1|0|0|1|0|2432|8576|NA|NA|NA|128|45|132|7578096|57409.8181818182|0
"371719310023"|0|1|0|0|0|0|0|1|1|1|1|0|0|1|0|2432|8576|NA|NA|NA|134|44|198|10452282|52789.303030303|0
"371759603003"|0|1|0|0|0|0|0|1|1|1|0|0|1|0|0|28400|28400|NA|NA|10800|144|66|104|4716308|45349.1153846154|0
"371759603004"|0|1|0|0|0|0|0|1|1|1|0|0|1|0|0|28400|28400|NA|NA|10800|144|66|104|4716308|45349.1153846154|0
"371790207012"|0|1|1|0|0|0|0|1|1|1|0|0|0|1|0|33166|33166|11250|11250|10780|282|85|386|29453198|76303.621761658|0
"371819603003"|0|1|0|0|0|0|0|1|1|1|1|0|0|1|0|1824|6432|NA|NA|NA|148|48|178|9099404|51120.2471910112|0
"371819604003"|0|1|0|0|0|0|0|1|1|1|1|0|0|1|0|1824|6432|NA|NA|NA|148|48|178|9099404|51120.2471910112|0
"371830504002"|0|1|0|0|0|0|0|1|1|1|0|0|1|0|0|30000|30000|NA|NA|11100|85|25|74|3895258|52638.6216216216|0
"371830506001"|0|1|0|1|0|0|0|1|1|1|0|0|1|0|0|12890|12890|NA|NA|7692|130|34|138|7620350|55219.9275362319|0
"371830509001"|0|1|1|1|0|0|0|1|1|1|0|0|0|1|0|11808|11808|10404|10404|8158|143|36|144|7098698|49296.5138888889|0
"371830511022"|0|1|1|0|0|1|0|1|1|1|0|0|0|0|1|6535|25878|8917|25405|11078|7578|1759|3506|375819466|107193.230462065|0
"371830520012"|0|1|0|0|0|0|0|1|1|0|0|1|1|0|0|NA|NA|NA|NA|NA|0|0|0|0|NA|0
"371830524012"|0|1|1|0|0|0|0|1|1|1|0|0|0|1|0|37076|37076|11423|11423|10930|283|74|272|18196716|66899.6911764706|0
"371830527051"|0|1|0|0|0|0|0|1|1|1|1|0|1|0|0|NA|NA|NA|NA|NA|16|4|26|1312498|50480.6923076923|0
"371830530031"|0|3|1|0|0|0|0|4|3|2|1|2|3|1|0|NA|NA|NA|NA|NA|24|6|30|1622164|NA|0
"371830530081"|0|1|0|0|0|0|0|1|1|0|0|1|0|1|0|NA|NA|NA|NA|NA|0|0|0|0|NA|0
"371830531101"|0|1|0|0|0|0|0|1|1|1|1|0|0|0|1|2432|8576|NA|NA|NA|788|297|1166|62891282|53937.6346483705|0
"371830535122"|0|2|1|0|0|0|0|2|1|1|0|0|0|1|0|NA|NA|NA|NA|NA|71|0|30|2202284|NA|0
"371830536091"|0|3|1|0|0|0|0|3|2|1|0|1|1|1|0|NA|NA|NA|NA|NA|71|0|30|2202284|NA|0
"371830536102"|0|1|1|0|0|0|0|1|1|1|0|0|1|0|0|4800|4800|4200|4200|NA|15|3|30|960000|32000|0
"371830537093"|0|1|0|0|0|0|0|1|1|0|0|1|1|0|0|NA|NA|NA|NA|NA|0|0|0|0|NA|0
"371830540181"|0|1|0|0|0|0|0|1|1|0|0|1|1|0|0|NA|NA|NA|NA|NA|0|0|0|0|NA|0
"371830542062"|0|1|1|0|0|0|0|1|1|1|0|0|0|1|0|8784|8784|5220|5220|6882|129|52|108|5955812|55146.4074074074|0
"371830542081"|0|1|0|0|0|0|0|1|1|1|0|0|1|0|0|15324|15324|NA|NA|9998|42|14|32|1430000|44687.5|0
"371899202003"|0|0|1|0|0|0|0|1|1|1|0|0|1|0|0|NA|NA|11940|11940|NA|2|1|0|0|NA|0
"371899205001"|0|1|1|0|0|0|0|1|1|1|0|0|0|0|1|4242|19049|4839|18271|8548|1775|609|2020|151525050|75012.400990099|0
"371899205002"|0|1|1|0|0|0|0|1|1|1|0|0|0|0|1|4242|19049|4839|18271|8548|1775|609|2020|151525050|75012.400990099|0
"371899210001"|0|1|1|0|0|0|0|1|1|1|0|0|1|0|0|24878|24878|500|500|11078|93|42|116|5740336|49485.6551724138|0
"371910008002"|0|1|1|0|0|0|0|1|1|1|0|0|0|1|0|20600|20600|17250|17250|8550|196|54|178|12009120|67466.9662921348|0
"371910013022"|0|1|0|0|0|0|0|1|1|1|1|0|0|1|0|2432|8576|NA|NA|NA|176|64|246|14021668|56998.6504065041|0
"371939610011"|0|1|0|0|0|0|0|1|1|1|1|0|0|1|0|2432|8576|NA|NA|NA|149|44|192|10293154|53610.1770833333|0
"371950001001"|0|1|1|0|0|0|0|1|1|1|0|0|0|1|0|30880|30880|9960|9960|10120|112|50|144|8168518|56725.8194444444|0
"371950004004"|0|1|0|0|0|0|0|1|1|0|0|1|1|0|0|NA|NA|NA|NA|NA|0|0|0|0|NA|0
"371950007004"|0|1|0|0|0|0|0|1|1|1|1|0|0|1|0|2432|8576|NA|NA|NA|91|16|92|5370626|58376.3695652174|0
"380039682001"|0|1|1|0|0|0|0|1|1|1|0|0|0|1|0|5713|15253|5700|5700|6446|106|43|134|7266674|54228.9104477612|0
"380039682003"|0|1|1|0|0|0|0|1|1|1|0|0|0|1|0|5713|15253|5700|5700|6446|106|43|134|7266674|54228.9104477612|0
"380039682004"|0|1|1|0|0|0|0|1|1|1|0|0|0|1|0|5713|15253|5700|5700|6446|106|43|134|7266674|54228.9104477612|0
"380059401001"|0|1|0|0|0|0|1|1|1|1|1|0|1|0|0|3000|3000|NA|NA|NA|91|18|42|2122862|50544.3333333333|0
"380059565001"|0|1|0|0|0|0|1|1|1|1|1|0|1|0|0|3000|3000|NA|NA|NA|91|18|42|2122862|50544.3333333333|0
"380059566001"|0|1|0|0|0|0|1|1|1|1|1|0|1|0|0|3000|3000|NA|NA|NA|91|18|42|2122862|50544.3333333333|0
"380099523001"|0|1|0|0|0|0|0|1|1|1|1|0|1|0|0|3751|5627|NA|NA|7480|47|12|40|1778656|44466.4|0
"380150102004"|0|1|0|0|0|0|0|1|1|0|0|1|1|0|0|NA|NA|NA|NA|NA|0|0|0|0|NA|0
"380150105002"|0|1|0|0|0|0|0|1|1|1|0|0|0|1|0|3192|4788|NA|NA|6284|184|64|234|13347602|57041.0341880342|0
"380150107001"|0|1|0|0|0|0|0|1|1|0|0|1|1|0|0|NA|NA|NA|NA|NA|0|0|0|0|NA|0
"380150107003"|0|1|0|0|0|0|0|1|1|0|0|1|1|0|0|NA|NA|NA|NA|NA|0|0|0|0|NA|0
"380150112002"|0|2|0|0|0|0|1|2|2|1|0|1|2|0|0|NA|NA|NA|NA|NA|163|31|74|3979344|NA|0
"380150112003"|0|1|0|0|0|0|0|1|1|0|0|1|1|0|0|NA|NA|NA|NA|NA|0|0|0|0|NA|0
"380150112004"|0|2|1|0|0|0|1|2|2|2|0|0|1|1|0|20020|20020|NA|NA|12134|409|112|394|11753302|78068.5376689189|0
"380150113003"|0|1|0|0|0|0|1|1|1|1|0|0|1|0|0|3220|3220|NA|NA|5100|163|31|74|3979344|53774.9189189189|0
"380170003001"|0|1|1|0|0|0|0|1|1|1|0|0|0|0|1|7957|11936|6484|9726|8822|1949|385|1110|95056334|85636.3369369369|0
"380170003002"|0|1|1|0|0|0|0|1|1|1|0|0|0|0|1|7957|11936|6484|9726|8822|1949|385|1110|95056334|85636.3369369369|0
"380170006001"|0|2|0|0|0|0|0|2|2|0|0|2|2|0|0|NA|NA|NA|NA|NA|0|0|0|0|NA|0
"380170006003"|0|4|0|0|0|0|0|4|4|0|0|4|4|0|0|NA|NA|NA|NA|NA|0|0|0|0|NA|0
"380170007002"|0|2|0|0|0|0|0|2|2|0|0|2|2|0|0|NA|NA|NA|NA|NA|0|0|0|0|NA|0
"380170101061"|0|2|1|0|0|0|0|2|2|1|0|1|2|0|0|NA|NA|NA|NA|NA|21|1|26|1716498|NA|0
"380170101062"|0|1|0|0|0|0|0|1|1|0|0|1|1|0|0|NA|NA|NA|NA|NA|0|0|0|0|NA|0
"380219734002"|0|1|1|0|0|0|0|1|1|1|0|0|1|0|0|14270|14270|10560|10560|6132|39|14|32|1140272|35633.5|0
"380350103001"|0|1|1|0|0|1|0|1|1|1|0|0|0|0|1|7224|19288|8226|21964|8974|1406|447|1094|85995108|78606.1316270567|0
"380350112001"|0|1|0|0|0|0|0|1|1|0|0|1|1|0|0|NA|NA|NA|NA|NA|0|0|0|0|NA|0
"380350112002"|0|1|0|0|0|0|0|1|1|0|0|1|1|0|0|NA|NA|NA|NA|NA|0|0|0|0|NA|0
"380619404002"|0|1|0|0|0|0|1|1|1|1|0|0|1|0|0|3600|3600|NA|NA|6920|40|6|46|2729288|59332.347826087|0
"380719578002"|0|1|0|0|0|0|0|1|1|1|1|0|0|1|0|3598|3598|NA|NA|6660|73|21|80|4867618|60845.225|0
"380719578003"|0|1|0|0|0|0|0|1|1|1|1|0|0|1|0|3598|3598|NA|NA|6660|73|21|80|4867618|60845.225|0
"380719578004"|0|1|0|0|0|0|0|1|1|1|1|0|0|1|0|3598|3598|NA|NA|6660|73|21|80|4867618|60845.225|0
"380779709002"|0|1|0|0|0|0|0|1|1|1|1|0|0|1|0|4354|11624|NA|NA|6220|167|70|204|12491222|61231.4803921569|0
"380779709003"|0|1|0|0|0|0|0|1|1|1|1|0|0|1|0|4354|11624|NA|NA|6220|167|70|204|12491222|61231.4803921569|0
"380799418001"|0|1|0|0|0|0|1|1|1|1|0|0|1|0|0|1776|1776|NA|NA|NA|74|23|88|5078166|57706.4318181818|0
"380799418002"|0|1|0|0|0|0|1|1|1|1|0|0|1|0|0|1776|1776|NA|NA|NA|74|23|88|5078166|57706.4318181818|0
"380859408002"|0|1|1|0|0|0|1|1|1|1|0|0|1|0|0|3600|3600|3150|3150|5546|65|11|56|2100286|37505.1071428571|0
"380859409001"|0|1|1|0|0|0|1|1|1|1|0|0|1|0|0|3600|3600|3150|3150|5546|65|11|56|2100286|37505.1071428571|0
"380859409002"|0|1|1|0|0|0|1|1|1|1|0|0|1|0|0|3600|3600|3150|3150|5546|65|11|56|2100286|37505.1071428571|0
"380899636002"|0|1|1|0|0|0|0|1|1|1|0|0|0|1|0|5558|8336|5603|5603|7298|127|44|164|10106512|61625.0731707317|0
"380939674003"|0|1|1|0|0|0|0|1|1|1|0|0|0|1|0|21196|21196|10856|10856|7886|112|57|150|9098830|60658.8666666667|0
"380939674004"|0|1|1|0|0|0|0|1|1|1|0|0|0|1|0|21196|21196|10856|10856|7886|112|57|150|9098830|60658.8666666667|0
"380979702001"|0|1|1|0|0|0|0|1|1|1|0|0|0|1|0|5465|8198|5620|5620|7840|136|27|96|5121992|53354.0833333333|0
"380979702002"|0|1|1|0|0|0|0|1|1|1|0|0|0|1|0|5465|8198|5620|5620|7840|136|27|96|5121992|53354.0833333333|0
"381010101001"|0|1|0|0|0|0|0|1|0|0|0|0|0|0|0|NA|NA|NA|NA|NA|0|0|0|0|NA|0
"381010102004"|0|1|0|0|0|0|0|1|0|0|0|0|0|0|0|NA|NA|NA|NA|NA|0|0|0|0|NA|0
"381010104003"|0|1|1|0|0|0|0|1|1|1|0|0|0|1|0|5616|5616|7425|7425|6610|273|57|314|19811044|63092.4968152866|0
"381010104004"|0|1|1|0|0|0|0|1|1|1|0|0|0|1|0|5616|5616|7425|7425|6610|273|57|314|19811044|63092.4968152866|0
"381059539004"|0|1|0|0|0|0|0|1|1|1|1|0|0|1|0|3676|3676|NA|NA|7950|63|21|62|3882930|62627.9032258065|0
"390030101001"|0|1|1|0|0|0|0|1|1|1|0|0|1|0|0|32316|32316|10125|10125|10800|91|28|100|5557346|55573.46|0
"390030109001"|0|2|1|0|0|0|0|2|2|1|0|1|1|1|0|NA|NA|NA|NA|NA|209|65|208|12908550|NA|0
"390030113002"|0|2|0|0|0|0|0|2|2|2|1|0|0|2|0|11501|35601|NA|NA|NA|158|58|180|11299562|137123.802624385|0
"390030113003"|0|2|0|0|0|0|0|2|2|2|1|0|0|2|0|11501|35601|NA|NA|NA|158|58|180|11299562|137123.802624385|0
"390030119003"|0|1|0|0|0|0|0|1|1|0|0|1|1|0|0|NA|NA|NA|NA|NA|0|0|0|0|NA|0
"390059706001"|0|1|1|0|0|0|0|1|1|1|0|0|0|1|0|20322|20322|6885|6885|9942|538|166|362|23272858|64289.6629834254|0
"390059710001"|0|1|0|0|0|0|0|1|0|0|0|1|1|0|0|NA|NA|NA|NA|NA|0|0|0|0|NA|0
"390070006033"|0|1|0|0|0|0|0|1|1|1|0|0|0|1|0|5834|14332|NA|NA|NA|46|14|86|5456860|63451.8604651163|0
"390070011021"|0|1|0|0|0|0|0|1|1|0|0|1|1|0|0|NA|NA|NA|NA|NA|0|0|0|0|NA|0
"390099728003"|0|2|0|0|0|0|0|2|2|1|1|1|1|1|0|NA|NA|NA|NA|NA|111|22|160|9183026|NA|0
"390099739011"|0|1|1|0|0|1|0|1|1|1|0|0|0|0|1|12192|21656|9444|17436|12966|2278|593|1976|167845556|84942.0829959514|0
"390130115001"|0|1|0|0|0|0|0|1|1|0|0|1|1|0|0|NA|NA|NA|NA|NA|0|0|0|0|NA|0
"390130122001"|0|1|0|0|0|0|0|1|1|1|0|0|1|0|0|5490|8482|NA|NA|NA|15|7|32|2366450|73951.5625|0
"390130122004"|0|1|0|0|0|0|0|1|1|1|1|0|1|0|0|2802|5486|NA|NA|NA|43|14|56|2510996|44839.2142857143|0
"390159512012"|0|1|0|0|0|0|0|1|1|1|1|0|1|0|0|11125|11125|NA|NA|NA|28|7|10|316000|31600|0
"390170003002"|0|1|1|0|0|0|0|1|1|1|0|0|0|1|0|5731|15749|6704|15399|NA|104|44|186|11929892|64139.2043010753|0
"390170101041"|0|1|1|0|0|0|0|1|1|1|0|0|0|0|1|12052|30811|13409|30798|13861|2260|600|1988|170588578|85809.1438631791|0
"390170101042"|0|1|1|0|0|0|0|1|1|1|0|0|0|0|1|12052|30811|13409|30798|13861|2260|600|1988|170588578|85809.1438631791|0
"390170109091"|0|1|0|0|0|0|0|1|1|0|0|1|1|0|0|NA|NA|NA|NA|NA|0|0|0|0|NA|0
"390170109092"|0|2|0|0|0|0|0|2|2|0|0|2|2|0|0|NA|NA|NA|NA|NA|0|0|0|0|NA|0
"390170110041"|0|1|0|0|0|0|0|1|1|0|0|1|1|0|0|NA|NA|NA|NA|NA|0|0|0|0|NA|0
"390170111091"|0|1|0|0|0|0|0|1|1|0|0|1|1|0|0|NA|NA|NA|NA|NA|0|0|0|0|NA|0
"390170111231"|0|1|0|0|0|0|0|1|1|0|0|1|1|0|0|NA|NA|NA|NA|NA|0|0|0|0|NA|0
"390170111282"|0|1|0|0|0|0|0|1|1|0|0|1|1|0|0|NA|NA|NA|NA|NA|0|0|0|0|NA|0
"390170113001"|0|1|0|0|0|0|0|1|1|0|0|1|1|0|0|NA|NA|NA|NA|NA|0|0|0|0|NA|0
"390170113003"|0|1|0|0|0|0|0|1|1|0|0|1|1|0|0|NA|NA|NA|NA|NA|0|0|0|0|NA|0
"390170126003"|0|1|1|0|0|0|0|1|1|1|0|0|0|1|0|5731|15749|6704|15399|NA|94|32|130|8782658|67558.9076923077|0
"390170149001"|0|1|1|0|0|0|0|1|1|1|0|0|0|1|0|5731|15749|6704|15399|NA|104|44|186|11929892|64139.2043010753|0
"390210106003"|0|1|1|0|0|0|0|1|1|1|0|0|1|0|0|23700|23700|16080|16080|9998|67|28|40|2400660|60016.5|0
"390230007002"|0|1|1|0|0|0|0|1|1|1|0|0|0|1|0|38680|38680|12534|12534|10356|221|99|242|15700916|64879.8181818182|0
"390230012003"|0|1|0|0|0|0|0|1|1|1|1|0|0|1|0|3152|6304|NA|NA|NA|145|40|170|9177998|53988.2235294118|0
"390230012004"|0|1|0|0|0|0|0|1|1|1|1|0|0|1|0|3152|6304|NA|NA|NA|145|40|170|9177998|53988.2235294118|0
"390230034003"|0|1|1|0|0|0|0|1|1|1|0|0|0|1|0|38680|38680|12534|12534|10356|221|99|242|15700916|64879.8181818182|0
"390250411021"|0|1|0|0|0|0|0|1|1|1|0|0|0|1|0|4580|11812|NA|NA|NA|80|24|156|12652398|81105.1153846154|0
"390250418002"|0|1|0|0|0|0|0|1|1|0|0|1|1|0|0|NA|NA|NA|NA|NA|0|0|0|0|NA|0
"390250419003"|0|1|0|0|0|0|0|1|1|0|0|1|1|0|0|NA|NA|NA|NA|NA|0|0|0|0|NA|0
"390279647001"|0|1|0|0|0|0|0|1|1|1|0|0|0|1|0|24800|24800|NA|NA|9925|119|53|122|6193212|50764.0327868852|0
"390299505005"|0|1|0|0|0|0|0|1|1|1|0|0|0|1|0|5834|14332|NA|NA|NA|33|9|78|5240298|67183.3076923077|0
"390299506005"|0|1|0|0|0|0|0|1|1|0|0|1|1|0|0|NA|NA|NA|NA|NA|0|0|0|0|NA|0
"390299508002"|0|1|0|0|0|0|0|1|1|1|0|0|1|0|0|6800|6800|NA|NA|3600|14|1|6|118432|19738.6666666667|0
"390299514004"|0|1|0|0|0|0|0|1|1|0|0|1|1|0|0|NA|NA|NA|NA|NA|0|0|0|0|NA|0
"390299516004"|0|1|0|0|0|0|0|1|1|1|1|0|1|0|0|11421|11421|NA|NA|NA|8|1|10|547040|54704|0
"390299521002"|0|1|0|0|0|0|0|1|1|1|0|0|0|1|0|5834|14332|11536|21524|NA|24|8|38|2402750|63230.2631578947|0
"390299522001"|0|1|0|0|0|0|0|1|1|1|0|0|0|1|0|5834|14332|11536|21524|NA|24|8|38|2402750|63230.2631578947|0
"390351036022"|0|1|0|0|0|0|0|1|1|0|0|1|1|0|0|NA|NA|NA|NA|NA|0|0|0|0|NA|0
"390351077011"|0|1|0|0|0|0|0|1|1|1|1|0|0|0|1|4322|8136|NA|NA|NA|1040|269|858|68708418|80079.7412587413|0
"390351077012"|0|1|0|0|0|0|0|1|1|1|1|0|0|0|1|4322|8136|NA|NA|NA|1040|269|858|68708418|80079.7412587413|0
"390351078021"|0|1|1|0|0|0|0|1|1|1|0|0|0|0|1|10387|14754|9818|16781|14348|1004|335|1084|95609494|88200.6402214022|0
"390351078022"|0|1|1|0|0|0|0|1|1|1|0|0|0|0|1|10387|14754|9818|16781|14348|1004|335|1084|95609494|88200.6402214022|0
"390351082011"|0|1|0|0|0|0|0|1|1|1|1|0|1|0|0|NA|NA|NA|NA|NA|64|0|98|4347242|44359.612244898|0
"390351082012"|0|1|0|0|0|0|0|1|1|1|1|0|1|0|0|NA|NA|NA|NA|NA|64|0|98|4347242|44359.612244898|0
"390351083011"|0|1|0|0|0|0|0|1|1|1|0|0|1|0|0|17044|17044|NA|NA|NA|17|8|14|739062|52790.1428571429|0
"390351083012"|0|1|0|0|0|0|0|1|1|1|0|0|1|0|0|17044|17044|NA|NA|NA|17|8|14|739062|52790.1428571429|0
"390351187001"|0|2|2|0|0|1|0|2|2|2|0|0|1|0|1|92204|92204|88768|88768|30238|2212|473|1592|174040480|189229.813424448|0
"390351187002"|0|2|2|0|0|1|0|2|2|2|0|0|1|0|1|92204|92204|88768|88768|30238|2212|473|1592|174040480|189229.813424448|0
"390351188001"|0|1|0|0|0|0|0|1|1|1|0|0|1|0|0|39300|39300|NA|NA|11070|91|17|100|5864814|58648.14|0
"390351188002"|0|1|1|0|0|1|0|1|1|1|0|0|0|0|1|48604|48604|45168|45168|15190|2147|456|1534|169472860|110477.744458931|0
"390351188003"|0|1|0|0|0|0|0|1|1|1|0|0|1|0|0|39300|39300|NA|NA|11070|91|17|100|5864814|58648.14|0
"390351191001"|0|1|1|0|0|1|0|1|1|1|0|0|0|0|1|48604|48604|45168|45168|15190|2147|456|1534|169472860|110477.744458931|0
"390351311021"|0|1|1|0|0|0|0|1|0|0|0|0|0|0|0|NA|NA|NA|NA|NA|0|0|0|0|NA|0
"390351311022"|0|1|1|0|0|0|0|1|0|0|0|0|0|0|0|NA|NA|NA|NA|NA|0|0|0|0|NA|0
"390351331032"|0|1|0|0|0|0|0|1|0|0|0|0|0|0|0|NA|NA|NA|NA|NA|0|0|0|0|NA|0
"390351343001"|0|2|1|0|0|0|0|2|2|1|0|1|1|1|0|NA|NA|NA|NA|NA|402|121|450|33781668|NA|0
"390351343002"|0|2|1|0|0|0|0|2|2|1|0|1|1|1|0|NA|NA|NA|NA|NA|402|121|450|33781668|NA|0
"390351351041"|0|1|0|0|0|0|0|1|1|0|0|1|1|0|0|NA|NA|NA|NA|NA|0|0|0|0|NA|0
"390351351052"|0|2|0|0|0|0|0|2|1|1|1|0|1|0|0|NA|NA|NA|NA|NA|18|4|12|676840|NA|0
"390351361032"|0|1|0|0|0|0|0|1|0|0|0|0|0|0|0|NA|NA|NA|NA|NA|0|0|0|0|NA|0
"390351361034"|0|1|0|0|0|0|0|1|0|0|0|0|0|0|0|NA|NA|NA|NA|NA|0|0|0|0|NA|0
"390351521013"|0|1|0|0|0|0|0|1|1|0|0|1|1|0|0|9540|9540|NA|NA|NA|0|0|0|0|NA|0
"390351531041"|0|1|0|0|0|0|0|1|1|0|0|1|1|0|0|NA|NA|NA|NA|NA|0|0|0|0|NA|0
"390351531042"|0|1|0|0|0|0|0|1|1|0|0|1|1|0|0|NA|NA|NA|NA|NA|0|0|0|0|NA|0
"390351551011"|0|1|0|0|0|0|0|1|1|0|0|1|1|0|0|23941|23941|NA|NA|NA|0|0|0|0|NA|0
"390351561011"|0|2|0|0|0|0|0|2|1|0|0|1|1|0|0|NA|NA|NA|NA|NA|0|0|0|0|NA|0
"390351606023"|0|1|0|0|0|0|0|1|1|1|0|0|1|0|0|18900|18900|NA|NA|NA|12|1|6|360000|60000|0
"390351606024"|0|1|0|0|0|0|0|1|1|1|0|0|1|0|0|18900|18900|NA|NA|NA|12|1|6|360000|60000|0
"390351702012"|0|1|0|0|0|0|0|1|1|0|0|1|1|0|0|NA|NA|NA|NA|NA|0|0|0|0|NA|0
"390351711031"|0|1|0|0|0|0|0|1|1|1|1|0|1|0|0|15678|15678|NA|NA|NA|30|7|74|3283990|44378.2432432432|0
"390351711044"|0|1|0|0|0|0|0|1|0|0|0|0|0|0|0|NA|NA|NA|NA|NA|0|0|0|0|NA|0
"390351722011"|0|1|0|0|0|0|0|1|1|0|0|1|1|0|0|NA|NA|NA|NA|NA|0|0|0|0|NA|0
"390351731032"|0|1|0|0|0|0|0|1|1|0|0|1|1|0|0|NA|NA|NA|NA|NA|0|0|0|0|NA|0
"390351731073"|0|1|0|0|0|0|0|1|1|0|0|1|1|0|0|NA|NA|NA|NA|NA|0|0|0|0|NA|0
"390351771013"|0|1|0|0|0|0|0|1|1|1|0|0|1|0|0|17200|17200|NA|NA|NA|24|13|34|2036346|59892.5294117647|0
"390351791011"|0|1|1|0|0|0|0|1|1|1|0|0|0|1|0|32070|32070|20484|20484|10776|109|50|122|7584060|62164.4262295082|0
"390351841042"|0|1|0|0|0|0|0|1|1|1|0|0|1|0|0|17401|17401|NA|NA|NA|19|8|18|1083860|60214.4444444444|0
"390351852031"|0|1|1|0|0|0|0|1|1|1|0|0|0|1|0|29460|29460|NA|NA|10500|144|41|104|4991262|47992.9038461538|0
"390351862011"|0|1|0|0|0|0|0|1|1|0|0|1|1|0|0|NA|NA|NA|NA|NA|0|0|0|0|NA|0
"390351871051"|0|1|1|0|0|0|0|1|1|1|0|0|0|1|0|39840|39840|15471|15471|11874|332|148|346|28131010|81303.4971098266|0
"390351871052"|0|1|1|0|0|0|0|1|1|1|0|0|0|1|0|39840|39840|15471|15471|11874|332|148|346|28131010|81303.4971098266|0
"390351871053"|0|1|1|0|0|0|0|1|1|1|0|0|0|1|0|39840|39840|15471|15471|11874|332|148|346|28131010|81303.4971098266|0
"390351881041"|0|1|0|0|0|0|0|1|0|0|0|0|0|0|0|NA|NA|NA|NA|NA|0|0|0|0|NA|0
"390351881071"|0|1|1|0|0|0|0|1|1|1|0|0|1|0|0|16920|16920|16620|16620|NA|9|2|10|768488|76848.8|0
"390351923001"|0|2|0|0|0|0|0|2|1|0|0|1|1|0|0|NA|NA|NA|NA|NA|0|0|0|0|NA|0
"390351929001"|0|1|0|0|0|0|0|1|1|0|0|1|1|0|0|NA|NA|NA|NA|NA|0|0|0|0|NA|0
"390351938001"|0|1|0|0|0|0|0|1|0|0|0|0|0|0|0|NA|NA|NA|NA|NA|0|0|0|0|NA|0
"390351948001"|0|1|1|0|0|0|0|1|0|0|0|0|0|0|0|NA|NA|NA|NA|NA|0|0|0|0|NA|0
"390351957003"|0|1|0|0|0|0|0|1|1|1|0|0|1|0|0|17401|17401|NA|NA|NA|19|8|18|1083860|60214.4444444444|0
"390399585002"|0|1|1|0|0|0|0|1|1|1|0|0|1|0|0|31990|31990|9810|9810|10220|90|41|76|4048518|53269.9736842105|0
"390410101003"|0|1|0|0|0|0|0|1|1|1|0|0|0|1|0|45500|45500|NA|NA|12950|267|119|276|21541296|78048.1739130435|0
"390410114301"|0|1|0|0|0|0|0|1|1|0|0|1|1|0|0|NA|NA|NA|NA|NA|0|0|0|0|NA|0
"390410117621"|0|1|0|0|0|0|0|1|1|1|1|0|0|1|0|NA|NA|NA|NA|NA|13|3|136|8160000|60000|0
"390410122001"|0|0|1|0|0|0|0|1|1|1|0|0|1|0|0|NA|NA|21779|21779|NA|31|3|30|2011198|67039.9333333333|0
"390430404001"|0|1|0|0|0|0|0|1|1|1|1|0|0|1|0|4706|12695|NA|NA|NA|43|17|82|5717092|69720.6341463415|0
"390430413002"|0|2|0|0|0|0|0|2|2|0|0|2|2|0|0|NA|NA|NA|NA|NA|0|0|0|0|NA|0
"390430415002"|0|1|0|0|0|0|0|1|1|1|1|0|1|0|0|8820|8820|NA|NA|NA|8|1|12|489398|40783.1666666667|0
"390430418001"|0|1|0|0|0|0|0|1|1|0|0|1|1|0|0|NA|NA|NA|NA|NA|0|0|0|0|NA|0
"390450314001"|0|1|0|0|0|0|0|1|1|1|0|0|0|1|0|5490|8482|NA|NA|NA|33|12|54|4024150|74521.2962962963|0
"390450314003"|0|1|0|0|0|0|0|1|1|1|0|0|0|1|0|5490|8482|NA|NA|NA|33|12|54|4024150|74521.2962962963|0
"390490007201"|0|1|0|0|0|0|0|1|1|0|0|1|1|0|0|NA|NA|NA|NA|NA|0|0|0|0|NA|0
"390490011211"|0|1|1|0|1|1|0|1|1|1|0|0|0|0|1|9852|29868|11560|34064|12474|10399|2005|4548|546860044|120241.874230431|0
"390490030002"|0|1|0|0|0|0|0|1|0|0|0|0|0|0|0|NA|NA|NA|NA|NA|0|0|0|0|NA|0
"390490030003"|0|2|1|0|0|0|0|2|2|2|1|0|0|1|1|39204|43826|NA|NA|NA|834|251|800|48502252|120237.528817451|0
"390490040001"|0|1|1|0|0|0|0|1|1|1|0|0|0|1|0|12624|12624|16080|16080|NA|243|29|122|12784592|104791.737704918|0
"390490042001"|0|2|1|0|0|0|0|2|1|1|0|0|0|1|0|NA|NA|NA|NA|NA|37|6|124|9683818|NA|0
"390490050006"|0|1|1|0|0|0|0|1|1|1|0|0|0|1|0|20461|20461|11403|11403|6600|37|6|124|9683818|78095.3064516129|0
"390490063402"|0|1|0|0|0|0|0|1|1|0|0|1|0|0|0|NA|NA|NA|NA|NA|0|0|0|0|NA|0
"390490063912"|0|1|1|0|0|0|0|1|1|1|0|0|1|0|0|21500|21500|25500|25500|9950|32|8|40|2395698|59892.45|0
"390490067221"|0|1|1|0|0|0|0|1|1|1|0|0|1|0|0|11274|11274|19654|19654|NA|18|1|20|1134640|56732|0
"390490069451"|0|1|0|0|0|0|0|1|1|1|1|0|1|0|0|NA|NA|NA|NA|NA|14|5|14|1006480|71891.4285714286|0
"390490070103"|0|1|1|0|0|0|0|1|1|1|0|0|0|1|0|31424|31424|591|591|10958|245|99|324|21811876|67320.6049382716|0
"390490070411"|0|1|1|0|0|0|0|1|1|1|0|0|1|0|0|21500|21500|25500|25500|9950|32|8|40|2395698|59892.45|0
"390490071131"|0|1|0|0|0|0|0|1|1|0|0|1|1|0|0|NA|NA|NA|NA|NA|0|0|0|0|NA|0
"390490071132"|0|1|0|0|0|0|0|1|1|0|0|1|1|0|0|NA|NA|NA|NA|NA|0|0|0|0|NA|0
"390490071133"|0|1|0|0|0|0|0|1|1|0|0|1|1|0|0|NA|NA|NA|NA|NA|0|0|0|0|NA|0
"390490071141"|0|1|0|0|0|0|0|1|1|0|0|1|1|0|0|NA|NA|NA|NA|NA|0|0|0|0|NA|0
"390490071981"|0|2|0|0|0|0|0|2|2|2|1|0|1|1|0|30167|30167|NA|NA|NA|151|35|318|17628862|103606.436376707|0
"390490075502"|0|1|1|0|0|0|0|1|1|1|0|0|0|1|0|30500|30500|10800|10800|10948|128|51|122|8104428|66429.737704918|0
"390490075511"|0|1|0|0|0|0|0|1|1|1|1|0|1|0|0|13980|13980|NA|NA|8720|24|2|30|1786920|59564|0
"390490078123"|0|1|0|0|0|0|0|1|1|0|0|1|1|0|0|NA|NA|NA|NA|NA|0|0|0|0|NA|0
"390490087301"|0|2|1|0|0|0|0|2|2|2|0|0|2|0|0|33496|33496|NA|NA|NA|71|9|52|4422446|173969.6125|0
"390490087302"|0|2|1|0|0|0|0|2|2|2|0|0|2|0|0|33496|33496|NA|NA|NA|71|9|52|4422446|173969.6125|0
"390490089004"|0|1|2|0|0|0|0|2|1|1|0|0|0|1|0|NA|NA|NA|NA|NA|267|89|336|26175080|NA|0
"390490092102"|0|1|0|0|0|0|0|1|1|0|0|1|1|0|0|NA|NA|NA|NA|NA|0|0|0|0|NA|0
"390490093251"|0|1|0|0|0|0|0|1|0|0|0|0|1|0|0|NA|NA|NA|NA|NA|0|0|0|0|NA|0
"390490093502"|0|1|0|0|0|0|0|1|1|0|0|1|1|0|0|NA|NA|NA|NA|NA|0|0|0|0|NA|0
"390490093722"|0|1|0|0|0|0|0|1|0|0|0|0|1|0|0|NA|NA|NA|NA|NA|0|0|0|0|NA|0
"390490094301"|0|1|0|0|0|0|0|1|1|1|1|0|1|0|0|15000|15000|NA|NA|NA|11|1|8|183024|22878|0
"390490094304"|0|1|0|0|0|0|0|1|1|1|1|0|1|0|0|15000|15000|NA|NA|NA|11|1|8|183024|22878|0
"390490094952"|0|1|0|0|0|0|0|1|1|0|0|1|1|0|0|NA|NA|NA|NA|NA|0|0|0|0|NA|0
"390490094971"|0|1|0|0|0|0|0|1|1|0|0|1|1|0|0|NA|NA|NA|NA|NA|0|0|0|0|NA|0
"390490097402"|0|1|0|0|0|0|0|1|0|0|0|0|1|0|0|NA|NA|NA|NA|NA|0|0|0|0|NA|0
"390490099001"|0|1|1|0|0|0|0|1|1|1|0|0|1|0|0|11274|11274|19654|19654|NA|18|1|20|1134640|56732|0
"390490102002"|0|1|0|0|0|0|0|1|1|1|1|0|1|0|0|5280|5280|NA|NA|7130|9|3|10|4e+05|40000|0
"390490107001"|0|1|0|0|0|0|0|1|1|0|0|1|1|0|0|NA|NA|NA|NA|NA|0|0|0|0|NA|0
"390539536001"|0|1|0|0|0|0|0|1|1|0|0|1|1|0|0|NA|NA|NA|NA|NA|0|0|0|0|NA|0
"390539536003"|0|1|1|0|0|0|0|1|1|1|0|0|0|1|0|26821|26821|21420|21420|11166|103|47|144|8078886|56103.375|0
"390539537001"|0|1|1|0|0|0|0|1|1|1|0|0|0|1|0|26821|26821|21420|21420|11166|103|47|144|8078886|56103.375|0
"390553107002"|0|1|0|0|0|0|0|1|1|0|0|1|1|0|0|NA|NA|NA|NA|NA|0|0|0|0|NA|0
"390553113001"|0|1|1|0|0|0|0|1|1|1|0|0|0|1|0|5834|14332|11536|21524|NA|38|9|80|4872846|60910.575|0
"390553113004"|0|1|1|0|0|0|0|1|1|1|0|0|0|1|0|5834|14332|11536|21524|NA|38|9|80|4872846|60910.575|0
"390572001041"|0|0|1|0|0|0|0|0|0|1|0|0|1|0|0|NA|NA|17760|17760|NA|0|0|0|0|NA|0
"390572001042"|0|1|1|0|0|1|0|1|1|1|0|0|0|0|1|8861|18005|14298|24286|11518|1130|342|1202|107246774|89223.6056572379|0
"390572101001"|0|0|1|0|0|0|0|0|0|1|0|0|1|0|0|NA|NA|17760|17760|NA|0|0|0|0|NA|0
"390572406001"|0|1|0|0|0|0|0|1|0|0|0|1|1|0|0|NA|NA|NA|NA|NA|0|0|0|0|NA|0
"390572406002"|0|2|1|1|0|0|0|3|2|2|0|1|2|1|0|NA|NA|NA|NA|NA|255|88|214|13357034|NA|0
"390572406003"|0|1|1|1|0|0|0|1|1|1|0|0|1|0|0|12020|12020|12830|12830|7000|76|12|44|2191988|49817.9090909091|0
"390572550004"|0|1|0|0|0|0|0|1|1|1|0|0|1|0|0|34568|34568|NA|NA|11460|87|15|48|2701964|56290.9166666667|0
"390572601002"|0|1|1|0|0|0|0|1|1|1|0|0|0|1|0|30070|30070|9594|9594|7360|330|123|448|31098608|69416.5357142857|0
"390572802001"|0|4|3|0|0|0|0|5|3|3|0|1|4|0|0|NA|NA|NA|NA|NA|104|27|50|2968496|NA|0
"390572803002"|0|0|1|0|0|0|0|0|0|1|0|0|1|0|0|NA|NA|17760|17760|NA|0|0|0|0|NA|0
"390610007001"|0|1|0|0|0|0|0|1|1|1|1|0|1|0|0|15980|15980|NA|NA|NA|15|1|20|1237566|61878.3|0
"390610007002"|0|1|0|0|0|0|0|1|1|1|1|0|1|0|0|15980|15980|NA|NA|NA|15|1|20|1237566|61878.3|0
"390610007003"|0|1|0|0|0|0|0|1|1|1|1|0|1|0|0|15980|15980|NA|NA|NA|15|1|20|1237566|61878.3|0
"390610010002"|0|1|1|0|0|0|0|1|1|1|0|0|1|0|0|31560|31560|10645|10645|9500|26|12|16|656346|41021.625|0
"390610018002"|0|1|1|0|0|0|0|1|1|1|0|0|1|0|0|6000|6000|7920|7920|4250|41|10|38|489356|12877.7894736842|0
"390610023001"|0|1|0|0|0|0|0|1|1|1|0|0|1|0|0|13995|13995|NA|NA|NA|32|8|78|5595412|71736.0512820513|0
"390610029002"|0|1|0|0|0|0|0|1|1|1|0|0|1|0|0|13605|13605|NA|NA|NA|27|4|64|5345734|83527.09375|0
"390610030002"|0|1|1|0|0|1|0|1|1|1|0|0|0|0|1|9322|24656|12790|24532|11340|3006|588|2858|264873272|92677.8418474458|0
"390610057012"|0|1|0|0|0|0|0|1|1|0|0|1|1|0|0|NA|NA|NA|NA|NA|0|0|0|0|NA|0
"390610065002"|0|1|1|0|0|0|0|1|1|1|0|0|0|1|0|38300|38300|11700|11700|12780|603|227|784|62838228|80150.8010204082|0
"390610072001"|0|1|0|0|0|0|0|1|1|1|1|0|0|1|0|3800|7600|NA|NA|NA|189|59|318|27328310|85938.0817610063|0
"390610072002"|0|1|0|0|0|0|0|1|1|1|1|0|0|1|0|3800|7600|NA|NA|NA|189|59|318|27328310|85938.0817610063|0
"390610080002"|0|1|0|0|0|0|0|1|1|1|0|0|1|0|0|17775|17775|NA|NA|NA|9|2|8|511364|63920.5|0
"390610093001"|0|1|1|0|0|0|0|1|1|1|0|0|1|0|0|16530|16530|2994|2994|8360|47|21|38|1914992|50394.5263157895|0
"390610207017"|0|1|0|0|0|0|0|1|1|0|0|1|1|0|0|NA|NA|NA|NA|NA|0|0|0|0|NA|0
"390610207621"|0|1|0|0|0|0|0|1|1|0|0|1|1|0|0|NA|NA|NA|NA|NA|0|0|0|0|NA|0
"390610213043"|0|1|1|0|0|0|0|1|1|1|0|0|0|1|0|29100|29100|13180|13180|9442|242|88|198|12918632|65245.6161616162|0
"390610222002"|0|1|0|0|0|0|0|1|1|1|0|0|1|0|0|17775|17775|NA|NA|NA|9|2|8|511364|63920.5|0
"390610222003"|0|1|0|0|0|0|0|1|1|1|0|0|1|0|0|17775|17775|NA|NA|NA|9|2|8|511364|63920.5|0
"390610223013"|0|1|0|0|0|0|0|1|1|1|1|0|1|0|0|12780|12780|NA|NA|NA|13|1|14|903600|64542.8571428571|0
"390610223014"|0|2|0|0|0|0|0|2|2|1|0|1|2|0|0|NA|NA|NA|NA|NA|2|0|0|0|NA|0
"390610223023"|0|1|0|0|0|0|0|1|1|1|1|0|1|0|0|NA|NA|NA|NA|NA|22|3|34|2301216|67682.8235294118|0
"390610230012"|0|3|0|0|0|0|0|3|2|1|1|2|3|0|0|NA|NA|NA|NA|NA|18|4|30|1979440|NA|0
"390610230013"|0|3|0|0|0|0|0|3|2|1|1|2|3|0|0|NA|NA|NA|NA|NA|18|4|30|1979440|NA|0
"390610230014"|0|1|0|0|0|0|0|1|1|1|1|0|1|0|0|14196|14196|NA|NA|NA|18|4|30|1979440|65981.3333333333|0
"390610233002"|0|1|0|0|0|0|0|1|1|0|0|1|1|0|0|NA|NA|NA|NA|NA|0|0|0|0|NA|0
"390610235013"|0|1|0|0|0|0|0|1|1|1|0|0|0|1|0|5274|14072|NA|NA|NA|104|23|322|23781862|73856.7142857143|0
"390610243013"|0|1|0|0|0|0|0|1|0|0|0|0|0|0|0|NA|NA|NA|NA|NA|0|0|0|0|NA|0
"390610250015"|0|1|1|0|0|0|0|1|0|1|0|0|1|0|0|NA|NA|21000|21000|NA|26|5|10|602788|60278.8|0
"390610255001"|0|1|0|0|0|0|0|1|1|0|0|1|1|0|0|NA|NA|NA|NA|NA|0|0|0|0|NA|0
"390610270002"|0|1|1|0|0|0|0|1|1|1|0|0|1|0|0|13080|13080|14652|14652|NA|129|13|66|4307776|65269.3333333333|0
"390630007001"|0|1|0|0|0|0|0|1|0|0|0|0|0|0|0|NA|NA|NA|NA|NA|0|0|0|0|NA|0
"390630009004"|0|1|2|0|0|0|0|2|2|2|0|0|1|1|0|NA|NA|31750|31750|NA|374|146|484|36527288|130314.310734463|0
"390650004003"|0|1|1|0|0|0|0|1|1|1|0|0|0|1|0|31350|31350|29250|29250|11650|307|152|438|34961606|79821.0182648402|0
"390690002003"|0|2|0|0|0|0|0|2|2|1|1|1|1|1|0|NA|NA|NA|NA|NA|102|32|72|4233530|NA|0
"390719548001"|0|1|0|0|0|0|0|1|1|1|1|0|0|1|0|4532|8538|NA|NA|NA|74|20|98|6131328|62564.5714285714|0
"390779156003"|0|1|0|0|0|0|0|1|1|0|0|1|1|0|0|NA|NA|NA|NA|NA|0|0|0|0|NA|0
"390810002001"|0|1|1|0|0|0|0|1|1|1|0|0|0|1|0|27170|27170|12600|12600|8500|205|75|242|17289378|71443.7107438017|0
"390810010001"|0|2|0|0|0|0|0|2|2|1|1|1|1|0|1|13630|17496|NA|NA|NA|61|19|100|5626870|NA|0
"390830073001"|0|1|0|0|0|0|0|1|1|1|0|0|0|1|0|53830|53830|NA|NA|12510|403|86|426|33610904|78898.8356807512|0
"390830075001"|0|2|1|0|0|0|0|2|2|1|0|1|1|1|0|NA|NA|NA|NA|NA|221|76|128|7365630|NA|0
"390830075003"|0|2|1|0|0|0|0|2|2|1|0|1|1|1|0|NA|NA|NA|NA|NA|221|76|128|7365630|NA|0
"390852009002"|0|1|1|0|0|0|0|1|1|1|0|0|1|0|0|13000|13000|13000|13000|3000|11|1|12|398748|33229|0
"390852012002"|0|0|0|0|0|0|0|1|0|0|0|0|0|0|0|NA|NA|NA|NA|NA|0|0|0|0|NA|0
"390852012004"|0|0|0|0|0|0|0|1|0|0|0|0|0|0|0|NA|NA|NA|NA|NA|0|0|0|0|NA|0
"390852020003"|0|1|0|0|0|0|0|1|1|0|0|1|1|0|0|12450|12450|NA|NA|NA|0|0|0|0|NA|0
"390852034001"|0|1|0|0|0|0|0|1|1|0|0|1|1|0|0|NA|NA|NA|NA|NA|0|0|0|0|NA|0
"390852034002"|0|1|0|0|0|0|0|1|1|0|0|1|1|0|0|NA|NA|NA|NA|NA|0|0|0|0|NA|0
"390852037002"|0|1|0|0|0|0|0|1|1|1|1|0|0|1|0|4712|10052|NA|NA|NA|247|84|236|21255758|90066.7711864407|0
"390852037003"|0|1|0|0|0|0|0|1|1|1|1|0|0|1|0|4712|10052|NA|NA|NA|247|84|236|21255758|90066.7711864407|0
"390852043021"|0|1|1|0|0|0|0|1|1|1|0|0|0|1|0|29986|29986|11646|11646|9908|92|27|92|5699280|61948.6956521739|0
"390852043022"|0|1|1|0|0|0|0|1|1|1|0|0|0|1|0|29986|29986|11646|11646|9908|92|27|92|5699280|61948.6956521739|0
"390852045003"|0|1|1|0|0|0|0|1|1|1|0|0|0|1|0|29986|29986|11646|11646|9908|92|27|92|5699280|61948.6956521739|0
"390852051002"|0|1|0|0|0|0|0|1|1|0|0|1|1|0|0|NA|NA|NA|NA|NA|0|0|0|0|NA|0
"390870502001"|0|1|0|0|0|0|0|1|1|1|0|0|0|1|0|5490|8482|NA|NA|NA|31|18|70|4640156|66287.9428571429|0
"390870510011"|0|1|1|0|0|0|0|1|1|1|0|0|1|0|0|8400|8400|7200|7200|NA|4|0|4|42800|10700|0
"390870510012"|0|1|1|0|0|0|0|1|1|1|0|0|1|0|0|8400|8400|7200|7200|NA|4|0|4|42800|10700|0
"390870513003"|0|1|0|0|0|0|0|1|1|0|0|1|1|0|0|NA|NA|NA|NA|NA|0|0|0|0|NA|0
"390897531001"|0|1|0|0|0|0|0|1|1|0|0|1|1|0|0|NA|NA|NA|NA|NA|0|0|0|0|NA|0
"390897539001"|0|2|1|0|0|0|0|2|2|2|1|0|0|2|0|11952|34728|NA|NA|NA|178|65|216|16589650|157064.363955119|0
"390897541014"|0|1|0|0|0|0|0|1|1|0|0|1|1|0|0|NA|NA|NA|NA|NA|0|0|0|0|NA|0
"390897577002"|0|1|0|0|0|0|0|1|1|1|0|0|0|1|0|50790|50790|NA|NA|12710|443|130|514|42753500|83178.0155642023|0
"390930281001"|0|1|0|0|0|0|0|1|1|1|1|0|1|0|0|8820|8820|NA|NA|NA|14|1|24|1058792|44116.3333333333|0
"390930601001"|0|1|1|0|0|0|0|1|1|1|0|0|0|1|0|54346|54346|29790|29790|15668|678|220|642|54693806|85192.8442367601|0
"390930601002"|0|1|1|0|0|0|0|1|1|1|0|0|0|1|0|54346|54346|29790|29790|15668|678|220|642|54693806|85192.8442367601|0
"390930601003"|0|1|1|0|0|0|0|1|1|1|0|0|0|1|0|54346|54346|29790|29790|15668|678|220|642|54693806|85192.8442367601|0
"390930701023"|0|1|0|0|0|0|0|1|1|1|0|0|0|0|1|3696|7637|NA|NA|NA|316|134|246|18510306|75245.1463414634|0
"390930703002"|0|1|0|0|0|0|0|1|1|0|0|1|1|0|0|NA|NA|NA|NA|NA|0|0|0|0|NA|0
"390930703004"|0|1|0|0|0|0|0|1|1|0|0|1|1|0|0|NA|NA|NA|NA|NA|0|0|0|0|NA|0
"390930902001"|0|1|0|0|0|0|0|1|1|0|0|1|1|0|0|NA|NA|NA|NA|NA|0|0|0|0|NA|0
"390930902002"|0|1|0|0|0|0|0|1|1|0|0|1|1|0|0|NA|NA|NA|NA|NA|0|0|0|0|NA|0
"390930931002"|0|1|0|0|0|0|0|1|1|0|0|1|1|0|0|NA|NA|NA|NA|NA|0|0|0|0|NA|0
"390930961001"|0|1|0|0|0|0|0|1|1|0|0|1|1|0|0|NA|NA|NA|NA|NA|0|0|0|0|NA|0
"390930973003"|0|1|0|0|0|0|0|1|1|0|0|1|1|0|0|NA|NA|NA|NA|NA|0|0|0|0|NA|0
"390950007004"|0|1|0|0|0|0|0|1|1|0|0|1|1|0|0|NA|NA|NA|NA|NA|0|0|0|0|NA|0
"390950007007"|0|1|0|0|0|0|0|1|1|0|0|1|1|0|0|NA|NA|NA|NA|NA|0|0|0|0|NA|0
"390950027001"|0|1|1|0|0|0|0|1|1|1|0|0|0|1|0|12840|12840|11232|11232|NA|75|9|102|6746646|66143.5882352941|0
"390950071011"|0|2|0|0|0|0|0|2|2|2|2|0|2|0|0|30670|30670|NA|NA|NA|54|16|80|4231244|106687.636363636|0
"390950072041"|0|2|0|0|0|0|0|2|2|2|2|0|2|0|0|30670|30670|NA|NA|NA|54|16|80|4231244|106687.636363636|0
"390950072042"|0|1|0|0|0|0|0|1|1|1|1|0|1|0|0|NA|NA|NA|NA|NA|12|2|24|1262320|52596.6666666667|0
"390950072043"|0|2|0|0|0|0|0|2|2|2|2|0|2|0|0|30670|30670|NA|NA|NA|54|16|80|4231244|106687.636363636|0
"390950078005"|0|1|0|0|0|0|0|1|1|1|1|0|1|0|0|12600|12600|NA|NA|NA|4|0|6|172000|28666.6666666667|0
"390950081002"|0|1|0|0|0|0|0|1|1|1|1|0|1|0|0|NA|NA|NA|NA|NA|17|1|14|274684|19620.2857142857|0
"390950082022"|0|1|1|0|0|0|0|1|1|1|0|0|0|1|0|21700|21700|11700|11700|10100|106|69|96|4900052|51042.2083333333|0
"390950083013"|0|1|0|0|0|0|0|1|1|0|0|1|1|0|0|NA|NA|NA|NA|NA|0|0|0|0|NA|0
"390950086002"|0|1|0|0|0|0|0|1|1|1|0|0|1|0|0|13130|13130|NA|NA|NA|2|1|8|426850|53356.25|0
"390950086003"|0|1|0|0|0|0|0|1|1|1|0|0|1|0|0|13130|13130|NA|NA|NA|2|1|8|426850|53356.25|0
"390950092021"|0|1|0|0|0|0|0|1|1|0|0|1|1|0|0|NA|NA|NA|NA|NA|0|0|0|0|NA|0
"390950100022"|0|1|0|0|0|0|0|1|1|0|0|1|1|0|0|NA|NA|NA|NA|NA|0|0|0|0|NA|0
"390950104001"|0|1|1|0|1|1|0|1|1|1|0|0|0|0|1|8173|17533|13704|24048|11434|1415|429|1404|119498662|85113.0071225071|0
"390970401011"|0|1|0|0|0|0|0|1|1|1|1|0|1|0|0|8400|8400|NA|NA|5650|11|3|0|0|NA|0
"390998120021"|0|1|0|0|0|0|0|1|1|0|0|1|1|0|0|NA|NA|NA|NA|NA|0|0|0|0|NA|0
"390998122001"|0|1|0|0|0|0|0|1|1|0|0|1|1|0|0|NA|NA|NA|NA|NA|0|0|0|0|NA|0
"390998125003"|0|1|0|0|0|0|0|1|1|0|0|1|1|0|0|NA|NA|NA|NA|NA|0|0|0|0|NA|0
"390998125004"|0|1|0|0|0|0|0|1|1|0|0|1|1|0|0|NA|NA|NA|NA|NA|0|0|0|0|NA|0
"390998128004"|0|1|0|0|0|0|0|1|1|0|0|1|1|0|0|NA|NA|NA|NA|NA|0|0|0|0|NA|0
"390998137004"|0|1|0|0|0|0|0|1|1|0|0|1|1|0|0|7200|7200|NA|NA|NA|0|0|0|0|NA|0
"390998140003"|0|1|1|0|0|0|0|1|1|1|0|0|0|0|1|8373|8733|8906|13406|9400|665|284|818|62279182|76135.9193154034|0
"391010001001"|0|1|0|0|0|0|0|1|1|0|0|1|1|0|0|NA|NA|NA|NA|NA|0|0|0|0|NA|0
"391010010001"|0|2|0|0|0|0|0|2|2|2|1|0|0|2|0|11736|33672|NA|NA|NA|131|41|184|12505478|139696.609161793|0
"391010101001"|0|1|0|0|0|0|0|1|1|0|0|1|1|0|0|NA|NA|NA|NA|NA|0|0|0|0|NA|0
"391010102013"|0|1|0|0|0|0|0|1|1|0|0|1|1|0|0|NA|NA|NA|NA|NA|0|0|0|0|NA|0
"391034060002"|0|1|0|0|0|0|0|1|1|0|0|1|1|0|0|NA|NA|NA|NA|NA|0|0|0|0|NA|0
"391034081005"|0|1|0|0|0|0|0|1|1|0|0|1|1|0|0|NA|NA|NA|NA|NA|0|0|0|0|NA|0
"391034152001"|0|1|0|0|0|0|0|1|1|0|0|1|1|0|0|NA|NA|NA|NA|NA|0|0|0|0|NA|0
"391079676003"|0|1|0|0|0|0|0|1|1|1|0|0|0|1|0|5930|15074|14298|24286|10842|0|0|0|0|NA|0
"391093001001"|0|2|0|0|0|0|0|2|2|1|1|1|1|1|0|NA|NA|NA|NA|NA|76|21|102|5000470|NA|0
"391093001002"|0|2|0|0|0|0|0|2|2|1|1|1|1|1|0|NA|NA|NA|NA|NA|76|21|102|5000470|NA|0
"391093650004"|0|1|0|0|0|0|0|1|1|0|0|1|1|0|0|NA|NA|NA|NA|NA|0|0|0|0|NA|0
"391093653012"|0|1|0|0|0|0|0|1|0|0|0|0|0|0|0|NA|NA|NA|NA|NA|0|0|0|0|NA|0
"391130015011"|0|2|0|0|0|0|0|2|1|1|1|0|0|0|1|NA|NA|NA|NA|NA|551|229|674|45837486|NA|0
"391130025001"|0|1|0|0|0|0|0|1|1|1|1|0|1|0|0|12649|12649|NA|NA|NA|8|2|8|301924|37740.5|0
"391130034031"|0|1|1|0|0|0|0|1|1|1|0|0|0|0|1|42900|42900|16650|16650|13580|2027|435|1304|108938536|83541.8220858896|0
"391130034032"|0|1|1|0|0|0|0|1|1|1|0|0|0|0|1|42900|42900|16650|16650|13580|2027|435|1304|108938536|83541.8220858896|0
"391130035003"|0|1|0|0|0|0|0|1|1|0|0|1|1|0|0|NA|NA|NA|NA|NA|0|0|0|0|NA|0
"391130202002"|0|1|1|0|0|0|0|1|1|1|0|0|1|0|0|12960|12960|37911|37911|8486|41|10|128|11232914|87757.140625|0
"391130204005"|0|1|0|0|0|0|0|1|1|0|0|1|1|0|0|16995|16995|NA|NA|NA|0|0|0|0|NA|0
"391130215013"|0|1|0|0|0|0|0|1|1|1|1|0|1|0|0|15732|15732|NA|NA|NA|6|2|0|0|NA|0
"391130216012"|0|1|0|0|0|0|0|1|1|1|1|0|1|0|0|27778|27778|NA|NA|NA|27|4|24|1351868|56327.8333333333|0
"391130301002"|0|1|0|0|0|0|0|1|1|1|1|0|1|0|0|NA|NA|NA|NA|NA|0|0|0|0|NA|0
"391130404031"|0|1|0|0|0|0|0|1|1|0|0|1|1|0|0|NA|NA|NA|NA|NA|0|0|0|0|NA|0
"391130404051"|0|1|0|0|0|0|0|1|1|0|0|1|1|0|0|NA|NA|NA|NA|NA|0|0|0|0|NA|0
"391130501032"|0|1|0|0|0|0|0|1|1|0|0|1|1|0|0|NA|NA|NA|NA|NA|0|0|0|0|NA|0
"391130501033"|0|1|0|0|0|0|0|1|1|0|0|1|1|0|0|NA|NA|NA|NA|NA|0|0|0|0|NA|0
"391130501034"|0|1|0|0|0|0|0|1|1|0|0|1|1|0|0|NA|NA|NA|NA|NA|0|0|0|0|NA|0
"391130701022"|0|0|1|0|0|0|0|1|1|1|0|0|1|0|0|NA|NA|13410|13410|NA|30|10|26|1952296|75088.3076923077|0
"391130706001"|0|0|1|0|0|0|0|1|1|1|0|0|1|0|0|NA|NA|13410|13410|NA|30|10|26|1952296|75088.3076923077|0
"391130903041"|0|1|0|0|0|0|0|1|1|0|0|1|1|0|0|NA|NA|NA|NA|NA|0|0|0|0|NA|0
"391131001011"|0|1|0|0|0|0|0|1|1|0|0|1|1|0|0|21000|21000|NA|NA|NA|0|0|0|0|NA|0
"391131001013"|0|1|0|0|0|0|0|1|1|0|0|1|1|0|0|NA|NA|NA|NA|NA|0|0|0|0|NA|0
"391131102021"|0|1|0|0|0|0|0|1|1|0|0|1|1|0|0|NA|NA|NA|NA|NA|0|0|0|0|NA|0
"391131201012"|0|1|0|0|0|0|0|1|0|0|0|1|1|0|0|NA|NA|NA|NA|NA|0|0|0|0|NA|0
"391199115002"|0|2|0|0|0|0|0|2|2|2|1|0|0|2|0|10560|18412|NA|NA|NA|101|32|160|9713154|123506.522727273|0
"391199127003"|0|1|0|0|0|0|0|1|1|0|0|1|1|0|0|NA|NA|NA|NA|NA|0|0|0|0|NA|0
"391199128003"|0|1|1|0|0|0|0|1|1|1|0|0|0|1|0|27500|27500|10080|10080|11310|176|52|196|18657050|95189.0306122449|0
"391290211004"|0|1|1|0|0|0|0|1|1|1|0|0|0|1|0|11000|11000|10765|10765|8076|215|74|276|4705496|17048.8985507246|0
"391319523001"|0|1|0|0|0|0|0|1|0|0|0|1|1|0|0|NA|NA|NA|NA|NA|0|0|0|0|NA|0
"391336001021"|0|1|1|0|0|0|0|1|1|1|0|0|0|1|0|32359|32359|6614|6614|10290|119|75|118|6608860|56007.2881355932|0
"391336010002"|0|1|0|0|0|0|0|1|1|0|0|1|1|0|0|NA|NA|NA|NA|NA|0|0|0|0|NA|0
"391336011001"|0|1|0|0|0|0|0|1|1|1|1|0|1|0|0|13590|13590|NA|NA|NA|1|0|0|0|NA|0
"391336015021"|0|1|1|0|0|0|0|1|1|1|0|0|0|0|1|10312|19014|11536|21524|10916|2288|489|1974|165836010|84010.1367781155|0
"391336015022"|0|1|1|0|0|0|0|1|1|1|0|0|0|0|1|10312|19014|11536|21524|10916|2288|489|1974|165836010|84010.1367781155|0
"391336015023"|0|1|1|0|0|0|0|1|1|1|0|0|0|0|1|10312|19014|11536|21524|10916|2288|489|1974|165836010|84010.1367781155|0
"391336015033"|0|2|1|0|0|0|0|2|2|1|0|1|1|0|1|NA|NA|NA|NA|NA|2288|489|1974|165836010|NA|0
"391336018021"|0|0|1|0|0|1|0|1|1|1|0|0|1|0|0|NA|NA|10080|10080|NA|217|24|44|5152876|117110.818181818|0
"391390009001"|0|1|0|0|0|0|0|1|1|0|0|1|1|0|0|NA|NA|NA|NA|NA|0|0|0|0|NA|0
"391390009002"|0|1|0|0|0|0|0|1|1|0|0|1|1|0|0|NA|NA|NA|NA|NA|0|0|0|0|NA|0
"391390023001"|0|2|0|0|0|0|0|2|2|2|1|0|0|2|0|10633|33866|NA|NA|NA|158|60|160|9579962|124933.991618311|0
"391390024002"|0|2|0|0|0|0|0|2|2|0|0|2|2|0|0|NA|NA|NA|NA|NA|0|0|0|0|NA|0
"391390028002"|0|1|0|0|0|0|0|1|1|0|0|1|1|0|0|NA|NA|NA|NA|NA|0|0|0|0|NA|0
"391419556011"|0|1|0|0|0|0|0|1|1|0|0|1|1|0|0|NA|NA|NA|NA|NA|0|0|0|0|NA|0
"391419556012"|0|1|0|0|0|0|0|1|1|0|0|1|1|0|0|NA|NA|NA|NA|NA|0|0|0|0|NA|0
"391419556021"|0|1|0|0|0|0|0|1|1|0|0|1|1|0|0|NA|NA|NA|NA|NA|0|0|0|0|NA|0
"391419562001"|0|1|0|0|0|0|0|1|1|1|0|0|0|1|0|5490|8482|NA|NA|NA|34|12|78|5081758|65150.7435897436|0
"391439616001"|0|2|0|0|0|0|0|2|2|1|1|1|1|1|0|NA|NA|NA|NA|NA|75|14|66|3620486|NA|0
"391450025003"|0|1|0|0|0|0|0|1|1|0|0|1|1|0|0|NA|NA|NA|NA|NA|0|0|0|0|NA|0
"391450034004"|0|1|0|0|0|0|0|1|1|0|0|1|1|0|0|NA|NA|NA|NA|NA|0|0|0|0|NA|0
"391450036001"|0|1|1|0|0|0|0|1|1|1|0|0|0|1|0|6672|12654|9227|21879|10864|212|77|290|17308926|59685.9517241379|0
"391450038002"|0|1|0|0|0|0|0|1|1|0|0|1|1|0|0|NA|NA|NA|NA|NA|0|0|0|0|NA|0
"391450038003"|0|1|0|0|0|0|0|1|1|0|0|1|1|0|0|NA|NA|NA|NA|NA|0|0|0|0|NA|0
"391479635004"|0|1|1|0|0|0|0|1|1|1|0|0|0|1|0|24600|24600|12600|12600|11200|215|84|146|9269878|63492.3150684932|0
"391479636002"|0|2|1|0|0|0|0|2|2|1|0|1|1|1|0|NA|NA|NA|NA|NA|194|71|132|7712472|NA|0
"391479636003"|0|1|0|0|0|0|0|1|1|0|0|1|1|0|0|NA|NA|NA|NA|NA|0|0|0|0|NA|0
"391517007002"|0|1|1|0|0|0|0|1|1|1|0|0|0|1|0|29900|29900|10710|10710|9500|172|79|160|9434090|58963.0625|0
"391517013001"|0|1|0|0|0|0|0|1|1|1|0|0|1|0|0|17510|17510|NA|NA|NA|34|1|26|1616380|62168.4615384615|0
"391517013002"|0|1|0|0|0|0|0|1|1|0|0|1|1|0|0|NA|NA|NA|NA|NA|0|0|0|0|NA|0
"391517107001"|0|2|1|0|0|0|0|2|2|1|0|1|1|1|0|NA|NA|NA|NA|NA|265|80|288|21365842|NA|0
"391517108004"|0|1|0|0|0|0|0|1|1|0|0|1|1|0|0|NA|NA|NA|NA|NA|0|0|0|0|NA|0
"391517108005"|0|1|0|0|0|0|0|1|1|0|0|1|1|0|0|NA|NA|NA|NA|NA|0|0|0|0|NA|0
"391517113213"|0|2|1|0|0|0|0|2|2|2|1|0|0|1|1|8630|20224|NA|NA|NA|344|101|574|38295982|135099.158608059|0
"391517113222"|0|1|0|0|0|0|0|1|1|1|1|0|1|0|0|NA|NA|NA|NA|NA|11|1|22|652554|29661.5454545455|0
"391517122011"|0|1|1|0|0|0|0|1|1|1|0|0|0|1|0|28480|28480|12510|12510|10680|251|122|252|15617146|61972.8015873016|0
"391517122012"|0|1|0|0|0|0|0|1|1|0|0|1|1|0|0|NA|NA|NA|NA|NA|0|0|0|0|NA|0
"391535061001"|0|1|0|0|0|0|0|1|0|0|0|0|0|0|0|NA|NA|NA|NA|NA|0|0|0|0|NA|0
"391535061002"|0|1|0|0|0|0|0|1|0|0|0|0|0|0|0|NA|NA|NA|NA|NA|0|0|0|0|NA|0
"391535071012"|0|1|0|0|0|0|0|1|1|0|0|1|1|0|0|NA|NA|NA|NA|NA|0|0|0|0|NA|0
"391535089002"|0|1|1|0|0|0|0|1|1|1|0|0|0|0|1|8618|17149|7958|13464|12296|1243|389|1322|120069258|90823.9470499244|0
"391535201051"|0|1|0|0|0|0|0|1|1|1|1|0|1|0|0|13880|13880|NA|NA|NA|28|4|16|912934|57058.375|0
"391535301045"|0|1|0|0|0|0|0|1|1|0|0|1|1|0|0|NA|NA|NA|NA|NA|0|0|0|0|NA|0
"391535314013"|0|1|0|0|0|0|0|1|1|0|0|1|1|0|0|NA|NA|NA|NA|NA|0|0|0|0|NA|0
"391535318021"|0|1|0|0|0|0|0|1|1|1|0|0|1|0|0|13130|13130|NA|NA|NA|14|3|24|1381096|57545.6666666667|0
"391535335012"|0|1|0|0|0|0|0|1|1|1|0|0|1|0|0|18218|18218|NA|NA|NA|7|7|14|863268|61662|0
"391559308004"|0|2|1|0|0|0|0|2|2|1|0|1|1|1|0|NA|NA|NA|NA|NA|46|18|94|6713670|NA|0
"391559319002"|0|1|0|0|0|0|0|1|1|1|1|0|1|0|0|15732|15732|NA|NA|NA|6|2|0|0|NA|0
"391559327013"|0|1|0|0|0|0|0|1|1|1|1|0|1|0|0|9772|9772|NA|NA|NA|12|2|22|692000|31454.5454545455|0
"391559327014"|0|1|0|0|0|0|0|1|1|1|1|0|1|0|0|9772|9772|NA|NA|NA|12|2|22|692000|31454.5454545455|0
"391559329001"|0|2|0|0|0|0|0|2|2|0|0|2|2|0|0|NA|NA|NA|NA|NA|0|0|0|0|NA|0
"391559330014"|0|2|0|0|0|0|0|2|2|0|0|2|2|0|0|NA|NA|NA|NA|NA|0|0|0|0|NA|0
"391570210003"|0|1|0|0|0|0|0|1|1|0|0|1|1|0|0|NA|NA|NA|NA|NA|0|0|0|0|NA|0
"391570210004"|0|1|0|0|0|0|0|1|1|1|0|0|0|1|0|5834|14332|NA|NA|NA|57|14|100|6366670|63666.7|0
"391610206002"|0|1|0|0|0|0|0|1|1|0|0|1|1|0|0|NA|NA|NA|NA|NA|0|0|0|0|NA|0
"391650308001"|0|1|0|0|0|0|0|1|1|0|0|1|1|0|0|NA|NA|NA|NA|NA|0|0|0|0|NA|0
"391650308002"|0|1|0|0|0|0|0|1|1|0|0|1|1|0|0|NA|NA|NA|NA|NA|0|0|0|0|NA|0
"391650314002"|0|1|0|0|0|0|0|1|1|0|0|1|1|0|0|NA|NA|NA|NA|NA|0|0|0|0|NA|0
"391650320062"|0|1|0|0|0|0|0|1|0|0|0|0|0|0|0|NA|NA|NA|NA|NA|0|0|0|0|NA|0
"391670203001"|0|1|0|0|0|0|0|1|1|0|0|1|1|0|0|NA|NA|NA|NA|NA|0|0|0|0|NA|0
"391670205001"|0|1|0|0|0|0|0|1|1|0|0|1|1|0|0|NA|NA|NA|NA|NA|0|0|0|0|NA|0
"391670205002"|0|1|1|0|0|0|0|1|1|1|0|0|0|1|0|35030|35030|13693|13693|11320|224|84|226|15448540|68356.3716814159|0
"391670210003"|0|1|0|0|0|0|0|1|1|1|1|0|0|1|0|3576|3600|NA|NA|NA|56|18|88|4400418|50004.75|0
"391690005004"|0|1|0|0|0|0|0|1|1|1|1|0|1|0|0|7380|27296|NA|NA|9344|48|23|48|3863280|80485|0
"391690009002"|0|1|0|0|0|0|0|1|0|0|0|1|1|0|0|NA|NA|NA|NA|NA|0|0|0|0|NA|0
"391690010002"|0|1|0|0|0|0|0|1|1|1|1|0|0|1|0|5940|12613|NA|NA|NA|41|14|36|2614986|72638.5|0
"391699800001"|0|1|0|0|0|0|0|1|1|1|0|0|0|1|0|49810|49810|NA|NA|11850|417|80|372|27645752|74316.5376344086|0
"391730203003"|0|1|0|0|0|0|0|1|1|0|0|1|1|0|0|NA|NA|NA|NA|NA|0|0|0|0|NA|0
"391730204012"|0|1|0|0|0|0|0|1|1|0|0|1|1|0|0|NA|NA|NA|NA|NA|0|0|0|0|NA|0
"391730206011"|0|1|0|0|0|0|0|1|1|0|0|1|1|0|0|NA|NA|NA|NA|NA|0|0|0|0|NA|0
"391730207002"|0|1|0|0|0|0|0|1|1|1|1|0|0|1|0|3912|7824|NA|NA|NA|344|123|254|15373136|60524.157480315|0
"391730218001"|0|1|1|0|0|0|0|1|1|1|0|0|0|0|1|9096|17084|8017|14009|9168|1240|473|1488|125099740|84072.4059139785|0
"391730218002"|0|1|1|0|0|0|0|1|1|1|0|0|0|0|1|9096|17084|8017|14009|9168|1240|473|1488|125099740|84072.4059139785|0
"400013769001"|0|1|0|0|0|0|0|1|1|0|0|0|0|0|0|NA|NA|NA|NA|NA|0|0|0|0|NA|0
"400055877001"|0|1|0|0|0|0|0|1|0|0|0|0|0|0|0|NA|NA|NA|NA|NA|0|0|0|0|NA|0
"400137962003"|0|1|1|0|0|0|0|1|1|1|0|0|0|1|0|6240|14880|4716|10872|6784|255|91|228|14474920|63486.4912280702|0
"400137963001"|0|1|0|0|0|0|0|1|1|0|0|1|1|0|0|NA|NA|NA|NA|NA|0|0|0|0|NA|0
"400137963002"|0|1|0|0|0|0|0|1|1|0|0|1|1|0|0|NA|NA|NA|NA|NA|0|0|0|0|NA|0
"400151619002"|0|1|0|0|0|0|0|1|1|0|0|1|1|0|0|NA|NA|NA|NA|NA|0|0|0|0|NA|0
"400173002021"|0|1|0|0|0|0|0|1|1|0|0|1|0|1|0|NA|NA|NA|NA|NA|0|0|0|0|NA|0
"400173007004"|0|1|0|0|0|0|0|1|1|1|1|0|0|1|0|4645|7211|NA|NA|6710|69|23|58|2876832|49600.5517241379|0
"400173013001"|0|1|0|0|0|0|0|1|1|0|0|1|1|0|0|NA|NA|NA|NA|NA|0|0|0|0|NA|0
"400198928004"|0|1|0|0|0|0|0|1|1|0|0|1|1|0|0|NA|NA|NA|NA|NA|0|0|0|0|NA|0
"400198930002"|0|1|0|0|0|0|0|1|1|0|0|1|1|0|0|NA|NA|NA|NA|NA|0|0|0|0|NA|0
"400219779003"|0|1|1|0|0|0|0|1|1|1|0|0|0|1|0|5528|13598|4230|9518|7638|564|189|578|36258442|62730.8685121107|0
"400219779004"|0|1|0|0|0|0|0|1|1|0|0|0|0|0|0|NA|NA|NA|NA|NA|0|0|0|0|NA|0
"400219780001"|0|1|1|0|0|0|0|1|1|1|0|0|0|1|0|5528|13598|4230|9518|7638|564|189|578|36258442|62730.8685121107|0
"400219781001"|0|1|0|0|0|0|0|1|1|0|0|1|1|0|0|NA|NA|NA|NA|NA|0|0|0|0|NA|0
"400239671004"|0|1|0|0|0|0|0|1|0|0|0|0|0|0|0|NA|NA|NA|NA|NA|0|0|0|0|NA|0
"400272012011"|0|1|1|0|0|0|0|1|1|1|0|0|0|0|1|4788|20169|5683|20342|10994|4567|1082|2552|237403656|93026.5109717868|0
"400272012021"|0|1|1|0|0|0|0|1|1|1|0|0|0|0|1|4788|20169|5683|20342|10994|4567|1082|2552|237403656|93026.5109717868|0
"400272015091"|0|1|0|0|0|0|0|1|1|0|0|1|0|1|0|NA|NA|NA|NA|NA|0|0|0|0|NA|0
"400272016101"|0|1|1|0|0|0|0|1|1|1|0|0|0|1|0|17064|17064|11070|11070|8190|135|31|66|3325040|50379.3939393939|0
"400272021022"|0|1|0|0|0|0|0|1|1|1|1|0|1|0|0|NA|NA|NA|NA|NA|18|1|36|1655472|45985.3333333333|0
"400272022061"|0|1|1|0|0|0|0|1|1|1|0|0|1|0|0|10700|10700|8100|8100|7704|22|3|30|1092694|36423.1333333333|0
"400310005023"|0|1|0|0|0|0|0|1|1|0|0|1|1|0|0|NA|NA|NA|NA|NA|0|0|0|0|NA|0
"400310014002"|0|1|1|0|0|0|0|1|1|1|0|0|0|1|0|4740|14160|3564|10278|5452|272|104|270|15448824|57217.8666666667|0
"400310025002"|0|2|0|0|0|0|0|2|2|0|0|2|2|0|0|NA|NA|NA|NA|NA|0|0|0|0|NA|0
"400370208001"|0|1|0|0|0|0|0|1|1|0|0|1|1|0|0|NA|NA|NA|NA|NA|0|0|0|0|NA|0
"400370208002"|0|1|0|0|0|0|0|1|1|0|0|1|1|0|0|NA|NA|NA|NA|NA|0|0|0|0|NA|0
"400399606002"|0|1|1|0|0|0|0|1|1|1|0|0|0|1|0|5940|12840|5880|12372|5830|303|79|404|26479780|65544.0099009901|0
"400399606004"|0|1|1|0|0|0|0|1|1|1|0|0|0|1|0|5940|12840|5880|12372|5830|303|79|404|26479780|65544.0099009901|0
"400413761002"|0|1|0|0|0|0|0|1|1|0|0|1|1|0|0|NA|NA|NA|NA|NA|0|0|0|0|NA|0
"400419762002"|0|1|0|0|0|0|0|1|1|0|0|1|1|0|0|NA|NA|NA|NA|NA|0|0|0|0|NA|0
"400470013004"|0|1|0|0|0|0|0|1|1|0|0|1|1|0|0|NA|NA|NA|NA|NA|0|0|0|0|NA|0
"400470014021"|0|1|0|0|0|0|0|1|1|0|0|1|1|0|0|NA|NA|NA|NA|NA|0|0|0|0|NA|0
"400510005003"|0|1|0|0|0|0|0|1|1|1|0|0|1|0|0|6030|16380|NA|NA|6030|90|39|98|5152770|52579.2857142857|0
"400612792002"|0|1|0|0|0|0|0|1|0|0|0|0|0|0|0|NA|NA|NA|NA|NA|0|0|0|0|NA|0
"400612792004"|0|1|0|0|0|0|0|1|0|0|0|0|0|0|0|NA|NA|NA|NA|NA|0|0|0|0|NA|0
"400612794001"|0|1|0|0|0|0|0|1|0|0|0|0|0|0|0|NA|NA|NA|NA|NA|0|0|0|0|NA|0
"400612794002"|0|1|0|0|0|0|0|1|0|0|0|0|0|0|0|NA|NA|NA|NA|NA|0|0|0|0|NA|0
"400634846002"|0|1|0|0|0|0|0|1|1|0|0|1|1|0|0|NA|NA|NA|NA|NA|0|0|0|0|NA|0
"400659684001"|0|2|0|0|0|0|0|2|2|1|1|1|1|1|0|NA|NA|NA|NA|NA|58|17|50|2246926|NA|0
"400696602001"|0|1|0|0|0|0|0|1|1|1|1|0|0|1|0|5290|11440|NA|NA|6800|90|45|106|5163352|48710.8679245283|0
"400696602003"|0|1|0|0|0|0|0|1|1|1|1|0|0|1|0|5290|11440|NA|NA|6800|90|45|106|5163352|48710.8679245283|0
"400696602004"|0|1|0|0|0|0|0|1|1|1|1|0|0|1|0|5290|11440|NA|NA|6800|90|45|106|5163352|48710.8679245283|0
"400696603002"|0|1|0|0|0|0|0|1|1|1|1|0|0|1|0|5290|11440|NA|NA|6800|90|45|106|5163352|48710.8679245283|0
"400710001006"|0|1|0|0|0|0|0|1|1|0|0|1|1|0|0|NA|NA|NA|NA|NA|0|0|0|0|NA|0
"400710002022"|0|1|0|0|0|0|0|1|1|0|0|1|1|0|0|NA|NA|NA|NA|NA|0|0|0|0|NA|0
"400710002023"|0|1|0|0|0|0|0|1|1|0|0|1|1|0|0|NA|NA|NA|NA|NA|0|0|0|0|NA|0
"400710011001"|0|1|0|0|0|0|0|1|1|1|1|0|0|1|0|2850|9420|NA|NA|6680|155|41|210|10433624|49683.9238095238|0
"400739582001"|0|1|0|0|0|0|0|1|1|0|0|1|1|0|0|NA|NA|NA|NA|NA|0|0|0|0|NA|0
"400770872001"|0|1|0|0|0|0|0|1|1|1|1|0|0|1|0|3298|6915|NA|NA|5805|122|41|62|2747240|44310.3225806452|0
"400770872003"|0|1|0|0|0|0|0|1|1|1|1|0|0|1|0|3298|6915|NA|NA|5805|122|41|62|2747240|44310.3225806452|0
"400770873001"|0|1|0|0|0|0|0|1|0|0|0|0|0|0|0|NA|NA|NA|NA|NA|0|0|0|0|NA|0
"400790402993"|0|1|0|0|0|0|0|1|0|0|0|0|0|0|0|NA|NA|NA|NA|NA|0|0|0|0|NA|0
"400790404021"|0|2|0|0|0|0|0|2|1|1|1|0|0|1|0|NA|NA|NA|NA|NA|132|59|94|4187748|NA|0
"400790404023"|0|2|0|0|0|0|0|2|1|1|1|0|0|1|0|NA|NA|NA|NA|NA|132|59|94|4187748|NA|0
"400836005001"|0|1|1|1|0|0|0|1|1|1|0|0|0|1|0|4133|11493|3186|8262|10244|209|88|244|14258690|58437.2540983607|0
"400836006001"|0|1|1|1|0|0|0|1|1|1|0|0|0|1|0|4133|11493|3186|8262|10244|209|88|244|14258690|58437.2540983607|0
"400874002011"|0|1|0|0|0|0|0|1|1|0|0|1|1|0|0|NA|NA|NA|NA|NA|0|0|0|0|NA|0
"400874002013"|0|1|0|0|0|0|0|1|1|0|0|1|1|0|0|NA|NA|NA|NA|NA|0|0|0|0|NA|0
"400874002022"|0|1|0|0|0|0|0|1|1|0|0|1|1|0|0|NA|NA|NA|NA|NA|0|0|0|0|NA|0
"400874003005"|0|1|0|0|0|0|0|1|1|0|0|1|1|0|0|NA|NA|NA|NA|NA|0|0|0|0|NA|0
"400890986005"|0|1|0|0|0|0|0|1|1|0|0|1|1|0|0|NA|NA|NA|NA|NA|0|0|0|0|NA|0
"400890988002"|0|1|0|0|0|0|0|1|0|0|0|0|0|0|0|NA|NA|NA|NA|NA|0|0|0|0|NA|0
"400939553002"|0|1|0|0|0|0|0|1|1|0|0|1|1|0|0|NA|NA|NA|NA|NA|0|0|0|0|NA|0
"400970401004"|0|1|0|0|0|0|0|1|0|0|0|1|1|0|0|NA|NA|NA|NA|NA|0|0|0|0|NA|0
"400970403001"|0|1|0|0|0|0|0|1|1|0|0|1|1|0|0|NA|NA|NA|NA|NA|0|0|0|0|NA|0
"400970403002"|0|1|0|0|0|0|0|1|1|0|0|1|1|0|0|NA|NA|NA|NA|NA|0|0|0|0|NA|0
"400970404002"|0|1|0|0|0|0|0|1|1|0|0|0|0|0|0|NA|NA|NA|NA|NA|0|0|0|0|NA|0
"400970404004"|0|1|0|0|0|0|0|1|1|0|0|0|0|0|0|NA|NA|NA|NA|NA|0|0|0|0|NA|0
"401010004002"|0|1|0|0|0|0|0|1|1|0|0|1|1|0|0|NA|NA|NA|NA|NA|0|0|0|0|NA|0
"401010008021"|0|1|0|0|0|0|0|1|1|1|0|0|1|0|0|15000|15000|NA|NA|7200|38|9|32|1609682|50302.5625|0
"401010013005"|0|1|0|0|0|0|0|1|1|0|0|1|0|1|0|NA|NA|NA|NA|NA|0|0|0|0|NA|0
"401010015003"|0|1|0|0|0|0|0|1|1|1|1|0|0|1|0|2352|6162|NA|NA|7436|74|28|86|3838766|44636.8139534884|0
"401091010002"|0|1|1|0|0|0|0|1|1|1|0|0|0|1|0|27276|27276|10620|10620|8896|331|152|408|27339048|67007.4705882353|0
"401091010004"|0|1|1|0|0|0|0|1|1|1|0|0|0|1|0|27276|27276|10620|10620|8896|331|152|408|27339048|67007.4705882353|0
"401091026001"|0|1|1|0|0|1|0|1|1|1|0|0|0|1|0|4788|20169|5119|19778|NA|1361|290|512|48335000|94404.296875|0
"401091027001"|0|1|1|0|0|1|0|1|1|1|0|0|0|1|0|4788|20169|5119|19778|NA|1361|290|512|48335000|94404.296875|0
"401091052021"|0|1|0|0|0|0|0|1|1|0|0|1|0|1|0|NA|NA|NA|NA|NA|0|0|0|0|NA|0
"401091066081"|0|1|1|0|0|0|0|1|0|0|0|0|0|0|0|NA|NA|NA|NA|NA|0|0|0|0|NA|0
"401091068013"|0|1|1|0|0|0|0|1|1|1|0|0|0|1|0|24420|24420|20772|20772|9884|213|76|136|7437920|54690.5882352941|0
"401091068014"|0|1|1|0|0|0|0|1|1|1|0|0|0|1|0|24420|24420|20772|20772|9884|213|76|136|7437920|54690.5882352941|0
"401091070021"|0|1|0|0|0|0|0|1|1|1|0|0|0|1|0|3698|9794|NA|NA|NA|178|65|156|8531930|54691.858974359|0
"401091072124"|0|1|0|0|0|0|0|1|1|1|1|0|0|0|1|3025|8776|NA|NA|NA|320|68|244|11922966|48864.6147540984|0
"401091072221"|0|1|0|0|0|0|0|1|1|0|0|1|1|0|0|NA|NA|NA|NA|NA|0|0|0|0|NA|0
"401091076011"|0|1|0|0|0|0|0|1|1|1|1|0|0|1|0|3441|9818|NA|NA|9573|215|105|260|13531480|52044.1538461538|0
"401091077072"|0|1|0|0|0|0|0|1|1|0|0|1|1|0|0|NA|NA|NA|NA|NA|0|0|0|0|NA|0
"401091082071"|0|1|1|0|0|0|0|1|1|1|0|0|0|0|1|6482|17369|6786|16794|7970|878|381|1080|73234994|67810.1796296296|0
"401091082072"|0|1|1|0|0|0|0|1|1|1|0|0|0|0|1|6482|17369|6786|16794|7970|878|381|1080|73234994|67810.1796296296|0
"401091083033"|0|1|1|0|0|0|0|1|1|1|0|0|0|1|0|22460|22460|11124|11124|8190|190|67|190|11924948|62762.8842105263|0
"401091083071"|0|1|0|0|0|0|0|1|1|0|0|1|1|0|0|NA|NA|NA|NA|NA|0|0|0|0|NA|0
"401091083153"|0|2|0|0|0|0|0|2|2|0|0|2|2|0|0|NA|NA|NA|NA|NA|0|0|0|0|NA|0
"401091085081"|0|1|0|0|0|0|0|1|0|0|0|0|0|0|0|NA|NA|NA|NA|NA|0|0|0|0|NA|0
"401091085281"|0|1|0|0|0|0|0|1|1|0|0|1|0|1|0|NA|NA|NA|NA|NA|0|0|0|0|NA|0
"401091086011"|0|1|0|0|0|0|0|1|0|0|0|0|0|0|0|NA|NA|NA|NA|NA|0|0|0|0|NA|0
"401091088043"|0|1|0|0|0|0|0|1|1|0|0|1|1|0|0|NA|NA|NA|NA|NA|0|0|0|0|NA|0
"401110001002"|0|3|0|0|0|0|1|3|3|2|1|1|2|1|0|NA|NA|NA|NA|NA|250|65|242|13102022|NA|0
"401155743003"|0|1|0|0|0|0|0|1|1|1|1|0|0|1|0|2925|8925|NA|NA|6250|113|62|108|5007906|46369.5|0
"401155746002"|0|1|0|0|0|0|0|1|1|1|1|0|0|1|0|2925|8925|NA|NA|6250|113|62|108|5007906|46369.5|0
"401155748001"|0|1|0|0|0|0|0|1|1|0|0|1|1|0|0|NA|NA|NA|NA|NA|0|0|0|0|NA|0
"401190104002"|0|1|1|0|0|1|0|1|1|1|0|0|0|0|1|5366|20877|5531|21034|8996|3782|1328|2460|212590870|86419.0528455285|0
"401190109003"|0|1|0|0|0|0|0|1|1|0|0|1|1|0|0|NA|NA|NA|NA|NA|0|0|0|0|NA|0
"401214865001"|0|1|0|0|0|0|0|1|1|0|0|1|1|0|0|NA|NA|NA|NA|NA|0|0|0|0|NA|0
"401230889002"|0|1|1|0|0|0|0|1|1|1|0|0|0|1|0|5406|14616|4122|10551|6848|282|117|276|15907354|57635.3405797101|0
"401230890003"|0|1|0|0|0|0|0|1|1|0|0|1|1|0|0|NA|NA|NA|NA|NA|0|0|0|0|NA|0
"401255002002"|0|1|0|0|0|0|0|1|1|0|0|1|1|0|0|NA|NA|NA|NA|NA|0|0|0|0|NA|0
"401255002003"|0|1|0|0|0|0|0|1|1|0|0|1|1|0|0|NA|NA|NA|NA|NA|0|0|0|0|NA|0
"401255005002"|0|1|1|0|0|0|0|1|1|1|0|0|0|1|0|25138|25138|9900|9900|7618|205|99|242|15130864|62524.2314049587|0
"401255009001"|0|1|1|0|0|0|0|1|1|1|0|0|1|0|0|6000|6000|6000|6000|9176|5|0|2|28600|14300|0
"401255009002"|0|1|0|0|0|0|0|1|1|0|0|1|1|0|0|NA|NA|NA|NA|NA|0|0|0|0|NA|0
"401310501011"|0|1|0|0|0|0|0|1|1|0|0|1|1|0|0|NA|NA|NA|NA|NA|0|0|0|0|NA|0
"401310501042"|0|1|1|0|0|0|0|1|1|1|0|0|0|1|0|4380|12720|4980|13470|9814|191|88|202|10562776|52290.9702970297|0
"401310501051"|0|1|0|0|0|0|0|1|1|0|0|1|1|0|0|NA|NA|NA|NA|NA|0|0|0|0|NA|0
"401310501052"|0|1|1|0|0|0|0|1|1|1|0|0|0|1|0|4380|12720|4980|13470|9814|191|88|202|10562776|52290.9702970297|0
"401310501053"|0|1|1|0|0|0|0|1|1|1|0|0|0|1|0|4380|12720|4980|13470|9814|191|88|202|10562776|52290.9702970297|0
"401310502021"|0|1|0|0|0|0|0|1|1|0|0|1|1|0|0|NA|NA|NA|NA|NA|0|0|0|0|NA|0
"401310502022"|0|1|0|0|0|0|0|1|1|0|0|1|1|0|0|NA|NA|NA|NA|NA|0|0|0|0|NA|0
"401310506042"|0|1|0|0|0|0|0|1|1|0|0|1|1|0|0|NA|NA|NA|NA|NA|0|0|0|0|NA|0
"401335834001"|0|1|0|0|0|0|0|1|1|1|1|0|0|1|0|2970|9090|NA|NA|7070|88|46|90|3901654|43351.7111111111|0
"401350303021"|0|1|0|0|0|0|0|1|1|0|0|0|0|0|0|NA|NA|NA|NA|NA|0|0|0|0|NA|0
"401350303022"|0|1|0|0|0|0|0|1|1|0|0|0|0|0|0|NA|NA|NA|NA|NA|0|0|0|0|NA|0
"401350303023"|0|1|0|0|0|0|0|1|1|0|0|0|0|0|0|NA|NA|NA|NA|NA|0|0|0|0|NA|0
"401370001021"|0|1|0|0|0|0|0|1|1|0|0|1|1|0|0|NA|NA|NA|NA|NA|0|0|0|0|NA|0
"401399507002"|0|1|0|0|0|0|0|1|1|1|0|0|0|1|0|3696|4440|NA|NA|5302|75|27|88|3820118|43410.4318181818|0
"401399507003"|0|1|0|0|0|0|0|1|1|1|0|0|0|1|0|3696|4440|NA|NA|5302|75|27|88|3820118|43410.4318181818|0
"401430021001"|0|2|1|0|0|0|0|2|2|2|1|0|1|1|0|NA|NA|NA|NA|NA|902|370|758|70751924|161527.480459209|0
"401430021002"|0|1|0|0|0|0|0|1|1|1|1|0|1|0|0|NA|NA|NA|NA|NA|41|13|46|3056696|66449.9130434783|0
"401430046001"|0|0|1|0|1|1|0|1|1|1|0|0|1|0|0|NA|NA|5530|21033|NA|0|0|0|0|NA|0
"401430058014"|0|0|1|0|0|0|0|1|1|1|0|0|1|0|0|NA|NA|11520|11520|NA|24|5|26|2180512|83865.8461538462|0
"401430058053"|0|0|1|0|0|0|0|1|1|1|0|0|1|0|0|NA|NA|11520|11520|NA|24|5|26|2180512|83865.8461538462|0
"401430059001"|0|0|1|0|0|0|0|1|1|1|0|0|1|0|0|NA|NA|11520|11520|NA|24|5|26|2180512|83865.8461538462|0
"401430067032"|0|1|0|0|0|0|0|1|1|0|0|1|1|0|0|NA|NA|NA|NA|NA|0|0|0|0|NA|0
"401430067033"|0|1|0|0|0|0|0|1|1|0|0|1|1|0|0|NA|NA|NA|NA|NA|0|0|0|0|NA|0
"401430068012"|0|1|0|0|0|0|0|1|1|0|0|1|1|0|0|NA|NA|NA|NA|NA|0|0|0|0|NA|0
"401430070002"|0|1|0|0|0|0|0|1|1|1|1|0|0|0|1|2605|7837|NA|NA|NA|609|244|554|33052056|59660.7509025271|0
"401430073122"|0|2|1|0|0|0|0|2|1|0|0|1|1|0|0|NA|NA|NA|NA|NA|0|0|0|0|NA|0
"401430074111"|0|1|0|0|0|0|0|1|1|0|0|1|1|0|0|NA|NA|NA|NA|NA|0|0|0|0|NA|0
"401430074112"|0|1|0|0|0|0|0|1|1|0|0|1|1|0|0|NA|NA|NA|NA|NA|0|0|0|0|NA|0
"401430074151"|0|1|0|0|0|0|0|1|1|0|0|1|1|0|0|NA|NA|NA|NA|NA|0|0|0|0|NA|0
"401430076121"|0|1|1|0|0|0|0|1|1|1|0|0|0|1|0|26700|26700|12960|12960|9450|434|205|308|20816778|67586.9415584416|0
"401430076201"|0|1|0|0|0|0|0|1|1|1|0|0|1|0|0|15000|15000|NA|NA|NA|2|1|4|202000|50500|0
"401430082001"|0|1|1|0|0|0|0|2|2|2|0|0|2|0|0|NA|NA|NA|NA|NA|128|40|272|13420964|129558.740462789|0
"401430083001"|0|1|1|0|0|0|0|2|2|2|0|0|2|0|0|NA|NA|NA|NA|NA|128|40|272|13420964|129558.740462789|0
"401430085024"|0|3|0|0|0|0|0|3|3|1|1|2|2|1|0|NA|NA|NA|NA|NA|20|3|44|2188622|NA|0
"401430086001"|0|2|0|0|0|0|0|2|2|1|1|1|2|0|0|NA|NA|NA|NA|NA|46|21|50|2182150|NA|0
"401430089003"|0|0|1|0|0|0|0|1|1|1|0|0|1|0|0|NA|NA|11520|11520|NA|24|5|26|2180512|83865.8461538462|0
"401430090081"|0|2|0|0|0|0|0|2|2|1|1|1|2|0|0|NA|NA|NA|NA|NA|0|0|0|0|NA|0
"401430090082"|0|1|0|0|0|0|0|1|1|0|0|1|1|0|0|NA|NA|NA|NA|NA|0|0|0|0|NA|0
"401470007003"|0|1|1|0|0|0|0|1|1|1|0|0|0|1|0|25756|25756|9540|9540|8344|99|30|60|3187166|53119.4333333333|0
"401470008004"|0|1|1|0|0|0|0|1|1|1|0|0|0|1|0|25756|25756|9540|9540|8344|99|30|60|3187166|53119.4333333333|0
"401499649003"|0|1|0|0|0|0|0|1|1|0|0|1|1|0|0|NA|NA|NA|NA|NA|0|0|0|0|NA|0
"401519542001"|0|2|1|0|0|0|0|2|2|1|0|1|1|1|0|NA|NA|NA|NA|NA|148|59|180|10719882|NA|0
"401519542004"|0|2|1|0|0|0|0|2|2|1|0|1|1|1|0|NA|NA|NA|NA|NA|148|59|180|10719882|NA|0
"401539533003"|0|1|0|0|0|0|0|1|1|0|0|1|1|0|0|NA|NA|NA|NA|NA|0|0|0|0|NA|0
"401539535003"|0|1|0|0|0|0|0|1|1|0|0|1|1|0|0|NA|NA|NA|NA|NA|0|0|0|0|NA|0
"410030002022"|0|1|0|0|0|0|0|1|1|0|0|1|1|0|0|NA|NA|NA|NA|NA|0|0|0|0|NA|0
"410030106003"|0|1|1|0|0|1|0|1|1|1|0|0|0|0|1|9390|28365|12555|23787|11904|4419|902|2824|268692894|95146.2089235127|0
"410030106004"|0|1|1|0|0|1|0|1|1|1|0|0|0|0|1|9390|28365|12555|23787|11904|4419|902|2824|268692894|95146.2089235127|0
"410030109002"|0|1|0|0|0|0|0|1|1|0|0|1|1|0|0|NA|NA|NA|NA|NA|0|0|0|0|NA|0
"410050205051"|0|1|1|0|0|0|0|1|0|0|0|0|0|0|0|NA|NA|NA|NA|NA|0|0|0|0|NA|0
"410050212001"|0|1|1|0|0|0|0|1|1|1|0|0|0|1|0|50574|50574|16704|16704|12490|380|119|426|37337194|87645.9953051643|0
"410050222013"|0|2|0|0|0|0|0|2|2|0|0|2|2|0|0|NA|NA|NA|NA|NA|0|0|0|0|NA|0
"410050226031"|0|1|0|0|0|0|0|1|1|1|1|0|0|1|0|4500|11970|NA|NA|NA|260|70|238|19078840|80163.1932773109|0
"410050244001"|0|1|0|0|0|0|0|1|1|1|0|0|1|0|0|12624|12624|NA|NA|NA|58|6|110|5474736|49770.3272727273|0
"410079503004"|0|1|0|0|0|0|0|1|1|1|1|0|1|0|0|3672|7344|NA|NA|NA|72|25|58|4182026|72103.8965517241|0
"410079504001"|0|1|0|0|0|0|0|1|1|1|1|0|1|0|0|3672|7344|NA|NA|NA|72|25|58|4182026|72103.8965517241|0
"410079509005"|0|1|0|0|0|0|0|1|1|0|0|1|1|0|0|NA|NA|NA|NA|NA|0|0|0|0|NA|0
"410079511002"|0|1|0|0|0|0|0|1|1|0|0|1|1|0|0|NA|NA|NA|NA|NA|0|0|0|0|NA|0
"410079511003"|0|1|0|0|0|0|0|1|1|0|0|1|1|0|0|NA|NA|NA|NA|NA|0|0|0|0|NA|0
"410079511004"|0|1|0|0|0|0|0|1|1|0|0|1|1|0|0|NA|NA|NA|NA|NA|0|0|0|0|NA|0
"410110004004"|0|1|0|0|0|0|0|1|1|1|1|0|0|1|0|4208|4208|NA|NA|7476|148|52|106|6235320|58823.7735849057|0
"410110005032"|0|1|0|0|0|0|0|1|1|1|1|0|0|1|0|4208|4208|NA|NA|7476|148|52|106|6235320|58823.7735849057|0
"410170013001"|0|1|0|0|0|0|0|1|1|1|1|0|0|1|0|4986|10188|NA|NA|11151|217|63|252|16786224|66612|0
"410170013002"|0|1|0|0|0|0|0|1|1|1|1|0|0|1|0|4986|10188|NA|NA|11151|217|63|252|16786224|66612|0
"410170013003"|0|1|0|0|0|0|0|1|1|1|1|0|0|1|0|4986|10188|NA|NA|11151|217|63|252|16786224|66612|0
"410170014001"|0|1|1|0|0|0|0|1|1|1|0|0|0|1|0|9120|28365|12555|23787|11904|0|0|0|0|NA|0
"410170014002"|0|1|1|0|0|0|0|1|1|1|0|0|0|1|0|9120|28365|12555|23787|11904|0|0|0|0|NA|0
"410170018004"|0|1|0|0|0|0|0|1|1|0|0|1|1|0|0|NA|NA|NA|NA|NA|0|0|0|0|NA|0
"410190900001"|0|1|0|0|0|0|0|1|1|1|1|0|0|1|0|3783|4368|NA|NA|NA|145|44|116|7296624|62901.9310344828|0
"410190900003"|0|1|0|0|0|0|0|1|1|1|1|0|0|1|0|3783|4368|NA|NA|NA|145|44|116|7296624|62901.9310344828|0
"410190900004"|0|1|0|0|0|0|0|1|1|1|1|0|0|1|0|3783|4368|NA|NA|NA|145|44|116|7296624|62901.9310344828|0
"410290001002"|0|1|0|0|0|0|0|1|1|1|1|0|1|0|0|3600|3600|NA|NA|NA|2|0|0|0|NA|0
"410290003002"|0|1|0|0|0|0|0|1|1|0|0|1|1|0|0|NA|NA|NA|NA|NA|0|0|0|0|NA|0
"410290004061"|0|1|0|0|0|0|0|1|1|0|0|1|1|0|0|NA|NA|NA|NA|NA|0|0|0|0|NA|0
"410290012001"|0|1|0|0|0|0|0|1|1|0|0|1|1|0|0|NA|NA|NA|NA|NA|0|0|0|0|NA|0
"410290019002"|0|1|1|0|0|0|0|1|1|1|0|0|0|1|0|7740|23670|15480|19368|14199|341|48|310|24184206|78013.5677419355|0
"410290022003"|0|1|1|0|0|0|0|1|1|1|0|0|0|1|0|7740|23670|15480|19368|14199|341|48|310|24184206|78013.5677419355|0
"410333605004"|0|1|0|0|0|0|0|1|1|0|0|1|1|0|0|NA|NA|NA|NA|NA|0|0|0|0|NA|0
"410359713006"|0|1|0|0|0|0|0|1|1|1|1|0|0|1|0|3708|6282|NA|NA|NA|90|10|66|4103904|62180.3636363636|0
"410359717004"|0|1|0|0|0|0|0|1|1|0|0|1|1|0|0|NA|NA|NA|NA|NA|0|0|0|0|NA|0
"410359720003"|0|1|1|0|0|0|0|1|1|1|0|0|0|1|0|8498|27048|12870|21602|9579|257|61|338|24176062|71526.8106508876|0
"410390011011"|0|1|0|0|0|0|0|1|1|1|1|0|0|1|0|4104|9720|NA|NA|9099|356|78|404|30403118|75255.2425742574|0
"410390021022"|0|1|0|0|0|0|0|1|1|0|0|1|1|0|0|NA|NA|NA|NA|NA|0|0|0|0|NA|0
"410390036002"|0|1|0|0|0|0|0|1|1|1|1|0|0|1|0|4104|9720|NA|NA|9099|356|78|404|30403118|75255.2425742574|0
"410390037001"|0|1|1|0|0|0|0|1|1|1|0|0|0|0|1|9765|33345|14526|26028|11922|3738|692|2300|212531968|92405.2034782609|0
"410390037002"|0|1|1|0|0|0|0|1|1|1|0|0|0|0|1|9765|33345|14526|26028|11922|3738|692|2300|212531968|92405.2034782609|0
"410390038002"|0|1|1|0|0|0|0|1|1|1|0|0|1|0|0|29850|29850|16680|16680|9300|75|27|52|2670968|51364.7692307692|0
"410390044053"|0|1|1|0|0|0|0|1|1|1|0|0|1|0|0|14950|14950|8100|8100|6300|11|1|6|195140|32523.3333333333|0
"410419512002"|0|1|0|0|0|0|0|1|1|1|1|0|1|0|0|3780|7704|NA|NA|NA|31|11|22|1236220|56191.8181818182|0
"410419901000"|0|1|0|0|0|0|0|1|1|1|1|0|1|0|0|3780|7704|NA|NA|NA|31|11|22|1236220|56191.8181818182|0
"410430202001"|0|1|0|0|0|0|0|1|1|1|1|0|0|1|0|4582|10651|NA|NA|NA|278|87|272|21268110|78191.5808823529|0
"410459703002"|0|1|0|0|0|0|0|1|1|1|1|0|0|1|0|4257|4687|NA|NA|7283|90|17|86|5442032|63279.4418604651|0
"410470002002"|0|1|0|0|0|0|0|1|1|0|0|1|1|0|0|NA|NA|NA|NA|NA|0|0|0|0|NA|0
"410470002003"|0|1|1|0|0|0|0|1|1|1|0|0|0|1|0|49750|49750|41900|41900|12560|347|107|374|37262588|99632.5882352941|0
"410470016025"|0|1|0|0|0|0|0|1|1|1|1|0|0|0|1|3915|11340|NA|NA|NA|454|127|408|30479882|74705.5931372549|0
"410470016042"|0|1|0|0|0|0|0|1|1|0|0|1|1|0|0|NA|NA|NA|NA|NA|0|0|0|0|NA|0
"410470016044"|0|1|0|0|0|0|0|1|1|0|0|1|1|0|0|NA|NA|NA|NA|NA|0|0|0|0|NA|0
"410470017012"|0|2|0|0|0|0|0|2|2|0|0|2|2|0|0|NA|NA|NA|NA|NA|0|0|0|0|NA|0
"410470018012"|0|1|1|0|0|0|0|1|1|1|0|0|0|1|0|32380|32380|8876|8876|10360|96|33|94|5802714|61731|0
"410470018032"|0|1|1|0|0|0|0|1|1|1|0|0|0|1|0|32380|32380|8876|8876|10360|96|33|94|5802714|61731|0
"410470104005"|0|1|1|0|0|0|0|1|1|1|0|0|1|0|0|15480|15480|15480|15480|12482|22|4|26|1738094|66849.7692307692|0
"410510003012"|0|1|1|0|0|0|0|1|1|1|0|0|0|1|0|56030|56030|NA|NA|14210|333|70|338|32586530|96409.8520710059|0
"410510015001"|0|0|1|0|0|0|0|1|1|1|0|0|1|0|0|NA|NA|14040|14040|NA|50|20|38|2543354|66930.3684210526|0
"410510016014"|0|1|1|0|0|0|0|1|1|1|0|0|1|0|0|18000|18000|8640|8640|9670|62|22|58|3523768|60754.6206896552|0
"410510017021"|0|1|1|0|0|0|0|1|1|1|0|0|1|0|0|25300|25300|13440|13440|10000|105|53|50|3134592|62691.84|0
"410510021001"|0|6|0|0|0|0|0|6|4|1|1|3|5|0|0|NA|NA|NA|NA|NA|35|12|22|1342570|NA|0
"410510023032"|0|1|0|0|0|0|0|1|1|0|0|1|1|0|0|NA|NA|NA|NA|NA|0|0|0|0|NA|0
"410510024022"|0|1|0|0|0|0|0|1|0|0|0|0|0|0|0|NA|NA|NA|NA|NA|0|0|0|0|NA|0
"410510024023"|0|3|0|0|0|0|0|3|2|0|0|2|3|0|0|NA|NA|NA|NA|NA|0|0|0|0|NA|0
"410510036022"|0|1|1|0|0|0|0|1|1|1|0|0|0|1|0|30508|30508|20910|20910|9220|296|87|126|9239638|73330.4603174603|0
"410510040021"|0|1|1|0|0|0|0|1|1|1|0|0|0|1|0|45564|45564|22914|22914|13174|491|189|524|40852344|77962.4885496183|0
"410510049001"|0|1|0|0|0|0|0|1|1|1|0|0|1|0|0|42700|42700|NA|NA|NA|0|0|0|0|NA|0
"410510050001"|0|1|0|0|0|0|0|1|1|0|0|1|1|0|0|NA|NA|NA|NA|NA|0|0|0|0|NA|0
"410510051001"|0|1|1|0|0|0|0|1|1|1|0|0|1|0|0|37500|37500|33629|33629|13070|77|6|62|3484928|56208.5161290323|0
"410510051002"|0|1|1|0|0|0|0|2|2|2|0|0|2|0|0|NA|NA|NA|NA|NA|35|7|16|918614|NA|0
"410510052001"|0|1|0|0|0|0|0|1|1|0|0|1|1|0|0|11750|11750|NA|NA|NA|0|0|0|0|NA|0
"410510056003"|0|1|1|0|0|0|0|1|1|1|0|0|0|0|1|6156|20520|11178|17010|13215|1691|431|1560|136706976|87632.6769230769|0
"410510057001"|0|1|1|0|1|0|0|1|1|1|0|0|1|0|0|10170|10170|14080|14080|NA|114|37|68|4881744|71790.3529411765|0
"410510057003"|0|1|1|0|1|0|0|1|1|1|0|0|1|0|0|10170|10170|14080|14080|NA|114|37|68|4881744|71790.3529411765|0
"410510058001"|0|1|1|0|0|0|0|1|1|1|0|0|0|0|1|6156|20520|11178|17010|13215|1691|431|1560|136706976|87632.6769230769|0
"410510058002"|0|1|1|0|1|1|0|1|1|1|0|0|0|1|0|13932|25524|20412|20412|NA|3492|351|762|92931028|121956.729658793|0
"410510059003"|0|1|1|0|0|0|0|1|1|1|0|0|1|0|0|7800|7800|9090|9090|NA|37|9|14|735760|52554.2857142857|0
"410510063001"|0|1|1|0|0|0|0|1|1|1|0|0|0|1|0|50574|50574|16704|16704|12490|380|119|426|37337194|87645.9953051643|0
"410510064042"|0|2|1|0|0|0|0|2|1|1|1|0|0|0|1|NA|NA|NA|NA|NA|1170|497|830|61812332|NA|0
"410510083021"|0|1|1|0|0|0|0|1|1|1|0|0|1|0|0|12000|12000|12960|12960|NA|12|6|0|0|NA|0
"410510085001"|0|1|0|0|0|0|0|1|1|1|0|0|1|0|0|22641|22641|NA|NA|NA|9|4|0|0|NA|0
"410510090002"|0|1|0|0|0|0|0|1|1|1|0|0|1|0|0|22641|22641|NA|NA|NA|9|4|0|0|NA|0
"410510094004"|0|1|1|0|1|0|0|1|1|1|0|0|0|1|0|NA|NA|9800|9800|NA|118|18|76|5929790|78023.5526315789|0
"410510104072"|0|1|0|0|0|0|0|1|1|1|1|0|0|1|0|4815|9720|NA|NA|NA|230|73|312|26319396|84357.0384615385|0
"410510106001"|0|1|0|0|0|0|0|1|1|0|0|1|1|0|0|NA|NA|NA|NA|NA|0|0|0|0|NA|0
"410510106003"|0|1|0|0|0|0|0|1|1|0|0|1|1|0|0|NA|NA|NA|NA|NA|0|0|0|0|NA|0
"410530051001"|0|1|0|0|0|0|0|1|1|0|0|1|1|0|0|NA|NA|NA|NA|NA|0|0|0|0|NA|0
"410530052013"|0|1|0|0|0|0|0|1|1|0|0|1|1|0|0|NA|NA|NA|NA|NA|0|0|0|0|NA|0
"410530052022"|0|1|0|0|0|0|0|1|1|0|0|1|1|0|0|NA|NA|NA|NA|NA|0|0|0|0|NA|0
"410530203025"|0|1|1|0|0|0|0|1|1|1|0|0|0|1|0|8391|24615|14796|24156|10389|455|84|572|36051774|63027.5769230769|0
"410530203031"|0|1|1|0|0|0|0|1|1|1|0|0|0|1|0|8391|24615|14796|24156|10389|455|84|572|36051774|63027.5769230769|0
"410579604005"|0|1|0|0|0|0|0|1|1|1|1|0|1|0|0|3492|4212|NA|NA|NA|27|5|12|874560|72880|0
"410599504002"|0|1|0|0|0|0|0|1|1|1|1|0|0|1|0|4860|14580|NA|NA|NA|110|28|114|9121736|80015.2280701754|0
"410619707002"|0|1|1|0|0|0|0|1|1|1|0|0|0|1|0|7155|19215|12924|16290|9594|225|51|218|14357388|65859.5779816514|0
"410659703001"|0|1|0|0|0|0|0|1|1|1|1|0|1|0|0|3672|8208|NA|NA|NA|59|14|40|2624768|65619.2|0
"410670301013"|0|1|1|0|0|0|0|1|1|1|0|0|1|0|0|33150|33150|36200|36200|10000|18|2|28|1497018|53464.9285714286|0
"410670302001"|0|1|1|0|0|0|0|1|1|1|0|0|1|0|0|33150|33150|36200|36200|10000|18|2|28|1497018|53464.9285714286|0
"410670307002"|0|1|1|0|0|0|0|1|0|0|0|0|0|0|0|NA|NA|NA|NA|NA|0|0|0|0|NA|0
"410670308061"|0|1|0|0|0|0|0|1|1|1|1|0|1|0|0|NA|NA|NA|NA|NA|15|3|14|7e+05|50000|0
"410670309001"|0|1|0|0|0|0|0|1|1|0|0|1|1|0|0|NA|NA|NA|NA|NA|0|0|0|0|NA|0
"410670309002"|0|1|0|0|0|0|0|1|0|0|0|0|1|0|0|NA|NA|NA|NA|NA|0|0|0|0|NA|0
"410670313001"|0|1|0|0|0|0|0|1|1|0|0|1|1|0|0|NA|NA|NA|NA|NA|0|0|0|0|NA|0
"410670313002"|0|1|0|0|0|0|0|1|1|0|0|1|1|0|0|NA|NA|NA|NA|NA|0|0|0|0|NA|0
"410670320033"|0|1|0|0|0|0|0|1|1|0|0|1|1|0|0|NA|NA|NA|NA|NA|0|0|0|0|NA|0
"410670325011"|0|1|0|0|0|0|0|1|1|0|0|1|1|0|0|NA|NA|NA|NA|NA|0|0|0|0|NA|0
"410670325021"|0|1|0|0|0|0|0|1|1|0|0|1|1|0|0|NA|NA|NA|NA|NA|0|0|0|0|NA|0
"410670332002"|0|1|1|0|0|0|0|1|1|1|0|0|0|1|0|43288|43288|31297|31297|12528|419|216|590|48442216|82105.4508474576|0
"410710302014"|0|1|1|0|0|0|0|1|1|1|0|0|0|1|0|35500|35500|15504|15504|11250|285|99|398|28676900|72052.5125628141|0
"410710308022"|0|2|1|0|0|0|0|2|2|2|0|0|1|1|0|56065|56065|NA|NA|NA|226|69|292|21710634|NA|0
"410710308023"|0|2|1|0|0|0|0|2|2|2|0|0|1|1|0|56065|56065|NA|NA|NA|226|69|292|21710634|NA|0
"420010315011"|0|1|0|0|0|0|0|1|1|1|0|0|0|1|0|54480|54480|NA|NA|13010|558|167|460|39915448|86772.7130434783|0
"420010315021"|0|0|1|0|0|0|0|1|1|1|0|0|1|0|0|NA|NA|18000|18000|NA|44|9|10|732156|73215.6|0
"420030103001"|0|1|0|0|0|0|0|1|1|0|0|1|1|0|0|14190|14190|NA|NA|NA|0|0|0|0|NA|0
"420030103002"|0|1|1|0|0|0|0|1|1|1|0|0|0|1|0|38178|38178|23112|23112|12586|1048|264|988|92427746|93550.3502024292|0
"420030103003"|0|1|0|0|0|0|0|1|1|0|0|1|1|0|0|14190|14190|NA|NA|NA|0|0|0|0|NA|0
"420030103004"|0|1|0|0|0|0|0|1|1|0|0|1|1|0|0|14190|14190|NA|NA|NA|0|0|0|0|NA|0
"420030201001"|0|2|1|0|0|0|0|2|2|2|1|0|1|1|0|45360|45360|NA|NA|NA|261|83|302|22144176|NA|0
"420030201002"|0|1|1|0|0|0|0|1|1|1|0|0|0|1|0|29980|29980|15858|15858|11320|261|83|302|22144176|73325.0860927152|0
"420030201003"|0|1|0|0|0|0|0|1|1|1|1|0|1|0|0|23784|23784|NA|NA|NA|17|2|34|1071916|31526.9411764706|0
"420030201005"|0|1|0|0|0|0|0|1|1|1|1|0|1|0|0|15380|15380|NA|NA|NA|0|0|0|0|NA|0
"420030201006"|0|2|0|0|0|0|0|2|2|2|2|0|2|0|0|NA|NA|NA|NA|NA|12|3|20|1161674|NA|0
"420030203001"|0|4|0|0|0|0|0|4|4|4|2|0|3|1|0|NA|NA|NA|NA|NA|34|14|46|2865594|NA|0
"420030402002"|0|1|1|0|0|0|0|1|1|1|0|0|0|1|0|29788|29788|18234|18234|11442|157|25|200|12924502|64622.51|0
"420030404001"|0|1|1|0|0|0|0|1|1|1|0|0|0|0|1|54244|54244|43815|43815|14418|4041|874|2488|293570322|117994.502411576|0
"420030509001"|0|2|0|0|0|0|0|2|2|2|0|0|1|1|0|31032|31032|NA|NA|NA|22|11|26|1703920|NA|0
"420030605001"|0|2|0|0|0|0|0|2|2|2|0|0|1|1|0|31032|31032|NA|NA|NA|22|11|26|1703920|NA|0
"420030709001"|0|1|0|0|0|0|0|1|1|0|0|1|1|0|0|14190|14190|NA|NA|NA|0|0|0|0|NA|0
"420030809001"|0|1|0|0|0|0|0|1|1|0|0|1|1|0|0|8275|8275|NA|NA|6460|0|0|0|0|NA|0
"420031113004"|0|0|1|0|0|0|0|1|1|1|0|0|1|0|0|NA|NA|12312|12312|NA|57|18|28|2592004|92571.5714285714|0
"420031115002"|0|1|0|0|0|0|0|1|1|1|1|0|1|0|0|NA|NA|NA|NA|NA|6|4|6|667094|111182.333333333|0
"420031401001"|0|1|1|0|0|0|0|1|1|1|0|0|0|0|1|54244|54244|43815|43815|14418|4041|874|2488|293570322|117994.502411576|0
"420031401003"|0|1|1|0|0|0|0|1|1|1|0|0|0|0|1|54244|54244|43815|43815|14418|4041|874|2488|293570322|117994.502411576|0
"420031401004"|0|1|1|0|0|0|0|1|1|1|0|0|0|0|1|54244|54244|43815|43815|14418|4041|874|2488|293570322|117994.502411576|0
"420031402001"|0|1|1|0|0|0|0|1|1|1|0|0|0|1|0|36276|36276|17244|17244|11520|261|60|240|17724324|73851.35|0
"420031406002"|0|0|1|0|0|0|0|1|1|1|0|0|1|0|0|NA|NA|12960|12960|NA|6|1|8|727622|90952.75|0
"420031406003"|0|0|1|0|0|0|0|1|1|1|0|0|1|0|0|NA|NA|12960|12960|NA|6|1|8|727622|90952.75|0
"420031410001"|0|0|1|0|0|0|0|1|1|1|0|0|1|0|0|NA|NA|12960|12960|NA|6|1|8|727622|90952.75|0
"420031916002"|0|1|0|0|0|0|0|1|1|1|1|0|1|0|0|14500|14500|NA|NA|NA|2|0|20|474000|23700|0
"420031917001"|0|1|0|0|0|0|0|1|1|1|1|0|1|0|0|14500|14500|NA|NA|NA|2|0|20|474000|23700|0
"420032602001"|0|0|1|0|0|0|0|1|1|1|0|0|1|0|0|NA|NA|13050|13050|NA|4|0|8|73920|9240|0
"420032602002"|0|0|1|0|0|0|0|1|1|1|0|0|1|0|0|NA|NA|13050|13050|NA|4|0|8|73920|9240|0
"420032602003"|0|0|1|0|0|0|0|1|1|1|0|0|1|0|0|NA|NA|13050|13050|NA|4|0|8|73920|9240|0
"420032614002"|0|1|0|0|0|0|0|1|1|1|1|0|1|0|0|16864|16864|NA|NA|NA|8|0|36|1738486|48291.2777777778|0
"420034135004"|0|1|1|0|0|0|0|1|1|1|0|0|0|1|0|27714|27714|17640|17640|11556|154|69|126|8150666|64687.8253968254|0
"420034200001"|0|1|0|0|0|0|0|1|1|0|0|1|1|0|0|14190|14190|NA|NA|NA|0|0|0|0|NA|0
"420034292012"|0|1|0|0|0|0|0|1|1|0|0|1|1|0|0|NA|NA|NA|NA|NA|0|0|0|0|NA|0
"420034292023"|0|1|0|0|0|0|0|1|1|0|0|1|1|0|0|NA|NA|NA|NA|NA|0|0|0|0|NA|0
"420034302002"|0|1|0|0|0|0|0|1|1|1|1|0|1|0|0|NA|NA|NA|NA|NA|0|0|0|0|NA|0
"420034324003"|0|1|0|0|0|0|0|1|1|0|0|1|1|0|0|NA|NA|NA|NA|NA|0|0|0|0|NA|0
"420034511023"|0|1|1|0|0|0|0|1|1|1|0|0|0|1|0|29060|29060|NA|NA|13120|421|120|406|44237870|108960.270935961|0
"420034530031"|0|1|0|0|0|0|0|1|1|1|0|0|0|1|0|16801|16801|NA|NA|9450|151|65|144|8719320|60550.8333333333|0
"420034560012"|0|1|0|0|0|0|0|1|1|1|0|0|0|1|0|16801|16801|NA|NA|9450|151|65|144|8719320|60550.8333333333|0
"420034600021"|0|1|0|0|0|0|0|1|1|1|1|0|1|0|0|13800|13800|NA|NA|NA|30|2|58|3156116|54415.7931034483|0
"420034600022"|0|1|0|0|0|0|0|1|1|0|0|1|1|0|0|15100|15100|NA|NA|NA|0|0|0|0|NA|0
"420034724001"|0|1|0|0|0|0|0|1|1|0|0|1|1|0|0|NA|NA|NA|NA|NA|0|0|0|0|NA|0
"420034802001"|0|2|0|0|0|0|0|2|2|1|1|1|2|0|0|NA|NA|NA|NA|NA|43|4|80|3541748|NA|0
"420034885002"|0|2|0|0|0|0|0|2|2|1|1|1|2|0|0|NA|NA|NA|NA|NA|43|4|80|3541748|NA|0
"420034886003"|0|1|0|0|0|0|0|1|1|0|0|1|1|0|0|NA|NA|NA|NA|NA|0|0|0|0|NA|0
"420034886004"|0|1|0|0|0|0|0|1|1|0|0|1|1|0|0|NA|NA|NA|NA|NA|0|0|0|0|NA|0
"420035030022"|0|1|0|0|0|0|0|1|1|1|0|0|1|0|0|12718|20902|20302|26026|11570|79|29|72|5493082|76292.8055555556|0
"420035212002"|0|1|0|0|0|0|0|1|1|0|0|1|1|0|0|NA|NA|NA|NA|NA|0|0|0|0|NA|0
"420035213023"|0|1|0|0|0|0|0|1|1|0|0|1|1|0|0|NA|NA|NA|NA|NA|0|0|0|0|NA|0
"420035215002"|0|1|0|0|0|0|0|1|1|0|0|1|1|0|0|NA|NA|NA|NA|NA|0|0|0|0|NA|0
"420035236002"|0|1|0|0|0|0|0|1|1|1|1|0|1|0|0|NA|NA|NA|NA|NA|20|2|14|361484|25820.2857142857|0
"420035624001"|0|1|0|0|0|0|0|1|1|1|1|0|1|0|0|14500|14500|NA|NA|NA|2|0|20|474000|23700|0
"420035626001"|0|1|0|0|0|0|0|1|1|0|0|1|1|0|0|NA|NA|NA|NA|NA|0|0|0|0|NA|0
"420035626002"|0|1|0|0|0|0|0|1|1|0|0|1|1|0|0|NA|NA|NA|NA|NA|0|0|0|0|NA|0
"420035627001"|0|1|0|0|0|0|0|1|1|1|1|0|0|0|1|6780|10170|NA|NA|NA|582|251|498|33096622|66459.0803212851|0
"420039806001"|0|1|0|0|0|0|0|1|0|1|1|0|1|0|0|NA|NA|NA|NA|NA|27|6|28|1179190|42113.9285714286|0
"420039807001"|0|1|0|0|0|0|0|1|1|1|1|0|1|0|0|15380|15380|NA|NA|NA|0|0|0|0|NA|0
"420039812001"|0|1|1|0|0|0|0|1|1|1|0|0|0|1|0|29980|29980|15858|15858|11320|261|83|302|22144176|73325.0860927152|0
"420039822001"|0|1|1|0|0|1|0|1|1|1|0|0|0|0|1|18130|31102|22846|38736|11050|5530|1571|3658|399816068|109299.089119738|0
"420059509002"|0|1|0|0|0|0|0|1|1|0|0|1|1|0|0|NA|NA|NA|NA|NA|0|0|0|0|NA|0
"420059509004"|0|1|0|0|0|0|0|1|1|0|0|1|1|0|0|NA|NA|NA|NA|NA|0|0|0|0|NA|0
"420059511004"|0|1|0|0|0|0|0|1|1|0|0|1|1|0|0|NA|NA|NA|NA|NA|0|0|0|0|NA|0
"420076011002"|0|1|1|0|0|0|0|1|1|1|0|0|0|1|0|26730|26730|11976|11976|10170|155|43|134|8232936|61439.8208955224|0
"420076012003"|0|1|0|0|0|0|0|1|1|0|0|1|1|0|0|NA|NA|NA|NA|NA|0|0|0|0|NA|0
"420076042001"|0|0|1|0|0|0|0|1|1|1|0|0|1|0|0|NA|NA|12720|12720|NA|25|5|24|1632120|68005|0
"420076055001"|0|1|0|0|0|0|0|1|1|1|1|0|0|1|0|9420|14130|NA|NA|NA|99|39|98|5597282|57115.1224489796|0
"420076055003"|0|2|0|0|0|0|0|2|2|1|0|1|2|0|0|NA|NA|NA|NA|NA|73|23|70|5474646|NA|0
"420110005003"|0|1|0|0|0|0|0|1|1|0|0|1|1|0|0|NA|NA|NA|NA|NA|0|0|0|0|NA|0
"420110006002"|0|1|1|0|0|0|0|1|1|1|0|0|0|1|0|44206|44206|NA|NA|12070|217|59|208|13976096|67192.7692307692|0
"420110025001"|0|1|0|0|0|0|0|1|1|1|1|0|0|1|0|7920|8910|NA|NA|NA|138|63|120|7685902|64049.1833333333|0
"420110027001"|0|1|0|0|0|0|0|1|1|0|0|1|1|0|0|10206|10206|NA|NA|6220|0|0|0|0|NA|0
"420110029001"|0|2|1|0|0|0|0|2|2|1|0|1|1|1|0|NA|NA|NA|NA|NA|215|87|228|15267384|NA|0
"420110103043"|0|1|0|0|0|0|0|1|1|0|0|1|1|0|0|NA|NA|NA|NA|NA|0|0|0|0|NA|0
"420110103044"|0|1|0|0|0|0|0|1|1|0|0|1|1|0|0|NA|NA|NA|NA|NA|0|0|0|0|NA|0
"420110108022"|0|1|0|0|0|0|0|1|1|0|0|1|1|0|0|NA|NA|NA|NA|NA|0|0|0|0|NA|0
"420110109031"|0|1|0|0|0|0|0|1|1|1|0|0|0|1|0|14214|23466|21376|28168|11570|171|57|280|22494216|80336.4857142857|0
"420110111011"|0|1|0|0|0|0|0|1|1|1|1|0|1|0|0|NA|NA|NA|NA|NA|30|10|70|2932118|41887.4|0
"420110126002"|0|1|0|0|0|0|0|1|1|0|0|1|1|0|0|NA|NA|NA|NA|NA|0|0|0|0|NA|0
"420110141003"|0|1|1|0|0|0|0|1|1|1|0|0|0|1|0|7716|19290|12384|18576|11478|527|151|786|66486406|84588.3027989822|0
"420130106002"|0|1|0|0|0|0|0|1|1|0|0|1|1|0|0|NA|NA|NA|NA|NA|0|0|0|0|NA|0
"420130110013"|0|1|1|0|0|0|0|1|1|1|0|0|0|1|0|21870|21870|14670|14670|10648|116|34|122|7696192|63083.5409836066|0
"420131008001"|0|1|0|0|0|0|0|1|1|1|0|0|0|1|0|14214|23466|21376|28168|11570|254|88|404|29549444|73142.1881188119|0
"420131012004"|0|1|0|0|0|0|0|1|1|1|1|0|1|0|0|NA|NA|NA|NA|NA|2|0|14|744006|53143.2857142857|0
"420131014002"|0|1|0|0|0|0|0|1|1|0|0|1|1|0|0|NA|NA|NA|NA|NA|0|0|0|0|NA|0
"420131015001"|0|1|0|0|0|0|0|1|1|0|0|1|1|0|0|NA|NA|NA|NA|NA|0|0|0|0|NA|0
"420131015002"|0|1|0|0|0|0|0|1|1|0|0|1|1|0|0|NA|NA|NA|NA|NA|0|0|0|0|NA|0
"420131016002"|0|1|0|0|0|0|0|1|1|0|0|1|1|0|0|NA|NA|NA|NA|NA|0|0|0|0|NA|0
"420159509003"|0|1|0|0|0|0|0|1|1|0|0|1|1|0|0|NA|NA|NA|NA|NA|0|0|0|0|NA|0
"420171002013"|0|2|1|0|0|0|0|2|2|1|0|1|1|1|0|30450|30450|NA|NA|NA|38|0|20|1465448|NA|0
"420171002014"|0|2|1|0|0|0|0|2|2|1|0|1|1|1|0|30450|30450|NA|NA|NA|38|0|20|1465448|NA|0
"420171003021"|0|1|0|0|0|0|0|1|1|1|1|0|1|0|0|NA|NA|NA|NA|NA|40|12|34|2062984|60676|0
"420171003023"|0|1|0|0|0|0|0|1|1|1|1|0|1|0|0|NA|NA|NA|NA|NA|40|12|34|2062984|60676|0
"420171009004"|0|1|1|0|0|0|0|1|1|1|0|0|0|1|0|26979|26979|12384|12384|10294|112|38|84|5066062|60310.2619047619|0
"420171014041"|0|1|0|0|0|0|0|1|1|0|0|1|1|0|0|NA|NA|NA|NA|NA|0|0|0|0|NA|0
"420171016033"|0|1|0|0|0|0|0|1|1|0|0|1|1|0|0|NA|NA|NA|NA|NA|0|0|0|0|NA|0
"420171048001"|0|1|1|0|0|0|0|1|1|1|0|0|0|1|0|36960|36960|8304|8304|14340|250|51|184|13872904|75396.2173913044|0
"420171052031"|0|1|0|0|0|0|0|1|1|1|1|0|0|1|0|7200|10800|NA|NA|NA|325|108|282|19070618|67626.304964539|0
"420171058092"|0|1|0|0|0|0|0|1|1|0|0|1|1|0|0|NA|NA|NA|NA|NA|0|0|0|0|NA|0
"420171058093"|0|1|0|0|0|0|0|1|1|0|0|1|1|0|0|NA|NA|NA|NA|NA|0|0|0|0|NA|0
"420171061002"|0|1|1|0|0|0|0|1|1|1|0|0|0|1|0|26979|26979|12384|12384|10294|112|38|84|5066062|60310.2619047619|0
"420171062001"|0|1|0|0|0|0|0|1|1|0|0|1|1|0|0|NA|NA|NA|NA|NA|0|0|0|0|NA|0
"420199023003"|0|1|0|0|0|0|0|1|1|0|0|1|1|0|0|NA|NA|NA|NA|NA|0|0|0|0|NA|0
"420199024002"|0|1|0|0|0|0|0|1|1|0|0|1|1|0|0|NA|NA|NA|NA|NA|0|0|0|0|NA|0
"420199025002"|0|1|0|0|0|0|0|1|1|0|0|1|1|0|0|NA|NA|NA|NA|NA|0|0|0|0|NA|0
"420199031002"|0|1|0|0|0|0|0|1|1|1|1|0|0|1|0|6390|9390|NA|NA|NA|166|48|124|7698070|62081.2096774194|0
"420199105001"|0|1|1|0|0|0|0|1|1|1|0|0|0|1|0|7716|11574|12384|18576|10446|505|161|718|61929170|86252.3259052925|0
"420199124012"|0|1|0|0|0|0|0|1|1|0|0|1|1|0|0|NA|NA|NA|NA|NA|0|0|0|0|NA|0
"420210007002"|0|1|0|0|0|0|0|1|1|0|0|1|1|0|0|NA|NA|NA|NA|NA|0|0|0|0|NA|0
"420210007003"|0|1|0|0|0|0|0|1|1|0|0|1|1|0|0|NA|NA|NA|NA|NA|0|0|0|0|NA|0
"420210111001"|0|1|0|0|0|0|0|1|1|1|1|0|1|0|0|12444|12444|NA|NA|14274|7|2|50|3658486|73169.72|0
"420210111002"|0|1|0|0|0|0|0|1|1|1|1|0|1|0|0|12444|12444|NA|NA|14274|7|2|50|3658486|73169.72|0
"420210123002"|0|1|1|0|0|0|0|1|1|1|0|0|0|1|0|35210|35210|25000|25000|12290|307|94|264|18459046|69920.6287878788|0
"420210128002"|0|1|1|0|0|0|0|1|1|1|0|0|0|1|0|21870|21870|14670|14670|10648|116|34|122|7696192|63083.5409836066|0
"420210137001"|0|3|0|0|0|0|0|3|2|2|1|1|1|2|0|NA|NA|NA|NA|NA|254|97|340|21870126|NA|0
"420270116001"|0|1|1|0|0|0|0|1|1|1|0|0|0|0|1|13484|13484|21268|21268|NA|384|147|4|578736|144684|0
"420270121001"|0|1|1|0|1|0|0|1|1|1|0|0|0|0|1|17416|33820|21540|36974|11570|11869|2733|5988|631490374|105459.314295257|0
"420270121002"|0|1|1|0|1|0|0|1|1|1|0|0|0|0|1|17416|33820|21540|36974|11570|11869|2733|5988|631490374|105459.314295257|0
"420270121003"|0|1|1|0|1|0|0|1|1|1|0|0|0|0|1|17416|33820|21540|36974|11570|11869|2733|5988|631490374|105459.314295257|0
"420270121004"|0|1|1|0|1|0|0|1|1|1|0|0|0|0|1|17416|33820|21540|36974|11570|11869|2733|5988|631490374|105459.314295257|0
"420270128002"|0|1|0|0|0|0|0|1|1|1|1|0|1|0|0|16783|16783|NA|NA|NA|57|27|68|3372000|49588.2352941177|0
"420293005022"|0|1|1|0|0|0|0|1|1|1|0|0|1|0|0|20266|20266|8370|8370|9886|65|20|50|2646150|52923|0
"420293021012"|0|0|1|0|0|0|0|1|1|1|0|0|1|0|0|NA|NA|24574|40074|NA|56|22|70|8317176|118816.8|0
"420293041011"|0|1|0|0|0|0|0|1|1|0|0|1|1|0|0|NA|NA|NA|NA|NA|0|0|0|0|NA|0
"420293041012"|0|1|0|0|0|0|0|1|1|0|0|1|1|0|0|NA|NA|NA|NA|NA|0|0|0|0|NA|0
"420293044032"|0|1|0|0|0|0|0|1|1|0|0|1|1|0|0|NA|NA|NA|NA|NA|0|0|0|0|NA|0
"420293045021"|0|1|0|0|0|0|0|1|1|0|0|1|0|1|0|NA|NA|NA|NA|NA|0|0|0|0|NA|0
"420293079001"|0|1|1|1|0|0|0|1|1|1|0|0|0|1|0|7868|13004|10106|17636|9738|216|96|194|15399070|79376.6494845361|0
"420293104001"|0|1|1|0|0|0|0|1|1|1|0|0|0|0|1|7716|19290|12384|18576|12942|907|235|1374|121026700|88083.4788937409|0
"420311603001"|0|1|0|0|0|0|0|1|1|0|0|1|1|0|0|NA|NA|NA|NA|NA|0|0|0|0|NA|0
"420311606004"|0|1|1|0|0|0|0|1|1|1|0|0|0|1|0|7716|11574|12384|13368|12270|375|116|414|35985604|86921.7487922705|0
"420333303001"|0|1|0|0|0|0|0|1|1|1|0|0|1|0|0|12718|20902|20302|26026|NA|55|19|80|5723196|71539.95|0
"420333306002"|0|1|0|0|0|0|0|1|1|0|0|1|1|0|0|NA|NA|NA|NA|NA|0|0|0|0|NA|0
"420350307001"|0|1|1|0|0|0|0|1|1|1|0|0|0|1|0|7716|17290|12384|18576|9900|294|93|390|36447372|93454.8|0
"420350307005"|0|1|1|0|0|0|0|1|1|1|0|0|0|1|0|7716|17290|12384|18576|9900|294|93|390|36447372|93454.8|0
"420350307006"|0|1|1|0|0|0|0|1|1|1|0|0|0|1|0|7716|17290|12384|18576|9900|294|93|390|36447372|93454.8|0
"420370511003"|0|1|1|0|0|0|0|1|1|1|0|0|0|1|0|7716|19290|12384|18576|9686|600|183|810|69166722|85391.0148148148|0
"420370511004"|0|1|1|0|0|0|0|1|1|1|0|0|0|1|0|7716|19290|12384|18576|9686|600|183|810|69166722|85391.0148148148|0
"420391111002"|0|1|0|0|0|0|0|1|1|1|1|0|1|0|0|10958|20702|NA|NA|10896|31|14|48|2928518|61010.7916666667|0
"420391115004"|0|1|0|0|0|0|0|1|1|0|0|1|1|0|0|NA|NA|NA|NA|NA|0|0|0|0|NA|0
"420391116001"|0|1|0|0|0|0|0|1|1|0|0|1|1|0|0|15532|15532|NA|NA|NA|0|0|0|0|NA|0
"420391116003"|0|1|0|0|0|0|0|1|1|0|0|1|1|0|0|15532|15532|NA|NA|NA|0|0|0|0|NA|0
"420391117002"|0|1|0|0|0|0|0|1|1|1|0|0|0|1|0|47040|47040|NA|NA|12140|260|56|296|21029658|71046.1418918919|0
"420391118003"|0|1|0|0|0|0|0|1|1|1|1|0|1|0|0|9604|9604|NA|NA|NA|8|0|16|515584|32224|0
"420391118005"|0|1|0|0|0|0|0|1|1|1|1|0|1|0|0|9604|9604|NA|NA|NA|8|0|16|515584|32224|0
"420410101001"|0|1|1|0|0|0|0|1|1|1|0|0|0|1|0|17784|17784|18144|18144|7416|81|20|82|5270310|64272.0731707317|0
"420410123002"|0|1|0|0|0|0|0|1|1|1|0|0|0|1|0|54186|54186|NA|NA|13698|610|176|476|40005500|84045.1680672269|0
"420410124003"|0|0|1|0|0|0|0|1|1|1|0|0|1|0|0|NA|NA|49896|49896|NA|39|13|44|5923950|134635.227272727|0
"420410125022"|0|1|0|0|0|0|0|1|0|0|0|0|0|0|0|NA|NA|NA|NA|NA|0|0|0|0|NA|0
"420410131021"|0|1|1|0|0|0|0|1|1|1|0|0|0|1|0|9570|17362|12384|18576|11786|445|127|632|58218958|92118.6044303798|0
"420419816061"|0|1|1|0|0|0|0|1|1|1|0|0|0|1|0|34320|34320|11880|11880|10520|443|139|390|30490038|78179.5846153846|0
"420430201003"|0|1|1|0|0|0|0|1|1|1|0|0|0|1|0|23900|23900|7200|7200|9150|115|14|178|19466608|109362.966292135|0
"420430209001"|0|1|0|0|0|0|0|1|1|1|1|0|0|0|1|6510|7860|NA|NA|NA|581|191|610|39798706|65243.7803278689|0
"420430209004"|0|1|1|0|0|0|0|1|1|0|0|0|0|0|0|NA|NA|NA|NA|NA|145|10|0|0|NA|0
"420430211002"|0|1|0|0|0|0|0|1|1|1|1|0|0|0|1|6510|7860|NA|NA|NA|581|191|610|39798706|65243.7803278689|0
"420430217001"|0|1|0|0|0|0|0|1|1|0|0|1|1|0|0|NA|NA|NA|NA|NA|0|0|0|0|NA|0
"420430221002"|0|1|0|0|0|0|0|1|1|0|0|1|1|0|0|NA|NA|NA|NA|NA|0|0|0|0|NA|0
"420430222002"|0|1|0|0|0|0|0|1|1|0|0|1|1|0|0|NA|NA|NA|NA|NA|0|0|0|0|NA|0
"420430223004"|0|1|0|0|0|0|0|1|1|0|0|1|1|0|0|NA|NA|NA|NA|NA|0|0|0|0|NA|0
"420430227011"|0|1|0|0|0|0|0|1|1|1|1|0|1|0|0|NA|NA|NA|NA|NA|0|0|0|0|NA|0
"420430236022"|0|1|1|0|0|0|0|1|1|1|0|0|0|1|0|14214|23466|21376|28168|11570|328|128|480|42624482|88801.0041666667|0
"420430237001"|0|1|1|0|0|0|0|1|1|1|0|0|0|1|0|14214|23466|21376|28168|11570|328|128|480|42624482|88801.0041666667|0
"420430241054"|0|0|1|0|0|1|0|1|1|1|0|0|1|0|0|NA|NA|22976|38466|NA|0|0|0|0|NA|0
"420454004011"|0|1|0|0|0|0|0|1|1|0|0|1|1|0|0|NA|NA|NA|NA|NA|0|0|0|0|NA|0
"420454028001"|0|1|0|0|0|0|0|1|1|0|0|1|1|0|0|NA|NA|NA|NA|NA|0|0|0|0|NA|0
"420454028003"|0|1|0|0|0|0|0|1|1|0|0|1|1|0|0|NA|NA|NA|NA|NA|0|0|0|0|NA|0
"420454028004"|0|1|0|0|0|0|0|1|1|0|0|1|1|0|0|NA|NA|NA|NA|NA|0|0|0|0|NA|0
"420454037011"|0|1|0|0|0|0|0|1|1|0|0|1|1|0|0|NA|NA|NA|NA|NA|0|0|0|0|NA|0
"420454037012"|0|1|0|0|0|0|0|1|1|0|0|1|1|0|0|NA|NA|NA|NA|NA|0|0|0|0|NA|0
"420454037021"|0|1|0|0|0|0|0|1|1|1|1|0|1|0|0|16493|16493|NA|NA|NA|21|2|10|620000|62000|0
"420454047002"|0|1|1|0|0|0|0|1|1|1|0|0|0|1|0|45028|45028|22300|22300|14446|588|219|544|47064306|86515.2683823529|0
"420454069032"|0|1|1|0|0|0|0|1|1|1|0|0|0|1|0|30000|30000|13140|13140|12907|173|66|190|12337810|64935.8421052632|0
"420454069041"|0|1|1|0|0|0|0|1|1|1|0|0|0|1|0|30000|30000|13140|13140|12907|173|66|190|12337810|64935.8421052632|0
"420454069042"|0|1|1|0|0|0|0|1|1|1|0|0|0|1|0|30000|30000|13140|13140|12907|173|66|190|12337810|64935.8421052632|0
"420454072012"|0|1|0|0|0|0|0|1|1|1|0|0|0|1|0|13484|22044|21268|27368|11570|98|31|138|10996716|79686.347826087|0
"420454072013"|0|1|0|0|0|0|0|1|1|1|0|0|0|1|0|13484|22044|21268|27368|11570|98|31|138|10996716|79686.347826087|0
"420454072021"|0|1|0|0|0|0|0|1|1|1|1|0|1|0|0|27431|27431|NA|NA|5000|42|2|42|2338292|55673.619047619|0
"420454072022"|0|1|0|0|0|0|0|1|1|1|1|0|1|0|0|27431|27431|NA|NA|5000|42|2|42|2338292|55673.619047619|0
"420454076001"|0|1|0|0|0|0|0|1|1|1|0|0|0|1|0|52190|52190|NA|NA|15474|605|142|448|53272384|118911.571428571|0
"420454076006"|0|1|0|0|0|0|0|1|1|1|0|0|0|1|0|52190|52190|NA|NA|15474|605|142|448|53272384|118911.571428571|0
"420454078025"|0|1|0|0|0|0|0|1|1|0|0|1|1|0|0|NA|NA|NA|NA|NA|0|0|0|0|NA|0
"420454079021"|0|1|0|0|0|0|0|1|1|1|1|0|1|0|0|10260|10260|NA|NA|NA|40|20|26|1777322|68358.5384615385|0
"420454079022"|0|1|0|0|0|0|0|1|1|1|1|0|1|0|0|10260|10260|NA|NA|NA|40|20|26|1777322|68358.5384615385|0
"420454080015"|0|1|0|0|0|0|0|1|1|1|1|0|0|0|1|7260|10890|NA|NA|NA|321|101|272|24811706|91219.5073529412|0
"420454081011"|0|1|0|0|0|0|0|1|1|0|0|1|1|0|0|NA|NA|NA|NA|NA|0|0|0|0|NA|0
"420454081013"|0|1|0|0|0|0|0|1|1|0|0|1|1|0|0|NA|NA|NA|NA|NA|0|0|0|0|NA|0
"420454081032"|0|1|0|0|0|0|0|1|1|1|1|0|1|0|0|NA|NA|NA|NA|NA|0|0|0|0|NA|0
"420454083001"|0|1|0|0|0|0|0|1|1|1|0|0|0|1|0|54100|54100|NA|NA|16402|419|91|316|28951404|91618.3670886076|0
"420454096013"|0|1|1|0|0|0|0|1|0|1|0|0|0|1|0|NA|NA|NA|NA|NA|196|37|34|4694698|138079.352941176|0
"420454097011"|0|1|1|0|0|0|0|1|1|1|0|0|0|0|1|52578|52578|18905|18905|14020|1593|386|1392|141210030|101443.987068966|0
"420454098023"|0|3|2|0|0|0|0|3|2|3|1|0|1|2|0|93417|93417|NA|NA|40354|404|123|418|25379738|173080.311140584|0
"420454101002"|0|1|0|1|0|0|0|1|1|1|0|0|1|0|0|7716|12732|NA|NA|10848|90|23|62|5831988|94064.3225806452|0
"420490001001"|0|1|1|0|0|0|0|1|1|1|0|0|0|1|0|32120|32120|18540|18540|12650|380|153|450|34101366|75780.8133333333|0
"420490020001"|0|1|0|0|0|0|0|1|1|1|1|0|1|0|0|16864|16864|NA|NA|NA|4|2|6|312136|52022.6666666667|0
"420490028004"|0|1|1|0|0|0|0|1|1|1|0|0|0|1|0|35400|35400|24530|24530|12880|257|107|284|19563784|68886.5633802817|0
"420490030004"|0|1|1|0|0|1|0|1|1|1|0|0|0|1|0|14355|14355|12256|12256|NA|235|77|162|18271026|112784.111111111|0
"420490103031"|0|1|0|0|0|0|0|1|1|1|1|0|1|0|0|13385|13385|NA|NA|NA|7|1|18|1072784|59599.1111111111|0
"420490103034"|0|1|0|0|0|0|0|1|1|1|1|0|1|0|0|13385|13385|NA|NA|NA|7|1|18|1072784|59599.1111111111|0
"420490109032"|0|1|0|0|0|0|0|1|1|1|1|0|1|0|0|12285|12285|NA|NA|NA|9|3|42|1991046|47405.8571428571|0
"420490110021"|0|1|0|0|0|0|0|1|1|1|1|0|1|0|0|NA|NA|NA|NA|NA|26|4|58|2473876|42653.0344827586|0
"420490110022"|0|1|0|0|0|0|0|1|1|1|1|0|1|0|0|12285|12285|NA|NA|NA|9|3|42|1991046|47405.8571428571|0
"420490117011"|0|1|0|0|0|0|0|1|1|1|1|0|1|0|0|17400|17400|NA|NA|10520|52|25|82|3954154|48221.3902439024|0
"420490122023"|0|1|1|0|0|0|0|1|1|1|0|0|0|1|0|7716|11574|12384|18576|11176|363|95|486|43331368|89159.1934156379|0
"420490123005"|0|1|1|0|0|0|0|1|1|1|0|0|0|1|0|14214|23466|21376|28168|11570|363|129|572|47660376|83322.3356643357|0
"420512609001"|0|1|0|0|0|0|0|1|1|1|0|0|1|0|0|12718|20902|20302|26026|NA|59|24|90|6361030|70678.1111111111|0
"420512610002"|0|1|0|0|0|0|0|1|1|1|0|0|1|0|0|12718|20902|20302|26026|NA|59|24|90|6361030|70678.1111111111|0
"420512615001"|0|1|0|0|0|0|0|1|1|1|0|0|1|0|0|12718|20902|20302|26026|NA|59|24|90|6361030|70678.1111111111|0
"420512616002"|0|1|0|0|0|0|0|1|1|1|0|0|1|0|0|12718|20902|20302|26026|NA|59|24|90|6361030|70678.1111111111|0
"420512617002"|0|1|0|0|0|0|0|1|1|1|1|0|1|0|0|9604|9604|NA|NA|NA|17|2|34|1316326|38715.4705882353|0
"420512619003"|0|1|0|0|0|0|0|1|1|1|1|0|1|0|0|9604|9604|NA|NA|NA|17|2|34|1316326|38715.4705882353|0
"420512625001"|0|1|0|0|0|0|0|1|1|1|1|0|1|0|0|10962|10962|NA|NA|NA|8|1|6|254220|42370|0
"420512626002"|0|1|0|0|0|0|0|1|1|1|1|0|1|0|0|10962|10962|NA|NA|NA|8|1|6|254220|42370|0
"420512628002"|0|1|0|0|0|0|0|1|1|0|0|1|1|0|0|NA|NA|NA|NA|NA|0|0|0|0|NA|0
"420512628004"|0|1|0|0|0|0|0|1|1|0|0|1|1|0|0|NA|NA|NA|NA|NA|0|0|0|0|NA|0
"420550107001"|0|1|0|0|0|0|0|1|1|0|0|1|1|0|0|NA|NA|NA|NA|NA|0|0|0|0|NA|0
"420550107002"|0|1|0|0|0|0|0|1|1|0|0|1|1|0|0|NA|NA|NA|NA|NA|0|0|0|0|NA|0
"420550110003"|0|1|0|0|0|0|0|1|1|0|0|1|1|0|0|NA|NA|NA|NA|NA|0|0|0|0|NA|0
"420550111002"|0|1|1|0|0|0|0|1|1|1|0|0|0|1|0|23745|23745|9000|9000|11594|102|27|100|6300386|63003.86|0
"420550117001"|0|1|0|0|0|0|0|1|1|0|0|1|1|0|0|NA|NA|NA|NA|NA|0|0|0|0|NA|0
"420550119001"|0|1|0|0|0|0|0|1|1|0|0|1|1|0|0|NA|NA|NA|NA|NA|0|0|0|0|NA|0
"420550120001"|0|1|0|0|0|0|0|1|1|1|0|0|1|0|0|12718|20902|20302|26026|11570|82|24|114|8480308|74388.6666666667|0
"420550120003"|0|1|0|0|0|0|0|1|1|1|0|0|1|0|0|12718|20902|20302|26026|11570|82|24|114|8480308|74388.6666666667|0
"420550120004"|0|1|0|0|0|0|0|1|1|1|0|0|1|0|0|12718|20902|20302|26026|11570|82|24|114|8480308|74388.6666666667|0
"420550120005"|0|1|0|0|0|0|0|1|1|1|0|0|1|0|0|12718|20902|20302|26026|11570|82|24|114|8480308|74388.6666666667|0
"420599705011"|0|1|0|0|0|0|0|1|1|0|0|1|1|0|0|NA|NA|NA|NA|NA|0|0|0|0|NA|0
"420599705021"|0|1|0|0|0|0|0|1|1|0|0|1|1|0|0|NA|NA|NA|NA|NA|0|0|0|0|NA|0
"420599706002"|0|1|1|0|0|0|0|1|1|1|0|0|0|1|0|23970|23970|15960|15960|10160|185|62|158|10464350|66230.0632911392|0
"420619504001"|0|1|1|0|0|0|0|1|1|1|0|0|0|1|0|44772|44772|24800|24800|12521|247|77|244|17768672|72822.4262295082|0
"420619504003"|0|1|1|0|0|0|0|1|1|1|0|0|0|1|0|44772|44772|24800|24800|12521|247|77|244|17768672|72822.4262295082|0
"420619505001"|0|1|0|0|0|0|0|1|1|0|0|1|1|0|0|NA|NA|NA|NA|NA|0|0|0|0|NA|0
"420639607004"|0|1|1|0|0|0|0|1|1|1|0|0|0|0|1|9570|13890|12384|18576|12442|790|257|1028|91914680|89411.1673151751|0
"420639609002"|0|1|0|0|0|0|0|1|0|0|0|1|1|0|0|NA|NA|NA|NA|NA|0|0|0|0|NA|0
"420639611021"|0|1|1|0|0|0|0|1|1|1|0|0|0|0|1|9570|13890|12384|18576|12442|790|257|1028|91914680|89411.1673151751|0
"420639611022"|0|1|1|0|0|0|0|1|1|1|0|0|0|0|1|9570|13890|12384|18576|12442|790|257|1028|91914680|89411.1673151751|0
"420659503001"|0|1|0|0|0|0|0|1|1|1|1|0|1|0|0|16864|16864|NA|NA|NA|9|1|22|1025390|46608.6363636364|0
"420659507002"|0|1|0|0|0|0|0|1|1|0|0|1|1|0|0|NA|NA|NA|NA|NA|0|0|0|0|NA|0
"420659508001"|0|1|0|0|0|0|0|1|1|0|0|1|1|0|0|NA|NA|NA|NA|NA|0|0|0|0|NA|0
"420691002001"|0|1|0|0|0|0|0|1|1|1|0|0|0|1|0|14850|14850|NA|NA|10300|173|60|60|2355490|39258.1666666667|0
"420691003002"|0|1|1|0|0|0|0|1|1|1|0|0|0|1|0|44132|44132|11580|11580|14982|626|194|544|51006542|93762.0257352941|0
"420691006004"|0|1|1|0|0|1|0|2|2|2|1|0|2|0|0|NA|NA|NA|NA|NA|16|1|20|1280000|NA|0
"420691010001"|0|1|1|0|0|0|0|1|1|1|0|0|0|1|0|33160|33160|9600|9600|14000|319|107|286|20551210|71857.3776223776|0
"420691012001"|0|1|0|0|0|0|0|1|1|1|1|0|1|0|0|17366|17366|NA|NA|9880|46|8|44|2260608|51377.4545454545|0
"420691012003"|0|1|0|0|0|0|0|1|1|0|0|1|1|0|0|NA|NA|NA|NA|NA|0|0|0|0|NA|0
"420691018001"|0|1|0|0|0|0|0|1|1|0|0|1|1|0|0|NA|NA|NA|NA|NA|0|0|0|0|NA|0
"420691027001"|0|1|1|0|0|0|0|1|1|1|0|0|1|0|0|9200|9200|12250|12250|3400|0|0|10|605710|60571|0
"420691027002"|0|1|1|0|0|0|0|1|1|1|0|0|1|0|0|9200|9200|12250|12250|3400|0|0|10|605710|60571|0
"420691104012"|0|1|1|0|0|0|0|1|1|1|0|0|1|0|0|23890|23890|7800|7800|6320|42|22|62|3217988|51903.0322580645|0
"420691104031"|0|1|1|0|0|0|0|1|1|1|0|0|1|0|0|23890|23890|7800|7800|6320|42|22|62|3217988|51903.0322580645|0
"420691104032"|0|1|1|0|0|0|0|1|1|1|0|0|1|0|0|23890|23890|7800|7800|6320|42|22|62|3217988|51903.0322580645|0
"420691116001"|0|1|0|0|0|0|0|1|0|0|0|0|0|0|0|NA|NA|NA|NA|NA|0|0|0|0|NA|0
"420691120002"|0|1|0|0|0|0|0|1|1|1|0|0|1|0|0|13484|22044|21268|27368|NA|65|28|112|8434598|75308.9107142857|0
"420691128003"|0|1|0|0|0|0|0|1|1|0|0|1|1|0|0|NA|NA|NA|NA|NA|0|0|0|0|NA|0
"420710001002"|0|1|0|0|0|0|0|1|1|0|0|1|1|0|0|NA|NA|NA|NA|NA|0|0|0|0|NA|0
"420710001003"|0|1|0|0|0|0|0|1|1|1|0|0|1|0|0|24250|24250|NA|NA|10225|28|1|22|1045630|47528.6363636364|0
"420710005001"|0|0|1|0|0|0|0|1|1|1|0|0|1|0|0|NA|NA|18975|18975|NA|16|6|12|950536|79211.3333333333|0
"420710005004"|0|1|0|0|0|0|0|1|1|1|0|0|0|1|0|56450|56450|NA|NA|14050|510|118|548|49239540|89853.1751824817|0
"420710008001"|0|1|0|0|0|0|0|1|1|1|1|0|0|1|0|8000|8000|NA|NA|9250|54|25|136|9528850|70065.0735294118|0
"420710107022"|0|2|2|0|0|0|0|2|2|2|0|0|1|1|0|NA|NA|NA|NA|NA|320|100|248|19760440|NA|0
"420710107023"|0|2|2|0|0|0|0|2|2|2|0|0|1|1|0|NA|NA|NA|NA|NA|320|100|248|19760440|NA|0
"420710117012"|0|1|0|0|0|0|0|1|1|0|0|1|1|0|0|NA|NA|NA|NA|NA|0|0|0|0|NA|0
"420710118012"|0|1|1|0|0|0|0|1|1|1|0|0|0|1|0|23585|23585|10230|10230|8750|148|59|120|7376058|61467.15|0
"420710118034"|0|1|1|0|0|0|0|1|1|1|0|0|0|1|0|23585|23585|10230|10230|8750|148|59|120|7376058|61467.15|0
"420710132032"|0|1|1|0|0|0|0|1|1|1|0|0|0|1|0|27662|27662|15174|15174|NA|78|9|142|10743846|75660.8873239437|0
"420710133032"|0|1|0|0|0|0|0|1|1|1|1|0|1|0|0|NA|NA|NA|NA|NA|65|27|160|10765826|67286.4125|0
"420710134001"|0|1|0|0|0|0|0|1|1|0|0|1|1|0|0|NA|NA|NA|NA|NA|0|0|0|0|NA|0
"420710136022"|0|1|1|0|0|0|0|1|1|1|0|0|0|1|0|9570|19290|12384|18576|14762|525|134|578|52045070|90043.3737024221|0
"420730003002"|0|1|0|0|0|0|0|1|1|0|0|1|1|0|0|11220|11220|NA|NA|NA|0|0|0|0|NA|0
"420730007001"|0|1|0|0|0|0|0|1|1|0|0|1|1|0|0|NA|NA|NA|NA|NA|0|0|0|0|NA|0
"420730103001"|0|1|1|0|0|0|0|1|1|1|0|0|0|1|0|35360|35360|8298|8298|11130|178|64|178|11021586|61919.0224719101|0
"420730105004"|0|1|0|0|0|0|0|1|1|1|1|0|1|0|0|NA|NA|NA|NA|NA|25|1|82|3028280|36930.243902439|0
"420730106001"|0|1|0|0|0|0|0|1|1|1|1|0|1|0|0|NA|NA|NA|NA|NA|25|1|82|3028280|36930.243902439|0
"420730113001"|0|1|0|0|0|0|0|1|1|1|1|0|1|0|0|NA|NA|NA|NA|NA|25|1|82|3028280|36930.243902439|0
"420750025002"|0|1|1|0|0|0|0|1|1|1|0|0|0|1|0|42420|42420|46630|46630|11860|208|71|246|17414520|70790.7317073171|0
"420750029001"|0|0|1|0|0|0|0|1|1|1|0|0|1|0|0|NA|NA|11250|11250|NA|8|2|10|590338|59033.8|0
"420750033001"|0|1|0|0|0|0|0|1|1|0|0|1|1|0|0|NA|NA|NA|NA|NA|0|0|0|0|NA|0
"420750033002"|0|1|0|0|0|0|0|1|1|0|0|1|1|0|0|NA|NA|NA|NA|NA|0|0|0|0|NA|0
"420750035003"|0|1|0|0|0|0|0|1|1|0|0|1|1|0|0|NA|NA|NA|NA|NA|0|0|0|0|NA|0
"420770001013"|0|1|0|0|0|0|0|1|1|0|0|1|1|0|0|NA|NA|NA|NA|NA|0|0|0|0|NA|0
"420770001021"|0|2|0|0|0|0|0|2|2|1|1|1|2|0|0|NA|NA|NA|NA|NA|20|3|32|1565066|NA|0
"420770022022"|0|1|0|0|0|0|0|1|1|1|0|0|0|1|0|51860|51860|NA|NA|11765|363|104|374|30278178|80957.6951871658|0
"420770023021"|0|1|1|0|0|0|0|1|1|1|0|0|0|1|0|38616|38616|13998|13998|11544|166|77|166|12014628|72377.2771084337|0
"420770055062"|0|1|0|0|0|0|0|1|1|1|1|0|0|1|0|6000|9000|NA|NA|NA|190|39|164|10372242|63245.3780487805|0
"420770057051"|0|1|0|0|0|0|0|1|1|0|0|1|1|0|0|NA|NA|NA|NA|NA|0|0|0|0|NA|0
"420770059021"|0|2|0|0|0|0|0|2|2|1|1|1|2|0|0|NA|NA|NA|NA|NA|20|3|32|1565066|NA|0
"420770061013"|0|1|0|0|0|0|0|1|1|1|1|0|1|0|0|NA|NA|NA|NA|NA|22|6|36|2408208|66894.6666666667|0
"420770063051"|0|1|0|0|0|0|0|1|1|0|0|1|1|0|0|NA|NA|NA|NA|NA|0|0|0|0|NA|0
"420770068001"|0|1|0|0|0|0|0|1|1|0|0|1|1|0|0|11102|11102|NA|NA|NA|0|0|0|0|NA|0
"420770069031"|0|1|0|0|0|0|0|1|1|1|0|0|1|0|0|13484|22044|21268|27368|NA|76|29|86|6165254|71689|0
"420770069033"|0|1|1|0|0|0|0|1|1|1|0|0|0|1|0|36000|36000|20160|20160|12800|266|99|248|19214256|77476.8387096774|0
"420770069062"|0|1|0|0|0|0|0|1|1|1|0|0|1|0|0|13484|22044|21268|27368|NA|76|29|86|6165254|71689|0
"420770091002"|0|1|0|0|0|0|0|1|1|1|1|0|1|0|0|16864|16864|NA|NA|NA|9|1|26|1196438|46016.8461538462|0
"420792001002"|0|1|1|0|0|0|0|1|1|1|0|0|0|1|0|35668|35668|42576|42576|12940|280|65|284|21161260|74511.4788732394|0
"420792005001"|0|1|1|0|0|0|0|1|1|1|0|0|0|1|0|34454|34454|24144|24144|14682|420|98|386|33116152|85793.1398963731|0
"420792010001"|0|1|0|0|0|0|0|1|0|0|0|0|0|0|0|NA|NA|NA|NA|NA|0|0|0|0|NA|0
"420792010002"|0|2|0|0|0|0|0|2|1|0|0|1|1|0|0|NA|NA|NA|NA|NA|0|0|0|0|NA|0
"420792014001"|0|1|0|0|0|0|0|1|0|0|0|0|0|0|0|NA|NA|NA|NA|NA|0|0|0|0|NA|0
"420792014003"|0|1|0|0|0|0|0|1|1|0|0|1|1|0|0|NA|NA|NA|NA|NA|0|0|0|0|NA|0
"420792015002"|0|1|0|0|0|0|0|1|0|0|0|0|0|0|0|NA|NA|NA|NA|NA|0|0|0|0|NA|0
"420792112011"|0|1|1|0|0|0|0|1|1|1|0|0|0|1|0|31530|31530|33520|33520|13960|255|75|274|21095206|76989.802919708|0
"420792112043"|0|1|1|0|0|0|0|1|1|1|0|0|0|1|0|31530|31530|33520|33520|13960|255|75|274|21095206|76989.802919708|0
"420792113022"|0|1|0|0|0|0|0|1|1|1|0|0|1|0|0|12718|20902|20302|26026|NA|59|24|66|5020922|76074.5757575758|0
"420792118001"|0|1|0|0|0|0|0|1|0|0|0|1|1|0|0|NA|NA|NA|NA|NA|0|0|0|0|NA|0
"420792121002"|0|1|0|0|0|0|0|1|1|1|1|0|1|0|0|13244|13244|NA|NA|NA|5|2|12|577882|48156.8333333333|0
"420792121004"|0|1|0|0|0|0|0|1|1|1|1|0|1|0|0|13244|13244|NA|NA|NA|5|2|12|577882|48156.8333333333|0
"420792142002"|0|1|0|0|0|0|0|1|1|1|1|0|0|1|0|7800|11700|NA|NA|NA|189|77|200|12654466|63272.33|0
"420792143002"|0|1|0|0|0|0|0|1|1|1|1|0|0|1|0|7800|11700|NA|NA|NA|189|77|200|12654466|63272.33|0
"420792149002"|0|2|0|0|0|0|0|2|1|1|1|0|0|1|0|NA|NA|NA|NA|NA|189|77|200|12654466|NA|0
"420792152002"|0|1|0|0|0|0|0|1|0|0|0|0|0|0|0|NA|NA|NA|NA|NA|0|0|0|0|NA|0
"420792153001"|0|1|0|0|0|0|0|1|0|0|0|0|0|0|0|NA|NA|NA|NA|NA|0|0|0|0|NA|0
"420792164002"|0|1|0|0|0|0|0|1|0|0|0|0|0|0|0|NA|NA|NA|NA|NA|0|0|0|0|NA|0
"420792165011"|0|1|0|0|0|0|0|1|1|1|0|0|1|0|0|13484|22044|21268|27368|11570|87|23|98|7852308|80125.5918367347|0
"420792165012"|0|1|0|0|0|0|0|1|1|1|0|0|1|0|0|13484|22044|21268|27368|11570|87|23|98|7852308|80125.5918367347|0
"420792165022"|0|2|0|0|0|0|0|2|1|1|0|0|1|0|0|NA|NA|NA|NA|NA|87|23|98|7852308|NA|0
"420792165023"|0|1|0|0|0|0|0|1|1|1|0|0|1|0|0|13484|22044|21268|27368|11570|87|23|98|7852308|80125.5918367347|0
"420792169001"|0|1|0|0|0|0|0|1|1|0|0|1|1|0|0|NA|NA|NA|NA|NA|0|0|0|0|NA|0
"420792169002"|0|1|0|0|0|0|0|1|1|0|0|1|1|0|0|NA|NA|NA|NA|NA|0|0|0|0|NA|0
"420792170012"|0|1|0|0|0|0|0|1|0|0|0|0|0|0|0|NA|NA|NA|NA|NA|0|0|0|0|NA|0
"420792170021"|0|1|0|0|0|0|0|1|1|1|0|0|1|0|0|13484|22044|21268|27368|11570|87|23|98|7852308|80125.5918367347|0
"420792170022"|0|1|0|0|0|0|0|1|1|0|0|1|1|0|0|NA|NA|NA|NA|NA|0|0|0|0|NA|0
"420792171001"|0|1|0|0|0|0|0|1|1|0|0|1|1|0|0|NA|NA|NA|NA|NA|0|0|0|0|NA|0
"420799801001"|0|1|0|0|0|0|0|1|1|1|0|0|1|0|0|13484|22044|21268|27368|11570|87|23|98|7852308|80125.5918367347|0
"420810005001"|0|1|0|0|0|0|0|1|1|1|0|0|0|1|0|39360|39360|NA|NA|12568|192|61|176|12166140|69125.7954545455|0
"420810005003"|0|1|0|0|0|0|0|1|1|1|0|0|0|1|0|39360|39360|NA|NA|12568|192|61|176|12166140|69125.7954545455|0
"420810008001"|0|1|1|0|0|0|0|1|1|1|0|0|0|1|0|14250|21390|14250|21390|11544|589|157|568|50376564|88691.1338028169|0
"420810008002"|0|1|1|0|0|0|0|1|1|1|0|0|0|1|0|14250|21390|14250|21390|11544|589|157|568|50376564|88691.1338028169|0
"420834201001"|0|1|0|0|0|0|0|1|1|1|0|0|0|1|0|12940|24184|NA|NA|9332|129|76|146|9872106|67617.1643835616|0
"420834202001"|0|1|0|0|0|0|0|1|1|1|0|0|0|1|0|12940|24184|NA|NA|9332|129|76|146|9872106|67617.1643835616|0
"420834203003"|0|1|0|0|0|0|0|1|1|1|0|0|0|1|0|12940|24184|NA|NA|9332|129|76|146|9872106|67617.1643835616|0
"420834210001"|0|1|0|0|0|0|0|1|1|1|0|0|0|1|0|12940|24184|NA|NA|9332|129|76|146|9872106|67617.1643835616|0
"420850303004"|0|1|0|0|0|0|0|1|1|0|0|1|1|0|0|13135|13135|NA|NA|NA|0|0|0|0|NA|0
"420850321002"|0|1|0|0|0|0|0|1|1|1|0|0|1|0|0|29870|29870|NA|NA|12600|127|40|104|6047080|58145|0
"420850326013"|0|1|0|0|0|0|0|1|1|0|0|1|1|0|0|NA|NA|NA|NA|NA|0|0|0|0|NA|0
"420850326021"|0|1|0|0|0|0|0|1|1|0|0|1|1|0|0|NA|NA|NA|NA|NA|0|0|0|0|NA|0
"420850330003"|0|1|0|0|0|0|0|1|0|1|0|0|0|1|0|17930|17930|NA|NA|9770|0|0|0|0|NA|0
"420850330004"|0|1|0|0|0|0|0|1|0|1|0|0|0|1|0|17930|17930|NA|NA|9770|0|0|0|0|NA|0
"420850332001"|0|2|0|0|0|0|0|2|2|2|1|0|2|0|0|22078|30102|NA|NA|NA|50|18|92|5399662|106353.63655914|0
"420879611003"|0|1|0|0|0|0|0|1|1|0|0|1|1|0|0|NA|NA|NA|NA|NA|0|0|0|0|NA|0
"420879611007"|0|1|0|0|0|0|0|1|1|0|0|1|1|0|0|14587|14587|NA|NA|NA|0|0|0|0|NA|0
"420893004022"|0|1|0|0|0|0|0|1|1|0|0|1|1|0|0|NA|NA|NA|NA|NA|0|0|0|0|NA|0
"420893007003"|0|1|1|0|0|0|0|1|1|1|0|0|0|1|0|7716|19290|12384|18576|11760|368|99|504|43527600|86364.2857142857|0
"420893009003"|0|1|0|0|0|0|0|1|1|0|0|1|1|0|0|NA|NA|NA|NA|NA|0|0|0|0|NA|0
"420912002001"|0|1|1|0|0|0|0|1|1|1|0|0|1|0|0|21360|21360|19671|19671|11886|39|12|78|5281986|67717.7692307692|0
"420912003071"|0|1|0|0|0|0|0|1|1|0|0|1|1|0|0|NA|NA|NA|NA|NA|0|0|0|0|NA|0
"420912003072"|0|1|0|0|0|0|0|1|1|0|0|1|1|0|0|NA|NA|NA|NA|NA|0|0|0|0|NA|0
"420912007082"|0|0|1|0|0|0|0|1|1|1|0|0|1|0|0|NA|NA|12360|12360|NA|15|1|18|1107200|61511.1111111111|0
"420912009081"|0|1|0|0|0|0|0|1|1|0|0|1|1|0|0|NA|NA|NA|NA|NA|0|0|0|0|NA|0
"420912009082"|0|1|0|0|0|0|0|1|1|0|0|1|1|0|0|NA|NA|NA|NA|NA|0|0|0|0|NA|0
"420912010033"|0|1|0|0|0|0|0|1|1|1|1|0|1|0|0|11100|11100|NA|NA|NA|10|0|4|159840|39960|0
"420912012011"|0|1|1|0|0|0|0|1|1|1|0|0|0|1|0|34020|34020|10980|10980|12370|209|57|180|12183064|67683.6888888889|0
"420912012012"|0|1|1|0|0|0|0|1|1|1|0|0|0|1|0|34020|34020|10980|10980|12370|209|57|180|12183064|67683.6888888889|0
"420912012031"|0|1|1|0|0|0|0|1|1|1|0|0|0|1|0|34020|34020|10980|10980|12370|209|57|180|12183064|67683.6888888889|0
"420912013021"|0|1|0|0|0|0|0|1|1|0|0|1|1|0|0|NA|NA|NA|NA|NA|0|0|0|0|NA|0
"420912014043"|0|1|1|0|0|0|0|1|1|1|0|0|1|0|0|14656|14656|16852|16852|NA|24|1|8|695792|86974|0
"420912016082"|0|1|0|0|0|0|0|1|1|1|0|0|0|1|0|13540|22294|21376|27598|11570|176|68|302|22741334|75302.4304635762|0
"420912016083"|0|1|0|0|0|0|0|1|1|1|0|0|0|1|0|13540|22294|21376|27598|11570|176|68|302|22741334|75302.4304635762|0
"420912019023"|0|1|1|0|0|0|0|1|1|1|0|0|1|0|0|16429|16429|9270|9270|7729|55|17|74|3378260|45652.1621621622|0
"420912019024"|0|1|1|0|0|0|0|1|1|1|0|0|1|0|0|16429|16429|9270|9270|7729|55|17|74|3378260|45652.1621621622|0
"420912021003"|0|0|1|0|0|0|0|1|1|1|0|0|1|0|0|NA|NA|24354|24354|NA|25|10|10|870736|87073.6|0
"420912023012"|0|0|1|0|0|0|0|1|1|1|0|0|0|1|0|NA|NA|28690|28690|NA|194|65|176|18649710|105964.261363636|0
"420912023013"|0|0|1|0|0|0|0|1|1|1|0|0|0|1|0|NA|NA|28690|28690|NA|194|65|176|18649710|105964.261363636|0
"420912024025"|0|1|1|0|0|0|0|1|1|1|0|0|1|0|0|13992|13992|12132|12132|NA|20|8|8|512000|64000|0
"420912025002"|0|2|2|0|0|0|0|3|3|2|0|1|2|1|0|NA|NA|NA|NA|NA|383|111|348|26497622|NA|0
"420912025003"|0|1|2|0|0|0|0|2|2|2|0|0|1|1|0|NA|NA|45674|45674|NA|383|111|348|26497622|163196.578119146|0
"420912025004"|0|2|2|0|0|0|0|3|3|2|0|1|2|1|0|NA|NA|NA|NA|NA|383|111|348|26497622|NA|0
"420912026021"|0|0|1|0|0|0|0|1|1|1|0|0|1|0|0|NA|NA|24354|24354|NA|25|10|10|870736|87073.6|0
"420912026022"|0|1|0|0|0|0|0|1|1|0|0|1|1|0|0|NA|NA|NA|NA|NA|0|0|0|0|NA|0
"420912026031"|0|0|1|0|0|0|0|1|1|1|0|0|1|0|0|NA|NA|19716|19716|NA|14|6|14|579852|41418|0
"420912026032"|0|0|1|0|0|0|0|1|1|1|0|0|1|0|0|NA|NA|19716|19716|NA|14|6|14|579852|41418|0
"420912026033"|0|0|1|0|0|0|0|1|1|1|0|0|1|0|0|NA|NA|19716|19716|NA|14|6|14|579852|41418|0
"420912032041"|0|1|1|0|0|0|0|2|2|2|1|0|1|0|1|NA|NA|NA|NA|NA|303|101|350|20872916|120719.037475345|0
"420912032043"|0|1|1|0|0|0|0|2|2|2|1|0|1|0|1|NA|NA|NA|NA|NA|303|101|350|20872916|120719.037475345|0
"420912032044"|0|1|1|0|0|0|0|2|2|2|1|0|1|0|1|NA|NA|NA|NA|NA|303|101|350|20872916|120719.037475345|0
"420912035003"|0|1|0|0|0|0|0|1|1|0|0|1|1|0|0|NA|NA|NA|NA|NA|0|0|0|0|NA|0
"420912035004"|0|1|0|0|0|0|0|1|1|0|0|1|1|0|0|NA|NA|NA|NA|NA|0|0|0|0|NA|0
"420912039021"|0|1|0|0|0|0|0|1|1|0|0|1|1|0|0|NA|NA|NA|NA|NA|0|0|0|0|NA|0
"420912049003"|0|1|1|0|0|0|0|1|1|1|0|0|1|0|0|18900|18900|11790|11790|12438|100|24|56|2814618|50261.0357142857|0
"420912049004"|0|1|1|0|0|0|0|1|1|1|0|0|1|0|0|18900|18900|11790|11790|12438|100|24|56|2814618|50261.0357142857|0
"420912050001"|0|1|1|0|0|0|0|1|1|1|0|0|0|1|0|51130|51130|43620|43620|16500|440|110|342|33659636|98419.9883040936|0
"420912051001"|0|1|0|0|0|0|0|1|1|1|1|0|0|1|0|24200|24200|NA|NA|10200|145|41|116|8015506|69099.1896551724|0
"420912051002"|0|1|0|0|0|0|0|1|1|1|1|0|0|1|0|24200|24200|NA|NA|10200|145|41|116|8015506|69099.1896551724|0
"420912054002"|0|1|1|0|0|0|0|1|1|1|0|0|1|0|0|19420|19420|21425|21425|13315|35|15|38|1627538|42829.9473684211|0
"420912059052"|0|1|0|0|0|0|0|1|1|0|0|1|1|0|0|NA|NA|NA|NA|NA|0|0|0|0|NA|0
"420912063001"|0|1|0|0|0|0|0|1|1|1|0|0|0|1|0|52050|52050|NA|NA|12750|244|104|244|19528424|80034.5245901639|0
"420950105001"|0|1|0|0|0|0|0|1|1|0|0|1|1|0|0|NA|NA|NA|NA|NA|0|0|0|0|NA|0
"420950107004"|0|1|1|0|0|0|0|1|1|1|0|0|0|1|0|41905|41905|16344|16344|13378|258|107|294|22303802|75863.2721088435|0
"420950108002"|0|0|1|0|0|0|0|1|0|1|0|0|1|0|0|NA|NA|17610|17610|NA|28|15|18|1496928|83162.6666666667|0
"420950111001"|0|1|1|0|0|0|0|1|1|1|0|0|0|1|0|52480|52480|27000|27000|13600|1233|385|1080|131380860|121648.944444444|0
"420950141001"|0|1|0|0|0|0|0|1|1|1|0|0|0|1|0|52415|52415|NA|NA|15640|575|190|504|54904108|108936.722222222|0
"420950143001"|0|1|0|0|0|0|0|1|1|1|0|0|0|1|0|52415|52415|NA|NA|15640|575|190|504|54904108|108936.722222222|0
"420950144003"|0|1|0|0|0|0|0|1|1|1|0|0|0|1|0|52415|52415|NA|NA|15640|575|190|504|54904108|108936.722222222|0
"420950176051"|0|1|0|0|0|0|0|1|1|1|1|0|0|1|0|6240|9360|NA|NA|9094|369|85|244|16401152|67217.8360655738|0
"420970819002"|0|1|0|0|0|0|0|1|1|1|1|0|1|0|0|16864|16864|NA|NA|NA|8|1|20|912652|45632.6|0
"420970819003"|0|1|0|0|0|0|0|1|1|1|1|0|1|0|0|16864|16864|NA|NA|NA|8|1|20|912652|45632.6|0
"420970822004"|0|1|0|0|0|0|0|1|1|1|1|0|1|0|0|16864|16864|NA|NA|NA|8|1|20|912652|45632.6|0
"421010003001"|0|2|2|0|0|0|0|2|2|2|0|0|2|0|0|77480|77480|84106|84106|32044|165|49|80|5163072|128316.101010101|0
"421010004021"|0|1|1|0|0|0|0|1|1|1|0|0|1|0|0|9552|9552|16752|16752|NA|5|1|0|0|NA|0
"421010004022"|0|1|1|0|0|0|0|1|1|1|0|0|1|0|0|9552|9552|16752|16752|NA|5|1|0|0|NA|0
"421010007002"|0|2|0|0|0|0|0|2|2|1|0|1|2|0|0|NA|NA|NA|NA|NA|0|0|0|0|NA|0
"421010008041"|0|1|1|0|0|0|0|1|1|1|0|0|1|0|0|NA|NA|NA|NA|14135|58|19|6|625048|104174.666666667|0
"421010009022"|0|1|1|0|1|1|0|1|1|1|0|0|0|1|0|39495|39495|21060|21060|13465|1629|383|602|56514008|93877.0897009967|0
"421010012024"|0|2|2|0|0|0|0|2|2|2|0|0|0|2|0|59180|59180|58676|58676|NA|295|93|264|17439622|140540.423076923|0
"421010012025"|0|0|1|0|0|0|0|1|1|0|0|1|1|0|0|NA|NA|NA|NA|NA|0|0|0|0|NA|0
"421010016001"|0|1|0|0|0|0|0|1|1|0|0|1|1|0|0|NA|NA|NA|NA|NA|0|0|0|0|NA|0
"421010022002"|0|1|0|0|0|0|0|1|1|1|1|0|1|0|0|14500|14500|NA|NA|NA|3|1|8|312000|39000|0
"421010077002"|0|1|1|0|0|0|0|1|1|1|0|0|0|1|0|27343|27343|30168|30168|16288|281|62|320|28085704|87767.825|0
"421010087021"|0|1|0|0|0|0|0|1|1|1|0|0|1|0|0|19650|19650|NA|NA|11728|48|14|34|2672516|78603.4117647059|0
"421010117001"|0|1|1|0|0|0|0|1|1|1|0|0|0|1|0|44794|44794|16992|16992|14840|609|154|594|56390250|94933.0808080808|0
"421010122042"|0|0|1|0|0|1|0|1|1|1|0|0|0|1|0|NA|NA|28670|28670|NA|0|0|0|0|NA|0
"421010125001"|0|2|0|0|0|0|0|2|2|2|1|0|1|0|1|31254|35886|NA|NA|NA|512|146|698|43006532|NA|0
"421010197001"|0|1|0|0|0|0|0|1|1|1|1|0|1|0|0|11997|11997|NA|NA|NA|3|0|2|73100|36550|0
"421010208002"|0|1|1|0|0|0|0|1|0|0|0|0|0|0|0|NA|NA|NA|NA|NA|0|0|0|0|NA|0
"421010211002"|0|1|0|0|0|0|0|1|1|0|0|1|1|0|0|12292|12292|NA|NA|NA|0|0|0|0|NA|0
"421010263024"|0|1|0|0|0|0|0|1|1|0|0|1|1|0|0|NA|NA|NA|NA|NA|0|0|0|0|NA|0
"421010279022"|0|1|1|0|0|0|0|1|1|1|0|0|0|1|0|29810|29810|24450|24450|14400|467|112|436|37618606|86281.2064220184|0
"421010333001"|0|1|0|0|0|0|0|1|1|0|0|1|1|0|0|NA|NA|NA|NA|NA|0|0|0|0|NA|0
"421010334001"|0|1|0|0|0|0|0|1|1|0|0|1|1|0|0|NA|NA|NA|NA|NA|0|0|0|0|NA|0
"421010349001"|0|1|0|0|0|0|0|1|1|1|1|0|1|0|0|NA|NA|NA|NA|NA|16|4|20|1317306|65865.3|0
"421010352001"|0|1|1|0|0|0|0|1|1|1|0|0|0|1|0|29338|29338|13518|13518|14500|153|49|152|10637740|69985.1315789474|0
"421010362021"|0|1|0|0|0|0|0|1|1|1|1|0|1|0|0|NA|NA|NA|NA|NA|0|0|0|0|NA|0
"421010362024"|0|1|0|0|0|0|0|1|1|1|1|0|1|0|0|NA|NA|NA|NA|NA|0|0|0|0|NA|0
"421010362031"|0|2|0|0|0|0|0|2|2|1|1|1|2|0|0|NA|NA|NA|NA|NA|0|0|0|0|NA|0
"421010362033"|0|1|1|0|0|0|0|1|1|1|0|0|0|1|0|29338|29338|13518|13518|14500|153|49|152|10637740|69985.1315789474|0
"421010363011"|0|1|0|0|0|0|0|1|1|1|1|0|1|0|0|NA|NA|NA|NA|NA|0|0|0|0|NA|0
"421010369001"|0|1|1|0|1|1|0|1|1|1|0|0|0|0|1|49220|49220|34882|34882|15616|8889|1512|2888|464920944|160983.706371191|0
"421010369002"|0|1|1|0|1|1|0|1|1|1|0|0|0|0|1|49220|49220|34882|34882|15616|8889|1512|2888|464920944|160983.706371191|0
"421010369003"|0|2|1|0|0|1|0|2|2|1|0|1|1|0|1|NA|NA|NA|NA|NA|2486|559|2198|240649900|NA|0
"421010375001"|0|1|0|0|0|0|0|1|1|1|0|0|1|0|0|9075|9075|NA|NA|7425|0|0|12|690976|57581.3333333333|0
"421010376002"|0|1|0|0|0|0|0|1|1|0|0|1|1|0|0|12600|12600|NA|NA|NA|0|0|0|0|NA|0
"421010377001"|0|1|1|0|1|1|0|1|1|1|0|0|0|0|1|16080|28176|16488|22698|11916|3461|930|3302|372085464|112684.877044216|0
"421010387002"|0|1|1|0|0|0|0|1|1|1|0|0|0|1|0|35950|35950|16560|16560|11000|121|36|124|8291520|66867.0967741935|0
"421019803001"|0|2|0|0|0|0|0|2|2|1|1|1|2|0|0|NA|NA|NA|NA|NA|40|6|20|923440|NA|0
"421070014001"|0|1|0|0|0|0|0|1|1|0|0|1|1|0|0|NA|NA|NA|NA|NA|0|0|0|0|NA|0
"421070017003"|0|1|0|0|0|0|0|1|0|0|0|0|0|0|0|NA|NA|NA|NA|NA|0|0|0|0|NA|0
"421070020004"|0|1|0|0|0|0|0|1|1|0|0|1|1|0|0|10000|10000|NA|NA|NA|0|0|0|0|NA|0
"421070022002"|0|1|0|0|0|0|0|1|1|0|0|1|1|0|0|NA|NA|NA|NA|NA|0|0|0|0|NA|0
"421070032004"|0|1|0|0|0|0|0|1|1|1|0|0|1|0|0|13484|22044|21268|27368|11570|70|24|82|6455472|78725.2682926829|0
"421090701005"|0|1|0|0|0|0|0|1|1|0|0|1|1|0|0|NA|NA|NA|NA|NA|0|0|0|0|NA|0
"421099807051"|0|1|1|0|0|0|0|1|1|1|0|0|0|1|0|46690|46690|46690|46690|12630|315|121|292|21298010|72938.3904109589|0
"421110201012"|0|1|0|0|0|0|0|1|1|1|1|0|1|0|0|12444|12444|NA|NA|14274|7|2|50|3658486|73169.72|0
"421110202002"|0|3|0|0|0|0|0|3|2|2|1|1|1|2|0|NA|NA|NA|NA|NA|254|97|340|21870126|NA|0
"421110203001"|0|3|0|0|0|0|0|3|2|2|1|1|1|2|0|NA|NA|NA|NA|NA|254|97|340|21870126|NA|0
"421110203005"|0|3|0|0|0|0|0|3|2|2|1|1|1|2|0|NA|NA|NA|NA|NA|254|97|340|21870126|NA|0
"421110209003"|0|1|0|0|0|0|0|1|1|0|0|1|1|0|0|NA|NA|NA|NA|NA|0|0|0|0|NA|0
"421150328001"|0|1|0|0|0|0|0|1|0|0|0|1|1|0|0|NA|NA|NA|NA|NA|0|0|0|0|NA|0
"421179506002"|0|1|1|0|0|0|0|1|1|1|0|0|0|1|0|9450|18900|12000|18000|12324|191|62|190|16935110|89132.1578947368|0
"421179506003"|0|1|1|0|0|0|0|1|1|1|0|0|0|1|0|9450|18900|12000|18000|12324|191|62|190|16935110|89132.1578947368|0
"421190905024"|0|1|0|0|0|0|0|1|1|1|1|0|1|0|0|NA|NA|NA|NA|NA|10|2|14|663870|47419.2857142857|0
"421190906002"|0|1|1|0|0|0|0|1|1|1|0|0|0|1|0|55788|55788|24496|24496|13662|915|275|824|84711372|102805.063106796|0
"421190906003"|0|1|0|0|0|0|0|1|1|0|0|1|1|0|0|NA|NA|NA|NA|NA|0|0|0|0|NA|0
"421199805011"|0|1|0|0|0|0|0|1|1|1|1|0|1|0|0|NA|NA|NA|NA|NA|10|2|14|663870|47419.2857142857|0
"421199808001"|0|1|1|0|0|0|0|1|1|1|0|0|0|1|0|55788|55788|24496|24496|13662|915|275|824|84711372|102805.063106796|0
"421199808002"|0|1|1|0|0|0|0|1|1|1|0|0|0|1|0|55788|55788|24496|24496|13662|915|275|824|84711372|102805.063106796|0
"421212010002"|0|1|0|0|0|0|0|1|1|0|0|1|1|0|0|NA|NA|NA|NA|NA|0|0|0|0|NA|0
"421212010003"|0|1|0|0|0|0|0|1|1|0|0|1|1|0|0|NA|NA|NA|NA|NA|0|0|0|0|NA|0
"421257422001"|0|1|0|0|0|0|0|1|1|0|0|1|1|0|0|NA|NA|NA|NA|NA|0|0|0|0|NA|0
"421257542002"|0|1|1|0|0|0|0|1|1|1|0|0|0|1|0|47384|47384|2300|2300|12150|227|72|228|16678854|73152.8684210526|0
"421257551002"|0|3|0|0|0|0|0|3|3|1|1|2|3|0|0|35112|35112|NA|NA|NA|28|8|54|1797120|NA|0
"421257922002"|0|1|1|0|0|0|0|1|1|1|0|0|0|1|0|7716|11574|12384|18576|10186|425|123|548|49825378|90922.2226277372|0
"421298007001"|0|1|0|0|0|0|0|1|1|0|0|1|1|0|0|NA|NA|NA|NA|NA|0|0|0|0|NA|0
"421298010022"|0|1|0|0|0|0|0|1|1|1|1|0|1|0|0|NA|NA|NA|NA|NA|0|0|0|0|NA|0
"421298017011"|0|1|0|0|0|0|0|1|1|1|0|0|1|0|0|12718|20902|20302|26026|NA|52|19|76|5703234|75042.5526315789|0
"421298039021"|0|1|1|0|0|0|0|1|1|1|0|0|0|1|0|35248|35248|14382|14382|11984|202|84|200|15435666|77178.33|0
"421298041001"|0|1|0|0|0|0|0|1|1|1|1|0|1|0|0|16864|16864|NA|NA|NA|9|1|30|1367872|45595.7333333333|0
"421298045024"|0|1|0|0|0|0|0|1|1|1|0|0|0|1|0|12940|24184|NA|NA|10520|100|45|148|9614562|64963.2567567568|0
"421298049001"|0|1|0|0|0|0|0|1|1|1|1|0|0|1|0|7980|11970|NA|NA|NA|211|77|164|10234154|62403.3780487805|0
"421298049002"|0|1|0|0|0|0|0|1|1|1|1|0|0|1|0|7980|11970|NA|NA|NA|211|77|164|10234154|62403.3780487805|0
"421298049003"|0|1|0|0|0|0|0|1|1|1|1|0|0|1|0|7980|11970|NA|NA|NA|211|77|164|10234154|62403.3780487805|0
"421298054001"|0|1|0|0|0|0|0|1|1|1|1|0|1|0|0|18830|18830|NA|NA|NA|31|3|18|752178|41787.6666666667|0
"421298074022"|0|1|2|0|0|0|0|2|2|2|0|0|1|1|0|NA|NA|41924|41924|NA|254|113|210|14701404|122158.252427184|0
"421314003001"|0|1|1|0|0|0|0|1|1|1|0|0|0|1|0|24920|24920|15600|15600|11900|111|49|106|5932504|55967.0188679245|0
"421330101102"|0|1|0|0|0|0|0|1|1|1|1|0|0|1|0|NA|NA|NA|NA|NA|34|6|88|3203866|36407.5681818182|0
"421330101103"|0|1|0|0|0|0|0|1|1|1|1|0|0|1|0|NA|NA|NA|NA|NA|34|6|88|3203866|36407.5681818182|0
"421330102202"|0|1|0|0|0|0|0|1|1|0|0|1|1|0|0|NA|NA|NA|NA|NA|0|0|0|0|NA|0
"421330104005"|0|1|1|0|0|0|0|1|1|1|0|0|1|0|0|13484|22044|21268|27368|NA|69|28|98|7876314|80370.5510204082|0
"421330105103"|0|1|1|0|0|0|0|1|1|1|0|0|0|1|0|18180|18180|13680|13680|11200|298|80|364|29130658|80029.2802197802|0
"421330208005"|0|1|0|0|0|0|0|1|1|0|0|1|1|0|0|NA|NA|NA|NA|NA|0|0|0|0|NA|0
"421330223001"|0|1|0|0|0|0|0|1|1|0|0|1|1|0|0|NA|NA|NA|NA|NA|0|0|0|0|NA|0
"421330228003"|0|1|0|0|0|0|0|1|1|0|0|1|1|0|0|NA|NA|NA|NA|NA|0|0|0|0|NA|0
"440010308002"|0|1|2|0|0|0|0|2|2|2|0|0|1|1|0|NA|NA|32705|32705|NA|645|151|466|51327964|236967.949236298|0
"440010308003"|0|1|2|0|0|0|0|2|2|2|0|0|1|1|0|NA|NA|32705|32705|NA|645|151|466|51327964|236967.949236298|0
"440010308004"|0|1|2|0|0|0|0|2|2|2|0|0|1|1|0|NA|NA|32705|32705|NA|645|151|466|51327964|236967.949236298|0
"440030201012"|0|1|1|0|0|0|0|1|1|1|0|0|0|1|0|28200|28200|13200|13200|13590|163|50|254|20473064|80602.6141732283|0
"440030206033"|0|1|1|0|0|0|0|1|1|1|0|0|0|1|0|28200|28200|13200|13200|13590|163|50|254|20473064|80602.6141732283|0
"440030208001"|0|1|1|0|0|0|0|1|1|1|0|0|0|1|0|28200|28200|13200|13200|13590|163|50|254|20473064|80602.6141732283|0
"440030208002"|0|1|1|0|0|0|0|1|1|1|0|0|0|1|0|28200|28200|13200|13200|13590|163|50|254|20473064|80602.6141732283|0
"440030209031"|0|1|1|0|0|0|0|1|1|1|0|0|0|1|0|28200|28200|13200|13200|13590|163|50|254|20473064|80602.6141732283|0
"440030209032"|0|1|1|0|0|0|0|1|1|1|0|0|0|1|0|28200|28200|13200|13200|13590|163|50|254|20473064|80602.6141732283|0
"440030221003"|0|1|0|0|0|0|0|1|1|1|1|0|0|0|1|4148|11740|NA|NA|NA|457|146|600|37682980|62804.9666666667|0
"440030223003"|0|1|0|0|0|0|0|1|1|0|0|1|1|0|0|NA|NA|NA|NA|NA|0|0|0|0|NA|0
"440050409001"|0|1|1|0|0|0|0|1|1|1|0|0|0|1|0|39550|39550|10530|10530|14500|264|95|242|18983596|78444.6115702479|0
"440050409003"|0|1|1|0|0|0|0|1|1|1|0|0|0|1|0|39550|39550|10530|10530|14500|264|95|242|18983596|78444.6115702479|0
"440050409004"|0|1|1|0|0|0|0|1|1|1|0|0|0|1|0|39550|39550|10530|10530|14500|264|95|242|18983596|78444.6115702479|0
"440050410002"|0|1|0|0|0|0|0|1|1|0|0|1|1|0|0|NA|NA|NA|NA|NA|0|0|0|0|NA|0
"440070006001"|0|3|2|0|0|0|0|3|3|2|0|1|1|2|0|NA|NA|NA|NA|NA|816|160|586|50712782|NA|0
"440070008003"|0|2|2|0|0|0|0|2|2|2|0|0|0|2|0|45456|45456|25986|25986|NA|816|160|586|50712782|132579.76369863|0
"440070011001"|0|1|0|0|0|0|0|1|1|0|0|1|1|0|0|NA|NA|NA|NA|NA|0|0|0|0|NA|0
"440070017002"|0|1|0|0|0|0|0|1|1|0|0|1|1|0|0|NA|NA|NA|NA|NA|0|0|0|0|NA|0
"440070024001"|0|1|1|0|0|0|0|1|1|1|0|0|0|1|0|49600|49600|9240|9240|14700|546|179|600|57433976|95723.2933333333|0
"440070024005"|0|1|1|0|0|0|0|1|1|1|0|0|0|1|0|7790|20553|7326|14256|11829|525|150|668|48810920|73070.2395209581|0
"440070036023"|0|2|2|0|0|1|0|2|2|2|0|0|0|1|1|104130|104130|104220|104220|28070|3961|711|2070|275447126|236158.456545085|0
"440070037002"|0|1|0|0|0|0|0|1|1|0|0|1|1|0|0|NA|NA|NA|NA|NA|0|0|0|0|NA|0
"440070104003"|0|1|0|0|0|0|0|1|1|0|0|1|1|0|0|NA|NA|NA|NA|NA|0|0|0|0|NA|0
"440070116004"|0|1|0|0|0|0|0|1|1|0|0|1|1|0|0|NA|NA|NA|NA|NA|0|0|0|0|NA|0
"440070120001"|0|1|0|0|0|0|0|1|1|0|0|1|1|0|0|14819|14819|NA|NA|NA|0|0|0|0|NA|0
"440070120003"|0|1|1|0|0|0|0|1|1|1|0|0|0|1|0|7790|20553|7326|14256|11829|525|150|668|48810920|73070.2395209581|0
"440070120005"|0|1|0|0|0|0|0|1|1|0|0|1|1|0|0|14819|14819|NA|NA|NA|0|0|0|0|NA|0
"440070126011"|0|1|1|0|0|0|0|1|1|1|0|0|0|1|0|43076|43076|26832|26832|15397|506|157|340|43014618|126513.582352941|0
"440070142001"|0|1|0|0|0|0|0|1|1|0|0|1|1|0|0|NA|NA|NA|NA|NA|0|0|0|0|NA|0
"440070142002"|0|1|0|0|0|0|0|1|1|0|0|1|1|0|0|NA|NA|NA|NA|NA|0|0|0|0|NA|0
"440070142003"|0|1|0|0|0|0|0|1|1|0|0|1|1|0|0|NA|NA|NA|NA|NA|0|0|0|0|NA|0
"440070147004"|0|1|0|0|0|0|0|1|1|0|0|1|1|0|0|NA|NA|NA|NA|NA|0|0|0|0|NA|0
"440070147006"|0|1|0|0|0|0|0|1|1|0|0|1|1|0|0|NA|NA|NA|NA|NA|0|0|0|0|NA|0
"440070151001"|0|1|0|0|0|0|0|1|1|0|0|1|1|0|0|NA|NA|NA|NA|NA|0|0|0|0|NA|0
"440070161001"|0|1|0|0|0|0|0|1|1|0|0|1|1|0|0|NA|NA|NA|NA|NA|0|0|0|0|NA|0
"440090505003"|0|1|1|0|0|0|0|1|1|1|0|0|0|0|1|12248|28972|13226|25854|12528|1849|414|1522|146794288|96448.2838370565|0
"440090514001"|0|1|1|0|0|0|0|1|1|1|0|0|0|0|1|12248|28972|13226|25854|12528|1849|414|1522|146794288|96448.2838370565|0
"450019502002"|0|1|1|0|0|0|0|1|1|1|0|0|1|0|0|34095|34095|13000|13000|11350|78|32|92|4400846|47835.2826086957|0
"450030204003"|0|1|0|0|0|0|0|1|1|1|1|0|0|1|0|4656|6408|NA|NA|NA|72|33|108|5497564|50903.3703703704|0
"450030207021"|0|1|0|0|0|0|0|1|1|0|0|1|1|0|0|NA|NA|NA|NA|NA|0|0|0|0|NA|0
"450030212021"|0|1|0|0|0|0|0|1|1|0|0|1|1|0|0|NA|NA|NA|NA|NA|0|0|0|0|NA|0
"450030213001"|0|1|0|0|0|0|0|1|1|0|0|1|1|0|0|NA|NA|NA|NA|NA|0|0|0|0|NA|0
"450030213002"|0|1|0|0|0|0|0|1|1|0|0|1|1|0|0|NA|NA|NA|NA|NA|0|0|0|0|NA|0
"450030213004"|0|1|1|0|0|0|0|1|1|1|0|0|0|1|0|10398|20856|13650|29196|7766|184|80|318|20594738|64763.3270440252|0
"450030214002"|0|1|0|0|0|0|0|1|1|0|0|1|1|0|0|NA|NA|NA|NA|NA|0|0|0|0|NA|0
"450059702003"|0|1|0|0|0|0|0|1|1|1|1|0|1|0|0|7158|17838|NA|NA|NA|36|23|44|2306236|52414.4545454545|0
"450070002002"|0|1|1|0|0|0|0|1|1|1|0|0|0|1|0|25140|25140|8563|8563|9830|216|102|310|20020580|64582.5161290323|0
"450070002003"|0|1|1|0|0|0|0|1|1|1|0|0|0|1|0|25140|25140|8563|8563|9830|216|102|310|20020580|64582.5161290323|0
"450070006001"|0|1|0|0|0|0|0|1|1|1|1|0|1|0|0|9900|9900|NA|NA|NA|6|2|10|273872|27387.2|0
"450070101021"|0|1|0|0|0|0|0|1|1|0|0|1|1|0|0|NA|NA|NA|NA|NA|0|0|0|0|NA|0
"450070101032"|0|1|0|0|0|0|0|1|1|0|0|1|1|0|0|NA|NA|NA|NA|NA|0|0|0|0|NA|0
"450070102001"|0|1|0|0|0|0|0|1|1|0|0|1|1|0|0|NA|NA|NA|NA|NA|0|0|0|0|NA|0
"450070107006"|0|2|1|0|0|0|0|2|2|2|1|0|0|1|1|19460|45294|NA|NA|NA|4093|960|2884|258585850|141354.236143012|0
"450099601002"|0|2|0|2|0|0|0|2|2|2|1|0|2|0|0|16958|22287|NA|NA|13848|131|31|112|4961634|88160.71875|0
"450130007004"|0|1|0|0|0|0|0|1|1|1|1|0|0|1|0|4992|9744|NA|NA|NA|88|39|102|5248666|51457.5098039216|0
"450130021042"|0|1|0|0|0|0|0|1|1|1|0|0|0|1|0|10344|21390|NA|NA|9186|137|58|182|12511302|68743.4175824176|0
"450150207191"|0|1|0|0|0|0|0|1|1|0|0|1|1|0|0|NA|NA|NA|NA|NA|0|0|0|0|NA|0
"450150207211"|0|1|1|0|0|0|0|1|1|1|0|0|0|1|0|25500|25500|7500|7500|10200|226|52|426|26737870|62764.9530516432|0
"450150207223"|0|1|1|0|0|0|0|1|1|1|0|0|0|1|0|25500|25500|7500|7500|10200|226|52|426|26737870|62764.9530516432|0
"450190004001"|0|1|1|0|0|0|0|1|1|1|0|0|0|0|1|70|70|70|70|12166|993|364|1068|81877132|76663.9812734082|0
"450190006001"|0|1|1|0|0|1|0|1|1|1|0|0|0|1|0|15622|23340|16333|22564|NA|1573|131|258|32924902|127615.899224806|0
"450190027011"|0|1|0|0|0|0|0|1|1|0|0|1|1|0|0|NA|NA|NA|NA|NA|0|0|0|0|NA|0
"450190031042"|0|1|0|0|0|0|0|1|1|1|1|0|0|0|1|4887|8338|NA|NA|NA|427|161|522|26556814|50875.122605364|0
"450190031051"|0|2|0|0|0|0|0|2|2|2|2|0|2|0|0|NA|NA|NA|NA|NA|20|12|26|1279322|NA|0
"450190031052"|0|2|0|0|0|0|0|2|2|2|2|0|2|0|0|NA|NA|NA|NA|NA|20|12|26|1279322|NA|0
"450190031111"|0|1|0|0|0|0|0|1|1|0|0|1|1|0|0|NA|NA|NA|NA|NA|0|0|0|0|NA|0
"450190031141"|0|1|0|0|0|0|0|1|1|1|1|0|1|0|0|NA|NA|NA|NA|NA|18|2|28|948626|33879.5|0
"450190031151"|0|1|1|0|0|0|0|1|1|1|0|0|0|1|0|25500|25500|7500|7500|10200|226|52|426|26737870|62764.9530516432|0
"450190032001"|0|3|0|0|0|0|0|3|3|2|2|1|3|0|0|NA|NA|NA|NA|NA|20|12|26|1279322|NA|0
"450190051001"|0|1|0|0|0|0|0|1|1|1|0|0|1|0|0|17496|17496|NA|NA|NA|0|0|0|0|NA|0
"450190051002"|0|1|0|0|0|0|0|1|1|1|0|0|1|0|0|17496|17496|NA|NA|NA|0|0|0|0|NA|0
"450190052002"|0|1|1|0|0|0|0|1|1|1|0|0|0|1|0|75|75|10740|18390|6904|446|138|420|32718280|77900.6666666667|0
"450190055001"|0|1|0|0|0|0|0|1|1|0|0|1|1|0|0|NA|NA|NA|NA|NA|0|0|0|0|NA|0
"450219706011"|0|1|1|0|0|0|0|1|1|1|0|0|0|1|0|24900|24900|12350|12350|8808|163|71|184|10262592|55774.9565217391|0
"450219706012"|0|1|1|0|0|0|0|1|1|1|0|0|0|1|0|24900|24900|12350|12350|8808|163|71|184|10262592|55774.9565217391|0
"450219706014"|0|1|1|0|0|0|0|1|1|1|0|0|0|1|0|24900|24900|12350|12350|8808|163|71|184|10262592|55774.9565217391|0
"450259505024"|0|1|0|0|0|0|0|1|1|1|1|0|0|1|0|4152|6696|NA|NA|NA|52|24|38|1483666|39043.8421052632|0
"450299706002"|0|1|0|0|0|0|0|1|1|0|0|1|1|0|0|NA|NA|NA|NA|NA|0|0|0|0|NA|0
"450299706004"|0|1|0|0|0|0|0|1|1|0|0|1|1|0|0|NA|NA|NA|NA|NA|0|0|0|0|NA|0
"450310103003"|0|1|1|0|0|0|0|1|1|1|0|0|0|1|0|29328|29328|14856|14856|9090|99|41|136|7283188|53552.8529411765|0
"450310106001"|0|1|1|0|0|0|0|1|1|1|0|0|0|1|0|29328|29328|14856|14856|9090|99|41|136|7283188|53552.8529411765|0
"450310106002"|0|1|1|0|0|0|0|1|1|1|0|0|0|1|0|29328|29328|14856|14856|9090|99|41|136|7283188|53552.8529411765|0
"450310106003"|0|1|1|0|0|0|0|1|1|1|0|0|0|1|0|29328|29328|14856|14856|9090|99|41|136|7283188|53552.8529411765|0
"450310109005"|0|2|0|0|0|0|0|2|2|1|1|1|1|1|0|NA|NA|NA|NA|NA|141|40|188|9825226|NA|0
"450350108181"|0|1|0|0|0|0|0|1|1|0|0|1|1|0|0|NA|NA|NA|NA|NA|0|0|0|0|NA|0
"450410001011"|0|2|0|0|0|0|0|2|2|1|1|1|1|1|0|NA|NA|NA|NA|NA|141|40|188|9825226|NA|0
"450410002012"|0|1|0|0|0|0|0|1|1|1|1|0|1|0|0|NA|NA|NA|NA|NA|0|0|0|0|NA|0
"450410005004"|0|1|1|0|0|0|0|1|1|1|0|0|0|1|0|10384|20768|10612|21224|8211|301|76|420|28825586|68632.3476190476|0
"450450012031"|0|1|1|0|0|0|0|1|1|1|0|0|0|1|0|17248|17248|9411|9411|6976|431|179|362|16084200|44431.4917127072|0
"450450014001"|0|1|0|0|0|0|0|1|1|1|1|0|0|0|1|4704|8808|NA|NA|NA|348|112|638|30071900|47134.6394984326|0
"450450018041"|0|1|0|0|0|0|0|1|1|0|0|1|1|0|0|NA|NA|NA|NA|NA|0|0|0|0|NA|0
"450450028082"|0|1|0|0|0|0|0|1|1|0|0|1|1|0|0|NA|NA|NA|NA|NA|0|0|0|0|NA|0
"450450029011"|0|1|0|0|0|0|0|1|1|1|1|0|1|0|0|NA|NA|NA|NA|NA|0|0|0|0|NA|0
"450450029041"|0|1|0|0|0|0|0|1|1|1|1|0|1|0|0|NA|NA|NA|NA|NA|0|0|0|0|NA|0
"450450033014"|0|1|0|0|0|0|0|1|1|0|0|1|1|0|0|NA|NA|NA|NA|NA|0|0|0|0|NA|0
"450450038011"|0|1|1|0|0|0|0|1|1|1|0|0|0|1|0|49152|49152|9720|9720|12712|628|136|544|47209744|86782.6176470588|0
"450450038012"|0|1|1|0|0|0|0|1|1|1|0|0|0|1|0|49152|49152|9720|9720|12712|628|136|544|47209744|86782.6176470588|0
"450450040022"|0|1|1|0|0|0|0|1|1|1|0|0|0|1|0|19750|19750|10800|10800|10240|219|79|320|18191304|56847.825|0
"450450043001"|0|1|0|0|0|0|0|1|1|0|0|1|1|0|0|NA|NA|NA|NA|NA|0|0|0|0|NA|0
"450450043002"|0|1|0|0|0|0|0|1|1|0|0|1|1|0|0|NA|NA|NA|NA|NA|0|0|0|0|NA|0
"450450044001"|0|1|1|0|0|0|0|1|1|1|0|0|0|1|0|13185|13185|14790|14790|NA|37|0|8|552470|69058.75|0
"450479702011"|0|1|0|0|0|0|0|1|1|0|0|1|1|0|0|NA|NA|NA|NA|NA|0|0|0|0|NA|0
"450479703013"|0|1|1|0|0|0|0|1|1|1|0|0|0|1|0|10700|20300|11800|22500|9100|277|45|274|15332134|55956.6934306569|0
"450479706002"|0|1|0|0|0|0|0|1|1|1|1|0|0|1|0|4920|6168|NA|NA|NA|155|77|232|10785152|46487.724137931|0
"450510503032"|0|1|0|0|0|0|0|1|1|0|0|1|1|0|0|NA|NA|NA|NA|NA|0|0|0|0|NA|0
"450510506001"|0|1|0|0|0|0|0|1|1|1|1|0|1|0|0|NA|NA|NA|NA|NA|0|0|0|0|NA|0
"450510604031"|0|2|1|0|0|0|0|2|2|2|1|0|0|1|1|16300|34580|NA|NA|NA|1123|361|1294|83957450|122003.543754062|0
"450510604041"|0|1|0|0|0|0|0|1|1|1|1|0|0|1|0|NA|NA|NA|NA|NA|16|3|42|2089320|49745.7142857143|0
"450510604051"|0|2|1|0|0|0|0|2|2|2|1|0|0|1|1|16300|34580|NA|NA|NA|1123|361|1294|83957450|122003.543754062|0
"450559705001"|0|1|0|0|0|0|0|1|1|0|0|1|1|0|0|NA|NA|NA|NA|NA|0|0|0|0|NA|0
"450570109001"|0|1|0|0|0|0|0|1|1|1|1|0|0|1|0|7158|17838|NA|NA|NA|39|20|102|6000604|58829.4509803922|0
"450570109003"|0|1|0|0|0|0|0|1|1|1|1|0|0|1|0|7158|17838|NA|NA|NA|39|20|102|6000604|58829.4509803922|0
"450599208002"|0|1|1|0|0|0|0|1|1|1|0|0|0|1|0|35800|35800|NA|NA|10480|213|127|202|15778530|78111.5346534654|0
"450630203001"|0|2|1|0|0|1|0|2|2|1|0|1|1|0|1|NA|NA|NA|NA|NA|3647|1491|2874|293072506|NA|0
"450630205052"|0|1|0|0|0|0|0|1|0|0|0|0|0|0|0|NA|NA|NA|NA|NA|0|0|0|0|NA|0
"450630205081"|0|2|0|0|0|0|0|2|2|1|1|1|2|0|0|NA|NA|NA|NA|NA|18|9|18|849534|NA|0
"450630205082"|0|2|0|0|0|0|0|2|2|1|1|1|2|0|0|NA|NA|NA|NA|NA|18|9|18|849534|NA|0
"450630205092"|0|2|0|0|0|0|0|2|2|1|1|1|2|0|0|NA|NA|NA|NA|NA|18|9|18|849534|NA|0
"450630205101"|0|1|0|0|0|0|0|1|1|0|0|1|1|0|0|NA|NA|NA|NA|NA|0|0|0|0|NA|0
"450630205111"|0|1|0|0|0|0|0|1|1|0|0|1|1|0|0|NA|NA|NA|NA|NA|0|0|0|0|NA|0
"450639801001"|0|1|0|0|0|0|0|1|1|1|1|0|0|1|0|5352|12816|NA|NA|NA|347|139|466|25780092|55322.0858369099|0
"450679506002"|0|1|0|0|0|0|0|1|1|0|0|1|1|0|0|NA|NA|NA|NA|NA|0|0|0|0|NA|0
"450719502022"|0|1|0|0|0|0|0|1|1|1|0|0|0|1|0|24174|24174|NA|NA|10666|117|58|128|6609840|51639.375|0
"450719502023"|0|1|0|0|0|0|0|1|1|1|0|0|0|1|0|24174|24174|NA|NA|10666|117|58|128|6609840|51639.375|0
"450730307022"|0|1|1|0|0|0|0|1|1|1|0|0|0|0|1|13982|35736|9386|19776|10832|3886|872|2600|245227652|94318.3276923077|0
"450730307023"|0|1|1|0|0|0|0|1|1|1|0|0|0|0|1|13982|35736|9386|19776|10832|3886|872|2600|245227652|94318.3276923077|0
"450750108001"|0|1|0|0|0|0|0|1|1|1|1|0|0|1|0|5280|7056|NA|NA|NA|90|33|144|6744732|46838.4166666667|0
"450750111002"|0|1|0|0|0|0|0|1|1|1|1|0|0|1|0|5280|7056|NA|NA|NA|90|33|144|6744732|46838.4166666667|0
"450750112001"|0|1|1|1|0|0|0|1|1|1|0|0|0|1|0|9528|20218|9928|21038|9000|378|165|268|17077544|63722.1791044776|0
"450750112002"|0|1|1|1|0|0|0|1|1|1|0|0|0|1|0|16152|16152|10728|10728|9294|207|86|224|14454140|64527.4107142857|0
"450750114004"|0|1|0|0|0|0|0|1|1|0|0|1|1|0|0|NA|NA|NA|NA|NA|0|0|0|0|NA|0
"450770111021"|0|1|1|0|0|0|0|1|1|1|0|0|0|1|0|24926|24926|10170|10170|9190|142|42|108|6191326|57327.0925925926|0
"450770112022"|0|1|1|0|0|0|0|1|1|1|0|0|0|0|1|13982|35736|9386|19776|10832|3886|872|2600|245227652|94318.3276923077|0
"450770112033"|0|1|1|0|0|0|0|1|1|1|0|0|0|0|1|13982|35736|9386|19776|10832|3886|872|2600|245227652|94318.3276923077|0
"450790001002"|0|1|1|0|0|0|0|1|1|1|0|0|0|1|0|17811|17811|8969|8969|7900|93|35|114|6579466|57714.6140350877|0
"450790002002"|0|1|0|0|0|0|0|1|0|1|0|0|1|0|0|5148|5148|NA|NA|NA|0|0|0|0|NA|0
"450790010001"|0|1|0|1|0|0|0|1|1|1|0|0|0|1|0|14000|14000|NA|NA|6200|242|54|214|12182326|56926.7570093458|0
"450790013004"|0|1|1|1|0|0|0|1|1|1|0|0|1|0|0|12540|12540|8100|8100|7230|67|15|76|3725560|49020.5263157895|0
"450790016001"|0|1|0|0|0|0|0|1|1|0|0|1|1|0|0|NA|NA|NA|NA|NA|0|0|0|0|NA|0
"450790016002"|0|1|0|0|0|0|0|1|1|0|0|1|1|0|0|NA|NA|NA|NA|NA|0|0|0|0|NA|0
"450790029001"|0|2|1|0|0|1|0|2|2|1|0|1|1|0|1|NA|NA|NA|NA|NA|3647|1491|2874|293072506|NA|0
"450790029002"|0|2|1|0|0|1|0|2|2|1|0|1|1|0|1|NA|NA|NA|NA|NA|3647|1491|2874|293072506|NA|0
"450790029003"|0|2|1|0|0|1|0|2|2|1|0|1|1|0|1|NA|NA|NA|NA|NA|3647|1491|2874|293072506|NA|0
"450790104031"|0|3|0|0|0|0|0|3|3|2|2|1|3|0|0|NA|NA|NA|NA|NA|31|9|36|2177534|NA|0
"450790104032"|0|1|0|0|0|0|0|1|1|1|1|0|1|0|0|15600|15600|NA|NA|NA|13|0|18|1328000|73777.7777777778|0
"450790104033"|0|1|0|0|0|0|0|1|1|1|1|0|1|0|0|15600|15600|NA|NA|NA|13|0|18|1328000|73777.7777777778|0
"450790105011"|0|1|1|0|0|0|0|1|1|1|0|0|0|1|0|22840|22840|9360|9360|8150|163|42|82|4656586|56787.6341463415|0
"450790105012"|0|1|1|0|0|0|0|1|1|1|0|0|0|1|0|22840|22840|9360|9360|8150|163|42|82|4656586|56787.6341463415|0
"450790108031"|0|1|0|0|0|0|0|1|1|1|1|0|1|0|0|NA|NA|NA|NA|NA|0|0|0|0|NA|0
"450790113033"|0|1|0|0|0|0|0|1|1|1|1|0|1|0|0|15750|15750|NA|NA|NA|5|3|6|219810|36635|0
"450790114041"|0|1|1|0|0|0|0|1|1|1|0|0|1|0|0|16920|16920|16620|16620|NA|53|22|52|4738354|91122.1923076923|0
"450790114043"|0|1|1|0|0|0|0|1|1|1|0|0|1|0|0|9552|9552|16752|16752|NA|0|0|0|0|NA|0
"450790114044"|0|1|1|0|0|0|0|1|1|1|0|0|1|0|0|9552|9552|16752|16752|NA|0|0|0|0|NA|0
"450790116071"|0|1|0|0|0|0|0|1|1|0|0|1|1|0|0|NA|NA|NA|NA|NA|0|0|0|0|NA|0
"450790116081"|0|1|0|0|0|0|0|1|1|0|0|1|1|0|0|NA|NA|NA|NA|NA|0|0|0|0|NA|0
"450790116082"|0|1|0|0|0|0|0|1|1|0|0|1|1|0|0|NA|NA|NA|NA|NA|0|0|0|0|NA|0
"450830203013"|0|1|0|0|0|0|0|1|1|1|0|0|0|1|0|42335|42335|NA|NA|12685|281|60|284|20958862|73798.8098591549|0
"450830206012"|0|1|0|0|0|0|0|1|1|1|1|0|1|0|0|15750|15750|NA|NA|9375|67|24|58|3177488|54784.275862069|0
"450830212001"|0|1|1|0|0|0|0|1|1|1|0|0|0|1|0|17340|17340|8736|8736|10930|125|68|166|9420184|56748.0963855422|0
"450830213031"|0|1|0|0|0|0|0|1|1|0|0|1|1|0|0|NA|NA|NA|NA|NA|0|0|0|0|NA|0
"450830213032"|0|1|0|0|0|0|0|1|1|0|0|1|1|0|0|NA|NA|NA|NA|NA|0|0|0|0|NA|0
"450830213035"|0|1|0|0|0|0|0|1|1|0|0|1|1|0|0|NA|NA|NA|NA|NA|0|0|0|0|NA|0
"450830217003"|0|1|0|0|0|0|0|1|1|1|1|0|1|0|0|15750|15750|NA|NA|9375|67|24|58|3177488|54784.275862069|0
"450830218021"|0|1|1|0|0|0|0|1|1|1|0|0|0|1|0|11208|22710|13650|29196|8394|295|141|456|28711698|62964.25|0
"450830218033"|0|0|1|0|0|0|0|1|1|1|0|0|1|0|0|NA|NA|NA|NA|NA|66|38|76|5412256|71213.8947368421|0
"450830219011"|0|1|0|0|0|0|0|1|1|1|1|0|0|1|0|5592|9192|NA|NA|NA|185|86|240|12190654|50794.3916666667|0
"450830219021"|0|1|0|0|0|0|0|1|1|1|1|0|1|0|0|NA|NA|NA|NA|NA|0|0|0|0|NA|0
"450830220071"|0|1|0|0|0|0|0|1|1|0|0|1|1|0|0|NA|NA|NA|NA|NA|0|0|0|0|NA|0
"450850008001"|0|1|0|0|0|0|0|1|1|0|0|1|1|0|0|NA|NA|NA|NA|NA|0|0|0|0|NA|0
"450850008003"|0|1|0|0|0|0|0|1|1|0|0|1|1|0|0|NA|NA|NA|NA|NA|0|0|0|0|NA|0
"450850009013"|0|2|0|0|0|0|0|2|2|2|2|0|0|2|0|12953|26116|NA|NA|NA|168|71|268|16040564|117752.375034829|0
"450870302001"|0|1|0|0|0|0|0|1|1|1|1|0|0|1|0|7158|17838|NA|NA|NA|23|14|24|1371042|57126.75|0
"450870303002"|0|1|0|0|0|0|0|1|1|1|1|0|0|1|0|7158|17838|NA|NA|NA|23|14|24|1371042|57126.75|0
"450899705011"|0|1|0|0|0|0|0|1|1|1|1|0|1|0|0|4296|8088|NA|NA|NA|43|15|48|1969274|41026.5416666667|0
"450910604011"|0|1|0|1|0|0|0|1|1|1|0|0|1|0|0|9920|9920|NA|NA|9551|35|7|18|561200|31177.7777777778|0
"450910606001"|0|1|1|0|0|0|0|1|1|1|0|0|0|1|0|15230|29486|15166|29214|8948|566|236|570|39716938|69678.8385964912|0
"450910608042"|0|1|0|0|0|0|0|1|1|0|0|1|1|0|0|NA|NA|NA|NA|NA|0|0|0|0|NA|0
"450910608043"|0|1|0|0|0|0|0|1|1|0|0|1|1|0|0|NA|NA|NA|NA|NA|0|0|0|0|NA|0
"450910609012"|0|1|0|0|0|0|0|1|1|1|1|0|0|1|0|4608|9408|NA|NA|NA|188|25|228|11471576|50313.9298245614|0
"450910612011"|0|1|0|0|0|0|0|1|1|1|1|0|0|1|0|4608|9408|NA|NA|NA|188|25|228|11471576|50313.9298245614|0
"460119588023"|0|1|1|0|0|0|0|1|1|1|0|0|0|0|0|4320|4320|6840|6840|NA|0|0|0|0|NA|0
"460119588025"|0|1|1|0|0|0|0|1|1|1|0|0|0|0|0|4320|4320|6840|6840|NA|0|0|0|0|NA|0
"460119589002"|0|1|1|0|0|0|0|1|1|1|0|0|0|0|1|7451|10815|7825|15044|8563|1347|343|1082|83890526|77532.8336414048|0
"460119589005"|0|1|1|0|0|0|0|1|1|1|0|0|0|0|1|7451|10815|7825|15044|8563|1347|343|1082|83890526|77532.8336414048|0
"460139513001"|0|1|1|0|0|0|0|1|1|1|0|0|1|0|0|19995|19995|17900|17900|9578|87|32|86|4221690|49089.4186046512|0
"460139516001"|0|1|1|0|0|0|0|1|1|1|0|0|0|1|0|7299|10272|5749|10733|8029|256|93|182|11861378|65172.4065934066|0
"460279659002"|0|1|1|0|0|1|0|1|1|1|0|0|0|0|1|7451|10815|5869|11283|8216|724|238|816|62527888|76627.3137254902|0
"460279659005"|0|1|1|0|0|1|0|1|1|1|0|0|0|0|1|7451|10815|5869|11283|8216|724|238|816|62527888|76627.3137254902|0
"460299543011"|0|2|0|0|0|0|0|2|2|2|1|0|1|1|0|17784|17784|NA|NA|NA|81|22|218|12766300|NA|0
"460299545011"|0|1|0|0|0|0|0|1|1|1|0|0|1|0|0|15000|15000|NA|NA|NA|0|0|0|0|NA|0
"460359628006"|0|1|0|0|0|0|0|1|1|1|1|0|0|1|0|3712|3712|NA|NA|NA|45|8|140|8516320|60830.8571428571|0
"460359629003"|0|1|0|0|0|0|0|1|1|1|1|0|0|1|0|3712|3712|NA|NA|NA|45|8|140|8516320|60830.8571428571|0
"460359629004"|0|1|1|0|0|0|0|1|1|1|0|0|0|1|0|26700|26700|13550|13550|7350|93|37|96|5425440|56515|0
"460359629005"|0|1|0|0|0|0|0|1|1|1|1|0|0|1|0|3712|3712|NA|NA|NA|45|8|140|8516320|60830.8571428571|0
"460799602002"|0|1|1|0|0|0|0|1|1|1|0|0|0|1|0|7299|10272|5749|10733|6873|205|55|206|14768818|71693.2912621359|0
"460819663012"|0|1|1|0|0|0|0|1|1|1|0|0|0|1|0|7626|10671|8116|8116|6978|245|76|244|15402460|63124.8360655738|0
"460819663013"|0|1|1|0|0|0|0|1|1|1|0|0|0|1|0|7626|10671|8116|8116|6978|245|76|244|15402460|63124.8360655738|0
"460819663022"|0|1|1|0|0|0|0|1|1|1|0|0|0|1|0|7626|10671|8116|8116|6978|245|76|244|15402460|63124.8360655738|0
"460819663023"|0|1|1|0|0|0|0|1|1|1|0|0|0|1|0|7626|10671|8116|8116|6978|245|76|244|15402460|63124.8360655738|0
"460830101022"|0|1|0|0|0|0|0|1|1|1|0|0|1|0|0|15000|15000|NA|NA|NA|2|1|6|379340|63223.3333333333|0
"460830101032"|0|1|0|0|0|0|0|1|1|1|0|0|1|0|0|15000|15000|NA|NA|NA|2|1|6|379340|63223.3333333333|0
"460990002013"|0|1|0|0|0|0|0|1|1|0|0|1|1|0|0|NA|NA|NA|NA|NA|0|0|0|0|NA|0
"460990005002"|0|1|0|0|0|0|0|1|1|0|0|1|1|0|0|2550|2550|NA|NA|NA|0|0|0|0|NA|0
"460990015003"|0|1|1|0|0|0|0|1|1|1|0|0|0|1|0|17980|17980|6930|6930|7350|100|48|120|6809494|56745.7833333333|0
"460990015005"|0|0|1|0|0|0|0|1|1|1|0|0|1|0|0|NA|NA|9550|9550|NA|19|3|10|588400|58840|0
"460990104051"|0|1|0|0|0|0|0|1|1|1|1|0|0|1|0|3016|3016|NA|NA|8200|79|19|200|12294552|61472.76|0
"460990106002"|0|1|0|0|0|0|0|1|1|0|0|1|1|0|0|NA|NA|NA|NA|NA|0|0|0|0|NA|0
"460990106005"|0|1|1|0|0|0|0|1|1|1|0|0|0|1|0|32488|32488|34000|34000|8248|233|73|290|18050900|62244.4827586207|0
"461030102001"|0|1|0|0|0|0|0|1|1|0|0|1|1|0|0|NA|NA|NA|NA|NA|0|0|0|0|NA|0
"461030102002"|0|1|0|0|0|0|0|1|1|0|0|1|1|0|0|NA|NA|NA|NA|NA|0|0|0|0|NA|0
"461030104001"|0|1|0|0|0|0|0|1|1|1|1|0|0|1|0|3451|3451|NA|NA|NA|48|7|94|5549238|59034.4468085106|0
"461030105002"|0|1|1|0|0|0|0|1|1|1|0|0|0|1|0|7500|11760|5870|11770|8440|218|43|300|26123144|87077.1466666667|0
"461030109031"|0|1|0|0|0|0|0|1|1|1|0|0|1|0|0|6000|6000|NA|NA|NA|1|0|0|0|NA|0
"461030109061"|0|1|0|0|0|0|0|1|1|1|1|0|0|1|0|3451|3451|NA|NA|NA|48|7|94|5549238|59034.4468085106|0
"461030109062"|0|1|0|0|0|0|0|1|1|1|1|0|0|1|0|3451|3451|NA|NA|NA|48|7|94|5549238|59034.4468085106|0
"461030110023"|0|1|1|0|0|0|0|1|1|1|0|0|0|1|0|15000|15000|15000|15000|NA|250|13|10|721818|72181.8|0
"461030115001"|0|1|0|0|0|0|0|1|1|1|0|0|1|0|0|6000|6000|NA|NA|NA|1|0|0|0|NA|0
"461030116002"|0|1|0|0|0|0|0|1|1|1|0|0|1|0|0|6000|6000|NA|NA|NA|1|0|0|0|NA|0
"461099408001"|0|1|0|0|0|0|1|1|1|1|1|0|1|0|0|3750|3750|NA|NA|3500|37|11|32|1611984|50374.5|0
"461139408001"|0|1|1|0|0|0|1|1|1|1|0|0|0|1|0|2016|2016|1035|1035|6300|112|24|128|6619748|51716.78125|0
"461139409001"|0|1|1|0|0|0|1|1|1|1|0|0|0|1|0|2016|2016|1035|1035|6300|112|24|128|6619748|51716.78125|0
"461139409002"|0|1|1|0|0|0|1|1|1|1|0|0|0|1|0|2016|2016|1035|1035|6300|112|24|128|6619748|51716.78125|0
"461139409003"|0|1|1|0|0|0|1|1|1|1|0|0|0|1|0|2016|2016|1035|1035|6300|112|24|128|6619748|51716.78125|0
"461219402002"|0|1|1|0|0|0|1|1|1|1|0|0|1|0|0|2640|2640|1500|1500|NA|108|33|62|1794722|28947.1290322581|0
"461219402003"|0|1|1|0|0|0|1|1|1|1|0|0|1|0|0|2640|2640|1500|1500|NA|108|33|62|1794722|28947.1290322581|0
"461359663024"|0|2|1|0|0|0|0|2|2|1|0|1|1|1|0|26876|26876|NA|NA|NA|70|20|86|6050938|NA|0
"470039506004"|0|1|0|0|0|0|0|1|1|0|0|1|1|0|0|NA|NA|NA|NA|NA|0|0|0|0|NA|0
"470090106001"|0|1|0|0|0|0|0|1|1|1|0|0|0|1|0|34070|34070|NA|NA|11424|188|73|154|9430740|61238.5714285714|0
"470090106003"|0|1|0|0|0|0|0|1|1|1|0|0|0|1|0|34070|34070|NA|NA|11424|188|73|154|9430740|61238.5714285714|0
"470110101002"|0|1|0|0|0|0|0|1|1|1|1|0|0|1|0|3936|16224|NA|NA|NA|110|44|146|7667186|52514.9726027397|0
"470110101003"|0|2|0|0|0|0|0|2|2|1|1|1|1|1|0|NA|NA|NA|NA|NA|110|44|146|7667186|NA|0
"470110101004"|0|1|0|0|0|0|0|1|1|0|0|1|1|0|0|NA|NA|NA|NA|NA|0|0|0|0|NA|0
"470110104001"|0|1|1|0|0|0|0|1|1|1|0|0|1|0|0|2400|2400|11472|11472|NA|28|10|16|938784|58674|0
"470110105001"|0|1|1|0|0|0|0|1|1|1|0|0|0|1|0|17040|17040|12780|12780|8300|405|154|378|25553110|67600.8201058201|0
"470110105002"|0|1|1|0|0|0|0|1|1|1|0|0|0|1|0|17040|17040|12780|12780|8300|405|154|378|25553110|67600.8201058201|0
"470110106001"|0|1|1|0|0|0|0|1|1|1|0|0|0|1|0|17040|17040|12780|12780|8300|405|154|378|25553110|67600.8201058201|0
"470110112024"|0|1|0|0|0|0|0|1|1|1|1|0|0|1|0|3936|16224|NA|NA|NA|110|44|146|7667186|52514.9726027397|0
"470110114011"|0|1|0|0|0|0|0|1|1|1|1|0|0|1|0|3936|16224|NA|NA|NA|110|44|146|7667186|52514.9726027397|0
"470139504003"|0|1|0|0|0|0|0|1|1|0|0|1|1|0|0|NA|NA|NA|NA|NA|0|0|0|0|NA|0
"470179622021"|0|1|0|0|0|0|0|1|1|0|0|1|1|0|0|NA|NA|NA|NA|NA|0|0|0|0|NA|0
"470179622023"|0|1|1|0|0|0|0|1|1|1|0|0|0|1|0|9805|9805|10609|10609|9198|305|159|366|14302088|39076.7431693989|0
"470190709001"|0|1|1|0|0|0|0|1|1|1|0|0|0|1|0|32500|32500|6220|6220|7100|128|53|188|11041728|58732.5957446809|0
"470190712001"|0|1|0|0|0|0|0|1|1|0|0|1|1|0|0|NA|NA|NA|NA|NA|0|0|0|0|NA|0
"470190713001"|0|1|0|0|0|0|0|1|1|0|0|1|1|0|0|NA|NA|NA|NA|NA|0|0|0|0|NA|0
"470239702003"|0|1|1|0|0|0|0|1|1|1|0|0|0|1|0|21950|21950|10620|10620|7950|198|57|192|12248360|63793.5416666667|0
"470239703002"|0|1|1|0|0|0|0|1|1|1|0|0|0|1|0|21950|21950|10620|10620|7950|198|57|192|12248360|63793.5416666667|0
"470259703001"|0|1|1|0|0|1|0|1|1|1|0|0|0|1|0|21480|21480|17207|17207|8000|392|126|222|15271486|68790.4774774775|0
"470259709002"|0|1|0|0|0|0|0|1|1|0|0|1|1|0|0|NA|NA|NA|NA|NA|0|0|0|0|NA|0
"470259709003"|0|1|0|0|0|0|0|1|1|0|0|1|1|0|0|NA|NA|NA|NA|NA|0|0|0|0|NA|0
"470319704002"|0|1|0|0|0|0|0|1|1|0|0|1|1|0|0|NA|NA|NA|NA|NA|0|0|0|0|NA|0
"470359705023"|0|1|0|0|0|0|0|1|1|0|0|1|1|0|0|NA|NA|NA|NA|NA|0|0|0|0|NA|0
"470370103031"|0|1|0|0|0|0|0|1|1|0|0|1|1|0|0|NA|NA|NA|NA|NA|0|0|0|0|NA|0
"470370103032"|0|1|0|0|0|0|0|1|1|0|0|1|1|0|0|NA|NA|NA|NA|NA|0|0|0|0|NA|0
"470370104012"|0|2|0|0|0|0|0|2|1|0|0|1|1|0|0|NA|NA|NA|NA|NA|0|0|0|0|NA|0
"470370106021"|0|0|1|0|0|0|0|1|1|1|0|0|1|0|0|NA|NA|59788|59788|NA|19|9|52|3240034|62308.3461538462|0
"470370107014"|0|1|0|0|0|0|0|1|1|0|0|1|1|0|0|NA|NA|NA|NA|NA|0|0|0|0|NA|0
"470370108021"|0|1|0|0|0|0|0|1|1|1|0|0|1|0|0|17700|17700|NA|NA|NA|25|10|6|360000|60000|0
"470370108023"|0|1|0|0|0|0|0|1|1|0|0|1|1|0|0|NA|NA|NA|NA|NA|0|0|0|0|NA|0
"470370117005"|0|1|0|0|0|0|0|1|1|1|1|0|0|1|0|NA|NA|NA|NA|NA|93|22|116|8584186|74001.6034482759|0
"470370127021"|0|1|0|1|0|0|0|1|1|1|0|0|1|0|0|8760|8760|NA|NA|8640|20|5|8|414000|51750|0
"470370128021"|0|1|0|0|0|0|0|1|1|1|1|0|1|0|0|NA|NA|NA|NA|NA|9|3|14|1150000|82142.8571428571|0
"470370128022"|0|1|0|0|0|0|0|1|1|1|1|0|1|0|0|NA|NA|NA|NA|NA|9|3|14|1150000|82142.8571428571|0
"470370128024"|0|1|0|0|0|0|0|1|1|1|1|0|1|0|0|NA|NA|NA|NA|NA|9|3|14|1150000|82142.8571428571|0
"470370136021"|0|1|1|1|0|0|0|1|1|1|0|0|0|1|0|7684|20404|9968|21608|7806|996|525|688|48340316|70262.0872093023|0
"470370137001"|0|1|1|0|0|0|0|1|1|1|0|0|1|0|0|22500|22500|22500|22500|10500|30|10|26|1418218|54546.8461538462|0
"470370137004"|0|1|1|0|0|0|0|1|1|1|0|0|1|0|0|22500|22500|22500|22500|10500|30|10|26|1418218|54546.8461538462|0
"470370139001"|0|1|1|0|0|0|0|1|1|1|0|0|1|0|0|22500|22500|22500|22500|10500|30|10|26|1418218|54546.8461538462|0
"470370142002"|0|1|2|2|1|1|0|2|2|2|0|0|2|0|0|NA|NA|42519|42519|NA|166|49|118|6544850|NA|0
"470370151004"|0|2|1|0|0|0|0|2|2|2|0|0|2|0|0|24552|24552|NA|NA|NA|34|23|6|255238|NA|0
"470370153001"|0|1|0|0|0|0|0|1|1|0|0|1|1|0|0|NA|NA|NA|NA|NA|0|0|0|0|NA|0
"470370153002"|0|1|0|0|0|0|0|1|1|0|0|1|1|0|0|NA|NA|NA|NA|NA|0|0|0|0|NA|0
"470370153003"|0|1|0|0|0|0|0|1|1|0|0|1|1|0|0|NA|NA|NA|NA|NA|0|0|0|0|NA|0
"470370153004"|0|1|0|0|0|0|0|1|1|0|0|1|1|0|0|NA|NA|NA|NA|NA|0|0|0|0|NA|0
"470370155011"|0|1|0|0|0|0|0|1|1|0|0|1|1|0|0|NA|NA|NA|NA|NA|0|0|0|0|NA|0
"470370155022"|0|2|1|0|0|0|0|2|2|2|0|0|2|0|0|30840|30840|NA|NA|NA|0|0|0|0|NA|0
"470370155023"|0|1|0|0|0|0|0|1|1|1|1|0|1|0|0|14906|14906|NA|NA|NA|40|14|32|1594030|49813.4375|0
"470370156131"|0|2|1|0|0|0|0|2|2|2|1|0|2|0|0|30286|30286|NA|NA|NA|25|6|32|2308604|158265.285714286|0
"470370157001"|0|2|1|0|0|0|0|2|2|2|1|0|2|0|0|30286|30286|NA|NA|NA|25|6|32|2308604|158265.285714286|0
"470370159001"|0|2|1|0|0|0|0|2|2|1|0|1|1|1|0|NA|NA|NA|NA|NA|245|107|198|12969356|NA|0
"470370163001"|0|1|0|0|0|0|0|1|1|1|0|0|1|0|0|30336|30336|NA|NA|NA|11|2|8|5e+05|62500|0
"470370164002"|0|1|1|0|0|0|0|1|1|1|0|0|0|1|0|32720|32720|21870|21870|12120|574|179|714|74169620|103879.019607843|0
"470370165002"|0|1|1|0|0|1|0|1|1|1|0|0|0|0|1|48600|48600|47208|47208|16234|3886|898|2388|315572274|132149.193467337|0
"470370165003"|0|1|1|0|0|1|0|1|1|1|0|0|0|0|1|48600|48600|47208|47208|16234|3886|898|2388|315572274|132149.193467337|0
"470370165004"|0|1|1|0|0|1|0|1|1|1|0|0|0|0|1|48600|48600|47208|47208|16234|3886|898|2388|315572274|132149.193467337|0
"470370177021"|0|1|1|0|0|0|0|1|1|1|0|0|0|1|0|29676|29676|17766|17766|12652|634|208|462|38748526|83871.2683982684|0
"470370177023"|0|1|1|0|0|0|0|1|1|1|0|0|0|1|0|29676|29676|17766|17766|12652|634|208|462|38748526|83871.2683982684|0
"470370181022"|0|2|0|0|0|0|0|2|2|1|1|1|1|1|0|NA|NA|NA|NA|NA|226|148|292|15460748|NA|0
"470370191121"|0|1|0|0|0|0|0|1|1|1|1|0|1|0|0|15732|15732|NA|NA|NA|24|10|10|452024|45202.4|0
"470370195002"|0|1|0|0|0|0|0|1|1|1|1|0|1|0|0|10418|10418|NA|NA|8000|5|3|6|378884|63147.3333333333|0
"470430606021"|0|1|0|0|0|0|0|1|1|0|0|1|1|0|0|NA|NA|NA|NA|NA|0|0|0|0|NA|0
"470430606022"|0|1|0|0|0|0|0|1|1|0|0|1|1|0|0|NA|NA|NA|NA|NA|0|0|0|0|NA|0
"470430606024"|0|1|0|0|0|0|0|1|1|0|0|1|1|0|0|NA|NA|NA|NA|NA|0|0|0|0|NA|0
"470459640002"|0|1|0|0|0|0|0|1|1|0|0|1|1|0|0|NA|NA|NA|NA|NA|0|0|0|0|NA|0
"470459640003"|0|1|0|0|0|0|0|1|1|0|0|1|1|0|0|NA|NA|NA|NA|NA|0|0|0|0|NA|0
"470459642001"|0|1|0|0|0|0|0|1|1|1|1|0|0|1|0|3936|16224|NA|NA|NA|133|81|110|6329078|57537.0727272727|0
"470459649002"|0|1|0|0|0|0|0|1|1|1|1|0|0|1|0|3936|16224|NA|NA|NA|133|81|110|6329078|57537.0727272727|0
"470519607003"|0|1|1|0|0|0|0|1|1|1|0|0|0|1|0|42706|42706|17568|17568|12880|519|181|352|30199906|85795.1875|0
"470539665003"|0|1|0|0|0|0|0|1|1|0|0|1|1|0|0|NA|NA|NA|NA|NA|0|0|0|0|NA|0
"470559202003"|0|1|1|0|0|0|0|1|1|1|0|0|1|0|0|22746|22746|8910|8910|8400|71|30|96|5113094|53261.3958333333|0
"470559204001"|0|1|0|0|0|0|0|1|1|0|0|1|1|0|0|NA|NA|NA|NA|NA|0|0|0|0|NA|0
"470590902001"|0|1|1|0|0|0|0|1|1|1|0|0|0|1|0|24860|24860|6660|6660|9190|229|101|140|7109070|50779.0714285714|0
"470631002003"|0|1|0|0|0|0|0|1|1|1|1|0|0|1|0|3936|16512|NA|NA|NA|240|98|332|19134350|57633.5843373494|0
"470631003001"|0|1|0|0|0|0|0|1|1|0|0|1|1|0|0|NA|NA|NA|NA|NA|0|0|0|0|NA|0
"470650011001"|0|0|1|0|0|0|0|1|1|1|0|0|1|0|0|NA|NA|18630|18630|NA|46|19|30|1969144|65638.1333333333|0
"470650030002"|0|1|0|0|0|0|0|1|1|1|1|0|1|0|0|NA|NA|NA|NA|NA|0|0|0|0|NA|0
"470650104321"|0|1|0|0|0|0|0|1|1|1|1|0|1|0|0|10665|10665|NA|NA|NA|17|2|30|1330000|44333.3333333333|0
"470650112031"|0|1|1|0|0|0|0|1|1|1|0|0|0|1|0|21100|21100|11430|11430|7740|318|127|280|16068228|57386.5285714286|0
"470650112032"|0|1|1|0|0|0|0|1|1|1|0|0|0|1|0|21100|21100|11430|11430|7740|318|127|280|16068228|57386.5285714286|0
"470650112033"|0|1|1|0|0|0|0|1|1|1|0|0|0|1|0|21100|21100|11430|11430|7740|318|127|280|16068228|57386.5285714286|0
"470650114111"|0|1|0|0|0|0|0|1|1|1|1|0|0|1|0|3936|16224|NA|NA|NA|382|160|472|26770760|56717.7118644068|0
"470650114452"|0|1|0|0|0|0|0|1|1|1|1|0|1|0|0|NA|NA|NA|NA|NA|20|5|36|1525458|42373.8333333333|0
"470650124002"|0|1|1|0|0|0|0|1|1|1|0|0|0|0|1|6888|23006|8244|16308|9500|821|293|956|76097768|79600.1757322176|0
"470699502002"|0|1|0|0|0|0|0|1|1|0|0|1|1|0|0|NA|NA|NA|NA|NA|0|0|0|0|NA|0
"470719202004"|0|1|0|0|0|0|0|1|1|0|0|1|1|0|0|NA|NA|NA|NA|NA|0|0|0|0|NA|0
"470779753001"|0|1|0|0|0|0|0|1|1|0|0|1|1|0|0|NA|NA|NA|NA|NA|0|0|0|0|NA|0
"470779753002"|0|1|0|0|0|0|0|1|1|0|0|1|1|0|0|NA|NA|NA|NA|NA|0|0|0|0|NA|0
"470779753004"|0|1|0|0|0|0|0|1|1|0|0|1|1|0|0|NA|NA|NA|NA|NA|0|0|0|0|NA|0
"470799695004"|0|1|0|0|0|0|0|1|1|0|0|1|1|0|0|NA|NA|NA|NA|NA|0|0|0|0|NA|0
"470890703003"|0|1|1|0|0|0|0|1|1|1|0|0|0|1|0|26700|26700|8780|8780|8810|214|109|242|13706534|56638.5702479339|0
"470930009011"|0|2|2|0|0|1|0|2|2|1|0|0|0|0|1|NA|NA|NA|NA|NA|5715|1361|3190|337997186|NA|0
"470930026002"|0|1|0|0|0|0|0|1|1|0|0|1|1|0|0|NA|NA|NA|NA|NA|0|0|0|0|NA|0
"470930038013"|0|1|1|0|0|0|0|1|1|1|0|0|0|1|0|16200|16200|25850|25850|NA|216|121|342|30930734|90440.7426900585|0
"470930038022"|0|1|0|0|0|0|0|1|1|0|0|1|1|0|0|NA|NA|NA|NA|NA|0|0|0|0|NA|0
"470930041002"|0|1|0|0|0|0|0|1|1|1|1|0|1|0|0|NA|NA|NA|NA|NA|0|0|0|0|NA|0
"470930042002"|0|1|0|0|0|0|0|1|1|1|0|0|1|0|0|14550|14550|NA|NA|NA|0|0|0|0|NA|0
"470930044031"|0|1|0|0|0|0|0|1|1|0|0|1|1|0|0|NA|NA|NA|NA|NA|0|0|0|0|NA|0
"470930055021"|0|1|1|0|0|0|0|1|1|1|0|0|0|1|0|14880|14880|9630|9630|7202|126|39|78|5058540|64853.0769230769|0
"470930055023"|0|1|1|0|0|0|0|1|1|1|0|0|0|1|0|14880|14880|9630|9630|7202|126|39|78|5058540|64853.0769230769|0
"470930057061"|0|1|0|0|0|0|0|1|1|0|0|1|1|0|0|NA|NA|NA|NA|NA|0|0|0|0|NA|0
"470930059071"|0|1|0|0|0|0|0|1|1|1|1|0|0|0|1|3936|16224|NA|NA|NA|280|172|466|27919240|59912.5321888412|0
"470930062071"|0|1|1|0|0|0|0|1|1|1|0|0|1|0|0|6360|6360|7200|7200|NA|6|0|6|125338|20889.6666666667|0
"470930070002"|0|1|1|0|0|0|0|1|1|1|0|0|0|0|0|NA|NA|NA|NA|NA|0|0|0|0|NA|0
"470970505041"|0|1|0|0|0|0|0|1|1|0|0|1|1|0|0|NA|NA|NA|NA|NA|0|0|0|0|NA|0
"470999605023"|0|1|0|0|0|0|0|1|1|0|0|1|1|0|0|NA|NA|NA|NA|NA|0|0|0|0|NA|0
"471019702002"|0|1|0|0|0|0|0|1|1|0|0|1|1|0|0|NA|NA|NA|NA|NA|0|0|0|0|NA|0
"471039753003"|0|1|0|0|0|0|0|1|1|0|0|1|1|0|0|NA|NA|NA|NA|NA|0|0|0|0|NA|0
"471079702002"|0|1|0|0|0|0|0|1|1|0|0|1|1|0|0|NA|NA|NA|NA|NA|0|0|0|0|NA|0
"471079702005"|0|1|0|0|0|0|0|1|1|0|0|1|1|0|0|NA|NA|NA|NA|NA|0|0|0|0|NA|0
"471079703003"|0|1|1|0|0|0|0|1|1|1|0|0|0|1|0|23300|23300|4500|4500|7880|72|43|126|6300206|50001.6349206349|0
"471130002002"|0|1|0|0|0|0|0|1|1|0|0|1|1|0|0|NA|NA|NA|NA|NA|0|0|0|0|NA|0
"471130003001"|0|1|0|0|0|0|0|1|1|0|0|1|1|0|0|NA|NA|NA|NA|NA|0|0|0|0|NA|0
"471130003005"|0|1|0|0|0|0|0|1|1|0|0|1|1|0|0|NA|NA|NA|NA|NA|0|0|0|0|NA|0
"471130005001"|0|1|0|1|0|0|0|1|1|1|0|0|0|1|0|9000|9000|NA|NA|7350|181|70|138|7320278|53045.4927536232|0
"471130005003"|0|1|0|0|0|0|0|1|1|1|1|0|0|1|0|3936|12288|NA|NA|NA|143|89|190|11288290|59412.0526315789|0
"471130014012"|0|1|0|0|0|0|0|1|1|0|0|1|1|0|0|NA|NA|NA|NA|NA|0|0|0|0|NA|0
"471130016051"|0|1|1|0|0|0|0|1|1|1|0|0|0|1|0|31550|31550|8200|8200|10590|224|72|452|36046038|79747.8716814159|0
"471130016101"|0|1|1|0|0|0|0|1|1|1|0|0|0|1|0|31550|31550|8200|8200|10590|224|72|452|36046038|79747.8716814159|0
"471190108012"|0|1|0|0|0|0|0|1|1|0|0|1|1|0|0|NA|NA|NA|NA|NA|0|0|0|0|NA|0
"471190108022"|0|1|0|0|0|0|0|1|1|1|1|0|0|1|0|3936|16224|NA|NA|NA|149|60|226|11750480|51993.2743362832|0
"471239254001"|0|1|0|0|0|0|0|1|1|1|0|0|1|0|0|18484|18484|NA|NA|7987|46|15|30|961334|32044.4666666667|0
"471251002001"|0|1|0|0|0|0|0|1|1|0|0|1|1|0|0|NA|NA|NA|NA|NA|0|0|0|0|NA|0
"471251002002"|0|1|0|0|0|0|0|1|1|0|0|1|1|0|0|NA|NA|NA|NA|NA|0|0|0|0|NA|0
"471251008001"|0|1|1|0|0|0|0|1|1|1|0|0|0|0|1|6576|21816|7920|20502|10699|627|391|742|53726402|72407.5498652291|0
"471251011011"|0|1|0|0|0|0|0|1|1|0|0|1|1|0|0|NA|NA|NA|NA|NA|0|0|0|0|NA|0
"471251013041"|0|1|0|0|0|0|0|1|1|1|1|0|1|0|0|NA|NA|NA|NA|NA|8|0|8|318240|39780|0
"471251020011"|0|1|0|0|0|0|0|1|0|0|0|0|0|0|0|NA|NA|NA|NA|NA|0|0|0|0|NA|0
"471251020053"|0|1|0|0|0|0|0|1|1|1|0|0|1|0|0|15000|15000|NA|NA|NA|49|3|40|1677836|41945.9|0
"471279302001"|0|1|0|0|0|0|0|1|1|1|1|0|0|1|0|3936|16224|NA|NA|NA|160|97|198|9942078|50212.5151515152|0
"471339503013"|0|1|0|0|0|0|0|1|1|0|0|1|0|1|0|NA|NA|NA|NA|NA|0|0|0|0|NA|0
"471410004001"|0|1|0|0|0|0|0|1|1|0|0|1|1|0|0|NA|NA|NA|NA|NA|0|0|0|0|NA|0
"471410006001"|0|1|0|0|0|0|0|1|1|1|1|0|1|0|0|15101|15101|NA|NA|NA|10|1|26|1346874|51802.8461538462|0
"471410007001"|0|1|0|0|0|0|0|1|1|0|0|1|1|0|0|NA|NA|NA|NA|NA|0|0|0|0|NA|0
"471410008001"|0|1|1|0|0|0|0|1|1|1|0|0|0|0|1|7488|23352|10040|24560|8800|757|303|856|63137128|73758.3271028037|0
"471439753003"|0|0|1|0|0|0|0|1|1|1|0|0|1|0|0|NA|NA|5250|5250|NA|6|2|4|67200|16800|0
"471439754012"|0|1|1|0|0|0|0|1|1|1|0|0|0|1|0|26800|26800|9000|9000|7500|112|25|82|4425252|53966.4878048781|0
"471439754013"|0|0|1|0|0|0|0|1|1|1|0|0|1|0|0|NA|NA|5250|5250|NA|6|2|4|67200|16800|0
"471439754014"|0|0|1|0|0|0|0|1|1|1|0|0|1|0|0|NA|NA|5250|5250|NA|6|2|4|67200|16800|0
"471450305001"|0|1|0|0|0|0|0|1|1|1|1|0|0|1|0|4140|17046|NA|NA|NA|164|48|228|13194178|57869.201754386|0
"471450305002"|0|1|0|0|0|0|0|1|1|1|1|0|0|1|0|4140|17046|NA|NA|NA|164|48|228|13194178|57869.201754386|0
"471450308003"|0|1|0|0|0|0|0|1|1|0|0|1|1|0|0|NA|NA|NA|NA|NA|0|0|0|0|NA|0
"471490409011"|0|1|0|0|0|0|0|1|1|0|0|1|1|0|0|NA|NA|NA|NA|NA|0|0|0|0|NA|0
"471490414031"|0|1|1|0|0|0|0|1|1|1|0|0|0|0|1|7032|25272|8496|23508|8698|1321|632|1848|140328390|75935.275974026|0
"471490415001"|0|1|1|0|0|0|0|1|1|1|0|0|0|0|1|7032|25272|8496|23508|8698|1321|632|1848|140328390|75935.275974026|0
"471490418001"|0|1|0|0|0|0|0|1|1|0|0|1|1|0|0|NA|NA|NA|NA|NA|0|0|0|0|NA|0
"471490418003"|0|2|0|0|0|0|0|2|2|1|0|1|2|0|0|NA|NA|NA|NA|NA|14|1|4|157960|NA|0
"471490420002"|0|2|0|0|0|0|0|2|2|1|0|1|2|0|0|NA|NA|NA|NA|NA|14|1|4|157960|NA|0
"471519752003"|0|1|0|0|0|0|0|1|1|0|0|1|1|0|0|NA|NA|NA|NA|NA|0|0|0|0|NA|0
"471519752004"|0|1|0|0|0|0|0|1|1|0|0|1|1|0|0|NA|NA|NA|NA|NA|0|0|0|0|NA|0
"471570016001"|0|2|2|0|0|0|0|2|2|2|0|0|1|1|0|79980|79980|81540|81540|NA|367|97|398|30022578|130456.984169884|0
"471570016003"|0|2|2|0|0|0|0|2|2|2|0|0|1|1|0|79980|79980|81540|81540|NA|367|97|398|30022578|130456.984169884|0
"471570020001"|0|1|0|0|0|0|0|1|1|0|0|1|1|0|0|NA|NA|NA|NA|NA|0|0|0|0|NA|0
"471570020002"|0|1|0|0|0|0|0|1|1|0|0|1|1|0|0|NA|NA|NA|NA|NA|0|0|0|0|NA|0
"471570025001"|0|1|0|0|0|0|0|1|1|0|0|1|1|0|0|NA|NA|NA|NA|NA|0|0|0|0|NA|0
"471570025002"|0|1|0|0|0|0|0|1|1|1|1|0|1|0|0|8678|8678|NA|NA|NA|13|0|22|1074498|48840.8181818182|0
"471570030003"|0|1|0|0|0|0|0|1|1|0|0|1|1|0|0|NA|NA|NA|NA|NA|0|0|0|0|NA|0
"471570031001"|0|1|1|0|0|0|0|1|1|1|0|0|0|1|0|31900|31900|12900|12900|9016|165|43|210|13979588|66569.4666666667|0
"471570031002"|0|0|1|0|0|0|0|1|1|1|0|0|1|0|0|NA|NA|14820|14820|NA|12|3|30|1633340|54444.6666666667|0
"471570032001"|0|1|0|0|0|0|0|1|1|0|0|1|1|0|0|NA|NA|NA|NA|NA|0|0|0|0|NA|0
"471570036002"|0|0|1|0|0|0|0|1|1|1|0|0|1|0|0|NA|NA|NA|NA|NA|128|58|108|12640914|117045.5|0
"471570038001"|0|2|2|0|0|1|0|2|2|2|0|0|0|2|0|19950|38978|NA|NA|NA|1146|268|754|90913762|209422.255968041|0
"471570039001"|0|1|1|0|0|0|0|1|1|1|0|0|1|0|0|19500|19500|11700|11700|6000|13|0|14|723810|51700.7142857143|0
"471570073003"|0|1|1|0|0|0|0|1|1|1|0|0|0|0|1|7680|19392|9054|17838|9975|1711|334|1814|150196618|82798.5766262403|0
"471570074001"|0|1|0|0|0|0|0|1|1|0|0|1|1|0|0|NA|NA|NA|NA|NA|0|0|0|0|NA|0
"471570085002"|0|1|0|0|0|0|0|1|1|0|0|1|1|0|0|NA|NA|NA|NA|NA|0|0|0|0|NA|0
"471570096003"|0|1|0|0|0|0|0|1|1|1|1|0|0|1|0|NA|NA|NA|NA|NA|80|25|58|3042428|52455.6551724138|0
"471570106104"|0|1|0|0|0|0|0|1|1|1|0|0|1|0|0|6276|6276|NA|NA|4031|13|7|8|331664|41458|0
"471570107101"|0|1|1|0|0|0|0|1|1|1|0|0|0|1|0|13185|13185|14790|14790|NA|34|0|16|1053720|65857.5|0
"471570113001"|0|1|0|0|0|0|0|1|1|0|0|1|1|0|0|NA|NA|NA|NA|NA|0|0|0|0|NA|0
"471570114001"|0|1|1|0|0|0|0|1|1|1|0|0|1|0|0|19500|19500|11700|11700|6000|13|0|14|723810|51700.7142857143|0
"471570114002"|0|1|1|0|0|0|0|1|1|1|0|0|1|0|0|19500|19500|11700|11700|6000|13|0|14|723810|51700.7142857143|0
"471570114003"|0|2|1|0|0|0|0|2|2|2|1|0|1|1|0|23436|35724|NA|NA|NA|373|113|410|21048378|103025.380952381|0
"471570116002"|0|1|0|1|0|0|0|1|1|1|0|0|1|0|0|10776|10776|NA|NA|6100|82|23|78|3327078|42654.8461538462|0
"471570205413"|0|1|0|0|0|0|0|1|1|0|0|1|1|0|0|NA|NA|NA|NA|NA|0|0|0|0|NA|0
"471570206321"|0|1|0|0|0|0|0|1|1|0|0|1|1|0|0|NA|NA|NA|NA|NA|0|0|0|0|NA|0
"471570211123"|0|1|0|0|0|0|0|1|1|0|0|1|1|0|0|NA|NA|NA|NA|NA|0|0|0|0|NA|0
"471570211125"|0|1|0|0|0|0|0|1|1|1|1|0|1|0|0|12259|12259|NA|NA|NA|0|0|0|0|NA|0
"471570211212"|0|1|0|0|0|0|0|1|1|1|1|0|1|0|0|12259|12259|NA|NA|NA|0|0|0|0|NA|0
"471570211261"|0|1|0|0|0|0|0|1|1|1|1|0|1|0|0|12760|12760|NA|NA|NA|0|0|0|0|NA|0
"471570213203"|0|1|0|0|0|0|0|1|1|0|0|1|1|0|0|NA|NA|NA|NA|NA|0|0|0|0|NA|0
"471570217442"|0|1|0|0|0|0|0|1|1|0|0|1|1|0|0|NA|NA|NA|NA|NA|0|0|0|0|NA|0
"471570225001"|0|2|0|0|0|0|0|2|2|2|1|0|2|0|0|27510|27510|NA|NA|NA|28|4|54|2445080|NA|0
"471579801001"|0|2|0|0|0|0|0|2|2|2|1|0|2|0|0|27510|27510|NA|NA|NA|28|4|54|2445080|NA|0
"471630428022"|0|1|1|0|0|0|0|1|1|1|0|0|0|1|0|28104|28104|19500|19500|8762|161|62|162|9641500|59515.4320987654|0
"471630435002"|0|1|0|0|0|0|0|1|1|1|1|0|0|1|0|3936|16224|NA|NA|NA|224|127|248|14064628|56712.2096774194|0
"471650205011"|0|2|1|0|0|0|0|2|2|2|1|0|1|1|0|23241|35529|NA|NA|NA|311|187|400|22765296|94935.3342391304|0
"471650210071"|0|2|1|0|0|0|0|2|2|2|1|0|1|1|0|23241|35529|NA|NA|NA|311|187|400|22765296|94935.3342391304|0
"471650212052"|0|1|0|0|0|0|0|1|1|0|0|1|1|0|0|NA|NA|NA|NA|NA|0|0|0|0|NA|0
"471670406022"|0|1|0|0|0|0|0|1|1|0|0|1|1|0|0|NA|NA|NA|NA|NA|0|0|0|0|NA|0
"471670407005"|0|1|0|0|0|0|0|1|1|0|0|1|1|0|0|NA|NA|NA|NA|NA|0|0|0|0|NA|0
"471690901002"|0|1|0|0|0|0|0|1|1|0|0|1|1|0|0|NA|NA|NA|NA|NA|0|0|0|0|NA|0
"471690902002"|0|1|0|0|0|0|0|1|1|0|0|1|1|0|0|NA|NA|NA|NA|NA|0|0|0|0|NA|0
"471779302001"|0|1|0|0|0|0|0|1|1|0|0|1|1|0|0|NA|NA|NA|NA|NA|0|0|0|0|NA|0
"471779305003"|0|1|0|0|0|0|0|1|1|0|0|1|1|0|0|NA|NA|NA|NA|NA|0|0|0|0|NA|0
"471790601001"|0|1|0|0|0|0|0|1|1|0|0|1|1|0|0|NA|NA|NA|NA|NA|0|0|0|0|NA|0
"471790605021"|0|1|1|0|0|1|0|1|1|1|0|0|0|0|1|7080|25344|8460|23598|8472|1188|431|1202|85456478|71095.2396006656|0
"471790607001"|0|1|1|0|0|1|0|1|1|1|0|0|0|0|1|7080|25344|8460|23598|8472|1188|431|1202|85456478|71095.2396006656|0
"471790613004"|0|1|0|0|0|0|0|1|1|0|0|1|1|0|0|NA|NA|NA|NA|NA|0|0|0|0|NA|0
"471839682021"|0|1|1|0|0|0|0|1|1|1|0|0|0|1|0|8052|14092|8918|14985|6164|511|162|570|38551374|67633.9894736842|0
"471870503061"|0|1|0|0|0|0|0|1|1|0|0|1|1|0|0|NA|NA|NA|NA|NA|0|0|0|0|NA|0
"471870503071"|0|1|1|0|0|0|0|1|1|1|0|0|1|0|0|12825|12825|25450|25450|NA|6|2|2|12000|6000|0
"471870506012"|0|1|0|0|0|0|0|1|1|0|0|1|1|0|0|NA|NA|NA|NA|NA|0|0|0|0|NA|0
"471870509041"|0|1|1|0|0|0|0|1|1|1|0|0|1|0|0|12825|12825|25450|25450|NA|6|2|2|12000|6000|0
"471890303053"|0|1|0|0|0|0|0|1|1|0|0|1|1|0|0|NA|NA|NA|NA|NA|0|0|0|0|NA|0
"471890304011"|0|1|0|0|0|0|0|1|1|0|0|1|1|0|0|NA|NA|NA|NA|NA|0|0|0|0|NA|0
"471890306003"|0|1|1|0|0|0|0|1|1|1|0|0|0|1|0|21840|21840|6180|6180|7650|104|43|160|8599252|53745.325|0
"480050008004"|0|1|0|0|0|0|0|1|1|0|0|1|1|0|0|NA|NA|NA|NA|NA|0|0|0|0|NA|0
"480050009022"|0|1|0|0|0|0|0|1|1|1|1|0|0|1|0|3300|4650|NA|NA|5600|137|49|224|12635190|56407.0982142857|0
"480259503001"|0|1|0|0|0|0|0|1|1|1|1|0|0|1|0|3960|4410|NA|NA|5100|138|33|108|5332962|49379.2777777778|0
"480259503002"|0|1|0|0|0|0|0|1|1|1|1|0|0|1|0|3960|4410|NA|NA|5100|138|33|108|5332962|49379.2777777778|0
"480259503003"|0|1|0|0|0|0|0|1|1|1|1|0|0|1|0|3960|4410|NA|NA|5100|138|33|108|5332962|49379.2777777778|0
"480270210001"|0|1|0|0|0|0|0|1|1|1|1|0|0|1|0|1848|2832|NA|NA|NA|157|66|258|14713566|57029.3255813954|0
"480270210004"|0|1|0|0|0|0|0|1|1|1|1|0|0|1|0|1848|2832|NA|NA|NA|157|66|258|14713566|57029.3255813954|0
"480270211004"|0|1|0|0|0|0|0|1|1|0|0|1|1|0|0|NA|NA|NA|NA|NA|0|0|0|0|NA|0
"480270216021"|0|1|1|0|0|0|0|1|1|1|0|0|0|1|0|24640|24640|16200|16200|8446|322|94|328|23978022|73103.7256097561|0
"480270222002"|0|1|0|0|0|0|0|1|1|0|0|1|1|0|0|NA|NA|NA|NA|NA|0|0|0|0|NA|0
"480270231031"|0|1|0|0|0|0|0|1|1|1|0|0|0|0|0|15000|15000|NA|NA|NA|0|0|0|0|NA|0
"480270231051"|0|1|1|0|0|0|0|1|1|1|0|0|0|1|0|4782|14742|4264|11734|NA|153|64|180|13336306|74090.5888888889|0
"480270233002"|0|1|1|0|0|0|0|1|1|1|0|0|0|1|0|4782|14742|4264|11734|NA|153|64|180|13336306|74090.5888888889|0
"480279800011"|0|1|1|0|0|0|0|1|1|1|0|0|0|1|0|4782|14742|4264|11734|NA|153|64|180|13336306|74090.5888888889|0
"480291108002"|0|1|0|0|0|0|0|1|1|1|1|0|0|0|1|6060|13590|NA|NA|NA|367|95|576|35334146|61344.0034722222|0
"480291201001"|0|1|1|0|0|1|0|1|1|1|0|0|0|1|0|29000|29000|16920|16920|12716|670|263|640|56019240|87530.0625|0
"480291203004"|0|1|1|0|0|1|0|1|1|1|0|0|0|1|0|29000|29000|16920|16920|12716|670|263|640|56019240|87530.0625|0
"480291211172"|0|1|0|0|0|0|0|1|1|0|0|1|1|0|0|NA|NA|NA|NA|NA|0|0|0|0|NA|0
"480291216052"|0|1|0|0|0|0|0|1|1|1|1|0|0|1|0|6060|13590|NA|NA|NA|120|22|142|8510930|59936.1267605634|0
"480291219052"|0|1|0|0|0|0|0|1|1|0|0|1|1|0|0|NA|NA|NA|NA|NA|0|0|0|0|NA|0
"480291305003"|0|1|0|1|0|0|0|1|1|1|1|0|0|0|1|6060|13590|NA|NA|NA|303|59|428|22347330|52213.3878504673|0
"480291509003"|0|2|0|0|0|0|0|2|2|0|0|2|2|0|0|NA|NA|NA|NA|NA|0|0|0|0|NA|0
"480291512001"|0|1|0|0|0|0|0|1|1|1|1|0|0|1|0|6060|13590|NA|NA|NA|208|45|262|13763068|52530.7938931298|0
"480291512002"|0|1|0|0|0|0|0|1|1|1|0|0|1|0|0|5520|5520|NA|NA|7670|18|4|16|717032|44814.5|0
"480291512005"|0|1|0|0|0|0|0|1|1|1|0|0|1|0|0|5520|5520|NA|NA|7670|18|4|16|717032|44814.5|0
"480291513011"|0|1|0|0|0|0|0|1|1|1|1|0|1|0|0|NA|NA|NA|NA|NA|12|3|12|562080|46840|0
"480291515001"|0|2|0|0|0|0|0|2|2|0|0|2|2|0|0|NA|NA|NA|NA|NA|0|0|0|0|NA|0
"480291515003"|0|1|0|0|0|0|0|1|1|0|0|1|1|0|0|NA|NA|NA|NA|NA|0|0|0|0|NA|0
"480291519002"|0|1|1|0|0|0|0|1|1|1|0|0|0|1|0|4703|17497|3683|11441|10420|275|114|388|27672856|71321.793814433|0
"480291520001"|0|1|1|0|0|0|0|1|1|1|0|0|0|1|0|4703|17497|3683|11441|10420|275|114|388|27672856|71321.793814433|0
"480291612001"|0|1|1|0|0|0|0|1|1|1|0|0|0|1|0|4703|17497|3683|11441|10420|275|114|388|27672856|71321.793814433|0
"480291612002"|0|1|1|0|0|0|0|1|1|1|0|0|0|1|0|4703|17497|3683|11441|10420|275|114|388|27672856|71321.793814433|0
"480291709002"|0|1|1|0|0|0|0|1|1|1|0|0|0|1|0|27912|27912|16326|16326|9928|315|155|204|14624680|71689.6078431373|0
"480291713021"|0|1|1|0|0|0|0|1|1|1|0|0|0|1|0|29710|29710|16830|16830|10270|443|144|446|42157056|94522.5470852018|0
"480291719181"|0|1|0|0|0|0|0|1|1|1|1|0|0|0|1|6060|13590|NA|NA|NA|225|38|392|21266246|54250.6275510204|0
"480291802011"|0|2|0|0|0|0|0|2|2|1|0|1|2|0|0|NA|NA|NA|NA|NA|1|1|2|104000|NA|0
"480291806031"|0|1|0|0|0|0|0|1|1|1|1|0|1|0|0|NA|NA|NA|NA|NA|17|2|48|2454458|51134.5416666667|0
"480291807011"|0|0|0|0|0|0|0|1|0|0|0|0|0|0|0|NA|NA|NA|NA|NA|0|0|0|0|NA|0
"480291807023"|0|2|0|0|0|0|0|2|2|1|1|1|2|0|0|NA|NA|NA|NA|NA|36|12|24|1447784|NA|0
"480291808001"|0|2|0|0|0|0|0|2|2|1|0|1|2|0|0|NA|NA|NA|NA|NA|1|1|2|104000|NA|0
"480291809011"|0|3|0|0|0|0|0|3|2|1|0|1|3|0|0|NA|NA|NA|NA|NA|1|1|2|104000|NA|0
"480291810032"|0|1|1|0|0|0|0|1|1|1|0|0|1|0|0|11070|11070|6728|6728|NA|31|3|72|5987088|83154|0
"480291810041"|0|1|0|0|0|0|0|1|1|0|0|1|1|0|0|NA|NA|NA|NA|NA|0|0|0|0|NA|0
"480291813022"|0|1|1|0|0|0|0|1|1|1|0|0|1|0|0|NA|NA|NA|NA|NA|72|15|76|4119054|54198.0789473684|0
"480291813032"|0|1|0|0|0|0|0|1|1|1|0|0|1|0|0|17568|17568|NA|NA|NA|18|10|12|730836|60903|0
"480291814021"|0|1|1|0|0|1|0|1|1|1|0|0|0|1|0|5704|17772|2995|11526|NA|1496|358|426|49262340|115639.295774648|0
"480291814022"|0|1|0|0|0|0|0|1|1|1|0|0|0|1|0|NA|NA|NA|NA|NA|63|9|100|6400436|64004.36|0
"480291816022"|0|1|0|0|0|0|0|1|1|0|0|1|1|0|0|NA|NA|NA|NA|NA|0|0|0|0|NA|0
"480291817031"|0|1|0|0|0|0|0|1|1|0|0|1|1|0|0|NA|NA|NA|NA|NA|0|0|0|0|NA|0
"480291817032"|0|1|0|0|0|0|0|1|1|0|0|1|1|0|0|NA|NA|NA|NA|NA|0|0|0|0|NA|0
"480291817053"|0|1|0|0|0|0|0|1|1|0|0|1|1|0|0|NA|NA|NA|NA|NA|0|0|0|0|NA|0
"480291817251"|0|3|0|0|0|0|0|3|3|1|1|2|3|0|0|NA|NA|NA|NA|NA|0|0|0|0|NA|0
"480291818111"|0|1|0|0|0|0|0|1|1|0|0|1|1|0|0|NA|NA|NA|NA|NA|0|0|0|0|NA|0
"480291818201"|0|1|1|0|0|0|0|1|1|1|0|0|0|0|1|5343|16832|5615|22448|11578|2508|789|1882|153492874|81558.3815090329|0
"480291902005"|0|1|0|0|0|0|0|1|1|0|0|1|1|0|0|NA|NA|NA|NA|NA|0|0|0|0|NA|0
"480291904002"|0|1|1|0|0|0|0|1|1|1|0|0|0|1|0|42360|42360|42360|42360|13464|540|198|510|49868038|97780.4666666667|0
"480291905012"|0|2|0|0|0|0|0|2|2|0|0|2|2|0|0|NA|NA|NA|NA|NA|0|0|0|0|NA|0
"480291909011"|0|1|0|0|0|0|0|1|1|0|0|1|1|0|0|NA|NA|NA|NA|NA|0|0|0|0|NA|0
"480291909012"|0|1|0|0|0|0|0|1|1|1|1|0|1|0|0|NA|NA|NA|NA|NA|0|0|0|0|NA|0
"480291909014"|0|0|1|0|0|0|0|1|1|1|0|0|1|0|0|NA|NA|12100|12100|NA|47|13|52|2944688|56628.6153846154|0
"480291920001"|0|1|1|0|0|1|0|1|1|1|0|0|0|1|0|29000|29000|16920|16920|12716|670|263|640|56019240|87530.0625|0
"480291921001"|0|1|0|0|0|0|0|1|1|0|0|0|0|0|0|NA|NA|NA|NA|NA|539|99|0|0|NA|0
"480370107002"|0|1|0|0|0|0|0|1|1|1|1|0|0|1|0|1344|1368|NA|NA|3962|122|35|184|10539464|57279.6956521739|0
"480370109011"|0|1|1|0|0|0|0|1|1|1|0|0|0|1|0|5551|17580|3999|12675|8733|155|68|172|13121092|76285.4186046512|0
"480370109023"|0|1|0|0|0|0|0|1|1|0|0|1|1|0|0|NA|NA|NA|NA|NA|0|0|0|0|NA|0
"480396616022"|0|1|0|0|0|0|0|1|1|1|1|0|0|1|0|2208|3360|NA|NA|NA|189|43|226|15236956|67420.1592920354|0
"480396636001"|0|1|0|0|0|0|0|1|1|1|0|0|0|1|0|2970|4590|NA|NA|NA|186|78|194|12339774|63607.0824742268|0
"480396638002"|0|1|0|0|0|0|0|1|1|0|0|1|1|0|0|NA|NA|NA|NA|NA|0|0|0|0|NA|0
"480410007004"|0|1|0|0|0|0|0|1|1|0|0|1|1|0|0|NA|NA|NA|NA|NA|0|0|0|0|NA|0
"480410011001"|0|1|0|0|0|0|0|1|1|0|0|1|1|0|0|NA|NA|NA|NA|NA|0|0|0|0|NA|0
"480410013012"|0|1|1|0|0|0|0|1|1|0|0|0|0|0|0|NA|NA|NA|NA|NA|265|67|0|0|NA|0
"480410014002"|0|1|1|0|0|1|0|1|1|1|0|0|0|0|1|7537|33270|6552|17904|10436|6254|1874|5628|647943372|115128.530916844|0
"480410020151"|0|1|1|0|0|1|0|1|1|1|0|0|0|0|1|7537|33270|6552|17904|10436|6254|1874|5628|647943372|115128.530916844|0
"480439503001"|0|1|1|0|0|0|0|1|1|1|0|0|0|1|0|4891|15252|2082|8943|8242|268|129|206|11770048|57136.1553398058|0
"480439503003"|0|1|1|0|0|0|0|1|1|1|0|0|0|1|0|4891|15252|2082|8943|8242|268|129|206|11770048|57136.1553398058|0
"480499507001"|0|1|1|0|0|0|0|1|1|1|0|0|0|1|0|25290|25290|9180|9180|8580|135|60|158|8268128|52329.9240506329|0
"480610107002"|0|1|0|0|0|0|0|1|1|0|0|1|1|0|0|NA|NA|NA|NA|NA|0|0|0|0|NA|0
"480610108001"|0|1|0|0|0|0|0|1|1|0|0|1|1|0|0|NA|NA|NA|NA|NA|0|0|0|0|NA|0
"480610117003"|0|1|0|0|0|0|0|1|1|0|0|1|1|0|0|9492|9492|NA|NA|NA|0|0|0|0|NA|0
"480610130021"|0|1|0|0|0|0|0|1|1|1|1|0|1|0|0|NA|NA|NA|NA|NA|0|0|0|0|NA|0
"480610130031"|0|3|0|0|0|0|0|3|3|0|0|3|3|0|0|NA|NA|NA|NA|NA|0|0|0|0|NA|0
"480610140012"|0|1|0|0|0|0|0|1|1|1|1|0|0|1|0|2400|3600|NA|NA|NA|193|96|204|11742620|57561.862745098|0
"480739504002"|0|1|1|0|0|0|0|1|1|1|0|0|1|0|0|6600|6600|6600|6600|6500|8|3|10|459374|45937.4|0
"480739505002"|0|1|0|0|0|0|0|1|1|1|1|0|1|0|0|6300|6300|NA|NA|6630|34|6|22|849246|38602.0909090909|0
"480850304031"|0|1|0|0|0|0|0|1|1|0|0|1|1|0|0|NA|NA|NA|NA|NA|0|0|0|0|NA|0
"480850308012"|0|1|0|0|0|0|0|1|1|1|1|0|0|0|1|2820|4800|NA|NA|NA|700|184|876|60158070|68673.595890411|0
"480850309003"|0|1|0|0|0|0|0|1|1|1|1|0|0|0|1|2820|4800|NA|NA|NA|700|184|876|60158070|68673.595890411|0
"480850316483"|0|1|0|0|0|0|0|1|1|0|0|1|1|0|0|NA|NA|NA|NA|NA|0|0|0|0|NA|0
"480850316484"|0|1|0|0|0|0|0|1|1|0|0|1|1|0|0|NA|NA|NA|NA|NA|0|0|0|0|NA|0
"480850316485"|0|1|0|0|0|0|0|1|1|0|0|1|1|0|0|NA|NA|NA|NA|NA|0|0|0|0|NA|0
"480850316494"|0|1|0|0|0|0|0|1|1|0|0|1|1|0|0|NA|NA|NA|NA|NA|0|0|0|0|NA|0
"480850317201"|0|1|1|0|0|0|0|2|2|2|0|0|2|0|0|NA|NA|NA|NA|NA|18|0|26|1967128|165096.727272727|0
"480850318043"|0|1|1|0|0|0|0|2|2|2|0|0|2|0|0|NA|NA|NA|NA|NA|18|0|26|1967128|165096.727272727|0
"480913101004"|0|1|0|0|0|0|0|1|1|0|0|1|1|0|0|NA|NA|NA|NA|NA|0|0|0|0|NA|0
"480913105012"|0|1|0|0|0|0|0|1|1|0|0|1|1|0|0|NA|NA|NA|NA|NA|0|0|0|0|NA|0
"480970004001"|0|1|0|0|0|0|0|1|1|1|1|0|0|0|1|2520|4704|NA|NA|3970|233|89|306|17878954|58427.954248366|0
"480990105033"|0|1|0|0|0|0|0|1|1|1|1|0|0|0|1|3390|7050|NA|NA|5600|589|243|412|24357904|59121.1262135922|0
"480990105041"|0|1|0|0|0|0|0|1|1|1|1|0|0|0|1|3390|7050|NA|NA|5600|589|243|412|24357904|59121.1262135922|0
"481130002011"|0|1|0|0|0|0|0|1|1|0|0|1|1|0|0|NA|NA|NA|NA|NA|0|0|0|0|NA|0
"481130022001"|0|0|1|0|0|0|0|1|1|1|0|0|0|1|0|NA|NA|16560|16560|NA|188|65|96|7108232|74044.0833333333|0
"481130022002"|0|1|1|0|0|0|0|1|1|1|0|0|1|0|0|9960|9960|8190|8190|NA|35|5|30|2105480|70182.6666666667|0
"481130031011"|0|1|1|0|0|0|0|1|1|0|0|0|0|0|0|NA|NA|NA|NA|NA|415|86|0|0|NA|0
"481130031012"|0|1|0|0|0|0|0|1|1|1|1|0|0|0|1|3330|5220|NA|NA|NA|251|94|300|19657580|65525.2666666667|0
"481130050001"|0|1|0|0|0|0|0|1|1|0|0|1|1|0|0|NA|NA|NA|NA|NA|0|0|0|0|NA|0
"481130050002"|0|1|0|0|0|0|0|1|1|0|0|1|1|0|0|NA|NA|NA|NA|NA|0|0|0|0|NA|0
"481130050003"|0|1|0|0|0|0|0|1|1|0|0|1|1|0|0|NA|NA|NA|NA|NA|0|0|0|0|NA|0
"481130078051"|0|0|1|0|0|0|0|1|1|1|0|0|1|0|0|NA|NA|533|533|NA|5|0|0|0|NA|0
"481130078052"|0|0|1|0|0|0|0|1|1|1|0|0|1|0|0|NA|NA|533|533|NA|5|0|0|0|NA|0
"481130078101"|0|1|0|0|0|0|0|1|1|0|0|1|1|0|0|NA|NA|NA|NA|NA|0|0|0|0|NA|0
"481130078102"|0|1|0|0|0|0|0|1|1|0|0|1|1|0|0|NA|NA|NA|NA|NA|0|0|0|0|NA|0
"481130078104"|0|1|0|0|0|0|0|1|1|0|0|1|1|0|0|NA|NA|NA|NA|NA|0|0|0|0|NA|0
"481130078221"|0|1|1|0|0|0|0|1|0|1|0|0|1|0|0|17568|17568|14208|14208|NA|22|12|14|957038|68359.8571428571|0
"481130078222"|0|1|1|0|0|0|0|1|0|1|0|0|1|0|0|17568|17568|14208|14208|NA|22|12|14|957038|68359.8571428571|0
"481130079121"|0|1|0|0|0|0|0|1|1|1|1|0|1|0|0|12900|12900|NA|NA|NA|6|1|8|407720|50965|0
"481130085001"|0|1|0|0|0|0|0|1|1|1|1|0|1|0|0|11700|11700|NA|NA|NA|5|0|8|338000|42250|0
"481130085002"|0|1|0|0|0|0|0|1|1|1|1|0|1|0|0|11700|11700|NA|NA|NA|5|0|8|338000|42250|0
"481130091053"|0|1|0|0|0|0|0|1|1|0|0|1|1|0|0|NA|NA|NA|NA|NA|0|0|0|0|NA|0
"481130099002"|0|1|1|0|0|0|0|1|1|1|0|0|0|1|0|25128|25128|12870|12870|NA|162|38|132|9536316|72244.8181818182|0
"481130100001"|0|5|2|0|1|1|0|6|6|4|1|2|5|1|0|NA|NA|NA|NA|NA|2010|305|136|13524222|NA|0
"481130100002"|0|3|1|0|0|0|0|3|3|1|0|2|3|0|0|NA|NA|NA|NA|NA|51|22|38|3514896|NA|0
"481130107041"|0|1|0|0|0|0|0|1|1|1|1|0|0|0|1|3330|5220|NA|NA|NA|224|91|208|14371380|69093.1730769231|0
"481130107042"|0|1|0|0|0|0|0|1|1|1|1|0|0|0|1|3330|5220|NA|NA|NA|224|91|208|14371380|69093.1730769231|0
"481130113001"|0|1|1|0|0|0|0|1|1|1|0|0|0|1|0|7539|17499|4704|12174|8948|208|69|206|15934670|77352.7669902913|0
"481130114011"|0|1|0|1|0|0|0|1|1|1|0|0|1|0|0|5920|5920|NA|NA|6500|54|15|26|1190000|45769.2307692308|0
"481130136171"|0|1|0|0|0|0|0|1|1|0|0|1|1|0|0|NA|NA|NA|NA|NA|0|0|0|0|NA|0
"481130136172"|0|1|0|0|0|0|0|1|1|0|0|1|1|0|0|NA|NA|NA|NA|NA|0|0|0|0|NA|0
"481130137221"|0|1|0|0|0|0|0|1|1|0|0|1|1|0|0|NA|NA|NA|NA|NA|0|0|0|0|NA|0
"481130137272"|0|1|0|0|0|0|0|1|1|0|0|1|1|0|0|NA|NA|NA|NA|NA|0|0|0|0|NA|0
"481130138052"|0|3|1|0|0|0|0|3|3|2|1|1|2|0|1|NA|NA|NA|NA|NA|263|112|264|18074992|NA|0
"481130138061"|0|3|1|0|0|0|0|3|3|2|1|1|2|0|1|NA|NA|NA|NA|NA|263|112|264|18074992|NA|0
"481130138062"|0|3|1|0|0|0|0|3|3|2|1|1|2|0|1|NA|NA|NA|NA|NA|263|112|264|18074992|NA|0
"481130140011"|0|2|1|0|0|0|0|2|2|2|1|0|2|0|0|NA|NA|NA|NA|NA|21|4|14|683670|NA|0
"481130140012"|0|2|1|0|0|0|0|2|2|2|1|0|2|0|0|NA|NA|NA|NA|NA|21|4|14|683670|NA|0
"481130140013"|0|2|1|0|0|0|0|2|2|2|1|0|2|0|0|NA|NA|NA|NA|NA|21|4|14|683670|NA|0
"481130140014"|0|2|1|0|0|0|0|2|2|2|1|0|2|0|0|NA|NA|NA|NA|NA|21|4|14|683670|NA|0
"481130140021"|0|2|0|0|0|0|0|2|2|2|2|0|2|0|0|NA|NA|NA|NA|NA|13|5|8|477980|NA|0
"481130140022"|0|2|0|0|0|0|0|2|2|2|2|0|2|0|0|NA|NA|NA|NA|NA|13|5|8|477980|NA|0
"481130141142"|0|1|0|0|0|0|0|1|1|0|0|1|1|0|0|NA|NA|NA|NA|NA|0|0|0|0|NA|0
"481130141242"|0|2|1|0|0|0|0|2|2|2|1|0|1|1|0|NA|NA|NA|NA|NA|71|7|84|4559162|130650.783333333|0
"481130141301"|0|2|0|0|0|0|0|2|2|2|2|0|2|0|0|NA|NA|NA|NA|NA|13|5|8|477980|NA|0
"481130142041"|0|1|1|0|0|0|0|1|1|1|0|0|0|1|0|37652|37652|33750|33750|12400|249|83|286|20616602|72086.020979021|0
"481130142042"|0|1|1|0|0|0|0|1|1|1|0|0|0|1|0|37652|37652|33750|33750|12400|249|83|286|20616602|72086.020979021|0
"481130143112"|0|1|0|0|0|0|0|1|1|1|1|0|0|0|1|3330|5220|NA|NA|NA|250|103|224|15424350|68858.7053571429|0
"481130143124"|0|1|0|0|0|0|0|1|1|1|1|0|0|0|1|3330|5220|NA|NA|NA|250|103|224|15424350|68858.7053571429|0
"481130144051"|0|1|0|0|0|0|0|1|1|0|0|1|1|0|0|NA|NA|NA|NA|NA|0|0|0|0|NA|0
"481130144052"|0|1|0|0|0|0|0|1|1|0|0|1|1|0|0|NA|NA|NA|NA|NA|0|0|0|0|NA|0
"481130144053"|0|1|0|0|0|0|0|1|1|0|0|1|1|0|0|NA|NA|NA|NA|NA|0|0|0|0|NA|0
"481130146021"|0|1|0|0|0|0|0|1|1|0|0|1|1|0|0|16520|16520|NA|NA|NA|0|0|0|0|NA|0
"481130146023"|0|1|0|0|0|0|0|1|1|0|0|1|1|0|0|16520|16520|NA|NA|NA|0|0|0|0|NA|0
"481130154011"|0|1|0|0|0|0|0|1|1|1|1|0|1|0|0|NA|NA|NA|NA|NA|1|0|4|342026|85506.5|0
"481130154015"|0|1|0|0|0|0|0|1|1|1|1|0|1|0|0|NA|NA|NA|NA|NA|1|0|4|342026|85506.5|0
"481130162022"|0|1|0|0|0|0|0|1|1|0|0|1|1|0|0|NA|NA|NA|NA|NA|0|0|0|0|NA|0
"481130162024"|0|1|0|0|0|0|0|1|1|0|0|1|1|0|0|NA|NA|NA|NA|NA|0|0|0|0|NA|0
"481130164014"|0|1|0|0|0|0|0|1|1|0|0|1|1|0|0|NA|NA|NA|NA|NA|0|0|0|0|NA|0
"481130164072"|0|1|0|0|0|0|0|1|1|0|0|1|1|0|0|NA|NA|NA|NA|NA|0|0|0|0|NA|0
"481130165211"|0|1|1|0|0|0|0|1|1|1|0|0|0|1|0|27870|27870|17262|17262|7992|311|121|252|24116310|95699.6428571429|0
"481130165212"|0|1|1|0|0|0|0|1|1|1|0|0|0|1|0|27870|27870|17262|17262|7992|311|121|252|24116310|95699.6428571429|0
"481130167011"|0|1|0|0|0|0|0|1|1|1|1|0|0|1|0|3300|5220|NA|NA|NA|178|65|150|10015278|66768.52|0
"481130167014"|0|1|0|0|0|0|0|1|1|1|1|0|0|1|0|3300|5220|NA|NA|NA|178|65|150|10015278|66768.52|0
"481130167031"|0|1|0|0|0|0|0|1|1|1|1|0|0|1|0|3300|5220|NA|NA|NA|178|65|150|10015278|66768.52|0
"481130167033"|0|1|0|0|0|0|0|1|1|1|1|0|0|1|0|3300|5220|NA|NA|NA|178|65|150|10015278|66768.52|0
"481130167034"|0|1|0|0|0|0|0|1|1|1|1|0|0|1|0|3300|5220|NA|NA|NA|178|65|150|10015278|66768.52|0
"481130177023"|0|1|0|0|0|0|0|1|1|0|0|1|1|0|0|NA|NA|NA|NA|NA|0|0|0|0|NA|0
"481130178121"|0|2|0|0|0|0|0|2|2|2|1|0|2|0|0|NA|NA|NA|NA|NA|8|3|10|828910|146813.75|0
"481130178131"|0|1|0|0|0|0|0|1|1|1|0|0|1|0|0|15000|15000|NA|NA|NA|1|1|2|115200|57600|0
"481130178134"|0|1|0|0|0|0|0|1|1|1|0|0|1|0|0|15000|15000|NA|NA|NA|1|1|2|115200|57600|0
"481130179003"|0|1|0|0|0|0|0|1|1|1|1|0|0|0|1|3300|5220|NA|NA|NA|309|116|270|18572434|68786.7925925926|0
"481130181302"|0|1|0|0|0|0|0|1|1|1|1|0|1|0|0|NA|NA|NA|NA|NA|7|2|8|713710|89213.75|0
"481130184031"|0|2|1|0|0|0|0|2|2|2|0|0|1|1|0|23848|23848|NA|NA|NA|81|19|132|7817496|126588.5|0
"481130190163"|0|2|0|0|0|0|0|2|2|1|1|1|2|0|0|NA|NA|NA|NA|NA|43|12|26|1491484|NA|0
"481130190243"|0|1|0|0|0|0|0|1|1|0|0|1|1|0|0|NA|NA|NA|NA|NA|0|0|0|0|NA|0
"481130190244"|0|1|0|0|0|0|0|1|1|0|0|1|1|0|0|NA|NA|NA|NA|NA|0|0|0|0|NA|0
"481130190273"|0|1|0|0|0|0|0|1|1|0|0|1|1|0|0|NA|NA|NA|NA|NA|0|0|0|0|NA|0
"481130190341"|0|1|0|0|0|0|0|1|1|1|1|0|0|0|1|3330|5220|NA|NA|NA|448|169|348|25219814|72470.7298850575|0
"481130190342"|0|1|0|0|0|0|0|1|1|1|1|0|0|0|1|3330|5220|NA|NA|NA|448|169|348|25219814|72470.7298850575|0
"481130190401"|0|1|0|0|0|0|0|1|1|0|0|1|1|0|0|NA|NA|NA|NA|NA|0|0|0|0|NA|0
"481130192042"|0|2|0|0|0|0|0|2|2|2|0|0|2|0|0|NA|NA|NA|NA|NA|51|4|4|208410|NA|0
"481130192051"|0|1|1|0|0|0|0|2|2|2|0|0|2|0|0|NA|NA|NA|NA|NA|18|0|26|1967128|165096.727272727|0
"481130192053"|0|2|0|0|0|0|0|2|2|2|0|0|2|0|0|NA|NA|NA|NA|NA|51|4|4|208410|NA|0
"481130192061"|0|1|1|0|0|0|0|1|1|1|0|0|0|0|1|13034|36876|13458|26852|11532|2410|640|1746|198807866|113864.757159221|0
"481130193022"|0|1|1|0|0|0|0|1|1|1|0|0|0|0|1|48364|48364|40896|40896|16845|1704|373|1526|176187544|115457.106159895|0
"481130193023"|0|1|1|0|0|0|0|1|1|1|0|0|0|0|1|48364|48364|40896|40896|16845|1704|373|1526|176187544|115457.106159895|0
"481130193024"|0|1|1|0|0|0|0|1|1|1|0|0|0|0|1|48364|48364|40896|40896|16845|1704|373|1526|176187544|115457.106159895|0
"481130202003"|0|1|0|0|0|0|0|1|1|1|1|0|0|1|0|3300|5220|NA|NA|NA|178|65|150|10015278|66768.52|0
"481130203001"|0|1|0|0|0|0|0|1|1|0|0|1|1|0|0|NA|NA|NA|NA|NA|0|0|0|0|NA|0
"481130203002"|0|1|0|0|0|0|0|1|1|0|0|1|1|0|0|NA|NA|NA|NA|NA|0|0|0|0|NA|0
"481130203003"|0|1|0|0|0|0|0|1|1|0|0|1|1|0|0|NA|NA|NA|NA|NA|0|0|0|0|NA|0
"481130204001"|0|1|0|0|0|0|0|1|1|0|0|0|0|0|0|NA|NA|NA|NA|NA|752|130|0|0|NA|0
"481130204002"|0|2|0|0|0|0|0|2|2|0|0|1|1|0|0|NA|NA|NA|NA|NA|752|130|0|0|NA|0
"481130204003"|0|1|1|0|0|0|0|1|1|0|0|0|0|0|0|NA|NA|NA|NA|NA|415|86|0|0|NA|0
"481139800001"|0|2|1|0|0|0|0|2|2|2|1|0|1|1|0|NA|NA|NA|NA|NA|71|7|84|4559162|130650.783333333|0
"481210204024"|0|1|1|0|0|0|0|1|1|1|0|0|0|0|1|5268|15228|4852|12322|8420|885|310|938|71884516|76635.9445628998|0
"481210206012"|0|1|1|0|0|0|0|1|1|1|0|0|0|0|1|5268|15228|4852|12322|8420|885|310|938|71884516|76635.9445628998|0
"481210206013"|0|1|1|0|0|0|0|1|1|1|0|0|0|0|1|5268|15228|4852|12322|8420|885|310|938|71884516|76635.9445628998|0
"481210210001"|0|1|1|0|0|0|0|1|1|1|0|0|0|0|1|8103|18063|5450|12920|9610|2602|760|2314|196663678|84988.624891962|0
"481210210002"|0|1|1|0|0|0|0|1|1|1|0|0|0|0|1|8103|18063|5450|12920|9610|2602|760|2314|196663678|84988.624891962|0
"481210212021"|0|1|0|0|0|0|0|1|1|0|0|1|1|0|0|NA|NA|NA|NA|NA|0|0|0|0|NA|0
"481210212022"|0|1|0|0|0|0|0|1|1|0|0|1|1|0|0|NA|NA|NA|NA|NA|0|0|0|0|NA|0
"481210213011"|0|1|0|0|0|0|0|1|1|0|0|1|1|0|0|NA|NA|NA|NA|NA|0|0|0|0|NA|0
"481210213012"|0|1|0|0|0|0|0|1|1|0|0|1|1|0|0|NA|NA|NA|NA|NA|0|0|0|0|NA|0
"481210216201"|0|1|0|0|0|0|0|1|1|0|0|1|1|0|0|NA|NA|NA|NA|NA|0|0|0|0|NA|0
"481210216202"|0|1|0|0|0|0|0|1|1|0|0|1|1|0|0|NA|NA|NA|NA|NA|0|0|0|0|NA|0
"481210216221"|0|1|0|0|0|0|0|1|1|0|0|1|1|0|0|NA|NA|NA|NA|NA|0|0|0|0|NA|0
"481210217381"|0|1|0|0|0|0|0|1|1|1|0|0|1|0|0|15000|15000|NA|NA|NA|0|0|0|0|NA|0
"481210217382"|0|1|0|0|0|0|0|1|1|1|0|0|1|0|0|15000|15000|NA|NA|NA|0|0|0|0|NA|0
"481299502002"|0|1|0|0|0|0|0|1|1|1|1|0|0|1|0|1224|1968|NA|NA|4176|53|11|80|3242444|40530.55|0
"481339501001"|0|1|0|0|0|0|0|1|1|1|1|0|0|1|0|2940|4200|NA|NA|4231|79|22|90|4233348|47037.2|0
"481339503001"|0|1|0|0|0|0|0|1|1|1|1|0|0|1|0|4710|4710|NA|NA|4355|90|26|158|6718304|42520.9113924051|0
"481350013002"|0|1|0|0|0|0|0|1|1|1|1|0|0|1|0|3144|4152|NA|NA|4800|218|47|264|15987516|60558.7727272727|0
"481350024005"|0|1|1|0|0|0|0|1|1|1|0|0|0|1|0|4694|5534|3821|4451|10000|314|88|278|20427458|73480.0647482014|0
"481390606001"|0|1|1|0|0|0|0|1|1|1|0|0|0|1|0|19992|19992|10530|10530|7500|168|67|154|7709300|50060.3896103896|0
"481390606004"|0|1|1|0|0|0|0|1|1|1|0|0|0|1|0|19992|19992|10530|10530|7500|168|67|154|7709300|50060.3896103896|0
"481390606005"|0|1|1|0|0|0|0|1|1|1|0|0|0|1|0|19992|19992|10530|10530|7500|168|67|154|7709300|50060.3896103896|0
"481410001011"|0|1|0|0|0|0|0|1|1|1|0|0|1|0|0|NA|NA|NA|NA|NA|37|9|66|1894120|28698.7878787879|0
"481410001123"|0|1|0|0|0|0|0|1|1|1|0|0|1|0|0|NA|NA|NA|NA|NA|37|9|66|1894120|28698.7878787879|0
"481410001124"|0|1|0|0|0|0|0|1|1|1|0|0|1|0|0|NA|NA|NA|NA|NA|37|9|66|1894120|28698.7878787879|0
"481410015023"|0|1|1|0|0|0|0|1|1|1|0|0|0|0|1|6254|20685|4941|13649|9781|1659|424|1560|127136838|81497.9730769231|0
"481410026005"|0|1|0|0|0|0|0|1|1|0|0|1|1|0|0|NA|NA|NA|NA|NA|0|0|0|0|NA|0
"481410032001"|0|1|1|0|1|1|0|1|1|1|0|0|1|0|0|6501|20196|3006|10476|NA|1410|613|552|121836518|220718.329710145|0
"481410034022"|0|2|0|0|0|0|0|2|2|2|1|0|0|2|0|29080|29080|NA|NA|NA|512|79|400|17974058|88305.7713554987|0
"481410034045"|0|1|0|0|0|0|0|1|1|1|1|0|0|0|1|2520|4368|NA|NA|NA|770|340|884|49186090|55640.3733031674|0
"481410039021"|0|1|0|0|0|0|0|1|1|0|0|1|1|0|0|NA|NA|NA|NA|NA|0|0|0|0|NA|0
"481410039022"|0|1|0|0|0|0|0|1|1|0|0|1|1|0|0|NA|NA|NA|NA|NA|0|0|0|0|NA|0
"481410040023"|0|1|0|0|0|0|0|1|1|1|0|0|0|1|0|NA|NA|NA|NA|NA|76|21|112|4435658|39604.0892857143|0
"481410041032"|0|1|0|0|0|0|0|1|0|1|1|0|1|0|0|NA|NA|NA|NA|NA|10|3|2|60000|30000|0
"481410041071"|0|2|0|0|0|0|0|2|2|2|2|0|2|0|0|NA|NA|NA|NA|NA|23|15|44|2109702|NA|0
"481410043124"|0|1|0|0|0|0|0|1|1|1|1|0|1|0|0|NA|NA|NA|NA|NA|7|2|0|0|NA|0
"481410043161"|0|1|0|0|0|0|0|1|1|0|0|1|1|0|0|NA|NA|NA|NA|NA|0|0|0|0|NA|0
"481439505004"|0|1|1|0|0|0|0|1|1|1|0|0|0|0|1|4032|13992|3996|11466|10480|610|245|834|59559254|71413.9736211031|0
"481439505005"|0|1|1|0|0|0|0|1|1|1|0|0|0|0|1|4032|13992|3996|11466|10480|610|245|834|59559254|71413.9736211031|0
"481576720021"|0|1|0|0|0|0|0|1|1|0|0|1|1|0|0|NA|NA|NA|NA|NA|0|0|0|0|NA|0
"481576720022"|0|1|1|0|0|0|0|1|1|1|0|0|1|0|0|9450|9450|5277|5277|9080|31|10|22|1354246|61556.6363636364|0
"481677206002"|0|1|0|0|0|0|0|1|1|0|0|1|1|0|0|NA|NA|NA|NA|NA|0|0|0|0|NA|0
"481677227001"|0|1|0|0|0|0|0|1|1|1|1|0|0|1|0|2550|3450|NA|NA|NA|219|78|230|14838440|64514.9565217391|0
"481677233003"|0|1|0|0|0|0|0|1|1|0|0|1|1|0|0|NA|NA|NA|NA|NA|0|0|0|0|NA|0
"481677243001"|0|1|1|0|1|1|0|1|1|1|0|0|0|1|0|6392|19909|6473|15264|NA|851|234|224|24420912|109021.928571429|0
"481677250001"|0|1|0|0|0|0|0|1|1|1|1|0|0|1|0|1800|3750|NA|NA|4550|97|25|120|7708022|64233.5166666667|0
"481810009012"|0|1|0|0|0|0|0|1|1|1|1|0|0|1|0|2112|3216|NA|NA|5816|183|38|224|12595400|56229.4642857143|0
"481810009021"|0|1|0|0|0|0|0|1|1|0|0|1|1|0|0|NA|NA|NA|NA|NA|0|0|0|0|NA|0
"481810014005"|0|1|1|0|0|0|0|1|1|1|0|0|0|1|0|39775|39775|46450|46450|12527|189|80|212|14168444|66832.2830188679|0
"481830013004"|0|1|0|0|0|0|0|1|1|0|0|1|1|0|0|NA|NA|NA|NA|NA|0|0|0|0|NA|0
"481830015001"|0|1|1|0|0|0|0|1|1|1|0|0|0|1|0|29630|29630|19170|19170|9970|247|105|226|15364406|67984.0973451327|0
"481830107005"|0|1|0|0|0|0|0|1|1|1|1|0|0|1|0|3000|4200|NA|NA|5876|156|60|288|15994782|55537.4375|0
"481872103001"|0|1|1|0|0|0|0|1|1|1|0|0|0|1|0|29650|29650|29650|29650|10150|153|24|172|11233948|65313.6511627907|0
"481872103005"|0|1|0|0|0|0|0|1|1|0|0|1|1|0|0|NA|NA|NA|NA|NA|0|0|0|0|NA|0
"481899504002"|0|1|1|0|0|0|0|1|1|1|0|0|0|1|0|18780|18780|11520|11520|7992|315|199|284|16107214|56715.5422535211|0
"481990307003"|0|1|0|0|0|0|0|1|1|0|0|1|1|0|0|NA|NA|NA|NA|NA|0|0|0|0|NA|0
"482011000001"|0|0|1|0|0|0|0|1|1|1|0|0|1|0|0|NA|NA|NA|NA|NA|104|44|110|16586598|150787.254545455|0
"482011000002"|0|0|1|0|0|0|0|1|1|1|0|0|1|0|0|NA|NA|NA|NA|NA|104|44|110|16586598|150787.254545455|0
"482011000003"|0|1|1|0|0|0|0|1|1|1|0|0|0|0|1|5175|14886|7245|13815|NA|621|134|724|52917456|73090.408839779|0
"482012203002"|0|1|0|0|0|0|0|1|1|1|1|0|1|0|0|11988|11988|NA|NA|NA|26|5|60|2633332|43888.8666666667|0
"482012205001"|0|1|0|0|0|0|0|1|1|1|1|0|1|0|0|11988|11988|NA|NA|NA|26|5|60|2633332|43888.8666666667|0
"482012226002"|0|1|0|0|0|0|0|1|1|1|1|0|1|0|0|NA|NA|NA|NA|NA|19|8|10|502528|50252.8|0
"482012334002"|0|1|0|0|0|0|0|1|1|0|0|1|1|0|0|NA|NA|NA|NA|NA|0|0|0|0|NA|0
"482012401002"|0|2|0|0|0|0|0|2|2|1|1|1|1|1|0|NA|NA|NA|NA|NA|6|1|0|0|NA|0
"482012407021"|0|2|0|0|0|0|0|2|2|1|1|1|1|1|0|NA|NA|NA|NA|NA|0|0|0|0|NA|0
"482012407022"|0|2|0|0|0|0|0|2|2|1|1|1|1|1|0|NA|NA|NA|NA|NA|0|0|0|0|NA|0
"482012544001"|0|1|0|0|0|0|0|1|1|1|1|0|0|1|0|2776|3556|NA|NA|NA|262|99|350|22372552|63921.5771428571|0
"482012544002"|0|1|0|0|0|0|0|1|1|1|1|0|0|1|0|2776|3556|NA|NA|NA|262|99|350|22372552|63921.5771428571|0
"482012544004"|0|1|0|0|0|0|0|1|1|1|1|0|0|1|0|2776|3556|NA|NA|NA|262|99|350|22372552|63921.5771428571|0
"482013115002"|0|1|0|0|0|0|0|1|0|0|0|0|0|0|0|NA|NA|NA|NA|NA|0|0|0|0|NA|0
"482013117001"|0|1|0|0|0|0|0|1|1|0|0|1|1|0|0|NA|NA|NA|NA|NA|0|0|0|0|NA|0
"482013121001"|0|2|2|0|0|0|0|2|2|1|0|0|0|0|1|NA|NA|NA|NA|NA|3844|538|2970|326956812|NA|0
"482013128001"|0|1|1|1|0|0|0|1|1|1|0|0|0|1|0|6942|19887|5487|12742|9664|719|238|860|72967274|84845.6674418605|0
"482013128002"|0|1|1|1|0|0|0|1|1|1|0|0|0|1|0|6942|19887|5487|12742|9664|719|238|860|72967274|84845.6674418605|0
"482013131001"|0|1|2|0|2|1|0|2|2|2|0|0|1|1|0|NA|NA|26806|47130|NA|3709|380|1036|149671234|282383.227667984|0
"482013131002"|0|1|2|0|2|1|0|2|2|2|0|0|1|1|0|NA|NA|26806|47130|NA|3709|380|1036|149671234|282383.227667984|0
"482013143001"|0|1|0|0|0|0|0|1|1|0|0|1|1|0|0|NA|NA|NA|NA|NA|0|0|0|0|NA|0
"482013221003"|0|1|0|0|0|0|0|1|1|1|1|0|1|0|0|9480|9480|NA|NA|NA|7|2|0|0|NA|0
"482013335003"|0|1|0|0|0|0|0|1|1|0|0|1|1|0|0|16520|16520|NA|NA|NA|0|0|0|0|NA|0
"482013402032"|0|1|1|0|0|0|0|1|1|1|0|0|0|1|0|5432|18384|7596|16866|8620|517|152|574|46004298|80146.8606271777|0
"482013412011"|0|2|0|0|0|0|0|2|2|1|1|1|2|0|0|NA|NA|NA|NA|NA|22|4|38|1776528|NA|0
"482013420012"|0|0|1|0|0|0|0|1|1|1|0|0|1|0|0|NA|NA|NA|NA|NA|35|16|56|3624652|64725.9285714286|0
"482013421001"|0|0|1|0|0|0|0|1|1|1|0|0|1|0|0|NA|NA|NA|NA|NA|35|16|56|3624652|64725.9285714286|0
"482013430001"|0|1|0|0|0|0|0|1|1|1|1|0|0|0|1|2328|3888|NA|NA|NA|797|299|1016|68386738|67309.781496063|0
"482013437003"|0|1|0|0|0|0|0|1|1|1|1|0|0|0|1|2328|3888|NA|NA|NA|797|299|1016|68386738|67309.781496063|0
"482013508011"|0|1|0|0|0|0|0|1|1|1|1|0|1|0|0|NA|NA|NA|NA|NA|0|0|0|0|NA|0
"482014106001"|0|1|0|0|0|0|0|1|1|1|1|0|0|0|1|2280|2280|NA|NA|NA|1636|628|1762|135389620|76838.6038592509|0
"482014107021"|0|1|1|0|0|0|0|1|1|1|0|0|0|1|0|33000|33000|20934|20934|9070|259|108|312|22972952|73631.2564102564|0
"482014107022"|0|1|1|0|0|0|0|1|1|1|0|0|0|1|0|33000|33000|20934|20934|9070|259|108|312|22972952|73631.2564102564|0
"482014115011"|0|1|0|0|0|0|0|1|1|1|0|0|1|0|0|17568|17568|NA|NA|NA|33|19|20|1151244|57562.2|0
"482014115012"|0|1|0|0|0|0|0|1|1|1|0|0|1|0|0|17568|17568|NA|NA|NA|33|19|20|1151244|57562.2|0
"482014117001"|0|1|0|0|0|0|0|1|1|1|1|0|1|0|0|13740|13740|NA|NA|NA|11|4|16|927096|57943.5|0
"482014117002"|0|1|0|0|0|0|0|1|1|1|1|0|1|0|0|13740|13740|NA|NA|NA|11|4|16|927096|57943.5|0
"482014121001"|0|1|1|0|0|0|0|1|1|1|0|0|0|1|0|46600|46600|37855|37855|14000|2402|494|1366|196520214|143865.456808199|0
"482014122001"|0|1|1|0|1|1|0|1|1|1|0|0|0|1|0|7224|30870|7304|29450|NA|1979|450|752|94122276|125162.60106383|0
"482014203001"|0|0|1|0|0|0|0|1|1|1|0|0|1|0|0|NA|NA|9450|9450|NA|7|1|6|345076|57512.6666666667|0
"482014213001"|0|1|0|0|0|0|0|1|1|0|0|1|0|0|0|NA|NA|NA|NA|NA|0|0|0|0|NA|0
"482014228001"|0|1|1|0|0|0|0|1|1|1|0|0|0|1|0|30480|30480|10000|10000|8328|284|114|308|22430854|72827.4480519481|0
"482014228003"|0|1|1|0|0|0|0|1|1|1|0|0|0|1|0|30480|30480|10000|10000|8328|284|114|308|22430854|72827.4480519481|0
"482014233023"|0|1|0|0|0|0|0|1|1|0|0|1|1|0|0|NA|NA|NA|NA|NA|0|0|0|0|NA|0
"482014234022"|0|1|0|0|0|0|0|1|1|0|0|1|1|0|0|NA|NA|NA|NA|NA|0|0|0|0|NA|0
"482014322003"|0|0|1|0|0|0|0|1|1|1|0|0|1|0|0|NA|NA|14940|14940|NA|9|5|16|951410|59463.125|0
"482014323001"|0|1|0|0|0|0|0|1|1|1|1|0|1|0|0|9480|9480|NA|NA|NA|13|6|0|0|NA|0
"482014324002"|0|1|1|0|0|0|0|1|1|1|0|0|1|0|0|14213|14213|18323|18323|NA|28|1|8|644896|80612|0
"482014324003"|0|1|0|0|0|0|0|1|1|0|0|1|1|0|0|NA|NA|NA|NA|NA|0|0|0|0|NA|0
"482014328011"|0|1|0|0|0|0|0|1|1|1|0|0|1|0|0|6576|6576|NA|NA|NA|40|19|30|1817098|60569.9333333333|0
"482014328021"|0|1|0|0|0|0|0|1|1|1|1|0|1|0|0|NA|NA|NA|NA|NA|18|1|30|1617634|53921.1333333333|0
"482014328022"|0|1|0|0|0|0|0|1|1|1|1|0|1|0|0|NA|NA|NA|NA|NA|18|1|30|1617634|53921.1333333333|0
"482014328024"|0|1|0|0|0|0|0|1|1|1|1|0|1|0|0|NA|NA|NA|NA|NA|18|1|30|1617634|53921.1333333333|0
"482014333002"|0|1|0|0|0|0|0|1|1|0|0|1|1|0|0|NA|NA|NA|NA|NA|0|0|0|0|NA|0
"482014333003"|0|1|0|0|0|0|0|1|1|0|0|1|1|0|0|NA|NA|NA|NA|NA|0|0|0|0|NA|0
"482014335012"|0|1|0|0|0|0|0|1|1|1|1|0|1|0|0|NA|NA|NA|NA|NA|26|17|18|917346|50963.6666666667|0
"482014502001"|0|2|1|0|0|0|0|2|2|2|0|0|2|0|0|24552|24552|NA|NA|NA|30|9|0|0|NA|0
"482014502002"|0|1|0|0|0|0|0|1|1|0|0|1|1|0|0|NA|NA|NA|NA|NA|0|0|0|0|NA|0
"482014508024"|0|1|0|0|0|0|0|1|1|1|1|0|1|0|0|NA|NA|NA|NA|NA|11|3|6|336552|56092|0
"482014508025"|0|1|0|0|0|0|0|1|1|1|1|0|1|0|0|NA|NA|NA|NA|NA|11|3|6|336552|56092|0
"482014517001"|0|1|0|0|0|0|0|1|1|0|0|1|1|0|0|NA|NA|NA|NA|NA|0|0|0|0|NA|0
"482014522022"|0|1|0|0|0|0|0|1|1|1|1|0|1|0|0|NA|NA|NA|NA|NA|7|5|0|0|NA|0
"482014534024"|0|1|0|0|0|0|0|1|1|0|0|1|1|0|0|NA|NA|NA|NA|NA|0|0|0|0|NA|0
"482014535021"|0|1|0|0|0|0|0|1|1|1|1|0|1|0|0|10651|10651|NA|NA|NA|6|2|14|353050|25217.8571428571|0
"482014541001"|0|1|0|0|0|0|0|1|1|0|0|1|1|0|0|NA|NA|NA|NA|NA|0|0|0|0|NA|0
"482014543013"|0|1|0|0|0|0|0|1|1|1|1|0|1|0|0|NA|NA|NA|NA|NA|15|7|8|413018|51627.25|0
"482015110012"|0|2|0|0|0|0|0|2|2|1|0|1|1|1|0|NA|NA|NA|NA|NA|72|3|66|3905284|NA|0
"482015204002"|0|1|0|0|0|0|0|1|1|1|1|0|1|0|0|NA|NA|NA|NA|NA|10|5|20|1143864|57193.2|0
"482015205001"|0|2|0|0|0|0|0|2|2|1|0|1|1|1|0|NA|NA|NA|NA|NA|72|3|66|3905284|NA|0
"482015217001"|0|1|0|0|0|0|0|1|1|0|0|1|1|0|0|NA|NA|NA|NA|NA|0|0|0|0|NA|0
"482015218001"|0|1|0|0|0|0|0|1|1|1|0|0|1|0|0|18900|18900|NA|NA|NA|51|7|46|3893572|84642.8695652174|0
"482015224022"|0|1|0|0|0|0|0|1|1|0|0|1|1|0|0|NA|NA|NA|NA|NA|0|0|0|0|NA|0
"482015342011"|0|0|0|0|0|0|0|1|0|0|0|0|0|0|0|NA|NA|NA|NA|NA|0|0|0|0|NA|0
"482015342021"|0|0|0|0|0|0|0|1|0|0|0|0|0|0|0|NA|NA|NA|NA|NA|0|0|0|0|NA|0
"482015432001"|0|1|0|0|0|0|0|1|1|0|0|1|1|0|0|NA|NA|NA|NA|NA|0|0|0|0|NA|0
"482015501001"|0|1|0|0|0|0|0|1|1|1|0|0|1|0|0|15610|15610|NA|NA|NA|25|5|34|1607020|47265.2941176471|0
"482015503013"|0|2|0|0|0|0|0|2|2|1|1|1|2|0|0|NA|NA|NA|NA|NA|5|3|6|332184|NA|0
"482015503021"|0|1|0|0|0|0|0|1|1|0|0|1|1|0|0|NA|NA|NA|NA|NA|0|0|0|0|NA|0
"482015519001"|0|1|0|0|0|0|0|1|1|0|0|1|1|0|0|NA|NA|NA|NA|NA|0|0|0|0|NA|0
"482015519002"|0|1|0|0|0|0|0|1|1|0|0|1|1|0|0|NA|NA|NA|NA|NA|0|0|0|0|NA|0
"482015530013"|0|1|0|0|0|0|0|1|1|0|0|1|1|0|0|NA|NA|NA|NA|NA|0|0|0|0|NA|0
"482015531002"|0|1|0|0|0|0|0|1|1|0|0|1|1|0|0|NA|NA|NA|NA|NA|0|0|0|0|NA|0
"482015531003"|0|1|0|0|0|0|0|1|1|0|0|1|1|0|0|NA|NA|NA|NA|NA|0|0|0|0|NA|0
"482015532004"|0|1|0|0|0|0|0|1|1|0|0|1|1|0|0|NA|NA|NA|NA|NA|0|0|0|0|NA|0
"482015533002"|0|2|0|0|0|0|0|2|2|1|1|1|2|0|0|NA|NA|NA|NA|NA|26|21|16|309920|NA|0
"482030204012"|0|1|1|0|0|0|0|1|1|1|0|0|0|1|0|25290|25290|12780|12780|9079|150|65|144|9003548|62524.6388888889|0
"482030204021"|0|1|0|1|0|0|0|1|1|1|0|0|0|1|0|9902|9902|NA|NA|7338|119|13|96|5047834|52581.6041666667|0
"482090102002"|0|1|1|0|0|0|0|1|1|1|0|0|0|0|1|7779|19399|6556|14856|9660|2560|982|2678|194783338|72734.6295743092|0
"482090103021"|0|1|0|0|0|0|0|1|1|0|0|1|1|0|0|NA|NA|NA|NA|NA|0|0|0|0|NA|0
"482090103031"|0|1|0|0|0|0|0|1|1|0|0|1|1|0|0|NA|NA|NA|NA|NA|0|0|0|0|NA|0
"482139512004"|0|1|0|0|0|0|0|1|1|1|1|0|0|1|0|1170|4500|NA|NA|5937|176|58|326|19104798|58603.6748466258|0
"482139512005"|0|1|0|0|0|0|0|1|1|1|1|0|0|1|0|1170|4500|NA|NA|5937|176|58|326|19104798|58603.6748466258|0
"482150203021"|0|1|0|0|0|0|0|1|1|0|0|1|1|0|0|NA|NA|NA|NA|NA|0|0|0|0|NA|0
"482150207211"|0|1|0|0|0|0|0|1|1|0|0|1|1|0|0|NA|NA|NA|NA|NA|0|0|0|0|NA|0
"482150207212"|0|1|0|0|0|0|0|1|1|0|0|1|1|0|0|NA|NA|NA|NA|NA|0|0|0|0|NA|0
"482150207242"|0|2|0|0|0|0|0|2|2|2|0|0|0|0|1|17400|21000|NA|NA|NA|1030|268|1290|73939918|NA|0
"482150208025"|0|1|0|0|0|0|0|1|1|1|1|0|1|0|0|NA|NA|NA|NA|NA|17|1|40|2069716|51742.9|0
"482150209011"|0|1|0|0|0|0|0|1|1|0|0|1|1|0|0|NA|NA|NA|NA|NA|0|0|0|0|NA|0
"482150209041"|0|1|0|0|0|0|0|1|1|0|0|1|1|0|0|NA|NA|NA|NA|NA|0|0|0|0|NA|0
"482150209043"|0|1|0|0|0|0|0|1|1|0|0|1|1|0|0|NA|NA|NA|NA|NA|0|0|0|0|NA|0
"482150212021"|0|1|0|0|0|0|0|1|1|1|1|0|1|0|0|NA|NA|NA|NA|NA|0|0|0|0|NA|0
"482150217011"|0|1|0|0|0|0|0|1|1|0|0|1|1|0|0|NA|NA|NA|NA|NA|0|0|0|0|NA|0
"482150217012"|0|1|0|0|0|0|0|1|1|0|0|1|1|0|0|NA|NA|NA|NA|NA|0|0|0|0|NA|0
"482150217014"|0|1|0|0|0|0|0|1|1|0|0|1|1|0|0|NA|NA|NA|NA|NA|0|0|0|0|NA|0
"482150225021"|0|1|0|0|0|0|0|1|1|0|0|1|1|0|0|NA|NA|NA|NA|NA|0|0|0|0|NA|0
"482150227011"|0|1|0|0|0|0|0|1|1|0|0|1|1|0|0|NA|NA|NA|NA|NA|0|0|0|0|NA|0
"482150227022"|0|1|0|0|0|0|0|1|1|0|0|1|1|0|0|NA|NA|NA|NA|NA|0|0|0|0|NA|0
"482150227023"|0|1|0|0|0|0|0|1|1|0|0|1|1|0|0|NA|NA|NA|NA|NA|0|0|0|0|NA|0
"482150235101"|0|1|0|0|0|0|0|1|1|0|0|1|1|0|0|NA|NA|NA|NA|NA|0|0|0|0|NA|0
"482150235102"|0|1|0|0|0|0|0|1|1|0|0|1|1|0|0|NA|NA|NA|NA|NA|0|0|0|0|NA|0
"482150235103"|0|1|0|0|0|0|0|1|1|0|0|1|1|0|0|NA|NA|NA|NA|NA|0|0|0|0|NA|0
"482150240002"|0|1|1|0|1|1|0|1|1|1|0|0|0|0|1|6345|16305|5720|13190|8124|1828|559|2248|154737408|68833.3665480427|0
"482150242052"|0|1|0|0|0|0|0|1|1|0|0|1|1|0|0|NA|NA|NA|NA|NA|0|0|0|0|NA|0
"482179611001"|0|1|0|0|0|0|0|1|1|1|1|0|0|1|0|2088|2488|NA|NA|4200|121|33|188|9270882|49313.2021276596|0
"482199505001"|0|1|0|0|0|0|0|1|1|1|1|0|0|1|0|2040|2424|NA|NA|4368|299|126|518|27635448|53350.2857142857|0
"482279501003"|0|1|0|0|0|0|0|1|1|1|1|0|0|1|0|3720|5170|NA|NA|5040|168|60|246|11797246|47956.2845528455|0
"482279506003"|0|1|0|0|0|0|0|1|1|1|1|0|0|1|0|3720|5170|NA|NA|5040|168|60|246|11797246|47956.2845528455|0
"482279508013"|0|1|0|0|0|0|0|1|1|1|1|0|1|0|0|3720|13950|NA|NA|5620|0|0|0|0|NA|0
"482319606001"|0|1|1|0|0|0|0|1|1|1|0|0|0|0|1|4790|17240|3630|11100|9422|545|240|760|56289102|74064.6078947368|0
"482319606002"|0|1|1|0|0|0|0|1|1|1|0|0|0|0|1|4790|17240|3630|11100|9422|545|240|760|56289102|74064.6078947368|0
"482319606003"|0|1|1|0|0|0|0|1|1|1|0|0|0|0|1|4790|17240|3630|11100|9422|545|240|760|56289102|74064.6078947368|0
"482339509001"|0|1|0|0|0|0|0|1|1|1|1|0|0|1|0|2220|2490|NA|NA|4626|65|7|80|3441880|43023.5|0
"482419503002"|0|1|0|0|0|0|0|1|1|0|0|1|1|0|0|NA|NA|NA|NA|NA|0|0|0|0|NA|0
"482450003082"|0|1|0|0|0|0|0|1|1|1|1|0|1|0|0|NA|NA|NA|NA|NA|0|0|0|0|NA|0
"482450021003"|0|1|0|0|0|0|0|1|1|0|0|1|1|0|0|NA|NA|NA|NA|NA|0|0|0|0|NA|0
"482450026002"|0|1|1|0|0|0|0|1|1|1|0|0|0|0|1|5912|15872|6234|13704|8920|865|216|946|68697920|72619.3657505285|0
"482450026004"|0|1|0|0|0|0|0|1|1|1|1|0|0|1|0|3353|13313|NA|NA|NA|93|21|174|9195356|52846.8735632184|0
"482450111014"|0|1|0|0|0|0|0|1|1|0|0|1|0|0|0|NA|NA|NA|NA|NA|0|0|0|0|NA|0
"482450111023"|0|1|0|0|0|0|0|1|1|0|0|1|0|0|0|NA|NA|NA|NA|NA|0|0|0|0|NA|0
"482450112011"|0|1|0|0|0|0|0|1|1|0|0|1|0|0|0|NA|NA|NA|NA|NA|0|0|0|0|NA|0
"482450118002"|0|1|0|0|0|0|0|1|1|1|1|0|0|1|0|4288|16738|NA|NA|NA|94|33|126|6102690|48434.0476190476|0
"482511303043"|0|1|1|0|0|0|0|1|1|1|0|0|1|0|0|20904|20904|20904|20904|7600|86|14|170|8547758|50280.9294117647|0
"482511303044"|0|1|1|0|0|0|0|1|1|1|0|0|1|0|0|20904|20904|20904|20904|7600|86|14|170|8547758|50280.9294117647|0
"482570505002"|0|1|0|1|0|0|0|1|1|1|0|0|1|0|0|7070|7070|NA|NA|6270|14|1|16|559076|34942.25|0
"482570505003"|0|1|0|1|0|0|0|1|1|1|0|0|1|0|0|7070|7070|NA|NA|6270|14|1|16|559076|34942.25|0
"482570505004"|0|1|0|1|0|0|0|1|1|1|0|0|1|0|0|7070|7070|NA|NA|6270|14|1|16|559076|34942.25|0
"482659605004"|0|1|0|0|0|0|0|1|1|0|0|1|1|0|0|NA|NA|NA|NA|NA|0|0|0|0|NA|0
"482659606005"|0|1|1|0|0|0|0|1|1|1|0|0|0|1|0|25990|25990|22752|22752|10508|180|53|170|10475506|61620.6235294118|0
"482730203003"|0|1|1|0|0|0|0|1|1|1|0|0|0|1|0|4791|17954|3228|10698|8760|463|191|660|49148922|74468.0636363636|0
"482770010002"|0|1|0|0|0|0|0|1|1|1|1|0|0|1|0|2520|3720|NA|NA|5100|130|46|150|8828112|58854.08|0
"483030004052"|0|1|1|0|1|1|0|1|1|1|0|0|0|1|0|6200|19065|6000|15960|NA|1581|534|650|67132914|103281.406153846|0
"483030005002"|0|1|1|0|1|1|0|1|1|1|0|0|0|1|0|6200|19065|6000|15960|NA|1581|534|650|67132914|103281.406153846|0
"483030005003"|0|2|2|0|1|1|0|2|2|2|0|0|0|1|1|12776|35601|11832|29262|NA|4924|1933|3862|347619850|190606.106029313|0
"483030005004"|0|2|2|0|1|1|0|2|2|1|0|0|0|1|0|NA|NA|NA|NA|NA|1846|636|650|67132914|NA|0
"483030016011"|0|1|1|0|1|1|0|1|1|1|0|0|0|1|0|6200|19065|6000|15960|NA|1581|534|650|67132914|103281.406153846|0
"483030016022"|0|1|1|0|1|1|0|1|1|1|0|0|0|1|0|6200|19065|6000|15960|NA|1581|534|650|67132914|103281.406153846|0
"483030017021"|0|1|1|0|0|0|0|1|1|1|0|0|0|1|0|22240|22240|8370|8370|7702|211|96|190|11790366|62054.5578947368|0
"483030017022"|0|1|0|0|0|0|0|1|1|0|0|1|1|0|0|NA|NA|NA|NA|NA|0|0|0|0|NA|0
"483030017024"|0|1|0|0|0|0|0|1|1|0|0|1|1|0|0|NA|NA|NA|NA|NA|0|0|0|0|NA|0
"483030017092"|0|1|0|0|0|0|0|1|1|0|0|1|1|0|0|NA|NA|NA|NA|NA|0|0|0|0|NA|0
"483030018031"|0|1|0|0|0|0|0|1|1|1|1|0|1|0|0|NA|NA|NA|NA|NA|0|0|0|0|NA|0
"483030022021"|0|1|0|0|0|0|0|1|1|0|0|1|1|0|0|NA|NA|NA|NA|NA|0|0|0|0|NA|0
"483090002002"|0|1|1|0|0|0|0|1|1|1|0|0|0|0|1|41194|41194|30888|30888|12595|1812|400|2212|220498462|99682.849005425|0
"483090003001"|0|1|1|0|0|0|0|1|1|1|0|0|0|0|1|41194|41194|30888|30888|12595|1812|400|2212|220498462|99682.849005425|0
"483090004001"|0|1|1|0|0|0|0|1|1|1|0|0|0|0|1|41194|41194|30888|30888|12595|1812|400|2212|220498462|99682.849005425|0
"483090030001"|0|1|0|0|0|0|0|1|1|1|1|0|0|1|0|3774|3774|NA|NA|NA|342|132|426|29068844|68236.7230046948|0
"483090033001"|0|1|0|0|0|0|0|1|1|1|1|0|0|0|1|5570|10080|NA|NA|7618|994|321|1058|55619360|52570.2835538752|0
"483239505003"|0|1|0|0|0|0|0|1|1|0|0|1|1|0|0|NA|NA|NA|NA|NA|0|0|0|0|NA|0
"483239506012"|0|1|0|0|0|0|0|1|1|0|0|1|1|0|0|NA|NA|NA|NA|NA|0|0|0|0|NA|0
"483290002004"|0|1|0|0|0|0|0|1|1|1|0|0|0|1|0|3540|4800|NA|NA|4900|263|118|278|18678906|67190.309352518|0
"483396907002"|0|1|1|0|0|0|0|1|1|1|0|0|1|0|0|4800|4800|3600|3600|NA|19|1|16|961868|60116.75|0
"483396908001"|0|1|0|0|0|0|0|1|1|1|1|0|0|0|1|3336|4656|NA|NA|NA|1862|608|1834|132617716|72310.641221374|0
"483479506001"|0|1|1|0|0|0|0|1|1|1|0|0|0|0|1|5808|15768|4896|12366|8964|911|313|1064|75843904|71281.8646616541|0
"483479506003"|0|1|1|0|0|0|0|1|1|1|0|0|0|0|1|5808|15768|4896|12366|8964|911|313|1064|75843904|71281.8646616541|0
"483499703002"|0|1|0|0|0|0|0|1|1|1|1|0|0|1|0|1470|3120|NA|NA|6876|245|106|244|15252644|62510.8360655738|0
"483499703003"|0|1|0|0|0|0|0|1|1|1|1|0|0|1|0|1470|3120|NA|NA|6876|245|106|244|15252644|62510.8360655738|0
"483499703004"|0|1|0|0|0|0|0|1|1|1|1|0|0|1|0|1470|3120|NA|NA|6876|245|106|244|15252644|62510.8360655738|0
"483499703005"|0|1|0|0|0|0|0|1|1|1|1|0|0|1|0|1470|3120|NA|NA|6876|245|106|244|15252644|62510.8360655738|0
"483550015001"|0|1|0|0|0|0|0|1|1|0|0|1|1|0|0|NA|NA|NA|NA|NA|0|0|0|0|NA|0
"483550018014"|0|1|0|0|0|0|0|1|1|1|1|0|1|0|0|NA|NA|NA|NA|NA|0|0|0|0|NA|0
"483550018015"|0|2|0|0|0|0|0|2|2|1|1|1|2|0|0|NA|NA|NA|NA|NA|0|0|0|0|NA|0
"483550020011"|0|1|0|0|0|0|0|1|1|1|1|0|0|0|1|1639|2944|NA|NA|NA|365|152|646|44289558|68559.6873065016|0
"483550020014"|0|1|0|0|0|0|0|1|1|1|1|0|0|0|1|1639|2944|NA|NA|NA|365|152|646|44289558|68559.6873065016|0
"483550027044"|0|1|1|0|0|0|0|1|1|1|0|0|0|0|1|4719|14527|3965|12817|10239|788|306|876|63721036|72740.9086757991|0
"483550027061"|0|1|1|0|0|0|0|1|1|1|0|0|0|0|1|4719|14527|3965|12817|10239|788|306|876|63721036|72740.9086757991|0
"483550032041"|0|1|0|0|0|0|0|1|1|0|0|1|1|0|0|NA|NA|NA|NA|NA|0|0|0|0|NA|0
"483610203002"|0|1|0|0|0|0|0|1|1|1|1|0|0|1|0|3360|13320|NA|NA|NA|88|25|82|3839150|46818.9024390244|0
"483610203003"|0|1|0|0|0|0|0|1|1|1|1|0|0|1|0|3360|13320|NA|NA|NA|88|25|82|3839150|46818.9024390244|0
"483659504004"|0|1|0|0|0|0|0|1|1|1|1|0|0|1|0|696|696|NA|NA|5016|80|27|150|8675462|57836.4133333333|0
"483671402002"|0|1|0|0|0|0|0|1|1|1|1|0|0|1|0|3960|5610|NA|NA|8030|183|51|282|17361194|61564.5177304965|0
"483671402003"|0|1|0|0|0|0|0|1|1|1|1|0|0|1|0|3960|5610|NA|NA|8030|183|51|282|17361194|61564.5177304965|0
"483750101001"|0|1|0|0|0|0|0|1|1|0|0|1|1|0|0|NA|NA|NA|NA|NA|0|0|0|0|NA|0
"483750103001"|0|1|0|0|0|0|0|1|1|0|0|1|1|0|0|NA|NA|NA|NA|NA|0|0|0|0|NA|0
"483750117001"|0|2|0|0|0|0|0|2|2|0|0|2|2|0|0|NA|NA|NA|NA|NA|0|0|0|0|NA|0
"483750147002"|0|1|0|0|0|0|0|1|1|1|1|0|0|1|0|1128|2664|NA|NA|NA|417|160|358|19534930|54566.843575419|0
"483810216083"|0|0|0|0|0|0|0|1|0|0|0|0|0|0|0|NA|NA|NA|NA|NA|0|0|0|0|NA|0
"483810217043"|0|1|1|0|0|0|0|1|1|1|0|0|0|0|1|5376|6745|4691|5518|7496|466|194|666|47200438|70871.5285285285|0
"483810218011"|0|1|1|0|0|0|0|1|1|1|0|0|0|0|1|5376|6745|4691|5518|7496|466|194|666|47200438|70871.5285285285|0
"483810218022"|0|1|1|0|0|0|0|1|1|1|0|0|0|0|1|5376|6745|4691|5518|7496|466|194|666|47200438|70871.5285285285|0
"484090106041"|0|1|0|0|0|0|0|1|1|0|0|1|1|0|0|NA|NA|NA|NA|NA|0|0|0|0|NA|0
"484159506002"|0|1|0|0|0|0|0|1|1|1|1|0|0|1|0|2970|4110|NA|NA|5294|121|64|68|3927422|57756.2058823529|0
"484230002012"|0|1|0|1|0|0|0|1|1|1|0|0|0|1|0|8208|8208|NA|NA|7200|95|28|68|2721558|40022.9117647059|0
"484230005001"|0|1|0|0|0|0|0|1|1|0|0|1|1|0|0|NA|NA|NA|NA|NA|0|0|0|0|NA|0
"484230009003"|0|1|0|0|0|0|0|1|1|1|0|0|0|0|1|2160|2736|NA|NA|8538|375|180|632|34640814|54811.414556962|0
"484230017001"|0|0|1|0|1|0|0|1|1|1|0|0|1|0|0|NA|NA|5904|22752|NA|1111|244|134|13672730|102035.298507463|0
"484230018031"|0|1|1|0|0|0|0|1|1|1|0|0|0|0|1|6150|19500|5472|13374|9502|584|263|674|52103308|77304.6112759644|0
"484230018033"|0|1|1|0|0|0|0|1|1|1|0|0|0|0|1|6150|19500|5472|13374|9502|584|263|674|52103308|77304.6112759644|0
"484391015001"|0|1|0|0|0|0|0|1|1|1|1|0|1|0|0|NA|NA|NA|NA|NA|0|0|0|0|NA|0
"484391021005"|0|0|1|0|0|1|0|1|1|1|0|0|0|1|0|NA|NA|4735|17205|NA|0|0|0|0|NA|0
"484391023011"|0|1|0|0|0|0|0|1|1|0|0|1|1|0|0|NA|NA|NA|NA|NA|0|0|0|0|NA|0
"484391024021"|0|1|0|0|0|0|0|1|1|0|0|1|1|0|0|NA|NA|NA|NA|NA|0|0|0|0|NA|0
"484391035004"|0|1|1|0|0|0|0|1|1|1|0|0|0|1|0|26328|26328|15559|15559|10558|223|114|266|21238612|79844.4060150376|0
"484391042013"|0|1|1|0|0|0|0|1|1|1|0|0|0|0|1|46860|46860|29340|29340|12804|1477|524|1418|153051160|107934.527503526|0
"484391042014"|0|1|1|0|0|0|0|1|1|1|0|0|0|0|1|46860|46860|29340|29340|12804|1477|524|1418|153051160|107934.527503526|0
"484391043004"|0|0|1|0|0|0|0|1|1|1|0|0|1|0|0|NA|NA|17730|17730|NA|20|5|34|2993934|88056.8823529412|0
"484391045032"|0|1|0|0|0|0|0|1|0|0|0|0|0|0|0|NA|NA|NA|NA|NA|0|0|0|0|NA|0
"484391050061"|0|1|0|0|0|0|0|1|1|1|1|0|1|0|0|NA|NA|NA|NA|NA|21|2|34|1809974|53234.5294117647|0
"484391055071"|0|1|0|0|0|0|0|1|1|0|0|1|1|0|0|NA|NA|NA|NA|NA|0|0|0|0|NA|0
"484391065143"|0|1|1|0|0|0|0|1|1|1|0|0|1|0|0|12150|12150|4860|4860|6500|21|12|26|1011844|38917.0769230769|0
"484391065152"|0|1|0|0|0|0|0|1|1|1|0|0|1|0|0|15802|15802|NA|NA|NA|32|8|50|2591252|51825.04|0
"484391065161"|0|1|0|0|0|0|0|1|1|1|0|0|1|0|0|15802|15802|NA|NA|NA|32|8|50|2591252|51825.04|0
"484391067001"|0|1|0|0|0|0|0|1|1|0|0|1|1|0|0|NA|NA|NA|NA|NA|0|0|0|0|NA|0
"484391067002"|0|1|0|0|0|0|0|1|1|0|0|1|1|0|0|NA|NA|NA|NA|NA|0|0|0|0|NA|0
"484391101013"|0|1|0|0|0|0|0|1|1|0|0|1|1|0|0|NA|NA|NA|NA|NA|0|0|0|0|NA|0
"484391101014"|0|1|0|0|0|0|0|1|1|0|0|1|1|0|0|NA|NA|NA|NA|NA|0|0|0|0|NA|0
"484391104014"|0|1|0|0|0|0|0|1|1|0|0|1|1|0|0|NA|NA|NA|NA|NA|0|0|0|0|NA|0
"484391115162"|0|1|0|0|0|0|0|1|1|0|0|1|1|0|0|NA|NA|NA|NA|NA|0|0|0|0|NA|0
"484391115253"|0|1|0|0|0|0|0|1|1|0|0|1|1|0|0|NA|NA|NA|NA|NA|0|0|0|0|NA|0
"484391115254"|0|1|0|0|0|0|0|1|1|0|0|1|1|0|0|NA|NA|NA|NA|NA|0|0|0|0|NA|0
"484391115362"|0|1|0|0|0|0|0|1|1|1|1|0|0|1|0|NA|NA|NA|NA|NA|52|13|108|5166288|47836|0
"484391115381"|0|1|0|0|0|0|0|1|1|1|1|0|1|0|0|NA|NA|NA|NA|NA|47|13|36|2175668|60435.2222222222|0
"484391115382"|0|1|0|0|0|0|0|1|1|1|1|0|1|0|0|NA|NA|NA|NA|NA|47|13|36|2175668|60435.2222222222|0
"484391130011"|0|1|0|0|0|0|0|1|1|0|0|1|1|0|0|NA|NA|NA|NA|NA|0|0|0|0|NA|0
"484391130021"|0|1|0|0|0|0|0|1|1|0|0|1|1|0|0|NA|NA|NA|NA|NA|0|0|0|0|NA|0
"484391130023"|0|1|0|0|0|0|0|1|1|0|0|1|1|0|0|NA|NA|NA|NA|NA|0|0|0|0|NA|0
"484391132134"|0|1|0|0|0|0|0|1|1|0|0|1|1|0|0|NA|NA|NA|NA|NA|0|0|0|0|NA|0
"484391134031"|0|1|0|0|0|0|0|1|1|0|0|1|1|0|0|NA|NA|NA|NA|NA|0|0|0|0|NA|0
"484391134032"|0|1|0|0|0|0|0|1|1|0|0|1|1|0|0|NA|NA|NA|NA|NA|0|0|0|0|NA|0
"484391134052"|0|1|0|0|0|0|0|1|1|0|0|1|1|0|0|NA|NA|NA|NA|NA|0|0|0|0|NA|0
"484391134053"|0|1|0|0|0|0|0|1|1|0|0|1|1|0|0|NA|NA|NA|NA|NA|0|0|0|0|NA|0
"484391136122"|0|1|0|0|0|0|0|1|1|0|0|1|1|0|0|NA|NA|NA|NA|NA|0|0|0|0|NA|0
"484391136131"|0|1|0|0|0|0|0|1|1|1|0|0|1|0|0|7800|7800|NA|NA|6350|7|1|4|127416|31854|0
"484391139092"|0|1|1|0|0|0|0|1|1|1|0|0|1|0|0|10920|10920|8550|8550|NA|53|15|22|1926318|87559.9090909091|0
"484391216012"|0|1|1|0|0|0|0|1|1|1|0|0|1|0|0|12150|12150|4860|4860|6500|21|12|26|1011844|38917.0769230769|0
"484391217021"|0|2|0|0|0|0|0|2|1|0|0|1|1|0|0|NA|NA|NA|NA|NA|0|0|0|0|NA|0
"484391217022"|0|1|0|0|0|0|0|1|1|0|0|1|1|0|0|12900|12900|NA|NA|NA|0|0|0|0|NA|0
"484391217041"|0|1|0|0|0|0|0|1|1|0|0|1|1|0|0|NA|NA|NA|NA|NA|0|0|0|0|NA|0
"484391219031"|0|1|0|0|0|0|0|1|1|0|0|1|1|0|0|NA|NA|NA|NA|NA|0|0|0|0|NA|0
"484391219033"|0|1|0|0|0|0|0|1|1|0|0|1|1|0|0|NA|NA|NA|NA|NA|0|0|0|0|NA|0
"484391219041"|0|1|0|0|0|0|0|1|1|1|1|0|1|0|0|NA|NA|NA|NA|NA|0|0|0|0|NA|0
"484391219042"|0|1|0|0|0|0|0|1|1|1|1|0|1|0|0|NA|NA|NA|NA|NA|0|0|0|0|NA|0
"484391223002"|0|1|1|0|0|0|0|1|1|1|0|0|0|0|1|8080|24117|7898|18996|10302|2212|456|2008|167039168|83186.8366533865|0
"484391223003"|0|1|1|0|0|0|0|1|1|1|0|0|0|0|1|8080|24117|7898|18996|10302|2212|456|2008|167039168|83186.8366533865|0
"484391226001"|0|1|0|0|0|0|0|1|1|0|0|1|1|0|0|NA|NA|NA|NA|NA|0|0|0|0|NA|0
"484391226002"|0|1|0|0|0|0|0|1|1|0|0|1|1|0|0|NA|NA|NA|NA|NA|0|0|0|0|NA|0
"484391233001"|0|1|0|0|0|0|0|1|1|1|1|0|0|0|1|3132|7560|NA|NA|NA|1311|500|1512|101241400|66958.5978835979|0
"484391233002"|0|1|0|0|0|0|0|1|1|1|1|0|0|0|1|3132|7560|NA|NA|NA|1311|500|1512|101241400|66958.5978835979|0
"484410101002"|0|1|1|0|0|0|0|1|1|1|0|0|0|1|0|34800|34800|21492|21492|10350|520|285|532|37958160|71349.9248120301|0
"484410102002"|0|1|1|0|0|0|0|1|1|1|0|0|0|1|0|27290|27290|11475|11475|8080|225|114|268|19343682|72177.9179104478|0
"484410114003"|0|1|0|0|0|0|0|1|1|0|0|1|1|0|0|NA|NA|NA|NA|NA|0|0|0|0|NA|0
"484410117001"|0|1|0|0|0|0|0|1|1|0|0|1|1|0|0|NA|NA|NA|NA|NA|0|0|0|0|NA|0
"484410123002"|0|1|1|0|0|0|0|1|1|1|0|0|0|1|0|27154|27154|15264|15264|8602|133|63|158|9390402|59432.9240506329|0
"484499504002"|0|1|0|0|0|0|0|1|1|1|1|0|0|1|0|3090|4530|NA|NA|7340|131|52|132|8232910|62370.5303030303|0
"484510013011"|0|1|1|0|0|0|0|1|1|1|0|0|0|0|1|4205|14165|3964|11434|9130|496|204|612|41180774|67288.8464052288|0
"484510013012"|0|1|1|0|0|0|0|1|1|1|0|0|0|0|1|4205|14165|3964|11434|9130|496|204|612|41180774|67288.8464052288|0
"484510013014"|0|1|1|0|0|0|0|1|1|1|0|0|0|0|1|4205|14165|3964|11434|9130|496|204|612|41180774|67288.8464052288|0
"484510013043"|0|1|0|0|0|0|0|1|1|0|0|1|1|0|0|NA|NA|NA|NA|NA|0|0|0|0|NA|0
"484530005003"|0|0|1|0|0|0|0|1|1|1|0|0|1|0|0|NA|NA|15576|15576|NA|25|4|30|2360316|78677.2|0
"484530006011"|0|0|1|0|0|0|0|1|1|1|0|0|1|0|0|NA|NA|13800|13800|NA|41|16|40|3598008|89950.2|0
"484530006012"|0|1|1|0|1|1|0|1|1|1|0|0|0|0|1|10610|37580|11742|22564|10804|10229|2394|5516|642404422|116462.005438724|0
"484530009012"|0|1|1|1|0|0|0|1|1|1|0|0|0|1|0|12262|12262|8000|8000|7568|80|43|82|4248918|51816.0731707317|0
"484530011001"|0|1|1|0|0|0|0|1|1|0|0|0|0|0|0|NA|NA|NA|NA|NA|628|155|0|0|NA|0
"484530015033"|0|1|0|0|0|0|0|1|1|1|1|0|1|0|0|NA|NA|NA|NA|NA|36|3|34|1783758|52463.4705882353|0
"484530015034"|0|1|0|0|0|0|0|1|1|1|0|0|0|0|1|2010|12480|NA|NA|NA|1662|474|1156|97046126|83949.9359861592|0
"484530017071"|0|1|1|0|0|0|0|1|1|1|0|0|0|1|0|13185|13185|14790|14790|NA|45|0|8|541238|67654.75|0
"484530017073"|0|1|1|0|0|0|0|1|1|1|0|0|0|1|0|13185|13185|14790|14790|NA|45|0|8|541238|67654.75|0
"484530017121"|0|0|1|0|0|0|0|1|1|1|0|0|1|0|0|NA|NA|17043|17043|NA|22|4|22|1442502|65568.2727272727|0
"484530017141"|0|1|1|0|0|0|0|1|1|1|0|0|0|1|0|31030|31030|10455|10455|11020|144|76|126|8041904|63824.6349206349|0
"484530017181"|0|0|1|0|0|0|0|1|1|1|0|0|1|0|0|NA|NA|15000|15000|NA|6|1|0|0|NA|0
"484530017451"|0|1|0|0|0|0|0|1|1|0|0|1|1|0|0|NA|NA|NA|NA|NA|0|0|0|0|NA|0
"484530017503"|0|1|0|0|0|0|0|1|0|0|0|0|0|0|0|NA|NA|NA|NA|NA|0|0|0|0|NA|0
"484530017531"|0|1|0|0|0|0|0|1|1|0|0|1|1|0|0|NA|NA|NA|NA|NA|0|0|0|0|NA|0
"484530017541"|0|1|0|0|0|0|0|1|1|0|0|1|1|0|0|NA|NA|NA|NA|NA|0|0|0|0|NA|0
"484530017543"|0|1|0|0|0|0|0|1|1|0|0|1|1|0|0|NA|NA|NA|NA|NA|0|0|0|0|NA|0
"484530017611"|0|1|0|0|0|0|0|1|1|0|0|1|1|0|0|NA|NA|NA|NA|NA|0|0|0|0|NA|0
"484530017612"|0|1|0|0|0|0|0|1|1|0|0|1|1|0|0|NA|NA|NA|NA|NA|0|0|0|0|NA|0
"484530018042"|0|1|1|0|0|0|0|1|1|1|0|0|1|0|0|9240|9240|6930|6930|NA|8|5|6|494958|82493|0
"484530018121"|0|2|0|0|0|0|0|2|2|1|1|1|2|0|0|NA|NA|NA|NA|NA|15|1|32|1780062|NA|0
"484530018171"|0|2|0|0|0|0|0|2|2|0|0|2|2|0|0|NA|NA|NA|NA|NA|0|0|0|0|NA|0
"484530018341"|0|1|0|0|0|0|0|1|0|0|0|0|0|0|0|NA|NA|NA|NA|NA|0|0|0|0|NA|0
"484530018461"|0|1|0|0|0|0|0|1|1|1|0|0|1|0|0|15000|15000|NA|NA|NA|4|0|4|236644|59161|0
"484530018472"|0|1|0|0|0|0|0|1|1|1|0|0|1|0|0|15000|15000|NA|NA|NA|4|0|4|236644|59161|0
"484530018514"|0|1|0|0|0|0|0|1|1|1|0|0|1|0|0|17568|17568|NA|NA|NA|20|11|4|230276|57569|0
"484530018631"|0|1|0|0|0|0|0|1|1|1|1|0|1|0|0|NA|NA|NA|NA|NA|0|0|0|0|NA|0
"484530018632"|0|1|0|0|0|0|0|1|1|1|1|0|1|0|0|NA|NA|NA|NA|NA|0|0|0|0|NA|0
"484530020021"|0|1|0|0|0|0|0|1|1|1|1|0|1|0|0|NA|NA|NA|NA|NA|242|39|156|6831026|43788.6282051282|0
"484530020041"|0|1|0|0|0|0|0|1|1|0|0|1|1|0|0|NA|NA|NA|NA|NA|0|0|0|0|NA|0
"484530020051"|0|2|1|0|0|0|0|2|2|2|1|0|2|0|0|NA|NA|NA|NA|NA|261|44|170|7597942|98568.3424908425|0
"484530020052"|0|1|0|0|0|0|0|1|1|1|1|0|1|0|0|NA|NA|NA|NA|NA|242|39|156|6831026|43788.6282051282|0
"484530023082"|0|1|1|0|0|0|0|1|1|1|0|0|0|1|0|44678|44678|27720|27720|12560|464|124|366|28798144|78683.4535519126|0
"484530023083"|0|1|1|0|0|0|0|1|1|1|0|0|0|1|0|44678|44678|27720|27720|12560|464|124|366|28798144|78683.4535519126|0
"484530025002"|0|1|0|0|0|0|0|1|1|0|0|1|1|0|0|NA|NA|NA|NA|NA|0|0|0|0|NA|0
"484639502005"|0|1|0|0|0|0|0|1|1|1|1|0|0|1|0|3024|5252|NA|NA|4600|219|72|266|13554188|50955.5939849624|0
"484690002012"|0|1|0|0|0|0|0|1|1|0|0|1|1|0|0|NA|NA|NA|NA|NA|0|0|0|0|NA|0
"484690006022"|0|2|1|0|0|0|0|2|2|2|1|0|0|2|0|6106|18202|NA|NA|NA|485|259|420|29640938|138851.572940849|0
"484690006024"|0|1|0|0|0|0|0|1|1|0|0|1|1|0|0|NA|NA|NA|NA|NA|0|0|0|0|NA|0
"484717907002"|0|1|1|0|0|0|0|1|1|1|0|0|0|0|1|5616|15576|5540|13010|9386|1338|524|1556|108542588|69757.4473007712|0
"484717908002"|0|1|0|0|0|0|0|1|1|0|0|1|1|0|0|NA|NA|NA|NA|NA|0|0|0|0|NA|0
"484736804001"|0|1|1|1|0|0|0|1|1|1|0|0|0|1|0|6286|19779|4411|12552|8925|767|277|806|56021010|69504.9751861042|0
"484771701001"|0|1|0|0|0|0|0|1|1|0|0|1|1|0|0|NA|NA|NA|NA|NA|0|0|0|0|NA|0
"484771704002"|0|1|0|0|0|0|0|1|1|1|1|0|0|0|1|2664|6504|NA|NA|8103|363|59|814|43031562|52864.3267813268|0
"484790009011"|0|1|0|0|0|0|0|1|1|0|0|1|1|0|0|NA|NA|NA|NA|NA|0|0|0|0|NA|0
"484790016021"|0|1|0|0|0|0|0|1|1|0|0|1|1|0|0|NA|NA|NA|NA|NA|0|0|0|0|NA|0
"484790017092"|0|1|0|0|0|0|0|1|1|1|1|0|1|0|0|NA|NA|NA|NA|NA|0|0|0|0|NA|0
"484790017141"|0|1|1|0|0|0|0|1|1|1|0|0|0|1|0|3818|13778|3350|10820|8416|445|185|426|32674572|76700.8732394366|0
"484790019002"|0|1|0|0|0|0|0|1|1|1|1|0|0|0|1|2400|3648|NA|NA|NA|414|161|376|23903986|63574.4308510638|0
"484817405002"|0|1|0|0|0|0|0|1|1|1|1|0|0|1|0|768|2016|NA|NA|4830|192|52|354|21032446|59413.6892655367|0
"484850120002"|0|1|1|0|0|0|0|1|1|1|0|0|0|1|0|5490|7740|3294|4464|8877|424|182|464|33861002|72976.2974137931|0
"484850120003"|0|1|1|0|0|0|0|1|1|1|0|0|0|1|0|5490|7740|3294|4464|8877|424|182|464|33861002|72976.2974137931|0
"484879505001"|0|1|0|0|0|0|0|1|1|1|1|0|0|1|0|2480|3840|NA|NA|4096|143|62|170|9124528|53673.6941176471|0
"484910201101"|0|1|0|0|0|0|0|1|1|1|0|0|1|0|0|15000|15000|NA|NA|NA|1|1|0|0|NA|0
"484910203221"|0|1|0|0|0|0|0|1|1|1|0|0|1|0|0|NA|NA|NA|NA|NA|2|0|2|74934|37467|0
"484910205043"|0|1|1|0|0|0|0|1|1|1|0|0|1|0|0|16920|16920|16620|16620|NA|24|11|16|1309420|81838.75|0
"484910208033"|0|1|0|0|0|0|0|1|1|0|0|1|1|0|0|NA|NA|NA|NA|NA|0|0|0|0|NA|0
"484910214011"|0|2|0|0|0|0|0|2|2|1|0|1|1|1|0|NA|NA|NA|NA|NA|288|106|224|16679580|NA|0
"484910214021"|0|1|0|0|0|0|0|1|1|0|0|1|1|0|0|NA|NA|NA|NA|NA|0|0|0|0|NA|0
"484910215031"|0|1|0|0|0|0|0|1|1|0|0|1|1|0|0|NA|NA|NA|NA|NA|0|0|0|0|NA|0
"484999502003"|0|1|0|0|0|0|0|1|1|0|0|1|1|0|0|NA|NA|NA|NA|NA|0|0|0|0|NA|0
"484999506011"|0|1|0|1|0|0|0|1|1|1|0|0|1|0|0|10400|10400|NA|NA|9880|109|29|56|3140716|56084.2142857143|0
"490050005021"|0|1|0|0|0|0|0|1|1|0|0|1|0|1|0|NA|NA|NA|NA|NA|0|0|0|0|NA|0
"490050005022"|0|1|0|0|0|0|0|1|1|0|0|1|0|1|0|NA|NA|NA|NA|NA|0|0|0|0|NA|0
"490050007021"|0|1|1|0|0|1|0|1|1|1|0|0|0|0|1|6342|20423|5808|20327|7520|2370|859|2014|176682350|87727.0854021847|0
"490050007022"|0|1|1|0|0|1|0|1|1|1|0|0|0|0|1|6342|20423|5808|20327|7520|2370|859|2014|176682350|87727.0854021847|0
"490050010022"|0|1|0|0|0|0|0|1|1|0|0|1|1|0|0|NA|NA|NA|NA|NA|0|0|0|0|NA|0
"490050010023"|0|1|0|0|0|0|0|1|1|1|0|0|1|0|0|18021|18021|NA|NA|NA|5|0|6|291696|48616|0
"490111257011"|0|1|0|0|0|0|0|1|1|0|0|1|1|0|0|NA|NA|NA|NA|NA|0|0|0|0|NA|0
"490111258013"|0|1|0|0|0|0|0|1|1|0|0|1|1|0|0|NA|NA|NA|NA|NA|0|0|0|0|NA|0
"490111260012"|0|1|0|0|0|0|0|1|1|1|0|0|1|0|0|13530|13530|NA|NA|NA|4|1|12|851280|70940|0
"490111271001"|0|1|0|0|0|0|0|1|1|0|0|1|0|1|0|NA|NA|NA|NA|NA|0|0|0|0|NA|0
"490111271003"|0|1|0|0|0|0|0|1|1|0|0|1|0|1|0|NA|NA|NA|NA|NA|0|0|0|0|NA|0
"490111271004"|0|1|0|0|0|0|0|1|1|0|0|1|0|1|0|NA|NA|NA|NA|NA|0|0|0|0|NA|0
"490211104001"|0|1|1|0|0|0|0|1|1|1|0|0|0|0|1|6006|19822|7574|23784|7250|484|111|680|42945990|63155.8676470588|0
"490211104004"|0|1|0|0|0|0|0|1|1|0|0|1|1|0|0|NA|NA|NA|NA|NA|0|0|0|0|NA|0
"490211106001"|0|1|0|0|0|0|0|1|1|0|0|1|1|0|0|NA|NA|NA|NA|NA|0|0|0|0|NA|0
"490351014003"|0|1|1|0|1|1|0|1|1|1|0|0|0|0|1|7997|27990|6988|24665|10262|6060|999|2944|332177322|112831.970788043|0
"490351019002"|0|1|0|0|0|0|0|1|1|0|0|1|1|0|0|NA|NA|NA|NA|NA|0|0|0|0|NA|0
"490351021001"|0|1|0|0|0|0|0|1|1|0|0|1|1|0|0|NA|NA|NA|NA|NA|0|0|0|0|NA|0
"490351025001"|0|1|0|0|0|0|0|1|1|1|1|0|0|1|0|3440|3440|NA|NA|NA|61|6|32|2800800|87525|0
"490351028021"|0|1|0|0|0|0|0|1|1|0|0|1|1|0|0|NA|NA|NA|NA|NA|0|0|0|0|NA|0
"490351033001"|0|1|1|0|0|0|0|1|1|1|0|0|0|1|0|33480|33480|13920|13920|9524|218|48|308|23521898|76369.7987012987|0
"490351048003"|0|1|1|0|0|0|0|1|1|1|0|0|1|0|0|6600|6600|6600|6600|NA|4|1|0|0|NA|0
"490351108003"|0|1|0|0|0|0|0|1|1|0|0|1|1|0|0|NA|NA|NA|NA|NA|0|0|0|0|NA|0
"490351114005"|0|1|0|0|0|0|0|1|1|1|0|0|1|0|0|14700|14700|NA|NA|NA|0|0|0|0|NA|0
"490351114006"|0|1|0|0|0|0|0|1|1|0|0|1|1|0|0|NA|NA|NA|NA|NA|0|0|0|0|NA|0
"490351115001"|0|1|0|0|0|0|0|1|1|0|0|1|1|0|0|NA|NA|NA|NA|NA|0|0|0|0|NA|0
"490351116001"|0|1|0|0|0|0|0|1|1|0|0|1|1|0|0|NA|NA|NA|NA|NA|0|0|0|0|NA|0
"490351119031"|0|2|1|0|0|0|0|2|2|2|1|0|1|0|1|22120|22120|NA|NA|NA|2183|696|5288|325989648|124479.998261814|0
"490351121004"|0|1|1|0|0|0|0|1|1|1|0|0|1|0|0|18021|18021|15616|15616|NA|20|1|16|625200|39075|0
"490351122011"|0|2|2|0|0|0|0|2|2|2|0|0|2|0|0|20452|20452|22752|22752|NA|15|2|24|1423786|NA|0
"490351123013"|0|1|0|0|0|0|0|1|1|0|0|1|1|0|0|NA|NA|NA|NA|NA|0|0|0|0|NA|0
"490351124031"|0|1|0|0|0|0|0|1|1|0|0|1|1|0|0|NA|NA|NA|NA|NA|0|0|0|0|NA|0
"490351124041"|0|1|0|0|0|0|0|1|1|0|0|1|1|0|0|NA|NA|NA|NA|NA|0|0|0|0|NA|0
"490351126133"|0|2|0|0|0|0|0|2|2|0|0|2|2|0|0|NA|NA|NA|NA|NA|0|0|0|0|NA|0
"490351128171"|0|2|1|0|0|0|0|2|2|2|0|0|2|0|0|27564|27564|NA|NA|NA|49|5|52|4273258|NA|0
"490351128172"|0|2|1|0|0|0|0|2|2|2|0|0|2|0|0|27564|27564|NA|NA|NA|49|5|52|4273258|NA|0
"490351128181"|0|2|1|0|0|0|0|2|2|2|0|0|2|0|0|27564|27564|NA|NA|NA|49|5|52|4273258|NA|0
"490351128233"|0|2|1|0|0|0|0|2|2|2|0|0|2|0|0|27564|27564|NA|NA|NA|49|5|52|4273258|NA|0
"490351129073"|0|1|1|0|0|0|0|1|1|1|0|0|1|0|0|14700|14700|15000|15000|NA|5|0|10|440000|44000|0
"490351129181"|0|1|0|0|0|0|0|1|1|0|0|1|1|0|0|NA|NA|NA|NA|NA|0|0|0|0|NA|0
"490351130103"|0|1|0|0|0|0|0|1|1|0|0|1|1|0|0|NA|NA|NA|NA|NA|0|0|0|0|NA|0
"490351130122"|0|1|0|0|0|0|0|1|1|0|0|1|1|0|0|NA|NA|NA|NA|NA|0|0|0|0|NA|0
"490351135092"|0|1|0|0|0|0|0|1|1|0|0|1|1|0|0|NA|NA|NA|NA|NA|0|0|0|0|NA|0
"490351135103"|0|1|0|0|0|0|0|1|1|1|1|0|0|0|1|3369|11732|NA|NA|NA|905|425|690|41179082|59679.8289855072|0
"490351135134"|0|1|0|0|0|0|0|1|1|0|0|1|1|0|0|NA|NA|NA|NA|NA|0|0|0|0|NA|0
"490351140001"|0|2|0|0|0|0|0|2|2|2|0|0|2|0|0|NA|NA|NA|NA|NA|106|30|96|7452292|164204.111111111|0
"490399724003"|0|1|0|0|0|0|0|1|1|1|0|0|0|1|0|3326|12146|NA|NA|4200|195|33|294|17497570|59515.5442176871|0
"490399724004"|0|1|0|0|0|0|0|1|1|1|0|0|0|1|0|3326|12146|NA|NA|4200|195|33|294|17497570|59515.5442176871|0
"490451311001"|0|1|0|0|0|0|0|1|1|0|0|1|1|0|0|NA|NA|NA|NA|NA|0|0|0|0|NA|0
"490479402012"|0|1|0|0|0|0|0|1|1|0|0|1|0|1|0|NA|NA|NA|NA|NA|0|0|0|0|NA|0
"490479402015"|0|1|0|0|0|0|0|1|1|0|0|1|0|1|0|NA|NA|NA|NA|NA|0|0|0|0|NA|0
"490490004002"|0|1|0|0|0|0|0|1|1|0|0|1|1|0|0|NA|NA|NA|NA|NA|0|0|0|0|NA|0
"490490008023"|0|1|0|0|0|0|0|1|1|0|0|1|1|0|0|NA|NA|NA|NA|NA|0|0|0|0|NA|0
"490490011031"|0|1|1|0|0|0|0|1|1|1|0|0|0|0|1|5036|15606|9872|28729|NA|1330|307|1446|105135422|72707.7607192255|0
"490490012011"|0|1|0|0|0|0|0|1|1|0|0|1|1|0|0|NA|NA|NA|NA|NA|0|0|0|0|NA|0
"490490012012"|0|1|0|0|0|0|0|1|1|1|0|0|1|0|0|18021|18021|NA|NA|NA|9|0|6|299034|49839|0
"490490014021"|0|1|0|0|0|0|0|1|1|0|0|1|1|0|0|NA|NA|NA|NA|NA|0|0|0|0|NA|0
"490490014023"|0|1|0|0|0|0|0|1|1|0|0|1|1|0|0|NA|NA|NA|NA|NA|0|0|0|0|NA|0
"490490014024"|0|1|0|0|0|0|0|1|1|0|0|1|1|0|0|NA|NA|NA|NA|NA|0|0|0|0|NA|0
"490490016012"|0|1|1|0|0|0|0|1|1|1|0|0|0|0|1|5620|5620|7080|7080|7628|3021|925|2542|308164530|121229.162077105|0
"490490016024"|0|1|1|0|0|0|0|1|1|1|0|0|0|0|1|5620|5620|7080|7080|7628|3021|925|2542|308164530|121229.162077105|0
"490490017023"|0|1|0|0|0|0|0|1|1|0|0|1|1|0|0|NA|NA|NA|NA|NA|0|0|0|0|NA|0
"490490018011"|0|1|1|0|0|0|0|1|1|1|0|0|0|0|1|5620|5620|7080|7080|7628|3021|925|2542|308164530|121229.162077105|0
"490490019003"|0|2|0|0|0|0|0|2|2|0|0|2|2|0|0|NA|NA|NA|NA|NA|0|0|0|0|NA|0
"490490021011"|0|1|0|0|0|0|0|1|1|1|0|0|1|0|0|12880|12880|NA|NA|NA|14|1|26|1916870|73725.7692307692|0
"490490022011"|0|1|0|0|0|0|0|1|1|1|0|0|1|0|0|NA|NA|NA|NA|NA|4|0|10|1020000|102000|0
"490490022041"|0|1|0|0|0|0|0|1|1|1|0|0|1|0|0|NA|NA|NA|NA|NA|4|0|10|1020000|102000|0
"490490024001"|0|2|0|0|0|0|0|2|2|0|0|2|2|0|0|NA|NA|NA|NA|NA|0|0|0|0|NA|0
"490490028012"|0|0|1|0|0|0|0|1|1|1|0|0|1|0|0|NA|NA|15704|15704|NA|70|13|100|9421368|94213.68|0
"490490034021"|0|1|0|0|0|0|0|1|1|0|0|1|1|0|0|NA|NA|NA|NA|NA|0|0|0|0|NA|0
"490490101083"|0|1|0|0|0|0|0|1|1|0|0|1|0|1|0|NA|NA|NA|NA|NA|0|0|0|0|NA|0
"490519601002"|0|1|0|0|0|0|0|1|1|0|0|1|1|0|0|NA|NA|NA|NA|NA|0|0|0|0|NA|0
"490532703002"|0|1|0|0|0|0|0|1|1|0|0|1|1|0|0|NA|NA|NA|NA|NA|0|0|0|0|NA|0
"490532706003"|0|1|0|0|0|0|0|1|1|0|0|1|1|0|0|NA|NA|NA|NA|NA|0|0|0|0|NA|0
"490532712002"|0|2|0|0|0|0|0|2|2|1|0|1|2|0|0|NA|NA|NA|NA|NA|10|1|10|385272|NA|0
"490532713002"|0|1|1|0|0|0|0|1|1|1|0|0|0|1|0|4458|14256|7200|18000|6652|372|138|422|27638064|65493.0426540284|0
"490532715001"|0|1|0|0|0|0|0|1|1|0|0|1|1|0|0|NA|NA|NA|NA|NA|0|0|0|0|NA|0
"490532715002"|0|2|0|0|0|0|0|2|2|0|0|2|2|0|0|NA|NA|NA|NA|NA|0|0|0|0|NA|0
"490532718001"|0|1|0|0|0|0|0|1|1|1|0|0|1|0|0|18021|18021|NA|NA|NA|10|1|10|385272|38527.2|0
"490532718002"|0|1|0|0|0|0|0|1|1|1|0|0|1|0|0|18021|18021|NA|NA|NA|10|1|10|385272|38527.2|0
"490572002021"|0|1|0|0|0|0|0|1|1|0|0|1|0|1|0|NA|NA|NA|NA|NA|0|0|0|0|NA|0
"490572011001"|0|1|0|0|0|0|0|1|1|0|0|1|1|0|0|NA|NA|NA|NA|NA|0|0|0|0|NA|0
"490572104022"|0|2|1|0|0|0|0|2|2|2|0|0|1|0|1|36042|36042|NA|NA|NA|189|3|368|20179570|138785|0
"490572104042"|0|2|1|0|0|0|0|2|2|2|0|0|1|0|1|36042|36042|NA|NA|NA|189|3|368|20179570|138785|0
"490572105052"|0|2|1|0|0|0|0|2|2|2|0|0|1|0|1|36042|36042|NA|NA|NA|189|3|368|20179570|138785|0
"500019608002"|0|1|1|0|0|0|0|1|1|1|0|0|0|1|0|54032|54032|NA|NA|15530|824|223|638|65275354|102312.46708464|0
"500019608003"|0|1|1|0|0|0|0|1|1|1|0|0|0|1|0|54032|54032|NA|NA|15530|824|223|638|65275354|102312.46708464|0
"500039710001"|0|1|0|0|0|0|0|1|1|1|0|0|1|0|0|25236|25236|NA|NA|11000|74|16|54|3014970|55832.7777777778|0
"500039710002"|0|2|1|0|0|0|0|2|2|2|0|0|2|0|0|78396|78396|NA|NA|26610|294|84|180|14073182|143596.365079365|0
"500039712003"|0|1|1|0|0|0|0|1|1|1|0|0|1|0|0|53160|53160|23500|23500|15610|220|68|126|11058212|87763.5873015873|0
"500039713002"|0|1|0|0|0|0|0|1|1|1|0|0|1|0|0|25236|25236|NA|NA|11000|74|16|54|3014970|55832.7777777778|0
"500059573003"|0|1|1|0|0|0|0|2|0|0|0|0|0|0|0|NA|NA|NA|NA|NA|0|0|0|0|NA|0
"500059574001"|0|1|1|0|0|0|0|2|0|0|0|0|0|0|0|NA|NA|NA|NA|NA|0|0|0|0|NA|0
"500070006001"|0|1|1|0|0|1|0|1|1|1|0|0|0|0|1|15936|40176|11952|30132|12492|1985|563|1232|114417402|92871.2678571429|0
"500070022003"|0|1|1|0|0|0|0|1|1|1|0|0|0|1|0|45050|45050|10620|10620|12220|231|63|250|19130208|76520.832|0
"500070025001"|0|1|1|0|0|0|0|1|1|1|0|0|0|1|0|45050|45050|10620|10620|12220|231|63|250|19130208|76520.832|0
"500070025003"|0|1|1|0|0|0|0|1|1|1|0|0|0|1|0|45050|45050|10620|10620|12220|231|63|250|19130208|76520.832|0
"500070031001"|0|1|0|0|0|0|0|1|1|0|0|1|1|0|0|NA|NA|NA|NA|NA|0|0|0|0|NA|0
"500070031003"|0|1|0|0|0|0|0|1|1|0|0|1|1|0|0|NA|NA|NA|NA|NA|0|0|0|0|NA|0
"500070033011"|0|1|0|0|0|0|0|1|1|0|0|1|1|0|0|NA|NA|NA|NA|NA|0|0|0|0|NA|0
"500070036001"|0|1|1|0|0|1|0|1|1|1|0|0|0|0|1|15936|40176|11952|30132|12492|1985|563|1232|114417402|92871.2678571429|0
"500070039001"|0|1|1|0|0|0|0|1|1|1|0|0|0|1|0|40910|40910|14310|14310|15354|255|66|242|19583506|80923.5785123967|0
"500070039002"|0|2|2|0|0|1|0|2|2|2|0|0|0|1|1|56846|81086|26262|44442|27846|2240|629|1474|134000908|173794.84636954|0
"500070039003"|0|2|2|0|0|1|0|2|2|2|0|0|0|1|1|56846|81086|26262|44442|27846|2240|629|1474|134000908|173794.84636954|0
"500070040021"|0|1|0|0|0|0|0|1|1|0|0|1|1|0|0|NA|NA|NA|NA|NA|0|0|0|0|NA|0
"500159532001"|0|1|1|0|0|0|0|1|1|1|0|0|0|1|0|10944|24264|10584|15408|10600|168|45|156|9502414|60912.9102564103|0
"500179594002"|0|1|1|0|0|0|0|1|1|1|0|0|0|1|0|13896|26568|13032|24930|10598|151|23|156|9028416|57874.4615384615|0
"500199517004"|0|1|0|0|0|0|0|1|1|1|0|0|1|0|0|34000|34000|NA|NA|9900|31|7|32|1581980|49436.875|0
"500219627002"|0|1|1|0|0|0|0|1|1|1|0|0|1|0|0|17500|17500|14000|14000|12000|23|3|22|1054308|47923.0909090909|0
"500219633006"|0|1|1|0|0|0|0|1|1|1|0|0|1|0|0|17500|17500|14000|14000|12000|23|3|22|1054308|47923.0909090909|0
"500219636002"|0|1|1|0|0|0|0|1|1|1|0|0|0|1|0|11184|27192|11250|11250|10598|158|47|150|8960254|59735.0266666667|0
"500219638002"|0|1|1|0|0|0|0|1|1|1|0|0|1|0|0|35560|35560|15225|15225|11722|61|24|82|4674140|57001.7073170732|0
"500239540003"|0|1|1|0|0|0|0|1|1|1|0|0|1|0|0|16586|16586|18842|18842|NA|63|10|24|1398770|58282.0833333333|0
"500239542002"|0|1|0|0|0|0|0|1|1|1|1|0|0|1|0|6970|13940|NA|NA|NA|154|49|0|0|NA|0
"500239546001"|0|1|0|0|0|0|0|1|1|1|1|0|0|1|0|6970|13940|NA|NA|NA|154|49|0|0|NA|0
"500239546002"|0|1|0|0|0|0|0|1|1|1|0|0|1|0|0|21000|21000|NA|NA|10466|13|1|18|966776|53709.7777777778|0
"500239548002"|0|1|2|0|0|0|0|2|2|1|0|0|1|0|0|NA|NA|NA|NA|NA|74|21|0|0|NA|0
"500239550002"|0|1|1|0|0|0|0|1|1|1|0|0|1|0|0|16586|16586|18842|18842|NA|63|10|24|1398770|58282.0833333333|0
"500239555001"|0|1|1|0|0|0|0|1|1|1|0|0|0|1|0|37834|37834|17710|17710|13840|432|194|320|21816524|68176.6375|0
"500239555005"|0|1|1|0|0|0|0|1|1|1|0|0|0|1|0|37834|37834|17710|17710|13840|432|194|320|21816524|68176.6375|0
"500259677001"|0|1|1|0|0|0|0|1|1|1|0|0|1|0|0|56800|56800|NA|NA|11840|126|18|138|8109716|58766.0579710145|0
"500259678002"|0|2|2|0|0|0|0|2|2|2|0|0|2|0|0|NA|NA|56920|56920|NA|66|23|68|4020560|NA|0
"500259682001"|0|2|2|0|0|0|0|2|2|2|0|0|2|0|0|NA|NA|56920|56920|NA|66|23|68|4020560|NA|0
"500259682002"|0|2|2|0|0|0|0|2|2|2|0|0|2|0|0|NA|NA|56920|56920|NA|66|23|68|4020560|NA|0
"500259686002"|0|0|1|0|0|0|0|1|1|1|0|0|1|0|0|NA|NA|40554|40554|NA|70|18|10|699792|69979.2|0
"500279651002"|0|0|1|0|0|0|0|1|1|1|0|0|1|0|0|NA|NA|40345|40345|NA|78|26|94|8559418|91057.6382978723|0
"510010907002"|0|1|0|0|0|0|0|1|1|1|1|0|1|0|0|4620|9918|NA|NA|NA|35|6|30|1753548|58451.6|0
"510030108003"|0|1|0|0|0|0|0|1|1|0|0|1|1|0|0|NA|NA|NA|NA|NA|0|0|0|0|NA|0
"510030109032"|0|1|1|0|1|1|0|1|1|1|0|0|0|0|1|14509|46000|16018|26830|11590|5342|1073|2990|410345730|137239.37458194|0
"510030113032"|0|1|0|0|0|0|0|1|1|1|1|0|0|1|0|4650|9948|NA|NA|NA|124|35|156|9706052|62218.2820512821|0
"510050802012"|0|1|0|0|0|0|0|1|1|1|1|0|1|0|0|4620|9918|NA|NA|NA|47|6|34|1947318|57274.0588235294|0
"510090102003"|0|1|1|0|0|0|0|1|1|1|0|0|1|0|0|21000|21000|11100|11100|13000|140|54|90|5390122|59890.2444444444|0
"510090102004"|0|1|1|0|0|0|0|1|1|1|0|0|1|0|0|21000|21000|11100|11100|13000|140|54|90|5390122|59890.2444444444|0
"510131003005"|0|1|1|0|0|0|0|1|1|1|0|0|0|1|0|30990|30990|18180|18180|13190|257|81|334|26009116|77871.6047904192|0
"510131016033"|0|3|1|0|0|0|0|3|2|2|0|0|2|0|0|NA|NA|NA|NA|NA|13|2|148|6256838|NA|0
"510131017022"|0|1|1|0|0|0|0|1|1|1|0|0|1|0|0|13344|13344|13639|13639|NA|0|0|0|0|NA|0
"510131018021"|0|1|1|0|0|0|0|1|1|1|0|0|0|1|0|13185|13185|14790|14790|NA|94|0|40|2706086|67652.15|0
"510131034022"|0|0|1|0|0|0|0|1|1|1|0|0|1|0|0|NA|NA|15436|15436|NA|30|5|40|3478274|86956.85|0
"510131034024"|0|2|1|0|0|0|0|2|2|2|0|0|2|0|0|33617|33617|NA|NA|NA|45|6|32|2733544|177181.179487179|0
"510139801001"|0|3|1|0|0|0|0|3|2|2|0|0|2|0|0|NA|NA|NA|NA|NA|13|2|148|6256838|NA|0
"510150703001"|0|1|0|0|0|0|0|1|1|1|1|0|0|1|0|4620|9918|NA|NA|NA|112|22|136|8193252|60244.5|0
"510150706002"|0|1|0|0|0|0|0|1|1|0|0|1|1|0|0|NA|NA|NA|NA|NA|0|0|0|0|NA|0
"510190301041"|0|1|0|0|0|0|0|1|0|0|0|0|0|0|0|NA|NA|NA|NA|NA|0|0|0|0|NA|0
"510259301002"|0|1|0|0|0|0|0|1|1|1|1|0|0|1|0|4620|9918|NA|NA|NA|115|22|102|6397224|62717.8823529412|0
"510270101002"|0|0|1|0|0|0|0|1|1|1|0|0|1|0|0|NA|NA|35000|35000|NA|26|14|38|2120400|55800|0
"510270101004"|0|0|1|0|0|0|0|1|1|1|0|0|1|0|0|NA|NA|35000|35000|NA|26|14|38|2120400|55800|0
"510270106002"|0|0|1|0|0|0|0|1|1|1|0|0|1|0|0|NA|NA|NA|NA|NA|26|5|52|5099358|98064.5769230769|0
"510411001071"|0|2|0|0|0|0|0|2|2|2|2|0|2|0|0|NA|NA|NA|NA|NA|12|8|10|392370|NA|0
"510411002061"|0|1|0|0|0|0|0|1|1|1|0|0|1|0|0|16145|16145|NA|NA|NA|47|29|46|3213910|69867.6086956522|0
"510411002101"|0|1|0|0|0|0|0|1|1|1|1|0|1|0|0|NA|NA|NA|NA|NA|0|0|0|0|NA|0
"510411005053"|0|1|0|0|0|0|0|1|1|1|1|0|0|0|1|4650|9948|NA|NA|NA|158|34|222|13735832|61873.1171171171|0
"510411005092"|0|1|0|0|0|0|0|1|1|1|1|0|1|0|0|NA|NA|NA|NA|NA|17|6|6|405600|67600|0
"510411006002"|0|1|1|1|0|0|0|1|1|1|0|0|0|1|0|5540|16060|8131|18084|11208|492|110|516|36906834|71524.8720930233|0
"510411009343"|0|1|0|0|0|0|0|1|1|0|0|1|1|0|0|NA|NA|NA|NA|NA|0|0|0|0|NA|0
"510479304002"|0|1|0|0|0|0|0|1|1|0|0|1|1|0|0|NA|NA|NA|NA|NA|0|0|0|0|NA|0
"510479304003"|0|1|0|0|0|0|0|1|1|1|1|0|0|1|0|4650|9948|NA|NA|NA|158|34|172|10106180|58756.8604651163|0
"510479305022"|0|1|0|0|0|0|0|1|1|0|0|1|1|0|0|NA|NA|NA|NA|NA|0|0|0|0|NA|0
"510538405001"|0|1|0|0|0|0|0|1|1|1|1|0|0|1|0|6000|19710|NA|NA|10039|73|19|70|3983076|56901.0857142857|0
"510594160001"|0|1|0|0|0|0|0|1|1|1|1|0|1|0|0|16000|16000|NA|NA|NA|6|0|14|1009492|72106.5714285714|0
"510594401003"|0|0|1|0|1|0|0|1|1|1|0|0|1|0|0|NA|NA|6120|6120|NA|12|3|4|214000|53500|0
"510594405021"|0|1|1|0|0|0|0|1|1|1|0|0|0|0|1|9060|32520|11736|32322|12426|2865|672|2690|274578594|102073.826765799|0
"510594408003"|0|1|0|0|0|0|0|1|1|1|1|0|0|0|1|5412|10790|NA|NA|NA|1043|276|1240|89902554|72502.0596774194|0
"510594503004"|0|1|0|0|0|0|0|1|1|0|0|1|1|0|0|NA|NA|NA|NA|NA|0|0|0|0|NA|0
"510594526003"|0|1|0|0|0|0|0|1|1|0|0|1|1|0|0|NA|NA|NA|NA|NA|0|0|0|0|NA|0
"510594604003"|0|3|1|0|0|0|0|3|3|2|1|1|3|0|0|NA|NA|NA|NA|NA|13|2|2|96000|NA|0
"510594605011"|0|5|2|0|0|0|0|5|5|3|1|2|5|0|0|NA|NA|NA|NA|NA|25|6|4|236000|NA|0
"510594605023"|0|2|1|0|0|0|0|2|2|1|0|1|2|0|0|NA|NA|NA|NA|NA|12|4|2|140000|NA|0
"510594612021"|0|1|1|0|0|0|0|1|1|1|0|0|0|1|0|14985|14985|13365|13365|NA|186|23|234|18318654|78284.8461538462|0
"510594618023"|0|1|1|0|0|0|0|1|1|1|0|0|0|1|0|14985|14985|13365|13365|NA|186|23|234|18318654|78284.8461538462|0
"510594711001"|0|1|0|0|0|0|0|1|1|1|1|0|1|0|0|NA|NA|NA|NA|NA|9|2|8|866636|108329.5|0
"510594802022"|0|1|0|0|0|0|0|1|1|0|0|1|1|0|0|NA|NA|NA|NA|NA|0|0|0|0|NA|0
"510594804012"|0|1|0|0|0|0|0|1|1|0|0|1|1|0|0|NA|NA|NA|NA|NA|0|0|0|0|NA|0
"510594822022"|0|1|0|0|0|0|0|1|1|0|0|1|1|0|0|NA|NA|NA|NA|NA|0|0|0|0|NA|0
"510594823011"|0|1|0|0|0|0|0|1|1|0|0|1|1|0|0|NA|NA|NA|NA|NA|0|0|0|0|NA|0
"510594905023"|0|1|1|0|0|0|0|1|1|1|0|0|1|0|0|10128|10128|13068|13068|NA|47|7|16|1211180|75698.75|0
"510594913031"|0|1|0|0|0|0|0|1|1|1|1|0|1|0|0|NA|NA|NA|NA|NA|1|1|0|0|NA|0
"510670206001"|0|1|0|0|0|0|0|1|1|1|0|0|0|1|0|34060|34060|NA|NA|11875|216|63|140|7504444|53603.1714285714|0
"510690507002"|0|1|0|0|0|0|0|1|1|1|1|0|0|1|0|4620|9918|NA|NA|NA|141|29|142|8976732|63216.4225352113|0
"510731001001"|0|1|0|0|0|0|0|1|1|1|1|0|0|1|0|4620|9918|NA|NA|NA|85|19|58|3383086|58329.0689655172|0
"510731002012"|0|1|0|0|0|0|0|1|1|1|1|0|0|1|0|4620|9918|NA|NA|NA|85|19|58|3383086|58329.0689655172|0
"510731003012"|0|1|0|0|0|0|0|1|1|0|0|1|1|0|0|NA|NA|NA|NA|NA|0|0|0|0|NA|0
"510853206012"|0|1|0|0|0|0|0|1|1|1|0|0|0|1|0|40000|40000|NA|NA|11860|260|78|214|16067242|75080.570093458|0
"510872001081"|0|1|1|0|0|0|0|1|1|1|0|0|0|1|0|52610|52610|24720|24720|12250|1195|303|818|94033800|114955.745721271|0
"510872001191"|0|1|1|0|0|0|0|1|1|1|0|0|1|0|0|9552|9552|16752|16752|NA|11|1|0|0|NA|0
"510872001194"|0|1|1|0|0|0|0|1|1|1|0|0|1|0|0|9552|9552|16752|16752|NA|11|1|0|0|NA|0
"510872001261"|0|2|0|0|0|0|0|2|2|0|0|2|2|0|0|NA|NA|NA|NA|NA|0|0|0|0|NA|0
"510872001282"|0|1|1|0|0|0|0|1|1|1|0|0|1|0|0|16920|16920|16620|16620|NA|33|15|34|2462264|72419.5294117647|0
"510872002021"|0|1|1|0|0|0|0|1|1|1|0|0|0|1|0|52610|52610|24720|24720|12250|1195|303|818|94033800|114955.745721271|0
"510872002022"|0|1|1|0|0|0|0|1|1|1|0|0|0|1|0|52610|52610|24720|24720|12250|1195|303|818|94033800|114955.745721271|0
"510872004091"|0|1|0|0|0|0|0|1|1|0|0|1|1|0|0|NA|NA|NA|NA|NA|0|0|0|0|NA|0
"510872005022"|0|1|0|0|0|0|0|1|1|1|1|0|1|0|0|13731|13731|NA|NA|NA|15|4|32|1473796|46056.125|0
"510872008011"|0|1|1|0|0|0|0|2|2|2|1|0|1|1|0|NA|NA|NA|NA|NA|266|55|250|15919920|132724.991666667|0
"510872008021"|0|1|1|0|0|0|0|2|2|2|1|0|1|1|0|NA|NA|NA|NA|NA|266|55|250|15919920|132724.991666667|0
"510872009042"|0|2|0|0|0|0|0|2|2|1|0|1|2|0|0|NA|NA|NA|NA|NA|39|11|54|4144612|NA|0
"510890103001"|0|1|0|0|0|0|0|1|1|1|1|0|0|1|0|4620|9918|NA|NA|NA|99|35|82|4514896|55059.7073170732|0
"510950801014"|0|1|1|0|0|0|0|1|1|1|0|0|0|1|0|15864|38735|10064|27086|12236|1748|437|1404|144454964|102888.150997151|0
"511210201001"|0|1|1|0|0|1|0|1|1|1|0|0|0|0|1|11420|29104|13310|26825|8934|6512|1495|3876|437756704|112940.326109391|0
"511210207001"|0|1|1|0|0|1|0|1|1|1|0|0|0|0|1|11420|29104|13310|26825|8934|6512|1495|3876|437756704|112940.326109391|0
"511210207002"|0|0|1|0|0|1|0|2|1|1|0|0|0|1|0|NA|NA|NA|NA|NA|0|0|0|0|NA|0
"511371101031"|0|1|0|0|0|0|0|1|1|1|1|0|0|1|0|4650|9948|NA|NA|NA|158|34|172|10106180|58756.8604651163|0
"511479302031"|0|1|1|0|0|0|0|1|1|1|0|0|0|1|0|7940|23300|6480|17910|10890|533|170|540|36417200|67439.2592592593|0
"511479303002"|0|1|0|0|0|0|0|1|1|1|0|0|0|1|0|43446|43446|NA|NA|13558|243|73|206|14993680|72784.854368932|0
"511539004031"|0|2|0|0|0|0|0|2|1|0|0|1|1|0|0|NA|NA|NA|NA|NA|0|0|0|0|NA|0
"511539016025"|0|1|0|0|0|0|0|1|1|0|0|1|1|0|0|16520|16520|NA|NA|NA|0|0|0|0|NA|0
"511552102021"|0|1|0|0|0|0|0|1|1|1|1|0|0|1|0|4620|9918|NA|NA|NA|72|23|98|6451604|65832.693877551|0
"511610302012"|0|1|1|0|0|0|0|1|1|1|0|0|0|1|0|15732|15732|10608|10608|NA|69|29|10|422106|42210.6|0
"511610302031"|0|1|1|0|0|0|0|1|1|1|0|0|1|0|0|38400|38400|16176|16176|13620|173|39|172|11564650|67236.3372093023|0
"511610303004"|0|1|0|0|0|0|0|1|1|1|0|0|0|1|0|42446|42446|NA|NA|13690|222|66|346|23902618|69082.710982659|0
"511610308013"|0|1|0|0|0|0|0|1|0|0|0|0|0|0|0|NA|NA|NA|NA|NA|0|0|0|0|NA|0
"511639302002"|0|2|1|0|0|0|0|2|2|2|0|0|0|2|0|60704|87548|NA|NA|23407|1082|339|766|77438870|194038.302331002|0
"511650115003"|0|1|1|0|0|0|0|1|1|1|0|0|0|1|0|34300|34300|19139|19139|12720|228|86|232|14027140|60461.8103448276|0
"511770202041"|0|1|0|0|0|0|0|1|1|1|1|0|1|0|0|NA|NA|NA|NA|NA|21|2|6|440000|73333.3333333333|0
"511770202042"|0|1|0|0|0|0|0|1|1|1|1|0|1|0|0|NA|NA|NA|NA|NA|21|2|6|440000|73333.3333333333|0
"511850202001"|0|1|1|0|0|0|0|1|1|1|0|0|0|1|0|24520|24520|8520|8520|9024|102|34|86|4488518|52192.0697674419|0
"511850202003"|0|1|1|0|0|0|0|1|1|1|0|0|0|1|0|24520|24520|8520|8520|9024|102|34|86|4488518|52192.0697674419|0
"511850206001"|0|1|0|0|0|0|0|1|1|1|1|0|0|1|0|4620|9918|NA|NA|NA|82|23|76|4312952|56749.3684210526|0
"511910105023"|0|1|0|0|0|0|0|1|1|1|1|0|0|1|0|4620|9918|NA|NA|NA|59|10|96|5490626|57194.0208333333|0
"511910106021"|0|1|1|0|0|0|0|1|1|1|0|0|0|1|0|34500|34500|22354|22354|12100|167|73|200|13764624|68823.12|0
"511959312002"|0|1|0|0|0|0|0|1|1|1|1|0|0|1|0|4620|9918|NA|NA|NA|96|25|80|4566226|57077.825|0
"511959314001"|0|1|0|0|0|0|0|1|1|1|0|0|0|1|0|5527|22584|NA|NA|10438|216|75|214|15020860|70190.9345794393|0
"511970502005"|0|1|0|0|0|0|0|1|1|1|1|0|0|1|0|4620|9918|NA|NA|NA|62|17|78|4579632|58713.2307692308|0
"511990503052"|0|1|0|0|0|0|0|1|1|1|1|0|1|0|0|15750|15750|NA|NA|NA|16|10|22|897146|40779.3636363636|0
"515309306001"|0|1|0|0|0|0|0|1|1|1|0|0|0|1|0|16495|16495|NA|NA|6766|141|58|110|6610356|60094.1454545455|0
"515309306005"|0|1|0|0|0|0|0|1|1|1|0|0|0|1|0|16495|16495|NA|NA|6766|141|58|110|6610356|60094.1454545455|0
"515400008004"|0|1|0|0|0|0|0|1|1|0|0|1|1|0|0|NA|NA|NA|NA|NA|0|0|0|0|NA|0
"515500207002"|0|1|0|0|0|0|0|1|1|0|0|1|1|0|0|16520|16520|NA|NA|NA|0|0|0|0|NA|0
"515500208051"|0|2|1|0|0|0|0|2|2|2|0|0|2|0|0|16857|16857|NA|NA|NA|52|20|76|5496848|124452.75|0
"515500208091"|0|1|0|0|0|0|0|1|0|0|0|0|0|0|0|NA|NA|NA|NA|NA|0|0|0|0|NA|0
"515708302001"|0|1|0|0|0|0|0|1|1|1|1|0|1|0|0|11440|11440|NA|NA|NA|11|1|18|1273292|70738.4444444444|0
"515900007001"|0|2|1|0|0|0|0|2|2|2|0|0|2|0|0|45920|45920|NA|NA|NA|165|55|116|6468564|120297.124528302|0
"515900007003"|0|1|0|0|0|0|0|1|1|1|1|0|1|0|0|4750|4750|NA|NA|NA|1|0|4|179206|44801.5|0
"515900010001"|0|1|0|0|0|0|0|1|1|1|1|0|0|1|0|4620|9918|NA|NA|NA|73|21|96|5612790|58466.5625|0
"516105003002"|0|1|0|0|0|0|0|1|1|0|0|1|1|0|0|NA|NA|NA|NA|NA|0|0|0|0|NA|0
"516200901001"|0|1|0|0|0|0|0|1|1|1|1|0|0|1|0|4620|9918|NA|NA|NA|43|9|38|2208868|58128.1052631579|0
"516300003011"|0|1|1|0|0|0|0|1|1|1|0|0|0|1|0|6362|22236|7182|16884|11218|467|122|508|37768966|74348.3582677165|0
"516500103041"|0|1|0|0|0|0|0|1|1|1|1|0|0|1|0|4680|9978|NA|NA|NA|240|63|226|15135558|66971.4955752212|0
"516500103121"|0|1|0|0|0|0|0|1|1|1|0|0|1|0|0|8320|8320|NA|NA|NA|2|0|0|0|NA|0
"516500103131"|0|1|0|0|0|0|0|1|1|1|0|0|1|0|0|16630|16630|NA|NA|NA|29|20|12|772764|64397|0
"516500106012"|0|1|0|0|0|0|0|1|1|0|0|1|1|0|0|NA|NA|NA|NA|NA|0|0|0|0|NA|0
"516500114001"|0|1|1|1|0|0|0|1|1|1|0|0|0|1|0|23762|23762|11881|11881|11778|751|195|576|40773220|70786.8402777778|0
"516500114002"|0|1|1|1|0|0|0|1|1|1|0|0|0|1|0|23762|23762|11881|11881|11778|751|195|576|40773220|70786.8402777778|0
"516600002061"|0|1|1|0|0|0|0|1|1|1|0|0|0|0|1|6935|22906|10512|27830|10512|2017|631|2122|172970442|81512.9321394911|0
"516600004011"|0|1|1|0|0|0|0|1|1|1|0|0|0|1|0|36760|36760|14370|14370|11160|200|79|190|10203838|53704.4105263158|0
"516789305001"|0|2|1|0|0|0|0|2|2|2|0|0|0|2|0|60704|87548|NA|NA|23407|1082|339|766|77438870|194038.302331002|0
"516789305002"|0|2|1|0|0|0|0|2|2|2|0|0|0|2|0|60704|87548|NA|NA|23407|1082|339|766|77438870|194038.302331002|0
"516789305004"|0|2|1|0|0|0|0|2|2|2|0|0|0|2|0|60704|87548|NA|NA|23407|1082|339|766|77438870|194038.302331002|0
"516800001002"|0|1|1|0|0|0|0|1|1|1|0|0|1|0|0|39000|39000|12600|12600|13580|168|50|136|10264770|75476.25|0
"516800002031"|0|1|1|0|0|0|0|1|1|1|0|0|0|1|0|38560|38560|9922|9922|10800|316|83|380|27438474|72206.5105263158|0
"516800003002"|0|1|0|0|0|0|0|1|1|1|0|0|1|0|0|11002|11002|NA|NA|NA|11|1|60|3714956|61915.9333333333|0
"516800008011"|0|1|0|0|0|0|0|1|1|1|0|0|1|0|0|11002|11002|NA|NA|NA|11|1|60|3714956|61915.9333333333|0
"516800014001"|0|1|1|0|0|1|0|1|1|1|0|0|0|0|1|15837|15837|7904|7904|10217|3656|834|2178|157981678|72535.2056932966|0
"516800016001"|0|2|0|0|0|0|0|2|2|1|1|1|1|1|0|NA|NA|NA|NA|NA|89|27|120|7308148|NA|0
"516800018001"|0|1|0|0|0|0|0|1|0|0|0|0|0|0|0|NA|NA|NA|NA|NA|0|0|0|0|NA|0
"516800019001"|0|1|1|1|0|0|0|1|1|1|0|0|1|0|0|8200|8200|6400|6400|9400|39|12|10|448000|44800|0
"516800019003"|0|1|1|1|0|0|0|1|1|1|0|0|1|0|0|8200|8200|6400|6400|9400|39|12|10|448000|44800|0
"517000314004"|0|1|0|0|0|0|0|1|1|1|1|0|1|0|0|12574|12574|NA|NA|NA|20|3|46|2865472|62292.8695652174|0
"517000315003"|0|1|1|0|0|0|0|1|1|1|0|0|0|1|0|9032|21498|7578|16686|11460|691|189|564|44190240|78351.4893617021|0
"517000316024"|0|1|0|0|0|0|0|1|1|0|0|1|1|0|0|NA|NA|NA|NA|NA|0|0|0|0|NA|0
"517000317012"|0|1|1|0|0|0|0|1|1|1|0|0|0|1|0|9032|21498|7578|16686|11460|691|189|564|44190240|78351.4893617021|0
"517000317023"|0|1|1|0|0|0|0|1|1|1|0|0|0|1|0|9032|21498|7578|16686|11460|691|189|564|44190240|78351.4893617021|0
"517000318002"|0|1|1|0|0|0|0|1|1|1|0|0|0|1|0|9032|21498|7578|16686|11460|691|189|564|44190240|78351.4893617021|0
"517000321132"|0|1|0|0|0|0|0|1|1|1|1|0|1|0|0|15750|15750|NA|NA|NA|16|10|22|897146|40779.3636363636|0
"517000321281"|0|0|0|0|0|0|0|1|0|0|0|0|0|0|0|NA|NA|NA|NA|NA|0|0|0|0|NA|0
"517000322121"|0|1|0|0|0|0|0|1|1|0|0|1|1|0|0|NA|NA|NA|NA|NA|0|0|0|0|NA|0
"517000322122"|0|1|0|0|0|0|0|1|1|0|0|1|1|0|0|NA|NA|NA|NA|NA|0|0|0|0|NA|0
"517000322123"|0|1|0|0|0|0|0|1|1|0|0|1|1|0|0|NA|NA|NA|NA|NA|0|0|0|0|NA|0
"517100025001"|0|1|1|0|0|0|0|1|1|1|0|0|0|0|1|7029|25404|9727|28435|11620|1636|520|1702|147487314|86655.2961222092|0
"517100040011"|0|1|0|0|0|0|0|1|1|1|1|0|0|0|1|4680|9978|NA|NA|NA|509|116|596|37671278|63206.8422818792|0
"517100040022"|0|0|1|0|0|1|0|1|1|1|0|0|0|1|0|NA|NA|19418|22173|NA|520|195|266|43501740|163540.37593985|0
"517100040023"|0|1|1|0|0|1|0|2|2|2|1|0|0|1|1|NA|NA|NA|NA|NA|1029|311|862|81173018|226747.218221729|0
"517100041001"|0|1|0|0|0|0|0|1|1|1|1|0|0|0|1|4680|9978|NA|NA|NA|509|116|596|37671278|63206.8422818792|0
"517100047001"|0|1|1|1|0|0|0|1|1|1|0|0|0|1|0|5752|16920|8398|20170|10360|642|166|506|39820412|78696.466403162|0
"517100049001"|0|1|0|0|0|0|0|1|1|1|1|0|0|0|1|4680|9978|NA|NA|NA|509|116|596|37671278|63206.8422818792|0
"517100058002"|0|1|0|0|0|0|0|1|1|1|1|0|1|0|0|16200|16200|NA|NA|NA|21|18|18|847296|47072|0
"517100062002"|0|1|0|0|0|0|0|1|1|0|0|1|1|0|0|15234|15234|NA|NA|NA|0|0|0|0|NA|0
"517100066064"|0|1|0|0|0|0|0|1|1|1|1|0|1|0|0|16200|16200|NA|NA|NA|21|18|18|847296|47072|0
"517100069011"|0|1|0|0|0|0|0|1|1|1|1|0|1|0|0|15514|15514|NA|NA|NA|12|2|12|741784|61815.3333333333|0
"517100069013"|0|1|0|0|0|0|0|1|1|0|0|1|1|0|0|NA|NA|NA|NA|NA|0|0|0|0|NA|0
"517100070011"|0|1|0|0|0|0|0|1|1|0|0|1|1|0|0|15234|15234|NA|NA|NA|0|0|0|0|NA|0
"517109801001"|0|1|1|0|0|0|0|1|1|1|0|0|0|0|1|7029|25404|9727|28435|11620|1636|520|1702|147487314|86655.2961222092|0
"517308103001"|0|2|1|1|0|0|0|2|2|1|0|1|1|1|0|NA|NA|NA|NA|NA|492|110|516|36906834|NA|0
"517308110001"|0|1|0|0|0|0|0|1|1|1|1|0|0|1|0|6000|19710|NA|NA|10039|73|19|70|3983076|56901.0857142857|0
"517308111001"|0|1|0|0|0|0|0|1|1|1|1|0|0|1|0|6000|19710|NA|NA|10039|73|19|70|3983076|56901.0857142857|0
"517308113001"|0|1|0|0|0|0|0|1|1|0|0|1|1|0|0|NA|NA|NA|NA|NA|0|0|0|0|NA|0
"517500101021"|0|1|1|0|0|0|0|1|1|1|0|0|0|1|0|7922|19557|8915|17441|8778|825|268|926|70728284|76380.4362850972|0
"517600102003"|0|1|0|0|0|0|0|1|1|1|1|0|1|0|0|13731|13731|NA|NA|NA|15|4|32|1473796|46056.125|0
"517600102004"|0|1|0|0|0|0|0|1|1|1|1|0|1|0|0|13731|13731|NA|NA|NA|15|4|32|1473796|46056.125|0
"517600104023"|0|0|1|0|0|0|0|1|1|1|0|0|1|0|0|NA|NA|12690|12690|NA|57|11|40|3537294|88432.35|0
"517600111004"|0|1|1|1|0|0|0|1|1|1|0|0|0|1|0|15530|15530|10764|10764|8598|190|51|156|7521010|48211.6025641026|0
"517600402002"|0|1|0|0|0|0|0|1|1|1|1|0|1|0|0|13731|13731|NA|NA|NA|15|4|32|1473796|46056.125|0
"517600403001"|0|1|1|0|1|1|0|1|1|1|0|0|0|0|1|12177|32825|12217|25032|11506|3532|964|2568|237781798|92594.1580996885|0
"517600501001"|0|1|0|0|0|0|0|1|1|1|1|0|1|0|0|13731|13731|NA|NA|NA|15|4|32|1473796|46056.125|0
"517600505003"|0|1|1|0|0|0|0|1|1|1|0|0|0|1|0|52610|52610|24720|24720|12250|1195|303|818|94033800|114955.745721271|0
"517600710014"|0|1|0|0|0|0|0|1|1|1|1|0|1|0|0|NA|NA|NA|NA|NA|0|0|0|0|NA|0
"517600711004"|0|1|0|0|0|0|0|1|1|1|1|0|1|0|0|NA|NA|NA|NA|NA|0|0|0|0|NA|0
"517700012001"|0|1|2|0|0|1|0|2|2|2|0|0|1|1|0|NA|NA|NA|NA|NA|125|49|166|12056374|NA|0
"517700012003"|0|1|2|0|0|1|0|2|2|2|0|0|1|1|0|NA|NA|NA|NA|NA|125|49|166|12056374|NA|0
"517700027001"|0|1|2|0|0|1|0|2|2|2|0|0|1|1|0|NA|NA|NA|NA|NA|125|49|166|12056374|NA|0
"517700030002"|0|3|0|0|0|0|0|3|2|1|1|1|1|1|0|NA|NA|NA|NA|NA|155|28|162|9941416|NA|0
"517700030003"|0|1|0|0|0|0|0|1|1|0|0|1|1|0|0|NA|NA|NA|NA|NA|0|0|0|0|NA|0
"517750101001"|0|1|1|0|0|0|0|1|1|1|0|0|0|1|0|15732|15732|10608|10608|NA|69|29|10|422106|42210.6|0
"517750101003"|0|1|0|0|0|0|0|1|1|1|0|0|0|1|0|42446|42446|NA|NA|13690|222|66|346|23902618|69082.710982659|0
"517750102001"|0|1|0|0|0|0|0|1|1|1|0|0|0|1|0|42446|42446|NA|NA|13690|222|66|346|23902618|69082.710982659|0
"517900001001"|0|1|0|0|0|0|0|1|1|0|0|1|1|0|0|NA|NA|NA|NA|NA|0|0|0|0|NA|0
"517900005003"|0|1|1|0|0|0|0|1|1|1|0|0|0|1|0|30690|30690|12500|12500|9410|232|80|196|13561394|69190.7857142857|0
"518000652001"|0|1|0|0|0|0|0|1|1|0|0|1|1|0|0|NA|NA|NA|NA|NA|0|0|0|0|NA|0
"518000755011"|0|1|0|0|0|0|0|1|1|0|0|1|1|0|0|NA|NA|NA|NA|NA|0|0|0|0|NA|0
"518100402002"|0|1|1|0|0|0|0|1|1|1|0|0|0|1|0|36010|36010|8982|8982|9257|140|59|180|13430482|74613.7888888889|0
"518100410042"|0|1|0|0|0|0|0|1|1|0|0|1|1|0|0|NA|NA|NA|NA|NA|0|0|0|0|NA|0
"518100426001"|0|1|0|0|0|0|0|1|1|1|0|0|1|0|0|15750|15750|NA|NA|NA|17|14|8|301086|37635.75|0
"518100428021"|0|1|0|0|0|0|0|1|1|1|0|0|1|0|0|15750|15750|NA|NA|NA|17|14|8|301086|37635.75|0
"518100432001"|0|1|0|0|0|0|0|1|1|0|0|1|1|0|0|NA|NA|NA|NA|NA|0|0|0|0|NA|0
"518100434001"|0|1|0|0|0|0|0|1|1|0|0|1|1|0|0|NA|NA|NA|NA|NA|0|0|0|0|NA|0
"518100434002"|0|1|0|0|0|0|0|1|1|0|0|1|1|0|0|NA|NA|NA|NA|NA|0|0|0|0|NA|0
"518100444021"|0|1|0|0|0|0|0|1|1|1|1|0|1|0|0|6045|6045|NA|NA|6800|5|1|0|0|NA|0
"518100454233"|0|1|0|0|0|0|0|1|1|0|0|1|1|0|0|NA|NA|NA|NA|NA|0|0|0|0|NA|0
"518100456032"|0|1|0|0|0|0|0|1|1|1|0|0|1|0|0|17496|17496|NA|NA|NA|17|8|4|206520|51630|0
"518100456042"|0|1|1|0|0|0|0|1|1|1|0|0|1|0|0|16920|16920|16620|16620|NA|31|15|28|2015410|71978.9285714286|0
"518100456043"|0|2|1|0|0|0|0|2|2|1|0|1|2|0|0|NA|NA|NA|NA|NA|31|15|28|2015410|NA|0
"518100460021"|0|2|1|0|0|0|0|2|2|2|1|0|1|0|1|29184|29184|NA|NA|NA|678|85|924|62845240|118839.269089829|0
"518100460052"|0|1|0|0|0|0|0|1|1|1|0|0|1|0|0|16863|16863|NA|NA|NA|38|26|30|1638158|54605.2666666667|0
"518100460091"|0|2|1|0|0|0|0|2|2|2|1|0|1|0|1|29184|29184|NA|NA|NA|678|85|924|62845240|118839.269089829|0
"518100462073"|0|1|1|0|0|0|0|1|1|1|0|0|0|1|0|16980|16980|14929|14929|7080|505|181|288|25848640|89752.2222222222|0
"518100462191"|0|1|1|0|0|0|0|1|1|1|0|0|1|0|0|NA|NA|7992|7992|NA|1|1|10|488544|48854.4|0
"518100462221"|0|1|0|0|0|0|0|1|1|0|0|1|1|0|0|NA|NA|NA|NA|NA|0|0|0|0|NA|0
"518303701001"|0|1|1|0|0|0|0|1|1|1|0|0|0|1|0|15864|38735|10064|27086|12236|1748|437|1404|144454964|102888.150997151|0
"518303701002"|0|1|1|0|0|0|0|1|1|1|0|0|0|1|0|15864|38735|10064|27086|12236|1748|437|1404|144454964|102888.150997151|0
"518400003012"|0|1|1|0|0|0|0|1|1|1|0|0|0|1|0|31280|31280|21000|21000|10370|414|148|518|41640886|80387.8108108108|0
"530050108102"|0|1|0|0|0|0|0|1|1|0|0|1|1|0|0|NA|NA|NA|NA|NA|0|0|0|0|NA|0
"530050112001"|0|1|0|0|0|0|0|1|1|0|0|1|1|0|0|NA|NA|NA|NA|NA|0|0|0|0|NA|0
"530050113002"|0|1|0|0|0|0|0|1|1|0|0|1|1|0|0|NA|NA|NA|NA|NA|0|0|0|0|NA|0
"530079608024"|0|1|0|0|0|0|0|1|1|1|0|0|0|1|0|3592|4021|NA|NA|6270|157|78|156|9785916|62730.2307692308|0
"530090012002"|0|1|0|0|0|0|0|1|1|1|0|0|0|1|0|3955|4525|NA|NA|NA|121|47|98|1930252|19696.4489795918|0
"530110412031"|0|1|0|0|0|0|0|1|1|0|0|1|1|0|0|NA|NA|NA|NA|NA|0|0|0|0|NA|0
"530110413291"|0|1|1|0|0|0|0|1|1|1|0|0|0|1|0|22655|22655|9604|9604|NA|145|60|160|9044340|56527.125|0
"530110426001"|0|1|0|0|0|0|0|1|1|1|0|0|0|1|0|3961|9392|NA|NA|NA|386|168|374|24479418|65452.9893048128|0
"530110428002"|0|1|0|0|0|0|0|1|1|0|0|1|1|0|0|NA|NA|NA|NA|NA|0|0|0|0|NA|0
"530150004001"|0|1|0|0|0|0|0|1|1|1|1|0|0|1|0|3548|3953|NA|NA|NA|242|58|146|9429730|64587.1917808219|0
"530150006021"|0|1|0|0|0|0|0|1|1|1|1|0|0|1|0|3548|3953|NA|NA|NA|242|58|146|9429730|64587.1917808219|0
"530150010001"|0|1|0|0|0|0|0|1|1|0|0|1|1|0|0|NA|NA|NA|NA|NA|0|0|0|0|NA|0
"530150021002"|0|1|0|0|0|0|0|1|1|0|0|1|1|0|0|NA|NA|NA|NA|NA|0|0|0|0|NA|0
"530210202001"|0|1|0|0|0|0|0|1|1|1|0|0|0|1|0|4635|6605|NA|NA|9820|245|122|270|17185028|63648.2518518519|0
"530210203001"|0|1|0|0|0|0|0|1|1|1|0|0|0|1|0|4635|6605|NA|NA|9820|245|122|270|17185028|63648.2518518519|0
"530210203002"|0|1|0|0|0|0|0|1|1|1|0|0|0|1|0|4635|6605|NA|NA|9820|245|122|270|17185028|63648.2518518519|0
"530210203003"|0|1|0|0|0|0|0|1|1|1|0|0|0|1|0|4635|6605|NA|NA|9820|245|122|270|17185028|63648.2518518519|0
"530250102002"|0|1|0|0|0|0|0|1|1|1|1|0|0|1|0|3936|4348|NA|NA|7860|141|36|90|5695636|63284.8444444444|0
"530250108001"|0|1|0|0|0|0|0|1|1|1|1|0|0|1|0|3936|4348|NA|NA|7860|141|36|90|5695636|63284.8444444444|0
"530250108002"|0|1|0|0|0|0|0|1|1|1|1|0|0|1|0|3936|4348|NA|NA|7860|141|36|90|5695636|63284.8444444444|0
"530270009005"|0|1|0|0|0|0|0|1|1|1|0|0|0|1|0|3547|8913|NA|NA|NA|108|52|132|8456440|64063.9393939394|0
"530270009006"|0|1|0|0|0|0|0|1|1|1|0|0|0|1|0|3547|8913|NA|NA|NA|108|52|132|8456440|64063.9393939394|0
"530319504002"|0|1|0|0|0|0|0|1|1|1|1|0|1|0|0|14450|14450|NA|NA|NA|5|1|12|789606|65800.5|0
"530330019001"|0|2|0|0|0|0|0|2|2|2|1|0|1|1|0|NA|NA|NA|NA|NA|226|76|212|14850132|138590.07394958|0
"530330053023"|0|1|1|0|1|1|0|1|1|1|0|0|0|0|1|10127|35508|15510|27801|12798|9206|1028|4172|518851010|124365.055129434|0
"530330054002"|0|1|0|0|0|0|0|1|1|0|0|1|1|0|0|NA|NA|NA|NA|NA|0|0|0|0|NA|0
"530330054003"|0|1|0|0|0|0|0|1|1|0|0|1|1|0|0|NA|NA|NA|NA|NA|0|0|0|0|NA|0
"530330058014"|0|1|1|0|0|0|0|1|1|1|0|0|1|0|0|30240|30240|33000|33000|NA|7|1|4|240000|60000|0
"530330059001"|0|1|1|0|0|0|0|1|1|1|0|0|1|0|0|30240|30240|33000|33000|NA|7|1|4|240000|60000|0
"530330059003"|0|1|1|0|0|0|0|1|1|1|0|0|0|1|0|42480|42480|29772|29772|11796|387|240|420|33223554|79103.7|0
"530330071002"|0|1|0|0|0|0|0|1|1|0|0|1|1|0|0|19750|19750|NA|NA|NA|0|0|0|0|NA|0
"530330072002"|0|2|2|0|0|0|0|2|2|2|0|0|1|1|0|39000|39000|34404|34404|NA|140|45|152|9703692|129112.494497432|0
"530330072003"|0|1|1|0|0|0|0|1|1|1|0|0|1|0|0|21600|21600|18954|18954|NA|24|15|94|5784048|61532.4255319149|0
"530330073001"|0|1|0|0|0|0|0|1|1|0|0|1|1|0|0|NA|NA|NA|NA|NA|0|0|0|0|NA|0
"530330073002"|0|2|1|0|0|0|0|2|2|1|0|1|2|0|0|NA|NA|NA|NA|NA|92|35|100|5856000|NA|0
"530330073003"|0|1|1|0|0|0|0|1|1|1|0|0|1|0|0|40442|40442|40442|40442|13200|92|35|100|5856000|58560|0
"530330075004"|0|1|0|0|0|0|0|1|1|0|0|1|1|0|0|NA|NA|NA|NA|NA|0|0|0|0|NA|0
"530330080013"|0|1|2|0|0|0|0|3|3|3|0|0|3|0|0|NA|NA|NA|NA|NA|46|14|26|2057424|NA|0
"530330080014"|0|0|2|0|0|0|0|2|2|2|0|0|2|0|0|NA|NA|29400|29400|NA|23|1|20|1596166|NA|0
"530330080022"|0|1|0|0|0|0|0|1|1|1|0|0|1|0|0|17460|17460|NA|NA|NA|23|13|6|461258|76876.3333333333|0
"530330081002"|0|1|0|0|0|0|0|1|1|0|0|1|1|0|0|NA|NA|NA|NA|NA|0|0|0|0|NA|0
"530330084001"|0|1|0|0|0|0|0|1|1|1|0|0|0|1|0|3342|3342|NA|NA|NA|403|128|316|19713232|62383.6455696203|0
"530330086002"|0|1|1|0|0|0|0|1|1|1|0|0|0|1|0|43785|43785|19055|19055|12288|727|248|1020|88731728|86991.8901960784|0
"530330093003"|0|1|0|0|0|0|0|1|1|1|0|0|0|1|0|4026|4026|NA|NA|NA|209|62|160|9802654|61266.5875|0
"530330108001"|0|1|1|0|0|0|0|2|2|2|0|0|1|1|0|NA|NA|NA|NA|NA|209|62|164|10045654|122016.5875|0
"530330108003"|0|1|0|0|0|0|0|1|1|1|0|0|0|1|0|4026|4026|NA|NA|NA|209|62|160|9802654|61266.5875|0
"530330109001"|0|0|1|0|0|0|0|1|1|1|0|0|1|0|0|NA|NA|20000|20000|NA|0|0|4|243000|60750|0
"530330109002"|0|1|1|0|0|0|0|2|2|2|0|0|1|1|0|NA|NA|NA|NA|NA|209|62|164|10045654|122016.5875|0
"530330112002"|0|1|1|0|0|0|0|2|2|2|0|0|1|1|0|NA|NA|NA|NA|NA|209|62|164|10045654|122016.5875|0
"530330207002"|0|1|0|0|0|0|0|1|1|0|0|1|1|0|0|NA|NA|NA|NA|NA|0|0|0|0|NA|0
"530330209002"|0|1|0|0|0|0|0|1|1|1|1|0|0|1|0|3466|6215|NA|NA|NA|236|84|264|17191632|65119.8181818182|0
"530330209003"|0|1|0|0|0|0|0|1|1|1|1|0|0|1|0|3466|6215|NA|NA|NA|236|84|264|17191632|65119.8181818182|0
"530330218022"|0|3|1|0|0|0|0|3|2|2|0|1|1|2|0|NA|NA|NA|NA|NA|467|101|532|48952184|NA|0
"530330218042"|0|2|1|0|0|0|0|2|2|2|0|0|0|2|0|13674|44421|NA|NA|NA|467|101|532|48952184|163523.941704893|0
"530330220012"|0|2|1|0|0|0|0|2|2|2|0|0|0|2|0|13674|44421|NA|NA|NA|467|101|532|48952184|163523.941704893|0
"530330223001"|0|1|1|0|0|0|0|1|1|1|0|0|0|1|0|26016|26016|26308|26308|NA|179|40|60|4991552|83192.5333333333|0
"530330226031"|0|1|0|0|0|0|0|1|1|1|0|0|0|1|0|2808|7746|NA|NA|NA|149|55|166|9721966|58566.0602409639|0
"530330226032"|0|1|0|0|0|0|0|1|1|1|0|0|0|1|0|2808|7746|NA|NA|NA|149|55|166|9721966|58566.0602409639|0
"530330226033"|0|1|0|0|0|0|0|1|1|1|0|0|0|1|0|2808|7746|NA|NA|NA|149|55|166|9721966|58566.0602409639|0
"530330226051"|0|1|1|0|0|0|0|1|1|1|0|0|1|0|0|31140|31140|25920|25920|11750|128|33|134|13490224|100673.313432836|0
"530330226052"|0|1|1|0|0|0|0|1|1|1|0|0|1|0|0|31140|31140|25920|25920|11750|128|33|134|13490224|100673.313432836|0
"530330227022"|0|2|2|0|0|0|0|2|2|2|0|0|0|2|0|46700|46700|32930|32930|NA|164|69|114|6866232|116489.7|0
"530330227023"|0|2|2|0|0|0|0|2|2|2|0|0|0|2|0|46700|46700|32930|32930|NA|164|69|114|6866232|116489.7|0
"530330234011"|0|1|0|0|0|0|0|1|1|1|0|0|0|0|1|3547|8913|NA|NA|12906|466|175|386|28270974|73240.8652849741|0
"530330234012"|0|1|0|0|0|0|0|1|1|1|0|0|0|0|1|3547|8913|NA|NA|12906|466|175|386|28270974|73240.8652849741|0
"530330234013"|0|1|0|0|0|0|0|1|1|1|0|0|0|0|1|3547|8913|NA|NA|12906|466|175|386|28270974|73240.8652849741|0
"530330237001"|0|1|0|0|0|0|0|1|1|0|0|1|1|0|0|NA|NA|NA|NA|NA|0|0|0|0|NA|0
"530330237002"|0|1|0|0|0|0|0|1|1|0|0|1|1|0|0|NA|NA|NA|NA|NA|0|0|0|0|NA|0
"530330253021"|0|1|0|0|0|0|0|1|1|1|1|0|1|0|0|NA|NA|NA|NA|NA|25|12|34|2157240|63448.2352941177|0
"530330253022"|0|1|0|0|0|0|0|1|1|1|1|0|1|0|0|NA|NA|NA|NA|NA|25|12|34|2157240|63448.2352941177|0
"530330253023"|0|1|0|0|0|0|0|1|1|1|1|0|1|0|0|NA|NA|NA|NA|NA|25|12|34|2157240|63448.2352941177|0
"530330254001"|0|1|0|0|0|0|0|1|1|1|0|0|0|1|0|3598|4034|NA|NA|NA|141|33|146|9905426|67845.3835616438|0
"530330261004"|0|1|1|0|0|0|0|1|1|1|0|0|1|0|0|9552|9552|16752|16752|NA|5|0|0|0|NA|0
"530330262001"|0|1|1|0|0|0|0|1|1|1|0|0|1|0|0|9552|9552|16752|16752|NA|5|0|0|0|NA|0
"530330262003"|0|1|1|0|0|0|0|1|1|1|0|0|1|0|0|9552|9552|16752|16752|NA|5|0|0|0|NA|0
"530330290031"|0|1|0|0|0|0|0|1|1|1|0|0|0|1|0|3192|3192|NA|NA|NA|288|98|332|21294662|64140.5481927711|0
"530330290032"|0|1|0|0|0|0|0|1|1|1|0|0|0|1|0|3192|3192|NA|NA|NA|288|98|332|21294662|64140.5481927711|0
"530330290034"|0|1|0|0|0|0|0|1|1|1|0|0|0|1|0|3192|3192|NA|NA|NA|288|98|332|21294662|64140.5481927711|0
"530330290041"|0|1|0|0|0|0|0|1|1|1|0|0|0|1|0|3192|3192|NA|NA|NA|288|98|332|21294662|64140.5481927711|0
"530330300061"|0|2|0|0|0|0|0|2|2|0|0|2|2|0|0|NA|NA|NA|NA|NA|0|0|0|0|NA|0
"530330300062"|0|2|0|0|0|0|0|2|2|0|0|2|2|0|0|NA|NA|NA|NA|NA|0|0|0|0|NA|0
"530330306003"|0|1|0|0|0|0|0|1|1|0|0|1|1|0|0|NA|NA|NA|NA|NA|0|0|0|0|NA|0
"530330307001"|0|1|0|0|0|0|0|1|1|0|0|1|1|0|0|NA|NA|NA|NA|NA|0|0|0|0|NA|0
"530330307002"|0|1|0|0|0|0|0|1|1|0|0|1|1|0|0|NA|NA|NA|NA|NA|0|0|0|0|NA|0
"530330312061"|0|1|0|0|0|0|0|1|1|1|0|0|0|1|0|3547|3976|NA|NA|NA|319|95|318|21709242|68268.0566037736|0
"530330312062"|0|1|0|0|0|0|0|1|1|1|0|0|0|1|0|3547|3976|NA|NA|NA|319|95|318|21709242|68268.0566037736|0
"530350805001"|0|1|0|0|0|0|0|1|1|1|0|0|0|1|0|3547|4014|NA|NA|10255|220|66|246|16027532|65152.5691056911|0
"530350806004"|0|1|0|0|0|0|0|1|1|1|0|0|0|1|0|3547|4014|NA|NA|10255|220|66|246|16027532|65152.5691056911|0
"530350806005"|0|1|0|0|0|0|0|1|1|1|0|0|0|1|0|3547|4014|NA|NA|10255|220|66|246|16027532|65152.5691056911|0
"530379754013"|0|1|1|0|0|0|0|1|1|1|0|0|0|0|1|6170|21151|9214|21583|11115|907|334|1008|74323032|73733.1666666667|0
"530379754024"|0|1|1|0|0|0|0|1|1|1|0|0|0|0|1|6170|21151|9214|21583|11115|907|334|1008|74323032|73733.1666666667|0
"530419707002"|0|1|0|0|0|0|0|1|1|0|0|1|1|0|0|NA|NA|NA|NA|NA|0|0|0|0|NA|0
"530419707003"|0|1|0|0|0|0|0|1|1|1|0|0|0|1|0|4026|4461|NA|NA|10440|162|63|150|9799998|65333.32|0
"530530607005"|0|1|1|0|0|0|0|1|1|1|0|0|0|1|0|49510|49510|32620|32620|12540|362|102|484|45150088|93285.305785124|0
"530530609032"|0|1|1|0|0|0|0|1|1|1|0|0|1|0|0|7425|7425|7200|7200|NA|11|2|24|877560|36565|0
"530530609054"|0|1|1|0|0|0|0|1|1|1|0|0|1|0|0|7425|7425|7200|7200|NA|11|2|24|877560|36565|0
"530530610021"|0|1|0|0|0|0|0|1|1|1|0|0|0|1|0|4026|9456|NA|NA|NA|268|93|286|19214082|67182.1048951049|0
"530530610022"|0|1|0|0|0|0|0|1|1|1|0|0|0|1|0|4026|9456|NA|NA|NA|268|93|286|19214082|67182.1048951049|0
"530530614001"|0|1|0|0|0|0|0|1|1|1|1|0|0|1|0|4257|9755|NA|NA|NA|170|63|200|13613982|68069.91|0
"530530614002"|0|1|0|0|0|0|0|1|1|1|1|0|0|1|0|4257|9755|NA|NA|NA|170|63|200|13613982|68069.91|0
"530530614003"|0|1|0|0|0|0|0|1|1|1|1|0|0|1|0|4257|9755|NA|NA|NA|170|63|200|13613982|68069.91|0
"530530616011"|0|1|0|0|0|0|0|1|1|1|0|0|1|0|0|20500|20500|NA|NA|NA|13|3|0|0|NA|0
"530530616021"|0|3|1|0|0|0|0|3|2|2|0|0|1|1|0|NA|NA|NA|NA|NA|312|60|544|50381462|NA|0
"530530617005"|0|1|0|0|0|0|0|1|1|0|0|1|1|0|0|NA|NA|NA|NA|NA|0|0|0|0|NA|0
"530530626001"|0|4|1|0|0|0|0|4|3|1|0|2|2|1|0|NA|NA|NA|NA|NA|299|57|544|50381462|NA|0
"530530626002"|0|1|0|0|0|0|0|1|1|0|0|1|1|0|0|NA|NA|NA|NA|NA|0|0|0|0|NA|0
"530530712071"|0|1|0|0|0|0|0|1|1|1|1|0|0|1|0|3547|3882|NA|NA|NA|89|43|102|6454048|63274.9803921569|0
"530530712072"|0|1|0|0|0|0|0|1|1|1|1|0|0|1|0|3547|3882|NA|NA|NA|89|43|102|6454048|63274.9803921569|0
"530530715042"|0|1|1|0|0|0|0|1|1|1|0|0|0|1|0|41696|41696|30146|30146|10790|383|126|398|28318902|71153.0201005025|0
"530530715043"|0|1|1|0|0|0|0|1|1|1|0|0|0|1|0|41696|41696|30146|30146|10790|383|126|398|28318902|71153.0201005025|0
"530530715044"|0|1|1|0|0|0|0|1|1|1|0|0|0|1|0|41696|41696|30146|30146|10790|383|126|398|28318902|71153.0201005025|0
"530530718071"|0|1|0|0|0|0|0|1|1|1|0|0|0|1|0|5040|5040|NA|NA|NA|156|28|174|11724502|67382.1954022989|0
"530530721073"|0|1|0|0|0|0|0|1|1|1|0|0|0|1|0|3547|3975|NA|NA|9690|245|91|158|10419298|65944.9240506329|0
"530530721074"|0|1|0|0|0|0|0|1|1|1|0|0|0|1|0|3547|3975|NA|NA|9690|245|91|158|10419298|65944.9240506329|0
"530579523013"|0|1|0|0|0|0|0|1|1|1|0|0|0|1|0|3800|4300|NA|NA|9600|288|61|200|13902964|69514.82|0
"530610401002"|0|1|0|0|0|0|0|1|1|1|1|0|0|1|0|3539|8905|NA|NA|10140|349|94|272|17499010|64334.5955882353|0
"530610418052"|0|2|0|0|0|0|0|2|1|0|0|1|1|0|0|NA|NA|NA|NA|NA|0|0|0|0|NA|0
"530610419033"|0|1|0|0|0|0|0|1|1|0|0|1|1|0|0|NA|NA|NA|NA|NA|0|0|0|0|NA|0
"530610419041"|0|1|0|0|0|0|0|1|1|0|0|1|1|0|0|NA|NA|NA|NA|NA|0|0|0|0|NA|0
"530610419042"|0|1|0|0|0|0|0|1|1|0|0|1|1|0|0|NA|NA|NA|NA|NA|0|0|0|0|NA|0
"530610419043"|0|1|0|0|0|0|0|1|1|0|0|1|1|0|0|NA|NA|NA|NA|NA|0|0|0|0|NA|0
"530610511003"|0|1|0|0|0|0|0|1|1|0|0|1|1|0|0|NA|NA|NA|NA|NA|0|0|0|0|NA|0
"530610515002"|0|1|0|0|0|0|0|1|1|1|0|0|0|1|0|3782|9152|NA|NA|10800|425|255|254|17333644|68242.6929133858|0
"530610515003"|0|1|0|0|0|0|0|1|1|1|0|0|0|1|0|3782|9152|NA|NA|10800|425|255|254|17333644|68242.6929133858|0
"530630025004"|0|1|1|0|0|0|0|1|1|1|0|0|0|1|0|42370|42370|16725|16725|11944|856|298|914|80226296|87774.9409190372|0
"530630025005"|0|1|0|0|0|0|0|1|1|0|0|1|1|0|0|NA|NA|NA|NA|NA|0|0|0|0|NA|0
"530630035002"|0|1|0|0|0|0|0|1|1|0|0|1|1|0|0|NA|NA|NA|NA|NA|0|0|0|0|NA|0
"530630036002"|0|1|0|0|0|0|0|1|1|1|0|0|0|1|0|2807|7745|NA|NA|NA|182|35|274|16251428|59311.7810218978|0
"530630104011"|0|1|0|0|0|0|0|1|1|0|0|1|1|0|0|NA|NA|NA|NA|NA|0|0|0|0|NA|0
"530630108001"|0|1|0|0|0|0|0|1|1|1|0|0|1|0|0|13200|13200|NA|NA|NA|12|8|4|100464|25116|0
"530630109002"|0|1|1|0|0|0|0|1|1|1|0|0|0|1|0|42540|42540|12168|12168|11496|313|113|368|24313774|66070.0380434783|0
"530630111022"|0|1|0|0|0|0|0|1|1|0|0|1|1|0|0|10125|10125|NA|NA|NA|0|0|0|0|NA|0
"530630117011"|0|2|0|0|0|0|0|2|2|1|1|1|2|0|0|NA|NA|NA|NA|NA|11|1|14|671420|NA|0
"530630117021"|0|1|0|0|0|0|0|1|1|0|0|1|1|0|0|NA|NA|NA|NA|NA|0|0|0|0|NA|0
"530630118001"|0|1|0|0|0|0|0|1|1|0|0|1|1|0|0|NA|NA|NA|NA|NA|0|0|0|0|NA|0
"530630120002"|0|1|0|0|0|0|0|1|1|0|0|1|1|0|0|NA|NA|NA|NA|NA|0|0|0|0|NA|0
"530630129012"|0|1|0|0|0|0|0|1|1|0|0|1|1|0|0|NA|NA|NA|NA|NA|0|0|0|0|NA|0
"530630140011"|0|1|1|0|0|0|0|1|1|1|0|0|0|0|1|6381|23502|11439|26569|12058|907|258|894|71516952|79996.5906040268|0
"530630140014"|0|1|1|0|0|0|0|1|1|1|0|0|0|0|1|6381|23502|11439|26569|12058|907|258|894|71516952|79996.5906040268|0
"530630140015"|0|1|1|0|0|0|0|1|1|1|0|0|0|0|1|6381|23502|11439|26569|12058|907|258|894|71516952|79996.5906040268|0
"530630145003"|0|1|0|0|0|0|0|1|1|1|0|0|0|0|1|2807|7745|NA|NA|NA|325|72|418|25063142|59959.6698564593|0
"530670101001"|0|1|0|0|0|0|0|1|1|0|0|1|1|0|0|NA|NA|NA|NA|NA|0|0|0|0|NA|0
"530670109101"|0|1|0|0|0|0|0|1|1|1|1|0|0|1|0|3958|9458|NA|NA|NA|229|59|180|11237312|62429.5111111111|0
"530670109102"|0|1|0|0|0|0|0|1|1|1|1|0|0|1|0|3958|9458|NA|NA|NA|229|59|180|11237312|62429.5111111111|0
"530670112002"|0|1|1|0|0|0|0|1|1|1|0|0|0|1|0|36950|36950|14880|14880|11446|162|58|182|10908934|59939.1978021978|0
"530670112003"|0|1|1|0|0|0|0|1|1|1|0|0|0|1|0|36950|36950|14880|14880|11446|162|58|182|10908934|59939.1978021978|0
"530670120002"|0|1|1|0|0|0|0|1|1|1|0|0|0|1|0|6810|25326|8418|19500|11346|440|138|268|20734232|77366.5373134328|0
"530670120003"|0|1|1|0|0|0|0|1|1|1|0|0|0|1|0|6810|25326|8418|19500|11346|440|138|268|20734232|77366.5373134328|0
"530719202001"|0|1|1|0|0|0|0|1|1|1|0|0|0|1|0|27120|27120|24600|24600|7455|149|35|198|12793636|64614.3232323232|0
"530719202002"|0|1|0|0|0|0|0|1|1|1|0|0|0|1|0|4455|5955|NA|NA|NA|220|84|242|15315724|63288.1157024793|0
"530719203002"|0|1|1|0|0|0|0|1|1|1|0|0|0|1|0|27120|27120|24600|24600|7455|149|35|198|12793636|64614.3232323232|0
"530719204001"|0|1|0|0|0|0|0|1|1|1|0|0|0|1|0|4455|5955|NA|NA|NA|220|84|242|15315724|63288.1157024793|0
"530719205001"|0|1|0|0|0|0|0|1|1|1|0|0|0|1|0|4455|5955|NA|NA|NA|220|84|242|15315724|63288.1157024793|0
"530719208021"|0|1|0|0|0|0|0|1|1|1|0|0|0|1|0|51370|51370|NA|NA|13118|289|74|362|30906632|85377.4364640884|0
"530730002001"|0|1|0|0|0|0|1|1|1|1|0|0|1|0|0|4032|4032|NA|NA|4950|124|27|52|2209258|42485.7307692308|0
"530730002003"|0|1|0|0|0|0|0|1|1|1|0|0|0|1|0|4207|9636|NA|NA|7860|184|61|170|10623030|62488.4117647059|0
"530730003003"|0|1|0|0|0|0|0|1|1|1|0|0|0|1|0|2625|3110|NA|NA|NA|143|89|116|8027132|69199.4137931034|0
"530730004003"|0|1|0|0|0|0|0|1|1|1|0|0|0|1|0|2625|3110|NA|NA|NA|143|89|116|8027132|69199.4137931034|0
"530730010001"|0|1|1|0|0|0|0|1|1|1|0|0|0|0|1|7035|22449|10350|21474|11466|1082|371|1278|109916618|86006.7433489828|0
"530730010002"|0|1|1|0|0|0|0|1|1|1|0|0|0|0|1|7035|22449|10350|21474|11466|1082|371|1278|109916618|86006.7433489828|0
"530730109001"|0|1|0|0|0|0|1|1|1|1|0|0|1|0|0|4032|4032|NA|NA|4950|124|27|52|2209258|42485.7307692308|0
"530739400002"|0|1|0|0|0|0|1|1|1|1|0|0|1|0|0|4032|4032|NA|NA|4950|124|27|52|2209258|42485.7307692308|0
"530750006001"|0|1|1|0|0|1|0|1|1|1|0|0|0|0|1|9720|23956|11224|24656|11398|4651|1009|2594|244116500|94108.134155744|0
"530770002001"|0|0|1|0|0|1|0|1|1|1|0|0|1|0|0|NA|NA|NA|NA|NA|0|0|0|0|NA|0
"530770007004"|0|1|0|0|0|0|0|1|1|1|0|0|0|1|0|4556|5031|NA|NA|7860|171|80|272|16909476|62167.1911764706|0
"530770011001"|0|1|0|0|0|0|0|1|1|1|1|0|1|0|0|NA|NA|NA|NA|NA|72|26|94|6780204|72129.829787234|0
"530770011002"|0|1|0|0|0|0|0|1|1|0|0|1|1|0|0|NA|NA|NA|NA|NA|0|0|0|0|NA|0
"530770016022"|0|0|1|0|0|1|0|1|1|1|0|0|1|0|0|NA|NA|NA|NA|NA|0|0|0|0|NA|0
"530779400023"|0|1|1|0|0|0|0|1|1|1|0|0|1|0|0|17824|17824|9240|9240|NA|109|60|124|9275070|74798.9516129032|0
"540019656004"|0|1|1|0|0|0|0|1|1|1|0|0|1|0|0|27700|27700|27700|27700|8960|129|56|114|5431692|47646.4210526316|0
"540019657001"|0|1|1|0|0|0|0|1|1|1|0|0|1|0|0|27700|27700|27700|27700|8960|129|56|114|5431692|47646.4210526316|0
"540039712012"|0|1|0|0|0|0|0|1|1|0|0|1|1|0|0|NA|NA|NA|NA|NA|0|0|0|0|NA|0
"540039713003"|0|2|0|0|0|0|0|2|2|2|1|0|1|1|0|NA|NA|NA|NA|NA|85|10|22|1338440|118745.714285714|0
"540039717001"|0|1|0|0|0|0|0|1|1|0|0|1|1|0|0|NA|NA|NA|NA|NA|0|0|0|0|NA|0
"540039719003"|0|1|0|0|0|0|0|1|1|1|1|0|0|1|0|408|408|NA|NA|NA|86|37|150|8297568|55317.12|0
"540090316001"|0|1|1|0|0|0|0|1|1|1|0|0|1|0|0|28107|28107|8755|8755|10580|109|42|96|5181174|53970.5625|0
"540090316002"|0|1|1|0|0|0|0|1|1|1|0|0|1|0|0|28107|28107|8755|8755|10580|109|42|96|5181174|53970.5625|0
"540110001021"|0|1|0|0|0|0|0|1|1|0|0|1|1|0|0|NA|NA|NA|NA|NA|0|0|0|0|NA|0
"540110005001"|0|1|1|0|0|1|0|1|1|1|0|0|0|0|1|7006|17492|7310|19228|10454|807|298|1110|80016924|72087.3189189189|0
"540110006001"|0|1|0|0|0|0|0|1|1|1|1|0|1|0|0|8550|8550|NA|NA|NA|13|7|24|1041084|43378.5|0
"540110021001"|0|1|0|0|0|0|0|1|1|1|1|0|0|1|0|4020|10224|NA|NA|NA|55|12|120|6026332|50219.4333333333|0
"540110102023"|0|1|0|0|0|0|0|1|1|0|0|1|1|0|0|NA|NA|NA|NA|NA|0|0|0|0|NA|0
"540110109001"|0|1|0|0|0|0|0|1|1|1|1|0|1|0|0|8550|8550|NA|NA|NA|13|7|24|1041084|43378.5|0
"540190202022"|0|1|0|0|0|0|0|1|0|0|0|1|1|0|0|NA|NA|NA|NA|NA|0|0|0|0|NA|0
"540219678001"|0|1|0|0|0|0|0|1|1|1|0|0|0|1|0|5094|12030|NA|NA|9061|132|45|114|6157614|54014.1578947368|0
"540259506002"|0|0|1|0|0|1|0|1|1|1|0|0|1|0|0|NA|NA|NA|NA|NA|0|0|0|0|NA|0
"540259506003"|0|0|1|0|0|1|0|1|1|1|0|0|1|0|0|NA|NA|NA|NA|NA|0|0|0|0|NA|0
"540290209002"|0|1|0|0|0|0|0|1|1|0|0|1|1|0|0|6000|6000|NA|NA|NA|0|0|0|0|NA|0
"540290209004"|0|1|0|0|0|0|0|1|1|0|0|1|1|0|0|6000|6000|NA|NA|NA|0|0|0|0|NA|0
"540290212001"|0|1|0|0|0|0|0|1|1|0|0|1|1|0|0|6000|6000|NA|NA|NA|0|0|0|0|NA|0
"540319701003"|0|1|0|0|0|0|0|1|1|1|1|0|1|0|0|3432|6816|NA|NA|NA|19|9|24|885568|36898.6666666667|0
"540319702001"|0|1|0|0|0|0|0|1|1|1|1|0|1|0|0|3432|6816|NA|NA|NA|19|9|24|885568|36898.6666666667|0
"540319702004"|0|1|0|0|0|0|0|1|1|1|1|0|1|0|0|3432|6816|NA|NA|NA|19|9|24|885568|36898.6666666667|0
"540330301003"|0|1|0|0|0|0|0|1|1|0|0|1|1|0|0|NA|NA|NA|NA|NA|0|0|0|0|NA|0
"540330308003"|0|1|0|0|0|0|0|1|0|0|0|1|1|0|0|3700|3700|NA|NA|NA|0|0|0|0|NA|0
"540330311001"|0|1|0|0|0|0|0|1|1|1|1|0|1|0|0|11346|11346|NA|NA|NA|8|1|10|470000|47000|0
"540330316001"|0|1|1|0|0|0|0|1|1|1|0|0|1|0|0|16500|16500|16500|16500|7480|97|26|62|2507828|40448.8387096774|0
"540330316002"|0|1|1|0|0|0|0|1|1|1|0|0|1|0|0|16500|16500|16500|16500|7480|97|26|62|2507828|40448.8387096774|0
"540330317002"|0|1|0|0|0|0|0|1|0|0|0|1|1|0|0|3700|3700|NA|NA|NA|0|0|0|0|NA|0
"540359637001"|0|1|0|0|0|0|0|1|0|0|0|1|1|0|0|NA|NA|NA|NA|NA|0|0|0|0|NA|0
"540379722042"|0|1|1|0|0|0|0|1|1|1|0|0|0|1|0|5584|15134|7830|10746|10480|268|89|282|18517074|65663.3829787234|0
"540379725052"|0|1|1|0|0|0|0|1|1|1|0|0|0|0|1|6480|6480|6300|6300|NA|830|241|682|42042534|61645.9442815249|0
"540379728001"|0|1|1|0|0|0|0|1|1|1|0|0|0|0|1|6480|6480|6300|6300|NA|830|241|682|42042534|61645.9442815249|0
"540390009001"|0|4|1|0|0|0|0|4|4|2|1|2|3|1|0|NA|NA|NA|NA|NA|242|65|216|15151342|NA|0
"540390013003"|0|1|1|0|0|0|0|1|1|1|0|0|0|1|0|20397|20397|16006|16006|9400|233|64|210|14851342|70720.6761904762|0
"540390015004"|0|1|1|0|0|0|0|1|1|1|0|0|0|1|0|20397|20397|16006|16006|9400|233|64|210|14851342|70720.6761904762|0
"540390015005"|0|4|1|0|0|0|0|4|4|2|1|2|3|1|0|NA|NA|NA|NA|NA|242|65|216|15151342|NA|0
"540390017001"|0|1|0|0|0|0|0|1|1|0|0|1|1|0|0|NA|NA|NA|NA|NA|0|0|0|0|NA|0
"540390017002"|0|1|0|0|0|0|0|1|1|0|0|1|1|0|0|NA|NA|NA|NA|NA|0|0|0|0|NA|0
"540390020004"|0|3|0|0|0|0|0|3|3|1|1|2|3|0|0|NA|NA|NA|NA|NA|9|1|6|3e+05|NA|0
"540390103001"|0|2|1|1|0|0|0|2|2|1|0|1|1|1|0|11314|20768|NA|NA|NA|164|73|196|10746752|NA|0
"540390104001"|0|2|1|1|0|0|0|2|2|1|0|1|1|1|0|11314|20768|NA|NA|NA|164|73|196|10746752|NA|0
"540390104002"|0|1|1|1|0|0|0|1|1|1|0|0|0|1|0|7712|17166|8074|18880|12366|164|73|196|10746752|54830.3673469388|0
"540390106001"|0|1|1|1|0|0|0|1|1|1|0|0|0|1|0|7712|17166|8074|18880|12366|164|73|196|10746752|54830.3673469388|0
"540390114011"|0|1|0|0|0|0|0|1|1|1|1|0|1|0|0|NA|NA|NA|NA|NA|25|3|58|3255942|56136.9310344828|0
"540390114021"|0|1|0|0|0|0|0|1|1|1|1|0|1|0|0|NA|NA|NA|NA|NA|25|3|58|3255942|56136.9310344828|0
"540390115002"|0|1|0|0|0|0|0|1|1|1|1|0|1|0|0|NA|NA|NA|NA|NA|25|3|58|3255942|56136.9310344828|0
"540390128004"|0|1|0|0|0|0|0|1|1|1|1|0|0|1|0|4370|10406|NA|NA|NA|61|25|210|11156480|53126.0952380952|0
"540459561011"|0|1|0|0|0|0|0|1|1|1|1|0|0|1|0|3672|5761|NA|NA|NA|91|39|126|5382436|42717.746031746|0
"540459562001"|0|1|0|0|0|0|0|1|1|1|1|0|0|1|0|3672|5761|NA|NA|NA|91|39|126|5382436|42717.746031746|0
"540459562002"|0|1|0|0|0|0|0|1|1|1|1|0|0|1|0|3672|5761|NA|NA|NA|91|39|126|5382436|42717.746031746|0
"540459564002"|0|1|0|0|0|0|0|1|1|0|0|1|1|0|0|NA|NA|NA|NA|NA|0|0|0|0|NA|0
"540459566001"|0|1|0|0|0|0|0|1|1|0|0|1|1|0|0|NA|NA|NA|NA|NA|0|0|0|0|NA|0
"540490202001"|0|2|1|0|0|0|0|2|2|2|1|0|0|2|0|9172|23134|NA|NA|19144|259|95|456|26540464|114044.219047619|0
"540490202004"|0|2|1|0|0|0|0|2|2|2|1|0|0|2|0|9172|23134|NA|NA|19144|259|95|456|26540464|114044.219047619|0
"540510207021"|0|1|0|0|0|0|0|1|1|0|0|1|1|0|0|NA|NA|NA|NA|NA|0|0|0|0|NA|0
"540550011003"|0|1|1|0|0|0|0|1|1|1|0|0|0|1|0|7876|17320|8460|14742|8988|142|67|194|10938906|56386.1134020619|0
"540550013003"|0|1|0|0|0|0|0|1|1|0|0|1|1|0|0|NA|NA|NA|NA|NA|0|0|0|0|NA|0
"540550020001"|0|1|0|1|0|0|0|1|1|1|0|0|0|1|0|7056|13539|NA|NA|NA|87|33|150|8699790|57998.6|0
"540570105002"|0|1|0|0|0|0|0|1|0|0|0|1|1|0|0|NA|NA|NA|NA|NA|0|0|0|0|NA|0
"540570106002"|0|1|0|0|0|0|0|1|1|1|0|0|0|1|0|4488|11376|NA|NA|8524|112|34|98|5584700|56986.7346938776|0
"540599574001"|0|1|0|0|0|0|0|1|1|0|0|1|1|0|0|NA|NA|NA|NA|NA|0|0|0|0|NA|0
"540599575003"|0|1|0|0|0|0|0|1|1|0|0|1|1|0|0|NA|NA|NA|NA|NA|0|0|0|0|NA|0
"540610101021"|0|2|1|0|0|1|0|2|2|2|1|0|1|0|1|20526|36620|NA|NA|NA|3043|848|2326|225734564|157692.706571491|0
"540610101022"|0|2|1|0|0|1|0|2|2|2|1|0|1|0|1|20526|36620|NA|NA|NA|3043|848|2326|225734564|157692.706571491|0
"540610102011"|0|1|1|0|0|0|0|1|1|0|0|1|1|0|0|NA|NA|NA|NA|NA|0|0|0|0|NA|0
"540610102012"|0|1|1|0|0|0|0|1|1|0|0|1|1|0|0|NA|NA|NA|NA|NA|0|0|0|0|NA|0
"540610102014"|0|1|0|0|0|0|0|1|1|0|0|1|1|0|0|NA|NA|NA|NA|NA|0|0|0|0|NA|0
"540610107001"|0|1|0|0|0|0|0|1|1|0|0|1|1|0|0|NA|NA|NA|NA|NA|0|0|0|0|NA|0
"540610110002"|0|1|0|0|0|0|0|1|1|0|0|1|1|0|0|NA|NA|NA|NA|NA|0|0|0|0|NA|0
"540690014002"|0|1|1|0|0|0|0|1|1|1|0|0|0|1|0|29090|29090|9450|9450|9900|111|39|106|6390820|60290.7547169811|0
"540690021002"|0|1|1|0|0|0|0|1|1|1|0|0|0|1|0|7680|15620|5920|7320|9406|168|82|288|18093244|62823.7638888889|0
"540690027001"|0|2|0|0|0|0|0|2|2|1|1|1|1|1|0|NA|NA|NA|NA|NA|71|24|104|5409980|NA|0
"540719704002"|0|0|1|0|0|0|0|1|1|1|0|0|1|0|0|NA|NA|11880|11880|NA|15|3|16|1014146|63384.125|0
"540719705003"|0|0|1|0|0|0|0|1|1|1|0|0|1|0|0|NA|NA|11880|11880|NA|15|3|16|1014146|63384.125|0
"540719705004"|0|0|1|0|0|0|0|1|1|1|0|0|1|0|0|NA|NA|11880|11880|NA|15|3|16|1014146|63384.125|0
"540790202004"|0|1|0|0|0|0|0|1|1|0|0|1|1|0|0|NA|NA|NA|NA|NA|0|0|0|0|NA|0
"540790206012"|0|1|1|0|0|0|0|1|1|1|0|0|1|0|0|13185|13185|14790|14790|NA|4|0|0|0|NA|0
"540810002002"|0|1|0|0|0|0|0|1|1|1|0|0|0|1|0|7464|18648|NA|NA|11390|135|56|190|12906582|67929.3789473684|0
"540810002004"|0|1|0|0|0|0|0|1|1|1|0|0|0|1|0|7464|18648|NA|NA|11390|135|56|190|12906582|67929.3789473684|0
"540810003002"|0|1|0|0|0|0|0|1|1|1|1|0|0|1|0|4286|6900|NA|NA|NA|69|14|100|5063708|50637.08|0
"540810006001"|0|1|0|0|0|0|0|1|1|0|0|1|1|0|0|NA|NA|NA|NA|NA|0|0|0|0|NA|0
"540810014003"|0|1|1|0|0|0|0|1|1|1|0|0|1|0|0|13010|13010|1350|1350|7960|33|12|28|968948|34605.2857142857|0
"540810015003"|0|1|0|0|0|0|0|1|1|0|0|1|1|0|0|NA|NA|NA|NA|NA|0|0|0|0|NA|0
"540839661001"|0|1|0|0|0|0|0|1|1|1|0|0|1|0|0|28800|28800|NA|NA|9250|108|32|96|5009870|52186.1458333333|0
"540839661002"|0|1|0|0|0|0|0|1|1|1|0|0|1|0|0|28800|28800|NA|NA|9250|108|32|96|5009870|52186.1458333333|0
"540839664002"|0|1|0|0|0|0|0|1|1|0|0|1|1|0|0|NA|NA|NA|NA|NA|0|0|0|0|NA|0
"540979667002"|0|1|1|0|0|0|0|1|1|1|0|0|0|1|0|30462|30462|11610|11610|8856|165|55|138|7557526|54764.6811594203|0
"540979668002"|0|1|0|0|0|0|0|1|1|0|0|1|1|0|0|NA|NA|NA|NA|NA|0|0|0|0|NA|0
"541070005001"|0|1|0|0|0|0|0|1|1|1|1|0|1|0|0|8400|8400|NA|NA|NA|5|1|6|197310|32885|0
"541070105022"|0|1|1|0|0|0|0|1|1|1|0|0|1|0|0|21750|21750|7200|7200|7980|50|16|44|2077838|47223.5909090909|0
"541070105023"|0|1|1|0|0|0|0|1|1|1|0|0|1|0|0|21750|21750|7200|7200|7980|50|16|44|2077838|47223.5909090909|0
"541070106012"|0|1|0|0|0|0|0|1|1|0|0|1|1|0|0|23411|23411|NA|NA|4131|0|0|0|0|NA|0
"541070106023"|0|1|0|0|0|0|0|1|1|0|0|1|1|0|0|23411|23411|NA|NA|4131|0|0|0|0|NA|0
"541070107011"|0|2|0|0|0|0|0|2|2|1|0|1|1|1|0|NA|NA|NA|NA|NA|132|53|146|7788004|NA|0
"550039503001"|0|1|0|0|0|0|0|1|1|1|0|0|1|0|0|34666|34666|NA|NA|9176|76|24|98|5484662|55965.9387755102|0
"550039503002"|0|1|0|0|0|0|0|1|1|1|0|0|1|0|0|34666|34666|NA|NA|9176|76|24|98|5484662|55965.9387755102|0
"550039508001"|0|1|0|0|0|0|0|1|1|1|0|0|1|0|0|34666|34666|NA|NA|9176|76|24|98|5484662|55965.9387755102|0
"550090018021"|0|1|1|0|0|0|0|1|1|1|0|0|0|1|0|6298|14148|7793|17106|7306|399|162|446|26843736|60187.7488789238|0
"550090018022"|0|1|1|0|0|0|0|1|1|1|0|0|0|1|0|6298|14148|7793|17106|7306|399|162|446|26843736|60187.7488789238|0
"550090102011"|0|1|0|0|0|0|0|1|1|0|0|1|1|0|0|NA|NA|NA|NA|NA|0|0|0|0|NA|0
"550090102012"|0|1|1|0|0|0|0|1|1|1|0|0|0|1|0|37314|37314|10730|10730|9954|401|120|278|18819578|67696.3237410072|0
"550090103006"|0|1|1|0|0|0|0|1|1|1|0|0|0|1|0|37314|37314|10730|10730|9954|401|120|278|18819578|67696.3237410072|0
"550090205023"|0|3|1|0|0|0|0|3|3|2|1|1|2|0|1|NA|NA|NA|NA|NA|440|183|564|45335768|NA|0
"550090207031"|0|1|1|0|0|0|0|1|1|1|0|0|1|0|0|21050|21050|20384|20384|NA|40|14|42|2886666|68730.1428571429|0
"550090209002"|0|1|0|0|0|0|0|1|1|0|0|1|1|0|0|NA|NA|NA|NA|NA|0|0|0|0|NA|0
"550090210003"|0|1|0|0|0|0|0|1|1|0|0|1|1|0|0|NA|NA|NA|NA|NA|0|0|0|0|NA|0
"550090213034"|0|1|0|0|0|0|0|1|1|0|0|1|1|0|0|NA|NA|NA|NA|NA|0|0|0|0|NA|0
"550090213041"|0|1|0|0|0|0|0|1|1|0|0|1|1|0|0|NA|NA|NA|NA|NA|0|0|0|0|NA|0
"550099400013"|0|2|1|0|0|0|0|2|2|1|0|1|1|1|0|NA|NA|NA|NA|NA|401|120|278|18819578|NA|0
"550099400015"|0|1|0|0|0|0|0|1|1|0|0|1|1|0|0|NA|NA|NA|NA|NA|0|0|0|0|NA|0
"550099400031"|0|1|0|0|0|0|0|1|1|1|1|0|0|0|1|4026|6039|NA|NA|NA|404|180|526|42706730|81191.5019011407|0
"550099400041"|0|2|1|0|0|0|0|2|2|1|0|1|2|0|0|NA|NA|NA|NA|NA|36|3|38|2629038|NA|0
"550250002041"|0|1|0|0|0|0|0|1|1|0|0|1|1|0|0|NA|NA|NA|NA|NA|0|0|0|0|NA|0
"550250004081"|0|2|0|0|0|0|0|2|2|0|0|2|2|0|0|NA|NA|NA|NA|NA|0|0|0|0|NA|0
"550250010001"|0|1|1|0|0|0|0|1|1|1|0|0|0|1|0|29500|29500|17334|17334|11020|232|73|310|17532990|56558.0322580645|0
"550250011021"|0|3|3|0|0|1|0|3|3|1|0|0|0|0|1|NA|NA|NA|NA|NA|10747|2232|4366|509548996|NA|0
"550250011022"|0|3|3|0|0|1|0|3|3|1|0|0|0|0|1|NA|NA|NA|NA|NA|10747|2232|4366|509548996|NA|0
"550250016032"|0|1|0|0|0|0|0|1|1|0|0|1|1|0|0|NA|NA|NA|NA|NA|0|0|0|0|NA|0
"550250016063"|0|2|0|0|0|0|0|2|2|2|1|0|1|0|1|11500|19071|NA|NA|NA|0|0|0|0|NA|0
"550250025001"|0|1|1|0|0|0|0|1|1|1|1|0|0|0|1|4026|6131|4026|6131|NA|594|237|884|84800690|95928.3823529412|0
"550250031003"|0|1|0|0|0|0|0|1|1|1|1|0|1|0|0|14708|14708|NA|NA|NA|3|0|0|0|NA|0
"550250114021"|0|1|1|0|0|0|0|1|1|1|0|0|0|1|0|13130|13130|10720|10720|NA|255|9|82|6030628|73544.243902439|0
"550250114022"|0|1|1|0|0|0|0|1|1|1|0|0|0|1|0|13130|13130|10720|10720|NA|255|9|82|6030628|73544.243902439|0
"550279603003"|0|1|0|0|0|0|0|1|1|0|0|1|1|0|0|NA|NA|NA|NA|NA|0|0|0|0|NA|0
"550310205001"|0|1|1|0|0|0|0|1|1|1|0|0|0|1|0|6535|14108|7640|16771|6792|220|89|238|13922528|58498.0168067227|0
"550339708002"|0|1|1|0|0|0|0|1|1|1|0|0|0|1|0|7014|14981|6981|15088|6924|614|228|680|44051428|64781.5117647059|0
"550350008033"|0|1|0|0|0|0|0|1|1|0|0|1|1|0|0|NA|NA|NA|NA|NA|0|0|0|0|NA|0
"550350017001"|0|2|1|0|0|0|0|2|2|2|1|0|0|1|1|11387|21675|NA|NA|NA|871|351|1256|87853110|140656.135613208|0
"550350017002"|0|2|1|0|0|0|0|2|2|2|1|0|0|1|1|11387|21675|NA|NA|NA|871|351|1256|87853110|140656.135613208|0
"550390411001"|0|1|0|0|0|0|0|1|1|1|1|0|0|1|0|4065|6039|NA|NA|NA|265|117|284|21160498|74508.7957746479|0
"550390411004"|0|2|1|0|0|0|0|2|2|2|1|0|0|2|0|31015|32989|NA|NA|NA|406|188|456|31469322|134443.819030462|0
"550390416002"|0|1|0|0|0|0|0|1|1|1|0|0|1|0|0|43508|43508|NA|NA|8400|104|47|120|8165382|68044.85|0
"550390416003"|0|1|0|0|0|0|0|1|1|1|0|0|1|0|0|43508|43508|NA|NA|8400|104|47|120|8165382|68044.85|0
"550390420004"|0|1|0|0|0|0|0|1|1|1|1|0|0|1|0|4065|6039|NA|NA|NA|265|117|284|21160498|74508.7957746479|0
"550439603002"|0|1|0|0|0|0|0|1|1|1|1|0|0|1|0|4066|6039|NA|NA|7408|117|5|154|10932366|70989.3896103896|0
"550439610001"|0|1|1|0|0|0|0|1|1|1|0|0|0|1|0|6418|14268|7640|16771|7602|581|202|678|41905200|61807.0796460177|0
"550459605002"|0|1|0|0|0|0|0|1|0|0|0|0|0|0|0|NA|NA|NA|NA|NA|0|0|0|0|NA|0
"550551003002"|0|1|1|0|0|0|0|1|1|1|0|0|0|1|0|14250|14250|7360|7360|7100|76|16|78|3215852|41228.8717948718|0
"550590003001"|0|1|1|0|0|0|0|1|1|1|0|0|0|1|0|43550|43550|43550|43550|11990|246|71|356|26952476|75709.202247191|0
"550590005003"|0|1|1|0|0|0|0|1|1|1|0|0|0|1|0|43550|43550|43550|43550|11990|246|71|356|26952476|75709.202247191|0
"550590006014"|0|2|2|0|0|0|0|2|2|1|0|1|1|1|0|13048|21037|14620|24024|NA|282|107|322|19209592|NA|0
"550590006022"|0|2|1|0|0|0|0|2|2|2|1|0|1|1|0|17156|19169|NA|NA|NA|363|143|506|41977046|162004.654166667|0
"550590023002"|0|1|0|0|0|0|0|1|1|0|0|1|1|0|0|NA|NA|NA|NA|NA|0|0|0|0|NA|0
"550630004004"|0|1|0|0|0|0|0|1|1|1|1|0|0|1|0|4065|6039|NA|NA|6584|233|133|368|25611730|69597.0923913044|0
"550630004005"|0|1|1|0|0|0|0|1|1|1|0|0|0|1|0|27280|27280|8560|8560|9060|195|79|208|12682918|60975.5673076923|0
"550630005002"|0|1|1|0|0|0|0|1|1|1|0|0|0|0|1|7585|16254|8567|18637|6331|612|205|982|63793266|64962.5926680244|0
"550630105001"|0|1|0|0|0|0|0|1|1|0|0|1|1|0|0|NA|NA|NA|NA|NA|0|0|0|0|NA|0
"550710006005"|0|1|1|0|0|0|0|1|1|1|0|0|1|0|0|27800|27800|6720|6720|11000|46|13|46|2211914|48085.0869565217|0
"550710105002"|0|1|1|0|0|0|0|1|1|1|0|0|1|0|0|27800|27800|6720|6720|11000|46|13|46|2211914|48085.0869565217|0
"550710106002"|0|1|0|0|0|0|0|1|1|1|1|0|0|1|0|4026|6039|NA|NA|NA|147|53|208|15624054|75115.6442307692|0
"550730004002"|0|1|0|0|0|0|0|1|1|1|1|0|0|1|0|3221|4831|NA|NA|6920|214|61|280|19797152|70704.1142857143|0
"550730008001"|0|1|0|0|0|0|0|1|1|0|0|1|1|0|0|NA|NA|NA|NA|NA|0|0|0|0|NA|0
"550759611001"|0|1|0|0|0|0|0|1|0|0|0|0|0|0|0|NA|NA|NA|NA|NA|0|0|0|0|NA|0
"550759611003"|0|1|0|0|0|0|0|1|0|0|0|0|0|0|0|NA|NA|NA|NA|NA|0|0|0|0|NA|0
"550759611004"|0|1|0|0|0|0|0|1|0|0|0|0|0|0|0|NA|NA|NA|NA|NA|0|0|0|0|NA|0
"550759612001"|0|1|0|0|0|0|0|1|0|0|0|0|0|0|0|NA|NA|NA|NA|NA|0|0|0|0|NA|0
"550789401011"|0|2|0|0|0|0|1|2|2|2|0|0|2|0|0|26700|26700|NA|NA|NA|73|21|34|1596520|NA|0
"550789401022"|0|2|0|0|0|0|1|2|2|2|0|0|2|0|0|26700|26700|NA|NA|NA|73|21|34|1596520|NA|0
"550790002023"|0|1|1|0|0|0|0|1|0|0|0|0|0|0|0|NA|NA|NA|NA|NA|0|0|0|0|NA|0
"550790017004"|0|0|1|0|0|0|0|1|1|1|0|0|1|0|0|NA|NA|38950|38950|NA|5|2|0|0|NA|0
"550790043002"|0|2|1|0|0|0|0|2|2|2|0|0|2|0|0|45811|45811|NA|NA|NA|30|17|44|2838238|126974.282051282|0
"550790044003"|0|2|1|0|0|0|0|2|2|2|0|0|2|0|0|45811|45811|NA|NA|NA|30|17|44|2838238|126974.282051282|0
"550790056002"|0|1|1|0|0|0|0|1|1|1|0|0|0|1|0|29510|29510|14220|14220|8870|97|31|124|7487054|60379.4677419355|0
"550790074001"|0|2|1|0|0|0|0|2|2|2|0|0|1|0|1|14841|26120|NA|NA|NA|1919|646|2136|166484152|NA|0
"550790128001"|0|1|1|0|0|0|0|1|1|1|0|0|0|1|0|29410|29410|9810|9810|10190|86|23|126|7237750|57442.4603174603|0
"550790144001"|0|1|1|0|0|0|0|1|1|1|0|0|0|1|0|39039|39039|21978|21978|9735|247|64|276|24882596|90154.3333333333|0
"550790146002"|0|1|1|0|0|1|0|1|1|1|0|0|0|0|1|41290|41290|20340|20340|12720|1613|564|1348|127609512|94665.8100890208|0
"550790165003"|0|0|1|0|0|0|0|1|1|0|0|1|1|0|0|NA|NA|14000|14000|NA|0|0|0|0|NA|0
"550790191002"|0|1|1|0|0|0|0|1|1|1|0|0|0|1|0|27552|27552|10117|10117|8546|202|59|180|10408302|57823.9|0
"550790218001"|0|1|0|0|0|0|0|1|1|0|0|1|1|0|0|NA|NA|NA|NA|NA|0|0|0|0|NA|0
"550790351003"|0|1|1|0|0|0|0|1|1|1|0|0|0|1|0|29998|29998|10833|10833|8440|150|61|150|9047284|60315.2266666667|0
"550790352004"|0|1|1|0|0|0|0|1|1|1|0|0|0|1|0|29998|29998|10833|10833|8440|150|61|150|9047284|60315.2266666667|0
"550790601012"|0|1|1|0|0|0|0|1|1|1|0|0|0|1|0|29998|29998|10833|10833|8440|150|61|150|9047284|60315.2266666667|0
"550790601013"|0|1|1|0|0|0|0|1|1|1|0|0|0|1|0|29998|29998|10833|10833|8440|150|61|150|9047284|60315.2266666667|0
"550790602001"|0|2|1|0|0|0|0|2|2|2|0|0|2|0|0|45811|45811|NA|NA|NA|30|17|44|2838238|126974.282051282|0
"550790701001"|0|3|2|0|0|0|0|3|3|3|0|0|2|1|0|75809|75809|NA|NA|NA|180|78|194|11885522|187289.508717949|0
"550790702002"|0|0|0|0|0|0|0|1|0|0|0|0|0|0|0|NA|NA|NA|NA|NA|0|0|0|0|NA|0
"550790703005"|0|2|1|0|0|0|0|2|2|2|0|0|2|0|0|45811|45811|NA|NA|NA|30|17|44|2838238|126974.282051282|0
"550790802001"|0|0|0|0|0|0|0|1|0|0|0|0|0|0|0|NA|NA|NA|NA|NA|0|0|0|0|NA|0
"550790903001"|0|2|1|0|0|0|0|2|2|2|1|0|1|1|0|NA|NA|NA|NA|NA|105|32|140|8226934|106621.967741935|0
"550790906001"|0|1|0|0|0|0|0|1|1|1|0|0|1|0|0|17755|17755|NA|NA|NA|56|33|82|5723160|69794.6341463415|0
"550791201022"|0|1|0|0|0|0|0|1|1|0|0|1|1|0|0|NA|NA|NA|NA|NA|0|0|0|0|NA|0
"550791503012"|0|0|1|0|0|0|0|1|1|1|0|0|1|0|0|NA|NA|10800|10800|NA|25|4|24|1601000|66708.3333333333|0
"550791853001"|0|0|1|0|1|1|0|1|1|1|0|0|0|1|0|NA|NA|30000|30000|NA|0|0|0|0|NA|0
"550791863001"|0|1|0|0|0|0|0|1|1|1|1|0|0|0|1|4026|6039|NA|NA|NA|697|213|1018|97308192|95587.6149312377|0
"550791863002"|0|3|1|0|0|0|0|3|3|3|1|0|2|0|1|32951|34964|NA|NA|NA|697|213|1018|97308192|NA|0
"550791865001"|0|0|1|0|0|0|0|1|1|0|0|1|1|0|0|NA|NA|14000|14000|NA|0|0|0|0|NA|0
"550791868001"|0|1|0|0|0|0|0|1|1|1|1|0|0|0|1|4026|6039|NA|NA|NA|697|213|1018|97308192|95587.6149312377|0
"550791874001"|0|2|0|0|0|0|0|2|2|1|0|1|2|0|0|NA|NA|NA|NA|NA|77|11|86|4472776|NA|0
"550859704001"|0|1|0|0|0|0|0|1|1|1|1|0|0|1|0|4066|6099|NA|NA|NA|102|36|108|7975264|73845.037037037|0
"550859704002"|0|1|0|0|0|0|0|1|1|1|1|0|0|1|0|4066|6099|NA|NA|NA|102|36|108|7975264|73845.037037037|0
"550859714001"|0|1|0|0|0|0|0|1|1|1|1|0|0|1|0|4066|6099|NA|NA|NA|102|36|108|7975264|73845.037037037|0
"550870105004"|0|1|0|0|0|0|0|1|1|1|0|0|0|1|0|47175|47175|NA|NA|10341|313|107|346|25356258|73283.9826589595|0
"550870110001"|0|1|0|0|0|0|0|1|1|0|0|1|1|0|0|NA|NA|NA|NA|NA|0|0|0|0|NA|0
"550870110006"|0|1|0|0|0|0|0|1|1|1|0|0|0|1|0|47175|47175|NA|NA|10341|313|107|346|25356258|73283.9826589595|0
"550870111022"|0|3|0|0|0|0|0|3|3|1|1|2|2|0|1|NA|NA|NA|NA|NA|476|133|620|51742374|NA|0
"550896502002"|0|1|1|0|0|0|0|1|1|1|0|0|0|1|0|29180|29180|10728|10728|10850|327|124|464|34928990|75277.9956896552|0
"550896602022"|0|1|1|0|0|0|0|1|1|1|0|0|0|1|0|29180|29180|10728|10728|10850|327|124|464|34928990|75277.9956896552|0
"550939603003"|0|1|1|0|0|0|0|1|1|1|0|0|0|1|0|6428|14001|7640|16771|6526|333|120|424|29666038|69967.070754717|0
"550979603002"|0|1|1|0|0|0|0|1|1|1|0|0|0|1|0|6698|14965|7870|17274|7422|661|227|718|44010166|61295.495821727|0
"550979603004"|0|1|1|0|0|0|0|1|1|1|0|0|0|1|0|6698|14965|7870|17274|7422|661|227|718|44010166|61295.495821727|0
"550979604005"|0|1|1|0|0|0|0|1|1|1|0|0|0|1|0|6698|14965|7870|17274|7422|661|227|718|44010166|61295.495821727|0
"551010009044"|0|1|1|0|0|0|0|1|1|1|0|0|1|0|0|15795|15795|17375|17375|NA|6|0|2|121892|60946|0
"551010017011"|0|1|0|0|0|0|0|1|1|1|0|0|1|0|0|17177|17177|NA|NA|NA|5|3|0|0|NA|0
"551010017013"|0|1|0|0|0|0|0|1|1|1|0|0|1|0|0|17177|17177|NA|NA|NA|5|3|0|0|NA|0
"551010017025"|0|1|0|0|0|0|0|1|1|1|0|0|1|0|0|17177|17177|NA|NA|NA|5|3|0|0|NA|0
"551010018013"|0|1|0|0|0|0|0|1|1|0|0|1|1|0|0|NA|NA|NA|NA|NA|0|0|0|0|NA|0
"551010021003"|0|1|0|0|0|0|0|1|1|0|0|1|1|0|0|NA|NA|NA|NA|NA|0|0|0|0|NA|0
"551050004003"|0|2|0|0|0|0|0|2|2|0|0|2|2|0|0|NA|NA|NA|NA|NA|0|0|0|0|NA|0
"551050012013"|0|1|0|0|0|0|0|1|1|1|1|0|0|1|0|4026|6309|NA|NA|NA|117|48|164|12505878|76255.3536585366|0
"551050014002"|0|1|0|0|0|0|0|1|1|1|1|0|0|1|0|4026|6309|NA|NA|NA|117|48|164|12505878|76255.3536585366|0
"551050014004"|0|1|0|0|0|0|0|1|1|1|1|0|0|1|0|4026|6309|NA|NA|NA|117|48|164|12505878|76255.3536585366|0
"551050015001"|0|1|0|0|0|0|0|1|1|1|0|0|0|1|0|49564|49564|NA|NA|8830|208|61|236|16227804|68761.8813559322|0
"551050015002"|0|2|0|0|0|0|0|2|2|1|0|1|1|1|0|NA|NA|NA|NA|NA|208|61|236|16227804|NA|0
"551050018003"|0|1|0|0|0|0|0|1|1|1|0|0|0|1|0|49564|49564|NA|NA|8830|208|61|236|16227804|68761.8813559322|0
"551050019001"|0|1|0|0|0|0|0|1|1|1|0|0|0|1|0|49564|49564|NA|NA|8830|208|61|236|16227804|68761.8813559322|0
"551050019002"|0|1|0|0|0|0|0|1|1|0|0|1|1|0|0|NA|NA|NA|NA|NA|0|0|0|0|NA|0
"551110001001"|0|1|0|0|0|0|0|1|1|0|0|1|1|0|0|NA|NA|NA|NA|NA|0|0|0|0|NA|0
"551110001004"|0|1|0|0|0|0|0|1|1|0|0|1|1|0|0|NA|NA|NA|NA|NA|0|0|0|0|NA|0
"551139400001"|0|1|0|0|0|0|1|1|1|1|1|0|1|0|0|4560|4560|NA|NA|NA|36|1|24|992258|41344.0833333333|0
"551170102001"|0|1|1|0|0|0|0|1|1|1|0|0|0|1|0|27610|27610|10962|10962|8616|165|21|78|4852540|62212.0512820513|0
"551270003022"|0|0|1|0|0|0|0|1|1|1|0|0|1|0|0|NA|NA|11281|11281|NA|2|1|0|0|NA|0
"551270005011"|0|1|1|0|0|0|0|1|1|1|0|0|0|0|1|6519|15092|7949|17448|7620|649|266|1044|70730200|67749.2337164751|0
"551299506002"|0|1|0|0|0|0|0|1|1|1|1|0|0|1|0|4294|6442|NA|NA|NA|196|72|286|16743506|58543.7272727273|0
"551299506004"|0|1|0|0|0|0|0|1|1|1|1|0|0|1|0|4294|6442|NA|NA|NA|196|72|286|16743506|58543.7272727273|0
"551332011013"|0|2|2|0|0|0|0|2|2|2|0|0|2|0|0|25106|25106|22150|22150|NA|17|4|32|2728090|146936.333333333|0
"551332026002"|0|1|1|0|0|0|0|1|1|1|0|0|0|1|0|31162|31162|10944|10944|9896|236|75|268|19406276|72411.4776119403|0
"551332030002"|0|1|0|0|0|0|0|1|1|0|0|1|1|0|0|NA|NA|NA|NA|NA|0|0|0|0|NA|0
"551332031011"|0|1|0|0|0|0|0|1|1|0|0|1|1|0|0|NA|NA|NA|NA|NA|0|0|0|0|NA|0
"551332033052"|0|2|0|0|0|0|0|2|2|1|1|1|1|1|0|NA|NA|NA|NA|NA|265|112|374|30537914|NA|0
"551332037032"|0|0|1|0|0|0|0|1|1|1|0|0|1|0|0|NA|NA|15000|15000|NA|13|3|14|932200|66585.7142857143|0
"551332041001"|0|0|1|0|0|0|0|1|1|1|0|0|1|0|0|NA|NA|15000|15000|NA|13|3|14|932200|66585.7142857143|0
"551332041002"|0|0|1|0|0|0|0|1|1|1|0|0|1|0|0|NA|NA|15000|15000|NA|13|3|14|932200|66585.7142857143|0
"551332043021"|0|0|1|0|0|0|0|1|1|1|0|0|1|0|0|NA|NA|15000|15000|NA|13|3|14|932200|66585.7142857143|0
"551332043022"|0|0|1|0|0|0|0|1|1|1|0|0|1|0|0|NA|NA|15000|15000|NA|13|3|14|932200|66585.7142857143|0
"551390001003"|0|1|0|0|0|0|0|1|1|0|0|1|1|0|0|NA|NA|NA|NA|NA|0|0|0|0|NA|0
"551390005003"|0|1|0|0|0|0|0|1|1|0|0|1|1|0|0|NA|NA|NA|NA|NA|0|0|0|0|NA|0
"551390007002"|0|1|1|0|0|0|0|1|1|1|0|0|0|0|1|6422|13995|7640|16771|8092|745|320|896|59142460|66007.2098214286|0
"551390007003"|0|1|1|0|0|0|0|1|1|1|0|0|0|0|1|6422|13995|7640|16771|8092|745|320|896|59142460|66007.2098214286|0
"551410115001"|0|1|0|0|0|0|0|1|1|1|1|0|0|1|0|4026|6039|NA|NA|NA|123|49|162|11895296|73427.7530864197|0
"560019627002"|0|1|0|0|0|0|0|1|1|1|1|0|1|0|0|NA|NA|NA|NA|NA|31|0|14|875000|62500|0
"560019628002"|0|1|0|0|0|0|0|1|1|1|1|0|1|0|0|NA|NA|NA|NA|NA|31|0|14|875000|62500|0
"560019635002"|0|1|1|0|0|0|0|1|1|1|0|0|0|0|1|3216|12888|4698|14040|10320|2203|459|1460|132601840|90823.1780821918|0
"560139404001"|0|1|0|0|0|0|0|1|1|1|1|0|0|1|0|2256|6768|NA|NA|6681|136|47|108|6451868|59739.5185185185|0
"560159577001"|0|1|0|0|0|0|0|1|1|1|1|0|0|1|0|2256|6768|NA|NA|7108|75|16|72|3732026|51833.6944444444|0
"560159578002"|0|1|0|0|0|0|0|1|1|1|1|0|0|1|0|2256|6768|NA|NA|7108|75|16|72|3732026|51833.6944444444|0
"560210004021"|0|1|0|0|0|0|0|1|1|1|1|0|0|1|0|2256|6768|NA|NA|8234|241|62|238|14669270|61635.5882352941|0
"560210007001"|0|1|0|0|0|0|0|1|1|0|0|1|1|0|0|NA|NA|NA|NA|NA|0|0|0|0|NA|0
"560210020001"|0|1|0|0|0|0|0|1|1|1|1|0|0|1|0|2256|6768|NA|NA|8234|241|62|238|14669270|61635.5882352941|0
"560210020004"|0|1|0|0|0|0|0|1|1|1|1|0|0|1|0|2256|6768|NA|NA|8234|241|62|238|14669270|61635.5882352941|0
"560250009022"|0|1|0|0|0|0|0|1|1|1|1|0|0|1|0|2256|6768|NA|NA|6880|226|72|268|17111204|63847.776119403|0
"560299652003"|0|1|0|0|0|0|0|1|1|1|1|0|0|1|0|2256|6768|NA|NA|6740|102|36|130|8047956|61907.3538461538|0
"560330001004"|0|1|0|0|0|0|0|1|1|1|1|0|0|1|0|2256|6768|NA|NA|7443|198|48|212|12027076|56731.4905660377|0
"560330005002"|0|1|0|0|0|0|0|1|1|1|1|0|0|1|0|2256|6768|NA|NA|7443|198|48|212|12027076|56731.4905660377|0
"560330006003"|0|1|0|0|0|0|0|1|1|1|1|0|0|1|0|2256|6768|NA|NA|7443|198|48|212|12027076|56731.4905660377|0
"560379709031"|0|1|0|0|0|0|0|1|1|1|1|0|0|1|0|2256|6768|NA|NA|5721|141|54|162|9790360|60434.3209876543|0
"560379709032"|0|1|0|0|0|0|0|1|1|1|1|0|0|1|0|2256|6768|NA|NA|5721|141|54|162|9790360|60434.3209876543|0
"600109509001"|0|1|0|0|0|0|0|1|1|1|0|0|0|1|0|3300|3600|NA|NA|NA|214|30|148|3429978|23175.527027027|0
"600509510001"|0|1|0|0|0|0|0|1|1|1|0|0|0|1|0|3300|3600|NA|NA|NA|214|30|148|3429978|23175.527027027|0
"600509515001"|0|1|0|0|0|0|0|1|1|1|0|0|0|1|0|3300|3600|NA|NA|NA|214|30|148|3429978|23175.527027027|0
"660109530005"|0|2|1|0|0|0|0|2|2|2|1|0|0|2|0|8160|16416|NA|NA|NA|613|212|388|25928746|127737.061019671|0
"660109557001"|0|1|1|0|0|0|0|1|1|1|0|0|1|0|0|4778|4778|4778|4778|4476|7|2|4|138000|34500|0
"691100010002"|0|1|0|0|0|0|0|1|1|1|0|0|0|1|0|3078|4560|NA|NA|NA|127|73|60|3074958|51249.3|0
"720034303002"|0|2|0|0|0|0|0|2|1|0|0|2|2|0|0|NA|NA|NA|NA|NA|0|0|0|0|NA|0
"720034305011"|0|1|0|0|0|0|0|1|1|0|0|1|1|0|0|NA|NA|NA|NA|NA|0|0|0|0|NA|0
"720034305012"|0|1|0|0|0|0|0|1|1|0|0|1|1|0|0|NA|NA|NA|NA|NA|0|0|0|0|NA|0
"720054003001"|0|1|0|0|0|0|0|1|1|1|0|0|0|1|0|3910|5865|NA|NA|NA|208|64|200|12546144|62730.72|0
"720054003002"|0|1|0|0|0|0|0|1|1|1|0|0|0|1|0|3910|5865|NA|NA|NA|208|64|200|12546144|62730.72|0
"720054004003"|0|1|0|0|0|0|0|1|1|0|0|1|1|0|0|NA|NA|NA|NA|NA|0|0|0|0|NA|0
"720054005023"|0|1|0|0|0|0|0|1|1|0|0|1|1|0|0|7400|7400|NA|NA|NA|0|0|0|0|NA|0
"720054008002"|0|1|0|0|0|0|0|1|1|1|0|0|1|0|0|NA|NA|NA|NA|NA|33|16|48|576354|12007.375|0
"720054010001"|0|1|0|0|0|0|0|1|1|1|0|0|1|0|0|NA|NA|NA|NA|NA|33|16|48|576354|12007.375|0
"720054010002"|0|1|0|0|0|0|0|1|1|1|0|0|1|0|0|NA|NA|NA|NA|NA|33|16|48|576354|12007.375|0
"720054011001"|0|1|0|0|0|0|0|1|1|1|0|0|1|0|0|NA|NA|NA|NA|NA|33|16|48|576354|12007.375|0
"720054012001"|0|1|0|0|0|0|0|1|1|1|0|0|1|0|0|NA|NA|NA|NA|NA|33|16|48|576354|12007.375|0
"720054013022"|0|1|1|0|0|0|0|1|1|1|0|0|0|1|0|4488|4488|3816|3816|NA|144|48|160|8331888|52074.3|0
"720133003012"|0|1|1|0|0|0|0|1|1|1|0|0|1|0|0|4920|4920|5580|5580|NA|42|15|46|1539320|33463.4782608696|0
"720133004001"|0|2|0|0|0|0|0|2|2|0|0|2|2|0|0|NA|NA|NA|NA|NA|0|0|0|0|NA|0
"720133005001"|0|2|0|0|0|0|0|2|2|0|0|2|2|0|0|NA|NA|NA|NA|NA|0|0|0|0|NA|0
"720133005002"|0|2|0|0|0|0|0|2|2|0|0|2|2|0|0|NA|NA|NA|NA|NA|0|0|0|0|NA|0
"720133008003"|0|1|0|0|0|0|0|1|1|1|0|0|0|1|0|3910|5865|NA|NA|NA|227|59|338|23470550|69439.4970414201|0
"720133010003"|0|1|0|0|0|0|0|1|1|0|0|1|1|0|0|NA|NA|NA|NA|NA|0|0|0|0|NA|0
"720133010004"|0|2|1|0|0|0|0|2|2|2|1|0|1|1|0|11318|11318|NA|NA|NA|198|64|164|8817738|90375.3885714286|0
"720133020001"|0|0|1|0|0|0|0|1|1|1|0|0|1|0|0|NA|NA|10500|10500|NA|0|0|0|0|NA|0
"720152802011"|0|1|0|0|0|0|0|1|1|0|0|1|1|0|0|NA|NA|NA|NA|NA|0|0|0|0|NA|0
"720152802013"|0|1|0|0|0|0|0|1|1|0|0|1|1|0|0|NA|NA|NA|NA|NA|0|0|0|0|NA|0
"720199524001"|0|1|1|0|0|0|0|1|1|1|0|0|0|1|0|4488|4488|3392|3392|NA|78|24|62|3073152|49566.9677419355|0
"720199525004"|0|1|0|0|0|0|0|1|1|0|0|1|1|0|0|NA|NA|NA|NA|NA|0|0|0|0|NA|0
"720210302003"|0|2|0|0|0|0|0|2|1|0|0|2|2|0|0|NA|NA|NA|NA|NA|0|0|0|0|NA|0
"720210303001"|0|1|0|0|0|0|0|1|1|1|1|0|1|0|0|NA|NA|NA|NA|NA|14|3|0|0|NA|0
"720210303002"|0|8|1|0|0|0|0|8|8|4|2|4|7|0|1|NA|NA|NA|NA|NA|597|232|352|11867774|NA|0
"720210303003"|0|2|0|0|0|0|0|2|1|0|0|2|2|0|0|NA|NA|NA|NA|NA|0|0|0|0|NA|0
"720210303004"|0|8|1|0|0|0|0|8|8|4|2|4|7|0|1|NA|NA|NA|NA|NA|597|232|352|11867774|NA|0
"720210309022"|0|1|1|0|0|0|0|1|1|1|0|0|0|1|0|5290|5290|6450|6450|NA|97|21|66|2046540|31008.1818181818|0
"720210310052"|0|7|1|0|0|0|0|7|7|3|1|4|6|0|1|NA|NA|NA|NA|NA|583|229|352|11867774|NA|0
"720210310321"|0|2|1|0|0|0|0|2|1|1|0|0|1|0|0|NA|NA|NA|NA|NA|57|24|22|724800|NA|0
"720210310334"|0|1|0|0|0|0|0|1|1|0|0|1|1|0|0|7400|7400|NA|NA|NA|0|0|0|0|NA|0
"720210311011"|0|2|0|0|0|0|0|2|2|0|0|2|2|0|0|NA|NA|NA|NA|NA|0|0|0|0|NA|0
"720210311012"|0|2|0|0|0|0|0|2|2|0|0|2|2|0|0|NA|NA|NA|NA|NA|0|0|0|0|NA|0
"720210313061"|0|1|2|0|0|0|0|2|2|2|0|0|1|1|0|NA|NA|NA|NA|NA|179|63|224|12983766|124683.417657046|0
"720210315031"|0|1|1|0|0|0|0|1|1|1|0|0|0|1|0|4584|4584|5040|5040|NA|84|29|68|1859456|27344.9411764706|0
"720210316122"|0|1|1|0|0|1|0|1|1|1|0|0|1|0|0|4680|4680|5367|5367|NA|121|34|14|534216|38158.2857142857|0
"720210317012"|0|2|0|0|0|0|0|2|2|1|0|1|1|1|0|4810|6765|NA|NA|NA|243|90|348|23415040|NA|0
"720252003044"|0|1|0|0|0|0|0|1|1|1|1|0|0|1|0|8592|8592|NA|NA|NA|148|14|170|4212256|24777.9764705882|0
"720252004001"|0|1|0|0|0|0|0|1|0|0|0|1|1|0|0|7500|7500|NA|NA|NA|0|0|0|0|NA|0
"720252004002"|0|1|0|0|0|0|0|1|0|0|0|1|1|0|0|7500|7500|NA|NA|NA|0|0|0|0|NA|0
"720252006002"|0|1|0|0|0|0|0|1|1|1|0|0|0|1|0|7000|7000|NA|NA|NA|115|36|82|2234000|27243.9024390244|0
"720252008001"|0|1|1|0|0|0|0|1|1|1|0|0|0|1|0|6540|6540|6270|6270|NA|53|11|58|1730608|29838.0689655172|0
"720252008003"|0|1|1|0|0|0|0|1|1|1|0|0|0|1|0|6540|6540|6270|6270|NA|53|11|58|1730608|29838.0689655172|0
"720252009002"|0|1|0|0|0|0|0|1|1|1|0|0|1|0|0|6550|6550|NA|NA|NA|54|17|30|761956|25398.5333333333|0
"720252010002"|0|3|0|0|0|0|0|3|3|0|0|3|3|0|0|NA|NA|NA|NA|NA|0|0|0|0|NA|0
"720252022001"|0|1|1|0|0|1|0|1|1|1|0|0|1|0|0|5400|11250|5800|7250|NA|0|0|0|0|NA|0
"720310502221"|0|1|1|0|0|0|0|1|1|1|0|0|0|0|1|4920|4920|2652|2652|NA|393|231|286|13519204|47269.9440559441|0
"720310502223"|0|1|1|0|0|0|0|1|1|1|0|0|0|0|1|4920|4920|2652|2652|NA|393|231|286|13519204|47269.9440559441|0
"720310503023"|0|1|0|0|1|0|0|1|1|1|0|0|0|1|0|3447|6459|NA|NA|NA|216|78|180|13629124|75717.3555555556|0
"720310504012"|0|1|0|0|1|0|0|1|1|1|0|0|0|1|0|3447|6459|NA|NA|NA|216|78|180|13629124|75717.3555555556|0
"720310504021"|0|1|0|0|1|0|0|1|1|1|0|0|0|1|0|3447|6459|NA|NA|NA|216|78|180|13629124|75717.3555555556|0
"720310504022"|0|1|0|0|1|0|0|1|1|1|0|0|0|1|0|3447|6459|NA|NA|NA|216|78|180|13629124|75717.3555555556|0
"720310504023"|0|1|0|0|1|0|0|1|1|1|0|0|0|1|0|3447|6459|NA|NA|NA|216|78|180|13629124|75717.3555555556|0
"720310505013"|0|2|0|0|0|0|0|2|2|1|0|1|2|0|0|NA|NA|NA|NA|NA|48|7|112|4698612|NA|0
"720310506003"|0|1|1|0|0|0|0|1|1|1|0|0|1|0|0|4584|4584|5040|5040|NA|13|7|16|414000|25875|0
"720310506004"|0|1|1|0|0|0|0|1|1|1|0|0|1|0|0|4584|4584|5040|5040|NA|13|7|16|414000|25875|0
"720319800031"|0|1|0|0|0|0|0|1|1|0|0|1|1|0|0|10785|10785|NA|NA|NA|0|0|0|0|NA|0
"720352601002"|0|1|0|0|0|0|0|1|1|1|1|0|1|0|0|NA|NA|NA|NA|NA|12|8|0|0|NA|0
"720352602011"|0|1|0|0|1|0|0|1|1|1|0|0|0|1|0|3910|5865|NA|NA|NA|319|87|238|15087768|63393.9831932773|0
"720352602022"|0|1|0|0|1|0|0|1|1|1|0|0|0|1|0|3910|5865|NA|NA|NA|319|87|238|15087768|63393.9831932773|0
"720439542001"|0|1|0|0|0|0|0|1|1|0|0|1|1|0|0|NA|NA|NA|NA|NA|0|0|0|0|NA|0
"720439542003"|0|1|0|0|0|0|0|1|1|0|0|1|1|0|0|NA|NA|NA|NA|NA|0|0|0|0|NA|0
"720531503012"|0|1|0|0|0|0|0|1|0|0|0|0|0|0|0|NA|NA|NA|NA|NA|0|0|0|0|NA|0
"720531503021"|0|1|1|0|0|0|0|1|1|1|0|0|0|1|0|4488|4488|3816|3816|NA|93|36|82|4356544|53128.5853658537|0
"720531503022"|0|1|1|0|0|0|0|1|1|1|0|0|0|1|0|4488|4488|3816|3816|NA|93|36|82|4356544|53128.5853658537|0
"720572702013"|0|1|1|0|0|0|0|1|1|1|0|0|0|1|0|4488|4488|3816|3816|NA|75|29|64|3255096|50860.875|0
"720572705002"|0|1|1|0|0|0|0|1|1|1|0|0|0|1|0|4488|4488|3816|3816|NA|75|29|64|3255096|50860.875|0
"720572706004"|0|1|0|0|0|0|0|1|1|1|1|0|1|0|0|1100|1100|NA|NA|NA|18|6|72|2052000|28500|0
"720610403021"|0|1|1|0|0|0|0|1|1|1|0|0|1|0|0|5880|5880|7680|7680|NA|2|0|0|0|NA|0
"720610404031"|0|1|1|0|0|0|0|1|1|1|0|0|0|1|0|6780|6780|10800|10800|NA|42|10|122|3297942|27032.3114754098|0
"720610404112"|0|1|0|0|0|0|0|1|1|1|1|0|0|1|0|NA|NA|NA|NA|NA|448|165|278|4817664|17329.726618705|0
"720610404321"|0|1|0|0|0|0|0|1|1|1|1|0|0|1|0|NA|NA|NA|NA|NA|448|165|278|4817664|17329.726618705|0
"720610404423"|0|1|1|0|0|0|0|1|1|1|0|0|0|1|0|6780|6780|10800|10800|NA|42|10|122|3297942|27032.3114754098|0
"720610405001"|0|1|1|0|0|0|0|1|1|1|0|0|0|1|0|6780|6780|10800|10800|NA|42|10|122|3297942|27032.3114754098|0
"720610405003"|0|1|1|0|0|0|0|1|1|1|0|0|0|1|0|6780|6780|10800|10800|NA|42|10|122|3297942|27032.3114754098|0
"720632104002"|0|1|0|0|0|0|0|1|1|0|0|1|1|0|0|NA|NA|NA|NA|NA|0|0|0|0|NA|0
"720632105021"|0|1|1|0|0|0|0|1|1|1|0|0|0|0|1|4920|4920|2652|2652|NA|480|267|394|21324324|54122.6497461929|0
"720632105023"|0|1|1|0|0|0|0|1|1|1|0|0|0|0|1|4920|4920|2652|2652|NA|480|267|394|21324324|54122.6497461929|0
"720691803021"|0|1|0|0|0|0|0|1|1|1|0|0|0|1|0|3910|5865|NA|NA|NA|316|104|290|20573908|70944.5103448276|0
"720691805003"|0|1|0|0|0|0|0|1|1|1|0|0|1|0|0|5895|5895|NA|NA|NA|44|8|4|129600|32400|0
"720691806004"|0|1|0|0|0|0|0|1|1|1|0|0|1|0|0|5895|5895|NA|NA|NA|44|8|4|129600|32400|0
"720691806005"|0|2|0|0|0|0|0|2|2|1|0|1|2|0|0|11412|11412|NA|NA|NA|25|2|32|734538|NA|0
"720714105003"|0|1|0|0|0|0|0|1|1|0|0|1|1|0|0|NA|NA|NA|NA|NA|0|0|0|0|NA|0
"720757103012"|0|1|0|0|0|0|0|1|1|0|0|1|1|0|0|NA|NA|NA|NA|NA|0|0|0|0|NA|0
"720757106001"|0|1|1|0|0|0|0|1|1|1|0|0|1|0|0|7080|7080|5130|5130|NA|4|0|4|160000|40000|0
"720915701002"|0|1|0|0|0|0|0|1|1|1|0|0|1|0|0|7080|7080|NA|NA|NA|3|1|4|160000|40000|0
"720915701003"|0|1|1|0|0|0|0|1|1|1|0|0|1|0|0|4776|4776|5976|5976|NA|33|14|16|518400|32400|0
"720915701004"|0|1|1|0|0|0|0|1|1|1|0|0|1|0|0|4776|4776|5976|5976|NA|33|14|16|518400|32400|0
"720915703002"|0|1|0|0|0|0|0|1|1|1|0|0|1|0|0|5366|5366|NA|NA|NA|51|21|42|1222064|29096.7619047619|0
"720915703004"|0|2|0|0|0|0|0|2|2|1|1|1|2|0|0|NA|NA|NA|NA|NA|16|5|24|641766|NA|0
"720915705001"|0|1|0|0|0|0|0|1|1|1|1|0|1|0|0|1080|1080|NA|NA|NA|11|5|96|2783016|28989.75|0
"720915705002"|0|1|0|0|0|0|0|1|1|1|1|0|1|0|0|1080|1080|NA|NA|NA|11|5|96|2783016|28989.75|0
"720970801001"|0|1|1|0|1|0|0|1|1|1|0|0|0|0|1|3910|5865|3375|6750|NA|1791|528|950|75103032|79055.8231578947|0
"720970805001"|0|1|0|0|0|0|0|1|1|1|1|0|1|0|0|6820|6820|NA|NA|NA|16|5|14|533468|38104.8571428571|0
"720970806001"|0|2|0|0|0|0|0|2|2|0|0|2|2|0|0|NA|NA|NA|NA|NA|0|0|0|0|NA|0
"720970812001"|0|1|0|0|0|0|0|1|1|1|0|0|1|0|0|5895|5895|NA|NA|NA|31|3|4|129600|32400|0
"720970813002"|0|1|1|0|0|0|0|1|1|1|0|0|0|1|0|4920|4920|5580|5580|NA|46|19|82|3295910|40194.0243902439|0
"720970815124"|0|1|0|0|0|0|0|1|0|0|0|0|0|0|0|NA|NA|NA|NA|NA|0|0|0|0|NA|0
"720970818001"|0|1|1|0|0|0|0|1|1|1|0|0|0|1|0|5870|5870|2400|2400|6400|96|34|76|2404360|31636.3157894737|0
"720970821031"|0|1|1|0|0|0|0|1|1|1|0|0|0|1|0|4920|4920|5580|5580|NA|46|19|82|3295910|40194.0243902439|0
"720970821032"|0|1|1|0|0|0|0|1|1|1|0|0|0|1|0|4920|4920|5580|5580|NA|46|19|82|3295910|40194.0243902439|0
"721130701002"|0|1|0|0|0|0|0|1|1|0|0|1|1|0|0|7400|7400|NA|NA|NA|0|0|0|0|NA|0
"721130705033"|0|1|1|0|0|0|0|1|1|1|0|0|1|0|0|4584|4584|5040|5040|NA|18|8|44|1292446|29373.7727272727|0
"721130712001"|0|3|0|0|0|0|0|3|3|0|0|3|3|0|0|NA|NA|NA|NA|NA|0|0|0|0|NA|0
"721130712002"|0|3|0|0|0|0|0|3|3|0|0|3|3|0|0|NA|NA|NA|NA|NA|0|0|0|0|NA|0
"721130715001"|0|1|0|0|0|0|0|1|1|1|1|0|1|0|0|1080|1080|NA|NA|NA|22|8|66|5039568|76357.0909090909|0
"721130716011"|0|1|1|0|0|1|0|1|1|1|0|0|0|1|0|9433|18867|14368|16110|NA|304|90|98|4730356|48268.9387755102|0
"721130716012"|0|2|0|0|0|0|0|2|2|2|1|0|1|1|0|10642|12597|NA|NA|NA|249|84|184|10573346|80352.954978355|0
"721130717001"|0|1|1|0|0|0|0|1|1|1|0|0|0|1|0|4920|4920|5580|5580|4990|515|223|456|20990808|46032.4736842105|0
"721130721011"|0|3|1|0|0|1|0|3|3|3|1|0|1|2|0|20075|31464|NA|NA|NA|553|174|282|15303702|128621.893753865|0
"721130721012"|0|2|0|0|0|0|0|2|2|2|1|0|1|1|0|10642|12597|NA|NA|NA|249|84|184|10573346|80352.954978355|0
"721130722021"|0|1|1|0|0|0|0|1|1|1|0|0|0|1|0|4488|4488|3816|3816|NA|217|65|208|11075040|53245.3846153846|0
"721130722022"|0|1|0|0|0|0|0|1|1|1|1|0|0|1|0|NA|NA|NA|NA|NA|0|0|0|0|NA|0
"721130722026"|0|1|1|0|0|0|0|1|1|1|0|0|0|1|0|4488|4488|3816|3816|NA|217|65|208|11075040|53245.3846153846|0
"721191301012"|0|1|0|0|0|0|0|1|1|0|0|1|1|0|0|NA|NA|NA|NA|NA|0|0|0|0|NA|0
"721191301014"|0|1|0|0|0|0|0|1|1|0|0|1|1|0|0|NA|NA|NA|NA|NA|0|0|0|0|NA|0
"721191306011"|0|1|0|0|0|0|0|1|1|1|1|0|1|0|0|NA|NA|NA|NA|NA|0|0|0|0|NA|0
"721191306012"|0|1|0|0|0|0|0|1|1|1|1|0|1|0|0|NA|NA|NA|NA|NA|0|0|0|0|NA|0
"721258405002"|0|1|1|0|0|0|0|1|1|1|0|0|0|1|0|4488|4488|3392|3392|5193|224|79|194|11543088|59500.4536082474|0
"721258405003"|0|1|1|0|0|0|0|1|1|1|0|0|0|1|0|4488|4488|3392|3392|5193|224|79|194|11543088|59500.4536082474|0
"721258406001"|0|1|1|0|0|0|0|1|1|1|0|0|0|1|0|4488|4488|3392|3392|5193|224|79|194|11543088|59500.4536082474|0
"721270005061"|0|1|1|0|0|0|0|1|1|1|0|0|0|1|0|5775|5775|6195|6195|NA|125|35|50|2493952|49879.04|0
"721270005062"|0|1|1|0|0|0|0|2|2|2|0|0|2|0|0|NA|NA|NA|NA|NA|52|14|52|1340294|NA|0
"721270019001"|0|1|1|0|0|0|0|1|1|1|0|0|1|0|0|2520|3000|2160|2400|NA|66|25|88|2928264|33275.7272727273|0
"721270019002"|0|1|0|0|0|0|0|1|1|0|0|1|1|0|0|NA|NA|NA|NA|NA|0|0|0|0|NA|0
"721270019005"|0|1|0|0|0|0|0|1|1|0|0|1|1|0|0|NA|NA|NA|NA|NA|0|0|0|0|NA|0
"721270021002"|0|1|0|0|0|0|0|1|1|0|0|1|1|0|0|7100|7100|NA|NA|NA|0|0|0|0|NA|0
"721270024002"|0|1|2|0|0|0|0|2|2|2|0|0|1|1|0|NA|NA|34739|34739|NA|253|106|182|9128920|83547.3333333333|0
"721270039021"|0|1|0|0|0|0|0|1|1|0|0|1|1|0|0|NA|NA|NA|NA|NA|0|0|0|0|NA|0
"721270039023"|0|1|0|0|0|0|0|1|1|0|0|1|1|0|0|NA|NA|NA|NA|NA|0|0|0|0|NA|0
"721270042003"|0|1|0|0|0|0|0|1|1|0|0|1|1|0|0|7100|7100|NA|NA|NA|0|0|0|0|NA|0
"721270051011"|0|1|0|0|0|0|0|1|1|1|1|0|1|0|0|1080|1080|NA|NA|NA|18|7|76|1864120|24527.8947368421|0
"721270052151"|0|1|0|0|0|0|0|1|1|1|1|0|1|0|0|1080|1080|NA|NA|NA|18|7|76|1864120|24527.8947368421|0
"721270058003"|0|1|1|0|0|0|0|1|1|1|0|0|0|0|1|3910|5865|3375|6750|11161|1571|518|1948|136873938|70263.8285420945|0
"721270060001"|0|1|1|0|0|0|0|1|1|1|0|0|1|0|0|6120|6120|5130|5130|NA|48|2|538|20280000|37695.1672862454|0
"721270060002"|0|1|1|0|0|0|0|1|1|1|0|0|1|0|0|6120|6120|5130|5130|NA|48|2|538|20280000|37695.1672862454|0
"721270061011"|0|1|0|0|0|0|0|1|1|0|0|1|1|0|0|11904|11904|NA|NA|NA|0|0|0|0|NA|0
"721270061021"|0|1|1|0|0|0|0|1|1|1|0|0|0|0|1|3910|5865|3375|6750|11161|1571|518|1948|136873938|70263.8285420945|0
"721270063002"|0|2|1|0|0|0|0|2|2|1|0|1|1|1|0|NA|NA|NA|NA|NA|219|101|278|12998514|NA|0
"721270063003"|0|2|1|0|0|0|0|2|2|1|0|1|1|1|0|NA|NA|NA|NA|NA|219|101|278|12998514|NA|0
"721270065001"|0|2|1|0|0|0|0|2|2|1|0|1|1|1|0|NA|NA|NA|NA|NA|148|44|88|2596212|NA|0
"721270065002"|0|1|0|0|0|0|0|1|1|0|0|1|1|0|0|NA|NA|NA|NA|NA|0|0|0|0|NA|0
"721270066001"|0|1|2|0|0|0|0|2|2|2|0|0|1|1|0|NA|NA|9780|9780|NA|161|47|100|3160530|76528.9090909091|0
"721270067001"|0|1|0|0|0|0|0|1|1|1|1|0|1|0|0|6830|6830|NA|NA|NA|39|13|24|682758|28448.25|0
"721270084002"|0|1|1|0|1|1|0|1|1|1|0|0|0|1|0|3910|5865|4200|8400|NA|839|281|766|64650734|84400.4360313316|0
"721270086021"|0|1|1|0|0|0|0|1|1|0|0|0|0|0|0|NA|NA|NA|NA|NA|244|86|0|0|NA|0
"721270086022"|0|1|1|0|0|0|0|1|1|0|0|0|0|0|0|NA|NA|NA|NA|NA|244|86|0|0|NA|0
"721270087003"|0|1|0|0|0|0|0|1|1|0|0|1|1|0|0|NA|NA|NA|NA|NA|0|0|0|0|NA|0
"721270089003"|0|1|0|0|0|0|0|1|1|0|0|1|1|0|0|6460|6460|NA|NA|NA|0|0|0|0|NA|0
"721270091212"|0|1|0|0|0|0|0|1|1|1|0|0|1|0|0|5895|5895|NA|NA|NA|46|7|6|177600|29600|0
"721270096012"|0|2|3|0|0|0|0|3|3|2|0|0|1|0|1|NA|NA|NA|NA|NA|704|353|336|15346284|NA|0
"721270096021"|0|1|1|0|0|0|0|1|1|1|0|0|0|1|0|6732|6732|3816|3816|NA|368|120|376|22041648|58621.4042553191|0
"721270099034"|0|1|1|0|0|0|0|1|1|1|0|0|1|0|0|3720|3720|4080|4080|3760|19|5|0|0|NA|0
"721270100013"|0|1|0|0|0|0|0|1|1|0|0|1|1|0|0|NA|NA|NA|NA|NA|0|0|0|0|NA|0
"721270105002"|0|0|1|0|0|0|0|1|1|1|0|0|1|0|0|NA|NA|15600|15600|NA|85|24|52|4896744|94168.1538461538|0
"721270105003"|0|1|0|0|0|0|0|1|1|1|0|0|0|1|0|2040|2040|NA|NA|NA|73|38|46|1769400|38465.2173913043|0
"721279800001"|0|1|1|0|0|0|0|1|1|0|0|0|0|0|0|NA|NA|NA|NA|NA|395|124|0|0|NA|0
"721279802001"|0|1|1|0|0|0|0|2|2|2|0|0|2|0|0|NA|NA|NA|NA|NA|52|14|52|1340294|NA|0
"721292203002"|0|1|0|0|0|0|0|1|1|0|0|1|1|0|0|NA|NA|NA|NA|NA|0|0|0|0|NA|0
"721310092001"|0|1|1|0|0|0|0|1|1|1|0|0|0|1|0|5280|5280|6000|6000|NA|71|10|56|1550458|27686.75|0
"721319588001"|0|1|0|0|0|0|0|1|1|0|0|1|1|0|0|10350|10350|NA|NA|NA|0|0|0|0|NA|0
"721319589002"|0|1|0|0|0|0|0|1|1|0|0|1|1|0|0|NA|NA|NA|NA|NA|0|0|0|0|NA|0
"721390601022"|0|1|1|0|0|0|0|1|1|1|0|0|1|0|0|3492|3492|3042|3042|2400|18|3|32|316832|9901|0
"721419572003"|0|1|0|0|0|0|0|1|1|1|0|0|1|0|0|3910|5865|NA|NA|NA|139|39|102|5966952|58499.5294117647|0
"721455602043"|0|1|1|0|0|0|0|1|1|1|0|0|1|0|0|4584|4584|5040|5040|NA|13|6|18|468000|26000|0
"721455603002"|0|1|1|0|0|0|0|1|1|1|0|0|1|0|0|4584|4584|5040|5040|NA|13|6|18|468000|26000|0
"721455603003"|0|1|1|0|0|0|0|1|1|1|0|0|1|0|0|4584|4584|5040|5040|NA|13|6|18|468000|26000|0
"721497205021"|0|1|0|0|0|0|0|1|1|1|0|0|1|0|0|5280|5280|NA|NA|NA|12|6|2|61200|30600|0
"721497205022"|0|1|0|0|0|0|0|1|1|1|0|0|1|0|0|5280|5280|NA|NA|NA|12|6|2|61200|30600|0
"721537504004"|0|1|0|0|0|0|0|1|1|1|0|0|1|0|0|6540|6540|NA|NA|NA|17|7|16|415664|25979|0
"721537504005"|0|1|0|0|0|0|0|1|1|1|0|0|1|0|0|6540|6540|NA|NA|NA|17|7|16|415664|25979|0
"780309606003"|0|1|1|1|0|0|0|1|1|1|0|0|0|1|0|4631|13892|6948|13230|9900|336|21|176|12496358|71002.0340909091|0
"780309608001"|0|1|1|1|0|0|0|1|1|1|0|0|0|1|0|4631|13892|6948|13230|9900|336|21|176|12496358|71002.0340909091|0
"780309610001"|0|1|1|1|0|0|0|1|1|1|0|0|0|1|0|4631|13892|6948|13230|9900|336|21|176|12496358|71002.0340909091|0
"780309610004"|0|1|1|1|0|0|0|1|1|1|0|0|0|1|0|4631|13892|6948|13230|9900|336|21|176|12496358|71002.0340909091|0
"780309900000"|0|1|1|1|0|0|0|1|1|1|0|0|0|1|0|4631|13892|6948|13230|9900|336|21|176|12496358|71002.0340909091|0
NA|0|51|15|1|0|1|0|55|49|29|10|21|34|9|6|NA|NA|NA|NA|NA|10381|3280|8750|731326760|NA|0
