"fips"|"inactive_win12"|"undergrad_school_prog"|"grad_school_prog"|"hbcu"|"hospital"|"medical_school_prog"|"tribal_school_prog"|"public_college_university"|"post_secondary_institution"|"degree_granting"|"grants_associates_certificate_only"|"not_degree_granting"|"size_lt1k"|"size_1k_10k"|"size_gt10k"|"cost_undergrad_instate"|"cost_undergrad_outstate"|"cost_grad_instate"|"cost_grad_outstate"|"cost_oncampus_living"|"ft_noninst_academic_staff"|"ft_community_admin_staff"|"total_instructional_staff"|"total_inst_staff_salary"|"est_avg_inst_staff_salary"|"no_reported_inst_staff"
"010030103001"|0|1|0|0|0|0|0|1|1|1|1|0|0|1|0|3930|7860|NA|NA|5900|171|18|328|20787170|63375.5182926829|0
"010030107041"|0|1|1|0|0|0|0|1|1|1|0|0|1|0|0|17424|17424|19440|19440|NA|31|7|14|915622|65401.5714285714|0
"010030107051"|0|1|1|0|0|0|0|1|1|1|0|0|1|0|0|17424|17424|19440|19440|NA|31|7|14|915622|65401.5714285714|0
"010030114033"|0|1|1|0|0|0|0|1|1|1|0|0|0|0|1|5520|5520|3780|3780|NA|547|254|558|27200282|48746.0250896057|0
"010030115021"|0|1|0|0|0|0|0|1|1|0|0|1|1|0|0|NA|NA|NA|NA|NA|0|0|0|0|NA|0
"010030115022"|0|1|0|0|0|0|0|1|1|0|0|1|1|0|0|NA|NA|NA|NA|NA|0|0|0|0|NA|0
"010030116014"|0|1|1|0|0|0|0|1|1|1|0|0|0|0|1|5520|5520|3780|3780|NA|547|254|558|27200282|48746.0250896057|0
"010150021011"|0|1|1|0|0|0|0|1|1|1|0|0|0|1|0|9720|19440|9600|19200|8000|617|228|682|45883688|67278.1348973607|0
"010150021012"|0|1|1|0|0|0|0|1|1|1|0|0|0|1|0|9720|19440|9600|19200|8000|617|228|682|45883688|67278.1348973607|0
"010259579023"|0|1|0|0|0|0|0|1|1|0|0|1|1|0|0|NA|NA|NA|NA|NA|0|0|0|0|NA|0
"010310113002"|0|1|0|0|0|0|0|1|1|1|1|0|0|1|0|3930|7860|NA|NA|NA|64|28|92|5543624|60256.7826086957|0
"010330207041"|0|1|0|0|0|0|0|1|1|1|1|0|0|1|0|3930|7860|NA|NA|NA|126|36|164|8912334|54343.5|0
"010359605001"|0|1|0|0|0|0|0|1|1|1|1|0|1|0|0|3930|7860|NA|NA|NA|33|10|32|1969314|61541.0625|0
"010399620001"|0|1|0|0|0|0|0|1|1|1|1|0|0|1|0|3930|7860|NA|NA|5550|60|31|112|6261470|55905.9821428571|0
"010439654012"|0|1|0|0|0|0|0|1|1|1|1|0|0|1|0|3930|7860|NA|NA|4900|154|57|236|13939230|59064.5338983051|0
"010450214003"|0|1|0|0|0|0|0|1|1|1|1|0|0|1|0|3930|7860|NA|NA|NA|139|54|278|15339540|55178.2014388489|0
"010479561004"|0|1|0|0|0|0|0|1|1|1|1|0|0|1|0|3930|7860|NA|NA|NA|84|38|92|5145780|55932.3913043478|0
"010479568001"|0|1|1|1|0|0|0|1|1|1|0|0|1|0|0|7200|7200|1800|1800|NA|34|11|12|291800|24316.6666666667|0
"010510309011"|0|1|0|0|0|0|0|1|1|1|1|0|1|0|0|4716|4716|NA|NA|NA|68|20|110|3231028|29372.9818181818|0
"010550016003"|0|1|0|1|0|0|0|1|1|1|1|0|0|1|0|3930|7860|NA|NA|3600|193|79|266|16029336|60260.6616541353|0
"010690415003"|0|1|0|0|0|0|0|1|1|0|0|1|1|0|0|NA|NA|NA|NA|NA|0|0|0|0|NA|0
"010690416001"|0|0|1|0|0|1|0|1|1|1|0|0|1|0|0|NA|NA|NA|NA|NA|0|0|0|0|NA|0
"010719511003"|0|1|0|0|0|0|0|1|1|1|1|0|0|1|0|3930|7860|NA|NA|NA|72|32|112|6958574|62130.125|0
"010730027001"|0|1|1|0|1|1|0|1|1|1|0|0|0|0|1|8568|20400|8100|19188|12307|3392|700|1812|210689910|116274.784768212|0
"010730030011"|0|1|0|0|0|0|0|1|1|1|0|0|0|1|0|16993|16993|NA|NA|12402|193|91|202|12424364|61506.7524752475|0
"010730045001"|0|1|1|0|1|1|0|1|1|1|0|0|0|0|1|8568|20400|8100|19188|12307|3392|700|1812|210689910|116274.784768212|0
"010730051043"|0|1|1|0|0|0|0|1|1|1|0|0|1|0|0|13320|13320|10800|10800|NA|16|5|34|2478912|72909.1764705882|0
"010730102002"|0|1|0|0|0|0|0|1|1|0|0|1|1|0|0|NA|NA|NA|NA|NA|0|0|0|0|NA|0
"010730103022"|0|1|0|0|0|0|0|1|1|0|0|1|1|0|0|NA|NA|NA|NA|NA|0|0|0|0|NA|0
"010730106022"|0|1|0|1|0|0|0|1|1|1|0|0|0|1|0|11164|11164|NA|NA|7348|177|85|154|7785608|50555.8961038961|0
"010730106025"|0|1|0|1|0|0|0|1|1|1|0|0|0|1|0|11164|11164|NA|NA|7348|177|85|154|7785608|50555.8961038961|0
"010730107041"|0|1|1|0|0|0|0|1|1|1|0|0|0|1|0|32000|32000|17754|17754|10980|606|309|736|66788134|90744.7472826087|0
"010730107042"|0|1|1|0|0|0|0|1|1|1|0|0|0|1|0|32000|32000|17754|17754|10980|606|309|736|66788134|90744.7472826087|0
"010730112091"|0|1|0|0|0|0|0|1|1|1|1|0|0|1|0|3930|7860|NA|NA|NA|204|89|294|17894250|60864.7959183673|0
"010730117032"|0|1|0|0|0|0|0|1|1|0|0|1|1|0|0|NA|NA|NA|NA|NA|0|0|0|0|NA|0
"010730117034"|0|1|0|0|0|0|0|1|1|0|0|1|1|0|0|NA|NA|NA|NA|NA|0|0|0|0|NA|0
"010730128031"|0|1|1|0|0|0|0|1|1|1|0|0|0|1|0|13320|13320|14940|14940|NA|28|0|4|273930|68482.5|0
"010730128032"|0|1|1|0|0|0|0|1|1|1|0|0|0|1|0|13320|13320|14940|14940|NA|28|0|4|273930|68482.5|0
"010730131004"|0|1|0|1|0|0|0|1|1|1|1|0|0|1|0|3930|7860|NA|NA|4760|138|68|174|10477606|60216.1264367816|0
"010730132001"|0|1|0|0|0|0|0|1|1|0|0|1|1|0|0|NA|NA|NA|NA|NA|0|0|0|0|NA|0
"010730143021"|0|1|0|0|0|0|0|1|1|1|1|0|1|0|0|13191|13191|NA|NA|NA|20|10|24|1237460|51560.8333333333|0
"010730144081"|0|1|0|0|0|0|0|1|1|0|0|1|1|0|0|NA|NA|NA|NA|NA|0|0|0|0|NA|0
"010730144082"|0|1|0|0|0|0|0|1|1|0|0|1|1|0|0|NA|NA|NA|NA|NA|0|0|0|0|NA|0
"010730144091"|0|1|0|0|0|0|0|1|1|0|0|1|1|0|0|NA|NA|NA|NA|NA|0|0|0|0|NA|0
"010770101001"|0|1|1|0|0|0|0|1|1|1|0|0|0|1|0|9600|19200|6660|13320|7830|464|160|544|41311500|75940.2573529412|0
"010770101002"|0|1|1|0|0|0|0|1|1|1|0|0|0|1|0|9600|19200|6660|13320|7830|464|160|544|41311500|75940.2573529412|0
"010770115011"|0|1|1|0|0|0|0|1|1|1|0|0|1|0|0|10152|10152|4482|4482|5745|22|4|8|458350|57293.75|0
"010770115014"|0|1|1|0|0|0|0|1|1|1|0|0|1|0|0|10152|10152|4482|4482|5745|22|4|8|458350|57293.75|0
"010810407002"|0|1|1|0|0|1|0|1|1|1|0|0|0|0|1|9816|29448|9828|29484|13600|3950|1225|2850|298687100|104802.49122807|0
"010830207001"|0|1|1|0|0|0|0|1|1|1|0|0|0|1|0|6180|12360|6936|12000|NA|145|54|178|14046132|78910.8539325843|0
"010830211001"|0|1|0|0|0|0|0|1|1|1|1|0|0|1|0|3930|7860|NA|NA|NA|223|116|310|18715732|60373.3290322581|0
"010830211004"|0|1|0|0|0|0|0|1|1|1|1|0|0|1|0|3930|7860|NA|NA|NA|223|116|310|18715732|60373.3290322581|0
"010872317001"|0|1|1|1|0|1|0|1|1|1|0|0|0|1|0|19594|19594|19594|19594|9844|489|140|472|35800958|75849.4872881356|0
"010890002021"|0|2|1|2|0|0|0|2|2|2|1|0|1|1|0|12540|25080|NA|NA|NA|532|275|522|35636754|126854.586994345|0
"010890014023"|0|2|0|0|0|0|0|2|2|0|0|2|2|0|0|NA|NA|NA|NA|NA|0|0|0|0|NA|0
"010890015003"|0|1|1|0|0|0|0|1|1|1|0|0|0|1|0|9730|22126|10632|24430|10400|1021|259|726|65858198|90713.7713498623|0
"010890030001"|0|1|1|0|0|0|0|1|1|1|0|0|1|0|0|4200|4200|4230|4230|NA|7|1|0|0|NA|0
"010890106222"|0|1|1|1|0|0|0|1|1|1|0|0|0|1|0|18974|18974|13680|13680|9374|188|61|190|10561904|55588.9684210526|0
"010890110211"|0|1|0|0|0|0|0|1|1|0|0|1|1|0|0|NA|NA|NA|NA|NA|0|0|0|0|NA|0
"010950308013"|0|1|0|0|0|0|0|1|1|0|0|1|1|0|0|NA|NA|NA|NA|NA|0|0|0|0|NA|0
"010950311003"|0|1|0|0|0|0|0|1|1|1|1|0|0|1|0|3930|7860|NA|NA|3611|67|31|74|5476362|74004.8918918919|0
"010970004012"|0|1|0|1|0|0|0|1|1|1|1|0|0|1|0|3870|7740|NA|NA|NA|117|51|130|7872850|60560.3846153846|0
"010970021001"|0|1|0|0|0|0|0|1|1|0|0|1|1|0|0|17700|17700|NA|NA|NA|0|0|0|0|NA|0
"010970029002"|0|1|0|0|0|0|0|1|1|0|0|1|1|0|0|NA|NA|NA|NA|NA|0|0|0|0|NA|0
"010970029003"|0|1|0|0|0|0|0|1|1|0|0|1|1|0|0|NA|NA|NA|NA|NA|0|0|0|0|NA|0
"010970032041"|0|1|0|0|0|0|0|1|1|1|0|0|1|0|0|15373|15373|NA|NA|NA|18|4|32|1045636|32676.125|0
"010970032042"|0|1|0|0|0|0|0|1|1|1|0|0|1|0|0|15373|15373|NA|NA|NA|18|4|32|1045636|32676.125|0
"010970033021"|0|1|1|0|0|0|0|1|1|1|0|0|0|1|0|38190|38190|9270|9270|13652|116|50|166|9941068|59885.9518072289|0
"010970036051"|0|1|1|0|1|1|0|1|1|1|0|0|0|0|1|7896|15792|7956|15912|7800|1170|314|1168|86275010|73865.5907534247|0
"010970037031"|0|1|0|0|0|0|0|1|1|0|0|1|1|0|0|NA|NA|NA|NA|NA|0|0|0|0|NA|0
"010970061051"|0|1|1|0|0|0|0|1|1|1|0|0|0|1|0|22250|22250|8880|8880|9700|118|74|146|7206550|49359.9315068493|0
"011010001001"|0|0|0|0|0|0|0|1|0|0|0|0|0|0|0|NA|NA|NA|NA|NA|0|0|0|0|NA|0
"011010003001"|0|0|0|0|0|0|0|1|0|0|0|0|0|0|0|NA|NA|NA|NA|NA|0|0|0|0|NA|0
"011010003002"|0|0|0|0|0|0|0|1|0|0|0|0|0|0|0|NA|NA|NA|NA|NA|0|0|0|0|NA|0
"011010010002"|0|1|0|1|0|0|0|1|1|1|1|0|0|1|0|3930|7860|NA|NA|NA|73|30|124|5548012|44742.0322580645|0
"011010014002"|0|1|0|0|0|0|0|1|1|1|0|0|0|1|0|25004|25004|NA|NA|9950|135|56|104|6250234|60098.4038461538|0
"011010015003"|0|1|1|1|0|0|0|1|1|1|0|0|0|1|0|8328|16656|7416|14832|6050|577|189|452|32666948|72272.0088495575|0
"011010017001"|0|1|0|0|0|0|0|1|1|0|0|1|1|0|0|NA|NA|NA|NA|NA|0|0|0|0|NA|0
"011010026004"|0|2|1|0|0|0|0|2|2|2|1|0|1|1|0|34432|34432|NA|NA|NA|169|86|246|15492648|153927.7|0
"011010054023"|0|1|0|0|0|0|0|1|1|1|1|0|1|0|0|13952|13952|NA|NA|NA|1|0|6|550000|91666.6666666667|0
"011010054071"|0|2|2|0|0|0|0|2|2|2|0|0|1|1|0|16752|26424|19062|28242|NA|356|124|492|35733330|124536.562962963|0
"011010054072"|0|2|2|0|0|0|0|2|2|2|0|0|1|1|0|16752|26424|19062|28242|NA|356|124|492|35733330|124536.562962963|0
"011010054104"|0|1|1|0|0|0|0|1|1|1|0|0|1|0|0|16920|16920|15600|15600|NA|22|2|8|463292|57911.5|0
"011030004001"|0|0|0|0|0|0|0|1|0|0|0|0|0|0|0|NA|NA|NA|NA|NA|0|0|0|0|NA|0
"011030004002"|0|0|0|0|0|0|0|1|0|0|0|0|0|0|0|NA|NA|NA|NA|NA|0|0|0|0|NA|0
"011056870002"|0|1|0|0|0|0|0|1|1|1|0|0|1|0|0|17240|17240|NA|NA|10910|63|12|54|3121192|57799.8518518519|0
"011056870004"|0|1|0|0|0|0|0|1|1|1|1|0|1|0|0|6000|12000|NA|NA|4950|81|18|40|2374568|59364.2|0
"011091891004"|0|1|1|0|0|0|0|1|1|1|0|0|0|0|1|7800|15600|7650|15300|6804|918|472|1052|74214970|70546.5494296578|0
"011110006002"|0|1|0|0|0|0|0|1|1|1|1|0|0|1|0|3930|7860|NA|NA|4400|121|63|190|10431878|54904.6210526316|0
"011130306002"|0|1|0|0|0|0|0|1|1|1|1|0|0|1|0|3930|7860|NA|NA|NA|56|21|86|4988992|58011.5348837209|0
"011170304071"|0|1|1|0|0|0|0|1|1|1|0|0|0|1|0|12090|25110|10512|22464|9810|348|140|306|21361060|69807.385620915|0
"011190113005"|0|1|1|0|0|0|0|1|1|1|0|0|0|1|0|9100|18200|6678|13356|7510|320|107|232|14310430|61682.8879310345|0
"011210107001"|0|1|1|1|0|0|0|1|1|1|0|0|0|1|0|12130|12130|16000|16000|8872|114|34|84|4628682|55103.3571428571|0
"011239623004"|0|1|0|0|0|0|0|1|1|1|1|0|0|1|0|3930|7860|NA|NA|NA|64|25|94|5676624|60389.6170212766|0
"011250112001"|0|2|2|0|0|0|0|2|2|1|0|0|0|0|1|NA|NA|NA|NA|NA|4612|1479|3056|294765434|NA|0
"011250117012"|0|1|0|1|0|0|0|1|1|1|0|0|1|0|0|9548|9548|NA|NA|10194|103|40|82|3972810|48448.9024390244|0
"011250125021"|0|1|0|1|0|0|0|1|1|1|1|0|0|1|0|3930|7860|NA|NA|NA|173|72|196|11991506|61181.1530612245|0
"011250125022"|0|1|0|1|0|0|0|1|1|1|1|0|0|1|0|3930|7860|NA|NA|NA|173|72|196|11991506|61181.1530612245|0
"011250125023"|0|1|0|1|0|0|0|1|1|1|1|0|0|1|0|3930|7860|NA|NA|NA|173|72|196|11991506|61181.1530612245|0
"011250125032"|0|1|0|1|0|0|0|1|1|1|1|0|0|1|0|3930|7860|NA|NA|NA|173|72|196|11991506|61181.1530612245|0
"011270203002"|0|1|0|0|0|0|0|1|1|1|1|0|0|1|0|4192|8384|NA|NA|4576|145|55|208|12633242|60736.7403846154|0
"011270203004"|0|1|0|0|0|0|0|1|1|1|1|0|0|1|0|4192|8384|NA|NA|4576|145|55|208|12633242|60736.7403846154|0
"020200015004"|0|1|0|0|0|0|0|1|1|1|1|0|1|0|0|NA|NA|NA|NA|NA|21|14|14|603282|43091.5714285714|0
"020200015005"|0|1|0|0|0|0|0|1|1|1|1|0|1|0|0|NA|NA|NA|NA|NA|21|14|14|603282|43091.5714285714|0
"020200016021"|0|2|2|0|0|0|0|2|2|2|0|0|1|0|1|27154|46502|22986|35438|20108|1107|419|974|76412124|139288.939573321|0
"020200018022"|0|2|2|0|0|0|0|2|2|2|0|0|1|0|1|27154|46502|22986|35438|20108|1107|419|974|76412124|139288.939573321|0
"020900013005"|0|2|2|0|0|0|0|2|2|1|0|0|0|1|0|NA|NA|NA|NA|NA|2004|373|676|54010240|NA|0
"021100001002"|0|1|1|0|0|0|0|1|1|1|0|0|0|1|0|6888|22736|11132|23414|9200|184|63|188|13465428|71624.6170212766|0
"021220006006"|0|1|0|0|0|0|0|1|1|1|1|0|1|0|0|8100|8100|NA|NA|11175|9|0|4|233690|58422.5|0
"021220007002"|0|1|0|0|0|0|0|1|1|1|1|0|1|0|0|8100|8100|NA|NA|11175|9|0|4|233690|58422.5|0
"021220013001"|0|1|0|0|0|0|0|1|1|0|0|1|1|0|0|NA|NA|NA|NA|NA|0|0|0|0|NA|0
"021220013002"|0|1|0|0|0|0|0|1|1|0|0|1|1|0|0|NA|NA|NA|NA|NA|0|0|0|0|NA|0
"021700012012"|0|1|0|0|0|0|0|1|1|1|0|0|1|0|0|9000|9000|NA|NA|5800|7|0|6|180000|30000|0
"021850001001"|0|1|0|0|0|0|1|1|1|1|0|0|1|0|0|3960|3960|NA|NA|13000|61|15|24|2174104|90587.6666666667|0
"021850001002"|0|1|0|0|0|0|1|1|1|1|0|0|1|0|0|3960|3960|NA|NA|13000|61|15|24|2174104|90587.6666666667|0
"040019441004"|0|1|0|0|0|0|1|1|1|1|0|0|0|1|0|1320|1320|NA|NA|4940|218|56|128|6862918|53616.546875|0
"040019441005"|0|1|0|0|0|0|1|1|1|1|0|0|0|1|0|1320|1320|NA|NA|4940|218|56|128|6862918|53616.546875|0
"040030014013"|0|2|1|0|0|0|0|2|2|2|1|0|1|1|0|10831|39513|NA|NA|NA|277|93|256|15823190|133714.77788508|0
"040030017021"|0|2|1|0|0|0|0|2|2|2|1|0|1|1|0|10831|39513|NA|NA|NA|277|93|256|15823190|133714.77788508|0
"040050003004"|0|1|0|0|0|0|0|1|1|0|0|1|1|0|0|NA|NA|NA|NA|NA|0|0|0|0|NA|0
"040050004003"|0|1|0|0|0|0|0|1|1|0|0|1|1|0|0|NA|NA|NA|NA|NA|0|0|0|0|NA|0
"040050009001"|0|1|0|0|0|0|0|1|1|1|1|0|0|1|0|2930|9324|NA|NA|NA|111|39|80|5365052|67063.15|0
"040050010001"|0|1|1|0|0|0|0|1|1|1|0|0|0|0|1|10018|16613|10305|19522|10534|2057|439|2302|179655318|78043.1442224153|0
"040050011023"|0|1|0|0|0|0|0|1|1|1|1|0|1|0|0|14585|14585|NA|NA|NA|10|0|4|374448|93612|0
"040099612011"|0|1|0|0|0|0|0|1|1|1|1|0|0|1|0|2700|9120|NA|NA|7835|156|56|182|12671760|69625.0549450549|0
"040099612012"|0|1|0|0|0|0|0|1|1|1|1|0|0|1|0|2700|9120|NA|NA|7835|156|56|182|12671760|69625.0549450549|0
"040130610211"|0|1|0|0|0|0|0|1|1|1|1|0|0|0|1|2040|7824|NA|NA|NA|196|50|206|16197498|78628.6310679612|0
"040130610281"|0|1|1|0|0|0|0|1|1|1|0|0|1|0|0|27350|27350|11682|11682|14330|74|40|20|1413324|70666.2|0
"040130715091"|0|1|0|0|0|0|0|1|1|0|0|1|1|0|0|NA|NA|NA|NA|NA|0|0|0|0|NA|0
"040130719153"|0|1|0|0|0|0|0|1|1|1|1|0|0|0|1|2040|7824|NA|NA|NA|348|84|524|43107726|82266.6526717557|0
"040130820242"|0|1|0|0|0|0|0|1|1|0|0|1|1|0|0|NA|NA|NA|NA|NA|0|0|0|0|NA|0
"040130820271"|0|1|0|0|0|0|0|1|1|1|1|0|0|1|0|NA|NA|NA|NA|NA|64|2|94|5783856|61530.3829787234|0
"040130923051"|0|1|0|0|0|0|0|1|1|1|1|0|0|0|1|2040|7824|NA|NA|NA|348|84|524|43107726|82266.6526717557|0
"040130923091"|0|1|0|0|0|0|0|1|1|1|1|0|1|0|0|15816|15816|NA|NA|NA|30|0|8|302580|37822.5|0
"040130930013"|0|1|0|0|0|0|0|1|1|0|0|1|1|0|0|NA|NA|NA|NA|NA|0|0|0|0|NA|0
"040131032072"|0|1|0|0|0|0|0|1|1|0|0|1|1|0|0|NA|NA|NA|NA|NA|0|0|0|0|NA|0
"040131040002"|0|1|0|0|0|0|0|1|1|1|1|0|1|0|0|NA|NA|NA|NA|NA|21|12|56|2236938|39945.3214285714|0
"040131042052"|0|1|0|0|0|0|0|1|0|0|0|0|0|0|0|NA|NA|NA|NA|NA|0|0|0|0|NA|0
"040131042054"|0|1|0|0|0|0|0|1|1|1|0|0|1|0|0|14585|14585|NA|NA|NA|22|1|14|995148|71082|0
"040131042072"|0|1|0|0|0|0|0|1|1|0|0|1|1|0|0|NA|NA|NA|NA|NA|0|0|0|0|NA|0
"040131042172"|0|1|0|0|0|0|0|1|1|1|0|0|1|0|0|26240|26240|NA|NA|11048|110|62|48|2838858|59142.875|0
"040131042191"|0|1|1|0|0|0|0|1|1|1|0|0|0|1|0|10175|27360|11720|23544|11914|421|127|582|50556014|86866.0034364261|0
"040131042241"|0|1|1|0|0|0|0|1|1|1|0|0|0|1|0|10175|27360|11720|23544|11914|421|127|582|50556014|86866.0034364261|0
"040131044021"|0|2|1|0|0|0|0|2|2|1|0|1|1|1|0|NA|NA|NA|NA|NA|18|1|8|633908|NA|0
"040131055011"|0|1|1|0|0|0|0|1|1|1|0|0|0|1|0|NA|NA|NA|NA|NA|35|0|42|2805980|66809.0476190476|0
"040131055012"|0|1|0|0|0|0|0|1|1|1|1|0|0|1|0|NA|NA|NA|NA|NA|77|8|92|6869506|74668.5434782609|0
"040131055022"|0|3|1|0|0|0|0|3|2|2|0|0|2|0|0|NA|NA|NA|NA|NA|58|5|44|3820642|NA|0
"040131065012"|0|1|1|0|0|0|0|1|1|1|0|0|1|0|0|7800|7800|5850|5850|NA|26|4|0|0|NA|0
"040131069001"|0|1|0|0|0|0|0|1|1|0|0|1|1|0|0|NA|NA|NA|NA|NA|0|0|0|0|NA|0
"040131072011"|0|1|1|0|0|0|0|1|1|1|0|0|0|0|1|16419|16419|10175|10175|7800|1152|215|882|64180814|72767.3628117914|0
"040131072021"|0|1|0|0|0|0|0|1|1|0|0|1|1|0|0|NA|NA|NA|NA|NA|0|0|0|0|NA|0
"040131075002"|0|0|1|0|0|0|0|1|1|1|0|0|1|0|0|NA|NA|17346|17346|NA|12|3|2|80000|40000|0
"040131104002"|0|1|0|0|0|0|0|1|1|1|1|0|0|0|1|2040|7824|NA|NA|NA|255|68|304|24501338|80596.5065789474|0
"040131112041"|0|1|1|0|0|0|0|1|1|1|0|0|0|1|0|10086|10086|4000|4000|NA|86|1|24|1477000|61541.6666666667|0
"040131114011"|0|1|0|0|0|0|0|1|1|0|0|1|1|0|0|NA|NA|NA|NA|NA|0|0|0|0|NA|0
"040131118002"|0|1|1|0|0|0|0|1|1|0|0|0|0|0|0|NA|NA|NA|NA|NA|37|15|0|0|NA|0
"040131129002"|0|1|0|0|0|0|0|1|1|0|0|1|1|0|0|NA|NA|NA|NA|NA|0|0|0|0|NA|0
"040131131002"|0|1|1|0|0|0|0|1|1|1|0|0|0|0|1|10710|28800|11720|26160|14924|986|348|1212|110073938|90820.0808580858|0
"040131133002"|0|1|0|0|0|0|0|1|1|1|1|0|1|0|0|12355|12355|NA|NA|NA|4|1|6|360000|60000|0
"040131138011"|0|3|1|0|0|0|0|3|3|3|2|0|1|2|0|NA|NA|NA|NA|NA|339|81|278|20342682|192773.073220065|0
"040131138021"|0|6|1|0|0|0|0|6|6|5|2|0|2|2|1|NA|NA|NA|NA|NA|1166|220|206|12587368|NA|0
"040131152002"|0|1|1|0|0|0|0|1|1|1|0|0|0|0|1|9552|9552|16752|16752|NA|3292|1353|254|15874552|62498.2362204724|0
"040131152003"|0|6|1|0|0|0|0|6|6|5|2|0|2|1|2|NA|NA|NA|NA|NA|4372|1572|436|26984920|NA|0
"040131163003"|0|1|0|0|0|0|0|1|1|1|1|0|0|1|0|2040|7824|NA|NA|NA|150|35|122|10021996|82147.5081967213|0
"040131167083"|0|1|0|0|0|0|0|1|1|0|0|1|1|0|0|NA|NA|NA|NA|NA|0|0|0|0|NA|0
"040131167192"|0|1|0|0|0|0|0|1|1|0|0|1|1|0|0|NA|NA|NA|NA|NA|0|0|0|0|NA|0
"040131172001"|0|1|0|0|0|0|0|1|1|0|0|1|1|0|0|NA|NA|NA|NA|NA|0|0|0|0|NA|0
"040131172002"|0|1|0|0|0|0|0|1|1|0|0|1|1|0|0|NA|NA|NA|NA|NA|0|0|0|0|NA|0
"040132168092"|0|1|0|0|0|0|0|1|1|0|0|1|1|0|0|NA|NA|NA|NA|NA|0|0|0|0|NA|0
"040132168131"|0|0|1|0|0|0|0|1|1|1|0|0|1|0|0|NA|NA|9000|9000|NA|19|2|12|726990|60582.5|0
"040132168184"|0|1|0|0|0|0|0|1|1|0|0|1|1|0|0|NA|NA|NA|NA|NA|0|0|0|0|NA|0
"040132168491"|0|0|1|0|0|0|0|1|1|1|0|0|1|0|0|NA|NA|37950|37950|NA|5|0|6|285000|47500|0
"040132178002"|0|1|0|0|0|0|0|1|0|0|0|0|0|0|0|NA|NA|NA|NA|NA|0|0|0|0|NA|0
"040132182004"|0|1|1|0|0|0|0|1|1|1|0|0|0|0|1|8867|19282|6384|6384|13183|463|217|1752|148954582|85019.7385844749|0
"040133187002"|0|1|0|0|0|0|0|1|1|1|1|0|1|0|0|8760|8760|NA|NA|NA|21|3|0|0|NA|0
"040133188004"|0|5|0|0|0|0|0|5|5|4|2|0|2|1|1|NA|NA|NA|NA|NA|1080|219|182|11110368|NA|0
"040133190004"|0|1|1|0|0|0|0|1|1|1|0|0|0|0|1|10710|28800|11720|26160|13164|6643|1682|4390|474665100|108124.16856492|0
"040133192022"|0|0|1|0|0|0|0|1|1|1|0|0|1|0|0|NA|NA|24490|24490|NA|77|17|32|2367916|73997.375|0
"040133193001"|0|1|0|0|0|0|0|1|1|0|0|1|1|0|0|NA|NA|NA|NA|NA|0|0|0|0|NA|0
"040133195004"|0|1|0|0|0|0|0|1|1|1|1|0|0|1|0|NA|NA|NA|NA|NA|88|3|2|120000|60000|0
"040133197031"|0|1|1|0|0|0|0|1|1|1|0|0|1|0|0|15823|15823|17000|17000|9020|55|8|60|3950266|65837.7666666667|0
"040133197033"|0|2|1|0|0|0|0|2|1|1|0|0|1|0|0|NA|NA|NA|NA|NA|55|8|60|3950266|NA|0
"040133197041"|0|5|0|0|0|0|0|5|5|4|2|0|2|1|1|NA|NA|NA|NA|NA|1080|219|182|11110368|NA|0
"040133199101"|0|1|0|0|0|0|0|1|1|0|0|1|1|0|0|NA|NA|NA|NA|NA|0|0|0|0|NA|0
"040133201001"|0|7|1|0|0|0|0|7|7|6|3|0|3|2|1|NA|NA|NA|NA|NA|1187|223|206|12587368|NA|0
"040134213031"|0|1|0|0|0|0|0|1|1|1|1|0|1|0|0|15816|15816|NA|NA|NA|17|0|4|179344|44836|0
"040134213042"|0|1|0|0|0|0|0|1|1|0|0|1|1|0|0|NA|NA|NA|NA|NA|0|0|0|0|NA|0
"040134221033"|0|1|0|0|0|0|0|1|1|1|1|0|1|0|0|NA|NA|NA|NA|NA|37|22|110|7379162|67083.2909090909|0
"040134222032"|0|1|0|0|0|0|0|1|0|0|0|0|0|0|0|NA|NA|NA|NA|NA|0|0|0|0|NA|0
"040134222042"|0|1|0|0|0|0|0|1|1|1|1|0|0|0|1|2040|7824|NA|NA|NA|400|115|600|50178938|83631.5633333333|0
"040134222102"|0|1|0|0|0|0|0|1|1|0|0|1|1|0|0|NA|NA|NA|NA|NA|0|0|0|0|NA|0
"040134222163"|0|1|0|0|0|0|0|1|1|0|0|1|1|0|0|NA|NA|NA|NA|NA|0|0|0|0|NA|0
"040134226222"|0|1|0|0|0|0|0|1|1|1|1|0|1|0|0|NA|NA|NA|NA|NA|17|9|22|1215102|55231.9090909091|0
"040134226223"|0|1|0|0|0|0|0|1|1|1|1|0|1|0|0|NA|NA|NA|NA|NA|17|9|22|1215102|55231.9090909091|0
"040135228001"|0|1|1|0|0|0|0|1|1|1|0|0|0|1|0|10175|27360|11720|23544|12728|230|53|362|29901892|82601.9116022099|0
"040135230061"|0|1|0|0|0|0|0|1|1|0|0|1|1|0|0|NA|NA|NA|NA|NA|0|0|0|0|NA|0
"040136145003"|0|1|0|0|0|0|0|1|1|0|0|1|1|0|0|NA|NA|NA|NA|NA|0|0|0|0|NA|0
"040136160002"|0|0|1|0|1|1|0|1|1|1|0|0|0|1|0|NA|NA|46825|46825|NA|523|145|448|57459014|128256.727678571|0
"040136189001"|0|1|0|0|0|0|0|1|1|0|0|1|1|0|0|NA|NA|NA|NA|NA|0|0|0|0|NA|0
"040136196001"|0|1|0|0|0|0|0|1|1|1|1|0|0|1|0|2040|7824|NA|NA|NA|168|48|228|18698728|82011.9649122807|0
"040138100001"|0|1|0|0|0|0|0|1|1|0|0|1|1|0|0|NA|NA|NA|NA|NA|0|0|0|0|NA|0
"040138104002"|0|1|0|0|0|0|0|1|1|0|0|1|1|0|0|NA|NA|NA|NA|NA|0|0|0|0|NA|0
"040138117001"|0|1|0|0|0|0|0|1|1|1|1|0|0|0|1|2040|7824|NA|NA|10440|242|59|282|22914130|81255.780141844|0
"040138117003"|0|1|0|0|0|0|0|1|1|1|1|0|0|0|1|2040|7824|NA|NA|10440|242|59|282|22914130|81255.780141844|0
"040138122003"|0|1|1|0|0|0|0|1|1|1|0|0|1|0|0|11850|11850|7110|7110|6600|7|0|14|508234|36302.4285714286|0
"040138124001"|0|1|1|0|0|0|0|1|1|1|0|0|0|1|0|11440|11440|20941|20941|NA|549|21|104|7652592|73582.6153846154|0
"040138176001"|0|1|1|0|0|0|0|1|1|1|0|0|0|1|0|10175|27360|11720|23544|12728|230|53|362|29901892|82601.9116022099|0
"040139413001"|0|2|0|0|0|0|0|2|2|1|1|1|1|1|0|NA|NA|NA|NA|NA|224|73|286|23806700|NA|0
"040159507041"|0|1|0|0|0|0|0|1|1|1|1|0|0|1|0|1944|6804|NA|NA|NA|181|70|164|9668638|58955.1097560976|0
"040159520041"|0|1|0|0|0|0|0|1|1|0|0|1|1|0|0|NA|NA|NA|NA|NA|0|0|0|0|NA|0
"040159526003"|0|1|0|0|0|0|0|1|1|0|0|1|1|0|0|NA|NA|NA|NA|NA|0|0|0|0|NA|0
"040159530001"|0|1|0|0|0|0|0|1|1|0|0|1|1|0|0|NA|NA|NA|NA|NA|0|0|0|0|NA|0
"040159530002"|0|1|0|0|0|0|0|1|1|0|0|1|1|0|0|NA|NA|NA|NA|NA|0|0|0|0|NA|0
"040159539001"|0|1|0|0|0|0|0|1|1|0|0|1|1|0|0|NA|NA|NA|NA|NA|0|0|0|0|NA|0
"040179601001"|0|1|0|0|0|0|0|1|1|1|1|0|0|1|0|1900|8800|NA|NA|NA|129|40|136|7268812|53447.1470588235|0
"040190001001"|0|1|0|0|0|0|0|1|1|0|0|1|1|0|0|NA|NA|NA|NA|NA|0|0|0|0|NA|0
"040190002001"|0|1|0|0|0|0|0|1|0|0|0|0|0|0|0|NA|NA|NA|NA|NA|0|0|0|0|NA|0
"040190003002"|0|1|0|0|0|0|0|1|1|0|0|1|1|0|0|NA|NA|NA|NA|NA|0|0|0|0|NA|0
"040190004003"|0|1|0|0|0|0|0|1|1|0|0|1|1|0|0|NA|NA|NA|NA|NA|0|0|0|0|NA|0
"040190005001"|0|1|1|0|0|1|0|1|1|1|0|0|0|0|1|10990|33273|11938|32065|13050|7677|1441|3700|388592694|105025.052432432|0
"040190005004"|0|1|1|0|0|1|0|1|1|1|0|0|0|0|1|10990|33273|11938|32065|13050|7677|1441|3700|388592694|105025.052432432|0
"040190005005"|0|1|1|0|0|1|0|1|1|1|0|0|0|0|1|10990|33273|11938|32065|13050|7677|1441|3700|388592694|105025.052432432|0
"040190006002"|0|2|0|0|0|0|0|2|2|0|0|2|2|0|0|NA|NA|NA|NA|NA|0|0|0|0|NA|0
"040190006005"|0|2|0|0|0|0|0|2|2|0|0|2|2|0|0|NA|NA|NA|NA|NA|0|0|0|0|NA|0
"040190008002"|0|1|0|0|0|0|0|1|1|0|0|1|1|0|0|NA|NA|NA|NA|NA|0|0|0|0|NA|0
"040190017002"|0|0|1|0|0|0|0|1|1|1|0|0|1|0|0|NA|NA|18876|18876|NA|14|2|0|0|NA|0
"040190017003"|0|0|1|0|0|0|0|1|1|1|0|0|1|0|0|NA|NA|18876|18876|NA|14|2|0|0|NA|0
"040190018014"|0|1|1|0|0|0|0|1|1|1|0|0|1|0|0|22944|22944|21000|21000|NA|9|1|6|248420|41403.3333333333|0
"040190018015"|0|1|1|0|0|0|0|1|1|1|0|0|1|0|0|22944|22944|21000|21000|NA|9|1|6|248420|41403.3333333333|0
"040190030022"|0|1|0|0|0|0|0|1|1|0|0|1|1|0|0|NA|NA|NA|NA|NA|0|0|0|0|NA|0
"040190030031"|0|1|0|0|0|0|0|1|1|1|0|0|0|1|0|NA|NA|NA|NA|NA|52|30|110|7783194|70756.3090909091|0
"040190033023"|0|1|0|0|0|0|0|1|0|0|0|0|0|0|0|NA|NA|NA|NA|NA|0|0|0|0|NA|0
"040190033024"|0|1|0|0|0|0|0|1|0|0|0|0|0|0|0|NA|NA|NA|NA|NA|0|0|0|0|NA|0
"040190033041"|0|1|0|0|0|0|0|1|1|1|1|0|0|0|1|2028|7344|NA|NA|NA|914|110|516|33592732|65102.1937984496|0
"040190035022"|0|1|0|0|0|0|0|1|1|1|0|0|1|0|0|NA|NA|NA|NA|NA|15|0|10|440000|44000|0
"040190035023"|0|1|0|0|0|0|0|1|1|1|0|0|1|0|0|NA|NA|NA|NA|NA|15|0|10|440000|44000|0
"040190036002"|0|1|0|0|0|0|0|1|1|0|0|1|1|0|0|NA|NA|NA|NA|NA|0|0|0|0|NA|0
"040190040732"|0|1|0|0|0|0|0|1|1|0|0|1|1|0|0|NA|NA|NA|NA|NA|0|0|0|0|NA|0
"040190044151"|0|0|0|0|0|0|0|1|0|0|0|0|0|0|0|NA|NA|NA|NA|NA|0|0|0|0|NA|0
"040190044152"|0|0|0|0|0|0|0|1|0|0|0|0|0|0|0|NA|NA|NA|NA|NA|0|0|0|0|NA|0
"040190045051"|0|1|0|0|0|0|0|1|1|0|0|1|1|0|0|NA|NA|NA|NA|NA|0|0|0|0|NA|0
"040190045052"|0|1|0|0|0|0|0|1|1|0|0|1|1|0|0|NA|NA|NA|NA|NA|0|0|0|0|NA|0
"040199408003"|0|1|0|0|0|0|1|1|1|1|1|0|1|0|0|822|822|NA|NA|4400|78|25|32|1758940|54966.875|0
"040210012001"|0|1|0|0|0|0|0|1|1|1|1|0|0|1|0|2580|5160|NA|NA|7764|290|74|198|12090468|61062.9696969697|0
"040210014063"|0|1|0|0|0|0|0|1|1|0|0|1|1|0|0|NA|NA|NA|NA|NA|0|0|0|0|NA|0
"040210014072"|0|1|0|0|0|0|0|1|1|0|0|1|1|0|0|NA|NA|NA|NA|NA|0|0|0|0|NA|0
"040219412003"|0|1|0|0|0|0|0|1|1|1|1|0|0|1|0|2580|5160|NA|NA|7764|290|74|198|12090468|61062.9696969697|0
"040250003001"|0|1|1|0|0|0|0|1|1|1|0|0|0|1|0|35424|35424|17712|17712|11718|305|51|274|22899556|83575.0218978102|0
"040250003002"|0|1|1|0|0|0|0|1|1|1|0|0|0|1|0|35424|35424|17712|17712|11718|305|51|274|22899556|83575.0218978102|0
"040250006051"|0|0|0|0|0|0|0|1|0|0|0|0|0|0|0|NA|NA|NA|NA|NA|0|0|0|0|NA|0
"040250008021"|0|1|0|0|0|0|0|1|1|1|1|0|0|1|0|2492|9080|NA|NA|10556|332|101|230|15453782|67190.3565217391|0
"040250009004"|0|1|0|0|0|0|0|1|1|1|1|0|0|1|0|2492|9080|NA|NA|10556|332|101|230|15453782|67190.3565217391|0
"040250010022"|0|1|1|0|0|0|0|1|1|1|0|0|1|0|0|30888|30888|21696|21696|9520|85|27|88|4035344|45856.1818181818|0
"040250019004"|0|0|0|0|0|0|0|1|0|0|0|0|0|0|0|NA|NA|NA|NA|NA|0|0|0|0|NA|0
"040270109111"|0|1|0|0|0|0|0|1|1|1|1|0|0|1|0|2064|7656|NA|NA|6678|313|132|234|13903890|59418.3333333333|0
"040270109113"|0|1|0|0|0|0|0|1|1|1|1|0|0|1|0|2064|7656|NA|NA|6678|313|132|234|13903890|59418.3333333333|0
"040270115032"|0|1|0|0|0|0|0|1|1|0|0|1|1|0|0|NA|NA|NA|NA|NA|0|0|0|0|NA|0
"050059501001"|0|1|0|0|0|0|0|1|1|1|1|0|0|1|0|2352|3972|NA|NA|NA|65|15|84|4007752|47711.3333333333|0
"050059502002"|0|1|0|0|0|0|0|1|1|0|0|1|1|0|0|NA|NA|NA|NA|NA|0|0|0|0|NA|0
"050070203011"|0|1|0|0|0|0|0|1|1|0|0|1|1|0|0|NA|NA|NA|NA|NA|0|0|0|0|NA|0
"050070204012"|0|1|0|0|0|0|0|1|1|1|1|0|1|0|0|13810|13810|NA|NA|NA|6|0|6|240000|40000|0
"050070205041"|0|1|0|0|0|0|0|1|1|1|1|0|0|1|0|3240|3600|NA|NA|NA|249|53|312|18207994|58358.9551282051|0
"050070212011"|0|1|1|0|0|0|0|1|1|1|0|0|0|1|0|26458|26458|14400|14400|9456|235|85|172|11870360|69013.7209302326|0
"050070213112"|0|1|1|0|0|0|0|1|1|1|0|0|1|0|0|15000|15000|11250|11250|5460|28|13|30|265830|8861|0
"050097906001"|0|1|0|0|0|0|0|1|1|1|1|0|0|1|0|2376|4056|NA|NA|NA|122|36|130|6674502|51342.3230769231|0
"050134802003"|0|1|0|0|0|0|0|1|1|1|1|0|0|1|0|3240|4680|NA|NA|5972|74|21|78|3324576|42622.7692307692|0
"050199536012"|0|1|1|0|0|0|0|1|1|1|0|0|0|1|0|6930|8640|5058|6318|7880|233|135|374|23873532|63832.9732620321|0
"050199536022"|0|2|1|0|0|0|0|2|2|2|0|0|0|2|0|34210|35920|NA|NA|15880|410|198|580|35690706|121197.895592129|0
"050279504001"|0|1|1|0|0|0|0|1|1|1|0|0|0|1|0|6420|10920|5040|7920|7188|246|92|332|21425522|64534.7048192771|0
"050279504002"|0|1|1|0|0|0|0|1|1|1|0|0|0|1|0|6420|10920|5040|7920|7188|246|92|332|21425522|64534.7048192771|0
"050299503001"|0|1|0|0|0|0|0|1|1|1|1|0|0|1|0|2448|3120|NA|NA|NA|94|25|110|5315340|48321.2727272727|0
"050310004021"|0|1|0|0|0|0|0|1|1|0|0|1|1|0|0|NA|NA|NA|NA|NA|0|0|0|0|NA|0
"050310004024"|0|1|0|0|0|0|0|1|1|0|0|1|1|0|0|NA|NA|NA|NA|NA|0|0|0|0|NA|0
"050310006012"|0|1|1|0|0|0|0|1|1|1|0|0|0|0|1|6540|13500|4986|9972|9672|1073|219|1036|70744998|68286.6776061776|0
"050310006024"|0|1|1|0|0|0|0|1|1|1|0|0|0|0|1|6540|13500|4986|9972|9672|1073|219|1036|70744998|68286.6776061776|0
"050350303012"|0|1|0|0|0|0|0|1|1|1|1|0|0|1|0|2760|3720|NA|NA|NA|85|47|86|3919968|45581.023255814|0
"050379505001"|0|1|0|0|0|0|0|1|1|0|0|1|1|0|0|NA|NA|NA|NA|NA|0|0|0|0|NA|0
"050379505004"|0|1|0|0|0|0|0|1|1|0|0|1|1|0|0|NA|NA|NA|NA|NA|0|0|0|0|NA|0
"050379505005"|0|1|0|0|0|0|0|1|1|0|0|1|1|0|0|NA|NA|NA|NA|NA|0|0|0|0|NA|0
"050434903001"|0|1|1|0|0|0|0|1|1|1|0|0|0|1|0|4779|10629|6631|12511|7058|246|120|316|17606846|55717.8670886076|0
"050434903002"|0|1|1|0|0|0|0|1|1|1|0|0|0|1|0|4779|10629|6631|12511|7058|246|120|316|17606846|55717.8670886076|0
"050450305021"|0|1|0|0|0|0|0|1|1|0|0|1|1|0|0|NA|NA|NA|NA|NA|0|0|0|0|NA|0
"050450305022"|0|1|0|0|0|0|0|1|1|0|0|1|1|0|0|NA|NA|NA|NA|NA|0|0|0|0|NA|0
"050450307011"|0|1|1|0|0|0|0|1|1|1|0|0|0|1|0|47250|47250|47250|47250|12460|258|69|208|14051758|67556.5288461538|0
"050450307012"|0|1|1|0|0|0|0|1|1|1|0|0|0|1|0|47250|47250|47250|47250|12460|258|69|208|14051758|67556.5288461538|0
"050450307022"|0|1|0|0|0|0|0|1|1|1|0|0|1|0|0|15150|15150|NA|NA|7500|50|12|56|2673008|47732.2857142857|0
"050450308003"|0|1|1|0|0|0|0|1|1|1|0|0|0|0|1|6810|13620|5018|10037|7198|886|280|1100|73145140|66495.5818181818|0
"050510110001"|0|1|0|0|0|0|0|1|1|1|1|0|0|1|0|3000|4110|NA|NA|5675|129|42|198|9777834|49383|0
"050510110003"|0|1|0|0|0|0|0|1|1|1|1|0|0|1|0|3000|4110|NA|NA|5675|129|42|198|9777834|49383|0
"050510114002"|0|1|0|0|0|0|0|1|1|1|0|0|1|0|0|6840|6840|NA|NA|6800|12|5|4|112000|28000|0
"050510116011"|0|1|0|0|0|0|0|1|1|0|0|1|1|0|0|NA|NA|NA|NA|NA|0|0|0|0|NA|0
"050554803002"|0|1|1|0|0|0|0|1|1|1|0|0|1|0|0|16668|16668|NA|NA|8296|75|27|60|2952858|49214.3|0
"050554806004"|0|1|0|0|0|0|0|1|1|1|0|0|1|0|0|12150|12150|NA|NA|6350|22|3|26|1033182|39737.7692307692|0
"050574805003"|0|1|0|0|0|0|0|1|1|1|1|0|0|1|0|2310|3360|NA|NA|NA|80|24|94|4149344|44141.9574468085|0
"050590201003"|0|1|0|0|0|0|0|1|1|1|1|0|0|1|0|2448|4872|NA|NA|NA|65|13|76|3928706|51693.5|0
"050590202002"|0|1|0|0|0|0|0|1|1|1|1|0|0|1|0|2448|4872|NA|NA|NA|65|13|76|3928706|51693.5|0
"050590202003"|0|1|0|0|0|0|0|1|1|1|1|0|0|1|0|2448|4872|NA|NA|NA|65|13|76|3928706|51693.5|0
"050634903001"|0|1|0|0|0|0|0|1|1|1|1|0|0|1|0|2100|2688|NA|NA|NA|63|22|94|3980104|42341.5319148936|0
"050634903003"|0|1|0|0|0|0|0|1|1|1|0|0|1|0|0|28550|28550|NA|NA|9810|142|61|104|6156238|59194.5961538462|0
"050659602001"|0|1|0|0|0|0|0|1|1|1|1|0|0|1|0|2160|4512|NA|NA|5700|61|6|68|3190062|46912.6764705882|0
"050659602002"|0|1|0|0|0|0|0|1|1|1|1|0|0|1|0|2160|4512|NA|NA|5700|61|6|68|3190062|46912.6764705882|0
"050674804001"|0|1|0|0|0|0|0|1|1|1|1|0|0|1|0|2448|3840|NA|NA|NA|91|34|148|7304956|49357.8108108108|0
"050690005021"|0|1|1|1|0|0|0|1|1|1|0|0|0|1|0|5130|11640|5184|11760|8472|481|183|306|18013004|58866.0261437908|0
"050690005023"|0|1|1|1|0|0|0|1|1|1|0|0|0|1|0|5130|11640|5184|11760|8472|481|183|306|18013004|58866.0261437908|0
"050690009001"|0|1|0|0|0|0|0|1|1|0|0|1|1|0|0|NA|NA|NA|NA|NA|0|0|0|0|NA|0
"050690015021"|0|1|0|0|0|0|0|1|1|1|1|0|0|1|0|2880|5760|NA|NA|NA|87|40|94|4336496|46132.9361702128|0
"050690016004"|0|1|0|0|0|0|0|1|1|0|0|1|1|0|0|NA|NA|NA|NA|NA|0|0|0|0|NA|0
"050690018003"|0|1|0|0|0|0|0|1|1|1|1|0|1|0|0|NA|NA|NA|NA|NA|3|2|12|996904|83075.3333333333|0
"050719519003"|0|1|0|0|0|0|0|1|1|1|0|0|1|0|0|24950|24950|NA|NA|7600|100|45|100|6048352|60483.52|0
"050754701002"|0|1|1|0|0|0|0|1|1|1|0|0|1|0|0|16668|16668|NA|NA|8296|75|27|60|2952858|49214.3|0
"050754705011"|0|1|1|0|0|0|0|1|1|1|0|0|1|0|0|16668|16668|NA|NA|8296|75|27|60|2952858|49214.3|0
"050930103002"|0|1|0|0|0|0|0|1|1|1|1|0|0|1|0|2268|3668|NA|NA|NA|112|63|100|5204480|52044.8|0
"051074801002"|0|1|0|0|0|0|0|1|1|1|1|0|0|1|0|2580|4080|NA|NA|NA|126|42|118|5425930|45982.4576271186|0
"051139501001"|0|1|0|0|0|0|0|1|1|1|1|0|1|0|0|2328|2568|NA|NA|5000|59|18|36|1636212|45450.3333333333|0
"051139502001"|0|1|0|0|0|0|0|1|1|1|1|0|1|0|0|2328|2568|NA|NA|5000|59|18|36|1636212|45450.3333333333|0
"051139504001"|0|1|0|0|0|0|0|1|1|1|1|0|1|0|0|2328|2568|NA|NA|5000|59|18|36|1636212|45450.3333333333|0
"051159512002"|0|1|0|0|0|0|0|1|1|0|0|1|1|0|0|NA|NA|NA|NA|NA|0|0|0|0|NA|0
"051159513003"|0|1|0|0|0|0|0|1|1|0|0|1|1|0|0|NA|NA|NA|NA|NA|0|0|0|0|NA|0
"051159514001"|0|1|0|0|0|0|0|1|1|0|0|1|1|0|0|NA|NA|NA|NA|NA|0|0|0|0|NA|0
"051159514002"|0|1|1|0|0|0|0|1|1|1|0|0|0|0|1|5568|11136|5256|10512|7967|539|217|710|44672208|62918.6028169014|0
"051190015021"|0|1|1|0|0|0|0|1|1|0|0|0|0|0|0|NA|NA|NA|NA|NA|19|5|0|0|NA|0
"051190015022"|0|1|1|0|0|0|0|1|1|0|0|0|0|0|0|NA|NA|NA|NA|NA|19|5|0|0|NA|0
"051190019002"|0|1|0|0|0|0|0|1|1|0|0|1|1|0|0|NA|NA|NA|NA|NA|0|0|0|0|NA|0
"051190019003"|0|1|0|0|0|0|0|1|1|0|0|1|1|0|0|NA|NA|NA|NA|NA|0|0|0|0|NA|0
"051190019004"|0|1|0|0|0|0|0|1|1|0|0|1|1|0|0|NA|NA|NA|NA|NA|0|0|0|0|NA|0
"051190020021"|0|1|0|0|0|0|0|1|1|0|0|1|1|0|0|NA|NA|NA|NA|NA|0|0|0|0|NA|0
"051190020022"|0|1|0|0|0|0|0|1|1|0|0|1|1|0|0|NA|NA|NA|NA|NA|0|0|0|0|NA|0
"051190020023"|0|1|0|0|0|0|0|1|1|0|0|1|1|0|0|NA|NA|NA|NA|NA|0|0|0|0|NA|0
"051190021023"|0|2|1|0|0|0|0|2|1|1|0|0|0|1|0|NA|NA|NA|NA|NA|870|428|788|52428814|NA|0
"051190021031"|0|1|0|0|0|0|0|1|1|0|0|1|1|0|0|NA|NA|NA|NA|NA|0|0|0|0|NA|0
"051190021032"|0|1|0|0|0|0|0|1|1|0|0|1|1|0|0|NA|NA|NA|NA|NA|0|0|0|0|NA|0
"051190024052"|0|2|0|0|0|0|0|2|2|2|2|0|2|0|0|23474|23474|NA|NA|NA|29|13|112|8104902|108678.320754717|0
"051190024071"|0|1|1|0|0|0|0|1|1|1|0|0|1|0|0|13320|13320|14940|14940|NA|6|0|0|0|NA|0
"051190024072"|0|1|1|0|0|0|0|1|1|1|0|0|1|0|0|13320|13320|14940|14940|NA|6|0|0|0|NA|0
"051190025001"|0|2|0|1|0|0|0|2|2|1|1|1|2|0|0|NA|NA|NA|NA|NA|32|7|22|816000|NA|0
"051190025002"|0|1|0|0|0|0|0|1|1|0|0|1|1|0|0|NA|NA|NA|NA|NA|0|0|0|0|NA|0
"051190028001"|0|1|0|1|0|0|0|1|1|1|1|0|1|0|0|4200|4200|NA|NA|NA|32|7|22|816000|37090.9090909091|0
"051190028002"|0|1|0|0|0|0|0|1|1|0|0|1|1|0|0|NA|NA|NA|NA|NA|0|0|0|0|NA|0
"051190028003"|0|1|0|1|0|0|0|1|1|1|1|0|1|0|0|4200|4200|NA|NA|NA|32|7|22|816000|37090.9090909091|0
"051190031001"|0|1|0|0|0|0|0|1|1|1|1|0|0|1|0|4020|5250|NA|NA|NA|200|43|340|15091014|44385.3352941176|0
"051190033044"|0|1|0|1|0|0|0|1|1|1|1|0|1|0|0|4200|4200|NA|NA|NA|32|7|22|816000|37090.9090909091|0
"051190035002"|0|1|0|0|0|0|0|1|1|0|0|1|1|0|0|NA|NA|NA|NA|NA|0|0|0|0|NA|0
"051190035003"|0|1|0|0|0|0|0|1|1|0|0|1|1|0|0|NA|NA|NA|NA|NA|0|0|0|0|NA|0
"051190036042"|0|1|0|0|0|0|0|1|1|0|0|1|1|0|0|NA|NA|NA|NA|NA|0|0|0|0|NA|0
"051190036091"|0|1|0|0|0|0|0|1|1|0|0|1|1|0|0|NA|NA|NA|NA|NA|0|0|0|0|NA|0
"051190037131"|0|1|0|0|0|0|0|1|1|0|0|1|1|0|0|NA|NA|NA|NA|NA|0|0|0|0|NA|0
"051190038003"|0|1|0|0|0|0|0|1|1|0|0|1|1|0|0|NA|NA|NA|NA|NA|0|0|0|0|NA|0
"051190040011"|0|1|0|0|0|0|0|1|1|0|0|1|1|0|0|NA|NA|NA|NA|NA|0|0|0|0|NA|0
"051190041071"|0|1|0|0|0|0|0|1|1|0|0|1|1|0|0|NA|NA|NA|NA|NA|0|0|0|0|NA|0
"051190042212"|0|2|0|0|0|0|0|2|2|2|2|0|2|0|0|23474|23474|NA|NA|NA|29|13|112|8104902|108678.320754717|0
"051190043024"|0|1|0|0|0|0|0|1|1|0|0|1|1|0|0|NA|NA|NA|NA|NA|0|0|0|0|NA|0
"051190044002"|0|2|1|1|0|0|0|2|2|1|0|0|1|0|0|NA|NA|NA|NA|NA|124|32|96|5227454|NA|0
"051190045001"|0|1|0|1|0|0|0|1|1|1|0|0|1|0|0|11804|11804|NA|NA|8250|105|27|96|5227454|54452.6458333333|0
"051190045002"|0|2|0|1|0|0|0|2|2|1|0|1|2|0|0|NA|NA|NA|NA|NA|66|20|16|628880|NA|0
"051190045003"|0|1|0|1|0|0|0|1|1|1|0|0|1|0|0|11804|11804|NA|NA|8250|105|27|96|5227454|54452.6458333333|0
"051190048001"|0|1|1|0|1|1|0|1|1|1|0|0|0|1|0|6600|14448|7737|15918|NA|2070|270|296|33225758|112249.182432432|0
"051190048004"|0|1|1|0|1|1|0|1|1|1|0|0|0|1|0|6600|14448|7737|15918|NA|2070|270|296|33225758|112249.182432432|0
"051190048005"|0|1|1|0|0|0|0|1|1|0|0|0|0|0|0|NA|NA|NA|NA|NA|19|5|0|0|NA|0
"051190049003"|0|2|1|0|0|0|0|2|2|1|0|0|1|0|0|NA|NA|NA|NA|NA|89|20|0|0|NA|0
"051190049005"|0|2|1|0|0|0|0|2|2|1|0|0|1|0|0|NA|NA|NA|NA|NA|89|20|0|0|NA|0
"051219601005"|0|1|1|0|0|0|0|1|1|1|0|0|1|0|0|16668|16668|NA|NA|8296|75|27|60|2952858|49214.3|0
"051219603021"|0|1|0|0|0|0|0|1|1|1|1|0|0|1|0|2304|4536|NA|NA|NA|89|36|128|5045818|39420.453125|0
"051239602005"|0|2|0|0|0|0|0|2|2|1|1|1|0|1|0|NA|NA|NA|NA|NA|94|30|92|4595750|NA|0
"051310006003"|0|1|0|0|0|0|0|1|1|0|0|1|1|0|0|NA|NA|NA|NA|NA|0|0|0|0|NA|0
"051310006004"|0|1|0|0|0|0|0|1|1|0|0|1|1|0|0|NA|NA|NA|NA|NA|0|0|0|0|NA|0
"051310007005"|0|1|1|0|0|0|0|1|1|1|0|0|0|1|0|4104|11376|7092|11394|9039|284|70|450|29664278|65920.6177777778|0
"051310008001"|0|1|0|0|0|0|0|1|1|0|0|1|1|0|0|NA|NA|NA|NA|NA|0|0|0|0|NA|0
"051310008003"|0|1|0|0|0|0|0|1|1|0|0|1|1|0|0|NA|NA|NA|NA|NA|0|0|0|0|NA|0
"051310011022"|0|1|0|0|0|0|0|1|1|0|0|1|1|0|0|NA|NA|NA|NA|NA|0|0|0|0|NA|0
"051310013023"|0|0|1|0|0|1|0|1|1|1|0|0|1|0|0|NA|NA|30000|30000|NA|56|15|0|0|NA|0
"051330803001"|0|1|0|0|0|0|0|1|1|1|1|0|0|1|0|2610|3060|NA|NA|NA|69|10|78|4183766|53638.0256410256|0
"051399508001"|0|2|0|0|0|0|0|2|2|1|1|1|1|1|0|NA|NA|NA|NA|NA|97|24|102|5053170|NA|0
"051430101061"|0|1|0|0|0|0|0|1|1|0|0|1|1|0|0|NA|NA|NA|NA|NA|0|0|0|0|NA|0
"051430101063"|0|1|0|0|0|0|0|1|1|0|0|1|1|0|0|NA|NA|NA|NA|NA|0|0|0|0|NA|0
"051430103011"|0|1|0|0|0|0|0|1|1|0|0|1|1|0|0|NA|NA|NA|NA|NA|0|0|0|0|NA|0
"051430103024"|0|1|0|0|0|0|0|1|1|0|0|1|1|0|0|1890|1890|NA|NA|NA|0|0|0|0|NA|0
"051430105033"|0|1|0|0|0|0|0|1|1|0|0|1|1|0|0|NA|NA|NA|NA|NA|0|0|0|0|NA|0
"051430105072"|0|1|0|0|0|0|0|1|1|0|0|1|1|0|0|NA|NA|NA|NA|NA|0|0|0|0|NA|0
"051430107013"|0|1|0|0|0|0|0|1|1|0|0|1|1|0|0|NA|NA|NA|NA|NA|0|0|0|0|NA|0
"051430113004"|0|1|1|0|0|0|0|1|1|1|0|0|0|0|1|7568|24056|7752|21032|11330|3880|933|2434|236621686|97215.1544782251|0
"051450708001"|0|1|1|0|0|0|0|1|1|1|0|0|0|1|0|20010|20010|13372|13372|7170|530|193|644|45412468|70516.2546583851|0
"051450708003"|0|2|1|0|0|0|0|2|2|1|0|1|1|1|0|NA|NA|NA|NA|NA|530|193|644|45412468|NA|0
"051450712005"|0|1|0|0|0|0|0|1|1|1|1|0|0|1|0|2448|4176|NA|NA|5550|182|77|206|9853508|47832.5631067961|0
"060014001001"|0|1|1|0|0|0|0|1|1|1|0|0|0|0|1|11442|41196|11442|26544|19105|9948|1497|3642|592258190|162618.942888523|0
"060014011004"|0|1|0|0|0|0|0|1|1|0|0|1|1|0|0|NA|NA|NA|NA|NA|0|0|0|0|NA|0
"060014013001"|0|1|1|0|0|0|0|1|1|1|0|0|0|1|0|47928|47928|51313|51313|NA|164|49|342|44661714|130589.807017544|0
"060014014001"|0|1|1|0|0|0|0|1|1|1|0|0|0|1|0|47928|47928|51313|51313|NA|164|49|342|44661714|130589.807017544|0
"060014029001"|0|1|2|0|0|0|0|2|2|2|0|0|2|0|0|NA|NA|25851|25851|NA|24|10|44|2042320|NA|0
"060014030001"|0|1|1|0|0|0|0|1|1|0|0|0|0|0|0|NA|NA|NA|NA|NA|2433|705|480|54438372|113413.275|0
"060014033001"|0|1|0|0|0|0|0|1|1|1|1|0|0|0|1|1104|7464|NA|NA|NA|144|64|258|22324374|86528.5813953488|0
"060014034001"|0|1|2|0|0|0|0|2|2|2|0|0|2|0|0|NA|NA|25851|25851|NA|24|10|44|2042320|NA|0
"060014060001"|0|1|0|0|0|0|0|1|1|0|0|0|0|0|0|NA|NA|NA|NA|NA|154|42|8|903528|112941|0
"060014061001"|0|1|0|0|0|0|0|1|1|0|0|1|1|0|0|NA|NA|NA|NA|NA|0|0|0|0|NA|0
"060014061004"|0|1|0|0|0|0|0|1|1|0|0|1|1|0|0|NA|NA|NA|NA|NA|0|0|0|0|NA|0
"060014077001"|0|1|1|0|0|0|0|1|1|1|0|0|0|1|0|29340|29340|34833|34833|13883|237|62|166|14086856|84860.578313253|0
"060014078001"|0|1|1|0|0|0|0|1|1|1|0|0|0|1|0|29340|29340|34833|34833|13883|237|62|166|14086856|84860.578313253|0
"060014078002"|0|1|1|0|0|0|0|1|1|1|0|0|0|1|0|29340|29340|34833|34833|13883|237|62|166|14086856|84860.578313253|0
"060014080002"|0|1|1|0|0|0|0|1|1|1|0|0|1|0|0|39576|39576|18054|18054|13595|140|67|84|6620066|78810.3095238095|0
"060014081001"|0|1|0|0|0|0|0|1|1|1|1|0|0|1|0|1104|7464|NA|NA|NA|79|33|154|13345106|86656.5324675325|0
"060014090002"|0|1|1|0|0|0|0|1|1|0|0|0|0|0|0|NA|NA|NA|NA|NA|0|0|0|0|NA|0
"060014090003"|0|1|1|0|0|0|0|1|1|0|0|0|0|0|0|NA|NA|NA|NA|NA|0|0|0|0|NA|0
"060014216001"|0|1|1|0|0|0|0|1|1|1|0|0|0|0|1|11442|41196|11442|26544|19105|9948|1497|3642|592258190|162618.942888523|0
"060014216003"|0|0|1|0|0|0|0|1|1|1|0|0|1|0|0|NA|NA|18480|18480|NA|6|2|26|931414|35823.6153846154|0
"060014220001"|0|1|0|0|0|0|0|1|1|1|0|0|1|0|0|24273|24273|NA|NA|NA|11|1|14|1111360|79382.8571428571|0
"060014225002"|0|1|1|0|0|0|0|1|1|1|0|0|0|0|1|11442|41196|11442|26544|19105|9948|1497|3642|592258190|162618.942888523|0
"060014225003"|0|1|5|0|0|0|0|5|5|5|0|0|5|0|0|NA|NA|NA|NA|NA|81|19|56|5072388|NA|0
"060014226001"|0|1|1|0|0|0|0|1|1|1|0|0|0|0|1|11442|41196|11442|26544|19105|9948|1497|3642|592258190|162618.942888523|0
"060014227001"|0|1|1|0|0|0|0|1|1|1|0|0|0|0|1|11442|41196|11442|26544|19105|9948|1497|3642|592258190|162618.942888523|0
"060014227003"|0|0|1|0|0|0|0|1|1|1|0|0|1|0|0|NA|NA|37650|37650|NA|26|8|62|6014260|97004.1935483871|0
"060014229001"|0|0|1|0|0|0|0|1|1|1|0|0|1|0|0|NA|NA|18720|18720|NA|4|0|4|416442|104110.5|0
"060014229002"|0|2|0|0|0|0|0|2|2|2|1|0|1|1|0|20904|27264|NA|NA|NA|71|28|146|11481248|139139.422535211|0
"060014235001"|0|0|1|0|1|0|0|1|1|1|0|0|1|0|0|NA|NA|13786|13786|NA|6|0|0|0|NA|0
"060014236022"|0|0|1|0|0|0|0|1|1|1|0|0|1|0|0|NA|NA|18746|18746|NA|10|1|10|765846|76584.6|0
"060014251021"|0|1|0|0|0|0|0|1|1|1|0|0|1|0|0|24273|24273|NA|NA|NA|11|1|14|1111360|79382.8571428571|0
"060014251033"|0|1|0|0|0|0|0|1|1|0|0|1|0|1|0|NA|NA|NA|NA|NA|0|0|0|0|NA|0
"060014273002"|0|2|0|0|0|0|0|2|2|1|1|0|0|0|1|NA|NA|NA|NA|NA|298|106|266|23227902|199469.581395349|0
"060014273005"|0|1|0|0|0|0|0|1|1|1|1|0|0|1|0|1104|7464|NA|NA|NA|71|25|154|12169964|79025.7402597403|0
"060014280001"|0|1|0|0|0|0|0|1|1|0|0|1|1|0|0|NA|NA|NA|NA|NA|0|0|0|0|NA|0
"060014287001"|0|1|0|0|0|0|0|1|1|1|1|0|0|1|0|1104|7464|NA|NA|NA|71|25|154|12169964|79025.7402597403|0
"060014301021"|0|2|1|0|0|0|0|2|2|2|1|0|1|1|0|40680|47040|NA|NA|NA|219|100|238|19965172|165466.841991342|0
"060014324003"|0|1|1|0|0|0|0|1|1|0|0|0|0|0|0|NA|NA|NA|NA|NA|0|0|0|0|NA|0
"060014330004"|0|1|0|0|0|0|0|1|0|0|0|0|0|0|0|NA|NA|NA|NA|NA|0|0|0|0|NA|0
"060014331021"|0|1|0|0|0|0|0|1|0|0|0|0|0|0|0|NA|NA|NA|NA|NA|0|0|0|0|NA|0
"060014338003"|0|1|0|0|0|0|0|1|0|0|0|0|0|0|0|NA|NA|NA|NA|NA|0|0|0|0|NA|0
"060014351022"|0|1|1|0|0|0|0|1|1|1|0|0|0|0|1|5742|17622|7176|16680|14558|845|331|766|72323472|94417.0652741514|0
"060014359003"|0|1|1|0|0|0|0|2|2|1|0|1|2|0|0|NA|NA|NA|NA|NA|92|22|68|5952186|NA|0
"060014360003"|0|1|1|0|0|0|0|2|2|1|0|1|2|0|0|NA|NA|NA|NA|NA|92|22|68|5952186|NA|0
"060014371011"|0|1|1|0|0|0|0|2|2|1|0|1|2|0|0|NA|NA|NA|NA|NA|92|22|68|5952186|NA|0
"060014372002"|0|1|0|0|0|0|0|1|1|1|1|0|0|0|1|1104|7872|NA|NA|NA|167|111|388|35606560|91769.4845360825|0
"060014415031"|0|3|1|0|0|0|0|3|3|2|0|1|2|1|0|56639|56639|NA|NA|NA|237|7|156|4944344|NA|0
"060014431031"|0|1|0|0|0|0|0|1|1|1|1|0|0|1|0|1104|7464|NA|NA|NA|191|82|256|27202332|106259.109375|0
"060014431032"|0|1|0|0|0|0|0|1|1|1|1|0|0|1|0|1104|7464|NA|NA|NA|191|82|256|27202332|106259.109375|0
"060014507013"|0|1|0|0|0|0|0|1|1|1|1|0|0|1|0|1104|7464|NA|NA|NA|191|82|256|27202332|106259.109375|0
"060014512021"|0|1|0|0|0|0|0|1|1|1|1|0|0|1|0|1104|7872|NA|NA|NA|109|65|260|23635460|90905.6153846154|0
"060014513001"|0|1|0|0|0|0|0|1|1|1|1|0|0|1|0|1104|7872|NA|NA|NA|109|65|260|23635460|90905.6153846154|0
"060070010002"|0|1|1|0|0|0|0|1|1|1|0|0|0|0|1|5742|17622|7176|16680|13422|951|371|1060|95138832|89753.6150943396|0
"060070013003"|0|1|0|0|0|0|0|1|1|0|0|1|1|0|0|NA|NA|NA|NA|NA|0|0|0|0|NA|0
"060070015003"|0|1|0|0|0|0|0|1|1|1|1|0|0|0|1|1104|6720|NA|NA|NA|365|176|428|39853572|93115.8224299065|0
"060070015004"|0|1|0|0|0|0|0|1|1|1|1|0|0|0|1|1104|6720|NA|NA|NA|365|176|428|39853572|93115.8224299065|0
"060070022002"|0|1|0|0|0|0|0|1|1|1|1|0|0|0|1|1104|6720|NA|NA|NA|365|176|428|39853572|93115.8224299065|0
"060070025004"|0|1|0|0|0|0|0|1|1|1|1|0|0|0|1|1104|6720|NA|NA|NA|365|176|428|39853572|93115.8224299065|0
"060070037002"|0|1|0|0|0|0|0|1|1|1|1|0|0|0|1|1104|6720|NA|NA|NA|365|176|428|39853572|93115.8224299065|0
"060133072011"|0|1|0|0|0|0|0|1|1|1|1|0|0|1|0|1288|8540|NA|NA|NA|130|70|314|21452848|68321.1719745223|0
"060133131021"|0|1|0|0|0|0|0|1|1|1|1|0|0|1|0|1288|8540|NA|NA|NA|130|70|314|21452848|68321.1719745223|0
"060133160001"|0|1|0|0|0|0|0|1|1|0|0|0|0|0|0|NA|NA|NA|NA|NA|84|18|0|0|NA|0
"060133170001"|0|1|0|0|0|0|0|1|1|0|0|0|0|0|0|NA|NA|NA|NA|NA|84|18|0|0|NA|0
"060133220001"|0|1|0|0|0|0|0|1|1|1|1|0|0|0|1|1288|8540|NA|NA|NA|244|152|600|48028272|80047.12|0
"060133220002"|0|1|0|0|0|0|0|1|0|0|0|0|0|0|0|NA|NA|NA|NA|NA|0|0|0|0|NA|0
"060133240021"|0|1|0|0|0|0|0|1|1|0|0|1|1|0|0|NA|NA|NA|NA|NA|0|0|0|0|NA|0
"060133240023"|0|1|1|0|0|0|0|1|1|1|0|0|0|1|0|8500|8500|8500|8500|NA|56|10|54|4109766|76106.7777777778|0
"060133270005"|0|1|1|0|0|0|0|1|1|1|0|0|0|1|0|8500|8500|8500|8500|NA|56|10|54|4109766|76106.7777777778|0
"060133280001"|0|1|0|0|0|0|0|1|1|0|0|1|1|0|0|NA|NA|NA|NA|NA|0|0|0|0|NA|0
"060133280002"|0|1|0|0|0|0|0|1|1|0|0|1|1|0|0|NA|NA|NA|NA|NA|0|0|0|0|NA|0
"060133350003"|0|1|0|0|0|0|0|1|1|0|0|1|1|0|0|NA|NA|NA|NA|NA|0|0|0|0|NA|0
"060133361011"|0|1|0|0|0|0|0|1|1|0|0|1|1|0|0|NA|NA|NA|NA|NA|0|0|0|0|NA|0
"060133362011"|0|1|1|0|0|0|0|1|1|1|0|0|0|1|0|8500|8500|8500|8500|NA|56|10|54|4109766|76106.7777777778|0
"060133452032"|0|1|0|0|0|0|0|1|1|0|0|1|1|0|0|NA|NA|NA|NA|NA|0|0|0|0|NA|0
"060133511013"|0|1|1|0|0|0|0|1|1|1|0|0|0|1|0|48988|48988|31308|31308|15524|390|134|432|41193898|95356.2453703704|0
"060133512002"|0|1|1|0|0|0|0|1|1|1|0|0|0|1|0|48988|48988|31308|31308|15524|390|134|432|41193898|95356.2453703704|0
"060133521011"|0|1|1|0|0|0|0|1|1|1|0|0|0|1|0|48988|48988|31308|31308|15524|390|134|432|41193898|95356.2453703704|0
"060133521012"|0|1|1|0|0|0|0|1|1|1|0|0|0|1|0|48988|48988|31308|31308|15524|390|134|432|41193898|95356.2453703704|0
"060133521023"|0|1|1|0|0|0|0|1|1|1|0|0|0|1|0|48988|48988|31308|31308|15524|390|134|432|41193898|95356.2453703704|0
"060133551091"|0|1|0|0|0|0|0|1|1|0|0|1|1|0|0|NA|NA|NA|NA|NA|0|0|0|0|NA|0
"060133671003"|0|1|0|0|0|0|0|1|1|1|1|0|0|1|0|1288|8540|NA|NA|NA|114|64|224|16450888|73441.4642857143|0
"060133672002"|0|1|0|0|0|0|0|1|1|1|1|0|0|1|0|1288|8540|NA|NA|NA|114|64|224|16450888|73441.4642857143|0
"060133690014"|0|1|0|0|0|0|0|1|1|1|1|0|0|1|0|1288|8540|NA|NA|NA|114|64|224|16450888|73441.4642857143|0
"060170302002"|0|1|0|0|0|0|0|1|1|1|1|0|0|1|0|1209|8112|NA|NA|11529|75|17|74|6076490|82114.7297297297|0
"060170305041"|0|1|0|0|0|0|0|1|1|1|1|0|0|1|0|1209|8112|NA|NA|11529|75|17|74|6076490|82114.7297297297|0
"060170307042"|0|1|1|0|0|0|0|1|1|1|0|0|1|0|0|9600|9600|6240|6240|7380|25|1|16|442536|27658.5|0
"060190001001"|0|1|0|0|0|0|0|1|1|0|0|0|0|0|0|NA|NA|NA|NA|NA|0|0|0|0|NA|0
"060190014081"|0|1|1|0|0|0|0|1|1|1|0|0|0|1|0|32458|32458|14940|14940|8954|290|123|212|15621044|73684.1698113208|0
"060190030042"|0|1|0|0|0|0|0|1|1|1|0|0|1|0|0|9120|9120|NA|NA|6750|5|0|0|0|NA|0
"060190035003"|0|1|0|0|0|0|0|1|1|1|1|0|0|0|1|1104|7464|NA|NA|NA|466|184|762|71684198|94073.750656168|0
"060190045051"|0|1|0|0|0|0|0|1|1|0|0|1|1|0|0|NA|NA|NA|NA|NA|0|0|0|0|NA|0
"060190045052"|0|1|0|0|0|0|0|1|1|0|0|1|1|0|0|NA|NA|NA|NA|NA|0|0|0|0|NA|0
"060190051003"|0|1|0|0|0|0|0|1|1|0|0|1|1|0|0|NA|NA|NA|NA|NA|0|0|0|0|NA|0
"060190054061"|0|1|0|0|0|0|0|1|1|0|0|1|1|0|0|NA|NA|NA|NA|NA|0|0|0|0|NA|0
"060190054081"|0|1|1|0|0|0|0|1|1|1|0|0|0|0|1|5742|17622|7176|16680|10587|1089|426|1574|138603024|88057.8297331639|0
"060190055041"|0|1|0|0|0|0|0|1|1|1|1|0|0|1|0|1104|7464|NA|NA|NA|81|33|204|18923190|92760.7352941177|0
"060190056021"|0|0|1|0|0|0|0|1|1|1|0|0|1|0|0|NA|NA|NA|NA|NA|47|20|96|14079412|146660.541666667|0
"060190056023"|0|1|0|0|0|0|0|1|1|0|0|1|1|0|0|NA|NA|NA|NA|NA|0|0|0|0|NA|0
"060190056024"|0|0|1|0|0|0|0|1|1|1|0|0|1|0|0|NA|NA|NA|NA|NA|47|20|96|14079412|146660.541666667|0
"060190056061"|0|1|0|0|0|0|0|1|1|1|1|0|0|1|0|NA|NA|NA|NA|NA|91|9|146|9150752|62676.3835616438|0
"060190057012"|0|1|0|0|0|0|0|1|1|0|0|1|1|0|0|NA|NA|NA|NA|NA|0|0|0|0|NA|0
"060190057014"|0|0|1|0|0|0|0|1|1|1|0|0|1|0|0|NA|NA|NA|NA|NA|27|9|10|1054896|105489.6|0
"060190057043"|0|1|0|0|0|0|0|1|1|0|0|1|1|0|0|NA|NA|NA|NA|NA|0|0|0|0|NA|0
"060190057044"|0|1|0|0|0|0|0|1|1|0|0|1|1|0|0|NA|NA|NA|NA|NA|0|0|0|0|NA|0
"060190066032"|0|1|0|0|0|0|0|1|1|1|1|0|0|0|1|1104|7464|NA|NA|5828|166|68|404|39270370|97203.8861386139|0
"060190066045"|0|1|0|0|0|0|0|1|1|0|0|1|1|0|0|NA|NA|NA|NA|NA|0|0|0|0|NA|0
"060190070023"|0|1|0|0|0|0|0|1|1|0|0|1|1|0|0|NA|NA|NA|NA|NA|0|0|0|0|NA|0
"060190080001"|0|2|0|0|0|0|0|2|2|1|1|0|0|1|0|NA|NA|NA|NA|NA|161|21|70|7441520|NA|0
"060190080003"|0|2|0|0|0|0|0|2|2|1|1|0|0|1|0|NA|NA|NA|NA|NA|161|21|70|7441520|NA|0
"060190081002"|0|2|0|0|0|0|0|2|2|1|1|0|0|1|0|NA|NA|NA|NA|NA|161|21|70|7441520|NA|0
"060230001002"|0|1|0|0|0|0|0|1|1|0|0|1|1|0|0|NA|NA|NA|NA|NA|0|0|0|0|NA|0
"060230010002"|0|1|1|0|0|0|0|1|1|1|0|0|0|1|0|5742|17622|7176|16680|13120|613|228|584|51891264|88854.904109589|0
"060230103004"|0|1|1|0|0|0|0|1|1|1|0|0|1|0|0|12600|12600|16500|16500|NA|6|1|12|448544|37378.6666666667|0
"060230107003"|0|1|0|0|0|0|0|1|1|1|1|0|0|1|0|1143|6783|NA|NA|8085|153|62|154|11449184|74345.3506493506|0
"060250110006"|0|1|0|0|0|0|0|2|1|1|1|0|0|1|0|NA|NA|NA|NA|NA|184|80|354|31310802|NA|0
"060250114001"|0|1|0|0|0|0|0|1|1|0|0|1|1|0|0|NA|NA|NA|NA|NA|0|0|0|0|NA|0
"060290001015"|0|1|1|0|0|0|0|1|1|1|0|0|1|0|0|17640|17640|7920|7920|7200|63|8|62|3110930|50176.2903225806|0
"060290005071"|0|2|0|0|0|0|0|2|2|0|0|2|2|0|0|NA|NA|NA|NA|NA|0|0|0|0|NA|0
"060290006002"|0|2|0|0|0|0|0|2|2|0|0|2|2|0|0|NA|NA|NA|NA|NA|0|0|0|0|NA|0
"060290008001"|0|1|0|0|0|0|0|1|1|1|0|0|0|0|1|1288|7700|NA|NA|NA|301|118|734|70798952|96456.3378746594|0
"060290016001"|0|2|0|0|0|0|0|2|2|0|0|2|2|0|0|NA|NA|NA|NA|NA|0|0|0|0|NA|0
"060290016002"|0|2|0|0|0|0|0|2|2|0|0|2|2|0|0|NA|NA|NA|NA|NA|0|0|0|0|NA|0
"060290018021"|0|1|1|0|0|0|0|1|1|1|0|0|1|0|0|11558|11558|7920|7920|NA|16|9|20|1532160|76608|0
"060290018022"|0|1|1|0|0|0|0|1|1|1|0|0|1|0|0|11558|11558|7920|7920|NA|16|9|20|1532160|76608|0
"060290018023"|0|1|1|0|0|0|0|1|1|1|0|0|1|0|0|11558|11558|7920|7920|NA|16|9|20|1532160|76608|0
"060290028061"|0|1|1|0|0|0|0|1|1|1|0|0|0|0|1|5742|17622|7176|16680|12900|593|265|636|55351308|87030.358490566|0
"060290035001"|0|1|0|0|0|0|0|1|1|1|1|0|0|1|0|1104|6192|NA|NA|6721|133|34|86|9064028|105395.674418605|0
"060290054014"|0|1|0|0|0|0|0|1|1|1|1|0|0|1|0|1288|7700|NA|NA|NA|76|25|132|14386324|108987.303030303|0
"060290055013"|0|1|0|0|0|0|0|1|1|1|1|0|0|1|0|1288|7700|NA|NA|NA|76|25|132|14386324|108987.303030303|0
"060310004022"|0|1|0|0|0|0|0|1|1|1|1|0|0|1|0|1380|9330|NA|NA|NA|81|13|76|7985240|105068.947368421|0
"060310009005"|0|1|0|0|0|0|0|1|1|0|0|1|1|0|0|NA|NA|NA|NA|NA|0|0|0|0|NA|0
"060350403021"|0|1|0|0|0|0|0|1|1|1|1|0|0|1|0|1104|7464|NA|NA|8784|85|38|84|7290700|86794.0476190476|0
"060350403031"|0|1|0|0|0|0|0|1|1|1|1|0|0|1|0|1104|7464|NA|NA|8784|85|38|84|7290700|86794.0476190476|0
"060350403042"|0|1|0|0|0|0|0|1|1|1|1|0|0|1|0|1104|7464|NA|NA|8784|85|38|84|7290700|86794.0476190476|0
"060371021041"|0|1|1|0|0|0|0|1|1|1|0|0|0|1|0|39712|39712|38790|38790|12408|82|20|134|12235288|91308.1194029851|0
"060371061111"|0|1|0|0|0|0|0|1|1|1|1|0|0|0|1|1196|8086|NA|NA|NA|167|73|210|22184020|105638.19047619|0
"060371061112"|0|1|0|0|0|0|0|1|1|1|1|0|0|0|1|1196|8086|NA|NA|NA|167|73|210|22184020|105638.19047619|0
"060371061122"|0|1|0|0|0|0|0|1|1|1|1|0|0|0|1|1196|8086|NA|NA|NA|167|73|210|22184020|105638.19047619|0
"060371114001"|0|1|0|0|0|0|0|1|1|0|0|1|1|0|0|NA|NA|NA|NA|NA|0|0|0|0|NA|0
"060371132322"|0|1|0|0|0|0|0|1|1|1|1|0|1|0|0|NA|NA|NA|NA|NA|4|0|10|566056|56605.6|0
"060371133012"|0|1|0|0|0|0|0|1|1|0|0|1|1|0|0|NA|NA|NA|NA|NA|0|0|0|0|NA|0
"060371201041"|0|1|0|0|0|0|0|1|1|1|1|0|1|0|0|NA|NA|NA|NA|NA|14|2|16|1081292|67580.75|0
"060371236013"|0|1|0|0|0|0|0|1|1|1|1|0|0|0|1|1196|8086|NA|NA|NA|242|114|400|41522444|103806.11|0
"060371238001"|0|1|0|0|0|0|0|1|1|1|1|0|1|0|0|NA|NA|NA|NA|NA|37|11|46|3688794|80191.1739130435|0
"060371239012"|0|2|0|0|0|0|0|2|2|2|1|0|1|1|0|NA|NA|NA|NA|NA|81|35|104|10084396|135161.659574468|0
"060371239013"|0|2|0|0|0|0|0|2|2|2|1|0|1|1|0|NA|NA|NA|NA|NA|81|35|104|10084396|135161.659574468|0
"060371243003"|0|0|0|0|0|0|0|1|0|0|0|0|0|0|0|NA|NA|NA|NA|NA|0|0|0|0|NA|0
"060371278052"|0|1|0|0|0|0|0|1|1|1|1|0|1|0|0|NA|NA|NA|NA|NA|16|7|20|1099204|54960.2|0
"060371278061"|0|1|0|0|0|0|0|1|1|0|0|1|1|0|0|NA|NA|NA|NA|NA|0|0|0|0|NA|0
"060371284004"|0|1|0|0|0|0|0|1|1|0|0|1|1|0|0|NA|NA|NA|NA|NA|0|0|0|0|NA|0
"060371319001"|0|1|0|0|0|0|0|1|1|1|0|0|1|0|0|31468|31468|NA|NA|NA|6|2|2|85970|42985|0
"060371323001"|0|1|0|0|0|0|0|1|1|0|0|1|1|0|0|NA|NA|NA|NA|NA|0|0|0|0|NA|0
"060371330001"|0|1|0|0|0|0|0|1|1|0|0|1|1|0|0|NA|NA|NA|NA|NA|0|0|0|0|NA|0
"060371345201"|0|1|0|0|0|0|0|1|1|1|1|0|1|0|0|NA|NA|NA|NA|NA|2|0|4|240000|60000|0
"060371349051"|0|1|0|0|0|0|0|1|1|1|1|0|0|0|1|1196|8086|NA|NA|NA|289|140|482|49363430|102413.755186722|0
"060371393021"|0|1|0|0|0|0|0|1|1|1|0|0|1|0|0|24000|24000|NA|NA|NA|43|7|24|1618996|67458.1666666667|0
"060371394012"|0|1|0|0|0|0|0|1|1|0|0|1|1|0|0|NA|NA|NA|NA|NA|0|0|0|0|NA|0
"060371396002"|0|1|0|0|0|0|0|1|1|0|0|1|1|0|0|NA|NA|NA|NA|NA|0|0|0|0|NA|0
"060371413021"|0|1|0|0|0|0|0|1|1|0|0|1|1|0|0|NA|NA|NA|NA|NA|0|0|0|0|NA|0
"060371810001"|0|1|1|0|0|0|0|1|1|1|0|0|0|1|0|44272|44272|46788|46788|NA|304|82|268|25557214|95362.7388059701|0
"060371816001"|0|1|1|0|0|0|0|1|1|1|0|0|0|1|0|55980|55980|55980|55980|16034|510|180|390|39722738|101853.174358974|0
"060371881001"|0|1|0|0|0|0|0|1|1|0|0|1|1|0|0|NA|NA|NA|NA|NA|0|0|0|0|NA|0
"060371893003"|0|0|1|0|0|0|0|1|1|1|0|0|1|0|0|NA|NA|55965|55965|NA|127|46|24|2458404|102433.5|0
"060371901001"|0|1|0|0|0|0|0|1|1|1|1|0|1|0|0|35440|35440|NA|NA|13615|34|8|16|1649972|103123.25|0
"060371907001"|0|4|0|0|0|0|0|4|4|3|1|1|2|2|0|NA|NA|NA|NA|NA|362|35|436|21155326|NA|0
"060371907002"|0|3|0|0|0|0|0|3|3|2|1|1|2|1|0|NA|NA|NA|NA|NA|79|9|132|5404172|NA|0
"060371918102"|0|1|0|0|0|0|0|1|1|1|0|0|1|0|0|30309|30309|NA|NA|NA|35|7|2|353600|176800|0
"060371919012"|0|1|0|0|0|0|0|1|0|0|0|0|0|0|0|NA|NA|NA|NA|NA|0|0|0|0|NA|0
"060371920012"|0|1|0|0|0|0|0|1|1|1|0|0|1|0|0|15000|15000|NA|NA|8100|10|1|14|1219752|87125.1428571429|0
"060371926101"|0|1|0|0|0|0|0|1|1|1|1|0|0|1|0|NA|NA|NA|NA|NA|59|21|64|4634790|72418.59375|0
"060371927001"|0|0|1|0|0|0|0|1|1|1|0|0|1|0|0|NA|NA|28000|28000|NA|39|13|66|7991630|121085.303030303|0
"060371927002"|0|0|1|0|0|0|0|1|1|1|0|0|1|0|0|NA|NA|28000|28000|NA|39|13|66|7991630|121085.303030303|0
"060371999001"|0|1|0|0|0|0|0|1|1|1|1|0|1|0|0|NA|NA|NA|NA|NA|23|2|46|5408738|117581.260869565|0
"060372017001"|0|1|1|0|0|0|0|1|1|1|0|0|0|0|1|5742|17622|7176|16680|15992|1074|424|1362|128105520|94056.9162995595|0
"060372044201"|0|1|0|0|0|0|0|1|1|0|0|1|1|0|0|NA|NA|NA|NA|NA|0|0|0|0|NA|0
"060372060311"|0|2|1|0|0|0|0|2|2|1|0|1|2|0|0|NA|NA|NA|NA|NA|62|17|80|8709000|NA|0
"060372077101"|0|2|1|0|0|0|0|2|2|1|0|0|0|1|0|NA|NA|NA|NA|NA|321|79|114|11778506|207369.360837438|0
"060372079001"|0|1|1|0|0|0|0|1|1|1|0|0|0|1|0|31362|31362|40870|40870|NA|205|80|46|2204020|47913.4782608696|0
"060372089022"|0|2|0|0|0|0|0|2|1|0|0|2|2|0|0|NA|NA|NA|NA|NA|0|0|0|0|NA|0
"060372092001"|0|1|1|0|0|0|0|1|1|1|0|0|1|0|0|39600|39600|15750|15750|NA|23|0|16|1174866|73429.125|0
"060372095201"|0|1|0|0|0|0|0|1|1|0|0|1|1|0|0|NA|NA|NA|NA|NA|0|0|0|0|NA|0
"060372111202"|0|1|2|0|0|0|0|2|2|2|0|0|2|0|0|13680|13680|12480|12480|NA|19|3|16|792108|101238|0
"060372118021"|0|1|0|0|0|0|0|1|1|1|1|0|1|0|0|NA|NA|NA|NA|NA|45|12|52|4124458|79316.5|0
"060372121012"|0|3|0|0|0|0|0|3|3|2|2|1|3|0|0|NA|NA|NA|NA|NA|8|6|0|0|NA|0
"060372122041"|0|0|1|0|0|0|0|1|1|1|0|0|1|0|0|NA|NA|18430|18430|NA|101|56|112|16636538|148540.517857143|0
"060372123041"|0|3|2|0|0|0|0|3|3|3|1|0|3|0|0|NA|NA|NA|NA|NA|39|13|26|1320000|144000|0
"060372124101"|0|1|0|0|0|0|0|1|1|1|0|0|1|0|0|18500|18500|NA|NA|NA|84|36|154|8709700|56556.4935064935|0
"060372147003"|0|1|0|0|0|0|0|1|1|1|1|0|1|0|0|NA|NA|NA|NA|NA|0|0|0|0|NA|0
"060372213022"|0|1|1|0|0|0|0|1|1|1|0|0|1|0|0|5760|5760|5400|5400|NA|10|0|4|144000|36000|0
"060372227001"|0|1|1|0|1|1|0|1|1|1|0|0|0|0|1|57256|57256|46272|46272|15912|8431|1999|4382|617319106|140876.108169785|0
"060372240201"|0|1|0|0|0|0|0|1|1|1|1|0|0|0|1|1196|8086|NA|NA|NA|234|119|366|38260414|104536.650273224|0
"060372247001"|0|1|1|0|1|1|0|1|1|1|0|0|0|0|1|57256|57256|46272|46272|15912|8431|1999|4382|617319106|140876.108169785|0
"060372343002"|0|1|0|0|0|0|0|1|1|0|0|1|1|0|0|NA|NA|NA|NA|NA|0|0|0|0|NA|0
"060372343003"|0|1|0|0|0|0|0|1|1|0|0|1|1|0|0|NA|NA|NA|NA|NA|0|0|0|0|NA|0
"060372360002"|0|1|0|0|0|0|0|1|1|1|0|0|0|0|1|1196|8086|NA|NA|NA|192|92|254|26112686|102805.850393701|0
"060372384004"|0|1|0|0|0|0|0|1|1|0|0|1|1|0|0|NA|NA|NA|NA|NA|0|0|0|0|NA|0
"060372622001"|0|1|1|0|0|0|0|1|1|1|0|0|1|0|0|30480|30480|30480|30480|NA|103|23|28|1312506|46875.2142857143|0
"060372623011"|0|1|1|0|0|0|0|1|1|1|0|0|0|1|0|41592|41592|11964|11964|12455|298|43|264|22225058|84185.8257575758|0
"060372652011"|0|0|1|0|0|0|0|1|1|1|0|0|1|0|0|NA|NA|25530|25530|NA|5|0|0|0|NA|0
"060372652021"|0|1|0|0|0|0|0|1|1|0|0|1|1|0|0|NA|NA|NA|NA|NA|0|0|0|0|NA|0
"060372652023"|0|1|0|0|0|0|0|1|1|0|0|1|1|0|0|NA|NA|NA|NA|NA|0|0|0|0|NA|0
"060372653011"|0|1|1|0|1|1|0|1|1|1|0|0|0|0|1|11442|41196|11442|26544|16625|11669|1335|4276|761665264|178125.646398503|0
"060372690005"|0|0|1|0|0|0|0|1|1|1|0|0|1|0|0|NA|NA|20683|20683|NA|5|1|2|176774|88387|0
"060372696022"|0|1|0|0|0|0|0|1|1|0|0|1|1|0|0|NA|NA|NA|NA|NA|0|0|0|0|NA|0
"060372765001"|0|1|1|0|0|0|0|1|1|1|0|0|0|1|0|49550|49550|18606|18606|14075|1322|420|1242|139583778|112386.29468599|0
"060372766041"|0|1|1|0|0|0|0|1|1|1|0|0|0|1|0|45200|45200|45200|45200|15744|198|46|106|7479288|70559.320754717|0
"060372780012"|0|1|0|0|0|0|0|1|1|0|0|1|1|0|0|NA|NA|NA|NA|NA|0|0|0|0|NA|0
"060372912102"|0|1|0|0|0|0|0|1|1|0|0|1|1|0|0|NA|NA|NA|NA|NA|0|0|0|0|NA|0
"060372920002"|0|2|0|0|0|0|0|2|2|0|0|2|2|0|0|NA|NA|NA|NA|NA|0|0|0|0|NA|0
"060372920003"|0|2|0|0|0|0|0|2|2|0|0|2|2|0|0|NA|NA|NA|NA|NA|0|0|0|0|NA|0
"060373008001"|0|1|0|0|0|0|0|1|1|1|1|0|0|0|1|1104|6504|NA|NA|NA|325|148|470|40470276|86106.970212766|0
"060373017011"|0|1|0|0|0|0|0|1|1|0|0|1|1|0|0|NA|NA|NA|NA|NA|0|0|0|0|NA|0
"060373018021"|0|2|0|0|0|0|0|2|2|1|1|1|2|0|0|NA|NA|NA|NA|NA|5|2|8|350864|NA|0
"060373020021"|0|1|0|0|0|0|0|1|1|1|0|0|1|0|0|NA|NA|NA|NA|NA|17|7|38|1900000|50000|0
"060373023012"|0|1|1|0|0|0|0|1|1|1|0|0|1|0|0|6000|6000|4800|4800|NA|14|0|0|0|NA|0
"060373107022"|0|1|0|0|0|0|0|1|1|0|0|1|1|0|0|NA|NA|NA|NA|NA|0|0|0|0|NA|0
"060373107023"|0|1|0|0|0|0|0|1|0|0|0|1|1|0|0|NA|NA|NA|NA|NA|0|0|0|0|NA|0
"060373116001"|0|1|1|0|0|0|0|1|1|1|0|0|0|1|0|29434|29434|33058|33058|NA|362|86|292|21689924|74280.5616438356|0
"060373116005"|0|1|1|0|0|0|0|1|1|1|0|0|0|1|0|29434|29434|33058|33058|NA|362|86|292|21689924|74280.5616438356|0
"060373203002"|0|1|0|0|0|0|0|1|1|0|0|1|1|0|0|NA|NA|NA|NA|NA|0|0|0|0|NA|0
"060373203003"|0|1|0|0|0|0|0|1|1|0|0|1|1|0|0|NA|NA|NA|NA|NA|0|0|0|0|NA|0
"060374008001"|0|2|1|0|0|0|0|2|2|2|1|0|0|1|1|40744|47200|NA|NA|NA|1060|379|1250|113893790|175699.750088581|0
"060374012021"|0|1|1|0|0|0|0|1|1|1|0|0|0|1|0|10800|10800|10800|10800|NA|99|5|22|1957920|88996.3636363636|0
"060374013042"|0|1|1|0|0|0|0|1|1|1|0|0|0|1|0|43440|43440|14256|14256|13740|421|135|508|48835846|96133.5551181102|0
"060374013122"|0|1|1|0|0|0|0|1|1|1|0|0|1|0|0|15792|15792|9000|9000|8900|42|7|30|2080398|69346.6|0
"060374015002"|0|1|1|0|0|0|0|1|1|1|0|0|0|1|0|43440|43440|14256|14256|13740|421|135|508|48835846|96133.5551181102|0
"060374018003"|0|0|1|0|0|0|0|1|1|1|0|0|1|0|0|NA|NA|25200|25200|NA|40|16|26|2274964|87498.6153846154|0
"060374019011"|0|2|0|0|0|0|0|2|2|2|0|0|0|2|0|110114|110114|NA|NA|34650|733|185|640|75691660|230666.370450744|0
"060374019012"|0|3|3|0|0|0|0|4|4|4|0|0|1|3|0|NA|NA|NA|NA|NA|893|218|938|118835208|501188.846042074|0
"060374019021"|0|0|1|0|0|0|0|1|1|1|0|0|1|0|0|NA|NA|12000|12000|NA|28|8|0|0|NA|0
"060374019022"|0|0|1|0|0|0|0|1|1|1|0|0|1|0|0|NA|NA|12000|12000|NA|28|8|0|0|NA|0
"060374020011"|0|0|1|0|0|0|0|1|1|1|0|0|1|0|0|NA|NA|38808|38808|NA|105|20|110|15440964|140372.4|0
"060374024021"|0|1|0|0|0|0|0|1|1|0|0|1|1|0|0|NA|NA|NA|NA|NA|0|0|0|0|NA|0
"060374024041"|0|3|1|0|0|0|0|3|2|2|1|0|0|0|2|NA|NA|NA|NA|NA|1813|774|2188|220118270|NA|0
"060374034051"|0|3|1|0|0|0|0|3|2|2|1|0|0|0|2|NA|NA|NA|NA|NA|1813|774|2188|220118270|NA|0
"060374035001"|0|1|0|0|0|0|0|1|1|1|1|0|0|0|1|1288|9548|NA|NA|NA|653|362|908|95711606|105409.257709251|0
"060374046001"|0|1|0|0|0|0|0|1|1|0|0|1|1|0|0|NA|NA|NA|NA|NA|0|0|0|0|NA|0
"060374046002"|0|1|0|0|0|0|0|1|1|0|0|1|1|0|0|NA|NA|NA|NA|NA|0|0|0|0|NA|0
"060374050021"|0|1|0|0|0|0|0|1|1|0|0|1|1|0|0|NA|NA|NA|NA|NA|0|0|0|0|NA|0
"060374051011"|0|1|0|0|0|0|0|1|0|0|0|1|1|0|0|NA|NA|NA|NA|NA|0|0|0|0|NA|0
"060374051021"|0|1|0|0|0|0|0|1|1|0|0|1|1|0|0|NA|NA|NA|NA|NA|0|0|0|0|NA|0
"060374052011"|0|1|0|0|0|0|0|1|1|0|0|1|1|0|0|NA|NA|NA|NA|NA|0|0|0|0|NA|0
"060374053011"|0|1|0|0|0|0|0|1|1|0|0|1|1|0|0|NA|NA|NA|NA|NA|0|0|0|0|NA|0
"060374053022"|0|1|0|0|0|0|0|1|1|1|1|0|1|0|0|NA|NA|NA|NA|NA|11|1|16|914312|57144.5|0
"060374053023"|0|1|0|0|0|0|0|1|1|1|1|0|1|0|0|NA|NA|NA|NA|NA|16|7|12|526000|43833.3333333333|0
"060374053024"|0|1|0|0|0|0|0|1|1|1|1|0|1|0|0|NA|NA|NA|NA|NA|16|7|12|526000|43833.3333333333|0
"060374053025"|0|1|0|0|0|0|0|1|1|1|1|0|1|0|0|NA|NA|NA|NA|NA|11|1|16|914312|57144.5|0
"060374056004"|0|1|0|0|0|0|0|1|1|0|0|1|1|0|0|NA|NA|NA|NA|NA|0|0|0|0|NA|0
"060374059001"|0|1|0|0|0|0|0|1|1|0|0|1|1|0|0|NA|NA|NA|NA|NA|0|0|0|0|NA|0
"060374062001"|0|1|0|0|0|0|0|1|1|1|1|0|1|0|0|NA|NA|NA|NA|NA|10|1|2|126880|63440|0
"060374064111"|0|1|0|0|0|0|0|1|1|1|1|0|1|0|0|NA|NA|NA|NA|NA|10|1|2|126880|63440|0
"060374067022"|0|2|0|0|0|0|0|2|2|0|0|2|2|0|0|NA|NA|NA|NA|NA|0|0|0|0|NA|0
"060374067023"|0|2|0|0|0|0|0|2|2|0|0|2|2|0|0|NA|NA|NA|NA|NA|0|0|0|0|NA|0
"060374067024"|0|2|0|0|0|0|0|2|2|0|0|2|2|0|0|NA|NA|NA|NA|NA|0|0|0|0|NA|0
"060374071022"|0|1|0|0|0|0|0|1|1|1|1|0|1|0|0|NA|NA|NA|NA|NA|34|14|36|2489148|69143|0
"060374085033"|0|1|1|0|0|0|0|1|1|1|0|0|0|1|0|48924|48924|14742|14742|14154|241|78|258|20964488|81257.7054263566|0
"060374088001"|0|1|0|0|0|0|0|1|1|0|0|1|1|0|0|NA|NA|NA|NA|NA|0|0|0|0|NA|0
"060374088002"|0|0|1|0|0|1|0|1|1|1|0|0|0|1|0|NA|NA|23556|23556|NA|696|254|488|64205812|131569.286885246|0
"060374301021"|0|0|1|0|0|0|0|1|0|1|0|0|1|0|0|NA|NA|NA|NA|NA|6|1|0|0|NA|0
"060374302001"|0|1|0|0|0|0|0|1|0|0|0|0|0|0|0|NA|NA|NA|NA|NA|0|0|0|0|NA|0
"060374310021"|0|1|0|0|0|0|0|1|0|0|0|0|0|0|0|NA|NA|NA|NA|NA|0|0|0|0|NA|0
"060374321012"|0|1|0|0|0|0|0|1|1|0|0|1|1|0|0|NA|NA|NA|NA|NA|0|0|0|0|NA|0
"060374322012"|0|1|0|0|0|0|0|1|1|0|0|1|1|0|0|NA|NA|NA|NA|NA|0|0|0|0|NA|0
"060374327002"|0|1|0|0|0|0|0|1|1|0|0|1|1|0|0|NA|NA|NA|NA|NA|0|0|0|0|NA|0
"060374331012"|0|1|0|0|0|0|0|1|1|0|0|1|1|0|0|NA|NA|NA|NA|NA|0|0|0|0|NA|0
"060374332001"|0|1|0|0|0|0|0|1|1|0|0|1|1|0|0|NA|NA|NA|NA|NA|0|0|0|0|NA|0
"060374332004"|0|1|0|0|0|0|0|1|1|0|0|1|1|0|0|NA|NA|NA|NA|NA|0|0|0|0|NA|0
"060374338021"|0|1|0|0|0|0|0|1|1|1|0|0|0|0|1|1288|8512|NA|NA|NA|275|143|412|41155476|99891.9320388349|0
"060374608001"|0|1|1|0|0|0|0|1|1|1|0|0|0|1|0|44272|44272|46788|46788|NA|304|82|268|25557214|95362.7388059701|0
"060374614003"|0|1|0|0|0|0|0|1|1|0|0|1|1|0|0|NA|NA|NA|NA|NA|0|0|0|0|NA|0
"060374619012"|0|1|2|0|0|0|0|2|2|2|0|0|1|1|0|NA|NA|44436|44436|NA|100|14|68|5151702|151774.692857143|0
"060374620023"|0|1|0|0|0|0|0|1|1|0|0|1|1|0|0|NA|NA|NA|NA|NA|0|0|0|0|NA|0
"060374622022"|0|1|1|0|0|0|0|2|2|2|0|0|1|1|0|NA|NA|NA|NA|NA|282|109|122|10299862|171793.235632184|0
"060374634003"|0|1|0|0|0|0|0|1|1|1|1|0|0|0|1|1104|7488|NA|NA|NA|418|164|888|82325714|92709.1373873874|0
"060374635002"|0|1|1|0|0|0|0|1|1|1|0|0|0|1|0|52506|52506|52506|52506|16644|3305|415|696|156109836|224295.74137931|0
"060374635003"|0|2|1|0|0|0|0|2|2|1|0|1|1|1|0|NA|NA|NA|NA|NA|3305|415|696|156109836|NA|0
"060374636011"|0|1|0|0|0|0|0|1|1|0|0|1|1|0|0|NA|NA|NA|NA|NA|0|0|0|0|NA|0
"060374636013"|0|2|1|0|0|0|0|2|2|1|0|1|1|1|0|NA|NA|NA|NA|NA|21|0|0|0|NA|0
"060374636014"|0|1|0|0|0|0|0|1|1|0|0|1|1|0|0|NA|NA|NA|NA|NA|0|0|0|0|NA|0
"060374636022"|0|1|0|0|0|0|0|1|1|1|0|0|1|0|0|24450|24450|NA|NA|15000|33|2|18|1020000|56666.6666666667|0
"060374636024"|0|1|0|0|0|0|0|1|1|1|0|0|1|0|0|24450|24450|NA|NA|15000|33|2|18|1020000|56666.6666666667|0
"060374808021"|0|2|2|0|0|0|0|4|3|3|0|0|3|0|0|NA|NA|NA|NA|NA|71|11|44|2940308|NA|0
"060374809021"|0|2|2|0|0|0|0|4|3|3|0|0|3|0|0|NA|NA|NA|NA|NA|71|11|44|2940308|NA|0
"060374810011"|0|1|0|0|0|0|0|1|1|0|0|1|1|0|0|NA|NA|NA|NA|NA|0|0|0|0|NA|0
"060374810012"|0|1|0|0|0|0|0|1|1|0|0|1|1|0|0|NA|NA|NA|NA|NA|0|0|0|0|NA|0
"060374824022"|0|1|1|0|0|0|0|1|1|1|0|0|1|0|0|11928|11928|10998|10998|7996|35|2|32|2272278|71008.6875|0
"060375002022"|0|1|0|0|0|0|0|1|1|1|0|0|1|0|0|NA|NA|NA|NA|NA|10|1|0|0|NA|0
"060375003001"|0|1|0|0|0|0|0|1|1|1|0|0|0|0|1|1288|8512|NA|NA|NA|275|143|412|41155476|99891.9320388349|0
"060375004032"|0|1|0|0|0|0|0|1|1|1|0|0|0|0|1|1288|8512|NA|NA|NA|275|143|412|41155476|99891.9320388349|0
"060375016001"|0|1|1|0|0|0|0|1|1|1|0|0|0|1|0|48924|48924|14742|14742|14154|241|78|258|20964488|81257.7054263566|0
"060375027002"|0|1|0|0|0|0|0|1|1|0|0|1|1|0|0|NA|NA|NA|NA|NA|0|0|0|0|NA|0
"060375027003"|0|1|0|0|0|0|0|1|1|0|0|1|1|0|0|NA|NA|NA|NA|NA|0|0|0|0|NA|0
"060375027005"|0|1|0|0|0|0|0|1|1|0|0|1|1|0|0|NA|NA|NA|NA|NA|0|0|0|0|NA|0
"060375028022"|0|1|0|0|0|0|0|1|1|1|0|0|1|0|0|NA|NA|NA|NA|NA|7|3|2|124600|62300|0
"060375029021"|0|1|0|0|0|0|0|1|1|1|0|0|1|0|0|NA|NA|NA|NA|NA|7|3|2|124600|62300|0
"060375029022"|0|1|0|0|0|0|0|1|1|1|0|0|1|0|0|NA|NA|NA|NA|NA|7|3|2|124600|62300|0
"060375029023"|0|1|0|0|0|0|0|1|1|1|0|0|1|0|0|NA|NA|NA|NA|NA|7|3|2|124600|62300|0
"060375037021"|0|1|1|0|0|0|0|1|1|1|0|0|0|1|0|11947|11947|37006|37006|NA|82|15|92|7833674|85148.6304347826|0
"060375037022"|0|1|1|0|0|0|0|1|1|1|0|0|0|1|0|11947|11947|37006|37006|NA|82|15|92|7833674|85148.6304347826|0
"060375040012"|0|1|1|0|0|0|0|1|1|1|0|0|0|1|0|41976|41976|11394|11394|11514|664|323|552|50843444|92107.6884057971|0
"060375040013"|0|1|1|0|0|0|0|1|1|1|0|0|0|1|0|41976|41976|11394|11394|11514|664|323|552|50843444|92107.6884057971|0
"060375041021"|0|2|1|0|0|0|0|2|2|1|0|1|2|0|0|NA|NA|NA|NA|NA|5|2|2|27450|NA|0
"060375304002"|0|1|0|0|0|0|0|1|1|1|1|0|0|0|1|1196|8086|NA|NA|NA|414|222|656|68488024|104402.475609756|0
"060375326051"|0|1|0|0|0|0|0|1|1|0|0|1|1|0|0|NA|NA|NA|NA|NA|0|0|0|0|NA|0
"060375326052"|0|1|0|0|0|0|0|1|1|0|0|1|1|0|0|NA|NA|NA|NA|NA|0|0|0|0|NA|0
"060375326053"|0|1|0|0|0|0|0|1|0|0|0|0|1|0|0|NA|NA|NA|NA|NA|0|0|0|0|NA|0
"060375331041"|0|1|0|0|0|0|0|1|1|0|0|1|1|0|0|NA|NA|NA|NA|NA|0|0|0|0|NA|0
"060375355011"|0|1|0|0|0|0|0|1|1|0|0|1|0|0|0|NA|NA|NA|NA|NA|0|0|0|0|NA|0
"060375362004"|0|1|0|0|0|0|0|1|1|1|1|0|1|0|0|NA|NA|NA|NA|NA|33|4|26|2470640|95024.6153846154|0
"060375407002"|0|1|1|0|0|0|0|1|1|1|0|0|1|0|0|12824|12824|22176|22176|NA|144|39|66|6697360|101475.151515152|0
"060375424021"|0|1|0|0|0|0|0|1|1|1|1|0|0|1|0|1104|5904|NA|NA|NA|173|57|198|17632378|89052.4141414141|0
"060375433051"|0|1|0|0|0|0|0|1|1|1|1|0|0|1|0|1104|5904|NA|NA|NA|173|57|198|17632378|89052.4141414141|0
"060375433063"|0|1|0|0|0|0|0|1|1|0|0|1|1|0|0|NA|NA|NA|NA|NA|0|0|0|0|NA|0
"060375433211"|0|1|1|0|0|0|0|1|1|1|0|0|0|0|1|5742|17622|7176|16680|13043|729|290|806|73267944|90903.1563275434|0
"060375434003"|0|1|0|0|0|0|0|1|1|0|0|1|1|0|0|NA|NA|NA|NA|NA|0|0|0|0|NA|0
"060375511021"|0|1|0|0|0|0|0|1|0|0|0|1|1|0|0|NA|NA|NA|NA|NA|0|0|0|0|NA|0
"060375535043"|0|1|0|0|0|0|0|1|1|1|1|0|1|0|0|NA|NA|NA|NA|NA|33|4|26|2470640|95024.6153846154|0
"060375539012"|0|1|0|0|0|0|0|1|1|1|1|0|1|0|0|NA|NA|NA|NA|NA|12|4|12|452000|37666.6666666667|0
"060375545141"|0|1|0|0|0|0|0|1|1|0|0|1|1|0|0|NA|NA|NA|NA|NA|0|0|0|0|NA|0
"060375545211"|0|2|0|0|0|0|0|2|2|2|0|0|2|0|0|NA|NA|NA|NA|NA|25|3|10|670650|134275|0
"060375545213"|0|1|0|0|0|0|0|1|1|1|1|0|0|0|1|1288|8708|NA|NA|NA|347|169|624|58565626|93855.1698717949|0
"060375548012"|0|2|0|0|0|0|0|2|2|1|1|1|1|0|1|NA|NA|NA|NA|NA|347|169|624|58565626|NA|0
"060375700034"|0|1|0|0|0|0|0|1|1|1|1|0|1|0|0|NA|NA|NA|NA|NA|19|2|6|310000|51666.6666666667|0
"060375700035"|0|1|0|0|0|0|0|1|1|1|1|0|1|0|0|NA|NA|NA|NA|NA|19|2|6|310000|51666.6666666667|0
"060375701001"|0|1|0|0|0|0|0|1|1|1|1|0|1|0|0|NA|NA|NA|NA|NA|19|2|6|310000|51666.6666666667|0
"060375712003"|0|1|0|0|0|0|0|1|1|1|1|0|0|0|1|1472|9952|NA|NA|NA|514|255|652|55771606|85539.273006135|0
"060375734022"|0|1|1|0|0|0|0|1|1|1|0|0|1|0|0|21420|21420|25139|25139|NA|42|6|50|3831466|76629.32|0
"060375736014"|0|1|0|0|0|0|0|1|1|1|1|0|0|1|0|NA|NA|NA|NA|NA|36|3|74|3476260|46976.4864864865|0
"060375742022"|0|1|0|0|0|0|0|1|1|0|0|1|1|0|0|NA|NA|NA|NA|NA|0|0|0|0|NA|0
"060375746011"|0|1|1|0|0|0|0|1|1|1|0|0|0|0|1|5742|17622|7176|16680|13158|1672|685|2154|204735552|95049.0027855153|0
"060375747001"|0|1|1|0|0|0|0|1|1|1|0|0|0|0|1|5742|17622|7176|16680|13158|1672|685|2154|204735552|95049.0027855153|0
"060375758032"|0|1|0|0|0|0|0|1|1|0|0|1|1|0|0|NA|NA|NA|NA|NA|0|0|0|0|NA|0
"060375760012"|0|1|1|0|0|0|0|1|1|0|0|0|0|0|0|NA|NA|NA|NA|NA|670|78|0|0|NA|0
"060376014013"|0|1|0|0|0|0|0|1|1|1|1|0|1|0|0|NA|NA|NA|NA|NA|30|1|44|1745748|39676.0909090909|0
"060376014023"|0|1|1|0|0|0|0|1|1|1|0|0|1|0|0|NA|NA|NA|NA|NA|16|3|12|803328|66944|0
"060376016003"|0|1|0|0|0|0|0|1|1|0|0|1|1|0|0|NA|NA|NA|NA|NA|0|0|0|0|NA|0
"060376028011"|0|1|0|0|0|0|0|1|1|1|1|0|0|1|0|1196|8086|NA|NA|NA|139|63|188|18932874|100706.776595745|0
"060376028012"|0|1|0|0|0|0|0|1|1|1|1|0|0|1|0|1196|8086|NA|NA|NA|139|63|188|18932874|100706.776595745|0
"060376037022"|0|1|0|0|0|0|0|1|1|1|1|0|0|0|1|1104|6840|NA|NA|NA|481|243|696|66088322|94954.4856321839|0
"060376205223"|0|1|0|0|0|0|0|1|1|0|0|1|1|0|0|NA|NA|NA|NA|NA|0|0|0|0|NA|0
"060376511012"|0|1|0|0|0|0|0|1|1|1|0|0|1|0|0|NA|NA|NA|NA|NA|11|11|0|0|NA|0
"060376707024"|0|1|1|0|0|0|0|1|1|1|0|0|1|0|0|34134|34134|13500|13500|14666|77|32|62|4362480|70362.5806451613|0
"060377009011"|0|1|0|0|0|0|0|1|1|1|0|0|1|0|0|23220|23220|NA|NA|NA|4|1|4|1e+05|25000|0
"060377015011"|0|0|1|0|0|0|0|1|1|1|0|0|1|0|0|NA|NA|16893|16893|NA|12|1|0|0|NA|0
"060377019021"|0|1|0|0|0|0|0|1|1|0|0|1|1|0|0|NA|NA|NA|NA|NA|0|0|0|0|NA|0
"060377019023"|0|0|1|0|0|0|0|1|1|1|0|0|1|0|0|NA|NA|14236|14236|NA|12|4|0|0|NA|0
"060377022011"|0|1|0|0|0|0|0|1|1|1|0|0|0|0|1|1104|8880|NA|NA|NA|536|221|704|75684748|107506.744318182|0
"060377025022"|0|1|0|0|0|0|0|1|1|1|0|0|0|0|1|1196|8086|NA|NA|NA|192|92|254|26112686|102805.850393701|0
"060377028033"|0|0|1|0|0|0|0|1|1|1|0|0|1|0|0|NA|NA|15250|15250|NA|9|2|2|104180|52090|0
"060377030012"|0|1|1|0|0|0|0|1|1|1|0|0|1|0|0|20370|20370|16416|16416|NA|32|24|58|4434562|76457.9655172414|0
"060377030013"|0|1|0|0|0|0|0|1|1|1|0|0|0|0|1|1196|8086|NA|NA|NA|192|92|254|26112686|102805.850393701|0
"060377030024"|0|1|0|0|0|0|0|1|1|1|0|0|0|0|1|1196|8086|NA|NA|NA|192|92|254|26112686|102805.850393701|0
"060378004101"|0|1|1|0|0|0|0|1|1|1|0|0|0|1|0|55640|55640|34900|34900|15670|1198|270|800|90744546|113430.6825|0
"060379007011"|0|1|1|0|0|0|0|1|1|1|0|0|1|0|0|NA|NA|NA|NA|NA|75|35|32|1584696|49521.75|0
"060379007033"|0|1|0|0|0|0|0|1|1|1|1|0|1|0|0|NA|NA|NA|NA|NA|43|13|76|3897654|51284.9210526316|0
"060379008062"|0|1|0|0|0|0|0|1|1|0|0|1|1|0|0|NA|NA|NA|NA|NA|0|0|0|0|NA|0
"060379010042"|0|1|0|0|0|0|0|1|1|1|0|0|0|0|1|1104|6360|NA|NA|NA|299|126|336|29716872|88443.0714285714|0
"060379203142"|0|1|1|0|0|0|0|1|1|1|0|0|0|1|0|24950|24950|10440|10440|11200|165|36|124|10258884|82732.935483871|0
"060379203291"|0|1|0|0|0|0|0|1|1|0|0|1|1|0|0|NA|NA|NA|NA|NA|0|0|0|0|NA|0
"060379203302"|0|1|0|0|0|0|0|1|1|1|1|0|0|0|1|1104|7752|NA|NA|NA|398|62|386|34938148|90513.3367875648|0
"060379203321"|0|1|1|0|0|0|0|1|1|1|0|0|0|1|0|24950|24950|10440|10440|11200|165|36|124|10258884|82732.935483871|0
"060379203343"|0|1|1|0|0|0|0|1|1|1|0|0|0|1|0|50850|50850|50850|50850|12524|238|83|318|27745104|87248.7547169811|0
"060379800151"|0|1|0|0|0|0|0|1|1|1|1|0|0|1|0|1196|8086|NA|NA|NA|140|63|198|20824706|105175.282828283|0
"060411060023"|0|1|1|0|0|0|0|1|1|1|0|0|0|1|0|46260|46260|17370|17370|15315|199|56|212|18292054|86283.2735849057|0
"060411101001"|0|1|1|0|0|0|0|1|1|1|0|0|0|1|0|46260|46260|17370|17370|15315|199|56|212|18292054|86283.2735849057|0
"060411170003"|0|0|1|0|0|0|0|1|1|1|0|0|1|0|0|NA|NA|17500|17500|NA|0|0|0|0|NA|0
"060411191003"|0|1|0|0|0|0|0|1|1|1|1|0|0|1|0|1380|9600|NA|NA|NA|203|71|238|24294130|102076.176470588|0
"060450109003"|0|1|0|0|0|0|0|1|1|1|1|0|0|1|0|1380|7950|NA|NA|NA|106|51|112|10307978|92035.5178571429|0
"060450113001"|0|1|0|0|0|0|0|1|1|1|1|0|0|1|0|1380|7950|NA|NA|NA|106|51|112|10307978|92035.5178571429|0
"060450115003"|0|1|0|0|0|0|0|1|1|0|0|1|1|0|0|NA|NA|NA|NA|NA|0|0|0|0|NA|0
"060470010021"|0|1|0|0|0|0|0|1|1|1|1|0|0|0|1|1104|6264|NA|NA|NA|292|103|398|35470212|89121.135678392|0
"060470010041"|0|1|0|0|0|0|0|1|1|0|0|1|1|0|0|NA|NA|NA|NA|NA|0|0|0|0|NA|0
"060470013013"|0|1|0|0|0|0|0|1|1|0|0|1|1|0|0|NA|NA|NA|NA|NA|0|0|0|0|NA|0
"060470019011"|0|1|1|0|0|0|0|1|1|1|0|0|0|1|0|11442|41196|11442|26544|17046|1246|183|814|85241152|104718.85995086|0
"060530002001"|0|1|0|0|0|0|0|1|1|0|0|1|1|0|0|NA|NA|NA|NA|NA|0|0|0|0|NA|0
"060530003002"|0|1|0|0|0|0|0|1|1|0|0|1|1|0|0|NA|NA|NA|NA|NA|0|0|0|0|NA|0
"060530014001"|0|1|0|0|0|0|0|1|1|1|1|0|0|0|1|1400|8940|NA|NA|NA|199|67|260|24637938|94761.3|0
"060530014002"|0|2|0|0|0|0|0|2|2|2|2|0|2|0|0|NA|NA|NA|NA|NA|62|12|60|3924080|130483.384615385|0
"060530111013"|0|1|0|0|0|0|0|1|1|0|0|1|1|0|0|NA|NA|NA|NA|NA|0|0|0|0|NA|0
"060530111022"|0|1|0|0|0|0|0|1|1|0|0|1|1|0|0|NA|NA|NA|NA|NA|0|0|0|0|NA|0
"060530111023"|0|1|0|0|0|0|0|1|1|0|0|1|1|0|0|NA|NA|NA|NA|NA|0|0|0|0|NA|0
"060530126001"|0|1|1|0|0|0|0|1|1|1|0|0|1|0|0|41594|41594|41594|41594|NA|109|65|148|13495542|91186.0945945946|0
"060530127002"|0|1|1|0|0|0|0|1|1|1|0|0|1|0|0|41594|41594|41594|41594|NA|109|65|148|13495542|91186.0945945946|0
"060530130001"|0|1|0|0|0|0|0|1|1|1|1|0|0|1|0|1104|7464|NA|NA|NA|161|75|262|19814022|75626.0381679389|0
"060530130002"|0|0|1|0|0|0|0|0|0|1|0|0|0|1|0|NA|NA|NA|NA|NA|688|123|568|95013840|167277.887323944|0
"060530132002"|0|0|1|0|0|0|0|0|0|1|0|0|0|1|0|NA|NA|NA|NA|NA|688|123|568|95013840|167277.887323944|0
"060530133001"|0|0|1|0|0|0|0|0|0|1|0|0|0|1|0|NA|NA|NA|NA|NA|688|123|568|95013840|167277.887323944|0
"060530133002"|0|0|1|0|0|0|0|0|0|1|0|0|0|1|0|NA|NA|NA|NA|NA|688|123|568|95013840|167277.887323944|0
"060530141041"|0|1|1|0|0|0|0|1|1|1|0|0|0|1|0|5742|17622|7176|16680|13711|550|206|454|40544304|89304.6343612335|0
"060530141043"|0|1|1|0|0|0|0|1|1|1|0|0|0|1|0|5742|17622|7176|16680|13711|550|206|454|40544304|89304.6343612335|0
"060552009001"|0|1|0|0|0|0|0|1|1|1|1|0|0|1|0|1104|7464|NA|NA|NA|194|88|240|21983118|91596.325|0
"060552017001"|0|1|1|0|0|0|0|1|1|1|0|0|1|0|0|29898|29898|29898|29898|8310|123|14|154|9780918|63512.4545454545|0
"060552017002"|0|1|1|0|0|0|0|1|1|1|0|0|1|0|0|29898|29898|29898|29898|8310|123|14|154|9780918|63512.4545454545|0
"060590016025"|0|0|1|0|0|0|0|1|1|1|0|0|1|0|0|NA|NA|40863|40863|NA|136|29|116|13982596|120539.620689655|0
"060590019021"|0|1|1|0|0|0|0|1|1|1|0|0|1|0|0|2880|2880|2400|2400|NA|6|1|4|290000|72500|0
"060590114012"|0|1|0|0|0|0|0|1|1|1|1|0|0|0|1|1104|6360|NA|NA|NA|278|131|642|76795274|119618.806853583|0
"060590115023"|0|1|1|0|0|0|0|1|1|1|0|0|0|0|1|5742|17622|7176|16680|15852|1580|590|2014|192101664|95383.1499503476|0
"060590115042"|0|1|1|0|0|0|0|1|1|1|0|0|0|0|1|5742|17622|7176|16680|15852|1580|590|2014|192101664|95383.1499503476|0
"060590115045"|0|2|2|0|0|0|0|2|2|2|0|0|0|1|1|37992|49872|20940|30444|26532|1680|622|2082|196561614|160970.649950348|0
"060590219123"|0|1|0|0|0|0|0|1|1|1|1|0|0|0|1|1104|8304|NA|NA|NA|180|98|244|27555856|112933.836065574|0
"060590219172"|0|1|0|0|0|0|0|1|1|1|1|0|0|0|1|1104|8304|NA|NA|NA|180|98|244|27555856|112933.836065574|0
"060590320223"|0|2|0|0|0|0|0|2|2|1|1|0|0|0|1|NA|NA|NA|NA|NA|430|208|490|54175380|NA|0
"060590423191"|0|1|1|0|0|0|0|1|1|1|0|0|1|0|0|32250|32250|32250|32250|13032|163|65|108|12118004|112203.740740741|0
"060590525171"|0|1|0|0|0|0|0|1|1|1|1|0|0|0|1|1104|6912|NA|NA|NA|212|106|308|33264532|108001.727272727|0
"060590525181"|0|1|1|0|0|0|0|1|1|1|0|0|0|0|1|12000|12000|11880|11880|NA|457|164|182|16896828|92839.7142857143|0
"060590626041"|0|1|1|0|0|0|0|1|1|1|0|0|1|0|0|31600|31600|36600|36600|17086|53|21|52|4297854|82651.0384615385|0
"060590626042"|0|1|1|0|0|0|0|1|1|1|0|0|1|0|0|31600|31600|36600|36600|17086|53|21|52|4297854|82651.0384615385|0
"060590626102"|0|8|6|0|1|1|0|8|7|7|1|0|4|2|1|NA|NA|NA|NA|NA|5580|553|3034|423987032|NA|0
"060590626113"|0|3|3|0|1|1|0|3|3|3|0|0|1|1|1|NA|NA|NA|NA|NA|5388|506|2964|419635590|255748.918726256|0
"060590626143"|0|1|1|0|1|1|0|1|1|1|0|0|0|0|1|11442|41196|11442|26544|16135|5226|482|2818|412709588|146454.786373314|0
"060590626262"|0|0|1|0|0|0|0|1|1|1|0|0|1|0|0|NA|NA|21564|21564|NA|24|2|34|2846994|83735.1176470588|0
"060590626281"|0|1|1|0|0|0|0|1|1|1|0|0|0|1|0|35990|35990|7953|7953|11870|241|82|218|17409768|79861.3211009174|0
"060590626282"|0|1|1|0|0|0|0|1|1|1|0|0|0|1|0|35990|35990|7953|7953|11870|241|82|218|17409768|79861.3211009174|0
"060590626331"|0|1|1|0|0|0|0|1|1|1|0|0|1|0|0|32250|32250|32250|32250|13032|163|65|108|12118004|112203.740740741|0
"060590626332"|0|1|1|0|0|0|0|1|1|1|0|0|1|0|0|32250|32250|32250|32250|13032|163|65|108|12118004|112203.740740741|0
"060590626492"|0|1|1|0|0|0|0|1|1|1|0|0|1|0|0|31600|31600|36600|36600|17086|53|21|52|4297854|82651.0384615385|0
"060590630073"|0|3|3|0|0|0|0|3|3|3|0|0|2|1|0|NA|NA|NA|NA|NA|167|25|150|7227204|184594.632352941|0
"060590639022"|0|1|0|0|0|0|0|1|1|0|0|0|0|0|0|NA|NA|NA|NA|NA|130|22|0|0|NA|0
"060590639023"|0|1|0|0|0|0|0|1|1|1|1|0|0|0|1|1104|7752|NA|NA|NA|368|143|566|60917350|107627.826855124|0
"060590639063"|0|1|1|0|0|0|0|1|1|1|0|0|0|1|0|34500|34500|15693|15693|9430|162|53|170|12112216|71248.3294117647|0
"060590639072"|0|1|0|0|0|0|0|1|1|0|0|1|1|0|0|NA|NA|NA|NA|NA|0|0|0|0|NA|0
"060590740031"|0|1|0|0|0|0|0|1|1|0|0|1|1|0|0|NA|NA|NA|NA|NA|0|0|0|0|NA|0
"060590741062"|0|1|0|0|0|0|0|1|1|0|0|1|1|0|0|NA|NA|NA|NA|NA|0|0|0|0|NA|0
"060590741063"|0|1|0|0|0|0|0|1|1|0|0|1|1|0|0|NA|NA|NA|NA|NA|0|0|0|0|NA|0
"060590741071"|0|1|0|0|0|0|0|1|1|0|0|1|1|0|0|NA|NA|NA|NA|NA|0|0|0|0|NA|0
"060590744031"|0|1|0|0|0|0|0|1|1|1|0|0|1|0|0|NA|NA|NA|NA|NA|48|21|30|2579814|85993.8|0
"060590750024"|0|1|0|0|0|0|0|1|1|0|0|1|1|0|0|NA|NA|NA|NA|NA|0|0|0|0|NA|0
"060590752021"|0|2|0|0|0|0|0|2|2|1|0|1|1|0|1|NA|NA|NA|NA|NA|310|160|496|55523946|NA|0
"060590753031"|0|1|0|0|0|0|0|1|1|0|0|0|0|0|0|NA|NA|NA|NA|NA|141|57|0|0|NA|0
"060590754043"|0|0|1|0|0|0|0|1|1|1|0|0|1|0|0|NA|NA|13500|13500|NA|15|1|14|1023070|73076.4285714286|0
"060590755151"|0|4|2|0|0|0|0|4|3|3|1|0|2|1|0|NA|NA|NA|NA|NA|187|46|66|4050240|NA|0
"060590755152"|0|1|0|0|0|0|0|1|1|1|0|0|1|0|0|NA|NA|NA|NA|NA|48|21|30|2579814|85993.8|0
"060590755154"|0|1|0|0|0|0|0|1|1|1|0|0|1|0|0|NA|NA|NA|NA|NA|48|21|30|2579814|85993.8|0
"060590757013"|0|1|0|0|0|0|0|1|1|0|0|1|1|0|0|NA|NA|NA|NA|NA|0|0|0|0|NA|0
"060590759011"|0|1|1|0|0|0|0|1|1|1|0|0|0|1|0|54540|54540|34957|34957|15518|998|350|1072|126546964|118047.541044776|0
"060590761011"|0|1|0|0|0|0|0|1|1|1|0|0|1|0|0|14279|14279|NA|NA|NA|33|1|24|1497526|62396.9166666667|0
"060590761013"|0|1|0|0|0|0|0|1|1|1|1|0|1|0|0|11954|11954|NA|NA|NA|9|3|4|204920|51230|0
"060590863032"|0|1|0|0|0|0|0|1|1|1|0|0|1|0|0|14279|14279|NA|NA|NA|33|1|24|1497526|62396.9166666667|0
"060590865013"|0|1|0|0|0|0|0|1|1|0|0|1|1|0|0|NA|NA|NA|NA|NA|0|0|0|0|NA|0
"060590866022"|0|1|1|0|0|0|0|1|1|1|0|0|1|0|0|7875|7875|7631|7631|NA|10|1|16|400024|25001.5|0
"060590867013"|0|2|2|0|1|0|0|3|3|2|0|0|2|0|0|NA|NA|NA|NA|NA|122|31|48|1855330|NA|0
"060590867014"|0|2|2|0|1|0|0|3|3|2|0|0|2|0|0|NA|NA|NA|NA|NA|122|31|48|1855330|NA|0
"060590867022"|0|1|0|0|0|0|0|1|1|0|0|1|1|0|0|NA|NA|NA|NA|NA|0|0|0|0|NA|0
"060590868021"|0|1|0|0|0|0|0|1|1|1|1|0|0|1|0|NA|NA|NA|NA|NA|55|16|52|3988986|76711.2692307692|0
"060590868023"|0|1|0|0|0|0|0|1|1|1|1|0|0|1|0|NA|NA|NA|NA|NA|55|16|52|3988986|76711.2692307692|0
"060590871013"|0|1|0|0|0|0|0|1|1|0|0|1|1|0|0|NA|NA|NA|NA|NA|0|0|0|0|NA|0
"060590871022"|0|1|0|0|0|0|0|1|1|1|0|0|1|0|0|15790|15790|NA|NA|NA|22|5|24|1749920|72913.3333333333|0
"060590874051"|0|2|0|0|0|0|0|2|2|0|0|2|2|0|0|NA|NA|NA|NA|NA|0|0|0|0|NA|0
"060590882032"|0|1|0|0|0|0|0|1|1|0|0|1|1|0|0|NA|NA|NA|NA|NA|0|0|0|0|NA|0
"060590884031"|0|1|0|0|0|0|0|1|1|0|0|1|1|0|0|NA|NA|NA|NA|NA|0|0|0|0|NA|0
"060590886021"|0|2|1|0|0|0|0|2|2|2|1|0|2|0|0|NA|NA|NA|NA|NA|34|14|60|4138334|95152.6|0
"060590889021"|0|1|0|0|0|0|0|1|1|0|0|1|1|0|0|NA|NA|NA|NA|NA|0|0|0|0|NA|0
"060590992023"|0|1|0|0|0|0|0|1|1|0|0|1|1|0|0|NA|NA|NA|NA|NA|0|0|0|0|NA|0
"060590992271"|0|1|0|0|0|0|0|1|1|0|0|1|1|0|0|NA|NA|NA|NA|NA|0|0|0|0|NA|0
"060590992272"|0|1|0|0|0|0|0|1|1|0|0|1|1|0|0|NA|NA|NA|NA|NA|0|0|0|0|NA|0
"060590992293"|0|1|0|0|0|0|0|1|1|1|1|0|0|0|1|1104|6624|NA|NA|NA|186|106|112|12005224|107189.5|0
"060590992411"|0|1|0|0|0|0|0|1|1|0|0|1|1|0|0|NA|NA|NA|NA|NA|0|0|0|0|NA|0
"060590992412"|0|1|0|0|0|0|0|1|1|0|0|1|1|0|0|NA|NA|NA|NA|NA|0|0|0|0|NA|0
"060590992421"|0|1|0|0|0|0|0|1|1|0|0|1|1|0|0|NA|NA|NA|NA|NA|0|0|0|0|NA|0
"060590992422"|0|1|0|0|0|0|0|1|1|0|0|1|1|0|0|NA|NA|NA|NA|NA|0|0|0|0|NA|0
"060590996052"|0|1|0|0|0|0|0|1|1|1|1|0|0|0|1|1104|7728|NA|NA|NA|208|84|276|30091722|109027.97826087|0
"060590997031"|0|1|0|0|0|0|0|1|1|0|0|1|1|0|0|NA|NA|NA|NA|NA|0|0|0|0|NA|0
"060590997032"|0|1|0|0|0|0|0|1|1|0|0|1|1|0|0|NA|NA|NA|NA|NA|0|0|0|0|NA|0
"060590997033"|0|1|0|0|0|0|0|1|1|0|0|1|1|0|0|NA|NA|NA|NA|NA|0|0|0|0|NA|0
"060590998021"|0|1|0|0|0|0|0|1|1|0|0|1|1|0|0|NA|NA|NA|NA|NA|0|0|0|0|NA|0
"060591100012"|0|1|0|0|0|0|0|1|1|0|0|1|1|0|0|NA|NA|NA|NA|NA|0|0|0|0|NA|0
"060591100051"|0|1|0|0|0|0|0|1|1|0|0|1|1|0|0|NA|NA|NA|NA|NA|0|0|0|0|NA|0
"060591101063"|0|2|2|0|0|0|0|2|2|2|0|0|0|2|0|23640|23640|15120|15120|NA|238|7|102|7388568|142952.477272727|0
"060591101101"|0|1|0|0|0|0|0|1|1|1|0|0|0|0|1|1104|6840|NA|NA|NA|231|65|436|51651938|118467.747706422|0
"060591101131"|0|2|2|0|0|0|0|2|2|2|0|0|0|2|0|23640|23640|15120|15120|NA|238|7|102|7388568|142952.477272727|0
"060599800001"|0|1|1|0|0|0|0|1|1|1|0|0|0|1|0|25615|25615|9521|9521|NA|97|45|94|9480020|100851.276595745|0
"060610207141"|0|1|0|0|0|0|0|1|1|0|0|1|1|0|0|NA|NA|NA|NA|NA|0|0|0|0|NA|0
"060610208051"|0|1|0|0|0|0|0|1|1|0|0|1|1|0|0|19476|19476|NA|NA|NA|0|0|0|0|NA|0
"060610211092"|0|1|0|0|0|0|0|1|1|1|1|0|0|0|1|1104|6168|NA|NA|7400|309|157|498|37124242|74546.6706827309|0
"060610213093"|0|1|1|0|0|0|0|1|1|1|0|0|0|1|0|34200|34200|11976|11976|11700|163|76|98|6939520|70811.4285714286|0
"060610213094"|0|1|1|0|0|0|0|1|1|1|0|0|0|1|0|34200|34200|11976|11976|11700|163|76|98|6939520|70811.4285714286|0
"060630001006"|0|1|0|0|0|0|0|1|1|1|0|0|0|1|0|1380|9360|NA|NA|10129|72|18|42|3850826|91686.3333333333|0
"060650305012"|0|1|0|0|0|0|0|1|1|0|0|1|1|0|0|NA|NA|NA|NA|NA|0|0|0|0|NA|0
"060650305022"|0|1|0|0|0|0|0|1|1|0|0|1|1|0|0|NA|NA|NA|NA|NA|0|0|0|0|NA|0
"060650307001"|0|1|0|0|0|0|0|1|1|1|1|0|0|0|1|1380|9330|NA|NA|NA|302|157|530|60548006|114241.520754717|0
"060650312005"|0|1|0|0|0|0|0|1|1|0|0|1|1|0|0|NA|NA|NA|NA|NA|0|0|0|0|NA|0
"060650315012"|0|1|1|0|0|0|0|1|1|1|0|0|0|0|1|32942|32942|12830|12830|9660|584|253|706|67701854|95894.9773371105|0
"060650402011"|0|1|0|0|0|0|0|1|1|0|0|1|1|0|0|NA|NA|NA|NA|NA|0|0|0|0|NA|0
"060650408161"|0|1|1|0|0|0|0|1|1|1|0|0|0|1|0|32580|32580|13140|13140|8625|165|40|184|13452044|73108.9347826087|0
"060650409011"|0|1|1|0|0|0|0|1|1|1|0|0|0|1|0|32580|32580|13140|13140|8625|165|40|184|13452044|73108.9347826087|0
"060650409012"|0|1|0|0|0|0|0|1|1|0|0|1|1|0|0|NA|NA|NA|NA|NA|0|0|0|0|NA|0
"060650409022"|0|1|1|0|0|0|0|1|1|1|0|0|0|1|0|32580|32580|13140|13140|8625|165|40|184|13452044|73108.9347826087|0
"060650409023"|0|1|1|0|0|0|0|1|1|1|0|0|0|1|0|32580|32580|13140|13140|8625|165|40|184|13452044|73108.9347826087|0
"060650414061"|0|1|0|0|0|0|0|1|1|0|0|1|1|0|0|NA|NA|NA|NA|NA|0|0|0|0|NA|0
"060650418092"|0|1|0|0|0|0|0|1|1|1|1|0|1|0|0|10540|10540|NA|NA|15810|6|0|20|861446|43072.3|0
"060650419092"|0|1|0|0|0|0|0|1|1|0|0|1|1|0|0|NA|NA|NA|NA|NA|0|0|0|0|NA|0
"060650422062"|0|1|1|0|0|1|0|1|1|1|0|0|0|0|1|11442|41196|11442|26544|16082|3209|546|1950|251853558|129155.670769231|0
"060650422092"|0|2|0|0|0|0|0|2|2|1|1|1|2|0|0|NA|NA|NA|NA|NA|10|1|4|268320|NA|0
"060650422172"|0|1|0|0|0|0|0|1|1|0|0|1|1|0|0|NA|NA|NA|NA|NA|0|0|0|0|NA|0
"060650432161"|0|1|0|0|0|0|0|1|1|0|0|1|1|0|0|NA|NA|NA|NA|NA|0|0|0|0|NA|0
"060650432222"|0|0|0|0|0|0|0|1|0|0|0|0|0|0|0|NA|NA|NA|NA|NA|0|0|0|0|NA|0
"060650435042"|0|1|0|0|0|0|0|1|1|0|0|1|1|0|0|NA|NA|NA|NA|NA|0|0|0|0|NA|0
"060650435092"|0|1|0|0|0|0|0|1|1|1|1|0|0|0|1|1380|10230|NA|NA|NA|349|137|392|41140696|104950.755102041|0
"060650438072"|0|1|0|0|0|0|0|1|1|0|0|1|1|0|0|NA|NA|NA|NA|NA|0|0|0|0|NA|0
"060650447021"|0|1|0|0|0|0|0|1|1|0|0|1|1|0|0|NA|NA|NA|NA|NA|0|0|0|0|NA|0
"060650449221"|0|1|0|0|0|0|0|1|1|0|0|1|1|0|0|NA|NA|NA|NA|NA|0|0|0|0|NA|0
"060650451181"|0|1|0|0|0|0|0|1|1|1|1|0|0|0|1|1297|8577|NA|NA|NA|287|133|316|31188334|98697.2594936709|0
"060650451241"|0|1|0|0|0|0|0|1|1|0|0|1|1|0|0|NA|NA|NA|NA|NA|0|0|0|0|NA|0
"060650452153"|0|2|0|0|0|0|0|2|2|0|0|2|2|0|0|NA|NA|NA|NA|NA|0|0|0|0|NA|0
"060650465001"|0|1|1|0|0|1|0|1|1|1|0|0|0|0|1|11442|41196|11442|26544|16082|3209|546|1950|251853558|129155.670769231|0
"060650465004"|0|1|1|0|0|1|0|1|1|1|0|0|0|0|1|11442|41196|11442|26544|16082|3209|546|1950|251853558|129155.670769231|0
"060650466011"|0|1|0|0|0|0|0|1|1|1|1|0|0|0|1|1380|9330|NA|NA|NA|148|81|196|21856194|111511.193877551|0
"060650469001"|0|1|0|0|0|0|0|1|1|1|1|0|0|1|0|1380|9120|NA|NA|NA|67|21|64|5856834|91513.03125|0
"060650490002"|0|1|0|0|0|0|0|1|1|1|1|0|0|0|1|1380|9330|NA|NA|NA|139|78|204|22318382|109403.833333333|0
"060650490003"|0|1|0|0|0|0|0|1|1|1|1|0|0|0|1|1380|9330|NA|NA|NA|139|78|204|22318382|109403.833333333|0
"060650496003"|0|1|0|0|0|0|0|1|1|1|1|0|1|0|0|14000|14000|NA|NA|NA|10|1|4|7e+05|175000|0
"060650509001"|0|1|0|0|0|0|0|1|1|1|0|0|1|0|0|14279|14279|NA|NA|NA|30|5|24|1436750|59864.5833333333|0
"060650512002"|0|2|1|0|0|0|0|2|2|0|0|1|1|0|0|NA|NA|NA|NA|NA|0|0|0|0|NA|0
"060659404001"|0|1|0|0|0|0|0|1|1|0|0|1|1|0|0|NA|NA|NA|NA|NA|0|0|0|0|NA|0
"060659405001"|0|1|0|0|0|0|0|1|1|0|0|1|1|0|0|NA|NA|NA|NA|NA|0|0|0|0|NA|0
"060659411002"|0|1|0|0|0|0|0|1|1|1|1|0|1|0|0|NA|NA|NA|NA|NA|21|0|34|1710862|50319.4705882353|0
"060670001001"|0|2|0|0|0|0|0|2|2|1|1|0|1|0|0|NA|NA|NA|NA|NA|303|62|46|2088000|NA|0
"060670001003"|0|2|0|0|0|0|0|2|2|1|1|0|1|0|0|NA|NA|NA|NA|NA|303|62|46|2088000|NA|0
"060670015005"|0|0|1|0|0|0|0|1|1|1|0|0|1|0|0|NA|NA|NA|NA|NA|0|0|0|0|NA|0
"060670024003"|0|1|0|0|0|0|0|1|1|1|1|0|0|0|1|NA|7824|NA|NA|NA|268|122|644|56064752|87057.0683229814|0
"060670046014"|0|1|0|0|0|0|0|1|1|0|0|1|1|0|0|NA|NA|NA|NA|NA|0|0|0|0|NA|0
"060670046015"|0|1|0|0|0|0|0|1|1|0|0|1|1|0|0|NA|NA|NA|NA|NA|0|0|0|0|NA|0
"060670049041"|0|2|0|0|0|0|0|2|2|0|0|2|2|0|0|NA|NA|NA|NA|NA|0|0|0|0|NA|0
"060670050021"|0|1|0|0|0|0|0|1|1|0|0|1|1|0|0|NA|NA|NA|NA|NA|0|0|0|0|NA|0
"060670052011"|0|1|1|0|0|0|0|1|1|1|0|0|0|0|1|5742|17622|7176|16680|15224|1459|574|1660|150310896|90548.7325301205|0
"060670052012"|0|1|1|0|0|0|0|1|1|1|0|0|0|0|1|5742|17622|7176|16680|15224|1459|574|1660|150310896|90548.7325301205|0
"060670054021"|0|3|0|0|0|0|0|3|3|1|1|1|2|0|0|NA|NA|NA|NA|NA|303|62|46|2088000|NA|0
"060670055061"|0|3|0|0|0|0|0|3|3|1|1|1|2|0|0|NA|NA|NA|NA|NA|303|62|46|2088000|NA|0
"060670056012"|0|1|0|0|0|0|0|1|1|1|1|0|1|0|0|NA|NA|NA|NA|NA|7|0|2|80492|40246|0
"060670059012"|0|2|1|0|0|0|0|2|2|2|1|0|1|0|1|NA|16788|NA|NA|NA|356|166|814|71891896|114557.621428571|0
"060670061011"|0|1|0|0|0|0|0|1|1|0|0|1|1|0|0|NA|NA|NA|NA|NA|0|0|0|0|NA|0
"060670070152"|0|1|0|0|0|0|0|1|1|1|1|0|0|1|0|NA|NA|NA|NA|NA|37|2|70|4804550|68636.4285714286|0
"060670070191"|0|1|0|0|0|0|0|1|1|0|0|1|1|0|0|NA|NA|NA|NA|NA|0|0|0|0|NA|0
"060670075012"|0|1|0|0|0|0|0|1|1|1|1|0|1|0|0|NA|NA|NA|NA|NA|36|1|36|1636586|45460.7222222222|0
"060670075014"|0|1|0|0|0|0|0|1|1|1|1|0|1|0|0|NA|NA|NA|NA|NA|36|1|36|1636586|45460.7222222222|0
"060670075042"|0|2|1|0|0|0|0|2|2|2|1|0|1|0|1|NA|16788|NA|NA|NA|356|166|814|71891896|114557.621428571|0
"060670081362"|0|1|0|0|0|0|0|1|0|0|0|0|0|0|0|NA|NA|NA|NA|NA|0|0|0|0|NA|0
"060670081415"|0|1|0|0|0|0|0|1|1|1|1|0|1|0|0|NA|NA|NA|NA|NA|17|2|20|1123840|56192|0
"060670081432"|0|1|0|0|0|0|0|1|1|0|0|1|1|0|0|NA|NA|NA|NA|NA|0|0|0|0|NA|0
"060670085101"|0|1|0|0|0|0|0|1|1|1|1|0|0|1|0|NA|7824|NA|NA|NA|134|67|260|22815598|87752.3|0
"060670090051"|0|1|0|0|0|0|0|1|1|0|0|1|1|0|0|NA|NA|NA|NA|NA|0|0|0|0|NA|0
"060670090061"|0|1|0|0|0|0|0|1|1|0|0|1|1|0|0|NA|NA|NA|NA|NA|0|0|0|0|NA|0
"060670090082"|0|1|0|0|0|0|0|1|1|1|0|0|1|0|0|18900|18900|NA|NA|NA|16|3|12|1424386|118698.833333333|0
"060670090101"|0|1|0|0|0|0|0|1|1|1|0|0|1|0|0|18900|18900|NA|NA|NA|16|3|12|1424386|118698.833333333|0
"060670091102"|0|2|0|0|0|0|0|2|2|1|1|0|0|1|0|NA|NA|NA|NA|NA|243|46|198|14120648|NA|0
"060670096061"|0|1|0|0|0|0|0|1|1|0|0|1|1|0|0|NA|NA|NA|NA|NA|0|0|0|0|NA|0
"060670096081"|0|1|0|0|0|0|0|1|1|1|1|0|0|0|1|NA|7824|NA|NA|NA|188|85|424|36073236|85078.3867924528|0
"060710008084"|0|1|0|0|0|0|0|1|1|0|0|1|1|0|0|NA|NA|NA|NA|NA|0|0|0|0|NA|0
"060710008211"|0|2|0|0|0|0|0|2|2|2|0|0|0|2|0|110114|110114|NA|NA|34650|733|185|640|75691660|230666.370450744|0
"060710018031"|0|1|0|0|0|0|0|1|1|0|0|1|1|0|0|NA|NA|NA|NA|NA|0|0|0|0|NA|0
"060710020191"|0|1|0|0|0|0|0|1|1|1|1|0|0|0|1|1104|7944|NA|NA|NA|356|199|492|49262664|100127.365853659|0
"060710020192"|0|1|0|0|0|0|0|1|1|1|1|0|0|0|1|1104|7944|NA|NA|NA|356|199|492|49262664|100127.365853659|0
"060710021091"|0|4|1|0|0|0|0|4|4|3|1|1|2|2|0|NA|NA|NA|NA|NA|174|26|126|9882466|NA|0
"060710021101"|0|2|0|0|0|0|0|2|2|1|1|1|1|1|0|NA|NA|NA|NA|NA|39|1|60|3924668|NA|0
"060710030002"|0|1|0|0|0|0|0|1|1|0|0|1|1|0|0|NA|NA|NA|NA|NA|0|0|0|0|NA|0
"060710036121"|0|1|0|0|0|0|0|1|1|0|0|1|1|0|0|NA|NA|NA|NA|NA|0|0|0|0|NA|0
"060710045101"|0|1|1|0|0|0|0|1|1|1|0|0|0|0|1|5742|17622|7176|16680|13435|1075|473|1008|91742352|91014.2380952381|0
"060710058001"|0|1|0|0|0|0|0|1|1|0|0|1|1|0|0|NA|NA|NA|NA|NA|0|0|0|0|NA|0
"060710070002"|0|1|0|0|0|0|0|1|1|1|1|0|1|0|0|NA|NA|NA|NA|NA|42|15|56|4278514|76402.0357142857|0
"060710071071"|0|1|0|0|0|0|0|1|1|0|0|1|0|1|0|NA|NA|NA|NA|NA|0|0|0|0|NA|0
"060710071081"|0|1|0|0|0|0|0|1|1|0|0|1|0|1|0|NA|NA|NA|NA|NA|0|0|0|0|NA|0
"060710073033"|0|1|1|0|0|1|0|1|1|1|0|0|0|1|0|31680|31680|26880|26880|NA|861|245|722|67951662|94115.8753462604|0
"060710078001"|0|3|0|0|0|0|0|3|3|1|1|1|2|0|0|NA|NA|NA|NA|NA|154|36|2|120000|NA|0
"060710080026"|0|2|0|0|0|0|0|2|2|1|1|1|2|0|0|NA|NA|NA|NA|NA|5|0|2|120000|NA|0
"060710084015"|0|1|1|0|0|0|0|1|1|1|0|0|0|1|0|50630|50630|22020|22020|14670|503|189|434|41542818|95720.7788018433|0
"060710086022"|0|1|0|0|0|0|0|1|1|1|1|0|0|1|0|1104|7968|NA|NA|NA|122|27|156|16555688|106126.205128205|0
"060710087051"|0|1|0|0|0|0|0|1|1|1|1|0|0|1|0|1104|7968|NA|NA|NA|122|27|156|16555688|106126.205128205|0
"060710087064"|0|1|0|0|0|0|0|1|1|1|1|0|0|1|0|1104|7968|NA|NA|NA|122|27|156|16555688|106126.205128205|0
"060710089012"|0|1|0|0|0|0|0|1|1|1|1|0|0|1|0|1288|7700|NA|NA|NA|76|25|132|14386324|108987.303030303|0
"060710097111"|0|1|0|0|0|0|0|1|1|1|1|0|0|0|1|1402|9142|NA|NA|NA|279|133|282|18649342|66132.4184397163|0
"060710100044"|0|1|0|0|0|0|0|1|1|1|1|0|0|0|1|1402|9142|NA|NA|NA|279|133|282|18649342|66132.4184397163|0
"060710104113"|0|1|0|0|0|0|0|1|1|0|0|1|1|0|0|NA|NA|NA|NA|NA|0|0|0|0|NA|0
"060710104163"|0|1|0|0|0|0|0|1|1|1|1|0|0|1|0|1104|7296|NA|NA|NA|63|8|58|5449620|93958.9655172414|0
"060710108021"|0|1|1|0|0|0|0|1|1|1|0|0|0|0|1|5742|17622|7176|16680|13435|1075|473|1008|91742352|91014.2380952381|0
"060710120011"|0|1|0|0|0|0|0|1|1|1|1|0|0|1|0|1104|7464|NA|NA|NA|102|9|86|8131034|94546.9069767442|0
"060710124001"|0|1|0|0|0|0|0|1|1|1|1|0|1|0|0|NA|NA|NA|NA|NA|42|15|56|4278514|76402.0357142857|0
"060710124002"|0|1|0|0|0|0|0|1|1|1|1|0|0|0|1|NA|NA|NA|NA|NA|230|63|364|37057090|101805.192307692|0
"060710127001"|0|2|1|0|0|0|0|2|2|2|0|0|0|2|0|43612|43612|NA|NA|NA|70|34|78|7608954|NA|0
"060719801001"|0|3|0|0|0|0|0|3|3|1|1|1|2|0|0|NA|NA|NA|NA|NA|154|36|2|120000|NA|0
"060730019002"|0|2|1|0|0|0|0|2|2|1|0|0|1|0|0|NA|NA|NA|NA|NA|540|195|4|434344|NA|0
"060730027081"|0|1|0|0|0|0|0|1|1|0|0|1|1|0|0|NA|NA|NA|NA|NA|0|0|0|0|NA|0
"060730028012"|0|1|1|0|0|0|0|1|1|1|0|0|0|0|1|5742|17622|7176|16680|17752|1774|684|1926|197938104|102771.601246106|0
"060730029044"|0|1|1|0|0|0|0|2|2|2|0|0|2|0|0|NA|NA|NA|NA|NA|16|4|22|1352470|133701.607142857|0
"060730033012"|0|1|0|0|0|0|0|1|1|1|1|0|1|0|0|NA|NA|NA|NA|NA|42|14|46|3609192|78460.6956521739|0
"060730034033"|0|1|0|0|0|0|0|1|1|0|0|1|1|0|0|NA|NA|NA|NA|NA|0|0|0|0|NA|0
"060730038001"|0|0|0|0|0|0|0|1|0|0|0|0|0|0|0|NA|NA|NA|NA|NA|0|0|0|0|NA|0
"060730046002"|0|2|1|0|0|0|0|2|2|2|1|0|1|0|1|28890|35226|NA|NA|NA|205|140|430|36184466|172532.926619133|0
"060730051002"|0|2|1|0|0|0|0|2|1|1|0|0|1|0|0|NA|NA|NA|NA|NA|5|0|0|0|NA|0
"060730052001"|0|2|1|0|0|0|0|2|2|2|1|0|1|0|1|28890|35226|NA|NA|NA|205|140|430|36184466|172532.926619133|0
"060730052002"|0|2|1|0|0|0|0|2|2|2|1|0|1|0|1|28890|35226|NA|NA|NA|205|140|430|36184466|172532.926619133|0
"060730053001"|0|2|1|0|0|0|0|3|3|1|0|2|3|0|0|NA|NA|NA|NA|NA|30|7|20|2083080|NA|0
"060730053002"|0|1|0|0|0|0|0|1|1|0|0|1|1|0|0|NA|NA|NA|NA|NA|0|0|0|0|NA|0
"060730054002"|0|1|2|0|0|0|0|2|2|2|0|0|2|0|0|NA|NA|34564|34564|NA|4|0|14|293300|84150|0
"060730056001"|0|0|1|0|0|0|0|1|1|1|0|0|1|0|0|NA|NA|31800|31800|NA|106|51|70|9637296|137675.657142857|0
"060730057002"|0|1|0|0|0|0|0|1|1|0|0|1|1|0|0|NA|NA|NA|NA|NA|0|0|0|0|NA|0
"060730063001"|0|0|1|0|0|0|0|1|1|1|0|0|1|0|0|NA|NA|25000|25000|NA|14|2|0|0|NA|0
"060730071002"|0|1|1|0|0|0|0|1|1|1|0|0|0|1|0|36350|36350|11880|11880|10650|462|175|298|27970124|93859.4765100671|0
"060730072001"|0|1|1|0|0|0|0|1|1|1|0|0|0|1|0|36350|36350|11880|11880|10650|462|175|298|27970124|93859.4765100671|0
"060730083051"|0|1|1|0|1|1|0|1|1|1|0|0|0|0|1|11442|41196|11442|26544|14271|9453|1507|2748|415253388|151111.131004367|0
"060730083052"|0|1|1|0|1|1|0|1|1|1|0|0|0|0|1|11442|41196|11442|26544|14271|9453|1507|2748|415253388|151111.131004367|0
"060730083331"|0|2|2|0|0|0|0|2|2|2|0|0|0|0|2|24384|24384|32463|32463|NA|1011|191|676|65103422|179403.968636364|0
"060730083391"|0|2|2|0|0|0|0|2|2|2|0|0|0|0|2|24384|24384|32463|32463|NA|1011|191|676|65103422|179403.968636364|0
"060730083501"|0|1|0|0|0|0|0|1|1|1|0|0|1|0|0|25610|25610|NA|NA|NA|10|2|6|371200|61866.6666666667|0
"060730083591"|0|1|0|0|0|0|0|1|1|1|1|0|0|0|1|1104|7440|NA|NA|NA|128|103|252|23304654|92478.7857142857|0
"060730085103"|0|1|0|0|0|0|0|1|1|1|0|0|1|0|0|14585|14585|NA|NA|NA|27|3|28|1833272|65474|0
"060730085104"|0|1|0|0|0|0|0|1|1|1|0|0|0|0|1|1104|7440|NA|NA|NA|204|160|524|45196630|86253.1106870229|0
"060730085111"|0|3|1|0|0|0|0|3|3|3|1|0|2|0|1|NA|NA|NA|NA|NA|445|27|414|32367620|225066.017825312|0
"060730087012"|0|1|0|0|0|0|0|1|1|1|0|0|1|0|0|14585|14585|NA|NA|NA|27|3|28|1833272|65474|0
"060730087022"|0|2|2|0|0|0|0|2|2|2|0|0|0|2|0|15571|15571|18888|18888|NA|113|40|38|2762466|150447.41025641|0
"060730091042"|0|1|1|0|0|0|0|2|1|1|0|0|0|1|0|NA|NA|NA|NA|NA|1262|426|968|107955918|NA|0
"060730091061"|0|1|1|0|0|0|0|1|1|1|0|0|1|0|0|5568|5568|4092|4092|NA|11|1|10|480000|48000|0
"060730091062"|0|2|2|0|0|0|0|3|2|2|0|0|1|1|0|NA|NA|NA|NA|NA|1273|427|978|108435918|NA|0
"060730092011"|0|1|0|0|0|0|0|1|1|1|0|0|1|0|0|14585|14585|NA|NA|NA|27|3|28|1833272|65474|0
"060730093041"|0|2|1|0|0|0|0|2|2|1|0|0|1|0|0|NA|NA|NA|NA|NA|540|195|4|434344|NA|0
"060730093042"|0|1|0|0|0|0|0|1|1|1|1|0|1|0|0|14040|14040|NA|NA|NA|38|3|16|1026042|64127.625|0
"060730095041"|0|1|1|0|0|0|0|1|1|1|0|0|0|1|0|15347|15347|24255|24255|NA|182|28|224|17529228|78255.4821428571|0
"060730099021"|0|0|0|0|0|0|0|1|0|0|0|0|0|0|0|NA|NA|NA|NA|NA|0|0|0|0|NA|0
"060730126004"|0|1|0|0|0|0|0|1|1|1|1|0|1|0|0|NA|NA|NA|NA|NA|25|12|64|3780432|59069.25|0
"060730131032"|0|1|0|0|0|0|0|1|1|0|0|1|1|0|0|NA|NA|NA|NA|NA|0|0|0|0|NA|0
"060730132032"|0|1|0|0|0|0|0|1|1|0|0|1|1|0|0|NA|NA|NA|NA|NA|0|0|0|0|NA|0
"060730134151"|0|1|0|0|0|0|0|1|1|1|1|0|0|0|1|1288|7420|NA|NA|NA|431|189|396|39715740|100292.272727273|0
"060730136062"|0|1|0|0|0|0|0|1|1|1|1|0|0|1|0|1288|8708|NA|NA|NA|175|75|234|15663338|66937.3418803419|0
"060730146011"|0|2|0|0|0|0|0|2|2|0|0|2|2|0|0|NA|NA|NA|NA|NA|0|0|0|0|NA|0
"060730156022"|0|1|1|0|0|0|0|1|1|1|0|0|1|0|0|15588|15588|15588|15588|12687|13|7|12|584840|48736.6666666667|0
"060730157032"|0|1|0|0|0|0|0|1|1|0|0|1|1|0|0|NA|NA|NA|NA|NA|0|0|0|0|NA|0
"060730162012"|0|1|0|0|0|0|0|1|1|1|1|0|1|0|0|NA|NA|NA|NA|NA|11|6|6|274000|45666.6666666667|0
"060730166052"|0|2|0|0|0|0|0|2|2|1|1|0|0|0|1|NA|NA|NA|NA|NA|436|160|540|39965288|NA|0
"060730166151"|0|1|1|0|0|0|0|1|1|1|0|0|1|0|0|23030|23030|10260|10260|12222|48|9|20|1233326|61666.3|0
"060730170412"|0|1|0|0|0|0|0|1|1|0|0|1|1|0|0|NA|NA|NA|NA|NA|0|0|0|0|NA|0
"060730170543"|0|1|0|0|0|0|0|1|1|0|0|1|1|0|0|NA|NA|NA|NA|NA|0|0|0|0|NA|0
"060730185073"|0|0|1|0|0|0|0|1|1|1|0|0|1|0|0|NA|NA|14400|14400|NA|7|2|4|272662|68165.5|0
"060730185171"|0|1|0|0|0|0|0|1|1|1|0|0|0|0|1|1104|7464|NA|NA|NA|259|127|372|48688294|130882.510752688|0
"060730197024"|0|1|0|0|0|0|0|1|1|0|0|1|1|0|0|NA|NA|NA|NA|NA|0|0|0|0|NA|0
"060730200201"|0|0|1|0|0|0|0|1|1|1|0|0|0|1|0|NA|NA|17229|17229|NA|283|133|332|31903512|96094.9156626506|0
"060730200211"|0|1|0|0|0|0|0|1|1|1|1|0|0|0|1|1288|8848|NA|NA|NA|486|188|628|67196706|107001.124203822|0
"060730200231"|0|1|0|0|0|0|0|1|1|1|0|0|1|0|0|14585|14585|NA|NA|NA|14|1|6|430512|71752|0
"060730200291"|0|1|0|0|0|0|0|1|1|0|0|1|1|0|0|NA|NA|NA|NA|NA|0|0|0|0|NA|0
"060730200292"|0|1|0|0|0|0|0|1|1|1|0|0|1|0|0|23500|23500|NA|NA|NA|23|9|10|612000|61200|0
"060730202141"|0|1|0|0|0|0|0|1|1|0|0|1|1|0|0|NA|NA|NA|NA|NA|0|0|0|0|NA|0
"060730202142"|0|1|1|0|0|0|0|1|1|1|0|0|1|0|0|26100|26100|25800|25800|12039|25|7|22|1870890|85040.4545454545|0
"060730202143"|0|1|0|0|0|0|0|1|1|0|0|1|1|0|0|NA|NA|NA|NA|NA|0|0|0|0|NA|0
"060730203061"|0|2|1|0|0|0|0|2|2|2|1|0|1|0|1|NA|NA|NA|NA|NA|830|308|824|74351012|150966.193877551|0
"060730203062"|0|3|1|0|0|0|0|3|3|3|1|0|2|0|1|NA|NA|NA|NA|NA|844|309|830|74781524|222718.193877551|0
"060730203091"|0|1|0|0|0|0|0|1|1|0|0|1|1|0|0|NA|NA|NA|NA|NA|0|0|0|0|NA|0
"060730207061"|0|0|1|0|0|0|0|1|1|1|0|0|1|0|0|NA|NA|16975|16975|NA|10|4|22|1975996|89818|0
"060730214001"|0|0|1|0|0|0|0|1|1|1|0|0|1|0|0|NA|NA|25000|25000|NA|14|2|0|0|NA|0
"060730219001"|0|0|0|0|0|0|0|1|0|0|0|0|0|0|0|NA|NA|NA|NA|NA|0|0|0|0|NA|0
"060730219002"|0|0|0|0|0|0|0|1|0|0|0|0|0|0|0|NA|NA|NA|NA|NA|0|0|0|0|NA|0
"060730221001"|0|1|0|0|0|0|0|1|1|0|0|1|1|0|0|NA|NA|NA|NA|NA|0|0|0|0|NA|0
"060750103001"|0|1|1|0|0|0|0|1|1|1|0|0|1|0|0|45664|45664|47850|47850|18410|49|9|32|2790382|87199.4375|0
"060750105002"|0|1|0|0|0|0|0|1|1|0|0|1|1|0|0|NA|NA|NA|NA|NA|0|0|0|0|NA|0
"060750117001"|0|3|0|0|0|0|0|3|3|1|1|2|3|0|0|NA|NA|NA|NA|NA|5|1|0|0|NA|0
"060750117002"|0|2|1|0|0|0|0|2|2|2|0|0|2|0|0|61597|61597|NA|NA|NA|78|35|10|1093494|NA|0
"060750124021"|0|0|1|0|0|0|0|1|1|1|0|0|1|0|0|NA|NA|43250|43250|NA|168|49|130|20754184|159647.569230769|0
"060750157004"|0|1|1|0|0|0|0|1|1|1|0|0|0|0|1|49740|49740|25740|25740|15410|964|315|942|123858232|131484.322717622|0
"060750162002"|0|1|1|0|0|0|0|1|1|1|0|0|1|0|0|46350|46350|46350|46350|18100|62|12|60|7599870|126664.5|0
"060750176014"|0|1|1|0|0|0|0|1|1|1|0|0|0|1|0|20500|20500|21708|21708|NA|107|20|116|8924772|76937.6896551724|0
"060750178021"|0|1|0|0|0|0|0|1|1|0|0|1|1|0|0|NA|NA|NA|NA|NA|0|0|0|0|NA|0
"060750226001"|0|1|1|0|0|0|0|1|1|1|0|0|0|1|0|50592|50592|53250|53250|14071|269|80|222|19670204|88604.5225225225|0
"060750301012"|0|0|1|0|1|1|0|1|1|1|0|0|0|1|0|NA|NA|11442|26544|NA|3702|563|610|116252128|190577.259016393|0
"060750311003"|0|1|0|0|0|0|0|1|1|1|1|0|0|0|1|NA|6968|NA|NA|NA|627|297|1140|113560116|99614.1368421053|0
"060750332011"|0|1|1|0|0|0|0|1|1|1|0|0|0|0|1|5742|17622|7176|16680|15151|1480|298|1740|175134512|100652.018390805|0
"060750428002"|0|0|1|0|0|0|0|1|1|1|0|0|1|0|0|NA|NA|26900|26900|NA|15|3|10|968450|96845|0
"060750601001"|0|0|1|0|0|0|0|1|1|1|0|0|1|0|0|NA|NA|26900|26900|NA|15|3|10|968450|96845|0
"060750604001"|0|1|1|0|0|0|0|1|1|1|0|0|0|0|1|5742|17622|7176|16680|15151|1480|298|1740|175134512|100652.018390805|0
"060750607001"|0|1|1|0|0|0|0|1|1|1|0|0|0|1|0|50592|50592|53250|53250|14071|269|80|222|19670204|88604.5225225225|0
"060750607002"|0|1|1|0|0|0|0|1|1|1|0|0|0|1|0|50592|50592|53250|53250|14071|269|80|222|19670204|88604.5225225225|0
"060750611001"|0|1|0|0|0|0|0|1|1|0|0|1|1|0|0|19400|19400|NA|NA|NA|0|0|0|0|NA|0
"060750615001"|0|2|2|0|0|0|0|2|2|2|0|0|0|2|0|38952|38952|45612|45612|NA|905|242|568|57994776|217785.786020372|0
"060759803001"|0|0|1|0|1|1|0|1|1|1|0|0|0|1|0|NA|NA|11442|26544|NA|3702|563|610|116252128|190577.259016393|0
"060770004021"|0|1|0|0|0|0|0|1|1|0|0|1|1|0|0|NA|NA|NA|NA|NA|0|0|0|0|NA|0
"060770012001"|0|1|1|0|0|1|0|1|1|1|0|0|0|1|0|48904|48904|48904|48904|13408|1117|449|820|90136452|109922.502439024|0
"060770012002"|0|1|1|0|0|1|0|1|1|1|0|0|0|1|0|48904|48904|48904|48904|13408|1117|449|820|90136452|109922.502439024|0
"060770031102"|0|1|0|0|0|0|0|1|0|0|0|0|0|0|0|NA|NA|NA|NA|NA|0|0|0|0|NA|0
"060770031111"|0|1|0|0|0|0|0|1|1|1|1|0|0|0|1|1288|8708|NA|NA|NA|342|144|542|41711982|76959.3763837638|0
"060770031112"|0|1|0|0|0|0|0|1|1|1|1|0|0|0|1|1288|8708|NA|NA|NA|342|144|542|41711982|76959.3763837638|0
"060770033053"|0|1|0|0|0|0|0|1|1|0|0|1|1|0|0|NA|NA|NA|NA|NA|0|0|0|0|NA|0
"060770033062"|0|1|0|0|0|0|0|1|0|0|0|0|0|0|0|NA|NA|NA|NA|NA|0|0|0|0|NA|0
"060770033073"|0|1|1|0|0|0|0|1|1|1|0|0|1|0|0|14580|14580|13200|13200|NA|23|12|24|1598460|66602.5|0
"060770034033"|0|1|0|0|0|0|0|1|1|0|0|0|0|0|0|NA|NA|NA|NA|NA|0|0|0|0|NA|0
"060770034051"|0|1|0|0|0|0|0|1|0|0|0|0|0|0|0|NA|NA|NA|NA|NA|0|0|0|0|NA|0
"060770034072"|0|1|0|0|0|0|0|1|1|0|0|1|1|0|0|NA|NA|NA|NA|NA|0|0|0|0|NA|0
"060770038033"|0|1|1|0|0|0|0|1|0|1|0|0|1|0|0|5354|5354|5520|5520|NA|15|13|24|2660000|110833.333333333|0
"060790102011"|0|1|0|0|0|0|0|1|1|0|0|1|1|0|0|NA|NA|NA|NA|NA|0|0|0|0|NA|0
"060790103001"|0|1|0|0|0|0|0|1|1|0|0|1|1|0|0|NA|NA|NA|NA|NA|0|0|0|0|NA|0
"060790109011"|0|1|1|0|0|0|0|1|1|1|0|0|0|0|1|5742|17622|7176|16680|14208|1527|487|1788|173409624|96985.2483221477|0
"060790111024"|0|1|0|0|0|0|0|1|1|0|0|1|1|0|0|9820|9820|NA|NA|NA|0|0|0|0|NA|0
"060790111031"|0|1|0|0|0|0|0|1|1|1|0|0|1|0|0|NA|NA|NA|NA|NA|53|4|68|3680120|54119.4117647059|0
"060790114001"|0|1|0|0|0|0|0|1|1|1|1|0|0|0|1|1288|8848|NA|NA|NA|260|142|308|28229290|91653.538961039|0
"060790115041"|0|1|0|0|0|0|0|1|1|1|1|0|0|0|1|1288|8848|NA|NA|NA|260|142|308|28229290|91653.538961039|0
"060790115042"|0|1|0|0|0|0|0|1|1|1|1|0|0|0|1|1288|8848|NA|NA|NA|260|142|308|28229290|91653.538961039|0
"060816007002"|0|1|0|0|0|0|0|1|1|0|0|1|1|0|0|NA|NA|NA|NA|NA|0|0|0|0|NA|0
"060816016033"|0|1|0|0|0|0|0|1|1|0|0|1|1|0|0|NA|NA|NA|NA|NA|0|0|0|0|NA|0
"060816016041"|0|1|0|0|0|0|0|1|1|0|0|1|1|0|0|NA|NA|NA|NA|NA|0|0|0|0|NA|0
"060816017003"|0|1|0|0|0|0|0|1|1|0|0|1|1|0|0|NA|NA|NA|NA|NA|0|0|0|0|NA|0
"060816031002"|0|1|0|0|0|0|0|1|1|1|0|0|0|1|0|1380|9570|NA|NA|NA|140|102|294|28665364|97501.2380952381|0
"060816034001"|0|1|0|0|0|0|0|1|1|1|0|0|0|1|0|1380|9570|NA|NA|NA|140|102|294|28665364|97501.2380952381|0
"060816057002"|0|2|0|0|0|0|0|2|2|1|1|0|0|1|0|NA|NA|NA|NA|NA|407|170|300|30292898|194840.382550336|0
"060816068002"|0|2|0|0|0|0|0|2|2|1|1|0|0|1|0|NA|NA|NA|NA|NA|407|170|300|30292898|194840.382550336|0
"060816087004"|0|1|1|0|0|0|0|1|1|1|0|0|0|1|0|36306|36306|17262|17262|15016|114|30|70|6181550|88307.8571428571|0
"060816097001"|0|1|0|0|0|0|0|1|1|1|1|0|0|1|0|1288|8932|NA|NA|NA|103|74|178|17490876|98263.3483146067|0
"060816097002"|0|1|0|0|0|0|0|1|1|1|1|0|0|1|0|1288|8932|NA|NA|NA|103|74|178|17490876|98263.3483146067|0
"060816111001"|0|1|0|0|0|0|0|1|1|1|1|0|0|1|0|1288|8932|NA|NA|NA|103|74|178|17490876|98263.3483146067|0
"060816111003"|0|1|0|0|0|0|0|1|1|1|1|0|0|1|0|1288|8932|NA|NA|NA|103|74|178|17490876|98263.3483146067|0
"060816114001"|0|1|0|0|0|0|0|1|1|1|0|0|1|0|0|43526|43526|NA|NA|14796|94|4|46|5342742|116146.565217391|0
"060816133001"|0|1|0|0|0|0|0|1|1|1|1|0|0|1|0|1288|8932|NA|NA|NA|103|74|178|17490876|98263.3483146067|0
"060816133002"|0|1|0|0|0|0|0|1|1|1|1|0|0|1|0|1288|8932|NA|NA|NA|103|74|178|17490876|98263.3483146067|0
"060816140002"|0|1|0|0|0|0|0|1|1|1|0|0|0|1|0|1380|9570|NA|NA|NA|140|102|294|28665364|97501.2380952381|0
"060816140003"|0|1|0|0|0|0|0|1|1|1|0|0|0|1|0|1380|9570|NA|NA|NA|140|102|294|28665364|97501.2380952381|0
"060830003022"|0|0|1|0|0|0|0|1|1|1|0|0|1|0|0|NA|NA|17292|17292|NA|81|22|104|8295422|79763.6730769231|0
"060830007002"|0|1|0|0|0|0|0|1|1|1|0|0|0|1|0|45410|45410|NA|NA|14646|217|59|170|16725810|98387.1176470588|0
"060830008041"|0|1|1|0|0|0|0|1|1|1|0|0|1|0|0|17820|17820|19103|19103|NA|14|10|24|1698530|70772.0833333333|0
"060830008044"|0|1|1|0|0|0|0|1|1|1|0|0|1|0|0|17820|17820|19103|19103|NA|14|10|24|1698530|70772.0833333333|0
"060830009001"|0|1|1|0|0|0|0|1|1|1|0|0|1|0|0|17820|17820|19103|19103|NA|14|10|24|1698530|70772.0833333333|0
"060830009002"|0|2|2|0|0|0|0|3|3|3|1|0|2|0|1|NA|NA|NA|NA|NA|376|132|1400|126671816|265385.790756914|0
"060830012061"|0|1|0|0|0|0|0|1|1|1|1|0|0|0|1|1380|8140|NA|NA|NA|351|120|1374|124765668|90804.7074235808|0
"060830015002"|0|0|1|0|0|0|0|1|1|1|0|0|1|0|0|NA|NA|26750|26750|NA|104|13|66|5764486|87340.696969697|0
"060830017041"|0|1|0|0|0|0|0|1|1|1|1|0|1|0|0|9900|9900|NA|NA|NA|13|0|2|83200|41600|0
"060830017042"|0|1|0|0|0|0|0|1|1|1|1|0|1|0|0|9900|9900|NA|NA|NA|13|0|2|83200|41600|0
"060830017064"|0|0|1|0|0|0|0|1|1|1|0|0|1|0|0|NA|NA|26750|26750|NA|104|13|66|5764486|87340.696969697|0
"060830021022"|0|1|0|0|0|0|0|1|1|1|1|0|0|0|1|1288|7440|NA|NA|NA|281|105|338|28118168|83189.8461538462|0
"060830021031"|0|1|0|0|0|0|0|1|1|1|0|0|1|0|0|11558|11558|NA|NA|NA|3|1|10|719876|71987.6|0
"060830024041"|0|1|0|0|0|0|0|1|1|0|0|1|1|0|0|NA|NA|NA|NA|NA|0|0|0|0|NA|0
"060830029221"|0|1|1|0|0|0|0|1|1|1|0|0|0|0|1|11442|41196|11442|26544|15520|4055|675|2156|323996822|150276.819109462|0
"060830029223"|0|1|1|0|0|0|0|1|1|1|0|0|0|0|1|11442|41196|11442|26544|15520|4055|675|2156|323996822|150276.819109462|0
"060839800001"|0|1|1|0|0|0|0|1|1|1|0|0|0|0|1|11442|41196|11442|26544|15520|4055|675|2156|323996822|150276.819109462|0
"060855008001"|0|2|0|0|0|0|0|3|2|0|0|1|1|0|0|NA|NA|NA|NA|NA|97|16|0|0|NA|0
"060855009011"|0|1|1|0|0|0|0|1|1|1|0|0|0|0|1|5742|17622|7176|16680|16946|1507|441|1704|167979776|98579.6807511737|0
"060855013004"|0|0|0|0|0|0|0|1|0|0|0|0|0|0|0|NA|NA|NA|NA|NA|0|0|0|0|NA|0
"060855017002"|0|1|0|0|0|0|0|1|1|0|0|1|1|0|0|NA|NA|NA|NA|NA|0|0|0|0|NA|0
"060855021021"|0|1|0|0|0|0|0|1|1|1|1|0|0|1|0|1288|9044|NA|NA|NA|147|57|246|26868430|109221.260162602|0
"060855033303"|0|1|0|0|0|0|0|1|1|1|1|0|0|1|0|1306|7812|NA|NA|NA|142|60|226|23856126|105558.079646018|0
"060855033324"|0|1|0|0|0|0|0|1|1|1|1|0|0|1|0|1306|7812|NA|NA|NA|142|60|226|23856126|105558.079646018|0
"060855033341"|0|1|0|0|0|0|0|1|0|0|0|0|0|0|0|NA|NA|NA|NA|NA|0|0|0|0|NA|0
"060855045063"|0|3|1|0|0|0|0|3|3|2|0|1|2|1|0|56639|56639|NA|NA|NA|237|7|156|4944344|NA|0
"060855046021"|0|3|1|0|0|0|0|3|3|2|0|1|2|1|0|56639|56639|NA|NA|NA|237|7|156|4944344|NA|0
"060855049011"|0|1|0|0|0|0|0|1|1|1|1|0|0|1|0|1104|6192|NA|NA|NA|162|75|420|29865936|71109.3714285714|0
"060855050011"|0|1|0|0|0|0|0|1|1|1|1|0|0|1|0|1104|6192|NA|NA|NA|162|75|420|29865936|71109.3714285714|0
"060855050014"|0|1|0|0|0|0|0|1|1|1|1|0|0|1|0|1104|6192|NA|NA|NA|162|75|420|29865936|71109.3714285714|0
"060855050061"|0|0|1|0|0|0|0|1|0|1|0|0|1|0|0|NA|NA|18900|18900|NA|15|0|38|1925000|50657.8947368421|0
"060855050062"|0|0|1|0|0|0|0|1|0|1|0|0|1|0|0|NA|NA|18900|18900|NA|15|0|38|1925000|50657.8947368421|0
"060855050091"|0|1|1|0|0|0|0|1|1|1|0|0|1|0|0|19800|19800|17325|17325|16238|59|6|38|3281368|86351.7894736842|0
"060855050092"|0|1|0|0|0|0|0|1|1|1|1|0|0|1|0|1104|6192|NA|NA|NA|162|75|420|29865936|71109.3714285714|0
"060855050093"|0|1|0|0|0|0|0|1|1|1|1|0|0|1|0|1104|6192|NA|NA|NA|162|75|420|29865936|71109.3714285714|0
"060855051002"|0|1|0|0|0|0|0|1|1|1|1|0|1|0|0|NA|NA|NA|NA|NA|19|2|22|1457030|66228.6363636364|0
"060855052023"|0|2|1|0|0|0|0|2|2|2|1|0|1|1|0|NA|NA|NA|NA|NA|961|296|1158|135090862|183864.051856594|0
"060855052031"|0|1|1|0|0|0|0|1|1|1|0|0|0|1|0|52998|52998|25056|25056|15507|942|294|1136|133633832|117635.415492958|0
"060855066013"|0|1|0|0|0|0|0|1|1|0|0|1|1|0|0|NA|NA|NA|NA|NA|0|0|0|0|NA|0
"060855066051"|0|1|0|0|0|0|0|1|1|0|0|1|1|0|0|NA|NA|NA|NA|NA|0|0|0|0|NA|0
"060855066061"|0|1|0|0|0|0|0|1|1|0|0|1|1|0|0|NA|NA|NA|NA|NA|0|0|0|0|NA|0
"060855073012"|0|2|0|0|0|0|0|2|2|1|1|0|0|1|0|NA|NA|NA|NA|NA|315|76|428|37578938|NA|0
"060855077013"|0|1|0|0|0|0|0|1|1|1|1|0|0|0|1|1395|9360|NA|NA|NA|261|144|498|51030462|102470.807228916|0
"060855087042"|0|0|1|0|0|0|0|1|1|1|0|0|1|0|0|NA|NA|8100|8100|NA|8|0|2|104000|52000|0
"060855087043"|0|0|1|0|0|0|0|1|1|1|0|0|1|0|0|NA|NA|8100|8100|NA|8|0|2|104000|52000|0
"060855089003"|0|0|1|0|0|0|0|1|1|1|0|0|1|0|0|NA|NA|8100|8100|NA|8|0|2|104000|52000|0
"060855108012"|0|1|1|0|0|0|0|1|1|1|0|0|0|1|0|NA|NA|14415|14415|NA|26|2|34|2171206|63859|0
"060855117041"|0|2|0|0|0|0|0|2|2|1|0|0|0|0|1|NA|NA|NA|NA|NA|330|83|338|36134282|NA|0
"060855117042"|0|1|1|0|0|0|0|1|1|1|0|0|0|1|0|17454|17454|22184|22184|NA|72|21|100|11092696|110926.96|0
"060855117043"|0|1|1|0|0|0|0|1|1|1|0|0|0|1|0|17454|17454|22184|22184|NA|72|21|100|11092696|110926.96|0
"060855117071"|0|1|1|0|0|0|0|1|1|1|0|0|0|1|0|17454|17454|22184|22184|NA|72|21|100|11092696|110926.96|0
"060855120011"|0|1|0|0|0|0|0|1|0|0|0|0|0|0|0|NA|NA|NA|NA|NA|0|0|0|0|NA|0
"060855125101"|0|1|0|0|0|0|0|1|1|1|1|0|0|1|0|1104|7152|NA|NA|NA|126|29|156|15555756|99716.3846153846|0
"060855130001"|0|1|1|0|1|1|0|1|1|1|0|0|0|0|1|52857|52857|52479|52479|16433|8104|1242|3002|567352756|188991.590939374|0
"060855135001"|0|1|0|0|0|0|0|1|0|0|0|0|0|0|0|NA|NA|NA|NA|NA|0|0|0|0|NA|0
"060871003001"|0|1|1|0|0|0|0|1|1|1|0|0|0|0|1|11442|41196|11442|26544|16951|2981|476|1368|187380912|136974.350877193|0
"060871004001"|0|1|1|0|0|0|0|1|1|1|0|0|0|0|1|11442|41196|11442|26544|16951|2981|476|1368|187380912|136974.350877193|0
"060871004002"|0|1|1|0|0|0|0|1|1|1|0|0|0|0|1|11442|41196|11442|26544|16951|2981|476|1368|187380912|136974.350877193|0
"060871004003"|0|1|1|0|0|0|0|1|1|1|0|0|0|0|1|11442|41196|11442|26544|16951|2981|476|1368|187380912|136974.350877193|0
"060871010001"|0|1|0|0|0|0|0|1|0|0|0|0|0|0|0|NA|NA|NA|NA|NA|0|0|0|0|NA|0
"060871010007"|0|1|0|0|0|0|0|1|0|0|0|0|0|0|0|NA|NA|NA|NA|NA|0|0|0|0|NA|0
"060871105021"|0|1|0|0|0|0|0|1|1|0|0|1|1|0|0|NA|NA|NA|NA|NA|0|0|0|0|NA|0
"060871215001"|0|0|1|0|0|0|0|1|1|1|0|0|1|0|0|NA|NA|17783|17783|NA|17|10|4|173900|43475|0
"060871215003"|0|0|1|0|0|0|0|1|1|1|0|0|1|0|0|NA|NA|17783|17783|NA|17|10|4|173900|43475|0
"060871215004"|0|0|1|0|0|0|0|1|1|1|0|0|1|0|0|NA|NA|17783|17783|NA|17|10|4|173900|43475|0
"060871220011"|0|1|0|0|0|0|0|1|1|1|1|0|0|0|1|1104|7296|NA|NA|NA|260|110|422|35654596|84489.5639810427|0
"060871220013"|0|1|0|0|0|0|0|1|1|1|1|0|0|0|1|1104|7296|NA|NA|NA|260|110|422|35654596|84489.5639810427|0
"060871220015"|0|1|0|0|0|0|0|1|1|1|1|0|0|0|1|1104|7296|NA|NA|NA|260|110|422|35654596|84489.5639810427|0
"060890107021"|0|1|0|0|0|0|0|1|1|0|0|1|1|0|0|NA|NA|NA|NA|NA|0|0|0|0|NA|0
"060890107022"|0|1|0|0|0|0|0|1|1|0|0|1|1|0|0|NA|NA|NA|NA|NA|0|0|0|0|NA|0
"060890108041"|0|1|1|0|0|0|0|1|1|1|0|0|1|0|0|31180|31180|13000|13000|9380|58|28|68|3527180|51870.2941176471|0
"060890108052"|0|2|2|0|0|0|0|2|2|2|0|0|2|0|0|43180|43180|19750|19750|13330|60|29|76|3830010|89724.044117647|0
"060890108071"|0|1|0|0|0|0|0|1|1|1|0|0|0|1|0|1104|6720|NA|NA|5290|281|144|320|26191416|81848.175|0
"060890113003"|0|1|1|0|0|0|0|1|1|1|0|0|1|0|0|12000|12000|6750|6750|3950|2|1|8|302830|37853.75|0
"060890113004"|0|1|1|0|0|0|0|1|1|1|0|0|1|0|0|12000|12000|6750|6750|3950|2|1|8|302830|37853.75|0
"060930009005"|0|1|0|0|0|0|0|1|1|1|1|0|0|1|0|1104|7296|NA|NA|8600|92|37|84|6400460|76195.9523809524|0
"060952506012"|0|1|2|0|0|1|0|2|2|2|0|0|1|1|0|NA|NA|NA|NA|NA|354|87|278|28093686|202542.27029826|0
"060952506041"|0|1|2|0|0|1|0|2|2|2|0|0|1|1|0|NA|NA|NA|NA|NA|354|87|278|28093686|202542.27029826|0
"060952506042"|0|1|2|0|0|1|0|2|2|2|0|0|1|1|0|NA|NA|NA|NA|NA|354|87|278|28093686|202542.27029826|0
"060952508011"|0|1|2|0|0|1|0|2|2|2|0|0|1|1|0|NA|NA|NA|NA|NA|354|87|278|28093686|202542.27029826|0
"060952515002"|0|1|0|0|0|0|0|1|1|0|0|1|1|0|0|NA|NA|NA|NA|NA|0|0|0|0|NA|0
"060952515003"|0|1|0|0|0|0|0|1|1|0|0|1|1|0|0|NA|NA|NA|NA|NA|0|0|0|0|NA|0
"060952522011"|0|1|0|0|0|0|0|1|1|1|0|0|0|1|0|1104|6528|NA|NA|NA|188|68|274|25185488|91917.8394160584|0
"060952522014"|0|1|0|0|0|0|0|1|1|1|1|0|1|0|0|NA|NA|NA|NA|NA|8|1|4|199680|49920|0
"060952522021"|0|1|0|0|0|0|0|1|1|1|1|0|1|0|0|NA|NA|NA|NA|NA|8|1|4|199680|49920|0
"060952522022"|0|1|0|0|0|0|0|1|1|1|1|0|1|0|0|NA|NA|NA|NA|NA|8|1|4|199680|49920|0
"060952523051"|0|1|0|0|0|0|0|1|1|1|0|0|0|1|0|1104|6528|NA|NA|NA|188|68|274|25185488|91917.8394160584|0
"060952523052"|0|1|0|0|0|0|0|1|1|1|0|0|0|1|0|1104|6528|NA|NA|NA|188|68|274|25185488|91917.8394160584|0
"060952523053"|0|1|0|0|0|0|0|1|1|1|0|0|0|1|0|1104|6528|NA|NA|NA|188|68|274|25185488|91917.8394160584|0
"060952525021"|0|1|0|0|0|0|0|1|1|0|0|1|1|0|0|NA|NA|NA|NA|NA|0|0|0|0|NA|0
"060952529112"|0|1|0|0|0|0|0|1|1|0|0|1|1|0|0|NA|NA|NA|NA|NA|0|0|0|0|NA|0
"060971507013"|0|0|1|0|0|0|0|1|1|1|0|0|1|0|0|NA|NA|21632|21632|NA|12|6|8|720358|90044.75|0
"060971512014"|0|1|1|0|0|0|0|1|1|1|0|0|1|0|0|9375|9375|9225|9225|NA|7|0|8|336262|42032.75|0
"060971513093"|0|1|1|0|0|0|0|1|1|1|0|0|0|1|0|5742|17622|7176|16680|15210|742|220|552|52446936|95012.5652173913|0
"060971513104"|0|1|1|0|0|0|0|1|1|1|0|0|0|1|0|5742|17622|7176|16680|15210|742|220|552|52446936|95012.5652173913|0
"060971521002"|0|1|0|0|0|0|0|1|1|1|1|0|0|0|1|1282|8128|NA|NA|NA|486|180|586|56346374|96154.2218430034|0
"060971527012"|0|1|0|0|0|0|0|1|1|0|0|1|1|0|0|NA|NA|NA|NA|NA|0|0|0|0|NA|0
"060971528021"|0|1|1|0|0|0|0|1|1|1|0|0|1|0|0|NA|NA|NA|NA|NA|25|4|28|1319418|47122.0714285714|0
"060990005012"|0|2|0|0|0|0|0|2|2|0|0|2|2|0|0|NA|NA|NA|NA|NA|0|0|0|0|NA|0
"060990005013"|0|2|0|0|0|0|0|3|2|0|0|2|2|0|0|NA|NA|NA|NA|NA|0|0|0|0|NA|0
"060990005014"|0|0|0|0|0|0|0|1|0|0|0|0|0|0|0|NA|NA|NA|NA|NA|0|0|0|0|NA|0
"060990006021"|0|1|0|0|0|0|0|1|1|0|0|0|0|0|0|NA|NA|NA|NA|NA|167|30|20|2161238|108061.9|0
"060990009072"|0|1|0|0|0|0|0|1|1|0|0|1|1|0|0|NA|NA|NA|NA|NA|0|0|0|0|NA|0
"060990009092"|0|1|0|0|0|0|0|1|1|0|0|1|1|0|0|NA|NA|NA|NA|NA|0|0|0|0|NA|0
"060990013002"|0|1|0|0|0|0|0|1|1|1|0|0|0|0|1|1104|7464|NA|NA|NA|285|165|510|49459514|96979.4392156863|0
"060990018002"|0|1|0|0|0|0|0|1|1|0|0|1|1|0|0|NA|NA|NA|NA|NA|0|0|0|0|NA|0
"060990021001"|0|1|0|0|0|0|0|1|1|0|0|1|1|0|0|NA|NA|NA|NA|NA|0|0|0|0|NA|0
"060990023021"|0|1|0|0|0|0|0|1|1|0|0|1|1|0|0|NA|NA|NA|NA|NA|0|0|0|0|NA|0
"060990036052"|0|1|1|0|0|0|0|1|1|1|0|0|0|0|1|5742|17622|7176|16680|11078|555|213|710|62653656|88244.585915493|0
"060990036053"|0|1|1|0|0|0|0|1|1|1|0|0|0|0|1|5742|17622|7176|16680|11078|555|213|710|62653656|88244.585915493|0
"060990038022"|0|1|0|0|0|0|0|1|1|0|0|1|1|0|0|NA|NA|NA|NA|NA|0|0|0|0|NA|0
"061010505012"|0|1|0|0|0|0|0|1|1|0|0|1|1|0|0|NA|NA|NA|NA|NA|0|0|0|0|NA|0
"061010505013"|0|1|0|0|0|0|0|1|1|0|0|1|1|0|0|NA|NA|NA|NA|NA|0|0|0|0|NA|0
"061070010031"|0|2|0|0|0|0|0|2|2|1|0|1|1|1|0|NA|NA|NA|NA|NA|282|28|404|26027518|NA|0
"061070012001"|0|1|0|0|0|0|0|1|1|0|0|1|1|0|0|NA|NA|NA|NA|NA|0|0|0|0|NA|0
"061070019024"|0|1|0|0|0|0|0|1|1|0|0|1|1|0|0|NA|NA|NA|NA|NA|0|0|0|0|NA|0
"061070020021"|0|1|0|0|0|0|0|1|1|1|1|0|0|0|1|1288|7728|NA|NA|NA|263|106|482|37939298|78712.2365145228|0
"061070020022"|0|1|0|0|0|0|0|1|1|1|1|0|0|0|1|1288|7728|NA|NA|NA|263|106|482|37939298|78712.2365145228|0
"061070020043"|0|1|0|0|0|0|0|1|1|0|0|0|0|0|0|NA|NA|NA|NA|NA|55|4|0|0|NA|0
"061070020072"|0|1|0|0|0|0|0|1|1|0|0|1|1|0|0|NA|NA|NA|NA|NA|0|0|0|0|NA|0
"061070041011"|0|1|0|0|0|0|0|1|1|1|1|0|0|1|0|1380|8250|NA|NA|NA|75|26|140|15203550|108596.785714286|0
"061070041021"|0|1|0|0|0|0|0|1|1|1|1|0|0|1|0|1380|8250|NA|NA|NA|75|26|140|15203550|108596.785714286|0
"061090021004"|0|1|0|0|0|0|0|1|1|1|1|0|0|1|0|1104|7464|NA|NA|NA|84|42|116|10929702|94221.5689655172|0
"061110004001"|0|1|0|0|0|0|0|1|1|1|0|0|1|0|0|25600|25600|NA|NA|8800|64|29|78|7984958|102371.256410256|0
"061110018002"|0|1|0|0|0|0|0|1|1|1|1|0|0|0|1|1340|7344|NA|NA|NA|165|79|334|28166332|84330.3353293413|0
"061110024001"|0|1|0|0|0|0|0|1|1|0|0|1|1|0|0|NA|NA|NA|NA|NA|0|0|0|0|NA|0
"061110028001"|0|1|1|0|0|0|0|2|2|1|0|1|2|0|0|NA|NA|NA|NA|NA|7|1|0|0|NA|0
"061110047102"|0|1|0|0|0|0|0|1|1|1|1|0|0|1|0|1340|7344|NA|NA|NA|111|50|192|17031300|88704.6875|0
"061110047103"|0|1|0|0|0|0|0|1|1|1|1|0|0|1|0|1340|7344|NA|NA|NA|111|50|192|17031300|88704.6875|0
"061110053031"|0|0|1|0|0|0|0|1|0|1|0|0|1|0|0|NA|NA|20200|20200|NA|27|3|48|2328120|48502.5|0
"061110053051"|0|0|1|0|0|0|0|1|0|1|0|0|1|0|0|NA|NA|20200|20200|NA|27|3|48|2328120|48502.5|0
"061110055023"|0|1|0|0|0|0|0|1|1|0|0|0|0|0|0|NA|NA|NA|NA|NA|84|35|0|0|NA|0
"061110057001"|0|1|1|0|0|0|0|1|1|1|0|0|0|1|0|5742|17622|7176|16680|16954|521|138|472|42817248|90714.5084745763|0
"061110063021"|0|1|1|0|0|0|0|1|1|1|0|0|0|1|0|43900|43900|19406|19406|14100|387|170|392|37823312|96488.0408163265|0
"061110076141"|0|1|0|0|0|0|0|1|1|1|1|0|0|0|1|1340|7344|NA|NA|NA|163|76|336|29933538|89087.9107142857|0
"061110076142"|0|1|0|0|0|0|0|1|1|1|1|0|0|0|1|1340|7344|NA|NA|NA|163|76|336|29933538|89087.9107142857|0
"061110086002"|0|1|0|0|0|0|0|1|1|0|0|1|1|0|0|NA|NA|NA|NA|NA|0|0|0|0|NA|0
"061110086004"|0|1|0|0|0|0|0|1|1|0|0|1|1|0|0|NA|NA|NA|NA|NA|0|0|0|0|NA|0
"061130105011"|0|1|1|0|1|1|0|1|1|1|0|0|0|0|1|11442|41196|11442|26544|15775|8685|1319|3492|524682268|150252.654066438|0
"061130105012"|0|1|1|0|1|1|0|1|1|1|0|0|0|0|1|11442|41196|11442|26544|15775|8685|1319|3492|524682268|150252.654066438|0
"061130112063"|0|1|0|0|0|0|0|1|1|1|1|0|0|1|0|1104|6360|NA|NA|NA|30|7|96|7790128|81147.1666666667|0
"061150403031"|0|1|0|0|0|0|0|1|1|1|1|0|0|1|0|1104|7464|NA|NA|NA|70|27|150|11658460|77723.0666666667|0
"080010081001"|0|1|1|0|1|1|0|1|1|1|0|0|0|0|1|7920|24408|6786|22590|13250|2829|354|1884|204796422|108702.984076433|0
"080010082001"|0|1|1|0|1|1|0|1|1|1|0|0|0|0|1|7920|24408|6786|22590|13250|2829|354|1884|204796422|108702.984076433|0
"080010082002"|0|1|1|0|1|1|0|1|1|1|0|0|0|0|1|7920|24408|6786|22590|13250|2829|354|1884|204796422|108702.984076433|0
"080010082003"|0|1|1|0|1|1|0|1|1|1|0|0|0|0|1|7920|24408|6786|22590|13250|2829|354|1884|204796422|108702.984076433|0
"080010083083"|0|1|1|0|1|1|0|1|1|1|0|0|0|0|1|7920|24408|6786|22590|13250|2829|354|1884|204796422|108702.984076433|0
"080010085083"|0|1|0|0|0|0|0|1|1|0|0|1|1|0|0|NA|NA|NA|NA|NA|0|0|0|0|NA|0
"080010085292"|0|1|0|0|0|0|0|1|1|0|0|1|1|0|0|NA|NA|NA|NA|NA|0|0|0|0|NA|0
"080010092032"|0|1|0|0|0|0|0|1|0|0|0|0|0|0|0|NA|NA|NA|NA|NA|0|0|0|0|NA|0
"080010093084"|0|1|0|0|0|0|0|1|1|1|1|0|1|0|0|NA|NA|NA|NA|NA|26|16|80|5584372|69804.65|0
"080010093103"|0|1|0|0|0|0|0|1|1|1|1|0|1|0|0|NA|NA|NA|NA|NA|26|16|80|5584372|69804.65|0
"080010094081"|0|1|0|0|0|0|0|1|1|1|0|0|0|0|1|3574|14662|NA|NA|NA|461|173|492|32571678|66202.5975609756|0
"080010095011"|0|1|0|0|0|0|0|1|1|0|0|1|1|0|0|NA|NA|NA|NA|NA|0|0|0|0|NA|0
"080010095021"|0|1|0|0|0|0|0|1|1|0|0|1|1|0|0|NA|NA|NA|NA|NA|0|0|0|0|NA|0
"080010095531"|0|1|0|0|0|0|0|1|1|0|0|1|1|0|0|NA|NA|NA|NA|NA|0|0|0|0|NA|0
"080010097512"|0|1|1|0|0|0|0|1|1|1|0|0|0|1|0|37830|37830|14441|14441|12460|454|248|660|51061514|77365.9303030303|0
"080010602002"|0|1|1|0|0|0|0|1|1|1|0|0|1|0|0|14959|14959|17072|17072|NA|9|0|6|449014|74835.6666666667|0
"080039602001"|0|1|1|0|0|0|0|1|1|1|0|0|0|1|0|5736|17160|4590|7830|8760|262|80|206|11687684|56736.3300970874|0
"080039602002"|0|1|1|0|0|0|0|1|1|1|0|0|0|1|0|5736|17160|4590|7830|8760|262|80|206|11687684|56736.3300970874|0
"080039602004"|0|1|1|0|0|0|0|1|1|1|0|0|0|1|0|5736|17160|4590|7830|8760|262|80|206|11687684|56736.3300970874|0
"080039602005"|0|1|1|0|0|0|0|1|1|1|0|0|0|1|0|5736|17160|4590|7830|8760|262|80|206|11687684|56736.3300970874|0
"080050056303"|0|1|0|0|0|0|0|1|1|1|0|0|1|0|0|15000|15000|NA|NA|NA|0|0|4|278000|69500|0
"080050065011"|0|1|1|0|0|0|0|2|2|2|0|0|1|0|1|NA|NA|NA|NA|NA|296|63|256|17736180|140252.791855204|0
"080050071041"|0|1|1|0|0|0|0|1|1|1|0|0|0|0|1|8400|8400|9000|9000|NA|229|1|70|4674110|66773|0
"080050071042"|0|1|1|0|0|0|0|1|1|1|0|0|0|0|1|8400|8400|9000|9000|NA|229|1|70|4674110|66773|0
"080050071043"|0|1|1|0|0|0|0|1|1|1|0|0|0|0|1|8400|8400|9000|9000|NA|229|1|70|4674110|66773|0
"080050072013"|0|1|0|0|0|0|0|1|1|1|1|0|1|0|0|NA|NA|NA|NA|NA|40|13|50|3421674|68433.48|0
"080050803003"|0|1|0|0|0|0|0|1|1|0|0|1|1|0|0|NA|NA|NA|NA|NA|0|0|0|0|NA|0
"080050804001"|0|1|0|0|0|0|0|1|1|1|0|0|1|0|0|17066|17066|NA|NA|NA|21|2|18|1168000|64888.8888888889|0
"080050804004"|0|1|0|0|0|0|0|1|1|1|0|0|1|0|0|17066|17066|NA|NA|NA|21|2|18|1168000|64888.8888888889|0
"080050806002"|0|1|1|0|0|0|0|1|1|1|0|0|0|1|0|10800|10800|6540|6540|NA|78|4|32|2835570|88611.5625|0
"080050807002"|0|1|0|0|0|0|0|1|1|1|1|0|1|0|0|NA|NA|NA|NA|NA|14|8|38|2074074|54580.8947368421|0
"080050811002"|0|1|0|0|0|0|0|1|0|0|0|0|0|0|0|NA|NA|NA|NA|NA|0|0|0|0|NA|0
"080050820001"|0|1|0|0|0|0|0|1|1|1|1|0|0|1|0|3574|14662|NA|NA|NA|184|33|122|8187138|67107.6885245902|0
"080050822002"|0|1|0|0|0|0|0|1|1|0|0|1|1|0|0|NA|NA|NA|NA|NA|0|0|0|0|NA|0
"080050826003"|0|1|1|0|0|0|0|1|1|1|0|0|0|0|1|8400|8400|9000|9000|NA|229|1|70|4674110|66773|0
"080050829001"|0|1|1|0|0|0|0|1|1|1|0|0|0|0|1|8400|8400|9000|9000|NA|229|1|70|4674110|66773|0
"080050830001"|0|1|1|0|0|0|0|1|1|1|0|0|0|0|1|8400|8400|9000|9000|NA|229|1|70|4674110|66773|0
"080050869001"|0|1|0|0|0|0|0|1|1|1|1|0|1|0|0|12228|12228|NA|NA|NA|17|0|18|919972|51109.5555555556|0
"080130122032"|0|1|1|0|0|0|0|1|1|0|0|1|1|0|0|NA|NA|NA|NA|NA|0|0|0|0|NA|0
"080130122034"|0|1|1|0|0|0|0|1|1|0|0|1|1|0|0|NA|NA|NA|NA|NA|0|0|0|0|NA|0
"080130123001"|0|1|1|0|0|0|0|1|1|1|0|0|0|0|1|10728|34930|11826|31284|14778|6926|970|3340|357524186|107043.169461078|0
"080130123002"|0|1|1|0|0|0|0|1|1|1|0|0|1|0|0|32900|32900|22800|22800|10957|130|48|116|6792902|58559.5|0
"080130125052"|0|1|0|0|0|0|0|1|1|1|1|0|0|1|0|NA|NA|NA|NA|NA|162|11|140|7500588|53575.6285714286|0
"080130125091"|0|1|0|0|0|0|0|1|1|1|1|0|0|1|0|NA|NA|NA|NA|NA|162|11|140|7500588|53575.6285714286|0
"080130126051"|0|1|1|0|0|0|0|1|1|0|0|1|1|0|0|NA|NA|NA|NA|NA|0|0|0|0|NA|0
"080130127051"|0|1|1|0|0|0|0|2|2|1|0|1|2|0|0|NA|NA|NA|NA|NA|4|2|0|0|NA|0
"080130127052"|0|1|1|0|0|0|0|2|2|1|0|1|2|0|0|NA|NA|NA|NA|NA|4|2|0|0|NA|0
"080130127053"|0|1|1|0|0|0|0|2|2|1|0|1|2|0|0|NA|NA|NA|NA|NA|4|2|0|0|NA|0
"080130127071"|0|1|1|0|0|0|0|1|1|0|0|1|1|0|0|NA|NA|NA|NA|NA|0|0|0|0|NA|0
"080130127081"|0|1|1|0|0|0|0|2|2|1|0|1|2|0|0|NA|NA|NA|NA|NA|4|2|0|0|NA|0
"080130127083"|0|1|1|0|0|0|0|2|2|1|0|1|2|0|0|NA|NA|NA|NA|NA|4|2|0|0|NA|0
"080130130034"|0|0|1|0|0|0|0|1|1|1|0|0|1|0|0|NA|NA|19560|19560|NA|3|1|2|110000|55000|0
"080140307001"|0|1|1|0|0|0|0|1|1|1|0|0|1|0|0|14959|14959|17072|17072|NA|9|0|6|449014|74835.6666666667|0
"080140311001"|0|1|0|0|0|0|0|1|1|1|1|0|1|0|0|15430|15430|NA|NA|NA|27|1|58|1406282|24246.2413793103|0
"080299649002"|0|1|0|0|0|0|0|1|1|0|0|1|1|0|0|NA|NA|NA|NA|NA|0|0|0|0|NA|0
"080299651001"|0|1|0|0|0|0|0|1|1|0|0|1|1|0|0|NA|NA|NA|NA|NA|0|0|0|0|NA|0
"080299651002"|0|1|0|0|0|0|0|1|1|0|0|1|1|0|0|NA|NA|NA|NA|NA|0|0|0|0|NA|0
"080299651003"|0|1|0|0|0|0|0|1|1|0|0|1|1|0|0|NA|NA|NA|NA|NA|0|0|0|0|NA|0
"080310013022"|0|1|0|0|0|0|0|1|1|0|0|1|1|0|0|NA|NA|NA|NA|NA|0|0|0|0|NA|0
"080310017014"|0|1|1|0|0|0|0|1|1|1|0|0|1|0|0|10033|10033|1686|1686|NA|28|7|46|3315460|72075.2173913044|0
"080310017021"|0|1|1|0|0|0|0|1|1|0|0|0|0|0|0|NA|NA|NA|NA|NA|39|22|0|0|NA|0
"080310017022"|0|1|0|0|0|0|0|1|1|0|0|1|1|0|0|NA|NA|NA|NA|NA|0|0|0|0|NA|0
"080310019021"|0|2|1|0|0|0|0|2|2|2|0|0|0|1|1|10006|34671|NA|NA|NA|969|560|1402|109106020|143716.730844404|0
"080310026011"|0|1|1|0|0|0|0|1|1|0|0|0|0|0|0|NA|NA|NA|NA|NA|468|65|0|0|NA|0
"080310030041"|0|1|2|0|0|0|0|2|2|2|0|0|1|0|1|NA|NA|71160|71160|NA|1763|464|1536|160576448|191486.124853137|0
"080310032021"|0|1|1|0|0|0|0|2|2|1|0|1|2|0|0|NA|NA|NA|NA|NA|7|3|0|0|NA|0
"080310039022"|0|1|0|0|0|0|0|1|1|1|1|0|1|0|0|14585|14585|NA|NA|NA|11|1|4|512508|128127|0
"080310042023"|0|1|1|0|0|0|0|1|1|1|0|0|1|0|0|33054|33054|13734|13734|12492|71|24|94|7376254|78470.7872340426|0
"080310044051"|0|1|0|0|0|0|0|1|1|0|0|1|1|0|0|NA|NA|NA|NA|NA|0|0|0|0|NA|0
"080310044054"|0|1|0|0|0|0|0|1|1|0|0|1|1|0|0|NA|NA|NA|NA|NA|0|0|0|0|NA|0
"080310051041"|0|1|1|0|0|0|0|1|1|1|0|0|0|1|0|3600|3600|3900|3900|NA|140|5|58|3508046|60483.5517241379|0
"080310154004"|0|1|1|0|0|0|0|1|1|1|0|0|0|1|0|37830|37830|14441|14441|12460|454|248|660|51061514|77365.9303030303|0
"080319801001"|0|1|0|0|0|0|0|1|1|1|1|0|0|1|0|NA|NA|NA|NA|NA|50|11|78|4063384|52094.6666666667|0
"080350139042"|0|1|0|0|0|0|0|1|1|0|0|1|1|0|0|NA|NA|NA|NA|NA|0|0|0|0|NA|0
"080350140011"|0|0|1|0|0|1|0|1|1|1|0|0|0|1|0|NA|NA|32791|32791|NA|133|28|34|3287970|96705|0
"080350140012"|0|0|1|0|0|1|0|1|1|1|0|0|0|1|0|NA|NA|32791|32791|NA|133|28|34|3287970|96705|0
"080350140013"|0|0|1|0|0|1|0|1|1|1|0|0|0|1|0|NA|NA|32791|32791|NA|133|28|34|3287970|96705|0
"080350140081"|0|1|0|0|0|0|0|1|1|0|0|1|1|0|0|NA|NA|NA|NA|NA|0|0|0|0|NA|0
"080410001021"|0|1|0|0|0|0|0|1|1|1|0|0|1|0|0|14585|14585|NA|NA|NA|13|0|2|130322|65161|0
"080410003022"|0|2|1|0|0|0|0|2|2|2|1|0|1|0|1|NA|NA|NA|NA|NA|707|34|140|10815226|134915.230769231|0
"080410016001"|0|1|1|0|0|0|0|1|1|1|0|0|0|1|0|57612|57612|39408|39408|12956|627|210|446|44784864|100414.493273543|0
"080410016003"|0|1|1|0|0|0|0|1|1|1|0|0|0|1|0|57612|57612|39408|39408|12956|627|210|446|44784864|100414.493273543|0
"080410021012"|0|1|0|0|0|0|0|1|1|1|1|0|1|0|0|NA|NA|NA|NA|NA|39|2|32|1665078|52033.6875|0
"080410023001"|0|1|0|0|0|0|0|1|1|0|0|1|1|0|0|NA|NA|NA|NA|NA|0|0|0|0|NA|0
"080410037053"|0|1|0|0|0|0|0|1|1|1|1|0|1|0|0|NA|NA|NA|NA|NA|16|9|36|1702566|47293.5|0
"080410038022"|0|1|0|0|1|0|0|1|1|1|0|0|0|1|0|NA|NA|NA|NA|NA|123|16|414|46133146|111432.719806763|0
"080410039051"|0|1|0|0|0|0|0|1|1|1|0|0|1|0|0|8880|8880|NA|NA|NA|21|4|14|737076|52648.2857142857|0
"080410039052"|0|1|0|0|0|0|0|1|1|1|0|0|1|0|0|8880|8880|NA|NA|NA|21|4|14|737076|52648.2857142857|0
"080410039061"|0|1|0|0|0|0|0|1|1|1|0|0|1|0|0|8880|8880|NA|NA|NA|21|4|14|737076|52648.2857142857|0
"080410044021"|0|1|0|0|0|0|0|1|1|1|0|0|0|0|1|3574|14662|NA|NA|NA|381|136|376|22831508|60722.0957446809|0
"080410045011"|0|1|0|0|0|0|0|1|1|1|1|0|1|0|0|13463|13463|NA|NA|NA|6|2|22|1360114|61823.3636363636|0
"080410048001"|0|2|0|0|0|0|0|2|2|0|0|2|2|0|0|NA|NA|NA|NA|NA|0|0|0|0|NA|0
"080410049011"|0|2|0|0|0|0|0|2|2|0|0|2|1|0|0|NA|NA|NA|NA|NA|0|0|0|0|NA|0
"080410059005"|0|1|0|0|0|0|0|1|1|1|0|0|1|0|0|15000|15000|NA|NA|NA|0|0|0|0|NA|0
"080410060004"|0|1|0|0|0|0|0|1|1|1|0|0|1|0|0|15000|15000|NA|NA|NA|0|0|0|0|NA|0
"080410077001"|0|1|1|0|0|0|0|1|1|1|0|0|0|0|1|9284|20082|13912|24438|10920|754|154|888|68194200|76795.2702702703|0
"080410078001"|0|1|1|0|0|0|0|1|1|1|0|0|0|0|1|9284|20082|13912|24438|10920|754|154|888|68194200|76795.2702702703|0
"080410078002"|0|1|1|0|0|0|0|1|1|1|0|0|0|0|1|9284|20082|13912|24438|10920|754|154|888|68194200|76795.2702702703|0
"080410080001"|0|1|1|0|0|0|0|1|1|1|0|0|0|0|1|11896|11896|13710|13710|NA|691|25|104|9112660|87621.7307692308|0
"080459517022"|0|1|0|0|0|0|0|1|1|1|0|0|0|1|0|4320|10872|NA|NA|9658|319|91|234|20177814|86229.9743589744|0
"080459517023"|0|1|0|0|0|0|0|1|1|1|0|0|0|1|0|4320|10872|NA|NA|9658|319|91|234|20177814|86229.9743589744|0
"080519636003"|0|1|1|0|0|0|0|1|1|1|0|0|0|1|0|6624|18096|16048|16048|10150|200|63|254|15482862|60956.1496062992|0
"080519637001"|0|1|1|0|0|0|0|1|1|1|0|0|0|1|0|6624|18096|16048|16048|10150|200|63|254|15482862|60956.1496062992|0
"080590098072"|0|1|0|0|0|0|0|1|1|0|0|1|0|0|0|NA|NA|NA|NA|NA|0|0|0|0|NA|0
"080590098311"|0|2|0|0|0|0|0|2|1|0|0|1|1|0|0|NA|NA|NA|NA|NA|0|0|0|0|NA|0
"080590100002"|0|1|1|0|0|0|0|1|1|1|0|0|0|1|0|16650|37350|16650|37350|14211|898|86|654|71054682|108646.302752294|0
"080590104051"|0|1|0|0|0|0|0|1|1|0|0|1|1|0|0|NA|NA|NA|NA|NA|0|0|0|0|NA|0
"080590106043"|0|1|0|0|0|0|0|1|1|0|0|1|1|0|0|NA|NA|NA|NA|NA|0|0|0|0|NA|0
"080590110006"|0|1|0|0|0|0|0|1|1|1|1|0|1|0|0|NA|NA|NA|NA|NA|9|1|18|810054|45003|0
"080590111005"|0|1|0|0|0|0|0|1|1|1|1|0|1|0|0|NA|NA|NA|NA|NA|9|1|18|810054|45003|0
"080590112022"|0|1|1|0|0|0|0|1|1|1|0|0|0|1|0|23502|23502|13045|13045|11342|363|204|222|16256630|73228.0630630631|0
"080590114022"|0|1|1|0|0|0|0|1|1|1|0|0|0|1|0|17670|17670|20376|20376|NA|111|10|104|5457482|52475.7884615385|0
"080590115501"|0|1|1|0|0|0|0|1|1|1|0|0|0|1|0|17670|17670|20376|20376|NA|111|10|104|5457482|52475.7884615385|0
"080590115504"|0|1|1|0|0|0|0|1|1|1|0|0|0|1|0|17670|17670|20376|20376|NA|111|10|104|5457482|52475.7884615385|0
"080590117011"|0|1|0|0|0|0|0|1|1|0|0|1|1|0|0|10080|10080|NA|NA|NA|0|0|0|0|NA|0
"080590117212"|0|1|1|0|0|0|0|1|1|1|0|0|0|1|0|3574|14661|10082|11091|NA|272|77|194|12428030|64062.0103092784|0
"080590117291"|0|1|1|0|0|0|0|1|1|1|0|0|1|0|0|3600|3600|5400|5400|NA|15|4|0|0|NA|0
"080590118053"|0|2|0|0|0|0|0|2|2|0|0|2|2|0|0|NA|NA|NA|NA|NA|0|0|0|0|NA|0
"080590120461"|0|1|0|0|0|0|0|1|1|0|0|1|1|0|0|NA|NA|NA|NA|NA|0|0|0|0|NA|0
"080679708001"|0|1|1|0|0|0|0|1|1|1|0|0|0|1|0|7056|17712|6372|6372|11704|305|118|354|23336250|65921.6101694915|0
"080679708002"|0|1|1|0|0|0|0|1|1|1|0|0|0|1|0|7056|17712|6372|6372|11704|305|118|354|23336250|65921.6101694915|0
"080690006001"|0|1|1|0|0|1|0|1|1|1|0|0|0|0|1|9426|28147|10520|25791|12430|6268|654|3296|337933378|102528.330703883|0
"080690006003"|0|1|1|0|0|1|0|1|1|1|0|0|0|0|1|9426|28147|10520|25791|12430|6268|654|3296|337933378|102528.330703883|0
"080690007001"|0|1|0|0|0|0|0|1|1|0|0|1|0|0|0|NA|NA|NA|NA|NA|0|0|0|0|NA|0
"080690010071"|0|1|0|0|0|0|0|1|1|1|1|0|1|0|0|14040|14040|NA|NA|NA|38|18|38|1878998|49447.3157894737|0
"080690010095"|0|1|0|0|0|0|0|1|1|1|0|0|1|0|0|14585|14585|NA|NA|NA|12|1|2|152164|76082|0
"080690016031"|0|1|0|0|0|0|0|1|0|0|0|0|0|0|0|NA|NA|NA|NA|NA|0|0|0|0|NA|0
"080690018073"|0|1|0|0|0|0|0|1|1|0|0|1|1|0|0|NA|NA|NA|NA|NA|0|0|0|0|NA|0
"080710001002"|0|1|0|0|0|0|0|1|1|1|1|0|0|1|0|3574|5957|NA|NA|7398|75|17|96|4393122|45761.6875|0
"080710002001"|0|1|0|0|0|0|0|1|1|1|1|0|0|1|0|3574|5957|NA|NA|7398|75|17|96|4393122|45761.6875|0
"080710002002"|0|1|0|0|0|0|0|1|1|1|1|0|0|1|0|3574|5957|NA|NA|7398|75|17|96|4393122|45761.6875|0
"080710002003"|0|1|0|0|0|0|0|1|1|1|1|0|0|1|0|3574|5957|NA|NA|7398|75|17|96|4393122|45761.6875|0
"080759662001"|0|1|0|0|0|0|0|1|1|1|1|0|0|1|0|4467|6701|NA|NA|7080|93|31|104|5326140|51212.8846153846|0
"080770004002"|0|1|0|0|0|0|0|1|1|0|0|1|1|0|0|NA|NA|NA|NA|NA|0|0|0|0|NA|0
"080770005002"|0|1|1|0|0|0|0|1|1|1|0|0|0|1|0|7787|20720|9000|13500|11168|377|141|608|37690002|61990.1348684211|0
"080770016002"|0|1|0|0|0|0|0|1|1|1|1|0|1|0|0|NA|NA|NA|NA|NA|35|4|68|3138284|46151.2352941177|0
"080870002001"|0|1|0|0|0|0|0|1|1|1|0|0|0|1|0|3574|14662|NA|NA|NA|72|6|76|4771984|62789.2631578947|0
"080870006001"|0|1|0|0|0|0|0|1|1|1|0|0|0|1|0|3574|14662|NA|NA|NA|72|6|76|4771984|62789.2631578947|0
"080899686005"|0|1|0|0|0|0|0|1|1|1|1|0|0|1|0|3574|5957|NA|NA|7104|189|31|64|3337486|52148.21875|0
"080990003004"|0|1|0|0|0|0|0|1|1|1|1|0|1|0|0|3574|5956|NA|NA|6588|50|14|42|1949990|46428.3333333333|0
"080990007002"|0|1|0|0|0|0|0|1|1|1|1|0|1|0|0|3574|5956|NA|NA|6588|50|14|42|1949990|46428.3333333333|0
"081010009021"|0|1|1|0|0|0|0|1|1|1|0|0|0|1|0|6349|19658|5651|16803|10740|352|121|328|20770440|63324.5121951219|0
"081010009031"|0|1|1|0|0|0|0|1|1|1|0|0|0|1|0|6349|19658|5651|16803|10740|352|121|328|20770440|63324.5121951219|0
"081010009041"|0|1|1|0|0|0|0|1|1|1|0|0|0|1|0|6349|19658|5651|16803|10740|352|121|328|20770440|63324.5121951219|0
"081010015002"|0|1|0|0|0|0|0|1|1|1|0|0|0|1|0|4429|15512|NA|NA|NA|222|48|178|10549676|59267.8426966292|0
"081010030042"|0|1|1|0|0|0|0|1|1|1|0|0|0|1|0|6349|19658|5651|16803|10740|352|121|328|20770440|63324.5121951219|0
"081039512001"|0|1|0|0|0|0|0|1|1|1|1|0|0|1|0|3574|5957|NA|NA|7590|76|23|74|4151572|56102.3243243243|0
"081039512002"|0|1|0|0|0|0|0|1|1|1|1|0|0|1|0|3574|5957|NA|NA|7590|76|23|74|4151572|56102.3243243243|0
"081039512003"|0|1|0|0|0|0|0|1|1|1|1|0|0|1|0|3574|5957|NA|NA|7590|76|23|74|4151572|56102.3243243243|0
"081230001001"|0|1|0|0|0|0|0|1|1|0|0|1|1|0|0|NA|NA|NA|NA|NA|0|0|0|0|NA|0
"081230002002"|0|1|1|0|0|0|0|1|1|1|0|0|0|0|1|7596|19854|10867|19620|11204|852|229|964|67950868|70488.4522821577|0
"081230014111"|0|1|0|0|0|0|0|1|1|1|1|0|0|1|0|2544|10200|NA|NA|NA|293|116|240|15279762|63665.675|0
"090010201001"|0|1|0|0|0|0|0|1|1|1|0|0|0|1|0|13798|36466|NA|NA|16574|0|0|0|0|NA|0
"090010216004"|0|1|0|0|0|0|0|1|1|1|0|0|0|1|0|13798|36466|NA|NA|16574|0|0|0|0|NA|0
"090010431001"|0|1|0|0|0|0|0|1|1|1|1|0|0|1|0|3984|11952|NA|NA|NA|108|34|176|14949994|84943.1477272727|0
"090010504001"|0|1|0|0|0|0|0|1|0|0|0|0|0|0|0|NA|NA|NA|NA|NA|0|0|0|0|NA|0
"090010504002"|0|1|0|0|0|0|0|1|0|0|0|0|0|0|0|NA|NA|NA|NA|NA|0|0|0|0|NA|0
"090010601001"|0|1|1|0|0|0|0|1|1|1|0|0|0|1|0|42800|42800|30427|30427|15960|625|217|658|58013574|88166.5258358663|0
"090010607001"|0|1|1|0|0|0|0|1|1|1|0|0|0|1|0|49080|49080|18795|18795|15150|542|196|600|59481350|99135.5833333333|0
"090010607005"|0|1|1|0|0|0|0|1|1|1|0|0|0|1|0|49080|49080|18795|18795|15150|542|196|600|59481350|99135.5833333333|0
"090010705001"|0|1|1|0|0|0|0|1|1|1|0|0|0|1|0|31920|31920|18612|18612|15950|293|80|302|24047338|79626.9470198676|0
"090010706001"|0|1|0|0|0|0|0|1|1|1|1|0|0|1|0|3984|11952|NA|NA|NA|131|34|148|11412894|77114.1486486487|0
"090010706002"|0|1|0|0|0|0|0|1|1|1|1|0|0|1|0|3984|11952|NA|NA|NA|131|34|148|11412894|77114.1486486487|0
"090010738003"|0|1|0|0|0|0|0|1|1|0|0|1|1|0|0|NA|NA|NA|NA|NA|0|0|0|0|NA|0
"090010804001"|0|2|0|0|0|0|0|2|2|0|0|2|1|1|0|NA|NA|NA|NA|NA|0|0|0|0|NA|0
"090010805001"|0|1|0|0|0|0|0|1|1|0|0|1|1|0|0|NA|NA|NA|NA|NA|0|0|0|0|NA|0
"090010805002"|0|1|0|0|0|0|0|1|1|0|0|1|1|0|0|NA|NA|NA|NA|NA|0|0|0|0|NA|0
"090011103022"|0|1|0|0|0|0|0|1|1|0|0|1|1|0|0|NA|NA|NA|NA|NA|0|0|0|0|NA|0
"090012101002"|0|1|0|0|0|0|0|1|0|0|0|0|0|0|0|NA|NA|NA|NA|NA|0|0|0|0|NA|0
"090012101003"|0|1|0|0|0|0|0|1|0|0|0|0|0|0|0|NA|NA|NA|NA|NA|0|0|0|0|NA|0
"090012102002"|0|1|1|0|0|0|0|1|1|1|0|0|0|1|0|5924|17726|7378|19008|13452|369|89|448|42324668|94474.7053571429|0
"090012305022"|0|1|0|0|0|0|0|1|1|0|0|1|1|0|0|NA|NA|NA|NA|NA|0|0|0|0|NA|0
"090012572002"|0|1|0|0|0|0|0|1|1|1|1|0|0|1|0|3984|11952|NA|NA|NA|131|34|148|11412894|77114.1486486487|0
"090034058001"|0|1|0|0|0|0|0|1|1|0|0|1|1|0|0|NA|NA|NA|NA|NA|0|0|0|0|NA|0
"090034058003"|0|1|0|0|0|0|0|1|1|0|0|1|1|0|0|NA|NA|NA|NA|NA|0|0|0|0|NA|0
"090034154001"|0|1|0|0|0|0|0|1|1|0|0|1|1|0|0|NA|NA|NA|NA|NA|0|0|0|0|NA|0
"090034154002"|0|1|0|0|0|0|0|1|1|0|0|1|1|0|0|NA|NA|NA|NA|NA|0|0|0|0|NA|0
"090034163002"|0|1|1|0|0|0|0|1|1|1|0|0|0|1|0|7656|10056|9288|9720|NA|62|25|0|0|NA|0
"090034172001"|0|2|2|0|0|0|0|2|2|2|0|0|0|1|1|13580|27782|16666|28728|NA|582|177|880|82875798|NA|0
"090034173001"|0|2|2|0|0|0|0|2|2|2|0|0|0|1|1|13580|27782|16666|28728|NA|582|177|880|82875798|NA|0
"090034301001"|0|1|0|0|0|0|0|1|1|0|0|1|1|0|0|NA|NA|NA|NA|NA|0|0|0|0|NA|0
"090034302032"|0|1|0|0|0|0|0|1|1|0|0|1|1|0|0|NA|NA|NA|NA|NA|0|0|0|0|NA|0
"090034602042"|0|1|0|0|0|0|0|1|1|1|1|0|0|1|0|3984|11952|NA|NA|NA|90|24|108|9012780|83451.6666666667|0
"090034808001"|0|1|0|0|0|0|0|1|1|1|1|0|0|1|0|3984|11952|NA|NA|NA|78|12|68|4937100|72604.4117647059|0
"090034808002"|0|1|0|0|0|0|0|1|1|1|1|0|0|1|0|3984|11952|NA|NA|NA|78|12|68|4937100|72604.4117647059|0
"090034808004"|0|1|0|0|0|0|0|1|1|1|1|0|0|1|0|3984|11952|NA|NA|NA|78|12|68|4937100|72604.4117647059|0
"090034841001"|0|1|0|0|0|0|0|1|1|0|0|1|1|0|0|NA|NA|NA|NA|NA|0|0|0|0|NA|0
"090034841002"|0|1|0|0|0|0|0|1|1|0|0|1|1|0|0|NA|NA|NA|NA|NA|0|0|0|0|NA|0
"090034922001"|0|1|0|0|0|0|0|1|1|0|0|1|1|0|0|NA|NA|NA|NA|NA|0|0|0|0|NA|0
"090034961001"|0|1|0|0|0|0|0|1|1|0|0|1|1|0|0|NA|NA|NA|NA|NA|0|0|0|0|NA|0
"090034961002"|0|1|0|0|0|0|0|1|1|0|0|1|1|0|0|NA|NA|NA|NA|NA|0|0|0|0|NA|0
"090034972002"|0|1|1|0|0|0|0|1|1|1|0|0|0|1|0|38482|38482|14202|14202|11771|370|58|278|23690630|85218.0935251799|0
"090035021001"|0|2|1|0|0|0|0|3|3|3|1|0|1|2|0|NA|NA|NA|NA|NA|104|13|136|10613994|NA|0
"090035021002"|0|3|1|0|0|0|0|4|3|3|1|1|2|2|0|NA|NA|NA|NA|NA|104|13|136|10613994|NA|0
"090035025001"|0|1|0|0|0|0|0|1|0|0|0|1|1|0|0|NA|NA|NA|NA|NA|0|0|0|0|NA|0
"090035025002"|0|1|0|0|0|0|0|1|0|0|0|1|1|0|0|NA|NA|NA|NA|NA|0|0|0|0|NA|0
"090035027001"|0|1|1|0|0|0|0|1|1|1|0|0|0|1|0|56380|56380|17400|17400|15300|421|143|446|43592936|97742.0089686099|0
"090035027002"|0|1|1|0|0|0|0|1|1|1|0|0|0|1|0|56380|56380|17400|17400|15300|421|143|446|43592936|97742.0089686099|0
"090035027003"|0|1|1|0|0|0|0|1|1|1|0|0|0|1|0|56380|56380|17400|17400|15300|421|143|446|43592936|97742.0089686099|0
"090035038001"|0|1|1|0|0|0|0|1|1|1|0|0|0|1|0|39220|39220|14292|14292|12968|616|218|714|57010194|79846.2100840336|0
"090035042001"|0|0|1|0|0|0|0|1|1|1|0|0|1|0|0|NA|NA|14094|14094|NA|14|5|14|1288508|92036.2857142857|0
"090035042003"|0|0|1|0|0|0|0|1|1|1|0|0|1|0|0|NA|NA|14094|14094|NA|14|5|14|1288508|92036.2857142857|0
"090035045001"|0|1|1|0|0|0|0|1|1|1|0|0|0|1|0|56380|56380|17400|17400|15300|421|143|446|43592936|97742.0089686099|0
"090035104001"|0|1|0|0|0|0|0|1|1|0|0|1|1|0|0|NA|NA|NA|NA|NA|0|0|0|0|NA|0
"090035108001"|0|1|1|0|0|0|0|1|1|1|0|0|0|1|0|19988|19988|13500|13500|6300|243|56|184|12871796|69955.4130434783|0
"090035113002"|0|1|0|0|0|0|0|1|1|0|0|1|1|0|0|NA|NA|NA|NA|NA|0|0|0|0|NA|0
"090035151012"|0|1|0|0|0|0|0|1|1|1|1|0|0|1|0|3984|11952|NA|NA|NA|154|29|192|15662000|81572.9166666667|0
"090035151021"|0|1|0|0|0|0|0|1|1|1|1|0|0|1|0|3984|11952|NA|NA|NA|154|29|192|15662000|81572.9166666667|0
"090053201002"|0|1|0|0|0|0|0|1|1|1|1|0|0|1|0|3984|11952|NA|NA|NA|56|13|56|4613726|82387.9642857143|0
"090075415001"|0|1|1|0|0|0|0|1|1|1|0|0|0|1|0|56704|56704|56704|56704|15724|576|171|756|86209064|114033.153439153|0
"090075701003"|0|1|0|0|0|0|0|1|1|0|0|1|1|0|0|NA|NA|NA|NA|NA|0|0|0|0|NA|0
"090075703001"|0|1|1|0|0|0|0|1|1|1|0|0|1|0|0|8640|8640|4320|4320|12950|23|11|28|1287298|45974.9285714286|0
"090075703002"|0|1|1|0|0|0|0|1|1|1|0|0|1|0|0|8640|8640|4320|4320|12950|23|11|28|1287298|45974.9285714286|0
"090075703003"|0|1|1|0|0|0|0|1|1|1|0|0|1|0|0|8640|8640|4320|4320|12950|23|11|28|1287298|45974.9285714286|0
"090076802001"|0|1|0|0|0|0|0|1|1|1|1|0|0|1|0|3984|11952|NA|NA|NA|62|13|92|7606288|82677.0434782609|0
"090076802004"|0|1|0|0|0|0|0|1|1|1|1|0|0|1|0|3984|11952|NA|NA|NA|62|13|92|7606288|82677.0434782609|0
"090091301011"|0|1|0|0|0|0|0|1|1|0|0|1|1|0|0|NA|NA|NA|NA|NA|0|0|0|0|NA|0
"090091401001"|0|1|0|0|0|0|0|1|1|1|1|0|0|1|0|3984|11952|NA|NA|NA|143|48|204|16722432|81972.7058823529|0
"090091413001"|0|1|1|0|0|0|0|1|1|1|0|0|0|1|0|5924|16882|7675|17677|13270|552|151|846|77646720|91780.9929078014|0
"090091413004"|0|1|1|0|0|0|0|1|1|1|0|0|0|1|0|5924|16882|7675|17677|13270|552|151|846|77646720|91780.9929078014|0
"090091414001"|0|1|1|0|0|0|0|1|1|1|0|0|0|1|0|5924|16882|7675|17677|13270|552|151|846|77646720|91780.9929078014|0
"090091418001"|0|0|1|0|0|0|0|1|0|0|0|0|0|0|0|NA|NA|NA|NA|NA|0|0|0|0|NA|0
"090091418002"|0|0|1|0|0|0|0|1|0|0|0|0|0|0|0|NA|NA|NA|NA|NA|0|0|0|0|NA|0
"090091418003"|0|2|3|0|0|1|0|3|2|2|0|0|0|1|1|NA|NA|NA|NA|NA|7431|1588|2604|454749472|NA|0
"090091418004"|0|1|1|0|0|0|0|1|1|1|0|0|0|1|0|32770|32770|20520|20520|13692|164|47|104|7613822|73209.8269230769|0
"090091420003"|0|1|1|0|0|1|0|1|1|1|0|0|0|0|1|55500|55500|43300|43300|16600|7267|1541|2500|447135650|178854.26|0
"090091542005"|0|1|0|0|0|0|0|1|1|0|0|1|1|0|0|NA|NA|NA|NA|NA|0|0|0|0|NA|0
"090091542006"|0|1|0|0|0|0|0|1|1|0|0|1|1|0|0|NA|NA|NA|NA|NA|0|0|0|0|NA|0
"090091547001"|0|1|0|0|0|0|0|1|1|0|0|1|1|0|0|NA|NA|NA|NA|NA|0|0|0|0|NA|0
"090091547006"|0|1|0|0|0|0|0|1|1|0|0|1|1|0|0|NA|NA|NA|NA|NA|0|0|0|0|NA|0
"090091656003"|0|1|0|0|0|0|0|1|1|0|0|1|1|0|0|17220|17220|NA|NA|NA|0|0|0|0|NA|0
"090091656004"|0|1|0|0|0|0|0|1|1|1|0|0|1|0|0|17100|17100|NA|NA|NA|6|1|14|589240|42088.5714285714|0
"090091659003"|0|1|1|0|0|1|0|1|1|1|0|0|0|1|0|46790|46790|18990|18990|14940|818|182|834|91001352|109114.330935252|0
"090091660021"|0|1|1|0|0|1|0|1|1|1|0|0|0|1|0|46790|46790|18990|18990|14940|818|182|834|91001352|109114.330935252|0
"090091660023"|0|1|1|0|0|1|0|1|1|1|0|0|0|1|0|46790|46790|18990|18990|14940|818|182|834|91001352|109114.330935252|0
"090091660024"|0|1|1|0|0|1|0|1|1|1|0|0|0|1|0|46790|46790|18990|18990|14940|818|182|834|91001352|109114.330935252|0
"090091672022"|0|1|0|0|0|0|0|1|1|0|0|1|1|0|0|NA|NA|NA|NA|NA|0|0|0|0|NA|0
"090091672023"|0|1|0|0|0|0|0|1|1|0|0|1|1|0|0|NA|NA|NA|NA|NA|0|0|0|0|NA|0
"090091754001"|0|1|0|0|0|0|0|1|1|0|0|1|1|0|0|NA|NA|NA|NA|NA|0|0|0|0|NA|0
"090091842002"|0|2|0|0|0|0|0|2|2|0|0|2|2|0|0|NA|NA|NA|NA|NA|0|0|0|0|NA|0
"090091901002"|0|1|0|0|0|0|0|1|1|0|0|1|1|0|0|NA|NA|NA|NA|NA|0|0|0|0|NA|0
"090091902001"|0|1|0|0|0|0|0|1|1|0|0|1|1|0|0|NA|NA|NA|NA|NA|0|0|0|0|NA|0
"090091902002"|0|1|0|0|0|0|0|1|1|0|0|1|1|0|0|NA|NA|NA|NA|NA|0|0|0|0|NA|0
"090091902003"|0|1|0|0|0|0|0|1|1|0|0|1|1|0|0|NA|NA|NA|NA|NA|0|0|0|0|NA|0
"090093501001"|0|1|0|0|0|0|0|1|1|1|0|0|1|0|0|13798|36466|NA|NA|NA|0|0|0|0|NA|0
"090093501002"|0|1|0|0|0|0|0|1|1|1|0|0|1|0|0|13798|36466|NA|NA|NA|0|0|0|0|NA|0
"090093505001"|0|1|0|0|0|0|0|1|1|0|0|1|1|0|0|NA|NA|NA|NA|NA|0|0|0|0|NA|0
"090093505002"|0|1|0|0|0|0|0|1|1|0|0|1|1|0|0|NA|NA|NA|NA|NA|0|0|0|0|NA|0
"090093518001"|0|1|0|0|0|0|0|1|1|1|1|0|0|1|0|3984|11952|NA|NA|NA|177|60|190|16022012|84326.3789473684|0
"090093518003"|0|1|0|0|0|0|0|1|1|1|1|0|0|1|0|3984|11952|NA|NA|NA|177|60|190|16022012|84326.3789473684|0
"090093519001"|0|1|1|0|0|0|0|1|1|1|0|0|0|0|1|15258|15258|7500|7500|11600|560|36|98|7351318|75013.4489795918|0
"090093519002"|0|1|1|0|0|0|0|1|1|1|0|0|0|0|1|15258|15258|7500|7500|11600|560|36|98|7351318|75013.4489795918|0
"090093522001"|0|1|0|0|0|0|0|1|1|0|0|1|1|0|0|NA|NA|NA|NA|NA|0|0|0|0|NA|0
"090093523001"|0|1|0|0|0|0|0|1|1|0|0|1|1|0|0|NA|NA|NA|NA|NA|0|0|0|0|NA|0
"090093523002"|0|1|0|0|0|0|0|1|1|0|0|1|1|0|0|NA|NA|NA|NA|NA|0|0|0|0|NA|0
"090093527012"|0|1|0|0|0|0|0|1|1|0|0|1|1|0|0|NA|NA|NA|NA|NA|0|0|0|0|NA|0
"090093528003"|0|2|0|0|0|0|0|2|2|0|0|2|2|0|0|NA|NA|NA|NA|NA|0|0|0|0|NA|0
"090093612003"|0|1|0|0|0|0|0|1|1|0|0|1|1|0|0|NA|NA|NA|NA|NA|0|0|0|0|NA|0
"090093614021"|0|1|1|0|0|1|0|1|1|1|0|0|0|0|1|55500|55500|43300|43300|16600|7267|1541|2500|447135650|178854.26|0
"090093614022"|0|1|1|0|0|1|0|1|1|1|0|0|0|0|1|55500|55500|43300|43300|16600|7267|1541|2500|447135650|178854.26|0
"090093615002"|0|1|1|0|0|0|0|1|1|1|0|0|0|1|0|39000|39000|16920|16920|16852|507|150|542|52345498|96578.4095940959|0
"090093615003"|0|1|1|0|0|0|0|1|1|1|0|0|0|1|0|39000|39000|16920|16920|16852|507|150|542|52345498|96578.4095940959|0
"090116907001"|0|0|0|0|0|0|0|1|0|0|0|0|0|0|0|NA|NA|NA|NA|NA|0|0|0|0|NA|0
"090116909001"|0|1|0|0|0|0|0|1|1|1|0|0|1|0|0|32000|32000|NA|NA|13500|127|31|32|2246864|70214.5|0
"090116967003"|0|1|0|0|0|0|0|1|1|1|1|0|0|1|0|3984|11952|NA|NA|NA|84|23|140|10991736|78512.4|0
"090117026001"|0|1|0|0|0|0|0|1|1|1|0|0|1|0|0|13798|36466|NA|NA|NA|0|0|0|0|NA|0
"090117027001"|0|1|0|0|0|0|0|1|0|0|0|0|0|0|0|NA|NA|NA|NA|NA|0|0|0|0|NA|0
"090118703002"|0|2|0|0|0|0|0|2|1|2|0|0|0|2|0|NA|NA|NA|NA|NA|794|188|700|71264846|210007.908450704|0
"090118703003"|0|2|0|0|0|0|0|2|1|2|0|0|0|2|0|NA|NA|NA|NA|NA|794|188|700|71264846|210007.908450704|0
"090119901000"|0|1|0|0|0|0|0|1|1|1|0|0|1|0|0|13798|36466|NA|NA|NA|0|0|0|0|NA|0
"090135382013"|0|1|0|0|0|0|0|1|1|0|0|1|1|0|0|NA|NA|NA|NA|NA|0|0|0|0|NA|0
"090138812001"|0|1|1|0|1|1|0|1|1|1|0|0|0|0|1|13798|36466|16300|38212|13258|5961|2164|2990|354630904|118605.653511706|0
"090138813002"|0|1|1|0|1|1|0|1|1|1|0|0|0|0|1|13798|36466|16300|38212|13258|5961|2164|2990|354630904|118605.653511706|0
"090158003003"|0|1|1|0|0|0|0|1|1|1|0|0|0|1|0|5924|17726|7378|19008|13948|385|83|408|35764134|87657.1911764706|0
"090159044004"|0|1|0|0|0|0|0|1|1|1|1|0|0|1|0|3984|11952|NA|NA|NA|57|4|54|4234038|78408.1111111111|0
"100010407001"|0|3|1|1|0|0|0|3|3|2|0|0|0|1|1|NA|NA|NA|NA|NA|1143|393|1216|94700396|NA|0
"100010409001"|0|1|1|0|0|0|0|1|1|1|0|0|0|1|0|26406|26406|10800|10800|11864|102|34|160|10268622|64178.8875|0
"100010414001"|0|1|0|0|0|0|0|1|1|0|0|1|1|0|0|NA|NA|NA|NA|NA|0|0|0|0|NA|0
"100010415001"|0|1|0|0|0|0|0|1|1|0|0|1|1|0|0|NA|NA|NA|NA|NA|0|0|0|0|NA|0
"100010422013"|0|1|0|0|0|0|0|1|1|0|0|1|1|0|0|NA|NA|NA|NA|NA|0|0|0|0|NA|0
"100010433001"|0|3|1|1|0|0|0|3|3|2|0|0|0|1|1|NA|NA|NA|NA|NA|1143|393|1216|94700396|NA|0
"100030028001"|0|1|0|0|0|0|0|1|1|1|1|0|1|0|0|24050|24050|NA|NA|12450|18|9|12|562800|46900|0
"100030114003"|0|1|0|0|0|0|0|1|1|0|0|1|1|0|0|NA|NA|NA|NA|NA|0|0|0|0|NA|0
"100030136042"|0|1|1|0|0|0|0|1|1|1|0|0|0|1|0|24780|24780|20106|20106|8482|61|21|42|3472652|82682.1904761905|0
"100030136074"|0|1|1|0|0|0|0|1|1|1|0|0|0|1|0|24780|24780|20106|20106|8482|61|21|42|3472652|82682.1904761905|0
"100030136102"|0|1|0|0|0|0|0|1|1|0|0|1|1|0|0|NA|NA|NA|NA|NA|0|0|0|0|NA|0
"100030136132"|0|1|1|0|0|0|0|1|1|1|0|0|0|1|0|24780|24780|20106|20106|8482|61|21|42|3472652|82682.1904761905|0
"100030138002"|0|2|1|0|0|0|0|2|2|1|0|1|2|0|0|NA|NA|NA|NA|NA|6|0|0|0|NA|0
"100030139041"|0|1|0|0|0|0|0|1|1|0|0|1|1|0|0|NA|NA|NA|NA|NA|0|0|0|0|NA|0
"100030139042"|0|1|0|0|0|0|0|1|1|0|0|1|1|0|0|NA|NA|NA|NA|NA|0|0|0|0|NA|0
"100030140002"|0|1|1|0|0|0|0|1|1|1|0|0|1|0|0|13320|13320|14940|14940|NA|6|0|0|0|NA|0
"100030145021"|0|1|0|0|0|0|0|1|1|0|0|1|1|0|0|NA|NA|NA|NA|NA|0|0|0|0|NA|0
"100030145022"|0|1|1|0|0|0|0|1|1|1|0|0|0|0|1|12730|34160|34164|34164|13208|3585|942|2530|308075014|121768.780237154|0
"100030147021"|0|1|0|0|0|0|0|1|1|0|0|1|1|0|0|NA|NA|NA|NA|NA|0|0|0|0|NA|0
"100030163012"|0|2|0|0|0|0|0|2|2|0|0|2|2|0|0|NA|NA|NA|NA|NA|0|0|0|0|NA|0
"100050509021"|0|1|0|0|0|0|0|1|1|0|0|1|1|0|0|6000|6000|NA|NA|NA|0|0|0|0|NA|0
"100050515003"|0|1|0|0|0|0|0|1|1|0|0|1|1|0|0|NA|NA|NA|NA|NA|0|0|0|0|NA|0
"110010002011"|0|1|1|0|0|1|0|1|1|1|0|0|0|0|1|55440|55440|51336|51336|16466|3353|791|2106|314538412|149353.471984805|0
"110010002022"|0|1|0|0|0|0|0|1|1|0|0|1|1|0|0|10400|10400|NA|NA|NA|0|0|0|0|NA|0
"110010002024"|0|1|1|0|0|1|0|1|1|1|0|0|0|0|1|55440|55440|51336|51336|16466|3353|791|2106|314538412|149353.471984805|0
"110010006001"|0|1|2|2|0|0|0|2|2|2|0|0|1|1|0|NA|NA|NA|NA|NA|503|135|454|38254374|216064.37254902|0
"110010008022"|0|1|1|0|0|1|0|1|1|1|0|0|0|0|1|55440|55440|51336|51336|16466|3353|791|2106|314538412|149353.471984805|0
"110010009013"|0|1|2|0|0|0|0|2|2|2|0|0|1|0|1|NA|NA|50542|50542|NA|1950|567|1726|188237000|203268.661853002|0
"110010012004"|0|1|2|2|0|0|0|2|2|2|0|0|1|1|0|NA|NA|NA|NA|NA|503|135|454|38254374|216064.37254902|0
"110010023021"|0|1|2|0|0|0|0|2|2|2|0|0|1|1|0|NA|NA|66000|66000|NA|1084|267|780|71790274|188936.373578303|0
"110010034002"|0|1|1|1|1|1|0|1|1|1|0|0|0|1|0|24966|24966|31309|31309|14365|1151|488|1478|135984284|92005.6048714479|0
"110010052012"|0|0|1|0|0|0|0|1|1|1|0|0|1|0|0|NA|NA|31200|31200|NA|38|12|82|2367966|28877.6341463415|0
"110010088031"|0|1|1|0|0|0|0|1|1|1|0|0|0|1|0|16512|16512|18180|18180|14928|536|178|378|37133028|98235.5238095238|0
"110010092011"|0|2|2|0|0|0|0|3|3|2|0|1|2|1|0|NA|NA|NA|NA|NA|120|25|170|13203358|NA|0
"110010095013"|0|1|2|0|0|0|0|2|2|2|0|0|1|1|0|NA|NA|66000|66000|NA|1084|267|780|71790274|188936.373578303|0
"110010101001"|0|2|2|0|0|0|0|3|3|3|1|0|3|0|0|NA|NA|NA|NA|NA|82|17|98|7419630|187147.820512821|0
"110010101002"|0|2|2|0|0|0|0|2|2|2|0|0|1|0|1|26640|26640|29880|29880|NA|457|99|224|18314876|NA|0
"110010106002"|0|1|0|0|0|0|0|1|1|0|0|1|1|0|0|NA|NA|NA|NA|NA|0|0|0|0|NA|0
"110010107001"|0|1|1|0|0|0|0|2|2|1|0|1|2|0|0|NA|NA|NA|NA|NA|23|2|10|1010000|NA|0
"110010108003"|0|1|1|0|0|1|0|1|1|1|0|0|0|0|1|54453|54453|31770|31770|14300|3127|743|2300|318647270|138542.291304348|0
"120010004003"|0|0|1|0|0|0|0|1|1|1|0|0|1|0|0|NA|NA|11200|11200|NA|4|1|4|146000|36500|0
"120010005001"|0|0|1|0|0|0|0|1|1|1|0|0|1|0|0|NA|NA|46350|46350|NA|9|2|0|0|NA|0
"120010005004"|0|1|0|0|0|0|0|1|1|0|0|1|1|0|0|13056|13056|NA|NA|NA|0|0|0|0|NA|0
"120010007001"|0|0|1|0|0|0|0|1|1|1|0|0|1|0|0|NA|NA|46350|46350|NA|9|2|0|0|NA|0
"120010007004"|0|1|0|0|0|0|0|1|1|0|0|1|1|0|0|NA|NA|NA|NA|NA|0|0|0|0|NA|0
"120010009021"|0|2|1|0|0|1|0|2|2|2|0|0|0|1|1|7835|40694|NA|NA|NA|9220|1788|5054|603367782|177579.379698053|0
"120010009022"|0|2|1|0|0|1|0|2|2|2|0|0|0|1|1|7835|40694|NA|NA|NA|9220|1788|5054|603367782|177579.379698053|0
"120010009023"|0|2|1|0|0|1|0|2|2|2|0|0|0|1|1|7835|40694|NA|NA|NA|9220|1788|5054|603367782|177579.379698053|0
"120010009024"|0|2|1|0|0|1|0|2|2|2|0|0|0|1|1|7835|40694|NA|NA|NA|9220|1788|5054|603367782|177579.379698053|0
"120010010004"|0|2|1|0|0|1|0|2|2|2|0|0|0|1|1|7835|40694|NA|NA|NA|9220|1788|5054|603367782|177579.379698053|0
"120010016044"|0|2|0|0|0|0|0|2|2|1|0|1|2|0|0|NA|NA|NA|NA|NA|13|4|6|291244|NA|0
"120010017012"|0|1|0|0|0|0|0|1|1|1|0|0|0|0|1|1872|7418|NA|NA|NA|489|225|488|26572940|54452.7459016393|0
"120010021011"|0|1|0|0|0|0|0|1|1|0|0|1|1|0|0|NA|NA|NA|NA|NA|0|0|0|0|NA|0
"120010021012"|0|1|0|0|0|0|0|1|1|0|0|1|1|0|0|NA|NA|NA|NA|NA|0|0|0|0|NA|0
"120010022173"|0|2|0|0|0|0|0|2|2|1|0|1|2|0|0|NA|NA|NA|NA|NA|13|4|6|291244|NA|0
"120010022201"|0|1|0|0|0|0|0|1|1|0|0|1|1|0|0|NA|NA|NA|NA|NA|0|0|0|0|NA|0
"120011108001"|0|1|0|0|0|0|0|1|1|0|0|1|1|0|0|NA|NA|NA|NA|NA|0|0|0|0|NA|0
"120050013021"|0|1|0|0|0|0|0|1|1|0|0|1|1|0|0|NA|NA|NA|NA|NA|0|0|0|0|NA|0
"120050024002"|0|1|0|0|0|0|0|1|1|1|0|0|0|1|0|1750|7064|NA|NA|NA|221|85|264|15350406|58145.4772727273|0
"120070002002"|0|1|0|0|0|0|0|1|1|0|0|1|1|0|0|NA|NA|NA|NA|NA|0|0|0|0|NA|0
"120090624001"|0|1|0|0|0|0|0|1|1|1|0|0|0|0|1|1892|7573|NA|NA|NA|508|209|538|29963710|55694.6282527881|0
"120090646022"|0|1|0|0|0|0|0|1|1|0|0|1|1|0|0|NA|NA|NA|NA|NA|0|0|0|0|NA|0
"120090647005"|0|1|0|0|0|0|0|1|1|0|0|1|1|0|0|NA|NA|NA|NA|NA|0|0|0|0|NA|0
"120090649012"|0|2|2|0|0|0|0|2|2|2|0|0|0|2|0|53960|53960|38466|38466|NA|824|253|596|54789898|188521.531944444|0
"120090698011"|0|1|0|0|0|0|0|1|1|0|0|1|1|0|0|NA|NA|NA|NA|NA|0|0|0|0|NA|0
"120110104053"|0|1|0|0|0|0|0|1|1|0|0|1|1|0|0|NA|NA|NA|NA|NA|0|0|0|0|NA|0
"120110104072"|0|1|1|0|0|0|0|1|1|1|0|0|1|0|0|6600|6600|5130|5130|NA|16|2|26|1054250|40548.0769230769|0
"120110105041"|0|1|0|0|0|0|0|1|1|0|0|1|1|0|0|NA|NA|NA|NA|NA|0|0|0|0|NA|0
"120110201032"|0|1|0|0|0|0|0|1|1|0|0|1|1|0|0|NA|NA|NA|NA|NA|0|0|0|0|NA|0
"120110201033"|0|1|0|0|0|0|0|1|1|0|0|1|0|1|0|NA|NA|NA|NA|NA|0|0|0|0|NA|0
"120110202052"|0|1|0|0|0|0|0|1|1|1|1|0|1|0|0|NA|NA|NA|NA|NA|22|15|10|527488|52748.8|0
"120110302021"|0|1|0|0|0|0|0|1|1|0|0|1|1|0|0|NA|NA|NA|NA|NA|0|0|0|0|NA|0
"120110308014"|0|1|0|0|0|0|0|1|1|1|1|0|1|0|0|NA|NA|NA|NA|NA|9|8|8|366080|45760|0
"120110311021"|0|1|0|0|0|0|0|1|1|0|0|1|1|0|0|NA|NA|NA|NA|NA|0|0|0|0|NA|0
"120110403002"|0|1|0|0|0|0|0|1|1|0|0|1|1|0|0|NA|NA|NA|NA|NA|0|0|0|0|NA|0
"120110425002"|0|2|1|0|0|0|0|2|2|2|0|0|1|0|1|18968|18968|NA|NA|NA|923|234|738|45532886|111340.447658402|0
"120110502071"|0|2|1|0|0|0|0|2|2|2|0|0|1|0|1|32336|32336|NA|NA|NA|1555|927|2516|167492166|111872.625538707|0
"120110503061"|0|1|0|0|0|0|0|1|1|1|1|0|1|0|0|16584|16584|NA|NA|NA|33|24|16|826884|51680.25|0
"120110504012"|0|1|0|0|0|0|0|1|1|0|0|1|1|0|0|NA|NA|NA|NA|NA|0|0|0|0|NA|0
"120110506012"|0|1|0|0|0|0|0|1|1|0|0|1|1|0|0|NA|NA|NA|NA|NA|0|0|0|0|NA|0
"120110601262"|0|1|0|0|0|0|0|1|1|0|0|1|1|0|0|NA|NA|NA|NA|NA|0|0|0|0|NA|0
"120110604032"|0|1|1|0|0|0|0|1|1|1|0|0|1|0|0|9000|9000|NA|NA|NA|8|1|2|90000|45000|0
"120110608022"|0|1|0|0|0|0|0|1|1|0|0|1|1|0|0|NA|NA|NA|NA|NA|0|0|0|0|NA|0
"120110702042"|0|3|1|0|0|1|0|3|3|1|0|2|1|1|1|NA|NA|NA|NA|NA|2163|477|710|72498686|NA|0
"120110906023"|0|1|0|0|0|0|0|1|1|0|0|1|1|0|0|NA|NA|NA|NA|NA|0|0|0|0|NA|0
"120110907001"|0|1|0|0|0|0|0|1|1|1|1|0|1|0|0|12528|12528|NA|NA|NA|15|7|4|170000|42500|0
"120110908012"|0|1|0|0|0|0|0|1|1|0|0|1|0|1|0|NA|NA|NA|NA|NA|0|0|0|0|NA|0
"120110914004"|0|1|0|0|0|0|0|1|1|0|0|1|1|0|0|NA|NA|NA|NA|NA|0|0|0|0|NA|0
"120111101004"|0|1|0|0|0|0|0|1|1|0|0|1|1|0|0|NA|NA|NA|NA|NA|0|0|0|0|NA|0
"120111103111"|0|1|1|0|0|0|0|1|1|1|0|0|1|0|0|9600|9600|11700|11700|NA|5|0|2|79104|39552|0
"120111103123"|0|1|0|0|0|0|0|1|1|0|0|1|1|0|0|NA|NA|NA|NA|NA|0|0|0|0|NA|0
"120111103133"|0|1|0|0|0|0|0|1|1|1|1|0|1|0|0|16584|16584|NA|NA|NA|22|15|4|171434|42858.5|0
"120111103211"|0|2|0|0|0|0|0|2|2|2|1|0|2|0|0|NA|NA|NA|NA|NA|35|8|30|2074466|127171.769230769|0
"120111103212"|0|2|0|0|0|0|0|2|2|2|1|0|2|0|0|NA|NA|NA|NA|NA|35|8|30|2074466|127171.769230769|0
"120111103222"|0|2|0|0|0|0|0|2|2|2|1|0|2|0|0|NA|NA|NA|NA|NA|35|8|30|2074466|127171.769230769|0
"120111103381"|0|1|1|0|0|0|0|1|1|1|0|0|1|0|0|9600|9600|11700|11700|NA|5|0|2|79104|39552|0
"120111103432"|0|1|1|0|0|0|0|1|1|1|0|0|1|0|0|14912|14912|17072|17072|NA|28|0|14|1372390|98027.8571428571|0
"120150203021"|0|1|0|0|0|0|0|1|1|0|0|1|1|0|0|2809|11625|NA|NA|NA|0|0|0|0|NA|0
"120174514002"|0|1|0|0|0|0|0|1|1|0|0|1|1|0|0|NA|NA|NA|NA|NA|0|0|0|0|NA|0
"120190309033"|0|1|0|0|0|0|0|1|1|0|0|1|1|0|0|NA|NA|NA|NA|NA|0|0|0|0|NA|0
"120190309042"|0|1|0|0|0|0|0|1|1|1|1|0|1|0|0|14814|14814|NA|NA|NA|19|0|8|550000|68750|0
"120210104161"|0|0|1|0|0|0|0|1|1|1|0|0|1|0|0|NA|NA|NA|NA|NA|40|9|54|5679488|105175.703703704|0
"120210104163"|0|0|1|0|0|0|0|1|1|1|0|0|1|0|0|NA|NA|NA|NA|NA|40|9|54|5679488|105175.703703704|0
"120210106021"|0|1|0|0|0|0|0|1|1|0|0|1|1|0|0|NA|NA|NA|NA|NA|0|0|0|0|NA|0
"120210106022"|0|1|0|0|0|0|0|1|1|0|0|1|1|0|0|NA|NA|NA|NA|NA|0|0|0|0|NA|0
"120210112013"|0|1|1|0|0|0|0|1|1|1|0|0|1|0|0|13800|13800|13500|13500|NA|84|7|52|3716396|71469.1538461538|0
"120210112021"|0|1|1|0|0|0|0|1|1|1|0|0|0|1|0|20938|20938|14182|14182|11990|127|33|126|8652192|68668.1904761905|0
"120210114001"|0|1|0|0|0|0|0|1|1|0|0|1|1|0|0|NA|NA|NA|NA|NA|0|0|0|0|NA|0
"120231103002"|0|1|0|0|0|0|0|1|1|1|0|0|0|1|0|2369|9473|NA|NA|5400|130|79|128|7026404|54893.78125|0
"120310001001"|0|1|0|0|0|0|0|1|1|0|0|1|1|0|0|NA|NA|NA|NA|NA|0|0|0|0|NA|0
"120310010001"|0|1|0|0|0|0|0|1|1|1|0|0|0|0|1|2095|7947|NA|NA|8496|962|401|700|39726006|56751.4371428571|0
"120310010002"|0|1|0|0|0|0|0|1|1|0|0|1|1|0|0|NA|NA|NA|NA|NA|0|0|0|0|NA|0
"120310025013"|0|1|0|0|0|0|0|1|1|0|0|1|1|0|0|NA|NA|NA|NA|NA|0|0|0|0|NA|0
"120310029022"|0|1|0|1|0|0|0|1|1|1|0|0|0|1|0|14878|14878|NA|NA|8010|126|43|120|5572818|46440.15|0
"120310104021"|0|1|0|0|0|0|0|1|1|0|0|1|1|0|0|NA|NA|NA|NA|NA|0|0|0|0|NA|0
"120310119032"|0|1|1|0|0|0|0|1|1|1|0|0|1|0|0|11980|11980|NA|NA|7040|21|9|28|1100010|39286.0714285714|0
"120310135033"|0|1|0|0|0|0|0|1|1|1|1|0|1|0|0|NA|NA|NA|NA|NA|25|19|4|220000|55000|0
"120310144011"|0|2|1|0|0|0|0|2|2|1|0|1|1|0|1|NA|NA|NA|NA|NA|1268|397|1040|76824540|NA|0
"120310144014"|0|1|0|0|0|0|0|1|1|0|0|1|1|0|0|NA|NA|NA|NA|NA|0|0|0|0|NA|0
"120310144041"|0|1|1|0|0|0|0|1|1|1|0|0|0|0|1|3996|16799|8978|20517|9720|1268|397|1040|76824540|73869.75|0
"120310145001"|0|1|0|0|0|0|0|1|1|0|0|1|1|0|0|NA|NA|NA|NA|NA|0|0|0|0|NA|0
"120310148002"|0|1|1|0|0|0|0|1|1|1|0|0|0|1|0|38140|38140|14706|14706|14330|364|131|492|38160760|77562.5203252033|0
"120310158021"|0|1|0|0|0|0|0|1|1|0|0|1|1|0|0|NA|NA|NA|NA|NA|0|0|0|0|NA|0
"120310159221"|0|1|0|0|0|0|0|1|1|1|1|0|1|0|0|13689|13689|NA|NA|NA|28|1|58|2950680|50873.7931034483|0
"120310159231"|0|1|0|0|0|0|0|1|1|0|0|1|1|0|0|NA|NA|NA|NA|NA|0|0|0|0|NA|0
"120310159261"|0|1|0|0|0|0|0|1|1|1|0|0|1|0|0|18900|18900|NA|NA|NA|50|7|56|4629804|82675.0714285714|0
"120310159262"|0|2|0|0|0|0|0|2|2|2|1|0|2|0|0|NA|NA|NA|NA|NA|83|17|92|7062666|150254.571428571|0
"120310159263"|0|1|0|0|0|0|0|1|1|1|0|0|1|0|0|18900|18900|NA|NA|NA|50|7|56|4629804|82675.0714285714|0
"120310166011"|0|0|1|0|0|0|0|1|1|1|0|0|1|0|0|NA|NA|NA|NA|NA|15|10|16|1440000|90000|0
"120310171001"|0|1|0|0|0|0|0|1|1|0|0|1|1|0|0|NA|NA|NA|NA|NA|0|0|0|0|NA|0
"120310172001"|0|2|0|0|0|0|0|2|2|0|0|2|2|0|0|NA|NA|NA|NA|NA|0|0|0|0|NA|0
"120330011011"|0|1|0|0|0|0|0|1|1|1|0|0|0|1|0|1887|7547|NA|NA|NA|415|128|338|16448420|48663.9644970414|0
"120330011012"|0|1|0|0|0|0|0|1|1|1|0|0|0|1|0|1887|7547|NA|NA|NA|415|128|338|16448420|48663.9644970414|0
"120330011013"|0|1|0|0|0|0|0|1|1|1|0|0|0|1|0|1887|7547|NA|NA|NA|415|128|338|16448420|48663.9644970414|0
"120330011041"|0|1|0|0|0|0|0|1|1|0|0|1|1|0|0|NA|NA|NA|NA|NA|0|0|0|0|NA|0
"120330012022"|0|1|0|0|0|0|0|1|1|1|0|0|0|1|0|1887|7547|NA|NA|NA|415|128|338|16448420|48663.9644970414|0
"120330032033"|0|1|0|0|0|0|0|1|1|0|0|1|1|0|0|NA|NA|NA|NA|NA|0|0|0|0|NA|0
"120330033011"|0|1|0|0|0|0|0|1|1|0|0|1|1|0|0|NA|NA|NA|NA|NA|0|0|0|0|NA|0
"120330035061"|0|1|0|0|0|0|0|1|1|1|1|0|1|0|0|13949|13949|NA|NA|NA|24|11|40|2193538|54838.45|0
"120330035062"|0|1|0|0|0|0|0|1|1|1|1|0|1|0|0|13949|13949|NA|NA|NA|24|11|40|2193538|54838.45|0
"120330035063"|0|1|0|0|0|0|0|1|1|1|1|0|1|0|0|13949|13949|NA|NA|NA|24|11|40|2193538|54838.45|0
"120330035074"|0|1|0|0|0|0|0|1|1|0|0|1|1|0|0|NA|NA|NA|NA|NA|0|0|0|0|NA|0
"120330036071"|0|1|1|0|0|0|0|1|1|1|0|0|0|0|1|3735|16004|7088|22166|10062|1029|208|704|57489676|81661.4715909091|0
"120350602081"|0|1|0|0|0|0|0|1|1|0|0|1|1|0|0|NA|NA|NA|NA|NA|0|0|0|0|NA|0
"120350602131"|0|1|0|0|0|0|0|1|1|0|0|1|1|0|0|NA|NA|NA|NA|NA|0|0|0|0|NA|0
"120350602132"|0|1|0|0|0|0|0|1|1|0|0|1|1|0|0|NA|NA|NA|NA|NA|0|0|0|0|NA|0
"120390207021"|0|1|0|0|0|0|0|1|1|0|0|1|1|0|0|NA|NA|NA|NA|NA|0|0|0|0|NA|0
"120530409111"|0|1|0|0|0|0|0|1|1|0|0|1|1|0|0|NA|NA|NA|NA|NA|0|0|0|0|NA|0
"120530409112"|0|1|0|0|0|0|0|1|1|0|0|1|1|0|0|NA|NA|NA|NA|NA|0|0|0|0|NA|0
"120530413022"|0|1|0|0|0|0|0|1|1|1|1|0|1|0|0|12209|12209|NA|NA|NA|13|2|8|548600|68575|0
"120530413052"|0|1|0|0|0|0|0|1|1|1|1|0|1|0|0|12209|12209|NA|NA|NA|13|2|8|548600|68575|0
"120559601033"|0|1|0|0|0|0|0|1|1|1|0|0|0|1|0|3135|11829|NA|NA|NA|190|79|132|7542604|57140.9393939394|0
"120559605022"|0|1|0|0|0|0|0|1|1|0|0|1|1|0|0|NA|NA|NA|NA|NA|0|0|0|0|NA|0
"120559605023"|0|1|0|0|0|0|0|1|1|0|0|1|1|0|0|NA|NA|NA|NA|NA|0|0|0|0|NA|0
"120570003006"|0|1|0|0|0|0|0|1|1|0|0|0|0|0|0|NA|NA|NA|NA|NA|0|0|0|0|NA|0
"120570017003"|0|2|0|0|0|0|0|2|2|0|0|2|1|0|0|NA|NA|NA|NA|NA|0|0|0|0|NA|0
"120570025003"|0|1|1|0|0|0|0|1|1|1|0|0|1|0|0|16920|16920|15600|15600|NA|42|6|48|3993736|83202.8333333333|0
"120570037001"|0|1|0|0|0|0|0|1|1|0|0|1|1|0|0|NA|NA|NA|NA|NA|0|0|0|0|NA|0
"120570037002"|0|1|0|0|0|0|0|1|1|0|0|1|1|0|0|NA|NA|NA|NA|NA|0|0|0|0|NA|0
"120570042001"|0|1|0|0|0|0|0|1|1|0|0|1|1|0|0|NA|NA|NA|NA|NA|0|0|0|0|NA|0
"120570042002"|0|1|0|0|0|0|0|1|1|0|0|1|1|0|0|NA|NA|NA|NA|NA|0|0|0|0|NA|0
"120570046002"|0|1|0|0|0|0|0|1|1|1|1|0|1|0|0|NA|NA|NA|NA|NA|26|6|16|787544|49221.5|0
"120570050003"|0|1|1|0|0|0|0|1|1|1|0|0|0|1|0|27990|27990|11466|11466|11136|405|174|736|63352136|86076.2717391304|0
"120570054014"|0|1|0|0|0|0|0|1|1|1|1|0|0|0|1|1931|7728|NA|NA|8784|650|224|596|36689920|61560.2684563758|0
"120570104023"|0|1|1|0|0|0|0|1|1|1|0|0|0|1|0|13320|13320|14940|14940|NA|44|0|10|801818|80181.8|0
"120570107021"|0|1|0|0|0|0|0|1|1|1|0|0|1|0|0|16300|16300|NA|NA|8690|73|23|72|4700106|65279.25|0
"120570107022"|0|1|0|0|0|0|0|1|1|1|0|0|1|0|0|16300|16300|NA|NA|8690|73|23|72|4700106|65279.25|0
"120570114121"|0|1|0|0|0|0|0|1|1|0|0|1|1|0|0|NA|NA|NA|NA|NA|0|0|0|0|NA|0
"120570114161"|0|1|0|0|0|0|0|1|1|0|0|1|1|0|0|NA|NA|NA|NA|NA|0|0|0|0|NA|0
"120570116111"|0|1|0|0|0|0|0|1|1|0|0|1|1|0|0|NA|NA|NA|NA|NA|0|0|0|0|NA|0
"120570116121"|0|1|1|0|0|0|0|1|1|1|0|0|0|0|0|1320|1320|3042|3042|NA|0|0|0|0|NA|0
"120570119011"|0|1|0|0|0|0|0|1|1|0|0|1|1|0|0|NA|NA|NA|NA|NA|0|0|0|0|NA|0
"120570119013"|0|1|0|0|0|0|0|1|1|0|0|1|1|0|0|NA|NA|NA|NA|NA|0|0|0|0|NA|0
"120570119041"|0|1|0|0|0|0|0|1|1|1|1|0|1|0|0|14121|14121|NA|NA|NA|30|16|22|1187654|53984.2727272727|0
"120570119062"|0|1|0|0|0|0|0|1|1|1|1|0|1|0|0|14121|14121|NA|NA|NA|30|16|22|1187654|53984.2727272727|0
"120570120022"|0|1|0|0|0|0|0|1|1|0|0|1|1|0|0|NA|NA|NA|NA|NA|0|0|0|0|NA|0
"120570121031"|0|1|0|0|0|0|0|1|1|1|1|0|1|0|0|NA|NA|NA|NA|NA|25|19|10|399860|39986|0
"120570121032"|0|1|0|0|0|0|0|1|1|0|0|1|1|0|0|NA|NA|NA|NA|NA|0|0|0|0|NA|0
"120570121033"|0|1|0|0|0|0|0|1|1|0|0|1|1|0|0|NA|NA|NA|NA|NA|0|0|0|0|NA|0
"120570122111"|0|1|0|0|0|0|0|1|1|0|0|1|1|0|0|NA|NA|NA|NA|NA|0|0|0|0|NA|0
"120570133151"|0|1|0|0|0|0|0|1|1|0|0|1|1|0|0|NA|NA|NA|NA|NA|0|0|0|0|NA|0
"120570135031"|0|1|0|0|0|0|0|1|1|0|0|1|1|0|0|NA|NA|NA|NA|NA|0|0|0|0|NA|0
"120610503021"|0|1|0|0|0|0|0|1|1|0|0|1|1|0|0|NA|NA|NA|NA|NA|0|0|0|0|NA|0
"120610503022"|0|1|0|0|0|0|0|1|1|0|0|1|1|0|0|NA|NA|NA|NA|NA|0|0|0|0|NA|0
"120632103001"|0|1|1|0|0|0|0|1|1|1|0|0|1|0|0|10800|10800|4320|4320|4612|33|17|46|2352074|51132.0434782609|0
"120632105003"|0|1|0|0|0|0|0|1|1|1|0|0|0|1|0|2365|8195|NA|NA|4560|110|44|78|4466536|57263.2820512821|0
"120690302041"|0|1|0|0|0|0|0|1|1|0|0|1|1|0|0|NA|NA|NA|NA|NA|0|0|0|0|NA|0
"120690302082"|0|1|0|0|0|0|0|1|1|0|0|1|1|0|0|NA|NA|NA|NA|NA|0|0|0|0|NA|0
"120690303021"|0|1|0|0|0|0|0|1|1|1|0|0|0|1|0|3232|13336|NA|NA|NA|165|48|160|7829044|48931.525|0
"120690303022"|0|1|0|0|0|0|0|1|1|1|0|0|0|1|0|3232|13336|NA|NA|NA|165|48|160|7829044|48931.525|0
"120690306021"|0|1|0|0|0|0|0|1|1|1|0|0|1|0|0|40580|40580|NA|NA|11946|86|8|108|5532218|51224.2407407407|0
"120710005024"|0|1|0|0|0|0|0|1|1|0|0|1|1|0|0|NA|NA|NA|NA|NA|0|0|0|0|NA|0
"120710007003"|0|1|0|0|0|0|0|1|1|1|1|0|1|0|0|14508|14508|NA|NA|NA|3|1|2|93600|46800|0
"120710012011"|0|2|0|0|0|0|0|2|2|0|0|2|2|0|0|NA|NA|NA|NA|NA|0|0|0|0|NA|0
"120710012012"|0|1|0|0|0|0|0|1|1|0|0|1|1|0|0|NA|NA|NA|NA|NA|0|0|0|0|NA|0
"120710012013"|0|2|0|0|0|0|0|2|2|0|0|2|2|0|0|NA|NA|NA|NA|NA|0|0|0|0|NA|0
"120710013001"|0|1|0|0|0|0|0|1|1|0|0|1|1|0|0|NA|NA|NA|NA|NA|0|0|0|0|NA|0
"120710014011"|0|1|0|0|0|0|0|1|1|1|0|0|1|0|0|13716|13716|NA|NA|NA|56|4|72|4012976|55735.7777777778|0
"120710014013"|0|1|0|0|0|0|0|1|1|1|0|0|1|0|0|13716|13716|NA|NA|NA|56|4|72|4012976|55735.7777777778|0
"120710014015"|0|1|0|0|0|0|0|1|1|0|0|1|1|0|0|NA|NA|NA|NA|NA|0|0|0|0|NA|0
"120710014022"|0|2|0|0|0|0|0|2|2|1|0|1|2|0|0|NA|NA|NA|NA|NA|56|4|72|4012976|NA|0
"120710014023"|0|2|0|0|0|0|0|2|2|1|0|1|2|0|0|NA|NA|NA|NA|NA|56|4|72|4012976|NA|0
"120710017013"|0|1|0|0|0|0|0|1|1|1|0|0|0|0|1|2436|9750|NA|NA|10500|364|108|390|21917914|56199.7794871795|0
"120710017031"|0|1|0|0|0|0|0|1|1|0|0|1|1|0|0|NA|NA|NA|NA|NA|0|0|0|0|NA|0
"120710102014"|0|1|0|0|0|0|0|1|1|0|0|1|1|0|0|NA|NA|NA|NA|NA|0|0|0|0|NA|0
"120710102015"|0|1|0|0|0|0|0|1|1|0|0|1|1|0|0|NA|NA|NA|NA|NA|0|0|0|0|NA|0
"120710102016"|0|1|0|0|0|0|0|1|1|0|0|1|1|0|0|NA|NA|NA|NA|NA|0|0|0|0|NA|0
"120710102017"|0|1|0|0|0|0|0|1|1|0|0|1|1|0|0|NA|NA|NA|NA|NA|0|0|0|0|NA|0
"120710401151"|0|1|1|0|0|0|0|1|1|1|0|0|0|0|1|4191|22328|6974|28170|9672|980|405|1014|82944518|81799.3274161736|0
"120710401152"|0|1|0|0|0|0|0|1|1|0|0|1|1|0|0|NA|NA|NA|NA|NA|0|0|0|0|NA|0
"120710401153"|0|1|1|0|0|0|0|1|1|1|0|0|0|0|1|4191|22328|6974|28170|9672|980|405|1014|82944518|81799.3274161736|0
"120710401181"|0|1|1|0|0|0|0|1|1|1|0|0|0|0|1|4191|22328|6974|28170|9672|980|405|1014|82944518|81799.3274161736|0
"120730004002"|0|1|1|1|0|0|0|1|1|1|0|0|0|1|0|3152|14524|8019|22108|10986|1183|307|1172|97949584|83574.7303754266|0
"120730011013"|0|1|0|0|0|0|0|1|1|0|0|1|1|0|0|NA|NA|NA|NA|NA|0|0|0|0|NA|0
"120730013001"|0|1|1|0|0|1|0|1|1|1|0|0|0|0|1|4640|19084|9684|24116|10780|5354|996|3202|334596550|104496.111805122|0
"120730016011"|0|1|0|0|0|0|0|1|1|0|0|1|1|0|0|NA|NA|NA|NA|NA|0|0|0|0|NA|0
"120730020031"|0|3|0|0|0|0|0|3|2|1|0|1|0|1|1|NA|NA|NA|NA|NA|556|189|362|19959600|NA|0
"120730020041"|0|1|0|0|0|0|0|1|1|0|0|1|1|0|0|NA|NA|NA|NA|NA|0|0|0|0|NA|0
"120791103012"|0|1|0|0|0|0|0|1|1|1|0|0|0|1|0|2280|9180|NA|NA|NA|85|52|58|2817698|48581|0
"120810003081"|0|1|0|0|0|0|0|1|1|1|0|0|0|0|1|2365|9467|NA|NA|NA|318|148|270|16612382|61527.3407407407|0
"120810003084"|0|1|0|0|0|0|0|1|1|1|0|0|0|0|1|2365|9467|NA|NA|NA|318|148|270|16612382|61527.3407407407|0
"120810008101"|0|1|0|0|0|0|0|1|1|0|0|1|1|0|0|NA|NA|NA|NA|NA|0|0|0|0|NA|0
"120810008103"|0|1|0|0|0|0|0|1|1|0|0|1|1|0|0|NA|NA|NA|NA|NA|0|0|0|0|NA|0
"120810009012"|0|0|0|0|0|0|0|1|0|0|0|0|0|0|0|NA|NA|NA|NA|NA|0|0|0|0|NA|0
"120810009024"|0|1|1|0|0|0|0|1|1|1|0|0|0|1|0|4206|15121|8350|19048|NA|113|42|180|15053250|83629.1666666667|0
"120810020121"|0|1|0|0|0|0|0|1|1|0|0|1|0|1|0|NA|NA|NA|NA|NA|0|0|0|0|NA|0
"120830011022"|0|1|0|0|0|0|0|1|1|1|1|0|1|0|0|10837|10837|NA|NA|NA|12|4|18|1230168|68342.6666666667|0
"120830011042"|0|1|0|0|0|0|0|1|1|1|1|0|1|0|0|10837|10837|NA|NA|NA|12|4|18|1230168|68342.6666666667|0
"120830011044"|0|1|0|0|0|0|0|1|1|1|1|0|1|0|0|10837|10837|NA|NA|NA|12|4|18|1230168|68342.6666666667|0
"120830016002"|0|1|0|0|0|0|0|1|1|1|0|0|0|1|0|1987|7947|NA|NA|NA|279|138|252|13566702|53836.119047619|0
"120830024012"|0|1|0|0|0|0|0|1|1|0|0|1|1|0|0|NA|NA|NA|NA|NA|0|0|0|0|NA|0
"120830024021"|0|1|0|0|0|0|0|1|1|0|0|1|1|0|0|NA|NA|NA|NA|NA|0|0|0|0|NA|0
"120830025022"|0|1|1|0|0|0|0|1|1|1|0|0|0|1|0|9360|9360|8640|8640|NA|202|10|258|20058786|77747.2325581395|0
"120850014062"|0|1|1|0|0|0|0|1|1|1|0|0|1|0|0|5990|5990|7650|7650|6680|23|7|12|221500|18458.3333333333|0
"120860001241"|0|1|1|0|0|0|0|1|1|1|0|0|0|1|0|33054|33054|13734|13734|11418|95|32|92|7458784|81073.7391304348|0
"120860001281"|0|1|0|0|0|0|0|1|1|0|0|1|1|0|0|NA|NA|NA|NA|NA|0|0|0|0|NA|0
"120860001282"|0|1|0|0|0|0|0|1|1|0|0|1|1|0|0|NA|NA|NA|NA|NA|0|0|0|0|NA|0
"120860002061"|0|1|0|0|0|0|0|1|1|0|0|1|1|0|0|NA|NA|NA|NA|NA|0|0|0|0|NA|0
"120860002143"|0|1|0|0|0|0|0|1|0|0|0|0|0|0|0|NA|NA|NA|NA|NA|0|0|0|0|NA|0
"120860002191"|0|1|0|0|0|0|0|1|1|0|0|1|1|0|0|NA|NA|NA|NA|NA|0|0|0|0|NA|0
"120860005012"|0|1|1|0|0|0|0|1|1|1|0|0|0|1|0|30900|30900|10416|10416|11700|197|57|180|17421234|96784.6333333333|0
"120860005014"|0|3|1|1|0|0|0|3|2|2|1|0|1|1|0|NA|NA|NA|NA|NA|152|51|150|9654096|NA|0
"120860007052"|0|2|1|0|0|0|0|2|2|2|1|0|1|1|0|NA|NA|NA|NA|NA|234|187|212|11061762|97245.5480769231|0
"120860007061"|0|1|0|0|0|0|0|1|1|0|0|1|1|0|0|NA|NA|NA|NA|NA|0|0|0|0|NA|0
"120860007071"|0|1|0|0|0|0|0|1|0|0|0|0|0|0|0|NA|NA|NA|NA|NA|0|0|0|0|NA|0
"120860007084"|0|2|0|0|0|0|0|2|2|1|1|1|2|0|0|NA|NA|NA|NA|NA|8|1|4|160000|NA|0
"120860007093"|0|1|0|0|0|0|0|1|1|0|0|1|1|0|0|NA|NA|NA|NA|NA|0|0|0|0|NA|0
"120860011022"|0|1|1|0|0|0|0|1|1|1|0|0|0|1|0|29700|29700|17820|17820|11474|569|260|606|50011892|82527.8745874587|0
"120860015021"|0|1|0|0|0|0|0|1|1|0|0|1|1|0|0|NA|NA|NA|NA|NA|0|0|0|0|NA|0
"120860025023"|0|1|0|0|0|0|0|1|1|0|0|1|1|0|0|19400|19400|NA|NA|NA|0|0|0|0|NA|0
"120860026003"|0|1|0|0|0|0|0|1|1|0|0|1|1|0|0|19400|19400|NA|NA|NA|0|0|0|0|NA|0
"120860026004"|0|1|0|0|0|0|0|1|1|0|0|1|1|0|0|19400|19400|NA|NA|NA|0|0|0|0|NA|0
"120860027032"|0|1|1|0|0|0|0|1|1|1|0|0|0|1|0|19260|19260|23580|23580|NA|58|34|20|1257876|62893.8|0
"120860027033"|0|1|1|0|0|0|0|1|1|1|0|0|0|1|0|19260|19260|23580|23580|NA|58|34|20|1257876|62893.8|0
"120860030011"|0|1|0|0|0|0|0|1|1|0|0|1|1|0|0|NA|NA|NA|NA|NA|0|0|0|0|NA|0
"120860037023"|0|1|1|0|0|0|0|1|1|1|0|0|1|0|0|9840|9840|10764|10764|NA|26|12|8|358000|44750|0
"120860037025"|0|1|1|0|0|0|0|1|1|1|0|0|1|0|0|9840|9840|10764|10764|NA|26|12|8|358000|44750|0
"120860037026"|0|1|1|0|0|0|0|1|1|1|0|0|1|0|0|9840|9840|10764|10764|NA|26|12|8|358000|44750|0
"120860037027"|0|1|1|0|0|0|0|1|1|1|0|0|1|0|0|9840|9840|10764|10764|NA|26|12|8|358000|44750|0
"120860037071"|0|1|0|0|0|0|0|1|1|1|0|0|0|0|1|1987|7947|NA|NA|NA|1763|1081|1416|106918246|75507.2358757062|0
"120860040005"|0|1|1|0|0|0|0|1|1|1|0|0|1|0|0|13000|13000|13000|13000|8000|37|4|18|635780|35321.1111111111|0
"120860043012"|0|1|1|0|0|0|0|1|1|1|0|0|1|0|0|8000|8000|8000|8000|8500|0|0|10|500898|50089.8|0
"120860047014"|0|1|0|0|0|0|0|1|1|0|0|1|1|0|0|NA|NA|NA|NA|NA|0|0|0|0|NA|0
"120860047015"|0|1|0|0|0|0|0|1|1|0|0|1|1|0|0|NA|NA|NA|NA|NA|0|0|0|0|NA|0
"120860047021"|0|1|0|0|0|0|0|1|1|0|0|1|1|0|0|NA|NA|NA|NA|NA|0|0|0|0|NA|0
"120860047033"|0|2|1|0|0|0|0|2|2|1|0|1|2|0|0|NA|NA|NA|NA|NA|63|9|108|8401578|NA|0
"120860049011"|0|1|0|0|0|0|0|1|1|0|0|1|1|0|0|NA|NA|NA|NA|NA|0|0|0|0|NA|0
"120860050021"|0|2|0|0|0|0|0|2|2|1|1|1|1|0|0|NA|NA|NA|NA|NA|0|0|0|0|NA|0
"120860050022"|0|1|0|0|0|0|0|1|1|0|0|1|0|1|0|NA|NA|NA|NA|NA|0|0|0|0|NA|0
"120860054061"|0|1|0|0|0|0|0|1|1|0|0|1|1|0|0|NA|NA|NA|NA|NA|0|0|0|0|NA|0
"120860054092"|0|1|0|0|0|0|0|1|1|0|0|1|1|0|0|NA|NA|NA|NA|NA|0|0|0|0|NA|0
"120860056001"|0|2|0|0|0|0|0|2|2|1|1|1|2|0|0|NA|NA|NA|NA|NA|15|2|8|561600|NA|0
"120860057012"|0|1|0|0|0|0|0|1|1|0|0|1|1|0|0|NA|NA|NA|NA|NA|0|0|0|0|NA|0
"120860057035"|0|1|0|0|0|0|0|1|1|0|0|1|1|0|0|NA|NA|NA|NA|NA|0|0|0|0|NA|0
"120860058025"|0|1|0|0|0|0|0|1|1|0|0|1|1|0|0|NA|NA|NA|NA|NA|0|0|0|0|NA|0
"120860059011"|0|1|0|0|0|0|0|1|1|1|1|0|1|0|0|NA|NA|NA|NA|NA|14|3|14|812000|58000|0
"120860059021"|0|1|0|0|0|0|0|1|0|0|0|0|0|0|0|NA|NA|NA|NA|NA|0|0|0|0|NA|0
"120860060022"|0|1|0|0|0|0|0|1|1|0|0|1|1|0|0|NA|NA|NA|NA|NA|0|0|0|0|NA|0
"120860063014"|0|1|0|0|0|0|0|1|1|1|1|0|1|0|0|22950|22950|NA|NA|NA|7|2|8|436800|54600|0
"120860064024"|0|1|0|0|0|0|0|1|1|0|0|1|1|0|0|NA|NA|NA|NA|NA|0|0|0|0|NA|0
"120860067022"|0|1|0|0|0|0|0|1|1|0|0|1|1|0|0|NA|NA|NA|NA|NA|0|0|0|0|NA|0
"120860067028"|0|1|0|0|0|0|0|1|1|1|1|0|1|0|0|NA|NA|NA|NA|NA|6|1|0|0|NA|0
"120860068023"|0|1|0|0|0|0|0|1|1|0|0|1|1|0|0|NA|NA|NA|NA|NA|0|0|0|0|NA|0
"120860070024"|0|1|0|0|0|0|0|1|1|0|0|1|1|0|0|NA|NA|NA|NA|NA|0|0|0|0|NA|0
"120860078041"|0|1|0|0|0|0|0|1|1|0|0|1|1|0|0|NA|NA|NA|NA|NA|0|0|0|0|NA|0
"120860078044"|0|1|0|0|0|0|0|1|1|1|0|0|1|0|0|12528|12528|NA|NA|NA|12|3|2|83474|41737|0
"120860078045"|0|1|0|0|0|0|0|1|1|1|0|0|1|0|0|12528|12528|NA|NA|NA|12|3|2|83474|41737|0
"120860084161"|0|1|1|0|0|0|0|1|1|1|0|0|1|0|0|9850|9850|15020|15020|NA|12|5|4|253610|63402.5|0
"120860088052"|0|1|1|0|0|0|0|1|1|1|0|0|1|0|0|23100|23100|23100|23100|12100|23|2|12|602696|50224.6666666667|0
"120860089011"|0|1|0|0|0|0|0|1|1|0|0|1|1|0|0|NA|NA|NA|NA|NA|0|0|0|0|NA|0
"120860089012"|0|1|0|0|0|0|0|1|1|0|0|1|1|0|0|NA|NA|NA|NA|NA|0|0|0|0|NA|0
"120860089013"|0|1|0|0|0|0|0|1|1|0|0|1|1|0|0|NA|NA|NA|NA|NA|0|0|0|0|NA|0
"120860089021"|0|1|0|0|0|0|0|1|1|0|0|1|1|0|0|NA|NA|NA|NA|NA|0|0|0|0|NA|0
"120860089041"|0|1|1|0|0|1|0|1|1|1|0|0|0|0|1|4721|16529|8912|21393|11136|4120|1040|2562|260160298|101545.783762685|0
"120860089072"|0|1|0|0|0|0|0|1|1|1|1|0|1|0|0|NA|NA|NA|NA|NA|21|16|12|584896|48741.3333333333|0
"120860090063"|0|1|0|0|0|0|0|1|0|0|0|0|0|0|0|NA|NA|NA|NA|NA|0|0|0|0|NA|0
"120860090064"|0|2|0|0|0|0|0|2|2|1|1|1|2|0|0|NA|NA|NA|NA|NA|11|1|4|2e+05|NA|0
"120860090101"|0|5|3|0|0|0|0|5|4|4|0|0|3|1|0|NA|NA|NA|NA|NA|130|41|98|7371892|NA|0
"120860090103"|0|4|2|0|0|0|0|4|3|3|0|0|2|1|0|NA|NA|NA|NA|NA|72|25|56|4754424|NA|0
"120860090142"|0|1|0|0|0|0|0|1|1|1|1|0|1|0|0|NA|NA|NA|NA|NA|24|5|28|1472514|52589.7857142857|0
"120860090202"|0|1|0|0|0|0|0|1|1|1|1|0|1|0|0|NA|NA|NA|NA|NA|12|8|4|180880|45220|0
"120860090243"|0|4|2|0|0|0|0|4|3|3|0|0|2|1|0|NA|NA|NA|NA|NA|72|25|56|4754424|NA|0
"120860090283"|0|1|1|0|0|0|0|1|1|1|0|0|1|0|0|11628|11628|11774|11774|NA|58|16|42|2617468|62320.6666666667|0
"120860090302"|0|5|2|0|0|0|0|5|4|3|0|1|3|1|0|NA|NA|NA|NA|NA|72|25|56|4754424|NA|0
"120860090343"|0|1|1|0|0|0|0|1|1|1|0|0|1|0|0|10200|10200|10710|10710|NA|36|4|0|0|NA|0
"120860091001"|0|1|0|0|0|0|0|1|1|0|0|1|1|0|0|NA|NA|NA|NA|NA|0|0|0|0|NA|0
"120860091002"|0|1|0|0|0|0|0|1|1|0|0|1|1|0|0|NA|NA|NA|NA|NA|0|0|0|0|NA|0
"120860091003"|0|1|0|0|0|0|0|1|1|0|0|1|1|0|0|NA|NA|NA|NA|NA|0|0|0|0|NA|0
"120860093061"|0|1|0|0|0|0|0|1|1|0|0|1|1|0|0|NA|NA|NA|NA|NA|0|0|0|0|NA|0
"120860093092"|0|1|0|0|0|0|0|1|1|0|0|1|1|0|0|NA|NA|NA|NA|NA|0|0|0|0|NA|0
"120860093114"|0|2|0|0|0|0|0|2|2|1|1|1|2|0|0|NA|NA|NA|NA|NA|8|1|4|160000|NA|0
"120860093122"|0|1|0|0|0|0|0|2|1|0|0|1|0|1|0|NA|NA|NA|NA|NA|0|0|0|0|NA|0
"120860093142"|0|1|0|0|0|0|0|1|1|0|0|1|1|0|0|NA|NA|NA|NA|NA|0|0|0|0|NA|0
"120860102071"|0|2|0|0|0|0|0|2|2|2|2|0|2|0|0|26908|26908|NA|NA|NA|25|10|14|1096000|128833.333333333|0
"120860106063"|0|1|0|0|0|0|0|1|1|1|1|0|1|0|0|11952|11952|NA|NA|NA|11|6|2|90000|45000|0
"120860106065"|0|1|0|0|0|0|0|1|1|1|1|0|1|0|0|14956|14956|NA|NA|NA|14|4|12|1006000|83833.3333333333|0
"120860109003"|0|1|0|0|0|0|0|1|1|0|0|1|1|0|0|NA|NA|NA|NA|NA|0|0|0|0|NA|0
"120860110011"|0|1|0|0|0|0|0|1|0|0|0|0|0|0|0|NA|NA|NA|NA|NA|0|0|0|0|NA|0
"120860111022"|0|1|0|0|0|0|0|1|1|0|0|1|1|0|0|NA|NA|NA|NA|NA|0|0|0|0|NA|0
"120860126002"|0|1|0|0|0|0|0|1|1|1|1|0|1|0|0|NA|NA|NA|NA|NA|2|0|0|0|NA|0
"120860137002"|0|1|0|0|0|0|0|1|1|0|0|1|1|0|0|NA|NA|NA|NA|NA|0|0|0|0|NA|0
"120860188003"|0|1|1|0|0|0|0|1|1|1|0|0|1|0|0|13320|13320|12960|12960|NA|10|0|4|253056|63264|0
"120860192001"|0|1|0|0|0|0|0|1|1|1|1|0|1|0|0|NA|NA|NA|NA|NA|17|8|4|166000|41500|0
"120860202003"|0|1|0|0|0|0|0|1|1|0|0|1|1|0|0|NA|NA|NA|NA|NA|0|0|0|0|NA|0
"120869803001"|0|1|1|0|1|1|0|1|1|1|0|0|0|0|1|50400|50400|37800|37800|14658|3246|767|2270|269610344|118771.076651982|0
"120869805001"|0|2|0|0|0|0|0|2|2|0|0|2|2|0|0|NA|NA|NA|NA|NA|0|0|0|0|NA|0
"120879719001"|0|1|0|0|0|0|0|1|1|1|0|0|1|0|0|2483|9933|NA|NA|15279|66|37|52|3464280|66620.7692307692|0
"120910209001"|0|1|0|0|0|0|0|1|1|1|0|0|0|1|0|2496|9552|NA|NA|NA|212|110|172|9916196|57652.3023255814|0
"120910217002"|0|1|0|0|0|0|0|1|1|0|0|1|1|0|0|NA|NA|NA|NA|NA|0|0|0|0|NA|0
"120950124031"|0|1|0|0|0|0|0|1|1|0|0|1|1|0|0|NA|NA|NA|NA|NA|0|0|0|0|NA|0
"120950126004"|0|1|0|0|0|0|0|1|1|0|0|1|1|0|0|NA|NA|NA|NA|NA|0|0|0|0|NA|0
"120950128004"|0|1|1|0|0|0|0|1|1|1|0|0|0|1|0|12240|12240|17130|17130|6126|150|49|182|17317666|95152.010989011|0
"120950128005"|0|1|1|0|0|0|0|1|1|1|0|0|0|1|0|12240|12240|17130|17130|6126|150|49|182|17317666|95152.010989011|0
"120950129001"|0|1|0|0|0|0|0|1|1|1|1|0|1|0|0|NA|NA|NA|NA|NA|24|6|6|320616|53436|0
"120950129004"|0|1|0|0|0|0|0|1|1|1|1|0|1|0|0|NA|NA|NA|NA|NA|24|6|6|320616|53436|0
"120950142001"|0|1|0|0|0|0|0|1|1|1|1|0|0|1|0|NA|NA|NA|NA|NA|99|6|92|4429046|48141.8043478261|0
"120950147031"|0|1|0|0|0|0|0|1|1|1|0|0|0|0|1|1984|7933|NA|NA|NA|1321|358|1238|67848986|54805.3198707593|0
"120950149061"|0|1|0|0|0|0|0|1|1|0|0|1|0|1|0|NA|NA|NA|NA|NA|0|0|0|0|NA|0
"120950152011"|0|1|0|0|0|0|0|1|1|0|0|1|1|0|0|NA|NA|NA|NA|NA|0|0|0|0|NA|0
"120950152012"|0|1|0|0|0|0|0|1|1|0|0|1|1|0|0|NA|NA|NA|NA|NA|0|0|0|0|NA|0
"120950154023"|0|1|0|0|0|0|0|1|1|0|0|1|1|0|0|NA|NA|NA|NA|NA|0|0|0|0|NA|0
"120950159012"|0|1|0|0|0|0|0|1|1|0|0|1|0|1|0|NA|NA|NA|NA|NA|0|0|0|0|NA|0
"120950159013"|0|1|0|0|0|0|0|1|1|0|0|1|0|1|0|NA|NA|NA|NA|NA|0|0|0|0|NA|0
"120950159022"|0|1|0|0|0|0|0|1|1|0|0|1|1|0|0|NA|NA|NA|NA|NA|0|0|0|0|NA|0
"120950160011"|0|1|1|0|0|0|0|1|1|1|0|0|0|1|0|51700|51700|20163|20163|14450|498|179|450|37822292|84049.5377777778|0
"120950160012"|0|1|1|0|0|0|0|1|1|1|0|0|0|1|0|51700|51700|20163|20163|14450|498|179|450|37822292|84049.5377777778|0
"120950161001"|0|1|1|0|0|0|0|1|1|1|0|0|0|1|0|51700|51700|20163|20163|14450|498|179|450|37822292|84049.5377777778|0
"120950161003"|0|1|1|0|0|0|0|1|1|1|0|0|0|1|0|51700|51700|20163|20163|14450|498|179|450|37822292|84049.5377777778|0
"120950162001"|0|1|1|0|0|0|0|1|1|1|0|0|0|0|1|20667|20667|14498|14498|NA|1366|836|1470|83444824|56765.1863945578|0
"120950164022"|0|1|0|0|0|0|0|1|1|1|1|0|1|0|0|NA|NA|NA|NA|NA|36|28|22|885840|40265.4545454545|0
"120950164061"|0|1|1|0|0|0|0|1|1|1|0|0|0|0|1|20667|20667|14498|14498|NA|1366|836|1470|83444824|56765.1863945578|0
"120950165071"|0|1|1|0|0|1|0|1|1|1|0|0|0|0|1|4478|19810|6916|25759|10010|4060|1158|3134|309879288|98876.6075303127|0
"120950165081"|0|2|1|0|0|1|0|2|2|2|0|0|0|1|1|17978|33310|NA|NA|NA|4243|1172|3160|311142842|147474.838299543|0
"120950165111"|0|2|0|0|0|0|0|2|2|2|1|0|1|1|0|NA|NA|NA|NA|NA|201|16|76|4191136|107149.870769231|0
"120950167131"|0|1|1|0|0|0|0|1|1|1|0|0|1|0|0|11880|11880|7110|7110|NA|27|2|16|710720|44420|0
"120950167141"|0|1|1|0|0|0|0|1|1|1|0|0|1|0|0|11880|11880|7110|7110|NA|27|2|16|710720|44420|0
"120950169021"|0|1|0|0|0|0|0|1|1|1|1|0|1|0|0|NA|NA|NA|NA|NA|5|0|2|22990|11495|0
"120950169023"|0|1|0|0|0|0|0|1|1|0|0|1|0|1|0|NA|NA|NA|NA|NA|0|0|0|0|NA|0
"120950170012"|0|1|1|0|0|0|0|1|1|1|0|0|1|0|0|9552|9552|16752|16752|NA|0|0|0|0|NA|0
"120950170081"|0|1|0|0|0|0|0|1|1|0|0|1|0|1|0|NA|NA|NA|NA|NA|0|0|0|0|NA|0
"120950174003"|0|1|0|0|0|0|0|1|1|0|0|1|0|1|0|NA|NA|NA|NA|NA|0|0|0|0|NA|0
"120950181002"|0|1|0|0|0|0|0|1|1|0|0|1|0|1|0|NA|NA|NA|NA|NA|0|0|0|0|NA|0
"120950188003"|0|1|1|0|0|0|0|1|1|0|0|0|0|0|0|NA|NA|NA|NA|NA|0|0|0|0|NA|0
"120950189004"|0|1|0|0|0|0|0|1|1|0|0|1|1|0|0|NA|NA|NA|NA|NA|0|0|0|0|NA|0
"120950189006"|0|1|1|0|0|0|0|1|1|0|0|0|0|0|0|NA|NA|NA|NA|NA|0|0|0|0|NA|0
"120970416004"|0|0|0|0|0|0|0|1|0|0|0|0|0|0|0|NA|NA|NA|NA|NA|0|0|0|0|NA|0
"120970417001"|0|0|0|0|0|0|0|1|0|0|0|0|0|0|0|NA|NA|NA|NA|NA|0|0|0|0|NA|0
"120970417003"|0|0|0|0|0|0|0|1|0|0|0|0|0|0|0|NA|NA|NA|NA|NA|0|0|0|0|NA|0
"120970420001"|0|1|0|0|0|0|0|1|1|0|0|1|1|0|0|NA|NA|NA|NA|NA|0|0|0|0|NA|0
"120970424001"|0|1|1|0|0|0|0|1|1|1|0|0|1|0|0|15480|15480|10350|10350|7950|31|10|24|1585110|66046.25|0
"120970429001"|0|1|0|0|0|0|0|1|0|0|0|1|1|0|0|NA|NA|NA|NA|NA|0|0|0|0|NA|0
"120970429002"|0|1|1|0|0|0|0|1|1|1|0|0|1|0|0|15480|15480|10350|10350|7950|31|10|24|1585110|66046.25|0
"120990011012"|0|1|0|0|0|0|0|1|1|0|0|1|1|0|0|NA|NA|NA|NA|NA|0|0|0|0|NA|0
"120990019091"|0|1|0|0|0|0|0|1|1|0|0|1|1|0|0|NA|NA|NA|NA|NA|0|0|0|0|NA|0
"120990027003"|0|1|1|0|0|0|0|1|1|1|0|0|0|1|0|31920|31920|10260|10260|10410|270|133|356|26244392|73720.202247191|0
"120990029001"|0|2|0|0|0|0|0|2|2|2|1|0|2|0|0|37240|37240|NA|NA|NA|117|36|138|8677630|120143.928571429|0
"120990029002"|0|1|0|0|0|0|0|1|1|0|0|1|1|0|0|NA|NA|NA|NA|NA|0|0|0|0|NA|0
"120990031011"|0|1|0|0|0|0|0|1|1|1|1|0|1|0|0|NA|NA|NA|NA|NA|33|26|22|1018524|46296.5454545455|0
"120990031013"|0|1|0|0|0|0|0|1|1|1|1|0|1|0|0|NA|NA|NA|NA|NA|33|26|22|1018524|46296.5454545455|0
"120990031021"|0|1|0|0|0|0|0|1|1|1|1|0|1|0|0|NA|NA|NA|NA|NA|13|6|32|2545754|79554.8125|0
"120990031024"|0|1|0|0|0|0|0|1|1|1|1|0|1|0|0|NA|NA|NA|NA|NA|13|6|32|2545754|79554.8125|0
"120990036004"|0|1|0|0|0|0|0|1|1|0|0|1|1|0|0|NA|NA|NA|NA|NA|0|0|0|0|NA|0
"120990040072"|0|1|0|0|0|0|0|1|1|0|0|1|1|0|0|NA|NA|NA|NA|NA|0|0|0|0|NA|0
"120990047051"|0|1|0|0|0|0|0|1|1|0|0|1|1|0|0|NA|NA|NA|NA|NA|0|0|0|0|NA|0
"120990050002"|0|1|0|0|0|0|0|1|1|1|0|0|0|0|1|2424|8712|NA|NA|NA|839|396|712|40425660|56777.6123595506|0
"120990058121"|0|1|0|0|0|0|0|1|1|1|1|0|1|0|0|16584|16584|NA|NA|NA|25|20|12|694880|57906.6666666667|0
"120990059152"|0|1|0|0|0|0|0|1|1|1|0|0|1|0|0|15230|15230|NA|NA|NA|19|5|40|3e+06|75000|0
"120990059521"|0|0|1|0|0|0|0|1|1|1|0|0|1|0|0|NA|NA|17366|17366|NA|37|3|26|1511026|58116.3846153846|0
"120990062031"|0|1|0|0|0|0|0|1|1|0|0|1|1|0|0|NA|NA|NA|NA|NA|0|0|0|0|NA|0
"120990069091"|0|1|0|0|0|0|0|1|1|0|0|1|1|0|0|NA|NA|NA|NA|NA|0|0|0|0|NA|0
"120990070021"|0|1|1|0|0|0|0|1|1|1|0|0|0|1|0|17520|17520|19200|19200|NA|136|65|96|3205920|33395|0
"120990070082"|0|1|1|0|0|0|0|1|1|1|0|0|0|1|0|36680|36680|13320|13320|12370|456|155|270|17825720|66021.1851851852|0
"120990071001"|0|1|1|0|0|1|0|1|1|1|0|0|0|0|1|2522|14374|5467|16695|11950|2188|376|1654|148245140|89628.2587666264|0
"120990076021"|0|1|1|0|0|1|0|1|1|1|0|0|0|0|1|2522|14374|5467|16695|11950|2188|376|1654|148245140|89628.2587666264|0
"120990076101"|0|1|0|0|0|0|0|1|1|0|0|1|1|0|0|NA|NA|NA|NA|NA|0|0|0|0|NA|0
"120990076102"|0|1|0|0|0|0|0|1|1|0|0|1|1|0|0|NA|NA|NA|NA|NA|0|0|0|0|NA|0
"120990076103"|0|1|0|0|0|0|0|1|0|0|0|0|0|0|0|NA|NA|NA|NA|NA|0|0|0|0|NA|0
"120990078123"|0|1|0|0|0|0|0|1|1|1|1|0|1|0|0|NA|NA|NA|NA|NA|8|3|8|306000|38250|0
"120990078181"|0|1|1|0|0|0|0|1|1|1|0|0|1|0|0|16920|16920|15600|15600|NA|33|3|38|2990886|78707.5263157895|0
"120990078373"|0|1|1|0|0|0|0|1|1|1|0|0|1|0|0|16920|16920|15600|15600|NA|33|3|38|2990886|78707.5263157895|0
"121010303011"|0|1|0|0|0|0|0|1|1|0|0|1|1|0|0|NA|NA|NA|NA|NA|0|0|0|0|NA|0
"121010303012"|0|1|0|0|0|0|0|1|1|0|0|1|1|0|0|NA|NA|NA|NA|NA|0|0|0|0|NA|0
"121010309051"|0|1|0|0|0|0|0|1|1|0|0|1|1|0|0|NA|NA|NA|NA|NA|0|0|0|0|NA|0
"121010315062"|0|1|0|0|0|0|0|1|1|1|0|0|1|0|0|15200|15200|NA|NA|7600|21|4|18|759928|42218.2222222222|0
"121010315071"|0|1|0|0|0|0|0|1|1|1|0|0|1|0|0|15200|15200|NA|NA|7600|21|4|18|759928|42218.2222222222|0
"121010317041"|0|1|0|0|0|0|0|1|1|1|0|0|0|0|1|2297|9272|NA|NA|NA|326|172|320|17245820|53893.1875|0
"121010317042"|0|1|0|0|0|0|0|1|1|1|0|0|0|0|1|2297|9272|NA|NA|NA|326|172|320|17245820|53893.1875|0
"121010322003"|0|1|1|0|0|0|0|1|1|1|0|0|0|0|1|23100|23100|7296|7296|13110|778|178|322|25507488|79215.801242236|0
"121030201051"|0|1|0|0|0|0|0|1|1|1|0|0|0|1|0|45452|45452|NA|NA|13026|170|76|324|23476086|72457.0555555556|0
"121030201052"|0|1|0|0|0|0|0|1|1|1|0|0|0|1|0|45452|45452|NA|NA|13026|170|76|324|23476086|72457.0555555556|0
"121030201053"|0|1|0|0|0|0|0|1|1|1|0|0|0|1|0|45452|45452|NA|NA|13026|170|76|324|23476086|72457.0555555556|0
"121030202061"|0|1|0|0|0|0|0|1|1|1|0|0|0|1|0|45452|45452|NA|NA|13026|170|76|324|23476086|72457.0555555556|0
"121030208002"|0|1|0|0|0|0|0|1|1|0|0|1|1|0|0|NA|NA|NA|NA|NA|0|0|0|0|NA|0
"121030208003"|0|1|0|0|0|0|0|1|1|0|0|1|1|0|0|NA|NA|NA|NA|NA|0|0|0|0|NA|0
"121030225011"|0|1|0|0|0|0|0|1|1|0|0|1|1|0|0|NA|NA|NA|NA|NA|0|0|0|0|NA|0
"121030228021"|0|1|0|0|0|0|0|1|1|0|0|1|1|0|0|NA|NA|NA|NA|NA|0|0|0|0|NA|0
"121030244122"|0|1|0|0|0|0|0|1|1|1|0|0|0|1|0|NA|NA|NA|NA|NA|59|23|132|9060392|68639.3333333333|0
"121030245141"|0|1|0|0|0|0|0|1|1|0|0|1|1|0|0|NA|NA|NA|NA|NA|0|0|0|0|NA|0
"121030245142"|0|2|0|0|0|0|0|2|2|1|0|1|1|0|1|NA|NA|NA|NA|NA|962|358|680|47252288|NA|0
"121030245143"|0|1|0|0|0|0|0|1|1|0|0|1|1|0|0|NA|NA|NA|NA|NA|0|0|0|0|NA|0
"121030250104"|0|1|1|0|0|0|0|1|1|1|0|0|1|0|0|14160|14160|18600|18600|NA|10|2|0|0|NA|0
"121030254082"|0|1|0|0|0|0|0|1|1|0|0|1|1|0|0|NA|NA|NA|NA|NA|0|0|0|0|NA|0
"121030254161"|0|1|0|0|0|0|0|1|1|0|0|1|1|0|0|NA|NA|NA|NA|NA|0|0|0|0|NA|0
"121030264001"|0|1|0|0|0|0|0|1|1|1|1|0|0|0|1|NA|NA|NA|NA|NA|1677|29|736|29117170|39561.3722826087|0
"121030264002"|0|1|0|0|0|0|0|1|1|1|1|0|0|0|1|NA|NA|NA|NA|NA|1677|29|736|29117170|39561.3722826087|0
"121030267033"|0|1|0|0|0|0|0|1|1|0|0|1|1|0|0|NA|NA|NA|NA|NA|0|0|0|0|NA|0
"121030286001"|0|1|1|0|0|0|0|1|1|1|0|0|0|1|0|4206|15121|8350|19048|11836|352|100|284|24729716|87076.4647887324|0
"121030286003"|0|1|1|0|0|0|0|1|1|1|0|0|0|1|0|4206|15121|8350|19048|11836|352|100|284|24729716|87076.4647887324|0
"121050103003"|0|1|0|0|0|0|0|1|1|0|0|1|1|0|0|NA|NA|NA|NA|NA|0|0|0|0|NA|0
"121050104022"|0|1|1|0|0|0|0|1|1|1|0|0|0|1|0|36860|36860|16909|16909|11860|395|147|316|24689146|78130.2088607595|0
"121050116051"|0|1|1|0|0|0|0|1|1|1|0|0|0|1|0|3152|3152|6930|6930|11471|171|30|150|12116380|80775.8666666667|0
"121050116061"|0|1|1|0|0|0|0|1|1|1|0|0|0|1|0|3152|3152|6930|6930|11471|171|30|150|12116380|80775.8666666667|0
"121050116062"|0|1|1|0|0|0|0|1|1|1|0|0|0|1|0|3152|3152|6930|6930|11471|171|30|150|12116380|80775.8666666667|0
"121050117311"|0|1|1|0|0|0|0|1|1|1|0|0|0|1|0|25620|25620|12810|12810|10030|428|199|284|17910358|63064.6408450704|0
"121050118321"|0|1|0|0|0|0|0|1|1|0|0|1|1|0|0|2851|11405|NA|NA|NA|0|0|0|0|NA|0
"121050118322"|0|1|0|0|0|0|0|1|1|0|0|1|1|0|0|2851|11405|NA|NA|NA|0|0|0|0|NA|0
"121050121271"|0|1|0|0|0|0|0|1|1|0|0|1|1|0|0|NA|NA|NA|NA|NA|0|0|0|0|NA|0
"121050122064"|0|1|0|0|0|0|0|1|1|0|0|1|1|0|0|NA|NA|NA|NA|NA|0|0|0|0|NA|0
"121050128021"|0|1|0|0|0|0|0|1|1|0|0|1|1|0|0|3888|10368|NA|NA|NA|0|0|0|0|NA|0
"121050137022"|0|1|0|0|0|0|0|1|1|1|0|0|0|0|1|2483|9933|NA|NA|NA|341|131|318|17944068|56427.8867924528|0
"121050154022"|0|1|1|0|0|0|0|1|1|1|0|0|1|0|0|24782|24782|17496|17496|9698|105|47|46|2547412|55378.5217391304|0
"121050154041"|0|1|1|0|0|0|0|1|1|1|0|0|0|1|0|22300|22300|5328|5328|8860|112|51|76|3762194|49502.5526315789|0
"121050154051"|0|1|1|0|0|0|0|1|1|1|0|0|0|1|0|22300|22300|5328|5328|8860|112|51|76|3762194|49502.5526315789|0
"121050154052"|0|1|1|0|0|0|0|1|1|1|0|0|0|1|0|22300|22300|5328|5328|8860|112|51|76|3762194|49502.5526315789|0
"121079506003"|0|1|0|0|0|0|0|1|1|1|0|0|0|1|0|2067|8403|NA|NA|NA|215|117|278|14021508|50437.0791366906|0
"121090204001"|0|1|1|0|0|0|0|1|1|1|0|0|0|1|0|19400|19400|540|540|12060|241|64|252|16381146|65004.5476190476|0
"121113804003"|0|1|0|0|0|0|0|1|1|1|0|0|0|0|1|2496|9360|NA|NA|NA|557|295|492|41235494|83811.9796747967|0
"121113807003"|0|1|0|0|0|0|0|1|1|1|0|0|0|0|1|2496|9360|NA|NA|NA|557|295|492|41235494|83811.9796747967|0
"121113810002"|0|1|0|0|0|0|0|1|1|1|1|0|1|0|0|6508|6508|NA|NA|9272|42|7|126|3230000|25634.9206349206|0
"121113814011"|0|1|0|0|0|0|0|1|1|0|0|1|1|0|0|NA|NA|NA|NA|NA|0|0|0|0|NA|0
"121113816031"|0|1|0|0|0|0|0|1|1|1|1|0|1|0|0|15950|15950|NA|NA|NA|18|7|20|1250792|62539.6|0
"121113816032"|0|1|0|0|0|0|0|1|1|1|1|0|1|0|0|15950|15950|NA|NA|NA|18|7|20|1250792|62539.6|0
"121119800001"|0|1|0|0|0|0|0|1|1|1|1|0|1|0|0|6508|6508|NA|NA|9272|42|7|126|3230000|25634.9206349206|0
"121130105041"|0|1|0|0|0|0|0|1|1|0|0|1|1|0|0|NA|NA|NA|NA|NA|0|0|0|0|NA|0
"121150002002"|0|1|0|0|0|0|0|1|1|1|0|0|0|1|0|43710|43710|NA|NA|15580|257|79|240|19119910|79666.2916666667|0
"121150009001"|0|1|1|0|0|0|0|1|1|1|0|0|1|0|0|5227|27159|9555|25444|9529|213|79|210|16295482|77597.5333333333|0
"121150010001"|0|1|1|0|0|0|0|1|1|1|0|0|0|1|0|4206|15121|8350|19048|NA|113|42|180|15053250|83629.1666666667|0
"121150010002"|0|0|1|0|0|0|0|1|1|1|0|0|1|0|0|NA|NA|12000|12000|NA|9|2|4|244500|61125|0
"121150017033"|0|1|0|0|0|0|0|1|1|0|0|1|0|1|0|NA|NA|NA|NA|NA|0|0|0|0|NA|0
"121150017042"|0|1|0|0|0|0|0|1|1|0|0|1|0|1|0|NA|NA|NA|NA|NA|0|0|0|0|NA|0
"121150027132"|0|2|0|0|0|0|0|2|2|1|1|1|2|0|0|NA|NA|NA|NA|NA|6|2|10|332000|NA|0
"121170207042"|0|1|0|0|0|0|0|1|1|1|0|0|1|0|0|12768|12768|NA|NA|NA|22|4|0|0|NA|0
"121170208031"|0|1|0|0|0|0|0|1|1|1|0|0|0|0|1|2393|9494|NA|NA|NA|509|146|428|30489804|71237.8598130841|0
"121170208033"|0|1|0|0|0|0|0|1|1|1|0|0|0|0|1|2393|9494|NA|NA|NA|509|146|428|30489804|71237.8598130841|0
"121170210001"|0|1|0|0|0|0|0|1|1|0|0|1|1|0|0|NA|NA|NA|NA|NA|0|0|0|0|NA|0
"121170213073"|0|1|0|0|0|0|0|1|1|0|0|1|1|0|0|NA|NA|NA|NA|NA|0|0|0|0|NA|0
"121170216081"|0|1|0|0|0|0|0|1|1|1|1|0|1|0|0|12528|12528|NA|NA|NA|19|8|10|554380|55438|0
"121170218061"|0|1|0|0|0|0|0|1|1|1|0|0|1|0|0|15250|15250|NA|NA|NA|12|1|42|3119040|74262.8571428571|0
"121170220024"|0|1|0|0|0|0|0|1|1|0|0|1|1|0|0|16520|16520|NA|NA|NA|0|0|0|0|NA|0
"121170222011"|0|1|1|0|0|0|0|1|1|1|0|0|1|0|0|13320|13320|10800|10800|NA|21|2|38|2903520|76408.4210526316|0
"121170222015"|0|1|0|0|0|0|0|1|1|0|0|1|1|0|0|NA|NA|NA|NA|NA|0|0|0|0|NA|0
"121199101002"|0|1|0|0|0|0|0|1|1|0|0|1|1|0|0|NA|NA|NA|NA|NA|0|0|0|0|NA|0
"121199117011"|0|1|0|0|0|0|0|1|1|0|0|1|1|0|0|NA|NA|NA|NA|NA|0|0|0|0|NA|0
"121219704004"|0|1|0|0|0|0|0|1|1|0|0|1|1|0|0|NA|NA|NA|NA|NA|0|0|0|0|NA|0
"121219704005"|0|1|0|0|0|0|0|1|1|0|0|1|1|0|0|NA|NA|NA|NA|NA|0|0|0|0|NA|0
"121239503005"|0|1|0|0|0|0|0|1|1|0|0|1|1|0|0|NA|NA|NA|NA|NA|0|0|0|0|NA|0
"121270806001"|0|1|0|0|0|0|0|1|1|0|0|1|1|0|0|NA|NA|NA|NA|NA|0|0|0|0|NA|0
"121270808031"|0|1|0|0|0|0|0|1|1|1|0|0|1|0|0|NA|NA|NA|NA|NA|24|4|24|1405956|58581.5|0
"121270810001"|0|1|0|0|0|0|0|1|1|0|0|1|1|0|0|NA|NA|NA|NA|NA|0|0|0|0|NA|0
"121270818002"|0|1|0|0|0|0|0|1|1|1|0|0|0|0|1|3072|11960|NA|NA|NA|601|109|462|29798674|64499.2943722944|0
"121270819002"|0|1|1|1|0|0|0|1|1|1|0|0|0|1|0|13844|13844|13500|13500|9462|251|121|336|20310208|60447.0476190476|0
"121270820001"|0|1|1|1|0|0|0|1|1|1|0|0|0|1|0|13844|13844|13500|13500|9462|251|121|336|20310208|60447.0476190476|0
"121270824012"|0|1|0|0|0|0|0|1|1|0|0|1|1|0|0|NA|NA|NA|NA|NA|0|0|0|0|NA|0
"121270904003"|0|1|1|0|0|0|0|1|1|1|0|0|0|1|0|47270|47270|16304|16304|13868|591|191|540|49740532|92112.0962962963|0
"121270925001"|0|2|2|0|0|0|0|2|2|2|0|0|0|1|1|45336|45336|25980|25980|NA|1442|227|920|78711528|164128.236895522|0
"121319503012"|0|1|0|0|0|0|0|1|1|0|0|1|1|0|0|NA|NA|NA|NA|NA|0|0|0|0|NA|0
"121319503014"|0|1|0|0|0|0|0|1|1|0|0|1|1|0|0|NA|NA|NA|NA|NA|0|0|0|0|NA|0
"121339701032"|0|1|0|0|0|0|0|1|1|0|0|1|1|0|0|NA|NA|NA|NA|NA|0|0|0|0|NA|0
"121339701033"|0|1|0|0|0|0|0|1|1|0|0|1|1|0|0|NA|NA|NA|NA|NA|0|0|0|0|NA|0
"130099704005"|0|1|1|0|0|0|0|1|1|1|0|0|0|1|0|7508|26688|5292|18846|13052|606|146|668|47390900|70944.4610778443|0
"130099707011"|0|1|0|0|0|0|0|1|1|1|0|0|0|1|0|6165|6165|NA|NA|7500|391|146|260|12364766|47556.7923076923|0
"130131802041"|0|1|0|0|0|0|0|1|1|0|0|1|1|0|0|NA|NA|NA|NA|NA|0|0|0|0|NA|0
"130210105001"|0|1|1|0|0|1|0|1|1|1|0|0|0|1|0|25528|25528|15422|15422|12036|921|297|802|66932974|83457.5735660848|0
"130210121011"|0|1|1|0|0|0|0|1|1|1|0|0|1|0|0|22770|22770|25533|25533|10060|88|28|102|6075568|59564.3921568627|0
"130210131011"|0|2|1|0|0|0|0|2|2|2|1|0|1|1|0|15448|22795|NA|NA|NA|443|129|562|33882300|104688.445167286|0
"130210134072"|0|1|0|0|0|0|0|1|1|1|1|0|1|0|0|NA|NA|NA|NA|NA|15|1|8|232000|29000|0
"130210134101"|0|1|1|0|0|0|0|1|1|1|0|0|1|0|0|22770|22770|25533|25533|10060|88|28|102|6075568|59564.3921568627|0
"130210136032"|0|2|1|0|0|0|0|2|2|2|1|0|1|1|0|15448|22795|NA|NA|NA|443|129|562|33882300|104688.445167286|0
"130210137001"|0|1|1|0|0|1|0|1|1|1|0|0|0|1|0|25528|25528|15422|15422|12036|921|297|802|66932974|83457.5735660848|0
"130210137003"|0|1|1|0|0|1|0|1|1|1|0|0|0|1|0|25528|25528|15422|15422|12036|921|297|802|66932974|83457.5735660848|0
"130311103002"|0|1|0|0|0|0|0|1|1|1|1|0|0|1|0|2400|4800|NA|NA|NA|81|31|132|7264512|55034.1818181818|0
"130311104041"|0|1|1|0|0|0|0|1|1|1|0|0|0|0|1|4371|15425|4977|19890|10030|1989|567|2110|151053376|71589.2777251185|0
"130311104042"|0|1|1|0|0|0|0|1|1|1|0|0|0|0|1|4371|15425|4977|19890|10030|1989|567|2110|151053376|71589.2777251185|0
"130311104043"|0|1|1|0|0|0|0|1|1|1|0|0|0|0|1|4371|15425|4977|19890|10030|1989|567|2110|151053376|71589.2777251185|0
"130390105001"|0|1|0|0|0|0|0|2|1|1|0|0|1|0|0|NA|NA|NA|NA|NA|1|0|0|0|NA|0
"130390105002"|0|1|0|0|0|0|0|2|1|1|0|0|1|0|0|NA|NA|NA|NA|NA|1|0|0|0|NA|0
"130459105012"|0|1|1|0|0|0|0|1|1|1|0|0|0|0|1|4371|15426|4338|16830|10340|1066|285|1058|71458620|67541.2287334594|0
"130510009001"|0|1|1|0|0|0|0|1|1|1|0|0|0|0|1|37575|37575|38475|38475|15162|1045|487|1238|103963836|83977.2504038772|0
"130510015001"|0|1|1|0|0|0|0|1|1|1|0|0|0|0|1|37575|37575|38475|38475|15162|1045|487|1238|103963836|83977.2504038772|0
"130510038002"|0|1|1|1|0|0|0|1|1|1|0|0|0|1|0|4064|14786|3528|13068|7762|341|84|342|21480114|62807.350877193|0
"130510040022"|0|2|2|0|0|0|0|2|2|2|0|0|1|1|0|30420|30420|29400|29400|NA|325|8|62|6587532|NA|0
"130510040023"|0|1|1|0|0|0|0|2|2|1|0|1|2|0|0|NA|NA|NA|NA|NA|3|1|4|390000|NA|0
"130510040024"|0|0|1|0|0|0|0|1|1|1|0|0|1|0|0|NA|NA|NA|NA|NA|3|1|4|390000|97500|0
"130510042071"|0|0|1|0|0|0|0|1|1|1|0|0|1|0|0|NA|NA|NA|NA|NA|3|1|4|390000|97500|0
"130510042101"|0|0|1|0|0|0|0|1|1|1|0|0|1|0|0|NA|NA|NA|NA|NA|3|1|4|390000|97500|0
"130510043001"|0|1|1|0|0|0|0|2|2|2|1|0|1|1|0|NA|NA|NA|NA|NA|150|29|208|11606346|152482.088235294|0
"130510044002"|0|1|0|0|0|0|0|1|1|1|1|0|0|1|0|2400|4800|NA|NA|NA|147|28|204|11216346|54982.0882352941|0
"130570902001"|0|1|1|0|0|0|0|1|1|1|0|0|0|1|0|23300|23300|8906|8906|9800|124|66|156|9057014|58057.7820512821|0
"130590004022"|0|1|1|0|0|1|0|1|1|1|0|0|0|0|1|9790|28830|8878|25186|10314|8778|2037|4288|475429328|110874.376865672|0
"130590004023"|0|1|1|0|0|1|0|1|1|1|0|0|0|0|1|9790|28830|8878|25186|10314|8778|2037|4288|475429328|110874.376865672|0
"130591307002"|0|1|0|0|0|0|0|1|1|0|0|1|1|0|0|NA|NA|NA|NA|NA|0|0|0|0|NA|0
"130591405001"|0|1|0|0|0|0|0|1|1|1|1|0|0|1|0|2132|4264|NA|NA|NA|156|31|202|12183210|60312.9207920792|0
"130630402042"|0|1|0|0|0|0|0|1|1|0|0|1|1|0|0|NA|NA|NA|NA|NA|0|0|0|0|NA|0
"130630404081"|0|1|1|0|0|0|0|1|1|1|0|0|0|1|0|4064|14786|5760|12411|10960|424|103|416|27633314|66426.2355769231|0
"130630404082"|0|1|1|0|0|0|0|1|1|1|0|0|0|1|0|4064|14786|5760|12411|10960|424|103|416|27633314|66426.2355769231|0
"130630404122"|0|3|0|0|0|0|0|3|3|1|1|2|2|1|0|NA|NA|NA|NA|NA|9|4|2|83864|NA|0
"130630404123"|0|3|0|0|0|0|0|3|3|1|1|2|2|1|0|NA|NA|NA|NA|NA|9|4|2|83864|NA|0
"130670302273"|0|1|0|0|0|0|0|1|0|0|0|0|0|0|0|NA|NA|NA|NA|NA|0|0|0|0|NA|0
"130670302282"|0|1|0|0|0|0|0|1|1|0|0|1|1|0|0|NA|NA|NA|NA|NA|0|0|0|0|NA|0
"130670302283"|0|1|0|0|0|0|0|1|1|0|0|1|1|0|0|NA|NA|NA|NA|NA|0|0|0|0|NA|0
"130670302291"|0|1|1|0|0|0|0|1|1|1|0|0|0|0|1|4450|15704|5328|19188|12947|2182|579|2356|173680432|73718.3497453311|0
"130670302292"|0|1|1|0|0|0|0|1|1|1|0|0|0|0|1|4450|15704|5328|19188|12947|2182|579|2356|173680432|73718.3497453311|0
"130670302341"|0|1|0|0|0|0|0|1|0|0|0|0|0|0|0|NA|NA|NA|NA|NA|0|0|0|0|NA|0
"130670303442"|0|1|0|0|0|0|0|1|1|1|1|0|1|0|0|NA|NA|NA|NA|NA|18|3|16|863264|53954|0
"130670304051"|0|1|0|0|0|0|0|1|1|1|1|0|1|0|0|NA|NA|NA|NA|NA|7|3|6|286068|47678|0
"130670304052"|0|1|0|0|0|0|0|1|1|1|1|0|1|0|0|NA|NA|NA|NA|NA|7|3|6|286068|47678|0
"130670304053"|0|1|0|0|0|0|0|1|1|1|1|0|1|0|0|NA|NA|NA|NA|NA|7|3|6|286068|47678|0
"130670305043"|0|1|0|0|0|0|0|1|1|0|0|1|1|0|0|NA|NA|NA|NA|NA|0|0|0|0|NA|0
"130670305052"|0|1|0|0|0|0|0|1|1|0|0|1|1|0|0|NA|NA|NA|NA|NA|0|0|0|0|NA|0
"130670305054"|0|1|0|0|0|0|0|1|1|0|0|1|1|0|0|NA|NA|NA|NA|NA|0|0|0|0|NA|0
"130670306011"|0|1|0|0|0|0|0|1|1|0|0|1|1|0|0|NA|NA|NA|NA|NA|0|0|0|0|NA|0
"130670306013"|0|1|1|0|0|0|0|1|1|1|0|0|0|0|1|4450|15704|5328|19188|12947|2182|579|2356|173680432|73718.3497453311|0
"130670308002"|0|1|1|0|1|0|0|1|1|1|0|0|0|1|0|11610|11610|7667|7667|14400|315|108|250|19926174|79704.696|0
"130670309022"|0|1|0|0|0|0|0|1|1|1|1|0|0|0|1|2400|4800|NA|NA|NA|280|96|376|21152244|56255.9680851064|0
"130670310012"|0|1|1|0|1|0|0|1|1|1|0|0|0|1|0|11610|11610|7667|7667|14400|315|108|250|19926174|79704.696|0
"130670310041"|0|1|0|0|0|0|0|1|1|1|1|0|1|0|0|13953|13953|NA|NA|NA|25|12|20|1128240|56412|0
"130690107001"|0|1|0|0|0|0|0|1|1|1|0|0|0|1|0|2280|8632|NA|NA|8640|143|43|128|6378434|49831.515625|0
"130690107002"|0|1|0|0|0|0|0|1|1|1|0|0|0|1|0|2280|8632|NA|NA|8640|143|43|128|6378434|49831.515625|0
"130730303074"|0|1|0|0|0|0|0|1|1|0|0|1|1|0|0|NA|NA|NA|NA|NA|0|0|0|0|NA|0
"130830403002"|0|1|1|0|0|0|0|1|1|1|0|0|1|0|0|34660|34660|16104|16104|10660|136|47|124|8536732|68844.6129032258|0
"130890211023"|0|1|0|0|0|0|0|1|1|1|0|0|0|1|0|39300|39300|NA|NA|13400|108|50|148|9153664|61849.0810810811|0
"130890212043"|0|1|0|0|0|0|0|1|1|1|1|0|1|0|0|10200|10200|NA|NA|NA|38|8|10|421962|42196.2|0
"130890212162"|0|1|0|0|0|0|0|1|1|0|0|1|1|0|0|NA|NA|NA|NA|NA|0|0|0|0|NA|0
"130890212182"|0|1|0|0|0|0|0|1|1|0|0|1|1|0|0|NA|NA|NA|NA|NA|0|0|0|0|NA|0
"130890217031"|0|1|0|0|0|0|0|1|1|0|0|1|1|0|0|NA|NA|NA|NA|NA|0|0|0|0|NA|0
"130890217053"|0|1|1|0|0|0|0|1|1|1|0|0|0|1|0|13320|13320|14940|14940|NA|115|0|18|1475018|81945.4444444444|0
"130890218103"|0|1|0|0|0|0|0|1|1|0|0|1|1|0|0|NA|NA|NA|NA|NA|0|0|0|0|NA|0
"130890219081"|0|1|0|0|0|0|0|1|1|0|0|1|1|0|0|NA|NA|NA|NA|NA|0|0|0|0|NA|0
"130890220052"|0|1|0|0|0|0|0|1|1|1|1|0|0|1|0|2400|4800|NA|NA|NA|115|20|158|8678464|54926.9873417722|0
"130890224022"|0|1|1|0|1|1|0|1|1|1|0|0|0|0|1|53070|53070|42800|42800|14972|5791|961|1974|270571568|137067.663627153|0
"130890225001"|0|1|1|0|0|0|0|1|1|1|0|0|0|1|0|14682|14682|17072|17072|NA|43|1|16|1631538|101971.125|0
"130890225003"|0|1|1|0|0|0|0|1|1|1|0|0|0|1|0|14682|14682|17072|17072|NA|43|1|16|1631538|101971.125|0
"130890228001"|0|1|1|0|0|0|0|1|1|1|0|0|0|1|0|42360|42360|16200|16200|12670|238|59|190|15694638|82603.3578947368|0
"130890228003"|0|0|1|0|0|0|0|1|1|1|0|0|1|0|0|NA|NA|14580|14580|NA|52|11|46|3653976|79434.2608695652|0
"130890232142"|0|1|0|0|0|0|0|1|1|1|1|0|1|0|0|11700|11700|NA|NA|NA|6|4|6|242000|40333.3333333333|0
"130890234181"|0|1|1|0|0|0|0|1|1|1|0|0|1|0|0|7080|7080|5130|5130|NA|21|4|30|1960336|65344.5333333333|0
"130950014031"|0|1|1|1|0|0|0|1|1|1|0|0|0|1|0|4064|14786|3438|13716|8980|438|154|392|23817006|60757.6683673469|0
"130950014032"|0|1|0|0|0|0|0|1|1|1|1|0|0|1|0|2400|4800|NA|NA|NA|103|23|184|9413912|51162.5652173913|0
"130950107001"|0|1|1|1|0|0|0|1|1|1|0|0|0|1|0|4064|14786|3438|13716|8980|438|154|392|23817006|60757.6683673469|0
"130950107002"|0|1|1|1|0|0|0|1|1|1|0|0|0|1|0|4064|14786|3438|13716|8980|438|154|392|23817006|60757.6683673469|0
"130950107003"|0|1|1|1|0|0|0|1|1|1|0|0|0|1|0|4064|14786|3438|13716|8980|438|154|392|23817006|60757.6683673469|0
"131079706001"|0|1|0|0|0|0|0|1|1|1|0|0|0|1|0|2280|8632|NA|NA|9784|128|36|154|8047956|52259.4545454545|0
"131079706003"|0|1|0|0|0|0|0|1|1|1|0|0|0|1|0|2280|8632|NA|NA|9784|128|36|154|8047956|52259.4545454545|0
"131150002013"|0|1|1|0|0|0|0|1|1|1|0|0|0|1|0|37020|37020|12060|12060|13070|355|137|326|24983036|76635.0797546012|0
"131150003002"|0|1|1|0|0|0|0|1|1|1|0|0|0|1|0|37020|37020|12060|12060|13070|355|137|326|24983036|76635.0797546012|0
"131150012001"|0|1|1|0|0|0|0|1|1|1|0|0|0|1|0|21940|21940|12360|12360|9400|139|53|154|8949250|58112.012987013|0
"131150014002"|0|1|1|0|0|0|0|1|1|1|0|0|0|1|0|21940|21940|12360|12360|9400|139|53|154|8949250|58112.012987013|0
"131150016003"|0|1|0|0|0|0|0|1|1|1|1|0|0|1|0|2400|4800|NA|NA|NA|176|85|228|13196020|57877.2807017544|0
"131150021001"|0|1|1|0|0|0|0|1|1|1|0|0|0|1|0|21940|21940|12360|12360|9400|139|53|154|8949250|58112.012987013|0
"131150021002"|0|1|0|0|0|0|0|1|1|1|0|0|0|1|0|2280|8632|NA|NA|NA|190|50|280|14304262|51086.65|0
"131171304063"|0|1|0|0|0|0|0|1|1|0|0|1|1|0|0|NA|NA|NA|NA|NA|0|0|0|0|NA|0
"131198904004"|0|1|0|0|0|0|0|1|1|1|0|0|1|0|0|20352|20352|NA|NA|8200|100|62|96|4398934|45822.2291666667|0
"131210001003"|0|1|0|0|0|0|0|1|1|0|0|1|1|0|0|NA|NA|NA|NA|NA|0|0|0|0|NA|0
"131210005001"|0|0|1|0|0|0|0|1|1|1|0|0|1|0|0|NA|NA|NA|NA|NA|34|5|36|3577250|99368.0555555556|0
"131210006001"|0|1|1|0|0|0|0|1|1|1|0|0|0|0|1|10258|31370|14064|29140|12090|6718|884|2106|281411818|133623.845204179|0
"131210007002"|0|1|0|0|0|0|0|1|1|0|0|1|1|0|0|NA|NA|NA|NA|NA|0|0|0|0|NA|0
"131210010012"|0|1|0|0|0|0|0|1|1|1|1|0|1|0|0|12450|12450|NA|NA|NA|11|1|10|461336|46133.6|0
"131210010021"|0|1|1|0|0|0|0|1|1|1|0|0|0|0|1|10258|31370|14064|29140|12090|6718|884|2106|281411818|133623.845204179|0
"131210019002"|0|2|0|0|0|0|0|2|2|1|1|1|2|0|0|NA|NA|NA|NA|NA|11|1|12|395958|NA|0
"131210038001"|0|1|2|2|0|0|0|2|2|2|0|0|1|1|0|NA|NA|30290|30290|NA|434|202|384|28038162|127772.803114013|0
"131210042002"|0|2|1|3|0|1|0|3|3|3|0|0|1|2|0|NA|NA|NA|NA|NA|656|215|664|49036118|NA|0
"131210043001"|0|2|1|3|0|1|0|3|3|3|0|0|1|2|0|NA|NA|NA|NA|NA|656|215|664|49036118|NA|0
"131210052003"|0|1|1|0|0|0|0|1|1|1|0|0|1|0|0|9540|9540|10200|10200|10310|33|10|16|849316|53082.25|0
"131210065001"|0|2|0|0|0|0|0|2|2|2|1|0|0|2|0|4825|13851|NA|NA|NA|233|50|322|16825766|104623.014884043|0
"131210070012"|0|1|0|0|0|0|0|1|1|0|0|1|1|0|0|NA|NA|NA|NA|NA|0|0|0|0|NA|0
"131210088001"|0|1|0|0|0|0|0|1|1|0|0|1|1|0|0|NA|NA|NA|NA|NA|0|0|0|0|NA|0
"131210091013"|0|1|0|0|0|0|0|1|1|0|0|1|1|0|0|19400|19400|NA|NA|NA|0|0|0|0|NA|0
"131210092003"|0|1|0|0|0|0|0|1|1|0|0|1|1|0|0|NA|NA|NA|NA|NA|0|0|0|0|NA|0
"131210096022"|0|1|0|0|0|0|0|1|1|0|0|1|1|0|0|NA|NA|NA|NA|NA|0|0|0|0|NA|0
"131210096023"|0|1|0|0|0|0|0|1|1|0|0|1|1|0|0|NA|NA|NA|NA|NA|0|0|0|0|NA|0
"131210101101"|0|1|1|0|0|0|0|1|1|1|0|0|1|0|0|9552|9552|16752|16752|NA|0|0|0|0|NA|0
"131210101133"|0|1|0|0|0|0|0|1|1|1|0|0|0|1|0|18900|18900|NA|NA|NA|41|5|56|4380994|78232.0357142857|0
"131210101151"|0|1|0|0|0|0|0|1|1|1|0|0|0|1|0|18900|18900|NA|NA|NA|41|5|56|4380994|78232.0357142857|0
"131210101222"|0|2|1|0|0|0|0|2|2|2|0|0|1|1|0|31548|31548|NA|NA|NA|132|30|34|2241498|134087.560606061|0
"131210101223"|0|2|1|0|0|0|0|2|2|2|0|0|1|1|0|31548|31548|NA|NA|NA|132|30|34|2241498|134087.560606061|0
"131210102051"|0|1|0|0|0|0|0|1|1|1|1|0|1|0|0|NA|NA|NA|NA|NA|7|1|0|0|NA|0
"131210102123"|0|1|0|0|0|0|0|1|1|0|0|1|1|0|0|NA|NA|NA|NA|NA|0|0|0|0|NA|0
"131210114211"|0|1|0|0|0|0|0|1|1|0|0|1|1|0|0|NA|NA|NA|NA|NA|0|0|0|0|NA|0
"131210119002"|0|4|2|0|0|0|0|4|4|3|1|1|2|0|2|29463|51046|NA|NA|NA|3985|962|3480|287706648|NA|0
"131270005012"|0|1|0|0|0|0|0|1|1|1|0|0|0|1|0|2563|9469|NA|NA|10328|176|49|220|13830920|62867.8181818182|0
"131270005013"|0|1|0|0|0|0|0|1|1|1|0|0|0|1|0|2563|9469|NA|NA|10328|176|49|220|13830920|62867.8181818182|0
"131270005032"|0|1|0|0|0|0|0|1|1|1|0|0|0|1|0|2563|9469|NA|NA|10328|176|49|220|13830920|62867.8181818182|0
"131350502112"|0|1|0|0|0|0|0|1|1|1|1|0|1|0|0|16520|16520|NA|NA|NA|42|32|98|4709000|48051.0204081633|0
"131350503202"|0|1|0|0|0|0|0|1|1|0|0|1|1|0|0|NA|NA|NA|NA|NA|0|0|0|0|NA|0
"131350504101"|0|1|0|0|0|0|0|1|1|0|0|1|1|0|0|NA|NA|NA|NA|NA|0|0|0|0|NA|0
"131350504232"|0|1|0|0|0|0|0|1|1|1|1|0|1|0|0|14545|14545|NA|NA|NA|30|19|18|972840|54046.6666666667|0
"131350504241"|0|1|0|0|0|0|0|1|1|1|1|0|1|0|0|14545|14545|NA|NA|NA|30|19|18|972840|54046.6666666667|0
"131350504323"|0|1|0|0|0|0|0|1|1|0|0|1|1|0|0|NA|NA|NA|NA|NA|0|0|0|0|NA|0
"131350504352"|0|1|0|0|0|0|0|1|1|1|1|0|1|0|0|9750|9750|NA|NA|NA|10|3|10|187194|18719.4|0
"131350505113"|0|2|1|0|0|0|0|2|2|2|1|0|1|1|0|7200|9600|NA|NA|NA|291|119|256|15678282|97850.8825136612|0
"131350505231"|0|1|0|0|0|0|0|1|1|1|0|0|0|0|1|3214|12000|NA|NA|13580|422|108|908|64825708|71393.9515418502|0
"131350505232"|0|1|0|0|0|0|0|1|1|1|0|0|0|0|1|3214|12000|NA|NA|13580|422|108|908|64825708|71393.9515418502|0
"131350505233"|0|1|0|0|0|0|0|1|1|1|0|0|0|0|1|3214|12000|NA|NA|13580|422|108|908|64825708|71393.9515418502|0
"131350505261"|0|1|0|0|0|0|0|1|1|0|0|1|1|0|0|NA|NA|NA|NA|NA|0|0|0|0|NA|0
"131350505351"|0|2|1|0|0|0|0|2|2|2|1|0|1|1|0|7200|9600|NA|NA|NA|291|119|256|15678282|97850.8825136612|0
"131350505371"|0|1|0|0|0|0|0|1|1|1|1|0|1|0|0|NA|NA|NA|NA|NA|16|0|10|534000|53400|0
"131350505372"|0|1|0|0|0|0|0|1|1|1|1|0|1|0|0|NA|NA|NA|NA|NA|16|0|10|534000|53400|0
"131350505402"|0|1|0|0|0|0|0|1|1|0|0|1|1|0|0|NA|NA|NA|NA|NA|0|0|0|0|NA|0
"131370002023"|0|1|0|0|0|0|0|1|1|1|1|0|0|1|0|2400|4800|NA|NA|4000|126|32|150|7631770|50878.4666666667|0
"131370005003"|0|1|1|0|0|0|0|1|1|1|0|0|0|1|0|26492|26492|10134|10134|10524|187|79|230|15753096|68491.7217391304|0
"131370005004"|0|1|1|0|0|0|0|1|1|1|0|0|0|1|0|26492|26492|10134|10134|10524|187|79|230|15753096|68491.7217391304|0
"131390006001"|0|1|0|0|0|0|0|1|1|1|1|0|0|1|0|3000|6000|NA|NA|NA|129|47|232|14041466|60523.5603448276|0
"131390008003"|0|2|1|0|0|0|0|2|2|1|0|1|1|1|0|NA|NA|NA|NA|NA|182|70|288|21095854|NA|0
"131390011021"|0|1|0|0|0|0|0|1|1|1|1|0|1|0|0|10800|10800|NA|NA|NA|5|2|2|77126|38563|0
"131430104001"|0|1|0|0|0|0|0|1|1|1|1|0|0|1|0|2400|4800|NA|NA|NA|220|106|288|14905906|51756.6180555556|0
"131530212011"|0|1|0|0|0|0|0|1|1|1|1|0|0|1|0|2400|4800|NA|NA|NA|336|120|428|22014728|51436.2803738318|0
"131719702002"|0|1|0|0|0|0|0|1|1|1|0|0|0|1|0|2563|9469|NA|NA|8666|160|49|224|12464492|55645.0535714286|0
"131719702003"|0|1|0|0|0|0|0|1|1|1|0|0|0|1|0|2563|9469|NA|NA|8666|160|49|224|12464492|55645.0535714286|0
"131719702004"|0|1|0|0|0|0|0|1|1|1|0|0|0|1|0|2563|9469|NA|NA|8666|160|49|224|12464492|55645.0535714286|0
"131850102012"|0|1|0|0|0|0|0|1|1|1|1|0|0|1|0|2400|4800|NA|NA|NA|161|50|282|13430382|47625.4680851064|0
"131850111002"|0|1|1|0|0|0|0|1|1|1|0|0|0|0|1|4371|15426|4572|16470|8272|691|175|836|57326254|68572.0741626794|0
"131879602013"|0|1|1|0|0|0|0|1|1|1|0|0|0|0|1|3898|13851|4140|16488|11140|1031|271|1480|94105308|63584.6675675676|0
"132099502002"|0|1|0|0|0|0|0|1|1|1|0|0|1|0|0|17000|17000|NA|NA|8030|61|26|40|1919562|47989.05|0
"132099502003"|0|1|0|0|0|0|0|1|1|1|0|0|1|0|0|17000|17000|NA|NA|8030|61|26|40|1919562|47989.05|0
"132150003002"|0|2|0|0|0|0|0|2|2|1|1|1|1|1|0|NA|NA|NA|NA|NA|126|44|174|9418008|NA|0
"132150010001"|0|1|1|0|0|0|0|1|1|1|0|0|0|1|0|4371|15425|6300|11394|10977|511|144|648|45894404|70824.6975308642|0
"132150021001"|0|1|0|0|0|0|0|1|1|1|1|0|1|0|0|NA|NA|NA|NA|NA|17|3|8|244000|30500|0
"132171004001"|0|1|0|0|0|0|0|1|1|1|1|0|1|0|0|53070|53070|NA|NA|14972|129|38|186|14338678|77089.6666666667|0
"132231202021"|0|1|0|0|0|0|0|1|0|0|0|0|0|0|0|NA|NA|NA|NA|NA|0|0|0|0|NA|0
"132250404001"|0|1|1|1|0|0|0|1|1|1|0|0|0|1|0|4064|14785|3258|12096|8372|479|86|204|12392312|60746.6274509804|0
"132437902004"|0|1|0|0|0|0|0|1|1|1|0|0|1|0|0|18258|18258|NA|NA|11170|39|23|52|2760400|53084.6153846154|0
"132450010001"|0|1|0|1|0|0|0|1|1|1|0|0|1|0|0|14206|14206|NA|NA|6662|89|23|66|2823276|42776.9090909091|0
"132450010004"|0|2|1|1|1|1|0|2|2|2|0|0|1|1|0|21098|36476|NA|NA|16712|2885|614|980|86920668|134787.184802069|0
"132450101041"|0|1|0|0|0|0|0|1|1|0|0|1|1|0|0|NA|NA|NA|NA|NA|0|0|0|0|NA|0
"132450102042"|0|1|0|0|0|0|0|1|1|1|1|0|1|0|0|NA|NA|NA|NA|NA|22|4|20|398000|19900|0
"132450105062"|0|1|0|0|0|0|0|1|1|1|1|0|0|1|0|2400|4800|NA|NA|NA|120|43|252|15894436|63073.1587301587|0
"132450110001"|0|1|1|0|1|1|0|1|1|1|0|0|0|1|0|6892|22270|5504|18772|10050|2796|591|914|84097392|92010.2757111597|0
"132470603043"|0|1|0|0|0|0|0|1|1|0|0|1|1|0|0|NA|NA|NA|NA|NA|0|0|0|0|NA|0
"132551605002"|0|1|0|0|0|0|0|1|1|1|1|0|0|1|0|2400|4800|NA|NA|NA|161|27|210|12321008|58671.4666666667|0
"132579701002"|0|1|0|0|0|0|0|1|1|1|0|0|0|1|0|22414|22414|NA|NA|8496|79|22|92|4744968|51575.7391304348|0
"132619501001"|0|1|0|0|0|0|0|1|1|1|1|0|0|1|0|3000|6000|NA|NA|2600|91|35|112|5868800|52400|0
"132619502002"|0|1|0|0|0|0|0|1|1|1|1|0|0|1|0|3000|6000|NA|NA|2600|91|35|112|5868800|52400|0
"132619507004"|0|1|1|0|0|0|0|1|1|1|0|0|0|1|0|4064|14786|3492|13806|8280|185|51|232|14908258|64259.7327586207|0
"132759605003"|0|1|0|0|0|0|0|1|1|1|1|0|0|1|0|2400|4800|NA|NA|NA|184|70|302|16795704|55614.9139072848|0
"132759607001"|0|1|0|0|0|0|0|1|1|1|1|0|0|1|0|2400|4800|NA|NA|NA|184|70|302|16795704|55614.9139072848|0
"132759609003"|0|1|1|0|0|0|0|1|1|1|0|0|0|1|0|15940|15940|11790|11790|7040|81|35|108|5402192|50020.2962962963|0
"132779603003"|0|1|0|0|0|0|0|1|1|1|0|0|0|1|0|2563|9469|NA|NA|7814|227|43|298|17504366|58739.4832214765|0
"132799704004"|0|1|0|0|0|0|0|1|1|1|1|0|0|1|0|2400|4800|NA|NA|NA|74|7|142|8025914|56520.5211267606|0
"132819601003"|0|1|1|0|0|0|0|1|1|1|0|0|0|1|0|28312|28312|9000|9000|11326|94|27|134|7620588|56870.0597014925|0
"132859603001"|0|1|1|0|0|0|0|1|1|1|0|0|1|0|0|31200|31200|19825|19825|11970|113|57|150|8919916|59466.1066666667|0
"132859610002"|0|1|1|0|0|0|0|1|1|1|0|0|0|1|0|20085|20085|12360|12360|8500|103|37|94|5052694|53752.0638297872|0
"132910002052"|0|1|1|0|0|0|0|1|1|1|0|0|0|1|0|28312|28312|9000|9000|11326|94|27|134|7620588|56870.0597014925|0
"132999503002"|0|1|0|0|0|0|0|1|1|1|1|0|0|1|0|2147|4294|NA|NA|NA|116|30|178|8569968|48145.8876404494|0
"132999503003"|0|1|0|0|0|0|0|1|1|1|1|0|0|1|0|2147|4294|NA|NA|NA|116|30|178|8569968|48145.8876404494|0
"132999508005"|0|1|0|0|0|0|0|1|1|1|1|0|0|1|0|2147|4294|NA|NA|NA|116|30|178|8569968|48145.8876404494|0
"133039503001"|0|1|0|0|0|0|0|1|1|1|1|0|0|1|0|2400|4800|NA|NA|NA|84|34|124|7051610|56867.8225806452|0
"133119502012"|0|1|1|0|0|0|0|1|1|1|0|0|0|1|0|20112|20112|6300|6300|7852|98|43|108|5492330|50854.9074074074|0
"133119502022"|0|1|1|0|0|0|0|1|1|1|0|0|0|1|0|20112|20112|6300|6300|7852|98|43|108|5492330|50854.9074074074|0
"133119502031"|0|1|1|0|0|0|0|1|1|1|0|0|0|1|0|20112|20112|6300|6300|7852|98|43|108|5492330|50854.9074074074|0
"133119502032"|0|1|1|0|0|0|0|1|1|1|0|0|0|1|0|20112|20112|6300|6300|7852|98|43|108|5492330|50854.9074074074|0
"133130005021"|0|1|0|0|0|0|0|1|1|0|0|1|1|0|0|NA|NA|NA|NA|NA|0|0|0|0|NA|0
"133130008001"|0|1|0|0|0|0|0|1|1|1|0|0|0|1|0|2563|9469|NA|NA|8430|158|49|332|19370686|58345.4397590361|0
"150010205003"|0|1|0|0|0|0|0|1|1|1|1|0|0|1|0|3144|8280|NA|NA|8248|140|58|176|13227360|75155.4545454545|0
"150010205004"|0|2|1|0|0|0|0|2|2|2|1|0|0|2|0|10488|28584|NA|NA|16496|469|169|582|52115770|170939.715629198|0
"150010205005"|0|1|1|0|0|0|0|1|1|1|0|0|0|1|0|7344|20304|11736|26568|8248|329|111|406|38888410|95784.2610837438|0
"150010215042"|0|1|0|0|0|0|0|1|1|0|0|1|1|0|0|NA|NA|NA|NA|NA|0|0|0|0|NA|0
"150010215071"|0|1|0|0|0|0|0|1|1|0|0|1|1|0|0|NA|NA|NA|NA|NA|0|0|0|0|NA|0
"150010215072"|0|1|0|0|0|0|0|1|1|0|0|1|1|0|0|NA|NA|NA|NA|NA|0|0|0|0|NA|0
"150030008002"|0|1|0|0|0|0|0|1|1|1|1|0|0|1|0|3144|8280|NA|NA|NA|220|82|344|29182848|84833.8604651163|0
"150030008004"|0|1|0|0|0|0|0|1|1|1|1|0|0|1|0|3144|8280|NA|NA|NA|220|82|344|29182848|84833.8604651163|0
"150030013004"|0|1|0|0|0|0|0|1|1|0|0|1|1|0|0|NA|NA|NA|NA|NA|0|0|0|0|NA|0
"150030027011"|0|2|2|0|0|1|0|2|2|1|0|0|0|0|1|NA|NA|NA|NA|NA|3261|594|2080|239599520|NA|0
"150030028001"|0|1|1|0|0|0|0|1|1|1|0|0|0|1|0|26020|26020|24000|24000|14184|184|62|180|13825090|76806.0555555556|0
"150030037002"|0|1|0|0|0|0|0|1|1|1|1|0|1|0|0|25387|25387|NA|NA|NA|35|1|32|1450000|45312.5|0
"150030040001"|0|3|2|0|0|0|0|3|3|3|0|0|2|1|0|53166|53166|NA|NA|NA|311|60|320|23219550|NA|0
"150030040002"|0|3|2|0|0|0|0|3|3|3|0|0|2|1|0|53166|53166|NA|NA|NA|311|60|320|23219550|NA|0
"150030051001"|0|0|1|0|0|0|0|1|1|1|0|0|1|0|0|NA|NA|13500|13500|NA|1|0|4|180000|45000|0
"150030052002"|0|1|0|0|0|0|0|1|1|0|0|1|1|0|0|NA|NA|NA|NA|NA|0|0|0|0|NA|0
"150030057002"|0|1|0|0|0|0|0|1|1|1|1|0|0|1|0|3144|8280|NA|NA|NA|210|56|198|15173304|76632.8484848485|0
"150030059001"|0|1|1|0|0|0|0|1|1|1|0|0|1|0|0|10800|10800|9900|9900|8100|8|1|0|0|NA|0
"150030059002"|0|1|1|0|0|0|0|1|1|1|0|0|1|0|0|10800|10800|9900|9900|8100|8|1|0|0|NA|0
"150030086063"|0|1|0|0|0|0|0|1|1|1|0|0|0|1|0|7344|20304|NA|NA|NA|171|62|170|15158808|89169.4588235294|0
"150030086148"|0|1|0|0|0|0|0|1|1|1|0|0|0|1|0|7344|20304|NA|NA|NA|171|62|170|15158808|89169.4588235294|0
"150030086149"|0|1|0|0|0|0|0|1|1|1|0|0|0|1|0|7344|20304|NA|NA|NA|171|62|170|15158808|89169.4588235294|0
"150030087012"|0|1|0|0|0|0|0|1|1|1|1|0|0|1|0|3144|8280|NA|NA|NA|190|82|292|22897368|78415.6438356164|0
"150030102021"|0|1|0|0|0|0|0|1|1|1|0|0|0|1|0|5720|5720|NA|NA|6708|267|81|260|28964020|111400.076923077|0
"150030102024"|0|1|0|0|0|0|0|1|1|1|0|0|0|1|0|5720|5720|NA|NA|6708|267|81|260|28964020|111400.076923077|0
"150030105031"|0|1|0|0|0|0|0|1|1|1|1|0|0|1|0|3144|8280|NA|NA|NA|102|34|116|8855616|76341.5172413793|0
"150070404001"|0|1|0|0|0|0|0|1|1|1|1|0|0|1|0|3144|8280|NA|NA|NA|100|41|108|8592048|79556|0
"150070404004"|0|1|0|0|0|0|0|1|1|1|1|0|0|1|0|3144|8280|NA|NA|NA|100|41|108|8592048|79556|0
"150090311011"|0|1|0|0|0|0|0|1|1|1|0|0|0|1|0|3144|8280|NA|NA|NA|160|65|146|11813640|80915.3424657534|0
"150090311021"|0|1|0|0|0|0|0|1|1|0|0|1|1|0|0|NA|NA|NA|NA|NA|0|0|0|0|NA|0
"150090319001"|0|1|0|0|0|0|0|1|1|0|0|1|1|0|0|NA|NA|NA|NA|NA|0|0|0|0|NA|0
"150090319002"|0|1|0|0|0|0|0|1|1|0|0|1|1|0|0|NA|NA|NA|NA|NA|0|0|0|0|NA|0
"160010003031"|0|1|0|0|0|0|0|1|1|0|0|1|1|0|0|NA|NA|NA|NA|NA|0|0|0|0|NA|0
"160010008043"|0|1|1|0|0|0|0|1|1|1|0|0|0|0|1|5532|22452|7110|24030|11246|1837|470|1580|122252184|77374.8|0
"160010009001"|0|1|1|0|0|0|0|1|1|1|0|0|0|0|1|5532|22452|7110|24030|11246|1837|470|1580|122252184|77374.8|0
"160010009002"|0|1|1|0|0|0|0|1|1|1|0|0|0|0|1|5532|22452|7110|24030|11246|1837|470|1580|122252184|77374.8|0
"160010012023"|0|1|0|0|0|0|0|1|1|1|1|0|1|0|0|NA|NA|NA|NA|NA|22|3|40|2708118|67702.95|0
"160010019003"|0|3|0|0|0|0|0|3|3|1|0|2|3|0|0|NA|NA|NA|NA|NA|15|0|20|574800|NA|0
"160010022241"|0|4|0|0|0|0|0|4|4|1|0|3|4|0|0|NA|NA|NA|NA|NA|15|0|20|574800|NA|0
"160010022243"|0|3|0|0|0|0|0|3|3|1|0|2|3|0|0|NA|NA|NA|NA|NA|15|0|20|574800|NA|0
"160010023022"|0|3|0|0|0|0|0|3|3|1|0|2|3|0|0|NA|NA|NA|NA|NA|15|0|20|574800|NA|0
"160010023121"|0|1|0|0|0|0|0|1|1|0|0|1|1|0|0|NA|NA|NA|NA|NA|0|0|0|0|NA|0
"160010024122"|0|1|0|0|0|0|0|1|1|1|0|0|1|0|0|12270|12270|NA|NA|6850|15|3|12|554784|46232|0
"160010102231"|0|1|0|0|0|0|0|1|1|0|0|1|1|0|0|NA|NA|NA|NA|NA|0|0|0|0|NA|0
"160010102232"|0|1|0|0|0|0|0|1|1|0|0|1|1|0|0|NA|NA|NA|NA|NA|0|0|0|0|NA|0
"160010103211"|0|0|1|0|0|1|0|1|1|1|0|0|1|0|0|NA|NA|NA|NA|NA|0|0|0|0|NA|0
"160010103212"|0|0|1|0|0|1|0|1|1|1|0|0|1|0|0|NA|NA|NA|NA|NA|0|0|0|0|NA|0
"160050003003"|0|1|0|0|0|0|0|1|1|0|0|1|1|0|0|NA|NA|NA|NA|NA|0|0|0|0|NA|0
"160050006002"|0|1|1|0|0|0|0|1|1|1|0|0|0|0|1|5928|22224|7982|24278|7454|1090|268|1228|90769462|73916.5|0
"160050007003"|0|1|1|0|0|0|0|1|1|1|0|0|0|0|1|5928|22224|7982|24278|7454|1090|268|1228|90769462|73916.5|0
"160119505002"|0|1|0|0|0|0|0|1|1|0|0|1|1|0|0|NA|NA|NA|NA|NA|0|0|0|0|NA|0
"160199705011"|0|1|0|0|0|0|0|1|1|1|1|0|0|1|0|4096|6192|NA|NA|NA|117|48|114|6381910|55981.6666666667|0
"160199706022"|0|1|0|0|0|0|0|1|1|1|1|0|0|1|0|4096|6192|NA|NA|NA|117|48|114|6381910|55981.6666666667|0
"160199706023"|0|2|0|0|0|0|0|2|2|1|1|1|1|1|0|NA|NA|NA|NA|NA|117|48|114|6381910|NA|0
"160199710006"|0|1|0|0|0|0|0|1|1|1|0|0|1|0|0|14585|14585|NA|NA|NA|7|0|10|717720|71772|0
"160199714001"|0|1|0|0|0|0|0|1|1|1|0|0|1|0|0|14585|14585|NA|NA|NA|7|0|10|717720|71772|0
"160270204022"|0|1|0|0|0|0|0|1|1|0|0|1|1|0|0|NA|NA|NA|NA|NA|0|0|0|0|NA|0
"160270204023"|0|2|1|0|0|0|0|2|2|1|0|1|1|1|0|NA|NA|NA|NA|NA|184|101|194|11499358|NA|0
"160270204024"|0|1|1|0|0|0|0|1|1|1|0|0|0|1|0|30550|30550|10464|10464|7990|184|101|194|11499358|59275.0412371134|0
"160270205041"|0|1|1|0|0|0|0|1|1|1|0|0|0|1|0|30550|30550|10464|10464|7990|184|101|194|11499358|59275.0412371134|0
"160270205042"|0|1|1|0|0|0|0|1|1|1|0|0|0|1|0|30550|30550|10464|10464|7990|184|101|194|11499358|59275.0412371134|0
"160270210021"|0|1|0|0|0|0|0|1|1|0|0|1|1|0|0|NA|NA|NA|NA|NA|0|0|0|0|NA|0
"160270211002"|0|1|0|0|0|0|0|1|1|1|1|0|0|0|1|3400|7344|NA|NA|NA|301|114|312|17177144|55054.9487179487|0
"160270215004"|0|1|1|0|0|0|0|1|1|1|0|0|0|1|0|31000|31000|18340|18340|10649|132|52|144|9374800|65102.7777777778|0
"160270215005"|0|1|1|0|0|0|0|1|1|1|0|0|0|1|0|31000|31000|18340|18340|10649|132|52|144|9374800|65102.7777777778|0
"160319504001"|0|1|0|0|0|0|0|1|1|0|0|1|1|0|0|NA|NA|NA|NA|NA|0|0|0|0|NA|0
"160539704002"|0|1|0|0|0|0|0|1|1|0|0|1|1|0|0|NA|NA|NA|NA|NA|0|0|0|0|NA|0
"160539704003"|0|1|0|0|0|0|0|1|1|0|0|1|1|0|0|NA|NA|NA|NA|NA|0|0|0|0|NA|0
"160550009001"|0|1|0|0|0|0|0|1|1|0|0|1|1|0|0|NA|NA|NA|NA|NA|0|0|0|0|NA|0
"160550009002"|0|1|0|0|0|0|0|1|1|0|0|1|1|0|0|NA|NA|NA|NA|NA|0|0|0|0|NA|0
"160550014002"|0|1|0|0|0|0|0|1|1|1|1|0|0|1|0|4000|7776|NA|NA|7540|366|119|316|19298354|61070.7405063291|0
"160550016002"|0|1|0|0|0|0|0|1|1|1|1|0|0|1|0|4000|7776|NA|NA|7540|366|119|316|19298354|61070.7405063291|0
"160570051003"|0|1|1|0|0|0|0|1|0|1|0|0|1|0|0|13150|13150|8800|8800|NA|11|4|26|1353138|52043.7692307692|0
"160570051004"|0|1|1|0|0|0|0|1|0|1|0|0|1|0|0|13150|13150|8800|8800|NA|11|4|26|1353138|52043.7692307692|0
"160570051005"|0|2|2|0|0|1|0|2|1|2|0|0|1|0|1|19332|38568|16554|35790|NA|1913|527|1196|105331128|140913.846153846|0
"160570053003"|0|2|1|0|0|1|0|2|2|1|0|1|1|0|1|NA|NA|NA|NA|NA|1902|523|1170|103977990|NA|0
"160570053004"|0|1|1|0|0|1|0|1|1|1|0|0|0|0|1|6182|25418|7754|26990|9080|1902|523|1170|103977990|88870.0769230769|0
"160570054003"|0|1|1|0|0|1|0|1|1|1|0|0|0|0|1|6182|25418|7754|26990|9080|1902|523|1170|103977990|88870.0769230769|0
"160659503013"|0|1|0|0|0|0|0|1|1|1|0|0|0|0|1|4208|4208|NA|NA|4368|726|231|1192|114839752|96342.0738255034|0
"160659503022"|0|3|0|0|0|0|0|3|3|0|0|3|3|0|0|NA|NA|NA|NA|NA|0|0|0|0|NA|0
"160699400004"|0|1|0|0|0|0|0|1|1|0|0|1|1|0|0|NA|NA|NA|NA|NA|0|0|0|0|NA|0
"160699603002"|0|1|0|0|0|0|0|1|1|0|0|1|1|0|0|NA|NA|NA|NA|NA|0|0|0|0|NA|0
"160699603003"|0|1|0|0|0|0|0|1|1|0|0|1|1|0|0|NA|NA|NA|NA|NA|0|0|0|0|NA|0
"160699604003"|0|1|0|0|0|0|0|1|1|1|0|0|0|1|0|6982|19978|NA|NA|7680|251|110|362|21832210|60309.9723756906|0
"160699604004"|0|2|0|0|0|0|0|2|2|0|0|2|2|0|0|NA|NA|NA|NA|NA|0|0|0|0|NA|0
"160830007001"|0|1|0|0|0|0|0|1|1|0|0|1|1|0|0|NA|NA|NA|NA|NA|0|0|0|0|NA|0
"160830008004"|0|1|0|0|0|0|0|1|1|1|0|0|0|1|0|4560|6840|NA|NA|5300|426|123|286|16277832|56915.4965034965|0
"160830009001"|0|1|0|0|0|0|0|1|1|0|0|1|1|0|0|NA|NA|NA|NA|NA|0|0|0|0|NA|0
"160830010004"|0|1|0|0|0|0|0|1|1|0|0|1|1|0|0|NA|NA|NA|NA|NA|0|0|0|0|NA|0
"160830011003"|0|1|0|0|0|0|0|1|1|0|0|1|1|0|0|NA|NA|NA|NA|NA|0|0|0|0|NA|0
"170010001001"|0|1|1|0|1|0|0|1|1|1|0|0|1|0|0|25760|25760|NA|NA|NA|19|5|58|3525326|60781.4827586207|0
"170010002021"|0|1|1|0|0|0|0|1|1|1|0|0|0|1|0|30450|30450|10800|10800|10500|99|50|106|5465186|51558.358490566|0
"170010005002"|0|1|0|0|0|0|0|1|1|0|0|1|1|0|0|NA|NA|NA|NA|NA|0|0|0|0|NA|0
"170010006003"|0|1|0|0|0|0|0|1|1|0|0|1|1|0|0|NA|NA|NA|NA|NA|0|0|0|0|NA|0
"170010008001"|0|1|0|0|0|0|0|1|1|0|0|1|1|0|0|NA|NA|NA|NA|NA|0|0|0|0|NA|0
"170010104001"|0|1|1|0|1|0|0|1|1|1|0|0|1|0|0|25760|25760|NA|NA|NA|19|5|58|3525326|60781.4827586207|0
"170010106001"|0|1|0|0|0|0|0|1|1|1|1|0|0|1|0|7560|7560|NA|NA|NA|115|50|96|5577214|58095.9791666667|0
"170010106005"|0|1|0|0|0|0|0|1|1|1|1|0|0|1|0|7560|7560|NA|NA|NA|115|50|96|5577214|58095.9791666667|0
"170059513001"|0|1|1|0|0|0|0|1|1|1|0|0|0|1|0|27580|27580|8082|8082|9548|108|72|126|6896924|54737.4920634921|0
"170059513003"|0|1|1|0|0|0|0|1|1|1|0|0|0|1|0|27580|27580|8082|8082|9548|108|72|126|6896924|54737.4920634921|0
"170190003012"|0|1|1|0|0|0|0|1|1|0|0|0|0|0|0|NA|NA|NA|NA|NA|834|153|0|0|NA|0
"170190004011"|0|1|1|0|0|0|0|1|1|0|0|0|0|0|0|NA|NA|NA|NA|NA|834|153|0|0|NA|0
"170190009022"|0|1|0|0|0|0|0|1|1|1|1|0|0|1|0|10905|15255|NA|NA|NA|275|106|314|24335336|77501.0700636943|0
"170190014001"|0|1|1|0|1|1|0|1|1|1|0|0|0|0|1|14188|33127|14997|28404|11480|8544|1826|4714|552833814|117274.886296139|0
"170190053001"|0|1|0|0|0|0|0|1|1|0|0|1|1|0|0|NA|NA|NA|NA|NA|0|0|0|0|NA|0
"170190054012"|0|1|0|0|0|0|0|1|1|0|0|1|1|0|0|NA|NA|NA|NA|NA|0|0|0|0|NA|0
"170190054013"|0|1|0|0|0|0|0|1|1|0|0|1|1|0|0|NA|NA|NA|NA|NA|0|0|0|0|NA|0
"170190059002"|0|2|2|0|1|1|0|2|2|1|0|0|0|0|1|NA|NA|NA|NA|NA|9378|1979|4714|552833814|NA|0
"170190059003"|0|1|1|0|0|0|0|1|1|0|0|0|0|0|0|NA|NA|NA|NA|NA|834|153|0|0|NA|0
"170190106041"|0|1|0|0|0|0|0|1|1|1|1|0|0|1|0|10905|15255|NA|NA|NA|275|106|314|24335336|77501.0700636943|0
"170279005001"|0|1|0|0|0|0|0|1|1|1|1|0|0|1|0|7050|11850|NA|NA|NA|109|24|138|10985634|79606.0434782609|0
"170290002003"|0|1|0|0|0|0|0|1|1|1|1|0|0|1|0|6989|12791|NA|NA|NA|165|60|208|12313968|59201.7692307692|0
"170290002004"|0|1|0|0|0|0|0|1|1|1|1|0|0|1|0|6989|12791|NA|NA|NA|165|60|208|12313968|59201.7692307692|0
"170290008002"|0|1|1|0|0|0|0|1|1|1|0|0|0|1|0|8875|11045|7356|17654|10030|688|264|740|57832402|78151.8945945946|0
"170310104003"|0|1|1|0|0|1|0|1|1|1|0|0|0|0|1|44105|44105|18594|18594|14780|1207|286|1676|174346092|104025.114558473|0
"170310105031"|0|1|0|0|0|0|0|1|1|0|0|1|1|0|0|NA|NA|NA|NA|NA|0|0|0|0|NA|0
"170310311002"|0|1|0|0|0|0|0|1|1|1|0|0|1|0|0|11736|11736|NA|NA|NA|63|11|30|1754752|58491.7333333333|0
"170310314005"|0|1|1|0|0|0|0|1|0|1|0|0|1|0|0|7500|7500|4500|4500|3375|8|0|8|596682|74585.25|0
"170310629003"|0|1|0|0|0|0|0|1|1|0|0|1|1|0|0|NA|NA|NA|NA|NA|0|0|0|0|NA|0
"170310634001"|0|1|0|0|0|0|0|1|1|0|0|1|1|0|0|NA|NA|NA|NA|NA|0|0|0|0|NA|0
"170310810005"|0|1|1|0|0|0|0|1|1|1|0|0|0|1|0|11200|11200|8010|8010|10674|315|81|132|9709058|73553.4696969697|0
"170310817002"|0|1|2|0|0|0|0|2|2|2|0|0|1|1|0|NA|NA|42410|42410|NA|323|104|218|18997730|173793.850574713|0
"170310818002"|0|1|0|0|0|0|0|1|1|1|1|0|1|0|0|NA|NA|NA|NA|NA|11|4|8|409600|51200|0
"170311006003"|0|1|0|0|0|0|0|1|1|0|0|1|1|0|0|NA|NA|NA|NA|NA|0|0|0|0|NA|0
"170311403023"|0|2|2|0|0|0|0|2|2|2|0|0|1|1|0|24198|33897|15419|22839|NA|684|155|606|44648288|112915.124579125|0
"170311701001"|0|1|0|0|0|0|0|1|1|1|1|0|0|1|0|9216|11544|NA|NA|NA|165|48|176|15961120|90688.1818181818|0
"170312412002"|0|1|1|0|0|0|0|1|1|1|0|0|1|0|0|26584|26584|16398|16398|NA|55|3|98|9736020|99347.1428571429|0
"170312415003"|0|1|0|0|0|0|0|1|1|0|0|1|1|0|0|NA|NA|NA|NA|NA|0|0|0|0|NA|0
"170313201001"|0|2|0|0|0|0|0|2|1|1|1|0|1|0|0|NA|NA|NA|NA|NA|26|3|26|1288844|NA|0
"170313201002"|0|4|1|0|0|0|0|4|4|3|2|0|2|1|0|NA|NA|NA|NA|NA|425|126|212|18250748|NA|0
"170313204001"|0|10|6|0|0|0|0|11|10|9|2|1|5|4|1|NA|NA|NA|NA|NA|2867|902|3014|272861950|NA|0
"170313206002"|0|2|3|0|0|0|0|4|4|4|0|0|3|1|0|NA|NA|NA|NA|NA|556|207|550|42914830|379393.634620335|0
"170314106002"|0|0|2|0|0|0|0|2|2|2|0|0|2|0|0|NA|NA|27090|27090|NA|69|21|50|4027386|160340.602564103|0
"170314109002"|0|0|1|0|0|0|0|1|1|1|0|0|1|0|0|NA|NA|22560|22560|NA|52|17|60|3676932|61282.2|0
"170314202001"|0|0|3|0|0|0|0|3|2|3|0|0|3|0|0|NA|NA|69038|69038|NA|64|12|54|6223276|328306.545454545|0
"170314905001"|0|1|1|0|0|0|0|1|1|1|0|0|0|1|0|7488|14856|5850|11340|8724|414|92|384|27497914|71609.1510416667|0
"170315001004"|0|1|0|0|0|0|0|1|1|1|1|0|0|1|0|9216|11544|NA|NA|NA|142|47|88|7941176|90240.6363636364|0
"170315702001"|0|1|0|0|0|0|0|1|1|0|0|1|1|0|0|NA|NA|NA|NA|NA|0|0|0|0|NA|0
"170315805023"|0|1|0|0|0|0|0|1|1|0|0|1|1|0|0|NA|NA|NA|NA|NA|0|0|0|0|NA|0
"170316103001"|0|1|0|0|0|0|0|1|1|0|0|1|1|0|0|NA|NA|NA|NA|NA|0|0|0|0|NA|0
"170316505003"|0|1|0|0|0|0|0|1|1|1|1|0|0|1|0|9216|11544|NA|NA|NA|135|31|106|9071606|85581.1886792453|0
"170316809004"|0|1|0|0|0|0|0|1|1|1|1|0|0|1|0|9216|11544|NA|NA|NA|149|40|132|10796924|81794.8787878788|0
"170317307001"|0|1|0|0|0|0|0|1|1|0|0|1|1|0|0|NA|NA|NA|NA|NA|0|0|0|0|NA|0
"170317402001"|0|1|1|0|0|0|0|1|1|1|0|0|0|1|0|33300|33300|16000|16000|11430|269|105|266|17893764|67269.7894736842|0
"170318020022"|0|1|0|0|0|0|0|1|1|0|0|1|0|0|0|NA|NA|NA|NA|NA|0|0|0|0|NA|0
"170318023001"|0|1|0|0|0|0|0|1|1|0|0|1|0|0|0|NA|NA|NA|NA|NA|0|0|0|0|NA|0
"170318024021"|0|1|0|0|0|0|0|1|1|1|1|0|1|0|0|20950|20950|NA|NA|NA|5|1|4|220000|55000|0
"170318028022"|0|1|0|0|0|0|0|1|1|0|0|0|1|0|0|NA|NA|NA|NA|NA|0|0|0|0|NA|0
"170318041023"|0|1|0|0|0|0|0|1|1|1|1|0|0|0|1|9372|11184|NA|NA|NA|528|181|402|36437244|90639.9104477612|0
"170318042012"|0|1|0|0|0|0|0|1|1|1|0|0|1|0|0|NA|NA|NA|NA|NA|13|0|14|920000|65714.2857142857|0
"170318047142"|0|1|0|0|0|0|0|1|1|0|0|1|1|0|0|NA|NA|NA|NA|NA|0|0|0|0|NA|0
"170318051053"|0|1|0|0|0|0|0|1|0|0|0|1|1|0|0|NA|NA|NA|NA|NA|0|0|0|0|NA|0
"170318054024"|0|1|0|0|0|0|0|1|1|0|0|1|1|0|0|NA|NA|NA|NA|NA|0|0|0|0|NA|0
"170318060043"|0|1|0|0|0|0|0|1|1|0|0|1|1|0|0|NA|NA|NA|NA|NA|0|0|0|0|NA|0
"170318061042"|0|1|0|0|0|0|0|1|1|1|1|0|0|1|0|10276|12292|NA|NA|NA|331|132|304|27562052|90664.6447368421|0
"170318069001"|0|2|0|0|0|0|0|2|2|0|0|2|2|0|0|NA|NA|NA|NA|NA|0|0|0|0|NA|0
"170318078001"|0|1|0|0|0|0|0|1|1|1|0|0|1|0|0|12950|12950|NA|NA|12850|32|12|28|1066726|38097.3571428571|0
"170318087021"|0|1|1|0|0|1|0|1|1|1|0|0|0|0|1|56232|56232|56067|56067|17019|5845|1349|2998|471715578|157343.42161441|0
"170318087022"|0|0|1|0|0|0|0|1|1|1|0|0|1|0|0|NA|NA|21195|21195|NA|52|6|52|4497694|86494.1153846154|0
"170318088002"|0|0|1|0|0|0|0|1|1|0|0|1|1|0|0|NA|NA|18066|18066|NA|0|0|0|0|NA|0
"170318094003"|0|1|1|0|0|0|0|1|1|1|0|0|1|0|0|15795|15795|17375|17375|NA|4|0|2|86000|43000|0
"170318108002"|0|1|0|0|0|0|0|1|1|0|0|1|1|0|0|NA|NA|NA|NA|NA|0|0|0|0|NA|0
"170318112003"|0|1|0|0|0|0|0|1|1|1|1|0|0|1|0|10001|12542|NA|NA|NA|296|104|198|13934558|70376.5555555556|0
"170318119002"|0|1|1|0|0|0|0|1|1|1|0|0|0|1|0|31926|31926|8910|8910|9996|241|132|602|28074340|46635.1162790698|0
"170318119004"|0|1|1|0|0|0|0|1|1|1|0|0|0|1|0|33950|33950|20400|20400|10549|224|81|310|22841440|73682.064516129|0
"170318139001"|0|1|0|0|0|0|0|1|1|0|0|1|1|0|0|NA|NA|NA|NA|NA|0|0|0|0|NA|0
"170318144003"|0|1|0|0|0|0|0|1|1|1|1|0|0|1|0|7424|9472|NA|NA|NA|131|61|136|10132974|74507.1617647059|0
"170318162001"|0|1|0|0|0|0|0|1|1|1|1|0|1|0|0|NA|NA|NA|NA|NA|36|10|66|4121242|62443.0606060606|0
"170318166001"|0|1|0|0|0|0|0|1|1|0|0|1|1|0|0|NA|NA|NA|NA|NA|0|0|0|0|NA|0
"170318205024"|0|1|0|0|0|0|0|1|1|0|0|1|1|0|0|NA|NA|NA|NA|NA|0|0|0|0|NA|0
"170318209011"|0|2|0|0|0|0|0|2|2|2|1|0|2|0|0|33560|33560|NA|NA|NA|70|3|98|7186898|142161.457142857|0
"170318212002"|0|1|0|0|0|0|0|1|1|0|0|1|1|0|0|NA|NA|NA|NA|NA|0|0|0|0|NA|0
"170318221014"|0|1|0|0|0|0|0|1|1|0|0|1|1|0|0|NA|NA|NA|NA|NA|0|0|0|0|NA|0
"170318236051"|0|1|1|0|0|0|0|1|1|1|0|0|0|1|0|30700|30700|10517|10517|9950|113|34|136|8841722|65012.6617647059|0
"170318238031"|0|1|0|0|0|0|0|1|1|0|0|1|1|0|0|NA|NA|NA|NA|NA|0|0|0|0|NA|0
"170318238033"|0|1|0|0|0|0|0|1|1|1|1|0|0|0|1|9240|10830|NA|NA|NA|410|168|382|28574372|74802.0209424084|0
"170318245052"|0|1|0|0|0|0|0|1|1|0|0|1|1|0|0|NA|NA|NA|NA|NA|0|0|0|0|NA|0
"170318246025"|0|1|0|0|0|0|0|1|1|0|0|1|1|0|0|NA|NA|NA|NA|NA|0|0|0|0|NA|0
"170318259002"|0|1|0|0|0|0|0|1|1|0|0|1|1|0|0|NA|NA|NA|NA|NA|0|0|0|0|NA|0
"170318260002"|0|1|0|0|0|0|0|1|1|0|0|1|1|0|0|NA|NA|NA|NA|NA|0|0|0|0|NA|0
"170318272003"|0|1|0|0|0|0|0|1|1|1|1|0|0|1|0|10500|12150|NA|NA|NA|227|94|156|11261000|72185.8974358974|0
"170318289001"|0|1|0|0|0|0|0|1|1|1|1|0|0|1|0|8610|10332|NA|NA|NA|179|80|156|11818080|75756.9230769231|0
"170318300061"|0|1|0|0|0|0|0|1|1|0|0|1|1|0|0|NA|NA|NA|NA|NA|0|0|0|0|NA|0
"170318302013"|0|1|0|0|0|0|0|1|1|0|0|1|1|0|0|NA|NA|NA|NA|NA|0|0|0|0|NA|0
"170318307004"|0|1|0|0|0|0|0|1|1|1|1|0|0|1|0|9216|11544|NA|NA|NA|178|53|128|11054430|86362.734375|0
"170318318004"|0|1|1|0|0|0|0|1|1|1|0|0|0|1|0|30360|30360|13896|13896|9720|194|57|248|17722070|71459.9596774193|0
"170318318005"|0|2|2|0|0|0|0|2|2|2|0|0|1|1|0|24198|33897|15419|22839|NA|684|155|606|44648288|112915.124579125|0
"170318339002"|0|1|0|0|0|0|0|1|1|0|0|1|1|0|0|NA|NA|NA|NA|NA|0|0|0|0|NA|0
"170318362001"|0|1|1|0|0|1|0|1|1|1|0|0|0|0|1|57642|57642|60300|60300|17004|7648|1229|2920|508105136|174008.608219178|0
"170318381001"|0|1|0|0|0|0|0|1|1|1|1|0|0|1|0|9216|11544|NA|NA|NA|194|50|216|18859786|87313.8240740741|0
"170318381002"|0|2|1|0|1|1|0|2|2|2|1|0|0|2|0|38452|40780|NA|NA|NA|518|103|774|94338752|222580.78823178|0
"170318381003"|0|1|1|0|1|1|0|1|1|1|0|0|0|1|0|29236|29236|37116|37116|NA|324|53|558|75478966|135266.964157706|0
"170318391001"|0|1|3|0|0|0|0|3|3|3|0|0|1|2|0|NA|NA|54205|54205|NA|244|62|254|29610184|NA|0
"170318391002"|0|2|0|0|0|0|0|2|2|1|1|1|2|0|0|NA|NA|NA|NA|NA|43|2|12|640000|NA|0
"170318419001"|0|1|1|0|1|1|0|1|1|1|0|0|0|0|1|11924|26224|13276|23850|12479|4127|896|3316|379699592|114505.305186972|0
"170318419002"|0|1|0|0|0|0|0|1|1|0|0|1|1|0|0|NA|NA|NA|NA|NA|0|0|0|0|NA|0
"170318420001"|0|0|1|0|0|0|0|1|1|1|0|0|1|0|0|NA|NA|NA|NA|NA|121|11|102|11836274|116041.901960784|0
"170318420002"|0|2|2|0|0|0|0|2|2|2|0|0|1|1|0|74419|74419|36137|36137|NA|651|132|824|99174646|182761.782587065|0
"170318437001"|0|1|1|0|0|0|0|1|1|1|0|0|0|0|1|14663|14663|17072|17072|NA|77|1|114|10954326|96090.5789473684|0
"170338803001"|0|1|0|0|0|0|0|1|1|1|1|0|1|0|0|8902|10928|NA|NA|NA|29|14|24|1396078|58169.9166666667|0
"170338804001"|0|1|0|0|0|0|0|1|1|1|1|0|1|0|0|8902|10928|NA|NA|NA|29|14|24|1396078|58169.9166666667|0
"170338804003"|0|1|0|0|0|0|0|1|1|1|1|0|1|0|0|8902|10928|NA|NA|NA|29|14|24|1396078|58169.9166666667|0
"170338805003"|0|1|0|0|0|0|0|1|1|1|1|0|1|0|0|8902|10928|NA|NA|NA|29|14|24|1396078|58169.9166666667|0
"170370003002"|0|1|0|0|0|0|0|1|1|1|1|0|0|1|0|8640|12960|NA|NA|NA|132|61|120|7668164|63901.3666666667|0
"170370008003"|0|1|0|0|0|0|0|1|1|0|0|1|1|0|0|NA|NA|NA|NA|NA|0|0|0|0|NA|0
"170370013001"|0|1|0|0|0|0|0|1|1|0|0|1|1|0|0|NA|NA|NA|NA|NA|0|0|0|0|NA|0
"170370013002"|0|1|0|0|0|0|0|1|1|0|0|1|1|0|0|NA|NA|NA|NA|NA|0|0|0|0|NA|0
"170370013005"|0|1|0|0|0|0|0|1|1|0|0|1|1|0|0|NA|NA|NA|NA|NA|0|0|0|0|NA|0
"170370013006"|0|1|0|0|0|0|0|1|1|0|0|1|1|0|0|NA|NA|NA|NA|NA|0|0|0|0|NA|0
"170370015003"|0|1|0|0|0|0|0|1|1|0|0|1|1|0|0|NA|NA|NA|NA|NA|0|0|0|0|NA|0
"170370022001"|0|1|1|0|0|0|0|1|1|1|0|0|0|0|1|9466|9466|8922|8922|10880|2019|695|1600|129034800|80646.75|0
"170370022002"|0|1|1|0|0|0|0|1|1|1|0|0|0|0|1|9466|9466|8922|8922|10880|2019|695|1600|129034800|80646.75|0
"170438409061"|0|1|1|0|0|0|0|1|1|1|0|0|0|0|1|18890|18890|13000|13000|NA|239|18|240|22565520|94023|0
"170438409101"|0|1|0|0|0|0|0|1|1|0|0|1|1|0|0|NA|NA|NA|NA|NA|0|0|0|0|NA|0
"170438409104"|0|1|0|0|0|0|0|1|1|0|0|1|1|0|0|NA|NA|NA|NA|NA|0|0|0|0|NA|0
"170438411081"|0|1|0|0|0|0|0|1|1|0|0|1|1|0|0|NA|NA|NA|NA|NA|0|0|0|0|NA|0
"170438411112"|0|1|0|0|0|0|0|1|1|0|0|1|1|0|0|NA|NA|NA|NA|NA|0|0|0|0|NA|0
"170438413151"|0|1|0|0|0|0|0|1|1|0|0|1|1|0|0|NA|NA|NA|NA|NA|0|0|0|0|NA|0
"170438413202"|0|1|0|0|0|0|0|1|1|0|0|1|1|0|0|NA|NA|NA|NA|NA|0|0|0|0|NA|0
"170438419022"|0|1|1|0|0|0|0|1|1|1|0|0|0|1|0|37700|37700|16800|16800|10630|520|159|436|36864132|84550.7614678899|0
"170438419023"|0|1|1|0|0|0|0|1|1|1|0|0|0|1|0|37700|37700|16800|16800|10630|520|159|436|36864132|84550.7614678899|0
"170438426012"|0|1|1|0|0|0|0|1|1|0|0|0|0|0|0|NA|NA|NA|NA|NA|683|21|0|0|NA|0
"170438427063"|0|0|1|0|0|0|0|1|1|1|0|0|1|0|0|NA|NA|13554|13554|NA|12|1|8|615738|76967.25|0
"170438427101"|0|1|0|0|0|0|0|1|1|1|1|0|0|0|1|8734|10834|NA|NA|NA|706|285|552|54162738|98120.902173913|0
"170438427103"|0|1|0|0|0|0|0|1|1|1|1|0|0|0|1|8734|10834|NA|NA|NA|706|285|552|54162738|98120.902173913|0
"170438427111"|0|1|0|0|0|0|0|1|1|0|0|1|0|1|0|NA|NA|NA|NA|NA|0|0|0|0|NA|0
"170438429003"|0|1|1|0|0|0|0|1|1|1|0|0|0|1|0|37454|37454|31667|31667|10510|269|129|318|23151624|72803.8490566038|0
"170438433013"|0|1|0|0|0|0|0|1|1|0|0|1|1|0|0|NA|NA|NA|NA|NA|0|0|0|0|NA|0
"170438442011"|0|1|1|0|0|0|0|1|1|1|0|0|1|0|0|18912|18912|23766|23766|NA|94|18|120|7863544|65529.5333333333|0
"170438443012"|0|1|0|0|0|0|0|1|1|0|0|1|1|0|0|NA|NA|NA|NA|NA|0|0|0|0|NA|0
"170438443014"|0|1|0|0|0|0|0|1|1|0|0|1|1|0|0|NA|NA|NA|NA|NA|0|0|0|0|NA|0
"170438443063"|0|1|0|0|0|0|0|1|1|0|0|1|1|0|0|NA|NA|NA|NA|NA|0|0|0|0|NA|0
"170438444012"|0|2|1|0|0|0|0|2|2|0|0|1|1|0|0|NA|NA|NA|NA|NA|629|15|0|0|NA|0
"170438444013"|0|0|1|0|0|0|0|1|1|1|0|0|1|0|0|NA|NA|13554|13554|NA|12|1|8|615738|76967.25|0
"170438444021"|0|1|0|0|0|0|0|1|1|0|0|1|1|0|0|NA|NA|NA|NA|NA|0|0|0|0|NA|0
"170438444022"|0|0|1|0|1|1|0|1|1|1|0|0|0|1|0|NA|NA|44824|44824|NA|354|91|344|45255280|131556.046511628|0
"170438445011"|0|1|0|0|0|0|0|1|1|0|0|1|1|0|0|NA|NA|NA|NA|NA|0|0|0|0|NA|0
"170438445023"|0|1|0|0|0|0|0|1|1|0|0|1|1|0|0|NA|NA|NA|NA|NA|0|0|0|0|NA|0
"170438446011"|0|1|0|0|0|0|0|1|1|0|0|1|1|0|0|NA|NA|NA|NA|NA|0|0|0|0|NA|0
"170438446012"|0|1|0|0|0|0|0|1|1|0|0|1|1|0|0|NA|NA|NA|NA|NA|0|0|0|0|NA|0
"170438448022"|0|0|1|0|0|0|0|1|1|1|0|0|1|0|0|NA|NA|13554|13554|NA|12|1|8|615738|76967.25|0
"170438449023"|0|1|0|0|0|0|0|1|1|0|0|1|1|0|0|NA|NA|NA|NA|NA|0|0|0|0|NA|0
"170438450004"|0|1|0|0|0|0|0|1|1|0|0|1|1|0|0|NA|NA|NA|NA|NA|0|0|0|0|NA|0
"170438456021"|0|1|0|0|0|0|0|1|1|0|0|1|1|0|0|NA|NA|NA|NA|NA|0|0|0|0|NA|0
"170438458112"|0|1|0|0|0|0|0|1|1|0|0|1|1|0|0|NA|NA|NA|NA|NA|0|0|0|0|NA|0
"170438459021"|0|1|0|0|0|0|0|1|1|0|0|1|1|0|0|NA|NA|NA|NA|NA|0|0|0|0|NA|0
"170438460022"|0|0|1|0|0|0|0|1|1|1|0|0|1|0|0|NA|NA|13554|13554|NA|12|1|8|615738|76967.25|0
"170438460023"|0|0|1|0|0|0|0|1|1|1|0|0|1|0|0|NA|NA|13554|13554|NA|12|1|8|615738|76967.25|0
"170438461021"|0|1|0|0|0|0|0|1|1|0|0|1|0|1|0|NA|NA|NA|NA|NA|0|0|0|0|NA|0
"170438461033"|0|1|1|0|0|0|0|1|1|1|0|0|0|1|0|39860|39860|15822|15822|11456|294|99|316|24323286|76972.4240506329|0
"170438461061"|0|1|1|0|0|0|0|1|1|0|0|0|0|0|0|NA|NA|NA|NA|NA|683|21|0|0|NA|0
"170438462023"|0|1|1|0|0|0|0|1|1|1|0|0|0|1|0|31084|31084|18273|18273|11126|286|105|280|21859486|78069.5928571429|0
"170438464052"|0|1|1|0|0|0|0|1|1|0|0|0|0|0|0|NA|NA|NA|NA|NA|683|21|0|0|NA|0
"170579533002"|0|1|0|0|0|0|0|1|1|0|0|1|1|0|0|5644|5644|NA|NA|6961|0|0|0|0|NA|0
"170579534002"|0|1|0|0|0|0|0|1|1|0|0|1|1|0|0|NA|NA|NA|NA|NA|0|0|0|0|NA|0
"170579535002"|0|1|0|0|0|0|0|1|1|0|0|1|1|0|0|5644|5644|NA|NA|6961|0|0|0|0|NA|0
"170579535003"|0|1|0|0|0|0|0|1|1|1|1|0|0|1|0|9840|10920|NA|NA|NA|76|40|64|3666500|57289.0625|0
"170770111001"|0|2|2|0|1|1|0|2|2|1|0|0|0|0|1|NA|NA|NA|NA|NA|1905|647|1284|90856074|NA|0
"170770117002"|0|2|2|0|1|1|0|2|2|1|0|0|0|0|1|NA|NA|NA|NA|NA|1905|647|1284|90856074|NA|0
"170810504003"|0|1|0|0|0|0|0|1|1|1|1|0|0|1|0|5250|6000|NA|NA|NA|116|34|108|7081422|65568.7222222222|0
"170830103003"|0|1|0|0|0|0|0|1|0|1|0|0|1|0|0|29490|29490|NA|NA|11960|235|57|130|9480274|72925.1846153846|0
"170898505003"|0|1|1|0|0|0|0|1|1|1|0|0|0|1|0|28840|28840|27000|27000|10290|92|24|86|4999258|58130.9069767442|0
"170898507013"|0|1|0|0|0|0|0|1|1|0|0|1|1|0|0|NA|NA|NA|NA|NA|0|0|0|0|NA|0
"170898508006"|0|1|1|0|0|0|0|1|1|1|0|0|0|1|0|28840|28840|27000|27000|10290|92|24|86|4999258|58130.9069767442|0
"170898510003"|0|1|1|0|0|0|0|1|1|1|0|0|0|1|0|28840|28840|27000|27000|10290|92|24|86|4999258|58130.9069767442|0
"170898519051"|0|1|0|0|0|0|0|1|1|0|0|1|1|0|0|NA|NA|NA|NA|NA|0|0|0|0|NA|0
"170898519081"|0|1|0|0|0|0|0|1|1|1|1|0|0|1|0|10428|11947|NA|NA|NA|338|113|258|25409232|98485.3953488372|0
"170898539003"|0|1|1|0|0|0|0|1|1|1|0|0|0|1|0|24800|24800|12600|12600|9866|288|108|278|21276878|76535.5323741007|0
"170898545041"|0|1|0|0|0|0|0|1|1|1|1|0|0|1|0|8935|9668|NA|NA|NA|314|102|196|17046428|86971.5714285714|0
"170910107011"|0|1|0|0|0|0|0|1|1|0|0|1|1|0|0|NA|NA|NA|NA|NA|0|0|0|0|NA|0
"170910120002"|0|1|1|0|0|0|0|1|1|1|0|0|0|1|0|36080|36080|13420|13420|8000|350|114|256|17053456|66615.0625|0
"170910120003"|0|1|1|0|0|0|0|1|1|1|0|0|0|1|0|36080|36080|13420|13420|8000|350|114|256|17053456|66615.0625|0
"170910125001"|0|1|0|0|0|0|0|1|1|1|1|0|0|1|0|12090|22980|NA|NA|NA|140|50|132|9134150|69198.1060606061|0
"170938901022"|0|1|0|0|0|0|0|1|1|0|0|1|1|0|0|NA|NA|NA|NA|NA|0|0|0|0|NA|0
"170950004001"|0|1|0|0|0|0|0|1|1|1|1|0|0|1|0|7140|7952|NA|NA|NA|114|35|78|4623460|59275.1282051282|0
"170950004003"|0|1|0|0|0|0|0|1|1|1|1|0|0|1|0|7140|7952|NA|NA|NA|114|35|78|4623460|59275.1282051282|0
"170950008002"|0|1|0|0|0|0|0|1|1|1|0|0|0|1|0|47385|47385|NA|NA|10068|250|67|218|14190628|65094.623853211|0
"170978611062"|0|1|0|0|0|0|0|1|1|1|1|0|0|0|1|8806|11914|NA|NA|NA|487|157|406|42489604|104654.197044335|0
"170978619023"|0|1|0|0|0|0|0|1|1|0|0|1|1|0|0|NA|NA|NA|NA|NA|0|0|0|0|NA|0
"170978630041"|0|0|1|0|0|1|0|1|1|1|0|0|0|1|0|NA|NA|36390|36390|NA|259|86|202|26882014|133079.277227723|0
"170978630042"|0|0|1|0|0|1|0|1|1|1|0|0|0|1|0|NA|NA|36390|36390|NA|259|86|202|26882014|133079.277227723|0
"170978634002"|0|1|1|0|0|0|0|1|1|1|0|0|0|1|0|47680|47680|14512|14512|10676|175|53|202|16214712|80270.8514851485|0
"170978638011"|0|1|0|0|0|0|0|1|1|0|0|1|1|0|0|NA|NA|NA|NA|NA|0|0|0|0|NA|0
"170978638012"|0|1|0|0|0|0|0|1|1|0|0|1|1|0|0|NA|NA|NA|NA|NA|0|0|0|0|NA|0
"170978639021"|0|1|0|0|0|0|0|1|1|0|0|1|1|0|0|NA|NA|NA|NA|NA|0|0|0|0|NA|0
"170978639024"|0|1|0|0|0|0|0|1|1|0|0|1|1|0|0|NA|NA|NA|NA|NA|0|0|0|0|NA|0
"170978640013"|0|0|1|0|0|0|0|1|1|1|0|0|1|0|0|NA|NA|29108|29108|NA|95|31|64|3799468|59366.6875|0
"170978645221"|0|1|1|0|0|0|0|1|1|1|0|0|0|1|0|32398|32398|17280|17280|10800|129|48|128|8909432|69604.9375|0
"170978648011"|0|1|1|0|0|0|0|1|1|1|0|0|0|1|0|32398|32398|17280|17280|10800|129|48|128|8909432|69604.9375|0
"170978649011"|0|1|1|0|0|0|0|1|1|1|0|0|0|1|0|32398|32398|17280|17280|10800|129|48|128|8909432|69604.9375|0
"170978662003"|0|0|1|0|0|0|0|1|1|1|0|0|1|0|0|NA|NA|NA|NA|NA|47|0|0|0|NA|0
"170999630001"|0|1|0|0|0|0|0|1|1|0|0|1|1|0|0|NA|NA|NA|NA|NA|0|0|0|0|NA|0
"170999632003"|0|1|0|0|0|0|0|1|1|1|1|0|0|1|0|10800|11760|NA|NA|NA|102|38|150|10927924|72852.8266666667|0
"171030005004"|0|1|0|0|0|0|0|1|1|1|1|0|0|1|0|10140|11250|NA|NA|NA|85|28|90|5157716|57307.9555555556|0
"171079529003"|0|1|1|0|0|0|0|1|1|1|0|0|1|0|0|13590|13590|8154|8154|7564|59|10|50|2519926|50398.52|0
"171079531002"|0|1|1|0|0|0|0|1|1|1|0|0|0|1|0|17900|17900|3960|3960|7900|129|30|64|3126752|48855.5|0
"171079531004"|0|1|1|0|0|0|0|1|1|1|0|0|0|1|0|17900|17900|3960|3960|7900|129|30|64|3126752|48855.5|0
"171079532001"|0|1|1|0|0|0|0|1|1|1|0|0|0|1|0|17900|17900|3960|3960|7900|129|30|64|3126752|48855.5|0
"171090104001"|0|1|1|0|0|0|0|1|1|1|0|0|0|1|0|8627|8627|7962|7962|9800|791|219|940|77876334|82847.1638297872|0
"171090105001"|0|1|1|0|0|0|0|1|1|1|0|0|0|1|0|8627|8627|7962|7962|9800|791|219|940|77876334|82847.1638297872|0
"171090105002"|0|1|1|0|0|0|0|1|1|1|0|0|0|1|0|8627|8627|7962|7962|9800|791|219|940|77876334|82847.1638297872|0
"171090105003"|0|1|1|0|0|0|0|1|1|1|0|0|0|1|0|8627|8627|7962|7962|9800|791|219|940|77876334|82847.1638297872|0
"171118708071"|0|1|0|0|0|0|0|1|1|1|1|0|0|1|0|11615|14099|NA|NA|NA|191|65|184|17641282|95876.5326086956|0
"171118708081"|0|1|0|0|0|0|0|1|1|0|0|1|1|0|0|NA|NA|NA|NA|NA|0|0|0|0|NA|0
"171118709021"|0|1|0|0|0|0|0|1|1|1|1|0|0|1|0|11615|14099|NA|NA|NA|191|65|184|17641282|95876.5326086956|0
"171118709023"|0|1|0|0|0|0|0|1|1|1|1|0|0|1|0|11615|14099|NA|NA|NA|191|65|184|17641282|95876.5326086956|0
"171118712013"|0|1|0|0|0|0|0|1|1|0|0|1|1|0|0|NA|NA|NA|NA|NA|0|0|0|0|NA|0
"171118712021"|0|1|0|0|0|0|0|1|1|0|0|1|1|0|0|NA|NA|NA|NA|NA|0|0|0|0|NA|0
"171130001041"|0|2|1|0|0|0|0|2|2|2|1|0|0|1|1|19547|31638|NA|NA|NA|2467|474|1976|147465368|143422.19343673|0
"171130001042"|0|1|0|0|0|0|0|1|1|1|1|0|0|1|0|9000|13500|NA|NA|NA|214|50|166|11322008|68204.8674698795|0
"171130001044"|0|1|0|0|0|0|0|1|1|0|0|1|1|0|0|NA|NA|NA|NA|NA|0|0|0|0|NA|0
"171130001051"|0|1|0|0|0|0|0|1|1|1|1|0|0|1|0|9000|13500|NA|NA|NA|214|50|166|11322008|68204.8674698795|0
"171130002001"|0|1|1|0|0|0|0|1|1|1|0|0|0|0|1|10547|18138|7956|9233|9850|2253|424|1810|136143360|75217.3259668508|0
"171130002002"|0|1|1|0|0|0|0|1|1|1|0|0|0|0|1|10547|18138|7956|9233|9850|2253|424|1810|136143360|75217.3259668508|0
"171130005042"|0|1|0|0|0|0|0|1|1|0|0|1|1|0|0|NA|NA|NA|NA|NA|0|0|0|0|NA|0
"171130005051"|0|1|0|0|0|0|0|1|1|0|0|1|1|0|0|NA|NA|NA|NA|NA|0|0|0|0|NA|0
"171130013021"|0|1|0|0|0|0|0|1|1|1|0|0|0|1|0|49284|49284|NA|NA|11412|292|102|256|19159586|74842.1328125|0
"171130017003"|0|1|0|0|0|0|0|1|1|0|0|1|1|0|0|NA|NA|NA|NA|NA|0|0|0|0|NA|0
"171150002002"|0|1|0|0|0|0|0|1|1|0|0|1|1|0|0|NA|NA|NA|NA|NA|0|0|0|0|NA|0
"171150010001"|0|1|0|0|0|0|0|1|1|1|1|0|0|1|0|5760|14400|NA|NA|NA|115|38|126|8064612|64004.8571428571|0
"171150016002"|0|1|1|0|0|0|0|1|1|1|0|0|0|1|0|36262|36262|22960|22960|11818|186|100|306|19308236|63098.8104575163|0
"171150022005"|0|1|0|0|0|0|0|1|1|1|1|0|0|1|0|5760|14400|NA|NA|NA|115|38|126|8064612|64004.8571428571|0
"171150031001"|0|1|0|0|0|0|0|1|1|0|0|1|1|0|0|NA|NA|NA|NA|NA|0|0|0|0|NA|0
"171179563003"|0|1|0|0|0|0|0|1|1|1|0|0|1|0|0|23510|23510|NA|NA|8100|56|17|64|3799258|59363.40625|0
"171194027013"|0|1|0|0|0|0|0|1|1|0|0|1|1|0|0|NA|NA|NA|NA|NA|0|0|0|0|NA|0
"171194027211"|0|1|0|0|0|0|0|1|1|1|1|0|0|1|0|9000|12000|NA|NA|NA|217|70|202|15718656|77815.1287128713|0
"171194027213"|0|1|0|0|0|0|0|1|1|1|1|0|0|1|0|9000|12000|NA|NA|NA|217|70|202|15718656|77815.1287128713|0
"171194031012"|0|1|1|0|0|1|0|1|1|1|0|0|0|0|1|8345|8345|7034|7034|9881|1509|489|1228|97656272|79524.651465798|0
"171336004011"|0|1|0|0|0|0|0|1|1|0|0|1|1|0|0|NA|NA|NA|NA|NA|0|0|0|0|NA|0
"171336004012"|0|1|0|0|0|0|0|1|1|0|0|1|1|0|0|NA|NA|NA|NA|NA|0|0|0|0|NA|0
"171336005021"|0|1|0|0|0|0|0|1|1|0|0|1|1|0|0|NA|NA|NA|NA|NA|0|0|0|0|NA|0
"171359578003"|0|1|0|0|0|0|0|1|1|0|0|1|1|0|0|NA|NA|NA|NA|NA|0|0|0|0|NA|0
"171379516002"|0|1|0|0|0|0|0|1|1|1|0|0|1|0|0|27740|27740|NA|NA|9810|74|39|74|4068208|54975.7837837838|0
"171379518002"|0|1|0|0|0|0|0|1|1|1|0|0|0|1|0|33190|33190|NA|NA|9374|173|58|144|9367570|65052.5694444444|0
"171379519004"|0|1|0|0|0|0|0|1|1|1|0|0|0|1|0|33190|33190|NA|NA|9374|173|58|144|9367570|65052.5694444444|0
"171379521002"|0|1|0|0|0|0|0|1|1|0|0|1|1|0|0|NA|NA|NA|NA|NA|0|0|0|0|NA|0
"171430012001"|0|1|1|0|0|0|0|1|1|1|0|0|1|0|0|20638|20638|8208|8208|NA|22|4|80|5289252|66115.65|0
"171430016003"|0|1|1|0|0|0|0|1|1|1|0|0|1|0|0|20638|20638|8208|8208|NA|22|4|80|5289252|66115.65|0
"171430020001"|0|1|1|0|0|0|0|1|1|1|0|0|0|1|0|34200|34200|16380|16380|10940|613|212|702|59332558|84519.3133903134|0
"171430020002"|0|1|1|0|0|0|0|1|1|1|0|0|0|1|0|34200|34200|16380|16380|10940|613|212|702|59332558|84519.3133903134|0
"171430021002"|0|1|1|0|0|0|0|1|1|1|0|0|1|0|0|20638|20638|8208|8208|NA|22|4|80|5289252|66115.65|0
"171430029002"|0|1|0|0|0|0|0|1|1|0|0|1|1|0|0|NA|NA|NA|NA|NA|0|0|0|0|NA|0
"171430032001"|0|1|0|0|0|0|0|1|0|0|0|0|0|0|0|NA|NA|NA|NA|NA|0|0|0|0|NA|0
"171430033002"|0|1|0|0|0|0|0|1|0|0|0|0|0|0|0|NA|NA|NA|NA|NA|0|0|0|0|NA|0
"171430039002"|0|1|1|0|0|0|0|1|1|1|0|0|1|0|0|15840|15840|14850|14850|12800|45|6|86|5303538|61669.0465116279|0
"171430041011"|0|1|1|0|0|0|0|1|1|1|0|0|1|0|0|15840|15840|14850|14850|12800|45|6|86|5303538|61669.0465116279|0
"171430044003"|0|1|1|0|0|0|0|1|1|1|0|0|0|1|0|34200|34200|16380|16380|10940|613|212|702|59332558|84519.3133903134|0
"171539710002"|0|1|0|0|0|0|0|1|1|1|1|0|0|1|0|5280|5760|NA|NA|NA|65|36|66|4601178|69714.8181818182|0
"171539710003"|0|1|0|0|0|0|0|1|1|1|1|0|0|1|0|5280|5760|NA|NA|NA|65|36|66|4601178|69714.8181818182|0
"171599780001"|0|1|0|0|0|0|0|1|1|1|1|0|0|1|0|8902|10928|NA|NA|NA|40|18|78|4569558|58584.0769230769|0
"171599782001"|0|1|0|0|0|0|0|1|1|0|0|0|0|0|0|NA|NA|NA|NA|NA|45|23|0|0|NA|0
"171599783002"|0|1|0|0|0|0|0|1|1|0|0|0|0|0|0|NA|NA|NA|NA|NA|45|23|0|0|NA|0
"171610209005"|0|1|0|0|0|0|0|1|1|0|0|1|1|0|0|NA|NA|NA|NA|NA|0|0|0|0|NA|0
"171610211002"|0|1|0|0|0|0|0|1|1|1|1|0|0|1|0|7500|7650|NA|NA|NA|195|73|192|11878852|61869.0208333333|0
"171610218001"|0|1|0|0|0|0|0|1|1|0|0|1|1|0|0|NA|NA|NA|NA|NA|0|0|0|0|NA|0
"171610228004"|0|1|0|0|0|0|0|1|1|1|0|0|0|1|0|42312|42312|NA|NA|10890|350|117|392|27780126|70867.6683673469|0
"171610232003"|0|1|1|0|0|0|0|1|1|1|0|0|1|0|0|24781|24781|27787|27787|NA|12|3|24|1503654|62652.25|0
"171635039041"|0|1|0|0|0|0|0|1|1|1|1|0|0|1|0|6120|5670|NA|NA|NA|247|90|274|18809064|68646.2189781022|0
"171635039042"|0|1|0|0|0|0|0|1|1|1|1|0|0|1|0|6120|5670|NA|NA|NA|247|90|274|18809064|68646.2189781022|0
"171635039044"|0|1|0|0|0|0|0|1|1|1|1|0|0|1|0|6120|5670|NA|NA|NA|247|90|274|18809064|68646.2189781022|0
"171635040011"|0|1|0|0|0|0|0|1|1|0|0|1|1|0|0|NA|NA|NA|NA|NA|0|0|0|0|NA|0
"171635040026"|0|1|0|0|0|0|0|1|1|0|0|1|1|0|0|NA|NA|NA|NA|NA|0|0|0|0|NA|0
"171635043021"|0|1|1|0|0|0|0|1|1|1|0|0|0|1|0|30540|30540|9522|9522|9920|165|72|184|11180350|60762.7717391304|0
"171635043024"|0|1|1|0|0|0|0|1|1|1|0|0|0|1|0|30540|30540|9522|9522|9920|165|72|184|11180350|60762.7717391304|0
"171659562001"|0|1|0|0|0|0|0|1|1|1|1|0|0|1|0|5160|5400|NA|NA|NA|57|22|74|4250438|57438.3513513514|0
"171670003002"|0|2|1|0|0|0|0|2|1|1|0|0|1|0|0|NA|NA|NA|NA|NA|7|1|34|2728836|NA|0
"171670005012"|0|1|0|0|0|0|0|1|1|0|0|1|1|0|0|NA|NA|NA|NA|NA|0|0|0|0|NA|0
"171670008001"|0|2|1|0|0|0|0|2|1|1|0|0|1|0|0|NA|NA|NA|NA|NA|7|1|34|2728836|NA|0
"171670009001"|0|2|1|0|0|0|0|2|1|1|0|0|1|0|0|NA|NA|NA|NA|NA|7|1|34|2728836|NA|0
"171670010031"|0|1|0|0|0|0|0|1|1|0|0|1|1|0|0|NA|NA|NA|NA|NA|0|0|0|0|NA|0
"171670020001"|0|1|0|0|0|0|0|1|1|0|0|1|1|0|0|NA|NA|NA|NA|NA|0|0|0|0|NA|0
"171670020003"|0|1|0|0|0|0|0|1|1|0|0|1|1|0|0|NA|NA|NA|NA|NA|0|0|0|0|NA|0
"171670020004"|0|1|0|0|0|0|0|1|1|0|0|1|1|0|0|NA|NA|NA|NA|NA|0|0|0|0|NA|0
"171670030001"|0|3|1|0|0|0|0|3|3|2|1|1|1|2|0|NA|NA|NA|NA|NA|772|248|628|48839310|NA|0
"171670031002"|0|3|1|0|0|0|0|3|3|2|1|1|1|2|0|NA|NA|NA|NA|NA|772|248|628|48839310|NA|0
"171770010003"|0|1|0|0|0|0|0|1|1|1|1|0|0|1|0|5856|5856|NA|NA|NA|94|41|98|7791050|79500.5102040816|0
"171790203012"|0|1|0|0|0|0|0|1|1|0|0|1|1|0|0|NA|NA|NA|NA|NA|0|0|0|0|NA|0
"171790203023"|0|1|0|0|0|0|0|1|1|0|0|1|1|0|0|NA|NA|NA|NA|NA|0|0|0|0|NA|0
"171790212011"|0|1|0|0|0|0|0|1|1|1|1|0|0|1|0|8979|10707|NA|NA|NA|309|98|340|23726910|69785.0294117647|0
"171790224001"|0|1|0|0|0|0|0|1|1|1|1|0|0|1|0|8979|10707|NA|NA|NA|309|98|340|23726910|69785.0294117647|0
"171830008001"|0|1|0|0|0|0|0|1|1|1|0|0|1|0|0|15750|15750|NA|NA|NA|12|3|34|1873632|55106.8235294118|0
"171830107013"|0|1|0|0|0|0|0|1|1|0|0|1|1|0|0|NA|NA|NA|NA|NA|0|0|0|0|NA|0
"171830112003"|0|1|0|0|0|0|0|1|1|1|1|0|0|1|0|7500|7500|NA|NA|NA|124|51|122|7060028|57869.0819672131|0
"171859573003"|0|1|0|0|0|0|0|1|1|1|1|0|0|1|0|8902|10928|NA|NA|NA|37|15|62|3551850|57287.9032258065|0
"171878704002"|0|1|0|0|0|0|0|1|1|1|0|0|1|0|0|38990|38990|NA|NA|9330|171|68|170|10421662|61303.8941176471|0
"171919552002"|0|1|0|0|0|0|0|1|1|1|1|0|0|1|0|8902|10928|NA|NA|NA|31|16|14|835300|59664.2857142857|0
"171919552003"|0|1|0|0|0|0|0|1|1|1|1|0|0|1|0|8902|10928|NA|NA|NA|31|16|14|835300|59664.2857142857|0
"171950003002"|0|1|0|0|0|0|0|1|1|1|1|0|1|0|0|16000|16000|NA|NA|6238|11|1|24|1162628|48442.8333333333|0
"171950003004"|0|1|0|0|0|0|0|1|1|1|1|0|1|0|0|16000|16000|NA|NA|6238|11|1|24|1162628|48442.8333333333|0
"171950011004"|0|1|0|0|0|0|0|1|1|0|0|1|1|0|0|NA|NA|NA|NA|NA|0|0|0|0|NA|0
"171950011005"|0|1|0|0|0|0|0|1|1|0|0|1|1|0|0|NA|NA|NA|NA|NA|0|0|0|0|NA|0
"171978811162"|0|1|0|0|0|0|0|1|1|0|0|1|1|0|0|NA|NA|NA|NA|NA|0|0|0|0|NA|0
"171978827021"|0|1|1|0|0|0|0|1|1|1|0|0|0|1|0|34000|34000|13464|13464|10010|190|52|198|14552332|73496.6262626263|0
"171978832063"|0|1|0|0|0|0|0|1|1|0|0|1|1|0|0|NA|NA|NA|NA|NA|0|0|0|0|NA|0
"171978832111"|0|1|0|0|0|0|0|1|1|1|1|0|0|0|1|11520|12360|NA|NA|NA|396|171|422|41942040|99388.7203791469|0
"171978832113"|0|1|0|0|0|0|0|1|1|1|1|0|0|0|1|11520|12360|NA|NA|NA|396|171|422|41942040|99388.7203791469|0
"171978832151"|0|1|0|0|0|0|0|1|1|0|0|1|1|0|0|NA|NA|NA|NA|NA|0|0|0|0|NA|0
"171978836061"|0|1|1|0|0|0|0|1|1|1|0|0|0|1|0|7512|15024|6354|12708|9181|417|137|454|35865352|78998.5726872247|0
"171978841011"|0|1|1|0|0|0|0|1|1|1|0|0|0|1|0|33270|33270|14400|14400|10820|384|140|456|37920542|83159.0833333333|0
"171978841031"|0|1|1|0|0|0|0|1|1|1|0|0|0|1|0|33270|33270|14400|14400|10820|384|140|456|37920542|83159.0833333333|0
"171990202011"|0|1|0|0|0|0|0|1|1|1|1|0|0|1|0|5190|5790|NA|NA|NA|214|122|138|9477366|68676.5652173913|0
"172010005022"|0|1|0|0|0|0|0|1|1|0|0|1|1|0|0|NA|NA|NA|NA|NA|0|0|0|0|NA|0
"172010005023"|0|2|0|0|0|0|0|2|2|2|2|0|1|0|0|NA|NA|NA|NA|NA|23|8|50|2732374|NA|0
"172010005071"|0|1|1|0|0|0|0|1|1|1|0|0|0|1|0|31900|31900|12960|12960|9494|111|52|142|7318450|51538.3802816901|0
"172010005073"|0|1|1|0|0|0|0|1|1|1|0|0|0|1|0|9360|9360|8640|8640|NA|141|6|84|5987070|71274.6428571429|0
"172010005101"|0|2|1|0|0|0|0|2|2|2|1|0|1|1|0|34546|42106|NA|NA|NA|251|129|296|21618970|147997.412448444|0
"172010005102"|0|1|0|0|0|0|0|1|1|0|0|1|1|0|0|NA|NA|NA|NA|NA|0|0|0|0|NA|0
"172010005112"|0|1|1|0|0|0|0|1|1|1|0|0|0|1|0|9360|9360|8640|8640|NA|141|6|84|5987070|71274.6428571429|0
"172030306011"|0|1|0|0|0|0|0|1|1|1|0|0|1|0|0|26650|26650|NA|NA|9860|71|20|66|3379800|51209.0909090909|0
"172030306015"|0|1|0|0|0|0|0|1|1|1|0|0|1|0|0|26650|26650|NA|NA|9860|71|20|66|3379800|51209.0909090909|0
"180030009004"|0|1|1|0|0|0|0|1|1|1|0|0|0|1|0|30380|30380|9450|9450|9840|180|59|258|16879662|65425.0465116279|0
"180030033042"|0|1|0|0|0|0|0|1|1|1|1|0|1|0|0|NA|NA|NA|NA|NA|8|2|8|257696|32212|0
"180030033043"|0|1|0|0|0|0|0|1|1|0|0|1|1|0|0|NA|NA|NA|NA|NA|0|0|0|0|NA|0
"180030041011"|0|0|1|0|0|0|0|1|1|1|0|0|1|0|0|NA|NA|31005|31005|NA|76|19|46|3218968|69977.5652173913|0
"180030043002"|0|2|2|0|0|0|0|2|2|2|0|0|0|2|0|37214|37214|17751|17751|NA|247|90|126|9127348|NA|0
"180030107072"|0|1|1|0|0|0|0|1|1|1|0|0|1|0|0|9576|9576|10080|10080|NA|0|0|0|0|NA|0
"180030108082"|0|1|0|0|0|0|0|1|1|0|0|1|1|0|0|NA|NA|NA|NA|NA|0|0|0|0|NA|0
"180030116042"|0|1|0|0|0|0|0|1|1|1|1|0|1|0|0|13960|13960|NA|NA|8380|14|2|14|659768|47126.2857142857|0
"180039800011"|0|1|1|0|0|0|0|1|1|1|0|0|0|0|1|7470|19503|5682|13710|9620|608|207|620|43226198|69719.6741935484|0
"180190503031"|0|1|0|0|0|0|0|1|1|0|0|1|1|0|0|NA|NA|NA|NA|NA|0|0|0|0|NA|0
"180190503032"|0|1|0|0|0|0|0|1|1|0|0|1|1|0|0|NA|NA|NA|NA|NA|0|0|0|0|NA|0
"180190504031"|0|1|0|0|0|0|0|1|1|1|0|0|1|0|0|11700|11700|NA|NA|NA|0|0|14|560000|40000|0
"180190504032"|0|1|0|0|0|0|0|1|1|1|0|0|1|0|0|11700|11700|NA|NA|NA|0|0|14|560000|40000|0
"180190505032"|0|1|0|0|0|0|0|1|1|0|0|1|1|0|0|NA|NA|NA|NA|NA|0|0|0|0|NA|0
"180190505041"|0|1|0|0|0|0|0|1|1|1|0|0|1|0|0|11700|11700|NA|NA|NA|0|0|14|560000|40000|0
"180190505042"|0|1|0|0|0|0|0|1|1|1|0|0|1|0|0|11700|11700|NA|NA|NA|0|0|14|560000|40000|0
"180190506032"|0|1|0|0|0|0|0|1|1|1|1|0|1|0|0|NA|NA|NA|NA|NA|6|0|14|797200|56942.8571428571|0
"180290801033"|0|1|1|0|0|0|0|1|1|1|0|0|1|0|0|5760|5760|5860|5860|NA|6|0|14|362096|25864|0
"180290801041"|0|1|1|0|0|0|0|1|1|1|0|0|1|0|0|5760|5760|5860|5860|NA|6|0|14|362096|25864|0
"180290804002"|0|1|1|0|0|0|0|1|1|1|0|0|1|0|0|5760|5760|5860|5860|NA|6|0|14|362096|25864|0
"180350009022"|0|1|1|0|0|0|0|1|1|1|0|0|0|0|1|9358|26138|8850|21954|10870|2131|643|2126|145309654|68348.8494825964|0
"180350020001"|0|1|0|0|0|0|0|1|1|1|1|0|1|0|0|NA|NA|NA|NA|NA|8|1|6|97126|16187.6666666667|0
"180350020003"|0|1|0|0|0|0|0|1|1|1|1|0|1|0|0|NA|NA|NA|NA|NA|8|1|6|97126|16187.6666666667|0
"180350026015"|0|1|0|0|0|0|0|1|1|1|1|0|1|0|0|NA|NA|NA|NA|NA|8|1|6|97126|16187.6666666667|0
"180390004001"|0|1|1|0|0|0|0|1|1|1|0|0|1|0|0|34540|34540|28858|28858|10760|143|38|122|7458950|61138.9344262295|0
"180390004002"|0|1|1|0|0|0|0|1|1|1|0|0|1|0|0|34540|34540|28858|28858|10760|143|38|122|7458950|61138.9344262295|0
"180390022001"|0|0|1|0|0|0|0|1|1|1|0|0|1|0|0|NA|NA|15600|15600|NA|20|4|14|821536|58681.1428571429|0
"180430710072"|0|1|1|0|0|0|0|1|1|1|0|0|0|1|0|6895|19346|7264|17113|10388|241|105|398|28504672|71619.7788944724|0
"180510503004"|0|1|1|0|0|0|0|1|1|1|0|0|0|1|0|24300|24300|8100|8100|10400|208|29|68|3554304|52269.1764705882|0
"180530001002"|0|0|0|0|0|0|0|1|0|0|0|0|0|0|0|NA|NA|NA|NA|NA|0|0|0|0|NA|0
"180530008002"|0|1|1|0|0|0|0|1|1|1|0|0|0|0|1|8453|8453|11083|11083|NA|0|0|0|0|NA|0
"180530008003"|0|1|1|0|0|0|0|1|1|1|0|0|0|1|0|27296|27296|13440|13440|8768|892|242|574|37681396|65647.031358885|0
"180530008004"|0|1|1|0|0|0|0|1|1|1|0|0|0|1|0|27296|27296|13440|13440|8768|892|242|574|37681396|65647.031358885|0
"180530102001"|0|1|1|0|0|0|0|1|1|1|0|0|0|0|1|8453|8453|11083|11083|NA|0|0|0|0|NA|0
"180530107002"|0|1|1|0|0|0|0|1|1|1|0|0|0|1|0|35050|35050|12700|12700|9950|254|116|268|16781358|62617.0074626866|0
"180571104011"|0|1|0|0|0|0|0|1|1|1|0|0|1|0|0|5520|5520|NA|NA|4660|22|14|12|63242|5270.16666666667|0
"180571108101"|0|1|0|0|0|0|0|1|1|0|0|1|1|0|0|NA|NA|NA|NA|NA|0|0|0|0|NA|0
"180571111023"|0|1|0|0|0|0|0|1|1|0|0|1|1|0|0|NA|NA|NA|NA|NA|0|0|0|0|NA|0
"180670011001"|0|2|1|0|0|0|0|2|2|2|1|0|1|1|0|NA|NA|NA|NA|NA|174|63|256|16195240|85805.6266666667|0
"180670011003"|0|2|1|0|0|0|0|2|2|2|1|0|1|1|0|NA|NA|NA|NA|NA|174|63|256|16195240|85805.6266666667|0
"180670013002"|0|1|0|0|0|0|0|1|1|0|0|1|1|0|0|NA|NA|NA|NA|NA|0|0|0|0|NA|0
"180670014003"|0|2|1|0|0|0|0|2|2|2|1|0|1|1|0|NA|NA|NA|NA|NA|174|63|256|16195240|85805.6266666667|0
"180699615002"|0|1|1|0|0|0|0|1|1|1|0|0|0|1|0|25956|25956|11064|11064|8754|93|21|140|8530590|60932.7857142857|0
"180779662003"|0|1|0|0|0|0|0|1|1|1|0|0|0|1|0|37980|37980|NA|NA|11950|158|59|178|12561868|70572.2921348315|0
"180779663003"|0|1|0|0|0|0|0|1|1|1|0|0|0|1|0|37980|37980|NA|NA|11950|158|59|178|12561868|70572.2921348315|0
"180816110003"|0|1|1|0|0|0|0|1|1|1|0|0|1|0|0|32770|32770|38371|38371|10244|173|54|158|9721432|61528.0506329114|0
"180839553002"|0|1|0|0|0|0|0|1|1|1|0|0|0|0|1|5581|13871|NA|NA|10590|531|280|376|20526058|54590.579787234|0
"180839553003"|0|1|0|0|0|0|0|1|1|1|0|0|0|0|1|5581|13871|NA|NA|10590|531|280|376|20526058|54590.579787234|0
"180839555001"|0|1|0|0|0|0|0|1|1|0|0|1|1|0|0|NA|NA|NA|NA|NA|0|0|0|0|NA|0
"180859621003"|0|1|1|0|0|0|0|1|1|1|0|0|0|1|0|24078|24078|7386|7386|9316|108|29|96|6291918|65540.8125|0
"180890124001"|0|1|1|0|0|0|0|1|1|1|0|0|0|1|0|6895|19346|7264|17113|NA|225|92|306|22929386|74932.6339869281|0
"180890127003"|0|1|0|0|0|0|0|1|1|0|0|1|1|0|0|NA|NA|NA|NA|NA|0|0|0|0|NA|0
"180890201003"|0|1|1|0|0|0|0|1|1|1|0|0|1|0|0|19400|19400|18400|18400|NA|51|9|42|2412836|57448.4761904762|0
"180890202001"|0|1|1|0|0|0|0|1|1|1|0|0|1|0|0|19400|19400|18400|18400|NA|51|9|42|2412836|57448.4761904762|0
"180890207005"|0|1|0|0|0|0|0|1|1|0|0|1|1|0|0|NA|NA|NA|NA|NA|0|0|0|0|NA|0
"180890209003"|0|1|1|0|0|0|0|1|1|1|0|0|0|0|1|6803|13254|5868|10874|7765|649|230|648|49346536|76152.0617283951|0
"180890402002"|0|1|1|0|0|0|0|1|1|1|0|0|1|0|0|19400|19400|18400|18400|NA|51|9|42|2412836|57448.4761904762|0
"180890406003"|0|1|0|0|0|0|0|1|1|0|0|1|1|0|0|NA|NA|NA|NA|NA|0|0|0|0|NA|0
"180890424023"|0|1|0|0|0|0|0|1|1|0|0|1|1|0|0|NA|NA|NA|NA|NA|0|0|0|0|NA|0
"180890425031"|0|1|0|0|0|0|0|1|1|0|0|1|1|0|0|NA|NA|NA|NA|NA|0|0|0|0|NA|0
"180890425051"|0|2|1|0|0|0|0|2|2|1|0|1|2|0|0|NA|NA|NA|NA|NA|3|0|4|305700|NA|0
"180890425053"|0|1|1|0|0|0|0|1|1|1|0|0|1|0|0|14508|14508|17072|17072|NA|3|0|4|305700|76425|0
"180890427042"|0|1|0|0|0|0|0|1|1|0|0|1|1|0|0|NA|NA|NA|NA|NA|0|0|0|0|NA|0
"180950011001"|0|1|1|0|0|0|0|1|1|1|0|0|0|1|0|30700|30700|9808|9808|10040|198|80|224|12731324|56836.2678571429|0
"180950018001"|0|1|0|0|0|0|0|1|1|0|0|1|1|0|0|NA|NA|NA|NA|NA|0|0|0|0|NA|0
"180950106007"|0|1|0|0|0|0|0|1|1|0|0|1|1|0|0|NA|NA|NA|NA|NA|0|0|0|0|NA|0
"180973101041"|0|2|0|0|0|0|0|2|2|2|1|0|2|0|0|29609|29609|NA|NA|NA|14|3|24|1600000|118181.818181818|0
"180973101042"|0|2|0|0|0|0|0|2|2|2|1|0|2|0|0|29609|29609|NA|NA|NA|14|3|24|1600000|118181.818181818|0
"180973101061"|0|1|0|0|0|0|0|1|1|0|0|1|1|0|0|NA|NA|NA|NA|NA|0|0|0|0|NA|0
"180973102011"|0|1|0|0|0|0|0|1|1|1|1|0|1|0|0|NA|NA|NA|NA|NA|57|10|66|3522104|53365.2121212121|0
"180973202043"|0|2|1|0|0|0|0|2|2|2|0|0|1|0|1|26820|32256|NA|NA|NA|302|8|708|40986214|140810.940751445|0
"180973219002"|0|1|1|0|0|0|0|1|1|1|0|0|0|1|0|41370|41370|12858|12858|15540|660|179|788|66406568|84272.2944162437|0
"180973220003"|0|0|1|0|0|0|0|1|1|1|0|0|1|0|0|NA|NA|12780|12780|NA|37|12|18|1597626|88757|0
"180973301032"|0|1|0|0|0|0|0|1|1|0|0|1|1|0|0|NA|NA|NA|NA|NA|0|0|0|0|NA|0
"180973301051"|0|1|0|0|0|0|0|1|1|1|1|0|1|0|0|13960|13960|NA|NA|9220|17|5|30|1651872|55062.4|0
"180973301052"|0|1|0|0|0|0|0|1|1|0|0|1|1|0|0|NA|NA|NA|NA|NA|0|0|0|0|NA|0
"180973302041"|0|1|0|0|0|0|0|1|1|1|0|0|1|0|0|9000|9000|NA|NA|NA|0|0|0|0|NA|0
"180973402021"|0|1|0|0|0|0|0|1|1|0|0|1|1|0|0|NA|NA|NA|NA|NA|0|0|0|0|NA|0
"180973402023"|0|1|0|0|0|0|0|1|1|0|0|1|1|0|0|NA|NA|NA|NA|NA|0|0|0|0|NA|0
"180973405001"|0|1|1|0|0|1|0|1|1|1|0|0|0|1|0|35000|35000|21772|21772|10960|276|123|292|19151866|65588.5821917808|0
"180973406002"|0|1|0|0|0|0|0|1|1|0|0|1|1|0|0|NA|NA|NA|NA|NA|0|0|0|0|NA|0
"180973421011"|0|1|0|0|0|0|0|1|1|0|0|1|1|0|0|16520|16520|NA|NA|NA|0|0|0|0|NA|0
"180973422001"|0|1|0|0|0|0|0|1|1|0|0|1|1|0|0|NA|NA|NA|NA|NA|0|0|0|0|NA|0
"180973422002"|0|1|0|0|0|0|0|1|1|0|0|1|1|0|0|16520|16520|NA|NA|NA|0|0|0|0|NA|0
"180973501001"|0|1|1|0|0|1|0|1|1|1|0|0|0|1|0|35000|35000|21772|21772|10960|276|123|292|19151866|65588.5821917808|0
"180973515003"|0|1|0|0|0|0|0|1|1|1|1|0|0|0|1|4350|8511|NA|NA|NA|1920|945|2460|127544404|51847.318699187|0
"180973521003"|0|1|1|0|0|0|0|1|1|1|0|0|1|0|0|12840|12840|11700|11700|NA|29|1|10|589848|58984.8|0
"180973526002"|0|1|1|0|0|0|0|1|1|1|0|0|1|0|0|12840|12840|11700|11700|NA|29|1|10|589848|58984.8|0
"180973527001"|0|0|0|0|0|0|0|1|0|0|0|0|0|0|0|NA|NA|NA|NA|NA|0|0|0|0|NA|0
"180973528001"|0|0|0|0|0|0|0|1|0|0|0|0|0|0|0|NA|NA|NA|NA|NA|0|0|0|0|NA|0
"180973564002"|0|1|1|0|0|1|0|1|1|1|0|0|0|0|1|8580|29589|8826|24144|10000|2729|847|2070|185843354|89779.3980676329|0
"180973702013"|0|1|0|0|0|0|0|1|1|0|0|1|1|0|0|NA|NA|NA|NA|NA|0|0|0|0|NA|0
"180973803005"|0|1|1|0|0|0|0|1|1|1|0|0|0|1|0|29844|29844|37514|37514|10600|449|153|604|43311952|71708.5298013245|0
"180973809012"|0|1|0|0|0|0|0|1|1|0|0|1|1|0|0|NA|NA|NA|NA|NA|0|0|0|0|NA|0
"180973812042"|0|1|0|0|0|0|0|1|1|0|0|1|1|0|0|NA|NA|NA|NA|NA|0|0|0|0|NA|0
"180973908001"|0|1|0|0|0|0|0|1|1|0|0|1|1|0|0|NA|NA|NA|NA|NA|0|0|0|0|NA|0
"180973910001"|0|1|1|0|0|0|0|1|0|1|0|0|0|1|0|4755|4755|4894|4894|NA|133|3|160|6700106|41875.6625|0
"180973910002"|0|1|1|0|0|1|0|1|1|1|0|0|0|0|1|8580|29589|8826|24144|10000|2729|847|2070|185843354|89779.3980676329|0
"180973910003"|0|2|2|0|0|1|0|2|1|2|0|0|0|1|1|13335|34344|13720|29038|NA|2862|850|2230|192543460|131655.060567633|0
"180990203012"|0|1|0|0|0|0|0|1|1|1|1|0|1|0|0|18000|18000|NA|NA|10750|30|12|40|2215156|55378.9|0
"181050002021"|0|1|1|0|0|0|0|1|1|1|0|0|0|0|1|9575|35140|9501|31932|10830|7294|2149|4306|465809778|108176.910822109|0
"181050006021"|0|1|0|0|0|0|0|1|1|0|0|1|1|0|0|NA|NA|NA|NA|NA|0|0|0|0|NA|0
"181079570005"|0|1|0|0|0|0|0|1|1|1|0|0|1|0|0|43870|43870|NA|NA|10500|175|85|192|14969070|77963.90625|0
"181270506031"|0|1|0|0|0|0|0|1|0|0|0|0|0|0|0|NA|NA|NA|NA|NA|0|0|0|0|NA|0
"181270507041"|0|1|0|0|0|0|0|1|0|0|0|0|0|0|0|NA|NA|NA|NA|NA|0|0|0|0|NA|0
"181270507042"|0|1|0|0|0|0|0|1|0|0|0|0|0|0|0|NA|NA|NA|NA|NA|0|0|0|0|NA|0
"181270509001"|0|2|1|0|0|0|0|2|2|2|1|0|1|1|0|49520|49520|NA|NA|NA|423|127|586|41629000|NA|0
"181270509002"|0|2|1|0|0|0|0|2|2|2|1|0|1|1|0|49520|49520|NA|NA|NA|423|127|586|41629000|NA|0
"181290404003"|0|1|1|0|0|0|0|1|1|1|0|0|0|0|1|7986|19296|9486|18528|9374|645|228|720|49641102|68945.975|0
"181339563002"|0|1|0|0|0|0|0|1|1|1|0|0|0|1|0|50278|50278|NA|NA|13400|361|117|440|37124538|84373.95|0
"181410003013"|0|2|1|0|0|0|0|2|2|2|0|0|1|1|0|73940|73940|NA|NA|24670|311|98|332|21679118|119673.37260274|0
"181410010001"|0|1|1|0|0|0|0|1|1|1|0|0|0|0|1|55046|55046|54908|54908|15640|4796|859|2448|331044590|135230.633169935|0
"181410015001"|0|1|1|0|0|0|0|1|1|1|0|0|0|1|0|6895|19346|7264|17113|9146|273|107|490|32731448|66798.8734693877|0
"181410017001"|0|1|1|0|0|0|0|1|1|1|0|0|1|0|0|16534|16534|23000|23000|NA|5|2|4|312000|78000|0
"181410106004"|0|1|1|0|0|0|0|1|1|1|0|0|0|1|0|28700|28700|8500|8500|9160|128|46|122|6404900|52499.1803278689|0
"181410112021"|0|1|1|0|0|0|0|1|1|1|0|0|0|0|1|55046|55046|54908|54908|15640|4796|859|2448|331044590|135230.633169935|0
"181410112022"|0|2|1|0|0|0|0|2|2|2|0|0|1|1|0|73940|73940|NA|NA|24670|311|98|332|21679118|119673.37260274|0
"181410114032"|0|1|0|0|0|0|0|1|1|1|1|0|1|0|0|NA|NA|NA|NA|NA|6|1|6|115896|19316|0
"181479527001"|0|0|1|0|0|0|0|1|1|1|0|0|1|0|0|NA|NA|27714|27714|NA|113|32|22|1649312|74968.7272727273|0
"181499540004"|0|1|0|0|0|0|0|1|1|0|0|1|1|0|0|NA|NA|NA|NA|NA|0|0|0|0|NA|0
"181519714004"|0|1|1|0|0|0|0|1|1|1|0|0|0|1|0|32330|32330|39450|39450|11110|256|0|248|17476346|70469.1370967742|0
"181570004002"|0|1|0|0|0|0|0|1|1|0|0|1|1|0|0|18650|18650|NA|NA|NA|0|0|0|0|NA|0
"181570017002"|0|1|0|0|0|0|0|1|1|1|1|0|1|0|0|NA|NA|NA|NA|NA|6|1|2|53002|26501|0
"181570054002"|0|1|1|0|0|1|0|1|1|1|0|0|0|0|1|9208|28010|9208|28010|10030|8556|1873|4088|480400228|117514.732876712|0
"181570054003"|0|1|1|0|0|1|0|1|1|1|0|0|0|0|1|9208|28010|9208|28010|10030|8556|1873|4088|480400228|117514.732876712|0
"181570108001"|0|1|0|0|0|0|0|1|1|0|0|1|1|0|0|NA|NA|NA|NA|NA|0|0|0|0|NA|0
"181630003003"|0|1|1|0|0|0|0|1|1|1|0|0|0|1|0|36300|36300|14875|14875|12770|281|135|342|25168732|73592.783625731|0
"181630030004"|0|1|0|0|0|0|0|1|1|0|0|1|1|0|0|NA|NA|NA|NA|NA|0|0|0|0|NA|0
"181630101004"|0|2|0|0|0|0|0|2|2|1|1|1|2|0|0|NA|NA|NA|NA|NA|8|1|4|92110|NA|0
"181630104031"|0|1|1|0|0|0|0|1|1|1|0|0|0|0|1|7986|19296|9486|18528|9374|645|228|720|49641102|68945.975|0
"181670003002"|0|1|1|0|0|0|0|1|1|1|0|0|0|1|0|29950|29950|12780|12780|11240|101|17|106|5548384|52343.2452830189|0
"181670009002"|0|1|1|0|0|0|0|1|1|1|0|0|0|1|0|29950|29950|12780|12780|11240|101|17|106|5548384|52343.2452830189|0
"181670014003"|0|1|0|0|0|0|0|1|1|0|0|1|1|0|0|NA|NA|NA|NA|NA|0|0|0|0|NA|0
"181670101004"|0|1|1|0|0|0|0|1|1|1|0|0|0|1|0|48507|48507|48507|48507|15414|336|81|372|37926870|101953.951612903|0
"181670103003"|0|1|1|0|0|0|0|1|1|1|0|0|0|1|0|29950|29950|12780|12780|11240|101|17|106|5548384|52343.2452830189|0
"181670111004"|0|1|1|0|0|0|0|1|1|1|0|0|0|0|1|9036|19960|7542|14814|10800|1063|393|948|71173066|75077.0738396625|0
"181670111005"|0|1|1|0|0|0|0|1|1|1|0|0|0|0|1|9036|19960|7542|14814|10800|1063|393|948|71173066|75077.0738396625|0
"181691022001"|0|1|1|0|0|0|0|1|1|1|0|0|0|1|0|32366|32366|23100|23100|9842|199|80|230|18180716|79046.5913043478|0
"181770004001"|0|1|1|0|0|0|0|1|1|1|0|0|0|1|0|6895|19346|7264|17113|NA|172|78|206|14545508|70609.2621359223|0
"181770008002"|0|1|2|0|0|0|0|2|2|2|0|0|2|0|0|NA|NA|32500|32500|NA|226|87|268|15780260|133855.016872891|0
"181770011001"|0|1|0|0|0|0|0|1|1|0|0|1|1|0|0|NA|NA|NA|NA|NA|0|0|0|0|NA|0
"181770101001"|0|1|1|0|0|0|0|1|1|1|0|0|0|1|0|6895|19346|7264|17113|NA|172|78|206|14545508|70609.2621359223|0
"190130017021"|0|1|1|0|0|0|0|1|1|1|0|0|1|0|0|17612|17612|17040|17040|NA|31|8|90|6908330|76759.2222222222|0
"190130023012"|0|1|0|0|0|0|0|1|1|0|0|1|1|0|0|NA|NA|NA|NA|NA|0|0|0|0|NA|0
"190130023031"|0|1|1|0|0|0|0|1|1|1|0|0|0|0|1|7665|19949|9159|21375|9160|1039|271|966|72042972|74578.6459627329|0
"190130023032"|0|1|1|0|0|0|0|1|1|1|0|0|0|0|1|7665|19949|9159|21375|9160|1039|271|966|72042972|74578.6459627329|0
"190130025003"|0|1|0|0|0|0|0|1|1|0|0|1|1|0|0|NA|NA|NA|NA|NA|0|0|0|0|NA|0
"190130026011"|0|1|1|0|0|0|0|1|0|0|0|0|0|0|0|NA|NA|NA|NA|NA|0|0|0|0|NA|0
"190130030011"|0|1|0|0|0|0|0|1|1|1|1|0|0|1|0|5368|6078|NA|NA|NA|223|50|220|13066790|59394.5|0
"190130030012"|0|1|0|0|0|0|0|1|1|1|1|0|0|1|0|5368|6078|NA|NA|NA|223|50|220|13066790|59394.5|0
"190170040001"|0|1|1|0|0|0|0|1|1|1|0|0|0|1|0|41830|41830|19800|19800|9280|238|102|182|11225148|61676.6373626374|0
"190170040002"|0|1|1|0|0|0|0|1|1|1|0|0|0|1|0|41830|41830|19800|19800|9280|238|102|182|11225148|61676.6373626374|0
"190219605001"|0|1|1|0|0|0|0|1|1|1|0|0|0|1|0|35194|35194|9594|9594|9872|204|76|168|10991774|65427.2261904762|0
"190219605003"|0|1|0|0|0|0|0|1|1|0|0|1|1|0|0|NA|NA|NA|NA|NA|0|0|0|0|NA|0
"190219605004"|0|1|1|0|0|0|0|1|1|1|0|0|0|1|0|35194|35194|9594|9594|9872|204|76|168|10991774|65427.2261904762|0
"190339502002"|0|1|1|0|0|0|0|1|0|0|0|0|0|0|0|NA|NA|NA|NA|NA|0|0|0|0|NA|0
"190339502003"|0|1|1|0|0|0|0|1|0|0|0|0|0|0|0|NA|NA|NA|NA|NA|0|0|0|0|NA|0
"190339504021"|0|1|0|0|0|0|0|1|1|0|0|1|1|0|0|NA|NA|NA|NA|NA|0|0|0|0|NA|0
"190339514002"|0|1|0|0|0|0|0|1|1|1|1|0|0|1|0|4793|7189|NA|NA|7342|153|69|136|9214016|67750.1176470588|0
"190490508112"|0|1|0|0|0|0|0|1|1|0|0|1|1|0|0|NA|NA|NA|NA|NA|0|0|0|0|NA|0
"190539602003"|0|1|1|0|0|0|0|1|1|1|0|0|0|1|0|29750|29750|17430|17430|9100|175|68|148|8819332|59590.0810810811|0
"190570003005"|0|1|0|0|0|0|0|1|1|1|1|0|0|1|0|5520|5670|NA|NA|8690|138|70|150|10183602|67890.68|0
"190570008001"|0|1|0|0|0|0|0|1|1|1|1|0|0|1|0|5520|5670|NA|NA|8690|138|70|150|10183602|67890.68|0
"190594505001"|0|1|0|0|0|0|0|1|1|0|0|1|1|0|0|NA|NA|NA|NA|NA|0|0|0|0|NA|0
"190610001002"|0|1|0|0|0|0|0|1|1|0|0|1|1|0|0|NA|NA|NA|NA|NA|0|0|0|0|NA|0
"190610001003"|0|1|1|0|0|0|0|1|1|1|0|0|0|1|0|33500|33500|10125|10125|8425|210|79|198|12077482|60997.3838383838|0
"190610006003"|0|1|1|0|0|0|0|1|1|1|0|0|1|0|0|33600|33600|10400|10400|10000|148|62|160|9201148|57507.175|0
"190610007011"|0|1|1|0|0|0|0|1|1|1|0|0|0|1|0|33500|33500|10125|10125|8425|210|79|198|12077482|60997.3838383838|0
"190610008012"|0|0|1|0|0|0|0|1|1|1|0|0|1|0|0|NA|NA|17900|17900|NA|24|5|16|1266048|79128|0
"190610009001"|0|1|0|0|0|0|0|1|1|1|0|0|1|0|0|18950|18950|NA|NA|8750|34|10|42|1717110|40883.5714285714|0
"190610009003"|0|1|1|0|0|0|0|1|1|1|0|0|0|1|0|34070|34070|13140|13140|10210|299|97|216|12378414|57307.4722222222|0
"190610012011"|0|1|0|0|0|0|0|1|1|1|0|0|1|0|0|18950|18950|NA|NA|8750|34|10|42|1717110|40883.5714285714|0
"190610102023"|0|1|0|0|0|0|0|1|1|1|0|0|1|0|0|13260|13260|NA|NA|3800|28|13|34|1803580|53046.4705882353|0
"190630704001"|0|1|0|0|0|0|0|1|1|1|1|0|0|1|0|5856|6208|NA|NA|6340|135|47|140|8445248|60323.2|0
"190650802001"|0|1|1|0|0|0|0|1|1|1|0|0|0|1|0|30810|30810|21060|21060|8706|282|163|148|8937812|60390.6216216216|0
"190834803002"|0|1|0|0|0|0|0|1|1|1|1|0|1|0|0|4272|5208|NA|NA|6900|41|7|54|3532246|65411.962962963|0
"190834803004"|0|1|0|0|0|0|0|1|1|1|1|0|1|0|0|4272|5208|NA|NA|6900|41|7|54|3532246|65411.962962963|0
"190879703001"|0|1|1|0|0|0|0|1|1|1|0|0|1|0|0|24424|30530|5940|5940|10865|66|25|68|3806490|55977.7941176471|0
"190879704003"|0|1|0|0|0|0|0|1|1|0|0|1|1|0|0|NA|NA|NA|NA|NA|0|0|0|0|NA|0
"191010901003"|0|1|1|0|0|0|0|1|1|1|0|0|0|1|0|16000|16000|28000|28000|7400|234|65|228|9152452|40142.3333333333|0
"191010904002"|0|1|1|0|0|0|0|1|1|1|0|0|0|1|0|16000|16000|28000|28000|7400|234|65|228|9152452|40142.3333333333|0
"191030011002"|0|1|0|0|0|0|0|1|1|0|0|1|1|0|0|NA|NA|NA|NA|NA|0|0|0|0|NA|0
"191030021001"|0|1|1|0|1|1|0|1|1|1|0|0|0|0|1|8073|30036|10079|29026|11400|4962|669|2702|291079290|107727.346410067|0
"191050703002"|0|1|0|0|0|0|0|1|1|0|0|1|1|0|0|NA|NA|NA|NA|NA|0|0|0|0|NA|0
"191050703003"|0|1|0|0|0|0|0|1|1|0|0|1|1|0|0|NA|NA|NA|NA|NA|0|0|0|0|NA|0
"191050704004"|0|1|0|0|0|0|0|1|1|0|0|1|1|0|0|NA|NA|NA|NA|NA|0|0|0|0|NA|0
"191130013002"|0|1|1|0|0|0|0|1|1|1|0|0|0|1|0|32862|32862|10296|10296|9915|147|45|154|8837632|57387.2207792208|0
"191130019001"|0|2|0|0|0|0|0|2|2|1|0|1|1|1|0|48980|48980|NA|NA|NA|193|81|228|14294110|NA|0
"191130024003"|0|1|0|0|0|0|0|1|1|0|0|1|1|0|0|NA|NA|NA|NA|NA|0|0|0|0|NA|0
"191130030011"|0|1|1|0|0|0|0|1|0|0|0|0|0|0|0|NA|NA|NA|NA|NA|0|0|0|0|NA|0
"191130030012"|0|1|1|0|0|0|0|1|0|0|0|0|0|0|0|NA|NA|NA|NA|NA|0|0|0|0|NA|0
"191130030021"|0|1|0|0|0|0|0|1|1|1|1|0|0|0|1|5280|6870|NA|NA|NA|543|146|526|37914566|72080.9239543726|0
"191130030022"|0|1|0|0|0|0|0|1|1|1|1|0|0|0|1|5280|6870|NA|NA|NA|543|146|526|37914566|72080.9239543726|0
"191130104001"|0|1|0|0|0|0|0|1|1|0|0|1|1|0|0|NA|NA|NA|NA|NA|0|0|0|0|NA|0
"191130108001"|0|1|0|0|0|0|0|1|1|1|0|0|0|1|0|43550|43550|NA|NA|9760|177|73|156|10796020|69205.2564102564|0
"191130108002"|0|1|0|0|0|0|0|1|1|1|0|0|0|1|0|43550|43550|NA|NA|9760|177|73|156|10796020|69205.2564102564|0
"191239506003"|0|1|1|0|0|0|0|1|1|1|0|0|0|1|0|26100|26100|9398|9398|7072|90|38|94|4868168|51789.0212765957|0
"191250303001"|0|1|0|0|0|0|0|1|1|1|0|0|0|1|0|38600|38600|NA|NA|10280|242|79|194|12831014|66139.2474226804|0
"191250303002"|0|1|0|0|0|0|0|1|1|1|0|0|0|1|0|38600|38600|NA|NA|10280|242|79|194|12831014|66139.2474226804|0
"191279508003"|0|1|0|0|0|0|0|1|1|1|1|0|0|1|0|4272|4608|NA|NA|7550|102|34|84|5683684|67662.9047619048|0
"191279508005"|0|2|0|0|0|0|0|2|2|1|1|1|0|1|0|NA|NA|NA|NA|NA|102|34|84|5683684|NA|0
"191279510002"|0|1|0|0|0|0|0|1|1|1|1|0|0|1|0|4272|4608|NA|NA|7550|102|34|84|5683684|67662.9047619048|0
"191279510003"|0|1|0|0|0|0|0|1|1|1|1|0|0|1|0|4272|4608|NA|NA|7550|102|34|84|5683684|67662.9047619048|0
"191499706001"|0|1|1|0|0|0|0|1|1|1|0|0|0|1|0|30988|30988|9450|9450|9384|112|60|132|7495000|56780.303030303|0
"191530005002"|0|1|1|0|0|0|0|1|1|1|0|0|0|1|0|27972|27972|6481|6481|9704|154|64|182|10933358|60073.3956043956|0
"191530008034"|0|1|0|0|0|0|0|1|1|0|0|1|1|0|0|NA|NA|NA|NA|NA|0|0|0|0|NA|0
"191530011004"|0|1|1|0|0|0|0|1|1|1|0|0|0|1|0|42694|42694|11568|11568|10848|675|285|610|54810962|89854.0360655738|0
"191530032002"|0|0|1|0|0|1|0|1|1|1|0|0|0|1|0|NA|NA|16678|16678|NA|228|79|18|1791756|99542|0
"191530051001"|0|1|0|0|0|0|0|1|1|0|0|1|1|0|0|NA|NA|NA|NA|NA|0|0|0|0|NA|0
"191530051002"|0|2|0|0|0|0|0|2|2|1|0|1|2|0|0|21750|21750|NA|NA|NA|54|13|112|7841988|NA|0
"191530051004"|0|1|0|0|0|0|0|1|1|0|0|1|1|0|0|3600|3600|NA|NA|NA|0|0|0|0|NA|0
"191530102053"|0|1|0|0|0|0|0|1|1|1|1|0|0|0|1|4800|9600|NA|NA|7248|498|192|710|51853814|73033.5408450704|0
"191530102073"|0|1|1|0|0|0|0|1|1|1|0|0|1|0|0|16680|16680|6900|6900|6970|47|14|38|1779456|46827.7894736842|0
"191530104061"|0|1|1|0|0|0|0|1|0|0|0|0|0|0|0|NA|NA|NA|NA|NA|0|0|0|0|NA|0
"191530104083"|0|1|0|0|0|0|0|1|1|0|0|1|1|0|0|NA|NA|NA|NA|NA|0|0|0|0|NA|0
"191530113003"|0|1|1|0|0|0|0|1|0|0|0|0|0|0|0|NA|NA|NA|NA|NA|0|0|0|0|NA|0
"191530113004"|0|1|1|0|0|0|0|1|0|0|0|0|0|0|0|NA|NA|NA|NA|NA|0|0|0|0|NA|0
"191530117011"|0|1|0|0|0|0|0|1|1|0|0|1|1|0|0|NA|NA|NA|NA|NA|0|0|0|0|NA|0
"191550308003"|0|1|0|0|0|0|0|1|1|0|0|1|1|0|0|NA|NA|NA|NA|NA|0|0|0|0|NA|0
"191550317002"|0|1|0|0|0|0|0|1|1|1|1|0|0|1|0|5696|5856|NA|NA|8650|281|121|216|11543798|53443.5092592593|0
"191573703003"|0|1|0|0|0|0|0|1|1|1|0|0|0|1|0|53872|53872|NA|NA|13292|503|130|408|42293460|103660.441176471|0
"191630106002"|0|2|1|0|0|0|0|2|2|2|1|0|0|2|0|15816|17960|NA|NA|NA|559|195|528|34657960|131280.151515152|0
"191630107002"|0|1|0|0|0|0|0|1|1|1|1|0|0|1|0|5376|7520|NA|NA|6462|257|72|264|14770472|55948.7575757576|0
"191630109001"|0|1|0|0|0|0|0|1|1|1|1|0|0|1|0|5376|7520|NA|NA|6462|257|72|264|14770472|55948.7575757576|0
"191630113001"|0|1|1|0|0|0|0|1|1|1|0|0|0|1|0|31532|31532|17460|17460|11024|251|125|402|29515820|73422.4378109453|0
"191630113002"|0|1|1|0|0|0|0|1|1|1|0|0|0|1|0|31532|31532|17460|17460|11024|251|125|402|29515820|73422.4378109453|0
"191630128021"|0|2|0|0|0|0|0|2|2|1|0|1|2|0|0|NA|NA|NA|NA|NA|7|1|12|551454|NA|0
"191630129012"|0|1|0|0|0|0|0|1|1|0|0|1|1|0|0|NA|NA|NA|NA|NA|0|0|0|0|NA|0
"191630130002"|0|1|1|0|0|0|0|1|1|0|0|0|0|0|0|NA|NA|NA|NA|NA|0|0|0|0|NA|0
"191630135001"|0|1|0|0|0|0|0|1|1|1|1|0|1|0|0|NA|NA|NA|NA|NA|8|2|4|112528|28132|0
"191670701001"|0|1|0|0|0|0|0|1|1|1|1|0|0|1|0|5190|5490|NA|NA|6174|72|17|66|4076744|61768.8484848485|0
"191670706001"|0|1|1|0|0|0|0|1|1|1|0|0|0|1|0|32100|32100|6030|6030|9600|123|35|166|10287630|61973.6746987952|0
"191670707002"|0|1|1|0|0|0|0|1|1|1|0|0|0|1|0|31210|31210|5940|5940|10020|132|56|176|11455402|65087.5113636364|0
"191690008002"|0|1|1|0|0|1|0|1|1|1|0|0|0|0|1|8042|23230|9758|24720|9149|5054|602|3076|330887410|107570.679453836|0
"191690013021"|0|1|0|0|0|0|0|1|1|0|0|1|1|0|0|NA|NA|NA|NA|NA|0|0|0|0|NA|0
"191751904001"|0|1|0|0|0|0|0|1|1|1|1|0|0|1|0|5310|5520|NA|NA|8060|104|43|80|4000666|50008.325|0
"191799602002"|0|1|0|0|0|0|0|1|1|0|0|1|1|0|0|NA|NA|NA|NA|NA|0|0|0|0|NA|0
"191799603002"|0|1|0|0|0|0|0|1|1|1|1|0|0|1|0|4320|5760|NA|NA|4830|224|85|272|18352000|67470.5882352941|0
"191810207003"|0|1|1|0|0|0|0|1|1|1|0|0|0|1|0|39910|39910|8525|8525|8820|140|81|164|9894326|60331.256097561|0
"191839601004"|0|1|1|0|0|0|0|1|1|1|0|0|1|0|0|5250|5250|3420|3420|NA|7|0|0|0|NA|0
"191870005002"|0|1|0|0|0|0|0|1|1|0|0|1|1|0|0|NA|NA|NA|NA|NA|0|0|0|0|NA|0
"191870006002"|0|1|0|0|0|0|0|1|1|0|0|1|1|0|0|NA|NA|NA|NA|NA|0|0|0|0|NA|0
"191870009001"|0|1|0|0|0|0|0|1|1|1|1|0|0|1|0|4980|7480|NA|NA|6900|256|113|190|13273378|69859.8842105263|0
"191896803005"|0|1|1|0|0|0|0|1|1|1|0|0|0|1|0|21196|21196|4680|4680|7618|172|56|96|4820878|50217.4791666667|0
"191919502002"|0|1|0|0|0|0|0|1|1|1|0|0|0|1|0|43500|43500|NA|NA|9760|220|72|322|22171954|68857|0
"191919502003"|0|1|0|0|0|0|0|1|1|1|0|0|0|1|0|43500|43500|NA|NA|9760|220|72|322|22171954|68857|0
"191919505003"|0|1|0|0|0|0|0|1|1|1|1|0|0|1|0|5220|5940|NA|NA|NA|213|46|190|10608168|55832.4631578947|0
"191930005002"|0|1|1|0|0|0|0|1|1|1|0|0|0|1|0|30988|30988|9450|9450|9384|112|60|132|7495000|56780.303030303|0
"191930010001"|0|1|0|0|0|0|0|1|1|1|0|0|1|0|0|18900|18900|NA|NA|NA|10|1|46|2984384|64877.9130434783|0
"191930018001"|0|1|0|0|0|0|0|1|1|1|1|0|0|1|0|3672|3696|NA|NA|6290|191|29|132|7830920|59325.1515151515|0
"191930020001"|0|1|1|0|0|0|0|1|1|1|0|0|0|1|0|31220|31220|5040|5040|9840|159|75|152|9868302|64923.0394736842|0
"191930021025"|0|1|0|0|0|0|0|1|1|0|0|1|1|0|0|NA|NA|NA|NA|NA|0|0|0|0|NA|0
"191930033003"|0|1|0|0|0|0|0|1|1|1|1|0|0|1|0|3672|3696|NA|NA|6290|191|29|132|7830920|59325.1515151515|0
"200019527002"|0|1|0|0|0|0|0|1|1|1|1|0|0|1|0|1800|1800|NA|NA|6300|81|30|60|3147378|52456.3|0
"200019528002"|0|1|0|0|0|0|0|1|1|1|1|0|0|1|0|1800|1800|NA|NA|6300|81|30|60|3147378|52456.3|0
"200050817001"|0|1|1|0|0|0|0|1|1|1|0|0|0|1|0|29730|29730|14243|14243|10450|177|95|244|15200768|62298.2295081967|0
"200099718001"|0|1|0|0|0|0|0|1|1|1|1|0|0|1|0|2368|3008|NA|NA|8660|232|103|140|8049366|57495.4714285714|0
"200099718002"|0|1|0|0|0|0|0|1|1|1|1|0|0|1|0|2368|3008|NA|NA|8660|232|103|140|8049366|57495.4714285714|0
"200119557001"|0|1|0|0|0|0|0|1|1|1|1|0|0|1|0|1860|1860|NA|NA|6255|101|33|78|3229726|41406.7435897436|0
"200119558001"|0|1|0|0|0|0|0|1|1|1|1|0|0|1|0|1860|1860|NA|NA|6255|101|33|78|3229726|41406.7435897436|0
"200150202012"|0|1|0|0|0|0|0|1|1|1|1|0|0|1|0|2618|4388|NA|NA|6250|280|95|304|16715278|54984.4671052632|0
"200150202013"|0|1|0|0|0|0|0|1|1|1|1|0|0|1|0|2618|4388|NA|NA|6250|280|95|304|16715278|54984.4671052632|0
"200150203002"|0|1|0|0|0|0|0|1|1|1|1|0|0|1|0|2618|4388|NA|NA|6250|280|95|304|16715278|54984.4671052632|0
"200150204002"|0|1|0|0|0|0|0|1|1|1|1|0|0|1|0|2618|4388|NA|NA|6250|280|95|304|16715278|54984.4671052632|0
"200299773004"|0|1|0|0|0|0|0|1|1|1|1|0|0|1|0|2340|2520|NA|NA|5896|105|35|82|3875646|47263.9756097561|0
"200299774001"|0|1|0|0|0|0|0|1|1|1|1|0|0|1|0|2340|2520|NA|NA|5896|105|35|82|3875646|47263.9756097561|0
"200354935003"|0|1|1|0|0|0|0|1|1|1|0|0|0|1|0|31500|31500|11340|11340|8110|120|66|84|4888444|58195.7619047619|0
"200354940001"|0|1|0|0|0|0|0|1|1|1|1|0|0|1|0|2040|3480|NA|NA|5400|130|40|124|6458534|52084.9516129032|0
"200379576003"|0|1|1|0|0|0|0|1|1|1|0|0|0|1|0|5694|17038|6678|17510|7996|449|111|582|40138920|68967.2164948454|0
"200430201002"|0|1|0|0|0|0|0|1|1|1|1|0|0|1|0|2392|2392|NA|NA|6700|118|52|110|5576394|50694.4909090909|0
"200450002001"|0|1|0|0|0|0|0|1|1|1|1|0|1|0|0|NA|NA|NA|NA|NA|2|0|2|80000|40000|0
"200450002002"|0|1|0|0|0|0|0|1|1|1|1|0|1|0|0|NA|NA|NA|NA|NA|2|0|2|80000|40000|0
"200450003002"|0|1|1|0|0|1|0|1|1|1|0|0|0|0|1|10092|26960|9989|23951|11318|4600|1243|2612|257076062|98421.1569678407|0
"200450003004"|0|1|1|0|0|1|0|1|1|1|0|0|0|0|1|10092|26960|9989|23951|11318|4600|1243|2612|257076062|98421.1569678407|0
"200450004001"|0|1|1|0|0|1|0|1|1|1|0|0|0|0|1|10092|26960|9989|23951|11318|4600|1243|2612|257076062|98421.1569678407|0
"200450005022"|0|1|1|0|0|1|0|1|1|1|0|0|0|0|1|10092|26960|9989|23951|11318|4600|1243|2612|257076062|98421.1569678407|0
"200450010012"|0|1|0|0|0|0|1|1|1|1|0|0|1|0|0|NA|NA|NA|NA|950|115|20|64|4773004|74578.1875|0
"200450012034"|0|1|1|0|0|0|0|1|1|1|0|0|0|1|0|29300|29300|10800|10800|8350|184|83|146|7925376|54283.397260274|0
"200510727014"|0|1|0|0|0|0|0|1|1|0|0|1|1|0|0|NA|NA|NA|NA|NA|0|0|0|0|NA|0
"200510729001"|0|1|1|0|0|0|0|1|1|1|0|0|0|0|1|3990|14070|3582|10206|8210|561|144|734|48220498|65695.5013623978|0
"200510729005"|0|1|1|0|0|0|0|1|1|1|0|0|0|0|1|3990|14070|3582|10206|8210|561|144|734|48220498|65695.5013623978|0
"200559605071"|0|2|0|0|0|0|0|2|2|2|1|0|1|1|0|16830|17400|NA|NA|NA|148|63|136|7156178|NA|0
"200579619002"|0|1|0|0|0|0|0|1|1|1|1|0|0|1|0|1410|1710|NA|NA|6800|131|56|90|5162382|57359.8|0
"200599543001"|0|2|2|0|0|0|0|2|2|2|0|0|2|0|0|40956|40956|22860|22860|NA|125|41|52|3269000|NA|0
"200599544005"|0|2|2|0|0|0|0|2|2|2|0|0|2|0|0|40956|40956|22860|22860|NA|125|41|52|3269000|NA|0
"200790301002"|0|1|0|0|0|0|0|1|1|1|0|0|1|0|0|29150|29150|NA|NA|9530|85|32|82|4306264|52515.4146341463|0
"200790301003"|0|1|0|0|0|0|0|1|1|1|0|0|1|0|0|29150|29150|NA|NA|9530|85|32|82|4306264|52515.4146341463|0
"200790301004"|0|1|0|0|0|0|0|1|1|1|0|0|1|0|0|29150|29150|NA|NA|9530|85|32|82|4306264|52515.4146341463|0
"200790305003"|0|1|0|0|0|0|0|1|1|1|0|0|1|0|0|29150|29150|NA|NA|9530|85|32|82|4306264|52515.4146341463|0
"200790305004"|0|1|0|0|0|0|0|1|1|1|0|0|1|0|0|27240|27240|NA|NA|9140|63|18|60|2846292|47438.2|0
"200910506003"|0|1|0|0|0|0|0|1|1|1|0|0|1|0|0|7920|7920|NA|NA|7500|17|2|12|230000|19166.6666666667|0
"200910518031"|0|1|0|0|0|0|0|1|1|0|0|1|1|0|0|NA|NA|NA|NA|NA|0|0|0|0|NA|0
"200910519081"|0|1|0|0|0|0|0|1|1|1|0|0|1|0|0|15000|15000|NA|NA|NA|2|0|0|0|NA|0
"200910524052"|0|1|0|0|0|0|0|1|1|0|0|1|1|0|0|NA|NA|NA|NA|NA|0|0|0|0|NA|0
"200910524172"|0|2|1|0|0|0|0|2|2|1|0|1|1|1|0|NA|NA|NA|NA|NA|267|14|62|2609366|NA|0
"200910530042"|0|1|0|0|0|0|0|1|1|1|1|0|0|0|1|2880|6210|NA|NA|NA|583|169|636|48298462|75940.9779874214|0
"200910531021"|0|1|1|0|0|0|0|1|1|1|0|0|1|0|0|14400|14400|11700|11700|NA|63|19|76|4741728|62391.1578947368|0
"200910532011"|0|1|1|0|0|0|0|1|1|1|0|0|1|0|0|11976|11976|11430|11430|NA|31|0|8|553678|69209.75|0
"200910533011"|0|1|1|0|0|0|0|1|1|1|0|0|1|0|0|11976|11976|11430|11430|NA|31|0|8|553678|69209.75|0
"200910534091"|0|0|1|0|0|0|0|1|1|1|0|0|1|0|0|NA|NA|11466|11466|NA|14|5|16|1302622|81413.875|0
"200910534131"|0|1|0|0|0|0|0|1|1|0|0|1|1|0|0|NA|NA|NA|NA|NA|0|0|0|0|NA|0
"200910534141"|0|0|1|0|0|0|0|1|1|1|0|0|1|0|0|NA|NA|11466|11466|NA|14|5|16|1302622|81413.875|0
"200910535022"|0|1|1|0|0|0|0|1|1|1|0|0|0|1|0|31036|31036|13797|13797|9012|168|62|140|9002684|64304.8857142857|0
"200910535023"|0|1|1|0|0|0|0|1|1|1|0|0|0|1|0|31036|31036|13797|13797|9012|168|62|140|9002684|64304.8857142857|0
"200919800011"|0|1|1|0|0|0|0|1|1|1|0|0|0|1|0|7080|7080|4200|4200|NA|267|14|62|2609366|42086.5483870968|0
"200979691004"|0|1|1|0|0|0|0|1|1|1|0|0|1|0|0|16000|16000|7110|7110|9650|24|5|22|992200|45100|0
"200999501001"|0|1|0|0|0|0|0|1|1|1|1|0|0|1|0|1728|2528|NA|NA|NA|82|31|68|3525656|51847.8823529412|0
"200999501003"|0|1|0|0|0|0|0|1|1|1|1|0|0|1|0|1728|2528|NA|NA|NA|82|31|68|3525656|51847.8823529412|0
"201030705004"|0|1|1|0|0|0|0|1|1|1|0|0|0|1|0|28860|28860|11124|11124|8540|120|43|148|9238476|62422.1351351351|0
"201110001004"|0|1|1|0|0|0|0|1|1|1|0|0|0|1|0|5154|19071|6394|19888|9408|457|163|498|32006332|64269.7429718876|0
"201110002004"|0|1|0|0|0|0|0|1|1|1|1|0|0|1|0|4512|4512|NA|NA|NA|29|7|68|3292702|48422.0882352941|0
"201137882001"|0|1|0|0|0|0|0|1|1|1|0|0|1|0|0|27770|27770|NA|NA|13100|84|59|84|4657714|55448.9761904762|0
"201137882002"|0|1|0|0|0|0|0|1|1|1|0|0|1|0|0|27770|27770|NA|NA|13100|84|59|84|4657714|55448.9761904762|0
"201137886003"|0|1|1|0|0|0|0|1|1|1|0|0|1|0|0|29146|29146|4200|4200|9063|96|42|90|5426432|60293.6888888889|0
"201137886004"|0|1|0|0|0|0|0|1|1|1|0|0|1|0|0|18246|18246|NA|NA|7160|43|25|42|1557378|37080.4285714286|0
"201137886005"|0|1|0|0|0|0|0|1|1|1|0|0|1|0|0|18246|18246|NA|NA|7160|43|25|42|1557378|37080.4285714286|0
"201137886007"|0|1|1|0|0|0|0|1|1|1|0|0|1|0|0|29146|29146|4200|4200|9063|96|42|90|5426432|60293.6888888889|0
"201154896002"|0|1|1|0|0|0|0|1|1|1|0|0|1|0|0|28400|28400|9162|9162|9975|93|38|72|3374608|46869.5555555556|0
"201231766004"|0|1|0|0|0|0|0|1|1|1|1|0|1|0|0|4512|4512|NA|NA|6285|36|5|104|4246308|40829.8846153846|0
"201259506001"|0|1|0|0|0|0|0|1|1|1|1|0|1|0|0|1920|2144|NA|NA|5786|81|26|60|2582600|43043.3333333333|0
"201259506004"|0|1|0|0|0|0|0|1|1|1|1|0|1|0|0|1920|2144|NA|NA|5786|81|26|60|2582600|43043.3333333333|0
"201259510002"|0|1|0|0|0|0|0|1|1|1|1|0|0|1|0|1248|2816|NA|NA|6310|100|66|94|4582216|48746.9787234043|0
"201259510003"|0|1|0|0|0|0|0|1|1|1|1|0|0|1|0|1248|2816|NA|NA|6310|100|66|94|4582216|48746.9787234043|0
"201339518003"|0|1|0|0|0|0|0|1|1|1|1|0|0|1|0|2400|2400|NA|NA|6270|111|35|116|5436212|46863.8965517241|0
"201519687001"|0|1|0|0|0|0|0|1|1|1|1|0|0|1|0|2016|2400|NA|NA|5912|86|42|72|3788116|52612.7222222222|0
"201519688001"|0|1|0|0|0|0|0|1|1|1|1|0|0|1|0|2016|2400|NA|NA|5912|86|42|72|3788116|52612.7222222222|0
"201550002004"|0|1|0|0|0|0|0|1|1|1|1|0|0|1|0|2730|3660|NA|NA|6000|264|92|278|14034088|50482.3309352518|0
"201599673003"|0|1|1|0|0|0|0|1|1|1|0|0|1|0|0|26000|26000|13860|13860|8442|77|44|90|4036648|44851.6444444444|0
"201610003043"|0|1|0|0|0|0|0|1|1|0|0|1|1|0|0|NA|NA|NA|NA|NA|0|0|0|0|NA|0
"201610005002"|0|1|1|0|0|1|0|1|1|1|0|0|0|0|1|9735|25251|10212|23050|9870|3716|458|2002|178356722|89089.2717282717|0
"201610006004"|0|1|0|0|0|0|0|1|1|1|1|0|1|0|0|5040|5040|NA|NA|NA|42|6|50|2481674|49633.48|0
"201610008011"|0|1|0|0|0|0|0|1|1|1|0|0|1|0|0|15950|15950|NA|NA|9272|29|4|18|972884|54049.1111111111|0
"201610011003"|0|1|1|0|0|1|0|1|1|1|0|0|0|0|1|9735|25251|10212|23050|9870|3716|458|2002|178356722|89089.2717282717|0
"201690001002"|0|1|0|0|0|0|0|1|1|0|0|1|1|0|0|NA|NA|NA|NA|NA|0|0|0|0|NA|0
"201690001003"|0|1|0|0|0|0|0|1|1|0|0|1|1|0|0|NA|NA|NA|NA|NA|0|0|0|0|NA|0
"201690001004"|0|1|0|0|0|0|0|1|1|0|0|1|1|0|0|NA|NA|NA|NA|NA|0|0|0|0|NA|0
"201690001005"|0|1|0|0|0|0|0|1|1|0|0|1|1|0|0|NA|NA|NA|NA|NA|0|0|0|0|NA|0
"201690006001"|0|1|0|0|0|0|0|1|1|1|1|0|1|0|0|6942|6942|NA|NA|NA|25|3|50|2494650|49893|0
"201690009004"|0|1|1|0|0|0|0|1|1|1|0|0|1|0|0|29500|29500|NA|NA|9800|105|49|94|4880752|51922.8936170213|0
"201730009001"|0|1|1|0|0|0|0|1|1|1|0|0|0|0|1|6709|15890|5435|13348|12620|1495|530|1128|86835010|76981.3918439716|0
"201730024002"|0|1|0|0|0|0|0|1|1|0|0|1|1|0|0|NA|NA|NA|NA|NA|0|0|0|0|NA|0
"201730028004"|0|1|1|0|0|0|0|1|1|1|0|0|0|1|0|28944|28944|11358|11358|7980|150|74|120|7603100|63359.1666666667|0
"201730090001"|0|1|0|0|0|0|0|1|1|0|0|1|1|0|0|NA|NA|NA|NA|NA|0|0|0|0|NA|0
"201730090003"|0|1|1|0|0|0|0|1|1|1|0|0|0|1|0|30386|30386|10458|10458|8646|130|66|178|9972616|56025.9325842697|0
"201730091001"|0|1|0|0|0|0|0|1|1|1|1|0|1|0|0|NA|NA|NA|NA|NA|54|4|74|3894392|52626.9189189189|0
"201730092001"|0|1|0|0|0|0|0|1|1|1|1|0|1|0|0|NA|NA|NA|NA|NA|3|0|2|80000|40000|0
"201730092002"|0|2|0|0|0|0|0|2|2|1|1|1|2|0|0|NA|NA|NA|NA|NA|3|0|2|80000|NA|0
"201730093022"|0|1|0|0|0|0|0|1|1|0|0|1|1|0|0|NA|NA|NA|NA|NA|0|0|0|0|NA|0
"201730101061"|0|1|0|0|0|0|0|1|1|1|1|0|0|1|0|4839|5806|NA|NA|NA|151|15|176|9316998|52937.4886363636|0
"201730101091"|0|1|0|0|0|0|0|1|1|1|0|0|1|0|0|15000|15000|NA|NA|NA|0|0|0|0|NA|0
"201730101161"|0|1|0|0|0|0|0|1|1|1|1|0|0|1|0|4839|5806|NA|NA|NA|151|15|176|9316998|52937.4886363636|0
"201730108011"|0|1|0|0|0|0|0|1|1|0|0|1|1|0|0|NA|NA|NA|NA|NA|0|0|0|0|NA|0
"201759657001"|0|1|0|0|0|0|0|1|1|1|1|0|0|1|0|2176|3360|NA|NA|5070|128|55|108|5440530|50375.2777777778|0
"201770018002"|0|1|1|0|0|0|0|1|1|1|0|0|0|1|0|8594|19346|9306|18788|9399|468|147|570|40490580|71036.1052631579|0
"201770024001"|0|1|1|0|0|0|0|1|1|1|0|0|1|0|0|9360|9360|8640|8640|NA|19|2|22|1642966|74680.2727272727|0
"201770024002"|0|1|0|0|0|0|0|1|1|0|0|1|0|1|0|6816|6816|NA|NA|NA|0|0|0|0|NA|0
"201770028003"|0|1|0|0|0|0|0|1|1|0|0|1|1|0|0|NA|NA|NA|NA|NA|0|0|0|0|NA|0
"201814537001"|0|1|0|0|0|0|0|1|1|1|1|0|1|0|0|NA|NA|NA|NA|NA|42|17|62|2950898|47595.1290322581|0
"201814537002"|0|1|0|0|0|0|0|1|1|1|1|0|1|0|0|NA|NA|NA|NA|NA|42|17|62|2950898|47595.1290322581|0
"201814537006"|0|1|0|0|0|0|0|1|1|1|1|0|1|0|0|NA|NA|NA|NA|NA|42|17|62|2950898|47595.1290322581|0
"201939531001"|0|1|0|0|0|0|0|1|1|1|1|0|0|1|0|2483|4020|NA|NA|6258|67|22|96|4014070|41813.2291666667|0
"201939531005"|0|1|0|0|0|0|0|1|1|1|1|0|0|1|0|2483|4020|NA|NA|6258|67|22|96|4014070|41813.2291666667|0
"202090416003"|0|1|0|0|0|0|0|1|1|1|0|0|1|0|0|7502|7502|NA|NA|NA|40|8|28|1589142|56755.0714285714|0
"202090416004"|0|1|0|0|0|0|0|1|1|1|0|0|1|0|0|7502|7502|NA|NA|NA|40|8|28|1589142|56755.0714285714|0
"202090441042"|0|1|0|0|0|0|0|1|1|1|1|0|0|1|0|2640|5850|NA|NA|7294|290|122|304|22423886|73762.7828947368|0
"210019704022"|0|1|1|0|0|0|0|1|1|1|0|0|0|1|0|25080|25080|8735|8735|9425|237|93|222|12811308|57708.5945945946|0
"210099505001"|0|1|0|0|0|0|0|1|1|0|0|1|1|0|0|NA|NA|NA|NA|NA|0|0|0|0|NA|0
"210139602003"|0|1|0|0|0|0|0|1|1|1|0|0|1|0|0|8700|8700|NA|NA|4160|21|4|12|544160|45346.6666666667|0
"210139611001"|0|1|0|0|0|0|0|1|1|1|0|0|1|0|0|8700|8700|NA|NA|4160|21|4|12|544160|45346.6666666667|0
"210139611002"|0|1|0|0|0|0|0|1|1|1|0|0|1|0|0|8700|8700|NA|NA|4160|21|4|12|544160|45346.6666666667|0
"210139611003"|0|1|0|0|0|0|0|1|1|1|0|0|1|0|0|8700|8700|NA|NA|4160|21|4|12|544160|45346.6666666667|0
"210150701004"|0|1|0|0|0|0|0|1|1|0|0|1|1|0|0|NA|NA|NA|NA|NA|0|0|0|0|NA|0
"210150703011"|0|1|0|0|0|0|0|1|1|1|1|0|0|1|0|4176|14616|NA|NA|NA|120|54|150|7785792|51905.28|0
"210150703111"|0|1|0|0|0|0|0|1|1|1|0|0|1|0|0|12780|12780|NA|NA|NA|20|3|36|2170000|60277.7777777778|0
"210190307003"|0|1|0|0|0|0|0|1|1|1|1|0|0|1|0|4176|14616|NA|NA|NA|89|38|138|7297852|52882.9855072464|0
"210219303003"|0|1|0|0|0|0|0|1|1|1|0|0|0|1|0|43000|43000|NA|NA|10740|299|114|266|19938802|74957.9022556391|0
"210259201001"|0|1|0|0|0|0|0|1|1|1|0|0|1|0|0|8700|8700|NA|NA|5140|13|2|2|18044|9022|0
"210259204001"|0|1|0|0|0|0|0|1|1|1|0|0|1|0|0|8700|8700|NA|NA|5140|13|2|2|18044|9022|0
"210350103013"|0|1|1|0|0|0|0|1|1|1|0|0|0|1|0|7974|23592|8214|13500|9466|727|279|906|57908790|63916.9867549669|0
"210350103023"|0|1|1|0|0|0|0|1|1|1|0|0|0|1|0|7974|23592|8214|13500|9466|727|279|906|57908790|63916.9867549669|0
"210370504001"|0|1|0|0|0|0|0|1|1|0|0|1|1|0|0|NA|NA|NA|NA|NA|0|0|0|0|NA|0
"210370524001"|0|1|0|0|0|0|0|1|1|1|1|0|1|0|0|9840|9840|NA|NA|NA|3|1|10|484264|48426.4|0
"210370533021"|0|1|0|0|0|0|0|1|1|1|1|0|1|0|0|9840|9840|NA|NA|NA|3|1|10|484264|48426.4|0
"210370533023"|0|1|1|0|0|0|0|1|1|1|0|0|0|0|1|9912|19872|11034|16974|10046|821|301|1204|90160010|74883.7292358804|0
"210439605003"|0|1|1|0|0|0|0|1|1|1|0|0|1|0|0|19996|19996|4950|4950|8480|62|16|58|2633704|45408.6896551724|0
"210472002002"|0|1|0|0|0|0|0|1|1|1|1|0|0|1|0|4176|14616|NA|NA|NA|88|32|108|4984322|46151.1296296296|0
"210472005003"|0|1|0|0|0|0|0|1|1|1|1|0|1|0|0|NA|NA|NA|NA|NA|9|2|4|99280|24820|0
"210590003002"|0|1|1|0|0|0|0|1|1|1|0|0|0|1|0|22900|22900|550|550|9940|89|28|88|4421064|50239.3636363636|0
"210590011001"|0|1|0|0|0|0|0|1|1|1|0|0|1|0|0|26270|26270|NA|NA|10217|83|50|90|4379318|48659.0888888889|0
"210590017022"|0|2|0|0|0|0|0|2|2|1|1|1|1|1|0|NA|NA|NA|NA|NA|103|38|158|8521478|NA|0
"210670002003"|0|1|0|0|0|0|0|1|1|1|0|0|1|0|0|38570|38570|NA|NA|10770|189|87|166|11371868|68505.2289156627|0
"210670008022"|0|1|1|0|1|1|0|1|1|1|0|0|0|0|1|11011|29331|12055|31215|13210|6719|2037|2896|301285820|104035.158839779|0
"210670016002"|0|1|0|0|0|0|0|1|1|0|0|1|1|0|0|NA|NA|NA|NA|NA|0|0|0|0|NA|0
"210670024001"|0|1|0|0|0|0|0|1|1|1|1|0|0|0|1|4176|14616|NA|NA|NA|270|99|386|20037944|51911.7720207254|0
"210670028002"|0|1|0|0|0|0|0|1|1|0|0|1|1|0|0|NA|NA|NA|NA|NA|0|0|0|0|NA|0
"210670034041"|0|1|0|0|0|0|0|1|1|0|0|1|1|0|0|NA|NA|NA|NA|NA|0|0|0|0|NA|0
"210670039082"|0|1|0|0|0|0|0|1|1|1|0|0|1|0|0|8280|8280|NA|NA|NA|18|9|14|648752|46339.4285714286|0
"210670042041"|0|0|1|0|0|0|0|1|1|1|0|0|1|0|0|NA|NA|9120|9120|NA|14|3|6|419896|69982.6666666667|0
"210670042102"|0|1|0|0|0|0|0|1|1|0|0|1|1|0|0|NA|NA|NA|NA|NA|0|0|0|0|NA|0
"210719201001"|0|1|0|0|0|0|0|1|1|1|1|0|0|1|0|4176|14616|NA|NA|NA|123|47|166|9111712|54889.8313253012|0
"210719201004"|0|1|0|0|0|0|0|1|1|1|1|0|0|1|0|4176|14616|NA|NA|NA|123|47|166|9111712|54889.8313253012|0
"210730706003"|0|1|1|1|0|0|0|1|1|1|0|0|0|1|0|7700|11550|7560|11550|6690|426|140|188|11870130|63138.9893617021|0
"210730707011"|0|1|1|1|0|0|0|1|1|1|0|0|0|1|0|7700|11550|7560|11550|6690|426|140|188|11870130|63138.9893617021|0
"210730712003"|0|1|1|1|0|0|0|1|1|1|0|0|0|1|0|7700|11550|7560|11550|6690|426|140|188|11870130|63138.9893617021|0
"210930012001"|0|1|0|0|0|0|0|1|1|0|0|1|1|0|0|NA|NA|NA|NA|NA|0|0|0|0|NA|0
"210930013002"|0|1|0|0|0|0|0|1|1|1|1|0|0|1|0|4176|14616|NA|NA|NA|140|62|230|12207542|53076.2695652174|0
"210930014011"|0|1|0|0|0|0|0|1|1|0|0|1|1|0|0|NA|NA|NA|NA|NA|0|0|0|0|NA|0
"210930014012"|0|1|0|0|0|0|0|1|1|0|0|1|1|0|0|NA|NA|NA|NA|NA|0|0|0|0|NA|0
"210959702004"|0|1|0|0|0|0|0|1|1|1|1|0|0|1|0|4176|14616|NA|NA|NA|122|40|142|8008804|56400.0281690141|0
"211010209003"|0|1|0|0|0|0|0|1|1|1|1|0|0|1|0|4176|14616|NA|NA|NA|43|15|78|4140700|53085.8974358974|0
"211010209005"|0|1|0|0|0|0|0|1|1|1|1|0|0|1|0|4176|14616|NA|NA|NA|43|15|78|4140700|53085.8974358974|0
"211079703002"|0|1|0|0|0|0|0|1|1|1|1|0|0|1|0|4176|14616|NA|NA|NA|96|44|162|9098242|56161.987654321|0
"211110049001"|0|1|1|0|0|0|0|1|1|1|0|0|0|1|0|NA|NA|NA|NA|NA|63|21|128|8576932|67007.28125|0
"211110049002"|0|1|0|0|0|0|0|1|1|1|1|0|0|0|1|4176|14616|NA|NA|NA|249|91|362|19821562|54755.6961325967|0
"211110050001"|0|1|1|0|0|0|0|1|1|1|0|0|0|1|0|25200|25200|12825|12825|7900|138|50|186|14238898|76553.2150537634|0
"211110050002"|0|1|1|0|0|0|0|1|1|1|0|0|0|1|0|25200|25200|12825|12825|7900|138|50|186|14238898|76553.2150537634|0
"211110051001"|0|1|0|1|0|0|0|1|1|1|0|0|1|0|0|6000|6000|NA|NA|NA|29|6|14|643600|45971.4285714286|0
"211110051002"|0|1|0|1|0|0|0|1|1|1|0|0|1|0|0|6000|6000|NA|NA|NA|29|6|14|643600|45971.4285714286|0
"211110053002"|0|1|1|0|1|1|0|1|1|1|0|0|0|0|1|11732|27758|13000|27114|9452|2573|886|1936|182101366|94060.6229338843|0
"211110074001"|0|1|1|0|0|0|0|1|1|1|0|0|0|1|0|NA|NA|NA|NA|NA|63|21|128|8576932|67007.28125|0
"211110087003"|0|1|2|0|0|0|0|2|1|2|0|0|1|1|0|NA|NA|22626|22626|NA|236|68|136|11541072|165018.568553459|0
"211110087004"|0|1|2|0|0|0|0|2|1|2|0|0|1|1|0|NA|NA|22626|22626|NA|236|68|136|11541072|165018.568553459|0
"211110089004"|0|1|1|0|0|0|0|1|1|1|0|0|0|1|0|40880|40880|11734|11734|9420|312|121|352|28234854|80212.6534090909|0
"211110097001"|0|1|1|0|0|0|0|1|1|1|0|0|0|1|0|11520|11520|14160|14160|10485|369|219|318|24086388|75743.358490566|0
"211110097002"|0|1|1|0|0|0|0|1|1|1|0|0|0|1|0|11520|11520|14160|14160|10485|369|219|318|24086388|75743.358490566|0
"211110098001"|0|1|0|0|0|0|0|1|1|0|0|1|1|0|0|NA|NA|NA|NA|NA|0|0|0|0|NA|0
"211110098002"|0|1|0|0|0|0|0|1|1|0|0|1|1|0|0|NA|NA|NA|NA|NA|0|0|0|0|NA|0
"211110101022"|0|1|0|0|0|0|0|1|1|0|0|1|1|0|0|NA|NA|NA|NA|NA|0|0|0|0|NA|0
"211110107053"|0|3|0|0|0|0|0|3|3|2|2|1|3|0|0|NA|NA|NA|NA|NA|72|9|66|3967800|NA|0
"211110115091"|0|1|0|0|0|0|0|1|1|0|0|1|1|0|0|NA|NA|NA|NA|NA|0|0|0|0|NA|0
"211110115093"|0|1|0|0|0|0|0|1|1|0|0|1|1|0|0|NA|NA|NA|NA|NA|0|0|0|0|NA|0
"211110117123"|0|1|0|0|0|0|0|1|1|0|0|1|1|0|0|NA|NA|NA|NA|NA|0|0|0|0|NA|0
"211110119071"|0|1|0|0|0|0|0|1|1|0|0|1|1|0|0|NA|NA|NA|NA|NA|0|0|0|0|NA|0
"211110122031"|0|1|0|0|0|0|0|1|1|0|0|1|1|0|0|NA|NA|NA|NA|NA|0|0|0|0|NA|0
"211110125022"|0|1|0|0|0|0|0|1|1|0|0|1|1|0|0|NA|NA|NA|NA|NA|0|0|0|0|NA|0
"211130604001"|0|0|1|0|0|0|0|1|1|1|0|0|0|1|0|NA|NA|15960|15960|NA|148|70|94|7369704|78401.1063829787|0
"211130604002"|0|1|1|0|0|0|0|1|1|1|0|0|0|1|0|30654|30654|9990|9990|7536|209|90|180|10741360|59674.2222222222|0
"211130605034"|0|1|0|0|0|0|0|1|1|0|0|1|1|0|0|NA|NA|NA|NA|NA|0|0|0|0|NA|0
"211159604003"|0|1|0|0|0|0|0|1|1|0|0|1|1|0|0|NA|NA|NA|NA|NA|0|0|0|0|NA|0
"211170636053"|0|1|0|0|0|0|0|1|1|1|1|0|0|1|0|4176|14616|NA|NA|NA|120|54|150|7785792|51905.28|0
"211170641001"|0|1|0|0|0|0|0|1|1|0|0|1|1|0|0|NA|NA|NA|NA|NA|0|0|0|0|NA|0
"211170641003"|0|1|0|0|0|0|0|1|1|0|0|1|1|0|0|NA|NA|NA|NA|NA|0|0|0|0|NA|0
"211170642001"|0|1|0|0|0|0|0|1|1|0|0|1|1|0|0|NA|NA|NA|NA|NA|0|0|0|0|NA|0
"211170643001"|0|1|0|0|0|0|0|1|1|0|0|1|1|0|0|NA|NA|NA|NA|NA|0|0|0|0|NA|0
"211170644001"|0|1|0|0|0|0|0|1|1|0|0|1|1|0|0|NA|NA|NA|NA|NA|0|0|0|0|NA|0
"211170645001"|0|1|1|0|0|0|0|1|1|1|0|0|0|1|0|30550|30550|9180|9180|9000|103|45|174|10307678|59239.5287356322|0
"211170646003"|0|1|1|0|0|0|0|1|1|1|0|0|0|1|0|30550|30550|9180|9180|9000|103|45|174|10307678|59239.5287356322|0
"211170654001"|0|1|1|0|0|0|0|1|1|1|0|0|0|1|0|30550|30550|9180|9180|9000|103|45|174|10307678|59239.5287356322|0
"211199603004"|0|1|0|0|0|0|0|1|1|1|0|0|1|0|0|10000|10000|NA|NA|7160|81|38|52|2326428|44739|0
"211219305002"|0|1|1|0|0|0|0|1|1|1|0|0|0|1|0|26330|26330|9600|9600|7500|140|83|102|4788536|46946.431372549|0
"211319201001"|0|0|1|0|0|0|0|1|1|1|0|0|0|1|0|NA|NA|18000|18000|NA|86|11|252|22180926|88019.5476190476|0
"211319201002"|0|0|1|0|0|0|0|1|1|1|0|0|0|1|0|NA|NA|18000|18000|NA|86|11|252|22180926|88019.5476190476|0
"211319201003"|0|0|1|0|0|0|0|1|1|1|0|0|0|1|0|NA|NA|18000|18000|NA|86|11|252|22180926|88019.5476190476|0
"211319201006"|0|0|1|0|0|0|0|1|1|1|0|0|0|1|0|NA|NA|18000|18000|NA|86|11|252|22180926|88019.5476190476|0
"211339504022"|0|1|0|0|0|0|0|1|1|0|0|1|1|0|0|NA|NA|NA|NA|NA|0|0|0|0|NA|0
"211339504023"|0|1|0|0|0|0|0|1|1|0|0|1|1|0|0|NA|NA|NA|NA|NA|0|0|0|0|NA|0
"211339504024"|0|1|0|0|0|0|0|1|1|0|0|1|1|0|0|NA|NA|NA|NA|NA|0|0|0|0|NA|0
"211450313011"|0|1|0|0|0|0|0|1|1|1|1|0|0|1|0|4176|14616|NA|NA|NA|148|56|230|12392874|53882.0608695652|0
"211510101021"|0|1|0|0|0|0|0|1|1|0|0|1|1|0|0|NA|NA|NA|NA|NA|0|0|0|0|NA|0
"211510105001"|0|1|1|0|0|0|0|1|1|1|0|0|0|0|1|9266|19338|9900|13950|10476|1125|263|1160|76566180|66005.3275862069|0
"211510105002"|0|1|1|0|0|0|0|1|1|1|0|0|0|0|1|9266|19338|9900|13950|10476|1125|263|1160|76566180|66005.3275862069|0
"211510105003"|0|1|1|0|0|0|0|1|1|1|0|0|0|0|1|9266|19338|9900|13950|10476|1125|263|1160|76566180|66005.3275862069|0
"211510109031"|0|1|0|0|0|0|0|1|1|0|0|1|1|0|0|NA|NA|NA|NA|NA|0|0|0|0|NA|0
"211510113022"|0|1|0|0|0|0|0|1|1|1|0|0|0|1|0|44100|44100|NA|NA|6966|651|155|294|21752140|73986.8707482993|0
"211619603002"|0|1|0|0|0|0|0|1|1|1|1|0|0|1|0|4176|14616|NA|NA|NA|107|40|164|8450550|51527.743902439|0
"211619604002"|0|1|0|0|0|0|0|1|1|1|1|0|0|1|0|4176|14616|NA|NA|NA|107|40|164|8450550|51527.743902439|0
"211619604003"|0|1|0|0|0|0|0|1|1|1|1|0|0|1|0|4176|14616|NA|NA|NA|107|40|164|8450550|51527.743902439|0
"211939704003"|0|1|0|0|0|0|0|1|1|1|1|0|1|0|0|NA|NA|NA|NA|NA|14|5|24|1514376|63099|0
"211939705003"|0|1|0|0|0|0|0|1|1|1|1|0|0|1|0|4176|14616|NA|NA|NA|124|45|160|9255274|57845.4625|0
"211939705004"|0|1|0|0|0|0|0|1|1|1|1|0|0|1|0|4176|14616|NA|NA|NA|124|45|160|9255274|57845.4625|0
"211959303002"|0|1|1|0|0|1|0|1|1|1|0|0|0|1|0|21400|21400|8100|8100|7950|180|77|124|7129186|57493.435483871|0
"211959314002"|0|1|0|0|0|0|0|1|1|0|0|1|1|0|0|NA|NA|NA|NA|NA|0|0|0|0|NA|0
"211959314003"|0|1|0|0|0|0|0|1|1|0|0|1|1|0|0|NA|NA|NA|NA|NA|0|0|0|0|NA|0
"211959315001"|0|1|0|0|0|0|0|1|1|0|0|1|1|0|0|NA|NA|NA|NA|NA|0|0|0|0|NA|0
"211999306001"|0|1|0|0|0|0|0|1|1|1|1|0|0|1|0|4176|14616|NA|NA|NA|177|73|268|14166810|52861.2313432836|0
"212059502004"|0|1|1|0|0|0|0|1|1|1|0|0|0|1|0|8970|13556|10260|10260|9490|563|197|622|38150602|61335.3729903537|0
"212090402061"|0|1|1|0|0|0|0|1|1|1|0|0|0|1|0|39810|39810|11070|11070|10160|162|51|164|9787912|59682.3902439024|0
"212179204003"|0|1|1|0|0|0|0|1|1|1|0|0|0|0|1|24900|24900|12240|12240|8000|418|177|488|27465702|56282.1762295082|0
"212179204005"|0|1|1|0|0|0|0|1|1|1|0|0|0|0|1|24900|24900|12240|12240|8000|418|177|488|27465702|56282.1762295082|0
"212270104001"|0|1|1|0|0|0|0|1|1|1|0|0|0|0|1|10802|26496|12140|18340|8432|1168|601|1362|97106208|71296.7753303965|0
"212270104002"|0|1|1|0|0|0|0|1|1|1|0|0|0|0|1|10802|26496|12140|18340|8432|1168|601|1362|97106208|71296.7753303965|0
"212270106002"|0|1|0|0|0|0|0|1|1|0|0|1|1|0|0|NA|NA|NA|NA|NA|0|0|0|0|NA|0
"212270107011"|0|2|0|0|0|0|0|2|2|0|0|2|2|0|0|NA|NA|NA|NA|NA|0|0|0|0|NA|0
"212270107012"|0|1|0|0|0|0|0|1|1|0|0|1|1|0|0|NA|NA|NA|NA|NA|0|0|0|0|NA|0
"212270109005"|0|1|0|0|0|0|0|1|1|1|0|0|1|0|0|19533|19533|NA|NA|NA|13|1|6|274928|45821.3333333333|0
"212270110011"|0|1|0|0|0|0|0|1|1|1|1|0|0|1|0|4176|14616|NA|NA|NA|133|50|192|9188238|47855.40625|0
"212270110012"|0|1|0|0|0|0|0|1|1|0|0|1|1|0|0|NA|NA|NA|NA|NA|0|0|0|0|NA|0
"212359206003"|0|1|1|0|0|0|0|1|1|1|0|0|0|0|1|9875|9875|5670|5670|9300|278|137|454|28381614|62514.5682819383|0
"212390501043"|0|1|0|0|0|0|0|1|1|0|0|0|0|0|0|NA|NA|NA|NA|NA|259|71|0|0|NA|0
"212390504001"|0|1|1|0|0|0|0|1|1|1|0|0|0|1|0|24500|24500|6240|6240|8600|83|38|56|3572824|63800.4285714286|0
"220019602002"|0|1|0|0|0|0|0|1|1|1|1|0|0|1|0|2868|2868|NA|NA|9894|91|38|144|6928892|48117.3055555556|0
"220050306001"|0|1|0|0|0|0|0|1|1|1|1|0|0|1|0|3335|7379|NA|NA|NA|57|3|116|5291076|45612.724137931|0
"220150106022"|0|1|0|0|0|0|0|1|1|0|0|1|1|0|0|NA|NA|NA|NA|NA|0|0|0|0|NA|0
"220150108052"|0|1|0|0|0|0|0|1|1|0|0|1|1|0|0|NA|NA|NA|NA|NA|0|0|0|0|NA|0
"220150111093"|0|1|0|0|0|0|0|1|1|1|1|0|0|1|0|3412|8098|NA|NA|NA|179|47|260|12047862|46337.9307692308|0
"220150113002"|0|1|0|0|0|0|0|1|1|0|0|1|1|0|0|NA|NA|NA|NA|NA|0|0|0|0|NA|0
"220170212002"|0|1|1|0|0|0|0|1|1|1|0|0|1|0|0|37310|37310|9750|9750|13670|99|52|112|7297838|65159.2678571429|0
"220170217001"|0|1|0|0|0|0|0|1|1|1|1|0|1|0|0|NA|NA|NA|NA|NA|6|3|4|197920|49480|0
"220170217002"|0|1|1|0|1|1|0|1|1|1|0|0|1|0|0|8992|19863|14557|26417|NA|226|27|66|4898700|74222.7272727273|0
"220170222001"|0|1|0|0|0|0|0|1|1|0|0|1|1|0|0|NA|NA|NA|NA|NA|0|0|0|0|NA|0
"220170223003"|0|1|0|0|0|0|0|1|1|0|0|1|1|0|0|NA|NA|NA|NA|NA|0|0|0|0|NA|0
"220170229004"|0|1|0|0|0|0|0|1|1|0|0|1|1|0|0|NA|NA|NA|NA|NA|0|0|0|0|NA|0
"220170234003"|0|1|0|0|0|0|0|1|1|0|0|1|1|0|0|NA|NA|NA|NA|NA|0|0|0|0|NA|0
"220170239011"|0|1|1|0|0|0|0|1|1|1|0|0|0|1|0|5656|5656|6196|6196|NA|211|74|268|19378016|72306.0298507463|0
"220170241043"|0|1|0|0|0|0|0|1|1|0|0|1|1|0|0|NA|NA|NA|NA|NA|0|0|0|0|NA|0
"220170241044"|0|1|0|0|0|0|0|1|1|1|0|0|1|0|0|15642|15642|NA|NA|NA|14|2|34|1091460|32101.7647058824|0
"220170241062"|0|1|0|0|0|0|0|1|1|0|0|1|1|0|0|NA|NA|NA|NA|NA|0|0|0|0|NA|0
"220170241071"|0|1|0|0|0|0|0|1|1|0|0|1|1|0|0|NA|NA|NA|NA|NA|0|0|0|0|NA|0
"220170246011"|0|1|0|1|0|0|0|1|1|1|1|0|0|1|0|2618|2618|NA|NA|11728|156|27|150|7242250|48281.6666666667|0
"220170253002"|0|1|0|0|0|0|0|1|1|0|0|1|1|0|0|NA|NA|NA|NA|NA|0|0|0|0|NA|0
"220190007002"|0|1|0|0|0|0|0|1|1|0|0|1|1|0|0|NA|NA|NA|NA|NA|0|0|0|0|NA|0
"220190009002"|0|1|0|0|0|0|0|1|1|0|0|1|1|0|0|NA|NA|NA|NA|NA|0|0|0|0|NA|0
"220190010001"|0|1|0|0|0|0|0|1|1|0|0|1|1|0|0|NA|NA|NA|NA|NA|0|0|0|0|NA|0
"220190010003"|0|1|0|0|0|0|0|1|1|0|0|1|1|0|0|NA|NA|NA|NA|NA|0|0|0|0|NA|0
"220190011003"|0|1|1|0|0|0|0|1|1|1|0|0|0|1|0|5147|13185|5703|13740|8624|374|182|522|32929130|63082.6245210728|0
"220199800001"|0|1|0|0|0|0|0|1|1|1|1|0|0|1|0|3335|6762|NA|NA|NA|103|38|196|9753510|49762.806122449|0
"220330007021"|0|1|0|0|0|0|0|1|1|0|0|1|1|0|0|NA|NA|NA|NA|NA|0|0|0|0|NA|0
"220330011021"|0|2|0|0|0|0|0|2|2|1|1|1|2|0|0|NA|NA|NA|NA|NA|15|5|30|1532052|NA|0
"220330017002"|0|1|0|0|0|0|0|1|1|0|0|1|1|0|0|9500|9500|NA|NA|NA|0|0|0|0|NA|0
"220330018002"|0|1|0|0|0|0|0|1|1|1|1|0|0|1|0|3237|7315|NA|NA|NA|202|22|294|16083702|54706.4693877551|0
"220330019002"|0|1|0|0|0|0|0|1|1|1|1|0|0|1|0|3237|7315|NA|NA|NA|202|22|294|16083702|54706.4693877551|0
"220330027002"|0|2|2|0|0|0|0|2|2|1|0|0|0|1|0|NA|NA|NA|NA|NA|73|27|180|15098094|NA|0
"220330028011"|0|1|1|0|0|1|0|1|1|1|0|0|0|0|1|8038|8038|9132|9132|12276|5181|1159|2688|254758426|94776.2001488095|0
"220330030001"|0|2|3|2|0|0|0|3|3|2|0|0|1|1|0|NA|NA|NA|NA|NA|828|278|670|37386186|NA|0
"220330030003"|0|2|3|2|0|0|0|3|3|2|0|0|1|1|0|NA|NA|NA|NA|NA|828|278|670|37386186|NA|0
"220330036013"|0|1|0|0|0|0|0|1|1|0|0|1|1|0|0|NA|NA|NA|NA|NA|0|0|0|0|NA|0
"220330036032"|0|1|0|0|0|0|0|1|1|0|0|1|1|0|0|NA|NA|NA|NA|NA|0|0|0|0|NA|0
"220330038012"|0|1|1|0|0|0|0|1|1|1|0|0|0|1|0|13019|13019|17847|17847|NA|73|27|180|15098094|83878.3|0
"220330038013"|0|1|1|0|0|0|0|1|1|1|0|0|0|1|0|13019|13019|17847|17847|NA|73|27|180|15098094|83878.3|0
"220330038014"|0|1|1|0|0|0|0|1|1|1|0|0|0|1|0|13019|13019|17847|17847|NA|73|27|180|15098094|83878.3|0
"220330038015"|0|1|1|0|0|0|0|1|1|1|0|0|0|1|0|13019|13019|17847|17847|NA|73|27|180|15098094|83878.3|0
"220330038021"|0|1|0|0|0|0|0|1|1|1|1|0|1|0|0|NA|NA|NA|NA|NA|6|0|4|146000|36500|0
"220330038024"|0|1|0|0|0|0|0|1|1|1|1|0|1|0|0|14500|14500|NA|NA|NA|10|0|12|599320|49943.3333333333|0
"220330039061"|0|1|0|0|0|0|0|1|1|0|0|1|1|0|0|NA|NA|NA|NA|NA|0|0|0|0|NA|0
"220330039062"|0|2|0|0|0|0|0|2|2|1|1|1|2|0|0|NA|NA|NA|NA|NA|21|13|52|2293442|NA|0
"220330039091"|0|1|0|0|0|0|0|1|1|0|0|1|1|0|0|NA|NA|NA|NA|NA|0|0|0|0|NA|0
"220330039092"|0|1|0|0|0|0|0|1|1|0|0|1|1|0|0|NA|NA|NA|NA|NA|0|0|0|0|NA|0
"220330039101"|0|2|0|0|0|0|0|2|2|1|1|1|2|0|0|NA|NA|NA|NA|NA|4|0|6|260582|NA|0
"220330039102"|0|3|0|0|0|0|0|3|3|2|2|1|3|0|0|NA|NA|NA|NA|NA|14|0|18|859902|NA|0
"220330040092"|0|1|0|0|0|0|0|1|1|1|1|0|1|0|0|11006|11006|NA|NA|NA|35|11|46|1949946|42390.1304347826|0
"220330045092"|0|2|0|0|0|0|0|2|2|1|1|1|2|0|0|NA|NA|NA|NA|NA|21|13|52|2293442|NA|0
"220330051001"|0|1|0|0|0|0|0|1|1|0|0|0|0|0|0|NA|NA|NA|NA|NA|18|4|0|0|NA|0
"220450312002"|0|1|0|0|0|0|0|1|1|0|0|1|1|0|0|NA|NA|NA|NA|NA|0|0|0|0|NA|0
"220510202011"|0|1|0|0|0|0|0|1|1|0|0|1|1|0|0|NA|NA|NA|NA|NA|0|0|0|0|NA|0
"220510202012"|0|1|0|0|0|0|0|1|1|0|0|1|1|0|0|NA|NA|NA|NA|NA|0|0|0|0|NA|0
"220510202021"|0|1|0|0|0|0|0|1|1|0|0|1|1|0|0|NA|NA|NA|NA|NA|0|0|0|0|NA|0
"220510202022"|0|1|0|0|0|0|0|1|1|0|0|1|1|0|0|NA|NA|NA|NA|NA|0|0|0|0|NA|0
"220510205062"|0|1|0|0|0|0|0|1|1|0|0|1|1|0|0|NA|NA|NA|NA|NA|0|0|0|0|NA|0
"220510207001"|0|1|0|0|0|0|0|1|1|0|0|1|1|0|0|NA|NA|NA|NA|NA|0|0|0|0|NA|0
"220510212001"|0|1|1|0|0|0|0|1|1|1|0|0|1|0|0|13320|13320|10800|10800|NA|10|1|10|748600|74860|0
"220510218041"|0|1|0|0|0|0|0|1|1|1|1|0|1|0|0|NA|NA|NA|NA|NA|33|4|60|2971058|49517.6333333333|0
"220510242021"|0|2|0|0|0|0|0|2|2|0|0|2|2|0|0|NA|NA|NA|NA|NA|0|0|0|0|NA|0
"220510242022"|0|2|0|0|0|0|0|2|2|0|0|2|2|0|0|NA|NA|NA|NA|NA|0|0|0|0|NA|0
"220510243002"|0|2|0|0|0|0|0|2|2|0|0|2|2|0|0|NA|NA|NA|NA|NA|0|0|0|0|NA|0
"220510243003"|0|2|0|0|0|0|0|2|2|0|0|2|2|0|0|NA|NA|NA|NA|NA|0|0|0|0|NA|0
"220510247001"|0|1|0|0|0|0|0|1|1|1|0|0|1|0|0|18900|18900|NA|NA|NA|13|1|10|809132|80913.2|0
"220510250032"|0|1|0|0|0|0|0|1|1|0|0|1|1|0|0|NA|NA|NA|NA|NA|0|0|0|0|NA|0
"220510281001"|0|1|0|0|0|0|0|1|1|0|0|1|1|0|0|NA|NA|NA|NA|NA|0|0|0|0|NA|0
"220510281002"|0|1|0|0|0|0|0|1|1|0|0|1|1|0|0|NA|NA|NA|NA|NA|0|0|0|0|NA|0
"220550006023"|0|1|0|0|0|0|0|1|1|1|1|0|1|0|0|21506|21506|NA|NA|NA|7|2|6|364500|60750|0
"220550006042"|0|1|0|0|0|0|0|1|1|1|1|0|0|1|0|3335|6940|NA|NA|NA|257|38|310|15246002|49180.6516129032|0
"220550014061"|0|1|0|0|0|0|0|1|1|1|1|0|1|0|0|15837|15837|NA|NA|NA|11|1|44|1327394|30168.0454545455|0
"220550014062"|0|1|0|0|0|0|0|1|1|0|0|1|1|0|0|NA|NA|NA|NA|NA|0|0|0|0|NA|0
"220550014111"|0|1|0|0|0|0|0|1|1|0|0|1|1|0|0|NA|NA|NA|NA|NA|0|0|0|0|NA|0
"220550015001"|0|1|0|0|0|0|0|1|1|0|0|1|1|0|0|NA|NA|NA|NA|NA|0|0|0|0|NA|0
"220550018011"|0|2|0|0|0|0|0|2|2|0|0|2|2|0|0|NA|NA|NA|NA|NA|0|0|0|0|NA|0
"220550018012"|0|2|0|0|0|0|0|2|2|0|0|2|2|0|0|NA|NA|NA|NA|NA|0|0|0|0|NA|0
"220550018021"|0|1|0|0|0|0|0|1|1|0|0|1|1|0|0|NA|NA|NA|NA|NA|0|0|0|0|NA|0
"220550022001"|0|1|1|0|0|0|0|1|1|1|0|0|0|0|1|5407|19135|5511|19239|10708|1378|400|1294|97965602|75707.5749613601|0
"220570220001"|0|1|1|0|0|0|0|1|1|1|0|0|0|1|0|4922|6015|5686|6779|10038|401|182|514|29850548|58074.9961089494|0
"220619603002"|0|1|1|1|0|0|0|1|1|1|0|0|0|1|0|5140|5140|5110|5110|10990|353|149|386|23439624|60724.414507772|0
"220619603005"|0|1|1|1|0|0|0|1|1|1|0|0|0|1|0|5140|5140|5110|5110|10990|353|149|386|23439624|60724.414507772|0
"220619610001"|0|1|1|0|0|0|0|1|1|1|0|0|0|0|1|6400|13141|6592|13333|7155|627|211|792|57828230|73015.4419191919|0
"220619610003"|0|1|1|0|0|0|0|1|1|1|0|0|0|0|1|6400|13141|6592|13333|7155|627|211|792|57828230|73015.4419191919|0
"220619610004"|0|1|1|0|0|0|0|1|1|1|0|0|0|0|1|6400|13141|6592|13333|7155|627|211|792|57828230|73015.4419191919|0
"220630406005"|0|1|0|0|0|0|0|1|1|0|0|1|1|0|0|NA|NA|NA|NA|NA|0|0|0|0|NA|0
"220690007004"|0|1|1|0|0|0|0|1|1|1|0|0|0|0|1|5180|15968|5738|16526|9569|480|134|644|38897358|60399.6242236025|0
"220690007005"|0|1|1|0|0|0|0|1|1|1|0|0|0|0|1|5180|15968|5738|16526|9569|480|134|644|38897358|60399.6242236025|0
"220710001002"|0|1|0|0|0|0|0|1|1|0|0|1|1|0|0|NA|NA|NA|NA|NA|0|0|0|0|NA|0
"220710001003"|0|1|0|0|0|0|0|1|1|0|0|1|1|0|0|NA|NA|NA|NA|NA|0|0|0|0|NA|0
"220710002002"|0|1|0|0|0|0|0|1|1|0|0|1|1|0|0|NA|NA|NA|NA|NA|0|0|0|0|NA|0
"220710006162"|0|1|1|0|0|0|0|1|1|1|0|0|0|1|0|12960|12960|12240|12240|10749|69|19|138|9014576|65323.0144927536|0
"220710017013"|0|1|1|1|0|0|0|1|1|1|0|0|0|1|0|4483|13384|6024|12965|9040|194|76|146|8013992|54890.3561643836|0
"220710017024"|0|1|1|0|0|0|0|1|0|1|0|0|0|1|0|8460|8460|6165|6165|5975|109|49|104|7731712|74343.3846153846|0
"220710033081"|0|1|0|0|0|0|0|1|1|0|0|1|1|0|0|NA|NA|NA|NA|NA|0|0|0|0|NA|0
"220710033082"|0|1|0|0|0|0|0|1|1|0|0|1|1|0|0|NA|NA|NA|NA|NA|0|0|0|0|NA|0
"220710033086"|0|1|0|1|0|0|0|1|1|1|0|0|0|1|0|17410|17410|NA|NA|10218|228|37|142|8271376|58249.1267605634|0
"220710050002"|0|1|0|0|0|0|0|1|1|0|0|1|1|0|0|NA|NA|NA|NA|NA|0|0|0|0|NA|0
"220710055002"|0|1|0|0|0|0|0|1|1|1|1|0|0|0|1|3335|7624|NA|NA|NA|386|71|664|32628960|49140|0
"220710060001"|0|1|1|0|0|1|0|1|1|1|0|0|0|1|0|7020|15495|11835|24108|NA|840|99|382|38736262|101403.827225131|0
"220710070001"|0|1|2|1|0|0|0|2|2|2|0|0|1|1|0|NA|NA|NA|NA|NA|482|167|470|39936320|195083.21888412|0
"220710076042"|0|1|0|0|0|0|0|1|1|1|1|0|0|0|1|3335|7624|NA|NA|NA|386|71|664|32628960|49140|0
"220710120002"|0|1|1|0|0|0|0|1|1|1|0|0|0|1|0|38926|38926|14724|14724|12936|403|169|466|36330314|77962.0472103004|0
"220710121021"|0|1|1|0|1|1|0|1|1|1|0|0|0|0|1|52760|52760|54918|54918|15774|2322|565|1612|185852456|115293.086848635|0
"220710121022"|0|1|1|0|0|0|0|1|1|1|0|0|0|1|0|38926|38926|14724|14724|12936|403|169|466|36330314|77962.0472103004|0
"220710121023"|0|1|1|0|0|0|0|1|1|1|0|0|0|1|0|38926|38926|14724|14724|12936|403|169|466|36330314|77962.0472103004|0
"220710133021"|0|1|1|0|0|0|0|1|1|1|0|0|0|1|0|6090|10926|6090|10660|9304|800|69|562|39939258|71066.2953736655|0
"220730004021"|0|1|1|0|0|0|0|1|1|1|0|0|0|1|0|5788|17888|6490|18590|7855|506|223|642|45329674|70606.968847352|0
"220730017001"|0|1|0|0|0|0|0|1|1|1|1|0|1|0|0|NA|NA|NA|NA|NA|18|1|12|479698|39974.8333333333|0
"220730017003"|0|1|0|0|0|0|0|1|1|0|0|1|1|0|0|NA|NA|NA|NA|NA|0|0|0|0|NA|0
"220730055003"|0|1|0|0|0|0|0|1|1|0|0|1|1|0|0|NA|NA|NA|NA|NA|0|0|0|0|NA|0
"220730106031"|0|1|0|0|0|0|0|1|1|1|1|0|0|1|0|3214|3453|NA|NA|NA|113|6|182|7506450|41244.2307692308|0
"220730108002"|0|2|0|0|0|0|0|2|2|0|0|2|2|0|0|NA|NA|NA|NA|NA|0|0|0|0|NA|0
"220730109003"|0|1|0|0|0|0|0|1|1|0|0|1|1|0|0|NA|NA|NA|NA|NA|0|0|0|0|NA|0
"220730111002"|0|1|0|0|0|0|0|1|1|0|0|1|1|0|0|NA|NA|NA|NA|NA|0|0|0|0|NA|0
"220730111003"|0|1|0|0|0|0|0|1|1|0|0|1|1|0|0|NA|NA|NA|NA|NA|0|0|0|0|NA|0
"220790117001"|0|2|1|0|0|0|0|2|2|1|0|1|1|1|0|NA|NA|NA|NA|NA|84|53|146|7880112|NA|0
"220790124001"|0|1|0|0|0|0|0|1|1|1|1|0|1|0|0|NA|NA|NA|NA|NA|10|2|22|791088|35958.5454545455|0
"220790125001"|0|1|0|0|0|0|0|1|1|0|0|1|1|0|0|NA|NA|NA|NA|NA|0|0|0|0|NA|0
"220790125003"|0|1|0|0|0|0|0|1|1|1|0|0|0|1|0|4984|4984|NA|NA|7950|140|59|170|9290418|54649.5176470588|0
"220790126001"|0|1|0|0|0|0|0|1|1|1|1|0|1|0|0|NA|NA|NA|NA|NA|10|2|22|791088|35958.5454545455|0
"220790133001"|0|1|0|0|0|0|0|1|1|1|0|0|0|1|0|4984|4984|NA|NA|7950|140|59|170|9290418|54649.5176470588|0
"220790133004"|0|1|0|0|0|0|0|1|1|1|0|0|0|1|0|4984|4984|NA|NA|7950|140|59|170|9290418|54649.5176470588|0
"220790139002"|0|1|0|0|0|0|0|1|1|1|1|0|0|1|0|3335|3335|NA|NA|NA|53|0|154|7247738|47063.2337662338|0
"220870308001"|0|1|0|0|0|0|0|1|1|1|1|0|0|1|0|3335|6834|NA|NA|NA|60|11|76|3290890|43301.1842105263|0
"220979609001"|0|1|0|0|0|0|0|1|1|0|0|1|1|0|0|NA|NA|NA|NA|NA|0|0|0|0|NA|0
"220979614004"|0|1|0|0|0|0|0|1|1|0|0|1|1|0|0|NA|NA|NA|NA|NA|0|0|0|0|NA|0
"220979614005"|0|1|0|0|0|0|0|1|1|0|0|1|1|0|0|NA|NA|NA|NA|NA|0|0|0|0|NA|0
"221010403001"|0|1|0|0|0|0|0|1|0|0|0|0|0|0|0|NA|NA|NA|NA|NA|0|0|0|0|NA|0
"221030402022"|0|1|0|0|0|0|0|1|1|1|0|0|1|0|0|16900|16900|NA|NA|15150|34|6|56|2131000|38053.5714285714|0
"221030405011"|0|1|0|0|0|0|0|1|1|0|0|1|0|1|0|NA|NA|NA|NA|NA|0|0|0|0|NA|0
"221030406052"|0|1|0|0|0|0|0|1|1|0|0|1|1|0|0|NA|NA|NA|NA|NA|0|0|0|0|NA|0
"221030406053"|0|1|0|0|0|0|0|1|1|0|0|1|1|0|0|NA|NA|NA|NA|NA|0|0|0|0|NA|0
"221030407012"|0|1|0|0|0|0|0|1|1|1|1|0|0|1|0|3214|3214|NA|NA|NA|92|19|174|7684952|44166.3908045977|0
"221030407013"|0|1|0|0|0|0|0|1|1|1|1|0|0|1|0|3214|3214|NA|NA|NA|92|19|174|7684952|44166.3908045977|0
"221030407043"|0|1|0|0|0|0|0|1|1|1|1|0|0|1|0|3214|3214|NA|NA|NA|92|19|174|7684952|44166.3908045977|0
"221030408021"|0|1|0|0|0|0|0|1|1|0|0|1|1|0|0|NA|NA|NA|NA|NA|0|0|0|0|NA|0
"221030411023"|0|1|0|0|0|0|0|1|1|0|0|1|1|0|0|NA|NA|NA|NA|NA|0|0|0|0|NA|0
"221030411031"|0|1|0|0|0|0|0|1|1|0|0|1|1|0|0|NA|NA|NA|NA|NA|0|0|0|0|NA|0
"221030411032"|0|1|0|0|0|0|0|1|1|0|0|1|1|0|0|NA|NA|NA|NA|NA|0|0|0|0|NA|0
"221030411041"|0|1|0|0|0|0|0|1|1|0|0|1|1|0|0|NA|NA|NA|NA|NA|0|0|0|0|NA|0
"221059542001"|0|1|1|0|0|0|0|1|1|1|0|0|0|0|1|5777|18255|6684|19162|8830|740|295|1014|62141848|61283.8737672584|0
"221059545012"|0|1|0|0|0|0|0|1|1|0|0|1|1|0|0|NA|NA|NA|NA|NA|0|0|0|0|NA|0
"221090001014"|0|1|0|0|0|0|0|1|1|1|1|0|0|1|0|3335|6858|NA|NA|NA|56|7|112|4846902|43275.9107142857|0
"221090002021"|0|1|0|0|0|0|0|1|1|0|0|1|1|0|0|NA|NA|NA|NA|NA|0|0|0|0|NA|0
"221090003001"|0|1|0|0|0|0|0|1|1|0|0|1|1|0|0|NA|NA|NA|NA|NA|0|0|0|0|NA|0
"221090003002"|0|1|0|0|0|0|0|1|1|0|0|1|1|0|0|NA|NA|NA|NA|NA|0|0|0|0|NA|0
"221090003003"|0|1|0|0|0|0|0|1|1|0|0|1|1|0|0|NA|NA|NA|NA|NA|0|0|0|0|NA|0
"221090007001"|0|1|0|0|0|0|0|1|1|0|0|1|1|0|0|NA|NA|NA|NA|NA|0|0|0|0|NA|0
"221090007002"|0|1|0|0|0|0|0|1|1|0|0|1|1|0|0|NA|NA|NA|NA|NA|0|0|0|0|NA|0
"221090009001"|0|1|0|0|0|0|0|1|1|0|0|1|1|0|0|NA|NA|NA|NA|NA|0|0|0|0|NA|0
"221090009002"|0|1|0|0|0|0|0|1|1|0|0|1|1|0|0|NA|NA|NA|NA|NA|0|0|0|0|NA|0
"221090009004"|0|1|0|0|0|0|0|1|1|0|0|1|1|0|0|NA|NA|NA|NA|NA|0|0|0|0|NA|0
"221090017001"|0|1|0|0|0|0|0|1|1|1|1|0|0|1|0|3335|6858|NA|NA|NA|56|7|112|4846902|43275.9107142857|0
"221090017003"|0|1|0|0|0|0|0|1|1|0|0|1|1|0|0|NA|NA|NA|NA|NA|0|0|0|0|NA|0
"221190320002"|0|1|0|0|0|0|0|1|1|1|1|0|0|1|0|2081|2081|NA|NA|NA|31|3|68|3016168|44355.4117647059|0
"230010102002"|0|1|0|0|0|0|0|1|1|1|1|0|0|1|0|2820|5640|NA|NA|9340|66|12|106|5859452|55277.8490566038|0
"230010102003"|0|1|0|0|0|0|0|1|1|1|1|0|0|1|0|2820|5640|NA|NA|9340|66|12|106|5859452|55277.8490566038|0
"230010201001"|0|2|1|0|0|0|0|2|1|1|0|0|1|0|0|NA|NA|NA|NA|NA|11|1|20|1312936|NA|0
"230010202001"|0|1|0|0|0|0|0|1|1|1|0|0|1|0|0|12290|12290|NA|NA|5100|11|1|20|1312936|65646.8|0
"230010202002"|0|1|0|0|0|0|0|1|1|1|0|0|1|0|0|12290|12290|NA|NA|5100|11|1|20|1312936|65646.8|0
"230010203001"|0|1|0|0|0|0|0|1|1|1|0|0|0|1|0|55683|55683|NA|NA|15705|554|119|340|35178070|103464.911764706|0
"230010203002"|0|1|0|0|0|0|0|1|1|1|0|0|1|0|0|12290|12290|NA|NA|5100|11|1|20|1312936|65646.8|0
"230010204002"|0|1|1|0|0|0|0|1|0|0|0|0|0|0|0|NA|NA|NA|NA|NA|0|0|0|0|NA|0
"230010205003"|0|1|1|0|0|0|0|1|0|0|0|0|0|0|0|NA|NA|NA|NA|NA|0|0|0|0|NA|0
"230010415001"|0|1|0|0|0|0|0|1|1|1|1|0|0|1|0|2820|5640|NA|NA|9340|66|12|106|5859452|55277.8490566038|0
"230039506001"|0|1|0|0|0|0|0|1|1|1|0|0|0|1|0|7170|11460|NA|NA|8450|79|25|64|3991050|62360.15625|0
"230039519001"|0|1|0|0|0|0|0|1|1|1|0|0|0|1|0|7170|11460|NA|NA|8496|105|50|66|4552240|68973.3333333333|0
"230039520001"|0|2|0|0|0|0|0|2|2|2|1|0|1|1|0|9990|17100|NA|NA|16314|151|59|140|8772160|125999.279279279|0
"230039520002"|0|1|0|0|0|0|0|1|1|1|0|0|0|1|0|7170|11460|NA|NA|8496|105|50|66|4552240|68973.3333333333|0
"230050003001"|0|1|2|0|0|0|0|2|2|2|0|0|2|0|0|NA|NA|72194|72194|NA|64|18|50|2893126|165891.375|0
"230050003002"|0|1|1|0|0|0|0|1|1|1|0|0|1|0|0|35694|35694|35694|35694|12770|61|17|48|2672706|55681.375|0
"230050005001"|0|1|0|0|0|0|0|1|1|0|0|1|1|0|0|NA|NA|NA|NA|NA|0|0|0|0|NA|0
"230050010002"|0|0|1|0|0|0|0|1|1|1|0|0|1|0|0|NA|NA|36500|36500|NA|3|1|2|220420|110210|0
"230050015001"|0|1|1|0|0|0|0|1|1|1|0|0|0|1|0|7868|20692|7578|20538|9956|738|235|578|46167350|79874.3079584775|0
"230050015002"|0|1|1|0|0|0|0|1|1|1|0|0|0|1|0|7868|20692|7578|20538|9956|738|235|578|46167350|79874.3079584775|0
"230050028001"|0|1|0|0|0|0|0|1|1|0|0|1|1|0|0|NA|NA|NA|NA|NA|0|0|0|0|NA|0
"230050035002"|0|1|0|0|0|0|0|1|1|1|1|0|0|1|0|2820|5640|NA|NA|9488|146|35|194|12111336|62429.5670103093|0
"230050111004"|0|1|0|0|0|0|0|1|1|1|0|0|0|1|0|55822|55822|NA|NA|15360|680|158|444|49216306|110847.536036036|0
"230050112021"|0|1|0|0|0|0|0|1|1|1|0|0|0|1|0|55822|55822|NA|NA|15360|680|158|444|49216306|110847.536036036|0
"230050112022"|0|1|0|0|0|0|0|1|1|1|0|0|0|1|0|55822|55822|NA|NA|15360|680|158|444|49216306|110847.536036036|0
"230050160004"|0|1|0|0|0|0|0|1|1|0|0|1|1|0|0|13600|13600|NA|NA|NA|0|0|0|0|NA|0
"230050170021"|0|1|1|0|0|0|0|1|1|1|0|0|0|1|0|36720|36720|9470|9470|14090|188|53|156|9273336|59444.4615384615|0
"230050173011"|0|1|0|0|0|0|0|1|1|0|0|1|1|0|0|NA|NA|NA|NA|NA|0|0|0|0|NA|0
"230050173032"|0|1|0|0|0|0|0|1|1|0|0|1|1|0|0|NA|NA|NA|NA|NA|0|0|0|0|NA|0
"230079712005"|0|1|1|0|0|0|0|1|1|1|0|0|0|1|0|8429|18599|NA|NA|9902|192|70|234|15371214|65688.9487179487|0
"230099659003"|0|1|1|0|0|0|0|1|1|1|0|0|1|0|0|42993|42993|28665|28665|9747|62|27|52|4608100|88617.3076923077|0
"230099664002"|0|1|1|0|0|0|0|1|1|1|0|0|0|1|0|10764|24792|7200|7200|10516|165|51|156|269328|1726.46153846154|0
"230110102001"|0|2|1|0|0|0|0|2|1|1|0|0|0|1|0|NA|NA|NA|NA|NA|201|83|188|12420196|NA|0
"230110102002"|0|2|1|0|0|0|0|2|1|1|0|0|0|1|0|NA|NA|NA|NA|NA|201|83|188|12420196|NA|0
"230110103001"|0|1|0|0|0|0|0|1|1|0|0|1|1|0|0|NA|NA|NA|NA|NA|0|0|0|0|NA|0
"230110242001"|0|1|0|0|0|0|0|1|1|1|0|0|0|1|0|54870|54870|NA|NA|14720|515|158|468|48374530|103364.38034188|0
"230110242005"|0|1|1|0|0|0|0|1|1|1|0|0|0|1|0|26740|26740|26740|26740|11420|106|25|70|4370332|62433.3142857143|0
"230139705002"|0|1|1|0|0|0|0|1|1|1|0|0|1|0|0|NA|NA|NA|NA|NA|20|2|2|109898|54949|0
"230190003001"|0|1|0|0|0|0|0|1|1|1|1|0|0|1|0|2820|5641|NA|NA|8134|72|14|122|7356728|60301.0491803279|0
"230190007001"|0|1|0|0|0|0|0|1|1|1|0|0|1|0|0|NA|NA|NA|NA|NA|17|4|86|2283120|26547.9069767442|0
"230190009001"|0|1|0|0|0|0|0|1|1|1|0|0|1|0|0|NA|NA|NA|NA|NA|17|4|86|2283120|26547.9069767442|0
"230190063001"|0|1|1|0|0|0|0|1|1|0|0|0|0|0|0|NA|NA|NA|NA|NA|400|72|0|0|NA|0
"230190063002"|0|1|1|0|0|0|0|1|1|1|0|0|0|0|1|9000|29310|8100|26388|10966|1690|412|1082|97395638|90014.4528650647|0
"230190311003"|0|1|1|0|0|0|0|1|1|1|0|0|0|1|0|17770|17770|15990|15990|10223|246|46|264|18578534|70373.2348484848|0
"230259668003"|0|1|0|0|0|0|0|1|1|1|1|0|0|1|0|2820|5640|NA|NA|NA|56|14|84|4815876|57331.8571428571|0
"230270460023"|0|1|1|0|0|0|0|1|1|1|0|0|1|0|0|28800|28800|26100|26100|11030|172|26|90|4661278|51791.9777777778|0
"230299555003"|0|1|0|0|0|0|0|1|1|1|1|0|1|0|0|2820|5640|NA|NA|5340|39|7|46|2611366|56768.8260869565|0
"230299562003"|0|1|0|0|0|0|0|1|1|1|0|0|1|0|0|7170|14250|NA|NA|9180|40|14|54|3352994|62092.4814814815|0
"230310254002"|0|1|1|0|1|1|0|1|1|1|0|0|0|1|0|37390|37390|23498|23498|14410|694|165|504|44558956|88410.626984127|0
"230310260001"|0|1|0|0|0|0|0|1|1|1|1|0|1|0|0|23500|23500|NA|NA|NA|7|4|14|889154|63511|0
"230310302022"|0|1|0|0|0|0|0|1|1|0|0|1|1|0|0|NA|NA|NA|NA|NA|0|0|0|0|NA|0
"230310302023"|0|1|0|0|0|0|0|1|1|0|0|1|1|0|0|NA|NA|NA|NA|NA|0|0|0|0|NA|0
"230310302025"|0|1|0|0|0|0|0|1|1|0|0|1|1|0|0|NA|NA|NA|NA|NA|0|0|0|0|NA|0
"230310340017"|0|1|0|0|0|0|0|1|1|1|1|0|0|1|0|2820|5640|NA|NA|NA|39|5|34|2002354|58892.7647058823|0
"240010004002"|0|1|0|0|0|0|0|1|1|1|1|0|0|1|0|7200|9120|NA|NA|10800|185|51|190|11041150|58111.3157894737|0
"240010005002"|0|1|0|0|0|0|0|1|1|1|1|0|0|1|0|7200|9120|NA|NA|10800|185|51|190|11041150|58111.3157894737|0
"240010018003"|0|1|1|0|0|0|0|1|1|1|0|0|0|1|0|6700|20800|7866|10080|10682|472|148|476|36106420|75853.8235294118|0
"240037024022"|0|1|0|0|0|0|0|1|1|0|0|1|1|0|0|NA|NA|NA|NA|NA|0|0|0|0|NA|0
"240037024023"|0|1|0|0|0|0|0|1|1|0|0|1|1|0|0|NA|NA|NA|NA|NA|0|0|0|0|NA|0
"240037061012"|0|2|1|0|1|0|0|2|2|2|0|0|1|1|0|NA|NA|NA|NA|NA|673|121|762|90172786|209846.068226121|0
"240037067001"|0|1|0|0|1|0|0|1|1|1|0|0|0|1|0|NA|NA|NA|NA|NA|566|107|648|80393664|124064.296296296|0
"240037311031"|0|1|0|0|0|0|0|1|1|1|1|0|0|0|1|6930|11850|NA|NA|NA|623|198|528|39951726|75666.1477272727|0
"240037401022"|0|1|0|0|0|0|0|1|1|0|0|1|1|0|0|NA|NA|NA|NA|NA|0|0|0|0|NA|0
"240037504001"|0|1|0|0|0|0|0|1|1|0|0|1|1|0|0|NA|NA|NA|NA|NA|0|0|0|0|NA|0
"240037508033"|0|1|0|0|0|0|0|1|1|0|0|1|1|0|0|NA|NA|NA|NA|NA|0|0|0|0|NA|0
"240037508035"|0|1|0|0|0|0|0|1|1|0|0|1|1|0|0|NA|NA|NA|NA|NA|0|0|0|0|NA|0
"240037508041"|0|1|0|0|0|0|0|1|1|0|0|1|1|0|0|NA|NA|NA|NA|NA|0|0|0|0|NA|0
"240037512001"|0|1|0|0|0|0|0|1|1|0|0|1|1|0|0|NA|NA|NA|NA|NA|0|0|0|0|NA|0
"240037512003"|0|1|0|0|0|0|0|1|1|0|0|1|1|0|0|NA|NA|NA|NA|NA|0|0|0|0|NA|0
"240037515001"|0|1|0|0|0|0|0|1|1|0|0|1|1|0|0|NA|NA|NA|NA|NA|0|0|0|0|NA|0
"240039800001"|0|1|0|0|0|0|0|1|1|0|0|1|1|0|0|NA|NA|NA|NA|NA|0|0|0|0|NA|0
"240054015071"|0|1|0|0|0|0|0|1|1|0|0|1|1|0|0|NA|NA|NA|NA|NA|0|0|0|0|NA|0
"240054036022"|0|1|0|0|0|0|0|1|1|1|0|0|1|0|0|13000|13000|NA|NA|5150|7|0|10|481100|48110|0
"240054037021"|0|1|1|0|0|0|0|1|1|1|0|0|1|0|0|12900|12900|12900|12900|6600|40|5|24|2063258|85969.0833333333|0
"240054037022"|0|1|0|0|0|0|0|1|1|0|0|1|1|0|0|NA|NA|NA|NA|NA|0|0|0|0|NA|0
"240054038011"|0|1|1|0|0|0|0|1|1|1|0|0|0|1|0|34528|34528|8040|8040|13624|269|71|254|19203108|75602.7874015748|0
"240054084001"|0|1|0|0|0|0|0|1|1|0|0|1|1|0|0|14400|14400|NA|NA|NA|0|0|0|0|NA|0
"240054085052"|0|1|0|0|0|0|0|1|1|0|0|1|1|0|0|NA|NA|NA|NA|NA|0|0|0|0|NA|0
"240054407012"|0|1|0|0|0|0|0|1|1|1|1|0|0|0|1|5640|8568|NA|NA|NA|867|328|820|67398180|82192.9024390244|0
"240054501002"|0|1|0|0|0|0|0|1|1|0|0|1|1|0|0|NA|NA|NA|NA|NA|0|0|0|0|NA|0
"240054523002"|0|1|0|0|0|0|0|1|1|0|0|1|1|0|0|NA|NA|NA|NA|NA|0|0|0|0|NA|0
"240054903011"|0|1|0|0|0|0|0|1|1|0|0|1|1|0|0|NA|NA|NA|NA|NA|0|0|0|0|NA|0
"240054903022"|0|1|1|0|0|0|0|1|1|1|0|0|0|1|0|44324|44324|9720|9720|14900|287|83|228|16423648|72033.5438596491|0
"240054906052"|0|1|1|0|0|0|0|1|1|1|0|0|0|0|1|6962|21098|7902|16344|12846|1454|390|1860|141986242|76336.6892473118|0
"240054925001"|0|1|1|0|0|0|0|1|1|1|0|0|0|0|1|8704|24338|11862|20376|12350|1551|274|1112|112051032|100765.316546763|0
"240135075003"|0|1|1|0|0|0|0|1|1|1|0|0|0|1|0|44540|44540|9180|9180|11772|251|110|256|16838340|65774.765625|0
"240135077021"|0|1|1|0|0|0|0|1|1|1|0|0|0|1|0|44540|44540|9180|9180|11772|251|110|256|16838340|65774.765625|0
"240135078022"|0|1|0|0|0|0|0|1|1|1|1|0|0|1|0|5016|6648|NA|NA|NA|196|69|156|9687024|62096.3076923077|0
"240135078024"|0|1|0|0|0|0|0|1|1|1|1|0|0|1|0|5016|6648|NA|NA|NA|196|69|156|9687024|62096.3076923077|0
"240150309052"|0|1|0|0|0|0|0|1|1|1|1|0|0|1|0|6960|8490|NA|NA|NA|138|80|108|7410580|68616.4814814815|0
"240178506003"|0|1|0|0|0|0|0|1|1|1|1|0|0|1|0|5496|7056|NA|NA|NA|331|63|240|20272484|84468.6833333333|0
"240217502001"|0|1|0|0|0|0|0|1|1|0|0|1|1|0|0|NA|NA|NA|NA|NA|0|0|0|0|NA|0
"240217506001"|0|1|1|0|0|0|0|1|1|1|0|0|0|1|0|40460|40460|8820|8820|12880|149|60|202|14215858|70375.5346534654|0
"240217508031"|0|1|0|0|0|0|0|1|0|0|0|0|0|0|0|NA|NA|NA|NA|NA|0|0|0|0|NA|0
"240217512012"|0|1|0|0|0|0|0|1|1|1|1|0|0|1|0|6552|8880|NA|NA|NA|310|102|204|14803708|72567.1960784314|0
"240217651002"|0|1|0|0|0|0|0|1|0|0|0|0|0|0|0|NA|NA|NA|NA|NA|0|0|0|0|NA|0
"240217668003"|0|1|1|0|0|0|0|1|1|1|0|0|0|1|0|41170|41170|13209|13209|13330|262|123|262|19210224|73321.465648855|0
"240230005002"|0|1|0|0|0|0|0|1|1|1|1|0|1|0|0|7168|8792|NA|NA|9338|106|41|42|2755218|65600.4285714286|0
"240253031021"|0|1|0|0|0|0|0|1|1|1|1|0|0|1|0|5427|7664|NA|NA|NA|252|60|206|13176280|63962.5242718447|0
"240253038011"|0|1|0|0|0|0|0|1|1|0|0|1|1|0|0|NA|NA|NA|NA|NA|0|0|0|0|NA|0
"240276051022"|0|0|1|0|0|0|0|1|1|1|0|0|1|0|0|NA|NA|21105|21105|NA|58|6|22|1436240|65283.6363636364|0
"240276056021"|0|1|0|0|0|0|0|1|1|1|1|0|0|1|0|6318|7668|NA|NA|NA|455|122|402|32760626|81494.0945273632|0
"240276067072"|0|1|0|0|0|0|0|1|1|1|1|0|1|0|0|NA|NA|NA|NA|NA|42|13|64|3598176|56221.5|0
"240276069012"|0|1|0|0|0|0|0|1|1|0|0|1|1|0|0|NA|NA|NA|NA|NA|0|0|0|0|NA|0
"240299503002"|0|1|0|0|0|0|0|1|1|1|0|0|0|1|0|47724|47724|NA|NA|12722|293|76|222|15859748|71440.3063063063|0
"240299503003"|0|1|0|0|0|0|0|1|1|1|0|0|0|1|0|47724|47724|NA|NA|12722|293|76|222|15859748|71440.3063063063|0
"240299503004"|0|1|0|0|0|0|0|1|1|1|0|0|0|1|0|47724|47724|NA|NA|12722|293|76|222|15859748|71440.3063063063|0
"240317009021"|0|1|0|0|0|0|0|1|1|1|1|0|0|0|1|8070|11220|NA|NA|NA|1338|232|934|85195434|91215.6680942184|0
"240317010043"|0|1|0|0|0|0|0|1|1|1|1|0|0|0|1|8070|11220|NA|NA|NA|1338|232|934|85195434|91215.6680942184|0
"240317012111"|0|1|0|0|0|0|0|1|1|1|1|0|0|0|1|8070|11220|NA|NA|NA|1338|232|934|85195434|91215.6680942184|0
"240317012191"|0|2|0|0|0|0|0|2|2|0|0|2|2|0|0|NA|NA|NA|NA|NA|0|0|0|0|NA|0
"240317017021"|0|1|1|0|0|0|0|1|1|1|0|0|0|1|0|23000|23000|11250|11250|9616|97|26|86|5813674|67600.8604651163|0
"240317023012"|0|1|0|0|0|0|0|1|1|0|0|1|1|0|0|NA|NA|NA|NA|NA|0|0|0|0|NA|0
"240317032091"|0|1|0|0|0|0|0|1|1|1|0|0|1|0|0|10200|10200|NA|NA|10400|0|0|12|823900|68658.3333333333|0
"240317032092"|0|1|0|0|0|0|0|1|1|1|0|0|1|0|0|10200|10200|NA|NA|10400|0|0|12|823900|68658.3333333333|0
"240317032093"|0|1|0|0|0|0|0|1|1|1|0|0|1|0|0|10200|10200|NA|NA|10400|0|0|12|823900|68658.3333333333|0
"240317034014"|0|1|0|0|0|0|0|1|1|0|0|1|1|0|0|NA|NA|NA|NA|NA|0|0|0|0|NA|0
"240317048061"|0|1|1|0|0|0|0|1|1|1|0|0|1|0|0|22000|22000|NA|NA|NA|20|0|0|0|NA|0
"240338002083"|0|1|1|0|0|0|0|1|1|1|0|0|1|0|0|25324|25324|11124|11124|12754|46|10|28|2049354|73191.2142857143|0
"240338004011"|0|1|1|1|0|0|0|1|1|1|0|0|0|1|0|5647|16338|7614|12762|11476|424|145|442|35304312|79874.0090497738|0
"240338004031"|0|1|1|1|0|0|0|1|1|1|0|0|0|1|0|5647|16338|7614|12762|11476|424|145|442|35304312|79874.0090497738|0
"240338004102"|0|1|1|1|0|0|0|1|1|1|0|0|0|1|0|5647|16338|7614|12762|11476|424|145|442|35304312|79874.0090497738|0
"240338018021"|0|1|0|0|0|0|0|1|1|0|0|1|1|0|0|NA|NA|NA|NA|NA|0|0|0|0|NA|0
"240338019052"|0|1|1|0|0|0|0|1|1|1|0|0|0|1|0|13320|13320|14940|14940|NA|45|0|10|752854|75285.4|0
"240338025011"|0|1|1|0|0|0|0|1|1|1|0|0|1|0|0|5280|5280|5586|5586|NA|4|1|26|1311780|50453.0769230769|0
"240338035082"|0|2|0|0|0|0|0|2|2|2|2|0|2|0|0|28403|28403|NA|NA|NA|22|3|40|2535620|NA|0
"240338035133"|0|1|0|0|0|0|0|1|1|1|1|0|0|0|1|4848|7296|NA|NA|NA|578|149|466|37401320|80260.3433476395|0
"240338035141"|0|1|1|0|0|0|0|1|1|1|0|0|0|0|1|7200|11976|8640|11862|NA|1325|368|418|37987062|90878.1387559809|0
"240338036022"|0|2|0|0|0|0|0|2|2|2|2|0|2|0|0|28403|28403|NA|NA|NA|22|3|40|2535620|NA|0
"240338036122"|0|1|0|0|0|0|0|1|1|0|0|1|1|0|0|NA|NA|NA|NA|NA|0|0|0|0|NA|0
"240338070004"|0|1|2|0|0|1|0|2|2|1|0|0|0|0|1|NA|NA|NA|NA|NA|9158|865|3740|503648562|NA|0
"240338072001"|0|1|2|0|0|1|0|2|2|1|0|0|0|0|1|NA|NA|NA|NA|NA|9158|865|3740|503648562|NA|0
"240338072002"|0|1|2|0|0|1|0|2|2|1|0|0|0|0|1|NA|NA|NA|NA|NA|9158|865|3740|503648562|NA|0
"240338072003"|0|1|2|0|0|1|0|2|2|1|0|0|0|0|1|NA|NA|NA|NA|NA|9158|865|3740|503648562|NA|0
"240338072004"|0|1|2|0|0|1|0|2|2|1|0|0|0|0|1|NA|NA|NA|NA|NA|9158|865|3740|503648562|NA|0
"240358106002"|0|1|0|0|0|0|0|1|1|1|1|0|0|1|0|4632|6480|NA|NA|NA|167|52|108|7417922|68684.462962963|0
"240378760022"|0|1|0|0|0|0|0|1|1|0|0|1|1|0|0|NA|NA|NA|NA|NA|0|0|0|0|NA|0
"240378762003"|0|1|1|0|0|0|0|1|1|1|0|0|0|1|0|12116|28192|16530|16530|13595|251|91|268|21086996|78682.8208955224|0
"240399301011"|0|1|1|1|0|0|0|1|1|1|0|0|0|1|0|5418|15828|7968|14784|10085|469|144|410|35808418|87337.6048780488|0
"240399303003"|0|1|1|1|0|0|0|1|1|1|0|0|0|1|0|5418|15828|7968|14784|10085|469|144|410|35808418|87337.6048780488|0
"240430002003"|0|1|1|0|0|0|0|1|0|0|0|0|0|0|0|NA|NA|NA|NA|NA|0|0|0|0|NA|0
"240430007001"|0|1|0|0|0|0|0|1|1|0|0|1|1|0|0|NA|NA|NA|NA|NA|0|0|0|0|NA|0
"240430103001"|0|1|1|0|0|0|0|1|0|0|0|0|0|0|0|NA|NA|NA|NA|NA|0|0|0|0|NA|0
"240430112012"|0|1|0|0|0|0|0|1|1|1|1|0|0|1|0|5835|7665|NA|NA|NA|205|68|156|10085810|64652.6282051282|0
"240430112013"|0|1|0|0|0|0|0|1|1|1|1|0|0|1|0|5835|7665|NA|NA|NA|205|68|156|10085810|64652.6282051282|0
"240430112014"|0|1|0|0|0|0|0|1|1|1|1|0|0|1|0|5835|7665|NA|NA|NA|205|68|156|10085810|64652.6282051282|0
"240450104002"|0|1|1|0|0|0|0|1|1|1|0|0|0|1|0|7264|17330|8769|13599|12360|708|202|892|62057092|69570.730941704|0
"240450105022"|0|1|0|0|0|0|0|1|1|0|0|1|1|0|0|NA|NA|NA|NA|NA|0|0|0|0|NA|0
"240450106061"|0|1|0|0|0|0|0|1|1|1|1|0|0|1|0|5784|7248|NA|NA|NA|175|62|142|9428980|66401.2676056338|0
"245100401002"|0|1|0|0|0|0|0|1|1|0|0|1|1|0|0|NA|NA|NA|NA|NA|0|0|0|0|NA|0
"245100402001"|0|1|1|0|1|1|0|1|1|1|0|0|0|1|0|9260|38060|15132|32971|NA|2213|287|884|119563060|135252.330316742|0
"245100904001"|0|1|0|0|0|0|0|1|1|0|0|1|1|0|0|NA|NA|NA|NA|NA|0|0|0|0|NA|0
"245101102001"|0|1|1|0|0|0|0|1|1|1|0|0|0|1|0|7014|19374|13824|20034|NA|429|74|366|40730472|111285.442622951|0
"245101202021"|0|1|1|0|0|1|0|1|1|1|0|0|0|0|1|55350|55350|55350|55350|16310|7034|1455|2968|464052196|156351.818059299|0
"245101401001"|0|1|1|0|0|0|0|1|1|1|0|0|0|1|0|48510|48510|48510|48510|13720|328|68|302|26835050|88857.7814569536|0
"245101504003"|0|1|1|1|0|0|0|1|1|1|0|0|0|1|0|4648|11045|6192|11394|10655|304|98|246|20233746|82251|0
"245101505002"|0|1|0|0|0|0|0|1|1|1|1|0|0|1|0|2640|6720|NA|NA|NA|260|110|212|14827698|69941.9716981132|0
"245102201003"|0|1|1|0|0|0|0|1|1|0|0|0|0|0|0|NA|NA|NA|NA|NA|96|15|0|0|NA|0
"245102606054"|0|1|0|0|0|0|0|1|1|0|0|1|1|0|0|NA|NA|NA|NA|NA|0|0|0|0|NA|0
"245102606056"|0|1|0|0|0|0|0|1|1|0|0|1|1|0|0|NA|NA|NA|NA|NA|0|0|0|0|NA|0
"245102708044"|0|1|1|0|0|0|0|1|1|1|0|0|1|0|0|7992|7992|7110|7110|NA|11|1|10|408000|40800|0
"245102709031"|0|1|1|1|0|0|0|1|1|1|0|0|0|1|0|5477|15950|8190|16092|10114|1072|271|934|82956204|88818.2055674518|0
"245102709032"|0|1|1|1|0|0|0|1|1|1|0|0|0|1|0|5477|15950|8190|16092|10114|1072|271|934|82956204|88818.2055674518|0
"245102711012"|0|2|2|0|0|0|0|2|2|2|0|0|0|2|0|85700|85700|28255|28255|26910|819|246|918|79318880|165324.851328238|0
"245102720061"|0|1|0|0|0|0|0|1|1|1|0|0|1|0|0|9966|9966|NA|NA|NA|2|0|0|0|NA|0
"250010122002"|0|1|0|0|0|0|0|1|1|1|1|0|0|1|0|576|5520|NA|NA|NA|145|53|142|9514904|67006.3661971831|0
"250010137002"|0|1|1|0|0|0|0|1|1|1|0|0|0|1|0|1836|17570|1429|1429|13034|164|27|176|15713690|89282.3295454545|0
"250010137004"|0|1|1|0|0|0|0|1|1|1|0|0|0|1|0|1836|17570|1429|1429|13034|164|27|176|15713690|89282.3295454545|0
"250010139001"|0|1|1|0|0|0|0|1|1|1|0|0|0|1|0|1836|17570|1429|1429|13034|164|27|176|15713690|89282.3295454545|0
"250010139004"|0|2|1|0|0|0|0|2|2|1|0|1|1|1|0|NA|NA|NA|NA|NA|164|27|176|15713690|NA|0
"250039001002"|0|1|0|0|0|0|0|1|1|0|0|1|1|0|0|14833|14833|NA|NA|NA|0|0|0|0|NA|0
"250039001003"|0|1|0|0|0|0|0|1|1|0|0|1|1|0|0|14833|14833|NA|NA|NA|0|0|0|0|NA|0
"250039005002"|0|1|0|0|0|0|0|1|1|1|1|0|0|1|0|624|6240|NA|NA|NA|118|28|94|5934992|63138.2127659574|0
"250039201013"|0|1|1|0|0|0|0|1|1|1|0|0|0|1|0|56970|56970|55948|55948|14990|755|172|624|75092968|120341.294871795|0
"250039213003"|0|1|1|0|0|0|0|1|1|1|0|0|0|1|0|1030|9975|3420|3420|11271|224|49|178|14659710|82357.9213483146|0
"250039213004"|0|1|1|0|0|0|0|1|1|1|0|0|0|1|0|1030|9975|3420|3420|11271|224|49|178|14659710|82357.9213483146|0
"250039214001"|0|1|0|0|0|0|0|1|0|0|0|1|1|0|0|NA|NA|NA|NA|NA|0|0|0|0|NA|0
"250039251002"|0|1|0|0|0|0|0|1|1|1|0|0|1|0|0|55292|55292|NA|NA|15363|101|13|112|7259142|64813.7678571429|0
"250056002023"|0|1|0|0|0|0|0|1|1|0|0|1|1|0|0|NA|NA|NA|NA|NA|0|0|0|0|NA|0
"250056111021"|0|1|0|0|0|0|0|1|1|1|0|0|0|1|0|54118|54118|NA|NA|14096|323|94|270|23227272|86026.9333333333|0
"250056138002"|0|1|0|0|0|0|0|1|1|0|0|1|1|0|0|NA|NA|NA|NA|NA|0|0|0|0|NA|0
"250056322004"|0|1|0|0|0|0|0|1|1|0|0|1|1|0|0|NA|NA|NA|NA|NA|0|0|0|0|NA|0
"250056411011"|0|1|0|0|0|0|0|1|1|0|0|1|1|0|0|NA|NA|NA|NA|NA|0|0|0|0|NA|0
"250056417001"|0|1|0|0|0|0|0|1|1|0|0|1|1|0|0|NA|NA|NA|NA|NA|0|0|0|0|NA|0
"250056417002"|0|1|0|0|0|0|0|1|1|0|0|1|1|0|0|NA|NA|NA|NA|NA|0|0|0|0|NA|0
"250056417003"|0|2|0|0|0|0|0|2|2|1|1|1|1|1|0|NA|NA|NA|NA|NA|262|67|250|16141776|NA|0
"250056425001"|0|1|0|0|0|0|0|1|1|1|1|0|0|1|0|576|5520|NA|NA|NA|262|67|250|16141776|64567.104|0
"250056504001"|0|1|0|0|0|0|0|1|1|0|0|1|1|0|0|NA|NA|NA|NA|NA|0|0|0|0|NA|0
"250059855001"|0|1|1|0|0|0|0|1|1|1|0|0|0|1|0|13833|29578|16390|29578|14647|701|213|790|81162366|102737.172151899|0
"250059856001"|0|1|1|0|0|0|0|1|1|1|0|0|0|1|0|44420|44420|25000|25000|16620|392|102|368|30609202|83177.1793478261|0
"250092041012"|0|1|1|0|0|0|0|1|1|1|0|0|0|1|0|910|7050|2520|4140|14052|499|94|636|59813252|94045.9937106918|0
"250092114011"|0|1|0|0|0|0|0|1|1|1|1|0|0|1|0|600|6168|NA|NA|NA|272|99|242|15289376|63179.2396694215|0
"250092114021"|0|1|0|0|0|0|0|1|1|1|1|0|0|1|0|600|6168|NA|NA|NA|272|99|242|15289376|63179.2396694215|0
"250092151012"|0|0|1|0|0|0|0|1|1|1|0|0|0|1|0|NA|NA|21000|21000|NA|95|32|64|4815252|75238.3125|0
"250092161003"|0|1|1|0|0|0|0|1|1|1|0|0|0|1|0|37000|37000|5850|5850|11250|313|72|172|12522182|72803.3837209302|0
"250092175002"|0|1|0|0|0|0|0|1|1|1|0|0|1|0|0|32850|32850|NA|NA|12500|34|4|34|2186000|64294.1176470588|0
"250092175006"|0|1|0|0|0|0|0|1|1|1|0|0|1|0|0|32850|32850|NA|NA|12500|34|4|34|2186000|64294.1176470588|0
"250092176003"|0|1|1|0|0|0|0|1|1|1|0|0|0|1|0|33304|33304|12555|12555|15661|393|110|224|21399190|95532.0982142857|0
"250092176005"|0|1|1|0|0|0|0|1|1|1|0|0|0|1|0|33304|33304|12555|12555|15661|393|110|224|21399190|95532.0982142857|0
"250092181005"|0|1|1|0|0|0|0|1|1|1|0|0|0|1|0|37000|37000|5850|5850|11250|313|72|172|12522182|72803.3837209302|0
"250092233001"|0|1|0|0|0|0|0|1|1|0|0|1|1|0|0|NA|NA|NA|NA|NA|0|0|0|0|NA|0
"250092532011"|0|1|0|0|0|0|0|1|1|0|0|1|1|0|0|NA|NA|NA|NA|NA|0|0|0|0|NA|0
"250092532022"|0|1|1|0|0|0|0|1|1|1|0|0|0|1|0|40770|40770|29280|29280|16320|421|118|400|36372770|90931.925|0
"250092544021"|0|0|1|0|0|0|0|1|1|1|0|0|1|0|0|NA|NA|NA|NA|NA|12|5|26|3971800|152761.538461538|0
"250092544024"|0|0|1|0|0|0|0|1|1|1|0|0|1|0|0|NA|NA|NA|NA|NA|12|5|26|3971800|152761.538461538|0
"250092603022"|0|1|0|0|0|0|0|1|1|1|1|0|0|1|0|600|6384|NA|NA|NA|273|69|184|11447688|62215.6956521739|0
"250092611012"|0|1|1|0|0|0|0|1|1|1|0|0|1|0|0|11790|11790|10920|10920|9880|31|12|10|675488|67548.8|0
"250110403001"|0|0|0|0|0|0|0|1|0|0|0|0|0|0|0|NA|NA|NA|NA|NA|0|0|0|0|NA|0
"250110410001"|0|1|0|0|0|0|0|1|1|1|1|0|0|1|0|624|6744|NA|NA|NA|129|29|98|6357030|64867.6530612245|0
"250110410002"|0|1|0|0|0|0|0|1|1|1|1|0|0|1|0|624|6744|NA|NA|NA|129|29|98|6357030|64867.6530612245|0
"250110415021"|0|1|0|0|0|0|0|1|1|1|1|0|0|1|0|624|6744|NA|NA|NA|129|29|98|6357030|64867.6530612245|0
"250138002021"|0|1|0|0|0|0|0|1|0|0|0|0|0|0|0|NA|NA|NA|NA|NA|0|0|0|0|NA|0
"250138012002"|0|1|0|0|0|0|0|1|1|1|1|0|0|1|0|600|5808|NA|NA|NA|235|73|256|17747136|69324.75|0
"250138016011"|0|1|1|0|0|0|0|1|1|1|0|0|0|1|0|35454|35454|25056|25056|14034|438|106|450|40082582|89072.4044444444|0
"250138017002"|0|2|2|0|0|0|0|2|2|2|0|0|1|1|0|55526|55526|50010|50010|NA|463|130|414|30957196|162821.275351591|0
"250138017004"|0|1|1|0|0|0|0|1|1|1|0|0|0|1|0|36930|36930|11579|11579|14520|200|73|130|8655118|66577.8307692308|0
"250138104031"|0|1|0|0|0|0|0|1|1|0|0|1|1|0|0|NA|NA|NA|NA|NA|0|0|0|0|NA|0
"250138104033"|0|1|0|0|0|0|0|1|1|0|0|1|1|0|0|NA|NA|NA|NA|NA|0|0|0|0|NA|0
"250138106021"|0|1|0|0|0|0|0|1|1|1|1|0|0|0|0|NA|NA|NA|NA|NA|0|0|0|0|NA|0
"250138109021"|0|1|1|0|0|0|0|1|1|1|0|0|0|1|0|35270|35270|14814|14814|13600|116|51|124|7962592|64214.4516129032|0
"250138121012"|0|1|0|0|0|0|0|1|1|1|1|0|0|1|0|4824|9768|NA|NA|NA|271|107|236|15250430|64620.4661016949|0
"250138122023"|0|1|0|0|0|0|0|1|1|0|0|1|1|0|0|NA|NA|NA|NA|NA|0|0|0|0|NA|0
"250138129022"|0|1|1|0|0|0|0|1|1|1|0|0|0|1|0|970|7050|1890|1890|11453|467|133|466|40952840|87881.6309012876|0
"250138129031"|0|1|1|0|0|0|0|1|1|1|0|0|0|1|0|970|7050|1890|1890|11453|467|133|466|40952840|87881.6309012876|0
"250138133012"|0|1|1|0|0|0|0|1|1|1|0|0|0|1|0|35081|35081|14670|14670|12799|233|70|144|11442508|79461.8611111111|0
"250138136011"|0|1|0|0|0|0|0|1|1|0|0|1|1|0|0|NA|NA|NA|NA|NA|0|0|0|0|NA|0
"250158204001"|0|1|1|0|0|0|0|1|1|1|0|0|0|0|1|15791|35112|14014|29529|13004|4859|1018|2922|339833582|116301.704996578|0
"250158204002"|0|1|1|0|0|0|0|1|1|1|0|0|0|0|1|15791|35112|14014|29529|13004|4859|1018|2922|339833582|116301.704996578|0
"250158206001"|0|1|0|0|0|0|0|1|1|1|0|0|0|1|0|57640|57640|NA|NA|15310|715|215|520|60368764|116093.776923077|0
"250158208014"|0|1|0|0|0|0|0|1|1|1|0|0|1|0|0|50030|50030|NA|NA|14120|188|37|114|9562664|83883.0175438596|0
"250158208021"|0|1|0|0|0|0|0|1|1|1|0|0|1|0|0|50030|50030|NA|NA|14120|188|37|114|9562664|83883.0175438596|0
"250158212001"|0|1|1|0|0|0|0|1|1|1|0|0|0|1|0|52040|52040|27900|27900|15320|674|130|454|43747146|96359.3524229075|0
"250158219011"|0|1|1|0|0|0|0|1|1|1|0|0|0|1|0|53940|53940|53940|53940|18130|748|180|664|72223648|108770.554216867|0
"250158219031"|0|1|1|0|0|0|0|1|1|1|0|0|0|1|0|53940|53940|53940|53940|18130|748|180|664|72223648|108770.554216867|0
"250158220001"|0|1|1|0|0|0|0|1|1|1|0|0|0|1|0|53940|53940|53940|53940|18130|748|180|664|72223648|108770.554216867|0
"250173101001"|0|1|0|0|0|0|0|1|1|0|0|1|1|0|0|NA|NA|NA|NA|NA|0|0|0|0|NA|0
"250173105001"|0|1|1|0|0|0|0|1|1|1|0|0|0|0|1|15078|33004|14590|26370|13060|1179|267|1294|141971696|109715.375579598|0
"250173119002"|0|1|0|0|0|0|0|1|1|0|0|1|1|0|0|NA|NA|NA|NA|NA|0|0|0|0|NA|0
"250173131024"|0|1|0|0|0|0|0|1|0|0|0|1|1|0|0|NA|NA|NA|NA|NA|0|0|0|0|NA|0
"250173155001"|0|1|0|0|0|0|0|1|1|0|0|1|1|0|0|NA|NA|NA|NA|NA|0|0|0|0|NA|0
"250173215001"|0|1|0|0|0|0|0|1|0|0|0|1|1|0|0|NA|NA|NA|NA|NA|0|0|0|0|NA|0
"250173335013"|0|2|0|0|0|0|0|2|2|0|0|2|2|0|0|NA|NA|NA|NA|NA|0|0|0|0|NA|0
"250173336002"|0|1|0|0|0|0|0|1|1|0|0|1|1|0|0|NA|NA|NA|NA|NA|0|0|0|0|NA|0
"250173336003"|0|2|0|0|0|0|0|2|2|0|0|2|2|0|0|NA|NA|NA|NA|NA|0|0|0|0|NA|0
"250173341002"|0|1|0|0|0|0|0|1|1|0|0|1|1|0|0|NA|NA|NA|NA|NA|0|0|0|0|NA|0
"250173391005"|0|1|0|0|0|0|0|1|1|1|1|0|1|0|0|28022|28022|NA|NA|NA|11|1|72|6406844|88983.9444444444|0
"250173394004"|0|1|0|0|0|0|0|1|1|0|0|1|1|0|0|NA|NA|NA|NA|NA|0|0|0|0|NA|0
"250173395001"|0|1|1|0|0|1|0|1|1|1|0|0|0|0|1|57324|57324|52724|52724|15086|3192|670|1652|208222814|126042.865617433|0
"250173411021"|0|1|0|0|0|0|0|1|1|0|0|1|1|0|0|NA|NA|NA|NA|NA|0|0|0|0|NA|0
"250173413003"|0|2|0|0|0|0|0|2|1|0|0|1|1|0|0|NA|NA|NA|NA|NA|0|0|0|0|NA|0
"250173424004"|0|2|1|0|0|0|0|2|2|2|1|0|0|1|1|16740|21684|NA|NA|NA|448|160|326|23446750|163479.567176871|0
"250173501031"|0|1|0|0|0|0|0|1|1|0|0|1|1|0|0|NA|NA|NA|NA|NA|0|0|0|0|NA|0
"250173514041"|0|2|1|0|0|0|0|2|2|2|1|0|0|1|1|16740|21684|NA|NA|NA|448|160|326|23446750|163479.567176871|0
"250173515001"|0|2|1|0|0|0|0|2|2|2|1|0|0|1|1|16740|21684|NA|NA|NA|448|160|326|23446750|163479.567176871|0
"250173521012"|0|1|1|0|0|0|0|1|1|1|0|0|0|1|0|38458|38458|43307|43307|18500|140|8|64|7788784|121699.75|0
"250173524002"|0|1|1|0|0|0|0|1|1|1|0|0|0|0|1|53450|53450|53450|53450|16390|15965|2347|2744|500287734|182320.602769679|0
"250173531021"|0|1|1|0|0|0|0|1|1|1|0|0|0|0|1|53450|53450|53450|53450|16390|15965|2347|2744|500287734|182320.602769679|0
"250173531022"|0|1|1|0|0|0|0|1|1|1|0|0|0|0|1|53450|53450|53450|53450|16390|15965|2347|2744|500287734|182320.602769679|0
"250173531023"|0|1|1|0|0|0|0|1|1|1|0|0|0|0|1|53450|53450|53450|53450|16390|15965|2347|2744|500287734|182320.602769679|0
"250173536005"|0|1|1|0|0|0|0|1|1|1|0|0|0|1|0|28500|28500|18540|18540|16320|335|189|298|25741876|86382.1342281879|0
"250173537003"|0|2|2|0|0|1|0|2|2|2|0|0|0|1|1|76230|76230|66548|66548|34002|14504|2642|3920|758645004|288729.767579927|0
"250173540003"|0|1|1|0|0|0|0|1|1|1|0|0|1|0|0|43750|43750|43750|43750|NA|31|5|46|2281340|49594.347826087|0
"250173591001"|0|1|0|0|0|0|0|1|1|1|1|0|0|1|0|576|5520|NA|NA|NA|274|60|240|15548450|64785.2083333333|0
"250173591003"|0|1|0|0|0|0|0|1|1|1|1|0|0|1|0|576|5520|NA|NA|NA|274|60|240|15548450|64785.2083333333|0
"250173591004"|0|1|0|0|0|0|0|1|1|1|1|0|0|1|0|576|5520|NA|NA|NA|274|60|240|15548450|64785.2083333333|0
"250173611003"|0|1|0|0|0|0|0|1|1|0|0|1|1|0|0|NA|NA|NA|NA|NA|0|0|0|0|NA|0
"250173612001"|0|1|0|0|0|0|0|1|1|0|0|1|1|0|0|NA|NA|NA|NA|NA|0|0|0|0|NA|0
"250173672002"|0|0|1|0|0|0|0|1|1|1|0|0|1|0|0|NA|NA|23000|23000|NA|13|3|24|1124112|46838|0
"250173672003"|0|1|2|0|0|0|0|2|2|2|0|0|1|1|0|NA|NA|61280|61280|NA|263|68|274|22124856|130840.976|0
"250173672004"|0|0|1|0|0|0|0|1|1|1|0|0|1|0|0|NA|NA|23000|23000|NA|13|3|24|1124112|46838|0
"250173672006"|0|0|1|0|0|0|0|1|1|1|0|0|1|0|0|NA|NA|23000|23000|NA|13|3|24|1124112|46838|0
"250173672007"|0|0|1|0|0|0|0|1|1|1|0|0|1|0|0|NA|NA|23000|23000|NA|13|3|24|1124112|46838|0
"250173684002"|0|1|1|0|0|0|0|1|1|1|0|0|0|1|0|55340|55340|51940|51940|16080|1306|264|758|92460110|121979.036939314|0
"250173684003"|0|1|1|0|0|0|0|1|1|1|0|0|0|1|0|55340|55340|51940|51940|16080|1306|264|758|92460110|121979.036939314|0
"250173685001"|0|1|0|0|0|0|0|1|1|0|0|1|1|0|0|24000|24000|NA|NA|NA|0|0|0|0|NA|0
"250173689011"|0|1|1|0|0|0|0|1|1|1|0|0|0|1|0|50060|50060|38400|38400|16960|595|209|584|76693988|131325.321917808|0
"250173689021"|0|1|1|0|0|0|0|1|1|1|0|0|0|1|0|50060|50060|38400|38400|16960|595|209|584|76693988|131325.321917808|0
"250173690001"|0|1|1|0|0|0|0|1|1|1|0|0|0|1|0|50060|50060|38400|38400|16960|595|209|584|76693988|131325.321917808|0
"250173691004"|0|1|1|0|0|0|0|1|1|1|0|0|0|1|0|50060|50060|38400|38400|16960|595|209|584|76693988|131325.321917808|0
"250173736001"|0|1|1|0|0|0|0|1|1|1|0|0|0|0|1|56780|56780|30600|30600|14826|2887|617|1756|246533146|140394.730068337|0
"250173736002"|0|1|1|0|0|0|0|1|1|1|0|0|0|0|1|56780|56780|30600|30600|14826|2887|617|1756|246533146|140394.730068337|0
"250173738001"|0|1|1|0|0|0|0|1|1|1|0|0|1|0|0|28800|28800|30960|30960|NA|38|11|18|1505744|83652.4444444444|0
"250173740002"|0|1|1|0|0|0|0|1|1|1|0|0|1|0|0|12000|12000|33000|33000|NA|85|31|142|14729294|103727.422535211|0
"250173743002"|0|1|0|0|0|0|0|1|1|1|1|0|0|1|0|576|5520|NA|NA|NA|170|40|134|8928352|66629.4925373134|0
"250173748001"|0|1|1|0|0|0|0|1|1|1|0|0|0|1|0|35700|35700|10800|10800|16000|214|43|164|12382522|75503.1829268293|0
"250173835013"|0|1|0|0|0|0|0|1|1|0|0|1|1|0|0|NA|NA|NA|NA|NA|0|0|0|0|NA|0
"250173835021"|0|1|1|0|0|0|0|1|1|1|0|0|0|1|0|970|7050|1680|7050|12604|352|68|396|33622162|84904.4494949495|0
"250173835022"|0|1|1|0|0|0|0|1|1|1|0|0|0|1|0|970|7050|1680|7050|12604|352|68|396|33622162|84904.4494949495|0
"250173883003"|0|1|1|0|0|0|0|1|1|1|0|0|0|0|1|15078|33004|14590|26370|13060|1179|267|1294|141971696|109715.375579598|0
"250214005001"|0|0|1|0|0|0|0|1|1|1|0|0|1|0|0|NA|NA|19200|19200|NA|6|2|10|487730|48773|0
"250214006003"|0|1|0|0|0|0|0|1|0|0|0|0|0|0|0|NA|NA|NA|NA|NA|0|0|0|0|NA|0
"250214011001"|0|1|1|0|0|0|0|1|1|1|0|0|1|0|0|21940|21940|21940|21940|16192|43|15|44|2800732|63653|0
"250214012001"|0|1|1|0|0|0|0|1|1|1|0|0|1|0|0|30660|30660|13100|13100|13830|59|14|72|3497926|48582.3055555556|0
"250214023002"|0|1|0|0|0|0|0|1|1|0|0|1|1|0|0|NA|NA|NA|NA|NA|0|0|0|0|NA|0
"250214034001"|0|1|0|0|0|0|0|1|1|1|0|0|1|0|0|52164|52164|NA|NA|16872|77|17|96|10728398|111754.145833333|0
"250214034005"|0|1|0|0|0|0|0|1|1|1|0|0|1|0|0|52164|52164|NA|NA|16872|77|17|96|10728398|111754.145833333|0
"250214035001"|0|1|1|0|0|0|0|1|1|1|0|0|1|0|0|12000|12000|33000|33000|NA|85|31|142|14729294|103727.422535211|0
"250214041001"|0|1|0|0|0|0|0|1|1|1|1|0|0|1|0|576|5520|NA|NA|NA|170|40|134|8928352|66629.4925373134|0
"250214042023"|0|1|1|0|0|0|0|1|1|1|0|0|0|1|0|52608|52608|89550|89550|16776|656|211|382|57003840|149224.712041885|0
"250214044005"|0|1|0|0|0|0|0|1|1|1|0|0|0|1|0|55728|55728|NA|NA|17096|734|157|656|73268440|111689.695121951|0
"250214131002"|0|1|0|0|0|0|0|1|1|1|1|0|1|0|0|20520|20520|NA|NA|NA|4|2|2|134000|67000|0
"250214132002"|0|1|0|0|0|0|0|1|1|0|0|1|1|0|0|NA|NA|NA|NA|NA|0|0|0|0|NA|0
"250214152001"|0|1|0|0|0|0|0|1|0|0|0|0|0|0|0|NA|NA|NA|NA|NA|0|0|0|0|NA|0
"250214153002"|0|1|0|0|0|0|0|1|1|0|0|1|1|0|0|NA|NA|NA|NA|NA|0|0|0|0|NA|0
"250214161021"|0|1|1|0|0|0|0|1|1|1|0|0|0|1|0|38950|38950|16430|16430|15620|214|72|232|21060104|90776.3103448276|0
"250214164006"|0|1|0|0|0|0|0|1|1|1|0|0|1|0|0|35538|35538|NA|NA|NA|49|18|114|6586024|57772.1403508772|0
"250214176012"|0|1|1|0|0|0|0|1|1|1|0|0|1|0|0|29322|29322|10100|10100|9870|88|19|64|3491470|54554.21875|0
"250214177013"|0|1|0|0|0|0|0|1|1|1|1|0|0|1|0|5664|5664|NA|NA|NA|101|16|114|8345036|73202.0701754386|0
"250214177014"|0|1|0|0|0|0|0|1|1|0|0|1|1|0|0|NA|NA|NA|NA|NA|0|0|0|0|NA|0
"250214182004"|0|1|1|0|0|0|0|1|1|1|0|0|0|1|0|38950|38950|16430|16430|15620|214|72|232|21060104|90776.3103448276|0
"250214202021"|0|1|1|0|0|0|0|1|1|1|0|0|0|1|0|38950|38950|16430|16430|15620|214|72|232|21060104|90776.3103448276|0
"250214421013"|0|1|0|0|0|0|0|1|1|1|0|0|0|1|0|40214|40214|NA|NA|17258|143|19|62|3986866|64304.2903225806|0
"250214421021"|0|2|0|0|0|0|0|2|2|1|0|1|1|1|0|NA|NA|NA|NA|NA|143|19|62|3986866|NA|0
"250235111002"|0|1|0|0|0|0|0|1|1|0|0|1|1|0|0|NA|NA|NA|NA|NA|0|0|0|0|NA|0
"250235111006"|0|1|0|0|0|0|0|1|1|0|0|1|1|0|0|NA|NA|NA|NA|NA|0|0|0|0|NA|0
"250235112001"|0|1|0|0|0|0|0|1|1|1|1|0|0|1|0|576|5520|NA|NA|NA|263|61|226|15069498|66679.1946902655|0
"250235112004"|0|1|0|0|0|0|0|1|1|1|1|0|0|1|0|576|5520|NA|NA|NA|263|61|226|15069498|66679.1946902655|0
"250235112005"|0|1|0|0|0|0|0|1|1|1|1|0|0|1|0|576|5520|NA|NA|NA|263|61|226|15069498|66679.1946902655|0
"250235301002"|0|1|0|0|0|0|0|1|1|0|0|1|1|0|0|NA|NA|NA|NA|NA|0|0|0|0|NA|0
"250235612001"|0|1|1|0|0|0|0|1|1|1|0|0|0|0|1|910|7050|1675|1675|13300|769|191|722|62505054|86572.0969529086|0
"250250004022"|0|1|1|0|0|0|0|1|1|1|0|0|1|0|0|24915|24915|18900|18900|NA|7|2|28|1229266|43902.3571428571|0
"250250101033"|0|1|1|0|0|1|0|1|1|1|0|0|0|0|1|54720|54720|54720|54720|16160|5676|1361|3788|523322814|138152.802006336|0
"250250103001"|0|1|1|0|0|0|0|1|1|1|0|0|0|1|0|1030|25730|23400|23400|14100|263|71|242|21806422|90109.1818181818|0
"250250103002"|0|3|3|0|0|0|0|3|3|3|0|0|0|3|0|115478|115478|58203|58203|48212|1033|183|1252|124988906|285838.411489411|0
"250250104051"|0|3|3|0|0|0|0|3|3|3|0|0|1|0|2|131298|131298|99306|99306|NA|3394|755|3192|385639636|296694.745528103|0
"250250104052"|0|1|1|0|0|0|0|1|1|1|0|0|0|1|0|44360|44360|42973|42973|18640|734|312|698|65520624|93869.0888252149|0
"250250107013"|0|1|1|0|0|0|0|1|1|1|0|0|1|0|0|23448|23448|24244|24244|14750|72|16|34|2394132|70415.6470588235|0
"250250108011"|0|1|1|0|0|0|0|1|1|1|0|0|0|1|0|30997|30997|25872|25872|16244|90|9|72|5174122|71862.8055555556|0
"250250108021"|0|0|1|0|1|0|0|1|1|1|0|0|1|0|0|NA|NA|21296|21296|NA|82|23|94|11118236|118279.106382979|0
"250250201012"|0|1|1|0|0|0|0|1|1|1|0|0|0|1|0|30997|30997|25872|25872|16244|90|9|72|5174122|71862.8055555556|0
"250250203032"|0|1|1|0|0|0|0|1|1|0|0|0|0|0|0|NA|NA|NA|NA|NA|377|54|0|0|NA|0
"250250302001"|0|2|1|0|0|0|0|2|2|0|0|1|1|0|0|NA|NA|NA|NA|NA|377|54|0|0|NA|0
"250250303001"|0|2|2|0|0|0|0|2|2|0|0|0|0|0|0|NA|NA|NA|NA|NA|377|54|0|0|NA|0
"250250303002"|0|1|1|0|0|0|0|1|1|0|0|0|0|0|0|NA|NA|NA|NA|NA|377|54|0|0|NA|0
"250250303003"|0|1|1|0|0|0|0|1|1|0|0|0|0|0|0|NA|NA|NA|NA|NA|377|54|0|0|NA|0
"250250303004"|0|1|1|0|0|0|0|1|1|0|0|0|0|0|0|NA|NA|NA|NA|NA|377|54|0|0|NA|0
"250250304002"|0|2|1|0|0|0|0|2|2|0|0|1|1|0|0|NA|NA|NA|NA|NA|377|54|0|0|NA|0
"250250401001"|0|1|1|0|0|0|0|1|1|1|0|0|0|1|0|70400|70400|61200|61200|NA|131|42|198|21228802|107216.171717172|0
"250250406001"|0|2|1|0|0|0|0|2|2|2|1|0|0|1|1|16740|21684|NA|NA|NA|448|160|326|23446750|163479.567176871|0
"250250408013"|0|1|1|0|0|0|0|1|1|1|0|0|0|1|0|70400|70400|61200|61200|NA|131|42|198|21228802|107216.171717172|0
"250250701011"|0|1|1|0|0|0|0|1|1|0|0|0|0|0|0|NA|NA|NA|NA|NA|0|0|0|0|NA|0
"250250701013"|0|1|1|0|0|0|0|1|1|1|0|0|0|1|0|39814|39814|39267|39267|17462|615|193|710|74350604|104719.16056338|0
"250250701014"|0|1|0|0|0|0|0|1|1|0|0|1|1|0|0|NA|NA|NA|NA|NA|0|0|0|0|NA|0
"250250701015"|0|1|0|0|0|0|0|1|1|1|1|0|1|0|0|7104|7104|NA|NA|NA|9|2|2|96000|48000|0
"250250701017"|0|1|1|0|0|0|0|1|1|0|0|0|0|0|0|NA|NA|NA|NA|NA|0|0|0|0|NA|0
"250250701018"|0|1|1|0|0|0|0|1|1|0|0|0|0|0|0|NA|NA|NA|NA|NA|0|0|0|0|NA|0
"250250702003"|0|1|2|0|0|0|0|2|2|2|0|0|1|1|0|NA|NA|NA|NA|NA|601|131|474|46740084|256043.122641509|0
"250250703001"|0|1|0|0|0|0|0|1|1|1|0|0|1|0|0|22800|22800|NA|NA|13300|55|28|24|1954796|81449.8333333333|0
"250250703004"|0|1|0|0|0|0|0|1|1|1|0|0|1|0|0|16950|16950|NA|NA|NA|66|5|86|4575300|53201.1627906977|0
"250250808011"|0|1|1|0|0|0|0|1|1|1|0|0|0|1|0|34970|34970|37700|37700|14526|366|76|322|26006040|80764.099378882|0
"250250814003"|0|1|0|0|0|0|0|1|1|1|1|0|0|1|0|624|5928|NA|NA|NA|121|19|86|5363524|62366.5581395349|0
"250250909012"|0|1|1|0|0|0|0|1|1|1|0|0|0|0|1|14187|34649|18433|35980|16902|1045|539|1378|142337144|103292.557329463|0
"250250916003"|0|1|0|0|0|0|0|1|1|0|0|1|1|0|0|NA|NA|NA|NA|NA|0|0|0|0|NA|0
"250251402023"|0|1|0|0|0|0|0|1|1|1|0|0|1|0|0|11400|11400|NA|NA|7000|4|0|6|323568|53928|0
"250259815011"|0|1|1|0|0|1|0|1|1|1|0|0|0|0|1|54720|54720|54720|54720|16160|5676|1361|3788|523322814|138152.802006336|0
"250277075001"|0|1|0|0|0|0|0|1|1|1|1|0|0|1|0|600|5520|NA|NA|NA|259|112|150|10385352|69235.68|0
"250277103002"|0|1|0|0|0|0|0|1|0|0|0|1|1|0|0|NA|NA|NA|NA|NA|0|0|0|0|NA|0
"250277108001"|0|1|1|0|0|0|0|1|1|1|0|0|0|1|0|970|7050|3186|3186|11250|346|90|412|35273992|85616.4854368932|0
"250277121013"|0|1|0|0|0|0|0|1|1|0|0|1|1|0|0|NA|NA|NA|NA|NA|0|0|0|0|NA|0
"250277271001"|0|1|1|0|0|0|0|1|1|1|0|0|0|1|0|36190|36190|10530|10530|14580|92|47|84|4958962|59035.2619047619|0
"250277271002"|0|1|1|0|0|0|0|1|1|1|0|0|0|1|0|36190|36190|10530|10530|14580|92|47|84|4958962|59035.2619047619|0
"250277292002"|0|1|0|0|0|0|0|1|0|0|0|0|0|0|0|NA|NA|NA|NA|NA|0|0|0|0|NA|0
"250277292003"|0|1|0|0|0|0|0|1|0|0|0|0|0|0|0|NA|NA|NA|NA|NA|0|0|0|0|NA|0
"250277303002"|0|1|0|0|0|0|0|1|1|1|1|0|0|1|0|576|5520|NA|NA|NA|295|103|272|19219398|70659.5514705882|0
"250277306004"|0|1|1|0|0|0|0|1|1|1|0|0|0|1|0|41516|41516|12690|12690|13128|187|68|286|22065264|77151.2727272727|0
"250277306005"|0|1|0|0|0|0|0|1|1|0|0|1|1|0|0|NA|NA|NA|NA|NA|0|0|0|0|NA|0
"250277309021"|0|1|1|0|0|0|0|1|1|1|0|0|0|1|0|970|7050|3042|3042|12360|368|111|416|34466106|82851.2163461538|0
"250277312021"|0|1|1|0|0|0|0|1|1|1|0|0|0|1|0|46850|46850|46848|46848|9480|425|144|412|41052268|99641.427184466|0
"250277315001"|0|1|0|0|0|0|0|1|1|0|0|1|1|0|0|NA|NA|NA|NA|NA|0|0|0|0|NA|0
"250277316004"|0|2|2|0|0|0|0|2|2|2|0|0|0|2|0|87904|87904|47330|47330|29102|1017|306|938|103871486|188815.196085919|0
"250277316006"|0|1|1|0|0|0|0|1|1|1|0|0|0|1|0|51604|51604|28188|28188|15302|860|275|838|96506222|115162.556085919|0
"250277318006"|0|1|0|0|0|0|0|1|1|0|0|1|1|0|0|NA|NA|NA|NA|NA|0|0|0|0|NA|0
"250277320022"|0|0|1|0|0|1|0|1|1|1|0|0|0|1|0|NA|NA|24141|35381|NA|10|1|52|6431446|123681.653846154|0
"250277320023"|0|0|1|0|0|1|0|1|1|1|0|0|0|1|0|NA|NA|24141|35381|NA|10|1|52|6431446|123681.653846154|0
"250277329021"|0|1|0|0|0|0|0|1|1|1|0|0|0|1|0|54050|54050|NA|NA|15070|771|246|592|60828522|102750.881756757|0
"250277401012"|0|1|0|0|0|0|0|1|1|0|0|1|1|0|0|NA|NA|NA|NA|NA|0|0|0|0|NA|0
"250277424021"|0|1|0|0|0|0|0|1|1|0|0|1|1|0|0|NA|NA|NA|NA|NA|0|0|0|0|NA|0
"250277431002"|0|1|0|0|0|0|0|1|1|0|0|1|1|0|0|NA|NA|NA|NA|NA|0|0|0|0|NA|0
"250277431004"|0|1|0|0|0|0|0|1|1|0|0|1|1|0|0|NA|NA|NA|NA|NA|0|0|0|0|NA|0
"250277552004"|0|1|1|0|0|0|0|1|1|1|0|0|0|1|0|34615|34615|738|738|14250|133|39|92|7942052|86326.652173913|0
"250277561022"|0|1|0|0|0|0|0|1|1|0|0|1|1|0|0|NA|NA|NA|NA|NA|0|0|0|0|NA|0
"260070003004"|0|1|0|0|0|0|0|1|1|1|0|0|0|1|0|7155|7155|NA|NA|6700|59|16|92|7556116|82131.6956521739|0
"260130002003"|0|1|0|0|0|0|1|1|1|1|1|0|1|0|0|3600|3600|NA|NA|NA|16|13|10|462760|46276|0
"260150105001"|0|1|0|0|0|0|0|1|1|0|0|1|1|0|0|7448|10808|NA|NA|6280|0|0|0|0|NA|0
"260172803001"|0|1|0|0|0|0|0|1|1|0|0|1|1|0|0|NA|NA|NA|NA|NA|0|0|0|0|NA|0
"260172813001"|0|1|0|0|0|0|0|1|1|0|0|1|1|0|0|NA|NA|NA|NA|NA|0|0|0|0|NA|0
"260172854003"|0|1|0|0|0|0|0|1|1|1|1|0|0|1|0|5910|11130|NA|NA|NA|283|126|348|30461244|87532.3103448276|0
"260172859001"|0|1|0|0|0|0|0|1|1|0|0|1|1|0|0|NA|NA|NA|NA|NA|0|0|0|0|NA|0
"260172859002"|0|1|0|0|0|0|0|1|1|1|1|0|1|0|0|NA|NA|NA|NA|NA|3|1|6|225616|37602.6666666667|0
"260172865001"|0|1|0|0|0|0|0|1|1|0|0|1|1|0|0|NA|NA|NA|NA|NA|0|0|0|0|NA|0
"260210011001"|0|1|0|0|0|0|0|1|1|0|0|1|1|0|0|NA|NA|NA|NA|NA|0|0|0|0|NA|0
"260210021002"|0|1|0|0|0|0|0|1|1|1|0|0|0|1|0|5115|5115|NA|NA|9980|137|53|120|9449564|78746.3666666667|0
"260210022003"|0|1|0|0|0|0|0|1|1|1|0|0|0|1|0|5115|5115|NA|NA|9980|137|53|120|9449564|78746.3666666667|0
"260210024002"|0|1|0|0|0|0|0|1|1|1|0|0|0|1|0|5115|5115|NA|NA|9980|137|53|120|9449564|78746.3666666667|0
"260210213001"|0|1|1|0|0|0|0|1|1|1|0|0|0|1|0|28992|28992|27216|27216|9300|474|169|436|26969036|61855.5871559633|0
"260210213002"|0|1|1|0|0|0|0|1|1|1|0|0|0|1|0|28992|28992|27216|27216|9300|474|169|436|26969036|61855.5871559633|0
"260239515003"|0|0|0|0|0|0|0|1|0|0|0|0|0|0|0|NA|NA|NA|NA|NA|0|0|0|0|NA|0
"260250005002"|0|1|0|0|0|0|0|1|1|0|0|1|1|0|0|NA|NA|NA|NA|NA|0|0|0|0|NA|0
"260250009002"|0|1|0|0|0|0|0|1|1|1|1|0|0|1|0|5774|8246|NA|NA|NA|167|69|170|14040386|82590.5058823529|0
"260250014001"|0|1|0|0|0|0|0|1|1|0|0|1|1|0|0|NA|NA|NA|NA|NA|0|0|0|0|NA|0
"260250018004"|0|1|0|0|0|0|0|1|1|0|0|1|1|0|0|NA|NA|NA|NA|NA|0|0|0|0|NA|0
"260250034001"|0|1|0|0|0|0|0|1|1|1|0|0|0|1|0|47570|47570|NA|NA|12380|275|100|230|15617222|67900.9652173913|0
"260250037002"|0|1|1|0|0|0|0|1|1|1|0|0|0|1|0|27700|27700|NA|NA|10100|124|52|90|4957648|55084.9777777778|0
"260270021001"|0|1|0|0|0|0|0|1|1|1|1|0|0|1|0|5007|5456|NA|NA|9450|92|23|116|6765756|58325.4827586207|0
"260270021002"|0|1|0|0|0|0|0|1|1|1|1|0|0|1|0|5007|5456|NA|NA|9450|92|23|116|6765756|58325.4827586207|0
"260339703001"|0|1|0|0|0|0|0|1|1|1|0|0|0|1|0|12000|12000|NA|NA|10230|210|48|196|11338646|57850.2346938776|0
"260339706003"|0|1|0|0|0|0|1|1|1|1|0|0|1|0|0|2660|2660|NA|NA|NA|53|16|30|1384212|46140.4|0
"260350008003"|0|1|0|0|0|0|0|1|1|1|1|0|0|1|0|6972|6972|NA|NA|NA|109|26|104|7423492|71379.7307692308|0
"260350013003"|0|1|0|0|0|0|0|1|1|1|1|0|0|1|0|6972|6972|NA|NA|NA|109|26|104|7423492|71379.7307692308|0
"260399603003"|0|1|0|0|0|0|0|1|1|1|1|0|0|1|0|5460|7800|NA|NA|NA|56|17|52|3366918|64748.4230769231|0
"260419704001"|0|1|0|0|0|0|0|1|1|1|1|0|0|1|0|6762|8262|NA|NA|7400|82|22|82|6423108|78330.5853658537|0
"260419705003"|0|1|0|0|0|0|0|1|1|1|1|0|0|1|0|6762|8262|NA|NA|7400|82|22|82|6423108|78330.5853658537|0
"260419708001"|0|1|0|0|0|0|0|1|1|1|1|0|0|1|0|6762|8262|NA|NA|7400|82|22|82|6423108|78330.5853658537|0
"260450201031"|0|1|0|0|0|0|0|1|1|1|0|0|1|0|0|15750|15750|NA|NA|8800|14|5|18|763538|42418.7777777778|0
"260450201032"|0|1|0|0|0|0|0|1|1|0|0|1|1|0|0|NA|NA|NA|NA|NA|0|0|0|0|NA|0
"260450211001"|0|1|1|0|0|0|0|1|1|1|0|0|0|1|0|27700|27700|NA|NA|10100|124|52|90|4957648|55084.9777777778|0
"260479707003"|0|1|0|0|0|0|0|1|1|1|1|0|0|1|0|5796|7532|NA|NA|6300|62|14|66|5679444|86052.1818181818|0
"260490013001"|0|1|0|0|0|0|0|1|1|0|0|1|1|0|0|NA|NA|NA|NA|NA|0|0|0|0|NA|0
"260490016003"|0|1|1|0|0|0|0|1|1|1|0|0|0|1|0|40616|40616|13332|13332|8400|276|49|226|18596340|82284.6902654867|0
"260490028002"|0|1|1|0|0|0|0|1|1|1|0|0|0|1|0|11406|22701|11403|17069|9092|476|101|604|49654796|82209.9271523179|0
"260490030001"|0|1|0|0|0|0|0|1|1|1|1|0|0|1|0|4402|6274|NA|NA|NA|280|111|276|20675326|74910.6014492754|0
"260490037002"|0|1|1|0|0|0|0|1|1|1|0|0|0|1|0|40616|40616|13332|13332|8400|276|49|226|18596340|82284.6902654867|0
"260490108122"|0|1|0|0|0|0|0|1|1|0|0|1|1|0|0|NA|NA|NA|NA|NA|0|0|0|0|NA|0
"260490109121"|0|2|0|0|0|0|0|2|2|0|0|2|2|0|0|NA|NA|NA|NA|NA|0|0|0|0|NA|0
"260490110103"|0|0|0|0|0|0|0|1|0|0|0|0|0|0|0|NA|NA|NA|NA|NA|0|0|0|0|NA|0
"260490111011"|0|1|0|0|0|0|0|1|1|0|0|1|1|0|0|NA|NA|NA|NA|NA|0|0|0|0|NA|0
"260490111012"|0|1|0|0|0|0|0|1|1|0|0|1|1|0|0|NA|NA|NA|NA|NA|0|0|0|0|NA|0
"260490117113"|0|1|0|0|0|0|0|1|1|0|0|1|1|0|0|NA|NA|NA|NA|NA|0|0|0|0|NA|0
"260490117122"|0|1|0|0|0|0|0|1|1|0|0|1|1|0|0|NA|NA|NA|NA|NA|0|0|0|0|NA|0
"260490135002"|0|2|0|0|0|0|0|2|2|0|0|2|2|0|0|NA|NA|NA|NA|NA|0|0|0|0|NA|0
"260499800001"|0|2|0|0|0|0|0|2|2|0|0|2|2|0|0|NA|NA|NA|NA|NA|0|0|0|0|NA|0
"260539507002"|0|1|0|0|0|0|0|1|1|1|1|0|1|0|0|5425|6324|NA|NA|6500|38|17|66|4233796|64148.4242424242|0
"260555510001"|0|1|0|0|0|0|0|1|1|1|0|0|0|1|0|7264|9472|NA|NA|8275|211|49|158|11424080|72304.3037974684|0
"260570005001"|0|1|0|0|0|0|0|1|1|1|0|0|0|1|0|41138|41138|NA|NA|11384|168|57|202|13455298|66610.3861386139|0
"260590507001"|0|1|1|0|0|0|0|1|1|1|0|0|0|1|0|27090|27090|24370|24370|11390|410|135|290|24818952|85582.5931034483|0
"260590508002"|0|1|0|0|0|0|0|1|1|0|0|1|1|0|0|NA|NA|NA|NA|NA|0|0|0|0|NA|0
"260610005003"|0|1|0|0|0|0|0|1|1|1|0|0|1|0|0|22370|22370|NA|NA|8888|100|27|58|2783064|47983.8620689655|0
"260610006003"|0|1|0|0|0|0|0|1|1|1|0|0|1|0|0|22370|22370|NA|NA|8888|100|27|58|2783064|47983.8620689655|0
"260610008001"|0|1|1|0|0|0|0|1|1|1|0|0|0|1|0|16834|36688|20511|20511|11004|1103|236|818|77602196|94868.2102689486|0
"260610008002"|0|1|1|0|0|0|0|1|1|1|0|0|0|1|0|16834|36688|20511|20511|11004|1103|236|818|77602196|94868.2102689486|0
"260650006001"|0|1|0|0|0|0|0|1|1|1|1|0|0|0|1|6480|9720|NA|NA|NA|450|133|404|31097444|76973.8712871287|0
"260650010002"|0|1|0|0|0|0|0|1|0|0|0|0|0|0|0|NA|NA|NA|NA|NA|0|0|0|0|NA|0
"260650028001"|0|1|0|0|0|0|0|1|1|1|1|0|1|0|0|NA|NA|NA|NA|NA|30|3|22|1070468|48657.6363636364|0
"260650041002"|0|1|0|0|0|0|0|1|1|0|0|1|1|0|0|NA|NA|NA|NA|NA|0|0|0|0|NA|0
"260650043022"|0|1|0|0|0|0|0|1|1|0|0|1|1|0|0|NA|NA|NA|NA|NA|0|0|0|0|NA|0
"260650044033"|0|1|2|0|0|1|0|2|2|2|0|0|1|0|1|NA|NA|43158|61356|NA|8770|1302|5108|581459472|228938.114910766|0
"260650049022"|0|1|0|0|0|0|0|1|1|0|0|1|1|0|0|NA|NA|NA|NA|NA|0|0|0|0|NA|0
"260650067001"|0|0|1|0|0|0|0|1|1|1|0|0|0|1|0|NA|NA|11400|11400|NA|137|25|96|13313486|138682.145833333|0
"260659800001"|0|1|2|0|0|1|0|2|2|2|0|0|1|0|1|NA|NA|43158|61356|NA|8770|1302|5108|581459472|228938.114910766|0
"260659801001"|0|1|0|0|0|0|0|1|1|1|1|0|1|0|0|NA|NA|NA|NA|NA|30|3|22|1070468|48657.6363636364|0
"260670319004"|0|1|0|0|0|0|0|1|1|0|0|1|1|0|0|NA|NA|NA|NA|NA|0|0|0|0|NA|0
"260730005001"|0|1|1|0|0|1|0|1|1|1|0|0|0|0|1|12383|22881|16700|16700|10328|1450|597|1532|134224126|87613.6592689295|0
"260730007001"|0|1|0|0|0|0|0|1|1|1|1|0|1|0|0|NA|NA|NA|NA|NA|5|1|12|358464|29872|0
"260739403001"|0|1|0|0|0|0|0|1|1|0|0|1|1|0|0|NA|NA|NA|NA|NA|0|0|0|0|NA|0
"260739403002"|0|1|0|0|0|0|1|1|1|1|1|0|1|0|0|1440|1440|NA|NA|NA|12|1|14|728416|52029.7142857143|0
"260739405002"|0|1|0|0|0|0|0|1|1|0|0|1|1|0|0|NA|NA|NA|NA|NA|0|0|0|0|NA|0
"260750002002"|0|1|0|0|0|0|0|1|1|1|1|0|1|0|0|NA|NA|NA|NA|NA|8|1|12|411274|34272.8333333333|0
"260750006001"|0|1|0|0|0|0|0|1|1|1|1|0|1|0|0|NA|NA|NA|NA|NA|8|1|12|411274|34272.8333333333|0
"260750052002"|0|1|0|0|0|0|0|1|1|1|0|0|0|1|0|7692|10256|NA|NA|9900|149|36|140|11114548|79389.6285714286|0
"260750054003"|0|1|1|0|0|0|0|1|1|1|0|0|0|1|0|29030|29030|7886|7886|10260|183|90|178|10948150|61506.4606741573|0
"260750069003"|0|1|0|0|0|0|0|1|1|1|1|0|1|0|0|NA|NA|NA|NA|NA|8|1|12|411274|34272.8333333333|0
"260770002011"|0|0|1|0|0|1|0|1|1|1|0|0|1|0|0|NA|NA|20333|20333|NA|0|0|0|0|NA|0
"260770005004"|0|1|0|0|0|0|0|1|1|1|0|0|0|1|0|50046|50046|NA|NA|10134|241|79|230|16824272|73149.0086956522|0
"260770015034"|0|1|1|0|0|0|0|1|1|1|0|0|0|0|1|12094|15118|16360|30432|10567|1736|465|1702|159636154|93793.2749706228|0
"260770015041"|0|1|1|0|0|0|0|1|1|1|0|0|0|0|1|12094|15118|16360|30432|10567|1736|465|1702|159636154|93793.2749706228|0
"260770017011"|0|1|0|0|0|0|0|1|1|0|0|1|1|0|0|NA|NA|NA|NA|NA|0|0|0|0|NA|0
"260770029032"|0|1|0|0|0|0|0|1|1|0|0|1|1|0|0|NA|NA|NA|NA|NA|0|0|0|0|NA|0
"260770030041"|0|1|0|0|0|0|0|1|1|1|1|0|0|1|0|5670|7620|NA|NA|NA|285|74|244|21715984|88999.9344262295|0
"260810020001"|0|1|0|0|0|0|0|1|1|1|1|0|0|0|1|7350|10950|NA|NA|NA|420|164|432|35817126|82910.0138888889|0
"260810020002"|0|1|0|0|0|0|0|1|1|1|0|0|1|0|0|13260|13260|NA|NA|NA|9|3|10|553000|55300|0
"260810024001"|0|1|1|0|0|0|0|1|1|1|0|0|0|1|0|33256|33256|10674|10674|9598|171|64|178|10135904|56943.2808988764|0
"260810044002"|0|1|2|0|0|0|0|2|2|2|0|0|1|1|0|NA|NA|44695|44695|NA|433|188|498|40070582|178588.009452412|0
"260810112003"|0|1|0|0|0|0|0|1|1|1|1|0|1|0|0|NA|NA|NA|NA|NA|7|1|6|123480|20580|0
"260810115004"|0|1|0|0|0|0|0|1|1|0|0|1|1|0|0|NA|NA|NA|NA|NA|0|0|0|0|NA|0
"260810118014"|0|1|1|0|0|0|0|1|1|1|0|0|1|0|0|22886|22886|5400|5400|7570|22|9|18|1236290|68682.7777777778|0
"260810118032"|0|1|1|0|0|0|0|1|1|1|0|0|0|1|0|25360|25360|13680|13680|9630|195|61|132|7385068|55947.4848484848|0
"260810126071"|0|1|0|0|0|0|0|1|1|0|0|1|1|0|0|NA|NA|NA|NA|NA|0|0|0|0|NA|0
"260810127013"|0|2|0|0|0|0|0|2|1|0|0|1|1|0|0|NA|NA|NA|NA|NA|0|0|0|0|NA|0
"260810135002"|0|1|1|0|0|0|0|1|1|1|0|0|0|1|0|13150|13150|8975|8975|8100|80|50|42|1950182|46432.9047619048|0
"260810148071"|0|1|1|0|0|0|0|1|1|1|0|0|0|1|0|18408|18408|14958|14958|10068|358|149|218|16571884|76017.8165137615|0
"260910613011"|0|1|1|0|0|0|0|1|1|1|0|0|0|1|0|26558|26558|12060|12060|10990|181|46|178|10259148|57635.6629213483|0
"260910615004"|0|1|1|0|0|0|0|1|1|1|0|0|0|1|0|36834|36834|18600|18600|11720|216|109|194|14654476|75538.5360824742|0
"260937408001"|0|1|0|0|0|0|0|1|1|0|0|1|1|0|0|NA|NA|NA|NA|NA|0|0|0|0|NA|0
"260937411002"|0|1|0|0|0|0|0|1|1|0|0|1|1|0|0|NA|NA|NA|NA|NA|0|0|0|0|NA|0
"260937424011"|0|1|1|0|0|0|0|1|1|1|0|0|1|0|0|19950|19950|15180|15180|10500|56|5|12|677290|56440.8333333333|0
"260992200023"|0|1|0|0|0|0|0|1|1|0|0|1|1|0|0|NA|NA|NA|NA|NA|0|0|0|0|NA|0
"260992309002"|0|1|0|0|0|0|0|1|1|0|0|1|1|0|0|NA|NA|NA|NA|NA|0|0|0|0|NA|0
"260992323003"|0|1|0|0|0|0|0|1|1|0|0|1|1|0|0|NA|NA|NA|NA|NA|0|0|0|0|NA|0
"260992503003"|0|2|0|0|0|0|0|2|2|0|0|2|2|0|0|41280|41280|NA|NA|NA|0|0|0|0|NA|0
"260992550001"|0|2|0|0|0|0|0|2|2|0|0|2|2|0|0|41280|41280|NA|NA|NA|0|0|0|0|NA|0
"260992550002"|0|2|0|0|0|0|0|2|2|0|0|2|2|0|0|41280|41280|NA|NA|NA|0|0|0|0|NA|0
"260992616002"|0|1|0|0|0|0|0|1|1|1|1|0|0|0|1|5890|7502|NA|NA|NA|466|132|408|33977670|83278.6029411765|0
"260999820001"|0|1|0|0|0|0|0|1|1|0|0|1|1|0|0|NA|NA|NA|NA|NA|0|0|0|0|NA|0
"261030005001"|0|1|1|0|0|0|0|1|1|1|0|0|0|1|0|10758|16380|9072|12528|10774|621|204|608|46973330|77258.7664473684|0
"261059502003"|0|1|0|0|0|0|0|1|1|1|1|0|0|1|0|4080|5760|NA|NA|NA|57|14|50|3607998|72159.96|0
"261079813001"|0|1|1|0|0|0|0|1|1|1|0|0|0|0|1|12376|12376|7608|7608|10042|748|229|986|85895328|87114.9371196755|0
"261112904001"|0|1|1|0|0|0|0|1|1|1|0|0|0|1|0|26690|26690|37080|37080|10790|266|109|104|6740786|64815.25|0
"261112910003"|0|1|0|0|0|0|0|1|1|0|0|1|1|0|0|NA|NA|NA|NA|NA|0|0|0|0|NA|0
"261158322001"|0|1|0|0|0|0|0|1|1|0|0|1|1|0|0|NA|NA|NA|NA|NA|0|0|0|0|NA|0
"261158323002"|0|1|0|0|0|0|0|1|1|1|1|0|0|1|0|5985|6660|NA|NA|NA|110|34|102|8719904|85489.2549019608|0
"261158324001"|0|1|0|0|0|0|0|1|1|1|1|0|0|1|0|5985|6660|NA|NA|NA|110|34|102|8719904|85489.2549019608|0
"261179708002"|0|1|0|0|0|0|0|1|1|1|1|0|0|1|0|6240|10200|NA|NA|NA|58|18|62|5125738|82673.1935483871|0
"261179708003"|0|1|0|0|0|0|0|1|1|1|1|0|0|1|0|6240|10200|NA|NA|NA|58|18|62|5125738|82673.1935483871|0
"261210001002"|0|1|0|0|0|0|0|1|1|1|1|0|0|1|0|8720|12240|NA|NA|NA|144|63|166|15555088|93705.3493975904|0
"261210019011"|0|1|0|0|0|0|0|1|1|1|1|0|0|1|0|8720|12240|NA|NA|NA|144|63|166|15555088|93705.3493975904|0
"261210019022"|0|1|0|0|0|0|0|1|1|1|1|0|0|1|0|8720|12240|NA|NA|NA|144|63|166|15555088|93705.3493975904|0
"261210022002"|0|1|0|0|0|0|0|1|1|0|0|1|1|0|0|NA|NA|NA|NA|NA|0|0|0|0|NA|0
"261210024002"|0|1|0|0|0|0|0|1|1|0|0|1|1|0|0|NA|NA|NA|NA|NA|0|0|0|0|NA|0
"261251360001"|0|1|1|0|0|0|0|1|1|1|0|0|1|0|0|16920|16920|16620|16620|NA|0|0|0|0|NA|0
"261251409003"|0|1|0|0|0|0|0|1|1|0|0|1|1|0|0|20400|20400|NA|NA|NA|0|0|0|0|NA|0
"261251441002"|0|1|0|0|0|0|0|1|1|0|0|1|1|0|0|NA|NA|NA|NA|NA|0|0|0|0|NA|0
"261251441004"|0|1|0|0|0|0|0|1|1|0|0|1|1|0|0|NA|NA|NA|NA|NA|0|0|0|0|NA|0
"261251448002"|0|1|0|0|0|0|0|1|1|0|0|1|1|0|0|NA|NA|NA|NA|NA|0|0|0|0|NA|0
"261251520001"|0|1|0|0|0|0|0|1|1|1|1|0|0|0|1|4392|4392|NA|NA|NA|458|191|408|40347112|98889.9803921569|0
"261251520002"|0|0|1|0|0|0|0|1|1|1|0|0|1|0|0|NA|NA|38000|38000|NA|25|6|20|1656640|82832|0
"261251520003"|0|1|1|0|0|0|0|2|2|2|1|0|1|0|1|NA|NA|NA|NA|NA|483|197|428|42003752|181721.980392157|0
"261251610002"|0|1|0|0|0|0|0|1|1|0|0|1|1|0|0|NA|NA|NA|NA|NA|0|0|0|0|NA|0
"261251616001"|0|2|2|0|0|0|0|2|2|2|0|0|1|1|0|43632|43632|38118|38118|NA|235|93|208|14930764|NA|0
"261251616002"|0|1|1|0|0|0|0|1|1|1|0|0|1|0|0|9552|9552|16752|16752|NA|0|0|0|0|NA|0
"261251619002"|0|2|0|0|0|0|0|2|2|0|0|2|1|1|0|NA|NA|NA|NA|NA|0|0|0|0|NA|0
"261251623001"|0|1|0|0|0|0|0|1|1|0|0|1|1|0|0|NA|NA|NA|NA|NA|0|0|0|0|NA|0
"261251623003"|0|1|0|0|0|0|0|1|1|0|0|1|1|0|0|NA|NA|NA|NA|NA|0|0|0|0|NA|0
"261251666003"|0|1|0|0|0|0|0|1|1|0|0|1|1|0|0|NA|NA|NA|NA|NA|0|0|0|0|NA|0
"261251670002"|0|0|1|0|0|0|0|1|1|1|0|0|1|0|0|NA|NA|32859|32859|NA|13|2|28|2498524|89233|0
"261251670003"|0|0|1|0|0|0|0|1|1|1|0|0|1|0|0|NA|NA|32859|32859|NA|13|2|28|2498524|89233|0
"261251714004"|0|1|1|0|0|0|0|1|1|1|0|0|1|0|0|7300|7300|5000|5000|4600|1|0|12|618258|51521.5|0
"261251714005"|0|1|1|0|0|0|0|1|1|1|0|0|1|0|0|7300|7300|5000|5000|4600|1|0|12|618258|51521.5|0
"261251803001"|0|1|0|0|0|0|0|1|1|0|0|1|1|0|0|NA|NA|NA|NA|NA|0|0|0|0|NA|0
"261251810002"|0|1|0|0|0|0|0|1|1|0|0|1|1|0|0|29280|29280|NA|NA|NA|0|0|0|0|NA|0
"261251812002"|0|1|0|0|0|0|0|1|1|0|0|1|1|0|0|NA|NA|NA|NA|NA|0|0|0|0|NA|0
"261251832001"|0|1|0|0|0|0|0|1|1|0|0|1|1|0|0|NA|NA|NA|NA|NA|0|0|0|0|NA|0
"261251832002"|0|1|0|0|0|0|0|1|1|0|0|1|1|0|0|NA|NA|NA|NA|NA|0|0|0|0|NA|0
"261251845002"|0|1|0|0|0|0|0|1|1|0|0|1|1|0|0|NA|NA|NA|NA|NA|0|0|0|0|NA|0
"261251928001"|0|1|1|0|0|1|0|1|1|1|0|0|0|0|1|14520|24735|18546|24648|10806|1084|374|1212|105165816|86770.4752475248|0
"261251933004"|0|1|1|0|0|0|0|1|1|1|0|0|0|1|0|23996|23996|9900|9900|8580|81|21|70|3806868|54383.8285714286|0
"261251970001"|0|1|1|0|0|0|0|1|1|1|0|0|0|1|0|11115|11115|12255|12255|NA|92|41|48|4902880|102143.333333333|0
"261251972002"|0|1|0|0|0|0|0|1|1|0|0|1|1|0|0|NA|NA|NA|NA|NA|0|0|0|0|NA|0
"261251974001"|0|1|0|0|0|0|0|1|1|0|0|1|1|0|0|13720|13720|NA|NA|NA|0|0|0|0|NA|0
"261251976001"|0|1|0|0|0|0|0|1|1|1|0|0|1|0|0|18900|18900|NA|NA|NA|19|3|18|1449980|80554.4444444444|0
"261390211002"|0|1|0|0|0|0|0|1|1|0|0|1|1|0|0|NA|NA|NA|NA|NA|0|0|0|0|NA|0
"261390211004"|0|1|0|0|0|0|0|1|1|0|0|1|1|0|0|NA|NA|NA|NA|NA|0|0|0|0|NA|0
"261390245001"|0|1|1|0|0|0|0|1|1|1|0|0|0|0|1|13180|18610|17208|17208|9400|1412|587|2282|195536064|85686.2681858019|0
"261390245002"|0|1|1|0|0|0|0|1|1|1|0|0|0|0|1|13180|18610|17208|17208|9400|1412|587|2282|195536064|85686.2681858019|0
"261390249003"|0|1|1|0|0|0|0|2|2|2|0|0|1|1|0|NA|NA|NA|NA|NA|470|166|484|37505776|166105.748917749|0
"261450102001"|0|1|1|0|0|0|0|1|1|1|0|0|0|1|0|10376|24963|14950|28430|10411|461|164|570|43789192|76823.1438596491|0
"261450103042"|0|2|0|0|0|0|0|2|2|0|0|2|2|0|0|NA|NA|NA|NA|NA|0|0|0|0|NA|0
"261476230001"|0|1|0|0|0|0|0|1|1|0|0|1|1|0|0|NA|NA|NA|NA|NA|0|0|0|0|NA|0
"261476240003"|0|1|0|0|0|0|0|1|1|0|0|1|1|0|0|NA|NA|NA|NA|NA|0|0|0|0|NA|0
"261476250001"|0|1|0|0|0|0|0|1|1|1|1|0|0|1|0|8610|12150|NA|NA|9730|122|45|124|10112826|81555.0483870968|0
"261476290002"|0|1|0|0|0|0|0|1|1|0|0|1|1|0|0|NA|NA|NA|NA|NA|0|0|0|0|NA|0
"261476360001"|0|1|0|0|0|0|0|1|1|0|0|1|1|0|0|NA|NA|NA|NA|NA|0|0|0|0|NA|0
"261490413003"|0|1|0|0|0|0|0|1|1|1|1|0|0|1|0|4488|5328|NA|NA|9000|61|14|50|3465784|69315.68|0
"261550308002"|0|1|1|0|0|0|0|1|1|1|0|0|0|1|0|9720|9720|12510|12510|5900|309|49|348|22832318|65610.1091954023|0
"261614001001"|0|1|1|0|1|1|0|1|1|1|0|0|0|0|1|16212|52669|23890|48204|11996|11697|2162|7884|913587110|115878.628868595|0
"261614002001"|0|1|1|0|1|1|0|1|1|1|0|0|0|0|1|16212|52669|23890|48204|11996|11697|2162|7884|913587110|115878.628868595|0
"261614002003"|0|1|1|0|1|1|0|1|1|1|0|0|0|0|1|16212|52669|23890|48204|11996|11697|2162|7884|913587110|115878.628868595|0
"261614002004"|0|1|1|0|1|1|0|1|1|1|0|0|0|0|1|16212|52669|23890|48204|11996|11697|2162|7884|913587110|115878.628868595|0
"261614003001"|0|1|1|0|1|1|0|1|1|1|0|0|0|0|1|16212|52669|23890|48204|11996|11697|2162|7884|913587110|115878.628868595|0
"261614003002"|0|1|1|0|1|1|0|1|1|1|0|0|0|0|1|16212|52669|23890|48204|11996|11697|2162|7884|913587110|115878.628868595|0
"261614003003"|0|1|1|0|1|1|0|1|1|1|0|0|0|0|1|16212|52669|23890|48204|11996|11697|2162|7884|913587110|115878.628868595|0
"261614023001"|0|1|1|0|0|0|0|1|1|1|0|0|0|1|0|30060|30060|12042|12042|10830|94|31|112|7047300|62922.3214285714|0
"261614023002"|0|1|1|0|0|0|0|1|1|1|0|0|0|1|0|30060|30060|12042|12042|10830|94|31|112|7047300|62922.3214285714|0
"261614060002"|0|1|0|0|0|0|0|1|1|1|1|0|0|0|1|3936|5448|NA|NA|NA|374|112|322|30610474|95063.5838509317|0
"261614070001"|0|1|0|0|0|0|0|1|1|1|1|0|0|0|1|3936|5448|NA|NA|NA|374|112|322|30610474|95063.5838509317|0
"261614110001"|0|1|1|0|0|0|0|1|1|1|0|0|0|0|1|13658|13658|18912|33600|10370|906|269|1420|121733548|85727.8507042253|0
"261614110003"|0|1|1|0|0|0|0|1|1|1|0|0|0|0|1|13658|13658|18912|33600|10370|906|269|1420|121733548|85727.8507042253|0
"261614111001"|0|1|1|0|0|0|0|1|1|1|0|0|0|0|1|13658|13658|18912|33600|10370|906|269|1420|121733548|85727.8507042253|0
"261614140002"|0|1|0|0|0|0|0|1|1|0|0|1|1|0|0|NA|NA|NA|NA|NA|0|0|0|0|NA|0
"261614140003"|0|1|0|0|0|0|0|1|1|0|0|1|1|0|0|NA|NA|NA|NA|NA|0|0|0|0|NA|0
"261635173001"|0|1|1|0|0|0|0|1|1|1|0|0|1|0|0|NA|NA|12480|12480|NA|7|1|6|181270|30211.6666666667|0
"261635180001"|0|1|1|0|0|0|0|1|1|1|0|0|0|1|0|44400|44400|48240|48240|7750|229|50|112|10065478|89870.3392857143|0
"261635180002"|0|1|1|0|0|0|0|1|1|1|0|0|0|1|0|44400|44400|48240|48240|7750|229|50|112|10065478|89870.3392857143|0
"261635202002"|0|1|1|0|0|1|0|1|1|1|0|0|0|0|1|13024|29894|16285|35274|10382|2645|378|2086|218619832|104803.371045062|0
"261635208001"|0|1|0|0|0|0|0|1|1|1|1|0|0|0|1|2839|3574|NA|NA|NA|440|122|138|9621516|69721.1304347826|0
"261635211001"|0|1|0|0|0|0|0|1|1|0|0|1|1|0|0|NA|NA|NA|NA|NA|0|0|0|0|NA|0
"261635250001"|0|1|0|0|0|0|0|1|1|0|0|1|1|0|0|NA|NA|NA|NA|NA|0|0|0|0|NA|0
"261635302004"|0|1|1|0|0|1|0|1|1|1|0|0|0|1|0|28840|28840|29268|29268|9990|561|170|644|61065706|94822.5248447205|0
"261635311001"|0|1|1|0|0|0|0|1|1|1|0|0|1|0|0|20375|20375|29539|29539|10995|32|5|30|2073104|69103.4666666667|0
"261635311002"|0|1|1|0|0|0|0|1|1|1|0|0|1|0|0|20375|20375|29539|29539|10995|32|5|30|2073104|69103.4666666667|0
"261635334001"|0|1|0|0|0|0|0|1|1|0|0|1|1|0|0|NA|NA|NA|NA|NA|0|0|0|0|NA|0
"261635334004"|0|1|0|0|0|0|0|1|1|0|0|1|1|0|0|NA|NA|NA|NA|NA|0|0|0|0|NA|0
"261635339001"|0|0|0|0|0|0|0|1|0|0|0|0|0|0|0|NA|NA|NA|NA|NA|0|0|0|0|NA|0
"261635339003"|0|0|0|0|0|0|0|1|0|0|0|0|0|0|0|NA|NA|NA|NA|NA|0|0|0|0|NA|0
"261635342001"|0|1|0|0|0|0|0|1|1|0|0|1|1|0|0|NA|NA|NA|NA|NA|0|0|0|0|NA|0
"261635343001"|0|1|0|0|0|0|0|1|1|0|0|1|1|0|0|NA|NA|NA|NA|NA|0|0|0|0|NA|0
"261635343002"|0|1|0|0|0|0|0|1|1|0|0|1|1|0|0|NA|NA|NA|NA|NA|0|0|0|0|NA|0
"261635361001"|0|1|0|0|0|0|0|1|1|0|0|1|1|0|0|NA|NA|NA|NA|NA|0|0|0|0|NA|0
"261635361002"|0|0|1|0|0|0|0|1|1|1|0|0|1|0|0|NA|NA|11574|11574|NA|0|0|0|0|NA|0
"261635361003"|0|0|1|0|0|0|0|1|1|1|0|0|1|0|0|NA|NA|11574|11574|NA|0|0|0|0|NA|0
"261635361004"|0|1|0|0|0|0|0|1|1|0|0|1|1|0|0|NA|NA|NA|NA|NA|0|0|0|0|NA|0
"261635457001"|0|3|1|0|0|0|0|3|3|2|0|1|1|1|1|37377|52413|NA|NA|NA|792|201|1072|102364730|NA|0
"261635457002"|0|1|0|0|0|0|0|1|1|0|0|1|1|0|0|20400|20400|NA|NA|NA|0|0|0|0|NA|0
"261635565001"|0|1|0|0|0|0|0|1|1|1|0|0|0|1|0|4446|6552|NA|NA|NA|327|53|176|16704928|94914.3636363636|0
"261635579001"|0|1|1|0|0|0|0|1|1|1|0|0|0|1|0|23100|23100|15930|15930|11450|191|38|180|11964238|66467.9888888889|0
"261635579002"|0|1|1|0|0|0|0|1|1|1|0|0|0|1|0|23100|23100|15930|15930|11450|191|38|180|11964238|66467.9888888889|0
"261635636001"|0|1|0|0|0|0|0|1|1|0|0|1|1|0|0|NA|NA|NA|NA|NA|0|0|0|0|NA|0
"261635641001"|0|1|0|0|0|0|0|1|1|0|0|1|1|0|0|NA|NA|NA|NA|NA|0|0|0|0|NA|0
"261635641003"|0|1|0|0|0|0|0|1|1|0|0|1|1|0|0|NA|NA|NA|NA|NA|0|0|0|0|NA|0
"261635665001"|0|1|0|0|0|0|0|1|1|0|0|1|1|0|0|29280|29280|NA|NA|NA|0|0|0|0|NA|0
"261635665002"|0|1|0|0|0|0|0|1|1|0|0|1|1|0|0|29280|29280|NA|NA|NA|0|0|0|0|NA|0
"261635715002"|0|2|1|0|0|0|0|2|2|2|0|0|0|1|1|16977|32013|NA|NA|NA|792|201|1072|102364730|195985.053712325|0
"261635730002"|0|1|0|0|0|0|0|1|1|0|0|1|1|0|0|NA|NA|NA|NA|NA|0|0|0|0|NA|0
"261635749001"|0|2|1|0|0|0|0|2|2|2|0|0|0|1|1|16977|32013|NA|NA|NA|792|201|1072|102364730|195985.053712325|0
"261635799001"|0|2|1|0|0|0|0|2|2|2|0|0|0|1|1|16977|32013|NA|NA|NA|792|201|1072|102364730|195985.053712325|0
"261635833001"|0|1|0|0|0|0|0|1|1|0|0|1|1|0|0|NA|NA|NA|NA|NA|0|0|0|0|NA|0
"261635846002"|0|1|0|0|0|0|0|1|1|0|0|1|1|0|0|NA|NA|NA|NA|NA|0|0|0|0|NA|0
"261635930003"|0|1|0|0|0|0|0|1|1|0|0|1|1|0|0|20400|20400|NA|NA|NA|0|0|0|0|NA|0
"261635940001"|0|1|0|0|0|0|0|1|1|0|0|1|1|0|0|NA|NA|NA|NA|NA|0|0|0|0|NA|0
"261635952001"|0|1|0|0|0|0|0|1|1|0|0|1|1|0|0|NA|NA|NA|NA|NA|0|0|0|0|NA|0
"261653807003"|0|1|0|0|0|0|0|1|1|0|0|1|1|0|0|NA|NA|NA|NA|NA|0|0|0|0|NA|0
"270030502271"|0|1|0|0|0|0|0|1|1|1|1|0|0|1|0|5159|5159|NA|NA|NA|39|9|110|7943434|72213.0363636364|0
"270030504011"|0|1|0|0|0|0|0|1|1|1|1|0|0|1|0|5159|5159|NA|NA|NA|39|9|110|7943434|72213.0363636364|0
"270030504012"|0|1|0|0|0|0|0|1|1|1|1|0|0|1|0|5159|5159|NA|NA|NA|39|9|110|7943434|72213.0363636364|0
"270030504022"|0|1|0|0|0|0|0|1|1|1|1|0|0|1|0|5159|5159|NA|NA|NA|39|9|110|7943434|72213.0363636364|0
"270030506051"|0|1|0|0|0|0|0|1|1|1|1|0|0|1|0|4479|4479|NA|NA|NA|184|39|248|18034244|72718.7258064516|0
"270030506101"|0|1|0|0|0|0|0|1|1|1|1|0|0|1|0|4479|4479|NA|NA|NA|184|39|248|18034244|72718.7258064516|0
"270030510021"|0|1|0|0|0|0|0|1|1|0|0|1|1|0|0|NA|NA|NA|NA|NA|0|0|0|0|NA|0
"270030510023"|0|1|0|0|0|0|0|1|1|0|0|1|1|0|0|NA|NA|NA|NA|NA|0|0|0|0|NA|0
"270074501001"|0|1|0|0|0|0|0|1|1|1|0|0|1|0|0|17034|17034|NA|NA|7110|18|2|18|779474|43304.1111111111|0
"270074506004"|0|1|1|0|0|0|0|1|1|1|0|0|0|1|0|7858|7858|7779|7779|8660|257|81|312|24654294|79020.1730769231|0
"270074507011"|0|1|0|0|0|0|0|1|1|1|1|0|1|0|0|5346|5346|NA|NA|NA|28|5|38|2599944|68419.5789473684|0
"270074507013"|0|1|0|0|0|0|0|1|1|1|1|0|1|0|0|5346|5346|NA|NA|NA|28|5|38|2599944|68419.5789473684|0
"270074507023"|0|1|0|0|0|0|0|1|1|1|0|0|1|0|0|17034|17034|NA|NA|7110|18|2|18|779474|43304.1111111111|0
"270079400011"|0|1|0|0|0|0|1|1|1|1|1|0|1|0|0|NA|NA|NA|NA|NA|17|0|14|736924|52637.4285714286|0
"270131706002"|0|1|0|0|0|0|0|1|1|1|0|0|1|0|0|27400|27400|NA|NA|8090|77|24|84|5088562|60578.119047619|0
"270131711012"|0|1|1|0|0|0|0|1|1|1|0|0|0|0|1|7394|15686|7694|7694|9854|706|211|982|84948944|86506.0529531568|0
"270159602003"|0|1|1|0|0|0|0|1|1|1|0|0|1|0|0|15870|15870|5400|5400|6260|61|24|158|8770866|55511.8101265823|0
"270170702001"|0|1|0|0|0|0|1|1|1|1|1|0|0|1|0|4910|4910|NA|NA|6842|43|10|48|3373288|70276.8333333333|0
"270170702002"|0|1|0|0|0|0|1|1|1|1|1|0|0|1|0|4910|4910|NA|NA|6842|43|10|48|3373288|70276.8333333333|0
"270190903012"|0|1|1|0|0|0|0|1|1|1|0|0|0|1|0|26480|26480|9720|9720|8930|55|16|60|3901276|65021.2666666667|0
"270190903021"|0|1|1|0|0|0|0|1|1|1|0|0|0|1|0|26480|26480|9720|9720|8930|55|16|60|3901276|65021.2666666667|0
"270190904011"|0|1|1|0|0|0|0|1|1|1|0|0|0|1|0|26480|26480|9720|9720|8930|55|16|60|3901276|65021.2666666667|0
"270190904012"|0|1|1|0|0|0|0|1|1|1|0|0|0|1|0|26480|26480|9720|9720|8930|55|16|60|3901276|65021.2666666667|0
"270219400021"|0|1|0|0|0|0|1|1|1|1|1|0|1|0|0|3696|3696|NA|NA|NA|29|4|32|1053160|32911.25|0
"270219400022"|0|1|0|0|0|0|1|1|1|1|1|0|1|0|0|3696|3696|NA|NA|NA|29|4|32|1053160|32911.25|0
"270251105011"|0|0|1|0|0|0|0|1|1|1|0|0|1|0|0|NA|NA|35156|35156|NA|8|1|12|1067828|88985.6666666667|0
"270251105021"|0|0|1|0|0|0|0|1|1|1|0|0|1|0|0|NA|NA|35156|35156|NA|8|1|12|1067828|88985.6666666667|0
"270251105022"|0|0|1|0|0|0|0|1|1|1|0|0|1|0|0|NA|NA|35156|35156|NA|8|1|12|1067828|88985.6666666667|0
"270270204001"|0|1|1|0|0|0|0|1|1|1|0|0|0|1|0|7632|15264|8550|8550|9560|304|93|416|34252334|82337.3413461538|0
"270270204002"|0|2|2|0|0|0|0|2|2|2|0|0|0|2|0|48782|56414|NA|NA|18170|666|218|740|56513266|151043.921593067|0
"270359513023"|0|1|0|0|0|0|0|1|1|1|1|0|0|1|0|4916|4916|NA|NA|NA|86|17|162|11779392|72712.2962962963|0
"270370605071"|0|1|0|0|0|0|0|1|1|1|1|0|0|1|0|4913|4913|NA|NA|NA|111|21|154|11229582|72919.3636363636|0
"270370605081"|0|2|0|0|0|0|0|2|2|2|2|0|0|2|0|10133|10133|NA|NA|NA|208|37|274|19832924|144613.88030303|0
"270370605084"|0|1|0|0|0|0|0|1|1|1|1|0|0|1|0|4913|4913|NA|NA|NA|111|21|154|11229582|72919.3636363636|0
"270370607311"|0|1|0|0|0|0|0|1|1|1|1|0|0|1|0|5220|5220|NA|NA|NA|97|16|120|8603342|71694.5166666667|0
"270370610011"|0|1|0|0|0|0|0|1|1|1|1|0|0|1|0|5220|5220|NA|NA|NA|97|16|120|8603342|71694.5166666667|0
"270370610031"|0|1|0|0|0|0|0|1|1|1|1|0|0|1|0|5220|5220|NA|NA|NA|97|16|120|8603342|71694.5166666667|0
"270370611021"|0|1|0|0|0|0|0|1|1|0|0|1|1|0|0|NA|NA|NA|NA|NA|0|0|0|0|NA|0
"270370611081"|0|1|0|0|0|0|0|1|1|0|0|1|1|0|0|NA|NA|NA|NA|NA|0|0|0|0|NA|0
"270414507012"|0|1|0|0|0|0|0|1|1|1|1|0|0|1|0|4963|4963|NA|NA|NA|59|14|126|9176076|72826|0
"270530059012"|0|1|1|0|0|0|0|1|1|1|0|0|1|0|0|6560|6560|6000|6000|5800|14|4|26|1692876|65110.6153846154|0
"270530222002"|0|1|1|0|0|0|0|1|1|1|0|0|1|0|0|13320|13320|10800|10800|NA|15|3|38|3072174|80846.6842105263|0
"270530229011"|0|1|0|0|0|0|0|1|1|1|1|0|1|0|0|NA|NA|NA|NA|NA|8|1|0|0|NA|0
"270530229013"|0|1|0|0|0|0|0|1|1|1|1|0|1|0|0|NA|NA|NA|NA|NA|8|1|0|0|NA|0
"270530234005"|0|0|1|0|0|0|0|1|1|1|0|0|1|0|0|NA|NA|NA|NA|NA|16|6|34|2365446|69571.9411764706|0
"270530256011"|0|1|0|0|0|0|0|1|1|1|0|0|1|0|0|18051|18051|NA|NA|NA|7|6|2|90000|45000|0
"270530256012"|0|1|0|0|0|0|0|1|1|1|0|0|1|0|0|18051|18051|NA|NA|NA|7|6|2|90000|45000|0
"270530256031"|0|1|1|0|0|0|0|1|1|1|0|0|0|1|0|10932|10932|12168|12168|NA|121|30|124|8337382|67236.9516129032|0
"270530257016"|0|1|0|0|0|0|0|1|1|1|1|0|0|1|0|4990|4990|NA|NA|NA|221|43|320|23362110|73006.59375|0
"270530259032"|0|1|1|0|0|0|0|1|1|1|0|0|1|0|0|14738|14738|13500|13500|8000|66|20|12|624344|52028.6666666667|0
"270530259061"|0|1|1|0|0|0|0|1|1|1|0|0|1|0|0|14738|14738|13500|13500|8000|66|20|12|624344|52028.6666666667|0
"270530259072"|0|1|1|0|0|0|0|1|1|1|0|0|1|0|0|14738|14738|13500|13500|8000|66|20|12|624344|52028.6666666667|0
"270530260071"|0|0|1|0|0|0|0|1|1|1|0|0|1|0|0|NA|NA|NA|NA|NA|16|6|34|2365446|69571.9411764706|0
"270530261041"|0|0|1|0|0|0|0|1|1|1|0|0|1|0|0|NA|NA|NA|NA|NA|16|6|34|2365446|69571.9411764706|0
"270530261042"|0|0|1|0|0|0|0|1|1|1|0|0|1|0|0|NA|NA|NA|NA|NA|16|6|34|2365446|69571.9411764706|0
"270530266062"|0|1|0|0|0|0|0|1|1|0|0|1|1|0|0|NA|NA|NA|NA|NA|0|0|0|0|NA|0
"270530266131"|0|1|0|0|0|0|0|1|1|0|0|1|1|0|0|NA|NA|NA|NA|NA|0|0|0|0|NA|0
"270530268073"|0|1|0|0|0|0|0|1|1|1|1|0|0|1|0|4700|4700|NA|NA|NA|148|30|206|14905144|72355.0679611651|0
"270530268076"|0|1|0|0|0|0|0|1|1|1|1|0|0|1|0|4700|4700|NA|NA|NA|148|30|206|14905144|72355.0679611651|0
"270530268163"|0|1|0|0|0|0|0|1|1|1|1|0|0|1|0|4080|4080|NA|NA|NA|140|22|196|14256978|72739.6836734694|0
"270530268164"|0|1|0|0|0|0|0|1|1|1|1|0|0|1|0|4080|4080|NA|NA|NA|140|22|196|14256978|72739.6836734694|0
"270530272016"|0|1|0|0|0|0|0|1|1|0|0|1|1|0|0|NA|NA|NA|NA|NA|0|0|0|0|NA|0
"270530273004"|0|1|0|0|0|0|0|1|1|0|0|1|1|0|0|NA|NA|NA|NA|NA|0|0|0|0|NA|0
"270531034003"|0|1|0|0|0|0|0|1|1|0|0|1|1|0|0|NA|NA|NA|NA|NA|0|0|0|0|NA|0
"270531037002"|0|1|0|0|0|0|0|1|1|0|0|1|1|0|0|NA|NA|NA|NA|NA|0|0|0|0|NA|0
"270531037003"|0|1|0|0|0|0|0|1|1|0|0|1|1|0|0|NA|NA|NA|NA|NA|0|0|0|0|NA|0
"270531048002"|0|1|1|0|0|0|0|1|1|1|0|0|1|0|0|6560|6560|6000|6000|5800|14|4|26|1692876|65110.6153846154|0
"270531048003"|0|1|1|0|0|0|0|1|1|1|0|0|0|1|0|39295|39295|13006|13006|10556|343|108|358|28154464|78643.7541899441|0
"270531049004"|0|1|1|0|0|1|0|1|1|1|0|0|0|0|1|13318|31616|17580|27204|10358|12091|2009|4944|591289258|119597.341828479|0
"270531051002"|0|1|0|0|0|0|0|1|1|1|0|0|0|1|0|21397|21397|NA|NA|11268|89|9|178|13527294|75996.0337078652|0
"270531052012"|0|1|0|0|0|0|0|1|1|1|1|0|0|1|0|4797|4797|NA|NA|NA|200|45|234|17201094|73508.9487179487|0
"270531054001"|0|1|1|0|0|0|0|1|1|1|0|0|0|1|0|24340|24340|9450|9450|7780|145|45|76|4700528|61849.0526315789|0
"270531054002"|0|1|1|0|0|0|0|1|1|1|0|0|0|1|0|24340|24340|9450|9450|7780|145|45|76|4700528|61849.0526315789|0
"270531055003"|0|1|0|0|0|0|0|1|1|1|0|0|0|1|0|21397|21397|NA|NA|11268|89|9|178|13527294|75996.0337078652|0
"270531062003"|0|1|0|0|0|0|0|1|1|0|0|1|1|0|0|NA|NA|NA|NA|NA|0|0|0|0|NA|0
"270531065002"|0|1|0|0|0|0|0|1|1|1|0|0|0|1|0|21397|21397|NA|NA|11268|89|9|178|13527294|75996.0337078652|0
"270531069002"|0|1|1|0|0|0|0|1|1|1|0|0|1|0|0|39946|39946|39946|39946|8156|120|13|78|5476974|70217.6153846154|0
"270531255001"|0|1|0|0|0|0|0|1|1|0|0|1|1|0|0|NA|NA|NA|NA|NA|0|0|0|0|NA|0
"270531255002"|0|1|0|0|0|0|0|1|1|0|0|1|1|0|0|NA|NA|NA|NA|NA|0|0|0|0|NA|0
"270531261003"|0|2|1|0|0|0|0|2|2|2|0|0|1|0|1|32598|32598|NA|NA|NA|883|366|444|37427288|135572.425925926|0
"270531261004"|0|1|1|0|0|0|0|1|1|1|0|0|0|0|1|10428|10428|12039|12039|NA|736|65|438|37187348|84902.6210045662|0
"270531262001"|0|1|0|0|0|0|0|1|1|1|0|0|1|0|0|18450|18450|NA|NA|NA|16|0|12|604000|50333.3333333333|0
"270570701002"|0|1|0|0|0|0|0|1|1|1|0|0|1|0|0|17034|17034|NA|NA|7110|18|2|18|779474|43304.1111111111|0
"270570701003"|0|1|0|0|0|0|0|1|1|1|0|0|1|0|0|17034|17034|NA|NA|7110|18|2|18|779474|43304.1111111111|0
"270614809004"|0|1|0|0|0|0|0|1|1|1|1|0|0|1|0|4871|6088|NA|NA|8144|25|5|50|3608518|72170.36|0
"270677805002"|0|1|0|0|0|0|0|1|1|1|1|0|0|1|0|5316|5316|NA|NA|NA|94|24|196|13951872|71183.0204081633|0
"270717902001"|0|1|0|0|0|0|0|1|1|1|1|0|1|0|0|4871|6088|NA|NA|5600|7|1|12|836474|69706.1666666667|0
"270833605002"|0|1|1|0|0|0|0|1|1|1|0|0|0|1|0|7722|7722|7374|7374|8278|165|55|196|16741546|85416.0510204082|0
"270879401003"|0|1|0|0|0|0|1|1|1|1|1|0|1|0|0|3432|3432|NA|NA|NA|25|8|4|185756|46439|0
"270990002001"|0|1|0|0|0|0|0|1|1|1|1|0|0|1|0|5086|5086|NA|NA|5708|93|16|136|9687370|71230.6617647059|0
"271034804001"|0|1|0|0|0|0|0|1|1|1|0|0|0|1|0|46520|46520|NA|NA|10160|370|154|416|26888582|64636.0144230769|0
"271034804002"|0|1|0|0|0|0|0|1|1|1|0|0|0|1|0|46520|46520|NA|NA|10160|370|154|416|26888582|64636.0144230769|0
"271034805011"|0|1|0|0|0|0|0|1|1|1|1|0|0|1|0|4835|4835|NA|NA|NA|111|20|170|12219698|71880.5764705882|0
"271051051003"|0|1|0|0|0|0|0|1|1|0|0|1|1|0|0|NA|NA|NA|NA|NA|0|0|0|0|NA|0
"271051054001"|0|1|0|0|0|0|0|1|1|0|0|1|1|0|0|NA|NA|NA|NA|NA|0|0|0|0|NA|0
"271090001001"|0|2|1|0|0|1|0|2|2|2|0|0|1|1|0|23413|23413|NA|NA|NA|107|44|74|4224654|NA|0
"271090002003"|0|1|0|0|0|0|0|1|1|1|1|0|0|1|0|5817|5817|NA|NA|NA|152|33|212|15876832|74890.7169811321|0
"271090009012"|0|1|0|0|0|0|0|1|1|1|1|0|0|1|0|5817|5817|NA|NA|NA|152|33|212|15876832|74890.7169811321|0
"271090014021"|0|1|0|0|0|0|0|1|0|0|0|0|0|0|0|NA|NA|NA|NA|NA|0|0|0|0|NA|0
"271090014023"|0|1|0|0|0|0|0|1|0|0|0|0|0|0|0|NA|NA|NA|NA|NA|0|0|0|0|NA|0
"271090017011"|0|1|0|0|0|0|0|1|0|0|0|0|1|0|0|NA|NA|NA|NA|NA|0|0|0|0|NA|0
"271090017031"|0|1|0|0|0|0|0|1|1|0|0|1|1|0|0|NA|NA|NA|NA|NA|0|0|0|0|NA|0
"271119609001"|0|1|0|0|0|0|0|1|1|1|1|0|0|1|0|4965|4965|NA|NA|6724|141|42|248|17877818|72087.9758064516|0
"271130901002"|0|1|0|0|0|0|0|1|1|1|1|0|0|1|0|5099|5099|NA|NA|NA|74|20|176|12655534|71906.4431818182|0
"271130902001"|0|1|0|0|0|0|0|1|1|1|1|0|0|1|0|5099|5099|NA|NA|NA|74|20|176|12655534|71906.4431818182|0
"271130902003"|0|1|0|0|0|0|0|1|1|1|1|0|0|1|0|5099|5099|NA|NA|NA|74|20|176|12655534|71906.4431818182|0
"271130905001"|0|1|0|0|0|0|0|1|1|1|1|0|0|1|0|5099|5099|NA|NA|NA|74|20|176|12655534|71906.4431818182|0
"271159506001"|0|1|0|0|0|0|0|1|1|1|1|0|0|1|0|3786|7572|NA|NA|NA|44|15|50|3452066|69041.32|0
"271159507002"|0|1|0|0|0|0|0|1|1|1|1|0|0|1|0|3786|7572|NA|NA|NA|44|15|50|3452066|69041.32|0
"271190206002"|0|1|0|0|0|0|0|1|1|1|0|0|0|1|0|10438|10438|NA|NA|9020|165|60|142|9894650|69680.6338028169|0
"271230301001"|0|0|1|0|0|0|0|1|1|1|0|0|1|0|0|NA|NA|18000|18000|NA|69|27|48|3756000|78250|0
"271230301005"|0|0|1|0|0|0|0|1|1|1|0|0|1|0|0|NA|NA|18000|18000|NA|69|27|48|3756000|78250|0
"271230321001"|0|1|1|0|0|0|0|1|1|1|0|0|0|1|0|41734|41734|9596|9596|10592|290|62|304|20792024|68394.8157894737|0
"271230321002"|0|1|1|0|0|0|0|1|1|1|0|0|0|1|0|41734|41734|9596|9596|10592|290|62|304|20792024|68394.8157894737|0
"271230331002"|0|1|1|0|0|0|0|1|1|1|0|0|0|1|0|7031|14345|8082|16164|NA|314|66|264|22818466|86433.5833333333|0
"271230332002"|0|0|1|0|0|0|0|1|1|1|0|0|1|0|0|NA|NA|11610|11610|NA|12|1|18|1106146|61452.5555555556|0
"271230334001"|0|1|1|0|0|0|0|1|1|1|0|0|0|1|0|22800|22800|8550|8550|9200|150|75|172|12803086|74436.5465116279|0
"271230334002"|0|1|1|0|0|0|0|1|1|1|0|0|0|1|0|22800|22800|8550|8550|9200|150|75|172|12803086|74436.5465116279|0
"271230334003"|0|1|1|0|0|0|0|1|1|1|0|0|0|1|0|22800|22800|8550|8550|9200|150|75|172|12803086|74436.5465116279|0
"271230337001"|0|1|0|0|0|0|0|1|1|1|1|0|0|1|0|4996|4996|NA|NA|NA|160|25|232|16379188|70599.9482758621|0
"271230340001"|0|1|0|0|0|0|0|1|1|1|1|0|0|1|0|4996|4996|NA|NA|NA|160|25|232|16379188|70599.9482758621|0
"271230342011"|0|1|1|0|0|0|0|1|1|0|0|0|0|0|0|NA|NA|NA|NA|NA|302|57|0|0|NA|0
"271230349001"|0|1|1|0|0|0|0|1|1|1|0|0|0|1|0|44780|44780|24766|24766|11162|977|230|832|82130488|98714.5288461538|0
"271230351001"|0|1|0|0|0|0|0|1|1|1|0|0|0|1|0|56062|56062|NA|NA|12592|428|120|422|41340854|97964.1090047393|0
"271230363004"|0|1|1|0|0|0|0|1|1|1|0|0|0|1|0|32522|32522|15948|15948|9300|395|145|488|34386938|70465.0368852459|0
"271230408021"|0|1|2|0|0|0|0|2|1|1|0|0|0|1|0|NA|NA|NA|NA|NA|443|204|394|28315832|NA|0
"271230413011"|0|1|0|0|0|0|0|1|1|1|1|0|1|0|0|15120|15120|NA|NA|NA|0|0|0|0|NA|0
"271230413021"|0|1|1|0|0|0|0|1|1|1|0|0|0|1|0|31580|31580|8982|8982|9660|322|92|150|9566340|63775.6|0
"271230413022"|0|0|1|0|0|0|0|1|1|1|0|0|1|0|0|NA|NA|14787|14787|NA|3|0|20|1269056|63452.8|0
"271230418003"|0|2|0|0|0|0|0|2|1|1|1|0|2|0|0|NA|NA|NA|NA|NA|0|0|0|0|NA|0
"271230418004"|0|2|0|0|0|0|0|2|1|1|1|0|2|0|0|NA|NA|NA|NA|NA|0|0|0|0|NA|0
"271230420021"|0|0|1|0|0|0|0|1|1|1|0|0|1|0|0|NA|NA|18000|18000|NA|69|27|48|3756000|78250|0
"271230429001"|0|0|1|0|0|0|0|1|1|1|0|0|0|1|0|NA|NA|32500|32500|NA|130|46|76|2500740|32904.4736842105|0
"271230429002"|0|0|1|0|0|0|0|1|1|1|0|0|0|1|0|NA|NA|32500|32500|NA|130|46|76|2500740|32904.4736842105|0
"271310705011"|0|1|0|0|0|0|0|1|1|1|0|0|0|1|0|56778|56778|NA|NA|14658|367|77|498|56087594|112625.690763052|0
"271310706022"|0|1|0|0|0|0|0|1|1|1|0|0|0|1|0|49710|49710|NA|NA|11270|364|82|418|33041700|79047.1291866029|0
"271370004003"|0|1|1|0|0|0|0|1|1|1|0|0|0|1|0|37622|37622|13986|13986|10088|304|127|476|34321402|72103.7857142857|0
"271370019001"|0|1|0|0|0|0|0|1|1|0|0|1|1|0|0|NA|NA|NA|NA|NA|0|0|0|0|NA|0
"271370023001"|0|1|0|0|0|0|0|1|1|1|1|0|0|1|0|4549|4549|NA|NA|NA|104|27|176|12315272|69973.1363636364|0
"271370124005"|0|1|0|0|0|0|0|1|1|1|1|0|0|1|0|4871|6088|NA|NA|6075|32|7|70|4963524|70907.4857142857|0
"271370128004"|0|1|0|0|0|0|0|1|1|1|1|0|0|1|0|4871|6088|NA|NA|8960|31|3|54|3891258|72060.3333333333|0
"271370130001"|0|1|0|0|0|0|0|1|1|1|1|0|0|1|0|4871|6088|NA|NA|8960|31|3|54|3891258|72060.3333333333|0
"271370153005"|0|1|0|0|0|0|0|1|1|1|1|0|1|0|0|4871|6088|NA|NA|7197|22|6|28|1920488|68588.8571428571|0
"271370154001"|0|1|0|0|0|0|0|1|1|1|1|0|1|0|0|4871|6088|NA|NA|7197|22|6|28|1920488|68588.8571428571|0
"271370157002"|0|1|1|0|0|1|0|1|1|1|0|0|0|0|1|12194|17394|17580|27204|8374|971|248|972|75281590|77450.195473251|0
"271370157003"|0|1|1|0|0|1|0|1|1|1|0|0|0|0|1|12194|17394|17580|27204|8374|971|248|972|75281590|77450.195473251|0
"271450003021"|0|1|0|0|0|0|0|1|1|0|0|1|1|0|0|NA|NA|NA|NA|NA|0|0|0|0|NA|0
"271450005004"|0|1|1|0|0|0|0|1|1|1|0|0|0|1|0|9360|9360|8640|8640|NA|295|19|162|11679056|72092.9382716049|0
"271450009011"|0|1|0|0|0|0|0|1|1|1|1|0|0|1|0|4910|4910|NA|NA|NA|106|29|184|13205366|71768.2934782609|0
"271450010013"|0|1|0|0|0|0|0|1|1|1|1|0|0|1|0|4910|4910|NA|NA|NA|106|29|184|13205366|71768.2934782609|0
"271450101023"|0|1|0|0|0|0|0|1|1|1|1|0|0|1|0|4910|4910|NA|NA|NA|106|29|184|13205366|71768.2934782609|0
"271450113012"|0|1|1|0|0|0|0|1|1|1|0|0|0|1|0|45730|45730|17100|17100|10526|305|99|276|21421968|77615.8260869565|0
"271450113013"|0|1|0|0|0|0|0|1|1|1|0|0|0|1|0|45730|45730|NA|NA|11068|281|70|284|21988828|77425.4507042254|0
"271450113014"|0|1|0|0|0|0|0|1|1|1|0|0|0|1|0|45730|45730|NA|NA|11068|281|70|284|21988828|77425.4507042254|0
"271450113042"|0|1|1|0|0|0|0|1|1|1|0|0|0|1|0|45730|45730|17100|17100|10526|305|99|276|21421968|77615.8260869565|0
"271450113043"|0|1|1|0|0|0|0|1|1|1|0|0|0|1|0|45730|45730|17100|17100|10526|305|99|276|21421968|77615.8260869565|0
"271450116004"|0|1|1|0|0|0|0|1|1|1|0|0|0|0|1|7394|15686|7460|11334|8900|541|166|814|72813060|89450.9336609337|0
"271494802003"|0|1|0|0|0|0|0|1|1|1|0|0|0|1|0|12324|14378|NA|NA|8452|212|74|236|15902934|67385.313559322|0
"271630703033"|0|1|0|0|0|0|0|1|1|1|1|0|0|1|0|4962|4962|NA|NA|NA|205|47|304|22743500|74814.1447368421|0
"271630710012"|0|1|0|0|0|0|0|1|1|0|0|1|1|0|0|NA|NA|NA|NA|NA|0|0|0|0|NA|0
"271696703001"|0|1|1|0|0|0|0|1|1|1|0|0|0|1|0|36050|36050|9180|9180|9350|358|130|206|13802964|67004.6796116505|0
"271696705005"|0|1|1|0|0|0|0|1|1|1|0|0|0|1|0|7598|13698|7488|11286|9098|369|110|608|50897330|83712.7138157895|0
"271696706003"|0|1|0|0|0|0|0|1|1|1|1|0|0|1|0|5020|5020|NA|NA|NA|48|4|88|6376648|72461.9090909091|0
"271696707002"|0|1|0|0|0|0|0|1|1|1|1|0|0|1|0|5020|5020|NA|NA|NA|48|4|88|6376648|72461.9090909091|0
"271696708002"|0|1|0|0|0|0|0|1|1|1|1|0|0|1|0|5020|5020|NA|NA|NA|48|4|88|6376648|72461.9090909091|0
"271739701003"|0|1|0|0|0|0|0|1|1|1|1|0|0|1|0|5300|10600|NA|NA|6500|55|11|146|10245574|70175.1643835616|0
"280039503003"|0|1|0|0|0|0|0|1|1|0|0|1|1|0|0|NA|NA|NA|NA|NA|0|0|0|0|NA|0
"280119506001"|0|1|1|0|0|0|0|1|1|1|0|0|0|1|0|7501|7501|7501|7501|7908|318|100|310|18806336|60665.6|0
"280119506005"|0|1|1|0|0|0|0|1|1|1|0|0|0|1|0|7501|7501|7501|7501|7908|318|100|310|18806336|60665.6|0
"280119507011"|0|1|0|0|0|0|0|1|1|0|0|1|1|0|0|NA|NA|NA|NA|NA|0|0|0|0|NA|0
"280219503001"|0|1|1|1|0|0|0|1|1|1|0|0|0|1|0|5910|5910|5910|5910|10374|506|198|316|19168698|60660.4367088608|0
"280279502001"|0|1|0|1|0|0|0|1|1|1|1|0|0|1|0|2850|2850|NA|NA|4520|141|72|160|8599152|53744.7|0
"280299505004"|0|1|0|0|0|0|0|1|1|1|1|0|0|1|0|2800|4800|NA|NA|4050|196|64|206|9750946|47334.6893203884|0
"280330703101"|0|1|0|0|0|0|0|1|1|0|0|1|1|0|0|NA|NA|NA|NA|NA|0|0|0|0|NA|0
"280330705211"|0|1|0|0|0|0|0|1|1|1|1|0|1|0|0|NA|NA|NA|NA|NA|19|7|8|284420|35552.5|0
"280330705221"|0|1|0|0|0|0|0|1|1|1|1|0|1|0|0|NA|NA|NA|NA|NA|19|7|8|284420|35552.5|0
"280330705222"|0|1|0|0|0|0|0|1|1|1|1|0|1|0|0|NA|NA|NA|NA|NA|19|7|8|284420|35552.5|0
"280350003001"|0|1|0|0|0|0|0|1|1|0|0|1|1|0|0|NA|NA|NA|NA|NA|0|0|0|0|NA|0
"280350006003"|0|1|1|0|0|1|0|1|1|1|0|0|0|1|0|11850|11850|9600|9600|6272|234|110|366|26426394|72203.262295082|0
"280350009001"|0|1|1|0|0|0|0|1|1|1|0|0|0|0|1|8786|10786|8786|10786|10937|1552|314|1318|97290026|73816.4081942337|0
"280350009002"|0|1|1|0|0|0|0|1|1|1|0|0|0|0|1|8786|10786|8786|10786|10937|1552|314|1318|97290026|73816.4081942337|0
"280350011001"|0|2|0|0|0|0|0|2|2|1|1|1|2|0|0|NA|NA|NA|NA|NA|0|0|0|0|NA|0
"280439503002"|0|1|0|0|0|0|0|1|1|0|0|1|1|0|0|NA|NA|NA|NA|NA|0|0|0|0|NA|0
"280470019002"|0|1|0|0|0|0|0|1|1|0|0|1|1|0|0|NA|NA|NA|NA|NA|0|0|0|0|NA|0
"280470032081"|0|1|0|0|0|0|0|1|1|0|0|1|1|0|0|NA|NA|NA|NA|NA|0|0|0|0|NA|0
"280470034023"|0|1|0|0|0|0|0|1|1|0|0|1|1|0|0|NA|NA|NA|NA|NA|0|0|0|0|NA|0
"280490001001"|0|1|0|0|0|0|0|1|1|0|0|1|1|0|0|NA|NA|NA|NA|NA|0|0|0|0|NA|0
"280490003024"|0|1|0|0|0|0|0|1|1|0|0|1|1|0|0|NA|NA|NA|NA|NA|0|0|0|0|NA|0
"280490014001"|0|2|1|0|0|0|0|2|2|0|0|0|0|0|0|NA|NA|NA|NA|NA|147|20|0|0|NA|0
"280490015001"|0|1|1|0|0|0|0|1|1|1|0|0|0|1|0|25826|25826|10170|10170|8800|238|66|166|8784434|52918.2771084337|0
"280490016002"|0|1|1|0|0|0|0|1|1|1|0|0|1|0|0|38600|38600|23568|23568|14210|162|82|162|11523892|71135.1358024691|0
"280490027001"|0|1|1|1|0|0|0|1|1|1|0|0|0|1|0|8270|8270|8270|8270|9702|645|324|676|44621726|66008.4704142012|0
"280490027002"|0|1|1|0|0|0|0|1|1|1|0|0|1|0|0|13320|13320|14940|14940|NA|9|0|2|200980|100490|0
"280490032001"|0|1|1|1|0|0|0|1|1|1|0|0|0|1|0|8270|8270|8270|8270|9702|645|324|676|44621726|66008.4704142012|0
"280490101021"|0|1|0|0|0|0|0|1|1|0|0|1|1|0|0|NA|NA|NA|NA|NA|0|0|0|0|NA|0
"280490102011"|0|1|0|0|0|0|0|1|1|1|1|0|1|0|0|15980|15980|NA|NA|NA|0|0|0|0|NA|0
"280490104001"|0|2|1|0|0|0|0|2|2|1|0|1|1|1|0|NA|NA|NA|NA|NA|278|124|436|31672612|NA|0
"280490107003"|0|1|0|0|0|0|0|1|1|1|1|0|0|0|1|3200|6250|NA|NA|4800|656|224|852|41599604|48825.8262910798|0
"280490110022"|0|1|0|0|0|0|0|1|1|0|0|1|1|0|0|NA|NA|NA|NA|NA|0|0|0|0|NA|0
"280490111031"|0|1|1|0|0|0|0|1|1|1|0|0|1|0|0|13320|13320|14940|14940|NA|9|0|2|200980|100490|0
"280490115001"|0|1|1|1|0|0|0|1|1|1|0|0|0|1|0|8270|8270|8270|8270|9702|645|324|676|44621726|66008.4704142012|0
"280490115002"|0|1|1|1|0|0|0|1|1|1|0|0|0|1|0|8270|8270|8270|8270|9702|645|324|676|44621726|66008.4704142012|0
"280519505002"|0|1|0|0|0|0|0|1|1|1|1|0|0|1|0|2600|5180|NA|NA|3150|216|63|268|15807314|58982.5149253731|0
"280579503002"|0|1|0|0|0|0|0|1|1|1|1|0|0|1|0|2900|5100|NA|NA|3875|228|86|294|19347846|65809|0
"280679504024"|0|1|0|0|0|0|0|1|1|1|0|0|1|0|0|6000|6000|NA|NA|5000|10|3|0|0|NA|0
"280679506001"|0|1|0|0|0|0|0|1|1|0|0|1|1|0|0|NA|NA|NA|NA|NA|0|0|0|0|NA|0
"280679506004"|0|1|0|0|0|0|0|1|1|0|0|1|1|0|0|NA|NA|NA|NA|NA|0|0|0|0|NA|0
"280679510002"|0|1|0|0|0|0|0|1|1|1|1|0|0|1|0|3750|5750|NA|NA|3932|219|109|282|14890202|52802.134751773|0
"280679510004"|0|1|0|0|0|0|0|1|1|1|1|0|0|1|0|3750|5750|NA|NA|3932|219|109|282|14890202|52802.134751773|0
"280690301001"|0|1|0|0|0|0|0|1|1|1|1|0|0|1|0|3300|6300|NA|NA|4850|206|92|196|11667912|59530.1632653061|0
"280719503012"|0|1|1|0|1|1|0|1|1|1|0|0|0|0|1|8718|24990|8718|24989|10734|8315|1476|2248|207495048|92302.0676156584|0
"280719503013"|0|1|1|0|1|1|0|1|1|1|0|0|0|0|1|8718|24990|8718|24989|10734|8315|1476|2248|207495048|92302.0676156584|0
"280719503014"|0|1|1|0|1|1|0|1|1|1|0|0|0|0|1|8718|24990|8718|24989|10734|8315|1476|2248|207495048|92302.0676156584|0
"280730203012"|0|1|0|0|0|0|0|1|1|0|0|1|1|0|0|NA|NA|NA|NA|NA|0|0|0|0|NA|0
"280750008002"|0|1|0|0|0|0|0|1|1|1|1|0|0|1|0|3024|4004|NA|NA|5280|195|73|268|13256472|49464.447761194|0
"280839503001"|0|1|1|1|0|0|0|1|1|1|0|0|0|1|0|6726|6726|7560|7560|7998|272|96|218|11831032|54270.7889908257|0
"280839503003"|0|1|1|1|0|0|0|1|1|1|0|0|0|1|0|6726|6726|7560|7560|7998|272|96|218|11831032|54270.7889908257|0
"280839503004"|0|1|1|1|0|0|0|1|1|1|0|0|0|1|0|6726|6726|7560|7560|7998|272|96|218|11831032|54270.7889908257|0
"280870007004"|0|1|1|0|0|0|0|1|1|1|0|0|0|1|0|7425|7425|7425|7425|7648|177|93|280|16736334|59772.6214285714|0
"280890301051"|0|1|1|1|0|0|0|1|1|1|0|0|1|0|0|10258|10258|10134|10134|6400|181|68|120|5135530|42796.0833333333|0
"280890301053"|0|2|1|1|0|0|0|2|2|1|0|1|2|0|0|NA|NA|NA|NA|NA|181|68|120|5135530|NA|0
"280890301054"|0|1|1|1|0|0|0|1|1|1|0|0|1|0|0|10258|10258|10134|10134|6400|181|68|120|5135530|42796.0833333333|0
"280890301062"|0|0|1|0|0|0|0|1|1|1|0|0|1|0|0|NA|NA|14000|14000|NA|8|0|10|551126|55112.6|0
"280890301064"|0|0|1|0|0|0|0|1|1|1|0|0|1|0|0|NA|NA|14000|14000|NA|8|0|10|551126|55112.6|0
"280890302061"|0|1|0|0|0|0|0|1|1|0|0|1|1|0|0|NA|NA|NA|NA|NA|0|0|0|0|NA|0
"280890303023"|0|1|0|0|0|0|0|1|1|0|0|1|1|0|0|NA|NA|NA|NA|NA|0|0|0|0|NA|0
"280939504023"|0|1|0|1|0|0|0|1|1|1|0|0|1|0|0|9900|9900|NA|NA|4300|137|40|92|4225732|45931.8695652174|0
"280959505022"|0|1|0|0|0|0|0|1|1|0|0|1|1|0|0|NA|NA|NA|NA|NA|0|0|0|0|NA|0
"280959506003"|0|1|0|0|0|0|0|1|1|0|0|1|1|0|0|NA|NA|NA|NA|NA|0|0|0|0|NA|0
"280959508004"|0|1|0|0|0|0|0|1|1|0|0|1|1|0|0|NA|NA|NA|NA|NA|0|0|0|0|NA|0
"281010503001"|0|1|0|0|0|0|0|1|1|1|1|0|0|1|0|2660|4760|NA|NA|3830|130|45|166|8435928|50818.843373494|0
"281010503005"|0|1|0|0|0|0|0|1|1|1|1|0|0|1|0|2660|4760|NA|NA|3830|130|45|166|8435928|50818.843373494|0
"281059501003"|0|1|1|0|0|1|0|1|1|1|0|0|0|0|1|8800|23840|8800|23840|10436|3705|838|1902|162474320|85422.8811777077|0
"281059504003"|0|1|1|0|0|1|0|1|1|1|0|0|0|0|1|8800|23840|8800|23840|10436|3705|838|1902|162474320|85422.8811777077|0
"281059506011"|0|1|1|0|0|1|0|1|1|1|0|0|0|0|1|8800|23840|8800|23840|10436|3705|838|1902|162474320|85422.8811777077|0
"281099503002"|0|1|0|0|0|0|0|1|1|1|1|0|0|1|0|3250|5648|NA|NA|4700|231|72|380|18935978|49831.5210526316|0
"281139502002"|0|1|0|0|0|0|0|1|1|1|1|0|0|1|0|2880|5580|NA|NA|3900|127|35|138|7739060|56080.1449275362|0
"281159503002"|0|1|0|0|0|0|0|1|1|0|0|1|1|0|0|NA|NA|NA|NA|NA|0|0|0|0|NA|0
"281179503002"|0|1|0|0|0|0|0|1|1|1|1|0|0|1|0|3310|6290|NA|NA|4196|182|73|242|12734558|52622.1404958678|0
"281210207011"|0|1|0|0|0|0|0|1|1|0|0|1|1|0|0|NA|NA|NA|NA|NA|0|0|0|0|NA|0
"281310202021"|0|1|0|0|0|0|0|1|1|1|1|0|0|1|0|3100|6200|NA|NA|4700|459|173|554|29997738|54147.5415162455|0
"281339505001"|0|1|0|0|0|0|0|1|1|1|1|0|0|1|0|3060|5260|NA|NA|3100|145|55|198|10576824|53418.303030303|0
"281339506002"|0|1|0|0|0|0|0|1|1|1|1|0|0|1|0|3060|5260|NA|NA|3100|145|55|198|10576824|53418.303030303|0
"281379504002"|0|1|0|0|0|0|0|1|1|1|1|0|0|1|0|3000|3000|NA|NA|3500|349|65|430|23847144|55458.4744186047|0
"281399502003"|0|1|0|0|0|0|0|1|1|0|0|1|1|0|0|NA|NA|NA|NA|NA|0|0|0|0|NA|0
"281399503001"|0|1|0|0|0|0|0|1|1|0|0|1|1|0|0|NA|NA|NA|NA|NA|0|0|0|0|NA|0
"281399503003"|0|1|0|0|0|0|0|1|1|0|0|1|1|0|0|NA|NA|NA|NA|NA|0|0|0|0|NA|0
"281399504004"|0|1|1|0|0|0|0|1|1|1|0|0|1|0|0|14100|14100|10530|10530|7100|63|36|74|3693124|49907.0810810811|0
"281510014002"|0|1|0|0|0|0|0|1|1|0|0|1|1|0|0|NA|NA|NA|NA|NA|0|0|0|0|NA|0
"290019503004"|0|0|1|0|0|1|0|1|1|1|0|0|0|1|0|NA|NA|36336|36336|NA|473|114|338|39571668|117075.940828402|0
"290019504003"|0|1|0|0|0|0|0|1|1|0|0|1|1|0|0|NA|NA|NA|NA|NA|0|0|0|0|NA|0
"290019505006"|0|0|1|0|0|1|0|1|1|1|0|0|0|1|0|NA|NA|36336|36336|NA|473|114|338|39571668|117075.940828402|0
"290019510001"|0|1|1|0|0|0|0|1|1|1|0|0|0|1|0|7796|14990|9160|15862|9012|393|170|590|38840312|65831.0372881356|0
"290019510002"|0|1|1|0|0|0|0|1|1|1|0|0|0|1|0|7796|14990|9160|15862|9012|393|170|590|38840312|65831.0372881356|0
"290019510003"|0|1|1|0|0|0|0|1|1|1|0|0|0|1|0|7796|14990|9160|15862|9012|393|170|590|38840312|65831.0372881356|0
"290190002002"|0|1|1|0|0|0|0|1|1|1|0|0|1|0|0|22500|22500|8190|8190|10632|134|31|82|5042062|61488.5609756098|0
"290190005001"|0|1|1|0|1|1|0|1|1|1|0|0|0|0|1|9120|26991|9264|25363|10508|5556|1626|2526|242343142|95939.4861441013|0
"290190011034"|0|1|1|0|0|0|0|1|1|0|0|0|0|0|0|NA|NA|NA|NA|NA|454|69|0|0|NA|0
"290190011043"|0|1|0|0|0|0|0|1|1|0|0|1|0|0|0|NA|NA|NA|NA|NA|0|0|0|0|NA|0
"290190015043"|0|1|0|0|0|0|0|1|1|0|0|1|1|0|0|NA|NA|NA|NA|NA|0|0|0|0|NA|0
"290190015044"|0|1|0|0|0|0|0|1|1|0|0|1|1|0|0|NA|NA|NA|NA|NA|0|0|0|0|NA|0
"290190021002"|0|1|1|0|0|0|0|1|1|1|0|0|0|1|0|10912|10912|8602|8602|8400|579|264|144|10250636|71184.9722222222|0
"290210006002"|0|1|1|0|0|0|0|1|1|1|0|0|1|0|0|NA|NA|NA|NA|NA|12|0|0|0|NA|0
"290210006003"|0|1|0|0|0|0|0|1|0|0|0|1|1|0|0|NA|NA|NA|NA|NA|0|0|0|0|NA|0
"290210007012"|0|1|1|0|0|0|0|1|1|1|0|0|0|1|0|6096|12573|7188|11581|9125|276|110|420|25139040|59854.8571428571|0
"290210009002"|0|1|0|0|0|0|0|1|0|0|0|1|1|0|0|NA|NA|NA|NA|NA|0|0|0|0|NA|0
"290239501003"|0|1|0|0|0|0|0|1|1|0|0|1|1|0|0|NA|NA|NA|NA|NA|0|0|0|0|NA|0
"290239502012"|0|1|0|0|0|0|0|1|1|0|0|1|1|0|0|NA|NA|NA|NA|NA|0|0|0|0|NA|0
"290239503002"|0|1|0|0|0|0|0|1|1|0|0|1|1|0|0|NA|NA|NA|NA|NA|0|0|0|0|NA|0
"290239503003"|0|2|0|0|0|0|0|2|2|1|1|1|1|1|0|NA|NA|NA|NA|NA|112|61|130|6389276|NA|0
"290239503004"|0|1|0|0|0|0|0|1|1|1|1|0|0|1|0|4200|5340|NA|NA|6880|112|61|130|6389276|49148.2769230769|0
"290270704001"|0|1|0|0|0|0|0|1|1|1|0|0|1|0|0|27240|27240|NA|NA|10478|86|29|104|5916738|56891.7115384615|0
"290270704002"|0|1|1|0|0|0|0|1|1|1|0|0|0|1|0|23950|23950|6480|6480|9890|150|54|128|6494650|50739.453125|0
"290270704004"|0|1|1|0|0|0|0|1|1|1|0|0|0|1|0|23950|23950|6480|6480|9890|150|54|128|6494650|50739.453125|0
"290299505003"|0|1|0|0|0|0|0|1|1|0|0|1|1|0|0|3850|3850|NA|NA|NA|0|0|0|0|NA|0
"290318807003"|0|1|1|0|0|0|0|1|1|1|0|0|0|0|1|6606|12636|5242|9796|9267|676|228|770|49352150|64093.7012987013|0
"290318808001"|0|1|1|0|0|0|0|1|1|1|0|0|0|0|1|6606|12636|5242|9796|9267|676|228|770|49352150|64093.7012987013|0
"290318810002"|0|1|1|0|0|0|0|1|1|1|0|0|0|0|1|6606|12636|5242|9796|9267|676|228|770|49352150|64093.7012987013|0
"290318812001"|0|1|0|0|0|0|0|1|1|1|1|0|1|0|0|11250|11250|NA|NA|NA|0|0|0|0|NA|0
"290318812003"|0|1|0|0|0|0|0|1|1|1|1|0|1|0|0|11250|11250|NA|NA|NA|0|0|0|0|NA|0
"290318815003"|0|2|0|0|0|0|0|2|2|0|0|2|2|0|0|NA|NA|NA|NA|NA|0|0|0|0|NA|0
"290318815004"|0|2|0|0|0|0|0|2|2|0|0|2|2|0|0|NA|NA|NA|NA|NA|0|0|0|0|NA|0
"290318816001"|0|1|0|0|1|0|0|1|1|1|0|0|1|0|0|12050|12050|NA|NA|NA|16|5|36|2064588|57349.6666666667|0
"290370601001"|0|1|1|0|0|0|0|1|1|1|0|0|1|0|0|10276|10276|7056|7056|5400|51|16|48|1886150|39294.7916666667|0
"290370601002"|0|1|1|0|0|0|0|1|1|1|0|0|1|0|0|10276|10276|7056|7056|5400|51|16|48|1886150|39294.7916666667|0
"290370603011"|0|1|0|0|0|0|0|1|1|0|0|1|1|0|0|NA|NA|NA|NA|NA|0|0|0|0|NA|0
"290370609041"|0|1|0|0|0|0|0|1|0|0|0|1|1|0|0|NA|NA|NA|NA|NA|0|0|0|0|NA|0
"290370609042"|0|1|0|0|0|0|0|1|0|0|0|1|1|0|0|NA|NA|NA|NA|NA|0|0|0|0|NA|0
"290470203005"|0|1|1|0|0|0|0|1|1|1|0|0|0|1|0|7920|7920|5904|5904|7850|86|39|72|2916942|40513.0833333333|0
"290470210011"|0|1|1|0|0|0|0|1|1|1|0|0|0|1|0|7920|7920|5904|5904|7850|86|39|72|2916942|40513.0833333333|0
"290470214011"|0|1|1|0|0|0|0|1|1|1|0|0|1|0|0|33500|33500|4800|4800|10130|125|59|140|8908608|63632.9142857143|0
"290510105003"|0|1|1|1|0|0|0|1|1|1|0|0|0|1|0|6548|13350|7284|13536|7282|285|83|212|11077866|52254.0849056604|0
"290510106002"|0|1|0|0|0|0|0|1|1|0|0|1|1|0|0|NA|NA|NA|NA|NA|0|0|0|0|NA|0
"290510106003"|0|1|0|0|0|0|0|1|1|0|0|1|1|0|0|NA|NA|NA|NA|NA|0|0|0|0|NA|0
"290510108002"|0|1|0|0|0|0|0|1|1|1|1|0|1|0|0|11250|11250|NA|NA|NA|0|0|0|0|NA|0
"290718002014"|0|1|0|0|0|0|0|1|1|0|0|1|1|0|0|NA|NA|NA|NA|NA|0|0|0|0|NA|0
"290718003002"|0|1|0|0|0|0|0|1|1|0|0|1|1|0|0|15750|15750|NA|NA|NA|0|0|0|0|NA|0
"290718006023"|0|1|0|0|0|0|0|1|1|1|1|0|0|1|0|3528|5232|NA|NA|NA|123|37|128|6967482|54433.453125|0
"290718006024"|0|1|0|0|0|0|0|1|1|1|1|0|0|1|0|3528|5232|NA|NA|NA|123|37|128|6967482|54433.453125|0
"290770002002"|0|1|1|0|0|0|0|1|1|1|0|0|0|0|1|6540|14850|5202|10476|9128|1340|466|1530|109979072|71881.7464052288|0
"290770007001"|0|1|0|0|0|0|0|1|1|1|1|0|1|0|0|NA|NA|NA|NA|NA|3|0|6|240000|40000|0
"290770007003"|0|4|2|0|0|0|0|4|4|4|1|0|1|2|1|48807|49908|NA|NA|NA|673|179|796|47887176|249348.302190096|0
"290770008002"|0|1|1|0|0|0|0|1|1|1|0|0|0|1|0|23032|23032|9450|9450|8522|244|66|168|9663122|57518.5833333333|0
"290770011001"|0|1|0|0|0|0|0|1|1|0|0|1|1|0|0|NA|NA|NA|NA|NA|0|0|0|0|NA|0
"290770025021"|0|1|0|0|0|0|0|1|1|0|0|1|1|0|0|NA|NA|NA|NA|NA|0|0|0|0|NA|0
"290770026003"|0|1|0|0|0|0|0|1|1|0|0|1|1|0|0|NA|NA|NA|NA|NA|0|0|0|0|NA|0
"290770030021"|0|1|0|0|0|0|0|1|1|0|0|1|1|0|0|NA|NA|NA|NA|NA|0|0|0|0|NA|0
"290770040022"|0|1|1|0|0|0|0|1|1|1|0|0|1|0|0|13810|13810|13810|13810|NA|22|1|18|578800|32155.5555555556|0
"290770055002"|0|1|1|0|0|0|0|1|1|1|0|0|1|0|0|13450|13450|8100|8100|7500|19|2|18|789348|43852.6666666667|0
"290770057001"|0|1|0|0|0|0|0|1|1|0|0|1|1|0|0|NA|NA|NA|NA|NA|0|0|0|0|NA|0
"290770057003"|0|1|0|0|0|0|0|1|1|0|0|1|1|0|0|NA|NA|NA|NA|NA|0|0|0|0|NA|0
"290799602001"|0|1|0|0|0|0|0|1|1|1|1|0|0|1|0|4440|5370|NA|NA|6115|78|29|76|3890634|51192.5526315789|0
"290799603002"|0|1|0|0|0|0|0|1|1|1|1|0|0|1|0|4440|5370|NA|NA|6115|78|29|76|3890634|51192.5526315789|0
"290799603003"|0|1|0|0|0|0|0|1|1|1|1|0|0|1|0|4440|5370|NA|NA|6115|78|29|76|3890634|51192.5526315789|0
"290799604002"|0|1|0|0|0|0|0|1|1|1|1|0|0|1|0|4440|5370|NA|NA|6115|78|29|76|3890634|51192.5526315789|0
"290839506004"|0|1|0|0|0|0|0|1|1|0|0|1|1|0|0|NA|NA|NA|NA|NA|0|0|0|0|NA|0
"290899603002"|0|2|1|0|0|0|0|2|2|2|0|0|0|2|0|30370|30370|NA|NA|NA|200|88|188|10981934|113815.706552707|0
"290910908003"|0|1|0|0|0|0|0|1|1|1|1|0|0|1|0|3900|7920|NA|NA|6356|86|34|72|3942368|54755.1111111111|0
"290950010002"|0|0|1|0|0|1|0|1|1|1|0|0|0|1|0|NA|NA|33552|33552|NA|195|49|18|1689946|93885.8888888889|0
"290950046001"|0|2|0|0|0|0|0|2|2|2|1|0|1|0|1|NA|NA|NA|NA|NA|582|277|510|33646062|146277.794238683|0
"290950066001"|0|1|0|0|0|0|0|1|1|1|0|0|1|0|0|38700|38700|NA|NA|11150|98|44|112|7550034|67411.0178571429|0
"290950071001"|0|1|1|0|0|0|0|1|1|1|0|0|1|0|0|12727|12727|15075|15075|NA|32|14|52|3749800|72111.5384615385|0
"290950074001"|0|1|1|0|0|1|0|1|1|1|0|0|0|0|1|8991|24729|9542|24636|11796|1283|464|1160|104935124|90461.3137931034|0
"290950075003"|0|1|1|0|0|0|0|1|1|1|0|0|0|1|0|37800|37800|15876|15876|9690|214|79|258|17687652|68556.7906976744|0
"290950082002"|0|1|0|0|0|0|0|1|1|0|0|1|1|0|0|NA|NA|NA|NA|NA|0|0|0|0|NA|0
"290950087001"|0|1|2|0|0|0|0|2|2|2|0|0|2|0|0|NA|NA|19350|19350|NA|33|7|92|7038284|153378.706493506|0
"290950087002"|0|1|0|0|0|0|0|1|1|0|0|1|1|0|0|NA|NA|NA|NA|NA|0|0|0|0|NA|0
"290950088001"|0|1|2|0|0|0|0|2|2|2|0|0|2|0|0|NA|NA|19350|19350|NA|33|7|92|7038284|153378.706493506|0
"290950088002"|0|1|2|0|0|0|0|2|2|2|0|0|2|0|0|NA|NA|19350|19350|NA|33|7|92|7038284|153378.706493506|0
"290950088003"|0|1|2|0|0|0|0|2|2|2|0|0|2|0|0|NA|NA|19350|19350|NA|33|7|92|7038284|153378.706493506|0
"290950099002"|0|1|0|0|0|0|0|1|1|1|1|0|1|0|0|NA|NA|NA|NA|NA|12|0|6|3e+05|50000|0
"290950105003"|0|1|0|0|0|0|0|1|1|0|0|1|1|0|0|16520|16520|NA|NA|NA|0|0|0|0|NA|0
"290950122001"|0|1|0|0|0|0|0|1|1|0|0|1|1|0|0|NA|NA|NA|NA|NA|0|0|0|0|NA|0
"290950130033"|0|1|0|0|0|0|0|1|1|1|1|0|1|0|0|NA|NA|NA|NA|NA|35|3|12|596420|49701.6666666667|0
"290950134081"|0|1|1|0|0|0|0|1|1|1|0|0|0|1|0|20500|20500|6748|6748|8764|128|32|130|7468460|57449.6923076923|0
"290950141053"|0|1|0|0|0|0|0|1|1|0|0|1|1|0|0|NA|NA|NA|NA|NA|0|0|0|0|NA|0
"290950143002"|0|0|0|0|0|0|0|1|0|0|0|0|0|0|0|NA|NA|NA|NA|NA|0|0|0|0|NA|0
"290950143003"|0|0|0|0|0|0|0|1|0|0|0|0|0|0|0|NA|NA|NA|NA|NA|0|0|0|0|NA|0
"290950147011"|0|1|0|0|0|0|0|1|0|0|0|0|1|0|0|NA|NA|NA|NA|NA|0|0|0|0|NA|0
"290950148041"|0|1|0|0|0|0|0|1|0|0|0|0|1|0|0|NA|NA|NA|NA|NA|0|0|0|0|NA|0
"290950154001"|0|1|1|0|0|0|0|1|1|1|0|0|1|0|0|6000|6000|6400|6400|NA|5|0|0|0|NA|0
"290950154002"|0|2|1|0|0|0|0|2|2|1|0|1|2|0|0|NA|NA|NA|NA|NA|5|0|0|0|NA|0
"290950158002"|0|1|0|0|0|0|0|1|1|0|0|1|1|0|0|NA|NA|NA|NA|NA|0|0|0|0|NA|0
"290950159001"|0|2|1|0|0|0|0|2|2|1|0|1|2|0|0|NA|NA|NA|NA|NA|5|0|0|0|NA|0
"290950161001"|0|1|0|0|0|0|0|1|1|0|0|1|1|0|0|NA|NA|NA|NA|NA|0|0|0|0|NA|0
"290950167003"|0|2|0|0|0|0|0|2|2|2|1|0|1|0|1|NA|NA|NA|NA|NA|582|277|510|33646062|146277.794238683|0
"290950168004"|0|1|1|0|0|0|0|1|1|1|0|0|1|0|0|12727|12727|15075|15075|NA|32|14|52|3749800|72111.5384615385|0
"290950173001"|0|1|1|0|0|0|0|1|1|1|0|0|1|0|0|14665|14665|17072|17072|NA|8|0|2|177856|88928|0
"290970101001"|0|2|0|0|0|0|0|2|2|1|0|1|2|0|0|NA|NA|NA|NA|NA|74|16|40|2173320|NA|0
"290970103001"|0|1|0|0|0|0|0|1|1|0|0|1|1|0|0|NA|NA|NA|NA|NA|0|0|0|0|NA|0
"290970103002"|0|1|1|0|0|0|0|1|1|1|0|0|0|1|0|7289|14578|6300|6300|7137|344|147|382|23506774|61536.057591623|0
"290970107001"|0|0|1|0|0|1|0|1|1|1|0|0|1|0|0|NA|NA|NA|NA|NA|0|0|0|0|NA|0
"290970110003"|0|1|0|0|0|0|0|1|1|0|0|1|1|0|0|NA|NA|NA|NA|NA|0|0|0|0|NA|0
"290970116004"|0|1|0|0|0|0|0|1|1|0|0|1|1|0|0|NA|NA|NA|NA|NA|0|0|0|0|NA|0
"290997005023"|0|1|0|0|0|0|0|1|1|1|1|0|0|1|0|5040|6720|NA|NA|6156|170|71|182|11255422|61842.978021978|0
"291019604001"|0|1|1|0|0|0|0|1|1|1|0|0|0|0|1|7128|14256|7524|15048|8962|729|187|872|59804592|68583.247706422|0
"291019604002"|0|1|1|0|0|0|0|1|1|1|0|0|0|0|1|7128|14256|7524|15048|8962|729|187|872|59804592|68583.247706422|0
"291019604003"|0|1|1|0|0|0|0|1|1|1|0|0|0|0|1|7128|14256|7524|15048|8962|729|187|872|59804592|68583.247706422|0
"291019605002"|0|1|1|0|0|0|0|1|1|1|0|0|0|0|1|7128|14256|7524|15048|8962|729|187|872|59804592|68583.247706422|0
"291019605004"|0|1|0|0|0|0|0|1|0|0|0|1|1|0|0|NA|NA|NA|NA|NA|0|0|0|0|NA|0
"291059604002"|0|1|0|0|0|0|0|1|1|0|0|1|1|0|0|NA|NA|NA|NA|NA|0|0|0|0|NA|0
"291070902002"|0|1|0|0|0|0|0|1|1|0|0|1|1|0|0|NA|NA|NA|NA|NA|0|0|0|0|NA|0
"291119701002"|0|1|1|0|0|0|0|1|1|1|0|0|0|1|0|26780|26780|6000|6000|8695|129|57|98|4996274|50982.387755102|0
"291174801001"|0|1|0|0|0|0|0|1|1|0|0|1|1|0|0|NA|NA|NA|NA|NA|0|0|0|0|NA|0
"291174803002"|0|1|0|0|0|0|0|1|1|0|0|1|1|0|0|NA|NA|NA|NA|NA|0|0|0|0|NA|0
"291174803003"|0|1|0|0|0|0|0|1|1|0|0|1|1|0|0|NA|NA|NA|NA|NA|0|0|0|0|NA|0
"291279604001"|0|1|1|0|0|0|0|1|1|1|0|0|1|0|0|22250|22250|11250|11250|8300|71|36|86|4122880|47940.4651162791|0
"291450201003"|0|1|0|0|0|0|0|1|1|0|0|1|1|0|0|NA|NA|NA|NA|NA|0|0|0|0|NA|0
"291450201005"|0|1|0|0|0|0|0|1|1|0|0|1|1|0|0|NA|NA|NA|NA|NA|0|0|0|0|NA|0
"291450202002"|0|1|0|0|0|0|0|1|1|1|1|0|0|1|0|3552|3552|NA|NA|6579|168|49|282|13144076|46610.1985815603|0
"291450203003"|0|1|0|0|0|0|0|1|1|0|0|1|1|0|0|NA|NA|NA|NA|NA|0|0|0|0|NA|0
"291450208005"|0|1|0|0|0|0|0|1|1|1|1|0|0|1|0|3552|3552|NA|NA|6579|168|49|282|13144076|46610.1985815603|0
"291474703001"|0|1|1|0|0|0|0|1|1|1|0|0|0|1|0|4956|10738|6004|6004|9022|456|109|464|30825362|66433.9698275862|0
"291474703003"|0|1|1|0|0|0|0|1|1|1|0|0|0|1|0|4956|10738|6004|6004|9022|456|109|464|30825362|66433.9698275862|0
"291474705004"|0|1|0|0|0|0|0|1|1|1|0|0|1|0|0|22623|22623|NA|NA|13587|8|1|10|559886|55988.6|0
"291514902001"|0|1|0|0|0|0|0|1|1|1|1|0|0|1|0|5258|10515|NA|NA|5900|71|29|188|10567384|56209.4893617021|0
"291514902002"|0|1|0|0|0|0|0|1|1|1|1|0|0|1|0|5258|10515|NA|NA|5900|71|29|188|10567384|56209.4893617021|0
"291514902003"|0|1|0|0|0|0|0|1|1|1|1|0|0|1|0|5258|10515|NA|NA|5900|71|29|188|10567384|56209.4893617021|0
"291594801001"|0|1|0|0|0|0|0|1|1|0|0|1|1|0|0|NA|NA|NA|NA|NA|0|0|0|0|NA|0
"291594802003"|0|2|0|0|0|0|0|2|2|1|1|1|1|1|0|NA|NA|NA|NA|NA|161|135|160|8362334|NA|0
"291594807001"|0|1|0|0|0|0|0|1|1|0|0|1|1|0|0|NA|NA|NA|NA|NA|0|0|0|0|NA|0
"291594811001"|0|2|0|0|0|0|0|2|2|1|1|1|1|1|0|NA|NA|NA|NA|NA|161|135|160|8362334|NA|0
"291618903005"|0|1|0|0|0|0|0|1|1|1|1|0|1|0|0|11250|11250|NA|NA|NA|0|0|0|0|NA|0
"291618904003"|0|1|1|0|0|0|0|1|1|1|0|0|0|1|0|9120|27921|10452|29558|10420|889|320|720|69628996|96706.9388888889|0
"291618908001"|0|1|0|0|0|0|0|1|1|0|0|1|1|0|0|NA|NA|NA|NA|NA|0|0|0|0|NA|0
"291618909002"|0|1|0|0|0|0|0|1|1|0|0|1|1|0|0|NA|NA|NA|NA|NA|0|0|0|0|NA|0
"291618909003"|0|1|0|0|0|0|0|1|1|1|1|0|1|0|0|11250|11250|NA|NA|NA|0|0|0|0|NA|0
"291634603002"|0|1|0|0|0|0|0|1|1|0|0|1|1|0|0|NA|NA|NA|NA|NA|0|0|0|0|NA|0
"291634605002"|0|1|0|0|0|0|0|1|1|0|0|1|1|0|0|NA|NA|NA|NA|NA|0|0|0|0|NA|0
"291650301031"|0|1|1|0|0|0|0|1|1|1|0|0|0|0|1|7999|7999|6012|6012|8480|398|95|236|15827066|67063.8389830509|0
"291650301032"|0|1|1|0|0|0|0|1|1|1|0|0|0|0|1|7999|7999|6012|6012|8480|398|95|236|15827066|67063.8389830509|0
"291650302011"|0|1|0|0|0|0|0|1|0|0|0|0|0|0|0|NA|NA|NA|NA|NA|0|0|0|0|NA|0
"291650303071"|0|1|0|0|0|0|0|1|0|0|0|0|0|0|0|NA|NA|NA|NA|NA|0|0|0|0|NA|0
"291679601005"|0|1|0|0|0|0|0|1|1|1|1|0|1|0|0|13820|13820|NA|NA|NA|9|2|14|690952|49353.7142857143|0
"291679601006"|0|1|0|0|0|0|0|1|1|1|1|0|1|0|0|13820|13820|NA|NA|NA|9|2|14|690952|49353.7142857143|0
"291679604004"|0|1|1|0|0|0|0|1|1|1|0|0|0|1|0|23600|23600|5004|5004|7820|197|75|298|16269734|54596.4228187919|0
"291694702861"|0|1|0|0|0|0|0|1|1|0|0|1|1|0|0|NA|NA|NA|NA|NA|0|0|0|0|NA|0
"291694702872"|0|1|0|0|0|0|0|1|1|0|0|1|1|0|0|NA|NA|NA|NA|NA|0|0|0|0|NA|0
"291694702873"|0|1|0|0|0|0|0|3|1|0|0|1|1|0|0|NA|NA|NA|NA|NA|0|0|0|0|NA|0
"291694703901"|0|1|0|0|0|0|0|1|1|0|0|1|1|0|0|NA|NA|NA|NA|NA|0|0|0|0|NA|0
"291694704002"|0|1|0|0|0|0|0|3|1|0|0|1|1|0|0|NA|NA|NA|NA|NA|0|0|0|0|NA|0
"291694704003"|0|1|0|0|0|0|0|3|1|0|0|1|1|0|0|NA|NA|NA|NA|NA|0|0|0|0|NA|0
"291694704005"|0|1|0|0|0|0|0|3|1|0|0|1|1|0|0|NA|NA|NA|NA|NA|0|0|0|0|NA|0
"291754904002"|0|1|0|0|0|0|0|1|1|1|1|0|0|1|0|4590|6270|NA|NA|5400|177|66|134|6807478|50802.0746268657|0
"291754905001"|0|1|0|0|0|0|0|1|1|1|0|0|1|0|0|7500|7500|NA|NA|6800|24|9|22|873658|39711.7272727273|0
"291754905003"|0|1|0|0|0|0|0|1|1|1|0|0|1|0|0|7500|7500|NA|NA|6800|24|9|22|873658|39711.7272727273|0
"291833106012"|0|1|1|0|0|0|0|1|1|1|0|0|0|1|0|18000|18000|18000|18000|9200|543|195|514|40949242|79667.7859922179|0
"291833107001"|0|1|1|0|0|0|0|1|1|1|0|0|0|1|0|18000|18000|18000|18000|9200|543|195|514|40949242|79667.7859922179|0
"291833108021"|0|1|0|0|0|0|0|1|1|0|0|1|1|0|0|NA|NA|NA|NA|NA|0|0|0|0|NA|0
"291833108022"|0|1|0|0|0|0|0|1|1|0|0|1|1|0|0|NA|NA|NA|NA|NA|0|0|0|0|NA|0
"291833113221"|0|1|0|0|0|0|0|1|1|1|1|0|0|1|0|4770|6480|NA|NA|NA|252|75|208|13700482|65867.7019230769|0
"291879504004"|0|1|0|0|0|0|0|1|1|1|1|0|0|1|0|4530|6090|NA|NA|5400|113|46|112|5698186|50876.6607142857|0
"291892111014"|0|1|0|0|0|0|0|1|1|1|0|0|1|0|0|13680|13680|NA|NA|7000|16|3|10|418800|41880|0
"291892111022"|0|1|0|0|0|0|0|1|1|1|0|0|1|0|0|13680|13680|NA|NA|7000|16|3|10|418800|41880|0
"291892118021"|0|1|0|0|0|0|0|1|1|0|0|1|1|0|0|NA|NA|NA|NA|NA|0|0|0|0|NA|0
"291892132031"|0|1|0|0|0|0|0|1|1|1|1|0|0|0|1|4320|6120|NA|NA|NA|749|208|642|48450788|75468.5171339564|0
"291892133003"|0|1|0|0|0|0|0|1|1|1|1|0|1|0|0|NA|NA|NA|NA|NA|4|1|12|756036|63003|0
"291892137002"|0|1|1|0|0|0|0|1|1|1|0|0|0|0|1|11079|29295|12007|29477|10340|987|365|778|65925198|84736.7583547558|0
"291892145002"|0|1|0|0|0|0|0|1|1|0|0|1|1|0|0|NA|NA|NA|NA|NA|0|0|0|0|NA|0
"291892150011"|0|1|0|0|0|0|0|1|1|1|0|0|1|0|0|18900|18900|NA|NA|NA|27|5|28|2236002|79857.2142857143|0
"291892151021"|0|1|1|0|0|0|0|1|0|0|0|0|0|0|0|NA|NA|NA|NA|NA|0|0|0|0|NA|0
"291892152011"|0|1|2|0|0|0|0|2|2|2|0|0|1|1|0|NA|NA|23847|23847|NA|221|105|172|10727758|131309.829536528|0
"291892152013"|0|1|2|0|0|0|0|2|2|2|0|0|1|1|0|NA|NA|23847|23847|NA|221|105|172|10727758|131309.829536528|0
"291892152024"|0|1|1|0|0|0|0|1|1|1|0|0|0|0|1|26070|26070|14346|14346|10088|329|83|334|27938866|83649.2994011976|0
"291892163001"|0|1|1|0|0|1|0|1|1|1|0|0|0|0|1|54250|54250|54250|54250|16900|3721|913|2020|286224298|141695.197029703|0
"291892163003"|0|1|2|0|0|0|0|2|2|2|0|0|1|1|0|NA|NA|41880|41880|NA|205|72|192|14759624|163253.060721063|0
"291892175005"|0|1|0|0|0|0|0|1|1|0|0|1|1|0|0|NA|NA|NA|NA|NA|0|0|0|0|NA|0
"291892178421"|0|1|1|0|0|0|0|1|1|1|0|0|0|1|0|6600|6600|9900|9900|NA|157|31|88|7256008|82454.6363636364|0
"291892189001"|0|1|0|0|0|0|0|1|1|0|0|1|1|0|0|NA|NA|NA|NA|NA|0|0|0|0|NA|0
"291892192002"|0|1|2|0|0|0|0|2|2|2|0|0|1|1|0|NA|NA|31725|31725|NA|586|227|412|34597244|165157.790186125|0
"291892195001"|0|1|2|0|0|0|0|2|2|2|0|0|1|1|0|NA|NA|31725|31725|NA|586|227|412|34597244|165157.790186125|0
"291892196004"|0|0|1|0|0|0|0|1|1|1|0|0|1|0|0|NA|NA|24900|24900|NA|29|5|24|627196|26133.1666666667|0
"291892207031"|0|1|0|0|0|0|0|1|1|0|0|1|1|0|0|NA|NA|NA|NA|NA|0|0|0|0|NA|0
"291892210004"|0|1|0|0|0|0|0|1|1|0|0|1|1|0|0|NA|NA|NA|NA|NA|0|0|0|0|NA|0
"291892212011"|0|1|0|0|0|0|0|1|0|0|0|1|1|0|0|NA|NA|NA|NA|NA|0|0|0|0|NA|0
"291892214231"|0|2|0|0|0|0|0|2|2|2|1|0|2|0|0|NA|NA|NA|NA|NA|29|8|46|2144912|93511.862745098|0
"291950903001"|0|1|0|0|0|0|0|1|1|0|0|1|1|0|0|NA|NA|NA|NA|NA|0|0|0|0|NA|0
"291950903002"|0|1|0|0|0|0|0|1|1|0|0|1|1|0|0|NA|NA|NA|NA|NA|0|0|0|0|NA|0
"291950903003"|0|1|0|0|0|0|0|1|1|0|0|1|1|0|0|NA|NA|NA|NA|NA|0|0|0|0|NA|0
"291950905001"|0|1|1|0|0|0|0|1|1|1|0|0|0|1|0|19700|19700|3600|3600|9400|117|61|178|8377878|47066.7303370787|0
"291950905003"|0|1|1|0|0|0|0|1|1|1|0|0|0|1|0|19700|19700|3600|3600|9400|117|61|178|8377878|47066.7303370787|0
"292017812005"|0|1|0|0|0|0|0|1|1|0|0|1|0|0|0|NA|NA|NA|NA|NA|0|0|0|0|NA|0
"292134805022"|0|1|0|0|0|0|0|1|1|1|0|0|0|1|0|19200|19200|NA|NA|7600|247|39|196|13385082|68291.2346938775|0
"292154803003"|0|1|0|0|0|0|0|1|1|1|1|0|1|0|0|13820|13820|NA|NA|NA|7|2|8|474692|59336.5|0
"292179503005"|0|2|0|0|0|0|0|2|2|1|0|1|1|0|0|NA|NA|NA|NA|NA|116|24|84|4982494|NA|0
"292179503006"|0|1|0|0|0|0|0|1|0|0|0|1|0|0|0|NA|NA|NA|NA|NA|0|0|0|0|NA|0
"292254702011"|0|1|0|0|0|0|0|1|1|0|0|1|0|0|0|NA|NA|NA|NA|NA|0|0|0|0|NA|0
"295101112001"|0|1|0|0|0|0|0|1|1|1|0|0|0|1|0|14664|14664|NA|NA|5200|83|14|202|12976830|64241.7326732673|0
"295101112002"|0|1|0|0|0|0|0|1|1|1|0|0|0|1|0|14664|14664|NA|NA|5200|83|14|202|12976830|64241.7326732673|0
"295101124003"|0|1|0|0|0|0|0|1|1|0|0|1|1|0|0|NA|NA|NA|NA|NA|0|0|0|0|NA|0
"295101184001"|0|1|0|1|0|0|0|1|1|1|0|0|0|1|0|5040|9672|NA|NA|9491|106|25|70|3808902|54412.8857142857|0
"295101186001"|0|1|2|0|0|0|0|2|2|2|0|0|1|1|0|NA|NA|NA|NA|NA|185|44|158|13610920|143436.965174129|0
"295101186002"|0|1|0|0|0|0|0|1|1|1|1|0|1|0|0|NA|NA|NA|NA|NA|20|3|12|441648|36804|0
"295101191012"|0|1|1|0|0|0|0|1|1|1|0|0|1|0|0|20020|20020|10842|10842|NA|57|8|108|8774814|81248.2777777778|0
"295101193002"|0|1|1|0|1|1|0|1|1|1|0|0|0|0|1|44700|44700|20880|20880|12600|1429|388|1386|131819466|95107.8398268398|0
"295101241001"|0|1|0|0|0|0|0|1|1|0|0|1|1|0|0|9180|9180|NA|NA|6123|0|0|0|0|NA|0
"295101255003"|0|1|0|0|0|0|0|1|1|1|0|0|1|0|0|12960|12960|NA|NA|NA|7|2|6|410000|68333.3333333333|0
"295101256001"|0|0|1|0|0|0|0|1|1|1|0|0|1|0|0|NA|NA|29350|29350|NA|6|0|14|872000|62285.7142857143|0
"300010003003"|0|2|0|0|0|0|0|2|2|2|1|0|1|1|0|NA|NA|NA|NA|NA|121|41|140|8383346|115334.681818182|0
"300010003004"|0|2|0|0|0|0|0|2|2|2|1|0|1|1|0|NA|NA|NA|NA|NA|121|41|140|8383346|115334.681818182|0
"300030001004"|0|1|0|0|0|0|1|1|1|1|1|0|1|0|0|2600|2600|NA|NA|NA|50|6|26|972608|37408|0
"300039404001"|0|1|0|0|0|0|1|1|1|1|1|0|1|0|0|2600|2600|NA|NA|NA|50|6|26|972608|37408|0
"300039406002"|0|1|0|0|0|0|1|1|1|1|1|0|1|0|0|2600|2600|NA|NA|NA|50|6|26|972608|37408|0
"300039407001"|0|1|0|0|0|0|1|1|1|1|1|0|1|0|0|2600|2600|NA|NA|NA|50|6|26|972608|37408|0
"300059401001"|0|1|0|0|0|0|1|1|1|1|1|0|1|0|0|1740|1740|NA|NA|NA|39|4|26|1325522|50981.6153846154|0
"300059402001"|0|1|0|0|0|0|1|1|1|1|1|0|1|0|0|1740|1740|NA|NA|NA|39|4|26|1325522|50981.6153846154|0
"300130007002"|0|1|0|0|0|0|0|1|1|0|0|1|1|0|0|NA|NA|NA|NA|NA|0|0|0|0|NA|0
"300130021002"|0|1|0|0|0|0|0|1|1|1|1|0|0|1|0|2752|9644|NA|NA|NA|70|16|78|4200630|53854.2307692308|0
"300130021003"|0|1|0|0|0|0|0|1|1|1|1|0|0|1|0|2752|9644|NA|NA|NA|70|16|78|4200630|53854.2307692308|0
"300130021004"|0|1|1|0|0|0|0|1|1|1|0|0|1|0|0|25692|25692|14000|14000|9466|126|53|106|5971318|56333.1886792453|0
"300130022001"|0|1|0|0|0|0|0|1|1|0|0|1|1|0|0|NA|NA|NA|NA|NA|0|0|0|0|NA|0
"300150103004"|0|1|0|0|0|0|1|1|1|1|0|0|1|0|0|1820|1820|NA|NA|NA|60|12|18|808822|44934.5555555556|0
"300179616001"|0|1|0|0|0|0|0|1|1|1|1|0|1|0|0|4050|7500|NA|NA|7172|46|15|44|2162556|49149|0
"300210003004"|0|1|0|0|0|0|0|1|1|1|1|0|1|0|0|3720|6300|NA|NA|6881|35|5|22|1078082|49003.7272727273|0
"300230005002"|0|1|0|0|0|0|0|1|1|1|1|0|1|0|0|2624|8347|NA|NA|9854|0|0|0|0|NA|0
"300290008002"|0|1|0|0|0|0|0|1|1|1|1|0|0|1|0|5018|10800|NA|NA|8164|118|32|130|7700198|59232.2923076923|0
"300290008004"|0|1|0|0|0|0|0|1|1|1|1|0|0|1|0|5018|10800|NA|NA|8164|118|32|130|7700198|59232.2923076923|0
"300290009002"|0|1|0|0|0|0|0|1|1|1|1|0|0|1|0|5018|10800|NA|NA|8164|118|32|130|7700198|59232.2923076923|0
"300290010001"|0|1|0|0|0|0|0|1|1|0|0|1|1|0|0|NA|NA|NA|NA|NA|0|0|0|0|NA|0
"300310005021"|0|1|0|0|0|0|0|1|0|0|0|0|0|0|0|NA|NA|NA|NA|NA|0|0|0|0|NA|0
"300310007014"|0|1|0|0|0|0|0|1|1|0|0|1|1|0|0|NA|NA|NA|NA|NA|0|0|0|0|NA|0
"300310011012"|0|1|1|0|0|0|0|1|1|1|0|0|0|0|1|5654|23890|5089|18765|10300|2009|354|1502|118372272|78809.7683089214|0
"300310011013"|0|1|1|0|0|0|0|1|1|1|0|0|0|0|1|5654|23890|5089|18765|10300|2009|354|1502|118372272|78809.7683089214|0
"300310011021"|0|1|0|0|0|0|0|1|0|1|0|0|1|0|0|7936|7936|NA|NA|4550|0|0|0|0|NA|0
"300310012001"|0|1|0|0|0|0|0|1|0|0|0|0|0|0|0|NA|NA|NA|NA|NA|0|0|0|0|NA|0
"300359402004"|0|1|0|0|0|0|1|1|1|1|1|0|1|0|0|2280|2280|NA|NA|10121|66|13|98|1919360|19585.306122449|0
"300410404003"|0|1|1|0|0|0|0|1|1|1|0|0|0|1|0|4496|17096|5742|18686|6470|123|31|102|5654560|55436.862745098|0
"300419403003"|0|1|0|0|0|0|1|1|1|1|0|0|1|0|0|1820|1820|NA|NA|NA|60|12|18|808822|44934.5555555556|0
"300479404002"|0|1|0|0|0|0|1|1|1|1|0|0|1|0|0|5076|10260|NA|NA|7020|100|44|138|6849198|49631.8695652174|0
"300490008003"|0|1|1|0|0|0|0|1|1|1|0|0|0|1|0|35300|35300|12075|12075|10036|130|30|164|9770440|59575.8536585366|0
"300490009001"|0|1|0|0|0|0|0|1|1|1|1|0|0|1|0|2606|8478|NA|NA|NA|50|9|62|3173686|51188.4838709677|0
"300570002001"|0|1|0|0|0|0|0|1|1|1|1|0|1|0|0|2624|8347|NA|NA|9854|0|0|0|0|NA|0
"300630005001"|0|1|1|0|0|0|0|1|1|1|0|0|0|0|1|5352|24144|4716|20064|9966|1401|267|938|74779166|79721.9253731343|0
"300630005002"|0|1|1|0|0|0|0|1|1|1|0|0|0|0|1|5352|24144|4716|20064|9966|1401|267|938|74779166|79721.9253731343|0
"300810004023"|0|1|0|0|0|0|0|1|1|0|0|1|1|0|0|NA|NA|NA|NA|NA|0|0|0|0|NA|0
"300810005001"|0|1|0|0|0|0|0|2|1|0|0|1|1|0|0|NA|NA|NA|NA|NA|0|0|0|0|NA|0
"300810005002"|0|1|0|0|0|0|0|1|1|0|0|1|1|0|0|NA|NA|NA|NA|NA|0|0|0|0|NA|0
"300810005003"|0|1|0|0|0|0|0|2|1|0|0|1|1|0|0|NA|NA|NA|NA|NA|0|0|0|0|NA|0
"300810006001"|0|1|0|0|0|0|0|1|1|0|0|1|1|0|0|NA|NA|NA|NA|NA|0|0|0|0|NA|0
"300859400023"|0|1|0|0|0|0|1|1|1|1|1|0|1|0|0|1680|1680|NA|NA|NA|46|6|40|1954810|48870.25|0
"300859400024"|0|1|0|0|0|0|1|1|1|1|1|0|1|0|0|1680|1680|NA|NA|NA|46|6|40|1954810|48870.25|0
"300870002002"|0|1|0|0|0|0|1|1|1|1|1|0|1|0|0|1960|1960|NA|NA|NA|36|13|26|1602114|61619.7692307692|0
"300879404001"|0|1|0|0|0|0|1|1|1|1|1|0|1|0|0|1960|1960|NA|NA|NA|36|13|26|1602114|61619.7692307692|0
"300930001004"|0|1|0|0|0|0|0|1|1|0|0|1|1|0|0|NA|NA|NA|NA|NA|0|0|0|0|NA|0
"300930002004"|0|1|1|0|0|0|0|1|1|1|0|0|0|1|0|5707|20791|4706|18035|9854|283|51|272|19163792|70455.1176470588|0
"300930002005"|0|1|1|0|0|0|0|1|1|1|0|0|0|1|0|5707|20791|4706|18035|9854|283|51|272|19163792|70455.1176470588|0
"300930008001"|0|1|0|0|0|0|0|1|1|1|1|0|1|0|0|2624|8347|NA|NA|9854|0|0|0|0|NA|0
"300930008005"|0|1|0|0|0|0|0|1|1|1|1|0|1|0|0|2624|8347|NA|NA|9854|0|0|0|0|NA|0
"301110006001"|0|1|1|0|0|0|0|1|1|1|0|0|0|1|0|28962|28962|30552|30552|8452|131|49|134|8205732|61236.8059701493|0
"301110006002"|0|1|1|0|0|0|0|1|1|1|0|0|0|1|0|4485|17678|5598|18611|7420|283|99|312|18494290|59276.5705128205|0
"301110006003"|0|1|1|0|0|0|0|1|1|1|0|0|0|1|0|4485|17678|5598|18611|7420|283|99|312|18494290|59276.5705128205|0
"301110007043"|0|1|1|0|0|0|0|1|1|1|0|0|0|1|0|28962|28962|30552|30552|8452|131|49|134|8205732|61236.8059701493|0
"301110010001"|0|1|0|0|0|0|0|1|1|0|0|1|1|0|0|NA|NA|NA|NA|NA|0|0|0|0|NA|0
"310019656002"|0|1|1|0|0|0|0|1|1|1|0|0|1|0|0|30040|30040|9240|9240|9990|111|47|138|8034644|58222.0579710145|0
"310199696001"|0|1|1|0|0|0|0|1|1|1|0|0|0|1|0|6090|13290|6048|13296|10452|413|140|656|45864208|69914.9512195122|0
"310459507003"|0|1|1|0|0|0|0|1|1|1|0|0|0|1|0|5082|5110|4086|8172|7820|191|51|176|11826214|67194.3977272727|0
"310459507004"|0|1|1|0|0|0|0|1|1|1|0|0|0|1|0|5082|5110|4086|8172|7820|191|51|176|11826214|67194.3977272727|0
"310539641003"|0|1|0|0|0|0|0|1|1|0|0|1|1|0|0|NA|NA|NA|NA|NA|0|0|0|0|NA|0
"310539642004"|0|1|1|0|0|0|0|1|1|1|0|0|0|1|0|33440|33440|14561|14561|8914|176|65|72|4035530|56049.0277777778|0
"310550011003"|0|1|1|0|1|1|0|1|1|1|0|0|0|1|0|39630|39630|16128|16128|11274|1134|264|1132|114888008|101491.173144876|0
"310550016002"|0|1|1|0|1|1|0|1|1|1|0|0|0|1|0|39630|39630|16128|16128|11274|1134|264|1132|114888008|101491.173144876|0
"310550043001"|0|2|2|0|1|1|0|2|2|2|0|0|0|2|0|24432|43092|20142|36855|NA|1721|370|770|78040062|182520.301356001|0
"310550046003"|0|1|1|0|0|0|0|1|1|1|0|0|0|1|0|20750|20750|17930|17930|7850|103|34|146|10674896|73115.7260273973|0
"310550061025"|0|1|0|0|0|0|0|1|1|1|1|0|0|0|1|2880|4320|NA|NA|NA|578|207|498|37228238|74755.4979919679|0
"310550062021"|0|1|0|0|0|0|0|1|1|1|1|0|1|0|0|10366|10366|NA|NA|NA|1|0|2|1e+05|50000|0
"310550062022"|0|1|0|0|0|0|0|1|1|1|1|0|1|0|0|10366|10366|NA|NA|NA|1|0|2|1e+05|50000|0
"310550065051"|0|1|0|0|0|0|0|1|1|1|1|0|1|0|0|6250|6250|NA|NA|NA|0|0|6|468000|78000|0
"310550065052"|0|1|0|0|0|0|0|1|1|1|1|0|1|0|0|6250|6250|NA|NA|NA|0|0|6|468000|78000|0
"310550066024"|0|1|1|0|0|0|0|1|1|1|0|0|0|1|0|15422|15422|11955|11955|9604|67|12|132|8430756|63869.3636363636|0
"310550070011"|0|1|1|0|0|0|0|1|1|1|0|0|0|1|0|20750|20750|17930|17930|7850|103|34|146|10674896|73115.7260273973|0
"310550073112"|0|1|1|0|0|0|0|1|0|0|0|0|0|0|0|NA|NA|NA|NA|NA|0|0|0|0|NA|0
"310550074333"|0|1|0|0|0|0|0|1|1|1|0|0|1|0|0|25600|25600|NA|NA|NA|6|0|4|288014|72003.5|0
"310550074563"|0|1|0|0|0|0|0|1|1|0|0|1|1|0|0|NA|NA|NA|NA|NA|0|0|0|0|NA|0
"310550074571"|0|1|0|0|0|0|0|1|1|0|0|1|1|0|0|NA|NA|NA|NA|NA|0|0|0|0|NA|0
"310550074675"|0|1|0|0|0|0|0|1|1|0|0|1|1|0|0|NA|NA|NA|NA|NA|0|0|0|0|NA|0
"310639611001"|0|1|0|0|0|0|0|1|1|1|1|0|1|0|0|4590|4590|NA|NA|8080|28|2|28|2154992|76964|0
"310639611003"|0|1|0|0|0|0|0|1|1|1|1|0|1|0|0|4590|4590|NA|NA|8080|28|2|28|2154992|76964|0
"310790012001"|0|1|0|0|0|0|0|1|1|1|1|0|0|1|0|2700|4050|NA|NA|6718|323|121|334|19586888|58643.377245509|0
"311090002023"|0|1|1|0|0|0|0|1|1|1|0|0|0|1|0|34582|34582|5043|5043|10172|166|57|228|14045770|61604.2543859649|0
"311090006001"|0|1|1|0|0|0|0|1|1|1|0|0|0|0|1|7560|24000|5976|17280|11830|5038|1186|2682|283590638|105738.492915735|0
"311090006002"|0|1|1|0|0|0|0|1|1|1|0|0|0|0|1|7560|24000|5976|17280|11830|5038|1186|2682|283590638|105738.492915735|0
"311090009003"|0|1|1|0|0|0|0|1|1|0|0|0|0|0|0|NA|NA|NA|NA|NA|494|84|0|0|NA|0
"311090009004"|0|1|1|0|0|0|0|1|1|0|0|0|0|0|0|NA|NA|NA|NA|NA|494|84|0|0|NA|0
"311090010021"|0|1|1|0|0|0|0|1|0|0|0|0|0|0|0|NA|NA|NA|NA|NA|0|0|0|0|NA|0
"311090012003"|0|1|0|0|0|0|0|1|1|0|0|1|1|0|0|NA|NA|NA|NA|NA|0|0|0|0|NA|0
"311090012004"|0|1|0|0|0|0|0|1|1|0|0|1|1|0|0|NA|NA|NA|NA|NA|0|0|0|0|NA|0
"311090013011"|0|1|0|0|0|0|0|1|1|1|1|0|0|1|0|2448|2952|NA|NA|8118|346|88|724|47093738|65046.5994475138|0
"311090013013"|0|1|0|0|0|0|0|1|1|1|1|0|0|1|0|2448|2952|NA|NA|8118|346|88|724|47093738|65046.5994475138|0
"311090015001"|0|1|1|0|1|0|0|1|1|1|0|0|1|0|0|15867|15867|21991|21991|NA|31|9|82|6794324|82857.6097560976|0
"311090017005"|0|1|1|0|0|0|0|1|0|0|0|0|0|0|0|NA|NA|NA|NA|NA|0|0|0|0|NA|0
"311090017006"|0|1|1|0|0|0|0|1|0|0|0|0|0|0|0|NA|NA|NA|NA|NA|0|0|0|0|NA|0
"311090019001"|0|1|0|0|0|0|0|1|1|0|0|1|1|0|0|NA|NA|NA|NA|NA|0|0|0|0|NA|0
"311090027011"|0|1|1|0|0|0|0|1|1|1|0|0|1|0|0|23520|23520|26160|26160|7170|107|27|122|7554840|61924.9180327869|0
"311090027013"|0|1|1|0|0|0|0|1|1|1|0|0|1|0|0|23520|23520|26160|26160|7170|107|27|122|7554840|61924.9180327869|0
"311090037062"|0|1|0|0|0|0|0|1|1|1|1|0|1|0|0|15950|15950|NA|NA|NA|1|0|0|0|NA|0
"311090037063"|0|1|0|0|0|0|0|1|1|1|1|0|1|0|0|15950|15950|NA|NA|NA|1|0|0|0|NA|0
"311090037073"|0|1|0|0|0|0|0|1|1|0|0|1|1|0|0|NA|NA|NA|NA|NA|0|0|0|0|NA|0
"311090037191"|0|1|0|0|0|0|0|1|1|0|0|1|1|0|0|NA|NA|NA|NA|NA|0|0|0|0|NA|0
"311119605003"|0|1|0|0|0|0|0|1|1|1|1|0|0|1|0|2820|3660|NA|NA|6500|127|17|132|8270446|62654.8939393939|0
"311199606001"|0|1|0|0|0|0|0|1|1|1|1|0|0|1|0|2970|4170|NA|NA|8920|251|89|258|14642592|56754.2325581395|0
"311279681001"|0|1|1|0|0|0|0|1|1|1|0|0|0|1|0|5520|5520|8898|8898|9088|123|45|104|6643144|63876.3846153846|0
"311279681004"|0|1|1|0|0|0|0|1|1|1|0|0|0|1|0|5520|5520|8898|8898|9088|123|45|104|6643144|63876.3846153846|0
"311519606004"|0|1|1|0|0|0|0|1|1|1|0|0|0|1|0|34500|34500|7324|7324|9800|233|80|202|12881408|63769.3465346535|0
"311530101053"|0|1|1|0|0|0|0|1|1|1|0|0|0|0|1|7176|7176|10530|10530|8940|495|178|170|12199414|71761.2588235294|0
"311530102031"|0|1|0|0|0|0|0|1|1|1|0|0|1|0|0|15000|15000|NA|NA|NA|0|0|0|0|NA|0
"311530102032"|0|1|0|0|0|0|0|1|1|1|0|0|1|0|0|15000|15000|NA|NA|NA|0|0|0|0|NA|0
"311530102033"|0|1|0|0|0|0|0|1|1|1|0|0|1|0|0|15000|15000|NA|NA|NA|0|0|0|0|NA|0
"311530107021"|0|1|0|0|0|0|0|1|1|1|0|0|1|0|0|17350|17350|NA|NA|9518|15|2|12|526090|43840.8333333333|0
"311530107024"|0|1|0|0|0|0|0|1|1|1|0|0|1|0|0|17350|17350|NA|NA|9518|15|2|12|526090|43840.8333333333|0
"311579534002"|0|1|0|0|0|0|0|1|1|1|1|0|0|1|0|2496|2520|NA|NA|6912|122|53|126|8058436|63955.8412698413|0
"311579539005"|0|1|0|0|0|0|0|1|1|1|0|0|1|0|0|6400|6400|NA|NA|3672|6|2|6|252880|42146.6666666667|0
"311599603003"|0|1|1|0|0|0|0|1|1|1|0|0|0|1|0|32890|32890|8650|8650|8850|117|45|126|7876938|62515.380952381|0
"311679622001"|0|1|0|0|0|0|0|1|1|1|1|0|0|1|0|2970|4170|NA|NA|8920|251|89|258|14642592|56754.2325581395|0
"311679622004"|0|1|0|0|0|0|0|1|1|1|1|0|0|1|0|2970|4170|NA|NA|8920|251|89|258|14642592|56754.2325581395|0
"311739401004"|0|1|0|0|0|0|1|1|1|1|1|0|1|0|0|4080|4080|NA|NA|NA|18|0|30|1203400|40113.3333333333|0
"311739402001"|0|1|0|0|0|0|1|1|1|1|1|0|1|0|0|4050|4050|NA|NA|6990|44|6|14|779304|55664.5714285714|0
"311799787006"|0|1|1|0|0|0|0|1|1|1|0|0|0|1|0|5445|10890|4086|8172|8270|251|73|242|16308654|67391.132231405|0
"311859697004"|0|1|1|0|0|0|0|1|1|1|0|0|1|0|0|18910|18910|4500|4500|8450|62|25|54|2567740|47550.7407407407|0
"320030002033"|0|1|0|0|0|0|0|1|1|0|0|1|1|0|0|NA|NA|NA|NA|NA|0|0|0|0|NA|0
"320030002042"|0|1|0|0|0|0|0|1|1|1|0|0|1|0|0|18880|18880|NA|NA|NA|26|0|38|3543548|93251.2631578947|0
"320030003021"|0|1|0|0|0|0|0|1|1|0|0|1|1|0|0|NA|NA|NA|NA|NA|0|0|0|0|NA|0
"320030010032"|0|1|0|0|0|0|0|1|1|0|0|1|1|0|0|NA|NA|NA|NA|NA|0|0|0|0|NA|0
"320030011001"|0|1|0|0|0|0|0|1|1|1|0|0|1|0|0|18880|18880|NA|NA|NA|26|0|38|3543548|93251.2631578947|0
"320030011003"|0|1|0|0|0|0|0|1|1|1|0|0|1|0|0|18880|18880|NA|NA|NA|26|0|38|3543548|93251.2631578947|0
"320030017111"|0|1|0|0|0|0|0|1|1|1|1|0|1|0|0|NA|NA|NA|NA|NA|26|15|60|4072874|67881.2333333333|0
"320030017112"|0|2|0|0|0|0|0|2|2|0|0|2|2|0|0|NA|NA|NA|NA|NA|0|0|0|0|NA|0
"320030026031"|0|1|1|0|0|1|0|1|1|1|0|0|0|0|1|7454|22505|5459|20510|10892|2551|664|2078|213176558|102587.371511068|0
"320030026033"|0|1|1|0|0|1|0|1|1|1|0|0|0|0|1|7454|22505|5459|20510|10892|2551|664|2078|213176558|102587.371511068|0
"320030028111"|0|1|0|0|0|0|0|1|0|0|0|0|0|0|0|NA|NA|NA|NA|NA|0|0|0|0|NA|0
"320030029054"|0|1|0|0|0|0|0|1|1|1|0|0|0|0|1|3083|10273|NA|NA|NA|708|308|1082|81316794|75154.1534195933|0
"320030029621"|0|1|0|0|0|0|0|1|1|0|0|1|1|0|0|NA|NA|NA|NA|NA|0|0|0|0|NA|0
"320030032223"|0|1|0|0|0|0|0|1|1|1|0|0|1|0|0|18900|18900|NA|NA|NA|18|3|20|1956858|97842.9|0
"320030032531"|0|1|0|0|0|0|0|1|1|0|0|1|1|0|0|NA|NA|NA|NA|NA|0|0|0|0|NA|0
"320030034142"|0|1|0|0|0|0|0|1|1|1|1|0|1|0|0|NA|NA|NA|NA|NA|9|3|10|486000|48600|0
"320030034151"|0|1|0|0|0|0|0|1|1|1|1|0|0|1|0|NA|NA|NA|NA|NA|87|21|76|3328950|43801.9736842105|0
"320030051013"|0|1|1|0|0|1|0|1|1|1|0|0|0|1|0|34000|34000|27690|27690|NA|232|53|270|33422882|123788.451851852|0
"320030051052"|0|1|1|0|0|1|0|1|1|1|0|0|0|1|0|9900|9900|42300|42300|NA|150|53|82|9140130|111465|0
"320030053153"|0|1|0|0|0|0|0|1|1|1|1|0|1|0|0|14923|14923|NA|NA|NA|8|2|18|1220720|67817.7777777778|0
"320030053173"|0|1|0|0|0|0|0|1|1|1|0|0|1|0|0|17316|17316|NA|NA|NA|0|0|0|0|NA|0
"320030053192"|0|0|1|0|1|0|0|1|1|1|0|0|1|0|0|NA|NA|6480|6480|NA|12|1|0|0|NA|0
"320030053221"|0|1|0|0|0|0|0|1|1|0|0|1|1|0|0|NA|NA|NA|NA|NA|0|0|0|0|NA|0
"320030053492"|0|1|1|0|0|0|0|1|1|1|0|0|1|0|0|14614|14614|17072|17072|NA|6|0|0|0|NA|0
"320030053501"|0|1|1|0|0|0|0|1|1|1|0|0|1|0|0|14614|14614|17072|17072|NA|6|0|0|0|NA|0
"320030053531"|0|1|0|0|0|0|0|1|1|1|1|0|1|0|0|14923|14923|NA|NA|NA|8|2|18|1220720|67817.7777777778|0
"320030053541"|0|1|1|0|0|1|0|1|1|1|0|0|0|1|0|9900|9900|42300|42300|NA|150|53|82|9140130|111465|0
"320030053581"|0|1|1|0|0|0|0|1|1|1|0|0|0|1|0|5048|17547|4086|4086|NA|168|77|208|16006388|76953.7884615385|0
"320030053582"|0|1|1|0|0|0|0|1|1|1|0|0|0|1|0|5048|17547|4086|4086|NA|168|77|208|16006388|76953.7884615385|0
"320030053592"|0|1|1|0|0|0|0|1|1|1|0|0|0|1|0|5048|17547|4086|4086|NA|168|77|208|16006388|76953.7884615385|0
"320030053601"|0|1|1|0|0|0|0|1|1|1|0|0|0|1|0|5048|17547|4086|4086|NA|168|77|208|16006388|76953.7884615385|0
"320030053602"|0|1|1|0|0|0|0|1|1|1|0|0|0|1|0|5048|17547|4086|4086|NA|168|77|208|16006388|76953.7884615385|0
"320030054392"|0|1|1|0|0|1|0|1|1|1|0|0|0|1|0|9900|9900|42300|42300|NA|150|53|82|9140130|111465|0
"320030055013"|0|1|1|0|0|0|0|1|1|1|0|0|0|1|0|5048|17547|4086|4086|NA|168|77|208|16006388|76953.7884615385|0
"320030057111"|0|1|1|0|0|0|0|1|1|1|0|0|0|1|0|5048|17547|4086|4086|NA|168|77|208|16006388|76953.7884615385|0
"320030057121"|0|1|1|0|0|0|0|1|1|1|0|0|0|1|0|5048|17547|4086|4086|NA|168|77|208|16006388|76953.7884615385|0
"320030057131"|0|1|1|0|0|0|0|1|1|1|0|0|0|1|0|5048|17547|4086|4086|NA|168|77|208|16006388|76953.7884615385|0
"320030057152"|0|1|1|0|0|0|0|1|1|1|0|0|0|1|0|5048|17547|4086|4086|NA|168|77|208|16006388|76953.7884615385|0
"320030057153"|0|1|1|0|0|0|0|1|1|1|0|0|0|1|0|5048|17547|4086|4086|NA|168|77|208|16006388|76953.7884615385|0
"320030057163"|0|1|1|0|0|0|0|1|1|1|0|0|0|1|0|5048|17547|4086|4086|NA|168|77|208|16006388|76953.7884615385|0
"320030058044"|0|2|0|0|0|0|0|2|2|0|0|2|2|0|0|NA|NA|NA|NA|NA|0|0|0|0|NA|0
"320030058452"|0|1|1|0|0|0|0|1|1|1|0|0|1|0|0|9552|9552|16752|16752|NA|0|0|0|0|NA|0
"320030069001"|0|2|0|0|0|0|0|2|2|1|1|1|2|0|0|NA|NA|NA|NA|NA|20|2|16|1050888|NA|0
"320030078001"|0|0|0|0|0|0|0|1|0|0|0|0|0|0|0|NA|NA|NA|NA|NA|0|0|0|0|NA|0
"320030078002"|0|0|0|0|0|0|0|1|0|0|0|0|0|0|0|NA|NA|NA|NA|NA|0|0|0|0|NA|0
"320079508001"|0|1|0|0|0|0|0|1|1|1|0|0|0|1|0|3083|10438|NA|NA|6000|123|36|142|10376052|73070.7887323944|0
"320079508002"|0|1|0|0|0|0|0|1|1|1|0|0|0|1|0|3083|10438|NA|NA|6000|123|36|142|10376052|73070.7887323944|0
"320310001021"|0|1|0|0|0|0|0|1|1|0|0|1|1|0|0|NA|NA|NA|NA|NA|0|0|0|0|NA|0
"320310002012"|0|1|0|0|0|0|0|1|1|0|0|1|1|0|0|NA|NA|NA|NA|NA|0|0|0|0|NA|0
"320310010121"|0|1|0|0|0|0|0|1|1|1|1|0|1|0|0|NA|NA|NA|NA|NA|16|3|26|2260118|86927.6153846154|0
"320310015023"|0|2|2|0|0|1|0|2|2|1|0|0|0|0|1|NA|NA|NA|NA|NA|2218|618|1660|157957038|NA|0
"320310021071"|0|1|0|0|0|0|0|1|1|0|0|1|1|0|0|NA|NA|NA|NA|NA|0|0|0|0|NA|0
"320310021072"|0|1|0|0|0|0|0|1|1|0|0|1|1|0|0|NA|NA|NA|NA|NA|0|0|0|0|NA|0
"320310022111"|0|1|0|0|0|0|0|1|0|0|0|1|1|0|0|NA|NA|NA|NA|NA|0|0|0|0|NA|0
"320310027032"|0|1|0|0|0|0|0|1|1|1|0|0|0|0|1|2466|9656|NA|NA|NA|290|104|332|25303164|76214.3493975904|0
"320310031011"|0|1|0|0|0|0|0|1|1|1|1|0|1|0|0|NA|NA|NA|NA|NA|18|8|48|1312328|27340.1666666667|0
"320310031013"|0|1|0|0|0|0|0|1|1|0|0|1|1|0|0|NA|NA|NA|NA|NA|0|0|0|0|NA|0
"320310033071"|0|1|1|0|0|0|0|1|1|1|0|0|1|0|0|34319|34319|18700|18700|13892|59|23|74|4568226|61732.7837837838|0
"325100003003"|0|1|0|0|0|0|0|1|1|1|0|0|0|1|0|3233|10423|NA|NA|NA|120|31|106|7605166|71746.8490566038|0
"330019660001"|0|1|0|0|0|0|0|1|1|1|1|0|1|0|0|6450|14700|NA|NA|13052|26|3|46|3094268|67266.6956521739|0
"330019660003"|0|1|0|0|0|0|0|1|1|0|0|1|1|0|0|NA|NA|NA|NA|NA|0|0|0|0|NA|0
"330059705002"|0|1|1|0|0|0|0|1|1|1|0|0|0|1|0|35900|35900|16000|16000|13900|187|71|178|12876484|72339.797752809|0
"330059706001"|0|1|1|0|0|0|0|1|1|1|0|0|0|1|0|35900|35900|16000|16000|13900|187|71|178|12876484|72339.797752809|0
"330059714012"|0|1|1|0|0|0|0|1|1|1|0|0|0|1|0|11754|20942|9720|10620|12846|290|91|362|31676140|87503.1491712707|0
"330059714021"|0|0|1|0|0|0|0|1|1|1|0|0|1|0|0|NA|NA|22100|22100|NA|32|10|116|7001730|60359.7413793103|0
"330059714023"|0|1|0|0|0|0|0|1|1|0|0|1|1|0|0|NA|NA|NA|NA|NA|0|0|0|0|NA|0
"330079506001"|0|1|0|0|0|0|0|1|1|1|1|0|1|0|0|6450|14700|NA|NA|NA|28|2|46|2842948|61803.2173913043|0
"330099610001"|0|1|1|0|0|0|0|1|1|1|0|0|0|1|0|11870|20760|9630|13680|11350|322|104|386|31195100|80816.3212435233|0
"330099616024"|0|1|1|0|0|1|0|1|1|1|0|0|0|1|0|55605|55605|55605|55605|16374|2491|634|1198|185942208|155210.524207012|0
"330099617002"|0|0|1|0|0|0|0|1|1|0|0|1|1|0|0|NA|NA|16680|16680|NA|0|0|0|0|NA|0
"330099618002"|0|0|1|0|0|0|0|1|1|0|0|1|1|0|0|NA|NA|16680|16680|NA|0|0|0|0|NA|0
"330099618005"|0|1|0|0|0|0|0|1|1|0|0|1|1|0|0|NA|NA|NA|NA|NA|0|0|0|0|NA|0
"330110002032"|0|1|0|0|0|0|0|1|1|1|1|0|0|1|0|6450|14700|NA|NA|NA|58|3|98|6752470|68902.7551020408|0
"330110009023"|0|1|1|0|0|0|0|1|1|1|0|0|0|0|1|30756|30756|18810|18810|12800|3011|1497|312|26332298|84398.391025641|0
"330110014001"|0|1|1|0|0|0|0|1|0|0|0|0|0|0|0|NA|NA|NA|NA|NA|0|0|0|0|NA|0
"330110019002"|0|1|0|0|0|0|0|1|1|1|0|0|1|0|0|15150|31660|13840|15220|11452|51|19|84|7419800|88330.9523809524|0
"330110023001"|0|2|0|0|0|0|0|2|2|0|0|2|2|0|0|NA|NA|NA|NA|NA|0|0|0|0|NA|0
"330110023002"|0|1|0|0|0|0|0|1|1|0|0|1|1|0|0|NA|NA|NA|NA|NA|0|0|0|0|NA|0
"330110028004"|0|1|0|0|0|0|0|1|1|1|0|0|0|1|0|40500|40500|NA|NA|14750|393|83|318|25593696|80483.320754717|0
"330110029022"|0|1|0|0|0|0|0|1|1|0|0|1|1|0|0|NA|NA|NA|NA|NA|0|0|0|0|NA|0
"330110101003"|0|2|0|0|0|0|0|2|2|1|0|1|2|0|0|NA|NA|NA|NA|NA|14|8|12|729092|NA|0
"330110101004"|0|2|0|0|0|0|0|2|2|1|0|1|2|0|0|NA|NA|NA|NA|NA|14|8|12|729092|NA|0
"330110102001"|0|1|0|0|0|0|0|1|1|1|1|0|0|1|0|6450|14700|NA|NA|NA|46|3|62|4190216|67584.1290322581|0
"330110109002"|0|1|0|0|0|0|0|1|1|1|1|0|1|0|0|20750|20750|NA|NA|NA|9|3|26|2328478|89556.8461538462|0
"330110110002"|0|1|1|0|0|0|0|1|1|1|0|0|0|1|0|32440|32440|11340|11340|13570|187|38|128|9164548|71598.03125|0
"330110110003"|0|1|1|0|0|0|0|1|1|1|0|0|0|1|0|32440|32440|11340|11340|13570|187|38|128|9164548|71598.03125|0
"330110122002"|0|1|0|0|0|0|0|1|1|0|0|1|1|0|0|NA|NA|NA|NA|NA|0|0|0|0|NA|0
"330110122005"|0|1|0|0|0|0|0|1|1|0|0|1|1|0|0|NA|NA|NA|NA|NA|0|0|0|0|NA|0
"330110141004"|0|2|0|0|0|0|0|2|2|1|0|1|2|0|0|NA|NA|NA|NA|NA|14|8|12|729092|NA|0
"330110143003"|0|1|0|0|0|0|0|1|1|1|1|0|0|1|0|6450|14700|NA|NA|NA|46|3|62|4190216|67584.1290322581|0
"330110225001"|0|1|1|0|0|0|0|1|1|1|0|0|0|1|0|35900|35900|16000|16000|13900|187|71|178|12876484|72339.797752809|0
"330110225003"|0|1|1|0|0|0|0|1|1|1|0|0|0|1|0|35900|35900|16000|16000|13900|187|71|178|12876484|72339.797752809|0
"330112004001"|0|1|0|0|0|0|0|1|1|0|0|1|1|0|0|NA|NA|NA|NA|NA|0|0|0|0|NA|0
"330112004002"|0|1|0|0|0|0|0|1|1|1|0|0|1|0|0|15150|31660|13840|15220|11452|51|19|84|7419800|88330.9523809524|0
"330130030012"|0|2|1|0|0|0|0|2|2|1|0|1|1|0|1|NA|NA|NA|NA|NA|3011|1497|312|26332298|NA|0
"330130030013"|0|1|0|0|0|0|0|1|1|0|0|1|1|0|0|NA|NA|NA|NA|NA|0|0|0|0|NA|0
"330130030061"|0|2|1|0|0|0|0|2|2|1|0|1|1|0|1|NA|NA|NA|NA|NA|3011|1497|312|26332298|NA|0
"330130322002"|0|1|1|0|0|0|0|1|1|1|0|0|0|1|0|7536|8760|8610|9690|NA|97|24|32|2061140|64410.625|0
"330130324001"|0|1|0|0|0|0|0|1|1|1|1|0|0|1|0|6450|14700|NA|NA|10102|103|9|178|13095164|73568.3370786517|0
"330130324002"|0|1|0|0|0|0|0|1|1|1|1|0|0|1|0|6450|14700|NA|NA|10102|103|9|178|13095164|73568.3370786517|0
"330130324004"|0|0|1|0|0|0|0|1|1|1|0|0|1|0|0|NA|NA|34560|38460|NA|31|14|48|5950320|123965|0
"330130385001"|0|1|0|0|0|0|0|1|1|1|0|0|1|0|0|23400|23400|NA|NA|8000|10|1|16|1132000|70750|0
"330130385002"|0|1|0|0|0|0|0|1|1|1|0|0|1|0|0|23400|23400|NA|NA|8000|10|1|16|1132000|70750|0
"330130385003"|0|1|0|0|0|0|0|1|1|1|0|0|1|0|0|23400|23400|NA|NA|8000|10|1|16|1132000|70750|0
"330130400002"|0|1|1|0|0|0|0|1|1|1|0|0|0|1|0|24555|24555|14088|14088|15915|211|89|150|10066026|67106.84|0
"330130405001"|0|2|1|0|0|0|0|2|2|2|0|0|2|0|0|65788|65788|NA|NA|22978|183|57|120|7899410|135821.25|0
"330130410001"|0|1|1|0|0|0|0|1|1|1|0|0|1|0|0|42388|42388|3450|3450|14978|173|56|104|6767410|65071.25|0
"330130410002"|0|1|1|0|0|0|0|1|1|1|0|0|1|0|0|42388|42388|3450|3450|14978|173|56|104|6767410|65071.25|0
"330130425003"|0|1|0|0|0|0|0|1|1|1|0|0|1|0|0|23400|23400|NA|NA|8000|10|1|16|1132000|70750|0
"330130441003"|0|1|1|0|0|0|0|1|1|0|0|0|0|0|0|NA|NA|NA|NA|NA|76|21|0|0|NA|0
"330150691001"|0|1|0|0|0|0|0|1|1|0|0|1|1|0|0|NA|NA|NA|NA|NA|0|0|0|0|NA|0
"330150691003"|0|1|0|0|0|0|0|1|1|0|0|1|1|0|0|NA|NA|NA|NA|NA|0|0|0|0|NA|0
"330151074001"|0|1|0|0|0|0|0|1|1|1|1|0|0|1|0|6450|14700|NA|NA|NA|55|4|66|4271074|64713.2424242424|0
"330151074002"|0|1|0|0|0|0|0|1|1|1|1|0|0|1|0|6450|14700|NA|NA|NA|55|4|66|4271074|64713.2424242424|0
"330151075001"|0|1|0|0|0|0|0|1|1|1|1|0|0|1|0|6450|14700|NA|NA|NA|55|4|66|4271074|64713.2424242424|0
"330170802031"|0|1|1|0|0|0|0|1|1|1|0|0|0|0|1|15520|32050|14170|27810|11942|1992|499|1492|150437520|100829.436997319|0
"330170830022"|0|1|0|0|0|0|0|1|1|0|0|1|1|0|0|NA|NA|NA|NA|NA|0|0|0|0|NA|0
"330170830023"|0|1|0|0|0|0|0|1|1|0|0|1|1|0|0|NA|NA|NA|NA|NA|0|0|0|0|NA|0
"330199759011"|0|1|0|0|0|0|0|1|1|1|1|0|1|0|0|6450|14700|NA|NA|NA|26|2|52|3348944|64402.7692307692|0
"340010013002"|0|1|0|0|0|0|0|1|1|0|0|1|1|0|0|NA|NA|NA|NA|NA|0|0|0|0|NA|0
"340010105034"|0|1|1|0|0|0|0|1|1|1|0|0|0|1|0|12005|19293|13517|19708|12496|888|314|704|66419370|94345.6960227273|0
"340010114031"|0|1|0|0|0|0|0|1|1|1|1|0|0|1|0|5796|7296|NA|NA|NA|183|45|146|10317592|70668.4383561644|0
"340010114032"|0|1|0|0|0|0|0|1|1|1|1|0|0|1|0|5796|7296|NA|NA|NA|183|45|146|10317592|70668.4383561644|0
"340010117013"|0|1|0|0|0|0|0|1|1|0|0|1|1|0|0|NA|NA|NA|NA|NA|0|0|0|0|NA|0
"340010120002"|0|1|0|0|0|0|0|1|1|0|0|1|1|0|0|NA|NA|NA|NA|NA|0|0|0|0|NA|0
"340010123022"|0|1|0|0|0|0|0|1|1|0|0|1|1|0|0|NA|NA|NA|NA|NA|0|0|0|0|NA|0
"340010125021"|0|1|0|0|0|0|0|1|1|0|0|1|1|0|0|NA|NA|NA|NA|NA|0|0|0|0|NA|0
"340010125022"|0|1|0|0|0|0|0|1|1|0|0|1|1|0|0|NA|NA|NA|NA|NA|0|0|0|0|NA|0
"340019834001"|0|1|1|0|0|0|0|1|1|1|0|0|0|1|0|12005|19293|13517|19708|12496|888|314|704|66419370|94345.6960227273|0
"340030160006"|0|1|0|0|0|0|0|1|1|0|0|1|1|0|0|17745|17745|NA|NA|NA|0|0|0|0|NA|0
"340030231001"|0|2|1|0|0|0|0|2|2|1|0|1|1|1|0|NA|NA|NA|NA|NA|438|138|326|28891164|NA|0
"340030231002"|0|2|0|0|0|0|0|2|2|1|1|1|2|0|0|NA|NA|NA|NA|NA|23|4|18|711002|NA|0
"340030236013"|0|2|0|0|0|0|0|2|2|1|1|1|1|1|0|NA|NA|NA|NA|NA|117|8|212|16694240|NA|0
"340030302005"|0|1|1|0|0|0|0|1|1|1|0|0|0|1|0|32550|32550|19080|19080|13140|186|88|164|12412266|75684.5487804878|0
"340030303005"|0|1|1|0|0|0|0|1|1|1|0|0|0|1|0|32550|32550|19080|19080|13140|186|88|164|12412266|75684.5487804878|0
"340030321033"|0|1|0|0|0|0|0|1|1|0|0|1|1|0|0|NA|NA|NA|NA|NA|0|0|0|0|NA|0
"340030321042"|0|1|1|0|0|0|0|1|1|1|0|0|0|1|0|12171|21722|17329|17329|12840|463|176|440|46888956|106565.809090909|0
"340030322012"|0|1|0|0|0|0|0|1|1|0|0|1|1|0|0|NA|NA|NA|NA|NA|0|0|0|0|NA|0
"340030361001"|0|3|0|0|0|0|0|3|3|1|1|2|2|1|0|NA|NA|NA|NA|NA|117|8|212|16694240|NA|0
"340030362002"|0|1|0|0|0|0|0|1|1|0|0|1|1|0|0|NA|NA|NA|NA|NA|0|0|0|0|NA|0
"340030423011"|0|1|0|0|0|0|0|1|1|1|1|0|0|0|1|7224|7602|NA|NA|NA|397|129|442|36152866|81793.814479638|0
"340030423021"|0|1|0|0|0|0|0|1|1|0|0|1|1|0|0|NA|NA|NA|NA|NA|0|0|0|0|NA|0
"340030423023"|0|2|0|0|0|0|0|2|2|1|1|1|1|0|1|NA|NA|NA|NA|NA|397|129|442|36152866|NA|0
"340030424003"|0|1|0|0|0|0|0|1|1|1|1|0|0|0|1|7224|7602|NA|NA|NA|397|129|442|36152866|81793.814479638|0
"340030425001"|0|2|0|0|0|0|0|2|2|0|0|2|2|0|0|NA|NA|NA|NA|NA|0|0|0|0|NA|0
"340030442011"|0|1|0|0|0|0|0|1|1|1|0|0|1|0|0|13031|13031|NA|NA|NA|48|11|26|1237366|47591|0
"340030532005"|0|1|0|0|0|0|0|1|1|1|0|0|1|0|0|13031|13031|NA|NA|NA|48|11|26|1237366|47591|0
"340030543003"|0|1|0|0|0|0|0|1|1|0|0|1|1|0|0|NA|NA|NA|NA|NA|0|0|0|0|NA|0
"340030544003"|0|1|1|0|0|0|0|1|1|1|0|0|0|1|0|41154|41154|22186|22186|13670|438|138|326|28891164|88623.2024539877|0
"340030544004"|0|2|0|0|0|0|0|2|2|1|1|1|2|0|0|NA|NA|NA|NA|NA|23|4|18|711002|NA|0
"340030551001"|0|1|0|0|0|0|0|1|1|0|0|1|1|0|0|17745|17745|NA|NA|NA|0|0|0|0|NA|0
"340057005011"|0|1|0|0|0|0|0|1|1|0|0|1|1|0|0|NA|NA|NA|NA|NA|0|0|0|0|NA|0
"340057005012"|0|1|0|0|0|0|0|1|1|0|0|1|1|0|0|NA|NA|NA|NA|NA|0|0|0|0|NA|0
"340057015021"|0|1|0|0|0|0|0|1|1|0|0|1|1|0|0|NA|NA|NA|NA|NA|0|0|0|0|NA|0
"340057015022"|0|1|0|0|0|0|0|1|1|0|0|1|1|0|0|NA|NA|NA|NA|NA|0|0|0|0|NA|0
"340057029061"|0|1|0|0|0|0|0|1|1|0|0|1|1|0|0|NA|NA|NA|NA|NA|0|0|0|0|NA|0
"340057029101"|0|1|0|0|0|0|0|1|1|1|1|0|0|1|0|3806|5548|NA|NA|NA|270|87|136|7917738|58218.6617647059|0
"340076032001"|0|1|0|0|0|0|0|1|1|0|0|1|1|0|0|NA|NA|NA|NA|NA|0|0|0|0|NA|0
"340076032003"|0|3|0|0|0|0|0|3|3|0|0|3|3|0|0|NA|NA|NA|NA|NA|0|0|0|0|NA|0
"340076033011"|0|1|1|0|0|0|0|1|1|1|0|0|1|0|0|13320|13320|14940|14940|NA|16|1|2|136532|68266|0
"340076035033"|0|1|0|0|0|0|0|1|1|0|0|1|1|0|0|NA|NA|NA|NA|NA|0|0|0|0|NA|0
"340076035041"|0|1|0|0|0|0|0|1|1|0|0|1|1|0|0|NA|NA|NA|NA|NA|0|0|0|0|NA|0
"340076035042"|0|1|0|0|0|0|0|1|1|0|0|1|1|0|0|NA|NA|NA|NA|NA|0|0|0|0|NA|0
"340076075021"|0|1|0|0|0|0|0|1|1|0|0|1|1|0|0|NA|NA|NA|NA|NA|0|0|0|0|NA|0
"340076075071"|0|2|0|0|0|0|0|2|2|0|0|2|2|0|0|NA|NA|NA|NA|NA|0|0|0|0|NA|0
"340076075074"|0|2|0|0|0|0|0|2|2|0|0|2|2|0|0|NA|NA|NA|NA|NA|0|0|0|0|NA|0
"340076077022"|0|1|0|0|0|0|0|1|1|0|0|1|1|0|0|NA|NA|NA|NA|NA|0|0|0|0|NA|0
"340076082102"|0|1|0|0|0|0|0|1|1|1|1|0|0|1|0|3330|3330|NA|NA|NA|241|90|254|20195330|79509.1732283465|0
"340076083032"|0|1|0|0|0|0|0|1|1|0|0|1|1|0|0|NA|NA|NA|NA|NA|0|0|0|0|NA|0
"340076084032"|0|1|0|0|0|0|0|1|1|0|0|1|1|0|0|NA|NA|NA|NA|NA|0|0|0|0|NA|0
"340076103001"|0|1|1|0|1|0|0|1|1|1|0|0|0|1|0|12230|28466|17736|29232|12691|602|141|624|76518340|122625.544871795|0
"340076110001"|0|1|0|0|0|0|0|1|1|0|0|1|1|0|0|NA|NA|NA|NA|NA|0|0|0|0|NA|0
"340076110006"|0|1|0|0|0|0|0|1|1|0|0|1|1|0|0|NA|NA|NA|NA|NA|0|0|0|0|NA|0
"340110304004"|0|1|0|0|0|0|0|1|1|1|1|0|0|1|0|3960|7920|NA|NA|NA|111|45|68|4588046|67471.2647058823|0
"340110304005"|0|1|0|0|0|0|0|1|1|1|1|0|0|1|0|3960|7920|NA|NA|NA|111|45|68|4588046|67471.2647058823|0
"340110410003"|0|1|0|0|0|0|0|1|1|1|1|0|0|1|0|3960|7920|NA|NA|NA|111|45|68|4588046|67471.2647058823|0
"340130011001"|0|1|1|0|0|0|0|1|1|1|0|0|0|0|1|14448|30160|20624|30540|13900|992|291|886|112611370|127100.869074492|0
"340130080001"|0|1|1|0|0|0|0|1|1|1|0|0|1|0|0|22056|22056|17760|17760|NA|50|9|24|1504382|62682.5833333333|0
"340130081002"|0|2|1|0|1|0|0|2|2|2|1|0|0|1|1|19820|36602|NA|NA|NA|1426|287|1340|185011248|237564.155172414|0
"340130113002"|0|1|0|0|0|0|0|1|1|0|0|1|1|0|0|NA|NA|NA|NA|NA|0|0|0|0|NA|0
"340130113003"|0|1|0|0|0|0|0|1|1|1|1|0|1|0|0|NA|NA|NA|NA|NA|4|0|8|320000|40000|0
"340130136003"|0|1|0|0|0|0|0|1|1|1|1|0|1|0|0|13144|13144|NA|NA|NA|21|8|18|921682|51204.5555555556|0
"340130146001"|0|1|0|0|0|0|0|1|1|1|0|0|1|0|0|20400|20400|NA|NA|NA|10|1|12|780000|65000|0
"340130148001"|0|1|0|0|0|0|0|1|1|0|0|1|1|0|0|NA|NA|NA|NA|NA|0|0|0|0|NA|0
"340130154004"|0|3|2|0|0|0|0|3|3|2|0|1|2|1|0|NA|NA|NA|NA|NA|163|78|122|10699342|NA|0
"340130160005"|0|3|2|0|0|0|0|3|3|2|0|1|2|1|0|NA|NA|NA|NA|NA|163|78|122|10699342|NA|0
"340130161004"|0|1|1|0|0|0|0|1|1|1|0|0|0|0|1|12082|20042|12600|18432|15675|1277|376|1286|135885164|105664.979782271|0
"340130192001"|0|1|1|0|0|1|0|1|1|1|0|0|0|0|1|41460|41460|23580|23580|15222|907|327|972|94317400|97034.3621399177|0
"340130217023"|0|1|1|0|0|0|0|1|1|1|0|0|0|1|0|33990|33990|17910|17910|12415|140|52|162|11898166|73445.4691358025|0
"340130230002"|0|1|0|0|0|0|0|1|1|0|0|1|1|0|0|NA|NA|NA|NA|NA|0|0|0|0|NA|0
"340155011062"|0|1|0|0|0|0|0|1|1|1|1|0|0|1|0|4080|8400|NA|NA|NA|263|94|162|11528064|71160.8888888889|0
"340155012012"|0|1|0|0|0|0|0|1|1|1|1|0|0|1|0|3330|3330|NA|NA|NA|241|90|254|20195330|79509.1732283465|0
"340155012041"|0|2|0|0|0|0|0|2|2|0|0|2|2|0|0|NA|NA|NA|NA|NA|0|0|0|0|NA|0
"340155012093"|0|1|0|0|0|0|0|1|1|1|1|0|0|1|0|4080|8400|NA|NA|NA|263|94|162|11528064|71160.8888888889|0
"340155014041"|0|1|1|0|0|1|0|1|1|1|0|0|0|0|1|10076|18908|12879|12879|14603|1281|230|1204|105752216|87834.0664451827|0
"340170009024"|0|1|0|0|0|0|0|1|1|1|0|0|1|0|0|20400|20400|NA|NA|NA|14|1|30|1990000|66333.3333333333|0
"340170019001"|0|1|0|0|0|0|0|1|1|0|0|1|1|0|0|NA|NA|NA|NA|NA|0|0|0|0|NA|0
"340170020001"|0|1|0|0|0|0|0|1|1|0|0|1|1|0|0|NA|NA|NA|NA|NA|0|0|0|0|NA|0
"340170020002"|0|1|0|0|0|0|0|1|1|1|1|0|0|1|0|7152|10560|NA|NA|NA|239|107|212|14111198|66562.2547169811|0
"340170020003"|0|1|0|0|0|0|0|1|1|0|0|1|1|0|0|NA|NA|NA|NA|NA|0|0|0|0|NA|0
"340170028001"|0|1|1|0|0|0|0|1|1|1|0|0|0|1|0|37660|37660|21186|21186|15950|224|89|228|17947438|78716.8333333333|0
"340170052002"|0|1|1|0|0|0|0|1|1|1|0|0|0|1|0|12248|22054|13140|21052|14574|646|105|498|53107634|106641.835341365|0
"340170077002"|0|1|0|0|0|0|0|1|1|1|0|0|1|0|0|9552|9552|NA|NA|NA|0|0|0|0|NA|0
"340170077003"|0|1|0|0|0|0|0|1|1|1|0|0|1|0|0|9552|9552|NA|NA|NA|0|0|0|0|NA|0
"340170159004"|0|1|0|0|0|0|0|1|1|0|0|1|1|0|0|NA|NA|NA|NA|NA|0|0|0|0|NA|0
"340170164003"|0|1|0|0|0|0|0|1|1|0|0|1|1|0|0|NA|NA|NA|NA|NA|0|0|0|0|NA|0
"340170187011"|0|1|1|0|0|0|0|1|1|1|0|0|0|1|0|52134|52134|36680|36680|15770|757|153|598|82440070|137859.648829431|0
"340210006003"|0|2|0|0|0|0|0|2|2|0|0|2|2|0|0|22491|22491|NA|NA|NA|0|0|0|0|NA|0
"340210011011"|0|1|1|0|0|0|0|1|1|1|0|0|0|0|1|7926|9856|12024|12024|NA|295|126|0|0|NA|0
"340210012003"|0|1|1|0|0|0|0|1|1|1|0|0|0|0|1|7926|9856|12024|12024|NA|295|126|0|0|NA|0
"340210029031"|0|1|0|0|0|0|0|1|1|0|0|1|1|0|0|NA|NA|NA|NA|NA|0|0|0|0|NA|0
"340210029044"|0|1|0|0|0|0|0|1|1|1|1|0|0|1|0|4434|6702|NA|NA|NA|252|92|218|18108488|83066.4587155963|0
"340210030061"|0|1|0|0|0|0|0|1|1|1|1|0|0|1|0|4434|6702|NA|NA|NA|252|92|218|18108488|83066.4587155963|0
"340210031001"|0|1|0|0|0|0|0|1|1|0|0|1|1|0|0|NA|NA|NA|NA|NA|0|0|0|0|NA|0
"340210031003"|0|1|0|0|0|0|0|1|1|0|0|1|1|0|0|NA|NA|NA|NA|NA|0|0|0|0|NA|0
"340210032014"|0|1|1|0|0|0|0|1|1|1|0|0|0|1|0|43720|43720|20948|20948|15390|484|161|410|42219520|102974.43902439|0
"340210032015"|0|1|1|0|0|0|0|1|1|1|0|0|0|1|0|43720|43720|20948|20948|15390|484|161|410|42219520|102974.43902439|0
"340210032021"|0|1|0|0|0|0|0|1|1|0|0|1|1|0|0|NA|NA|NA|NA|NA|0|0|0|0|NA|0
"340210032023"|0|1|0|0|0|0|0|1|1|0|0|1|1|0|0|NA|NA|NA|NA|NA|0|0|0|0|NA|0
"340210033021"|0|1|0|0|0|0|0|1|1|1|1|0|0|1|0|4434|6702|NA|NA|NA|252|92|218|18108488|83066.4587155963|0
"340210037031"|0|1|1|0|0|0|0|1|1|1|0|0|0|1|0|13239|25217|14554|22467|14048|810|218|746|78587878|105345.680965147|0
"340210037042"|0|1|1|0|0|0|0|1|1|1|0|0|0|1|0|13239|25217|14554|22467|14048|810|218|746|78587878|105345.680965147|0
"340210037054"|0|1|0|0|0|0|0|1|1|0|0|1|1|0|0|NA|NA|NA|NA|NA|0|0|0|0|NA|0
"340210042043"|0|1|1|0|0|0|0|1|1|1|0|0|0|1|0|51870|51870|51870|51870|17150|5210|1171|1970|367432658|186514.039593909|0
"340210043061"|0|1|0|0|0|0|0|1|1|1|1|0|0|1|0|4434|6702|NA|NA|NA|252|92|218|18108488|83066.4587155963|0
"340210043062"|0|1|0|0|0|0|0|1|1|1|1|0|0|1|0|4434|6702|NA|NA|NA|252|92|218|18108488|83066.4587155963|0
"340210045011"|0|1|1|0|0|0|0|1|1|1|0|0|0|1|0|51870|51870|51870|51870|17150|5210|1171|1970|367432658|186514.039593909|0
"340210045012"|0|1|1|0|0|0|0|1|1|1|0|0|0|1|0|51870|51870|51870|51870|17150|5210|1171|1970|367432658|186514.039593909|0
"340210045021"|0|0|1|0|0|0|0|1|1|1|0|0|1|0|0|NA|NA|18000|18000|NA|162|46|88|9436168|107229.181818182|0
"340210045022"|0|0|1|0|0|0|0|1|1|1|0|0|1|0|0|NA|NA|18000|18000|NA|162|46|88|9436168|107229.181818182|0
"340230006031"|0|1|0|0|0|0|0|1|1|0|0|1|1|0|0|NA|NA|NA|NA|NA|0|0|0|0|NA|0
"340230006032"|0|1|0|0|0|0|0|1|1|0|0|1|1|0|0|NA|NA|NA|NA|NA|0|0|0|0|NA|0
"340230010021"|0|3|0|0|0|0|0|3|3|0|0|3|2|0|0|NA|NA|NA|NA|NA|0|0|0|0|NA|0
"340230014163"|0|1|0|0|0|0|0|1|1|0|0|1|1|0|0|NA|NA|NA|NA|NA|0|0|0|0|NA|0
"340230018032"|0|1|0|0|0|0|0|1|1|1|0|0|1|0|0|11700|11700|NA|NA|3300|7|1|8|280000|35000|0
"340230030021"|0|1|0|0|0|0|0|1|1|0|0|1|1|0|0|NA|NA|NA|NA|NA|0|0|0|0|NA|0
"340230031012"|0|1|0|0|0|0|0|1|1|0|0|1|1|0|0|NA|NA|NA|NA|NA|0|0|0|0|NA|0
"340230049002"|0|1|0|0|0|0|0|1|1|0|0|1|1|0|0|NA|NA|NA|NA|NA|0|0|0|0|NA|0
"340230051002"|0|1|2|0|1|1|0|2|2|2|0|0|1|0|1|NA|NA|33360|45768|NA|11307|2110|4580|599326028|208049.400534525|0
"340230051003"|0|1|2|0|1|1|0|2|2|2|0|0|1|0|1|NA|NA|33360|45768|NA|11307|2110|4580|599326028|208049.400534525|0
"340230051005"|0|1|2|0|1|1|0|2|2|2|0|0|1|0|1|NA|NA|33360|45768|NA|11307|2110|4580|599326028|208049.400534525|0
"340230062061"|0|2|1|0|0|0|0|2|2|2|0|0|2|0|0|33862|33862|NA|NA|NA|61|4|50|4800594|204554.338235294|0
"340230065002"|0|1|0|0|0|0|0|1|1|0|0|1|1|0|0|NA|NA|NA|NA|NA|0|0|0|0|NA|0
"340230089002"|0|1|0|0|0|0|0|1|1|1|1|0|0|0|1|5472|5472|NA|NA|NA|387|125|286|27719214|96920.3286713287|0
"340258015001"|0|1|0|0|0|0|0|1|1|1|1|0|0|0|1|7605|8355|NA|NA|NA|328|80|398|32529518|81732.4572864322|0
"340258025004"|0|1|0|0|0|0|0|1|1|1|0|0|1|0|0|7850|7850|NA|NA|3000|3|0|6|280400|46733.3333333333|0
"340258033004"|0|1|0|0|0|0|0|1|1|1|1|0|0|0|1|7605|8355|NA|NA|NA|328|80|398|32529518|81732.4572864322|0
"340258051002"|0|1|0|0|0|0|0|1|1|0|0|1|1|0|0|NA|NA|NA|NA|NA|0|0|0|0|NA|0
"340258062012"|0|1|1|0|0|0|0|1|1|1|0|0|0|1|0|38880|38880|27126|27126|14520|691|288|640|57901718|90471.434375|0
"340258065011"|0|1|0|0|0|0|0|1|1|0|0|1|1|0|0|NA|NA|NA|NA|NA|0|0|0|0|NA|0
"340258065012"|0|1|0|0|0|0|0|1|1|0|0|1|1|0|0|NA|NA|NA|NA|NA|0|0|0|0|NA|0
"340258087012"|0|1|0|0|0|0|0|1|0|0|0|0|0|0|0|NA|NA|NA|NA|NA|0|0|0|0|NA|0
"340258087021"|0|1|0|0|0|0|0|1|0|0|0|0|0|0|0|NA|NA|NA|NA|NA|0|0|0|0|NA|0
"340258099021"|0|1|0|0|0|0|0|1|1|1|1|0|0|0|1|7605|8355|NA|NA|NA|328|80|398|32529518|81732.4572864322|0
"340258104023"|0|1|0|0|0|0|0|1|1|0|0|1|1|0|0|NA|NA|NA|NA|NA|0|0|0|0|NA|0
"340258111011"|0|1|0|0|0|0|0|1|1|1|0|0|1|0|0|13500|13500|NA|NA|3000|0|0|8|210000|26250|0
"340258113041"|0|1|0|0|0|0|0|1|1|1|0|0|1|0|0|10800|10800|NA|NA|NA|1|0|10|677000|67700|0
"340270401024"|0|1|0|0|0|0|0|1|1|0|0|1|1|0|0|NA|NA|NA|NA|NA|0|0|0|0|NA|0
"340270408032"|0|1|0|0|0|0|0|1|1|0|0|1|1|0|0|NA|NA|NA|NA|NA|0|0|0|0|NA|0
"340270409001"|0|1|0|0|0|0|0|1|0|1|1|0|1|0|0|5773|5773|NA|NA|6240|3|0|0|0|NA|0
"340270413003"|0|1|0|0|0|0|0|1|0|1|1|0|1|0|0|5773|5773|NA|NA|6240|3|0|0|0|NA|0
"340270415001"|0|1|0|0|0|0|0|1|0|0|0|1|1|0|0|NA|NA|NA|NA|NA|0|0|0|0|NA|0
"340270416011"|0|2|0|0|0|0|0|2|1|0|0|2|2|0|0|NA|NA|NA|NA|NA|0|0|0|0|NA|0
"340270416012"|0|1|0|0|0|0|0|1|1|0|0|1|1|0|0|NA|NA|NA|NA|NA|0|0|0|0|NA|0
"340270416013"|0|1|0|0|0|0|0|1|0|0|0|1|1|0|0|NA|NA|NA|NA|NA|0|0|0|0|NA|0
"340270416021"|0|1|0|0|0|0|0|1|0|0|0|1|1|0|0|NA|NA|NA|NA|NA|0|0|0|0|NA|0
"340270416022"|0|1|0|0|0|0|0|1|0|0|0|1|1|0|0|NA|NA|NA|NA|NA|0|0|0|0|NA|0
"340270416023"|0|1|0|0|0|0|0|1|0|0|0|1|1|0|0|NA|NA|NA|NA|NA|0|0|0|0|NA|0
"340270417042"|0|2|0|0|0|0|0|2|2|0|0|2|2|0|0|NA|NA|NA|NA|NA|0|0|0|0|NA|0
"340270417043"|0|1|0|0|0|0|0|1|1|0|0|1|1|0|0|NA|NA|NA|NA|NA|0|0|0|0|NA|0
"340270426001"|0|2|2|0|0|0|0|2|2|2|0|0|0|2|0|75904|75904|40204|40204|26460|347|117|430|37260662|160793.751721075|0
"340270429001"|0|2|2|0|0|0|0|2|2|2|0|0|0|2|0|75904|75904|40204|40204|26460|347|117|430|37260662|160793.751721075|0
"340270432002"|0|1|1|0|0|0|0|1|1|1|0|0|0|1|0|39828|39828|15823|15823|14672|252|91|278|22970306|82627|0
"340270433021"|0|2|2|0|0|0|0|2|2|2|0|0|0|2|0|75904|75904|40204|40204|26460|347|117|430|37260662|160793.751721075|0
"340270434023"|0|1|1|0|0|0|0|1|1|1|0|0|1|0|0|11500|11500|11500|11500|7500|19|3|34|2385000|70147.0588235294|0
"340270444031"|0|1|0|0|0|0|0|1|0|1|1|0|1|0|0|5773|5773|NA|NA|6240|3|0|0|0|NA|0
"340270448003"|0|1|0|0|0|0|0|1|1|0|0|1|1|0|0|20292|20292|NA|NA|7930|0|0|0|0|NA|0
"340270452002"|0|1|0|0|0|0|0|1|1|1|1|0|0|1|0|8220|11790|NA|NA|NA|263|107|328|23756704|72428.9756097561|0
"340270452003"|0|1|0|0|0|0|0|1|1|1|1|0|0|1|0|8220|11790|NA|NA|NA|263|107|328|23756704|72428.9756097561|0
"340270455022"|0|1|0|0|0|0|0|1|1|0|0|1|1|0|0|NA|NA|NA|NA|NA|0|0|0|0|NA|0
"340270455023"|0|1|0|0|0|0|0|1|1|0|0|1|1|0|0|NA|NA|NA|NA|NA|0|0|0|0|NA|0
"340270463001"|0|1|0|0|0|0|0|1|1|1|1|0|0|1|0|8220|11790|NA|NA|NA|263|107|328|23756704|72428.9756097561|0
"340270463002"|0|1|0|0|0|0|0|1|1|0|0|1|1|0|0|20292|20292|NA|NA|7930|0|0|0|0|NA|0
"340297132011"|0|1|0|0|0|0|0|1|0|0|0|0|0|0|0|NA|NA|NA|NA|NA|0|0|0|0|NA|0
"340297134022"|0|1|0|0|0|0|0|1|1|0|0|1|1|0|0|NA|NA|NA|NA|NA|0|0|0|0|NA|0
"340297140006"|0|1|0|0|0|0|0|1|1|0|0|1|1|0|0|NA|NA|NA|NA|NA|0|0|0|0|NA|0
"340297150001"|0|1|0|0|0|0|0|1|1|1|0|0|1|0|0|12100|12100|NA|NA|5400|8|0|14|759086|54220.4285714286|0
"340297150002"|0|2|0|0|0|0|0|2|2|2|0|0|2|0|0|18650|18650|NA|NA|2800|3|0|10|356000|77333.3333333333|0
"340297152001"|0|3|0|0|0|0|0|3|3|3|0|0|3|0|0|26475|26475|NA|NA|5550|9|1|28|1062518|104469.633333333|0
"340297152003"|0|1|0|0|0|0|0|1|1|1|0|0|1|0|0|8800|8800|NA|NA|2100|1|0|4|383000|95750|0
"340297153011"|0|1|0|0|0|0|0|1|1|1|0|0|1|0|0|10400|10400|NA|NA|2200|2|0|6|80528|13421.3333333333|0
"340297153012"|0|1|0|0|0|0|0|1|1|1|0|0|1|0|0|6900|6900|NA|NA|3700|2|0|4|191600|47900|0
"340297154013"|0|1|1|0|0|0|0|1|1|1|0|0|0|1|0|32050|32050|15750|15750|11200|200|80|182|13900232|76374.9010989011|0
"340297154022"|0|1|1|0|0|0|0|1|1|1|0|0|0|1|0|22108|22108|4360|4360|NA|78|26|32|2811472|87858.5|0
"340297155001"|0|1|0|0|0|0|0|1|1|1|1|0|1|0|0|11065|11065|NA|NA|5000|5|2|2|48000|24000|0
"340297157001"|0|2|0|0|0|0|0|2|2|2|0|0|2|0|0|25000|25000|NA|NA|5680|3|0|16|530360|71521.2|0
"340297158001"|0|1|0|0|0|0|0|1|1|1|0|0|1|0|0|12500|12500|NA|NA|2800|4|1|14|5e+05|35714.2857142857|0
"340297159011"|0|1|0|0|0|0|0|1|1|1|0|0|1|0|0|12100|12100|NA|NA|2950|0|0|6|255200|42533.3333333333|0
"340297221001"|0|2|0|0|0|0|0|2|2|1|0|1|2|0|0|NA|NA|NA|NA|NA|0|0|6|255200|NA|0
"340297223001"|0|1|0|0|0|0|0|1|1|1|1|0|0|1|0|4170|6750|NA|NA|NA|297|101|220|15667638|71216.5363636364|0
"340297223002"|0|1|0|0|0|0|0|1|1|1|1|0|0|1|0|4170|6750|NA|NA|NA|297|101|220|15667638|71216.5363636364|0
"340297228001"|0|1|0|0|0|0|0|1|1|0|0|1|1|0|0|NA|NA|NA|NA|NA|0|0|0|0|NA|0
"340311246012"|0|1|0|0|0|0|0|1|1|0|0|1|1|0|0|NA|NA|NA|NA|NA|0|0|0|0|NA|0
"340311250006"|0|1|0|0|0|0|0|1|1|0|0|1|1|0|0|NA|NA|NA|NA|NA|0|0|0|0|NA|0
"340311337021"|0|1|1|0|0|0|0|1|1|1|0|0|0|0|1|13246|21644|13086|20412|13440|726|301|782|87475088|111860.726342711|0
"340311540011"|0|2|2|0|0|0|0|2|2|2|0|0|0|1|1|35823|43783|29697|35529|NA|1527|422|1486|152951850|190998.409782271|0
"340311827001"|0|1|0|0|0|0|0|1|1|0|0|1|1|0|0|NA|NA|NA|NA|NA|0|0|0|0|NA|0
"340311832002"|0|1|0|0|0|0|0|1|1|1|1|0|0|1|0|7260|9300|NA|NA|NA|233|57|172|14030882|81574.8953488372|0
"340312366011"|0|1|0|0|0|0|0|1|1|0|0|1|1|0|0|NA|NA|NA|NA|NA|0|0|0|0|NA|0
"340312460012"|0|1|1|0|0|0|0|1|1|1|0|0|0|0|1|13246|21644|13086|20412|13440|726|301|782|87475088|111860.726342711|0
"340312460013"|0|1|1|0|0|0|0|1|1|1|0|0|0|0|1|13246|21644|13086|20412|13440|726|301|782|87475088|111860.726342711|0
"340312463003"|0|1|0|0|0|0|0|1|1|0|0|1|1|0|0|NA|NA|NA|NA|NA|0|0|0|0|NA|0
"340312641021"|0|1|1|0|0|0|0|1|1|1|0|0|0|1|0|23741|23741|17097|17097|NA|250|46|200|17066686|85333.43|0
"340330206002"|0|1|0|0|0|0|0|1|1|1|1|0|1|0|0|6210|6960|NA|NA|NA|44|13|32|2135996|66749.875|0
"340330214001"|0|1|0|0|0|0|0|1|1|1|1|0|1|0|0|6210|6960|NA|NA|NA|44|13|32|2135996|66749.875|0
"340330215001"|0|1|0|0|0|0|0|1|1|1|1|0|1|0|0|6210|6960|NA|NA|NA|44|13|32|2135996|66749.875|0
"340350517002"|0|1|0|0|0|0|0|1|1|0|0|1|1|0|0|NA|NA|NA|NA|NA|0|0|0|0|NA|0
"340350518002"|0|1|0|0|0|0|0|1|1|1|0|0|1|0|0|9550|9550|NA|NA|1450|1|0|4|190000|47500|0
"340350529041"|0|1|0|0|0|0|0|1|1|1|1|0|0|1|0|5088|5088|NA|NA|NA|194|51|246|19198808|78043.9349593496|0
"340350530002"|0|1|0|0|0|0|0|1|1|0|0|1|1|0|0|NA|NA|NA|NA|NA|0|0|0|0|NA|0
"340350530003"|0|1|0|0|0|0|0|1|1|0|0|1|1|0|0|NA|NA|NA|NA|NA|0|0|0|0|NA|0
"340350535011"|0|1|0|0|0|0|0|1|1|0|0|1|1|0|0|NA|NA|NA|NA|NA|0|0|0|0|NA|0
"340350536031"|0|1|0|0|0|0|0|1|1|1|1|0|0|1|0|5088|5088|NA|NA|NA|194|51|246|19198808|78043.9349593496|0
"340350536042"|0|1|0|0|0|0|0|1|1|1|1|0|0|1|0|5088|5088|NA|NA|NA|194|51|246|19198808|78043.9349593496|0
"340373721001"|0|1|0|0|0|0|0|1|1|1|1|0|0|1|0|5040|6720|NA|NA|NA|77|26|56|3716810|66371.6071428571|0
"340373721002"|0|1|0|0|0|0|0|1|1|1|1|0|0|1|0|5040|6720|NA|NA|NA|77|26|56|3716810|66371.6071428571|0
"340373737001"|0|1|0|0|0|0|0|1|1|1|1|0|0|1|0|5040|6720|NA|NA|NA|77|26|56|3716810|66371.6071428571|0
"340373740001"|0|1|0|0|0|0|0|1|1|1|1|0|0|1|0|5040|6720|NA|NA|NA|77|26|56|3716810|66371.6071428571|0
"340390316023"|0|1|0|0|0|0|0|1|1|1|0|0|1|0|0|10650|10650|NA|NA|5100|1|0|10|475140|47514|0
"340390325004"|0|1|1|0|0|0|0|1|1|1|0|0|0|0|1|9935|17111|15326|20288|14802|583|239|716|65043516|90842.8994413408|0
"340390327002"|0|1|0|0|0|0|0|1|1|0|0|1|0|1|0|NA|NA|NA|NA|NA|0|0|0|0|NA|0
"340390327003"|0|1|0|0|0|0|0|1|1|0|0|1|0|1|0|NA|NA|NA|NA|NA|0|0|0|0|NA|0
"340390331002"|0|1|0|0|0|0|0|1|1|0|0|1|1|0|0|NA|NA|NA|NA|NA|0|0|0|0|NA|0
"340390331003"|0|1|0|0|0|0|0|1|1|0|0|1|1|0|0|NA|NA|NA|NA|NA|0|0|0|0|NA|0
"340390331005"|0|1|0|0|0|0|0|1|1|1|0|0|1|0|0|10750|10750|NA|NA|2000|2|0|4|153700|38425|0
"340390335001"|0|2|1|0|0|0|0|2|2|1|0|1|1|0|1|NA|NA|NA|NA|NA|583|239|716|65043516|NA|0
"340390335003"|0|2|1|0|0|0|0|2|2|1|0|1|1|0|1|NA|NA|NA|NA|NA|583|239|716|65043516|NA|0
"340390336007"|0|1|0|0|0|0|0|1|1|0|0|1|1|0|0|NA|NA|NA|NA|NA|0|0|0|0|NA|0
"340390371002"|0|1|0|0|0|0|0|1|1|1|1|0|0|1|0|10562|10562|NA|NA|NA|313|49|204|20635812|101155.941176471|0
"340390386012"|0|1|0|0|0|0|0|1|0|0|0|1|1|0|0|NA|NA|NA|NA|NA|0|0|0|0|NA|0
"340390397002"|0|2|0|0|0|0|0|2|1|0|0|1|1|0|0|NA|NA|NA|NA|NA|0|0|0|0|NA|0
"340410314022"|0|1|1|0|0|0|0|1|1|1|0|0|0|1|0|32572|32572|16848|16848|11788|108|48|154|11073724|71907.2987012987|0
"340410314025"|0|1|1|0|0|0|0|1|1|1|0|0|0|1|0|32572|32572|16848|16848|11788|108|48|154|11073724|71907.2987012987|0
"340410315005"|0|1|1|0|0|0|0|1|1|1|0|0|0|1|0|32572|32572|16848|16848|11788|108|48|154|11073724|71907.2987012987|0
"340410319003"|0|1|0|0|0|0|0|1|1|1|1|0|0|1|0|5100|5700|NA|NA|NA|32|9|46|3165604|68817.4782608696|0
"340410321012"|0|1|0|0|0|0|0|1|1|1|1|0|0|1|0|5100|5700|NA|NA|NA|32|9|46|3165604|68817.4782608696|0
"350010001224"|0|1|0|0|0|0|0|1|1|0|0|1|1|0|0|NA|NA|NA|NA|NA|0|0|0|0|NA|0
"350010002072"|0|1|0|0|0|0|0|1|1|0|0|1|1|0|0|NA|NA|NA|NA|NA|0|0|0|0|NA|0
"350010002083"|0|1|0|0|0|0|0|1|1|1|1|0|1|0|0|NA|NA|NA|NA|NA|34|19|74|5175230|69935.5405405405|0
"350010004022"|0|1|1|0|0|0|0|1|1|1|0|0|1|0|0|22488|22488|21000|21000|NA|5|2|4|213196|53299|0
"350010012004"|0|1|0|0|0|0|0|1|1|1|1|0|0|0|1|1344|7104|NA|NA|NA|890|139|640|42042824|65691.9125|0
"350010018002"|0|1|1|0|1|1|0|1|1|1|0|0|0|0|1|6299|21716|5156|17407|10090|3143|809|1924|170661134|88701.2130977131|0
"350010020001"|0|1|0|0|0|0|0|1|1|1|1|0|1|0|0|NA|NA|NA|NA|NA|17|3|28|2006446|71658.7857142857|0
"350010022003"|0|1|0|0|0|0|0|1|1|0|0|1|1|0|0|NA|NA|NA|NA|NA|0|0|0|0|NA|0
"350010024013"|0|1|0|0|0|0|0|1|1|1|0|0|1|0|0|NA|NA|NA|NA|NA|18|0|12|639260|53271.6666666667|0
"350010026001"|0|1|0|0|0|0|0|1|1|0|0|1|1|0|0|NA|NA|NA|NA|NA|0|0|0|0|NA|0
"350010027001"|0|1|0|0|0|0|0|1|1|1|1|0|1|0|0|NA|NA|NA|NA|NA|17|3|28|2006446|71658.7857142857|0
"350010029003"|0|1|0|0|0|0|0|1|1|1|1|0|1|0|0|NA|NA|NA|NA|NA|17|3|28|2006446|71658.7857142857|0
"350010034001"|0|1|0|0|0|0|0|1|1|0|0|1|1|0|0|NA|NA|NA|NA|NA|0|0|0|0|NA|0
"350010037221"|0|1|1|0|0|0|0|1|1|1|0|0|1|0|0|9552|9552|16752|16752|NA|0|0|0|0|NA|0
"350010037361"|0|1|1|0|0|0|0|1|1|1|0|0|1|0|0|9552|9552|16752|16752|NA|0|0|0|0|NA|0
"350010047161"|0|1|0|0|0|0|0|1|1|1|0|0|1|0|0|15000|15000|NA|NA|NA|0|0|0|0|NA|0
"350010047173"|0|1|0|0|0|0|0|1|1|1|0|0|1|0|0|15000|15000|NA|NA|NA|0|0|0|0|NA|0
"350010047223"|0|1|0|0|0|0|1|1|1|1|1|0|1|0|0|NA|NA|NA|NA|675|72|25|40|2765388|69134.7|0
"350010047511"|0|1|0|0|0|0|0|1|1|0|0|1|1|0|0|NA|NA|NA|NA|NA|0|0|0|0|NA|0
"350050003004"|0|1|0|0|0|0|0|1|1|1|1|0|1|0|0|1784|8072|NA|NA|5876|196|48|164|10630184|64818.1951219512|0
"350050011011"|0|1|0|0|0|0|0|1|1|1|1|0|0|1|0|2040|5232|NA|NA|6542|149|30|90|4610768|51230.7555555556|0
"350050011013"|0|1|0|0|0|0|0|1|1|1|1|0|0|1|0|2040|5232|NA|NA|6542|149|30|90|4610768|51230.7555555556|0
"350050011014"|0|1|0|0|0|0|0|1|1|1|1|0|0|1|0|2040|5232|NA|NA|6542|149|30|90|4610768|51230.7555555556|0
"350069744002"|0|1|0|0|0|0|0|1|1|1|1|0|1|0|0|2088|3912|NA|NA|NA|27|8|28|1537974|54927.6428571429|0
"350069744003"|0|1|0|0|0|0|0|1|1|1|1|0|1|0|0|2088|3912|NA|NA|NA|27|8|28|1537974|54927.6428571429|0
"350090004001"|0|1|0|0|0|0|0|1|1|1|1|0|0|1|0|1296|2664|NA|NA|NA|110|19|112|5902148|52697.75|0
"350130008001"|0|1|0|0|0|0|0|1|1|0|0|1|1|0|0|NA|NA|NA|NA|NA|0|0|0|0|NA|0
"350130010002"|0|1|2|0|0|1|0|2|2|2|0|0|1|0|1|NA|NA|NA|NA|NA|2204|638|1256|108061266|NA|0
"350130012014"|0|1|0|0|0|0|0|1|1|1|1|0|0|1|0|1962|5466|NA|NA|NA|214|78|250|15444972|61779.888|0
"350150004012"|0|1|0|0|0|0|0|1|1|1|1|0|0|1|0|1776|3816|NA|NA|NA|58|26|68|3921834|57674.0294117647|0
"350179643005"|0|1|1|0|0|0|0|1|1|1|0|0|0|1|0|4167|11400|3356|8730|10568|224|67|184|11272124|61261.5434782609|0
"350179644003"|0|1|1|0|0|0|0|1|1|1|0|0|0|1|0|4167|11400|3356|8730|10568|224|67|184|11272124|61261.5434782609|0
"350250005041"|0|1|1|0|0|0|0|1|1|1|0|0|1|0|0|16000|16000|22500|22500|8570|64|23|54|2689436|49804.3703703704|0
"350250007022"|0|1|0|0|0|0|0|1|1|1|1|0|0|1|0|1344|1536|NA|NA|4200|152|10|142|7942496|55933.0704225352|0
"350250007031"|0|1|1|0|0|0|0|1|1|1|0|0|1|0|0|16000|16000|22500|22500|8570|64|23|54|2689436|49804.3703703704|0
"350279606004"|0|1|0|0|0|0|0|1|1|1|1|0|1|0|0|1608|2400|NA|NA|NA|44|9|12|665036|55419.6666666667|0
"350280002004"|0|1|0|0|0|0|0|1|1|1|1|0|1|0|0|2076|5499|NA|NA|NA|20|10|12|662812|55234.3333333333|0
"350280004003"|0|1|0|0|0|0|0|1|1|1|1|0|1|0|0|2076|5499|NA|NA|NA|20|10|12|662812|55234.3333333333|0
"350319435003"|0|1|1|0|0|0|1|1|1|1|0|0|0|1|0|3420|3420|2250|2250|6270|149|23|170|8727436|51337.8588235294|0
"350319455001"|0|1|0|0|0|0|0|1|1|1|1|0|0|1|0|1785|4708|NA|NA|NA|81|30|118|7455402|63181.3728813559|0
"350319455004"|0|1|0|0|0|0|0|1|1|1|1|0|0|1|0|1785|4708|NA|NA|NA|81|30|118|7455402|63181.3728813559|0
"350350002001"|0|1|0|0|0|0|0|1|1|0|0|1|1|0|0|NA|NA|NA|NA|NA|0|0|0|0|NA|0
"350350003042"|0|1|0|0|0|0|0|1|1|1|1|0|0|1|0|2232|5184|NA|NA|NA|58|25|62|4036384|65102.9677419355|0
"350379586012"|0|1|0|0|0|0|0|1|1|1|1|0|1|0|0|1440|2640|NA|NA|6224|33|5|30|1787020|59567.3333333333|0
"350379586014"|0|1|0|0|0|0|0|1|1|1|1|0|1|0|0|1440|2640|NA|NA|6224|33|5|30|1787020|59567.3333333333|0
"350379586021"|0|1|0|0|0|0|0|1|1|1|1|0|1|0|0|1440|2640|NA|NA|6224|33|5|30|1787020|59567.3333333333|0
"350399407002"|0|1|1|0|0|0|0|1|1|1|0|0|0|1|0|3447|12171|2652|3969|NA|115|20|92|5172574|56223.6304347826|0
"350410003003"|0|1|1|0|0|0|0|1|1|1|0|0|0|1|0|3996|5994|7044|9342|7300|327|101|326|21042068|64546.2208588957|0
"350410003004"|0|1|1|0|0|0|0|1|1|1|0|0|0|1|0|3996|5994|7044|9342|7300|327|101|326|21042068|64546.2208588957|0
"350430107201"|0|1|0|0|0|0|0|1|1|0|0|1|1|0|0|NA|NA|NA|NA|NA|0|0|0|0|NA|0
"350430107202"|0|1|0|0|0|0|0|1|1|0|0|1|1|0|0|NA|NA|NA|NA|NA|0|0|0|0|NA|0
"350450002022"|0|1|0|0|0|0|0|1|1|1|1|0|0|1|0|1176|3720|NA|NA|NA|346|139|302|18552660|61432.6490066225|0
"350479573001"|0|1|1|0|0|0|0|1|1|1|0|0|0|1|0|4440|8712|5112|9336|8126|307|87|264|15443844|58499.4090909091|0
"350479573004"|0|1|1|0|0|0|0|1|1|1|0|0|0|1|0|4440|8712|5112|9336|8126|307|87|264|15443844|58499.4090909091|0
"350479574002"|0|1|1|0|0|0|0|1|1|1|0|0|0|1|0|4440|8712|5112|9336|8126|307|87|264|15443844|58499.4090909091|0
"350479576002"|0|1|0|0|0|0|0|1|1|1|1|0|0|1|0|1248|2376|NA|NA|NA|97|32|50|2053990|41079.8|0
"350479578003"|0|1|0|0|0|0|0|1|1|1|1|0|0|1|0|1248|2376|NA|NA|NA|97|32|50|2053990|41079.8|0
"350490010012"|0|0|1|0|0|0|0|1|1|1|0|0|1|0|0|NA|NA|18537|18537|NA|6|1|0|0|NA|0
"350490011031"|0|1|0|0|0|0|0|1|1|0|0|1|1|0|0|NA|NA|NA|NA|NA|0|0|0|0|NA|0
"350490011032"|0|1|0|0|0|0|0|1|1|0|0|1|1|0|0|NA|NA|NA|NA|NA|0|0|0|0|NA|0
"350490012031"|0|0|1|0|0|0|0|1|1|1|0|0|1|0|0|NA|NA|22272|22272|NA|22|4|8|369188|46148.5|0
"350490012052"|0|0|1|0|0|0|0|1|1|1|0|0|1|0|0|NA|NA|22272|22272|NA|22|4|8|369188|46148.5|0
"350490104001"|0|1|1|0|0|0|0|1|1|1|0|0|1|0|0|35000|35000|27550|27550|12860|103|32|70|5736974|81956.7714285714|0
"350490106011"|0|2|1|0|0|0|1|2|2|2|1|0|1|1|0|6740|9230|NA|NA|NA|354|53|200|11669996|117864.521829522|0
"350490107001"|0|1|0|0|0|0|0|1|1|1|1|0|0|1|0|1800|4290|NA|NA|NA|280|41|148|8542438|57719.1756756757|0
"350539783022"|0|1|1|0|0|0|0|1|1|1|0|0|0|1|0|6826|22194|7160|23585|8624|630|144|262|20616912|78690.5038167939|0
"350559526002"|0|1|0|0|0|0|0|1|1|1|1|0|0|1|0|1872|4722|NA|NA|NA|71|25|38|1939634|51043|0
"350619703021"|0|1|0|0|0|0|0|1|1|1|1|0|0|1|0|1842|5100|NA|NA|NA|86|26|68|3498698|51451.4411764706|0
"360010002001"|0|2|1|0|0|0|0|2|1|0|0|0|0|0|0|NA|NA|NA|NA|NA|520|123|0|0|NA|0
"360010003001"|0|1|0|0|0|0|0|1|1|1|1|0|1|0|0|12144|12144|NA|NA|NA|28|2|22|1206934|54860.6363636364|0
"360010003004"|0|1|0|0|0|0|0|1|1|1|1|0|1|0|0|12144|12144|NA|NA|NA|28|2|22|1206934|54860.6363636364|0
"360010004011"|0|2|2|0|0|0|0|2|2|2|0|0|0|0|2|NA|NA|NA|NA|NA|2084|396|1334|131860866|NA|0
"360010004041"|0|1|1|0|0|0|0|1|1|1|0|0|0|0|1|7070|24660|11310|23100|14240|1711|308|1334|131860866|98846.2263868066|0
"360010005014"|0|1|0|0|0|0|0|1|1|0|0|1|1|0|0|NA|NA|NA|NA|NA|0|0|0|0|NA|0
"360010005021"|0|1|1|0|0|0|0|1|1|1|0|0|0|1|0|32218|32218|14382|14382|12986|355|94|344|24784886|72049.0872093023|0
"360010011001"|0|2|1|0|0|0|0|2|1|0|0|0|0|0|0|NA|NA|NA|NA|NA|520|123|0|0|NA|0
"360010018013"|0|2|0|0|0|0|0|2|2|2|1|0|2|0|0|26235|26235|NA|NA|NA|55|11|76|5056646|138888.059907834|0
"360010021002"|0|1|2|0|0|0|0|2|2|2|0|0|1|1|0|NA|NA|74734|74734|NA|239|65|254|26020332|217746.49319929|0
"360010021003"|0|0|1|0|0|1|0|1|1|1|0|0|1|0|0|NA|NA|27876|27876|NA|1405|575|0|0|NA|0
"360010025002"|0|2|1|0|0|0|0|2|1|0|0|0|0|0|0|NA|NA|NA|NA|NA|520|123|0|0|NA|0
"360010135072"|0|1|0|0|0|0|0|1|1|0|0|1|1|0|0|NA|NA|NA|NA|NA|0|0|0|0|NA|0
"360010135083"|0|1|0|0|0|0|0|1|1|0|0|1|1|0|0|NA|NA|NA|NA|NA|0|0|0|0|NA|0
"360010136014"|0|1|1|0|0|0|0|1|1|1|0|0|0|1|0|38055|38055|26757|26757|15530|391|117|428|37973980|88724.2523364486|0
"360010137031"|0|2|0|0|0|0|0|2|2|0|0|2|2|0|0|NA|NA|NA|NA|NA|0|0|0|0|NA|0
"360010139023"|0|1|0|0|0|0|0|1|1|0|0|1|1|0|0|NA|NA|NA|NA|NA|0|0|0|0|NA|0
"360010140011"|0|1|0|0|0|0|0|1|1|1|0|0|1|0|0|16711|16711|NA|NA|NA|34|22|18|852326|47351.4444444444|0
"360039503003"|0|1|1|0|0|0|0|1|1|1|0|0|1|0|0|32930|32930|13360|13360|9568|119|51|120|6897214|57476.7833333333|0
"360039508002"|0|1|0|0|0|0|0|1|1|1|0|0|0|1|0|7070|13965|NA|NA|13060|377|90|366|20936568|57203.737704918|0
"360039508003"|0|2|1|0|0|0|0|2|2|2|0|0|0|2|0|36705|44176|NA|NA|25778|758|205|678|41781264|124013.660781841|0
"360050051001"|0|1|0|0|0|0|0|1|1|1|1|0|0|1|0|4800|7680|NA|NA|NA|436|134|362|31555252|87169.2044198895|0
"360050118001"|0|1|1|0|0|0|0|1|1|1|0|0|0|1|0|7070|16980|11310|23100|13256|192|48|184|14452950|78548.6413043478|0
"360050212004"|0|1|0|0|0|0|0|1|1|0|0|1|1|0|0|NA|NA|NA|NA|NA|0|0|0|0|NA|0
"360050220001"|0|1|0|0|0|0|0|1|1|0|0|1|1|0|0|8000|8000|NA|NA|NA|0|0|0|0|NA|0
"360050237021"|0|1|0|0|0|0|0|1|1|0|0|1|1|0|0|NA|NA|NA|NA|NA|0|0|0|0|NA|0
"360050249001"|0|1|0|0|0|0|0|1|1|1|1|0|0|0|1|4800|7680|NA|NA|NA|576|201|566|51820500|91555.6537102474|0
"360050265004"|0|1|1|0|0|0|0|1|1|1|0|0|0|1|0|14760|14760|15624|15624|11100|325|197|466|34239470|73475.2575107296|0
"360050296002"|0|0|1|0|0|1|0|1|1|1|0|0|1|0|0|NA|NA|50000|50000|NA|0|0|0|0|NA|0
"360050307011"|0|1|0|0|0|0|0|1|1|1|0|0|1|0|0|9650|9650|NA|NA|5850|11|1|10|741710|74171|0
"360050319001"|0|1|1|0|0|0|0|1|1|1|0|0|0|1|0|39500|39500|18406|18406|11000|225|59|164|13316576|81198.6341463415|0
"360050334001"|0|1|0|0|0|0|0|1|1|0|0|1|1|0|0|8000|8000|NA|NA|NA|0|0|0|0|NA|0
"360050351001"|0|1|1|0|0|0|0|1|1|1|0|0|0|1|0|40400|40400|18972|18972|16870|385|123|478|48968682|102444.941422594|0
"360050385001"|0|1|1|0|0|0|0|1|1|1|0|0|0|0|1|52980|52980|34608|34608|18510|1566|546|1506|192959460|128127.131474104|0
"360050387001"|0|1|1|0|0|0|0|1|1|1|0|0|0|0|1|52980|52980|34608|34608|18510|1566|546|1506|192959460|128127.131474104|0
"360050397001"|0|1|1|0|0|0|0|1|1|1|0|0|0|0|1|52980|52980|34608|34608|18510|1566|546|1506|192959460|128127.131474104|0
"360050409001"|0|1|1|0|0|0|0|1|1|1|0|0|0|0|1|6930|14880|11090|20520|14380|585|173|760|72314020|95150.0263157895|0
"360050409002"|0|1|1|0|0|0|0|1|1|1|0|0|0|0|1|6930|14880|11090|20520|14380|585|173|760|72314020|95150.0263157895|0
"360070016001"|0|1|0|0|0|0|0|1|1|0|0|1|1|0|0|NA|NA|NA|NA|NA|0|0|0|0|NA|0
"360070017005"|0|1|0|0|0|0|0|1|1|0|0|1|1|0|0|NA|NA|NA|NA|NA|0|0|0|0|NA|0
"360070128001"|0|1|0|0|0|0|0|1|1|0|0|1|1|0|0|NA|NA|NA|NA|NA|0|0|0|0|NA|0
"360070128004"|0|1|0|0|0|0|0|1|1|1|1|0|0|1|0|4944|9888|NA|NA|12744|252|76|324|21081108|65065.1481481481|0
"360070140003"|0|1|0|0|0|0|0|1|1|1|0|0|1|0|0|15750|15750|NA|NA|8600|7|0|2|1e+05|50000|0
"360070141001"|0|1|0|0|0|0|0|1|1|1|0|0|1|0|0|15750|15750|NA|NA|8600|7|0|2|1e+05|50000|0
"360070143012"|0|1|0|0|0|0|0|1|1|1|0|0|1|0|0|15750|15750|NA|NA|8600|7|0|2|1e+05|50000|0
"360070143013"|0|1|0|0|0|0|0|1|1|1|1|0|1|0|0|21850|21850|NA|NA|NA|7|1|8|210012|26251.5|0
"360070143023"|0|1|1|0|0|0|0|1|1|1|0|0|0|0|1|7070|24660|11310|23100|16068|1528|404|1466|147481082|100601.010914052|0
"360099610004"|0|1|0|0|0|0|0|1|1|0|0|1|1|0|0|NA|NA|NA|NA|NA|0|0|0|0|NA|0
"360099613001"|0|1|1|0|0|0|0|1|1|1|0|0|0|1|0|34366|34366|13860|13860|13120|295|105|292|19017508|65128.4520547945|0
"360099618001"|0|1|0|0|0|0|0|1|1|0|0|1|1|0|0|NA|NA|NA|NA|NA|0|0|0|0|NA|0
"360110410002"|0|1|0|0|0|0|0|1|1|1|0|0|1|0|0|29400|29400|NA|NA|14100|108|27|76|4540226|59739.8157894737|0
"360110413005"|0|1|0|0|0|0|0|1|1|0|0|1|1|0|0|11050|11050|NA|NA|NA|0|0|0|0|NA|0
"360110414004"|0|1|0|0|0|0|0|1|1|1|1|0|0|1|0|4844|9688|NA|NA|NA|124|38|86|6804750|79125|0
"360130301001"|0|1|0|0|0|0|0|1|1|1|1|0|0|1|0|5040|10080|NA|NA|10980|164|44|146|8446142|57850.2876712329|0
"360130305002"|0|1|0|0|0|0|0|1|1|1|0|0|1|0|0|11700|11700|NA|NA|NA|10|1|14|766800|54771.4285714286|0
"360130359021"|0|1|1|0|0|0|0|1|1|1|0|0|0|1|0|7070|16980|11310|23100|12830|395|93|490|35064760|71560.7346938775|0
"360130368002"|0|1|0|0|0|0|0|1|1|0|0|1|1|0|0|NA|NA|NA|NA|NA|0|0|0|0|NA|0
"360130373001"|0|1|0|0|0|0|0|1|1|1|1|0|0|1|0|5040|10080|NA|NA|10980|164|44|146|8446142|57850.2876712329|0
"360130373003"|0|1|0|0|0|0|0|1|1|1|1|0|0|1|0|5040|10080|NA|NA|10980|164|44|146|8446142|57850.2876712329|0
"360150004001"|0|1|0|0|0|0|0|1|1|1|1|0|1|0|0|NA|NA|NA|NA|NA|3|1|14|864846|61774.7142857143|0
"360150006001"|0|1|1|0|0|0|0|1|1|1|0|0|1|0|0|33900|33900|16800|16800|12500|121|36|132|7352988|55704.4545454545|0
"360150106001"|0|1|0|0|0|0|0|1|1|0|0|1|1|0|0|NA|NA|NA|NA|NA|0|0|0|0|NA|0
"360179705001"|0|1|0|0|0|0|0|1|1|0|0|1|1|0|0|NA|NA|NA|NA|NA|0|0|0|0|NA|0
"360191010002"|0|1|0|0|0|0|0|1|1|0|0|1|1|0|0|NA|NA|NA|NA|NA|0|0|0|0|NA|0
"360191011001"|0|1|1|0|0|0|0|1|1|1|0|0|0|1|0|7070|16980|11310|23100|13720|502|151|508|36504850|71859.9409448819|0
"360191016001"|0|1|0|0|0|0|0|1|1|0|0|1|1|0|0|NA|NA|NA|NA|NA|0|0|0|0|NA|0
"360191021001"|0|1|0|0|0|0|0|1|1|1|1|0|0|1|0|5518|10464|NA|NA|NA|60|13|74|4335346|58585.7567567568|0
"360191021002"|0|1|0|0|0|0|0|1|1|1|1|0|0|1|0|5518|10464|NA|NA|NA|60|13|74|4335346|58585.7567567568|0
"360210011002"|0|1|0|0|0|0|0|1|1|1|1|0|0|1|0|4824|9648|NA|NA|NA|83|16|84|4920064|58572.1904761905|0
"360239708001"|0|1|1|0|0|0|0|1|1|1|0|0|0|1|0|7070|16980|11310|23100|13100|658|188|652|44401740|68100.8282208589|0
"360259709001"|0|1|1|0|0|0|0|1|1|1|0|0|0|1|0|7070|10840|11310|13570|12900|291|76|288|17901220|62157.0138888889|0
"360270703012"|0|1|0|0|0|0|0|1|1|0|0|1|1|0|0|NA|NA|NA|NA|NA|0|0|0|0|NA|0
"360270704011"|0|1|1|0|0|0|0|1|1|1|0|0|0|1|0|31080|31080|21153|21153|11880|508|47|276|28630678|103734.34057971|0
"360270704012"|0|1|1|0|0|0|0|1|1|1|0|0|0|1|0|31080|31080|21153|21153|11880|508|47|276|28630678|103734.34057971|0
"360271401011"|0|1|1|0|0|0|0|1|1|1|0|0|0|1|0|39925|39925|15300|15300|15920|639|212|494|44830654|90750.3117408907|0
"360271401014"|0|1|1|0|0|0|0|1|1|1|0|0|0|1|0|39925|39925|15300|15300|15920|639|212|494|44830654|90750.3117408907|0
"360271401015"|0|1|0|0|0|0|0|1|1|1|1|0|0|1|0|4150|8300|NA|NA|11400|226|59|250|21038646|84154.584|0
"360271403001"|0|1|1|0|0|0|0|1|1|1|0|0|0|1|0|57910|57910|57910|57910|14220|670|113|574|64334666|112081.299651568|0
"360271403003"|0|1|1|0|0|0|0|1|1|1|0|0|0|1|0|57910|57910|57910|57910|14220|670|113|574|64334666|112081.299651568|0
"360271500032"|0|1|1|0|0|0|0|1|1|1|0|0|0|1|0|55566|55566|36634|36634|15876|610|135|400|40876642|102191.605|0
"360271500033"|0|1|1|0|0|0|0|1|1|1|0|0|0|1|0|55566|55566|36634|36634|15876|610|135|400|40876642|102191.605|0
"360274100001"|0|1|1|0|0|0|0|1|1|1|0|0|0|1|0|57910|57910|57910|57910|14220|670|113|574|64334666|112081.299651568|0
"360274100003"|0|1|1|0|0|0|0|1|1|1|0|0|0|1|0|57910|57910|57910|57910|14220|670|113|574|64334666|112081.299651568|0
"360290005001"|0|1|0|0|0|0|0|1|1|0|0|1|1|0|0|NA|NA|NA|NA|NA|0|0|0|0|NA|0
"360290008003"|0|1|0|0|0|0|0|1|1|1|0|0|0|1|0|17980|17980|NA|NA|NA|72|17|72|4820724|66954.5|0
"360290052021"|0|1|1|0|0|0|0|1|1|1|0|0|0|1|0|27940|27940|14760|14760|11526|336|125|300|23163722|77212.4066666667|0
"360290053001"|0|1|1|0|0|0|0|1|1|1|0|0|0|1|0|29950|29950|21176|21176|14000|174|44|172|9814254|57059.6162790698|0
"360290053002"|0|1|1|0|0|0|0|1|1|1|0|0|0|1|0|29950|29950|21176|21176|14000|174|44|172|9814254|57059.6162790698|0
"360290062011"|0|1|1|0|0|0|0|1|1|1|0|0|0|1|0|7070|16980|11310|23100|14220|847|221|724|57693096|79686.5966850829|0
"360290070003"|0|1|1|0|0|0|0|1|1|1|0|0|0|1|0|27040|27040|17892|17892|12652|218|104|358|29161518|81456.7541899441|0
"360290071021"|0|2|0|0|0|0|0|2|2|2|1|0|0|1|1|21891|26457|NA|NA|NA|552|127|638|40539864|125104.675413763|0
"360290072021"|0|2|0|0|0|0|0|2|2|2|1|0|0|1|1|21891|26457|NA|NA|NA|552|127|638|40539864|125104.675413763|0
"360290079042"|0|1|0|0|0|0|0|1|1|0|0|1|1|0|0|NA|NA|NA|NA|NA|0|0|0|0|NA|0
"360290089005"|0|1|0|0|0|0|0|1|1|0|0|1|1|0|0|NA|NA|NA|NA|NA|0|0|0|0|NA|0
"360290090092"|0|1|0|0|0|0|0|1|0|0|0|0|0|0|0|NA|NA|NA|NA|NA|0|0|0|0|NA|0
"360290091101"|0|1|1|0|1|1|0|1|1|1|0|0|0|0|1|7070|24740|11310|23100|14134|2805|540|2444|271602056|111130.137479542|0
"360290094011"|0|1|1|0|0|0|0|1|1|1|0|0|0|1|0|28830|28830|23928|23928|13240|235|77|300|20737098|69123.66|0
"360290103002"|0|1|0|0|0|0|0|1|1|1|0|0|1|0|0|22970|22970|NA|NA|NA|61|28|60|2606796|43446.6|0
"360290107001"|0|1|0|0|0|0|0|1|1|0|0|1|1|0|0|NA|NA|NA|NA|NA|0|0|0|0|NA|0
"360290115001"|0|1|0|0|0|0|0|1|1|0|0|1|1|0|0|NA|NA|NA|NA|NA|0|0|0|0|NA|0
"360290120021"|0|1|0|0|0|0|0|1|1|0|0|1|1|0|0|NA|NA|NA|NA|NA|0|0|0|0|NA|0
"360290129022"|0|1|1|0|0|0|0|1|1|1|0|0|1|0|0|22700|22700|19920|19920|9850|78|18|72|4269276|59295.5|0
"360290137014"|0|2|0|0|0|0|0|2|1|1|0|0|0|1|0|NA|NA|NA|NA|NA|175|138|64|3102482|NA|0
"360290138004"|0|0|1|0|0|0|0|1|1|1|0|0|1|0|0|NA|NA|13800|13800|NA|18|1|14|659500|47107.1428571429|0
"360290146014"|0|1|0|0|0|0|0|1|1|0|0|1|1|0|0|NA|NA|NA|NA|NA|0|0|0|0|NA|0
"360290165001"|0|2|0|0|0|0|0|2|2|2|1|0|0|1|1|21891|26457|NA|NA|NA|552|127|638|40539864|125104.675413763|0
"360319604981"|0|1|0|0|0|0|0|1|1|1|1|0|0|1|0|5076|11972|NA|NA|10350|61|26|96|4940698|51465.6041666667|0
"360339508001"|0|1|0|0|0|0|0|1|1|1|0|0|1|0|0|29280|29280|NA|NA|14280|96|16|104|5129146|49318.7115384615|0
"360379504001"|0|2|0|0|0|0|0|2|2|1|1|1|1|1|0|NA|NA|NA|NA|NA|208|51|172|10689058|NA|0
"360379504002"|0|2|0|0|0|0|0|2|2|1|1|1|1|1|0|NA|NA|NA|NA|NA|208|51|172|10689058|NA|0
"360430104002"|0|1|0|0|0|0|0|1|1|0|0|1|1|0|0|NA|NA|NA|NA|NA|0|0|0|0|NA|0
"360430104003"|0|1|0|0|0|0|0|1|1|0|0|1|1|0|0|NA|NA|NA|NA|NA|0|0|0|0|NA|0
"360430112002"|0|1|0|0|0|0|0|1|1|1|1|0|0|1|0|4870|7500|NA|NA|10100|122|60|94|5068116|53916.1276595745|0
"360450615003"|0|1|0|0|0|0|0|1|1|1|1|0|0|1|0|4920|9840|NA|NA|11666|126|48|146|9596748|65731.1506849315|0
"360450615004"|0|1|0|0|0|0|0|1|1|0|0|1|1|0|0|18481|18481|NA|NA|NA|0|0|0|0|NA|0
"360450616003"|0|1|0|0|0|0|0|1|1|0|0|1|1|0|0|18481|18481|NA|NA|NA|0|0|0|0|NA|0
"360470009001"|0|2|2|0|0|0|0|3|3|2|0|1|1|2|0|NA|NA|NA|NA|NA|345|101|316|38572016|NA|0
"360470011001"|0|1|0|0|0|0|0|1|1|1|0|0|0|1|0|11880|11880|NA|NA|11866|232|42|316|8902400|28172.1518987342|0
"360470013001"|0|1|0|0|0|0|0|1|1|1|0|0|0|0|1|6930|14880|NA|NA|NA|562|188|778|74508796|95769.6606683805|0
"360470015003"|0|1|0|0|0|0|0|1|1|0|0|1|1|0|0|NA|NA|NA|NA|NA|0|0|0|0|NA|0
"360470062002"|0|1|0|0|0|0|0|1|1|0|0|1|1|0|0|NA|NA|NA|NA|NA|0|0|0|0|NA|0
"360470193003"|0|1|1|0|0|0|0|1|1|1|0|0|0|1|0|51754|51754|33246|33246|13294|609|218|360|36926976|102574.933333333|0
"360470195003"|0|1|1|0|0|0|0|1|1|1|0|0|0|1|0|28590|28590|19350|19350|NA|112|49|118|9635848|81659.7288135593|0
"360470220002"|0|1|0|0|0|0|0|1|1|1|0|0|1|0|0|10200|10200|NA|NA|6800|6|2|62|3168000|51096.7741935484|0
"360470222001"|0|1|0|0|0|0|0|1|1|1|0|0|1|0|0|11360|11360|NA|NA|4600|6|1|18|564852|31380.6666666667|0
"360470228002"|0|1|1|0|0|0|0|1|1|1|0|0|1|0|0|12100|12100|12100|12100|3800|8|2|22|1285800|58445.4545454545|0
"360470230001"|0|1|0|0|0|0|0|1|1|1|0|0|1|0|0|9850|9850|NA|NA|4150|3|0|10|432900|43290|0
"360470232002"|0|1|0|0|0|0|0|1|1|1|1|0|1|0|0|9400|9400|NA|NA|NA|13|6|6|365464|60910.6666666667|0
"360470232004"|0|1|0|0|0|0|0|1|1|1|0|0|1|0|0|9900|9900|NA|NA|12830|6|2|16|514456|32153.5|0
"360470234002"|0|1|1|0|0|0|0|1|1|1|0|0|1|0|0|7850|7850|3450|3450|4600|9|1|10|388496|38849.6|0
"360470236003"|0|1|0|0|0|0|0|1|1|1|1|0|1|0|0|7800|7800|NA|NA|NA|1|0|0|0|NA|0
"360470240003"|0|1|0|0|0|0|0|1|1|1|0|0|1|0|0|9500|9500|NA|NA|NA|2|0|14|901996|64428.2857142857|0
"360470242001"|0|1|0|0|0|0|0|1|1|1|0|0|1|0|0|10200|10200|NA|NA|3700|10|2|12|740000|61666.6666666667|0
"360470250001"|0|1|0|0|0|0|0|1|1|1|0|0|1|0|0|18000|18000|NA|NA|7500|7|2|38|2057200|54136.8421052632|0
"360470290001"|0|1|0|0|0|0|0|1|1|0|0|0|0|0|0|NA|NA|NA|NA|NA|0|0|0|0|NA|0
"360470290003"|0|1|0|0|0|0|0|1|1|0|0|1|1|0|0|NA|NA|NA|NA|NA|0|0|0|0|NA|0
"360470300001"|0|1|0|0|0|0|0|1|1|0|0|1|1|0|0|NA|NA|NA|NA|NA|0|0|0|0|NA|0
"360470319003"|0|1|0|0|0|0|0|1|1|1|0|0|1|0|0|7800|7800|NA|NA|NA|3|2|2|48000|24000|0
"360470325003"|0|1|0|0|0|0|0|1|1|1|0|0|0|1|0|6930|14880|NA|NA|NA|414|120|318|30283782|95232.0188679245|0
"360470337001"|0|1|1|0|0|0|0|1|1|1|0|0|1|0|0|7700|7700|6200|6200|3500|16|0|34|1360016|40000.4705882353|0
"360470337002"|0|1|1|0|0|0|0|1|1|1|0|0|1|0|0|7700|7700|6200|6200|3500|16|0|34|1360016|40000.4705882353|0
"360470337003"|0|1|0|0|0|0|0|1|1|1|0|0|1|0|0|9800|9800|NA|NA|7700|10|0|40|2398016|59950.4|0
"360470418002"|0|1|1|0|0|0|0|1|1|1|0|0|1|0|0|9670|9670|9670|9670|6130|14|3|34|1291016|37971.0588235294|0
"360470420001"|0|1|0|0|0|0|0|1|1|1|0|0|1|0|0|12380|12380|NA|NA|NA|1|0|2|183432|91716|0
"360470422003"|0|1|0|0|0|0|0|1|1|1|0|0|1|0|0|9850|9850|NA|NA|3600|6|1|24|921982|38415.9166666667|0
"360470432002"|0|1|0|0|0|0|0|1|1|1|1|0|1|0|0|13520|13520|NA|NA|NA|5|1|6|82400|13733.3333333333|0
"360470462011"|0|1|0|0|0|0|0|1|1|1|0|0|1|0|0|10500|10500|NA|NA|5850|0|0|6|277672|46278.6666666667|0
"360470462012"|0|1|0|0|0|0|0|1|1|1|0|0|1|0|0|10500|10500|NA|NA|5850|0|0|6|277672|46278.6666666667|0
"360470470001"|0|1|0|0|0|0|0|1|1|1|0|0|1|0|0|12800|12800|NA|NA|4000|5|0|8|605124|75640.5|0
"360470470002"|0|1|0|0|0|0|0|1|1|1|0|0|1|0|0|11500|11500|NA|NA|NA|5|1|18|970822|53934.5555555556|0
"360470478001"|0|1|0|0|0|0|0|1|1|1|1|0|1|0|0|11200|11200|NA|NA|3950|2|0|0|0|NA|0
"360470478002"|0|1|1|0|0|0|0|1|1|1|0|0|1|0|0|9450|9450|9450|9450|4400|3|0|4|292662|73165.5|0
"360470478003"|0|1|1|0|0|0|0|1|1|1|0|0|1|0|0|9450|9450|9450|9450|4400|3|0|4|292662|73165.5|0
"360470484001"|0|1|0|0|0|0|0|1|1|1|0|0|1|0|0|11050|11050|NA|NA|3500|0|0|6|594378|99063|0
"360470492003"|0|1|1|0|0|0|0|1|1|1|0|0|1|0|0|11000|11000|11350|11350|4500|4|2|18|439440|24413.3333333333|0
"360470526002"|0|1|0|0|0|0|0|1|1|0|0|1|1|0|0|NA|NA|NA|NA|NA|0|0|0|0|NA|0
"360470533004"|0|1|0|0|0|0|0|1|1|1|0|0|1|0|0|14500|14500|NA|NA|1700|3|1|12|238500|19875|0
"360470535001"|0|1|1|0|0|0|0|1|1|1|0|0|0|1|0|14000|14000|3000|3000|4000|55|9|204|7480326|36668.2647058823|0
"360470535004"|0|1|0|0|0|0|0|1|1|1|0|0|1|0|0|19500|19500|NA|NA|3200|2|1|38|1615488|42512.8421052632|0
"360470543001"|0|0|0|0|0|0|0|1|0|0|0|0|0|0|0|NA|NA|NA|NA|NA|0|0|0|0|NA|0
"360470544003"|0|1|0|0|0|0|0|1|1|1|0|0|1|0|0|11000|11000|NA|NA|NA|3|1|10|516000|51600|0
"360470554001"|0|2|0|0|0|0|0|2|2|0|0|2|2|0|0|NA|NA|NA|NA|NA|0|0|0|0|NA|0
"360470606001"|0|1|0|0|0|0|0|1|1|0|0|1|1|0|0|NA|NA|NA|NA|NA|0|0|0|0|NA|0
"360470616001"|0|1|0|0|0|0|0|1|1|1|1|0|0|0|1|4800|7680|NA|NA|NA|583|162|656|58440946|89086.8079268293|0
"360470644001"|0|1|0|0|0|0|0|1|1|1|0|0|1|0|0|7900|7900|NA|NA|5000|2|2|8|667684|83460.5|0
"360470768002"|0|1|1|0|0|0|0|1|1|1|0|0|1|0|0|12450|12450|12450|12450|3000|1|1|24|1534614|63942.25|0
"360470772001"|0|1|1|0|0|0|0|1|1|1|0|0|0|0|1|6930|14880|11090|20520|NA|722|222|1008|101493284|100687.781746032|0
"360470772002"|0|1|1|0|0|0|0|1|1|1|0|0|0|0|1|6930|14880|11090|20520|NA|722|222|1008|101493284|100687.781746032|0
"360470816001"|0|1|1|0|1|1|0|1|1|1|0|0|0|1|0|7070|16980|11310|23100|NA|907|122|264|37656632|142638.757575758|0
"360471026001"|0|1|0|0|0|0|0|1|1|1|0|0|1|0|0|9000|9000|NA|NA|3000|3|0|8|270400|33800|0
"360510302022"|0|1|1|0|0|0|0|1|1|1|0|0|0|1|0|7070|16980|11310|23100|14018|514|140|504|38600320|76587.9365079365|0
"360510304002"|0|1|1|0|0|0|0|1|1|1|0|0|0|1|0|7070|16980|11310|23100|14018|514|140|504|38600320|76587.9365079365|0
"360510304003"|0|1|1|0|0|0|0|1|1|1|0|0|0|1|0|7070|16980|11310|23100|14018|514|140|504|38600320|76587.9365079365|0
"360510305001"|0|1|1|0|0|0|0|1|1|1|0|0|0|1|0|7070|16980|11310|23100|14018|514|140|504|38600320|76587.9365079365|0
"360510306002"|0|1|0|0|0|0|0|1|1|1|1|0|1|0|0|9480|9480|NA|NA|6900|20|9|6|211642|35273.6666666667|0
"360530305011"|0|1|1|0|0|0|0|1|1|1|0|0|1|0|0|35010|35010|14400|14400|14344|152|34|108|6953708|64386.1851851852|0
"360530305012"|0|1|1|0|0|0|0|1|1|1|0|0|1|0|0|35010|35010|14400|14400|14344|152|34|108|6953708|64386.1851851852|0
"360530307002"|0|1|0|0|0|0|0|1|1|1|0|0|0|1|0|7070|16980|NA|NA|15600|336|90|284|17545836|61781.1126760563|0
"360530309001"|0|1|1|0|0|0|0|1|1|1|0|0|0|1|0|57695|57695|57695|57695|14540|661|239|696|75596818|108616.117816092|0
"360550010001"|0|1|1|0|0|0|0|2|2|1|0|1|2|0|0|NA|NA|NA|NA|NA|13|2|10|731676|NA|0
"360550010003"|0|1|1|0|0|0|0|2|2|1|0|1|2|0|0|NA|NA|NA|NA|NA|13|2|10|731676|NA|0
"360550019001"|0|1|0|0|0|0|0|1|1|0|0|1|1|0|0|NA|NA|NA|NA|NA|0|0|0|0|NA|0
"360550020001"|0|1|0|0|0|0|0|1|1|0|0|1|1|0|0|NA|NA|NA|NA|NA|0|0|0|0|NA|0
"360550031001"|0|1|0|0|0|0|0|1|1|1|0|0|1|0|0|6150|6150|6150|6150|4400|0|0|4|120000|30000|0
"360550031002"|0|1|0|0|0|0|0|1|1|1|0|0|1|0|0|6150|6150|6150|6150|4400|0|0|4|120000|30000|0
"360550031003"|0|1|0|0|0|0|0|1|1|1|0|0|1|0|0|6150|6150|6150|6150|4400|0|0|4|120000|30000|0
"360550031004"|0|1|0|0|0|0|0|1|1|1|0|0|1|0|0|6150|6150|6150|6150|4400|0|0|4|120000|30000|0
"360550038021"|0|1|1|0|1|1|0|1|1|1|0|0|0|0|1|55040|55040|51705|51705|16470|3782|856|1578|194455122|123228.847908745|0
"360550104001"|0|1|0|0|0|0|0|1|1|0|0|1|1|0|0|NA|NA|NA|NA|NA|0|0|0|0|NA|0
"360550104002"|0|1|0|0|0|0|0|1|1|0|0|1|1|0|0|NA|NA|NA|NA|NA|0|0|0|0|NA|0
"360550104003"|0|1|0|0|0|0|0|1|1|0|0|1|1|0|0|NA|NA|NA|NA|NA|0|0|0|0|NA|0
"360550106021"|0|1|0|0|0|0|0|1|1|0|0|1|1|0|0|NA|NA|NA|NA|NA|0|0|0|0|NA|0
"360550106025"|0|1|0|0|0|0|0|1|1|0|0|1|1|0|0|NA|NA|NA|NA|NA|0|0|0|0|NA|0
"360550122012"|0|1|2|0|0|0|0|2|2|2|0|0|1|1|0|NA|NA|29196|29196|NA|362|133|466|41413800|147135.633333333|0
"360550122013"|0|0|1|0|0|0|0|1|1|1|0|0|1|0|0|NA|NA|11646|11646|NA|5|2|6|347162|57860.3333333333|0
"360550122014"|0|1|2|0|0|0|0|2|2|2|0|0|1|1|0|NA|NA|28890|28890|NA|278|122|378|29010080|134911.188172043|0
"360550126005"|0|0|1|0|0|0|0|1|1|1|0|0|1|0|0|NA|NA|11646|11646|NA|5|2|6|347162|57860.3333333333|0
"360550130014"|0|1|0|0|0|0|0|1|1|1|1|0|0|0|1|4380|8760|NA|NA|8980|597|158|542|37309646|68836.9852398524|0
"360550130024"|0|1|0|0|0|0|0|1|0|0|0|0|0|0|0|NA|NA|NA|NA|NA|0|0|0|0|NA|0
"360550131011"|0|1|0|0|0|0|0|1|0|0|0|0|0|0|0|NA|NA|NA|NA|NA|0|0|0|0|NA|0
"360550131013"|0|1|0|0|0|0|0|1|0|0|0|0|0|0|0|NA|NA|NA|NA|NA|0|0|0|0|NA|0
"360550131031"|0|1|1|0|0|0|0|1|1|1|0|0|0|0|1|44049|44049|47522|47522|13540|2457|876|2088|199920188|95747.2164750958|0
"360550131041"|0|1|0|0|0|0|0|1|1|0|0|1|1|0|0|NA|NA|NA|NA|NA|0|0|0|0|NA|0
"360550131042"|0|1|0|0|0|0|0|1|1|0|0|1|1|0|0|NA|NA|NA|NA|NA|0|0|0|0|NA|0
"360550131043"|0|1|0|0|0|0|0|1|1|0|0|1|1|0|0|NA|NA|NA|NA|NA|0|0|0|0|NA|0
"360550135061"|0|1|0|0|0|0|0|1|1|0|0|1|1|0|0|NA|NA|NA|NA|NA|0|0|0|0|NA|0
"360550135063"|0|1|0|0|0|0|0|1|1|0|0|1|1|0|0|NA|NA|NA|NA|NA|0|0|0|0|NA|0
"360550136043"|0|1|0|0|0|0|0|1|1|1|0|0|1|0|0|16924|16924|NA|NA|NA|39|29|26|1720048|66155.6923076923|0
"360550142023"|0|1|0|0|0|0|0|1|1|0|0|1|1|0|0|NA|NA|NA|NA|NA|0|0|0|0|NA|0
"360550145012"|0|1|2|0|0|0|0|2|2|2|0|0|1|1|0|NA|NA|23706|23706|NA|177|72|200|12967012|129562.631578947|0
"360550145051"|0|1|2|0|0|0|0|2|2|2|0|0|1|1|0|NA|NA|23706|23706|NA|177|72|200|12967012|129562.631578947|0
"360550153011"|0|1|1|0|0|0|0|1|1|1|0|0|0|1|0|7070|16980|11310|23100|13774|680|189|682|51750966|75881.1818181818|0
"360550153012"|0|1|1|0|0|0|0|1|1|1|0|0|0|1|0|7070|16980|11310|23100|13774|680|189|682|51750966|75881.1818181818|0
"360550153044"|0|1|1|0|0|0|0|1|1|1|0|0|0|1|0|7070|16980|11310|23100|13774|680|189|682|51750966|75881.1818181818|0
"360570722001"|0|1|0|0|0|0|0|1|1|1|1|0|0|1|0|4900|9800|NA|NA|12030|87|25|80|6114430|76430.375|0
"360570722002"|0|1|0|0|0|0|0|1|1|1|1|0|0|1|0|4900|9800|NA|NA|12030|87|25|80|6114430|76430.375|0
"360593001004"|0|1|1|0|0|0|0|1|1|1|0|0|0|1|0|NA|NA|NA|NA|NA|140|28|214|25932888|121181.719626168|0
"360593009005"|0|0|1|0|0|0|0|1|0|1|0|0|1|0|0|NA|NA|NA|NA|NA|0|0|0|0|NA|0
"360593018002"|0|0|1|0|0|0|0|1|0|1|0|0|1|0|0|NA|NA|NA|NA|NA|0|0|0|0|NA|0
"360593036004"|0|1|1|0|1|0|0|1|1|1|0|0|1|0|0|15525|15525|18393|18393|NA|7|0|10|767438|76743.8|0
"360594067013"|0|1|0|0|0|0|0|1|1|0|0|1|1|0|0|NA|NA|NA|NA|NA|0|0|0|0|NA|0
"360594069002"|0|1|0|0|0|0|0|1|1|0|0|1|1|0|0|NA|NA|NA|NA|NA|0|0|0|0|NA|0
"360594070006"|0|1|0|0|0|0|0|1|1|0|0|1|1|0|0|NA|NA|NA|NA|NA|0|0|0|0|NA|0
"360594071011"|0|1|0|0|0|0|0|1|1|0|0|1|1|0|0|NA|NA|NA|NA|NA|0|0|0|0|NA|0
"360594072013"|0|1|0|0|0|0|0|1|1|0|0|1|1|0|0|NA|NA|NA|NA|NA|0|0|0|0|NA|0
"360594073011"|0|2|1|0|0|1|0|2|2|2|1|0|0|0|2|52050|57650|NA|NA|NA|1790|547|1740|196741284|223038.010818048|0
"360594088002"|0|2|0|0|0|0|0|2|2|0|0|2|1|1|0|NA|NA|NA|NA|NA|0|0|0|0|NA|0
"360594090005"|0|2|0|0|0|0|0|2|2|0|0|2|1|1|0|NA|NA|NA|NA|NA|0|0|0|0|NA|0
"360594092005"|0|1|0|0|0|0|0|1|1|0|0|1|1|0|0|NA|NA|NA|NA|NA|0|0|0|0|NA|0
"360594116003"|0|1|1|0|0|0|0|1|1|1|0|0|1|0|0|10000|10000|10000|10000|6500|16|4|38|2108346|55482.7894736842|0
"360594126001"|0|1|1|0|0|0|0|1|1|1|0|0|0|1|0|31330|31330|21510|21510|15560|374|117|384|37484952|97617.0625|0
"360594163004"|0|1|1|0|0|0|0|1|1|1|0|0|1|0|0|10000|10000|10000|10000|6500|16|4|38|2108346|55482.7894736842|0
"360594166004"|0|1|0|0|0|0|0|1|1|1|0|0|1|0|0|8450|8450|NA|NA|4900|11|2|16|916064|57254|0
"360595170001"|0|1|0|0|0|0|0|1|1|1|0|0|1|0|0|51240|51240|NA|NA|15400|23|2|18|2170128|120562.666666667|0
"360595177012"|0|1|1|0|0|0|0|1|1|1|0|0|1|0|0|14040|14040|16956|16956|NA|15|2|14|886214|63301|0
"360595177051"|0|1|1|0|0|1|0|1|1|1|0|0|0|1|0|36600|36600|23760|23760|17485|574|109|478|50094104|104799.380753138|0
"360595193003"|0|1|0|0|0|0|0|1|1|0|0|1|1|0|0|18000|18000|NA|NA|NA|0|0|0|0|NA|0
"360595201005"|0|1|1|0|0|0|0|1|1|1|0|0|0|1|0|7070|16980|8792|17334|13318|548|126|530|44748276|84430.7094339623|0
"360595220001"|0|1|0|0|0|0|0|1|1|0|0|1|1|0|0|NA|NA|NA|NA|NA|0|0|0|0|NA|0
"360595220003"|0|1|0|0|0|0|0|1|1|1|1|0|1|0|0|16500|16500|NA|NA|NA|6|3|6|431000|71833.3333333333|0
"360595220004"|0|1|0|0|0|0|0|1|1|1|1|0|1|0|0|16500|16500|NA|NA|NA|6|3|6|431000|71833.3333333333|0
"360599801001"|0|1|1|0|0|0|0|1|1|1|0|0|0|1|0|38470|38470|41920|41920|15950|808|301|722|81640588|113075.606648199|0
"360599811001"|0|2|2|0|0|1|0|2|2|2|0|0|0|1|1|73052|73052|46242|46242|31835|1293|384|1412|151193008|213042.318654637|0
"360599821001"|0|1|1|0|0|0|0|1|1|1|0|0|0|1|0|7070|16980|11310|23100|11530|331|83|348|30648012|88069|0
"360610006001"|0|1|1|0|0|0|0|1|1|1|0|0|1|0|0|11750|11750|11750|11750|4000|2|2|20|738696|36934.8|0
"360610009001"|0|1|0|0|0|0|0|1|1|1|0|0|1|0|0|37000|37000|NA|NA|17184|55|19|62|5633218|90858.3548387097|0
"360610013001"|0|1|1|0|0|0|0|1|1|1|0|0|1|0|0|18978|18978|28740|28740|NA|66|9|40|3652504|91312.6|0
"360610013002"|0|3|2|0|0|0|0|3|3|3|1|0|0|3|0|NA|NA|NA|NA|NA|296|122|456|42391904|241237.667054257|0
"360610015011"|0|1|1|0|0|0|0|1|1|1|0|0|0|0|1|44714|44714|31320|31320|19148|1023|435|978|109904334|112376.619631902|0
"360610015021"|0|1|1|0|0|0|0|1|1|1|0|0|1|0|0|10309|10309|16105|16105|NA|37|23|16|1098866|68679.125|0
"360610029004"|0|1|1|0|0|0|0|1|1|1|0|0|0|0|1|44714|44714|31320|31320|19148|1023|435|978|109904334|112376.619631902|0
"360610033002"|0|0|2|0|0|0|0|2|2|2|0|0|1|1|0|NA|NA|62559|62559|NA|126|35|126|21700252|246644.561403509|0
"360610033003"|0|1|0|0|0|0|0|1|1|0|0|1|1|0|0|NA|NA|NA|NA|NA|0|0|0|0|NA|0
"360610037003"|0|1|0|0|0|0|0|1|1|0|0|1|1|0|0|NA|NA|NA|NA|NA|0|0|0|0|NA|0
"360610039003"|0|1|0|0|0|0|0|1|1|1|1|0|0|0|1|4800|7680|NA|NA|NA|847|298|1108|99612938|89903.3736462094|0
"360610045001"|0|1|0|0|0|0|0|1|1|0|0|1|1|0|0|NA|NA|NA|NA|NA|0|0|0|0|NA|0
"360610049001"|0|0|1|0|0|0|0|1|1|1|0|0|1|0|0|NA|NA|34650|34650|NA|9|1|0|0|NA|0
"360610054001"|0|1|0|0|0|0|0|1|1|1|1|0|1|0|0|33061|33061|NA|NA|18490|39|18|10|482798|48279.8|0
"360610055011"|0|1|1|0|0|1|0|1|1|1|0|0|0|0|1|50684|50684|33408|33408|18684|8253|1659|6194|897568686|144909.377784953|0
"360610057002"|0|1|2|0|0|0|0|2|2|2|0|0|2|0|0|NA|NA|56211|56211|NA|334|64|182|18027354|190565.08958959|0
"360610058001"|0|1|0|0|0|0|0|1|1|1|0|0|1|0|0|31478|31478|NA|NA|NA|12|1|10|1088666|108866.6|0
"360610063002"|0|1|1|0|0|0|0|1|1|1|0|0|0|0|1|49770|49770|46710|46710|18700|1054|128|854|91360808|106979.868852459|0
"360610063003"|0|1|0|0|0|0|0|1|1|0|0|1|1|0|0|20900|20900|NA|NA|20150|0|0|0|0|NA|0
"360610064001"|0|1|1|0|0|0|0|1|1|1|0|0|0|1|0|41900|41900|46940|46940|21200|515|150|888|25711342|28954.213963964|0
"360610068005"|0|1|1|0|0|0|0|1|1|1|0|0|0|0|1|6930|14880|11090|20520|18953|723|196|972|102000384|104938.666666667|0
"360610074001"|0|2|2|0|0|0|0|2|2|2|0|0|0|2|0|22086|30036|27002|40232|NA|799|169|498|56651136|220334.779009126|0
"360610074003"|0|2|0|0|0|0|0|2|2|1|1|1|2|0|0|NA|NA|NA|NA|NA|30|13|20|1735300|NA|0
"360610076001"|0|2|0|0|0|0|0|2|2|0|0|2|2|0|0|NA|NA|NA|NA|NA|0|0|0|0|NA|0
"360610081002"|0|1|0|0|0|0|0|1|1|0|0|1|1|0|0|NA|NA|NA|NA|NA|0|0|0|0|NA|0
"360610081004"|0|1|0|0|0|0|0|1|1|0|0|1|1|0|0|30250|30250|NA|NA|NA|0|0|0|0|NA|0
"360610082001"|0|1|0|0|0|0|0|1|1|0|0|1|1|0|0|NA|NA|NA|NA|NA|0|0|0|0|NA|0
"360610082002"|0|1|0|0|0|0|0|1|1|0|0|1|1|0|0|NA|NA|NA|NA|NA|0|0|0|0|NA|0
"360610082003"|0|1|0|0|0|0|0|1|1|0|0|1|1|0|0|NA|NA|NA|NA|NA|0|0|0|0|NA|0
"360610084002"|0|2|0|0|0|0|0|2|2|1|1|1|1|1|0|NA|NA|NA|NA|NA|105|24|102|8785266|NA|0
"360610088001"|0|1|1|0|0|0|0|1|1|0|0|0|0|0|0|NA|NA|NA|NA|NA|990|277|0|0|NA|0
"360610089004"|0|0|1|0|0|0|0|1|1|1|0|0|1|0|0|NA|NA|15000|15000|NA|25|2|10|652500|65250|0
"360610091002"|0|2|0|0|0|0|0|2|2|1|1|1|2|0|0|NA|NA|NA|NA|NA|121|5|120|7110630|NA|0
"360610094001"|0|1|0|0|0|0|0|1|1|1|0|0|0|1|0|24058|24058|NA|NA|NA|140|24|118|10540304|89324.6101694915|0
"360610095001"|0|1|0|0|0|0|0|1|1|0|0|1|1|0|0|NA|NA|NA|NA|NA|0|0|0|0|NA|0
"360610095002"|0|1|1|0|0|0|0|1|1|1|0|0|0|1|0|7070|21392|11542|23586|14556|633|332|452|47641812|105402.238938053|0
"360610096001"|0|1|3|0|1|0|0|4|4|3|0|1|4|0|0|NA|NA|NA|NA|NA|225|59|156|18917044|NA|0
"360610098005"|0|1|0|0|0|0|0|1|1|0|0|1|1|0|0|16400|16400|NA|NA|NA|0|0|0|0|NA|0
"360610100001"|0|0|1|0|0|0|0|1|1|1|0|0|1|0|0|NA|NA|46600|46600|NA|19|3|18|1531490|85082.7777777778|0
"360610101001"|0|1|0|0|0|0|0|1|1|0|0|1|1|0|0|NA|NA|NA|NA|NA|0|0|0|0|NA|0
"360610102001"|0|1|1|0|0|0|0|1|1|1|0|0|0|1|0|26990|26990|29250|29250|20840|118|11|42|3236484|77059.1428571429|0
"360610103001"|0|1|0|0|0|0|0|1|1|0|0|1|1|0|0|NA|NA|NA|NA|NA|0|0|0|0|NA|0
"360610109001"|0|1|1|0|0|1|0|1|1|1|0|0|0|0|1|18038|18038|12240|12240|12206|892|330|874|76209260|87195.9496567506|0
"360610111001"|0|1|0|0|0|0|0|1|1|0|0|1|1|0|0|NA|NA|NA|NA|NA|0|0|0|0|NA|0
"360610112011"|0|1|0|0|0|0|0|1|1|0|0|1|1|0|0|NA|NA|NA|NA|NA|0|0|0|0|NA|0
"360610116001"|0|1|2|0|0|1|0|3|2|2|0|1|2|1|0|NA|NA|NA|NA|NA|6641|1968|154|39085936|NA|0
"360610119002"|0|1|0|0|0|0|0|1|1|0|0|1|1|0|0|NA|NA|NA|NA|NA|0|0|0|0|NA|0
"360610120004"|0|2|2|0|0|0|0|2|2|2|0|0|1|0|1|38730|46680|47090|56520|31508|1017|288|1264|132847166|NA|0
"360610121004"|0|1|0|0|0|0|0|1|1|0|0|1|1|0|0|NA|NA|NA|NA|NA|0|0|0|0|NA|0
"360610121005"|0|1|0|0|0|0|0|1|1|0|0|1|1|0|0|NA|NA|NA|NA|NA|0|0|0|0|NA|0
"360610126002"|0|1|0|0|0|0|0|1|1|1|0|0|0|1|0|33980|33980|NA|NA|18422|173|58|186|15889120|85425.376344086|0
"360610131001"|0|1|0|0|0|0|0|1|1|0|0|1|1|0|0|18500|18500|NA|NA|NA|0|0|0|0|NA|0
"360610131002"|0|2|0|0|0|0|0|2|2|1|1|1|2|0|0|32500|32500|NA|NA|NA|27|1|30|1720000|NA|0
"360610135001"|0|1|0|0|0|0|0|1|1|1|1|0|1|0|0|17595|17595|NA|NA|NA|17|6|0|0|NA|0
"360610139003"|0|1|0|0|0|0|0|1|1|0|0|1|1|0|0|12385|12385|NA|NA|10175|0|0|0|0|NA|0
"360610147001"|0|1|1|0|0|0|0|1|1|1|0|0|0|0|1|6930|14880|11090|20520|21829|633|170|800|78759626|98449.5325|0
"360610149001"|0|1|1|0|0|0|0|1|1|1|0|0|1|0|0|47370|47370|47370|47370|17970|336|88|264|24904558|94335.446969697|0
"360610151002"|0|1|0|0|0|0|0|1|1|1|0|0|0|1|0|40144|40144|NA|NA|14050|149|61|204|17972170|88098.8725490196|0
"360610168002"|0|0|1|0|1|1|0|1|1|1|0|0|0|1|0|NA|NA|29098|29098|NA|0|0|0|0|NA|0
"360610198001"|0|1|1|0|1|0|0|2|2|2|0|0|2|0|0|NA|NA|NA|NA|NA|76|21|110|10216276|192673.959064327|0
"360610199002"|0|0|1|0|0|0|0|1|1|1|0|0|1|0|0|NA|NA|40300|40300|NA|304|57|58|4803964|82826.9655172414|0
"360610203001"|0|0|1|0|0|0|0|1|1|1|0|0|0|1|0|NA|NA|40800|40800|NA|736|75|452|60293564|133392.840707965|0
"360610203002"|0|1|1|0|0|1|0|1|1|1|0|0|0|0|1|57763|57763|47600|47600|14490|9393|1671|3304|577799936|174878.915254237|0
"360610205001"|0|1|2|0|0|0|0|3|3|3|0|0|2|1|0|NA|NA|NA|NA|NA|652|198|568|69169786|289501.968067579|0
"360610211003"|0|1|1|0|0|0|0|1|1|1|0|0|0|1|0|48280|48280|48280|48280|16195|118|36|198|14624970|73863.4848484848|0
"360610211007"|0|1|1|0|0|0|0|1|1|1|0|0|1|0|0|56128|56128|32980|32980|15400|135|37|68|7057254|103783.147058824|0
"360610217031"|0|1|1|0|0|1|0|1|1|1|0|0|0|0|1|6930|14880|11090|20520|16164|817|158|1036|111539286|107663.403474903|0
"360610241002"|0|1|1|0|0|0|0|1|1|1|0|0|1|0|0|11000|11000|15000|15000|NA|67|38|78|3983190|51066.5384615385|0
"360610269002"|0|1|1|0|0|1|0|1|1|1|0|0|0|1|0|42200|42200|34800|34800|12500|726|146|688|76709534|111496.415697674|0
"360610317031"|0|1|0|0|0|0|0|1|1|0|0|1|1|0|0|NA|NA|NA|NA|NA|0|0|0|0|NA|0
"360630226023"|0|1|0|0|0|0|0|1|0|0|0|0|0|0|0|NA|NA|NA|NA|NA|0|0|0|0|NA|0
"360630243033"|0|2|0|0|0|0|0|2|2|1|1|1|1|1|0|NA|NA|NA|NA|NA|218|77|196|16415960|NA|0
"360630244061"|0|1|1|0|0|0|0|1|1|1|0|0|0|1|0|33000|33000|14525|14525|11700|332|102|312|24891154|79779.3397435897|0
"360650213012"|0|1|0|0|0|0|0|1|1|1|1|0|0|1|0|4594|6892|NA|NA|10930|278|95|246|15193084|61760.5040650407|0
"360650213031"|0|1|0|0|0|0|0|1|1|1|1|0|0|1|0|4594|6892|NA|NA|10930|278|95|246|15193084|61760.5040650407|0
"360650214013"|0|1|1|0|0|0|0|1|1|1|0|0|0|1|0|21560|21560|21480|21480|11670|279|120|318|26560672|83524.1257861635|0
"360650217011"|0|1|0|0|0|0|0|1|1|1|1|0|1|0|0|16560|21760|NA|NA|NA|12|3|38|3672000|96631.5789473684|0
"360650250031"|0|1|0|0|0|0|0|1|1|1|0|0|0|1|0|55970|55970|NA|NA|14360|451|123|408|43343218|106233.37745098|0
"360650262001"|0|1|1|0|0|0|0|1|1|1|0|0|0|1|0|7070|16980|11310|23100|13018|243|59|272|26255130|96526.2132352941|0
"360650262002"|0|1|1|0|0|0|0|1|1|1|0|0|0|1|0|7070|16980|11310|23100|13018|243|59|272|26255130|96526.2132352941|0
"360650262005"|0|1|1|0|0|0|0|1|1|1|0|0|0|1|0|7070|16980|11310|23100|13018|243|59|272|26255130|96526.2132352941|0
"360650263001"|0|1|0|0|0|0|0|1|1|0|0|1|1|0|0|NA|NA|NA|NA|NA|0|0|0|0|NA|0
"360650265001"|0|1|1|0|0|0|0|1|1|1|0|0|0|1|0|21560|21560|21480|21480|11670|279|120|318|26560672|83524.1257861635|0
"360670001001"|0|1|0|0|0|0|0|1|1|1|1|0|1|0|0|20196|20196|NA|NA|8300|18|3|42|3805812|90614.5714285714|0
"360670016001"|0|1|0|0|0|0|0|1|0|0|0|0|0|0|0|NA|NA|NA|NA|NA|0|0|0|0|NA|0
"360670023002"|0|1|0|0|0|0|0|1|1|1|1|0|1|0|0|20196|20196|NA|NA|8300|18|3|42|3805812|90614.5714285714|0
"360670032001"|0|1|0|0|0|0|0|1|1|1|1|0|1|0|0|20196|20196|NA|NA|8300|18|3|42|3805812|90614.5714285714|0
"360670032002"|0|2|0|0|0|0|0|2|2|1|1|1|2|0|0|NA|NA|NA|NA|NA|18|3|42|3805812|NA|0
"360670034001"|0|2|0|0|0|0|0|2|2|1|1|1|2|0|0|NA|NA|NA|NA|NA|18|3|42|3805812|NA|0
"360670043011"|0|3|2|0|1|1|0|3|3|3|1|0|1|1|1|71826|81736|NA|NA|NA|4450|1161|2774|292298142|277988.196224759|0
"360670043022"|0|1|1|0|0|0|0|1|1|1|0|0|0|1|0|7070|16980|11310|23100|18300|262|56|264|24176776|91578.696969697|0
"360670111013"|0|1|0|0|0|0|0|1|1|1|0|0|1|0|0|15739|15739|NA|NA|NA|53|31|54|3452646|63937.8888888889|0
"360670111021"|0|2|0|0|0|0|0|2|2|0|0|2|2|0|0|NA|NA|NA|NA|NA|0|0|0|0|NA|0
"360670111023"|0|2|0|0|0|0|0|2|2|0|0|2|2|0|0|NA|NA|NA|NA|NA|0|0|0|0|NA|0
"360670115001"|0|1|0|0|0|0|0|1|1|1|0|0|1|0|0|15739|15739|NA|NA|NA|53|31|54|3452646|63937.8888888889|0
"360670134004"|0|1|0|0|0|0|0|1|1|1|0|0|1|0|0|15739|15739|NA|NA|NA|53|31|54|3452646|63937.8888888889|0
"360670135001"|0|2|0|0|0|0|0|2|2|0|0|2|2|0|0|NA|NA|NA|NA|NA|0|0|0|0|NA|0
"360670139001"|0|1|0|0|0|0|0|1|1|0|0|1|1|0|0|NA|NA|NA|NA|NA|0|0|0|0|NA|0
"360670139002"|0|1|0|0|0|0|0|1|1|0|0|1|1|0|0|NA|NA|NA|NA|NA|0|0|0|0|NA|0
"360670140003"|0|1|0|0|0|0|0|1|1|0|0|1|1|0|0|NA|NA|NA|NA|NA|0|0|0|0|NA|0
"360670146001"|0|1|1|0|0|0|0|1|1|1|0|0|0|1|0|34230|34230|16524|16524|14120|292|97|354|29713382|83936.1073446328|0
"360670146002"|0|1|1|0|0|0|0|1|1|1|0|0|0|1|0|34230|34230|16524|16524|14120|292|97|354|29713382|83936.1073446328|0
"360670163003"|0|1|0|0|0|0|0|1|1|1|1|0|0|1|0|4990|9980|NA|NA|8990|381|137|344|24824128|72163.1627906977|0
"360670163004"|0|1|0|0|0|0|0|1|1|1|1|0|0|1|0|4990|9980|NA|NA|8990|381|137|344|24824128|72163.1627906977|0
"360690512002"|0|1|0|0|0|0|0|1|1|1|1|0|0|1|0|4722|7083|NA|NA|10207|214|68|226|14731398|65183.1769911504|0
"360690517001"|0|2|0|0|0|0|0|2|1|1|1|1|2|0|0|18600|18600|NA|NA|NA|4|3|20|1340000|NA|0
"360690519004"|0|1|1|0|0|0|0|1|1|1|0|0|0|1|0|55835|55835|13958|13958|15345|322|110|432|36185784|83763.3888888889|0
"360710001002"|0|1|1|0|0|0|0|1|1|1|0|0|0|1|0|31548|31548|15192|15192|15864|242|87|170|13581356|79890.3294117647|0
"360710001003"|0|1|1|0|0|0|0|1|1|1|0|0|0|1|0|31548|31548|15192|15192|15864|242|87|170|13581356|79890.3294117647|0
"360710015003"|0|1|0|0|0|0|0|1|1|0|0|1|0|0|0|NA|NA|NA|NA|NA|0|0|0|0|NA|0
"360710016003"|0|1|0|0|0|0|0|1|1|1|1|0|0|1|0|5184|10368|NA|NA|NA|268|109|274|21525170|78559.0145985401|0
"360710016004"|0|1|0|0|0|0|0|1|1|1|1|0|0|1|0|5184|10368|NA|NA|NA|268|109|274|21525170|78559.0145985401|0
"360710121004"|0|1|0|0|0|0|0|1|1|0|0|1|1|0|0|NA|NA|NA|NA|NA|0|0|0|0|NA|0
"360710121005"|0|1|0|0|0|0|0|1|1|0|0|1|1|0|0|NA|NA|NA|NA|NA|0|0|0|0|NA|0
"360710128003"|0|1|0|0|0|0|0|1|1|1|0|0|1|0|0|9275|9275|NA|NA|4700|0|0|4|183200|45800|0
"360710135001"|0|2|0|0|0|0|0|2|2|2|0|0|1|1|0|24500|24500|NA|NA|9920|48|7|338|11118840|68422.9087048832|0
"360710136001"|0|1|0|0|0|0|0|1|1|1|0|0|0|1|0|NA|NA|NA|NA|NA|1329|221|522|62054804|118878.9348659|0
"360710137002"|0|1|0|0|0|0|0|1|1|1|0|0|0|1|0|NA|NA|NA|NA|NA|1329|221|522|62054804|118878.9348659|0
"360710139001"|0|2|0|0|0|0|0|2|2|2|0|0|1|1|0|24500|24500|NA|NA|9920|48|7|338|11118840|68422.9087048832|0
"360710150031"|0|2|0|0|0|0|0|2|2|2|0|0|1|1|0|24500|24500|NA|NA|9920|48|7|338|11118840|68422.9087048832|0
"360710150042"|0|1|0|0|0|0|0|1|1|0|0|1|1|0|0|11000|11000|NA|NA|NA|0|0|0|0|NA|0
"360750204002"|0|1|0|0|0|0|0|1|1|0|0|1|1|0|0|NA|NA|NA|NA|NA|0|0|0|0|NA|0
"360750214011"|0|1|1|0|0|0|0|1|1|1|0|0|0|1|0|7070|16980|11310|23100|14290|731|180|742|52755544|71099.115902965|0
"360775905001"|0|1|0|0|0|0|0|1|1|0|0|1|1|0|0|NA|NA|NA|NA|NA|0|0|0|0|NA|0
"360775912001"|0|2|1|0|0|0|0|2|2|2|0|0|0|2|0|53060|62970|NA|NA|26474|791|212|770|54160704|142050.914935155|0
"360775913001"|0|1|1|0|0|0|0|1|1|1|0|0|0|1|0|7070|16980|11310|23100|13640|615|139|568|39521656|69580.3802816901|0
"360810019001"|0|1|1|0|0|0|0|2|2|1|0|1|1|1|0|NA|NA|NA|NA|NA|108|35|116|16303156|NA|0
"360810057003"|0|1|0|0|0|0|0|1|1|0|0|1|1|0|0|19400|19400|NA|NA|NA|0|0|0|0|NA|0
"360810130001"|0|0|0|0|0|0|0|1|0|0|0|0|0|0|0|NA|NA|NA|NA|NA|0|0|0|0|NA|0
"360810134004"|0|1|1|0|0|0|0|1|1|1|0|0|1|0|0|15750|15750|16750|16750|2100|8|1|12|837910|69825.8333333333|0
"360810155002"|0|1|0|0|0|0|0|1|1|0|0|1|1|0|0|NA|NA|NA|NA|NA|0|0|0|0|NA|0
"360810179001"|0|3|0|0|0|0|0|3|3|2|2|1|2|0|1|NA|NA|NA|NA|NA|760|256|722|67426920|NA|0
"360810179002"|0|3|0|0|0|0|0|3|3|2|2|1|2|0|1|NA|NA|NA|NA|NA|760|256|722|67426920|NA|0
"360810246001"|0|1|1|0|0|0|0|1|1|1|0|0|0|1|0|6930|14880|11090|20520|NA|395|116|376|36077974|95952.0585106383|0
"360810347002"|0|1|1|0|0|0|0|1|1|1|0|0|0|1|0|25300|25300|26064|26064|14180|95|12|80|6909184|86364.8|0
"360810440003"|0|1|0|0|0|0|0|1|1|1|1|0|1|0|0|NA|NA|NA|NA|NA|49|13|40|2600000|65000|0
"360810446012"|0|1|0|0|0|0|0|1|1|0|0|1|1|0|0|NA|NA|NA|NA|NA|0|0|0|0|NA|0
"360810553002"|0|1|0|0|0|0|0|1|1|0|0|1|1|0|0|NA|NA|NA|NA|NA|0|0|0|0|NA|0
"360810717012"|0|2|0|0|0|0|0|2|2|1|1|1|2|0|0|NA|NA|NA|NA|NA|21|6|34|2759984|NA|0
"360810731001"|0|1|0|0|0|0|0|1|1|0|0|1|1|0|0|NA|NA|NA|NA|NA|0|0|0|0|NA|0
"360810757013"|0|1|0|0|0|0|0|1|1|1|0|0|1|0|0|12000|12000|NA|NA|NA|51|40|30|2138628|71287.6|0
"360810779072"|0|1|1|0|0|0|0|1|1|1|0|0|1|0|0|9800|9800|9800|9800|6000|33|4|26|803552|30905.8461538462|0
"360810803023"|0|1|1|0|0|0|0|1|1|1|0|0|0|0|1|6930|14880|11090|20520|15102|686|225|1166|115914148|99411.7907375643|0
"360810809007"|0|1|1|0|0|0|0|1|1|1|0|0|0|0|1|6930|14880|11090|20520|15102|686|225|1166|115914148|99411.7907375643|0
"360810853001"|0|1|0|0|0|0|0|1|1|0|0|1|1|0|0|NA|NA|NA|NA|NA|0|0|0|0|NA|0
"360810869001"|0|2|0|0|0|0|0|2|2|0|0|2|2|0|0|NA|NA|NA|NA|NA|0|0|0|0|NA|0
"360810871001"|0|1|0|0|0|0|0|1|1|1|1|0|1|0|0|8866|8866|NA|NA|NA|66|4|34|1454792|42788|0
"360810871002"|0|1|0|0|0|0|0|1|1|1|1|0|1|0|0|8866|8866|NA|NA|NA|66|4|34|1454792|42788|0
"360810907001"|0|1|0|0|0|0|0|1|1|0|0|1|1|0|0|NA|NA|NA|NA|NA|0|0|0|0|NA|0
"360810945002"|0|1|0|0|0|0|0|1|1|0|0|1|1|0|0|NA|NA|NA|NA|NA|0|0|0|0|NA|0
"360811008024"|0|1|0|0|0|0|0|1|1|1|0|0|1|0|0|8250|8250|NA|NA|5500|3|1|16|776292|48518.25|0
"360811010011"|0|1|1|0|0|0|0|1|1|1|0|0|1|0|0|9500|9500|9500|9500|4500|1|0|8|858834|107354.25|0
"360811010021"|0|2|1|0|0|0|0|2|2|2|0|0|2|0|0|22000|22000|NA|NA|13000|25|6|52|2743746|100868.503759399|0
"360811010022"|0|1|1|0|0|0|0|1|1|1|0|0|1|0|0|10000|10000|10000|10000|6500|16|4|38|2108346|55482.7894736842|0
"360811032022"|0|1|1|0|0|0|0|1|1|1|0|0|1|0|0|10000|10000|10000|10000|6500|16|4|38|2108346|55482.7894736842|0
"360811039004"|0|1|0|0|0|0|0|1|1|0|0|1|1|0|0|NA|NA|NA|NA|NA|0|0|0|0|NA|0
"360811267001"|0|1|1|0|0|0|0|1|1|1|0|0|0|0|1|41378|41378|28569|28569|17290|1030|408|1326|169248316|127638.247360483|0
"360811385011"|0|1|0|0|0|0|0|1|1|1|1|0|0|0|1|4800|7680|NA|NA|NA|604|197|780|71178374|91254.3256410256|0
"360830405002"|0|1|0|0|0|0|0|1|1|1|1|0|1|0|0|11456|11456|NA|NA|NA|4|1|16|1216964|76060.25|0
"360830407001"|0|1|1|0|0|0|0|1|1|1|0|0|0|1|0|30383|30383|13140|13140|12835|222|66|240|13826330|57609.7083333333|0
"360830410001"|0|1|0|0|0|0|0|1|1|1|1|0|0|0|1|4800|9600|NA|NA|NA|343|119|448|28579040|63792.5|0
"360830411001"|0|1|0|0|0|0|0|1|1|1|1|0|0|0|1|4800|9600|NA|NA|NA|343|119|448|28579040|63792.5|0
"360830413004"|0|1|1|0|0|0|0|1|1|1|0|0|0|1|0|54000|54000|54000|54000|15580|1374|242|934|110117028|117898.316916488|0
"360850003002"|0|1|0|0|0|0|0|1|1|0|0|1|1|0|0|NA|NA|NA|NA|NA|0|0|0|0|NA|0
"360850047001"|0|1|1|0|0|0|0|1|1|1|0|0|0|1|0|47300|47300|21780|21780|14575|271|88|226|16948348|74992.6902654867|0
"360850122002"|0|1|0|0|0|0|0|1|1|0|0|1|1|0|0|NA|NA|NA|NA|NA|0|0|0|0|NA|0
"360850273012"|0|1|1|0|0|0|0|1|1|1|0|0|0|0|1|6930|14880|11090|20520|18695|565|147|718|71445804|99506.6908077994|0
"360850291031"|0|1|0|0|0|0|0|1|1|1|1|0|1|0|0|17151|17151|NA|NA|NA|22|6|36|2318990|64416.3888888889|0
"360870112001"|0|1|0|0|0|0|0|1|1|0|0|1|1|0|0|NA|NA|NA|NA|NA|0|0|0|0|NA|0
"360870113021"|0|1|0|0|0|0|0|1|1|0|0|1|1|0|0|NA|NA|NA|NA|NA|0|0|0|0|NA|0
"360870115051"|0|1|0|0|0|0|0|1|1|1|0|0|1|0|0|10260|10260|NA|NA|3850|9|1|52|852840|16400.7692307692|0
"360870116022"|0|2|0|0|0|0|0|2|2|2|1|0|1|1|0|18662|23574|NA|NA|NA|278|75|196|16874974|159512.375|0
"360870116023"|0|2|0|0|0|0|0|2|2|2|1|0|1|1|0|18662|23574|NA|NA|NA|278|75|196|16874974|159512.375|0
"360870121013"|0|1|0|0|0|0|0|1|1|1|0|0|1|0|0|9000|9000|NA|NA|5950|4|1|10|548862|54886.2|0
"360870121021"|0|1|0|0|0|0|0|1|1|1|1|0|1|0|0|8300|8300|NA|NA|NA|11|5|34|1028000|30235.2941176471|0
"360870121022"|0|1|0|0|0|0|0|1|1|1|0|0|1|0|0|9350|9350|NA|NA|NA|1|0|6|170400|28400|0
"360870121023"|0|3|0|0|0|0|0|3|3|3|1|0|3|0|0|31650|31650|NA|NA|NA|20|8|64|2073978|95117.7107843137|0
"360870121031"|0|1|0|0|0|0|0|1|1|1|0|0|1|0|0|11000|11000|NA|NA|4000|1|0|4|170000|42500|0
"360870121032"|0|3|0|0|0|0|0|3|3|3|0|0|3|0|0|32400|32400|NA|NA|12750|21|6|116|3832222|123485.073529412|0
"360870121033"|0|3|0|0|0|0|0|3|3|3|0|0|3|0|0|32400|32400|NA|NA|12750|21|6|116|3832222|123485.073529412|0
"360870121051"|0|1|1|0|0|0|0|1|1|1|0|0|1|0|0|7500|7500|6800|6800|4500|4|0|10|350000|35000|0
"360870121062"|0|1|0|0|0|0|0|1|1|1|0|0|1|0|0|10200|10200|NA|NA|6600|6|0|20|990900|49545|0
"360870130023"|0|1|1|0|0|0|0|1|1|1|0|0|0|1|0|28984|28984|17208|17208|13414|132|40|152|11727100|77151.9736842105|0
"360870130031"|0|1|1|0|0|0|0|1|1|1|0|0|0|1|0|32250|32250|18630|18630|13650|103|32|94|7909692|84145.6595744681|0
"360894908002"|0|1|1|0|0|0|0|1|1|1|0|0|0|1|0|7070|16980|11310|23100|13900|411|120|486|31796682|65425.2716049383|0
"360894911001"|0|1|1|0|0|0|0|1|1|1|0|0|0|1|0|49858|49858|33312|33312|15340|492|194|478|46453606|97183.2761506276|0
"360894912001"|0|1|1|0|0|0|0|1|1|1|0|0|0|1|0|7070|16980|11310|23100|13900|411|120|486|31796682|65425.2716049383|0
"360894919001"|0|1|1|0|0|0|0|1|1|1|0|0|0|1|0|56360|56360|21114|21114|14630|536|103|364|32587042|89524.8406593407|0
"360894921002"|0|1|0|0|0|0|0|1|1|1|0|0|0|1|0|7070|13534|NA|NA|13304|279|81|248|16661060|67181.6935483871|0
"360910610005"|0|1|1|0|0|0|0|1|1|1|0|0|0|0|1|7070|16980|11310|23100|NA|474|216|330|29169098|88391.2060606061|0
"360910612006"|0|1|1|0|0|0|0|1|1|1|0|0|0|1|0|55136|55136|NA|NA|15000|635|210|596|54655710|91704.211409396|0
"360910613031"|0|1|1|0|0|0|0|1|1|1|0|0|0|1|0|55136|55136|NA|NA|15000|635|210|596|54655710|91704.211409396|0
"360910614041"|0|1|0|0|0|0|0|1|1|0|0|1|1|0|0|NA|NA|NA|NA|NA|0|0|0|0|NA|0
"360930206001"|0|1|0|0|0|0|0|1|1|1|1|0|1|0|0|9911|9911|NA|NA|NA|4|0|26|2017006|77577.1538461538|0
"360930210011"|0|1|0|0|0|0|0|1|1|0|0|1|1|0|0|NA|NA|NA|NA|NA|0|0|0|0|NA|0
"360930217003"|0|1|0|0|0|0|0|1|1|0|0|1|1|0|0|NA|NA|NA|NA|NA|0|0|0|0|NA|0
"360930218006"|0|1|0|0|0|0|0|1|1|0|0|1|1|0|0|NA|NA|NA|NA|NA|0|0|0|0|NA|0
"360930334002"|0|1|0|0|0|0|0|1|1|1|0|0|0|1|0|56853|56853|NA|NA|14061|595|161|426|44277536|103937.877934272|0
"360930334003"|0|1|0|0|0|0|0|1|1|1|0|0|0|1|0|56853|56853|NA|NA|14061|595|161|426|44277536|103937.877934272|0
"360957403001"|0|1|0|0|0|0|0|1|1|1|0|0|0|1|0|7070|16980|NA|NA|13750|249|50|210|14420082|68667.0571428571|0
"360999503002"|0|0|1|0|0|0|0|1|1|1|0|0|1|0|0|NA|NA|17112|17112|NA|125|42|102|7860420|77062.9411764706|0
"360999503003"|0|0|1|0|0|0|0|1|1|1|0|0|1|0|0|NA|NA|17112|17112|NA|125|42|102|7860420|77062.9411764706|0
"360999503004"|0|0|1|0|0|0|0|1|1|1|0|0|1|0|0|NA|NA|17112|17112|NA|125|42|102|7860420|77062.9411764706|0
"361019629001"|0|1|0|0|0|0|0|1|1|1|1|0|0|1|0|4872|7968|NA|NA|9900|118|41|166|10265884|61842.6746987952|0
"361031105012"|0|1|0|0|0|0|0|1|1|0|0|1|1|0|0|NA|NA|NA|NA|NA|0|0|0|0|NA|0
"361031122061"|0|1|1|0|0|0|0|1|1|1|0|0|0|1|0|7070|16980|8792|17334|13318|548|126|530|44748276|84430.7094339623|0
"361031122063"|0|1|1|0|0|0|0|1|1|1|0|0|0|1|0|7070|16980|8792|17334|13318|548|126|530|44748276|84430.7094339623|0
"361031122121"|0|1|1|0|0|0|0|1|1|1|0|0|1|0|0|22960|22960|18150|18150|12880|57|4|56|3456048|61715.1428571429|0
"361031122122"|0|1|1|0|0|0|0|1|1|1|0|0|1|0|0|22960|22960|18150|18150|12880|57|4|56|3456048|61715.1428571429|0
"361031233011"|0|1|0|0|0|0|0|1|1|0|0|1|1|0|0|NA|NA|NA|NA|NA|0|0|0|0|NA|0
"361031235004"|0|1|0|0|0|0|0|1|1|1|1|0|1|0|0|16500|16500|NA|NA|NA|6|3|6|431000|71833.3333333333|0
"361031237011"|0|1|0|0|0|0|0|1|1|0|0|1|1|0|0|NA|NA|NA|NA|NA|0|0|0|0|NA|0
"361031237012"|0|1|0|0|0|0|0|1|1|0|0|1|1|0|0|NA|NA|NA|NA|NA|0|0|0|0|NA|0
"361031237013"|0|1|0|0|0|0|0|1|1|0|0|1|1|0|0|NA|NA|NA|NA|NA|0|0|0|0|NA|0
"361031353012"|0|1|0|0|0|0|0|1|1|0|0|1|1|0|0|NA|NA|NA|NA|NA|0|0|0|0|NA|0
"361031458041"|0|2|0|0|0|0|0|2|2|0|0|2|2|0|0|NA|NA|NA|NA|NA|0|0|0|0|NA|0
"361031461061"|0|1|0|0|0|0|0|1|1|0|0|1|1|0|0|NA|NA|NA|NA|NA|0|0|0|0|NA|0
"361031466071"|0|1|0|0|0|0|0|1|0|0|0|0|0|0|0|NA|NA|NA|NA|NA|0|0|0|0|NA|0
"361031466072"|0|1|0|0|0|0|0|1|0|0|0|0|0|0|0|NA|NA|NA|NA|NA|0|0|0|0|NA|0
"361031477011"|0|1|0|0|0|0|0|1|1|0|0|1|1|0|0|NA|NA|NA|NA|NA|0|0|0|0|NA|0
"361031580022"|0|1|1|0|1|1|0|1|1|1|0|0|0|0|1|7070|24740|11310|23100|14278|2237|364|1934|240654836|124433.731127198|0
"361031580023"|0|1|1|0|1|1|0|1|1|1|0|0|0|0|1|7070|24740|11310|23100|14278|2237|364|1934|240654836|124433.731127198|0
"361031580061"|0|1|1|0|1|1|0|1|1|1|0|0|0|0|1|7070|24740|11310|23100|14278|2237|364|1934|240654836|124433.731127198|0
"361031580062"|0|1|1|0|1|1|0|1|1|1|0|0|0|0|1|7070|24740|11310|23100|14278|2237|364|1934|240654836|124433.731127198|0
"361031580063"|0|1|1|0|1|1|0|1|1|1|0|0|0|0|1|7070|24740|11310|23100|14278|2237|364|1934|240654836|124433.731127198|0
"361031580064"|0|1|1|0|1|1|0|1|1|1|0|0|0|0|1|7070|24740|11310|23100|14278|2237|364|1934|240654836|124433.731127198|0
"361031580071"|0|1|1|0|1|1|0|1|1|1|0|0|0|0|1|7070|24740|11310|23100|14278|2237|364|1934|240654836|124433.731127198|0
"361031580073"|0|1|1|0|1|1|0|1|1|1|0|0|0|0|1|7070|24740|11310|23100|14278|2237|364|1934|240654836|124433.731127198|0
"361031580074"|0|1|1|0|1|1|0|1|1|1|0|0|0|0|1|7070|24740|11310|23100|14278|2237|364|1934|240654836|124433.731127198|0
"361031585073"|0|1|0|0|0|0|0|1|1|1|1|0|0|0|1|5470|10940|NA|NA|NA|706|206|648|69195364|106782.969135802|0
"361031588042"|0|1|1|0|0|0|0|1|1|1|0|0|0|1|0|28590|28590|19350|19350|NA|194|74|204|16632666|81532.6764705882|0
"361031588046"|0|1|1|0|0|0|0|1|1|1|0|0|0|1|0|28590|28590|19350|19350|NA|194|74|204|16632666|81532.6764705882|0
"361031589003"|0|1|1|0|0|0|0|1|1|1|0|0|0|1|0|28590|28590|19350|19350|NA|194|74|204|16632666|81532.6764705882|0
"361031589004"|0|1|1|0|0|0|0|1|1|1|0|0|0|1|0|28590|28590|19350|19350|NA|194|74|204|16632666|81532.6764705882|0
"361031698001"|0|1|0|0|0|0|0|1|1|0|0|1|1|0|0|NA|NA|NA|NA|NA|0|0|0|0|NA|0
"361031698002"|0|1|0|0|0|0|0|1|1|0|0|1|1|0|0|NA|NA|NA|NA|NA|0|0|0|0|NA|0
"361031698003"|0|1|0|0|0|0|0|1|1|0|0|1|1|0|0|NA|NA|NA|NA|NA|0|0|0|0|NA|0
"361059508001"|0|1|0|0|0|0|0|1|1|1|1|0|0|1|0|5016|10032|NA|NA|9948|81|33|70|4031844|57597.7714285714|0
"361059509003"|0|1|0|0|0|0|0|1|1|1|0|0|1|0|0|13350|13350|4800|4800|4150|3|0|16|738192|46137|0
"361090001001"|0|1|0|0|0|0|0|1|0|0|0|0|1|0|0|NA|NA|NA|NA|NA|0|0|0|0|NA|0
"361090003001"|0|1|1|0|0|1|0|1|1|1|0|0|0|0|1|56550|56550|29500|29500|15246|9525|1791|3654|534483206|146273.455391352|0
"361090012001"|0|1|1|0|0|0|0|1|1|1|0|0|0|1|0|45274|45274|21432|21432|15570|819|271|1040|85730856|82433.5153846154|0
"361090020001"|0|1|0|0|0|0|0|1|1|1|1|0|0|1|0|5100|10500|NA|NA|11510|152|52|110|7927462|72067.8363636364|0
"361119513002"|0|1|0|0|0|0|0|1|1|0|0|1|1|0|0|NA|NA|NA|NA|NA|0|0|0|0|NA|0
"361119529005"|0|1|0|0|0|0|0|1|1|1|1|0|0|1|0|4680|9360|NA|NA|NA|134|40|122|7462398|61167.1967213115|0
"361119535001"|0|1|1|0|0|0|0|1|1|1|0|0|0|1|0|7070|16980|11310|23100|13928|649|163|688|50934646|74032.9156976744|0
"361119535002"|0|1|1|0|0|0|0|1|1|1|0|0|0|1|0|7070|16980|11310|23100|13928|649|163|688|50934646|74032.9156976744|0
"361119535003"|0|1|1|0|0|0|0|1|1|1|0|0|0|1|0|7070|16980|11310|23100|13928|649|163|688|50934646|74032.9156976744|0
"361119547001"|0|1|0|0|0|0|0|1|1|1|0|0|1|0|0|7850|7850|NA|NA|2250|1|0|2|182000|91000|0
"361130706011"|0|1|0|0|0|0|0|1|1|1|1|0|0|1|0|4800|9600|NA|NA|11900|150|48|190|11780466|62002.4526315789|0
"361130750001"|0|1|0|0|0|0|0|1|1|0|0|1|1|0|0|9764|9764|NA|NA|7000|0|0|0|0|NA|0
"361150802001"|0|1|0|0|0|0|0|1|1|0|0|1|1|0|0|NA|NA|NA|NA|NA|0|0|0|0|NA|0
"361150803002"|0|1|0|0|0|0|0|1|1|0|0|1|1|0|0|NA|NA|NA|NA|NA|0|0|0|0|NA|0
"361150803003"|0|1|0|0|0|0|0|1|1|0|0|1|1|0|0|NA|NA|NA|NA|NA|0|0|0|0|NA|0
"361170210002"|0|1|0|0|0|0|0|1|1|0|0|1|1|0|0|NA|NA|NA|NA|NA|0|0|0|0|NA|0
"361170212004"|0|1|0|0|0|0|0|1|1|0|0|1|1|0|0|NA|NA|NA|NA|NA|0|0|0|0|NA|0
"361190007012"|0|1|0|0|0|0|0|1|1|1|1|0|1|0|0|7882|7882|NA|NA|NA|11|2|16|1554890|97180.625|0
"361190021071"|0|0|1|0|0|0|0|1|1|1|0|0|1|0|0|NA|NA|12000|12000|NA|24|6|10|772994|77299.4|0
"361190022044"|0|1|1|0|0|0|0|1|1|1|0|0|0|1|0|56020|56020|29034|29034|15820|230|45|206|18824200|91379.6116504854|0
"361190036001"|0|1|0|0|0|0|0|1|1|0|0|1|1|0|0|NA|NA|NA|NA|NA|0|0|0|0|NA|0
"361190036003"|0|1|0|0|0|0|0|1|1|1|1|0|1|0|0|10800|10800|NA|NA|NA|5|1|10|1082546|108254.6|0
"361190047002"|0|1|1|0|0|0|0|1|1|1|0|0|0|1|0|33150|33150|18795|18795|13470|99|45|98|7983394|81463.2040816326|0
"361190048004"|0|1|1|0|0|0|0|1|1|1|0|0|0|1|0|33150|33150|18795|18795|13470|99|45|98|7983394|81463.2040816326|0
"361190057022"|0|1|1|0|0|0|0|1|1|0|0|0|0|0|0|NA|NA|NA|NA|NA|0|0|0|0|NA|0
"361190065001"|0|1|1|0|0|0|0|1|1|1|0|0|0|1|0|37972|37972|21096|21096|15736|369|99|338|30120302|89113.3195266272|0
"361190084012"|0|1|0|0|0|0|0|1|1|0|0|1|1|0|0|NA|NA|NA|NA|NA|0|0|0|0|NA|0
"361190086023"|0|1|1|0|0|0|0|1|1|1|0|0|0|1|0|38120|38120|17190|17190|14880|195|81|224|17887640|79855.5357142857|0
"361190086024"|0|1|1|0|0|0|0|1|1|1|0|0|0|1|0|7070|16980|11310|23100|14548|488|126|370|27852280|75276.4324324324|0
"361190087003"|0|1|0|0|0|0|0|1|1|0|0|1|1|0|0|NA|NA|NA|NA|NA|0|0|0|0|NA|0
"361190090001"|0|2|0|0|0|0|0|2|2|1|0|1|2|0|0|NA|NA|NA|NA|NA|69|14|44|2659542|NA|0
"361190091003"|0|2|0|0|0|0|0|2|2|1|0|1|2|0|0|NA|NA|NA|NA|NA|69|14|44|2659542|NA|0
"361190097022"|0|1|0|0|0|0|0|1|1|0|0|1|1|0|0|NA|NA|NA|NA|NA|0|0|0|0|NA|0
"361190097023"|0|1|0|0|0|0|0|1|1|0|0|1|1|0|0|NA|NA|NA|NA|NA|0|0|0|0|NA|0
"361190104002"|0|1|1|0|0|0|0|1|1|1|0|0|0|0|1|18934|18934|16146|16146|14400|479|70|494|41981484|84982.7611336032|0
"361190109011"|0|1|0|0|0|0|0|1|1|1|1|0|0|0|1|4580|11770|NA|NA|NA|348|114|334|34631638|103687.538922156|0
"361190110002"|0|0|1|0|0|1|0|1|1|1|0|0|0|1|0|NA|NA|29521|29521|NA|172|65|80|7828472|97855.9|0
"361190111011"|0|1|0|0|0|0|0|1|1|0|0|1|1|0|0|NA|NA|NA|NA|NA|0|0|0|0|NA|0
"361190111012"|0|1|0|0|0|0|0|1|1|0|0|1|1|0|0|NA|NA|NA|NA|NA|0|0|0|0|NA|0
"361190112004"|0|1|0|0|0|0|0|1|1|0|0|1|1|0|0|NA|NA|NA|NA|NA|0|0|0|0|NA|0
"361190113003"|0|1|1|0|0|0|0|1|1|1|0|0|0|0|1|18934|18934|16146|16146|14400|479|70|494|41981484|84982.7611336032|0
"361190119023"|0|1|0|0|0|0|0|1|1|1|1|0|0|0|1|4580|11770|NA|NA|NA|348|114|334|34631638|103687.538922156|0
"361190120001"|0|0|1|0|0|1|0|1|1|1|0|0|0|1|0|NA|NA|29521|29521|NA|172|65|80|7828472|97855.9|0
"361190128022"|0|1|1|0|0|0|0|1|1|1|0|0|1|0|0|11500|11500|300|300|6750|10|2|34|813498|23926.4117647059|0
"361190130001"|0|1|0|0|0|0|0|1|1|0|0|1|1|0|0|NA|NA|NA|NA|NA|0|0|0|0|NA|0
"361190131041"|0|2|1|0|0|0|0|2|2|2|0|0|2|0|0|21500|21500|NA|NA|9550|15|2|48|1094944|44029.6974789916|0
"361190131043"|0|1|0|0|0|0|0|1|1|1|0|0|1|0|0|10000|10000|NA|NA|2800|5|0|14|281446|20103.2857142857|0
"361190141002"|0|1|0|0|0|0|0|1|1|1|0|0|1|0|0|11900|11900|NA|NA|5600|9|1|10|466366|46636.6|0
"361190143001"|0|1|0|0|0|0|0|1|1|0|0|1|1|0|0|NA|NA|NA|NA|NA|0|0|0|0|NA|0
"361190146061"|0|1|0|0|0|0|0|1|1|1|0|0|1|0|0|11900|11900|NA|NA|5600|9|1|10|466366|46636.6|0
"361190148051"|0|1|0|0|0|0|0|1|1|1|0|0|1|0|0|10000|10000|NA|NA|2800|5|0|14|281446|20103.2857142857|0
"361190148052"|0|1|0|0|0|0|0|1|1|1|0|0|1|0|0|10000|10000|NA|NA|2800|5|0|14|281446|20103.2857142857|0
"361199810001"|0|0|1|0|0|1|0|1|1|1|0|0|0|1|0|NA|NA|29521|29521|NA|172|65|80|7828472|97855.9|0
"361199850001"|0|1|1|0|0|0|0|1|1|1|0|0|0|1|0|7070|16980|11310|23100|14548|488|126|370|27852280|75276.4324324324|0
"361231504003"|0|1|1|0|0|0|0|1|1|1|0|0|0|1|0|31748|31748|20372|20372|12144|151|72|172|11396088|66256.3255813953|0
"370010212013"|0|1|0|0|0|0|0|1|1|1|1|0|0|1|0|2280|8040|NA|NA|NA|121|52|234|13068160|55846.8376068376|0
"370010212071"|0|1|0|0|0|0|0|1|1|0|0|1|1|0|0|NA|NA|NA|NA|NA|0|0|0|0|NA|0
"370010216004"|0|1|1|0|0|0|0|1|1|1|0|0|0|1|0|36082|36082|16178|16178|12685|934|269|892|77243628|86595.9955156951|0
"370079203002"|0|1|0|0|0|0|0|1|1|1|1|0|0|1|0|1824|6432|NA|NA|NA|111|42|146|7907880|54163.5616438356|0
"370079204001"|0|1|0|0|0|0|0|1|1|0|0|1|1|0|0|NA|NA|NA|NA|NA|0|0|0|0|NA|0
"370079204003"|0|1|0|0|0|0|0|1|1|0|0|1|1|0|0|NA|NA|NA|NA|NA|0|0|0|0|NA|0
"370119301002"|0|1|1|0|0|0|0|1|1|1|0|0|1|0|0|25625|25625|9000|9000|11216|87|41|114|5905258|51800.5087719298|0
"370119301003"|0|1|1|0|0|0|0|1|1|1|0|0|1|0|0|25625|25625|9000|9000|11216|87|41|114|5905258|51800.5087719298|0
"370119304001"|0|1|0|0|0|0|0|1|1|1|1|0|1|0|0|2432|8576|NA|NA|NA|74|29|66|3862944|58529.4545454545|0
"370139305021"|0|1|0|0|0|0|0|1|1|1|1|0|0|1|0|2432|8576|NA|NA|NA|97|26|86|4326318|50306.023255814|0
"370179503002"|0|1|0|0|0|0|0|1|1|1|1|0|0|1|0|2128|7504|NA|NA|NA|62|25|90|5412176|60135.2888888889|0
"370179503003"|0|1|0|0|0|0|0|1|1|1|1|0|0|1|0|2128|7504|NA|NA|NA|62|25|90|5412176|60135.2888888889|0
"370190206024"|0|1|0|0|0|0|0|1|1|1|1|0|0|1|0|2432|8576|NA|NA|NA|93|32|100|5430678|54306.78|0
"370190206031"|0|1|0|0|0|0|0|1|1|1|1|0|0|1|0|2432|8576|NA|NA|NA|93|32|100|5430678|54306.78|0
"370210001001"|0|1|0|0|0|0|0|1|1|0|0|1|1|0|0|NA|NA|NA|NA|NA|0|0|0|0|NA|0
"370210003001"|0|0|1|0|0|0|0|1|1|1|0|0|1|0|0|NA|NA|18500|18500|NA|12|7|2|84000|42000|0
"370210004001"|0|1|2|0|0|0|0|2|2|2|0|0|1|1|0|NA|NA|23414|39736|NA|468|168|442|34095130|119298.022727273|0
"370210009003"|0|1|0|0|0|0|0|1|1|1|1|0|0|1|0|2432|8576|NA|NA|NA|265|88|324|18470794|57008.6234567901|0
"370210012001"|0|1|0|0|0|0|0|1|1|0|0|1|1|0|0|NA|NA|NA|NA|NA|0|0|0|0|NA|0
"370210014003"|0|0|1|0|0|0|0|1|1|1|0|0|1|0|0|NA|NA|18500|18500|NA|12|7|2|84000|42000|0
"370210021011"|0|1|0|0|0|0|0|1|1|1|1|0|0|1|0|2432|8576|NA|NA|NA|265|88|324|18470794|57008.6234567901|0
"370210030012"|0|1|1|0|0|0|0|1|1|1|0|0|1|0|0|36600|36600|20400|20400|11300|122|23|110|6350184|57728.9454545455|0
"370210030021"|0|1|1|0|0|0|0|1|1|1|0|0|1|0|0|36600|36600|20400|20400|11300|122|23|110|6350184|57728.9454545455|0
"370210030025"|0|1|1|0|0|0|0|1|1|1|0|0|1|0|0|36600|36600|20400|20400|11300|122|23|110|6350184|57728.9454545455|0
"370210031022"|0|1|1|0|0|0|0|1|1|1|0|0|1|0|0|27700|27700|13770|13770|9085|82|32|86|4487580|52181.1627906977|0
"370210031024"|0|1|1|0|0|0|0|1|1|1|0|0|1|0|0|27700|27700|13770|13770|9085|82|32|86|4487580|52181.1627906977|0
"370210031041"|0|1|1|0|0|0|0|1|1|1|0|0|1|0|0|36600|36600|20400|20400|11300|122|23|110|6350184|57728.9454545455|0
"370230214004"|0|1|0|0|0|0|0|1|1|1|1|0|0|1|0|2432|8576|NA|NA|NA|90|34|134|6750390|50376.0447761194|0
"370250424011"|0|1|1|0|0|0|0|1|1|1|0|0|1|0|0|13054|13054|27090|27090|NA|23|6|58|4794264|82659.724137931|0
"370250424012"|0|1|1|0|0|0|0|1|1|1|0|0|1|0|0|13054|13054|27090|27090|NA|23|6|58|4794264|82659.724137931|0
"370250426021"|0|1|0|0|0|0|0|1|1|0|0|1|1|0|0|NA|NA|NA|NA|NA|0|0|0|0|NA|0
"370250426023"|0|1|0|0|0|0|0|1|1|0|0|1|1|0|0|NA|NA|NA|NA|NA|0|0|0|0|NA|0
"370270306001"|0|1|0|0|0|0|0|1|1|1|1|0|0|1|0|2432|8576|NA|NA|NA|201|69|184|10041460|54573.152173913|0
"370319704031"|0|1|0|0|0|0|0|1|1|1|1|0|1|0|0|2432|8576|NA|NA|NA|101|43|124|7072782|57038.564516129|0
"370350102023"|0|1|0|0|0|0|0|1|1|1|1|0|0|1|0|2128|7504|NA|NA|NA|214|81|280|15046040|53735.8571428571|0
"370350104022"|0|1|1|0|0|0|0|1|1|1|0|0|0|1|0|37400|37400|10980|10980|12510|174|67|290|19540868|67382.3034482759|0
"370350110001"|0|1|1|0|0|0|0|1|1|1|0|0|0|1|0|37400|37400|10980|10980|12510|174|67|290|19540868|67382.3034482759|0
"370350117011"|0|1|0|0|0|0|0|1|1|1|1|0|0|1|0|2128|7504|NA|NA|NA|214|81|280|15046040|53735.8571428571|0
"370399304002"|0|1|0|0|0|0|0|1|1|1|1|0|0|1|0|2304|8448|NA|NA|NA|58|17|74|3536424|47789.5135135135|0
"370459507003"|0|1|0|0|0|0|0|1|1|1|1|0|0|1|0|2432|8576|NA|NA|NA|96|31|134|7165290|53472.3134328358|0
"370459515013"|0|1|1|0|0|0|0|1|1|1|0|0|0|1|0|31220|31220|9000|9000|10360|295|159|318|20647138|64928.106918239|0
"370479307003"|0|1|0|0|0|0|0|1|1|1|1|0|0|1|0|2432|8576|NA|NA|NA|104|31|116|6452822|55627.775862069|0
"370499604011"|0|1|0|0|0|0|0|1|1|1|1|0|0|1|0|1824|6432|NA|NA|NA|159|48|128|6613968|51671.625|0
"370499605003"|0|1|0|0|0|0|0|1|1|1|1|0|0|1|0|1824|6432|NA|NA|NA|159|48|128|6613968|51671.625|0
"370510007013"|0|1|1|0|0|0|0|1|1|1|0|0|1|0|0|5460|5460|5040|5040|NA|5|1|2|66090|33045|0
"370510011003"|0|1|1|1|0|0|0|1|1|1|0|0|0|1|0|2982|14590|3438|14503|9440|513|188|538|44037000|81853.1598513011|0
"370510020011"|0|1|0|0|0|0|0|1|1|0|0|1|1|0|0|NA|NA|NA|NA|NA|0|0|0|0|NA|0
"370510020024"|0|1|1|0|0|0|0|1|1|1|0|0|1|0|0|6000|6000|5040|5040|NA|8|3|8|216954|27119.25|0
"370510021003"|0|1|0|0|0|0|0|1|1|1|1|0|0|0|1|2432|8576|NA|NA|NA|459|164|628|41187496|65585.1847133758|0
"370510025013"|0|1|0|0|0|0|0|1|1|1|1|0|1|0|0|NA|NA|NA|NA|NA|21|1|28|772960|27605.7142857143|0
"370510025022"|0|1|1|0|0|0|0|1|1|1|0|0|0|1|0|34148|34148|38370|38370|12828|243|91|314|21798414|69421.7006369427|0
"370570605001"|0|1|0|0|0|0|0|1|1|1|1|0|0|1|0|2128|7504|NA|NA|NA|199|83|176|9289944|52783.7727272727|0
"370610904002"|0|1|0|0|0|0|0|1|1|1|1|0|0|1|0|2432|8576|NA|NA|NA|89|29|66|3403302|51565.1818181818|0
"370630005001"|0|1|1|0|1|1|0|1|1|1|0|0|0|0|1|55880|55880|55680|55680|15588|8278|1653|2856|433001202|151611.06512605|0
"370630011002"|0|1|0|0|0|0|0|1|1|0|0|1|1|0|0|NA|NA|NA|NA|NA|0|0|0|0|NA|0
"370630013031"|0|1|1|1|0|0|0|1|1|1|0|0|0|1|0|3728|16435|4740|17694|10227|836|305|732|58478842|79889.1284153005|0
"370630014002"|0|1|0|0|0|0|0|1|1|1|1|0|0|1|0|2094|7570|NA|NA|NA|221|79|276|13072606|47364.5144927536|0
"370630015011"|0|1|1|0|1|1|0|1|1|1|0|0|0|0|1|55880|55880|55680|55680|15588|8278|1653|2856|433001202|151611.06512605|0
"370630017052"|0|1|0|0|0|0|0|1|1|0|0|1|1|0|0|15110|15110|NA|NA|NA|0|0|0|0|NA|0
"370630020173"|0|1|0|0|0|0|0|1|0|0|0|0|0|0|0|NA|NA|NA|NA|NA|0|0|0|0|NA|0
"370630020281"|0|1|1|0|0|0|0|1|1|1|0|0|1|0|0|4800|4800|4200|4200|NA|0|0|0|0|NA|0
"370630020282"|0|1|1|0|0|0|0|1|1|1|0|0|1|0|0|4800|4800|4200|4200|NA|0|0|0|0|NA|0
"370630020283"|0|1|0|0|0|0|0|1|1|0|0|1|1|0|0|NA|NA|NA|NA|NA|0|0|0|0|NA|0
"370630022001"|0|1|0|0|0|0|0|1|1|0|0|1|1|0|0|NA|NA|NA|NA|NA|0|0|0|0|NA|0
"370639801001"|0|2|1|0|0|0|0|2|2|1|0|1|2|0|0|NA|NA|NA|NA|NA|0|0|0|0|NA|0
"370650213003"|0|1|0|0|0|0|0|1|1|1|1|0|0|1|0|2432|8576|NA|NA|NA|83|32|144|8208762|57005.2916666667|0
"370670007001"|0|1|1|1|0|0|0|1|1|1|0|0|0|1|0|3401|13648|3872|13987|10575|552|175|528|41926464|79406.1818181818|0
"370670007002"|0|1|1|1|0|0|0|1|1|1|0|0|0|1|0|3401|13648|3872|13987|10575|552|175|528|41926464|79406.1818181818|0
"370670008011"|0|1|1|1|0|0|0|1|1|1|0|0|0|1|0|3401|13648|3872|13987|10575|552|175|528|41926464|79406.1818181818|0
"370670008012"|0|1|1|1|0|0|0|1|1|1|0|0|0|1|0|3401|13648|3872|13987|10575|552|175|528|41926464|79406.1818181818|0
"370670008022"|0|2|2|1|0|0|0|2|2|2|0|0|0|2|0|9898|36688|13068|37190|19731|876|265|836|63501394|149454.655844156|0
"370670009001"|0|1|0|0|0|0|0|1|1|0|0|1|1|0|0|NA|NA|NA|NA|NA|0|0|0|0|NA|0
"370670009004"|0|2|2|0|0|0|0|2|2|2|0|0|2|0|0|40250|40250|14670|14670|20000|153|43|152|7648718|95662.631372549|0
"370670010003"|0|1|0|0|0|0|0|1|1|0|0|1|1|0|0|NA|NA|NA|NA|NA|0|0|0|0|NA|0
"370670013002"|0|1|1|0|0|1|0|1|1|1|0|0|0|1|0|54430|54430|38650|38650|15018|1748|478|1284|138558932|107911.940809969|0
"370670014001"|0|1|1|0|0|0|0|1|1|1|0|0|1|0|0|7600|7600|10000|10000|4600|4|1|2|46000|23000|0
"370670019022"|0|2|0|0|0|0|0|2|2|1|1|1|1|1|0|NA|NA|NA|NA|NA|312|120|438|25824114|NA|0
"370670027033"|0|1|0|0|0|0|0|1|1|0|0|1|1|0|0|NA|NA|NA|NA|NA|0|0|0|0|NA|0
"370670027034"|0|1|0|0|0|0|0|1|1|0|0|1|1|0|0|NA|NA|NA|NA|NA|0|0|0|0|NA|0
"370670037011"|0|1|0|0|0|0|0|1|1|1|1|0|0|1|0|1824|6432|NA|NA|NA|312|120|438|25824114|58959.1643835616|0
"370690603011"|0|1|0|0|0|0|0|1|1|1|1|0|1|0|0|16500|16500|NA|NA|10868|73|42|66|2774282|42034.5757575758|0
"370710304022"|0|1|0|0|0|0|0|1|1|1|1|0|0|1|0|2432|8576|NA|NA|NA|255|57|288|16622812|57718.0972222222|0
"370710304023"|0|1|0|0|0|0|0|1|1|1|1|0|0|1|0|2432|8576|NA|NA|NA|255|57|288|16622812|57718.0972222222|0
"370710312022"|0|1|0|0|0|0|0|1|1|1|0|0|0|1|0|18500|18500|NA|NA|10386|140|67|152|8039528|52891.6315789474|0
"370710328001"|0|1|0|0|0|0|0|1|1|0|0|1|1|0|0|NA|NA|NA|NA|NA|0|0|0|0|NA|0
"370810101001"|0|1|0|0|0|0|0|1|0|0|0|0|0|0|0|NA|NA|NA|NA|NA|0|0|0|0|NA|0
"370810107021"|0|2|2|0|0|0|0|2|2|2|0|0|0|1|1|22922|38081|10439|24157|20064|1904|417|1850|146317494|136022.114408666|0
"370810107023"|0|2|2|0|0|0|0|2|2|2|0|0|0|1|1|22922|38081|10439|24157|20064|1904|417|1850|146317494|136022.114408666|0
"370810110002"|0|1|1|1|0|0|0|1|1|1|0|0|0|0|1|3540|17050|4745|17545|7930|1215|412|920|79626008|86550.0086956522|0
"370810110003"|0|1|1|1|0|0|0|1|1|1|0|0|0|0|1|3540|17050|4745|17545|7930|1215|412|920|79626008|86550.0086956522|0
"370810112001"|0|1|0|1|0|0|0|1|1|1|0|0|1|0|0|15964|15964|NA|NA|8114|82|34|72|3146088|43695.6666666667|0
"370810116011"|0|1|0|0|0|0|0|1|1|0|0|1|1|0|0|NA|NA|NA|NA|NA|0|0|0|0|NA|0
"370810126101"|0|1|0|0|0|0|0|1|1|0|0|1|1|0|0|NA|NA|NA|NA|NA|0|0|0|0|NA|0
"370810136011"|0|1|1|0|0|0|0|1|1|1|0|0|0|1|0|31768|31768|25290|25290|14702|547|183|658|48792262|74152.3738601824|0
"370810136012"|0|1|1|0|0|0|0|1|1|1|0|0|0|1|0|31768|31768|25290|25290|14702|547|183|658|48792262|74152.3738601824|0
"370810161012"|0|1|1|0|0|0|0|1|1|1|0|0|0|1|0|37920|37920|7200|7200|11800|202|50|202|12745498|63096.5247524752|0
"370810162051"|0|0|1|0|0|0|0|1|1|1|0|0|1|0|0|NA|NA|16620|16620|NA|3|1|0|0|NA|0
"370810165022"|0|1|0|0|0|0|0|1|1|1|1|0|0|0|1|2128|7504|NA|NA|NA|352|111|568|34441646|60636.7007042254|0
"370810165023"|0|1|0|0|0|0|0|1|1|1|1|0|0|0|1|2128|7504|NA|NA|NA|352|111|568|34441646|60636.7007042254|0
"370810165031"|0|1|0|0|0|0|0|1|1|0|0|1|1|0|0|NA|NA|NA|NA|NA|0|0|0|0|NA|0
"370839301001"|0|1|0|0|0|0|0|1|1|1|1|0|0|1|0|2432|8576|NA|NA|NA|74|36|94|4989626|53081.1276595745|0
"370850705004"|0|1|0|0|0|0|0|1|1|1|0|0|1|0|0|7560|7560|NA|NA|NA|6|1|10|238600|23860|0
"370850708022"|0|1|1|0|0|1|0|1|1|1|0|0|0|1|0|32380|32380|13330|13330|12190|598|226|470|42148620|89677.914893617|0
"370879205002"|0|1|0|0|0|0|0|1|1|1|1|0|0|1|0|2432|8576|NA|NA|NA|102|29|114|6157206|54010.5789473684|0
"370899310003"|0|1|0|0|0|0|0|1|1|1|1|0|0|1|0|2432|8576|NA|NA|NA|120|35|146|8535282|58460.8356164384|0
"370919501003"|0|1|1|0|0|0|0|1|1|1|0|0|0|1|0|25480|25480|NA|NA|9500|145|51|106|7210800|68026.4150943396|0
"370919503001"|0|1|0|0|0|0|0|1|1|1|1|0|1|0|0|2432|8576|NA|NA|NA|36|9|48|2564828|53433.9166666667|0
"370970605003"|0|1|0|0|0|0|0|1|1|1|1|0|0|1|0|2432|8576|NA|NA|NA|127|42|170|9673944|56905.5529411765|0
"370970613041"|0|2|0|0|0|0|0|2|2|0|0|2|1|1|0|NA|NA|NA|NA|NA|0|0|0|0|NA|0
"370970613042"|0|1|0|0|0|0|0|1|1|0|0|1|1|0|0|NA|NA|NA|NA|NA|0|0|0|0|NA|0
"370970614072"|0|1|0|0|0|0|0|1|1|1|0|0|0|1|0|52466|52466|NA|NA|14803|598|213|442|44785454|101324.556561086|0
"370999504002"|0|1|0|0|0|0|0|1|1|1|1|0|0|1|0|2128|7504|NA|NA|NA|125|44|158|8154740|51612.2784810127|0
"370999506002"|0|1|1|0|0|0|0|1|1|1|0|0|0|0|1|1000|5000|4435|14842|10725|1022|303|1022|74345660|72745.2641878669|0
"371010404001"|0|1|0|0|0|0|0|1|1|1|1|0|0|1|0|2432|8576|NA|NA|NA|202|59|226|13435202|59447.796460177|0
"371010406001"|0|1|0|0|0|0|0|1|1|1|1|0|0|1|0|2432|8576|NA|NA|NA|202|59|226|13435202|59447.796460177|0
"371010406002"|0|1|0|0|0|0|0|1|1|1|1|0|0|1|0|2432|8576|NA|NA|NA|202|59|226|13435202|59447.796460177|0
"371010407002"|0|1|0|0|0|0|0|1|1|1|1|0|0|1|0|2432|8576|NA|NA|NA|202|59|226|13435202|59447.796460177|0
"371050304011"|0|1|0|0|0|0|0|1|1|1|1|0|0|1|0|2432|8576|NA|NA|NA|251|113|322|17919744|55651.3788819876|0
"371070114002"|0|1|0|0|0|0|0|1|1|1|1|0|0|1|0|2432|8576|NA|NA|NA|148|67|216|10003248|46311.3333333333|0
"371119709011"|0|1|0|0|0|0|0|1|1|1|1|0|0|1|0|1824|6432|NA|NA|NA|54|4|72|3712000|51555.5555555556|0
"371150106001"|0|1|1|0|0|0|0|1|1|1|0|0|0|1|0|29950|29950|10999|10999|9878|184|66|186|9855898|52988.6989247312|0
"371179702002"|0|1|0|0|0|0|0|1|1|1|1|0|1|0|0|1824|6432|NA|NA|NA|57|17|52|2733618|52569.5769230769|0
"371190005003"|0|1|0|0|0|0|0|1|1|1|0|0|0|1|0|33054|33054|NA|NA|13839|98|26|156|13229490|84804.4230769231|0
"371190019153"|0|1|1|0|0|0|0|1|1|1|0|0|1|0|0|10350|10350|7896|7896|NA|2|0|10|4e+05|40000|0
"371190019211"|0|1|0|0|0|0|0|1|1|0|0|1|1|0|0|16520|16520|NA|NA|NA|0|0|0|0|NA|0
"371190025002"|0|1|0|0|0|0|0|1|1|1|1|0|0|0|1|2432|8576|NA|NA|NA|798|272|796|48028802|60337.6909547739|0
"371190027021"|0|1|1|0|0|0|0|1|1|1|0|0|0|1|0|34438|34438|13824|13824|11222|245|91|270|18708060|69289.1111111111|0
"371190035001"|0|1|0|0|0|0|0|1|1|1|0|0|1|0|0|13248|13248|NA|NA|NA|28|8|56|4703114|83984.1785714286|0
"371190038071"|0|1|0|0|0|0|0|1|1|0|0|1|1|0|0|NA|NA|NA|NA|NA|0|0|0|0|NA|0
"371190040002"|0|1|0|0|0|0|0|1|1|0|0|1|1|0|0|NA|NA|NA|NA|NA|0|0|0|0|NA|0
"371190047001"|0|1|1|1|0|0|0|1|1|1|0|0|0|1|0|16014|16014|17798|17798|7100|172|52|172|9936974|57773.1046511628|0
"371190053062"|0|1|0|0|0|0|0|1|1|0|0|1|1|0|0|NA|NA|NA|NA|NA|0|0|0|0|NA|0
"371190056042"|0|1|1|0|0|0|0|1|1|1|0|0|0|0|1|3812|17246|4337|17771|13224|2565|845|2190|197006384|89957.2529680365|0
"371190058292"|0|1|0|0|0|0|0|1|1|0|0|1|1|0|0|NA|NA|NA|NA|NA|0|0|0|0|NA|0
"371190059133"|0|1|1|0|0|0|0|1|1|1|0|0|1|0|0|9552|9552|16752|16752|NA|0|0|0|0|NA|0
"371190059151"|0|2|1|0|0|0|0|2|2|2|0|0|2|0|0|34417|34417|NA|NA|NA|30|2|12|933310|146889.4|0
"371190060051"|0|1|0|0|0|0|0|1|1|0|0|1|1|0|0|NA|NA|NA|NA|NA|0|0|0|0|NA|0
"371190064032"|0|1|0|0|0|0|0|1|1|1|0|0|0|1|0|52466|52466|NA|NA|14803|598|213|442|44785454|101324.556561086|0
"371239602002"|0|1|0|0|0|0|0|1|1|1|1|0|1|0|0|2432|8576|NA|NA|NA|53|22|78|4095192|52502.4615384615|0
"371239602003"|0|1|0|0|0|0|0|1|1|1|1|0|1|0|0|2432|8576|NA|NA|NA|53|22|78|4095192|52502.4615384615|0
"371259508022"|0|1|0|0|0|0|0|1|1|1|1|0|0|1|0|2598|8742|NA|NA|NA|150|35|238|14256230|59900.1260504202|0
"371270106023"|0|1|1|0|0|0|0|1|1|1|0|0|0|1|0|31500|31500|17820|17820|11150|158|39|118|6523054|55280.1186440678|0
"371270111012"|0|1|0|0|0|0|0|1|1|1|1|0|0|1|0|2432|8576|NA|NA|NA|108|35|236|13404216|56797.5254237288|0
"371290105012"|0|1|0|0|0|0|0|1|1|1|0|0|0|1|0|NA|NA|NA|NA|NA|105|10|4|190000|47500|0
"371290106003"|0|1|0|0|0|0|0|1|1|0|0|1|1|0|0|NA|NA|NA|NA|NA|0|0|0|0|NA|0
"371290113001"|0|1|0|0|0|0|0|1|1|1|1|0|0|1|0|2432|8576|NA|NA|NA|333|106|536|30147066|56244.526119403|0
"371290119034"|0|1|1|0|0|0|0|1|1|1|0|0|0|0|1|4443|18508|4719|18548|10897|1392|508|1376|107780780|78329.0552325581|0
"371330021001"|0|1|0|0|0|0|0|1|1|1|1|0|0|1|0|2432|8576|NA|NA|NA|155|72|276|13862300|50225.7246376812|0
"371330026003"|0|1|0|0|0|0|0|1|1|1|1|0|1|0|0|NA|NA|NA|NA|NA|20|1|14|486120|34722.8571428571|0
"371350111011"|0|1|0|0|0|0|0|1|1|0|0|1|1|0|0|NA|NA|NA|NA|NA|0|0|0|0|NA|0
"371350115001"|0|1|1|0|0|0|0|1|1|0|0|0|0|0|0|NA|NA|NA|NA|NA|440|147|0|0|NA|0
"371350116011"|0|1|1|0|0|1|0|1|1|1|0|0|0|0|1|7019|34198|10552|28278|11526|10362|2317|3260|407183466|124902.903680982|0
"371350116012"|0|1|1|0|0|1|0|1|1|1|0|0|0|0|1|7019|34198|10552|28278|11526|10362|2317|3260|407183466|124902.903680982|0
"371350116021"|0|1|1|0|0|0|0|1|1|0|0|0|0|0|0|NA|NA|NA|NA|NA|440|147|0|0|NA|0
"371350121003"|0|1|0|0|0|0|0|1|1|0|0|1|1|0|0|NA|NA|NA|NA|NA|0|0|0|0|NA|0
"371350121004"|0|1|0|0|0|0|0|1|1|0|0|1|1|0|0|NA|NA|NA|NA|NA|0|0|0|0|NA|0
"371379502011"|0|1|0|0|0|0|0|1|1|1|1|0|1|0|0|1824|6432|NA|NA|NA|36|11|54|2911478|53916.2592592593|0
"371399601001"|0|1|0|0|0|0|0|1|1|1|0|0|1|0|0|14880|14880|NA|NA|8600|21|4|24|1196868|49869.5|0
"371399602004"|0|1|1|1|0|0|0|1|1|1|0|0|0|1|0|1000|5000|3375|16437|8036|263|63|178|12331142|69276.0786516854|0
"371399605012"|0|1|0|0|0|0|0|1|1|1|1|0|0|1|0|2080|6705|NA|NA|NA|101|35|148|7876730|53221.1486486486|0
"371459203003"|0|1|0|0|0|0|0|1|1|1|1|0|0|1|0|2432|8576|NA|NA|NA|98|35|120|6030056|50250.4666666667|0
"371459203005"|0|1|0|0|0|0|0|1|1|1|1|0|0|1|0|2432|8576|NA|NA|NA|98|35|120|6030056|50250.4666666667|0
"371470001005"|0|1|0|0|0|0|0|1|1|0|0|1|1|0|0|NA|NA|NA|NA|NA|0|0|0|0|NA|0
"371470004001"|0|1|1|0|0|1|0|1|1|1|0|0|0|0|1|4452|20729|4749|17898|10030|3895|1518|2566|215244666|83883.3460639127|0
"371470013011"|0|1|0|0|0|0|0|1|1|1|1|0|0|1|0|1824|6432|NA|NA|NA|294|141|362|22301410|61606.1049723757|0
"371510301002"|0|1|0|0|0|0|0|1|1|1|1|0|0|1|0|2280|8040|NA|NA|NA|135|57|168|9562062|56917.0357142857|0
"371539710002"|0|1|0|0|0|0|0|1|1|1|1|0|0|1|0|2432|8576|NA|NA|NA|110|30|198|11625296|58713.6161616162|0
"371559605021"|0|1|1|0|0|0|0|1|1|1|0|0|0|1|0|1000|5000|4280|16344|8924|598|215|626|42579226|68017.9329073482|0
"371559607013"|0|1|0|0|0|0|0|1|1|1|1|0|0|1|0|2432|8576|NA|NA|NA|77|41|146|9372662|64196.3150684932|0
"371570410021"|0|1|0|0|0|0|0|1|1|1|1|0|0|1|0|1824|6432|NA|NA|NA|98|30|108|5888976|54527.5555555556|0
"371570416012"|0|1|0|0|0|0|0|1|1|1|1|0|0|1|0|1824|6432|NA|NA|NA|98|30|108|5888976|54527.5555555556|0
"371590502023"|0|1|1|0|0|0|0|2|2|2|1|0|1|1|0|NA|NA|NA|NA|NA|223|99|352|19502908|107939.415686275|0
"371590504002"|0|1|0|1|0|0|0|1|1|1|0|0|0|1|0|15917|15917|NA|NA|6794|155|72|132|7203708|54573.5454545455|0
"371590505003"|0|1|1|0|0|0|0|1|1|1|0|0|0|1|0|30520|30520|2280|2280|10488|164|81|168|10514352|62585.4285714286|0
"371619609004"|0|1|0|0|0|0|0|1|1|1|1|0|0|1|0|1824|6432|NA|NA|NA|134|29|112|6182364|55199.6785714286|0
"371639708003"|0|1|0|0|0|0|0|1|1|1|1|0|0|1|0|3116|10988|NA|NA|NA|74|25|114|5700000|50000|0
"371650101011"|0|1|1|0|0|0|0|1|1|1|0|0|1|0|0|27846|27846|15960|15960|11134|173|72|90|4485684|49840.9333333333|0
"371650103001"|0|1|1|0|0|0|0|1|1|1|0|0|1|0|0|27846|27846|15960|15960|11134|173|72|90|4485684|49840.9333333333|0
"371679301011"|0|1|1|0|0|0|0|1|1|1|0|0|0|1|0|29800|29800|12600|12600|11658|94|48|182|11868428|65211.1428571429|0
"371679301013"|0|1|1|0|0|0|0|1|1|1|0|0|0|1|0|29800|29800|12600|12600|11658|94|48|182|11868428|65211.1428571429|0
"371679312021"|0|1|0|0|0|0|0|1|1|1|1|0|0|1|0|2432|8576|NA|NA|NA|115|44|156|8762812|56171.8717948718|0
"371719310023"|0|1|0|0|0|0|0|1|1|1|1|0|0|1|0|2550|8694|NA|NA|NA|126|40|190|9950226|52369.6105263158|0
"371759603003"|0|1|0|0|0|0|0|1|1|1|0|0|1|0|0|28400|28400|NA|NA|10400|147|69|100|4588102|45881.02|0
"371759603004"|0|1|0|0|0|0|0|1|1|1|0|0|1|0|0|28400|28400|NA|NA|10400|147|69|100|4588102|45881.02|0
"371790207012"|0|1|1|0|0|0|0|1|1|1|0|0|0|1|0|35910|35910|11430|11430|10280|296|93|372|29022488|78017.4408602151|0
"371819603003"|0|1|0|0|0|0|0|1|1|1|1|0|0|1|0|1824|6432|NA|NA|NA|142|30|186|9732042|52322.8064516129|0
"371819604003"|0|1|0|0|0|0|0|1|1|1|1|0|0|1|0|1824|6432|NA|NA|NA|142|30|186|9732042|52322.8064516129|0
"371830504002"|0|1|0|0|0|0|0|1|1|1|0|0|1|0|0|31200|31200|NA|NA|11640|91|25|78|4057106|52014.1794871795|0
"371830506001"|0|1|0|1|0|0|0|1|1|1|0|0|1|0|0|12890|12890|NA|NA|7942|123|30|136|7532328|55384.7647058823|0
"371830509001"|0|1|1|1|0|0|0|1|1|1|0|0|0|1|0|11808|11808|10404|10404|8514|153|34|126|5987220|47517.619047619|0
"371830511022"|0|1|1|0|0|1|0|1|1|1|0|0|0|0|1|6535|26654|9095|26421|11359|7709|1760|3538|379991016|107402.774448841|0
"371830524012"|0|1|1|0|0|0|0|1|1|1|0|0|0|1|0|38520|38520|11479|11479|11360|283|77|258|17666212|68473.6899224806|0
"371830527051"|0|1|0|0|0|0|0|1|1|1|1|0|1|0|0|NA|NA|NA|NA|NA|25|1|12|422998|35249.8333333333|0
"371830527062"|0|1|0|0|0|0|0|1|1|0|0|1|1|0|0|NA|NA|NA|NA|NA|0|0|0|0|NA|0
"371830527063"|0|1|0|0|0|0|0|1|1|0|0|1|1|0|0|NA|NA|NA|NA|NA|0|0|0|0|NA|0
"371830530031"|0|3|1|0|0|0|0|4|2|1|0|2|2|1|0|NA|NA|NA|NA|NA|8|1|12|783044|NA|0
"371830530081"|0|1|0|0|0|0|0|1|1|0|0|1|0|1|0|NA|NA|NA|NA|NA|0|0|0|0|NA|0
"371830531101"|0|1|0|0|0|0|0|1|1|1|1|0|0|0|1|2432|8576|NA|NA|NA|805|305|1154|60723988|52620.4402079723|0
"371830535122"|0|1|1|0|0|0|0|1|1|1|0|0|0|1|0|13320|13320|14940|14940|NA|66|0|12|1026996|85583|0
"371830536091"|0|2|1|0|0|0|0|2|2|1|0|1|1|1|0|NA|NA|NA|NA|NA|66|0|12|1026996|NA|0
"371830536102"|0|1|1|0|0|0|0|1|1|1|0|0|1|0|0|4800|4800|4200|4200|NA|0|0|0|0|NA|0
"371830537093"|0|1|0|0|0|0|0|1|1|0|0|1|1|0|0|NA|NA|NA|NA|NA|0|0|0|0|NA|0
"371830540181"|0|1|0|0|0|0|0|1|1|0|0|1|1|0|0|NA|NA|NA|NA|NA|0|0|0|0|NA|0
"371830542062"|0|1|1|0|0|0|0|1|1|1|0|0|0|1|0|8784|8784|5472|5472|6518|148|68|114|7675346|67327.5964912281|0
"371830542081"|0|1|0|0|0|0|0|1|1|1|0|0|1|0|0|15324|15324|NA|NA|10092|36|9|30|1315000|43833.3333333333|0
"371830544043"|0|1|0|0|0|0|0|1|1|1|0|0|1|0|0|9100|9100|NA|NA|4883|9|3|10|441204|44120.4|0
"371899202003"|0|0|1|0|0|0|0|1|1|1|0|0|1|0|0|NA|NA|12360|12360|NA|2|1|0|0|NA|0
"371899205001"|0|1|1|0|0|0|0|1|1|1|0|0|0|0|1|4242|19049|4839|18271|8826|1869|625|2028|152387828|75141.9270216962|0
"371899205002"|0|1|1|0|0|0|0|1|1|1|0|0|0|0|1|4242|19049|4839|18271|8826|1869|625|2028|152387828|75141.9270216962|0
"371899210001"|0|1|1|0|0|0|0|1|1|1|0|0|1|0|0|25625|25625|9000|9000|11216|87|41|114|5905258|51800.5087719298|0
"371910008002"|0|1|1|0|0|0|0|1|1|1|0|0|0|1|0|21194|21194|17850|17850|8800|196|66|172|11602088|67454|0
"371910013022"|0|1|0|0|0|0|0|1|1|1|1|0|0|1|0|2432|8576|NA|NA|NA|188|75|234|13322368|56933.1965811966|0
"371939610011"|0|1|0|0|0|0|0|1|1|1|1|0|0|1|0|2432|8576|NA|NA|NA|148|44|208|11084040|53288.6538461538|0
"371950001001"|0|1|1|0|0|0|0|1|1|1|0|0|0|1|0|31732|31732|9960|9960|10422|145|55|138|7678450|55640.9420289855|0
"371950004004"|0|1|0|0|0|0|0|1|1|0|0|1|1|0|0|NA|NA|NA|NA|NA|0|0|0|0|NA|0
"371950007004"|0|1|0|0|0|0|0|1|1|1|1|0|0|1|0|2432|8576|NA|NA|NA|81|15|92|5512036|59913.4347826087|0
"380039682001"|0|1|1|0|0|0|0|1|1|1|0|0|0|1|0|5884|10297|5872|5872|6610|107|40|138|7669888|55578.8985507246|0
"380039682003"|0|1|1|0|0|0|0|1|1|1|0|0|0|1|0|5884|10297|5872|5872|6610|107|40|138|7669888|55578.8985507246|0
"380039682004"|0|1|1|0|0|0|0|1|1|1|0|0|0|1|0|5884|10297|5872|5872|6610|107|40|138|7669888|55578.8985507246|0
"380059401001"|0|1|0|0|0|0|1|1|1|1|1|0|1|0|0|3000|3000|NA|NA|NA|89|19|38|1981902|52155.3157894737|0
"380059565001"|0|1|0|0|0|0|1|1|1|1|1|0|1|0|0|3000|3000|NA|NA|NA|89|19|38|1981902|52155.3157894737|0
"380059566001"|0|1|0|0|0|0|1|1|1|1|1|0|1|0|0|3000|3000|NA|NA|NA|89|19|38|1981902|52155.3157894737|0
"380099523001"|0|1|0|0|0|0|0|1|1|1|1|0|0|1|0|4066|6100|NA|NA|7675|48|5|62|2770004|44677.4838709677|0
"380150102004"|0|1|0|0|0|0|0|1|1|0|0|1|1|0|0|NA|NA|NA|NA|NA|0|0|0|0|NA|0
"380150105002"|0|1|0|0|0|0|0|1|1|1|0|0|0|1|0|3320|4980|NA|NA|6735|190|69|236|13681796|57973.7118644068|0
"380150107001"|0|1|0|0|0|0|0|1|1|0|0|1|1|0|0|NA|NA|NA|NA|NA|0|0|0|0|NA|0
"380150107003"|0|1|0|0|0|0|0|1|1|0|0|1|1|0|0|NA|NA|NA|NA|NA|0|0|0|0|NA|0
"380150112002"|0|2|0|0|0|0|1|2|2|1|0|1|2|0|0|NA|NA|NA|NA|NA|153|23|74|3920584|NA|0
"380150112003"|0|1|0|0|0|0|0|1|1|0|0|1|1|0|0|NA|NA|NA|NA|NA|0|0|0|0|NA|0
"380150112004"|0|2|1|0|0|0|1|2|2|2|0|0|1|1|0|20570|20570|NA|NA|12640|394|105|402|11523264|76159.7673038893|0
"380150113003"|0|1|0|0|0|0|1|1|1|1|0|0|1|0|0|3220|3220|NA|NA|5100|153|23|74|3920584|52980.8648648649|0
"380170003001"|0|1|1|0|0|0|0|1|1|1|0|0|0|0|1|8275|12413|6743|10115|9078|1962|383|1106|95366154|86226.1790235081|0
"380170003002"|0|1|1|0|0|0|0|1|1|1|0|0|0|0|1|8275|12413|6743|10115|9078|1962|383|1106|95366154|86226.1790235081|0
"380170006001"|0|2|0|0|0|0|0|2|2|0|0|2|2|0|0|NA|NA|NA|NA|NA|0|0|0|0|NA|0
"380170006003"|0|3|0|0|0|0|0|3|3|0|0|3|3|0|0|NA|NA|NA|NA|NA|0|0|0|0|NA|0
"380170007002"|0|1|0|0|0|0|0|1|1|0|0|1|1|0|0|NA|NA|NA|NA|NA|0|0|0|0|NA|0
"380170101061"|0|2|1|0|0|0|0|2|2|1|0|1|2|0|0|NA|NA|NA|NA|NA|24|2|36|2362570|NA|0
"380170101062"|0|1|0|0|0|0|0|1|1|0|0|1|1|0|0|NA|NA|NA|NA|NA|0|0|0|0|NA|0
"380219734002"|0|1|1|0|0|0|0|1|1|1|0|0|1|0|0|14556|14556|11088|11088|7180|35|14|30|1094256|36475.2|0
"380350103001"|0|1|1|0|0|1|0|1|1|1|0|0|0|0|1|8212|14371|10534|18434|9444|1419|458|1046|87205698|83370.6481835564|0
"380350112001"|0|1|0|0|0|0|0|1|1|0|0|1|1|0|0|NA|NA|NA|NA|NA|0|0|0|0|NA|0
"380350112002"|0|1|0|0|0|0|0|1|1|0|0|1|1|0|0|NA|NA|NA|NA|NA|0|0|0|0|NA|0
"380619404002"|0|1|0|0|0|0|1|1|1|1|0|0|1|0|0|3600|3600|NA|NA|10440|41|7|48|2890388|60216.4166666667|0
"380719578002"|0|1|0|0|0|0|0|1|1|1|1|0|0|1|0|3778|3778|NA|NA|6810|74|18|80|5243974|65549.675|0
"380719578003"|0|1|0|0|0|0|0|1|1|1|1|0|0|1|0|3778|3778|NA|NA|6810|74|18|80|5243974|65549.675|0
"380719578004"|0|1|0|0|0|0|0|1|1|1|1|0|0|1|0|3778|3778|NA|NA|6810|74|18|80|5243974|65549.675|0
"380779709002"|0|1|0|0|0|0|0|1|1|1|1|0|0|1|0|4528|5433|NA|NA|6358|158|66|208|12764582|61368.1826923077|0
"380779709003"|0|1|0|0|0|0|0|1|1|1|1|0|0|1|0|4528|5433|NA|NA|6358|158|66|208|12764582|61368.1826923077|0
"380799418001"|0|1|0|0|0|0|1|1|1|1|0|0|1|0|0|1776|1776|NA|NA|NA|78|29|92|5217332|56710.1304347826|0
"380799418002"|0|1|0|0|0|0|1|1|1|1|0|0|1|0|0|1776|1776|NA|NA|NA|78|29|92|5217332|56710.1304347826|0
"380859408002"|0|1|1|0|0|0|1|1|1|1|0|0|1|0|0|3600|3600|6300|6300|5546|66|11|52|2139212|41138.6923076923|0
"380859409001"|0|1|1|0|0|0|1|1|1|1|0|0|1|0|0|3600|3600|6300|6300|5546|66|11|52|2139212|41138.6923076923|0
"380859409002"|0|1|1|0|0|0|1|1|1|1|0|0|1|0|0|3600|3600|6300|6300|5546|66|11|52|2139212|41138.6923076923|0
"380899636002"|0|1|1|0|0|0|0|1|1|1|0|0|0|1|0|6522|9782|5826|5826|7268|119|41|140|8671596|61939.9714285714|0
"380939674003"|0|1|1|0|0|0|0|1|1|1|0|0|0|1|0|21648|21648|11806|11806|7886|116|61|152|9578672|63017.5789473684|0
"380939674004"|0|1|1|0|0|0|0|1|1|1|0|0|0|1|0|21648|21648|11806|11806|7886|116|61|152|9578672|63017.5789473684|0
"380979702001"|0|1|1|0|0|0|0|1|1|1|0|0|0|1|0|5793|8690|5580|5580|8015|164|33|100|5293098|52930.98|0
"380979702002"|0|1|1|0|0|0|0|1|1|1|0|0|0|1|0|5793|8690|5580|5580|8015|164|33|100|5293098|52930.98|0
"381010104003"|0|1|1|0|0|0|0|1|1|1|0|0|0|1|0|6088|6088|8049|8049|7144|269|56|292|18695220|64024.7260273973|0
"381010104004"|0|1|1|0|0|0|0|1|1|1|0|0|0|1|0|6088|6088|8049|8049|7144|269|56|292|18695220|64024.7260273973|0
"381059539004"|0|1|0|0|0|0|0|1|1|1|1|0|0|1|0|3750|3750|NA|NA|8068|63|16|60|3890486|64841.4333333333|0
"390030101001"|0|1|1|0|0|0|0|1|1|1|0|0|1|0|0|33286|33286|10350|10350|11124|83|27|102|5483596|53760.7450980392|0
"390030109001"|0|2|1|0|0|0|0|2|2|1|0|1|1|1|0|NA|NA|NA|NA|NA|185|51|202|12657248|NA|0
"390030113002"|0|2|0|0|0|0|0|2|2|2|1|0|1|1|0|11761|36822|NA|NA|NA|163|59|206|13524836|146500.097716895|0
"390030113003"|0|2|0|0|0|0|0|2|2|2|1|0|1|1|0|11761|36822|NA|NA|NA|163|59|206|13524836|146500.097716895|0
"390030119003"|0|1|0|0|0|0|0|1|1|0|0|1|1|0|0|NA|NA|NA|NA|NA|0|0|0|0|NA|0
"390059706001"|0|1|1|0|0|0|0|1|1|1|0|0|0|1|0|20950|20950|6540|6540|10340|571|168|372|24486362|65823.5537634409|0
"390059710001"|0|1|0|0|0|0|0|1|0|0|0|1|1|0|0|NA|NA|NA|NA|NA|0|0|0|0|NA|0
"390070006033"|0|1|0|0|0|0|0|1|1|1|0|0|0|1|0|5999|14875|NA|NA|NA|51|14|84|5553058|66107.8333333333|0
"390070011021"|0|1|0|0|0|0|0|1|1|0|0|1|1|0|0|NA|NA|NA|NA|NA|0|0|0|0|NA|0
"390099728003"|0|2|0|0|0|0|0|2|2|1|1|1|1|1|0|NA|NA|NA|NA|NA|109|13|68|4120618|NA|0
"390099739011"|0|1|1|0|0|1|0|1|1|1|0|0|0|0|1|12612|22406|9444|17436|13332|2318|595|2028|173952680|85775.483234714|0
"390130115001"|0|1|0|0|0|0|0|1|1|0|0|1|1|0|0|NA|NA|NA|NA|NA|0|0|0|0|NA|0
"390130122001"|0|1|0|0|0|0|0|1|1|1|0|0|0|1|0|5674|8666|NA|NA|NA|13|7|26|1957904|75304|0
"390130122004"|0|1|0|0|0|0|0|1|1|1|1|0|1|0|0|2658|5136|NA|NA|NA|46|10|58|2633998|45413.7586206897|0
"390159512012"|0|1|0|0|0|0|0|1|1|1|1|0|1|0|0|11875|11875|NA|NA|NA|26|7|8|266000|33250|0
"390170003002"|0|1|1|0|0|0|0|1|1|1|0|0|0|1|0|6297|16181|6838|15707|NA|99|44|182|12726196|69924.1538461538|0
"390170101041"|0|1|1|0|0|0|0|1|1|1|0|0|0|0|1|12324|31392|13677|31414|14124|2241|589|1968|175409806|89130.9989837398|0
"390170101042"|0|1|1|0|0|0|0|1|1|1|0|0|0|0|1|12324|31392|13677|31414|14124|2241|589|1968|175409806|89130.9989837398|0
"390170109091"|0|1|0|0|0|0|0|1|1|0|0|1|1|0|0|NA|NA|NA|NA|NA|0|0|0|0|NA|0
"390170109092"|0|2|0|0|0|0|0|2|2|0|0|2|2|0|0|NA|NA|NA|NA|NA|0|0|0|0|NA|0
"390170110041"|0|1|0|0|0|0|0|1|1|0|0|1|1|0|0|NA|NA|NA|NA|NA|0|0|0|0|NA|0
"390170111091"|0|1|0|0|0|0|0|1|1|0|0|1|1|0|0|NA|NA|NA|NA|NA|0|0|0|0|NA|0
"390170111231"|0|1|0|0|0|0|0|1|1|0|0|1|1|0|0|NA|NA|NA|NA|NA|0|0|0|0|NA|0
"390170111282"|0|1|0|0|0|0|0|1|1|0|0|1|1|0|0|NA|NA|NA|NA|NA|0|0|0|0|NA|0
"390170113001"|0|1|0|0|0|0|0|1|1|0|0|1|1|0|0|NA|NA|NA|NA|NA|0|0|0|0|NA|0
"390170113003"|0|1|0|0|0|0|0|1|1|0|0|1|1|0|0|NA|NA|NA|NA|NA|0|0|0|0|NA|0
"390170126003"|0|1|1|0|0|0|0|1|1|1|0|0|0|1|0|6297|16181|6838|15707|NA|99|32|126|8572608|68036.5714285714|0
"390170149001"|0|1|1|0|0|0|0|1|1|1|0|0|0|1|0|6297|16181|6838|15707|NA|99|44|182|12726196|69924.1538461538|0
"390210106003"|0|1|1|0|0|0|0|1|0|0|0|0|0|0|0|NA|NA|NA|NA|NA|0|0|0|0|NA|0
"390230007002"|0|1|1|0|0|0|0|1|1|1|0|0|0|1|0|39450|39450|8352|8352|10564|199|91|234|15409064|65850.7008547009|0
"390230012003"|0|1|0|0|0|0|0|1|1|1|0|0|0|1|0|3176|6352|NA|NA|NA|144|40|172|9341766|54312.5930232558|0
"390230012004"|0|1|0|0|0|0|0|1|1|1|0|0|0|1|0|3176|6352|NA|NA|NA|144|40|172|9341766|54312.5930232558|0
"390230034003"|0|1|1|0|0|0|0|1|1|1|0|0|0|1|0|39450|39450|8352|8352|10564|199|91|234|15409064|65850.7008547009|0
"390250411021"|0|1|0|0|0|0|0|1|1|1|0|0|0|1|0|4759|11991|NA|NA|NA|78|27|152|12786424|84121.2105263158|0
"390250418002"|0|1|0|0|0|0|0|1|1|0|0|1|1|0|0|NA|NA|NA|NA|NA|0|0|0|0|NA|0
"390250419003"|0|1|0|0|0|0|0|1|1|0|0|1|1|0|0|NA|NA|NA|NA|NA|0|0|0|0|NA|0
"390279647001"|0|1|0|0|0|0|0|1|1|1|0|0|0|1|0|25900|25900|NA|NA|10100|123|56|122|6059864|49671.0163934426|0
"390299505005"|0|1|0|0|0|0|0|1|1|1|0|0|0|1|0|5999|14875|NA|NA|NA|31|8|76|4925102|64803.9736842105|0
"390299506005"|0|1|0|0|0|0|0|1|1|0|0|1|1|0|0|NA|NA|NA|NA|NA|0|0|0|0|NA|0
"390299508002"|0|1|0|0|0|0|0|1|1|1|0|0|1|0|0|6800|6800|NA|NA|3600|14|0|8|168294|21036.75|0
"390299514004"|0|1|0|0|0|0|0|1|1|0|0|1|1|0|0|NA|NA|NA|NA|NA|0|0|0|0|NA|0
"390299516004"|0|1|0|0|0|0|0|1|1|1|1|0|1|0|0|11421|11421|NA|NA|NA|12|3|12|730300|60858.3333333333|0
"390299521002"|0|1|0|0|0|0|0|1|1|1|0|0|0|1|0|5999|14875|NA|NA|NA|23|6|38|2420258|63691|0
"390299522001"|0|1|0|0|0|0|0|1|1|1|0|0|0|1|0|5999|14875|NA|NA|NA|23|6|38|2420258|63691|0
"390351036022"|0|1|0|0|0|0|0|1|1|0|0|1|1|0|0|NA|NA|NA|NA|NA|0|0|0|0|NA|0
"390351077011"|0|1|0|0|0|0|0|1|1|1|1|0|0|0|1|4322|8136|NA|NA|NA|1034|258|856|70011716|81789.3878504673|0
"390351077012"|0|1|0|0|0|0|0|1|1|1|1|0|0|0|1|4322|8136|NA|NA|NA|1034|258|856|70011716|81789.3878504673|0
"390351078021"|0|1|1|0|0|0|0|1|1|1|0|0|0|0|1|10745|15290|10014|17134|12882|972|315|1094|97563998|89180.9853747715|0
"390351078022"|0|1|1|0|0|0|0|1|1|1|0|0|0|0|1|10745|15290|10014|17134|12882|972|315|1094|97563998|89180.9853747715|0
"390351082011"|0|1|0|0|0|0|0|1|1|1|1|0|1|0|0|NA|NA|NA|NA|NA|63|0|76|3465218|45594.9736842105|0
"390351082012"|0|1|0|0|0|0|0|1|1|1|1|0|1|0|0|NA|NA|NA|NA|NA|63|0|76|3465218|45594.9736842105|0
"390351083011"|0|1|0|0|0|0|0|1|0|0|0|0|0|0|0|NA|NA|NA|NA|NA|0|0|0|0|NA|0
"390351083012"|0|1|0|0|0|0|0|1|0|0|0|0|0|0|0|NA|NA|NA|NA|NA|0|0|0|0|NA|0
"390351187001"|0|2|2|0|0|1|0|2|2|2|0|0|1|0|1|93584|93584|87269|87269|31190|2226|458|1580|176227686|189469.321446373|0
"390351187002"|0|2|2|0|0|1|0|2|2|2|0|0|1|0|1|93584|93584|87269|87269|31190|2226|458|1580|176227686|189469.321446373|0
"390351188001"|0|1|0|0|0|0|0|1|1|1|0|0|1|0|0|40480|40480|NA|NA|11330|88|19|102|6281632|61584.6274509804|0
"390351188002"|0|1|1|0|0|1|0|1|1|1|0|0|0|0|1|50450|50450|46524|46524|15614|2166|446|1522|171784798|112867.804204993|0
"390351188003"|0|1|0|0|0|0|0|1|1|1|0|0|1|0|0|40480|40480|NA|NA|11330|88|19|102|6281632|61584.6274509804|0
"390351191001"|0|1|1|0|0|1|0|1|1|1|0|0|0|0|1|50450|50450|46524|46524|15614|2166|446|1522|171784798|112867.804204993|0
"390351343001"|0|2|1|0|0|0|0|2|2|1|0|1|1|1|0|NA|NA|NA|NA|NA|397|125|454|34271934|NA|0
"390351343002"|0|2|1|0|0|0|0|2|2|1|0|1|1|1|0|NA|NA|NA|NA|NA|397|125|454|34271934|NA|0
"390351351041"|0|1|0|0|0|0|0|1|1|0|0|1|1|0|0|NA|NA|NA|NA|NA|0|0|0|0|NA|0
"390351351052"|0|1|0|0|0|0|0|1|1|1|1|0|1|0|0|16249|16249|NA|NA|NA|17|5|22|1201758|54625.3636363636|0
"390351371033"|0|1|0|0|0|0|0|1|1|1|1|0|1|0|0|NA|NA|NA|NA|NA|10|2|4|186000|46500|0
"390351521013"|0|1|0|0|0|0|0|1|1|0|0|1|1|0|0|9540|9540|NA|NA|NA|0|0|0|0|NA|0
"390351551011"|0|1|0|0|0|0|0|1|1|0|0|1|1|0|0|23941|23941|NA|NA|NA|0|0|0|0|NA|0
"390351561011"|0|1|0|0|0|0|0|1|1|0|0|1|1|0|0|NA|NA|NA|NA|NA|0|0|0|0|NA|0
"390351606023"|0|1|0|0|0|0|0|1|1|1|0|0|1|0|0|21000|21000|NA|NA|NA|10|0|8|328000|41000|0
"390351606024"|0|1|0|0|0|0|0|1|1|1|0|0|1|0|0|21000|21000|NA|NA|NA|10|0|8|328000|41000|0
"390351702012"|0|1|0|0|0|0|0|1|1|0|0|1|1|0|0|NA|NA|NA|NA|NA|0|0|0|0|NA|0
"390351711031"|0|1|0|0|0|0|0|1|1|1|1|0|1|0|0|15364|15364|NA|NA|NA|17|5|56|1909974|34106.6785714286|0
"390351722011"|0|1|0|0|0|0|0|1|1|0|0|1|1|0|0|NA|NA|NA|NA|NA|0|0|0|0|NA|0
"390351731032"|0|1|0|0|0|0|0|1|0|0|0|0|0|0|0|NA|NA|NA|NA|NA|0|0|0|0|NA|0
"390351731073"|0|1|0|0|0|0|0|1|1|0|0|1|1|0|0|NA|NA|NA|NA|NA|0|0|0|0|NA|0
"390351771013"|0|1|0|0|0|0|0|1|1|1|0|0|1|0|0|17586|17586|NA|NA|NA|62|36|74|4753082|64230.8378378378|0
"390351791011"|0|1|1|0|0|0|0|1|1|1|0|0|0|1|0|33120|33120|21132|21132|11126|107|49|112|7208818|64364.4464285714|0
"390351841042"|0|1|0|0|0|0|0|1|0|0|0|0|0|0|0|NA|NA|NA|NA|NA|0|0|0|0|NA|0
"390351852031"|0|1|1|0|0|0|0|1|1|1|0|0|0|1|0|29460|29460|NA|NA|10600|132|38|100|4685104|46851.04|0
"390351862011"|0|1|0|0|0|0|0|1|1|0|0|1|1|0|0|NA|NA|NA|NA|NA|0|0|0|0|NA|0
"390351871051"|0|1|1|0|0|0|0|1|1|1|0|0|0|1|0|41230|41230|16788|16788|12232|331|148|360|29681700|82449.1666666667|0
"390351871052"|0|1|1|0|0|0|0|1|1|1|0|0|0|1|0|41230|41230|16788|16788|12232|331|148|360|29681700|82449.1666666667|0
"390351871053"|0|1|1|0|0|0|0|1|1|1|0|0|0|1|0|41230|41230|16788|16788|12232|331|148|360|29681700|82449.1666666667|0
"390351881071"|0|1|1|0|0|0|0|1|1|1|0|0|1|0|0|16920|16920|16620|16620|NA|0|0|0|0|NA|0
"390351923001"|0|1|0|0|0|0|0|1|1|0|0|1|1|0|0|NA|NA|NA|NA|NA|0|0|0|0|NA|0
"390351929001"|0|1|0|0|0|0|0|1|1|0|0|1|1|0|0|NA|NA|NA|NA|NA|0|0|0|0|NA|0
"390351957003"|0|1|0|0|0|0|0|1|0|0|0|0|0|0|0|NA|NA|NA|NA|NA|0|0|0|0|NA|0
"390399585002"|0|1|1|0|0|0|0|1|1|1|0|0|1|0|0|32500|32500|9810|9810|10540|78|33|74|3976586|53737.6486486486|0
"390410101003"|0|1|0|0|0|0|0|1|1|1|0|0|0|1|0|46870|46870|NA|NA|13330|247|120|256|20255430|79122.7734375|0
"390410114301"|0|1|0|0|0|0|0|1|1|0|0|1|1|0|0|NA|NA|NA|NA|NA|0|0|0|0|NA|0
"390410117621"|0|1|0|0|0|0|0|1|1|1|1|0|0|1|0|NA|NA|NA|NA|NA|90|5|106|4890070|46132.7358490566|0
"390410122001"|0|0|1|0|0|0|0|1|1|1|0|0|1|0|0|NA|NA|23316|23316|NA|28|2|24|1567400|65308.3333333333|0
"390430404001"|0|1|0|0|0|0|0|1|1|1|0|0|0|1|0|4800|12788|NA|NA|NA|48|18|88|5986372|68026.9545454545|0
"390430413002"|0|2|0|0|0|0|0|2|2|0|0|2|2|0|0|NA|NA|NA|NA|NA|0|0|0|0|NA|0
"390430415002"|0|1|0|0|0|0|0|1|1|1|1|0|1|0|0|8820|8820|NA|NA|NA|7|1|12|457350|38112.5|0
"390430418001"|0|1|0|0|0|0|0|1|1|0|0|1|1|0|0|NA|NA|NA|NA|NA|0|0|0|0|NA|0
"390450314001"|0|1|0|0|0|0|0|1|1|1|0|0|0|1|0|5674|8666|NA|NA|NA|28|10|58|4365122|75260.724137931|0
"390450314003"|0|1|0|0|0|0|0|1|1|1|0|0|0|1|0|5674|8666|NA|NA|NA|28|10|58|4365122|75260.724137931|0
"390490007201"|0|1|0|0|0|0|0|1|1|0|0|1|1|0|0|NA|NA|NA|NA|NA|0|0|0|0|NA|0
"390490011211"|0|1|1|0|1|1|0|1|1|1|0|0|0|0|1|10197|31174|11560|35144|12748|10669|2036|4504|555091232|123244.056838366|0
"390490030003"|0|2|1|0|0|0|0|2|2|2|1|0|0|1|1|40468|45420|NA|NA|NA|853|240|830|51454300|128053.007901363|0
"390490040001"|0|1|1|0|0|0|0|1|1|1|0|0|0|1|0|9552|9552|16080|16080|10224|329|155|148|14547012|98290.6216216216|0
"390490042001"|0|1|1|0|0|0|0|1|1|1|0|0|1|0|0|21178|21178|11865|11865|6600|37|4|96|8255872|85998.6666666667|0
"390490050006"|0|1|1|0|0|0|0|1|1|1|0|0|1|0|0|21178|21178|11865|11865|6600|37|4|96|8255872|85998.6666666667|0
"390490062201"|0|0|0|0|0|0|0|1|0|0|0|0|0|0|0|NA|NA|NA|NA|NA|0|0|0|0|NA|0
"390490063402"|0|1|1|0|0|0|0|1|1|0|0|0|1|0|0|NA|NA|NA|NA|NA|3|0|0|0|NA|0
"390490063912"|0|1|1|0|0|0|0|1|1|1|0|0|1|0|0|25000|25000|28100|28100|10960|33|8|38|2362446|62169.6315789474|0
"390490067221"|0|1|1|0|0|0|0|1|1|1|0|0|1|0|0|11274|11274|19654|19654|NA|20|4|20|1532720|76636|0
"390490069451"|0|1|0|0|0|0|0|1|1|1|1|0|1|0|0|NA|NA|NA|NA|NA|11|1|12|853880|71156.6666666667|0
"390490070103"|0|1|1|0|0|0|0|1|1|1|0|0|0|1|0|32024|32024|595|595|11186|242|98|328|23296366|71025.506097561|0
"390490070411"|0|1|1|0|0|0|0|1|1|1|0|0|1|0|0|25000|25000|28100|28100|10960|33|8|38|2362446|62169.6315789474|0
"390490071131"|0|1|0|0|0|0|0|1|1|0|0|1|1|0|0|NA|NA|NA|NA|NA|0|0|0|0|NA|0
"390490071132"|0|1|0|0|0|0|0|1|1|0|0|1|1|0|0|NA|NA|NA|NA|NA|0|0|0|0|NA|0
"390490071133"|0|1|0|0|0|0|0|1|1|0|0|1|1|0|0|NA|NA|NA|NA|NA|0|0|0|0|NA|0
"390490071141"|0|1|0|0|0|0|0|1|1|0|0|1|1|0|0|NA|NA|NA|NA|NA|0|0|0|0|NA|0
"390490071981"|0|2|0|0|0|0|0|2|2|2|1|0|1|1|0|40979|40979|NA|NA|NA|152|53|256|16276570|128280.643906655|0
"390490075502"|0|1|1|0|0|0|0|1|1|1|0|0|0|1|0|31100|31100|10800|10800|11220|126|53|122|8086846|66285.6229508197|0
"390490075511"|0|1|0|0|0|0|0|1|1|1|1|0|1|0|0|13980|13980|NA|NA|NA|10|0|14|1045704|74693.1428571429|0
"390490078123"|0|1|0|0|0|0|0|1|1|0|0|1|1|0|0|NA|NA|NA|NA|NA|0|0|0|0|NA|0
"390490087301"|0|2|1|0|0|0|0|2|2|2|0|0|2|0|0|33680|33680|NA|NA|NA|67|7|52|4447386|176047.458333333|0
"390490087302"|0|2|1|0|0|0|0|2|2|2|0|0|2|0|0|33680|33680|NA|NA|NA|67|7|52|4447386|176047.458333333|0
"390490089004"|0|1|1|0|0|0|0|1|1|1|0|0|0|1|0|36552|36552|12168|12168|11264|261|88|326|25000064|76687.3128834356|0
"390490092102"|0|1|0|0|0|0|0|1|1|0|0|1|1|0|0|NA|NA|NA|NA|NA|0|0|0|0|NA|0
"390490093502"|0|1|0|0|0|0|0|1|1|0|0|1|1|0|0|NA|NA|NA|NA|NA|0|0|0|0|NA|0
"390490094301"|0|1|0|0|0|0|0|1|1|1|1|0|1|0|0|20500|20500|NA|NA|NA|6|0|4|180534|45133.5|0
"390490094304"|0|1|0|0|0|0|0|1|1|1|1|0|1|0|0|20500|20500|NA|NA|NA|6|0|4|180534|45133.5|0
"390490094952"|0|1|0|0|0|0|0|1|1|0|0|1|1|0|0|NA|NA|NA|NA|NA|0|0|0|0|NA|0
"390490094971"|0|1|0|0|0|0|0|1|1|0|0|1|1|0|0|NA|NA|NA|NA|NA|0|0|0|0|NA|0
"390490099001"|0|1|1|0|0|0|0|1|1|1|0|0|1|0|0|11274|11274|19654|19654|NA|20|4|20|1532720|76636|0
"390490102002"|0|1|0|0|0|0|0|1|1|1|1|0|1|0|0|5760|5760|NA|NA|7130|11|3|10|4e+05|40000|0
"390490107001"|0|1|0|0|0|0|0|1|1|0|0|1|1|0|0|NA|NA|NA|NA|NA|0|0|0|0|NA|0
"390539536001"|0|1|0|0|0|0|0|1|1|0|0|1|1|0|0|NA|NA|NA|NA|NA|0|0|0|0|NA|0
"390539536003"|0|1|1|0|0|0|0|1|1|1|0|0|0|1|0|26821|26821|21420|21420|11166|94|41|136|7761000|57066.1764705882|0
"390539537001"|0|1|1|0|0|0|0|1|1|1|0|0|0|1|0|26821|26821|21420|21420|11166|94|41|136|7761000|57066.1764705882|0
"390553107002"|0|1|0|0|0|0|0|1|1|0|0|1|1|0|0|NA|NA|NA|NA|NA|0|0|0|0|NA|0
"390553113001"|0|1|1|0|0|0|0|1|1|1|0|0|0|1|0|5999|14875|11766|21952|NA|37|9|82|4994012|60902.5853658537|0
"390553113004"|0|1|1|0|0|0|0|1|1|1|0|0|0|1|0|5999|14875|11766|21952|NA|37|9|82|4994012|60902.5853658537|0
"390572001041"|0|0|1|0|0|0|0|0|0|1|0|0|1|0|0|NA|NA|16848|16848|NA|0|0|0|0|NA|0
"390572001042"|0|1|1|0|0|1|0|1|1|1|0|0|0|0|1|9073|18286|14298|24286|11592|944|341|1084|94025440|86739.3357933579|0
"390572101001"|0|0|1|0|0|0|0|0|0|1|0|0|1|0|0|NA|NA|16848|16848|NA|0|0|0|0|NA|0
"390572406001"|0|1|0|0|0|0|0|1|0|0|0|1|1|0|0|NA|NA|NA|NA|NA|0|0|0|0|NA|0
"390572406002"|0|2|1|1|0|0|0|3|2|2|0|1|2|1|0|NA|NA|NA|NA|NA|269|86|204|12775032|NA|0
"390572406003"|0|1|1|1|0|0|0|1|1|1|0|0|1|0|0|12020|12020|12830|12830|7000|60|9|40|2141456|53536.4|0
"390572550004"|0|1|0|0|0|0|0|1|1|1|0|0|1|0|0|34914|34914|NA|NA|7640|85|6|44|2578788|58608.8181818182|0
"390572601002"|0|1|1|0|0|0|0|1|1|1|0|0|0|1|0|31122|31122|9065|9065|7618|332|130|454|33175862|73074.5859030837|0
"390572802001"|0|4|4|0|0|0|0|5|3|3|0|1|4|0|0|NA|NA|NA|NA|NA|96|22|28|2682720|NA|0
"390572803002"|0|0|1|0|0|0|0|0|0|1|0|0|1|0|0|NA|NA|16848|16848|NA|0|0|0|0|NA|0
"390610007001"|0|1|0|0|0|0|0|1|1|1|1|0|1|0|0|15980|15980|NA|NA|NA|0|0|0|0|NA|0
"390610007002"|0|1|0|0|0|0|0|1|1|1|1|0|1|0|0|15980|15980|NA|NA|NA|0|0|0|0|NA|0
"390610007003"|0|1|0|0|0|0|0|1|1|1|1|0|1|0|0|15980|15980|NA|NA|NA|0|0|0|0|NA|0
"390610010002"|0|1|1|0|0|0|0|1|1|1|0|0|1|0|0|32445|32445|10945|10945|9500|30|17|18|784042|43557.8888888889|0
"390610018002"|0|1|1|0|0|0|0|1|1|1|0|0|1|0|0|6000|6000|7920|7920|4250|40|12|40|498296|12457.4|0
"390610023001"|0|1|0|0|0|0|0|1|1|1|0|0|1|0|0|14236|14236|NA|NA|NA|35|9|84|5959320|70944.2857142857|0
"390610029002"|0|1|0|0|0|0|0|1|1|1|0|0|1|0|0|13605|13605|NA|NA|NA|25|3|64|4953144|77392.875|0
"390610030002"|0|1|1|0|0|1|0|1|1|1|0|0|0|0|1|9476|24810|12790|24532|11668|3048|579|2786|264788176|95042.4178033022|0
"390610057012"|0|1|0|0|0|0|0|1|1|0|0|1|1|0|0|NA|NA|NA|NA|NA|0|0|0|0|NA|0
"390610065002"|0|1|1|0|0|0|0|1|1|1|0|0|0|1|0|40220|40220|12060|12060|13310|610|221|796|66157170|83112.0226130653|0
"390610072001"|0|1|0|0|0|0|0|1|1|1|1|0|0|1|0|3933|7866|NA|NA|NA|210|65|290|22079782|76137.1793103448|0
"390610072002"|0|1|0|0|0|0|0|1|1|1|1|0|0|1|0|3933|7866|NA|NA|NA|210|65|290|22079782|76137.1793103448|0
"390610080002"|0|1|0|0|0|0|0|1|1|1|0|0|1|0|0|19975|19975|NA|NA|NA|7|3|8|501224|62653|0
"390610093001"|0|1|1|0|0|0|0|1|1|1|0|0|1|0|0|16880|16880|2994|2994|8860|0|0|0|0|NA|0
"390610207017"|0|1|0|0|0|0|0|1|1|0|0|1|1|0|0|NA|NA|NA|NA|NA|0|0|0|0|NA|0
"390610207621"|0|1|0|0|0|0|0|1|1|0|0|1|1|0|0|NA|NA|NA|NA|NA|0|0|0|0|NA|0
"390610213043"|0|1|1|0|0|0|0|1|1|1|0|0|0|1|0|30100|30100|12781|12781|9830|247|97|200|13502702|67513.51|0
"390610222002"|0|1|0|0|0|0|0|1|1|1|0|0|1|0|0|19975|19975|NA|NA|NA|7|3|8|501224|62653|0
"390610222003"|0|1|0|0|0|0|0|1|1|1|0|0|1|0|0|19975|19975|NA|NA|NA|7|3|8|501224|62653|0
"390610223013"|0|1|0|0|0|0|0|1|1|1|1|0|1|0|0|12780|12780|NA|NA|NA|15|2|14|966800|69057.1428571429|0
"390610223014"|0|2|0|0|0|0|0|2|1|0|0|1|1|0|0|NA|NA|NA|NA|NA|0|0|0|0|NA|0
"390610223023"|0|1|0|0|0|0|0|1|1|1|0|0|1|0|0|NA|NA|NA|NA|NA|26|8|44|3045174|69208.5|0
"390610230012"|0|3|0|0|0|0|0|3|2|1|1|2|3|0|0|NA|NA|NA|NA|NA|20|4|32|2073520|NA|0
"390610230013"|0|3|0|0|0|0|0|3|2|1|1|2|3|0|0|NA|NA|NA|NA|NA|20|4|32|2073520|NA|0
"390610230014"|0|1|0|0|0|0|0|1|1|1|1|0|1|0|0|13728|13728|NA|NA|NA|20|4|32|2073520|64797.5|0
"390610233002"|0|1|0|0|0|0|0|1|1|0|0|1|1|0|0|NA|NA|NA|NA|NA|0|0|0|0|NA|0
"390610235013"|0|1|0|0|0|0|0|1|1|1|0|0|0|1|0|5274|14072|NA|NA|11668|105|21|338|25393370|75128.3136094675|0
"390610250015"|0|1|1|0|0|0|0|1|0|1|0|0|1|0|0|NA|NA|21250|21250|NA|29|5|14|834520|59608.5714285714|0
"390610255001"|0|1|0|0|0|0|0|1|1|0|0|1|1|0|0|NA|NA|NA|NA|NA|0|0|0|0|NA|0
"390610270002"|0|1|1|0|0|0|0|1|1|1|0|0|1|0|0|13080|13080|14652|14652|NA|88|7|62|4322060|69710.6451612903|0
"390630009004"|0|1|2|0|0|0|0|2|2|2|0|0|1|1|0|NA|NA|31750|31750|NA|350|131|464|34965006|128799.865781711|0
"390650004003"|0|1|1|0|0|0|0|1|1|1|0|0|0|1|0|32500|32500|29250|29250|12040|279|132|442|34420426|77874.2669683258|0
"390690002003"|0|2|0|0|0|0|0|2|2|1|1|1|1|1|0|NA|NA|NA|NA|NA|86|24|72|4309590|NA|0
"390719548001"|0|1|0|0|0|0|0|1|1|1|1|0|0|1|0|4682|8838|NA|NA|NA|68|19|88|5672034|64454.9318181818|0
"390779156003"|0|1|0|0|0|0|0|1|1|0|0|1|1|0|0|NA|NA|NA|NA|NA|0|0|0|0|NA|0
"390810002001"|0|1|1|0|0|0|0|1|1|1|0|0|0|1|0|28420|28420|12600|12600|8680|207|78|258|19036122|73783.4186046512|0
"390810010001"|0|2|0|0|0|0|0|2|2|1|1|1|1|0|1|13757|17915|NA|NA|NA|149|37|122|6700790|NA|0
"390830073001"|0|1|0|0|0|0|0|1|1|1|0|0|0|1|0|56340|56340|NA|NA|12580|403|82|412|33358870|80968.1310679612|0
"390830075001"|0|2|1|0|0|0|0|2|2|1|0|1|1|1|0|NA|NA|NA|NA|NA|222|79|118|6008988|NA|0
"390830075003"|0|2|1|0|0|0|0|2|2|1|0|1|1|1|0|NA|NA|NA|NA|NA|222|79|118|6008988|NA|0
"390852009002"|0|1|1|0|0|0|0|1|1|1|0|0|1|0|0|13000|13000|13000|13000|3000|9|0|10|375744|37574.4|0
"390852020003"|0|1|0|0|0|0|0|1|1|0|0|1|1|0|0|12700|12700|NA|NA|NA|0|0|0|0|NA|0
"390852034001"|0|1|0|0|0|0|0|1|1|0|0|1|1|0|0|NA|NA|NA|NA|NA|0|0|0|0|NA|0
"390852034002"|0|1|0|0|0|0|0|1|1|0|0|1|1|0|0|NA|NA|NA|NA|NA|0|0|0|0|NA|0
"390852037002"|0|1|0|0|0|0|0|1|1|1|1|0|0|1|0|4116|9409|NA|NA|NA|249|82|234|21457364|91698.1367521368|0
"390852037003"|0|1|0|0|0|0|0|1|1|1|1|0|0|1|0|4116|9409|NA|NA|NA|249|82|234|21457364|91698.1367521368|0
"390852043021"|0|1|1|0|0|0|0|1|1|1|0|0|0|1|0|29986|29986|12006|12006|10208|98|30|94|5826526|61984.3191489362|0
"390852043022"|0|1|1|0|0|0|0|1|1|1|0|0|0|1|0|29986|29986|12006|12006|10208|98|30|94|5826526|61984.3191489362|0
"390852045003"|0|1|1|0|0|0|0|1|1|1|0|0|0|1|0|29986|29986|12006|12006|10208|98|30|94|5826526|61984.3191489362|0
"390852051002"|0|1|0|0|0|0|0|1|1|0|0|1|1|0|0|NA|NA|NA|NA|NA|0|0|0|0|NA|0
"390870502001"|0|1|0|0|0|0|0|1|1|1|0|0|0|1|0|5674|8666|NA|NA|NA|24|15|68|4467514|65698.7352941177|0
"390870510011"|0|1|1|0|0|0|0|1|1|1|0|0|1|0|0|8400|8400|NA|NA|NA|2|0|4|30700|7675|0
"390870510012"|0|1|1|0|0|0|0|1|1|1|0|0|1|0|0|8400|8400|NA|NA|NA|2|0|4|30700|7675|0
"390870513003"|0|1|0|0|0|0|0|1|1|0|0|1|1|0|0|NA|NA|NA|NA|NA|0|0|0|0|NA|0
"390897531001"|0|1|0|0|0|0|0|1|1|0|0|1|1|0|0|NA|NA|NA|NA|NA|0|0|0|0|NA|0
"390897539001"|0|2|1|0|0|0|0|2|2|2|1|0|0|2|0|12332|36069|NA|NA|NA|177|64|222|17556600|160579.340327869|0
"390897541014"|0|1|0|0|0|0|0|1|1|0|0|1|1|0|0|NA|NA|NA|NA|NA|0|0|0|0|NA|0
"390897577002"|0|1|0|0|0|0|0|1|1|1|0|0|0|1|0|52620|52620|NA|NA|13050|473|137|504|42826100|84972.4206349206|0
"390930281001"|0|1|0|0|0|0|0|1|1|1|1|0|1|0|0|8820|8820|NA|NA|NA|9|1|18|768474|42693|0
"390930601001"|0|1|1|0|0|0|0|1|1|1|0|0|0|1|0|55976|55976|27988|27988|16826|662|214|614|55241514|89969.8925081433|0
"390930601002"|0|1|1|0|0|0|0|1|1|1|0|0|0|1|0|55976|55976|27988|27988|16826|662|214|614|55241514|89969.8925081433|0
"390930601003"|0|1|1|0|0|0|0|1|1|1|0|0|0|1|0|55976|55976|27988|27988|16826|662|214|614|55241514|89969.8925081433|0
"390930701023"|0|1|0|0|0|0|0|1|1|1|0|0|0|0|1|3696|7637|NA|NA|NA|315|131|242|18377760|75941.1570247934|0
"390930703002"|0|1|0|0|0|0|0|1|1|0|0|1|1|0|0|NA|NA|NA|NA|NA|0|0|0|0|NA|0
"390930703004"|0|1|0|0|0|0|0|1|1|0|0|1|1|0|0|NA|NA|NA|NA|NA|0|0|0|0|NA|0
"390930902001"|0|1|0|0|0|0|0|1|1|0|0|1|1|0|0|NA|NA|NA|NA|NA|0|0|0|0|NA|0
"390930902002"|0|1|0|0|0|0|0|1|1|0|0|1|1|0|0|NA|NA|NA|NA|NA|0|0|0|0|NA|0
"390930931002"|0|1|0|0|0|0|0|1|1|0|0|1|1|0|0|NA|NA|NA|NA|NA|0|0|0|0|NA|0
"390930961001"|0|1|0|0|0|0|0|1|1|0|0|1|1|0|0|NA|NA|NA|NA|NA|0|0|0|0|NA|0
"390930973003"|0|1|0|0|0|0|0|1|1|0|0|1|1|0|0|NA|NA|NA|NA|NA|0|0|0|0|NA|0
"390950007004"|0|1|0|0|0|0|0|1|1|0|0|1|1|0|0|NA|NA|NA|NA|NA|0|0|0|0|NA|0
"390950007007"|0|1|0|0|0|0|0|1|1|0|0|1|1|0|0|NA|NA|NA|NA|NA|0|0|0|0|NA|0
"390950027001"|0|1|1|0|0|0|0|1|1|1|0|0|0|1|0|13350|13350|11682|11682|NA|75|11|120|8641854|72015.45|0
"390950060002"|0|1|0|0|0|0|0|1|1|1|1|0|1|0|0|8500|8500|NA|NA|NA|2|0|2|130000|65000|0
"390950071011"|0|2|0|0|0|0|0|2|2|2|2|0|2|0|0|31981|31981|NA|NA|NA|57|15|66|3706576|113268.633333333|0
"390950072041"|0|2|0|0|0|0|0|2|2|2|2|0|2|0|0|31981|31981|NA|NA|NA|57|15|66|3706576|113268.633333333|0
"390950072042"|0|1|0|0|0|0|0|1|1|1|1|0|1|0|0|NA|NA|NA|NA|NA|14|3|18|938200|52122.2222222222|0
"390950072043"|0|2|0|0|0|0|0|2|2|2|2|0|2|0|0|31981|31981|NA|NA|NA|57|15|66|3706576|113268.633333333|0
"390950078005"|0|1|0|0|0|0|0|1|1|1|1|0|1|0|0|12600|12600|NA|NA|NA|4|0|4|88300|22075|0
"390950081002"|0|1|0|0|0|0|0|1|1|1|1|0|1|0|0|NA|NA|NA|NA|NA|16|1|14|291308|20807.7142857143|0
"390950082022"|0|1|1|0|0|0|0|1|1|1|0|0|0|1|0|22650|22650|13960|13960|10590|105|67|104|5673216|54550.1538461538|0
"390950083013"|0|1|0|0|0|0|0|1|1|0|0|1|1|0|0|NA|NA|NA|NA|NA|0|0|0|0|NA|0
"390950086002"|0|1|0|0|0|0|0|1|0|0|0|0|1|0|0|NA|NA|NA|NA|NA|0|0|0|0|NA|0
"390950086003"|0|1|0|0|0|0|0|1|0|0|0|0|1|0|0|NA|NA|NA|NA|NA|0|0|0|0|NA|0
"390950092021"|0|1|0|0|0|0|0|1|1|0|0|1|1|0|0|NA|NA|NA|NA|NA|0|0|0|0|NA|0
"390950100022"|0|1|0|0|0|0|0|1|1|0|0|1|1|0|0|NA|NA|NA|NA|NA|0|0|0|0|NA|0
"390950104001"|0|1|1|0|1|1|0|1|1|1|0|0|0|0|1|8449|17809|14047|24649|12470|1425|406|1562|135793592|86935.7183098591|0
"390970401011"|0|1|0|0|0|0|0|1|1|1|1|0|1|0|0|8400|8400|NA|NA|5650|11|3|2|51922|25961|0
"390998120021"|0|1|0|0|0|0|0|1|1|0|0|1|1|0|0|NA|NA|NA|NA|NA|0|0|0|0|NA|0
"390998122001"|0|1|0|0|0|0|0|1|1|0|0|1|1|0|0|NA|NA|NA|NA|NA|0|0|0|0|NA|0
"390998125003"|0|1|0|0|0|0|0|1|1|0|0|1|1|0|0|NA|NA|NA|NA|NA|0|0|0|0|NA|0
"390998125004"|0|1|0|0|0|0|0|1|1|0|0|1|1|0|0|NA|NA|NA|NA|NA|0|0|0|0|NA|0
"390998128004"|0|1|0|0|0|0|0|1|1|0|0|1|1|0|0|NA|NA|NA|NA|NA|0|0|0|0|NA|0
"390998137004"|0|1|0|0|0|0|0|1|1|0|0|1|1|0|0|7200|7200|NA|NA|NA|0|0|0|0|NA|0
"390998140003"|0|1|1|0|0|0|0|1|1|1|0|0|0|0|1|8705|9065|6058|9058|9700|651|281|800|62506070|78132.5875|0
"391010001001"|0|1|0|0|0|0|0|1|0|0|0|0|0|0|0|NA|NA|NA|NA|NA|0|0|0|0|NA|0
"391010010001"|0|2|0|0|0|0|0|2|2|2|1|0|0|2|0|12316|35213|NA|NA|NA|139|46|188|13086788|143975.256578947|0
"391010101001"|0|1|0|0|0|0|0|1|1|0|0|1|1|0|0|NA|NA|NA|NA|NA|0|0|0|0|NA|0
"391010102013"|0|1|0|0|0|0|0|1|1|0|0|1|1|0|0|NA|NA|NA|NA|NA|0|0|0|0|NA|0
"391034060002"|0|1|0|0|0|0|0|1|1|0|0|1|1|0|0|NA|NA|NA|NA|NA|0|0|0|0|NA|0
"391034081005"|0|1|0|0|0|0|0|1|1|0|0|1|1|0|0|NA|NA|NA|NA|NA|0|0|0|0|NA|0
"391034152001"|0|1|0|0|0|0|0|1|1|0|0|1|1|0|0|NA|NA|NA|NA|NA|0|0|0|0|NA|0
"391079676003"|0|1|0|0|0|0|0|1|1|1|0|0|0|1|0|6072|15300|14298|24286|10632|0|0|0|0|NA|0
"391093001001"|0|2|0|0|0|0|0|2|2|1|1|1|1|1|0|NA|NA|NA|NA|NA|81|25|96|4627366|NA|0
"391093001002"|0|2|0|0|0|0|0|2|2|1|1|1|1|1|0|NA|NA|NA|NA|NA|81|25|96|4627366|NA|0
"391093650004"|0|1|0|0|0|0|0|1|1|0|0|1|1|0|0|NA|NA|NA|NA|NA|0|0|0|0|NA|0
"391130015011"|0|1|0|0|0|0|0|1|1|1|0|0|0|0|1|3409|6676|NA|NA|NA|573|223|664|46077076|69393.186746988|0
"391130025001"|0|1|0|0|0|0|0|1|1|1|1|0|1|0|0|14560|14560|NA|NA|NA|8|2|8|271636|33954.5|0
"391130034031"|0|1|1|0|0|0|0|1|1|1|0|0|0|0|1|44100|44100|17190|17190|14050|2131|435|1334|115008508|86213.2743628186|0
"391130034032"|0|1|1|0|0|0|0|1|1|1|0|0|0|0|1|44100|44100|17190|17190|14050|2131|435|1334|115008508|86213.2743628186|0
"391130035003"|0|1|0|0|0|0|0|1|1|1|1|0|1|0|0|NA|NA|NA|NA|NA|7|3|4|193648|48412|0
"391130202002"|0|1|1|0|0|0|0|1|1|1|0|0|1|0|0|13392|13392|39024|39024|7714|46|14|132|11641550|88193.5606060606|0
"391130204005"|0|1|0|0|0|0|0|1|1|0|0|1|1|0|0|16995|16995|NA|NA|NA|0|0|0|0|NA|0
"391130215013"|0|1|0|0|0|0|0|1|0|0|0|0|0|0|0|NA|NA|NA|NA|NA|0|0|0|0|NA|0
"391130216012"|0|1|0|0|0|0|0|1|1|1|0|0|1|0|0|28887|28887|NA|NA|NA|20|4|30|1822902|60763.4|0
"391130404031"|0|1|0|0|0|0|0|1|1|0|0|1|1|0|0|NA|NA|NA|NA|NA|0|0|0|0|NA|0
"391130404051"|0|1|0|0|0|0|0|1|1|0|0|1|1|0|0|NA|NA|NA|NA|NA|0|0|0|0|NA|0
"391130501032"|0|1|0|0|0|0|0|1|1|0|0|1|1|0|0|NA|NA|NA|NA|NA|0|0|0|0|NA|0
"391130501033"|0|1|0|0|0|0|0|1|1|0|0|1|1|0|0|NA|NA|NA|NA|NA|0|0|0|0|NA|0
"391130501034"|0|1|0|0|0|0|0|1|1|0|0|1|1|0|0|NA|NA|NA|NA|NA|0|0|0|0|NA|0
"391130701022"|0|0|1|0|0|0|0|1|1|1|0|0|1|0|0|NA|NA|13680|13680|NA|29|11|26|1912336|73551.3846153846|0
"391130706001"|0|0|1|0|0|0|0|1|1|1|0|0|1|0|0|NA|NA|13680|13680|NA|29|11|26|1912336|73551.3846153846|0
"391130903041"|0|1|0|0|0|0|0|1|1|0|0|1|1|0|0|NA|NA|NA|NA|NA|0|0|0|0|NA|0
"391131001011"|0|1|0|0|0|0|0|1|1|0|0|1|1|0|0|21000|21000|NA|NA|NA|0|0|0|0|NA|0
"391131001013"|0|1|0|0|0|0|0|1|1|0|0|1|1|0|0|NA|NA|NA|NA|NA|0|0|0|0|NA|0
"391131102021"|0|1|0|0|0|0|0|1|1|0|0|1|1|0|0|NA|NA|NA|NA|NA|0|0|0|0|NA|0
"391131201012"|0|1|0|0|0|0|0|1|0|0|0|1|1|0|0|NA|NA|NA|NA|NA|0|0|0|0|NA|0
"391199115002"|0|2|0|0|0|0|0|2|2|2|1|0|0|2|0|10744|18896|NA|NA|NA|95|29|144|8927694|127410.233674272|0
"391199127003"|0|1|0|0|0|0|0|1|1|0|0|1|1|0|0|NA|NA|NA|NA|NA|0|0|0|0|NA|0
"391199128003"|0|1|1|0|0|0|0|1|1|1|0|0|0|1|0|28100|28100|10170|10170|11590|179|51|184|12589002|68418.4891304348|0
"391290211004"|0|1|1|0|0|0|0|1|1|1|0|0|0|1|0|13533|13533|10765|10765|8320|142|43|210|4232652|20155.4857142857|0
"391319523001"|0|1|0|0|0|0|0|1|0|0|0|1|1|0|0|NA|NA|NA|NA|NA|0|0|0|0|NA|0
"391336001021"|0|1|1|0|0|0|0|1|1|1|0|0|0|1|0|35360|35360|6614|6614|10290|130|65|128|7117720|55607.1875|0
"391336010002"|0|1|0|0|0|0|0|1|1|0|0|1|1|0|0|NA|NA|NA|NA|NA|0|0|0|0|NA|0
"391336011001"|0|1|0|0|0|0|0|1|0|0|0|0|0|0|0|NA|NA|NA|NA|NA|0|0|0|0|NA|0
"391336015021"|0|1|1|0|0|0|0|1|1|1|0|0|0|0|1|10602|19478|11766|21952|11706|2281|462|1940|168027792|86612.2639175258|0
"391336015022"|0|1|1|0|0|0|0|1|1|1|0|0|0|0|1|10602|19478|11766|21952|11706|2281|462|1940|168027792|86612.2639175258|0
"391336015023"|0|1|1|0|0|0|0|1|1|1|0|0|0|0|1|10602|19478|11766|21952|11706|2281|462|1940|168027792|86612.2639175258|0
"391336015033"|0|2|1|0|0|0|0|2|2|1|0|1|1|0|1|NA|NA|NA|NA|NA|2281|462|1940|168027792|NA|0
"391336018021"|0|0|1|0|0|1|0|1|1|1|0|0|1|0|0|NA|NA|10239|10239|NA|234|21|48|5736292|119506.083333333|0
"391390009001"|0|1|0|0|0|0|0|1|1|0|0|1|1|0|0|NA|NA|NA|NA|NA|0|0|0|0|NA|0
"391390009002"|0|1|0|0|0|0|0|1|1|0|0|1|1|0|0|NA|NA|NA|NA|NA|0|0|0|0|NA|0
"391390023001"|0|2|0|0|0|0|0|2|2|2|0|0|0|2|0|12464|38229|NA|NA|NA|157|61|158|9728724|129293.942154255|0
"391390024002"|0|2|0|0|0|0|0|2|2|0|0|2|2|0|0|NA|NA|NA|NA|NA|0|0|0|0|NA|0
"391390028002"|0|1|0|0|0|0|0|1|1|0|0|1|1|0|0|NA|NA|NA|NA|NA|0|0|0|0|NA|0
"391419556011"|0|1|0|0|0|0|0|1|1|0|0|1|1|0|0|NA|NA|NA|NA|NA|0|0|0|0|NA|0
"391419556012"|0|1|0|0|0|0|0|1|1|0|0|1|1|0|0|NA|NA|NA|NA|NA|0|0|0|0|NA|0
"391419556021"|0|1|0|0|0|0|0|1|1|0|0|1|1|0|0|NA|NA|NA|NA|NA|0|0|0|0|NA|0
"391419562001"|0|1|0|0|0|0|0|1|1|1|0|0|0|1|0|5674|8666|NA|NA|NA|31|12|80|5247370|65592.125|0
"391439616001"|0|2|0|0|0|0|0|2|2|1|1|1|1|1|0|NA|NA|NA|NA|NA|76|16|66|3652294|NA|0
"391450025003"|0|1|0|0|0|0|0|1|1|0|0|1|1|0|0|NA|NA|NA|NA|NA|0|0|0|0|NA|0
"391450034004"|0|1|0|0|0|0|0|1|1|0|0|1|1|0|0|NA|NA|NA|NA|NA|0|0|0|0|NA|0
"391450036001"|0|1|1|0|0|0|0|1|1|1|0|0|0|1|0|6376|13014|9227|21897|10862|207|77|274|16687818|60904.4452554744|0
"391450038002"|0|1|0|0|0|0|0|1|0|0|0|0|0|0|0|NA|NA|NA|NA|NA|0|0|0|0|NA|0
"391450038003"|0|1|0|0|0|0|0|1|0|0|0|0|0|0|0|NA|NA|NA|NA|NA|0|0|0|0|NA|0
"391479635004"|0|1|1|0|0|0|0|1|1|1|0|0|0|1|0|25710|25710|12600|12600|11550|207|96|142|9033868|63618.7887323944|0
"391479636002"|0|2|1|0|0|0|0|2|2|1|0|1|1|1|0|NA|NA|NA|NA|NA|193|77|128|7636788|NA|0
"391479636003"|0|1|0|0|0|0|0|1|1|0|0|1|1|0|0|NA|NA|NA|NA|NA|0|0|0|0|NA|0
"391517007002"|0|1|1|0|0|0|0|1|1|1|0|0|0|1|0|30800|30800|10980|10980|9800|134|64|152|8900790|58557.8289473684|0
"391517013001"|0|1|0|0|0|0|0|1|1|1|0|0|1|0|0|17850|17850|NA|NA|NA|36|2|28|1721782|61492.2142857143|0
"391517013002"|0|1|0|0|0|0|0|1|1|0|0|1|1|0|0|NA|NA|NA|NA|NA|0|0|0|0|NA|0
"391517107001"|0|2|1|0|0|0|0|2|2|1|0|1|1|1|0|NA|NA|NA|NA|NA|267|82|296|21984824|NA|0
"391517108004"|0|1|0|0|0|0|0|1|1|0|0|1|1|0|0|NA|NA|NA|NA|NA|0|0|0|0|NA|0
"391517108005"|0|1|0|0|0|0|0|1|1|0|0|1|1|0|0|NA|NA|NA|NA|NA|0|0|0|0|NA|0
"391517113213"|0|2|1|0|0|0|0|2|2|2|1|0|0|1|1|9035|21007|NA|NA|NA|329|89|570|38759866|137287.598623853|0
"391517113222"|0|1|0|0|0|0|0|1|1|1|1|0|1|0|0|NA|NA|NA|NA|NA|11|2|20|552784|27639.2|0
"391517122011"|0|1|1|0|0|0|0|1|1|1|0|0|0|1|0|29330|29330|12870|12870|10900|231|100|252|15758264|62532.7936507937|0
"391517122012"|0|1|0|0|0|0|0|1|1|0|0|1|1|0|0|NA|NA|NA|NA|NA|0|0|0|0|NA|0
"391535071012"|0|1|0|0|0|0|0|1|1|0|0|1|1|0|0|NA|NA|NA|NA|NA|0|0|0|0|NA|0
"391535089002"|0|1|1|0|0|0|0|1|1|1|0|0|0|0|1|9371|15500|8306|13812|12296|1234|376|1262|119118468|94388.6434231379|0
"391535201051"|0|1|0|0|0|0|0|1|1|1|1|0|1|0|0|13813|13813|NA|NA|NA|24|6|20|1249568|62478.4|0
"391535301045"|0|1|0|0|0|0|0|1|1|0|0|1|1|0|0|NA|NA|NA|NA|NA|0|0|0|0|NA|0
"391535314013"|0|1|0|0|0|0|0|1|1|0|0|1|1|0|0|NA|NA|NA|NA|NA|0|0|0|0|NA|0
"391535318021"|0|1|0|0|0|0|0|1|1|1|0|0|1|0|0|13320|13320|NA|NA|NA|13|3|22|1412232|64192.3636363636|0
"391535335012"|0|1|0|0|0|0|0|1|0|0|0|0|0|0|0|NA|NA|NA|NA|NA|0|0|0|0|NA|0
"391559308004"|0|2|1|0|0|0|0|2|2|1|0|1|1|1|0|NA|NA|NA|NA|NA|49|18|94|6810896|NA|0
"391559327013"|0|1|0|0|0|0|0|1|1|1|1|0|1|0|0|9962|9962|NA|NA|NA|11|1|20|652000|32600|0
"391559327014"|0|1|0|0|0|0|0|1|1|1|1|0|1|0|0|9962|9962|NA|NA|NA|11|1|20|652000|32600|0
"391559329001"|0|2|0|0|0|0|0|2|2|0|0|2|2|0|0|NA|NA|NA|NA|NA|0|0|0|0|NA|0
"391559330014"|0|2|0|0|0|0|0|2|2|0|0|2|2|0|0|NA|NA|NA|NA|NA|0|0|0|0|NA|0
"391570210003"|0|1|0|0|0|0|0|1|1|0|0|1|1|0|0|NA|NA|NA|NA|NA|0|0|0|0|NA|0
"391570210004"|0|1|0|0|0|0|0|1|1|1|0|0|0|1|0|5999|14875|NA|NA|NA|57|14|100|6518644|65186.44|0
"391610206002"|0|1|0|0|0|0|0|1|1|0|0|1|1|0|0|NA|NA|NA|NA|NA|0|0|0|0|NA|0
"391650308001"|0|1|0|0|0|0|0|1|1|0|0|1|1|0|0|NA|NA|NA|NA|NA|0|0|0|0|NA|0
"391650308002"|0|1|0|0|0|0|0|1|1|0|0|1|1|0|0|NA|NA|NA|NA|NA|0|0|0|0|NA|0
"391650314002"|0|1|0|0|0|0|0|1|1|0|0|1|1|0|0|NA|NA|NA|NA|NA|0|0|0|0|NA|0
"391670203001"|0|1|0|0|0|0|0|1|1|0|0|1|1|0|0|NA|NA|NA|NA|NA|0|0|0|0|NA|0
"391670205001"|0|1|0|0|0|0|0|1|1|0|0|1|1|0|0|NA|NA|NA|NA|NA|0|0|0|0|NA|0
"391670205002"|0|1|1|0|0|0|0|1|1|1|0|0|0|1|0|35030|35030|9480|9480|11320|248|96|226|15656044|69274.5309734513|0
"391670210003"|0|1|0|0|0|0|0|1|1|1|1|0|0|1|0|3576|3600|NA|NA|NA|56|19|96|5301798|55227.0625|0
"391690005004"|0|1|0|0|0|0|0|1|1|1|1|0|1|0|0|7638|28615|NA|NA|9424|46|23|48|4183258|87151.2083333333|0
"391690009002"|0|1|0|0|0|0|0|1|0|0|0|1|1|0|0|NA|NA|NA|NA|NA|0|0|0|0|NA|0
"391690010002"|0|1|0|0|0|0|0|1|1|1|1|0|0|1|0|5940|12613|NA|NA|NA|37|13|34|2587586|76105.4705882353|0
"391699800001"|0|1|0|0|0|0|0|1|1|1|0|0|0|1|0|51550|51550|NA|NA|12250|451|106|372|27699910|74462.123655914|0
"391730203003"|0|1|0|0|0|0|0|1|1|0|0|1|1|0|0|NA|NA|NA|NA|NA|0|0|0|0|NA|0
"391730204012"|0|1|0|0|0|0|0|1|1|0|0|1|1|0|0|NA|NA|NA|NA|NA|0|0|0|0|NA|0
"391730206011"|0|1|0|0|0|0|0|1|1|0|0|1|1|0|0|NA|NA|NA|NA|NA|0|0|0|0|NA|0
"391730207002"|0|1|0|0|0|0|0|1|1|1|1|0|0|1|0|4032|8064|NA|NA|NA|335|112|240|14243574|59348.225|0
"391730218001"|0|1|1|0|0|0|0|1|1|1|0|0|0|0|1|9278|17267|8017|14009|9168|1216|432|1520|130214352|85667.3368421053|0
"391730218002"|0|1|1|0|0|0|0|1|1|1|0|0|0|0|1|9278|17267|8017|14009|9168|1216|432|1520|130214352|85667.3368421053|0
"400137962003"|0|1|1|0|0|0|0|1|1|1|0|0|0|1|0|6240|14880|4716|10872|6958|273|91|246|16692800|67856.9105691057|0
"400137963001"|0|1|0|0|0|0|0|1|1|0|0|1|1|0|0|NA|NA|NA|NA|NA|0|0|0|0|NA|0
"400137963002"|0|1|0|0|0|0|0|1|1|0|0|1|1|0|0|NA|NA|NA|NA|NA|0|0|0|0|NA|0
"400151619002"|0|1|0|0|0|0|0|1|1|0|0|1|1|0|0|NA|NA|NA|NA|NA|0|0|0|0|NA|0
"400173002021"|0|1|0|0|0|0|0|1|1|0|0|1|0|1|0|NA|NA|NA|NA|NA|0|0|0|0|NA|0
"400173007004"|0|1|0|0|0|0|0|1|1|1|1|0|0|1|0|4645|7211|NA|NA|6710|67|23|62|3203108|51663.0322580645|0
"400173013001"|0|1|0|0|0|0|0|1|1|0|0|1|1|0|0|NA|NA|NA|NA|NA|0|0|0|0|NA|0
"400198928004"|0|1|0|0|0|0|0|1|1|0|0|1|1|0|0|NA|NA|NA|NA|NA|0|0|0|0|NA|0
"400198930002"|0|1|0|0|0|0|0|1|1|0|0|1|1|0|0|NA|NA|NA|NA|NA|0|0|0|0|NA|0
"400219779003"|0|1|1|0|0|0|0|1|1|1|0|0|0|1|0|5913|14313|4500|9999|8074|555|180|568|38357670|67531.1091549296|0
"400219780001"|0|1|1|0|0|0|0|1|1|1|0|0|0|1|0|5913|14313|4500|9999|8074|555|180|568|38357670|67531.1091549296|0
"400219781001"|0|1|0|0|0|0|0|1|1|0|0|1|1|0|0|NA|NA|NA|NA|NA|0|0|0|0|NA|0
"400272012011"|0|1|1|0|0|0|0|1|1|1|0|0|0|0|1|4788|20169|6583|21242|10994|4233|982|2598|253867872|97716.6558891455|0
"400272012021"|0|1|1|0|0|0|0|1|1|1|0|0|0|0|1|4788|20169|6583|21242|10994|4233|982|2598|253867872|97716.6558891455|0
"400272015091"|0|1|0|0|0|0|0|1|1|0|0|1|0|1|0|NA|NA|NA|NA|NA|0|0|0|0|NA|0
"400272016101"|0|1|1|0|0|0|0|1|1|1|0|0|0|1|0|17568|17568|11124|11124|8166|135|34|64|3200564|50008.8125|0
"400272021022"|0|1|0|0|0|0|0|1|1|1|1|0|1|0|0|NA|NA|NA|NA|NA|13|1|34|1139424|33512.4705882353|0
"400272022061"|0|1|1|0|0|0|0|1|1|1|0|0|1|0|0|11200|11200|8550|8550|8008|21|3|30|1013292|33776.4|0
"400310005023"|0|1|0|0|0|0|0|1|1|0|0|1|1|0|0|NA|NA|NA|NA|NA|0|0|0|0|NA|0
"400310014002"|0|1|1|0|0|0|0|1|1|1|0|0|0|1|0|4740|14160|3564|10278|5452|269|102|270|15738080|58289.1851851852|0
"400310025002"|0|2|0|0|0|0|0|2|2|0|0|2|2|0|0|NA|NA|NA|NA|NA|0|0|0|0|NA|0
"400370208001"|0|1|0|0|0|0|0|1|1|0|0|1|0|1|0|NA|NA|NA|NA|NA|0|0|0|0|NA|0
"400370208002"|0|1|0|0|0|0|0|1|1|0|0|1|0|1|0|NA|NA|NA|NA|NA|0|0|0|0|NA|0
"400399606002"|0|1|1|0|0|0|0|1|1|1|0|0|0|1|0|6150|13050|6084|12564|6030|314|84|410|28254504|68913.4243902439|0
"400399606004"|0|1|1|0|0|0|0|1|1|1|0|0|0|1|0|6150|13050|6084|12564|6030|314|84|410|28254504|68913.4243902439|0
"400413761002"|0|1|0|0|0|0|0|1|1|0|0|1|1|0|0|NA|NA|NA|NA|NA|0|0|0|0|NA|0
"400419762002"|0|1|0|0|0|0|0|1|1|0|0|1|1|0|0|NA|NA|NA|NA|NA|0|0|0|0|NA|0
"400470013004"|0|1|0|0|0|0|0|1|1|0|0|1|1|0|0|NA|NA|NA|NA|NA|0|0|0|0|NA|0
"400470014021"|0|1|0|0|0|0|0|1|1|0|0|1|1|0|0|NA|NA|NA|NA|NA|0|0|0|0|NA|0
"400510005003"|0|1|0|0|0|0|0|1|1|1|0|0|1|0|0|6390|17250|NA|NA|6030|88|37|98|5227980|53346.7346938776|0
"400634846002"|0|1|0|0|0|0|0|1|1|0|0|1|1|0|0|NA|NA|NA|NA|NA|0|0|0|0|NA|0
"400659684001"|0|2|0|0|0|0|0|2|2|1|1|1|1|1|0|NA|NA|NA|NA|NA|60|17|50|2364920|NA|0
"400696602001"|0|1|0|0|0|0|0|1|1|1|1|0|0|1|0|5290|11440|NA|NA|6620|90|47|112|5398688|48202.5714285714|0
"400696602003"|0|1|0|0|0|0|0|1|1|1|1|0|0|1|0|5290|11440|NA|NA|6620|90|47|112|5398688|48202.5714285714|0
"400696602004"|0|1|0|0|0|0|0|1|1|1|1|0|0|1|0|5290|11440|NA|NA|6620|90|47|112|5398688|48202.5714285714|0
"400696603002"|0|1|0|0|0|0|0|1|1|1|1|0|0|1|0|5290|11440|NA|NA|6620|90|47|112|5398688|48202.5714285714|0
"400710001006"|0|1|0|0|0|0|0|1|1|0|0|1|1|0|0|NA|NA|NA|NA|NA|0|0|0|0|NA|0
"400710002022"|0|1|0|0|0|0|0|1|1|0|0|1|1|0|0|NA|NA|NA|NA|NA|0|0|0|0|NA|0
"400710002023"|0|1|0|0|0|0|0|1|1|0|0|1|1|0|0|NA|NA|NA|NA|NA|0|0|0|0|NA|0
"400710011001"|0|1|0|0|0|0|0|1|1|1|1|0|0|1|0|2424|7824|NA|NA|6280|148|40|200|10296060|51480.3|0
"400739582001"|0|1|0|0|0|0|0|1|1|0|0|1|1|0|0|NA|NA|NA|NA|NA|0|0|0|0|NA|0
"400770872001"|0|1|0|0|0|0|0|1|1|1|1|0|0|1|0|3298|6915|NA|NA|5917|128|45|82|3763316|45894.0975609756|0
"400770872003"|0|1|0|0|0|0|0|1|1|1|1|0|0|1|0|3298|6915|NA|NA|5917|128|45|82|3763316|45894.0975609756|0
"400790404021"|0|1|0|0|0|0|0|1|1|1|1|0|0|1|0|2737|6862|NA|NA|4000|133|65|96|4315906|44957.3541666667|0
"400790404023"|0|1|0|0|0|0|0|1|1|1|1|0|0|1|0|2737|6862|NA|NA|4000|133|65|96|4315906|44957.3541666667|0
"400836005001"|0|1|1|1|0|0|0|1|1|1|0|0|0|1|0|4236|11655|3273|8374|10446|198|84|244|14442732|59191.5245901639|0
"400836006001"|0|1|1|1|0|0|0|1|1|1|0|0|0|1|0|4236|11655|3273|8374|10446|198|84|244|14442732|59191.5245901639|0
"400874002011"|0|1|0|0|0|0|0|1|1|0|0|1|1|0|0|NA|NA|NA|NA|NA|0|0|0|0|NA|0
"400874002013"|0|1|0|0|0|0|0|1|1|0|0|1|1|0|0|NA|NA|NA|NA|NA|0|0|0|0|NA|0
"400874002022"|0|1|0|0|0|0|0|1|1|0|0|1|1|0|0|NA|NA|NA|NA|NA|0|0|0|0|NA|0
"400874003005"|0|1|0|0|0|0|0|1|1|0|0|1|1|0|0|NA|NA|NA|NA|NA|0|0|0|0|NA|0
"400890986005"|0|1|0|0|0|0|0|1|1|0|0|1|1|0|0|NA|NA|NA|NA|NA|0|0|0|0|NA|0
"400939553002"|0|1|0|0|0|0|0|1|0|0|0|0|0|0|0|NA|NA|NA|NA|NA|0|0|0|0|NA|0
"400970401001"|0|1|0|0|0|0|0|1|1|0|0|0|0|0|0|NA|NA|NA|NA|NA|0|0|0|0|NA|0
"400970401004"|0|1|0|0|0|0|0|1|1|0|0|1|0|0|0|NA|NA|NA|NA|NA|0|0|0|0|NA|0
"400970403001"|0|1|0|0|0|0|0|1|1|0|0|1|1|0|0|NA|NA|NA|NA|NA|0|0|0|0|NA|0
"400970403002"|0|1|0|0|0|0|0|1|1|0|0|1|1|0|0|NA|NA|NA|NA|NA|0|0|0|0|NA|0
"401010004002"|0|1|0|0|0|0|0|1|1|0|0|1|1|0|0|NA|NA|NA|NA|NA|0|0|0|0|NA|0
"401010008021"|0|1|0|0|0|0|0|1|1|1|0|0|1|0|0|12000|12000|NA|NA|8600|29|9|28|1498780|53527.8571428571|0
"401010013005"|0|1|0|0|0|0|0|1|1|0|0|1|0|1|0|NA|NA|NA|NA|NA|0|0|0|0|NA|0
"401010015003"|0|1|0|0|0|0|0|1|1|1|1|0|0|1|0|2352|6162|NA|NA|7628|61|22|94|4378902|46584.0638297872|0
"401091010002"|0|1|1|0|0|0|0|1|1|1|0|0|0|1|0|28094|28094|10620|10620|9236|325|151|398|26995310|67827.4120603015|0
"401091010004"|0|1|1|0|0|0|0|1|1|1|0|0|0|1|0|28094|28094|10620|10620|9236|325|151|398|26995310|67827.4120603015|0
"401091026001"|0|1|1|0|0|1|0|1|1|1|0|0|0|1|0|4788|20169|5119|19778|NA|1313|278|496|49021630|98833.9314516129|0
"401091027001"|0|1|1|0|0|1|0|1|1|1|0|0|0|1|0|4788|20169|5119|19778|NA|1313|278|496|49021630|98833.9314516129|0
"401091052021"|0|1|0|0|0|0|0|1|1|0|0|1|0|1|0|NA|NA|NA|NA|NA|0|0|0|0|NA|0
"401091068013"|0|1|1|0|0|0|0|1|1|1|0|0|0|1|0|24570|24570|20772|20772|9968|200|83|124|6988748|56360.8709677419|0
"401091068014"|0|1|1|0|0|0|0|1|1|1|0|0|0|1|0|24570|24570|20772|20772|9968|200|83|124|6988748|56360.8709677419|0
"401091070021"|0|1|0|0|0|0|0|1|1|1|0|0|0|1|0|3630|9468|NA|NA|NA|192|71|152|8567362|56364.2236842105|0
"401091072124"|0|1|0|0|0|0|0|1|1|1|1|0|0|0|1|3025|8776|NA|NA|NA|297|66|240|12247840|51032.6666666667|0
"401091072221"|0|1|0|0|0|0|0|1|1|0|0|1|1|0|0|NA|NA|NA|NA|NA|0|0|0|0|NA|0
"401091076011"|0|1|0|0|0|0|0|1|1|1|1|0|0|1|0|3614|9990|NA|NA|9573|211|102|264|13348526|50562.5984848485|0
"401091077072"|0|1|0|0|0|0|0|1|1|0|0|1|1|0|0|NA|NA|NA|NA|NA|0|0|0|0|NA|0
"401091082071"|0|1|1|0|0|0|0|1|1|1|0|0|0|0|1|6686|17573|7000|17008|8130|881|372|1094|75986518|69457.5118829982|0
"401091082072"|0|1|1|0|0|0|0|1|1|1|0|0|0|0|1|6686|17573|7000|17008|8130|881|372|1094|75986518|69457.5118829982|0
"401091083033"|0|1|1|0|0|0|0|1|1|1|0|0|0|1|0|23450|23450|11250|11250|8550|192|67|190|11850948|62373.4105263158|0
"401091083071"|0|1|0|0|0|0|0|1|1|0|0|1|1|0|0|NA|NA|NA|NA|NA|0|0|0|0|NA|0
"401091083153"|0|2|0|0|0|0|0|2|2|2|2|0|2|0|0|NA|NA|NA|NA|NA|35|5|58|2308810|77679.3125|0
"401091085281"|0|1|0|0|0|0|0|1|1|0|0|1|0|1|0|NA|NA|NA|NA|NA|0|0|0|0|NA|0
"401091088043"|0|1|0|0|0|0|0|1|1|0|0|1|1|0|0|NA|NA|NA|NA|NA|0|0|0|0|NA|0
"401110001002"|0|3|0|0|0|0|1|3|3|2|1|1|2|1|0|NA|NA|NA|NA|NA|256|68|204|11463820|NA|0
"401155743003"|0|1|0|0|0|0|0|1|1|1|1|0|0|1|0|2970|9120|NA|NA|6350|105|56|110|5417714|49251.9454545455|0
"401155746002"|0|1|0|0|0|0|0|1|1|1|1|0|0|1|0|2970|9120|NA|NA|6350|105|56|110|5417714|49251.9454545455|0
"401155748001"|0|1|0|0|0|0|0|1|1|0|0|1|1|0|0|NA|NA|NA|NA|NA|0|0|0|0|NA|0
"401190104002"|0|1|1|0|0|1|0|1|1|1|0|0|0|0|1|5366|20877|5531|21034|9150|3770|1339|2490|222518346|89364.7975903614|0
"401190109003"|0|1|0|0|0|0|0|1|1|0|0|1|0|1|0|NA|NA|NA|NA|NA|0|0|0|0|NA|0
"401214861005"|0|1|0|0|0|0|0|1|1|0|0|1|1|0|0|NA|NA|NA|NA|NA|0|0|0|0|NA|0
"401214865001"|0|1|0|0|0|0|0|1|1|0|0|1|1|0|0|NA|NA|NA|NA|NA|0|0|0|0|NA|0
"401230889002"|0|1|1|0|0|0|0|1|1|1|0|0|0|1|0|5648|15008|4298|10726|6848|281|119|264|15623088|59178.3636363636|0
"401230890003"|0|1|0|0|0|0|0|1|1|0|0|1|1|0|0|NA|NA|NA|NA|NA|0|0|0|0|NA|0
"401255005002"|0|1|1|0|0|0|0|1|1|1|0|0|0|1|0|26584|26584|9900|9900|7748|191|81|222|13791316|62123.045045045|0
"401255006003"|0|1|0|0|0|0|0|1|1|0|0|1|1|0|0|NA|NA|NA|NA|NA|0|0|0|0|NA|0
"401255009001"|0|1|1|0|0|0|0|1|1|1|0|0|1|0|0|6300|6300|6600|6600|9176|5|0|2|21900|10950|0
"401255009002"|0|1|0|0|0|0|0|1|1|0|0|1|1|0|0|NA|NA|NA|NA|NA|0|0|0|0|NA|0
"401310501042"|0|1|1|0|0|0|0|1|1|1|0|0|0|1|0|4560|12900|4980|13470|9814|197|91|194|11278086|58134.4639175258|0
"401310501051"|0|1|0|0|0|0|0|1|1|0|0|1|1|0|0|NA|NA|NA|NA|NA|0|0|0|0|NA|0
"401310501052"|0|1|1|0|0|0|0|1|1|1|0|0|0|1|0|4560|12900|4980|13470|9814|197|91|194|11278086|58134.4639175258|0
"401310501053"|0|1|1|0|0|0|0|1|1|1|0|0|0|1|0|4560|12900|4980|13470|9814|197|91|194|11278086|58134.4639175258|0
"401310506042"|0|1|0|0|0|0|0|1|1|0|0|1|1|0|0|NA|NA|NA|NA|NA|0|0|0|0|NA|0
"401335834001"|0|1|0|0|0|0|0|1|1|1|1|0|0|1|0|3120|9360|NA|NA|7070|85|44|88|4042876|45941.7727272727|0
"401370001021"|0|1|0|0|0|0|0|1|1|0|0|1|1|0|0|NA|NA|NA|NA|NA|0|0|0|0|NA|0
"401399507002"|0|1|0|0|0|0|0|1|1|1|0|0|0|1|0|3696|4440|NA|NA|5822|70|31|90|4036872|44854.1333333333|0
"401399507003"|0|1|0|0|0|0|0|1|1|1|0|0|0|1|0|3696|4440|NA|NA|5822|70|31|90|4036872|44854.1333333333|0
"401430021001"|0|2|1|0|0|0|0|2|2|2|1|0|1|1|0|NA|NA|NA|NA|NA|891|353|720|65014042|153533.970828832|0
"401430021002"|0|1|0|0|0|0|0|1|1|1|1|0|1|0|0|NA|NA|NA|NA|NA|35|11|38|2342318|61639.9473684211|0
"401430046001"|0|0|1|0|1|1|0|1|1|1|0|0|0|1|0|NA|NA|5530|21033|NA|0|0|0|0|NA|0
"401430058014"|0|0|1|0|0|0|0|1|1|1|0|0|1|0|0|NA|NA|11520|11520|NA|24|5|26|2293378|88206.8461538462|0
"401430058053"|0|0|1|0|0|0|0|1|1|1|0|0|1|0|0|NA|NA|11520|11520|NA|24|5|26|2293378|88206.8461538462|0
"401430059001"|0|0|1|0|0|0|0|1|1|1|0|0|1|0|0|NA|NA|11520|11520|NA|24|5|26|2293378|88206.8461538462|0
"401430067032"|0|1|0|0|0|0|0|1|1|0|0|1|1|0|0|NA|NA|NA|NA|NA|0|0|0|0|NA|0
"401430067033"|0|1|0|0|0|0|0|1|1|0|0|1|1|0|0|NA|NA|NA|NA|NA|0|0|0|0|NA|0
"401430070002"|0|1|0|0|0|0|0|1|1|1|1|0|0|0|1|2701|8101|NA|NA|NA|626|250|574|37699028|65677.7491289199|0
"401430073122"|0|1|0|0|0|0|0|1|1|0|0|1|1|0|0|NA|NA|NA|NA|NA|0|0|0|0|NA|0
"401430074111"|0|1|0|0|0|0|0|1|1|0|0|1|1|0|0|NA|NA|NA|NA|NA|0|0|0|0|NA|0
"401430074112"|0|1|0|0|0|0|0|1|1|0|0|1|1|0|0|NA|NA|NA|NA|NA|0|0|0|0|NA|0
"401430074151"|0|1|0|0|0|0|0|1|0|0|0|0|0|0|0|NA|NA|NA|NA|NA|0|0|0|0|NA|0
"401430076121"|0|1|1|0|0|0|0|1|1|1|0|0|0|1|0|28998|28998|12960|12960|8450|435|213|322|21460290|66646.8633540373|0
"401430076201"|0|1|0|0|0|0|0|1|1|1|0|0|1|0|0|15000|15000|NA|NA|NA|0|0|0|0|NA|0
"401430082001"|0|1|1|0|0|0|0|2|2|2|0|0|2|0|0|NA|NA|NA|NA|NA|132|17|302|12904560|126653.157748049|0
"401430083001"|0|1|1|0|0|0|0|2|2|2|0|0|2|0|0|NA|NA|NA|NA|NA|132|17|302|12904560|126653.157748049|0
"401430085024"|0|3|0|0|0|0|0|3|3|1|1|2|2|1|0|NA|NA|NA|NA|NA|17|2|22|811824|NA|0
"401430086001"|0|2|0|0|0|0|0|2|2|2|2|0|2|0|0|NA|NA|NA|NA|NA|33|5|72|3002016|92465.1964285714|0
"401430089003"|0|0|1|0|0|0|0|1|1|1|0|0|1|0|0|NA|NA|11520|11520|NA|24|5|26|2293378|88206.8461538462|0
"401430090081"|0|1|0|0|0|0|0|1|1|0|0|1|1|0|0|NA|NA|NA|NA|NA|0|0|0|0|NA|0
"401430090082"|0|1|0|0|0|0|0|1|1|0|0|1|1|0|0|NA|NA|NA|NA|NA|0|0|0|0|NA|0
"401470007003"|0|1|1|0|0|0|0|1|1|1|0|0|0|1|0|26496|26496|9540|9540|8470|118|35|66|3197010|48439.5454545455|0
"401470008004"|0|1|1|0|0|0|0|1|1|1|0|0|0|1|0|26496|26496|9540|9540|8470|118|35|66|3197010|48439.5454545455|0
"401499649003"|0|1|0|0|0|0|0|1|1|0|0|1|1|0|0|NA|NA|NA|NA|NA|0|0|0|0|NA|0
"401519542001"|0|2|1|0|0|0|0|2|2|1|0|1|1|1|0|NA|NA|NA|NA|NA|144|57|182|10990792|NA|0
"401519542004"|0|2|1|0|0|0|0|2|2|1|0|1|1|1|0|NA|NA|NA|NA|NA|144|57|182|10990792|NA|0
"401539533003"|0|1|0|0|0|0|0|1|1|0|0|1|1|0|0|NA|NA|NA|NA|NA|0|0|0|0|NA|0
"401539535003"|0|1|0|0|0|0|0|1|1|0|0|1|1|0|0|NA|NA|NA|NA|NA|0|0|0|0|NA|0
"410030002022"|0|1|0|0|0|0|0|1|1|0|0|1|1|0|0|NA|NA|NA|NA|NA|0|0|0|0|NA|0
"410030106003"|0|1|1|0|0|1|0|1|1|1|0|0|0|0|1|9846|29445|12933|24975|12306|4480|914|2782|268704114|96586.66930266|0
"410030106004"|0|1|1|0|0|1|0|1|1|1|0|0|0|0|1|9846|29445|12933|24975|12306|4480|914|2782|268704114|96586.66930266|0
"410030109002"|0|1|0|0|0|0|0|1|1|0|0|1|1|0|0|NA|NA|NA|NA|NA|0|0|0|0|NA|0
"410050212001"|0|1|1|0|0|0|0|1|1|1|0|0|0|1|0|52346|52346|17046|17046|13008|372|118|432|39356884|91103.8981481481|0
"410050222013"|0|2|0|0|0|0|0|2|2|0|0|2|2|0|0|NA|NA|NA|NA|NA|0|0|0|0|NA|0
"410050226031"|0|1|0|0|0|0|0|1|1|1|1|0|0|1|0|4635|12330|NA|NA|NA|249|70|268|22354126|83410.9179104478|0
"410079503004"|0|1|0|0|0|0|0|1|1|1|1|0|1|0|0|3780|7560|NA|NA|NA|75|27|56|4140466|73936.8928571429|0
"410079504001"|0|1|0|0|0|0|0|1|1|1|1|0|1|0|0|3780|7560|NA|NA|NA|75|27|56|4140466|73936.8928571429|0
"410079509005"|0|1|0|0|0|0|0|1|1|0|0|1|1|0|0|NA|NA|NA|NA|NA|0|0|0|0|NA|0
"410079511002"|0|1|0|0|0|0|0|1|1|0|0|1|1|0|0|NA|NA|NA|NA|NA|0|0|0|0|NA|0
"410079511003"|0|1|0|0|0|0|0|1|1|0|0|1|1|0|0|NA|NA|NA|NA|NA|0|0|0|0|NA|0
"410079511004"|0|1|0|0|0|0|0|1|1|0|0|1|1|0|0|NA|NA|NA|NA|NA|0|0|0|0|NA|0
"410110004004"|0|1|0|0|0|0|0|1|1|1|1|0|0|1|0|4250|4250|NA|NA|7476|157|57|102|6100652|59810.3137254902|0
"410110005032"|0|1|0|0|0|0|0|1|1|1|1|0|0|1|0|4250|4250|NA|NA|7476|157|57|102|6100652|59810.3137254902|0
"410170013001"|0|2|0|0|0|0|0|2|2|1|1|1|1|1|0|NA|NA|NA|NA|NA|205|62|256|17681368|NA|0
"410170013002"|0|1|0|0|0|0|0|1|1|1|1|0|0|1|0|5346|11124|NA|NA|11511|205|62|256|17681368|69067.84375|0
"410170013003"|0|1|0|0|0|0|0|1|1|1|1|0|0|1|0|5346|11124|NA|NA|11511|205|62|256|17681368|69067.84375|0
"410170014001"|0|1|1|0|0|0|0|1|1|1|0|0|0|1|0|9525|29445|12993|24975|12306|0|0|0|0|NA|0
"410170014002"|0|1|1|0|0|0|0|1|1|1|0|0|0|1|0|9525|29445|12993|24975|12306|0|0|0|0|NA|0
"410170018004"|0|1|0|0|0|0|0|1|1|0|0|1|1|0|0|NA|NA|NA|NA|NA|0|0|0|0|NA|0
"410190900001"|0|1|0|0|0|0|0|1|1|1|1|0|0|1|0|3939|4563|NA|NA|NA|146|50|122|7834578|64217.8524590164|0
"410190900003"|0|1|0|0|0|0|0|1|1|1|1|0|0|1|0|3939|4563|NA|NA|NA|146|50|122|7834578|64217.8524590164|0
"410190900004"|0|1|0|0|0|0|0|1|1|1|1|0|0|1|0|3939|4563|NA|NA|NA|146|50|122|7834578|64217.8524590164|0
"410290001002"|0|1|0|0|0|0|0|1|1|1|1|0|1|0|0|3960|3960|NA|NA|NA|2|0|0|0|NA|0
"410290003002"|0|1|0|0|0|0|0|1|1|0|0|1|1|0|0|NA|NA|NA|NA|NA|0|0|0|0|NA|0
"410290004061"|0|1|0|0|0|0|0|1|1|0|0|1|1|0|0|NA|NA|NA|NA|NA|0|0|0|0|NA|0
"410290012001"|0|1|0|0|0|0|0|1|1|0|0|1|1|0|0|NA|NA|NA|NA|NA|0|0|0|0|NA|0
"410290019002"|0|1|1|0|0|0|0|1|1|1|0|0|0|1|0|8505|24840|17028|20340|14589|352|54|290|23923846|82496.0206896552|0
"410290022003"|0|1|1|0|0|0|0|1|1|1|0|0|0|1|0|8505|24840|17028|20340|14589|352|54|290|23923846|82496.0206896552|0
"410333605004"|0|1|0|0|0|0|0|1|1|0|0|1|1|0|0|NA|NA|NA|NA|NA|0|0|0|0|NA|0
"410359713006"|0|1|0|0|0|0|0|1|1|1|1|0|0|1|0|3708|6282|NA|NA|NA|90|16|70|4356630|62237.5714285714|0
"410359717004"|0|1|0|0|0|0|0|1|1|0|0|1|1|0|0|NA|NA|NA|NA|NA|0|0|0|0|NA|0
"410359720003"|0|1|1|0|0|0|0|1|1|1|0|0|0|1|0|8775|27927|12108|20325|9756|261|62|328|23815520|72608.2926829268|0
"410390011011"|0|1|0|0|0|0|0|1|1|1|1|0|0|1|0|4248|9882|NA|NA|10548|360|70|380|29635618|77988.4684210526|0
"410390021022"|0|1|0|0|0|0|0|1|1|0|0|1|1|0|0|NA|NA|NA|NA|NA|0|0|0|0|NA|0
"410390036002"|0|1|0|0|0|0|0|1|1|1|1|0|0|1|0|4248|9882|NA|NA|10548|360|70|380|29635618|77988.4684210526|0
"410390037001"|0|1|1|0|0|0|0|1|1|1|0|0|0|0|1|10440|34335|14958|26811|12400|3828|798|2304|218155866|94685.7057291667|0
"410390037002"|0|1|1|0|0|0|0|1|1|1|0|0|0|0|1|10440|34335|14958|26811|12400|3828|798|2304|218155866|94685.7057291667|0
"410390038002"|0|1|1|0|0|0|0|1|1|1|0|0|1|0|0|31200|31200|17400|17400|9700|81|30|56|2927604|52278.6428571429|0
"410390044053"|0|1|0|0|0|0|0|1|1|1|0|0|1|0|0|14950|14950|NA|NA|6300|10|2|16|520000|32500|0
"410419512002"|0|1|0|0|0|0|0|1|1|1|1|0|1|0|0|4140|8064|NA|NA|NA|33|11|20|1133588|56679.4|0
"410419901000"|0|1|0|0|0|0|0|1|1|1|1|0|1|0|0|4140|8064|NA|NA|NA|33|11|20|1133588|56679.4|0
"410430202001"|0|1|0|0|0|0|0|1|1|1|1|0|0|1|0|4765|11928|NA|NA|NA|289|82|260|20635120|79365.8461538462|0
"410459703002"|0|1|0|0|0|0|0|1|1|1|1|0|0|1|0|4280|4677|NA|NA|7373|100|19|78|5467600|70097.4358974359|0
"410470002002"|0|1|0|0|0|0|0|1|1|0|0|1|1|0|0|NA|NA|NA|NA|NA|0|0|0|0|NA|0
"410470002003"|0|1|1|0|0|0|0|1|1|1|0|0|0|1|0|51750|51750|43375|43375|12938|347|99|356|35889284|100812.595505618|0
"410470016025"|0|1|0|0|0|0|0|1|1|1|1|0|0|1|0|4095|11520|NA|NA|NA|445|115|384|30943458|80581.921875|0
"410470016042"|0|1|0|0|0|0|0|1|1|0|0|1|1|0|0|NA|NA|NA|NA|NA|0|0|0|0|NA|0
"410470016044"|0|1|0|0|0|0|0|1|1|0|0|1|1|0|0|NA|NA|NA|NA|NA|0|0|0|0|NA|0
"410470017012"|0|2|0|0|0|0|0|2|2|0|0|2|2|0|0|NA|NA|NA|NA|NA|0|0|0|0|NA|0
"410470018012"|0|1|1|0|0|0|0|1|1|1|0|0|0|1|0|32380|32380|9730|9730|10616|97|42|96|6059044|63115.0416666667|0
"410470018032"|0|1|1|0|0|0|0|1|1|1|0|0|0|1|0|32380|32380|9730|9730|10616|97|42|96|6059044|63115.0416666667|0
"410470104005"|0|1|1|0|0|0|0|1|1|1|0|0|1|0|0|16410|16410|16410|16410|13232|21|5|26|1724544|66328.6153846154|0
"410510003012"|0|1|1|0|0|0|0|1|1|1|0|0|0|1|0|58130|58130|NA|NA|14620|341|72|350|34104996|97442.8457142857|0
"410510015001"|0|0|1|0|0|0|0|1|1|1|0|0|1|0|0|NA|NA|14400|14400|NA|54|21|38|2587350|68088.1578947368|0
"410510016014"|0|1|1|0|0|0|0|1|1|1|0|0|1|0|0|18000|18000|8640|8640|10020|65|22|54|3318896|61461.037037037|0
"410510017021"|0|1|1|0|0|0|0|1|1|1|0|0|1|0|0|26440|26440|13440|13440|10000|118|61|54|3367412|62359.4814814815|0
"410510021001"|0|3|0|0|0|0|0|3|3|1|1|2|3|0|0|NA|NA|NA|NA|NA|33|11|32|1948876|NA|0
"410510024023"|0|2|0|0|0|0|0|2|2|0|0|2|2|0|0|NA|NA|NA|NA|NA|0|0|0|0|NA|0
"410510036021"|0|1|0|0|0|0|0|1|1|1|1|0|1|0|0|NA|NA|NA|NA|NA|16|3|28|1400000|50000|0
"410510036022"|0|1|1|0|0|0|0|1|1|1|0|0|0|1|0|31580|31580|20910|20910|9630|275|81|148|11072342|74813.1216216216|0
"410510036031"|0|1|0|0|0|0|0|1|1|1|1|0|1|0|0|NA|NA|NA|NA|NA|16|3|28|1400000|50000|0
"410510040021"|0|1|1|0|0|0|0|1|1|1|0|0|0|1|0|47478|47478|23868|23868|13684|513|188|552|44880854|81305.8949275362|0
"410510049001"|0|1|0|0|0|0|0|1|1|1|0|0|1|0|0|43560|43560|NA|NA|NA|0|0|0|0|NA|0
"410510050001"|0|1|0|0|0|0|0|1|1|0|0|1|1|0|0|NA|NA|NA|NA|NA|0|0|0|0|NA|0
"410510051001"|0|1|1|0|0|0|0|1|1|1|0|0|1|0|0|39375|39375|33629|33629|13363|78|7|50|2549630|50992.6|0
"410510051002"|0|0|1|0|0|0|0|1|1|1|0|0|1|0|0|NA|NA|25000|25000|NA|29|7|10|617174|61717.4|0
"410510056003"|0|1|1|0|0|0|0|1|1|1|0|0|0|0|1|6462|21528|11718|17847|13611|1663|422|1528|139865316|91534.8926701571|0
"410510056004"|0|1|0|0|0|0|0|1|1|0|0|1|1|0|0|NA|NA|NA|NA|NA|0|0|0|0|NA|0
"410510057001"|0|1|1|0|1|0|0|1|1|1|0|0|1|0|0|10397|10397|15837|15837|NA|107|16|58|4199628|72407.3793103448|0
"410510057003"|0|1|1|0|1|0|0|1|1|1|0|0|1|0|0|10397|10397|15837|15837|NA|107|16|58|4199628|72407.3793103448|0
"410510058001"|0|1|1|0|0|0|0|1|1|1|0|0|0|0|1|6462|21528|11718|17847|13611|1663|422|1528|139865316|91534.8926701571|0
"410510058002"|0|1|1|0|1|1|0|1|1|1|0|0|0|1|0|14220|26028|20412|20412|NA|3519|344|686|86181390|125628.848396501|0
"410510059001"|0|1|0|0|0|0|0|1|1|0|0|1|1|0|0|11750|11750|NA|NA|NA|0|0|0|0|NA|0
"410510059003"|0|1|1|0|0|0|0|1|1|1|0|0|1|0|0|8280|8280|9720|9720|NA|32|6|24|1272426|53017.75|0
"410510063001"|0|1|1|0|0|0|0|1|1|1|0|0|0|1|0|52346|52346|17046|17046|13008|372|118|432|39356884|91103.8981481481|0
"410510064042"|0|1|0|0|0|0|0|1|1|1|1|0|0|0|1|4176|9036|NA|NA|NA|1165|485|802|59455666|74134.246882793|0
"410510072021"|0|1|0|0|0|0|0|1|1|1|1|0|1|0|0|NA|NA|NA|NA|NA|16|3|28|1400000|50000|0
"410510073001"|0|1|0|0|0|0|0|1|1|1|1|0|1|0|0|NA|NA|NA|NA|NA|16|3|28|1400000|50000|0
"410510074002"|0|1|0|0|0|0|0|1|1|1|1|0|1|0|0|NA|NA|NA|NA|NA|16|3|28|1400000|50000|0
"410510079001"|0|1|0|0|0|0|0|1|1|1|1|0|1|0|0|NA|NA|NA|NA|NA|16|3|28|1400000|50000|0
"410510083021"|0|1|1|0|0|0|0|1|1|1|0|0|1|0|0|12000|12000|12960|12960|NA|11|7|0|0|NA|0
"410510085001"|0|1|0|0|0|0|0|1|1|1|0|0|1|0|0|22230|22230|NA|NA|NA|5|2|0|0|NA|0
"410510090002"|0|1|0|0|0|0|0|1|1|1|0|0|1|0|0|22230|22230|NA|NA|NA|5|2|0|0|NA|0
"410510094004"|0|1|1|0|1|0|0|1|1|1|0|0|0|1|0|NA|NA|9450|9450|NA|122|15|72|5861826|81414.25|0
"410510104072"|0|1|0|0|0|0|0|1|1|1|1|0|0|1|0|4140|8388|NA|NA|NA|228|76|308|26951402|87504.5519480519|0
"410510106001"|0|1|0|0|0|0|0|1|1|0|0|1|1|0|0|NA|NA|NA|NA|NA|0|0|0|0|NA|0
"410510106003"|0|1|0|0|0|0|0|1|1|0|0|1|1|0|0|NA|NA|NA|NA|NA|0|0|0|0|NA|0
"410530051001"|0|1|0|0|0|0|0|1|1|0|0|1|1|0|0|NA|NA|NA|NA|NA|0|0|0|0|NA|0
"410530052013"|0|1|0|0|0|0|0|1|1|0|0|1|1|0|0|NA|NA|NA|NA|NA|0|0|0|0|NA|0
"410530052022"|0|1|0|0|0|0|0|1|1|0|0|1|1|0|0|NA|NA|NA|NA|NA|0|0|0|0|NA|0
"410530203025"|0|1|1|0|0|0|0|1|1|1|0|0|0|1|0|7920|25830|15300|23344|10389|472|90|592|37881766|63989.4695945946|0
"410530203031"|0|1|1|0|0|0|0|1|1|1|0|0|0|1|0|7920|25830|15300|23344|10389|472|90|592|37881766|63989.4695945946|0
"410579604005"|0|1|0|0|0|0|0|1|1|1|1|0|1|0|0|3600|4320|NA|NA|NA|31|9|20|1278052|63902.6|0
"410599504002"|0|1|0|0|0|0|0|1|1|1|1|0|0|1|0|4860|7290|NA|NA|NA|114|39|110|9404716|85497.4181818182|0
"410619707002"|0|1|1|0|0|0|0|1|1|1|0|0|0|1|0|7515|20160|13572|17118|9852|226|81|204|12579246|61662.9705882353|0
"410659703001"|0|1|0|0|0|0|0|1|1|1|1|0|1|0|0|3852|8568|NA|NA|NA|54|15|42|2739746|65232.0476190476|0
"410670301013"|0|1|1|0|0|0|0|1|0|0|0|0|0|0|0|NA|NA|NA|NA|NA|0|0|0|0|NA|0
"410670302001"|0|1|1|0|0|0|0|1|0|0|0|0|0|0|0|NA|NA|NA|NA|NA|0|0|0|0|NA|0
"410670309001"|0|1|0|0|0|0|0|1|1|0|0|1|1|0|0|NA|NA|NA|NA|NA|0|0|0|0|NA|0
"410670313001"|0|2|0|0|0|0|0|2|2|1|0|1|2|0|0|NA|NA|NA|NA|NA|51|4|92|4755858|NA|0
"410670313002"|0|2|0|0|0|0|0|2|2|1|0|1|2|0|0|NA|NA|NA|NA|NA|51|4|92|4755858|NA|0
"410670320033"|0|1|0|0|0|0|0|1|1|0|0|1|1|0|0|NA|NA|NA|NA|NA|0|0|0|0|NA|0
"410670325011"|0|1|0|0|0|0|0|1|1|0|0|1|1|0|0|NA|NA|NA|NA|NA|0|0|0|0|NA|0
"410670325021"|0|1|0|0|0|0|0|1|1|0|0|1|1|0|0|NA|NA|NA|NA|NA|0|0|0|0|NA|0
"410670332002"|0|1|1|0|0|0|0|1|1|1|0|0|0|1|0|45344|45344|32768|32768|12905|415|214|582|48527158|83379.9965635739|0
"410710302014"|0|1|1|0|0|0|0|1|1|1|0|0|0|1|0|36750|36750|13845|13845|11650|274|91|408|28569776|70023.9607843137|0
"410710308022"|0|2|1|0|0|0|0|2|2|2|0|0|1|1|0|56925|56925|NA|NA|NA|219|63|264|19681902|NA|0
"410710308023"|0|2|1|0|0|0|0|2|2|2|0|0|1|1|0|56925|56925|NA|NA|NA|219|63|264|19681902|NA|0
"420010315011"|0|1|0|0|0|0|0|1|1|1|0|0|0|1|0|56390|56390|NA|NA|13460|546|158|454|40051836|88219.9030837004|0
"420010315021"|0|0|1|0|0|0|0|1|1|1|0|0|1|0|0|NA|NA|19500|19500|NA|42|4|14|954310|68165|0
"420030103001"|0|1|0|0|0|0|0|1|1|0|0|1|1|0|0|14190|14190|NA|NA|NA|0|0|0|0|NA|0
"420030103002"|0|1|1|0|0|0|0|1|1|1|0|0|0|1|0|39992|39992|23580|23580|13088|1032|285|986|92337956|93649.0425963489|0
"420030103003"|0|1|0|0|0|0|0|1|1|0|0|1|1|0|0|14190|14190|NA|NA|NA|0|0|0|0|NA|0
"420030103004"|0|1|0|0|0|0|0|1|1|0|0|1|1|0|0|14190|14190|NA|NA|NA|0|0|0|0|NA|0
"420030201001"|0|2|1|0|0|0|0|2|2|1|0|1|1|1|0|NA|NA|NA|NA|NA|260|81|308|23205674|NA|0
"420030201002"|0|2|1|0|0|0|0|2|2|1|0|1|1|1|0|NA|NA|NA|NA|NA|260|81|308|23205674|NA|0
"420030201003"|0|1|0|0|0|0|0|1|1|1|1|0|1|0|0|20458|20458|NA|NA|NA|16|0|30|1401572|46719.0666666667|0
"420030201006"|0|1|0|0|0|0|0|1|1|1|1|0|1|0|0|14240|14240|NA|NA|NA|12|3|20|1164728|58236.4|0
"420030203001"|0|1|0|0|0|0|0|1|1|1|1|0|1|0|0|14240|14240|NA|NA|NA|12|3|20|1164728|58236.4|0
"420030402002"|0|1|1|0|0|0|0|1|1|1|0|0|0|1|0|29652|29652|18766|18766|11902|169|32|214|14767472|69006.8785046729|0
"420030404001"|0|1|1|0|0|0|0|1|1|1|0|0|0|0|1|55816|55816|45037|45037|14972|4103|870|2556|304989512|119322.970266041|0
"420030709001"|0|1|0|0|0|0|0|1|1|0|0|1|1|0|0|14190|14190|NA|NA|NA|0|0|0|0|NA|0
"420030809001"|0|1|0|0|0|0|0|1|1|0|0|1|1|0|0|8094|8094|NA|NA|6720|0|0|0|0|NA|0
"420031113004"|0|0|1|0|0|0|0|1|1|1|0|0|1|0|0|NA|NA|12312|12312|NA|59|20|28|2689812|96064.7142857143|0
"420031115002"|0|1|0|0|0|0|0|1|1|1|1|0|1|0|0|NA|NA|NA|NA|NA|7|4|4|386592|96648|0
"420031401001"|0|1|1|0|0|0|0|1|1|1|0|0|0|0|1|55816|55816|45037|45037|14972|4103|870|2556|304989512|119322.970266041|0
"420031401003"|0|1|1|0|0|0|0|1|1|1|0|0|0|0|1|55816|55816|45037|45037|14972|4103|870|2556|304989512|119322.970266041|0
"420031401004"|0|1|1|0|0|0|0|1|1|1|0|0|0|0|1|55816|55816|45037|45037|14972|4103|870|2556|304989512|119322.970266041|0
"420031402001"|0|1|1|0|0|0|0|1|1|1|0|0|0|1|0|37363|37363|17766|17766|11868|268|60|252|19299586|76585.6587301587|0
"420031406002"|0|0|1|0|0|0|0|1|1|1|0|0|1|0|0|NA|NA|13464|13464|NA|6|0|10|955824|95582.4|0
"420031406003"|0|0|1|0|0|0|0|1|1|1|0|0|1|0|0|NA|NA|13464|13464|NA|6|0|10|955824|95582.4|0
"420031410001"|0|0|1|0|0|0|0|1|1|1|0|0|1|0|0|NA|NA|13464|13464|NA|6|0|10|955824|95582.4|0
"420031916002"|0|1|0|0|0|0|0|1|0|0|0|0|0|0|0|NA|NA|NA|NA|NA|0|0|0|0|NA|0
"420031917001"|0|1|0|0|0|0|0|1|0|0|0|0|0|0|0|NA|NA|NA|NA|NA|0|0|0|0|NA|0
"420032602001"|0|0|1|0|0|0|0|1|1|1|0|0|1|0|0|NA|NA|13050|13050|NA|3|0|10|184370|18437|0
"420032602002"|0|0|1|0|0|0|0|1|1|1|0|0|1|0|0|NA|NA|13050|13050|NA|3|0|10|184370|18437|0
"420032602003"|0|0|1|0|0|0|0|1|1|1|0|0|1|0|0|NA|NA|13050|13050|NA|3|0|10|184370|18437|0
"420032614002"|0|1|0|0|0|0|0|1|1|1|1|0|1|0|0|17370|17370|NA|NA|NA|8|1|34|1557762|45816.5294117647|0
"420034050001"|0|1|0|0|0|0|0|1|1|0|0|1|1|0|0|NA|NA|NA|NA|NA|0|0|0|0|NA|0
"420034050002"|0|1|0|0|0|0|0|1|1|0|0|1|1|0|0|NA|NA|NA|NA|NA|0|0|0|0|NA|0
"420034135004"|0|1|1|0|0|0|0|1|1|1|0|0|0|1|0|28614|28614|18420|18420|11910|156|75|122|7942522|65102.6393442623|0
"420034200001"|0|1|0|0|0|0|0|1|1|0|0|1|1|0|0|14190|14190|NA|NA|NA|0|0|0|0|NA|0
"420034292012"|0|1|0|0|0|0|0|1|1|0|0|1|1|0|0|NA|NA|NA|NA|NA|0|0|0|0|NA|0
"420034292023"|0|1|0|0|0|0|0|1|1|0|0|1|1|0|0|NA|NA|NA|NA|NA|0|0|0|0|NA|0
"420034324003"|0|1|0|0|0|0|0|1|1|0|0|1|1|0|0|NA|NA|NA|NA|NA|0|0|0|0|NA|0
"420034511023"|0|1|1|0|0|0|0|1|1|1|0|0|0|1|0|29930|29930|NA|NA|13250|367|112|392|44673640|113963.367346939|0
"420034530031"|0|1|0|0|0|0|0|1|1|1|0|0|0|1|0|14832|14832|NA|NA|10125|147|63|146|9307560|63750.4109589041|0
"420034560012"|0|1|0|0|0|0|0|1|1|1|0|0|0|1|0|14832|14832|NA|NA|10125|147|63|146|9307560|63750.4109589041|0
"420034600021"|0|1|0|0|0|0|0|1|1|1|1|0|1|0|0|14395|14395|NA|NA|NA|31|2|56|3231996|57714.2142857143|0
"420034600022"|0|1|0|0|0|0|0|1|1|0|0|1|1|0|0|18130|18130|NA|NA|NA|0|0|0|0|NA|0
"420034724001"|0|1|0|0|0|0|0|1|1|0|0|1|1|0|0|NA|NA|NA|NA|NA|0|0|0|0|NA|0
"420034802001"|0|2|0|0|0|0|0|2|2|1|1|1|2|0|0|NA|NA|NA|NA|NA|47|4|90|4109162|NA|0
"420034885002"|0|2|0|0|0|0|0|2|2|1|1|1|2|0|0|NA|NA|NA|NA|NA|47|4|90|4109162|NA|0
"420034886003"|0|1|0|0|0|0|0|1|1|0|0|1|1|0|0|NA|NA|NA|NA|NA|0|0|0|0|NA|0
"420034886004"|0|1|0|0|0|0|0|1|1|0|0|1|1|0|0|NA|NA|NA|NA|NA|0|0|0|0|NA|0
"420035030022"|0|1|0|0|0|0|0|1|1|1|0|0|1|0|0|12718|21310|20698|26534|11884|0|0|0|0|NA|0
"420035212002"|0|1|0|0|0|0|0|1|1|0|0|1|1|0|0|NA|NA|NA|NA|NA|0|0|0|0|NA|0
"420035213023"|0|1|0|0|0|0|0|1|1|0|0|1|1|0|0|NA|NA|NA|NA|NA|0|0|0|0|NA|0
"420035215002"|0|1|0|0|0|0|0|1|1|0|0|1|1|0|0|NA|NA|NA|NA|NA|0|0|0|0|NA|0
"420035236002"|0|1|0|0|0|0|0|1|1|1|1|0|1|0|0|NA|NA|NA|NA|NA|30|1|12|531800|44316.6666666667|0
"420035624001"|0|1|0|0|0|0|0|1|0|0|0|0|0|0|0|NA|NA|NA|NA|NA|0|0|0|0|NA|0
"420035626001"|0|1|0|0|0|0|0|1|1|0|0|1|1|0|0|NA|NA|NA|NA|NA|0|0|0|0|NA|0
"420035626002"|0|1|0|0|0|0|0|1|1|0|0|1|1|0|0|NA|NA|NA|NA|NA|0|0|0|0|NA|0
"420035627001"|0|1|0|0|0|0|0|1|1|1|1|0|0|0|1|6960|10440|NA|NA|NA|566|251|492|32999840|67072.8455284553|0
"420039806001"|0|1|0|0|0|0|0|1|0|1|1|0|1|0|0|NA|NA|NA|NA|NA|25|5|26|1135804|43684.7692307692|0
"420039812001"|0|2|1|0|0|0|0|2|2|1|0|1|1|1|0|NA|NA|NA|NA|NA|260|81|308|23205674|NA|0
"420039822001"|0|1|1|0|0|1|0|1|1|1|0|0|0|0|1|18628|32656|23530|39898|11250|5716|1600|3708|413908210|111625.730852211|0
"420059509002"|0|1|0|0|0|0|0|1|1|0|0|1|1|0|0|NA|NA|NA|NA|NA|0|0|0|0|NA|0
"420059509004"|0|1|0|0|0|0|0|1|1|0|0|1|1|0|0|NA|NA|NA|NA|NA|0|0|0|0|NA|0
"420059511004"|0|1|0|0|0|0|0|1|1|0|0|1|1|0|0|NA|NA|NA|NA|NA|0|0|0|0|NA|0
"420076011002"|0|1|1|0|0|0|0|1|1|1|0|0|0|1|0|27670|27670|12042|12042|10530|137|31|130|8138756|62605.8153846154|0
"420076012003"|0|1|0|0|0|0|0|1|1|0|0|1|1|0|0|NA|NA|NA|NA|NA|0|0|0|0|NA|0
"420076042001"|0|0|1|0|0|0|0|1|1|1|0|0|1|0|0|NA|NA|13080|13080|NA|28|8|20|1496224|74811.2|0
"420076055001"|0|1|0|0|0|0|0|1|1|1|1|0|0|1|0|9720|14580|NA|NA|NA|93|34|102|5690586|55790.0588235294|0
"420076055003"|0|2|0|0|0|0|0|2|2|1|0|1|2|0|0|NA|NA|NA|NA|NA|0|0|0|0|NA|0
"420110005003"|0|1|0|0|0|0|0|1|1|0|0|1|1|0|0|NA|NA|NA|NA|NA|0|0|0|0|NA|0
"420110006002"|0|1|1|0|0|0|0|1|1|1|0|0|0|1|0|24500|24500|NA|NA|12480|224|65|216|14493646|67100.212962963|0
"420110025001"|0|1|0|0|0|0|0|1|1|1|1|0|0|1|0|8040|9060|NA|NA|NA|141|67|122|8016572|65709.606557377|0
"420110027001"|0|1|0|0|0|0|0|1|1|0|0|1|1|0|0|10493|10493|NA|NA|6197|0|0|0|0|NA|0
"420110029001"|0|2|1|0|0|0|0|2|2|1|0|1|1|1|0|NA|NA|NA|NA|NA|220|89|236|16109076|NA|0
"420110103043"|0|1|0|0|0|0|0|1|1|0|0|1|1|0|0|NA|NA|NA|NA|NA|0|0|0|0|NA|0
"420110103044"|0|1|0|0|0|0|0|1|1|0|0|1|1|0|0|NA|NA|NA|NA|NA|0|0|0|0|NA|0
"420110108022"|0|1|0|0|0|0|0|1|1|0|0|1|1|0|0|NA|NA|NA|NA|NA|0|0|0|0|NA|0
"420110109031"|0|1|0|0|0|0|0|1|1|1|0|0|0|1|0|14214|23924|21792|28718|11884|0|0|0|0|NA|0
"420110111011"|0|1|0|0|0|0|0|1|1|1|1|0|1|0|0|NA|NA|NA|NA|NA|24|4|42|1625850|38710.7142857143|0
"420110126002"|0|1|0|0|0|0|0|1|1|0|0|1|1|0|0|NA|NA|NA|NA|NA|0|0|0|0|NA|0
"420110141003"|0|1|1|0|0|0|0|1|1|1|0|0|0|1|0|7716|11574|9288|13932|11626|496|142|750|64413294|85884.392|0
"420130106002"|0|1|0|0|0|0|0|1|1|0|0|1|1|0|0|NA|NA|NA|NA|NA|0|0|0|0|NA|0
"420130110013"|0|1|1|0|0|0|0|1|1|1|0|0|0|1|0|22420|22420|14940|14940|10966|118|36|122|7650276|62707.1803278689|0
"420131008001"|0|1|0|0|0|0|0|1|1|1|0|0|0|1|0|14214|23924|21792|28718|11884|0|0|0|0|NA|0
"420131012004"|0|1|0|0|0|0|0|1|1|1|1|0|1|0|0|NA|NA|NA|NA|NA|2|0|2|136000|68000|0
"420131014002"|0|1|0|0|0|0|0|1|1|0|0|1|1|0|0|NA|NA|NA|NA|NA|0|0|0|0|NA|0
"420131015001"|0|1|0|0|0|0|0|1|1|0|0|1|1|0|0|NA|NA|NA|NA|NA|0|0|0|0|NA|0
"420131015002"|0|1|0|0|0|0|0|1|1|0|0|1|1|0|0|NA|NA|NA|NA|NA|0|0|0|0|NA|0
"420131016002"|0|1|0|0|0|0|0|1|1|0|0|1|1|0|0|NA|NA|NA|NA|NA|0|0|0|0|NA|0
"420159509003"|0|1|0|0|0|0|0|1|1|0|0|1|1|0|0|NA|NA|NA|NA|NA|0|0|0|0|NA|0
"420171002013"|0|2|1|0|0|0|0|2|2|1|0|1|1|1|0|NA|NA|NA|NA|NA|39|0|10|659704|NA|0
"420171002014"|0|2|1|0|0|0|0|2|2|1|0|1|1|1|0|NA|NA|NA|NA|NA|39|0|10|659704|NA|0
"420171003021"|0|1|0|0|0|0|0|1|1|1|1|0|1|0|0|NA|NA|NA|NA|NA|37|11|36|2101786|58382.9444444444|0
"420171003023"|0|1|0|0|0|0|0|1|1|1|1|0|1|0|0|NA|NA|NA|NA|NA|37|11|36|2101786|58382.9444444444|0
"420171009004"|0|1|1|0|0|0|0|1|1|1|0|0|0|1|0|28328|28328|12762|12762|10706|107|34|94|5877718|62528.914893617|0
"420171014041"|0|1|0|0|0|0|0|1|1|0|0|1|1|0|0|NA|NA|NA|NA|NA|0|0|0|0|NA|0
"420171016033"|0|1|0|0|0|0|0|1|0|0|0|0|0|0|0|NA|NA|NA|NA|NA|0|0|0|0|NA|0
"420171048001"|0|1|1|0|0|0|0|1|1|1|0|0|0|1|0|38070|38070|8304|8304|14620|251|50|180|13993188|77739.9333333333|0
"420171052031"|0|1|0|0|0|0|0|1|1|1|1|0|0|1|0|7920|11880|NA|NA|NA|329|108|280|19177670|68491.6785714286|0
"420171058092"|0|1|0|0|0|0|0|1|1|0|0|1|1|0|0|NA|NA|NA|NA|NA|0|0|0|0|NA|0
"420171058093"|0|1|0|0|0|0|0|1|1|0|0|1|1|0|0|NA|NA|NA|NA|NA|0|0|0|0|NA|0
"420171061002"|0|1|1|0|0|0|0|1|1|1|0|0|0|1|0|28328|28328|12762|12762|10706|107|34|94|5877718|62528.914893617|0
"420171062001"|0|1|0|0|0|0|0|1|1|0|0|1|1|0|0|NA|NA|NA|NA|NA|0|0|0|0|NA|0
"420199023003"|0|1|0|0|0|0|0|1|1|0|0|1|1|0|0|NA|NA|NA|NA|NA|0|0|0|0|NA|0
"420199024002"|0|1|0|0|0|0|0|1|1|0|0|1|1|0|0|NA|NA|NA|NA|NA|0|0|0|0|NA|0
"420199025002"|0|1|0|0|0|0|0|1|1|0|0|1|1|0|0|NA|NA|NA|NA|NA|0|0|0|0|NA|0
"420199031002"|0|1|0|0|0|0|0|1|1|1|1|0|0|1|0|6570|9570|NA|NA|NA|167|49|122|7584280|62166.2295081967|0
"420199105001"|0|1|1|0|0|0|0|1|1|1|0|0|0|1|0|7716|11574|9288|13932|10446|525|163|762|66563858|87354.1443569554|0
"420199124012"|0|1|0|0|0|0|0|1|1|0|0|1|1|0|0|NA|NA|NA|NA|NA|0|0|0|0|NA|0
"420210007002"|0|1|0|0|0|0|0|1|1|0|0|1|1|0|0|NA|NA|NA|NA|NA|0|0|0|0|NA|0
"420210007003"|0|1|0|0|0|0|0|1|1|0|0|1|1|0|0|NA|NA|NA|NA|NA|0|0|0|0|NA|0
"420210111001"|0|1|0|0|0|0|0|1|1|1|1|0|1|0|0|12444|12444|NA|NA|14274|8|3|50|3358506|67170.12|0
"420210111002"|0|1|0|0|0|0|0|1|1|1|1|0|1|0|0|12444|12444|NA|NA|14274|8|3|50|3358506|67170.12|0
"420210123002"|0|1|1|0|0|0|0|1|1|1|0|0|0|1|0|36970|36970|25000|25000|12948|335|114|234|16733696|71511.5213675214|0
"420210128002"|0|1|1|0|0|0|0|1|1|1|0|0|0|1|0|22420|22420|14940|14940|10966|118|36|122|7650276|62707.1803278689|0
"420210137001"|0|3|0|0|0|0|0|3|2|2|1|1|1|2|0|NA|NA|NA|NA|NA|257|95|336|22116060|NA|0
"420270116001"|0|1|1|0|0|0|0|1|1|1|0|0|0|0|1|13484|13484|21682|21682|NA|0|0|0|0|NA|0
"420270121001"|0|1|1|0|1|0|0|1|1|1|0|0|0|0|1|17416|34480|21960|37694|11884|15192|3812|9414|943958350|100271.760144466|0
"420270121002"|0|1|1|0|1|0|0|1|1|1|0|0|0|0|1|17416|34480|21960|37694|11884|15192|3812|9414|943958350|100271.760144466|0
"420270121003"|0|1|1|0|1|0|0|1|1|1|0|0|0|0|1|17416|34480|21960|37694|11884|15192|3812|9414|943958350|100271.760144466|0
"420270121004"|0|1|1|0|1|0|0|1|1|1|0|0|0|0|1|17416|34480|21960|37694|11884|15192|3812|9414|943958350|100271.760144466|0
"420270128002"|0|1|0|0|0|0|0|1|1|1|1|0|1|0|0|16992|16992|NA|NA|NA|40|17|70|4403024|62900.3428571429|0
"420293005022"|0|1|1|0|0|0|0|1|1|1|0|0|1|0|0|20780|20780|8640|8640|9130|54|6|50|2455200|49104|0
"420293021012"|0|0|1|0|0|0|0|1|1|1|0|0|1|0|0|NA|NA|25054|40856|NA|0|0|0|0|NA|0
"420293041012"|0|1|0|0|0|0|0|1|1|0|0|1|1|0|0|NA|NA|NA|NA|NA|0|0|0|0|NA|0
"420293044032"|0|1|0|0|0|0|0|1|1|0|0|1|1|0|0|NA|NA|NA|NA|NA|0|0|0|0|NA|0
"420293045021"|0|1|0|0|0|0|0|1|1|0|0|1|0|1|0|NA|NA|NA|NA|NA|0|0|0|0|NA|0
"420293079001"|0|1|1|1|0|0|0|1|1|1|0|0|0|1|0|8026|13396|10106|17636|9828|229|94|200|16049872|80249.36|0
"420293104001"|0|1|1|0|0|0|0|1|1|1|0|0|0|0|1|7716|19290|9288|13932|13174|898|226|1390|123800430|89065.0575539568|0
"420311603001"|0|1|0|0|0|0|0|1|1|0|0|1|1|0|0|NA|NA|NA|NA|NA|0|0|0|0|NA|0
"420311606004"|0|1|1|0|0|0|0|1|1|1|0|0|0|1|0|7716|11574|9288|10026|12668|378|111|418|35779070|85595.8612440191|0
"420333303001"|0|1|0|0|0|0|0|1|1|1|0|0|1|0|0|12718|21310|20698|26534|NA|0|0|0|0|NA|0
"420333306002"|0|1|0|0|0|0|0|1|1|0|0|1|1|0|0|NA|NA|NA|NA|NA|0|0|0|0|NA|0
"420350307001"|0|1|1|0|0|0|0|1|1|1|0|0|0|1|0|7716|17290|9288|13932|10197|299|95|380|35857360|94361.4736842105|0
"420350307005"|0|1|1|0|0|0|0|1|1|1|0|0|0|1|0|7716|17290|9288|13932|10197|299|95|380|35857360|94361.4736842105|0
"420350307006"|0|1|1|0|0|0|0|1|1|1|0|0|0|1|0|7716|17290|9288|13932|10197|299|95|380|35857360|94361.4736842105|0
"420370511003"|0|1|1|0|0|0|0|1|1|1|0|0|0|1|0|7716|19290|9288|13932|10468|599|180|760|67077012|88259.2263157895|0
"420370511004"|0|1|1|0|0|0|0|1|1|1|0|0|0|1|0|7716|19290|9288|13932|10468|599|180|760|67077012|88259.2263157895|0
"420391111002"|0|1|0|0|0|0|0|1|1|1|1|0|1|0|0|11176|21116|NA|NA|11142|28|11|44|2820334|64098.5|0
"420391115004"|0|1|0|0|0|0|0|1|1|0|0|1|1|0|0|NA|NA|NA|NA|NA|0|0|0|0|NA|0
"420391116001"|0|1|0|0|0|0|0|1|1|0|0|1|1|0|0|15532|15532|NA|NA|NA|0|0|0|0|NA|0
"420391116003"|0|1|0|0|0|0|0|1|1|0|0|1|1|0|0|15532|15532|NA|NA|NA|0|0|0|0|NA|0
"420391117002"|0|1|0|0|0|0|0|1|1|1|0|0|0|1|0|48760|48760|NA|NA|12640|257|60|304|22244800|73173.6842105263|0
"420391118003"|0|1|0|0|0|0|0|1|1|1|1|0|1|0|0|9900|9900|NA|NA|NA|8|0|16|547382|34211.375|0
"420391118005"|0|1|0|0|0|0|0|1|1|1|1|0|1|0|0|9900|9900|NA|NA|NA|8|0|16|547382|34211.375|0
"420410101001"|0|1|1|0|0|0|0|1|1|1|0|0|0|1|0|17784|17784|18144|18144|7416|83|20|72|4707874|65387.1388888889|0
"420410123002"|0|1|0|0|0|0|0|1|1|1|0|0|0|1|0|55948|55948|NA|NA|14176|616|178|458|39342510|85900.6768558952|0
"420410124003"|0|0|1|0|0|0|0|1|1|1|0|0|1|0|0|NA|NA|51840|51840|NA|0|0|0|0|NA|0
"420410131021"|0|1|1|0|0|0|0|1|1|1|0|0|0|1|0|9570|17362|9288|13932|12120|446|125|616|57387180|93161.0064935065|0
"420419816061"|0|1|1|0|0|0|0|1|1|1|0|0|0|1|0|35280|35280|12420|12420|10580|426|131|402|31380944|78062.0497512438|0
"420430201003"|0|1|1|0|0|0|0|1|1|1|0|0|0|1|0|23900|23900|7200|7200|9150|185|58|208|23200000|111538.461538462|0
"420430209001"|0|1|0|0|0|0|0|1|1|1|1|0|0|0|1|6660|8010|NA|NA|NA|547|172|576|37596554|65271.7951388889|0
"420430209004"|0|1|1|0|0|0|0|1|1|0|0|0|0|0|0|NA|NA|NA|NA|NA|132|9|0|0|NA|0
"420430211002"|0|1|0|0|0|0|0|1|1|1|1|0|0|0|1|6660|8010|NA|NA|NA|547|172|576|37596554|65271.7951388889|0
"420430217001"|0|1|0|0|0|0|0|1|1|0|0|1|1|0|0|NA|NA|NA|NA|NA|0|0|0|0|NA|0
"420430221002"|0|1|0|0|0|0|0|1|1|0|0|1|1|0|0|NA|NA|NA|NA|NA|0|0|0|0|NA|0
"420430222002"|0|1|0|0|0|0|0|1|1|0|0|1|1|0|0|NA|NA|NA|NA|NA|0|0|0|0|NA|0
"420430223004"|0|1|0|0|0|0|0|1|1|0|0|1|1|0|0|NA|NA|NA|NA|NA|0|0|0|0|NA|0
"420430236022"|0|1|1|0|0|0|0|1|1|1|0|0|0|1|0|14214|23924|21792|28718|11884|0|0|0|0|NA|0
"420430237001"|0|1|1|0|0|0|0|1|1|1|0|0|0|1|0|14214|23924|21792|28718|11884|0|0|0|0|NA|0
"420430241054"|0|0|1|0|0|1|0|1|1|1|0|0|1|0|0|NA|NA|23424|39216|NA|0|0|0|0|NA|0
"420454004011"|0|1|0|0|0|0|0|1|1|0|0|1|1|0|0|NA|NA|NA|NA|NA|0|0|0|0|NA|0
"420454028001"|0|1|0|0|0|0|0|1|1|0|0|1|1|0|0|NA|NA|NA|NA|NA|0|0|0|0|NA|0
"420454028003"|0|1|0|0|0|0|0|1|1|0|0|1|1|0|0|NA|NA|NA|NA|NA|0|0|0|0|NA|0
"420454028004"|0|1|0|0|0|0|0|1|1|0|0|1|1|0|0|NA|NA|NA|NA|NA|0|0|0|0|NA|0
"420454037021"|0|2|0|0|0|0|0|2|1|1|1|0|1|0|0|NA|NA|NA|NA|NA|35|11|52|2643440|NA|0
"420454047002"|0|1|1|0|0|0|0|1|1|1|0|0|0|1|0|46378|46378|23830|23830|14736|604|226|550|50331608|91512.0145454545|0
"420454069032"|0|1|1|0|0|0|0|1|1|1|0|0|0|1|0|31500|31500|13860|13860|13680|172|67|192|12673352|66007.0416666667|0
"420454069041"|0|1|1|0|0|0|0|1|1|1|0|0|0|1|0|31500|31500|13860|13860|13680|172|67|192|12673352|66007.0416666667|0
"420454069042"|0|1|1|0|0|0|0|1|1|1|0|0|0|1|0|31500|31500|13860|13860|13680|172|67|192|12673352|66007.0416666667|0
"420454072012"|0|1|0|0|0|0|0|1|1|1|0|0|0|1|0|13484|22474|21682|27902|11884|0|0|0|0|NA|0
"420454072013"|0|1|0|0|0|0|0|1|1|1|0|0|0|1|0|13484|22474|21682|27902|11884|0|0|0|0|NA|0
"420454072021"|0|1|0|0|0|0|0|1|1|1|1|0|1|0|0|27430|27430|NA|NA|5000|46|6|40|2378420|59460.5|0
"420454072022"|0|1|0|0|0|0|0|1|1|1|1|0|1|0|0|27430|27430|NA|NA|5000|46|6|40|2378420|59460.5|0
"420454076001"|0|1|0|0|0|0|0|1|1|1|0|0|0|1|0|54256|54256|NA|NA|16088|625|142|446|54583044|122383.506726457|0
"420454076006"|0|1|0|0|0|0|0|1|1|1|0|0|0|1|0|54256|54256|NA|NA|16088|625|142|446|54583044|122383.506726457|0
"420454078025"|0|1|0|0|0|0|0|1|1|0|0|1|1|0|0|NA|NA|NA|NA|NA|0|0|0|0|NA|0
"420454079021"|0|1|0|0|0|0|0|1|1|1|1|0|1|0|0|10530|10530|NA|NA|NA|36|20|32|2336996|73031.125|0
"420454079022"|0|1|0|0|0|0|0|1|1|1|1|0|1|0|0|10530|10530|NA|NA|NA|36|20|32|2336996|73031.125|0
"420454080015"|0|1|0|0|0|0|0|1|1|1|1|0|0|0|1|7500|11250|NA|NA|NA|324|103|266|24640748|92634.3909774436|0
"420454081011"|0|1|0|0|0|0|0|1|1|0|0|1|1|0|0|NA|NA|NA|NA|NA|0|0|0|0|NA|0
"420454081013"|0|1|0|0|0|0|0|1|1|0|0|1|1|0|0|NA|NA|NA|NA|NA|0|0|0|0|NA|0
"420454083001"|0|1|0|0|0|0|0|1|1|1|0|0|0|1|0|56200|56200|NA|NA|16770|425|89|330|30516172|92473.2484848485|0
"420454097011"|0|1|1|0|0|0|0|1|1|1|0|0|0|0|1|54550|54550|20506|20506|14444|1704|403|1408|147630334|104851.089488636|0
"420454098023"|0|3|2|0|0|0|0|3|2|3|1|0|1|2|0|95154|95154|NA|NA|41036|399|144|392|24065118|174673.672187544|0
"420454101002"|0|1|0|1|0|0|0|1|1|1|0|0|1|0|0|7716|12723|NA|NA|11506|87|21|70|6533964|93342.3428571429|0
"420490001001"|0|1|1|0|0|0|0|1|1|1|0|0|0|1|0|33245|33245|19170|19170|13530|393|158|468|36578162|78158.4658119658|0
"420490020001"|0|1|0|0|0|0|0|1|1|1|1|0|1|0|0|17370|17370|NA|NA|NA|1|0|2|84476|42238|0
"420490028004"|0|1|1|0|0|0|0|1|1|1|0|0|0|1|0|37500|37500|15570|15570|12880|266|109|278|18883256|67925.381294964|0
"420490030004"|0|1|1|0|0|1|0|1|1|1|0|0|0|1|0|14640|14640|12898|12898|NA|235|76|154|18073676|117361.532467532|0
"420490103031"|0|1|0|0|0|0|0|1|1|1|1|0|1|0|0|13385|13385|NA|NA|NA|3|0|0|0|NA|0
"420490103034"|0|1|0|0|0|0|0|1|1|1|1|0|1|0|0|13385|13385|NA|NA|NA|3|0|0|0|NA|0
"420490109032"|0|1|0|0|0|0|0|1|1|1|1|0|1|0|0|12285|12285|NA|NA|NA|10|2|64|2139290|33426.40625|0
"420490110021"|0|1|0|0|0|0|0|1|1|1|1|0|1|0|0|NA|NA|NA|NA|NA|22|5|54|2526024|46778.2222222222|0
"420490110022"|0|1|0|0|0|0|0|1|1|1|1|0|1|0|0|12285|12285|NA|NA|NA|10|2|64|2139290|33426.40625|0
"420490117011"|0|1|0|0|0|0|0|1|1|1|1|0|1|0|0|17400|17400|NA|NA|10520|46|21|78|3712002|47589.7692307692|0
"420490122023"|0|1|1|0|0|0|0|1|1|1|0|0|0|1|0|7716|11574|9288|13932|9750|354|96|498|45247370|90858.1726907631|0
"420490123005"|0|1|1|0|0|0|0|1|1|1|0|0|0|1|0|14214|23924|21792|28718|11884|0|0|0|0|NA|0
"420512609001"|0|1|0|0|0|0|0|1|1|1|0|0|1|0|0|12718|21310|20698|26534|NA|0|0|0|0|NA|0
"420512610002"|0|1|0|0|0|0|0|1|1|1|0|0|1|0|0|12718|21310|20698|26534|NA|0|0|0|0|NA|0
"420512615001"|0|1|0|0|0|0|0|1|1|1|0|0|1|0|0|12718|21310|20698|26534|NA|0|0|0|0|NA|0
"420512616002"|0|1|0|0|0|0|0|1|1|1|0|0|1|0|0|12718|21310|20698|26534|NA|0|0|0|0|NA|0
"420512617002"|0|1|0|0|0|0|0|1|1|1|1|0|1|0|0|9900|9900|NA|NA|NA|21|2|40|1580110|39502.75|0
"420512619003"|0|1|0|0|0|0|0|1|1|1|1|0|1|0|0|9900|9900|NA|NA|NA|21|2|40|1580110|39502.75|0
"420512625001"|0|1|0|0|0|0|0|1|1|1|1|0|1|0|0|10962|10962|NA|NA|NA|9|1|4|180000|45000|0
"420512626002"|0|1|0|0|0|0|0|1|1|1|1|0|1|0|0|10962|10962|NA|NA|NA|9|1|4|180000|45000|0
"420512628002"|0|1|0|0|0|0|0|1|1|0|0|1|1|0|0|NA|NA|NA|NA|NA|0|0|0|0|NA|0
"420512628004"|0|1|0|0|0|0|0|1|1|0|0|1|1|0|0|NA|NA|NA|NA|NA|0|0|0|0|NA|0
"420550107001"|0|1|0|0|0|0|0|1|1|0|0|1|1|0|0|NA|NA|NA|NA|NA|0|0|0|0|NA|0
"420550107002"|0|1|0|0|0|0|0|1|1|0|0|1|1|0|0|NA|NA|NA|NA|NA|0|0|0|0|NA|0
"420550110003"|0|1|0|0|0|0|0|1|1|0|0|1|1|0|0|NA|NA|NA|NA|NA|0|0|0|0|NA|0
"420550111002"|0|1|1|0|0|0|0|1|1|1|0|0|0|1|0|24450|24450|9000|9000|11594|103|20|96|6085680|63392.5|0
"420550117001"|0|1|0|0|0|0|0|1|1|0|0|1|1|0|0|NA|NA|NA|NA|NA|0|0|0|0|NA|0
"420550119001"|0|1|0|0|0|0|0|1|1|0|0|1|1|0|0|NA|NA|NA|NA|NA|0|0|0|0|NA|0
"420550120001"|0|1|0|0|0|0|0|1|1|1|0|0|1|0|0|12718|21310|20698|26534|11884|0|0|0|0|NA|0
"420550120003"|0|1|0|0|0|0|0|1|1|1|0|0|1|0|0|12718|21310|20698|26534|11884|0|0|0|0|NA|0
"420550120004"|0|1|0|0|0|0|0|1|1|1|0|0|1|0|0|12718|21310|20698|26534|11884|0|0|0|0|NA|0
"420550120005"|0|1|0|0|0|0|0|1|1|1|0|0|1|0|0|12718|21310|20698|26534|11884|0|0|0|0|NA|0
"420599705011"|0|1|0|0|0|0|0|1|1|0|0|1|1|0|0|NA|NA|NA|NA|NA|0|0|0|0|NA|0
"420599705021"|0|1|0|0|0|0|0|1|1|0|0|1|1|0|0|NA|NA|NA|NA|NA|0|0|0|0|NA|0
"420599706002"|0|1|1|0|0|0|0|1|1|1|0|0|0|1|0|24690|24690|16080|16080|10520|164|51|162|10730204|66235.8271604938|0
"420619504001"|0|1|1|0|0|0|0|1|1|1|0|0|0|1|0|46250|46250|24800|24800|12800|201|60|224|16497696|73650.4285714286|0
"420619504003"|0|1|1|0|0|0|0|1|1|1|0|0|0|1|0|46250|46250|24800|24800|12800|201|60|224|16497696|73650.4285714286|0
"420619505001"|0|1|0|0|0|0|0|1|1|0|0|1|1|0|0|NA|NA|NA|NA|NA|0|0|0|0|NA|0
"420639607004"|0|1|1|0|0|0|0|1|1|1|0|0|0|0|1|9570|13890|9288|13932|12616|781|260|1014|92310286|91035.7850098619|0
"420639609002"|0|1|0|0|0|0|0|1|0|0|0|1|1|0|0|NA|NA|NA|NA|NA|0|0|0|0|NA|0
"420639611021"|0|1|1|0|0|0|0|1|1|1|0|0|0|0|1|9570|13890|9288|13932|12616|781|260|1014|92310286|91035.7850098619|0
"420639611022"|0|1|1|0|0|0|0|1|1|1|0|0|0|0|1|9570|13890|9288|13932|12616|781|260|1014|92310286|91035.7850098619|0
"420659503001"|0|1|0|0|0|0|0|1|1|1|1|0|1|0|0|17370|17370|NA|NA|NA|10|1|24|1055824|43992.6666666667|0
"420659507002"|0|1|0|0|0|0|0|1|1|0|0|1|1|0|0|NA|NA|NA|NA|NA|0|0|0|0|NA|0
"420659508001"|0|1|0|0|0|0|0|1|1|0|0|1|1|0|0|NA|NA|NA|NA|NA|0|0|0|0|NA|0
"420691002001"|0|1|0|0|0|0|0|1|1|1|0|0|0|1|0|15300|15300|NA|NA|10600|174|53|64|2659104|41548.5|0
"420691003002"|0|1|1|0|0|0|0|1|1|1|0|0|0|1|0|45390|45390|11580|11580|15310|631|198|560|53450906|95448.0464285714|0
"420691006004"|0|1|1|0|0|1|0|2|2|2|1|0|2|0|0|NA|NA|NA|NA|NA|16|2|22|1289992|NA|0
"420691010001"|0|1|1|0|0|0|0|1|1|1|0|0|0|1|0|34154|34154|9888|9888|14158|313|124|302|21583528|71468.6357615894|0
"420691012001"|0|1|0|0|0|0|0|1|1|1|1|0|1|0|0|17700|17700|NA|NA|9420|63|9|60|2992810|49880.1666666667|0
"420691012003"|0|1|0|0|0|0|0|1|1|0|0|1|1|0|0|NA|NA|NA|NA|NA|0|0|0|0|NA|0
"420691018001"|0|1|0|0|0|0|0|1|1|0|0|1|1|0|0|NA|NA|NA|NA|NA|0|0|0|0|NA|0
"420691027001"|0|1|1|0|0|0|0|1|1|1|0|0|1|0|0|9400|9400|12500|12500|3400|0|0|8|492232|61529|0
"420691027002"|0|1|1|0|0|0|0|1|1|1|0|0|1|0|0|9400|9400|12500|12500|3400|0|0|8|492232|61529|0
"420691104012"|0|1|1|0|0|0|0|1|1|1|0|0|1|0|0|26082|26082|8160|8160|6490|45|7|56|2885124|51520.0714285714|0
"420691104031"|0|1|1|0|0|0|0|1|1|1|0|0|1|0|0|26082|26082|8160|8160|6490|45|7|56|2885124|51520.0714285714|0
"420691104032"|0|1|1|0|0|0|0|1|1|1|0|0|1|0|0|26082|26082|8160|8160|6490|45|7|56|2885124|51520.0714285714|0
"420691120002"|0|1|0|0|0|0|0|1|1|1|0|0|1|0|0|13484|22474|21682|27902|NA|0|0|0|0|NA|0
"420691128003"|0|1|0|0|0|0|0|1|1|0|0|1|1|0|0|NA|NA|NA|NA|NA|0|0|0|0|NA|0
"420710001002"|0|1|0|0|0|0|0|1|1|0|0|1|1|0|0|NA|NA|NA|NA|NA|0|0|0|0|NA|0
"420710001003"|0|1|0|0|0|0|0|1|1|1|0|0|1|0|0|25000|25000|NA|NA|10754|31|4|26|1305998|50230.6923076923|0
"420710005001"|0|0|1|0|0|0|0|1|1|1|0|0|1|0|0|NA|NA|19340|19340|NA|14|6|12|912200|76016.6666666667|0
"420710005004"|0|1|0|0|0|0|0|1|1|1|0|0|0|1|0|58615|58615|NA|NA|14450|482|111|546|50454368|92407.2673992674|0
"420710008001"|0|1|0|0|0|0|0|1|1|1|1|0|0|1|0|8200|8200|NA|NA|9460|58|25|146|11109982|76095.7671232877|0
"420710107022"|0|2|2|0|0|0|0|2|1|1|0|0|0|1|0|NA|NA|NA|NA|NA|336|100|246|19796738|NA|0
"420710107023"|0|2|2|0|0|0|0|2|1|1|0|0|0|1|0|NA|NA|NA|NA|NA|336|100|246|19796738|NA|0
"420710117012"|0|1|0|0|0|0|0|1|1|0|0|1|1|0|0|NA|NA|NA|NA|NA|0|0|0|0|NA|0
"420710118012"|0|1|1|0|0|0|0|1|1|1|0|0|0|1|0|25162|25162|10440|10440|9000|132|43|152|9813886|64565.0394736842|0
"420710118034"|0|1|1|0|0|0|0|1|1|1|0|0|0|1|0|25162|25162|10440|10440|9000|132|43|152|9813886|64565.0394736842|0
"420710132032"|0|1|1|0|0|0|0|1|1|1|0|0|0|1|0|28540|28540|15660|15660|NA|90|9|126|9981962|79221.9206349206|0
"420710133032"|0|1|0|0|0|0|0|1|1|1|1|0|1|0|0|NA|NA|NA|NA|NA|66|27|162|10237114|63192.0617283951|0
"420710134001"|0|1|0|0|0|0|0|1|1|0|0|1|1|0|0|NA|NA|NA|NA|NA|0|0|0|0|NA|0
"420710136022"|0|1|1|0|0|0|0|1|1|1|0|0|0|1|0|9570|19290|9288|13932|14106|538|141|548|49916696|91088.8613138686|0
"420730007001"|0|1|0|0|0|0|0|1|1|0|0|1|1|0|0|NA|NA|NA|NA|NA|0|0|0|0|NA|0
"420730103001"|0|1|1|0|0|0|0|1|1|1|0|0|0|1|0|36700|36700|11992|11992|11450|149|52|162|10038472|61965.8765432099|0
"420730105004"|0|1|0|0|0|0|0|1|1|1|1|0|1|0|0|NA|NA|NA|NA|NA|23|2|62|2334740|37657.0967741935|0
"420730106001"|0|1|0|0|0|0|0|1|1|1|1|0|1|0|0|NA|NA|NA|NA|NA|23|2|62|2334740|37657.0967741935|0
"420730108002"|0|1|0|0|0|0|0|1|1|0|0|1|1|0|0|11424|11424|NA|NA|NA|0|0|0|0|NA|0
"420730113001"|0|1|0|0|0|0|0|1|1|1|1|0|1|0|0|NA|NA|NA|NA|NA|23|2|62|2334740|37657.0967741935|0
"420750025002"|0|1|1|0|0|0|0|1|1|1|0|0|0|1|0|43650|43650|47980|47980|12200|216|70|240|17539108|73079.6166666667|0
"420750029001"|0|0|1|0|0|0|0|1|1|1|0|0|1|0|0|NA|NA|11250|11250|NA|6|2|10|540854|54085.4|0
"420750033001"|0|1|0|0|0|0|0|1|1|0|0|1|1|0|0|NA|NA|NA|NA|NA|0|0|0|0|NA|0
"420750033002"|0|1|0|0|0|0|0|1|1|0|0|1|1|0|0|NA|NA|NA|NA|NA|0|0|0|0|NA|0
"420750035003"|0|1|0|0|0|0|0|1|1|0|0|1|1|0|0|NA|NA|NA|NA|NA|0|0|0|0|NA|0
"420770001013"|0|1|0|0|0|0|0|1|1|0|0|1|1|0|0|NA|NA|NA|NA|NA|0|0|0|0|NA|0
"420770001021"|0|2|0|0|0|0|0|2|2|1|1|1|2|0|0|NA|NA|NA|NA|NA|24|4|12|520052|NA|0
"420770022022"|0|1|0|0|0|0|0|1|1|1|0|0|0|1|0|53865|53865|NA|NA|12035|370|116|368|29379380|79835.2717391304|0
"420770023021"|0|1|1|0|0|0|0|1|1|1|0|0|0|1|0|39774|39774|14287|14287|11891|169|85|164|12247142|74677.6951219512|0
"420770055062"|0|1|0|0|0|0|0|1|1|1|1|0|0|1|0|6360|9540|NA|NA|NA|186|42|162|10142276|62606.6419753086|0
"420770057051"|0|1|0|0|0|0|0|1|1|0|0|1|1|0|0|NA|NA|NA|NA|NA|0|0|0|0|NA|0
"420770059021"|0|2|0|0|0|0|0|2|2|1|1|1|2|0|0|NA|NA|NA|NA|NA|24|4|12|520052|NA|0
"420770061013"|0|1|0|0|0|0|0|1|1|1|1|0|1|0|0|NA|NA|NA|NA|NA|22|5|42|2871998|68380.9047619048|0
"420770063051"|0|1|0|0|0|0|0|1|1|0|0|1|1|0|0|NA|NA|NA|NA|NA|0|0|0|0|NA|0
"420770068001"|0|1|0|0|0|0|0|1|1|0|0|1|1|0|0|11496|11496|NA|NA|NA|0|0|0|0|NA|0
"420770069031"|0|1|0|0|0|0|0|1|1|1|0|0|1|0|0|13484|22474|21682|27902|NA|0|0|0|0|NA|0
"420770069033"|0|1|1|0|0|0|0|1|1|1|0|0|0|1|0|37200|37200|20520|20520|13000|277|82|254|19018708|74876.8031496063|0
"420770069062"|0|1|0|0|0|0|0|1|1|1|0|0|1|0|0|13484|22474|21682|27902|NA|0|0|0|0|NA|0
"420770091002"|0|2|0|0|0|0|0|2|2|1|1|1|2|0|0|38370|38370|NA|NA|NA|10|1|26|1125310|NA|0
"420792001002"|0|1|1|0|0|0|0|1|1|1|0|0|0|1|0|36774|36774|43786|43786|13464|279|90|280|22069600|78820|0
"420792005001"|0|1|1|0|0|0|0|1|1|1|0|0|0|1|0|35814|35814|25104|25104|15108|419|100|392|33847982|86346.8928571429|0
"420792010002"|0|1|0|0|0|0|0|1|1|0|0|1|1|0|0|NA|NA|NA|NA|NA|0|0|0|0|NA|0
"420792014003"|0|1|0|0|0|0|0|1|1|0|0|1|1|0|0|NA|NA|NA|NA|NA|0|0|0|0|NA|0
"420792112011"|0|1|1|0|0|0|0|1|1|1|0|0|0|1|0|32800|32800|34530|34530|14220|262|77|288|22766708|79051.0694444444|0
"420792112043"|0|1|1|0|0|0|0|1|1|1|0|0|0|1|0|32800|32800|34530|34530|14220|262|77|288|22766708|79051.0694444444|0
"420792113022"|0|1|0|0|0|0|0|1|1|1|0|0|1|0|0|12718|21310|20698|26534|NA|0|0|0|0|NA|0
"420792118001"|0|1|0|0|0|0|0|1|0|0|0|1|1|0|0|NA|NA|NA|NA|NA|0|0|0|0|NA|0
"420792121002"|0|1|0|0|0|0|0|1|1|1|1|0|1|0|0|13540|13540|NA|NA|NA|5|0|10|492202|49220.2|0
"420792121004"|0|1|0|0|0|0|0|1|1|1|1|0|1|0|0|13540|13540|NA|NA|NA|5|0|10|492202|49220.2|0
"420792142002"|0|1|0|0|0|0|0|1|1|1|1|0|0|1|0|8040|12060|NA|NA|NA|188|77|200|12427788|62138.94|0
"420792143002"|0|1|0|0|0|0|0|1|1|1|1|0|0|1|0|8040|12060|NA|NA|NA|188|77|200|12427788|62138.94|0
"420792149002"|0|1|0|0|0|0|0|1|1|1|1|0|0|1|0|8040|12060|NA|NA|NA|188|77|200|12427788|62138.94|0
"420792165011"|0|1|0|0|0|0|0|1|1|1|0|0|1|0|0|13484|22474|21682|27902|11884|0|0|0|0|NA|0
"420792165012"|0|1|0|0|0|0|0|1|1|1|0|0|1|0|0|13484|22474|21682|27902|11884|0|0|0|0|NA|0
"420792165022"|0|1|0|0|0|0|0|1|1|1|0|0|1|0|0|13484|22474|21682|27902|11884|0|0|0|0|NA|0
"420792165023"|0|1|0|0|0|0|0|1|1|1|0|0|1|0|0|13484|22474|21682|27902|11884|0|0|0|0|NA|0
"420792169001"|0|1|0|0|0|0|0|1|1|0|0|1|1|0|0|NA|NA|NA|NA|NA|0|0|0|0|NA|0
"420792169002"|0|1|0|0|0|0|0|1|1|0|0|1|1|0|0|NA|NA|NA|NA|NA|0|0|0|0|NA|0
"420792170021"|0|1|0|0|0|0|0|1|1|1|0|0|1|0|0|13484|22474|21682|27902|11884|0|0|0|0|NA|0
"420792170022"|0|1|0|0|0|0|0|1|1|0|0|1|1|0|0|NA|NA|NA|NA|NA|0|0|0|0|NA|0
"420792171001"|0|1|0|0|0|0|0|1|1|0|0|1|1|0|0|NA|NA|NA|NA|NA|0|0|0|0|NA|0
"420799801001"|0|1|0|0|0|0|0|1|1|1|0|0|1|0|0|13484|22474|21682|27902|11884|0|0|0|0|NA|0
"420810005001"|0|1|0|0|0|0|0|1|1|1|0|0|0|1|0|40896|40896|NA|NA|13008|197|64|180|12557976|69766.5333333333|0
"420810005003"|0|1|0|0|0|0|0|1|1|1|0|0|0|1|0|40896|40896|NA|NA|13008|197|64|180|12557976|69766.5333333333|0
"420810008001"|0|1|1|0|0|0|0|1|1|1|0|0|0|1|0|14670|22020|14670|22020|11716|569|153|560|49299838|88035.425|0
"420810008002"|0|1|1|0|0|0|0|1|1|1|0|0|0|1|0|14670|22020|14670|22020|11716|569|153|560|49299838|88035.425|0
"420834201001"|0|1|0|0|0|0|0|1|1|1|0|0|0|1|0|13198|24666|NA|NA|9612|123|72|152|10366226|68198.8552631579|0
"420834202001"|0|1|0|0|0|0|0|1|1|1|0|0|0|1|0|13198|24666|NA|NA|9612|123|72|152|10366226|68198.8552631579|0
"420834203003"|0|1|0|0|0|0|0|1|1|1|0|0|0|1|0|13198|24666|NA|NA|9612|123|72|152|10366226|68198.8552631579|0
"420834210001"|0|1|0|0|0|0|0|1|1|1|0|0|0|1|0|13198|24666|NA|NA|9612|123|72|152|10366226|68198.8552631579|0
"420850303004"|0|1|0|0|0|0|0|1|1|0|0|1|1|0|0|14270|14270|NA|NA|NA|0|0|0|0|NA|0
"420850321002"|0|1|0|0|0|0|0|1|1|1|0|0|1|0|0|30766|30766|NA|NA|13040|132|52|114|6946564|60934.7719298246|0
"420850326013"|0|1|0|0|0|0|0|1|1|0|0|1|1|0|0|NA|NA|NA|NA|NA|0|0|0|0|NA|0
"420850326021"|0|1|0|0|0|0|0|1|1|0|0|1|1|0|0|NA|NA|NA|NA|NA|0|0|0|0|NA|0
"420850330003"|0|1|0|0|0|0|0|1|0|1|0|0|0|1|0|18470|18470|NA|NA|10060|0|0|0|0|NA|0
"420850330004"|0|1|0|0|0|0|0|1|0|1|0|0|0|1|0|18470|18470|NA|NA|10060|0|0|0|0|NA|0
"420850332001"|0|2|0|0|0|0|0|2|2|2|1|0|2|0|0|22374|30798|NA|NA|NA|8|2|32|1289122|NA|0
"420879611003"|0|1|0|0|0|0|0|1|1|0|0|1|1|0|0|NA|NA|NA|NA|NA|0|0|0|0|NA|0
"420879611007"|0|1|0|0|0|0|0|1|1|0|0|1|1|0|0|14873|14873|NA|NA|NA|0|0|0|0|NA|0
"420893004022"|0|1|0|0|0|0|0|1|1|0|0|1|1|0|0|NA|NA|NA|NA|NA|0|0|0|0|NA|0
"420893007003"|0|1|1|0|0|0|0|1|1|1|0|0|0|1|0|8504|21260|9288|13932|11760|375|109|492|43163530|87730.7520325203|0
"420893009003"|0|1|0|0|0|0|0|1|1|0|0|1|1|0|0|NA|NA|NA|NA|NA|0|0|0|0|NA|0
"420912002001"|0|1|1|0|0|0|0|1|1|1|0|0|1|0|0|22785|22785|19671|19671|12240|40|13|70|4842978|69185.4|0
"420912003071"|0|1|0|0|0|0|0|1|1|0|0|1|1|0|0|NA|NA|NA|NA|NA|0|0|0|0|NA|0
"420912003072"|0|1|0|0|0|0|0|1|1|0|0|1|1|0|0|NA|NA|NA|NA|NA|0|0|0|0|NA|0
"420912009081"|0|1|0|0|0|0|0|1|1|0|0|1|1|0|0|NA|NA|NA|NA|NA|0|0|0|0|NA|0
"420912009082"|0|1|0|0|0|0|0|1|1|0|0|1|1|0|0|NA|NA|NA|NA|NA|0|0|0|0|NA|0
"420912010033"|0|1|0|0|0|0|0|1|1|1|1|0|1|0|0|11400|11400|NA|NA|NA|10|1|4|159840|39960|0
"420912012011"|0|1|1|0|0|0|0|1|1|1|0|0|0|1|0|34864|34864|13749|13749|12850|209|54|188|12659342|67336.9255319149|0
"420912012012"|0|1|1|0|0|0|0|1|1|1|0|0|0|1|0|34864|34864|13749|13749|12850|209|54|188|12659342|67336.9255319149|0
"420912012031"|0|1|1|0|0|0|0|1|1|1|0|0|0|1|0|34864|34864|13749|13749|12850|209|54|188|12659342|67336.9255319149|0
"420912013021"|0|1|0|0|0|0|0|1|1|0|0|1|1|0|0|NA|NA|NA|NA|NA|0|0|0|0|NA|0
"420912014043"|0|1|1|0|0|0|0|1|1|1|0|0|1|0|0|14900|14900|17072|17072|NA|22|0|6|531460|88576.6666666667|0
"420912016082"|0|1|1|0|0|0|0|1|1|1|0|0|0|1|0|13540|22728|21792|28136|11884|0|0|0|0|NA|0
"420912016083"|0|1|1|0|0|0|0|1|1|1|0|0|0|1|0|13540|22728|21792|28136|11884|0|0|0|0|NA|0
"420912019023"|0|1|1|0|0|0|0|1|1|1|0|0|1|0|0|16922|16922|9600|9600|7962|56|17|68|3142466|46212.7352941177|0
"420912019024"|0|1|1|0|0|0|0|1|1|1|0|0|1|0|0|16922|16922|9600|9600|7962|56|17|68|3142466|46212.7352941177|0
"420912021003"|0|0|1|0|0|0|0|1|1|1|0|0|1|0|0|NA|NA|26000|26000|NA|33|16|10|884152|88415.2|0
"420912023012"|0|0|1|0|0|0|0|1|1|1|0|0|0|1|0|NA|NA|29893|29893|NA|197|68|184|18828116|102326.717391304|0
"420912023013"|0|0|1|0|0|0|0|1|1|1|0|0|0|1|0|NA|NA|29893|29893|NA|197|68|184|18828116|102326.717391304|0
"420912024025"|0|1|1|0|0|0|0|1|1|1|0|0|1|0|0|19648|19648|16452|16452|NA|21|8|8|528000|66000|0
"420912025002"|0|2|2|0|0|0|0|3|3|2|0|1|2|1|0|NA|NA|NA|NA|NA|391|116|388|27222568|NA|0
"420912025003"|0|1|2|0|0|0|0|2|2|2|0|0|1|1|0|NA|NA|45203|45203|NA|391|116|388|27222568|165624.881355932|0
"420912025004"|0|2|2|0|0|0|0|3|3|2|0|1|2|1|0|NA|NA|NA|NA|NA|391|116|388|27222568|NA|0
"420912026021"|0|0|1|0|0|0|0|1|1|1|0|0|1|0|0|NA|NA|26000|26000|NA|33|16|10|884152|88415.2|0
"420912026022"|0|1|0|0|0|0|0|1|1|1|1|0|1|0|0|NA|NA|NA|NA|NA|9|0|4|368000|92000|0
"420912026031"|0|0|1|0|0|0|0|1|1|1|0|0|1|0|0|NA|NA|19914|19914|NA|12|5|14|567016|40501.1428571429|0
"420912026032"|0|0|1|0|0|0|0|1|1|1|0|0|1|0|0|NA|NA|19914|19914|NA|12|5|14|567016|40501.1428571429|0
"420912026033"|0|0|1|0|0|0|0|1|1|1|0|0|1|0|0|NA|NA|19914|19914|NA|12|5|14|567016|40501.1428571429|0
"420912032041"|0|1|1|0|0|0|0|2|2|2|1|0|1|0|1|NA|NA|NA|NA|NA|289|84|340|21896944|98651.8536585366|0
"420912032043"|0|1|1|0|0|0|0|2|2|2|1|0|1|0|1|NA|NA|NA|NA|NA|289|84|340|21896944|98651.8536585366|0
"420912032044"|0|1|1|0|0|0|0|2|2|2|1|0|1|0|1|NA|NA|NA|NA|NA|289|84|340|21896944|98651.8536585366|0
"420912035003"|0|1|0|0|0|0|0|1|1|0|0|1|1|0|0|NA|NA|NA|NA|NA|0|0|0|0|NA|0
"420912035004"|0|1|0|0|0|0|0|1|1|0|0|1|1|0|0|NA|NA|NA|NA|NA|0|0|0|0|NA|0
"420912039021"|0|1|0|0|0|0|0|1|1|0|0|1|1|0|0|NA|NA|NA|NA|NA|0|0|0|0|NA|0
"420912049003"|0|1|1|0|0|0|0|1|1|1|0|0|1|0|0|19500|19500|12510|12510|12820|105|37|56|2677534|47813.1071428571|0
"420912049004"|0|1|1|0|0|0|0|1|1|1|0|0|1|0|0|19500|19500|12510|12510|12820|105|37|56|2677534|47813.1071428571|0
"420912050001"|0|1|1|0|0|0|0|1|1|1|0|0|0|1|0|53180|53180|45240|45240|17100|429|102|304|30877928|101572.131578947|0
"420912051001"|0|1|0|0|0|0|0|1|1|1|1|0|0|1|0|25000|25000|NA|NA|10500|155|41|124|8354762|67377.1129032258|0
"420912051002"|0|1|0|0|0|0|0|1|1|1|1|0|0|1|0|25000|25000|NA|NA|10500|155|41|124|8354762|67377.1129032258|0
"420912054002"|0|1|1|0|0|0|0|1|1|1|0|0|1|0|0|20600|20600|22727|22727|14111|31|16|40|1879238|46980.95|0
"420912058052"|0|1|1|0|0|0|0|1|0|1|0|0|0|1|0|NA|NA|NA|NA|NA|178|30|28|3502786|125099.5|0
"420912058082"|0|1|1|0|0|0|0|1|0|1|0|0|0|1|0|NA|NA|NA|NA|NA|178|30|28|3502786|125099.5|0
"420912059052"|0|1|0|0|0|0|0|1|1|0|0|1|1|0|0|NA|NA|NA|NA|NA|0|0|0|0|NA|0
"420912063001"|0|1|0|0|0|0|0|1|1|1|0|0|0|1|0|53610|53610|NA|NA|13120|249|107|250|20391630|81566.52|0
"420950105001"|0|1|0|0|0|0|0|1|1|0|0|1|1|0|0|NA|NA|NA|NA|NA|0|0|0|0|NA|0
"420950107004"|0|1|1|0|0|0|0|1|1|1|0|0|0|1|0|43581|43581|16605|16605|14602|251|103|306|23216134|75869.7189542484|0
"420950108002"|0|0|1|0|0|0|0|1|0|1|0|0|1|0|0|NA|NA|17610|17610|NA|33|16|12|643864|53655.3333333333|0
"420950111001"|0|1|1|0|0|0|0|1|1|1|0|0|0|1|0|54790|54790|27000|27000|14160|1213|355|1096|135753880|123863.02919708|0
"420950141001"|0|1|0|0|0|0|0|1|1|1|0|0|0|1|0|54512|54512|NA|NA|16264|570|197|518|57414614|110839.023166023|0
"420950143001"|0|1|0|0|0|0|0|1|1|1|0|0|0|1|0|54512|54512|NA|NA|16264|570|197|518|57414614|110839.023166023|0
"420950144003"|0|1|0|0|0|0|0|1|1|1|0|0|0|1|0|54512|54512|NA|NA|16264|570|197|518|57414614|110839.023166023|0
"420950176051"|0|1|0|0|0|0|0|1|1|1|1|0|0|1|0|6420|9630|NA|NA|9348|369|80|250|17022432|68089.728|0
"420970819002"|0|1|0|0|0|0|0|1|1|1|1|0|1|0|0|17370|17370|NA|NA|NA|10|1|20|858668|42933.4|0
"420970819003"|0|1|0|0|0|0|0|1|1|1|1|0|1|0|0|17370|17370|NA|NA|NA|10|1|20|858668|42933.4|0
"420970822004"|0|1|0|0|0|0|0|1|1|1|1|0|1|0|0|17370|17370|NA|NA|NA|10|1|20|858668|42933.4|0
"420990302011"|0|1|0|0|0|0|0|1|1|0|0|1|1|0|0|NA|NA|NA|NA|NA|0|0|0|0|NA|0
"421010003001"|0|2|2|0|0|0|0|2|2|2|0|0|2|0|0|80580|80580|85384|85384|32668|159|49|74|4904238|132653.71|0
"421010004021"|0|1|1|0|0|0|0|1|1|1|0|0|1|0|0|9552|9552|16752|16752|NA|0|0|0|0|NA|0
"421010004022"|0|1|1|0|0|0|0|1|1|1|0|0|1|0|0|9552|9552|16752|16752|NA|0|0|0|0|NA|0
"421010007002"|0|2|0|0|0|0|0|2|2|0|0|2|2|0|0|NA|NA|NA|NA|NA|0|0|0|0|NA|0
"421010008041"|0|1|1|0|0|0|0|1|1|1|0|0|1|0|0|NA|NA|NA|NA|14560|57|17|8|766284|95785.5|0
"421010009022"|0|1|1|0|1|1|0|1|1|1|0|0|0|1|0|40680|40680|21420|21420|13869|1908|420|602|59802532|99339.7541528239|0
"421010012024"|0|2|2|0|0|0|0|2|2|2|0|0|0|2|0|60930|60930|60426|60426|NA|307|99|262|17246430|140927.378205128|0
"421010012025"|0|0|1|0|0|0|0|1|1|0|0|1|1|0|0|NA|NA|NA|NA|NA|0|0|0|0|NA|0
"421010016001"|0|1|0|0|0|0|0|1|1|0|0|1|1|0|0|NA|NA|NA|NA|NA|0|0|0|0|NA|0
"421010022002"|0|1|0|0|0|0|0|1|1|1|1|0|1|0|0|14500|14500|NA|NA|NA|3|1|6|229280|38213.3333333333|0
"421010077002"|0|1|1|0|0|0|0|1|1|1|0|0|0|1|0|26983|26983|30168|30168|17166|274|59|324|29934968|92391.8765432099|0
"421010087021"|0|1|0|0|0|0|0|1|1|1|0|0|1|0|0|19650|19650|NA|NA|11728|33|5|34|2114406|62188.4117647059|0
"421010117001"|0|1|1|0|0|0|0|1|1|1|0|0|0|1|0|46350|46350|17334|17334|14840|619|184|598|57064722|95425.9565217391|0
"421010122042"|0|0|1|0|0|1|0|1|1|1|0|0|0|1|0|NA|NA|29387|29387|NA|0|0|0|0|NA|0
"421010125001"|0|2|0|0|0|0|0|2|2|2|1|0|1|0|1|29622|33438|NA|NA|NA|515|145|674|48543726|157558|0
"421010197001"|0|1|0|0|0|0|0|1|1|1|1|0|1|0|0|11997|11997|NA|NA|NA|2|0|2|90000|45000|0
"421010211002"|0|1|0|0|0|0|0|1|1|0|0|1|1|0|0|12292|12292|NA|NA|NA|0|0|0|0|NA|0
"421010263024"|0|1|0|0|0|0|0|1|1|0|0|1|1|0|0|NA|NA|NA|NA|NA|0|0|0|0|NA|0
"421010279022"|0|1|1|0|0|0|0|1|1|1|0|0|0|1|0|30700|30700|25060|25060|15150|443|107|426|36922510|86672.558685446|0
"421010333001"|0|1|0|0|0|0|0|1|1|0|0|1|1|0|0|NA|NA|NA|NA|NA|0|0|0|0|NA|0
"421010334001"|0|1|0|0|0|0|0|1|1|0|0|1|1|0|0|NA|NA|NA|NA|NA|0|0|0|0|NA|0
"421010349001"|0|1|0|0|0|0|0|1|1|1|1|0|1|0|0|NA|NA|NA|NA|NA|17|6|18|1240628|68923.7777777778|0
"421010352001"|0|1|1|0|0|0|0|1|1|1|0|0|0|1|0|29990|29990|9000|9000|14500|146|43|160|11690632|73066.45|0
"421010362031"|0|1|0|0|0|0|0|1|1|0|0|1|1|0|0|NA|NA|NA|NA|NA|0|0|0|0|NA|0
"421010362033"|0|1|1|0|0|0|0|1|1|1|0|0|0|1|0|29990|29990|9000|9000|14500|146|43|160|11690632|73066.45|0
"421010369001"|0|1|1|0|1|1|0|1|1|1|0|0|0|0|1|51156|51156|36254|36254|16190|9022|1515|2944|484272214|164494.637907609|0
"421010369002"|0|1|1|0|1|1|0|1|1|1|0|0|0|0|1|51156|51156|36254|36254|16190|9022|1515|2944|484272214|164494.637907609|0
"421010369003"|0|1|1|0|0|1|0|1|1|1|0|0|0|0|1|52146|52146|35181|35181|14241|2514|541|2232|250692100|112317.249103943|0
"421010375001"|0|1|0|0|0|0|0|1|1|1|0|0|1|0|0|9350|9350|NA|NA|7650|0|0|12|712172|59347.6666666667|0
"421010376001"|0|0|1|0|0|0|0|1|1|1|0|0|1|0|0|NA|NA|12774|12774|NA|11|1|16|1128608|70538|0
"421010376002"|0|1|0|0|0|0|0|1|1|0|0|1|1|0|0|12600|12600|NA|NA|NA|0|0|0|0|NA|0
"421010377001"|0|1|1|0|1|1|0|1|1|1|0|0|0|0|1|16080|28992|16956|23346|14484|3554|955|3298|376976300|114304.51788963|0
"421010387002"|0|1|1|0|0|0|0|1|1|1|0|0|0|1|0|36950|36950|17040|17040|11000|127|34|136|8252046|60676.8088235294|0
"421019803001"|0|2|0|0|0|0|0|2|2|1|1|1|2|0|0|NA|NA|NA|NA|NA|38|6|20|879434|NA|0
"421070014001"|0|1|0|0|0|0|0|1|1|0|0|1|1|0|0|NA|NA|NA|NA|NA|0|0|0|0|NA|0
"421070020004"|0|1|0|0|0|0|0|1|1|0|0|1|1|0|0|10375|10375|NA|NA|NA|0|0|0|0|NA|0
"421070022002"|0|1|0|0|0|0|0|1|1|0|0|1|1|0|0|NA|NA|NA|NA|NA|0|0|0|0|NA|0
"421070032004"|0|1|0|0|0|0|0|1|1|1|0|0|1|0|0|13484|22474|21682|27902|11884|0|0|0|0|NA|0
"421090701005"|0|1|0|0|0|0|0|1|1|0|0|1|1|0|0|NA|NA|NA|NA|NA|0|0|0|0|NA|0
"421099807051"|0|1|1|0|0|0|0|1|1|1|0|0|0|1|0|48560|48560|48560|48560|13140|304|127|276|20439708|74056.9130434783|0
"421110201012"|0|1|0|0|0|0|0|1|1|1|1|0|1|0|0|12444|12444|NA|NA|14274|8|3|50|3358506|67170.12|0
"421110202002"|0|3|0|0|0|0|0|3|2|2|1|1|1|2|0|NA|NA|NA|NA|NA|257|95|336|22116060|NA|0
"421110203001"|0|3|0|0|0|0|0|3|2|2|1|1|1|2|0|NA|NA|NA|NA|NA|257|95|336|22116060|NA|0
"421110203005"|0|3|0|0|0|0|0|3|2|2|1|1|1|2|0|NA|NA|NA|NA|NA|257|95|336|22116060|NA|0
"421110209003"|0|1|0|0|0|0|0|1|1|0|0|1|1|0|0|NA|NA|NA|NA|NA|0|0|0|0|NA|0
"421150328001"|0|1|0|0|0|0|0|1|0|0|0|1|1|0|0|NA|NA|NA|NA|NA|0|0|0|0|NA|0
"421179506002"|0|1|1|0|0|0|0|1|1|1|0|0|0|1|0|7716|10032|9288|13932|10148|193|60|182|16494592|90629.6263736264|0
"421179506003"|0|1|1|0|0|0|0|1|1|1|0|0|0|1|0|7716|10032|9288|13932|10148|193|60|182|16494592|90629.6263736264|0
"421190905024"|0|1|0|0|0|0|0|1|1|1|1|0|1|0|0|NA|NA|NA|NA|NA|11|1|10|353656|35365.6|0
"421190906002"|0|1|1|0|0|0|0|1|1|1|0|0|0|1|0|57882|57882|25412|25412|14174|920|275|846|86956716|102785.716312057|0
"421190906003"|0|1|0|0|0|0|0|1|1|0|0|1|1|0|0|NA|NA|NA|NA|NA|0|0|0|0|NA|0
"421199805011"|0|1|0|0|0|0|0|1|1|1|1|0|1|0|0|NA|NA|NA|NA|NA|11|1|10|353656|35365.6|0
"421199808001"|0|1|1|0|0|0|0|1|1|1|0|0|0|1|0|57882|57882|25412|25412|14174|920|275|846|86956716|102785.716312057|0
"421199808002"|0|1|1|0|0|0|0|1|1|1|0|0|0|1|0|57882|57882|25412|25412|14174|920|275|846|86956716|102785.716312057|0
"421212010002"|0|1|0|0|0|0|0|1|1|0|0|1|1|0|0|NA|NA|NA|NA|NA|0|0|0|0|NA|0
"421212010003"|0|1|0|0|0|0|0|1|1|0|0|1|1|0|0|NA|NA|NA|NA|NA|0|0|0|0|NA|0
"421257422001"|0|1|0|0|0|0|0|1|1|0|0|1|1|0|0|NA|NA|NA|NA|NA|0|0|0|0|NA|0
"421257542002"|0|1|1|0|0|0|0|1|1|1|0|0|0|1|0|48758|48758|2100|2100|12504|240|76|226|16805434|74360.3274336283|0
"421257551002"|0|2|0|0|0|0|0|2|2|1|1|1|2|0|0|23849|23849|NA|NA|NA|29|3|64|2196480|NA|0
"421257922002"|0|1|1|0|0|0|0|1|1|1|0|0|0|1|0|7716|11574|9288|13932|10186|406|115|538|49825942|92613.2750929368|0
"421298017011"|0|1|0|0|0|0|0|1|1|1|0|0|1|0|0|12718|21310|20698|26534|NA|0|0|0|0|NA|0
"421298031003"|0|1|0|0|0|0|0|1|1|0|0|1|1|0|0|11250|11250|NA|NA|NA|0|0|0|0|NA|0
"421298039021"|0|1|1|0|0|0|0|1|1|1|0|0|0|1|0|36306|36306|14652|14652|12212|205|90|196|15505336|79108.8571428571|0
"421298041001"|0|1|0|0|0|0|0|1|1|1|1|0|1|0|0|17370|17370|NA|NA|NA|9|1|28|1230924|43961.5714285714|0
"421298045024"|0|1|0|0|0|0|0|1|1|1|0|0|0|1|0|13198|24666|NA|NA|10870|104|48|156|10314944|66121.4358974359|0
"421298049001"|0|1|0|0|0|0|0|1|1|1|1|0|0|1|0|7448|11172|NA|NA|NA|181|69|160|10230314|63939.4625|0
"421298049002"|0|1|0|0|0|0|0|1|1|1|1|0|0|1|0|7448|11172|NA|NA|NA|181|69|160|10230314|63939.4625|0
"421298049003"|0|1|0|0|0|0|0|1|1|1|1|0|0|1|0|7448|11172|NA|NA|NA|181|69|160|10230314|63939.4625|0
"421298054001"|0|1|0|0|0|0|0|1|1|1|1|0|1|0|0|18090|18090|NA|NA|NA|40|3|20|821236|41061.8|0
"421298074022"|0|1|2|0|0|0|0|2|2|2|0|0|1|1|0|NA|NA|43462|43462|NA|252|113|218|15064744|121225.813084112|0
"421314003001"|0|1|1|0|0|0|0|1|1|1|0|0|0|1|0|24920|24920|15600|15600|11900|110|50|94|4839596|51485.0638297872|0
"421330101102"|0|1|0|0|0|0|0|1|1|1|1|0|1|0|0|NA|NA|NA|NA|NA|35|6|84|3248826|38676.5|0
"421330101103"|0|1|0|0|0|0|0|1|1|1|1|0|1|0|0|NA|NA|NA|NA|NA|35|6|84|3248826|38676.5|0
"421330102202"|0|1|0|0|0|0|0|1|1|0|0|1|1|0|0|NA|NA|NA|NA|NA|0|0|0|0|NA|0
"421330104005"|0|1|1|0|0|0|0|1|1|1|0|0|1|0|0|13484|22474|21682|27902|NA|0|0|0|0|NA|0
"421330105103"|0|1|1|0|0|0|0|1|1|1|0|0|0|1|0|18910|18910|13212|13212|11540|313|89|352|28501274|80969.5284090909|0
"421330208005"|0|1|0|0|0|0|0|1|0|0|0|0|0|0|0|NA|NA|NA|NA|NA|0|0|0|0|NA|0
"421330223001"|0|1|0|0|0|0|0|1|1|0|0|1|1|0|0|NA|NA|NA|NA|NA|0|0|0|0|NA|0
"421330228003"|0|1|0|0|0|0|0|1|1|0|0|1|1|0|0|NA|NA|NA|NA|NA|0|0|0|0|NA|0
"440010308002"|0|1|2|0|0|0|0|2|2|2|0|0|1|1|0|NA|NA|33610|33610|NA|618|137|462|52073970|240960.997607656|0
"440010308003"|0|1|2|0|0|0|0|2|2|2|0|0|1|1|0|NA|NA|33610|33610|NA|618|137|462|52073970|240960.997607656|0
"440010308004"|0|1|2|0|0|0|0|2|2|2|0|0|1|1|0|NA|NA|33610|33610|NA|618|137|462|52073970|240960.997607656|0
"440030201012"|0|1|1|0|0|0|0|1|1|1|0|0|0|1|0|29100|29100|13320|13320|16125|140|40|244|20102240|82386.2295081967|0
"440030206033"|0|1|1|0|0|0|0|1|1|1|0|0|0|1|0|29100|29100|13320|13320|16125|140|40|244|20102240|82386.2295081967|0
"440030208001"|0|1|1|0|0|0|0|1|1|1|0|0|0|1|0|29100|29100|13320|13320|16125|140|40|244|20102240|82386.2295081967|0
"440030208002"|0|1|1|0|0|0|0|1|1|1|0|0|0|1|0|29100|29100|13320|13320|16125|140|40|244|20102240|82386.2295081967|0
"440030209031"|0|1|1|0|0|0|0|1|1|1|0|0|0|1|0|29100|29100|13320|13320|16125|140|40|244|20102240|82386.2295081967|0
"440030209032"|0|1|1|0|0|0|0|1|1|1|0|0|0|1|0|29100|29100|13320|13320|16125|140|40|244|20102240|82386.2295081967|0
"440030221003"|0|1|0|0|0|0|0|1|1|1|1|0|0|0|1|4284|12128|NA|NA|NA|452|145|604|37384546|61894.9437086093|0
"440030223003"|0|1|0|0|0|0|0|1|1|0|0|1|1|0|0|NA|NA|NA|NA|NA|0|0|0|0|NA|0
"440050409001"|0|1|1|0|0|0|0|1|1|1|0|0|0|1|0|40750|40750|10890|10890|14960|273|92|236|18909038|80123.0423728814|0
"440050409003"|0|1|1|0|0|0|0|1|1|1|0|0|0|1|0|40750|40750|10890|10890|14960|273|92|236|18909038|80123.0423728814|0
"440050409004"|0|1|1|0|0|0|0|1|1|1|0|0|0|1|0|40750|40750|10890|10890|14960|273|92|236|18909038|80123.0423728814|0
"440050410002"|0|1|0|0|0|0|0|1|1|0|0|1|1|0|0|NA|NA|NA|NA|NA|0|0|0|0|NA|0
"440070006001"|0|3|2|0|0|0|0|3|3|2|0|1|1|2|0|NA|NA|NA|NA|NA|793|158|560|49492224|NA|0
"440070006002"|0|1|0|0|0|0|0|1|1|1|0|0|1|0|0|9912|9912|NA|NA|NA|8|2|0|0|NA|0
"440070008003"|0|2|2|0|0|0|0|2|2|2|0|0|0|2|0|46419|46419|27468|27468|NA|793|158|560|49492224|135117.756272401|0
"440070011001"|0|1|0|0|0|0|0|1|1|0|0|1|1|0|0|NA|NA|NA|NA|NA|0|0|0|0|NA|0
"440070017002"|0|1|0|0|0|0|0|1|1|0|0|1|1|0|0|NA|NA|NA|NA|NA|0|0|0|0|NA|0
"440070024001"|0|1|1|0|0|0|0|1|1|1|0|0|0|1|0|51490|51490|9660|9660|15140|564|175|596|58816064|98684.6711409396|0
"440070024005"|0|1|1|0|0|0|0|1|1|1|0|0|0|1|0|8218|21683|7722|15048|12394|521|152|662|53989884|81555.7160120846|0
"440070036023"|0|2|2|0|0|1|0|2|2|2|0|0|0|1|1|108912|108912|108912|108912|29052|4061|711|2218|291693924|233913.55117129|0
"440070037002"|0|1|0|0|0|0|0|1|1|0|0|1|1|0|0|NA|NA|NA|NA|NA|0|0|0|0|NA|0
"440070104003"|0|1|0|0|0|0|0|1|1|0|0|1|1|0|0|NA|NA|NA|NA|NA|0|0|0|0|NA|0
"440070116004"|0|1|0|0|0|0|0|1|1|0|0|1|1|0|0|NA|NA|NA|NA|NA|0|0|0|0|NA|0
"440070120001"|0|1|0|0|0|0|0|1|0|0|0|0|0|0|0|NA|NA|NA|NA|NA|0|0|0|0|NA|0
"440070120003"|0|1|1|0|0|0|0|1|1|1|0|0|0|1|0|8218|21683|7722|15048|12394|521|152|662|53989884|81555.7160120846|0
"440070120005"|0|1|0|0|0|0|0|1|0|0|0|0|0|0|0|NA|NA|NA|NA|NA|0|0|0|0|NA|0
"440070126011"|0|1|1|0|0|0|0|1|1|1|0|0|0|1|0|44498|44498|26832|26832|15705|511|161|352|45234882|128508.1875|0
"440070142001"|0|1|0|0|0|0|0|1|1|0|0|1|1|0|0|NA|NA|NA|NA|NA|0|0|0|0|NA|0
"440070142002"|0|1|0|0|0|0|0|1|1|0|0|1|1|0|0|NA|NA|NA|NA|NA|0|0|0|0|NA|0
"440070142003"|0|1|0|0|0|0|0|1|1|0|0|1|1|0|0|NA|NA|NA|NA|NA|0|0|0|0|NA|0
"440070147004"|0|1|0|0|0|0|0|1|1|0|0|1|1|0|0|NA|NA|NA|NA|NA|0|0|0|0|NA|0
"440070147006"|0|1|0|0|0|0|0|1|1|0|0|1|1|0|0|NA|NA|NA|NA|NA|0|0|0|0|NA|0
"440070151001"|0|1|0|0|0|0|0|1|1|0|0|1|1|0|0|NA|NA|NA|NA|NA|0|0|0|0|NA|0
"440070161001"|0|1|0|0|0|0|0|1|1|0|0|1|1|0|0|NA|NA|NA|NA|NA|0|0|0|0|NA|0
"440090505003"|0|1|1|0|0|0|0|1|1|1|0|0|0|0|1|12590|29710|13734|26512|12688|1853|410|1528|154134662|100873.469895288|0
"440090514001"|0|1|1|0|0|0|0|1|1|1|0|0|0|0|1|12590|29710|13734|26512|12688|1853|410|1528|154134662|100873.469895288|0
"450019502002"|0|1|1|0|0|0|0|1|1|1|0|0|1|0|0|34435|34435|13200|13200|11465|78|32|82|4062402|49541.4878048781|0
"450030204003"|0|1|0|0|0|0|0|1|1|1|1|0|0|1|0|4776|6408|NA|NA|NA|73|33|106|5457912|51489.7358490566|0
"450030207021"|0|1|0|0|0|0|0|1|1|0|0|1|1|0|0|NA|NA|NA|NA|NA|0|0|0|0|NA|0
"450030212021"|0|1|0|0|0|0|0|1|1|0|0|1|1|0|0|NA|NA|NA|NA|NA|0|0|0|0|NA|0
"450030213001"|0|1|0|0|0|0|0|1|1|0|0|1|1|0|0|NA|NA|NA|NA|NA|0|0|0|0|NA|0
"450030213002"|0|1|0|0|0|0|0|1|1|0|0|1|1|0|0|NA|NA|NA|NA|NA|0|0|0|0|NA|0
"450030213004"|0|1|1|0|0|0|0|1|1|1|0|0|0|1|0|10398|20856|13734|29760|7946|201|102|322|21493934|66751.347826087|0
"450030214002"|0|1|0|0|0|0|0|1|1|0|0|1|1|0|0|NA|NA|NA|NA|NA|0|0|0|0|NA|0
"450059702003"|0|1|0|0|0|0|0|1|1|1|1|0|1|0|0|7158|17838|NA|NA|NA|40|25|48|2553224|53192.1666666667|0
"450070002002"|0|1|1|0|0|0|0|1|1|1|0|0|0|1|0|26130|26130|9651|9651|10280|244|117|318|20880498|65661.9433962264|0
"450070002003"|0|1|1|0|0|0|0|1|1|1|0|0|0|1|0|26130|26130|9651|9651|10280|244|117|318|20880498|65661.9433962264|0
"450070006001"|0|1|0|0|0|0|0|1|1|1|1|0|1|0|0|9990|9990|NA|NA|NA|6|2|8|273880|34235|0
"450070101021"|0|1|0|0|0|0|0|1|1|0|0|1|1|0|0|NA|NA|NA|NA|NA|0|0|0|0|NA|0
"450070101032"|0|1|0|0|0|0|0|1|1|0|0|1|1|0|0|NA|NA|NA|NA|NA|0|0|0|0|NA|0
"450070102001"|0|1|0|0|0|0|0|1|1|0|0|1|1|0|0|NA|NA|NA|NA|NA|0|0|0|0|NA|0
"450070107006"|0|2|1|0|0|0|0|2|2|2|1|0|0|1|1|19718|46958|NA|NA|NA|4209|1048|2992|279536170|146677.940810128|0
"450099601002"|0|2|0|2|0|0|0|2|2|2|1|0|2|0|0|17037|22445|NA|NA|13700|143|40|100|4554672|90826.499194847|0
"450130007004"|0|1|0|0|0|0|0|1|1|1|1|0|0|1|0|5160|10104|NA|NA|NA|92|39|100|5100372|51003.72|0
"450130021042"|0|1|1|0|0|0|0|1|1|1|0|0|0|1|0|10344|21390|13734|29760|8350|150|58|186|12538104|67409.1612903226|0
"450150207191"|0|1|0|0|0|0|0|1|1|0|0|1|1|0|0|NA|NA|NA|NA|NA|0|0|0|0|NA|0
"450150207211"|0|1|1|0|0|0|0|1|1|1|0|0|0|1|0|26000|26000|7500|7500|10400|211|45|440|27902060|63413.7727272727|0
"450150207223"|0|1|1|0|0|0|0|1|1|1|0|0|0|1|0|26000|26000|7500|7500|10400|211|45|440|27902060|63413.7727272727|0
"450190004001"|0|1|1|0|0|0|0|1|1|1|0|0|0|0|1|70|70|70|70|12123|1013|367|1052|83543750|79414.211026616|0
"450190006001"|0|1|1|0|0|1|0|1|1|1|0|0|0|1|0|15622|23340|16333|23423|NA|1822|110|288|34949352|121351.916666667|0
"450190027011"|0|2|0|0|0|0|0|2|2|0|0|2|2|0|0|NA|NA|NA|NA|NA|0|0|0|0|NA|0
"450190031042"|0|1|0|0|0|0|0|1|1|1|1|0|0|0|1|5024|8571|NA|NA|NA|423|154|512|26764800|52275|0
"450190031051"|0|1|0|0|0|0|0|1|1|1|1|0|1|0|0|NA|NA|NA|NA|NA|25|15|18|906000|50333.3333333333|0
"450190031052"|0|1|0|0|0|0|0|1|1|1|1|0|1|0|0|NA|NA|NA|NA|NA|25|15|18|906000|50333.3333333333|0
"450190031111"|0|1|0|0|0|0|0|1|1|0|0|1|1|0|0|NA|NA|NA|NA|NA|0|0|0|0|NA|0
"450190031141"|0|1|0|0|0|0|0|1|1|1|1|0|1|0|0|NA|NA|NA|NA|NA|19|2|16|464560|29035|0
"450190031151"|0|1|1|0|0|0|0|1|1|1|0|0|0|1|0|26000|26000|7500|7500|10400|211|45|440|27902060|63413.7727272727|0
"450190032001"|0|2|0|0|0|0|0|2|2|1|1|1|2|0|0|NA|NA|NA|NA|NA|25|15|18|906000|NA|0
"450190046061"|0|1|0|0|0|0|0|1|1|1|0|0|1|0|0|19872|19872|NA|NA|NA|13|2|20|1124500|56225|0
"450190052002"|0|1|1|0|0|0|0|1|1|1|0|0|0|1|0|75|75|10740|18390|7109|446|138|408|32710036|80171.6568627451|0
"450190054002"|0|1|0|0|0|0|0|1|1|1|0|0|1|0|0|19872|19872|NA|NA|NA|13|2|20|1124500|56225|0
"450190054003"|0|1|0|0|0|0|0|1|1|1|0|0|1|0|0|19872|19872|NA|NA|NA|13|2|20|1124500|56225|0
"450190055001"|0|1|0|0|0|0|0|1|1|0|0|1|1|0|0|NA|NA|NA|NA|NA|0|0|0|0|NA|0
"450219706011"|0|1|1|0|0|0|0|1|1|1|0|0|0|1|0|25200|25200|12350|12350|9900|168|82|186|10636808|57187.1397849462|0
"450219706012"|0|1|1|0|0|0|0|1|1|1|0|0|0|1|0|25200|25200|12350|12350|9900|168|82|186|10636808|57187.1397849462|0
"450219706014"|0|1|1|0|0|0|0|1|1|1|0|0|0|1|0|25200|25200|12350|12350|9900|168|82|186|10636808|57187.1397849462|0
"450259505024"|0|1|0|0|0|0|0|1|1|1|1|0|0|1|0|4272|6888|NA|NA|NA|60|30|36|1444714|40130.9444444444|0
"450310103003"|0|1|1|0|0|0|0|1|1|1|0|0|0|1|0|29976|29976|14897|14897|9604|99|41|136|6916798|50858.8088235294|0
"450310106001"|0|1|1|0|0|0|0|1|1|1|0|0|0|1|0|29976|29976|14897|14897|9604|99|41|136|6916798|50858.8088235294|0
"450310106002"|0|1|1|0|0|0|0|1|1|1|0|0|0|1|0|29976|29976|14897|14897|9604|99|41|136|6916798|50858.8088235294|0
"450310106003"|0|1|1|0|0|0|0|1|1|1|0|0|0|1|0|29976|29976|14897|14897|9604|99|41|136|6916798|50858.8088235294|0
"450310109005"|0|2|0|0|0|0|0|2|2|1|1|1|1|1|0|NA|NA|NA|NA|NA|139|39|182|9620508|NA|0
"450350108181"|0|1|0|0|0|0|0|1|1|0|0|1|1|0|0|NA|NA|NA|NA|NA|0|0|0|0|NA|0
"450410001011"|0|2|0|0|0|0|0|2|2|1|1|1|1|1|0|NA|NA|NA|NA|NA|139|39|182|9620508|NA|0
"450410005004"|0|1|1|0|0|0|0|1|1|1|0|0|0|1|0|10384|20768|10612|21224|8211|286|115|428|29416816|68730.8785046729|0
"450450012031"|0|1|1|0|0|0|0|1|1|1|0|0|0|1|0|18141|18141|8162|8162|7580|426|177|334|14969792|44819.7365269461|0
"450450014001"|0|1|0|0|0|0|0|1|1|1|0|0|0|0|1|4916|9140|NA|NA|NA|352|117|652|30916732|47418.3006134969|0
"450450018041"|0|1|0|0|0|0|0|1|1|0|0|1|1|0|0|NA|NA|NA|NA|NA|0|0|0|0|NA|0
"450450028082"|0|1|0|0|0|0|0|1|1|0|0|1|1|0|0|NA|NA|NA|NA|NA|0|0|0|0|NA|0
"450450033014"|0|1|0|0|0|0|0|1|1|0|0|1|1|0|0|NA|NA|NA|NA|NA|0|0|0|0|NA|0
"450450038011"|0|1|1|0|0|0|0|1|1|1|0|0|0|1|0|50464|50464|6225|6225|13034|670|243|540|47568582|88089.9666666667|0
"450450038012"|0|1|1|0|0|0|0|1|1|1|0|0|0|1|0|50464|50464|6225|6225|13034|670|243|540|47568582|88089.9666666667|0
"450450040022"|0|1|1|0|0|0|0|1|1|1|0|0|0|1|0|21120|21120|10800|10800|10240|261|107|314|18103634|57654.8853503185|0
"450450043001"|0|1|0|0|0|0|0|1|1|0|0|1|1|0|0|NA|NA|NA|NA|NA|0|0|0|0|NA|0
"450450043002"|0|1|0|0|0|0|0|1|1|0|0|1|1|0|0|NA|NA|NA|NA|NA|0|0|0|0|NA|0
"450450044001"|0|1|1|0|0|0|0|1|1|1|0|0|0|1|0|13320|13320|14940|14940|NA|35|0|2|125012|62506|0
"450479702011"|0|1|0|0|0|0|0|1|1|0|0|1|1|0|0|NA|NA|NA|NA|NA|0|0|0|0|NA|0
"450479703013"|0|1|1|0|0|0|0|1|1|1|0|0|0|1|0|10700|20300|8856|16844|9400|307|49|280|16739224|59782.9428571429|0
"450479706002"|0|1|0|0|0|0|0|1|1|1|1|0|0|1|0|5070|6348|NA|NA|NA|149|74|224|10862406|48492.8839285714|0
"450510503032"|0|1|0|0|0|0|0|1|1|0|0|1|1|0|0|NA|NA|NA|NA|NA|0|0|0|0|NA|0
"450510604031"|0|2|1|0|0|0|0|2|2|2|1|0|0|1|1|16548|35566|NA|NA|NA|1127|357|1306|86593358|124400.194970194|0
"450510604041"|0|1|0|0|0|0|0|1|1|1|1|0|1|0|0|NA|NA|NA|NA|NA|18|2|20|590880|29544|0
"450510604051"|0|2|1|0|0|0|0|2|2|2|1|0|0|1|1|16548|35566|NA|NA|NA|1127|357|1306|86593358|124400.194970194|0
"450559705001"|0|1|0|0|0|0|0|1|1|0|0|1|1|0|0|NA|NA|NA|NA|NA|0|0|0|0|NA|0
"450570109001"|0|1|0|0|0|0|0|1|1|1|1|0|0|1|0|7158|17838|NA|NA|NA|43|19|104|5922136|56943.6153846154|0
"450570109003"|0|1|0|0|0|0|0|1|1|1|1|0|0|1|0|7158|17838|NA|NA|NA|43|19|104|5922136|56943.6153846154|0
"450599208002"|0|1|1|0|0|0|0|1|1|1|0|0|0|1|0|36300|36300|52594|52594|10680|202|120|208|16812022|80827.0288461538|0
"450630203001"|0|2|1|0|0|1|0|2|2|1|0|1|1|0|1|NA|NA|NA|NA|NA|3830|1355|2920|294955602|NA|0
"450630205081"|0|2|0|0|0|0|0|2|2|1|1|1|2|0|0|NA|NA|NA|NA|NA|18|6|18|841200|NA|0
"450630205082"|0|2|0|0|0|0|0|2|2|1|1|1|2|0|0|NA|NA|NA|NA|NA|18|6|18|841200|NA|0
"450630205092"|0|2|0|0|0|0|0|2|2|1|1|1|2|0|0|NA|NA|NA|NA|NA|18|6|18|841200|NA|0
"450630205101"|0|1|0|0|0|0|0|1|1|0|0|1|1|0|0|NA|NA|NA|NA|NA|0|0|0|0|NA|0
"450630205111"|0|1|0|0|0|0|0|1|1|0|0|1|1|0|0|NA|NA|NA|NA|NA|0|0|0|0|NA|0
"450639801001"|0|1|0|0|0|0|0|1|1|1|1|0|0|1|0|5640|13536|NA|NA|NA|353|139|438|24986692|57047.2420091324|0
"450679506002"|0|1|0|0|0|0|0|1|1|0|0|1|1|0|0|NA|NA|NA|NA|NA|0|0|0|0|NA|0
"450719502022"|0|1|0|0|0|0|0|1|1|1|0|0|0|1|0|25000|25000|NA|NA|11000|131|55|136|7026864|51668.1176470588|0
"450719502023"|0|1|0|0|0|0|0|1|1|1|0|0|0|1|0|25000|25000|NA|NA|11000|131|55|136|7026864|51668.1176470588|0
"450730307022"|0|1|1|0|0|0|0|1|1|1|0|0|0|0|1|14118|37110|10600|22050|11414|3991|959|2702|265494540|98258.5270170244|0
"450730307023"|0|1|1|0|0|0|0|1|1|1|0|0|0|0|1|14118|37110|10600|22050|11414|3991|959|2702|265494540|98258.5270170244|0
"450750108001"|0|1|0|0|0|0|0|1|1|1|1|0|0|1|0|5424|7200|NA|NA|NA|91|26|140|6682252|47730.3714285714|0
"450750111002"|0|1|0|0|0|0|0|1|1|1|1|0|0|1|0|5424|7200|NA|NA|NA|91|26|140|6682252|47730.3714285714|0
"450750112001"|0|1|1|1|0|0|0|1|1|1|0|0|0|1|0|9528|20218|9928|21038|9000|404|177|270|17462522|64676.0074074074|0
"450750112002"|0|1|1|1|0|0|0|1|1|1|0|0|0|1|0|16476|16476|11653|11653|9480|211|81|244|16260834|66642.762295082|0
"450750113001"|0|1|0|0|0|0|0|1|1|0|0|1|1|0|0|NA|NA|NA|NA|NA|0|0|0|0|NA|0
"450770111021"|0|1|1|0|0|0|0|1|1|1|0|0|0|1|0|24926|24926|10170|10170|9190|141|40|102|6053220|59345.2941176471|0
"450770112022"|0|1|1|0|0|0|0|1|1|1|0|0|0|0|1|14118|37110|10600|22050|11414|3991|959|2702|265494540|98258.5270170244|0
"450770112033"|0|1|1|0|0|0|0|1|1|1|0|0|0|0|1|14118|37110|10600|22050|11414|3991|959|2702|265494540|98258.5270170244|0
"450790001002"|0|1|1|0|0|0|0|1|1|1|0|0|0|1|0|18397|18397|8574|8574|7900|92|38|108|6176724|57191.8888888889|0
"450790002002"|0|1|0|0|0|0|0|1|0|1|0|0|1|0|0|5148|5148|NA|NA|NA|0|0|0|0|NA|0
"450790010001"|0|1|1|1|0|0|0|1|1|1|0|0|0|1|0|14280|14280|9900|9900|6200|211|54|168|8874382|52823.7023809524|0
"450790013004"|0|1|1|1|0|0|0|1|1|1|0|0|1|0|0|12540|12540|8100|8100|7592|71|16|80|3987950|49849.375|0
"450790016001"|0|1|0|0|0|0|0|1|1|0|0|1|1|0|0|NA|NA|NA|NA|NA|0|0|0|0|NA|0
"450790016002"|0|1|0|0|0|0|0|1|1|0|0|1|1|0|0|NA|NA|NA|NA|NA|0|0|0|0|NA|0
"450790029001"|0|2|1|0|0|1|0|2|2|1|0|1|1|0|1|NA|NA|NA|NA|NA|3830|1355|2920|294955602|NA|0
"450790029002"|0|2|1|0|0|1|0|2|2|1|0|1|1|0|1|NA|NA|NA|NA|NA|3830|1355|2920|294955602|NA|0
"450790029003"|0|2|1|0|0|1|0|2|2|1|0|1|1|0|1|NA|NA|NA|NA|NA|3830|1355|2920|294955602|NA|0
"450790104031"|0|3|0|0|0|0|0|3|3|2|2|1|3|0|0|NA|NA|NA|NA|NA|37|14|34|1951200|NA|0
"450790104032"|0|1|0|0|0|0|0|1|1|1|1|0|1|0|0|14750|14750|NA|NA|NA|19|8|16|1110000|69375|0
"450790104033"|0|1|0|0|0|0|0|1|1|1|1|0|1|0|0|14750|14750|NA|NA|NA|19|8|16|1110000|69375|0
"450790105011"|0|1|1|0|0|0|0|1|1|1|0|0|0|1|0|23090|23090|9360|9360|8850|188|48|76|4463650|58732.2368421053|0
"450790105012"|0|1|1|0|0|0|0|1|1|1|0|0|0|1|0|23090|23090|9360|9360|8850|188|48|76|4463650|58732.2368421053|0
"450790113033"|0|1|0|0|0|0|0|1|0|0|0|0|0|0|0|NA|NA|NA|NA|NA|0|0|0|0|NA|0
"450790114041"|0|1|1|0|0|0|0|1|1|1|0|0|1|0|0|16920|16920|15600|15600|NA|50|4|40|3408920|85223|0
"450790116071"|0|1|0|0|0|0|0|1|1|0|0|1|1|0|0|NA|NA|NA|NA|NA|0|0|0|0|NA|0
"450790116081"|0|1|0|0|0|0|0|1|1|0|0|1|1|0|0|NA|NA|NA|NA|NA|0|0|0|0|NA|0
"450790116082"|0|1|0|0|0|0|0|1|1|0|0|1|1|0|0|NA|NA|NA|NA|NA|0|0|0|0|NA|0
"450830203013"|0|1|0|0|0|0|0|1|1|1|0|0|0|1|0|44135|44135|NA|NA|13225|295|70|286|21373608|74732.8951048951|0
"450830206012"|0|1|0|0|0|0|0|1|1|1|0|0|1|0|0|15750|15750|NA|NA|9500|89|23|66|3691562|55932.7575757576|0
"450830212001"|0|1|1|0|0|0|0|1|1|1|0|0|0|1|0|18890|18890|8736|8736|11260|129|66|162|9280882|57289.3950617284|0
"450830213031"|0|1|0|0|0|0|0|1|1|0|0|1|1|0|0|NA|NA|NA|NA|NA|0|0|0|0|NA|0
"450830213032"|0|1|0|0|0|0|0|1|1|0|0|1|1|0|0|NA|NA|NA|NA|NA|0|0|0|0|NA|0
"450830213035"|0|1|0|0|0|0|0|1|1|0|0|1|1|0|0|NA|NA|NA|NA|NA|0|0|0|0|NA|0
"450830217003"|0|1|0|0|0|0|0|1|1|1|0|0|1|0|0|15750|15750|NA|NA|9500|89|23|66|3691562|55932.7575757576|0
"450830218021"|0|1|1|0|0|0|0|1|1|1|0|0|0|1|0|11208|22710|13734|29760|8598|300|133|480|31362878|65339.3291666667|0
"450830218033"|0|0|1|0|0|0|0|1|1|1|0|0|1|0|0|NA|NA|NA|NA|NA|72|30|76|5753924|75709.5263157895|0
"450830219011"|0|1|0|0|0|0|0|1|1|1|1|0|0|1|0|5736|9432|NA|NA|NA|199|84|238|12557840|52764.0336134454|0
"450830220071"|0|1|0|0|0|0|0|1|1|0|0|1|1|0|0|NA|NA|NA|NA|NA|0|0|0|0|NA|0
"450850008001"|0|1|0|0|0|0|0|1|1|0|0|1|1|0|0|NA|NA|NA|NA|NA|0|0|0|0|NA|0
"450850008003"|0|1|0|0|0|0|0|1|1|0|0|1|1|0|0|NA|NA|NA|NA|NA|0|0|0|0|NA|0
"450850009013"|0|2|0|0|0|0|0|2|2|2|2|0|0|2|0|13320|26351|NA|NA|NA|176|72|262|15750514|118568.914318574|0
"450870302001"|0|1|0|0|0|0|0|1|1|1|1|0|0|1|0|7158|17838|NA|NA|NA|23|10|26|1485106|57119.4615384615|0
"450870303002"|0|1|0|0|0|0|0|1|1|1|1|0|0|1|0|7158|17838|NA|NA|NA|23|10|26|1485106|57119.4615384615|0
"450899705011"|0|1|0|0|0|0|0|1|1|1|1|0|1|0|0|4416|8208|NA|NA|NA|42|14|46|1897426|41248.3913043478|0
"450910604011"|0|1|0|1|0|0|0|1|1|1|0|0|1|0|0|9920|9920|NA|NA|9551|39|6|20|714724|35736.2|0
"450910606001"|0|1|1|0|0|0|0|1|1|1|0|0|0|1|0|15306|29636|15318|29506|9628|548|227|576|40382654|70108.7743055556|0
"450910608042"|0|1|0|0|0|0|0|1|1|0|0|1|1|0|0|NA|NA|NA|NA|NA|0|0|0|0|NA|0
"450910608043"|0|1|0|0|0|0|0|1|1|0|0|1|1|0|0|NA|NA|NA|NA|NA|0|0|0|0|NA|0
"450910609012"|0|1|0|0|0|0|0|1|1|1|1|0|0|1|0|4776|9720|NA|NA|NA|179|27|234|12046548|51480.9743589744|0
"450910612011"|0|1|0|0|0|0|0|1|1|1|1|0|0|1|0|4776|9720|NA|NA|NA|179|27|234|12046548|51480.9743589744|0
"460119588023"|0|1|1|0|0|0|0|1|1|1|0|0|0|0|0|4560|4560|7290|7290|NA|0|0|0|0|NA|0
"460119588025"|0|1|1|0|0|0|0|1|1|1|0|0|0|0|0|4560|4560|7290|7290|NA|0|0|0|0|NA|0
"460119589002"|0|1|1|0|0|0|0|1|1|1|0|0|0|0|1|7697|11172|8083|15541|8105|1297|319|1024|82181922|80255.783203125|0
"460119589005"|0|1|1|0|0|0|0|1|1|1|0|0|0|0|1|7697|11172|8083|15541|8105|1297|319|1024|82181922|80255.783203125|0
"460139513001"|0|1|1|0|0|0|0|1|1|1|0|0|1|0|0|20995|20995|15576|15576|9837|75|25|70|3362066|48029.5142857143|0
"460139516001"|0|1|1|0|0|0|0|1|1|1|0|0|0|1|0|7540|10611|5939|11088|8925|266|97|182|11757998|64604.3846153846|0
"460279659002"|0|1|1|0|0|1|0|1|1|1|0|0|0|1|0|7697|11172|6062|11656|8409|731|234|830|64701968|77954.178313253|0
"460279659005"|0|1|1|0|0|1|0|1|1|1|0|0|0|1|0|7697|11172|6062|11656|8409|731|234|830|64701968|77954.178313253|0
"460299543011"|0|1|0|0|0|0|0|1|1|1|1|0|0|1|0|2904|2904|NA|NA|NA|84|22|216|13132784|60799.9259259259|0
"460359628006"|0|1|0|0|0|0|0|1|1|1|1|0|0|1|0|3872|3872|NA|NA|NA|47|3|134|8341996|62253.7014925373|0
"460359629003"|0|1|0|0|0|0|0|1|1|1|1|0|0|1|0|3872|3872|NA|NA|NA|47|3|134|8341996|62253.7014925373|0
"460359629004"|0|1|1|0|0|0|0|1|1|1|0|0|1|0|0|27700|27700|14400|14400|7300|96|41|98|5620300|57350|0
"460359629005"|0|1|0|0|0|0|0|1|1|1|1|0|0|1|0|3872|3872|NA|NA|NA|47|3|134|8341996|62253.7014925373|0
"460799602002"|0|1|1|0|0|0|0|1|1|1|0|0|0|1|0|7541|10611|5939|11088|7033|202|69|210|15723298|74872.8476190476|0
"460819663012"|0|1|1|0|0|0|0|1|1|1|0|0|0|1|0|7878|11024|8384|8384|7142|228|73|254|15992028|62960.7401574803|0
"460819663013"|0|1|1|0|0|0|0|1|1|1|0|0|0|1|0|7878|11024|8384|8384|7142|228|73|254|15992028|62960.7401574803|0
"460819663022"|0|1|1|0|0|0|0|1|1|1|0|0|0|1|0|7878|11024|8384|8384|7142|228|73|254|15992028|62960.7401574803|0
"460819663023"|0|1|1|0|0|0|0|1|1|1|0|0|0|1|0|7878|11024|8384|8384|7142|228|73|254|15992028|62960.7401574803|0
"460830101022"|0|1|0|0|0|0|0|1|1|1|0|0|1|0|0|15000|15000|NA|NA|NA|0|0|0|0|NA|0
"460830101032"|0|1|0|0|0|0|0|1|1|1|0|0|1|0|0|15000|15000|NA|NA|NA|0|0|0|0|NA|0
"460990002013"|0|1|0|0|0|0|0|1|1|0|0|1|1|0|0|NA|NA|NA|NA|NA|0|0|0|0|NA|0
"460990005002"|0|1|0|0|0|0|0|1|1|0|0|1|1|0|0|2550|2550|NA|NA|NA|0|0|0|0|NA|0
"460990015003"|0|1|1|0|0|0|0|1|1|1|0|0|0|1|0|18610|18610|7020|7020|7550|98|49|114|6518678|57181.3859649123|0
"460990015005"|0|0|1|0|0|0|0|1|1|1|0|0|1|0|0|NA|NA|3600|3600|NA|6|2|10|596558|59655.8|0
"460990104051"|0|1|0|0|0|0|0|1|1|1|1|0|0|1|0|3146|3146|NA|NA|8405|79|20|186|11356496|61056.4301075269|0
"460990106002"|0|1|0|0|0|0|0|1|1|0|0|1|1|0|0|NA|NA|NA|NA|NA|0|0|0|0|NA|0
"460990106005"|0|1|1|0|0|0|0|1|1|1|0|0|0|1|0|33430|33430|34000|34000|8378|241|77|296|18854476|63697.5540540541|0
"461030102001"|0|1|0|0|0|0|0|1|1|0|0|1|1|0|0|NA|NA|NA|NA|NA|0|0|0|0|NA|0
"461030102002"|0|1|0|0|0|0|0|1|1|0|0|1|1|0|0|NA|NA|NA|NA|NA|0|0|0|0|NA|0
"461030104001"|0|1|0|0|0|0|0|1|1|1|1|0|0|1|0|3630|3630|NA|NA|NA|46|7|92|5430394|59026.0217391304|0
"461030105002"|0|1|1|0|0|0|0|1|1|1|0|0|0|1|0|7610|11920|7920|15900|8770|227|45|308|27463288|89166.5194805195|0
"461030109031"|0|1|0|0|0|0|0|1|1|1|0|0|1|0|0|6000|6000|NA|NA|NA|1|0|0|0|NA|0
"461030109061"|0|1|0|0|0|0|0|1|1|1|1|0|0|1|0|3630|3630|NA|NA|NA|46|7|92|5430394|59026.0217391304|0
"461030109062"|0|1|0|0|0|0|0|1|1|1|1|0|0|1|0|3630|3630|NA|NA|NA|46|7|92|5430394|59026.0217391304|0
"461030110023"|0|1|2|0|0|0|0|2|2|2|0|0|1|1|0|NA|NA|30000|30000|NA|143|9|2|126000|NA|0
"461030115001"|0|1|0|0|0|0|0|1|1|1|0|0|1|0|0|6000|6000|NA|NA|NA|1|0|0|0|NA|0
"461030116002"|0|1|0|0|0|0|0|1|1|1|0|0|1|0|0|6000|6000|NA|NA|NA|1|0|0|0|NA|0
"461099408001"|0|1|0|0|0|0|1|1|1|1|1|0|1|0|0|3850|3850|NA|NA|3500|39|14|26|1134650|43640.3846153846|0
"461139408001"|0|1|1|0|0|0|1|1|1|1|0|0|0|1|0|2016|2016|2070|2070|7200|107|17|118|6372708|54006|0
"461139409001"|0|1|1|0|0|0|1|1|1|1|0|0|0|1|0|2016|2016|2070|2070|7200|107|17|118|6372708|54006|0
"461139409002"|0|1|1|0|0|0|1|1|1|1|0|0|0|1|0|2016|2016|2070|2070|7200|107|17|118|6372708|54006|0
"461139409003"|0|1|1|0|0|0|1|1|1|1|0|0|0|1|0|2016|2016|2070|2070|7200|107|17|118|6372708|54006|0
"461219402002"|0|1|1|0|0|0|1|1|1|1|0|0|1|0|0|2640|2640|1500|1500|NA|93|31|36|1500878|41691.0555555556|0
"461219402003"|0|1|1|0|0|0|1|1|1|1|0|0|1|0|0|2640|2640|1500|1500|NA|93|31|36|1500878|41691.0555555556|0
"461359663024"|0|2|1|0|0|0|0|2|2|1|0|1|1|1|0|27976|27976|NA|NA|NA|69|22|90|6109934|NA|0
"470039506004"|0|1|0|0|0|0|0|1|1|0|0|1|1|0|0|NA|NA|NA|NA|NA|0|0|0|0|NA|0
"470090106001"|0|1|0|0|0|0|0|1|1|1|0|0|0|1|0|34752|34752|NA|NA|11710|203|78|150|9710726|64738.1733333333|0
"470090106003"|0|1|0|0|0|0|0|1|1|1|0|0|0|1|0|34752|34752|NA|NA|11710|203|78|150|9710726|64738.1733333333|0
"470110101002"|0|1|0|0|0|0|0|1|1|1|1|0|0|1|0|4032|16608|NA|NA|NA|121|45|156|8414812|53941.1025641026|0
"470110101003"|0|2|0|0|0|0|0|2|2|1|1|1|1|1|0|NA|NA|NA|NA|NA|121|45|156|8414812|NA|0
"470110101004"|0|1|0|0|0|0|0|1|1|0|0|1|1|0|0|NA|NA|NA|NA|NA|0|0|0|0|NA|0
"470110104001"|0|1|1|0|0|0|0|1|1|1|0|0|1|0|0|2400|2400|11472|11472|NA|28|8|16|1143996|71499.75|0
"470110105001"|0|1|1|0|0|0|0|1|1|1|0|0|0|1|0|18120|18120|13590|13590|8325|399|155|376|25484160|67777.0212765957|0
"470110105002"|0|1|1|0|0|0|0|1|1|1|0|0|0|1|0|18120|18120|13590|13590|8325|399|155|376|25484160|67777.0212765957|0
"470110106001"|0|1|1|0|0|0|0|1|1|1|0|0|0|1|0|18120|18120|13590|13590|8325|399|155|376|25484160|67777.0212765957|0
"470110112024"|0|1|0|0|0|0|0|1|1|1|1|0|0|1|0|4032|16608|NA|NA|NA|121|45|156|8414812|53941.1025641026|0
"470110114011"|0|1|0|0|0|0|0|1|1|1|1|0|0|1|0|4032|16608|NA|NA|NA|121|45|156|8414812|53941.1025641026|0
"470139504003"|0|1|0|0|0|0|0|1|1|0|0|1|1|0|0|NA|NA|NA|NA|NA|0|0|0|0|NA|0
"470179622021"|0|1|0|0|0|0|0|1|1|0|0|1|1|0|0|NA|NA|NA|NA|NA|0|0|0|0|NA|0
"470179622023"|0|1|1|0|0|0|0|1|1|1|0|0|0|1|0|10188|10188|11034|11034|9198|270|143|320|12683570|39636.15625|0
"470190709001"|0|1|1|0|0|0|0|1|1|1|0|0|0|1|0|33450|33450|8025|8025|7300|126|54|184|10530714|57232.1413043478|0
"470190712001"|0|1|0|0|0|0|0|1|1|0|0|1|1|0|0|NA|NA|NA|NA|NA|0|0|0|0|NA|0
"470190713001"|0|1|0|0|0|0|0|1|1|0|0|1|1|0|0|NA|NA|NA|NA|NA|0|0|0|0|NA|0
"470239702003"|0|1|1|0|0|0|0|1|1|1|0|0|0|1|0|22950|22950|10980|10980|7950|188|59|198|12941188|65359.5353535354|0
"470239703002"|0|1|1|0|0|0|0|1|1|1|0|0|0|1|0|22950|22950|10980|10980|7950|188|59|198|12941188|65359.5353535354|0
"470259703001"|0|1|1|0|0|1|0|1|1|1|0|0|0|1|0|22200|22200|18093|18093|8250|364|119|236|16945594|71803.3644067797|0
"470259709002"|0|1|0|0|0|0|0|1|1|0|0|1|1|0|0|NA|NA|NA|NA|NA|0|0|0|0|NA|0
"470259709003"|0|1|0|0|0|0|0|1|1|0|0|1|1|0|0|NA|NA|NA|NA|NA|0|0|0|0|NA|0
"470319704002"|0|1|0|0|0|0|0|1|1|0|0|1|1|0|0|NA|NA|NA|NA|NA|0|0|0|0|NA|0
"470359705023"|0|1|0|0|0|0|0|1|1|0|0|1|1|0|0|NA|NA|NA|NA|NA|0|0|0|0|NA|0
"470370103031"|0|1|0|0|0|0|0|1|1|0|0|1|1|0|0|NA|NA|NA|NA|NA|0|0|0|0|NA|0
"470370103032"|0|1|0|0|0|0|0|1|1|0|0|1|1|0|0|NA|NA|NA|NA|NA|0|0|0|0|NA|0
"470370104012"|0|1|0|0|0|0|0|1|1|0|0|1|1|0|0|NA|NA|NA|NA|NA|0|0|0|0|NA|0
"470370106021"|0|0|1|0|0|0|0|1|1|1|0|0|1|0|0|NA|NA|71920|71920|NA|20|4|12|2335846|194653.833333333|0
"470370108021"|0|1|0|0|0|0|0|1|1|1|0|0|1|0|0|17700|17700|NA|NA|NA|19|5|8|560000|70000|0
"470370117005"|0|1|0|0|0|0|0|1|1|1|1|0|0|1|0|NA|NA|NA|NA|NA|94|21|110|8324418|75676.5272727273|0
"470370127021"|0|1|0|1|0|0|0|1|1|1|0|0|1|0|0|11160|11160|NA|NA|8640|24|4|6|284000|47333.3333333333|0
"470370128021"|0|1|0|0|0|0|0|1|1|1|1|0|1|0|0|NA|NA|NA|NA|NA|9|3|12|990000|82500|0
"470370128022"|0|1|0|0|0|0|0|1|1|1|1|0|1|0|0|NA|NA|NA|NA|NA|9|3|12|990000|82500|0
"470370128024"|0|1|0|0|0|0|0|1|1|1|1|0|1|0|0|NA|NA|NA|NA|NA|9|3|12|990000|82500|0
"470370136021"|0|1|1|1|0|0|0|1|1|1|0|0|0|1|0|7854|20574|10178|22642|7612|962|521|640|46588380|72794.34375|0
"470370137001"|0|1|1|0|0|0|0|1|1|1|0|0|1|0|0|22800|22800|22800|22800|11000|28|8|24|1261694|52570.5833333333|0
"470370137004"|0|1|1|0|0|0|0|1|1|1|0|0|1|0|0|22800|22800|22800|22800|11000|28|8|24|1261694|52570.5833333333|0
"470370139001"|0|1|1|0|0|0|0|1|1|1|0|0|1|0|0|22800|22800|22800|22800|11000|28|8|24|1261694|52570.5833333333|0
"470370142002"|0|1|2|2|1|1|0|2|2|2|0|0|2|0|0|NA|NA|43725|43725|NA|130|34|116|6693742|NA|0
"470370151004"|0|1|0|0|0|0|0|1|1|1|0|0|1|0|0|18400|18400|NA|NA|NA|6|1|8|358864|44858|0
"470370153001"|0|1|0|0|0|0|0|1|1|0|0|1|1|0|0|NA|NA|NA|NA|NA|0|0|0|0|NA|0
"470370153002"|0|1|0|0|0|0|0|1|1|0|0|1|1|0|0|NA|NA|NA|NA|NA|0|0|0|0|NA|0
"470370153003"|0|1|0|0|0|0|0|1|1|0|0|1|1|0|0|NA|NA|NA|NA|NA|0|0|0|0|NA|0
"470370153004"|0|1|0|0|0|0|0|1|1|0|0|1|1|0|0|NA|NA|NA|NA|NA|0|0|0|0|NA|0
"470370155011"|0|1|0|0|0|0|0|1|1|0|0|1|1|0|0|NA|NA|NA|NA|NA|0|0|0|0|NA|0
"470370155023"|0|1|0|0|0|0|0|1|1|1|1|0|1|0|0|14818|14818|NA|NA|NA|24|12|22|806156|36643.4545454545|0
"470370156131"|0|2|1|0|0|0|0|2|2|2|1|0|2|0|0|29722|29722|NA|NA|NA|25|7|34|2467816|160480.666666667|0
"470370157001"|0|2|1|0|0|0|0|2|2|2|1|0|2|0|0|29722|29722|NA|NA|NA|25|7|34|2467816|160480.666666667|0
"470370159001"|0|2|1|0|0|0|0|2|2|1|0|1|1|1|0|NA|NA|NA|NA|NA|218|103|190|12337300|NA|0
"470370163001"|0|1|0|0|0|0|0|1|1|1|0|0|1|0|0|31800|31800|NA|NA|NA|11|1|8|395958|49494.75|0
"470370164002"|0|1|1|0|0|0|0|1|1|1|0|0|0|1|0|34000|34000|22680|22680|12520|578|184|754|79821440|105863.978779841|0
"470370165002"|0|1|1|0|0|1|0|1|1|1|0|0|0|0|1|50800|50800|48624|48624|16910|3946|889|2348|321920610|137104.17802385|0
"470370165003"|0|1|1|0|0|1|0|1|1|1|0|0|0|0|1|50800|50800|48624|48624|16910|3946|889|2348|321920610|137104.17802385|0
"470370165004"|0|1|1|0|0|1|0|1|1|1|0|0|0|0|1|50800|50800|48624|48624|16910|3946|889|2348|321920610|137104.17802385|0
"470370177021"|0|1|1|0|0|0|0|1|1|1|0|0|0|1|0|30860|30860|18414|18414|13280|653|211|470|40637960|86463.7446808511|0
"470370177023"|0|1|1|0|0|0|0|1|1|1|0|0|0|1|0|30860|30860|18414|18414|13280|653|211|470|40637960|86463.7446808511|0
"470370181022"|0|2|0|0|0|0|0|2|2|1|1|1|1|1|0|NA|NA|NA|NA|NA|237|147|318|17223150|NA|0
"470370191103"|0|1|0|0|0|0|0|1|1|0|0|1|1|0|0|NA|NA|NA|NA|NA|0|0|0|0|NA|0
"470370191121"|0|1|0|0|0|0|0|1|0|0|0|0|0|0|0|NA|NA|NA|NA|NA|0|0|0|0|NA|0
"470370195002"|0|1|0|0|0|0|0|1|1|1|1|0|1|0|0|10418|10418|NA|NA|8000|5|3|6|399600|66600|0
"470430606021"|0|1|0|0|0|0|0|1|1|0|0|1|1|0|0|NA|NA|NA|NA|NA|0|0|0|0|NA|0
"470430606022"|0|1|0|0|0|0|0|1|1|0|0|1|1|0|0|NA|NA|NA|NA|NA|0|0|0|0|NA|0
"470430606024"|0|1|0|0|0|0|0|1|1|0|0|1|1|0|0|NA|NA|NA|NA|NA|0|0|0|0|NA|0
"470459640002"|0|1|0|0|0|0|0|1|1|0|0|1|1|0|0|NA|NA|NA|NA|NA|0|0|0|0|NA|0
"470459640003"|0|1|0|0|0|0|0|1|1|0|0|1|1|0|0|NA|NA|NA|NA|NA|0|0|0|0|NA|0
"470459642001"|0|1|0|0|0|0|0|1|1|1|1|0|0|1|0|4032|16608|NA|NA|NA|148|93|104|6136974|59009.3653846154|0
"470459649002"|0|1|0|0|0|0|0|1|1|1|1|0|0|1|0|4032|16608|NA|NA|NA|148|93|104|6136974|59009.3653846154|0
"470519607003"|0|1|1|0|0|0|0|1|1|1|0|0|0|1|0|44784|44784|17568|17568|13268|516|185|358|30564348|85375.2737430168|0
"470539665003"|0|1|0|0|0|0|0|1|1|0|0|1|1|0|0|NA|NA|NA|NA|NA|0|0|0|0|NA|0
"470559202003"|0|1|1|0|0|0|0|1|1|1|0|0|1|0|0|23200|23200|8910|8910|8400|69|29|92|4931590|53604.2391304348|0
"470559204001"|0|1|0|0|0|0|0|1|1|0|0|1|1|0|0|NA|NA|NA|NA|NA|0|0|0|0|NA|0
"470590902001"|0|1|1|0|0|0|0|1|1|1|0|0|0|1|0|24860|24860|7200|7200|9340|234|105|152|8271532|54417.9736842105|0
"470631002003"|0|1|0|0|0|0|0|1|1|1|1|0|0|1|0|4032|16903|NA|NA|NA|245|97|330|19116500|57928.7878787879|0
"470631003001"|0|1|0|0|0|0|0|1|1|0|0|1|1|0|0|NA|NA|NA|NA|NA|0|0|0|0|NA|0
"470650011001"|0|0|1|0|0|0|0|1|1|1|0|0|1|0|0|NA|NA|18873|18873|NA|50|23|26|2150378|82706.8461538462|0
"470650104321"|0|1|0|0|0|0|0|1|1|1|1|0|1|0|0|10665|10665|NA|NA|NA|20|4|34|1314000|38647.0588235294|0
"470650112031"|0|1|1|0|0|0|0|1|1|1|0|0|0|1|0|21650|21650|11700|11700|7640|317|128|278|15879856|57121.7841726619|0
"470650112032"|0|1|1|0|0|0|0|1|1|1|0|0|0|1|0|21650|21650|11700|11700|7640|317|128|278|15879856|57121.7841726619|0
"470650112033"|0|1|1|0|0|0|0|1|1|1|0|0|0|1|0|21650|21650|11700|11700|7640|317|128|278|15879856|57121.7841726619|0
"470650114111"|0|1|0|0|0|0|0|1|1|1|1|0|0|1|0|4032|16608|NA|NA|NA|391|163|486|27785674|57172.1687242798|0
"470650114452"|0|1|0|0|0|0|0|1|1|1|1|0|1|0|0|NA|NA|NA|NA|NA|23|3|24|593220|24717.5|0
"470650124002"|0|1|1|0|0|0|0|1|1|1|0|0|0|0|1|7836|23954|8450|16514|9500|887|299|1014|81806900|80677.41617357|0
"470699502002"|0|1|0|0|0|0|0|1|1|0|0|1|1|0|0|NA|NA|NA|NA|NA|0|0|0|0|NA|0
"470719202004"|0|1|0|0|0|0|0|1|1|0|0|1|1|0|0|NA|NA|NA|NA|NA|0|0|0|0|NA|0
"470779753001"|0|1|0|0|0|0|0|1|1|0|0|1|1|0|0|NA|NA|NA|NA|NA|0|0|0|0|NA|0
"470779753002"|0|1|0|0|0|0|0|1|1|0|0|1|1|0|0|NA|NA|NA|NA|NA|0|0|0|0|NA|0
"470779753004"|0|1|0|0|0|0|0|1|1|0|0|1|1|0|0|NA|NA|NA|NA|NA|0|0|0|0|NA|0
"470799695004"|0|1|0|0|0|0|0|1|1|0|0|1|1|0|0|NA|NA|NA|NA|NA|0|0|0|0|NA|0
"470890703003"|0|1|1|0|0|0|0|1|1|1|0|0|0|1|0|27600|27600|9027|9027|8724|218|108|240|13360206|55667.525|0
"470930009011"|0|2|2|0|0|1|0|2|2|1|0|0|0|0|1|NA|NA|NA|NA|NA|5651|1357|3250|350879468|NA|0
"470930026002"|0|1|0|0|0|0|0|1|1|0|0|1|1|0|0|NA|NA|NA|NA|NA|0|0|0|0|NA|0
"470930038013"|0|1|1|0|0|0|0|1|1|1|0|0|0|1|0|16500|16500|27025|27025|NA|254|145|412|38614120|93723.5922330097|0
"470930038022"|0|1|0|0|0|0|0|1|1|0|0|1|1|0|0|NA|NA|NA|NA|NA|0|0|0|0|NA|0
"470930044031"|0|1|0|0|0|0|0|1|1|0|0|1|1|0|0|NA|NA|NA|NA|NA|0|0|0|0|NA|0
"470930055021"|0|1|1|0|0|0|0|1|1|1|0|0|0|1|0|15480|15480|10350|10350|6946|123|40|82|5574370|67980.1219512195|0
"470930055023"|0|1|1|0|0|0|0|1|1|1|0|0|0|1|0|15480|15480|10350|10350|6946|123|40|82|5574370|67980.1219512195|0
"470930057061"|0|1|0|0|0|0|0|1|1|0|0|1|1|0|0|NA|NA|NA|NA|NA|0|0|0|0|NA|0
"470930059071"|0|1|0|0|0|0|0|1|1|1|1|0|0|0|1|4032|16262|NA|NA|NA|278|173|464|28271300|60929.525862069|0
"470930062071"|0|1|1|0|0|0|0|1|1|1|0|0|1|0|0|6360|6360|7200|7200|NA|6|1|4|83350|20837.5|0
"470970505041"|0|1|0|0|0|0|0|1|1|0|0|1|1|0|0|NA|NA|NA|NA|NA|0|0|0|0|NA|0
"470999605023"|0|1|0|0|0|0|0|1|1|0|0|1|1|0|0|NA|NA|NA|NA|NA|0|0|0|0|NA|0
"471019702002"|0|1|0|0|0|0|0|1|1|0|0|1|1|0|0|NA|NA|NA|NA|NA|0|0|0|0|NA|0
"471039753003"|0|1|0|0|0|0|0|1|1|0|0|1|1|0|0|NA|NA|NA|NA|NA|0|0|0|0|NA|0
"471079702002"|0|1|0|0|0|0|0|1|1|0|0|1|1|0|0|NA|NA|NA|NA|NA|0|0|0|0|NA|0
"471079702005"|0|1|0|0|0|0|0|1|1|0|0|1|1|0|0|NA|NA|NA|NA|NA|0|0|0|0|NA|0
"471079703003"|0|1|1|0|0|0|0|1|1|1|0|0|0|1|0|23900|23900|19575|19575|8050|81|44|132|6888232|52183.5757575758|0
"471130002002"|0|1|0|0|0|0|0|1|1|0|0|1|1|0|0|NA|NA|NA|NA|NA|0|0|0|0|NA|0
"471130003001"|0|1|0|0|0|0|0|1|1|0|0|1|1|0|0|NA|NA|NA|NA|NA|0|0|0|0|NA|0
"471130003005"|0|1|0|0|0|0|0|1|1|0|0|1|1|0|0|NA|NA|NA|NA|NA|0|0|0|0|NA|0
"471130005001"|0|1|0|1|0|0|0|1|1|1|0|0|0|1|0|9270|9270|NA|NA|7610|143|47|122|5956104|48820.5245901639|0
"471130005003"|0|1|0|0|0|0|0|1|1|1|1|0|0|1|0|4032|12576|NA|NA|NA|147|91|190|11508112|60569.0105263158|0
"471130014012"|0|1|0|0|0|0|0|1|1|0|0|1|1|0|0|NA|NA|NA|NA|NA|0|0|0|0|NA|0
"471130016051"|0|1|1|0|0|0|0|1|1|1|0|0|0|1|0|21600|21600|9000|9000|10400|217|78|468|36027136|76981.0598290598|0
"471130016101"|0|1|1|0|0|0|0|1|1|1|0|0|0|1|0|21600|21600|9000|9000|10400|217|78|468|36027136|76981.0598290598|0
"471190108012"|0|1|0|0|0|0|0|1|0|0|0|0|0|0|0|NA|NA|NA|NA|NA|0|0|0|0|NA|0
"471190108022"|0|1|0|0|0|0|0|1|1|1|1|0|0|1|0|4242|17448|NA|NA|NA|138|54|230|10217906|44425.6782608696|0
"471239254001"|0|1|0|0|0|0|0|1|0|0|0|0|0|0|0|NA|NA|NA|NA|NA|0|0|0|0|NA|0
"471251002001"|0|1|0|0|0|0|0|1|1|0|0|1|1|0|0|NA|NA|NA|NA|NA|0|0|0|0|NA|0
"471251002002"|0|1|0|0|0|0|0|1|1|0|0|1|1|0|0|NA|NA|NA|NA|NA|0|0|0|0|NA|0
"471251008001"|0|1|1|0|0|0|0|1|1|1|0|0|0|0|1|6720|12264|8100|13086|11542|654|409|770|55934312|72641.9636363636|0
"471251011011"|0|1|0|0|0|0|0|1|1|0|0|1|1|0|0|NA|NA|NA|NA|NA|0|0|0|0|NA|0
"471251013041"|0|1|0|0|0|0|0|1|1|1|1|0|1|0|0|NA|NA|NA|NA|NA|6|0|8|366080|45760|0
"471251020053"|0|1|0|0|0|0|0|1|1|1|0|0|1|0|0|18900|18900|NA|NA|NA|34|1|40|1928732|48218.3|0
"471279302001"|0|1|0|0|0|0|0|1|1|1|1|0|0|1|0|4032|16608|NA|NA|NA|179|53|258|12758224|49450.480620155|0
"471339503013"|0|1|0|0|0|0|0|1|1|0|0|1|0|1|0|NA|NA|NA|NA|NA|0|0|0|0|NA|0
"471410004001"|0|1|0|0|0|0|0|1|1|0|0|1|1|0|0|NA|NA|NA|NA|NA|0|0|0|0|NA|0
"471410006001"|0|2|0|0|0|0|0|2|1|1|1|0|1|0|0|NA|NA|NA|NA|NA|14|3|26|1413516|NA|0
"471410007001"|0|1|0|0|0|0|0|1|1|0|0|1|1|0|0|NA|NA|NA|NA|NA|0|0|0|0|NA|0
"471410008001"|0|1|1|0|0|0|0|1|1|1|0|0|0|0|1|7656|23520|10280|24800|8850|765|298|850|62454248|73475.5858823529|0
"471439753003"|0|0|1|0|0|0|0|1|1|1|0|0|1|0|0|NA|NA|6000|6000|NA|4|1|6|57600|9600|0
"471439754012"|0|1|1|0|0|0|0|1|1|1|0|0|0|1|0|27900|27900|9414|9414|7800|105|23|86|4846644|56356.3255813954|0
"471439754013"|0|0|1|0|0|0|0|1|1|1|0|0|1|0|0|NA|NA|6000|6000|NA|4|1|6|57600|9600|0
"471439754014"|0|0|1|0|0|0|0|1|1|1|0|0|1|0|0|NA|NA|6000|6000|NA|4|1|6|57600|9600|0
"471450305001"|0|1|0|0|0|0|0|1|1|1|1|0|0|1|0|4342|17448|NA|NA|NA|173|50|230|13285958|57765.0347826087|0
"471450305002"|0|1|0|0|0|0|0|1|1|1|1|0|0|1|0|4342|17448|NA|NA|NA|173|50|230|13285958|57765.0347826087|0
"471450308003"|0|1|0|0|0|0|0|1|1|0|0|1|1|0|0|NA|NA|NA|NA|NA|0|0|0|0|NA|0
"471490409011"|0|1|0|0|0|0|0|1|1|0|0|1|1|0|0|NA|NA|NA|NA|NA|0|0|0|0|NA|0
"471490414031"|0|1|1|0|0|0|0|1|1|1|0|0|0|0|1|7200|25872|8946|24768|8976|1270|639|1904|146372118|76876.112394958|0
"471490415001"|0|1|1|0|0|0|0|1|1|1|0|0|0|0|1|7200|25872|8946|24768|8976|1270|639|1904|146372118|76876.112394958|0
"471490418001"|0|1|0|0|0|0|0|1|1|0|0|1|1|0|0|NA|NA|NA|NA|NA|0|0|0|0|NA|0
"471490418003"|0|2|0|0|0|0|0|2|2|1|0|1|2|0|0|NA|NA|NA|NA|NA|8|1|6|271948|NA|0
"471490420002"|0|2|0|0|0|0|0|2|2|1|0|1|2|0|0|NA|NA|NA|NA|NA|8|1|6|271948|NA|0
"471519752003"|0|1|0|0|0|0|0|1|1|0|0|1|1|0|0|NA|NA|NA|NA|NA|0|0|0|0|NA|0
"471519752004"|0|1|0|0|0|0|0|1|1|0|0|1|1|0|0|NA|NA|NA|NA|NA|0|0|0|0|NA|0
"471570003001"|0|1|0|0|0|0|0|1|1|0|0|1|1|0|0|NA|NA|NA|NA|NA|0|0|0|0|NA|0
"471570003002"|0|1|0|0|0|0|0|1|1|0|0|1|1|0|0|NA|NA|NA|NA|NA|0|0|0|0|NA|0
"471570016001"|0|2|2|0|0|0|0|2|2|2|0|0|1|1|0|81288|81288|82848|82848|NA|354|96|380|29596324|137081.589189189|0
"471570016003"|0|2|2|0|0|0|0|2|2|2|0|0|1|1|0|81288|81288|82848|82848|NA|354|96|380|29596324|137081.589189189|0
"471570020002"|0|1|0|0|0|0|0|1|1|0|0|1|0|1|0|NA|NA|NA|NA|NA|0|0|0|0|NA|0
"471570025001"|0|1|0|0|0|0|0|1|0|0|0|0|0|0|0|NA|NA|NA|NA|NA|0|0|0|0|NA|0
"471570025002"|0|1|0|0|0|0|0|1|1|1|1|0|1|0|0|8235|8235|NA|NA|NA|18|0|36|1684600|46794.4444444444|0
"471570030003"|0|1|0|0|0|0|0|1|1|0|0|1|1|0|0|NA|NA|NA|NA|NA|0|0|0|0|NA|0
"471570031001"|0|1|1|0|0|0|0|1|1|1|0|0|0|1|0|32920|32920|12988|12988|9143|171|49|218|15176574|69617.3119266055|0
"471570031002"|0|0|1|0|0|0|0|1|1|1|0|0|1|0|0|NA|NA|15080|15080|NA|16|3|16|1072012|67000.75|0
"471570032001"|0|1|0|0|0|0|0|1|1|0|0|1|1|0|0|NA|NA|NA|NA|NA|0|0|0|0|NA|0
"471570036002"|0|0|1|0|0|0|0|1|1|1|0|0|1|0|0|NA|NA|NA|NA|NA|131|52|114|13778796|120866.631578947|0
"471570038001"|0|2|2|0|0|1|0|2|2|2|0|0|1|1|0|20262|35975|NA|NA|NA|1202|277|788|95987382|210450.834920635|0
"471570039001"|0|1|1|0|0|0|0|1|1|1|0|0|1|0|0|20250|20250|NA|NA|6000|17|1|20|942970|47148.5|0
"471570073003"|0|1|1|0|0|0|0|1|1|1|0|0|0|0|1|8208|12048|9216|12672|10175|1801|338|1774|143116304|80674.3540022548|0
"471570074001"|0|1|0|0|0|0|0|1|1|0|0|1|1|0|0|NA|NA|NA|NA|NA|0|0|0|0|NA|0
"471570085002"|0|1|0|0|0|0|0|1|1|0|0|1|1|0|0|NA|NA|NA|NA|NA|0|0|0|0|NA|0
"471570096003"|0|1|0|0|0|0|0|1|1|1|1|0|0|1|0|NA|NA|NA|NA|NA|65|20|70|3905578|55793.9714285714|0
"471570101205"|0|1|0|0|0|0|0|1|1|0|0|1|1|0|0|NA|NA|NA|NA|NA|0|0|0|0|NA|0
"471570106104"|0|1|0|0|0|0|0|1|1|1|0|0|1|0|0|6395|6395|NA|NA|4121|13|2|8|310000|38750|0
"471570107101"|0|1|1|0|0|0|0|1|1|1|0|0|0|1|0|13320|13320|14940|14940|NA|47|1|10|816538|81653.8|0
"471570113001"|0|1|0|0|0|0|0|1|1|0|0|1|0|1|0|NA|NA|NA|NA|NA|0|0|0|0|NA|0
"471570114001"|0|1|1|0|0|0|0|1|1|1|0|0|1|0|0|20250|20250|NA|NA|6000|17|1|20|942970|47148.5|0
"471570114002"|0|1|1|0|0|0|0|1|1|1|0|0|1|0|0|20250|20250|NA|NA|6000|17|1|20|942970|47148.5|0
"471570114003"|0|3|1|0|0|0|0|3|3|2|1|1|2|1|0|NA|NA|NA|NA|NA|397|117|412|22580170|NA|0
"471570116002"|0|1|0|1|0|0|0|1|1|1|0|0|1|0|0|10776|10776|NA|NA|6100|83|24|90|4079448|45327.2|0
"471570206321"|0|1|0|0|0|0|0|1|1|0|0|1|1|0|0|NA|NA|NA|NA|NA|0|0|0|0|NA|0
"471570211402"|0|1|1|0|0|0|0|1|1|1|0|0|1|0|0|9552|9552|16752|16752|NA|0|0|0|0|NA|0
"471570213203"|0|1|0|0|0|0|0|1|1|0|0|1|1|0|0|NA|NA|NA|NA|NA|0|0|0|0|NA|0
"471570225001"|0|1|0|0|0|0|0|1|1|1|0|0|1|0|0|15399|15399|NA|NA|NA|31|5|64|2111118|32986.21875|0
"471579801001"|0|1|0|0|0|0|0|1|1|1|0|0|1|0|0|15399|15399|NA|NA|NA|31|5|64|2111118|32986.21875|0
"471630428022"|0|1|1|0|0|0|0|1|1|1|0|0|0|1|0|28948|28948|19500|19500|9024|163|62|166|10209138|61500.8313253012|0
"471630435002"|0|1|0|0|0|0|0|1|1|1|1|0|0|1|0|4032|16608|NA|NA|NA|222|123|254|14499882|57086.1496062992|0
"471650205011"|0|2|1|0|0|0|0|2|2|2|1|0|1|1|0|23614|36190|NA|NA|NA|329|194|412|24691086|104666.096171802|0
"471650210071"|0|2|1|0|0|0|0|2|2|2|1|0|1|1|0|23614|36190|NA|NA|NA|329|194|412|24691086|104666.096171802|0
"471650212052"|0|1|0|0|0|0|0|1|1|0|0|1|1|0|0|NA|NA|NA|NA|NA|0|0|0|0|NA|0
"471670406022"|0|1|0|0|0|0|0|1|1|0|0|1|1|0|0|NA|NA|NA|NA|NA|0|0|0|0|NA|0
"471670407005"|0|1|0|0|0|0|0|1|1|0|0|1|1|0|0|NA|NA|NA|NA|NA|0|0|0|0|NA|0
"471690901002"|0|1|0|0|0|0|0|1|1|0|0|1|1|0|0|NA|NA|NA|NA|NA|0|0|0|0|NA|0
"471690902002"|0|1|0|0|0|0|0|1|1|0|0|1|1|0|0|NA|NA|NA|NA|NA|0|0|0|0|NA|0
"471779302001"|0|1|0|0|0|0|0|1|1|0|0|1|1|0|0|NA|NA|NA|NA|NA|0|0|0|0|NA|0
"471779305003"|0|1|0|0|0|0|0|1|1|0|0|1|1|0|0|NA|NA|NA|NA|NA|0|0|0|0|NA|0
"471790601001"|0|1|0|0|0|0|0|1|1|0|0|1|1|0|0|NA|NA|NA|NA|NA|0|0|0|0|NA|0
"471790605021"|0|1|1|0|0|1|0|1|1|1|0|0|0|0|1|7340|25487|8640|23760|8242|1216|424|1252|91771320|73299.7763578275|0
"471790607001"|0|1|1|0|0|1|0|1|1|1|0|0|0|0|1|7340|25487|8640|23760|8242|1216|424|1252|91771320|73299.7763578275|0
"471790613004"|0|1|0|0|0|0|0|1|1|0|0|1|1|0|0|NA|NA|NA|NA|NA|0|0|0|0|NA|0
"471839682021"|0|1|1|0|0|0|0|1|1|1|0|0|0|1|0|8214|14254|9096|15136|6396|512|163|570|38923356|68286.5894736842|0
"471870503061"|0|1|0|0|0|0|0|1|1|0|0|1|1|0|0|NA|NA|NA|NA|NA|0|0|0|0|NA|0
"471870503071"|0|1|1|0|0|0|0|1|1|1|0|0|1|0|0|13500|13500|10350|10350|NA|8|4|4|25800|6450|0
"471870506012"|0|1|0|0|0|0|0|1|1|0|0|1|1|0|0|NA|NA|NA|NA|NA|0|0|0|0|NA|0
"471870509041"|0|1|1|0|0|0|0|1|1|1|0|0|1|0|0|13500|13500|10350|10350|NA|8|4|4|25800|6450|0
"471890303053"|0|1|0|0|0|0|0|1|1|0|0|1|1|0|0|NA|NA|NA|NA|NA|0|0|0|0|NA|0
"471890304011"|0|1|0|0|0|0|0|1|1|0|0|1|1|0|0|NA|NA|NA|NA|NA|0|0|0|0|NA|0
"471890306003"|0|1|1|0|0|0|0|1|1|1|0|0|0|1|0|22950|22950|6600|6600|7720|102|42|190|10924902|57499.4842105263|0
"480050008004"|0|1|0|0|0|0|0|1|1|0|0|1|1|0|0|NA|NA|NA|NA|NA|0|0|0|0|NA|0
"480050009022"|0|1|0|0|0|0|0|1|1|1|1|0|0|1|0|3300|4650|NA|NA|5500|141|50|206|10904678|52935.3300970874|0
"480259503001"|0|1|0|0|0|0|0|1|1|1|1|0|0|1|0|3960|4410|NA|NA|5100|139|66|102|5177730|50762.0588235294|0
"480259503002"|0|1|0|0|0|0|0|1|1|1|1|0|0|1|0|3960|4410|NA|NA|5100|139|66|102|5177730|50762.0588235294|0
"480259503003"|0|1|0|0|0|0|0|1|1|1|1|0|0|1|0|3960|4410|NA|NA|5100|139|66|102|5177730|50762.0588235294|0
"480270210001"|0|1|0|0|0|0|0|1|1|1|1|0|0|1|0|1848|2832|NA|NA|NA|164|72|258|14840702|57522.1007751938|0
"480270210004"|0|1|0|0|0|0|0|1|1|1|1|0|0|1|0|1848|2832|NA|NA|NA|164|72|258|14840702|57522.1007751938|0
"480270211004"|0|1|0|0|0|0|0|1|1|0|0|1|1|0|0|NA|NA|NA|NA|NA|0|0|0|0|NA|0
"480270216021"|0|1|1|0|0|0|0|1|1|1|0|0|0|1|0|25620|25620|16830|16830|8782|331|97|330|24500080|74242.6666666667|0
"480270222002"|0|1|0|0|0|0|0|1|1|0|0|1|1|0|0|NA|NA|NA|NA|NA|0|0|0|0|NA|0
"480270231031"|0|1|0|0|0|0|0|1|1|1|0|0|0|0|0|NA|NA|NA|NA|NA|0|0|0|0|NA|0
"480270231051"|0|1|1|0|0|0|0|1|1|1|0|0|0|1|0|4944|15072|4405|12000|NA|155|64|174|12729062|73155.5287356322|0
"480270233002"|0|1|1|0|0|0|0|1|1|1|0|0|0|1|0|4944|15072|4405|12000|NA|155|64|174|12729062|73155.5287356322|0
"480279800011"|0|1|1|0|0|0|0|1|1|1|0|0|0|1|0|4944|15072|4405|12000|NA|155|64|174|12729062|73155.5287356322|0
"480291108002"|0|1|0|0|0|0|0|1|1|1|1|0|0|0|1|6450|13980|NA|NA|NA|372|96|592|36128280|61027.5|0
"480291110003"|0|1|0|0|0|0|0|1|1|0|0|0|0|0|0|NA|NA|NA|NA|NA|542|107|0|0|NA|0
"480291201001"|0|2|1|0|0|1|0|2|2|1|0|0|0|1|0|NA|NA|NA|NA|NA|1218|379|628|56118562|NA|0
"480291203004"|0|1|1|0|0|1|0|1|1|1|0|0|0|1|0|29900|29900|17280|17280|12824|676|272|628|56118562|89360.7675159236|0
"480291211172"|0|1|0|0|0|0|0|1|1|0|0|1|1|0|0|NA|NA|NA|NA|NA|0|0|0|0|NA|0
"480291212063"|0|1|0|0|0|0|0|1|1|0|0|1|1|0|0|NA|NA|NA|NA|NA|0|0|0|0|NA|0
"480291216052"|0|1|0|0|0|0|0|1|1|1|1|0|0|1|0|6450|13980|NA|NA|NA|128|21|152|8797050|57875.3289473684|0
"480291219052"|0|1|0|0|0|0|0|1|1|0|0|1|1|0|0|NA|NA|NA|NA|NA|0|0|0|0|NA|0
"480291219062"|0|1|0|0|0|0|0|1|1|0|0|1|1|0|0|NA|NA|NA|NA|NA|0|0|0|0|NA|0
"480291305003"|0|1|0|1|0|0|0|1|1|1|1|0|0|0|1|6450|13980|NA|NA|NA|301|61|434|21208982|48868.6221198157|0
"480291509003"|0|2|0|0|0|0|0|2|2|0|0|2|2|0|0|NA|NA|NA|NA|NA|0|0|0|0|NA|0
"480291512001"|0|1|0|0|0|0|0|1|1|1|1|0|0|0|1|6450|13980|NA|NA|NA|207|48|298|13829150|46406.5436241611|0
"480291512002"|0|1|0|0|1|0|0|1|1|1|0|0|1|0|0|5760|5760|NA|NA|7670|17|3|12|589232|49102.6666666667|0
"480291512005"|0|1|0|0|1|0|0|1|1|1|0|0|1|0|0|5760|5760|NA|NA|7670|17|3|12|589232|49102.6666666667|0
"480291513011"|0|1|0|0|0|0|0|1|1|1|1|0|1|0|0|NA|NA|NA|NA|NA|13|1|18|841380|46743.3333333333|0
"480291515001"|0|2|0|0|0|0|0|2|2|0|0|2|2|0|0|NA|NA|NA|NA|NA|0|0|0|0|NA|0
"480291515003"|0|1|0|0|0|0|0|1|1|0|0|1|1|0|0|NA|NA|NA|NA|NA|0|0|0|0|NA|0
"480291519002"|0|1|1|0|0|0|0|1|1|1|0|0|0|1|0|4489|18215|3823|11900|10420|311|130|364|27264472|74902.3956043956|0
"480291520001"|0|1|1|0|0|0|0|1|1|1|0|0|0|1|0|4489|18215|3823|11900|10420|311|130|364|27264472|74902.3956043956|0
"480291612001"|0|1|1|0|0|0|0|1|1|1|0|0|0|1|0|4489|18215|3823|11900|10420|311|130|364|27264472|74902.3956043956|0
"480291612002"|0|1|1|0|0|0|0|1|1|1|0|0|0|1|0|4489|18215|3823|11900|10420|311|130|364|27264472|74902.3956043956|0
"480291709002"|0|1|1|0|0|0|0|1|1|1|0|0|0|1|0|28330|28330|16326|16326|10044|320|151|216|15158732|70179.3148148148|0
"480291713021"|0|1|1|0|0|0|0|1|1|1|0|0|0|1|0|31170|31170|17640|17640|10760|432|139|442|39229012|88753.4208144796|0
"480291719181"|0|1|0|0|0|0|0|1|1|1|1|0|0|0|1|6450|13980|NA|NA|NA|222|42|382|21699874|56805.9528795811|0
"480291802011"|0|2|0|0|0|0|0|2|1|0|0|1|2|0|0|NA|NA|NA|NA|NA|0|0|0|0|NA|0
"480291806031"|0|1|0|0|0|0|0|1|1|1|1|0|1|0|0|NA|NA|NA|NA|NA|18|1|50|2648564|52971.28|0
"480291807023"|0|1|0|0|0|0|0|1|1|1|1|0|1|0|0|NA|NA|NA|NA|NA|35|13|24|1500970|62540.4166666667|0
"480291808001"|0|2|0|0|0|0|0|2|1|0|0|1|2|0|0|NA|NA|NA|NA|NA|0|0|0|0|NA|0
"480291809011"|0|3|0|0|0|0|0|3|2|0|0|2|3|0|0|NA|NA|NA|NA|NA|0|0|0|0|NA|0
"480291810032"|0|1|1|0|0|0|0|1|1|1|0|0|1|0|0|11552|11552|6728|6728|NA|34|9|66|5630738|85314.2121212121|0
"480291810041"|0|1|0|0|0|0|0|1|1|1|1|0|1|0|0|NA|NA|NA|NA|NA|2|0|4|166400|41600|0
"480291813022"|0|1|1|0|0|0|0|1|1|1|0|0|1|0|0|NA|NA|NA|NA|NA|76|10|56|3325164|59377.9285714286|0
"480291813032"|0|1|0|0|0|0|0|1|1|1|0|0|1|0|0|19260|19260|NA|NA|NA|20|12|8|490610|61326.25|0
"480291814021"|0|1|1|0|0|1|0|1|1|1|0|0|0|1|0|5875|18306|3114|11772|NA|1495|359|440|52793150|119984.431818182|0
"480291814022"|0|1|0|0|0|0|0|1|1|1|0|0|0|1|0|NA|NA|NA|NA|NA|57|23|146|9418928|64513.2054794521|0
"480291816022"|0|1|0|0|0|0|0|1|1|0|0|1|1|0|0|NA|NA|NA|NA|NA|0|0|0|0|NA|0
"480291817031"|0|1|0|0|0|0|0|1|1|0|0|1|1|0|0|NA|NA|NA|NA|NA|0|0|0|0|NA|0
"480291817032"|0|1|0|0|0|0|0|1|1|0|0|1|1|0|0|NA|NA|NA|NA|NA|0|0|0|0|NA|0
"480291817053"|0|1|0|0|0|0|0|1|1|0|0|1|1|0|0|NA|NA|NA|NA|NA|0|0|0|0|NA|0
"480291817241"|0|1|0|0|0|0|0|1|1|1|0|0|1|0|0|6425|6425|NA|NA|4827|10|2|0|0|NA|0
"480291817251"|0|2|0|0|0|0|0|2|2|0|0|2|2|0|0|NA|NA|NA|NA|NA|0|0|0|0|NA|0
"480291818111"|0|1|0|0|0|0|0|1|1|0|0|1|1|0|0|NA|NA|NA|NA|NA|0|0|0|0|NA|0
"480291818201"|0|1|1|0|0|0|0|1|1|1|0|0|0|0|1|5510|17511|5771|23300|8112|2472|738|1918|163774216|85388.0166840459|0
"480291902005"|0|1|0|0|0|0|0|1|1|0|0|1|1|0|0|NA|NA|NA|NA|NA|0|0|0|0|NA|0
"480291904002"|0|1|1|0|0|0|0|1|1|1|0|0|0|1|0|44064|44064|42403|42403|13584|542|196|526|52496140|99802.5475285171|0
"480291905012"|0|2|0|0|0|0|0|2|2|0|0|2|2|0|0|NA|NA|NA|NA|NA|0|0|0|0|NA|0
"480291909011"|0|1|0|0|0|0|0|1|1|0|0|1|1|0|0|NA|NA|NA|NA|NA|0|0|0|0|NA|0
"480291909014"|0|0|1|0|0|0|0|1|1|1|0|0|1|0|0|NA|NA|16320|16320|NA|44|12|56|3259394|58203.4642857143|0
"480291920001"|0|1|1|0|0|1|0|1|1|1|0|0|0|1|0|29900|29900|17280|17280|12824|676|272|628|56118562|89360.7675159236|0
"480370107002"|0|1|0|0|0|0|0|1|1|1|1|0|0|1|0|1440|1560|NA|NA|NA|119|35|198|11274390|56941.3636363636|0
"480370108003"|0|1|0|0|0|0|0|1|1|0|0|1|1|0|0|NA|NA|NA|NA|NA|0|0|0|0|NA|0
"480370109011"|0|1|1|0|0|0|0|1|1|1|0|0|0|1|0|5727|18213|4130|13141|10444|159|66|172|12581498|73148.2441860465|0
"480370109023"|0|1|0|0|0|0|0|1|1|0|0|1|1|0|0|NA|NA|NA|NA|NA|0|0|0|0|NA|0
"480396616022"|0|1|0|0|0|0|0|1|1|1|1|0|0|1|0|2208|3360|NA|NA|NA|195|41|224|15260382|68126.7053571429|0
"480396636001"|0|1|0|0|0|0|0|1|1|1|0|0|0|1|0|2622|4052|NA|NA|NA|195|80|200|12712444|63562.22|0
"480396638002"|0|1|0|0|0|0|0|1|1|0|0|1|1|0|0|NA|NA|NA|NA|NA|0|0|0|0|NA|0
"480410007004"|0|1|0|0|0|0|0|1|1|0|0|1|1|0|0|NA|NA|NA|NA|NA|0|0|0|0|NA|0
"480410011001"|0|1|0|0|0|0|0|1|1|0|0|1|1|0|0|NA|NA|NA|NA|NA|0|0|0|0|NA|0
"480410013012"|0|1|1|0|0|0|0|1|1|0|0|0|0|0|0|NA|NA|NA|NA|NA|275|62|0|0|NA|0
"480410014002"|0|1|1|0|0|1|0|1|1|1|0|0|0|0|1|7941|34190|6677|18700|10400|6456|1941|5710|663726594|116239.333450088|0
"480410020151"|0|1|1|0|0|1|0|1|1|1|0|0|0|0|1|7941|34190|6677|18700|10400|6456|1941|5710|663726594|116239.333450088|0
"480439503001"|0|1|1|0|0|0|0|1|1|1|0|0|0|1|0|6140|18590|3900|11370|8724|267|137|218|13213644|60613.0458715596|0
"480439503003"|0|1|1|0|0|0|0|1|1|1|0|0|0|1|0|6140|18590|3900|11370|8724|267|137|218|13213644|60613.0458715596|0
"480499507001"|0|1|1|0|0|0|0|1|1|1|0|0|0|1|0|25998|25998|9738|9738|8805|137|60|128|6643982|51906.109375|0
"480610107002"|0|1|0|0|0|0|0|1|1|0|0|1|1|0|0|NA|NA|NA|NA|NA|0|0|0|0|NA|0
"480610108001"|0|1|0|0|0|0|0|1|1|0|0|1|1|0|0|NA|NA|NA|NA|NA|0|0|0|0|NA|0
"480610117003"|0|1|0|0|0|0|0|1|1|0|0|1|1|0|0|9492|9492|NA|NA|NA|0|0|0|0|NA|0
"480610130031"|0|3|0|0|0|0|0|3|3|0|0|3|3|0|0|NA|NA|NA|NA|NA|0|0|0|0|NA|0
"480610140012"|0|1|0|0|0|0|0|1|1|1|1|0|0|1|0|1800|3000|NA|NA|NA|204|100|200|10602900|53014.5|0
"480739504002"|0|1|1|0|0|0|0|1|1|1|0|0|1|0|0|6600|6600|6600|6600|6300|7|2|12|548334|45694.5|0
"480739505002"|0|1|0|0|0|0|0|1|1|1|1|0|1|0|0|6300|6300|NA|NA|6630|35|9|16|582702|36418.875|0
"480850304031"|0|1|0|0|0|0|0|1|1|0|0|1|1|0|0|NA|NA|NA|NA|NA|0|0|0|0|NA|0
"480850308012"|0|1|0|0|0|0|0|1|1|1|0|0|0|0|1|2940|4950|NA|NA|NA|769|194|936|64905470|69343.4508547009|0
"480850309003"|0|1|0|0|0|0|0|1|1|1|0|0|0|0|1|2940|4950|NA|NA|NA|769|194|936|64905470|69343.4508547009|0
"480850316483"|0|1|0|0|0|0|0|1|1|0|0|1|1|0|0|NA|NA|NA|NA|NA|0|0|0|0|NA|0
"480850316484"|0|1|0|0|0|0|0|1|1|0|0|1|1|0|0|NA|NA|NA|NA|NA|0|0|0|0|NA|0
"480850316485"|0|1|0|0|0|0|0|1|1|0|0|1|1|0|0|NA|NA|NA|NA|NA|0|0|0|0|NA|0
"480850316494"|0|1|0|0|0|0|0|1|1|0|0|1|1|0|0|NA|NA|NA|NA|NA|0|0|0|0|NA|0
"480850317201"|0|1|1|0|0|0|0|2|2|2|0|0|2|0|0|NA|NA|NA|NA|NA|17|1|26|2024512|165660.045454545|0
"480850318043"|0|1|1|0|0|0|0|2|2|2|0|0|2|0|0|NA|NA|NA|NA|NA|17|1|26|2024512|165660.045454545|0
"480913101004"|0|1|0|0|0|0|0|1|1|0|0|1|1|0|0|NA|NA|NA|NA|NA|0|0|0|0|NA|0
"480913105012"|0|1|0|0|0|0|0|1|1|0|0|1|1|0|0|NA|NA|NA|NA|NA|0|0|0|0|NA|0
"480970004001"|0|1|0|0|0|0|0|1|1|1|1|0|0|1|0|2760|4944|NA|NA|4722|256|102|306|17229720|56306.2745098039|0
"480990105033"|0|1|0|0|0|0|0|1|1|1|1|0|0|0|1|3390|7050|NA|NA|5794|560|226|404|24538984|60740.0594059406|0
"480990105041"|0|1|0|0|0|0|0|1|1|1|1|0|0|0|1|3390|7050|NA|NA|5794|560|226|404|24538984|60740.0594059406|0
"481130002011"|0|1|0|0|0|0|0|1|1|0|0|1|1|0|0|NA|NA|NA|NA|NA|0|0|0|0|NA|0
"481130022001"|0|0|1|0|0|0|0|1|1|1|0|0|0|1|0|NA|NA|17130|17130|NA|189|54|110|8050000|73181.8181818182|0
"481130022002"|0|1|1|0|0|0|0|1|1|1|0|0|1|0|0|10800|10800|8550|8550|NA|42|8|26|1924638|74024.5384615385|0
"481130031011"|0|1|1|0|0|0|0|1|1|0|0|0|0|0|0|NA|NA|NA|NA|NA|426|79|0|0|NA|0
"481130031012"|0|1|0|0|0|0|0|1|1|1|1|0|0|0|1|3330|5220|NA|NA|NA|257|96|296|19916814|67286.5337837838|0
"481130050001"|0|1|0|0|0|0|0|1|1|0|0|1|1|0|0|NA|NA|NA|NA|NA|0|0|0|0|NA|0
"481130050002"|0|1|0|0|0|0|0|1|1|0|0|1|1|0|0|NA|NA|NA|NA|NA|0|0|0|0|NA|0
"481130050003"|0|1|0|0|0|0|0|1|1|0|0|1|1|0|0|NA|NA|NA|NA|NA|0|0|0|0|NA|0
"481130078042"|0|1|0|0|0|0|0|1|1|1|0|0|1|0|0|18880|18880|NA|NA|NA|13|0|6|536600|89433.3333333333|0
"481130078043"|0|1|0|0|0|0|0|1|1|1|0|0|1|0|0|18880|18880|NA|NA|NA|13|0|6|536600|89433.3333333333|0
"481130078051"|0|0|1|0|0|0|0|1|1|1|0|0|1|0|0|NA|NA|533|533|NA|4|0|0|0|NA|0
"481130078052"|0|0|1|0|0|0|0|1|1|1|0|0|1|0|0|NA|NA|533|533|NA|4|0|0|0|NA|0
"481130078101"|0|1|0|0|0|0|0|1|1|0|0|1|1|0|0|NA|NA|NA|NA|NA|0|0|0|0|NA|0
"481130078102"|0|1|0|0|0|0|0|1|1|0|0|1|1|0|0|NA|NA|NA|NA|NA|0|0|0|0|NA|0
"481130078104"|0|1|0|0|0|0|0|1|1|0|0|1|1|0|0|NA|NA|NA|NA|NA|0|0|0|0|NA|0
"481130078221"|0|1|1|0|0|0|0|1|1|1|0|0|1|0|0|19260|19260|23580|23580|NA|22|12|10|704342|70434.2|0
"481130078222"|0|1|1|0|0|0|0|1|1|1|0|0|1|0|0|19260|19260|23580|23580|NA|22|12|10|704342|70434.2|0
"481130079121"|0|1|0|0|0|0|0|1|1|1|1|0|1|0|0|NA|NA|NA|NA|NA|6|0|2|112320|56160|0
"481130085001"|0|1|0|0|0|0|0|1|1|1|1|0|1|0|0|11700|11700|NA|NA|NA|6|0|8|344000|43000|0
"481130085002"|0|1|0|0|0|0|0|1|1|1|1|0|1|0|0|11700|11700|NA|NA|NA|6|0|8|344000|43000|0
"481130091053"|0|1|0|0|0|0|0|1|1|0|0|1|1|0|0|NA|NA|NA|NA|NA|0|0|0|0|NA|0
"481130099002"|0|1|1|0|0|0|0|1|1|1|0|0|0|1|0|25128|25128|12870|12870|NA|172|43|138|9864454|71481.5507246377|0
"481130100001"|0|5|2|0|1|1|0|6|6|5|2|1|4|2|0|NA|NA|NA|NA|NA|3086|566|172|17646208|NA|0
"481130100002"|0|3|1|0|0|0|0|3|3|2|1|1|2|1|0|NA|NA|NA|NA|NA|71|25|64|5082052|NA|0
"481130107041"|0|1|0|0|0|0|0|1|1|1|1|0|0|0|1|3330|5220|NA|NA|NA|221|86|208|14847220|71380.8653846154|0
"481130107042"|0|1|0|0|0|0|0|1|1|1|1|0|0|0|1|3330|5220|NA|NA|NA|221|86|208|14847220|71380.8653846154|0
"481130113001"|0|1|1|0|0|0|0|1|1|1|0|0|0|1|0|7539|17499|4704|12174|8948|221|71|242|17680406|73059.5289256198|0
"481130114011"|0|1|0|1|0|0|0|1|1|1|0|0|1|0|0|6195|6195|NA|NA|6500|50|11|24|1244000|51833.3333333333|0
"481130136171"|0|1|0|0|0|0|0|1|1|0|0|1|1|0|0|NA|NA|NA|NA|NA|0|0|0|0|NA|0
"481130136172"|0|1|0|0|0|0|0|1|1|0|0|1|1|0|0|NA|NA|NA|NA|NA|0|0|0|0|NA|0
"481130137221"|0|1|0|0|0|0|0|1|1|0|0|1|1|0|0|NA|NA|NA|NA|NA|0|0|0|0|NA|0
"481130137272"|0|1|0|0|0|0|0|1|1|0|0|1|1|0|0|NA|NA|NA|NA|NA|0|0|0|0|NA|0
"481130138052"|0|3|0|0|0|0|0|3|3|1|1|2|2|0|1|NA|NA|NA|NA|NA|267|114|274|19118000|NA|0
"481130138061"|0|3|0|0|0|0|0|3|3|1|1|2|2|0|1|NA|NA|NA|NA|NA|267|114|274|19118000|NA|0
"481130138062"|0|3|0|0|0|0|0|3|3|1|1|2|2|0|1|NA|NA|NA|NA|NA|267|114|274|19118000|NA|0
"481130140011"|0|1|0|0|0|0|0|1|1|1|0|0|1|0|0|18176|18176|NA|NA|8920|17|3|14|683668|48833.4285714286|0
"481130140012"|0|1|0|0|0|0|0|1|1|1|0|0|1|0|0|18176|18176|NA|NA|8920|17|3|14|683668|48833.4285714286|0
"481130140013"|0|1|0|0|0|0|0|1|1|1|0|0|1|0|0|18176|18176|NA|NA|8920|17|3|14|683668|48833.4285714286|0
"481130140014"|0|1|0|0|0|0|0|1|1|1|0|0|1|0|0|18176|18176|NA|NA|8920|17|3|14|683668|48833.4285714286|0
"481130140021"|0|1|0|0|0|0|0|1|1|1|1|0|1|0|0|NA|NA|NA|NA|NA|18|8|12|732710|61059.1666666667|0
"481130140022"|0|1|0|0|0|0|0|1|1|1|1|0|1|0|0|NA|NA|NA|NA|NA|18|8|12|732710|61059.1666666667|0
"481130141142"|0|1|0|0|0|0|0|1|1|0|0|1|1|0|0|NA|NA|NA|NA|NA|0|0|0|0|NA|0
"481130141242"|0|2|1|0|0|0|0|2|2|2|1|0|1|1|0|NA|NA|NA|NA|NA|64|2|96|6581710|152454.591208791|0
"481130141301"|0|1|0|0|0|0|0|1|1|1|1|0|1|0|0|NA|NA|NA|NA|NA|18|8|12|732710|61059.1666666667|0
"481130142041"|0|1|1|0|0|0|0|1|1|1|0|0|0|1|0|39680|39680|33750|33750|12760|254|92|288|20733832|71992.4722222222|0
"481130142042"|0|1|1|0|0|0|0|1|1|1|0|0|0|1|0|39680|39680|33750|33750|12760|254|92|288|20733832|71992.4722222222|0
"481130143062"|0|1|0|0|0|0|0|1|1|0|0|1|1|0|0|NA|NA|NA|NA|NA|0|0|0|0|NA|0
"481130143064"|0|1|0|0|0|0|0|1|1|0|0|1|1|0|0|NA|NA|NA|NA|NA|0|0|0|0|NA|0
"481130143112"|0|1|0|0|0|0|0|1|1|1|1|0|0|0|1|3330|5220|NA|NA|NA|251|103|234|16406782|70114.452991453|0
"481130143124"|0|1|0|0|0|0|0|1|1|1|1|0|0|0|1|3330|5220|NA|NA|NA|251|103|234|16406782|70114.452991453|0
"481130144051"|0|1|0|0|0|0|0|1|1|0|0|1|1|0|0|NA|NA|NA|NA|NA|0|0|0|0|NA|0
"481130144052"|0|1|0|0|0|0|0|1|1|0|0|1|1|0|0|NA|NA|NA|NA|NA|0|0|0|0|NA|0
"481130144053"|0|1|0|0|0|0|0|1|1|0|0|1|1|0|0|NA|NA|NA|NA|NA|0|0|0|0|NA|0
"481130146021"|0|1|0|0|0|0|0|1|1|0|0|1|1|0|0|16520|16520|NA|NA|NA|0|0|0|0|NA|0
"481130146023"|0|1|0|0|0|0|0|1|1|0|0|1|1|0|0|16520|16520|NA|NA|NA|0|0|0|0|NA|0
"481130154011"|0|1|0|0|0|0|0|1|0|0|0|0|0|0|0|NA|NA|NA|NA|NA|0|0|0|0|NA|0
"481130154015"|0|1|0|0|0|0|0|1|0|0|0|0|0|0|0|NA|NA|NA|NA|NA|0|0|0|0|NA|0
"481130162022"|0|1|0|0|0|0|0|1|1|0|0|1|1|0|0|NA|NA|NA|NA|NA|0|0|0|0|NA|0
"481130162024"|0|1|0|0|0|0|0|1|1|0|0|1|1|0|0|NA|NA|NA|NA|NA|0|0|0|0|NA|0
"481130164014"|0|1|0|0|0|0|0|1|1|0|0|1|1|0|0|NA|NA|NA|NA|NA|0|0|0|0|NA|0
"481130164072"|0|1|0|0|0|0|0|1|1|0|0|1|1|0|0|NA|NA|NA|NA|NA|0|0|0|0|NA|0
"481130165211"|0|1|1|0|0|0|0|1|1|1|0|0|0|1|0|29220|29220|18072|18072|8226|314|120|254|25084612|98758.3149606299|0
"481130165212"|0|1|1|0|0|0|0|1|1|1|0|0|0|1|0|29220|29220|18072|18072|8226|314|120|254|25084612|98758.3149606299|0
"481130167011"|0|1|0|0|0|0|0|1|1|1|1|0|0|1|0|3330|5220|NA|NA|NA|181|62|154|10580874|68706.974025974|0
"481130167014"|0|1|0|0|0|0|0|1|1|1|1|0|0|1|0|3330|5220|NA|NA|NA|181|62|154|10580874|68706.974025974|0
"481130167031"|0|1|0|0|0|0|0|1|1|1|1|0|0|1|0|3330|5220|NA|NA|NA|181|62|154|10580874|68706.974025974|0
"481130167033"|0|1|0|0|0|0|0|1|1|1|1|0|0|1|0|3330|5220|NA|NA|NA|181|62|154|10580874|68706.974025974|0
"481130167034"|0|1|0|0|0|0|0|1|1|1|1|0|0|1|0|3330|5220|NA|NA|NA|181|62|154|10580874|68706.974025974|0
"481130177023"|0|1|0|0|0|0|0|1|1|0|0|1|1|0|0|NA|NA|NA|NA|NA|0|0|0|0|NA|0
"481130178121"|0|2|0|0|0|0|0|2|2|2|1|0|2|0|0|NA|NA|NA|NA|NA|4|2|6|531358|NA|0
"481130178131"|0|1|0|0|0|0|0|1|1|1|0|0|1|0|0|15000|15000|NA|NA|NA|0|0|0|0|NA|0
"481130178134"|0|1|0|0|0|0|0|1|1|1|0|0|1|0|0|15000|15000|NA|NA|NA|0|0|0|0|NA|0
"481130179003"|0|1|0|0|0|0|0|1|1|1|1|0|0|0|1|3330|5220|NA|NA|NA|306|115|288|20207454|70164.7708333333|0
"481130181302"|0|1|0|0|0|0|0|1|1|1|1|0|1|0|0|NA|NA|NA|NA|NA|4|2|6|531358|88559.6666666667|0
"481130184031"|0|2|1|0|0|0|0|2|2|2|0|0|1|1|0|23583|23583|NA|NA|NA|53|17|82|4791774|119059.456937799|0
"481130190163"|0|2|0|0|0|0|0|2|2|1|1|1|2|0|0|NA|NA|NA|NA|NA|42|12|26|1950728|NA|0
"481130190243"|0|1|0|0|0|0|0|1|1|0|0|1|1|0|0|NA|NA|NA|NA|NA|0|0|0|0|NA|0
"481130190244"|0|1|0|0|0|0|0|1|1|0|0|1|1|0|0|NA|NA|NA|NA|NA|0|0|0|0|NA|0
"481130190273"|0|1|0|0|0|0|0|1|1|0|0|1|1|0|0|NA|NA|NA|NA|NA|0|0|0|0|NA|0
"481130190341"|0|1|0|0|0|0|0|1|1|1|1|0|0|0|1|3330|5220|NA|NA|NA|450|174|370|27187376|73479.3945945946|0
"481130190342"|0|1|0|0|0|0|0|1|1|1|1|0|0|0|1|3330|5220|NA|NA|NA|450|174|370|27187376|73479.3945945946|0
"481130190401"|0|1|0|0|0|0|0|1|0|0|0|0|0|0|0|NA|NA|NA|NA|NA|0|0|0|0|NA|0
"481130192042"|0|2|0|0|0|0|0|2|2|2|0|0|2|0|0|NA|NA|NA|NA|NA|58|2|4|214834|NA|0
"481130192051"|0|1|1|0|0|0|0|2|2|2|0|0|2|0|0|NA|NA|NA|NA|NA|17|1|26|2024512|165660.045454545|0
"481130192053"|0|2|0|0|0|0|0|2|2|2|0|0|2|0|0|NA|NA|NA|NA|NA|58|2|4|214834|NA|0
"481130192061"|0|1|1|0|0|0|0|1|1|1|0|0|0|0|1|13442|38168|13874|27796|11532|2455|662|1796|207144516|115336.590200445|0
"481130193022"|0|1|1|0|0|0|0|1|1|1|0|0|0|0|1|50200|50200|40896|40896|16750|1753|367|1508|177960102|118010.677718833|0
"481130193023"|0|1|1|0|0|0|0|1|1|1|0|0|0|0|1|50200|50200|40896|40896|16750|1753|367|1508|177960102|118010.677718833|0
"481130193024"|0|1|1|0|0|0|0|1|1|1|0|0|0|0|1|50200|50200|40896|40896|16750|1753|367|1508|177960102|118010.677718833|0
"481130202003"|0|1|0|0|0|0|0|1|1|1|1|0|0|1|0|3330|5220|NA|NA|NA|181|62|154|10580874|68706.974025974|0
"481130203001"|0|1|0|0|0|0|0|1|1|0|0|1|0|0|0|NA|NA|NA|NA|NA|0|0|0|0|NA|0
"481130203002"|0|1|0|0|0|0|0|1|1|0|0|1|0|0|0|NA|NA|NA|NA|NA|0|0|0|0|NA|0
"481130203003"|0|1|0|0|0|0|0|1|1|0|0|1|0|0|0|NA|NA|NA|NA|NA|0|0|0|0|NA|0
"481130204001"|0|1|0|0|0|0|0|1|1|0|0|0|0|0|0|NA|NA|NA|NA|NA|777|138|0|0|NA|0
"481130204002"|0|2|0|0|0|0|0|2|2|0|0|1|0|0|0|NA|NA|NA|NA|NA|777|138|0|0|NA|0
"481130204003"|0|1|1|0|0|0|0|1|1|0|0|0|0|0|0|NA|NA|NA|NA|NA|426|79|0|0|NA|0
"481139800001"|0|2|1|0|0|0|0|2|2|2|1|0|1|1|0|NA|NA|NA|NA|NA|64|2|96|6581710|152454.591208791|0
"481210204024"|0|1|1|0|0|0|0|1|1|1|0|0|0|0|1|5430|15559|4973|12569|9050|893|308|914|72290676|79092.6433260394|0
"481210206012"|0|1|1|0|0|0|0|1|1|1|0|0|0|0|1|5430|15559|4973|12569|9050|893|308|914|72290676|79092.6433260394|0
"481210206013"|0|1|1|0|0|0|0|1|1|1|0|0|0|0|1|5430|15559|4973|12569|9050|893|308|914|72290676|79092.6433260394|0
"481210210001"|0|1|1|0|0|0|0|1|1|1|0|0|0|0|1|8295|18423|5900|13496|9610|2696|771|2324|201966420|86904.6557659208|0
"481210210002"|0|1|1|0|0|0|0|1|1|1|0|0|0|0|1|8295|18423|5900|13496|9610|2696|771|2324|201966420|86904.6557659208|0
"481210212021"|0|1|0|0|0|0|0|1|1|0|0|1|1|0|0|NA|NA|NA|NA|NA|0|0|0|0|NA|0
"481210212022"|0|1|0|0|0|0|0|1|1|0|0|1|1|0|0|NA|NA|NA|NA|NA|0|0|0|0|NA|0
"481210213011"|0|1|0|0|0|0|0|1|1|0|0|1|1|0|0|NA|NA|NA|NA|NA|0|0|0|0|NA|0
"481210213012"|0|1|0|0|0|0|0|1|1|0|0|1|1|0|0|NA|NA|NA|NA|NA|0|0|0|0|NA|0
"481210216201"|0|1|0|0|0|0|0|1|1|0|0|1|1|0|0|NA|NA|NA|NA|NA|0|0|0|0|NA|0
"481210216202"|0|1|0|0|0|0|0|1|1|0|0|1|1|0|0|NA|NA|NA|NA|NA|0|0|0|0|NA|0
"481210216221"|0|1|0|0|0|0|0|1|1|0|0|1|1|0|0|NA|NA|NA|NA|NA|0|0|0|0|NA|0
"481299502002"|0|1|0|0|0|0|0|1|1|1|1|0|0|1|0|1224|1968|NA|NA|4176|54|8|84|3331476|39660.4285714286|0
"481339501001"|0|1|0|0|0|0|0|1|1|1|1|0|0|1|0|3300|4650|NA|NA|4431|98|34|84|3561614|42400.1666666667|0
"481339503001"|0|1|0|0|0|0|0|1|1|1|1|0|0|1|0|4800|4800|NA|NA|4483|111|33|174|7608012|43724.2068965517|0
"481350013002"|0|1|0|0|0|0|0|1|1|1|1|0|0|1|0|2832|3750|NA|NA|5800|205|42|266|16691764|62750.992481203|0
"481350024005"|0|1|1|0|0|0|0|1|1|1|0|0|0|1|0|4867|5767|4594|5220|9846|348|98|346|32188582|93030.5838150289|0
"481390606001"|0|1|1|0|0|0|0|1|1|1|0|0|0|1|0|20496|20496|10710|10710|7500|146|59|146|7509364|51434|0
"481390606004"|0|1|1|0|0|0|0|1|1|1|0|0|0|1|0|20496|20496|10710|10710|7500|146|59|146|7509364|51434|0
"481390606005"|0|1|1|0|0|0|0|1|1|1|0|0|0|1|0|20496|20496|10710|10710|7500|146|59|146|7509364|51434|0
"481410001011"|0|1|0|0|0|0|0|1|1|1|0|0|1|0|0|NA|NA|NA|NA|NA|25|5|48|1941624|40450.5|0
"481410001123"|0|1|0|0|0|0|0|1|1|1|0|0|1|0|0|NA|NA|NA|NA|NA|25|5|48|1941624|40450.5|0
"481410001124"|0|1|0|0|0|0|0|1|1|1|0|0|1|0|0|NA|NA|NA|NA|NA|25|5|48|1941624|40450.5|0
"481410015023"|0|1|1|0|0|0|0|1|1|1|0|0|0|0|1|7193|22556|5497|14766|9496|1702|433|1548|128988200|83325.7105943152|0
"481410026005"|0|1|0|0|0|0|0|1|1|0|0|1|1|0|0|NA|NA|NA|NA|NA|0|0|0|0|NA|0
"481410032001"|0|1|1|0|1|1|0|1|1|1|0|0|1|0|0|6633|20559|3060|10656|NA|395|180|44|5469846|124314.681818182|0
"481410034022"|0|2|0|0|0|0|0|2|2|2|1|0|0|2|0|29580|29580|NA|NA|NA|441|75|344|16560084|94496.7468972249|0
"481410034045"|0|1|0|0|0|0|0|1|1|1|1|0|0|0|1|2560|4368|NA|NA|NA|759|342|872|49172684|56390.6926605505|0
"481410039021"|0|1|0|0|0|0|0|1|1|0|0|1|1|0|0|NA|NA|NA|NA|NA|0|0|0|0|NA|0
"481410039022"|0|1|0|0|0|0|0|1|1|0|0|1|1|0|0|NA|NA|NA|NA|NA|0|0|0|0|NA|0
"481410040023"|0|1|0|0|0|0|0|1|1|1|0|0|0|1|0|NA|NA|NA|NA|NA|63|12|118|4547240|38535.9322033898|0
"481410041032"|0|1|0|0|0|0|0|1|1|1|1|0|1|0|0|NA|NA|NA|NA|NA|0|0|0|0|NA|0
"481410041071"|0|1|0|0|0|0|0|1|1|1|1|0|1|0|0|NA|NA|NA|NA|NA|32|19|52|2218338|42660.3461538462|0
"481410043124"|0|1|0|0|0|0|0|1|1|1|1|0|1|0|0|NA|NA|NA|NA|NA|0|0|0|0|NA|0
"481410043161"|0|1|0|0|0|0|0|1|1|0|0|1|1|0|0|NA|NA|NA|NA|NA|0|0|0|0|NA|0
"481410103415"|0|1|0|0|0|0|0|1|1|0|0|1|1|0|0|NA|NA|NA|NA|NA|0|0|0|0|NA|0
"481439505004"|0|1|1|0|0|0|0|1|1|1|0|0|0|0|1|4526|14296|4137|11733|10712|628|247|864|63152918|73093.6550925926|0
"481439505005"|0|1|1|0|0|0|0|1|1|1|0|0|0|0|1|4526|14296|4137|11733|10712|628|247|864|63152918|73093.6550925926|0
"481576720021"|0|1|0|0|0|0|0|1|1|0|0|1|1|0|0|NA|NA|NA|NA|NA|0|0|0|0|NA|0
"481576720022"|0|1|1|0|0|0|0|1|1|1|0|0|1|0|0|9900|9900|5940|5940|9080|38|14|30|1907926|63597.5333333333|0
"481677206002"|0|1|0|0|0|0|0|1|1|0|0|1|1|0|0|NA|NA|NA|NA|NA|0|0|0|0|NA|0
"481677227001"|0|1|0|0|0|0|0|1|1|1|1|0|0|1|0|2550|3450|NA|NA|NA|224|81|230|15019672|65302.9217391304|0
"481677233003"|0|1|0|0|0|0|0|1|1|0|0|1|1|0|0|NA|NA|NA|NA|NA|0|0|0|0|NA|0
"481677243001"|0|1|1|0|1|1|0|1|1|1|0|0|0|1|0|6522|20096|6454|15127|NA|1010|241|234|25488392|108924.752136752|0
"481677250001"|0|1|0|0|0|0|0|1|1|1|0|0|0|1|0|1800|3750|NA|NA|5088|98|22|122|7910908|64843.5081967213|0
"481810009012"|0|1|0|0|0|0|0|1|1|1|0|0|0|1|0|2640|4020|NA|NA|6946|184|39|234|13284982|56773.4273504274|0
"481810009021"|0|1|0|0|0|0|0|1|1|0|0|1|1|0|0|NA|NA|NA|NA|NA|0|0|0|0|NA|0
"481810014005"|0|1|1|0|0|0|0|1|1|1|0|0|0|1|0|40970|40970|47980|47980|12752|184|86|202|13837792|68503.9207920792|0
"481830013004"|0|1|0|0|0|0|0|1|1|0|0|1|1|0|0|NA|NA|NA|NA|NA|0|0|0|0|NA|0
"481830015001"|0|1|1|0|0|0|0|1|1|1|0|0|0|1|0|30520|30520|18618|18618|9970|236|95|232|15023776|64757.6551724138|0
"481830107005"|0|1|0|0|0|0|0|1|1|1|1|0|0|1|0|3120|4320|NA|NA|6016|171|61|292|15648882|53592.0616438356|0
"481872103001"|0|1|1|0|0|0|0|1|1|1|0|0|0|1|0|30550|30550|30550|30550|10440|138|22|170|11129284|65466.3764705882|0
"481872103005"|0|1|0|0|0|0|0|1|1|0|0|1|1|0|0|NA|NA|NA|NA|NA|0|0|0|0|NA|0
"481899504002"|0|1|1|0|0|0|0|1|1|1|0|0|0|1|0|21360|21360|13104|13104|8342|314|146|280|13133988|46907.1|0
"481990307003"|0|1|0|0|0|0|0|1|1|0|0|1|1|0|0|NA|NA|NA|NA|NA|0|0|0|0|NA|0
"482011000001"|0|0|1|0|0|0|0|1|1|1|0|0|1|0|0|NA|NA|NA|NA|NA|114|49|106|16788668|158383.660377358|0
"482011000002"|0|0|1|0|0|0|0|1|1|1|0|0|1|0|0|NA|NA|NA|NA|NA|114|49|106|16788668|158383.660377358|0
"482011000003"|0|1|1|0|0|0|0|1|1|1|0|0|0|0|1|5460|15408|7578|14274|NA|630|143|714|54555576|76408.3697478992|0
"482012203002"|0|1|0|0|0|0|0|1|1|1|1|0|1|0|0|12600|12600|NA|NA|NA|41|16|58|2372542|40905.8965517241|0
"482012205001"|0|1|0|0|0|0|0|1|1|1|1|0|1|0|0|12600|12600|NA|NA|NA|41|16|58|2372542|40905.8965517241|0
"482012226002"|0|1|0|0|0|0|0|1|1|1|1|0|1|0|0|NA|NA|NA|NA|NA|20|9|12|612528|51044|0
"482012334002"|0|1|0|0|0|0|0|1|1|0|0|1|1|0|0|NA|NA|NA|NA|NA|0|0|0|0|NA|0
"482012401002"|0|2|0|0|0|0|0|2|2|1|1|1|1|1|0|NA|NA|NA|NA|NA|6|2|0|0|NA|0
"482012407021"|0|1|0|0|0|0|0|1|1|0|0|1|0|1|0|NA|NA|NA|NA|NA|0|0|0|0|NA|0
"482012407022"|0|2|0|0|0|0|0|2|2|0|0|2|1|1|0|NA|NA|NA|NA|NA|0|0|0|0|NA|0
"482012544001"|0|1|0|0|0|0|0|1|1|1|1|0|0|1|0|3012|3552|NA|NA|NA|254|100|334|21889140|65536.3473053892|0
"482012544002"|0|1|0|0|0|0|0|1|1|1|1|0|0|1|0|3012|3552|NA|NA|NA|254|100|334|21889140|65536.3473053892|0
"482012544004"|0|1|0|0|0|0|0|1|1|1|1|0|0|1|0|3012|3552|NA|NA|NA|254|100|334|21889140|65536.3473053892|0
"482013102001"|0|1|0|0|0|0|0|1|1|0|0|1|1|0|0|NA|NA|NA|NA|NA|0|0|0|0|NA|0
"482013117001"|0|1|0|0|0|0|0|1|1|0|0|1|1|0|0|NA|NA|NA|NA|NA|0|0|0|0|NA|0
"482013121001"|0|2|2|0|0|0|0|2|2|1|0|0|0|0|1|NA|NA|NA|NA|NA|3895|510|3046|341486574|NA|0
"482013128001"|0|1|1|1|0|0|0|1|1|1|0|0|0|1|0|6942|20097|5487|12868|9664|734|253|866|74852570|86434.8383371824|0
"482013128002"|0|1|1|1|0|0|0|1|1|1|0|0|0|1|0|6942|20097|5487|12868|9664|734|253|866|74852570|86434.8383371824|0
"482013131001"|0|1|2|0|2|1|0|2|2|2|0|0|1|1|0|NA|NA|28468|49030|NA|4113|262|864|121374606|277978.9164452|0
"482013131002"|0|1|2|0|2|1|0|2|2|2|0|0|1|1|0|NA|NA|28468|49030|NA|4113|262|864|121374606|277978.9164452|0
"482013143001"|0|1|0|0|0|0|0|1|1|0|0|1|1|0|0|NA|NA|NA|NA|NA|0|0|0|0|NA|0
"482013221003"|0|1|0|0|0|0|0|1|1|1|1|0|1|0|0|9840|9840|NA|NA|NA|8|4|0|0|NA|0
"482013335003"|0|1|0|0|0|0|0|1|1|0|0|1|1|0|0|16520|16520|NA|NA|NA|0|0|0|0|NA|0
"482013402032"|0|1|1|0|0|0|0|1|1|1|0|0|0|1|0|5740|19176|7920|17568|10218|510|161|558|45959722|82365.0931899642|0
"482013412011"|0|2|0|0|0|0|0|2|2|1|1|1|2|0|0|NA|NA|NA|NA|NA|10|4|44|1351246|NA|0
"482013420012"|0|0|1|0|0|0|0|1|1|1|0|0|1|0|0|NA|NA|NA|NA|NA|40|19|52|3448158|66310.7307692308|0
"482013421001"|0|0|1|0|0|0|0|1|1|1|0|0|1|0|0|NA|NA|NA|NA|NA|40|19|52|3448158|66310.7307692308|0
"482013430001"|0|1|0|0|0|0|0|1|1|1|1|0|0|0|1|3240|5040|NA|NA|NA|796|296|1068|73740198|69045.1292134831|0
"482013437003"|0|1|0|0|0|0|0|1|1|1|1|0|0|0|1|3240|5040|NA|NA|NA|796|296|1068|73740198|69045.1292134831|0
"482014106001"|0|1|0|0|0|0|0|1|1|1|1|0|0|0|1|2904|3624|NA|NA|NA|1563|600|1746|134592170|77086.0080183276|0
"482014107021"|0|1|1|0|0|0|0|1|1|1|0|0|0|1|0|30800|30800|20934|20934|9300|233|85|302|22473066|74414.1258278146|0
"482014107022"|0|1|1|0|0|0|0|1|1|1|0|0|0|1|0|30800|30800|20934|20934|9300|233|85|302|22473066|74414.1258278146|0
"482014115011"|0|1|0|0|0|0|0|1|1|1|0|0|1|0|0|19260|19260|NA|NA|NA|35|21|16|923202|57700.125|0
"482014115012"|0|1|0|0|0|0|0|1|1|1|0|0|1|0|0|19260|19260|NA|NA|NA|35|21|16|923202|57700.125|0
"482014117001"|0|1|0|0|0|0|0|1|1|1|1|0|1|0|0|13920|13920|NA|NA|NA|10|3|18|1010640|56146.6666666667|0
"482014117002"|0|1|0|0|0|0|0|1|1|1|1|0|1|0|0|13920|13920|NA|NA|NA|10|3|18|1010640|56146.6666666667|0
"482014121001"|0|1|1|0|0|0|0|1|1|1|0|0|0|1|0|48330|48330|48791|48791|14140|2551|486|1388|207104724|149210.896253602|0
"482014122001"|0|1|1|0|1|1|0|1|1|1|0|0|0|1|0|7728|32235|7729|30787|NA|2122|502|748|95908052|128219.320855615|0
"482014203001"|0|0|1|0|0|0|0|1|1|1|0|0|1|0|0|NA|NA|9540|9540|NA|8|1|6|351978|58663|0
"482014228001"|0|1|1|0|0|0|0|1|1|1|0|0|0|1|0|31400|31400|10350|10350|8064|272|113|276|20797512|75353.3043478261|0
"482014228003"|0|1|1|0|0|0|0|1|1|1|0|0|0|1|0|31400|31400|10350|10350|8064|272|113|276|20797512|75353.3043478261|0
"482014233023"|0|1|0|0|0|0|0|1|1|0|0|1|1|0|0|NA|NA|NA|NA|NA|0|0|0|0|NA|0
"482014234022"|0|1|0|0|0|0|0|1|1|0|0|1|1|0|0|NA|NA|NA|NA|NA|0|0|0|0|NA|0
"482014322003"|0|0|1|0|0|0|0|1|1|1|0|0|1|0|0|NA|NA|15552|15552|NA|9|5|16|972000|60750|0
"482014323001"|0|1|0|0|0|0|0|1|1|1|1|0|1|0|0|9960|9960|NA|NA|NA|11|5|2|87360|43680|0
"482014324002"|0|1|1|0|0|0|0|1|1|1|0|0|1|0|0|14250|14250|18360|18360|NA|26|1|6|497200|82866.6666666667|0
"482014324003"|0|1|0|0|0|0|0|1|1|0|0|1|1|0|0|NA|NA|NA|NA|NA|0|0|0|0|NA|0
"482014328011"|0|2|0|0|1|0|0|2|2|2|0|0|2|0|0|18426|21330|NA|NA|NA|25|5|36|2284622|NA|0
"482014328021"|0|1|0|0|0|0|0|1|1|1|1|0|1|0|0|NA|NA|NA|NA|NA|21|3|30|1597158|53238.6|0
"482014328022"|0|1|0|0|0|0|0|1|1|1|1|0|1|0|0|NA|NA|NA|NA|NA|21|3|30|1597158|53238.6|0
"482014328024"|0|1|0|0|0|0|0|1|1|1|1|0|1|0|0|NA|NA|NA|NA|NA|21|3|30|1597158|53238.6|0
"482014333002"|0|1|0|0|0|0|0|1|1|0|0|1|1|0|0|NA|NA|NA|NA|NA|0|0|0|0|NA|0
"482014333003"|0|1|0|0|0|0|0|1|1|0|0|1|1|0|0|NA|NA|NA|NA|NA|0|0|0|0|NA|0
"482014335012"|0|1|0|0|0|0|0|1|1|1|1|0|1|0|0|14571|14571|NA|NA|NA|26|16|16|834222|52138.875|0
"482014502001"|0|1|1|0|0|0|0|1|1|1|0|0|1|0|0|9552|9552|16752|16752|NA|0|0|0|0|NA|0
"482014502002"|0|1|0|0|0|0|0|1|1|0|0|1|1|0|0|NA|NA|NA|NA|NA|0|0|0|0|NA|0
"482014508024"|0|1|0|0|0|0|0|1|1|1|1|0|1|0|0|NA|NA|NA|NA|NA|11|3|6|343364|57227.3333333333|0
"482014508025"|0|1|0|0|0|0|0|1|1|1|1|0|1|0|0|NA|NA|NA|NA|NA|11|3|6|343364|57227.3333333333|0
"482014517001"|0|1|0|0|0|0|0|1|1|0|0|1|1|0|0|NA|NA|NA|NA|NA|0|0|0|0|NA|0
"482014522022"|0|1|0|0|0|0|0|1|1|1|1|0|1|0|0|NA|NA|NA|NA|NA|10|8|0|0|NA|0
"482014534024"|0|1|0|0|0|0|0|1|1|0|0|1|1|0|0|NA|NA|NA|NA|NA|0|0|0|0|NA|0
"482014535021"|0|1|0|0|0|0|0|1|1|1|1|0|1|0|0|10651|10651|NA|NA|NA|5|0|18|635476|35304.2222222222|0
"482014541001"|0|1|0|0|0|0|0|1|1|0|0|1|1|0|0|NA|NA|NA|NA|NA|0|0|0|0|NA|0
"482014543013"|0|1|0|0|0|0|0|1|1|1|1|0|1|0|0|NA|NA|NA|NA|NA|18|10|10|550000|55000|0
"482014545013"|0|1|1|0|0|0|0|1|1|0|0|0|0|0|0|2700|2700|2500|2500|NA|0|0|0|0|NA|0
"482015110012"|0|2|0|0|0|0|0|2|2|1|0|1|1|1|0|NA|NA|NA|NA|NA|74|5|86|5484596|NA|0
"482015204002"|0|1|0|0|0|0|0|1|1|1|1|0|1|0|0|NA|NA|NA|NA|NA|10|4|16|1049062|65566.375|0
"482015205001"|0|2|0|0|0|0|0|2|2|1|0|1|1|1|0|NA|NA|NA|NA|NA|74|5|86|5484596|NA|0
"482015217001"|0|1|0|0|0|0|0|1|0|0|0|0|0|0|0|NA|NA|NA|NA|NA|0|0|0|0|NA|0
"482015218001"|0|2|0|0|0|0|0|2|2|2|1|0|1|1|0|NA|NA|NA|NA|NA|98|32|140|10974408|159075.869047619|0
"482015224022"|0|1|0|0|0|0|0|1|1|0|0|1|1|0|0|NA|NA|NA|NA|NA|0|0|0|0|NA|0
"482015432001"|0|1|0|0|0|0|0|1|1|0|0|1|1|0|0|NA|NA|NA|NA|NA|0|0|0|0|NA|0
"482015501001"|0|1|0|0|0|0|0|1|1|1|0|0|1|0|0|15664|15664|NA|NA|NA|15|5|38|1240168|32636|0
"482015503013"|0|2|0|0|0|0|0|2|2|1|1|1|2|0|0|NA|NA|NA|NA|NA|6|2|6|383728|NA|0
"482015503021"|0|1|0|0|0|0|0|1|1|0|0|1|1|0|0|NA|NA|NA|NA|NA|0|0|0|0|NA|0
"482015519001"|0|1|0|0|0|0|0|1|1|0|0|1|1|0|0|NA|NA|NA|NA|NA|0|0|0|0|NA|0
"482015519002"|0|1|0|0|0|0|0|1|1|0|0|1|1|0|0|NA|NA|NA|NA|NA|0|0|0|0|NA|0
"482015530013"|0|1|0|0|0|0|0|1|1|0|0|1|1|0|0|NA|NA|NA|NA|NA|0|0|0|0|NA|0
"482015531002"|0|1|0|0|0|0|0|1|1|0|0|1|1|0|0|NA|NA|NA|NA|NA|0|0|0|0|NA|0
"482015531003"|0|1|0|0|0|0|0|1|1|0|0|1|1|0|0|NA|NA|NA|NA|NA|0|0|0|0|NA|0
"482015532004"|0|1|0|0|0|0|0|1|1|0|0|1|1|0|0|NA|NA|NA|NA|NA|0|0|0|0|NA|0
"482015533002"|0|2|0|0|0|0|0|2|2|1|1|1|2|0|0|NA|NA|NA|NA|NA|27|19|22|1108604|NA|0
"482030204012"|0|1|1|0|0|0|0|1|1|1|0|0|0|1|0|26100|26100|13050|13050|9329|154|63|146|9388152|64302.4109589041|0
"482030204021"|0|1|0|1|0|0|0|1|1|1|0|0|1|0|0|10118|10118|NA|NA|7084|119|23|82|4007108|48867.1707317073|0
"482090102002"|0|1|1|0|0|0|0|1|1|1|0|0|0|0|1|8052|19868|6751|15191|9940|2559|999|2692|205928672|76496.5349182764|0
"482090103021"|0|1|0|0|0|0|0|1|1|0|0|1|1|0|0|NA|NA|NA|NA|NA|0|0|0|0|NA|0
"482090103031"|0|1|0|0|0|0|0|1|1|0|0|1|1|0|0|NA|NA|NA|NA|NA|0|0|0|0|NA|0
"482139512004"|0|1|0|0|0|0|0|1|1|1|1|0|0|1|0|1170|4500|NA|NA|6584|180|63|326|19546386|59958.2392638037|0
"482139512005"|0|1|0|0|0|0|0|1|1|1|1|0|0|1|0|1170|4500|NA|NA|6584|180|63|326|19546386|59958.2392638037|0
"482150203021"|0|1|0|0|0|0|0|1|1|0|0|1|1|0|0|NA|NA|NA|NA|NA|0|0|0|0|NA|0
"482150207211"|0|1|0|0|0|0|0|1|1|0|0|1|1|0|0|NA|NA|NA|NA|NA|0|0|0|0|NA|0
"482150207212"|0|1|0|0|0|0|0|1|1|0|0|1|1|0|0|NA|NA|NA|NA|NA|0|0|0|0|NA|0
"482150207242"|0|1|0|0|0|0|0|1|1|1|0|0|0|0|1|2610|6000|NA|NA|NA|1064|284|1278|74956502|58651.4100156495|0
"482150208025"|0|1|0|0|0|0|0|1|1|1|1|0|1|0|0|NA|NA|NA|NA|NA|19|2|42|2140514|50964.619047619|0
"482150209011"|0|1|0|0|0|0|0|1|1|0|0|1|1|0|0|NA|NA|NA|NA|NA|0|0|0|0|NA|0
"482150209041"|0|1|0|0|0|0|0|1|1|0|0|1|1|0|0|NA|NA|NA|NA|NA|0|0|0|0|NA|0
"482150209043"|0|1|0|0|0|0|0|1|1|0|0|1|1|0|0|NA|NA|NA|NA|NA|0|0|0|0|NA|0
"482150212013"|0|1|0|0|0|0|0|1|1|0|0|1|1|0|0|NA|NA|NA|NA|NA|0|0|0|0|NA|0
"482150217011"|0|1|0|0|0|0|0|1|1|1|1|0|1|0|0|NA|NA|NA|NA|NA|29|4|24|1150240|47926.6666666667|0
"482150217012"|0|1|0|0|0|0|0|1|1|1|1|0|1|0|0|NA|NA|NA|NA|NA|29|4|24|1150240|47926.6666666667|0
"482150217014"|0|1|0|0|0|0|0|1|1|0|0|1|1|0|0|NA|NA|NA|NA|NA|0|0|0|0|NA|0
"482150225021"|0|1|0|0|0|0|0|1|1|0|0|1|1|0|0|NA|NA|NA|NA|NA|0|0|0|0|NA|0
"482150227011"|0|1|0|0|0|0|0|1|1|0|0|1|1|0|0|NA|NA|NA|NA|NA|0|0|0|0|NA|0
"482150227022"|0|1|0|0|0|0|0|1|1|0|0|1|1|0|0|NA|NA|NA|NA|NA|0|0|0|0|NA|0
"482150227023"|0|1|0|0|0|0|0|1|1|0|0|1|1|0|0|NA|NA|NA|NA|NA|0|0|0|0|NA|0
"482150235101"|0|1|0|0|0|0|0|1|1|0|0|1|1|0|0|NA|NA|NA|NA|NA|0|0|0|0|NA|0
"482150235102"|0|1|0|0|0|0|0|1|1|0|0|1|1|0|0|NA|NA|NA|NA|NA|0|0|0|0|NA|0
"482150235103"|0|1|0|0|0|0|0|1|1|0|0|1|1|0|0|NA|NA|NA|NA|NA|0|0|0|0|NA|0
"482150240002"|0|1|1|0|1|1|0|1|1|1|0|0|0|0|1|6664|16792|5959|13555|8252|1803|560|2296|161150532|70187.5139372822|0
"482150242052"|0|1|0|0|0|0|0|1|1|0|0|1|1|0|0|NA|NA|NA|NA|NA|0|0|0|0|NA|0
"482179611001"|0|1|0|0|0|0|0|1|1|1|1|0|0|1|0|2088|2488|NA|NA|4200|118|34|186|9361792|50332.2150537634|0
"482199505001"|0|1|0|0|0|0|0|1|1|1|1|0|0|1|0|2160|2544|NA|NA|4418|287|114|522|28441604|54485.8314176245|0
"482279501003"|0|1|0|0|0|0|0|1|1|1|1|0|0|1|0|3720|5170|NA|NA|5040|170|70|236|11366214|48161.9237288136|0
"482279506003"|0|1|0|0|0|0|0|1|1|1|1|0|0|1|0|3720|5170|NA|NA|5040|170|70|236|11366214|48161.9237288136|0
"482279508013"|0|1|0|0|0|0|0|1|1|1|1|0|1|0|0|3720|14160|NA|NA|5620|0|0|0|0|NA|0
"482319606001"|0|1|1|0|0|0|0|1|1|1|0|0|0|0|1|4790|17460|3630|11232|9503|526|253|788|58615912|74385.6751269036|0
"482319606002"|0|1|1|0|0|0|0|1|1|1|0|0|0|0|1|4790|17460|3630|11232|9503|526|253|788|58615912|74385.6751269036|0
"482319606003"|0|1|1|0|0|0|0|1|1|1|0|0|0|0|1|4790|17460|3630|11232|9503|526|253|788|58615912|74385.6751269036|0
"482319612001"|0|1|0|0|0|0|0|1|1|0|0|1|1|0|0|NA|NA|NA|NA|NA|0|0|0|0|NA|0
"482319612003"|0|1|0|0|0|0|0|1|1|0|0|1|1|0|0|NA|NA|NA|NA|NA|0|0|0|0|NA|0
"482339509001"|0|1|0|0|0|0|0|1|1|1|1|0|0|1|0|2220|2490|NA|NA|4626|48|6|82|3617102|44111|0
"482419503002"|0|1|0|0|0|0|0|1|1|0|0|1|1|0|0|NA|NA|NA|NA|NA|0|0|0|0|NA|0
"482450013022"|0|1|0|0|0|0|0|1|1|0|0|1|1|0|0|NA|NA|NA|NA|NA|0|0|0|0|NA|0
"482450021003"|0|1|0|0|0|0|0|1|1|0|0|1|1|0|0|NA|NA|NA|NA|NA|0|0|0|0|NA|0
"482450026002"|0|1|1|0|0|0|0|1|1|1|0|0|0|0|1|6032|16160|6324|13920|9158|888|199|908|68487310|75426.5528634361|0
"482450026004"|0|1|0|0|0|0|0|1|1|1|1|0|0|1|0|2280|12408|NA|NA|NA|78|19|158|8497088|53779.0379746835|0
"482450118002"|0|1|0|0|0|0|0|1|1|1|1|0|0|1|0|2850|15510|NA|NA|NA|95|30|122|6008898|49253.262295082|0
"482511303043"|0|1|1|0|0|0|0|1|1|1|0|0|1|0|0|21528|21528|21528|21528|7800|72|11|94|5517264|58694.2978723404|0
"482511303044"|0|1|1|0|0|0|0|1|1|1|0|0|1|0|0|21528|21528|21528|21528|7800|72|11|94|5517264|58694.2978723404|0
"482570505002"|0|1|0|1|0|0|0|1|1|1|0|0|1|0|0|7070|7070|NA|NA|6270|14|1|16|559076|34942.25|0
"482570505003"|0|1|0|1|0|0|0|1|1|1|0|0|1|0|0|7070|7070|NA|NA|6270|14|1|16|559076|34942.25|0
"482570505004"|0|1|0|1|0|0|0|1|1|1|0|0|1|0|0|7070|7070|NA|NA|6270|14|1|16|559076|34942.25|0
"482659605004"|0|1|0|0|0|0|0|1|1|0|0|1|1|0|0|NA|NA|NA|NA|NA|0|0|0|0|NA|0
"482659606005"|0|1|1|0|0|0|0|1|1|1|0|0|0|1|0|29500|29500|22752|22752|10442|161|52|122|7438568|60971.868852459|0
"482730203003"|0|1|1|0|0|0|0|1|1|1|0|0|0|1|0|4801|18191|3228|10824|8848|525|189|812|53687512|66117.6256157636|0
"482770010002"|0|1|0|0|0|0|0|1|1|1|1|0|0|1|0|2544|3744|NA|NA|5340|127|44|166|9830790|59221.6265060241|0
"483030004052"|0|1|1|0|1|1|0|1|1|1|0|0|0|1|0|6417|19282|6168|16128|NA|1669|555|690|73767862|106909.944927536|0
"483030005002"|0|1|1|0|1|1|0|1|1|1|0|0|0|1|0|6417|19282|6168|16128|NA|1669|555|690|73767862|106909.944927536|0
"483030005003"|0|2|2|0|1|1|0|2|2|2|0|0|0|1|1|13161|35986|12126|29556|NA|4861|1973|4070|384996806|198989.514158305|0
"483030005004"|0|2|2|0|1|1|0|2|2|1|0|0|0|1|0|NA|NA|NA|NA|NA|1903|642|690|73767862|NA|0
"483030016011"|0|1|1|0|1|1|0|1|1|1|0|0|0|1|0|6417|19282|6168|16128|NA|1669|555|690|73767862|106909.944927536|0
"483030016022"|0|1|1|0|1|1|0|1|1|1|0|0|0|1|0|6417|19282|6168|16128|NA|1669|555|690|73767862|106909.944927536|0
"483030017021"|0|1|1|0|0|0|0|1|1|1|0|0|0|1|0|23130|23130|8424|8424|7940|197|92|192|12060276|62813.9375|0
"483030017022"|0|1|0|0|0|0|0|1|1|0|0|1|1|0|0|NA|NA|NA|NA|NA|0|0|0|0|NA|0
"483030017024"|0|1|0|0|0|0|0|1|1|0|0|1|1|0|0|NA|NA|NA|NA|NA|0|0|0|0|NA|0
"483030017092"|0|1|0|0|0|0|0|1|1|0|0|1|1|0|0|NA|NA|NA|NA|NA|0|0|0|0|NA|0
"483030022021"|0|1|0|0|0|0|0|1|1|0|0|1|1|0|0|NA|NA|NA|NA|NA|0|0|0|0|NA|0
"483090002002"|0|1|1|0|0|0|0|1|1|1|0|0|0|0|1|42842|42842|32130|32130|12992|1858|405|2288|233797598|102184.26486014|0
"483090003001"|0|1|1|0|0|0|0|1|1|1|0|0|0|0|1|42842|42842|32130|32130|12992|1858|405|2288|233797598|102184.26486014|0
"483090004001"|0|1|1|0|0|0|0|1|1|1|0|0|0|0|1|42842|42842|32130|32130|12992|1858|405|2288|233797598|102184.26486014|0
"483090021003"|0|1|0|0|0|0|0|1|1|0|0|1|1|0|0|NA|NA|NA|NA|NA|0|0|0|0|NA|0
"483090030001"|0|1|0|0|0|0|0|1|1|1|1|0|0|1|0|3774|3774|NA|NA|NA|353|140|430|30060654|69908.4976744186|0
"483090033001"|0|1|0|0|0|0|0|1|1|1|1|0|0|0|1|5877|10191|NA|NA|7963|995|298|1052|61742742|58690.819391635|0
"483239505003"|0|1|0|0|0|0|0|1|1|0|0|1|1|0|0|NA|NA|NA|NA|NA|0|0|0|0|NA|0
"483239506012"|0|1|0|0|0|0|0|1|1|0|0|1|1|0|0|NA|NA|NA|NA|NA|0|0|0|0|NA|0
"483290002004"|0|1|0|0|0|0|0|1|1|1|0|0|0|1|0|3540|4800|NA|NA|5000|240|109|270|16445994|60911.0888888889|0
"483396907002"|0|1|1|0|0|0|0|1|1|1|0|0|1|0|0|6000|6000|4500|4500|NA|20|2|16|1020402|63775.125|0
"483396908001"|0|1|0|0|0|0|0|1|1|1|1|0|0|0|1|3696|5016|NA|NA|NA|2039|628|1842|134476978|73005.9598262758|0
"483479506001"|0|1|1|0|0|0|0|1|1|1|0|0|0|0|1|6096|16224|5112|12708|9012|920|320|1070|77771126|72683.2953271028|0
"483479506003"|0|1|1|0|0|0|0|1|1|1|0|0|0|0|1|6096|16224|5112|12708|9012|920|320|1070|77771126|72683.2953271028|0
"483499703002"|0|1|0|0|0|0|0|1|1|1|1|0|0|1|0|1620|3390|NA|NA|6876|231|94|244|14996142|61459.5983606557|0
"483499703003"|0|1|0|0|0|0|0|1|1|1|1|0|0|1|0|1620|3390|NA|NA|6876|231|94|244|14996142|61459.5983606557|0
"483499703004"|0|1|0|0|0|0|0|1|1|1|1|0|0|1|0|1620|3390|NA|NA|6876|231|94|244|14996142|61459.5983606557|0
"483499703005"|0|1|0|0|0|0|0|1|1|1|1|0|0|1|0|1620|3390|NA|NA|6876|231|94|244|14996142|61459.5983606557|0
"483550015001"|0|1|0|0|0|0|0|1|1|0|0|1|1|0|0|NA|NA|NA|NA|NA|0|0|0|0|NA|0
"483550018015"|0|1|0|0|0|0|0|1|1|0|0|1|1|0|0|NA|NA|NA|NA|NA|0|0|0|0|NA|0
"483550020011"|0|1|0|0|0|0|0|1|1|1|1|0|0|0|1|1885|3051|NA|NA|NA|387|159|674|46489818|68975.9910979228|0
"483550020014"|0|1|0|0|0|0|0|1|1|1|1|0|0|0|1|1885|3051|NA|NA|NA|387|159|674|46489818|68975.9910979228|0
"483550027044"|0|1|1|0|0|0|0|1|1|1|0|0|0|0|1|4719|14695|3568|11661|11024|836|323|862|63718478|73919.3480278422|0
"483550027061"|0|1|1|0|0|0|0|1|1|1|0|0|0|0|1|4719|14695|3568|11661|11024|836|323|862|63718478|73919.3480278422|0
"483550032041"|0|1|0|0|0|0|0|1|1|0|0|1|1|0|0|NA|NA|NA|NA|NA|0|0|0|0|NA|0
"483610203002"|0|1|0|0|0|0|0|1|1|1|1|0|0|1|0|2280|12408|NA|NA|NA|83|23|88|4300394|48868.1136363636|0
"483610203003"|0|1|0|0|0|0|0|1|1|1|1|0|0|1|0|2280|12408|NA|NA|NA|83|23|88|4300394|48868.1136363636|0
"483659504004"|0|1|0|0|0|0|0|1|1|1|1|0|0|1|0|792|792|NA|NA|5092|82|29|146|8547562|58544.9452054795|0
"483671402002"|0|1|0|0|0|0|0|1|1|1|1|0|0|1|0|4330|6060|NA|NA|9000|173|53|270|16916262|62652.8222222222|0
"483671402003"|0|1|0|0|0|0|0|1|1|1|1|0|0|1|0|4330|6060|NA|NA|9000|173|53|270|16916262|62652.8222222222|0
"483750101001"|0|2|0|0|0|0|0|2|2|0|0|2|2|0|0|NA|NA|NA|NA|NA|0|0|0|0|NA|0
"483750103001"|0|1|0|0|0|0|0|1|1|0|0|1|1|0|0|NA|NA|NA|NA|NA|0|0|0|0|NA|0
"483750117001"|0|2|0|0|0|0|0|2|2|0|0|2|2|0|0|NA|NA|NA|NA|NA|0|0|0|0|NA|0
"483750147002"|0|1|0|0|0|0|0|1|1|1|1|0|0|1|0|1128|2664|NA|NA|NA|429|162|386|22118582|57302.0259067358|0
"483810217043"|0|1|1|0|0|0|0|1|1|1|0|0|0|1|0|5554|6960|4823|5668|7496|468|198|674|49267634|73097.3798219585|0
"483810218011"|0|1|1|0|0|0|0|1|1|1|0|0|0|1|0|5554|6960|4823|5668|7496|468|198|674|49267634|73097.3798219585|0
"483810218022"|0|1|1|0|0|0|0|1|1|1|0|0|0|1|0|5554|6960|4823|5668|7496|468|198|674|49267634|73097.3798219585|0
"484090106041"|0|1|0|0|0|0|0|1|1|0|0|1|1|0|0|NA|NA|NA|NA|NA|0|0|0|0|NA|0
"484159506002"|0|1|0|0|0|0|0|1|1|1|1|0|0|1|0|3150|4110|NA|NA|5510|107|57|72|3848184|53447|0
"484230002012"|0|1|0|1|0|0|0|1|1|1|0|0|1|0|0|8208|8208|NA|NA|8000|84|25|68|2800674|41186.3823529412|0
"484230005001"|0|1|0|0|0|0|0|1|1|0|0|1|1|0|0|NA|NA|NA|NA|NA|0|0|0|0|NA|0
"484230009003"|0|1|0|0|0|0|0|1|1|1|0|0|0|0|1|2160|2736|NA|NA|8640|372|173|642|36304966|56549.7912772586|0
"484230017001"|0|0|1|0|1|0|0|1|1|1|0|0|1|0|0|NA|NA|6022|24574|NA|1175|277|138|14360172|104059.217391304|0
"484230018031"|0|1|1|0|0|0|0|1|1|1|0|0|0|1|0|6540|20760|5850|14328|9502|619|283|694|52279410|75330.5619596542|0
"484230018033"|0|1|1|0|0|0|0|1|1|1|0|0|0|1|0|6540|20760|5850|14328|9502|619|283|694|52279410|75330.5619596542|0
"484391021005"|0|0|1|0|1|1|0|1|1|1|0|0|0|1|0|NA|NA|5229|19646|NA|0|0|0|0|NA|0
"484391023011"|0|1|0|0|0|0|0|1|1|0|0|1|1|0|0|NA|NA|NA|NA|NA|0|0|0|0|NA|0
"484391024021"|0|1|0|0|0|0|0|1|1|0|0|1|1|0|0|NA|NA|NA|NA|NA|0|0|0|0|NA|0
"484391035004"|0|1|1|0|0|0|0|1|1|1|0|0|0|1|0|27644|27644|14173|14173|9654|227|117|238|19762904|83037.4117647059|0
"484391042013"|0|1|1|0|0|0|0|1|1|1|0|0|0|0|1|49160|49160|30780|30780|13200|1533|536|1456|161965548|111240.074175824|0
"484391042014"|0|1|1|0|0|0|0|1|1|1|0|0|0|0|1|49160|49160|30780|30780|13200|1533|536|1456|161965548|111240.074175824|0
"484391043004"|0|0|1|0|0|0|0|1|1|1|0|0|1|0|0|NA|NA|18000|18000|NA|19|5|32|2906130|90816.5625|0
"484391048022"|0|1|1|0|0|0|0|1|1|1|0|0|0|1|0|8280|8280|5310|5310|2700|0|0|0|0|NA|0
"484391048023"|0|1|1|0|0|0|0|1|1|1|0|0|0|1|0|8280|8280|5310|5310|2700|0|0|0|0|NA|0
"484391048024"|0|1|1|0|0|0|0|1|1|1|0|0|0|1|0|8280|8280|5310|5310|2700|0|0|0|0|NA|0
"484391050061"|0|1|0|0|0|0|0|1|1|1|1|0|1|0|0|NA|NA|NA|NA|NA|21|4|36|2035024|56528.4444444444|0
"484391055071"|0|1|0|0|0|0|0|1|1|0|0|1|1|0|0|NA|NA|NA|NA|NA|0|0|0|0|NA|0
"484391058002"|0|1|1|0|0|0|0|1|1|1|0|0|0|1|0|8280|8280|5310|5310|2700|0|0|0|0|NA|0
"484391065143"|0|1|1|0|0|0|0|1|1|1|0|0|1|0|0|12750|12750|7650|7650|6830|15|10|22|873396|39699.8181818182|0
"484391065152"|0|1|0|0|0|0|0|1|1|1|0|0|1|0|0|15119|15119|NA|NA|NA|18|6|44|1583314|35984.4090909091|0
"484391065161"|0|1|0|0|0|0|0|1|1|1|0|0|1|0|0|15119|15119|NA|NA|NA|18|6|44|1583314|35984.4090909091|0
"484391067001"|0|1|0|0|0|0|0|1|1|0|0|1|1|0|0|NA|NA|NA|NA|NA|0|0|0|0|NA|0
"484391067002"|0|1|0|0|0|0|0|1|1|0|0|1|1|0|0|NA|NA|NA|NA|NA|0|0|0|0|NA|0
"484391101013"|0|1|0|0|0|0|0|1|1|0|0|1|1|0|0|NA|NA|NA|NA|NA|0|0|0|0|NA|0
"484391101014"|0|1|0|0|0|0|0|1|1|0|0|1|1|0|0|NA|NA|NA|NA|NA|0|0|0|0|NA|0
"484391104014"|0|1|0|0|0|0|0|1|1|0|0|1|1|0|0|NA|NA|NA|NA|NA|0|0|0|0|NA|0
"484391115162"|0|1|0|0|0|0|0|1|1|0|0|1|1|0|0|NA|NA|NA|NA|NA|0|0|0|0|NA|0
"484391115253"|0|1|0|0|0|0|0|1|1|0|0|1|1|0|0|NA|NA|NA|NA|NA|0|0|0|0|NA|0
"484391115254"|0|1|0|0|0|0|0|1|1|0|0|1|1|0|0|NA|NA|NA|NA|NA|0|0|0|0|NA|0
"484391115362"|0|1|0|0|0|0|0|1|1|1|1|0|0|1|0|NA|NA|NA|NA|NA|57|18|112|5780364|51610.3928571429|0
"484391115381"|0|1|0|0|0|0|0|1|1|1|1|0|1|0|0|NA|NA|NA|NA|NA|38|8|38|2466916|64918.8421052632|0
"484391115382"|0|1|0|0|0|0|0|1|1|1|1|0|1|0|0|NA|NA|NA|NA|NA|38|8|38|2466916|64918.8421052632|0
"484391130011"|0|1|0|0|0|0|0|1|1|0|0|1|1|0|0|NA|NA|NA|NA|NA|0|0|0|0|NA|0
"484391130021"|0|1|0|0|0|0|0|1|1|0|0|1|1|0|0|NA|NA|NA|NA|NA|0|0|0|0|NA|0
"484391130023"|0|1|0|0|0|0|0|1|1|0|0|1|1|0|0|NA|NA|NA|NA|NA|0|0|0|0|NA|0
"484391132134"|0|1|0|0|0|0|0|1|1|0|0|1|1|0|0|NA|NA|NA|NA|NA|0|0|0|0|NA|0
"484391134052"|0|1|0|0|0|0|0|1|1|0|0|1|1|0|0|NA|NA|NA|NA|NA|0|0|0|0|NA|0
"484391134053"|0|1|0|0|0|0|0|1|1|0|0|1|1|0|0|NA|NA|NA|NA|NA|0|0|0|0|NA|0
"484391136122"|0|1|0|0|0|0|0|1|1|0|0|1|1|0|0|NA|NA|NA|NA|NA|0|0|0|0|NA|0
"484391136131"|0|1|0|0|0|0|0|1|1|1|0|0|1|0|0|10106|10106|NA|NA|6470|7|1|4|130000|32500|0
"484391139092"|0|1|1|0|0|0|0|1|1|1|0|0|1|0|0|11280|11280|8820|8820|NA|55|16|24|2084200|86841.6666666667|0
"484391216012"|0|1|1|0|0|0|0|1|1|1|0|0|1|0|0|12750|12750|7650|7650|6830|15|10|22|873396|39699.8181818182|0
"484391217021"|0|1|0|0|0|0|0|1|1|0|0|1|1|0|0|NA|NA|NA|NA|NA|0|0|0|0|NA|0
"484391217022"|0|1|0|0|0|0|0|1|1|0|0|1|1|0|0|NA|NA|NA|NA|NA|0|0|0|0|NA|0
"484391217041"|0|1|0|0|0|0|0|1|1|0|0|1|1|0|0|NA|NA|NA|NA|NA|0|0|0|0|NA|0
"484391219031"|0|1|0|0|0|0|0|1|1|0|0|1|1|0|0|NA|NA|NA|NA|NA|0|0|0|0|NA|0
"484391219033"|0|1|0|0|0|0|0|1|1|0|0|1|1|0|0|NA|NA|NA|NA|NA|0|0|0|0|NA|0
"484391219041"|0|1|0|0|0|0|0|1|1|0|0|1|1|0|0|NA|NA|NA|NA|NA|0|0|0|0|NA|0
"484391219042"|0|1|0|0|0|0|0|1|1|0|0|1|1|0|0|NA|NA|NA|NA|NA|0|0|0|0|NA|0
"484391223002"|0|1|1|0|0|0|0|1|1|1|0|0|0|0|1|8624|25713|8474|21206|10290|2394|474|2182|186847570|85631.3336388634|0
"484391223003"|0|1|1|0|0|0|0|1|1|1|0|0|0|0|1|8624|25713|8474|21206|10290|2394|474|2182|186847570|85631.3336388634|0
"484391226001"|0|1|0|0|0|0|0|1|1|0|0|1|1|0|0|NA|NA|NA|NA|NA|0|0|0|0|NA|0
"484391226002"|0|1|0|0|0|0|0|1|1|0|0|1|1|0|0|NA|NA|NA|NA|NA|0|0|0|0|NA|0
"484391233001"|0|1|0|0|0|0|0|1|1|1|1|0|0|0|1|3402|8235|NA|NA|NA|1657|618|1526|102949552|67463.6644823067|0
"484391233002"|0|1|0|0|0|0|0|1|1|1|1|0|0|0|1|3402|8235|NA|NA|NA|1657|618|1526|102949552|67463.6644823067|0
"484410101002"|0|1|1|0|0|0|0|1|1|1|0|0|0|1|0|36250|36250|22356|22356|11065|528|293|530|38643844|72912.9132075472|0
"484410102002"|0|1|1|0|0|0|0|1|1|1|0|0|0|1|0|28390|28390|12105|12105|9230|194|101|212|15480158|73019.6132075472|0
"484410117001"|0|1|0|0|0|0|0|1|1|0|0|1|1|0|0|NA|NA|NA|NA|NA|0|0|0|0|NA|0
"484410123002"|0|1|1|0|0|0|0|1|1|1|0|0|0|1|0|27834|27834|15642|15642|8820|141|62|162|9662528|59645.2345679012|0
"484410124002"|0|1|0|0|0|0|0|1|1|0|0|1|1|0|0|NA|NA|NA|NA|NA|0|0|0|0|NA|0
"484499504002"|0|1|0|0|0|0|0|1|1|1|1|0|0|1|0|3150|4590|NA|NA|7524|133|62|132|8356322|63305.4696969697|0
"484510013011"|0|1|1|0|0|0|0|1|1|1|0|0|0|0|1|4332|14460|4059|11655|9130|481|185|618|43250284|69984.2783171521|0
"484510013012"|0|1|1|0|0|0|0|1|1|1|0|0|0|0|1|4332|14460|4059|11655|9130|481|185|618|43250284|69984.2783171521|0
"484510013014"|0|1|1|0|0|0|0|1|1|1|0|0|0|0|1|4332|14460|4059|11655|9130|481|185|618|43250284|69984.2783171521|0
"484510013043"|0|1|0|0|0|0|0|1|1|0|0|1|1|0|0|NA|NA|NA|NA|NA|0|0|0|0|NA|0
"484530005003"|0|0|1|0|0|0|0|1|1|1|0|0|1|0|0|NA|NA|16200|16200|NA|29|5|32|2713866|84808.3125|0
"484530006011"|0|0|1|0|0|0|0|1|1|1|0|0|1|0|0|NA|NA|13980|13980|NA|41|16|38|3612254|95059.3157894737|0
"484530006012"|0|1|1|0|1|1|0|1|1|1|0|0|0|0|1|10824|38326|11998|22966|11812|10598|2406|5048|623669766|123547.893423138|0
"484530009012"|0|1|1|1|0|0|0|1|1|1|0|0|0|1|0|12262|12262|8000|8000|7568|72|29|86|4792882|55731.1860465116|0
"484530011001"|0|1|1|0|0|0|0|1|1|0|0|0|0|0|0|NA|NA|NA|NA|NA|560|135|0|0|NA|0
"484530015033"|0|1|0|0|0|0|0|1|1|1|1|0|1|0|0|NA|NA|NA|NA|NA|29|3|38|1884034|49579.8421052632|0
"484530015034"|0|1|0|0|0|0|0|1|1|1|0|0|0|0|1|2010|12480|NA|NA|NA|1693|472|1196|100728740|84221.3545150502|0
"484530017071"|0|1|1|0|0|0|0|1|1|1|0|0|0|1|0|13320|13320|14940|14940|NA|53|0|6|428372|71395.3333333333|0
"484530017073"|0|1|1|0|0|0|0|1|1|1|0|0|0|1|0|13320|13320|14940|14940|NA|53|0|6|428372|71395.3333333333|0
"484530017121"|0|0|1|0|0|0|0|1|1|1|0|0|1|0|0|NA|NA|17043|17043|NA|20|6|20|1514698|75734.9|0
"484530017141"|0|1|1|0|0|0|0|1|1|1|0|0|0|1|0|31960|31960|10890|10890|11360|127|70|106|6885664|64959.0943396226|0
"484530017451"|0|1|0|0|0|0|0|1|1|0|0|1|1|0|0|NA|NA|NA|NA|NA|0|0|0|0|NA|0
"484530017531"|0|1|0|0|0|0|0|1|1|0|0|1|1|0|0|NA|NA|NA|NA|NA|0|0|0|0|NA|0
"484530017541"|0|1|0|0|0|0|0|1|1|0|0|1|1|0|0|NA|NA|NA|NA|NA|0|0|0|0|NA|0
"484530017543"|0|1|0|0|0|0|0|1|1|0|0|1|1|0|0|NA|NA|NA|NA|NA|0|0|0|0|NA|0
"484530017611"|0|1|0|0|0|0|0|1|1|0|0|1|1|0|0|NA|NA|NA|NA|NA|0|0|0|0|NA|0
"484530017612"|0|1|0|0|0|0|0|1|1|0|0|1|1|0|0|NA|NA|NA|NA|NA|0|0|0|0|NA|0
"484530018042"|0|1|1|0|0|0|0|1|1|1|0|0|1|0|0|10200|10200|7650|7650|NA|8|5|8|609730|76216.25|0
"484530018121"|0|2|0|0|0|0|0|2|2|1|1|1|2|0|0|NA|NA|NA|NA|NA|16|1|44|2452224|NA|0
"484530018171"|0|2|0|0|0|0|0|2|2|0|0|2|2|0|0|NA|NA|NA|NA|NA|0|0|0|0|NA|0
"484530018461"|0|1|0|0|0|0|0|1|1|1|0|0|1|0|0|15000|15000|NA|NA|NA|0|0|0|0|NA|0
"484530018472"|0|1|0|0|0|0|0|1|1|1|0|0|1|0|0|15000|15000|NA|NA|NA|0|0|0|0|NA|0
"484530018514"|0|1|0|0|0|0|0|1|1|1|0|0|1|0|0|19260|19260|NA|NA|NA|24|17|4|260000|65000|0
"484530020021"|0|1|0|0|0|0|0|1|1|1|1|0|1|0|0|NA|NA|NA|NA|NA|257|40|202|7831026|38767.4554455446|0
"484530020041"|0|1|0|0|0|0|0|1|1|0|0|1|1|0|0|NA|NA|NA|NA|NA|0|0|0|0|NA|0
"484530020051"|0|2|1|0|0|0|0|2|2|2|1|0|2|0|0|NA|NA|NA|NA|NA|266|46|218|8792208|98841.3304455446|0
"484530020052"|0|1|0|0|0|0|0|1|1|1|1|0|1|0|0|NA|NA|NA|NA|NA|257|40|202|7831026|38767.4554455446|0
"484530023082"|0|1|1|0|0|0|0|1|1|1|0|0|0|1|0|46690|46690|28980|28980|12774|460|122|352|28663412|81430.1477272727|0
"484530023083"|0|1|1|0|0|0|0|1|1|1|0|0|0|1|0|46690|46690|28980|28980|12774|460|122|352|28663412|81430.1477272727|0
"484530023084"|0|1|0|0|0|0|0|1|1|0|0|1|1|0|0|NA|NA|NA|NA|NA|0|0|0|0|NA|0
"484530024031"|0|1|0|0|0|0|0|1|1|0|0|1|1|0|0|NA|NA|NA|NA|NA|0|0|0|0|NA|0
"484530025002"|0|1|0|0|0|0|0|1|1|0|0|1|1|0|0|NA|NA|NA|NA|NA|0|0|0|0|NA|0
"484639502005"|0|1|0|0|0|0|0|1|1|1|1|0|0|1|0|3024|4848|NA|NA|4600|222|81|268|13629738|50857.2313432836|0
"484690002012"|0|1|0|0|0|0|0|1|1|0|0|1|1|0|0|NA|NA|NA|NA|NA|0|0|0|0|NA|0
"484690006022"|0|2|1|0|0|0|0|2|2|2|1|0|0|2|0|6096|18216|NA|NA|NA|469|248|438|31622476|141260.323145246|0
"484690006024"|0|1|0|0|0|0|0|1|1|0|0|1|1|0|0|NA|NA|NA|NA|NA|0|0|0|0|NA|0
"484717907002"|0|1|1|0|1|0|0|1|1|1|0|0|0|0|1|5856|15984|5765|13361|9552|1393|542|1562|113904910|72922.4775928297|0
"484717908002"|0|1|0|0|0|0|0|1|1|0|0|1|1|0|0|NA|NA|NA|NA|NA|0|0|0|0|NA|0
"484736804001"|0|1|1|1|0|0|0|1|1|1|0|0|0|1|0|7043|21911|4733|13693|9075|792|259|846|63779724|75389.7446808511|0
"484771701001"|0|1|0|0|0|0|0|1|1|0|0|1|1|0|0|NA|NA|NA|NA|NA|0|0|0|0|NA|0
"484771704002"|0|1|0|0|0|0|0|1|1|1|1|0|0|0|1|2688|6528|NA|NA|8199|405|63|838|46808466|55857.3579952267|0
"484790009011"|0|1|0|0|0|0|0|1|1|0|0|1|1|0|0|NA|NA|NA|NA|NA|0|0|0|0|NA|0
"484790016021"|0|1|0|0|0|0|0|1|1|0|0|1|1|0|0|NA|NA|NA|NA|NA|0|0|0|0|NA|0
"484790017141"|0|1|1|0|0|0|0|1|1|1|0|0|0|1|0|3818|13946|3350|10946|8618|420|180|452|34402290|76111.2610619469|0
"484790019002"|0|1|0|0|0|0|0|1|1|1|0|0|0|0|1|2400|3648|NA|NA|NA|400|148|374|24502984|65516|0
"484817405002"|0|1|0|0|0|0|0|1|1|1|1|0|0|1|0|768|2016|NA|NA|4830|195|51|366|21719826|59343.7868852459|0
"484850120002"|0|1|1|0|0|0|0|1|1|1|0|0|0|1|0|5567|7516|4060|5230|9310|424|177|482|35510008|73672.2157676349|0
"484850120003"|0|1|1|0|0|0|0|1|1|1|0|0|0|1|0|5567|7516|4060|5230|9310|424|177|482|35510008|73672.2157676349|0
"484879505001"|0|1|0|0|0|0|0|1|1|1|1|0|0|1|0|2280|3840|NA|NA|4173|140|62|170|9283786|54610.5058823529|0
"484910201101"|0|1|0|0|0|0|0|1|1|1|0|0|1|0|0|15000|15000|NA|NA|NA|2|0|0|0|NA|0
"484910203221"|0|1|0|0|0|0|0|1|1|1|0|0|1|0|0|NA|NA|NA|NA|NA|1|0|2|60000|30000|0
"484910205043"|0|1|1|0|0|0|0|1|1|1|0|0|1|0|0|16920|16920|15600|15600|NA|25|3|16|1246002|77875.125|0
"484910208033"|0|1|0|0|0|0|0|1|1|0|0|1|1|0|0|NA|NA|NA|NA|NA|0|0|0|0|NA|0
"484910214011"|0|2|0|0|0|0|0|2|2|1|0|1|1|1|0|NA|NA|NA|NA|NA|289|105|224|17083344|NA|0
"484910214021"|0|1|0|0|0|0|0|1|1|0|0|1|1|0|0|NA|NA|NA|NA|NA|0|0|0|0|NA|0
"484910215031"|0|1|0|0|0|0|0|1|1|0|0|1|1|0|0|NA|NA|NA|NA|NA|0|0|0|0|NA|0
"484999506011"|0|1|0|1|0|0|0|1|1|1|0|0|1|0|0|10400|10400|NA|NA|9880|95|17|68|4557098|67016.1470588235|0
"490050005021"|0|1|0|0|0|0|0|1|1|0|0|1|0|1|0|NA|NA|NA|NA|NA|0|0|0|0|NA|0
"490050005022"|0|1|0|0|0|0|0|1|1|0|0|1|0|1|0|NA|NA|NA|NA|NA|0|0|0|0|NA|0
"490050007021"|0|1|1|0|0|1|0|1|1|1|0|0|0|0|1|6549|21087|5996|20327|7784|2442|929|2020|181802744|90001.3584158416|0
"490050007022"|0|1|1|0|0|1|0|1|1|1|0|0|0|0|1|6549|21087|5996|20327|7784|2442|929|2020|181802744|90001.3584158416|0
"490050010022"|0|1|0|0|0|0|0|1|1|0|0|1|1|0|0|NA|NA|NA|NA|NA|0|0|0|0|NA|0
"490050010023"|0|1|0|0|0|0|0|1|1|1|0|0|1|0|0|14585|14585|NA|NA|NA|5|0|4|210020|52505|0
"490111257011"|0|1|0|0|0|0|0|1|1|0|0|1|1|0|0|NA|NA|NA|NA|NA|0|0|0|0|NA|0
"490111258013"|0|1|0|0|0|0|0|1|1|0|0|1|1|0|0|NA|NA|NA|NA|NA|0|0|0|0|NA|0
"490111260012"|0|1|0|0|0|0|0|1|1|1|0|0|1|0|0|15960|15960|NA|NA|NA|5|3|50|4494344|89886.88|0
"490111271001"|0|1|0|0|0|0|0|1|1|0|0|1|0|1|0|NA|NA|NA|NA|NA|0|0|0|0|NA|0
"490111271003"|0|1|0|0|0|0|0|1|1|0|0|1|0|1|0|NA|NA|NA|NA|NA|0|0|0|0|NA|0
"490111271004"|0|1|0|0|0|0|0|1|1|0|0|1|0|1|0|NA|NA|NA|NA|NA|0|0|0|0|NA|0
"490211104001"|0|1|1|0|0|0|0|1|1|1|0|0|0|0|1|6006|19822|7574|23784|7349|580|111|668|44299762|66317.0089820359|0
"490211104004"|0|1|0|0|0|0|0|1|1|0|0|1|1|0|0|NA|NA|NA|NA|NA|0|0|0|0|NA|0
"490211106001"|0|1|0|0|0|0|0|1|1|0|0|1|1|0|0|NA|NA|NA|NA|NA|0|0|0|0|NA|0
"490351014003"|0|1|1|0|1|1|0|1|1|1|0|0|0|0|1|7412|26017|7211|25455|10684|6012|1385|3228|371807380|115181.964064436|0
"490351019002"|0|1|0|0|0|0|0|1|1|0|0|1|1|0|0|NA|NA|NA|NA|NA|0|0|0|0|NA|0
"490351021001"|0|1|0|0|0|0|0|1|0|0|0|0|0|0|0|NA|NA|NA|NA|NA|0|0|0|0|NA|0
"490351025001"|0|1|0|0|0|0|0|1|1|1|1|0|0|1|0|3440|3440|NA|NA|NA|60|8|34|2997200|88152.9411764706|0
"490351028021"|0|1|0|0|0|0|0|1|1|0|0|1|1|0|0|NA|NA|NA|NA|NA|0|0|0|0|NA|0
"490351033001"|0|1|1|0|0|0|0|1|1|1|0|0|0|1|0|34464|34464|14377|14377|9810|213|49|298|22300094|74832.5302013423|0
"490351048003"|0|1|1|0|0|0|0|1|1|1|0|0|1|0|0|7260|7260|7260|7260|NA|6|2|0|0|NA|0
"490351108003"|0|1|0|0|0|0|0|1|1|0|0|1|1|0|0|NA|NA|NA|NA|NA|0|0|0|0|NA|0
"490351114006"|0|1|0|0|0|0|0|1|1|0|0|1|1|0|0|NA|NA|NA|NA|NA|0|0|0|0|NA|0
"490351115001"|0|1|0|0|0|0|0|1|1|0|0|1|1|0|0|NA|NA|NA|NA|NA|0|0|0|0|NA|0
"490351116001"|0|1|0|0|0|0|0|1|1|0|0|1|1|0|0|NA|NA|NA|NA|NA|0|0|0|0|NA|0
"490351119031"|0|3|2|0|0|0|0|3|3|3|1|0|1|0|2|34070|34070|NA|NA|NA|2742|738|6206|389585644|192323.405960946|0
"490351121004"|0|1|1|0|0|0|0|1|1|1|0|0|1|0|0|14585|14585|15616|15616|NA|16|1|8|337608|42201|0
"490351122011"|0|2|2|0|0|0|0|2|2|2|0|0|2|0|0|24452|24452|22752|22752|NA|9|2|16|435050|NA|0
"490351123013"|0|1|0|0|0|0|0|1|1|0|0|1|1|0|0|NA|NA|NA|NA|NA|0|0|0|0|NA|0
"490351124031"|0|1|0|0|0|0|0|1|1|0|0|1|1|0|0|NA|NA|NA|NA|NA|0|0|0|0|NA|0
"490351124041"|0|1|0|0|0|0|0|1|1|0|0|1|1|0|0|NA|NA|NA|NA|NA|0|0|0|0|NA|0
"490351126133"|0|2|0|0|0|0|0|2|2|0|0|2|2|0|0|NA|NA|NA|NA|NA|0|0|0|0|NA|0
"490351128171"|0|1|1|0|0|0|0|1|1|1|0|0|0|1|0|12763|12763|14820|14820|NA|61|4|66|5366574|81311.7272727273|0
"490351128172"|0|1|1|0|0|0|0|1|1|1|0|0|0|1|0|12763|12763|14820|14820|NA|61|4|66|5366574|81311.7272727273|0
"490351128181"|0|1|1|0|0|0|0|1|1|1|0|0|0|1|0|12763|12763|14820|14820|NA|61|4|66|5366574|81311.7272727273|0
"490351128233"|0|1|1|0|0|0|0|1|1|1|0|0|0|1|0|12763|12763|14820|14820|NA|61|4|66|5366574|81311.7272727273|0
"490351129073"|0|1|1|0|0|0|0|1|1|1|0|0|1|0|0|15750|15750|15000|15000|NA|7|0|10|582000|58200|0
"490351129181"|0|1|0|0|0|0|0|1|1|0|0|1|1|0|0|NA|NA|NA|NA|NA|0|0|0|0|NA|0
"490351130103"|0|1|0|0|0|0|0|1|1|0|0|1|1|0|0|NA|NA|NA|NA|NA|0|0|0|0|NA|0
"490351130122"|0|1|0|0|0|0|0|1|1|0|0|1|1|0|0|NA|NA|NA|NA|NA|0|0|0|0|NA|0
"490351135092"|0|1|0|0|0|0|0|1|1|0|0|1|1|0|0|NA|NA|NA|NA|NA|0|0|0|0|NA|0
"490351135103"|0|1|0|0|0|0|0|1|1|1|1|0|0|0|1|3437|11968|NA|NA|NA|952|447|698|42103188|60319.7535816619|0
"490351135134"|0|1|0|0|0|0|0|1|1|0|0|1|1|0|0|NA|NA|NA|NA|NA|0|0|0|0|NA|0
"490351140001"|0|2|0|0|0|0|0|2|2|2|0|0|2|0|0|NA|NA|NA|NA|NA|142|56|154|14453008|206861.143283582|0
"490399724003"|0|1|0|0|0|0|0|1|1|1|0|0|0|1|0|3410|12450|NA|NA|3900|189|34|306|18596962|60774.385620915|0
"490399724004"|0|1|0|0|0|0|0|1|1|1|0|0|0|1|0|3410|12450|NA|NA|3900|189|34|306|18596962|60774.385620915|0
"490451311001"|0|1|0|0|0|0|0|1|1|0|0|1|1|0|0|NA|NA|NA|NA|NA|0|0|0|0|NA|0
"490479402012"|0|1|0|0|0|0|0|1|1|0|0|1|0|1|0|NA|NA|NA|NA|NA|0|0|0|0|NA|0
"490479402015"|0|1|0|0|0|0|0|1|1|0|0|1|0|1|0|NA|NA|NA|NA|NA|0|0|0|0|NA|0
"490490004002"|0|1|0|0|0|0|0|1|1|0|0|1|1|0|0|NA|NA|NA|NA|NA|0|0|0|0|NA|0
"490490008023"|0|1|0|0|0|0|0|1|0|0|0|0|0|0|0|NA|NA|NA|NA|NA|0|0|0|0|NA|0
"490490011031"|0|1|1|0|0|0|0|1|1|1|0|0|0|0|1|5122|15872|9513|25391|NA|1387|307|1504|112638398|74892.5518617021|0
"490490012012"|0|1|0|0|0|0|0|1|1|1|0|0|1|0|0|14585|14585|NA|NA|NA|8|0|4|215304|53826|0
"490490014021"|0|1|0|0|0|0|0|1|1|0|0|1|1|0|0|NA|NA|NA|NA|NA|0|0|0|0|NA|0
"490490014023"|0|2|0|0|0|0|0|2|2|0|0|2|2|0|0|NA|NA|NA|NA|NA|0|0|0|0|NA|0
"490490014024"|0|1|0|0|0|0|0|1|1|0|0|1|1|0|0|NA|NA|NA|NA|NA|0|0|0|0|NA|0
"490490016012"|0|1|1|0|0|0|0|1|1|1|0|0|0|0|1|5790|5790|7290|7290|7766|2997|888|2536|317977240|125385.347003155|0
"490490016024"|0|1|1|0|0|0|0|1|1|1|0|0|0|0|1|5790|5790|7290|7290|7766|2997|888|2536|317977240|125385.347003155|0
"490490017023"|0|1|0|0|0|0|0|1|1|0|0|1|1|0|0|NA|NA|NA|NA|NA|0|0|0|0|NA|0
"490490018011"|0|1|1|0|0|0|0|1|1|1|0|0|0|0|1|5790|5790|7290|7290|7766|2997|888|2536|317977240|125385.347003155|0
"490490019003"|0|2|0|0|0|0|0|2|2|0|0|2|2|0|0|NA|NA|NA|NA|NA|0|0|0|0|NA|0
"490490021011"|0|1|0|0|0|0|0|1|1|1|0|0|1|0|0|14900|14900|NA|NA|NA|17|7|56|1718914|30694.8928571429|0
"490490022011"|0|1|0|0|0|0|0|1|1|1|0|0|1|0|0|NA|NA|NA|NA|NA|7|3|10|999000|99900|0
"490490022041"|0|1|0|0|0|0|0|1|1|1|0|0|1|0|0|NA|NA|NA|NA|NA|7|3|10|999000|99900|0
"490490024001"|0|2|0|0|0|0|0|2|2|0|0|2|2|0|0|NA|NA|NA|NA|NA|0|0|0|0|NA|0
"490490028012"|0|0|1|0|0|0|0|1|1|1|0|0|1|0|0|NA|NA|14984|14984|NA|80|21|116|12454562|107366.913793103|0
"490490034021"|0|1|0|0|0|0|0|1|1|0|0|1|1|0|0|NA|NA|NA|NA|NA|0|0|0|0|NA|0
"490490101083"|0|1|0|0|0|0|0|1|1|0|0|1|0|1|0|NA|NA|NA|NA|NA|0|0|0|0|NA|0
"490519601002"|0|1|0|0|0|0|0|1|1|0|0|1|1|0|0|NA|NA|NA|NA|NA|0|0|0|0|NA|0
"490532703002"|0|1|0|0|0|0|0|1|1|0|0|1|1|0|0|NA|NA|NA|NA|NA|0|0|0|0|NA|0
"490532706003"|0|1|0|0|0|0|0|1|1|0|0|1|1|0|0|NA|NA|NA|NA|NA|0|0|0|0|NA|0
"490532711001"|0|1|0|0|0|0|0|1|1|0|0|1|1|0|0|NA|NA|NA|NA|NA|0|0|0|0|NA|0
"490532711004"|0|1|0|0|0|0|0|1|1|0|0|1|1|0|0|NA|NA|NA|NA|NA|0|0|0|0|NA|0
"490532712002"|0|1|0|0|0|0|0|1|1|1|1|0|1|0|0|14585|14585|NA|NA|NA|9|1|10|416080|41608|0
"490532713002"|0|1|1|0|0|0|0|1|1|1|0|0|0|0|1|4680|14976|5970|15090|6974|406|153|458|30531324|66662.2794759825|0
"490532715001"|0|1|0|0|0|0|0|1|1|0|0|1|1|0|0|NA|NA|NA|NA|NA|0|0|0|0|NA|0
"490532715002"|0|2|0|0|0|0|0|2|2|0|0|2|2|0|0|NA|NA|NA|NA|NA|0|0|0|0|NA|0
"490532718001"|0|1|0|0|0|0|0|1|1|1|1|0|1|0|0|14585|14585|NA|NA|NA|9|1|10|416080|41608|0
"490532718002"|0|1|0|0|0|0|0|1|1|1|1|0|1|0|0|14585|14585|NA|NA|NA|9|1|10|416080|41608|0
"490572002021"|0|1|0|0|0|0|0|1|1|0|0|1|0|1|0|NA|NA|NA|NA|NA|0|0|0|0|NA|0
"490572011001"|0|1|0|0|0|0|0|1|1|0|0|1|1|0|0|NA|NA|NA|NA|NA|0|0|0|0|NA|0
"490572020002"|0|1|0|0|0|0|0|1|1|0|0|1|1|0|0|NA|NA|NA|NA|NA|0|0|0|0|NA|0
"490572104022"|0|1|0|0|0|0|0|1|1|1|0|0|1|0|0|14585|14585|NA|NA|NA|15|1|16|1471344|91959|0
"490572104042"|0|1|0|0|0|0|0|1|1|1|0|0|1|0|0|14585|14585|NA|NA|NA|15|1|16|1471344|91959|0
"490572105052"|0|1|0|0|0|0|0|1|1|1|0|0|1|0|0|14585|14585|NA|NA|NA|15|1|16|1471344|91959|0
"500019608002"|0|1|1|0|0|0|0|1|1|1|0|0|0|1|0|55790|55790|NA|NA|16032|788|209|620|65756154|106058.312903226|0
"500019608003"|0|1|1|0|0|0|0|1|1|1|0|0|0|1|0|55790|55790|NA|NA|16032|788|209|620|65756154|106058.312903226|0
"500039710001"|0|1|0|0|0|0|0|1|0|0|0|0|0|0|0|NA|NA|NA|NA|NA|0|0|0|0|NA|0
"500039710002"|0|2|1|0|0|0|0|2|1|1|0|0|1|0|0|NA|NA|NA|NA|NA|211|69|116|10437220|NA|0
"500039712003"|0|1|1|0|0|0|0|1|1|1|0|0|1|0|0|55200|55200|23975|23975|16200|211|69|116|10437220|89976.0344827586|0
"500039713002"|0|1|0|0|0|0|0|1|0|0|0|0|0|0|0|NA|NA|NA|NA|NA|0|0|0|0|NA|0
"500070006001"|0|1|1|0|0|1|0|1|1|1|0|0|0|0|1|16392|41280|12294|30960|12946|1971|568|1244|120047342|96501.0787781351|0
"500070022003"|0|1|1|0|0|0|0|1|1|1|0|0|0|1|0|45050|45050|11160|11160|12950|222|61|252|18977230|75306.4682539683|0
"500070025001"|0|1|1|0|0|0|0|1|1|1|0|0|0|1|0|45050|45050|11160|11160|12950|222|61|252|18977230|75306.4682539683|0
"500070025003"|0|1|1|0|0|0|0|1|1|1|0|0|0|1|0|45050|45050|11160|11160|12950|222|61|252|18977230|75306.4682539683|0
"500070031001"|0|1|0|0|0|0|0|1|1|0|0|1|1|0|0|NA|NA|NA|NA|NA|0|0|0|0|NA|0
"500070031003"|0|1|0|0|0|0|0|1|1|0|0|1|1|0|0|NA|NA|NA|NA|NA|0|0|0|0|NA|0
"500070033011"|0|1|0|0|0|0|0|1|1|0|0|1|1|0|0|NA|NA|NA|NA|NA|0|0|0|0|NA|0
"500070036001"|0|1|1|0|0|1|0|1|1|1|0|0|0|0|1|16392|41280|12294|30960|12946|1971|568|1244|120047342|96501.0787781351|0
"500070039001"|0|1|1|0|0|0|0|1|1|1|0|0|0|1|0|41728|41728|14310|14310|15766|256|73|232|19034180|82043.8793103448|0
"500070039002"|0|2|2|0|0|1|0|2|2|2|0|0|0|1|1|58120|83008|26604|45270|28712|2227|641|1476|139081522|178544.95808848|0
"500070039003"|0|2|2|0|0|1|0|2|2|2|0|0|0|1|1|58120|83008|26604|45270|28712|2227|641|1476|139081522|178544.95808848|0
"500070040021"|0|1|0|0|0|0|0|1|1|0|0|1|1|0|0|NA|NA|NA|NA|NA|0|0|0|0|NA|0
"500159532001"|0|1|1|0|0|0|0|1|1|1|0|0|0|1|0|11256|24960|10890|15858|11020|163|45|162|10032900|61931.4814814815|0
"500179594002"|0|1|1|0|0|0|0|1|1|1|0|0|0|1|0|14040|27336|13410|25650|11020|134|22|160|10252692|64079.325|0
"500199517004"|0|1|0|0|0|0|0|1|1|1|0|0|1|0|0|34720|34720|NA|NA|9900|28|5|36|1831318|50869.9444444444|0
"500219627002"|0|1|1|0|0|0|0|1|0|0|0|0|0|0|0|NA|NA|NA|NA|NA|0|0|0|0|NA|0
"500219633006"|0|1|1|0|0|0|0|1|0|0|0|0|0|0|0|NA|NA|NA|NA|NA|0|0|0|0|NA|0
"500219636002"|0|1|1|0|0|0|0|1|1|1|0|0|0|1|0|11304|27984|11574|11574|11020|157|44|158|9637362|60995.9620253165|0
"500219638002"|0|1|1|0|0|0|0|1|0|0|0|0|0|0|0|NA|NA|NA|NA|NA|0|0|0|0|NA|0
"500239540003"|0|1|1|0|0|0|0|1|1|1|0|0|1|0|0|17084|17084|19408|19408|NA|51|7|18|1099366|61075.8888888889|0
"500239542002"|0|1|0|0|0|0|0|1|1|1|1|0|0|1|0|6504|13248|NA|NA|NA|143|47|0|0|NA|0
"500239546001"|0|1|0|0|0|0|0|1|1|1|1|0|0|1|0|6504|13248|NA|NA|NA|143|47|0|0|NA|0
"500239546002"|0|1|0|0|0|0|0|1|1|1|0|0|1|0|0|21000|21000|NA|NA|10466|6|1|4|88038|22009.5|0
"500239548002"|0|1|2|0|0|0|0|2|2|1|0|0|1|0|0|NA|NA|NA|NA|NA|90|21|0|0|NA|0
"500239550002"|0|1|1|0|0|0|0|1|1|1|0|0|1|0|0|17084|17084|19408|19408|NA|51|7|18|1099366|61075.8888888889|0
"500239555001"|0|1|1|0|0|0|0|1|1|1|0|0|0|1|0|39234|39234|17904|17904|14352|428|162|320|21942352|68569.85|0
"500239555005"|0|1|1|0|0|0|0|1|1|1|0|0|0|1|0|39234|39234|17904|17904|14352|428|162|320|21942352|68569.85|0
"500259677001"|0|1|1|0|0|0|0|1|1|1|0|0|1|0|0|59100|59100|NA|NA|12900|133|30|136|8075164|59376.2058823529|0
"500259678002"|0|2|2|0|0|0|0|2|2|2|0|0|2|0|0|53000|53000|56920|56920|NA|59|19|62|3751894|NA|0
"500259682001"|0|2|2|0|0|0|0|2|2|2|0|0|2|0|0|53000|53000|56920|56920|NA|59|19|62|3751894|NA|0
"500259682002"|0|2|2|0|0|0|0|2|2|2|0|0|2|0|0|53000|53000|56920|56920|NA|59|19|62|3751894|NA|0
"500259686002"|0|0|1|0|0|0|0|1|1|1|0|0|1|0|0|NA|NA|43500|43500|NA|75|16|22|1342652|61029.6363636364|0
"500279651002"|0|0|1|0|0|0|0|1|1|1|0|0|1|0|0|NA|NA|40345|40345|NA|81|26|94|7694882|81860.4468085106|0
"510010907002"|0|1|0|0|0|0|0|1|1|1|1|0|1|0|0|4620|9918|NA|NA|NA|32|4|30|1797790|59926.3333333333|0
"510030109032"|0|1|1|0|1|1|0|1|1|1|0|0|0|0|1|14970|47833|16578|27770|11950|5557|1035|3044|429883450|141223.209592641|0
"510030113032"|0|1|0|0|0|0|0|1|1|1|1|0|0|1|0|4650|9948|NA|NA|NA|116|35|150|9498386|63322.5733333333|0
"510050802012"|0|1|0|0|0|0|0|1|1|1|1|0|0|1|0|4620|9918|NA|NA|NA|42|8|34|1992868|58613.7647058823|0
"510090102003"|0|1|1|0|0|0|0|1|1|1|0|0|1|0|0|21420|21420|11130|11130|13200|141|55|86|5417376|62992.7441860465|0
"510090102004"|0|1|1|0|0|0|0|1|1|1|0|0|1|0|0|21420|21420|11130|11130|13200|141|55|86|5417376|62992.7441860465|0
"510131003005"|0|1|1|0|0|0|0|1|1|1|0|0|0|1|0|32100|32100|18900|18900|13575|233|71|330|25631042|77669.8242424242|0
"510131015004"|0|1|0|0|0|0|0|1|1|0|0|1|1|0|0|NA|NA|NA|NA|NA|0|0|0|0|NA|0
"510131016033"|0|1|1|0|0|0|0|1|1|1|0|0|1|0|0|9360|9360|7020|7020|NA|12|3|138|5662448|41032.231884058|0
"510131018021"|0|1|1|0|0|0|0|1|1|1|0|0|0|1|0|13320|13320|14940|14940|NA|93|0|22|1561838|70992.6363636364|0
"510131034024"|0|2|1|0|0|0|0|2|2|2|0|0|2|0|0|33760|33760|NA|NA|NA|46|4|28|2456196|181321.393939394|0
"510139801001"|0|1|1|0|0|0|0|1|1|1|0|0|1|0|0|9360|9360|7020|7020|NA|12|3|138|5662448|41032.231884058|0
"510150703001"|0|1|0|0|0|0|0|1|1|1|1|0|0|1|0|4620|9918|NA|NA|NA|113|21|132|8139058|61659.5303030303|0
"510259301002"|0|1|0|0|0|0|0|1|1|1|1|0|0|1|0|4620|9918|NA|NA|NA|104|20|108|6893528|63828.962962963|0
"510270101002"|0|0|1|0|0|0|0|1|1|1|0|0|1|0|0|NA|NA|35000|35000|NA|34|16|36|2784400|77344.4444444444|0
"510270101004"|0|0|1|0|0|0|0|1|1|1|0|0|1|0|0|NA|NA|35000|35000|NA|34|16|36|2784400|77344.4444444444|0
"510270106002"|0|0|1|0|0|0|0|1|1|1|0|0|1|0|0|NA|NA|NA|NA|NA|28|6|52|5138250|98812.5|0
"510411001071"|0|1|0|0|0|0|0|1|1|1|1|0|1|0|0|16500|16500|NA|NA|NA|18|11|20|860912|43045.6|0
"510411002061"|0|1|0|0|0|0|0|1|0|0|0|0|0|0|0|NA|NA|NA|NA|NA|0|0|0|0|NA|0
"510411005053"|0|1|0|0|0|0|0|1|1|1|1|0|0|0|1|4650|9948|NA|NA|NA|162|37|228|14236956|62442.7894736842|0
"510411005092"|0|1|0|0|0|0|0|1|1|1|1|0|1|0|0|NA|NA|NA|NA|NA|18|6|4|294000|73500|0
"510411006002"|0|1|1|1|0|0|0|1|1|1|0|0|0|1|0|5540|16542|8375|18627|11544|489|171|524|40226274|76767.6984732824|0
"510411009343"|0|1|0|0|0|0|0|1|1|0|0|1|1|0|0|NA|NA|NA|NA|NA|0|0|0|0|NA|0
"510479304002"|0|1|0|0|0|0|0|1|1|0|0|1|1|0|0|NA|NA|NA|NA|NA|0|0|0|0|NA|0
"510479304003"|0|1|0|0|0|0|0|1|1|1|1|0|0|1|0|4650|9948|NA|NA|NA|155|31|184|10934246|59425.25|0
"510479305022"|0|1|0|0|0|0|0|1|1|0|0|1|1|0|0|NA|NA|NA|NA|NA|0|0|0|0|NA|0
"510538405001"|0|1|0|0|0|0|0|1|1|1|1|0|0|1|0|6000|19710|NA|NA|11284|86|25|72|4082044|56695.0555555556|0
"510594160001"|0|1|0|0|0|0|0|1|1|1|1|0|1|0|0|16000|16000|NA|NA|NA|6|0|14|1268666|90619|0
"510594401003"|0|0|1|0|1|0|0|1|1|1|0|0|1|0|0|NA|NA|7200|7200|NA|20|6|4|420000|105000|0
"510594405021"|0|1|1|0|0|0|0|1|1|1|0|0|0|0|1|9060|32520|12144|33456|11946|3000|711|2794|299518674|107200.670722978|0
"510594408003"|0|1|0|0|0|0|0|1|1|1|1|0|0|0|1|5412|10790|NA|NA|NA|1051|280|1278|98511054|77082.2018779343|0
"510594503004"|0|1|0|0|0|0|0|1|1|0|0|1|1|0|0|NA|NA|NA|NA|NA|0|0|0|0|NA|0
"510594526003"|0|1|0|0|0|0|0|1|1|0|0|1|1|0|0|NA|NA|NA|NA|NA|0|0|0|0|NA|0
"510594604003"|0|2|0|0|0|0|0|2|2|1|1|1|2|0|0|NA|NA|NA|NA|NA|24|2|2|72000|NA|0
"510594605011"|0|4|1|0|0|0|0|4|4|2|1|2|4|0|0|NA|NA|NA|NA|NA|38|4|8|672000|NA|0
"510594605023"|0|2|1|0|0|0|0|2|2|1|0|1|2|0|0|NA|NA|NA|NA|NA|14|2|6|6e+05|NA|0
"510594612021"|0|1|1|0|0|0|0|1|1|1|0|0|0|1|0|14980|14980|13368|13368|NA|75|9|134|11241642|83892.8507462687|0
"510594618023"|0|1|1|0|0|0|0|1|1|1|0|0|0|1|0|14980|14980|13368|13368|NA|75|9|134|11241642|83892.8507462687|0
"510594711001"|0|1|0|0|0|0|0|1|1|1|1|0|1|0|0|NA|NA|NA|NA|NA|9|1|14|1313278|93805.5714285714|0
"510594713011"|0|1|1|0|0|0|0|1|1|1|0|0|1|0|0|8640|8640|8100|8100|NA|0|0|0|0|NA|0
"510594802022"|0|1|0|0|0|0|0|1|1|0|0|1|1|0|0|NA|NA|NA|NA|NA|0|0|0|0|NA|0
"510594804012"|0|1|0|0|0|0|0|1|1|0|0|1|1|0|0|NA|NA|NA|NA|NA|0|0|0|0|NA|0
"510594822022"|0|1|0|0|0|0|0|1|1|0|0|1|1|0|0|NA|NA|NA|NA|NA|0|0|0|0|NA|0
"510594823011"|0|1|0|0|0|0|0|1|1|0|0|1|1|0|0|NA|NA|NA|NA|NA|0|0|0|0|NA|0
"510594905023"|0|1|1|0|0|0|0|1|1|1|0|0|1|0|0|10128|10128|13068|13068|NA|20|2|16|1207400|75462.5|0
"510594913031"|0|1|0|0|0|0|0|1|1|1|1|0|1|0|0|NA|NA|NA|NA|NA|3|0|0|0|NA|0
"510670206001"|0|1|0|0|0|0|0|1|1|1|0|0|0|1|0|35250|35250|NA|NA|11980|178|57|116|6024710|51937.1551724138|0
"510690507002"|0|1|0|0|0|0|0|1|1|1|1|0|0|1|0|4620|9918|NA|NA|NA|144|26|142|9001128|63388.2253521127|0
"510731001001"|0|1|0|0|0|0|0|1|1|1|1|0|0|1|0|4620|9918|NA|NA|NA|88|19|58|3506634|60459.2068965517|0
"510731002012"|0|1|0|0|0|0|0|1|1|1|1|0|0|1|0|4620|9918|NA|NA|NA|88|19|58|3506634|60459.2068965517|0
"510853206012"|0|1|0|0|0|0|0|1|1|1|0|0|0|1|0|41200|41200|NA|NA|12220|263|78|220|16737526|76079.6636363636|0
"510853206022"|0|1|0|0|0|0|0|1|1|0|0|1|1|0|0|NA|NA|NA|NA|NA|0|0|0|0|NA|0
"510872001081"|0|1|1|0|0|0|0|1|1|1|0|0|0|1|0|54690|54690|24960|24960|12900|1198|311|838|99769768|119057.002386635|0
"510872001261"|0|1|0|0|0|0|0|1|1|0|0|1|1|0|0|NA|NA|NA|NA|NA|0|0|0|0|NA|0
"510872001272"|0|1|0|0|0|0|0|1|1|0|0|1|1|0|0|NA|NA|NA|NA|NA|0|0|0|0|NA|0
"510872001282"|0|1|1|0|0|0|0|1|1|1|0|0|1|0|0|16920|16920|15600|15600|NA|33|4|32|2426174|75817.9375|0
"510872002021"|0|1|1|0|0|0|0|1|1|1|0|0|0|1|0|54690|54690|24960|24960|12900|1198|311|838|99769768|119057.002386635|0
"510872002022"|0|1|1|0|0|0|0|1|1|1|0|0|0|1|0|54690|54690|24960|24960|12900|1198|311|838|99769768|119057.002386635|0
"510872004091"|0|1|0|0|0|0|0|1|1|0|0|1|1|0|0|NA|NA|NA|NA|NA|0|0|0|0|NA|0
"510872005022"|0|1|0|0|0|0|0|1|1|1|1|0|1|0|0|13376|13376|NA|NA|NA|16|6|34|1929186|56740.7647058823|0
"510872008011"|0|1|1|0|0|0|0|2|1|1|1|0|0|1|0|NA|NA|NA|NA|NA|241|52|232|15145578|NA|0
"510872008021"|0|1|1|0|0|0|0|2|1|1|1|0|0|1|0|NA|NA|NA|NA|NA|241|52|232|15145578|NA|0
"510872009042"|0|2|0|0|0|0|0|2|2|1|0|1|2|0|0|NA|NA|NA|NA|NA|44|14|58|4531196|NA|0
"510890103001"|0|1|0|0|0|0|0|1|1|1|1|0|0|1|0|4620|9918|NA|NA|NA|106|24|90|5531616|61462.4|0
"510950801014"|0|1|1|0|0|0|0|1|1|1|0|0|0|1|0|16728|40089|10516|28305|12926|1787|441|1432|151166838|105563.434357542|0
"511076107022"|0|1|0|0|0|0|0|1|1|1|0|0|1|0|0|27922|27922|NA|NA|10728|42|8|0|0|NA|0
"511076107023"|0|1|0|0|0|0|0|1|1|1|0|0|1|0|0|27922|27922|NA|NA|10728|42|8|0|0|NA|0
"511076110061"|0|0|1|0|0|0|0|1|1|1|0|0|1|0|0|NA|NA|15890|15890|NA|32|8|48|4240128|88336|0
"511076110203"|0|0|1|0|0|0|0|1|1|1|0|0|1|0|0|NA|NA|15890|15890|NA|32|8|48|4240128|88336|0
"511210201001"|0|1|1|0|0|1|0|1|1|1|0|0|0|0|1|11420|29960|13701|27614|9342|6665|1476|4080|460749580|112928.818627451|0
"511210207001"|0|1|1|0|0|1|0|1|1|1|0|0|0|0|1|11420|29960|13701|27614|9342|6665|1476|4080|460749580|112928.818627451|0
"511210207002"|0|0|1|0|0|1|0|1|1|1|0|0|0|1|0|NA|NA|NA|NA|NA|0|0|0|0|NA|0
"511371101031"|0|1|0|0|0|0|0|1|1|1|1|0|0|1|0|4650|9948|NA|NA|NA|155|31|184|10934246|59425.25|0
"511479302031"|0|1|1|0|0|0|0|1|1|1|0|0|0|1|0|7940|23900|6480|17910|12076|524|161|534|37428582|70090.9775280899|0
"511479303002"|0|1|0|0|0|0|0|1|1|1|0|0|1|0|0|44532|44532|NA|NA|13712|249|70|206|15564630|75556.4563106796|0
"511539004031"|0|1|0|0|0|0|0|1|1|0|0|1|1|0|0|NA|NA|NA|NA|NA|0|0|0|0|NA|0
"511539016025"|0|1|0|0|0|0|0|1|1|0|0|1|1|0|0|16520|16520|NA|NA|NA|0|0|0|0|NA|0
"511552102021"|0|1|0|0|0|0|0|1|1|1|1|0|0|1|0|4620|9918|NA|NA|NA|71|21|96|6302988|65656.125|0
"511610302012"|0|1|1|0|0|0|0|1|1|1|0|0|1|0|0|8280|8280|7296|7296|NA|40|15|28|1332106|47575.2142857143|0
"511610302031"|0|1|1|0|0|0|0|1|1|1|0|0|1|0|0|39360|39360|16884|16884|13930|173|42|170|10864450|63908.5294117647|0
"511610303004"|0|1|0|0|0|0|0|1|1|1|0|0|0|1|0|43818|43818|NA|NA|14134|215|62|330|23330906|70699.7151515151|0
"511639302002"|0|2|1|0|0|0|0|2|2|2|0|0|0|2|0|63014|89858|NA|NA|24611|1095|350|788|86435304|209854.033488424|0
"511650115003"|0|1|1|0|0|0|0|1|1|1|0|0|0|1|0|35700|35700|19996|19996|12970|214|91|232|14392628|62037.1896551724|0
"511770202041"|0|1|0|0|0|0|0|1|1|1|1|0|1|0|0|NA|NA|NA|NA|NA|22|1|10|4e+05|40000|0
"511770202042"|0|1|0|0|0|0|0|1|1|1|1|0|1|0|0|NA|NA|NA|NA|NA|22|1|10|4e+05|40000|0
"511850202001"|0|1|1|0|0|0|0|1|1|1|0|0|0|1|0|25256|25256|8640|8640|9356|94|31|90|4875300|54170|0
"511850202003"|0|1|1|0|0|0|0|1|1|1|0|0|0|1|0|25256|25256|8640|8640|9356|94|31|90|4875300|54170|0
"511850206001"|0|1|0|0|0|0|0|1|1|1|1|0|0|1|0|4620|9918|NA|NA|NA|88|27|78|4369362|56017.4615384615|0
"511910105023"|0|1|0|0|0|0|0|1|1|1|1|0|0|1|0|4620|9918|NA|NA|NA|58|11|94|5649626|60102.4042553191|0
"511910106021"|0|1|1|0|0|0|0|1|1|1|0|0|0|1|0|34500|34500|25743|25743|12767|152|68|196|13709692|69947.4081632653|0
"511959312002"|0|1|0|0|0|0|0|1|1|1|1|0|0|1|0|4620|9918|NA|NA|NA|93|25|84|4723064|56226.9523809524|0
"511959314001"|0|1|0|0|0|0|0|1|1|1|0|0|0|1|0|5527|23262|NA|NA|11014|224|86|206|14672700|71226.6990291262|0
"511970502005"|0|1|0|0|0|0|0|1|1|1|1|0|0|1|0|4620|9918|NA|NA|NA|61|17|58|3419052|58949.1724137931|0
"511990503052"|0|1|0|0|0|0|0|1|1|1|1|0|1|0|0|15750|15750|NA|NA|NA|17|10|18|733242|40735.6666666667|0
"515200202001"|0|1|0|0|0|0|0|1|1|0|0|1|1|0|0|NA|NA|NA|NA|NA|0|0|0|0|NA|0
"515200202002"|0|1|0|0|0|0|0|1|1|0|0|1|1|0|0|NA|NA|NA|NA|NA|0|0|0|0|NA|0
"515309306001"|0|1|0|0|0|0|0|1|1|1|0|0|0|1|0|17280|17280|NA|NA|7918|111|45|144|7467122|51855.0138888889|0
"515309306005"|0|1|0|0|0|0|0|1|1|1|0|0|0|1|0|17280|17280|NA|NA|7918|111|45|144|7467122|51855.0138888889|0
"515500207002"|0|1|0|0|0|0|0|1|1|0|0|1|1|0|0|16520|16520|NA|NA|NA|0|0|0|0|NA|0
"515500208051"|0|2|1|0|0|0|0|2|2|2|0|0|2|0|0|16864|16864|NA|NA|NA|43|15|80|5762412|122280.568627451|0
"515708302001"|0|1|0|0|0|0|0|1|1|1|1|0|1|0|0|11440|11440|NA|NA|NA|14|1|22|1549848|70447.6363636364|0
"515900007001"|0|2|1|0|0|0|0|2|2|2|0|0|2|0|0|46970|46970|NA|NA|NA|164|66|110|6206494|151410.320754717|0
"515900007003"|0|1|0|0|0|0|0|1|1|1|1|0|1|0|0|4750|4750|NA|NA|NA|1|0|4|173744|43436|0
"515900010001"|0|1|0|0|0|0|0|1|1|1|1|0|0|1|0|4620|9918|NA|NA|NA|64|19|92|5537952|60195.1304347826|0
"516105003002"|0|1|0|0|0|0|0|1|1|0|0|1|1|0|0|NA|NA|NA|NA|NA|0|0|0|0|NA|0
"516200901001"|0|1|0|0|0|0|0|1|1|1|1|0|0|1|0|4620|9918|NA|NA|NA|46|9|38|2291428|60300.7368421053|0
"516300003011"|0|1|1|0|0|0|0|1|1|1|0|0|0|1|0|8678|25102|8676|18396|11500|456|116|510|38614202|75714.1215686275|0
"516500103041"|0|1|0|0|0|0|0|1|1|1|1|0|0|1|0|4680|9978|NA|NA|NA|204|56|218|14935826|68512.9633027523|0
"516500103121"|0|1|0|0|0|0|0|1|1|1|0|0|1|0|0|8320|8320|NA|NA|NA|1|0|0|0|NA|0
"516500103131"|0|1|0|0|0|0|0|1|0|0|0|0|0|0|0|NA|NA|NA|NA|NA|0|0|0|0|NA|0
"516500106012"|0|1|0|0|0|0|0|1|1|0|0|1|1|0|0|NA|NA|NA|NA|NA|0|0|0|0|NA|0
"516500114001"|0|1|1|1|0|0|0|1|1|1|0|0|0|1|0|24950|24950|12475|12475|12367|725|116|538|39033518|72553.0074349442|0
"516500114002"|0|1|1|1|0|0|0|1|1|1|0|0|0|1|0|24950|24950|12475|12475|12367|725|116|538|39033518|72553.0074349442|0
"516600002061"|0|1|1|0|0|0|0|1|1|1|0|0|0|0|1|7250|23564|10848|27888|10938|2089|651|2140|183619438|85803.4757009346|0
"516600004011"|0|1|1|0|0|0|0|1|1|1|0|0|0|1|0|37880|37880|14400|14400|11380|188|79|178|9358902|52578.1011235955|0
"516789305001"|0|2|1|0|0|0|0|2|2|2|0|0|0|2|0|63014|89858|NA|NA|24611|1095|350|788|86435304|209854.033488424|0
"516789305002"|0|2|1|0|0|0|0|2|2|2|0|0|0|2|0|63014|89858|NA|NA|24611|1095|350|788|86435304|209854.033488424|0
"516789305004"|0|2|1|0|0|0|0|2|2|2|0|0|0|2|0|63014|89858|NA|NA|24611|1095|350|788|86435304|209854.033488424|0
"516800001002"|0|1|1|0|0|0|0|1|1|1|0|0|1|0|0|40521|40521|12600|12600|13580|157|51|138|10431478|75590.4202898551|0
"516800002031"|0|1|1|0|0|0|0|1|1|1|0|0|0|1|0|39720|39720|10906|10906|11450|322|101|372|27199708|73117.4946236559|0
"516800003002"|0|1|0|0|0|0|0|1|1|1|0|0|1|0|0|11001|11001|NA|NA|NA|13|3|60|3744798|62413.3|0
"516800008011"|0|1|0|0|0|0|0|1|1|1|0|0|1|0|0|11001|11001|NA|NA|NA|13|3|60|3744798|62413.3|0
"516800014001"|0|1|1|0|0|1|0|1|1|1|0|0|0|0|1|15417|15417|7980|7980|10529|3614|794|2050|136368262|66521.1034146341|0
"516800016001"|0|2|0|0|0|0|0|2|2|1|1|1|1|1|0|NA|NA|NA|NA|NA|91|23|118|7512406|NA|0
"516800019001"|0|1|1|1|0|0|0|1|1|1|0|0|1|0|0|8200|8200|10136|10136|9400|35|9|10|448000|44800|0
"516800019003"|0|1|1|1|0|0|0|1|1|1|0|0|1|0|0|8200|8200|10136|10136|9400|35|9|10|448000|44800|0
"517000314004"|0|1|0|0|0|0|0|1|1|1|1|0|1|0|0|12574|12574|NA|NA|NA|22|3|48|3194736|66557|0
"517000315003"|0|1|1|0|0|0|0|1|1|1|0|0|0|1|0|9100|21566|7614|16722|11760|740|157|578|46898224|81138.7958477509|0
"517000316024"|0|1|0|0|0|0|0|1|1|0|0|1|1|0|0|NA|NA|NA|NA|NA|0|0|0|0|NA|0
"517000317012"|0|1|1|0|0|0|0|1|1|1|0|0|0|1|0|9100|21566|7614|16722|11760|740|157|578|46898224|81138.7958477509|0
"517000317023"|0|1|1|0|0|0|0|1|1|1|0|0|0|1|0|9100|21566|7614|16722|11760|740|157|578|46898224|81138.7958477509|0
"517000318002"|0|1|1|0|0|0|0|1|1|1|0|0|0|1|0|9100|21566|7614|16722|11760|740|157|578|46898224|81138.7958477509|0
"517000321132"|0|1|0|0|0|0|0|1|1|1|1|0|1|0|0|15750|15750|NA|NA|NA|17|10|18|733242|40735.6666666667|0
"517000322121"|0|1|0|0|0|0|0|1|1|0|0|1|1|0|0|NA|NA|NA|NA|NA|0|0|0|0|NA|0
"517000322122"|0|1|0|0|0|0|0|1|1|0|0|1|1|0|0|NA|NA|NA|NA|NA|0|0|0|0|NA|0
"517000322123"|0|1|0|0|0|0|0|1|1|0|0|1|1|0|0|NA|NA|NA|NA|NA|0|0|0|0|NA|0
"517100025001"|0|1|1|0|0|0|0|1|1|1|0|0|0|0|1|7029|26664|10207|29851|12090|1645|537|1736|156775522|90308.4804147465|0
"517100040011"|0|1|0|0|0|0|0|1|1|1|1|0|0|0|1|4680|9978|NA|NA|NA|486|107|580|37352836|64401.4413793103|0
"517100040022"|0|0|1|0|0|1|0|1|1|1|0|0|0|1|0|NA|NA|20575|23810|NA|502|178|256|43213022|168800.8671875|0
"517100040023"|0|1|1|0|0|1|0|2|2|2|1|0|0|1|1|NA|NA|NA|NA|NA|988|285|836|80565858|233202.30856681|0
"517100041001"|0|1|0|0|0|0|0|1|1|1|1|0|0|0|1|4680|9978|NA|NA|NA|486|107|580|37352836|64401.4413793103|0
"517100047001"|0|1|1|1|0|0|0|1|1|1|0|0|0|1|0|5752|16920|8820|20872|10844|633|169|496|40194866|81038.0362903226|0
"517100049001"|0|1|0|0|0|0|0|1|1|1|1|0|0|0|1|4680|9978|NA|NA|NA|486|107|580|37352836|64401.4413793103|0
"517100058002"|0|1|0|0|0|0|0|1|1|1|1|0|1|0|0|16500|16500|NA|NA|NA|22|14|36|1694592|47072|0
"517100062002"|0|1|0|0|0|0|0|1|1|0|0|1|1|0|0|15334|15334|NA|NA|NA|0|0|0|0|NA|0
"517100066064"|0|1|0|0|0|0|0|1|1|1|1|0|1|0|0|16500|16500|NA|NA|NA|22|14|36|1694592|47072|0
"517100069011"|0|1|0|0|0|0|0|1|1|1|1|0|1|0|0|14902|14902|NA|NA|NA|13|0|12|860000|71666.6666666667|0
"517100069013"|0|1|0|0|0|0|0|1|1|0|0|1|1|0|0|NA|NA|NA|NA|NA|0|0|0|0|NA|0
"517100070011"|0|1|0|0|0|0|0|1|1|0|0|1|1|0|0|15334|15334|NA|NA|NA|0|0|0|0|NA|0
"517109801001"|0|1|1|0|0|0|0|1|1|1|0|0|0|0|1|7029|26664|10207|29851|12090|1645|537|1736|156775522|90308.4804147465|0
"517308103001"|0|2|1|1|0|0|0|2|2|1|0|1|1|1|0|NA|NA|NA|NA|NA|489|171|524|40226274|NA|0
"517308110001"|0|1|0|0|0|0|0|1|1|1|1|0|0|1|0|6000|19710|NA|NA|11284|86|25|72|4082044|56695.0555555556|0
"517308111001"|0|1|0|0|0|0|0|1|1|1|1|0|0|1|0|6000|19710|NA|NA|11284|86|25|72|4082044|56695.0555555556|0
"517308113001"|0|1|0|0|0|0|0|1|1|0|0|1|1|0|0|NA|NA|NA|NA|NA|0|0|0|0|NA|0
"517500101021"|0|1|1|0|0|0|0|1|1|1|0|0|0|0|1|7922|19557|8915|17441|8995|876|275|1070|83658982|78185.9644859813|0
"517600102003"|0|1|0|0|0|0|0|1|1|1|1|0|1|0|0|13376|13376|NA|NA|NA|16|6|34|1929186|56740.7647058823|0
"517600102004"|0|1|0|0|0|0|0|1|1|1|1|0|1|0|0|13376|13376|NA|NA|NA|16|6|34|1929186|56740.7647058823|0
"517600104023"|0|0|1|0|0|0|0|1|1|1|0|0|1|0|0|NA|NA|12690|12690|NA|52|12|44|4162600|94604.5454545455|0
"517600111004"|0|1|1|1|0|0|0|1|1|1|0|0|0|1|0|15530|15530|10760|10760|8598|176|46|148|8686018|58689.3108108108|0
"517600402002"|0|1|0|0|0|0|0|1|1|1|1|0|1|0|0|13376|13376|NA|NA|NA|16|6|34|1929186|56740.7647058823|0
"517600403001"|0|1|1|0|1|1|0|1|1|1|0|0|0|0|1|12177|32825|12701|26039|11506|3682|946|2556|250254988|97908.8372456964|0
"517600501001"|0|1|0|0|0|0|0|1|1|1|1|0|1|0|0|13376|13376|NA|NA|NA|16|6|34|1929186|56740.7647058823|0
"517600505003"|0|1|1|0|0|0|0|1|1|1|0|0|0|1|0|54690|54690|24960|24960|12900|1198|311|838|99769768|119057.002386635|0
"517700012001"|0|1|2|0|0|0|0|2|1|1|0|0|0|1|0|NA|NA|NA|NA|NA|0|0|0|0|NA|0
"517700012003"|0|1|2|0|0|0|0|2|1|1|0|0|0|1|0|NA|NA|NA|NA|NA|0|0|0|0|NA|0
"517700027001"|0|1|2|0|0|0|0|2|1|1|0|0|0|1|0|NA|NA|NA|NA|NA|0|0|0|0|NA|0
"517700030001"|0|1|0|0|0|0|0|1|1|0|0|1|1|0|0|NA|NA|NA|NA|NA|0|0|0|0|NA|0
"517700030002"|0|1|0|0|0|0|0|1|1|1|1|0|0|1|0|4680|9978|NA|NA|NA|155|26|154|9722232|63131.3766233766|0
"517750101001"|0|1|1|0|0|0|0|1|1|1|0|0|1|0|0|8280|8280|7296|7296|NA|40|15|28|1332106|47575.2142857143|0
"517750101003"|0|1|0|0|0|0|0|1|1|1|0|0|0|1|0|43818|43818|NA|NA|14134|215|62|330|23330906|70699.7151515151|0
"517750102001"|0|1|0|0|0|0|0|1|1|1|0|0|0|1|0|43818|43818|NA|NA|14134|215|62|330|23330906|70699.7151515151|0
"517900001001"|0|1|0|0|0|0|0|1|1|0|0|1|1|0|0|NA|NA|NA|NA|NA|0|0|0|0|NA|0
"517900005003"|0|1|1|0|0|0|0|1|1|1|0|0|0|1|0|30690|30690|13000|13000|9730|235|79|194|13430602|69229.9072164948|0
"518000652001"|0|1|0|0|0|0|0|1|1|0|0|1|1|0|0|NA|NA|NA|NA|NA|0|0|0|0|NA|0
"518000755011"|0|1|0|0|0|0|0|1|1|0|0|1|1|0|0|NA|NA|NA|NA|NA|0|0|0|0|NA|0
"518100402002"|0|1|1|0|0|0|0|1|1|1|0|0|0|1|0|36010|36010|8982|8982|9581|137|59|180|13629828|75721.2666666667|0
"518100410042"|0|1|0|0|0|0|0|1|1|0|0|1|1|0|0|NA|NA|NA|NA|NA|0|0|0|0|NA|0
"518100426001"|0|1|0|0|0|0|0|1|1|1|0|0|1|0|0|15750|15750|NA|NA|NA|16|10|4|162032|40508|0
"518100428021"|0|1|0|0|0|0|0|1|1|1|0|0|1|0|0|15750|15750|NA|NA|NA|16|10|4|162032|40508|0
"518100432001"|0|1|0|0|0|0|0|1|1|0|0|1|1|0|0|NA|NA|NA|NA|NA|0|0|0|0|NA|0
"518100434001"|0|1|0|0|0|0|0|1|1|0|0|1|1|0|0|NA|NA|NA|NA|NA|0|0|0|0|NA|0
"518100434002"|0|1|0|0|0|0|0|1|1|0|0|1|1|0|0|NA|NA|NA|NA|NA|0|0|0|0|NA|0
"518100444021"|0|1|0|0|0|0|0|1|1|1|1|0|1|0|0|6590|6590|NA|NA|7850|6|0|2|48000|24000|0
"518100454233"|0|1|0|0|0|0|0|1|1|0|0|1|1|0|0|NA|NA|NA|NA|NA|0|0|0|0|NA|0
"518100456032"|0|2|1|0|0|0|0|2|2|2|0|0|2|0|0|28812|28812|NA|NA|NA|15|7|4|230000|NA|0
"518100456042"|0|1|1|0|0|0|0|1|1|1|0|0|1|0|0|16920|16920|15600|15600|NA|29|3|24|1795210|74800.4166666667|0
"518100456043"|0|2|1|0|0|0|0|2|2|1|0|1|2|0|0|NA|NA|NA|NA|NA|29|3|24|1795210|NA|0
"518100460021"|0|2|1|0|0|0|0|2|2|2|1|0|1|0|1|29784|29784|NA|NA|NA|751|109|902|62010714|123555.81735067|0
"518100460052"|0|1|0|0|0|0|0|1|1|1|0|0|0|1|0|16814|16814|NA|NA|NA|118|73|78|5148402|66005.1538461538|0
"518100460091"|0|2|1|0|0|0|0|2|2|2|1|0|1|0|1|29784|29784|NA|NA|NA|751|109|902|62010714|123555.81735067|0
"518100462073"|0|1|1|0|0|0|0|1|1|1|0|0|0|0|1|17220|17220|15552|15552|7220|456|159|276|24878070|90137.9347826087|0
"518100462191"|0|1|1|0|0|0|0|1|1|1|0|0|1|0|0|NA|NA|7992|7992|NA|1|1|10|564382|56438.2|0
"518100462221"|0|1|0|0|0|0|0|1|1|0|0|1|1|0|0|NA|NA|NA|NA|NA|0|0|0|0|NA|0
"518303701001"|0|1|1|0|0|0|0|1|1|1|0|0|0|1|0|16728|40089|10516|28305|12926|1787|441|1432|151166838|105563.434357542|0
"518303701002"|0|1|1|0|0|0|0|1|1|1|0|0|0|1|0|16728|40089|10516|28305|12926|1787|441|1432|151166838|105563.434357542|0
"518400003012"|0|1|1|0|0|0|0|1|1|1|0|0|0|1|0|31890|31890|21400|21400|10570|414|154|534|44125696|82632.3895131086|0
"530050108102"|0|1|0|0|0|0|0|1|1|0|0|1|1|0|0|NA|NA|NA|NA|NA|0|0|0|0|NA|0
"530050112001"|0|1|0|0|0|0|0|1|1|0|0|1|1|0|0|NA|NA|NA|NA|NA|0|0|0|0|NA|0
"530050113002"|0|1|0|0|0|0|0|1|1|0|0|1|1|0|0|NA|NA|NA|NA|NA|0|0|0|0|NA|0
"530079608024"|0|1|0|0|0|0|0|1|1|1|0|0|0|1|0|3636|4078|NA|NA|6750|145|69|170|10921594|64244.6705882353|0
"530090012002"|0|1|0|0|0|0|0|1|1|1|0|0|0|1|0|3635|4079|NA|NA|NA|125|35|92|5209710|56627.2826086957|0
"530110412031"|0|1|0|0|0|0|0|1|1|0|0|1|1|0|0|NA|NA|NA|NA|NA|0|0|0|0|NA|0
"530110413291"|0|1|0|0|0|0|0|1|1|1|0|0|0|1|0|18161|18161|NA|NA|NA|140|58|174|9539556|54825.0344827586|0
"530110426001"|0|1|0|0|0|0|0|1|1|1|0|0|0|1|0|3618|8997|NA|NA|NA|370|139|366|23957338|65457.2076502732|0
"530110428002"|0|1|0|0|0|0|0|1|1|0|0|1|1|0|0|NA|NA|NA|NA|NA|0|0|0|0|NA|0
"530150004001"|0|1|0|0|0|0|0|1|1|1|0|0|0|1|0|3596|4052|NA|NA|NA|242|57|148|10170360|68718.6486486487|0
"530150006021"|0|1|0|0|0|0|0|1|1|1|0|0|0|1|0|3596|4052|NA|NA|NA|242|57|148|10170360|68718.6486486487|0
"530150010001"|0|1|0|0|0|0|0|1|1|0|0|1|1|0|0|NA|NA|NA|NA|NA|0|0|0|0|NA|0
"530150021002"|0|1|0|0|0|0|0|1|1|0|0|1|1|0|0|NA|NA|NA|NA|NA|0|0|0|0|NA|0
"530210202001"|0|1|0|0|0|0|0|1|1|1|0|0|0|1|0|4958|6639|NA|NA|9875|244|126|272|17621962|64786.625|0
"530210203001"|0|1|0|0|0|0|0|1|1|1|0|0|0|1|0|4958|6639|NA|NA|9875|244|126|272|17621962|64786.625|0
"530210203002"|0|1|0|0|0|0|0|1|1|1|0|0|0|1|0|4958|6639|NA|NA|9875|244|126|272|17621962|64786.625|0
"530210203003"|0|1|0|0|0|0|0|1|1|1|0|0|0|1|0|4958|6639|NA|NA|9875|244|126|272|17621962|64786.625|0
"530250102002"|0|1|0|0|0|0|0|1|1|1|1|0|0|1|0|4127|4576|NA|NA|8100|148|39|88|6272258|71275.6590909091|0
"530250108001"|0|1|0|0|0|0|0|1|1|1|1|0|0|1|0|4127|4576|NA|NA|8100|148|39|88|6272258|71275.6590909091|0
"530250108002"|0|1|0|0|0|0|0|1|1|1|1|0|0|1|0|4127|4576|NA|NA|8100|148|39|88|6272258|71275.6590909091|0
"530270009005"|0|1|0|0|0|0|0|1|1|1|0|0|0|1|0|3635|9007|NA|NA|NA|98|46|114|7556086|66281.4561403509|0
"530270009006"|0|1|0|0|0|0|0|1|1|1|0|0|0|1|0|3635|9007|NA|NA|NA|98|46|114|7556086|66281.4561403509|0
"530319504002"|0|1|0|0|0|0|0|1|1|1|1|0|1|0|0|16050|16050|NA|NA|NA|4|1|10|610000|61000|0
"530330019001"|0|2|0|0|0|0|0|2|2|2|1|0|1|1|0|NA|NA|NA|NA|NA|224|76|240|15849942|137003.050526316|0
"530330053023"|0|1|1|0|1|1|0|1|1|1|0|0|0|0|1|10370|37071|18198|32439|13296|9551|1127|4140|525035080|126820.06763285|0
"530330054002"|0|1|0|0|0|0|0|1|1|0|0|1|1|0|0|NA|NA|NA|NA|NA|0|0|0|0|NA|0
"530330054003"|0|1|0|0|0|0|0|1|1|0|0|1|1|0|0|NA|NA|NA|NA|NA|0|0|0|0|NA|0
"530330058014"|0|1|1|0|0|0|0|1|1|1|0|0|1|0|0|30240|30240|33000|33000|NA|8|2|4|240000|60000|0
"530330059001"|0|1|1|0|0|0|0|1|1|1|0|0|1|0|0|30240|30240|33000|33000|NA|8|2|4|240000|60000|0
"530330059003"|0|1|1|0|0|0|0|1|1|1|0|0|0|1|0|44604|44604|30636|30636|12285|390|238|404|32442362|80302.8762376238|0
"530330071002"|0|1|0|0|0|0|0|1|1|0|0|1|1|0|0|21401|21401|NA|NA|NA|0|0|0|0|NA|0
"530330072002"|0|2|2|0|0|0|0|2|2|2|0|0|1|1|0|34720|34720|30384|30384|NA|150|41|162|11507918|146874.392903226|0
"530330072003"|0|1|1|0|0|0|0|1|1|1|0|0|1|0|0|21600|21600|18954|18954|NA|26|19|100|6320278|63202.78|0
"530330073001"|0|1|0|0|0|0|0|1|0|0|0|0|0|0|0|NA|NA|NA|NA|NA|0|0|0|0|NA|0
"530330073002"|0|2|0|0|0|0|0|2|1|1|0|0|1|0|0|NA|NA|NA|NA|NA|81|24|104|6176000|NA|0
"530330073003"|0|1|0|0|0|0|0|1|1|1|0|0|1|0|0|32160|32160|NA|NA|13464|81|24|104|6176000|59384.6153846154|0
"530330075004"|0|1|0|0|0|0|0|1|1|0|0|1|1|0|0|NA|NA|NA|NA|NA|0|0|0|0|NA|0
"530330080013"|0|0|1|0|0|0|0|1|1|1|0|0|1|0|0|NA|NA|14850|14850|NA|31|6|16|1366000|85375|0
"530330080014"|0|0|1|0|0|0|0|1|1|1|0|0|1|0|0|NA|NA|14850|14850|NA|31|6|16|1366000|85375|0
"530330081002"|0|1|0|0|0|0|0|1|1|0|0|1|1|0|0|NA|NA|NA|NA|NA|0|0|0|0|NA|0
"530330084001"|0|1|0|0|0|0|0|1|1|1|0|0|0|1|0|3453|3453|NA|NA|NA|402|115|328|23247170|70875.5182926829|0
"530330086002"|0|1|1|0|0|0|0|1|1|1|0|0|0|1|0|45765|45765|19280|19280|12531|840|308|1044|91067292|87229.2068965517|0
"530330093003"|0|1|0|0|0|0|0|1|1|1|0|0|0|1|0|4324|4324|NA|NA|NA|198|58|138|9258064|67087.4202898551|0
"530330108001"|0|1|1|0|0|0|0|2|2|2|0|0|1|1|0|NA|NA|NA|NA|NA|199|59|142|9501064|127837.420289855|0
"530330108003"|0|1|0|0|0|0|0|1|1|1|0|0|0|1|0|4324|4324|NA|NA|NA|198|58|138|9258064|67087.4202898551|0
"530330109001"|0|0|1|0|0|0|0|1|1|1|0|0|1|0|0|NA|NA|24000|24000|NA|1|1|4|243000|60750|0
"530330109002"|0|1|1|0|0|0|0|2|2|2|0|0|1|1|0|NA|NA|NA|NA|NA|199|59|142|9501064|127837.420289855|0
"530330112002"|0|1|1|0|0|0|0|2|2|2|0|0|1|1|0|NA|NA|NA|NA|NA|199|59|142|9501064|127837.420289855|0
"530330207002"|0|1|0|0|0|0|0|1|1|0|0|1|1|0|0|NA|NA|NA|NA|NA|0|0|0|0|NA|0
"530330209002"|0|1|0|0|0|0|0|1|1|1|1|0|0|1|0|3588|6351|NA|NA|10750|233|81|258|18192466|70513.4341085271|0
"530330209003"|0|1|0|0|0|0|0|1|1|1|1|0|0|1|0|3588|6351|NA|NA|10750|233|81|258|18192466|70513.4341085271|0
"530330218022"|0|2|1|0|0|0|0|2|2|2|0|0|0|2|0|14005|46086|NA|NA|NA|474|104|524|50337558|173313.015437902|0
"530330218042"|0|2|1|0|0|0|0|2|2|2|0|0|0|2|0|14005|46086|NA|NA|NA|474|104|524|50337558|173313.015437902|0
"530330220012"|0|2|1|0|0|0|0|2|2|2|0|0|0|2|0|14005|46086|NA|NA|NA|474|104|524|50337558|173313.015437902|0
"530330223001"|0|1|1|0|0|0|0|1|1|1|0|0|1|0|0|26820|26820|30900|30900|NA|154|35|56|4451636|79493.5|0
"530330226031"|0|1|0|0|0|0|0|1|1|1|0|0|0|1|0|2875|7812|NA|NA|NA|156|59|162|9721966|60012.1358024691|0
"530330226032"|0|1|0|0|0|0|0|1|1|1|0|0|0|1|0|2875|7812|NA|NA|NA|156|59|162|9721966|60012.1358024691|0
"530330226033"|0|1|0|0|0|0|0|1|1|1|0|0|0|1|0|2875|7812|NA|NA|NA|156|59|162|9721966|60012.1358024691|0
"530330226051"|0|1|1|0|0|0|0|1|1|1|0|0|0|1|0|32400|32400|27000|27000|11891|127|55|150|15048406|100322.706666667|0
"530330226052"|0|1|1|0|0|0|0|1|1|1|0|0|0|1|0|32400|32400|27000|27000|11891|127|55|150|15048406|100322.706666667|0
"530330227022"|0|2|2|0|0|0|0|2|2|2|0|0|0|2|0|48100|48100|34524|34524|NA|168|71|118|7285110|119065.55952381|0
"530330227023"|0|2|2|0|0|0|0|2|2|2|0|0|0|2|0|48100|48100|34524|34524|NA|168|71|118|7285110|119065.55952381|0
"530330234011"|0|1|0|0|0|0|0|1|1|1|0|0|0|0|1|3635|9015|NA|NA|12930|494|162|392|31143732|79448.2959183674|0
"530330234012"|0|1|0|0|0|0|0|1|1|1|0|0|0|0|1|3635|9015|NA|NA|12930|494|162|392|31143732|79448.2959183674|0
"530330234013"|0|1|0|0|0|0|0|1|1|1|0|0|0|0|1|3635|9015|NA|NA|12930|494|162|392|31143732|79448.2959183674|0
"530330253021"|0|1|0|0|0|0|0|1|1|1|1|0|1|0|0|NA|NA|NA|NA|NA|29|17|42|2362764|56256.2857142857|0
"530330253022"|0|1|0|0|0|0|0|1|1|1|1|0|1|0|0|NA|NA|NA|NA|NA|29|17|42|2362764|56256.2857142857|0
"530330253023"|0|1|0|0|0|0|0|1|1|1|1|0|1|0|0|NA|NA|NA|NA|NA|29|17|42|2362764|56256.2857142857|0
"530330254001"|0|1|0|0|0|0|0|1|1|1|0|0|0|1|0|3688|4137|NA|NA|NA|133|32|134|9936734|74154.7313432836|0
"530330261004"|0|1|1|0|0|0|0|1|1|1|0|0|1|0|0|9552|9552|16752|16752|NA|0|0|0|0|NA|0
"530330262001"|0|1|1|0|0|0|0|1|1|1|0|0|1|0|0|9552|9552|16752|16752|NA|0|0|0|0|NA|0
"530330262003"|0|1|1|0|0|0|0|1|1|1|0|0|1|0|0|9552|9552|16752|16752|NA|0|0|0|0|NA|0
"530330290031"|0|1|0|0|0|0|0|1|1|1|0|0|0|1|0|3269|3269|NA|NA|9864|308|94|316|22436064|71000.2025316456|0
"530330290032"|0|1|0|0|0|0|0|1|1|1|0|0|0|1|0|3269|3269|NA|NA|9864|308|94|316|22436064|71000.2025316456|0
"530330290034"|0|1|0|0|0|0|0|1|1|1|0|0|0|1|0|3269|3269|NA|NA|9864|308|94|316|22436064|71000.2025316456|0
"530330290041"|0|1|0|0|0|0|0|1|1|1|0|0|0|1|0|3269|3269|NA|NA|9864|308|94|316|22436064|71000.2025316456|0
"530330300061"|0|2|0|0|0|0|0|2|1|0|0|1|1|0|0|NA|NA|NA|NA|NA|0|0|0|0|NA|0
"530330300062"|0|2|0|0|0|0|0|2|1|0|0|1|1|0|0|NA|NA|NA|NA|NA|0|0|0|0|NA|0
"530330312061"|0|1|0|0|0|0|0|1|1|1|0|0|0|1|0|3635|4078|NA|NA|NA|332|93|336|25440000|75714.2857142857|0
"530330312062"|0|1|0|0|0|0|0|1|1|1|0|0|0|1|0|3635|4078|NA|NA|NA|332|93|336|25440000|75714.2857142857|0
"530350805001"|0|1|0|0|0|0|0|1|1|1|0|0|0|1|0|3635|4116|NA|NA|10355|247|81|272|18159550|66763.0514705882|0
"530350806004"|0|1|0|0|0|0|0|1|1|1|0|0|0|1|0|3635|4116|NA|NA|10355|247|81|272|18159550|66763.0514705882|0
"530350806005"|0|1|0|0|0|0|0|1|1|1|0|0|0|1|0|3635|4116|NA|NA|10355|247|81|272|18159550|66763.0514705882|0
"530379754013"|0|1|1|0|0|0|0|1|1|1|0|0|0|0|1|6318|21999|9582|22449|12637|918|319|914|66569996|72833.693654267|0
"530379754024"|0|1|1|0|0|0|0|1|1|1|0|0|0|0|1|6318|21999|9582|22449|12637|918|319|914|66569996|72833.693654267|0
"530419707002"|0|1|0|0|0|0|0|1|1|0|0|1|1|0|0|NA|NA|NA|NA|NA|0|0|0|0|NA|0
"530419707003"|0|1|0|0|0|0|0|1|1|1|0|0|0|1|0|4126|4575|NA|NA|10770|173|68|148|9432534|63733.3378378378|0
"530530607005"|0|1|1|0|0|0|0|1|1|1|0|0|0|1|0|51470|51470|35800|35800|13000|349|97|474|45889054|96812.3502109705|0
"530530609032"|0|1|1|0|0|0|0|1|1|1|0|0|1|0|0|8100|8100|8000|8000|NA|10|1|20|927800|46390|0
"530530609054"|0|1|1|0|0|0|0|1|1|1|0|0|1|0|0|8100|8100|8000|8000|NA|10|1|20|927800|46390|0
"530530610021"|0|1|0|0|0|0|0|1|1|1|0|0|0|1|0|4127|9570|NA|NA|NA|295|113|286|20398334|71322.8461538462|0
"530530610022"|0|1|0|0|0|0|0|1|1|1|0|0|0|1|0|4127|9570|NA|NA|NA|295|113|286|20398334|71322.8461538462|0
"530530614001"|0|1|0|0|0|0|0|1|1|1|1|0|0|1|0|5237|14627|NA|NA|NA|168|62|182|12977836|71306.7912087912|0
"530530614002"|0|1|0|0|0|0|0|1|1|1|1|0|0|1|0|5237|14627|NA|NA|NA|168|62|182|12977836|71306.7912087912|0
"530530614003"|0|1|0|0|0|0|0|1|1|1|1|0|0|1|0|5237|14627|NA|NA|NA|168|62|182|12977836|71306.7912087912|0
"530530616011"|0|1|0|0|0|0|0|1|1|1|0|0|1|0|0|18000|18000|NA|NA|NA|11|2|0|0|NA|0
"530530616021"|0|2|1|0|0|0|0|2|2|2|0|0|1|1|0|28370|55071|NA|NA|NA|325|71|542|51759782|NA|0
"530530617005"|0|1|0|0|0|0|0|1|1|0|0|1|1|0|0|NA|NA|NA|NA|NA|0|0|0|0|NA|0
"530530626001"|0|3|1|0|0|0|0|3|3|1|0|2|2|1|0|NA|NA|NA|NA|NA|314|69|542|51759782|NA|0
"530530626002"|0|1|0|0|0|0|0|1|1|0|0|1|1|0|0|NA|NA|NA|NA|NA|0|0|0|0|NA|0
"530530712071"|0|1|0|0|0|0|0|1|1|1|1|0|0|1|0|3636|4078|NA|NA|9690|96|48|106|7029620|66317.1698113208|0
"530530712072"|0|1|0|0|0|0|0|1|1|1|1|0|0|1|0|3636|4078|NA|NA|9690|96|48|106|7029620|66317.1698113208|0
"530530715042"|0|1|1|0|0|0|0|1|1|1|0|0|0|1|0|43264|43264|30316|30316|10876|405|136|428|30228530|70627.4065420561|0
"530530715043"|0|1|1|0|0|0|0|1|1|1|0|0|0|1|0|43264|43264|30316|30316|10876|405|136|428|30228530|70627.4065420561|0
"530530715044"|0|1|1|0|0|0|0|1|1|1|0|0|0|1|0|43264|43264|30316|30316|10876|405|136|428|30228530|70627.4065420561|0
"530530718071"|0|1|0|0|0|0|0|1|1|1|0|0|0|1|0|5040|5040|NA|NA|NA|155|25|190|12574030|66179.1052631579|0
"530530721073"|0|1|0|0|0|0|0|1|1|1|0|0|0|1|0|3636|4078|NA|NA|9690|268|100|170|11758324|69166.6117647059|0
"530530721074"|0|1|0|0|0|0|0|1|1|1|0|0|0|1|0|3636|4078|NA|NA|9690|268|100|170|11758324|69166.6117647059|0
"530579523013"|0|1|0|0|0|0|0|1|1|1|0|0|0|1|0|3626|6485|NA|NA|9600|304|56|194|13733052|70788.9278350516|0
"530610401002"|0|1|0|0|0|0|0|1|1|1|1|0|0|1|0|3626|9006|NA|NA|10770|352|92|270|18760670|69483.962962963|0
"530610418052"|0|1|0|0|0|0|0|1|1|0|0|1|1|0|0|NA|NA|NA|NA|NA|0|0|0|0|NA|0
"530610419033"|0|1|0|0|0|0|0|1|1|0|0|1|1|0|0|NA|NA|NA|NA|NA|0|0|0|0|NA|0
"530610419041"|0|1|0|0|0|0|0|1|1|0|0|1|1|0|0|NA|NA|NA|NA|NA|0|0|0|0|NA|0
"530610419042"|0|1|0|0|0|0|0|1|1|0|0|1|1|0|0|NA|NA|NA|NA|NA|0|0|0|0|NA|0
"530610419043"|0|1|0|0|0|0|0|1|1|0|0|1|1|0|0|NA|NA|NA|NA|NA|0|0|0|0|NA|0
"530610511003"|0|1|0|0|0|0|0|1|1|0|0|1|1|0|0|NA|NA|NA|NA|NA|0|0|0|0|NA|0
"530610515002"|0|1|0|0|0|0|0|1|1|1|0|0|0|1|0|3635|9017|NA|NA|10770|443|273|240|16417680|68407|0
"530610515003"|0|1|0|0|0|0|0|1|1|1|0|0|0|1|0|3635|9017|NA|NA|10770|443|273|240|16417680|68407|0
"530630025004"|0|1|1|0|0|0|0|1|1|1|0|0|0|1|0|44280|44280|16672|16672|12330|883|316|908|80813866|89002.0550660793|0
"530630025005"|0|1|0|0|0|0|0|1|1|0|0|1|1|0|0|NA|NA|NA|NA|NA|0|0|0|0|NA|0
"530630035002"|0|1|0|0|0|0|0|1|1|0|0|1|1|0|0|NA|NA|NA|NA|NA|0|0|0|0|NA|0
"530630036002"|0|1|0|0|0|0|0|1|1|1|0|0|0|1|0|2875|3680|NA|NA|NA|187|41|276|17418916|63112.0144927536|0
"530630104011"|0|1|0|0|0|0|0|1|1|0|0|1|1|0|0|NA|NA|NA|NA|NA|0|0|0|0|NA|0
"530630108001"|0|1|0|0|0|0|0|1|1|1|0|0|1|0|0|13200|13200|NA|NA|NA|12|8|2|51236|25618|0
"530630109002"|0|1|1|0|0|0|0|1|1|1|0|0|0|1|0|43800|43800|12168|12168|11800|316|111|374|25432244|68000.6524064171|0
"530630111022"|0|1|0|0|0|0|0|1|1|0|0|1|1|0|0|10125|10125|NA|NA|NA|0|0|0|0|NA|0
"530630117011"|0|2|0|0|0|0|0|2|2|1|1|1|2|0|0|NA|NA|NA|NA|NA|13|2|18|867660|NA|0
"530630117021"|0|1|0|0|0|0|0|1|1|0|0|1|1|0|0|NA|NA|NA|NA|NA|0|0|0|0|NA|0
"530630118001"|0|1|0|0|0|0|0|1|1|0|0|1|1|0|0|NA|NA|NA|NA|NA|0|0|0|0|NA|0
"530630120002"|0|1|0|0|0|0|0|1|1|0|0|1|1|0|0|NA|NA|NA|NA|NA|0|0|0|0|NA|0
"530630129012"|0|1|0|0|0|0|0|1|1|0|0|1|1|0|0|NA|NA|NA|NA|NA|0|0|0|0|NA|0
"530630140011"|0|1|1|0|0|0|0|1|1|1|0|0|0|0|1|6543|24074|11721|27214|12405|897|253|920|75433964|81993.4391304348|0
"530630140014"|0|1|1|0|0|0|0|1|1|1|0|0|0|0|1|6543|24074|11721|27214|12405|897|253|920|75433964|81993.4391304348|0
"530630140015"|0|1|1|0|0|0|0|1|1|1|0|0|0|0|1|6543|24074|11721|27214|12405|897|253|920|75433964|81993.4391304348|0
"530630145003"|0|1|0|0|0|0|0|1|1|1|0|0|0|0|1|2875|3680|NA|NA|NA|321|73|402|26954014|67049.7860696517|0
"530670101001"|0|1|0|0|0|0|0|1|1|0|0|1|1|0|0|NA|NA|NA|NA|NA|0|0|0|0|NA|0
"530670109101"|0|1|0|0|0|0|0|1|1|1|1|0|0|1|0|4127|9458|NA|NA|NA|222|57|192|12253078|63818.1145833333|0
"530670109102"|0|1|0|0|0|0|0|1|1|1|1|0|0|1|0|4127|9458|NA|NA|NA|222|57|192|12253078|63818.1145833333|0
"530670112002"|0|1|1|0|0|0|0|1|1|1|0|0|0|1|0|38150|38150|15300|15300|12000|168|42|192|11575994|60291.6354166667|0
"530670112003"|0|1|1|0|0|0|0|1|1|1|0|0|0|1|0|38150|38150|15300|15300|12000|168|42|192|11575994|60291.6354166667|0
"530670120002"|0|1|1|0|0|0|0|1|1|1|0|0|0|1|0|7005|26325|8760|19980|12363|426|129|254|20777812|81802.4094488189|0
"530670120003"|0|1|1|0|0|0|0|1|1|1|0|0|0|1|0|7005|26325|8760|19980|12363|426|129|254|20777812|81802.4094488189|0
"530719202001"|0|1|1|0|0|0|0|1|1|1|0|0|0|1|0|27936|27936|22788|22788|7680|155|38|182|12154482|66782.8681318681|0
"530719202002"|0|1|0|0|0|0|0|1|1|1|0|0|0|1|0|4700|6200|NA|NA|NA|209|77|238|16373156|68794.7731092437|0
"530719203002"|0|1|1|0|0|0|0|1|1|1|0|0|0|1|0|27936|27936|22788|22788|7680|155|38|182|12154482|66782.8681318681|0
"530719204001"|0|1|0|0|0|0|0|1|1|1|0|0|0|1|0|4700|6200|NA|NA|NA|209|77|238|16373156|68794.7731092437|0
"530719205001"|0|1|0|0|0|0|0|1|1|1|0|0|0|1|0|4700|6200|NA|NA|NA|209|77|238|16373156|68794.7731092437|0
"530719208021"|0|1|0|0|0|0|0|1|1|1|0|0|0|1|0|53420|53420|NA|NA|13512|293|76|392|30848498|78695.1479591837|0
"530730002001"|0|1|0|0|0|0|1|1|1|1|0|0|1|0|0|4435|4435|NA|NA|4950|125|25|52|2257676|43416.8461538462|0
"530730002003"|0|1|0|0|0|0|0|1|1|1|0|0|0|1|0|4305|9750|NA|NA|8100|187|55|176|11533662|65532.1704545455|0
"530730003003"|0|1|0|0|0|0|0|1|1|1|0|0|0|1|0|2688|3184|NA|NA|NA|142|82|124|9871000|79604.8387096774|0
"530730004003"|0|1|0|0|0|0|0|1|1|1|0|0|0|1|0|2688|3184|NA|NA|NA|142|82|124|9871000|79604.8387096774|0
"530730010001"|0|1|1|0|0|0|0|1|1|1|0|0|0|0|1|7215|23562|10806|22431|12036|1108|462|1328|122446160|92203.4337349398|0
"530730010002"|0|1|1|0|0|0|0|1|1|1|0|0|0|0|1|7215|23562|10806|22431|12036|1108|462|1328|122446160|92203.4337349398|0
"530730109001"|0|1|0|0|0|0|1|1|1|1|0|0|1|0|0|4435|4435|NA|NA|4950|125|25|52|2257676|43416.8461538462|0
"530739400002"|0|1|0|0|0|0|1|1|1|1|0|0|1|0|0|4435|4435|NA|NA|4950|125|25|52|2257676|43416.8461538462|0
"530750006001"|0|1|1|0|0|1|0|1|1|1|0|0|0|0|1|9953|24531|11493|25248|11648|4752|1013|2548|246988230|96934.1562009419|0
"530770002001"|0|0|1|0|0|1|0|1|1|1|0|0|1|0|0|NA|NA|NA|NA|NA|1|0|0|0|NA|0
"530770007004"|0|1|0|0|0|0|0|1|1|1|0|0|0|1|0|3799|4243|NA|NA|8100|228|109|274|17992084|65664.5401459854|0
"530770011001"|0|1|0|0|0|0|0|1|1|1|1|0|1|0|0|NA|NA|NA|NA|NA|66|26|98|7208768|73558.8571428571|0
"530770011002"|0|1|0|0|0|0|0|1|1|0|0|1|1|0|0|NA|NA|NA|NA|NA|0|0|0|0|NA|0
"530770016022"|0|0|1|0|0|1|0|1|1|1|0|0|1|0|0|NA|NA|NA|NA|NA|1|0|0|0|NA|0
"530779400023"|0|1|1|0|0|0|0|1|1|1|0|0|1|0|0|17988|17988|9336|9336|NA|99|53|134|9212604|68750.776119403|0
"540019656004"|0|1|1|0|0|0|0|1|1|1|0|0|1|0|0|29000|29000|29000|29000|9400|134|60|112|5942960|53062.1428571429|0
"540019657001"|0|1|1|0|0|0|0|1|1|1|0|0|1|0|0|29000|29000|29000|29000|9400|134|60|112|5942960|53062.1428571429|0
"540039712012"|0|1|0|0|0|0|0|1|1|0|0|1|1|0|0|NA|NA|NA|NA|NA|0|0|0|0|NA|0
"540039713003"|0|2|0|0|0|0|0|2|2|2|1|0|1|1|0|NA|NA|NA|NA|NA|81|11|26|1384742|109177.583333333|0
"540039717001"|0|1|0|0|0|0|0|1|1|0|0|1|1|0|0|NA|NA|NA|NA|NA|0|0|0|0|NA|0
"540039719003"|0|1|0|0|0|0|0|1|1|1|1|0|0|1|0|408|408|NA|NA|NA|73|27|164|10345562|63082.6951219512|0
"540090316001"|0|1|1|0|0|0|0|1|1|1|0|0|1|0|0|28950|28950|8586|8586|11104|105|34|92|4995358|54297.3695652174|0
"540090316002"|0|1|1|0|0|0|0|1|1|1|0|0|1|0|0|28950|28950|8586|8586|11104|105|34|92|4995358|54297.3695652174|0
"540110001021"|0|1|0|0|0|0|0|1|1|0|0|1|1|0|0|NA|NA|NA|NA|NA|0|0|0|0|NA|0
"540110005001"|0|1|1|0|0|1|0|1|1|1|0|0|0|0|1|7190|18044|7506|19840|10644|854|304|1120|83946344|74952.0928571429|0
"540110006001"|0|1|0|0|0|0|0|1|1|1|1|0|1|0|0|9000|9000|NA|NA|NA|14|7|24|795390|33141.25|0
"540110021001"|0|1|0|0|0|0|0|1|1|1|1|0|0|1|0|4182|10392|NA|NA|NA|57|11|126|6293170|49945.7936507937|0
"540110102023"|0|1|0|0|0|0|0|1|1|0|0|1|1|0|0|NA|NA|NA|NA|NA|0|0|0|0|NA|0
"540110109001"|0|1|0|0|0|0|0|1|1|1|1|0|1|0|0|9000|9000|NA|NA|NA|14|7|24|795390|33141.25|0
"540190202022"|0|1|0|0|0|0|0|1|0|0|0|1|1|0|0|NA|NA|NA|NA|NA|0|0|0|0|NA|0
"540219678001"|0|1|0|0|0|0|0|1|1|1|0|0|0|1|0|5562|7020|NA|NA|10182|138|47|118|6604798|55972.8644067797|0
"540259506002"|0|0|1|0|0|1|0|1|1|1|0|0|1|0|0|NA|NA|NA|NA|NA|0|0|0|0|NA|0
"540259506003"|0|0|1|0|0|1|0|1|1|1|0|0|1|0|0|NA|NA|NA|NA|NA|0|0|0|0|NA|0
"540290209002"|0|1|0|0|0|0|0|1|1|0|0|1|1|0|0|7000|7000|NA|NA|NA|0|0|0|0|NA|0
"540290209004"|0|1|0|0|0|0|0|1|1|0|0|1|1|0|0|7000|7000|NA|NA|NA|0|0|0|0|NA|0
"540290212001"|0|1|0|0|0|0|0|1|1|0|0|1|1|0|0|7000|7000|NA|NA|NA|0|0|0|0|NA|0
"540319701003"|0|1|0|0|0|0|0|1|1|1|1|0|1|0|0|3432|6816|NA|NA|NA|21|10|24|1115390|46474.5833333333|0
"540319702001"|0|1|0|0|0|0|0|1|1|1|1|0|1|0|0|3432|6816|NA|NA|NA|21|10|24|1115390|46474.5833333333|0
"540319702004"|0|1|0|0|0|0|0|1|1|1|1|0|1|0|0|3432|6816|NA|NA|NA|21|10|24|1115390|46474.5833333333|0
"540330301003"|0|1|0|0|0|0|0|1|1|0|0|1|1|0|0|NA|NA|NA|NA|NA|0|0|0|0|NA|0
"540330308003"|0|1|0|0|0|0|0|1|0|0|0|1|1|0|0|3700|3700|NA|NA|NA|0|0|0|0|NA|0
"540330311001"|0|1|0|0|0|0|0|1|1|1|1|0|1|0|0|11346|11346|NA|NA|NA|8|2|8|406000|50750|0
"540330316001"|0|1|1|0|0|0|0|1|1|1|0|0|1|0|0|16500|16500|15600|15600|8400|88|27|64|2914764|45543.1875|0
"540330316002"|0|1|1|0|0|0|0|1|1|1|0|0|1|0|0|16500|16500|15600|15600|8400|88|27|64|2914764|45543.1875|0
"540330317002"|0|1|0|0|0|0|0|1|0|0|0|1|1|0|0|3700|3700|NA|NA|NA|0|0|0|0|NA|0
"540359637001"|0|1|0|0|0|0|0|1|0|0|0|1|1|0|0|NA|NA|NA|NA|NA|0|0|0|0|NA|0
"540379722042"|0|1|1|0|0|0|0|1|1|1|0|0|0|1|0|5790|15276|8118|11268|10750|265|91|286|18597260|65025.3846153846|0
"540379725052"|0|1|1|0|0|0|0|1|1|1|0|0|0|0|1|6804|6804|6615|6615|NA|595|200|688|42885808|62334.023255814|0
"540379728001"|0|1|1|0|0|0|0|1|1|1|0|0|0|0|1|6804|6804|6615|6615|NA|595|200|688|42885808|62334.023255814|0
"540390009001"|0|4|1|0|0|0|0|4|4|2|1|2|3|1|0|NA|NA|NA|NA|NA|230|61|234|16696218|NA|0
"540390013003"|0|1|1|0|0|0|0|1|1|1|0|0|0|1|0|22189|22189|16584|16584|9510|218|57|224|16192218|72286.6875|0
"540390015004"|0|1|1|0|0|0|0|1|1|1|0|0|0|1|0|22189|22189|16584|16584|9510|218|57|224|16192218|72286.6875|0
"540390015005"|0|4|1|0|0|0|0|4|4|2|1|2|3|1|0|NA|NA|NA|NA|NA|230|61|234|16696218|NA|0
"540390017001"|0|1|0|0|0|0|0|1|1|0|0|1|1|0|0|NA|NA|NA|NA|NA|0|0|0|0|NA|0
"540390017002"|0|1|0|0|0|0|0|1|1|0|0|1|1|0|0|NA|NA|NA|NA|NA|0|0|0|0|NA|0
"540390020004"|0|3|0|0|0|0|0|3|3|1|1|2|3|0|0|NA|NA|NA|NA|NA|12|4|10|504000|NA|0
"540390103001"|0|2|1|1|0|0|0|2|2|1|0|1|1|1|0|11314|20768|NA|NA|NA|177|82|236|12859276|NA|0
"540390104001"|0|2|1|1|0|0|0|2|2|1|0|1|1|1|0|11314|20768|NA|NA|NA|177|82|236|12859276|NA|0
"540390104002"|0|1|1|1|0|0|0|1|1|1|0|0|0|1|0|7712|17166|8074|18880|12538|177|82|236|12859276|54488.4576271186|0
"540390106001"|0|1|1|1|0|0|0|1|1|1|0|0|0|1|0|7712|17166|8074|18880|12538|177|82|236|12859276|54488.4576271186|0
"540390114011"|0|1|0|0|0|0|0|1|1|1|1|0|1|0|0|NA|NA|NA|NA|NA|7|1|24|1378152|57423|0
"540390114021"|0|1|0|0|0|0|0|1|1|1|1|0|1|0|0|NA|NA|NA|NA|NA|7|1|24|1378152|57423|0
"540390115002"|0|1|0|0|0|0|0|1|1|1|1|0|1|0|0|NA|NA|NA|NA|NA|7|1|24|1378152|57423|0
"540390128004"|0|1|0|0|0|0|0|1|1|1|1|0|0|1|0|4417|10510|NA|NA|NA|77|29|178|10423978|58561.6741573034|0
"540459561011"|0|1|0|0|0|0|0|1|1|1|1|0|0|1|0|3864|5964|NA|NA|NA|95|41|116|5322558|45884.1206896552|0
"540459562001"|0|1|0|0|0|0|0|1|1|1|1|0|0|1|0|3864|5964|NA|NA|NA|95|41|116|5322558|45884.1206896552|0
"540459562002"|0|1|0|0|0|0|0|1|1|1|1|0|0|1|0|3864|5964|NA|NA|NA|95|41|116|5322558|45884.1206896552|0
"540459564002"|0|1|0|0|0|0|0|1|1|0|0|1|1|0|0|NA|NA|NA|NA|NA|0|0|0|0|NA|0
"540459566001"|0|1|0|0|0|0|0|1|1|0|0|1|1|0|0|NA|NA|NA|NA|NA|0|0|0|0|NA|0
"540490202001"|0|2|1|0|0|0|0|2|2|2|1|0|0|2|0|9652|25070|NA|NA|NA|266|100|422|25168860|116234.872257608|0
"540490202004"|0|2|1|0|0|0|0|2|2|2|1|0|0|2|0|9652|25070|NA|NA|NA|266|100|422|25168860|116234.872257608|0
"540510207021"|0|1|0|0|0|0|0|1|1|0|0|1|1|0|0|NA|NA|NA|NA|NA|0|0|0|0|NA|0
"540550011003"|0|1|1|0|0|0|0|1|1|1|0|0|0|1|0|8050|17702|8658|8658|9762|147|67|208|12209252|58698.3269230769|0
"540550013003"|0|1|0|0|0|0|0|1|1|0|0|1|1|0|0|NA|NA|NA|NA|NA|0|0|0|0|NA|0
"540550020001"|0|1|0|1|0|0|0|1|1|1|0|0|0|1|0|7488|14352|NA|NA|NA|79|28|140|8599668|61426.2|0
"540570105002"|0|1|0|0|0|0|0|1|0|0|0|1|1|0|0|NA|NA|NA|NA|NA|0|0|0|0|NA|0
"540570106002"|0|1|0|0|0|0|0|1|1|1|0|0|0|1|0|4536|11544|NA|NA|8780|106|33|106|6122342|57757.9433962264|0
"540599574001"|0|1|0|0|0|0|0|1|1|0|0|1|1|0|0|NA|NA|NA|NA|NA|0|0|0|0|NA|0
"540599575003"|0|1|0|0|0|0|0|1|1|0|0|1|1|0|0|NA|NA|NA|NA|NA|0|0|0|0|NA|0
"540610101021"|0|2|1|0|0|1|0|2|2|2|1|0|1|0|1|20646|36990|NA|NA|NA|3091|853|2272|231786682|161544.016310795|0
"540610101022"|0|2|1|0|0|1|0|2|2|2|1|0|1|0|1|20646|36990|NA|NA|NA|3091|853|2272|231786682|161544.016310795|0
"540610102011"|0|1|1|0|0|0|0|1|1|0|0|1|1|0|0|NA|NA|NA|NA|NA|0|0|0|0|NA|0
"540610102012"|0|1|1|0|0|0|0|1|1|0|0|1|1|0|0|NA|NA|NA|NA|NA|0|0|0|0|NA|0
"540610102014"|0|1|0|0|0|0|0|1|1|0|0|1|1|0|0|NA|NA|NA|NA|NA|0|0|0|0|NA|0
"540610107001"|0|1|0|0|0|0|0|1|1|0|0|1|1|0|0|NA|NA|NA|NA|NA|0|0|0|0|NA|0
"540610110002"|0|1|0|0|0|0|0|1|1|0|0|1|1|0|0|NA|NA|NA|NA|NA|0|0|0|0|NA|0
"540690014002"|0|1|1|0|0|0|0|1|1|1|0|0|1|0|0|29090|29090|9450|9450|9900|95|34|66|4625334|70080.8181818182|0
"540690021002"|0|1|1|0|0|0|0|1|1|1|0|0|0|1|0|7990|15930|6300|8112|9614|164|77|288|18692200|64903.4722222222|0
"540690027001"|0|2|0|0|0|0|0|2|2|1|1|1|1|1|0|NA|NA|NA|NA|NA|79|28|96|5193722|NA|0
"540719704002"|0|0|1|0|0|0|0|1|1|1|0|0|1|0|0|NA|NA|9000|9000|NA|13|2|14|862740|61624.2857142857|0
"540719705003"|0|0|1|0|0|0|0|1|1|1|0|0|1|0|0|NA|NA|9000|9000|NA|13|2|14|862740|61624.2857142857|0
"540719705004"|0|0|1|0|0|0|0|1|1|1|0|0|1|0|0|NA|NA|9000|9000|NA|13|2|14|862740|61624.2857142857|0
"540790202004"|0|1|0|0|0|0|0|1|1|0|0|1|1|0|0|NA|NA|NA|NA|NA|0|0|0|0|NA|0
"540790206012"|0|1|1|0|0|0|0|1|1|1|0|0|1|0|0|13320|13320|14940|14940|NA|4|0|0|0|NA|0
"540810002002"|0|1|0|0|0|0|0|1|1|1|0|0|0|1|0|7560|18912|NA|NA|11628|137|55|174|12047292|69237.3103448276|0
"540810002004"|0|1|0|0|0|0|0|1|1|1|0|0|0|1|0|7560|18912|NA|NA|11628|137|55|174|12047292|69237.3103448276|0
"540810003002"|0|1|0|0|0|0|0|1|1|1|1|0|0|1|0|4372|6900|NA|NA|NA|74|13|104|6271408|60302|0
"540810006001"|0|1|0|0|0|0|0|1|1|0|0|1|1|0|0|NA|NA|NA|NA|NA|0|0|0|0|NA|0
"540810014003"|0|1|1|0|0|0|0|1|1|1|0|0|1|0|0|13400|13400|1350|1350|8200|33|12|28|968948|34605.2857142857|0
"540810015003"|0|1|0|0|0|0|0|1|1|0|0|1|1|0|0|NA|NA|NA|NA|NA|0|0|0|0|NA|0
"540839661001"|0|1|0|0|0|0|0|1|1|1|0|0|1|0|0|29000|29000|NA|NA|9700|108|35|88|4687928|53271.9090909091|0
"540839661002"|0|1|0|0|0|0|0|1|1|1|0|0|1|0|0|29000|29000|NA|NA|9700|108|35|88|4687928|53271.9090909091|0
"540839664002"|0|1|0|0|0|0|0|1|1|0|0|1|1|0|0|NA|NA|NA|NA|NA|0|0|0|0|NA|0
"540979667002"|0|1|1|0|0|0|0|1|1|1|0|0|0|1|0|30766|30766|12006|12006|9298|160|53|130|7094716|54574.7384615385|0
"540979668002"|0|1|0|0|0|0|0|1|1|0|0|1|1|0|0|NA|NA|NA|NA|NA|0|0|0|0|NA|0
"541070005001"|0|1|0|0|0|0|0|1|1|1|1|0|1|0|0|8400|8400|NA|NA|NA|7|2|4|120000|30000|0
"541070105022"|0|1|1|0|0|0|0|1|1|1|0|0|1|0|0|21750|21750|7200|7200|7980|42|16|26|1155626|44447.1538461538|0
"541070105023"|0|1|1|0|0|0|0|1|1|1|0|0|1|0|0|21750|21750|7200|7200|7980|42|16|26|1155626|44447.1538461538|0
"541070106012"|0|1|0|0|0|0|0|1|1|0|0|1|1|0|0|21050|21050|NA|NA|4131|0|0|0|0|NA|0
"541070106023"|0|1|0|0|0|0|0|1|1|0|0|1|1|0|0|21050|21050|NA|NA|4131|0|0|0|0|NA|0
"541070107011"|0|2|0|0|0|0|0|2|2|1|0|1|1|1|0|NA|NA|NA|NA|NA|135|55|152|8290184|NA|0
"550039503001"|0|1|0|0|0|0|0|1|1|1|0|0|1|0|0|35998|35998|NA|NA|9406|77|26|96|5638722|58736.6875|0
"550039503002"|0|1|0|0|0|0|0|1|1|1|0|0|1|0|0|35998|35998|NA|NA|9406|77|26|96|5638722|58736.6875|0
"550039508001"|0|1|0|0|0|0|0|1|1|1|0|0|1|0|0|35998|35998|NA|NA|9406|77|26|96|5638722|58736.6875|0
"550090018021"|0|1|1|0|0|0|0|1|1|1|0|0|0|1|0|6298|14516|7996|17551|7170|421|172|482|29678954|61574.5933609959|0
"550090018022"|0|1|1|0|0|0|0|1|1|1|0|0|0|1|0|6298|14516|7996|17551|7170|421|172|482|29678954|61574.5933609959|0
"550090102011"|0|1|0|0|0|0|0|1|1|0|0|1|1|0|0|NA|NA|NA|NA|NA|0|0|0|0|NA|0
"550090102012"|0|1|1|0|0|0|0|1|1|1|0|0|0|1|0|38714|38714|11100|11100|10435|401|116|276|19744642|71538.5579710145|0
"550090103006"|0|1|1|0|0|0|0|1|1|1|0|0|0|1|0|38714|38714|11100|11100|10435|401|116|276|19744642|71538.5579710145|0
"550090205023"|0|3|1|0|0|0|0|3|3|2|1|1|2|0|1|NA|NA|NA|NA|NA|436|175|562|45715054|NA|0
"550090207031"|0|1|1|0|0|0|0|1|1|1|0|0|1|0|0|21050|21050|20384|20384|NA|48|13|38|2632740|69282.6315789474|0
"550090209002"|0|1|0|0|0|0|0|1|1|0|0|1|1|0|0|NA|NA|NA|NA|NA|0|0|0|0|NA|0
"550090210003"|0|1|0|0|0|0|0|1|1|0|0|1|1|0|0|NA|NA|NA|NA|NA|0|0|0|0|NA|0
"550090213034"|0|1|0|0|0|0|0|1|1|0|0|1|1|0|0|NA|NA|NA|NA|NA|0|0|0|0|NA|0
"550099400013"|0|1|1|0|0|0|0|1|1|1|0|0|0|1|0|38714|38714|11100|11100|10435|401|116|276|19744642|71538.5579710145|0
"550099400031"|0|1|0|0|0|0|0|1|1|1|1|0|0|0|1|4095|6143|NA|NA|NA|402|174|528|43338408|82080.3181818182|0
"550099400041"|0|2|1|0|0|0|0|2|2|1|0|1|2|0|0|NA|NA|NA|NA|NA|34|1|34|2376646|NA|0
"550250002041"|0|1|0|0|0|0|0|1|1|0|0|1|1|0|0|NA|NA|NA|NA|NA|0|0|0|0|NA|0
"550250004081"|0|3|0|0|0|0|0|3|2|0|0|2|2|0|0|NA|NA|NA|NA|NA|0|0|0|0|NA|0
"550250010001"|0|1|1|0|0|0|0|1|1|1|0|0|0|1|0|30600|30600|17856|17856|11350|218|65|288|16312154|56639.4236111111|0
"550250011021"|0|2|2|0|1|1|0|2|2|1|0|0|0|0|1|NA|NA|NA|NA|NA|11208|2334|4504|541369334|NA|0
"550250011022"|0|2|2|0|1|1|0|2|2|1|0|0|0|0|1|NA|NA|NA|NA|NA|11208|2334|4504|541369334|NA|0
"550250016032"|0|1|0|0|0|0|0|1|1|0|0|1|1|0|0|NA|NA|NA|NA|NA|0|0|0|0|NA|0
"550250025001"|0|1|1|0|0|0|0|1|1|1|1|0|0|0|1|4095|6235|4095|6235|NA|637|248|884|84922292|96065.9411764706|0
"550250031003"|0|1|0|0|0|0|0|1|0|0|0|0|0|0|0|NA|NA|NA|NA|NA|0|0|0|0|NA|0
"550250114021"|0|1|1|0|0|0|0|1|1|1|0|0|0|1|0|13320|13320|10800|10800|NA|280|7|88|6416522|72915.0227272727|0
"550250114022"|0|1|1|0|0|0|0|1|1|1|0|0|0|1|0|13320|13320|10800|10800|NA|280|7|88|6416522|72915.0227272727|0
"550279603003"|0|1|0|0|0|0|0|1|1|0|0|1|1|0|0|NA|NA|NA|NA|NA|0|0|0|0|NA|0
"550310205001"|0|1|1|0|0|0|0|1|1|1|0|0|0|1|0|6535|14108|7640|16771|6870|214|82|222|13020038|58648.8198198198|0
"550339708002"|0|1|1|0|0|0|0|1|1|1|0|0|0|1|0|7014|14981|7155|15465|6944|605|218|668|43986518|65848.0808383234|0
"550350008033"|0|1|0|0|0|0|0|1|1|0|0|1|1|0|0|NA|NA|NA|NA|NA|0|0|0|0|NA|0
"550350017001"|0|2|1|0|0|0|0|2|2|2|1|0|0|1|1|11456|21779|NA|NA|NA|886|354|1276|89983594|141029.857929227|0
"550350017002"|0|2|1|0|0|0|0|2|2|2|1|0|0|1|1|11456|21779|NA|NA|NA|886|354|1276|89983594|141029.857929227|0
"550390411001"|0|1|0|0|0|0|0|1|1|1|1|0|0|1|0|4102|5547|NA|NA|NA|257|111|284|21739984|76549.2394366197|0
"550390411004"|0|2|1|0|0|0|0|2|2|2|1|0|0|2|0|31602|33047|NA|NA|NA|357|160|428|30587506|137990.36443662|0
"550390416002"|0|1|0|0|0|0|0|1|1|1|0|0|1|0|0|44813|44813|NA|NA|8653|97|43|114|7893676|69242.7719298246|0
"550390416003"|0|1|0|0|0|0|0|1|1|1|0|0|1|0|0|44813|44813|NA|NA|8653|97|43|114|7893676|69242.7719298246|0
"550390420004"|0|1|0|0|0|0|0|1|1|1|1|0|0|1|0|4102|5547|NA|NA|NA|257|111|284|21739984|76549.2394366197|0
"550439603002"|0|1|0|0|0|0|0|1|1|1|1|0|0|1|0|4095|6143|NA|NA|7511|121|4|156|11340654|72696.5|0
"550439610001"|0|1|1|0|0|0|0|1|1|1|0|0|0|1|0|6418|14268|7640|16771|7700|598|213|648|41128124|63469.3271604938|0
"550551003002"|0|1|1|0|0|0|0|1|1|1|0|0|1|0|0|15480|15480|6840|6840|7300|83|18|74|3091376|41775.3513513514|0
"550590003001"|0|1|1|0|0|0|0|1|1|1|0|0|0|1|0|45100|45100|45100|45100|12400|240|92|344|26070472|75786.2558139535|0
"550590005003"|0|1|1|0|0|0|0|1|1|1|0|0|0|1|0|45100|45100|45100|45100|12400|240|92|344|26070472|75786.2558139535|0
"550590006014"|0|2|1|0|0|0|0|2|2|2|0|0|1|1|0|13048|21318|NA|NA|NA|294|113|324|20207030|NA|0
"550590006022"|0|2|1|0|0|0|0|2|2|2|1|0|1|0|1|17415|19463|NA|NA|NA|393|150|478|39265398|162538.694603175|0
"550590023002"|0|1|0|0|0|0|0|1|1|0|0|1|1|0|0|NA|NA|NA|NA|NA|0|0|0|0|NA|0
"550630004004"|0|1|0|0|0|0|0|1|1|1|1|0|0|1|0|4102|6150|NA|NA|6676|242|141|374|26782854|71611.9090909091|0
"550630004005"|0|1|1|0|0|0|0|1|1|1|0|0|0|1|0|27960|27960|8864|8864|9295|197|84|210|12854162|61210.2952380952|0
"550630005002"|0|1|1|0|0|0|0|1|1|1|0|0|0|0|1|7585|16404|8651|18637|6465|644|225|1000|66765490|66765.49|0
"550630105001"|0|1|0|0|0|0|0|1|1|0|0|1|1|0|0|NA|NA|NA|NA|NA|0|0|0|0|NA|0
"550710006005"|0|1|1|0|0|0|0|1|1|1|0|0|1|0|0|28900|28900|6960|6960|11510|41|14|32|1595054|49845.4375|0
"550710105002"|0|1|1|0|0|0|0|1|1|1|0|0|1|0|0|28900|28900|6960|6960|11510|41|14|32|1595054|49845.4375|0
"550710106002"|0|1|0|0|0|0|0|1|1|1|1|0|0|1|0|4095|6143|NA|NA|NA|145|51|218|16299050|74766.2844036697|0
"550730004002"|0|1|0|0|0|0|0|1|1|1|1|0|0|1|0|3276|4914|NA|NA|6250|206|56|274|19562256|71395.094890511|0
"550730008001"|0|1|0|0|0|0|0|1|1|0|0|1|1|0|0|NA|NA|NA|NA|NA|0|0|0|0|NA|0
"550789401011"|0|2|0|0|0|0|1|2|1|1|0|0|1|0|0|NA|NA|NA|NA|NA|69|20|32|1404636|NA|0
"550789401022"|0|2|0|0|0|0|1|2|1|1|0|0|1|0|0|NA|NA|NA|NA|NA|69|20|32|1404636|NA|0
"550790017004"|0|0|1|0|0|0|0|1|1|1|0|0|1|0|0|NA|NA|38950|38950|NA|5|2|0|0|NA|0
"550790043002"|0|2|1|0|0|0|0|2|1|1|0|0|1|0|0|NA|NA|NA|NA|NA|7|1|22|1610980|NA|0
"550790044003"|0|2|1|0|0|0|0|2|1|1|0|0|1|0|0|NA|NA|NA|NA|NA|7|1|22|1610980|NA|0
"550790056002"|0|1|1|0|0|0|0|1|1|1|0|0|0|1|0|30550|30550|14952|14952|9180|104|32|122|7571386|62060.5409836066|0
"550790074001"|0|2|1|0|0|0|0|2|2|2|0|0|1|0|1|14841|26411|NA|NA|NA|1910|662|2112|167727214|NA|0
"550790128001"|0|1|1|0|0|0|0|1|1|1|0|0|0|1|0|30406|30406|9810|9810|10496|88|24|126|7795126|61866.0793650794|0
"550790144001"|0|1|1|0|0|0|0|1|1|1|0|0|0|1|0|40407|40407|22680|22680|9768|249|64|314|26784014|85299.4076433121|0
"550790146002"|0|1|1|0|0|1|0|1|1|1|0|0|0|0|1|43350|43350|21060|21060|13200|1566|559|1392|134884036|96899.4511494253|0
"550790165003"|0|0|1|0|0|0|0|1|1|0|0|1|1|0|0|NA|NA|14000|14000|NA|0|0|0|0|NA|0
"550790191002"|0|1|1|0|0|0|0|1|1|1|0|0|0|1|0|28656|28656|9971|9971|8950|192|53|176|10526276|59808.3863636364|0
"550790218001"|0|1|0|0|0|0|0|1|1|0|0|1|1|0|0|NA|NA|NA|NA|NA|0|0|0|0|NA|0
"550790351003"|0|1|1|0|0|0|0|1|1|1|0|0|0|1|0|31798|31798|10880|10880|8950|136|58|148|8907142|60183.3918918919|0
"550790352004"|0|1|1|0|0|0|0|1|1|1|0|0|0|1|0|31798|31798|10880|10880|8950|136|58|148|8907142|60183.3918918919|0
"550790601012"|0|1|1|0|0|0|0|1|1|1|0|0|0|1|0|31798|31798|10880|10880|8950|136|58|148|8907142|60183.3918918919|0
"550790601013"|0|1|1|0|0|0|0|1|1|1|0|0|0|1|0|31798|31798|10880|10880|8950|136|58|148|8907142|60183.3918918919|0
"550790602001"|0|2|1|0|0|0|0|2|1|1|0|0|1|0|0|NA|NA|NA|NA|NA|7|1|22|1610980|NA|0
"550790701001"|0|3|2|0|0|0|0|3|2|2|0|0|1|1|0|NA|NA|NA|NA|NA|143|59|170|10518122|NA|0
"550790703005"|0|2|1|0|0|0|0|2|1|1|0|0|1|0|0|NA|NA|NA|NA|NA|7|1|22|1610980|NA|0
"550790903001"|0|2|1|0|0|0|0|2|2|2|1|0|1|1|0|NA|NA|NA|NA|NA|111|33|142|8576046|112293.540983607|0
"550790906001"|0|1|0|0|0|0|0|1|1|1|0|0|0|1|0|18159|18159|NA|NA|NA|88|56|102|7033698|68957.8235294118|0
"550791201022"|0|1|0|0|0|0|0|1|1|0|0|1|1|0|0|NA|NA|NA|NA|NA|0|0|0|0|NA|0
"550791503012"|0|0|1|0|0|0|0|1|1|1|0|0|1|0|0|NA|NA|11160|11160|NA|25|4|20|1372400|68620|0
"550791853001"|0|0|1|0|1|1|0|1|1|1|0|0|0|1|0|NA|NA|30000|30000|NA|0|0|0|0|NA|0
"550791863001"|0|1|0|0|0|0|0|1|1|1|1|0|0|0|1|4095|6143|NA|NA|NA|658|184|1042|99253694|95253.0652591171|0
"550791863002"|0|2|1|0|0|0|0|2|1|1|1|0|0|0|1|NA|NA|NA|NA|NA|658|184|1042|99253694|NA|0
"550791865001"|0|0|1|0|0|0|0|1|1|0|0|1|1|0|0|NA|NA|14000|14000|NA|0|0|0|0|NA|0
"550791868001"|0|1|0|0|0|0|0|1|1|1|1|0|0|0|1|4095|6143|NA|NA|NA|658|184|1042|99253694|95253.0652591171|0
"550791874001"|0|2|0|0|0|0|0|2|2|1|0|1|2|0|0|NA|NA|NA|NA|NA|83|22|104|5237678|NA|0
"550859704001"|0|1|0|0|0|0|0|1|1|1|1|0|0|1|0|4102|6153|NA|NA|NA|101|33|100|7503856|75038.56|0
"550859704002"|0|1|0|0|0|0|0|1|1|1|1|0|0|1|0|4102|6153|NA|NA|NA|101|33|100|7503856|75038.56|0
"550859714001"|0|1|0|0|0|0|0|1|1|1|1|0|0|1|0|4102|6153|NA|NA|NA|101|33|100|7503856|75038.56|0
"550870105004"|0|1|0|0|0|0|0|1|1|1|0|0|0|1|0|48822|48822|NA|NA|10719|309|93|352|25964554|73762.9375|0
"550870110001"|0|1|0|0|0|0|0|1|1|0|0|1|1|0|0|NA|NA|NA|NA|NA|0|0|0|0|NA|0
"550870110006"|0|1|0|0|0|0|0|1|1|1|0|0|0|1|0|48822|48822|NA|NA|10719|309|93|352|25964554|73762.9375|0
"550870111022"|0|3|0|0|0|0|0|3|3|1|1|2|2|0|1|NA|NA|NA|NA|NA|467|129|622|52899286|NA|0
"550896502002"|0|1|1|0|0|0|0|1|1|1|0|0|0|1|0|30060|30060|11052|11052|11170|330|126|474|39569070|83479.0506329114|0
"550896602022"|0|1|1|0|0|0|0|1|1|1|0|0|0|1|0|30060|30060|11052|11052|11170|330|126|474|39569070|83479.0506329114|0
"550939603003"|0|1|1|0|0|0|0|1|1|1|0|0|0|1|0|6428|14001|7640|16771|6576|342|126|448|31361918|70004.28125|0
"550979603002"|0|1|1|0|0|0|0|1|1|1|0|0|0|1|0|6698|15402|8066|17706|7428|666|225|686|43417130|63290.27696793|0
"550979603004"|0|1|1|0|0|0|0|1|1|1|0|0|0|1|0|6698|15402|8066|17706|7428|666|225|686|43417130|63290.27696793|0
"550979604005"|0|1|1|0|0|0|0|1|1|1|0|0|0|1|0|6698|15402|8066|17706|7428|666|225|686|43417130|63290.27696793|0
"551010009044"|0|1|1|0|0|0|0|1|1|1|0|0|1|0|0|15795|15795|17375|17375|NA|5|0|2|124000|62000|0
"551010017011"|0|1|0|0|0|0|0|1|0|0|0|0|0|0|0|NA|NA|NA|NA|NA|0|0|0|0|NA|0
"551010017013"|0|1|0|0|0|0|0|1|0|0|0|0|0|0|0|NA|NA|NA|NA|NA|0|0|0|0|NA|0
"551010017025"|0|1|0|0|0|0|0|1|0|0|0|0|0|0|0|NA|NA|NA|NA|NA|0|0|0|0|NA|0
"551010018013"|0|1|0|0|0|0|0|1|1|0|0|1|1|0|0|NA|NA|NA|NA|NA|0|0|0|0|NA|0
"551010021003"|0|1|0|0|0|0|0|1|1|0|0|1|1|0|0|NA|NA|NA|NA|NA|0|0|0|0|NA|0
"551050004003"|0|2|0|0|0|0|0|2|1|0|0|1|1|0|0|NA|NA|NA|NA|NA|0|0|0|0|NA|0
"551050012013"|0|1|0|0|0|0|0|1|1|1|1|0|0|1|0|4085|6442|NA|NA|NA|121|51|168|12572990|74839.2261904762|0
"551050014002"|0|1|0|0|0|0|0|1|1|1|1|0|0|1|0|4085|6442|NA|NA|NA|121|51|168|12572990|74839.2261904762|0
"551050014004"|0|1|0|0|0|0|0|1|1|1|1|0|0|1|0|4085|6442|NA|NA|NA|121|51|168|12572990|74839.2261904762|0
"551050015001"|0|1|0|0|0|0|0|1|1|1|0|0|0|1|0|51050|51050|NA|NA|9630|191|53|192|12819162|66766.46875|0
"551050015002"|0|2|0|0|0|0|0|2|2|1|0|1|1|1|0|NA|NA|NA|NA|NA|191|53|192|12819162|NA|0
"551050018003"|0|1|0|0|0|0|0|1|1|1|0|0|0|1|0|51050|51050|NA|NA|9630|191|53|192|12819162|66766.46875|0
"551050019001"|0|1|0|0|0|0|0|1|1|1|0|0|0|1|0|51050|51050|NA|NA|9630|191|53|192|12819162|66766.46875|0
"551050019002"|0|1|0|0|0|0|0|1|1|0|0|1|1|0|0|NA|NA|NA|NA|NA|0|0|0|0|NA|0
"551110001001"|0|1|0|0|0|0|0|1|1|0|0|1|1|0|0|NA|NA|NA|NA|NA|0|0|0|0|NA|0
"551110001004"|0|1|0|0|0|0|0|1|1|0|0|1|1|0|0|NA|NA|NA|NA|NA|0|0|0|0|NA|0
"551139400001"|0|1|0|0|0|0|1|1|1|1|1|0|1|0|0|4560|4560|NA|NA|NA|41|2|28|1399448|49980.2857142857|0
"551170102001"|0|1|1|0|0|0|0|1|1|1|0|0|0|1|0|28576|28576|11286|11286|9624|169|27|82|5210220|63539.2682926829|0
"551270003022"|0|0|1|0|0|0|0|1|1|1|0|0|1|0|0|NA|NA|11229|11229|NA|3|0|0|0|NA|0
"551270005011"|0|1|1|0|0|0|0|1|1|1|0|0|0|0|1|6519|15240|8108|17797|7670|655|264|1028|72576358|70599.5700389105|0
"551299506002"|0|1|0|0|0|0|0|1|1|1|1|0|0|1|0|4368|6552|NA|NA|NA|181|64|316|21610216|68386.7594936709|0
"551299506004"|0|1|0|0|0|0|0|1|1|1|1|0|0|1|0|4368|6552|NA|NA|NA|181|64|316|21610216|68386.7594936709|0
"551332011013"|0|2|2|0|0|0|0|2|2|2|0|0|2|0|0|25296|25296|22230|22230|NA|18|3|40|3281318|148764.052631579|0
"551332026002"|0|1|1|0|0|0|0|1|1|1|0|0|0|1|0|32080|32080|11608|11608|10058|257|89|278|20561178|73961.071942446|0
"551332030002"|0|1|0|0|0|0|0|1|1|0|0|1|1|0|0|NA|NA|NA|NA|NA|0|0|0|0|NA|0
"551332031011"|0|1|0|0|0|0|0|1|1|0|0|1|1|0|0|NA|NA|NA|NA|NA|0|0|0|0|NA|0
"551332033052"|0|2|0|0|0|0|0|2|2|1|1|1|1|1|0|NA|NA|NA|NA|NA|260|113|384|32188294|NA|0
"551332037032"|0|0|1|0|0|0|0|1|1|1|0|0|1|0|0|NA|NA|15000|15000|NA|16|2|14|792600|56614.2857142857|0
"551332041001"|0|0|1|0|0|0|0|1|1|1|0|0|1|0|0|NA|NA|15000|15000|NA|16|2|14|792600|56614.2857142857|0
"551332041002"|0|0|1|0|0|0|0|1|1|1|0|0|1|0|0|NA|NA|15000|15000|NA|16|2|14|792600|56614.2857142857|0
"551332043021"|0|0|1|0|0|0|0|1|1|1|0|0|1|0|0|NA|NA|15000|15000|NA|16|2|14|792600|56614.2857142857|0
"551332043022"|0|0|1|0|0|0|0|1|1|1|0|0|1|0|0|NA|NA|15000|15000|NA|16|2|14|792600|56614.2857142857|0
"551390001003"|0|1|0|0|0|0|0|1|1|0|0|1|1|0|0|NA|NA|NA|NA|NA|0|0|0|0|NA|0
"551390005003"|0|1|0|0|0|0|0|1|1|0|0|1|1|0|0|NA|NA|NA|NA|NA|0|0|0|0|NA|0
"551390007002"|0|1|1|0|0|0|0|1|1|1|0|0|0|0|1|6422|13955|7793|17107|8260|747|335|838|57344332|68429.9904534606|0
"551390007003"|0|1|1|0|0|0|0|1|1|1|0|0|0|0|1|6422|13955|7793|17107|8260|747|335|838|57344332|68429.9904534606|0
"551410115001"|0|1|0|0|0|0|0|1|1|1|1|0|0|1|0|4095|6143|NA|NA|NA|120|45|170|12697698|74692.3411764706|0
"560019627002"|0|1|0|0|0|0|0|1|1|1|1|0|1|0|0|NA|NA|NA|NA|NA|52|2|36|2191000|60861.1111111111|0
"560019628002"|0|1|0|0|0|0|0|1|1|1|1|0|1|0|0|NA|NA|NA|NA|NA|52|2|36|2191000|60861.1111111111|0
"560019635002"|0|1|1|0|0|0|0|1|1|1|0|0|0|0|1|3336|13392|4878|14598|10437|2258|495|1442|130984508|90835.3037447989|0
"560139404001"|0|1|0|0|0|0|0|1|1|1|1|0|0|1|0|2970|8910|NA|NA|6681|148|51|122|7165496|58733.5737704918|0
"560159577001"|0|1|0|0|0|0|0|1|1|1|1|0|0|1|0|2970|8910|NA|NA|7108|75|15|70|3750912|53584.4571428571|0
"560159578002"|0|1|0|0|0|0|0|1|1|1|1|0|0|1|0|2970|8910|NA|NA|7108|75|15|70|3750912|53584.4571428571|0
"560210004021"|0|1|0|0|0|0|0|1|1|1|1|0|0|1|0|2970|8910|NA|NA|8276|245|61|236|15712326|66577.6525423729|0
"560210007001"|0|1|0|0|0|0|0|1|1|0|0|1|1|0|0|NA|NA|NA|NA|NA|0|0|0|0|NA|0
"560210020001"|0|1|0|0|0|0|0|1|1|1|1|0|0|1|0|2970|8910|NA|NA|8276|245|61|236|15712326|66577.6525423729|0
"560210020004"|0|1|0|0|0|0|0|1|1|1|1|0|0|1|0|2970|8910|NA|NA|8276|245|61|236|15712326|66577.6525423729|0
"560250009022"|0|1|0|0|0|0|0|1|1|1|1|0|0|1|0|2970|8910|NA|NA|7060|222|73|264|17155112|64981.4848484848|0
"560299652003"|0|1|0|0|0|0|0|1|1|1|1|0|0|1|0|2970|8910|NA|NA|7320|94|33|118|7307016|61923.8644067797|0
"560330001004"|0|1|0|0|0|0|0|1|1|1|1|0|0|1|0|2970|8910|NA|NA|7672|184|41|214|12717136|59425.8691588785|0
"560330005002"|0|1|0|0|0|0|0|1|1|1|1|0|0|1|0|2970|8910|NA|NA|7672|184|41|214|12717136|59425.8691588785|0
"560330006003"|0|1|0|0|0|0|0|1|1|1|1|0|0|1|0|2970|8910|NA|NA|7672|184|41|214|12717136|59425.8691588785|0
"560379709031"|0|1|0|0|0|0|0|1|1|1|1|0|0|1|0|2970|8910|NA|NA|6980|143|50|154|9294348|60352.9090909091|0
"560379709032"|0|1|0|0|0|0|0|1|1|1|1|0|0|1|0|2970|8910|NA|NA|6980|143|50|154|9294348|60352.9090909091|0
"600109509001"|0|1|0|0|0|0|0|1|1|1|0|0|0|1|0|3300|3600|NA|NA|NA|203|26|182|3784930|20796.3186813187|0
"600509510001"|0|1|0|0|0|0|0|1|1|1|0|0|0|1|0|3300|3600|NA|NA|NA|203|26|182|3784930|20796.3186813187|0
"600509515001"|0|1|0|0|0|0|0|1|1|1|0|0|0|1|0|3300|3600|NA|NA|NA|203|26|182|3784930|20796.3186813187|0
"660109530005"|0|2|1|0|0|0|0|2|2|2|1|0|0|2|0|8160|16416|NA|NA|NA|606|207|400|26433142|127956.410714286|0
"660109557001"|0|1|1|0|0|0|0|1|1|1|0|0|1|0|0|4778|4778|4778|4778|4476|7|0|4|123000|30750|0
"691100010002"|0|1|0|0|0|0|0|1|1|1|0|0|0|1|0|3078|4560|NA|NA|NA|128|77|60|3060754|51012.5666666667|0
"720034303002"|0|1|0|0|0|0|0|1|1|0|0|1|1|0|0|5920|5920|NA|NA|NA|0|0|0|0|NA|0
"720034305011"|0|1|0|0|0|0|0|1|1|0|0|1|1|0|0|NA|NA|NA|NA|NA|0|0|0|0|NA|0
"720034305012"|0|1|0|0|0|0|0|1|1|0|0|1|1|0|0|NA|NA|NA|NA|NA|0|0|0|0|NA|0
"720054003001"|0|1|0|0|0|0|0|1|1|1|0|0|0|1|0|3968|5952|NA|NA|NA|198|75|188|12107128|64399.6170212766|0
"720054003002"|0|1|0|0|0|0|0|1|1|1|0|0|0|1|0|3968|5952|NA|NA|NA|198|75|188|12107128|64399.6170212766|0
"720054004003"|0|1|0|0|0|0|0|1|1|0|0|1|1|0|0|NA|NA|NA|NA|NA|0|0|0|0|NA|0
"720054005023"|0|1|0|0|0|0|0|1|1|0|0|1|1|0|0|7500|7500|NA|NA|NA|0|0|0|0|NA|0
"720054008002"|0|1|0|0|0|0|0|1|1|1|0|0|1|0|0|NA|NA|NA|NA|NA|32|10|34|544018|16000.5294117647|0
"720054010001"|0|1|0|0|0|0|0|1|1|1|0|0|1|0|0|NA|NA|NA|NA|NA|32|10|34|544018|16000.5294117647|0
"720054010002"|0|1|0|0|0|0|0|1|1|1|0|0|1|0|0|NA|NA|NA|NA|NA|32|10|34|544018|16000.5294117647|0
"720054011001"|0|1|0|0|0|0|0|1|1|1|0|0|1|0|0|NA|NA|NA|NA|NA|32|10|34|544018|16000.5294117647|0
"720054012001"|0|1|0|0|0|0|0|1|1|1|0|0|1|0|0|NA|NA|NA|NA|NA|32|10|34|544018|16000.5294117647|0
"720054013022"|0|1|1|0|0|0|0|1|1|1|0|0|0|1|0|4560|4560|3870|3870|NA|141|48|158|8340648|52788.9113924051|0
"720133003012"|0|1|1|0|0|0|0|1|1|1|0|0|1|0|0|4920|4920|5580|5580|NA|45|16|42|1414536|33679.4285714286|0
"720133004001"|0|2|0|0|0|0|0|2|2|0|0|2|2|0|0|NA|NA|NA|NA|NA|0|0|0|0|NA|0
"720133005001"|0|2|0|0|0|0|0|2|2|0|0|2|2|0|0|NA|NA|NA|NA|NA|0|0|0|0|NA|0
"720133005002"|0|2|0|0|0|0|0|2|2|0|0|2|2|0|0|NA|NA|NA|NA|NA|0|0|0|0|NA|0
"720133008003"|0|1|0|0|0|0|0|1|1|1|0|0|0|1|0|3968|5952|NA|NA|NA|243|65|340|23706792|69725.8588235294|0
"720133010003"|0|1|0|0|0|0|0|1|1|0|0|1|1|0|0|NA|NA|NA|NA|NA|0|0|0|0|NA|0
"720133010004"|0|2|1|0|0|0|0|2|2|2|1|0|1|1|0|11390|11390|NA|NA|NA|198|64|164|8826858|86452.5542857143|0
"720152802011"|0|1|0|0|0|0|0|1|1|0|0|1|1|0|0|NA|NA|NA|NA|NA|0|0|0|0|NA|0
"720152802013"|0|1|0|0|0|0|0|1|1|0|0|1|1|0|0|NA|NA|NA|NA|NA|0|0|0|0|NA|0
"720199524001"|0|1|1|0|0|0|0|1|1|1|0|0|0|1|0|4560|4560|3440|3440|NA|74|22|60|2977872|49631.2|0
"720199525004"|0|1|0|0|0|0|0|1|1|0|0|1|1|0|0|NA|NA|NA|NA|NA|0|0|0|0|NA|0
"720210302003"|0|2|0|0|0|0|0|2|2|0|0|2|2|0|0|NA|NA|NA|NA|NA|0|0|0|0|NA|0
"720210303001"|0|1|0|0|0|0|0|1|1|1|1|0|1|0|0|NA|NA|NA|NA|NA|14|4|0|0|NA|0
"720210303002"|0|8|1|0|0|0|0|8|8|4|2|4|7|0|1|NA|NA|NA|NA|NA|638|228|352|11401456|NA|0
"720210303003"|0|2|0|0|0|0|0|2|2|0|0|2|2|0|0|NA|NA|NA|NA|NA|0|0|0|0|NA|0
"720210303004"|0|8|1|0|0|0|0|8|8|4|2|4|7|0|1|NA|NA|NA|NA|NA|638|228|352|11401456|NA|0
"720210309022"|0|1|1|0|0|0|0|1|1|1|0|0|0|1|0|5290|5290|6450|6450|5724|89|22|64|2001960|31280.625|0
"720210310052"|0|7|1|0|0|0|0|7|7|3|1|4|6|0|1|NA|NA|NA|NA|NA|624|224|352|11401456|NA|0
"720210310321"|0|1|1|0|0|0|0|1|1|1|0|0|1|0|0|4920|4920|6120|6120|NA|61|24|20|660000|33000|0
"720210310334"|0|1|0|0|0|0|0|1|1|0|0|1|1|0|0|7500|7500|NA|NA|NA|0|0|0|0|NA|0
"720210311011"|0|2|0|0|0|0|0|2|2|0|0|2|2|0|0|NA|NA|NA|NA|NA|0|0|0|0|NA|0
"720210311012"|0|2|0|0|0|0|0|2|2|0|0|2|2|0|0|NA|NA|NA|NA|NA|0|0|0|0|NA|0
"720210313061"|0|1|2|0|0|0|0|2|2|2|0|0|1|1|0|NA|NA|NA|NA|NA|173|58|216|12579248|124842.755555556|0
"720210315031"|0|1|1|0|0|0|0|1|1|1|0|0|1|0|0|4656|4656|5112|5112|NA|72|30|60|1616538|26942.3|0
"720210316122"|0|1|1|0|0|1|0|1|1|1|0|0|1|0|0|4680|4680|5367|5367|NA|122|29|18|708728|39373.7777777778|0
"720210317012"|0|2|0|0|0|0|0|2|2|1|0|1|1|1|0|4810|6765|NA|NA|NA|236|87|296|18346128|NA|0
"720252003044"|0|1|0|0|0|0|0|1|1|1|1|0|0|1|0|9168|9168|NA|NA|NA|131|5|168|4054484|24133.8333333333|0
"720252004001"|0|1|0|0|0|0|0|1|1|0|0|1|1|0|0|7500|7500|NA|NA|NA|0|0|0|0|NA|0
"720252004002"|0|1|0|0|0|0|0|1|1|0|0|1|1|0|0|7500|7500|NA|NA|NA|0|0|0|0|NA|0
"720252006002"|0|1|0|0|0|0|0|1|1|1|0|0|0|1|0|7100|7100|NA|NA|NA|100|26|94|2262000|24063.829787234|0
"720252008001"|0|1|1|0|0|0|0|1|1|1|0|0|0|1|0|6540|6540|6270|6270|NA|63|13|66|1790000|27121.2121212121|0
"720252008003"|0|1|1|0|0|0|0|1|1|1|0|0|0|1|0|6540|6540|6270|6270|NA|63|13|66|1790000|27121.2121212121|0
"720252009002"|0|1|0|0|0|0|0|1|1|1|0|0|1|0|0|6550|6550|NA|NA|NA|56|9|34|775988|22823.1764705882|0
"720252010002"|0|3|0|0|0|0|0|3|3|0|0|3|3|0|0|NA|NA|NA|NA|NA|0|0|0|0|NA|0
"720252022001"|0|1|1|0|0|1|0|1|1|1|0|0|1|0|0|5400|11250|5800|7250|NA|0|0|0|0|NA|0
"720310502221"|0|1|1|0|0|0|0|1|1|1|0|0|0|1|0|4920|4920|2652|2652|NA|359|210|264|12496088|47333.6666666667|0
"720310502223"|0|1|1|0|0|0|0|1|1|1|0|0|0|1|0|4920|4920|2652|2652|NA|359|210|264|12496088|47333.6666666667|0
"720310503023"|0|1|0|0|1|0|0|1|1|1|0|0|0|1|0|4077|6973|NA|NA|NA|189|65|178|13670518|76800.6629213483|0
"720310504012"|0|1|0|0|1|0|0|1|1|1|0|0|0|1|0|4077|6973|NA|NA|NA|189|65|178|13670518|76800.6629213483|0
"720310504021"|0|1|0|0|1|0|0|1|1|1|0|0|0|1|0|4077|6973|NA|NA|NA|189|65|178|13670518|76800.6629213483|0
"720310504022"|0|1|0|0|1|0|0|1|1|1|0|0|0|1|0|4077|6973|NA|NA|NA|189|65|178|13670518|76800.6629213483|0
"720310504023"|0|1|0|0|1|0|0|1|1|1|0|0|0|1|0|4077|6973|NA|NA|NA|189|65|178|13670518|76800.6629213483|0
"720310505013"|0|2|0|0|0|0|0|2|2|1|0|1|2|0|0|NA|NA|NA|NA|NA|19|3|54|1620000|NA|0
"720310506003"|0|1|1|0|0|0|0|1|1|1|0|0|1|0|0|4656|4656|5112|5112|NA|12|6|14|360000|25714.2857142857|0
"720310506004"|0|1|1|0|0|0|0|1|1|1|0|0|1|0|0|4656|4656|5112|5112|NA|12|6|14|360000|25714.2857142857|0
"720319800031"|0|1|0|0|0|0|0|1|1|0|0|1|1|0|0|10785|10785|NA|NA|NA|0|0|0|0|NA|0
"720352601002"|0|1|0|0|0|0|0|1|1|1|1|0|1|0|0|NA|NA|NA|NA|NA|12|8|4|83640|20910|0
"720352602011"|0|1|0|0|1|0|0|1|1|1|0|0|0|1|0|3968|5962|NA|NA|NA|299|80|250|15581422|62325.688|0
"720352602022"|0|1|0|0|1|0|0|1|1|1|0|0|0|1|0|3968|5962|NA|NA|NA|299|80|250|15581422|62325.688|0
"720439541001"|0|1|0|0|0|0|0|1|1|0|0|1|1|0|0|NA|NA|NA|NA|NA|0|0|0|0|NA|0
"720531503021"|0|1|1|0|0|0|0|1|1|1|0|0|0|1|0|4560|4560|3870|3870|NA|87|36|82|4367112|53257.4634146341|0
"720531503022"|0|1|1|0|0|0|0|1|1|1|0|0|0|1|0|4560|4560|3870|3870|NA|87|36|82|4367112|53257.4634146341|0
"720572702013"|0|1|1|0|0|0|0|1|1|1|0|0|0|1|0|4560|4560|3870|3870|NA|72|29|60|2935272|48921.2|0
"720572705002"|0|1|1|0|0|0|0|1|1|1|0|0|0|1|0|4560|4560|3870|3870|NA|72|29|60|2935272|48921.2|0
"720572706004"|0|1|0|0|0|0|0|1|1|1|1|0|1|0|0|880|880|NA|NA|NA|24|7|70|2004800|28640|0
"720610404031"|0|1|1|0|0|0|0|1|1|1|0|0|0|1|0|6795|6795|12000|12000|NA|42|10|122|3297942|27032.3114754098|0
"720610404112"|0|1|0|0|0|0|0|1|1|1|1|0|0|1|0|NA|NA|NA|NA|NA|470|164|280|4421528|15791.1714285714|0
"720610404321"|0|1|0|0|0|0|0|1|1|1|1|0|0|1|0|NA|NA|NA|NA|NA|470|164|280|4421528|15791.1714285714|0
"720610404423"|0|1|1|0|0|0|0|1|1|1|0|0|0|1|0|6795|6795|12000|12000|NA|42|10|122|3297942|27032.3114754098|0
"720610405001"|0|1|1|0|0|0|0|1|1|1|0|0|0|1|0|6795|6795|12000|12000|NA|42|10|122|3297942|27032.3114754098|0
"720610405003"|0|1|1|0|0|0|0|1|1|1|0|0|0|1|0|6795|6795|12000|12000|NA|42|10|122|3297942|27032.3114754098|0
"720632104002"|0|1|0|0|0|0|0|1|1|0|0|1|1|0|0|NA|NA|NA|NA|NA|0|0|0|0|NA|0
"720632105021"|0|1|1|0|0|0|0|1|1|1|0|0|0|0|1|4920|4920|2652|2652|NA|458|247|402|21276412|52926.3980099503|0
"720632105023"|0|1|1|0|0|0|0|1|1|1|0|0|0|0|1|4920|4920|2652|2652|NA|458|247|402|21276412|52926.3980099503|0
"720691803021"|0|1|0|0|1|0|0|1|1|1|0|0|0|1|0|3968|5952|NA|NA|NA|289|97|304|21492916|70700.3815789474|0
"720691805003"|0|1|0|0|0|0|0|1|1|1|0|0|1|0|0|6911|6911|NA|NA|NA|37|6|4|129600|32400|0
"720691806003"|0|1|0|0|0|0|0|1|1|1|0|0|1|0|0|5280|5280|NA|NA|NA|12|4|8|192416|24052|0
"720691806004"|0|1|0|0|0|0|0|1|1|1|0|0|1|0|0|6911|6911|NA|NA|NA|37|6|4|129600|32400|0
"720691806005"|0|3|0|0|0|0|0|3|3|2|0|1|3|0|0|17412|17412|NA|NA|NA|33|5|62|1069348|NA|0
"720714103003"|0|0|0|0|0|0|0|1|0|0|0|0|0|0|0|NA|NA|NA|NA|NA|0|0|0|0|NA|0
"720714105003"|0|1|0|0|0|0|0|1|1|0|0|1|1|0|0|NA|NA|NA|NA|NA|0|0|0|0|NA|0
"720757103012"|0|1|0|0|0|0|0|1|1|0|0|1|1|0|0|NA|NA|NA|NA|NA|0|0|0|0|NA|0
"720757106001"|0|1|1|0|0|0|0|1|1|1|0|0|1|0|0|7080|7080|5130|5130|NA|13|3|24|720000|30000|0
"720819579002"|0|1|0|0|0|0|0|1|1|0|0|1|1|0|0|NA|NA|NA|NA|NA|0|0|0|0|NA|0
"720819581002"|0|1|0|0|0|0|0|1|1|0|0|1|1|0|0|NA|NA|NA|NA|NA|0|0|0|0|NA|0
"720915701002"|0|1|0|0|0|0|0|1|1|1|0|0|1|0|0|7080|7080|NA|NA|NA|14|2|54|1620000|30000|0
"720915701003"|0|1|1|0|0|0|0|1|1|1|0|0|1|0|0|4920|4920|6120|6120|NA|31|12|16|519600|32475|0
"720915701004"|0|1|1|0|0|0|0|1|1|1|0|0|1|0|0|4920|4920|6120|6120|NA|31|12|16|519600|32475|0
"720915703002"|0|1|0|0|0|0|0|1|1|1|0|0|1|0|0|5426|5426|NA|NA|NA|51|21|40|1005210|25130.25|0
"720915703003"|0|1|0|0|0|0|0|1|1|1|0|0|1|0|0|5280|5280|NA|NA|NA|12|3|14|322338|23024.1428571429|0
"720915703004"|0|2|0|0|0|0|0|2|2|1|1|1|2|0|0|NA|NA|NA|NA|NA|17|6|24|600526|NA|0
"720915705001"|0|1|0|0|0|0|0|1|1|1|1|0|1|0|0|1080|1080|NA|NA|NA|18|11|94|2683104|28543.6595744681|0
"720915705002"|0|1|0|0|0|0|0|1|1|1|1|0|1|0|0|1080|1080|NA|NA|NA|18|11|94|2683104|28543.6595744681|0
"720970801001"|0|1|1|0|1|0|0|1|1|1|0|0|0|0|1|3968|5952|3510|7020|NA|1723|521|966|74802930|77435.7453416149|0
"720970805001"|0|1|0|0|0|0|0|1|1|1|1|0|1|0|0|6830|6830|NA|NA|NA|16|5|20|627302|31365.1|0
"720970806001"|0|2|0|0|0|0|0|2|2|0|0|2|2|0|0|NA|NA|NA|NA|NA|0|0|0|0|NA|0
"720970812001"|0|1|0|0|0|0|0|1|1|1|0|0|1|0|0|6911|6911|NA|NA|NA|29|4|2|64800|32400|0
"720970813002"|0|1|1|0|0|0|0|1|1|1|0|0|0|1|0|4920|4920|5580|5580|NA|47|19|76|3141062|41329.7631578947|0
"720970818001"|0|1|1|0|0|0|0|1|1|1|0|0|0|1|0|6050|6050|2500|2500|6200|97|34|78|2288104|29334.6666666667|0
"720970821031"|0|1|1|0|0|0|0|1|1|1|0|0|0|1|0|4920|4920|5580|5580|NA|47|19|76|3141062|41329.7631578947|0
"720970821032"|0|1|1|0|0|0|0|1|1|1|0|0|0|1|0|4920|4920|5580|5580|NA|47|19|76|3141062|41329.7631578947|0
"721130701002"|0|1|0|0|0|0|0|1|1|0|0|1|1|0|0|7500|7500|NA|NA|NA|0|0|0|0|NA|0
"721130705033"|0|1|1|0|0|0|0|1|1|1|0|0|1|0|0|4656|4656|5112|5112|NA|19|9|40|1196444|29911.1|0
"721130712001"|0|3|0|0|0|0|0|3|3|0|0|3|3|0|0|NA|NA|NA|NA|NA|0|0|0|0|NA|0
"721130712002"|0|3|0|0|0|0|0|3|3|0|0|3|3|0|0|NA|NA|NA|NA|NA|0|0|0|0|NA|0
"721130715001"|0|1|0|0|0|0|0|1|1|1|1|0|1|0|0|1080|1080|NA|NA|NA|14|0|64|1856984|29015.375|0
"721130716012"|0|2|0|0|0|0|0|2|2|2|1|0|1|1|0|11646|13630|NA|NA|NA|246|87|164|9877160|82168.4416666667|0
"721130717001"|0|1|1|0|0|0|0|1|1|1|0|0|0|1|0|4920|4920|5580|5580|5091|518|231|450|21229730|47177.1777777778|0
"721130721011"|0|2|0|0|0|0|0|2|2|2|1|0|1|1|0|11646|13630|NA|NA|NA|246|87|164|9877160|82168.4416666667|0
"721130721012"|0|2|0|0|0|0|0|2|2|2|1|0|1|1|0|11646|13630|NA|NA|NA|246|87|164|9877160|82168.4416666667|0
"721130722021"|0|1|1|0|0|0|0|1|1|1|0|0|0|1|0|4560|4560|3870|3870|NA|201|61|200|10840320|54201.6|0
"721130722022"|0|3|2|0|0|1|0|3|2|2|0|0|2|0|0|NA|NA|NA|NA|NA|254|32|100|6062486|NA|0
"721130722026"|0|1|1|0|0|0|0|1|1|1|0|0|0|1|0|4560|4560|3870|3870|NA|201|61|200|10840320|54201.6|0
"721191301012"|0|1|0|0|0|0|0|1|1|0|0|1|1|0|0|NA|NA|NA|NA|NA|0|0|0|0|NA|0
"721191301014"|0|1|0|0|0|0|0|1|1|0|0|1|1|0|0|NA|NA|NA|NA|NA|0|0|0|0|NA|0
"721191306011"|0|1|0|0|0|0|0|1|1|1|1|0|1|0|0|NA|NA|NA|NA|NA|0|0|0|0|NA|0
"721191306012"|0|1|0|0|0|0|0|1|1|1|1|0|1|0|0|NA|NA|NA|NA|NA|0|0|0|0|NA|0
"721258405002"|0|1|1|0|0|0|0|1|1|1|0|0|0|1|0|4560|4560|3440|3440|5664|226|78|192|11486280|59824.375|0
"721258405003"|0|1|1|0|0|0|0|1|1|1|0|0|0|1|0|4560|4560|3440|3440|5664|226|78|192|11486280|59824.375|0
"721258406001"|0|1|1|0|0|0|0|1|1|1|0|0|0|1|0|4560|4560|3440|3440|5664|226|78|192|11486280|59824.375|0
"721270005061"|0|1|1|0|0|0|0|1|1|1|0|0|0|1|0|5775|5775|6205|6205|NA|138|40|54|2757648|51067.5555555556|0
"721270005062"|0|1|1|0|0|0|0|2|2|2|0|0|2|0|0|NA|NA|NA|NA|NA|61|16|48|1136676|NA|0
"721270009004"|0|1|0|0|0|0|0|1|1|0|0|1|1|0|0|6460|6460|NA|NA|NA|0|0|0|0|NA|0
"721270018001"|0|1|0|0|0|0|0|1|1|0|0|1|1|0|0|6460|6460|NA|NA|NA|0|0|0|0|NA|0
"721270018002"|0|1|0|0|0|0|0|1|1|0|0|1|1|0|0|6460|6460|NA|NA|NA|0|0|0|0|NA|0
"721270019001"|0|1|1|0|0|0|0|1|1|1|0|0|1|0|0|2520|3000|2160|2400|NA|66|26|90|2854602|31717.8|0
"721270019002"|0|1|0|0|0|0|0|1|1|0|0|1|1|0|0|NA|NA|NA|NA|NA|0|0|0|0|NA|0
"721270019005"|0|1|0|0|0|0|0|1|1|0|0|1|1|0|0|NA|NA|NA|NA|NA|0|0|0|0|NA|0
"721270021002"|0|1|0|0|0|0|0|1|1|0|0|1|1|0|0|7200|7200|NA|NA|NA|0|0|0|0|NA|0
"721270024002"|0|1|2|0|0|0|0|2|2|2|0|0|1|1|0|NA|NA|35054|35054|NA|209|76|144|6803408|NA|0
"721270039021"|0|1|0|0|0|0|0|1|1|0|0|1|1|0|0|NA|NA|NA|NA|NA|0|0|0|0|NA|0
"721270039023"|0|1|0|0|0|0|0|1|1|0|0|1|1|0|0|NA|NA|NA|NA|NA|0|0|0|0|NA|0
"721270042003"|0|1|0|0|0|0|0|1|1|0|0|1|1|0|0|7200|7200|NA|NA|NA|0|0|0|0|NA|0
"721270051011"|0|1|0|0|0|0|0|1|1|1|1|0|1|0|0|1080|1080|NA|NA|NA|21|11|66|1705160|25835.7575757576|0
"721270052151"|0|1|0|0|0|0|0|1|1|1|1|0|1|0|0|1080|1080|NA|NA|NA|21|11|66|1705160|25835.7575757576|0
"721270058003"|0|1|1|0|0|0|0|1|1|1|0|0|0|0|1|3968|5952|3420|6840|11161|1455|470|1446|106433998|73605.8077455048|0
"721270060001"|0|1|1|0|0|0|0|1|1|1|0|0|1|0|0|6480|6480|5535|5535|NA|20|2|100|2122000|21220|0
"721270060002"|0|1|1|0|0|0|0|1|1|1|0|0|1|0|0|6480|6480|5535|5535|NA|20|2|100|2122000|21220|0
"721270061011"|0|1|0|0|0|0|0|1|1|0|0|1|1|0|0|11904|11904|NA|NA|NA|0|0|0|0|NA|0
"721270061021"|0|1|1|0|0|0|0|1|1|1|0|0|0|0|1|3968|5952|3420|6840|11161|1455|470|1446|106433998|73605.8077455048|0
"721270063002"|0|2|1|0|0|0|0|2|2|1|0|1|0|2|0|NA|NA|NA|NA|NA|200|93|266|12702718|NA|0
"721270063003"|0|2|1|0|0|0|0|2|2|1|0|1|0|2|0|NA|NA|NA|NA|NA|200|93|266|12702718|NA|0
"721270065001"|0|2|2|0|0|0|0|3|3|2|0|1|2|1|0|NA|NA|NA|NA|NA|131|36|80|2236364|NA|0
"721270065002"|0|1|0|0|0|0|0|1|1|0|0|1|1|0|0|NA|NA|NA|NA|NA|0|0|0|0|NA|0
"721270066001"|0|1|3|0|0|0|0|3|3|3|0|0|2|1|0|NA|NA|20515|20515|NA|143|38|94|2838484|NA|0
"721270067001"|0|1|0|0|0|0|0|1|1|1|1|0|1|0|0|6830|6830|NA|NA|NA|42|13|32|893600|27925|0
"721270084002"|0|1|1|0|1|1|0|1|1|1|0|0|0|1|0|6324|8432|13680|20520|NA|836|271|724|60289196|83272.3701657459|0
"721270086021"|0|1|1|0|0|0|0|1|1|0|0|0|0|0|0|NA|NA|NA|NA|NA|233|82|0|0|NA|0
"721270086022"|0|1|1|0|0|0|0|1|1|0|0|0|0|0|0|NA|NA|NA|NA|NA|233|82|0|0|NA|0
"721270087003"|0|1|0|0|0|0|0|1|1|0|0|1|1|0|0|NA|NA|NA|NA|NA|0|0|0|0|NA|0
"721270091212"|0|1|0|0|0|0|0|1|1|1|0|0|1|0|0|6911|6911|NA|NA|NA|43|6|6|177600|29600|0
"721270096012"|0|3|3|0|0|0|0|3|3|2|0|0|0|1|1|NA|NA|NA|NA|NA|735|372|342|15557244|NA|0
"721270096021"|0|1|1|0|0|0|0|1|1|1|0|0|0|1|0|6840|6840|3870|3870|NA|334|112|368|21530124|58505.7717391304|0
"721270099034"|0|1|1|0|0|0|0|1|1|1|0|0|1|0|0|3720|3720|4080|4080|3760|19|5|0|0|NA|0
"721270100013"|0|1|0|0|0|0|0|1|1|0|0|1|1|0|0|NA|NA|NA|NA|NA|0|0|0|0|NA|0
"721270105002"|0|0|1|0|0|0|0|1|1|1|0|0|1|0|0|NA|NA|15600|15600|NA|80|22|48|4527336|94319.5|0
"721270105003"|0|1|0|0|0|0|0|1|1|1|0|0|0|1|0|2040|2040|NA|NA|NA|56|17|44|1762248|40051.0909090909|0
"721279800001"|0|1|1|0|0|0|0|1|1|0|0|0|0|0|0|NA|NA|NA|NA|NA|363|109|0|0|NA|0
"721279802001"|0|1|1|0|0|0|0|2|2|2|0|0|2|0|0|NA|NA|NA|NA|NA|61|16|48|1136676|NA|0
"721292203002"|0|1|0|0|0|0|0|1|1|0|0|1|1|0|0|NA|NA|NA|NA|NA|0|0|0|0|NA|0
"721310092001"|0|1|1|0|0|0|0|1|1|1|0|0|0|1|0|5280|5280|6000|6000|NA|72|12|60|1648528|27475.4666666667|0
"721319588001"|0|1|0|0|0|0|0|1|1|0|0|1|1|0|0|10450|10450|NA|NA|NA|0|0|0|0|NA|0
"721390601022"|0|1|1|0|0|0|0|1|1|1|0|0|1|0|0|3624|3624|4230|4230|3850|20|3|36|372364|10343.4444444444|0
"721419572003"|0|1|0|0|0|0|0|1|1|1|0|0|1|0|0|3968|5952|NA|NA|NA|130|34|86|4149792|48253.3953488372|0
"721455602043"|0|1|1|0|0|0|0|1|1|1|0|0|1|0|0|4656|4656|5112|5112|NA|14|7|10|252000|25200|0
"721455603002"|0|1|1|0|0|0|0|1|1|1|0|0|1|0|0|4656|4656|5112|5112|NA|14|7|10|252000|25200|0
"721455603003"|0|1|1|0|0|0|0|1|1|1|0|0|1|0|0|4656|4656|5112|5112|NA|14|7|10|252000|25200|0
"721497205021"|0|1|0|0|0|0|0|1|1|1|0|0|1|0|0|5280|6808|NA|NA|NA|12|6|4|85938|21484.5|0
"721497205022"|0|1|0|0|0|0|0|1|1|1|0|0|1|0|0|5280|6808|NA|NA|NA|12|6|4|85938|21484.5|0
"721537504004"|0|1|0|0|0|0|0|1|1|1|0|0|1|0|0|6540|6540|NA|NA|NA|16|6|14|387418|27672.7142857143|0
"721537504005"|0|1|0|0|0|0|0|1|1|1|0|0|1|0|0|6540|6540|NA|NA|NA|16|6|14|387418|27672.7142857143|0
"780309606003"|0|1|1|1|0|0|0|1|1|1|0|0|0|1|0|4631|13892|6948|13230|9900|360|25|192|13513680|70383.75|0
"780309608001"|0|1|1|1|0|0|0|1|1|1|0|0|0|1|0|4631|13892|6948|13230|9900|360|25|192|13513680|70383.75|0
"780309610001"|0|1|1|1|0|0|0|1|1|1|0|0|0|1|0|4631|13892|6948|13230|9900|360|25|192|13513680|70383.75|0
"780309610004"|0|1|1|1|0|0|0|1|1|1|0|0|0|1|0|4631|13892|6948|13230|9900|360|25|192|13513680|70383.75|0
"780309900000"|0|1|1|1|0|0|0|1|1|1|0|0|0|1|0|4631|13892|6948|13230|9900|360|25|192|13513680|70383.75|0
NA|0|39|13|1|0|1|0|43|40|25|8|15|26|8|6|NA|NA|NA|NA|NA|10414|3205|8496|729515498|NA|0
