"fips"|"inactive_win12"|"undergrad_school_prog"|"grad_school_prog"|"hbcu"|"hospital"|"medical_school_prog"|"tribal_school_prog"|"public_college_university"|"post_secondary_institution"|"degree_granting"|"grants_associates_certificate_only"|"not_degree_granting"|"size_lt1k"|"size_1k_10k"|"size_gt10k"|"cost_undergrad_instate"|"cost_undergrad_outstate"|"cost_grad_instate"|"cost_grad_outstate"|"cost_oncampus_living"|"ft_noninst_academic_staff"|"ft_community_admin_staff"|"total_instructional_staff"|"total_inst_staff_salary"|"est_avg_inst_staff_salary"|"no_reported_inst_staff"
"010030103005"|0|1|0|0|0|0|0|1|1|1|1|0|0|1|0|3750|7500|NA|NA|5800|195|57|346|23702984|68505.7341040462|0
"010030107103"|0|1|1|0|0|0|0|1|1|1|0|0|1|0|0|17424|17424|19440|19440|NA|43|14|14|1196912|85493.7142857143|0
"010030114112"|0|1|1|0|0|0|0|1|1|1|0|0|0|0|1|5880|5880|4020|4020|NA|424|146|470|24073002|51219.1531914894|0
"010030115032"|0|1|0|0|0|0|0|1|1|0|0|1|1|0|0|NA|NA|NA|NA|NA|0|0|0|0|NA|0
"010150021011"|0|1|1|0|0|0|0|1|1|1|0|0|0|1|0|9990|19950|9840|19680|8640|647|254|694|48989860|70590.5763688761|0
"010259579023"|0|1|0|0|0|0|0|1|1|0|0|1|1|0|0|NA|NA|NA|NA|NA|0|0|0|0|NA|0
"010310113002"|0|1|0|0|0|0|0|1|1|1|1|0|0|1|0|3750|7500|NA|NA|NA|69|41|108|8994780|83285|0
"010330207041"|0|1|0|0|0|0|0|1|1|1|1|0|0|1|0|3750|7500|NA|NA|NA|131|40|140|8244530|58889.5|0
"010359605001"|0|1|0|0|0|0|0|1|1|1|1|0|1|0|0|3750|7500|NA|NA|NA|28|13|28|1807126|64540.2142857143|0
"010399620001"|0|1|0|0|0|0|0|1|1|1|1|0|0|1|0|3750|7500|NA|NA|5550|60|29|108|6823600|63181.4814814815|0
"010439654013"|0|1|0|0|0|0|0|1|1|1|1|0|0|1|0|3750|7500|NA|NA|4900|164|81|238|14916876|62675.9495798319|0
"010450214003"|0|1|0|0|0|0|0|1|1|1|1|0|0|1|0|3750|7500|NA|NA|NA|130|56|238|14919752|62688.0336134454|0
"010479561011"|0|1|0|0|0|0|0|1|1|1|1|0|0|1|0|3750|7500|NA|NA|NA|85|40|78|4507550|57789.1025641026|0
"010479568001"|0|1|1|1|0|0|0|1|1|1|0|0|1|0|0|4800|4800|4800|4800|NA|9|2|2|7700|3850|0
"010510309013"|0|1|0|0|0|0|0|1|1|1|1|0|1|0|0|3990|3990|NA|NA|NA|84|28|160|9259440|57871.5|0
"010550016003"|0|1|0|1|0|0|0|1|1|1|1|0|0|1|0|4000|8000|NA|NA|4800|210|83|252|15784516|62636.9682539683|0
"010690415003"|0|1|0|0|0|0|0|1|1|0|0|1|1|0|0|NA|NA|NA|NA|NA|0|0|0|0|NA|0
"010690416001"|0|0|1|0|0|1|0|1|1|1|0|0|1|0|0|NA|NA|NA|NA|NA|0|0|0|0|NA|0
"010719511013"|0|1|0|0|0|0|0|1|1|1|1|0|0|1|0|3750|7500|NA|NA|NA|79|36|120|7901044|65842.0333333333|0
"010730027012"|0|1|1|0|0|0|0|1|1|1|0|0|0|1|0|13320|13320|14940|14940|NA|0|0|0|0|NA|0
"010730030011"|0|1|0|0|0|0|0|1|1|1|0|0|1|0|0|20000|20000|NA|NA|14000|168|78|206|13453532|65308.4077669903|0
"010730045024"|0|1|1|0|1|1|0|1|1|1|0|0|0|0|1|8832|21216|8424|19962|13120|3334|634|1884|235080654|124777.417197452|0
"010730051043"|0|1|1|0|0|0|0|1|1|1|0|0|1|0|0|11820|11820|9520|9520|NA|18|3|30|2384902|79496.7333333333|0
"010730102002"|0|1|0|0|0|0|0|1|1|0|0|1|1|0|0|NA|NA|NA|NA|NA|0|0|0|0|NA|0
"010730106045"|0|1|0|1|0|0|0|1|1|1|0|0|0|1|0|11164|11164|NA|NA|7348|117|45|136|7279582|53526.3382352941|0
"010730107041"|0|1|1|0|0|0|0|1|1|1|0|0|0|1|0|35750|35750|21265|21265|11264|589|298|724|65372240|90293.1491712707|0
"010730112091"|0|1|0|0|0|0|0|1|1|1|1|0|0|1|0|3990|7680|NA|NA|NA|213|101|260|17166328|66024.3384615385|0
"010730131004"|0|1|0|1|0|0|0|1|1|1|1|0|0|1|0|3750|7500|NA|NA|4760|126|61|154|9905776|64323.2207792208|0
"010730132001"|0|1|0|0|0|0|0|1|1|0|0|1|1|0|0|NA|NA|NA|NA|NA|0|0|0|0|NA|0
"010730143044"|0|1|0|0|0|0|0|1|1|1|1|0|1|0|0|14741|14741|NA|NA|NA|18|8|32|1794316|56072.375|0
"010730144083"|0|1|0|0|0|0|0|1|1|0|0|1|1|0|0|NA|NA|NA|NA|NA|0|0|0|0|NA|0
"010730144091"|0|1|0|0|0|0|0|1|1|0|0|1|1|0|0|NA|NA|NA|NA|NA|0|0|0|0|NA|0
"010770101001"|0|1|1|0|0|0|0|1|1|1|0|0|0|1|0|10200|20400|6600|13320|7730|502|181|578|45761888|79172.8166089965|0
"010770115041"|0|1|1|0|0|0|0|1|1|1|0|0|1|0|0|10152|10152|4482|4482|6540|28|11|10|624160|62416|0
"010810407002"|0|1|1|0|0|1|0|1|1|1|0|0|0|0|1|10392|31176|10386|31158|14998|4162|1212|2870|325597112|113448.471080139|0
"010830207001"|0|1|1|0|0|0|0|1|1|1|0|0|0|1|0|7230|14460|8352|14472|NA|159|43|170|14504384|85319.9058823529|0
"010830211011"|0|1|0|0|0|0|0|1|1|1|1|0|0|1|0|3750|7500|NA|NA|NA|225|127|314|20110332|64045.6433121019|0
"010872317001"|0|1|1|1|0|1|0|1|1|1|0|0|0|1|0|19594|19594|20378|20378|9844|412|89|388|30195466|77823.3659793814|0
"010890002032"|0|2|1|2|0|0|0|2|2|2|1|0|1|1|0|12360|24720|NA|NA|NA|530|268|566|39766552|124967.173488372|0
"010890014043"|0|2|0|0|0|0|0|2|2|0|0|2|2|0|0|NA|NA|NA|NA|NA|0|0|0|0|NA|0
"010890015003"|0|1|1|0|0|0|0|1|1|1|0|0|0|1|0|10120|23012|10632|24430|11122|1120|268|716|68873460|96191.9832402235|0
"010890030001"|0|1|1|0|0|0|0|1|1|1|0|0|1|0|0|4440|4440|4464|4464|NA|5|2|0|0|NA|0
"010890106252"|0|1|1|1|0|0|0|1|1|1|0|0|0|1|0|18974|18974|13680|13680|9384|169|55|224|13016554|58109.6160714286|0
"010890110213"|0|1|0|0|0|0|0|1|1|0|0|1|1|0|0|NA|NA|NA|NA|NA|0|0|0|0|NA|0
"010950308013"|0|1|0|0|0|0|0|1|1|0|0|1|1|0|0|NA|NA|NA|NA|NA|0|0|0|0|NA|0
"010950311003"|0|1|0|0|0|0|0|1|1|1|1|0|0|1|0|4000|8000|NA|NA|4675|67|25|82|5964568|72738.6341463415|0
"010970004012"|0|1|0|1|0|0|0|1|1|1|1|0|0|1|0|3750|7500|NA|NA|NA|107|62|118|7263856|61558.1016949153|0
"010970021001"|0|1|0|0|0|0|0|1|1|0|0|1|1|0|0|18100|18100|NA|NA|NA|0|0|0|0|NA|0
"010970029003"|0|1|0|0|0|0|0|1|1|0|0|1|1|0|0|NA|NA|NA|NA|NA|0|0|0|0|NA|0
"010970032061"|0|1|0|0|0|0|0|1|1|1|1|0|1|0|0|20393|20393|NA|NA|NA|16|2|26|1731532|66597.3846153846|0
"010970033021"|0|1|1|0|0|0|0|1|1|1|0|0|0|1|0|21732|21732|7329|7329|11784|127|69|138|8471076|61384.6086956522|0
"010970037032"|0|1|0|0|0|0|0|1|1|0|0|1|1|0|0|NA|NA|NA|NA|NA|0|0|0|0|NA|0
"010970061061"|0|1|1|0|0|0|0|1|1|1|0|0|0|1|0|23860|23860|13405|13405|10676|110|71|152|8135240|53521.3157894737|0
"010979800001"|0|1|1|0|1|1|0|1|1|1|0|0|0|0|1|8616|17232|8424|16848|8510|1099|275|1136|90091012|79305.4683098591|0
"011010010002"|0|1|0|1|0|0|0|1|1|1|1|0|0|1|0|3750|7500|NA|NA|NA|86|40|98|6179912|63060.3265306122|0
"011010014002"|0|1|1|0|0|0|0|1|1|1|0|0|1|0|0|26800|26800|22500|22500|10772|119|64|100|6728050|67280.5|0
"011010015003"|0|1|1|1|0|0|0|1|1|1|0|0|0|1|0|8328|16656|7416|14832|6050|556|177|422|34057806|80705.7014218009|0
"011010017001"|0|1|0|0|0|0|0|1|1|0|0|1|1|0|0|NA|NA|NA|NA|NA|0|0|0|0|NA|0
"011010026004"|0|1|1|0|0|0|0|1|1|1|0|0|0|1|0|21930|21930|15325|15325|8020|179|97|280|19068316|68101.1285714286|0
"011010054072"|0|2|2|0|0|0|0|2|2|2|0|0|1|1|0|17232|27480|18612|28350|NA|363|133|524|40521570|128797.958967391|0
"011010054104"|0|1|1|0|0|0|0|1|1|1|0|0|1|0|0|15300|15300|15600|15600|NA|22|3|8|530000|66250|0
"011056870024"|0|1|0|0|0|0|0|1|1|1|1|0|1|0|0|6000|12000|NA|NA|4950|77|21|40|2565354|64133.85|0
"011091891012"|0|1|1|0|0|0|0|1|1|1|0|0|0|0|1|9312|18624|8550|17100|7599|834|407|896|68067040|75967.6785714286|0
"011110006002"|0|1|0|0|0|0|0|1|1|1|1|0|0|1|0|3750|7500|NA|NA|4600|124|64|190|12166430|64033.8421052632|0
"011130306013"|0|1|0|0|0|0|0|1|1|1|1|0|0|1|0|3750|7500|NA|NA|NA|67|41|84|5131568|61090.0952380952|0
"011170304071"|0|1|1|0|0|0|0|1|1|1|0|0|0|1|0|12090|25110|10512|25128|10135|349|146|276|21243742|76970.0797101449|0
"011190113011"|0|1|1|0|0|0|0|1|1|1|0|0|0|1|0|9100|18200|6678|13356|7820|277|94|230|15555910|67634.3913043478|0
"011210107001"|0|1|1|1|0|0|0|1|1|1|0|0|1|0|0|12130|12130|16000|16000|8934|119|39|76|4540600|59744.7368421053|0
"011239623022"|0|1|0|0|0|0|0|1|1|1|1|0|0|1|0|3750|7500|NA|NA|NA|68|26|88|5754624|65393.4545454545|0
"011250112002"|0|2|2|0|0|0|0|2|2|1|0|0|0|0|1|NA|NA|NA|NA|NA|4721|1417|3166|318770618|NA|0
"011250117012"|0|1|0|1|0|0|0|1|1|1|0|0|1|0|0|9548|9548|NA|NA|10054|77|22|98|5037600|51404.0816326531|0
"011250125051"|0|1|0|1|0|0|0|1|1|1|1|0|0|1|0|3750|7500|NA|NA|NA|172|72|208|12933610|62180.8173076923|0
"011270203011"|0|1|0|0|0|0|0|1|1|1|1|0|0|1|0|4000|8000|NA|NA|4576|136|59|212|14255196|67241.4905660377|0
"020200015004"|0|1|0|0|0|0|0|1|1|1|1|0|1|0|0|NA|NA|NA|NA|NA|17|9|2|124800|62400|0
"020200016021"|0|2|2|0|0|0|0|2|2|2|0|0|1|0|1|26542|40126|20934|31122|20962|1064|328|908|74889010|149477.794950495|0
"020900013002"|0|2|2|0|0|0|0|2|2|1|0|0|0|1|0|NA|NA|NA|NA|NA|2039|351|568|48920694|NA|0
"021100001002"|0|1|1|0|0|0|0|1|1|1|0|0|0|1|0|7147|22825|11183|23522|9830|170|54|162|12170784|75128.2962962963|0
"021220007022"|0|1|0|0|0|0|0|1|1|1|1|0|1|0|0|8500|8500|NA|NA|11600|13|2|2|136502|68251|0
"021220013002"|0|1|0|0|0|0|0|1|1|0|0|1|1|0|0|NA|NA|NA|NA|NA|0|0|0|0|NA|0
"021700012012"|0|1|0|0|0|0|0|1|1|1|0|0|1|0|0|10200|10200|NA|NA|7000|7|1|0|0|NA|0
"021850001001"|0|1|0|0|0|0|1|1|1|1|0|0|1|0|0|4920|4920|NA|NA|13000|64|13|22|2066690|93940.4545454545|0
"040019441004"|0|1|1|0|0|0|1|1|1|1|0|0|0|1|0|1320|1320|4500|4500|4940|205|49|112|6400568|57147.9285714286|0
"040030017023"|0|1|0|0|0|0|0|1|1|1|1|0|0|1|0|2184|6000|NA|NA|7462|239|92|214|13713096|64079.8878504673|0
"040050003013"|0|1|0|0|0|0|0|1|1|1|0|0|1|0|0|6720|6720|NA|NA|5680|5|0|4|246792|61698|0
"040050009021"|0|1|0|0|0|0|0|1|1|1|1|0|0|1|0|3254|9492|NA|NA|NA|118|44|86|5951582|69204.4418604651|0
"040050010001"|0|1|1|0|0|0|0|1|1|1|0|0|0|0|1|10644|17352|11103|20817|11728|2033|451|2062|176928394|85804.2647914646|0
"040099612012"|0|1|0|0|0|0|0|1|1|1|1|0|0|1|0|2232|9192|NA|NA|7950|171|67|166|12437452|74924.4096385542|0
"040130610211"|0|1|0|0|0|0|0|1|1|1|1|0|0|1|0|2040|7824|NA|NA|NA|191|22|208|18172648|87368.5|0
"040130610241"|0|1|0|0|0|0|0|1|1|0|0|1|1|0|0|NA|NA|NA|NA|NA|0|0|0|0|NA|0
"040130610281"|0|1|1|0|0|0|0|1|1|1|0|0|0|1|0|29600|29600|11253|11253|15000|99|47|24|1538884|64120.1666666667|0
"040130715095"|0|1|0|0|0|0|0|1|1|0|0|1|1|0|0|NA|NA|NA|NA|NA|0|0|0|0|NA|0
"040130820242"|0|1|0|0|0|0|0|1|1|0|0|1|1|0|0|NA|NA|NA|NA|NA|0|0|0|0|NA|0
"040130820271"|0|2|0|0|0|0|0|2|2|2|2|0|1|1|0|NA|NA|NA|NA|NA|64|1|148|10066250|135098.164335664|0
"040130830002"|0|1|0|0|0|0|0|1|1|0|0|1|1|0|0|NA|NA|NA|NA|NA|0|0|0|0|NA|0
"040130923051"|0|1|0|0|0|0|0|1|1|1|1|0|0|0|1|2040|7824|NA|NA|NA|353|49|510|45732636|89671.8352941176|0
"040130923091"|0|1|0|0|0|0|0|1|1|1|1|0|1|0|0|18309|18309|NA|NA|NA|19|5|20|1023652|51182.6|0
"040130927203"|0|1|0|0|0|0|0|1|1|0|0|1|1|0|0|NA|NA|NA|NA|NA|0|0|0|0|NA|0
"040130930013"|0|1|0|0|0|0|0|1|1|1|1|0|1|0|0|NA|NA|NA|NA|NA|21|3|36|1381770|38382.5|0
"040131032072"|0|1|0|0|0|0|0|1|1|0|0|1|1|0|0|NA|NA|NA|NA|NA|0|0|0|0|NA|0
"040131040002"|0|1|0|0|0|0|0|1|1|1|1|0|1|0|0|NA|NA|NA|NA|NA|19|8|44|2972190|67549.7727272727|0
"040131042072"|0|2|0|0|0|0|0|2|2|1|0|1|2|0|0|NA|NA|NA|NA|NA|26|9|30|2756154|NA|0
"040131042172"|0|1|0|0|0|0|0|1|1|1|0|0|0|1|0|29850|29850|NA|NA|12000|115|61|72|4230868|58762.0555555556|0
"040131044022"|0|2|1|0|0|0|0|2|2|1|0|1|1|1|0|NA|NA|NA|NA|NA|0|0|0|0|NA|0
"040131050031"|0|0|1|0|1|0|0|1|1|1|0|0|1|0|0|NA|NA|28500|28500|NA|4|0|4|180000|45000|0
"040131055011"|0|1|1|0|0|0|0|1|1|1|0|0|1|0|0|NA|NA|NA|NA|NA|29|7|50|4090674|81813.48|0
"040131055022"|0|3|1|0|0|0|0|3|3|3|1|0|2|1|0|NA|NA|NA|NA|NA|57|4|72|5364626|NA|0
"040131065012"|0|1|1|0|0|0|0|1|1|1|0|0|1|0|0|7800|7800|5850|5850|NA|14|1|0|0|NA|0
"040131072011"|0|1|1|0|0|0|0|1|1|1|0|0|0|0|1|16407|16407|10655|10655|7800|1194|240|1100|85036762|77306.1472727273|0
"040131072021"|0|1|0|0|0|0|0|1|1|0|0|1|1|0|0|NA|NA|NA|NA|NA|0|0|0|0|NA|0
"040131075002"|0|0|1|0|0|0|0|1|1|1|0|0|1|0|0|NA|NA|17676|17676|NA|21|6|2|114000|57000|0
"040131104002"|0|1|0|0|0|0|0|1|1|1|1|0|0|1|0|2040|7824|NA|NA|NA|269|40|312|27076208|86782.717948718|0
"040131114011"|0|1|0|0|0|0|0|1|1|0|0|1|1|0|0|NA|NA|NA|NA|NA|0|0|0|0|NA|0
"040131118003"|0|1|1|0|0|0|0|1|1|0|0|0|0|0|0|NA|NA|NA|NA|NA|45|18|0|0|NA|0
"040131118004"|0|1|0|0|0|0|0|1|1|1|0|0|1|0|0|7056|7056|NA|NA|NA|1|0|2|159134|79567|0
"040131125102"|0|1|0|0|0|0|0|1|1|0|0|1|1|0|0|NA|NA|NA|NA|NA|0|0|0|0|NA|0
"040131129002"|0|1|0|0|0|0|0|1|1|0|0|1|1|0|0|NA|NA|NA|NA|NA|0|0|0|0|NA|0
"040131138004"|0|1|0|0|0|0|0|1|1|1|1|0|0|1|0|NA|NA|NA|NA|NA|21|6|48|2688198|56004.125|0
"040131138005"|0|1|0|0|0|0|0|1|1|1|1|0|0|1|0|2040|7824|NA|NA|NA|230|22|212|17876646|84323.8018867925|0
"040131152001"|0|1|1|0|0|0|0|1|1|1|0|0|0|1|0|5700|5700|3900|3900|NA|108|14|54|3839518|71102.1851851852|0
"040131152003"|0|1|1|0|0|0|0|1|1|1|0|0|0|0|1|9552|9552|16239|16239|NA|2891|1054|160|11295132|70594.575|0
"040131163003"|0|1|0|0|0|0|0|1|1|1|1|0|0|1|0|2040|7824|NA|NA|NA|132|11|124|11072584|89295.0322580645|0
"040131172003"|0|1|0|0|0|0|0|1|1|0|0|1|1|0|0|NA|NA|NA|NA|NA|0|0|0|0|NA|0
"040132168092"|0|1|0|0|0|0|0|1|1|0|0|1|1|0|0|NA|NA|NA|NA|NA|0|0|0|0|NA|0
"040132168131"|0|0|1|0|0|0|0|1|1|1|0|0|1|0|0|NA|NA|9450|9450|NA|25|6|10|868264|86826.4|0
"040132182004"|0|1|1|0|0|0|0|1|1|1|0|0|0|0|1|10978|13248|9972|9972|NA|569|146|2356|227039828|96366.6502546689|0
"040133187002"|0|1|0|0|0|0|0|1|1|1|0|0|1|0|0|12240|12240|NA|NA|NA|23|2|0|0|NA|0
"040133190011"|0|1|1|0|0|0|0|1|1|1|0|0|0|0|1|10978|29952|12014|24498|14718|8308|1933|6724|742376948|110407.04164188|0
"040133192022"|0|0|1|0|0|0|0|1|1|1|0|0|1|0|0|NA|NA|33421|33421|NA|115|8|34|2694686|79255.4705882353|0
"040133193002"|0|1|0|0|0|0|0|1|1|0|0|1|1|0|0|NA|NA|NA|NA|NA|0|0|0|0|NA|0
"040133195004"|0|1|0|0|0|0|0|1|1|1|1|0|1|0|0|NA|NA|NA|NA|NA|70|6|2|160000|80000|0
"040133197083"|0|1|1|0|0|0|0|1|1|1|0|0|1|0|0|17958|17958|15164|15164|10750|55|8|86|5942388|69097.5348837209|0
"040133197101"|0|5|0|0|0|0|0|5|5|4|3|0|1|2|1|NA|NA|NA|NA|NA|1153|135|176|13677844|NA|0
"040133199102"|0|1|0|0|0|0|0|1|1|0|0|1|1|0|0|NA|NA|NA|NA|NA|0|0|0|0|NA|0
"040133201001"|0|1|1|0|0|0|0|1|1|1|0|0|0|1|0|12159|12159|25100|25100|NA|218|2|36|2203486|61207.9444444444|0
"040134213031"|0|1|0|0|0|0|0|1|1|1|1|0|1|0|0|18309|18309|NA|NA|NA|11|2|14|744576|53184|0
"040134213042"|0|1|0|0|0|0|0|1|1|0|0|1|1|0|0|NA|NA|NA|NA|NA|0|0|0|0|NA|0
"040134214001"|0|0|0|0|0|0|0|1|0|0|0|0|0|0|0|NA|NA|NA|NA|NA|0|0|0|0|NA|0
"040134221033"|0|1|0|0|0|0|0|1|1|1|1|0|1|0|0|NA|NA|NA|NA|NA|21|11|50|4253810|85076.2|0
"040134221072"|0|1|0|0|0|0|0|1|1|0|0|1|1|0|0|NA|NA|NA|NA|NA|0|0|0|0|NA|0
"040134222032"|0|1|0|0|0|0|0|1|1|1|1|0|1|0|0|NA|NA|NA|NA|NA|32|3|46|3658324|79528.7826086956|0
"040134222102"|0|1|0|0|0|0|0|1|1|0|0|1|1|0|0|NA|NA|NA|NA|NA|0|0|0|0|NA|0
"040134222163"|0|1|0|0|0|0|0|1|1|0|0|1|1|0|0|NA|NA|NA|NA|NA|0|0|0|0|NA|0
"040134222251"|0|1|0|0|0|0|0|1|1|1|1|0|0|0|1|2040|7824|NA|NA|NA|405|63|562|50570300|89982.7402135231|0
"040134226223"|0|1|0|0|0|0|0|1|1|1|1|0|1|0|0|NA|NA|NA|NA|NA|11|3|20|1261296|63064.8|0
"040135230061"|0|1|0|0|0|0|0|1|1|0|0|1|1|0|0|NA|NA|NA|NA|NA|0|0|0|0|NA|0
"040136160002"|0|0|1|0|1|1|0|1|1|1|0|0|0|1|0|NA|NA|50281|50281|NA|606|150|436|63967906|146715.380733945|0
"040136189001"|0|1|0|0|0|0|0|1|1|0|0|1|1|0|0|NA|NA|NA|NA|NA|0|0|0|0|NA|0
"040136196021"|0|1|0|0|0|0|0|1|1|1|1|0|0|1|0|2040|7824|NA|NA|NA|165|23|220|19988500|90856.8181818182|0
"040138104002"|0|1|0|0|0|0|0|1|1|0|0|1|1|0|0|NA|NA|NA|NA|NA|0|0|0|0|NA|0
"040138117001"|0|1|0|0|0|0|0|1|1|1|1|0|0|0|1|2040|7824|NA|NA|10440|256|35|286|25048422|87581.8951048951|0
"040138122002"|0|1|1|0|0|0|0|1|1|1|0|0|1|0|0|13200|13200|7920|7920|7400|10|4|14|447072|31933.7142857143|0
"040138124005"|0|1|1|0|0|0|0|1|1|1|0|0|0|0|1|11762|11762|11786|11786|NA|657|24|178|13515698|75930.8876404494|0
"040139413001"|0|2|0|0|0|0|0|2|2|1|1|1|1|1|0|NA|NA|NA|NA|NA|206|35|248|22696988|NA|0
"040159507083"|0|1|0|0|0|0|0|1|1|1|1|0|0|1|0|1944|6804|NA|NA|NA|207|97|146|9572816|65567.2328767123|0
"040159515011"|0|1|0|0|0|0|0|1|1|0|0|0|0|0|0|NA|NA|NA|NA|NA|0|0|0|0|NA|0
"040159530011"|0|2|0|0|0|0|0|2|2|0|0|1|1|0|0|NA|NA|NA|NA|NA|0|0|0|0|NA|0
"040159536032"|0|1|0|0|0|0|0|1|1|0|0|0|0|0|0|NA|NA|NA|NA|NA|0|0|0|0|NA|0
"040179601003"|0|1|0|0|0|0|0|1|1|1|1|0|0|1|0|1948|9371|NA|NA|NA|133|45|168|10920088|65000.5238095238|0
"040179617011"|0|0|0|0|0|0|0|1|0|0|0|0|0|0|0|NA|NA|NA|NA|NA|0|0|0|0|NA|0
"040190001001"|0|1|0|0|0|0|0|1|1|0|0|1|1|0|0|NA|NA|NA|NA|NA|0|0|0|0|NA|0
"040190002004"|0|1|0|0|0|0|0|1|1|1|1|0|1|0|0|NA|NA|NA|NA|NA|22|1|20|1465022|73251.1|0
"040190004021"|0|1|0|0|0|0|0|1|1|0|0|1|1|0|0|NA|NA|NA|NA|NA|0|0|0|0|NA|0
"040190005024"|0|1|1|0|0|1|0|1|1|1|0|0|0|0|1|11210|35628|12348|32290|13650|8314|1979|3938|423355454|107505.19400711|0
"040190006004"|0|2|0|0|0|0|0|2|2|0|0|2|2|0|0|NA|NA|NA|NA|NA|0|0|0|0|NA|0
"040190017002"|0|0|1|0|0|0|0|1|1|1|0|0|1|0|0|NA|NA|19931|19931|NA|6|1|0|0|NA|0
"040190030022"|0|1|0|0|0|0|0|1|1|0|0|1|1|0|0|NA|NA|NA|NA|NA|0|0|0|0|NA|0
"040190030031"|0|1|1|0|0|0|0|1|1|1|0|0|0|1|0|NA|NA|NA|NA|NA|74|44|106|8594418|81079.4150943396|0
"040190033041"|0|2|0|0|0|0|0|2|2|2|1|0|2|0|0|NA|NA|NA|NA|NA|35|9|38|2931778|144598.30952381|0
"040190033043"|0|1|0|0|0|0|0|1|1|1|1|0|0|0|1|2136|7452|NA|NA|NA|967|89|478|34960646|73139.4267782427|0
"040190040732"|0|1|0|0|0|0|0|1|1|0|0|1|1|0|0|NA|NA|NA|NA|NA|0|0|0|0|NA|0
"040190045052"|0|1|0|0|0|0|0|1|1|0|0|1|1|0|0|NA|NA|NA|NA|NA|0|0|0|0|NA|0
"040190046162"|0|1|0|0|0|0|0|1|1|0|0|1|1|0|0|NA|NA|NA|NA|NA|0|0|0|0|NA|0
"040199408003"|0|1|0|0|0|0|1|1|1|1|1|0|1|0|0|822|822|NA|NA|4400|86|26|36|2058620|57183.8888888889|0
"040210012001"|0|1|0|0|0|0|0|1|1|1|1|0|0|1|0|1500|3000|NA|NA|7300|272|60|168|10578286|62965.9880952381|0
"040210014072"|0|1|0|0|0|0|0|1|1|0|0|1|1|0|0|NA|NA|NA|NA|NA|0|0|0|0|NA|0
"040250003012"|0|1|1|0|0|0|0|1|1|1|0|0|0|1|0|38976|38976|19488|19488|13160|355|50|304|25470704|83785.2105263158|0
"040250009011"|0|1|0|0|0|0|0|1|1|1|1|0|0|1|0|2680|9340|NA|NA|10520|343|102|202|14806746|73300.7227722772|0
"040250010022"|0|1|1|0|0|0|0|1|1|1|0|0|1|0|0|33960|33960|16824|16824|9520|78|31|118|5931500|50266.9491525424|0
"040270109114"|0|1|0|0|0|0|0|1|1|1|1|0|0|1|0|2760|9570|NA|NA|7968|299|132|250|17377202|69508.808|0
"040270115032"|0|1|0|0|0|0|0|1|1|0|0|1|1|0|0|NA|NA|NA|NA|NA|0|0|0|0|NA|0
"050059501001"|0|1|0|0|0|0|0|1|1|1|1|0|0|1|0|2472|4080|NA|NA|NA|62|12|76|3752716|49377.8421052632|0
"050070203011"|0|1|0|0|0|0|0|1|1|0|0|1|1|0|0|NA|NA|NA|NA|NA|0|0|0|0|NA|0
"050070204012"|0|1|0|0|0|0|0|1|1|1|1|0|1|0|0|14580|14580|NA|NA|NA|0|0|0|0|NA|0
"050070205041"|0|1|0|0|0|0|0|1|1|1|1|0|0|1|0|3480|3936|NA|NA|NA|250|48|304|19340262|63619.2828947368|0
"050070212011"|0|1|1|0|0|0|0|1|1|1|0|0|0|1|0|28424|28424|13920|13920|9920|220|73|150|10481100|69874|0
"050070213171"|0|1|1|0|0|0|0|1|1|1|0|0|1|0|0|15750|15750|12000|12000|6000|24|11|14|164668|11762|0
"050097906001"|0|1|0|0|0|0|0|1|1|1|1|0|0|1|0|2664|4392|NA|NA|6000|128|31|142|7099810|49998.661971831|0
"050134802003"|0|1|0|0|0|0|0|1|1|1|1|0|1|0|0|3300|4680|NA|NA|5698|89|33|118|5659040|47957.9661016949|0
"050199536012"|0|1|1|0|0|0|0|1|1|1|0|0|0|1|0|5880|8088|5670|7848|9558|161|93|190|12355332|65028.0631578947|0
"050199536022"|0|1|1|0|0|0|0|1|1|1|0|0|0|1|0|30500|30500|13500|13500|8800|185|74|218|13336062|61174.5963302752|0
"050279504012"|0|1|1|0|0|0|0|1|1|1|0|0|0|1|0|7020|12450|5472|8604|7809|233|85|320|22040388|68876.2125|0
"050299503001"|0|1|0|0|0|0|0|1|1|1|1|0|0|1|0|2568|3120|NA|NA|NA|97|24|122|6044272|49543.2131147541|0
"050310004031"|0|1|0|0|0|0|0|1|1|0|0|1|1|0|0|NA|NA|NA|NA|NA|0|0|0|0|NA|0
"050310006024"|0|1|1|0|0|0|0|1|1|1|0|0|0|0|1|6888|12744|6282|11520|10100|1007|200|996|70849364|71133.8995983936|0
"050350303012"|0|1|0|0|0|0|0|1|1|1|1|0|1|0|0|2832|3792|NA|NA|NA|88|39|62|2893594|46670.8709677419|0
"050379505004"|0|1|0|0|0|0|0|1|1|0|0|0|0|0|0|NA|NA|NA|NA|NA|0|0|0|0|NA|0
"050434903001"|0|1|1|0|0|0|0|1|1|1|0|0|0|1|0|5091|10941|6744|12624|7320|219|104|302|17513290|57991.0264900662|0
"050450305023"|0|1|0|0|0|0|0|1|1|0|0|1|1|0|0|NA|NA|NA|NA|NA|0|0|0|0|NA|0
"050450307012"|0|1|1|0|0|0|0|1|1|1|0|0|0|1|0|34750|34750|34750|34750|13600|260|72|188|13347716|70998.4893617021|0
"050450307022"|0|1|0|0|0|0|0|1|1|1|0|0|1|0|0|16200|16200|NA|NA|7500|52|12|54|2831622|52437.4444444444|0
"050450308003"|0|1|1|0|0|0|0|1|1|1|0|0|0|1|0|6950|13900|5133|10265|8250|814|242|1058|72171612|68215.1342155009|0
"050510110021"|0|1|0|0|0|0|0|1|1|1|1|0|0|1|0|3300|4410|NA|NA|6453|128|53|174|8460856|48625.6091954023|0
"050510114002"|0|1|0|0|0|0|0|1|1|1|0|0|1|0|0|6840|6840|NA|NA|6800|14|5|8|210000|26250|0
"050510116011"|0|1|0|0|0|0|0|1|1|0|0|1|1|0|0|NA|NA|NA|NA|NA|0|0|0|0|NA|0
"050554806022"|0|1|0|0|0|0|0|1|1|1|0|0|1|0|0|13000|13000|NA|NA|6900|28|12|24|1248800|52033.3333333333|0
"050574805003"|0|1|0|0|0|0|0|1|1|1|1|0|0|1|0|2550|3630|NA|NA|NA|82|28|86|4172768|48520.5581395349|0
"050590202003"|0|1|0|0|0|0|0|1|1|1|1|0|0|1|0|2496|4920|NA|NA|NA|70|21|106|4907632|46298.4150943396|0
"050634903001"|0|1|0|0|0|0|0|1|1|1|1|0|0|1|0|2256|2880|NA|NA|NA|64|27|92|4910178|53371.5|0
"050634903004"|0|1|0|0|0|0|0|1|1|1|0|0|1|0|0|29900|29900|NA|NA|10750|111|62|100|5816534|58165.34|0
"050659602002"|0|1|0|0|0|0|0|1|1|1|1|0|1|0|0|2790|5790|NA|NA|5700|61|5|72|3372568|46841.2222222222|0
"050674804021"|0|1|0|0|0|0|0|1|1|1|1|0|0|1|0|2400|3864|NA|NA|NA|99|40|148|7687150|51940.2027027027|0
"050690005023"|0|1|1|1|0|0|0|1|1|1|0|0|0|1|0|5640|12810|5712|12960|8866|474|175|312|19264640|61745.641025641|0
"050690009001"|0|1|0|0|0|0|0|1|1|0|0|1|1|0|0|NA|NA|NA|NA|NA|0|0|0|0|NA|0
"050690015021"|0|1|0|0|0|0|0|1|1|1|1|0|1|0|0|3000|6000|NA|NA|NA|75|31|84|4091584|48709.3333333333|0
"050690016004"|0|1|0|0|0|0|0|1|1|0|0|1|1|0|0|NA|NA|NA|NA|NA|0|0|0|0|NA|0
"050690018003"|0|1|0|0|0|0|0|1|1|1|1|0|1|0|0|NA|NA|NA|NA|NA|4|2|20|1563796|78189.8|0
"050719519003"|0|1|0|0|0|0|0|1|1|1|0|0|1|0|0|24950|24950|NA|NA|8358|123|43|100|6161872|61618.72|0
"050754701002"|0|1|1|0|0|0|0|1|1|1|0|0|1|0|0|17980|17980|NA|NA|8980|80|22|56|2871670|51279.8214285714|0
"050930103002"|0|1|0|0|0|0|0|1|1|1|1|0|0|1|0|2352|3752|NA|NA|NA|107|55|80|4010594|50132.425|0
"051074801002"|0|1|0|0|0|0|0|1|1|1|1|0|0|1|0|2640|4200|NA|NA|NA|113|33|108|5226390|48392.5|0
"051139502021"|0|1|0|0|0|0|0|1|1|1|1|0|1|0|0|2376|2616|NA|NA|8950|70|25|38|1747890|45997.1052631579|0
"051159513011"|0|1|0|0|0|0|0|1|1|0|0|1|1|0|0|NA|NA|NA|NA|NA|0|0|0|0|NA|0
"051159514001"|0|1|0|0|0|0|0|1|1|0|0|1|1|0|0|NA|NA|NA|NA|NA|0|0|0|0|NA|0
"051159514002"|0|1|1|0|0|0|0|1|1|1|0|0|0|1|0|5820|11640|5481|10962|9157|451|183|668|42547052|63693.1916167665|0
"051190019003"|0|1|0|0|0|0|0|1|1|0|0|1|1|0|0|NA|NA|NA|NA|NA|0|0|0|0|NA|0
"051190020021"|0|1|0|0|0|0|0|1|1|0|0|1|1|0|0|NA|NA|NA|NA|NA|0|0|0|0|NA|0
"051190021023"|0|1|1|0|0|0|0|1|1|1|0|0|0|1|0|6495|18750|5760|13050|9162|625|122|702|52654722|75006.7264957265|0
"051190021032"|0|1|0|0|0|0|0|1|1|0|0|1|1|0|0|NA|NA|NA|NA|NA|0|0|0|0|NA|0
"051190024052"|0|1|0|0|0|0|0|1|1|1|1|0|1|0|0|10098|10098|NA|NA|NA|22|11|104|8690560|83563.0769230769|0
"051190025001"|0|1|0|0|0|0|0|1|1|0|0|1|1|0|0|NA|NA|NA|NA|NA|0|0|0|0|NA|0
"051190028001"|0|1|0|0|0|0|0|1|1|0|0|1|1|0|0|NA|NA|NA|NA|NA|0|0|0|0|NA|0
"051190028002"|0|2|1|1|0|0|0|2|2|2|1|0|2|0|0|10800|10800|NA|NA|NA|79|15|28|1312000|65916.6666666667|0
"051190031001"|0|1|0|0|0|0|0|1|1|1|1|0|0|1|0|4140|5370|NA|NA|NA|160|52|284|13230268|46585.4507042254|0
"051190036042"|0|1|0|0|0|0|0|1|1|0|0|1|1|0|0|NA|NA|NA|NA|NA|0|0|0|0|NA|0
"051190036091"|0|1|0|0|0|0|0|1|1|0|0|1|1|0|0|NA|NA|NA|NA|NA|0|0|0|0|NA|0
"051190037131"|0|1|0|0|0|0|0|1|1|0|0|1|1|0|0|NA|NA|NA|NA|NA|0|0|0|0|NA|0
"051190038003"|0|1|0|0|0|0|0|1|1|0|0|1|1|0|0|NA|NA|NA|NA|NA|0|0|0|0|NA|0
"051190041071"|0|1|0|0|0|0|0|1|1|0|0|1|1|0|0|NA|NA|NA|NA|NA|0|0|0|0|NA|0
"051190044001"|0|1|1|0|0|0|0|1|1|1|0|0|1|0|0|13320|13320|14940|14940|NA|0|0|0|0|NA|0
"051190044002"|0|1|1|0|0|0|0|1|1|0|0|0|0|0|0|NA|NA|NA|NA|NA|22|6|0|0|NA|0
"051190045001"|0|2|0|1|0|0|0|2|2|1|0|1|2|0|0|NA|NA|NA|NA|NA|83|23|28|1373600|NA|0
"051190045002"|0|1|0|1|0|0|0|1|1|1|0|0|1|0|0|11804|11804|NA|NA|8250|95|19|72|3251458|45159.1388888889|0
"051190049012"|0|3|2|0|0|0|0|3|3|1|0|0|0|1|0|NA|NA|NA|NA|NA|248|22|22|1297134|NA|0
"051199802001"|0|1|1|0|1|1|0|1|1|1|0|0|0|1|0|7068|14586|8042|16218|NA|2108|190|262|26386324|100711.160305344|0
"051219603021"|0|1|0|0|0|0|0|1|1|1|1|0|0|1|0|2448|4896|NA|NA|NA|80|28|114|5201116|45623.8245614035|0
"051239602021"|0|1|0|0|0|0|0|1|1|1|1|0|0|1|0|2940|3540|NA|NA|NA|85|26|88|4494390|51072.6136363636|0
"051310006004"|0|1|0|0|0|0|0|1|1|0|0|1|1|0|0|NA|NA|NA|NA|NA|0|0|0|0|NA|0
"051310007006"|0|1|1|0|0|0|0|1|1|1|0|0|0|1|0|4200|11376|7092|11394|9645|276|67|404|27711652|68593.198019802|0
"051310008001"|0|1|0|0|0|0|0|1|1|0|0|1|1|0|0|NA|NA|NA|NA|NA|0|0|0|0|NA|0
"051310008003"|0|1|0|0|0|0|0|1|1|0|0|1|1|0|0|NA|NA|NA|NA|NA|0|0|0|0|NA|0
"051310013072"|0|0|1|0|0|1|0|1|1|1|0|0|1|0|0|NA|NA|32000|32000|NA|0|0|0|0|NA|0
"051330803001"|0|1|0|0|0|0|0|1|1|1|1|0|0|1|0|2700|3150|NA|NA|NA|88|14|96|5007972|52166.375|0
"051399508001"|0|2|0|0|0|0|0|2|2|1|1|1|1|1|0|NA|NA|NA|NA|NA|101|21|88|4481348|NA|0
"051430101151"|0|1|0|0|0|0|0|1|1|0|0|1|1|0|0|NA|NA|NA|NA|NA|0|0|0|0|NA|0
"051430103041"|0|1|0|0|0|0|0|1|1|0|0|1|1|0|0|NA|NA|NA|NA|NA|0|0|0|0|NA|0
"051430103073"|0|1|0|0|0|0|0|1|1|0|0|1|1|0|0|4184|4184|NA|NA|NA|0|0|0|0|NA|0
"051430105112"|0|1|0|0|0|0|0|1|1|0|0|1|1|0|0|NA|NA|NA|NA|NA|0|0|0|0|NA|0
"051430113012"|0|1|1|0|0|0|0|1|1|1|0|0|0|0|1|7666|25420|7875|21420|12368|3832|753|2658|263868290|99273.2468021068|0
"051450708012"|0|1|1|0|0|0|0|1|1|1|0|0|0|1|0|22500|22500|12399|12399|7984|498|178|564|41615414|73786.195035461|0
"051450708022"|0|1|0|0|0|0|0|1|1|0|0|1|1|0|0|NA|NA|NA|NA|NA|0|0|0|0|NA|0
"051450712011"|0|1|0|0|0|0|0|1|1|1|1|0|0|1|0|2544|4248|NA|NA|5600|162|57|200|9869084|49345.42|0
"060014011004"|0|1|0|0|0|0|0|1|1|0|0|1|1|0|0|NA|NA|NA|NA|NA|0|0|0|0|NA|0
"060014013001"|0|1|1|0|0|0|0|1|1|1|0|0|0|1|0|47931|47931|56837|56837|NA|167|51|364|48922252|134401.791208791|0
"060014026001"|0|1|1|0|0|0|0|1|1|1|0|0|1|0|0|12374|12374|NA|NA|NA|33|14|4|343960|85990|0
"060014029001"|0|1|2|0|0|0|0|2|2|2|0|0|2|0|0|NA|NA|27201|27201|NA|46|24|18|1230000|NA|0
"060014030003"|0|1|2|0|0|0|0|2|2|1|0|0|1|0|0|NA|NA|NA|NA|NA|2413|735|542|66446180|200630.673034695|0
"060014033022"|0|1|0|0|0|0|0|1|1|1|1|0|0|1|0|1104|8472|NA|NA|NA|132|61|258|27273918|105712.860465116|0
"060014060001"|0|1|0|0|0|0|0|1|1|0|0|0|0|0|0|NA|NA|NA|NA|NA|150|33|6|734420|122403.333333333|0
"060014061001"|0|1|0|0|0|0|0|1|1|0|0|1|1|0|0|NA|NA|NA|NA|NA|0|0|0|0|NA|0
"060014078002"|0|1|1|0|0|0|0|1|0|0|0|0|0|0|0|NA|NA|NA|NA|NA|0|0|0|0|NA|0
"060014080002"|0|1|1|0|0|0|0|1|1|1|0|0|1|0|0|41579|41579|18054|18054|14274|92|25|66|5564298|84307.5454545455|0
"060014081001"|0|1|0|0|0|0|0|1|1|1|1|0|0|1|0|1104|8472|NA|NA|NA|84|32|126|13121128|104135.936507937|0
"060014216003"|0|0|1|0|0|0|0|1|1|1|0|0|1|0|0|NA|NA|20400|20400|NA|5|1|24|1194300|49762.5|0
"060014225003"|0|0|3|0|0|0|0|3|3|3|0|0|3|0|0|NA|NA|56222|56222|NA|80|11|48|4676048|302162.987012987|0
"060014227003"|0|0|1|0|0|0|0|1|1|1|0|0|1|0|0|NA|NA|39500|39500|NA|29|3|44|5310738|120698.590909091|0
"060014229011"|0|0|1|0|0|0|0|1|1|1|0|0|1|0|0|NA|NA|19800|19800|NA|5|0|2|165120|82560|0
"060014229022"|0|1|0|0|0|0|0|1|1|1|0|0|1|0|0|22700|22700|NA|NA|NA|7|1|4|325052|81263|0
"060014229023"|0|1|0|0|0|0|0|1|1|1|1|0|0|1|0|1104|8464|NA|NA|NA|63|26|130|14017322|107825.553846154|0
"060014235001"|0|0|1|0|1|0|0|1|1|1|0|0|1|0|0|NA|NA|13786|13786|NA|8|0|2|3e+05|150000|0
"060014236022"|0|1|1|0|0|0|0|1|1|1|0|0|1|0|0|2856|2856|18746|18746|20652|10|1|14|1064482|76034.4285714286|0
"060014251021"|0|1|0|0|0|0|0|1|1|1|0|0|1|0|0|15630|15630|NA|NA|NA|0|0|0|0|NA|0
"060014251033"|0|1|0|0|0|0|0|1|1|0|0|1|0|1|0|NA|NA|NA|NA|NA|0|0|0|0|NA|0
"060014287001"|0|1|0|0|0|0|0|1|1|1|1|0|0|1|0|1104|8472|NA|NA|NA|63|18|136|13949692|102571.264705882|0
"060014331021"|0|1|0|0|0|0|0|1|1|1|1|0|1|0|0|NA|NA|NA|NA|NA|18|1|22|1590428|72292.1818181818|0
"060014351022"|0|1|1|0|0|0|0|1|1|1|0|0|0|0|1|5742|17622|7176|16680|15402|795|308|706|72478584|102660.883852691|0
"060014371014"|0|1|1|0|0|0|0|2|2|1|0|1|2|0|0|NA|NA|NA|NA|NA|74|24|174|14034560|NA|0
"060014372002"|0|1|0|0|0|0|0|1|1|1|1|0|0|0|1|1104|8112|NA|NA|NA|161|105|366|40062014|109459.054644809|0
"060014415031"|0|1|1|0|0|0|0|1|1|1|0|0|1|0|0|7920|7920|8100|8100|9200|27|1|8|524400|65550|0
"060014415032"|0|2|0|0|0|0|0|2|2|1|0|1|1|1|0|NA|NA|NA|NA|NA|35|10|96|9894972|NA|0
"060014431033"|0|1|0|0|0|0|0|1|1|1|1|0|0|1|0|1104|7080|NA|NA|NA|186|81|230|26753536|116319.72173913|0
"060014512021"|0|1|0|0|0|0|0|1|1|1|1|0|0|1|0|1104|8112|NA|NA|NA|121|74|260|29902166|115008.330769231|0
"060019821001"|0|1|1|0|0|0|0|1|1|1|0|0|0|0|1|11564|41636|11700|26802|21402|10686|2105|3766|669176546|177688.939458311|0
"060070010002"|0|1|1|0|0|0|0|1|1|1|0|0|0|0|1|5742|17622|7176|16680|15212|952|359|1034|100948296|97628.9129593811|0
"060070013003"|0|1|0|0|0|0|0|1|1|0|0|1|1|0|0|NA|NA|NA|NA|NA|0|0|0|0|NA|0
"060070022002"|0|1|0|0|0|0|0|1|1|1|1|0|0|1|0|1104|7584|NA|NA|NA|376|168|396|43973582|111044.398989899|0
"060133131021"|0|1|0|0|0|0|0|1|1|1|1|0|0|1|0|1288|8304|NA|NA|NA|133|76|290|23155892|79847.9034482759|0
"060133160001"|0|1|0|0|0|0|0|1|1|0|0|0|0|0|0|NA|NA|NA|NA|NA|83|17|0|0|NA|0
"060133220001"|0|1|0|0|0|0|0|1|1|1|1|0|0|0|1|1288|8304|NA|NA|NA|233|141|548|49962160|91171.8248175183|0
"060133220002"|0|1|0|0|0|0|0|1|1|1|1|0|1|0|0|NA|NA|NA|NA|NA|22|1|30|2477666|82588.8666666667|0
"060133240021"|0|1|0|0|0|0|0|1|1|0|0|1|1|0|0|NA|NA|NA|NA|NA|0|0|0|0|NA|0
"060133280002"|0|1|0|0|0|0|0|1|1|0|0|1|1|0|0|NA|NA|NA|NA|NA|0|0|0|0|NA|0
"060133350003"|0|1|0|0|0|0|0|1|1|0|0|1|1|0|0|NA|NA|NA|NA|NA|0|0|0|0|NA|0
"060133452032"|0|1|0|0|0|0|0|1|1|0|0|1|1|0|0|NA|NA|NA|NA|NA|0|0|0|0|NA|0
"060133521011"|0|1|1|0|0|0|0|1|1|1|0|0|0|1|0|53372|53372|32335|32335|16404|341|113|410|40548740|98899.3658536585|0
"060133551094"|0|1|0|0|0|0|0|1|1|1|1|0|1|0|0|NA|NA|NA|NA|NA|22|5|12|797422|66451.8333333333|0
"060133672002"|0|1|0|0|0|0|0|1|1|1|1|0|0|1|0|1288|8304|NA|NA|NA|117|67|210|17746878|84508.9428571429|0
"060170302011"|0|1|0|0|0|0|0|1|1|1|1|0|0|1|0|1116|9072|NA|NA|11751|94|21|66|6553890|99301.3636363636|0
"060170307112"|0|1|1|0|0|0|0|1|1|1|0|0|1|0|0|9600|9600|5130|5130|7380|17|4|8|430000|53750|0
"060190001001"|0|1|0|0|0|0|0|1|1|0|0|0|0|0|0|NA|NA|NA|NA|NA|0|0|0|0|NA|0
"060190006021"|0|1|0|0|0|0|0|1|1|1|0|0|1|0|0|10104|10104|NA|NA|NA|5|0|8|393930|49241.25|0
"060190014081"|0|1|1|0|0|0|0|1|1|1|0|0|0|1|0|33614|33614|15369|15369|9238|269|124|218|18547548|85080.495412844|0
"060190030042"|0|1|0|0|0|0|0|1|1|1|0|0|1|0|0|10200|10200|NA|NA|NA|6|0|0|0|NA|0
"060190031042"|0|1|0|0|0|0|0|1|1|1|1|0|1|0|0|NA|NA|NA|NA|NA|8|1|12|794658|66221.5|0
"060190035003"|0|1|0|0|0|0|0|1|1|1|1|0|0|0|1|1104|8664|NA|NA|NA|489|180|728|74651016|102542.604395604|0
"060190045041"|0|1|0|0|0|0|0|1|1|1|1|0|1|0|0|NA|NA|NA|NA|NA|19|2|14|904384|64598.8571428571|0
"060190045052"|0|1|0|0|0|0|0|1|1|0|0|1|1|0|0|NA|NA|NA|NA|NA|0|0|0|0|NA|0
"060190051003"|0|1|0|0|0|0|0|1|1|0|0|1|0|1|0|NA|NA|NA|NA|NA|0|0|0|0|NA|0
"060190054061"|0|1|0|0|0|0|0|1|1|0|0|1|1|0|0|NA|NA|NA|NA|NA|0|0|0|0|NA|0
"060190054081"|0|1|1|0|0|0|0|1|1|1|0|0|0|0|1|5742|17622|7176|16680|11080|1020|392|1584|148028592|93452.3939393939|0
"060190055041"|0|1|0|0|0|0|0|1|1|1|1|0|0|1|0|1104|8664|NA|NA|NA|102|35|228|23034564|101028.789473684|0
"060190056021"|0|0|1|0|0|1|0|1|1|1|0|0|1|0|0|NA|NA|NA|NA|NA|85|35|58|8995584|155096.275862069|0
"060190056061"|0|1|0|0|0|0|0|1|1|1|1|0|0|1|0|NA|NA|NA|NA|NA|79|7|110|7697954|69981.4|0
"060190056082"|0|1|0|0|0|0|0|1|1|0|0|1|1|0|0|NA|NA|NA|NA|NA|0|0|0|0|NA|0
"060190057012"|0|1|0|0|0|0|0|1|1|0|0|1|1|0|0|NA|NA|NA|NA|NA|0|0|0|0|NA|0
"060190057014"|0|0|1|0|0|0|0|1|1|1|0|0|1|0|0|NA|NA|NA|NA|NA|25|8|12|1450810|120900.833333333|0
"060190057043"|0|1|0|0|0|0|0|1|1|0|0|1|1|0|0|NA|NA|NA|NA|NA|0|0|0|0|NA|0
"060190066032"|0|1|0|0|0|0|0|1|1|1|1|0|0|1|0|1104|8664|NA|NA|6790|141|52|296|29211504|98687.5135135135|0
"060190066063"|0|1|0|0|0|0|0|1|1|0|0|1|1|0|0|NA|NA|NA|NA|NA|0|0|0|0|NA|0
"060190070023"|0|1|0|0|0|0|0|1|1|0|0|1|1|0|0|NA|NA|NA|NA|NA|0|0|0|0|NA|0
"060190080001"|0|1|0|0|0|0|0|1|1|1|1|0|0|1|0|1380|10110|NA|NA|7490|92|11|66|8043402|121869.727272727|0
"060190081001"|0|1|0|0|0|0|0|1|1|0|0|0|0|0|0|NA|NA|NA|NA|NA|62|6|0|0|NA|0
"060230001002"|0|1|0|0|0|0|0|1|1|0|0|1|1|0|0|NA|NA|NA|NA|NA|0|0|0|0|NA|0
"060230010022"|0|1|1|0|0|0|0|1|1|1|0|0|0|1|0|5742|17622|7176|16680|12540|616|217|550|52543656|95533.92|0
"060230103004"|0|1|0|0|0|0|0|1|1|0|0|1|1|0|0|16600|16600|NA|NA|NA|0|0|0|0|NA|0
"060230107014"|0|1|0|0|0|0|0|1|1|1|1|0|0|1|0|1104|8088|NA|NA|7959|178|77|152|11650376|76647.2105263158|0
"060250110011"|0|1|0|0|0|0|0|1|1|1|1|0|0|1|0|1104|6624|NA|NA|9940|202|87|360|30827496|85631.9333333333|0
"060250114001"|0|1|0|0|0|0|0|1|1|0|0|1|1|0|0|NA|NA|NA|NA|NA|0|0|0|0|NA|0
"060290001061"|0|1|1|0|0|0|0|1|1|1|0|0|1|0|0|15030|15030|7920|7920|7950|59|6|34|2187954|64351.5882352941|0
"060290005072"|0|1|0|0|0|0|0|1|1|0|0|1|0|1|0|NA|NA|NA|NA|NA|0|0|0|0|NA|0
"060290008005"|0|1|0|0|0|0|0|1|1|1|0|0|0|0|1|1380|9510|NA|NA|NA|394|144|824|77948740|94597.9854368932|0
"060290016002"|0|2|0|0|0|0|0|2|2|0|0|2|2|0|0|NA|NA|NA|NA|NA|0|0|0|0|NA|0
"060290018042"|0|1|0|0|0|0|0|1|1|0|0|0|0|0|0|NA|NA|NA|NA|NA|0|0|0|0|NA|0
"060290027011"|0|1|0|0|0|0|0|1|1|1|1|0|1|0|0|NA|NA|NA|NA|NA|15|3|2|180346|90173|0
"060290028041"|0|1|0|0|0|0|0|1|1|1|1|0|1|0|0|NA|NA|NA|NA|NA|33|4|38|2679404|70510.6315789474|0
"060290028062"|0|1|1|0|0|0|0|1|1|1|0|0|0|1|0|5742|17622|7176|16680|14230|602|250|680|62604828|92065.9235294118|0
"060290035002"|0|1|0|0|0|0|0|1|1|1|1|0|0|1|0|1104|7968|NA|NA|6980|128|36|98|11405250|116380.102040816|0
"060290050062"|0|1|0|0|0|0|0|1|1|0|0|1|1|0|0|NA|NA|NA|NA|NA|0|0|0|0|NA|0
"060290055093"|0|1|0|0|0|0|0|1|1|1|1|0|0|1|0|1380|9510|NA|NA|NA|88|33|134|14622300|109121.641791045|0
"060310004022"|0|1|0|0|0|0|0|1|1|1|1|0|0|1|0|1380|10110|NA|NA|NA|80|14|78|9208534|118058.128205128|0
"060310009021"|0|2|0|0|0|0|0|2|2|0|0|2|2|0|0|NA|NA|NA|NA|NA|0|0|0|0|NA|0
"060350403031"|0|1|0|0|0|0|0|1|1|1|1|0|0|1|0|1104|9072|NA|NA|10598|89|36|96|8499894|88540.5625|0
"060371021041"|0|1|1|0|0|0|0|1|1|1|0|0|1|0|0|43392|43392|42390|42390|14138|106|36|126|11259678|89362.5238095238|0
"060371061111"|0|1|0|0|0|0|0|1|1|1|1|0|0|1|0|1196|9828|NA|NA|NA|149|64|196|24056328|122736.367346939|0
"060371132322"|0|1|0|0|0|0|0|1|1|1|1|0|1|0|0|NA|NA|NA|NA|NA|5|0|8|566378|70797.25|0
"060371133012"|0|1|0|0|0|0|0|1|1|0|0|1|1|0|0|NA|NA|NA|NA|NA|0|0|0|0|NA|0
"060371201041"|0|1|0|0|0|0|0|1|1|1|1|0|1|0|0|NA|NA|NA|NA|NA|13|1|20|1388284|69414.2|0
"060371236013"|0|1|0|0|0|0|0|1|1|1|1|0|0|0|1|1196|9828|NA|NA|NA|234|115|356|42125250|118329.353932584|0
"060371238001"|0|1|0|0|0|0|0|1|1|1|1|0|1|0|0|NA|NA|NA|NA|NA|48|17|36|1969084|54696.7777777778|0
"060371239012"|0|2|0|0|0|0|0|2|2|2|1|0|1|1|0|NA|NA|NA|NA|NA|95|42|118|11976280|122784.363636364|0
"060371243003"|0|1|0|0|0|0|0|1|1|0|0|1|1|0|0|NA|NA|NA|NA|NA|0|0|0|0|NA|0
"060371278061"|0|1|0|0|0|0|0|1|1|0|0|1|1|0|0|NA|NA|NA|NA|NA|0|0|0|0|NA|0
"060371284004"|0|1|0|0|0|0|0|1|1|0|0|1|1|0|0|NA|NA|NA|NA|NA|0|0|0|0|NA|0
"060371319001"|0|1|0|0|0|0|0|1|1|1|0|0|1|0|0|31518|31518|NA|NA|NA|4|3|2|45800|22900|0
"060371323011"|0|1|0|0|0|0|0|1|1|0|0|1|1|0|0|NA|NA|NA|NA|NA|0|0|0|0|NA|0
"060371330001"|0|1|0|0|0|0|0|1|1|0|0|1|1|0|0|NA|NA|NA|NA|NA|0|0|0|0|NA|0
"060371345203"|0|1|0|0|0|0|0|1|1|1|1|0|1|0|0|NA|NA|NA|NA|NA|6|2|4|720000|180000|0
"060371349052"|0|1|0|0|0|0|0|1|1|1|1|0|0|0|1|1196|9828|NA|NA|NA|251|118|436|51426640|117951.009174312|0
"060371393021"|0|1|0|0|0|0|0|1|1|1|0|0|1|0|0|25680|25680|NA|NA|NA|29|2|12|886510|73875.8333333333|0
"060371394012"|0|1|0|0|0|0|0|1|1|0|0|1|1|0|0|NA|NA|NA|NA|NA|0|0|0|0|NA|0
"060371413051"|0|2|0|0|0|0|0|2|2|1|0|1|2|0|0|NA|NA|NA|NA|NA|30|8|26|2015974|NA|0
"060371816001"|0|1|1|0|0|0|0|1|1|1|0|0|0|1|0|59970|59970|59970|59970|17330|483|161|388|41141926|106035.891752577|0
"060371881001"|0|1|0|0|0|0|0|1|1|0|0|1|1|0|0|NA|NA|NA|NA|NA|0|0|0|0|NA|0
"060371893003"|0|0|1|0|0|0|0|1|1|1|0|0|1|0|0|NA|NA|62049|62049|NA|170|68|24|2926236|121926.5|0
"060371901021"|0|1|0|0|0|0|0|1|1|1|1|0|1|0|0|37575|37575|NA|NA|14335|39|15|12|1280564|106713.666666667|0
"060371907011"|0|1|0|0|0|0|0|1|1|1|0|0|0|1|0|NA|NA|NA|NA|NA|324|19|450|26936456|59858.7911111111|0
"060371907012"|0|2|1|0|0|0|0|2|2|2|1|0|2|0|0|45315|45315|NA|NA|NA|78|7|220|15073520|123640|0
"060371918102"|0|1|0|0|0|0|0|1|1|1|0|0|1|0|0|30240|30240|NA|NA|NA|37|14|14|1812000|129428.571428571|0
"060371920012"|0|1|0|0|0|0|0|1|1|1|0|0|1|0|0|15000|15000|NA|NA|8100|1|0|10|1370598|137059.8|0
"060371926101"|0|1|0|0|0|0|0|1|1|1|1|0|0|1|0|NA|NA|NA|NA|NA|72|28|94|8358150|88916.4893617021|0
"060371927002"|0|0|1|0|0|0|0|1|1|1|0|0|1|0|0|NA|NA|29408|29408|NA|40|19|72|8760192|121669.333333333|0
"060371999001"|0|1|0|0|0|0|0|1|1|1|1|0|1|0|0|NA|NA|NA|NA|NA|24|2|50|6559858|131197.16|0
"060372017001"|0|1|1|0|0|0|0|1|1|1|0|0|0|0|1|5742|17622|7176|16680|17998|982|386|1430|144990720|101392.111888112|0
"060372044201"|0|1|0|0|0|0|0|1|1|0|0|1|1|0|0|NA|NA|NA|NA|NA|0|0|0|0|NA|0
"060372060521"|0|2|1|0|0|0|0|2|2|1|0|1|2|0|0|NA|NA|NA|NA|NA|62|15|96|10470306|NA|0
"060372077122"|0|2|1|0|0|0|0|2|2|1|0|0|0|1|0|NA|NA|NA|NA|NA|414|88|204|19981466|240012.53046953|0
"060372079021"|0|1|1|0|0|0|0|1|1|1|0|0|0|1|0|31275|31275|40870|40870|NA|174|66|16|1174632|73414.5|0
"060372089022"|0|2|0|0|0|0|0|2|1|0|0|2|2|0|0|NA|NA|NA|NA|NA|0|0|0|0|NA|0
"060372092021"|0|1|0|0|0|0|0|1|1|1|0|0|1|0|0|41201|41201|NA|NA|NA|32|9|16|1e+06|62500|0
"060372095201"|0|1|0|0|0|0|0|1|1|0|0|1|1|0|0|NA|NA|NA|NA|NA|0|0|0|0|NA|0
"060372111242"|0|1|2|0|0|0|0|2|2|2|0|0|2|0|0|14496|14496|13236|13236|NA|18|2|14|919198|125763.4|0
"060372118022"|0|1|0|0|0|0|0|1|1|1|0|0|0|1|0|NA|NA|NA|NA|NA|58|16|54|4958120|91817.037037037|0
"060372121012"|0|3|1|0|0|0|0|3|3|2|1|1|3|0|0|NA|NA|NA|NA|NA|9|7|0|0|NA|0
"060372122041"|0|0|1|0|0|0|0|1|1|1|0|0|1|0|0|NA|NA|18710|18710|NA|104|49|118|18596724|157599.355932203|0
"060372123041"|0|3|2|0|0|0|0|3|3|2|0|1|3|0|0|NA|NA|NA|NA|NA|34|18|28|2584240|NA|0
"060372124101"|0|1|0|0|0|0|0|1|1|1|0|0|0|1|0|17985|17985|NA|NA|NA|114|12|100|8850836|88508.36|0
"060372144003"|0|1|0|0|0|0|0|1|1|0|0|1|1|0|0|NA|NA|NA|NA|NA|0|0|0|0|NA|0
"060372227001"|0|1|1|0|1|1|0|1|1|1|0|0|0|0|1|63468|63468|63468|63468|17436|8336|1910|4294|663733852|154572.392175128|0
"060372240201"|0|1|0|0|0|0|0|1|1|1|1|0|0|0|1|1196|9828|NA|NA|NA|216|107|322|39644006|123118.031055901|0
"060372343011"|0|1|0|0|0|0|0|1|1|0|0|1|1|0|0|NA|NA|NA|NA|NA|0|0|0|0|NA|0
"060372384004"|0|1|0|0|0|0|0|1|1|0|0|1|1|0|0|NA|NA|NA|NA|NA|0|0|0|0|NA|0
"060372622002"|0|1|1|0|0|0|0|1|1|1|0|0|1|0|0|9720|9720|26000|26000|NA|91|31|20|2035600|101780|0
"060372623011"|0|1|1|0|0|0|0|1|1|1|0|0|0|1|0|45388|45388|13296|13296|13217|255|49|256|22721604|88756.265625|0
"060372652041"|0|1|0|0|0|0|0|1|1|0|0|1|1|0|0|NA|NA|NA|NA|NA|0|0|0|0|NA|0
"060372653011"|0|1|1|0|1|1|0|1|1|1|0|0|0|0|1|11564|41636|11700|26802|17231|14338|3079|4046|776772422|191985.274839347|0
"060372690005"|0|0|1|0|0|0|0|1|1|1|0|0|1|0|0|NA|NA|NA|NA|NA|7|3|0|0|NA|0
"060372696022"|0|1|0|0|0|0|0|1|1|0|0|1|1|0|0|NA|NA|NA|NA|NA|0|0|0|0|NA|0
"060372765002"|0|1|2|0|0|0|0|2|2|2|0|0|1|0|1|NA|NA|47298|47298|NA|1287|349|1272|147921520|132606.876971609|0
"060372766071"|0|1|1|0|0|0|0|1|1|1|0|0|0|1|0|49100|49100|49100|49100|16929|183|41|90|7113088|79034.3111111111|0
"060372780012"|0|1|0|0|0|0|0|1|1|0|0|1|1|0|0|NA|NA|NA|NA|NA|0|0|0|0|NA|0
"060372912102"|0|1|0|0|0|0|0|1|1|1|1|0|0|1|0|NA|NA|NA|NA|NA|33|25|28|1634922|58390.0714285714|0
"060372920011"|0|1|0|0|0|0|0|1|1|0|0|1|1|0|0|NA|NA|NA|NA|NA|0|0|0|0|NA|0
"060373008001"|0|1|0|0|0|0|0|1|1|1|1|0|0|0|1|1104|8371|NA|NA|NA|322|165|414|40191216|97080.231884058|0
"060373017011"|0|1|0|0|0|0|0|1|1|0|0|1|1|0|0|NA|NA|NA|NA|NA|0|0|0|0|NA|0
"060373018021"|0|2|0|0|0|0|0|2|2|1|0|1|2|0|0|NA|NA|NA|NA|NA|5|3|0|0|NA|0
"060373020021"|0|1|0|0|0|0|0|1|1|1|0|0|1|0|0|NA|NA|NA|NA|NA|25|4|38|2442034|64264.0526315789|0
"060373023012"|0|1|1|0|0|0|0|1|1|1|0|0|1|0|0|6000|6000|4800|4800|NA|12|0|0|0|NA|0
"060373107041"|0|1|0|0|0|0|0|1|0|0|0|1|1|0|0|NA|NA|NA|NA|NA|0|0|0|0|NA|0
"060373116012"|0|1|1|0|0|0|0|1|1|1|0|0|0|1|0|33017|33017|34365|34365|NA|306|47|288|12624692|43835.7361111111|0
"060373203002"|0|1|0|0|0|0|0|1|1|0|0|1|1|0|0|NA|NA|NA|NA|NA|0|0|0|0|NA|0
"060374008014"|0|2|1|0|0|0|0|2|2|2|1|0|0|2|0|42754|50866|NA|NA|NA|809|306|1022|103223272|209531.567541302|0
"060374012021"|0|1|1|0|0|0|0|1|1|1|0|0|0|1|0|11400|11400|11340|11340|NA|111|12|24|2251884|93828.5|0
"060374013122"|0|1|1|0|0|0|0|1|1|1|0|0|1|0|0|18240|18240|9810|9810|10100|48|9|34|2354560|69251.7647058823|0
"060374015002"|0|1|1|0|0|0|0|1|1|1|0|0|0|1|0|45850|45850|14796|14796|15180|387|101|444|44289700|99751.5765765766|0
"060374018012"|0|0|1|0|0|0|0|1|1|1|0|0|1|0|0|NA|NA|26520|26520|NA|21|3|28|1855938|66283.5|0
"060374019011"|0|2|0|0|0|0|0|2|2|2|0|0|0|2|0|119100|119100|NA|NA|39212|803|214|656|80198912|236190.182516377|0
"060374019012"|0|3|3|0|0|0|0|4|4|4|0|0|1|3|0|NA|NA|NA|NA|NA|1005|218|976|124273478|501892.520182525|0
"060374019021"|0|1|1|0|0|0|0|1|1|1|0|0|1|0|0|13200|13200|13200|13200|NA|31|4|2|2e+05|1e+05|0
"060374020011"|0|0|1|0|0|0|0|1|1|1|0|0|1|0|0|NA|NA|39377|39377|NA|106|16|102|15430392|151278.352941176|0
"060374024041"|0|1|1|0|0|0|0|1|1|1|0|0|0|0|1|5742|17622|7176|16680|16330|1188|420|1336|137961784|103264.808383234|0
"060374034091"|0|1|0|0|0|0|0|1|1|1|1|0|0|0|1|1288|10032|NA|NA|NA|741|403|884|104161478|117829.726244344|0
"060374046001"|0|1|0|0|0|0|0|1|1|1|1|0|1|0|0|NA|NA|NA|NA|NA|26|3|12|504834|42069.5|0
"060374051011"|0|1|0|0|0|0|0|1|0|0|0|1|1|0|0|NA|NA|NA|NA|NA|0|0|0|0|NA|0
"060374053021"|0|1|0|0|0|0|0|1|1|1|1|0|1|0|0|NA|NA|NA|NA|NA|20|3|22|1417792|64445.0909090909|0
"060374056004"|0|1|0|0|0|0|0|1|1|0|0|1|0|1|0|NA|NA|NA|NA|NA|0|0|0|0|NA|0
"060374059001"|0|1|0|0|0|0|0|1|1|0|0|1|1|0|0|NA|NA|NA|NA|NA|0|0|0|0|NA|0
"060374064132"|0|1|0|0|0|0|0|1|1|1|1|0|1|0|0|NA|NA|NA|NA|NA|14|0|4|284800|71200|0
"060374067024"|0|2|0|0|0|0|0|2|2|0|0|2|2|0|0|NA|NA|NA|NA|NA|0|0|0|0|NA|0
"060374071022"|0|1|0|0|0|0|0|1|1|1|1|0|1|0|0|NA|NA|NA|NA|NA|22|4|46|2588712|56276.347826087|0
"060374083014"|0|1|0|0|0|0|0|1|1|1|0|0|1|0|0|9150|9150|NA|NA|8000|7|0|0|0|NA|0
"060374088001"|0|1|0|0|0|0|0|1|1|0|0|1|1|0|0|NA|NA|NA|NA|NA|0|0|0|0|NA|0
"060374088002"|0|0|1|0|0|1|0|1|1|1|0|0|0|1|0|NA|NA|23097|23097|NA|671|245|484|66148482|136670.417355372|0
"060374090001"|0|1|0|0|0|0|0|1|1|0|0|1|1|0|0|NA|NA|NA|NA|NA|0|0|0|0|NA|0
"060374301021"|0|0|1|0|0|0|0|1|1|1|0|0|1|0|0|NA|NA|NA|NA|NA|0|0|0|0|NA|0
"060374321012"|0|1|0|0|0|0|0|1|1|0|0|1|1|0|0|NA|NA|NA|NA|NA|0|0|0|0|NA|0
"060374327002"|0|1|0|0|0|0|0|1|1|0|0|1|1|0|0|NA|NA|NA|NA|NA|0|0|0|0|NA|0
"060374332001"|0|1|0|0|0|0|0|1|1|1|1|0|1|0|0|NA|NA|NA|NA|NA|6|2|4|2e+05|50000|0
"060374332004"|0|1|0|0|0|0|0|1|1|0|0|1|1|0|0|NA|NA|NA|NA|NA|0|0|0|0|NA|0
"060374608001"|0|1|1|0|0|0|0|1|1|1|0|0|0|1|0|48942|48942|51726|51726|NA|341|95|298|29262016|98194.6845637584|0
"060374614003"|0|1|0|0|0|0|0|1|1|1|0|0|1|0|0|NA|NA|NA|NA|NA|17|1|12|668890|55740.8333333333|0
"060374619012"|0|1|2|0|0|0|0|2|2|2|0|0|0|2|0|NA|NA|41930|41930|NA|88|8|156|12603224|155971.380237154|0
"060374620023"|0|1|0|0|0|0|0|1|1|0|0|1|1|0|0|NA|NA|NA|NA|NA|0|0|0|0|NA|0
"060374622022"|0|2|2|0|0|0|0|3|3|3|0|0|1|1|1|NA|NA|NA|NA|NA|305|96|126|11089922|NA|0
"060374630002"|0|1|0|0|0|0|0|1|1|1|0|0|1|0|0|7056|7056|NA|NA|NA|0|0|0|0|NA|0
"060374634003"|0|1|0|0|0|0|0|1|1|1|1|0|0|0|1|1104|9504|NA|NA|NA|429|163|864|80836630|93560.9143518519|0
"060374635002"|0|1|1|0|0|0|0|1|1|1|0|0|0|1|0|58479|58479|58479|58479|18606|3235|397|686|164495612|239789.521865889|0
"060374635003"|0|2|0|0|0|0|0|2|2|1|1|1|2|0|0|NA|NA|NA|NA|NA|4|0|0|0|NA|0
"060374636011"|0|1|0|0|0|0|0|1|1|1|1|0|1|0|0|NA|NA|NA|NA|NA|31|0|36|1666228|46284.1111111111|0
"060374636014"|0|1|0|0|0|0|0|1|1|0|0|1|1|0|0|NA|NA|NA|NA|NA|0|0|0|0|NA|0
"060374636024"|0|1|0|0|0|0|0|1|1|1|0|0|1|0|0|24450|24450|NA|NA|17253|33|3|20|986320|49316|0
"060374808021"|0|1|2|0|0|0|0|3|3|3|0|0|3|0|0|NA|NA|NA|NA|NA|69|10|54|4037936|219187.178571429|0
"060374810011"|0|1|0|0|0|0|0|1|1|0|0|0|0|0|0|NA|NA|NA|NA|NA|0|0|0|0|NA|0
"060374824041"|0|1|1|0|0|0|0|1|1|1|0|0|1|0|0|12912|12912|11889|11889|9656|31|1|28|2047426|73122.3571428571|0
"060375002022"|0|1|0|0|0|0|0|1|1|1|0|0|1|0|0|NA|NA|NA|NA|NA|10|1|10|497490|49749|0
"060375003001"|0|1|0|0|0|0|0|1|1|1|0|0|0|0|1|1316|9812|NA|NA|NA|282|144|406|46734452|115109.487684729|0
"060375016001"|0|1|1|0|0|0|0|1|1|1|0|0|0|1|0|48924|48924|14742|14742|15623|188|60|206|17698700|85916.0194174757|0
"060375027004"|0|1|0|0|0|0|0|1|1|0|0|1|1|0|0|NA|NA|NA|NA|NA|0|0|0|0|NA|0
"060375037021"|0|1|1|0|0|0|0|1|1|1|0|0|0|1|0|14029|14029|35510|35510|NA|136|38|104|9608624|92390.6153846154|0
"060375040013"|0|1|1|0|0|0|0|1|1|1|0|0|0|1|0|44382|44382|12006|12006|10522|618|302|498|49498356|99394.2891566265|0
"060375042002"|0|1|0|0|0|0|0|1|1|0|0|1|1|0|0|NA|NA|NA|NA|NA|0|0|0|0|NA|0
"060375304001"|0|1|0|0|0|0|0|1|1|1|1|0|0|0|1|1196|9828|NA|NA|NA|383|210|592|70124300|118453.209459459|0
"060375326051"|0|1|0|0|0|0|0|1|1|0|0|1|1|0|0|NA|NA|NA|NA|NA|0|0|0|0|NA|0
"060375326052"|0|1|0|0|0|0|0|1|1|0|0|1|0|1|0|NA|NA|NA|NA|NA|0|0|0|0|NA|0
"060375407001"|0|1|1|0|0|0|0|1|1|1|0|0|1|0|0|14424|14424|23064|23064|NA|197|47|104|11874740|114180.192307692|0
"060375424023"|0|1|0|0|0|0|0|1|1|1|1|0|0|1|0|1104|8784|NA|NA|NA|163|46|198|18085272|91339.7575757576|0
"060375433211"|0|1|1|0|0|0|0|1|1|1|0|0|0|0|1|5742|17622|7176|16680|16035|754|293|852|84623016|99322.7887323944|0
"060375434003"|0|1|0|0|0|0|0|1|1|0|0|1|1|0|0|NA|NA|NA|NA|NA|0|0|0|0|NA|0
"060375511021"|0|1|0|0|0|0|0|1|0|0|0|1|1|0|0|NA|NA|NA|NA|NA|0|0|0|0|NA|0
"060375539012"|0|1|0|0|0|0|0|1|1|1|1|0|1|0|0|NA|NA|NA|NA|NA|15|0|10|832000|83200|0
"060375545141"|0|1|0|0|0|0|0|1|1|0|0|1|1|0|0|NA|NA|NA|NA|NA|0|0|0|0|NA|0
"060375545211"|0|2|1|0|0|0|0|2|2|2|0|0|2|0|0|NA|NA|NA|NA|NA|14|2|4|3e+05|NA|0
"060375545213"|0|1|0|0|0|0|0|1|1|1|1|0|0|0|1|1288|10248|NA|NA|NA|430|77|432|58049250|134373.263888889|0
"060375548012"|0|1|0|0|0|0|0|1|1|0|0|1|1|0|0|NA|NA|NA|NA|NA|0|0|0|0|NA|0
"060375700034"|0|1|0|0|0|0|0|1|1|1|1|0|1|0|0|NA|NA|NA|NA|NA|22|4|8|476222|59527.75|0
"060375712012"|0|1|0|0|0|0|0|1|1|1|1|0|0|0|1|1472|11356|NA|NA|NA|544|263|684|66687902|97496.932748538|0
"060375734022"|0|1|1|0|0|0|0|1|1|1|0|0|1|0|0|21420|21420|30299|30299|NA|35|4|66|7787390|117990.757575758|0
"060375736014"|0|1|0|0|0|0|0|1|1|1|1|0|0|1|0|NA|NA|NA|NA|NA|34|0|76|5802056|76342.8421052632|0
"060375742022"|0|1|0|0|0|0|0|1|1|1|1|0|1|0|0|NA|NA|NA|NA|NA|22|6|28|1432156|51148.4285714286|0
"060375760012"|0|1|1|0|0|0|0|1|1|0|0|0|0|0|0|NA|NA|NA|NA|NA|677|71|0|0|NA|0
"060375763022"|0|1|0|0|0|0|0|1|1|0|0|1|1|0|0|NA|NA|NA|NA|NA|0|0|0|0|NA|0
"060375781001"|0|1|1|0|0|0|0|1|1|1|0|0|0|0|1|5742|17622|7176|16680|14932|1712|704|2164|218862144|101137.774491682|0
"060376014013"|0|1|0|0|0|0|0|1|1|1|1|0|1|0|0|NA|NA|NA|NA|NA|21|0|54|2383860|44145.5555555556|0
"060376014023"|0|1|1|0|0|0|0|1|1|1|0|0|1|0|0|6960|6960|16296|16296|NA|18|3|14|1108222|79158.7142857143|0
"060376016003"|0|1|0|0|0|0|0|1|1|1|1|0|1|0|0|NA|NA|NA|NA|NA|11|1|4|0|0|0
"060376028012"|0|1|0|0|0|0|0|1|1|1|1|0|0|1|0|1196|9828|NA|NA|NA|111|51|148|16770826|113316.391891892|0
"060376031012"|0|1|1|0|0|0|0|1|1|1|0|0|1|0|0|6000|6000|6000|6000|NA|4|2|10|223500|22350|0
"060376037022"|0|1|0|0|0|0|0|1|1|1|1|0|0|0|1|1104|7944|NA|NA|NA|464|208|660|76687466|116193.13030303|0
"060376511012"|0|2|1|0|0|0|0|2|2|1|0|1|2|0|0|NA|NA|NA|NA|NA|12|10|20|1792492|NA|0
"060376707024"|0|1|1|0|0|0|0|1|1|1|0|0|1|0|0|35158|35158|14400|14400|15999|0|0|0|0|NA|0
"060377009011"|0|1|0|0|0|0|0|1|1|1|0|0|1|0|0|23220|23220|NA|NA|NA|2|0|2|50000|25000|0
"060377015011"|0|0|1|0|0|0|0|1|1|1|0|0|1|0|0|NA|NA|19480|19480|NA|13|3|0|0|NA|0
"060377019023"|0|0|1|0|0|0|0|1|1|1|0|0|1|0|0|NA|NA|15157|15157|NA|13|5|0|0|NA|0
"060377022011"|0|1|0|0|0|0|0|1|1|1|0|0|0|0|1|1104|9048|NA|NA|NA|522|200|710|78652000|110777.464788732|0
"060377028033"|0|0|1|0|0|0|0|1|1|1|0|0|1|0|0|NA|NA|16012|16012|NA|13|3|2|89760|44880|0
"060377030032"|0|1|1|0|0|0|0|1|1|1|0|0|1|0|0|16050|16050|20976|20976|NA|28|18|74|5583242|75449.2162162162|0
"060378004101"|0|1|1|0|0|0|0|1|1|1|0|0|0|0|1|62390|62390|39100|39100|18560|1171|273|842|102297934|121493.983372922|0
"060379007011"|0|1|1|0|0|0|0|1|1|1|0|0|1|0|0|NA|NA|NA|NA|NA|84|40|32|2307936|72123|0
"060379007013"|0|1|0|0|0|0|0|1|1|1|1|0|0|1|0|NA|NA|NA|NA|NA|86|12|64|4749820|74215.9375|0
"060379007033"|0|1|0|0|0|0|0|1|1|1|1|0|1|0|0|NA|NA|NA|NA|NA|58|17|66|3223334|48838.3939393939|0
"060379007051"|0|1|0|0|0|0|0|1|1|1|1|0|1|0|0|NA|NA|NA|NA|NA|11|2|4|261144|65286|0
"060379008062"|0|1|0|0|0|0|0|1|1|0|0|1|1|0|0|NA|NA|NA|NA|NA|0|0|0|0|NA|0
"060379010131"|0|1|0|0|0|0|0|1|1|1|0|0|0|0|1|1104|7704|NA|NA|NA|283|100|368|35051242|95247.9402173913|0
"060379203291"|0|1|0|0|0|0|0|1|1|0|0|1|1|0|0|NA|NA|NA|NA|NA|0|0|0|0|NA|0
"060379203302"|0|1|0|0|0|0|0|1|1|1|1|0|0|0|1|1104|9264|NA|NA|NA|368|55|434|52401162|120740.004608295|0
"060379203321"|0|1|1|0|0|0|0|1|1|1|0|0|0|1|0|31950|31950|8400|8400|12600|171|49|146|10515840|72026.301369863|0
"060379203343"|0|1|1|0|0|0|0|1|1|1|0|0|0|1|0|54440|54440|54440|54440|12446|241|76|300|26110880|87036.2666666667|0
"060379800151"|0|1|0|0|0|0|0|1|1|1|1|0|0|1|0|1196|9828|NA|NA|NA|122|57|160|19242636|120266.475|0
"060379800341"|0|2|1|0|0|0|0|2|2|1|0|1|2|0|0|NA|NA|NA|NA|NA|9|4|2|25800|NA|0
"060379800381"|0|1|0|0|0|0|0|1|1|1|0|0|0|1|0|1196|9828|NA|NA|NA|163|75|206|23817316|115618.038834951|0
"060390005133"|0|1|0|0|0|0|0|1|1|0|0|1|1|0|0|NA|NA|NA|NA|NA|0|0|0|0|NA|0
"060390005171"|0|1|0|0|0|0|0|1|1|1|1|0|0|1|0|1104|8664|NA|NA|NA|55|24|122|11133192|91255.6721311475|0
"060411101001"|0|1|1|0|0|0|0|1|1|1|0|0|0|1|0|48606|48606|16272|16272|15489|175|55|210|18227334|86796.8285714286|0
"060411191003"|0|1|0|0|0|0|0|1|1|1|1|0|0|1|0|1380|9750|NA|NA|NA|197|67|244|28208598|115609.008196721|0
"060450109003"|0|1|0|0|0|0|0|1|1|1|1|0|0|1|0|1380|8850|NA|NA|NA|133|68|122|12925302|105945.098360656|0
"060450115012"|0|1|0|0|0|0|0|1|1|0|0|1|1|0|0|NA|NA|NA|NA|NA|0|0|0|0|NA|0
"060450117004"|0|1|1|0|0|0|0|1|1|1|0|0|0|0|0|21000|21000|14000|14000|7000|0|0|0|0|NA|0
"060470010041"|0|1|0|0|0|0|0|1|1|0|0|1|1|0|0|NA|NA|NA|NA|NA|0|0|0|0|NA|0
"060470010071"|0|1|0|0|0|0|0|1|1|1|1|0|0|0|1|1104|7800|NA|NA|NA|268|94|376|33493280|89077.8723404255|0
"060470013013"|0|1|0|0|0|0|0|1|1|0|0|1|1|0|0|NA|NA|NA|NA|NA|0|0|0|0|NA|0
"060470019011"|0|1|1|0|0|0|0|1|1|1|0|0|0|1|0|11564|41636|11700|26802|19340|1358|338|898|106734192|118857.674832962|0
"060530002001"|0|2|0|0|0|0|0|2|2|1|1|1|2|0|0|NA|NA|NA|NA|NA|26|2|14|952898|NA|0
"060530003002"|0|1|0|0|0|0|0|1|1|0|0|1|1|0|0|NA|NA|NA|NA|NA|0|0|0|0|NA|0
"060530014001"|0|1|0|0|0|0|0|1|1|1|1|0|0|1|0|1380|8970|NA|NA|NA|210|89|326|24470998|75064.4110429448|0
"060530111032"|0|1|0|0|0|0|0|1|1|0|0|1|1|0|0|NA|NA|NA|NA|NA|0|0|0|0|NA|0
"060530127002"|0|1|1|0|0|0|0|1|1|1|0|0|1|0|0|44766|44766|44766|44766|NA|104|29|126|12388934|98324.873015873|0
"060530130001"|0|0|1|0|0|0|0|0|0|1|0|0|0|1|0|NA|NA|NA|NA|NA|630|109|548|98964740|180592.591240876|0
"060530130004"|0|1|0|0|0|0|0|1|1|1|1|0|0|1|0|1104|8280|NA|NA|NA|201|63|264|23616086|89454.8712121212|0
"060530141041"|0|1|1|0|0|0|0|1|1|1|0|0|0|1|0|5742|17622|7176|16680|16262|547|198|458|45625320|99618.6026200873|0
"060552009001"|0|1|0|0|0|0|0|1|1|1|1|0|0|1|0|1104|9336|NA|NA|NA|163|79|208|22289952|107163.230769231|0
"060552017002"|0|1|1|0|0|0|0|1|1|1|0|0|1|0|0|32655|32655|32655|32655|9273|111|10|116|7588084|65414.5172413793|0
"060570012091"|0|1|0|0|0|0|0|1|1|0|0|1|1|0|0|NA|NA|NA|NA|NA|0|0|0|0|NA|0
"060590016025"|0|0|1|0|0|0|0|1|1|1|0|0|1|0|0|NA|NA|38255|38255|NA|128|23|140|15620230|111573.071428571|0
"060590018011"|0|1|1|0|0|0|0|1|1|0|0|0|0|0|0|NA|NA|NA|NA|NA|0|0|0|0|NA|0
"060590019021"|0|1|1|0|0|0|0|1|1|1|0|0|1|0|0|3240|3240|2400|2400|NA|6|0|0|0|NA|0
"060590114012"|0|1|0|0|0|0|0|1|1|1|1|0|0|0|1|1104|9384|NA|NA|NA|345|128|632|64952380|102772.753164557|0
"060590115042"|0|1|1|0|0|0|0|1|1|1|0|0|0|0|1|5742|17622|7176|16680|16702|1501|539|2054|211808184|103119.855890944|0
"060590115045"|0|1|1|0|0|0|0|1|1|1|0|0|0|1|0|34500|34500|14256|14256|13050|96|36|114|5737122|50325.6315789474|0
"060590219172"|0|1|0|0|0|0|0|1|1|1|1|0|0|0|1|1104|8712|NA|NA|NA|151|77|230|30612972|133099.87826087|0
"060590320224"|0|2|0|0|0|0|0|2|2|1|1|0|0|0|1|NA|NA|NA|NA|NA|413|194|488|59094172|NA|0
"060590525181"|0|1|1|0|0|0|0|1|1|1|0|0|0|1|0|12000|12000|12510|12510|NA|432|145|200|19847580|99237.9|0
"060590525321"|0|1|0|0|0|0|0|1|1|1|1|0|0|0|1|1104|9768|NA|NA|NA|221|111|314|37983024|120965.044585987|0
"060590626105"|0|2|2|0|0|0|0|2|2|2|0|0|1|1|0|NA|NA|NA|NA|NA|186|56|158|13302828|179847.74197861|0
"060590626148"|0|1|1|0|1|1|0|1|1|1|0|0|0|0|1|11564|41636|11700|26802|17699|5619|1125|2882|460124330|159654.521165857|0
"060590626282"|0|1|1|0|0|0|0|1|1|1|0|0|0|1|0|39330|39330|8528|8528|12770|230|66|216|17831816|82554.7037037037|0
"060590626331"|0|1|1|0|0|0|0|1|1|1|0|0|1|0|0|33218|33218|33218|33218|13422|146|55|126|14236754|112990.111111111|0
"060590626562"|0|1|1|0|0|0|0|1|1|1|0|0|1|0|0|34600|34600|40202|40202|16991|50|14|50|4119078|82381.56|0
"060590630073"|0|1|1|0|0|0|0|1|1|1|0|0|1|0|0|19950|19950|19500|19500|NA|5|3|6|390050|65008.3333333333|0
"060590639022"|0|1|0|0|0|0|0|1|1|0|0|0|0|0|0|NA|NA|NA|NA|NA|119|23|0|0|NA|0
"060590639023"|0|1|0|0|0|0|0|1|1|1|1|0|0|0|1|1104|8664|NA|NA|17297|321|136|524|63665832|121499.679389313|0
"060590639063"|0|1|1|0|0|0|0|1|1|1|0|0|0|1|0|38000|38000|12456|12456|10290|166|58|170|13422958|78958.5764705882|0
"060590639101"|0|1|0|0|0|0|0|1|1|0|0|1|1|0|0|NA|NA|NA|NA|NA|0|0|0|0|NA|0
"060590740032"|0|1|0|0|0|0|0|1|1|0|0|1|1|0|0|NA|NA|NA|NA|NA|0|0|0|0|NA|0
"060590744031"|0|1|0|0|0|0|0|1|1|1|0|0|1|0|0|NA|NA|NA|NA|NA|71|33|46|5267804|114517.47826087|0
"060590752021"|0|2|0|0|0|0|0|2|2|1|0|1|1|0|1|NA|NA|NA|NA|NA|284|136|474|58053814|NA|0
"060590753031"|0|1|0|0|0|0|0|1|1|0|0|0|0|0|0|NA|NA|NA|NA|NA|125|39|8|925916|115739.5|0
"060590754031"|0|1|0|0|0|0|0|1|1|0|0|1|1|0|0|NA|NA|NA|NA|NA|0|0|0|0|NA|0
"060590754043"|0|0|1|0|0|0|0|1|1|1|0|0|1|0|0|NA|NA|13500|13500|NA|22|4|10|1218264|121826.4|0
"060590755166"|0|3|2|0|0|0|0|3|3|2|0|1|2|1|0|NA|NA|NA|NA|NA|289|62|90|6687978|NA|0
"060590757013"|0|1|0|0|0|0|0|1|1|0|0|1|1|0|0|NA|NA|NA|NA|NA|0|0|0|0|NA|0
"060590759011"|0|1|1|0|0|0|0|1|1|1|0|0|0|0|1|60288|60288|37603|37603|16954|1013|287|1126|143988044|127875.705150977|0
"060590761053"|0|1|0|0|0|0|0|1|1|1|1|0|1|0|0|12000|12000|NA|NA|NA|9|3|4|236600|59150|0
"060590863015"|0|0|1|0|0|0|0|1|1|1|0|0|1|0|0|NA|NA|7245|7245|NA|5|1|4|203700|50925|0
"060590863031"|0|1|0|0|0|0|0|1|1|1|1|0|1|0|0|NA|NA|NA|NA|NA|16|1|8|820000|102500|0
"060590863036"|0|1|1|0|0|0|0|2|2|2|0|0|2|0|0|NA|NA|NA|NA|NA|44|5|66|5826878|166570.136363636|0
"060590866022"|0|1|1|0|0|0|0|1|1|1|0|0|1|0|0|6680|6680|6200|6200|NA|21|8|10|416000|41600|0
"060590867011"|0|0|1|0|1|0|0|1|1|1|0|0|1|0|0|NA|NA|11865|11865|NA|24|10|22|1194130|54278.6363636364|0
"060590867016"|0|1|0|0|0|0|0|1|1|0|0|0|0|0|0|NA|NA|NA|NA|NA|98|41|0|0|NA|0
"060590867025"|0|1|0|0|0|0|0|1|1|0|0|1|1|0|0|NA|NA|NA|NA|NA|0|0|0|0|NA|0
"060590868021"|0|1|0|0|0|0|0|1|1|1|1|0|0|1|0|NA|NA|NA|NA|NA|59|20|54|4724198|87485.1481481481|0
"060590871012"|0|1|0|0|0|0|0|1|1|1|1|0|1|0|0|NA|NA|NA|NA|NA|14|1|12|821550|68462.5|0
"060590871022"|0|1|0|0|0|0|0|1|1|1|0|0|1|0|0|16590|16590|NA|NA|NA|20|4|20|1656400|82820|0
"060590874051"|0|2|0|0|0|0|0|2|2|0|0|1|1|0|0|NA|NA|NA|NA|NA|0|0|0|0|NA|0
"060590881041"|0|1|0|0|0|0|0|1|1|1|1|0|1|0|0|70000|70000|NA|NA|NA|8|2|6|740000|123333.333333333|0
"060590883011"|0|1|0|0|0|0|0|1|1|0|0|1|1|0|0|NA|NA|NA|NA|NA|0|0|0|0|NA|0
"060590884031"|0|1|0|0|0|0|0|1|1|0|0|1|1|0|0|NA|NA|NA|NA|NA|0|0|0|0|NA|0
"060590886021"|0|2|1|0|0|0|0|2|2|2|1|0|2|0|0|NA|NA|NA|NA|NA|49|19|62|3792376|82144.4137931034|0
"060590889021"|0|1|0|0|0|0|0|1|1|0|0|1|1|0|0|NA|NA|NA|NA|NA|0|0|0|0|NA|0
"060590992271"|0|1|0|0|0|0|0|1|1|0|0|1|1|0|0|NA|NA|NA|NA|NA|0|0|0|0|NA|0
"060590992272"|0|1|0|0|0|0|0|1|1|0|0|1|1|0|0|NA|NA|NA|NA|NA|0|0|0|0|NA|0
"060590992294"|0|1|0|0|0|0|0|1|1|1|1|0|0|1|0|1104|8664|NA|NA|NA|138|63|108|12978416|120170.518518519|0
"060590996052"|0|1|0|0|0|0|0|1|1|1|1|0|0|0|1|1104|9768|NA|NA|NA|188|75|262|32009908|122175.221374046|0
"060590998021"|0|1|0|0|0|0|0|1|1|0|0|1|1|0|0|NA|NA|NA|NA|NA|0|0|0|0|NA|0
"060591100012"|0|1|0|0|0|0|0|1|1|0|0|1|1|0|0|NA|NA|NA|NA|NA|0|0|0|0|NA|0
"060591100051"|0|1|0|0|0|0|0|1|1|0|0|1|1|0|0|NA|NA|NA|NA|NA|0|0|0|0|NA|0
"060591101101"|0|1|0|0|0|0|0|1|1|1|0|0|0|0|1|1104|7944|NA|NA|NA|257|73|474|53862142|113633.210970464|0
"060591101132"|0|1|1|0|0|0|0|1|1|1|0|0|0|1|0|14440|14440|9000|9000|NA|33|6|24|1870994|77958.0833333333|0
"060599800001"|0|1|1|0|0|0|0|1|1|1|0|0|0|1|0|21646|21646|11463|11463|NA|198|66|198|20640454|104244.717171717|0
"060610207141"|0|1|0|0|0|0|0|1|1|0|0|1|1|0|0|NA|NA|NA|NA|NA|0|0|0|0|NA|0
"060610208051"|0|1|0|0|0|0|0|1|1|0|0|1|1|0|0|19476|19476|NA|NA|NA|0|0|0|0|NA|0
"060610211092"|0|1|0|0|0|0|0|1|1|1|1|0|0|0|1|1104|8496|NA|NA|7800|318|165|472|41612702|88162.5042372881|0
"060610213234"|0|1|1|0|0|0|0|1|1|1|0|0|0|1|0|36000|36000|14196|14196|13249|177|73|90|6797590|75528.7777777778|0
"060630001006"|0|1|0|0|0|0|0|1|1|1|0|0|0|1|0|1380|9450|NA|NA|11083|73|17|52|6227070|119751.346153846|0
"060650305011"|0|1|0|0|0|0|0|1|1|0|0|1|0|1|0|NA|NA|NA|NA|NA|0|0|0|0|NA|0
"060650307001"|0|1|0|0|0|0|0|1|1|1|1|0|0|0|1|1380|9960|NA|NA|NA|302|155|538|69701972|129557.568773234|0
"060650312005"|0|1|0|0|0|0|0|1|1|0|0|1|1|0|0|NA|NA|NA|NA|NA|0|0|0|0|NA|0
"060650315015"|0|1|1|0|0|0|0|1|1|1|0|0|0|0|1|35958|35958|13680|13680|11210|532|221|732|73148058|99929.0409836066|0
"060650402014"|0|1|0|0|0|0|0|1|1|0|0|1|1|0|0|NA|NA|NA|NA|NA|0|0|0|0|NA|0
"060650409011"|0|1|0|0|0|0|0|1|1|1|1|0|1|0|0|NA|NA|NA|NA|NA|22|1|16|688960|43060|0
"060650409022"|0|1|1|0|0|0|0|1|1|1|0|0|0|1|0|33912|33912|15067|15067|11325|170|84|194|14080766|72581.2680412371|0
"060650414063"|0|1|0|0|0|0|0|1|1|1|1|0|1|0|0|NA|NA|NA|NA|NA|11|1|12|6e+05|50000|0
"060650418092"|0|1|0|0|0|0|0|1|1|1|1|0|1|0|0|10540|10540|NA|NA|NA|5|2|18|115190|6399.44444444444|0
"060650419092"|0|1|0|0|0|0|0|1|1|0|0|1|1|0|0|NA|NA|NA|NA|NA|0|0|0|0|NA|0
"060650422091"|0|1|0|0|0|0|0|1|0|0|0|0|0|0|0|NA|NA|NA|NA|NA|0|0|0|0|NA|0
"060650422172"|0|1|0|0|0|0|0|1|1|0|0|1|1|0|0|NA|NA|NA|NA|NA|0|0|0|0|NA|0
"060650432161"|0|1|0|0|0|0|0|1|1|0|0|1|1|0|0|NA|NA|NA|NA|NA|0|0|0|0|NA|0
"060650435091"|0|1|0|0|0|0|0|1|1|1|1|0|0|0|1|1380|11250|NA|NA|NA|346|118|368|40965750|111319.972826087|0
"060650435192"|0|1|0|0|0|0|0|1|1|0|0|1|1|0|0|NA|NA|NA|NA|NA|0|0|0|0|NA|0
"060650438071"|0|1|0|0|0|0|0|1|1|0|0|1|1|0|0|NA|NA|NA|NA|NA|0|0|0|0|NA|0
"060650447021"|0|1|0|0|0|0|0|1|1|0|0|1|1|0|0|NA|NA|NA|NA|NA|0|0|0|0|NA|0
"060650449212"|0|1|0|0|0|0|0|1|1|1|1|0|1|0|0|NA|NA|NA|NA|NA|11|1|10|840254|84025.4|0
"060650449221"|0|2|0|0|0|0|0|2|2|1|1|1|2|0|0|NA|NA|NA|NA|NA|12|2|0|0|NA|0
"060650451181"|0|2|0|0|0|0|0|2|2|1|1|1|1|0|1|NA|NA|NA|NA|NA|263|26|236|27380426|NA|0
"060650451242"|0|1|0|0|0|0|0|1|1|0|0|1|1|0|0|NA|NA|NA|NA|NA|0|0|0|0|NA|0
"060650452352"|0|2|0|0|0|0|0|2|2|0|0|1|1|0|0|NA|NA|NA|NA|NA|0|0|0|0|NA|0
"060650465011"|0|1|1|0|1|1|0|1|1|1|0|0|0|0|1|11564|41636|11700|26802|17333|3236|766|1866|265513638|142290.266881029|0
"060650466011"|0|1|0|0|0|0|0|1|1|1|1|0|0|1|0|1380|10080|NA|NA|NA|131|71|206|25955260|125996.40776699|0
"060650467004"|0|1|0|0|0|0|0|1|1|0|0|1|1|0|0|NA|NA|NA|NA|NA|0|0|0|0|NA|0
"060650469001"|0|1|0|0|0|0|0|1|1|1|1|0|0|1|0|1380|10590|NA|NA|NA|75|23|72|7020500|97506.9444444444|0
"060650490013"|0|1|0|0|0|0|0|1|1|1|1|0|0|1|0|1380|11340|NA|NA|NA|135|74|208|26376222|126808.759615385|0
"060650496002"|0|1|0|0|0|0|0|1|1|1|1|0|1|0|0|14960|14960|NA|NA|NA|11|1|0|0|NA|0
"060650509012"|0|1|0|0|0|0|0|1|1|1|0|0|1|0|0|14519|14519|NA|NA|NA|31|3|32|2272816|71025.5|0
"060650512001"|0|2|1|0|0|0|0|2|2|1|1|0|1|0|0|NA|NA|NA|NA|NA|30|1|28|2025336|NA|0
"060659404003"|0|1|0|0|0|0|0|1|1|0|0|1|1|0|0|NA|NA|NA|NA|NA|0|0|0|0|NA|0
"060659411002"|0|1|0|0|0|0|0|1|1|1|1|0|1|0|0|NA|NA|NA|NA|NA|20|4|28|1543124|55111.5714285714|0
"060670024003"|0|1|0|0|0|0|0|1|1|1|1|0|0|0|1|NA|9480|NA|NA|NA|251|125|550|54565322|99209.6763636364|0
"060670046042"|0|1|0|0|0|0|0|1|1|0|0|1|1|0|0|NA|NA|NA|NA|NA|0|0|0|0|NA|0
"060670049041"|0|2|0|0|0|0|0|2|2|0|0|2|2|0|0|NA|NA|NA|NA|NA|0|0|0|0|NA|0
"060670050021"|0|1|0|0|0|0|0|1|1|0|0|1|1|0|0|NA|NA|NA|NA|NA|0|0|0|0|NA|0
"060670052012"|0|1|1|0|0|0|0|1|1|1|0|0|0|0|1|5742|17622|7176|16680|16278|1438|551|1608|155336928|96602.5671641791|0
"060670054021"|0|2|0|0|0|0|0|2|2|1|1|0|1|0|0|NA|NA|NA|NA|NA|311|67|34|1699000|NA|0
"060670055061"|0|1|0|0|0|0|0|1|1|0|0|1|1|0|0|NA|NA|NA|NA|NA|0|0|0|0|NA|0
"060670056012"|0|1|0|0|0|0|0|1|1|0|0|1|1|0|0|NA|NA|NA|NA|NA|0|0|0|0|NA|0
"060670061011"|0|1|0|0|0|0|0|1|1|0|0|1|1|0|0|NA|NA|NA|NA|NA|0|0|0|0|NA|0
"060670070192"|0|1|0|0|0|0|0|1|1|0|0|1|1|0|0|NA|NA|NA|NA|NA|0|0|0|0|NA|0
"060670070251"|0|1|0|0|0|0|0|1|1|1|1|0|0|1|0|NA|NA|NA|NA|NA|29|1|50|3871680|77433.6|0
"060670075014"|0|1|0|0|0|0|0|1|1|1|1|0|1|0|0|NA|NA|NA|NA|NA|36|1|36|1439320|39981.1111111111|0
"060670075042"|0|2|1|0|0|0|0|2|2|2|1|0|1|0|1|NA|18444|NA|NA|NA|321|146|710|70592174|139669.051313629|0
"060670081362"|0|1|0|0|0|0|0|1|1|1|1|0|1|0|0|NA|NA|NA|NA|NA|0|0|0|0|NA|0
"060670081415"|0|1|0|0|0|0|0|1|1|0|0|1|1|0|0|NA|NA|NA|NA|NA|0|0|0|0|NA|0
"060670081432"|0|1|0|0|0|0|0|1|1|0|0|1|1|0|0|NA|NA|NA|NA|NA|0|0|0|0|NA|0
"060670085103"|0|1|0|0|0|0|0|1|1|1|1|0|0|1|0|NA|9480|NA|NA|NA|117|54|252|25147522|99791.753968254|0
"060670090051"|0|1|0|0|0|0|0|1|1|0|0|1|1|0|0|NA|NA|NA|NA|NA|0|0|0|0|NA|0
"060670090061"|0|1|0|0|0|0|0|1|1|0|0|1|1|0|0|NA|NA|NA|NA|NA|0|0|0|0|NA|0
"060670090104"|0|2|0|0|0|0|0|2|2|2|1|0|2|0|0|NA|NA|NA|NA|NA|10|2|10|823580|NA|0
"060670091102"|0|2|0|0|0|0|0|2|2|1|1|0|0|1|0|NA|NA|NA|NA|NA|126|8|74|5544288|151379|0
"060670096082"|0|1|0|0|0|0|0|1|1|1|1|0|0|0|1|NA|9480|NA|NA|NA|197|91|392|37631954|95999.8826530612|0
"060670096352"|0|1|1|0|0|1|0|1|1|1|0|0|1|0|0|55063|55063|30000|30000|NA|100|41|188|26381638|140327.861702128|0
"060670096401"|0|1|0|0|0|0|0|1|1|0|0|1|1|0|0|NA|NA|NA|NA|NA|0|0|0|0|NA|0
"060710008084"|0|1|0|0|0|0|0|1|1|0|0|1|1|0|0|NA|NA|NA|NA|NA|0|0|0|0|NA|0
"060710018032"|0|1|0|0|0|0|0|1|1|0|0|0|0|0|0|NA|NA|NA|NA|NA|0|0|0|0|NA|0
"060710020191"|0|1|0|0|0|0|0|1|1|1|1|0|0|0|1|1104|9312|NA|NA|NA|343|192|510|56464338|110714.388235294|0
"060710021092"|0|4|0|0|0|0|0|4|4|3|2|1|4|0|0|NA|NA|NA|NA|NA|80|6|92|7037674|NA|0
"060710021093"|0|2|1|0|0|0|0|2|2|2|1|0|0|2|0|NA|NA|NA|NA|NA|132|21|100|9651032|193020.64|0
"060710021111"|0|1|0|0|0|0|0|1|1|1|1|0|0|1|0|NA|NA|NA|NA|NA|33|1|60|4578636|76310.6|0
"060710021122"|0|1|0|0|0|0|0|1|1|0|0|1|1|0|0|NA|NA|NA|NA|NA|0|0|0|0|NA|0
"060710027052"|0|1|0|0|0|0|0|1|1|1|0|0|1|0|0|16000|16000|NA|NA|NA|4|0|2|160000|80000|0
"060710030002"|0|1|0|0|0|0|0|1|1|0|0|1|1|0|0|NA|NA|NA|NA|NA|0|0|0|0|NA|0
"060710036121"|0|1|1|0|0|1|0|2|2|1|0|1|2|0|0|NA|NA|NA|NA|NA|51|7|0|0|NA|0
"060710045101"|0|1|1|0|0|0|0|1|1|1|0|0|0|0|1|5742|17622|7176|16680|13779|975|398|1068|104250984|97613.2808988764|0
"060710058001"|0|1|0|0|0|0|0|1|1|0|0|1|1|0|0|NA|NA|NA|NA|NA|0|0|0|0|NA|0
"060710072022"|0|2|0|0|0|0|0|2|2|0|0|1|0|1|0|NA|NA|NA|NA|NA|129|29|0|0|NA|0
"060710073033"|0|1|1|0|0|1|0|1|1|1|0|0|0|1|0|33552|33552|28000|28000|NA|773|207|680|76609852|112661.547058824|0
"060710078001"|0|2|0|0|0|0|0|2|2|1|1|1|2|0|0|NA|NA|NA|NA|NA|20|0|4|250000|NA|0
"060710084053"|0|1|1|0|0|0|0|1|1|1|0|0|0|1|0|55328|55328|24060|24060|15758|414|154|382|37589844|98402.7329842932|0
"060710087153"|0|1|0|0|0|0|0|1|1|1|1|0|0|1|0|1104|9864|NA|NA|NA|110|20|154|17758908|115317.584415584|0
"060710099132"|0|1|0|0|0|0|0|1|1|0|0|1|1|0|0|NA|NA|NA|NA|NA|0|0|0|0|NA|0
"060710100391"|0|1|0|0|0|0|0|1|1|1|1|0|0|0|1|1402|10102|NA|NA|NA|248|89|186|18155086|97607.9892473118|0
"060710100421"|0|1|0|0|0|0|0|1|1|1|1|0|1|0|0|NA|NA|NA|NA|NA|16|1|12|815840|67986.6666666667|0
"060710104313"|0|1|0|0|0|0|0|1|1|1|1|0|0|1|0|1104|9072|NA|NA|NA|68|14|60|5875036|97917.2666666667|0
"060710120011"|0|1|0|0|0|0|0|1|1|1|1|0|0|1|0|1104|9072|NA|NA|NA|98|15|80|8166590|102082.375|0
"060710124001"|0|1|0|0|0|0|0|1|1|1|1|0|1|0|0|NA|NA|NA|NA|NA|52|15|70|3649804|52140.0571428571|0
"060710124002"|0|1|0|0|0|0|0|1|1|1|1|0|0|0|1|700|4980|NA|NA|NA|221|55|360|38396426|106656.738888889|0
"060710127001"|0|3|1|0|0|0|0|3|3|3|0|0|2|1|0|72160|72160|NA|NA|NA|95|44|100|10432822|NA|0
"060730027081"|0|1|0|0|0|0|0|1|1|0|0|1|1|0|0|NA|NA|NA|NA|NA|0|0|0|0|NA|0
"060730028012"|0|1|1|0|0|0|0|1|1|1|0|0|0|0|1|5742|17622|7176|16680|19714|1895|737|2032|222709968|109601.362204724|0
"060730029043"|0|2|1|0|0|0|0|3|3|3|0|0|3|0|0|NA|NA|NA|NA|NA|25|2|24|5059432|NA|0
"060730033012"|0|1|0|0|0|0|0|1|1|1|1|0|1|0|0|NA|NA|NA|NA|NA|77|25|36|2393556|66487.6666666667|0
"060730033042"|0|1|0|0|0|0|0|1|1|0|0|1|1|0|0|NA|NA|NA|NA|NA|0|0|0|0|NA|0
"060730034033"|0|1|0|0|0|0|0|1|1|0|0|1|1|0|0|NA|NA|NA|NA|NA|0|0|0|0|NA|0
"060730051023"|0|1|1|0|0|0|0|1|1|1|0|0|1|0|0|10320|10320|9720|9720|NA|2|0|2|177618|88809|0
"060730052011"|0|2|1|0|0|0|0|2|2|2|1|0|1|0|1|30795|37131|NA|NA|NA|185|129|404|34929792|169876.289397527|0
"060730053011"|0|2|1|0|0|0|0|3|3|1|0|2|3|0|0|NA|NA|NA|NA|NA|23|5|14|1483514|NA|0
"060730054021"|0|1|1|0|0|0|0|1|1|1|0|0|1|0|0|11784|11784|23454|23454|NA|2|0|8|838044|104755.5|0
"060730056011"|0|0|1|0|0|0|0|1|1|1|0|0|1|0|0|NA|NA|32400|32400|NA|93|39|62|9175130|147985.967741935|0
"060730057002"|0|1|0|0|0|0|0|1|1|1|1|0|1|0|0|NA|NA|NA|NA|NA|12|2|0|0|NA|0
"060730072001"|0|1|1|0|0|0|0|1|1|1|0|0|0|1|0|40400|40400|11880|11880|11800|440|165|304|30078732|98943.1973684211|0
"060730083051"|0|1|1|0|1|1|0|1|1|1|0|0|0|0|1|11564|41636|11700|26802|16710|9421|1864|2834|450221908|158864.470007057|0
"060730083391"|0|0|1|0|0|0|0|1|1|1|0|0|1|0|0|NA|NA|NA|NA|NA|750|35|76|15939324|209727.947368421|0
"060730083501"|0|1|1|0|0|0|0|1|1|1|0|0|1|0|0|27750|27750|25200|25200|NA|12|0|2|180000|90000|0
"060730083591"|0|1|0|0|0|0|0|1|1|1|1|0|0|0|1|1104|7400|NA|NA|NA|121|91|288|24892048|86430.7222222222|0
"060730085104"|0|1|0|0|0|0|0|1|1|1|0|0|0|0|1|1104|7400|NA|NA|NA|185|146|508|45893356|90341.2519685039|0
"060730085111"|0|3|3|0|0|0|0|3|3|3|0|0|0|0|3|36624|36624|45351|45351|NA|2879|650|916|87392416|NA|0
"060730087022"|0|2|2|0|0|0|0|2|2|2|0|0|1|1|0|15498|15498|18716|18716|NA|146|22|54|4518694|168947.947058824|0
"060730091081"|0|1|1|0|0|0|0|1|1|1|0|0|1|0|0|7115|7115|6372|6372|NA|0|0|0|0|NA|0
"060730091091"|0|1|2|0|0|0|0|2|2|2|0|0|1|1|0|NA|NA|43380|43380|NA|1212|456|1030|119605348|196057.325536062|0
"060730093072"|0|2|1|0|0|0|0|2|2|1|0|0|1|0|0|NA|NA|NA|NA|NA|502|171|0|0|NA|0
"060730093074"|0|2|0|0|0|0|0|2|2|1|0|1|2|0|0|NA|NA|NA|NA|NA|0|0|0|0|NA|0
"060730095043"|0|1|1|0|0|0|0|1|1|1|0|0|0|1|0|16569|16569|19484|19484|NA|207|34|324|27459574|84751.7716049383|0
"060730126004"|0|1|0|0|0|0|0|1|1|1|1|0|1|0|0|NA|NA|NA|NA|NA|18|11|52|3758924|72287|0
"060730131032"|0|1|0|0|0|0|0|1|1|0|0|1|1|0|0|NA|NA|NA|NA|NA|0|0|0|0|NA|0
"060730132032"|0|1|0|0|0|0|0|1|1|0|0|1|0|1|0|NA|NA|NA|NA|NA|0|0|0|0|NA|0
"060730134151"|0|1|0|0|0|0|0|1|1|1|1|0|0|0|1|1288|9436|NA|NA|NA|505|209|438|46639380|106482.602739726|0
"060730136072"|0|1|0|0|0|0|0|1|1|1|1|0|0|1|0|1288|9800|NA|NA|NA|204|92|230|15629854|67955.8869565217|0
"060730137011"|0|1|1|0|0|0|0|1|1|1|0|0|1|0|0|24500|24500|7440|7440|11700|30|10|14|1043760|74554.2857142857|0
"060730146013"|0|1|0|0|0|0|0|1|1|0|0|1|1|0|0|NA|NA|NA|NA|NA|0|0|0|0|NA|0
"060730156022"|0|1|1|0|0|0|0|1|1|1|0|0|1|0|0|16848|16848|16838|16838|14397|10|5|10|624000|62400|0
"060730157061"|0|1|0|0|0|0|0|1|1|0|0|1|1|0|0|NA|NA|NA|NA|NA|0|0|0|0|NA|0
"060730162012"|0|1|0|0|0|0|0|1|1|1|1|0|1|0|0|NA|NA|NA|NA|NA|7|4|4|241800|60450|0
"060730166192"|0|2|0|0|0|0|0|2|2|1|1|0|0|0|1|NA|NA|NA|NA|NA|499|160|568|40354676|NA|0
"060730170412"|0|1|0|0|0|0|0|1|1|0|0|1|1|0|0|NA|NA|NA|NA|NA|0|0|0|0|NA|0
"060730170543"|0|1|0|0|0|0|0|1|1|0|0|1|1|0|0|NA|NA|NA|NA|NA|0|0|0|0|NA|0
"060730185093"|0|1|0|0|0|0|0|1|1|0|0|1|1|0|0|NA|NA|NA|NA|NA|0|0|0|0|NA|0
"060730185171"|0|1|0|0|0|0|0|1|1|1|0|0|0|0|1|1104|8400|NA|NA|NA|348|119|350|50178590|143367.4|0
"060730197024"|0|1|0|0|0|0|0|1|1|0|0|1|1|0|0|NA|NA|NA|NA|NA|0|0|0|0|NA|0
"060730200213"|0|1|0|0|0|0|0|1|1|1|1|0|0|0|1|1288|10584|NA|NA|NA|418|156|574|68108956|118656.717770035|0
"060730200231"|0|1|1|0|0|0|0|1|1|1|0|0|1|0|0|27000|27000|14940|14940|NA|23|13|10|652962|65296.2|0
"060730200294"|0|1|0|0|0|0|0|1|1|0|0|1|1|0|0|NA|NA|NA|NA|NA|0|0|0|0|NA|0
"060730200382"|0|0|1|0|0|0|0|1|1|1|0|0|0|1|0|NA|NA|26341|26341|NA|320|64|456|46047064|100980.403508772|0
"060730202141"|0|2|0|0|0|0|0|2|2|0|0|2|2|0|0|NA|NA|NA|NA|NA|0|0|0|0|NA|0
"060730202142"|0|1|0|0|0|0|0|1|1|0|0|1|1|0|0|NA|NA|NA|NA|NA|0|0|0|0|NA|0
"060730202143"|0|1|0|0|0|0|0|1|1|1|0|0|1|0|0|27000|27000|NA|NA|13230|24|5|16|1462400|91400|0
"060730203101"|0|2|1|0|0|0|0|2|2|2|1|0|1|0|1|NA|NA|NA|NA|NA|852|313|840|82118230|179086.70066335|0
"060730207063"|0|0|1|0|0|0|0|1|1|1|0|0|1|0|0|NA|NA|15600|15600|NA|12|1|22|2060378|93653.5454545455|0
"060730214013"|0|0|1|0|0|0|0|1|1|1|0|0|1|0|0|NA|NA|20000|20000|NA|57|5|2|197324|98662|0
"060730219001"|0|1|0|0|0|0|0|1|1|1|0|0|1|0|0|14640|14640|NA|NA|NA|73|0|10|694682|69468.2|0
"060730221012"|0|1|0|0|0|0|0|1|1|0|0|1|1|0|0|NA|NA|NA|NA|NA|0|0|0|0|NA|0
"060750103001"|0|1|1|0|0|0|0|1|0|0|0|0|1|0|0|NA|NA|NA|NA|NA|0|0|0|0|NA|0
"060750117001"|0|2|0|0|0|0|0|2|2|0|0|2|2|0|0|NA|NA|NA|NA|NA|0|0|0|0|NA|0
"060750117002"|0|1|0|0|0|0|0|1|1|1|1|0|1|0|0|NA|NA|NA|NA|NA|11|4|26|1335200|51353.8461538462|0
"060750123013"|0|1|1|0|0|0|0|1|0|0|0|0|0|0|0|NA|NA|NA|NA|NA|0|0|0|0|NA|0
"060750124051"|0|0|1|0|0|0|0|1|1|1|0|0|0|1|0|NA|NA|46376|46376|NA|194|46|114|19107382|167608.614035088|0
"060750125031"|0|1|1|0|0|0|0|1|1|1|0|0|1|0|0|17562|17562|NA|NA|12300|62|22|82|9041642|110263.926829268|0
"060750157012"|0|1|1|0|0|0|0|1|1|1|0|0|0|1|0|54980|54980|27990|27990|16550|939|292|890|121513802|136532.361797753|0
"060750162002"|0|1|1|0|0|0|0|1|1|1|0|0|1|0|0|51300|51300|49300|49300|19900|80|19|56|7868462|140508.25|0
"060750176033"|0|1|1|0|0|0|0|1|1|1|0|0|0|1|0|21116|21116|22356|22356|NA|142|24|126|10632844|84387.6507936508|0
"060750178043"|0|1|0|0|0|0|0|1|1|0|0|1|1|0|0|NA|NA|NA|NA|NA|0|0|0|0|NA|0
"060750201021"|0|1|0|0|0|0|0|1|1|0|0|1|1|0|0|NA|NA|NA|NA|NA|0|0|0|0|NA|0
"060750301012"|0|0|1|0|1|1|0|1|1|1|0|0|0|1|0|NA|NA|11700|26802|NA|4077|580|498|83180400|167028.915662651|0
"060750311003"|0|1|0|0|0|0|0|1|1|1|1|0|0|0|1|NA|10548|NA|NA|NA|543|267|878|93106646|106044.01594533|0
"060750332011"|0|1|1|0|0|0|0|1|1|1|0|0|0|0|1|5742|17622|7176|16680|17955|1346|263|1654|179716704|108655.806529625|0
"060750607021"|0|1|1|0|0|0|0|1|1|1|0|0|0|1|0|53856|53856|56760|56760|19957|254|90|180|14694612|81636.7333333333|0
"060750611012"|0|1|0|0|0|0|0|1|1|0|0|1|1|0|0|19400|19400|NA|NA|NA|0|0|0|0|NA|0
"060750615011"|0|1|1|0|0|0|0|1|1|1|0|0|0|1|0|11088|11088|19620|19620|NA|170|40|104|12295286|118223.903846154|0
"060750615012"|0|0|1|0|0|0|0|1|1|1|0|0|1|0|0|NA|NA|32280|32280|NA|11|3|2|380000|190000|0
"060750615013"|0|1|1|0|0|0|0|1|1|1|0|0|0|1|0|25728|25728|29232|29232|20280|619|159|252|25059858|99443.8809523809|0
"060770004021"|0|1|0|0|0|0|0|1|1|1|1|0|1|0|0|NA|NA|NA|NA|NA|5|3|10|1095060|109506|0
"060770012001"|0|1|1|0|0|1|0|1|1|1|0|0|0|1|0|52918|52918|51382|51382|14420|1080|412|860|94897622|110346.072093023|0
"060770031102"|0|1|0|0|0|0|0|1|1|1|1|0|1|0|0|NA|NA|NA|NA|NA|18|1|28|1904816|68029.1428571429|0
"060770031112"|0|1|0|0|0|0|0|1|1|1|1|0|0|0|1|1288|9072|NA|NA|NA|392|97|556|48183962|86661.8021582734|0
"060770033053"|0|1|0|0|0|0|0|1|1|0|0|1|1|0|0|NA|NA|NA|NA|NA|0|0|0|0|NA|0
"060770033073"|0|1|1|0|0|0|0|1|1|1|0|0|1|0|0|14760|14760|9360|9360|NA|27|1|18|1295102|71950.1111111111|0
"060770034072"|0|1|0|0|0|0|0|1|1|0|0|1|1|0|0|NA|NA|NA|NA|NA|0|0|0|0|NA|0
"060770038033"|0|1|1|0|0|0|0|1|1|1|0|0|0|1|0|5746|5746|6263|6263|NA|17|15|24|2752808|114700.333333333|0
"060790102071"|0|1|0|0|0|0|0|1|1|0|0|1|1|0|0|NA|NA|NA|NA|NA|0|0|0|0|NA|0
"060790109033"|0|1|1|0|0|0|0|1|1|1|0|0|0|0|1|5742|17622|7176|16680|16449|1487|476|1772|185745216|104822.356659142|0
"060790111031"|0|1|0|0|0|0|0|1|1|1|0|0|1|0|0|NA|NA|NA|NA|NA|45|5|62|3681370|59376.935483871|0
"060790111041"|0|1|0|0|0|0|0|1|1|0|0|1|1|0|0|9820|9820|NA|NA|NA|0|0|0|0|NA|0
"060790115053"|0|1|0|0|0|0|0|1|1|1|1|0|0|1|0|1288|9296|NA|NA|NA|239|129|282|31053450|110118.617021277|0
"060790125031"|0|1|0|0|0|0|0|1|1|0|0|1|1|0|0|NA|NA|NA|NA|NA|0|0|0|0|NA|0
"060816007011"|0|1|0|0|0|0|0|1|1|0|0|1|1|0|0|NA|NA|NA|NA|NA|0|0|0|0|NA|0
"060816017003"|0|1|0|0|0|0|0|1|1|0|0|1|1|0|0|NA|NA|NA|NA|NA|0|0|0|0|NA|0
"060816068002"|0|2|0|0|0|0|0|2|2|1|1|0|0|1|0|NA|NA|NA|NA|NA|420|168|302|34167976|256396.853333333|0
"060816087004"|0|1|1|0|0|0|0|1|1|1|0|0|1|0|0|15792|15792|15300|15300|NA|41|13|16|1427488|89218|0
"060816100001"|0|0|1|0|0|0|0|1|1|1|0|0|1|0|0|NA|NA|20466|20466|NA|34|2|12|1030798|85899.8333333333|0
"060816114001"|0|1|0|0|0|0|0|1|1|1|0|0|1|0|0|48260|48260|NA|NA|16250|111|12|52|5311132|102137.153846154|0
"060816133001"|0|1|0|0|0|0|0|1|1|1|1|0|0|1|0|1288|8932|NA|NA|NA|93|66|184|19795254|107582.902173913|0
"060816140002"|0|1|0|0|0|0|0|1|1|1|0|0|0|1|0|1288|9434|NA|NA|NA|139|103|294|31997814|108836.102040816|0
"060830003022"|0|0|1|0|0|0|0|1|1|1|0|0|0|1|0|NA|NA|19674|19674|NA|81|20|98|8081118|82460.387755102|0
"060830007002"|0|1|0|0|0|0|0|1|1|1|0|0|0|1|0|48840|48840|NA|NA|15760|190|55|206|19131972|92873.6504854369|0
"060830009002"|0|0|1|0|0|0|0|1|1|1|0|0|1|0|0|NA|NA|NA|NA|NA|4|1|0|0|NA|0
"060830009003"|0|1|1|0|0|0|0|1|1|1|0|0|1|0|0|17820|17820|19103|19103|NA|13|8|16|1317288|82330.5|0
"060830012061"|0|1|0|0|0|0|0|1|1|1|1|0|0|0|1|1104|8760|NA|NA|NA|300|104|456|48042354|105356.039473684|0
"060830017041"|0|1|0|0|0|0|0|1|1|1|0|0|1|0|0|14985|14985|NA|NA|NA|19|5|8|325142|40642.75|0
"060830017064"|0|0|1|0|0|0|0|1|1|1|0|0|1|0|0|NA|NA|27100|27100|NA|126|17|70|7413308|105904.4|0
"060830021022"|0|1|0|0|0|0|0|1|1|1|1|0|0|0|1|1104|8952|NA|NA|NA|283|102|340|29851326|87798.0176470588|0
"060830021031"|0|1|0|0|0|0|0|1|1|1|1|0|1|0|0|NA|NA|NA|NA|NA|6|1|6|515840|85973.3333333333|0
"060830024061"|0|1|0|0|0|0|0|1|1|0|0|1|1|0|0|NA|NA|NA|NA|NA|0|0|0|0|NA|0
"060839803001"|0|1|1|0|0|0|0|1|1|1|0|0|0|0|1|11564|41636|11700|26802|16883|4197|924|2170|366348814|168824.338248848|0
"060855008003"|0|1|0|0|0|0|0|1|1|0|0|0|0|0|0|NA|NA|NA|NA|NA|93|13|0|0|NA|0
"060855009011"|0|1|1|0|0|0|0|1|1|1|0|0|0|0|1|5742|17622|7176|16680|18568|1519|445|1786|189929904|106343.731243001|0
"060855017002"|0|1|0|0|0|0|0|1|1|0|0|1|1|0|0|NA|NA|NA|NA|NA|0|0|0|0|NA|0
"060855021031"|0|1|0|0|0|0|0|1|1|1|1|0|0|1|0|1288|9408|NA|NA|NA|155|64|280|37602534|134294.764285714|0
"060855033053"|0|1|0|0|0|0|0|1|1|0|0|1|1|0|0|NA|NA|NA|NA|NA|0|0|0|0|NA|0
"060855033304"|0|1|0|0|0|0|0|1|1|1|1|0|0|1|0|1288|8160|NA|NA|NA|146|62|234|37792894|161508.094017094|0
"060855045061"|0|1|1|0|0|0|0|1|1|1|0|0|1|0|0|NA|NA|NA|NA|NA|6|0|0|0|NA|0
"060855050102"|0|1|0|0|0|0|0|1|1|1|1|0|0|1|0|1380|10080|NA|NA|NA|97|58|338|34040724|100712.201183432|0
"060855050151"|0|1|1|0|0|0|0|1|1|1|0|0|1|0|0|21480|21480|10479|10479|18486|49|8|20|1809200|90460|0
"060855052022"|0|1|1|0|0|0|0|2|2|2|1|0|2|0|0|NA|NA|NA|NA|NA|21|2|28|2077036|NA|0
"060855052031"|0|1|1|0|0|0|0|1|1|1|0|0|0|1|0|56880|56880|24798|24798|17112|991|262|1228|155156600|126349.022801303|0
"060855066013"|0|1|0|0|0|0|0|1|1|0|0|1|1|0|0|NA|NA|NA|NA|NA|0|0|0|0|NA|0
"060855073012"|0|2|0|0|0|0|0|2|2|1|1|0|0|1|0|NA|NA|NA|NA|NA|225|57|318|38560602|NA|0
"060855077013"|0|1|0|0|0|0|0|1|1|1|1|0|0|0|1|1395|11340|NA|NA|NA|272|143|488|54114804|110890.991803279|0
"060855087081"|0|0|2|0|0|0|0|2|2|2|0|0|2|0|0|NA|NA|23713|23713|NA|10|1|0|0|NA|0
"060855108012"|0|1|1|0|0|0|0|1|1|1|0|0|1|0|0|18000|18000|13620|13620|NA|26|2|32|2246400|70200|0
"060855117041"|0|2|0|0|0|0|0|2|2|1|0|0|0|0|1|NA|NA|NA|NA|NA|334|82|344|40429964|266803.228070175|0
"060855117072"|0|1|1|0|0|0|0|1|1|1|0|0|0|1|0|17714|17714|44230|44230|NA|82|10|94|11601228|123417.319148936|0
"060855120014"|0|1|0|0|0|0|0|1|1|1|1|0|1|0|0|NA|NA|NA|NA|NA|32|5|42|3231898|76949.9523809524|0
"060855125101"|0|1|0|0|0|0|0|1|1|1|1|0|0|1|0|1104|7176|NA|NA|NA|108|41|142|15510200|109226.76056338|0
"060855130001"|0|1|1|0|1|1|0|1|1|1|0|0|0|0|1|57693|57693|56487|56487|18619|8575|1281|2832|577952618|204079.314265537|0
"060871004002"|0|1|1|0|0|0|0|1|1|1|0|0|0|0|1|11564|41636|11700|26802|18185|3387|763|1544|227848276|147570.126943005|0
"060871105041"|0|1|0|0|0|0|0|1|1|0|0|1|1|0|0|NA|NA|NA|NA|NA|0|0|0|0|NA|0
"060871215013"|0|0|1|0|0|0|0|1|1|1|0|0|1|0|0|NA|NA|19048|19048|NA|20|12|0|0|NA|0
"060871220011"|0|1|0|0|0|0|0|1|1|1|1|0|0|1|0|1104|8472|NA|NA|NA|285|115|402|39582038|98462.7810945274|0
"060890107021"|0|1|0|0|0|0|0|1|1|0|0|1|1|0|0|NA|NA|NA|NA|NA|0|0|0|0|NA|0
"060890108041"|0|1|1|0|0|0|0|1|1|1|0|0|1|0|0|35980|35980|11160|11160|11900|90|50|74|4959728|67023.3513513513|0
"060890108071"|0|1|0|0|0|0|0|1|1|1|0|0|0|1|0|1104|8184|NA|NA|5370|295|138|254|25492552|100364.377952756|0
"060890113004"|0|1|1|0|0|0|0|1|1|1|0|0|1|0|0|13600|13600|7650|7650|4500|1|0|6|286580|47763.3333333333|0
"060930009014"|0|1|0|0|0|0|0|1|1|1|1|0|0|1|0|1380|9780|NA|NA|9179|86|48|70|6145282|87789.7428571429|0
"060952508013"|0|1|2|0|0|1|0|2|2|2|0|0|1|1|0|NA|NA|NA|NA|NA|315|82|216|24493428|229134.675|0
"060952515002"|0|1|0|0|0|0|0|1|1|0|0|1|1|0|0|NA|NA|NA|NA|NA|0|0|0|0|NA|0
"060952522042"|0|1|0|0|0|0|0|1|1|0|0|1|1|0|0|NA|NA|NA|NA|NA|0|0|0|0|NA|0
"060952523052"|0|1|0|0|0|0|0|1|1|1|0|0|0|1|0|1104|6960|NA|NA|NA|181|68|268|26081878|97320.4402985075|0
"060952529044"|0|1|0|0|0|0|0|1|1|0|0|1|1|0|0|NA|NA|NA|NA|NA|0|0|0|0|NA|0
"060952529112"|0|1|0|0|0|0|0|1|1|0|0|1|1|0|0|NA|NA|NA|NA|NA|0|0|0|0|NA|0
"060971507013"|0|0|1|0|0|0|0|1|1|1|0|0|1|0|0|NA|NA|21632|21632|NA|18|11|4|341400|85350|0
"060971512052"|0|1|1|0|0|0|0|1|1|1|0|0|1|0|0|9993|9993|13750|13750|NA|6|1|8|571920|71490|0
"060971513105"|0|1|1|0|0|0|0|1|1|1|0|0|0|1|0|5742|17622|7176|16680|14926|630|190|466|48427296|103921.236051502|0
"060971521002"|0|1|0|0|0|0|0|1|1|1|1|0|0|0|1|1242|9234|NA|NA|NA|437|154|616|69314138|112522.951298701|0
"060971527012"|0|1|0|0|0|0|0|1|1|0|0|1|1|0|0|NA|NA|NA|NA|NA|0|0|0|0|NA|0
"060971528041"|0|0|1|0|0|0|0|1|1|1|0|0|1|0|0|NA|NA|15466|15466|NA|8|1|0|0|NA|0
"060990005012"|0|2|0|0|0|0|0|2|2|0|0|2|2|0|0|NA|NA|NA|NA|NA|0|0|0|0|NA|0
"060990005013"|0|1|0|0|0|0|0|1|1|1|1|0|1|0|0|NA|NA|NA|NA|NA|19|2|18|1167334|64851.8888888889|0
"060990006021"|0|1|0|0|0|0|0|1|1|0|0|0|0|0|0|NA|NA|NA|NA|NA|164|23|20|2297834|114891.7|0
"060990009072"|0|1|0|0|0|0|0|1|1|0|0|1|1|0|0|NA|NA|NA|NA|NA|0|0|0|0|NA|0
"060990009092"|0|1|0|0|0|0|0|1|1|0|0|1|1|0|0|NA|NA|NA|NA|NA|0|0|0|0|NA|0
"060990013002"|0|1|0|0|0|0|0|1|1|1|0|0|0|0|1|1196|7228|NA|NA|NA|287|162|514|51440382|100078.564202335|0
"060990018002"|0|1|0|0|0|0|0|1|1|0|0|1|1|0|0|NA|NA|NA|NA|NA|0|0|0|0|NA|0
"060990036102"|0|1|1|0|0|0|0|1|1|1|0|0|0|0|1|5742|17622|7176|16680|11382|596|235|756|71584344|94688.2857142857|0
"060990038022"|0|1|0|0|0|0|0|1|1|0|0|1|1|0|0|NA|NA|NA|NA|NA|0|0|0|0|NA|0
"061010501023"|0|1|0|0|0|0|0|1|1|0|0|1|1|0|0|NA|NA|NA|NA|NA|0|0|0|0|NA|0
"061070010082"|0|2|0|0|0|0|0|2|2|1|0|1|1|1|0|NA|NA|NA|NA|NA|80|9|96|7292264|NA|0
"061070012001"|0|1|0|0|0|0|0|1|1|0|0|1|1|0|0|NA|NA|NA|NA|NA|0|0|0|0|NA|0
"061070020021"|0|1|0|0|0|0|0|1|1|1|1|0|0|0|1|1288|8232|NA|NA|NA|295|95|450|45383204|100851.564444444|0
"061070020043"|0|1|0|0|0|0|0|1|1|0|0|0|0|0|0|NA|NA|NA|NA|NA|54|2|0|0|NA|0
"061070020112"|0|1|0|0|0|0|0|1|1|0|0|1|1|0|0|NA|NA|NA|NA|NA|0|0|0|0|NA|0
"061070038022"|0|1|0|0|0|0|0|1|1|0|0|1|1|0|0|NA|NA|NA|NA|NA|0|0|0|0|NA|0
"061070041021"|0|1|0|0|0|0|0|1|1|1|1|0|0|1|0|1380|9510|NA|NA|NA|82|28|148|15039756|101619.972972973|0
"061090021012"|0|1|0|0|0|0|0|1|1|1|1|0|0|1|0|1276|7228|NA|NA|NA|82|38|104|10683718|102728.057692308|0
"061110004001"|0|1|0|0|0|0|0|1|1|1|0|0|1|0|0|27000|27000|NA|NA|9900|92|26|106|11645710|109865.188679245|0
"061110018011"|0|1|0|0|0|0|0|1|1|1|1|0|0|0|1|1340|8092|NA|NA|NA|155|71|274|27019584|98611.6204379562|0
"061110024001"|0|1|0|0|0|0|0|1|1|0|0|1|1|0|0|NA|NA|NA|NA|NA|0|0|0|0|NA|0
"061110028001"|0|1|1|0|0|0|0|2|2|1|0|1|2|0|0|NA|NA|NA|NA|NA|13|2|2|180000|NA|0
"061110047103"|0|1|0|0|0|0|0|1|1|1|1|0|0|1|0|1340|8092|NA|NA|NA|135|62|166|16557504|99744|0
"061110055023"|0|1|0|0|0|0|0|1|1|0|0|0|0|0|0|NA|NA|NA|NA|NA|85|36|0|0|NA|0
"061110057001"|0|1|1|0|0|0|0|1|1|1|0|0|0|1|0|5742|17622|7176|16680|16300|516|142|456|46094640|101084.736842105|0
"061110063021"|0|1|1|0|0|0|0|1|1|1|0|0|0|1|0|47500|47500|20450|20450|15490|370|129|360|34536462|95934.6166666667|0
"061110076142"|0|1|0|0|0|0|0|1|1|1|1|0|0|0|1|1340|8092|NA|NA|NA|178|89|322|31387086|97475.4223602484|0
"061110086011"|0|1|0|0|0|0|0|1|1|0|0|1|1|0|0|NA|NA|NA|NA|NA|0|0|0|0|NA|0
"061110086022"|0|1|0|0|0|0|0|1|1|0|0|1|1|0|0|NA|NA|NA|NA|NA|0|0|0|0|NA|0
"061130105012"|0|1|1|0|1|1|0|1|1|1|0|0|0|0|1|11564|41636|11700|26802|17692|8814|1775|3462|565392612|163313.868284229|0
"061130112082"|0|1|0|0|0|0|0|1|1|1|1|0|0|1|0|1104|6360|NA|NA|NA|15|15|70|8463652|120909.314285714|0
"061150403051"|0|1|0|0|0|0|0|1|1|1|1|0|0|1|0|1104|7464|NA|NA|NA|17|13|170|15040204|88471.7882352941|0
"080010081001"|0|1|1|0|1|1|0|1|1|1|0|0|0|0|1|8736|25992|7722|23994|14230|2876|278|1808|205177662|113483.220132743|0
"080010085552"|0|1|0|0|0|0|0|1|1|0|0|1|1|0|0|NA|NA|NA|NA|NA|0|0|0|0|NA|0
"080010093084"|0|1|0|0|0|0|0|1|1|1|1|0|1|0|0|NA|NA|NA|NA|NA|22|11|52|4039610|77684.8076923077|0
"080010094082"|0|1|0|0|0|0|0|1|1|1|0|0|0|0|1|3754|15404|NA|NA|NA|503|183|482|32829974|68111.979253112|0
"080010602002"|0|1|1|0|0|0|0|1|1|1|0|0|1|0|0|14392|14392|17072|17072|NA|7|0|2|153134|76567|0
"080039602022"|0|1|1|0|0|0|0|1|1|1|0|0|0|1|0|6072|18144|7704|10440|9220|259|76|218|13340074|61193|0
"080050062001"|0|1|0|0|0|0|0|1|1|0|0|1|1|0|0|NA|NA|NA|NA|NA|0|0|0|0|NA|0
"080050065011"|0|1|1|0|0|0|0|2|2|2|0|0|1|0|1|NA|NA|NA|NA|NA|326|59|288|21422986|148574.415789474|0
"080050067122"|0|1|0|0|0|0|0|1|1|1|0|0|1|0|0|17920|17920|NA|NA|NA|21|2|18|1253110|69617.2222222222|0
"080050071081"|0|1|1|0|0|0|0|1|1|1|0|0|0|1|0|8400|8400|9000|9000|NA|175|66|80|5189352|64866.9|0
"080050072013"|0|1|0|0|0|0|0|1|1|1|0|0|1|0|0|NA|NA|NA|NA|NA|57|25|56|2499302|44630.3928571429|0
"080050803003"|0|1|0|0|0|0|0|1|1|0|0|1|1|0|0|NA|NA|NA|NA|NA|0|0|0|0|NA|0
"080050807002"|0|1|0|0|0|0|0|1|1|1|1|0|1|0|0|NA|NA|NA|NA|NA|10|4|20|1465460|73273|0
"080050820001"|0|1|0|0|0|0|0|1|1|1|1|0|0|1|0|3754|15556|NA|NA|NA|178|25|118|8459288|71688.8813559322|0
"080050820002"|0|0|0|0|0|0|0|1|0|0|0|0|0|0|0|NA|NA|NA|NA|NA|0|0|0|0|NA|0
"080050822002"|0|1|0|0|0|0|0|1|1|0|0|1|1|0|0|NA|NA|NA|NA|NA|0|0|0|0|NA|0
"080050869001"|0|1|0|0|0|0|0|1|1|1|1|0|1|0|0|13819|13819|NA|NA|NA|17|2|18|1004542|55807.8888888889|0
"080130123001"|0|1|1|0|0|0|0|1|1|1|0|0|0|0|1|11004|37376|15251|35017|16146|7021|868|3282|371807290|113286.803778184|0
"080130123002"|0|1|1|0|0|0|0|1|1|1|0|0|0|1|0|34400|34400|19578|19578|10696|121|12|136|7419450|54554.7794117647|0
"080130125091"|0|1|0|0|0|0|0|1|1|1|1|0|0|1|0|NA|NA|NA|NA|NA|406|2|248|14166648|57123.5806451613|0
"080130127051"|0|1|1|0|0|0|0|2|2|1|0|1|2|0|0|NA|NA|NA|NA|NA|2|0|0|0|NA|0
"080130130034"|0|0|1|0|0|0|0|1|1|1|0|0|1|0|0|NA|NA|18068|18068|NA|3|0|0|0|NA|0
"080140311041"|0|1|0|0|0|0|0|1|1|1|1|0|1|0|0|16576|16576|NA|NA|NA|26|1|50|1434000|28680|0
"080299649001"|0|1|0|0|0|0|0|1|1|0|0|1|1|0|0|NA|NA|NA|NA|NA|0|0|0|0|NA|0
"080310007032"|0|1|0|0|0|0|0|1|1|0|0|1|1|0|0|NA|NA|NA|NA|NA|0|0|0|0|NA|0
"080310017041"|0|2|1|0|0|0|0|2|2|1|0|1|1|1|0|NA|NA|NA|NA|NA|37|11|52|3969834|NA|0
"080310017061"|0|1|1|0|0|0|0|1|1|0|0|0|0|0|0|NA|NA|NA|NA|NA|61|30|0|0|NA|0
"080310019012"|0|1|0|0|0|0|0|1|1|0|0|1|1|0|0|NA|NA|NA|NA|NA|0|0|0|0|NA|0
"080310026032"|0|1|1|0|0|0|0|1|1|0|0|0|0|0|0|NA|NA|NA|NA|NA|533|68|0|0|NA|0
"080310030041"|0|1|2|0|0|0|0|2|2|2|0|0|1|0|1|NA|NA|75084|75084|NA|1691|287|1572|171321460|203034.54311621|0
"080310032021"|0|0|1|0|0|0|0|1|1|1|0|0|1|0|0|NA|NA|19800|19800|NA|9|3|0|0|NA|0
"080310036022"|0|1|1|0|0|0|0|1|1|0|0|1|1|0|0|NA|NA|NA|NA|NA|0|0|0|0|NA|0
"080310046022"|0|1|0|0|0|0|0|1|1|0|0|1|1|0|0|NA|NA|NA|NA|NA|0|0|0|0|NA|0
"080310068165"|0|1|0|0|0|0|0|1|1|0|0|1|1|0|0|NA|NA|NA|NA|NA|0|0|0|0|NA|0
"080310154004"|0|1|1|0|0|0|0|1|1|1|0|0|0|1|0|40830|40830|14261|14261|13416|361|197|604|52401110|86756.8046357616|0
"080319801001"|0|1|0|0|0|0|0|1|1|1|1|0|0|1|0|NA|NA|NA|NA|NA|65|13|96|5672986|59093.6041666667|0
"080319802001"|0|2|1|0|0|0|0|2|2|2|0|0|0|1|1|12199|41680|NA|NA|NA|1017|660|1348|113122146|157368.517895703|0
"080350140081"|0|1|0|0|0|0|0|1|1|0|0|1|1|0|0|NA|NA|NA|NA|NA|0|0|0|0|NA|0
"080350140143"|0|0|1|0|0|1|0|1|1|1|0|0|0|1|0|NA|NA|30924|30924|NA|156|16|36|4172830|115911.944444444|0
"080410016002"|0|1|1|0|0|0|0|1|1|1|0|0|0|1|0|64554|64554|27600|27600|14376|557|185|426|45405072|106584.676056338|0
"080410021013"|0|1|0|0|0|0|0|1|1|1|1|0|1|0|0|NA|NA|NA|NA|NA|30|4|48|2546074|53043.2083333333|0
"080410022003"|0|1|0|0|0|0|0|1|1|1|1|0|1|0|0|13500|13500|NA|NA|NA|2|0|8|4e+05|50000|0
"080410023001"|0|1|0|0|0|0|0|1|1|0|0|1|1|0|0|NA|NA|NA|NA|NA|0|0|0|0|NA|0
"080410037052"|0|1|0|0|0|0|0|1|1|1|1|0|1|0|0|NA|NA|NA|NA|NA|9|3|16|1173122|73320.125|0
"080410038022"|0|1|0|0|1|0|0|1|1|1|0|0|0|1|0|NA|NA|NA|NA|NA|222|51|398|53593496|134657.025125628|0
"080410039051"|0|1|0|0|0|0|0|1|1|1|0|0|1|0|0|9552|9552|NA|NA|NA|18|3|14|800920|57208.5714285714|0
"080410044021"|0|1|0|0|0|0|0|1|1|1|0|0|0|0|1|3754|15403|NA|NA|NA|333|167|372|23859042|64137.2096774194|0
"080410045011"|0|1|0|0|0|0|0|1|1|1|1|0|1|0|0|15669|15669|NA|NA|NA|2|0|12|428604|35717|0
"080410048001"|0|2|0|0|0|0|0|2|2|0|0|2|2|0|0|NA|NA|NA|NA|NA|0|0|0|0|NA|0
"080410049011"|0|1|0|0|0|0|0|1|1|0|0|1|1|0|0|NA|NA|NA|NA|NA|0|0|0|0|NA|0
"080410078021"|0|1|1|0|0|0|0|1|1|1|0|0|0|0|1|10990|20906|14560|28330|11400|914|160|1082|81613222|75428.1164510166|0
"080410079001"|0|1|1|0|0|0|0|1|1|1|0|0|0|0|1|12036|12036|13937|13937|NA|578|21|110|10090542|91732.2|0
"080459517023"|0|1|0|0|0|0|0|1|1|1|0|0|0|1|0|4680|11520|NA|NA|11320|332|88|238|21969096|92307.1260504202|0
"080519637021"|0|1|1|0|0|0|0|1|1|1|0|0|0|1|0|6936|18960|14000|14500|10286|197|63|272|17334994|63731.5955882353|0
"080590098311"|0|1|0|0|0|0|0|1|1|0|0|1|1|0|0|NA|NA|NA|NA|NA|0|0|0|0|NA|0
"080590099011"|0|1|1|0|0|0|0|1|1|1|0|0|0|1|0|17520|39600|17676|39618|16110|1003|99|682|78011728|114386.697947214|0
"080590110006"|0|1|0|0|0|0|0|1|1|1|1|0|1|0|0|NA|NA|NA|NA|NA|11|0|10|550778|55077.8|0
"080590112022"|0|1|1|0|0|0|0|1|1|1|0|0|0|1|0|25751|25751|13931|13931|11194|486|278|236|18269954|77415.0593220339|0
"080590114022"|0|1|1|0|0|0|0|1|1|1|0|0|0|1|0|20355|20355|15144|15144|NA|128|48|124|7870802|63474.2096774194|0
"080590117011"|0|1|0|0|0|0|0|1|1|0|0|1|1|0|0|10800|10800|NA|NA|NA|0|0|0|0|NA|0
"080590117212"|0|1|1|0|0|0|0|1|1|1|0|0|0|1|0|3744|15408|10278|12240|NA|241|67|186|14048026|75527.0215053763|0
"080590117291"|0|1|1|0|0|0|0|1|1|1|0|0|1|0|0|3600|3600|5400|5400|NA|16|6|0|0|NA|0
"080590118071"|0|1|0|0|0|0|0|1|1|0|0|1|1|0|0|NA|NA|NA|NA|NA|0|0|0|0|NA|0
"080590120461"|0|1|0|0|0|0|0|1|1|0|0|1|1|0|0|NA|NA|NA|NA|NA|0|0|0|0|NA|0
"080679708002"|0|1|1|0|0|0|0|1|1|1|0|0|0|1|0|7200|17712|6750|6750|12554|339|132|432|30173246|69845.4768518519|0
"080690006001"|0|1|1|0|0|1|0|1|1|1|0|0|0|0|1|9903|29861|10834|26564|13728|6391|734|3290|363765810|110567.11550152|0
"080690007001"|0|1|0|0|0|0|0|1|1|0|0|1|1|0|0|NA|NA|NA|NA|NA|0|0|0|0|NA|0
"080690010073"|0|1|0|0|0|0|0|1|1|1|1|0|1|0|0|14760|14760|NA|NA|NA|28|10|58|2229174|38434.0344827586|0
"080690011101"|0|1|0|0|0|0|0|1|1|1|1|0|0|0|0|2200|2200|NA|NA|NA|0|0|0|0|NA|0
"080690018073"|0|1|0|0|0|0|0|1|1|0|0|1|1|0|0|NA|NA|NA|NA|NA|0|0|0|0|NA|0
"080710002001"|0|1|0|0|0|0|0|1|1|1|0|0|0|1|0|4680|7800|NA|NA|8226|58|14|66|3159306|47868.2727272727|0
"080759662001"|0|1|0|0|0|0|0|1|1|1|1|0|0|1|0|4692|7038|NA|NA|7506|67|9|78|4175384|53530.5641025641|0
"080770004002"|0|1|0|0|0|0|0|1|0|0|0|0|0|0|0|NA|NA|NA|NA|NA|0|0|0|0|NA|0
"080770005002"|0|1|1|0|0|0|0|1|1|1|0|0|0|1|0|8261|21983|9548|14323|11522|430|167|650|42861584|65940.8984615385|0
"080770016002"|0|1|0|0|0|0|0|1|1|1|1|0|0|1|0|NA|NA|NA|NA|NA|41|5|112|5306700|47381.25|0
"080870006001"|0|1|0|0|0|0|0|1|1|1|0|0|0|1|0|3754|15403|NA|NA|NA|57|5|76|4941914|65025.1842105263|0
"080899686005"|0|1|0|0|0|0|0|1|1|1|1|0|1|0|0|3754|6258|NA|NA|8480|209|33|54|2914736|53976.5925925926|0
"080990003004"|0|1|0|0|0|0|0|1|1|1|1|0|1|0|0|3754|6258|NA|NA|7510|53|14|38|1921750|50572.3684210526|0
"081010009031"|0|1|1|0|0|0|0|1|1|1|0|0|0|1|0|6670|13749|5996|17826|11220|362|131|356|22858806|64210.1292134831|0
"081010015002"|0|1|0|0|0|0|0|1|1|1|0|0|0|1|0|3754|15403|NA|NA|NA|210|45|176|10698360|60786.1363636364|0
"081039512003"|0|1|0|0|0|0|0|1|1|1|1|0|0|1|0|3754|6258|NA|NA|8356|63|20|60|3661116|61018.6|0
"081230001001"|0|1|0|0|0|0|0|1|1|0|0|1|1|0|0|NA|NA|NA|NA|NA|0|0|0|0|NA|0
"081230002002"|0|1|1|0|0|0|0|1|1|1|0|0|0|1|0|8180|21570|11628|21762|12870|771|243|794|59895450|75435.0755667506|0
"081230014111"|0|1|0|0|0|0|0|1|1|1|1|0|0|1|0|2736|10632|NA|NA|NA|314|93|254|17368374|68379.4251968504|0
"090010201011"|0|1|0|0|0|0|0|1|1|1|0|0|0|1|0|15672|38340|NA|NA|17230|0|0|0|0|NA|0
"090010431004"|0|1|0|0|0|0|0|1|1|1|1|0|0|1|0|4176|12552|NA|NA|NA|120|47|156|14801964|94884.3846153846|0
"090010601003"|0|1|1|0|0|0|0|1|1|1|0|0|0|0|1|46310|46310|34852|34852|17520|656|234|704|68794420|97719.3465909091|0
"090010607001"|0|1|1|0|0|0|0|1|1|1|0|0|0|1|0|53630|53630|20034|20034|16750|578|201|674|76864766|114042.679525223|0
"090010704001"|0|1|1|0|0|0|0|1|1|1|0|0|1|0|0|22032|22032|14040|14040|18000|30|3|24|1607702|66987.5833333333|0
"090010705001"|0|1|1|0|0|0|0|2|1|1|0|0|0|1|0|NA|NA|NA|NA|NA|177|33|292|25065550|NA|0
"090010706002"|0|1|0|0|0|0|0|1|1|1|1|0|0|1|0|4176|12552|NA|NA|NA|118|39|148|12994946|87803.6891891892|0
"090010738002"|0|1|0|0|0|0|0|1|1|0|0|1|1|0|0|NA|NA|NA|NA|NA|0|0|0|0|NA|0
"090010743001"|0|1|0|0|0|0|0|1|1|0|0|1|1|0|0|NA|NA|NA|NA|NA|0|0|0|0|NA|0
"090010804001"|0|1|0|0|0|0|0|1|1|0|0|1|1|0|0|NA|NA|NA|NA|NA|0|0|0|0|NA|0
"090010805001"|0|1|0|0|0|0|0|1|1|0|0|1|1|0|0|NA|NA|NA|NA|NA|0|0|0|0|NA|0
"090011103022"|0|1|0|0|0|0|0|1|1|0|0|1|1|0|0|NA|NA|NA|NA|NA|0|0|0|0|NA|0
"090012102021"|0|1|1|0|0|0|0|1|1|1|0|0|0|1|0|6464|19358|8058|20756|14568|301|76|388|41949176|108116.432989691|0
"090012305023"|0|1|0|0|0|0|0|1|1|0|0|1|1|0|0|NA|NA|NA|NA|NA|0|0|0|0|NA|0
"090012572002"|0|1|0|0|0|0|0|1|1|0|0|1|0|1|0|15550|15550|NA|NA|NA|0|0|0|0|NA|0
"090034058021"|0|1|0|0|0|0|0|1|1|0|0|1|1|0|0|NA|NA|NA|NA|NA|0|0|0|0|NA|0
"090034154002"|0|1|0|0|0|0|0|1|1|0|0|1|1|0|0|NA|NA|NA|NA|NA|0|0|0|0|NA|0
"090034172001"|0|1|1|0|0|0|0|1|1|1|0|0|0|1|0|7656|10056|9288|9720|NA|67|19|0|0|NA|0
"090034173001"|0|1|1|0|0|0|0|1|1|1|0|0|0|1|0|6470|19358|8058|20756|12464|484|118|784|81532230|103995.191326531|0
"090034602043"|0|1|0|0|0|0|0|1|1|1|1|0|0|1|0|4176|12552|NA|NA|NA|103|38|110|9276338|84330.3454545455|0
"090034808002"|0|1|0|0|0|0|0|1|1|1|1|0|0|1|0|4176|12552|NA|NA|NA|69|15|84|6892220|82050.2380952381|0
"090034841005"|0|1|0|0|0|0|0|1|1|0|0|1|1|0|0|NA|NA|NA|NA|NA|0|0|0|0|NA|0
"090034922001"|0|1|0|0|0|0|0|1|1|0|0|1|1|0|0|NA|NA|NA|NA|NA|0|0|0|0|NA|0
"090034961001"|0|1|0|0|0|0|0|1|1|0|0|1|1|0|0|NA|NA|NA|NA|NA|0|0|0|0|NA|0
"090034972002"|0|1|1|0|0|0|0|1|1|1|0|0|0|1|0|41712|41712|14850|14850|13240|333|43|244|21178044|86795.262295082|0
"090035021001"|0|2|1|0|0|0|0|3|3|3|1|0|1|2|0|NA|NA|NA|NA|NA|107|16|138|12567584|NA|0
"090035025001"|0|1|0|0|0|0|0|1|0|0|0|1|1|0|0|NA|NA|NA|NA|NA|0|0|0|0|NA|0
"090035027003"|0|1|1|0|0|0|0|1|1|1|0|0|0|1|0|61070|61070|18780|18780|16660|379|131|480|47272690|98484.7708333333|0
"090035038001"|0|1|1|0|0|0|0|1|1|1|0|0|0|1|0|42851|42851|14652|14652|13512|445|171|682|56796858|83279.8504398827|0
"090035042001"|0|0|1|0|0|0|0|1|1|1|0|0|1|0|0|NA|NA|14194|14194|NA|24|4|16|1243606|77725.375|0
"090035108001"|0|1|1|0|0|0|0|1|1|1|0|0|0|1|0|19988|19988|12906|12906|6200|238|58|160|11999496|74996.85|0
"090035113002"|0|1|0|0|0|0|0|1|1|0|0|1|1|0|0|NA|NA|NA|NA|NA|0|0|0|0|NA|0
"090035151022"|0|1|0|0|0|0|0|1|1|1|1|0|0|1|0|4176|12552|NA|NA|NA|134|16|172|15426344|89688.0465116279|0
"090053201022"|0|1|0|0|0|0|0|1|1|1|1|0|0|1|0|4176|12552|NA|NA|NA|52|21|56|4467398|79774.9642857143|0
"090075415001"|0|1|1|0|0|0|0|1|1|1|0|0|0|1|0|63722|63722|63722|63722|18180|559|164|848|100901210|118987.275943396|0
"090075701003"|0|1|0|0|0|0|0|1|1|0|0|1|1|0|0|NA|NA|NA|NA|NA|0|0|0|0|NA|0
"090075703001"|0|1|1|0|0|0|0|1|1|1|0|0|1|0|0|9360|9360|7020|7020|14110|20|6|16|795474|49717.125|0
"090076802005"|0|1|0|0|0|0|0|1|1|1|1|0|0|1|0|4176|12552|NA|NA|NA|68|9|80|7579290|94741.125|0
"090091301013"|0|1|0|0|0|0|0|1|1|0|0|1|1|0|0|NA|NA|NA|NA|NA|0|0|0|0|NA|0
"090091401011"|0|1|0|0|0|0|0|1|1|1|1|0|0|1|0|4176|12552|NA|NA|NA|144|60|186|16745204|90027.9784946237|0
"090091413013"|0|1|1|0|0|0|0|1|1|1|0|0|0|1|0|6470|19358|8299|18092|14076|520|108|818|84443038|103231.097799511|0
"090091418003"|0|1|1|0|0|0|0|1|1|1|0|0|0|1|0|36682|36682|22176|22176|15046|131|43|98|7626550|77821.9387755102|0
"090091542002"|0|1|0|0|0|0|0|1|1|0|0|1|1|0|0|NA|NA|NA|NA|NA|0|0|0|0|NA|0
"090091656003"|0|1|0|0|0|0|0|1|1|0|0|1|1|0|0|14576|14576|NA|NA|NA|0|0|0|0|NA|0
"090091660024"|0|1|1|0|0|1|0|1|1|1|0|0|0|1|0|49170|49170|19710|19710|15950|729|187|740|81810824|110555.167567568|0
"090091672022"|0|1|0|0|0|0|0|1|1|0|0|1|1|0|0|NA|NA|NA|NA|NA|0|0|0|0|NA|0
"090091754004"|0|1|0|0|0|0|0|1|1|0|0|1|1|0|0|NA|NA|NA|NA|NA|0|0|0|0|NA|0
"090091842002"|0|1|0|0|0|0|0|1|1|0|0|1|1|0|0|NA|NA|NA|NA|NA|0|0|0|0|NA|0
"090091901001"|0|1|0|0|0|0|0|1|1|0|0|1|1|0|0|NA|NA|NA|NA|NA|0|0|0|0|NA|0
"090093501013"|0|1|0|0|0|0|0|1|1|1|0|0|1|0|0|15672|38340|NA|NA|NA|0|0|0|0|NA|0
"090093505002"|0|1|0|0|0|0|0|1|1|0|0|1|1|0|0|NA|NA|NA|NA|NA|0|0|0|0|NA|0
"090093518003"|0|1|0|0|0|0|0|1|1|1|1|0|0|1|0|4176|12552|NA|NA|NA|170|52|166|15825232|95332.7228915663|0
"090093519001"|0|2|2|0|0|0|0|2|1|1|0|0|0|0|1|NA|NA|NA|NA|NA|821|35|112|9321264|NA|0
"090093523001"|0|1|0|0|0|0|0|1|1|0|0|1|1|0|0|NA|NA|NA|NA|NA|0|0|0|0|NA|0
"090093527013"|0|1|0|0|0|0|0|1|1|0|0|1|1|0|0|NA|NA|NA|NA|NA|0|0|0|0|NA|0
"090093528003"|0|1|0|0|0|0|0|1|1|0|0|1|1|0|0|NA|NA|NA|NA|NA|0|0|0|0|NA|0
"090093614021"|0|1|1|0|0|1|0|1|1|1|0|0|0|0|1|62250|62250|46900|46900|18450|7676|1568|2600|499683236|192185.86|0
"090093615001"|0|1|1|0|0|0|0|1|1|1|0|0|0|1|0|42610|42610|18360|18360|18608|466|221|496|48943304|98676.0161290323|0
"090116909001"|0|1|0|0|0|0|0|1|1|1|0|0|1|0|0|35006|35006|NA|NA|14800|121|16|38|2823166|74293.8421052632|0
"090116967011"|0|1|0|0|0|0|0|1|1|1|1|0|0|1|0|4176|12552|NA|NA|NA|63|16|116|10464502|90211.224137931|0
"090117026001"|0|1|0|0|0|0|0|1|1|1|0|0|1|0|0|15672|38340|NA|NA|NA|0|0|0|0|NA|0
"090118703003"|0|2|0|0|1|0|0|2|2|2|0|0|0|2|0|NA|NA|NA|NA|NA|601|188|598|49140996|157594.709256979|0
"090135382011"|0|1|0|0|0|0|0|1|1|0|0|1|1|0|0|NA|NA|NA|NA|NA|0|0|0|0|NA|0
"090138812001"|0|1|1|0|1|1|0|1|1|1|0|0|0|0|1|15672|38340|18174|40086|13622|6206|2319|3234|414887512|128289.273964131|0
"090158003003"|0|1|1|0|0|0|0|1|1|1|0|0|0|1|0|6470|9706|8058|12088|16106|361|80|334|34073862|102017.550898204|0
"090159044004"|0|1|0|0|0|0|0|1|1|1|1|0|0|1|0|4176|12552|NA|NA|NA|51|7|60|5222126|87035.4333333333|0
"100010422052"|0|1|0|0|0|0|0|1|1|0|0|1|1|0|0|NA|NA|NA|NA|NA|0|0|0|0|NA|0
"100010433001"|0|3|1|1|0|0|0|3|3|2|0|0|0|1|1|NA|NA|NA|NA|NA|1118|357|1236|100373722|280772.690569231|0
"100030028001"|0|1|1|0|0|0|0|1|1|1|0|0|1|0|0|13320|13320|14940|14940|NA|0|0|0|0|NA|0
"100030028002"|0|1|0|0|0|0|0|1|1|1|1|0|1|0|0|27780|27780|NA|NA|14000|16|8|12|671976|55998|0
"100030136102"|0|1|0|0|0|0|0|1|1|0|0|1|1|0|0|NA|NA|NA|NA|NA|0|0|0|0|NA|0
"100030136132"|0|1|1|0|0|0|0|1|1|1|0|0|0|1|0|13050|13050|12672|12672|11600|60|18|38|3279084|86291.6842105263|0
"100030139062"|0|1|0|0|0|0|0|1|1|0|0|1|1|0|0|NA|NA|NA|NA|NA|0|0|0|0|NA|0
"100030145022"|0|1|1|0|0|0|0|1|1|1|0|0|0|0|1|13370|35890|17622|17622|14234|3528|818|2474|312939994|126491.509296686|0
"100030147021"|0|1|0|0|0|0|0|1|1|0|0|1|1|0|0|NA|NA|NA|NA|NA|0|0|0|0|NA|0
"100030163011"|0|2|0|0|0|0|0|2|2|0|0|2|2|0|0|NA|NA|NA|NA|NA|0|0|0|0|NA|0
"100050509031"|0|1|0|0|0|0|0|1|1|0|0|1|1|0|0|6400|6400|NA|NA|NA|0|0|0|0|NA|0
"100050515022"|0|1|0|0|0|0|0|1|1|0|0|1|1|0|0|NA|NA|NA|NA|NA|0|0|0|0|NA|0
"110010002012"|0|1|1|0|0|1|0|1|1|1|0|0|0|0|1|61872|61872|56592|56592|18824|3564|763|2246|360403172|160464.457702582|0
"110010002022"|0|1|0|0|0|0|0|1|1|0|0|1|1|0|0|10900|10900|NA|NA|NA|0|0|0|0|NA|0
"110010009031"|0|1|2|0|0|0|0|2|2|2|0|0|1|0|1|NA|NA|59199|59199|NA|1899|528|1740|200997558|227756.209020068|0
"110010012004"|0|1|1|1|0|0|0|1|1|1|0|0|0|1|0|5292|12144|9234|17748|NA|434|108|454|40267412|88694.7400881057|0
"110010034002"|0|1|1|1|1|1|0|1|1|1|0|0|0|0|1|30584|30584|35556|35556|15880|1350|377|1534|164814996|107441.327249022|0
"110010052022"|0|0|1|0|0|0|0|1|1|1|0|0|1|0|0|NA|NA|31200|31200|NA|30|7|20|2580000|129000|0
"110010088032"|0|1|1|0|0|0|0|1|1|1|0|0|0|1|0|16512|16512|18180|18180|14800|576|220|360|36548586|101523.85|0
"110010088042"|0|1|0|0|0|0|0|1|1|1|1|0|1|0|0|19080|19080|NA|NA|NA|9|1|16|1438000|89875|0
"110010092011"|0|1|0|0|0|0|0|1|1|0|0|1|1|0|0|NA|NA|NA|NA|NA|0|0|0|0|NA|0
"110010092012"|0|1|2|0|0|0|0|2|2|2|0|0|1|1|0|NA|NA|32208|32208|NA|101|23|162|10587618|121867.660714286|0
"110010095111"|0|1|2|0|0|0|0|2|2|2|0|0|1|1|0|NA|NA|71565|71565|NA|1108|257|688|64980082|203717.623353293|0
"110010101001"|0|3|2|0|0|0|0|3|3|3|0|0|2|0|1|31640|31640|NA|NA|NA|863|100|366|29616422|NA|0
"110010101003"|0|2|2|0|0|0|0|3|3|3|1|0|3|0|0|NA|NA|NA|NA|NA|79|28|62|5320720|219855.354037267|0
"110010106033"|0|1|0|0|0|0|0|1|1|0|0|1|1|0|0|NA|NA|NA|NA|NA|0|0|0|0|NA|0
"110010107002"|0|1|0|0|0|0|0|1|1|0|0|1|1|0|0|NA|NA|NA|NA|NA|0|0|0|0|NA|0
"110010108003"|0|1|1|0|0|1|0|1|1|1|0|0|0|0|1|60856|60856|33930|33930|15720|2750|619|2312|340941654|147466.113321799|0
"120010004003"|0|0|1|0|0|0|0|1|1|1|0|0|1|0|0|NA|NA|11800|11800|NA|6|1|2|90000|45000|0
"120010005001"|0|0|1|0|0|0|0|1|1|1|0|0|1|0|0|NA|NA|50000|50000|NA|11|1|0|0|NA|0
"120010005004"|0|1|0|0|0|0|0|1|1|0|0|1|1|0|0|NA|NA|NA|NA|NA|0|0|0|0|NA|0
"120010009021"|0|2|1|0|0|1|0|2|2|2|0|0|0|1|1|7835|40694|NA|NA|NA|9578|1661|5382|680566606|173573.525408069|0
"120010017013"|0|1|0|0|0|0|0|1|1|1|0|0|0|0|1|1872|7418|NA|NA|NA|490|213|502|30663786|61083.2390438247|0
"120010021011"|0|1|0|0|0|0|0|1|1|0|0|1|1|0|0|NA|NA|NA|NA|NA|0|0|0|0|NA|0
"120010022173"|0|2|0|0|0|0|0|2|2|1|1|1|2|0|0|NA|NA|NA|NA|NA|1|0|4|216000|NA|0
"120010022192"|0|1|0|0|0|0|0|1|1|1|0|0|1|0|0|41040|41040|NA|NA|NA|14|5|12|889996|74166.3333333333|0
"120050013025"|0|1|0|0|0|0|0|1|1|0|0|1|1|0|0|NA|NA|NA|NA|NA|0|0|0|0|NA|0
"120050024002"|0|1|0|0|0|0|0|1|1|1|0|0|0|1|0|1750|7065|NA|NA|NA|210|79|266|16393144|61628.3609022556|0
"120070002021"|0|1|0|0|0|0|0|1|1|0|0|1|1|0|0|NA|NA|NA|NA|NA|0|0|0|0|NA|0
"120090641243"|0|1|0|0|0|0|0|1|1|1|0|0|0|0|1|2048|8399|NA|NA|10024|438|170|472|26904714|57001.5127118644|0
"120090647013"|0|1|0|0|0|0|0|1|1|0|0|1|1|0|0|NA|NA|NA|NA|NA|0|0|0|0|NA|0
"120090649012"|0|2|2|0|0|0|0|2|2|2|0|0|0|2|0|55010|55010|38466|38466|NA|624|175|514|50355356|174162.187664042|0
"120090698011"|0|1|0|0|0|0|0|1|1|0|0|1|1|0|0|NA|NA|NA|NA|NA|0|0|0|0|NA|0
"120110104054"|0|1|0|0|0|0|0|1|1|0|0|1|1|0|0|NA|NA|NA|NA|NA|0|0|0|0|NA|0
"120110104072"|0|1|1|0|0|0|0|1|1|1|0|0|1|0|0|7080|7080|5490|5490|NA|27|11|14|638592|45613.7142857143|0
"120110105041"|0|1|0|0|0|0|0|1|1|0|0|1|1|0|0|NA|NA|NA|NA|NA|0|0|0|0|NA|0
"120110201031"|0|1|0|0|0|0|0|1|1|1|1|0|1|0|0|NA|NA|NA|NA|NA|4|1|0|0|NA|0
"120110201032"|0|1|0|0|0|0|0|1|1|0|0|1|1|0|0|NA|NA|NA|NA|NA|0|0|0|0|NA|0
"120110201033"|0|1|0|0|0|0|0|1|1|0|0|1|0|1|0|NA|NA|NA|NA|NA|0|0|0|0|NA|0
"120110202052"|0|1|0|0|0|0|0|1|1|1|1|0|1|0|0|NA|NA|NA|NA|NA|21|17|14|771808|55129.1428571429|0
"120110302021"|0|1|0|0|0|0|0|1|1|0|0|1|1|0|0|NA|NA|NA|NA|NA|0|0|0|0|NA|0
"120110308032"|0|1|0|0|0|0|0|1|1|1|1|0|1|0|0|NA|NA|NA|NA|NA|12|6|4|114400|28600|0
"120110311021"|0|1|0|0|0|0|0|1|1|0|0|1|1|0|0|NA|NA|NA|NA|NA|0|0|0|0|NA|0
"120110406011"|0|1|0|0|0|0|0|1|1|1|1|0|1|0|0|8985|8985|NA|NA|NA|7|1|2|76000|38000|0
"120110425022"|0|2|1|0|0|0|0|2|2|2|0|0|1|0|1|19968|25402|NA|NA|NA|859|190|712|43034052|116810.144085141|0
"120110501001"|0|1|0|0|0|0|0|1|1|1|0|0|1|0|0|23840|23840|NA|NA|NA|17|5|16|1471664|91979|0
"120110502071"|0|2|1|0|0|0|0|2|2|2|0|0|1|0|1|40288|40288|NA|NA|NA|1619|983|2518|179160370|117014.492503987|0
"120110503061"|0|1|0|0|0|0|0|1|1|1|1|0|1|0|0|NA|NA|NA|NA|NA|31|24|36|1423676|39546.5555555556|0
"120110504012"|0|1|0|0|0|0|0|1|1|0|0|1|1|0|0|NA|NA|NA|NA|NA|0|0|0|0|NA|0
"120110506012"|0|1|0|0|0|0|0|1|1|0|0|1|1|0|0|NA|NA|NA|NA|NA|0|0|0|0|NA|0
"120110604052"|0|1|1|0|0|0|0|1|1|1|0|0|1|0|0|7200|7200|6300|6300|NA|17|0|6|352000|58666.6666666667|0
"120110608023"|0|1|0|0|0|0|0|1|1|0|0|1|1|0|0|NA|NA|NA|NA|NA|0|0|0|0|NA|0
"120110610041"|0|1|0|0|0|0|0|1|1|0|0|1|1|0|0|NA|NA|NA|NA|NA|0|0|0|0|NA|0
"120110702042"|0|3|1|0|0|1|0|3|3|1|0|2|2|0|1|NA|NA|NA|NA|NA|1943|433|668|74473892|NA|0
"120110801052"|0|1|1|0|0|0|0|1|1|0|0|0|0|0|0|NA|NA|NA|NA|NA|0|0|0|0|NA|0
"120110907001"|0|1|0|0|0|0|0|1|1|1|1|0|1|0|0|16305|16305|NA|NA|NA|9|2|12|971000|80916.6666666667|0
"120110908012"|0|1|0|0|0|0|0|1|1|0|0|1|0|1|0|NA|NA|NA|NA|NA|0|0|0|0|NA|0
"120110914004"|0|1|0|0|0|0|0|1|1|0|0|1|1|0|0|NA|NA|NA|NA|NA|0|0|0|0|NA|0
"120111001031"|0|1|0|0|0|0|0|1|1|0|0|1|1|0|0|NA|NA|NA|NA|NA|0|0|0|0|NA|0
"120111103123"|0|1|0|0|0|0|0|1|1|0|0|1|1|0|0|NA|NA|NA|NA|NA|0|0|0|0|NA|0
"120111103133"|0|1|0|0|0|0|0|1|1|0|0|1|1|0|0|NA|NA|NA|NA|NA|0|0|0|0|NA|0
"120111103211"|0|3|1|0|0|0|0|3|3|3|1|0|3|0|0|NA|NA|NA|NA|NA|49|10|46|2142750|138637.5|0
"120111103213"|0|1|1|0|0|0|0|1|1|1|0|0|1|0|0|14392|14392|17072|17072|NA|34|0|12|1307296|108941.333333333|0
"120111103341"|0|1|0|0|0|0|0|1|1|1|0|0|1|0|0|NA|NA|NA|NA|NA|21|10|40|3392794|84819.85|0
"120111103381"|0|1|1|0|0|0|0|1|1|1|0|0|1|0|0|10320|10320|12240|12240|NA|6|1|2|85948|42974|0
"120111103451"|0|1|0|0|0|0|0|1|1|1|1|0|1|0|0|NA|NA|NA|NA|NA|16|2|24|1728414|72017.25|0
"120150203022"|0|1|0|0|0|0|0|1|1|0|0|1|1|0|0|3000|12000|NA|NA|NA|0|0|0|0|NA|0
"120174514001"|0|1|0|0|0|0|0|1|1|0|0|1|1|0|0|NA|NA|NA|NA|NA|0|0|0|0|NA|0
"120190309033"|0|1|0|0|0|0|0|1|1|0|0|1|1|0|0|NA|NA|NA|NA|NA|0|0|0|0|NA|0
"120190309045"|0|1|0|0|0|0|0|1|1|1|1|0|1|0|0|13852|13852|NA|NA|NA|14|4|22|1431600|65072.7272727273|0
"120210104161"|0|0|1|0|0|0|0|1|1|1|0|0|1|0|0|NA|NA|NA|NA|NA|42|10|50|5790614|115812.28|0
"120210106022"|0|1|0|0|0|0|0|1|1|0|0|1|1|0|0|NA|NA|NA|NA|NA|0|0|0|0|NA|0
"120210111141"|0|0|0|0|0|0|0|1|0|0|0|0|0|0|0|NA|NA|NA|NA|NA|0|0|0|0|NA|0
"120210112081"|0|1|1|0|0|0|0|1|1|1|0|0|0|1|0|25168|25168|16300|16300|13402|134|44|138|10427404|75560.8985507246|0
"120210114001"|0|1|0|0|0|0|0|1|1|0|0|1|1|0|0|NA|NA|NA|NA|NA|0|0|0|0|NA|0
"120231103002"|0|1|0|0|0|0|0|1|1|1|0|0|0|1|0|2369|9473|NA|NA|5400|108|63|148|8780820|59329.8648648649|0
"120310001012"|0|1|0|0|0|0|0|1|1|0|0|1|1|0|0|NA|NA|NA|NA|NA|0|0|0|0|NA|0
"120310010001"|0|1|0|0|0|0|0|1|1|1|0|0|0|0|1|2095|7947|NA|NA|8496|937|369|654|37171460|56837.0948012232|0
"120310014021"|0|1|0|0|0|0|0|1|1|0|0|1|1|0|0|NA|NA|NA|NA|NA|0|0|0|0|NA|0
"120310029022"|0|1|1|1|0|0|0|1|1|1|0|0|0|1|0|14878|14878|22539|22539|8010|99|40|92|4693586|51017.2391304348|0
"120310104021"|0|1|0|0|0|0|0|1|1|0|0|1|1|0|0|NA|NA|NA|NA|NA|0|0|0|0|NA|0
"120310119033"|0|1|1|0|0|0|0|1|1|1|0|0|1|0|0|13100|13100|NA|NA|5740|24|9|30|1409538|46984.6|0
"120310122022"|0|1|0|0|0|0|0|1|1|0|0|1|1|0|0|NA|NA|NA|NA|NA|0|0|0|0|NA|0
"120310135242"|0|1|0|0|0|0|0|1|1|0|0|1|1|0|0|NA|NA|NA|NA|NA|0|0|0|0|NA|0
"120310144143"|0|1|0|0|0|0|0|1|1|0|0|1|1|0|0|NA|NA|NA|NA|NA|0|0|0|0|NA|0
"120310144151"|0|1|1|0|0|0|0|1|1|1|0|0|0|0|1|3996|16799|8570|19585|10192|1119|331|1146|92555220|80763.7172774869|0
"120310145001"|0|1|0|0|0|0|0|1|1|0|0|1|1|0|0|NA|NA|NA|NA|NA|0|0|0|0|NA|0
"120310148002"|0|1|1|0|0|0|0|1|1|1|0|0|0|1|0|43520|43520|16293|16293|15986|354|132|448|36169186|80734.7901785714|0
"120310158053"|0|1|0|0|0|0|0|1|1|0|0|1|1|0|0|NA|NA|NA|NA|NA|0|0|0|0|NA|0
"120310159221"|0|1|0|0|0|0|0|1|1|1|1|0|1|0|0|14547|14547|NA|NA|NA|30|1|58|3423350|59023.275862069|0
"120310159261"|0|1|0|0|0|0|0|1|1|1|1|0|1|0|0|NA|NA|NA|NA|NA|52|20|42|2258414|53771.7619047619|0
"120310159262"|0|1|0|0|0|0|0|1|1|1|0|0|1|0|0|18900|18900|NA|NA|NA|0|0|0|0|NA|0
"120310159271"|0|1|0|0|0|0|0|1|1|0|0|1|1|0|0|NA|NA|NA|NA|NA|0|0|0|0|NA|0
"120310171022"|0|1|0|0|0|0|0|1|1|0|0|1|1|0|0|NA|NA|NA|NA|NA|0|0|0|0|NA|0
"120310172001"|0|1|0|0|0|0|0|1|1|0|0|1|1|0|0|NA|NA|NA|NA|NA|0|0|0|0|NA|0
"120330011012"|0|1|0|0|0|0|0|1|1|1|0|0|0|1|0|1888|7551|NA|NA|NA|380|245|294|14836278|50463.5306122449|0
"120330011041"|0|1|0|0|0|0|0|1|1|0|0|1|1|0|0|NA|NA|NA|NA|NA|0|0|0|0|NA|0
"120330013002"|0|1|0|0|0|0|0|1|1|0|0|1|1|0|0|NA|NA|NA|NA|NA|0|0|0|0|NA|0
"120330032033"|0|1|0|0|0|0|0|1|1|0|0|1|1|0|0|NA|NA|NA|NA|NA|0|0|0|0|NA|0
"120330035062"|0|1|0|0|0|0|0|1|1|1|1|0|1|0|0|14608|14608|NA|NA|NA|20|7|32|2023600|63237.5|0
"120330035072"|0|1|0|0|0|0|0|1|1|0|0|1|1|0|0|NA|NA|NA|NA|NA|0|0|0|0|NA|0
"120330036071"|0|1|1|0|0|0|0|1|1|1|0|0|0|0|1|3735|16004|7088|22166|11268|836|167|640|54792218|85612.840625|0
"120350602133"|0|1|0|0|0|0|0|1|1|0|0|1|1|0|0|NA|NA|NA|NA|NA|0|0|0|0|NA|0
"120390207025"|0|1|0|0|0|0|0|1|1|0|0|1|1|0|0|NA|NA|NA|NA|NA|0|0|0|0|NA|0
"120530406021"|0|0|0|0|0|0|0|1|0|0|0|0|0|0|0|NA|NA|NA|NA|NA|0|0|0|0|NA|0
"120530409112"|0|1|0|0|0|0|0|1|1|0|0|1|1|0|0|NA|NA|NA|NA|NA|0|0|0|0|NA|0
"120530413022"|0|1|0|0|0|0|0|1|1|1|1|0|1|0|0|13500|13500|NA|NA|NA|14|3|14|866000|61857.1428571429|0
"120559601052"|0|1|0|0|0|0|0|1|1|1|0|0|0|1|0|3135|11829|NA|NA|NA|187|79|126|7789422|61820.8095238095|0
"120559612022"|0|1|0|0|0|0|0|1|1|0|0|1|1|0|0|NA|NA|NA|NA|NA|0|0|0|0|NA|0
"120570017003"|0|1|0|0|0|0|0|1|1|0|0|1|1|0|0|NA|NA|NA|NA|NA|0|0|0|0|NA|0
"120570025003"|0|1|1|0|0|0|0|1|1|1|0|0|1|0|0|15300|15300|15600|15600|NA|37|4|32|2617390|81793.4375|0
"120570037001"|0|1|0|0|0|0|0|1|1|0|0|1|1|0|0|NA|NA|NA|NA|NA|0|0|0|0|NA|0
"120570042001"|0|1|0|0|0|0|0|1|1|0|0|1|0|1|0|NA|NA|NA|NA|NA|0|0|0|0|NA|0
"120570046012"|0|1|0|0|0|0|0|1|1|1|1|0|1|0|0|NA|NA|NA|NA|NA|46|16|24|790846|32951.9166666667|0
"120570046021"|0|1|0|0|0|0|0|1|1|1|0|0|1|0|0|21066|21066|NA|NA|NA|17|5|16|1303984|81499|0
"120570050003"|0|1|1|0|0|0|0|1|1|1|0|0|0|0|1|30036|30036|12294|12294|12160|465|202|898|76854914|85584.5367483296|0
"120570051012"|0|1|1|0|0|0|0|1|1|1|0|0|1|0|0|13680|13680|14400|14400|NA|10|1|0|0|NA|0
"120570054014"|0|1|0|0|0|0|0|1|1|1|0|0|0|0|1|1931|7728|NA|NA|9662|614|197|624|37741760|60483.5897435897|0
"120570104023"|0|1|1|0|0|0|0|1|1|1|0|0|0|1|0|13320|13320|14940|14940|NA|0|0|0|0|NA|0
"120570107022"|0|1|0|0|0|0|0|1|1|1|0|0|1|0|0|17060|17060|NA|NA|10200|106|28|90|5140452|57116.1333333333|0
"120570114121"|0|1|0|0|0|0|0|1|1|0|0|1|1|0|0|NA|NA|NA|NA|NA|0|0|0|0|NA|0
"120570114161"|0|1|0|0|0|0|0|1|1|0|0|1|1|0|0|NA|NA|NA|NA|NA|0|0|0|0|NA|0
"120570116111"|0|1|0|0|0|0|0|1|1|0|0|1|1|0|0|NA|NA|NA|NA|NA|0|0|0|0|NA|0
"120570116121"|0|1|1|0|0|0|0|1|1|1|0|0|1|0|0|1320|1320|3042|3042|NA|2|0|2|24000|12000|0
"120570119082"|0|1|0|0|0|0|0|1|1|0|0|1|1|0|0|NA|NA|NA|NA|NA|0|0|0|0|NA|0
"120570119113"|0|1|0|0|0|0|0|1|1|0|0|1|1|0|0|15316|15316|NA|NA|NA|0|0|0|0|NA|0
"120570121031"|0|1|0|0|0|0|0|1|1|0|0|1|1|0|0|NA|NA|NA|NA|NA|0|0|0|0|NA|0
"120570121033"|0|2|1|0|0|0|0|2|2|1|0|1|2|0|0|NA|NA|NA|NA|NA|6|2|6|492000|NA|0
"120570133152"|0|1|0|0|0|0|0|1|1|0|0|1|1|0|0|NA|NA|NA|NA|NA|0|0|0|0|NA|0
"120610503031"|0|1|0|0|0|0|0|1|1|0|0|1|1|0|0|NA|NA|NA|NA|NA|0|0|0|0|NA|0
"120632103021"|0|1|1|0|0|0|0|1|1|1|0|0|1|0|0|11550|11550|4620|4620|5082|31|17|40|2004442|50111.05|0
"120632105003"|0|1|0|0|0|0|0|1|1|1|0|0|0|1|0|2365|8195|NA|NA|4560|101|38|82|4851432|59163.8048780488|0
"120690302041"|0|1|0|0|0|0|0|1|1|0|0|1|1|0|0|NA|NA|NA|NA|NA|0|0|0|0|NA|0
"120690303021"|0|1|0|0|0|0|0|1|1|1|0|0|0|1|0|3292|13276|NA|NA|NA|170|54|120|6275340|52294.5|0
"120690306021"|0|1|0|0|0|0|0|1|1|1|0|0|1|0|0|46420|46420|NA|NA|14234|118|24|74|4292520|58007.027027027|0
"120710005024"|0|1|0|0|0|0|0|1|1|0|0|1|1|0|0|NA|NA|NA|NA|NA|0|0|0|0|NA|0
"120710007003"|0|1|0|0|0|0|0|1|1|1|1|0|1|0|0|19375|19375|NA|NA|NA|5|3|2|74000|37000|0
"120710012033"|0|1|0|0|0|0|0|1|1|0|0|1|1|0|0|NA|NA|NA|NA|NA|0|0|0|0|NA|0
"120710012041"|0|1|1|0|0|0|0|1|1|1|0|0|1|0|0|15000|15000|15750|15750|NA|65|9|40|3374400|84360|0
"120710012052"|0|1|0|0|0|0|0|1|1|0|0|1|1|0|0|NA|NA|NA|NA|NA|0|0|0|0|NA|0
"120710013001"|0|1|0|0|0|0|0|1|1|0|0|1|1|0|0|NA|NA|NA|NA|NA|0|0|0|0|NA|0
"120710014011"|0|1|0|0|0|0|0|1|1|1|0|0|1|0|0|14184|14184|NA|NA|NA|69|5|94|5743738|61103.5957446809|0
"120710014022"|0|1|0|0|0|0|0|1|1|0|0|1|1|0|0|NA|NA|NA|NA|NA|0|0|0|0|NA|0
"120710017012"|0|1|0|0|0|0|0|1|1|1|0|0|0|0|1|2436|9750|NA|NA|10044|344|86|388|22866168|58933.4226804124|0
"120710102051"|0|1|0|0|0|0|0|1|1|0|0|1|1|0|0|NA|NA|NA|NA|NA|0|0|0|0|NA|0
"120710401384"|0|1|0|0|0|0|0|1|1|0|0|1|1|0|0|NA|NA|NA|NA|NA|0|0|0|0|NA|0
"120710401391"|0|1|1|0|0|0|0|1|1|1|0|0|0|0|1|4191|22328|6974|28170|9772|966|327|1070|94542090|88357.0934579439|0
"120710505023"|0|1|0|0|0|0|0|1|1|0|0|1|1|0|0|NA|NA|NA|NA|NA|0|0|0|0|NA|0
"120730004002"|0|1|1|1|0|0|0|1|1|1|0|0|0|1|0|3152|14524|8019|22108|11644|1115|272|1116|95596206|85659.6827956989|0
"120730011013"|0|1|0|0|0|0|0|1|1|0|0|1|1|0|0|NA|NA|NA|NA|NA|0|0|0|0|NA|0
"120730013002"|0|1|1|0|0|1|0|1|1|1|0|0|0|0|1|4640|19084|9684|24116|11592|5211|855|3172|365710926|115293.482345523|0
"120730016011"|0|1|0|0|0|0|0|1|1|0|0|1|1|0|0|NA|NA|NA|NA|NA|0|0|0|0|NA|0
"120730020031"|0|2|0|0|0|0|0|2|2|1|0|1|0|1|1|NA|NA|NA|NA|NA|466|147|424|23118652|NA|0
"120730020082"|0|1|0|0|0|0|0|1|1|0|0|1|1|0|0|NA|NA|NA|NA|NA|0|0|0|0|NA|0
"120791103012"|0|1|0|0|0|0|0|1|1|1|0|0|0|1|0|2280|9180|NA|NA|NA|74|30|52|2699920|51921.5384615385|0
"120810003111"|0|1|0|0|0|0|0|1|1|1|0|0|0|1|0|2365|2365|NA|NA|NA|337|159|278|16498090|59345.6474820144|0
"120810008101"|0|1|0|0|0|0|0|1|1|0|0|1|1|0|0|NA|NA|NA|NA|NA|0|0|0|0|NA|0
"120810020121"|0|1|0|0|0|0|0|1|1|0|0|1|0|1|0|NA|NA|NA|NA|NA|0|0|0|0|NA|0
"120830011062"|0|1|0|0|0|0|0|1|1|1|1|0|1|0|0|12585|12585|NA|NA|NA|14|4|28|2058848|73530.2857142857|0
"120830016002"|0|1|0|0|0|0|0|1|1|1|0|0|0|1|0|1987|7947|NA|NA|NA|256|123|230|13680212|59479.1826086956|0
"120830024013"|0|1|0|0|0|0|0|1|1|0|0|1|1|0|0|NA|NA|NA|NA|NA|0|0|0|0|NA|0
"120830025073"|0|1|1|0|0|0|0|1|1|1|0|0|0|1|0|11964|11964|3667|3667|NA|168|19|294|27097226|92167.4353741497|0
"120850014062"|0|1|1|0|0|0|0|1|1|1|0|0|1|0|0|6298|6298|NA|NA|6980|18|6|14|291000|20785.7142857143|0
"120860002061"|0|1|0|0|0|0|0|1|0|0|0|0|0|0|0|NA|NA|NA|NA|NA|0|0|0|0|NA|0
"120860002194"|0|1|0|0|0|0|0|1|1|0|0|1|1|0|0|NA|NA|NA|NA|NA|0|0|0|0|NA|0
"120860005071"|0|1|1|0|0|0|0|1|1|1|0|0|0|1|0|32600|32600|14400|14400|12460|252|98|162|14836884|91585.7037037037|0
"120860005072"|0|1|0|0|0|0|0|1|1|1|1|0|1|0|0|NA|NA|NA|NA|NA|5|1|8|104248|13031|0
"120860005073"|0|1|1|1|0|0|0|1|1|1|0|0|0|1|0|12576|12576|16708|16708|8160|144|63|80|5165232|64565.4|0
"120860007052"|0|2|1|0|0|0|0|2|2|2|1|0|1|1|0|NA|NA|NA|NA|NA|221|167|166|8769686|101160.212087912|0
"120860007131"|0|1|0|0|0|0|0|1|1|0|0|1|1|0|0|NA|NA|NA|NA|NA|0|0|0|0|NA|0
"120860007151"|0|1|0|0|0|0|0|1|1|0|0|1|1|0|0|NA|NA|NA|NA|NA|0|0|0|0|NA|0
"120860007182"|0|2|0|0|0|0|0|2|2|1|1|1|2|0|0|NA|NA|NA|NA|NA|8|1|4|180000|NA|0
"120860007202"|0|1|0|0|0|0|0|1|1|1|1|0|1|0|0|NA|NA|NA|NA|NA|35|6|20|777088|38854.4|0
"120860011022"|0|1|1|0|0|0|0|1|1|1|0|0|0|1|0|32000|32000|17820|17820|11820|524|181|544|47617430|87532.0404411765|0
"120860015021"|0|1|0|0|0|0|0|1|1|0|0|1|1|0|0|NA|NA|NA|NA|NA|0|0|0|0|NA|0
"120860027021"|0|1|0|0|0|0|0|1|1|0|0|1|1|0|0|19400|19400|NA|NA|NA|0|0|0|0|NA|0
"120860027101"|0|1|1|0|0|0|0|1|1|1|0|0|1|0|0|20700|20700|23580|23580|NA|41|0|22|1514614|68846.0909090909|0
"120860030011"|0|1|0|0|0|0|0|1|1|0|0|1|1|0|0|NA|NA|NA|NA|NA|0|0|0|0|NA|0
"120860030012"|0|2|2|0|0|0|0|2|2|2|0|0|2|0|0|21600|21600|21528|21528|NA|68|2|74|1271400|40991.6666666667|0
"120860037071"|0|1|0|0|0|0|0|1|1|1|0|0|0|0|1|1987|7947|NA|NA|NA|1960|1150|1406|108034664|76838.3100995733|0
"120860040005"|0|1|1|0|0|0|0|1|1|1|0|0|1|0|0|15000|15000|15000|15000|9750|19|6|16|899992|56249.5|0
"120860042072"|0|1|0|0|0|0|0|1|1|0|0|1|1|0|0|NA|NA|NA|NA|NA|0|0|0|0|NA|0
"120860043012"|0|1|1|0|0|0|0|1|1|1|0|0|1|0|0|8500|8500|8500|8500|9000|0|0|28|1265906|45210.9285714286|0
"120860047033"|0|1|1|0|0|0|0|1|1|1|0|0|1|0|0|NA|NA|NA|NA|NA|74|8|126|11460808|90958.7936507937|0
"120860050021"|0|1|0|0|0|0|0|1|1|0|0|1|0|1|0|NA|NA|NA|NA|NA|0|0|0|0|NA|0
"120860050022"|0|1|0|0|0|0|0|1|1|0|0|1|1|0|0|NA|NA|NA|NA|NA|0|0|0|0|NA|0
"120860054061"|0|1|0|0|0|0|0|1|1|0|0|1|1|0|0|NA|NA|NA|NA|NA|0|0|0|0|NA|0
"120860056001"|0|2|0|0|0|0|0|2|2|2|2|0|2|0|0|NA|NA|NA|NA|NA|51|18|16|1798000|NA|0
"120860059011"|0|1|0|0|0|0|0|1|1|1|1|0|1|0|0|NA|NA|NA|NA|NA|28|5|26|1643414|63208.2307692308|0
"120860059021"|0|1|0|0|0|0|0|1|1|0|0|1|1|0|0|NA|NA|NA|NA|NA|0|0|0|0|NA|0
"120860060025"|0|1|0|0|0|0|0|1|1|0|0|1|1|0|0|NA|NA|NA|NA|NA|0|0|0|0|NA|0
"120860063042"|0|1|0|0|0|0|0|1|1|1|1|0|1|0|0|17813|17813|NA|NA|NA|0|0|0|0|NA|0
"120860064024"|0|1|0|0|0|0|0|1|1|0|0|1|1|0|0|NA|NA|NA|NA|NA|0|0|0|0|NA|0
"120860065032"|0|1|0|0|0|0|0|1|1|1|1|0|1|0|0|NA|NA|NA|NA|NA|15|9|0|0|NA|0
"120860068023"|0|1|0|0|0|0|0|1|1|0|0|1|1|0|0|NA|NA|NA|NA|NA|0|0|0|0|NA|0
"120860070062"|0|1|0|0|0|0|0|1|1|0|0|1|1|0|0|NA|NA|NA|NA|NA|0|0|0|0|NA|0
"120860077082"|0|1|0|0|0|0|0|1|1|0|0|1|1|0|0|NA|NA|NA|NA|NA|0|0|0|0|NA|0
"120860078081"|0|1|0|0|0|0|0|1|1|0|0|1|1|0|0|NA|NA|NA|NA|NA|0|0|0|0|NA|0
"120860084161"|0|1|1|0|0|0|0|1|1|1|0|0|1|0|0|10800|10800|15564|15564|NA|12|5|4|238876|59719|0
"120860088052"|0|1|1|0|0|0|0|1|1|1|0|0|1|0|0|23100|23100|23100|23100|12100|21|3|20|860604|43030.2|0
"120860089041"|0|1|1|0|0|1|0|1|1|1|0|0|0|0|1|4721|16529|9119|21600|11600|4081|1001|2652|291368214|109867.350678733|0
"120860089072"|0|1|0|0|0|0|0|1|1|1|1|0|1|0|0|NA|NA|NA|NA|NA|19|13|8|425402|53175.25|0
"120860089081"|0|1|0|0|0|0|0|1|1|0|0|1|1|0|0|NA|NA|NA|NA|NA|0|0|0|0|NA|0
"120860089101"|0|1|0|0|0|0|0|1|1|0|0|1|1|0|0|NA|NA|NA|NA|NA|0|0|0|0|NA|0
"120860089102"|0|1|0|0|0|0|0|1|1|0|0|1|1|0|0|NA|NA|NA|NA|NA|0|0|0|0|NA|0
"120860090101"|0|1|1|0|0|0|0|1|1|1|0|0|1|0|0|12084|12084|12903|12903|NA|57|16|46|3167042|68848.7391304348|0
"120860090102"|0|1|1|0|0|0|0|1|1|1|0|0|1|0|0|10200|10200|9180|9180|NA|37|5|0|0|NA|0
"120860090103"|0|4|2|0|0|0|0|4|4|4|1|0|4|0|0|NA|NA|NA|NA|NA|87|34|98|6710530|NA|0
"120860090142"|0|1|0|0|0|0|0|1|1|1|1|0|1|0|0|NA|NA|NA|NA|NA|40|17|44|2961134|67298.5|0
"120860090202"|0|1|0|0|0|0|0|1|1|0|0|0|0|0|0|NA|NA|NA|NA|NA|0|0|0|0|NA|0
"120860090511"|0|1|0|0|0|0|0|1|1|1|1|0|1|0|0|11952|11952|NA|NA|NA|11|0|4|2e+05|50000|0
"120860090521"|0|1|0|0|0|0|0|1|1|1|1|0|1|0|0|16305|16305|NA|NA|NA|8|3|2|139308|69654|0
"120860091011"|0|1|0|0|0|0|0|1|1|0|0|1|1|0|0|NA|NA|NA|NA|NA|0|0|0|0|NA|0
"120860091022"|0|1|0|0|0|0|0|1|1|0|0|1|1|0|0|NA|NA|NA|NA|NA|0|0|0|0|NA|0
"120860093122"|0|1|0|0|0|0|0|1|1|0|0|1|1|0|0|NA|NA|NA|NA|NA|0|0|0|0|NA|0
"120860093162"|0|1|0|0|0|0|0|1|1|0|0|1|1|0|0|NA|NA|NA|NA|NA|0|0|0|0|NA|0
"120860096021"|0|0|1|0|0|0|0|1|1|1|0|0|1|0|0|NA|NA|25410|25410|NA|28|9|34|3120546|91780.7647058823|0
"120860106231"|0|1|0|0|0|0|0|1|1|1|1|0|1|0|0|11952|11952|NA|NA|NA|11|6|2|90000|45000|0
"120860106232"|0|1|0|0|0|0|0|1|1|1|1|0|1|0|0|15456|15456|NA|NA|NA|12|5|16|1291664|80729|0
"120860109002"|0|1|0|0|0|0|0|1|1|0|0|1|1|0|0|NA|NA|NA|NA|NA|0|0|0|0|NA|0
"120860111062"|0|1|0|0|0|0|0|1|1|0|0|1|1|0|0|NA|NA|NA|NA|NA|0|0|0|0|NA|0
"120860126011"|0|1|0|0|0|0|0|1|1|1|1|0|1|0|0|16320|16320|NA|NA|NA|13|10|2|144198|72099|0
"120860128022"|0|1|0|0|0|0|0|1|1|1|0|0|1|0|0|22955|22955|NA|NA|NA|20|2|10|513198|51319.8|0
"120860137001"|0|1|0|0|0|0|0|1|1|0|0|1|1|0|0|NA|NA|NA|NA|NA|0|0|0|0|NA|0
"120860188022"|0|1|1|0|0|0|0|1|1|1|0|0|1|0|0|13560|13560|13410|13410|NA|7|0|2|124000|62000|0
"120860192001"|0|1|0|0|0|0|0|1|1|1|0|0|1|0|0|NA|NA|NA|NA|NA|18|7|4|382000|95500|0
"120860202004"|0|1|0|0|0|0|0|1|1|0|0|1|1|0|0|NA|NA|NA|NA|NA|0|0|0|0|NA|0
"120869803001"|0|1|1|0|1|1|0|1|1|1|0|0|0|0|1|55440|55440|41580|41580|16910|3661|1001|2230|289162052|129669.08161435|0
"120869805001"|0|1|0|0|0|0|0|1|1|0|0|1|1|0|0|NA|NA|NA|NA|NA|0|0|0|0|NA|0
"120879719001"|0|1|0|0|0|0|0|1|1|1|0|0|1|0|0|2483|9933|NA|NA|13946|70|46|50|3449310|68986.2|0
"120910209001"|0|1|0|0|0|0|0|1|1|1|0|0|0|1|0|2496|9552|NA|NA|NA|209|112|160|9093934|56837.0875|0
"120910217002"|0|1|0|0|0|0|0|1|1|0|0|1|1|0|0|NA|NA|NA|NA|NA|0|0|0|0|NA|0
"120950128002"|0|1|1|0|0|0|0|1|1|1|0|0|0|1|0|19440|19440|25332|25332|11028|160|32|186|18941118|101833.967741935|0
"120950129001"|0|1|0|0|0|0|0|1|1|1|1|0|1|0|0|NA|NA|NA|NA|NA|36|13|22|632718|28759.9090909091|0
"120950135122"|0|1|1|0|0|0|0|1|1|1|0|0|0|1|0|12330|12330|8640|8640|NA|313|16|88|6786656|77121.0909090909|0
"120950142023"|0|1|0|0|0|0|0|1|1|1|1|0|0|1|0|NA|NA|NA|NA|NA|100|4|108|5719626|52959.5|0
"120950146071"|0|0|0|0|0|0|0|1|0|0|0|0|0|0|0|NA|NA|NA|NA|NA|0|0|0|0|NA|0
"120950147031"|0|1|0|0|0|0|0|1|1|1|0|0|0|0|1|1984|7933|NA|NA|NA|1296|331|1276|70945738|55600.1081504702|0
"120950152031"|0|1|0|0|0|0|0|1|1|0|0|1|1|0|0|NA|NA|NA|NA|NA|0|0|0|0|NA|0
"120950152043"|0|1|0|0|0|0|0|1|1|0|0|1|1|0|0|NA|NA|NA|NA|NA|0|0|0|0|NA|0
"120950159012"|0|1|0|0|0|0|0|1|1|0|0|1|0|1|0|NA|NA|NA|NA|NA|0|0|0|0|NA|0
"120950160011"|0|1|1|0|0|0|0|1|1|1|0|0|0|1|0|56110|56110|26351|26351|15580|441|141|434|38675130|89113.202764977|0
"120950164022"|0|1|0|0|0|0|0|1|1|0|0|1|1|0|0|NA|NA|NA|NA|NA|0|0|0|0|NA|0
"120950164061"|0|1|1|0|0|0|0|1|1|1|0|0|0|0|1|26307|26307|16912|16912|NA|1579|1023|1504|94744786|62995.2034574468|0
"120950165032"|0|1|0|0|0|0|0|1|1|0|0|1|1|0|0|NA|NA|NA|NA|NA|0|0|0|0|NA|0
"120950165113"|0|1|0|0|0|0|0|1|1|1|0|0|1|0|0|NA|NA|NA|NA|NA|20|2|52|3266394|62815.2692307692|0
"120950165151"|0|1|1|0|0|1|0|1|1|1|0|0|0|0|1|4478|19810|6916|25759|11498|3631|931|3034|314220714|103566.484508899|0
"120950167133"|0|1|1|0|0|0|0|1|1|1|0|0|1|0|0|12870|12870|7110|7110|NA|12|3|8|464424|58053|0
"120950168113"|0|1|1|0|0|0|0|1|1|1|0|0|0|0|0|NA|NA|NA|NA|NA|0|0|0|0|NA|0
"120950169023"|0|1|0|0|0|0|0|1|1|0|0|1|0|1|0|NA|NA|NA|NA|NA|0|0|0|0|NA|0
"120950170182"|0|1|0|0|0|0|0|1|1|1|1|0|1|0|0|NA|NA|NA|NA|NA|58|2|126|8292288|65811.8095238095|0
"120950174022"|0|1|0|0|0|0|0|1|1|0|0|1|0|1|0|NA|NA|NA|NA|NA|0|0|0|0|NA|0
"120950189012"|0|1|0|0|0|0|0|1|1|0|0|1|1|0|0|NA|NA|NA|NA|NA|0|0|0|0|NA|0
"120970420001"|0|1|0|0|0|0|0|1|1|0|0|1|1|0|0|NA|NA|NA|NA|NA|0|0|0|0|NA|0
"120970429012"|0|1|0|0|0|0|0|1|1|1|0|0|1|0|0|17384|17384|NA|NA|8591|21|10|22|1501940|68270|0
"120970429052"|0|1|0|0|0|0|0|1|0|0|0|1|1|0|0|NA|NA|NA|NA|NA|0|0|0|0|NA|0
"120990011012"|0|1|0|0|0|0|0|1|1|0|0|1|1|0|0|NA|NA|NA|NA|NA|0|0|0|0|NA|0
"120990019091"|0|1|0|0|0|0|0|1|1|0|0|1|1|0|0|NA|NA|NA|NA|NA|0|0|0|0|NA|0
"120990027022"|0|1|1|0|0|0|0|1|1|1|0|0|0|1|0|34900|34900|11304|11304|11690|252|121|320|26100612|81564.4125|0
"120990029001"|0|2|0|0|0|0|0|2|2|2|0|0|2|0|0|39932|39932|NA|NA|NA|183|59|144|7877062|99079.3148148148|0
"120990029003"|0|1|0|0|0|0|0|1|1|0|0|1|1|0|0|NA|NA|NA|NA|NA|0|0|0|0|NA|0
"120990031013"|0|1|0|0|0|0|0|1|1|1|1|0|1|0|0|NA|NA|NA|NA|NA|28|21|28|1385114|49468.3571428571|0
"120990031022"|0|1|0|0|0|0|0|1|1|1|1|0|1|0|0|NA|NA|NA|NA|NA|13|7|32|2717270|84914.6875|0
"120990036004"|0|1|0|0|0|0|0|1|1|0|0|1|1|0|0|NA|NA|NA|NA|NA|0|0|0|0|NA|0
"120990040072"|0|1|0|0|0|0|0|1|1|0|0|1|1|0|0|NA|NA|NA|NA|NA|0|0|0|0|NA|0
"120990047051"|0|1|0|0|0|0|0|1|1|0|0|1|1|0|0|NA|NA|NA|NA|NA|0|0|0|0|NA|0
"120990050003"|0|1|0|0|0|0|0|1|1|1|0|0|0|0|1|3030|10890|NA|NA|NA|777|316|614|37749298|61480.9413680782|0
"120990058122"|0|1|0|0|0|0|0|1|1|1|1|0|1|0|0|NA|NA|NA|NA|NA|19|15|14|720720|51480|0
"120990059521"|0|0|1|0|0|0|0|1|1|1|0|0|1|0|0|NA|NA|17366|17366|NA|38|4|30|1565132|52171.0666666667|0
"120990059581"|0|1|0|0|0|0|0|1|1|1|1|0|1|0|0|15230|15230|NA|NA|NA|27|2|58|4795438|82679.9655172414|0
"120990062032"|0|1|0|0|0|0|0|1|1|0|0|1|1|0|0|NA|NA|NA|NA|NA|0|0|0|0|NA|0
"120990069091"|0|1|0|0|0|0|0|1|1|0|0|1|1|0|0|NA|NA|NA|NA|NA|0|0|0|0|NA|0
"120990070082"|0|1|1|0|0|0|0|1|1|1|0|0|0|1|0|39800|39800|13500|13500|13200|399|128|266|19090278|71767.962406015|0
"120990070121"|0|1|1|0|0|0|0|1|1|1|0|0|0|1|0|19200|19200|21360|21360|NA|194|118|138|4109886|29781.7826086957|0
"120990071001"|0|1|1|0|0|1|0|1|1|1|0|0|0|0|1|2522|14374|5467|16695|12536|2065|286|1610|153216678|95165.6385093168|0
"120990076102"|0|1|0|0|0|0|0|1|1|0|0|1|1|0|0|NA|NA|NA|NA|NA|0|0|0|0|NA|0
"120990078123"|0|1|0|0|0|0|0|1|1|1|1|0|1|0|0|NA|NA|NA|NA|NA|6|0|6|420000|70000|0
"120990078181"|0|1|1|0|0|0|0|1|1|1|0|0|1|0|0|15300|15300|15600|15600|NA|35|5|36|3286132|91281.4444444444|0
"121010303042"|0|1|0|0|0|0|0|1|1|0|0|1|1|0|0|NA|NA|NA|NA|NA|0|0|0|0|NA|0
"121010309051"|0|1|0|0|0|0|0|1|1|0|0|1|1|0|0|NA|NA|NA|NA|NA|0|0|0|0|NA|0
"121010315071"|0|1|0|0|0|0|0|1|1|1|0|0|1|0|0|15200|15200|NA|NA|7600|20|3|16|762000|47625|0
"121010317042"|0|1|0|0|0|0|0|1|1|1|0|0|0|1|0|2297|9272|NA|NA|NA|282|140|258|14956250|57969.9612403101|0
"121010318041"|0|1|0|0|0|0|0|1|1|0|0|1|1|0|0|NA|NA|NA|NA|NA|0|0|0|0|NA|0
"121010322003"|0|1|1|0|0|0|0|1|1|1|0|0|0|0|1|24990|24990|18436|18436|15400|568|79|220|16776120|76255.0909090909|0
"121030201052"|0|1|0|0|0|0|0|1|1|1|0|0|0|1|0|48220|48220|NA|NA|13854|237|100|346|26127766|75513.774566474|0
"121030208002"|0|1|0|0|0|0|0|1|1|0|0|1|1|0|0|NA|NA|NA|NA|NA|0|0|0|0|NA|0
"121030215012"|0|1|0|0|0|0|0|1|1|1|0|0|0|0|1|1943|7774|NA|NA|NA|860|289|644|43889628|68151.5962732919|0
"121030225011"|0|1|0|0|0|0|0|1|1|0|0|1|1|0|0|NA|NA|NA|NA|NA|0|0|0|0|NA|0
"121030228021"|0|1|0|0|0|0|0|1|1|0|0|1|1|0|0|NA|NA|NA|NA|NA|0|0|0|0|NA|0
"121030244121"|0|1|0|0|0|0|0|1|1|1|0|0|0|1|0|NA|NA|NA|NA|NA|53|17|120|8770174|73084.7833333333|0
"121030245141"|0|1|0|0|0|0|0|1|1|0|0|1|1|0|0|NA|NA|NA|NA|NA|0|0|0|0|NA|0
"121030245142"|0|1|0|0|0|0|0|1|1|0|0|1|1|0|0|NA|NA|NA|NA|NA|0|0|0|0|NA|0
"121030245143"|0|1|0|0|0|0|0|1|1|0|0|1|1|0|0|NA|NA|NA|NA|NA|0|0|0|0|NA|0
"121030254161"|0|1|0|0|0|0|0|1|1|0|0|1|1|0|0|NA|NA|NA|NA|NA|0|0|0|0|NA|0
"121030264023"|0|1|0|0|0|0|0|1|1|1|1|0|0|1|0|NA|NA|NA|NA|NA|1429|264|660|30280374|45879.3545454545|0
"121030267033"|0|1|0|0|0|0|0|1|1|0|0|0|0|0|0|NA|NA|NA|NA|NA|0|0|0|0|NA|0
"121050103003"|0|1|0|0|0|0|0|1|1|0|0|1|1|0|0|NA|NA|NA|NA|NA|0|0|0|0|NA|0
"121050104022"|0|1|1|0|0|0|0|1|1|1|0|0|0|1|0|39700|39700|17765|17765|12400|407|139|326|26717472|81955.4355828221|0
"121050116061"|0|1|1|0|0|0|0|1|1|1|0|0|0|1|0|3152|3152|6930|6930|10580|154|27|142|11844980|83415.3521126761|0
"121050117311"|0|1|1|0|0|0|0|1|1|1|0|0|0|0|1|28848|28848|12000|12000|10480|414|160|238|16259030|68315.2521008403|0
"121050118321"|0|1|0|0|0|0|0|1|1|0|0|1|1|0|0|2851|8367|NA|NA|NA|0|0|0|0|NA|0
"121050122093"|0|1|0|0|0|0|0|1|1|0|0|1|1|0|0|NA|NA|NA|NA|NA|0|0|0|0|NA|0
"121050128021"|0|1|0|0|0|0|0|1|1|0|0|1|1|0|0|3800|10368|NA|NA|NA|0|0|0|0|NA|0
"121050137021"|0|1|0|0|0|0|0|1|1|1|0|0|0|1|0|2483|9933|NA|NA|NA|307|142|300|17903738|59679.1266666667|0
"121050154022"|0|1|1|0|0|0|0|1|1|1|0|0|0|1|0|27030|27030|28701|28701|11480|86|42|56|3496764|62442.2142857143|0
"121050154051"|0|1|1|0|0|0|0|1|1|1|0|0|1|0|0|25700|25700|6048|6048|10540|106|51|68|3416444|50241.8235294118|0
"121050155002"|0|1|0|0|0|0|0|1|1|0|0|1|1|0|0|NA|NA|NA|NA|NA|0|0|0|0|NA|0
"121079506003"|0|1|0|0|0|0|0|1|1|1|0|0|0|1|0|2067|8403|NA|NA|NA|247|122|254|13670280|53820|0
"121090204001"|0|1|1|0|0|0|0|1|1|1|0|0|0|1|0|22910|22910|7068|7068|13590|286|82|268|18600100|69403.3582089552|0
"121113807001"|0|1|0|0|0|0|0|1|1|1|0|0|0|0|1|2496|9360|NA|NA|NA|523|295|416|34897668|83888.625|0
"121113814012"|0|1|0|0|0|0|0|1|1|0|0|1|1|0|0|NA|NA|NA|NA|NA|0|0|0|0|NA|0
"121113816033"|0|1|0|0|0|0|0|1|1|1|1|0|1|0|0|15764|15764|NA|NA|NA|16|5|26|1808552|69559.6923076923|0
"121119800001"|0|1|0|0|0|0|0|1|1|1|0|0|1|0|0|8325|8325|NA|NA|7368|42|7|118|3042000|25779.6610169492|0
"121130105041"|0|1|0|0|0|0|0|1|1|0|0|1|1|0|0|NA|NA|NA|NA|NA|0|0|0|0|NA|0
"121150002002"|0|1|0|0|0|0|0|1|1|1|0|0|0|1|0|48100|48100|NA|NA|16300|239|73|250|20877232|83508.928|0
"121150009001"|0|1|1|0|0|0|0|1|1|1|0|0|1|0|0|5227|27159|9555|25444|10291|206|80|194|15605636|80441.4226804124|0
"121150010002"|0|0|1|0|0|0|0|1|1|1|0|0|1|0|0|NA|NA|14467|14467|NA|8|2|4|320000|80000|0
"121150013012"|0|1|0|0|0|0|0|1|1|1|0|0|1|0|0|41040|41040|NA|NA|NA|7|5|8|590598|73824.75|0
"121150017042"|0|1|0|0|0|0|0|1|1|0|0|1|0|1|0|NA|NA|NA|NA|NA|0|0|0|0|NA|0
"121150027253"|0|2|0|0|0|0|0|2|2|1|1|1|2|0|0|NA|NA|NA|NA|NA|8|2|8|360000|NA|0
"121170208033"|0|1|0|0|0|0|0|1|1|1|0|0|0|0|1|2393|9494|NA|NA|NA|428|117|404|29192294|72258.1534653465|0
"121170210001"|0|1|0|0|0|0|0|1|1|0|0|1|1|0|0|NA|NA|NA|NA|NA|0|0|0|0|NA|0
"121170213073"|0|1|0|0|0|0|0|1|1|0|0|1|1|0|0|NA|NA|NA|NA|NA|0|0|0|0|NA|0
"121170216081"|0|1|0|0|0|0|0|1|1|1|1|0|1|0|0|18240|18240|NA|NA|NA|12|1|26|1396666|53717.9230769231|0
"121170218061"|0|1|0|0|0|0|0|1|1|1|1|0|1|0|0|15250|15250|NA|NA|NA|12|0|28|2294000|81928.5714285714|0
"121170220024"|0|1|0|0|0|0|0|1|1|0|0|1|1|0|0|16520|16520|NA|NA|NA|0|0|0|0|NA|0
"121170222011"|0|1|1|0|0|0|0|1|1|1|0|0|1|0|0|11820|11820|9520|9520|NA|20|4|30|2513122|83770.7333333333|0
"121170222015"|0|1|0|0|0|0|0|1|1|0|0|1|1|0|0|NA|NA|NA|NA|NA|0|0|0|0|NA|0
"121199117032"|0|1|0|0|0|0|0|1|1|0|0|1|1|0|0|NA|NA|NA|NA|NA|0|0|0|0|NA|0
"121219704022"|0|1|0|0|0|0|0|1|1|0|0|1|1|0|0|NA|NA|NA|NA|NA|0|0|0|0|NA|0
"121239503022"|0|1|0|0|0|0|0|1|1|0|0|1|1|0|0|NA|NA|NA|NA|NA|0|0|0|0|NA|0
"121270808031"|0|1|0|0|0|0|0|1|1|1|0|0|1|0|0|NA|NA|NA|NA|NA|17|2|16|841650|52603.125|0
"121270810011"|0|1|0|0|0|0|0|1|1|0|0|1|1|0|0|NA|NA|NA|NA|NA|0|0|0|0|NA|0
"121270818002"|0|1|0|0|0|0|0|1|1|1|0|0|0|0|1|3072|11960|NA|NA|NA|587|108|446|29852486|66933.8251121076|0
"121270820001"|0|1|1|1|0|0|0|1|1|1|0|0|0|1|0|13844|13844|13500|13500|10396|227|113|280|18185874|64949.55|0
"121270824013"|0|1|0|0|0|0|0|1|1|0|0|1|1|0|0|NA|NA|NA|NA|NA|0|0|0|0|NA|0
"121270904023"|0|1|1|0|0|0|0|1|1|1|0|0|0|1|0|51960|51960|17703|17703|15290|586|189|526|49305318|93736.3460076046|0
"121270925001"|0|2|2|0|0|0|0|2|2|2|0|0|0|0|2|50136|50136|28764|28764|NA|1569|178|980|90398854|179075.036372595|0
"121319503043"|0|1|0|0|0|0|0|1|1|0|0|1|1|0|0|NA|NA|NA|NA|NA|0|0|0|0|NA|0
"121339701033"|0|1|0|0|0|0|0|1|1|0|0|1|1|0|0|NA|NA|NA|NA|NA|0|0|0|0|NA|0
"130099704005"|0|1|1|0|0|0|0|1|1|1|0|0|0|1|0|7508|26688|5292|18846|10948|534|128|672|52424620|78012.8273809524|0
"130099707011"|0|1|0|0|0|0|0|1|1|1|0|0|0|1|0|6705|6705|NA|NA|7500|296|31|184|8920102|48478.8152173913|0
"130210105001"|0|1|1|0|0|1|0|1|1|1|0|0|0|1|0|30017|30017|15531|15531|14046|866|288|806|71813336|89098.4317617866|0
"130210121011"|0|1|1|0|0|0|0|1|1|1|0|0|1|0|0|26450|26450|11573|11573|10996|76|19|102|6086178|59668.4117647059|0
"130210132013"|0|1|0|0|0|0|0|1|1|0|0|1|1|0|0|NA|NA|NA|NA|NA|0|0|0|0|NA|0
"130210134074"|0|1|0|0|0|0|0|1|1|1|1|0|1|0|0|NA|NA|NA|NA|NA|10|0|8|196000|24500|0
"130210136031"|0|2|1|0|0|0|0|2|2|2|1|0|1|1|0|15864|24336|NA|NA|NA|423|100|562|40529724|120829.326599327|0
"130311103024"|0|1|0|0|0|0|0|1|1|1|1|0|0|1|0|2400|4800|NA|NA|NA|86|34|136|8493572|62452.7352941177|0
"130311104071"|0|1|1|0|0|0|0|1|1|1|0|0|0|0|1|4371|15425|4986|19890|10316|1840|492|1900|153126884|80593.0968421053|0
"130390105001"|0|1|0|0|0|0|0|1|0|0|0|0|0|0|0|NA|NA|NA|NA|NA|0|0|0|0|NA|0
"130459105041"|0|1|1|0|0|0|0|1|1|1|0|0|0|0|1|4371|15426|4338|16830|11330|860|221|934|71757198|76827.835117773|0
"130510038002"|0|1|1|1|0|0|0|1|1|1|0|0|0|1|0|4064|14785|4686|17418|9620|223|53|262|19498098|74420.2213740458|0
"130510040022"|0|2|2|0|0|0|0|2|2|2|0|0|1|1|0|30600|30600|30600|30600|NA|406|8|134|11550956|181861.020637899|0
"130510040023"|0|1|0|0|0|0|0|1|1|0|0|1|1|0|0|NA|NA|NA|NA|NA|0|0|0|0|NA|0
"130510043001"|0|1|0|0|0|0|0|1|1|1|1|0|0|1|0|2400|4800|NA|NA|NA|148|27|210|12566472|59840.3428571429|0
"130510119001"|0|1|1|0|0|0|0|1|1|1|0|0|0|0|1|39105|39105|40050|40050|15594|1021|543|1390|125880524|90561.528057554|0
"130570902021"|0|1|1|0|0|0|0|1|1|1|0|0|0|1|0|26000|26000|10080|10080|12300|110|52|146|8157254|55871.602739726|0
"130590004022"|0|1|1|0|0|1|0|1|1|1|0|0|0|0|1|9790|28830|8878|25186|10904|8400|1826|4380|511599934|116803.637899543|0
"130591307011"|0|1|0|0|0|0|0|1|1|0|0|1|1|0|0|NA|NA|NA|NA|NA|0|0|0|0|NA|0
"130591405001"|0|1|0|0|0|0|0|1|1|1|1|0|0|1|0|2400|4800|NA|NA|NA|139|25|204|13371268|65545.431372549|0
"130630404194"|0|1|1|0|0|0|0|1|1|1|0|0|0|1|0|4064|14786|5513|11232|10980|344|79|418|31301212|74883.2822966507|0
"130630404241"|0|3|0|0|0|0|0|3|3|1|1|2|2|1|0|NA|NA|NA|NA|NA|6|2|4|147480|NA|0
"130670302481"|0|1|0|0|0|0|0|1|1|0|0|1|1|0|0|NA|NA|NA|NA|NA|0|0|0|0|NA|0
"130670302783"|0|1|1|0|0|0|0|1|1|1|0|0|0|0|1|4450|15704|5328|19188|12947|2232|363|2608|212141792|81342.7116564417|0
"130670303442"|0|1|0|0|0|0|0|1|1|1|1|0|1|0|0|NA|NA|NA|NA|NA|15|2|22|1282952|58316|0
"130670304055"|0|1|0|0|0|0|0|1|1|1|1|0|1|0|0|NA|NA|NA|NA|NA|10|2|4|184000|46000|0
"130670305054"|0|1|0|0|0|0|0|1|1|0|0|0|0|0|0|NA|NA|NA|NA|NA|0|0|0|0|NA|0
"130670308002"|0|1|1|0|1|0|0|1|1|1|0|0|0|1|0|12915|12915|8883|8883|18000|324|109|242|19670190|81281.7768595041|0
"130670309121"|0|1|0|0|0|0|0|1|1|1|1|0|0|1|0|2400|4800|NA|NA|NA|278|100|378|23270186|61561.3386243386|0
"130670310043"|0|1|0|0|0|0|0|1|1|1|1|0|1|0|0|15372|15372|NA|NA|NA|21|10|16|1153832|72114.5|0
"130690107012"|0|1|0|0|0|0|0|1|1|1|0|0|0|1|0|2280|8632|NA|NA|9238|118|33|116|7073300|60976.724137931|0
"130730303072"|0|1|0|0|0|0|0|1|1|0|0|1|1|0|0|NA|NA|NA|NA|NA|0|0|0|0|NA|0
"130830403002"|0|1|1|0|0|0|0|1|1|1|0|0|1|0|0|37760|37760|20910|20910|11688|139|44|118|8634204|73171.2203389831|0
"130890211031"|0|1|0|0|0|0|0|1|1|1|0|0|0|1|0|43710|43710|NA|NA|14400|154|66|186|12341840|66353.9784946237|0
"130890212043"|0|1|0|0|0|0|0|1|1|1|1|0|1|0|0|11040|11040|NA|NA|NA|33|9|10|518334|51833.4|0
"130890212252"|0|1|0|0|0|0|0|1|1|0|0|1|1|0|0|NA|NA|NA|NA|NA|0|0|0|0|NA|0
"130890217031"|0|1|0|0|0|0|0|1|1|0|0|1|1|0|0|NA|NA|NA|NA|NA|0|0|0|0|NA|0
"130890217122"|0|1|1|0|0|0|0|1|1|1|0|0|0|1|0|13320|13320|14940|14940|NA|0|0|0|0|NA|0
"130890218192"|0|1|0|0|0|0|0|1|1|0|0|1|1|0|0|NA|NA|NA|NA|NA|0|0|0|0|NA|0
"130890219081"|0|1|0|0|0|0|0|1|1|0|0|1|1|0|0|NA|NA|NA|NA|NA|0|0|0|0|NA|0
"130890219082"|0|1|0|0|0|0|0|1|1|0|0|1|1|0|0|NA|NA|NA|NA|NA|0|0|0|0|NA|0
"130890220052"|0|1|0|0|0|0|0|1|1|1|1|0|0|1|0|2400|4800|NA|NA|NA|184|48|166|8739864|52649.7831325301|0
"130890224041"|0|1|1|0|1|1|0|1|1|1|0|0|0|0|1|57120|57120|45800|45800|17016|6107|903|2084|301877808|144854.994241843|0
"130890225011"|0|1|1|0|0|0|0|1|1|1|0|0|1|0|0|14392|14392|17072|17072|NA|37|0|16|1700218|106263.625|0
"130890228001"|0|1|1|0|0|0|0|1|1|1|0|0|0|1|0|45456|45456|17100|17100|13375|214|68|186|16241920|87322.1505376344|0
"130890228003"|0|0|1|0|0|0|0|1|1|1|0|0|1|0|0|NA|NA|18990|18990|NA|51|11|44|4552942|103475.954545455|0
"130890232143"|0|1|0|0|0|0|0|1|1|1|1|0|1|0|0|15960|15960|NA|NA|NA|14|1|12|681240|56770|0
"130890234403"|0|1|1|0|0|0|0|1|1|1|0|0|1|0|0|8448|8448|5976|5976|NA|15|3|40|1772900|44322.5|0
"130950014031"|0|1|0|0|0|0|0|1|1|1|1|0|0|1|0|2400|4800|NA|NA|NA|115|34|148|8733386|59009.3648648649|0
"130950107022"|0|1|1|1|0|0|0|1|1|1|0|0|0|1|0|4064|14786|3438|13716|10232|434|141|412|30526920|74094.4660194175|0
"131079706011"|0|1|0|0|0|0|0|1|1|1|0|0|0|1|0|2280|8632|NA|NA|9814|96|22|98|6204348|63309.6734693878|0
"131150003002"|0|1|1|0|0|0|0|1|1|1|0|0|0|1|0|39150|39150|12600|12600|13890|339|140|330|26579346|80543.4727272727|0
"131150012001"|0|1|1|0|0|0|0|1|1|1|0|0|0|1|0|22828|22828|16800|16800|9400|120|47|152|7814504|51411.2105263158|0
"131150016002"|0|1|0|0|0|0|0|1|1|1|1|0|0|1|0|2400|4800|NA|NA|NA|177|85|252|15682708|62232.9682539683|0
"131150021001"|0|1|0|0|0|0|0|1|1|1|0|0|0|1|0|2280|8632|NA|NA|NA|178|44|226|13728726|60746.5752212389|0
"131171304063"|0|1|0|0|0|0|0|1|1|0|0|1|1|0|0|NA|NA|NA|NA|NA|0|0|0|0|NA|0
"131198904022"|0|1|1|0|0|0|0|1|1|1|0|0|1|0|0|22464|22464|6000|6000|9104|95|62|82|3839560|46823.9024390244|0
"131210007001"|0|1|0|0|0|0|0|1|1|0|0|1|1|0|0|NA|NA|NA|NA|NA|0|0|0|0|NA|0
"131210010022"|0|1|1|0|0|0|0|1|1|1|0|0|0|0|1|10258|31370|14064|29140|12342|10448|924|2168|312566660|144172.813653137|0
"131210019023"|0|2|1|0|0|0|0|3|2|1|0|1|2|0|0|NA|NA|NA|NA|NA|32|6|40|3981140|NA|0
"131210038002"|0|2|2|2|0|0|0|3|3|3|0|0|2|1|0|NA|NA|NA|NA|NA|459|222|422|31056678|189730.558552632|0
"131210043001"|0|2|1|3|0|1|0|3|3|3|0|0|1|2|0|NA|NA|NA|NA|NA|766|231|672|53022750|NA|0
"131210052004"|0|1|1|0|0|0|0|1|1|1|0|0|1|0|0|7632|7632|7650|7650|NA|34|11|14|972592|69470.8571428571|0
"131210065001"|0|2|0|0|0|0|0|2|2|2|1|0|0|2|0|4826|13851|NA|NA|NA|228|39|248|14593084|122721.523097826|0
"131210073013"|0|1|0|0|0|0|0|1|1|0|0|1|1|0|0|NA|NA|NA|NA|NA|0|0|0|0|NA|0
"131210091042"|0|1|0|0|0|0|0|1|1|0|0|1|1|0|0|19400|19400|NA|NA|NA|0|0|0|0|NA|0
"131210092031"|0|1|0|0|0|0|0|1|1|0|0|1|1|0|0|NA|NA|NA|NA|NA|0|0|0|0|NA|0
"131210096061"|0|1|0|0|0|0|0|1|1|0|0|1|1|0|0|NA|NA|NA|NA|NA|0|0|0|0|NA|0
"131210101152"|0|1|0|0|0|0|0|1|1|1|0|0|0|1|0|19572|19572|NA|NA|NA|0|0|0|0|NA|0
"131210101305"|0|2|1|0|0|0|0|2|2|2|0|0|1|1|0|33307|33307|NA|NA|NA|55|0|20|1482174|153821.19047619|0
"131210102111"|0|0|1|0|0|0|0|1|1|1|0|0|1|0|0|NA|NA|3600|3600|NA|2|0|0|0|NA|0
"131210102181"|0|1|0|0|0|0|0|1|1|0|0|1|1|0|0|NA|NA|NA|NA|NA|0|0|0|0|NA|0
"131210102211"|0|1|0|0|0|0|0|1|1|1|1|0|1|0|0|NA|NA|NA|NA|NA|5|1|0|0|NA|0
"131210113061"|0|1|0|0|0|0|0|1|1|0|0|1|1|0|0|NA|NA|NA|NA|NA|0|0|0|0|NA|0
"131210114214"|0|1|0|0|0|0|0|1|1|0|0|1|1|0|0|NA|NA|NA|NA|NA|0|0|0|0|NA|0
"131210119013"|0|4|2|0|0|0|0|4|4|3|1|1|2|0|2|27963|49546|NA|NA|NA|3585|753|3386|307368542|NA|0
"131270005012"|0|1|0|0|0|0|0|1|1|1|0|0|0|1|0|2563|9469|NA|NA|10930|162|43|200|14284774|71423.87|0
"131350502151"|0|0|0|0|0|0|0|1|0|0|0|0|0|0|0|NA|NA|NA|NA|NA|0|0|0|0|NA|0
"131350502291"|0|1|0|0|0|0|0|1|1|1|1|0|1|0|0|16520|16520|NA|NA|NA|42|30|74|4070000|55000|0
"131350504351"|0|1|0|0|0|0|0|1|1|1|1|0|1|0|0|10250|10250|NA|NA|NA|8|2|6|101568|16928|0
"131350504391"|0|1|0|0|0|0|0|1|1|1|1|0|1|0|0|15060|15060|NA|NA|NA|25|13|16|897364|56085.25|0
"131350504591"|0|1|0|0|0|0|0|1|1|0|0|1|1|0|0|NA|NA|NA|NA|NA|0|0|0|0|NA|0
"131350505263"|0|1|0|0|0|0|0|1|1|0|0|1|1|0|0|NA|NA|NA|NA|NA|0|0|0|0|NA|0
"131350505371"|0|1|0|0|0|0|0|1|1|1|1|0|1|0|0|NA|NA|NA|NA|NA|13|0|12|666000|55500|0
"131350505613"|0|2|1|0|0|0|0|2|2|2|1|0|1|1|0|7200|9600|NA|NA|NA|269|97|324|17108790|77168.5654054054|0
"131350505631"|0|1|0|0|0|0|0|1|1|1|0|0|0|0|1|3214|12000|NA|NA|14320|374|86|860|66770508|77640.1255813953|0
"131350505741"|0|1|0|0|0|0|0|1|1|0|0|1|1|0|0|NA|NA|NA|NA|NA|0|0|0|0|NA|0
"131370002034"|0|1|0|0|0|0|0|1|1|1|1|0|0|1|0|2400|4800|NA|NA|4800|112|23|134|7619136|56859.223880597|0
"131370005023"|0|1|1|0|0|0|0|1|1|1|0|0|0|1|0|28970|28970|11232|11232|11562|153|70|186|13662004|73451.6344086022|0
"131390006021"|0|1|0|0|0|0|0|1|1|1|1|0|0|1|0|3000|6000|NA|NA|NA|128|42|226|14874554|65816.610619469|0
"131390008003"|0|1|1|0|0|0|0|1|1|1|0|0|0|1|0|31000|31000|14130|14130|12500|154|72|284|22901996|80640.8309859155|0
"131390011022"|0|1|0|0|0|0|0|1|1|1|1|0|1|0|0|10800|10800|NA|NA|NA|6|3|2|91728|45864|0
"131430104021"|0|1|0|0|0|0|0|1|1|1|1|0|0|1|0|2400|4800|NA|NA|NA|192|90|268|15260368|56941.671641791|0
"131530212043"|0|1|0|0|0|0|0|1|1|1|1|0|0|1|0|2400|4800|NA|NA|NA|332|127|468|26198446|55979.5854700855|0
"131719702021"|0|1|0|0|0|0|0|1|1|1|0|0|0|1|0|2563|9469|NA|NA|9257|128|36|162|11164164|68914.5925925926|0
"131850102012"|0|1|0|0|0|0|0|1|1|1|1|0|0|1|0|2400|4800|NA|NA|NA|154|50|258|13403814|51952.7674418605|0
"131850111002"|0|1|1|0|0|0|0|1|1|1|0|0|0|0|1|4371|15426|4572|16470|8922|572|160|792|59509438|75138.1792929293|0
"131879602064"|0|1|1|0|0|0|0|1|1|1|0|0|0|0|1|4197|14876|4140|16488|11950|1008|231|1424|103403148|72614.5702247191|0
"132099502002"|0|1|0|0|0|0|0|1|1|1|0|0|1|0|0|17850|17850|NA|NA|9370|65|26|62|3437500|55443.5483870968|0
"132150003002"|0|2|0|0|0|0|0|2|2|1|1|1|1|1|0|NA|NA|NA|NA|NA|125|43|182|11149376|NA|0
"132150010001"|0|1|1|0|0|0|0|1|1|1|0|0|0|1|0|4371|15425|6300|11394|12080|402|97|626|49240614|78659.1277955272|0
"132150021001"|0|1|0|0|0|0|0|1|1|1|1|0|1|0|0|NA|NA|NA|NA|NA|10|1|8|265452|33181.5|0
"132171004001"|0|1|0|0|0|0|0|1|1|1|1|0|0|1|0|57120|57120|NA|NA|17016|141|44|208|15637958|75182.4903846154|0
"132250404003"|0|1|1|1|0|0|0|1|1|1|0|0|0|1|0|4064|14786|4344|16128|8372|413|85|224|15053708|67204.0535714286|0
"132437902004"|0|1|0|0|0|0|0|1|1|1|0|0|1|0|0|18214|18214|NA|NA|11728|33|20|54|2908800|53866.6666666667|0
"132450010003"|0|1|0|1|0|0|0|1|1|1|0|0|1|0|0|12706|12706|NA|NA|7512|77|20|46|1516622|32970.0434782609|0
"132450101041"|0|1|0|0|0|0|0|1|1|0|0|1|1|0|0|NA|NA|NA|NA|NA|0|0|0|0|NA|0
"132450105062"|0|2|0|0|0|0|0|2|2|2|2|0|1|1|0|NA|NA|NA|NA|NA|140|50|266|17096434|81256.8015873016|0
"132450110001"|0|1|1|0|1|1|0|1|1|1|0|0|0|1|0|6892|22270|5504|18772|9998|1886|433|948|91411330|96425.4535864979|0
"132470603112"|0|1|0|0|0|0|0|1|1|0|0|1|1|0|0|NA|NA|NA|NA|NA|0|0|0|0|NA|0
"132551605002"|0|1|0|0|0|0|0|1|1|1|1|0|0|1|0|2400|4800|NA|NA|NA|148|18|206|12911638|62677.854368932|0
"132579701012"|0|1|1|0|0|0|0|1|1|1|0|0|0|1|0|22350|22350|12240|12240|8600|84|24|84|4298386|51171.2619047619|0
"132619502002"|0|1|0|0|0|0|0|1|1|1|1|0|0|1|0|3000|6000|NA|NA|5400|75|32|116|6661256|57424.6206896552|0
"132619507004"|0|1|1|0|0|0|0|1|1|1|0|0|0|1|0|4064|14786|3483|13806|8978|163|49|238|17268052|72554.8403361345|0
"132759605013"|0|1|0|0|0|0|0|1|1|1|1|0|0|1|0|2400|4800|NA|NA|NA|166|66|288|17497244|60754.3194444444|0
"132759609003"|0|1|1|0|0|0|0|1|1|1|0|0|0|1|0|10800|10800|13050|13050|7040|87|39|96|4553948|47436.9583333333|0
"132779603011"|0|1|0|0|0|0|0|1|1|1|0|0|0|1|0|2563|9469|NA|NA|8230|216|36|256|17182238|67118.1171875|0
"132799704004"|0|1|0|0|0|0|0|1|1|1|1|0|0|1|0|2400|4800|NA|NA|NA|76|7|132|6850650|51898.8636363636|0
"132819601002"|0|1|1|0|0|0|0|1|1|1|0|0|0|1|0|29700|29700|12000|12000|11706|100|33|126|7224776|57339.4920634921|0
"132859603001"|0|1|1|0|0|0|0|1|1|1|0|0|1|0|0|32800|32800|21965|21965|12530|85|35|112|6511952|58142.4285714286|0
"132859610002"|0|1|1|0|0|0|0|1|1|1|0|0|0|1|0|21150|21150|13014|13014|9000|135|45|104|5582778|53680.5576923077|0
"132999508023"|0|1|0|0|0|0|0|1|1|1|1|0|0|1|0|2147|4294|NA|NA|NA|125|29|180|9465198|52584.4333333333|0
"133039503001"|0|1|0|0|0|0|0|1|1|1|1|0|0|1|0|2400|4800|NA|NA|NA|79|30|120|7071698|58930.8166666667|0
"133119502061"|0|1|1|0|0|0|0|1|1|1|0|0|0|1|0|22896|22896|8460|8460|8856|102|40|102|5495040|53872.9411764706|0
"133130005021"|0|1|0|0|0|0|0|1|1|0|0|1|1|0|0|NA|NA|NA|NA|NA|0|0|0|0|NA|0
"133130008023"|0|1|0|0|0|0|0|1|1|1|0|0|0|1|0|2563|9469|NA|NA|10019|142|33|278|19209818|69100.0647482014|0
"150010205002"|0|1|0|0|0|0|0|1|1|1|1|0|0|1|0|3144|8280|NA|NA|8248|114|49|136|11019768|81027.7058823529|0
"150010205003"|0|1|1|0|0|0|0|1|1|1|0|0|0|1|0|7344|20304|11736|26568|8248|286|96|358|38021308|106204.770949721|0
"150010215131"|0|1|0|0|0|0|0|1|1|0|0|1|1|0|0|NA|NA|NA|NA|NA|0|0|0|0|NA|0
"150030008003"|0|1|0|0|0|0|0|1|1|1|1|0|0|1|0|3144|8280|NA|NA|NA|170|60|316|28963464|91656.5316455696|0
"150030013004"|0|1|0|0|0|0|0|1|1|0|0|1|1|0|0|NA|NA|NA|NA|NA|0|0|0|0|NA|0
"150030027011"|0|2|2|0|0|1|0|2|2|1|0|0|0|0|1|NA|NA|NA|NA|NA|2954|541|1906|239310530|NA|0
"150030028011"|0|1|1|0|0|0|0|1|1|1|0|0|0|1|0|28430|28430|25200|25200|15650|183|69|182|15242166|83748.1648351648|0
"150030037035"|0|1|0|0|0|0|0|1|1|1|1|0|1|0|0|25387|25387|NA|NA|NA|28|0|24|1176000|49000|0
"150030040001"|0|1|1|0|0|0|0|1|1|1|0|0|0|1|0|31440|31440|20306|20306|15278|306|79|328|27092968|82600.5121951219|0
"150030051002"|0|0|1|0|0|0|0|1|1|1|0|0|1|0|0|NA|NA|14850|14850|NA|2|0|6|2e+05|33333.3333333333|0
"150030052002"|0|1|0|0|0|0|0|1|1|0|0|1|1|0|0|NA|NA|NA|NA|NA|0|0|0|0|NA|0
"150030057001"|0|1|0|0|0|0|0|1|1|0|0|1|1|0|0|NA|NA|NA|NA|NA|0|0|0|0|NA|0
"150030057002"|0|1|0|0|0|0|0|1|1|1|1|0|0|1|0|3144|8280|NA|NA|NA|154|44|160|13452432|84077.7|0
"150030059001"|0|1|1|0|0|0|0|1|1|1|0|0|1|0|0|11880|11880|11610|11610|9900|11|3|0|0|NA|0
"150030086234"|0|2|0|0|0|0|0|2|2|2|1|0|0|1|0|12744|31104|NA|NA|NA|168|63|170|16521000|NA|0
"150030087041"|0|1|0|0|0|0|0|1|1|1|1|0|0|1|0|3144|8280|NA|NA|NA|166|67|252|21727608|86220.6666666667|0
"150030102021"|0|1|0|0|0|0|0|1|1|1|0|0|0|1|0|6250|6250|NA|NA|8828|265|74|248|29991662|120934.120967742|0
"150030105031"|0|1|0|0|0|0|0|1|1|1|1|0|0|1|0|3144|8280|NA|NA|NA|90|33|98|8437800|86100|0
"150030115005"|0|1|1|0|0|0|0|1|1|1|0|0|1|0|0|9552|9552|16752|16752|NA|0|0|0|0|NA|0
"150070404022"|0|1|0|0|0|0|0|1|1|1|1|0|0|1|0|3144|8280|NA|NA|NA|83|34|82|7309680|89142.4390243902|0
"150090311063"|0|1|0|0|0|0|0|1|1|1|0|0|0|1|0|3144|8280|NA|NA|NA|118|38|140|11845920|84613.7142857143|0
"150090319001"|0|1|0|0|0|0|0|1|1|0|0|1|1|0|0|NA|NA|NA|NA|NA|0|0|0|0|NA|0
"160010009022"|0|1|1|0|0|0|0|1|1|1|0|0|0|0|1|5532|22869|7236|24573|13841|2027|451|1660|139787560|84209.3734939759|0
"160010012043"|0|1|0|0|0|0|0|1|1|1|1|0|1|0|0|NA|NA|NA|NA|NA|21|2|42|3034394|72247.4761904762|0
"160010022311"|0|3|1|0|0|0|0|3|3|1|0|2|3|0|0|NA|NA|NA|NA|NA|11|4|22|1731904|NA|0
"160010022313"|0|1|0|0|0|0|0|1|1|0|0|1|1|0|0|NA|NA|NA|NA|NA|0|0|0|0|NA|0
"160010023171"|0|1|0|0|0|0|0|1|1|0|0|1|1|0|0|NA|NA|NA|NA|NA|0|0|0|0|NA|0
"160010024121"|0|1|0|0|0|0|0|1|1|1|0|0|1|0|0|9000|9000|NA|NA|7620|22|2|14|796104|56864.5714285714|0
"160010102363"|0|1|0|0|0|0|0|1|1|0|0|1|1|0|0|NA|NA|NA|NA|NA|0|0|0|0|NA|0
"160010103682"|0|0|1|0|0|1|0|1|1|1|0|0|1|0|0|NA|NA|NA|NA|NA|0|0|0|0|NA|0
"160050003011"|0|1|0|0|0|0|0|1|1|0|0|1|1|0|0|NA|NA|NA|NA|NA|0|0|0|0|NA|0
"160050007003"|0|1|1|0|0|0|0|1|1|1|0|0|0|0|1|5928|23906|8601|26578|7626|1087|272|1198|96712134|80727.9916527546|0
"160119505011"|0|1|0|0|0|0|0|1|1|0|0|1|1|0|0|NA|NA|NA|NA|NA|0|0|0|0|NA|0
"160199706022"|0|1|0|0|0|0|0|1|1|0|0|1|1|0|0|NA|NA|NA|NA|NA|0|0|0|0|NA|0
"160199706023"|0|1|0|0|0|0|0|1|1|1|1|0|0|1|0|4360|6720|NA|NA|NA|140|49|120|7676124|63967.7|0
"160199706031"|0|1|1|0|0|0|0|1|1|1|0|0|1|0|0|17112|17112|17112|17112|NA|9|4|14|920640|65760|0
"160270204052"|0|1|0|0|0|0|0|1|1|0|0|1|1|0|0|NA|NA|NA|NA|NA|0|0|0|0|NA|0
"160270204061"|0|1|1|0|0|0|0|1|1|1|0|0|0|1|0|35548|35548|11093|11093|10500|180|90|198|12613676|63705.4343434343|0
"160270210082"|0|1|0|0|0|0|0|1|1|0|0|1|1|0|0|NA|NA|NA|NA|NA|0|0|0|0|NA|0
"160270211041"|0|1|0|0|0|0|0|1|1|1|1|0|0|1|0|3400|7344|NA|NA|NA|322|122|330|19319840|58544.9696969697|0
"160270215001"|0|1|1|0|0|0|0|1|1|1|0|0|0|1|0|33825|33825|22540|22540|10820|129|54|160|10730760|67067.25|0
"160539704003"|0|1|0|0|0|0|0|1|1|0|0|1|1|0|0|NA|NA|NA|NA|NA|0|0|0|0|NA|0
"160550014002"|0|1|0|0|0|0|0|1|1|1|1|0|0|1|0|4000|7776|NA|NA|7900|345|116|256|16916558|66080.3046875|0
"160570051024"|0|1|1|0|0|0|0|1|1|1|0|0|1|0|0|14500|14500|9680|9680|NA|19|6|34|1678410|49365|0
"160570053021"|0|1|0|0|0|0|0|1|1|0|0|0|0|0|0|NA|NA|NA|NA|NA|0|0|0|0|NA|0
"160570054003"|0|1|1|0|0|1|0|1|1|1|0|0|0|0|1|6182|25418|7754|26990|9898|1733|468|1020|95022312|93159.1294117647|0
"160659503012"|0|1|0|0|0|0|0|1|1|1|0|0|0|0|1|4536|4536|NA|NA|4676|719|196|1210|130240310|107636.619834711|0
"160659503041"|0|1|0|0|0|0|0|1|1|0|0|1|1|0|0|NA|NA|NA|NA|NA|0|0|0|0|NA|0
"160659503043"|0|2|0|0|0|0|0|2|2|0|0|2|2|0|0|NA|NA|NA|NA|NA|0|0|0|0|NA|0
"160679702001"|0|1|0|0|0|0|0|1|1|0|0|1|1|0|0|NA|NA|NA|NA|NA|0|0|0|0|NA|0
"160699603003"|0|1|0|0|0|0|0|1|1|0|0|1|1|0|0|NA|NA|NA|NA|NA|0|0|0|0|NA|0
"160699604003"|0|1|1|0|0|0|0|1|1|1|0|0|0|1|0|6996|20252|4703|11629|8460|211|70|304|19975060|65707.4342105263|0
"160830007013"|0|1|0|0|0|0|0|1|1|0|0|1|1|0|0|NA|NA|NA|NA|NA|0|0|0|0|NA|0
"160830008004"|0|1|0|0|0|0|0|1|1|1|0|0|0|1|0|4560|6840|NA|NA|5952|398|112|276|16726622|60603.7028985507|0
"160830011003"|0|1|0|0|0|0|0|1|1|0|0|1|1|0|0|NA|NA|NA|NA|NA|0|0|0|0|NA|0
"170010001001"|0|1|1|0|1|0|0|1|1|1|0|0|1|0|0|28280|28280|NA|NA|NA|19|4|66|4862328|73671.6363636364|0
"170010002021"|0|1|1|0|0|0|0|1|1|1|0|0|0|1|0|31940|31940|12000|12000|11440|111|65|104|5574236|53598.4230769231|0
"170010008001"|0|1|0|0|0|0|0|1|1|0|0|1|1|0|0|NA|NA|NA|NA|NA|0|0|0|0|NA|0
"170010106001"|0|1|0|0|0|0|0|1|1|1|1|0|0|1|0|7770|7770|NA|NA|NA|107|50|96|5800888|60425.9166666667|0
"170059513003"|0|1|1|0|0|0|0|1|1|1|0|0|0|1|0|29998|29998|8784|8784|9614|114|70|96|5470354|56982.8541666667|0
"170190009021"|0|1|0|0|0|0|0|1|1|1|1|0|0|1|0|10905|15255|NA|NA|NA|254|75|298|23970730|80438.6912751678|0
"170190014002"|0|1|1|0|0|1|0|1|1|1|0|0|0|0|1|14542|35122|14891|29176|12720|8698|2094|4790|593887402|123984.843841336|0
"170190054011"|0|1|0|0|0|0|0|1|1|0|0|1|1|0|0|NA|NA|NA|NA|NA|0|0|0|0|NA|0
"170190059022"|0|1|1|0|0|0|0|1|1|0|0|0|0|0|0|NA|NA|NA|NA|NA|1079|246|0|0|NA|0
"170279005001"|0|1|0|0|0|0|0|1|1|1|1|0|0|1|0|7050|11850|NA|NA|NA|127|24|128|10681060|83445.78125|0
"170290002004"|0|1|0|0|0|0|0|1|1|1|1|0|0|1|0|7139|12940|NA|NA|NA|180|65|194|12193838|62854.8350515464|0
"170290008001"|0|1|1|0|0|0|0|1|1|1|0|0|0|1|0|9417|11882|7691|18458|10812|658|261|758|60208458|79430.6833773087|0
"170310104003"|0|1|1|0|0|1|0|1|1|1|0|0|0|0|1|48100|48100|19440|19440|15520|1408|413|1716|174483764|101680.515151515|0
"170310105031"|0|1|0|0|0|0|0|1|1|0|0|1|1|0|0|NA|NA|NA|NA|NA|0|0|0|0|NA|0
"170310311002"|0|1|1|0|0|0|0|2|2|2|0|0|2|0|0|NA|NA|NA|NA|NA|69|4|26|1716714|NA|0
"170310314004"|0|1|1|0|0|0|0|1|1|1|0|0|1|0|0|7500|7500|4500|4500|3600|8|0|8|639900|79987.5|0
"170310634001"|0|1|0|0|0|0|0|1|1|0|0|1|1|0|0|NA|NA|NA|NA|NA|0|0|0|0|NA|0
"170310810005"|0|1|1|0|0|0|0|1|1|1|0|0|0|1|0|13680|13680|8910|8910|12610|502|172|148|11731368|79266|0
"170310817002"|0|1|2|0|0|0|0|2|2|2|0|0|1|1|0|NA|NA|43442|43442|NA|190|91|152|15168074|194964.553571429|0
"170310818001"|0|1|0|0|0|0|0|1|0|0|0|0|0|0|0|NA|NA|NA|NA|NA|0|0|0|0|NA|0
"170311006003"|0|1|0|0|0|0|0|1|1|0|0|1|1|0|0|NA|NA|NA|NA|NA|0|0|0|0|NA|0
"170311407012"|0|1|0|0|0|0|0|1|1|0|0|1|1|0|0|NA|NA|NA|NA|NA|0|0|0|0|NA|0
"170311701001"|0|1|0|0|0|0|0|1|1|1|1|0|0|1|0|11520|14430|NA|NA|NA|155|44|152|14921240|98166.0526315789|0
"170312415003"|0|1|0|0|0|0|0|1|1|0|0|1|1|0|0|NA|NA|NA|NA|NA|0|0|0|0|NA|0
"170313201021"|0|4|2|0|0|0|0|5|5|4|2|0|3|1|0|NA|NA|NA|NA|NA|471|162|214|19592590|NA|0
"170313201022"|0|1|0|0|0|0|0|1|1|0|0|1|1|0|0|17850|17850|NA|NA|NA|0|0|0|0|NA|0
"170313204001"|0|7|4|0|0|0|0|7|7|6|1|1|3|3|1|NA|NA|NA|NA|NA|2563|840|2784|272925042|NA|0
"170313206002"|0|2|2|0|0|0|0|3|3|3|0|0|2|1|0|NA|NA|NA|NA|NA|509|194|490|39658068|255729.648504274|0
"170314106002"|0|0|2|0|0|0|0|2|2|2|0|0|2|0|0|NA|NA|26640|26640|NA|61|13|38|3300160|171325.306818182|0
"170314109002"|0|0|1|0|0|0|0|1|1|1|0|0|1|0|0|NA|NA|23232|23232|NA|32|8|50|3311732|66234.64|0
"170314202001"|0|0|3|0|0|0|0|3|3|3|0|0|3|0|0|NA|NA|NA|NA|NA|62|10|58|7954884|379770.939393939|0
"170314402011"|0|1|0|0|0|0|0|1|1|0|0|1|1|0|0|NA|NA|NA|NA|NA|0|0|0|0|NA|0
"170314905001"|0|1|1|0|0|0|0|1|1|1|0|0|0|1|0|7656|7656|5976|11679|13800|351|77|284|22794086|80260.8661971831|0
"170315001004"|0|1|0|0|0|0|0|1|1|1|1|0|0|1|0|11520|14430|NA|NA|NA|155|53|78|7546292|96747.3333333333|0
"170315702001"|0|1|0|0|0|0|0|1|1|0|0|1|1|0|0|NA|NA|NA|NA|NA|0|0|0|0|NA|0
"170315805023"|0|1|0|0|0|0|0|1|1|0|0|1|1|0|0|NA|NA|NA|NA|NA|0|0|0|0|NA|0
"170315907002"|0|1|0|0|0|0|0|1|1|0|0|1|1|0|0|16520|16520|NA|NA|NA|0|0|0|0|NA|0
"170316103001"|0|1|0|0|0|0|0|1|1|0|0|1|1|0|0|NA|NA|NA|NA|NA|0|0|0|0|NA|0
"170316505003"|0|1|0|0|0|0|0|1|1|1|1|0|0|1|0|11520|14430|NA|NA|NA|126|32|96|8900294|92711.3958333333|0
"170316809004"|0|1|0|0|0|0|0|1|1|1|1|0|0|1|0|11520|14430|NA|NA|NA|155|44|130|11060594|85081.4923076923|0
"170317307001"|0|1|0|0|0|0|0|1|1|0|0|1|1|0|0|NA|NA|NA|NA|NA|0|0|0|0|NA|0
"170317402001"|0|1|1|0|0|0|0|1|1|1|0|0|0|1|0|34640|34640|15000|15000|11780|274|108|250|18006484|72025.936|0
"170318024021"|0|1|0|0|0|0|0|1|1|1|1|0|1|0|0|23800|23800|NA|NA|NA|3|0|4|282000|70500|0
"170318026091"|0|1|0|0|0|0|0|1|1|0|0|1|1|0|0|NA|NA|NA|NA|NA|0|0|0|0|NA|0
"170318041023"|0|1|0|0|0|0|0|1|1|1|1|0|0|0|1|9372|11184|NA|NA|NA|504|183|388|38343564|98823.618556701|0
"170318042043"|0|1|0|0|0|0|0|1|1|1|0|0|1|0|0|NA|NA|NA|NA|NA|9|0|18|1208416|67134.2222222222|0
"170318047142"|0|1|0|0|0|0|0|1|1|0|0|1|1|0|0|NA|NA|NA|NA|NA|0|0|0|0|NA|0
"170318054024"|0|1|0|0|0|0|0|1|1|0|0|1|1|0|0|NA|NA|NA|NA|NA|0|0|0|0|NA|0
"170318055013"|0|1|0|0|0|0|0|1|1|0|0|1|1|0|0|18750|18750|NA|NA|NA|0|0|0|0|NA|0
"170318060043"|0|1|0|0|0|0|0|1|1|0|0|1|1|0|0|NA|NA|NA|NA|NA|0|0|0|0|NA|0
"170318061042"|0|1|0|0|0|0|0|1|1|1|1|0|0|1|0|10276|12292|NA|NA|NA|339|120|294|26369208|89691.1836734694|0
"170318069001"|0|2|0|0|0|0|0|2|2|0|0|2|2|0|0|NA|NA|NA|NA|NA|0|0|0|0|NA|0
"170318070004"|0|1|1|0|0|0|0|1|1|1|0|0|1|0|0|18096|18096|19720|19720|NA|4|0|2|98000|49000|0
"170318078001"|0|1|0|0|0|0|0|1|1|1|0|0|1|0|0|13800|13800|NA|NA|13658|35|9|24|1080862|45035.9166666667|0
"170318087021"|0|1|1|0|0|1|0|1|1|1|0|0|0|0|1|62391|62391|51869|51869|19440|5848|1363|3016|507725988|168344.160477454|0
"170318087023"|0|0|1|0|0|0|0|1|1|1|0|0|1|0|0|NA|NA|22680|22680|NA|45|5|50|4668082|93361.64|0
"170318088002"|0|0|1|0|0|0|0|1|1|0|0|1|1|0|0|NA|NA|NA|NA|NA|0|0|0|0|NA|0
"170318095003"|0|1|0|0|0|0|0|1|1|0|0|1|1|0|0|NA|NA|NA|NA|NA|0|0|0|0|NA|0
"170318112003"|0|1|0|0|0|0|0|1|1|1|1|0|0|1|0|11010|13950|NA|NA|NA|288|95|200|14755278|73776.39|0
"170318119002"|0|1|1|0|0|0|0|1|1|1|0|0|0|1|0|33944|33944|9399|9399|10762|228|124|478|20120620|42093.3472803347|0
"170318119004"|0|1|1|0|0|0|0|1|1|1|0|0|0|1|0|35850|35850|19900|19900|11050|255|111|278|21039694|75682.3525179856|0
"170318139001"|0|1|0|0|0|0|0|1|1|0|0|1|1|0|0|NA|NA|NA|NA|NA|0|0|0|0|NA|0
"170318144003"|0|1|0|0|0|0|0|1|1|1|1|0|0|1|0|8256|10304|NA|NA|NA|134|62|142|11077722|78012.1267605634|0
"170318162001"|0|1|0|0|0|0|0|1|1|1|1|0|0|1|0|NA|NA|NA|NA|NA|36|9|92|6156562|66919.152173913|0
"170318166001"|0|1|0|0|0|0|0|1|1|0|0|1|1|0|0|NA|NA|NA|NA|NA|0|0|0|0|NA|0
"170318183003"|0|1|0|0|0|0|0|1|1|0|0|1|1|0|0|NA|NA|NA|NA|NA|0|0|0|0|NA|0
"170318205024"|0|1|0|0|0|0|0|1|1|0|0|1|1|0|0|NA|NA|NA|NA|NA|0|0|0|0|NA|0
"170318221013"|0|1|0|0|0|0|0|1|1|1|0|0|1|0|0|18280|18280|NA|NA|NA|35|1|24|2034922|84788.4166666667|0
"170318221014"|0|1|0|0|0|0|0|1|1|0|0|1|1|0|0|NA|NA|NA|NA|NA|0|0|0|0|NA|0
"170318236051"|0|1|1|0|0|0|0|1|1|1|0|0|1|0|0|33800|33800|10458|10458|10500|115|32|132|8884302|67305.3181818182|0
"170318238031"|0|1|0|0|0|0|0|1|1|0|0|1|1|0|0|NA|NA|NA|NA|NA|0|0|0|0|NA|0
"170318238033"|0|1|0|0|0|0|0|1|1|1|1|0|0|0|1|7776|9096|NA|NA|NA|383|166|368|30541124|82992.1847826087|0
"170318245051"|0|1|0|0|0|0|0|1|1|0|0|1|1|0|0|NA|NA|NA|NA|NA|0|0|0|0|NA|0
"170318246025"|0|1|0|0|0|0|0|1|1|0|0|1|1|0|0|NA|NA|NA|NA|NA|0|0|0|0|NA|0
"170318254002"|0|1|0|0|0|0|0|1|1|1|1|0|1|0|0|15560|15560|NA|NA|NA|11|1|44|3463056|78705.8181818182|0
"170318259002"|0|1|0|0|0|0|0|1|1|0|0|1|1|0|0|NA|NA|NA|NA|NA|0|0|0|0|NA|0
"170318260002"|0|1|0|0|0|0|0|1|1|0|0|1|1|0|0|NA|NA|NA|NA|NA|0|0|0|0|NA|0
"170318272003"|0|1|0|0|0|0|0|1|1|1|1|0|0|1|0|10500|12150|NA|NA|NA|192|76|134|9715354|72502.6417910448|0
"170318289001"|0|1|0|0|0|0|0|1|1|1|1|0|0|1|0|8610|10332|NA|NA|NA|155|67|158|13035270|82501.7088607595|0
"170318300061"|0|1|0|0|0|0|0|1|1|0|0|1|1|0|0|NA|NA|NA|NA|NA|0|0|0|0|NA|0
"170318302013"|0|1|0|0|0|0|0|1|1|0|0|1|1|0|0|NA|NA|NA|NA|NA|0|0|0|0|NA|0
"170318307004"|0|1|0|0|0|0|0|1|1|1|1|0|0|1|0|11520|14430|NA|NA|NA|211|66|128|11043052|86273.84375|0
"170318318004"|0|1|1|0|0|0|0|1|1|1|0|0|0|1|0|33350|33350|14004|14004|10125|208|28|200|14021292|70106.46|0
"170318318005"|0|2|2|0|0|0|0|2|2|2|0|0|1|1|0|26091|36182|15790|23581|NA|564|115|536|41808550|108567.144499179|0
"170318339002"|0|1|0|0|0|0|0|1|1|0|0|1|1|0|0|NA|NA|NA|NA|NA|0|0|0|0|NA|0
"170318362001"|0|1|1|0|0|1|0|1|1|1|0|0|0|0|1|61179|61179|65145|65145|18396|8010|1315|3310|563430292|170220.632024169|0
"170318381001"|0|1|1|0|1|1|0|1|1|1|0|0|0|1|0|30315|30315|38030|38030|NA|314|67|488|71984932|147510.106557377|0
"170318381002"|0|1|0|0|0|0|0|1|1|1|1|0|0|1|0|11520|14430|NA|NA|NA|201|47|234|20620672|88122.5299145299|0
"170318391001"|0|3|1|0|0|0|0|3|3|1|0|2|2|1|0|NA|NA|NA|NA|NA|151|36|110|10199580|NA|0
"170318391002"|0|1|0|0|0|0|0|1|1|1|1|0|1|0|0|NA|NA|NA|NA|NA|46|4|34|2141220|62977.0588235294|0
"170318419001"|0|1|1|0|1|1|0|1|1|1|0|0|0|0|1|12396|27765|14181|25346|14400|4086|847|3526|442048228|125368.187180942|0
"170318419002"|0|1|0|0|0|0|0|1|1|0|0|1|1|0|0|NA|NA|NA|NA|NA|0|0|0|0|NA|0
"170318420001"|0|0|1|0|0|0|0|1|1|1|0|0|1|0|0|NA|NA|NA|NA|NA|114|60|96|11609586|120933.1875|0
"170318420002"|0|2|2|0|0|0|0|2|2|2|0|0|1|1|0|76329|76329|40941|40941|NA|696|131|762|98253286|209174.476819407|0
"170338805003"|0|1|0|0|0|0|0|1|1|1|1|0|1|0|0|8902|10928|NA|NA|NA|27|12|32|2002748|62585.875|0
"170370003002"|0|1|0|0|0|0|0|1|1|1|1|0|0|1|0|8820|13230|NA|NA|NA|127|65|104|7015276|67454.5769230769|0
"170370008002"|0|1|0|0|0|0|0|1|1|0|0|1|1|0|0|NA|NA|NA|NA|NA|0|0|0|0|NA|0
"170370013005"|0|1|0|0|0|0|0|1|1|0|0|1|1|0|0|NA|NA|NA|NA|NA|0|0|0|0|NA|0
"170370022001"|0|1|1|0|0|0|0|1|1|1|0|0|0|0|1|9792|9792|9066|9066|11420|1815|611|1610|145065224|90102.6236024845|0
"170438409061"|0|1|1|0|0|0|0|1|1|1|0|0|0|0|1|19117|19117|13000|13000|NA|0|0|0|0|NA|0
"170438409104"|0|1|0|0|0|0|0|1|1|0|0|1|1|0|0|NA|NA|NA|NA|NA|0|0|0|0|NA|0
"170438411112"|0|1|0|0|0|0|0|1|1|0|0|1|1|0|0|NA|NA|NA|NA|NA|0|0|0|0|NA|0
"170438419022"|0|1|1|0|0|0|0|1|1|1|0|0|0|1|0|41990|41990|18720|18720|11690|477|168|416|36175032|86959.2115384615|0
"170438427101"|0|1|0|0|0|0|0|1|1|1|1|0|0|0|1|8910|11010|NA|NA|NA|660|271|532|59570292|111974.233082707|0
"170438429003"|0|1|1|0|0|0|0|1|1|1|0|0|0|1|0|39862|39862|33000|33000|11250|254|119|342|25512812|74598.865497076|0
"170438433013"|0|1|0|0|0|0|0|1|1|0|0|1|1|0|0|NA|NA|NA|NA|NA|0|0|0|0|NA|0
"170438442011"|0|1|1|0|0|0|0|1|1|1|0|0|1|0|0|21272|21272|26732|26732|NA|82|21|98|6355380|64850.8163265306|0
"170438443081"|0|1|0|0|0|0|0|1|1|0|0|1|1|0|0|NA|NA|NA|NA|NA|0|0|0|0|NA|0
"170438443101"|0|1|0|0|0|0|0|1|1|0|0|1|1|0|0|NA|NA|NA|NA|NA|0|0|0|0|NA|0
"170438444021"|0|1|0|0|0|0|0|1|1|0|0|1|1|0|0|NA|NA|NA|NA|NA|0|0|0|0|NA|0
"170438444022"|0|0|1|0|1|1|0|1|1|1|0|0|0|1|0|NA|NA|48133|48133|NA|423|90|308|46397384|150640.857142857|0
"170438446011"|0|1|0|0|0|0|0|1|1|0|0|1|1|0|0|NA|NA|NA|NA|NA|0|0|0|0|NA|0
"170438446012"|0|1|1|0|0|0|0|1|1|1|0|0|1|0|0|22608|22608|8000|8000|NA|50|0|68|6490464|95448|0
"170438449023"|0|1|0|0|0|0|0|1|1|0|0|1|1|0|0|NA|NA|NA|NA|NA|0|0|0|0|NA|0
"170438456021"|0|1|0|0|0|0|0|1|1|0|0|1|1|0|0|NA|NA|NA|NA|NA|0|0|0|0|NA|0
"170438459021"|0|1|0|0|0|0|0|1|1|0|0|1|1|0|0|NA|NA|NA|NA|NA|0|0|0|0|NA|0
"170438460023"|0|0|1|0|0|0|0|1|1|1|0|0|1|0|0|NA|NA|13635|13635|NA|7|0|0|0|NA|0
"170438461021"|0|1|0|0|0|0|0|1|1|0|0|1|0|1|0|NA|NA|NA|NA|NA|0|0|0|0|NA|0
"170438461033"|0|1|1|0|0|0|0|1|1|1|0|0|0|1|0|42866|42866|15822|15822|11998|200|75|352|29526806|83882.9715909091|0
"170438461061"|0|2|2|0|0|0|0|2|2|1|0|0|0|0|1|NA|NA|NA|NA|NA|812|15|122|12674758|NA|0
"170438462023"|0|1|1|0|0|0|0|1|1|1|0|0|0|1|0|30927|30927|19181|19181|10266|215|82|228|18687898|81964.4649122807|0
"170579534002"|0|1|0|0|0|0|0|1|1|0|0|1|1|0|0|NA|NA|NA|NA|NA|0|0|0|0|NA|0
"170579535002"|0|1|0|0|0|0|0|1|1|0|0|1|1|0|0|5743|5743|NA|NA|NA|0|0|0|0|NA|0
"170579535003"|0|1|0|0|0|0|0|1|1|1|1|0|0|1|0|10620|11700|NA|NA|NA|77|40|54|3288852|60904.6666666667|0
"170770117022"|0|2|2|0|1|1|0|2|2|1|0|0|0|0|1|NA|NA|NA|NA|NA|1754|590|1302|94993486|NA|0
"170810504003"|0|1|0|0|0|0|0|1|1|1|1|0|0|1|0|5250|6000|NA|NA|NA|123|37|94|6800396|72344.6382978723|0
"170830103003"|0|1|0|0|0|0|0|1|1|1|0|0|1|0|0|31200|31200|NA|NA|12870|222|62|114|8961224|78607.2280701754|0
"170898510003"|0|1|1|0|0|0|0|1|1|1|0|0|1|0|0|29850|29850|16306|16306|11320|103|30|100|6635052|66350.52|0
"170898519081"|0|1|0|0|0|0|0|1|1|1|1|0|0|1|0|7128|9504|NA|NA|NA|369|122|286|28270786|98848.9020979021|0
"170898519111"|0|1|0|0|0|0|0|1|1|0|0|1|1|0|0|NA|NA|NA|NA|NA|0|0|0|0|NA|0
"170898539003"|0|1|1|0|0|0|0|1|1|1|0|0|0|1|0|27200|27200|14586|14586|12360|276|105|252|20554228|81564.3968253968|0
"170898545041"|0|1|0|0|0|0|0|1|1|1|1|0|0|1|0|10434|11304|NA|NA|NA|324|134|178|16374452|91991.3033707865|0
"170910107023"|0|0|0|0|0|0|0|1|0|0|0|0|0|0|0|NA|NA|NA|NA|NA|0|0|0|0|NA|0
"170910120002"|0|1|1|0|0|0|0|1|1|1|0|0|0|1|0|36950|36950|12290|12290|9790|318|95|220|14618920|66449.6363636364|0
"170910125001"|0|1|0|0|0|0|0|1|1|1|1|0|0|1|0|12630|24990|NA|NA|NA|139|41|112|7916340|70681.6071428571|0
"170938901062"|0|1|0|0|0|0|0|1|1|0|0|1|1|0|0|NA|NA|NA|NA|NA|0|0|0|0|NA|0
"170950004001"|0|1|0|0|0|0|0|1|1|1|1|0|0|1|0|7810|8710|NA|NA|NA|107|42|78|4549480|58326.6666666667|0
"170950008002"|0|1|0|0|0|0|0|1|1|1|0|0|0|1|0|52461|52461|NA|NA|10326|254|52|220|14938348|67901.5818181818|0
"170978611062"|0|1|0|0|0|0|0|1|1|1|1|0|0|0|1|9226|12502|NA|NA|NA|530|176|432|44858764|103839.731481481|0
"170978615101"|0|1|0|0|0|0|0|1|1|0|0|1|1|0|0|NA|NA|NA|NA|NA|0|0|0|0|NA|0
"170978630041"|0|0|1|0|0|1|0|1|1|1|0|0|0|1|0|NA|NA|33207|33207|NA|298|82|202|27747856|137365.623762376|0
"170978634002"|0|1|1|0|0|0|0|1|1|1|0|0|0|1|0|52000|52000|15816|15816|11898|197|66|224|18005692|80382.5535714286|0
"170978638012"|0|1|0|0|0|0|0|1|1|0|0|1|1|0|0|NA|NA|NA|NA|NA|0|0|0|0|NA|0
"170978639023"|0|1|0|0|0|0|0|1|1|0|0|1|1|0|0|NA|NA|NA|NA|NA|0|0|0|0|NA|0
"170978640013"|0|0|1|0|0|0|0|1|1|1|0|0|1|0|0|NA|NA|32634|32634|NA|83|11|26|1829892|70380.4615384615|0
"170978648011"|0|1|1|0|0|0|0|1|1|1|0|0|0|1|0|32998|32998|17880|17880|10840|117|24|82|6303086|76866.9024390244|0
"170978662003"|0|0|1|0|0|0|0|1|1|1|0|0|1|0|0|NA|NA|NA|NA|NA|44|0|4|468546|117136.5|0
"170999630001"|0|1|0|0|0|0|0|1|1|0|0|1|1|0|0|NA|NA|NA|NA|NA|0|0|0|0|NA|0
"170999632003"|0|1|0|0|0|0|0|1|1|1|1|0|0|1|0|12937|14082|NA|NA|NA|110|40|148|11164204|75433.8108108108|0
"171030005004"|0|1|0|0|0|0|0|1|1|1|1|0|0|1|0|10800|12060|NA|NA|NA|102|31|92|5952988|64706.3913043478|0
"171079529003"|0|1|1|0|0|0|0|1|1|1|0|0|1|0|0|14820|14820|8892|8892|NA|19|2|26|1423760|54760|0
"171079531002"|0|1|1|0|0|0|0|1|1|0|0|0|0|0|0|NA|NA|NA|NA|NA|0|0|0|0|NA|0
"171099800001"|0|1|1|0|0|0|0|1|1|1|0|0|0|1|0|9130|9130|8609|8609|10500|772|206|894|76178898|85211.2953020134|0
"171118708081"|0|1|0|0|0|0|0|1|1|0|0|1|1|0|0|NA|NA|NA|NA|NA|0|0|0|0|NA|0
"171118709061"|0|1|0|0|0|0|0|1|1|1|1|0|0|1|0|10824|14175|NA|NA|NA|190|61|180|18288790|101604.388888889|0
"171118712013"|0|1|0|0|0|0|0|1|1|0|0|1|1|0|0|NA|NA|NA|NA|NA|0|0|0|0|NA|0
"171130001081"|0|1|0|0|0|0|0|1|1|0|0|1|1|0|0|NA|NA|NA|NA|NA|0|0|0|0|NA|0
"171130001083"|0|1|0|0|0|0|0|1|1|1|1|0|0|1|0|9660|14490|NA|NA|NA|244|40|156|11371298|72892.9358974359|0
"171130002001"|0|1|1|0|0|0|0|1|1|1|0|0|0|0|1|10907|20175|7694|9500|10602|2169|368|1796|143221812|79744.8841870824|0
"171130005041"|0|1|0|0|0|0|0|1|1|0|0|1|1|0|0|NA|NA|NA|NA|NA|0|0|0|0|NA|0
"171130013021"|0|1|0|0|0|0|0|1|1|1|0|0|0|1|0|53610|53610|NA|NA|12418|282|115|216|16845492|77988.3888888889|0
"171130017003"|0|1|0|0|0|0|0|1|1|0|0|1|1|0|0|NA|NA|NA|NA|NA|0|0|0|0|NA|0
"171150016002"|0|1|1|0|0|0|0|1|1|1|0|0|0|1|0|40740|40740|20000|20000|12836|181|86|270|17238464|63846.162962963|0
"171150022005"|0|1|0|0|0|0|0|1|1|1|1|0|0|1|0|10380|16650|NA|NA|NA|130|38|102|6746374|66140.9215686275|0
"171150029041"|0|1|0|0|0|0|0|1|1|0|0|1|1|0|0|NA|NA|NA|NA|NA|0|0|0|0|NA|0
"171179563003"|0|1|0|0|0|0|0|1|1|1|0|0|1|0|0|26055|26055|NA|NA|9020|62|17|74|4662622|63008.4054054054|0
"171194027013"|0|1|0|0|0|0|0|1|1|0|0|1|1|0|0|NA|NA|NA|NA|NA|0|0|0|0|NA|0
"171194027212"|0|1|0|0|0|0|0|1|1|1|1|0|0|1|0|9000|12000|NA|NA|NA|202|66|180|14845368|82474.2666666667|0
"171194031011"|0|1|1|0|0|1|0|1|1|1|0|0|0|0|1|8674|8674|7402|7402|10272|1331|430|1278|109487520|85670.985915493|0
"171336004011"|0|1|0|0|0|0|0|1|1|0|0|1|1|0|0|NA|NA|NA|NA|NA|0|0|0|0|NA|0
"171336005021"|0|1|0|0|0|0|0|1|1|0|0|1|1|0|0|NA|NA|NA|NA|NA|0|0|0|0|NA|0
"171359578003"|0|1|0|0|0|0|0|1|1|0|0|1|1|0|0|NA|NA|NA|NA|NA|0|0|0|0|NA|0
"171379518002"|0|1|1|0|0|0|0|1|1|1|0|0|0|1|0|35796|35796|9000|9000|9964|166|51|150|10041676|66944.5066666667|0
"171430016003"|0|1|1|0|0|0|0|1|1|1|0|0|1|0|0|22132|22132|8796|8796|NA|22|4|74|5504732|74388.2702702703|0
"171430020002"|0|1|1|0|0|0|0|1|1|1|0|0|0|1|0|37380|37380|17820|17820|12196|583|192|668|57642396|86291.0119760479|0
"171430029002"|0|1|0|0|0|0|0|1|1|0|0|1|1|0|0|NA|NA|NA|NA|NA|0|0|0|0|NA|0
"171430041011"|0|1|1|0|0|0|0|1|1|1|0|0|1|0|0|16248|16248|14022|14022|17280|57|17|56|3393312|60594.8571428571|0
"171539710002"|0|1|0|0|0|0|0|1|1|1|1|0|0|1|0|6300|6600|NA|NA|NA|67|41|62|4211912|67934.064516129|0
"171599780001"|0|1|0|0|0|0|0|1|1|1|1|0|1|0|0|8902|10928|NA|NA|NA|39|15|80|5132458|64155.725|0
"171599782001"|0|1|0|0|0|0|0|1|1|0|0|0|0|0|0|NA|NA|NA|NA|NA|62|24|0|0|NA|0
"171610211002"|0|1|0|0|0|0|0|1|1|1|1|0|0|1|0|7950|8100|NA|NA|NA|199|77|188|12223394|65018.0531914894|0
"171610228004"|0|1|1|0|0|0|0|1|1|1|0|0|0|1|0|47766|47766|34000|34000|11782|332|111|402|29329686|72959.4179104478|0
"171610232003"|0|1|1|0|0|0|0|1|1|1|0|0|1|0|0|24692|24692|28833|28833|NA|11|3|22|1588872|72221.4545454545|0
"171635039081"|0|1|0|0|0|0|0|1|1|1|1|0|0|1|0|6120|5940|NA|NA|NA|265|97|296|20260342|68447.1013513513|0
"171635043593"|0|1|1|0|0|0|0|1|1|1|0|0|0|1|0|32020|32020|9450|9450|11590|147|68|134|8526750|63632.4626865672|0
"171659562001"|0|1|0|0|0|0|0|1|1|1|1|0|0|1|0|5160|5400|NA|NA|NA|55|22|60|3696006|61600.1|0
"171670005012"|0|1|0|0|0|0|0|1|1|0|0|1|0|1|0|NA|NA|NA|NA|NA|0|0|0|0|NA|0
"171670009001"|0|1|1|0|0|0|0|1|1|1|0|0|1|0|0|23850|23850|16488|16488|NA|8|0|32|2644594|82643.5625|0
"171670020021"|0|1|0|0|0|0|0|1|1|0|0|1|1|0|0|NA|NA|NA|NA|NA|0|0|0|0|NA|0
"171670030001"|0|3|1|0|0|0|0|3|3|2|1|1|1|2|0|NA|NA|NA|NA|NA|787|255|632|52527932|NA|0
"171770010003"|0|1|0|0|0|0|0|1|1|1|1|0|0|1|0|5904|6048|NA|NA|NA|88|34|92|8515896|92564.0869565217|0
"171790203012"|0|1|0|0|0|0|0|1|1|0|0|1|1|0|0|NA|NA|NA|NA|NA|0|0|0|0|NA|0
"171790212011"|0|1|0|0|0|0|0|1|1|1|1|0|0|1|0|9316|11336|NA|NA|NA|307|108|324|24640302|76050.3148148148|0
"171830008001"|0|1|0|0|0|0|0|1|1|1|0|0|1|0|0|16320|16320|NA|NA|NA|8|0|22|1349160|61325.4545454545|0
"171830112003"|0|1|0|0|0|0|0|1|1|1|1|0|0|1|0|7800|7800|NA|NA|NA|122|52|124|7897060|63685.9677419355|0
"171859573003"|0|1|0|0|0|0|0|1|1|1|1|0|1|0|0|8902|10928|NA|NA|NA|27|15|44|2866712|65152.5454545455|0
"171878704002"|0|1|0|0|0|0|0|1|1|1|0|0|1|0|0|42064|42064|NA|NA|10690|136|57|124|7166090|57791.0483870968|0
"171919552002"|0|1|0|0|0|0|0|1|1|1|1|0|0|1|0|8902|10928|NA|NA|NA|42|16|26|1480606|56946.3846153846|0
"171950003002"|0|1|0|0|0|0|0|1|1|1|1|0|1|0|0|17500|17500|NA|NA|7315|10|1|14|984018|70287|0
"171950011022"|0|1|0|0|0|0|0|1|1|0|0|1|1|0|0|NA|NA|NA|NA|NA|0|0|0|0|NA|0
"171978804214"|0|1|0|0|0|0|0|1|1|0|0|1|1|0|0|NA|NA|NA|NA|NA|0|0|0|0|NA|0
"171978811162"|0|1|0|0|0|0|0|1|1|0|0|1|1|0|0|NA|NA|NA|NA|NA|0|0|0|0|NA|0
"171978827012"|0|1|0|0|0|0|0|1|1|0|0|1|1|0|0|NA|NA|NA|NA|NA|0|0|0|0|NA|0
"171978827021"|0|1|1|0|0|0|0|1|1|1|0|0|0|1|0|36000|36000|13950|13950|11430|140|51|170|12235276|71972.2117647059|0
"171978832063"|0|1|0|0|0|0|0|1|1|0|0|1|1|0|0|NA|NA|NA|NA|NA|0|0|0|0|NA|0
"171978832113"|0|1|0|0|0|0|0|1|1|1|1|0|0|0|1|11700|12750|NA|NA|NA|420|211|422|45209612|107131.781990521|0
"171978835142"|0|1|0|0|0|0|0|1|1|0|0|1|1|0|0|NA|NA|NA|NA|NA|0|0|0|0|NA|0
"171978836061"|0|1|1|0|0|0|0|1|1|1|0|0|0|1|0|7512|15024|6354|12708|11000|465|135|490|40852614|83372.6816326531|0
"171978841013"|0|1|1|0|0|0|0|1|1|1|0|0|0|1|0|36320|36320|14760|14760|11956|362|136|464|41869880|90236.8103448276|0
"171990202011"|0|1|0|0|0|0|0|1|1|1|1|0|0|1|0|5640|7020|NA|NA|NA|214|121|130|9551264|73471.2615384615|0
"172010005022"|0|1|0|0|0|0|0|1|1|0|0|1|1|0|0|NA|NA|NA|NA|NA|0|0|0|0|NA|0
"172010005023"|0|1|0|0|0|0|0|1|1|1|1|0|1|0|0|16249|16249|NA|NA|NA|38|4|34|2020982|59440.6470588235|0
"172010005071"|0|1|1|0|0|0|0|1|1|1|0|0|0|1|0|34750|34750|13680|13680|10410|96|46|144|8426504|58517.3888888889|0
"172010005101"|0|2|1|0|0|0|0|2|2|2|1|0|1|1|0|36328|46228|NA|NA|NA|280|147|284|20149216|150009.702272727|0
"172010005112"|0|1|1|0|0|0|0|1|1|1|0|0|0|1|0|12210|12210|3667|3667|NA|75|8|114|10431048|91500.4210526316|0
"172010005131"|0|1|0|0|0|0|0|1|1|0|0|1|1|0|0|NA|NA|NA|NA|NA|0|0|0|0|NA|0
"172030306013"|0|1|0|0|0|0|0|1|1|1|0|0|1|0|0|27450|27450|NA|NA|10353|71|19|62|3220776|51948|0
"180030009004"|0|1|1|0|0|0|0|1|1|1|0|0|0|1|0|32870|32870|8626|8626|11220|157|48|248|17084290|68888.2661290323|0
"180030033042"|0|1|0|0|0|0|0|1|1|1|1|0|1|0|0|NA|NA|NA|NA|NA|2|0|4|158674|39668.5|0
"180030033043"|0|1|0|0|0|0|0|1|1|0|0|1|1|0|0|NA|NA|NA|NA|NA|0|0|0|0|NA|0
"180030041011"|0|0|1|0|0|0|0|1|1|1|0|0|1|0|0|NA|NA|33075|33075|NA|82|20|40|3246458|81161.45|0
"180030043002"|0|2|1|0|0|0|0|2|2|2|0|0|0|2|0|39288|39288|NA|NA|NA|236|65|128|10477236|NA|0
"180030108082"|0|1|0|0|0|0|0|1|1|0|0|1|1|0|0|NA|NA|NA|NA|NA|0|0|0|0|NA|0
"180039800011"|0|1|1|0|0|0|0|1|1|1|0|0|0|1|0|7815|20403|5945|14344|10111|572|182|596|41432064|69516.8859060403|0
"180190503032"|0|1|0|0|0|0|0|1|1|0|0|1|1|0|0|NA|NA|NA|NA|NA|0|0|0|0|NA|0
"180190505031"|0|1|0|0|0|0|0|1|1|0|0|1|1|0|0|NA|NA|NA|NA|NA|0|0|0|0|NA|0
"180190505041"|0|1|0|0|0|0|0|1|1|1|0|0|1|0|0|18000|18000|NA|NA|NA|11|1|12|9e+05|75000|0
"180190506032"|0|1|0|0|0|0|0|1|1|1|1|0|1|0|0|NA|NA|NA|NA|NA|8|1|30|1869598|62319.9333333333|0
"180279543001"|0|0|0|0|0|0|0|1|0|0|0|0|0|0|0|NA|NA|NA|NA|NA|0|0|0|0|NA|0
"180290803021"|0|0|0|0|0|0|0|1|0|0|0|0|0|0|0|NA|NA|NA|NA|NA|0|0|0|0|NA|0
"180290803023"|0|1|1|0|0|0|0|1|1|1|0|0|1|0|0|7176|7176|5922|5922|NA|8|1|10|341796|34179.6|0
"180350009022"|0|1|1|0|0|0|0|1|1|1|0|0|0|0|1|8434|25918|9636|26334|10904|1943|534|1934|140937422|72873.537745605|0
"180350020001"|0|1|0|0|0|0|0|1|1|0|0|1|1|0|0|NA|NA|NA|NA|NA|0|0|0|0|NA|0
"180390004002"|0|1|1|0|0|0|0|1|1|1|0|0|1|0|0|36660|36660|29678|29678|11100|153|42|124|7788418|62809.8225806452|0
"180390022021"|0|0|1|0|0|0|0|1|1|1|0|0|1|0|0|NA|NA|16650|16650|NA|27|11|20|1298190|64909.5|0
"180430710072"|0|1|1|0|0|0|0|1|1|1|0|0|0|1|0|7274|20634|7746|18249|11012|201|94|344|25685144|74666.1162790698|0
"180510503004"|0|1|1|0|0|0|0|1|1|1|0|0|1|0|0|26400|26400|9000|9000|10400|102|31|68|3698070|54383.3823529412|0
"180530008002"|0|1|1|0|0|0|0|1|1|1|0|0|0|1|0|29684|29684|14112|14112|10050|643|146|470|32345422|68820.0468085106|0
"180530102001"|0|1|1|0|0|0|0|1|1|1|0|0|0|0|1|8632|8632|9438|9438|NA|0|0|0|0|NA|0
"180530107002"|0|1|1|0|0|0|0|1|1|1|0|0|0|1|0|37176|37176|10524|10524|11058|247|111|254|16371944|64456.4724409449|0
"180530108004"|0|0|0|0|0|0|0|1|0|0|0|0|0|0|0|NA|NA|NA|NA|NA|0|0|0|0|NA|0
"180571104011"|0|1|0|0|0|0|0|1|1|1|0|0|1|0|0|5760|5760|NA|NA|4890|26|17|8|72772|9096.5|0
"180571106002"|0|0|0|0|0|0|0|1|0|0|0|0|0|0|0|NA|NA|NA|NA|NA|0|0|0|0|NA|0
"180571108101"|0|1|0|0|0|0|0|1|1|0|0|1|1|0|0|NA|NA|NA|NA|NA|0|0|0|0|NA|0
"180571110073"|0|1|0|0|0|0|0|1|1|0|0|1|1|0|0|NA|NA|NA|NA|NA|0|0|0|0|NA|0
"180571111043"|0|1|0|0|0|0|0|2|1|0|0|1|1|0|0|NA|NA|NA|NA|NA|0|0|0|0|NA|0
"180670011001"|0|2|1|0|0|0|0|2|2|1|0|1|1|1|0|NA|NA|NA|NA|NA|149|66|252|17240204|NA|0
"180670013002"|0|1|0|0|0|0|0|1|1|0|0|1|1|0|0|NA|NA|NA|NA|NA|0|0|0|0|NA|0
"180699615002"|0|1|1|0|0|0|0|1|1|1|0|0|0|1|0|27914|27914|11856|11856|9500|93|27|148|10457126|70656.2567567568|0
"180779663003"|0|1|1|0|0|0|0|1|1|1|0|0|0|1|0|40336|40336|NA|NA|13148|160|53|196|15632952|79759.9591836735|0
"180816110003"|0|1|1|0|0|0|0|1|1|1|0|0|1|0|0|35636|35636|39114|39114|11305|152|55|146|9222798|63169.8493150685|0
"180839553002"|0|1|0|0|0|0|0|1|1|1|0|0|0|0|1|6116|15201|NA|NA|11232|539|287|304|16867866|55486.4013157895|0
"180839555001"|0|1|0|0|0|0|0|1|1|0|0|1|1|0|0|NA|NA|NA|NA|NA|0|0|0|0|NA|0
"180859621023"|0|1|1|0|0|0|0|1|1|1|0|0|0|1|0|27242|27242|7288|7288|10276|123|38|98|6816636|69557.5102040816|0
"180890124001"|0|1|1|0|0|0|0|1|1|1|0|0|0|1|0|7274|20634|7746|18249|NA|197|83|276|20618064|74703.1304347826|0
"180890127003"|0|1|0|0|0|0|0|1|1|0|0|1|1|0|0|NA|NA|NA|NA|NA|0|0|0|0|NA|0
"180890202001"|0|1|1|0|0|0|0|1|1|1|0|0|1|0|0|20500|20500|21240|21240|9000|53|13|50|2741082|54821.64|0
"180890207005"|0|1|0|0|0|0|0|1|1|0|0|1|1|0|0|NA|NA|NA|NA|NA|0|0|0|0|NA|0
"180890209003"|0|1|1|0|0|0|0|1|1|1|0|0|0|1|0|7038|13713|6021|11158|8215|530|171|466|37700502|80902.364806867|0
"180890406003"|0|1|0|0|0|0|0|1|1|0|0|1|1|0|0|NA|NA|NA|NA|NA|0|0|0|0|NA|0
"180890425031"|0|1|0|0|0|0|0|1|1|0|0|1|1|0|0|NA|NA|NA|NA|NA|0|0|0|0|NA|0
"180890425081"|0|1|0|0|0|0|0|1|1|0|0|1|1|0|0|NA|NA|NA|NA|NA|0|0|0|0|NA|0
"180890425091"|0|1|1|0|0|0|0|1|0|0|0|0|0|0|0|NA|NA|NA|NA|NA|0|0|0|0|NA|0
"180890427042"|0|1|0|0|0|0|0|1|1|0|0|1|1|0|0|NA|NA|NA|NA|NA|0|0|0|0|NA|0
"180950011001"|0|1|1|0|0|0|0|1|1|1|0|0|0|1|0|33070|33070|11826|11826|11420|167|88|188|10837258|57644.9893617021|0
"180950018021"|0|0|0|0|0|0|0|1|0|0|0|0|0|0|0|NA|NA|NA|NA|NA|0|0|0|0|NA|0
"180950020002"|0|1|0|0|0|0|0|1|1|0|0|1|1|0|0|NA|NA|NA|NA|NA|0|0|0|0|NA|0
"180973101043"|0|1|0|0|0|0|0|1|1|1|1|0|1|0|0|14184|14184|NA|NA|NA|13|3|20|1390010|69500.5|0
"180973101061"|0|1|0|0|0|0|0|1|1|0|0|1|1|0|0|NA|NA|NA|NA|NA|0|0|0|0|NA|0
"180973102011"|0|1|0|0|0|0|0|1|1|1|1|0|1|0|0|NA|NA|NA|NA|NA|53|12|64|3775560|58993.125|0
"180973202052"|0|1|0|0|0|0|0|1|1|1|0|0|1|0|0|18900|18900|NA|NA|NA|0|0|0|0|NA|0
"180973219002"|0|1|1|0|0|0|0|1|1|1|0|0|0|1|0|43470|43470|14750|14750|15260|656|164|750|66084122|88112.1626666667|0
"180973220003"|0|0|1|0|0|0|0|1|1|1|0|0|1|0|0|NA|NA|12780|12780|NA|64|12|26|1986498|76403.7692307692|0
"180973301051"|0|1|0|0|0|0|0|1|1|1|1|0|1|0|0|15280|15280|NA|NA|7920|14|4|24|1457208|60717|0
"180973302041"|0|1|1|0|0|0|0|1|1|1|0|0|1|0|0|9540|9540|14400|14400|NA|0|0|0|0|NA|0
"180973402024"|0|1|0|0|0|0|0|1|1|0|0|1|1|0|0|NA|NA|NA|NA|NA|0|0|0|0|NA|0
"180973405001"|0|1|1|0|0|1|0|1|1|1|0|0|0|1|0|37600|37600|20138|20138|12000|376|91|334|24038110|71970.3892215569|0
"180973406002"|0|1|0|0|0|0|0|1|1|0|0|1|1|0|0|NA|NA|NA|NA|NA|0|0|0|0|NA|0
"180973421012"|0|1|0|0|0|0|0|1|1|1|1|0|1|0|0|16520|16520|NA|NA|NA|13|10|18|978008|54333.7777777778|0
"180973422001"|0|1|0|0|0|0|0|1|1|1|1|0|1|0|0|NA|NA|NA|NA|NA|20|1|18|1067734|59318.5555555556|0
"180973515003"|0|1|0|0|0|0|0|1|1|1|1|0|0|0|1|4487|8777|NA|NA|NA|2106|976|2218|124014094|55912.5761947701|0
"180973521003"|0|1|1|0|0|0|0|1|1|1|0|0|1|0|0|12840|12840|11700|11700|NA|31|4|20|891000|44550|0
"180973803021"|0|1|1|0|0|0|0|1|1|1|0|0|0|1|0|33252|33252|39992|39992|11828|397|157|576|42105828|73100.3958333333|0
"180973812042"|0|1|0|0|0|0|0|1|1|0|0|1|1|0|0|NA|NA|NA|NA|NA|0|0|0|0|NA|0
"180973910011"|0|1|1|0|0|1|0|1|1|1|0|0|0|0|1|8972|31410|9366|25872|11252|2819|1119|2158|207887644|96333.4772937906|0
"180973910022"|0|1|1|0|0|0|0|1|1|1|0|0|0|0|1|5160|5160|5640|5640|NA|176|3|180|7008806|38937.8111111111|0
"180990203012"|0|1|0|0|0|0|0|1|1|1|0|0|1|0|0|19850|19850|NA|NA|10400|0|0|0|0|NA|0
"181039529001"|0|0|0|0|0|0|0|1|0|0|0|0|0|0|0|NA|NA|NA|NA|NA|0|0|0|0|NA|0
"181050002022"|0|1|1|0|0|0|0|1|1|1|0|0|0|0|1|10012|37685|10033|31932|12228|6971|2236|4282|491703388|114830.310135451|0
"181050006021"|0|1|0|0|0|0|0|1|1|0|0|1|1|0|0|NA|NA|NA|NA|NA|0|0|0|0|NA|0
"181079570005"|0|1|0|0|0|0|0|1|1|1|0|0|1|0|0|46600|46600|NA|NA|12500|193|88|190|15488844|81520.2315789474|0
"181270509012"|0|1|0|0|0|0|0|1|1|1|1|0|1|0|0|9480|9480|NA|NA|NA|4|4|8|552996|69124.5|0
"181270509021"|0|1|1|0|0|0|0|1|1|1|0|0|0|1|0|43400|43400|11700|11700|13180|387|118|416|29366312|70592.0961538462|0
"181270510093"|0|0|0|0|0|0|0|1|0|0|0|0|0|0|0|NA|NA|NA|NA|NA|0|0|0|0|NA|0
"181339563011"|0|1|0|0|0|0|0|1|1|1|0|0|0|1|0|54400|54400|NA|NA|14400|355|124|370|32964284|89092.6594594595|0
"181410015001"|0|1|1|0|0|0|0|1|1|1|0|0|0|1|0|7274|20634|7746|18249|9190|239|99|444|31154694|70168.2297297297|0
"181410017001"|0|1|1|0|0|0|0|1|1|1|0|0|1|0|0|17067|17067|20112|20112|NA|11|4|0|0|NA|0
"181410106004"|0|1|1|0|0|0|0|1|1|1|0|0|0|1|0|31480|31480|8550|8550|10050|130|48|120|6364100|53034.1666666667|0
"181410112032"|0|1|1|0|0|0|0|1|1|1|0|0|0|0|1|59794|59794|59644|59644|16710|4980|829|2564|378177898|147495.280031201|0
"181410112033"|0|2|1|0|0|0|0|2|2|2|0|0|1|1|0|82380|82380|NA|NA|25580|294|84|322|21497916|127588.218045113|0
"181410114032"|0|1|0|0|0|0|0|1|1|0|0|1|1|0|0|NA|NA|NA|NA|NA|0|0|0|0|NA|0
"181479527011"|0|0|1|0|0|0|0|1|1|1|0|0|1|0|0|NA|NA|32082|32082|NA|26|9|24|2004730|83530.4166666667|0
"181499540004"|0|1|0|0|0|0|0|1|1|0|0|1|1|0|0|NA|NA|NA|NA|NA|0|0|0|0|NA|0
"181519714004"|0|2|2|0|0|0|0|2|2|2|0|0|0|2|0|43906|43906|55700|55700|NA|281|0|274|20637074|NA|0
"181570004002"|0|1|0|0|0|0|0|1|1|0|0|1|1|0|0|18650|18650|NA|NA|NA|0|0|0|0|NA|0
"181570017021"|0|1|0|0|0|0|0|1|1|0|0|1|1|0|0|NA|NA|NA|NA|NA|0|0|0|0|NA|0
"181570051012"|0|1|1|0|0|0|0|1|1|1|0|0|0|0|1|10080|13356|9472|10524|NA|363|1|674|42911090|63666.3056379822|0
"181570054012"|0|1|1|0|0|1|0|1|1|1|0|0|0|0|1|9718|28520|9718|28520|10030|8657|1714|4318|534529310|123790.947197777|0
"181570108001"|0|1|0|0|0|0|0|1|1|0|0|1|1|0|0|NA|NA|NA|NA|NA|0|0|0|0|NA|0
"181630003003"|0|1|1|0|0|0|0|1|1|1|0|0|0|1|0|40100|40100|29501|29501|13840|245|112|290|23455024|80879.3931034483|0
"181630018001"|0|1|0|0|0|0|0|1|1|0|0|1|1|0|0|NA|NA|NA|NA|NA|0|0|0|0|NA|0
"181630101011"|0|2|0|0|0|0|0|2|2|0|0|2|2|0|0|NA|NA|NA|NA|NA|0|0|0|0|NA|0
"181630104062"|0|1|1|0|0|0|0|1|1|1|0|0|0|1|0|9095|21140|10117|19760|10058|546|191|672|49095936|73059.4285714286|0
"181670014003"|0|1|0|0|0|0|0|1|1|0|0|1|1|0|0|NA|NA|NA|NA|NA|0|0|0|0|NA|0
"181670101004"|0|1|1|0|0|0|0|1|1|1|0|0|0|1|0|50961|50961|50961|50961|16647|319|85|370|38485186|104014.016216216|0
"181670103003"|0|1|1|0|0|0|0|1|1|1|0|0|0|1|0|31150|31150|12825|12825|11350|112|22|106|6033186|56916.8490566038|0
"181670111021"|0|1|1|0|0|0|0|1|1|1|0|0|0|1|0|9452|20880|7884|15498|11350|882|370|776|60493768|77955.8865979381|0
"181691022001"|0|1|1|0|0|0|0|1|1|1|0|0|0|1|0|34504|34504|23435|23435|10694|206|76|174|13184180|75771.1494252874|0
"181770004001"|0|1|1|0|0|0|0|1|1|1|0|0|0|1|0|7274|20634|7746|18249|NA|164|75|212|15897728|74989.2830188679|0
"181770008001"|0|1|2|0|0|0|0|2|2|2|0|0|2|0|0|NA|NA|29863|29863|NA|221|103|230|16228688|144393.882599581|0
"181770011021"|0|1|0|0|0|0|0|1|1|0|0|1|1|0|0|NA|NA|NA|NA|NA|0|0|0|0|NA|0
"190130017021"|0|1|1|0|0|0|0|1|1|1|0|0|1|0|0|19236|19236|18400|18400|NA|31|5|82|6808688|83032.7804878049|0
"190130023012"|0|1|0|0|0|0|0|1|1|0|0|1|1|0|0|NA|NA|NA|NA|NA|0|0|0|0|NA|0
"190130023033"|0|1|1|0|0|0|0|1|1|1|0|0|0|1|0|8111|19265|9691|20774|9343|985|237|830|61639262|74264.1710843373|0
"190130025003"|0|1|0|0|0|0|0|1|1|0|0|1|1|0|0|NA|NA|NA|NA|NA|0|0|0|0|NA|0
"190130030012"|0|1|0|0|0|0|0|1|1|1|1|0|0|1|0|5916|6409|NA|NA|NA|213|45|226|14239060|63004.6902654867|0
"190170040002"|0|1|1|0|0|0|0|1|1|1|0|0|0|1|0|46740|46740|13800|13800|10280|235|104|160|10127080|63294.25|0
"190219605001"|0|1|1|0|0|0|0|1|1|1|0|0|0|1|0|38644|38644|9936|9936|10680|216|73|118|7868072|66678.5762711864|0
"190339504021"|0|1|0|0|0|0|0|1|1|0|0|1|1|0|0|NA|NA|NA|NA|NA|0|0|0|0|NA|0
"190339514001"|0|1|0|0|0|0|0|1|1|1|1|0|0|1|0|5378|8066|NA|NA|7488|150|67|128|8751778|68373.265625|0
"190490508161"|0|1|0|0|0|0|0|1|1|0|0|1|1|0|0|NA|NA|NA|NA|NA|0|0|0|0|NA|0
"190539602003"|0|1|1|0|0|0|0|1|1|1|0|0|0|1|0|31250|31250|11688|11688|10100|159|68|136|8815904|64822.8235294118|0
"190570008003"|0|1|0|0|0|0|0|1|1|1|1|0|0|1|0|6000|6150|NA|NA|9440|151|63|164|11220558|68418.0365853659|0
"190594505011"|0|1|0|0|0|0|0|1|1|0|0|1|1|0|0|NA|NA|NA|NA|NA|0|0|0|0|NA|0
"190610001002"|0|1|0|0|0|0|0|1|1|0|0|1|1|0|0|NA|NA|NA|NA|NA|0|0|0|0|NA|0
"190610006003"|0|1|1|0|0|0|0|1|1|1|0|0|1|0|0|36900|36900|12868|12868|10600|156|72|154|9375630|60880.7142857143|0
"190610007011"|0|1|1|0|0|0|0|1|1|1|0|0|0|1|0|34750|34750|13410|13410|9230|188|72|180|11201980|62233.2222222222|0
"190610008012"|0|0|1|0|0|0|0|1|1|1|0|0|1|0|0|NA|NA|19400|19400|NA|27|9|22|1756624|79846.5454545455|0
"190610009003"|0|1|1|0|0|0|0|1|1|1|0|0|0|1|0|36800|36800|7440|7440|11024|292|85|196|14243414|72670.4795918367|0
"190610012011"|0|1|0|0|0|0|0|1|1|1|0|0|1|0|0|19800|19800|NA|NA|9050|42|11|38|1659678|43675.7368421053|0
"190610102023"|0|1|0|0|0|0|0|1|1|1|0|0|1|0|0|14400|14400|NA|NA|4100|23|11|38|2235830|58837.6315789474|0
"190630704001"|0|1|0|0|0|0|0|1|1|1|1|0|0|1|0|6272|6720|NA|NA|7930|128|42|134|8492520|63377.0149253731|0
"190650802001"|0|1|1|0|0|0|0|1|1|1|0|0|0|1|0|32589|32589|18870|18870|9644|234|126|112|7212908|64400.9642857143|0
"190834803004"|0|1|0|0|0|0|0|1|1|1|1|0|1|0|0|4560|5568|NA|NA|7800|49|11|52|3457782|66495.8076923077|0
"190879703003"|0|1|1|0|0|0|0|1|1|1|0|0|1|0|0|33550|33550|6420|6420|11340|88|28|72|4243568|58938.4444444444|0
"190879704002"|0|1|0|0|0|0|0|1|1|0|0|1|1|0|0|NA|NA|NA|NA|NA|0|0|0|0|NA|0
"191010904002"|0|1|1|0|0|0|0|1|1|1|0|0|0|1|0|16000|16000|29000|29000|7400|220|100|238|11361166|47735.9915966387|0
"191030017001"|0|1|0|0|0|0|0|1|1|0|0|1|1|0|0|NA|NA|NA|NA|NA|0|0|0|0|NA|0
"191030021001"|0|1|1|0|1|1|0|1|1|1|0|0|0|0|1|8711|30674|10875|29822|11476|4902|600|2574|307765754|119567.114996115|0
"191050704012"|0|1|0|0|0|0|0|1|1|0|0|1|1|0|0|NA|NA|NA|NA|NA|0|0|0|0|NA|0
"191130013002"|0|1|1|0|0|0|0|1|1|1|0|0|0|1|0|36606|36606|11106|11106|10636|175|49|152|9153582|60220.9342105263|0
"191130019001"|0|2|0|0|0|0|0|2|2|1|0|1|1|1|0|54439|54439|NA|NA|NA|196|91|250|15574040|NA|0
"191130024003"|0|1|0|0|0|0|0|1|1|0|0|1|1|0|0|NA|NA|NA|NA|NA|0|0|0|0|NA|0
"191130030031"|0|1|0|0|0|0|0|1|1|1|1|0|0|0|1|5600|7504|NA|NA|NA|589|149|506|37886370|74874.2490118577|0
"191130108022"|0|1|1|0|0|0|0|1|1|1|0|0|0|1|0|48514|48514|14850|14850|10872|188|69|154|10880960|70655.5844155844|0
"191239506003"|0|1|1|0|0|0|0|1|1|1|0|0|0|1|0|27800|27800|10500|10500|7528|94|40|94|5162888|54924.3404255319|0
"191250303001"|0|1|0|0|0|0|0|1|1|1|0|0|0|1|0|19800|19800|NA|NA|10860|243|63|182|12501648|68690.3736263736|0
"191279510003"|0|1|0|0|0|0|0|1|1|1|1|0|0|1|0|4560|5064|NA|NA|7940|93|30|90|6198506|68872.2888888889|0
"191530005002"|0|1|1|0|0|0|0|1|1|1|0|0|0|1|0|31418|31418|8730|8730|10956|152|65|178|11062780|62150.4494382022|0
"191530011004"|0|1|1|0|0|0|0|1|1|1|0|0|0|1|0|47564|47564|11878|11878|11570|671|284|600|56728652|94547.7533333333|0
"191530032002"|0|0|1|0|0|1|0|1|1|1|0|0|0|1|0|NA|NA|21062|21062|NA|233|73|14|1578166|112726.142857143|0
"191530051011"|0|1|1|0|0|0|0|1|1|1|0|0|1|0|0|19087|19087|12224|12224|NA|61|8|102|7758610|76064.8039215686|0
"191530051012"|0|1|0|0|0|0|0|1|1|0|0|1|1|0|0|3600|3600|NA|NA|NA|0|0|0|0|NA|0
"191530102053"|0|1|0|0|0|0|0|1|1|1|1|0|0|0|1|5340|10680|NA|NA|7702|528|206|720|54501722|75696.8361111111|0
"191530102073"|0|1|1|0|0|0|0|1|1|1|0|0|1|0|0|17990|17990|7600|7600|7540|49|20|40|1982016|49550.4|0
"191530104083"|0|1|0|0|0|0|0|1|1|0|0|1|1|0|0|NA|NA|NA|NA|NA|0|0|0|0|NA|0
"191530104102"|0|1|0|0|0|0|0|1|1|0|0|1|1|0|0|NA|NA|NA|NA|NA|0|0|0|0|NA|0
"191530117031"|0|1|0|0|0|0|0|1|1|0|0|1|1|0|0|NA|NA|NA|NA|NA|0|0|0|0|NA|0
"191550308003"|0|1|0|0|0|0|0|1|1|0|0|1|1|0|0|NA|NA|NA|NA|NA|0|0|0|0|NA|0
"191550317003"|0|1|0|0|0|0|0|1|1|1|1|0|0|1|0|6030|6180|NA|NA|8750|277|122|222|12500592|56308.972972973|0
"191573703003"|0|1|0|0|0|0|0|1|1|1|0|0|0|1|0|60988|60988|NA|NA|15048|556|129|432|45324916|104918.787037037|0
"191630106002"|0|1|1|0|0|0|0|1|1|1|0|0|0|1|0|11025|11025|NA|NA|NA|278|101|244|18423514|75506.2049180328|0
"191630109003"|0|1|0|0|0|0|0|1|1|1|1|0|0|1|0|4488|6096|NA|NA|6660|242|70|252|15195104|60298.0317460317|0
"191630113001"|0|1|1|0|0|0|0|1|1|1|0|0|0|1|0|34290|34290|19040|19040|11988|242|98|360|26915184|74764.4|0
"191630128024"|0|1|0|0|0|0|0|1|1|0|0|1|1|0|0|NA|NA|NA|NA|NA|0|0|0|0|NA|0
"191630129012"|0|1|0|0|0|0|0|1|1|0|0|1|1|0|0|NA|NA|NA|NA|NA|0|0|0|0|NA|0
"191630129022"|0|1|0|0|0|0|0|1|1|1|0|0|1|0|0|14700|14700|NA|NA|NA|9|3|8|288996|36124.5|0
"191630130002"|0|1|0|0|0|0|0|1|1|1|1|0|1|0|0|NA|NA|NA|NA|NA|2|0|4|235600|58900|0
"191670701001"|0|1|0|0|0|0|0|1|1|1|1|0|0|1|0|5820|6120|NA|NA|6598|57|7|66|3956558|59947.8484848485|0
"191670706011"|0|1|1|0|0|0|0|1|1|1|0|0|0|1|0|34000|34000|6120|6120|10200|138|36|154|10172006|66051.987012987|0
"191670707021"|0|1|1|0|0|0|0|1|1|1|0|0|0|1|0|34000|34000|9360|9360|10990|143|73|200|13806232|69031.16|0
"191690008002"|0|1|1|0|0|1|0|1|1|1|0|0|0|0|1|8678|25162|10572|26776|9358|5274|892|2888|336858180|116640.644044321|0
"191690013021"|0|1|0|0|0|0|0|1|1|0|0|1|1|0|0|NA|NA|NA|NA|NA|0|0|0|0|NA|0
"191751904001"|0|1|0|0|0|0|0|1|1|1|1|0|0|1|0|5940|6150|NA|NA|7660|106|40|78|4166680|53418.9743589744|0
"191799602002"|0|1|0|0|0|0|0|1|0|0|0|0|0|0|0|NA|NA|NA|NA|NA|0|0|0|0|NA|0
"191799603002"|0|1|0|0|0|0|0|1|1|1|1|0|0|1|0|4680|6120|NA|NA|5505|245|94|248|16800054|67742.1532258065|0
"191810207011"|0|1|1|0|0|0|0|1|1|1|0|0|0|1|0|44202|44202|6526|6526|9654|154|86|150|9071366|60475.7733333333|0
"191870005002"|0|1|0|0|0|0|0|1|1|0|0|1|1|0|0|NA|NA|NA|NA|NA|0|0|0|0|NA|0
"191870009001"|0|1|0|0|0|0|0|1|1|1|1|0|0|1|0|4620|6822|NA|NA|7330|259|94|194|14420572|74332.8453608247|0
"191896803005"|0|1|1|0|0|0|0|1|1|1|0|0|0|1|0|23108|23108|5040|5040|8748|180|68|86|4558786|53009.1395348837|0
"191919502002"|0|1|0|0|0|0|0|1|1|1|0|0|0|1|0|47510|47510|NA|NA|10670|199|66|266|18843044|70838.5112781955|0
"191919505003"|0|1|0|0|0|0|0|1|1|1|1|0|0|1|0|5550|6270|NA|NA|NA|204|46|212|12589814|59385.9150943396|0
"191930005002"|0|1|1|0|0|0|0|1|1|1|0|0|1|0|0|32777|32777|8474|8474|9910|124|52|118|7660054|64915.7118644068|0
"191930010001"|0|1|0|0|0|0|0|1|1|1|0|0|1|0|0|19440|19440|NA|NA|NA|12|3|30|2137862|71262.0666666667|0
"191930018022"|0|1|0|0|0|0|0|1|1|1|1|0|0|1|0|4032|4056|NA|NA|6290|179|24|134|8208838|61259.9850746269|0
"191930020001"|0|1|1|0|0|0|0|1|1|1|0|0|0|1|0|35100|35100|10548|10548|10720|173|89|140|9158946|65421.0428571429|0
"191930021025"|0|1|0|0|0|0|0|1|1|0|0|1|1|0|0|NA|NA|NA|NA|NA|0|0|0|0|NA|0
"200019528002"|0|1|0|0|0|0|0|1|1|1|1|0|0|1|0|1830|1830|NA|NA|5976|73|27|54|2967226|54948.6296296296|0
"200050817021"|0|1|1|0|0|0|0|1|1|1|0|0|0|1|0|32920|32920|6000|6000|11580|181|61|264|18317594|69384.8257575758|0
"200099718011"|0|1|0|0|0|0|0|1|1|1|1|0|0|1|0|2368|3136|NA|NA|9330|225|102|116|7244896|62456|0
"200119558001"|0|1|0|0|0|0|0|1|1|1|1|0|0|1|0|1860|1860|NA|NA|6694|119|31|80|3435578|42944.725|0
"200150202053"|0|1|0|0|0|0|0|1|1|1|1|0|0|1|0|2908|4708|NA|NA|6850|257|87|282|15884474|56327.9219858156|0
"200299773004"|0|1|0|0|0|0|0|1|1|1|1|0|0|1|0|2340|2520|NA|NA|6720|99|34|82|3864298|47125.5853658537|0
"200354935003"|0|1|1|0|0|0|0|1|1|1|0|0|0|1|0|36500|36500|13140|13140|9380|109|59|82|4832996|58938.9756097561|0
"200354940001"|0|1|0|0|0|0|0|1|1|1|1|0|0|1|0|2250|3750|NA|NA|5800|134|39|126|6878428|54590.6984126984|0
"200379576023"|0|1|1|0|0|0|0|1|1|1|0|0|0|1|0|5836|17180|6820|17652|9426|437|108|530|37843248|71402.3547169811|0
"200430201002"|0|1|0|0|0|0|0|1|1|1|1|0|0|1|0|1830|1830|NA|NA|7638|115|41|102|5609922|54999.2352941177|0
"200450002021"|0|1|0|0|0|0|0|1|1|1|1|0|1|0|0|NA|NA|NA|NA|NA|2|0|2|88000|44000|0
"200450004001"|0|1|1|0|0|1|0|1|1|1|0|0|0|0|1|10092|26960|9989|23951|10136|4536|1048|2516|263256886|104633.10254372|0
"200450010012"|0|1|0|0|0|0|1|1|1|1|0|0|1|0|0|NA|NA|NA|NA|950|116|11|68|5435510|79933.9705882353|0
"200450012034"|0|1|1|0|0|0|0|1|1|1|0|0|0|1|0|31620|31620|11466|11466|9440|176|81|136|8371468|61554.9117647059|0
"200510727014"|0|1|0|0|0|0|0|1|1|0|0|1|1|0|0|NA|NA|NA|NA|NA|0|0|0|0|NA|0
"200510729022"|0|1|1|0|0|0|0|1|1|1|0|0|0|0|1|4140|14580|3729|10602|8481|519|132|688|48459384|70435.1511627907|0
"200559605071"|0|1|0|0|0|0|0|1|1|1|1|0|0|1|0|1890|2460|NA|NA|7125|157|66|146|8851666|60627.8493150685|0
"200579619021"|0|1|0|0|0|0|0|1|1|1|1|0|0|1|0|1410|1710|NA|NA|7200|142|58|94|5371150|57139.8936170213|0
"200599544001"|0|2|2|0|0|0|0|2|2|2|0|0|2|0|0|41956|41956|21145|21145|NA|130|42|48|3173786|NA|0
"200790301004"|0|1|0|0|0|0|0|1|1|1|0|0|1|0|0|31850|31850|NA|NA|9410|89|40|70|3912952|55899.3142857143|0
"200790305004"|0|1|0|0|0|0|0|1|1|1|0|0|1|0|0|29472|29472|NA|NA|9994|69|23|74|3686778|49821.3243243243|0
"200910506003"|0|1|0|0|0|0|0|1|1|1|0|0|1|0|0|8520|8520|NA|NA|8900|23|8|14|362200|25871.4285714286|0
"200910518031"|0|1|0|0|0|0|0|1|1|0|0|1|1|0|0|NA|NA|NA|NA|NA|0|0|0|0|NA|0
"200910519094"|0|1|0|0|0|0|0|1|1|0|0|1|1|0|0|NA|NA|NA|NA|NA|0|0|0|0|NA|0
"200910530042"|0|1|0|0|0|0|0|1|1|1|1|0|0|0|1|2400|5088|NA|NA|NA|613|184|648|52469282|80971.1141975309|0
"200910531022"|0|1|1|0|0|0|0|1|1|1|0|0|1|0|0|14400|14400|12500|12500|NA|67|19|74|5322500|71925.6756756757|0
"200910532013"|0|1|1|0|0|0|0|1|1|1|0|0|1|0|0|11922|11922|10328|10328|NA|24|1|12|960238|80019.8333333333|0
"200910534091"|0|0|1|0|0|0|0|1|1|1|0|0|1|0|0|NA|NA|11466|11466|NA|12|3|16|1238750|77421.875|0
"200910534131"|0|1|0|0|0|0|0|1|1|0|0|1|1|0|0|NA|NA|NA|NA|NA|0|0|0|0|NA|0
"200910535022"|0|1|1|0|0|0|0|1|1|1|0|0|0|1|0|34082|34082|12630|12630|9848|178|74|120|7778364|64819.7|0
"200979691002"|0|1|1|0|0|0|0|1|1|1|0|0|1|0|0|19000|19000|7980|7980|11000|27|7|28|1378742|49240.7857142857|0
"200999501002"|0|1|0|0|0|0|0|1|1|1|1|0|0|1|0|1824|2624|NA|NA|NA|79|25|60|3507908|58465.1333333333|0
"201030705004"|0|1|1|0|0|0|0|1|1|1|0|0|0|1|0|31450|31450|11232|11232|9070|127|52|166|11282114|67964.5421686747|0
"201110001021"|0|1|1|0|0|0|0|1|1|1|0|0|0|1|0|5278|13195|6547|16368|9308|408|142|436|28820512|66102.0917431193|0
"201110002021"|0|1|0|0|0|0|0|1|1|1|1|0|0|1|0|4572|4572|NA|NA|NA|38|16|74|3752800|50713.5135135135|0
"201137882001"|0|1|0|0|0|0|0|1|1|1|0|0|1|0|0|29200|29200|NA|NA|13076|111|49|90|3906570|43406.3333333333|0
"201137886002"|0|1|1|0|0|0|0|1|1|1|0|0|1|0|0|32494|32494|4500|4500|9918|94|32|104|6345738|61016.7115384615|0
"201137886003"|0|1|1|0|0|0|0|1|1|1|0|0|1|0|0|19900|19900|11880|11880|8000|50|18|24|1024974|42707.25|0
"201154896002"|0|1|1|0|0|0|0|1|1|1|0|0|1|0|0|35050|35050|12000|12000|9300|84|25|78|4529304|58068|0
"201231766003"|0|1|0|0|0|0|0|1|1|1|1|0|1|0|0|5372|5372|NA|NA|8250|39|6|116|5337642|46014.1551724138|0
"201259506002"|0|1|0|0|0|0|0|1|1|1|1|0|1|0|0|2100|2310|NA|NA|6100|84|51|54|3022000|55962.962962963|0
"201259510001"|0|1|0|0|0|0|0|1|1|1|1|0|0|1|0|1248|2816|NA|NA|7300|97|67|82|4273738|52118.756097561|0
"201339518003"|0|1|0|0|0|0|0|1|1|1|1|0|0|1|0|2880|2880|NA|NA|6540|116|35|100|5165990|51659.9|0
"201519687001"|0|1|0|0|0|0|0|1|1|1|1|0|0|1|0|2176|2592|NA|NA|6304|84|41|70|4177840|59683.4285714286|0
"201550002004"|0|1|0|0|0|0|0|1|1|1|1|0|0|1|0|2850|3780|NA|NA|6550|234|98|272|12871146|47320.3897058823|0
"201599673001"|0|1|1|0|0|0|0|1|1|1|0|0|1|0|0|28500|28500|14107|14107|9336|72|41|98|4634754|47293.4081632653|0
"201610003043"|0|1|0|0|0|0|0|1|1|0|0|1|1|0|0|NA|NA|NA|NA|NA|0|0|0|0|NA|0
"201610006014"|0|1|0|0|0|0|0|1|1|1|1|0|1|0|0|5700|5700|NA|NA|NA|38|5|50|2908052|58161.04|0
"201610008011"|0|1|0|0|0|0|0|1|1|1|0|0|1|0|0|17014|17014|NA|NA|8976|28|6|16|843234|52702.125|0
"201610011011"|0|1|1|0|0|1|0|1|1|1|0|0|0|0|1|9489|25560|10294|23018|10100|3319|420|1828|178447216|97618.8271334792|0
"201690001023"|0|1|0|0|0|0|0|1|1|0|0|1|1|0|0|NA|NA|NA|NA|NA|0|0|0|0|NA|0
"201690006002"|0|1|0|0|0|0|0|1|1|1|1|0|1|0|0|6029|6029|NA|NA|NA|33|3|66|3566634|54039.9090909091|0
"201690009004"|0|1|1|0|0|0|0|1|1|1|0|0|1|0|0|31950|31950|14850|14850|10800|117|66|96|5301476|55223.7083333333|0
"201730009001"|0|1|1|0|0|0|0|1|1|1|0|0|0|0|1|6848|16208|5544|13615|12610|1685|436|1072|88294500|82364.2723880597|0
"201730024002"|0|1|0|0|0|0|0|1|1|0|0|1|1|0|0|NA|NA|NA|NA|NA|0|0|0|0|NA|0
"201730028004"|0|1|1|0|0|0|0|1|1|1|0|0|0|1|0|31172|31172|11448|11448|8326|149|58|116|7640416|65865.6551724138|0
"201730043011"|0|0|1|0|0|1|0|1|1|1|0|0|1|0|0|NA|NA|NA|NA|NA|0|0|0|0|NA|0
"201730090001"|0|1|0|0|0|0|0|1|1|0|0|1|1|0|0|NA|NA|NA|NA|NA|0|0|0|0|NA|0
"201730090003"|0|1|1|0|0|0|0|1|1|1|0|0|0|1|0|32400|32400|7920|7920|9644|104|44|152|9778968|64335.3157894737|0
"201730091001"|0|1|0|0|0|0|0|1|1|1|1|0|1|0|0|NA|NA|NA|NA|NA|51|4|60|3440652|57344.2|0
"201730092001"|0|1|0|0|0|0|0|1|1|1|1|0|1|0|0|NA|NA|NA|NA|NA|3|0|8|352000|44000|0
"201730093041"|0|1|0|0|0|0|0|1|1|0|0|1|1|0|0|NA|NA|NA|NA|NA|0|0|0|0|NA|0
"201730101161"|0|1|0|0|0|0|0|1|1|1|1|0|0|1|0|4311|5174|NA|NA|NA|187|26|164|8992508|54832.3658536585|0
"201730108012"|0|1|0|0|0|0|0|1|1|0|0|1|1|0|0|NA|NA|NA|NA|NA|0|0|0|0|NA|0
"201759657001"|0|1|0|0|0|0|0|1|1|1|1|0|0|1|0|2368|3552|NA|NA|5510|124|57|106|5865956|55339.2075471698|0
"201770018002"|0|1|1|0|0|0|0|1|1|1|0|0|0|1|0|9016|20020|9790|19470|10040|453|138|514|38313456|74539.7976653697|0
"201770024013"|0|1|1|0|0|0|0|1|1|1|0|0|1|0|0|12043|12043|3667|3667|NA|15|2|26|2097546|80674.8461538462|0
"201770024021"|0|1|0|0|0|0|0|1|1|0|0|1|0|1|0|7440|7440|NA|NA|NA|0|0|0|0|NA|0
"201770028003"|0|1|0|0|0|0|0|1|1|0|0|1|1|0|0|NA|NA|NA|NA|NA|0|0|0|0|NA|0
"201814537004"|0|1|0|0|0|0|0|1|1|1|1|0|1|0|0|NA|NA|NA|NA|NA|48|19|56|2910158|51967.1071428571|0
"201939531005"|0|1|0|0|0|0|0|1|1|1|1|0|0|1|0|2659|4199|NA|NA|7174|67|26|80|3922848|49035.6|0
"202090416003"|0|1|0|0|0|0|0|1|1|1|0|0|1|0|0|9917|9917|NA|NA|NA|44|5|28|1445604|51628.7142857143|0
"202090441041"|0|1|0|0|0|0|0|1|1|1|1|0|0|1|0|2548|5628|NA|NA|9548|281|111|294|21447672|72951.2653061225|0
"210019704022"|0|1|1|0|0|0|0|1|1|1|0|0|0|1|0|25944|25944|9635|9635|9686|247|89|222|13887220|62555.045045045|0
"210099505001"|0|1|0|0|0|0|0|1|1|0|0|1|1|0|0|NA|NA|NA|NA|NA|0|0|0|0|NA|0
"210139611002"|0|1|1|0|0|0|0|1|1|1|0|0|1|0|0|9000|9000|6300|6300|5120|21|3|14|648690|46335|0
"210150701012"|0|1|0|0|0|0|0|1|1|0|0|1|1|0|0|NA|NA|NA|NA|NA|0|0|0|0|NA|0
"210150703011"|0|1|0|0|0|0|0|1|1|1|1|0|0|1|0|4368|15288|NA|NA|NA|126|57|156|8620732|55261.1025641026|0
"210150703111"|0|1|0|0|0|0|0|1|1|1|0|0|1|0|0|12780|12780|NA|NA|NA|15|0|12|12|1|0
"210190307003"|0|1|0|0|0|0|0|1|1|1|1|0|0|1|0|4368|15288|NA|NA|NA|85|35|142|7685066|54120.1830985916|0
"210219303003"|0|1|0|0|0|0|0|1|1|1|0|0|0|1|0|48070|48070|NA|NA|12300|319|121|272|22427182|82452.875|0
"210259208002"|0|1|0|0|0|0|0|1|1|1|0|0|1|0|0|9150|9150|NA|NA|5430|11|0|0|0|NA|0
"210350103011"|0|1|1|0|0|0|0|1|1|1|0|0|0|1|0|8196|17652|9144|9144|10160|629|261|872|59368046|68082.621559633|0
"210370504001"|0|1|0|0|0|0|0|1|1|0|0|1|1|0|0|NA|NA|NA|NA|NA|0|0|0|0|NA|0
"210370524001"|0|1|0|0|0|0|0|1|1|1|1|0|1|0|0|10560|10560|NA|NA|NA|4|1|4|199680|49920|0
"210370533023"|0|1|1|0|0|0|0|1|1|1|0|0|0|0|1|10208|20464|9900|15210|11248|842|349|1198|96050790|80175.9515859766|0
"210439605003"|0|1|1|0|0|0|0|1|1|1|0|0|1|0|0|23100|23100|4950|4950|8980|70|26|54|2445678|45290.3333333333|0
"210472002002"|0|1|0|0|0|0|0|1|1|1|1|0|0|1|0|4368|15288|NA|NA|NA|82|33|102|5207666|51055.5490196078|0
"210472005003"|0|1|0|0|0|0|0|1|1|1|1|0|1|0|0|NA|NA|NA|NA|NA|3|0|4|188712|47178|0
"210519503022"|0|1|0|0|0|0|0|1|1|0|0|1|1|0|0|NA|NA|NA|NA|NA|0|0|0|0|NA|0
"210590003002"|0|1|1|0|0|0|0|1|1|1|0|0|1|0|0|27000|27000|15500|15500|10540|86|30|80|4213714|52671.425|0
"210590011001"|0|1|0|0|0|0|0|1|1|1|0|0|1|0|0|30040|30040|NA|NA|11175|98|45|92|5014002|54500.0217391304|0
"210590017022"|0|2|0|0|0|0|0|2|2|1|1|1|1|1|0|NA|NA|NA|NA|NA|112|34|146|8254846|NA|0
"210670002003"|0|1|0|0|0|0|0|1|1|1|0|0|1|0|0|41900|41900|NA|NA|12750|190|87|168|12257976|72964.1428571429|0
"210670008022"|0|1|1|0|1|1|0|1|1|1|0|0|0|0|1|11496|30913|12583|32896|14676|6897|2009|2792|307623660|110180.393982808|0
"210670016002"|0|1|0|0|0|0|0|1|1|0|0|1|1|0|0|NA|NA|NA|NA|NA|0|0|0|0|NA|0
"210670024001"|0|1|0|0|0|0|0|1|1|1|1|0|0|0|1|4368|15288|NA|NA|NA|241|72|380|21148008|55652.6526315789|0
"210670028002"|0|1|0|0|0|0|0|1|1|0|0|1|1|0|0|NA|NA|NA|NA|NA|0|0|0|0|NA|0
"210670034041"|0|1|0|0|0|0|0|1|1|0|0|1|1|0|0|NA|NA|NA|NA|NA|0|0|0|0|NA|0
"210670042041"|0|0|1|0|0|0|0|1|1|1|0|0|1|0|0|NA|NA|9120|9120|NA|14|3|4|304918|76229.5|0
"210670042102"|0|1|0|0|0|0|0|1|1|0|0|1|1|0|0|NA|NA|NA|NA|NA|0|0|0|0|NA|0
"210719201004"|0|1|0|0|0|0|0|1|1|1|1|0|0|1|0|4368|15288|NA|NA|NA|121|44|166|9566712|57630.7951807229|0
"210730706011"|0|1|1|1|0|0|0|1|1|1|0|0|0|1|0|7854|11782|6501|10555|8076|314|111|190|13089770|68893.5263157895|0
"210930013003"|0|1|0|0|0|0|0|1|1|1|1|0|0|1|0|4368|15288|NA|NA|NA|140|66|210|11987588|57083.7523809524|0
"210930014012"|0|1|0|0|0|0|0|1|1|0|0|1|1|0|0|NA|NA|NA|NA|NA|0|0|0|0|NA|0
"210959702004"|0|1|0|0|0|0|0|1|1|1|1|0|0|1|0|4368|15288|NA|NA|NA|119|43|130|7539820|57998.6153846154|0
"211010209022"|0|1|0|0|0|0|0|1|1|1|1|0|0|1|0|4368|15288|NA|NA|NA|36|15|68|3601010|52956.0294117647|0
"211079703022"|0|1|0|0|0|0|0|1|1|1|1|0|0|1|0|4368|15288|NA|NA|NA|99|39|156|9349706|59934.0128205128|0
"211110049001"|0|1|0|0|0|0|0|1|1|1|1|0|0|0|1|4368|15288|NA|NA|NA|254|80|338|19972436|59090.0473372781|0
"211110050002"|0|1|1|0|0|0|0|1|1|1|0|0|0|1|0|26900|26900|13075|13075|8300|138|73|220|17447982|79309.0090909091|0
"211110051001"|0|1|0|1|0|0|0|1|1|1|0|0|1|0|0|16008|16008|NA|NA|NA|63|9|24|1103000|45958.3333333333|0
"211110053002"|0|1|1|0|1|1|0|1|1|1|0|0|0|0|1|12324|28670|13944|28340|10668|3095|822|1482|143664966|96939.9230769231|0
"211110087004"|0|1|2|0|0|0|0|2|2|2|0|0|1|1|0|NA|NA|20052|20052|NA|214|58|112|10410908|176858.621212121|0
"211110089004"|0|1|1|0|0|0|0|1|1|1|0|0|0|1|0|44040|44040|13785|13785|9714|305|118|334|29591828|88598.2874251497|0
"211110097003"|0|1|1|0|0|0|0|1|1|1|0|0|0|1|0|14220|14220|15840|15840|10485|265|172|230|19669782|85520.7913043478|0
"211110098002"|0|1|0|0|0|0|0|1|1|0|0|1|1|0|0|NA|NA|NA|NA|NA|0|0|0|0|NA|0
"211110101022"|0|1|0|0|0|0|0|1|1|0|0|1|1|0|0|NA|NA|NA|NA|NA|0|0|0|0|NA|0
"211110103152"|0|1|1|0|0|0|0|1|1|1|0|0|0|1|0|NA|NA|NA|NA|NA|74|34|178|12587982|70719|0
"211110107071"|0|3|0|0|0|0|0|3|3|2|2|1|3|0|0|NA|NA|NA|NA|NA|69|9|84|3676000|NA|0
"211110117123"|0|1|0|0|0|0|0|1|1|0|0|1|1|0|0|NA|NA|NA|NA|NA|0|0|0|0|NA|0
"211110125023"|0|1|0|0|0|0|0|1|1|0|0|1|1|0|0|NA|NA|NA|NA|NA|0|0|0|0|NA|0
"211130604011"|0|0|1|0|0|0|0|1|1|1|0|0|0|1|0|NA|NA|16608|16608|NA|138|67|98|8133624|82996.1632653061|0
"211130604021"|0|1|1|0|0|0|0|1|1|1|0|0|0|1|0|32578|32578|8550|8550|8636|200|84|172|10923520|63508.8372093023|0
"211130605032"|0|1|0|0|0|0|0|1|1|0|0|0|0|0|0|NA|NA|NA|NA|NA|0|0|0|0|NA|0
"211159604013"|0|1|0|0|0|0|0|1|1|0|0|1|1|0|0|NA|NA|NA|NA|NA|0|0|0|0|NA|0
"211170654001"|0|1|1|0|0|0|0|1|1|1|0|0|0|1|0|34060|34060|11050|11050|10014|112|51|162|9936236|61334.7901234568|0
"211170672003"|0|1|0|0|0|0|0|1|1|0|0|1|1|0|0|NA|NA|NA|NA|NA|0|0|0|0|NA|0
"211199603004"|0|1|0|0|0|0|0|1|1|1|0|0|1|0|0|12000|12000|NA|NA|7660|76|32|56|2626828|46907.6428571429|0
"211219305022"|0|1|1|0|0|0|0|1|1|1|0|0|1|0|0|27731|27731|11040|11040|8261|98|58|96|4753344|49514|0
"211339504032"|0|1|0|0|0|0|0|1|1|0|0|1|1|0|0|NA|NA|NA|NA|NA|0|0|0|0|NA|0
"211450313011"|0|1|0|0|0|0|0|1|1|1|1|0|0|1|0|4368|15288|NA|NA|NA|124|53|228|12929684|56709.1403508772|0
"211510101033"|0|1|0|0|0|0|0|1|1|0|0|1|1|0|0|NA|NA|NA|NA|NA|0|0|0|0|NA|0
"211510105001"|0|1|1|0|0|0|0|1|1|1|0|0|0|0|1|9544|19922|10008|13644|10360|1152|214|1012|70172330|69340.2470355731|0
"211510109032"|0|1|0|0|0|0|0|1|1|0|0|1|1|0|0|NA|NA|NA|NA|NA|0|0|0|0|NA|0
"211510113032"|0|1|0|0|0|0|0|1|1|1|0|0|0|1|0|44300|44300|NA|NA|7742|586|128|274|21551360|78654.598540146|0
"211619604002"|0|1|0|0|0|0|0|1|1|1|1|0|0|1|0|4368|15288|NA|NA|NA|96|37|162|8859708|54689.5555555556|0
"211939704003"|0|1|0|0|0|0|0|1|1|1|1|0|1|0|0|NA|NA|NA|NA|NA|16|4|38|2441496|64249.8947368421|0
"211939705012"|0|1|0|0|0|0|0|1|1|1|1|0|0|1|0|4368|15288|NA|NA|NA|120|46|148|8795994|59432.3918918919|0
"211959302021"|0|1|1|0|0|0|0|1|1|1|0|0|1|0|0|10314|10314|11578|11578|NA|18|4|16|914660|57166.25|0
"211959303011"|0|1|0|0|0|0|0|1|1|1|1|0|1|0|0|31220|31220|NA|NA|NA|0|0|0|0|NA|0
"211959303021"|0|1|1|0|0|1|0|1|1|1|0|0|0|1|0|23000|23000|8550|8550|8350|190|75|134|8352208|62329.9104477612|0
"211959314003"|0|1|0|0|0|0|0|1|1|0|0|1|1|0|0|NA|NA|NA|NA|NA|0|0|0|0|NA|0
"211999306001"|0|1|0|0|0|0|0|1|1|1|1|0|0|1|0|4368|15288|NA|NA|NA|190|83|270|15259142|56515.3407407407|0
"212059502024"|0|1|1|0|0|0|0|1|1|1|0|0|0|1|0|9240|13966|10260|10260|9626|521|198|588|38961838|66261.6292517007|0
"212090402091"|0|1|1|0|0|0|0|1|1|1|0|0|0|1|0|40610|40610|11070|11070|11210|111|42|142|8250178|58099.8450704225|0
"212179204012"|0|1|1|0|0|0|0|1|1|1|0|0|0|0|1|25600|25600|8904|8904|9090|426|178|522|31962370|61230.5938697318|0
"212270104001"|0|1|1|0|0|0|0|1|1|1|0|0|0|0|1|11112|27072|12140|18340|11072|1053|541|1284|92757334|72240.9143302181|0
"212270106002"|0|1|0|0|0|0|0|1|1|0|0|1|1|0|0|NA|NA|NA|NA|NA|0|0|0|0|NA|0
"212270107011"|0|1|0|0|0|0|0|1|1|0|0|1|1|0|0|NA|NA|NA|NA|NA|0|0|0|0|NA|0
"212270107012"|0|1|0|0|0|0|0|1|1|0|0|1|1|0|0|NA|NA|NA|NA|NA|0|0|0|0|NA|0
"212270110011"|0|1|0|0|0|0|0|1|1|1|1|0|0|1|0|4368|15288|NA|NA|NA|140|58|184|9802730|53275.7065217391|0
"212270110012"|0|1|0|0|0|0|0|1|1|0|0|1|1|0|0|NA|NA|NA|NA|NA|0|0|0|0|NA|0
"212359206022"|0|1|1|0|0|0|0|1|1|1|0|0|0|0|1|9875|9875|4282|4282|9300|341|224|520|35620246|68500.4730769231|0
"212390501043"|0|1|0|0|0|0|0|1|1|0|0|0|0|0|0|NA|NA|NA|NA|NA|252|61|0|0|NA|0
"212390501071"|0|0|1|0|0|0|0|1|1|1|0|0|0|1|0|NA|NA|16473|16473|NA|101|15|258|26896756|104250.992248062|0
"212390504003"|0|1|1|0|0|0|0|1|1|1|0|0|0|1|0|24500|24500|7200|7200|8600|76|29|66|4067556|61629.6363636364|0
"220019602024"|0|1|0|0|0|0|0|1|1|1|1|0|0|1|0|2868|2868|NA|NA|9382|86|31|132|6989728|52952.4848484848|0
"220050306004"|0|1|0|0|0|0|0|1|1|1|1|0|0|1|0|3335|3335|NA|NA|NA|55|2|112|6241532|55727.9642857143|0
"220150106022"|0|1|0|0|0|0|0|1|1|0|0|1|1|0|0|NA|NA|NA|NA|NA|0|0|0|0|NA|0
"220150111181"|0|1|0|0|0|0|0|1|1|1|1|0|0|1|0|3435|3435|NA|NA|NA|146|18|250|13599628|54398.512|0
"220170212002"|0|1|1|0|0|0|0|1|1|1|0|0|1|0|0|38820|38820|9135|9135|13940|106|54|114|7279128|63852|0
"220170217001"|0|1|0|0|0|0|0|1|1|1|1|0|1|0|0|NA|NA|NA|NA|NA|5|2|2|290000|145000|0
"220170217002"|0|1|1|0|1|1|0|1|1|1|0|0|0|1|0|8992|19863|14274|25386|NA|243|15|76|6731954|88578.3421052632|0
"220170223003"|0|1|0|0|0|0|0|1|1|0|0|1|1|0|0|NA|NA|NA|NA|NA|0|0|0|0|NA|0
"220170229004"|0|1|0|0|0|0|0|1|1|0|0|1|1|0|0|NA|NA|NA|NA|NA|0|0|0|0|NA|0
"220170234013"|0|1|0|0|0|0|0|1|1|0|0|1|1|0|0|NA|NA|NA|NA|NA|0|0|0|0|NA|0
"220170239041"|0|1|0|0|0|0|0|1|1|0|0|1|1|0|0|NA|NA|NA|NA|NA|0|0|0|0|NA|0
"220170239073"|0|1|1|0|0|0|0|1|1|1|0|0|0|1|0|5656|5656|6196|6196|10226|221|80|304|24890972|81878.1973684211|0
"220170241043"|0|1|0|0|0|0|0|1|1|0|0|1|1|0|0|NA|NA|NA|NA|NA|0|0|0|0|NA|0
"220170241044"|0|1|0|0|0|0|0|1|1|1|0|0|1|0|0|23477|23477|NA|NA|NA|17|2|14|608608|43472|0
"220170241071"|0|1|0|0|0|0|0|1|1|0|0|1|1|0|0|NA|NA|NA|NA|NA|0|0|0|0|NA|0
"220170246013"|0|1|0|1|0|0|0|1|1|1|1|0|0|1|0|2618|2618|NA|NA|11420|125|18|138|8013626|58069.7536231884|0
"220190007002"|0|1|0|0|0|0|0|1|1|0|0|1|1|0|0|NA|NA|NA|NA|NA|0|0|0|0|NA|0
"220190010001"|0|1|0|0|0|0|0|1|1|0|0|1|1|0|0|NA|NA|NA|NA|NA|0|0|0|0|NA|0
"220190011003"|0|1|1|0|0|0|0|1|1|1|0|0|0|1|0|5147|7203|5703|7203|9878|306|137|464|31368296|67604.0862068966|0
"220199800001"|0|1|0|0|0|0|0|1|1|1|1|0|0|1|0|3335|3335|NA|NA|NA|104|21|206|11504970|55849.3689320388|0
"220330011021"|0|2|0|0|0|0|0|2|2|1|1|1|2|0|0|NA|NA|NA|NA|NA|15|6|26|1168296|NA|0
"220330017003"|0|1|0|0|0|0|0|1|1|0|0|1|1|0|0|13300|13300|NA|NA|NA|0|0|0|0|NA|0
"220330018002"|0|1|0|0|0|0|0|1|1|1|1|0|0|1|0|3237|3237|NA|NA|NA|178|15|248|15091480|60852.7419354839|0
"220330028011"|0|1|1|0|0|1|0|1|1|1|0|0|0|0|1|8038|8038|9132|9132|13956|5361|1141|2704|270278790|99955.173816568|0
"220330030001"|0|2|3|2|0|0|0|3|3|2|0|0|1|1|0|NA|NA|NA|NA|NA|844|305|678|38258946|NA|0
"220330036013"|0|1|0|0|0|0|0|1|1|0|0|1|1|0|0|NA|NA|NA|NA|NA|0|0|0|0|NA|0
"220330038061"|0|1|1|0|0|0|0|1|1|1|0|0|0|1|0|13886|13886|23985|23985|NA|64|16|178|14880870|83600.393258427|0
"220330038081"|0|1|0|0|0|0|0|1|1|1|1|0|1|0|0|15500|15500|NA|NA|NA|10|0|10|516000|51600|0
"220330038091"|0|1|0|0|0|0|0|1|1|0|0|0|0|0|0|NA|NA|NA|NA|NA|0|0|0|0|NA|0
"220330038111"|0|1|0|0|0|0|0|1|1|0|0|1|1|0|0|NA|NA|NA|NA|NA|0|0|0|0|NA|0
"220330039091"|0|1|0|0|0|0|0|1|1|0|0|1|1|0|0|NA|NA|NA|NA|NA|0|0|0|0|NA|0
"220330039094"|0|1|0|0|0|0|0|1|1|0|0|1|1|0|0|NA|NA|NA|NA|NA|0|0|0|0|NA|0
"220330039102"|0|2|0|0|0|0|0|2|2|1|1|1|2|0|0|NA|NA|NA|NA|NA|11|4|10|478878|NA|0
"220330039141"|0|1|0|0|0|0|0|1|1|0|0|1|1|0|0|NA|NA|NA|NA|NA|0|0|0|0|NA|0
"220330040221"|0|1|0|0|0|0|0|1|1|1|1|0|1|0|0|11561|11561|NA|NA|NA|31|7|44|2523164|57344.6363636364|0
"220330045092"|0|2|0|0|0|0|0|2|2|1|1|1|2|0|0|NA|NA|NA|NA|NA|11|4|18|1072174|NA|0
"220330051002"|0|1|0|0|0|0|0|1|1|0|0|0|0|0|0|NA|NA|NA|NA|NA|18|4|0|0|NA|0
"220450312006"|0|1|0|0|0|0|0|1|1|0|0|1|1|0|0|NA|NA|NA|NA|NA|0|0|0|0|NA|0
"220510202051"|0|1|0|0|0|0|0|1|1|0|0|1|1|0|0|NA|NA|NA|NA|NA|0|0|0|0|NA|0
"220510205062"|0|1|0|0|0|0|0|1|1|0|0|1|1|0|0|NA|NA|NA|NA|NA|0|0|0|0|NA|0
"220510212001"|0|1|0|0|0|0|0|1|1|0|0|1|1|0|0|NA|NA|NA|NA|NA|0|0|0|0|NA|0
"220510242023"|0|2|0|0|0|0|0|2|2|0|0|2|2|0|0|NA|NA|NA|NA|NA|0|0|0|0|NA|0
"220510247001"|0|1|0|0|0|0|0|1|1|1|0|0|1|0|0|18900|18900|NA|NA|NA|0|0|0|0|NA|0
"220510250032"|0|1|0|0|0|0|0|1|1|0|0|1|1|0|0|NA|NA|NA|NA|NA|0|0|0|0|NA|0
"220510297003"|0|1|0|0|0|0|0|1|1|1|1|0|1|0|0|NA|NA|NA|NA|NA|21|3|34|1403226|41271.3529411765|0
"220510303001"|0|1|1|0|0|0|0|1|1|1|0|0|1|0|0|11820|11820|9520|9520|NA|9|0|12|1011906|84325.5|0
"220550006026"|0|1|0|0|0|0|0|1|1|1|1|0|1|0|0|23450|23450|NA|NA|NA|8|0|10|467000|46700|0
"220550006054"|0|1|0|0|0|0|0|1|1|1|1|0|0|1|0|3335|3335|NA|NA|NA|203|25|322|16695708|51850.0248447205|0
"220550014083"|0|1|0|0|0|0|0|1|1|0|0|1|1|0|0|NA|NA|NA|NA|NA|0|0|0|0|NA|0
"220550014214"|0|1|0|0|0|0|0|1|1|0|0|1|1|0|0|NA|NA|NA|NA|NA|0|0|0|0|NA|0
"220550015001"|0|1|0|0|0|0|0|1|1|1|1|0|1|0|0|NA|NA|NA|NA|NA|9|4|6|3e+05|50000|0
"220550017003"|0|1|0|0|0|0|0|1|1|1|1|0|1|0|0|22272|22272|NA|NA|NA|10|1|6|371484|61914|0
"220550018011"|0|2|0|0|0|0|0|2|2|0|0|2|2|0|0|NA|NA|NA|NA|NA|0|0|0|0|NA|0
"220550018026"|0|1|0|0|0|0|0|1|1|0|0|1|1|0|0|NA|NA|NA|NA|NA|0|0|0|0|NA|0
"220550022008"|0|1|1|0|0|0|0|1|1|1|0|0|0|0|1|5407|19135|5511|19239|11642|1323|367|1226|97037018|79149.2805872757|0
"220570220001"|0|1|1|0|0|0|0|1|1|1|0|0|0|1|0|4922|6015|5686|6779|10602|388|188|532|33355200|62697.7443609023|0
"220619603004"|0|1|1|1|0|0|0|1|1|1|0|0|0|1|0|5140|5140|5110|5110|10990|293|118|314|18350044|58439.6305732484|0
"220619610001"|0|1|1|0|0|0|0|1|1|1|0|0|0|0|1|6401|13142|5416|10147|9447|657|219|784|62353094|79532.0076530612|0
"220630406014"|0|1|0|0|0|0|0|1|1|0|0|1|1|0|0|NA|NA|NA|NA|NA|0|0|0|0|NA|0
"220690007005"|0|1|1|0|0|0|0|1|1|1|0|0|0|1|0|5180|15968|5738|16526|10269|429|113|642|44187026|68827.1433021807|0
"220710002002"|0|1|0|0|0|0|0|1|1|0|0|1|1|0|0|NA|NA|NA|NA|NA|0|0|0|0|NA|0
"220710006162"|0|1|1|0|0|0|0|1|1|1|0|0|0|1|0|14040|14040|13230|13230|10166|45|14|138|9572080|69362.8985507246|0
"220710017011"|0|1|1|1|0|0|0|1|1|1|0|0|0|1|0|4483|13384|6024|12966|9480|178|37|170|11225302|66031.1882352941|0
"220710017024"|0|1|1|0|0|0|0|1|1|1|0|0|0|1|0|9840|9840|7182|7182|6740|136|58|100|7532412|75324.12|0
"220710033082"|0|1|0|0|0|0|0|1|1|0|0|1|1|0|0|NA|NA|NA|NA|NA|0|0|0|0|NA|0
"220710033083"|0|1|0|1|0|0|0|1|1|1|0|0|0|1|0|18280|18280|NA|NA|10730|197|34|134|8422864|62857.1940298507|0
"220710050002"|0|1|0|0|0|0|0|1|1|0|0|1|1|0|0|NA|NA|NA|NA|NA|0|0|0|0|NA|0
"220710055002"|0|1|0|0|0|0|0|1|1|1|1|0|0|0|1|3335|3335|NA|NA|NA|355|49|538|32854196|61067.2788104089|0
"220710060002"|0|1|1|0|0|1|0|1|1|1|0|0|0|1|0|7020|15495|11835|24108|NA|743|81|362|39754376|109818.718232044|0
"220710070001"|0|1|2|1|0|0|0|2|2|2|0|0|1|1|0|NA|NA|NA|NA|NA|458|170|496|45167902|199370.454918033|0
"220710111001"|0|1|0|0|0|0|0|1|1|1|0|0|1|0|0|6000|6000|NA|NA|NA|6|1|0|0|NA|0
"220710121021"|0|1|1|0|1|1|0|1|1|1|0|0|0|0|1|58666|58666|61066|61066|17346|2472|568|1798|210352898|116992.713014461|0
"220710121022"|0|1|1|0|0|0|0|1|1|1|0|0|0|1|0|43160|43160|18091|18091|14607|397|153|478|36070744|75461.8075313807|0
"220710133022"|0|1|1|0|0|0|0|1|1|1|0|0|0|1|0|6090|10926|6090|10660|12174|746|135|526|41427960|78760.3802281369|0
"220710134001"|0|1|1|0|0|0|0|1|1|1|0|0|0|1|0|1800|1800|1800|1800|NA|4|1|0|0|NA|0
"220730004021"|0|1|1|0|0|0|0|1|1|1|0|0|0|1|0|5788|17888|6490|18590|9551|564|259|668|50707384|75909.2574850299|0
"220730017001"|0|1|0|0|0|0|0|1|1|1|1|0|1|0|0|NA|NA|NA|NA|NA|8|0|16|538008|33625.5|0
"220730017003"|0|1|0|0|0|0|0|1|1|0|0|1|1|0|0|NA|NA|NA|NA|NA|0|0|0|0|NA|0
"220730055003"|0|1|0|0|0|0|0|1|1|0|0|1|1|0|0|NA|NA|NA|NA|NA|0|0|0|0|NA|0
"220730106061"|0|1|0|0|0|0|0|1|1|1|1|0|0|1|0|3214|3214|NA|NA|NA|130|7|178|9262084|52034.1797752809|0
"220730108002"|0|2|0|0|0|0|0|2|2|0|0|2|2|0|0|NA|NA|NA|NA|NA|0|0|0|0|NA|0
"220730109003"|0|1|0|0|0|0|0|1|1|0|0|1|1|0|0|NA|NA|NA|NA|NA|0|0|0|0|NA|0
"220730111002"|0|1|0|0|0|0|0|1|1|0|0|1|1|0|0|NA|NA|NA|NA|NA|0|0|0|0|NA|0
"220790117001"|0|2|1|0|0|0|0|2|2|1|0|1|1|1|0|NA|NA|NA|NA|NA|97|56|124|7500840|NA|0
"220790124001"|0|1|0|0|0|0|0|1|1|1|1|0|1|0|0|NA|NA|NA|NA|NA|16|1|30|1152774|38425.8|0
"220790125004"|0|1|0|0|0|0|0|1|1|0|0|1|1|0|0|NA|NA|NA|NA|NA|0|0|0|0|NA|0
"220790133001"|0|1|0|0|0|0|0|1|1|1|0|0|0|1|0|4950|5120|NA|NA|9598|167|65|182|11104008|61011.032967033|0
"220790139002"|0|1|0|0|0|0|0|1|1|1|1|0|0|1|0|3335|3335|NA|NA|NA|49|0|102|5349564|52446.7058823529|0
"220870308001"|0|1|0|0|0|0|0|1|1|1|1|0|0|1|0|3335|3335|NA|NA|NA|52|17|62|3461870|55836.6129032258|0
"220979609011"|0|1|0|0|0|0|0|1|1|0|0|1|1|0|0|NA|NA|NA|NA|NA|0|0|0|0|NA|0
"220979614023"|0|1|0|0|0|0|0|1|1|0|0|1|1|0|0|NA|NA|NA|NA|NA|0|0|0|0|NA|0
"221030402053"|0|1|0|0|0|0|0|1|1|1|0|0|1|0|0|22300|22300|NA|NA|15150|33|6|40|1510200|37755|0
"221030405013"|0|1|0|0|0|0|0|1|1|0|0|1|0|1|0|NA|NA|NA|NA|NA|0|0|0|0|NA|0
"221030406072"|0|1|0|0|0|0|0|1|1|0|0|1|1|0|0|NA|NA|NA|NA|NA|0|0|0|0|NA|0
"221030407123"|0|1|0|0|0|0|0|1|1|1|1|0|0|1|0|3214|3214|NA|NA|NA|92|16|186|9191578|49417.0860215054|0
"221030411031"|0|1|0|0|0|0|0|1|1|0|0|1|1|0|0|NA|NA|NA|NA|NA|0|0|0|0|NA|0
"221059542001"|0|1|1|0|0|0|0|1|1|1|0|0|0|0|1|5777|18255|6684|19162|9430|723|310|986|66556954|67501.9817444219|0
"221059545032"|0|1|0|0|0|0|0|1|1|0|0|1|1|0|0|NA|NA|NA|NA|NA|0|0|0|0|NA|0
"221090002033"|0|1|0|0|0|0|0|1|1|0|0|1|1|0|0|NA|NA|NA|NA|NA|0|0|0|0|NA|0
"221090003003"|0|1|0|0|0|0|0|1|1|0|0|1|1|0|0|NA|NA|NA|NA|NA|0|0|0|0|NA|0
"221090007012"|0|1|0|0|0|0|0|1|1|0|0|1|1|0|0|NA|NA|NA|NA|NA|0|0|0|0|NA|0
"221090009021"|0|1|0|0|0|0|0|1|1|0|0|1|1|0|0|NA|NA|NA|NA|NA|0|0|0|0|NA|0
"221090017011"|0|1|0|0|0|0|0|1|1|1|1|0|0|1|0|3335|3335|NA|NA|NA|62|6|122|6385298|52338.5081967213|0
"221090017024"|0|1|0|0|0|0|0|1|1|0|0|1|1|0|0|NA|NA|NA|NA|NA|0|0|0|0|NA|0
"221190320002"|0|1|0|0|0|0|0|1|1|1|1|0|1|0|0|3214|3214|NA|NA|NA|35|1|70|3695774|52796.7714285714|0
"230010102002"|0|1|0|0|0|0|0|1|1|1|1|0|0|1|0|2880|5760|NA|NA|9800|76|15|116|6952084|59931.7586206897|0
"230010202002"|0|1|0|0|0|0|0|1|1|1|0|0|1|0|0|14558|14558|NA|NA|NA|10|0|24|1609142|67047.5833333333|0
"230010203011"|0|1|0|0|0|0|0|1|1|1|0|0|0|1|0|61066|61066|NA|NA|17224|575|105|374|37926590|101407.994652406|0
"230039506003"|0|1|1|0|0|0|0|1|1|1|0|0|0|1|0|7350|12120|7350|12120|9288|66|24|54|3712818|68755.8888888889|0
"230039520001"|0|1|0|0|0|0|0|1|1|1|1|0|1|0|0|2880|5760|NA|NA|7818|49|10|88|5658714|64303.5681818182|0
"230039520002"|0|1|1|0|0|0|0|1|1|1|0|0|0|1|0|7350|12120|12000|12000|9800|94|38|74|5710470|77168.5135135135|0
"230050003002"|0|1|1|0|0|0|0|1|1|1|0|0|1|0|0|39100|39100|39102|39102|14440|68|14|60|3691412|61523.5333333333|0
"230050005001"|0|1|0|0|0|0|0|1|1|0|0|1|1|0|0|NA|NA|NA|NA|NA|0|0|0|0|NA|0
"230050010002"|0|0|1|0|0|0|0|1|1|1|0|0|1|0|0|NA|NA|47600|47600|NA|3|1|4|418400|104600|0
"230050015002"|0|1|1|0|0|0|0|1|1|1|0|0|0|1|0|8064|22680|7776|22500|10924|709|228|558|49975710|89562.2043010753|0
"230050028001"|0|1|0|0|0|0|0|1|1|0|0|1|1|0|0|NA|NA|NA|NA|NA|0|0|0|0|NA|0
"230050035002"|0|1|0|0|0|0|0|1|1|1|1|0|0|1|0|2880|5760|NA|NA|10138|160|33|206|14762550|71662.8640776699|0
"230050112062"|0|1|0|0|0|0|0|1|1|1|0|0|0|1|0|60952|60952|NA|NA|16772|683|169|436|52649800|120756.422018349|0
"230050115004"|0|1|1|0|0|0|0|1|1|1|0|0|0|1|0|11280|11280|9750|9750|12104|137|21|58|3120558|53802.724137931|0
"230050160023"|0|1|0|0|0|0|0|1|1|0|0|0|0|0|0|NA|NA|NA|NA|NA|0|0|0|0|NA|0
"230050170023"|0|1|1|0|0|0|0|1|1|1|0|0|0|1|0|41586|41586|9630|9630|14936|159|54|118|7152620|60615.4237288136|0
"230050173053"|0|1|0|0|0|0|0|1|1|0|0|1|1|0|0|NA|NA|NA|NA|NA|0|0|0|0|NA|0
"230079712012"|0|1|1|0|0|0|0|1|1|1|0|0|0|1|0|8640|20400|10248|10248|10764|174|67|198|14456084|73010.5252525253|0
"230079713001"|0|0|0|0|0|0|0|1|0|0|0|0|0|0|0|NA|NA|NA|NA|NA|0|0|0|0|NA|0
"230099659003"|0|1|1|0|0|0|0|1|1|1|0|0|1|0|0|44280|44280|29520|29520|9870|51|22|56|5192512|92723.4285714286|0
"230099664002"|0|1|1|0|0|0|0|1|1|1|0|0|1|0|0|11474|26955|14400|14400|11240|151|31|148|0|0|0
"230110102002"|0|1|1|0|0|0|0|1|1|1|0|0|0|1|0|7350|18750|7776|10386|8200|191|66|194|13359316|68862.4536082474|0
"230110103001"|0|1|0|0|0|0|0|1|1|0|0|1|1|0|0|NA|NA|NA|NA|NA|0|0|0|0|NA|0
"230110242021"|0|1|0|0|0|0|0|1|1|1|0|0|0|1|0|60840|60840|NA|NA|16330|541|136|506|54306302|107324.707509881|0
"230110242023"|0|1|1|0|0|0|0|1|1|1|0|0|0|1|0|28954|28954|28954|28954|11998|100|25|74|4862226|65705.7567567568|0
"230139705002"|0|1|1|0|0|0|0|1|1|1|0|0|1|0|0|NA|NA|NA|NA|NA|14|1|2|100756|50378|0
"230190003001"|0|1|0|0|0|0|0|1|1|1|1|0|0|1|0|2880|5760|NA|NA|9950|65|14|118|7402578|62733.7118644068|0
"230190007001"|0|1|1|0|0|0|0|1|1|1|0|0|1|0|0|NA|NA|NA|NA|NA|33|3|30|1776300|59210|0
"230190063001"|0|1|1|0|0|0|0|1|1|0|0|0|0|0|0|NA|NA|NA|NA|NA|396|77|0|0|NA|0
"230190063002"|0|1|1|0|0|0|0|1|1|1|0|0|0|0|1|11640|33240|9738|29214|12050|1711|458|1130|111539140|98707.203539823|0
"230190311003"|0|1|1|0|0|0|0|1|1|1|0|0|0|1|0|20150|20150|17220|17220|11391|261|55|236|17747576|75201.593220339|0
"230259668012"|0|1|0|0|0|0|0|1|1|1|1|0|0|1|0|2880|5760|NA|NA|NA|60|11|102|6360876|62361.5294117647|0
"230299555003"|0|1|0|0|0|0|0|1|1|1|1|0|1|0|0|2880|5760|NA|NA|5608|31|5|44|2750994|62522.5909090909|0
"230310254002"|0|1|1|0|1|1|0|1|1|1|0|0|0|1|0|39510|39510|29607|29607|16100|633|167|474|42326788|89297.0210970464|0
"230310260001"|0|1|0|0|0|0|0|1|1|1|1|0|1|0|0|24500|24500|NA|NA|NA|7|2|10|897200|89720|0
"230310340041"|0|1|0|0|0|0|0|1|1|1|1|0|0|1|0|2880|5760|NA|NA|11190|36|2|36|2307084|64085.6666666667|0
"240010005002"|0|1|0|0|0|0|0|1|1|1|1|0|0|1|0|7860|10200|NA|NA|10800|185|62|198|12131716|61271.2929292929|0
"240010018003"|0|1|1|0|0|0|0|1|1|1|0|0|0|1|0|6974|21854|8208|10584|12140|428|131|436|37921276|86975.4036697248|0
"240037024022"|0|1|0|0|0|0|0|1|1|0|0|1|1|0|0|NA|NA|NA|NA|NA|0|0|0|0|NA|0
"240037061031"|0|1|1|0|0|0|0|1|1|1|0|0|1|0|0|36040|36040|19692|19692|14270|100|10|102|8076728|79183.6078431373|0
"240037067001"|0|1|0|0|1|0|0|1|1|1|0|0|0|1|0|NA|NA|NA|NA|NA|527|92|650|84810054|130477.006153846|0
"240037311033"|0|1|0|0|0|0|0|1|1|1|1|0|0|0|1|7920|12450|NA|NA|NA|599|172|460|38072910|82767.1956521739|0
"240037508034"|0|1|0|0|0|0|0|1|1|0|0|1|1|0|0|NA|NA|NA|NA|NA|0|0|0|0|NA|0
"240037512002"|0|1|0|0|0|0|0|1|1|0|0|1|1|0|0|NA|NA|NA|NA|NA|0|0|0|0|NA|0
"240037515004"|0|1|0|0|0|0|0|1|1|0|0|1|1|0|0|NA|NA|NA|NA|NA|0|0|0|0|NA|0
"240054015071"|0|1|0|0|0|0|0|1|1|0|0|1|1|0|0|NA|NA|NA|NA|NA|0|0|0|0|NA|0
"240054036021"|0|1|0|0|0|0|0|1|1|1|0|0|1|0|0|13100|13100|NA|NA|5700|5|1|16|843400|52712.5|0
"240054037021"|0|1|1|0|0|0|0|1|1|1|0|0|1|0|0|13700|13700|13700|13700|7200|42|5|26|2307040|88732.3076923077|0
"240054037023"|0|1|0|0|0|0|0|1|1|0|0|1|1|0|0|NA|NA|NA|NA|NA|0|0|0|0|NA|0
"240054042025"|0|1|1|0|0|0|0|1|1|1|0|0|0|1|0|36036|36036|8340|8340|14480|258|85|226|17999002|79641.6017699115|0
"240054084001"|0|1|0|0|0|0|0|1|1|0|0|1|1|0|0|14400|14400|NA|NA|NA|0|0|0|0|NA|0
"240054407013"|0|1|0|0|0|0|0|1|1|1|1|0|0|0|1|5784|8928|NA|NA|NA|801|291|768|67822000|88309.8958333333|0
"240054512001"|0|1|0|0|0|0|0|1|1|0|0|1|1|0|0|NA|NA|NA|NA|NA|0|0|0|0|NA|0
"240054523002"|0|1|0|0|0|0|0|1|1|0|0|1|1|0|0|NA|NA|NA|NA|NA|0|0|0|0|NA|0
"240054903023"|0|1|1|0|0|0|0|1|1|1|0|0|0|1|0|49020|49020|13185|13185|16780|223|55|212|16273654|76762.5188679245|0
"240054903043"|0|1|0|0|0|0|0|1|1|0|0|1|1|0|0|NA|NA|NA|NA|NA|0|0|0|0|NA|0
"240054906052"|0|1|1|0|0|0|0|1|1|1|0|0|0|0|1|7238|23240|8676|17964|13642|1357|352|1810|163472670|90316.3922651934|0
"240054925001"|0|1|1|0|0|0|0|1|1|1|0|0|0|0|1|9056|25820|12582|21618|13378|1616|260|1120|126270990|112741.955357143|0
"240135075003"|0|1|1|0|0|0|0|1|1|1|0|0|0|1|0|46800|46800|9666|9666|12302|257|117|250|17759876|71039.504|0
"240135078023"|0|1|0|0|0|0|0|1|1|1|1|0|0|1|0|5496|7104|NA|NA|NA|204|68|154|11129142|72267.1558441558|0
"240150309052"|0|1|0|0|0|0|0|1|1|1|1|0|0|1|0|7290|8490|NA|NA|NA|137|37|102|7458208|73119.6862745098|0
"240178506003"|0|1|0|0|0|0|0|1|1|1|1|0|0|1|0|5760|7392|NA|NA|NA|287|33|228|19648980|86179.7368421053|0
"240217502001"|0|1|0|0|0|0|0|1|1|0|0|1|1|0|0|NA|NA|NA|NA|NA|0|0|0|0|NA|0
"240217506001"|0|1|1|0|0|0|0|1|1|1|0|0|0|1|0|43800|43800|9000|9000|13600|156|61|190|13690108|72053.2|0
"240217512012"|0|1|0|0|0|0|0|1|1|1|1|0|0|1|0|6768|9168|NA|NA|NA|332|94|208|16100356|77405.5576923077|0
"240217668003"|0|1|1|0|0|0|0|1|1|1|0|0|0|1|0|44330|44330|13899|13899|14320|317|121|266|19886132|74759.8947368421|0
"240230005023"|0|1|0|0|0|0|0|1|1|1|1|0|1|0|0|8792|10920|NA|NA|7760|97|36|40|2891980|72299.5|0
"240253031021"|0|1|0|0|0|0|0|1|1|1|1|0|0|1|0|5520|7800|NA|NA|NA|245|61|208|14652660|70445.4807692308|0
"240253038011"|0|1|0|0|0|0|0|1|1|0|0|1|1|0|0|NA|NA|NA|NA|NA|0|0|0|0|NA|0
"240276051052"|0|0|1|0|0|0|0|1|1|1|0|0|1|0|0|NA|NA|15269|15269|NA|72|17|20|1461136|73056.8|0
"240276056023"|0|1|0|0|0|0|0|1|1|1|1|0|0|1|0|6939|8694|NA|NA|NA|404|104|374|32830996|87783.4117647059|0
"240276067082"|0|1|0|0|0|0|0|1|1|1|1|0|1|0|0|NA|NA|NA|NA|NA|35|12|80|4926096|61576.2|0
"240276069011"|0|1|0|0|0|0|0|1|1|0|0|1|1|0|0|NA|NA|NA|NA|NA|0|0|0|0|NA|0
"240299503003"|0|1|0|0|0|0|0|1|1|1|0|0|1|0|0|50626|50626|NA|NA|13834|277|67|200|14895074|74475.37|0
"240317010043"|0|1|0|0|0|0|0|1|1|1|1|0|0|0|1|8070|11220|NA|NA|NA|1222|211|926|88251316|95303.7969762419|0
"240317012191"|0|1|0|0|0|0|0|1|1|0|0|1|1|0|0|NA|NA|NA|NA|NA|0|0|0|0|NA|0
"240317012192"|0|1|0|0|0|0|0|1|1|0|0|1|1|0|0|NA|NA|NA|NA|NA|0|0|0|0|NA|0
"240317012223"|0|1|1|0|0|0|0|1|1|1|0|0|1|0|0|17875|17875|13750|13750|NA|32|0|0|0|NA|0
"240317017021"|0|1|1|0|0|0|0|1|1|1|0|0|1|0|0|23400|23400|11160|11160|10440|83|19|64|4596400|71818.75|0
"240317023012"|0|1|0|0|0|0|0|1|1|0|0|1|1|0|0|NA|NA|NA|NA|NA|0|0|0|0|NA|0
"240317032091"|0|1|0|0|0|0|0|1|1|1|0|0|1|0|0|10200|10200|NA|NA|12000|0|0|14|1093882|78134.4285714286|0
"240317034014"|0|1|0|0|0|0|0|1|0|0|0|0|1|0|0|NA|NA|NA|NA|NA|0|0|0|0|NA|0
"240338002172"|0|1|1|0|0|0|0|1|1|1|0|0|1|0|0|25830|25830|11340|11340|12816|60|10|32|1964516|61391.125|0
"240338004102"|0|1|1|1|0|0|0|1|1|1|0|0|0|1|0|5874|16666|8236|15054|12468|453|152|462|41891152|90673.4891774892|0
"240338018021"|0|1|0|0|0|0|0|1|1|0|0|1|1|0|0|NA|NA|NA|NA|NA|0|0|0|0|NA|0
"240338019052"|0|1|1|0|0|0|0|1|1|1|0|0|0|1|0|13320|13320|14940|14940|NA|0|0|0|0|NA|0
"240338025011"|0|1|1|0|0|0|0|1|1|0|0|0|0|0|0|NA|NA|NA|NA|NA|0|0|0|0|NA|0
"240338035133"|0|1|0|0|0|0|0|1|1|1|1|0|0|0|1|5016|7464|NA|NA|NA|534|137|466|39391568|84531.2618025751|0
"240338035143"|0|1|1|0|0|0|0|1|1|1|0|0|0|0|1|7488|11976|9252|11862|NA|1418|197|354|35977350|101630.93220339|0
"240338036022"|0|1|0|0|0|0|0|1|1|1|1|0|1|0|0|16873|16873|NA|NA|NA|21|10|28|1844598|65878.5|0
"240338036122"|0|1|0|0|0|0|0|1|1|0|0|1|1|0|0|NA|NA|NA|NA|NA|0|0|0|0|NA|0
"240339800001"|0|1|1|0|0|1|0|1|1|1|0|0|0|0|1|9695|37931|16238|35388|14576|8706|823|3788|567214458|149739.825237592|0
"240358106002"|0|1|0|0|0|0|0|1|1|1|1|0|0|1|0|5376|7536|NA|NA|NA|162|46|104|8293668|79746.8076923077|0
"240378760043"|0|1|0|0|0|0|0|1|1|0|0|1|1|0|0|NA|NA|NA|NA|NA|0|0|0|0|NA|0
"240378762003"|0|1|1|0|0|0|0|1|1|1|0|0|0|1|0|12116|28192|16530|16530|14146|265|97|244|20788636|85199.3278688525|0
"240399301011"|0|1|1|1|0|0|0|1|1|1|0|0|0|1|0|5637|16467|8304|15384|10636|457|141|404|39656466|98159.5693069307|0
"240430007001"|0|1|0|0|0|0|0|1|1|0|0|1|1|0|0|NA|NA|NA|NA|NA|0|0|0|0|NA|0
"240430112043"|0|1|0|0|0|0|0|1|1|1|1|0|0|1|0|5760|7560|NA|NA|NA|199|52|152|10362954|68177.3289473684|0
"240450104002"|0|1|1|0|0|0|0|1|1|1|0|0|0|1|0|7556|18032|7842|12690|12990|704|194|850|65875456|77500.5364705882|0
"240450105032"|0|1|0|0|0|0|0|1|1|0|0|1|1|0|0|NA|NA|NA|NA|NA|0|0|0|0|NA|0
"240450106061"|0|1|0|0|0|0|0|1|1|1|1|0|0|1|0|6192|7752|NA|NA|NA|180|59|136|9914924|72903.8529411765|0
"245100401004"|0|1|0|0|0|0|0|1|1|0|0|1|1|0|0|NA|NA|NA|NA|NA|0|0|0|0|NA|0
"245100402001"|0|1|1|0|0|1|0|1|1|1|0|0|0|1|0|9635|39597|15443|33639|NA|2259|268|960|141576384|147475.4|0
"245100904001"|0|1|0|0|0|0|0|1|1|0|0|1|1|0|0|NA|NA|NA|NA|NA|0|0|0|0|NA|0
"245101102004"|0|1|1|0|0|0|0|1|1|1|0|0|0|1|0|7296|20746|14382|20844|NA|414|65|330|42214572|127922.945454545|0
"245101202021"|0|1|1|0|0|1|0|1|1|1|0|0|0|0|1|60480|60480|60480|60480|17640|7774|1353|2782|457388316|164409.890726096|0
"245101401001"|0|1|1|0|0|0|0|1|1|1|0|0|0|1|0|51870|51870|51870|51870|15290|299|62|274|25175992|91883.1824817518|0
"245101504003"|0|1|1|1|0|0|0|1|1|1|0|0|0|1|0|4836|11492|6316|11624|11746|275|86|234|21451366|91672.5042735043|0
"245101505002"|0|1|0|0|0|0|0|1|1|1|1|0|0|1|0|2640|6720|NA|NA|NA|200|50|170|13042254|76719.1411764706|0
"245102201003"|0|1|2|0|0|0|0|2|2|0|0|0|0|0|0|NA|NA|NA|NA|NA|369|22|0|0|NA|0
"245102606056"|0|1|0|0|0|0|0|1|1|0|0|1|1|0|0|NA|NA|NA|NA|NA|0|0|0|0|NA|0
"245102709031"|0|1|1|1|0|0|0|1|1|1|0|0|0|1|0|5477|15949|8190|16092|12162|1232|285|818|77474126|94711.6454767726|0
"245102711012"|0|2|2|0|0|0|0|2|2|2|0|0|0|2|0|92680|92680|30789|30789|29450|727|199|844|74416328|166005.257978723|0
"245102720063"|0|1|0|0|0|0|0|1|1|1|0|0|1|0|0|8760|8760|NA|NA|NA|7|3|0|0|NA|0
"250010122002"|0|1|0|0|0|0|0|1|1|1|1|0|0|1|0|576|5520|NA|NA|NA|160|70|134|9601744|71654.8059701493|0
"250010137004"|0|1|1|0|0|0|0|1|1|1|0|0|0|1|0|1994|15882|2710|2710|14428|148|19|188|17357640|92327.8723404255|0
"250010139004"|0|1|0|0|0|0|0|1|1|0|0|1|1|0|0|NA|NA|NA|NA|NA|0|0|0|0|NA|0
"250039001003"|0|1|0|0|0|0|0|1|1|0|0|1|1|0|0|15584|15584|NA|NA|NA|0|0|0|0|NA|0
"250039005002"|0|1|0|0|0|0|0|1|1|1|1|0|0|1|0|624|6240|NA|NA|NA|125|34|98|6343640|64731.0204081633|0
"250039201013"|0|1|1|0|0|0|0|1|1|1|0|0|0|1|0|61450|61450|61775|61775|15530|761|169|616|80387764|130499.616883117|0
"250039213003"|0|1|1|0|0|0|0|1|1|1|0|0|1|0|0|1030|9975|3744|3744|13632|200|51|158|13272264|84001.670886076|0
"250039214001"|0|1|0|0|0|0|0|1|0|0|0|1|1|0|0|NA|NA|NA|NA|NA|0|0|0|0|NA|0
"250039251021"|0|1|0|0|0|0|0|1|1|1|0|0|1|0|0|61600|61600|NA|NA|17200|96|16|86|5879330|68364.3023255814|0
"250056002023"|0|1|0|0|0|0|0|1|1|0|0|1|1|0|0|NA|NA|NA|NA|NA|0|0|0|0|NA|0
"250056111021"|0|1|0|0|0|0|0|1|1|1|0|0|0|1|0|59750|59750|NA|NA|14800|285|89|278|22307852|80244.071942446|0
"250056138001"|0|1|0|0|0|0|0|1|1|0|0|1|1|0|0|NA|NA|NA|NA|NA|0|0|0|0|NA|0
"250056322004"|0|1|0|0|0|0|0|1|1|0|0|1|1|0|0|NA|NA|NA|NA|NA|0|0|0|0|NA|0
"250056411011"|0|1|0|0|0|0|0|1|1|0|0|1|1|0|0|NA|NA|NA|NA|NA|0|0|0|0|NA|0
"250056420001"|0|1|0|0|0|0|0|1|1|0|0|1|1|0|0|NA|NA|NA|NA|NA|0|0|0|0|NA|0
"250056425001"|0|1|0|0|0|0|0|1|1|1|1|0|0|1|0|576|5520|NA|NA|NA|274|65|220|14613216|66423.7090909091|0
"250056504001"|0|1|0|0|0|0|0|1|1|0|0|1|1|0|0|NA|NA|NA|NA|NA|0|0|0|0|NA|0
"250059855001"|0|1|1|0|0|0|0|1|1|1|0|0|0|1|0|14179|30317|16390|29578|16493|633|191|762|82694654|108523.167979003|0
"250059856003"|0|1|1|0|0|0|0|1|1|1|0|0|0|1|0|50312|50312|31867|31867|15100|338|87|326|29393938|90165.4539877301|0
"250092041012"|0|1|1|0|0|0|0|1|1|1|0|0|0|1|0|910|7050|2520|4140|14954|485|95|590|59293554|100497.549152542|0
"250092114013"|0|1|0|0|0|0|0|1|1|1|1|0|0|1|0|600|6168|NA|NA|NA|263|112|228|14985608|65726.350877193|0
"250092151014"|0|0|1|0|0|0|0|1|1|1|0|0|0|1|0|NA|NA|23250|23250|NA|105|41|44|3667146|83344.2272727273|0
"250092161003"|0|1|1|0|0|0|0|1|1|1|0|0|0|1|0|26010|26010|6490|6490|12150|272|67|144|10067762|69915.0138888889|0
"250092175004"|0|1|0|0|0|0|0|1|1|1|0|0|1|0|0|36200|36200|NA|NA|14800|37|1|42|2373534|56512.7142857143|0
"250092176023"|0|1|1|0|0|0|0|1|1|1|0|0|0|1|0|36926|36926|13084|13084|16958|405|110|236|23910582|101316.025423729|0
"250092532013"|0|2|0|0|0|0|0|2|2|0|0|2|2|0|0|NA|NA|NA|NA|NA|0|0|0|0|NA|0
"250092532022"|0|1|1|0|0|0|0|1|1|1|0|0|0|1|0|45815|45815|32896|32896|18295|402|128|414|40013952|96652.0579710145|0
"250092544024"|0|0|1|0|0|0|0|1|1|1|0|0|1|0|0|NA|NA|NA|NA|NA|12|4|24|3471820|144659.166666667|0
"250092603022"|0|1|0|0|0|0|0|1|1|1|1|0|0|1|0|600|6384|NA|NA|NA|251|48|168|11258478|67014.75|0
"250092611012"|0|1|1|0|0|0|0|1|1|1|0|0|1|0|0|12750|12750|11808|11808|11802|24|9|12|702600|58550|0
"250110410001"|0|1|0|0|0|0|0|1|1|1|1|0|0|1|0|624|6744|NA|NA|NA|119|24|80|5509458|68868.225|0
"250138012002"|0|1|0|0|0|0|0|1|1|1|1|0|0|1|0|600|5808|NA|NA|NA|235|104|228|16232780|71196.4035087719|0
"250138016011"|0|1|1|0|0|0|0|1|1|1|0|0|0|1|0|41750|41750|17550|17550|14670|372|78|426|40845614|95881.7230046948|0
"250138017002"|0|1|1|0|0|0|0|1|1|1|0|0|0|1|0|40550|40550|13037|13037|15130|196|75|106|7649490|72165|0
"250138017005"|0|2|2|0|0|0|0|2|2|2|0|0|1|1|0|59668|59668|53040|53040|NA|386|98|424|31263056|160790.117089679|0
"250138109021"|0|1|1|0|0|0|0|1|1|1|0|0|0|1|0|38735|38735|16776|16776|14830|125|46|114|7703040|67570.5263157895|0
"250138121011"|0|1|0|0|0|0|0|1|1|1|1|0|0|1|0|5280|10224|NA|NA|NA|255|95|204|13807092|67681.8235294118|0
"250138122022"|0|1|0|0|0|0|0|1|1|0|0|1|1|0|0|NA|NA|NA|NA|NA|0|0|0|0|NA|0
"250138129031"|0|1|1|0|0|0|0|1|1|1|0|0|0|1|0|970|7050|1775|1775|12894|419|98|396|37537528|94791.7373737374|0
"250138133011"|0|1|1|0|0|0|0|1|1|1|0|0|0|1|0|35781|35781|19235|19235|12799|197|31|154|15110998|98123.3636363636|0
"250158204001"|0|1|1|0|0|0|0|1|1|1|0|0|0|0|1|16186|37405|14364|31489|14123|4789|913|2888|338637370|117256.707063712|0
"250158206001"|0|1|0|0|0|0|0|1|1|1|0|0|0|1|0|63500|63500|NA|NA|16750|777|216|546|69020868|126411.846153846|0
"250158208021"|0|1|0|0|0|0|0|1|1|1|0|0|1|0|0|52714|52714|NA|NA|14432|227|48|80|6733228|84165.35|0
"250158212001"|0|1|1|0|0|0|0|1|1|1|0|0|0|1|0|58280|58280|27268|27268|17180|595|109|448|43226976|96488.7857142857|0
"250158220001"|0|1|1|0|0|0|0|1|1|1|0|0|0|1|0|58480|58480|58480|58480|20340|794|170|656|74982934|114303.25304878|0
"250173101011"|0|1|0|0|0|0|0|1|1|0|0|1|1|0|0|NA|NA|NA|NA|NA|0|0|0|0|NA|0
"250173105001"|0|1|1|0|0|0|0|1|1|1|0|0|0|0|1|15462|33830|14956|27030|13930|1158|255|1256|147498546|117435.148089172|0
"250173131024"|0|1|0|0|0|0|0|1|0|0|0|1|1|0|0|NA|NA|NA|NA|NA|0|0|0|0|NA|0
"250173155001"|0|1|0|0|0|0|0|1|1|0|0|1|1|0|0|NA|NA|NA|NA|NA|0|0|0|0|NA|0
"250173215004"|0|1|0|0|0|0|0|1|0|0|0|1|1|0|0|NA|NA|NA|NA|NA|0|0|0|0|NA|0
"250173335013"|0|1|0|0|0|0|0|1|1|0|0|1|1|0|0|NA|NA|NA|NA|NA|0|0|0|0|NA|0
"250173336011"|0|1|0|0|0|0|0|1|1|0|0|1|1|0|0|NA|NA|NA|NA|NA|0|0|0|0|NA|0
"250173391023"|0|1|0|0|0|0|0|1|1|1|1|0|1|0|0|25987|25987|NA|NA|NA|12|1|58|5885488|101473.931034483|0
"250173394004"|0|1|0|0|0|0|0|1|1|0|0|1|1|0|0|NA|NA|NA|NA|NA|0|0|0|0|NA|0
"250173395001"|0|1|1|0|0|1|0|1|1|1|0|0|0|0|1|63804|63804|54196|54196|16778|3382|690|1680|223535246|133056.694047619|0
"250173411021"|0|1|0|0|0|0|0|1|1|0|0|1|1|0|0|NA|NA|NA|NA|NA|0|0|0|0|NA|0
"250173413012"|0|1|0|0|0|0|0|1|1|0|0|1|1|0|0|NA|NA|NA|NA|NA|0|0|0|0|NA|0
"250173501061"|0|1|0|0|0|0|0|1|1|0|0|1|1|0|0|NA|NA|NA|NA|NA|0|0|0|0|NA|0
"250173521011"|0|1|1|0|0|0|0|1|1|1|0|0|0|1|0|48375|48375|43741|43741|19400|109|9|70|9503894|135769.914285714|0
"250173531022"|0|1|1|0|0|0|0|1|1|1|0|0|0|0|1|57590|57590|57590|57590|18790|16253|2405|2808|559694408|199321.37037037|0
"250173536002"|0|1|1|0|0|0|0|1|1|1|0|0|0|1|0|30514|30514|18900|18900|19138|292|140|310|27100482|87420.9096774194|0
"250173537003"|0|1|1|0|0|1|0|1|1|1|0|0|0|0|1|52659|52659|52456|52456|19502|14519|2652|3670|807668652|220073.202179837|0
"250173540003"|0|1|1|0|0|0|0|1|1|1|0|0|1|0|0|49500|49500|49500|49500|NA|39|3|20|907392|45369.6|0
"250173591003"|0|1|0|0|0|0|0|1|1|1|1|0|0|1|0|576|5520|NA|NA|NA|238|44|202|13638474|67517.198019802|0
"250173611003"|0|1|0|0|0|0|0|1|1|0|0|1|1|0|0|NA|NA|NA|NA|NA|0|0|0|0|NA|0
"250173672003"|0|0|1|0|0|0|0|1|1|1|0|0|1|0|0|NA|NA|26500|26500|NA|13|2|16|596930|37308.125|0
"250173672005"|0|1|1|0|0|0|0|1|1|1|0|0|0|1|0|46150|46150|24968|24968|17080|243|56|268|24046672|89726.3880597015|0
"250173684005"|0|1|1|0|0|0|0|1|1|1|0|0|0|1|0|61724|61724|55104|55104|17092|1305|224|802|103085310|128535.29925187|0
"250173690001"|0|1|1|0|0|0|0|1|1|1|0|0|0|1|0|56500|56500|43440|43440|18660|587|211|548|75459422|137699.675182482|0
"250173736002"|0|1|1|0|0|0|0|1|1|1|0|0|0|0|1|62950|62950|33912|33912|16120|2959|584|1776|265337962|149402.005630631|0
"250173738001"|0|0|1|0|0|0|0|1|1|1|0|0|1|0|0|NA|NA|32820|32820|NA|33|11|16|1270700|79418.75|0
"250173740002"|0|1|1|0|0|0|0|1|1|1|0|0|1|0|0|10000|10000|35850|35850|NA|120|48|156|16934196|108552.538461538|0
"250173748001"|0|1|1|0|0|0|0|1|1|1|0|0|0|1|0|40980|40980|11268|11268|16500|185|50|138|10783606|78142.0724637681|0
"250173835023"|0|1|1|0|0|0|0|1|1|1|0|0|0|1|0|970|7050|1680|7050|13160|334|61|346|31600710|91331.5317919075|0
"250214005003"|0|0|1|0|0|0|0|1|1|1|0|0|1|0|0|NA|NA|20736|20736|NA|8|3|4|236888|59222|0
"250214011001"|0|1|1|0|0|0|0|1|1|1|0|0|1|0|0|21940|21940|21940|21940|16192|45|10|30|2642932|88097.7333333333|0
"250214012021"|0|1|1|0|0|0|0|1|0|0|0|0|0|0|0|NA|NA|NA|NA|NA|0|0|0|0|NA|0
"250214034001"|0|1|0|0|0|0|0|1|1|1|0|0|1|0|0|57280|57280|NA|NA|18524|71|13|94|11369132|120948.212765957|0
"250214041001"|0|1|0|0|0|0|0|1|1|1|1|0|0|1|0|576|5520|NA|NA|NA|181|43|142|9883748|69603.8591549296|0
"250214042023"|0|1|1|0|0|0|0|1|1|1|0|0|0|1|0|54944|54944|89550|89550|19028|608|195|390|62199066|159484.784615385|0
"250214044004"|0|1|0|0|0|0|0|1|1|1|0|0|0|1|0|61584|61584|NA|NA|19080|663|138|656|77875448|118712.573170732|0
"250214131002"|0|1|0|0|0|0|0|1|1|1|1|0|1|0|0|20520|20520|NA|NA|NA|4|0|2|140000|70000|0
"250214153002"|0|1|0|0|0|0|0|1|1|0|0|1|1|0|0|NA|NA|NA|NA|NA|0|0|0|0|NA|0
"250214161021"|0|1|1|0|0|0|0|1|1|1|0|0|0|1|0|42440|42440|15114|15114|17030|178|60|210|19818130|94372.0476190476|0
"250214164003"|0|1|0|0|0|0|0|1|1|1|0|0|1|0|0|30438|30438|NA|NA|NA|63|18|68|5373564|79023|0
"250214176012"|0|1|1|0|0|0|0|1|1|1|0|0|1|0|0|26730|26730|10598|10598|10700|77|18|50|2841912|56838.24|0
"250214177033"|0|1|0|0|0|0|0|1|1|0|0|1|1|0|0|NA|NA|NA|NA|NA|0|0|0|0|NA|0
"250214177042"|0|1|0|0|0|0|0|1|1|1|0|0|0|1|0|6168|6168|NA|NA|NA|70|8|72|5795212|80489.0555555556|0
"250214421013"|0|1|0|0|0|0|0|1|1|1|0|0|0|1|0|43200|43200|NA|NA|18542|147|18|66|4766664|72222.1818181818|0
"250214421041"|0|1|0|0|0|0|0|1|1|0|0|1|1|0|0|NA|NA|NA|NA|NA|0|0|0|0|NA|0
"250235111003"|0|1|0|0|0|0|0|1|1|0|0|1|1|0|0|NA|NA|NA|NA|NA|0|0|0|0|NA|0
"250235112001"|0|1|0|0|0|0|0|1|1|1|1|0|0|1|0|576|5520|NA|NA|NA|225|56|196|13754746|70177.2755102041|0
"250235301002"|0|1|0|0|0|0|0|1|1|0|0|1|1|0|0|NA|NA|NA|NA|NA|0|0|0|0|NA|0
"250239803001"|0|1|1|0|0|0|0|1|1|1|0|0|0|1|0|910|7050|1260|1260|14162|709|163|660|60982166|92397.2212121212|0
"250250004022"|0|1|1|0|0|0|0|1|1|1|0|0|1|0|0|28060|28060|20105|20105|NA|10|5|32|1584290|49509.0625|0
"250250101033"|0|1|1|0|0|1|0|1|1|1|0|0|0|0|1|61050|61050|61050|61050|17400|5807|1285|3812|561772074|147369.379328437|0
"250250103001"|0|1|1|0|0|0|0|1|1|1|0|0|0|1|0|1030|27420|24720|24720|17200|246|64|222|20571122|92662.7117117117|0
"250250103002"|0|3|3|0|0|0|0|3|3|3|0|0|0|3|0|123568|123568|65321|65321|52618|1008|169|1250|133803892|305403.537569972|0
"250250104051"|0|3|3|0|0|0|0|3|3|3|0|0|1|1|1|159299|159299|104616|104616|NA|4360|823|3828|487589008|301762.751278193|0
"250250104052"|0|1|1|0|0|0|0|1|1|1|0|0|0|1|0|46950|46950|46745|46745|19010|743|302|704|67843158|96368.1221590909|0
"250250107013"|0|1|1|0|0|0|0|1|1|1|0|0|1|0|0|21144|21144|25220|25220|NA|68|11|30|2552196|85073.2|0
"250250108011"|0|1|1|0|0|0|0|1|1|1|0|0|0|1|0|33150|33150|27090|27090|17340|96|12|68|4704114|69178.1470588235|0
"250250108021"|0|0|1|0|1|0|0|1|1|1|0|0|1|0|0|NA|NA|22374|22374|NA|93|22|88|10855564|123358.681818182|0
"250250303021"|0|1|1|0|0|0|0|1|1|0|0|0|0|0|0|NA|NA|NA|NA|NA|345|37|0|0|NA|0
"250250304003"|0|1|0|0|0|0|0|1|1|0|0|1|1|0|0|NA|NA|NA|NA|NA|0|0|0|0|NA|0
"250250406001"|0|2|1|0|0|0|0|2|2|2|1|0|0|2|0|17766|22710|NA|NA|NA|452|162|312|22107474|161568.159959759|0
"250250408013"|0|1|1|0|0|0|0|1|1|1|0|0|0|1|0|80300|80300|70020|70020|NA|153|40|228|26735904|117262.736842105|0
"250250701021"|0|1|1|0|0|0|0|1|1|1|0|0|0|1|0|42790|42790|39622|39622|18482|631|151|646|70162426|108610.566563467|0
"250250701022"|0|1|0|0|0|0|0|1|1|0|0|1|1|0|0|NA|NA|NA|NA|NA|0|0|0|0|NA|0
"250250701023"|0|1|0|0|0|0|0|1|1|1|1|0|1|0|0|7104|7104|NA|NA|NA|19|4|0|0|NA|0
"250250702012"|0|1|2|0|0|0|0|2|2|2|0|0|0|2|0|NA|NA|NA|NA|NA|596|145|508|50270298|234616.258498481|0
"250250703012"|0|1|0|0|0|0|0|1|1|1|0|0|1|0|0|16950|16950|NA|NA|NA|34|4|58|3771958|65033.7586206897|0
"250250703023"|0|1|0|0|0|0|0|1|1|1|0|0|1|0|0|28500|28500|NA|NA|13500|37|4|22|1630450|74111.3636363636|0
"250250808011"|0|1|1|0|0|0|0|1|1|1|0|0|0|1|0|38160|38160|40285|40285|15420|366|100|334|29838426|89336.6047904192|0
"250250814002"|0|1|0|0|0|0|0|1|1|1|1|0|0|1|0|936|5928|NA|NA|NA|110|17|68|5900786|86776.2647058823|0
"250250909012"|0|1|1|0|0|0|0|1|1|1|0|0|0|0|1|14542|35515|18894|36879|16896|1031|518|1348|143773864|106657.169139466|0
"250250916003"|0|1|0|0|0|0|0|1|1|0|0|1|1|0|0|NA|NA|NA|NA|NA|0|0|0|0|NA|0
"250251402023"|0|1|0|0|0|0|0|1|1|1|0|0|1|0|0|11400|11400|NA|NA|7000|2|0|2|40000|20000|0
"250277075001"|0|1|0|0|0|0|0|1|1|1|1|0|0|1|0|600|5520|NA|NA|NA|245|111|132|9295500|70420.4545454545|0
"250277103002"|0|1|0|0|0|0|0|1|0|0|0|1|1|0|0|NA|NA|NA|NA|NA|0|0|0|0|NA|0
"250277108001"|0|1|1|0|0|0|0|1|1|1|0|0|0|1|0|970|7050|3510|3510|13516|340|99|378|34045586|90067.6878306878|0
"250277121013"|0|1|0|0|0|0|0|1|1|0|0|1|1|0|0|NA|NA|NA|NA|NA|0|0|0|0|NA|0
"250277271002"|0|1|1|0|0|0|0|1|1|1|0|0|0|1|0|38410|38410|10530|10530|16640|92|29|96|5756638|59964.9791666667|0
"250277303002"|0|1|0|0|0|0|0|1|1|1|1|0|0|1|0|576|5520|NA|NA|NA|300|105|260|18987832|73030.1230769231|0
"250277306004"|0|1|1|0|0|0|0|1|1|1|0|0|0|1|0|46680|46680|14130|14130|14562|174|55|264|21803788|82590.1060606061|0
"250277306005"|0|1|0|0|0|0|0|1|1|0|0|1|1|0|0|NA|NA|NA|NA|NA|0|0|0|0|NA|0
"250277309021"|0|1|1|0|0|0|0|1|1|1|0|0|0|1|0|970|7050|3042|3042|13245|347|141|404|34213824|84687.6831683168|0
"250277312021"|0|1|1|0|0|0|0|1|1|1|0|0|0|1|0|52000|52000|47650|47650|11164|475|159|460|48117376|104602.991304348|0
"250277315001"|0|1|0|0|0|0|0|1|1|0|0|1|1|0|0|NA|NA|NA|NA|NA|0|0|0|0|NA|0
"250277316022"|0|1|1|0|0|0|0|1|1|1|0|0|0|1|0|56000|56000|28980|28980|16544|854|257|872|105948860|121500.986238532|0
"250277318012"|0|1|0|0|0|0|0|1|1|0|0|1|1|0|0|NA|NA|NA|NA|NA|0|0|0|0|NA|0
"250277320023"|0|0|1|0|0|1|0|1|1|1|0|0|0|1|0|NA|NA|25494|37838|NA|11|1|50|6434994|128699.88|0
"250277329021"|0|1|0|0|0|0|0|1|1|1|0|0|0|1|0|57600|57600|NA|NA|16620|752|233|638|67549572|105877.072100313|0
"250277424023"|0|1|0|0|0|0|0|1|1|0|0|1|1|0|0|NA|NA|NA|NA|NA|0|0|0|0|NA|0
"250277431004"|0|1|0|0|0|0|0|1|1|0|0|1|1|0|0|NA|NA|NA|NA|NA|0|0|0|0|NA|0
"250277531003"|0|1|0|0|0|0|0|1|1|0|0|1|1|0|0|NA|NA|NA|NA|NA|0|0|0|0|NA|0
"250277552021"|0|1|1|0|0|0|0|1|1|1|0|0|0|1|0|37150|37150|775|775|14110|124|38|104|9112272|87618|0
"250277561023"|0|1|0|0|0|0|0|1|1|0|0|1|1|0|0|NA|NA|NA|NA|NA|0|0|0|0|NA|0
"260070003004"|0|1|0|0|0|0|0|1|1|1|0|0|0|1|0|7365|7365|NA|NA|7550|62|14|88|7772560|88324.5454545455|0
"260130002002"|0|1|0|0|0|0|1|1|1|1|1|0|1|0|0|3840|3840|NA|NA|NA|25|2|14|713272|50948|0
"260150105001"|0|1|0|0|0|0|0|1|1|0|0|1|1|0|0|8060|11696|NA|NA|6792|0|0|0|0|NA|0
"260172854003"|0|1|0|0|0|0|0|1|1|1|1|0|0|1|0|6150|6420|NA|NA|NA|259|104|330|30773658|93253.5090909091|0
"260172865001"|0|1|0|0|0|0|0|1|1|0|0|1|1|0|0|NA|NA|NA|NA|NA|0|0|0|0|NA|0
"260210011001"|0|1|0|0|0|0|0|1|1|0|0|1|1|0|0|NA|NA|NA|NA|NA|0|0|0|0|NA|0
"260210024002"|0|1|0|0|0|0|0|1|1|1|1|0|0|1|0|7148|7148|NA|NA|13496|126|57|106|9616958|90726.0188679245|0
"260210213003"|0|1|1|0|0|0|0|1|1|1|0|0|0|1|0|31464|31464|26580|26580|9474|363|96|394|24124454|61229.578680203|0
"260250009001"|0|1|0|0|0|0|0|1|1|1|1|0|0|1|0|6203|8228|NA|NA|NA|170|69|172|14799954|86046.2441860465|0
"260250014001"|0|1|0|0|0|0|0|1|1|0|0|1|1|0|0|NA|NA|NA|NA|NA|0|0|0|0|NA|0
"260250018022"|0|1|0|0|0|0|0|1|1|0|0|1|1|0|0|NA|NA|NA|NA|NA|0|0|0|0|NA|0
"260250034001"|0|1|1|0|0|0|0|1|1|1|0|0|0|1|0|54410|54410|30000|30000|12470|260|90|248|16907476|68175.3064516129|0
"260270021004"|0|1|0|0|0|0|0|1|1|1|1|0|0|1|0|5410|5890|NA|NA|9500|100|28|88|5768092|65546.5|0
"260339703001"|0|1|0|0|0|0|0|1|1|1|0|0|0|1|0|13440|13440|NA|NA|11016|201|32|178|11371000|63882.0224719101|0
"260339706022"|0|1|0|0|0|0|1|1|1|1|0|0|1|0|0|2660|2660|NA|NA|NA|58|14|32|1783376|55730.5|0
"260350008003"|0|1|0|0|0|0|0|1|1|1|1|0|0|1|0|8808|8808|NA|NA|NA|86|24|106|8285880|78168.679245283|0
"260399603003"|0|1|0|0|0|0|0|1|1|1|1|0|0|1|0|5820|8100|NA|NA|NA|62|21|44|3344816|76018.5454545455|0
"260419705003"|0|1|0|0|0|0|0|1|1|1|1|0|0|1|0|7657|9362|NA|NA|8024|80|18|76|5664428|74531.9473684211|0
"260450201031"|0|1|0|0|0|0|0|1|1|1|0|0|1|0|0|15750|15750|NA|NA|8600|17|8|16|753024|47064|0
"260450201032"|0|1|0|0|0|0|0|1|1|0|0|1|1|0|0|NA|NA|NA|NA|NA|0|0|0|0|NA|0
"260450211001"|0|1|1|0|0|0|0|1|1|1|0|0|1|0|0|31664|31664|NA|NA|11242|125|49|96|5942658|61902.6875|0
"260479707003"|0|1|0|0|0|0|0|1|1|1|1|0|0|1|0|6870|8910|NA|NA|8680|83|13|66|6317786|95724.0303030303|0
"260490016003"|0|1|1|0|0|0|0|1|1|1|0|0|0|1|0|43935|43935|14582|14582|8930|249|41|198|16917486|85441.8484848485|0
"260490028001"|0|1|1|0|0|0|0|1|1|1|0|0|0|1|0|12234|24450|12740|18376|10628|457|84|520|47607344|91552.5846153846|0
"260490030001"|0|1|0|0|0|0|0|1|1|1|1|0|0|1|0|4446|6336|NA|NA|NA|288|114|244|18457502|75645.5|0
"260490109121"|0|2|0|0|0|0|0|2|2|0|0|2|2|0|0|NA|NA|NA|NA|NA|0|0|0|0|NA|0
"260490111042"|0|1|0|0|0|0|0|1|1|0|0|1|1|0|0|NA|NA|NA|NA|NA|0|0|0|0|NA|0
"260490117113"|0|1|0|0|0|0|0|1|1|0|0|1|1|0|0|NA|NA|NA|NA|NA|0|0|0|0|NA|0
"260539507002"|0|1|0|0|0|0|0|1|1|1|1|0|1|0|0|5921|6820|NA|NA|5600|40|18|62|4236174|68325.3870967742|0
"260555510001"|0|1|0|0|0|0|0|1|1|1|0|0|0|1|0|8364|10880|NA|NA|8275|207|50|158|13570806|85891.1772151899|0
"260570005004"|0|1|1|0|0|0|0|1|1|1|0|0|0|1|0|45346|45346|18720|18720|12624|154|48|170|11486570|67568.0588235294|0
"260590507001"|0|1|1|0|0|0|0|1|1|1|0|0|0|1|0|29590|29590|26000|26000|12500|575|191|314|30281926|96439.2547770701|0
"260590508002"|0|1|0|0|0|0|0|1|1|0|0|1|1|0|0|NA|NA|NA|NA|NA|0|0|0|0|NA|0
"260610006003"|0|1|0|0|0|0|0|1|1|1|0|0|1|0|0|25436|25436|NA|NA|9978|89|23|44|1996102|45365.9545454545|0
"260610008002"|0|1|1|0|0|0|0|1|1|1|0|0|0|1|0|18592|40929|23607|23607|12058|1111|203|786|79966258|101738.24173028|0
"260650006001"|0|1|0|0|0|0|0|1|1|1|1|0|0|1|0|6840|10260|NA|NA|NA|471|179|370|29502688|79736.9945945946|0
"260650041002"|0|1|0|0|0|0|0|1|1|0|0|1|1|0|0|NA|NA|NA|NA|NA|0|0|0|0|NA|0
"260650043022"|0|1|0|0|0|0|0|1|1|0|0|1|1|0|0|NA|NA|NA|NA|NA|0|0|0|0|NA|0
"260650067001"|0|0|1|0|0|0|0|1|1|1|0|0|1|0|0|NA|NA|14440|14440|NA|93|13|66|9413878|142634.515151515|0
"260659800001"|0|1|1|0|0|1|0|1|1|1|0|0|0|0|1|16437|42427|20202|39696|10990|8869|1849|4960|608278514|122636.797177419|0
"260670319004"|0|1|0|0|0|0|0|1|1|0|0|1|1|0|0|NA|NA|NA|NA|NA|0|0|0|0|NA|0
"260730005001"|0|1|1|0|0|1|0|1|1|1|0|0|0|0|1|13253|13253|15942|15942|11248|1192|482|1260|117840752|93524.4063492063|0
"260739403001"|0|1|0|0|0|0|0|1|1|0|0|1|1|0|0|NA|NA|NA|NA|NA|0|0|0|0|NA|0
"260739403002"|0|1|0|0|0|0|1|1|1|1|1|0|1|0|0|1560|1560|NA|NA|NA|16|1|14|800966|57211.8571428571|0
"260739405002"|0|1|0|0|0|0|0|1|1|0|0|1|1|0|0|NA|NA|NA|NA|NA|0|0|0|0|NA|0
"260750052011"|0|1|0|0|0|0|0|1|1|1|0|0|0|1|0|5970|7920|NA|NA|8390|150|33|128|10840466|84691.140625|0
"260750054004"|0|1|1|0|0|0|0|1|1|1|0|0|0|1|0|31020|31020|8198|8198|10652|164|97|152|9439092|62099.2894736842|0
"260770002013"|0|0|1|0|0|1|0|1|1|1|0|0|1|0|0|NA|NA|26400|26400|NA|0|0|0|0|NA|0
"260770005004"|0|1|0|0|0|0|0|1|1|1|0|0|0|1|0|56001|56001|NA|NA|11340|249|94|228|17657676|77445.9473684211|0
"260770015041"|0|1|1|0|0|0|0|1|1|1|0|0|0|0|1|14523|18154|17539|26308|11102|1410|325|1474|140971312|95638.6105834464|0
"260770017011"|0|1|0|0|0|0|0|1|1|0|0|1|1|0|0|NA|NA|NA|NA|NA|0|0|0|0|NA|0
"260770029073"|0|1|0|0|0|0|0|1|1|0|0|1|1|0|0|NA|NA|NA|NA|NA|0|0|0|0|NA|0
"260770030074"|0|1|0|0|0|0|0|1|1|1|1|0|0|1|0|6210|8280|NA|NA|NA|271|62|210|20706556|98602.6476190476|0
"260810020001"|0|1|0|0|0|0|0|1|1|1|1|0|0|0|1|7470|11220|NA|NA|NA|427|163|438|38618238|88169.4931506849|0
"260810020002"|0|1|0|0|0|0|0|1|1|1|0|0|1|0|0|15470|15470|NA|NA|NA|15|7|6|332000|55333.3333333333|0
"260810024003"|0|1|1|0|0|0|0|1|1|1|0|0|0|1|0|36480|36480|11718|11718|10572|156|64|160|9525558|59534.7375|0
"260810044002"|0|1|2|0|0|0|0|2|2|2|0|0|1|1|0|NA|NA|28149|28149|NA|372|199|384|31795524|176193.821978022|0
"260810112003"|0|1|0|0|0|0|0|1|1|1|1|0|1|0|0|NA|NA|NA|NA|NA|4|0|12|421510|35125.8333333333|0
"260810115023"|0|1|0|0|0|0|0|1|1|0|0|1|1|0|0|NA|NA|NA|NA|NA|0|0|0|0|NA|0
"260810118014"|0|1|1|0|0|0|0|1|1|1|0|0|1|0|0|25370|25370|5400|5400|8990|24|8|16|1013504|63344|0
"260810118031"|0|1|1|0|0|0|0|1|1|1|0|0|0|1|0|27580|27580|14160|14160|10520|172|59|118|7033922|59609.5084745763|0
"260810126111"|0|1|0|0|0|0|0|1|1|0|0|1|1|0|0|NA|NA|NA|NA|NA|0|0|0|0|NA|0
"260810127042"|0|1|0|0|0|0|0|1|1|0|0|1|1|0|0|NA|NA|NA|NA|NA|0|0|0|0|NA|0
"260810135003"|0|1|1|0|0|0|0|1|1|1|0|0|0|1|0|14040|14040|11040|11040|8830|70|44|32|1638504|51203.25|0
"260810148112"|0|1|1|0|0|0|0|1|1|1|0|0|0|1|0|21240|21240|17262|17262|10444|333|128|224|17268262|77090.4553571429|0
"260910613011"|0|1|1|0|0|0|0|1|1|1|0|0|0|1|0|28000|28000|12600|12600|12200|169|49|156|9621592|61676.8717948718|0
"260910615004"|0|1|1|0|0|0|0|1|1|1|0|0|0|1|0|38321|38321|18600|18600|12980|199|104|152|11441352|75272.0526315789|0
"260937408001"|0|1|0|0|0|0|0|1|1|0|0|1|1|0|0|NA|NA|NA|NA|NA|0|0|0|0|NA|0
"260937411002"|0|1|0|0|0|0|0|1|1|0|0|1|1|0|0|NA|NA|NA|NA|NA|0|0|0|0|NA|0
"260937424034"|0|1|1|0|0|0|0|1|1|1|0|0|1|0|0|22279|22279|16583|16583|14200|64|10|14|970000|69285.7142857143|0
"260979501002"|0|1|0|0|0|0|0|1|1|0|0|1|1|0|0|21849|21849|NA|NA|NA|0|0|0|0|NA|0
"260992200023"|0|1|0|0|0|0|0|1|1|0|0|1|1|0|0|NA|NA|NA|NA|NA|0|0|0|0|NA|0
"260992280002"|0|0|0|0|0|0|0|1|0|0|0|0|0|0|0|NA|NA|NA|NA|NA|0|0|0|0|NA|0
"260992309022"|0|1|0|0|0|0|0|1|1|0|0|1|1|0|0|NA|NA|NA|NA|NA|0|0|0|0|NA|0
"260992550001"|0|2|0|0|0|0|0|2|2|0|0|1|1|0|0|NA|NA|NA|NA|NA|0|0|0|0|NA|0
"260992610003"|0|1|0|0|0|0|0|1|1|0|0|1|1|0|0|NA|NA|NA|NA|NA|0|0|0|0|NA|0
"260999801001"|0|1|0|0|0|0|0|1|1|1|1|0|0|0|1|5940|7560|NA|NA|NA|462|160|388|35006478|90222.881443299|0
"260999820021"|0|1|0|0|0|0|0|1|1|0|0|1|1|0|0|NA|NA|NA|NA|NA|0|0|0|0|NA|0
"261030005001"|0|1|1|0|0|0|0|1|1|1|0|0|0|1|0|12096|17718|10176|13632|11910|614|195|600|47603320|79338.8666666667|0
"261059502003"|0|1|0|0|0|0|0|1|1|1|1|0|1|0|0|4320|6120|NA|NA|NA|63|15|48|3885684|80951.75|0
"261079813001"|0|1|1|0|0|0|0|1|1|1|0|0|0|0|1|13608|13608|8532|8532|10268|708|209|924|84969542|91958.3787878788|0
"261112904001"|0|1|1|0|0|0|0|1|1|1|0|0|0|1|0|30020|30020|37080|37080|12120|191|78|94|6375816|67827.829787234|0
"261112910003"|0|1|0|0|0|0|0|1|1|0|0|1|1|0|0|NA|NA|NA|NA|NA|0|0|0|0|NA|0
"261158322001"|0|1|0|0|0|0|0|1|1|0|0|1|1|0|0|NA|NA|NA|NA|NA|0|0|0|0|NA|0
"261158324004"|0|1|0|0|0|0|0|1|1|1|1|0|0|1|0|6383|7110|NA|NA|NA|108|35|96|8634924|89947.125|0
"261179708003"|0|1|0|0|0|0|0|1|1|1|1|0|0|1|0|6660|10920|NA|NA|NA|56|17|62|5396244|87036.1935483871|0
"261210001001"|0|1|0|0|0|0|0|1|1|1|1|0|0|1|0|9360|13080|NA|NA|NA|130|54|152|15708894|103347.986842105|0
"261210022004"|0|1|0|0|0|0|0|1|1|0|0|1|1|0|0|NA|NA|NA|NA|NA|0|0|0|0|NA|0
"261210024002"|0|1|0|0|0|0|0|1|1|0|0|1|1|0|0|NA|NA|NA|NA|NA|0|0|0|0|NA|0
"261251441001"|0|1|0|0|0|0|0|1|1|0|0|1|1|0|0|NA|NA|NA|NA|NA|0|0|0|0|NA|0
"261251441004"|0|1|0|0|0|0|0|1|1|0|0|1|1|0|0|NA|NA|NA|NA|NA|0|0|0|0|NA|0
"261251448002"|0|1|0|0|0|0|0|1|1|0|0|1|1|0|0|NA|NA|NA|NA|NA|0|0|0|0|NA|0
"261251520001"|0|0|1|0|0|0|0|1|1|1|0|0|1|0|0|NA|NA|41450|41450|NA|29|3|22|1924676|87485.2727272727|0
"261251520004"|0|1|0|0|0|0|0|1|1|1|1|0|0|0|1|5180|5180|NA|NA|NA|451|177|408|39209510|96101.7401960784|0
"261251610002"|0|1|0|0|0|0|0|1|1|0|0|1|1|0|0|NA|NA|NA|NA|NA|0|0|0|0|NA|0
"261251616001"|0|1|0|0|0|0|0|1|1|1|0|0|1|0|0|21546|21546|NA|NA|NA|16|3|10|914500|91450|0
"261251616002"|0|1|1|0|0|0|0|1|1|1|0|0|0|1|0|38370|38370|18774|18774|11320|229|90|232|18374070|79198.5775862069|0
"261251620002"|0|1|0|0|0|0|0|1|1|0|0|1|1|0|0|NA|NA|NA|NA|NA|0|0|0|0|NA|0
"261251621001"|0|1|0|0|0|0|0|1|1|0|0|1|0|0|0|NA|NA|NA|NA|NA|0|0|0|0|NA|0
"261251623001"|0|1|0|0|0|0|0|1|1|0|0|1|1|0|0|NA|NA|NA|NA|NA|0|0|0|0|NA|0
"261251666003"|0|1|0|0|0|0|0|1|1|0|0|1|1|0|0|NA|NA|NA|NA|NA|0|0|0|0|NA|0
"261251670007"|0|0|1|0|0|0|0|1|1|1|0|0|1|0|0|NA|NA|34827|34827|NA|18|4|26|2505012|96346.6153846154|0
"261251714003"|0|1|1|0|0|0|0|1|1|1|0|0|1|0|0|8500|8500|5000|5000|5000|5|0|12|622000|51833.3333333333|0
"261251810012"|0|1|0|0|0|0|0|1|1|1|1|0|1|0|0|29280|29280|NA|NA|NA|27|4|32|1685402|52668.8125|0
"261251832004"|0|1|0|0|0|0|0|1|1|0|0|1|1|0|0|NA|NA|NA|NA|NA|0|0|0|0|NA|0
"261251845002"|0|1|0|0|0|0|0|1|1|0|0|1|1|0|0|NA|NA|NA|NA|NA|0|0|0|0|NA|0
"261251933004"|0|1|1|0|0|0|0|1|1|1|0|0|0|1|0|26736|26736|11034|11034|9440|84|24|76|4318060|56816.5789473684|0
"261251970002"|0|1|1|0|0|0|0|1|1|1|0|0|0|1|0|20232|20232|16632|16632|NA|83|27|30|3533930|117797.666666667|0
"261251972002"|0|1|0|0|0|0|0|1|1|0|0|1|1|0|0|NA|NA|NA|NA|NA|0|0|0|0|NA|0
"261251974002"|0|1|0|0|0|0|0|1|1|0|0|1|1|0|0|14660|14660|NA|NA|NA|0|0|0|0|NA|0
"261251976002"|0|2|0|0|0|0|0|2|2|1|0|1|2|0|0|NA|NA|NA|NA|NA|0|0|0|0|NA|0
"261259813001"|0|1|1|0|0|1|0|1|1|1|0|0|0|0|1|15723|24735|20016|24648|11192|1038|368|1198|107911430|90076.3188647746|0
"261390211002"|0|1|0|0|0|0|0|1|1|0|0|1|1|0|0|NA|NA|NA|NA|NA|0|0|0|0|NA|0
"261390222071"|0|1|0|0|0|0|0|1|1|0|0|1|1|0|0|NA|NA|NA|NA|NA|0|0|0|0|NA|0
"261390245023"|0|1|1|0|0|0|0|1|1|1|0|0|0|0|1|14302|20198|18456|18456|10140|1371|563|2238|200913084|89773.4959785523|0
"261390249021"|0|1|1|0|0|0|0|2|2|2|0|0|1|1|0|NA|NA|NA|NA|NA|490|173|534|41381632|163537.526518219|0
"261450102001"|0|1|1|0|0|0|0|1|1|1|0|0|0|1|0|11565|27164|16362|30778|11400|470|160|530|40292212|76023.041509434|0
"261450103042"|0|2|0|0|0|0|0|2|2|0|0|2|2|0|0|NA|NA|NA|NA|NA|0|0|0|0|NA|0
"261476240002"|0|1|0|0|0|0|0|1|1|0|0|1|1|0|0|NA|NA|NA|NA|NA|0|0|0|0|NA|0
"261476250014"|0|1|0|0|0|0|0|1|1|1|1|0|0|1|0|9300|12990|NA|NA|12850|112|43|134|11555158|86232.5223880597|0
"261476290001"|0|1|0|0|0|0|0|1|1|0|0|1|1|0|0|NA|NA|NA|NA|NA|0|0|0|0|NA|0
"261476360001"|0|1|0|0|0|0|0|1|1|0|0|1|1|0|0|NA|NA|NA|NA|NA|0|0|0|0|NA|0
"261490413013"|0|1|0|0|0|0|0|1|1|1|1|0|0|1|0|4704|5568|NA|NA|9850|58|12|48|3610744|75223.8333333333|0
"261550308002"|0|1|1|0|0|0|0|1|1|1|0|0|0|1|0|12460|12460|12510|12510|6600|212|36|210|13924100|66305.2380952381|0
"261614023002"|0|1|1|0|0|0|0|1|1|1|0|0|0|1|0|32770|32770|14166|14166|12160|123|41|130|9908700|76220.7692307692|0
"261614060002"|0|1|0|0|0|0|0|1|1|1|1|0|0|0|1|4056|5736|NA|NA|NA|343|86|302|30656608|101511.947019868|0
"261614140002"|0|1|0|0|0|0|0|1|1|0|0|1|1|0|0|NA|NA|NA|NA|NA|0|0|0|0|NA|0
"261619801011"|0|1|1|0|1|1|0|1|1|1|0|0|0|0|1|17454|56941|25894|52124|13171|11988|2092|7870|973918834|123750.804828463|0
"261619805001"|0|1|1|0|0|0|0|1|1|1|0|0|0|0|1|14500|14500|16857|29277|11396|817|249|1212|111378478|91896.4339933993|0
"261635173002"|0|1|1|0|0|0|0|1|1|1|0|0|1|0|0|NA|NA|12480|12480|NA|7|2|2|96000|48000|0
"261635180002"|0|1|1|0|0|0|0|1|1|1|0|0|0|1|0|48030|48030|50160|50160|8850|203|76|98|10142232|103492.163265306|0
"261635202002"|0|1|1|0|0|1|0|1|1|1|0|0|0|0|1|14140|32457|17682|38299|11321|2433|301|1924|209612576|108946.245322245|0
"261635208001"|0|1|0|0|0|0|0|1|1|1|1|0|0|0|1|2839|3574|NA|NA|NA|424|118|136|10666046|78426.8088235294|0
"261635211002"|0|1|0|0|0|0|0|1|1|0|0|1|1|0|0|NA|NA|NA|NA|NA|0|0|0|0|NA|0
"261635302003"|0|1|1|0|0|1|0|1|1|1|0|0|0|1|0|31058|31058|21626|21626|10444|520|166|652|61733822|94683.7760736196|0
"261635311001"|0|1|1|0|0|0|0|1|1|1|0|0|1|0|0|22157|22157|32121|32121|11665|31|5|38|2407816|63363.5789473684|0
"261635334001"|0|1|0|0|0|0|0|1|1|0|0|1|1|0|0|NA|NA|NA|NA|NA|0|0|0|0|NA|0
"261635343001"|0|1|0|0|0|0|0|1|1|0|0|1|1|0|0|NA|NA|NA|NA|NA|0|0|0|0|NA|0
"261635361003"|0|1|0|0|0|0|0|1|1|0|0|1|1|0|0|NA|NA|NA|NA|NA|0|0|0|0|NA|0
"261635457001"|0|1|0|0|0|0|0|1|1|0|0|1|1|0|0|20400|20400|NA|NA|NA|0|0|0|0|NA|0
"261635565001"|0|1|0|0|0|0|0|1|1|1|0|0|0|1|0|4888|6890|NA|NA|NA|318|59|178|17708726|99487.2247191011|0
"261635636001"|0|1|0|0|0|0|0|1|1|0|0|1|1|0|0|NA|NA|NA|NA|NA|0|0|0|0|NA|0
"261635641003"|0|1|0|0|0|0|0|1|1|0|0|1|1|0|0|NA|NA|NA|NA|NA|0|0|0|0|NA|0
"261635665001"|0|1|0|0|0|0|0|1|1|0|0|1|1|0|0|29280|29280|NA|NA|NA|0|0|0|0|NA|0
"261635799004"|0|2|1|0|0|0|0|2|2|2|0|0|0|1|1|18432|35736|NA|NA|NA|792|184|1018|103024952|204320.906143404|0
"261635812001"|0|1|0|0|0|0|0|1|1|0|0|1|1|0|0|NA|NA|NA|NA|NA|0|0|0|0|NA|0
"261635833001"|0|1|0|0|0|0|0|1|1|0|0|1|1|0|0|NA|NA|NA|NA|NA|0|0|0|0|NA|0
"261635846003"|0|1|0|0|0|0|0|1|1|0|0|1|1|0|0|NA|NA|NA|NA|NA|0|0|0|0|NA|0
"261635859001"|0|2|0|0|0|0|0|2|2|0|0|2|0|0|0|NA|NA|NA|NA|NA|0|0|0|0|NA|0
"261635930014"|0|1|0|0|0|0|0|1|1|0|0|1|1|0|0|29280|29280|NA|NA|NA|0|0|0|0|NA|0
"261635952011"|0|1|0|0|0|0|0|1|1|0|0|1|1|0|0|NA|NA|NA|NA|NA|0|0|0|0|NA|0
"261639834001"|0|1|1|0|0|0|0|1|1|1|0|0|0|1|0|26100|26100|16830|16830|12250|133|23|178|12246226|68799.0224719101|0
"261653807003"|0|1|0|0|0|0|0|1|1|0|0|1|1|0|0|NA|NA|NA|NA|NA|0|0|0|0|NA|0
"270030502233"|0|0|0|0|0|0|0|1|0|0|0|0|0|0|0|NA|NA|NA|NA|NA|0|0|0|0|NA|0
"270030504012"|0|1|0|0|0|0|0|1|1|1|1|0|0|1|0|5500|5500|NA|NA|NA|36|9|104|7711752|74151.4615384615|0
"270030506051"|0|1|0|0|0|0|0|1|1|1|1|0|0|1|0|4915|4915|NA|NA|NA|176|46|252|18955914|75221.8809523809|0
"270030510022"|0|1|0|0|0|0|0|1|1|0|0|1|1|0|0|NA|NA|NA|NA|NA|0|0|0|0|NA|0
"270074501021"|0|1|0|0|0|0|0|1|1|1|0|0|1|0|0|17760|17760|NA|NA|9200|15|1|16|686106|42881.625|0
"270074506004"|0|1|1|0|0|0|0|1|1|1|0|0|0|1|0|8994|8994|8909|8909|9572|255|81|330|27055626|81986.7454545455|0
"270074507062"|0|1|0|0|0|0|0|1|1|1|1|0|1|0|0|5896|5896|NA|NA|NA|14|1|44|3059136|69525.8181818182|0
"270079400011"|0|1|0|0|0|0|1|1|1|1|1|0|1|0|0|5790|5790|NA|NA|NA|26|2|14|872972|62355.1428571429|0
"270131706002"|0|1|1|0|0|0|0|1|1|1|0|0|1|0|0|28330|28330|9900|9900|8270|80|24|88|5679258|64537.0227272727|0
"270131711012"|0|1|1|0|0|0|0|1|1|1|0|0|0|0|1|8356|17726|8836|13256|10606|703|220|960|87646676|91298.6208333333|0
"270159602003"|0|1|1|0|0|0|0|1|1|1|0|0|1|0|0|17420|17420|5400|5400|6880|59|21|168|9808684|58385.0238095238|0
"270170702002"|0|1|0|0|0|0|1|1|1|1|0|0|0|1|0|5418|5418|NA|NA|8140|48|12|48|3427196|71399.9166666667|0
"270190904012"|0|1|1|0|0|0|0|1|1|1|0|0|0|1|0|28360|28360|10620|10620|9950|76|26|50|3492276|69845.52|0
"270219400022"|0|1|0|0|0|0|1|1|1|1|1|0|1|0|0|3888|3888|NA|NA|NA|37|7|34|1690024|49706.5882352941|0
"270251105031"|0|0|1|0|0|0|0|1|1|1|0|0|1|0|0|NA|NA|25568|25568|NA|9|2|10|841216|84121.6|0
"270270204002"|0|1|1|0|0|0|0|1|1|1|0|0|0|1|0|28400|28400|9638|9638|10510|342|107|250|17433852|69735.408|0
"270270204003"|0|1|1|0|0|0|0|1|1|1|0|0|0|1|0|8838|17674|10292|10292|10104|277|88|342|29727914|86923.7251461988|0
"270359513033"|0|1|0|0|0|0|0|1|1|1|1|0|0|1|0|5424|5424|NA|NA|NA|86|19|156|11514838|73813.0641025641|0
"270370605071"|0|1|0|0|0|0|0|1|1|1|1|0|0|1|0|5420|5420|NA|NA|NA|102|18|140|10433730|74526.6428571429|0
"270370610032"|0|1|0|0|0|0|0|1|1|1|1|0|0|1|0|5759|5759|NA|NA|NA|100|19|114|8369854|73419.7719298246|0
"270370611091"|0|1|0|0|0|0|0|1|1|0|0|1|1|0|0|NA|NA|NA|NA|NA|0|0|0|0|NA|0
"270414507031"|0|1|0|0|0|0|0|1|1|1|1|0|0|1|0|5478|5478|NA|NA|NA|69|16|130|9626978|74053.6769230769|0
"270530059013"|0|1|1|0|0|0|0|1|1|1|0|0|1|0|0|6944|6944|9500|9500|7000|14|5|28|1849296|66046.2857142857|0
"270530222005"|0|1|1|0|0|0|0|1|1|1|0|0|1|0|0|11820|11820|9520|9520|NA|19|4|48|4139176|86232.8333333333|0
"270530256013"|0|1|0|0|0|0|0|1|1|1|0|0|1|0|0|17557|17557|NA|NA|NA|12|11|4|242052|60513|0
"270530256031"|0|1|1|0|0|0|0|1|1|1|0|0|0|1|0|10032|10032|11118|11118|NA|121|25|124|9036636|72876.0967741935|0
"270530257032"|0|1|0|0|0|0|0|1|1|1|1|0|0|1|0|5347|5347|NA|NA|NA|245|35|286|21525128|75262.6853146853|0
"270530259072"|0|1|1|0|0|0|0|1|1|1|0|0|1|0|0|16110|16110|7700|7700|8670|61|16|6|343000|57166.6666666667|0
"270530261041"|0|0|1|0|0|0|0|1|1|1|0|0|1|0|0|NA|NA|11790|11790|NA|15|5|24|1958322|81596.75|0
"270530266172"|0|1|0|0|0|0|0|1|1|0|0|1|1|0|0|NA|NA|NA|NA|NA|0|0|0|0|NA|0
"270530268077"|0|1|0|0|0|0|0|1|1|1|1|0|0|1|0|5341|5341|NA|NA|NA|154|27|196|14190246|72399.2142857143|0
"270530268162"|0|1|0|0|0|0|0|1|1|1|1|0|0|1|0|4502|4502|NA|NA|NA|147|28|170|12701362|74713.8941176471|0
"270531034003"|0|1|0|0|0|0|0|1|1|0|0|1|1|0|0|NA|NA|NA|NA|NA|0|0|0|0|NA|0
"270531037004"|0|1|0|0|0|0|0|1|1|0|0|1|1|0|0|NA|NA|NA|NA|NA|0|0|0|0|NA|0
"270531048022"|0|1|1|0|0|0|0|1|1|1|0|0|0|1|0|41284|41284|13732|13732|11559|294|109|318|24743872|77810.9182389937|0
"270531049011"|0|1|1|0|0|1|0|1|1|1|0|0|0|0|1|14006|33246|18468|28578|11894|11730|2250|4806|600095524|124863.821057012|0
"270531052012"|0|1|0|0|0|0|0|1|1|1|1|0|0|1|0|5264|5264|NA|NA|NA|199|38|208|15857640|76238.6538461538|0
"270531054003"|0|1|1|0|0|0|0|1|1|1|0|0|1|0|0|27140|27140|10260|10260|8940|108|44|82|5082000|61975.6097560976|0
"270531055003"|0|1|0|0|0|0|0|1|1|1|0|0|0|1|0|22610|22610|NA|NA|13840|98|31|168|14170062|84345.6071428571|0
"270531069003"|0|1|1|0|0|0|0|1|1|1|0|0|1|0|0|42110|42110|42110|42110|7290|107|12|74|5112524|69088.1621621622|0
"270531255002"|0|1|0|0|0|0|0|1|1|0|0|1|1|0|0|NA|NA|NA|NA|NA|0|0|0|0|NA|0
"270531261013"|0|1|1|0|0|0|0|1|1|1|0|0|0|0|1|10552|10552|9902|9902|NA|832|19|470|41741116|88810.885106383|0
"270531261021"|0|1|1|0|0|0|0|1|1|1|0|0|0|0|1|14328|14328|14826|14826|NA|927|401|360|31685252|88014.5888888889|0
"270531261025"|0|1|0|0|0|0|0|1|1|1|0|0|1|0|0|15660|15660|NA|NA|NA|0|0|0|0|NA|0
"270614809024"|0|1|0|0|0|0|0|1|0|0|0|0|0|0|0|NA|NA|NA|NA|NA|0|0|0|0|NA|0
"270677805002"|0|1|0|0|0|0|0|1|1|1|1|0|0|1|0|5473|5473|NA|NA|NA|94|25|178|12889918|72415.2696629213|0
"270717902011"|0|1|0|0|0|0|0|1|0|0|0|0|0|0|0|NA|NA|NA|NA|NA|0|0|0|0|NA|0
"270833605002"|0|1|1|0|0|0|0|1|1|1|0|0|0|1|0|8840|8840|8748|8748|9258|162|56|204|18386394|90129.3823529412|0
"270879401003"|0|1|0|0|0|0|1|1|1|1|1|0|1|0|0|4080|4080|NA|NA|7175|38|12|8|463512|57939|0
"270990002001"|0|1|0|0|0|0|0|1|1|1|1|0|0|1|0|5585|5585|NA|NA|NA|96|23|118|8530640|72293.5593220339|0
"271034804003"|0|1|0|0|0|0|0|1|1|1|0|0|0|1|0|52490|52490|NA|NA|11010|347|141|366|25955526|70916.737704918|0
"271034805011"|0|1|0|0|0|0|0|1|1|1|1|0|0|1|0|5490|5490|NA|NA|NA|109|23|152|10970752|72176|0
"271051054001"|0|1|0|0|0|0|0|1|1|0|0|1|1|0|0|NA|NA|NA|NA|NA|0|0|0|0|NA|0
"271090001001"|0|2|1|0|0|1|0|2|2|2|0|0|1|1|0|23150|23150|NA|NA|NA|148|64|82|6020512|NA|0
"271090002003"|0|1|0|0|0|0|0|1|1|1|1|0|0|1|0|5053|5053|NA|NA|NA|120|27|192|14870406|77450.03125|0
"271090017032"|0|1|0|0|0|0|0|1|1|0|0|1|1|0|0|NA|NA|NA|NA|NA|0|0|0|0|NA|0
"271119609001"|0|1|0|0|0|0|0|1|1|1|1|0|0|1|0|5424|5424|NA|NA|6724|134|35|222|16348012|73639.6936936937|0
"271130902001"|0|1|0|0|0|0|0|1|1|1|1|0|0|1|0|5627|5627|NA|NA|NA|66|16|150|10923624|72824.16|0
"271159507002"|0|1|0|0|0|0|0|1|1|1|1|0|0|1|0|4178|8356|NA|NA|NA|41|17|42|3058930|72831.6666666667|0
"271190206002"|0|1|0|0|0|0|0|1|1|1|0|0|0|1|0|11362|11362|NA|NA|9792|156|68|120|9113198|75943.3166666667|0
"271230301001"|0|0|1|0|0|0|0|1|1|1|0|0|1|0|0|NA|NA|19000|19000|NA|77|6|48|4136500|86177.0833333333|0
"271230321001"|0|1|1|0|0|0|0|1|1|1|0|0|0|1|0|45540|45540|10321|10321|11213|224|49|232|17296286|74552.9568965517|0
"271230331002"|0|1|1|0|0|0|0|1|1|1|0|0|0|1|0|8571|8571|9828|9828|NA|306|67|298|27986406|93914.1140939597|0
"271230332003"|0|0|1|0|0|0|0|1|1|1|0|0|1|0|0|NA|NA|12564|12564|NA|13|3|14|928364|66311.7142857143|0
"271230334004"|0|1|1|0|0|0|0|1|1|1|0|0|0|1|0|24400|24400|8550|8550|10200|172|66|190|15734686|82814.1368421053|0
"271230340001"|0|1|0|0|0|0|0|1|1|1|1|0|0|1|0|5486|5486|NA|NA|NA|158|26|226|16524412|73116.8672566372|0
"271230342016"|0|1|1|0|0|0|0|1|1|0|0|0|0|0|0|NA|NA|NA|NA|NA|296|55|0|0|NA|0
"271230349004"|0|1|1|0|0|0|0|1|1|1|0|0|0|1|0|48930|48930|26619|26619|12587|1005|286|800|82140668|102675.835|0
"271230351003"|0|1|0|0|0|0|0|1|1|1|0|0|0|1|0|62270|62270|NA|NA|14000|428|116|390|39654132|101677.261538462|0
"271230363004"|0|1|1|0|0|0|0|1|1|1|0|0|0|1|0|36600|36600|17550|17550|9900|385|146|454|32984396|72652.8546255507|0
"271230408051"|0|1|1|0|0|0|0|1|1|1|0|0|0|1|0|41110|41110|11981|11981|11490|356|171|338|25618882|75795.5088757396|0
"271230413021"|0|1|1|0|0|0|0|1|1|1|0|0|0|1|0|34490|34490|9360|9360|10644|277|75|136|8466690|62255.0735294118|0
"271230418002"|0|0|1|0|0|0|0|1|1|1|0|0|1|0|0|NA|NA|15600|15600|NA|5|0|14|180320|12880|0
"271230429001"|0|0|1|0|0|0|0|1|1|1|0|0|0|1|0|NA|NA|36020|36020|NA|138|48|98|11779958|120203.653061224|0
"271310705011"|0|1|0|0|0|0|0|1|1|1|0|0|0|1|0|62244|62244|NA|NA|15990|387|85|478|57152516|119565.933054393|0
"271310706023"|0|1|0|0|0|0|0|1|1|1|0|0|0|1|0|54650|54650|NA|NA|12450|378|86|444|35665220|80327.0720720721|0
"271370004003"|0|1|1|0|0|0|0|1|1|1|0|0|0|1|0|38750|38750|13551|13551|10996|280|100|328|25415830|77487.2865853659|0
"271370019003"|0|1|0|0|0|0|0|1|1|0|0|1|1|0|0|NA|NA|NA|NA|NA|0|0|0|0|NA|0
"271370023001"|0|1|0|0|0|0|0|1|1|1|1|0|0|1|0|5615|5615|NA|NA|NA|87|18|146|10363924|70985.7808219178|0
"271370124005"|0|1|0|0|0|0|0|1|1|1|1|0|0|1|0|5374|6672|NA|NA|8066|130|25|214|15314604|71563.570093458|0
"271370130001"|0|1|0|0|0|0|0|1|0|0|0|0|0|0|0|NA|NA|NA|NA|NA|0|0|0|0|NA|0
"271370133002"|0|0|0|0|0|0|0|1|0|0|0|0|0|0|0|NA|NA|NA|NA|NA|0|0|0|0|NA|0
"271370153005"|0|1|0|0|0|0|0|1|0|0|0|0|0|0|0|NA|NA|NA|NA|NA|0|0|0|0|NA|0
"271370157003"|0|1|1|0|0|1|0|1|1|1|0|0|0|1|0|12638|18028|18468|28578|9638|900|248|922|72720208|78872.2429501085|0
"271450003031"|0|1|0|0|0|0|0|1|1|0|0|1|1|0|0|NA|NA|NA|NA|NA|0|0|0|0|NA|0
"271450005023"|0|1|1|0|0|0|0|1|1|1|0|0|0|1|0|11817|11817|3667|3667|NA|183|18|146|13908990|95267.0547945205|0
"271450009011"|0|1|0|0|0|0|0|1|1|1|1|0|0|1|0|5391|5391|NA|NA|NA|103|24|166|12325482|74249.8915662651|0
"271450113052"|0|1|1|0|0|0|0|1|1|1|0|0|0|1|0|50950|50950|17730|17730|11890|288|100|242|19331310|79881.4462809917|0
"271450113071"|0|1|1|0|0|0|0|1|1|1|0|0|0|1|0|50950|50950|14910|14910|11922|266|60|234|18907132|80799.7094017094|0
"271450116002"|0|1|1|0|0|0|0|1|1|1|0|0|0|0|1|8811|18695|9127|13549|9950|466|122|692|64337242|92972.8930635838|0
"271494802003"|0|1|0|0|0|0|0|1|1|1|0|0|0|1|0|12804|14934|NA|NA|9522|202|92|200|13845454|69227.27|0
"271630703034"|0|1|0|0|0|0|0|1|1|1|1|0|0|1|0|5475|5475|NA|NA|NA|214|41|274|21074088|76912.7299270073|0
"271630710013"|0|1|0|0|0|0|0|1|1|0|0|1|1|0|0|NA|NA|NA|NA|NA|0|0|0|0|NA|0
"271696703021"|0|1|1|0|0|0|0|1|1|1|0|0|0|1|0|40520|40520|11835|11835|10220|345|117|164|11104700|67711.5853658537|0
"271696705005"|0|1|1|0|0|0|0|1|1|1|0|0|0|1|0|8388|15120|8320|12560|9654|323|97|562|49216680|87574.1637010676|0
"271696707002"|0|1|0|0|0|0|0|1|1|1|1|0|0|1|0|6280|6280|NA|NA|NA|41|4|86|6305796|73323.2093023256|0
"271739701003"|0|1|0|0|0|0|0|1|1|1|1|0|0|1|0|5848|11696|NA|NA|6500|63|11|148|10673124|72115.7027027027|0
"280039503003"|0|1|0|0|0|0|0|1|1|0|0|1|1|0|0|NA|NA|NA|NA|NA|0|0|0|0|NA|0
"280119506023"|0|1|1|0|0|0|0|1|1|1|0|0|0|1|0|8435|8435|8435|8435|8317|335|98|254|17015974|66992.0236220472|0
"280119507011"|0|1|0|0|0|0|0|1|1|0|0|1|1|0|0|NA|NA|NA|NA|NA|0|0|0|0|NA|0
"280219503001"|0|1|1|1|0|0|0|1|1|1|0|0|0|1|0|7869|7869|8174|8174|10255|408|185|244|15226058|62401.8770491803|0
"280279502001"|0|1|0|1|0|0|0|1|1|1|1|0|0|1|0|3200|3200|NA|NA|4920|138|63|138|7739614|56084.1594202899|0
"280299505012"|0|1|0|0|0|0|0|1|1|1|1|0|0|1|0|3200|5200|NA|NA|4400|249|83|192|10031700|52248.4375|0
"280330703101"|0|1|0|0|0|0|0|1|1|0|0|1|0|1|0|NA|NA|NA|NA|NA|0|0|0|0|NA|0
"280330705221"|0|1|0|0|0|0|0|1|1|1|1|0|1|0|0|NA|NA|NA|NA|NA|23|10|10|447472|44747.2|0
"280350003001"|0|1|0|0|0|0|0|1|1|0|0|1|1|0|0|NA|NA|NA|NA|NA|0|0|0|0|NA|0
"280350006021"|0|1|1|0|0|1|0|1|1|1|0|0|0|1|0|13500|13500|12312|12312|7463|260|112|320|22006400|68770|0
"280350007002"|0|1|0|0|0|0|0|1|1|0|0|1|1|0|0|NA|NA|NA|NA|NA|0|0|0|0|NA|0
"280350009002"|0|1|1|0|0|0|0|1|1|1|0|0|0|0|1|9340|11340|9340|11340|11338|1430|378|1344|105682732|78632.9851190476|0
"280439503002"|0|1|0|0|0|0|0|1|1|0|0|1|1|0|0|NA|NA|NA|NA|NA|0|0|0|0|NA|0
"280470019002"|0|1|0|0|0|0|0|1|1|0|0|1|1|0|0|NA|NA|NA|NA|NA|0|0|0|0|NA|0
"280470032081"|0|1|0|0|0|0|0|1|1|0|0|1|1|0|0|NA|NA|NA|NA|NA|0|0|0|0|NA|0
"280490001001"|0|1|0|0|0|0|0|1|1|0|0|1|1|0|0|NA|NA|NA|NA|NA|0|0|0|0|NA|0
"280490014001"|0|2|1|0|0|0|0|2|2|0|0|0|0|0|0|NA|NA|NA|NA|NA|109|18|0|0|NA|0
"280490015001"|0|1|1|0|0|0|0|1|1|1|0|0|0|1|0|27980|27980|10710|10710|9100|230|59|158|10626718|67257.7088607595|0
"280490016002"|0|1|1|0|0|0|0|1|1|1|0|0|1|0|0|40940|40940|23568|23568|14210|142|76|132|9965604|75497|0
"280490027002"|0|1|1|0|0|0|0|1|1|1|0|0|1|0|0|13320|13320|14940|14940|NA|0|0|0|0|NA|0
"280490104001"|0|2|1|0|0|0|0|2|2|1|0|1|1|1|0|NA|NA|NA|NA|NA|271|128|384|28726690|NA|0
"280490107002"|0|1|0|0|0|0|0|1|1|1|1|0|0|1|0|3500|6550|NA|NA|4800|677|227|758|36325530|47922.8627968338|0
"280490110022"|0|1|0|0|0|0|0|1|1|0|0|1|1|0|0|NA|NA|NA|NA|NA|0|0|0|0|NA|0
"280490115002"|0|1|1|1|0|0|0|1|1|1|0|0|0|1|0|8270|8270|8270|8270|10445|667|328|624|45191964|72423.0192307692|0
"280519505012"|0|1|0|0|0|0|0|1|1|1|1|0|0|1|0|2700|5400|NA|NA|3450|214|74|276|17144350|62117.2101449275|0
"280579503002"|0|1|0|0|0|0|0|1|1|1|1|0|0|1|0|2900|5100|NA|NA|3875|257|83|262|18002732|68712.7175572519|0
"280679504024"|0|1|0|0|0|0|0|1|1|1|0|0|1|0|0|6000|6000|NA|NA|3000|12|2|0|0|NA|0
"280679506021"|0|1|0|0|0|0|0|1|1|0|0|1|1|0|0|NA|NA|NA|NA|NA|0|0|0|0|NA|0
"280679510003"|0|1|0|0|0|0|0|1|1|1|1|0|0|1|0|3750|5750|NA|NA|4710|202|95|244|14497624|59416.4918032787|0
"280690301001"|0|1|0|0|0|0|0|1|1|1|1|0|0|1|0|3500|6500|NA|NA|5340|188|82|228|13322490|58431.9736842105|0
"280719503012"|0|1|1|0|1|1|0|1|1|1|0|0|0|0|1|9072|26292|9072|26294|11490|7573|1546|2194|212712842|96952.0701914312|0
"280750008002"|0|1|0|0|0|0|0|1|1|1|1|0|0|1|0|3552|5552|NA|NA|5680|186|73|236|12722456|53908.7118644068|0
"280839503003"|0|1|1|1|0|0|0|1|1|1|0|0|0|1|0|7394|7394|8046|8046|8112|253|87|188|11140730|59259.2021276596|0
"280870007004"|0|1|1|0|0|0|0|1|1|1|0|0|0|1|0|7766|7766|7766|7766|8212|203|94|276|17294698|62661.9492753623|0
"280890301052"|0|1|1|1|0|0|0|1|1|1|0|0|1|0|0|10258|10258|10134|10134|6400|129|45|88|4018270|45662.1590909091|0
"280890301122"|0|1|1|0|0|0|0|1|1|1|0|0|1|0|0|9000|9000|12000|12000|NA|10|0|10|715000|71500|0
"280939504023"|0|1|0|1|0|0|0|1|1|1|0|0|1|0|0|9900|9900|NA|NA|5200|85|30|70|3517516|50250.2285714286|0
"280959508004"|0|1|0|0|0|0|0|1|1|0|0|1|1|0|0|NA|NA|NA|NA|NA|0|0|0|0|NA|0
"281010503011"|0|1|0|0|0|0|0|1|1|1|1|0|0|1|0|3260|5360|NA|NA|3894|137|45|164|8721006|53176.8658536585|0
"281059501012"|0|1|1|0|0|1|0|1|1|1|0|0|0|0|1|9248|25294|9398|25444|10964|3837|838|2068|187858956|90840.8878143133|0
"281099503002"|0|1|0|0|0|0|0|1|1|1|1|0|0|1|0|3250|5250|NA|NA|4900|220|84|338|19957018|59044.4319526627|0
"281139502002"|0|1|0|0|0|0|0|1|1|1|1|0|0|1|0|3200|5900|NA|NA|4350|127|38|134|7363322|54950.1641791045|0
"281159503002"|0|1|0|0|0|0|0|1|1|0|0|1|1|0|0|NA|NA|NA|NA|NA|0|0|0|0|NA|0
"281179503012"|0|1|0|0|0|0|0|1|1|1|1|0|0|1|0|3650|6930|NA|NA|4130|216|97|232|12929672|55731.3448275862|0
"281210207055"|0|1|0|0|0|0|0|1|1|0|0|1|1|0|0|NA|NA|NA|NA|NA|0|0|0|0|NA|0
"281310202051"|0|1|0|0|0|0|0|1|1|1|1|0|0|1|0|3300|6600|NA|NA|5500|387|167|598|33363572|55791.9264214047|0
"281339505001"|0|1|0|0|0|0|0|1|1|1|1|0|0|1|0|3290|5890|NA|NA|4600|129|33|182|10003496|54964.2637362637|0
"281379504002"|0|1|0|0|0|0|0|1|1|1|1|0|0|1|0|3200|3200|NA|NA|4250|323|74|400|22819598|57048.995|0
"281399502021"|0|1|0|0|0|0|0|1|1|0|0|1|1|0|0|NA|NA|NA|NA|NA|0|0|0|0|NA|0
"281399504021"|0|1|1|0|0|0|0|1|1|1|0|0|1|0|0|19120|19120|12386|12386|8452|69|40|86|4905198|57037.1860465116|0
"290019504003"|0|1|0|0|0|0|0|1|1|0|0|1|1|0|0|NA|NA|NA|NA|NA|0|0|0|0|NA|0
"290019505012"|0|0|1|0|0|1|0|1|1|1|0|0|0|1|0|NA|NA|37062|37062|NA|483|122|352|43330352|123097.590909091|0
"290019510001"|0|1|1|0|0|0|0|1|1|1|0|0|0|1|0|8690|16712|9960|9960|9936|341|147|498|33160488|66587.3253012048|0
"290190002002"|0|1|1|0|0|0|0|1|1|1|0|0|1|0|0|24586|24586|8910|8910|11488|109|17|82|6335876|77266.7804878049|0
"290190005002"|0|2|2|0|1|1|0|2|2|1|0|0|0|0|1|NA|NA|NA|NA|NA|5463|1406|2784|303697888|NA|0
"290190013003"|0|1|0|0|0|0|0|1|1|0|0|1|1|0|0|NA|NA|NA|NA|NA|0|0|0|0|NA|0
"290190021002"|0|1|1|0|0|0|0|1|1|1|0|0|0|1|0|12140|12140|8826|8826|8670|490|184|130|9476628|72897.1384615385|0
"290210007013"|0|1|1|0|0|0|0|1|1|1|0|0|0|1|0|7200|15120|7110|11880|10200|256|103|286|19290316|67448.6573426573|0
"290210012002"|0|1|1|0|0|0|0|1|1|0|0|0|1|0|0|NA|NA|NA|NA|NA|0|0|0|0|NA|0
"290239502013"|0|1|0|0|0|0|0|1|1|0|0|1|1|0|0|NA|NA|NA|NA|NA|0|0|0|0|NA|0
"290239503021"|0|1|0|0|0|0|0|1|1|1|1|0|0|1|0|4290|4290|NA|NA|6332|102|52|110|5459418|49631.0727272727|0
"290270704001"|0|1|0|0|0|0|0|1|1|1|0|0|1|0|0|30248|30248|NA|NA|11762|108|26|94|5679318|60418.2765957447|0
"290270704002"|0|1|1|0|0|0|0|1|1|1|0|0|0|1|0|26500|26500|13992|13992|10450|129|43|124|6762590|54537.0161290323|0
"290299505003"|0|1|0|0|0|0|0|1|1|0|0|0|0|0|0|NA|NA|NA|NA|NA|0|0|0|0|NA|0
"290318808003"|0|1|1|0|0|0|0|1|1|1|0|0|0|1|0|7761|14331|6205|11186|9954|552|188|670|48507896|72399.8447761194|0
"290318815004"|0|2|0|0|0|0|0|2|2|0|0|2|2|0|0|NA|NA|NA|NA|NA|0|0|0|0|NA|0
"290318816001"|0|1|0|0|1|0|0|1|1|1|0|0|1|0|0|11124|11124|NA|NA|NA|16|4|30|1763470|58782.3333333333|0
"290370601002"|0|1|1|0|0|0|0|1|1|1|0|0|1|0|0|11060|11060|7598|7598|6124|30|8|38|1771600|46621.0526315789|0
"290370603071"|0|1|0|0|0|0|0|1|1|0|0|1|1|0|0|NA|NA|NA|NA|NA|0|0|0|0|NA|0
"290370609042"|0|1|0|0|0|0|0|1|0|0|0|1|1|0|0|NA|NA|NA|NA|NA|0|0|0|0|NA|0
"290430203091"|0|1|0|0|0|0|0|1|1|1|1|0|1|0|0|15766|15766|NA|NA|6756|0|0|0|0|NA|0
"290470203004"|0|1|1|0|0|0|0|1|1|1|0|0|0|1|0|9120|9120|6520|6520|13658|88|39|86|7360186|85583.5581395349|0
"290470214011"|0|1|1|0|0|0|0|1|1|1|0|0|1|0|0|18360|18360|4800|4800|10130|143|59|138|9035526|65474.8260869565|0
"290510105003"|0|1|1|1|0|0|0|1|1|1|0|0|0|1|0|7020|14250|5832|10836|9530|288|71|180|9812904|54516.1333333333|0
"290510106003"|0|1|0|0|0|0|0|1|1|0|0|1|1|0|0|NA|NA|NA|NA|NA|0|0|0|0|NA|0
"290718002014"|0|1|0|0|0|0|0|1|1|0|0|1|1|0|0|NA|NA|NA|NA|NA|0|0|0|0|NA|0
"290718003021"|0|1|0|0|0|0|0|1|1|0|0|1|1|0|0|16950|16950|NA|NA|NA|0|0|0|0|NA|0
"290718006062"|0|1|0|0|0|0|0|1|1|1|1|0|0|1|0|3864|5640|NA|NA|NA|127|40|140|8583832|61313.0857142857|0
"290770002002"|0|1|1|0|0|0|0|1|1|1|0|0|0|0|1|7476|16016|5994|11970|9782|1280|445|1434|112516640|78463.4867503487|0
"290770007001"|0|3|2|0|0|0|0|3|3|3|0|0|2|1|0|50826|50826|NA|NA|NA|264|93|342|23909324|197151.224074074|0
"290770007002"|0|1|0|0|0|0|0|1|1|1|0|0|0|0|1|4104|5256|NA|NA|NA|423|74|442|26741580|60501.3122171946|0
"290770008001"|0|2|1|0|0|0|0|2|2|2|0|0|1|1|0|30206|30206|NA|NA|NA|225|104|174|10575020|NA|0
"290770025022"|0|1|0|0|0|0|0|1|1|0|0|1|1|0|0|NA|NA|NA|NA|NA|0|0|0|0|NA|0
"290770026002"|0|1|0|0|0|0|0|1|1|0|0|1|1|0|0|NA|NA|NA|NA|NA|0|0|0|0|NA|0
"290770030041"|0|2|0|0|0|0|0|2|2|1|1|1|2|0|0|NA|NA|NA|NA|NA|4|0|6|262000|NA|0
"290770040021"|0|1|1|0|0|0|0|1|1|1|0|0|1|0|0|14494|14494|13810|13810|NA|18|6|4|140800|35200|0
"290770055002"|0|1|1|0|0|0|0|1|1|1|0|0|1|0|0|14690|14690|6750|6750|7980|22|4|32|1126090|35190.3125|0
"290770057002"|0|1|0|0|0|0|0|1|1|0|0|1|1|0|0|NA|NA|NA|NA|NA|0|0|0|0|NA|0
"290799603002"|0|1|0|0|0|0|0|2|1|1|1|0|0|1|0|NA|NA|NA|NA|NA|86|30|80|4450164|NA|0
"290839506004"|0|1|0|0|0|0|0|1|1|0|0|1|1|0|0|NA|NA|NA|NA|NA|0|0|0|0|NA|0
"290899603002"|0|2|1|0|0|0|0|2|2|2|0|0|0|2|0|32840|32840|NA|NA|NA|194|94|180|11034994|126322.736111111|0
"290910908012"|0|1|0|0|0|0|0|1|1|1|1|0|0|1|0|4230|8460|NA|NA|6750|97|39|74|4374022|59108.4054054054|0
"290950010002"|0|0|1|0|0|1|0|1|1|1|0|0|0|1|0|NA|NA|35420|35420|NA|221|37|22|2418526|109933|0
"290950066001"|0|1|0|0|0|0|0|1|1|1|0|0|1|0|0|41174|41174|NA|NA|12486|89|28|118|7887204|66840.7118644068|0
"290950074001"|0|1|1|0|0|1|0|1|1|1|0|0|0|0|1|9999|27648|10660|27521|12262|1312|435|1094|108978106|99614.3564899452|0
"290950075003"|0|1|1|0|0|0|0|1|1|1|0|0|0|1|0|40700|40700|17028|17028|10280|216|72|310|22803312|73559.0709677419|0
"290950082002"|0|1|0|0|0|0|0|1|1|0|0|1|1|0|0|NA|NA|NA|NA|NA|0|0|0|0|NA|0
"290950087001"|0|1|2|0|0|0|0|2|2|2|0|0|2|0|0|NA|NA|19900|19900|NA|35|9|96|7441028|145778.206388206|0
"290950099002"|0|1|0|0|0|0|0|1|1|1|1|0|1|0|0|NA|NA|NA|NA|NA|9|1|10|478000|47800|0
"290950105003"|0|1|0|0|0|0|0|1|1|0|0|1|1|0|0|16520|16520|NA|NA|NA|0|0|0|0|NA|0
"290950122001"|0|1|0|0|0|0|0|1|1|0|0|1|1|0|0|NA|NA|NA|NA|NA|0|0|0|0|NA|0
"290950134173"|0|1|1|0|0|0|0|1|1|1|0|0|0|1|0|22390|22390|8775|8775|7710|118|28|124|7996862|64490.8225806452|0
"290950141212"|0|1|0|0|0|0|0|1|1|0|0|1|1|0|0|NA|NA|NA|NA|NA|0|0|0|0|NA|0
"290950154012"|0|1|1|0|0|0|0|1|1|1|0|0|1|0|0|6000|6000|6400|6400|NA|5|0|0|0|NA|0
"290950161002"|0|1|0|0|0|0|0|1|1|0|0|1|1|0|0|NA|NA|NA|NA|NA|0|0|0|0|NA|0
"290950167003"|0|2|0|0|0|0|0|2|2|1|1|1|1|0|1|NA|NA|NA|NA|NA|506|251|428|31529984|NA|0
"290950173001"|0|1|1|0|0|0|0|1|1|1|0|0|1|0|0|14392|14392|17072|17072|NA|4|0|4|404050|101012.5|0
"290970101001"|0|2|1|0|0|0|0|2|2|1|0|1|2|0|0|NA|NA|NA|NA|NA|75|13|46|2537080|NA|0
"290970103011"|0|1|1|0|0|0|0|1|1|1|0|0|0|1|0|8026|16052|6300|6300|7624|265|111|268|17672564|65942.4029850746|0
"290970103021"|0|1|0|0|0|0|0|1|1|0|0|1|1|0|0|NA|NA|NA|NA|NA|0|0|0|0|NA|0
"290970107001"|0|0|1|0|0|1|0|1|1|1|0|0|1|0|0|NA|NA|NA|NA|NA|0|0|0|0|NA|0
"290970110003"|0|1|0|0|0|0|0|1|1|0|0|1|1|0|0|NA|NA|NA|NA|NA|0|0|0|0|NA|0
"290970116004"|0|1|0|0|0|0|0|1|1|0|0|1|1|0|0|NA|NA|NA|NA|NA|0|0|0|0|NA|0
"290997005023"|0|1|0|0|0|0|0|1|1|1|1|0|0|1|0|5310|7080|NA|NA|6525|177|71|178|11884888|66769.0337078652|0
"291019604012"|0|1|1|0|0|0|0|1|1|1|0|0|0|0|1|8040|16080|8136|16272|9699|635|173|786|60132928|76504.9974554707|0
"291019605022"|0|1|0|0|0|0|0|1|0|0|0|1|1|0|0|NA|NA|NA|NA|NA|0|0|0|0|NA|0
"291019800001"|0|0|0|0|0|0|0|1|0|0|0|0|0|0|0|NA|NA|NA|NA|NA|0|0|0|0|NA|0
"291070902002"|0|1|0|0|0|0|0|1|1|0|0|1|1|0|0|NA|NA|NA|NA|NA|0|0|0|0|NA|0
"291119701002"|0|1|1|0|0|0|0|1|1|1|0|0|1|0|0|28700|28700|6000|6000|9270|125|48|88|4924442|55959.5681818182|0
"291174803003"|0|1|0|0|0|0|0|1|1|0|0|1|1|0|0|NA|NA|NA|NA|NA|0|0|0|0|NA|0
"291279604001"|0|1|1|0|0|0|0|1|1|1|0|0|1|0|0|24000|24000|14850|14850|9400|62|30|92|3878900|42161.9565217391|0
"291450201003"|0|1|0|0|0|0|0|1|1|0|0|1|1|0|0|NA|NA|NA|NA|NA|0|0|0|0|NA|0
"291450208005"|0|1|0|0|0|0|0|1|1|1|1|0|0|1|0|3984|3984|NA|NA|6296|161|47|330|13995720|42411.2727272727|0
"291474703025"|0|1|1|0|0|0|0|1|1|1|0|0|0|1|0|6015|12082|6004|6004|10428|474|115|446|30670690|68768.3632286996|0
"291474705004"|0|1|0|0|0|0|0|1|1|1|0|0|1|0|0|23998|23998|NA|NA|14413|7|2|6|350330|58388.3333333333|0
"291514902001"|0|1|0|0|0|0|0|1|1|1|1|0|0|1|0|5880|11760|NA|NA|6000|78|30|218|12523638|57447.880733945|0
"291594807001"|0|1|0|0|0|0|0|1|0|0|0|0|0|0|0|NA|NA|NA|NA|NA|0|0|0|0|NA|0
"291594811001"|0|2|0|0|0|0|0|2|2|1|1|1|1|1|0|NA|NA|NA|NA|NA|173|113|162|8967430|NA|0
"291618904011"|0|1|1|0|0|0|0|1|1|1|0|0|0|1|0|10389|30150|10992|30480|11248|824|244|628|66604484|106058.095541401|0
"291618908004"|0|1|0|0|0|0|0|1|1|0|0|1|1|0|0|NA|NA|NA|NA|NA|0|0|0|0|NA|0
"291618909002"|0|1|0|0|0|0|0|1|1|0|0|0|0|0|0|NA|NA|NA|NA|NA|0|0|0|0|NA|0
"291634605002"|0|1|0|0|0|0|0|1|1|0|0|1|1|0|0|NA|NA|NA|NA|NA|0|0|0|0|NA|0
"291650301032"|0|1|1|0|0|0|0|1|1|1|0|0|0|1|0|9262|9262|6663|6663|8330|290|66|216|14915226|69051.9722222222|0
"291650302014"|0|1|0|0|0|0|0|1|1|1|1|0|1|0|0|NA|NA|NA|NA|NA|66|6|20|850088|42504.4|0
"291679601024"|0|1|0|0|0|0|0|1|1|1|0|0|1|0|0|19750|19750|NA|NA|NA|10|2|18|977588|54310.4444444444|0
"291679604011"|0|1|1|0|0|0|0|1|1|1|0|0|0|1|0|25990|25990|5136|5136|8290|149|59|230|12725226|55327.0695652174|0
"291694702891"|0|1|0|0|0|0|0|1|1|0|0|1|1|0|0|NA|NA|NA|NA|NA|0|0|0|0|NA|0
"291694704011"|0|1|0|0|0|0|0|1|1|0|0|1|1|0|0|NA|NA|NA|NA|NA|0|0|0|0|NA|0
"291754904002"|0|1|0|0|0|0|0|1|1|1|1|0|0|1|0|5220|7440|NA|NA|6500|166|62|158|8406380|53204.9367088608|0
"291754905003"|0|1|1|0|0|0|0|1|1|1|0|0|1|0|0|8850|8850|5310|5310|8400|47|12|20|870534|43526.7|0
"291833106012"|0|1|1|0|0|0|0|1|1|1|0|0|0|1|0|19100|19100|8475|8475|10200|437|157|368|33744644|91697.402173913|0
"291833108021"|0|1|0|0|0|0|0|1|1|0|0|1|1|0|0|NA|NA|NA|NA|NA|0|0|0|0|NA|0
"291833113221"|0|1|0|0|0|0|0|1|1|1|1|0|0|1|0|5010|6660|NA|NA|NA|208|64|202|14450160|71535.4455445545|0
"291879504022"|0|1|0|0|0|0|0|1|1|1|1|0|0|1|0|5130|6690|NA|NA|5600|106|34|86|4474804|52032.6046511628|0
"291892111024"|0|1|0|0|0|0|0|1|1|0|0|0|0|0|0|NA|NA|NA|NA|NA|0|0|0|0|NA|0
"291892113312"|0|1|0|0|0|0|0|1|1|0|0|1|0|0|0|NA|NA|NA|NA|NA|0|0|0|0|NA|0
"291892132031"|0|1|0|0|0|0|0|1|1|1|1|0|0|0|1|4440|6300|NA|NA|NA|764|196|642|49095538|76472.800623053|0
"291892133013"|0|1|0|0|0|0|0|1|1|1|1|0|1|0|0|NA|NA|NA|NA|NA|9|6|10|708190|70819|0
"291892137012"|0|1|1|0|0|0|0|1|1|1|0|0|0|0|1|12528|32100|13154|32294|10920|836|297|720|66516190|92383.5972222222|0
"291892150011"|0|1|0|0|0|0|0|1|1|1|0|0|1|0|0|18900|18900|NA|NA|NA|0|0|0|0|NA|0
"291892152012"|0|1|2|0|0|0|0|2|2|2|0|0|1|1|0|NA|NA|26312|26312|NA|209|99|182|12119520|141623.561208267|0
"291892152341"|0|1|1|0|0|0|0|1|1|1|0|0|0|1|0|24766|24766|14346|14346|12000|284|114|318|29002338|91202.320754717|0
"291892163001"|0|1|1|0|0|1|0|1|1|1|0|0|0|0|1|59420|59420|59420|59420|18470|3943|936|2158|324941104|150575.117701576|0
"291892163003"|0|1|2|0|0|0|0|2|2|2|0|0|2|0|0|NA|NA|44085|44085|NA|173|68|186|15720380|181912.621212121|0
"291892175005"|0|1|0|0|0|0|0|1|1|0|0|1|1|0|0|NA|NA|NA|NA|NA|0|0|0|0|NA|0
"291892178541"|0|1|1|0|0|0|0|1|1|1|0|0|0|1|0|7800|7800|9450|9450|NA|182|36|112|9250086|82590.0535714286|0
"291892192002"|0|0|1|0|0|0|0|1|1|1|0|0|1|0|0|NA|NA|16000|16000|NA|16|4|16|1605670|100354.375|0
"291892195011"|0|1|1|0|0|0|0|1|1|1|0|0|0|1|0|29640|29640|12600|12600|12398|444|169|356|30415596|85437.0674157303|0
"291892196011"|0|0|1|0|0|0|0|1|1|1|0|0|1|0|0|NA|NA|28680|28680|NA|33|7|26|1857846|71455.6153846154|0
"291892207031"|0|1|0|0|0|0|0|1|1|0|0|1|1|0|0|NA|NA|NA|NA|NA|0|0|0|0|NA|0
"291892208013"|0|2|0|0|0|0|0|2|2|0|0|2|2|0|0|NA|NA|NA|NA|NA|0|0|0|0|NA|0
"291892210004"|0|1|0|0|0|0|0|1|1|0|0|1|1|0|0|NA|NA|NA|NA|NA|0|0|0|0|NA|0
"291892212011"|0|1|0|0|0|0|0|1|0|0|0|1|1|0|0|NA|NA|NA|NA|NA|0|0|0|0|NA|0
"291892214233"|0|2|1|0|0|0|0|2|2|2|1|0|2|0|0|NA|NA|NA|NA|NA|34|9|40|2234696|111337.692307692|0
"291950903003"|0|1|0|0|0|0|0|1|1|0|0|1|1|0|0|NA|NA|NA|NA|NA|0|0|0|0|NA|0
"291950905003"|0|1|1|0|0|0|0|1|1|1|0|0|0|1|0|20850|20850|3600|3600|10300|105|57|156|7810668|50068.3846153846|0
"292134805031"|0|1|0|0|0|0|0|1|1|1|0|0|0|1|0|19800|19800|NA|NA|8200|234|35|194|14073494|72543.7835051546|0
"292154803012"|0|1|0|0|0|0|0|1|1|1|1|0|1|0|0|14200|14200|NA|NA|NA|4|1|4|180000|45000|0
"292179503005"|0|1|0|0|0|0|0|1|1|1|0|0|1|0|0|23350|23350|NA|NA|8620|88|18|78|4853946|62230.0769230769|0
"295101112001"|0|1|0|0|0|0|0|1|1|1|0|0|0|1|0|15720|15720|NA|NA|8150|78|9|212|14372948|67796.9245283019|0
"295101124002"|0|1|1|0|0|0|0|1|1|0|0|0|1|0|0|NA|NA|NA|NA|NA|0|0|0|0|NA|0
"295101124003"|0|1|0|0|0|0|0|1|1|0|0|1|1|0|0|NA|NA|NA|NA|NA|0|0|0|0|NA|0
"295101186001"|0|1|2|0|0|0|0|2|2|2|0|0|2|0|0|NA|NA|23400|23400|NA|191|51|134|13309116|158387.314176245|0
"295101186002"|0|1|0|0|0|0|0|1|1|0|0|1|1|0|0|NA|NA|NA|NA|NA|0|0|0|0|NA|0
"295101191012"|0|1|1|0|0|0|0|1|1|1|0|0|1|0|0|20020|20020|10842|10842|NA|59|9|98|8652770|88293.5714285714|0
"295101193002"|0|1|1|0|1|1|0|1|1|1|0|0|0|0|1|49800|49800|22500|22500|13890|1474|380|1366|136112200|99642.8989751098|0
"295101241001"|0|1|0|0|0|0|0|1|1|0|0|0|0|0|0|NA|NA|NA|NA|NA|0|0|0|0|NA|0
"295101255003"|0|1|0|0|0|0|0|1|1|1|0|0|1|0|0|12968|12968|NA|NA|NA|7|1|10|660108|66010.8|0
"295101275002"|0|0|1|0|0|0|0|1|1|1|0|0|1|0|0|NA|NA|36234|36234|NA|19|6|28|1965762|70205.7857142857|0
"295101278002"|0|1|0|1|0|0|0|1|1|1|0|0|0|1|0|5424|10056|NA|NA|9691|163|51|72|4875894|67720.75|0
"300010003004"|0|2|0|0|0|0|0|2|2|2|1|0|1|1|0|NA|NA|NA|NA|NA|114|31|140|8883778|154919.808823529|0
"300039406002"|0|1|0|0|0|0|1|1|1|1|1|0|1|0|0|2600|2600|NA|NA|NA|54|13|24|890928|37122|0
"300059401001"|0|1|0|0|0|0|1|1|1|1|0|0|1|0|0|1740|1740|NA|NA|NA|44|6|28|1500626|53593.7857142857|0
"300130007002"|0|1|0|0|0|0|0|1|1|0|0|1|1|0|0|NA|NA|NA|NA|NA|0|0|0|0|NA|0
"300130021003"|0|1|0|0|0|0|0|1|1|1|1|0|0|1|0|2834|10640|NA|NA|NA|56|8|74|4197266|56719.8108108108|0
"300130021004"|0|1|1|0|0|0|0|1|1|1|0|0|1|0|0|27256|27256|24237|24237|10233|95|50|88|5709858|64884.75|0
"300150103004"|0|1|0|0|0|0|1|1|1|1|0|0|1|0|0|1820|1820|NA|NA|NA|59|25|26|1381046|53117.1538461538|0
"300179616001"|0|1|0|0|0|0|0|1|1|1|1|0|1|0|0|4530|8400|NA|NA|8300|43|10|44|2300296|52279.4545454545|0
"300210003004"|0|1|0|0|0|0|0|1|1|1|1|0|1|0|0|4230|6930|NA|NA|8400|29|5|26|1383692|53218.9230769231|0
"300290008011"|0|1|0|0|0|0|0|1|1|1|1|0|0|1|0|5298|11220|NA|NA|8472|100|33|128|8046210|62861.015625|0
"300290010001"|0|1|0|0|0|0|0|1|1|0|0|1|1|0|0|NA|NA|NA|NA|NA|0|0|0|0|NA|0
"300310007014"|0|1|0|0|0|0|0|1|1|0|0|1|1|0|0|NA|NA|NA|NA|NA|0|0|0|0|NA|0
"300310011013"|0|1|1|0|0|0|0|1|1|1|0|0|0|0|1|5824|27391|5241|21469|11300|2142|354|1216|106901492|87912.4111842105|0
"300310011021"|0|1|0|0|0|0|0|1|1|1|0|0|1|0|0|9440|9440|NA|NA|5100|0|0|0|0|NA|0
"300359402004"|0|1|0|0|0|0|1|1|1|1|0|0|1|0|0|2880|2880|NA|NA|NA|65|17|80|2630696|32883.7|0
"300410404003"|0|1|1|0|0|0|0|1|1|1|0|0|0|1|0|4496|17096|5742|18686|6470|103|22|100|6227924|62279.24|0
"300479404002"|0|1|1|0|0|0|1|1|1|1|0|0|1|0|0|5076|10260|4941|8883|7020|105|32|154|7865448|51074.3376623377|0
"300490008003"|0|1|1|0|0|0|0|1|1|1|0|0|0|1|0|37828|37828|13302|13302|11182|132|34|162|10077312|62205.6296296296|0
"300490009001"|0|1|0|0|0|0|0|1|1|1|1|0|0|1|0|2684|8866|NA|NA|NA|47|11|58|3298458|56869.9655172414|0
"300630005022"|0|1|1|0|0|0|0|1|1|1|0|0|0|1|0|5515|27168|5166|22986|11608|1499|214|818|69516158|84983.0782396088|0
"300810005021"|0|1|0|0|0|0|0|1|0|0|0|0|0|0|0|NA|NA|NA|NA|NA|0|0|0|0|NA|0
"300859400021"|0|1|0|0|0|0|1|1|1|1|1|0|1|0|0|1680|1680|NA|NA|NA|51|5|38|1975006|51973.8421052632|0
"300879404001"|0|1|0|0|0|0|1|1|1|1|1|0|1|0|0|1960|1960|NA|NA|NA|32|1|26|1339314|51512.0769230769|0
"300930001022"|0|1|0|0|0|0|0|1|1|0|0|1|1|0|0|NA|NA|NA|NA|NA|0|0|0|0|NA|0
"300930002005"|0|1|1|0|0|0|0|1|1|1|0|0|0|1|0|5878|21414|4848|18576|10741|298|54|244|17699978|72540.893442623|0
"300930008005"|0|1|0|0|0|0|0|1|1|1|1|0|1|0|0|2702|8598|NA|NA|10741|0|0|0|0|NA|0
"301110006001"|0|1|1|0|0|0|0|1|1|1|0|0|0|1|0|31342|31342|30736|30736|9120|116|45|124|8150328|65728.4516129032|0
"301110006002"|0|1|1|0|0|0|0|1|1|1|0|0|0|1|0|4620|18209|6172|20519|8348|270|65|272|16952384|62324.9411764706|0
"301110017041"|0|1|0|0|0|0|0|1|1|0|0|0|0|0|0|NA|NA|NA|NA|NA|0|0|0|0|NA|0
"310019656002"|0|1|1|0|0|0|0|1|1|1|0|0|1|0|0|32600|32600|10920|10920|11190|104|50|132|7840060|59394.3939393939|0
"310199696001"|0|1|1|0|0|0|0|1|1|1|0|0|0|1|0|6270|13650|6216|13656|11390|413|142|630|46022138|73051.0126984127|0
"310459507002"|0|1|1|0|0|0|0|1|1|1|0|0|0|1|0|5208|5208|4650|9300|8568|184|50|182|12325614|67723.1538461538|0
"310539642004"|0|1|1|0|0|0|0|1|1|1|0|0|0|1|0|37500|37500|13668|13668|10066|166|64|78|4674138|59924.8461538462|0
"310550016001"|0|1|1|0|1|1|0|1|1|1|0|0|0|1|0|43684|43684|17496|17496|11830|1130|271|1136|120671914|106225.276408451|0
"310550043001"|0|2|2|0|1|1|0|2|2|2|0|0|0|2|0|26220|45390|21501|38673|NA|1754|431|796|85132294|190441.04158215|0
"310550061025"|0|1|0|0|0|0|0|1|1|1|1|0|0|0|1|3060|4590|NA|NA|NA|623|225|482|39281896|81497.7095435685|0
"310550062021"|0|1|0|0|0|0|0|1|1|1|1|0|1|0|0|11422|11422|NA|NA|NA|3|0|4|169800|42450|0
"310550065051"|0|1|0|0|0|0|0|1|1|1|0|0|1|0|0|7140|7140|NA|NA|NA|1|0|4|3e+05|75000|0
"310550066063"|0|1|1|0|0|0|0|1|1|1|0|0|0|1|0|15548|15548|12113|12113|10080|68|12|142|10407088|73289.3521126761|0
"310550070011"|0|1|1|0|0|0|0|1|1|1|0|0|1|0|0|22450|22450|21103|21103|8240|95|19|164|12995488|79240.7804878049|0
"310550074571"|0|1|0|0|0|0|0|1|1|0|0|1|1|0|0|NA|NA|NA|NA|NA|0|0|0|0|NA|0
"310550074672"|0|1|0|0|0|0|0|1|1|0|0|1|1|0|0|NA|NA|NA|NA|NA|0|0|0|0|NA|0
"310639611003"|0|1|0|0|0|0|0|1|1|1|1|0|1|0|0|4726|4726|NA|NA|8856|34|4|26|2100280|80780|0
"310790012001"|0|1|0|0|0|0|0|1|1|1|1|0|0|1|0|2820|4230|NA|NA|7184|327|125|314|20052526|63861.5477707006|0
"311090002023"|0|1|1|0|0|0|0|1|1|1|0|0|0|1|0|38898|38898|8050|8050|11374|146|43|214|14017782|65503.6542056075|0
"311090006003"|0|1|1|0|0|0|0|1|1|1|0|0|0|0|1|7770|24900|6138|17928|12430|4844|1171|2590|294580944|113737.816216216|0
"311090009003"|0|1|1|0|0|0|0|1|1|0|0|0|0|0|0|NA|NA|NA|NA|NA|511|65|0|0|NA|0
"311090012002"|0|1|0|0|0|0|0|1|1|0|0|1|1|0|0|NA|NA|NA|NA|NA|0|0|0|0|NA|0
"311090013013"|0|1|0|0|0|0|0|1|1|1|1|0|0|1|0|2856|3444|NA|NA|8512|356|67|720|45251554|62849.3805555556|0
"311090015001"|0|1|1|0|1|0|0|1|1|1|0|0|1|0|0|16370|16370|22017|22017|NA|38|8|90|6944826|77164.7333333333|0
"311090019002"|0|1|0|0|0|0|0|1|1|0|0|1|1|0|0|NA|NA|NA|NA|NA|0|0|0|0|NA|0
"311090027011"|0|1|1|0|0|0|0|1|1|1|0|0|1|0|0|25920|25920|28896|28896|7750|95|26|118|7794412|66054.3389830509|0
"311090037193"|0|1|0|0|0|0|0|1|1|0|0|1|1|0|0|NA|NA|NA|NA|NA|0|0|0|0|NA|0
"311090037233"|0|1|0|0|0|0|0|1|1|0|0|1|1|0|0|NA|NA|NA|NA|NA|0|0|0|0|NA|0
"311090038021"|0|1|0|0|0|0|0|1|1|1|1|0|1|0|0|15590|15590|NA|NA|NA|1|1|0|0|NA|0
"311119605002"|0|1|0|0|0|0|0|1|1|1|1|0|0|1|0|3000|3900|NA|NA|7010|126|24|134|8934916|66678.4776119403|0
"311199606004"|0|1|0|0|0|0|0|1|1|1|1|0|0|1|0|3240|4530|NA|NA|9340|240|77|256|15910532|62150.515625|0
"311279681001"|0|1|1|0|0|0|0|1|1|1|0|0|0|1|0|5760|5760|9120|9120|9600|108|38|96|6249270|65096.5625|0
"311519606011"|0|1|1|0|0|0|0|1|1|1|0|0|0|1|0|38190|38190|8743|8743|10900|196|68|190|13060326|68738.5578947368|0
"311530101053"|0|1|1|0|0|0|0|1|1|1|0|0|0|0|1|8040|8040|11340|11340|10638|469|248|210|15797530|75226.3333333333|0
"311579534002"|0|1|0|0|0|0|0|1|1|1|1|0|0|1|0|2556|2652|NA|NA|7164|120|54|128|8258780|64521.71875|0
"311579539005"|0|1|0|0|0|0|0|1|1|1|0|0|1|0|0|7040|7040|NA|NA|3640|7|3|6|266876|44479.3333333333|0
"311599603003"|0|1|1|0|0|0|0|1|1|1|0|0|0|1|0|37000|37000|7650|7650|10050|145|58|126|7806592|61957.0793650794|0
"311739401004"|0|1|0|0|0|0|1|1|1|1|1|0|1|0|0|4080|4080|NA|NA|NA|34|4|44|2101800|47768.1818181818|0
"311739402001"|0|1|0|0|0|0|1|1|1|1|1|0|1|0|0|4050|4050|NA|NA|6990|45|4|20|958826|47941.3|0
"311799787006"|0|1|1|0|0|0|0|1|1|1|0|0|0|1|0|5580|5580|4185|8370|8870|250|65|248|17637296|71118.1290322581|0
"311859697004"|0|1|1|0|0|0|0|1|1|1|0|0|1|0|0|20450|20450|5100|5100|9000|67|24|46|2435210|52939.347826087|0
"320030002033"|0|1|0|0|0|0|0|1|1|0|0|1|1|0|0|NA|NA|NA|NA|NA|0|0|0|0|NA|0
"320030010032"|0|1|0|0|0|0|0|1|1|0|0|1|1|0|0|NA|NA|NA|NA|NA|0|0|0|0|NA|0
"320030017111"|0|1|0|0|0|0|0|1|1|1|1|0|1|0|0|NA|NA|NA|NA|NA|21|8|52|4315580|82991.9230769231|0
"320030017112"|0|2|0|0|0|0|0|2|1|0|0|1|1|0|0|NA|NA|NA|NA|NA|0|0|0|0|NA|0
"320030022033"|0|1|0|0|0|0|0|1|1|0|0|1|1|0|0|NA|NA|NA|NA|NA|0|0|0|0|NA|0
"320030025011"|0|1|0|0|0|0|0|1|1|0|0|1|1|0|0|NA|NA|NA|NA|NA|0|0|0|0|NA|0
"320030026031"|0|1|1|0|0|1|0|1|1|1|0|0|0|0|1|8159|24701|5976|22518|11512|2543|695|2184|223150462|102175.11996337|0
"320030029054"|0|1|0|0|0|0|0|1|1|1|0|0|0|0|1|3383|11284|NA|NA|NA|644|304|1024|81329536|79423.375|0
"320030029621"|0|1|0|0|0|0|0|1|1|0|0|1|1|0|0|NA|NA|NA|NA|NA|0|0|0|0|NA|0
"320030029742"|0|2|0|0|0|0|0|2|2|2|0|0|1|1|0|35866|35866|NA|NA|NA|62|13|98|8148406|165542.7909699|0
"320030032223"|0|1|0|0|0|0|0|1|1|1|0|0|1|0|0|18900|18900|NA|NA|NA|0|0|0|0|NA|0
"320030032531"|0|1|0|0|0|0|0|1|1|0|0|1|1|0|0|NA|NA|NA|NA|NA|0|0|0|0|NA|0
"320030034142"|0|1|0|0|0|0|0|1|1|1|1|0|1|0|0|NA|NA|NA|NA|NA|22|3|10|416922|41692.2|0
"320030034151"|0|1|0|0|0|0|0|1|1|1|1|0|0|1|0|NA|NA|NA|NA|NA|96|16|104|5740452|55196.6538461538|0
"320030051101"|0|1|1|0|0|1|0|1|1|1|0|0|0|1|0|38800|38800|26250|26250|NA|288|69|200|26512792|132563.96|0
"320030051121"|0|1|1|0|0|1|0|1|1|1|0|0|0|1|0|10080|10080|44520|44520|NA|137|53|86|10053736|116903.906976744|0
"320030053192"|0|0|1|0|1|0|0|1|1|1|0|0|1|0|0|NA|NA|6480|6480|NA|10|1|0|0|NA|0
"320030053221"|0|1|0|0|0|0|0|1|1|0|0|1|1|0|0|NA|NA|NA|NA|NA|0|0|0|0|NA|0
"320030053492"|0|1|1|0|0|0|0|1|1|1|0|0|1|0|0|14392|14392|17072|17072|NA|3|0|2|185760|92880|0
"320030057111"|0|1|1|0|0|0|0|1|1|1|0|0|0|1|0|5550|19289|4487|18225|NA|216|86|234|18244280|77967.0085470085|0
"320030058044"|0|2|0|0|0|0|0|2|2|0|0|2|2|0|0|NA|NA|NA|NA|NA|0|0|0|0|NA|0
"320030058452"|0|1|1|0|0|0|0|1|1|1|0|0|1|0|0|9552|9552|16752|16752|NA|0|0|0|0|NA|0
"320030067004"|0|1|0|0|0|0|0|1|1|0|0|1|1|0|0|NA|NA|NA|NA|NA|0|0|0|0|NA|0
"320030069001"|0|2|0|0|0|0|0|2|2|1|1|1|2|0|0|NA|NA|NA|NA|NA|19|1|18|1376142|NA|0
"320079508001"|0|1|0|0|0|0|0|1|1|1|0|0|0|1|0|3607|10967|NA|NA|6000|111|43|144|10291908|71471.5833333333|0
"320310002012"|0|1|0|0|0|0|0|1|1|0|0|1|1|0|0|NA|NA|NA|NA|NA|0|0|0|0|NA|0
"320310010122"|0|1|0|0|0|0|0|1|1|1|1|0|1|0|0|NA|NA|NA|NA|NA|14|3|22|1920592|87299.6363636364|0
"320310015041"|0|2|2|0|0|1|0|2|2|1|0|0|0|0|1|NA|NA|NA|NA|NA|2194|619|1630|157734290|NA|0
"320310021071"|0|1|0|0|0|0|0|1|1|0|0|1|1|0|0|NA|NA|NA|NA|NA|0|0|0|0|NA|0
"320310022111"|0|1|0|0|0|0|0|1|1|0|0|1|1|0|0|NA|NA|NA|NA|NA|0|0|0|0|NA|0
"320310027032"|0|1|0|0|0|0|0|1|1|1|0|0|0|1|0|2862|10339|NA|NA|NA|265|89|288|20831876|72332.9027777778|0
"320310031112"|0|1|0|0|0|0|0|1|1|0|0|1|1|0|0|NA|NA|NA|NA|NA|0|0|0|0|NA|0
"320310031121"|0|1|0|0|0|0|0|1|1|1|1|0|1|0|0|NA|NA|NA|NA|NA|15|7|42|2380646|56682.0476190476|0
"320310033071"|0|1|1|0|0|0|0|1|1|1|0|0|1|0|0|NA|NA|NA|NA|NA|0|0|0|0|NA|0
"325100003003"|0|1|0|0|0|0|0|1|1|1|0|0|0|1|0|3383|11283|NA|NA|NA|105|33|120|8477804|70648.3666666667|0
"325100006011"|0|1|0|0|0|0|0|1|1|0|0|1|1|0|0|NA|NA|NA|NA|NA|0|0|0|0|NA|0
"330019660001"|0|1|0|0|0|0|0|1|1|1|1|0|1|0|0|6450|14700|NA|NA|11416|29|3|50|3308816|66176.32|0
"330019660003"|0|1|0|0|0|0|0|1|1|0|0|1|1|0|0|NA|NA|NA|NA|NA|0|0|0|0|NA|0
"330059706001"|0|1|1|0|0|0|0|1|1|1|0|0|0|1|0|39055|39055|37200|37200|15300|174|48|172|13325900|77476.1627906977|0
"330059714021"|0|0|1|0|0|0|0|1|1|1|0|0|0|1|0|NA|NA|25872|25872|NA|28|8|120|7787330|64894.4166666667|0
"330059714023"|0|1|0|0|0|0|0|1|1|0|0|1|1|0|0|NA|NA|NA|NA|NA|0|0|0|0|NA|0
"330059714033"|0|1|1|0|0|0|0|1|1|1|0|0|0|1|0|11754|22663|9756|11286|13534|236|63|242|21745000|89855.3719008264|0
"330079506001"|0|1|0|0|0|0|0|1|1|1|1|0|1|0|0|6450|14700|NA|NA|NA|30|8|42|2979520|70940.9523809524|0
"330099610012"|0|1|1|0|0|0|0|1|1|1|0|0|0|1|0|11870|22250|12109|16637|11810|226|78|334|27689004|82901.2095808383|0
"330099616033"|0|1|1|0|0|1|0|1|1|1|0|0|0|1|0|60687|60687|60687|60687|18099|2539|587|1212|219337044|180971.158415842|0
"330099618012"|0|1|0|0|0|0|0|1|1|0|0|1|1|0|0|NA|NA|NA|NA|NA|0|0|0|0|NA|0
"330099618022"|0|0|1|0|0|0|0|1|1|0|0|1|1|0|0|NA|NA|16680|16680|NA|0|0|0|0|NA|0
"330110002032"|0|1|0|0|0|0|0|1|1|1|1|0|0|1|0|6450|14700|NA|NA|NA|58|4|94|7181862|76402.7872340426|0
"330110028023"|0|1|1|0|0|0|0|1|1|1|0|0|0|1|0|43940|43940|25000|25000|16000|297|82|306|25303944|82692.6274509804|0
"330110029022"|0|1|0|0|0|0|0|1|1|0|0|1|1|0|0|NA|NA|NA|NA|NA|0|0|0|0|NA|0
"330110102022"|0|1|0|0|0|0|0|1|1|1|1|0|0|1|0|6450|14700|NA|NA|NA|49|4|54|4112752|76162.0740740741|0
"330110106001"|0|1|0|0|0|0|0|1|1|0|0|1|1|0|0|NA|NA|NA|NA|NA|0|0|0|0|NA|0
"330110109002"|0|1|0|0|0|0|0|1|1|1|1|0|1|0|0|20750|20750|NA|NA|NA|5|3|34|3266812|96082.7058823529|0
"330110110003"|0|1|1|0|0|0|0|1|1|1|0|0|0|1|0|35445|35445|11080|11080|14362|109|53|138|9824722|71193.6376811594|0
"330110141022"|0|2|0|0|0|0|0|2|2|1|0|1|2|0|0|NA|NA|NA|NA|NA|12|6|14|883456|NA|0
"330112004003"|0|1|0|0|0|0|0|1|1|1|0|0|1|0|0|15150|34010|14170|15590|14968|42|16|88|7774406|88345.5227272727|0
"330130030012"|0|1|0|0|0|0|0|1|1|0|0|1|1|0|0|NA|NA|NA|NA|NA|0|0|0|0|NA|0
"330130030061"|0|1|1|0|0|0|0|1|1|1|0|0|0|0|1|15000|15000|18900|18900|11800|4496|2430|260|23964188|92169.9538461538|0
"330130322002"|0|1|1|0|0|0|0|1|1|1|0|0|0|1|0|7536|8880|9810|10710|NA|76|28|22|1741220|79146.3636363636|0
"330130324002"|0|0|1|0|0|0|0|1|1|1|0|0|1|0|0|NA|NA|36000|41000|NA|27|11|52|6101580|117338.076923077|0
"330130324003"|0|1|0|0|0|0|0|1|1|1|1|0|0|1|0|6450|14700|NA|NA|10630|75|7|132|10642644|80626.0909090909|0
"330130385001"|0|1|0|0|0|0|0|1|1|1|0|0|1|0|0|23400|23400|NA|NA|9400|9|1|14|732700|52335.7142857143|0
"330130400002"|0|1|1|0|0|0|0|1|1|1|0|0|0|1|0|25714|25714|13678|13678|16802|188|87|136|8664596|63710.2647058823|0
"330130410022"|0|1|1|0|0|0|0|1|1|1|0|0|1|0|0|46364|46364|13800|13800|16368|172|65|104|6914186|66482.5576923077|0
"330130441003"|0|2|1|0|0|0|0|2|2|0|0|1|0|0|0|NA|NA|NA|NA|NA|92|39|0|0|NA|0
"330150691001"|0|1|0|0|0|0|0|1|1|0|0|1|1|0|0|NA|NA|NA|NA|NA|0|0|0|0|NA|0
"330151074002"|0|1|0|0|0|0|0|1|1|1|1|0|0|1|0|6450|14700|NA|NA|NA|51|5|68|5079466|74698.0294117647|0
"330170802031"|0|1|1|0|0|0|0|1|1|1|0|0|0|0|1|15520|34430|14170|27810|12676|2183|466|1410|142009472|100715.937588652|0
"330170830023"|0|1|0|0|0|0|0|1|1|0|0|1|1|0|0|NA|NA|NA|NA|NA|0|0|0|0|NA|0
"330199759011"|0|1|0|0|0|0|0|1|1|1|1|0|1|0|0|6450|14700|NA|NA|NA|28|2|50|3457108|69142.16|0
"340010114033"|0|1|0|0|0|0|0|1|1|1|1|0|0|1|0|5883|7383|NA|NA|NA|197|49|144|10114334|70238.4305555556|0
"340010117032"|0|1|0|0|0|0|0|1|1|0|0|1|1|0|0|NA|NA|NA|NA|NA|0|0|0|0|NA|0
"340010120002"|0|1|0|0|0|0|0|1|1|0|0|1|1|0|0|NA|NA|NA|NA|NA|0|0|0|0|NA|0
"340019834001"|0|1|1|0|0|0|0|1|1|1|0|0|0|1|0|12740|20474|14346|20916|13564|831|295|674|71411830|105952.270029674|0
"340030160006"|0|1|0|0|0|0|0|1|1|0|0|1|1|0|0|15372|15372|NA|NA|NA|0|0|0|0|NA|0
"340030231001"|0|1|0|0|0|0|0|1|1|0|0|1|1|0|0|NA|NA|NA|NA|NA|0|0|0|0|NA|0
"340030231002"|0|2|0|0|0|0|0|2|2|1|1|1|2|0|0|NA|NA|NA|NA|NA|22|5|20|1074298|NA|0
"340030303005"|0|1|1|0|0|0|0|1|1|1|0|0|0|1|0|33860|33860|19890|19890|13660|184|73|168|13679616|81426.2857142857|0
"340030321041"|0|1|1|0|0|0|0|1|1|1|0|0|0|1|0|15363|25373|19657|19657|15528|412|142|384|44618908|116195.072916667|0
"340030322012"|0|1|0|0|0|0|0|1|1|0|0|1|1|0|0|NA|NA|NA|NA|NA|0|0|0|0|NA|0
"340030361001"|0|2|0|0|0|0|0|2|2|1|1|1|1|1|0|NA|NA|NA|NA|NA|167|9|198|14490668|NA|0
"340030362002"|0|1|0|0|0|0|0|1|1|0|0|1|1|0|0|16520|16520|NA|NA|NA|0|0|0|0|NA|0
"340030423023"|0|1|0|0|0|0|0|1|1|0|0|1|1|0|0|NA|NA|NA|NA|NA|0|0|0|0|NA|0
"340030424003"|0|1|0|0|0|0|0|1|1|1|1|0|0|0|1|7368|7752|NA|NA|NA|360|105|426|32875940|77173.5680751174|0
"340030425001"|0|1|0|0|0|0|0|1|1|0|0|1|1|0|0|NA|NA|NA|NA|NA|0|0|0|0|NA|0
"340030442011"|0|1|0|0|0|0|0|1|1|1|0|0|1|0|0|17066|17066|NA|NA|NA|46|11|38|1298614|34174.0526315789|0
"340030544003"|0|1|1|0|0|0|0|1|1|1|0|0|0|1|0|36423|36423|21278|21278|15588|389|118|256|22982968|89777.21875|0
"340057005014"|0|1|0|0|0|0|0|1|1|0|0|1|1|0|0|NA|NA|NA|NA|NA|0|0|0|0|NA|0
"340057027022"|0|1|0|0|0|0|0|1|1|0|0|1|1|0|0|NA|NA|NA|NA|NA|0|0|0|0|NA|0
"340057029104"|0|1|0|0|0|0|0|1|1|1|1|0|0|1|0|3816|5376|NA|NA|NA|232|72|130|8040702|61851.5538461538|0
"340076032012"|0|1|0|0|0|0|0|1|1|0|0|1|1|0|0|NA|NA|NA|NA|NA|0|0|0|0|NA|0
"340076032022"|0|1|0|0|0|0|0|1|1|0|0|1|1|0|0|NA|NA|NA|NA|NA|0|0|0|0|NA|0
"340076033013"|0|1|0|0|0|0|0|1|1|0|0|1|1|0|0|NA|NA|NA|NA|NA|0|0|0|0|NA|0
"340076075071"|0|2|0|0|0|0|0|2|2|0|0|2|2|0|0|NA|NA|NA|NA|NA|0|0|0|0|NA|0
"340076082102"|0|1|0|0|0|0|0|1|1|1|1|0|0|1|0|2856|2856|NA|NA|NA|243|84|222|17938046|80802.009009009|0
"340076083032"|0|1|0|0|0|0|0|1|1|0|0|1|1|0|0|NA|NA|NA|NA|NA|0|0|0|0|NA|0
"340076103002"|0|1|1|0|1|0|0|1|1|1|0|0|0|1|0|12900|30600|18696|30816|12923|566|126|600|79216346|132027.243333333|0
"340076110005"|0|1|0|0|0|0|0|1|1|0|0|1|1|0|0|NA|NA|NA|NA|NA|0|0|0|0|NA|0
"340110410021"|0|1|0|0|0|0|0|1|1|1|1|0|0|1|0|4260|4260|NA|NA|NA|98|43|76|5207652|68521.7368421053|0
"340130011001"|0|1|1|0|0|0|0|1|1|1|0|0|0|0|1|15198|31658|21932|32426|14600|985|284|982|128826046|131187.419551935|0
"340130080001"|0|1|1|0|0|0|0|1|1|1|0|0|1|0|0|22968|22968|18480|18480|NA|49|6|22|1497262|68057.3636363636|0
"340130081002"|0|2|1|0|1|0|0|2|2|2|1|0|0|1|1|20797|38497|NA|NA|NA|1329|269|1316|190506040|246669.130644316|0
"340130113002"|0|1|0|0|0|0|0|1|1|0|0|1|1|0|0|NA|NA|NA|NA|NA|0|0|0|0|NA|0
"340130113003"|0|1|0|0|0|0|0|1|1|1|1|0|1|0|0|NA|NA|NA|NA|NA|7|1|8|192000|24000|0
"340130136003"|0|1|0|0|0|0|0|1|1|1|1|0|1|0|0|15227|15227|NA|NA|NA|28|6|14|609312|43522.2857142857|0
"340130146001"|0|1|0|0|0|0|0|1|0|0|0|0|0|0|0|NA|NA|NA|NA|NA|0|0|0|0|NA|0
"340130148001"|0|1|0|0|0|0|0|1|1|0|0|1|0|1|0|NA|NA|NA|NA|NA|0|0|0|0|NA|0
"340130154004"|0|3|2|0|0|0|0|3|3|2|0|1|2|1|0|NA|NA|NA|NA|NA|136|59|94|8602776|NA|0
"340130192001"|0|1|1|0|0|0|0|1|1|1|0|0|0|1|0|46380|46380|33528|33528|16532|802|297|910|95619900|105076.813186813|0
"340130217023"|0|1|1|0|0|0|0|1|1|1|0|0|0|1|0|35950|35950|15966|15966|13399|134|54|158|11861192|75070.835443038|0
"340130230002"|0|1|0|0|0|0|0|1|1|0|0|1|1|0|0|NA|NA|NA|NA|NA|0|0|0|0|NA|0
"340155011063"|0|1|0|0|0|0|0|1|1|1|1|0|0|1|0|4260|4260|NA|NA|NA|240|83|156|10919050|69993.9102564103|0
"340155012041"|0|1|0|0|0|0|0|1|1|0|0|1|1|0|0|NA|NA|NA|NA|NA|0|0|0|0|NA|0
"340155014041"|0|1|1|0|0|1|0|1|1|1|0|0|0|0|1|10715|20108|13695|13695|15956|1347|214|1170|118102276|100942.116239316|0
"340170009024"|0|1|0|0|0|0|0|1|1|1|0|0|1|0|0|17096|17096|NA|NA|NA|43|6|22|1734000|78818.1818181818|0
"340170019001"|0|1|0|0|0|0|0|1|1|0|0|1|1|0|0|NA|NA|NA|NA|NA|0|0|0|0|NA|0
"340170020012"|0|1|0|0|0|0|0|1|1|0|0|1|1|0|0|NA|NA|NA|NA|NA|0|0|0|0|NA|0
"340170020022"|0|1|0|0|0|0|0|1|1|1|1|0|0|1|0|7152|10560|NA|NA|NA|266|122|188|13708308|72916.5319148936|0
"340170028001"|0|1|1|0|0|0|0|1|1|1|0|0|0|1|0|38790|38790|14670|14670|17108|217|81|212|16833006|79400.9716981132|0
"340170052001"|0|1|1|0|0|0|0|1|1|1|0|0|0|1|0|13384|23983|14346|22892|15800|511|99|406|48621996|119758.610837438|0
"340170159004"|0|1|0|0|0|0|0|1|1|0|0|1|1|0|0|NA|NA|NA|NA|NA|0|0|0|0|NA|0
"340170164003"|0|1|0|0|0|0|0|1|1|0|0|1|1|0|0|NA|NA|NA|NA|NA|0|0|0|0|NA|0
"340170187011"|0|1|1|0|0|0|0|1|1|1|0|0|0|1|0|56424|56424|39408|39408|17080|784|160|660|98405020|149098.515151515|0
"340210006003"|0|2|0|0|0|0|0|2|2|0|0|2|2|0|0|25484|25484|NA|NA|NA|0|0|0|0|NA|0
"340210011012"|0|1|1|0|0|0|0|1|1|1|0|0|0|1|0|7372|9556|12150|12150|NA|293|120|0|0|NA|0
"340210032014"|0|1|1|0|0|0|0|1|1|1|0|0|0|1|0|36000|36000|18234|18234|16130|346|129|346|37144478|107353.98265896|0
"340210032021"|0|1|0|0|0|0|0|1|1|0|0|1|1|0|0|NA|NA|NA|NA|NA|0|0|0|0|NA|0
"340210037033"|0|1|1|0|0|0|0|1|1|1|0|0|0|1|0|14140|26934|15545|15545|14144|746|193|730|85536400|117173.150684932|0
"340210037073"|0|1|0|0|0|0|0|1|1|0|0|1|1|0|0|NA|NA|NA|NA|NA|0|0|0|0|NA|0
"340210043062"|0|1|0|0|0|0|0|1|1|1|1|0|0|1|0|4848|7254|NA|NA|NA|241|97|206|17196782|83479.5242718447|0
"340210045014"|0|1|1|0|0|0|0|1|1|1|0|0|0|1|0|57410|57410|57410|57410|18630|5793|1244|2038|413808900|203046.565260059|0
"340210045022"|0|0|1|0|0|0|0|1|1|1|0|0|1|0|0|NA|NA|19750|19750|NA|160|40|72|8547996|118722.166666667|0
"340230006032"|0|2|1|0|0|0|0|2|2|1|0|1|2|0|0|NA|NA|NA|NA|NA|0|0|0|0|NA|0
"340230010042"|0|3|0|0|0|0|0|3|3|0|0|2|2|0|0|NA|NA|NA|NA|NA|0|0|0|0|NA|0
"340230014182"|0|1|0|0|0|0|0|1|1|0|0|1|1|0|0|NA|NA|NA|NA|NA|0|0|0|0|NA|0
"340230018032"|0|1|0|0|0|0|0|1|1|1|0|0|1|0|0|12450|12450|NA|NA|3600|7|1|10|634000|63400|0
"340230018062"|0|1|0|0|0|0|0|1|1|1|1|0|0|1|0|5472|5472|NA|NA|NA|348|106|264|24782630|93873.5984848485|0
"340230030021"|0|2|1|0|0|0|0|2|2|1|0|1|2|0|0|NA|NA|NA|NA|NA|24|0|14|1893486|NA|0
"340230031012"|0|1|0|0|0|0|0|1|1|0|0|1|1|0|0|NA|NA|NA|NA|NA|0|0|0|0|NA|0
"340230049002"|0|1|0|0|0|0|0|1|1|0|0|1|1|0|0|NA|NA|NA|NA|NA|0|0|0|0|NA|0
"340230051002"|0|1|2|0|1|1|0|2|2|2|0|0|1|0|1|NA|NA|34896|48000|NA|10913|1940|4618|647292134|225304.049522155|0
"340230062061"|0|1|0|0|0|0|0|1|1|1|0|0|0|1|0|19572|19572|NA|NA|NA|0|0|0|0|NA|0
"340230067031"|0|1|0|0|0|0|0|1|1|0|0|1|1|0|0|NA|NA|NA|NA|NA|0|0|0|0|NA|0
"340258015001"|0|1|0|0|0|0|0|1|1|1|1|0|0|1|0|7755|8505|NA|NA|NA|322|75|378|32627944|86317.3121693122|0
"340258025004"|0|1|0|0|0|0|0|1|1|1|0|0|1|0|0|8550|8550|NA|NA|3000|1|0|4|230000|57500|0
"340258062012"|0|1|1|0|0|0|0|1|1|1|0|0|0|1|0|42504|42504|32352|32352|15873|601|266|558|54622026|97888.935483871|0
"340258065011"|0|1|0|0|0|0|0|1|1|0|0|1|1|0|0|NA|NA|NA|NA|NA|0|0|0|0|NA|0
"340258104023"|0|1|0|0|0|0|0|1|1|0|0|1|1|0|0|NA|NA|NA|NA|NA|0|0|0|0|NA|0
"340258111011"|0|1|0|0|0|0|0|1|1|1|0|0|1|0|0|14100|14100|NA|NA|3000|1|0|6|157720|26286.6666666667|0
"340258112004"|0|1|0|0|0|0|0|1|1|0|0|1|1|0|0|NA|NA|NA|NA|NA|0|0|0|0|NA|0
"340258113041"|0|1|0|0|0|0|0|1|1|1|0|0|1|0|0|9600|9600|NA|NA|3200|1|0|8|655800|81975|0
"340258122003"|0|1|0|0|0|0|0|1|1|0|0|1|1|0|0|NA|NA|NA|NA|NA|0|0|0|0|NA|0
"340270408032"|0|1|0|0|0|0|0|1|1|0|0|1|1|0|0|NA|NA|NA|NA|NA|0|0|0|0|NA|0
"340270413003"|0|1|0|0|0|0|0|1|1|1|1|0|1|0|0|5773|5773|NA|NA|6240|3|0|0|0|NA|0
"340270415001"|0|1|0|0|0|0|0|1|0|0|0|1|1|0|0|NA|NA|NA|NA|NA|0|0|0|0|NA|0
"340270416062"|0|1|0|0|0|0|0|1|1|0|0|1|1|0|0|NA|NA|NA|NA|NA|0|0|0|0|NA|0
"340270426012"|0|2|2|0|0|0|0|2|2|2|0|0|0|2|0|71711|71711|39297|39297|28332|309|100|408|33373218|156698.91037037|0
"340270432002"|0|1|1|0|0|0|0|1|1|1|0|0|0|1|0|43074|43074|24318|24318|16402|188|77|262|21903426|83600.8625954199|0
"340270434023"|0|1|1|0|0|0|0|1|1|1|0|0|1|0|0|13000|13000|13000|13000|8000|21|3|36|2087640|57990|0
"340270448003"|0|1|0|0|0|0|0|1|1|0|0|1|1|0|0|20700|20700|NA|NA|8030|0|0|0|0|NA|0
"340270455032"|0|1|0|0|0|0|0|1|1|0|0|1|1|0|0|NA|NA|NA|NA|NA|0|0|0|0|NA|0
"340270465001"|0|1|0|0|0|0|0|1|1|1|1|0|0|1|0|8970|12750|NA|NA|NA|260|102|260|21662998|83319.2230769231|0
"340297134022"|0|1|0|0|0|0|0|1|1|0|0|0|0|0|0|NA|NA|NA|NA|NA|0|0|0|0|NA|0
"340297140006"|0|1|0|0|0|0|0|1|1|0|0|1|1|0|0|NA|NA|NA|NA|NA|0|0|0|0|NA|0
"340297150011"|0|1|0|0|0|0|0|1|1|1|0|0|1|0|0|12600|12600|NA|NA|5400|8|0|12|708422|59035.1666666667|0
"340297150021"|0|2|0|0|0|0|0|2|2|2|0|0|2|0|0|19710|19710|NA|NA|3040|1|0|14|740000|109000|0
"340297152011"|0|1|0|0|0|0|0|1|1|1|0|0|1|0|0|9720|9720|NA|NA|2100|1|0|4|278000|69500|0
"340297152012"|0|2|0|0|0|0|0|2|2|2|0|0|2|0|0|18800|18800|NA|NA|2850|8|0|22|1025700|95536.6666666667|0
"340297152013"|0|1|0|0|0|0|0|1|1|1|0|0|1|0|0|9800|9800|NA|NA|2400|0|0|6|94776|15796|0
"340297152021"|0|1|0|0|0|0|0|1|1|1|1|0|1|0|0|11750|11750|NA|NA|5120|7|4|4|352500|88125|0
"340297153011"|0|1|0|0|0|0|0|1|1|1|0|0|1|0|0|11750|11750|NA|NA|2400|2|0|16|584200|36512.5|0
"340297153012"|0|1|0|0|0|0|0|1|1|1|0|0|1|0|0|7800|7800|NA|NA|4400|3|0|10|386872|38687.2|0
"340297154013"|0|1|1|0|0|0|0|1|1|1|0|0|0|1|0|33838|33838|16956|16956|12296|162|70|190|13971980|73536.7368421053|0
"340297154032"|0|1|1|0|0|0|0|1|1|1|0|0|0|1|0|24366|24366|4360|4360|NA|61|18|36|3755582|104321.722222222|0
"340297157011"|0|1|0|0|0|0|0|1|1|1|0|0|1|0|0|13700|13700|NA|NA|2200|1|0|8|344600|43075|0
"340297157012"|0|1|0|0|0|0|0|1|1|1|0|0|1|0|0|12000|12000|NA|NA|3680|1|0|8|261362|32670.25|0
"340297158002"|0|1|0|0|0|0|0|1|1|1|0|0|1|0|0|12500|12500|NA|NA|2800|5|0|12|412000|34333.3333333333|0
"340297159011"|0|2|0|0|0|0|0|2|2|2|0|0|2|0|0|20060|20060|NA|NA|5800|2|0|16|514912|64364|0
"340297221003"|0|1|0|0|0|0|0|1|1|0|0|1|1|0|0|NA|NA|NA|NA|NA|0|0|0|0|NA|0
"340297223002"|0|1|0|0|0|0|0|1|1|1|1|0|0|1|0|5320|7442|NA|NA|NA|307|106|216|16137498|74710.6388888889|0
"340297228001"|0|1|0|0|0|0|0|1|1|0|0|1|1|0|0|NA|NA|NA|NA|NA|0|0|0|0|NA|0
"340311244033"|0|0|1|0|0|1|0|1|1|1|0|0|1|0|0|NA|NA|NA|NA|NA|0|0|0|0|NA|0
"340311246012"|0|1|0|0|0|0|0|1|1|0|0|1|1|0|0|NA|NA|NA|NA|NA|0|0|0|0|NA|0
"340311250006"|0|1|0|0|0|0|0|1|1|0|0|1|1|0|0|NA|NA|NA|NA|NA|0|0|0|0|NA|0
"340311540041"|0|1|1|0|0|0|0|1|1|1|0|0|0|0|1|12755|21465|13740|13740|16170|1229|373|1280|152127856|118849.8875|0
"340311827011"|0|1|0|0|0|0|0|1|1|0|0|1|1|0|0|NA|NA|NA|NA|NA|0|0|0|0|NA|0
"340311832002"|0|1|0|0|0|0|0|1|1|1|1|0|0|1|0|7260|9300|NA|NA|NA|261|69|150|13089824|87265.4933333333|0
"340312366011"|0|1|0|0|0|0|0|1|1|0|0|0|0|0|0|NA|NA|NA|NA|NA|0|0|0|0|NA|0
"340312460013"|0|1|1|0|0|0|0|1|1|1|0|0|0|1|0|14192|23192|15411|22172|13160|604|260|576|72352890|125612.65625|0
"340312463002"|0|1|0|0|0|0|0|1|1|0|0|1|1|0|0|NA|NA|NA|NA|NA|0|0|0|0|NA|0
"340312641021"|0|1|1|0|0|0|0|1|1|1|0|0|0|1|0|25438|25438|19716|19716|NA|166|51|112|9686460|86486.25|0
"340330206002"|0|1|0|0|0|0|0|1|1|1|1|0|0|1|0|6930|9600|NA|NA|NA|47|13|30|1992262|66408.7333333333|0
"340350517002"|0|1|0|0|0|0|0|1|1|0|0|1|1|0|0|NA|NA|NA|NA|NA|0|0|0|0|NA|0
"340350518002"|0|1|0|0|0|0|0|1|1|1|0|0|1|0|0|9550|9550|NA|NA|1450|2|0|4|185000|46250|0
"340350535012"|0|1|0|0|0|0|0|1|1|0|0|1|1|0|0|NA|NA|NA|NA|NA|0|0|0|0|NA|0
"340350536042"|0|1|0|0|0|0|0|1|1|1|1|0|0|1|0|6096|6096|NA|NA|NA|197|50|238|19654056|82580.0672268908|0
"340373737001"|0|1|0|0|0|0|0|1|1|1|1|0|0|1|0|5040|6720|NA|NA|NA|83|25|50|4139150|82783|0
"340390316022"|0|1|0|0|0|0|0|1|1|1|0|0|1|0|0|11200|11200|NA|NA|5400|1|0|12|609808|50817.3333333333|0
"340390327023"|0|1|0|0|0|0|0|1|1|0|0|1|0|1|0|NA|NA|NA|NA|NA|0|0|0|0|NA|0
"340390331003"|0|1|0|0|0|0|0|1|1|0|0|1|1|0|0|NA|NA|NA|NA|NA|0|0|0|0|NA|0
"340390331005"|0|1|0|0|0|0|0|1|1|1|0|0|1|0|0|11350|11350|NA|NA|2200|1|0|8|249298|31162.25|0
"340390335011"|0|1|0|0|0|0|0|1|1|0|0|1|1|0|0|NA|NA|NA|NA|NA|0|0|0|0|NA|0
"340390335022"|0|1|1|0|0|0|0|1|1|1|0|0|0|0|1|10758|18150|16225|21335|14834|628|249|744|74926158|100707.201612903|0
"340390336005"|0|1|0|0|0|0|0|1|1|0|0|1|1|0|0|NA|NA|NA|NA|NA|0|0|0|0|NA|0
"340390371002"|0|1|0|0|0|0|0|1|1|1|1|0|0|1|0|10562|10562|NA|NA|NA|278|40|160|16434986|102718.6625|0
"340390386012"|0|1|0|0|0|0|0|1|0|0|0|1|1|0|0|NA|NA|NA|NA|NA|0|0|0|0|NA|0
"340390397002"|0|1|0|0|0|0|0|1|1|0|0|1|1|0|0|6420|12840|NA|NA|6384|0|0|0|0|NA|0
"340410314023"|0|1|1|0|0|0|0|1|1|1|0|0|0|1|0|34890|34890|18180|18180|12770|115|51|120|8217894|68482.45|0
"340410319003"|0|1|0|0|0|0|0|1|1|1|1|0|0|1|0|5100|5700|NA|NA|NA|30|9|46|3500884|76106.1739130435|0
"350010001224"|0|1|0|0|0|0|0|1|1|0|0|1|1|0|0|NA|NA|NA|NA|NA|0|0|0|0|NA|0
"350010001273"|0|1|0|0|0|0|0|1|1|0|0|1|1|0|0|NA|NA|NA|NA|NA|0|0|0|0|NA|0
"350010002073"|0|1|0|0|0|0|0|1|1|0|0|1|1|0|0|NA|NA|NA|NA|NA|0|0|0|0|NA|0
"350010002083"|0|1|0|0|0|0|0|1|1|1|1|0|1|0|0|NA|NA|NA|NA|NA|18|11|60|4694596|78243.2666666667|0
"350010012022"|0|1|0|0|0|0|0|1|1|1|1|0|0|0|1|1512|7632|NA|NA|NA|940|161|586|41745586|71238.2013651877|0
"350010018002"|0|1|1|0|1|1|0|1|1|1|0|0|0|0|1|6803|25139|6287|20442|10916|2869|877|2140|214515536|100240.904672897|0
"350010022003"|0|1|0|0|0|0|0|1|1|0|0|1|1|0|0|NA|NA|NA|NA|NA|0|0|0|0|NA|0
"350010024013"|0|1|0|0|0|0|0|1|1|1|0|0|1|0|0|NA|NA|NA|NA|NA|18|6|36|3235010|89861.3888888889|0
"350010029003"|0|1|0|0|0|0|0|1|1|1|1|0|1|0|0|NA|NA|NA|NA|NA|17|2|34|2647702|77873.5882352941|0
"350010047223"|0|1|0|0|0|0|1|1|1|1|1|0|1|0|0|NA|NA|NA|NA|NA|54|12|34|2893338|85098.1764705882|0
"350050003022"|0|1|0|0|0|0|0|1|1|1|1|0|1|0|0|2000|8880|NA|NA|6326|208|52|158|11857436|75047.0632911392|0
"350050011013"|0|1|0|0|0|0|0|1|1|1|1|0|0|1|0|2040|5232|NA|NA|NA|166|41|72|4334368|60199.5555555556|0
"350069744012"|0|1|0|0|0|0|0|1|1|1|1|0|1|0|0|2184|4080|NA|NA|NA|24|9|26|1489360|57283.0769230769|0
"350090004001"|0|1|0|0|0|0|0|1|1|1|1|0|0|1|0|1416|2904|NA|NA|NA|108|35|90|5185338|57614.8666666667|0
"350130010002"|0|1|1|0|0|0|0|1|1|1|0|0|0|0|1|6283|23407|5184|18023|11252|2071|597|1252|115211468|92021.9392971246|0
"350130010003"|0|0|1|0|0|1|0|1|1|1|0|0|1|0|0|NA|NA|NA|NA|NA|0|0|0|0|NA|0
"350130012031"|0|1|0|0|0|0|0|1|1|0|0|1|1|0|0|NA|NA|NA|NA|NA|0|0|0|0|NA|0
"350130012083"|0|1|0|0|0|0|0|1|1|1|1|0|0|1|0|2040|5682|NA|NA|NA|211|74|238|16398968|68903.2268907563|0
"350150004012"|0|1|0|0|0|0|0|1|1|1|1|0|0|1|0|1776|3816|NA|NA|NA|70|16|72|5235144|72710.3333333333|0
"350179644022"|0|1|1|0|0|0|0|1|1|1|0|0|0|1|0|4770|11400|3843|8730|10940|276|96|210|14709382|70044.6761904762|0
"350250007022"|0|1|0|0|0|0|0|1|1|1|1|0|0|1|0|1440|1800|NA|NA|4400|160|20|128|7796028|60906.46875|0
"350250007031"|0|1|1|0|0|0|0|1|1|1|0|0|0|1|0|17000|17000|22500|22500|8910|55|16|50|2278004|45560.08|0
"350279606011"|0|1|0|0|0|0|0|1|1|1|1|0|1|0|0|1704|2544|NA|NA|NA|49|10|14|804568|57469.1428571429|0
"350280002003"|0|1|0|0|0|0|0|1|1|1|1|0|0|1|0|2096|5460|NA|NA|NA|20|6|6|309848|51641.3333333333|0
"350319435003"|0|1|1|0|0|0|1|1|1|1|0|0|0|1|0|1752|1752|5220|5220|8072|180|25|182|9957870|54713.5714285714|0
"350319455011"|0|1|0|0|0|0|0|1|1|1|1|0|0|1|0|1932|4708|NA|NA|NA|73|32|110|7677596|69796.3272727273|0
"350350002001"|0|1|0|0|0|0|0|1|1|0|0|1|1|0|0|NA|NA|NA|NA|NA|0|0|0|0|NA|0
"350350003041"|0|1|0|0|0|0|0|1|1|1|1|0|0|1|0|2328|5400|NA|NA|NA|52|20|58|4002180|69003.1034482759|0
"350379586012"|0|1|0|0|0|0|0|1|1|1|1|0|1|0|0|1512|2784|NA|NA|9224|41|10|34|2200000|64705.8823529412|0
"350399407002"|0|1|1|0|0|0|0|1|1|1|0|0|0|1|0|5064|14328|3798|10746|NA|114|22|86|5881104|68384.9302325581|0
"350410003003"|0|1|1|0|0|0|0|1|1|1|0|0|0|1|0|4194|6174|5454|7226|8170|330|98|312|21912360|70231.9230769231|0
"350430107312"|0|1|0|0|0|0|0|1|1|0|0|1|1|0|0|NA|NA|NA|NA|NA|0|0|0|0|NA|0
"350450002022"|0|1|0|0|0|0|0|1|1|1|1|0|0|1|0|1344|4272|NA|NA|10480|341|133|284|18590574|65459.7676056338|0
"350479573003"|0|1|1|0|0|0|0|1|1|1|0|0|0|1|0|4782|9630|4109|7565|9302|429|184|246|17005836|69129.4146341463|0
"350479576021"|0|1|0|0|0|0|0|1|1|1|1|0|1|0|0|1488|2832|NA|NA|NA|81|30|48|2258148|47044.75|0
"350490010012"|0|0|1|0|0|0|0|1|1|1|0|0|1|0|0|NA|NA|26997|26997|NA|2|0|0|0|NA|0
"350490011032"|0|1|0|0|0|0|0|1|1|0|0|1|1|0|0|NA|NA|NA|NA|NA|0|0|0|0|NA|0
"350490012052"|0|0|1|0|0|0|0|1|1|1|0|0|1|0|0|NA|NA|18400|18400|NA|24|4|10|910636|91063.6|0
"350490104001"|0|1|1|0|0|0|0|1|1|1|0|0|1|0|0|36040|36040|25162|25162|14710|105|35|84|7023856|83617.3333333333|0
"350490106012"|0|1|0|0|0|0|0|1|1|1|1|0|0|1|0|1830|4320|NA|NA|NA|255|33|128|7860274|61408.390625|0
"350490106013"|0|1|1|0|0|0|1|1|1|1|0|0|1|0|0|4926|4926|12000|12000|11868|84|12|50|3168828|63376.56|0
"350539783022"|0|1|1|0|0|0|0|1|1|1|0|0|0|1|0|7664|24918|8005|26479|8332|641|136|286|24928804|87163.6503496503|0
"350559526024"|0|1|0|0|0|0|0|1|1|1|1|0|0|1|0|1872|4872|NA|NA|NA|65|23|50|3071124|61422.48|0
"350619703021"|0|1|0|0|0|0|0|1|1|1|1|0|0|1|0|1788|5040|NA|NA|NA|85|26|62|3728904|60143.6129032258|0
"360010003021"|0|1|0|0|0|0|0|1|1|1|1|0|1|0|0|12888|12888|NA|NA|NA|29|2|16|1125420|70338.75|0
"360010004011"|0|1|1|0|0|0|0|1|1|1|0|0|0|0|1|NA|NA|NA|NA|NA|343|71|0|0|NA|0
"360010004041"|0|1|1|0|0|0|0|1|1|1|0|0|0|0|1|7070|24910|11310|23100|15598|1515|240|1208|125418320|103823.112582781|0
"360010005014"|0|1|0|0|0|0|0|1|1|0|0|1|1|0|0|NA|NA|NA|NA|NA|0|0|0|0|NA|0
"360010005021"|0|1|1|0|0|0|0|1|1|1|0|0|0|1|0|35104|35104|15228|15228|14186|280|66|236|17491960|74118.4745762712|0
"360010011001"|0|1|1|0|0|0|0|1|1|0|0|0|0|0|0|NA|NA|NA|NA|NA|471|95|0|0|NA|0
"360010018041"|0|2|1|0|0|0|0|2|2|2|1|0|2|0|0|27436|27436|NA|NA|NA|62|15|76|6178032|161810.84375|0
"360010021002"|0|1|2|0|0|0|0|2|2|2|0|0|2|0|0|NA|NA|76157|76157|NA|233|62|234|25138388|226453.628205128|0
"360010021003"|0|0|1|0|0|1|0|1|1|1|0|0|1|0|0|NA|NA|28992|28992|NA|1337|502|0|0|NA|0
"360010135072"|0|1|0|0|0|0|0|1|1|0|0|1|1|0|0|NA|NA|NA|NA|NA|0|0|0|0|NA|0
"360010136042"|0|1|1|0|0|0|0|1|1|1|0|0|0|1|0|40945|40945|25660|25660|16610|404|123|438|40190880|91760|0
"360010137031"|0|1|0|0|0|0|0|1|1|0|0|1|1|0|0|NA|NA|NA|NA|NA|0|0|0|0|NA|0
"360010140013"|0|1|0|0|0|0|0|1|1|1|0|0|1|0|0|17706|17706|NA|NA|NA|35|18|18|981684|54538|0
"360039503003"|0|1|1|0|0|0|0|1|1|1|0|0|1|0|0|15900|15900|20905|20905|10336|112|48|108|6295556|58292.1851851852|0
"360039508002"|0|1|0|0|0|0|0|1|1|1|0|0|0|1|0|7070|14150|NA|NA|13620|369|76|354|21446772|60584.1016949153|0
"360039508003"|0|1|1|0|0|0|0|1|1|1|0|0|0|1|0|36444|36444|24278|24278|13560|331|101|290|20166484|69539.6|0
"360050051001"|0|1|0|0|0|0|0|1|1|1|1|0|0|1|0|4800|7680|NA|NA|NA|395|127|350|35134000|100382.857142857|0
"360050118001"|0|1|1|0|0|0|0|1|1|1|0|0|0|1|0|7070|16980|11310|23100|15240|193|38|164|13649494|83228.6219512195|0
"360050212004"|0|1|0|0|0|0|0|1|1|0|0|1|1|0|0|NA|NA|NA|NA|NA|0|0|0|0|NA|0
"360050237021"|0|1|0|0|0|0|0|1|1|0|0|1|1|0|0|NA|NA|NA|NA|NA|0|0|0|0|NA|0
"360050249001"|0|1|0|0|0|0|0|1|1|1|1|0|0|1|0|4800|7680|NA|NA|NA|508|168|502|52689276|104958.717131474|0
"360050265004"|0|1|1|0|0|0|0|1|1|1|0|0|0|1|0|15432|15432|16560|16560|11300|292|182|372|28687770|77117.6612903226|0
"360050296002"|0|0|1|0|0|1|0|1|1|1|0|0|0|1|0|NA|NA|50000|50000|NA|0|0|0|0|NA|0
"360050307011"|0|1|0|0|0|0|0|1|1|1|0|0|1|0|0|11000|11000|NA|NA|6000|9|0|10|651032|65103.2|0
"360050319001"|0|1|1|0|0|0|0|1|1|1|0|0|0|1|0|39500|39500|15300|15300|13500|242|50|158|13274346|84014.8481012658|0
"360050334001"|0|1|0|0|0|0|0|1|1|0|0|1|1|0|0|8000|8000|NA|NA|NA|0|0|0|0|NA|0
"360050351001"|0|1|1|0|0|0|0|1|1|1|0|0|0|1|0|44100|44100|21420|21420|18440|330|87|462|49783618|107756.748917749|0
"360050397001"|0|1|1|0|0|0|0|1|1|1|0|0|0|0|1|56920|56920|23112|23112|21060|1529|508|1440|193741970|134543.034722222|0
"360050409001"|0|1|1|0|0|0|0|1|1|1|0|0|0|0|1|6930|14880|11090|20520|NA|558|163|756|80696856|106741.873015873|0
"360070016001"|0|1|0|0|0|0|0|1|1|0|0|1|1|0|0|NA|NA|NA|NA|NA|0|0|0|0|NA|0
"360070128001"|0|1|0|0|0|0|0|1|1|0|0|1|1|0|0|NA|NA|NA|NA|NA|0|0|0|0|NA|0
"360070128004"|0|1|0|0|0|0|0|1|1|1|1|0|0|1|0|5280|10560|NA|NA|12832|227|59|276|18465698|66904.7028985507|0
"360070141001"|0|1|0|0|0|0|0|1|1|1|0|0|1|0|0|16500|16500|NA|NA|7600|6|1|10|320000|32000|0
"360070143023"|0|1|1|0|0|0|0|1|1|1|0|0|0|0|1|7070|24910|11310|23100|17506|1602|360|1592|166255604|104431.912060302|0
"360099610004"|0|1|0|0|0|0|0|1|1|0|0|1|1|0|0|NA|NA|NA|NA|NA|0|0|0|0|NA|0
"360099613021"|0|1|1|0|0|0|0|1|1|1|0|0|0|1|0|37620|37620|14520|14520|14450|327|117|322|22727876|70583.4658385093|0
"360110410022"|0|1|0|0|0|0|0|1|1|1|0|0|1|0|0|32362|32362|NA|NA|14800|112|29|72|5321292|73906.8333333333|0
"360110413005"|0|1|0|0|0|0|0|1|1|0|0|1|1|0|0|12075|12075|NA|NA|NA|0|0|0|0|NA|0
"360110414004"|0|1|0|0|0|0|0|1|1|1|1|0|0|1|0|4992|9984|NA|NA|NA|104|29|76|6405420|84281.8421052632|0
"360130301001"|0|1|0|0|0|0|0|1|1|1|1|0|0|1|0|5300|10600|NA|NA|12810|185|67|108|6400660|59265.3703703704|0
"360130305005"|0|1|0|0|0|0|0|1|1|1|0|0|1|0|0|12000|12000|NA|NA|NA|7|1|6|366682|61113.6666666667|0
"360130359021"|0|1|1|0|0|0|0|1|1|1|0|0|0|1|0|7070|16980|11310|23100|14180|356|78|430|32699142|76044.5162790698|0
"360130368012"|0|1|0|0|0|0|0|1|1|0|0|1|1|0|0|NA|NA|NA|NA|NA|0|0|0|0|NA|0
"360150004001"|0|1|0|0|0|0|0|1|1|1|1|0|1|0|0|NA|NA|NA|NA|NA|3|0|12|791188|65932.3333333333|0
"360150006001"|0|1|1|0|0|0|0|1|1|1|0|0|1|0|0|35270|35270|15546|15546|13388|143|48|108|6010730|55654.9074074074|0
"360150106001"|0|1|0|0|0|0|0|1|1|0|0|1|1|0|0|NA|NA|NA|NA|NA|0|0|0|0|NA|0
"360179705011"|0|1|0|0|0|0|0|1|1|0|0|1|1|0|0|NA|NA|NA|NA|NA|0|0|0|0|NA|0
"360191010002"|0|1|0|0|0|0|0|1|1|0|0|1|1|0|0|NA|NA|NA|NA|NA|0|0|0|0|NA|0
"360191016001"|0|1|0|0|0|0|0|1|1|0|0|1|1|0|0|NA|NA|NA|NA|NA|0|0|0|0|NA|0
"360191021001"|0|1|0|0|0|0|0|1|1|1|1|0|1|0|0|5518|5518|NA|NA|NA|45|7|46|2710174|58916.8260869565|0
"360191030001"|0|1|1|0|0|0|0|1|1|1|0|0|0|1|0|7070|16980|11310|23100|15380|424|116|448|33631904|75071.2142857143|0
"360210011002"|0|1|0|0|0|0|0|1|1|1|1|0|0|1|0|5112|10224|NA|NA|NA|78|9|70|4055172|57931.0285714286|0
"360239708001"|0|1|1|0|0|0|0|1|1|1|0|0|0|1|0|7070|16980|11310|23100|13620|600|160|640|45308636|70794.74375|0
"360259709001"|0|1|1|0|0|0|0|1|1|1|0|0|0|1|0|7070|10840|11310|13570|14040|273|61|266|17539718|65938.7894736842|0
"360270703012"|0|1|0|0|0|0|0|1|1|0|0|1|1|0|0|NA|NA|NA|NA|NA|0|0|0|0|NA|0
"360270704012"|0|1|1|0|0|0|0|1|1|1|0|0|0|1|0|33850|33850|21140|21140|13110|404|29|260|27483552|105705.969230769|0
"360271401013"|0|1|0|0|0|0|0|1|1|1|1|0|0|1|0|4600|9200|NA|NA|13170|211|48|212|19269508|90893.9056603774|0
"360271401015"|0|1|1|0|0|0|0|1|1|1|0|0|0|1|0|43900|43900|16020|16020|17150|588|200|486|45338148|93288.3703703704|0
"360271500032"|0|1|1|0|0|0|0|1|1|1|0|0|0|1|0|59800|59800|39780|39780|17180|644|143|414|44393074|107229.647342995|0
"360274100001"|0|1|1|0|0|0|0|1|1|1|0|0|0|1|0|63840|63840|63840|63840|16560|708|106|600|68183466|113639.11|0
"360290005001"|0|1|0|0|0|0|0|1|1|0|0|1|1|0|0|NA|NA|NA|NA|NA|0|0|0|0|NA|0
"360290008003"|0|1|0|0|0|0|0|1|1|1|0|0|0|1|0|18890|18890|NA|NA|NA|74|12|54|3562340|65969.2592592593|0
"360290052021"|0|1|1|0|0|0|0|1|1|1|0|0|0|1|0|30180|30180|15480|15480|12158|244|99|256|20507588|80107.765625|0
"360290053002"|0|1|1|0|0|0|0|1|1|1|0|0|0|1|0|33000|33000|23031|23031|14000|111|30|112|6609372|59012.25|0
"360290063022"|0|1|0|0|0|0|0|1|1|0|0|1|1|0|0|NA|NA|NA|NA|NA|0|0|0|0|NA|0
"360290070003"|0|1|1|0|0|0|0|1|1|1|0|0|0|1|0|29980|29980|19836|19836|9500|169|70|286|21709722|75908.1188811189|0
"360290079042"|0|1|0|0|0|0|0|1|1|0|0|1|1|0|0|NA|NA|NA|NA|NA|0|0|0|0|NA|0
"360290089005"|0|1|0|0|0|0|0|1|1|0|0|1|1|0|0|NA|NA|NA|NA|NA|0|0|0|0|NA|0
"360290091101"|0|1|1|0|1|1|0|1|1|1|0|0|0|0|1|7070|24990|11310|23100|16212|2665|448|2608|302203652|115875.633435583|0
"360290094011"|0|1|1|0|0|0|0|1|1|1|0|0|0|1|0|32090|32090|25344|25344|13630|229|91|280|20755250|74125.8928571429|0
"360290103002"|0|1|0|0|0|0|0|1|1|1|0|0|1|0|0|25930|25930|NA|NA|NA|45|12|68|3450978|50749.6764705882|0
"360290107001"|0|1|0|0|0|0|0|1|1|0|0|1|1|0|0|NA|NA|NA|NA|NA|0|0|0|0|NA|0
"360290115001"|0|1|0|0|0|0|0|1|1|0|0|1|1|0|0|NA|NA|NA|NA|NA|0|0|0|0|NA|0
"360290120021"|0|1|0|0|0|0|0|1|1|0|0|1|1|0|0|NA|NA|NA|NA|NA|0|0|0|0|NA|0
"360290129023"|0|1|1|0|0|0|0|1|1|1|0|0|1|0|0|27400|27400|17955|17955|13500|79|20|66|4012352|60793.2121212121|0
"360290137014"|0|1|0|0|0|0|0|1|1|1|0|0|0|1|0|15146|15146|NA|NA|NA|229|181|104|5560322|53464.6346153846|0
"360290146014"|0|1|0|0|0|0|0|1|1|0|0|1|1|0|0|NA|NA|NA|NA|NA|0|0|0|0|NA|0
"360290165001"|0|2|0|0|0|0|0|2|2|2|1|0|1|1|0|22514|27714|NA|NA|NA|331|86|500|33723700|134794.474242424|0
"360299800001"|0|1|1|0|0|0|0|1|1|1|0|0|0|1|0|7070|16980|11310|23100|14386|791|215|652|54730980|83943.2208588957|0
"360319604011"|0|1|0|0|0|0|0|1|1|1|1|0|0|1|0|5280|12452|NA|NA|8796|65|24|76|4291238|56463.6578947368|0
"360339508001"|0|1|1|0|0|0|0|1|1|1|0|0|1|0|0|32012|32012|23788|23788|15546|96|29|90|4366328|48514.7555555556|0
"360379504011"|0|2|0|0|0|0|0|2|2|1|1|1|1|1|0|NA|NA|NA|NA|NA|183|37|138|9118630|NA|0
"360430104001"|0|1|0|0|0|0|0|1|1|0|0|1|1|0|0|NA|NA|NA|NA|NA|0|0|0|0|NA|0
"360430112002"|0|1|0|0|0|0|0|1|1|1|1|0|0|1|0|5116|5116|NA|NA|12990|110|44|80|4627798|57847.475|0
"360450615003"|0|1|0|0|0|0|0|1|1|1|1|0|0|1|0|5160|5160|NA|NA|12290|108|42|104|7256742|69776.3653846154|0
"360450616003"|0|1|0|0|0|0|0|1|1|0|0|1|1|0|0|18481|18481|NA|NA|NA|0|0|0|0|NA|0
"360470009001"|0|1|1|0|0|0|0|2|2|1|0|1|1|1|0|NA|NA|NA|NA|NA|105|14|136|22578428|NA|0
"360470011001"|0|1|0|0|0|0|0|1|1|1|0|0|0|1|0|13680|13680|NA|NA|13457|0|0|0|0|NA|0
"360470013001"|0|1|0|0|0|0|0|1|1|1|0|0|0|0|1|6930|14880|NA|NA|NA|512|164|752|80540218|107101.353723404|0
"360470021003"|0|1|0|0|0|0|0|1|1|1|1|0|1|0|0|NA|NA|NA|NA|NA|25|6|30|2700000|90000|0
"360470037001"|0|1|1|0|0|0|0|1|1|1|0|0|0|1|0|27188|27188|16000|16000|18000|203|61|204|16195240|79388.431372549|0
"360470062002"|0|1|0|0|0|0|0|1|1|0|0|1|1|0|0|NA|NA|NA|NA|NA|0|0|0|0|NA|0
"360470193003"|0|1|1|0|0|0|0|1|1|1|0|0|0|1|0|55575|55575|35712|35712|15408|626|142|360|37932530|105368.138888889|0
"360470195003"|0|1|1|0|0|0|0|1|1|1|0|0|0|1|0|31760|31760|21456|21456|NA|267|111|320|26923240|84135.125|0
"360470220002"|0|1|0|0|0|0|0|1|1|1|0|0|1|0|0|12600|12600|NA|NA|6800|9|2|82|3506976|42768|0
"360470222001"|0|1|0|0|0|0|0|1|1|1|0|0|1|0|0|12300|12300|NA|NA|4600|7|0|22|789360|35880|0
"360470228002"|0|1|1|0|0|0|0|1|1|1|0|0|1|0|0|12700|12700|12100|12100|4800|7|2|22|1417160|64416.3636363636|0
"360470230001"|0|1|0|0|0|0|0|1|1|1|0|0|1|0|0|12000|12000|NA|NA|4150|6|0|12|547300|45608.3333333333|0
"360470232002"|0|1|0|0|0|0|0|1|1|1|1|0|1|0|0|10800|10800|NA|NA|NA|22|5|0|0|NA|0
"360470232004"|0|1|0|0|0|0|0|1|1|1|0|0|1|0|0|10600|10600|NA|NA|NA|6|3|28|744516|26589.8571428571|0
"360470234002"|0|1|1|0|0|0|0|1|1|1|0|0|1|0|0|9500|9500|3450|3450|5800|5|1|10|388854|38885.4|0
"360470236003"|0|1|0|0|0|0|0|1|1|1|1|0|1|0|0|8950|8950|NA|NA|NA|1|0|0|0|NA|0
"360470240003"|0|1|0|0|0|0|0|1|1|1|0|0|1|0|0|10500|10500|NA|NA|NA|2|0|20|1349798|67489.9|0
"360470242001"|0|1|0|0|0|0|0|1|1|1|0|0|1|0|0|11700|11700|NA|NA|3700|10|2|12|817400|68116.6666666667|0
"360470250001"|0|1|0|0|0|0|0|1|1|1|0|0|1|0|0|20000|20000|NA|NA|6000|8|0|40|2289100|57227.5|0
"360470290003"|0|1|0|0|0|0|0|1|1|0|0|1|1|0|0|NA|NA|NA|NA|NA|0|0|0|0|NA|0
"360470300002"|0|1|0|0|0|0|0|1|1|0|0|1|1|0|0|NA|NA|NA|NA|NA|0|0|0|0|NA|0
"360470319003"|0|1|0|0|0|0|0|1|1|1|0|0|1|0|0|8000|8000|NA|NA|NA|2|2|6|413200|68866.6666666667|0
"360470325003"|0|1|0|0|0|0|0|1|1|1|0|0|0|1|0|6930|14880|NA|NA|NA|340|97|288|30749240|106768.194444444|0
"360470337011"|0|1|0|0|0|0|0|1|1|1|0|0|1|0|0|11000|11000|NA|NA|8200|12|0|48|3340944|69603|0
"360470337012"|0|1|1|0|0|0|0|1|1|1|0|0|1|0|0|8400|8400|6200|6200|3600|15|0|46|1916620|41665.652173913|0
"360470418002"|0|1|1|0|0|0|0|1|1|1|0|0|1|0|0|12170|12170|12170|12170|6617|15|1|30|1248678|41622.6|0
"360470420001"|0|1|0|0|0|0|0|1|1|1|0|0|1|0|0|12380|12380|NA|NA|NA|1|0|2|240000|120000|0
"360470422003"|0|1|0|0|0|0|0|1|1|1|0|0|1|0|0|10500|10500|NA|NA|3600|5|1|30|1262634|42087.8|0
"360470432002"|0|1|0|0|0|0|0|1|1|1|1|0|1|0|0|13920|13920|NA|NA|NA|4|1|6|97486|16247.6666666667|0
"360470462012"|0|1|0|0|0|0|0|1|1|1|0|0|1|0|0|10500|10500|NA|NA|4700|0|0|6|514000|85666.6666666667|0
"360470470001"|0|1|1|0|0|0|0|1|1|1|0|0|1|0|0|12500|12500|1000|1000|3600|2|0|8|426526|53315.75|0
"360470470002"|0|1|0|0|0|0|0|1|1|1|0|0|1|0|0|12300|12300|NA|NA|NA|5|1|18|1189840|66102.2222222222|0
"360470478001"|0|1|0|0|0|0|0|1|1|1|1|0|1|0|0|11900|11900|NA|NA|4200|5|1|0|0|NA|0
"360470478003"|0|1|1|0|0|0|0|1|1|1|0|0|1|0|0|9900|9900|9900|9900|4600|2|0|4|112800|28200|0
"360470492003"|0|1|1|0|0|0|0|1|1|1|0|0|1|0|0|12500|12500|12500|12500|5500|7|2|22|610226|27737.5454545455|0
"360470526002"|0|1|0|0|0|0|0|1|1|0|0|1|1|0|0|NA|NA|NA|NA|NA|0|0|0|0|NA|0
"360470533004"|0|1|0|0|0|0|0|1|1|1|0|0|1|0|0|22500|22500|NA|NA|2700|3|1|12|331706|27642.1666666667|0
"360470535001"|0|1|1|0|0|0|0|1|1|1|0|0|0|1|0|14133|14133|3000|3000|4000|57|11|220|10217558|46443.4454545455|0
"360470535004"|0|1|0|0|0|0|0|1|1|1|0|0|1|0|0|20000|20000|NA|NA|3800|8|3|22|1144000|52000|0
"360470544003"|0|1|0|0|0|0|0|1|1|1|0|0|1|0|0|11000|11000|NA|NA|NA|1|0|12|485200|40433.3333333333|0
"360470554001"|0|2|0|0|0|0|0|2|2|0|0|2|2|0|0|NA|NA|NA|NA|NA|0|0|0|0|NA|0
"360470606001"|0|1|0|0|0|0|0|1|1|0|0|1|1|0|0|NA|NA|NA|NA|NA|0|0|0|0|NA|0
"360470616001"|0|1|0|0|0|0|0|1|1|1|1|0|0|0|1|4800|7680|NA|NA|NA|546|154|640|65043556|101630.55625|0
"360470644001"|0|1|0|0|0|0|0|1|1|1|0|0|1|0|0|8950|8950|NA|NA|5470|3|3|8|642428|80303.5|0
"360470768002"|0|1|1|0|0|0|0|1|1|1|0|0|1|0|0|10800|10800|10800|10800|3300|1|1|22|1715176|77962.5454545455|0
"360470772002"|0|1|1|0|0|0|0|1|1|1|0|0|0|0|1|6930|14880|11090|20520|NA|690|210|910|104380812|114704.189010989|0
"360470816001"|0|1|1|0|1|1|0|1|1|1|0|0|0|1|0|7070|17830|11310|23100|NA|825|103|178|24714968|138848.134831461|0
"360471026001"|0|1|0|0|0|0|0|1|1|1|0|0|1|0|0|9000|9000|NA|NA|4000|3|0|6|213200|35533.3333333333|0
"360510305001"|0|1|1|0|0|0|0|1|1|1|0|0|0|1|0|7070|16980|11310|23100|14166|478|110|422|34378544|81465.7440758294|0
"360510306002"|0|1|0|0|0|0|0|1|1|1|0|0|1|0|0|10105|10105|NA|NA|7400|17|8|12|456560|38046.6666666667|0
"360530305012"|0|1|1|0|0|0|0|1|1|1|0|0|1|0|0|36026|36026|14400|14400|14736|151|38|100|7030450|70304.5|0
"360530307011"|0|1|0|0|0|0|0|1|1|1|0|0|0|1|0|7070|16980|NA|NA|15600|287|69|238|16367610|68771.4705882353|0
"360530309001"|0|1|1|0|0|0|0|1|1|1|0|0|0|1|0|63904|63904|63904|63904|16106|630|228|690|77951406|112973.052173913|0
"360550010003"|0|0|1|0|0|0|0|1|1|1|0|0|1|0|0|NA|NA|3600|3600|NA|10|2|10|679186|67918.6|0
"360550019001"|0|1|0|0|0|0|0|1|1|0|0|1|1|0|0|NA|NA|NA|NA|NA|0|0|0|0|NA|0
"360550031012"|0|1|0|0|0|0|0|1|1|1|0|0|1|0|0|6150|6150|NA|NA|4400|0|0|0|0|NA|0
"360550038072"|0|1|1|0|1|1|0|1|1|1|0|0|0|0|1|60550|60550|41888|41888|18232|3830|825|1602|201421398|125731.209737828|0
"360550104002"|0|1|0|0|0|0|0|1|1|0|0|1|1|0|0|NA|NA|NA|NA|NA|0|0|0|0|NA|0
"360550106013"|0|1|0|0|0|0|0|1|1|0|0|1|1|0|0|NA|NA|NA|NA|NA|0|0|0|0|NA|0
"360550122012"|0|1|1|0|0|0|0|1|1|1|0|0|0|1|0|36748|36748|18756|18756|13666|339|108|440|39319522|89362.55|0
"360550122014"|0|0|1|0|0|0|0|1|1|1|0|0|1|0|0|NA|NA|12690|12690|NA|4|3|10|633960|63396|0
"360550122015"|0|1|1|0|0|0|0|1|1|1|0|0|0|1|0|37330|37330|18810|18810|15190|249|96|350|26448932|75568.3771428571|0
"360550130053"|0|1|0|0|0|0|0|1|1|1|1|0|0|1|0|4756|9512|NA|NA|8950|509|127|462|31917100|69084.632034632|0
"360550131032"|0|1|1|0|0|0|0|1|1|1|0|0|0|0|1|52740|52740|54176|54176|14978|2431|798|2082|207884532|99848.4783861671|0
"360550131041"|0|1|0|0|0|0|0|1|1|0|0|1|1|0|0|NA|NA|NA|NA|NA|0|0|0|0|NA|0
"360550135102"|0|1|0|0|0|0|0|1|1|0|0|1|1|0|0|NA|NA|NA|NA|NA|0|0|0|0|NA|0
"360550136043"|0|1|0|0|0|0|0|1|1|1|0|0|1|0|0|17397|17397|NA|NA|NA|29|20|34|2278192|67005.6470588235|0
"360550142023"|0|1|0|0|0|0|0|1|1|0|0|1|1|0|0|NA|NA|NA|NA|NA|0|0|0|0|NA|0
"360550145051"|0|1|2|0|0|0|0|2|2|2|0|0|1|1|0|NA|NA|24213|24213|NA|178|76|196|13241582|135057.29787234|0
"360550153011"|0|1|1|0|0|0|0|1|1|1|0|0|0|1|0|7070|16980|11310|23100|15442|622|161|632|50280860|79558.3227848101|0
"360570722002"|0|1|0|0|0|0|0|1|1|1|1|0|0|1|0|5184|5184|NA|NA|NA|72|17|70|5532488|79035.5428571429|0
"360593001004"|0|1|1|0|0|0|0|1|1|1|0|0|1|0|0|NA|NA|NA|NA|NA|139|25|218|28523234|130840.52293578|0
"360593018002"|0|0|1|0|0|0|0|1|1|1|0|0|1|0|0|NA|NA|1|1|NA|0|0|0|0|NA|0
"360593036004"|0|1|1|0|1|0|0|1|1|1|0|0|1|0|0|15525|15525|18393|18393|NA|7|0|6|535934|89322.3333333333|0
"360594067013"|0|1|0|0|0|0|0|1|1|0|0|1|1|0|0|NA|NA|NA|NA|NA|0|0|0|0|NA|0
"360594071011"|0|1|0|0|0|0|0|1|1|0|0|1|1|0|0|NA|NA|NA|NA|NA|0|0|0|0|NA|0
"360594072013"|0|1|0|0|0|0|0|1|1|0|0|1|1|0|0|NA|NA|NA|NA|NA|0|0|0|0|NA|0
"360594073013"|0|2|1|0|0|1|0|2|2|2|1|0|0|0|2|58015|63815|NA|NA|NA|1560|456|1596|186600566|227934.445320314|0
"360594090005"|0|2|0|0|0|0|0|2|2|0|0|2|2|0|0|NA|NA|NA|NA|NA|0|0|0|0|NA|0
"360594092005"|0|1|0|0|0|0|0|1|1|0|0|1|1|0|0|NA|NA|NA|NA|NA|0|0|0|0|NA|0
"360594116003"|0|1|1|0|0|0|0|1|1|1|0|0|1|0|0|10000|10000|10000|10000|7500|14|3|58|3365146|58019.7586206897|0
"360594126001"|0|1|1|0|0|0|0|1|1|1|0|0|0|1|0|34550|34550|23760|23760|17120|391|117|364|36177954|99389.9835164835|0
"360594166004"|0|1|0|0|0|0|0|1|1|1|0|0|1|0|0|8900|8900|NA|NA|4900|12|2|16|1033636|64602.25|0
"360595170001"|0|1|0|0|0|0|0|1|1|1|0|0|1|0|0|55075|55075|NA|NA|13990|24|2|20|2596768|129838.4|0
"360595177012"|0|1|1|0|0|0|0|1|1|1|0|0|1|0|0|14040|14040|16956|16956|NA|7|2|12|720850|60070.8333333333|0
"360595177051"|0|1|1|0|0|1|0|1|1|1|0|0|0|1|0|39960|39960|26460|26460|16600|423|65|410|47413214|115641.985365854|0
"360595193003"|0|1|0|0|0|0|0|1|1|0|0|1|1|0|0|19000|19000|NA|NA|NA|0|0|0|0|NA|0
"360599801001"|0|1|1|0|0|0|0|1|1|1|0|0|0|1|0|42085|42085|44425|44425|18016|680|228|666|76012158|114132.369369369|0
"360599811001"|0|1|1|0|0|0|0|1|1|1|0|0|0|0|1|38684|38684|23850|23850|16876|533|182|776|87785282|113125.363402062|0
"360599821001"|0|1|1|0|0|0|0|1|1|1|0|0|0|1|0|7070|16980|11310|23100|11530|294|60|312|29892204|95808.3461538462|0
"360610006001"|0|1|1|0|0|0|0|1|1|1|0|0|1|0|0|12500|12500|12500|12500|4000|2|2|18|396624|22034.6666666667|0
"360610009001"|0|1|0|0|0|0|0|1|1|1|0|0|1|0|0|21000|21000|NA|NA|18394|37|11|56|5809048|103733|0
"360610013001"|0|1|1|0|0|0|0|1|1|1|0|0|1|0|0|19338|19338|29280|29280|NA|57|10|34|2658766|78199|0
"360610013002"|0|3|2|0|0|0|0|3|3|3|1|0|1|2|0|NA|NA|NA|NA|NA|319|111|372|36813372|260985.868852459|0
"360610015011"|0|1|1|0|0|0|0|1|1|1|0|0|0|0|1|48152|48152|25560|25560|20480|937|367|966|110634344|114528.306418219|0
"360610015022"|0|1|1|0|0|0|0|1|1|1|0|0|1|0|0|10343|10343|16517|16517|NA|31|9|10|831378|83137.8|0
"360610033001"|0|0|2|0|0|0|0|2|2|2|0|0|1|1|0|NA|NA|68176|68176|NA|139|32|102|16854544|250049.391304348|0
"360610037002"|0|1|0|0|0|0|0|1|1|0|0|1|1|0|0|NA|NA|NA|NA|NA|0|0|0|0|NA|0
"360610037003"|0|1|0|0|0|0|0|1|1|0|0|1|1|0|0|NA|NA|NA|NA|NA|0|0|0|0|NA|0
"360610039004"|0|1|0|0|0|0|0|1|1|1|1|0|0|0|1|4800|7680|NA|NA|NA|777|261|1096|111362256|101607.897810219|0
"360610049001"|0|0|1|0|0|0|0|1|1|1|0|0|1|0|0|NA|NA|37904|37904|NA|7|0|2|304500|152250|0
"360610054001"|0|1|0|0|0|0|0|1|1|1|1|0|1|0|0|35400|35400|NA|NA|NA|22|5|16|1221518|76344.875|0
"360610055011"|0|1|1|0|0|1|0|1|1|1|0|0|0|0|1|55384|55384|37332|37332|20272|8052|1524|5942|970148746|163269.731740155|0
"360610057002"|0|1|2|0|0|0|0|2|2|2|0|0|2|0|0|NA|NA|65850|65850|NA|320|57|174|20732564|231020.222727273|0
"360610063002"|0|1|1|0|0|0|0|1|1|1|0|0|0|0|1|53105|53105|49966|49966|26900|931|100|836|94723438|113305.54784689|0
"360610063003"|0|1|0|0|0|0|0|1|1|0|0|1|1|0|0|21945|21945|NA|NA|20150|0|0|0|0|NA|0
"360610064001"|0|1|1|0|0|0|0|1|1|1|0|0|0|1|0|46800|46800|52420|52420|23200|474|81|512|24687256|48217.296875|0
"360610068005"|0|1|1|0|0|0|0|1|1|1|0|0|0|0|1|6930|14880|11090|20520|18352|696|195|992|113963546|114882.606854839|0
"360610074002"|0|1|0|0|0|0|0|1|1|0|0|1|1|0|0|NA|NA|NA|NA|NA|0|0|0|0|NA|0
"360610074003"|0|1|0|0|0|0|0|1|1|1|1|0|1|0|0|37575|37575|NA|NA|20275|30|10|16|1256656|78541|0
"360610074005"|0|2|2|0|0|0|0|2|2|2|0|0|1|1|0|21322|29272|27002|40232|NA|833|171|490|61072026|245486.416472416|0
"360610076001"|0|1|0|0|0|0|0|1|1|0|0|1|1|0|0|NA|NA|NA|NA|NA|0|0|0|0|NA|0
"360610081002"|0|1|0|0|0|0|0|1|0|0|0|0|0|0|0|NA|NA|NA|NA|NA|0|0|0|0|NA|0
"360610084002"|0|1|0|0|0|0|0|1|1|1|1|0|1|0|0|4800|7680|NA|NA|NA|100|24|92|9178730|99768.8043478261|0
"360610088001"|0|1|1|0|0|0|0|1|1|0|0|0|0|0|0|NA|NA|NA|NA|NA|966|303|0|0|NA|0
"360610089004"|0|0|1|0|0|0|0|1|1|1|0|0|1|0|0|NA|NA|15000|15000|NA|0|0|0|0|NA|0
"360610091006"|0|2|0|0|0|0|0|2|2|1|1|1|1|1|0|NA|NA|NA|NA|NA|69|5|100|6248204|NA|0
"360610094001"|0|1|1|0|0|0|0|1|1|1|0|0|0|1|0|25646|25646|19272|19272|NA|59|11|58|5490774|94668.5172413793|0
"360610095001"|0|1|0|0|0|0|0|1|1|0|0|1|1|0|0|NA|NA|NA|NA|NA|0|0|0|0|NA|0
"360610095002"|0|3|1|0|0|0|0|3|3|1|0|2|2|1|0|NA|NA|NA|NA|NA|543|278|398|46548928|NA|0
"360610096001"|0|0|2|0|1|0|0|2|2|2|0|0|2|0|0|NA|NA|24870|36660|NA|208|42|150|19759330|205271.897887324|0
"360610096002"|0|2|1|0|0|1|0|2|2|1|0|1|1|0|1|NA|NA|NA|NA|NA|842|310|866|84628436|NA|0
"360610098007"|0|1|0|0|0|0|0|1|1|0|0|1|1|0|0|17600|17600|NA|NA|NA|0|0|0|0|NA|0
"360610100001"|0|0|1|0|0|0|0|1|1|1|0|0|1|0|0|NA|NA|56340|56340|NA|20|0|2|205348|102674|0
"360610101001"|0|1|0|0|0|0|0|1|1|0|0|1|1|0|0|NA|NA|NA|NA|NA|0|0|0|0|NA|0
"360610102002"|0|1|1|0|0|0|0|1|1|1|0|0|0|1|0|29750|29750|25800|25800|18625|98|8|30|2402584|80086.1333333333|0
"360610111001"|0|1|0|0|0|0|0|1|1|0|0|1|1|0|0|NA|NA|NA|NA|NA|0|0|0|0|NA|0
"360610112011"|0|1|0|0|0|0|0|1|1|0|0|1|1|0|0|NA|NA|NA|NA|NA|0|0|0|0|NA|0
"360610113001"|0|0|0|0|0|0|0|1|0|0|0|0|0|0|0|NA|NA|NA|NA|NA|0|0|0|0|NA|0
"360610116001"|0|1|2|0|0|1|0|3|3|2|0|1|2|1|0|NA|NA|NA|NA|NA|7505|2402|140|37530236|NA|0
"360610119002"|0|2|0|0|0|0|0|2|2|1|1|1|2|0|0|NA|NA|NA|NA|NA|14|8|8|321322|NA|0
"360610120004"|0|2|2|0|0|0|0|2|2|2|0|0|1|0|1|41430|49380|50090|59520|NA|872|241|1230|142016138|NA|0
"360610121012"|0|1|0|0|0|0|0|1|1|1|1|0|1|0|0|NA|NA|NA|NA|NA|8|0|0|0|NA|0
"360610126022"|0|1|0|0|0|0|0|1|1|1|0|0|0|1|0|36928|36928|NA|NA|19714|151|39|170|14266536|83920.8|0
"360610131001"|0|1|0|0|0|0|0|1|1|0|0|1|1|0|0|22500|22500|NA|NA|NA|0|0|0|0|NA|0
"360610131003"|0|1|0|0|0|0|0|1|1|1|1|0|1|0|0|19000|19000|NA|NA|NA|24|1|34|2660000|78235.2941176471|0
"360610139003"|0|1|0|0|0|0|0|1|1|0|0|1|1|0|0|13519|13519|NA|NA|11656|0|0|0|0|NA|0
"360610147002"|0|1|1|0|0|0|0|1|1|1|0|0|0|0|1|6930|14880|11090|20520|NA|604|166|810|87594166|108140.945679012|0
"360610149001"|0|1|1|0|0|0|0|1|1|1|0|0|1|0|0|52250|52250|52250|52250|20310|342|69|204|21234306|104089.735294118|0
"360610151012"|0|1|1|0|0|0|0|1|1|1|0|0|0|1|0|43960|43960|43960|43960|14860|224|101|286|20006282|69952.034965035|0
"360610168002"|0|0|1|0|1|1|0|1|1|1|0|0|0|1|0|NA|NA|31303|31303|NA|0|0|0|0|NA|0
"360610196003"|0|1|0|0|0|0|0|1|1|1|0|0|1|0|0|38850|38850|NA|NA|NA|16|1|14|1541990|110142.142857143|0
"360610198001"|0|1|1|0|1|0|0|2|2|2|0|0|2|0|0|NA|NA|NA|NA|NA|85|34|94|11974484|251824.114814815|0
"360610199002"|0|0|1|0|0|0|0|1|1|1|0|0|1|0|0|NA|NA|44025|44025|NA|272|42|46|4858884|105627.913043478|0
"360610203001"|0|0|1|0|0|0|0|1|1|1|0|0|0|1|0|NA|NA|34434|34434|NA|709|72|436|58415728|133981.027522936|0
"360610203002"|0|1|1|0|0|1|0|1|1|1|0|0|0|0|1|61989|61989|52016|52016|16286|9379|1587|3354|623703152|185958.005963029|0
"360610205001"|0|1|2|0|0|0|0|3|3|3|0|0|2|1|0|NA|NA|NA|NA|NA|712|213|610|78743988|290513.788169464|0
"360610211003"|0|1|1|0|0|0|0|1|1|1|0|0|0|1|0|51500|51500|51500|51500|16600|127|44|148|10803254|72994.9594594595|0
"360610211007"|0|1|1|0|0|0|0|1|1|1|0|0|1|0|0|59702|59702|35500|35500|16256|108|27|54|6012670|111345.740740741|0
"360610217031"|0|1|1|0|0|1|0|1|1|1|0|0|0|0|1|6930|14880|11090|20520|17076|755|142|962|114100330|118607.411642412|0
"360610228002"|0|0|0|0|0|0|0|1|0|0|0|0|0|0|0|NA|NA|NA|NA|NA|0|0|0|0|NA|0
"360610241002"|0|1|1|0|0|0|0|1|1|1|0|0|1|0|0|12000|12000|18000|18000|NA|59|32|56|3299270|58915.5357142857|0
"360610269002"|0|1|1|0|0|0|0|1|1|1|0|0|0|1|0|45200|45200|34800|34800|13850|759|119|744|87522432|117637.677419355|0
"360610317031"|0|1|0|0|0|0|0|1|1|0|0|1|1|0|0|NA|NA|NA|NA|NA|0|0|0|0|NA|0
"360630237002"|0|1|0|0|0|0|0|1|1|0|0|1|1|0|0|NA|NA|NA|NA|NA|0|0|0|0|NA|0
"360630243033"|0|1|0|0|0|0|0|1|1|1|1|0|0|1|0|5040|10080|NA|NA|4140|188|60|168|14315056|85208.6666666667|0
"360630244061"|0|1|1|0|0|0|0|1|1|1|0|0|0|1|0|35400|35400|14040|14040|12700|333|101|352|30637070|87037.1306818182|0
"360650213031"|0|1|0|0|0|0|0|1|1|1|1|0|0|1|0|4870|7305|NA|NA|12390|269|91|230|14638616|63646.1565217391|0
"360650217011"|0|1|0|0|0|0|0|1|1|1|1|0|1|0|0|18100|28800|NA|NA|NA|8|2|32|3226000|100812.5|0
"360650247002"|0|1|0|0|0|0|0|1|1|0|0|1|1|0|0|NA|NA|NA|NA|NA|0|0|0|0|NA|0
"360650250031"|0|1|0|0|0|0|0|1|1|1|0|0|0|1|0|62050|62050|NA|NA|15910|460|125|422|46067450|109164.573459716|0
"360650262001"|0|1|1|0|0|0|0|1|1|1|0|0|0|1|0|7070|17830|11310|23100|14008|204|52|272|27456228|100942.014705882|0
"360650265011"|0|1|1|0|0|0|0|1|1|1|0|0|0|1|0|23208|23208|26158|26158|12667|257|103|352|29342534|83359.4715909091|0
"360670023002"|0|1|0|0|0|0|0|1|1|1|1|0|1|0|0|21816|21816|NA|NA|6600|10|3|38|3499782|92099.5263157895|0
"360670043011"|0|2|1|0|1|1|0|2|2|2|1|0|1|1|0|23398|33308|NA|NA|NA|811|69|622|49047764|167938.993363671|0
"360670043024"|0|2|2|0|0|0|0|2|2|2|0|0|0|1|1|65510|78270|54738|66528|34470|3921|1056|2596|293193122|210111.966042626|0
"360670111013"|0|1|0|0|0|0|0|1|1|1|0|0|1|0|0|18316|18316|NA|NA|NA|46|25|54|3790204|70188.962962963|0
"360670111023"|0|1|0|0|0|0|0|1|1|0|0|1|1|0|0|NA|NA|NA|NA|NA|0|0|0|0|NA|0
"360670137013"|0|1|0|0|0|0|0|1|1|0|0|1|1|0|0|NA|NA|NA|NA|NA|0|0|0|0|NA|0
"360670140003"|0|1|0|0|0|0|0|1|1|0|0|1|1|0|0|NA|NA|NA|NA|NA|0|0|0|0|NA|0
"360670146002"|0|1|1|0|0|0|0|1|1|1|0|0|0|1|0|36320|36320|20278|20278|15050|304|95|354|30845826|87135.1016949153|0
"360670163004"|0|1|0|0|0|0|0|1|1|1|1|0|0|1|0|5190|10380|NA|NA|9862|306|69|296|21050952|71118.0810810811|0
"360690512002"|0|1|0|0|0|0|0|1|1|1|1|0|0|1|0|5112|6144|NA|NA|15021|171|51|212|14384994|67853.7452830189|0
"360690517003"|0|2|0|0|0|0|0|2|2|1|1|1|2|0|0|19000|19000|NA|NA|NA|6|5|14|1078000|NA|0
"360690519002"|0|1|1|0|0|0|0|1|1|1|0|0|0|1|0|60350|60350|26583|26583|16910|311|121|352|30218602|85848.3011363636|0
"360710001003"|0|1|1|0|0|0|0|1|1|1|0|0|0|1|0|36522|36522|17586|17586|17916|221|69|152|12558176|82619.5789473684|0
"360710004005"|0|1|0|0|0|0|0|1|1|0|0|1|1|0|0|NA|NA|NA|NA|NA|0|0|0|0|NA|0
"360710016023"|0|1|0|0|0|0|0|1|1|1|1|0|0|1|0|5544|11088|NA|NA|NA|254|95|228|19798360|86834.9122807018|0
"360710128004"|0|1|0|0|0|0|0|1|1|1|0|0|1|0|0|9980|9980|NA|NA|4850|0|0|4|275240|68810|0
"360710136001"|0|1|0|0|0|0|0|1|1|1|0|0|0|1|0|NA|NA|NA|NA|NA|1360|203|546|73221030|134104.450549451|0
"360710143022"|0|1|1|0|0|0|0|1|1|1|0|0|1|0|0|12750|12750|300|300|6750|9|3|18|480906|26717|0
"360710150032"|0|2|0|0|0|0|0|2|2|2|0|0|1|1|0|26000|26000|NA|NA|8520|56|8|370|14705698|NA|0
"360710150071"|0|1|0|0|0|0|0|1|1|0|0|1|1|0|0|11000|11000|NA|NA|NA|0|0|0|0|NA|0
"360730406021"|0|0|0|0|0|0|0|1|0|0|0|0|0|0|0|NA|NA|NA|NA|NA|0|0|0|0|NA|0
"360750204003"|0|1|0|0|0|0|0|1|1|0|0|1|1|0|0|NA|NA|NA|NA|NA|0|0|0|0|NA|0
"360750214014"|0|1|1|0|0|0|0|1|1|1|0|0|0|1|0|7070|16980|11310|23100|15440|636|149|688|51877692|75403.6220930233|0
"360775910002"|0|1|0|0|0|0|0|1|1|0|0|1|1|0|0|NA|NA|NA|NA|NA|0|0|0|0|NA|0
"360775917001"|0|1|1|0|0|0|0|1|1|1|0|0|0|1|0|7070|16980|11310|23100|15070|581|124|540|39354528|72878.7555555556|0
"360775917002"|0|1|1|0|0|0|0|1|1|1|0|0|0|1|0|50254|50254|NA|NA|14028|205|75|198|13738660|69387.1717171717|0
"360810019031"|0|1|1|0|0|0|0|2|2|1|0|1|1|1|0|NA|NA|NA|NA|NA|104|31|122|18581010|NA|0
"360810057003"|0|1|0|0|0|0|0|1|1|0|0|1|1|0|0|19400|19400|NA|NA|NA|0|0|0|0|NA|0
"360810134003"|0|1|1|0|0|0|0|1|1|1|0|0|1|0|0|18450|18450|18450|18450|2300|4|0|8|6e+05|75000|0
"360810155002"|0|1|0|0|0|0|0|1|1|0|0|1|1|0|0|NA|NA|NA|NA|NA|0|0|0|0|NA|0
"360810179021"|0|3|0|0|0|0|0|3|3|2|2|1|2|0|1|NA|NA|NA|NA|NA|659|219|706|76152270|NA|0
"360810246001"|0|1|1|0|0|0|0|1|1|1|0|0|0|1|0|6930|14880|11090|20520|NA|375|98|390|41225680|105706.871794872|0
"360810287003"|0|1|0|0|0|0|0|1|1|0|0|1|1|0|0|NA|NA|NA|NA|NA|0|0|0|0|NA|0
"360810347002"|0|1|1|0|0|0|0|1|1|1|0|0|0|1|0|26880|26880|24840|24840|14180|80|9|76|6421716|84496.2631578947|0
"360810440003"|0|1|0|0|0|0|0|1|1|1|1|0|1|0|0|NA|NA|NA|NA|NA|47|12|40|2426000|60650|0
"360810446012"|0|1|0|0|0|0|0|1|1|0|0|1|1|0|0|NA|NA|NA|NA|NA|0|0|0|0|NA|0
"360810553002"|0|1|0|0|0|0|0|1|1|0|0|0|0|0|0|NA|NA|NA|NA|NA|0|0|0|0|NA|0
"360810717012"|0|2|0|0|0|0|0|2|2|1|1|1|2|0|0|NA|NA|NA|NA|NA|28|12|40|3347000|NA|0
"360810731001"|0|1|0|0|0|0|0|1|1|0|0|1|1|0|0|NA|NA|NA|NA|NA|0|0|0|0|NA|0
"360810757013"|0|1|0|0|0|0|0|1|1|1|0|0|1|0|0|13000|13000|NA|NA|NA|61|51|66|4050600|61372.7272727273|0
"360810779072"|0|1|1|0|0|0|0|1|1|1|0|0|1|0|0|10000|10000|10000|10000|6400|36|4|30|1040574|34685.8|0
"360810809007"|0|1|1|0|0|0|0|1|1|1|0|0|0|0|1|6930|14880|11090|20520|15546|649|210|1150|125417022|109058.28|0
"360810853001"|0|1|0|0|0|0|0|1|1|0|0|1|1|0|0|NA|NA|NA|NA|NA|0|0|0|0|NA|0
"360810869001"|0|1|0|0|0|0|0|1|1|0|0|1|1|0|0|NA|NA|NA|NA|NA|0|0|0|0|NA|0
"360810871002"|0|2|0|0|0|0|0|2|2|1|1|1|2|0|0|NA|NA|NA|NA|NA|39|1|24|1078892|NA|0
"360810907001"|0|1|0|0|0|0|0|1|1|0|0|1|1|0|0|NA|NA|NA|NA|NA|0|0|0|0|NA|0
"360810945002"|0|1|0|0|0|0|0|1|1|0|0|1|1|0|0|NA|NA|NA|NA|NA|0|0|0|0|NA|0
"360811008042"|0|1|0|0|0|0|0|1|1|1|0|0|1|0|0|8250|8250|NA|NA|6250|4|1|20|1226900|61345|0
"360811010021"|0|1|0|0|0|0|0|1|1|1|0|0|1|0|0|13750|13750|NA|NA|5250|7|1|12|665516|55459.6666666667|0
"360811010041"|0|1|1|0|0|0|0|1|1|1|0|0|1|0|0|11200|11200|11200|11200|4800|1|0|10|1254780|125478|0
"360811267001"|0|1|1|0|0|0|0|1|1|1|0|0|0|0|1|45760|45760|31233|31233|18790|942|362|1212|155988208|128703.141914191|0
"360811385011"|0|1|0|0|0|0|0|1|1|1|1|0|0|1|0|4800|7680|NA|NA|NA|540|164|734|76963576|104855.008174387|0
"360830405002"|0|1|0|0|0|0|0|1|1|1|1|0|1|0|0|11456|11456|NA|NA|NA|6|2|16|1192838|74552.375|0
"360830407011"|0|1|1|0|0|0|0|1|1|1|0|0|0|1|0|33851|33851|13140|13140|13543|214|58|234|14068698|60122.641025641|0
"360830411011"|0|1|0|0|0|0|0|1|1|1|1|0|0|1|0|4800|9600|NA|NA|NA|333|121|458|30356064|66279.615720524|0
"360830413004"|0|1|1|0|0|0|0|1|1|1|0|0|0|1|0|58600|58600|58600|58600|16980|1171|200|860|101341078|117838.462790698|0
"360850003002"|0|1|0|0|0|0|0|1|1|0|0|1|1|0|0|NA|NA|NA|NA|NA|0|0|0|0|NA|0
"360850047001"|0|1|1|0|0|0|0|1|1|1|0|0|0|1|0|49460|49460|22950|22950|15280|282|94|240|15633748|65140.6166666667|0
"360850122002"|0|1|0|0|0|0|0|1|1|0|0|1|1|0|0|NA|NA|NA|NA|NA|0|0|0|0|NA|0
"360850146071"|0|1|0|0|0|0|0|1|1|1|0|0|1|0|0|11850|11850|NA|NA|5700|1|0|2|177450|88725|0
"360850273012"|0|1|1|0|0|0|0|1|1|1|0|0|0|0|1|6930|14880|11090|20520|20055|533|129|660|74968714|113588.960606061|0
"360850291051"|0|1|0|0|0|0|0|1|1|1|1|0|1|0|0|16688|16688|NA|NA|NA|19|8|22|1586460|72111.8181818182|0
"360870112001"|0|1|0|0|0|0|0|1|1|0|0|1|1|0|0|NA|NA|NA|NA|NA|0|0|0|0|NA|0
"360870113021"|0|1|0|0|0|0|0|1|1|0|0|1|1|0|0|NA|NA|NA|NA|NA|0|0|0|0|NA|0
"360870115051"|0|1|0|0|0|0|0|1|1|1|0|0|1|0|0|12200|12200|NA|NA|3950|14|2|62|1013680|16349.6774193548|0
"360870116022"|0|2|0|0|0|0|0|2|2|2|1|0|1|1|0|20987|26199|NA|NA|NA|261|78|196|17021892|157580.754440961|0
"360870121071"|0|1|0|0|0|0|0|1|1|1|0|0|1|0|0|14000|14000|NA|NA|5400|7|3|32|1164420|36388.125|0
"360870121072"|0|1|0|0|0|0|0|1|1|1|0|0|1|0|0|11050|11050|NA|NA|NA|6|1|8|156000|19500|0
"360870121081"|0|1|0|0|0|0|0|1|1|1|1|0|1|0|0|9100|9100|NA|NA|NA|7|2|26|9e+05|34615.3846153846|0
"360870121091"|0|1|1|0|0|0|0|1|1|1|0|0|1|0|0|8600|8600|8600|8600|5100|1|0|10|355200|35520|0
"360870121112"|0|1|0|0|0|0|0|1|1|1|0|0|1|0|0|9800|9800|NA|NA|6350|3|0|10|515968|51596.8|0
"360870121131"|0|1|0|0|0|0|0|1|1|1|0|0|1|0|0|11800|11800|NA|NA|4000|2|0|4|120000|30000|0
"360870121141"|0|3|0|0|0|0|0|3|3|3|0|0|3|0|0|33140|33140|NA|NA|12756|25|8|210|7802194|132798.94047619|0
"360870121162"|0|1|0|0|0|0|0|1|1|1|0|0|1|0|0|11400|11400|NA|NA|6600|5|0|14|845400|60385.7142857143|0
"360870125043"|0|1|0|0|0|0|0|1|1|1|0|0|1|0|0|10000|10000|NA|NA|NA|2|0|12|256000|21333.3333333333|0
"360870130022"|0|1|1|0|0|0|0|1|1|1|0|0|0|1|0|31220|31220|23082|23082|14020|130|52|140|10700700|76433.5714285714|0
"360870130033"|0|1|1|0|0|0|0|1|1|1|0|0|0|1|0|35500|35500|20160|20160|15370|116|22|108|8936708|82747.2962962963|0
"360894911001"|0|1|1|0|0|0|0|1|1|1|0|0|0|1|0|54960|54960|36792|36792|16744|437|157|490|50727214|103524.926530612|0
"360894912001"|0|1|1|0|0|0|0|1|1|1|0|0|0|1|0|7070|16980|11310|23100|14600|349|108|430|29526794|68666.9627906977|0
"360894919001"|0|1|1|0|0|0|0|1|1|1|0|0|0|1|0|61600|61600|23040|23040|15995|516|99|366|32936426|89990.2349726776|0
"360894921002"|0|1|0|0|0|0|0|1|1|1|0|0|0|1|0|7070|14029|NA|NA|14810|262|82|226|16286464|72064|0
"360910610013"|0|1|1|0|0|0|0|1|1|1|0|0|0|1|0|7070|16980|11310|23100|NA|457|185|316|29645582|93815.1329113924|0
"360910613031"|0|1|0|0|0|0|0|1|1|1|0|0|0|1|0|61132|61132|NA|NA|16632|594|189|604|54948488|90974.3178807947|0
"360930206001"|0|1|0|0|0|0|0|1|1|1|1|0|1|0|0|10064|10064|NA|NA|NA|6|1|26|2554896|98265.2307692308|0
"360930210011"|0|1|0|0|0|0|0|1|1|0|0|1|1|0|0|NA|NA|NA|NA|NA|0|0|0|0|NA|0
"360930218022"|0|1|0|0|0|0|0|1|1|0|0|1|1|0|0|NA|NA|NA|NA|NA|0|0|0|0|NA|0
"360930334003"|0|1|0|0|0|0|0|1|1|1|0|0|0|1|0|63603|63603|NA|NA|15768|542|167|424|45525206|107370.768867925|0
"360957403001"|0|1|0|0|0|0|0|1|1|1|0|0|0|1|0|7070|16980|NA|NA|15310|286|60|194|13348466|68806.5257731959|0
"360999503003"|0|0|1|0|0|0|0|1|1|1|0|0|1|0|0|NA|NA|18696|18696|NA|111|31|74|5684256|76814.2702702703|0
"361019629001"|0|1|0|0|0|0|0|1|1|1|1|0|0|1|0|5170|8434|NA|NA|10260|108|34|122|8491156|69599.6393442623|0
"361031105012"|0|1|0|0|0|0|0|1|1|0|0|1|1|0|0|NA|NA|NA|NA|NA|0|0|0|0|NA|0
"361031122121"|0|1|1|0|0|0|0|1|1|1|0|0|1|0|0|25900|25900|25900|25900|13700|46|4|40|2623380|65584.5|0
"361031122152"|0|1|1|0|0|0|0|1|1|1|0|0|0|1|0|7070|16980|8553|17334|14148|543|112|542|47191014|87068.2915129151|0
"361031235005"|0|1|0|0|0|0|0|1|1|1|1|0|1|0|0|18000|18000|NA|NA|NA|6|3|2|140000|70000|0
"361031237012"|0|1|0|0|0|0|0|1|1|0|0|1|1|0|0|NA|NA|NA|NA|NA|0|0|0|0|NA|0
"361031353064"|0|1|0|0|0|0|0|1|1|0|0|1|1|0|0|NA|NA|NA|NA|NA|0|0|0|0|NA|0
"361031458041"|0|2|0|0|0|0|0|2|2|0|0|2|2|0|0|NA|NA|NA|NA|NA|0|0|0|0|NA|0
"361031461062"|0|1|0|0|0|0|0|1|1|0|0|1|1|0|0|NA|NA|NA|NA|NA|0|0|0|0|NA|0
"361031477011"|0|1|0|0|0|0|0|1|1|0|0|1|1|0|0|NA|NA|NA|NA|NA|0|0|0|0|NA|0
"361031580151"|0|1|1|0|1|1|0|1|1|1|0|0|0|0|1|7070|24990|11310|23100|16408|2227|345|1988|270694314|136164.141851107|0
"361031585133"|0|1|0|0|0|0|0|1|1|1|1|0|0|0|1|5470|10940|NA|NA|NA|642|186|520|59326240|114088.923076923|0
"361031698002"|0|1|0|0|0|0|0|1|1|0|0|1|1|0|0|NA|NA|NA|NA|NA|0|0|0|0|NA|0
"361059508011"|0|1|0|0|0|0|0|1|1|1|1|0|0|1|0|5208|10416|NA|NA|12000|74|21|68|3811314|56048.7352941177|0
"361059509003"|0|1|0|0|0|0|0|1|1|1|0|0|1|0|0|13850|13850|6000|6000|4150|2|0|14|831770|59412.1428571429|0
"361090003001"|0|1|1|0|0|1|0|1|1|1|0|0|0|0|1|62456|62456|29500|29500|16988|10206|1881|3836|591796384|154274.344108446|0
"361090012001"|0|1|1|0|0|0|0|1|1|1|0|0|0|1|0|48126|48126|25128|25128|15934|653|209|800|67392772|84240.965|0
"361090020001"|0|1|0|0|0|0|0|1|1|1|1|0|0|1|0|5462|11230|NA|NA|11252|131|41|94|7346764|78157.0638297872|0
"361119526001"|0|1|0|0|0|0|0|1|1|0|0|0|0|0|0|NA|NA|NA|NA|NA|0|0|0|0|NA|0
"361119529013"|0|1|0|0|0|0|0|1|1|1|1|0|0|1|0|5080|10160|NA|NA|NA|123|33|100|6300000|63000|0
"361119535002"|0|1|1|0|0|0|0|1|1|1|0|0|0|1|0|7070|16980|11310|23100|15024|595|145|652|50786950|77894.0950920245|0
"361119547001"|0|1|0|0|0|0|0|1|1|1|0|0|1|0|0|8150|8150|NA|NA|2400|1|0|0|0|NA|0
"361130706032"|0|1|0|0|0|0|0|1|1|1|1|0|0|1|0|5088|7632|NA|NA|12760|150|38|168|11029210|65650.0595238095|0
"361130750022"|0|1|0|0|0|0|0|1|1|0|0|1|1|0|0|9900|9900|NA|NA|8800|0|0|0|0|NA|0
"361150803012"|0|1|0|0|0|0|0|1|1|0|0|1|1|0|0|NA|NA|NA|NA|NA|0|0|0|0|NA|0
"361170212004"|0|1|0|0|0|0|0|1|1|0|0|1|1|0|0|NA|NA|NA|NA|NA|0|0|0|0|NA|0
"361190004012"|0|0|1|0|0|0|0|1|1|1|0|0|1|0|0|NA|NA|33501|33501|NA|7|0|0|0|NA|0
"361190007012"|0|1|0|0|0|0|0|1|1|1|1|0|1|0|0|8120|8120|NA|NA|NA|9|3|18|1992896|110716.444444444|0
"361190021071"|0|0|1|0|0|0|0|1|1|1|0|0|1|0|0|NA|NA|12600|12600|NA|26|12|16|1537174|96073.375|0
"361190022044"|0|1|1|0|0|0|0|1|1|1|0|0|0|1|0|60700|60700|33254|33254|16780|212|32|184|16601330|90224.6195652174|0
"361190036001"|0|1|0|0|0|0|0|1|1|0|0|1|1|0|0|NA|NA|NA|NA|NA|0|0|0|0|NA|0
"361190036003"|0|1|0|0|0|0|0|1|1|1|1|0|1|0|0|NA|NA|NA|NA|NA|5|2|10|1182580|118258|0
"361190065001"|0|1|1|0|0|0|0|1|1|1|0|0|0|1|0|42128|42128|23499|23499|17740|385|110|318|29613624|93124.6037735849|0
"361190086023"|0|1|1|0|0|0|0|1|1|1|0|0|0|1|0|39660|39660|17550|17550|15118|180|67|202|16466756|81518.5940594059|0
"361190091003"|0|2|0|0|0|0|0|2|2|1|0|1|2|0|0|NA|NA|NA|NA|NA|77|11|36|2258112|NA|0
"361190093003"|0|1|0|0|0|0|0|1|1|0|0|1|1|0|0|NA|NA|NA|NA|NA|0|0|0|0|NA|0
"361190097022"|0|1|0|0|0|0|0|1|1|0|0|1|1|0|0|NA|NA|NA|NA|NA|0|0|0|0|NA|0
"361190104002"|0|1|1|0|0|0|0|1|1|1|0|0|0|1|0|20518|20518|17478|17478|14200|414|134|450|40688550|90419|0
"361190109011"|0|1|0|0|0|0|0|1|1|1|1|0|0|1|0|4730|11770|NA|NA|NA|335|110|324|34033084|105040.382716049|0
"361190111022"|0|1|0|0|0|0|0|1|1|0|0|1|1|0|0|NA|NA|NA|NA|NA|0|0|0|0|NA|0
"361190143001"|0|1|0|0|0|0|0|1|1|0|0|1|1|0|0|NA|NA|NA|NA|NA|0|0|0|0|NA|0
"361190146061"|0|1|0|0|0|0|0|1|1|1|0|0|1|0|0|12650|12650|NA|NA|5600|6|1|10|532892|53289.2|0
"361190148052"|0|1|0|0|0|0|0|1|1|1|0|0|1|0|0|11800|11800|NA|NA|3200|5|0|14|309334|22095.2857142857|0
"361199810001"|0|0|1|0|0|1|0|1|1|1|0|0|0|1|0|NA|NA|27521|27521|NA|24|9|56|5536896|98873.1428571429|0
"361199850001"|0|1|1|0|0|0|0|1|1|1|0|0|0|1|0|7070|16980|11310|23100|14948|430|51|376|28881684|76812.9893617021|0
"361231504005"|0|1|1|0|0|0|0|1|1|1|0|0|0|1|0|34691|34691|20758|20758|12691|126|43|118|7683650|65115.6779661017|0
"370010212013"|0|1|0|0|0|0|0|1|1|1|1|0|0|1|0|2432|8576|NA|NA|NA|120|56|216|13565404|62802.7962962963|0
"370010212071"|0|1|0|0|0|0|0|1|1|0|0|1|1|0|0|NA|NA|NA|NA|NA|0|0|0|0|NA|0
"370010216004"|0|1|1|0|0|0|0|1|1|1|0|0|0|1|0|41734|41734|19494|19494|13886|934|275|960|83880758|87375.7895833333|0
"370079203012"|0|1|0|0|0|0|0|1|1|1|1|0|0|1|0|1824|6432|NA|NA|NA|129|43|154|8740908|56759.1428571429|0
"370119301002"|0|1|1|0|0|0|0|1|1|1|0|0|1|0|0|26490|26490|9000|9000|12200|104|42|124|6532948|52685.064516129|0
"370119304001"|0|1|0|0|0|0|0|1|1|1|1|0|1|0|0|2432|8576|NA|NA|NA|71|24|54|3385680|62697.7777777778|0
"370139305022"|0|1|0|0|0|0|0|1|1|1|1|0|0|1|0|2432|8576|NA|NA|NA|108|30|100|4777904|47779.04|0
"370179503012"|0|1|0|0|0|0|0|1|1|1|1|0|1|0|0|2128|7504|NA|NA|NA|48|13|88|5663248|64355.0909090909|0
"370190206032"|0|1|0|0|0|0|0|1|1|1|1|0|0|1|0|2432|8576|NA|NA|NA|109|29|88|5323372|60492.8636363636|0
"370210001002"|0|1|0|0|0|0|0|1|1|0|0|1|1|0|0|NA|NA|NA|NA|NA|0|0|0|0|NA|0
"370210003001"|0|0|1|0|0|0|0|1|1|1|0|0|1|0|0|NA|NA|19500|19500|NA|12|6|4|190000|47500|0
"370210004001"|0|1|1|0|0|0|0|1|1|1|0|0|0|1|0|4122|21470|4914|21236|10556|426|155|436|33687644|77265.2385321101|0
"370210009003"|0|1|0|0|0|0|0|1|1|1|1|0|0|1|0|2432|8576|NA|NA|NA|262|83|342|20386886|59610.7777777778|0
"370210012001"|0|1|0|0|0|0|0|1|1|0|0|1|1|0|0|NA|NA|NA|NA|NA|0|0|0|0|NA|0
"370210022041"|0|1|0|0|0|0|0|1|1|1|0|0|1|0|0|65720|65720|NA|NA|NA|5|2|2|168518|84259|0
"370210030024"|0|1|1|0|0|0|0|1|1|1|0|0|1|0|0|37500|37500|20950|20950|12050|129|36|150|8343994|55626.6266666667|0
"370210031051"|0|1|1|0|0|0|0|1|1|1|0|0|1|0|0|30250|30250|9963|9963|10670|93|33|80|4654012|58175.15|0
"370230214002"|0|1|0|0|0|0|0|1|1|1|1|0|0|1|0|2432|8576|NA|NA|NA|96|36|120|6451806|53765.05|0
"370250424011"|0|1|1|0|0|0|0|1|1|1|0|0|1|0|0|15040|15040|29850|29850|NA|25|6|64|6211846|97060.09375|0
"370250426022"|0|1|0|0|0|0|0|1|1|0|0|1|1|0|0|NA|NA|NA|NA|NA|0|0|0|0|NA|0
"370270306001"|0|1|0|0|0|0|0|1|1|1|1|0|0|1|0|2432|8576|NA|NA|NA|181|65|252|15990268|63453.4444444444|0
"370319704031"|0|1|0|0|0|0|0|1|1|1|1|0|0|1|0|2432|8576|NA|NA|NA|100|42|130|8136120|62585.5384615385|0
"370350104022"|0|1|1|0|0|0|0|1|1|1|0|0|0|1|0|43000|43000|12240|12240|12900|176|64|268|18493900|69007.0895522388|0
"370350117011"|0|1|0|0|0|0|0|1|1|1|1|0|0|1|0|2128|7504|NA|NA|NA|221|80|304|18928408|62264.5|0
"370399304012"|0|1|0|0|0|0|0|1|1|1|1|0|1|0|0|2304|8448|NA|NA|NA|64|20|82|4215604|51409.8048780488|0
"370459507013"|0|1|0|0|0|0|0|1|1|1|1|0|0|1|0|2432|8576|NA|NA|NA|111|45|150|8259848|55065.6533333333|0
"370459515013"|0|1|1|0|0|0|0|1|1|1|0|0|0|1|0|31220|31220|11000|11000|10770|277|160|294|19816234|67402.156462585|0
"370479307003"|0|1|0|0|0|0|0|1|1|1|1|0|0|1|0|2432|8576|NA|NA|NA|108|26|98|5801876|59202.8163265306|0
"370499604011"|0|1|0|0|0|0|0|1|1|1|1|0|0|1|0|1824|6432|NA|NA|NA|176|53|132|7365140|55796.5151515152|0
"370510007013"|0|1|1|0|0|0|0|1|1|1|0|0|1|0|0|5976|5976|5040|5040|NA|4|0|0|0|NA|0
"370510011003"|0|1|1|1|0|0|0|1|1|1|0|0|0|1|0|1000|5000|3438|14503|9440|511|188|514|41944988|81605.0350194553|0
"370510020011"|0|1|0|0|0|0|0|1|1|0|0|1|1|0|0|NA|NA|NA|NA|NA|0|0|0|0|NA|0
"370510020024"|0|1|1|0|0|0|0|1|1|1|0|0|1|0|0|6300|6300|5220|5220|NA|21|3|12|131748|10979|0
"370510021003"|0|1|0|0|0|0|0|1|1|1|1|0|0|0|1|2432|8576|NA|NA|NA|460|159|668|49618386|74279.0209580838|0
"370510025014"|0|1|0|0|0|0|0|1|1|1|1|0|1|0|0|NA|NA|NA|NA|NA|11|1|20|747172|37358.6|0
"370510025051"|0|1|1|0|0|0|0|1|1|1|0|0|0|1|0|37438|37438|39825|39825|12828|230|90|278|20625946|74194.0503597122|0
"370570605001"|0|1|0|0|0|0|0|1|1|1|1|0|0|1|0|2054|7698|NA|NA|NA|191|62|176|8831464|50178.7727272727|0
"370610904021"|0|1|0|0|0|0|0|1|1|1|1|0|0|1|0|2432|8576|NA|NA|NA|87|30|86|4966486|57749.8372093023|0
"370630011001"|0|1|0|0|0|0|0|1|1|0|0|1|1|0|0|NA|NA|NA|NA|NA|0|0|0|0|NA|0
"370630013032"|0|1|1|1|0|0|0|1|1|1|0|0|0|1|0|3728|16764|4740|18048|11864|735|248|724|60931858|84160.0248618785|0
"370630014002"|0|1|0|0|0|0|0|1|1|1|1|0|0|1|0|2067|7312|NA|NA|NA|224|70|270|17262392|63934.7851851852|0
"370630015011"|0|1|1|0|1|1|0|1|1|1|0|0|0|0|1|60435|60435|60220|60220|16651|7398|1240|2894|473795076|163716.335867312|0
"370630017051"|0|1|0|0|0|0|0|1|1|1|0|0|1|0|0|20556|20556|NA|NA|NA|5|0|28|2365318|84475.6428571429|0
"370630022002"|0|1|0|0|0|0|0|1|1|0|0|1|1|0|0|NA|NA|NA|NA|NA|0|0|0|0|NA|0
"370650213003"|0|1|0|0|0|0|0|1|1|1|1|0|0|1|0|2432|8576|NA|NA|NA|79|31|126|7408280|58795.873015873|0
"370670008011"|0|1|1|1|0|0|0|1|1|1|0|0|0|1|0|3401|14057|3872|14407|11220|519|156|482|39862954|82703.22406639|0
"370670008022"|0|1|1|0|0|0|0|1|1|1|0|0|0|1|0|6497|23731|9196|23899|12902|341|83|266|19919250|74884.3984962406|0
"370670009004"|0|2|2|0|0|0|0|2|2|2|0|0|2|0|0|43100|43100|20700|20700|24300|152|44|136|8062492|118566.058823529|0
"370670010003"|0|1|0|0|0|0|0|1|1|0|0|1|1|0|0|NA|NA|NA|NA|NA|0|0|0|0|NA|0
"370670013002"|0|1|1|0|0|1|0|1|1|1|0|0|0|1|0|61012|61012|38650|38650|16652|1776|456|1312|143993464|109751.115853659|0
"370670014001"|0|1|1|0|0|0|0|1|1|1|0|0|1|0|0|7600|7600|10000|10000|6400|5|1|6|170000|28333.3333333333|0
"370670027042"|0|1|0|0|0|0|0|1|1|0|0|1|1|0|0|NA|NA|NA|NA|NA|0|0|0|0|NA|0
"370670037011"|0|1|0|0|0|0|0|1|1|1|1|0|0|1|0|1992|7008|NA|NA|NA|311|109|408|26314200|64495.5882352941|0
"370690603013"|0|1|0|0|0|0|0|1|1|1|1|0|1|0|0|18980|18980|NA|NA|12220|71|33|26|1084304|41704|0
"370710304041"|0|1|0|0|0|0|0|1|1|1|1|0|0|1|0|2432|8576|NA|NA|NA|275|51|278|16285698|58581.6474820144|0
"370710312022"|0|1|1|0|0|0|0|1|1|1|0|0|0|1|0|18500|18500|16680|16680|11658|167|22|176|10936402|62138.6477272727|0
"370710328011"|0|1|0|0|0|0|0|1|1|0|0|1|1|0|0|NA|NA|NA|NA|NA|0|0|0|0|NA|0
"370810107022"|0|2|2|0|0|0|0|2|2|2|0|0|1|0|1|23942|39101|9527|23245|21596|1779|394|1754|146100546|139030.079664254|0
"370810110002"|0|1|1|1|0|0|0|1|1|1|0|0|0|0|1|3540|17050|4745|17545|9179|1127|337|956|83695996|87548.1129707113|0
"370810112012"|0|1|0|1|0|0|0|1|1|1|0|0|1|0|0|16000|16000|NA|NA|9100|55|16|26|1352474|52018.2307692308|0
"370810116011"|0|1|0|0|0|0|0|1|1|0|0|1|1|0|0|NA|NA|NA|NA|NA|0|0|0|0|NA|0
"370810126071"|0|1|1|0|0|0|0|1|1|1|0|0|0|1|0|13320|13320|14940|14940|NA|0|0|0|0|NA|0
"370810126101"|0|1|0|0|0|0|0|1|1|0|0|1|0|1|0|NA|NA|NA|NA|NA|0|0|0|0|NA|0
"370810136011"|0|1|1|0|0|0|0|1|1|1|0|0|0|1|0|36636|36636|29500|29500|16524|592|208|652|53739820|82423.036809816|0
"370810161011"|0|1|1|0|0|0|0|1|1|1|0|0|0|1|0|40400|40400|19200|19200|12900|170|43|152|9436490|62082.1710526316|0
"370810162052"|0|1|1|0|0|0|0|1|1|1|0|0|1|0|0|19260|19260|14400|14400|NA|3|1|0|0|NA|0
"370810165023"|0|1|0|0|0|0|0|1|1|1|1|0|0|0|1|2128|7504|NA|NA|NA|355|107|540|35715506|66139.8259259259|0
"370810165033"|0|1|0|0|0|0|0|1|1|0|0|1|1|0|0|NA|NA|NA|NA|NA|0|0|0|0|NA|0
"370839301001"|0|1|0|0|0|0|0|1|1|1|1|0|1|0|0|2432|8576|NA|NA|NA|72|36|74|3444750|46550.6756756757|0
"370850705004"|0|1|0|0|0|0|0|1|1|1|0|0|1|0|0|7560|7560|NA|NA|NA|5|0|10|186000|18600|0
"370850708023"|0|1|1|0|0|1|0|1|1|1|0|0|0|1|0|36650|36650|14417|14417|13855|507|195|436|40126904|92034.1834862385|0
"370879205022"|0|1|0|0|0|0|0|1|1|1|1|0|0|1|0|2432|8576|NA|NA|NA|103|29|104|5999860|57690.9615384615|0
"370899310003"|0|1|0|0|0|0|0|1|1|1|1|0|0|1|0|2432|8576|NA|NA|NA|133|35|148|9218850|62289.527027027|0
"370919501011"|0|1|1|0|0|0|0|1|1|1|0|0|1|0|0|25880|25880|8550|8550|9650|117|53|86|6083312|70736.1860465116|0
"370919503001"|0|1|0|0|0|0|0|1|1|1|1|0|1|0|0|2432|8576|NA|NA|NA|34|7|42|2328160|55432.380952381|0
"370970605003"|0|1|0|0|0|0|0|1|1|1|1|0|0|1|0|2432|8576|NA|NA|NA|126|37|162|9404856|58054.6666666667|0
"370970613041"|0|1|0|0|0|0|0|1|1|0|0|1|1|0|0|NA|NA|NA|NA|NA|0|0|0|0|NA|0
"370970613043"|0|1|0|0|0|0|0|1|1|1|1|0|0|1|0|NA|NA|NA|NA|NA|33|1|78|5399974|69230.4358974359|0
"370999504002"|0|1|0|0|0|0|0|1|1|1|1|0|0|1|0|1976|6968|NA|NA|NA|122|39|158|8742052|55329.4430379747|0
"370999506002"|0|1|1|0|0|0|0|1|1|1|0|0|0|0|1|1000|5000|4435|14842|11173|1026|294|1098|87206860|79423.3697632058|0
"371010406002"|0|1|0|0|0|0|0|1|1|1|1|0|0|1|0|2432|8576|NA|NA|NA|178|47|222|14452112|65099.6036036036|0
"371050304011"|0|1|0|0|0|0|0|1|1|1|1|0|0|1|0|2432|8576|NA|NA|NA|259|103|328|19338456|58958.7073170732|0
"371070114002"|0|1|0|0|0|0|0|1|1|1|1|0|0|1|0|2432|8576|NA|NA|NA|143|67|182|8865630|48712.2527472528|0
"371119709031"|0|1|0|0|0|0|0|1|1|1|1|0|0|1|0|1824|6432|NA|NA|NA|70|8|80|4545244|56815.55|0
"371150106011"|0|1|1|0|0|0|0|1|1|1|0|0|0|1|0|36557|36557|12684|12684|10004|120|61|148|8555558|57807.8243243243|0
"371179702002"|0|1|0|0|0|0|0|1|1|1|1|0|1|0|0|1824|6432|NA|NA|NA|54|16|54|3115062|57686.3333333333|0
"371190005011"|0|1|0|0|0|0|0|1|1|1|0|0|0|1|0|37896|37896|NA|NA|14876|87|16|144|12877674|89428.2916666667|0
"371190019211"|0|1|0|0|0|0|0|1|1|0|0|1|1|0|0|16520|16520|NA|NA|NA|0|0|0|0|NA|0
"371190019271"|0|1|1|0|0|0|0|1|1|1|0|0|1|0|0|10970|10970|8622|8622|NA|9|3|16|432842|27052.625|0
"371190025002"|0|1|0|0|0|0|0|1|1|1|1|0|0|0|1|2432|8576|NA|NA|NA|728|201|668|41383938|61952.002994012|0
"371190027021"|0|1|1|0|0|0|0|1|1|1|0|0|0|1|0|39030|39030|12914|12914|14026|271|102|248|19384578|78163.6209677419|0
"371190038052"|0|1|0|0|0|0|0|1|1|1|0|0|1|0|0|14549|14549|NA|NA|NA|29|7|62|5711686|92123.9677419355|0
"371190038101"|0|1|0|0|0|0|0|1|1|0|0|1|1|0|0|21524|21524|NA|NA|NA|0|0|0|0|NA|0
"371190040002"|0|1|0|0|0|0|0|1|1|0|0|1|1|0|0|NA|NA|NA|NA|NA|0|0|0|0|NA|0
"371190047001"|0|1|1|1|0|0|0|1|1|1|0|0|0|1|0|17474|17474|18308|18308|7100|149|36|152|9249898|60854.5921052632|0
"371190053062"|0|1|0|0|0|0|0|1|1|0|0|1|1|0|0|NA|NA|NA|NA|NA|0|0|0|0|NA|0
"371190056042"|0|1|1|0|0|0|0|1|1|1|0|0|0|0|1|3812|17936|4337|18482|12896|2431|803|2142|211250792|98623.152194211|0
"371190058292"|0|1|0|0|0|0|0|1|1|0|0|1|1|0|0|NA|NA|NA|NA|NA|0|0|0|0|NA|0
"371190059151"|0|2|1|0|0|0|0|2|2|2|0|0|2|0|0|33964|33964|NA|NA|NA|9|0|0|0|NA|0
"371190064032"|0|1|0|0|0|0|0|1|1|1|0|0|0|1|0|56550|56550|NA|NA|15750|625|224|434|46991756|108275.935483871|0
"371239602012"|0|1|0|0|0|0|0|1|1|1|1|0|1|0|0|2432|8576|NA|NA|NA|48|21|78|4527360|58043.0769230769|0
"371259508023"|0|1|0|0|0|0|0|1|1|1|1|0|0|1|0|2598|8742|NA|NA|NA|160|34|240|15365928|64024.7|0
"371270106031"|0|1|1|0|0|0|0|1|1|1|0|0|0|1|0|33952|33952|12600|12600|12264|146|35|120|6840540|57004.5|0
"371270111011"|0|1|0|0|0|0|0|1|1|1|1|0|0|1|0|2600|8600|NA|NA|NA|110|39|206|12313676|59775.1262135922|0
"371290105012"|0|1|0|0|0|0|0|1|1|1|0|0|1|0|0|NA|NA|NA|NA|NA|92|1|8|438810|54851.25|0
"371290106003"|0|1|0|0|0|0|0|1|1|0|0|1|1|0|0|NA|NA|NA|NA|NA|0|0|0|0|NA|0
"371290113001"|0|1|0|0|0|0|0|1|1|1|1|0|0|0|1|2432|8576|NA|NA|NA|341|98|508|30878120|60783.7007874016|0
"371290115022"|0|1|1|0|0|0|0|1|1|1|0|0|0|0|1|4443|19063|4719|19104|12120|1458|496|1508|128279986|85066.3037135279|0
"371330013011"|0|1|0|0|0|0|0|1|1|1|1|0|1|0|0|NA|NA|NA|NA|NA|10|1|22|650504|29568.3636363636|0
"371330021001"|0|1|0|0|0|0|0|1|1|1|1|0|0|1|0|2432|8576|NA|NA|NA|154|68|244|13306896|54536.4590163934|0
"371350116011"|0|1|1|0|0|1|0|1|1|1|0|0|0|0|1|7019|35580|10552|28844|12254|10169|2108|3336|452525168|135649.03117506|0
"371350121011"|0|1|0|0|0|0|0|1|1|0|0|1|1|0|0|NA|NA|NA|NA|NA|0|0|0|0|NA|0
"371350122013"|0|1|1|0|0|0|0|1|1|0|0|0|0|0|0|NA|NA|NA|NA|NA|447|134|0|0|NA|0
"371379502041"|0|1|0|0|0|0|0|1|1|1|1|0|1|0|0|1824|6432|NA|NA|NA|36|9|52|2647364|50910.8461538462|0
"371399601001"|0|1|0|0|0|0|0|1|1|1|0|0|1|0|0|16000|16000|NA|NA|10000|21|9|28|1408746|50312.3571428571|0
"371399602004"|0|1|1|1|0|0|0|1|1|1|0|0|0|1|0|1000|5000|3375|16437|8727|270|68|174|12958230|74472.5862068966|0
"371399605012"|0|1|0|0|0|0|0|1|1|1|1|0|0|1|0|2113|7199|NA|NA|NA|108|40|152|9345506|61483.5921052632|0
"371459203003"|0|1|0|0|0|0|0|1|1|1|1|0|0|1|0|2432|8576|NA|NA|NA|90|20|106|6163416|58145.4339622641|0
"371470001022"|0|1|0|0|0|0|0|1|1|0|0|1|1|0|0|NA|NA|NA|NA|NA|0|0|0|0|NA|0
"371470004001"|0|1|1|0|0|1|0|1|1|1|0|0|0|0|1|4452|20729|4749|17898|10816|2442|839|2320|202722176|87380.2482758621|0
"371470013012"|0|1|0|0|0|0|0|1|1|1|1|0|0|1|0|1824|6432|NA|NA|NA|308|147|376|22707858|60393.2393617021|0
"371510301002"|0|1|0|0|0|0|0|1|1|1|1|0|0|1|0|2280|8040|NA|NA|NA|124|51|166|10090296|60784.9156626506|0
"371539710002"|0|1|0|0|0|0|0|1|1|1|1|0|0|1|0|2432|8576|NA|NA|NA|116|30|192|12010270|62553.4895833333|0
"371559605021"|0|1|1|0|0|0|0|1|1|1|0|0|0|1|0|1000|5000|4280|17339|11052|566|208|624|46724140|74878.4294871795|0
"371559607013"|0|1|0|0|0|0|0|1|1|1|1|0|0|1|0|2432|8576|NA|NA|NA|96|47|146|9609384|65817.698630137|0
"371570416012"|0|1|0|0|0|0|0|1|1|1|1|0|0|1|0|1824|6432|NA|NA|NA|96|29|104|6191040|59529.2307692308|0
"371590502023"|0|1|1|0|0|0|0|2|2|2|1|0|1|1|0|NA|NA|NA|NA|NA|242|106|346|20100922|109825.004761905|0
"371590504002"|0|1|0|1|0|0|0|1|1|1|0|0|1|0|0|15917|15917|NA|NA|6794|134|46|116|6788522|58521.7413793103|0
"371590505003"|0|1|1|0|0|0|0|1|1|1|0|0|0|1|0|32868|32868|3594|3594|11576|192|75|174|12543410|72088.5632183908|0
"371619609004"|0|1|0|0|0|0|0|1|1|1|1|0|0|1|0|1824|6432|NA|NA|NA|133|29|114|6708018|58842.2631578947|0
"371639708021"|0|1|0|0|0|0|0|1|1|1|1|0|0|1|0|3116|10988|NA|NA|NA|80|25|128|7290218|56954.828125|0
"371650103001"|0|1|1|0|0|0|0|1|1|1|0|0|1|0|0|28600|28600|25800|25800|11480|83|41|86|5051818|58742.0697674419|0
"371679301011"|0|1|1|0|0|0|0|1|1|1|0|0|0|1|0|31940|31940|12240|12240|12520|96|48|136|10155904|74675.7647058823|0
"371679312021"|0|1|0|0|0|0|0|1|1|1|1|0|0|1|0|2554|9005|NA|NA|NA|118|41|150|9439974|62933.16|0
"371719310023"|0|1|0|0|0|0|0|1|1|1|1|0|0|1|0|2550|8694|NA|NA|NA|125|36|176|10002618|56833.0568181818|0
"371759603013"|0|1|1|0|0|0|0|1|1|1|0|0|1|0|0|28400|28400|10800|10800|12400|131|66|98|4797692|48956.0408163265|0
"371790207012"|0|1|1|0|0|0|0|1|1|1|0|0|0|1|0|40706|40706|12330|12330|10444|323|87|358|29529322|82484.1396648045|0
"371819603003"|0|1|0|0|0|0|0|1|1|1|1|0|0|1|0|1824|6432|NA|NA|NA|146|25|166|9429524|56804.3614457831|0
"371830504002"|0|1|0|0|0|0|0|1|1|1|0|0|1|0|0|32550|32550|NA|NA|12040|94|33|70|3900800|55725.7142857143|0
"371830506001"|0|1|1|1|0|0|0|1|1|1|0|0|0|1|0|10968|10968|10800|10800|8942|143|55|134|8603654|64206.3731343284|0
"371830509001"|0|1|1|1|0|0|0|1|1|1|0|0|0|1|0|11808|11808|10404|10404|8514|144|30|122|6193654|50767.6557377049|0
"371830511022"|0|1|1|0|0|1|0|1|1|1|0|0|0|0|1|6535|28276|9095|28301|12748|7609|1660|3682|430163558|116828.777294948|0
"371830524012"|0|1|1|0|0|0|0|1|1|1|0|0|0|1|0|42540|42540|13357|13357|12544|270|97|248|16692522|67308.5564516129|0
"371830527051"|0|1|0|0|0|0|0|1|1|1|1|0|1|0|0|NA|NA|NA|NA|NA|8|1|8|202700|25337.5|0
"371830530033"|0|0|1|0|0|0|0|1|1|1|0|0|1|0|0|NA|NA|6660|6660|NA|5|0|16|1371104|85694|0
"371830530035"|0|1|0|0|0|0|0|1|1|0|0|1|1|0|0|NA|NA|NA|NA|NA|0|0|0|0|NA|0
"371830530113"|0|1|0|0|0|0|0|1|1|1|1|0|0|1|0|NA|NA|NA|NA|NA|88|5|68|3967090|58339.5588235294|0
"371830531101"|0|1|0|0|0|0|0|1|1|1|1|0|0|0|1|2432|8576|NA|NA|NA|866|327|1242|70656276|56889.1111111111|0
"371830537273"|0|1|0|0|0|0|0|1|1|0|0|1|1|0|0|NA|NA|NA|NA|NA|0|0|0|0|NA|0
"371830540181"|0|1|0|0|0|0|0|1|1|0|0|1|1|0|0|NA|NA|NA|NA|NA|0|0|0|0|NA|0
"371830542061"|0|1|1|0|0|0|0|1|1|1|0|0|0|1|0|9432|9432|5472|5472|5874|139|46|100|7398766|73987.66|0
"371830542203"|0|1|0|0|0|0|0|1|1|1|0|0|1|0|0|15324|15324|NA|NA|10092|0|0|0|0|NA|0
"371830544043"|0|1|0|0|0|0|0|1|1|1|0|0|1|0|0|9790|9790|NA|NA|5153|10|3|10|460774|46077.4|0
"371899202003"|0|0|1|0|0|0|0|1|1|1|0|0|1|0|0|NA|NA|13260|13260|NA|2|0|0|0|NA|0
"371899205001"|0|1|1|0|0|0|0|1|1|1|0|0|0|0|1|4242|20246|4839|19849|11582|1890|627|2086|167793118|80437.736337488|0
"371910008002"|0|1|1|0|0|0|0|1|1|1|0|0|0|1|0|22591|22591|18300|18300|9983|147|46|126|8604054|68286.1428571429|0
"371910013022"|0|1|0|0|0|0|0|1|1|1|1|0|0|1|0|2432|8576|NA|NA|NA|167|61|224|13632354|60858.7232142857|0
"371939610013"|0|1|0|0|0|0|0|1|1|1|1|0|0|1|0|2432|8576|NA|NA|NA|154|46|190|10884118|57284.8315789474|0
"371950001001"|0|1|1|0|0|0|0|1|1|1|0|0|0|1|0|34400|34400|10296|10296|11100|147|58|116|6975388|60132.6551724138|0
"371950004022"|0|1|0|0|0|0|0|1|1|0|0|1|1|0|0|NA|NA|NA|NA|NA|0|0|0|0|NA|0
"371950007024"|0|1|0|0|0|0|0|1|1|1|1|0|0|1|0|2736|9648|NA|NA|NA|73|15|92|6105480|66363.9130434783|0
"380039682003"|0|1|1|0|0|0|0|1|1|1|0|0|0|1|0|6619|11583|6605|6605|6957|113|33|146|8317320|56967.9452054795|0
"380059401001"|0|1|0|0|0|0|1|1|1|1|1|0|1|0|0|3600|3600|NA|NA|NA|33|7|38|2231250|58717.1052631579|0
"380099523001"|0|1|0|0|0|0|0|1|1|1|1|0|0|1|0|4530|6796|NA|NA|8465|41|6|62|3200326|51618.1612903226|0
"380150102004"|0|1|0|0|0|0|0|1|1|0|0|1|1|0|0|NA|NA|NA|NA|NA|0|0|0|0|NA|0
"380150105001"|0|1|0|0|0|0|0|1|1|1|0|0|0|1|0|4167|6251|NA|NA|7830|194|68|218|12638138|57973.1100917431|0
"380150112003"|0|1|0|0|0|0|0|1|0|0|0|0|0|0|0|NA|NA|NA|NA|NA|0|0|0|0|NA|0
"380150112004"|0|1|1|0|0|0|0|1|1|1|0|0|0|1|0|18710|18710|11238|11238|8220|237|74|324|6320506|19507.7345679012|0
"380150113003"|0|1|0|0|0|0|1|1|1|1|0|0|1|0|0|3220|3220|NA|NA|5100|140|33|66|3366746|51011.303030303|0
"380170003003"|0|1|1|0|0|0|0|1|1|1|0|0|0|0|1|9309|13963|7585|11377|9300|1992|354|1066|96000988|90057.2120075047|0
"380170006011"|0|1|0|0|0|0|0|1|1|0|0|1|1|0|0|NA|NA|NA|NA|NA|0|0|0|0|NA|0
"380170006013"|0|1|0|0|0|0|0|1|1|0|0|1|1|0|0|NA|NA|NA|NA|NA|0|0|0|0|NA|0
"380170101061"|0|1|1|0|0|0|0|1|1|1|0|0|1|0|0|10535|10535|3667|3667|NA|17|2|30|2208918|73630.6|0
"380170101064"|0|1|0|0|0|0|0|1|1|0|0|1|1|0|0|NA|NA|NA|NA|NA|0|0|0|0|NA|0
"380219734002"|0|1|1|0|0|0|0|1|1|1|0|0|1|0|0|15598|15598|12240|12240|6758|50|16|26|1014614|39023.6153846154|0
"380350103011"|0|1|1|0|0|1|0|1|1|1|0|0|0|0|1|9237|13856|11963|17944|10170|1455|413|1060|92145554|86929.7679245283|0
"380350112013"|0|1|0|0|0|0|0|1|1|0|0|1|1|0|0|NA|NA|NA|NA|NA|0|0|0|0|NA|0
"380619404002"|0|1|0|0|0|0|1|1|1|1|0|0|1|0|0|3600|3600|NA|NA|NA|39|6|52|3240026|62308.1923076923|0
"380719578003"|0|1|0|0|0|0|0|1|1|1|1|0|0|1|0|4249|4249|NA|NA|7200|74|17|72|4818272|66920.4444444444|0
"380779709002"|0|1|0|0|0|0|0|1|1|1|1|0|0|1|0|4996|5995|NA|NA|6870|147|66|208|13203070|63476.2980769231|0
"380799418001"|0|1|0|0|0|0|1|1|1|1|0|0|1|0|0|1920|1920|NA|NA|NA|78|21|86|5544692|64473.1627906977|0
"380859409001"|0|1|1|0|0|0|1|1|1|1|0|0|1|0|0|3600|3600|6300|6300|5850|64|14|54|3338580|61825.5555555556|0
"380899636002"|0|1|1|0|0|0|0|1|1|1|0|0|0|1|0|7470|9570|6060|6060|7740|104|32|124|8280084|66774.8709677419|0
"380939674011"|0|1|1|0|0|0|0|1|1|1|0|0|0|1|0|23400|23400|11128|11128|8560|125|71|164|11322208|69037.8536585366|0
"380979702002"|0|1|1|0|0|0|0|1|1|1|0|0|0|1|0|6517|9775|7597|7597|9522|145|25|88|5153456|58562|0
"381010104004"|0|1|1|0|0|0|0|1|1|1|0|0|0|1|0|7168|7168|9352|9352|7180|265|80|296|18632290|62946.9256756757|0
"381059539004"|0|1|0|0|0|0|0|1|1|1|1|0|1|0|0|4140|4140|NA|NA|8056|61|16|64|4217354|65896.15625|0
"390030101001"|0|1|1|0|0|0|0|1|1|1|0|0|1|0|0|34716|34716|13440|13440|11602|76|23|96|5091744|53039|0
"390030109001"|0|2|1|0|0|0|0|2|2|1|0|1|1|1|0|NA|NA|NA|NA|NA|153|36|170|11063352|NA|0
"390030113012"|0|2|0|0|0|0|0|2|2|2|1|0|1|1|0|13117|41564|NA|NA|NA|163|49|166|10791656|145745.001412429|0
"390030119003"|0|1|0|0|0|0|0|1|1|0|0|1|1|0|0|NA|NA|NA|NA|NA|0|0|0|0|NA|0
"390059706001"|0|1|1|0|0|0|0|1|1|1|0|0|0|1|0|23000|23000|7656|7656|11440|563|136|320|21921176|68503.675|0
"390059710001"|0|1|0|0|0|0|0|1|0|0|0|1|1|0|0|NA|NA|NA|NA|NA|0|0|0|0|NA|0
"390070006033"|0|1|0|0|0|0|0|1|1|1|0|0|0|1|0|6902|15817|NA|NA|NA|33|10|80|5700396|71254.95|0
"390070011021"|0|1|0|0|0|0|0|1|1|0|0|1|1|0|0|NA|NA|NA|NA|NA|0|0|0|0|NA|0
"390099728003"|0|2|0|0|0|0|0|2|2|1|1|1|1|1|0|NA|NA|NA|NA|NA|93|18|148|9084268|NA|0
"390099739011"|0|1|1|0|0|1|0|1|1|1|0|0|0|0|1|13352|23720|9444|17436|12336|2144|507|1630|143073246|87774.9975460123|0
"390130101003"|0|1|0|0|0|0|0|1|1|0|0|1|1|0|0|NA|NA|NA|NA|NA|0|0|0|0|NA|0
"390130122021"|0|1|0|0|0|0|0|1|1|1|0|0|0|1|0|6004|8996|NA|NA|NA|3|2|36|2619074|72752.0555555556|0
"390130122022"|0|1|0|0|0|0|0|1|1|1|1|0|1|0|0|3140|5860|NA|NA|NA|36|9|56|2688752|48013.4285714286|0
"390159512012"|0|1|0|0|0|0|0|1|1|1|1|0|1|0|0|13080|13080|NA|NA|NA|13|2|4|172000|43000|0
"390170003002"|0|1|1|0|0|0|0|1|1|1|0|0|0|1|0|6083|16869|13396|32698|NA|99|41|208|16148922|77639.0480769231|0
"390170101041"|0|1|1|0|0|0|0|1|1|1|0|0|0|0|1|13678|34171|13396|32698|15824|1922|506|1770|173174532|97838.7186440678|0
"390170109092"|0|1|0|0|0|0|0|1|1|0|0|1|1|0|0|NA|NA|NA|NA|NA|0|0|0|0|NA|0
"390170111091"|0|1|0|0|0|0|0|1|1|0|0|1|1|0|0|NA|NA|NA|NA|NA|0|0|0|0|NA|0
"390170111231"|0|1|0|0|0|0|0|1|1|0|0|1|1|0|0|NA|NA|NA|NA|NA|0|0|0|0|NA|0
"390170113001"|0|1|0|0|0|0|0|1|1|0|0|1|1|0|0|NA|NA|NA|NA|NA|0|0|0|0|NA|0
"390170126003"|0|1|1|0|0|0|0|1|1|1|0|0|0|1|0|6045|16765|13396|32698|NA|83|24|86|6203172|72129.9069767442|0
"390230007003"|0|1|1|0|0|0|0|1|1|1|0|0|0|1|0|42260|42260|8027|8027|11280|200|87|194|13681268|70522|0
"390230012005"|0|1|0|0|0|0|0|1|1|1|0|0|0|1|0|3416|6832|NA|NA|NA|157|43|176|10235200|58154.5454545455|0
"390250411021"|0|1|0|0|0|0|0|1|1|1|0|0|0|1|0|5628|12860|NA|NA|NA|85|20|156|13876910|88954.5512820513|0
"390250418002"|0|1|0|0|0|0|0|1|1|0|0|1|1|0|0|NA|NA|NA|NA|NA|0|0|0|0|NA|0
"390279647001"|0|1|1|0|0|0|0|1|1|1|0|0|0|1|0|28415|28415|16000|16000|10800|121|60|112|6298630|56237.7678571429|0
"390299505005"|0|1|0|0|0|0|0|1|1|1|0|0|0|1|0|6902|15817|NA|NA|NA|26|6|64|4279134|66861.46875|0
"390299506005"|0|1|0|0|0|0|0|1|1|0|0|1|1|0|0|NA|NA|NA|NA|NA|0|0|0|0|NA|0
"390299508002"|0|1|0|0|0|0|0|1|1|1|0|0|1|0|0|6400|6400|NA|NA|4000|17|9|8|185758|23219.75|0
"390299514023"|0|1|0|0|0|0|0|1|1|0|0|1|1|0|0|NA|NA|NA|NA|NA|0|0|0|0|NA|0
"390299516004"|0|1|0|0|0|0|0|1|1|1|1|0|1|0|0|12260|12260|NA|NA|NA|16|3|12|743760|61980|0
"390299522001"|0|1|0|0|0|0|0|1|1|1|0|0|0|1|0|6902|15817|NA|NA|NA|18|5|32|2279484|71233.875|0
"390351036022"|0|1|0|0|0|0|0|1|1|0|0|1|1|0|0|NA|NA|NA|NA|NA|0|0|0|0|NA|0
"390351077012"|0|1|0|0|0|0|0|1|1|1|1|0|0|0|1|4622|8736|NA|NA|NA|907|196|806|70315150|87239.6401985112|0
"390351078023"|0|1|1|0|0|0|0|1|1|1|0|0|0|0|1|12144|17359|10627|18202|14197|887|265|1126|105283140|93501.9005328597|0
"390351082012"|0|1|0|0|0|0|0|1|1|1|1|0|1|0|0|NA|NA|NA|NA|NA|36|6|54|2762936|51165.4814814815|0
"390351188002"|0|1|0|0|0|0|0|1|1|1|0|0|1|0|0|43380|43380|NA|NA|12230|88|14|104|6065702|58324.0576923077|0
"390351241006"|0|1|0|0|0|0|0|1|1|0|0|1|1|0|0|NA|NA|NA|NA|NA|0|0|0|0|NA|0
"390351343001"|0|1|1|0|0|0|0|1|1|1|0|0|0|1|0|36575|36575|11530|11530|12796|417|125|452|36722080|81243.5398230088|0
"390351351041"|0|1|0|0|0|0|0|1|1|0|0|1|1|0|0|NA|NA|NA|NA|NA|0|0|0|0|NA|0
"390351351053"|0|1|0|0|0|0|0|1|1|1|1|0|1|0|0|16249|16249|NA|NA|NA|15|2|22|1360010|61818.6363636364|0
"390351371032"|0|1|0|0|0|0|0|1|1|1|1|0|1|0|0|NA|NA|NA|NA|NA|34|1|46|1846284|40136.6086956522|0
"390351403012"|0|1|1|0|0|0|0|1|1|1|0|0|1|0|0|10104|10104|12504|12504|NA|13|1|0|0|NA|0
"390351521011"|0|1|0|0|0|0|0|1|1|0|0|1|1|0|0|9540|9540|NA|NA|NA|0|0|0|0|NA|0
"390351561011"|0|1|0|0|0|0|0|1|1|0|0|1|1|0|0|NA|NA|NA|NA|NA|0|0|0|0|NA|0
"390351606022"|0|1|0|0|0|0|0|1|1|1|0|0|1|0|0|21000|21000|NA|NA|NA|5|0|2|83200|41600|0
"390351702012"|0|1|0|0|0|0|0|1|1|0|0|0|0|0|0|NA|NA|NA|NA|NA|0|0|0|0|NA|0
"390351711031"|0|1|0|0|0|0|0|1|1|1|1|0|1|0|0|16155|16155|NA|NA|NA|15|2|12|608886|50740.5|0
"390351722011"|0|1|0|0|0|0|0|1|1|0|0|1|1|0|0|NA|NA|NA|NA|NA|0|0|0|0|NA|0
"390351731073"|0|1|0|0|0|0|0|1|1|0|0|1|1|0|0|NA|NA|NA|NA|NA|0|0|0|0|NA|0
"390351771014"|0|1|0|0|0|0|0|1|1|1|0|0|1|0|0|18428|18428|NA|NA|NA|51|29|64|4475266|69926.03125|0
"390351791011"|0|1|1|0|0|0|0|1|1|1|0|0|1|0|0|36390|36390|22320|22320|12042|109|48|120|7344830|61206.9166666667|0
"390351852031"|0|1|1|0|0|0|0|1|1|1|0|0|0|1|0|31250|31250|NA|NA|11568|122|41|116|5448498|46969.8103448276|0
"390351862014"|0|1|0|0|0|0|0|1|1|0|0|1|1|0|0|NA|NA|NA|NA|NA|0|0|0|0|NA|0
"390351871052"|0|1|1|0|0|0|0|1|1|1|0|0|0|1|0|45490|45490|14699|14699|13200|284|107|278|24264454|87282.2086330935|0
"390351929001"|0|1|0|0|0|0|0|1|1|0|0|1|1|0|0|NA|NA|NA|NA|NA|0|0|0|0|NA|0
"390351968001"|0|1|1|0|0|1|0|1|1|1|0|0|0|0|1|61040|61040|50838|50838|17220|2053|423|1468|174177900|118649.795640327|0
"390351968003"|0|1|1|0|0|0|0|1|1|1|0|0|1|0|0|40000|40000|40000|40000|13300|46|8|72|5435788|75497.0555555556|0
"390399585002"|0|1|1|0|0|0|0|1|1|1|0|0|1|0|0|34556|34556|8226|8226|10940|79|32|76|4262250|56082.2368421053|0
"390410101003"|0|1|0|0|0|0|0|1|1|1|0|0|0|1|0|49262|49262|NA|NA|13745|214|104|192|14037642|73112.71875|0
"390410117622"|0|1|0|0|0|0|0|1|1|1|1|0|0|1|0|NA|NA|NA|NA|NA|102|2|54|677900|12553.7037037037|0
"390410122003"|0|0|1|0|0|0|0|1|1|1|0|0|1|0|0|NA|NA|29522|29522|NA|25|1|22|1519188|69054|0
"390430404001"|0|1|0|0|0|0|0|1|1|1|0|0|0|1|0|5637|13626|NA|NA|NA|45|13|92|6408522|69657.847826087|0
"390430409001"|0|1|0|0|0|0|0|1|1|0|0|1|1|0|0|NA|NA|NA|NA|NA|0|0|0|0|NA|0
"390430413001"|0|1|0|0|0|0|0|1|1|0|0|1|1|0|0|6109|6109|NA|NA|NA|0|0|0|0|NA|0
"390430418001"|0|1|0|0|0|0|0|1|1|0|0|1|1|0|0|NA|NA|NA|NA|NA|0|0|0|0|NA|0
"390430419002"|0|1|0|0|0|0|0|1|1|1|1|0|1|0|0|8820|8820|NA|NA|NA|3|0|6|463520|77253.3333333333|0
"390450314011"|0|1|0|0|0|0|0|1|1|1|0|0|0|1|0|6004|8996|NA|NA|NA|9|7|54|4173378|77284.7777777778|0
"390490007201"|0|1|0|0|0|0|0|1|1|0|0|1|1|0|0|NA|NA|NA|NA|NA|0|0|0|0|NA|0
"390490011211"|0|1|1|0|1|1|0|1|1|1|0|0|0|0|1|11525|35782|12092|38693|14006|10453|1941|4576|599609388|131033.520104895|0
"390490030003"|0|2|1|0|0|0|0|2|2|2|1|0|1|0|1|42838|48261|NA|NA|NA|886|207|814|52687260|133755.405474155|0
"390490040021"|0|1|1|0|0|0|0|1|1|1|0|0|0|1|0|9552|9552|16080|16080|NA|252|104|124|14686046|118435.85483871|0
"390490050012"|0|1|1|0|0|0|0|1|1|1|0|0|1|0|0|24356|24356|24000|24000|NA|26|4|102|9997810|98017.7450980392|0
"390490069451"|0|1|0|0|0|0|0|1|1|1|0|0|1|0|0|16131|16131|NA|NA|NA|17|6|12|895600|74633.3333333333|0
"390490070103"|0|1|1|0|0|0|0|1|1|1|0|0|0|1|0|33824|33824|14048|14048|11988|203|90|266|19936140|74947.8947368421|0
"390490070411"|0|1|1|0|0|0|0|1|1|1|0|0|1|0|0|28020|28020|30707|30707|11976|29|6|30|2013386|67112.8666666667|0
"390490071132"|0|1|0|0|0|0|0|1|1|0|0|1|1|0|0|NA|NA|NA|NA|NA|0|0|0|0|NA|0
"390490071141"|0|1|0|0|0|0|0|1|1|0|0|1|1|0|0|NA|NA|NA|NA|NA|0|0|0|0|NA|0
"390490071981"|0|1|0|0|0|0|0|1|1|1|1|0|0|1|0|18912|18912|NA|NA|NA|155|4|234|17058804|72900.8717948718|0
"390490071982"|0|1|0|0|0|0|0|1|1|1|1|0|1|0|0|15430|15430|NA|NA|NA|36|17|60|4185016|69750.2666666667|0
"390490075502"|0|1|1|0|0|0|0|1|1|1|0|0|0|1|0|32780|32780|11340|11340|11850|113|47|112|8245296|73618.7142857143|0
"390490078125"|0|1|0|0|0|0|0|1|1|0|0|1|1|0|0|NA|NA|NA|NA|NA|0|0|0|0|NA|0
"390490079661"|0|1|0|0|0|0|0|1|1|0|0|1|1|0|0|NA|NA|NA|NA|NA|0|0|0|0|NA|0
"390490082102"|0|1|0|0|0|0|0|1|1|0|0|1|1|0|0|13000|13000|NA|NA|NA|0|0|0|0|NA|0
"390490089004"|0|1|1|0|0|0|0|1|1|1|0|0|0|1|0|39900|39900|12780|12780|12308|243|81|308|23554666|76476.1883116883|0
"390490092511"|0|1|0|0|0|0|0|1|1|0|0|1|1|0|0|NA|NA|NA|NA|NA|0|0|0|0|NA|0
"390490093502"|0|1|0|0|0|0|0|1|1|0|0|1|1|0|0|NA|NA|NA|NA|NA|0|0|0|0|NA|0
"390490094954"|0|1|0|0|0|0|0|1|1|0|0|1|1|0|0|NA|NA|NA|NA|NA|0|0|0|0|NA|0
"390490094971"|0|1|0|0|0|0|0|1|1|0|0|1|1|0|0|NA|NA|NA|NA|NA|0|0|0|0|NA|0
"390490094981"|0|1|0|0|0|0|0|1|1|1|1|0|1|0|0|21023|21023|NA|NA|NA|3|0|2|88136|44068|0
"390490099001"|0|1|1|0|0|0|0|1|1|1|0|0|1|0|0|13057|13057|19812|19812|NA|17|4|40|2697280|67432|0
"390490101001"|0|2|1|0|0|0|0|2|2|2|0|0|2|0|0|33292|33292|NA|NA|NA|28|0|14|1429890|NA|0
"390490102032"|0|1|0|0|0|0|0|1|1|1|0|0|1|0|0|7992|7992|NA|NA|10300|12|5|6|250900|41816.6666666667|0
"390490107001"|0|1|0|0|0|0|0|1|1|0|0|1|1|0|0|NA|NA|NA|NA|NA|0|0|0|0|NA|0
"390539536001"|0|1|0|0|0|0|0|1|1|0|0|1|1|0|0|NA|NA|NA|NA|NA|0|0|0|0|NA|0
"390539537001"|0|1|1|0|0|0|0|1|1|1|0|0|0|1|0|19400|19600|21420|21620|11166|115|55|112|6342798|56632.125|0
"390553107002"|0|1|0|0|0|0|0|1|1|0|0|1|1|0|0|NA|NA|NA|NA|NA|0|0|0|0|NA|0
"390553113004"|0|1|1|0|0|0|0|1|1|1|0|0|0|1|0|6902|15817|12072|22522|NA|30|5|76|5044774|66378.6052631579|0
"390572001042"|0|1|1|0|0|1|0|1|1|1|0|0|0|1|0|10174|19592|14298|24286|10686|776|256|828|75962730|91742.4275362319|0
"390572406002"|0|1|2|1|0|0|0|2|2|2|0|0|1|1|0|NA|NA|26100|27900|NA|390|111|236|16106834|151867.671052632|0
"390572406003"|0|1|1|1|0|0|0|1|1|1|0|0|1|0|0|12020|12020|12830|12830|7000|83|15|36|2150970|59749.1666666667|0
"390572407001"|0|1|0|0|0|0|0|1|0|0|0|1|1|0|0|NA|NA|NA|NA|NA|0|0|0|0|NA|0
"390572550004"|0|1|0|0|0|0|0|1|1|1|0|0|1|0|0|35949|35949|NA|NA|7640|65|8|40|2430362|60759.05|0
"390572601002"|0|1|1|0|0|0|0|1|1|1|0|0|0|1|0|34498|34498|10260|10260|8400|343|138|476|36781390|77271.8277310924|0
"390572802001"|0|2|2|0|0|0|0|2|2|1|0|0|1|0|0|NA|NA|NA|NA|NA|146|42|44|3830838|150258.047619048|0
"390572803002"|0|0|1|0|0|0|0|0|0|1|0|0|0|1|0|NA|NA|18624|18624|NA|0|0|0|0|NA|0
"390610010003"|0|1|1|0|0|0|0|1|1|1|0|0|1|0|0|33553|33553|11044|11044|10500|41|16|22|1077360|48970.9090909091|0
"390610018002"|0|1|1|0|0|0|0|1|1|1|0|0|1|0|0|6500|6500|7920|7920|4860|48|8|38|466688|12281.2631578947|0
"390610023001"|0|1|0|0|0|0|0|1|1|1|0|0|1|0|0|15490|15490|NA|NA|NA|33|7|80|5702794|71284.925|0
"390610029022"|0|1|0|0|0|0|0|1|1|1|0|0|1|0|0|13605|13605|NA|NA|NA|17|2|54|4742998|87833.2962962963|0
"390610030002"|0|1|1|0|0|1|0|1|1|1|0|0|0|0|1|10656|25990|13224|24966|12852|2927|465|2840|291557882|102661.226056338|0
"390610057012"|0|1|0|0|0|0|0|1|1|0|0|1|1|0|0|NA|NA|NA|NA|NA|0|0|0|0|NA|0
"390610065012"|0|1|1|0|0|0|0|1|1|1|0|0|0|1|0|44770|44770|12060|12060|13820|556|197|810|67533280|83374.4197530864|0
"390610072001"|0|1|0|0|0|0|0|1|1|1|0|0|0|1|0|4284|8568|NA|NA|NA|220|60|332|21559050|64936.8975903614|0
"390610207014"|0|1|0|0|0|0|0|1|1|0|0|1|1|0|0|NA|NA|NA|NA|NA|0|0|0|0|NA|0
"390610207621"|0|1|0|0|0|0|0|1|1|0|0|1|1|0|0|NA|NA|NA|NA|NA|0|0|0|0|NA|0
"390610213043"|0|1|1|0|0|0|0|1|1|1|0|0|0|1|0|33750|33750|13412|13412|10650|229|95|232|18430958|79443.7844827586|0
"390610222002"|0|1|0|0|0|0|0|1|1|1|0|0|1|0|0|19975|19975|NA|NA|NA|7|1|12|812000|67666.6666666667|0
"390610223012"|0|1|0|0|0|0|0|1|1|0|0|1|1|0|0|NA|NA|NA|NA|NA|0|0|0|0|NA|0
"390610223013"|0|1|0|0|0|0|0|1|1|1|1|0|1|0|0|13040|13040|NA|NA|NA|13|2|24|1586000|66083.3333333333|0
"390610223023"|0|1|0|0|0|0|0|1|1|1|0|0|1|0|0|NA|NA|NA|NA|NA|25|7|44|3223630|73264.3181818182|0
"390610230012"|0|1|0|0|0|0|0|1|1|1|1|0|1|0|0|15390|15390|NA|NA|NA|22|10|40|2730340|68258.5|0
"390610230013"|0|2|0|0|0|0|0|2|1|0|0|2|2|0|0|NA|NA|NA|NA|NA|0|0|0|0|NA|0
"390610235013"|0|1|0|0|0|0|0|1|1|1|0|0|0|1|0|6054|14852|NA|NA|12852|106|27|344|28856608|83885.488372093|0
"390610250015"|0|1|1|0|0|0|0|1|1|1|0|0|1|0|0|NA|NA|22000|22000|NA|27|6|20|1295420|64771|0
"390610255001"|0|1|0|0|0|0|0|1|1|0|0|1|1|0|0|NA|NA|NA|NA|NA|0|0|0|0|NA|0
"390610267001"|0|1|1|0|0|0|0|1|1|1|0|0|1|0|0|16841|16841|15911|15911|NA|84|25|28|1918320|68511.4285714286|0
"390630009025"|0|1|2|0|0|0|0|2|2|2|0|0|1|1|0|NA|NA|32856|32856|NA|319|118|442|32448940|128409.641860465|0
"390650004011"|0|1|1|0|0|0|0|1|1|1|0|0|0|1|0|35480|35480|31900|31900|12900|286|129|418|33995266|81328.3875598086|0
"390690002003"|0|2|0|0|0|0|0|2|2|1|1|1|1|1|0|NA|NA|NA|NA|NA|107|36|84|5212534|NA|0
"390719548001"|0|1|0|0|0|0|0|1|1|1|1|0|0|1|0|5132|9738|NA|NA|NA|59|17|84|5043608|60042.9523809524|0
"390779156003"|0|1|0|0|0|0|0|1|1|0|0|1|1|0|0|NA|NA|NA|NA|NA|0|0|0|0|NA|0
"390810002001"|0|1|1|0|0|0|0|1|1|1|0|0|0|1|0|30620|30620|12960|12960|9390|202|84|270|20679996|76592.5777777778|0
"390810006002"|0|1|0|0|0|0|0|1|1|1|1|0|0|0|1|4115|7727|NA|NA|NA|251|41|182|11338474|62299.3076923077|0
"390810010001"|0|1|0|0|0|0|0|1|1|0|0|1|1|0|0|9840|10758|NA|NA|NA|0|0|0|0|NA|0
"390830073011"|0|1|0|0|0|0|0|1|1|1|0|0|0|1|0|66240|66240|NA|NA|13610|411|101|436|36386258|83454.7201834862|0
"390830075001"|0|2|1|0|0|0|0|2|2|1|0|1|1|1|0|NA|NA|NA|NA|NA|215|79|126|7527854|NA|0
"390852009002"|0|1|1|0|0|0|0|1|1|1|0|0|1|0|0|13700|13700|13700|13700|3000|9|0|8|319438|39929.75|0
"390852020003"|0|1|0|0|0|0|0|1|1|0|0|1|1|0|0|14000|14000|NA|NA|NA|0|0|0|0|NA|0
"390852034001"|0|1|0|0|0|0|0|1|1|0|0|1|1|0|0|NA|NA|NA|NA|NA|0|0|0|0|NA|0
"390852037003"|0|1|0|0|0|0|0|1|1|1|1|0|0|1|0|3927|8555|NA|NA|NA|202|72|248|23233480|93683.3870967742|0
"390852043041"|0|1|1|0|0|0|0|1|1|1|0|0|1|0|0|33588|33588|12618|12618|10842|89|28|114|6237966|54719|0
"390852051001"|0|1|0|0|0|0|0|1|1|0|0|1|1|0|0|NA|NA|NA|NA|NA|0|0|0|0|NA|0
"390870502001"|0|1|0|0|0|0|0|1|1|1|0|0|0|1|0|6004|8996|NA|NA|NA|9|7|54|3646108|67520.5185185185|0
"390870510011"|0|1|0|0|0|0|0|1|1|0|0|1|1|0|0|NA|NA|NA|NA|NA|0|0|0|0|NA|0
"390870510012"|0|1|1|0|0|0|0|1|1|1|0|0|1|0|0|8400|8400|NA|NA|NA|2|0|0|0|NA|0
"390870513003"|0|1|0|0|0|0|0|1|1|0|0|1|1|0|0|NA|NA|NA|NA|NA|0|0|0|0|NA|0
"390897531001"|0|1|0|0|0|0|0|1|1|0|0|1|1|0|0|NA|NA|NA|NA|NA|0|0|0|0|NA|0
"390897539001"|0|2|0|0|0|0|0|2|2|2|0|0|0|2|0|13693|40690|NA|NA|NA|170|69|198|16752596|171458.359259259|0
"390897541031"|0|1|0|0|0|0|0|1|1|0|0|1|1|0|0|NA|NA|NA|NA|NA|0|0|0|0|NA|0
"390897577022"|0|1|0|0|0|0|0|1|1|1|0|0|0|1|0|60000|60000|NA|NA|14400|514|132|490|44657028|91136.7918367347|0
"390930281001"|0|1|0|0|0|0|0|1|1|1|1|0|1|0|0|8820|8820|NA|NA|NA|9|1|16|842278|52642.375|0
"390930601002"|0|1|1|0|0|0|0|1|1|1|0|0|0|1|0|61106|61106|29692|29692|18390|473|160|556|52215994|93913.6582733813|0
"390930701021"|0|1|0|0|0|0|0|1|1|1|0|0|0|1|0|4187|8128|NA|NA|NA|327|126|266|19721268|74140.1052631579|0
"390930703002"|0|1|0|0|0|0|0|1|1|0|0|1|1|0|0|NA|NA|NA|NA|NA|0|0|0|0|NA|0
"390930931002"|0|1|0|0|0|0|0|1|1|0|0|1|1|0|0|NA|NA|NA|NA|NA|0|0|0|0|NA|0
"390930973001"|0|1|0|0|0|0|0|1|1|0|0|1|1|0|0|NA|NA|NA|NA|NA|0|0|0|0|NA|0
"390950007031"|0|1|0|0|0|0|0|1|1|0|0|1|1|0|0|NA|NA|NA|NA|NA|0|0|0|0|NA|0
"390950027001"|0|1|1|0|0|0|0|1|1|1|0|0|0|1|0|16200|16200|15888|15888|NA|69|10|124|9184320|74067.0967741935|0
"390950028002"|0|1|0|0|0|0|0|1|1|1|1|0|1|0|0|12600|12600|NA|NA|NA|9|0|10|330000|33000|0
"390950071042"|0|2|0|0|0|0|0|2|2|2|1|0|2|0|0|30558|30558|NA|NA|NA|55|16|52|3263238|125158.261904762|0
"390950072042"|0|2|0|0|0|0|0|2|2|2|2|0|2|0|0|NA|NA|NA|NA|NA|10|3|22|1529656|NA|0
"390950081002"|0|1|0|0|0|0|0|1|1|1|1|0|1|0|0|NA|NA|NA|NA|NA|13|1|6|271578|45263|0
"390950082071"|0|1|1|0|0|0|0|1|1|1|0|0|0|1|0|25750|25750|15779|15779|12000|106|47|134|7435466|55488.552238806|0
"390950083043"|0|1|0|0|0|0|0|1|1|0|0|1|1|0|0|NA|NA|NA|NA|NA|0|0|0|0|NA|0
"390950092051"|0|1|0|0|0|0|0|1|1|0|0|1|1|0|0|NA|NA|NA|NA|NA|0|0|0|0|NA|0
"390950100024"|0|1|0|0|0|0|0|1|1|0|0|1|1|0|0|NA|NA|NA|NA|NA|0|0|0|0|NA|0
"390950104001"|0|1|1|0|1|1|0|1|1|1|0|0|0|0|1|9391|18751|15053|26415|14148|1376|386|1232|115651350|93872.849025974|0
"390970401011"|0|1|0|0|0|0|0|1|1|1|1|0|1|0|0|9000|9000|NA|NA|5750|11|2|6|286752|47792|0
"390998120021"|0|1|0|0|0|0|0|1|1|0|0|1|1|0|0|NA|NA|NA|NA|NA|0|0|0|0|NA|0
"390998122001"|0|1|0|0|0|0|0|1|1|0|0|1|1|0|0|NA|NA|NA|NA|NA|0|0|0|0|NA|0
"390998137004"|0|1|0|0|0|0|0|1|1|0|0|1|1|0|0|8388|8388|NA|NA|NA|0|0|0|0|NA|0
"390998140003"|0|1|1|0|0|0|0|1|1|1|0|0|0|0|1|9426|9786|6494|6674|10016|630|268|696|52870488|75963.3448275862|0
"391010010001"|0|2|0|0|0|0|0|2|2|2|1|0|1|1|0|14377|43204|NA|NA|NA|120|23|172|12932764|154577.858797573|0
"391010101001"|0|1|0|0|0|0|0|1|1|0|0|1|1|0|0|NA|NA|NA|NA|NA|0|0|0|0|NA|0
"391034060002"|0|1|0|0|0|0|0|1|1|0|0|1|1|0|0|NA|NA|NA|NA|NA|0|0|0|0|NA|0
"391034081022"|0|1|0|0|0|0|0|1|1|0|0|1|1|0|0|NA|NA|NA|NA|NA|0|0|0|0|NA|0
"391034152001"|0|1|0|0|0|0|0|1|1|0|0|1|1|0|0|NA|NA|NA|NA|NA|0|0|0|0|NA|0
"391079676003"|0|1|0|0|0|0|0|1|1|1|0|0|0|1|0|6808|16226|14298|24286|11500|0|0|0|0|NA|0
"391093001002"|0|2|0|0|0|0|0|2|2|1|1|1|1|1|0|NA|NA|NA|NA|NA|93|23|94|5102690|NA|0
"391093650022"|0|1|0|0|0|0|0|1|1|0|0|1|1|0|0|NA|NA|NA|NA|NA|0|0|0|0|NA|0
"391130015013"|0|1|0|0|0|0|0|1|1|1|0|0|0|0|1|3889|7636|NA|NA|NA|593|199|624|46160016|73974.3846153846|0
"391130025001"|0|1|0|0|0|0|0|1|1|1|1|0|1|0|0|12330|12330|NA|NA|NA|8|2|6|254118|42353|0
"391130034031"|0|1|1|0|0|0|0|1|1|1|0|0|0|0|1|46170|46170|18540|18540|15390|2147|420|1374|120248694|87517.2445414847|0
"391130035003"|0|1|0|0|0|0|0|1|1|1|1|0|1|0|0|NA|NA|NA|NA|NA|4|0|6|164330|27388.3333333333|0
"391130202002"|0|1|1|0|0|0|0|1|1|1|0|0|1|0|0|14664|14664|41598|41598|8538|56|16|138|12642364|91611.3333333333|0
"391130204005"|0|1|0|0|0|0|0|1|1|0|0|1|1|0|0|17922|17922|NA|NA|NA|0|0|0|0|NA|0
"391130216012"|0|1|0|0|0|0|0|1|1|1|0|0|1|0|0|29109|29109|NA|NA|NA|15|2|24|1324450|55185.4166666667|0
"391130404031"|0|1|0|0|0|0|0|1|1|0|0|1|1|0|0|NA|NA|NA|NA|NA|0|0|0|0|NA|0
"391130501071"|0|1|0|0|0|0|0|1|1|0|0|1|1|0|0|NA|NA|NA|NA|NA|0|0|0|0|NA|0
"391130701022"|0|1|0|0|0|0|0|1|1|0|0|1|1|0|0|NA|NA|NA|NA|NA|0|0|0|0|NA|0
"391130706001"|0|0|1|0|0|0|0|1|1|1|0|0|1|0|0|NA|NA|14220|14220|NA|34|13|24|2005776|83574|0
"391130903041"|0|1|0|0|0|0|0|1|1|0|0|1|1|0|0|NA|NA|NA|NA|NA|0|0|0|0|NA|0
"391131001011"|0|1|0|0|0|0|0|1|1|1|1|0|1|0|0|16730|16730|NA|NA|NA|10|4|8|492000|61500|0
"391131102021"|0|1|0|0|0|0|0|1|1|0|0|1|1|0|0|NA|NA|NA|NA|NA|0|0|0|0|NA|0
"391131201012"|0|1|0|0|0|0|0|1|0|0|0|1|1|0|0|NA|NA|NA|NA|NA|0|0|0|0|NA|0
"391199115001"|0|2|0|0|0|0|0|2|2|2|0|0|0|2|0|11674|20126|NA|NA|NA|68|26|138|8806918|130463.312820513|0
"391199127003"|0|1|0|0|0|0|0|1|1|0|0|1|1|0|0|NA|NA|NA|NA|NA|0|0|0|0|NA|0
"391199128003"|0|1|1|0|0|0|0|1|1|1|0|0|0|1|0|29900|29900|10440|10440|12500|194|51|184|12537054|68136.1630434783|0
"391290211021"|0|1|1|0|0|0|0|1|1|1|0|0|0|1|0|16247|16247|11160|11160|9230|88|40|106|2686746|25346.6603773585|0
"391319523004"|0|1|0|0|0|0|0|1|1|0|0|1|1|0|0|NA|NA|NA|NA|NA|0|0|0|0|NA|0
"391336001021"|0|1|1|0|0|0|0|1|1|1|0|0|0|1|0|25500|25500|6612|6612|10600|123|52|132|7885740|59740.4545454545|0
"391336010002"|0|1|0|0|0|0|0|1|1|0|0|1|1|0|0|NA|NA|NA|NA|NA|0|0|0|0|NA|0
"391336015021"|0|1|1|0|0|0|0|1|1|1|0|0|0|0|1|11218|20132|12071|22522|12676|2053|329|1898|173851214|91597.0569020021|0
"391336015033"|0|1|0|0|0|0|0|1|1|0|0|0|0|0|0|NA|NA|NA|NA|NA|0|0|0|0|NA|0
"391336018021"|0|0|1|0|0|1|0|1|1|1|0|0|0|1|0|NA|NA|15328|15328|NA|239|35|44|5977964|135862.818181818|0
"391390009002"|0|1|0|0|0|0|0|1|1|0|0|1|1|0|0|NA|NA|NA|NA|NA|0|0|0|0|NA|0
"391390023001"|0|2|0|0|0|0|0|2|2|2|0|0|1|1|0|14065|43690|NA|NA|NA|137|56|140|9135570|134762.864350703|0
"391390024002"|0|2|0|0|0|0|0|2|2|0|0|2|2|0|0|NA|NA|NA|NA|NA|0|0|0|0|NA|0
"391390028002"|0|1|0|0|0|0|0|1|1|0|0|1|1|0|0|NA|NA|NA|NA|NA|0|0|0|0|NA|0
"391419556041"|0|1|0|0|0|0|0|1|1|0|0|1|1|0|0|NA|NA|NA|NA|NA|0|0|0|0|NA|0
"391419562001"|0|1|0|0|0|0|0|1|1|1|0|0|0|1|0|6004|8996|NA|NA|NA|20|8|72|4976046|69111.75|0
"391419563001"|0|1|0|0|0|0|0|1|1|0|0|1|1|0|0|NA|NA|NA|NA|NA|0|0|0|0|NA|0
"391439616001"|0|2|0|0|0|0|0|2|2|1|1|1|1|1|0|NA|NA|NA|NA|NA|75|25|70|4389260|NA|0
"391450025003"|0|1|0|0|0|0|0|1|1|0|0|1|1|0|0|NA|NA|NA|NA|NA|0|0|0|0|NA|0
"391450034004"|0|1|0|0|0|0|0|1|1|0|0|1|1|0|0|NA|NA|NA|NA|NA|0|0|0|0|NA|0
"391450036001"|0|1|1|0|0|0|0|1|1|1|0|0|0|1|0|9341|15686|10156|18662|11588|187|66|252|16110346|63929.9444444444|0
"391479635004"|0|1|1|0|0|0|0|1|1|1|0|0|0|1|0|28620|28620|14000|14000|12470|184|88|132|8417972|63772.5151515152|0
"391479636002"|0|1|1|0|0|0|0|1|1|1|0|0|0|1|0|32900|32900|14902|14902|11270|162|54|108|6697448|62013.4074074074|0
"391479636003"|0|1|0|0|0|0|0|1|1|0|0|1|1|0|0|NA|NA|NA|NA|NA|0|0|0|0|NA|0
"391517007024"|0|1|1|0|0|0|0|1|1|1|0|0|0|1|0|33595|33595|12330|12330|10800|142|69|90|5308272|58980.8|0
"391517013001"|0|1|0|0|0|0|0|1|1|1|0|0|1|0|0|18210|18210|NA|NA|NA|33|3|20|1510044|75502.2|0
"391517017003"|0|1|0|0|0|0|0|1|1|0|0|1|1|0|0|NA|NA|NA|NA|NA|0|0|0|0|NA|0
"391517107001"|0|2|1|0|0|0|0|2|2|1|0|0|0|1|0|NA|NA|NA|NA|NA|238|73|252|20051316|NA|0
"391517108004"|0|1|0|0|0|0|0|1|1|0|0|1|1|0|0|NA|NA|NA|NA|NA|0|0|0|0|NA|0
"391517113213"|0|2|1|0|0|0|0|2|2|2|1|0|0|1|1|9938|21949|NA|NA|NA|281|80|518|37375122|146165.972276202|0
"391517113222"|0|1|0|0|0|0|0|1|1|1|1|0|1|0|0|NA|NA|NA|NA|NA|4|1|22|1406492|63931.4545454545|0
"391517122011"|0|1|1|0|0|0|0|1|1|1|0|0|0|1|0|30610|30610|13410|13410|11700|151|67|178|11596864|65150.9213483146|0
"391517122012"|0|1|0|0|0|0|0|1|1|0|0|1|1|0|0|NA|NA|NA|NA|NA|0|0|0|0|NA|0
"391535071012"|0|1|0|0|0|0|0|1|1|0|0|1|1|0|0|NA|NA|NA|NA|NA|0|0|0|0|NA|0
"391535089002"|0|1|1|0|0|0|0|1|1|1|0|0|0|0|1|10097|13170|7958|13464|12410|1075|299|952|91370402|95977.3130252101|0
"391535201054"|0|1|0|0|0|0|0|1|1|1|1|0|1|0|0|14732|14732|NA|NA|NA|25|11|22|1490912|67768.7272727273|0
"391535301045"|0|1|0|0|0|0|0|1|1|0|0|1|1|0|0|NA|NA|NA|NA|NA|0|0|0|0|NA|0
"391535314072"|0|1|0|0|0|0|0|1|1|0|0|1|1|0|0|NA|NA|NA|NA|NA|0|0|0|0|NA|0
"391535318023"|0|1|0|0|0|0|0|1|1|1|0|0|1|0|0|11820|11820|NA|NA|NA|13|2|10|747152|74715.2|0
"391559308002"|0|2|0|0|0|0|0|2|2|1|0|1|1|1|0|NA|NA|NA|NA|NA|42|12|88|6890006|NA|0
"391559327014"|0|1|0|0|0|0|0|1|1|1|1|0|1|0|0|10302|10302|NA|NA|NA|15|3|28|1696000|60571.4285714286|0
"391559329001"|0|3|0|0|0|0|0|3|3|0|0|3|3|0|0|NA|NA|NA|NA|NA|0|0|0|0|NA|0
"391570210003"|0|1|0|0|0|0|0|1|1|0|0|1|1|0|0|NA|NA|NA|NA|NA|0|0|0|0|NA|0
"391570210004"|0|1|0|0|0|0|0|1|1|1|0|0|0|1|0|6902|15817|NA|NA|NA|49|9|92|6385158|69403.8913043478|0
"391610206002"|0|1|0|0|0|0|0|1|1|0|0|1|1|0|0|NA|NA|NA|NA|NA|0|0|0|0|NA|0
"391650308001"|0|1|0|0|0|0|0|1|1|0|0|1|1|0|0|NA|NA|NA|NA|NA|0|0|0|0|NA|0
"391650314002"|0|1|0|0|0|0|0|1|1|0|0|1|1|0|0|NA|NA|NA|NA|NA|0|0|0|0|NA|0
"391670203001"|0|1|0|0|0|0|0|1|1|0|0|1|1|0|0|NA|NA|NA|NA|NA|0|0|0|0|NA|0
"391670205002"|0|1|1|0|0|0|0|1|1|1|0|0|0|1|0|36956|36956|15663|15663|11946|211|85|226|15487946|68530.7345132743|0
"391670210003"|0|1|0|0|0|0|0|1|1|1|1|0|0|1|0|4128|4152|NA|NA|NA|61|16|90|5467466|60749.6222222222|0
"391690005002"|0|1|0|0|0|0|0|1|1|1|1|0|1|0|0|8633|32870|NA|NA|9438|36|16|50|4648408|92968.16|0
"391690009002"|0|1|0|0|0|0|0|1|0|0|0|1|1|0|0|NA|NA|NA|NA|NA|0|0|0|0|NA|0
"391690010002"|0|1|0|0|0|0|0|1|1|0|0|1|0|1|0|6617|6617|NA|NA|NA|0|0|0|0|NA|0
"391699800001"|0|1|0|0|0|0|0|1|1|1|0|0|0|1|0|57050|57050|NA|NA|13500|304|122|354|27394572|77385.7966101695|0
"391730203003"|0|1|0|0|0|0|0|1|1|0|0|1|1|0|0|NA|NA|NA|NA|NA|0|0|0|0|NA|0
"391730204012"|0|1|0|0|0|0|0|1|1|0|0|1|1|0|0|NA|NA|NA|NA|NA|0|0|0|0|NA|0
"391730206011"|0|1|0|0|0|0|0|1|1|0|0|1|1|0|0|NA|NA|NA|NA|NA|0|0|0|0|NA|0
"391730207011"|0|1|0|0|0|0|0|1|1|1|1|0|0|1|0|4392|8784|NA|NA|NA|322|103|194|11650906|60056.2164948454|0
"391730218002"|0|1|1|0|0|0|0|1|1|1|0|0|0|0|1|11272|18765|8418|14410|12584|1136|314|1468|136305240|92850.9809264305|0
"400137961022"|0|1|0|0|0|0|0|1|1|0|0|1|1|0|0|NA|NA|NA|NA|NA|0|0|0|0|NA|0
"400137962003"|0|1|1|0|0|0|0|1|1|1|0|0|0|1|0|6420|15360|4734|11070|7250|298|119|270|18075632|66946.7851851852|0
"400137963001"|0|1|0|0|0|0|0|1|1|0|0|1|1|0|0|NA|NA|NA|NA|NA|0|0|0|0|NA|0
"400151619002"|0|1|0|0|0|0|0|1|1|0|0|1|1|0|0|NA|NA|NA|NA|NA|0|0|0|0|NA|0
"400173002024"|0|1|0|0|0|0|0|1|1|0|0|1|0|1|0|NA|NA|NA|NA|NA|0|0|0|0|NA|0
"400173007011"|0|1|0|0|0|0|0|1|1|1|1|0|0|1|0|4645|7211|NA|NA|6710|74|25|60|3212224|53537.0666666667|0
"400173013021"|0|1|0|0|0|0|0|1|1|0|0|1|1|0|0|NA|NA|NA|NA|NA|0|0|0|0|NA|0
"400198928021"|0|1|0|0|0|0|0|1|1|0|0|1|1|0|0|NA|NA|NA|NA|NA|0|0|0|0|NA|0
"400219779021"|0|1|1|0|0|0|0|1|1|1|0|0|0|1|0|6285|15270|4802|10697|8292|508|155|544|38737568|71208.7647058823|0
"400272012022"|0|1|1|0|0|0|0|1|1|1|0|0|0|0|1|4920|21488|8034|23820|15780|4305|1079|2818|289731532|102814.596167495|0
"400272015095"|0|1|0|0|0|0|0|1|1|0|0|1|0|1|0|NA|NA|NA|NA|NA|0|0|0|0|NA|0
"400272016102"|0|1|1|0|0|0|0|1|1|1|0|0|0|1|0|17568|17568|14485|14485|8632|137|27|70|4160320|59433.1428571429|0
"400272022083"|0|1|1|0|0|0|0|1|1|1|0|0|1|0|0|11650|11650|8910|8910|7430|19|3|28|1110464|39659.4285714286|0
"400310005051"|0|1|0|0|0|0|0|1|1|0|0|1|1|0|0|NA|NA|NA|NA|NA|0|0|0|0|NA|0
"400310014002"|0|1|1|0|0|0|0|1|1|1|0|0|0|1|0|5025|14445|3762|10476|6280|253|98|226|13712048|60672.7787610619|0
"400310025003"|0|1|0|0|0|0|0|1|1|0|0|1|1|0|0|NA|NA|NA|NA|NA|0|0|0|0|NA|0
"400370208001"|0|1|0|0|0|0|0|1|1|0|0|1|0|1|0|NA|NA|NA|NA|NA|0|0|0|0|NA|0
"400399606004"|0|1|1|0|0|0|0|1|1|1|0|0|0|1|0|6585|13695|6516|13188|6930|307|102|392|26837420|68462.806122449|0
"400470013013"|0|1|0|0|0|0|0|1|1|0|0|1|1|0|0|NA|NA|NA|NA|NA|0|0|0|0|NA|0
"400470014021"|0|1|0|0|0|0|0|1|1|0|0|1|1|0|0|NA|NA|NA|NA|NA|0|0|0|0|NA|0
"400510005012"|0|1|0|0|0|0|0|1|1|1|0|0|1|0|0|6630|17820|NA|NA|7000|99|43|100|5376790|53767.9|0
"400634846002"|0|1|0|0|0|0|0|1|1|0|0|1|1|0|0|NA|NA|NA|NA|NA|0|0|0|0|NA|0
"400659684001"|0|2|0|0|0|0|0|2|2|1|1|1|1|1|0|NA|NA|NA|NA|NA|60|15|52|2827600|NA|0
"400696602011"|0|1|0|0|0|0|0|1|1|1|1|0|0|1|0|4830|9030|NA|NA|7084|87|14|104|5098744|49026.3846153846|0
"400710001006"|0|1|0|0|0|0|0|1|1|0|0|1|1|0|0|NA|NA|NA|NA|NA|0|0|0|0|NA|0
"400710002022"|0|1|0|0|0|0|0|1|1|0|0|1|1|0|0|NA|NA|NA|NA|NA|0|0|0|0|NA|0
"400710011001"|0|1|0|0|0|0|0|1|1|1|1|0|0|1|0|3522|10287|NA|NA|7584|134|41|180|9526814|52926.7444444444|0
"400739582001"|0|1|0|0|0|0|0|1|1|0|0|1|1|0|0|NA|NA|NA|NA|NA|0|0|0|0|NA|0
"400770872003"|0|1|0|0|0|0|0|1|1|1|1|0|0|1|0|3463|7080|NA|NA|6854|113|37|70|3271076|46729.6571428571|0
"400790404021"|0|1|0|0|0|0|0|1|1|1|1|0|0|1|0|3000|7477|NA|NA|4400|137|55|84|4207822|50093.119047619|0
"400836006001"|0|1|1|1|0|0|0|1|1|1|0|0|0|1|0|4429|11956|3422|8590|10793|170|73|190|11538770|60730.3684210526|0
"400874002011"|0|1|0|0|0|0|0|1|1|0|0|1|1|0|0|NA|NA|NA|NA|NA|0|0|0|0|NA|0
"400890986005"|0|1|0|0|0|0|0|1|1|0|0|0|0|0|0|NA|NA|NA|NA|NA|0|0|0|0|NA|0
"400970401001"|0|1|0|0|0|0|0|1|1|0|0|1|0|1|0|NA|NA|NA|NA|NA|0|0|0|0|NA|0
"401010001002"|0|1|0|0|0|0|0|1|1|0|0|1|1|0|0|NA|NA|NA|NA|NA|0|0|0|0|NA|0
"401010008021"|0|1|0|0|0|0|0|1|1|1|0|0|1|0|0|12000|12000|NA|NA|8600|35|10|28|1392660|49737.8571428571|0
"401010013012"|0|1|0|0|0|0|0|1|1|0|0|1|0|1|0|NA|NA|NA|NA|NA|0|0|0|0|NA|0
"401010015013"|0|1|0|0|0|0|0|1|1|1|1|0|0|1|0|2400|6258|NA|NA|7530|71|25|64|3010452|47038.3125|0
"401091010004"|0|1|1|0|0|0|0|1|1|1|0|0|0|1|0|28094|28094|10620|10620|9486|307|130|376|26972702|71735.9095744681|0
"401091052021"|0|1|0|0|0|0|0|1|1|0|0|1|0|1|0|NA|NA|NA|NA|NA|0|0|0|0|NA|0
"401091068011"|0|1|1|0|0|0|0|1|1|1|0|0|0|1|0|27000|27000|27000|27000|7900|196|74|150|9705666|64704.44|0
"401091070024"|0|1|0|0|0|0|0|1|1|1|0|0|0|1|0|3119|8904|NA|NA|NA|145|63|154|9224326|59898.2207792208|0
"401091072126"|0|1|0|0|0|0|0|1|1|1|1|0|0|0|1|3025|8776|NA|NA|NA|323|78|252|14237380|56497.5396825397|0
"401091072221"|0|1|0|0|0|0|0|1|1|0|0|1|1|0|0|NA|NA|NA|NA|NA|0|0|0|0|NA|0
"401091076013"|0|1|0|0|0|0|0|1|1|1|1|0|0|1|0|3778|10155|NA|NA|7792|180|77|252|12516930|49670.3571428571|0
"401091077072"|0|1|0|0|0|0|0|1|1|0|0|1|1|0|0|NA|NA|NA|NA|NA|0|0|0|0|NA|0
"401091082073"|0|1|1|0|0|0|0|1|1|1|0|0|0|0|1|7026|17913|7356|17364|8628|790|355|996|71737262|72025.3634538153|0
"401091083203"|0|1|1|0|0|0|0|1|1|1|0|0|0|1|0|24550|24550|11250|11250|8280|184|74|184|11889260|64615.5434782609|0
"401091083261"|0|1|0|0|0|0|0|1|1|1|1|0|1|0|0|NA|NA|NA|NA|NA|23|4|54|2869588|53140.5185185185|0
"401091083262"|0|1|0|0|0|0|0|1|1|0|0|1|1|0|0|NA|NA|NA|NA|NA|0|0|0|0|NA|0
"401091085281"|0|1|0|0|0|0|0|1|1|0|0|1|0|1|0|NA|NA|NA|NA|NA|0|0|0|0|NA|0
"401091085342"|0|1|0|0|0|0|0|1|1|0|0|1|1|0|0|NA|NA|NA|NA|NA|0|0|0|0|NA|0
"401091088043"|0|1|0|0|0|0|0|1|1|0|0|1|1|0|0|NA|NA|NA|NA|NA|0|0|0|0|NA|0
"401099800081"|0|1|1|0|0|1|0|1|1|1|0|0|0|1|0|5220|21985|5119|19778|NA|1293|237|566|60761306|107352.130742049|0
"401110001003"|0|3|0|0|0|0|1|3|3|2|1|1|2|1|0|NA|NA|NA|NA|NA|249|68|190|11145104|NA|0
"401155746001"|0|1|0|0|0|0|0|1|1|1|1|0|0|1|0|2970|9120|NA|NA|7100|111|62|94|4736488|50388.170212766|0
"401190104001"|0|1|1|0|0|1|0|1|1|1|0|0|0|0|1|5417|20937|5611|21114|9800|3594|1113|2606|250106460|95973.3154259401|0
"401190108003"|0|1|0|0|0|0|0|1|1|0|0|1|1|0|0|NA|NA|NA|NA|NA|0|0|0|0|NA|0
"401190109024"|0|1|0|0|0|0|0|1|1|0|0|1|1|0|0|NA|NA|NA|NA|NA|0|0|0|0|NA|0
"401214861005"|0|1|0|0|0|0|0|1|1|0|0|1|1|0|0|NA|NA|NA|NA|NA|0|0|0|0|NA|0
"401214865001"|0|1|0|0|0|0|0|1|1|0|0|1|1|0|0|NA|NA|NA|NA|NA|0|0|0|0|NA|0
"401230889004"|0|1|1|0|0|0|0|1|1|1|0|0|0|1|0|6001|15151|4555|10945|7752|222|103|270|13058334|48364.2|0
"401230890003"|0|1|0|0|0|0|0|1|1|0|0|1|1|0|0|NA|NA|NA|NA|NA|0|0|0|0|NA|0
"401255005002"|0|1|1|0|0|0|0|1|1|1|0|0|0|1|0|29330|29330|9900|9900|8248|180|82|172|11128176|64698.6976744186|0
"401255006003"|0|1|0|0|0|0|0|1|1|0|0|1|1|0|0|NA|NA|NA|NA|NA|0|0|0|0|NA|0
"401255009011"|0|1|0|0|0|0|0|1|1|0|0|1|1|0|0|NA|NA|NA|NA|NA|0|0|0|0|NA|0
"401255009021"|0|1|1|0|0|0|0|1|1|1|0|0|1|0|0|6690|6690|6600|6600|10227|5|0|4|108558|27139.5|0
"401310501053"|0|1|1|0|0|0|0|1|1|1|0|0|0|1|0|4536|12320|4316|11674|10725|178|91|188|10664614|56726.670212766|0
"401335834001"|0|1|0|0|0|0|0|1|1|1|1|0|0|1|0|3210|9540|NA|NA|7070|92|47|80|3740676|46758.45|0
"401370001023"|0|1|0|0|0|0|0|1|1|0|0|1|1|0|0|NA|NA|NA|NA|NA|0|0|0|0|NA|0
"401399507003"|0|1|1|0|0|0|0|1|1|1|0|0|0|1|0|3840|4591|5520|7200|5894|72|34|90|4125240|45836|0
"401430021001"|0|1|1|0|0|0|0|1|1|1|0|0|0|1|0|45566|45566|25002|25002|11426|728|271|592|56108690|94778.1925675676|0
"401430021003"|0|1|0|0|0|0|0|1|1|1|1|0|1|0|0|NA|NA|NA|NA|NA|27|8|30|2204352|73478.4|0
"401430025001"|0|1|0|0|0|0|0|1|1|1|1|0|0|0|1|2797|8197|NA|NA|NA|534|205|556|38349836|68974.5251798561|0
"401430046004"|0|0|1|0|1|1|0|1|1|1|0|0|0|1|0|NA|NA|5611|21114|NA|0|0|0|0|NA|0
"401430059002"|0|0|1|0|0|0|0|1|1|1|0|0|1|0|0|NA|NA|11520|11520|NA|32|9|26|2084816|80185.2307692308|0
"401430067033"|0|1|0|0|0|0|0|1|1|0|0|1|1|0|0|NA|NA|NA|NA|NA|0|0|0|0|NA|0
"401430073124"|0|1|0|0|0|0|0|1|1|0|0|1|1|0|0|NA|NA|NA|NA|NA|0|0|0|0|NA|0
"401430074111"|0|1|0|0|0|0|0|1|1|0|0|1|1|0|0|NA|NA|NA|NA|NA|0|0|0|0|NA|0
"401430076121"|0|1|1|0|0|0|0|1|1|1|0|0|0|1|0|31250|31250|11623|11623|9050|388|174|308|21090846|68476.7727272727|0
"401430076552"|0|1|0|0|0|0|0|1|1|0|0|1|1|0|0|NA|NA|NA|NA|NA|0|0|0|0|NA|0
"401430082001"|0|1|0|0|0|0|0|1|1|1|0|0|1|0|0|19591|19591|NA|NA|6720|71|8|166|5245014|31596.4698795181|0
"401430085024"|0|3|0|0|0|0|0|3|3|2|2|1|2|1|0|NA|NA|NA|NA|NA|30|12|62|2496460|NA|0
"401430086001"|0|2|0|0|0|0|0|2|2|2|2|0|2|0|0|NA|NA|NA|NA|NA|41|7|64|3297526|104945.207792208|0
"401430090082"|0|1|0|0|0|0|0|1|1|1|1|0|1|0|0|12420|12420|NA|NA|NA|13|3|20|1488000|74400|0
"401470007002"|0|1|1|0|0|0|0|1|1|1|0|0|1|0|0|28556|28556|9900|9900|9118|89|28|62|3373042|54403.9032258065|0
"401499649003"|0|1|0|0|0|0|0|1|1|0|0|1|1|0|0|NA|NA|NA|NA|NA|0|0|0|0|NA|0
"401519542021"|0|2|1|0|0|0|0|2|2|1|0|1|1|1|0|NA|NA|NA|NA|NA|140|63|158|9619126|NA|0
"401539533003"|0|1|0|0|0|0|0|1|1|0|0|1|1|0|0|NA|NA|NA|NA|NA|0|0|0|0|NA|0
"401539535003"|0|1|0|0|0|0|0|1|1|0|0|1|1|0|0|NA|NA|NA|NA|NA|0|0|0|0|NA|0
"410030002022"|0|1|0|0|0|0|0|1|1|0|0|1|1|0|0|NA|NA|NA|NA|NA|0|0|0|0|NA|0
"410030106022"|0|1|1|0|0|1|0|1|1|1|0|0|0|0|1|10425|31200|13446|28242|14238|4322|857|2566|276538180|107770.140296181|0
"410050222012"|0|2|0|0|0|0|0|2|2|0|0|2|2|0|0|NA|NA|NA|NA|NA|0|0|0|0|NA|0
"410050226032"|0|1|0|0|0|0|0|1|1|1|1|0|0|1|0|5265|12735|NA|NA|NA|272|82|248|23119946|93225.5887096774|0
"410079503002"|0|1|0|0|0|0|0|1|1|1|1|0|1|0|0|3780|7560|NA|NA|NA|89|19|54|4319800|79996.2962962963|0
"410079511003"|0|1|0|0|0|0|0|1|1|0|0|1|1|0|0|NA|NA|NA|NA|NA|0|0|0|0|NA|0
"410110005032"|0|1|0|0|0|0|0|1|1|1|1|0|0|1|0|4646|4646|NA|NA|7671|106|38|96|6178860|64363.125|0
"410170013022"|0|1|0|0|0|0|0|1|1|1|1|0|0|1|0|5724|11916|NA|NA|11943|195|63|236|17345180|73496.5254237288|0
"410170013023"|0|1|0|0|0|0|0|1|1|0|0|1|1|0|0|NA|NA|NA|NA|NA|0|0|0|0|NA|0
"410170014012"|0|1|1|0|0|0|0|1|1|1|0|0|0|1|0|10065|31200|13446|28242|14238|0|0|0|0|NA|0
"410170016021"|0|1|0|0|0|0|0|1|1|0|0|1|1|0|0|NA|NA|NA|NA|NA|0|0|0|0|NA|0
"410170018012"|0|1|0|0|0|0|0|1|1|0|0|1|1|0|0|NA|NA|NA|NA|NA|0|0|0|0|NA|0
"410190900021"|0|1|0|0|0|0|0|1|1|1|1|0|0|1|0|4251|4719|NA|NA|6253|137|37|130|9251256|71163.5076923077|0
"410290001002"|0|1|0|0|0|0|0|1|1|1|0|0|1|0|0|5088|5088|NA|NA|NA|2|1|0|0|NA|0
"410290004061"|0|1|0|0|0|0|0|1|1|0|0|1|1|0|0|NA|NA|NA|NA|NA|0|0|0|0|NA|0
"410290012002"|0|1|0|0|0|0|0|1|1|0|0|1|1|0|0|NA|NA|NA|NA|NA|0|0|0|0|NA|0
"410290019002"|0|1|1|0|0|0|0|1|1|1|0|0|0|1|0|9405|26401|14175|17010|15819|320|38|290|23448544|80857.0482758621|0
"410333605004"|0|1|0|0|0|0|0|1|1|0|0|1|1|0|0|NA|NA|NA|NA|NA|0|0|0|0|NA|0
"410359713006"|0|1|0|0|0|0|0|1|1|1|1|0|0|1|0|3996|6804|NA|NA|NA|111|11|64|4635894|72435.84375|0
"410359717004"|0|1|0|0|0|0|0|1|1|0|0|1|1|0|0|NA|NA|NA|NA|NA|0|0|0|0|NA|0
"410359720003"|0|1|1|0|0|0|0|1|1|1|0|0|0|1|0|10002|31836|13803|23172|10921|275|59|310|24915842|80373.6838709677|0
"410390021031"|0|1|0|0|0|0|0|1|1|0|0|1|1|0|0|NA|NA|NA|NA|NA|0|0|0|0|NA|0
"410390036002"|0|1|0|0|0|0|0|1|1|1|1|0|0|1|0|4770|11070|NA|NA|10575|334|60|390|35232140|90338.8205128205|0
"410390037002"|0|1|1|0|0|0|0|1|1|1|0|0|0|0|1|11674|37363|16011|28971|14640|3554|800|1946|213586472|109756.665981501|0
"410390038022"|0|1|1|0|0|0|0|1|1|1|0|0|1|0|0|33000|33000|17875|17875|10480|82|23|64|3482238|54409.96875|0
"410390044053"|0|1|0|0|0|0|0|1|1|1|0|0|1|0|0|14950|14950|NA|NA|6300|14|3|2|111500|55750|0
"410419512002"|0|1|0|0|0|0|0|1|1|1|1|0|1|0|0|4356|4356|NA|NA|NA|37|13|22|1313658|59711.7272727273|0
"410430202001"|0|1|0|0|0|0|0|1|1|1|1|0|0|1|0|5540|12877|NA|NA|NA|280|77|244|21188730|86839.0573770492|0
"410459703002"|0|1|0|0|0|0|0|1|1|1|1|0|0|1|0|4684|5039|NA|NA|7839|97|15|78|4726756|60599.4358974359|0
"410470002002"|0|1|0|0|0|0|0|1|1|0|0|1|1|0|0|NA|NA|NA|NA|NA|0|0|0|0|NA|0
"410470002003"|0|1|1|0|0|0|0|1|1|1|0|0|0|1|0|45000|45000|44493|44493|14340|371|105|326|32206446|98792.7791411043|0
"410470016063"|0|1|0|0|0|0|0|1|1|1|1|0|0|1|0|4455|12150|NA|NA|NA|424|102|354|31490642|88956.615819209|0
"410470016082"|0|1|0|0|0|0|0|1|1|0|0|1|1|0|0|NA|NA|NA|NA|NA|0|0|0|0|NA|0
"410470017012"|0|2|0|0|0|0|0|2|2|0|0|2|2|0|0|NA|NA|NA|NA|NA|0|0|0|0|NA|0
"410470018032"|0|1|1|0|0|0|0|1|1|1|0|0|1|0|0|34699|34699|9760|9760|10688|83|30|84|5425876|64593.7619047619|0
"410470104005"|0|1|1|0|0|0|0|1|1|1|0|0|1|0|0|19544|19544|19544|19544|15760|10|1|22|1487736|67624.3636363636|0
"410510003012"|0|1|1|0|0|0|0|1|1|1|0|0|0|1|0|64450|64450|NA|NA|15950|338|70|332|36065398|108630.71686747|0
"410510015001"|0|0|1|0|0|0|0|1|1|1|0|0|1|0|0|NA|NA|15408|15408|NA|58|23|40|3031120|75778|0
"410510016014"|0|2|2|0|0|0|0|2|2|2|0|0|2|0|0|31760|31760|22500|22500|NA|53|16|56|3786180|NA|0
"410510017021"|0|1|1|0|0|0|0|1|1|1|0|0|1|0|0|28160|28160|14520|14520|9920|93|39|48|2871096|59814.5|0
"410510021021"|0|1|0|0|0|0|0|1|1|1|1|0|1|0|0|NA|NA|NA|NA|NA|47|16|30|1159120|38637.3333333333|0
"410510024023"|0|2|0|0|0|0|0|2|2|0|0|2|2|0|0|NA|NA|NA|NA|NA|0|0|0|0|NA|0
"410510029023"|0|1|1|0|1|0|0|1|1|1|0|0|0|1|0|NA|NA|10566|10566|NA|102|10|66|5769122|87410.9393939394|0
"410510040021"|0|1|1|0|0|0|0|1|1|1|0|0|0|1|0|51352|51352|24804|24804|17172|435|153|566|49786456|87961.9363957597|0
"410510050012"|0|1|0|0|0|0|0|1|1|0|0|1|1|0|0|NA|NA|NA|NA|NA|0|0|0|0|NA|0
"410510051021"|0|1|1|0|0|0|0|1|1|1|0|0|1|0|0|45000|45000|38325|38325|17844|0|0|48|2671056|55647|0
"410510051023"|0|1|0|0|0|0|0|1|1|0|0|1|1|0|0|11750|11750|NA|NA|NA|0|0|0|0|NA|0
"410510051032"|0|0|1|0|0|0|0|1|1|1|0|0|1|0|0|NA|NA|27048|27048|NA|24|5|6|421068|70178|0
"410510056013"|0|1|0|0|0|0|0|1|1|0|0|1|1|0|0|NA|NA|NA|NA|NA|0|0|0|0|NA|0
"410510056023"|0|1|1|0|0|0|0|1|1|1|0|0|0|0|1|8400|26040|15048|20490|14940|1603|388|1418|135898680|95838.2792665726|0
"410510057011"|0|1|1|0|1|0|0|1|1|1|0|0|1|0|0|11267|11267|18969|18969|NA|82|14|40|4055726|101393.15|0
"410510058002"|0|1|1|0|1|1|0|1|1|1|0|0|0|1|0|15048|27576|20970|20970|NA|3963|355|614|86681318|141174.785016287|0
"410510059033"|0|1|1|0|0|0|0|1|1|1|0|0|1|0|0|8928|8928|10404|10404|NA|37|2|38|1877174|49399.3157894737|0
"410510063001"|0|1|1|0|0|0|0|1|1|1|0|0|0|1|0|59250|59250|18450|18450|14384|370|99|398|37574850|94409.1708542714|0
"410510064042"|0|1|0|0|0|0|0|1|1|1|1|0|0|0|1|4428|9288|NA|NA|NA|1124|468|786|67810752|86273.2213740458|0
"410510073001"|0|1|0|0|0|0|0|1|1|1|0|0|1|0|0|NA|NA|NA|NA|NA|22|12|26|1040000|40000|0
"410510094004"|0|1|1|0|0|0|0|1|0|0|0|0|0|0|0|NA|NA|NA|NA|NA|0|0|0|0|NA|0
"410510104072"|0|1|0|0|0|0|0|1|1|1|1|0|0|1|0|4320|8748|NA|NA|NA|227|68|252|23737128|94194.9523809524|0
"410530203031"|0|1|1|0|0|0|0|1|1|1|0|0|0|1|0|8730|28710|16560|16560|10923|416|83|444|29342026|66085.6441441441|0
"410579604024"|0|1|0|0|0|0|0|1|1|1|1|0|1|0|0|3816|4536|NA|NA|NA|36|8|20|1257666|62883.3|0
"410599504002"|0|1|0|0|0|0|0|1|1|1|1|0|0|1|0|5130|7695|NA|NA|NA|100|29|80|7209366|90117.075|0
"410619707002"|0|1|1|0|0|0|0|1|1|1|0|0|0|1|0|8213|21533|18378|18378|10770|220|75|230|16776094|72939.5391304348|0
"410659703001"|0|1|0|0|0|0|0|1|1|1|1|0|0|1|0|4212|8748|NA|NA|12270|66|16|52|3483414|66988.7307692308|0
"410670309001"|0|1|0|0|0|0|0|1|1|0|0|1|1|0|0|NA|NA|NA|NA|NA|0|0|0|0|NA|0
"410670312023"|0|1|0|0|0|0|0|1|0|0|0|0|0|0|0|NA|NA|NA|NA|NA|0|0|0|0|NA|0
"410670313021"|0|1|0|0|0|0|0|1|1|0|0|1|1|0|0|NA|NA|NA|NA|NA|0|0|0|0|NA|0
"410670320033"|0|1|0|0|0|0|0|1|1|0|0|1|1|0|0|NA|NA|NA|NA|NA|0|0|0|0|NA|0
"410670325013"|0|1|0|0|0|0|0|1|1|0|0|1|1|0|0|NA|NA|NA|NA|NA|0|0|0|0|NA|0
"410670332021"|0|1|1|0|0|0|0|1|1|1|0|0|0|1|0|50884|50884|36103|36103|14408|417|210|544|46384682|85265.9595588235|0
"410710302014"|0|1|1|0|0|0|0|1|1|1|0|0|0|1|0|38860|38860|15516|15516|13050|294|106|368|27428520|74534.0217391304|0
"410710308022"|0|2|2|0|0|0|0|2|1|1|0|0|0|1|0|NA|NA|NA|NA|NA|233|64|258|19614072|NA|0
"420010315011"|0|1|1|0|0|0|0|1|1|1|0|0|0|1|0|61760|61760|2250|2250|14930|505|147|432|37597742|87031.8101851852|0
"420010315021"|0|0|1|0|0|0|0|1|1|1|0|0|1|0|0|NA|NA|24000|24000|NA|44|4|42|3384620|80586.1904761905|0
"420030103021"|0|1|1|0|0|0|0|1|1|1|0|0|0|1|0|45376|45376|25578|25578|14744|983|273|896|84027502|93780.6941964286|0
"420030103022"|0|1|0|0|0|0|0|1|1|0|0|1|1|0|0|14190|14190|NA|NA|8516|0|0|0|0|NA|0
"420030201001"|0|2|1|0|0|0|0|2|2|1|0|1|1|1|0|NA|NA|NA|NA|NA|278|86|262|21442798|NA|0
"420030201003"|0|1|0|0|0|0|0|1|1|1|1|0|1|0|0|15612|15612|NA|NA|NA|0|0|0|0|NA|0
"420030201005"|0|1|0|0|0|0|0|1|1|1|1|0|1|0|0|14580|14580|NA|NA|NA|11|3|26|1532182|58930.0769230769|0
"420030402002"|0|1|1|0|0|0|0|1|1|1|0|0|0|1|0|32402|32402|21054|21054|13014|170|32|218|15570426|71423.9724770642|0
"420030709001"|0|1|0|0|0|0|0|1|1|0|0|1|1|0|0|14190|14190|NA|NA|NA|0|0|0|0|NA|0
"420030809001"|0|1|0|0|0|0|0|1|1|0|0|1|1|0|0|9216|9216|NA|NA|7300|0|0|0|0|NA|0
"420031113004"|0|0|1|0|0|0|0|1|1|1|0|0|1|0|0|NA|NA|12690|12690|NA|54|13|28|2690610|96093.2142857143|0
"420031115001"|0|1|0|0|0|0|0|1|1|1|1|0|1|0|0|NA|NA|NA|NA|NA|7|1|6|257692|42948.6666666667|0
"420031401001"|0|1|1|0|0|0|0|1|1|1|0|0|0|0|1|59864|59864|47629|47629|16486|4021|836|2616|332408494|127067.467125382|0
"420031402001"|0|1|1|0|0|0|0|1|1|1|0|0|0|1|0|40625|40625|19458|19458|12719|264|61|278|22220510|79929.8920863309|0
"420031916001"|0|1|0|0|0|0|0|1|1|0|0|1|1|0|0|NA|NA|NA|NA|NA|0|0|0|0|NA|0
"420032602002"|0|0|1|0|0|0|0|1|1|1|0|0|1|0|0|NA|NA|13050|13050|NA|5|1|8|146400|18300|0
"420032614002"|0|1|0|0|0|0|0|1|1|1|1|0|1|0|0|17895|17895|NA|NA|NA|6|1|28|1307696|46703.4285714286|0
"420034050001"|0|1|0|0|0|0|0|1|1|0|0|1|1|0|0|NA|NA|NA|NA|NA|0|0|0|0|NA|0
"420034135004"|0|1|1|0|0|0|0|1|1|1|0|0|0|1|0|31334|31334|17203|17203|12886|155|57|112|7250720|64738.5714285714|0
"420034200001"|0|1|0|0|0|0|0|1|1|0|0|1|1|0|0|14190|14190|NA|NA|NA|0|0|0|0|NA|0
"420034292023"|0|1|0|0|0|0|0|1|1|0|0|1|1|0|0|NA|NA|NA|NA|NA|0|0|0|0|NA|0
"420034315001"|0|1|0|0|0|0|0|1|1|0|0|1|1|0|0|NA|NA|NA|NA|NA|0|0|0|0|NA|0
"420034324003"|0|1|0|0|0|0|0|1|1|0|0|1|1|0|0|NA|NA|NA|NA|NA|0|0|0|0|NA|0
"420034511024"|0|1|1|0|0|0|0|1|1|1|0|0|0|1|0|32390|32390|NA|NA|12680|322|103|348|41500308|119253.75862069|0
"420034530031"|0|1|0|0|0|0|0|1|1|1|0|0|0|1|0|15174|15174|NA|NA|12162|122|29|108|7246464|67096.8888888889|0
"420034600021"|0|1|0|0|0|0|0|1|1|1|1|0|1|0|0|14933|14933|NA|NA|NA|31|3|52|3142800|60438.4615384615|0
"420034600022"|0|1|0|0|0|0|0|1|1|0|0|1|1|0|0|20400|20400|NA|NA|NA|0|0|0|0|NA|0
"420034724001"|0|1|0|0|0|0|0|1|1|0|0|1|1|0|0|NA|NA|NA|NA|NA|0|0|0|0|NA|0
"420034885002"|0|2|0|0|0|0|0|2|2|1|1|1|2|0|0|NA|NA|NA|NA|NA|47|23|74|3679124|NA|0
"420034886003"|0|1|0|0|0|0|0|1|1|0|0|1|1|0|0|NA|NA|NA|NA|NA|0|0|0|0|NA|0
"420035030022"|0|1|0|0|0|0|0|1|1|1|0|0|1|0|0|13824|23086|23094|29448|12254|75|20|78|6566616|84187.3846153846|0
"420035212002"|0|1|0|0|0|0|0|1|1|0|0|1|1|0|0|NA|NA|NA|NA|NA|0|0|0|0|NA|0
"420035213023"|0|1|0|0|0|0|0|1|1|0|0|1|1|0|0|NA|NA|NA|NA|NA|0|0|0|0|NA|0
"420035215002"|0|1|0|0|0|0|0|1|1|0|0|0|0|0|0|NA|NA|NA|NA|NA|0|0|0|0|NA|0
"420035236002"|0|1|0|0|0|0|0|1|1|1|1|0|1|0|0|NA|NA|NA|NA|NA|25|6|38|1419330|37350.7894736842|0
"420035627001"|0|1|0|0|0|0|0|1|1|1|1|0|0|0|1|7320|10980|NA|NA|NA|447|177|422|27748716|65755.2511848341|0
"420039822001"|0|1|1|0|0|1|0|1|1|1|0|0|0|0|1|19760|36000|24962|42324|12360|5644|1501|3844|441772918|114925.31685744|0
"420059509002"|0|1|0|0|0|0|0|1|1|0|0|1|1|0|0|NA|NA|NA|NA|NA|0|0|0|0|NA|0
"420059511004"|0|1|0|0|0|0|0|1|1|0|0|1|1|0|0|NA|NA|NA|NA|NA|0|0|0|0|NA|0
"420076011002"|0|1|1|0|0|0|0|1|1|1|0|0|0|1|0|29890|29890|12132|12132|10850|158|40|120|8006280|66719|0
"420076012003"|0|1|0|0|0|0|0|1|1|0|0|1|1|0|0|NA|NA|NA|NA|NA|0|0|0|0|NA|0
"420076042001"|0|0|1|0|0|0|0|1|1|1|0|0|1|0|0|NA|NA|13800|13800|NA|24|5|22|1695994|77090.6363636364|0
"420076055001"|0|1|0|0|0|0|0|1|1|1|1|0|0|1|0|10500|15750|NA|NA|NA|74|25|86|4479432|52086.4186046512|0
"420076055003"|0|1|0|0|0|0|0|1|1|1|0|0|1|0|0|13824|23086|23094|29448|12254|73|18|78|6674102|85565.4102564103|0
"420110006002"|0|1|1|0|0|0|0|1|1|1|0|0|0|1|0|27020|27020|1480|1480|14940|203|54|228|15440088|67719.6842105263|0
"420110025001"|0|1|0|0|0|0|0|1|1|1|1|0|0|1|0|8700|9810|NA|NA|NA|151|47|112|7677660|68550.5357142857|0
"420110026001"|0|1|0|0|0|0|0|1|1|0|0|1|1|0|0|NA|NA|NA|NA|NA|0|0|0|0|NA|0
"420110027001"|0|1|0|0|0|0|0|1|1|0|0|1|1|0|0|11356|11356|NA|NA|9604|0|0|0|0|NA|0
"420110029002"|0|1|1|0|0|0|0|1|1|1|0|0|0|1|0|39100|39100|16200|16200|14030|183|55|250|18066308|72265.232|0
"420110103043"|0|1|0|0|0|0|0|1|1|0|0|1|1|0|0|NA|NA|NA|NA|NA|0|0|0|0|NA|0
"420110108032"|0|1|0|0|0|0|0|1|1|0|0|1|1|0|0|NA|NA|NA|NA|NA|0|0|0|0|NA|0
"420110109034"|0|1|0|0|0|0|0|1|1|1|0|0|0|1|0|15388|25854|24284|31828|14334|155|42|254|22271938|87684.7952755906|0
"420110111011"|0|1|0|0|0|0|0|1|1|1|1|0|1|0|0|NA|NA|NA|NA|NA|13|1|34|1392796|40964.5882352941|0
"420110126002"|0|1|0|0|0|0|0|1|1|0|0|1|1|0|0|NA|NA|NA|NA|NA|0|0|0|0|NA|0
"420110141011"|0|1|1|0|0|0|0|1|1|1|0|0|0|1|0|7716|11864|9288|13932|12156|445|130|634|59166568|93322.6624605678|0
"420130106002"|0|1|0|0|0|0|0|1|1|0|0|1|1|0|0|NA|NA|NA|NA|NA|0|0|0|0|NA|0
"420131008001"|0|1|0|0|0|0|0|1|1|1|0|0|0|1|0|15388|25854|24284|31828|12984|242|75|372|29900426|80377.4892473118|0
"420131012003"|0|1|0|0|0|0|0|1|1|1|1|0|1|0|0|NA|NA|NA|NA|NA|2|0|8|512800|64100|0
"420131015001"|0|1|0|0|0|0|0|1|1|0|0|1|1|0|0|NA|NA|NA|NA|NA|0|0|0|0|NA|0
"420131016002"|0|1|0|0|0|0|0|1|1|0|0|1|1|0|0|NA|NA|NA|NA|NA|0|0|0|0|NA|0
"420159509003"|0|1|0|0|0|0|0|1|1|0|0|1|1|0|0|NA|NA|NA|NA|NA|0|0|0|0|NA|0
"420171002013"|0|1|1|0|0|0|0|1|1|1|0|0|0|1|0|13320|13320|14940|14940|NA|0|0|0|0|NA|0
"420171003022"|0|1|0|0|0|0|0|1|1|1|1|0|1|0|0|NA|NA|NA|NA|NA|53|16|72|2739368|38046.7777777778|0
"420171014041"|0|1|0|0|0|0|0|1|1|0|0|1|1|0|0|NA|NA|NA|NA|NA|0|0|0|0|NA|0
"420171048002"|0|1|1|0|0|0|0|1|1|1|0|0|0|1|0|39500|39500|8832|8832|14850|201|39|176|14089272|80052.6818181818|0
"420171052031"|0|1|0|0|0|0|0|1|1|1|1|0|0|1|0|7920|11880|NA|NA|NA|295|73|254|18484838|72774.9527559055|0
"420171061002"|0|1|1|0|0|0|0|1|1|1|0|0|0|1|0|31255|31255|10278|10278|11764|100|35|90|5659024|62878.0444444444|0
"420171062021"|0|1|1|0|0|0|0|2|2|1|0|1|2|0|0|NA|NA|NA|NA|NA|13|3|14|555462|NA|0
"420199024002"|0|1|0|0|0|0|0|1|1|0|0|1|1|0|0|NA|NA|NA|NA|NA|0|0|0|0|NA|0
"420199031002"|0|1|0|0|0|0|0|1|1|1|1|0|0|1|0|6840|9840|NA|NA|NA|156|43|124|8019960|64677.0967741935|0
"420199801001"|0|1|1|0|0|0|0|1|1|1|0|0|0|1|0|7716|11574|9288|13932|10268|502|150|728|67823368|93163.967032967|0
"420210007002"|0|1|0|0|0|0|0|1|1|0|0|1|1|0|0|NA|NA|NA|NA|NA|0|0|0|0|NA|0
"420210111001"|0|1|0|0|0|0|0|1|1|1|1|0|1|0|0|7564|7564|NA|NA|9028|15|3|52|3676412|70700.2307692308|0
"420210123002"|0|1|1|0|0|0|0|1|1|1|0|0|0|1|0|39820|39820|21290|21290|13452|303|115|234|17319390|74014.4871794872|0
"420210128002"|0|1|1|0|0|0|0|1|1|1|0|0|0|1|0|24180|24180|16020|16020|11808|121|38|114|7679504|67364.0701754386|0
"420210137001"|0|3|0|0|0|0|0|3|2|2|1|1|1|2|0|NA|NA|NA|NA|NA|217|82|316|21997552|NA|0
"420270110021"|0|1|0|0|0|0|0|1|1|1|1|0|1|0|0|NA|NA|NA|NA|NA|10|2|40|2920636|73015.9|0
"420270121001"|0|3|3|0|1|1|0|3|2|2|0|0|0|0|2|NA|NA|NA|NA|NA|13852|2599|8414|707001066|NA|0
"420270128004"|0|1|0|0|0|0|0|1|1|1|1|0|1|0|0|19332|19332|NA|NA|NA|26|13|42|1995898|47521.380952381|0
"420293005023"|0|1|1|0|0|0|0|1|1|1|0|0|1|0|0|22400|22400|9270|9270|11050|44|4|42|2575776|61328|0
"420293021033"|0|0|1|0|0|0|0|1|1|1|0|0|1|0|0|NA|NA|27836|45048|NA|62|20|68|8347056|122750.823529412|0
"420293041013"|0|1|0|0|0|0|0|1|1|0|0|1|1|0|0|NA|NA|NA|NA|NA|0|0|0|0|NA|0
"420293044032"|0|1|0|0|0|0|0|1|1|0|0|1|1|0|0|NA|NA|NA|NA|NA|0|0|0|0|NA|0
"420293045021"|0|1|0|0|0|0|0|1|1|1|1|0|0|1|0|NA|NA|NA|NA|NA|31|2|58|4350606|75010.4482758621|0
"420293079003"|0|1|1|1|0|0|0|1|1|1|0|0|0|1|0|8476|14144|10106|17636|10530|213|72|210|17102494|81440.4476190476|0
"420299800001"|0|1|1|0|0|0|0|1|1|1|0|0|0|0|1|7716|19290|9288|13932|14228|863|216|1326|126224214|95191.7149321267|0
"420311606004"|0|1|1|0|0|0|0|1|0|0|0|0|0|1|0|NA|NA|NA|NA|NA|0|0|0|0|NA|0
"420333303001"|0|1|0|0|0|0|0|1|1|1|0|0|1|0|0|13824|23086|23094|29448|NA|55|16|76|6087228|80095.1052631579|0
"420333306002"|0|1|0|0|0|0|0|1|1|0|0|1|1|0|0|NA|NA|NA|NA|NA|0|0|0|0|NA|0
"420350307021"|0|1|1|0|0|0|0|1|0|0|0|0|0|1|0|NA|NA|NA|NA|NA|0|0|0|0|NA|0
"420370511011"|0|2|2|0|0|0|0|2|1|1|0|0|0|1|1|NA|NA|NA|NA|NA|867|254|1058|103633032|NA|0
"420391111002"|0|1|0|0|0|0|0|1|1|1|1|0|1|0|0|11568|21860|NA|NA|NA|14|6|16|1134180|70886.25|0
"420391115004"|0|1|0|0|0|0|0|1|1|0|0|1|1|0|0|NA|NA|NA|NA|NA|0|0|0|0|NA|0
"420391116004"|0|1|0|0|0|0|0|1|0|0|0|0|0|0|0|NA|NA|NA|NA|NA|0|0|0|0|NA|0
"420391117004"|0|1|0|0|0|0|0|1|1|1|0|0|0|1|0|52950|52950|NA|NA|13796|246|92|280|21366686|76309.5928571429|0
"420391118003"|0|1|0|0|0|0|0|1|1|1|1|0|1|0|0|10680|10680|NA|NA|NA|4|1|0|0|NA|0
"420410101001"|0|1|1|0|0|0|0|1|1|1|0|0|1|0|0|18324|18324|NA|NA|7416|77|22|66|4144964|62802.4848484848|0
"420410123002"|0|1|1|0|0|0|0|1|1|1|0|0|0|1|0|60776|60776|3750|3750|15938|553|156|442|38219300|86469.0045248869|0
"420410131042"|0|1|1|0|0|0|0|1|1|1|0|0|0|1|0|9570|10048|9288|13932|11538|361|101|488|49993310|102445.307377049|0
"420419816061"|0|1|1|0|0|0|0|1|1|1|0|0|0|1|0|38550|38550|13230|13230|11560|398|131|346|28258838|81672.9421965318|0
"420430201003"|0|1|1|0|0|0|0|2|1|1|0|0|0|1|0|NA|NA|NA|NA|NA|166|14|274|26349182|NA|0
"420430209004"|0|1|1|0|0|0|0|1|1|0|0|0|0|0|0|NA|NA|NA|NA|NA|156|12|0|0|NA|0
"420430211002"|0|1|0|0|0|0|0|1|1|1|1|0|0|0|1|7065|8498|NA|NA|NA|499|160|528|36273910|68700.5871212121|0
"420430221002"|0|1|0|0|0|0|0|1|1|0|0|1|1|0|0|NA|NA|NA|NA|NA|0|0|0|0|NA|0
"420430223004"|0|1|0|0|0|0|0|1|1|0|0|1|1|0|0|NA|NA|NA|NA|NA|0|0|0|0|NA|0
"420430236022"|0|1|1|0|0|0|0|1|1|1|0|0|0|1|0|15388|25854|24284|31828|14978|326|107|492|47205244|95945.6178861789|0
"420454028002"|0|1|0|0|0|0|0|1|1|0|0|1|1|0|0|NA|NA|NA|NA|NA|0|0|0|0|NA|0
"420454037021"|0|1|0|0|0|0|0|1|1|1|1|0|1|0|0|NA|NA|NA|NA|NA|34|13|66|3932680|59586.0606060606|0
"420454047001"|0|1|1|0|0|0|0|1|1|1|0|0|0|1|0|50624|50624|25850|25850|15200|538|185|554|46523622|83977.6570397112|0
"420454069041"|0|1|1|0|0|0|0|1|1|1|0|0|0|1|0|33900|33900|10260|10260|16600|162|84|174|12323146|70822.6781609195|0
"420454072012"|0|1|0|0|0|0|0|1|1|1|0|0|0|1|0|14624|24318|24164|30940|13930|97|25|138|11662644|84511.9130434783|0
"420454072021"|0|1|0|0|0|0|0|1|1|1|1|0|1|0|0|31500|31500|NA|NA|5000|51|8|38|2349340|61824.7368421053|0
"420454076006"|0|1|0|0|0|0|0|1|1|1|0|0|0|1|0|58928|58928|NA|NA|18026|646|149|514|62389340|121380.038910506|0
"420454078025"|0|1|0|0|0|0|0|1|1|0|0|1|1|0|0|NA|NA|NA|NA|NA|0|0|0|0|NA|0
"420454079021"|0|1|0|0|0|0|0|1|1|1|0|0|1|0|0|12825|12825|NA|NA|NA|37|24|34|2851248|83860.2352941177|0
"420454080015"|0|1|0|0|0|0|0|1|1|1|1|0|0|1|0|7800|11700|NA|NA|NA|300|100|252|24844576|98589.5873015873|0
"420454081011"|0|1|0|0|0|0|0|1|1|0|0|1|1|0|0|NA|NA|NA|NA|NA|0|0|0|0|NA|0
"420454083001"|0|1|0|0|0|0|0|1|1|1|0|0|0|1|0|62850|62850|NA|NA|17982|397|93|352|34828520|98944.6590909091|0
"420454098041"|0|3|2|0|0|0|0|3|2|3|1|0|1|2|0|100489|100489|NA|NA|42648|397|157|352|22736422|186778.202488688|0
"420454101011"|0|1|0|1|0|0|0|1|1|1|0|0|1|0|0|7716|15432|NA|NA|11262|80|12|64|5895372|92115.1875|0
"420459801001"|0|1|1|0|0|0|0|1|1|1|0|0|0|0|1|60768|60768|21207|21207|16087|1833|412|1524|178136116|116887.215223097|0
"420490001001"|0|1|1|0|0|0|0|1|1|1|0|0|0|1|0|35620|35620|20610|20610|15410|404|152|496|39698790|80037.8830645161|0
"420490028004"|0|1|1|0|0|0|0|1|1|1|0|0|0|1|0|40530|40530|16650|16650|14025|244|97|290|19467398|67128.9586206896|0
"420490030004"|0|1|1|0|0|1|0|1|1|1|0|0|0|1|0|14640|14640|14211|14211|NA|209|61|142|16688944|117527.774647887|0
"420490110021"|0|1|0|0|0|0|0|1|1|1|1|0|1|0|0|NA|NA|NA|NA|NA|21|6|52|2771472|53297.5384615385|0
"420490110022"|0|1|0|0|0|0|0|1|1|1|1|0|1|0|0|12285|12285|NA|NA|NA|11|2|34|1688210|49653.2352941177|0
"420490115111"|0|1|1|0|0|0|0|1|1|1|0|0|0|1|0|15388|25854|24284|31828|12984|346|102|514|47086390|91607.7626459144|0
"420490122023"|0|1|1|0|0|0|0|1|0|0|0|0|0|1|0|NA|NA|NA|NA|NA|0|0|0|0|NA|0
"420512616002"|0|1|0|0|0|0|0|1|1|1|0|0|1|0|0|13824|23086|23094|29448|NA|53|17|88|6738372|76572.4090909091|0
"420512619003"|0|1|0|0|0|0|0|1|1|1|1|0|1|0|0|10680|10680|NA|NA|NA|23|8|64|2449782|38277.84375|0
"420512625001"|0|1|0|0|0|0|0|1|1|1|1|0|1|0|0|12189|12189|NA|NA|NA|1|1|0|0|NA|0
"420512628002"|0|1|0|0|0|0|0|1|1|0|0|1|1|0|0|NA|NA|NA|NA|NA|0|0|0|0|NA|0
"420550104012"|0|1|0|0|0|0|0|1|1|1|1|0|1|0|0|17892|17892|NA|NA|NA|6|1|10|481000|48100|0
"420550107021"|0|1|0|0|0|0|0|1|1|0|0|1|1|0|0|NA|NA|NA|NA|NA|0|0|0|0|NA|0
"420550111002"|0|1|1|0|0|0|0|1|1|1|0|0|0|1|0|25200|25200|9270|9270|11968|96|34|82|5277026|64353.9756097561|0
"420550120012"|0|1|0|0|0|0|0|1|1|1|0|0|1|0|0|13824|23086|23094|29448|12254|69|17|106|8711516|82184.1132075472|0
"420599705013"|0|1|0|0|0|0|0|1|1|0|0|1|1|0|0|NA|NA|NA|NA|NA|0|0|0|0|NA|0
"420599706002"|0|1|1|0|0|0|0|1|1|1|0|0|0|1|0|27300|27300|16440|16440|12120|172|55|148|9801000|66222.972972973|0
"420619504001"|0|1|1|0|0|0|0|1|1|1|0|0|0|1|0|53256|53256|13950|13950|13050|208|77|188|14566320|77480.4255319149|0
"420619505001"|0|1|0|0|0|0|0|1|1|0|0|0|0|0|0|NA|NA|NA|NA|NA|0|0|0|0|NA|0
"420639605001"|0|1|0|0|0|0|0|1|1|0|0|1|1|0|0|NA|NA|NA|NA|NA|0|0|0|0|NA|0
"420639609002"|0|1|0|0|0|0|0|1|0|0|0|1|1|0|0|NA|NA|NA|NA|NA|0|0|0|0|NA|0
"420639611021"|0|1|1|0|0|0|0|1|1|1|0|0|0|1|0|7716|13890|9288|13932|12542|607|195|670|66879514|99820.1701492537|0
"420659503001"|0|1|0|0|0|0|0|1|1|1|1|0|1|0|0|17892|17892|NA|NA|NA|9|1|22|1003158|45598.0909090909|0
"420659508001"|0|1|0|0|0|0|0|1|1|0|0|1|1|0|0|NA|NA|NA|NA|NA|0|0|0|0|NA|0
"420691002001"|0|1|0|0|0|0|0|1|1|1|0|0|0|1|0|16450|16450|NA|NA|11700|156|35|56|2720472|48579.8571428571|0
"420691003003"|0|1|1|0|0|0|0|1|1|1|0|0|0|1|0|49912|49912|11580|11580|16490|544|178|546|53165540|97372.7838827839|0
"420691006004"|0|1|1|0|0|1|0|2|2|2|1|0|2|0|0|NA|NA|NA|NA|NA|13|6|16|920000|NA|0
"420691010001"|0|1|1|0|0|0|0|1|1|1|0|0|0|1|0|36430|36430|9888|9888|14696|252|95|282|20355760|72183.5460992908|0
"420691012001"|0|1|0|0|0|0|0|1|1|1|1|0|1|0|0|17700|17700|NA|NA|NA|51|10|68|3655646|53759.5|0
"420691012003"|0|1|0|0|0|0|0|1|1|0|0|1|1|0|0|NA|NA|NA|NA|NA|0|0|0|0|NA|0
"420691027001"|0|1|1|0|0|0|0|1|1|1|0|0|1|0|0|10000|10000|10000|10000|3600|0|0|8|577232|72154|0
"420691104031"|0|1|1|0|0|0|0|1|1|1|0|0|1|0|0|29700|29700|7080|7080|7300|63|27|68|3274344|48152.1176470588|0
"420691120002"|0|1|0|0|0|0|0|1|1|1|0|0|1|0|0|14624|24318|24164|30940|NA|69|26|116|9638496|83090.4827586207|0
"420691128006"|0|1|0|0|0|0|0|1|1|0|0|1|1|0|0|NA|NA|NA|NA|NA|0|0|0|0|NA|0
"420710001002"|0|1|0|0|0|0|0|1|1|0|0|1|1|0|0|NA|NA|NA|NA|NA|0|0|0|0|NA|0
"420710001003"|0|1|0|0|0|0|0|1|1|1|0|0|1|0|0|27750|27750|NA|NA|11665|33|3|32|1832634|57269.8125|0
"420710005001"|0|0|1|0|0|0|0|1|1|1|0|0|1|0|0|NA|NA|19757|19757|NA|9|3|10|780976|78097.6|0
"420710005004"|0|1|0|0|0|0|0|1|1|1|0|0|0|1|0|65652|65652|NA|NA|15040|454|111|416|40324584|96934.0961538462|0
"420710008001"|0|1|0|0|0|0|0|1|1|1|1|0|0|1|0|8400|8400|NA|NA|9670|71|14|160|13589586|84934.9125|0
"420710107024"|0|1|1|0|0|0|0|1|1|1|0|0|0|1|0|35050|35050|35020|35020|12642|276|87|202|17148008|84891.1287128713|0
"420710117012"|0|1|0|0|0|0|0|1|1|0|0|1|1|0|0|NA|NA|NA|NA|NA|0|0|0|0|NA|0
"420710118034"|0|1|1|0|0|0|0|1|1|1|0|0|0|1|0|27760|27760|10985|10985|11190|167|74|116|7572538|65280.5|0
"420710132034"|0|1|1|0|0|0|0|1|1|1|0|0|0|1|0|30408|30408|16470|16470|NA|80|10|136|10420880|76624.1176470588|0
"420710133034"|0|1|0|0|0|0|0|1|1|1|1|0|1|0|0|NA|NA|NA|NA|NA|48|16|112|6687356|59708.5357142857|0
"420710134001"|0|1|0|0|0|0|0|1|1|0|0|1|1|0|0|NA|NA|NA|NA|NA|0|0|0|0|NA|0
"420710136022"|0|1|1|0|0|0|0|1|1|1|0|0|0|1|0|9570|19290|9288|13932|13750|494|133|518|49996188|96517.7374517375|0
"420730007001"|0|1|0|0|0|0|0|1|1|0|0|1|1|0|0|NA|NA|NA|NA|NA|0|0|0|0|NA|0
"420730103001"|0|1|1|0|0|0|0|1|1|1|0|0|0|1|0|38000|38000|13320|13320|11900|155|56|142|9287262|65403.2535211268|0
"420730106001"|0|1|0|0|0|0|0|1|1|1|1|0|1|0|0|NA|NA|NA|NA|NA|29|1|54|2296622|42530.037037037|0
"420730108002"|0|1|0|0|0|0|0|1|1|0|0|1|1|0|0|12682|12682|NA|NA|NA|0|0|0|0|NA|0
"420750025002"|0|1|1|0|0|0|0|1|1|1|0|0|0|1|0|47240|47240|31875|31875|13220|227|76|258|20268524|78560.1705426357|0
"420750029001"|0|0|1|0|0|0|0|1|0|0|0|0|0|0|0|NA|NA|NA|NA|NA|0|0|0|0|NA|0
"420750033002"|0|1|0|0|0|0|0|1|1|0|0|1|1|0|0|NA|NA|NA|NA|NA|0|0|0|0|NA|0
"420750035003"|0|1|0|0|0|0|0|1|1|0|0|1|1|0|0|NA|NA|NA|NA|NA|0|0|0|0|NA|0
"420770001021"|0|1|0|0|0|0|0|1|1|0|0|1|1|0|0|NA|NA|NA|NA|NA|0|0|0|0|NA|0
"420770022023"|0|1|1|0|0|0|0|1|1|1|0|0|0|1|0|57270|57270|19200|19200|13440|362|122|366|29611246|80905.043715847|0
"420770023021"|0|1|1|0|0|0|0|1|1|1|0|0|0|1|0|43043|43043|14571|14571|12722|132|62|142|10664686|75103.4225352113|0
"420770055062"|0|1|0|0|0|0|0|1|1|1|1|0|0|1|0|7320|10980|NA|NA|NA|208|50|156|10127176|64917.7948717949|0
"420770057022"|0|1|0|0|0|0|0|1|1|0|0|1|1|0|0|NA|NA|NA|NA|NA|0|0|0|0|NA|0
"420770057051"|0|1|0|0|0|0|0|1|1|0|0|1|1|0|0|NA|NA|NA|NA|NA|0|0|0|0|NA|0
"420770059021"|0|1|0|0|0|0|0|1|1|1|1|0|1|0|0|NA|NA|NA|NA|NA|8|1|22|776312|35286.9090909091|0
"420770061013"|0|1|0|0|0|0|0|1|1|1|1|0|1|0|0|NA|NA|NA|NA|NA|24|7|44|3100414|70463.9545454545|0
"420770063051"|0|1|0|0|0|0|0|1|1|0|0|1|1|0|0|NA|NA|NA|NA|NA|0|0|0|0|NA|0
"420770068001"|0|1|0|0|0|0|0|1|1|0|0|1|1|0|0|11538|11538|NA|NA|NA|0|0|0|0|NA|0
"420770069033"|0|1|1|0|0|0|0|1|1|1|0|0|0|1|0|41100|41100|21120|21120|13500|301|86|270|23197090|85915.1481481481|0
"420770069034"|0|1|0|0|0|0|0|1|1|1|0|0|1|0|0|14624|24318|24164|30940|NA|68|21|88|6806138|77342.4772727273|0
"420770091002"|0|2|0|0|0|0|0|2|2|1|1|1|2|0|0|43892|43892|NA|NA|NA|9|1|26|1159268|NA|0
"420792001002"|0|1|1|0|0|0|0|1|1|1|0|0|0|1|0|39522|39522|47175|47175|14648|225|53|286|21616340|75581.6083916084|0
"420792005001"|0|1|1|0|0|0|0|1|1|1|0|0|0|1|0|39134|39134|24000|24000|15850|349|80|332|29714032|89500.0963855422|0
"420792112043"|0|1|1|0|0|0|0|1|1|1|0|0|0|1|0|34952|34952|36438|36438|14776|227|69|238|20015836|84100.1512605042|0
"420792113022"|0|1|0|0|0|0|0|1|1|1|0|0|1|0|0|13824|23086|23094|29448|NA|52|21|62|4889088|78856.2580645161|0
"420792118001"|0|1|0|0|0|0|0|1|0|0|0|1|1|0|0|NA|NA|NA|NA|NA|0|0|0|0|NA|0
"420792121002"|0|1|0|0|0|0|0|1|1|1|1|0|1|0|0|13348|13348|NA|NA|NA|3|2|8|397534|49691.75|0
"420792143002"|0|1|0|0|0|0|0|1|1|1|1|0|0|1|0|8200|12600|NA|NA|NA|172|66|196|12143292|61955.5714285714|0
"420792165023"|0|1|0|0|0|0|0|1|1|1|0|0|1|0|0|14624|24318|24164|30940|12254|82|18|88|7918358|89981.3409090909|0
"420792170022"|0|1|0|0|0|0|0|1|1|0|0|1|1|0|0|NA|NA|NA|NA|NA|0|0|0|0|NA|0
"420810005003"|0|1|0|0|0|0|0|1|1|1|0|0|0|1|0|44544|44544|NA|NA|14186|204|67|180|13141078|73005.9888888889|0
"420810008001"|0|1|1|0|0|0|0|1|1|1|0|0|0|1|0|15450|23190|15450|23190|12130|567|146|522|46159818|88428.7701149425|0
"420834210001"|0|1|0|0|0|0|0|1|1|1|0|0|0|1|0|13660|25534|NA|NA|10332|104|62|136|10083334|74142.1617647059|0
"420850303004"|0|1|0|0|0|0|0|1|1|0|0|1|1|0|0|17994|17994|NA|NA|NA|0|0|0|0|NA|0
"420850312004"|0|1|0|0|0|0|0|1|1|1|1|0|1|0|0|10680|10680|NA|NA|NA|9|2|24|903198|37633.25|0
"420850321002"|0|1|1|0|0|0|0|1|1|1|0|0|1|0|0|33620|33620|26069|26069|14230|144|57|116|7737100|66699.1379310345|0
"420850326013"|0|1|0|0|0|0|0|1|1|0|0|1|1|0|0|NA|NA|NA|NA|NA|0|0|0|0|NA|0
"420850330005"|0|1|1|0|0|0|0|1|1|1|0|0|0|1|0|19990|19990|8550|8550|11050|0|0|0|0|NA|0
"420850332001"|0|1|0|0|0|0|0|1|1|1|0|0|1|0|0|13568|22650|21720|28894|NA|42|15|60|4463528|74392.1333333333|0
"420879611012"|0|1|0|0|0|0|0|1|1|0|0|1|1|0|0|NA|NA|NA|NA|NA|0|0|0|0|NA|0
"420879611024"|0|1|0|0|0|0|0|1|1|0|0|1|1|0|0|16100|16100|NA|NA|NA|0|0|0|0|NA|0
"420893004043"|0|1|0|0|0|0|0|1|1|0|0|1|1|0|0|NA|NA|NA|NA|NA|0|0|0|0|NA|0
"420893007003"|0|1|1|0|0|0|0|1|1|1|0|0|0|1|0|7716|15432|10062|14706|11400|336|95|418|40090878|95911.1913875598|0
"420893009011"|0|1|0|0|0|0|0|1|1|0|0|1|1|0|0|NA|NA|NA|NA|NA|0|0|0|0|NA|0
"420912002001"|0|1|1|0|0|0|0|1|1|1|0|0|1|0|0|25140|25140|19671|19671|13449|44|13|58|4152958|71602.724137931|0
"420912003072"|0|1|0|0|0|0|0|1|1|0|0|1|1|0|0|NA|NA|NA|NA|NA|0|0|0|0|NA|0
"420912009081"|0|1|0|0|0|0|0|1|1|0|0|1|1|0|0|NA|NA|NA|NA|NA|0|0|0|0|NA|0
"420912010032"|0|1|0|0|0|0|0|1|1|1|1|0|1|0|0|11850|11850|NA|NA|NA|6|2|8|366816|45852|0
"420912012014"|0|1|1|0|0|0|0|1|1|1|0|0|0|1|0|36791|36791|15246|15246|13056|198|48|176|12079368|68632.7727272727|0
"420912013021"|0|1|0|0|0|0|0|1|1|0|0|1|1|0|0|NA|NA|NA|NA|NA|0|0|0|0|NA|0
"420912014044"|0|1|1|0|0|0|0|1|1|1|0|0|1|0|0|14392|14392|17072|17072|NA|16|0|6|609552|101592|0
"420912016081"|0|1|1|0|0|0|0|1|1|1|0|0|0|1|0|14684|24586|24284|31194|10694|177|62|312|25207738|80794.032051282|0
"420912019024"|0|1|1|0|0|0|0|1|1|1|0|0|1|0|0|18314|18314|10080|10080|9600|42|12|42|2498096|59478.4761904762|0
"420912023013"|0|0|1|0|0|0|0|1|1|1|0|0|0|1|0|NA|NA|33116|33116|NA|185|55|216|22733368|105247.074074074|0
"420912024025"|0|1|1|0|0|0|0|1|1|1|0|0|1|0|0|19648|19648|16452|16452|NA|25|6|10|642714|64271.4|0
"420912025001"|0|1|0|0|0|0|0|1|1|0|0|1|1|0|0|NA|NA|NA|NA|NA|0|0|0|0|NA|0
"420912025003"|0|1|2|0|0|0|0|2|2|2|0|0|1|1|0|NA|NA|47557|47557|NA|386|110|320|26657428|188730.454011742|0
"420912026021"|0|0|1|0|0|0|0|1|1|1|0|0|1|0|0|NA|NA|28000|28000|NA|32|14|12|1037650|86470.8333333333|0
"420912026022"|0|1|0|0|0|0|0|1|1|1|1|0|1|0|0|NA|NA|NA|NA|NA|11|2|2|166400|83200|0
"420912032043"|0|1|0|0|0|0|0|1|1|1|1|0|0|1|0|8880|13320|NA|NA|NA|306|84|310|22369696|72160.3096774194|0
"420912032044"|0|0|1|0|0|0|0|1|1|1|0|0|1|0|0|NA|NA|12750|12750|NA|3|0|14|704114|50293.8571428571|0
"420912035004"|0|1|0|0|0|0|0|1|1|0|0|1|1|0|0|NA|NA|NA|NA|NA|0|0|0|0|NA|0
"420912039021"|0|1|0|0|0|0|0|1|1|0|0|1|1|0|0|NA|NA|NA|NA|NA|0|0|0|0|NA|0
"420912049001"|0|1|1|0|0|0|0|1|1|1|0|0|1|0|0|19890|19890|12150|12150|13130|74|21|48|2440592|50845.6666666667|0
"420912050001"|0|1|1|0|0|0|0|1|1|1|0|0|0|1|0|58000|58000|50730|50730|18050|431|114|362|37008834|102234.348066298|0
"420912051001"|0|1|0|0|0|0|0|1|1|1|1|0|1|0|0|27840|27840|NA|NA|11200|112|11|138|8921404|64647.8550724638|0
"420912054011"|0|1|1|0|0|0|0|1|1|1|0|0|1|0|0|22618|22618|24954|24954|15493|32|16|38|1925142|50661.6315789474|0
"420912058082"|0|1|1|0|0|0|0|1|1|0|0|0|0|0|0|NA|NA|NA|NA|NA|0|0|0|0|NA|0
"420912059053"|0|1|0|0|0|0|0|1|1|0|0|1|1|0|0|NA|NA|NA|NA|NA|0|0|0|0|NA|0
"420912063001"|0|1|0|0|0|0|0|1|1|1|0|0|0|1|0|58016|58016|NA|NA|14624|242|95|266|21661936|81435.8496240602|0
"420912064001"|0|1|0|0|0|0|0|1|1|0|0|1|1|0|0|NA|NA|NA|NA|NA|0|0|0|0|NA|0
"420950105001"|0|1|0|0|0|0|0|1|1|0|0|1|1|0|0|NA|NA|NA|NA|NA|0|0|0|0|NA|0
"420950107004"|0|1|1|0|0|0|0|1|1|1|0|0|0|1|0|48569|48569|18504|18504|14904|288|137|304|23867388|78511.1447368421|0
"420950108002"|0|0|1|0|0|0|0|1|1|1|0|0|1|0|0|NA|NA|18670|18670|NA|43|16|24|1887570|78648.75|0
"420950111001"|0|1|1|0|0|0|0|1|1|1|0|0|0|1|0|58970|58970|27000|27000|15890|1229|337|1128|147822580|131048.386524823|0
"420950141001"|0|1|0|0|0|0|0|1|1|1|0|0|0|1|0|58110|58110|NA|NA|17336|565|181|522|57263580|109700.344827586|0
"420950176053"|0|1|0|0|0|0|0|1|1|1|1|0|0|1|0|7200|10800|NA|NA|10326|353|77|234|16365560|69938.2905982906|0
"420970803023"|0|1|0|0|0|0|0|1|1|0|0|1|1|0|0|NA|NA|NA|NA|NA|0|0|0|0|NA|0
"420970819001"|0|1|0|0|0|0|0|1|1|1|1|0|1|0|0|17892|17892|NA|NA|NA|5|1|14|600190|42870.7142857143|0
"420990302011"|0|1|0|0|0|0|0|1|1|0|0|1|1|0|0|NA|NA|NA|NA|NA|0|0|0|0|NA|0
"421010003003"|0|1|1|0|0|0|0|1|1|1|0|0|1|0|0|40500|40500|40500|40500|17512|61|19|40|2202724|55068.1|0
"421010003004"|0|1|1|0|0|0|0|1|1|1|0|0|1|0|0|46400|46400|46101|46101|18034|53|24|46|3640818|79148.2173913044|0
"421010007013"|0|2|0|0|0|0|0|2|2|0|0|2|2|0|0|NA|NA|NA|NA|NA|0|0|0|0|NA|0
"421010008051"|0|1|1|0|0|0|0|1|1|1|0|0|1|0|0|NA|NA|NA|NA|19000|62|25|68|4988988|73367.4705882353|0
"421010009022"|0|1|1|0|1|1|0|1|1|1|0|0|0|1|0|43100|43100|22509|22509|14715|2727|700|572|64129358|112114.262237762|0
"421010012032"|0|0|1|0|0|0|0|1|1|0|0|1|1|0|0|NA|NA|NA|NA|NA|0|0|0|0|NA|0
"421010012043"|0|2|2|0|0|0|0|2|2|2|0|0|1|1|0|65350|65350|64846|64846|NA|252|65|188|12692182|143817.438502674|0
"421010016001"|0|1|0|0|0|0|0|1|1|0|0|1|1|0|0|NA|NA|NA|NA|NA|0|0|0|0|NA|0
"421010022002"|0|1|0|0|0|0|0|1|1|1|1|0|1|0|0|14500|14500|NA|NA|NA|3|1|2|84000|42000|0
"421010041013"|0|1|0|0|0|0|0|1|1|0|0|1|1|0|0|16500|16500|NA|NA|NA|0|0|0|0|NA|0
"421010077002"|0|1|1|0|0|0|0|1|0|0|0|0|0|0|0|NA|NA|NA|NA|NA|0|0|0|0|NA|0
"421010087022"|0|1|0|0|0|0|0|1|1|1|0|0|1|0|0|19650|19650|NA|NA|11728|26|1|24|1740000|72500|0
"421010117001"|0|1|1|0|0|0|0|1|1|1|0|0|0|1|0|49410|49410|18504|18504|15285|750|227|708|73919920|104406.666666667|0
"421010122041"|0|0|1|0|0|1|0|1|1|1|0|0|0|1|0|NA|NA|27327|27327|NA|0|0|0|0|NA|0
"421010125012"|0|1|0|0|0|0|0|1|1|1|1|0|0|0|1|7632|11448|NA|NA|NA|500|121|558|42489358|76145.8028673835|0
"421010125013"|0|1|0|0|0|0|0|1|1|1|0|0|1|0|0|22225|22225|NA|NA|NA|32|7|20|885252|44262.6|0
"421010197001"|0|1|0|0|0|0|0|1|1|1|1|0|1|0|0|11997|11997|NA|NA|NA|2|0|4|199446|49861.5|0
"421010211002"|0|1|0|0|0|0|0|1|1|0|0|1|1|0|0|12292|12292|NA|NA|NA|0|0|0|0|NA|0
"421010263024"|0|1|0|0|0|0|0|1|1|0|0|1|1|0|0|NA|NA|NA|NA|NA|0|0|0|0|NA|0
"421010279022"|0|1|1|0|0|0|0|1|1|1|0|0|0|1|0|32640|32640|26400|26400|14550|353|71|354|29795296|84167.5028248588|0
"421010334001"|0|1|0|0|0|0|0|1|1|0|0|1|1|0|0|NA|NA|NA|NA|NA|0|0|0|0|NA|0
"421010349001"|0|1|0|0|0|0|0|1|1|1|1|0|1|0|0|NA|NA|NA|NA|NA|16|4|24|1714486|71436.9166666667|0
"421010352001"|0|1|1|0|0|0|0|1|1|1|0|0|0|1|0|31508|31508|11811|11811|14500|152|52|142|10843408|76362.0281690141|0
"421010362031"|0|1|0|0|0|0|0|1|1|0|0|1|1|0|0|NA|NA|NA|NA|NA|0|0|0|0|NA|0
"421010369022"|0|1|1|0|1|1|0|1|1|1|0|0|0|0|1|56212|56212|39838|39838|17888|9318|1424|2890|523614244|181181.399307958|0
"421010369025"|0|1|1|0|0|1|0|1|1|1|0|0|0|0|1|56595|56595|36234|36234|16980|2600|516|2094|241567640|115361.814708691|0
"421010375002"|0|1|0|0|0|0|0|1|1|1|0|0|1|0|0|10175|10175|NA|NA|8325|0|0|16|891856|55741|0
"421010376001"|0|0|1|0|0|0|0|1|1|1|0|0|1|0|0|NA|NA|13680|13680|NA|10|1|14|952320|68022.8571428571|0
"421010377001"|0|1|1|0|1|1|0|1|1|1|0|0|0|0|1|20173|34679|20531|26672|15648|3382|861|3052|379657126|124396.174967235|0
"421010387002"|0|1|1|0|0|0|0|1|1|1|0|0|0|1|0|38950|38950|17040|17040|12000|123|32|132|8075950|61181.4393939394|0
"421019803003"|0|2|0|0|0|0|0|2|2|0|0|2|2|0|0|NA|NA|NA|NA|NA|0|0|0|0|NA|0
"421070014001"|0|1|0|0|0|0|0|1|1|0|0|1|1|0|0|NA|NA|NA|NA|NA|0|0|0|0|NA|0
"421070020002"|0|1|0|0|0|0|0|1|1|0|0|1|1|0|0|12444|12444|NA|NA|NA|0|0|0|0|NA|0
"421070022002"|0|1|0|0|0|0|0|1|1|0|0|1|1|0|0|NA|NA|NA|NA|NA|0|0|0|0|NA|0
"421070032004"|0|1|0|0|0|0|0|1|1|1|0|0|1|0|0|14624|24318|24164|30940|7644|71|22|90|7077684|78640.9333333333|0
"421090701004"|0|1|0|0|0|0|0|1|1|0|0|1|1|0|0|NA|NA|NA|NA|NA|0|0|0|0|NA|0
"421099807051"|0|1|1|0|0|0|0|1|1|1|0|0|0|1|0|54440|54440|54440|54440|14960|296|112|290|22525226|77673.1931034483|0
"421110209002"|0|1|0|0|0|0|0|1|1|0|0|1|1|0|0|NA|NA|NA|NA|NA|0|0|0|0|NA|0
"421150328001"|0|1|0|0|0|0|0|1|0|0|0|1|1|0|0|NA|NA|NA|NA|NA|0|0|0|0|NA|0
"421179506002"|0|1|1|0|0|0|0|1|0|0|0|0|0|1|0|NA|NA|NA|NA|NA|0|0|0|0|NA|0
"421190905025"|0|1|0|0|0|0|0|1|1|1|1|0|1|0|0|NA|NA|NA|NA|NA|7|1|6|316082|52680.3333333333|0
"421199808001"|0|1|1|0|0|0|0|1|1|1|0|0|0|1|0|61408|61408|26960|26960|15358|903|276|784|85845016|109496.193877551|0
"421212010002"|0|1|0|0|0|0|0|1|1|0|0|1|1|0|0|NA|NA|NA|NA|NA|0|0|0|0|NA|0
"421239708001"|0|1|0|0|0|0|0|1|1|1|1|0|1|0|0|4800|8880|NA|NA|NA|32|6|10|660588|66058.8|0
"421257422001"|0|1|0|0|0|0|0|1|1|0|0|1|1|0|0|NA|NA|NA|NA|NA|0|0|0|0|NA|0
"421257542002"|0|1|1|0|0|0|0|1|1|1|0|0|0|1|0|49612|49612|NA|NA|13524|219|55|204|15237562|74693.931372549|0
"421257551001"|0|2|0|0|0|0|0|2|2|1|1|1|2|0|0|22398|22398|NA|NA|NA|20|4|54|2464446|NA|0
"421257922002"|0|2|2|0|0|0|0|2|1|1|0|0|0|1|1|NA|NA|NA|NA|NA|920|250|1068|102725580|NA|0
"421298017011"|0|1|0|0|0|0|0|1|1|1|0|0|1|0|0|13824|23086|23094|29448|NA|54|17|78|6357550|81507.0512820513|0
"421298031003"|0|1|0|0|0|0|0|1|1|1|1|0|1|0|0|12256|12256|NA|NA|NA|8|0|6|362000|60333.3333333333|0
"421298039021"|0|1|1|0|0|0|0|1|1|1|0|0|0|1|0|39674|39674|16002|16002|13350|207|87|214|17475634|81661.8411214953|0
"421298041003"|0|1|0|0|0|0|0|1|1|1|1|0|1|0|0|17892|17892|NA|NA|NA|7|1|26|1163910|44765.7692307692|0
"421298045032"|0|1|0|0|0|0|0|1|1|1|0|0|0|1|0|13660|25534|NA|NA|11820|88|46|150|10354070|69027.1333333333|0
"421298049011"|0|1|0|0|0|0|0|1|1|1|1|0|0|1|0|8280|12420|NA|NA|NA|139|60|144|9260286|64307.5416666667|0
"421298054001"|0|1|0|0|0|0|0|1|1|1|1|0|1|0|0|18200|18200|NA|NA|NA|37|3|20|716458|35822.9|0
"421298074042"|0|1|2|0|0|0|0|2|2|2|0|0|1|1|0|NA|NA|47504|47504|NA|231|106|194|13901324|124910.020833333|0
"421314003001"|0|1|1|0|0|0|0|1|1|1|0|0|0|1|0|14950|14950|15600|15600|11900|97|44|84|4900160|58335.2380952381|0
"421330101322"|0|1|0|0|0|0|0|1|1|1|1|0|1|0|0|NA|NA|NA|NA|NA|29|4|64|3343466|52241.65625|0
"421330102202"|0|1|0|0|0|0|0|1|1|0|0|1|1|0|0|NA|NA|NA|NA|NA|0|0|0|0|NA|0
"421330104005"|0|1|1|0|0|0|0|1|1|1|0|0|1|0|0|14624|24318|24164|30940|NA|72|19|92|8050174|87501.8913043478|0
"421330105103"|0|1|1|0|0|0|0|1|1|1|0|0|0|1|0|21070|21070|11574|11574|12430|305|100|322|26824122|83304.7267080745|0
"421330223001"|0|1|0|0|0|0|0|1|1|0|0|1|1|0|0|NA|NA|NA|NA|NA|0|0|0|0|NA|0
"421330228021"|0|1|0|0|0|0|0|1|1|0|0|1|1|0|0|NA|NA|NA|NA|NA|0|0|0|0|NA|0
"440010308003"|0|1|2|0|0|0|0|2|2|2|0|0|1|1|0|NA|NA|36151|36151|NA|598|129|450|51737500|237416.760200777|0
"440030209031"|0|1|1|0|0|0|0|1|1|1|0|0|0|1|0|32100|32100|15000|15000|16800|130|46|212|18754544|88464.8301886792|0
"440030221003"|0|1|0|0|0|0|0|1|1|1|1|0|0|0|1|4624|13086|NA|NA|NA|423|124|572|39763152|69516|0
"440050409001"|0|1|1|0|0|0|0|1|1|1|0|0|0|1|0|45250|45250|12060|12060|16500|284|91|254|20906720|82309.9212598425|0
"440050410002"|0|1|0|0|0|0|0|1|1|0|0|1|1|0|0|NA|NA|NA|NA|NA|0|0|0|0|NA|0
"440070006002"|0|1|0|0|0|0|0|1|1|1|0|0|1|0|0|9984|9984|NA|NA|NA|24|10|0|0|NA|0
"440070008003"|0|2|2|0|0|0|0|2|2|2|0|0|0|2|0|51261|51261|30312|30312|NA|705|104|480|44497772|198913.330508475|0
"440070011001"|0|1|0|0|0|0|0|1|1|0|0|1|1|0|0|NA|NA|NA|NA|NA|0|0|0|0|NA|0
"440070024001"|0|1|1|0|0|0|0|1|1|1|0|0|0|1|0|56980|56980|11070|11070|16540|571|171|628|64012570|101930.843949045|0
"440070036023"|0|2|2|0|0|1|0|2|2|2|0|0|0|1|1|119115|119115|119115|119115|31074|4534|725|2296|339825232|254979.395348837|0
"440070104003"|0|1|0|0|0|0|0|1|1|0|0|1|1|0|0|NA|NA|NA|NA|NA|0|0|0|0|NA|0
"440070116005"|0|1|0|0|0|0|0|1|1|0|0|1|1|0|0|NA|NA|NA|NA|NA|0|0|0|0|NA|0
"440070120003"|0|1|1|0|0|0|0|1|1|1|0|0|0|1|0|9481|25014|8910|17352|13414|443|123|604|57969258|95975.5927152318|0
"440070126011"|0|1|1|0|0|0|0|1|1|1|0|0|0|1|0|48432|48432|47100|47100|16534|484|140|314|40603816|129311.515923567|0
"440070142001"|0|1|0|0|0|0|0|1|1|0|0|1|1|0|0|NA|NA|NA|NA|NA|0|0|0|0|NA|0
"440070142002"|0|1|0|0|0|0|0|1|1|0|0|1|1|0|0|NA|NA|NA|NA|NA|0|0|0|0|NA|0
"440070151001"|0|1|0|0|0|0|0|1|1|0|0|1|1|0|0|NA|NA|NA|NA|NA|0|0|0|0|NA|0
"440090514001"|0|1|1|0|0|0|0|1|1|1|0|0|0|0|1|13586|32068|14822|28616|13584|1809|374|1530|165876674|108416.126797386|0
"450019502002"|0|1|1|0|0|0|0|1|1|1|0|0|1|0|0|34435|34435|13400|13400|12450|105|46|76|3999888|52630.1052631579|0
"450030204011"|0|1|0|0|0|0|0|1|1|1|1|0|0|1|0|4896|6408|NA|NA|NA|80|38|104|5635156|54184.1923076923|0
"450030207021"|0|1|0|0|0|0|0|1|1|0|0|1|1|0|0|NA|NA|NA|NA|NA|0|0|0|0|NA|0
"450030213002"|0|1|1|0|0|0|0|1|1|1|0|0|0|1|0|10398|20856|13734|29760|8376|190|97|320|22827992|71337.475|0
"450030213003"|0|1|0|0|0|0|0|1|1|0|0|1|1|0|0|NA|NA|NA|NA|NA|0|0|0|0|NA|0
"450059702012"|0|1|0|0|0|0|0|1|1|1|1|0|1|0|0|7158|17838|NA|NA|NA|31|14|44|2676792|60836.1818181818|0
"450070002003"|0|1|1|0|0|0|0|1|1|1|0|0|0|1|0|30860|30860|10395|10395|11230|302|139|374|26997120|72184.8128342246|0
"450070101034"|0|1|0|0|0|0|0|1|1|0|0|1|1|0|0|NA|NA|NA|NA|NA|0|0|0|0|NA|0
"450070102001"|0|1|0|0|0|0|0|1|1|0|0|1|1|0|0|NA|NA|NA|NA|NA|0|0|0|0|NA|0
"450070107012"|0|1|0|0|0|0|0|1|1|1|1|0|0|1|0|5744|10640|NA|NA|NA|217|74|278|14393836|51776.3884892086|0
"450099601022"|0|2|1|2|0|0|0|2|2|2|1|0|2|0|0|17256|22882|NA|NA|16382|148|35|116|5235344|90745.6198757764|0
"450130007004"|0|1|0|0|0|0|0|1|1|1|1|0|0|1|0|5736|10680|NA|NA|NA|102|17|102|5287530|51838.5294117647|0
"450130021104"|0|1|1|0|0|0|0|1|1|1|0|0|0|1|0|10344|21390|13734|29760|8722|141|51|192|14153936|73718.4166666667|0
"450150207191"|0|1|0|0|0|0|0|1|1|0|0|1|1|0|0|NA|NA|NA|NA|NA|0|0|0|0|NA|0
"450190004001"|0|1|1|0|0|0|0|1|1|1|0|0|0|0|1|12518|35338|13770|38872|12986|831|291|1010|86274390|85420.1881188119|0
"450190006001"|0|1|1|0|0|1|0|1|1|1|0|0|0|1|0|15622|28184|16333|24304|NA|1373|111|308|39715970|128947.954545455|0
"450190027011"|0|2|0|0|0|0|0|2|2|0|0|2|2|0|0|NA|NA|NA|NA|NA|0|0|0|0|NA|0
"450190031042"|0|1|0|0|0|0|0|1|1|1|1|0|0|0|1|5024|8571|NA|NA|NA|351|125|482|27398996|56844.3900414938|0
"450190031052"|0|1|0|0|0|0|0|1|1|1|1|0|1|0|0|21524|21524|NA|NA|NA|22|11|40|2216122|55403.05|0
"450190031111"|0|1|0|0|0|0|0|1|1|0|0|1|1|0|0|NA|NA|NA|NA|NA|0|0|0|0|NA|0
"450190031151"|0|1|1|0|0|0|0|1|1|1|0|0|0|1|0|29490|29490|5085|5085|11250|173|54|452|29535552|65344.1415929204|0
"450190031161"|0|1|0|0|0|0|0|1|1|1|1|0|1|0|0|NA|NA|NA|NA|NA|8|0|14|380594|27185.2857142857|0
"450190054002"|0|1|0|0|0|0|0|1|1|1|0|0|1|0|0|19872|19872|NA|NA|NA|8|3|30|2120000|70666.6666666667|0
"450190059002"|0|1|1|0|0|0|0|1|1|1|0|0|0|1|0|8356|30857|10740|18390|8480|374|103|404|34158178|84549.9455445545|0
"450219706012"|0|1|1|0|0|0|0|1|1|1|0|0|0|1|0|25200|25200|12350|12350|10645|191|89|174|11196898|64349.9885057471|0
"450259505032"|0|1|0|0|0|0|0|1|1|1|1|0|0|1|0|5088|5088|NA|NA|NA|46|16|56|2599520|46420|0
"450310106001"|0|1|1|0|0|0|0|1|1|1|0|0|0|1|0|30864|30864|18700|18700|9892|84|39|98|5345814|54549.1224489796|0
"450350108181"|0|1|0|0|0|0|0|1|1|0|0|1|1|0|0|NA|NA|NA|NA|NA|0|0|0|0|NA|0
"450410001012"|0|2|0|0|0|0|0|2|2|1|1|1|1|1|0|NA|NA|NA|NA|NA|119|28|146|7947346|NA|0
"450410005011"|0|1|1|0|0|0|0|1|1|1|0|0|0|1|0|10384|20768|10612|21224|8230|278|78|418|30441350|72826.1961722488|0
"450450012031"|0|1|1|0|0|0|0|1|1|1|0|0|0|1|0|19121|19121|10676|10676|9350|447|198|354|17349760|49010.6214689266|0
"450450014001"|0|1|0|0|0|0|0|1|1|1|0|0|0|0|1|5520|9840|NA|NA|NA|359|124|572|29541096|51645.2727272727|0
"450450018041"|0|1|0|0|0|0|0|1|1|0|0|1|1|0|0|NA|NA|NA|NA|NA|0|0|0|0|NA|0
"450450028191"|0|1|0|0|0|0|0|1|1|0|0|1|1|0|0|NA|NA|NA|NA|NA|0|0|0|0|NA|0
"450450038031"|0|1|1|0|0|0|0|1|1|1|0|0|0|1|0|55392|55392|12233|12233|15148|629|210|530|48083054|90722.7433962264|0
"450450040032"|0|1|1|0|0|0|0|1|1|1|0|0|0|1|0|23590|23590|12220|12220|11000|255|97|268|15528054|57940.5|0
"450450043004"|0|1|0|0|0|0|0|1|1|0|0|1|1|0|0|NA|NA|NA|NA|NA|0|0|0|0|NA|0
"450450044001"|0|1|1|0|0|0|0|1|1|1|0|0|0|1|0|13320|13320|14940|14940|NA|0|0|0|0|NA|0
"450479702012"|0|1|0|0|0|0|0|1|1|0|0|1|1|0|0|NA|NA|NA|NA|NA|0|0|0|0|NA|0
"450479703013"|0|1|1|0|0|0|0|1|1|1|0|0|0|1|0|10700|20300|9810|9910|10700|318|51|382|18397352|48160.6073298429|0
"450479706021"|0|1|0|0|0|0|0|1|1|1|1|0|0|1|0|5070|6348|NA|NA|NA|152|79|222|11279454|50808.3513513514|0
"450510503031"|0|1|0|0|0|0|0|1|1|1|1|0|1|0|0|36480|36480|NA|NA|NA|12|5|18|1241998|68999.8888888889|0
"450510503032"|0|1|0|0|0|0|0|1|1|0|0|1|1|0|0|NA|NA|NA|NA|NA|0|0|0|0|NA|0
"450510604041"|0|1|0|0|0|0|0|1|1|1|1|0|1|0|0|NA|NA|NA|NA|NA|11|1|14|577448|41246.2857142857|0
"450510604051"|0|2|1|0|0|0|0|2|2|2|1|0|0|1|1|16548|36635|NA|NA|NA|1016|332|1340|96745538|135264.123434832|0
"450559705001"|0|1|0|0|0|0|0|1|1|0|0|1|1|0|0|NA|NA|NA|NA|NA|0|0|0|0|NA|0
"450570109001"|0|1|0|0|0|0|0|1|1|1|1|0|0|1|0|7158|17838|NA|NA|NA|46|17|108|6739024|62398.3703703704|0
"450599208001"|0|1|1|0|0|0|0|1|1|1|0|0|0|1|0|38990|38990|47728|47728|11300|173|111|204|16779346|82251.6960784314|0
"450630203003"|0|1|0|0|0|0|0|1|1|0|0|1|1|0|0|NA|NA|NA|NA|NA|0|0|0|0|NA|0
"450630205111"|0|1|0|0|0|0|0|1|1|0|0|1|1|0|0|NA|NA|NA|NA|NA|0|0|0|0|NA|0
"450639801001"|0|1|0|0|0|0|0|1|1|1|1|0|0|1|0|5640|13536|NA|NA|NA|338|128|414|24415606|58974.8937198068|0
"450679506002"|0|1|0|0|0|0|0|1|1|0|0|1|1|0|0|NA|NA|NA|NA|NA|0|0|0|0|NA|0
"450719502042"|0|1|1|0|0|0|0|1|1|1|0|0|0|1|0|26350|26350|5940|5940|12000|132|59|130|7776346|59818.0461538462|0
"450750111002"|0|1|0|0|0|0|0|1|1|1|1|0|0|1|0|5784|7800|NA|NA|NA|94|24|124|6566986|52959.564516129|0
"450750112001"|0|1|1|1|0|0|0|1|1|1|0|0|0|1|0|9528|20218|9928|21038|9000|437|149|236|16259130|68894.6186440678|0
"450750112002"|0|1|1|1|0|0|0|1|1|1|0|0|0|1|0|16476|16476|10530|10530|9480|174|68|230|16716130|72678.8260869565|0
"450750113001"|0|1|0|0|0|0|0|1|1|0|0|1|1|0|0|NA|NA|NA|NA|NA|0|0|0|0|NA|0
"450770111051"|0|1|1|0|0|0|0|1|1|1|0|0|0|1|0|26520|26520|11952|11952|9650|101|32|92|4517914|49107.7608695652|0
"450770112022"|0|1|1|0|0|0|0|1|1|1|0|0|0|0|1|14118|38062|10858|22566|12350|4088|930|2904|301792848|103923.157024793|0
"450790001002"|0|1|1|0|0|0|0|1|1|1|0|0|0|1|0|17926|17926|13232|13232|8400|110|46|114|7016832|61551.1578947368|0
"450790010001"|0|1|1|1|0|0|0|1|1|1|0|0|0|1|0|15338|15338|12120|12120|6600|203|59|182|11988810|65872.5824175824|0
"450790013004"|0|1|1|1|0|0|0|1|1|1|0|0|1|0|0|12540|12540|8100|8100|8584|65|22|84|4640156|55239.9523809524|0
"450790029001"|0|1|1|0|0|1|0|1|1|1|0|0|0|0|1|12288|33528|13374|29760|11780|3668|1150|3086|336776632|109130.47051199|0
"450790031002"|0|1|0|0|0|0|0|1|1|0|0|1|1|0|0|NA|NA|NA|NA|NA|0|0|0|0|NA|0
"450790104032"|0|1|0|0|0|0|0|1|1|1|1|0|1|0|0|14574|14574|NA|NA|NA|17|7|20|1383080|69154|0
"450790105011"|0|1|1|0|0|0|0|1|1|1|0|0|0|1|0|25620|25620|10710|10710|9950|195|80|98|5941680|60629.387755102|0
"450790108031"|0|1|0|0|0|0|0|1|1|1|1|0|1|0|0|21524|21524|NA|NA|NA|25|15|44|2426230|55141.5909090909|0
"450790114211"|0|1|1|0|0|0|0|1|1|1|0|0|1|0|0|15300|15300|15600|15600|NA|35|2|16|1158238|72389.875|0
"450790116081"|0|1|0|0|0|0|0|1|1|0|0|1|1|0|0|NA|NA|NA|NA|NA|0|0|0|0|NA|0
"450830203013"|0|1|0|0|0|0|0|1|1|1|0|0|0|1|0|49760|49760|NA|NA|14920|302|98|300|23921434|79738.1133333333|0
"450830212001"|0|1|1|0|0|0|0|1|1|1|0|0|0|1|0|21060|21060|7650|7650|12664|158|84|180|10345942|57477.4555555556|0
"450830217003"|0|1|0|0|0|0|0|1|1|1|0|0|0|1|0|16200|16200|NA|NA|11950|118|31|86|4997126|58106.1162790698|0
"450830218033"|0|0|1|0|0|0|0|1|1|1|0|0|1|0|0|NA|NA|NA|NA|NA|60|29|70|6040910|86298.7142857143|0
"450830218062"|0|1|1|0|0|0|0|1|1|1|0|0|0|1|0|11208|22710|13734|29760|9520|296|129|424|29939188|70611.2924528302|0
"450830219041"|0|1|0|0|0|0|0|1|1|1|1|0|0|1|0|5880|9672|NA|NA|NA|199|84|272|15183832|55822.9117647059|0
"450830220071"|0|1|0|0|0|0|0|1|1|0|0|1|1|0|0|NA|NA|NA|NA|NA|0|0|0|0|NA|0
"450850009012"|0|2|0|0|0|0|0|2|2|2|2|0|0|2|0|13512|26614|NA|NA|NA|161|54|238|12890116|113704.471153846|0
"450870303002"|0|1|0|0|0|0|0|1|1|1|1|0|0|1|0|7158|17838|NA|NA|NA|26|8|36|2219304|61647.3333333333|0
"450899705014"|0|1|0|0|0|0|0|1|1|1|1|0|1|0|0|4608|8400|NA|NA|NA|44|16|48|2136520|44510.8333333333|0
"450899706013"|0|1|0|0|0|0|0|1|1|0|0|1|1|0|0|NA|NA|NA|NA|NA|0|0|0|0|NA|0
"450910604011"|0|1|0|1|0|0|0|1|1|1|0|0|1|0|0|10416|10416|NA|NA|10494|52|21|24|1328880|55370|0
"450910606001"|0|1|1|0|0|0|0|1|1|1|0|0|0|1|0|15306|29636|15626|30100|10488|439|179|504|37574188|74551.9603174603|0
"450910608041"|0|1|0|0|0|0|0|1|1|0|0|1|1|0|0|NA|NA|NA|NA|NA|0|0|0|0|NA|0
"450910609011"|0|1|0|0|0|0|0|1|1|1|1|0|0|1|0|4776|9720|NA|NA|NA|139|34|208|11249356|54083.4423076923|0
"460119588041"|0|1|1|0|0|0|0|1|1|1|0|0|0|0|0|9600|9600|7650|7650|NA|0|0|0|0|NA|0
"460119589002"|0|1|1|0|0|0|0|1|1|1|0|0|0|0|1|7773|11283|8164|15697|8087|1248|321|944|84025656|89010.2288135593|0
"460139513001"|0|1|1|0|0|0|0|1|1|1|0|0|1|0|0|22385|22385|16608|16608|10842|61|26|64|3228240|50441.25|0
"460139516001"|0|1|1|0|0|0|0|1|1|1|0|0|0|1|0|7616|10718|5999|11199|9150|234|70|180|12967082|72039.3444444444|0
"460279659002"|0|1|1|0|0|1|0|1|1|1|0|0|0|1|0|7773|11283|6123|11773|8224|717|218|794|68154364|85836.7304785894|0
"460299543011"|0|1|0|0|0|0|0|1|1|1|1|0|0|1|0|3720|3720|NA|NA|NA|86|21|228|14798638|64906.3070175439|0
"460359629004"|0|1|1|0|0|0|0|1|1|1|0|0|1|0|0|30700|30700|15300|15300|7450|99|43|92|5516620|59963.2608695652|0
"460359629005"|0|1|0|0|0|0|0|1|1|1|1|0|0|1|0|4092|4092|NA|NA|NA|47|1|134|8869938|66193.5671641791|0
"460799602022"|0|1|1|0|0|0|0|1|1|1|0|0|0|1|0|7616|10718|5999|11199|8018|220|66|188|15334096|81564.3404255319|0
"460819663012"|0|1|1|0|0|0|0|1|1|1|0|0|0|1|0|7616|10718|7998|14931|7528|193|67|206|14101484|68453.8058252427|0
"460990002013"|0|1|0|0|0|0|0|1|1|0|0|1|1|0|0|NA|NA|NA|NA|NA|0|0|0|0|NA|0
"460990005002"|0|1|0|0|0|0|0|1|1|0|0|1|1|0|0|2600|2600|NA|NA|NA|0|0|0|0|NA|0
"460990015012"|0|1|1|0|0|0|0|1|1|1|0|0|1|0|0|3600|3600|3600|3600|NA|5|2|20|1365834|68291.7|0
"460990015023"|0|1|1|0|0|0|0|1|1|1|0|0|0|1|0|19940|19940|7200|7200|8090|124|62|114|6923536|60732.7719298246|0
"460990104054"|0|1|0|0|0|0|0|1|1|1|1|0|0|1|0|3720|3720|NA|NA|8404|89|23|192|12103376|63038.4166666667|0
"460990106002"|0|1|0|0|0|0|0|1|1|0|0|1|1|0|0|NA|NA|NA|NA|NA|0|0|0|0|NA|0
"460990106005"|0|1|1|0|0|0|0|1|1|1|0|0|0|1|0|36332|36332|36952|36952|9148|240|79|286|19346356|67644.6013986014|0
"461029412001"|0|1|1|0|0|0|1|1|1|1|0|0|0|1|0|2016|2016|2070|2070|7200|105|17|108|6784248|62817.1111111111|0
"461030102021"|0|1|0|0|0|0|0|1|1|0|0|1|1|0|0|NA|NA|NA|NA|NA|0|0|0|0|NA|0
"461030104003"|0|1|0|0|0|0|0|1|1|0|0|1|1|0|0|NA|NA|NA|NA|NA|0|0|0|0|NA|0
"461030105002"|0|1|1|0|0|0|0|1|1|1|0|0|0|1|0|7820|12240|8130|16330|8020|220|42|306|29430890|96179.3790849673|0
"461030109061"|0|1|0|0|0|0|0|1|1|1|1|0|0|1|0|3472|3472|NA|NA|NA|60|8|108|6937114|64232.537037037|0
"461030110023"|0|1|1|0|0|0|0|1|1|1|0|0|0|1|0|15390|15390|15750|15750|NA|60|5|0|0|NA|0
"461030118002"|0|1|0|0|0|0|0|2|1|1|0|0|1|0|0|NA|NA|NA|NA|NA|2|0|0|0|NA|0
"461099408001"|0|1|0|0|0|0|1|1|1|1|0|0|1|0|0|3840|3840|NA|NA|3000|35|12|30|1510018|50333.9333333333|0
"461219402002"|0|1|1|0|0|0|1|1|1|1|0|0|1|0|0|4200|4200|1500|1500|NA|94|26|36|1815772|50438.1111111111|0
"461359663024"|0|2|1|0|0|0|0|2|2|1|0|1|1|1|0|30900|30900|NA|NA|NA|77|29|88|6658540|NA|0
"470039506004"|0|1|0|0|0|0|0|1|1|0|0|1|1|0|0|NA|NA|NA|NA|NA|0|0|0|0|NA|0
"470090106001"|0|1|1|0|0|0|0|1|1|1|0|0|0|1|0|36880|36880|14400|14400|12616|168|68|142|9395872|66168.1126760563|0
"470110101003"|0|1|0|0|0|0|0|1|1|0|0|1|1|0|0|NA|NA|NA|NA|NA|0|0|0|0|NA|0
"470110104001"|0|1|1|0|0|0|0|1|1|1|0|0|1|0|0|2400|2400|11472|11472|NA|25|9|20|1470130|73506.5|0
"470110105001"|0|1|1|0|0|0|0|1|1|1|0|0|0|1|0|21000|21000|15750|15750|8840|355|145|348|24068762|69163.1091954023|0
"470110112042"|0|1|0|0|0|0|0|1|1|1|1|0|0|1|0|4104|16920|NA|NA|NA|110|33|144|8321032|57784.9444444444|0
"470139504002"|0|1|0|0|0|0|0|1|1|0|0|1|1|0|0|NA|NA|NA|NA|NA|0|0|0|0|NA|0
"470179622021"|0|1|0|0|0|0|0|1|1|0|0|1|1|0|0|NA|NA|NA|NA|NA|0|0|0|0|NA|0
"470179622023"|0|1|1|0|0|0|0|1|1|1|0|0|0|1|0|16222|16222|11448|11448|13446|203|116|272|11178020|41095.6617647059|0
"470190709001"|0|1|1|0|0|0|0|1|1|1|0|0|0|1|0|35950|35950|7015|7015|7750|126|60|192|12356232|64355.375|0
"470190712001"|0|1|0|0|0|0|0|1|1|0|0|1|1|0|0|NA|NA|NA|NA|NA|0|0|0|0|NA|0
"470239702003"|0|1|1|0|0|0|0|1|1|1|0|0|0|1|0|24300|24300|11430|11430|7950|197|65|214|14499228|67753.4018691589|0
"470259703001"|0|1|1|0|0|1|0|1|1|1|0|0|0|1|0|24720|24720|19160|19160|11070|417|133|284|21933470|77230.5281690141|0
"470259709002"|0|1|0|0|0|0|0|1|1|0|0|1|1|0|0|NA|NA|NA|NA|NA|0|0|0|0|NA|0
"470319704021"|0|1|0|0|0|0|0|1|1|0|0|1|1|0|0|NA|NA|NA|NA|NA|0|0|0|0|NA|0
"470359705023"|0|1|0|0|0|0|0|1|1|0|0|1|1|0|0|NA|NA|NA|NA|NA|0|0|0|0|NA|0
"470370103032"|0|1|0|0|0|0|0|1|1|0|0|1|1|0|0|NA|NA|NA|NA|NA|0|0|0|0|NA|0
"470370104012"|0|1|0|0|0|0|0|1|1|0|0|1|1|0|0|NA|NA|NA|NA|NA|0|0|0|0|NA|0
"470370106021"|0|0|1|0|0|0|0|1|1|1|0|0|1|0|0|NA|NA|NA|NA|NA|29|5|2|309000|154500|0
"470370108021"|0|1|0|0|0|0|0|1|1|1|0|0|1|0|0|18900|18900|NA|NA|NA|16|6|8|6e+05|75000|0
"470370117005"|0|1|0|0|0|0|0|1|1|1|1|0|0|1|0|NA|NA|NA|NA|NA|77|15|112|8871972|79214.0357142857|0
"470370127021"|0|1|0|1|0|0|0|1|1|1|0|0|1|0|0|11160|11160|NA|NA|8640|33|4|6|380000|63333.3333333333|0
"470370128023"|0|1|0|0|0|0|0|1|1|1|1|0|1|0|0|NA|NA|NA|NA|NA|9|4|18|1429064|79392.4444444444|0
"470370136003"|0|1|1|1|0|0|0|1|1|1|0|0|0|1|0|7128|20484|9524|21628|8542|932|482|720|57555888|79938.7333333333|0
"470370142002"|0|1|2|2|1|1|0|2|2|2|0|0|1|1|0|NA|NA|49170|49170|NA|106|49|138|7775974|NA|0
"470370151002"|0|1|0|0|0|0|0|1|1|1|0|0|1|0|0|22225|22225|NA|NA|NA|8|2|2|170000|85000|0
"470370153004"|0|1|0|0|0|0|0|1|1|0|0|1|1|0|0|NA|NA|NA|NA|NA|0|0|0|0|NA|0
"470370155023"|0|1|0|0|0|0|0|1|1|1|1|0|1|0|0|21147|21147|NA|NA|NA|23|9|8|538804|67350.5|0
"470370156131"|0|2|1|0|0|0|0|2|2|2|1|0|2|0|0|30209|30209|NA|NA|NA|23|6|34|2579400|172575|0
"470370159001"|0|2|1|0|0|0|0|2|2|1|0|1|1|1|0|NA|NA|NA|NA|NA|226|135|202|13921570|NA|0
"470370163001"|0|1|0|0|0|0|0|1|1|1|0|0|0|1|0|15145|15145|NA|NA|NA|31|4|26|1402000|53923.0769230769|0
"470370164003"|0|1|1|0|0|0|0|1|1|1|0|0|0|1|0|38000|38000|25200|25200|13670|696|170|1068|107487862|100644.065543071|0
"470370165002"|0|1|1|0|0|1|0|1|1|1|0|0|0|0|1|58130|58130|53160|53160|19862|4001|880|2452|347897808|141883.282218597|0
"470370177022"|0|1|1|0|0|0|0|1|1|1|0|0|0|1|0|34304|34304|17370|17370|14036|568|208|500|46567656|93135.312|0
"470370181022"|0|2|0|0|0|0|0|2|2|1|1|1|0|2|0|NA|NA|NA|NA|NA|217|86|258|15053000|NA|0
"470370191103"|0|1|0|0|0|0|0|1|1|0|0|0|0|0|0|NA|NA|NA|NA|NA|0|0|0|0|NA|0
"470370194011"|0|1|0|0|0|0|0|1|1|1|0|0|1|0|0|17300|17300|NA|NA|NA|14|5|24|1800102|75004.25|0
"470370195013"|0|1|0|0|0|0|0|1|1|1|1|0|1|0|0|10675|10675|NA|NA|NA|5|3|6|362144|60357.3333333333|0
"470430606024"|0|1|0|0|0|0|0|1|1|0|0|1|1|0|0|NA|NA|NA|NA|NA|0|0|0|0|NA|0
"470459640012"|0|1|0|0|0|0|0|1|1|0|0|1|1|0|0|NA|NA|NA|NA|NA|0|0|0|0|NA|0
"470459642001"|0|1|0|0|0|0|0|1|1|1|1|0|0|1|0|4104|16920|NA|NA|NA|148|99|90|5641880|62687.5555555556|0
"470519607003"|0|1|1|0|0|0|0|1|1|1|0|0|0|1|0|50863|50863|18000|18000|14608|536|177|350|29660498|84744.28|0
"470539665022"|0|1|0|0|0|0|0|1|1|0|0|1|1|0|0|NA|NA|NA|NA|NA|0|0|0|0|NA|0
"470559202003"|0|1|1|0|0|0|0|1|1|1|0|0|1|0|0|9000|9000|8910|8910|8600|83|45|102|5885320|57699.2156862745|0
"470559204001"|0|1|0|0|0|0|0|1|1|0|0|1|1|0|0|NA|NA|NA|NA|NA|0|0|0|0|NA|0
"470590902001"|0|1|1|0|0|0|0|1|1|1|0|0|0|1|0|26558|26558|13050|13050|10042|184|84|110|5476082|49782.5636363636|0
"470631002003"|0|1|0|0|0|0|0|1|1|1|1|0|0|1|0|4104|16920|NA|NA|NA|240|95|316|19673200|62256.9620253165|0
"470631003001"|0|1|0|0|0|0|0|1|1|0|0|1|1|0|0|NA|NA|NA|NA|NA|0|0|0|0|NA|0
"470650011001"|0|0|1|0|0|0|0|1|1|1|0|0|1|0|0|NA|NA|19980|19980|NA|53|16|40|2516526|62913.15|0
"470650030002"|0|1|0|0|0|0|0|1|1|0|0|1|1|0|0|NA|NA|NA|NA|NA|0|0|0|0|NA|0
"470650104321"|0|1|0|0|0|0|0|1|1|1|1|0|1|0|0|10665|10665|NA|NA|NA|22|5|38|1384000|36421.0526315789|0
"470650112031"|0|1|1|0|0|0|0|1|1|1|0|0|0|1|0|22980|22980|12150|12150|8330|313|125|274|17127216|62508.0875912409|0
"470650114111"|0|2|0|0|0|0|0|2|2|1|1|0|0|1|0|NA|NA|NA|NA|NA|311|124|470|28940420|NA|0
"470650114454"|0|1|0|0|0|0|0|1|1|1|0|0|0|1|0|NA|NA|NA|NA|NA|38|2|24|751924|31330.1666666667|0
"470650124002"|0|1|1|0|0|0|0|1|1|1|0|0|0|0|1|7992|24110|8618|16682|9500|905|283|1012|87596024|86557.3359683794|0
"470719202004"|0|1|0|0|0|0|0|1|1|0|0|1|0|1|0|NA|NA|NA|NA|NA|0|0|0|0|NA|0
"470779753022"|0|1|0|0|0|0|0|1|1|0|0|1|1|0|0|NA|NA|NA|NA|NA|0|0|0|0|NA|0
"470799695023"|0|1|0|0|0|0|0|1|1|0|0|1|1|0|0|NA|NA|NA|NA|NA|0|0|0|0|NA|0
"470890703003"|0|1|1|0|0|0|0|1|1|1|0|0|0|1|0|31300|31300|9207|9207|10097|233|117|262|15255520|58227.1755725191|0
"470930001001"|0|1|1|0|0|0|0|1|1|0|0|0|0|0|0|NA|NA|NA|NA|NA|453|117|0|0|NA|0
"470930009011"|0|1|1|0|0|1|0|1|1|1|0|0|0|0|1|11332|29522|11468|29656|12150|5508|1387|3506|403078690|114968.251568739|0
"470930026002"|0|1|0|0|0|0|0|1|1|0|0|1|0|1|0|NA|NA|NA|NA|NA|0|0|0|0|NA|0
"470930038014"|0|1|1|0|0|0|0|1|1|1|0|0|0|1|0|16450|16450|27480|27480|NA|455|225|626|62413390|99701.9009584665|0
"470930038022"|0|1|0|0|0|0|0|1|1|0|0|1|1|0|0|NA|NA|NA|NA|NA|0|0|0|0|NA|0
"470930044031"|0|1|0|0|0|0|0|1|1|0|0|1|1|0|0|NA|NA|NA|NA|NA|0|0|0|0|NA|0
"470930055021"|0|1|1|0|0|0|0|1|1|1|0|0|1|0|0|17384|17384|9285|9285|8664|132|48|78|5566224|71361.8461538462|0
"470930057061"|0|1|0|0|0|0|0|1|1|0|0|1|1|0|0|NA|NA|NA|NA|NA|0|0|0|0|NA|0
"470930059071"|0|1|0|0|0|0|0|1|1|1|1|0|0|1|0|4104|16920|NA|NA|NA|265|159|432|28389120|65715.5555555556|0
"470930062022"|0|1|0|0|0|0|0|1|1|1|0|0|1|0|0|15564|15564|NA|NA|NA|40|8|0|0|NA|0
"470930062072"|0|1|1|0|0|0|0|1|1|1|0|0|1|0|0|7632|7632|8640|8640|NA|3|0|4|52688|13172|0
"470970505041"|0|1|0|0|0|0|0|1|1|0|0|1|1|0|0|NA|NA|NA|NA|NA|0|0|0|0|NA|0
"470999605023"|0|1|0|0|0|0|0|1|1|0|0|1|1|0|0|NA|NA|NA|NA|NA|0|0|0|0|NA|0
"471019702002"|0|1|0|0|0|0|0|1|1|0|0|1|1|0|0|NA|NA|NA|NA|NA|0|0|0|0|NA|0
"471039753003"|0|1|0|0|0|0|0|1|1|0|0|1|1|0|0|NA|NA|NA|NA|NA|0|0|0|0|NA|0
"471079702011"|0|1|0|0|0|0|0|1|1|0|0|1|1|0|0|NA|NA|NA|NA|NA|0|0|0|0|NA|0
"471079703003"|0|1|1|0|0|0|0|1|1|1|0|0|0|1|0|26100|26100|20870|20870|8600|87|33|144|8010248|55626.7222222222|0
"471130003004"|0|1|0|0|0|0|0|1|1|0|0|1|1|0|0|NA|NA|NA|NA|NA|0|0|0|0|NA|0
"471130005001"|0|1|0|1|0|0|0|1|1|1|0|0|0|1|0|9270|9270|NA|NA|7610|115|41|124|6962464|56148.9032258065|0
"471130005003"|0|1|0|0|0|0|0|1|1|1|1|0|0|1|0|4104|13458|NA|NA|NA|111|66|150|9465746|63104.9733333333|0
"471130014012"|0|1|0|0|0|0|0|1|1|0|0|1|0|1|0|NA|NA|NA|NA|NA|0|0|0|0|NA|0
"471130016051"|0|1|1|0|0|0|0|1|1|1|0|0|0|1|0|18313|18313|12360|12360|10740|233|88|402|32497910|80840.5721393035|0
"471190108023"|0|1|0|0|0|0|0|1|1|1|1|0|0|1|0|4140|16920|NA|NA|NA|160|49|210|12594640|59974.4761904762|0
"471239251022"|0|1|0|0|0|0|0|1|1|0|0|1|1|0|0|NA|NA|NA|NA|NA|0|0|0|0|NA|0
"471251002001"|0|1|0|0|0|0|0|1|1|0|0|1|1|0|0|NA|NA|NA|NA|NA|0|0|0|0|NA|0
"471251008003"|0|1|1|0|0|0|0|1|1|1|0|0|0|1|0|6816|12360|8226|13212|12274|654|420|788|60254744|76465.4111675127|0
"471251011012"|0|1|0|0|0|0|0|1|1|0|0|1|1|0|0|NA|NA|NA|NA|NA|0|0|0|0|NA|0
"471251013041"|0|1|0|0|0|0|0|1|1|1|1|0|1|0|0|NA|NA|NA|NA|NA|7|1|6|270400|45066.6666666667|0
"471251020052"|0|1|0|0|0|0|0|1|1|1|0|0|1|0|0|20110|20110|NA|NA|NA|61|8|20|1619356|80967.8|0
"471279302001"|0|1|0|0|0|0|0|1|1|1|1|0|0|1|0|4104|16920|NA|NA|NA|179|57|248|13685020|55181.5322580645|0
"471339503013"|0|1|0|0|0|0|0|1|1|0|0|1|0|1|0|NA|NA|NA|NA|NA|0|0|0|0|NA|0
"471410004001"|0|1|0|0|0|0|0|1|1|0|0|1|1|0|0|NA|NA|NA|NA|NA|0|0|0|0|NA|0
"471410006001"|0|1|0|0|0|0|0|1|1|1|1|0|1|0|0|16137|16137|NA|NA|NA|15|5|28|1851100|66110.7142857143|0
"471410007001"|0|1|0|0|0|0|0|1|1|0|0|1|1|0|0|NA|NA|NA|NA|NA|0|0|0|0|NA|0
"471410008001"|0|1|1|0|0|0|0|1|1|1|0|0|0|1|0|8520|18552|10480|19420|10502|733|311|880|70166418|79734.5659090909|0
"471439754012"|0|1|1|0|0|0|0|1|1|1|0|0|0|1|0|17300|17300|10026|10026|8250|111|24|84|4852528|57768.1904761905|0
"471439754014"|0|0|1|0|0|0|0|1|1|1|0|0|1|0|0|NA|NA|6000|6000|NA|6|0|8|48892|6111.5|0
"471450305001"|0|1|0|0|0|0|0|1|1|1|1|0|0|1|0|4414|17230|NA|NA|NA|182|48|222|13988124|63009.5675675676|0
"471450308021"|0|1|0|0|0|0|0|1|1|0|0|1|1|0|0|NA|NA|NA|NA|NA|0|0|0|0|NA|0
"471490409011"|0|1|0|0|0|0|0|1|1|0|0|1|1|0|0|NA|NA|NA|NA|NA|0|0|0|0|NA|0
"471490415001"|0|1|1|0|0|0|0|1|1|1|0|0|0|0|1|7344|26376|9396|26010|9576|1253|637|1900|158364086|83349.5189473684|0
"471490418001"|0|1|0|0|0|0|0|1|1|0|0|1|1|0|0|NA|NA|NA|NA|NA|0|0|0|0|NA|0
"471490418002"|0|1|0|0|0|0|0|1|1|1|0|0|1|0|0|22851|22851|NA|NA|NA|4|0|2|130000|65000|0
"471490418003"|0|1|0|0|0|0|0|1|1|0|0|1|1|0|0|NA|NA|NA|NA|NA|0|0|0|0|NA|0
"471519752004"|0|1|0|0|0|0|0|1|1|0|0|1|1|0|0|NA|NA|NA|NA|NA|0|0|0|0|NA|0
"471570003001"|0|1|0|0|0|0|0|1|1|0|0|1|1|0|0|NA|NA|NA|NA|NA|0|0|0|0|NA|0
"471570016001"|0|1|1|0|0|0|0|1|1|1|0|0|0|1|0|52000|52000|52000|52000|12296|314|88|364|29906484|82160.6703296703|0
"471570025002"|0|1|0|0|0|0|0|1|1|1|1|0|1|0|0|8460|8460|NA|NA|NA|12|1|48|2212688|46097.6666666667|0
"471570030003"|0|1|0|0|0|0|0|1|1|0|0|1|1|0|0|NA|NA|NA|NA|NA|0|0|0|0|NA|0
"471570031001"|0|1|1|0|0|0|0|1|1|1|0|0|0|1|0|35520|35520|14977|14977|10220|163|45|220|16322518|74193.2636363636|0
"471570031002"|0|0|1|0|0|0|0|1|1|1|0|0|1|0|0|NA|NA|19200|19200|NA|20|4|20|1171020|58551|0
"471570032001"|0|1|0|0|0|0|0|1|1|0|0|1|1|0|0|NA|NA|NA|NA|NA|0|0|0|0|NA|0
"471570036002"|0|0|1|0|0|0|0|1|1|1|0|0|1|0|0|NA|NA|NA|NA|NA|134|50|112|14002080|125018.571428571|0
"471570038001"|0|2|2|0|0|1|0|2|2|2|0|0|1|1|0|21264|31993|NA|NA|NA|1146|249|716|91825598|221440.413704384|0
"471570073003"|0|1|1|0|0|0|0|1|1|1|0|0|0|0|1|8352|12576|9378|13194|10126|1778|277|1792|152377002|85031.8091517857|0
"471570085002"|0|1|0|0|0|0|0|1|1|0|0|1|1|0|0|NA|NA|NA|NA|NA|0|0|0|0|NA|0
"471570096003"|0|1|0|0|0|0|0|1|1|1|1|0|0|1|0|NA|NA|NA|NA|NA|89|32|66|3150808|47739.5151515152|0
"471570106103"|0|1|0|0|0|0|0|1|1|1|0|0|1|0|0|9228|9228|NA|NA|4600|15|1|6|310000|51666.6666666667|0
"471570107101"|0|1|1|0|0|0|0|1|1|1|0|0|0|1|0|13320|13320|14940|14940|NA|0|0|0|0|NA|0
"471570110201"|0|1|0|0|0|0|0|1|1|0|0|1|1|0|0|NA|NA|NA|NA|NA|0|0|0|0|NA|0
"471570113001"|0|1|0|0|0|0|0|1|1|0|0|1|0|1|0|NA|NA|NA|NA|NA|0|0|0|0|NA|0
"471570114022"|0|1|1|0|0|0|0|1|1|1|0|0|1|0|0|20000|20000|10000|10000|6000|16|1|30|1456698|48556.6|0
"471570116004"|0|1|0|1|0|0|0|1|1|1|0|0|1|0|0|10776|10776|NA|NA|6100|82|20|98|5075088|51786.612244898|0
"471570203023"|0|1|0|0|0|0|0|1|1|0|0|1|1|0|0|NA|NA|NA|NA|NA|0|0|0|0|NA|0
"471570206324"|0|1|0|0|0|0|0|1|1|0|0|1|1|0|0|NA|NA|NA|NA|NA|0|0|0|0|NA|0
"471570212001"|0|1|0|0|0|0|0|1|1|1|1|0|0|1|0|4104|16920|NA|NA|NA|305|64|336|20282640|60365|0
"471570213203"|0|1|0|0|0|0|0|1|1|0|0|1|1|0|0|NA|NA|NA|NA|NA|0|0|0|0|NA|0
"471570225001"|0|1|0|0|0|0|0|1|1|1|0|0|1|0|0|19964|19964|NA|NA|NA|20|7|12|627662|52305.1666666667|0
"471630428022"|0|1|1|0|0|0|0|1|1|1|0|0|0|1|0|31942|31942|14181|14181|9960|137|61|166|10435022|62861.578313253|0
"471630435002"|0|1|0|0|0|0|0|1|1|1|1|0|0|1|0|4104|16920|NA|NA|NA|234|99|244|14634188|59976.1803278689|0
"471650205011"|0|2|1|0|0|0|0|2|2|2|1|0|1|1|0|24274|37090|NA|NA|NA|240|136|314|20124380|117302.896715328|0
"471650212052"|0|2|0|0|0|0|0|2|2|0|0|2|2|0|0|NA|NA|NA|NA|NA|0|0|0|0|NA|0
"471670407005"|0|1|0|0|0|0|0|1|1|0|0|1|1|0|0|NA|NA|NA|NA|NA|0|0|0|0|NA|0
"471690902002"|0|1|0|0|0|0|0|1|1|0|0|1|1|0|0|NA|NA|NA|NA|NA|0|0|0|0|NA|0
"471779305003"|0|1|0|0|0|0|0|1|1|0|0|1|1|0|0|NA|NA|NA|NA|NA|0|0|0|0|NA|0
"471790601001"|0|1|0|0|0|0|0|1|1|0|0|1|1|0|0|NA|NA|NA|NA|NA|0|0|0|0|NA|0
"471790607001"|0|1|1|0|0|1|0|1|1|1|0|0|0|0|1|7486|10788|8784|23904|9613|1245|390|1110|88180682|79442.0558558559|0
"471790613012"|0|1|0|0|0|0|0|1|1|0|0|1|1|0|0|NA|NA|NA|NA|NA|0|0|0|0|NA|0
"471839682021"|0|1|1|0|0|0|0|1|1|1|0|0|0|1|0|8378|14418|9278|15318|7082|496|177|562|41289718|73469.2491103203|0
"471870503061"|0|1|0|0|0|0|0|1|1|0|0|1|1|0|0|NA|NA|NA|NA|NA|0|0|0|0|NA|0
"471870503072"|0|1|1|0|0|0|0|1|1|1|0|0|1|0|0|14580|14580|13125|13125|NA|4|2|4|48000|12000|0
"471870506012"|0|1|0|0|0|0|0|1|1|0|0|1|1|0|0|NA|NA|NA|NA|NA|0|0|0|0|NA|0
"471890303053"|0|1|0|0|0|0|0|1|1|0|0|1|1|0|0|NA|NA|NA|NA|NA|0|0|0|0|NA|0
"471890304011"|0|1|0|0|0|0|0|1|1|0|0|1|1|0|0|NA|NA|NA|NA|NA|0|0|0|0|NA|0
"471890306003"|0|1|1|0|0|0|0|1|1|1|0|0|0|1|0|25200|25200|7800|7800|8990|139|63|192|10036894|52275.4895833333|0
"480050004002"|0|1|0|0|0|0|0|1|1|0|0|1|1|0|0|NA|NA|NA|NA|NA|0|0|0|0|NA|0
"480050008003"|0|1|0|0|0|0|0|1|1|0|0|1|1|0|0|NA|NA|NA|NA|NA|0|0|0|0|NA|0
"480050009021"|0|1|0|0|0|0|0|1|1|1|1|0|0|1|0|3450|4860|NA|NA|6000|148|43|184|10354822|56276.2065217391|0
"480219504011"|0|1|0|0|0|0|0|1|1|1|0|0|1|0|0|20700|20700|NA|NA|NA|6|0|2|150000|75000|0
"480259503002"|0|1|0|0|0|0|0|1|1|1|1|0|0|1|0|3960|4410|NA|NA|6200|142|73|102|5938708|58222.6274509804|0
"480270210004"|0|1|0|0|0|0|0|1|1|1|1|0|0|1|0|1848|2832|NA|NA|NA|160|80|278|16460960|59212.0863309352|0
"480270211012"|0|1|0|0|0|0|0|1|1|0|0|1|1|0|0|NA|NA|NA|NA|NA|0|0|0|0|NA|0
"480270216021"|0|1|1|0|0|0|0|1|1|1|0|0|0|1|0|27440|27440|18000|18000|9900|323|103|330|25311672|76702.0363636364|0
"480270222002"|0|1|0|0|0|0|0|1|1|0|0|1|1|0|0|NA|NA|NA|NA|NA|0|0|0|0|NA|0
"480279800011"|0|1|1|0|0|0|0|1|1|1|0|0|0|1|0|6593|16385|5558|12920|NA|160|59|182|14840830|81543.021978022|0
"480291110003"|0|1|0|0|0|0|0|1|1|0|0|0|0|0|0|NA|NA|NA|NA|NA|571|96|0|0|NA|0
"480291111002"|0|1|0|0|0|0|0|1|1|1|0|0|0|0|1|6450|13980|NA|NA|NA|366|88|570|33598002|58943.8631578947|0
"480291211172"|0|1|0|0|0|0|0|1|1|0|0|1|1|0|0|NA|NA|NA|NA|NA|0|0|0|0|NA|0
"480291212063"|0|1|0|0|0|0|0|1|1|0|0|1|1|0|0|NA|NA|NA|NA|NA|0|0|0|0|NA|0
"480291214031"|0|1|0|0|0|0|0|1|1|0|0|1|1|0|0|NA|NA|NA|NA|NA|0|0|0|0|NA|0
"480291216052"|0|1|0|0|0|0|0|1|1|1|1|0|0|1|0|6450|13980|NA|NA|NA|125|18|156|9809984|62884.5128205128|0
"480291219053"|0|1|0|0|0|0|0|1|1|0|0|1|1|0|0|NA|NA|NA|NA|NA|0|0|0|0|NA|0
"480291219062"|0|1|0|0|0|0|0|1|1|0|0|1|1|0|0|NA|NA|NA|NA|NA|0|0|0|0|NA|0
"480291305003"|0|1|0|1|0|0|0|1|1|1|1|0|0|0|1|6450|13980|NA|NA|NA|290|60|484|24951194|51552.0537190083|0
"480291509003"|0|2|0|0|0|0|0|2|2|0|0|2|2|0|0|NA|NA|NA|NA|NA|0|0|0|0|NA|0
"480291512001"|0|1|0|0|0|0|0|1|1|1|1|0|0|0|1|6450|13980|NA|NA|NA|214|46|282|15157912|53751.4609929078|0
"480291512005"|0|1|1|0|0|0|0|1|1|1|0|0|1|0|0|6048|6048|3150|3150|7670|17|5|0|0|NA|0
"480291513011"|0|1|0|0|0|0|0|1|1|1|1|0|1|0|0|NA|NA|NA|NA|NA|14|2|24|1170840|48785|0
"480291515001"|0|2|0|0|0|0|0|2|2|0|0|2|2|0|0|NA|NA|NA|NA|NA|0|0|0|0|NA|0
"480291515003"|0|1|0|0|0|0|0|1|1|0|0|1|1|0|0|NA|NA|NA|NA|NA|0|0|0|0|NA|0
"480291520001"|0|1|1|0|0|0|0|1|1|1|0|0|0|1|0|4887|18364|3978|12021|10570|371|154|442|32384836|73268.8597285068|0
"480291709002"|0|1|1|0|0|0|0|1|1|1|0|0|0|1|0|30200|30200|17316|17316|10530|256|123|208|15167890|72922.5480769231|0
"480291713021"|0|1|1|0|0|0|0|1|1|1|0|0|0|1|0|34154|34154|19224|19224|11448|383|127|420|39151484|93217.8190476191|0
"480291719123"|0|1|1|0|0|0|0|1|1|1|0|0|1|0|0|NA|NA|NA|NA|NA|70|37|60|4169258|69487.6333333333|0
"480291719181"|0|1|0|0|0|0|0|1|1|1|1|0|0|0|1|6450|13980|NA|NA|NA|226|38|388|22844688|58878.0618556701|0
"480291806031"|0|1|0|0|0|0|0|1|1|1|1|0|1|0|0|NA|NA|NA|NA|NA|17|1|50|2843476|56869.52|0
"480291807012"|0|1|0|0|0|0|0|1|1|0|0|1|1|0|0|NA|NA|NA|NA|NA|0|0|0|0|NA|0
"480291807023"|0|1|0|0|0|0|0|1|1|1|1|0|1|0|0|NA|NA|NA|NA|NA|45|19|32|2208286|69008.9375|0
"480291808001"|0|1|0|0|0|0|0|1|1|0|0|1|1|0|0|NA|NA|NA|NA|NA|0|0|0|0|NA|0
"480291809011"|0|1|0|0|0|0|0|1|1|1|1|0|1|0|0|NA|NA|NA|NA|NA|12|4|26|1720456|66171.3846153846|0
"480291810032"|0|1|0|0|0|0|0|1|1|1|0|0|1|0|0|13422|13422|NA|NA|NA|20|3|48|4170420|86883.75|0
"480291810041"|0|1|0|0|0|0|0|1|1|1|1|0|1|0|0|NA|NA|NA|NA|NA|0|0|0|0|NA|0
"480291813032"|0|1|0|0|0|0|0|1|1|1|0|0|1|0|0|20700|20700|NA|NA|NA|8|0|10|654610|65461|0
"480291814021"|0|1|1|0|0|1|0|1|1|1|0|0|0|1|0|6419|20003|3239|12223|NA|1685|336|474|62336606|131511.827004219|0
"480291814022"|0|1|0|0|0|0|0|1|1|1|0|0|0|1|0|NA|NA|NA|NA|NA|76|32|178|12676094|71214.0112359551|0
"480291816022"|0|1|0|0|0|0|0|1|1|0|0|1|1|0|0|NA|NA|NA|NA|NA|0|0|0|0|NA|0
"480291817053"|0|1|0|0|0|0|0|1|1|1|1|0|1|0|0|NA|NA|NA|NA|NA|23|3|24|1563760|65156.6666666667|0
"480291817241"|0|1|0|0|0|0|0|1|1|1|0|0|1|0|0|7083|7083|NA|NA|5322|11|3|0|0|NA|0
"480291817251"|0|2|0|0|0|0|0|2|2|0|0|2|2|0|0|NA|NA|NA|NA|NA|0|0|0|0|NA|0
"480291818113"|0|1|0|0|0|0|0|1|1|0|0|1|1|0|0|NA|NA|NA|NA|NA|0|0|0|0|NA|0
"480291818201"|0|1|1|0|0|0|0|1|1|1|0|0|0|0|1|6233|18487|7062|25295|11046|2399|590|2072|183529904|88576.2084942085|0
"480291902005"|0|1|0|0|0|0|0|1|1|0|0|1|1|0|0|NA|NA|NA|NA|NA|0|0|0|0|NA|0
"480291904002"|0|1|1|0|0|0|0|1|1|1|0|0|0|1|0|48648|48648|23597|23597|14134|503|176|526|53693060|102078.060836502|0
"480291905012"|0|1|0|0|0|0|0|1|1|0|0|1|1|0|0|NA|NA|NA|NA|NA|0|0|0|0|NA|0
"480291909011"|0|1|0|0|0|0|0|1|1|0|0|1|1|0|0|NA|NA|NA|NA|NA|0|0|0|0|NA|0
"480291909014"|0|0|1|0|0|0|0|1|1|1|0|0|1|0|0|NA|NA|22120|22120|NA|46|12|46|3186608|69274.0869565217|0
"480291920001"|0|1|1|0|0|1|0|1|1|1|0|0|0|1|0|32440|32440|18900|18900|13122|708|255|626|58346578|93205.3961661342|0
"480370107002"|0|1|0|0|0|0|0|1|1|1|1|0|0|1|0|1704|1920|NA|NA|NA|113|32|174|10103996|58068.9425287356|0
"480370108003"|0|1|0|0|0|0|0|1|1|0|0|1|1|0|0|NA|NA|NA|NA|NA|0|0|0|0|NA|0
"480370109041"|0|1|1|0|0|0|0|1|1|1|0|0|0|1|0|6090|18819|4535|13955|11476|147|52|200|15258550|76292.75|0
"480370109062"|0|1|0|0|0|0|0|1|1|0|0|1|1|0|0|NA|NA|NA|NA|NA|0|0|0|0|NA|0
"480396607041"|0|1|0|0|0|0|0|1|1|0|0|1|1|0|0|NA|NA|NA|NA|NA|0|0|0|0|NA|0
"480396616022"|0|1|0|0|0|0|0|1|1|1|1|0|0|1|0|2256|3432|NA|NA|NA|185|42|236|16378100|69398.7288135593|0
"480396636001"|0|1|0|0|0|0|0|1|1|1|0|0|0|1|0|2629|4063|NA|NA|NA|215|83|198|13338434|67365.8282828283|0
"480396638002"|0|1|0|0|0|0|0|1|1|0|0|1|1|0|0|NA|NA|NA|NA|NA|0|0|0|0|NA|0
"480410007004"|0|1|0|0|0|0|0|1|1|0|0|1|1|0|0|NA|NA|NA|NA|NA|0|0|0|0|NA|0
"480410011011"|0|1|0|0|0|0|0|1|1|0|0|1|1|0|0|NA|NA|NA|NA|NA|0|0|0|0|NA|0
"480410013012"|0|1|1|0|0|0|0|1|1|0|0|0|0|0|0|NA|NA|NA|NA|NA|265|59|0|0|NA|0
"480410021003"|0|1|1|0|0|1|0|1|1|1|0|0|0|0|1|8815|36239|6885|19593|11550|6414|1849|5458|681081374|124785.88750458|0
"480439503002"|0|1|1|0|0|0|0|1|1|1|0|0|0|1|0|5419|15211|4316|11660|9744|241|134|162|10985026|67808.8024691358|0
"480499507001"|0|1|1|0|0|0|0|1|1|1|0|0|1|0|0|27850|27850|10350|10350|9616|129|52|110|6063566|55123.3272727273|0
"480610107002"|0|1|0|0|0|0|0|1|1|0|0|1|1|0|0|NA|NA|NA|NA|NA|0|0|0|0|NA|0
"480610108011"|0|1|0|0|0|0|0|1|1|0|0|1|1|0|0|NA|NA|NA|NA|NA|0|0|0|0|NA|0
"480610117011"|0|1|0|0|0|0|0|1|1|0|0|1|1|0|0|11200|11200|NA|NA|NA|0|0|0|0|NA|0
"480610130023"|0|1|0|0|0|0|0|1|1|0|0|1|1|0|0|NA|NA|NA|NA|NA|0|0|0|0|NA|0
"480610130031"|0|1|0|0|0|0|0|1|1|0|0|1|1|0|0|NA|NA|NA|NA|NA|0|0|0|0|NA|0
"480610130032"|0|1|0|0|0|0|0|1|1|0|0|1|1|0|0|NA|NA|NA|NA|NA|0|0|0|0|NA|0
"480610140013"|0|1|0|0|0|0|0|1|1|1|1|0|0|1|0|1800|3000|NA|NA|NA|193|89|188|7270230|38671.4361702128|0
"480610140021"|0|1|0|0|0|0|0|1|1|0|0|1|1|0|0|NA|NA|NA|NA|NA|0|0|0|0|NA|0
"480739504002"|0|1|1|0|0|0|0|1|1|1|0|0|1|0|0|8550|8550|8550|8550|8500|6|2|10|535190|53519|0
"480739505002"|0|1|0|0|0|0|0|1|1|1|1|0|1|0|0|5040|5040|NA|NA|8092|48|14|12|477688|39807.3333333333|0
"480850304031"|0|1|0|0|0|0|0|1|1|0|0|1|1|0|0|NA|NA|NA|NA|NA|0|0|0|0|NA|0
"480850308013"|0|1|0|0|0|0|0|1|1|1|0|0|0|0|1|3450|5550|NA|NA|9084|1020|298|1082|81255146|75097.1774491682|0
"480850316494"|0|1|0|0|0|0|0|1|1|0|0|1|1|0|0|NA|NA|NA|NA|NA|0|0|0|0|NA|0
"480913101004"|0|1|0|0|0|0|0|1|1|0|0|1|1|0|0|NA|NA|NA|NA|NA|0|0|0|0|NA|0
"480913105012"|0|1|0|0|0|0|0|1|1|0|0|1|1|0|0|NA|NA|NA|NA|NA|0|0|0|0|NA|0
"480970004001"|0|1|0|0|0|0|0|1|1|1|1|0|0|1|0|2760|4944|NA|NA|4827|202|81|278|15949230|57371.3309352518|0
"480990105041"|0|1|0|0|0|0|0|1|1|1|1|0|0|1|0|3720|7500|NA|NA|6470|473|177|352|22726642|64564.3238636364|0
"481130002011"|0|1|0|0|0|0|0|1|1|0|0|1|1|0|0|NA|NA|NA|NA|NA|0|0|0|0|NA|0
"481130022001"|0|1|1|0|0|0|0|1|1|1|0|0|1|0|0|12480|12480|9900|9900|7912|41|14|28|2246596|80235.5714285714|0
"481130022003"|0|0|1|0|0|0|0|1|1|1|0|0|0|1|0|NA|NA|18439|18439|NA|220|107|148|11755234|79427.2567567568|0
"481130031031"|0|1|1|0|0|0|0|1|1|0|0|0|0|0|0|NA|NA|NA|NA|NA|329|40|0|0|NA|0
"481130078052"|0|0|1|0|0|0|0|1|1|1|0|0|1|0|0|NA|NA|533|533|NA|5|0|0|0|NA|0
"481130078103"|0|1|0|0|0|0|0|1|1|0|0|1|1|0|0|NA|NA|NA|NA|NA|0|0|0|0|NA|0
"481130078222"|0|1|1|0|0|0|0|1|1|1|0|0|1|0|0|20700|20700|23580|23580|NA|15|0|8|613614|76701.75|0
"481130078291"|0|1|0|0|0|0|0|1|1|1|0|0|1|0|0|21546|21546|NA|NA|NA|17|2|12|1045668|87139|0
"481130079121"|0|1|0|0|0|0|0|1|1|1|1|0|1|0|0|NA|NA|NA|NA|NA|1|0|2|128544|64272|0
"481130085002"|0|1|0|0|0|0|0|1|1|1|1|0|1|0|0|12394|12394|NA|NA|NA|17|2|12|656000|54666.6666666667|0
"481130091051"|0|1|0|0|0|0|0|1|1|0|0|1|1|0|0|NA|NA|NA|NA|NA|0|0|0|0|NA|0
"481130099003"|0|1|1|0|0|0|0|1|1|1|0|0|0|1|0|24840|24840|13950|13950|NA|218|44|192|14961182|77922.8229166667|0
"481130100011"|0|1|1|0|1|1|0|2|2|2|1|0|1|1|0|NA|NA|NA|NA|NA|2513|408|84|10604000|NA|0
"481130100014"|0|1|0|0|0|0|0|1|1|1|0|0|1|0|0|17120|17120|NA|NA|NA|11|2|18|800654|44480.7777777778|0
"481130100032"|0|2|0|0|0|0|0|2|2|1|1|1|2|0|0|NA|NA|NA|NA|NA|15|1|30|1715350|NA|0
"481130113002"|0|1|1|0|0|0|0|1|1|1|0|0|0|1|0|7840|20080|5604|12948|9302|268|70|268|21323758|79566.2611940299|0
"481130114013"|0|1|1|1|0|0|0|1|1|1|0|0|1|0|0|7398|7398|9456|9456|7650|63|7|26|1465130|56351.1538461538|0
"481130136172"|0|1|0|0|0|0|0|1|1|0|0|1|1|0|0|NA|NA|NA|NA|NA|0|0|0|0|NA|0
"481130136271"|0|1|0|0|0|0|0|1|1|1|0|0|1|0|0|14220|14220|NA|NA|NA|0|0|0|0|NA|0
"481130137221"|0|1|0|0|0|0|0|1|1|0|0|1|1|0|0|NA|NA|NA|NA|NA|0|0|0|0|NA|0
"481130137271"|0|1|0|0|0|0|0|1|1|0|0|1|1|0|0|NA|NA|NA|NA|NA|0|0|0|0|NA|0
"481130138061"|0|1|0|0|0|0|0|1|1|0|0|1|1|0|0|NA|NA|NA|NA|NA|0|0|0|0|NA|0
"481130140011"|0|2|1|0|0|0|0|2|2|2|0|0|1|1|0|32840|32840|NA|NA|NA|21|5|12|665000|NA|0
"481130140021"|0|1|0|0|0|0|0|1|1|1|1|0|1|0|0|NA|NA|NA|NA|NA|20|9|2|97500|48750|0
"481130141242"|0|2|1|0|0|0|0|2|2|2|1|0|1|1|0|NA|NA|NA|NA|NA|59|1|110|8669720|171164.583333333|0
"481130141533"|0|1|0|0|0|0|0|1|1|0|0|1|1|0|0|NA|NA|NA|NA|NA|0|0|0|0|NA|0
"481130142041"|0|1|1|0|0|0|0|1|1|1|0|0|0|1|0|44630|44630|33750|33750|13810|189|67|270|21502230|79637.8888888889|0
"481130143064"|0|1|0|0|0|0|0|1|1|0|0|1|1|0|0|NA|NA|NA|NA|NA|0|0|0|0|NA|0
"481130144052"|0|1|0|0|0|0|0|1|1|0|0|1|1|0|0|NA|NA|NA|NA|NA|0|0|0|0|NA|0
"481130146021"|0|1|0|0|0|0|0|1|1|0|0|1|1|0|0|16520|16520|NA|NA|NA|0|0|0|0|NA|0
"481130162032"|0|1|0|0|0|0|0|1|1|0|0|1|1|0|0|NA|NA|NA|NA|NA|0|0|0|0|NA|0
"481130164072"|0|1|0|0|0|0|0|1|1|0|0|1|1|0|0|NA|NA|NA|NA|NA|0|0|0|0|NA|0
"481130165212"|0|1|1|0|0|0|0|1|1|1|0|0|0|1|0|33810|33810|21186|21186|9351|275|93|208|20631090|99187.9326923077|0
"481130177052"|0|1|0|0|0|0|0|1|1|0|0|1|1|0|0|NA|NA|NA|NA|NA|0|0|0|0|NA|0
"481130178121"|0|1|0|0|0|0|0|1|1|1|1|0|1|0|0|NA|NA|NA|NA|NA|0|0|0|0|NA|0
"481130184031"|0|1|1|0|0|0|0|1|1|1|0|0|1|0|0|8550|8550|6840|6840|NA|27|10|28|2227066|79538.0714285714|0
"481130190163"|0|1|0|0|0|0|0|1|1|1|1|0|1|0|0|NA|NA|NA|NA|NA|47|14|34|2708578|79664.0588235294|0
"481130190241"|0|1|0|0|0|0|0|1|1|0|0|1|1|0|0|NA|NA|NA|NA|NA|0|0|0|0|NA|0
"481130190272"|0|1|0|0|0|0|0|1|1|0|0|1|1|0|0|NA|NA|NA|NA|NA|0|0|0|0|NA|0
"481130190353"|0|1|0|0|0|0|0|1|1|1|0|0|1|0|0|23365|23365|NA|NA|NA|27|5|22|1326186|60281.1818181818|0
"481130192052"|0|2|1|0|0|0|0|2|2|2|1|0|2|0|0|NA|NA|NA|NA|NA|15|3|36|3378856|186058.805194805|0
"481130192101"|0|1|1|0|0|0|0|1|1|1|0|0|0|1|0|16240|16240|11463|11463|NA|90|48|88|8436126|95865.0681818182|0
"481130193021"|0|1|1|0|0|0|0|1|1|1|0|0|0|0|1|55012|55012|31590|31590|17750|1728|319|1486|184971484|124476.099596231|0
"481130203002"|0|1|0|0|0|0|0|1|1|0|0|1|1|0|0|NA|NA|NA|NA|NA|0|0|0|0|NA|0
"481130204022"|0|1|0|0|0|0|0|1|1|1|0|0|0|0|1|4050|6000|NA|NA|NA|2451|447|1832|133781096|73024.615720524|0
"481139802001"|0|1|1|0|0|0|0|1|1|1|0|0|0|0|1|14564|39776|15088|29252|12142|2412|588|1828|228838970|125185.432166302|0
"481210206012"|0|1|1|0|0|0|0|1|1|1|0|0|0|0|1|5616|15408|5112|12456|10368|876|246|916|74023750|80811.9541484716|0
"481210210002"|0|1|1|0|0|0|0|1|1|1|0|0|0|0|1|8295|18087|6350|13694|10412|2511|655|2400|217137206|90473.8358333333|0
"481210212022"|0|1|0|0|0|0|0|1|1|0|0|1|1|0|0|NA|NA|NA|NA|NA|0|0|0|0|NA|0
"481210216201"|0|1|0|0|0|0|0|1|1|0|0|1|1|0|0|NA|NA|NA|NA|NA|0|0|0|0|NA|0
"481299502002"|0|1|0|0|0|0|0|1|1|1|1|0|0|1|0|1800|2760|NA|NA|4792|58|18|78|3481570|44635.5128205128|0
"481339501001"|0|1|0|0|0|0|0|1|1|1|1|0|0|1|0|3600|5700|NA|NA|4864|83|33|68|2987342|43931.5|0
"481339503011"|0|1|0|0|0|0|0|1|1|1|1|0|0|1|0|5310|5310|NA|NA|4779|87|26|160|7161866|44761.6625|0
"481350013002"|0|1|0|0|0|0|0|1|1|1|0|0|0|1|0|3120|4014|NA|NA|6800|264|37|268|15255512|56923.552238806|0
"481350024005"|0|1|1|0|0|0|0|1|1|1|0|0|0|1|0|6577|18817|4948|12292|10668|384|134|332|25296126|76193.1506024096|0
"481390606021"|0|1|1|0|0|0|0|1|1|1|0|0|0|1|0|16822|16822|8280|8280|8150|155|63|134|8008994|59768.6119402985|0
"481410001141"|0|1|1|0|0|0|0|1|1|1|0|0|1|0|0|NA|NA|NA|NA|NA|26|5|66|3043870|46119.2424242424|0
"481410015024"|0|1|1|0|0|0|0|1|1|1|0|0|0|0|1|7704|23112|5865|15320|9582|1754|427|1552|132313298|85253.4136597938|0
"481410026005"|0|1|0|0|0|0|0|1|1|0|0|1|1|0|0|NA|NA|NA|NA|NA|0|0|0|0|NA|0
"481410032001"|0|1|1|0|1|1|0|1|1|1|0|0|1|0|0|6831|20295|3312|10656|NA|418|176|84|11598388|138076.047619048|0
"481410034024"|0|1|0|0|0|0|0|1|1|1|0|0|0|1|0|14000|14000|NA|NA|NA|129|43|176|8314542|47241.7159090909|0
"481410034045"|0|1|0|0|0|0|0|1|1|1|1|0|0|0|1|2784|4824|NA|NA|NA|664|277|782|45195702|57795.0153452685|0
"481410035012"|0|1|0|0|0|0|0|1|1|1|1|0|1|0|0|NA|NA|NA|NA|NA|16|7|44|3010460|68419.5454545455|0
"481410039021"|0|1|0|0|0|0|0|1|1|0|0|1|1|0|0|NA|NA|NA|NA|NA|0|0|0|0|NA|0
"481410040052"|0|1|0|0|0|0|0|1|1|1|0|0|0|1|0|NA|NA|NA|NA|NA|79|16|152|5989844|39406.8684210526|0
"481410043161"|0|1|0|0|0|0|0|1|1|0|0|1|1|0|0|NA|NA|NA|NA|NA|0|0|0|0|NA|0
"481410103663"|0|1|0|0|0|0|0|1|1|0|0|1|1|0|0|NA|NA|NA|NA|NA|0|0|0|0|NA|0
"481439505022"|0|1|1|0|0|0|0|1|1|1|0|0|0|0|1|4416|14208|4356|11718|10328|640|262|916|68542310|74827.8493449782|0
"481576720022"|0|1|0|0|0|0|0|1|1|0|0|1|1|0|0|NA|NA|NA|NA|NA|0|0|0|0|NA|0
"481576720023"|0|1|1|0|0|0|0|1|1|1|0|0|1|0|0|11700|11700|9900|9900|8360|51|18|42|2219334|52841.2857142857|0
"481677227001"|0|1|0|0|0|0|0|1|1|1|0|0|0|1|0|2550|3450|NA|NA|NA|211|82|218|14752342|67671.2935779816|0
"481677243001"|0|1|1|0|1|1|0|1|1|1|0|0|0|1|0|7494|20994|7042|17020|NA|1105|183|344|42306326|122983.505813953|0
"481677250001"|0|1|0|0|0|0|0|1|1|1|0|0|0|1|0|2220|4680|NA|NA|7477|100|24|124|8656896|69813.6774193548|0
"481810009012"|0|1|0|0|0|0|0|1|1|1|0|0|0|1|0|2760|4320|NA|NA|7326|192|47|232|15019948|64741.1551724138|0
"481810009032"|0|1|0|0|0|0|0|1|1|0|0|1|1|0|0|NA|NA|NA|NA|NA|0|0|0|0|NA|0
"481810014005"|0|1|1|0|0|0|0|1|1|1|0|0|0|1|0|44027|44027|29415|29415|12958|164|78|202|14387180|71223.6633663366|0
"481830013004"|0|1|0|0|0|0|0|1|1|0|0|1|1|0|0|NA|NA|NA|NA|NA|0|0|0|0|NA|0
"481830015001"|0|1|1|0|0|0|0|1|1|1|0|0|0|1|0|33670|33670|16875|16875|10370|221|77|188|13015176|69229.6595744681|0
"481830107005"|0|1|0|0|0|0|0|1|1|1|1|0|0|1|0|3168|4368|NA|NA|6572|156|61|264|14083238|53345.5984848485|0
"481872103001"|0|1|1|0|0|0|0|1|1|1|0|0|0|1|0|33330|33330|33300|33300|11330|175|52|196|13577318|69272.0306122449|0
"481872103005"|0|1|0|0|0|0|0|1|1|0|0|1|1|0|0|NA|NA|NA|NA|NA|0|0|0|0|NA|0
"481899504002"|0|1|1|0|0|0|0|1|1|1|0|0|0|1|0|20942|20942|14112|14112|8660|237|146|194|11076698|57096.381443299|0
"481990307002"|0|1|0|0|0|0|0|1|1|0|0|1|1|0|0|NA|NA|NA|NA|NA|0|0|0|0|NA|0
"482011000011"|0|0|1|0|0|0|0|1|1|1|0|0|0|1|0|NA|NA|NA|NA|NA|126|52|98|15801202|161236.755102041|0
"482012205001"|0|1|0|0|0|0|0|1|1|1|1|0|1|0|0|12600|12600|NA|NA|NA|34|4|32|1909940|59685.625|0
"482012226012"|0|1|0|0|0|0|0|1|1|1|1|0|1|0|0|NA|NA|NA|NA|NA|14|7|14|807680|57691.4285714286|0
"482012334002"|0|1|0|0|0|0|0|1|1|0|0|1|1|0|0|NA|NA|NA|NA|NA|0|0|0|0|NA|0
"482012401022"|0|2|0|0|0|0|0|2|2|1|1|1|1|1|0|NA|NA|NA|NA|NA|4|3|2|83200|NA|0
"482012407071"|0|1|0|0|0|0|0|1|1|1|1|0|0|1|0|NA|NA|NA|NA|NA|41|1|116|8118634|69988.224137931|0
"482012407072"|0|1|0|0|0|0|0|1|1|0|0|1|1|0|0|NA|NA|NA|NA|NA|0|0|0|0|NA|0
"482012544001"|0|1|0|0|0|0|0|1|1|1|1|0|0|1|0|3132|3552|NA|NA|NA|279|101|328|21999554|67071.8109756098|0
"482013102001"|0|1|0|0|0|0|0|1|1|0|0|0|0|0|0|NA|NA|NA|NA|NA|0|0|0|0|NA|0
"482013117021"|0|1|0|0|0|0|0|1|1|0|0|1|1|0|0|NA|NA|NA|NA|NA|0|0|0|0|NA|0
"482013128002"|0|1|1|1|0|0|0|1|1|1|0|0|0|1|0|6941|19677|6858|14018|9664|579|264|740|67312370|90962.6621621622|0
"482013131021"|0|1|2|0|2|1|0|2|2|2|0|0|1|1|0|NA|NA|30591|53504|NA|4631|284|982|160618302|303246.423047102|0
"482013143021"|0|1|0|0|0|0|0|1|1|1|1|0|1|0|0|NA|NA|NA|NA|NA|10|1|14|729034|52073.8571428571|0
"482013221003"|0|1|0|0|0|0|0|1|1|1|1|0|1|0|0|10560|10560|NA|NA|NA|5|4|2|95180|47590|0
"482013335011"|0|1|0|0|0|0|0|1|1|0|0|1|1|0|0|16520|16520|NA|NA|NA|0|0|0|0|NA|0
"482013402032"|0|1|1|0|0|0|0|1|1|1|0|0|0|1|0|6024|19320|7920|17316|9440|542|155|576|50281454|87294.1909722222|0
"482013412011"|0|2|0|0|0|0|0|2|2|1|1|1|2|0|0|NA|NA|NA|NA|NA|5|1|2|114732|NA|0
"482013421001"|0|0|1|0|0|0|0|1|1|1|0|0|1|0|0|NA|NA|NA|NA|NA|37|14|44|3123970|70999.3181818182|0
"482013430001"|0|1|0|0|0|0|0|1|1|1|0|0|0|0|1|3240|5040|NA|NA|NA|726|274|972|70287032|72311.7613168724|0
"482014106011"|0|1|0|0|0|0|0|1|1|1|1|0|0|0|1|2904|3624|NA|NA|NA|1566|602|1698|130964354|77128.5948174323|0
"482014107052"|0|1|1|0|0|0|0|1|1|1|0|0|0|1|0|31724|31724|20934|20934|9760|304|112|266|21039870|79097.2556390977|0
"482014115052"|0|1|0|0|0|0|0|1|1|1|0|0|1|0|0|20700|20700|NA|NA|NA|24|0|10|662654|66265.4|0
"482014117001"|0|1|0|0|0|0|0|1|1|1|1|0|1|0|0|13960|13960|NA|NA|NA|10|0|14|847836|60559.7142857143|0
"482014122021"|0|1|1|0|1|1|0|1|1|1|0|0|0|1|0|8841|34020|8524|36273|NA|2557|555|852|104207040|122308.732394366|0
"482014203002"|0|0|1|0|0|0|0|1|1|1|0|0|1|0|0|NA|NA|9630|9630|NA|0|0|6|4e+05|66666.6666666667|0
"482014228001"|0|1|1|0|0|0|0|1|1|1|0|0|0|1|0|34250|34250|10924|10924|9130|282|127|268|20531668|76610.7014925373|0
"482014233042"|0|1|0|0|0|0|0|1|1|0|0|1|1|0|0|NA|NA|NA|NA|NA|0|0|0|0|NA|0
"482014234022"|0|1|0|0|0|0|0|1|1|0|0|1|1|0|0|NA|NA|NA|NA|NA|0|0|0|0|NA|0
"482014322004"|0|0|1|0|0|0|0|1|1|1|0|0|1|0|0|NA|NA|16020|16020|NA|7|1|16|1009000|63062.5|0
"482014323013"|0|1|0|0|0|0|0|1|1|1|1|0|1|0|0|10680|10680|NA|NA|NA|10|7|0|0|NA|0
"482014324013"|0|1|0|0|0|0|0|1|1|0|0|1|1|0|0|NA|NA|NA|NA|NA|0|0|0|0|NA|0
"482014324022"|0|1|1|0|0|0|0|1|1|1|0|0|1|0|0|14065|14065|18360|18360|NA|17|0|4|360826|90206.5|0
"482014328042"|0|1|0|0|0|0|0|1|1|1|0|0|1|0|0|7200|9000|NA|NA|NA|50|22|18|1133824|62990.2222222222|0
"482014328052"|0|1|0|0|0|0|0|1|1|1|1|0|1|0|0|NA|NA|NA|NA|NA|21|2|50|2725620|54512.4|0
"482014333003"|0|1|0|0|0|0|0|1|1|0|0|1|1|0|0|NA|NA|NA|NA|NA|0|0|0|0|NA|0
"482014335043"|0|1|0|0|0|0|0|1|1|1|1|0|1|0|0|15230|15230|NA|NA|NA|26|15|12|680822|56735.1666666667|0
"482014502001"|0|2|1|0|0|0|0|2|2|1|0|1|2|0|0|NA|NA|NA|NA|NA|0|0|0|0|NA|0
"482014508042"|0|1|0|0|0|0|0|1|1|1|1|0|1|0|0|NA|NA|NA|NA|NA|11|3|4|198172|49543|0
"482014517001"|0|1|0|0|0|0|0|1|1|0|0|1|1|0|0|NA|NA|NA|NA|NA|0|0|0|0|NA|0
"482014522023"|0|1|0|0|0|0|0|1|1|1|1|0|1|0|0|NA|NA|NA|NA|NA|10|5|4|216000|54000|0
"482014528021"|0|1|0|0|0|0|0|1|1|0|0|1|1|0|0|NA|NA|NA|NA|NA|0|0|0|0|NA|0
"482014534053"|0|1|0|0|0|0|0|1|1|0|0|1|1|0|0|NA|NA|NA|NA|NA|0|0|0|0|NA|0
"482014535021"|0|1|0|0|0|0|0|1|1|1|1|0|1|0|0|10743|10743|NA|NA|NA|4|0|18|786664|43703.5555555556|0
"482014541001"|0|1|0|0|0|0|0|1|1|0|0|1|1|0|0|NA|NA|NA|NA|NA|0|0|0|0|NA|0
"482014543053"|0|1|0|0|0|0|0|1|1|1|1|0|1|0|0|NA|NA|NA|NA|NA|15|7|14|774684|55334.5714285714|0
"482015204002"|0|1|0|0|0|0|0|1|1|1|1|0|1|0|0|NA|NA|NA|NA|NA|7|1|14|944908|67493.4285714286|0
"482015205011"|0|1|0|0|0|0|0|1|1|0|0|1|1|0|0|NA|NA|NA|NA|NA|0|0|0|0|NA|0
"482015218001"|0|3|0|0|0|0|0|3|3|3|1|0|1|1|0|NA|NA|NA|NA|NA|25|10|62|4801578|NA|0
"482015224021"|0|1|0|0|0|0|0|1|1|0|0|1|1|0|0|NA|NA|NA|NA|NA|0|0|0|0|NA|0
"482015315003"|0|1|0|0|0|0|0|1|1|1|0|0|0|1|0|NA|NA|NA|NA|NA|92|4|122|8199314|67207.4918032787|0
"482015326001"|0|1|0|0|0|0|0|1|1|0|0|1|1|0|0|NA|NA|NA|NA|NA|0|0|0|0|NA|0
"482015501022"|0|1|0|0|0|0|0|1|1|1|0|0|1|0|0|19518|19518|NA|NA|NA|14|2|12|631112|52592.6666666667|0
"482015503033"|0|1|0|0|0|0|0|1|1|0|0|1|1|0|0|NA|NA|NA|NA|NA|0|0|0|0|NA|0
"482015503081"|0|1|0|0|0|0|0|1|1|1|1|0|1|0|0|15213|15213|NA|NA|NA|5|2|4|236000|59000|0
"482015519012"|0|1|0|0|0|0|0|1|1|0|0|1|1|0|0|NA|NA|NA|NA|NA|0|0|0|0|NA|0
"482015526032"|0|1|0|0|0|0|0|1|1|0|0|1|1|0|0|NA|NA|NA|NA|NA|0|0|0|0|NA|0
"482015530013"|0|1|0|0|0|0|0|1|1|0|0|1|1|0|0|NA|NA|NA|NA|NA|0|0|0|0|NA|0
"482015531021"|0|1|0|0|0|0|0|1|1|0|0|1|1|0|0|NA|NA|NA|NA|NA|0|0|0|0|NA|0
"482015533002"|0|1|0|0|0|0|0|1|1|1|1|0|0|1|0|NA|NA|NA|NA|NA|42|31|28|1091336|38976.2857142857|0
"482019803001"|0|1|1|0|0|0|0|1|1|1|0|0|0|1|0|54100|54100|51634|51634|15000|2676|408|1492|236314304|158387.603217158|0
"482019804001"|0|2|2|0|0|0|0|2|2|1|0|0|0|0|1|NA|NA|NA|NA|NA|3690|419|3058|361350040|NA|0
"482019807001"|0|1|1|0|0|0|0|1|1|1|0|0|0|0|1|5994|15810|8073|14517|NA|627|131|714|59309484|83066.5042016807|0
"482030204012"|0|1|1|0|0|0|0|1|1|1|0|0|0|1|0|27450|27450|6966|6966|10195|158|64|146|9599356|65749.0136986301|0
"482030204021"|0|1|0|1|0|0|0|1|1|1|0|0|1|0|0|12500|12500|NA|NA|5000|116|21|60|2973468|49557.8|0
"482090102003"|0|1|1|0|0|0|0|1|1|1|0|0|0|0|1|8606|20030|7147|15307|11460|2321|839|2598|203348044|78270.9946112394|0
"482090103051"|0|1|0|0|0|0|0|1|1|0|0|1|1|0|0|NA|NA|NA|NA|NA|0|0|0|0|NA|0
"482139512013"|0|1|0|0|0|0|0|1|1|1|0|0|0|1|0|1170|4500|NA|NA|7406|187|67|314|19817864|63114.2165605096|0
"482150203061"|0|1|0|0|0|0|0|1|1|0|0|1|1|0|0|NA|NA|NA|NA|NA|0|0|0|0|NA|0
"482150205131"|0|1|0|0|0|0|0|1|1|0|0|1|1|0|0|NA|NA|NA|NA|NA|0|0|0|0|NA|0
"482150207241"|0|1|0|0|0|0|0|1|1|1|0|0|0|0|1|2610|7500|NA|NA|NA|987|253|1098|67288142|61282.4608378871|0
"482150207351"|0|1|0|0|0|0|0|1|1|0|0|1|1|0|0|NA|NA|NA|NA|NA|0|0|0|0|NA|0
"482150208063"|0|1|0|0|0|0|0|1|1|1|1|0|1|0|0|NA|NA|NA|NA|NA|19|2|46|2490712|54145.9130434783|0
"482150209051"|0|1|0|0|0|0|0|1|1|0|0|1|1|0|0|NA|NA|NA|NA|NA|0|0|0|0|NA|0
"482150209091"|0|1|0|0|0|0|0|1|1|0|0|1|1|0|0|NA|NA|NA|NA|NA|0|0|0|0|NA|0
"482150212013"|0|1|0|0|0|0|0|1|1|0|0|1|1|0|0|NA|NA|NA|NA|NA|0|0|0|0|NA|0
"482150217033"|0|1|0|0|0|0|0|1|1|0|0|1|1|0|0|NA|NA|NA|NA|NA|0|0|0|0|NA|0
"482150217041"|0|1|0|0|0|0|0|1|1|1|1|0|1|0|0|NA|NA|NA|NA|NA|41|14|44|1736166|39458.3181818182|0
"482150224012"|0|1|0|0|0|0|0|1|1|0|0|1|1|0|0|NA|NA|NA|NA|NA|0|0|0|0|NA|0
"482150227031"|0|1|0|0|0|0|0|1|1|0|0|1|1|0|0|NA|NA|NA|NA|NA|0|0|0|0|NA|0
"482150227051"|0|1|0|0|0|0|0|1|1|0|0|1|1|0|0|NA|NA|NA|NA|NA|0|0|0|0|NA|0
"482150235362"|0|1|0|0|0|0|0|1|1|0|0|1|1|0|0|NA|NA|NA|NA|NA|0|0|0|0|NA|0
"482150240011"|0|1|1|0|1|1|0|1|1|1|0|0|0|0|1|7857|17649|7002|14346|8888|1904|604|2432|191852296|78886.6348684211|0
"482150242103"|0|1|0|0|0|0|0|1|1|0|0|1|1|0|0|NA|NA|NA|NA|NA|0|0|0|0|NA|0
"482179611001"|0|1|0|0|0|0|0|1|1|1|1|0|0|1|0|2328|3328|NA|NA|4200|110|26|166|9991316|60188.6506024096|0
"482199505001"|0|1|0|0|0|0|0|1|1|1|1|0|0|1|0|2568|2952|NA|NA|4418|274|99|520|29348548|56439.5153846154|0
"482279506003"|0|1|0|0|0|0|0|1|1|1|1|0|0|1|0|4320|5770|NA|NA|5090|207|81|202|11271254|55798.2871287129|0
"482279508013"|0|1|0|0|0|0|0|1|1|1|1|0|1|0|0|4320|13740|NA|NA|5670|0|0|0|0|NA|0
"482319606001"|0|1|1|0|0|0|0|1|1|1|0|0|0|0|1|4790|17030|3630|10974|9728|508|251|712|54893624|77097.7865168539|0
"482319612002"|0|1|0|0|0|0|0|1|1|0|0|1|1|0|0|NA|NA|NA|NA|NA|0|0|0|0|NA|0
"482319614022"|0|1|1|0|0|0|0|1|1|1|0|0|1|0|0|6000|6000|6300|6300|NA|2|0|0|0|NA|0
"482339509001"|0|1|0|0|0|0|0|1|1|1|1|0|0|1|0|2670|2940|NA|NA|4974|76|20|56|2625674|46887.0357142857|0
"482419503002"|0|1|0|0|0|0|0|1|1|0|0|1|1|0|0|NA|NA|NA|NA|NA|0|0|0|0|NA|0
"482450013022"|0|1|0|0|0|0|0|1|1|1|1|0|1|0|0|NA|NA|NA|NA|NA|3|1|10|10|1|0
"482450021003"|0|1|0|0|0|0|0|1|1|0|0|1|1|0|0|NA|NA|NA|NA|NA|0|0|0|0|NA|0
"482450026002"|0|1|1|0|0|0|0|1|1|1|0|0|0|0|1|6228|16020|6471|13815|9884|796|201|810|62404572|77042.6814814815|0
"482450026004"|0|1|0|0|0|0|0|1|1|1|1|0|0|1|0|1920|11712|NA|NA|NA|102|26|148|8152826|55086.6621621622|0
"482450117002"|0|1|0|0|0|0|0|1|1|0|0|1|1|0|0|NA|NA|NA|NA|NA|0|0|0|0|NA|0
"482450118002"|0|1|0|0|0|0|0|1|1|1|1|0|0|1|0|1200|7320|NA|NA|NA|106|33|116|6127576|52823.9310344828|0
"482511303042"|0|1|1|0|0|0|0|1|1|1|0|0|1|0|0|23400|23400|23400|23400|8600|82|20|100|6219570|62195.7|0
"482570505003"|0|1|0|1|0|0|0|1|1|1|0|0|1|0|0|10070|10070|NA|NA|7042|17|6|12|485876|40489.6666666667|0
"482659605004"|0|1|0|0|0|0|0|1|1|0|0|1|1|0|0|NA|NA|NA|NA|NA|0|0|0|0|NA|0
"482659606012"|0|1|1|0|0|0|0|1|1|1|0|0|0|1|0|35614|35614|22752|22752|10157|146|56|108|7405188|68566.5555555556|0
"482730203021"|0|1|1|0|0|0|0|1|1|1|0|0|0|1|0|5137|18133|3409|10752|9425|539|196|608|45509956|74851.9013157895|0
"482770010002"|0|1|0|0|0|0|0|1|1|1|1|0|0|1|0|3270|4770|NA|NA|5701|123|40|156|10296556|66003.5641025641|0
"483030005011"|0|1|1|0|1|1|0|1|1|1|0|0|0|1|0|6450|18690|6360|16152|NA|1559|519|642|70584914|109945.348909657|0
"483030005012"|0|1|1|0|0|0|0|1|1|0|0|0|0|0|0|NA|NA|NA|NA|NA|223|79|0|0|NA|0
"483030005021"|0|1|1|0|0|1|0|1|1|1|0|0|0|0|1|8935|21204|6956|15136|10460|3603|1329|3004|311345242|103643.555925433|0
"483030017092"|0|1|0|0|0|0|0|1|1|0|0|1|1|0|0|NA|NA|NA|NA|NA|0|0|0|0|NA|0
"483030017101"|0|1|0|0|0|0|0|1|1|0|0|1|1|0|0|NA|NA|NA|NA|NA|0|0|0|0|NA|0
"483030017111"|0|1|1|0|0|0|0|1|1|1|0|0|0|1|0|25900|25900|10285|10285|8724|177|72|174|9323162|53581.3908045977|0
"483030022051"|0|1|0|0|0|0|0|1|1|0|0|1|1|0|0|NA|NA|NA|NA|NA|0|0|0|0|NA|0
"483090003001"|0|1|1|0|0|0|0|1|1|1|0|0|0|0|1|51738|51738|38772|38772|13587|2045|372|2234|246475808|110329.367949866|0
"483090021003"|0|1|0|0|0|0|0|1|1|0|0|1|1|0|0|NA|NA|NA|NA|NA|0|0|0|0|NA|0
"483090030001"|0|1|0|0|0|0|0|1|1|1|1|0|0|1|0|3720|5430|NA|NA|NA|342|138|406|30744760|75726.0098522168|0
"483090033001"|0|1|0|0|0|0|0|1|1|1|1|0|0|0|1|6969|11094|NA|NA|9513|1021|189|1074|77185646|71867.4543761639|0
"483239505003"|0|1|0|0|0|0|0|1|1|0|0|1|1|0|0|NA|NA|NA|NA|NA|0|0|0|0|NA|0
"483290002004"|0|1|0|0|0|0|0|1|1|1|0|0|0|1|0|3750|4980|NA|NA|5800|250|126|272|19302292|70964.3088235294|0
"483396907012"|0|1|1|0|0|0|0|1|1|1|0|0|1|0|0|6240|6240|4680|4680|NA|16|0|10|759916|75991.6|0
"483396908001"|0|1|0|0|0|0|0|1|1|1|0|0|0|0|1|5136|6456|NA|NA|NA|1948|489|1758|146963964|83597.2491467577|0
"483479506001"|0|1|1|0|0|0|0|1|1|1|0|0|0|0|1|7842|20082|5262|12606|9642|793|240|980|71201632|72654.7265306122|0
"483499703021"|0|1|0|0|0|0|0|1|1|1|1|0|0|1|0|1620|3480|NA|NA|7364|221|100|216|13575776|62850.8148148148|0
"483550015001"|0|1|0|0|0|0|0|1|1|0|0|1|1|0|0|NA|NA|NA|NA|NA|0|0|0|0|NA|0
"483550018015"|0|1|0|0|0|0|0|1|1|0|0|1|1|0|0|NA|NA|NA|NA|NA|0|0|0|0|NA|0
"483550020014"|0|1|0|0|0|0|0|1|1|1|0|0|0|1|0|2130|3240|NA|NA|NA|427|160|676|48586456|71873.4556213018|0
"483550027061"|0|1|1|0|0|0|0|1|1|1|0|0|0|0|1|4913|15299|3610|11715|10868|862|298|822|66281656|80634.6180048662|0
"483550032043"|0|1|0|0|0|0|0|1|1|0|0|1|1|0|0|NA|NA|NA|NA|NA|0|0|0|0|NA|0
"483610203002"|0|1|0|0|0|0|0|1|1|1|1|0|0|1|0|1920|12912|NA|NA|NA|86|31|80|4478118|55976.475|0
"483659504024"|0|1|0|0|0|0|0|1|1|1|1|0|0|1|0|792|792|NA|NA|5572|80|24|140|8599776|61426.9714285714|0
"483671402021"|0|1|0|0|0|0|0|1|1|1|0|0|0|1|0|5550|7860|NA|NA|7695|145|44|266|17973104|67568.0601503759|0
"483750101001"|0|1|0|0|0|0|0|1|1|0|0|1|1|0|0|NA|NA|NA|NA|NA|0|0|0|0|NA|0
"483750103001"|0|2|0|0|0|0|0|2|2|0|0|2|2|0|0|NA|NA|NA|NA|NA|0|0|0|0|NA|0
"483750147021"|0|1|0|0|0|0|0|1|1|1|1|0|0|1|0|1128|2664|NA|NA|NA|468|168|356|18198856|51120.3820224719|0
"483810218022"|0|1|1|0|0|0|0|1|1|1|0|0|0|1|0|6372|8267|5088|6378|9860|491|183|706|54393926|77045.2209631728|0
"484090106041"|0|1|0|0|0|0|0|1|1|0|0|1|1|0|0|NA|NA|NA|NA|NA|0|0|0|0|NA|0
"484159506002"|0|1|0|0|0|0|0|1|1|1|1|0|0|1|0|3270|4230|NA|NA|5510|108|70|94|5680920|60435.3191489362|0
"484230002012"|0|1|0|1|0|0|0|1|1|1|0|0|1|0|0|8208|8208|NA|NA|8400|57|12|48|2272380|47341.25|0
"484230009003"|0|1|0|0|0|0|0|1|1|1|0|0|0|0|1|2208|2784|NA|NA|8910|362|158|692|39169550|56603.3959537572|0
"484230018033"|0|1|1|0|1|1|0|1|1|1|0|0|0|1|0|7020|21570|6264|14940|9908|2072|534|860|76040666|88419.3790697674|0
"484391021012"|0|1|1|0|1|1|0|1|1|1|0|0|0|1|0|8750|26600|6012|21995|NA|962|172|248|31991960|128999.838709677|0
"484391023012"|0|1|0|0|0|0|0|1|1|0|0|1|1|0|0|NA|NA|NA|NA|NA|0|0|0|0|NA|0
"484391035003"|0|1|1|0|0|0|0|1|1|1|0|0|0|1|0|31390|31390|15869|15869|10919|207|118|182|16340492|89782.9230769231|0
"484391042031"|0|1|1|0|0|0|0|1|1|1|0|0|0|0|1|53890|53890|33660|33660|14250|1527|513|1398|166890014|119377.69241774|0
"484391043011"|0|0|1|0|0|0|0|1|1|1|0|0|1|0|0|NA|NA|18000|18000|NA|19|6|28|2571658|91844.9285714286|0
"484391048021"|0|1|1|0|0|0|0|1|1|1|0|0|0|1|0|8760|8760|5490|5490|10000|147|61|82|6630470|80859.3902439024|0
"484391050094"|0|1|0|0|0|0|0|1|1|1|1|0|1|0|0|NA|NA|NA|NA|NA|19|2|64|3734916|58358.0625|0
"484391055193"|0|1|0|0|0|0|0|1|1|0|0|1|1|0|0|NA|NA|NA|NA|NA|0|0|0|0|NA|0
"484391065151"|0|1|0|0|0|0|0|1|1|1|0|0|1|0|0|19258|19258|NA|NA|NA|17|3|20|1040272|52013.6|0
"484391067001"|0|1|0|0|0|0|0|1|1|0|0|1|1|0|0|NA|NA|NA|NA|NA|0|0|0|0|NA|0
"484391101032"|0|1|0|0|0|0|0|1|1|0|0|1|1|0|0|NA|NA|NA|NA|NA|0|0|0|0|NA|0
"484391115161"|0|1|0|0|0|0|0|1|1|0|0|1|1|0|0|NA|NA|NA|NA|NA|0|0|0|0|NA|0
"484391115253"|0|1|0|0|0|0|0|1|1|0|0|1|1|0|0|NA|NA|NA|NA|NA|0|0|0|0|NA|0
"484391115361"|0|1|0|0|0|0|0|1|1|1|1|0|0|1|0|NA|NA|NA|NA|NA|59|15|124|6895360|55607.7419354839|0
"484391115381"|0|1|0|0|0|0|0|1|1|1|1|0|1|0|0|NA|NA|NA|NA|NA|58|24|54|3883572|71918|0
"484391130031"|0|1|0|0|0|0|0|1|1|0|0|1|1|0|0|NA|NA|NA|NA|NA|0|0|0|0|NA|0
"484391130072"|0|1|0|0|0|0|0|1|1|0|0|1|1|0|0|NA|NA|NA|NA|NA|0|0|0|0|NA|0
"484391134103"|0|1|0|0|0|0|0|1|1|0|0|1|1|0|0|NA|NA|NA|NA|NA|0|0|0|0|NA|0
"484391136121"|0|1|0|0|0|0|0|1|1|0|0|1|1|0|0|NA|NA|NA|NA|NA|0|0|0|0|NA|0
"484391136131"|0|1|0|0|0|0|0|1|1|1|0|0|1|0|0|9480|9480|NA|NA|7832|5|0|4|120000|30000|0
"484391139572"|0|1|1|0|0|0|0|1|1|1|0|0|1|0|0|11640|11640|9450|9450|NA|60|15|30|2774402|92480.0666666667|0
"484391216123"|0|1|1|0|0|0|0|1|1|1|0|0|1|0|0|14363|14363|4500|4500|8310|16|9|12|552824|46068.6666666667|0
"484391217025"|0|1|0|0|0|0|0|1|1|0|0|1|1|0|0|NA|NA|NA|NA|NA|0|0|0|0|NA|0
"484391217041"|0|1|0|0|0|0|0|1|1|0|0|1|1|0|0|NA|NA|NA|NA|NA|0|0|0|0|NA|0
"484391219042"|0|1|0|0|0|0|0|1|1|0|0|1|1|0|0|NA|NA|NA|NA|NA|0|0|0|0|NA|0
"484391223002"|0|1|1|0|0|0|0|1|1|1|0|0|0|0|1|9206|26778|9015|22167|11392|2634|421|2134|197115086|92368.8313027179|0
"484391226002"|0|1|0|0|0|0|0|1|1|0|0|1|1|0|0|NA|NA|NA|NA|NA|0|0|0|0|NA|0
"484391232002"|0|1|0|0|0|0|0|1|1|1|1|0|0|0|1|3402|8235|NA|NA|NA|1442|531|1302|96200296|73886.5560675883|0
"484410101002"|0|1|1|0|0|0|0|1|1|1|0|0|0|1|0|40300|40300|24174|24174|11500|605|290|572|45306092|79206.4545454545|0
"484410102002"|0|1|1|0|0|0|0|1|1|1|0|0|0|1|0|30694|30694|14310|14310|9980|190|81|176|13653968|77579.3636363636|0
"484410117001"|0|1|0|0|0|0|0|1|1|0|0|1|1|0|0|NA|NA|NA|NA|NA|0|0|0|0|NA|0
"484410123002"|0|1|1|0|0|0|0|1|1|1|0|0|0|1|0|29972|29972|17334|17334|9250|154|74|150|9517694|63451.2933333333|0
"484410124002"|0|1|0|0|0|0|0|1|1|0|0|1|1|0|0|NA|NA|NA|NA|NA|0|0|0|0|NA|0
"484499504004"|0|1|0|0|0|0|0|1|1|1|1|0|0|1|0|3240|4680|NA|NA|7340|139|64|134|8572898|63976.8507462687|0
"484510013016"|0|1|1|0|0|0|0|1|1|1|0|0|0|0|1|4495|14287|4181|11525|10520|507|190|600|42394954|70658.2566666667|0
"484510013043"|0|1|0|0|0|0|0|1|1|0|0|1|1|0|0|NA|NA|NA|NA|NA|0|0|0|0|NA|0
"484530005004"|0|0|1|0|0|0|0|1|1|1|0|0|1|0|0|NA|NA|16930|16930|NA|33|12|32|3051200|95350|0
"484530006011"|0|0|1|0|0|0|0|1|1|1|0|0|1|0|0|NA|NA|15000|15000|NA|42|18|44|4294498|97602.2272727273|0
"484530006012"|0|1|1|0|1|1|0|1|1|1|0|0|0|0|1|11698|41070|12036|22952|13058|10454|2065|5536|740751086|133806.193280347|0
"484530009012"|0|1|1|1|0|0|0|1|1|1|0|0|0|1|0|12569|12569|25200|25200|8449|89|31|86|4672352|54329.6744186046|0
"484530011012"|0|1|1|0|0|0|0|1|1|0|0|0|0|0|0|NA|NA|NA|NA|NA|444|125|0|0|NA|0
"484530015033"|0|1|0|0|0|0|0|1|1|1|1|0|1|0|0|NA|NA|NA|NA|NA|31|1|40|2344592|58614.8|0
"484530015034"|0|1|0|0|0|0|0|1|1|1|0|0|0|0|1|2010|10050|NA|NA|NA|1761|453|1232|110273458|89507.6769480519|0
"484530020021"|0|1|0|0|0|0|0|1|1|1|1|0|0|1|0|NA|NA|NA|NA|NA|263|43|182|8989040|49390.3296703297|0
"484530020042"|0|1|0|0|0|0|0|1|1|0|0|1|1|0|0|NA|NA|NA|NA|NA|0|0|0|0|NA|0
"484530020072"|0|1|1|0|0|0|0|1|1|1|0|0|1|0|0|19114|19114|17373|17373|NA|12|9|12|712258|59354.8333333333|0
"484530021111"|0|0|0|0|0|0|0|1|0|0|0|0|0|0|0|NA|NA|NA|NA|NA|0|0|0|0|NA|0
"484530023222"|0|1|0|0|0|0|0|1|1|0|0|1|1|0|0|NA|NA|NA|NA|NA|0|0|0|0|NA|0
"484530023233"|0|1|1|0|0|0|0|1|1|1|0|0|0|1|0|49886|49886|28980|28980|13876|356|88|316|26341788|83360.0886075949|0
"484530025002"|0|1|0|0|0|0|0|1|1|0|0|1|1|0|0|NA|NA|NA|NA|NA|0|0|0|0|NA|0
"484530303001"|0|0|1|0|0|0|0|1|1|1|0|0|1|0|0|NA|NA|17966|17966|NA|21|2|18|1283590|71310.5555555556|0
"484530324001"|0|1|0|0|0|0|0|1|1|0|0|1|1|0|0|NA|NA|NA|NA|NA|0|0|0|0|NA|0
"484530329001"|0|1|0|0|0|0|0|1|1|1|1|0|1|0|0|NA|NA|NA|NA|NA|3|1|0|0|NA|0
"484530346001"|0|1|1|0|0|0|0|1|1|1|0|0|0|1|0|34700|34700|12308|12308|13690|125|68|106|7505112|70802.9433962264|0
"484530400002"|0|1|1|0|0|0|0|1|0|0|0|0|0|0|0|NA|NA|NA|NA|NA|0|0|0|0|NA|0
"484530404001"|0|2|0|0|0|0|0|2|2|0|0|2|2|0|0|NA|NA|NA|NA|NA|0|0|0|0|NA|0
"484530405001"|0|1|0|0|0|0|0|1|1|0|0|1|1|0|0|NA|NA|NA|NA|NA|0|0|0|0|NA|0
"484530434002"|0|2|0|0|0|0|0|2|2|1|1|1|2|0|0|NA|NA|NA|NA|NA|19|1|52|3436992|NA|0
"484530439003"|0|1|0|0|0|0|0|1|1|1|1|0|1|0|0|NA|NA|NA|NA|NA|12|1|40|2817492|70437.3|0
"484639502024"|0|1|0|0|0|0|0|1|1|1|1|0|0|1|0|3024|4848|NA|NA|6000|230|79|246|12816516|52099.6585365854|0
"484690002012"|0|1|0|0|0|0|0|1|1|0|0|1|1|0|0|NA|NA|NA|NA|NA|0|0|0|0|NA|0
"484690006022"|0|2|1|0|0|0|0|2|2|2|1|0|0|2|0|7775|18623|NA|NA|NA|470|156|416|31211178|146816.666282642|0
"484690006024"|0|1|0|0|0|0|0|1|1|0|0|1|1|0|0|NA|NA|NA|NA|NA|0|0|0|0|NA|0
"484717907002"|0|1|1|0|1|1|0|1|1|1|0|0|0|0|1|5856|15648|5765|13109|10908|1374|492|1584|114646278|72377.7007575758|0
"484717908005"|0|1|0|0|0|0|0|1|1|0|0|1|1|0|0|NA|NA|NA|NA|NA|0|0|0|0|NA|0
"484739800001"|0|1|1|1|0|0|0|1|1|1|0|0|0|1|0|7387|22590|5191|14353|9605|714|247|870|70451852|80979.1402298851|0
"484771701001"|0|1|0|0|0|0|0|1|1|0|0|1|1|0|0|NA|NA|NA|NA|NA|0|0|0|0|NA|0
"484771703003"|0|1|0|0|0|0|0|1|1|0|0|1|1|0|0|NA|NA|NA|NA|NA|0|0|0|0|NA|0
"484771704002"|0|1|0|0|0|0|0|1|1|1|1|0|0|0|1|3600|8310|NA|NA|8146|410|58|674|41824732|62054.4985163205|0
"484790009011"|0|1|0|0|0|0|0|1|1|0|0|1|1|0|0|NA|NA|NA|NA|NA|0|0|0|0|NA|0
"484790016022"|0|1|0|0|0|0|0|1|1|0|0|1|1|0|0|NA|NA|NA|NA|NA|0|0|0|0|NA|0
"484790017143"|0|1|1|0|0|0|0|1|1|1|0|0|0|1|0|3818|13634|3350|10712|9210|464|198|486|38944328|80132.3621399177|0
"484790017192"|0|2|0|0|0|0|0|2|2|0|0|2|2|0|0|NA|NA|NA|NA|NA|0|0|0|0|NA|0
"484790019002"|0|1|0|0|0|0|0|1|1|1|0|0|0|1|0|2400|3648|NA|NA|NA|399|149|330|22857838|69266.1757575758|0
"484817405002"|0|1|0|0|0|0|0|1|1|1|1|0|0|1|0|768|2016|NA|NA|5400|172|41|322|19351862|60098.950310559|0
"484850120022"|0|1|1|0|0|0|0|1|1|1|0|0|0|1|0|5877|7827|4246|5416|10046|397|167|468|35007804|74803|0
"484879505001"|0|1|0|0|0|0|0|1|1|1|1|0|0|1|0|2400|3840|NA|NA|5654|133|54|156|8821926|56550.8076923077|0
"484910204051"|0|1|0|0|0|0|0|1|1|1|0|0|1|0|0|NA|NA|NA|NA|NA|0|0|0|0|NA|0
"484910205121"|0|2|1|0|0|0|0|2|2|2|0|0|2|0|0|32600|32600|NA|NA|NA|50|16|62|5047286|165529.227272727|0
"484910214021"|0|1|0|0|0|0|0|1|1|0|0|1|1|0|0|NA|NA|NA|NA|NA|0|0|0|0|NA|0
"484910214051"|0|1|0|0|0|0|0|1|1|1|0|0|0|1|0|48450|48450|NA|NA|12300|288|103|246|18907586|76860.1056910569|0
"484910215031"|0|1|0|0|0|0|0|1|1|0|0|1|1|0|0|NA|NA|NA|NA|NA|0|0|0|0|NA|0
"484999506011"|0|1|0|1|0|0|0|1|1|1|0|0|1|0|0|10400|10400|NA|NA|9880|107|24|68|4841096|71192.5882352941|0
"490050005022"|0|1|0|0|0|0|0|1|1|0|0|1|0|1|0|NA|NA|NA|NA|NA|0|0|0|0|NA|0
"490050006022"|0|1|0|0|0|0|0|1|1|0|0|1|1|0|0|NA|NA|NA|NA|NA|0|0|0|0|NA|0
"490050007021"|0|1|1|0|0|1|0|1|1|1|0|0|0|0|1|7387|23305|6763|23176|8232|2544|999|2108|203768024|96664.1480075901|0
"490111257012"|0|1|0|0|0|0|0|1|1|0|0|1|1|0|0|NA|NA|NA|NA|NA|0|0|0|0|NA|0
"490111260012"|0|1|0|0|0|0|0|1|1|1|0|0|1|0|0|17112|17112|NA|NA|NA|6|2|10|840244|84024.4|0
"490111271004"|0|1|0|0|0|0|0|1|1|0|0|1|0|1|0|NA|NA|NA|NA|NA|0|0|0|0|NA|0
"490211104001"|0|1|1|0|0|0|0|1|1|1|0|0|0|0|1|6006|19822|7574|23784|8416|598|72|754|53950558|71552.4641909814|0
"490211104004"|0|1|0|0|0|0|0|1|1|0|0|1|1|0|0|NA|NA|NA|NA|NA|0|0|0|0|NA|0
"490211106011"|0|1|0|0|0|0|0|1|1|0|0|1|1|0|0|NA|NA|NA|NA|NA|0|0|0|0|NA|0
"490351014022"|0|1|1|0|1|1|0|1|1|1|0|0|0|0|1|8175|28697|7353|25961|11437|6635|1471|3486|444050374|127381.05966724|0
"490351019003"|0|1|0|0|0|0|0|1|1|0|0|1|1|0|0|NA|NA|NA|NA|NA|0|0|0|0|NA|0
"490351025012"|0|1|0|0|0|0|0|1|1|1|0|0|0|1|0|3766|3766|NA|NA|NA|63|1|34|3282000|96529.4117647059|0
"490351033001"|0|1|1|0|0|0|0|1|1|1|0|0|0|1|0|39312|39312|16275|16275|11024|179|39|222|17702736|79742.0540540541|0
"490351048003"|0|1|1|0|0|0|0|1|1|1|0|0|1|0|0|7460|7460|7460|7460|NA|8|2|0|0|NA|0
"490351108003"|0|1|0|0|0|0|0|1|1|0|0|1|1|0|0|NA|NA|NA|NA|NA|0|0|0|0|NA|0
"490351114006"|0|1|0|0|0|0|0|1|1|0|0|1|1|0|0|NA|NA|NA|NA|NA|0|0|0|0|NA|0
"490351119031"|0|2|1|0|0|0|0|2|2|2|1|0|1|0|1|23456|23456|NA|NA|NA|3525|930|5976|427482566|145230.136468441|0
"490351119052"|0|1|0|0|0|0|0|1|1|0|0|1|1|0|0|NA|NA|NA|NA|NA|0|0|0|0|NA|0
"490351121023"|0|1|0|0|0|0|0|1|1|1|0|0|1|0|0|20666|20666|NA|NA|NA|14|4|14|1289000|92071.4285714286|0
"490351122011"|0|1|1|0|0|0|0|1|1|1|0|0|1|0|0|17112|17112|17112|17112|NA|13|4|18|1574344|87463.5555555556|0
"490351123013"|0|1|0|0|0|0|0|1|1|0|0|1|1|0|0|NA|NA|NA|NA|NA|0|0|0|0|NA|0
"490351124044"|0|1|0|0|0|0|0|1|1|0|0|1|1|0|0|NA|NA|NA|NA|NA|0|0|0|0|NA|0
"490351126133"|0|2|0|0|0|0|0|2|2|0|0|2|2|0|0|NA|NA|NA|NA|NA|0|0|0|0|NA|0
"490351128252"|0|1|1|0|0|0|0|1|1|1|0|0|0|1|0|21123|21123|15963|15963|NA|124|20|196|16234560|82829.387755102|0
"490351129073"|0|1|0|0|0|0|0|1|1|1|0|0|1|0|0|14220|14220|NA|NA|NA|0|0|0|0|NA|0
"490351129181"|0|1|0|0|0|0|0|1|1|0|0|1|1|0|0|NA|NA|NA|NA|NA|0|0|0|0|NA|0
"490351130124"|0|1|0|0|0|0|0|1|1|0|0|1|1|0|0|NA|NA|NA|NA|NA|0|0|0|0|NA|0
"490351135094"|0|1|0|0|0|0|0|1|1|0|0|1|1|0|0|NA|NA|NA|NA|NA|0|0|0|0|NA|0
"490351135103"|0|1|0|0|0|0|0|1|1|1|1|0|0|0|1|3778|13222|NA|NA|NA|979|481|668|45956324|68796.8922155689|0
"490351135132"|0|1|0|0|0|0|0|1|1|0|0|1|1|0|0|NA|NA|NA|NA|NA|0|0|0|0|NA|0
"490351140001"|0|2|1|0|0|0|0|2|2|2|0|0|1|1|0|NA|NA|NA|NA|NA|365|50|372|30212810|204785.686781609|0
"490399724022"|0|1|0|0|0|0|0|1|1|1|0|0|0|1|0|3796|13746|NA|NA|5050|215|45|300|20075914|66919.7133333333|0
"490451311012"|0|1|0|0|0|0|0|1|1|0|0|1|1|0|0|NA|NA|NA|NA|NA|0|0|0|0|NA|0
"490479402015"|0|1|0|0|0|0|0|1|1|0|0|1|0|1|0|NA|NA|NA|NA|NA|0|0|0|0|NA|0
"490490004002"|0|1|0|0|0|0|0|1|1|0|0|1|1|0|0|NA|NA|NA|NA|NA|0|0|0|0|NA|0
"490490011033"|0|1|1|0|0|0|0|1|1|1|0|0|0|0|1|5614|17174|9152|22382|NA|1483|271|1586|131386222|82841.2496847415|0
"490490014033"|0|1|0|0|0|0|0|1|1|0|0|1|1|0|0|NA|NA|NA|NA|NA|0|0|0|0|NA|0
"490490014042"|0|1|0|0|0|0|0|1|1|0|0|1|1|0|0|NA|NA|NA|NA|NA|0|0|0|0|NA|0
"490490016022"|0|1|1|0|0|0|0|1|1|1|0|0|0|0|1|6304|6304|7932|7932|8560|3071|854|2578|360251286|139740.607447634|0
"490490017023"|0|1|0|0|0|0|0|1|1|0|0|1|1|0|0|NA|NA|NA|NA|NA|0|0|0|0|NA|0
"490490021011"|0|1|0|0|0|0|0|1|1|1|0|0|1|0|0|17112|17112|NA|NA|NA|19|5|32|2532354|79136.0625|0
"490490022121"|0|1|0|0|0|0|0|1|1|1|0|0|1|0|0|NA|NA|NA|NA|NA|7|3|8|937830|117228.75|0
"490490024001"|0|2|0|0|0|0|0|2|2|0|0|2|2|0|0|NA|NA|NA|NA|NA|0|0|0|0|NA|0
"490490034051"|0|1|0|0|0|0|0|1|1|0|0|1|1|0|0|NA|NA|NA|NA|NA|0|0|0|0|NA|0
"490490101283"|0|1|0|0|0|0|0|1|1|0|0|1|0|1|0|NA|NA|NA|NA|NA|0|0|0|0|NA|0
"490499803001"|0|0|1|0|0|0|0|1|1|1|0|0|0|1|0|NA|NA|17994|17994|NA|119|19|144|15619424|108468.222222222|0
"490519602021"|0|1|0|0|0|0|0|1|1|0|0|1|1|0|0|NA|NA|NA|NA|NA|0|0|0|0|NA|0
"490532703014"|0|1|0|0|0|0|0|1|1|0|0|1|1|0|0|NA|NA|NA|NA|NA|0|0|0|0|NA|0
"490532706013"|0|1|0|0|0|0|0|1|1|0|0|1|1|0|0|NA|NA|NA|NA|NA|0|0|0|0|NA|0
"490532711012"|0|1|0|0|0|0|0|1|1|0|0|1|1|0|0|NA|NA|NA|NA|NA|0|0|0|0|NA|0
"490532713002"|0|1|1|0|0|0|0|1|1|1|0|0|0|0|1|5266|16834|7020|15840|7384|461|179|508|36286558|71430.2322834646|0
"490532715013"|0|1|0|0|0|0|0|1|1|0|0|1|0|1|0|NA|NA|NA|NA|NA|0|0|0|0|NA|0
"490532715021"|0|1|0|0|0|0|0|1|1|0|0|1|1|0|0|NA|NA|NA|NA|NA|0|0|0|0|NA|0
"490572002021"|0|1|0|0|0|0|0|1|1|0|0|1|0|1|0|NA|NA|NA|NA|NA|0|0|0|0|NA|0
"490572011002"|0|1|0|0|0|0|0|1|1|0|0|1|1|0|0|NA|NA|NA|NA|NA|0|0|0|0|NA|0
"490572020002"|0|1|0|0|0|0|0|1|1|0|0|1|1|0|0|NA|NA|NA|NA|NA|0|0|0|0|NA|0
"500019608004"|0|1|1|0|0|0|0|1|1|1|0|0|0|1|0|62000|62000|14550|14550|17800|795|194|654|77837716|119017.914373089|0
"500039710002"|0|1|1|0|0|0|0|1|1|1|0|0|1|0|0|60648|60648|24617|24617|17720|189|68|120|10604184|88368.2|0
"500070022011"|0|1|1|0|0|0|0|1|1|1|0|0|0|1|0|47640|47640|11700|11700|14995|180|54|216|16497458|76377.1203703704|0
"500070031014"|0|1|0|0|0|0|0|1|1|0|0|1|1|0|0|NA|NA|NA|NA|NA|0|0|0|0|NA|0
"500070039001"|0|1|1|0|0|0|0|1|1|1|0|0|0|1|0|43800|43800|14310|14310|16330|269|66|214|19108418|89291.6728971963|0
"500070039003"|0|1|1|0|0|1|0|1|1|1|0|0|0|0|1|16280|41280|12204|30960|13354|1999|474|1250|116589862|93271.8896|0
"500070040024"|0|1|0|0|0|0|0|1|1|0|0|1|1|0|0|NA|NA|NA|NA|NA|0|0|0|0|NA|0
"500159532001"|0|1|1|0|0|0|0|1|1|1|0|0|0|1|0|11592|25680|11322|16488|12404|166|63|114|7496040|65754.7368421053|0
"500179594002"|0|1|1|0|0|0|0|1|1|1|0|0|0|1|0|14172|28128|13410|25650|12404|126|39|162|11084018|68419.8641975309|0
"500199517004"|0|1|0|0|0|0|0|1|1|1|0|0|1|0|0|39000|39000|NA|NA|10400|31|3|28|1478828|52815.2857142857|0
"500219636002"|0|1|1|0|0|0|0|1|1|1|0|0|0|1|0|11832|28800|11916|11916|12404|140|54|158|10448544|66130.0253164557|0
"500239540003"|0|1|1|0|0|0|0|1|1|1|0|0|1|0|0|18212|18212|22246|22246|2100|44|2|18|1117998|62111|0
"500239546001"|0|1|0|0|0|0|0|1|1|1|1|0|0|1|0|6720|13440|NA|NA|NA|155|47|0|0|NA|0
"500239548002"|0|1|2|0|0|0|0|2|2|1|0|0|1|0|0|NA|NA|NA|NA|NA|98|21|0|0|NA|0
"500239555023"|0|1|1|0|0|0|0|1|1|1|0|0|0|1|0|42860|42860|20280|20280|15800|428|148|306|22092350|72197.2222222222|0
"500259677001"|0|1|1|0|0|0|0|1|1|1|0|0|1|0|0|62720|62720|NA|NA|13960|149|36|96|5986300|62357.2916666667|0
"500259686002"|0|0|1|0|0|0|0|1|1|1|0|0|1|0|0|18796|18796|45445|45445|NA|136|17|10|797564|79756.4|0
"500279651002"|0|0|1|0|0|0|0|1|1|1|0|0|1|0|0|NA|NA|42000|42000|NA|96|19|90|8808494|97872.1555555556|0
"510010907002"|0|1|0|0|0|0|0|1|1|1|1|0|1|0|0|4620|9918|NA|NA|NA|34|3|30|2022308|67410.2666666667|0
"510030109041"|0|1|1|0|1|1|0|1|1|1|0|0|0|0|1|18059|53325|18382|30790|12890|5689|936|3144|488772904|155462.119592875|0
"510030113031"|0|1|0|0|0|0|0|1|1|1|1|0|0|1|0|4650|9948|NA|NA|NA|113|25|152|10978266|72225.4342105263|0
"510050802012"|0|1|0|0|0|0|0|1|1|1|1|0|1|0|0|4620|9918|NA|NA|NA|45|9|40|2420928|60523.2|0
"510090102013"|0|1|1|0|0|0|0|1|1|1|0|0|1|0|0|22620|22620|11400|11400|14250|144|27|96|6279498|65411.4375|0
"510131003005"|0|1|1|0|0|0|0|1|1|1|0|0|0|1|0|35950|35950|21420|21420|15697|300|61|310|24458504|78898.4|0
"510131014082"|0|1|0|0|0|0|0|1|1|0|0|1|1|0|0|NA|NA|NA|NA|NA|0|0|0|0|NA|0
"510131016033"|0|1|1|0|0|0|0|1|1|1|0|0|0|1|0|9360|9360|7020|7020|NA|9|2|48|879346|18319.7083333333|0
"510131018051"|0|1|1|0|0|0|0|1|1|1|0|0|0|1|0|13320|13320|14940|14940|NA|0|0|0|0|NA|0
"510131034051"|0|1|1|0|0|0|0|1|1|1|0|0|1|0|0|14392|14392|17072|17072|NA|15|0|6|643370|107228.333333333|0
"510150703001"|0|1|0|0|0|0|0|1|1|1|1|0|0|1|0|4620|9918|NA|NA|NA|129|26|134|9252928|69051.7014925373|0
"510259301002"|0|1|0|0|0|0|0|1|1|1|1|0|0|1|0|4620|9918|NA|NA|NA|101|18|94|6555556|69739.9574468085|0
"510270101004"|0|0|1|0|0|0|0|1|1|1|0|0|1|0|0|NA|NA|NA|NA|NA|21|9|28|2960000|105714.285714286|0
"510270106002"|0|0|1|0|0|0|0|1|1|1|0|0|1|0|0|NA|NA|NA|NA|NA|27|4|46|4937898|107345.608695652|0
"510411001071"|0|1|0|0|0|0|0|1|1|1|1|0|1|0|0|36480|36480|NA|NA|NA|14|5|8|671998|83999.75|0
"510411001072"|0|1|0|0|0|0|0|1|1|0|0|1|1|0|0|16500|16500|NA|NA|NA|0|0|0|0|NA|0
"510411005053"|0|1|0|0|0|0|0|1|1|1|1|0|0|1|0|4650|9948|NA|NA|NA|157|36|232|16372742|70572.1637931034|0
"510411005094"|0|1|0|0|0|0|0|1|1|1|1|0|1|0|0|NA|NA|NA|NA|NA|12|3|2|120640|60320|0
"510411006002"|0|1|1|1|0|0|0|1|1|1|0|0|0|1|0|5540|16542|8375|18627|11544|454|127|558|46558446|83438.0752688172|0
"510411009343"|0|1|0|0|0|0|0|1|1|0|0|1|1|0|0|NA|NA|NA|NA|NA|0|0|0|0|NA|0
"510479304002"|0|1|0|0|0|0|0|1|1|0|0|1|1|0|0|NA|NA|NA|NA|NA|0|0|0|0|NA|0
"510538405001"|0|1|0|0|0|0|0|1|1|1|1|0|0|1|0|6030|11820|NA|NA|12103|86|23|64|4165412|65084.5625|0
"510594405031"|0|1|1|0|0|0|0|1|1|1|0|0|0|0|1|9795|33960|13426|35377|13120|3386|824|2936|355107752|120949.506811989|0
"510594408003"|0|1|0|0|0|0|0|1|1|1|1|0|0|0|1|5412|10790|NA|NA|NA|959|263|1164|97028226|83357.5824742268|0
"510594503004"|0|1|0|0|0|0|0|1|1|0|0|1|1|0|0|NA|NA|NA|NA|NA|0|0|0|0|NA|0
"510594506011"|0|1|0|0|0|0|0|1|1|1|0|0|1|0|0|21546|21546|NA|NA|NA|11|1|2|210000|105000|0
"510594526002"|0|1|0|0|0|0|0|1|1|0|0|1|1|0|0|NA|NA|NA|NA|NA|0|0|0|0|NA|0
"510594604003"|0|2|0|0|0|0|0|2|2|1|1|1|2|0|0|NA|NA|NA|NA|NA|36|20|2|108660|NA|0
"510594605011"|0|2|1|0|0|0|0|2|2|1|0|1|2|0|0|NA|NA|NA|NA|NA|12|6|4|4e+05|NA|0
"510594605031"|0|1|0|0|0|0|0|1|1|1|0|0|1|0|0|19572|19572|NA|NA|NA|0|0|0|0|NA|0
"510594605042"|0|0|1|0|1|0|0|1|1|1|0|0|1|0|0|NA|NA|9040|9040|NA|17|8|10|456380|45638|0
"510594711001"|0|1|0|0|0|0|0|1|1|1|1|0|1|0|0|NA|NA|NA|NA|NA|12|2|18|2214000|123000|0
"510594713011"|0|1|1|0|0|0|0|1|1|1|0|0|1|0|0|8640|8640|5400|5400|NA|0|0|0|0|NA|0
"510594802051"|0|1|0|0|0|0|0|1|1|0|0|1|1|0|0|NA|NA|NA|NA|NA|0|0|0|0|NA|0
"510594804012"|0|2|0|0|0|0|0|2|2|0|0|1|1|0|0|NA|NA|NA|NA|NA|0|0|0|0|NA|0
"510594822052"|0|1|0|0|0|0|0|1|1|0|0|1|1|0|0|NA|NA|NA|NA|NA|0|0|0|0|NA|0
"510594905023"|0|1|1|0|0|0|0|1|1|1|0|0|1|0|0|10128|10128|13068|13068|NA|17|3|6|687600|114600|0
"510670206001"|0|1|1|0|0|0|0|1|1|1|0|0|1|0|0|37400|37400|8850|8850|13230|160|53|124|5793866|46724.7258064516|0
"510690507002"|0|1|0|0|0|0|0|1|1|1|1|0|0|1|0|4620|9918|NA|NA|NA|147|20|140|9260934|66149.5285714286|0
"510731001012"|0|1|0|0|0|0|0|1|1|1|1|0|0|1|0|4620|9918|NA|NA|NA|92|17|60|4017790|66963.1666666667|0
"510853206012"|0|1|1|0|0|0|0|1|1|1|0|0|0|1|0|44930|44930|43800|43800|13510|271|91|250|19623082|78492.328|0
"510853206022"|0|1|0|0|0|0|0|1|1|0|0|1|1|0|0|NA|NA|NA|NA|NA|0|0|0|0|NA|0
"510872001261"|0|1|0|0|0|0|0|1|1|0|0|1|1|0|0|NA|NA|NA|NA|NA|0|0|0|0|NA|0
"510872001343"|0|1|1|0|0|0|0|1|1|1|0|0|1|0|0|NA|NA|NA|NA|NA|7|1|0|0|NA|0
"510872001442"|0|1|1|0|0|0|0|1|1|1|0|0|1|0|0|15300|15300|15600|15600|NA|29|3|28|2302000|82214.2857142857|0
"510872004091"|0|1|0|0|0|0|0|1|1|0|0|1|1|0|0|NA|NA|NA|NA|NA|0|0|0|0|NA|0
"510872005022"|0|1|0|0|0|0|0|1|1|1|1|0|1|0|0|14070|14070|NA|NA|NA|16|5|26|1624756|62490.6153846154|0
"510872008013"|0|1|0|0|0|0|0|1|1|1|1|0|0|1|0|4743|10041|NA|NA|NA|228|47|212|15121032|71325.6226415094|0
"510872009043"|0|2|0|0|0|0|0|2|2|2|1|0|2|0|0|18178|18178|NA|NA|NA|59|12|84|6904390|147628.282051282|0
"510890103001"|0|1|0|0|0|0|0|1|1|1|1|0|0|1|0|4620|9918|NA|NA|NA|124|21|92|6196768|67356.1739130435|0
"511076107023"|0|1|0|0|0|0|0|1|1|1|0|0|1|0|0|28400|28400|NA|NA|11020|46|12|36|3001498|83374.9444444444|0
"511076110203"|0|0|1|0|0|0|0|1|1|1|0|0|1|0|0|NA|NA|24405|24405|NA|39|13|58|5537570|95475.3448275862|0
"511210201001"|0|1|1|0|0|1|0|1|1|1|0|0|0|0|1|12104|31754|14521|29267|12680|6735|1314|4246|513621554|120965.980687706|0
"511210207012"|0|0|1|0|0|1|0|1|1|1|0|0|0|1|0|NA|NA|NA|NA|NA|0|0|0|0|NA|0
"511371101081"|0|1|0|0|0|0|0|1|1|1|1|0|0|1|0|4650|9948|NA|NA|NA|189|35|216|15293772|70804.5|0
"511479302042"|0|1|1|0|0|0|0|1|1|1|0|0|0|1|0|8420|20600|6678|17910|14318|443|128|494|37867986|76655.8421052632|0
"511479303022"|0|1|0|0|0|0|0|1|1|1|0|0|1|0|0|48188|48188|NA|NA|14634|213|57|198|15560758|78589.6868686869|0
"511539004036"|0|1|0|0|0|0|0|1|1|0|0|1|1|0|0|NA|NA|NA|NA|NA|0|0|0|0|NA|0
"511539016025"|0|1|0|0|0|0|0|1|1|0|0|1|1|0|0|16520|16520|NA|NA|NA|0|0|0|0|NA|0
"511552102021"|0|1|0|0|0|0|0|1|1|1|1|0|0|1|0|4620|9918|NA|NA|NA|75|19|94|6923830|73657.7659574468|0
"511610302031"|0|1|1|0|0|0|0|1|1|1|0|0|1|0|0|40350|40350|17423|17423|14960|173|48|168|10928360|65049.7619047619|0
"511650115002"|0|1|1|0|0|0|0|1|1|1|0|0|0|1|0|38800|38800|19230|19230|13830|183|71|188|12478090|66372.8191489362|0
"511770202041"|0|1|0|0|0|0|0|1|1|1|1|0|1|0|0|NA|NA|NA|NA|NA|12|1|20|2247434|112371.7|0
"511850202003"|0|1|1|0|0|0|0|1|1|1|0|0|1|0|0|27600|27600|8910|8910|9684|86|30|78|4487778|57535.6153846154|0
"511850206003"|0|1|0|0|0|0|0|1|1|1|1|0|0|1|0|4620|9918|NA|NA|NA|105|33|108|6596104|61075.037037037|0
"511910105023"|0|1|0|0|0|0|0|1|1|1|1|0|0|1|0|4620|9918|NA|NA|NA|64|12|76|4923862|64787.6578947368|0
"511910106021"|0|1|1|0|0|0|0|1|1|1|0|0|0|1|0|34500|34500|15504|15504|13800|178|77|196|15092810|77004.1326530612|0
"511959312002"|0|1|0|0|0|0|0|1|1|1|1|0|0|1|0|4620|9918|NA|NA|NA|91|20|88|5549322|63060.4772727273|0
"511959314002"|0|1|0|0|0|0|0|1|1|1|0|0|0|1|0|6040|25419|NA|NA|11919|228|81|204|15323240|75113.9215686275|0
"511970502013"|0|1|0|0|0|0|0|1|1|1|1|0|0|1|0|4620|9918|NA|NA|NA|62|9|66|4258328|64520.1212121212|0
"515102007011"|0|1|1|0|0|0|0|1|0|0|0|0|0|1|0|NA|NA|NA|NA|NA|0|0|0|0|NA|0
"515200202022"|0|1|0|0|0|0|0|1|1|0|0|1|1|0|0|NA|NA|NA|NA|NA|0|0|0|0|NA|0
"515309306022"|0|1|0|0|0|0|0|1|1|1|0|0|0|1|0|18858|18858|NA|NA|9150|118|56|108|6818406|63133.3888888889|0
"515500208053"|0|1|1|0|0|0|0|2|1|1|0|0|1|0|0|NA|NA|NA|NA|NA|42|8|72|6197336|NA|0
"515500208054"|0|1|0|0|0|0|0|1|1|1|0|0|1|0|0|16500|16500|NA|NA|NA|21|12|14|663354|47382.4285714286|0
"515708302003"|0|1|0|0|0|0|0|1|1|1|1|0|1|0|0|5970|5970|NA|NA|NA|19|2|18|1467648|81536|0
"515900007001"|0|1|1|0|0|0|0|1|1|1|0|0|0|1|0|37640|37640|11790|11790|11360|174|85|110|6480632|58914.8363636364|0
"515900007003"|0|1|0|0|0|0|0|1|1|1|1|0|1|0|0|22899|22899|NA|NA|NA|2|0|8|391662|48957.75|0
"515900010003"|0|1|0|0|0|0|0|1|1|1|1|0|0|1|0|4620|9918|NA|NA|NA|67|18|110|7267794|66070.8545454545|0
"516200901001"|0|1|0|0|0|0|0|1|1|1|1|0|0|1|0|4620|9918|NA|NA|NA|44|8|34|2236078|65767|0
"516300003011"|0|1|1|0|0|0|0|1|1|1|0|0|0|1|0|8938|25858|8928|18954|12090|409|123|472|38683020|81955.5508474576|0
"516500103041"|0|1|0|0|0|0|0|2|1|1|1|0|0|1|0|NA|NA|NA|NA|NA|137|29|162|12370004|NA|0
"516500103121"|0|1|0|0|0|0|0|1|1|1|0|0|1|0|0|7200|7200|NA|NA|NA|3|0|2|80000|40000|0
"516500104004"|0|1|0|0|0|0|0|1|1|0|0|1|1|0|0|NA|NA|NA|NA|NA|0|0|0|0|NA|0
"516500114001"|0|1|1|1|0|0|0|1|1|1|0|0|0|1|0|26198|26198|13099|13099|12986|476|76|434|30848244|71078.9032258065|0
"516600002061"|0|1|1|0|0|0|0|1|1|1|0|0|0|0|1|7684|24744|11520|28320|12040|2040|604|2096|195622718|93331.4494274809|0
"516600004011"|0|1|1|0|0|0|0|1|1|1|0|0|0|1|0|40590|40590|15000|15000|12240|180|72|170|9211102|54182.9529411765|0
"516789800001"|0|2|1|0|0|0|0|2|2|2|0|0|0|2|0|70372|100180|NA|NA|27594|1131|364|824|92993556|218229.980299589|0
"516800001002"|0|1|1|0|0|0|0|1|1|1|0|0|1|0|0|27270|27270|17100|17100|11430|145|51|106|7869216|74237.8867924528|0
"516800002031"|0|1|1|0|0|0|0|1|1|1|0|0|0|1|0|34500|34500|10485|10485|13060|305|89|368|28546304|77571.4782608696|0
"516800008011"|0|1|0|0|0|0|0|1|1|1|0|0|1|0|0|11480|11480|NA|NA|NA|11|1|50|3800958|76019.16|0
"516800014001"|0|1|1|0|0|1|0|1|1|1|0|0|0|0|1|15467|15467|7893|7893|12350|3930|1590|1430|123370900|86273.3566433566|0
"516800016011"|0|2|0|0|0|0|0|2|2|1|1|1|1|1|0|NA|NA|NA|NA|NA|97|22|130|8711628|NA|0
"516800019003"|0|1|1|1|0|0|0|1|1|1|0|0|1|0|0|8200|8200|8936|8936|9400|36|9|10|448000|44800|0
"517000314004"|0|1|0|0|0|0|0|1|1|1|0|0|1|0|0|12280|12280|NA|NA|NA|22|2|60|4737278|78954.6333333333|0
"517000316021"|0|1|0|0|0|0|0|1|1|0|0|1|1|0|0|NA|NA|NA|NA|NA|0|0|0|0|NA|0
"517000317012"|0|1|1|0|0|0|0|1|1|1|0|0|0|1|0|9375|22213|7848|17226|11990|613|162|560|50328092|89871.5928571429|0
"517000321131"|0|1|0|0|0|0|0|1|1|0|0|1|1|0|0|16500|16500|NA|NA|NA|0|0|0|0|NA|0
"517000321261"|0|1|0|0|0|0|0|1|1|0|0|1|1|0|0|NA|NA|NA|NA|NA|0|0|0|0|NA|0
"517000322122"|0|1|0|0|0|0|0|1|1|0|0|1|1|0|0|NA|NA|NA|NA|NA|0|0|0|0|NA|0
"517100025001"|0|1|1|0|0|0|0|1|1|1|0|0|0|0|1|7239|26664|10519|29851|13480|1569|499|1712|171126864|99957.2803738318|0
"517100040023"|0|0|1|0|0|1|0|1|1|1|0|0|0|1|0|NA|NA|23882|25406|NA|628|145|240|30791628|128298.45|0
"517100047001"|0|1|1|1|0|0|0|1|1|1|0|0|0|1|0|5752|16920|8820|20872|10844|633|200|440|40442364|91914.4636363636|0
"517100049003"|0|1|0|0|0|0|0|1|1|1|1|0|0|0|1|4680|9978|NA|NA|NA|469|96|532|37215060|69953.1203007519|0
"517100057012"|0|1|0|0|0|0|0|1|1|0|0|0|0|0|0|NA|NA|NA|NA|NA|0|0|0|0|NA|0
"517100066051"|0|1|0|0|0|0|0|1|1|0|0|1|1|0|0|16520|16520|NA|NA|NA|0|0|0|0|NA|0
"517100066064"|0|1|0|0|0|0|0|1|1|1|1|0|1|0|0|16500|16500|NA|NA|NA|12|10|8|394000|49250|0
"517100069011"|0|1|0|0|0|0|0|1|1|1|1|0|1|0|0|15754|15754|NA|NA|NA|16|7|30|2416000|80533.3333333333|0
"517100069013"|0|1|0|0|0|0|0|1|1|0|0|1|1|0|0|NA|NA|NA|NA|NA|0|0|0|0|NA|0
"517109802001"|0|1|0|0|0|0|0|1|1|0|0|1|1|0|0|16200|16200|NA|NA|NA|0|0|0|0|NA|0
"517308113001"|0|1|0|0|0|0|0|1|1|0|0|1|1|0|0|NA|NA|NA|NA|NA|0|0|0|0|NA|0
"517500101021"|0|1|1|0|0|0|0|1|1|1|0|0|0|1|0|8156|20246|9182|17964|10567|781|265|924|78382164|84829.1818181818|0
"517600104023"|0|0|1|0|0|0|0|1|1|1|0|0|1|0|0|NA|NA|13500|13500|NA|52|14|50|4522600|90452|0
"517600111004"|0|1|1|1|0|0|0|1|1|1|0|0|0|1|0|10530|10530|11275|11275|9286|226|44|112|7056000|63000|0
"517600403002"|0|1|1|0|1|1|0|1|1|1|0|0|0|0|1|12472|33728|12618|25956|12279|3656|816|2552|283735290|111181.539968652|0
"517600505003"|0|1|1|0|0|0|0|1|1|1|0|0|0|1|0|60330|60330|26280|26280|14870|1181|298|870|109782166|126186.397701149|0
"517700030001"|0|1|0|0|0|0|0|1|1|0|0|1|1|0|0|NA|NA|NA|NA|NA|0|0|0|0|NA|0
"517700030002"|0|1|0|0|0|0|0|1|1|1|1|0|0|1|0|4680|9978|NA|NA|NA|157|23|154|10734508|69704.5974025974|0
"517750101001"|0|1|1|0|0|0|0|1|1|1|0|0|0|1|0|10856|10856|10944|10944|NA|68|30|48|1736980|36187.0833333333|0
"517750102001"|0|1|0|0|0|0|0|1|1|1|0|0|0|1|0|33510|33510|NA|NA|15366|211|63|310|21255856|68567.2774193548|0
"517900001001"|0|1|0|0|0|0|0|1|1|0|0|1|1|0|0|NA|NA|NA|NA|NA|0|0|0|0|NA|0
"517900005003"|0|1|1|0|0|0|0|1|1|1|0|0|0|1|0|31611|31611|13000|13000|10320|194|61|190|14535240|76501.2631578947|0
"518100402002"|0|1|1|0|0|0|0|1|1|1|0|0|0|1|0|36010|36010|8982|8982|11070|120|43|170|13230688|77827.5764705882|0
"518100426001"|0|1|0|0|0|0|0|1|1|1|1|0|1|0|0|16500|16500|NA|NA|NA|5|2|12|425578|35464.8333333333|0
"518100428022"|0|1|0|0|0|0|0|1|1|0|0|1|1|0|0|NA|NA|NA|NA|NA|0|0|0|0|NA|0
"518100434002"|0|1|0|0|0|0|0|1|1|0|0|1|1|0|0|NA|NA|NA|NA|NA|0|0|0|0|NA|0
"518100444021"|0|1|0|0|0|0|0|1|0|0|0|0|0|0|0|NA|NA|NA|NA|NA|0|0|0|0|NA|0
"518100454341"|0|1|0|0|0|0|0|1|1|0|0|1|1|0|0|NA|NA|NA|NA|NA|0|0|0|0|NA|0
"518100456032"|0|1|0|0|0|0|0|1|1|1|0|0|1|0|0|20700|20700|NA|NA|NA|7|0|4|290000|72500|0
"518100456051"|0|1|1|0|0|0|0|1|1|1|0|0|1|0|0|15300|15300|15600|15600|NA|28|3|12|891000|74250|0
"518100456052"|0|1|0|0|0|0|0|1|1|0|0|1|1|0|0|NA|NA|NA|NA|NA|0|0|0|0|NA|0
"518100460091"|0|2|1|0|0|0|0|2|2|2|1|0|1|0|1|30624|30624|NA|NA|NA|697|85|810|62902794|137913.984183256|0
"518100460191"|0|1|0|0|0|0|0|1|1|1|0|0|0|1|0|16724|16724|NA|NA|NA|117|72|72|5354274|74364.9166666667|0
"518100462073"|0|1|1|0|0|0|0|1|1|1|0|0|0|0|1|18080|18080|16028|16028|7174|480|140|286|26521220|92731.5384615385|0
"518100462191"|0|1|1|0|0|0|0|1|1|1|0|0|1|0|0|NA|NA|8400|8400|NA|1|0|10|583998|58399.8|0
"518100462221"|0|1|0|0|0|0|0|1|1|0|0|1|1|0|0|NA|NA|NA|NA|NA|0|0|0|0|NA|0
"518303701002"|0|1|1|0|0|0|0|1|1|1|0|0|0|1|0|17434|40089|10516|28305|13828|1794|449|1340|156005084|116421.704477612|0
"518400003012"|0|1|1|0|0|0|0|1|1|1|0|0|0|1|0|33790|33790|22680|22680|11230|422|145|530|44631924|84211.1773584906|0
"530050108102"|0|1|0|0|0|0|0|1|1|0|0|1|1|0|0|NA|NA|NA|NA|NA|0|0|0|0|NA|0
"530050110022"|0|1|0|0|0|0|0|1|1|1|1|0|1|0|0|11000|11000|NA|NA|NA|6|1|2|90000|45000|0
"530050113002"|0|1|0|0|0|0|0|1|1|0|0|1|1|0|0|NA|NA|NA|NA|NA|0|0|0|0|NA|0
"530079608031"|0|1|0|0|0|0|0|1|1|1|0|0|0|1|0|4458|4948|NA|NA|7900|149|74|168|13592242|80906.2023809524|0
"530090012002"|0|1|0|0|0|0|0|1|1|1|0|0|0|1|0|3927|4407|NA|NA|NA|124|29|86|4911880|57114.8837209302|0
"530110412031"|0|1|0|0|0|0|0|1|1|0|0|1|1|0|0|NA|NA|NA|NA|NA|0|0|0|0|NA|0
"530110413291"|0|1|0|0|0|0|0|1|1|1|0|0|0|1|0|16784|16784|NA|NA|NA|100|44|144|8841800|61401.3888888889|0
"530110426022"|0|1|0|0|0|0|0|1|1|1|0|0|0|1|0|4203|9807|NA|NA|NA|331|132|354|30378396|85814.6779661017|0
"530110428002"|0|1|0|0|0|0|0|1|1|0|0|1|1|0|0|NA|NA|NA|NA|NA|0|0|0|0|NA|0
"530150004001"|0|1|0|0|0|0|0|1|1|1|0|0|0|1|0|3866|5119|NA|NA|NA|255|66|142|10538658|74215.9014084507|0
"530150021002"|0|1|0|0|0|0|0|1|1|0|0|1|1|0|0|NA|NA|NA|NA|NA|0|0|0|0|NA|0
"530210203002"|0|1|0|0|0|0|0|1|1|1|0|0|0|1|0|5319|7098|NA|NA|9980|280|147|276|19954616|72299.3333333333|0
"530250108001"|0|1|0|0|0|0|0|1|1|1|0|0|0|1|0|4458|4948|NA|NA|17952|138|35|96|7489500|78015.625|0
"530270009006"|0|1|0|0|0|0|0|1|1|1|0|0|0|1|0|3928|9607|NA|NA|NA|101|43|118|8699722|73726.4576271186|0
"530319504002"|0|1|0|0|0|0|0|1|1|1|1|0|1|0|0|16800|16800|NA|NA|NA|10|1|14|849180|60655.7142857143|0
"530330019004"|0|2|0|0|0|0|0|2|2|2|1|0|1|1|0|NA|NA|NA|NA|NA|181|78|202|16925900|173321.736419753|0
"530330053032"|0|1|1|0|1|1|0|1|1|1|0|0|0|0|1|11189|39687|17004|30477|16068|9530|1763|4212|552952730|131280.325261159|0
"530330054013"|0|1|0|0|0|0|0|1|1|0|0|1|1|0|0|NA|NA|NA|NA|NA|0|0|0|0|NA|0
"530330058014"|0|1|1|0|0|0|0|1|1|1|0|0|1|0|0|33000|33000|34000|34000|NA|9|2|4|266000|66500|0
"530330059012"|0|1|1|0|0|0|0|1|1|1|0|0|0|1|0|36504|36504|19764|19764|14409|312|184|390|32611854|83620.1384615385|0
"530330071012"|0|1|0|0|0|0|0|1|1|0|0|1|1|0|0|23450|23450|NA|NA|NA|0|0|0|0|NA|0
"530330072011"|0|1|1|0|0|0|0|1|1|1|0|0|1|0|0|19260|19260|19128|19128|NA|23|16|124|8756538|70617.2419354839|0
"530330072013"|0|1|1|0|0|0|0|1|1|1|0|0|0|1|0|13558|13558|11812|11812|NA|105|7|62|6023580|97154.5161290323|0
"530330073022"|0|1|0|0|0|0|0|1|1|1|0|0|1|0|0|35314|35314|NA|NA|13980|80|26|120|6581360|54844.6666666667|0
"530330080042"|0|0|1|0|0|0|0|1|1|1|0|0|1|0|0|NA|NA|14484|14484|NA|39|6|28|2039206|72828.7857142857|0
"530330084011"|0|2|0|0|0|0|0|2|2|1|0|1|1|1|0|NA|NA|NA|NA|NA|411|146|236|20063626|NA|0
"530330086003"|0|1|1|0|0|0|0|1|1|1|0|0|0|1|0|50328|50328|14292|14292|13524|713|242|1048|97489890|93024.7041984733|0
"530330108001"|0|1|0|0|0|0|0|1|1|1|0|0|0|1|0|4458|4947|NA|NA|NA|152|57|156|10135020|64968.0769230769|0
"530330109002"|0|0|1|0|1|0|0|1|1|1|0|0|1|0|0|NA|NA|27600|27600|NA|4|1|0|0|NA|0
"530330207002"|0|1|0|0|0|0|0|1|1|0|0|1|1|0|0|NA|NA|NA|NA|NA|0|0|0|0|NA|0
"530330209003"|0|1|0|0|0|0|0|1|1|1|1|0|0|1|0|3882|6708|NA|NA|18162|225|78|250|19837448|79349.792|0
"530330218044"|0|2|1|0|0|0|0|2|2|2|0|0|0|2|0|15647|49893|NA|NA|NA|455|156|516|54453454|195420.520016134|0
"530330223001"|0|1|1|0|0|0|0|1|1|1|0|0|1|0|0|28950|28950|31773|31773|NA|119|27|90|7352774|81697.4888888889|0
"530330226031"|0|1|0|0|0|0|0|1|1|1|0|0|0|1|0|3102|8299|NA|NA|NA|162|49|170|12522936|73664.3294117647|0
"530330226053"|0|1|1|0|0|0|0|1|1|1|0|0|0|1|0|35700|35700|29740|29740|15112|143|41|158|17172844|108688.886075949|0
"530330227022"|0|2|2|0|0|0|0|2|2|2|0|0|0|2|0|46710|46710|35534|35534|NA|144|61|120|7908780|134509.016949153|0
"530330234012"|0|1|0|0|0|0|0|1|1|1|0|0|0|0|1|3928|9607|NA|NA|17952|459|162|408|36738240|90044.7058823529|0
"530330253021"|0|1|0|0|0|0|0|1|1|1|1|0|1|0|0|NA|NA|NA|NA|NA|17|9|38|2956356|77798.8421052632|0
"530330254011"|0|1|0|0|0|0|0|1|1|1|0|0|0|1|0|3882|4350|NA|NA|NA|159|31|152|13583544|89365.4210526316|0
"530330290031"|0|1|0|0|0|0|0|1|1|1|0|0|0|1|0|3527|3527|NA|NA|12660|301|88|312|25682576|82315.9487179487|0
"530330300062"|0|1|0|0|0|0|0|1|1|0|0|1|1|0|0|NA|NA|NA|NA|NA|0|0|0|0|NA|0
"530330312061"|0|1|0|0|0|0|0|1|1|1|0|0|0|1|0|3928|4410|NA|NA|NA|353|105|348|28312020|81356.3793103448|0
"530350806004"|0|1|0|0|0|0|0|1|1|1|0|0|0|1|0|4197|9465|NA|NA|10500|227|79|266|20293534|76291.4812030075|0
"530379754032"|0|1|1|0|0|0|0|1|1|1|0|0|0|1|0|6816|23881|10401|24361|13645|946|348|956|70660392|73912.5439330544|0
"530419707002"|0|1|0|0|0|0|0|1|1|0|0|1|1|0|0|NA|NA|NA|NA|NA|0|0|0|0|NA|0
"530419707003"|0|1|0|0|0|0|0|1|1|1|0|0|0|1|0|4458|4948|NA|NA|16545|177|58|134|9618462|71779.5671641791|0
"530530607005"|0|1|1|0|0|0|0|1|1|1|0|0|0|1|0|57330|57330|37307|37307|14430|330|102|410|39598616|96581.9902439024|0
"530530609032"|0|1|1|0|0|0|0|1|1|1|0|0|1|0|0|8100|8100|8000|8000|NA|12|1|12|557400|46450|0
"530530610022"|0|1|0|0|0|0|0|1|1|1|0|0|0|1|0|4458|10206|NA|NA|NA|286|109|266|21283252|80012.2255639098|0
"530530614002"|0|1|0|0|0|0|0|1|1|1|1|0|0|1|0|3984|9733|NA|NA|NA|155|54|136|11012212|80972.1470588235|0
"530530616011"|0|1|0|0|0|0|0|1|1|1|0|0|1|0|0|18000|18000|NA|NA|NA|14|3|0|0|NA|0
"530530616021"|0|1|1|0|0|0|0|1|1|1|0|0|0|1|0|11189|39687|17004|30477|14220|319|117|556|55895998|100532.370503597|0
"530530626001"|0|1|0|0|0|0|0|1|1|0|0|1|1|0|0|NA|NA|NA|NA|NA|0|0|0|0|NA|0
"530530626002"|0|1|0|0|0|0|0|1|1|0|0|1|1|0|0|NA|NA|NA|NA|NA|0|0|0|0|NA|0
"530530633012"|0|1|0|0|0|0|0|1|1|0|0|1|1|0|0|NA|NA|NA|NA|NA|0|0|0|0|NA|0
"530530715044"|0|1|1|0|0|0|0|1|1|1|0|0|0|1|0|49472|49472|32116|32116|11826|354|112|350|26080348|74515.28|0
"530530718074"|0|1|0|0|0|0|0|1|1|1|0|0|0|1|0|5277|5277|NA|NA|NA|162|27|210|15942720|75917.7142857143|0
"530530721073"|0|1|0|0|0|0|0|1|1|1|0|0|0|1|0|3927|4290|NA|NA|12085|333|135|272|20455174|75202.8455882353|0
"530579523013"|0|1|0|0|0|0|0|1|1|1|0|0|0|1|0|3917|7057|NA|NA|9650|317|54|190|15005822|78978.0105263158|0
"530610401002"|0|1|0|0|0|0|0|1|1|1|1|0|0|1|0|3897|9576|NA|NA|16512|290|103|244|17384002|71245.9098360656|0
"530610418052"|0|1|0|0|0|0|0|1|1|0|0|1|1|0|0|NA|NA|NA|NA|NA|0|0|0|0|NA|0
"530610419042"|0|1|0|0|0|0|0|1|1|0|0|1|1|0|0|NA|NA|NA|NA|NA|0|0|0|0|NA|0
"530610511003"|0|1|0|0|0|0|0|1|1|0|0|1|1|0|0|NA|NA|NA|NA|NA|0|0|0|0|NA|0
"530610515003"|0|1|0|0|0|0|0|1|1|1|0|0|0|1|0|3952|9390|NA|NA|11274|400|243|208|16026940|77052.5961538462|0
"530630025012"|0|1|0|0|0|0|0|1|1|0|0|1|1|0|0|NA|NA|NA|NA|NA|0|0|0|0|NA|0
"530630025013"|0|1|0|0|0|0|0|1|1|1|0|0|1|0|0|16500|16500|NA|NA|11565|4|0|12|411000|34250|0
"530630025031"|0|1|1|0|0|0|0|1|1|1|0|0|0|1|0|49800|49800|19422|19422|13794|870|354|918|86044952|93730.8845315904|0
"530630035001"|0|1|0|0|0|0|0|1|1|0|0|1|1|0|0|NA|NA|NA|NA|NA|0|0|0|0|NA|0
"530630036011"|0|1|0|0|0|0|0|1|1|1|0|0|0|1|0|3102|3970|NA|NA|NA|97|21|262|19924298|76046.9389312977|0
"530630104014"|0|1|0|0|0|0|0|1|1|0|0|1|1|0|0|NA|NA|NA|NA|NA|0|0|0|0|NA|0
"530630108001"|0|1|0|0|0|0|0|1|1|1|0|0|1|0|0|13440|13440|NA|NA|NA|10|5|4|140696|35174|0
"530630109023"|0|1|1|0|0|0|0|1|1|1|0|0|0|1|0|47700|47700|12816|12816|13100|295|108|384|27451298|71487.7552083333|0
"530630117011"|0|1|0|0|0|0|0|1|1|1|1|0|1|0|0|NA|NA|NA|NA|NA|19|1|10|595488|59548.8|0
"530630120002"|0|1|0|0|0|0|0|1|1|0|0|1|1|0|0|NA|NA|NA|NA|NA|0|0|0|0|NA|0
"530630129012"|0|1|0|0|0|0|0|1|1|0|0|1|1|0|0|NA|NA|NA|NA|NA|0|0|0|0|NA|0
"530630140014"|0|1|1|0|0|0|0|1|1|1|0|0|0|0|1|7104|25464|12723|28776|13739|769|223|802|71860876|89602.0897755611|0
"530630145003"|0|1|0|0|0|0|0|1|1|1|0|0|0|1|0|3102|3970|NA|NA|NA|588|100|400|30768170|76920.425|0
"530670105101"|0|1|0|0|0|0|0|1|1|0|0|1|1|0|0|NA|NA|NA|NA|NA|0|0|0|0|NA|0
"530670109102"|0|1|0|0|0|0|0|1|1|1|1|0|0|1|0|4458|10207|NA|NA|NA|227|50|204|13843106|67858.362745098|0
"530670112003"|0|1|1|0|0|0|0|1|1|1|0|0|0|1|0|41660|41660|15312|15312|13840|160|62|208|13413820|64489.5192307692|0
"530670120011"|0|1|1|0|0|0|0|1|1|1|0|0|0|1|0|7596|28905|12021|27030|13806|395|110|188|14920432|79364|0
"530719202002"|0|1|0|0|0|0|0|1|1|1|0|0|0|1|0|4965|6306|NA|NA|NA|178|63|198|15335614|77452.595959596|0
"530719203022"|0|1|1|0|0|0|0|1|1|1|0|0|0|1|0|30672|30672|27105|27105|9819|127|28|162|11047050|68191.6666666667|0
"530719208023"|0|1|0|0|0|0|0|1|1|1|0|0|0|1|0|58200|58200|NA|NA|14220|277|69|364|32694860|89821.043956044|0
"530730002031"|0|1|0|0|0|0|0|1|1|1|0|0|0|1|0|3527|8786|NA|NA|17952|191|62|176|14039012|79767.1136363636|0
"530730003012"|0|1|0|0|0|0|0|1|1|1|0|0|0|1|0|3102|3881|NA|NA|NA|130|77|144|12987908|90193.8055555556|0
"530730010004"|0|1|1|0|0|0|0|1|1|1|0|0|0|0|1|7760|25666|11756|24431|14691|1090|465|1368|135337982|98931.2733918129|0
"530739400011"|0|1|0|0|0|0|1|1|1|1|0|0|1|0|0|3564|3564|NA|NA|5500|122|19|50|2388312|47766.24|0
"530750006021"|0|1|1|0|0|1|0|1|1|1|0|0|0|0|1|10708|26392|12366|27163|12396|4590|1023|2606|274997202|105524.636224098|0
"530770007003"|0|1|0|0|0|0|0|1|1|1|0|0|0|1|0|4458|4948|NA|NA|8903|216|100|268|19103366|71281.2164179104|0
"530770011001"|0|1|0|0|0|0|0|1|1|1|1|0|1|0|0|NA|NA|NA|NA|NA|66|26|104|8230342|79137.9038461538|0
"530770011004"|0|1|0|0|0|0|0|1|1|0|0|1|1|0|0|NA|NA|NA|NA|NA|0|0|0|0|NA|0
"530770016022"|0|0|1|0|0|1|0|1|1|1|0|0|1|0|0|NA|NA|38540|38540|NA|98|16|16|1767212|110450.75|0
"530779400023"|0|1|1|0|0|0|0|1|1|1|0|0|1|0|0|19500|19500|10020|10020|NA|114|54|112|8237222|73546.625|0
"540019656004"|0|1|1|0|0|0|0|1|1|1|0|0|1|0|0|31200|31200|29000|29000|10170|107|40|94|5003320|53226.8085106383|0
"540039712062"|0|1|0|0|0|0|0|1|1|0|0|1|1|0|0|NA|NA|NA|NA|NA|0|0|0|0|NA|0
"540039713012"|0|2|0|0|0|0|0|2|2|2|1|0|1|1|0|NA|NA|NA|NA|NA|105|4|74|3536662|124538.028571429|0
"540039717001"|0|1|0|0|0|0|0|1|1|0|0|1|1|0|0|NA|NA|NA|NA|NA|0|0|0|0|NA|0
"540039719022"|0|1|0|0|0|0|0|1|1|1|1|0|0|1|0|408|410|NA|NA|NA|79|26|222|13897746|62602.4594594595|0
"540059582001"|0|1|0|0|0|0|0|1|1|0|0|1|1|0|0|NA|NA|NA|NA|NA|0|0|0|0|NA|0
"540090316002"|0|1|1|0|0|0|0|1|1|1|0|0|1|0|0|30720|30720|9900|9900|11900|98|32|84|4597610|54733.4523809524|0
"540110001021"|0|1|0|0|0|0|0|1|1|0|0|1|1|0|0|NA|NA|NA|NA|NA|0|0|0|0|NA|0
"540110005001"|0|1|1|0|0|1|0|1|1|1|0|0|0|0|1|7190|18244|7520|20072|11840|836|282|1008|78720598|78095.8313492063|0
"540110021001"|0|1|0|0|0|0|0|1|1|1|1|0|0|1|0|4818|12004|NA|NA|NA|47|11|114|5942334|52125.7368421053|0
"540110102023"|0|1|0|0|0|0|0|1|1|0|0|1|1|0|0|NA|NA|NA|NA|NA|0|0|0|0|NA|0
"540110109001"|0|1|0|0|0|0|0|1|1|1|1|0|1|0|0|10050|10050|NA|NA|NA|8|4|10|392964|39296.4|0
"540190202022"|0|1|0|0|0|0|0|1|0|0|0|1|1|0|0|NA|NA|NA|NA|NA|0|0|0|0|NA|0
"540219678001"|0|1|1|0|0|0|0|1|1|1|0|0|0|1|0|8044|9704|8280|8280|10774|146|49|120|6898048|57483.7333333333|0
"540259506002"|0|0|1|0|0|1|0|1|1|1|0|0|1|0|0|NA|NA|NA|NA|NA|0|0|0|0|NA|0
"540290212001"|0|1|0|0|0|0|0|1|1|0|0|1|1|0|0|7000|7000|NA|NA|NA|0|0|0|0|NA|0
"540319702023"|0|1|0|0|0|0|0|1|1|1|1|0|1|0|0|3840|8520|NA|NA|NA|26|12|28|1371636|48987|0
"540330301002"|0|1|0|0|0|0|0|1|1|0|0|1|1|0|0|NA|NA|NA|NA|NA|0|0|0|0|NA|0
"540330308022"|0|1|0|0|0|0|0|1|0|0|0|1|1|0|0|4200|4200|NA|NA|NA|0|0|0|0|NA|0
"540330311002"|0|1|0|0|0|0|0|1|1|1|1|0|1|0|0|12877|12877|NA|NA|NA|16|4|10|544000|54400|0
"540330316001"|0|1|1|0|0|0|0|1|1|1|0|0|1|0|0|12750|12750|13464|13464|8400|118|39|62|3007248|48504|0
"540359637021"|0|1|0|0|0|0|0|1|0|0|0|1|1|0|0|NA|NA|NA|NA|NA|0|0|0|0|NA|0
"540379722042"|0|1|1|0|0|0|0|1|1|1|0|0|0|1|0|6288|15774|8280|11484|10987|229|84|258|17174216|66566.7286821705|0
"540379725052"|0|2|2|0|0|0|0|2|2|2|0|0|1|0|1|14520|14520|15210|15210|NA|549|190|676|44620344|92942.8393574297|0
"540390009001"|0|1|0|0|0|0|0|1|1|0|0|0|0|0|0|NA|NA|NA|NA|NA|0|0|0|0|NA|0
"540390015005"|0|1|1|0|0|0|0|1|1|1|0|0|0|1|0|21000|21000|16400|16400|10200|198|57|234|17309098|73970.5042735043|0
"540390017001"|0|1|0|0|0|0|0|1|1|0|0|1|1|0|0|NA|NA|NA|NA|NA|0|0|0|0|NA|0
"540390017002"|0|2|0|0|0|0|0|2|2|0|0|2|2|0|0|NA|NA|NA|NA|NA|0|0|0|0|NA|0
"540390103001"|0|1|0|0|0|0|0|1|1|0|0|1|1|0|0|NA|NA|NA|NA|NA|0|0|0|0|NA|0
"540390104001"|0|1|1|1|0|0|0|1|1|1|0|0|0|1|0|8856|14544|9168|19974|12214|124|54|200|12458390|62291.95|0
"540390107011"|0|1|0|0|0|0|0|1|1|1|1|0|1|0|0|12795|12795|NA|NA|NA|14|1|20|1120000|56000|0
"540390115002"|0|1|0|0|0|0|0|1|1|1|1|0|1|0|0|NA|NA|NA|NA|NA|6|1|22|1281658|58257.1818181818|0
"540390128004"|0|1|0|0|0|0|0|1|1|1|1|0|0|1|0|4682|11148|NA|NA|NA|80|22|152|9286478|61095.25|0
"540459562002"|0|1|0|0|0|0|0|1|1|1|1|0|0|1|0|4056|6576|NA|NA|NA|99|40|116|5844616|50384.6206896552|0
"540459566001"|0|1|0|0|0|0|0|1|1|0|0|1|1|0|0|NA|NA|NA|NA|NA|0|0|0|0|NA|0
"540490202004"|0|1|1|0|0|0|0|1|1|1|0|0|0|1|0|6022|15638|7474|18054|10022|247|95|308|19558308|63501|0
"540490212022"|0|1|0|0|0|0|0|1|1|1|1|0|0|1|0|3912|10670|NA|NA|NA|45|17|118|7010050|59407.2033898305|0
"540510207021"|0|1|0|0|0|0|0|1|1|0|0|1|1|0|0|NA|NA|NA|NA|NA|0|0|0|0|NA|0
"540550011002"|0|1|1|0|0|0|0|1|1|1|0|0|0|1|0|8540|18780|9162|15984|10090|151|65|206|13756548|66779.359223301|0
"540550020001"|0|1|1|1|0|0|0|1|1|1|0|0|0|1|0|8840|16030|8840|16030|10200|106|42|128|7416144|57938.625|0
"540570105002"|0|1|0|0|0|0|0|1|0|0|0|1|1|0|0|NA|NA|NA|NA|NA|0|0|0|0|NA|0
"540570106002"|0|1|0|0|0|0|0|1|1|1|0|0|0|1|0|4752|12120|NA|NA|9386|96|30|106|6853896|64659.3962264151|0
"540599575003"|0|1|0|0|0|0|0|1|1|0|0|1|1|0|0|NA|NA|NA|NA|NA|0|0|0|0|NA|0
"540610101042"|0|2|1|0|0|1|0|2|2|2|1|0|1|0|1|21771|38979|NA|NA|NA|2966|824|2262|246103226|169289.287756926|0
"540610102041"|0|1|1|0|0|0|0|1|1|0|0|1|1|0|0|NA|NA|NA|NA|NA|0|0|0|0|NA|0
"540610107001"|0|1|0|0|0|0|0|1|1|0|0|1|1|0|0|NA|NA|NA|NA|NA|0|0|0|0|NA|0
"540610109024"|0|1|0|0|0|0|0|1|1|0|0|1|1|0|0|NA|NA|NA|NA|NA|0|0|0|0|NA|0
"540610110002"|0|1|0|0|0|0|0|1|1|0|0|1|1|0|0|NA|NA|NA|NA|NA|0|0|0|0|NA|0
"540690014002"|0|1|1|0|0|0|0|1|1|1|0|0|1|0|0|29090|29090|9900|9900|11620|60|28|64|3470218|54222.15625|0
"540690021004"|0|1|1|0|0|0|0|1|1|1|0|0|0|1|0|8716|17100|7080|8280|10020|164|59|288|18879012|65552.125|0
"540690027001"|0|1|0|0|0|0|0|1|1|1|1|0|0|1|0|3600|11568|NA|NA|NA|65|23|110|5814326|52857.5090909091|0
"540719704002"|0|0|1|0|0|0|0|1|1|1|0|0|1|0|0|NA|NA|9600|9600|NA|29|3|4|453180|113295|0
"540790202004"|0|1|0|0|0|0|0|1|1|0|0|1|1|0|0|NA|NA|NA|NA|NA|0|0|0|0|NA|0
"540790206012"|0|1|1|0|0|0|0|1|1|1|0|0|1|0|0|13320|13320|14940|14940|NA|0|0|0|0|NA|0
"540810002003"|0|1|0|0|0|0|0|1|1|1|0|0|0|1|0|7848|19584|NA|NA|11676|124|50|170|12761274|75066.3176470588|0
"540810003001"|0|1|0|0|0|0|0|1|1|1|1|0|0|1|0|4820|7608|NA|NA|NA|71|24|102|6479656|63526.0392156863|0
"540810006001"|0|1|0|0|0|0|0|1|1|1|1|0|1|0|0|NA|NA|NA|NA|NA|11|1|4|3e+05|75000|0
"540810014003"|0|1|1|0|0|0|0|1|1|1|0|0|1|0|0|15220|15220|8910|8910|8560|29|9|28|1066664|38095.1428571429|0
"540810015003"|0|1|0|0|0|0|0|1|1|0|0|1|1|0|0|NA|NA|NA|NA|NA|0|0|0|0|NA|0
"540839661002"|0|1|0|0|0|0|0|1|1|1|0|0|1|0|0|29880|29880|NA|NA|10125|111|35|88|4519156|51354.0454545455|0
"540839664005"|0|1|0|0|0|0|0|1|1|0|0|1|1|0|0|NA|NA|NA|NA|NA|0|0|0|0|NA|0
"540979667002"|0|1|1|0|0|0|0|1|1|1|0|0|1|0|0|31698|31698|11128|11128|10660|154|52|122|6686918|54810.8032786885|0
"540979668002"|0|1|0|0|0|0|0|1|1|0|0|1|1|0|0|NA|NA|NA|NA|NA|0|0|0|0|NA|0
"541070005001"|0|1|0|0|0|0|0|1|1|1|1|0|1|0|0|8550|8550|NA|NA|NA|4|1|4|77040|19260|0
"541070009011"|0|1|0|0|0|0|0|1|1|0|0|1|1|0|0|NA|NA|NA|NA|NA|0|0|0|0|NA|0
"541070107061"|0|1|0|0|0|0|0|1|1|1|0|0|0|1|0|4032|9024|NA|NA|NA|145|54|136|7090264|52134.2941176471|0
"550039503001"|0|1|0|0|0|0|0|1|1|1|0|0|1|0|0|39719|39719|NA|NA|9688|81|24|96|5853366|60972.5625|0
"550090018021"|0|1|1|0|0|0|0|1|1|1|0|0|0|1|0|6298|14516|7996|17551|7634|456|192|506|33289224|65788.9802371541|0
"550090102012"|0|1|1|0|0|0|0|1|1|1|0|0|0|1|0|42304|42304|12640|12640|12202|386|116|280|21736518|77630.4214285714|0
"550090207031"|0|1|1|0|0|0|0|1|1|1|0|0|1|0|0|21050|21050|21200|21200|NA|53|13|52|3892304|74852|0
"550090213034"|0|1|0|0|0|0|0|1|1|0|0|1|1|0|0|NA|NA|NA|NA|NA|0|0|0|0|NA|0
"550099400031"|0|1|0|0|0|0|0|1|1|1|1|0|0|0|1|4304|6455|NA|NA|NA|409|167|508|44331954|87267.625984252|0
"550099400041"|0|2|1|0|0|0|0|2|2|1|0|1|2|0|0|NA|NA|NA|NA|NA|24|2|24|2009402|NA|0
"550250002041"|0|1|0|0|0|0|0|1|1|0|0|1|1|0|0|NA|NA|NA|NA|NA|0|0|0|0|NA|0
"550250004081"|0|2|0|0|0|0|0|2|2|0|0|2|2|0|0|NA|NA|NA|NA|NA|0|0|0|0|NA|0
"550250010001"|0|1|1|0|0|0|0|1|1|1|0|0|0|1|0|33550|33550|18296|18296|12120|188|54|178|11220008|63033.7528089888|0
"550250011021"|0|2|2|0|1|1|0|2|2|1|0|0|0|0|1|NA|NA|NA|NA|NA|11702|2470|4754|633674478|NA|0
"550250016031"|0|1|0|0|0|0|0|1|1|0|0|1|1|0|0|NA|NA|NA|NA|NA|0|0|0|0|NA|0
"550250025001"|0|1|1|0|0|0|0|1|1|1|1|0|0|0|1|4304|6509|4304|6509|NA|687|263|856|84752836|99010.3224299065|0
"550250114051"|0|1|1|0|0|0|0|1|1|1|0|0|0|1|0|11820|11820|9520|9520|NA|312|6|116|8942974|77094.6034482759|0
"550279603003"|0|1|0|0|0|0|0|1|1|0|0|1|1|0|0|NA|NA|NA|NA|NA|0|0|0|0|NA|0
"550310205001"|0|1|1|0|0|0|0|1|1|1|0|0|0|1|0|6535|14108|7640|16771|7013|234|91|222|13392676|60327.3693693694|0
"550339708011"|0|1|1|0|0|0|0|1|1|1|0|0|0|1|0|7014|15281|7444|16090|8398|557|204|558|39019902|69928.1397849462|0
"550350008032"|0|1|0|0|0|0|0|1|1|0|0|1|1|0|0|NA|NA|NA|NA|NA|0|0|0|0|NA|0
"550350017001"|0|2|1|0|0|0|0|2|2|2|1|0|0|1|1|11665|22529|NA|NA|NA|933|377|1294|98655502|153330.748360656|0
"550390411021"|0|1|0|0|0|0|0|1|1|1|1|0|0|1|0|4303|6455|NA|NA|NA|253|102|264|21239512|80452.696969697|0
"550390411022"|0|1|1|0|0|0|0|1|1|1|0|0|0|1|0|29520|29520|11509|11509|8290|151|60|102|5502714|53948.1764705882|0
"550390416005"|0|1|0|0|0|0|0|1|1|1|0|0|1|0|0|49300|49300|NA|NA|9490|113|36|104|7371254|70877.4423076923|0
"550439603002"|0|1|0|0|0|0|0|1|1|1|1|0|0|1|0|4290|6450|NA|NA|7844|122|7|136|11146890|81962.4264705882|0
"550439610001"|0|1|1|0|0|0|0|1|1|1|0|0|0|1|0|6418|15356|7831|17191|8072|526|188|538|36764726|68335.9219330855|0
"550551003021"|0|1|1|0|0|0|0|1|1|1|0|0|1|0|0|17560|17560|7120|7120|8380|84|17|98|3516036|35877.9183673469|0
"550590003001"|0|1|1|0|0|0|0|1|1|1|0|0|0|1|0|34500|34500|33450|33450|12648|237|86|292|22476282|76973.5684931507|0
"550590006013"|0|2|1|0|0|0|0|2|2|2|0|0|1|1|0|13048|21318|NA|NA|NA|262|111|314|22343024|NA|0
"550590006031"|0|1|0|0|0|0|0|1|1|1|1|0|0|1|0|4304|6455|NA|NA|NA|377|142|466|41161898|88330.2532188841|0
"550590010001"|0|1|1|0|0|0|0|1|1|1|0|0|1|0|0|11820|11820|9520|9520|NA|21|4|38|3233214|85084.5789473684|0
"550590023002"|0|1|0|0|0|0|0|1|1|0|0|1|1|0|0|NA|NA|NA|NA|NA|0|0|0|0|NA|0
"550630004011"|0|1|1|0|0|0|0|1|1|1|0|0|0|1|0|30400|30400|9824|9824|10260|215|86|200|12127420|60637.1|0
"550630004012"|0|1|0|0|0|0|0|1|1|1|1|0|0|1|0|4298|6450|NA|NA|7430|249|100|376|27996404|74458.5212765957|0
"550630005002"|0|1|1|0|0|0|0|1|1|1|0|0|0|0|1|7585|16404|8651|18637|6942|612|198|912|64782798|71033.7697368421|0
"550630105001"|0|1|0|0|0|0|0|1|1|0|0|1|1|0|0|NA|NA|NA|NA|NA|0|0|0|0|NA|0
"550710006004"|0|1|0|0|0|0|0|1|1|0|0|1|1|0|0|NA|NA|NA|NA|NA|0|0|0|0|NA|0
"550710106002"|0|1|0|0|0|0|0|1|1|1|1|0|0|1|0|4045|6068|NA|NA|NA|148|45|190|14156790|74509.4210526316|0
"550730004002"|0|1|0|0|0|0|0|1|1|1|1|0|0|1|0|3443|5164|NA|NA|NA|225|60|284|21832624|76875.4366197183|0
"550730008001"|0|1|0|0|0|0|0|1|1|0|0|1|1|0|0|NA|NA|NA|NA|NA|0|0|0|0|NA|0
"550789401011"|0|1|0|0|0|0|1|1|1|1|0|0|1|0|0|6000|6000|NA|NA|NA|61|20|28|1605240|57330|0
"550790017004"|0|0|1|0|0|0|0|1|1|1|0|0|1|0|0|NA|NA|43700|43700|NA|5|2|0|0|NA|0
"550790056002"|0|1|1|0|0|0|0|1|1|1|0|0|0|1|0|32700|32700|18848|18848|9830|108|19|134|8519126|63575.5671641791|0
"550790074001"|0|2|1|0|0|0|0|2|2|2|0|0|1|0|1|14841|26706|NA|NA|NA|1849|580|1890|158680782|NA|0
"550790128001"|0|1|1|0|0|0|0|1|1|1|0|0|0|1|0|33210|33210|10080|10080|11380|95|29|126|7832338|62161.4126984127|0
"550790144001"|0|1|1|0|0|0|0|1|1|1|0|0|0|1|0|44601|44601|24786|24786|12494|260|63|328|30593144|93271.7804878049|0
"550790146002"|0|1|1|0|0|1|0|1|1|1|0|0|0|0|1|45860|45860|22410|22410|14636|1410|505|1306|131726042|100862.206738132|0
"550790191002"|0|1|1|0|0|0|0|1|1|1|0|0|0|1|0|31008|31008|9744|9744|8620|203|41|174|10986320|63139.7701149425|0
"550790218001"|0|1|0|0|0|0|0|1|1|0|0|1|1|0|0|NA|NA|NA|NA|NA|0|0|0|0|NA|0
"550790601012"|0|1|1|0|0|0|0|1|1|1|0|0|0|1|0|34744|34744|11728|11728|8900|102|33|92|5604004|60913.0869565217|0
"550790903001"|0|2|0|0|0|0|0|2|2|1|1|1|2|0|0|NA|NA|NA|NA|NA|8|1|14|705686|NA|0
"550790906001"|0|1|0|0|0|0|0|1|1|1|0|0|0|1|0|18690|18690|NA|NA|NA|80|47|100|7384286|73842.86|0
"550791201022"|0|1|0|0|0|0|0|1|1|0|0|1|1|0|0|NA|NA|NA|NA|NA|0|0|0|0|NA|0
"550791503012"|0|0|1|0|0|0|0|1|1|1|0|0|1|0|0|NA|NA|12096|12096|NA|0|0|0|0|NA|0
"550791853001"|0|0|1|0|1|1|0|1|1|1|0|0|0|1|0|NA|NA|30000|30000|NA|0|0|0|0|NA|0
"550791863001"|0|1|0|0|0|0|0|1|1|1|1|0|0|0|1|4304|6455|NA|NA|7992|703|164|1024|101195762|98823.986328125|0
"550791874001"|0|1|0|0|0|0|0|1|1|1|0|0|1|0|0|39380|39380|NA|NA|9950|90|35|110|6075156|55228.6909090909|0
"550791874002"|0|1|0|0|0|0|0|1|1|0|0|1|1|0|0|NA|NA|NA|NA|NA|0|0|0|0|NA|0
"550859704002"|0|1|0|0|0|0|0|1|1|1|1|0|0|1|0|4304|6455|NA|NA|NA|100|25|104|8083568|77726.6153846154|0
"550870105021"|0|1|0|0|0|0|0|1|1|1|0|0|0|1|0|53667|53667|NA|NA|11520|290|100|346|26650672|77025.063583815|0
"550870110011"|0|1|0|0|0|0|0|1|1|0|0|1|1|0|0|NA|NA|NA|NA|NA|0|0|0|0|NA|0
"550870111042"|0|2|0|0|0|0|0|2|2|1|1|1|1|0|1|NA|NA|NA|NA|NA|466|125|586|52590982|NA|0
"550896602022"|0|1|1|0|0|0|0|1|1|1|0|0|0|1|0|32770|32770|12042|12042|12160|319|100|458|40503920|88436.5065502183|0
"550939603003"|0|1|1|0|0|0|0|1|1|1|0|0|0|1|0|6428|14421|7793|17274|8094|356|114|422|31176680|73878.3886255924|0
"550979604005"|0|1|1|0|0|0|0|1|1|1|0|0|0|1|0|6698|15402|8066|17706|8000|653|213|616|41398860|67205.9415584416|0
"551010009043"|0|1|1|0|0|0|0|1|1|1|0|0|1|0|0|18096|18096|19720|19720|NA|8|4|2|124000|62000|0
"551010018013"|0|1|0|0|0|0|0|1|1|0|0|1|1|0|0|NA|NA|NA|NA|NA|0|0|0|0|NA|0
"551050004003"|0|1|0|0|0|0|0|1|1|0|0|1|1|0|0|NA|NA|NA|NA|NA|0|0|0|0|NA|0
"551050014001"|0|1|0|0|0|0|0|1|1|1|1|0|0|1|0|4304|6455|NA|NA|NA|115|40|156|11746518|75298.1923076923|0
"551050015001"|0|1|0|0|0|0|0|1|1|1|0|0|1|0|0|55810|55810|NA|NA|10330|185|52|168|11424876|68005.2142857143|0
"551050015002"|0|1|0|0|0|0|0|1|1|0|0|1|1|0|0|NA|NA|NA|NA|NA|0|0|0|0|NA|0
"551110001021"|0|1|0|0|0|0|0|1|1|0|0|1|1|0|0|NA|NA|NA|NA|NA|0|0|0|0|NA|0
"551139400012"|0|1|1|0|0|0|1|1|1|1|0|0|1|0|0|6000|6000|8100|8100|NA|46|4|30|1797582|59919.4|0
"551170102001"|0|1|1|0|0|0|0|1|1|1|0|0|0|1|0|30400|30400|12535|12535|10778|167|35|64|3404258|53191.53125|0
"551270003031"|0|0|1|0|0|0|0|1|1|1|0|0|1|0|0|NA|NA|11229|11229|NA|0|0|0|0|NA|0
"551270005011"|0|1|1|0|0|0|0|1|1|1|0|0|0|0|1|6519|15694|8436|18516|7890|614|225|920|68573780|74536.7173913044|0
"551299506002"|0|1|0|0|0|0|0|1|1|1|1|0|0|1|0|4570|6624|NA|NA|NA|195|73|292|21595088|73955.7808219178|0
"551332011013"|0|2|2|0|0|0|0|2|2|2|0|0|2|0|0|23796|23796|18248|18248|NA|13|1|28|2452456|164553.846153846|0
"551332026002"|0|1|1|0|0|0|0|1|1|1|0|0|0|1|0|35360|35360|12938|12938|11564|272|107|302|24563368|81335.6556291391|0
"551332033052"|0|1|0|0|0|0|0|1|1|1|1|0|0|1|0|4304|6455|NA|NA|NA|266|114|384|32784528|85376.375|0
"551332041003"|0|0|1|0|0|0|0|1|1|1|0|0|1|0|0|NA|NA|16500|16500|NA|20|5|16|965594|60349.625|0
"551390007001"|0|1|1|0|0|0|0|1|1|1|0|0|0|0|1|6422|13995|8108|17798|8894|724|292|814|59390102|72960.8132678133|0
"551410115001"|0|1|0|0|0|0|0|1|1|1|1|0|0|1|0|4179|6269|NA|NA|NA|128|43|166|12259110|73850.0602409639|0
"560019628002"|0|1|0|0|0|0|0|1|1|1|1|0|1|0|0|NA|NA|NA|NA|NA|95|6|122|7320830|60006.8032786885|0
"560019635002"|0|1|1|0|0|0|0|1|1|1|0|0|0|0|1|3840|15960|5598|16740|11610|2279|458|1420|133941924|94325.2985915493|0
"560139404001"|0|1|0|0|0|0|0|1|1|1|0|0|0|1|0|3150|9450|NA|NA|7290|148|56|114|7064988|61973.5789473684|0
"560159578002"|0|1|0|0|0|0|0|1|1|1|1|0|0|1|0|3150|9450|NA|NA|7096|71|15|68|3653212|53723.7058823529|0
"560210004031"|0|1|0|0|0|0|0|1|1|1|0|0|0|1|0|3150|9450|NA|NA|9104|238|51|242|17529716|72436.8429752066|0
"560210007021"|0|1|0|0|0|0|0|1|1|0|0|1|1|0|0|NA|NA|NA|NA|NA|0|0|0|0|NA|0
"560250009022"|0|1|0|0|0|0|0|1|1|1|1|0|0|1|0|2520|7560|NA|NA|7500|219|79|242|15693952|64851.041322314|0
"560299652003"|0|1|0|0|0|0|0|1|1|1|0|0|0|1|0|3150|9450|NA|NA|6640|90|31|102|6569044|64402.3921568627|0
"560330001004"|0|1|0|0|0|0|0|1|1|1|1|0|0|1|0|3150|9450|NA|NA|7434|124|20|176|11409580|64827.1590909091|0
"560379709032"|0|1|0|0|0|0|0|1|1|1|0|0|0|1|0|2520|7560|NA|NA|7401|129|47|132|8369198|63403.0151515152|0
"600509510001"|0|1|0|0|0|0|0|1|1|1|0|0|0|1|0|4500|4800|NA|NA|NA|210|34|152|5534326|36410.0394736842|0
"660109530005"|0|2|1|0|0|0|0|2|2|2|0|0|0|2|0|8424|14928|NA|NA|NA|627|195|368|26331866|137805.762509448|0
"660109557001"|0|1|0|0|0|0|0|1|1|1|0|0|1|0|0|6216|6216|NA|NA|4564|10|0|4|142000|35500|0
"691100010002"|0|1|0|0|0|0|0|1|1|1|0|0|0|1|0|3078|4560|NA|NA|NA|133|84|70|3204778|45782.5428571429|0
"720034303002"|0|1|0|0|0|0|0|1|1|0|0|1|1|0|0|6600|6600|NA|NA|NA|0|0|0|0|NA|0
"720034305012"|0|1|0|0|0|0|0|1|1|0|0|1|1|0|0|NA|NA|NA|NA|NA|0|0|0|0|NA|0
"720054003001"|0|1|0|0|0|0|0|1|1|1|0|0|0|1|0|5024|5024|NA|NA|NA|215|73|160|10321404|64508.775|0
"720054004003"|0|1|0|0|0|0|0|1|1|0|0|1|1|0|0|NA|NA|NA|NA|NA|0|0|0|0|NA|0
"720054005023"|0|1|0|0|0|0|0|1|1|0|0|1|1|0|0|8200|8200|NA|NA|NA|0|0|0|0|NA|0
"720054008002"|0|1|0|0|0|0|0|1|1|0|0|1|1|0|0|NA|NA|NA|NA|NA|0|0|0|0|NA|0
"720054013032"|0|1|1|0|0|0|0|1|1|1|0|0|0|1|0|4848|4848|4086|4086|NA|153|55|144|7252920|50367.5|0
"720054015001"|0|1|0|0|0|0|0|1|1|1|0|0|1|0|0|NA|NA|NA|NA|NA|37|6|32|555672|17364.75|0
"720133003012"|0|1|1|0|0|0|0|1|1|1|0|0|1|0|0|5160|5160|5670|5670|NA|35|13|40|1346426|33660.65|0
"720133005001"|0|2|0|0|0|0|0|2|2|0|0|2|2|0|0|NA|NA|NA|NA|NA|0|0|0|0|NA|0
"720133008001"|0|1|0|0|0|0|0|1|1|1|0|0|0|1|0|5024|5024|NA|NA|NA|258|77|274|16491072|60186.3941605839|0
"720133010003"|0|1|0|0|0|0|0|1|1|0|0|1|1|0|0|NA|NA|NA|NA|NA|0|0|0|0|NA|0
"720133010004"|0|2|1|0|0|0|0|2|2|2|1|0|1|1|0|12228|12228|NA|NA|NA|170|52|158|8392116|92998.8134328358|0
"720152802013"|0|1|0|0|0|0|0|1|1|0|0|1|1|0|0|NA|NA|NA|NA|NA|0|0|0|0|NA|0
"720199524001"|0|1|1|0|0|0|0|1|1|1|0|0|0|1|0|4848|4848|2724|2724|NA|84|25|44|2175456|49442.1818181818|0
"720199525004"|0|1|0|0|0|0|0|1|1|0|0|1|1|0|0|NA|NA|NA|NA|NA|0|0|0|0|NA|0
"720210303001"|0|8|1|0|0|0|0|8|8|3|1|5|7|0|1|NA|NA|NA|NA|NA|1312|431|508|13677554|NA|0
"720210303002"|0|1|0|0|0|0|0|1|1|0|0|1|1|0|0|5400|5400|NA|NA|NA|0|0|0|0|NA|0
"720210309022"|0|1|1|0|0|0|0|1|1|1|0|0|1|0|0|4524|4524|5292|5292|4860|81|28|34|1115400|32805.8823529412|0
"720210310321"|0|1|1|0|0|0|0|1|1|1|0|0|1|0|0|5400|5400|6720|6720|NA|54|23|14|463200|33085.7142857143|0
"720210310334"|0|1|0|0|0|0|0|1|1|0|0|1|1|0|0|8200|8200|NA|NA|NA|0|0|0|0|NA|0
"720210311012"|0|1|0|0|0|0|0|1|1|0|0|1|1|0|0|NA|NA|NA|NA|NA|0|0|0|0|NA|0
"720210312032"|0|1|0|0|0|0|0|1|1|0|0|1|1|0|0|NA|NA|NA|NA|NA|0|0|0|0|NA|0
"720210313061"|0|1|2|0|0|0|0|2|2|2|0|0|1|1|0|NA|NA|8172|8172|NA|144|52|194|11264768|127495.342592593|0
"720210315031"|0|1|1|0|0|0|0|1|1|1|0|0|1|0|0|4478|4478|5200|5200|NA|72|32|40|1151040|28776|0
"720210316121"|0|1|1|0|0|1|0|1|1|1|0|0|1|0|0|5400|5405|5395|5400|NA|142|46|38|1702342|44798.4736842105|0
"720210317012"|0|2|0|0|0|0|0|2|2|1|0|1|1|1|0|9554|9554|NA|NA|NA|220|85|304|21095214|NA|0
"720252003044"|0|1|0|0|0|0|0|1|1|1|1|0|0|1|0|10224|10224|NA|NA|NA|147|4|154|5163596|33529.8441558442|0
"720252004001"|0|1|0|0|0|0|0|1|1|0|0|1|1|0|0|7196|7196|NA|NA|NA|0|0|0|0|NA|0
"720252008001"|0|1|1|0|0|0|0|1|1|1|0|0|0|1|0|7830|7830|3780|3780|NA|105|28|98|3090000|31530.612244898|0
"720252009002"|0|1|0|0|0|0|0|1|1|1|0|0|1|0|0|7820|7820|NA|NA|NA|53|17|30|748300|24943.3333333333|0
"720252010002"|0|3|0|0|0|0|0|3|3|0|0|3|3|0|0|NA|NA|NA|NA|NA|0|0|0|0|NA|0
"720252015001"|0|1|0|0|0|0|0|1|1|0|0|1|1|0|0|NA|NA|NA|NA|NA|0|0|0|0|NA|0
"720252022001"|0|1|1|0|0|1|0|1|1|1|0|0|1|0|0|5535|11531|5800|7250|NA|0|0|0|0|NA|0
"720310502221"|0|1|1|0|0|0|0|1|1|1|0|0|0|1|0|4920|4920|2652|2652|NA|202|79|182|8484860|46620.1098901099|0
"720310504032"|0|1|0|0|1|0|0|1|1|1|0|0|0|1|0|7536|7536|NA|NA|NA|204|84|188|14641660|77881.170212766|0
"720310505052"|0|2|0|0|0|0|0|2|2|1|0|1|2|0|0|NA|NA|NA|NA|NA|16|1|30|975000|NA|0
"720310506004"|0|1|1|0|0|0|0|1|1|1|0|0|1|0|0|4778|4778|5200|5200|NA|6|2|0|0|NA|0
"720319800031"|0|1|0|0|0|0|0|1|1|0|0|1|1|0|0|12500|12500|NA|NA|NA|0|0|0|0|NA|0
"720352602022"|0|1|0|0|0|0|0|1|1|1|0|0|0|1|0|5024|5024|NA|NA|NA|283|65|210|10666908|50794.8|0
"720531503021"|0|1|1|0|0|0|0|1|1|1|0|0|0|1|0|4848|4848|4086|4086|NA|77|29|52|2717616|52261.8461538462|0
"720531506022"|0|1|0|0|0|0|0|1|1|0|0|1|1|0|0|3700|3700|NA|NA|NA|0|0|0|0|NA|0
"720572702013"|0|1|1|0|0|0|0|1|1|1|0|0|0|1|0|4848|4848|4086|4086|NA|73|30|72|3330096|46251.3333333333|0
"720572706004"|0|1|0|0|0|0|0|1|1|1|1|0|1|0|0|1500|1500|NA|NA|NA|20|11|62|2004800|32335.4838709677|0
"720610405001"|0|1|1|0|0|0|0|1|1|1|0|0|0|1|0|5520|5520|3360|3360|NA|48|17|106|3465948|32697.6226415094|0
"720632105052"|0|1|1|0|0|0|0|1|1|1|0|0|0|0|1|4920|4920|2652|2652|NA|252|107|290|14662830|50561.4827586207|0
"720691803021"|0|1|0|0|1|0|0|1|1|1|0|0|0|1|0|5024|5024|NA|NA|NA|314|113|298|20795644|69784.0402684564|0
"720691806003"|0|1|0|0|0|0|0|1|1|1|0|0|1|0|0|5400|11100|NA|NA|NA|12|4|8|185924|23240.5|0
"720691806004"|0|1|0|0|0|0|0|1|1|1|0|0|1|0|0|12300|12300|NA|NA|NA|41|6|6|170400|28400|0
"720691806005"|0|2|0|0|0|0|0|2|2|1|0|1|2|0|0|12672|12672|NA|NA|NA|19|2|14|283130|NA|0
"720714104042"|0|1|0|0|0|0|0|1|1|0|0|1|1|0|0|NA|NA|NA|NA|NA|0|0|0|0|NA|0
"720757103011"|0|1|0|0|0|0|0|1|1|0|0|1|1|0|0|NA|NA|NA|NA|NA|0|0|0|0|NA|0
"720757106001"|0|1|1|0|0|0|0|1|1|1|0|0|1|0|0|7080|7080|5335|5335|NA|12|2|20|640000|32000|0
"720915701002"|0|1|0|0|0|0|0|1|1|1|0|0|1|0|0|7080|7080|NA|NA|NA|14|2|40|1260000|31500|0
"720915701003"|0|1|1|0|0|0|0|1|1|1|0|0|1|0|0|5400|5400|6720|6720|NA|29|12|8|273000|34125|0
"720915703002"|0|1|0|0|0|0|0|1|1|1|0|0|1|0|0|6080|6080|NA|NA|NA|108|24|42|995030|23691.1904761905|0
"720915703003"|0|1|0|0|0|0|0|1|1|1|0|0|1|0|0|5400|11100|NA|NA|NA|19|7|28|702486|25088.7857142857|0
"720915703004"|0|2|0|0|0|0|0|2|2|1|1|1|2|0|0|NA|NA|NA|NA|NA|16|6|26|831574|NA|0
"720915705002"|0|1|0|0|0|0|0|1|1|1|1|0|1|0|0|1500|1500|NA|NA|NA|20|10|74|3374000|45594.5945945946|0
"720970801001"|0|1|1|0|1|0|0|1|1|1|0|0|0|0|1|5024|5024|3600|3600|NA|1628|489|872|68221646|78235.8325688073|0
"720970806001"|0|2|0|0|0|0|0|2|2|0|0|2|2|0|0|NA|NA|NA|NA|NA|0|0|0|0|NA|0
"720970812001"|0|1|0|0|0|0|0|1|0|0|0|0|0|0|0|NA|NA|NA|NA|NA|0|0|0|0|NA|0
"720970818001"|0|1|1|0|0|0|0|1|1|1|0|0|1|0|0|6500|6500|2090|2090|6600|83|30|60|1956686|32611.4333333333|0
"720970821031"|0|1|1|0|0|0|0|1|1|1|0|0|1|0|0|5160|5160|5670|5670|NA|38|14|68|3082302|45327.9705882353|0
"720970823001"|0|1|0|0|0|0|0|1|1|1|1|0|1|0|0|7380|7380|NA|NA|NA|16|5|18|630880|35048.8888888889|0
"721130701002"|0|1|0|0|0|0|0|1|1|0|0|1|1|0|0|8200|8200|NA|NA|NA|0|0|0|0|NA|0
"721130705033"|0|1|1|0|0|0|0|1|1|1|0|0|1|0|0|4478|4478|5200|5200|NA|14|6|32|876000|27375|0
"721130712001"|0|3|0|0|0|0|0|3|3|0|0|3|3|0|0|NA|NA|NA|NA|NA|0|0|0|0|NA|0
"721130715001"|0|1|0|0|0|0|0|1|0|0|0|0|0|0|0|NA|NA|NA|NA|NA|0|0|0|0|NA|0
"721130716011"|0|0|1|0|0|1|0|1|1|1|0|0|1|0|0|NA|NA|23278|26266|NA|102|37|128|9665350|75510.546875|0
"721130717001"|0|1|1|0|0|0|0|1|1|1|0|0|0|1|0|5160|5160|5670|5670|5425|457|208|404|20166980|49918.2673267327|0
"721130721011"|0|1|0|0|0|0|0|1|1|1|0|0|0|1|0|5024|5024|NA|NA|NA|230|77|154|10015154|65033.4675324675|0
"721130722021"|0|1|1|0|0|0|0|1|1|1|0|0|0|1|0|4848|4848|2724|2724|NA|181|57|162|8914984|55030.7654320988|0
"721130722022"|0|1|1|0|0|0|0|1|1|1|0|0|1|0|0|8551|17101|10593|13050|NA|0|0|0|0|NA|0
"721258405002"|0|1|1|0|0|0|0|1|1|1|0|0|0|1|0|4848|4848|4086|4086|5832|222|70|132|7715496|58450.7272727273|0
"721270005061"|0|1|1|0|0|0|0|1|1|1|0|0|0|1|0|6006|6006|6558|6558|NA|140|30|68|3459966|50881.8529411765|0
"721270005062"|0|1|1|0|0|0|0|2|2|2|0|0|2|0|0|NA|NA|NA|NA|NA|58|14|50|1550772|NA|0
"721270018002"|0|1|0|0|0|0|0|1|1|0|0|1|1|0|0|7050|7050|NA|NA|NA|0|0|0|0|NA|0
"721270019001"|0|1|1|0|0|0|0|1|1|1|0|0|1|0|0|2520|2520|2160|2160|NA|57|26|78|2833014|36320.6923076923|0
"721270019004"|0|1|0|0|0|0|0|1|1|0|0|1|1|0|0|NA|NA|NA|NA|NA|0|0|0|0|NA|0
"721270024002"|0|1|2|0|0|0|0|2|2|2|0|0|1|1|0|NA|NA|37944|37944|NA|261|41|140|6148780|NA|0
"721270039023"|0|1|0|0|0|0|0|1|1|0|0|1|1|0|0|NA|NA|NA|NA|NA|0|0|0|0|NA|0
"721270051011"|0|1|0|0|0|0|0|1|1|1|1|0|1|0|0|3607|3607|NA|NA|NA|14|8|72|2445952|33971.5555555556|0
"721270058004"|0|1|1|0|0|0|0|1|1|1|0|0|0|0|1|5024|5024|3870|3870|NA|1245|406|1444|104610096|72444.6648199446|0
"721270060002"|0|1|1|0|0|0|0|1|1|1|0|0|1|0|0|6480|6480|5335|5335|NA|20|2|74|1688472|22817.1891891892|0
"721270061011"|0|1|0|0|0|0|0|1|1|0|0|1|1|0|0|13630|13630|NA|NA|NA|0|0|0|0|NA|0
"721270063023"|0|2|1|0|0|0|0|2|2|1|0|1|1|1|0|NA|NA|NA|NA|NA|217|99|268|13188830|NA|0
"721270065002"|0|1|0|0|0|0|0|1|1|0|0|0|0|0|0|NA|NA|NA|NA|NA|0|0|0|0|NA|0
"721270066003"|0|0|1|0|0|0|0|1|1|1|0|0|1|0|0|NA|NA|4515|4515|NA|13|2|10|628000|62800|0
"721270066004"|0|2|2|0|1|0|0|2|2|2|0|0|1|1|0|9960|15660|14700|14700|NA|174|51|110|3158424|NA|0
"721270067011"|0|1|0|0|0|0|0|1|1|1|1|0|1|0|0|7380|7380|NA|NA|NA|46|16|22|726416|33018.9090909091|0
"721270068003"|0|1|0|0|0|0|0|1|1|0|0|1|1|0|0|8000|8000|NA|NA|NA|0|0|0|0|NA|0
"721270084002"|0|1|1|0|1|1|0|1|1|1|0|0|0|1|0|5652|5652|10440|10440|NA|733|233|646|52532088|81319.0216718266|0
"721270086021"|0|1|1|0|0|0|0|1|1|0|0|0|0|0|0|NA|NA|NA|NA|NA|236|77|0|0|NA|0
"721270091212"|0|1|0|0|0|0|0|1|1|1|0|0|1|0|0|12300|12300|NA|NA|NA|40|7|6|194400|32400|0
"721270096012"|0|2|2|0|0|0|0|2|2|1|0|0|0|1|0|NA|NA|NA|NA|NA|605|184|236|10479856|NA|0
"721270096021"|0|1|1|0|0|0|0|1|1|1|0|0|0|1|0|4848|4848|4086|4086|11882|291|79|268|15612448|58255.4029850746|0
"721270099034"|0|1|1|0|0|0|0|1|1|1|0|0|1|0|0|3720|3720|4080|4080|3760|15|4|0|0|NA|0
"721270100441"|0|1|0|0|0|0|0|1|1|0|0|1|1|0|0|NA|NA|NA|NA|NA|0|0|0|0|NA|0
"721270105002"|0|0|1|0|0|0|0|1|1|1|0|0|1|0|0|NA|NA|15600|15600|NA|71|19|36|3504024|97334|0
"721270105003"|0|1|0|0|0|0|0|1|1|1|0|0|1|0|0|2040|2040|NA|NA|NA|66|20|36|1361400|37816.6666666667|0
"721279800001"|0|1|1|0|0|0|0|1|1|0|0|0|0|0|0|NA|NA|NA|NA|NA|344|103|18|1043982|57999|0
"721292203002"|0|1|0|0|0|0|0|1|1|0|0|1|1|0|0|NA|NA|NA|NA|NA|0|0|0|0|NA|0
"721310092001"|0|1|1|0|0|0|0|1|1|1|0|0|1|0|0|5400|11100|6300|6300|NA|79|16|76|2200590|28955.1315789474|0
"721390601022"|0|1|1|0|0|0|0|1|1|1|0|0|1|0|0|5760|5760|4995|4995|NA|19|5|30|277154|9238.46666666667|0
"721419572003"|0|1|0|0|0|0|0|1|1|1|0|0|1|0|0|5024|5024|NA|NA|NA|103|34|58|4189268|72228.7586206897|0
"721455603003"|0|1|1|0|0|0|0|1|1|1|0|0|1|0|0|4776|4776|5200|5200|NA|8|3|10|262242|26224.2|0
"721497205022"|0|1|0|0|0|0|0|1|1|1|0|0|1|0|0|5400|11100|NA|NA|NA|16|6|4|74160|18540|0
"780309608001"|0|1|1|1|0|0|0|1|1|1|0|0|0|1|0|4631|13892|6948|13230|9900|396|28|224|15325534|68417.5625|0
NA|0|32|12|1|0|1|0|36|35|23|6|11|20|8|6|NA|NA|NA|NA|NA|11514|3262|9566|880423262|NA|0
