"fips"|"inactive_win12"|"undergrad_school_prog"|"grad_school_prog"|"hbcu"|"hospital"|"medical_school_prog"|"tribal_school_prog"|"public_college_university"|"post_secondary_institution"|"degree_granting"|"grants_associates_certificate_only"|"not_degree_granting"|"size_lt1k"|"size_1k_10k"|"size_gt10k"|"cost_undergrad_instate"|"cost_undergrad_outstate"|"cost_grad_instate"|"cost_grad_outstate"|"cost_oncampus_living"|"ft_noninst_academic_staff"|"ft_community_admin_staff"|"total_instructional_staff"|"total_inst_staff_salary"|"est_avg_inst_staff_salary"|"no_reported_inst_staff"
"010030103005"|0|1|0|0|0|0|0|1|1|1|1|0|0|1|0|3990|7980|NA|NA|5900|177|52|338|21490104|63580.1893491124|0
"010030107103"|0|1|1|0|0|0|0|1|1|1|0|0|1|0|0|17424|17424|19440|19440|NA|29|7|14|965116|68936.8571428571|0
"010030114112"|0|1|1|0|0|0|0|1|1|1|0|0|0|0|1|5640|5640|3900|3900|NA|510|180|616|30354614|49276.9707792208|0
"010030115032"|0|1|0|0|0|0|0|1|1|0|0|1|1|0|0|NA|NA|NA|NA|NA|0|0|0|0|NA|0
"010150021011"|0|1|1|0|0|0|0|1|1|1|0|0|0|1|0|9720|19440|9600|19200|8110|615|224|696|47563628|68338.5459770115|0
"010259579023"|0|1|0|0|0|0|0|1|1|0|0|1|1|0|0|NA|NA|NA|NA|NA|0|0|0|0|NA|0
"010310113002"|0|1|0|0|0|0|0|1|1|1|1|0|0|1|0|3990|7980|NA|NA|NA|60|33|108|6555810|60701.9444444444|0
"010330207041"|0|1|0|0|0|0|0|1|1|1|1|0|0|1|0|3990|7980|NA|NA|NA|141|41|148|8587428|58023.1621621622|0
"010359605001"|0|1|0|0|0|0|0|1|1|1|1|0|1|0|0|3990|7980|NA|NA|NA|31|15|30|1776294|59209.8|0
"010399620001"|0|1|0|0|0|0|0|1|1|1|1|0|0|1|0|3990|7980|NA|NA|5550|60|28|108|6322872|58545.1111111111|0
"010439654013"|0|1|0|0|0|0|0|1|1|1|1|0|0|1|0|3990|7980|NA|NA|4900|149|59|246|16973898|68999.5853658537|0
"010450214003"|0|1|0|0|0|0|0|1|1|1|1|0|0|1|0|3990|7980|NA|NA|NA|131|54|258|14988734|58095.8682170543|0
"010479561011"|0|1|0|0|0|0|0|1|1|1|1|0|0|1|0|3990|7980|NA|NA|NA|88|39|96|5135842|53498.3541666667|0
"010479568001"|0|1|1|1|0|0|0|1|1|0|0|0|0|0|0|NA|NA|NA|NA|NA|0|0|0|0|NA|0
"010510309013"|0|1|0|0|0|0|0|1|1|1|1|0|1|0|0|4788|4788|NA|NA|NA|68|22|68|3834720|56392.9411764706|0
"010550016003"|0|1|0|1|0|0|0|1|1|1|1|0|0|1|0|4096|8352|NA|NA|4800|196|81|258|15604430|60482.2868217054|0
"010690415003"|0|1|0|0|0|0|0|1|1|0|0|1|1|0|0|NA|NA|NA|NA|NA|0|0|0|0|NA|0
"010690416001"|0|0|1|0|0|1|0|1|1|1|0|0|1|0|0|NA|NA|NA|NA|NA|0|0|0|0|NA|0
"010719511013"|0|1|0|0|0|0|0|1|1|1|1|0|0|1|0|3990|7980|NA|NA|NA|73|38|112|7097718|63372.4821428571|0
"010730027012"|0|1|1|0|0|0|0|1|1|1|0|0|0|1|0|13320|13320|14940|14940|NA|0|0|0|0|NA|0
"010730030011"|0|1|0|0|0|0|0|1|1|1|0|0|0|1|0|17650|17650|NA|NA|12900|177|77|204|13491024|66132.4705882353|0
"010730045024"|0|1|1|0|1|1|0|1|1|1|0|0|0|0|1|8568|20400|8100|19188|12307|3268|659|1772|212416674|119873.969525959|0
"010730051043"|0|1|1|0|0|0|0|1|1|1|0|0|1|0|0|13320|13320|10800|10800|NA|15|3|30|2269370|75645.6666666667|0
"010730102002"|0|1|0|0|0|0|0|1|1|0|0|1|1|0|0|NA|NA|NA|NA|NA|0|0|0|0|NA|0
"010730106045"|0|1|0|1|0|0|0|1|1|1|0|0|0|1|0|11164|11164|NA|NA|7348|176|100|166|8510472|51267.9036144578|0
"010730107041"|0|1|1|0|0|0|0|1|1|1|0|0|0|1|0|33248|33248|20587|20587|11260|598|300|724|64903808|89646.1436464088|0
"010730112091"|0|1|0|0|0|0|0|1|1|1|1|0|0|1|0|4920|8910|NA|NA|NA|208|95|262|16456858|62812.4351145038|0
"010730117073"|0|1|0|0|0|0|0|1|1|0|0|1|1|0|0|NA|NA|NA|NA|NA|0|0|0|0|NA|0
"010730131004"|0|1|0|1|0|0|0|1|1|1|1|0|0|1|0|3990|7980|NA|NA|4760|127|65|158|9632928|60967.8987341772|0
"010730132001"|0|1|0|0|0|0|0|1|1|0|0|1|1|0|0|NA|NA|NA|NA|NA|0|0|0|0|NA|0
"010730143044"|0|1|0|0|0|0|0|1|1|1|1|0|1|0|0|13514|13514|NA|NA|NA|20|8|20|1046400|52320|0
"010730144083"|0|1|0|0|0|0|0|1|1|0|0|1|1|0|0|NA|NA|NA|NA|NA|0|0|0|0|NA|0
"010730144091"|0|1|0|0|0|0|0|1|1|0|0|1|1|0|0|NA|NA|NA|NA|NA|0|0|0|0|NA|0
"010770101001"|0|1|1|0|0|0|0|1|1|1|0|0|0|1|0|9600|19200|6660|13320|7966|465|159|544|44527514|81852.0477941177|0
"010770115041"|0|1|1|0|0|0|0|1|1|1|0|0|1|0|0|10152|10152|4482|4482|5745|24|3|12|851644|70970.3333333333|0
"010810407002"|0|1|1|0|0|1|0|1|1|1|0|0|0|0|1|10080|30240|10080|30240|13778|4001|1223|2856|298814032|104626.761904762|0
"010830207001"|0|1|1|0|0|0|0|1|1|1|0|0|0|1|0|6180|12360|6936|12000|NA|146|51|168|13701524|81556.6904761905|0
"010830211011"|0|1|0|0|0|0|0|1|1|1|1|0|0|1|0|3990|7980|NA|NA|NA|228|124|306|18991308|62063.0980392157|0
"010872317001"|0|1|1|1|0|1|0|1|1|1|0|0|0|1|0|19594|19594|20378|20378|9844|484|140|472|35800958|75849.4872881356|0
"010890002032"|0|2|1|2|0|0|0|2|2|2|1|0|1|1|0|12600|25200|NA|NA|NA|560|285|554|36466468|120062.060770751|0
"010890014043"|0|2|0|0|0|0|0|2|2|0|0|2|2|0|0|NA|NA|NA|NA|NA|0|0|0|0|NA|0
"010890015003"|0|1|1|0|0|0|0|1|1|1|0|0|0|1|0|9730|22126|10632|24430|10652|1045|247|706|64114752|90814.0963172804|0
"010890030001"|0|1|1|0|0|0|0|1|1|1|0|0|1|0|0|4200|4200|4230|4230|NA|7|1|0|0|NA|0
"010890106252"|0|1|1|1|0|0|0|1|1|1|0|0|0|1|0|18974|18974|13680|13680|9374|197|62|210|10728298|51087.1333333333|0
"010890110213"|0|1|0|0|0|0|0|1|1|0|0|1|1|0|0|NA|NA|NA|NA|NA|0|0|0|0|NA|0
"010950308013"|0|1|0|0|0|0|0|1|1|0|0|1|1|0|0|NA|NA|NA|NA|NA|0|0|0|0|NA|0
"010950311003"|0|1|0|0|0|0|0|1|1|1|1|0|0|1|0|4256|8512|NA|NA|4675|62|29|72|5936820|82455.8333333333|0
"010970004012"|0|1|0|1|0|0|0|1|1|1|1|0|0|1|0|3990|7980|NA|NA|NA|111|63|118|7294660|61819.1525423729|0
"010970021001"|0|1|0|0|0|0|0|1|1|0|0|1|1|0|0|17980|17980|NA|NA|NA|0|0|0|0|NA|0
"010970029003"|0|1|0|0|0|0|0|1|1|0|0|1|1|0|0|NA|NA|NA|NA|NA|0|0|0|0|NA|0
"010970032061"|0|1|0|0|0|0|0|1|1|1|0|0|1|0|0|17148|17148|NA|NA|NA|20|2|18|821142|45619|0
"010970033021"|0|1|1|0|0|0|0|1|1|1|0|0|0|1|0|39336|39336|7182|7182|14062|131|44|154|8407052|54591.2467532468|0
"010970037032"|0|1|0|0|0|0|0|1|1|0|0|1|1|0|0|NA|NA|NA|NA|NA|0|0|0|0|NA|0
"010970061061"|0|1|1|0|0|0|0|1|1|1|0|0|0|1|0|22700|22700|11260|11260|9886|115|71|136|6865596|50482.3235294118|0
"010979800001"|0|1|1|0|1|1|0|1|1|1|0|0|0|0|1|7896|15792|7956|15912|7900|1106|315|1136|87114280|76685.1056338028|0
"011010010002"|0|1|0|1|0|0|0|1|1|1|1|0|0|1|0|3990|7980|NA|NA|NA|72|35|102|5632822|55223.7450980392|0
"011010014002"|0|1|0|0|0|0|0|1|1|1|0|0|1|0|0|25546|25546|NA|NA|10150|123|51|104|6445610|61977.0192307692|0
"011010015003"|0|1|1|1|0|0|0|1|1|1|0|0|0|1|0|8328|16656|7416|14832|6050|551|180|442|31799640|71944.8868778281|0
"011010017001"|0|1|0|0|0|0|0|1|1|0|0|1|1|0|0|NA|NA|NA|NA|NA|0|0|0|0|NA|0
"011010026004"|0|1|1|0|0|0|0|1|1|1|0|0|0|1|0|21000|21000|10350|10350|8100|167|87|244|15017238|61546.0573770492|0
"011010054023"|0|1|0|0|0|0|0|1|1|1|1|0|1|0|0|13952|13952|NA|NA|NA|0|0|0|0|NA|0
"011010054072"|0|2|2|0|0|0|0|2|2|2|0|0|1|1|0|16992|26952|19278|28746|NA|361|138|520|37534770|128368.291428571|0
"011010054104"|0|1|1|0|0|0|0|1|1|1|0|0|1|0|0|16920|16920|15600|15600|NA|24|2|8|473292|59161.5|0
"011056870022"|0|1|0|0|0|0|0|1|1|1|0|0|1|0|0|17240|17240|NA|NA|11380|50|8|46|2498880|54323.4782608696|0
"011056870024"|0|1|0|0|0|0|0|1|1|1|1|0|1|0|0|6000|12000|NA|NA|4950|84|25|44|2360446|53646.5|0
"011091891012"|0|1|1|0|0|0|0|1|1|1|0|0|0|0|1|7800|15600|7650|15300|6904|855|433|964|69097472|71677.8755186722|0
"011110006002"|0|1|0|0|0|0|0|1|1|1|1|0|0|1|0|3990|8850|NA|NA|4400|120|61|186|9981482|53663.8817204301|0
"011130306013"|0|1|0|0|0|0|0|1|1|1|1|0|0|1|0|3990|7980|NA|NA|NA|52|20|84|4746830|56509.880952381|0
"011170304071"|0|1|1|0|0|0|0|1|1|1|0|0|0|1|0|12090|25110|10512|25128|9810|315|134|284|19483718|68604.6408450704|0
"011190113011"|0|1|1|0|0|0|0|1|1|1|0|0|0|1|0|9100|18200|6678|13356|7510|306|103|228|14190172|62237.5964912281|0
"011210107001"|0|1|1|1|0|0|0|1|1|1|0|0|0|1|0|12130|12130|16000|16000|8934|105|31|82|4672480|56981.4634146341|0
"011239623022"|0|1|0|0|0|0|0|1|1|1|1|0|0|1|0|3990|7920|NA|NA|NA|58|23|86|5212036|60605.0697674419|0
"011250112002"|0|2|2|0|0|0|0|2|2|1|0|0|0|0|1|NA|NA|NA|NA|NA|4555|1426|3034|294442006|NA|0
"011250117012"|0|1|0|1|0|0|0|1|1|1|0|0|1|0|0|9548|9548|NA|NA|10054|93|35|86|4579500|53250|0
"011250125051"|0|1|0|1|0|0|0|1|1|1|1|0|0|1|0|3990|7980|NA|NA|NA|171|74|198|11896364|60082.6464646465|0
"011270203011"|0|1|0|0|0|0|0|1|1|1|1|0|0|1|0|4256|8512|NA|NA|4576|141|55|208|12633242|60736.7403846154|0
"020200015004"|0|1|0|0|0|0|0|1|1|1|1|0|1|0|0|NA|NA|NA|NA|NA|20|11|10|499920|49992|0
"020200016021"|0|2|2|0|0|0|0|2|2|2|0|0|1|0|1|27574|43422|22473|34359|20962|997|356|920|75031672|145297.377426883|0
"020900013002"|0|2|2|0|0|0|0|2|2|1|0|0|0|1|0|NA|NA|NA|NA|NA|1872|355|578|50297316|NA|0
"021100001002"|0|1|1|0|0|0|0|1|1|1|0|0|0|1|0|7250|23154|10978|23091|9800|164|58|174|13302182|76449.3218390805|0
"021220007022"|0|1|0|0|0|0|0|1|1|1|1|0|1|0|0|8300|8300|NA|NA|11350|9|0|4|224992|56248|0
"021220013002"|0|1|0|0|0|0|0|1|1|0|0|1|1|0|0|NA|NA|NA|NA|NA|0|0|0|0|NA|0
"021700012012"|0|1|0|0|0|0|0|1|1|1|0|0|1|0|0|9000|9000|NA|NA|6000|7|1|0|0|NA|0
"021850001001"|0|1|0|0|0|0|1|1|1|1|0|0|1|0|0|4440|4440|NA|NA|13000|59|18|26|2337808|89915.6923076923|0
"040019441004"|0|1|0|0|0|0|1|1|1|1|0|0|0|1|0|1320|1320|NA|NA|4940|221|61|126|7039256|55867.1111111111|0
"040030017023"|0|2|1|0|0|0|0|2|2|2|1|0|1|1|0|10903|39513|NA|NA|NA|276|106|242|14990458|133857.255154639|0
"040050003013"|0|1|0|0|0|0|0|1|1|1|0|0|1|0|0|6480|6480|NA|NA|5600|9|0|4|211240|52810|0
"040050003022"|0|1|0|0|0|0|0|1|1|0|0|1|1|0|0|NA|NA|NA|NA|NA|0|0|0|0|NA|0
"040050009021"|0|1|0|0|0|0|0|1|1|1|1|0|0|1|0|3119|9492|NA|NA|NA|110|40|82|5591380|68187.5609756098|0
"040050010001"|0|1|1|0|0|0|0|1|1|1|0|0|0|0|1|10243|16248|10309|18630|11106|1982|418|1950|161845608|82997.7476923077|0
"040050011033"|0|1|0|0|0|0|0|1|1|1|1|0|1|0|0|16600|16600|NA|NA|NA|8|0|2|190584|95292|0
"040099612012"|0|1|0|0|0|0|0|1|1|1|1|0|0|1|0|2700|9120|NA|NA|7835|162|64|168|11797422|70222.75|0
"040130506123"|0|0|0|0|0|0|0|1|0|0|0|0|0|0|0|NA|NA|NA|NA|NA|0|0|0|0|NA|0
"040130610211"|0|1|0|0|0|0|0|1|1|1|1|0|0|1|0|2040|7824|NA|NA|NA|207|23|208|16758866|80571.4711538462|0
"040130610241"|0|1|0|0|0|0|0|1|1|0|0|1|1|0|0|NA|NA|NA|NA|NA|0|0|0|0|NA|0
"040130610281"|0|1|1|0|0|0|0|1|1|1|0|0|1|0|0|28000|28000|10428|10428|14762|80|40|20|1362062|68103.1|0
"040130715095"|0|1|0|0|0|0|0|1|1|0|0|1|1|0|0|NA|NA|NA|NA|NA|0|0|0|0|NA|0
"040130820242"|0|1|0|0|0|0|0|1|1|0|0|1|1|0|0|NA|NA|NA|NA|NA|0|0|0|0|NA|0
"040130820271"|0|1|0|0|0|0|0|1|1|1|1|0|0|1|0|NA|NA|NA|NA|NA|55|1|90|5712636|63473.7333333333|0
"040130923051"|0|1|0|0|0|0|0|1|1|1|1|0|0|0|1|2040|7824|NA|NA|NA|346|54|520|43010854|82713.1807692308|0
"040130923091"|0|1|0|0|0|0|0|1|1|1|1|0|1|0|0|15816|15816|NA|NA|NA|17|3|20|964012|48200.6|0
"040130927203"|0|1|0|0|0|0|0|1|1|0|0|1|1|0|0|NA|NA|NA|NA|NA|0|0|0|0|NA|0
"040130930013"|0|1|0|0|0|0|0|1|1|0|0|1|1|0|0|NA|NA|NA|NA|NA|0|0|0|0|NA|0
"040131032072"|0|1|0|0|0|0|0|1|1|0|0|1|1|0|0|NA|NA|NA|NA|NA|0|0|0|0|NA|0
"040131040002"|0|1|0|0|0|0|0|1|1|1|1|0|1|0|0|NA|NA|NA|NA|NA|20|9|68|3087924|45410.6470588235|0
"040131042054"|0|1|0|0|0|0|0|1|1|1|0|0|1|0|0|16600|16600|NA|NA|NA|21|1|10|721570|72157|0
"040131042072"|0|2|0|0|0|0|0|2|2|1|0|1|2|0|0|NA|NA|NA|NA|NA|7|0|0|0|NA|0
"040131042172"|0|1|0|0|0|0|0|1|1|1|0|0|1|0|0|27500|27500|NA|NA|10871|113|65|50|2805908|56118.16|0
"040131042191"|0|1|1|0|0|0|0|1|0|0|0|0|0|0|0|NA|NA|NA|NA|NA|0|0|0|0|NA|0
"040131044022"|0|2|1|0|0|0|0|2|2|1|0|1|0|2|0|NA|NA|NA|NA|NA|14|1|6|483146|NA|0
"040131050031"|0|0|1|0|0|0|0|1|1|1|0|0|1|0|0|NA|NA|39750|39750|NA|2|0|6|223076|37179.3333333333|0
"040131055011"|0|1|1|0|0|0|0|1|1|1|0|0|0|1|0|NA|NA|NA|NA|NA|38|4|48|3748614|78096.125|0
"040131055022"|0|3|1|0|0|0|0|3|3|3|1|0|3|0|0|NA|NA|NA|NA|NA|61|2|56|4270154|NA|0
"040131065012"|0|1|1|0|0|0|0|1|1|1|0|0|1|0|0|7800|7800|5850|5850|NA|18|1|0|0|NA|0
"040131069001"|0|1|0|0|0|0|0|1|1|0|0|1|1|0|0|NA|NA|NA|NA|NA|0|0|0|0|NA|0
"040131072011"|0|1|1|0|0|0|0|1|1|1|0|0|0|0|1|16424|16424|10528|10528|7800|1190|220|922|68464956|74257.0021691974|0
"040131072021"|0|1|0|0|0|0|0|1|1|0|0|1|1|0|0|NA|NA|NA|NA|NA|0|0|0|0|NA|0
"040131075002"|0|0|1|0|0|0|0|1|1|1|0|0|1|0|0|NA|NA|17346|17346|NA|11|2|2|80000|40000|0
"040131104002"|0|1|0|0|0|0|0|1|1|1|1|0|0|1|0|2040|7824|NA|NA|NA|258|43|302|24183110|80076.5231788079|0
"040131114011"|0|1|0|0|0|0|0|1|1|0|0|1|1|0|0|NA|NA|NA|NA|NA|0|0|0|0|NA|0
"040131118003"|0|1|1|0|0|0|0|1|1|0|0|0|0|0|0|NA|NA|NA|NA|NA|36|16|0|0|NA|0
"040131129002"|0|1|0|0|0|0|0|1|1|0|0|1|1|0|0|NA|NA|NA|NA|NA|0|0|0|0|NA|0
"040131131003"|0|1|1|0|0|0|0|1|0|0|0|0|0|0|0|NA|NA|NA|NA|NA|0|0|0|0|NA|0
"040131138004"|0|1|0|0|0|0|0|1|1|1|1|0|1|0|0|NA|NA|NA|NA|NA|20|5|48|2528844|52684.25|0
"040131138005"|0|1|0|0|0|0|0|1|1|1|1|0|0|1|0|2040|7824|NA|NA|NA|228|31|216|16502292|76399.5|0
"040131152003"|0|1|1|0|0|0|0|1|1|1|0|0|0|0|1|9552|9552|17096|17096|NA|3156|1213|160|10451608|65322.55|0
"040131163003"|0|1|0|0|0|0|0|1|1|1|1|0|0|1|0|2040|7824|NA|NA|NA|151|14|118|9376148|79458.8813559322|0
"040131172003"|0|1|0|0|0|0|0|1|1|0|0|1|1|0|0|NA|NA|NA|NA|NA|0|0|0|0|NA|0
"040132168092"|0|1|0|0|0|0|0|1|1|0|0|1|1|0|0|NA|NA|NA|NA|NA|0|0|0|0|NA|0
"040132168131"|0|0|1|0|0|0|0|1|1|1|0|0|1|0|0|NA|NA|9000|9000|NA|20|3|12|794990|66249.1666666667|0
"040132168572"|0|1|0|0|0|0|0|1|1|0|0|1|1|0|0|NA|NA|NA|NA|NA|0|0|0|0|NA|0
"040132182004"|0|1|1|0|0|0|0|1|1|1|0|0|0|0|1|10710|10820|6516|6516|NA|437|112|2006|182438070|90946.1964107677|0
"040133187002"|0|1|0|0|0|0|0|1|1|1|1|0|1|0|0|10440|10440|NA|NA|NA|22|2|0|0|NA|0
"040133190011"|0|1|1|0|0|0|0|1|1|1|0|0|0|0|1|10710|28800|11720|26160|13510|8032|2007|6352|659265538|103788.6552267|0
"040133192022"|0|0|1|0|0|0|0|1|1|1|0|0|1|0|0|NA|NA|20160|20160|NA|91|22|34|2469756|72639.8823529412|0
"040133193002"|0|1|0|0|0|0|0|1|1|0|0|1|1|0|0|NA|NA|NA|NA|NA|0|0|0|0|NA|0
"040133195004"|0|1|0|0|0|0|0|1|1|1|1|0|1|0|0|NA|NA|NA|NA|NA|76|2|2|120000|60000|0
"040133197083"|0|1|1|0|0|0|0|1|1|1|0|0|1|0|0|16442|16442|17500|17500|9400|55|8|70|4519760|64568|0
"040133197101"|0|5|0|0|0|0|0|5|5|4|2|0|2|1|1|NA|NA|NA|NA|NA|1137|130|194|12131864|NA|0
"040133199102"|0|1|0|0|0|0|0|1|1|0|0|1|1|0|0|NA|NA|NA|NA|NA|0|0|0|0|NA|0
"040133201001"|0|1|1|0|0|0|0|1|1|1|0|0|0|1|0|11734|11734|4000|4000|NA|110|2|26|1602458|61633|0
"040134213031"|0|1|0|0|0|0|0|1|1|1|1|0|1|0|0|15816|15816|NA|NA|NA|11|2|10|479826|47982.6|0
"040134213042"|0|1|0|0|0|0|0|1|1|0|0|1|1|0|0|NA|NA|NA|NA|NA|0|0|0|0|NA|0
"040134221033"|0|1|0|0|0|0|0|1|1|1|1|0|1|0|0|NA|NA|NA|NA|NA|32|18|98|6255934|63836.0612244898|0
"040134222032"|0|1|0|0|0|0|0|1|1|1|1|0|1|0|0|NA|NA|NA|NA|NA|26|2|30|2285788|76192.9333333333|0
"040134222102"|0|1|0|0|0|0|0|1|1|0|0|1|1|0|0|NA|NA|NA|NA|NA|0|0|0|0|NA|0
"040134222163"|0|1|0|0|0|0|0|1|1|0|0|1|1|0|0|NA|NA|NA|NA|NA|0|0|0|0|NA|0
"040134222251"|0|1|0|0|0|0|0|1|1|1|1|0|0|0|1|2040|7824|NA|NA|NA|401|71|578|48203308|83396.7266435986|0
"040134226223"|0|1|0|0|0|0|0|1|1|1|1|0|1|0|0|NA|NA|NA|NA|NA|13|6|20|1053990|52699.5|0
"040135228021"|0|1|1|0|0|0|0|1|0|0|0|0|0|0|0|NA|NA|NA|NA|NA|0|0|0|0|NA|0
"040135230061"|0|1|0|0|0|0|0|1|1|0|0|1|1|0|0|NA|NA|NA|NA|NA|0|0|0|0|NA|0
"040136145003"|0|1|0|0|0|0|0|1|1|0|0|1|1|0|0|NA|NA|NA|NA|NA|0|0|0|0|NA|0
"040136147001"|0|0|0|0|0|0|0|1|0|0|0|0|0|0|0|NA|NA|NA|NA|NA|0|0|0|0|NA|0
"040136160002"|0|0|1|0|1|1|0|1|1|1|0|0|0|1|0|NA|NA|46825|46825|NA|583|147|452|63513138|140515.792035398|0
"040136189001"|0|1|0|0|0|0|0|1|1|0|0|1|1|0|0|NA|NA|NA|NA|NA|0|0|0|0|NA|0
"040136196021"|0|1|0|0|0|0|0|1|1|1|1|0|0|1|0|2040|7824|NA|NA|NA|169|27|226|18483382|81784.8761061947|0
"040138104002"|0|1|0|0|0|0|0|1|1|0|0|1|1|0|0|NA|NA|NA|NA|NA|0|0|0|0|NA|0
"040138117001"|0|1|0|0|0|0|0|1|1|1|1|0|0|0|1|2040|7824|NA|NA|11100|252|36|276|22461146|81380.9637681159|0
"040138122002"|0|1|1|0|0|0|0|1|1|1|0|0|1|0|0|12900|12900|7740|7740|7000|12|4|14|511890|36563.5714285714|0
"040138124005"|0|1|1|0|0|0|0|1|1|1|0|0|0|0|1|11121|11121|12321|12321|NA|782|26|180|13131270|72951.5|0
"040139413001"|0|2|0|0|0|0|0|2|2|1|1|1|1|1|0|NA|NA|NA|NA|NA|229|37|260|21832870|NA|0
"040159507083"|0|1|0|0|0|0|0|1|1|1|1|0|0|1|0|1944|6804|NA|NA|NA|188|74|164|9954618|60698.8902439024|0
"040159515011"|0|1|0|0|0|0|0|1|1|0|0|1|1|0|0|NA|NA|NA|NA|NA|0|0|0|0|NA|0
"040159526002"|0|1|0|0|0|0|0|1|1|0|0|1|1|0|0|NA|NA|NA|NA|NA|0|0|0|0|NA|0
"040159530011"|0|1|0|0|0|0|0|1|1|0|0|1|1|0|0|NA|NA|NA|NA|NA|0|0|0|0|NA|0
"040159539012"|0|1|0|0|0|0|0|1|1|0|0|1|1|0|0|NA|NA|NA|NA|NA|0|0|0|0|NA|0
"040179601003"|0|1|0|0|0|0|0|1|1|1|1|0|0|1|0|1948|9371|NA|NA|NA|130|44|142|8806236|62015.7464788732|0
"040190001001"|0|1|0|0|0|0|0|1|1|0|0|1|1|0|0|NA|NA|NA|NA|NA|0|0|0|0|NA|0
"040190001002"|0|1|1|0|0|0|0|1|1|1|0|0|1|0|0|22944|22944|21000|21000|NA|0|0|0|0|NA|0
"040190002004"|0|1|0|0|0|0|0|1|1|1|1|0|1|0|0|NA|NA|NA|NA|NA|16|2|16|1154378|72148.625|0
"040190004021"|0|1|0|0|0|0|0|1|1|0|0|1|1|0|0|NA|NA|NA|NA|NA|0|0|0|0|NA|0
"040190005024"|0|1|1|0|0|1|0|1|1|1|0|0|0|0|1|10990|33273|11938|32065|13350|8019|1550|3690|356262746|96548.1696476965|0
"040190006004"|0|2|0|0|0|0|0|2|2|0|0|2|2|0|0|NA|NA|NA|NA|NA|0|0|0|0|NA|0
"040190017002"|0|0|1|0|0|0|0|1|1|1|0|0|1|0|0|NA|NA|19924|19924|NA|8|3|0|0|NA|0
"040190030022"|0|1|0|0|0|0|0|1|1|0|0|1|1|0|0|NA|NA|NA|NA|NA|0|0|0|0|NA|0
"040190030031"|0|1|0|0|0|0|0|1|1|1|0|0|0|1|0|NA|NA|NA|NA|NA|72|41|122|7960374|65248.9672131148|0
"040190033041"|0|1|0|0|0|0|0|1|1|1|0|0|1|0|0|18880|18880|NA|NA|NA|15|4|6|524000|87333.3333333333|0
"040190033043"|0|1|0|0|0|0|0|1|1|1|1|0|0|0|1|2088|7404|NA|NA|NA|919|99|486|31868838|65573.7407407407|0
"040190035021"|0|1|0|0|0|0|0|1|1|1|0|0|1|0|0|NA|NA|NA|NA|NA|21|1|4|163698|40924.5|0
"040190040732"|0|1|0|0|0|0|0|1|1|0|0|1|1|0|0|NA|NA|NA|NA|NA|0|0|0|0|NA|0
"040190045052"|0|1|0|0|0|0|0|1|1|0|0|1|1|0|0|NA|NA|NA|NA|NA|0|0|0|0|NA|0
"040199408003"|0|1|0|0|0|0|1|1|1|1|1|0|1|0|0|822|822|NA|NA|4400|85|29|28|1537924|54925.8571428571|0
"040210012001"|0|1|0|0|0|0|0|1|1|1|1|0|0|1|0|2580|5160|NA|NA|7300|286|69|192|11969836|62342.8958333333|0
"040210014072"|0|1|0|0|0|0|0|1|1|0|0|1|1|0|0|NA|NA|NA|NA|NA|0|0|0|0|NA|0
"040250003012"|0|1|1|0|0|0|0|1|1|1|0|0|0|1|0|36456|36456|18228|18228|12174|305|51|274|22899556|83575.0218978102|0
"040250009011"|0|1|0|0|0|0|0|1|1|1|1|0|0|1|0|2600|9332|NA|NA|10175|320|97|214|14605066|68247.9719626168|0
"040250010022"|0|1|1|0|0|0|0|1|1|1|0|0|1|0|0|31944|31944|14880|14880|9520|85|32|100|4880470|48804.7|0
"040270109114"|0|1|0|0|0|0|0|1|1|1|1|0|0|1|0|2112|7704|NA|NA|6810|322|133|236|15998820|67791.6101694915|0
"040270115032"|0|1|0|0|0|0|0|1|1|0|0|1|1|0|0|NA|NA|NA|NA|NA|0|0|0|0|NA|0
"050059501001"|0|1|0|0|0|0|0|1|1|1|1|0|0|1|0|2352|3972|NA|NA|NA|65|15|82|3920734|47813.8292682927|0
"050059502002"|0|1|0|0|0|0|0|1|1|0|0|1|0|0|0|NA|NA|NA|NA|NA|0|0|0|0|NA|0
"050070203011"|0|1|0|0|0|0|0|1|1|0|0|1|1|0|0|NA|NA|NA|NA|NA|0|0|0|0|NA|0
"050070204012"|0|1|0|0|0|0|0|1|1|1|1|0|1|0|0|14580|14580|NA|NA|NA|2|0|4|170000|42500|0
"050070205041"|0|1|0|0|0|0|0|1|1|1|1|0|0|1|0|3240|3600|NA|NA|NA|242|56|306|18037894|58947.3660130719|0
"050070212011"|0|1|1|0|0|0|0|1|1|1|0|0|0|1|0|27048|27048|13920|13920|9554|214|81|158|10363706|65593.0759493671|0
"050070213171"|0|1|1|0|0|0|0|1|1|1|0|0|1|0|0|15000|15000|11250|11250|5460|27|12|16|165224|10326.5|0
"050097906001"|0|1|0|0|0|0|0|1|1|1|1|0|0|1|0|2970|5070|NA|NA|NA|122|29|130|6743380|51872.1538461538|0
"050134802003"|0|1|0|0|0|0|0|1|1|1|1|0|1|0|0|3240|4680|NA|NA|5972|91|32|114|5095554|44697.8421052632|0
"050199536012"|0|1|1|0|0|0|0|1|1|1|0|0|0|1|0|5760|7680|5580|7452|9200|219|132|356|22204822|62373.095505618|0
"050199536022"|0|1|1|0|0|0|0|1|1|1|0|0|0|1|0|28480|28480|13500|13500|8000|188|68|208|12226598|58781.7211538462|0
"050279504012"|0|1|1|0|0|0|0|1|1|1|0|0|0|1|0|6420|11460|5112|8028|7418|223|78|314|20530582|65384.0191082803|0
"050299503001"|0|1|0|0|0|0|0|1|1|1|1|0|0|1|0|2448|3120|NA|NA|NA|98|25|118|5625070|47670.0847457627|0
"050310004031"|0|1|0|0|0|0|0|1|1|0|0|1|1|0|0|NA|NA|NA|NA|NA|0|0|0|0|NA|0
"050310006024"|0|1|1|0|0|0|0|1|1|1|0|0|0|0|1|5232|10800|4986|9972|10022|1033|216|1072|73633332|68687.8097014925|0
"050350303012"|0|1|0|0|0|0|0|1|1|1|1|0|0|1|0|2760|3720|NA|NA|NA|86|40|78|3564268|45695.7435897436|0
"050379505004"|0|1|0|0|0|0|0|1|1|0|0|1|1|0|0|NA|NA|NA|NA|NA|0|0|0|0|NA|0
"050434903001"|0|1|1|0|0|0|0|1|1|1|0|0|0|1|0|4779|10629|6631|12511|7058|226|105|306|16989126|55520.0196078431|0
"050450305023"|0|1|0|0|0|0|0|1|1|0|0|1|1|0|0|NA|NA|NA|NA|NA|0|0|0|0|NA|0
"050450307012"|0|1|1|0|0|0|0|1|1|1|0|0|0|1|0|49140|49140|49150|49150|12820|248|74|196|13294178|67827.4387755102|0
"050450307022"|0|1|0|0|0|0|0|1|1|1|0|0|1|0|0|15600|15600|NA|NA|7500|51|12|54|2677940|49591.4814814815|0
"050450308003"|0|1|1|0|0|0|0|1|1|1|0|0|0|0|1|6810|13620|5018|10037|7554|816|255|1050|70268250|66922.1428571429|0
"050510110021"|0|1|0|0|0|0|0|1|1|1|1|0|0|1|0|3000|4110|NA|NA|5675|123|37|178|8815972|49527.9325842697|0
"050510114002"|0|1|0|0|0|0|0|1|1|1|0|0|1|0|0|6840|6840|NA|NA|6800|13|5|2|56000|28000|0
"050510116011"|0|1|0|0|0|0|0|1|1|0|0|1|1|0|0|NA|NA|NA|NA|NA|0|0|0|0|NA|0
"050554806022"|0|1|0|0|0|0|0|1|1|1|0|0|1|0|0|12650|12650|NA|NA|6400|29|11|22|826408|37564|0
"050574805003"|0|1|0|0|0|0|0|1|1|1|1|0|0|1|0|2310|3360|NA|NA|NA|75|23|86|3814208|44351.2558139535|0
"050590202003"|0|1|0|0|0|0|0|1|1|1|1|0|0|1|0|2448|4872|NA|NA|NA|71|24|58|2760480|47594.4827586207|0
"050634903001"|0|1|0|0|0|0|0|1|1|1|1|0|0|1|0|2100|2688|NA|NA|NA|61|22|94|3806974|40499.7234042553|0
"050634903004"|0|1|0|0|0|0|0|1|1|1|0|0|1|0|0|28550|28550|NA|NA|10330|124|56|108|6364716|58932.5555555556|0
"050659602002"|0|1|0|0|0|0|0|1|1|1|1|0|0|1|0|2160|4512|NA|NA|7120|62|6|68|3149838|46321.1470588235|0
"050674804021"|0|1|0|0|0|0|0|1|1|1|1|0|0|1|0|2304|3768|NA|NA|NA|91|35|138|6806816|49324.7536231884|0
"050690005023"|0|1|1|1|0|0|0|1|1|1|0|0|0|1|0|5130|11640|5184|11760|8472|477|188|310|18609168|60029.5741935484|0
"050690009001"|0|1|0|0|0|0|0|1|1|0|0|1|1|0|0|NA|NA|NA|NA|NA|0|0|0|0|NA|0
"050690015021"|0|1|0|0|0|0|0|1|1|1|1|0|0|1|0|2880|5760|NA|NA|NA|80|39|88|4084664|46416.6363636364|0
"050690016004"|0|1|0|0|0|0|0|1|1|0|0|1|1|0|0|NA|NA|NA|NA|NA|0|0|0|0|NA|0
"050690018003"|0|1|0|0|0|0|0|1|1|1|1|0|1|0|0|NA|NA|NA|NA|NA|3|2|8|680452|85056.5|0
"050719519003"|0|1|0|0|0|0|0|1|1|1|0|0|1|0|0|24950|24950|NA|NA|7800|115|39|96|5771168|60116.3333333333|0
"050754701002"|0|1|1|0|0|0|0|1|1|1|0|0|1|0|0|17100|17100|NA|NA|8540|76|25|58|2832948|48843.9310344828|0
"050930103002"|0|1|0|0|0|0|0|1|1|1|1|0|0|1|0|2296|3696|NA|NA|NA|110|61|90|4561544|50683.8222222222|0
"051074801002"|0|1|0|0|0|0|0|1|1|1|1|0|0|1|0|2580|4080|NA|NA|NA|119|39|106|4823830|45507.8301886792|0
"051139502021"|0|1|0|0|0|0|0|1|1|1|1|0|1|0|0|2328|2568|NA|NA|8200|66|23|38|1724212|45374|0
"051159513011"|0|1|0|0|0|0|0|1|1|0|0|1|1|0|0|NA|NA|NA|NA|NA|0|0|0|0|NA|0
"051159514001"|0|1|0|0|0|0|0|1|1|0|0|1|1|0|0|NA|NA|NA|NA|NA|0|0|0|0|NA|0
"051159514002"|0|1|1|0|0|0|0|1|1|1|0|0|0|0|1|5568|11136|5256|10512|8754|511|203|716|44744956|62492.9553072626|0
"051190019003"|0|1|0|0|0|0|0|1|1|0|0|1|1|0|0|NA|NA|NA|NA|NA|0|0|0|0|NA|0
"051190020021"|0|1|0|0|0|0|0|1|1|0|0|1|1|0|0|NA|NA|NA|NA|NA|0|0|0|0|NA|0
"051190021023"|0|1|1|0|0|0|0|1|1|1|0|0|0|1|0|6495|18750|5760|13050|9162|777|100|744|69833108|93861.7043010753|0
"051190021032"|0|1|0|0|0|0|0|1|1|0|0|1|1|0|0|NA|NA|NA|NA|NA|0|0|0|0|NA|0
"051190024052"|0|2|0|0|0|0|0|2|2|2|2|0|2|0|0|24710|24710|NA|NA|NA|24|12|102|8276978|136664.88|0
"051190024071"|0|1|1|0|0|0|0|1|1|1|0|0|1|0|0|13320|13320|14940|14940|NA|0|0|0|0|NA|0
"051190025001"|0|1|0|0|0|0|0|1|1|0|0|1|1|0|0|NA|NA|NA|NA|NA|0|0|0|0|NA|0
"051190028001"|0|1|0|0|0|0|0|1|1|0|0|1|1|0|0|NA|NA|NA|NA|NA|0|0|0|0|NA|0
"051190028002"|0|1|0|1|0|0|0|1|1|1|1|0|1|0|0|4200|4200|NA|NA|NA|24|5|26|1124000|43230.7692307692|0
"051190031001"|0|1|0|0|0|0|0|1|1|1|1|0|0|1|0|4020|5250|NA|NA|NA|156|27|332|14932922|44978.6807228916|0
"051190036042"|0|1|0|0|0|0|0|1|1|0|0|1|1|0|0|NA|NA|NA|NA|NA|0|0|0|0|NA|0
"051190036091"|0|1|0|0|0|0|0|1|1|0|0|1|1|0|0|NA|NA|NA|NA|NA|0|0|0|0|NA|0
"051190037131"|0|1|0|0|0|0|0|1|1|0|0|1|1|0|0|NA|NA|NA|NA|NA|0|0|0|0|NA|0
"051190038003"|0|1|0|0|0|0|0|1|1|0|0|1|1|0|0|NA|NA|NA|NA|NA|0|0|0|0|NA|0
"051190041071"|0|1|0|0|0|0|0|1|1|0|0|1|1|0|0|NA|NA|NA|NA|NA|0|0|0|0|NA|0
"051190044002"|0|1|1|0|0|0|0|1|1|0|0|0|0|0|0|NA|NA|NA|NA|NA|20|6|0|0|NA|0
"051190045001"|0|2|0|1|0|0|0|2|2|1|0|1|2|0|0|NA|NA|NA|NA|NA|55|18|20|774502|NA|0
"051190045002"|0|1|0|1|0|0|0|1|1|1|0|0|1|0|0|11804|11804|NA|NA|8250|96|22|92|5182880|56335.652173913|0
"051190049012"|0|2|1|0|0|0|0|2|2|1|0|0|1|0|0|NA|NA|NA|NA|NA|90|20|0|0|NA|0
"051199802001"|0|1|1|0|1|1|0|1|1|1|0|0|0|1|0|6708|14448|7934|16124|NA|2271|267|286|34814626|121729.461538462|0
"051219603021"|0|1|0|0|0|0|0|1|1|1|1|0|0|1|0|2822|5054|NA|NA|NA|88|34|118|5507424|46673.0847457627|0
"051239602021"|0|1|0|0|0|0|0|1|1|1|1|0|1|0|0|2880|3450|NA|NA|NA|81|23|96|4845676|50475.7916666667|0
"051310006004"|0|1|0|0|0|0|0|1|1|0|0|1|1|0|0|NA|NA|NA|NA|NA|0|0|0|0|NA|0
"051310007006"|0|1|1|0|0|0|0|1|1|1|0|0|0|1|0|4104|11376|7092|11394|9090|282|71|448|29887016|66712.0892857143|0
"051310008001"|0|1|0|0|0|0|0|1|1|0|0|1|1|0|0|NA|NA|NA|NA|NA|0|0|0|0|NA|0
"051310008003"|0|1|0|0|0|0|0|1|1|0|0|1|1|0|0|NA|NA|NA|NA|NA|0|0|0|0|NA|0
"051310013072"|0|0|1|0|0|1|0|1|1|1|0|0|1|0|0|NA|NA|30000|30000|NA|0|0|0|0|NA|0
"051330803001"|0|1|0|0|0|0|0|1|1|1|1|0|0|1|0|2610|3060|NA|NA|NA|71|9|82|4300512|52445.2682926829|0
"051399508001"|0|2|0|0|0|0|0|2|2|1|1|1|1|1|0|NA|NA|NA|NA|NA|101|27|98|4875828|NA|0
"051430101151"|0|1|0|0|0|0|0|1|1|0|0|1|1|0|0|NA|NA|NA|NA|NA|0|0|0|0|NA|0
"051430103041"|0|1|0|0|0|0|0|1|1|0|0|1|1|0|0|NA|NA|NA|NA|NA|0|0|0|0|NA|0
"051430103073"|0|1|0|0|0|0|0|1|1|0|0|1|1|0|0|1890|1890|NA|NA|NA|0|0|0|0|NA|0
"051430105112"|0|1|0|0|0|0|0|1|1|0|0|1|1|0|0|NA|NA|NA|NA|NA|0|0|0|0|NA|0
"051430113012"|0|1|1|0|0|0|0|1|1|1|0|0|0|0|1|7568|24056|7752|21032|11330|3748|690|2540|245815254|96777.6590551181|0
"051450708012"|0|1|1|0|0|0|0|1|1|1|0|0|0|1|0|21000|21000|11388|11388|7460|505|177|606|43571244|71899.7425742574|0
"051450708022"|0|1|0|0|0|0|0|1|1|0|0|1|1|0|0|NA|NA|NA|NA|NA|0|0|0|0|NA|0
"051450712011"|0|1|0|0|0|0|0|1|1|1|1|0|0|1|0|2448|4176|NA|NA|5550|175|86|188|9058196|48181.8936170213|0
"060014011004"|0|1|0|0|0|0|0|1|1|0|0|1|1|0|0|NA|NA|NA|NA|NA|0|0|0|0|NA|0
"060014013001"|0|1|1|0|0|0|0|1|1|1|0|0|0|1|0|49125|49125|52896|52896|NA|164|51|360|47783636|132732.322222222|0
"060014029001"|0|1|2|0|0|0|0|2|2|2|0|0|2|0|0|NA|NA|26751|26751|NA|36|13|24|1443000|106954.545454545|0
"060014030003"|0|1|1|0|0|0|0|1|1|0|0|0|0|0|0|NA|NA|NA|NA|NA|1902|485|450|51176502|113725.56|0
"060014033022"|0|1|0|0|0|0|0|1|1|1|1|0|0|1|0|1104|7464|NA|NA|NA|135|60|194|17443286|89913.8453608247|0
"060014060001"|0|1|0|0|0|0|0|1|1|0|0|0|0|0|0|NA|NA|NA|NA|NA|153|40|6|664136|110689.333333333|0
"060014061001"|0|1|0|0|0|0|0|1|1|0|0|1|1|0|0|NA|NA|NA|NA|NA|0|0|0|0|NA|0
"060014078002"|0|1|2|0|0|0|0|2|2|2|0|0|2|0|0|NA|NA|58083|58083|NA|237|63|168|15044918|151884.075|0
"060014080002"|0|1|1|0|0|0|0|1|1|1|0|0|0|1|0|40368|40368|18054|18054|13994|130|54|80|6929964|86624.55|0
"060014081001"|0|1|0|0|0|0|0|1|1|1|1|0|0|1|0|1104|7464|NA|NA|NA|80|34|106|9950974|93877.1132075472|0
"060014216003"|0|0|1|0|0|0|0|1|1|1|0|0|1|0|0|NA|NA|19200|19200|NA|9|2|22|810080|36821.8181818182|0
"060014225003"|0|1|4|0|0|0|0|4|4|4|0|0|4|0|0|NA|NA|79149|79149|NA|68|12|44|3627866|NA|0
"060014227003"|0|0|1|0|0|0|0|1|1|1|0|0|1|0|0|NA|NA|37650|37650|NA|29|8|58|6057324|104436.620689655|0
"060014229011"|0|0|1|0|0|0|0|1|1|1|0|0|1|0|0|NA|NA|19200|19200|NA|4|0|4|416442|104110.5|0
"060014229022"|0|1|0|0|0|0|0|1|1|1|0|0|1|0|0|21000|21000|NA|NA|NA|9|3|4|246380|61595|0
"060014229023"|0|1|0|0|0|0|0|1|1|1|1|0|0|1|0|1104|7464|NA|NA|NA|64|30|110|10109474|91904.3090909091|0
"060014235001"|0|0|1|0|1|0|0|1|1|1|0|0|1|0|0|NA|NA|13786|13786|NA|6|0|0|0|NA|0
"060014236022"|0|0|1|0|0|0|0|1|1|1|0|0|1|0|0|NA|NA|18746|18746|NA|10|1|10|775670|77567|0
"060014251021"|0|1|0|0|0|0|0|1|1|1|0|0|1|0|0|24273|24273|NA|NA|NA|11|5|12|981360|81780|0
"060014251033"|0|1|0|0|0|0|0|1|1|0|0|1|0|1|0|NA|NA|NA|NA|NA|0|0|0|0|NA|0
"060014280001"|0|1|0|0|0|0|0|1|0|0|0|0|0|0|0|NA|NA|NA|NA|NA|0|0|0|0|NA|0
"060014287001"|0|1|0|0|0|0|0|1|1|1|1|0|0|1|0|1104|7464|NA|NA|NA|69|20|122|11129628|91226.4590163934|0
"060014331021"|0|1|0|0|0|0|0|1|1|1|1|0|1|0|0|NA|NA|NA|NA|NA|12|1|10|788766|78876.6|0
"060014351022"|0|1|1|0|0|0|0|1|1|1|0|0|0|0|1|5742|17622|7176|16680|15140|847|329|758|71403240|94199.5250659631|0
"060014371014"|0|1|1|0|0|0|0|2|2|1|0|1|2|0|0|NA|NA|NA|NA|NA|96|38|74|6481672|NA|0
"060014372002"|0|1|0|0|0|0|0|1|1|1|1|0|0|0|1|1104|8064|NA|NA|NA|171|113|396|37471378|94624.6919191919|0
"060014415032"|0|3|1|0|0|0|0|3|3|2|0|1|2|1|0|56639|56639|NA|NA|NA|91|12|124|11498140|NA|0
"060014431033"|0|1|0|0|0|0|0|1|1|1|1|0|0|1|0|1104|6960|NA|NA|NA|176|73|248|26891050|108431.653225806|0
"060014512021"|0|1|0|0|0|0|0|1|1|1|1|0|0|1|0|1104|8064|NA|NA|NA|117|70|256|26352518|102939.5234375|0
"060019821001"|0|1|1|0|0|0|0|1|1|1|0|0|0|0|1|11442|41196|11442|26544|20530|9783|1445|3694|609716524|165055.907958852|0
"060070010002"|0|1|1|0|0|0|0|1|1|1|0|0|0|0|1|5742|17622|7176|16680|13500|944|371|1020|91490472|89696.5411764706|0
"060070013003"|0|1|0|0|0|0|0|1|1|0|0|1|1|0|0|NA|NA|NA|NA|NA|0|0|0|0|NA|0
"060070022002"|0|1|0|0|0|0|0|1|1|1|1|0|0|1|0|1104|7824|NA|NA|NA|378|179|384|38367944|99916.5208333333|0
"060133131021"|0|1|0|0|0|0|0|1|1|1|1|0|0|1|0|1288|8304|NA|NA|NA|133|74|286|22423070|78402.3426573427|0
"060133160001"|0|1|0|0|0|0|0|1|1|0|0|0|0|0|0|NA|NA|NA|NA|NA|84|19|0|0|NA|0
"060133220001"|0|1|0|0|0|0|0|1|1|1|1|0|0|0|1|1288|8304|NA|NA|NA|241|148|586|52595396|89753.2354948805|0
"060133220002"|0|1|0|0|0|0|0|1|1|1|1|0|1|0|0|NA|NA|NA|NA|NA|19|1|20|1623800|81190|0
"060133240021"|0|1|0|0|0|0|0|1|1|0|0|1|1|0|0|NA|NA|NA|NA|NA|0|0|0|0|NA|0
"060133240023"|0|1|1|0|0|0|0|1|1|1|0|0|0|1|0|8500|8500|8500|8500|NA|0|0|0|0|NA|0
"060133280002"|0|1|0|0|0|0|0|1|1|0|0|1|1|0|0|NA|NA|NA|NA|NA|0|0|0|0|NA|0
"060133350003"|0|1|0|0|0|0|0|1|1|0|0|1|1|0|0|NA|NA|NA|NA|NA|0|0|0|0|NA|0
"060133452032"|0|1|0|0|0|0|0|1|1|0|0|1|1|0|0|NA|NA|NA|NA|NA|0|0|0|0|NA|0
"060133521011"|0|1|1|0|0|0|0|1|1|1|0|0|0|1|0|50460|50460|33509|33509|15706|339|114|406|39714458|97818.8620689655|0
"060133551094"|0|1|0|0|0|0|0|1|1|0|0|1|1|0|0|NA|NA|NA|NA|NA|0|0|0|0|NA|0
"060133672002"|0|1|0|0|0|0|0|1|1|1|1|0|0|1|0|1288|8304|NA|NA|NA|111|63|198|17282214|87283.9090909091|0
"060170302011"|0|1|0|0|0|0|0|1|1|1|1|0|0|1|0|1116|8064|NA|NA|8751|77|16|68|6118392|89976.3529411765|0
"060170307112"|0|1|1|0|0|0|0|1|1|1|0|0|1|0|0|9600|9600|6240|6240|7380|16|1|16|442536|27658.5|0
"060190001001"|0|1|0|0|0|0|0|1|1|0|0|0|0|0|0|NA|NA|NA|NA|NA|0|0|0|0|NA|0
"060190014081"|0|1|1|0|0|0|0|1|1|1|0|0|0|1|0|32954|32954|14940|14940|8454|272|114|206|15589078|75675.1359223301|0
"060190030042"|0|1|0|0|0|0|0|1|1|1|0|0|1|0|0|9360|9360|NA|NA|6750|3|0|2|96526|48263|0
"060190031042"|0|1|0|0|0|0|0|1|1|1|1|0|1|0|0|NA|NA|NA|NA|NA|5|0|12|704080|58673.3333333333|0
"060190035003"|0|1|0|0|0|0|0|1|1|1|1|0|0|0|1|1104|8064|NA|NA|NA|443|184|710|70031806|98636.3464788732|0
"060190045041"|0|1|0|0|0|0|0|1|1|1|1|0|1|0|0|NA|NA|NA|NA|NA|21|2|24|1351974|56332.25|0
"060190045051"|0|1|0|0|0|0|0|1|1|0|0|1|1|0|0|NA|NA|NA|NA|NA|0|0|0|0|NA|0
"060190045052"|0|1|0|0|0|0|0|1|1|0|0|1|1|0|0|NA|NA|NA|NA|NA|0|0|0|0|NA|0
"060190051003"|0|1|0|0|0|0|0|1|1|0|0|1|0|1|0|NA|NA|NA|NA|NA|0|0|0|0|NA|0
"060190054061"|0|1|0|0|0|0|0|1|1|0|0|1|1|0|0|NA|NA|NA|NA|NA|0|0|0|0|NA|0
"060190054081"|0|1|1|0|0|0|0|1|1|1|0|0|0|0|1|5742|17622|7176|16680|10905|1046|411|1592|138600168|87060.4070351759|0
"060190055041"|0|1|0|0|0|0|0|1|1|1|1|0|0|1|0|1104|8064|NA|NA|NA|85|35|202|19586962|96965.1584158416|0
"060190056021"|0|0|1|0|0|0|0|1|1|1|0|0|1|0|0|NA|NA|NA|NA|NA|55|18|86|11738336|136492.279069767|0
"060190056061"|0|1|0|0|0|0|0|1|1|1|1|0|0|1|0|NA|NA|NA|NA|NA|88|11|108|6711494|62143.462962963|0
"060190057012"|0|1|0|0|0|0|0|1|1|0|0|1|1|0|0|NA|NA|NA|NA|NA|0|0|0|0|NA|0
"060190057014"|0|0|1|0|0|0|0|1|1|1|0|0|1|0|0|NA|NA|NA|NA|NA|27|9|10|983542|98354.2|0
"060190057043"|0|1|0|0|0|0|0|1|1|0|0|1|1|0|0|NA|NA|NA|NA|NA|0|0|0|0|NA|0
"060190066032"|0|1|0|0|0|0|0|1|1|1|1|0|0|1|0|1104|8064|NA|NA|6028|130|53|376|36880978|98087.7074468085|0
"060190066063"|0|1|0|0|0|0|0|1|1|0|0|1|1|0|0|NA|NA|NA|NA|NA|0|0|0|0|NA|0
"060190070023"|0|1|0|0|0|0|0|1|1|0|0|1|1|0|0|NA|NA|NA|NA|NA|0|0|0|0|NA|0
"060190080001"|0|1|0|0|0|0|0|1|1|1|1|0|0|1|0|1380|10080|NA|NA|7890|76|13|64|7000908|109389.1875|0
"060190081001"|0|1|0|0|0|0|0|1|1|0|0|0|0|0|0|NA|NA|NA|NA|NA|51|7|0|0|NA|0
"060230001002"|0|1|0|0|0|0|0|1|1|0|0|1|1|0|0|NA|NA|NA|NA|NA|0|0|0|0|NA|0
"060230010022"|0|1|1|0|0|0|0|1|1|1|0|0|0|1|0|5742|17622|7176|16680|13390|582|218|562|49795896|88604.7971530249|0
"060230103004"|0|1|1|0|0|0|0|1|1|1|0|0|1|0|0|12600|12600|16500|16500|NA|5|0|8|272544|34068|0
"060230107014"|0|1|0|0|0|0|0|1|1|1|1|0|0|1|0|1104|8088|NA|NA|7959|140|56|146|10159002|69582.2054794521|0
"060250110011"|0|1|0|0|0|0|0|1|1|1|1|0|0|1|0|1104|6024|NA|NA|NA|193|85|298|27995296|93943.9463087248|0
"060250114001"|0|1|0|0|0|0|0|1|1|0|0|1|1|0|0|NA|NA|NA|NA|NA|0|0|0|0|NA|0
"060290001061"|0|1|1|0|0|0|0|1|1|1|0|0|1|0|0|15780|15780|7920|7920|7200|60|6|54|2899096|53686.962962963|0
"060290005072"|0|2|0|0|0|0|0|2|2|0|0|2|1|1|0|NA|NA|NA|NA|NA|0|0|0|0|NA|0
"060290008005"|0|1|0|0|0|0|0|1|1|1|0|0|0|0|1|1380|9870|NA|NA|NA|310|120|700|66204708|94578.1542857143|0
"060290016002"|0|2|0|0|0|0|0|2|2|0|0|2|2|0|0|NA|NA|NA|NA|NA|0|0|0|0|NA|0
"060290018042"|0|1|1|0|0|0|0|1|1|1|0|0|1|0|0|11558|11558|7920|7920|NA|13|1|8|582400|72800|0
"060290028041"|0|1|0|0|0|0|0|1|1|1|1|0|1|0|0|NA|NA|NA|NA|NA|22|2|36|2215418|61539.3888888889|0
"060290028062"|0|1|1|0|0|0|0|1|1|1|0|0|0|0|1|5742|17622|7176|16680|12900|592|260|694|59439192|85647.2507204611|0
"060290035002"|0|1|0|0|0|0|0|1|1|1|1|0|0|1|0|1104|6192|NA|NA|6721|126|34|88|9460568|107506.454545455|0
"060290050062"|0|1|0|0|0|0|0|1|1|1|1|0|1|0|0|NA|NA|NA|NA|NA|3|0|2|116480|58240|0
"060290055093"|0|1|0|0|0|0|0|1|1|1|1|0|0|1|0|1380|9870|NA|NA|NA|76|24|140|14197838|101413.128571429|0
"060310004022"|0|1|0|0|0|0|0|1|1|1|1|0|0|1|0|1380|10080|NA|NA|NA|78|12|70|7440072|106286.742857143|0
"060310009021"|0|2|0|0|0|0|0|2|2|1|1|1|2|0|0|NA|NA|NA|NA|NA|4|0|4|222000|NA|0
"060350403031"|0|1|0|0|0|0|0|1|1|1|1|0|0|1|0|1104|7824|NA|NA|10098|79|35|78|6606498|84698.6923076923|0
"060371021041"|0|1|1|0|0|0|0|1|1|1|0|0|0|1|0|41102|41102|40140|40140|13331|81|23|124|11306284|91179.7096774193|0
"060371061111"|0|1|0|0|0|0|0|1|1|1|1|0|0|1|0|1196|8528|NA|NA|NA|162|70|206|22151106|107529.640776699|0
"060371114011"|0|1|0|0|0|0|0|1|1|0|0|1|1|0|0|NA|NA|NA|NA|NA|0|0|0|0|NA|0
"060371132322"|0|1|0|0|0|0|0|1|1|1|1|0|1|0|0|NA|NA|NA|NA|NA|8|3|12|640248|53354|0
"060371133012"|0|1|0|0|0|0|0|1|1|0|0|1|1|0|0|NA|NA|NA|NA|NA|0|0|0|0|NA|0
"060371133032"|0|0|0|0|0|0|0|1|0|0|0|0|0|0|0|NA|NA|NA|NA|NA|0|0|0|0|NA|0
"060371201041"|0|1|0|0|0|0|0|1|1|1|1|0|1|0|0|NA|NA|NA|NA|NA|12|1|20|1152916|57645.8|0
"060371236013"|0|1|0|0|0|0|0|1|1|1|1|0|0|0|1|1196|8528|NA|NA|NA|238|109|364|39054378|107292.247252747|0
"060371238001"|0|1|0|0|0|0|0|1|1|1|1|0|1|0|0|NA|NA|NA|NA|NA|45|8|28|2472668|88309.5714285714|0
"060371239012"|0|2|0|0|0|0|0|2|2|2|1|0|1|1|0|NA|NA|NA|NA|NA|85|40|100|10085018|127259.056737589|0
"060371243003"|0|1|0|0|0|0|0|1|1|0|0|1|1|0|0|NA|NA|NA|NA|NA|0|0|0|0|NA|0
"060371278052"|0|1|0|0|0|0|0|1|1|1|0|0|1|0|0|NA|NA|NA|NA|NA|18|11|16|1185408|74088|0
"060371278061"|0|1|0|0|0|0|0|1|1|0|0|1|1|0|0|NA|NA|NA|NA|NA|0|0|0|0|NA|0
"060371284004"|0|1|0|0|0|0|0|1|1|0|0|1|1|0|0|NA|NA|NA|NA|NA|0|0|0|0|NA|0
"060371319001"|0|1|0|0|0|0|0|1|1|1|0|0|1|0|0|31933|31933|NA|NA|NA|2|1|2|32730|16365|0
"060371330001"|0|1|0|0|0|0|0|1|1|0|0|1|1|0|0|NA|NA|NA|NA|NA|0|0|0|0|NA|0
"060371345203"|0|1|0|0|0|0|0|1|1|1|1|0|1|0|0|NA|NA|NA|NA|NA|6|2|4|450000|112500|0
"060371349052"|0|1|0|0|0|0|0|1|1|1|1|0|0|0|1|1196|8528|NA|NA|NA|276|136|480|51762648|107838.85|0
"060371393021"|0|1|0|0|0|0|0|1|1|1|0|0|1|0|0|25680|25680|NA|NA|NA|42|4|32|2277590|71174.6875|0
"060371394012"|0|1|0|0|0|0|0|1|1|0|0|1|1|0|0|NA|NA|NA|NA|NA|0|0|0|0|NA|0
"060371396001"|0|1|0|0|0|0|0|1|1|0|0|1|1|0|0|NA|NA|NA|NA|NA|0|0|0|0|NA|0
"060371413051"|0|1|0|0|0|0|0|1|1|0|0|1|1|0|0|NA|NA|NA|NA|NA|0|0|0|0|NA|0
"060371816001"|0|1|1|0|0|0|0|1|1|1|0|0|0|1|0|55980|55980|55980|55980|16600|439|153|400|40423014|101057.535|0
"060371881001"|0|1|0|0|0|0|0|1|1|0|0|1|1|0|0|NA|NA|NA|NA|NA|0|0|0|0|NA|0
"060371893003"|0|0|1|0|0|0|0|1|1|1|0|0|1|0|0|NA|NA|59951|59951|NA|151|60|24|2545482|106061.75|0
"060371901021"|0|1|0|0|0|0|0|1|1|1|1|0|1|0|0|36480|36480|NA|NA|13975|26|5|14|1470126|105009|0
"060371907011"|0|1|0|0|0|0|0|1|1|1|0|0|0|1|0|NA|NA|NA|NA|NA|303|115|352|19050060|54119.4886363636|0
"060371907012"|0|2|0|0|0|0|0|2|2|2|1|0|2|0|0|44325|44325|NA|NA|NA|80|7|108|3344788|85516.8679245283|0
"060371918102"|0|1|0|0|0|0|0|1|1|1|0|0|1|0|0|30309|30309|NA|NA|NA|43|15|12|1990000|165833.333333333|0
"060371920012"|0|1|0|0|0|0|0|1|1|1|0|0|1|0|0|15000|15000|NA|NA|8100|7|0|16|1252860|78303.75|0
"060371926101"|0|1|0|0|0|0|0|1|1|1|1|0|0|1|0|NA|NA|NA|NA|NA|65|23|76|5736032|75474.1052631579|0
"060371927002"|0|0|1|0|0|0|0|1|1|1|0|0|1|0|0|NA|NA|29408|29408|NA|38|17|70|8208120|117258.857142857|0
"060371999001"|0|1|0|0|0|0|0|1|1|1|1|0|1|0|0|4800|4800|NA|NA|NA|22|2|52|6643960|127768.461538462|0
"060372017001"|0|1|1|0|0|0|0|1|1|1|0|0|0|0|1|5742|17622|7176|16680|16932|1069|412|1392|130515504|93761.1379310345|0
"060372044201"|0|1|0|0|0|0|0|1|1|0|0|1|1|0|0|NA|NA|NA|NA|NA|0|0|0|0|NA|0
"060372060521"|0|2|1|0|0|0|0|2|2|1|0|1|2|0|0|NA|NA|NA|NA|NA|62|17|90|9210802|NA|0
"060372077122"|0|1|0|0|0|0|0|1|1|0|0|0|0|0|0|NA|NA|NA|NA|NA|278|77|22|2834860|128857.272727273|0
"060372079021"|0|1|1|0|0|0|0|1|1|1|0|0|0|1|0|31275|31275|40870|40870|NA|159|59|32|1597186|49912.0625|0
"060372089022"|0|2|0|0|0|0|0|2|1|0|0|2|2|0|0|NA|NA|NA|NA|NA|0|0|0|0|NA|0
"060372092021"|0|1|1|0|0|0|0|1|1|1|0|0|1|0|0|39952|39952|15350|15350|NA|20|4|14|960848|68632|0
"060372095201"|0|1|0|0|0|0|0|1|1|0|0|1|1|0|0|NA|NA|NA|NA|NA|0|0|0|0|NA|0
"060372111242"|0|1|2|0|0|0|0|2|2|2|0|0|2|0|0|13680|13680|12480|12480|NA|17|1|16|840864|105741.333333333|0
"060372118022"|0|1|0|0|0|0|0|1|1|1|0|0|1|0|0|NA|NA|NA|NA|NA|49|9|48|3942540|82136.25|0
"060372121012"|0|3|0|0|0|0|0|3|3|2|2|1|3|0|0|NA|NA|NA|NA|NA|10|8|0|0|NA|0
"060372122041"|0|0|1|0|0|0|0|1|1|1|0|0|1|0|0|NA|NA|18430|18430|NA|102|57|108|16133270|149382.12962963|0
"060372123041"|0|3|2|0|0|0|0|3|3|2|0|1|3|0|0|NA|NA|NA|NA|NA|25|11|20|1656000|NA|0
"060372124101"|0|1|0|0|0|0|0|1|1|1|0|0|1|0|0|18500|18500|NA|NA|NA|84|36|152|8673200|57060.5263157895|0
"060372144003"|0|1|0|0|0|0|0|1|1|0|0|1|1|0|0|NA|NA|NA|NA|NA|0|0|0|0|NA|0
"060372213022"|0|1|1|0|0|0|0|1|1|1|0|0|1|0|0|5760|5760|6000|6000|12000|5|3|10|249100|24910|0
"060372227001"|0|1|1|0|1|1|0|1|1|1|0|0|0|0|1|59260|59260|47880|47880|16398|8290|1992|4226|604303936|142996.672030289|0
"060372240201"|0|1|0|0|0|0|0|1|1|1|1|0|0|0|1|1196|8528|NA|NA|NA|243|112|370|41083916|111037.610810811|0
"060372343011"|0|1|0|0|0|0|0|1|1|0|0|1|1|0|0|NA|NA|NA|NA|NA|0|0|0|0|NA|0
"060372384004"|0|1|0|0|0|0|0|1|1|0|0|1|1|0|0|NA|NA|NA|NA|NA|0|0|0|0|NA|0
"060372622002"|0|1|1|0|0|0|0|1|1|1|0|0|1|0|0|31394|31394|31394|31394|14864|85|8|16|1442802|90175.125|0
"060372623011"|0|1|1|0|0|0|0|1|1|1|0|0|0|1|0|43224|43224|12432|12432|12704|290|44|254|21820024|85905.6062992126|0
"060372652011"|0|0|1|0|0|0|0|1|1|1|0|0|1|0|0|NA|NA|25530|25530|NA|4|0|0|0|NA|0
"060372652041"|0|1|0|0|0|0|0|1|1|0|0|1|1|0|0|NA|NA|NA|NA|NA|0|0|0|0|NA|0
"060372653011"|0|1|1|0|1|1|0|1|1|1|0|0|0|0|1|11442|41196|11442|26544|17599|10885|1266|4298|783271010|182240.812005584|0
"060372690005"|0|0|1|0|0|0|0|1|1|1|0|0|1|0|0|NA|NA|22127|22127|NA|6|1|4|360384|90096|0
"060372696022"|0|1|0|0|0|0|0|1|1|0|0|1|1|0|0|NA|NA|NA|NA|NA|0|0|0|0|NA|0
"060372765002"|0|1|1|0|0|0|0|1|1|1|0|0|0|1|0|51820|51820|19460|19460|14268|1135|363|1230|134833774|109620.954471545|0
"060372766071"|0|1|1|0|0|0|0|1|1|1|0|0|0|1|0|46500|46500|46500|46500|15744|205|48|96|6593402|68681.2708333333|0
"060372780012"|0|1|0|0|0|0|0|1|1|0|0|1|1|0|0|NA|NA|NA|NA|NA|0|0|0|0|NA|0
"060372912102"|0|1|0|0|0|0|0|1|1|0|0|1|0|1|0|NA|NA|NA|NA|NA|0|0|0|0|NA|0
"060372920011"|0|1|0|0|0|0|0|1|1|0|0|1|1|0|0|NA|NA|NA|NA|NA|0|0|0|0|NA|0
"060373008001"|0|1|0|0|0|0|0|1|1|1|1|0|0|0|1|1104|7464|NA|NA|NA|344|153|444|41490058|93446.0765765766|0
"060373017011"|0|1|0|0|0|0|0|1|1|0|0|1|1|0|0|NA|NA|NA|NA|NA|0|0|0|0|NA|0
"060373018021"|0|2|0|0|0|0|0|2|2|1|0|1|2|0|0|NA|NA|NA|NA|NA|7|6|6|216000|NA|0
"060373020021"|0|1|0|0|0|0|0|1|1|1|0|0|1|0|0|NA|NA|NA|NA|NA|20|2|32|2548000|79625|0
"060373023012"|0|1|1|0|0|0|0|1|1|1|0|0|1|0|0|6000|6000|4800|4800|NA|15|0|0|0|NA|0
"060373107041"|0|1|0|0|0|0|0|1|0|0|0|1|1|0|0|NA|NA|NA|NA|NA|0|0|0|0|NA|0
"060373107051"|0|1|0|0|0|0|0|1|1|0|0|1|1|0|0|NA|NA|NA|NA|NA|0|0|0|0|NA|0
"060373116012"|0|1|1|0|0|0|0|1|1|1|0|0|0|1|0|31300|31300|32837|32837|NA|252|31|276|17428906|63148.2101449275|0
"060373203002"|0|1|0|0|0|0|0|1|1|0|0|1|1|0|0|NA|NA|NA|NA|NA|0|0|0|0|NA|0
"060374008014"|0|2|1|0|0|0|0|2|2|2|1|0|0|1|1|41934|49302|NA|NA|NA|1058|360|1232|121242768|200015.021696252|0
"060374012021"|0|1|1|0|0|0|0|1|1|1|0|0|0|1|0|10800|10800|10800|10800|NA|110|5|22|1955430|88883.1818181818|0
"060374013122"|0|1|1|0|0|0|0|1|1|1|0|0|1|0|0|16584|16584|9270|9270|9450|46|9|32|2364144|73879.5|0
"060374015002"|0|1|1|0|0|0|0|1|1|1|0|0|0|1|0|44700|44700|14346|14346|14340|382|114|458|43566966|95124.3799126638|0
"060374018012"|0|0|1|0|0|0|0|1|1|1|0|0|1|0|0|NA|NA|26520|26520|NA|26|8|34|2264952|66616.2352941177|0
"060374019011"|0|2|0|0|0|0|0|2|2|2|0|0|1|1|0|110114|110114|NA|NA|36350|689|166|616|73115896|231188.285271318|0
"060374019012"|0|3|3|0|0|0|0|4|4|4|0|0|2|2|0|NA|NA|NA|NA|NA|919|221|924|115594236|494132.069477232|0
"060374019021"|0|0|1|0|0|0|0|1|1|1|0|0|1|0|0|NA|NA|14400|14400|NA|29|7|0|0|NA|0
"060374020011"|0|0|1|0|0|0|0|1|1|1|0|0|1|0|0|NA|NA|39390|39390|NA|95|20|114|15530070|136228.684210526|0
"060374024041"|0|1|1|0|0|0|0|1|1|1|0|0|0|0|1|5742|17622|7176|16680|16570|1174|404|1338|128769144|96240.0179372197|0
"060374034091"|0|1|0|0|0|0|0|1|1|1|1|0|0|0|1|1288|10528|NA|NA|NA|671|372|820|92276928|112532.83902439|0
"060374046001"|0|1|0|0|0|0|0|1|1|0|0|1|1|0|0|NA|NA|NA|NA|NA|0|0|0|0|NA|0
"060374051011"|0|1|0|0|0|0|0|1|0|0|0|1|1|0|0|NA|NA|NA|NA|NA|0|0|0|0|NA|0
"060374053021"|0|1|0|0|0|0|0|1|1|1|1|0|1|0|0|NA|NA|NA|NA|NA|12|4|20|1070000|53500|0
"060374053023"|0|1|0|0|0|0|0|1|0|0|0|0|0|0|0|NA|NA|NA|NA|NA|0|0|0|0|NA|0
"060374056004"|0|1|0|0|0|0|0|1|1|0|0|1|0|1|0|NA|NA|NA|NA|NA|0|0|0|0|NA|0
"060374059001"|0|1|0|0|0|0|0|1|1|0|0|1|1|0|0|NA|NA|NA|NA|NA|0|0|0|0|NA|0
"060374064132"|0|1|0|0|0|0|0|1|1|1|1|0|1|0|0|NA|NA|NA|NA|NA|21|1|10|639840|63984|0
"060374067024"|0|2|0|0|0|0|0|2|2|0|0|2|2|0|0|NA|NA|NA|NA|NA|0|0|0|0|NA|0
"060374071022"|0|1|0|0|0|0|0|1|1|1|1|0|1|0|0|NA|NA|NA|NA|NA|39|19|36|2489148|69143|0
"060374083014"|0|1|0|0|0|0|0|1|1|1|0|0|1|0|0|6000|6000|NA|NA|6400|13|4|0|0|NA|0
"060374088001"|0|1|0|0|0|0|0|1|1|0|0|1|1|0|0|NA|NA|NA|NA|NA|0|0|0|0|NA|0
"060374088002"|0|0|1|0|0|1|0|1|1|1|0|0|0|1|0|NA|NA|23556|23556|NA|715|252|504|63773946|126535.607142857|0
"060374090001"|0|1|0|0|0|0|0|1|1|0|0|1|1|0|0|NA|NA|NA|NA|NA|0|0|0|0|NA|0
"060374301021"|0|0|1|0|0|0|0|1|0|1|0|0|1|0|0|NA|NA|NA|NA|NA|6|1|0|0|NA|0
"060374321012"|0|1|0|0|0|0|0|1|1|0|0|1|1|0|0|NA|NA|NA|NA|NA|0|0|0|0|NA|0
"060374322012"|0|1|0|0|0|0|0|1|1|0|0|1|1|0|0|NA|NA|NA|NA|NA|0|0|0|0|NA|0
"060374327002"|0|1|0|0|0|0|0|1|1|0|0|1|1|0|0|NA|NA|NA|NA|NA|0|0|0|0|NA|0
"060374332001"|0|1|0|0|0|0|0|1|1|1|1|0|1|0|0|NA|NA|NA|NA|NA|5|0|4|0|0|0
"060374332004"|0|1|0|0|0|0|0|1|1|0|0|1|1|0|0|NA|NA|NA|NA|NA|0|0|0|0|NA|0
"060374608001"|0|1|1|0|0|0|0|1|1|1|0|0|0|1|0|45776|45776|48380|48380|NA|307|87|256|24602582|96103.8359375|0
"060374614003"|0|1|0|0|0|0|0|1|1|0|0|1|1|0|0|NA|NA|NA|NA|NA|0|0|0|0|NA|0
"060374619012"|0|1|2|0|0|0|0|2|2|2|0|0|1|1|0|NA|NA|41930|41930|NA|107|13|106|8413850|158280.254285714|0
"060374620023"|0|1|0|0|0|0|0|1|1|0|0|1|1|0|0|NA|NA|NA|NA|NA|0|0|0|0|NA|0
"060374622022"|0|2|2|0|0|0|0|3|3|3|0|0|1|1|1|NA|NA|NA|NA|NA|277|93|102|8919972|NA|0
"060374630002"|0|1|0|0|0|0|0|1|1|1|0|0|1|0|0|6228|6228|NA|NA|NA|3|1|0|0|NA|0
"060374634003"|0|1|0|0|0|0|0|1|1|1|1|0|0|0|1|1104|7488|NA|NA|NA|428|176|848|81788436|96448.6273584906|0
"060374635002"|0|1|1|0|0|0|0|1|1|1|0|0|0|1|0|54570|54570|54570|54570|17337|3284|401|714|157255998|220246.495798319|0
"060374635003"|0|1|0|0|0|0|0|1|1|0|0|1|1|0|0|NA|NA|NA|NA|NA|0|0|0|0|NA|0
"060374636011"|0|1|0|0|0|0|0|1|1|0|0|1|1|0|0|NA|NA|NA|NA|NA|0|0|0|0|NA|0
"060374636014"|0|1|0|0|0|0|0|1|1|0|0|1|1|0|0|NA|NA|NA|NA|NA|0|0|0|0|NA|0
"060374636024"|0|1|0|0|0|0|0|1|1|1|0|0|1|0|0|24450|24450|NA|NA|16578|36|1|18|958318|53239.8888888889|0
"060374808021"|0|1|2|0|0|0|0|3|3|3|0|0|3|0|0|NA|NA|NA|NA|NA|76|9|48|3123428|166336.117647059|0
"060374810011"|0|1|0|0|0|0|0|1|1|0|0|1|1|0|0|NA|NA|NA|NA|NA|0|0|0|0|NA|0
"060374824041"|0|1|1|0|0|0|0|1|1|1|0|0|1|0|0|12528|12528|11772|11772|8396|35|1|30|2107396|70246.5333333333|0
"060375002022"|0|1|0|0|0|0|0|1|1|1|0|0|1|0|0|NA|NA|NA|NA|NA|8|5|12|464000|38666.6666666667|0
"060375003001"|0|1|0|0|0|0|0|1|1|1|0|0|0|0|1|1288|8707|NA|NA|NA|264|134|396|40431492|102099.727272727|0
"060375016001"|0|1|1|0|0|0|0|1|1|1|0|0|0|1|0|48924|48924|14742|14742|14878|185|58|228|19548590|85739.4298245614|0
"060375027004"|0|1|0|0|0|0|0|1|1|0|0|1|1|0|0|NA|NA|NA|NA|NA|0|0|0|0|NA|0
"060375037021"|0|1|1|0|0|0|0|1|1|1|0|0|0|1|0|16200|16200|33885|33885|NA|85|14|104|9480068|91154.5|0
"060375040013"|0|1|1|0|0|0|0|1|1|1|0|0|0|1|0|43512|43512|11772|11772|10560|613|294|424|37618326|88722.4669811321|0
"060375042002"|0|1|0|0|0|0|0|1|1|1|0|0|1|0|0|NA|NA|NA|NA|NA|8|4|2|156854|78427|0
"060375304001"|0|1|0|0|0|0|0|1|1|1|1|0|0|0|1|1196|8528|NA|NA|NA|412|228|650|68692180|105680.276923077|0
"060375326051"|0|1|0|0|0|0|0|1|1|0|0|1|1|0|0|NA|NA|NA|NA|NA|0|0|0|0|NA|0
"060375326052"|0|1|0|0|0|0|0|1|1|0|0|1|0|1|0|NA|NA|NA|NA|NA|0|0|0|0|NA|0
"060375362022"|0|1|0|0|0|0|0|1|1|1|1|0|1|0|0|NA|NA|NA|NA|NA|30|4|10|704960|70496|0
"060375407001"|0|1|1|0|0|0|0|1|1|1|0|0|1|0|0|13050|13050|22176|22176|NA|165|46|84|8381780|99783.0952380952|0
"060375424023"|0|1|0|0|0|0|0|1|1|1|1|0|0|1|0|1104|5904|NA|NA|NA|178|56|196|19808050|101061.479591837|0
"060375433211"|0|1|1|0|0|0|0|1|1|1|0|0|0|0|1|5742|17622|7176|16680|13984|761|307|838|76841880|91696.754176611|0
"060375434003"|0|1|0|0|0|0|0|1|1|0|0|1|1|0|0|NA|NA|NA|NA|NA|0|0|0|0|NA|0
"060375511021"|0|1|0|0|0|0|0|1|0|0|0|1|0|1|0|NA|NA|NA|NA|NA|0|0|0|0|NA|0
"060375539012"|0|1|0|0|0|0|0|1|1|1|1|0|1|0|0|NA|NA|NA|NA|NA|11|5|16|961614|60100.875|0
"060375545141"|0|1|0|0|0|0|0|1|1|0|0|1|1|0|0|NA|NA|NA|NA|NA|0|0|0|0|NA|0
"060375545211"|0|2|1|0|0|0|0|2|2|2|0|0|2|0|0|NA|NA|NA|NA|NA|17|3|8|448530|112132.5|0
"060375545213"|0|1|0|0|0|0|0|1|1|1|1|0|0|0|1|1346|9968|NA|NA|NA|349|170|608|61452296|101072.855263158|0
"060375548012"|0|1|0|0|0|0|0|1|1|0|0|1|1|0|0|NA|NA|NA|NA|NA|0|0|0|0|NA|0
"060375700034"|0|1|0|0|0|0|0|1|1|1|1|0|1|0|0|NA|NA|NA|NA|NA|17|2|8|505000|63125|0
"060375712012"|0|1|0|0|0|0|0|1|1|1|1|0|0|0|1|1472|10374|NA|NA|NA|509|255|658|59182996|89943.7629179331|0
"060375734022"|0|1|1|0|0|0|0|1|1|1|0|0|1|0|0|21420|21420|17709|17709|NA|45|8|76|7146000|94026.3157894737|0
"060375736014"|0|1|0|0|0|0|0|1|1|1|1|0|0|1|0|NA|NA|NA|NA|NA|31|1|50|3413988|68279.76|0
"060375742022"|0|1|0|0|0|0|0|1|1|0|0|1|1|0|0|NA|NA|NA|NA|NA|0|0|0|0|NA|0
"060375760012"|0|1|1|0|0|0|0|1|1|0|0|0|0|0|0|NA|NA|NA|NA|NA|669|73|0|0|NA|0
"060375763022"|0|1|0|0|0|0|0|1|1|0|0|1|1|0|0|NA|NA|NA|NA|NA|0|0|0|0|NA|0
"060375781001"|0|1|1|0|0|0|0|1|1|1|0|0|0|0|1|5742|17622|7176|16680|13158|1656|673|2174|204914544|94256.9199632015|0
"060376014013"|0|1|0|0|0|0|0|1|1|1|1|0|1|0|0|NA|NA|NA|NA|NA|33|2|46|1883700|40950|0
"060376014023"|0|1|1|0|0|0|0|1|1|1|0|0|1|0|0|10800|10800|16296|16296|NA|17|3|16|1038114|64882.125|0
"060376016003"|0|1|0|0|0|0|0|1|1|0|0|1|1|0|0|NA|NA|NA|NA|NA|0|0|0|0|NA|0
"060376028012"|0|1|0|0|0|0|0|1|1|1|1|0|0|1|0|1196|8528|NA|NA|NA|130|58|178|17795646|99975.5393258427|0
"060376037022"|0|1|0|0|0|0|0|1|1|1|1|0|0|0|1|1104|7560|NA|NA|NA|472|210|672|66017724|98240.6607142857|0
"060376205223"|0|1|0|0|0|0|0|1|1|0|0|1|1|0|0|NA|NA|NA|NA|NA|0|0|0|0|NA|0
"060376511012"|0|1|1|0|0|0|0|1|1|1|0|0|1|0|0|NA|NA|NA|NA|NA|10|10|4|654030|163507.5|0
"060376707024"|0|1|1|0|0|0|0|1|1|1|0|0|1|0|0|35158|35158|14400|14400|15999|80|34|54|4203040|77834.0740740741|0
"060377009011"|0|1|0|0|0|0|0|1|1|1|0|0|1|0|0|23220|23220|NA|NA|NA|2|0|4|1e+05|25000|0
"060377015011"|0|0|1|0|0|0|0|1|1|1|0|0|1|0|0|NA|NA|17415|17415|NA|13|4|2|187488|93744|0
"060377019021"|0|1|1|0|0|0|0|1|1|1|0|0|0|1|0|11160|11160|22212|22212|NA|22|2|56|4979636|88922.0714285714|0
"060377019023"|0|0|1|0|0|0|0|1|1|1|0|0|1|0|0|NA|NA|14748|14748|NA|13|5|0|0|NA|0
"060377022011"|0|1|0|0|0|0|0|1|1|1|0|0|0|0|1|1104|9000|NA|NA|NA|512|207|654|72146682|110316.027522936|0
"060377028033"|0|0|1|0|0|0|0|1|1|1|0|0|1|0|0|NA|NA|15250|15250|NA|11|4|2|83918|41959|0
"060377030032"|0|1|1|0|0|0|0|1|1|1|0|0|1|0|0|20370|20370|17976|17976|NA|32|23|62|4724424|76200.3870967742|0
"060378004101"|0|1|1|0|0|0|0|1|1|1|0|0|0|1|0|57750|57750|36200|36200|16160|1166|271|782|90257314|115418.560102302|0
"060379007011"|0|1|1|0|0|0|0|1|1|1|0|0|1|0|0|NA|NA|NA|NA|NA|36|19|20|1264534|63226.7|0
"060379007013"|0|1|0|0|0|0|0|1|1|1|1|0|0|1|0|NA|NA|NA|NA|NA|58|8|60|4172400|69540|0
"060379007033"|0|1|0|0|0|0|0|1|1|1|1|0|1|0|0|NA|NA|NA|NA|NA|47|11|54|3205414|59359.5185185185|0
"060379007051"|0|1|0|0|0|0|0|1|1|1|1|0|1|0|0|NA|NA|NA|NA|NA|7|0|6|349440|58240|0
"060379008062"|0|1|0|0|0|0|0|1|1|0|0|1|1|0|0|NA|NA|NA|NA|NA|0|0|0|0|NA|0
"060379010131"|0|1|0|0|0|0|0|1|1|1|0|0|0|0|1|1104|6960|NA|NA|NA|301|129|324|30731874|94851.462962963|0
"060379203291"|0|1|0|0|0|0|0|1|1|0|0|1|1|0|0|NA|NA|NA|NA|NA|0|0|0|0|NA|0
"060379203302"|0|1|0|0|0|0|0|1|1|1|1|0|0|0|1|1104|7752|NA|NA|NA|396|58|490|57012868|116352.791836735|0
"060379203321"|0|1|1|0|0|0|0|1|1|1|0|0|0|1|0|27950|27950|10440|10440|11500|164|39|122|9766960|80057.0491803279|0
"060379203343"|0|1|1|0|0|0|0|1|1|1|0|0|0|1|0|52850|52850|52850|52850|12809|213|81|308|26353902|85564.6168831169|0
"060379800151"|0|1|0|0|0|0|0|1|1|1|1|0|0|1|0|1196|8528|NA|NA|NA|136|58|184|20480542|111307.293478261|0
"060379800341"|0|2|1|0|0|0|0|2|2|1|0|1|2|0|0|NA|NA|NA|NA|NA|8|5|2|24474|NA|0
"060379800381"|0|1|0|0|0|0|0|1|1|1|0|0|0|0|1|1196|8528|NA|NA|NA|195|95|252|27246378|108120.547619048|0
"060390005133"|0|1|0|0|0|0|0|1|1|1|1|0|1|0|0|NA|NA|NA|NA|NA|4|0|2|108160|54080|0
"060411101001"|0|1|1|0|0|0|0|1|1|1|0|0|0|1|0|47190|47190|16000|16000|15634|207|56|198|17252750|87135.101010101|0
"060411170003"|0|0|1|0|0|0|0|1|0|0|0|0|0|0|0|NA|NA|NA|NA|NA|0|0|0|0|NA|0
"060411191003"|0|1|0|0|0|0|0|1|1|1|1|0|0|1|0|1380|9750|NA|NA|NA|191|67|232|25348158|109259.301724138|0
"060450109003"|0|1|0|0|0|0|0|1|1|1|1|0|0|1|0|1380|7950|NA|NA|NA|104|51|110|12055416|109594.690909091|0
"060450115012"|0|1|0|0|0|0|0|1|1|0|0|1|1|0|0|NA|NA|NA|NA|NA|0|0|0|0|NA|0
"060470010041"|0|1|0|0|0|0|0|1|1|0|0|1|1|0|0|NA|NA|NA|NA|NA|0|0|0|0|NA|0
"060470010071"|0|1|0|0|0|0|0|1|1|1|1|0|0|0|1|1104|6264|NA|NA|NA|285|96|382|34137440|89365.0261780105|0
"060470013013"|0|1|0|0|0|0|0|1|1|0|0|1|1|0|0|NA|NA|NA|NA|NA|0|0|0|0|NA|0
"060470019011"|0|1|1|0|0|0|0|1|1|1|0|0|0|1|0|12570|42324|12570|42324|16500|1317|190|900|95984960|106649.955555556|0
"060530002001"|0|1|0|0|0|0|0|1|1|0|0|1|1|0|0|NA|NA|NA|NA|NA|0|0|0|0|NA|0
"060530003002"|0|1|0|0|0|0|0|1|1|0|0|1|1|0|0|NA|NA|NA|NA|NA|0|0|0|0|NA|0
"060530014001"|0|1|0|0|0|0|0|1|1|1|1|0|0|1|0|1380|8940|NA|NA|NA|196|60|254|25658808|101018.929133858|0
"060530014002"|0|1|0|0|0|0|0|1|1|1|1|0|1|0|0|NA|NA|NA|NA|NA|19|2|10|520190|52019|0
"060530111032"|0|1|0|0|0|0|0|1|1|0|0|1|1|0|0|NA|NA|NA|NA|NA|0|0|0|0|NA|0
"060530127002"|0|1|1|0|0|0|0|1|1|1|0|0|1|0|0|42634|42634|42634|42634|NA|109|35|146|12827210|87857.602739726|0
"060530130001"|0|0|1|0|0|0|0|0|0|1|0|0|0|1|0|NA|NA|NA|NA|NA|705|119|588|101799126|173127.765306122|0
"060530130004"|0|1|0|0|0|0|0|1|1|1|1|0|0|1|0|1104|8064|NA|NA|NA|152|74|250|19914204|79656.816|0
"060530141041"|0|1|1|0|0|0|0|1|1|1|0|0|0|1|0|5742|17622|7176|16680|10895|536|206|424|38921232|91795.358490566|0
"060552009001"|0|1|0|0|0|0|0|1|1|1|1|0|0|1|0|1104|7464|NA|NA|NA|191|88|230|21534954|93630.2347826087|0
"060552017002"|0|1|1|0|0|0|0|1|1|1|0|0|1|0|0|31101|31101|31101|31101|8517|120|14|130|8261046|63546.5076923077|0
"060570012091"|0|1|0|0|0|0|0|1|1|0|0|1|1|0|0|NA|NA|NA|NA|NA|0|0|0|0|NA|0
"060590016025"|0|0|1|0|0|0|0|1|1|1|0|0|1|0|0|NA|NA|37493|37493|NA|108|23|140|18461912|131870.8|0
"060590018011"|0|0|1|0|0|0|0|1|1|1|0|0|1|0|0|NA|NA|9720|9720|NA|2|0|6|50000|8333.33333333333|0
"060590019021"|0|1|1|0|0|0|0|1|1|1|0|0|1|0|0|2880|2880|2400|2400|NA|7|1|12|591040|49253.3333333333|0
"060590114012"|0|1|0|0|0|0|0|1|1|1|1|0|0|0|1|1104|7464|NA|NA|NA|321|133|650|63963000|98404.6153846154|0
"060590115042"|0|1|1|0|0|0|0|1|1|1|0|0|0|0|1|5742|17622|7176|16680|16296|1564|583|2036|192773064|94682.2514734774|0
"060590115045"|0|1|1|0|0|0|0|1|1|1|0|0|0|1|0|33250|33250|14256|14256|11050|113|45|70|4481142|64016.3142857143|0
"060590219172"|0|1|0|0|0|0|0|1|1|1|1|0|0|1|0|1104|8904|NA|NA|NA|144|75|226|26498024|117247.89380531|0
"060590320224"|0|2|0|0|0|0|0|2|2|1|1|0|0|0|1|NA|NA|NA|NA|NA|412|206|484|56070368|NA|0
"060590525181"|0|1|1|0|0|0|0|1|1|1|0|0|0|0|1|12000|12000|12060|12060|NA|466|170|194|18687056|96325.030927835|0
"060590525321"|0|1|0|0|0|0|0|1|1|1|1|0|0|0|1|1104|8304|NA|NA|NA|215|112|306|34756382|113582.947712418|0
"060590626105"|0|2|2|0|0|0|0|2|2|2|0|0|1|1|0|NA|NA|NA|NA|NA|150|32|108|7452146|125839.243161094|0
"060590626148"|0|1|1|0|1|1|0|1|1|1|0|0|0|0|1|11442|41196|11442|26544|16677|5319|608|2836|424896972|149822.62764457|0
"060590626262"|0|0|1|0|0|0|0|1|1|1|0|0|1|0|0|NA|NA|22212|22212|NA|8|0|38|3207700|84413.1578947368|0
"060590626282"|0|1|1|0|0|0|0|1|1|1|0|0|0|1|0|37250|37250|8121|8121|12270|225|81|188|14723924|78318.7446808511|0
"060590626331"|0|1|1|0|0|0|0|1|1|1|0|0|1|0|0|32250|32250|32250|32250|13032|158|49|108|12137790|112386.944444444|0
"060590626562"|0|1|1|0|0|0|0|1|1|1|0|0|1|0|0|32600|32600|37700|37700|16016|53|19|48|4137328|86194.3333333333|0
"060590630073"|0|1|1|0|0|0|0|1|1|1|0|0|1|0|0|19950|19950|19500|19500|NA|5|0|4|336988|84247|0
"060590639022"|0|1|0|0|0|0|0|1|1|0|0|0|0|0|0|NA|NA|NA|NA|NA|111|22|0|0|NA|0
"060590639023"|0|1|0|0|0|0|0|1|1|1|1|0|0|0|1|1104|7728|NA|NA|16757|352|145|528|55966282|105996.746212121|0
"060590639063"|0|1|1|0|0|0|0|1|1|1|0|0|0|1|0|35850|35850|16080|16080|9650|158|51|166|12496876|75282.3855421687|0
"060590639101"|0|1|0|0|0|0|0|1|1|0|0|1|1|0|0|NA|NA|NA|NA|NA|0|0|0|0|NA|0
"060590740032"|0|1|0|0|0|0|0|1|1|0|0|1|1|0|0|NA|NA|NA|NA|NA|0|0|0|0|NA|0
"060590744031"|0|1|0|0|0|0|0|1|1|1|0|0|1|0|0|NA|NA|NA|NA|NA|39|19|32|3194722|99835.0625|0
"060590750024"|0|1|0|0|0|0|0|1|1|0|0|1|0|0|0|NA|NA|NA|NA|NA|0|0|0|0|NA|0
"060590752021"|0|2|0|0|0|0|0|2|2|1|0|1|1|0|1|NA|NA|NA|NA|NA|265|127|480|55311284|NA|0
"060590753031"|0|1|0|0|0|0|0|1|1|0|0|0|0|0|0|NA|NA|NA|NA|NA|122|44|0|0|NA|0
"060590754043"|0|0|1|0|0|0|0|1|1|1|0|0|1|0|0|NA|NA|13500|13500|NA|10|2|14|1112986|79499|0
"060590755166"|0|3|2|0|0|0|0|3|3|3|1|0|2|1|0|NA|NA|NA|NA|NA|194|49|104|7140488|174208.416666667|0
"060590757013"|0|1|0|0|0|0|0|1|1|0|0|1|1|0|0|NA|NA|NA|NA|NA|0|0|0|0|NA|0
"060590759011"|0|1|1|0|0|0|0|1|1|1|0|0|0|1|0|56830|56830|35105|35105|16138|980|337|1088|129988742|119474.946691176|0
"060590761053"|0|1|0|0|0|0|0|1|1|1|1|0|1|0|0|11954|11954|NA|NA|NA|8|2|4|217320|54330|0
"060590863031"|0|1|0|0|0|0|0|1|1|0|0|1|1|0|0|NA|NA|NA|NA|NA|0|0|0|0|NA|0
"060590863036"|0|1|0|0|0|0|0|1|1|1|0|0|1|0|0|14279|14279|NA|NA|NA|32|4|20|1277088|63854.4|0
"060590865013"|0|1|0|0|0|0|0|1|1|0|0|1|1|0|0|NA|NA|NA|NA|NA|0|0|0|0|NA|0
"060590866022"|0|1|1|0|0|0|0|1|1|1|0|0|1|0|0|6680|6680|6200|6200|NA|10|1|14|373196|26656.8571428571|0
"060590867011"|0|0|1|0|1|0|0|1|1|1|0|0|1|0|0|NA|NA|11865|11865|NA|21|7|22|960882|43676.4545454545|0
"060590867016"|0|1|0|0|0|0|0|1|1|0|0|0|0|0|0|NA|NA|NA|NA|NA|86|18|0|0|NA|0
"060590867025"|0|1|0|0|0|0|0|1|1|0|0|1|1|0|0|NA|NA|NA|NA|NA|0|0|0|0|NA|0
"060590868021"|0|1|0|0|0|0|0|1|1|1|1|0|0|1|0|NA|NA|NA|NA|NA|54|19|58|4502878|77635.8275862069|0
"060590871012"|0|1|0|0|0|0|0|1|1|0|0|1|1|0|0|NA|NA|NA|NA|NA|0|0|0|0|NA|0
"060590871022"|0|1|0|0|0|0|0|1|1|1|0|0|1|0|0|15790|15790|NA|NA|NA|18|4|22|1603280|72876.3636363636|0
"060590874051"|0|2|0|0|0|0|0|2|2|0|0|2|2|0|0|NA|NA|NA|NA|NA|0|0|0|0|NA|0
"060590884031"|0|1|0|0|0|0|0|1|1|0|0|1|1|0|0|NA|NA|NA|NA|NA|0|0|0|0|NA|0
"060590886021"|0|2|1|0|0|0|0|2|2|2|1|0|2|0|0|NA|NA|NA|NA|NA|37|12|48|3455742|94111.5714285714|0
"060590889021"|0|1|0|0|0|0|0|1|1|0|0|1|1|0|0|NA|NA|NA|NA|NA|0|0|0|0|NA|0
"060590992271"|0|1|0|0|0|0|0|1|1|0|0|1|1|0|0|NA|NA|NA|NA|NA|0|0|0|0|NA|0
"060590992272"|0|1|0|0|0|0|0|1|1|0|0|1|1|0|0|NA|NA|NA|NA|NA|0|0|0|0|NA|0
"060590992294"|0|1|0|0|0|0|0|1|1|1|1|0|0|1|0|1104|7200|NA|NA|NA|158|82|104|10736540|103235.961538462|0
"060590996052"|0|1|0|0|0|0|0|1|1|1|1|0|0|0|1|1104|8304|NA|NA|NA|199|81|256|28230048|110273.625|0
"060590998021"|0|1|0|0|0|0|0|1|1|0|0|1|1|0|0|NA|NA|NA|NA|NA|0|0|0|0|NA|0
"060591100012"|0|1|0|0|0|0|0|1|1|0|0|1|1|0|0|NA|NA|NA|NA|NA|0|0|0|0|NA|0
"060591100051"|0|1|0|0|0|0|0|1|1|0|0|1|1|0|0|NA|NA|NA|NA|NA|0|0|0|0|NA|0
"060591101101"|0|1|0|0|0|0|0|1|1|1|0|0|0|0|1|1104|8856|NA|NA|NA|270|64|448|38753676|86503.7410714286|0
"060591101132"|0|2|2|0|0|0|0|2|1|1|0|0|0|1|0|NA|NA|NA|NA|NA|32|5|26|1871586|NA|0
"060599800001"|0|1|1|0|0|0|0|1|1|1|0|0|0|1|0|23186|23186|9914|9914|NA|104|46|112|11624248|103787.928571429|0
"060610207141"|0|1|0|0|0|0|0|1|1|0|0|1|1|0|0|NA|NA|NA|NA|NA|0|0|0|0|NA|0
"060610208051"|0|1|0|0|0|0|0|1|1|0|0|1|1|0|0|19476|19476|NA|NA|NA|0|0|0|0|NA|0
"060610211092"|0|1|0|0|0|0|0|1|1|1|1|0|0|0|1|1104|7416|NA|NA|7400|310|159|490|37294554|76111.3346938776|0
"060610213234"|0|1|1|0|0|0|0|1|1|1|0|0|0|1|0|36000|36000|13924|13924|12160|168|77|94|6924070|73660.3191489362|0
"060630001006"|0|1|0|0|0|0|0|1|1|1|0|0|0|1|0|1380|9780|NA|NA|10766|76|18|42|4328088|103049.714285714|0
"060650305011"|0|1|0|0|0|0|0|1|1|0|0|1|0|1|0|NA|NA|NA|NA|NA|0|0|0|0|NA|0
"060650307001"|0|1|0|0|0|0|0|1|1|1|1|0|0|0|1|1380|9330|NA|NA|NA|285|144|538|60039782|111598.107806691|0
"060650312005"|0|1|0|0|0|0|0|1|1|0|0|1|1|0|0|NA|NA|NA|NA|NA|0|0|0|0|NA|0
"060650315015"|0|1|1|0|0|0|0|1|1|1|0|0|0|0|1|33930|33930|13410|13410|10300|572|237|694|68668224|98945.5677233429|0
"060650402014"|0|1|0|0|0|0|0|1|1|0|0|1|1|0|0|NA|NA|NA|NA|NA|0|0|0|0|NA|0
"060650409011"|0|1|0|0|0|0|0|1|1|0|0|1|1|0|0|NA|NA|NA|NA|NA|0|0|0|0|NA|0
"060650409022"|0|1|1|0|0|0|0|1|1|1|0|0|0|1|0|33228|33228|13140|13140|8780|139|32|186|13771618|74040.9569892473|0
"060650414063"|0|1|0|0|0|0|0|1|1|0|0|1|1|0|0|NA|NA|NA|NA|NA|0|0|0|0|NA|0
"060650418092"|0|1|0|0|0|0|0|1|1|1|1|0|1|0|0|10540|10540|NA|NA|NA|5|0|0|0|NA|0
"060650419092"|0|1|0|0|0|0|0|1|1|0|0|1|1|0|0|NA|NA|NA|NA|NA|0|0|0|0|NA|0
"060650422091"|0|2|0|0|0|0|0|2|2|1|1|1|2|0|0|NA|NA|NA|NA|NA|8|0|4|268320|NA|0
"060650422172"|0|1|0|0|0|0|0|1|1|0|0|1|1|0|0|NA|NA|NA|NA|NA|0|0|0|0|NA|0
"060650432161"|0|1|0|0|0|0|0|1|1|0|0|1|1|0|0|NA|NA|NA|NA|NA|0|0|0|0|NA|0
"060650435034"|0|0|0|0|0|0|0|1|0|0|0|0|0|0|0|NA|NA|NA|NA|NA|0|0|0|0|NA|0
"060650435091"|0|1|0|0|0|0|0|1|1|1|1|0|0|0|1|1380|11250|NA|NA|NA|334|142|368|39499372|107335.25|0
"060650435192"|0|1|0|0|0|0|0|1|1|0|0|1|1|0|0|NA|NA|NA|NA|NA|0|0|0|0|NA|0
"060650438071"|0|1|0|0|0|0|0|1|1|0|0|1|1|0|0|NA|NA|NA|NA|NA|0|0|0|0|NA|0
"060650447021"|0|1|0|0|0|0|0|1|1|0|0|1|1|0|0|NA|NA|NA|NA|NA|0|0|0|0|NA|0
"060650449212"|0|1|0|0|0|0|0|1|1|1|1|0|1|0|0|NA|NA|NA|NA|NA|6|0|10|785520|78552|0
"060650449221"|0|2|0|0|0|0|0|2|2|1|1|1|2|0|0|NA|NA|NA|NA|NA|8|1|0|0|NA|0
"060650451181"|0|1|0|0|0|0|0|1|1|1|1|0|0|0|1|1345|8905|NA|NA|NA|298|137|310|31488024|101574.270967742|0
"060650451242"|0|1|0|0|0|0|0|1|1|0|0|1|1|0|0|NA|NA|NA|NA|NA|0|0|0|0|NA|0
"060650452352"|0|2|0|0|0|0|0|2|2|0|0|2|2|0|0|NA|NA|NA|NA|NA|0|0|0|0|NA|0
"060650465011"|0|1|1|0|0|1|0|1|1|1|0|0|0|0|1|11442|41196|11442|26544|16261|3029|513|1932|253572902|131248.914078675|0
"060650466011"|0|1|0|0|0|0|0|1|1|1|1|0|0|0|1|1380|9330|NA|NA|NA|142|74|198|21952038|110868.878787879|0
"060650469001"|0|1|0|0|0|0|0|1|1|1|1|0|0|1|0|1380|10080|NA|NA|NA|65|20|62|5583208|90051.7419354839|0
"060650490013"|0|1|0|0|0|0|0|1|1|1|1|0|0|1|0|1380|9330|NA|NA|NA|141|77|210|22778630|108469.666666667|0
"060650496002"|0|1|0|0|0|0|0|1|1|1|1|0|1|0|0|14000|14000|NA|NA|NA|10|1|4|7e+05|175000|0
"060650509012"|0|1|0|0|0|0|0|1|1|1|0|0|1|0|0|14279|14279|NA|NA|NA|30|3|26|1616666|62179.4615384615|0
"060650512001"|0|3|1|0|0|0|0|3|2|1|1|0|1|0|0|NA|NA|NA|NA|NA|22|0|36|2371860|NA|0
"060659404003"|0|1|0|0|0|0|0|1|1|0|0|1|1|0|0|NA|NA|NA|NA|NA|0|0|0|0|NA|0
"060659411002"|0|1|0|0|0|0|0|1|1|1|1|0|1|0|0|NA|NA|NA|NA|NA|16|1|26|1421134|54659|0
"060670024003"|0|1|0|0|0|0|0|1|1|1|1|0|0|0|1|NA|8472|NA|NA|NA|265|124|606|54893654|90583.5874587459|0
"060670046042"|0|1|0|0|0|0|0|1|1|0|0|1|1|0|0|NA|NA|NA|NA|NA|0|0|0|0|NA|0
"060670049041"|0|2|0|0|0|0|0|2|2|0|0|2|2|0|0|NA|NA|NA|NA|NA|0|0|0|0|NA|0
"060670050021"|0|1|0|0|0|0|0|1|1|0|0|1|1|0|0|NA|NA|NA|NA|NA|0|0|0|0|NA|0
"060670052012"|0|1|1|0|0|0|0|1|1|1|0|0|0|0|1|5742|17622|7176|16680|16134|1423|558|1642|148001184|90134.7040194884|0
"060670054021"|0|2|0|0|0|0|0|2|2|1|1|0|1|0|0|NA|NA|NA|NA|NA|318|64|40|1713890|NA|0
"060670055061"|0|1|0|0|0|0|0|1|1|0|0|1|1|0|0|NA|NA|NA|NA|NA|0|0|0|0|NA|0
"060670056012"|0|1|0|0|0|0|0|1|1|0|0|1|1|0|0|NA|NA|NA|NA|NA|0|0|0|0|NA|0
"060670061011"|0|1|0|0|0|0|0|1|1|0|0|1|1|0|0|NA|NA|NA|NA|NA|0|0|0|0|NA|0
"060670070192"|0|1|0|0|0|0|0|1|1|0|0|1|1|0|0|NA|NA|NA|NA|NA|0|0|0|0|NA|0
"060670070251"|0|1|0|0|0|0|0|1|1|1|1|0|0|1|0|NA|NA|NA|NA|NA|34|2|70|4794358|68490.8285714286|0
"060670075014"|0|1|0|0|0|0|0|1|1|1|1|0|1|0|0|NA|NA|NA|NA|NA|34|1|38|1518928|39971.7894736842|0
"060670075042"|0|2|1|0|0|0|0|2|2|2|1|0|1|0|1|NA|17436|NA|NA|NA|328|152|754|67861094|116406.401158301|0
"060670081362"|0|1|0|0|0|0|0|1|1|1|1|0|1|0|0|NA|NA|NA|NA|NA|8|0|14|846758|60482.7142857143|0
"060670081415"|0|1|0|0|0|0|0|1|1|1|1|0|1|0|0|NA|NA|NA|NA|NA|16|1|20|1194120|59706|0
"060670081432"|0|1|0|0|0|0|0|1|1|0|0|1|1|0|0|NA|NA|NA|NA|NA|0|0|0|0|NA|0
"060670085103"|0|1|0|0|0|0|0|1|1|1|1|0|0|1|0|NA|8472|NA|NA|NA|118|59|252|22952208|91080.1904761905|0
"060670090051"|0|1|0|0|0|0|0|1|1|0|0|1|1|0|0|NA|NA|NA|NA|NA|0|0|0|0|NA|0
"060670090061"|0|1|0|0|0|0|0|1|1|0|0|1|1|0|0|NA|NA|NA|NA|NA|0|0|0|0|NA|0
"060670090104"|0|2|0|0|0|0|0|2|2|2|1|0|2|0|0|NA|NA|NA|NA|NA|8|0|16|1345048|NA|0
"060670091102"|0|2|0|0|0|0|0|2|2|1|1|0|0|1|0|NA|NA|NA|NA|NA|112|13|52|4044076|NA|0
"060670096082"|0|1|0|0|0|0|0|1|1|1|1|0|0|0|1|NA|8472|NA|NA|NA|179|82|392|35208982|89818.8316326531|0
"060670096401"|0|1|0|0|0|0|0|1|1|0|0|1|1|0|0|NA|NA|NA|NA|NA|0|0|0|0|NA|0
"060710008084"|0|1|0|0|0|0|0|1|1|0|0|1|1|0|0|NA|NA|NA|NA|NA|0|0|0|0|NA|0
"060710018032"|0|1|0|0|0|0|0|1|1|0|0|1|1|0|0|NA|NA|NA|NA|NA|0|0|0|0|NA|0
"060710020191"|0|1|0|0|0|0|0|1|1|1|1|0|0|0|1|1104|8448|NA|NA|NA|333|186|470|47295930|100629.638297872|0
"060710021092"|0|4|0|0|0|0|0|4|4|3|2|1|4|0|0|NA|NA|NA|NA|NA|65|7|96|7283592|NA|0
"060710021093"|0|2|1|0|0|0|0|2|2|2|1|0|0|2|0|NA|NA|NA|NA|NA|159|21|108|9378240|173671.111111111|0
"060710021111"|0|1|0|0|0|0|0|1|1|1|1|0|0|1|0|NA|NA|NA|NA|NA|34|0|60|4141530|69025.5|0
"060710021122"|0|1|0|0|0|0|0|1|1|0|0|1|1|0|0|NA|NA|NA|NA|NA|0|0|0|0|NA|0
"060710027052"|0|1|0|0|0|0|0|1|1|1|0|0|1|0|0|16000|16000|NA|NA|NA|4|1|10|124000|12400|0
"060710030002"|0|1|0|0|0|0|0|1|1|0|0|1|1|0|0|NA|NA|NA|NA|NA|0|0|0|0|NA|0
"060710036121"|0|1|1|0|0|1|0|2|2|1|0|1|2|0|0|NA|NA|NA|NA|NA|55|17|84|15407828|NA|0
"060710045101"|0|1|1|0|0|0|0|1|1|1|0|0|0|0|1|5742|17622|7176|16680|12142|1074|471|996|91811736|92180.4578313253|0
"060710058001"|0|1|0|0|0|0|0|1|1|0|0|1|1|0|0|NA|NA|NA|NA|NA|0|0|0|0|NA|0
"060710072022"|0|2|0|0|0|0|0|2|2|0|0|1|0|1|0|NA|NA|NA|NA|NA|143|32|0|0|NA|0
"060710073033"|0|1|1|0|0|1|0|1|1|1|0|0|0|1|0|32400|32400|27040|27040|NA|781|218|698|69033018|98901.1719197708|0
"060710078001"|0|2|0|0|0|0|0|2|2|1|1|1|2|0|0|NA|NA|NA|NA|NA|17|0|2|120000|NA|0
"060710084053"|0|1|1|0|0|0|0|1|1|1|0|0|0|1|0|52150|52150|22680|22680|15110|458|166|428|40283654|94120.6869158879|0
"060710087153"|0|1|0|0|0|0|0|1|1|1|1|0|0|1|0|1104|8424|NA|NA|NA|118|24|148|16086382|108691.77027027|0
"060710099132"|0|1|0|0|0|0|0|1|1|0|0|1|1|0|0|NA|NA|NA|NA|NA|0|0|0|0|NA|0
"060710100391"|0|1|0|0|0|0|0|1|1|1|1|0|0|0|1|1402|9352|NA|NA|NA|247|85|208|19821138|95293.9326923077|0
"060710100421"|0|1|0|0|0|0|0|1|1|1|1|0|1|0|0|NA|NA|NA|NA|NA|15|0|8|466648|58331|0
"060710104271"|0|1|0|0|0|0|0|1|1|0|0|1|1|0|0|NA|NA|NA|NA|NA|0|0|0|0|NA|0
"060710104313"|0|1|0|0|0|0|0|1|1|1|1|0|0|1|0|1104|8064|NA|NA|NA|68|18|58|5570144|96036.9655172414|0
"060710120011"|0|1|0|0|0|0|0|1|1|1|1|0|0|1|0|1104|7464|NA|NA|NA|102|9|88|8321398|94561.3409090909|0
"060710124001"|0|1|0|0|0|0|0|1|1|1|1|0|1|0|0|NA|NA|NA|NA|NA|43|16|52|4066566|78203.1923076923|0
"060710124002"|0|1|0|0|0|0|0|1|1|1|1|0|0|0|1|NA|NA|NA|NA|NA|224|54|340|35633776|104805.223529412|0
"060710127001"|0|2|1|0|0|0|0|2|2|2|0|0|0|2|0|43612|43612|NA|NA|NA|76|38|84|8431494|NA|0
"060719802001"|0|0|0|0|0|0|0|1|0|0|0|0|0|0|0|NA|NA|NA|NA|NA|0|0|0|0|NA|0
"060730027081"|0|1|0|0|0|0|0|1|1|0|0|1|1|0|0|NA|NA|NA|NA|NA|0|0|0|0|NA|0
"060730028012"|0|1|1|0|0|0|0|1|1|1|0|0|0|0|1|5742|17622|7176|16680|18531|1799|703|1908|198295056|103928.226415094|0
"060730029043"|0|1|1|0|0|0|0|2|2|2|0|0|2|0|0|NA|NA|NA|NA|NA|15|3|12|740000|NA|0
"060730033012"|0|1|0|0|0|0|0|1|1|1|1|0|1|0|0|NA|NA|NA|NA|NA|40|13|38|3082094|81107.7368421053|0
"060730034033"|0|1|0|0|0|0|0|1|1|0|0|1|1|0|0|NA|NA|NA|NA|NA|0|0|0|0|NA|0
"060730051023"|0|1|1|0|0|0|0|1|1|1|0|0|1|0|0|6000|6000|3600|3600|NA|5|0|0|0|NA|0
"060730052011"|0|2|1|0|0|0|0|2|2|2|1|0|1|0|1|29931|36267|NA|NA|NA|195|134|388|35410856|179995.551966292|0
"060730053011"|0|2|1|0|0|0|0|3|3|1|0|2|3|0|0|NA|NA|NA|NA|NA|23|5|8|865832|NA|0
"060730054021"|0|1|2|0|0|0|0|2|2|1|0|0|1|0|0|NA|NA|NA|NA|NA|3|0|8|599724|NA|0
"060730056011"|0|0|1|0|0|0|0|1|1|1|0|0|1|0|0|NA|NA|32440|32440|NA|107|52|66|9533980|144454.242424242|0
"060730057002"|0|1|0|0|0|0|0|1|1|0|0|1|1|0|0|NA|NA|NA|NA|NA|0|0|0|0|NA|0
"060730072001"|0|1|1|0|0|0|0|1|1|1|0|0|0|1|0|37600|37600|11880|11880|10900|447|164|298|27776610|93210.1006711409|0
"060730083051"|0|1|1|0|1|1|0|1|1|1|0|0|0|0|1|11442|41196|11442|26544|15336|8976|1457|2962|453078652|152963.758271438|0
"060730083391"|0|2|3|0|0|0|0|3|3|3|0|0|1|0|2|NA|NA|NA|NA|NA|1879|283|688|73495286|380248.044630691|0
"060730083501"|0|1|1|0|0|0|0|1|1|1|0|0|1|0|0|25500|25500|21600|21600|NA|11|0|4|320000|80000|0
"060730083591"|0|1|0|0|0|0|0|1|1|1|1|0|0|0|1|1104|8064|NA|NA|NA|122|96|252|22842684|90645.5714285714|0
"060730085104"|0|1|0|0|0|0|0|1|1|1|0|0|0|0|1|1104|8064|NA|NA|NA|198|151|518|45228742|87314.1737451737|0
"060730085111"|0|1|1|0|0|0|0|1|1|1|0|0|0|0|1|13280|13280|13720|13720|NA|196|8|238|20771294|87274.3445378151|0
"060730085112"|0|1|0|0|0|0|0|1|1|1|0|0|1|0|0|16600|16600|NA|NA|NA|30|3|26|1710826|65801|0
"060730085113"|0|1|0|0|0|0|0|1|1|1|1|0|1|0|0|NA|NA|NA|NA|NA|9|1|16|1330000|83125|0
"060730087022"|0|2|2|0|0|0|0|2|2|2|0|0|1|1|0|14871|14871|17443|17443|NA|140|40|44|3391496|156862.357142857|0
"060730091081"|0|1|1|0|0|0|0|1|1|1|0|0|1|0|0|5568|5568|4092|4092|NA|11|5|8|360000|45000|0
"060730091091"|0|1|2|0|0|0|0|2|2|2|0|0|1|1|0|NA|NA|42336|42336|NA|1217|420|976|110302112|181364.522633745|0
"060730093072"|0|2|1|0|0|0|0|2|2|1|0|0|1|0|0|NA|NA|NA|NA|NA|519|187|4|150000|NA|0
"060730093074"|0|2|0|0|0|0|0|2|2|1|1|1|2|0|0|NA|NA|NA|NA|NA|26|0|4|313120|NA|0
"060730095043"|0|1|1|0|0|0|0|1|1|1|0|0|0|1|0|15288|15288|24255|24255|NA|191|25|212|16453040|77608.679245283|0
"060730126004"|0|1|0|0|0|0|0|1|1|1|1|0|1|0|0|NA|NA|NA|NA|NA|26|16|68|3597734|52907.8529411765|0
"060730131032"|0|1|0|0|0|0|0|1|1|0|0|1|1|0|0|NA|NA|NA|NA|NA|0|0|0|0|NA|0
"060730132032"|0|1|0|0|0|0|0|1|1|0|0|1|0|1|0|NA|NA|NA|NA|NA|0|0|0|0|NA|0
"060730134151"|0|1|0|0|0|0|0|1|1|1|1|0|0|0|1|1288|7700|NA|NA|NA|466|192|412|41235216|100085.475728155|0
"060730136072"|0|1|0|0|0|0|0|1|1|1|1|0|0|1|0|1288|8512|NA|NA|NA|185|84|216|15543708|71961.6111111111|0
"060730146013"|0|2|0|0|0|0|0|2|1|0|0|1|1|0|0|NA|NA|NA|NA|NA|0|0|0|0|NA|0
"060730156022"|0|1|1|0|0|0|0|1|1|1|0|0|1|0|0|15588|15588|15588|15588|12687|10|5|10|552640|55264|0
"060730157061"|0|1|0|0|0|0|0|1|1|0|0|1|1|0|0|NA|NA|NA|NA|NA|0|0|0|0|NA|0
"060730162012"|0|1|0|0|0|0|0|1|1|1|1|0|1|0|0|NA|NA|NA|NA|NA|11|7|4|218000|54500|0
"060730166152"|0|1|1|0|0|0|0|1|1|1|0|0|1|0|0|23022|23022|10566|10566|12588|57|15|26|1699066|65348.6923076923|0
"060730166192"|0|2|0|0|0|0|0|2|2|1|1|0|0|0|1|NA|NA|NA|NA|NA|450|158|526|40102242|NA|0
"060730170412"|0|1|0|0|0|0|0|1|1|0|0|1|1|0|0|NA|NA|NA|NA|NA|0|0|0|0|NA|0
"060730170543"|0|1|0|0|0|0|0|1|1|0|0|1|1|0|0|NA|NA|NA|NA|NA|0|0|0|0|NA|0
"060730185171"|0|1|0|0|0|0|0|1|1|1|0|0|0|0|1|1104|8064|NA|NA|NA|343|117|360|55778606|154940.572222222|0
"060730197024"|0|1|0|0|0|0|0|1|1|0|0|1|1|0|0|NA|NA|NA|NA|NA|0|0|0|0|NA|0
"060730200213"|0|1|0|0|0|0|0|1|1|1|1|0|0|0|1|1288|9548|NA|NA|NA|457|175|566|61787148|109164.572438163|0
"060730200231"|0|1|0|0|0|0|0|1|1|1|0|0|1|0|0|16600|16600|NA|NA|NA|14|1|8|576888|72111|0
"060730200291"|0|1|0|0|0|0|0|1|1|1|0|0|1|0|0|24900|24900|NA|NA|NA|18|12|14|880996|62928.2857142857|0
"060730200294"|0|1|0|0|0|0|0|1|1|0|0|1|1|0|0|NA|NA|NA|NA|NA|0|0|0|0|NA|0
"060730200382"|0|0|1|0|0|0|0|1|1|1|0|0|0|1|0|NA|NA|25825|25825|NA|291|52|398|38529800|96808.5427135678|0
"060730202141"|0|1|0|0|0|0|0|1|1|0|0|1|1|0|0|NA|NA|NA|NA|NA|0|0|0|0|NA|0
"060730202142"|0|1|0|0|0|0|0|1|1|0|0|1|1|0|0|NA|NA|NA|NA|NA|0|0|0|0|NA|0
"060730202143"|0|1|0|0|0|0|0|1|1|1|0|0|1|0|0|26100|26100|NA|NA|12678|19|5|18|1598400|88800|0
"060730203091"|0|1|0|0|0|0|0|1|1|0|0|1|1|0|0|NA|NA|NA|NA|NA|0|0|0|0|NA|0
"060730203101"|0|2|1|0|0|0|0|2|2|2|1|0|1|0|1|NA|NA|NA|NA|NA|825|292|830|73964504|152461.616681455|0
"060730207063"|0|0|1|0|0|0|0|1|1|1|0|0|1|0|0|NA|NA|14600|14600|NA|12|2|16|1554504|97156.5|0
"060730214013"|0|0|1|0|0|0|0|1|1|1|0|0|1|0|0|NA|NA|25000|25000|NA|55|4|0|0|NA|0
"060730219001"|0|1|0|0|0|0|0|1|1|1|1|0|1|0|0|14640|14640|NA|NA|NA|2|0|10|648558|64855.8|0
"060730221012"|0|1|0|0|0|0|0|1|1|0|0|1|1|0|0|NA|NA|NA|NA|NA|0|0|0|0|NA|0
"060750103001"|0|1|1|0|0|0|0|1|1|1|0|0|1|0|0|45664|45664|47850|47850|NA|20|1|30|2412194|80406.4666666667|0
"060750105002"|0|1|0|0|0|0|0|1|1|0|0|1|1|0|0|NA|NA|NA|NA|NA|0|0|0|0|NA|0
"060750117001"|0|2|0|0|0|0|0|2|2|0|0|2|2|0|0|NA|NA|NA|NA|NA|0|0|0|0|NA|0
"060750117002"|0|1|0|0|0|0|0|1|1|1|1|0|1|0|0|NA|NA|NA|NA|NA|6|0|4|208000|52000|0
"060750117003"|0|1|0|0|0|0|0|1|1|1|0|0|1|0|0|31275|31275|NA|NA|NA|17|7|0|0|NA|0
"060750123013"|0|1|1|0|0|0|0|1|1|1|0|0|1|0|0|30235|30235|30235|30235|NA|59|26|10|1093494|109349.4|0
"060750124051"|0|0|1|0|0|0|0|1|1|1|0|0|0|1|0|NA|NA|47500|47500|NA|169|44|128|19406596|151614.03125|0
"060750157012"|0|1|1|0|0|0|0|1|1|1|0|0|0|0|1|51930|51930|26640|26640|15990|874|266|906|109441890|120796.78807947|0
"060750162002"|0|1|1|0|0|0|0|1|1|1|0|0|1|0|0|47800|47800|47800|47800|18400|62|11|58|7486444|129076.620689655|0
"060750176033"|0|1|1|0|0|0|0|1|1|1|0|0|0|1|0|20500|20500|21708|21708|NA|115|10|110|8519202|77447.2909090909|0
"060750178043"|0|1|0|0|0|0|0|1|1|0|0|1|1|0|0|NA|NA|NA|NA|NA|0|0|0|0|NA|0
"060750301012"|0|0|1|0|1|1|0|1|1|1|0|0|0|1|0|NA|NA|11442|26544|NA|3789|548|642|126220198|196604.669781931|0
"060750311003"|0|1|0|0|0|0|0|1|1|1|1|0|0|0|1|NA|7152|NA|NA|NA|619|287|1102|109549164|99409.4047186933|0
"060750332011"|0|1|1|0|0|0|0|1|1|1|0|0|0|0|1|5742|17622|7176|16680|15949|1457|277|1680|170330088|101386.957142857|0
"060750601001"|0|0|1|0|0|0|0|1|1|1|0|0|1|0|0|NA|NA|28865|28865|NA|14|1|4|640000|160000|0
"060750607021"|0|1|1|0|0|0|0|1|1|1|0|0|0|1|0|50592|50592|53250|53250|18593|271|64|172|15572056|90535.2093023256|0
"060750611012"|0|1|0|0|0|0|0|1|1|0|0|1|1|0|0|19400|19400|NA|NA|NA|0|0|0|0|NA|0
"060750615011"|0|1|1|0|0|0|0|1|1|1|0|0|0|1|0|12456|12456|19620|19620|NA|150|39|114|12985016|113903.649122807|0
"060750615013"|0|1|1|0|0|0|0|1|1|1|0|0|0|1|0|24264|24264|27288|27288|18386|682|187|404|32666872|80858.5940594059|0
"060770004021"|0|1|0|0|0|0|0|1|1|0|0|1|1|0|0|NA|NA|NA|NA|NA|0|0|0|0|NA|0
"060770012001"|0|1|1|0|0|1|0|1|1|1|0|0|0|1|0|50370|50370|48904|48904|13740|1129|463|818|88167892|107784.709046455|0
"060770031102"|0|1|0|0|0|0|0|1|1|1|1|0|1|0|0|NA|NA|NA|NA|NA|16|1|14|856010|61143.5714285714|0
"060770031112"|0|1|0|0|0|0|0|1|1|1|1|0|0|0|1|1288|9072|NA|NA|NA|356|118|852|45021204|52841.7887323944|0
"060770033053"|0|1|0|0|0|0|0|1|1|0|0|1|1|0|0|NA|NA|NA|NA|NA|0|0|0|0|NA|0
"060770033073"|0|1|1|0|0|0|0|1|1|1|0|0|1|0|0|14580|14580|13200|13200|NA|29|1|16|1167808|72988|0
"060770034072"|0|1|0|0|0|0|0|1|1|0|0|1|1|0|0|NA|NA|NA|NA|NA|0|0|0|0|NA|0
"060770038033"|0|1|1|0|0|0|0|1|0|1|0|0|1|0|0|5307|5307|5547|5547|NA|16|14|24|2570686|107111.916666667|0
"060790102071"|0|1|0|0|0|0|0|1|1|0|0|1|1|0|0|NA|NA|NA|NA|NA|0|0|0|0|NA|0
"060790109033"|0|1|1|0|0|0|0|1|1|1|0|0|0|0|1|5742|17622|7176|16680|15694|1507|488|1762|171452256|97305.4801362088|0
"060790111031"|0|1|0|0|0|0|0|1|1|1|0|0|1|0|0|NA|NA|NA|NA|NA|59|8|68|3662632|53862.2352941177|0
"060790111041"|0|1|0|0|0|0|0|1|1|0|0|1|1|0|0|9820|9820|NA|NA|NA|0|0|0|0|NA|0
"060790115053"|0|1|0|0|0|0|0|1|1|1|1|0|0|0|1|1288|8848|NA|NA|NA|250|139|286|27528186|96252.3986013986|0
"060790125031"|0|1|0|0|0|0|0|1|1|0|0|1|1|0|0|NA|NA|NA|NA|NA|0|0|0|0|NA|0
"060816007011"|0|1|0|0|0|0|0|1|1|0|0|1|1|0|0|NA|NA|NA|NA|NA|0|0|0|0|NA|0
"060816017003"|0|1|0|0|0|0|0|1|1|0|0|1|1|0|0|NA|NA|NA|NA|NA|0|0|0|0|NA|0
"060816068002"|0|2|0|0|0|0|0|2|2|1|1|0|0|1|0|NA|NA|NA|NA|NA|405|168|306|31570116|238199.328947368|0
"060816087004"|0|1|1|0|0|0|0|1|1|1|0|0|1|0|0|37394|37394|17784|17784|NA|51|11|58|4927856|84963.0344827586|0
"060816100001"|0|0|1|0|0|0|0|1|1|1|0|0|1|0|0|NA|NA|19000|19000|NA|30|2|10|1094478|109447.8|0
"060816114001"|0|1|0|0|0|0|0|1|1|1|0|0|1|0|0|45050|45050|NA|NA|15400|74|11|34|3193764|93934.2352941177|0
"060816133001"|0|1|0|0|0|0|0|1|1|1|1|0|0|1|0|1288|8932|NA|NA|NA|101|73|168|17071704|101617.285714286|0
"060816140002"|0|1|0|0|0|0|0|1|1|1|1|0|0|1|0|1380|10800|NA|NA|NA|141|103|296|28393756|95924.8513513513|0
"060830003022"|0|0|1|0|0|0|0|1|1|1|0|0|0|1|0|NA|NA|17296|17296|NA|76|19|102|8182672|80222.2745098039|0
"060830007002"|0|1|0|0|0|0|0|1|1|1|0|0|0|1|0|46980|46980|NA|NA|15040|199|56|192|16482000|85843.75|0
"060830009002"|0|0|1|0|0|0|0|1|1|1|0|0|1|0|0|NA|NA|NA|NA|NA|4|1|0|0|NA|0
"060830009003"|0|1|1|0|0|0|0|1|1|1|0|0|1|0|0|17820|17820|19103|19103|NA|12|9|12|938090|78174.1666666667|0
"060830012061"|0|1|0|0|0|0|0|1|1|1|1|0|0|0|1|1380|8140|NA|NA|NA|311|104|470|47258268|100549.506382979|0
"060830017041"|0|1|0|0|0|0|0|1|1|1|0|0|1|0|0|9900|9900|NA|NA|NA|18|0|2|89318|44659|0
"060830017064"|0|0|1|0|0|0|0|1|1|1|0|0|1|0|0|NA|NA|26950|26950|NA|104|14|66|5254196|79609.0303030303|0
"060830021022"|0|1|0|0|0|0|0|1|1|1|1|0|0|0|1|1104|7440|NA|NA|NA|279|103|348|28047054|80594.9827586207|0
"060830021031"|0|2|0|0|0|0|0|2|2|2|1|0|2|0|0|NA|NA|NA|NA|NA|6|0|4|218160|NA|0
"060830024061"|0|1|0|0|0|0|0|1|1|0|0|1|1|0|0|NA|NA|NA|NA|NA|0|0|0|0|NA|0
"060839803001"|0|1|1|0|0|0|0|1|1|1|0|0|0|0|1|11442|41196|11442|26544|15903|4042|660|2194|333706680|152099.67183227|0
"060855008003"|0|2|0|0|0|0|0|2|2|0|0|1|1|0|0|NA|NA|NA|NA|NA|104|20|0|0|NA|0
"060855009011"|0|1|1|0|0|0|0|1|1|1|0|0|0|0|1|5742|17622|7176|16680|16986|1544|451|1768|173406800|98080.7692307692|0
"060855017002"|0|1|0|0|0|0|0|1|1|0|0|1|1|0|0|NA|NA|NA|NA|NA|0|0|0|0|NA|0
"060855021031"|0|1|0|0|0|0|0|1|1|1|1|0|0|1|0|1288|9044|NA|NA|NA|136|53|262|32411662|123708.633587786|0
"060855033053"|0|1|0|0|0|0|0|1|1|0|0|1|1|0|0|NA|NA|NA|NA|NA|0|0|0|0|NA|0
"060855033304"|0|1|0|0|0|0|0|1|1|1|1|0|0|1|0|1364|9044|NA|NA|NA|127|54|232|28681960|123629.137931034|0
"060855050102"|0|1|0|0|0|0|0|1|1|1|1|0|0|1|0|1104|6360|NA|NA|NA|125|77|320|30953770|96730.53125|0
"060855050151"|0|1|1|0|0|0|0|1|1|1|0|0|1|0|0|20784|20784|10479|10479|17606|43|7|22|2043198|92872.6363636364|0
"060855052022"|0|1|1|0|0|0|0|2|1|2|1|0|2|0|0|NA|NA|NA|NA|NA|34|4|42|2884520|137396.666666667|0
"060855052031"|0|1|1|0|0|0|0|1|1|1|0|0|0|1|0|52998|52998|23507|23507|15972|950|240|1170|136735520|116867.965811966|0
"060855066013"|0|1|0|0|0|0|0|1|1|0|0|1|1|0|0|NA|NA|NA|NA|NA|0|0|0|0|NA|0
"060855073012"|0|2|0|0|0|0|0|2|2|1|1|0|0|1|0|NA|NA|NA|NA|NA|237|69|344|40772772|NA|0
"060855077013"|0|1|0|0|0|0|0|1|1|1|1|0|0|0|1|1395|10080|NA|NA|NA|271|152|514|51325232|99854.5369649806|0
"060855087081"|0|0|1|0|0|0|0|1|1|1|0|0|1|0|0|NA|NA|8964|8964|NA|11|1|0|0|NA|0
"060855108012"|0|1|1|0|0|0|0|1|1|1|0|0|0|1|0|15750|15750|15460|15460|NA|25|1|22|1527000|69409.0909090909|0
"060855117041"|0|2|0|0|0|0|0|2|2|1|0|0|0|0|1|NA|NA|NA|NA|NA|335|86|344|35628552|104177.052631579|0
"060855117072"|0|1|1|0|0|0|0|1|1|1|0|0|0|1|0|17627|17627|30116|30116|NA|82|28|102|10818648|106065.176470588|0
"060855120014"|0|1|0|0|0|0|0|1|1|1|1|0|1|0|0|NA|NA|NA|NA|NA|25|1|44|3512096|79820.3636363636|0
"060855125101"|0|1|0|0|0|0|0|1|1|1|1|0|0|1|0|1104|7152|NA|NA|NA|120|29|150|15280998|101873.32|0
"060855130001"|0|1|1|0|1|1|0|1|1|1|0|0|0|0|1|55473|55473|54315|54315|17255|7795|1146|2938|558411642|190065.228727025|0
"060871004002"|0|1|1|0|0|0|0|1|1|1|0|0|0|0|1|11442|41196|11442|26544|18866|2992|478|1376|189592174|137785.010174419|0
"060871105041"|0|1|0|0|0|0|0|1|1|0|0|1|1|0|0|NA|NA|NA|NA|NA|0|0|0|0|NA|0
"060871215013"|0|0|1|0|0|0|0|1|1|1|0|0|1|0|0|NA|NA|19048|19048|NA|17|11|2|60000|30000|0
"060871220011"|0|1|0|0|0|0|0|1|1|1|1|0|0|1|0|1104|7464|NA|NA|NA|258|110|416|35221348|84666.7019230769|0
"060890107021"|0|1|0|0|0|0|0|1|1|0|0|1|1|0|0|NA|NA|NA|NA|NA|0|0|0|0|NA|0
"060890108041"|0|1|1|0|0|0|0|1|1|1|0|0|1|0|0|32700|32700|10543|10543|10452|85|54|60|3749166|62486.1|0
"060890108071"|0|1|0|0|0|0|0|1|1|1|0|0|0|1|0|1104|7824|NA|NA|5125|271|138|318|26703324|83972.7169811321|0
"060890113004"|0|1|1|0|0|0|0|1|1|1|0|0|1|0|0|12000|12000|6750|6750|4350|2|1|6|304082|50680.3333333333|0
"060930009014"|0|1|0|0|0|0|0|1|1|1|1|0|0|1|0|1444|9844|NA|NA|8600|90|37|70|5513494|78764.2|0
"060952508013"|0|1|2|0|0|1|0|2|2|2|0|0|1|1|0|NA|NA|NA|NA|NA|329|81|262|26362196|200675.152661064|0
"060952515002"|0|1|0|0|0|0|0|1|1|0|0|1|1|0|0|NA|NA|NA|NA|NA|0|0|0|0|NA|0
"060952522042"|0|1|0|0|0|0|0|1|1|1|1|0|1|0|0|NA|NA|NA|NA|NA|9|2|10|583040|58304|0
"060952523052"|0|1|0|0|0|0|0|1|1|1|0|0|0|1|0|1104|6960|NA|NA|NA|174|58|270|24680200|91408.1481481481|0
"060952525021"|0|1|0|0|0|0|0|1|1|0|0|1|1|0|0|NA|NA|NA|NA|NA|0|0|0|0|NA|0
"060952529112"|0|1|0|0|0|0|0|1|1|0|0|1|1|0|0|NA|NA|NA|NA|NA|0|0|0|0|NA|0
"060971507013"|0|0|1|0|0|0|0|1|1|1|0|0|1|0|0|NA|NA|21632|21632|NA|12|6|8|846800|105850|0
"060971512052"|0|1|1|0|0|0|0|1|1|1|0|0|1|0|0|9375|9375|9225|9225|NA|7|1|6|312194|52032.3333333333|0
"060971513105"|0|1|1|0|0|0|0|1|1|1|0|0|0|1|0|5742|17622|7176|16680|14282|697|204|522|49493928|94815.9540229885|0
"060971521002"|0|1|0|0|0|0|0|1|1|1|1|0|0|0|1|1282|8128|NA|NA|NA|445|163|622|58489726|94034.9292604502|0
"060971527012"|0|1|0|0|0|0|0|1|1|0|0|1|1|0|0|NA|NA|NA|NA|NA|0|0|0|0|NA|0
"060971528041"|0|1|1|0|0|0|0|1|1|1|0|0|1|0|0|NA|NA|NA|NA|NA|22|6|32|1513404|47293.875|0
"060990005012"|0|2|0|0|0|0|0|2|2|0|0|2|2|0|0|NA|NA|NA|NA|NA|0|0|0|0|NA|0
"060990005013"|0|1|0|0|0|0|0|1|1|1|1|0|1|0|0|NA|NA|NA|NA|NA|13|0|18|1038242|57680.1111111111|0
"060990006021"|0|1|0|0|0|0|0|1|1|0|0|0|0|0|0|NA|NA|NA|NA|NA|163|29|20|2203946|110197.3|0
"060990009072"|0|1|0|0|0|0|0|1|1|0|0|1|1|0|0|NA|NA|NA|NA|NA|0|0|0|0|NA|0
"060990009092"|0|1|0|0|0|0|0|1|1|0|0|1|1|0|0|NA|NA|NA|NA|NA|0|0|0|0|NA|0
"060990013002"|0|1|0|0|0|0|0|1|1|1|0|0|0|0|1|1104|7464|NA|NA|NA|274|160|510|48497610|95093.3529411765|0
"060990018002"|0|1|0|0|0|0|0|1|1|0|0|1|1|0|0|NA|NA|NA|NA|NA|0|0|0|0|NA|0
"060990036102"|0|1|1|0|0|0|0|1|1|1|0|0|0|0|1|5742|17622|7176|16680|11724|575|224|718|63038736|87797.6824512535|0
"060990038022"|0|1|0|0|0|0|0|1|1|0|0|1|1|0|0|NA|NA|NA|NA|NA|0|0|0|0|NA|0
"061010501023"|0|1|0|0|0|0|0|1|1|0|0|1|1|0|0|NA|NA|NA|NA|NA|0|0|0|0|NA|0
"061070010082"|0|2|0|0|0|0|0|2|2|1|0|1|1|1|0|NA|NA|NA|NA|NA|69|5|82|6280674|NA|0
"061070012001"|0|1|0|0|0|0|0|1|1|0|0|1|1|0|0|NA|NA|NA|NA|NA|0|0|0|0|NA|0
"061070020021"|0|1|0|0|0|0|0|1|1|1|1|0|0|0|1|1288|8232|NA|NA|NA|275|114|402|38799554|96516.3034825871|0
"061070020043"|0|1|0|0|0|0|0|1|1|0|0|0|0|0|0|NA|NA|NA|NA|NA|61|3|0|0|NA|0
"061070020112"|0|1|0|0|0|0|0|1|1|0|0|1|1|0|0|NA|NA|NA|NA|NA|0|0|0|0|NA|0
"061070038022"|0|1|0|0|0|0|0|1|1|0|0|1|1|0|0|NA|NA|NA|NA|NA|0|0|0|0|NA|0
"061070041021"|0|1|0|0|0|0|0|1|1|1|1|0|0|1|0|1380|9870|NA|NA|NA|64|27|134|13633004|101738.835820896|0
"061090021012"|0|1|0|0|0|0|0|1|1|1|1|0|0|1|0|1196|7464|NA|NA|NA|79|39|102|10226582|100260.607843137|0
"061110004001"|0|1|0|0|0|0|0|1|1|1|0|0|1|0|0|26000|26000|NA|NA|9400|70|33|84|8367810|99616.7857142857|0
"061110018011"|0|1|0|0|0|0|0|1|1|1|1|0|0|0|1|1340|7344|NA|NA|NA|162|76|316|30167238|95465.9430379747|0
"061110024001"|0|1|0|0|0|0|0|1|1|0|0|1|1|0|0|NA|NA|NA|NA|NA|0|0|0|0|NA|0
"061110028001"|0|1|1|0|0|0|0|2|2|1|0|1|2|0|0|NA|NA|NA|NA|NA|9|1|0|0|NA|0
"061110047103"|0|1|0|0|0|0|0|1|1|1|1|0|0|1|0|1340|7344|NA|NA|NA|120|56|192|18531470|96518.0729166667|0
"061110053052"|0|0|1|0|0|0|0|1|0|0|0|0|0|0|0|NA|NA|NA|NA|NA|0|0|0|0|NA|0
"061110055023"|0|1|0|0|0|0|0|1|1|0|0|0|0|0|0|NA|NA|NA|NA|NA|85|36|0|0|NA|0
"061110057001"|0|1|1|0|0|0|0|1|1|1|0|0|0|1|0|5742|17622|7176|16680|16300|508|148|446|41503536|93057.2556053812|0
"061110063021"|0|1|1|0|0|0|0|1|1|1|0|0|0|1|0|45500|45500|20450|20450|14596|390|169|358|33862038|94586.6983240223|0
"061110076142"|0|1|0|0|0|0|0|1|1|1|1|0|0|0|1|1340|7344|NA|NA|NA|173|80|338|32148936|95115.1952662722|0
"061110086011"|0|1|0|0|0|0|0|1|1|0|0|1|1|0|0|NA|NA|NA|NA|NA|0|0|0|0|NA|0
"061110086022"|0|1|0|0|0|0|0|1|1|0|0|1|1|0|0|NA|NA|NA|NA|NA|0|0|0|0|NA|0
"061130105012"|0|1|1|0|1|1|0|1|1|1|0|0|0|0|1|11442|41196|11442|26544|17238|8536|1269|3516|529957670|150727.437428896|0
"061130112082"|0|1|0|0|0|0|0|1|1|1|1|0|0|1|0|1104|6360|NA|NA|NA|35|8|98|9452364|96452.693877551|0
"061150403051"|0|1|0|0|0|0|0|1|1|1|1|0|0|1|0|1104|7464|NA|NA|NA|63|21|152|16276354|107081.276315789|0
"080010081001"|0|1|1|0|1|1|0|1|1|1|0|0|0|0|1|7920|24408|6786|22590|13380|2724|329|1840|190291226|103419.144565217|0
"080010085552"|0|1|0|0|0|0|0|1|1|0|0|1|1|0|0|NA|NA|NA|NA|NA|0|0|0|0|NA|0
"080010093084"|0|1|0|0|0|0|0|1|1|1|1|0|1|0|0|NA|NA|NA|NA|NA|24|12|88|6800788|77281.6818181818|0
"080010094082"|0|1|0|0|0|0|0|1|1|1|0|0|0|0|1|3680|15102|NA|NA|NA|447|165|480|31415648|65449.2666666667|0
"080010095531"|0|1|0|0|0|0|0|1|1|0|0|1|1|0|0|NA|NA|NA|NA|NA|0|0|0|0|NA|0
"080010602002"|0|1|1|0|0|0|0|1|1|1|0|0|1|0|0|14672|14672|17072|17072|NA|10|0|4|308794|77198.5|0
"080039602022"|0|1|1|0|0|0|0|1|1|1|0|0|0|1|0|5856|17592|7830|7830|8916|226|68|190|10855702|57135.2736842105|0
"080050065011"|0|1|1|0|0|0|0|2|2|2|0|0|1|0|1|NA|NA|NA|NA|NA|292|60|272|18904782|140130.69011213|0
"080050071081"|0|1|1|0|0|0|0|1|1|1|0|0|0|0|1|8400|8400|9000|9000|NA|154|0|64|3760062|58750.96875|0
"080050072013"|0|1|0|0|0|0|0|1|1|1|1|0|1|0|0|NA|NA|NA|NA|NA|40|15|50|3561460|71229.2|0
"080050803003"|0|1|0|0|0|0|0|1|1|0|0|1|1|0|0|NA|NA|NA|NA|NA|0|0|0|0|NA|0
"080050804004"|0|1|0|0|0|0|0|1|1|1|0|0|1|0|0|17920|17920|NA|NA|NA|22|2|20|1472000|73600|0
"080050807002"|0|1|0|0|0|0|0|1|1|1|1|0|1|0|0|NA|NA|NA|NA|NA|12|7|36|1915822|53217.2777777778|0
"080050820001"|0|1|0|0|0|0|0|1|1|1|1|0|0|1|0|3680|15102|NA|NA|NA|191|31|116|7539776|64998.0689655172|0
"080050822002"|0|1|0|0|0|0|0|1|1|0|0|1|1|0|0|NA|NA|NA|NA|NA|0|0|0|0|NA|0
"080050869001"|0|1|0|0|0|0|0|1|1|1|1|0|1|0|0|12338|12338|NA|NA|NA|19|0|18|871736|48429.7777777778|0
"080130122082"|0|1|1|0|0|0|0|1|1|0|0|1|1|0|0|NA|NA|NA|NA|NA|0|0|0|0|NA|0
"080130123001"|0|1|1|0|0|0|0|1|1|1|0|0|0|0|1|10728|34930|11826|31284|15220|6899|928|3422|347524722|101556.026300409|0
"080130123002"|0|1|1|0|0|0|0|1|1|1|0|0|1|0|0|34400|34400|22157|22157|11137|119|23|114|6495150|56975|0
"080130125091"|0|1|0|0|0|0|0|1|1|1|1|0|0|1|0|NA|NA|NA|NA|NA|219|15|174|9601228|55179.4712643678|0
"080130127051"|0|1|1|0|0|0|0|2|2|1|0|1|2|0|0|NA|NA|NA|NA|NA|3|1|0|0|NA|0
"080130130034"|0|0|1|0|0|0|0|1|1|1|0|0|1|0|0|NA|NA|19560|19560|NA|3|1|2|110000|55000|0
"080140311041"|0|1|0|0|0|0|0|1|1|1|1|0|1|0|0|14099|14099|NA|NA|NA|23|1|40|1609878|40246.95|0
"080299649001"|0|1|0|0|0|0|0|1|1|0|0|1|1|0|0|NA|NA|NA|NA|NA|0|0|0|0|NA|0
"080310017041"|0|1|1|0|0|0|0|1|1|1|0|0|0|1|0|10525|10525|1686|1686|NA|32|9|50|3744380|74887.6|0
"080310017061"|0|1|1|0|0|0|0|1|1|0|0|0|0|0|0|NA|NA|NA|NA|NA|38|21|0|0|NA|0
"080310017072"|0|1|0|0|0|0|0|1|1|0|0|1|1|0|0|NA|NA|NA|NA|NA|0|0|0|0|NA|0
"080310026032"|0|1|1|0|0|0|0|1|1|0|0|0|0|0|0|NA|NA|NA|NA|NA|537|77|0|0|NA|0
"080310030041"|0|1|2|0|0|0|0|2|2|2|0|0|1|0|1|NA|NA|72420|72420|NA|1732|308|1520|159207356|190472.494159928|0
"080310032021"|0|1|1|0|0|0|0|2|2|1|0|1|2|0|0|NA|NA|NA|NA|NA|7|3|0|0|NA|0
"080310039022"|0|1|0|0|0|0|0|1|0|0|0|0|1|0|0|NA|NA|NA|NA|NA|0|0|0|0|NA|0
"080310042023"|0|1|1|0|0|0|0|1|1|1|0|0|1|0|0|34376|34376|14148|14148|NA|45|10|80|6413054|80163.175|0
"080310044062"|0|1|0|0|0|0|0|1|1|0|0|1|1|0|0|NA|NA|NA|NA|NA|0|0|0|0|NA|0
"080310046022"|0|1|0|0|0|0|0|1|1|0|0|1|1|0|0|NA|NA|NA|NA|NA|0|0|0|0|NA|0
"080310051041"|0|1|1|0|0|0|0|1|1|1|0|0|0|1|0|4545|4545|3900|3900|NA|169|10|68|4314128|63443.0588235294|0
"080310068132"|0|1|1|0|0|0|0|1|1|1|0|0|0|1|0|10320|10320|6720|6720|NA|87|6|38|3439216|90505.6842105263|0
"080310154004"|0|1|1|0|0|0|0|1|1|1|0|0|0|1|0|38208|38208|14322|14322|12838|390|194|616|47971442|77875.7175324675|0
"080319801001"|0|1|0|0|0|0|0|1|1|1|1|0|0|1|0|NA|NA|NA|NA|NA|52|13|82|4326158|52758.0243902439|0
"080319802001"|0|2|1|0|0|0|0|2|2|2|0|0|0|1|1|10916|37612|NA|NA|NA|933|553|1336|106371586|145435.920723363|0
"080350139042"|0|1|0|0|0|0|0|1|1|0|0|1|1|0|0|NA|NA|NA|NA|NA|0|0|0|0|NA|0
"080350140081"|0|1|0|0|0|0|0|1|1|0|0|1|1|0|0|NA|NA|NA|NA|NA|0|0|0|0|NA|0
"080350140143"|0|0|1|0|0|1|0|1|1|1|0|0|0|1|0|NA|NA|33939|33939|NA|141|28|36|3749084|104141.222222222|0
"080410001021"|0|1|0|0|0|0|0|1|0|0|0|0|1|0|0|NA|NA|NA|NA|NA|0|0|0|0|NA|0
"080410016002"|0|1|1|0|0|0|0|1|1|1|0|0|0|1|0|60390|60390|41133|41133|13392|577|188|428|43715672|102139.420560748|0
"080410021013"|0|1|0|0|0|0|0|1|1|1|1|0|1|0|0|NA|NA|NA|NA|NA|24|3|40|2062640|51566|0
"080410022003"|0|1|0|0|0|0|0|1|1|1|1|0|1|0|0|13500|13500|NA|NA|NA|2|0|8|183200|22900|0
"080410023001"|0|1|0|0|0|0|0|1|1|0|0|1|1|0|0|NA|NA|NA|NA|NA|0|0|0|0|NA|0
"080410037052"|0|1|0|0|0|0|0|1|1|1|1|0|1|0|0|NA|NA|NA|NA|NA|15|8|38|1795370|47246.5789473684|0
"080410038022"|0|1|0|0|1|0|0|1|1|1|0|0|0|1|0|NA|NA|NA|NA|NA|137|23|456|53574720|117488.421052632|0
"080410039051"|0|1|0|0|0|0|0|1|1|1|0|0|1|0|0|9120|9120|NA|NA|NA|19|2|14|752448|53746.2857142857|0
"080410044021"|0|1|0|0|0|0|0|1|1|1|0|0|0|0|1|3680|15102|NA|NA|NA|359|169|378|22644520|59906.1375661376|0
"080410045011"|0|1|0|0|0|0|0|1|1|1|1|0|1|0|0|13463|13463|NA|NA|NA|5|2|16|787900|49243.75|0
"080410048001"|0|2|0|0|0|0|0|2|2|0|0|2|2|0|0|NA|NA|NA|NA|NA|0|0|0|0|NA|0
"080410049011"|0|1|0|0|0|0|0|1|1|0|0|1|1|0|0|NA|NA|NA|NA|NA|0|0|0|0|NA|0
"080410059005"|0|1|0|0|0|0|0|1|1|0|0|0|0|0|0|NA|NA|NA|NA|NA|0|0|0|0|NA|0
"080410078021"|0|1|1|0|0|0|0|1|1|1|0|0|0|0|1|9208|19572|13918|25774|10920|715|149|914|67084254|73396.3391684902|0
"080410080001"|0|1|1|0|0|0|0|1|1|1|0|0|0|0|1|11934|11934|13785|13785|NA|714|29|122|10397020|85221.4754098361|0
"080459517023"|0|1|0|0|0|0|0|1|1|1|0|0|0|1|0|4440|11184|NA|NA|10431|315|90|228|19227898|84332.8859649123|0
"080519637021"|0|1|1|0|0|0|0|1|1|1|0|0|0|1|0|6816|18600|16048|16048|9874|196|60|272|16222254|59640.6397058823|0
"080590098311"|0|1|0|0|0|0|0|1|1|0|0|1|1|0|0|NA|NA|NA|NA|NA|0|0|0|0|NA|0
"080590099011"|0|1|1|0|0|0|0|1|1|1|0|0|0|1|0|16650|37350|16650|37350|14720|972|94|656|69881272|106526.329268293|0
"080590104051"|0|1|0|0|0|0|0|1|1|0|0|1|0|0|0|NA|NA|NA|NA|NA|0|0|0|0|NA|0
"080590110006"|0|1|0|0|0|0|0|1|1|1|1|0|1|0|0|NA|NA|NA|NA|NA|9|0|14|716820|51201.4285714286|0
"080590112022"|0|1|1|0|0|0|0|1|1|1|0|0|0|1|0|24160|24160|13474|13474|11694|419|239|214|15679658|73269.429906542|0
"080590114022"|0|1|1|0|0|0|0|1|1|1|0|0|0|1|0|18555|18555|15144|15144|NA|135|48|114|5895000|51710.5263157895|0
"080590117011"|0|1|0|0|0|0|0|1|1|0|0|1|1|0|0|10800|10800|NA|NA|NA|0|0|0|0|NA|0
"080590117212"|0|1|1|0|0|0|0|1|1|1|0|0|0|1|0|3680|15102|10082|11646|NA|269|76|196|12615518|64364.887755102|0
"080590117291"|0|1|1|0|0|0|0|1|1|1|0|0|1|0|0|3600|3600|5400|5400|NA|14|5|2|289866|144933|0
"080590118071"|0|2|0|0|0|0|0|2|2|0|0|2|2|0|0|NA|NA|NA|NA|NA|0|0|0|0|NA|0
"080590120461"|0|1|0|0|0|0|0|1|1|0|0|1|1|0|0|NA|NA|NA|NA|NA|0|0|0|0|NA|0
"080679708002"|0|1|1|0|0|0|0|1|1|1|0|0|0|1|0|7056|17712|6750|6750|11858|297|107|372|24397492|65584.6559139785|0
"080690006001"|0|1|1|0|0|1|0|1|1|1|0|0|0|0|1|9426|28147|10520|25791|10787|6145|742|3292|336578252|102241.267314702|0
"080690010073"|0|1|0|0|0|0|0|1|1|1|1|0|1|0|0|14400|14400|NA|NA|NA|34|16|46|2078788|45191.0434782609|0
"080690010095"|0|1|0|0|0|0|0|1|0|0|0|0|1|0|0|NA|NA|NA|NA|NA|0|0|0|0|NA|0
"080690018073"|0|1|0|0|0|0|0|1|1|0|0|1|1|0|0|NA|NA|NA|NA|NA|0|0|0|0|NA|0
"080710002001"|0|1|0|0|0|0|0|1|1|1|1|0|0|1|0|3680|6135|NA|NA|7611|75|15|94|4539814|48295.8936170213|0
"080759662001"|0|1|0|0|0|0|0|1|1|1|1|0|0|1|0|4601|6902|NA|NA|7080|82|26|100|5331876|53318.76|0
"080770004002"|0|1|0|0|0|0|0|1|1|0|0|1|1|0|0|NA|NA|NA|NA|NA|0|0|0|0|NA|0
"080770005002"|0|1|1|0|0|0|0|1|1|1|0|0|0|1|0|7787|21336|9000|13500|11168|410|149|626|40067738|64005.9712460064|0
"080770016002"|0|1|0|0|0|0|0|1|1|1|1|0|1|0|0|NA|NA|NA|NA|NA|38|4|88|3863266|43900.75|0
"080870006001"|0|1|0|0|0|0|0|1|1|1|0|0|0|1|0|3680|15102|NA|NA|NA|62|6|86|5301172|61641.5348837209|0
"080899686005"|0|1|0|0|0|0|0|1|1|1|1|0|0|1|0|3680|6136|NA|NA|7420|193|30|62|3183846|51352.3548387097|0
"080990003004"|0|1|0|0|0|0|0|1|1|1|1|0|1|0|0|3680|6136|NA|NA|6944|51|13|38|1807222|47558.4736842105|0
"081010009031"|0|1|1|0|0|0|0|1|1|1|0|0|0|1|0|6349|12907|5651|16803|10930|375|143|342|22023066|64394.9298245614|0
"081010015002"|0|1|0|0|0|0|0|1|1|1|0|0|0|1|0|3680|15102|NA|NA|NA|208|50|162|9448976|58327.012345679|0
"081039512003"|0|1|0|0|0|0|0|1|1|1|1|0|1|0|0|3680|6136|NA|NA|7810|68|20|72|3893246|54072.8611111111|0
"081230001001"|0|1|0|0|0|0|0|1|1|0|0|1|1|0|0|NA|NA|NA|NA|NA|0|0|0|0|NA|0
"081230002002"|0|1|1|0|0|0|0|1|1|1|0|0|0|0|1|7596|19854|10867|19620|11310|772|189|882|62340510|70680.8503401361|0
"081230014111"|0|1|0|0|0|0|0|1|1|1|1|0|0|1|0|2544|10200|NA|NA|NA|309|109|236|15226408|64518.6779661017|0
"090010201011"|0|1|0|0|0|0|0|1|1|1|0|0|0|1|0|14406|37074|NA|NA|16574|0|0|0|0|NA|0
"090010431004"|0|1|0|0|0|0|0|1|1|1|1|0|0|1|0|3984|11952|NA|NA|NA|107|37|176|15746322|89467.7386363636|0
"090010601003"|0|1|1|0|0|0|0|1|1|1|0|0|0|1|0|44080|44080|34806|34806|16492|583|194|666|58602476|87991.7057057057|0
"090010607001"|0|1|1|0|0|0|0|1|1|1|0|0|0|1|0|50550|50550|19152|19152|15610|540|187|624|64568142|103474.586538462|0
"090010705001"|0|1|1|0|0|0|0|1|1|1|0|0|0|1|0|32860|32860|19096|19096|16350|199|43|266|20282074|76248.3984962406|0
"090010706002"|0|1|0|0|0|0|0|1|1|1|1|0|0|1|0|3984|11952|NA|NA|NA|131|36|146|11905270|81542.9452054795|0
"090010738002"|0|1|0|0|0|0|0|1|1|0|0|1|1|0|0|NA|NA|NA|NA|NA|0|0|0|0|NA|0
"090010804001"|0|2|0|0|0|0|0|2|2|0|0|2|1|1|0|NA|NA|NA|NA|NA|0|0|0|0|NA|0
"090010805001"|0|1|0|0|0|0|0|1|1|0|0|1|1|0|0|NA|NA|NA|NA|NA|0|0|0|0|NA|0
"090011103022"|0|1|0|0|0|0|0|1|1|0|0|1|1|0|0|NA|NA|NA|NA|NA|0|0|0|0|NA|0
"090012102021"|0|1|1|0|0|0|0|1|1|1|0|0|0|1|0|6162|18436|7674|19768|13876|348|84|426|41825456|98181.8215962441|0
"090012305023"|0|1|0|0|0|0|0|1|1|0|0|1|1|0|0|NA|NA|NA|NA|NA|0|0|0|0|NA|0
"090034058021"|0|1|0|0|0|0|0|1|1|0|0|1|1|0|0|NA|NA|NA|NA|NA|0|0|0|0|NA|0
"090034154002"|0|1|0|0|0|0|0|1|1|0|0|1|1|0|0|NA|NA|NA|NA|NA|0|0|0|0|NA|0
"090034172001"|0|1|1|0|0|0|0|1|1|1|0|0|0|1|0|7656|10056|9288|9720|NA|67|20|0|0|NA|0
"090034173001"|0|1|1|0|0|0|0|1|1|1|0|0|0|0|1|6162|18436|7674|19768|12716|518|140|856|84520570|98738.9836448598|0
"090034301002"|0|1|0|0|0|0|0|1|1|0|0|1|0|0|0|NA|NA|NA|NA|NA|0|0|0|0|NA|0
"090034602043"|0|1|0|0|0|0|0|1|1|1|1|0|0|1|0|3984|11952|NA|NA|NA|94|28|118|10035772|85048.9152542373|0
"090034808002"|0|1|0|0|0|0|0|1|1|1|1|0|0|1|0|3984|11952|NA|NA|NA|80|13|68|5152552|75772.8235294118|0
"090034841005"|0|1|0|0|0|0|0|1|1|0|0|1|0|1|0|NA|NA|NA|NA|NA|0|0|0|0|NA|0
"090034922001"|0|1|0|0|0|0|0|1|1|0|0|1|1|0|0|NA|NA|NA|NA|NA|0|0|0|0|NA|0
"090034961001"|0|1|0|0|0|0|0|1|1|0|0|1|1|0|0|NA|NA|NA|NA|NA|0|0|0|0|NA|0
"090034972002"|0|1|1|0|0|0|0|1|1|1|0|0|0|1|0|39636|39636|14328|14328|12242|335|51|254|20966644|82545.842519685|0
"090035021001"|0|2|1|0|0|0|0|3|3|3|1|0|1|2|0|NA|NA|NA|NA|NA|108|16|138|11796096|NA|0
"090035025001"|0|1|0|0|0|0|0|1|0|0|0|1|1|0|0|NA|NA|NA|NA|NA|0|0|0|0|NA|0
"090035027003"|0|1|1|0|0|0|0|1|1|1|0|0|0|1|0|56380|56380|17730|17730|15300|389|128|458|43843430|95728.0131004367|0
"090035038001"|0|1|1|0|0|0|0|1|1|1|0|0|0|1|0|40490|40490|14292|14292|13200|566|179|698|54508330|78092.1633237822|0
"090035042001"|0|0|1|0|0|0|0|1|1|1|0|0|1|0|0|NA|NA|14094|14094|NA|14|1|10|926784|92678.4|0
"090035108001"|0|1|1|0|0|0|0|1|1|1|0|0|0|1|0|19988|19988|13500|13500|6200|218|49|170|11981622|70480.1294117647|0
"090035113002"|0|1|0|0|0|0|0|1|1|0|0|1|1|0|0|NA|NA|NA|NA|NA|0|0|0|0|NA|0
"090035151022"|0|1|0|0|0|0|0|1|1|1|1|0|0|1|0|3984|11952|NA|NA|NA|144|25|186|16139970|86774.0322580645|0
"090053201022"|0|1|0|0|0|0|0|1|1|1|1|0|0|1|0|3984|11952|NA|NA|NA|57|13|52|4462880|85824.6153846154|0
"090075415001"|0|1|1|0|0|0|0|1|1|1|0|0|0|1|0|59086|59086|59086|59086|16384|559|163|768|85796034|111713.5859375|0
"090075701003"|0|1|0|0|0|0|0|1|1|0|0|1|1|0|0|NA|NA|NA|NA|NA|0|0|0|0|NA|0
"090075703001"|0|1|1|0|0|0|0|1|1|1|0|0|1|0|0|8640|8640|4320|4320|12950|23|10|20|1044552|52227.6|0
"090076802005"|0|1|0|0|0|0|0|1|1|1|1|0|0|1|0|3984|11952|NA|NA|NA|65|12|84|7687348|91516.0476190476|0
"090091301013"|0|1|0|0|0|0|0|1|1|0|0|1|1|0|0|NA|NA|NA|NA|NA|0|0|0|0|NA|0
"090091401011"|0|1|0|0|0|0|0|1|1|1|1|0|0|1|0|3984|11952|NA|NA|NA|148|53|200|18597504|92987.52|0
"090091413013"|0|1|1|0|0|0|0|1|1|1|0|0|0|1|0|6162|18436|7865|20044|13932|564|144|844|81901600|97039.8104265403|0
"090091418003"|0|1|1|0|0|0|0|1|1|1|0|0|0|1|0|34410|34410|21120|21120|14454|136|36|98|7326586|74761.0816326531|0
"090091542002"|0|1|0|0|0|0|0|1|1|0|0|1|1|0|0|NA|NA|NA|NA|NA|0|0|0|0|NA|0
"090091656003"|0|1|0|0|0|0|0|1|1|0|0|1|1|0|0|17590|17590|NA|NA|NA|0|0|0|0|NA|0
"090091656004"|0|1|0|0|0|0|0|1|1|1|0|0|1|0|0|19200|19200|NA|NA|NA|7|3|14|626208|44729.1428571429|0
"090091660024"|0|1|1|0|0|1|0|1|1|1|0|0|0|1|0|48200|48200|19350|19350|15440|766|162|760|82729366|108854.428947368|0
"090091672022"|0|1|0|0|0|0|0|1|1|0|0|1|1|0|0|NA|NA|NA|NA|NA|0|0|0|0|NA|0
"090091754004"|0|1|0|0|0|0|0|1|1|0|0|1|1|0|0|NA|NA|NA|NA|NA|0|0|0|0|NA|0
"090091842002"|0|2|0|0|0|0|0|2|2|0|0|2|1|0|0|NA|NA|NA|NA|NA|0|0|0|0|NA|0
"090091901001"|0|1|0|0|0|0|0|1|1|0|0|1|1|0|0|NA|NA|NA|NA|NA|0|0|0|0|NA|0
"090093501013"|0|1|0|0|0|0|0|1|1|1|0|0|1|0|0|14406|37074|NA|NA|NA|0|0|0|0|NA|0
"090093505002"|0|1|0|0|0|0|0|1|1|0|0|1|1|0|0|NA|NA|NA|NA|NA|0|0|0|0|NA|0
"090093518003"|0|1|0|0|0|0|0|1|1|1|1|0|0|1|0|3984|11952|NA|NA|NA|170|48|188|16811396|89422.3191489362|0
"090093519001"|0|1|1|0|0|0|0|1|1|1|0|0|0|0|1|15258|15258|7500|7500|11600|717|35|114|8290922|72727.3859649123|0
"090093523001"|0|1|0|0|0|0|0|1|1|0|0|1|1|0|0|NA|NA|NA|NA|NA|0|0|0|0|NA|0
"090093527013"|0|1|0|0|0|0|0|1|1|0|0|1|1|0|0|NA|NA|NA|NA|NA|0|0|0|0|NA|0
"090093528003"|0|1|0|0|0|0|0|1|1|0|0|1|1|0|0|NA|NA|NA|NA|NA|0|0|0|0|NA|0
"090093612003"|0|1|0|0|0|0|0|1|1|0|0|1|1|0|0|NA|NA|NA|NA|NA|0|0|0|0|NA|0
"090093614021"|0|1|1|0|0|1|0|1|1|1|0|0|0|0|1|57700|57700|44500|44500|17200|7333|1541|2474|437707568|176923.026677445|0
"090093615001"|0|1|1|0|0|0|0|1|1|1|0|0|0|1|0|40170|40170|17370|17370|17049|474|138|454|41840274|92159.1938325991|0
"090116909001"|0|1|0|0|0|0|0|1|1|1|0|0|1|0|0|32960|32960|NA|NA|13906|122|28|32|2299746|71867.0625|0
"090116967011"|0|1|0|0|0|0|0|1|1|1|1|0|0|1|0|3984|11952|NA|NA|NA|73|21|134|11366004|84820.9253731343|0
"090117026001"|0|1|0|0|0|0|0|1|1|1|0|0|1|0|0|14406|37074|NA|NA|NA|0|0|0|0|NA|0
"090118703003"|0|2|0|0|0|0|0|2|1|2|0|0|0|2|0|NA|NA|NA|NA|NA|758|167|682|69626564|209844.822917404|0
"090135382011"|0|1|0|0|0|0|0|1|1|0|0|1|1|0|0|NA|NA|NA|NA|NA|0|0|0|0|NA|0
"090138812001"|0|1|1|0|1|1|0|1|1|1|0|0|0|0|1|14406|37074|16908|38820|13258|6060|2256|3268|407056466|124558.282129743|0
"090158003003"|0|1|1|0|0|0|0|1|1|1|0|0|0|1|0|6162|18436|7674|19768|14434|380|80|380|35472892|93349.7157894737|0
"090159044004"|0|1|0|0|0|0|0|1|1|1|1|0|0|1|0|3984|11952|NA|NA|NA|52|9|52|4284694|82397.9615384615|0
"100010409001"|0|1|1|0|0|0|0|1|1|1|0|0|1|0|0|26934|26934|12617|12617|11864|79|29|134|8528286|63643.9253731343|0
"100010414001"|0|1|0|0|0|0|0|1|1|0|0|1|0|0|0|NA|NA|NA|NA|NA|0|0|0|0|NA|0
"100010422052"|0|1|0|0|0|0|0|1|1|0|0|1|1|0|0|NA|NA|NA|NA|NA|0|0|0|0|NA|0
"100010433001"|0|3|1|1|0|0|0|3|3|2|0|0|0|1|1|NA|NA|NA|NA|NA|1154|377|1222|95954448|NA|0
"100030028001"|0|1|1|0|0|0|0|1|1|1|0|0|1|0|0|13320|13320|14940|14940|NA|0|0|0|0|NA|0
"100030028002"|0|1|0|0|0|0|0|1|1|1|1|0|1|0|0|24050|24050|NA|NA|12450|14|9|12|608204|50683.6666666667|0
"100030114003"|0|1|0|0|0|0|0|1|1|0|0|1|0|0|0|NA|NA|NA|NA|NA|0|0|0|0|NA|0
"100030136102"|0|1|0|0|0|0|0|1|1|0|0|1|1|0|0|NA|NA|NA|NA|NA|0|0|0|0|NA|0
"100030136132"|0|1|1|0|0|0|0|1|1|1|0|0|0|1|0|25500|25500|20106|20106|10040|60|22|42|3542350|84341.6666666667|0
"100030139062"|0|1|0|0|0|0|0|1|1|0|0|1|1|0|0|NA|NA|NA|NA|NA|0|0|0|0|NA|0
"100030145022"|0|1|1|0|0|0|0|1|1|1|0|0|0|0|1|12730|34160|34164|34164|13472|3578|923|2526|307293928|121652.386381631|0
"100030147021"|0|1|0|0|0|0|0|1|1|0|0|1|1|0|0|NA|NA|NA|NA|NA|0|0|0|0|NA|0
"100030163011"|0|2|0|0|0|0|0|2|2|0|0|2|2|0|0|NA|NA|NA|NA|NA|0|0|0|0|NA|0
"100050509031"|0|1|0|0|0|0|0|1|1|0|0|1|1|0|0|6000|6000|NA|NA|NA|0|0|0|0|NA|0
"100050515022"|0|1|0|0|0|0|0|1|1|0|0|1|1|0|0|NA|NA|NA|NA|NA|0|0|0|0|NA|0
"110010002012"|0|1|1|0|0|1|0|1|1|1|0|0|0|0|1|57384|57384|53136|53136|17032|3427|797|2142|322326982|150479.450046685|0
"110010002022"|0|1|0|0|0|0|0|1|1|0|0|1|1|0|0|9900|9900|NA|NA|NA|0|0|0|0|NA|0
"110010009031"|0|1|2|0|0|0|0|2|2|2|0|0|1|0|1|NA|NA|54993|54993|NA|1911|575|1694|183111342|207939.538512697|0
"110010012004"|0|1|2|2|0|0|0|2|2|2|0|0|1|1|0|NA|NA|NA|NA|NA|498|139|470|43835034|226208.076923077|0
"110010034002"|0|1|1|1|1|1|0|1|1|1|0|0|0|0|1|26464|26464|32248|32248|15650|1209|376|1474|133762160|90747.7340569878|0
"110010052022"|0|0|1|0|0|0|0|1|1|1|0|0|1|0|0|NA|NA|31200|31200|NA|28|7|80|2397960|29974.5|0
"110010088032"|0|1|1|0|0|0|0|1|1|1|0|0|0|1|0|16512|16512|18180|18180|14928|521|174|394|38731928|98304.385786802|0
"110010088042"|0|1|0|0|0|0|0|1|1|1|1|0|1|0|0|16000|16000|NA|NA|NA|6|0|14|1072000|76571.4285714286|0
"110010092011"|0|1|0|0|0|0|0|1|1|0|0|1|1|0|0|NA|NA|NA|NA|NA|0|0|0|0|NA|0
"110010092012"|0|1|2|0|0|0|0|2|2|2|0|0|1|1|0|NA|NA|30660|30660|NA|103|27|182|13654078|128003.100146199|0
"110010095111"|0|1|2|0|0|0|0|2|2|2|0|0|1|1|0|NA|NA|69055|69055|NA|1119|258|720|64692304|194086.41025641|0
"110010101001"|0|2|2|0|0|0|0|2|2|2|0|0|1|0|1|26640|26640|29880|29880|NA|670|2|404|30986476|NA|0
"110010101003"|0|2|2|0|0|0|0|3|3|3|1|0|3|0|0|NA|NA|NA|NA|NA|83|17|82|5912520|181942.007168459|0
"110010106033"|0|1|0|0|0|0|0|1|1|0|0|1|1|0|0|NA|NA|NA|NA|NA|0|0|0|0|NA|0
"110010107001"|0|0|1|0|0|0|0|2|1|0|0|0|0|0|0|NA|NA|NA|NA|NA|0|0|0|0|NA|0
"110010107002"|0|1|0|0|0|0|0|1|1|0|0|1|1|0|0|NA|NA|NA|NA|NA|0|0|0|0|NA|0
"110010108003"|0|1|1|0|0|1|0|1|1|1|0|0|0|0|1|55961|55961|31770|31770|14711|2846|648|2248|313245652|139344.151245552|0
"120010004003"|0|0|1|0|0|0|0|1|1|1|0|0|1|0|0|NA|NA|11400|11400|NA|3|1|2|80000|40000|0
"120010005001"|0|0|1|0|0|0|0|1|1|1|0|0|1|0|0|NA|NA|46350|46350|NA|10|1|0|0|NA|0
"120010005004"|0|1|0|0|0|0|0|1|1|0|0|1|1|0|0|NA|NA|NA|NA|NA|0|0|0|0|NA|0
"120010009021"|0|2|1|0|0|1|0|2|2|2|0|0|0|1|1|7835|40694|NA|NA|NA|9075|1706|5064|607769310|178532.970261697|0
"120010017013"|0|1|0|0|0|0|0|1|1|1|0|0|0|0|1|1872|7418|NA|NA|NA|489|224|496|26652584|53735.0483870968|0
"120010021011"|0|1|0|0|0|0|0|1|1|0|0|1|1|0|0|NA|NA|NA|NA|NA|0|0|0|0|NA|0
"120010022173"|0|2|0|0|0|0|0|2|2|1|0|1|2|0|0|NA|NA|NA|NA|NA|13|6|4|180000|NA|0
"120050013025"|0|1|0|0|0|0|0|1|1|0|0|1|1|0|0|NA|NA|NA|NA|NA|0|0|0|0|NA|0
"120050024002"|0|1|0|0|0|0|0|1|1|1|0|0|0|1|0|1750|7064|NA|NA|NA|207|83|266|15229704|57254.5263157895|0
"120070002021"|0|1|0|0|0|0|0|1|1|0|0|1|1|0|0|NA|NA|NA|NA|NA|0|0|0|0|NA|0
"120090624011"|0|1|0|0|0|0|0|1|1|1|0|0|0|0|1|1892|7573|NA|NA|11204|467|198|530|28891444|54512.158490566|0
"120090647013"|0|1|0|0|0|0|0|1|1|0|0|1|1|0|0|NA|NA|NA|NA|NA|0|0|0|0|NA|0
"120090649012"|0|2|2|0|0|0|0|2|2|2|0|0|0|2|0|54586|54586|38466|38466|NA|611|180|564|51207432|187333.859558824|0
"120090698011"|0|1|0|0|0|0|0|1|1|0|0|1|1|0|0|NA|NA|NA|NA|NA|0|0|0|0|NA|0
"120110104054"|0|1|0|0|0|0|0|1|1|0|0|1|1|0|0|NA|NA|NA|NA|NA|0|0|0|0|NA|0
"120110104072"|0|1|1|0|0|0|0|1|1|1|0|0|1|0|0|6840|6840|5130|5130|NA|25|1|14|568048|40574.8571428571|0
"120110105041"|0|1|0|0|0|0|0|1|1|0|0|1|1|0|0|NA|NA|NA|NA|NA|0|0|0|0|NA|0
"120110201032"|0|1|0|0|0|0|0|1|1|0|0|1|1|0|0|NA|NA|NA|NA|NA|0|0|0|0|NA|0
"120110201033"|0|1|0|0|0|0|0|1|1|0|0|1|0|1|0|NA|NA|NA|NA|NA|0|0|0|0|NA|0
"120110202052"|0|1|0|0|0|0|0|1|1|1|1|0|1|0|0|NA|NA|NA|NA|NA|23|16|4|222560|55640|0
"120110302021"|0|1|0|0|0|0|0|1|1|0|0|1|1|0|0|NA|NA|NA|NA|NA|0|0|0|0|NA|0
"120110308032"|0|1|0|0|0|0|0|1|1|1|1|0|1|0|0|NA|NA|NA|NA|NA|8|6|8|185560|23195|0
"120110311021"|0|1|0|0|0|0|0|1|1|0|0|1|1|0|0|NA|NA|NA|NA|NA|0|0|0|0|NA|0
"120110406011"|0|1|0|0|0|0|0|1|1|1|0|0|1|0|0|10785|10785|NA|NA|NA|2|0|8|320000|40000|0
"120110425022"|0|2|1|0|0|0|0|2|2|2|0|0|1|0|1|18968|18968|NA|NA|NA|924|212|768|47546830|124920.515873016|0
"120110501001"|0|1|0|0|0|0|0|1|1|1|0|0|1|0|0|18880|18880|NA|NA|NA|10|2|2|156000|78000|0
"120110502071"|0|2|1|0|0|0|0|2|2|2|0|0|1|0|1|32696|32696|NA|NA|NA|1563|936|2504|168808718|113263.847473937|0
"120110503061"|0|1|0|0|0|0|0|1|1|1|1|0|0|1|0|NA|NA|NA|NA|NA|34|25|14|798762|57054.4285714286|0
"120110504012"|0|1|0|0|0|0|0|1|1|0|0|1|1|0|0|NA|NA|NA|NA|NA|0|0|0|0|NA|0
"120110506012"|0|1|0|0|0|0|0|1|1|0|0|1|1|0|0|NA|NA|NA|NA|NA|0|0|0|0|NA|0
"120110601251"|0|0|0|0|0|0|0|1|0|0|0|0|0|0|0|NA|NA|NA|NA|NA|0|0|0|0|NA|0
"120110601262"|0|1|0|0|0|0|0|1|1|0|0|1|1|0|0|NA|NA|NA|NA|NA|0|0|0|0|NA|0
"120110604052"|0|1|1|0|0|0|0|1|1|1|0|0|1|0|0|7200|7200|6300|6300|NA|9|0|0|0|NA|0
"120110608023"|0|1|0|0|0|0|0|1|1|0|0|1|1|0|0|NA|NA|NA|NA|NA|0|0|0|0|NA|0
"120110610041"|0|1|0|0|0|0|0|1|1|0|0|1|1|0|0|NA|NA|NA|NA|NA|0|0|0|0|NA|0
"120110702042"|0|3|1|0|0|1|0|3|3|1|0|2|2|0|1|NA|NA|NA|NA|NA|1962|453|690|73236044|NA|0
"120110906023"|0|1|0|0|0|0|0|1|1|0|0|1|1|0|0|NA|NA|NA|NA|NA|0|0|0|0|NA|0
"120110907001"|0|1|0|0|0|0|0|1|1|1|1|0|1|0|0|12888|12888|NA|NA|NA|11|7|6|330000|55000|0
"120110908012"|0|1|0|0|0|0|0|1|1|0|0|1|0|1|0|NA|NA|NA|NA|NA|0|0|0|0|NA|0
"120110914004"|0|1|0|0|0|0|0|1|1|0|0|1|1|0|0|NA|NA|NA|NA|NA|0|0|0|0|NA|0
"120111103123"|0|1|0|0|0|0|0|1|1|0|0|1|1|0|0|NA|NA|NA|NA|NA|0|0|0|0|NA|0
"120111103133"|0|1|0|0|0|0|0|1|1|1|1|0|1|0|0|NA|NA|NA|NA|NA|23|16|6|383512|63918.6666666667|0
"120111103211"|0|2|0|0|0|0|0|2|2|2|1|0|2|0|0|NA|NA|NA|NA|NA|35|7|24|1424366|97353.6666666667|0
"120111103381"|0|1|1|0|0|0|0|1|1|1|0|0|1|0|0|9600|9600|11700|11700|NA|4|0|2|70922|35461|0
"120111103451"|0|1|1|0|0|0|0|1|1|1|0|0|1|0|0|14644|14644|17072|17072|NA|35|0|12|1227456|102288|0
"120111103541"|0|0|0|0|0|0|0|2|0|0|0|0|0|0|0|NA|NA|NA|NA|NA|0|0|0|0|NA|0
"120150203022"|0|1|0|0|0|0|0|1|1|0|0|1|1|0|0|2809|11625|NA|NA|NA|0|0|0|0|NA|0
"120174514001"|0|1|0|0|0|0|0|1|1|0|0|1|1|0|0|NA|NA|NA|NA|NA|0|0|0|0|NA|0
"120190309033"|0|1|0|0|0|0|0|1|1|0|0|1|1|0|0|NA|NA|NA|NA|NA|0|0|0|0|NA|0
"120190309045"|0|1|0|0|0|0|0|1|1|1|1|0|1|0|0|14535|14535|NA|NA|NA|16|4|14|911200|65085.7142857143|0
"120210104161"|0|0|1|0|0|0|0|1|1|1|0|0|1|0|0|NA|NA|NA|NA|NA|42|9|52|5295328|101833.230769231|0
"120210106022"|0|1|0|0|0|0|0|1|1|0|0|1|1|0|0|NA|NA|NA|NA|NA|0|0|0|0|NA|0
"120210112081"|0|1|1|0|0|0|0|1|1|1|0|0|0|1|0|22190|22190|15032|15032|12580|118|30|122|8505572|69717.8032786885|0
"120210114001"|0|1|0|0|0|0|0|1|1|0|0|1|1|0|0|NA|NA|NA|NA|NA|0|0|0|0|NA|0
"120231103002"|0|1|0|0|0|0|0|1|1|1|0|0|0|1|0|2369|9473|NA|NA|5400|119|69|148|8328748|56275.3243243243|0
"120310001012"|0|1|0|0|0|0|0|1|1|0|0|1|1|0|0|NA|NA|NA|NA|NA|0|0|0|0|NA|0
"120310010001"|0|1|0|0|0|0|0|1|1|1|0|0|0|0|1|2095|7947|NA|NA|8496|974|394|686|38875502|56669.8279883382|0
"120310014021"|0|1|0|0|0|0|0|1|1|0|0|1|1|0|0|NA|NA|NA|NA|NA|0|0|0|0|NA|0
"120310025013"|0|1|0|0|0|0|0|1|1|0|0|1|1|0|0|NA|NA|NA|NA|NA|0|0|0|0|NA|0
"120310029022"|0|1|0|1|0|0|0|1|1|1|0|0|0|1|0|14878|14878|NA|NA|8010|97|31|104|4835528|46495.4615384615|0
"120310104021"|0|1|0|0|0|0|0|1|1|0|0|1|1|0|0|NA|NA|NA|NA|NA|0|0|0|0|NA|0
"120310119033"|0|1|1|0|0|0|0|1|1|1|0|0|1|0|0|11980|11980|NA|NA|7040|22|10|22|955108|43414|0
"120310135242"|0|1|0|0|0|0|0|1|1|1|1|0|1|0|0|NA|NA|NA|NA|NA|25|18|14|665226|47516.1428571429|0
"120310144143"|0|1|0|0|0|0|0|1|1|0|0|1|1|0|0|NA|NA|NA|NA|NA|0|0|0|0|NA|0
"120310144151"|0|1|1|0|0|0|0|1|1|1|0|0|0|0|1|3996|16799|8570|19585|9956|1285|408|1088|83214196|76483.6360294118|0
"120310145001"|0|1|0|0|0|0|0|1|1|0|0|1|1|0|0|NA|NA|NA|NA|NA|0|0|0|0|NA|0
"120310148002"|0|1|1|0|0|0|0|1|1|1|0|0|0|1|0|39900|39900|14742|14742|14810|299|97|468|34397092|73498.0598290598|0
"120310158053"|0|1|0|0|0|0|0|1|1|0|0|1|1|0|0|NA|NA|NA|NA|NA|0|0|0|0|NA|0
"120310159221"|0|1|0|0|0|0|0|1|1|1|1|0|1|0|0|13689|13689|NA|NA|NA|27|1|46|2352648|51144.5217391304|0
"120310159261"|0|1|0|0|0|0|0|1|1|1|1|0|1|0|0|NA|NA|NA|NA|NA|40|8|34|2240800|65905.8823529412|0
"120310159262"|0|1|0|0|0|0|0|1|1|1|0|0|0|1|0|18900|18900|NA|NA|NA|0|0|0|0|NA|0
"120310159263"|0|0|0|0|0|0|0|1|0|0|0|0|0|0|0|NA|NA|NA|NA|NA|0|0|0|0|NA|0
"120310159271"|0|1|0|0|0|0|0|1|1|0|0|1|1|0|0|NA|NA|NA|NA|NA|0|0|0|0|NA|0
"120310166052"|0|0|1|0|0|0|0|1|1|1|0|0|1|0|0|NA|NA|NA|NA|NA|12|6|16|1559984|97499|0
"120310171022"|0|1|0|0|0|0|0|1|1|0|0|1|1|0|0|NA|NA|NA|NA|NA|0|0|0|0|NA|0
"120310172001"|0|1|0|0|0|0|0|1|1|0|0|1|1|0|0|NA|NA|NA|NA|NA|0|0|0|0|NA|0
"120330011012"|0|1|0|0|0|0|0|1|1|1|0|0|0|1|0|1887|7546|NA|NA|NA|392|240|322|15834012|49173.950310559|0
"120330011041"|0|1|0|0|0|0|0|1|1|0|0|1|1|0|0|NA|NA|NA|NA|NA|0|0|0|0|NA|0
"120330013002"|0|1|0|0|0|0|0|1|1|0|0|1|1|0|0|NA|NA|NA|NA|NA|0|0|0|0|NA|0
"120330032033"|0|1|0|0|0|0|0|1|1|0|0|1|1|0|0|NA|NA|NA|NA|NA|0|0|0|0|NA|0
"120330035062"|0|1|0|0|0|0|0|1|1|1|1|0|1|0|0|14009|14009|NA|NA|NA|19|7|30|1881600|62720|0
"120330035072"|0|1|0|0|0|0|0|1|1|0|0|1|1|0|0|NA|NA|NA|NA|NA|0|0|0|0|NA|0
"120330036071"|0|1|1|0|0|0|0|1|1|1|0|0|0|0|1|3735|16004|7088|22166|11268|967|193|678|57349078|84585.6607669616|0
"120350602133"|0|1|0|0|0|0|0|1|1|0|0|1|1|0|0|NA|NA|NA|NA|NA|0|0|0|0|NA|0
"120390207025"|0|1|0|0|0|0|0|1|1|0|0|1|1|0|0|NA|NA|NA|NA|NA|0|0|0|0|NA|0
"120530407021"|0|0|0|0|0|0|0|1|0|0|0|0|0|0|0|NA|NA|NA|NA|NA|0|0|0|0|NA|0
"120530409112"|0|1|0|0|0|0|0|1|1|0|0|1|1|0|0|NA|NA|NA|NA|NA|0|0|0|0|NA|0
"120530413022"|0|1|0|0|0|0|0|1|1|1|1|0|1|0|0|12780|12780|NA|NA|NA|13|2|12|764600|63716.6666666667|0
"120559601052"|0|1|0|0|0|0|0|1|1|1|0|0|0|1|0|3135|11829|NA|NA|NA|186|85|132|7460094|56515.8636363636|0
"120559605042"|0|1|0|0|0|0|0|1|1|0|0|1|1|0|0|NA|NA|NA|NA|NA|0|0|0|0|NA|0
"120570017003"|0|1|0|0|0|0|0|1|1|0|0|1|1|0|0|NA|NA|NA|NA|NA|0|0|0|0|NA|0
"120570025003"|0|1|1|0|0|0|0|1|1|1|0|0|1|0|0|16920|16920|15600|15600|NA|47|8|50|4144788|82895.76|0
"120570037001"|0|1|0|0|0|0|0|1|1|0|0|1|1|0|0|NA|NA|NA|NA|NA|0|0|0|0|NA|0
"120570042001"|0|1|0|0|0|0|0|1|1|0|0|1|1|0|0|NA|NA|NA|NA|NA|0|0|0|0|NA|0
"120570046012"|0|1|0|0|0|0|0|1|1|1|1|0|1|0|0|NA|NA|NA|NA|NA|29|6|12|598400|49866.6666666667|0
"120570046021"|0|1|0|0|0|0|0|1|1|1|0|0|1|0|0|18880|18880|NA|NA|NA|10|1|2|210000|105000|0
"120570050003"|0|1|1|0|0|0|0|1|1|1|0|0|0|1|0|28802|28802|11790|11790|11526|426|155|780|66678868|85485.7282051282|0
"120570054014"|0|1|0|0|0|0|0|1|1|1|1|0|0|0|1|1931|7728|NA|NA|8784|641|217|612|37251900|60869.1176470588|0
"120570104023"|0|1|1|0|0|0|0|1|1|1|0|0|0|1|0|13320|13320|14940|14940|NA|0|0|0|0|NA|0
"120570107022"|0|1|0|0|0|0|0|1|1|1|0|0|1|0|0|17060|17060|NA|NA|8690|79|23|76|4645916|61130.4736842105|0
"120570114121"|0|1|0|0|0|0|0|1|1|0|0|1|1|0|0|NA|NA|NA|NA|NA|0|0|0|0|NA|0
"120570114122"|0|1|0|0|0|0|0|1|1|0|0|1|0|0|0|NA|NA|NA|NA|NA|0|0|0|0|NA|0
"120570114161"|0|1|0|0|0|0|0|1|1|0|0|1|1|0|0|NA|NA|NA|NA|NA|0|0|0|0|NA|0
"120570116111"|0|1|0|0|0|0|0|1|1|0|0|1|1|0|0|NA|NA|NA|NA|NA|0|0|0|0|NA|0
"120570116121"|0|1|1|0|0|0|0|1|1|1|0|0|0|0|0|1320|1320|3042|3042|NA|0|0|0|0|NA|0
"120570119082"|0|1|0|0|0|0|0|1|1|0|0|1|1|0|0|NA|NA|NA|NA|NA|0|0|0|0|NA|0
"120570119113"|0|1|0|0|0|0|0|1|1|1|1|0|1|0|0|14614|14614|NA|NA|NA|26|14|24|1339952|55831.3333333333|0
"120570121031"|0|1|0|0|0|0|0|1|1|0|0|1|1|0|0|NA|NA|NA|NA|NA|0|0|0|0|NA|0
"120570121033"|0|1|0|0|0|0|0|2|1|1|1|0|1|0|0|NA|NA|NA|NA|NA|27|19|32|875972|NA|0
"120570133112"|0|1|0|0|0|0|0|1|1|0|0|1|0|0|0|NA|NA|NA|NA|NA|0|0|0|0|NA|0
"120570133152"|0|1|0|0|0|0|0|1|1|0|0|1|1|0|0|NA|NA|NA|NA|NA|0|0|0|0|NA|0
"120610503031"|0|1|0|0|0|0|0|1|1|0|0|1|1|0|0|NA|NA|NA|NA|NA|0|0|0|0|NA|0
"120632103021"|0|1|1|0|0|0|0|1|1|1|0|0|1|0|0|11250|11250|4500|4500|4612|31|17|46|2374072|51610.2608695652|0
"120632105003"|0|1|0|0|0|0|0|1|1|1|0|0|0|1|0|2365|8195|NA|NA|4560|107|41|82|4724608|57617.1707317073|0
"120690302041"|0|1|0|0|0|0|0|1|1|0|0|1|1|0|0|NA|NA|NA|NA|NA|0|0|0|0|NA|0
"120690303021"|0|1|0|0|0|0|0|1|1|1|0|0|0|1|0|3292|13276|NA|NA|NA|166|62|164|8119510|49509.2073170732|0
"120690306021"|0|1|0|0|0|0|0|1|1|1|0|0|1|0|0|42600|42600|NA|NA|12816|121|24|76|4141806|54497.4473684211|0
"120690310022"|0|0|0|0|0|0|0|1|0|0|0|0|0|0|0|NA|NA|NA|NA|NA|0|0|0|0|NA|0
"120710005024"|0|1|0|0|0|0|0|1|1|0|0|1|1|0|0|NA|NA|NA|NA|NA|0|0|0|0|NA|0
"120710007003"|0|1|0|0|0|0|0|1|1|1|1|0|1|0|0|17409|17409|NA|NA|NA|2|1|2|66800|33400|0
"120710012033"|0|1|0|0|0|0|0|1|1|0|0|1|1|0|0|NA|NA|NA|NA|NA|0|0|0|0|NA|0
"120710012041"|0|1|1|0|0|0|0|1|1|1|0|0|1|0|0|14160|14160|14220|14220|NA|61|9|42|3139008|74738.2857142857|0
"120710012052"|0|1|0|0|0|0|0|1|1|0|0|1|1|0|0|NA|NA|NA|NA|NA|0|0|0|0|NA|0
"120710013001"|0|1|0|0|0|0|0|1|1|0|0|1|1|0|0|NA|NA|NA|NA|NA|0|0|0|0|NA|0
"120710014011"|0|1|0|0|0|0|0|1|1|1|0|0|0|1|0|13895|13895|NA|NA|NA|51|4|100|5641092|56410.92|0
"120710014022"|0|1|0|0|0|0|0|1|1|0|0|1|1|0|0|NA|NA|NA|NA|NA|0|0|0|0|NA|0
"120710017012"|0|1|0|0|0|0|0|1|1|1|0|0|0|0|1|2436|9750|NA|NA|10500|360|101|394|23400808|59392.9137055838|0
"120710017083"|0|1|0|0|0|0|0|1|1|0|0|1|0|0|0|NA|NA|NA|NA|NA|0|0|0|0|NA|0
"120710102051"|0|1|0|0|0|0|0|1|1|0|0|1|1|0|0|NA|NA|NA|NA|NA|0|0|0|0|NA|0
"120710401384"|0|1|0|0|0|0|0|1|1|0|0|1|1|0|0|NA|NA|NA|NA|NA|0|0|0|0|NA|0
"120710401391"|0|1|1|0|0|0|0|1|1|1|0|0|0|0|1|4191|22328|6974|28170|9672|944|332|1032|86222426|83548.8624031008|0
"120730004002"|0|1|1|1|0|0|0|1|1|1|0|0|0|1|0|3152|14524|8019|22108|10986|1175|302|1154|96658176|83759.2512998267|0
"120730011013"|0|1|0|0|0|0|0|1|1|0|0|1|1|0|0|NA|NA|NA|NA|NA|0|0|0|0|NA|0
"120730013001"|0|1|1|0|0|1|0|1|1|1|0|0|0|0|1|4640|19084|9684|24116|11088|5233|966|3164|336952828|106495.836915297|0
"120730016011"|0|1|0|0|0|0|0|1|1|0|0|1|1|0|0|NA|NA|NA|NA|NA|0|0|0|0|NA|0
"120730020031"|0|2|0|0|0|0|0|2|2|1|0|1|0|1|1|NA|NA|NA|NA|NA|497|177|410|20933434|NA|0
"120730020082"|0|1|0|0|0|0|0|1|1|0|0|1|1|0|0|NA|NA|NA|NA|NA|0|0|0|0|NA|0
"120791103012"|0|1|0|0|0|0|0|1|1|1|0|0|0|1|0|2280|9180|NA|NA|NA|86|48|50|2454990|49099.8|0
"120810003111"|0|1|0|0|0|0|0|1|1|1|0|0|0|1|0|2365|2365|NA|NA|NA|319|144|276|16642566|60299.152173913|0
"120810008101"|0|1|0|0|0|0|0|1|1|0|0|1|1|0|0|NA|NA|NA|NA|NA|0|0|0|0|NA|0
"120810009024"|0|1|1|0|0|0|0|1|0|0|0|0|0|0|0|NA|NA|NA|NA|NA|0|0|0|0|NA|0
"120810020121"|0|1|0|0|0|0|0|1|1|0|0|1|1|0|0|NA|NA|NA|NA|NA|0|0|0|0|NA|0
"120830011062"|0|1|0|0|0|0|0|1|1|1|1|0|1|0|0|10837|10837|NA|NA|NA|13|5|16|941768|58860.5|0
"120830016002"|0|1|0|0|0|0|0|1|1|1|0|0|0|1|0|1987|7947|NA|NA|NA|261|137|246|13343158|54240.4796747967|0
"120830024013"|0|1|0|0|0|0|0|1|1|0|0|1|1|0|0|NA|NA|NA|NA|NA|0|0|0|0|NA|0
"120830025073"|0|1|1|0|0|0|0|1|1|1|0|0|0|1|0|11105|11105|8703|8703|NA|207|12|248|21313966|85943.4112903226|0
"120850014062"|0|1|1|0|0|0|0|1|1|1|0|0|1|0|0|6098|6098|7650|7650|6780|22|7|18|279480|15526.6666666667|0
"120860001241"|0|1|1|0|0|0|0|1|1|1|0|0|1|0|0|34376|34376|14148|14148|NA|65|16|84|6936724|82580.0476190476|0
"120860001281"|0|1|0|0|0|0|0|1|1|0|0|1|1|0|0|NA|NA|NA|NA|NA|0|0|0|0|NA|0
"120860002061"|0|1|0|0|0|0|0|1|1|0|0|1|1|0|0|NA|NA|NA|NA|NA|0|0|0|0|NA|0
"120860002194"|0|1|0|0|0|0|0|1|1|0|0|1|1|0|0|NA|NA|NA|NA|NA|0|0|0|0|NA|0
"120860005071"|0|1|1|0|0|0|0|1|1|1|0|0|0|1|0|31800|31800|14400|14400|12360|215|37|156|14079014|90250.0897435897|0
"120860005072"|0|1|0|0|0|0|0|1|1|1|1|0|1|0|0|NA|NA|NA|NA|NA|6|1|8|104248|13031|0
"120860005073"|0|1|1|1|0|0|0|1|1|1|0|0|1|0|0|12576|12576|16708|16708|7776|169|72|122|8320684|68202.3278688525|0
"120860007052"|0|2|1|0|0|0|0|2|2|2|1|0|1|1|0|NA|NA|NA|NA|NA|209|162|192|10961972|96445.5227272727|0
"120860007131"|0|1|0|0|0|0|0|1|1|0|0|1|1|0|0|NA|NA|NA|NA|NA|0|0|0|0|NA|0
"120860007151"|0|1|0|0|0|0|0|1|1|0|0|1|1|0|0|NA|NA|NA|NA|NA|0|0|0|0|NA|0
"120860007182"|0|2|0|0|0|0|0|2|2|1|1|1|2|0|0|NA|NA|NA|NA|NA|8|1|4|180000|NA|0
"120860007202"|0|1|0|0|0|0|0|1|1|0|0|1|1|0|0|NA|NA|NA|NA|NA|0|0|0|0|NA|0
"120860011022"|0|1|1|0|0|0|0|1|1|1|0|0|0|1|0|30600|30600|17820|17820|11506|475|200|550|48692972|88532.6763636364|0
"120860015021"|0|1|0|0|0|0|0|1|1|0|0|1|1|0|0|NA|NA|NA|NA|NA|0|0|0|0|NA|0
"120860026003"|0|1|0|0|0|0|0|1|1|0|0|1|1|0|0|19400|19400|NA|NA|NA|0|0|0|0|NA|0
"120860027101"|0|1|1|0|0|0|0|1|1|1|0|0|1|0|0|19260|19260|23580|23580|NA|36|1|22|1393426|63337.5454545455|0
"120860030011"|0|1|0|0|0|0|0|1|1|0|0|1|1|0|0|NA|NA|NA|NA|NA|0|0|0|0|NA|0
"120860037071"|0|1|0|0|0|0|0|1|1|1|0|0|0|0|1|1987|7947|NA|NA|NA|1925|1144|1474|109564476|74331.394843962|0
"120860037103"|0|1|1|0|0|0|0|1|1|1|0|0|1|0|0|9840|9840|10764|10764|NA|34|11|2|104000|52000|0
"120860040005"|0|1|1|0|0|0|0|1|1|1|0|0|1|0|0|13000|13000|13000|13000|8000|36|2|18|635780|35321.1111111111|0
"120860043012"|0|1|1|0|0|0|0|1|1|1|0|0|1|0|0|8000|8000|8000|8000|8500|0|0|10|516176|51617.6|0
"120860047033"|0|1|1|0|0|0|0|1|1|1|0|0|1|0|0|NA|NA|NA|NA|NA|70|7|142|12890958|90781.3943661972|0
"120860050021"|0|1|0|0|0|0|0|1|1|0|0|1|0|1|0|NA|NA|NA|NA|NA|0|0|0|0|NA|0
"120860050022"|0|1|0|0|0|0|0|1|1|0|0|1|1|0|0|NA|NA|NA|NA|NA|0|0|0|0|NA|0
"120860054061"|0|1|0|0|0|0|0|1|1|0|0|1|1|0|0|NA|NA|NA|NA|NA|0|0|0|0|NA|0
"120860054092"|0|1|0|0|0|0|0|1|1|0|0|1|1|0|0|NA|NA|NA|NA|NA|0|0|0|0|NA|0
"120860056001"|0|2|0|0|0|0|0|2|2|1|1|1|2|0|0|NA|NA|NA|NA|NA|11|3|6|724000|NA|0
"120860059011"|0|1|0|0|0|0|0|1|1|1|1|0|1|0|0|NA|NA|NA|NA|NA|16|5|16|715036|44689.75|0
"120860060025"|0|1|0|0|0|0|0|1|1|0|0|1|1|0|0|NA|NA|NA|NA|NA|0|0|0|0|NA|0
"120860063042"|0|1|0|0|0|0|0|1|1|1|1|0|1|0|0|17813|17813|NA|NA|NA|10|0|8|397800|49725|0
"120860064024"|0|1|0|0|0|0|0|1|1|0|0|1|1|0|0|NA|NA|NA|NA|NA|0|0|0|0|NA|0
"120860065032"|0|1|0|0|0|0|0|1|1|1|1|0|1|0|0|NA|NA|NA|NA|NA|9|0|0|0|NA|0
"120860068023"|0|1|0|0|0|0|0|1|1|0|0|1|1|0|0|NA|NA|NA|NA|NA|0|0|0|0|NA|0
"120860070062"|0|1|0|0|0|0|0|1|1|0|0|1|1|0|0|NA|NA|NA|NA|NA|0|0|0|0|NA|0
"120860077082"|0|1|0|0|0|0|0|1|1|0|0|1|1|0|0|NA|NA|NA|NA|NA|0|0|0|0|NA|0
"120860078081"|0|1|0|0|0|0|0|1|1|0|0|1|1|0|0|NA|NA|NA|NA|NA|0|0|0|0|NA|0
"120860078091"|0|1|0|0|0|0|0|1|1|1|0|0|1|0|0|12888|12888|NA|NA|NA|8|3|2|139308|69654|0
"120860084161"|0|1|1|0|0|0|0|1|1|1|0|0|1|0|0|9850|9850|15020|15020|NA|12|5|4|214064|53516|0
"120860088052"|0|1|1|0|0|0|0|1|1|1|0|0|1|0|0|23100|23100|23100|23100|12100|28|2|12|689910|57492.5|0
"120860089041"|0|1|1|0|0|1|0|1|1|1|0|0|0|0|1|4721|16529|8912|21393|10956|4154|1066|2636|272819872|103497.675265554|0
"120860089072"|0|1|0|0|0|0|0|1|1|1|1|0|1|0|0|NA|NA|NA|NA|NA|20|14|12|501280|41773.3333333333|0
"120860089081"|0|1|0|0|0|0|0|1|1|0|0|1|1|0|0|NA|NA|NA|NA|NA|0|0|0|0|NA|0
"120860089101"|0|1|0|0|0|0|0|1|1|0|0|1|1|0|0|NA|NA|NA|NA|NA|0|0|0|0|NA|0
"120860089102"|0|1|0|0|0|0|0|1|1|0|0|1|1|0|0|NA|NA|NA|NA|NA|0|0|0|0|NA|0
"120860090101"|0|1|1|0|0|0|0|1|1|1|0|0|1|0|0|11628|11628|11774|11774|NA|61|20|48|3088072|64334.8333333333|0
"120860090103"|0|4|2|0|0|0|0|4|4|4|1|0|3|1|0|NA|NA|NA|NA|NA|87|34|72|6243022|NA|0
"120860090142"|0|1|0|0|0|0|0|1|1|1|1|0|1|0|0|NA|NA|NA|NA|NA|33|7|40|1925936|48148.4|0
"120860090202"|0|1|0|0|0|0|0|1|1|1|1|0|1|0|0|NA|NA|NA|NA|NA|13|10|14|2e+05|14285.7142857143|0
"120860090511"|0|1|0|0|0|0|0|1|1|1|1|0|1|0|0|11950|11950|NA|NA|NA|11|0|4|2e+05|50000|0
"120860090562"|0|1|1|0|0|0|0|1|1|1|0|0|1|0|0|10200|10200|10200|10200|NA|27|4|0|0|NA|0
"120860091011"|0|1|0|0|0|0|0|1|1|0|0|1|1|0|0|NA|NA|NA|NA|NA|0|0|0|0|NA|0
"120860091022"|0|1|0|0|0|0|0|1|1|0|0|1|1|0|0|NA|NA|NA|NA|NA|0|0|0|0|NA|0
"120860093122"|0|1|0|0|0|0|0|1|1|0|0|1|1|0|0|NA|NA|NA|NA|NA|0|0|0|0|NA|0
"120860093162"|0|1|0|0|0|0|0|1|1|0|0|1|1|0|0|NA|NA|NA|NA|NA|0|0|0|0|NA|0
"120860106091"|0|0|0|0|0|0|0|1|0|0|0|0|0|0|0|NA|NA|NA|NA|NA|0|0|0|0|NA|0
"120860106231"|0|1|0|0|0|0|0|1|1|1|1|0|1|0|0|11950|11950|NA|NA|NA|11|6|2|90000|45000|0
"120860106232"|0|1|0|0|0|0|0|1|1|1|1|0|1|0|0|14905|14905|NA|NA|NA|14|4|6|519792|86632|0
"120860109002"|0|1|0|0|0|0|0|1|1|0|0|1|1|0|0|NA|NA|NA|NA|NA|0|0|0|0|NA|0
"120860111062"|0|1|0|0|0|0|0|1|1|0|0|1|1|0|0|NA|NA|NA|NA|NA|0|0|0|0|NA|0
"120860126011"|0|1|0|0|0|0|0|1|1|1|1|0|1|0|0|NA|NA|NA|NA|NA|1|0|2|203540|101770|0
"120860137001"|0|1|0|0|0|0|0|1|1|0|0|1|1|0|0|NA|NA|NA|NA|NA|0|0|0|0|NA|0
"120860188022"|0|1|1|0|0|0|0|1|1|1|0|0|1|0|0|13320|13320|12960|12960|NA|8|1|6|268120|44686.6666666667|0
"120860192001"|0|1|0|0|0|0|0|1|1|1|0|0|1|0|0|NA|NA|NA|NA|NA|22|10|12|998400|83200|0
"120860202004"|0|1|0|0|0|0|0|1|1|0|0|1|1|0|0|NA|NA|NA|NA|NA|0|0|0|0|NA|0
"120869803001"|0|1|1|0|1|1|0|1|1|1|0|0|0|0|1|52080|52080|39060|39060|15470|3059|704|2222|264070662|118843.682268227|0
"120869805001"|0|1|0|0|0|0|0|1|1|0|0|1|1|0|0|NA|NA|NA|NA|NA|0|0|0|0|NA|0
"120879719001"|0|1|0|0|0|0|0|1|1|1|0|0|1|0|0|2483|9933|NA|NA|15845|63|39|56|3728962|66588.6071428571|0
"120910209001"|0|1|0|0|0|0|0|1|1|1|0|0|0|1|0|2496|9552|NA|NA|NA|202|98|162|9123626|56318.6790123457|0
"120910217002"|0|1|0|0|0|0|0|1|1|0|0|1|1|0|0|NA|NA|NA|NA|NA|0|0|0|0|NA|0
"120950102023"|0|0|1|0|0|0|0|1|1|1|0|0|1|0|0|NA|NA|NA|NA|NA|0|0|0|0|NA|0
"120950124031"|0|1|0|0|0|0|0|1|1|0|0|1|1|0|0|NA|NA|NA|NA|NA|0|0|0|0|NA|0
"120950128002"|0|1|1|0|0|0|0|1|1|1|0|0|0|1|0|18900|18900|24275|24275|9189|144|46|190|18123202|95385.2736842105|0
"120950129001"|0|1|0|0|0|0|0|1|1|1|1|0|1|0|0|NA|NA|NA|NA|NA|26|6|6|295652|49275.3333333333|0
"120950133001"|0|0|0|0|0|0|0|1|0|0|0|0|0|0|0|NA|NA|NA|NA|NA|0|0|0|0|NA|0
"120950142023"|0|1|0|0|0|0|0|1|1|1|1|0|0|1|0|NA|NA|NA|NA|NA|101|7|124|5988926|48297.7903225806|0
"120950147031"|0|1|0|0|0|0|0|1|1|1|0|0|0|0|1|1984|7933|NA|NA|NA|1289|338|1214|67779710|55831.7215815486|0
"120950152031"|0|1|0|0|0|0|0|1|1|0|0|1|1|0|0|NA|NA|NA|NA|NA|0|0|0|0|NA|0
"120950159012"|0|1|0|0|0|0|0|1|1|0|0|1|0|1|0|NA|NA|NA|NA|NA|0|0|0|0|NA|0
"120950160011"|0|1|1|0|0|0|0|1|1|1|0|0|0|1|0|53716|53716|17522|17522|15000|437|160|412|35615154|86444.5485436893|0
"120950164022"|0|1|0|0|0|0|0|1|1|1|1|0|0|1|0|NA|NA|NA|NA|NA|40|31|42|1070740|25493.8095238095|0
"120950164061"|0|1|1|0|0|0|0|1|1|1|0|0|0|0|1|21973|21973|16087|16087|NA|1432|899|1544|87999412|56994.4378238342|0
"120950165113"|0|1|0|0|0|0|0|1|1|1|1|0|1|0|0|NA|NA|NA|NA|NA|18|2|50|2849204|56984.08|0
"120950165121"|0|1|0|0|0|0|0|2|0|0|0|0|0|0|0|NA|NA|NA|NA|NA|0|0|0|0|NA|0
"120950165151"|0|1|1|0|0|1|0|1|1|1|0|0|0|0|1|4478|19810|6916|25759|10300|3902|1148|3040|304686894|100225.951973684|0
"120950167133"|0|1|1|0|0|0|0|1|1|1|0|0|1|0|0|11880|11880|7110|7110|NA|18|2|14|717036|51216.8571428571|0
"120950169021"|0|1|0|0|0|0|0|1|1|1|1|0|0|0|0|NA|NA|NA|NA|NA|0|0|0|0|NA|0
"120950169023"|0|1|0|0|0|0|0|1|1|0|0|1|0|1|0|NA|NA|NA|NA|NA|0|0|0|0|NA|0
"120950170013"|0|1|1|0|0|0|0|1|1|1|0|0|1|0|0|9552|9552|16752|16752|NA|0|0|0|0|NA|0
"120950170182"|0|1|0|0|0|0|0|1|1|1|1|0|0|1|0|NA|NA|NA|NA|NA|65|0|100|5989896|59898.96|0
"120950174022"|0|1|0|0|0|0|0|1|1|0|0|1|0|1|0|NA|NA|NA|NA|NA|0|0|0|0|NA|0
"120950189012"|0|1|0|0|0|0|0|1|1|0|0|1|1|0|0|NA|NA|NA|NA|NA|0|0|0|0|NA|0
"120950190002"|0|1|0|0|0|0|0|1|1|0|0|1|1|0|0|NA|NA|NA|NA|NA|0|0|0|0|NA|0
"120970420001"|0|1|0|0|0|0|0|2|1|0|0|1|1|0|0|NA|NA|NA|NA|NA|0|0|0|0|NA|0
"120970429012"|0|1|1|0|0|0|0|1|1|1|0|0|1|0|0|16400|16400|17000|17000|7950|31|10|26|1717604|66061.6923076923|0
"120970429052"|0|1|0|0|0|0|0|1|0|0|0|1|1|0|0|NA|NA|NA|NA|NA|0|0|0|0|NA|0
"120990011012"|0|1|0|0|0|0|0|1|1|0|0|1|1|0|0|NA|NA|NA|NA|NA|0|0|0|0|NA|0
"120990019091"|0|1|0|0|0|0|0|1|1|0|0|1|1|0|0|NA|NA|NA|NA|NA|0|0|0|0|NA|0
"120990027022"|0|1|1|0|0|0|0|1|1|1|0|0|0|1|0|32880|32880|10440|10440|10722|232|87|328|25009764|76249.2804878049|0
"120990029001"|0|2|0|0|0|0|0|2|2|2|1|0|2|0|0|36856|36856|NA|NA|NA|110|47|144|8814376|112953.717974181|0
"120990029003"|0|1|0|0|0|0|0|1|1|0|0|1|1|0|0|NA|NA|NA|NA|NA|0|0|0|0|NA|0
"120990031013"|0|1|0|0|0|0|0|1|1|1|1|0|1|0|0|NA|NA|NA|NA|NA|32|23|28|1157646|41344.5|0
"120990031022"|0|1|0|0|0|0|0|1|1|1|1|0|1|0|0|NA|NA|NA|NA|NA|17|10|34|2820518|82956.4117647059|0
"120990036004"|0|1|0|0|0|0|0|1|1|0|0|1|1|0|0|NA|NA|NA|NA|NA|0|0|0|0|NA|0
"120990040072"|0|1|0|0|0|0|0|1|1|0|0|1|1|0|0|NA|NA|NA|NA|NA|0|0|0|0|NA|0
"120990047051"|0|1|0|0|0|0|0|1|1|0|0|1|1|0|0|NA|NA|NA|NA|NA|0|0|0|0|NA|0
"120990050003"|0|1|0|0|0|0|0|1|1|1|0|0|0|0|1|2424|8712|NA|NA|NA|808|384|680|38200646|56177.4205882353|0
"120990058122"|0|1|0|0|0|0|0|1|1|1|1|0|1|0|0|NA|NA|NA|NA|NA|24|19|14|701834|50131|0
"120990059521"|0|0|1|0|0|0|0|1|1|1|0|0|1|0|0|NA|NA|17366|17366|NA|37|4|28|1623254|57973.3571428571|0
"120990059581"|0|1|0|0|0|0|0|1|1|1|1|0|1|0|0|15230|15230|NA|NA|NA|27|13|56|4334440|77400.7142857143|0
"120990062032"|0|1|0|0|0|0|0|1|1|0|0|1|1|0|0|NA|NA|NA|NA|NA|0|0|0|0|NA|0
"120990069091"|0|1|0|0|0|0|0|1|1|0|0|1|1|0|0|NA|NA|NA|NA|NA|0|0|0|0|NA|0
"120990070082"|0|1|1|0|0|0|0|1|1|1|0|0|0|1|0|37600|37600|13320|13320|12470|375|126|244|16903016|69274.6557377049|0
"120990070121"|0|1|1|0|0|0|0|1|1|1|0|0|0|1|0|17520|17520|19200|19200|NA|147|72|96|2982938|31072.2708333333|0
"120990071001"|0|1|1|0|0|1|0|1|1|1|0|0|0|0|1|2522|14374|5467|16695|12030|2120|335|1640|151835416|92582.5707317073|0
"120990076102"|0|1|0|0|0|0|0|1|1|0|0|1|1|0|0|NA|NA|NA|NA|NA|0|0|0|0|NA|0
"120990078123"|0|1|0|0|0|0|0|1|1|1|1|0|1|0|0|NA|NA|NA|NA|NA|6|0|12|1012000|84333.3333333333|0
"120990078181"|0|1|1|0|0|0|0|1|1|1|0|0|1|0|0|16920|16920|15600|15600|NA|34|3|38|2992434|78748.2631578947|0
"121010303042"|0|1|0|0|0|0|0|1|1|0|0|1|1|0|0|NA|NA|NA|NA|NA|0|0|0|0|NA|0
"121010309051"|0|1|0|0|0|0|0|1|1|0|0|1|1|0|0|NA|NA|NA|NA|NA|0|0|0|0|NA|0
"121010315071"|0|1|0|0|0|0|0|1|1|1|0|0|1|0|0|15200|15200|NA|NA|7600|22|4|18|662362|36797.8888888889|0
"121010317042"|0|1|0|0|0|0|0|1|1|1|0|0|0|1|0|2297|9272|NA|NA|NA|319|168|304|16312704|53660.2105263158|0
"121010322003"|0|1|1|0|0|0|0|1|1|1|0|0|0|1|0|23990|23990|14568|14568|13500|686|88|260|19294982|74211.4692307692|0
"121030201052"|0|1|0|0|0|0|0|1|1|1|0|0|0|1|0|47044|47044|NA|NA|13482|210|92|312|23517674|75377.1602564103|0
"121030208002"|0|1|0|0|0|0|0|1|1|0|0|1|1|0|0|NA|NA|NA|NA|NA|0|0|0|0|NA|0
"121030225011"|0|1|0|0|0|0|0|1|1|0|0|1|1|0|0|NA|NA|NA|NA|NA|0|0|0|0|NA|0
"121030228021"|0|1|0|0|0|0|0|1|1|0|0|1|1|0|0|NA|NA|NA|NA|NA|0|0|0|0|NA|0
"121030244121"|0|1|0|0|0|0|0|1|1|1|0|0|0|1|0|NA|NA|NA|NA|NA|64|25|154|10584478|68730.3766233766|0
"121030245141"|0|1|0|0|0|0|0|1|1|0|0|1|1|0|0|NA|NA|NA|NA|NA|0|0|0|0|NA|0
"121030245142"|0|2|0|0|0|0|0|2|2|1|0|1|1|0|1|NA|NA|NA|NA|NA|935|343|658|45239684|NA|0
"121030245143"|0|1|0|0|0|0|0|1|1|0|0|1|1|0|0|NA|NA|NA|NA|NA|0|0|0|0|NA|0
"121030250212"|0|1|1|0|0|0|0|1|1|1|0|0|1|0|0|14160|14160|18600|18600|NA|13|1|0|0|NA|0
"121030252091"|0|0|0|0|0|0|0|1|0|0|0|0|0|0|0|NA|NA|NA|NA|NA|0|0|0|0|NA|0
"121030254161"|0|1|0|0|0|0|0|1|1|0|0|1|1|0|0|NA|NA|NA|NA|NA|0|0|0|0|NA|0
"121030264023"|0|1|0|0|0|0|0|1|1|1|1|0|0|1|0|NA|NA|NA|NA|NA|1771|675|622|28732570|46193.8424437299|0
"121030267033"|0|1|0|0|0|0|0|1|1|1|1|0|1|0|0|NA|NA|NA|NA|NA|9|0|16|549282|34330.125|0
"121030286022"|0|1|1|0|0|0|0|1|0|0|0|0|0|0|0|NA|NA|NA|NA|NA|0|0|0|0|NA|0
"121050103003"|0|1|0|0|0|0|0|1|1|0|0|1|1|0|0|NA|NA|NA|NA|NA|0|0|0|0|NA|0
"121050104022"|0|1|1|0|0|0|0|1|1|1|0|0|0|1|0|38180|38180|17232|17232|12006|362|123|314|23624180|75236.2420382166|0
"121050116061"|0|1|1|0|0|0|0|1|1|1|0|0|0|1|0|3152|3152|6930|6930|11471|170|28|142|10487260|73853.9436619718|0
"121050117311"|0|1|1|0|0|0|0|1|1|1|0|0|0|1|0|26520|26520|13365|13365|10380|383|174|244|16063564|65834.2786885246|0
"121050118321"|0|1|0|0|0|0|0|1|1|0|0|1|1|0|0|2585|8367|NA|NA|NA|0|0|0|0|NA|0
"121050119012"|0|0|0|0|0|0|0|1|0|0|0|0|0|0|0|NA|NA|NA|NA|NA|0|0|0|0|NA|0
"121050122093"|0|1|0|0|0|0|0|1|1|0|0|1|1|0|0|NA|NA|NA|NA|NA|0|0|0|0|NA|0
"121050128021"|0|1|0|0|0|0|0|1|1|0|0|1|1|0|0|3888|10368|NA|NA|NA|0|0|0|0|NA|0
"121050137021"|0|1|0|0|0|0|0|1|1|1|0|0|0|1|0|2483|9933|NA|NA|NA|335|136|304|17134886|56364.7565789474|0
"121050154022"|0|1|1|0|0|0|0|1|1|1|0|0|1|0|0|25526|25526|15840|15840|9940|96|49|50|2920764|58415.28|0
"121050154051"|0|1|1|0|0|0|0|1|1|1|0|0|1|0|0|23500|23500|5835|5835|9200|106|51|68|3373686|49613.0294117647|0
"121050155002"|0|1|0|0|0|0|0|1|1|0|0|1|1|0|0|NA|NA|NA|NA|NA|0|0|0|0|NA|0
"121079506003"|0|1|0|0|0|0|0|1|1|1|0|0|0|1|0|2067|8403|NA|NA|NA|210|112|282|14163876|50226.5106382979|0
"121090204001"|0|1|1|0|0|0|0|1|1|1|0|0|0|1|0|19940|19940|555|555|12540|239|70|242|16459934|68016.2561983471|0
"121113807001"|0|1|0|0|0|0|0|1|1|1|0|0|0|0|1|2496|9360|NA|NA|NA|533|280|472|40164956|85095.2457627119|0
"121113814012"|0|1|0|0|0|0|0|1|1|0|0|1|1|0|0|NA|NA|NA|NA|NA|0|0|0|0|NA|0
"121113816033"|0|1|0|0|0|0|0|1|1|1|1|0|1|0|0|16120|16120|NA|NA|NA|18|7|24|1591212|66300.5|0
"121119800001"|0|1|0|0|0|0|0|1|1|1|1|0|1|0|0|10042|10042|NA|NA|7224|42|7|126|3230000|25634.9206349206|0
"121130105041"|0|1|0|0|0|0|0|1|1|0|0|1|1|0|0|NA|NA|NA|NA|NA|0|0|0|0|NA|0
"121150002002"|0|1|0|0|0|0|0|1|1|1|0|0|0|1|0|45130|45130|NA|NA|16110|247|79|240|18890540|78710.5833333333|0
"121150009001"|0|1|1|0|0|0|0|1|1|1|0|0|1|0|0|5227|27159|9555|25444|9662|220|86|216|16737172|77486.9074074074|0
"121150010002"|0|0|1|0|0|0|0|1|1|1|0|0|1|0|0|NA|NA|12000|12000|NA|8|2|4|244500|61125|0
"121150017042"|0|1|0|0|0|0|0|1|1|0|0|1|0|1|0|NA|NA|NA|NA|NA|0|0|0|0|NA|0
"121150027253"|0|2|0|0|0|0|0|2|2|1|1|1|2|0|0|NA|NA|NA|NA|NA|7|2|10|342000|NA|0
"121170207041"|0|1|0|0|0|0|0|1|1|1|0|0|1|0|0|14498|14498|NA|NA|NA|30|5|0|0|NA|0
"121170208033"|0|1|0|0|0|0|0|1|1|1|0|0|0|0|1|2393|9494|NA|NA|NA|481|136|414|29178288|70478.9565217391|0
"121170210001"|0|1|0|0|0|0|0|1|1|0|0|1|1|0|0|NA|NA|NA|NA|NA|0|0|0|0|NA|0
"121170213073"|0|1|0|0|0|0|0|1|1|0|0|1|1|0|0|NA|NA|NA|NA|NA|0|0|0|0|NA|0
"121170216081"|0|1|0|0|0|0|0|1|1|1|1|0|1|0|0|12888|12888|NA|NA|NA|17|7|4|244380|61095|0
"121170218061"|0|1|0|0|0|0|0|1|1|1|1|0|1|0|0|15250|15250|NA|NA|NA|10|0|32|2374640|74207.5|0
"121170220024"|0|1|0|0|0|0|0|1|1|0|0|1|1|0|0|16520|16520|NA|NA|NA|0|0|0|0|NA|0
"121170222011"|0|1|1|0|0|0|0|1|1|1|0|0|1|0|0|13320|13320|10800|10800|NA|22|4|36|2791114|77530.9444444444|0
"121170222015"|0|1|0|0|0|0|0|1|1|0|0|1|1|0|0|NA|NA|NA|NA|NA|0|0|0|0|NA|0
"121199117032"|0|1|0|0|0|0|0|1|1|0|0|1|1|0|0|NA|NA|NA|NA|NA|0|0|0|0|NA|0
"121219704022"|0|1|0|0|0|0|0|1|1|0|0|1|1|0|0|NA|NA|NA|NA|NA|0|0|0|0|NA|0
"121239503022"|0|1|0|0|0|0|0|1|1|0|0|1|1|0|0|NA|NA|NA|NA|NA|0|0|0|0|NA|0
"121270808031"|0|1|0|0|0|0|0|1|1|1|0|0|1|0|0|NA|NA|NA|NA|NA|20|3|20|1075164|53758.2|0
"121270810011"|0|1|0|0|0|0|0|1|1|0|0|1|1|0|0|NA|NA|NA|NA|NA|0|0|0|0|NA|0
"121270818002"|0|1|0|0|0|0|0|1|1|1|0|0|0|0|1|3072|11960|NA|NA|NA|582|104|444|28562488|64329.9279279279|0
"121270820001"|0|1|1|1|0|0|0|1|1|1|0|0|0|1|0|13844|13844|13500|13500|9896|246|110|304|19173228|63069.8289473684|0
"121270824013"|0|1|0|0|0|0|0|1|1|0|0|1|1|0|0|NA|NA|NA|NA|NA|0|0|0|0|NA|0
"121270903074"|0|0|0|0|0|0|0|1|0|0|0|0|0|0|0|NA|NA|NA|NA|NA|0|0|0|0|NA|0
"121270904023"|0|1|1|0|0|0|0|1|1|1|0|0|0|1|0|49140|49140|17927|17927|14540|577|191|556|50899818|91546.4352517986|0
"121270925001"|0|2|2|0|0|0|0|2|2|2|0|0|0|1|1|46752|46752|26796|26796|NA|1509|249|940|79890520|163608.064327485|0
"121319503043"|0|1|0|0|0|0|0|1|1|0|0|1|1|0|0|NA|NA|NA|NA|NA|0|0|0|0|NA|0
"121339701033"|0|1|0|0|0|0|0|1|1|0|0|1|1|0|0|NA|NA|NA|NA|NA|0|0|0|0|NA|0
"130099704005"|0|1|1|0|0|0|0|1|1|1|0|0|0|1|0|7508|26688|5292|18846|11318|576|149|680|49809756|73249.6411764706|0
"130099707011"|0|1|0|0|0|0|0|1|1|1|0|0|0|1|0|6210|6210|NA|NA|7500|381|142|250|12216952|48867.808|0
"130131802041"|0|1|0|0|0|0|0|1|1|0|0|1|1|0|0|NA|NA|NA|NA|NA|0|0|0|0|NA|0
"130210105001"|0|1|1|0|0|1|0|1|1|1|0|0|0|1|0|28695|28695|14964|14964|13070|939|293|770|64442118|83691.0623376623|0
"130210121011"|0|1|1|0|0|0|0|1|1|1|0|0|1|0|0|23990|23990|24357|24357|10365|90|33|102|5673988|55627.3333333333|0
"130210132013"|0|1|0|0|0|0|0|1|1|0|0|1|1|0|0|NA|NA|NA|NA|NA|0|0|0|0|NA|0
"130210134074"|0|1|0|0|0|0|0|1|1|1|1|0|1|0|0|NA|NA|NA|NA|NA|11|2|4|157320|39330|0
"130210136031"|0|2|1|0|0|0|0|2|2|2|1|0|1|1|0|15448|22795|NA|NA|NA|430|112|560|34381092|106431.641601844|0
"130311103024"|0|1|0|0|0|0|0|1|1|1|1|0|0|1|0|2400|4800|NA|NA|NA|85|31|130|7199256|55378.8923076923|0
"130311104071"|0|1|1|0|0|0|0|1|1|1|0|0|0|0|1|4371|15425|4986|19890|10136|1909|545|1968|143466296|72899.5406504065|0
"130390105001"|0|1|0|0|0|0|0|1|1|1|0|0|1|0|0|6000|6000|NA|NA|NA|1|0|0|0|NA|0
"130459105041"|0|1|1|0|0|0|0|1|1|1|0|0|0|0|1|4371|15426|4338|16830|10340|952|250|972|66049716|67952.3827160494|0
"130510038002"|0|1|1|1|0|0|0|1|1|1|0|0|0|1|0|4064|14786|3588|13068|7762|299|78|308|20658916|67074.4025974026|0
"130510040022"|0|2|2|0|0|0|0|2|2|2|0|0|1|1|0|30420|30420|29400|29400|NA|376|9|72|7552412|NA|0
"130510040023"|0|1|0|0|0|0|0|1|1|0|0|1|1|0|0|NA|NA|NA|NA|NA|0|0|0|0|NA|0
"130510040024"|0|0|1|0|0|0|0|1|0|0|0|0|0|0|0|NA|NA|NA|NA|NA|0|0|0|0|NA|0
"130510043001"|0|1|0|0|0|0|0|1|1|1|1|0|0|1|0|2400|4800|NA|NA|NA|147|29|198|10720648|54144.6868686869|0
"130510119001"|0|1|1|0|0|0|0|1|1|1|0|0|0|0|1|37575|37575|38475|38475|14979|984|465|1278|110469908|86439.6776212832|0
"130570902021"|0|1|1|0|0|0|0|1|1|1|0|0|0|1|0|24228|24228|9078|9078|11440|104|50|150|8564052|57093.68|0
"130590004022"|0|1|1|0|0|1|0|1|1|1|0|0|0|0|1|9790|28830|8878|25186|10328|8480|1927|4280|474926698|110964.181775701|0
"130591307011"|0|1|0|0|0|0|0|1|1|0|0|1|1|0|0|NA|NA|NA|NA|NA|0|0|0|0|NA|0
"130591405001"|0|1|0|0|0|0|0|1|1|1|1|0|0|1|0|2400|4800|NA|NA|NA|138|30|196|12047340|61466.0204081633|0
"130630402042"|0|1|0|0|0|0|0|1|1|0|0|1|1|0|0|NA|NA|NA|NA|NA|0|0|0|0|NA|0
"130630404194"|0|1|1|0|0|0|0|1|1|1|0|0|0|1|0|4064|14786|5760|12411|11114|405|90|414|27556972|66562.7342995169|0
"130630404241"|0|3|0|0|0|0|0|3|3|1|1|2|2|1|0|NA|NA|NA|NA|NA|8|3|4|142694|NA|0
"130670302481"|0|1|0|0|0|0|0|1|1|0|0|1|1|0|0|NA|NA|NA|NA|NA|0|0|0|0|NA|0
"130670302783"|0|1|1|0|0|0|0|1|1|1|0|0|0|0|1|4450|15704|5328|19188|12947|2044|498|2492|187123940|75089.8635634029|0
"130670303442"|0|1|0|0|0|0|0|1|1|1|1|0|1|0|0|NA|NA|NA|NA|NA|13|3|18|1036200|57566.6666666667|0
"130670304055"|0|1|0|0|0|0|0|1|1|1|1|0|1|0|0|NA|NA|NA|NA|NA|8|0|6|286032|47672|0
"130670305054"|0|1|0|0|0|0|0|1|1|0|0|1|1|0|0|NA|NA|NA|NA|NA|0|0|0|0|NA|0
"130670308002"|0|1|1|0|1|0|0|1|1|1|0|0|0|1|0|12105|12105|7802|7802|14400|323|108|248|19611738|79079.5887096774|0
"130670309121"|0|1|0|0|0|0|0|1|1|1|1|0|0|1|0|2400|4800|NA|NA|NA|278|95|378|21038792|55658.1798941799|0
"130670310043"|0|1|0|0|0|0|0|1|1|1|1|0|1|0|0|14165|14165|NA|NA|NA|22|10|20|1199132|59956.6|0
"130690107012"|0|1|0|0|0|0|0|1|1|1|0|0|0|1|0|2280|8632|NA|NA|8750|128|38|126|6591302|52311.9206349206|0
"130730303072"|0|1|0|0|0|0|0|1|1|0|0|1|1|0|0|NA|NA|NA|NA|NA|0|0|0|0|NA|0
"130830403002"|0|1|1|0|0|0|0|1|1|1|0|0|1|0|0|35670|35670|16728|16728|10970|129|45|116|8289300|71459.4827586207|0
"130890211031"|0|1|0|0|0|0|0|1|1|1|0|0|0|1|0|40880|40880|NA|NA|13800|103|47|158|10037680|63529.6202531646|0
"130890212043"|0|1|0|0|0|0|0|1|1|1|1|0|1|0|0|10200|10200|NA|NA|NA|37|8|10|391332|39133.2|0
"130890212252"|0|1|0|0|0|0|0|1|1|0|0|1|1|0|0|NA|NA|NA|NA|NA|0|0|0|0|NA|0
"130890212274"|0|1|0|0|0|0|0|1|1|0|0|1|1|0|0|NA|NA|NA|NA|NA|0|0|0|0|NA|0
"130890217031"|0|1|0|0|0|0|0|1|1|0|0|1|1|0|0|NA|NA|NA|NA|NA|0|0|0|0|NA|0
"130890217122"|0|1|1|0|0|0|0|1|1|1|0|0|0|1|0|13320|13320|14940|14940|NA|0|0|0|0|NA|0
"130890218192"|0|1|0|0|0|0|0|1|1|0|0|1|1|0|0|NA|NA|NA|NA|NA|0|0|0|0|NA|0
"130890219081"|0|1|0|0|0|0|0|1|1|0|0|1|1|0|0|NA|NA|NA|NA|NA|0|0|0|0|NA|0
"130890220052"|0|1|0|0|0|0|0|1|1|1|1|0|0|1|0|2400|4800|NA|NA|NA|135|12|158|7668928|48537.5189873418|0
"130890224041"|0|1|1|0|1|1|0|1|1|1|0|0|0|0|1|53070|53070|43800|43800|15242|5883|983|1980|275082380|138930.494949495|0
"130890225011"|0|1|1|0|0|0|0|1|1|1|0|0|0|1|0|14588|14588|17072|17072|NA|54|2|16|1677366|104835.375|0
"130890228001"|0|1|1|0|0|0|0|1|1|1|0|0|0|1|0|43920|43920|16650|16650|13050|228|56|174|14635770|84113.6206896552|0
"130890228003"|0|0|1|0|0|0|0|1|1|1|0|0|1|0|0|NA|NA|15120|15120|NA|50|11|44|3920338|89098.5909090909|0
"130890232143"|0|1|0|0|0|0|0|1|1|1|1|0|1|0|0|11970|11970|NA|NA|NA|10|0|8|358000|44750|0
"130890234403"|0|1|1|0|0|0|0|1|1|1|0|0|1|0|0|7368|7368|5346|5346|NA|22|4|50|2312794|46255.88|0
"130950014031"|0|1|0|0|0|0|0|1|1|1|1|0|0|1|0|2400|4800|NA|NA|NA|105|38|162|7649820|47221.1111111111|0
"130950107022"|0|1|1|1|0|0|0|1|1|1|0|0|0|1|0|4064|14786|3438|13716|10076|411|138|406|24356110|59990.4187192118|0
"131079706011"|0|1|0|0|0|0|0|1|1|1|0|0|0|1|0|2280|8632|NA|NA|9664|126|36|138|7244832|52498.7826086957|0
"131150003002"|0|1|1|0|0|0|0|1|1|1|0|0|0|1|0|37720|37720|12240|12240|13370|346|140|318|25358900|79744.9685534591|0
"131150012001"|0|1|1|0|0|0|0|1|1|1|0|0|0|1|0|22380|22380|12600|12600|9400|121|36|144|7538976|52354|0
"131150016002"|0|1|0|0|0|0|0|1|1|1|1|0|0|1|0|2400|4800|NA|NA|NA|172|79|236|13500330|57204.7881355932|0
"131150021001"|0|1|0|0|0|0|0|1|1|1|0|0|0|1|0|2280|8632|NA|NA|NA|196|49|256|13035184|50918.6875|0
"131171304063"|0|1|0|0|0|0|0|1|1|0|0|1|1|0|0|NA|NA|NA|NA|NA|0|0|0|0|NA|0
"131198904022"|0|1|0|0|0|0|0|1|1|1|0|0|1|0|0|20760|20760|NA|NA|8380|101|64|92|4249386|46188.9782608696|0
"131210005013"|0|0|1|0|0|0|0|1|1|1|0|0|1|0|0|NA|NA|NA|NA|NA|31|5|34|3164978|93087.5882352941|0
"131210007001"|0|1|0|0|0|0|0|1|1|0|0|1|1|0|0|NA|NA|NA|NA|NA|0|0|0|0|NA|0
"131210010012"|0|1|0|0|0|0|0|1|1|1|1|0|1|0|0|12450|12450|NA|NA|NA|0|0|0|0|NA|0
"131210010022"|0|1|1|0|0|0|0|1|1|1|0|0|0|0|1|10258|31370|14064|29140|12090|9335|874|2244|292112678|130174.990196078|0
"131210019023"|0|2|0|0|0|0|0|2|2|1|1|1|2|0|0|NA|NA|NA|NA|NA|14|9|6|287958|NA|0
"131210038002"|0|1|2|2|0|0|0|2|2|2|0|0|1|1|0|NA|NA|28814|28814|NA|444|196|378|28353120|136023.898305085|0
"131210043001"|0|2|1|3|0|1|0|3|3|3|0|0|1|2|0|NA|NA|NA|NA|NA|649|224|632|47103146|NA|0
"131210052004"|0|1|1|0|0|0|0|1|1|1|0|0|1|0|0|7632|7632|7650|7650|NA|33|10|16|849316|53082.25|0
"131210065001"|0|2|0|0|0|0|0|2|2|2|1|0|0|2|0|4825|13851|NA|NA|NA|197|35|280|13449764|98950.9319727891|0
"131210070011"|0|1|0|0|0|0|0|1|1|0|0|1|1|0|0|NA|NA|NA|NA|NA|0|0|0|0|NA|0
"131210091042"|0|1|0|0|0|0|0|1|1|0|0|1|1|0|0|19400|19400|NA|NA|NA|0|0|0|0|NA|0
"131210092031"|0|1|0|0|0|0|0|1|1|0|0|1|1|0|0|NA|NA|NA|NA|NA|0|0|0|0|NA|0
"131210096061"|0|1|0|0|0|0|0|1|1|0|0|1|1|0|0|NA|NA|NA|NA|NA|0|0|0|0|NA|0
"131210101152"|0|1|0|0|0|0|0|1|1|1|0|0|0|1|0|19572|19572|NA|NA|NA|0|0|0|0|NA|0
"131210101305"|0|2|1|0|0|0|0|2|2|2|0|0|1|1|0|31470|31470|NA|NA|NA|103|0|28|1904072|137262.416666667|0
"131210101332"|0|1|1|0|0|0|0|1|1|1|0|0|1|0|0|9552|9552|16752|16752|NA|0|0|0|0|NA|0
"131210102124"|0|1|0|0|0|0|0|1|1|0|0|1|1|0|0|NA|NA|NA|NA|NA|0|0|0|0|NA|0
"131210102211"|0|1|0|0|0|0|0|1|1|1|1|0|1|0|0|NA|NA|NA|NA|NA|6|1|2|80000|40000|0
"131210114214"|0|1|0|0|0|0|0|1|1|0|0|1|1|0|0|NA|NA|NA|NA|NA|0|0|0|0|NA|0
"131210119013"|0|4|2|0|0|0|0|5|4|3|1|1|2|0|2|NA|NA|NA|NA|NA|3792|868|3350|284007146|NA|0
"131270005012"|0|1|0|0|0|0|0|1|1|1|0|0|0|1|0|2563|9469|NA|NA|10636|168|44|204|13057376|64006.7450980392|0
"131350502291"|0|1|0|0|0|0|0|1|1|1|1|0|1|0|0|16520|16520|NA|NA|NA|48|39|94|4550000|48404.2553191489|0
"131350503241"|0|0|0|0|0|0|0|1|0|0|0|0|0|0|0|NA|NA|NA|NA|NA|0|0|0|0|NA|0
"131350503291"|0|1|0|0|0|0|0|1|1|0|0|1|1|0|0|NA|NA|NA|NA|NA|0|0|0|0|NA|0
"131350504351"|0|1|0|0|0|0|0|1|1|1|1|0|1|0|0|9750|9750|NA|NA|NA|11|3|6|210866|35144.3333333333|0
"131350504391"|0|1|0|0|0|0|0|1|1|1|1|0|1|0|0|14641|14641|NA|NA|NA|26|15|30|1687634|56254.4666666667|0
"131350504591"|0|1|0|0|0|0|0|1|1|0|0|1|1|0|0|NA|NA|NA|NA|NA|0|0|0|0|NA|0
"131350505263"|0|1|0|0|0|0|0|1|1|0|0|1|1|0|0|NA|NA|NA|NA|NA|0|0|0|0|NA|0
"131350505371"|0|1|0|0|0|0|0|1|1|1|1|0|1|0|0|NA|NA|NA|NA|NA|15|0|14|714000|51000|0
"131350505613"|0|2|1|0|0|0|0|2|2|2|1|0|1|1|0|7200|9600|NA|NA|NA|283|118|266|15974194|96554.5695538058|0
"131350505631"|0|1|0|0|0|0|0|1|1|1|0|0|0|0|1|3214|12000|NA|NA|13680|400|99|906|64647902|71355.3002207505|0
"131350505741"|0|1|0|0|0|0|0|1|1|0|0|1|1|0|0|NA|NA|NA|NA|NA|0|0|0|0|NA|0
"131370002034"|0|1|0|0|0|0|0|1|1|1|1|0|0|1|0|2400|4800|NA|NA|4000|114|17|134|6933562|51743|0
"131370005023"|0|1|1|0|0|0|0|1|1|1|0|0|0|1|0|27300|27300|10440|10440|10850|174|76|220|15324626|69657.3909090909|0
"131390006021"|0|1|0|0|0|0|0|1|1|1|1|0|0|1|0|3000|6000|NA|NA|NA|131|46|216|13148726|60873.7314814815|0
"131390008003"|0|1|1|0|0|0|0|1|1|1|0|0|0|1|0|30000|30000|13356|13356|12500|181|67|292|22231372|76134.8356164384|0
"131390011022"|0|1|0|0|0|0|0|1|1|1|1|0|1|0|0|10800|10800|NA|NA|NA|6|3|2|76800|38400|0
"131430104021"|0|1|0|0|0|0|0|1|1|1|1|0|0|1|0|2400|4800|NA|NA|NA|202|94|258|13348324|51737.6899224806|0
"131530212043"|0|1|0|0|0|0|0|1|1|1|1|0|0|1|0|2400|4800|NA|NA|NA|308|117|454|23723542|52254.4977973568|0
"131719702021"|0|1|0|0|0|0|0|1|1|1|0|0|0|1|0|2563|9469|NA|NA|9167|138|38|206|11514010|55893.2524271845|0
"131850102012"|0|1|0|0|0|0|0|1|1|1|1|0|0|1|0|2400|4800|NA|NA|NA|146|48|266|12662822|47604.5939849624|0
"131850111002"|0|1|1|0|0|0|0|1|1|1|0|0|0|0|1|4371|15426|4572|16470|8476|642|172|826|56337240|68204.8910411622|0
"131879602064"|0|1|1|0|0|0|0|1|1|1|0|0|0|0|1|3969|14123|4140|16488|11140|1030|253|1448|93630514|64661.9571823204|0
"132099502002"|0|1|0|0|0|0|0|1|1|1|0|0|1|0|0|17400|17400|NA|NA|8230|69|29|54|2671562|49473.3703703704|0
"132150003002"|0|2|0|0|0|0|0|2|2|1|1|1|1|1|0|NA|NA|NA|NA|NA|120|47|188|10137636|NA|0
"132150010001"|0|1|1|0|0|0|0|1|1|1|0|0|0|1|0|4371|15425|6300|11394|11520|448|123|662|47881768|72328.9546827795|0
"132150021001"|0|1|0|0|0|0|0|1|1|1|1|0|1|0|0|NA|NA|NA|NA|NA|12|1|10|414908|41490.8|0
"132171004001"|0|1|0|0|0|0|0|1|1|1|1|0|1|0|0|53070|53070|NA|NA|15242|129|39|194|14615246|75336.3195876289|0
"132250404003"|0|1|1|1|0|0|0|1|1|1|0|0|0|1|0|4064|14786|4344|16128|8372|443|79|192|12024212|62626.1041666667|0
"132437902004"|0|1|0|0|0|0|0|1|1|1|0|0|1|0|0|19172|19172|NA|NA|11728|36|22|52|2735600|52607.6923076923|0
"132450010003"|0|1|0|1|0|0|0|1|1|1|0|0|1|0|0|12705|12705|NA|NA|6662|63|17|62|1696750|27366.935483871|0
"132450101041"|0|1|0|0|0|0|0|1|1|0|0|1|1|0|0|NA|NA|NA|NA|NA|0|0|0|0|NA|0
"132450102051"|0|1|0|0|0|0|0|1|1|1|1|0|1|0|0|NA|NA|NA|NA|NA|18|2|14|319880|22848.5714285714|0
"132450105062"|0|1|0|0|0|0|0|1|1|1|1|0|0|1|0|2400|4800|NA|NA|NA|113|35|254|16143428|63556.8031496063|0
"132450110001"|0|1|1|0|1|1|0|1|1|1|0|0|0|1|0|6892|22270|5504|18772|10884|2636|548|914|84483590|92432.8118161926|0
"132470603112"|0|1|0|0|0|0|0|1|1|0|0|1|1|0|0|NA|NA|NA|NA|NA|0|0|0|0|NA|0
"132551605002"|0|1|0|0|0|0|0|1|1|1|1|0|0|1|0|2400|4800|NA|NA|NA|155|22|202|11743032|58133.8217821782|0
"132579701012"|0|1|1|0|0|0|0|1|1|1|0|0|0|1|0|21120|21120|11220|11220|8500|81|22|92|4765370|51797.5|0
"132619502002"|0|1|0|0|0|0|0|1|1|1|1|0|0|1|0|3000|6000|NA|NA|5400|77|36|106|5610466|52928.9245283019|0
"132619507004"|0|1|1|0|0|0|0|1|1|1|0|0|0|1|0|4064|14786|3492|13806|8420|181|51|232|14871544|64101.4827586207|0
"132759605013"|0|1|0|0|0|0|0|1|1|1|1|0|0|1|0|2400|4800|NA|NA|NA|168|65|294|16197336|55092.9795918367|0
"132759609003"|0|1|1|0|0|0|0|1|1|1|0|0|0|1|0|15940|15940|11790|11790|7040|70|28|96|4491132|46782.625|0
"132779603011"|0|1|0|0|0|0|0|1|1|1|0|0|0|1|0|2563|9469|NA|NA|7910|226|43|286|17176352|60057.1748251748|0
"132799704004"|0|1|0|0|0|0|0|1|1|1|1|0|0|1|0|2400|4800|NA|NA|NA|78|7|146|8302654|56867.4931506849|0
"132819601002"|0|1|1|0|0|0|0|1|1|1|0|0|0|1|0|28612|28612|9000|9000|11512|94|27|130|7225742|55582.6307692308|0
"132859603001"|0|1|1|0|0|0|0|1|1|1|0|0|1|0|0|32000|32000|19288|19288|12260|94|41|140|8472662|60519.0142857143|0
"132859610002"|0|1|1|0|0|0|0|1|1|1|0|0|0|1|0|20700|20700|16200|16200|8000|98|29|90|4610220|51224.6666666667|0
"132999508023"|0|1|0|0|0|0|0|1|1|1|1|0|0|1|0|2147|4294|NA|NA|NA|122|30|192|9060360|47189.375|0
"133039503001"|0|1|0|0|0|0|0|1|1|1|1|0|0|1|0|2400|4800|NA|NA|NA|78|32|116|6472522|55797.6034482759|0
"133119502061"|0|1|1|0|0|0|0|1|1|1|0|0|0|1|0|20928|20928|6552|6552|8160|111|47|110|5792260|52656.9090909091|0
"133130005021"|0|1|0|0|0|0|0|1|1|0|0|1|1|0|0|NA|NA|NA|NA|NA|0|0|0|0|NA|0
"133130008023"|0|1|0|0|0|0|0|1|1|1|0|0|0|1|0|2563|9469|NA|NA|8588|142|40|318|19184060|60327.2327044025|0
"150010205002"|0|1|0|0|0|0|0|1|1|1|1|0|0|1|0|3144|8280|NA|NA|8248|122|52|164|12633624|77034.2926829268|0
"150010205003"|0|1|1|0|0|0|0|1|1|1|0|0|0|1|0|7344|20304|11736|26568|8248|313|106|382|38430624|100603.727748691|0
"150010215131"|0|1|0|0|0|0|0|1|1|0|0|1|1|0|0|NA|NA|NA|NA|NA|0|0|0|0|NA|0
"150030008003"|0|1|0|0|0|0|0|1|1|1|1|0|0|1|0|3144|8280|NA|NA|NA|206|74|330|28918320|87631.2727272727|0
"150030013004"|0|1|0|0|0|0|0|1|1|0|0|1|1|0|0|NA|NA|NA|NA|NA|0|0|0|0|NA|0
"150030027011"|0|2|2|0|0|1|0|2|2|1|0|0|0|0|1|NA|NA|NA|NA|NA|3176|560|2044|240298184|NA|0
"150030028011"|0|1|1|0|0|0|0|1|1|1|0|0|0|1|0|26800|26800|24720|24720|14610|179|64|172|13220120|76861.1627906977|0
"150030037035"|0|1|0|0|0|0|0|1|1|1|1|0|1|0|0|25387|25387|NA|NA|NA|35|1|22|1120000|50909.0909090909|0
"150030040001"|0|1|1|0|0|0|0|1|1|1|0|0|0|1|0|28800|28800|20250|20250|19260|286|59|292|22403086|76722.897260274|0
"150030051002"|0|0|1|0|0|0|0|1|1|1|0|0|1|0|0|NA|NA|14850|14850|NA|1|0|4|2e+05|50000|0
"150030052002"|0|1|0|0|0|0|0|1|1|0|0|1|1|0|0|NA|NA|NA|NA|NA|0|0|0|0|NA|0
"150030057001"|0|1|0|0|0|0|0|2|1|0|0|1|1|0|0|NA|NA|NA|NA|NA|0|0|0|0|NA|0
"150030057002"|0|1|0|0|0|0|0|1|1|1|1|0|0|1|0|3144|8280|NA|NA|NA|183|57|184|14741976|80119.4347826087|0
"150030059001"|0|1|1|0|0|0|0|1|1|1|0|0|1|0|0|11400|11400|10710|10710|8100|9|2|0|0|NA|0
"150030086234"|0|1|0|0|0|0|0|1|1|1|0|0|0|1|0|7344|20304|NA|NA|NA|162|58|172|15784134|91768.2209302326|0
"150030087041"|0|1|0|0|0|0|0|1|1|1|1|0|0|1|0|3144|8280|NA|NA|NA|181|78|284|23122368|81416.7887323944|0
"150030102021"|0|1|0|0|0|0|0|1|1|1|0|0|0|1|0|5890|5890|NA|NA|7064|265|73|258|31350692|121514.310077519|0
"150030105031"|0|1|0|0|0|0|0|1|1|1|1|0|0|1|0|3144|8280|NA|NA|NA|103|33|110|8718336|79257.6|0
"150030115005"|0|1|1|0|0|0|0|1|1|1|0|0|1|0|0|9552|9552|16752|16752|NA|0|0|0|0|NA|0
"150070404022"|0|1|0|0|0|0|0|1|1|1|1|0|0|1|0|3144|8280|NA|NA|NA|94|39|104|8586360|82561.1538461538|0
"150090311063"|0|1|0|0|0|0|0|1|1|1|0|0|0|1|0|3144|8280|NA|NA|NA|151|58|140|11622288|83016.3428571429|0
"150090319001"|0|1|0|0|0|0|0|1|1|0|0|1|1|0|0|NA|NA|NA|NA|NA|0|0|0|0|NA|0
"160010009022"|0|1|1|0|0|0|0|1|1|1|0|0|0|0|1|5532|22452|7110|24030|12327|1789|448|1568|122054018|77840.5727040816|0
"160010012043"|0|1|0|0|0|0|0|1|1|1|1|0|1|0|0|NA|NA|NA|NA|NA|21|1|42|2857946|68046.3333333333|0
"160010022311"|0|4|0|0|0|0|0|4|4|2|0|2|4|0|0|NA|NA|NA|NA|NA|27|3|16|701770|NA|0
"160010022313"|0|1|0|0|0|0|0|1|1|0|0|1|1|0|0|NA|NA|NA|NA|NA|0|0|0|0|NA|0
"160010023171"|0|1|0|0|0|0|0|1|1|0|0|1|1|0|0|NA|NA|NA|NA|NA|0|0|0|0|NA|0
"160010024121"|0|1|0|0|0|0|0|1|1|1|0|0|1|0|0|12450|12450|NA|NA|7000|14|4|16|732046|45752.875|0
"160010102363"|0|1|0|0|0|0|0|1|1|0|0|1|1|0|0|NA|NA|NA|NA|NA|0|0|0|0|NA|0
"160010103682"|0|0|1|0|0|1|0|1|1|1|0|0|1|0|0|NA|NA|NA|NA|NA|0|0|0|0|NA|0
"160050003011"|0|1|0|0|0|0|0|1|1|0|0|1|1|0|0|NA|NA|NA|NA|NA|0|0|0|0|NA|0
"160050007003"|0|1|1|0|0|0|0|1|1|1|0|0|0|0|1|5928|22550|7982|24604|7214|1034|254|1212|90265270|74476.295379538|0
"160119505021"|0|1|0|0|0|0|0|1|1|0|0|1|1|0|0|NA|NA|NA|NA|NA|0|0|0|0|NA|0
"160199706022"|0|1|0|0|0|0|0|1|1|0|0|1|1|0|0|NA|NA|NA|NA|NA|0|0|0|0|NA|0
"160199706023"|0|1|0|0|0|0|0|1|1|1|1|0|0|1|0|4096|6192|NA|NA|NA|128|50|116|6485440|55908.9655172414|0
"160199706031"|0|1|1|0|0|0|0|1|1|1|0|0|1|0|0|15219|15219|25664|25664|NA|9|6|4|220000|55000|0
"160199714011"|0|1|0|0|0|0|0|1|1|1|0|0|1|0|0|16600|16600|NA|NA|NA|7|0|4|288522|72130.5|0
"160270204052"|0|1|0|0|0|0|0|1|1|0|0|1|1|0|0|NA|NA|NA|NA|NA|0|0|0|0|NA|0
"160270204061"|0|1|1|0|0|0|0|1|1|1|0|0|0|1|0|32130|32130|10836|10836|8800|183|99|200|12264316|61321.58|0
"160270210082"|0|1|0|0|0|0|0|1|1|0|0|1|1|0|0|NA|NA|NA|NA|NA|0|0|0|0|NA|0
"160270211041"|0|1|0|0|0|0|0|1|1|1|1|0|0|0|1|3400|7344|NA|NA|NA|312|118|328|18201896|55493.5853658537|0
"160270215001"|0|1|1|0|0|0|0|1|1|1|0|0|0|1|0|32100|32100|18965|18965|10650|120|49|140|9073500|64810.7142857143|0
"160319504001"|0|1|0|0|0|0|0|1|1|0|0|1|1|0|0|NA|NA|NA|NA|NA|0|0|0|0|NA|0
"160539704003"|0|1|0|0|0|0|0|1|1|0|0|1|1|0|0|NA|NA|NA|NA|NA|0|0|0|0|NA|0
"160550009011"|0|1|0|0|0|0|0|1|1|0|0|1|1|0|0|NA|NA|NA|NA|NA|0|0|0|0|NA|0
"160550014002"|0|1|0|0|0|0|0|1|1|1|1|0|0|1|0|4000|7776|NA|NA|7608|348|109|294|17969308|61120.0952380952|0
"160570051024"|0|1|1|0|0|0|0|1|0|1|0|0|1|0|0|13550|13550|9060|9060|NA|0|0|0|0|NA|0
"160570053021"|0|1|0|0|0|0|0|1|1|0|0|1|1|0|0|NA|NA|NA|NA|NA|0|0|0|0|NA|0
"160570054003"|0|1|1|0|0|1|0|1|1|1|0|0|0|0|1|6182|25418|7754|26990|9080|1729|468|1058|92626286|87548.4744801512|0
"160659503012"|0|1|0|0|0|0|0|1|1|1|0|0|0|0|1|4300|4300|NA|NA|4368|688|204|1176|109328224|92966.1768707483|0
"160659503041"|0|1|0|0|0|0|0|1|1|0|0|1|1|0|0|NA|NA|NA|NA|NA|0|0|0|0|NA|0
"160659503043"|0|2|0|0|0|0|0|2|2|0|0|2|2|0|0|NA|NA|NA|NA|NA|0|0|0|0|NA|0
"160699603002"|0|1|0|0|0|0|0|1|1|0|0|1|1|0|0|NA|NA|NA|NA|NA|0|0|0|0|NA|0
"160699603003"|0|1|0|0|0|0|0|1|1|0|0|1|1|0|0|NA|NA|NA|NA|NA|0|0|0|0|NA|0
"160699604003"|0|1|0|0|0|0|0|1|1|1|0|0|0|1|0|6982|20238|NA|NA|7790|206|78|342|20520964|60002.8187134503|0
"160830007013"|0|1|0|0|0|0|0|1|1|0|0|1|1|0|0|NA|NA|NA|NA|NA|0|0|0|0|NA|0
"160830008004"|0|1|0|0|0|0|0|1|1|1|0|0|0|1|0|4560|6840|NA|NA|5500|420|122|276|15967384|57852.8405797101|0
"160830011003"|0|1|0|0|0|0|0|1|1|0|0|1|1|0|0|NA|NA|NA|NA|NA|0|0|0|0|NA|0
"170010001001"|0|1|1|0|1|0|0|1|1|1|0|0|1|0|0|26400|26400|NA|NA|NA|19|4|62|4144836|66852.1935483871|0
"170010002021"|0|1|1|0|0|0|0|1|1|1|0|0|0|1|0|31160|31160|12000|12000|11050|94|54|106|5302658|50025.0754716981|0
"170010005002"|0|1|0|0|0|0|0|1|0|0|0|0|0|0|0|NA|NA|NA|NA|NA|0|0|0|0|NA|0
"170010006003"|0|1|0|0|0|0|0|1|1|0|0|1|1|0|0|NA|NA|NA|NA|NA|0|0|0|0|NA|0
"170010008001"|0|1|0|0|0|0|0|1|1|0|0|1|1|0|0|NA|NA|NA|NA|NA|0|0|0|0|NA|0
"170010106001"|0|1|0|0|0|0|0|1|1|1|1|0|0|1|0|7560|7560|NA|NA|NA|113|49|94|5572738|59284.4468085106|0
"170059513003"|0|1|1|0|0|0|0|1|1|1|0|0|1|0|0|28406|28406|8082|8082|9548|102|62|102|5642306|55316.7254901961|0
"170190009021"|0|1|0|0|0|0|0|1|1|1|1|0|0|1|0|10905|15255|NA|NA|NA|264|91|314|24711586|78699.3184713376|0
"170190014002"|0|1|1|0|0|1|0|1|1|1|0|0|0|0|1|14317|33824|15016|27187|12252|8921|1957|4860|569599362|117201.514814815|0
"170190054011"|0|1|0|0|0|0|0|1|1|0|0|1|1|0|0|NA|NA|NA|NA|NA|0|0|0|0|NA|0
"170190059022"|0|1|1|0|0|0|0|1|1|0|0|0|0|0|0|NA|NA|NA|NA|NA|830|156|0|0|NA|0
"170279005001"|0|1|0|0|0|0|0|1|1|1|1|0|0|1|0|7050|11850|NA|NA|NA|117|24|136|11186992|82257.2941176471|0
"170290002004"|0|1|0|0|0|0|0|1|1|1|1|0|0|1|0|7139|12940|NA|NA|NA|170|60|196|11705360|59721.2244897959|0
"170290008001"|0|1|1|0|0|0|0|1|1|1|0|0|0|1|0|9036|11231|7503|18007|10262|712|281|756|60172116|79592.746031746|0
"170310104003"|0|1|1|0|0|1|0|1|1|1|0|0|0|0|1|45500|45500|18594|18594|14780|1185|325|1590|161507670|101577.150943396|0
"170310105031"|0|1|0|0|0|0|0|1|1|0|0|1|1|0|0|NA|NA|NA|NA|NA|0|0|0|0|NA|0
"170310311002"|0|1|1|0|0|0|0|2|2|2|0|0|2|0|0|NA|NA|NA|NA|NA|65|9|22|1412472|NA|0
"170310314004"|0|1|1|0|0|0|0|1|0|1|0|0|1|0|0|7500|7500|4500|4500|3600|6|0|8|610802|76350.25|0
"170310629003"|0|1|0|0|0|0|0|1|1|0|0|1|1|0|0|NA|NA|NA|NA|NA|0|0|0|0|NA|0
"170310634001"|0|1|0|0|0|0|0|1|1|0|0|1|1|0|0|NA|NA|NA|NA|NA|0|0|0|0|NA|0
"170310810005"|0|1|1|0|0|0|0|1|1|1|0|0|0|1|0|11520|11520|8280|8280|11210|272|70|136|10204462|75032.8088235294|0
"170310817002"|0|1|2|0|0|0|0|2|2|2|0|0|1|1|0|NA|NA|44012|44012|NA|191|90|156|14971362|186350.082706767|0
"170310818001"|0|1|0|0|0|0|0|1|1|1|1|0|1|0|0|NA|NA|NA|NA|NA|16|12|2|112000|56000|0
"170311006003"|0|1|0|0|0|0|0|1|1|0|0|1|1|0|0|NA|NA|NA|NA|NA|0|0|0|0|NA|0
"170311701001"|0|1|0|0|0|0|0|1|1|1|1|0|0|1|0|11520|14430|NA|NA|NA|161|45|170|16262990|95664.6470588235|0
"170312412002"|0|1|1|0|0|0|0|1|1|1|0|0|1|0|0|25555|25555|13875|13875|NA|54|3|96|9200516|95838.7083333333|0
"170312415003"|0|1|0|0|0|0|0|1|1|0|0|1|1|0|0|NA|NA|NA|NA|NA|0|0|0|0|NA|0
"170313201021"|0|4|1|0|0|0|0|4|4|3|2|0|2|1|0|NA|NA|NA|NA|NA|418|132|212|18937930|NA|0
"170313201022"|0|1|0|0|0|0|0|1|1|1|1|0|1|0|0|NA|NA|NA|NA|NA|27|3|34|1289936|37939.2941176471|0
"170313204001"|0|8|5|0|0|0|0|8|7|6|1|1|3|3|1|NA|NA|NA|NA|NA|2607|825|2926|278812016|NA|0
"170313206002"|0|2|3|0|0|0|0|4|4|4|0|0|3|1|0|NA|NA|NA|NA|NA|540|206|550|42801736|413074.221367521|0
"170314106002"|0|0|2|0|0|0|0|2|2|2|0|0|2|0|0|NA|NA|27810|27810|NA|65|20|50|3993324|160537.102564103|0
"170314109002"|0|0|1|0|0|0|0|1|1|1|0|0|1|0|0|NA|NA|22560|22560|NA|39|11|48|2973602|61950.0416666667|0
"170314202001"|0|0|3|0|0|0|0|3|2|3|0|0|3|0|0|NA|NA|69839|69839|NA|78|9|54|6368198|335186.054545455|0
"170314402011"|0|1|0|0|0|0|0|1|1|0|0|1|1|0|0|NA|NA|NA|NA|NA|0|0|0|0|NA|0
"170314905001"|0|1|1|0|0|0|0|1|1|1|0|0|0|1|0|7488|7488|5850|11340|8724|395|76|382|28883416|75611.0366492147|0
"170314910004"|0|0|0|0|0|0|0|1|0|0|0|0|0|0|0|NA|NA|NA|NA|NA|0|0|0|0|NA|0
"170315001004"|0|1|0|0|0|0|0|1|1|1|1|0|0|1|0|11520|14430|NA|NA|NA|141|43|88|8415034|95625.3863636364|0
"170315702001"|0|1|0|0|0|0|0|1|1|0|0|1|1|0|0|NA|NA|NA|NA|NA|0|0|0|0|NA|0
"170315805023"|0|1|0|0|0|0|0|1|1|0|0|1|1|0|0|NA|NA|NA|NA|NA|0|0|0|0|NA|0
"170316103001"|0|1|0|0|0|0|0|1|1|0|0|1|1|0|0|NA|NA|NA|NA|NA|0|0|0|0|NA|0
"170316505003"|0|1|0|0|0|0|0|1|1|1|1|0|0|1|0|11520|14430|NA|NA|NA|134|32|108|9647570|89329.3518518519|0
"170316712001"|0|0|0|0|0|0|0|1|0|0|0|0|0|0|0|NA|NA|NA|NA|NA|0|0|0|0|NA|0
"170316809004"|0|1|0|0|0|0|0|1|1|1|1|0|0|1|0|11520|14430|NA|NA|NA|158|41|130|11080648|85235.7538461538|0
"170317307001"|0|1|0|0|0|0|0|1|1|0|0|1|1|0|0|NA|NA|NA|NA|NA|0|0|0|0|NA|0
"170317402001"|0|1|1|0|0|0|0|1|1|1|0|0|0|1|0|33630|33630|15000|15000|11540|261|100|260|17829792|68576.1230769231|0
"170318024021"|0|1|0|0|0|0|0|1|1|1|1|0|1|0|0|22950|22950|NA|NA|NA|5|1|4|214000|53500|0
"170318026091"|0|1|0|0|0|0|0|1|1|0|0|1|1|0|0|NA|NA|NA|NA|NA|0|0|0|0|NA|0
"170318041023"|0|1|0|0|0|0|0|1|1|1|1|0|0|0|1|9372|11184|NA|NA|NA|516|183|396|36750960|92805.4545454545|0
"170318042043"|0|1|0|0|0|0|0|1|1|1|0|0|1|0|0|NA|NA|NA|NA|NA|11|0|14|958000|68428.5714285714|0
"170318047142"|0|1|0|0|0|0|0|1|1|0|0|1|1|0|0|NA|NA|NA|NA|NA|0|0|0|0|NA|0
"170318054024"|0|1|0|0|0|0|0|1|1|0|0|1|1|0|0|NA|NA|NA|NA|NA|0|0|0|0|NA|0
"170318060043"|0|1|0|0|0|0|0|1|1|0|0|1|1|0|0|NA|NA|NA|NA|NA|0|0|0|0|NA|0
"170318061042"|0|1|0|0|0|0|0|1|1|1|1|0|0|1|0|10276|12292|NA|NA|NA|337|114|298|26431670|88696.8791946309|0
"170318069001"|0|2|0|0|0|0|0|2|2|0|0|2|2|0|0|NA|NA|NA|NA|NA|0|0|0|0|NA|0
"170318078001"|0|1|0|0|0|0|0|1|1|1|0|0|1|0|0|13400|13400|NA|NA|13350|35|11|28|984816|35172|0
"170318087021"|0|1|1|0|0|1|0|1|1|1|0|0|0|0|1|58227|58227|56067|56067|17616|5531|1255|2968|467800856|157614.843665768|0
"170318087023"|0|0|1|0|0|0|0|1|1|1|0|0|1|0|0|NA|NA|21937|21937|NA|52|6|54|4806696|89012.8888888889|0
"170318088002"|0|0|1|0|0|0|0|1|1|0|0|1|1|0|0|NA|NA|17113|17113|NA|0|0|0|0|NA|0
"170318094021"|0|1|1|0|0|0|0|1|1|1|0|0|1|0|0|18096|18096|19720|19720|NA|4|0|2|98000|49000|0
"170318108002"|0|1|0|0|0|0|0|1|1|0|0|1|1|0|0|NA|NA|NA|NA|NA|0|0|0|0|NA|0
"170318112003"|0|1|0|0|0|0|0|1|1|1|1|0|0|1|0|10410|13050|NA|NA|NA|297|101|200|14123972|70619.86|0
"170318119002"|0|1|1|0|0|0|0|1|1|1|0|0|0|1|0|32660|32660|9090|9090|10226|237|132|544|25813854|47451.9375|0
"170318119004"|0|1|1|0|0|0|0|1|1|1|0|0|0|1|0|34950|34950|20400|20400|10865|233|92|284|20574098|72444.0070422535|0
"170318139001"|0|1|0|0|0|0|0|1|1|0|0|1|1|0|0|NA|NA|NA|NA|NA|0|0|0|0|NA|0
"170318144003"|0|1|0|0|0|0|0|1|1|1|1|0|0|1|0|7552|9600|NA|NA|NA|139|65|150|11290342|75268.9466666667|0
"170318162001"|0|1|0|0|0|0|0|1|1|1|1|0|1|0|0|NA|NA|NA|NA|NA|32|8|66|4381462|66385.7878787879|0
"170318166001"|0|1|0|0|0|0|0|1|1|0|0|1|1|0|0|NA|NA|NA|NA|NA|0|0|0|0|NA|0
"170318183003"|0|1|0|0|0|0|0|1|1|0|0|1|1|0|0|NA|NA|NA|NA|NA|0|0|0|0|NA|0
"170318205024"|0|1|0|0|0|0|0|1|1|0|0|1|1|0|0|NA|NA|NA|NA|NA|0|0|0|0|NA|0
"170318209011"|0|2|0|0|0|0|0|2|2|2|1|0|2|0|0|33620|33620|NA|NA|NA|50|5|94|6825572|144635.542124542|0
"170318212002"|0|1|0|0|0|0|0|1|1|0|0|1|1|0|0|NA|NA|NA|NA|NA|0|0|0|0|NA|0
"170318221014"|0|1|0|0|0|0|0|1|1|0|0|1|1|0|0|NA|NA|NA|NA|NA|0|0|0|0|NA|0
"170318236051"|0|1|1|0|0|0|0|1|1|1|0|0|0|1|0|31700|31700|10517|10517|10100|120|41|134|8861312|66129.1940298507|0
"170318238031"|0|1|0|0|0|0|0|1|1|0|0|1|1|0|0|NA|NA|NA|NA|NA|0|0|0|0|NA|0
"170318238033"|0|1|0|0|0|0|0|1|1|1|1|0|0|0|1|7584|8880|NA|NA|NA|404|166|372|28853732|77563.7956989247|0
"170318245051"|0|1|0|0|0|0|0|1|1|0|0|1|1|0|0|NA|NA|NA|NA|NA|0|0|0|0|NA|0
"170318246025"|0|1|0|0|0|0|0|1|1|0|0|1|1|0|0|NA|NA|NA|NA|NA|0|0|0|0|NA|0
"170318259002"|0|1|0|0|0|0|0|1|1|0|0|1|1|0|0|NA|NA|NA|NA|NA|0|0|0|0|NA|0
"170318260002"|0|1|0|0|0|0|0|1|1|0|0|1|1|0|0|NA|NA|NA|NA|NA|0|0|0|0|NA|0
"170318272003"|0|1|0|0|0|0|0|1|1|1|1|0|0|1|0|10500|12150|NA|NA|NA|211|87|150|10502672|70017.8133333333|0
"170318289001"|0|1|0|0|0|0|0|1|1|1|1|0|0|1|0|8610|10332|NA|NA|NA|182|82|164|12622462|76966.2317073171|0
"170318300061"|0|1|0|0|0|0|0|1|1|0|0|1|1|0|0|NA|NA|NA|NA|NA|0|0|0|0|NA|0
"170318302013"|0|1|0|0|0|0|0|1|1|0|0|1|1|0|0|NA|NA|NA|NA|NA|0|0|0|0|NA|0
"170318307004"|0|1|0|0|0|0|0|1|1|1|1|0|0|1|0|11520|14430|NA|NA|NA|187|55|128|11367146|88805.828125|0
"170318318004"|0|1|1|0|0|0|0|1|1|1|0|0|0|1|0|31430|31430|13896|13896|9810|213|53|250|17388866|69555.464|0
"170318318005"|0|2|2|0|0|0|0|2|2|2|0|0|1|1|0|24393|34286|15790|23580|NA|665|144|554|40918944|113750.896063961|0
"170318339002"|0|1|0|0|0|0|0|1|1|0|0|1|1|0|0|NA|NA|NA|NA|NA|0|0|0|0|NA|0
"170318362001"|0|1|1|0|0|1|0|1|1|1|0|0|0|0|1|57642|57642|60300|60300|17004|7766|1239|2886|497922880|172530.45045045|0
"170318381001"|0|1|1|0|1|1|0|1|1|1|0|0|0|1|0|30649|30649|37207|37207|NA|357|72|570|73379180|128735.403508772|0
"170318381002"|0|1|0|0|0|0|0|1|1|1|1|0|0|1|0|11520|14430|NA|NA|NA|204|54|228|20291244|88996.6842105263|0
"170318391001"|0|1|3|0|0|0|0|4|2|2|0|0|1|1|0|NA|NA|NA|NA|NA|138|42|122|11202286|NA|0
"170318391002"|0|2|0|0|0|0|0|2|2|1|1|1|2|0|0|NA|NA|NA|NA|NA|34|2|18|964000|NA|0
"170318419001"|0|1|1|0|1|1|0|1|1|1|0|0|0|0|1|12105|26726|13799|23714|12000|4363|950|3410|410649110|120424.958944282|0
"170318419002"|0|1|0|0|0|0|0|1|1|0|0|1|1|0|0|NA|NA|NA|NA|NA|0|0|0|0|NA|0
"170318420001"|0|0|1|0|0|0|0|1|1|1|0|0|1|0|0|NA|NA|NA|NA|NA|113|10|98|12032388|122779.469387755|0
"170318420002"|0|2|2|0|0|0|0|2|2|2|0|0|1|1|0|76280|76280|35915|35915|NA|648|129|794|96143196|193329.954521964|0
"170318437001"|0|1|1|0|0|0|0|1|1|1|0|0|0|0|1|14560|14560|17072|17072|NA|82|1|124|11984208|96646.8387096774|0
"170338805003"|0|1|0|0|0|0|0|1|1|1|1|0|1|0|0|8902|10928|NA|NA|NA|28|15|28|1646946|58819.5|0
"170370003002"|0|1|0|0|0|0|0|1|1|1|1|0|0|1|0|8820|13230|NA|NA|NA|128|61|112|7329982|65446.2678571429|0
"170370008002"|0|1|0|0|0|0|0|1|1|0|0|1|1|0|0|NA|NA|NA|NA|NA|0|0|0|0|NA|0
"170370013005"|0|1|0|0|0|0|0|1|1|0|0|1|1|0|0|NA|NA|NA|NA|NA|0|0|0|0|NA|0
"170370022001"|0|1|1|0|0|0|0|1|1|1|0|0|0|0|1|9466|9466|8858|8858|10880|1904|660|1574|134514084|85460.0279542567|0
"170438409061"|0|1|1|0|0|0|0|1|1|1|0|0|0|0|1|19226|19226|13000|13000|NA|0|0|0|0|NA|0
"170438409104"|0|1|0|0|0|0|0|1|1|0|0|1|1|0|0|NA|NA|NA|NA|NA|0|0|0|0|NA|0
"170438411081"|0|1|0|0|0|0|0|1|1|0|0|1|1|0|0|NA|NA|NA|NA|NA|0|0|0|0|NA|0
"170438411112"|0|1|0|0|0|0|0|1|1|0|0|1|1|0|0|NA|NA|NA|NA|NA|0|0|0|0|NA|0
"170438419022"|0|1|1|0|0|0|0|1|1|1|0|0|0|1|0|39100|39100|17424|17424|10990|508|157|446|38153500|85545.9641255605|0
"170438427101"|0|1|0|0|0|0|0|1|1|1|1|0|0|0|1|8764|10864|NA|NA|NA|697|279|534|58008638|108630.4082397|0
"170438429003"|0|1|1|0|0|0|0|1|1|1|0|0|0|1|0|38354|38354|32000|32000|10776|251|122|316|23579666|74619.1962025316|0
"170438433013"|0|1|0|0|0|0|0|1|1|0|0|1|1|0|0|NA|NA|NA|NA|NA|0|0|0|0|NA|0
"170438442011"|0|1|1|0|0|0|0|1|1|1|0|0|1|0|0|19668|19668|24716|24716|NA|91|20|118|7630760|64667.4576271186|0
"170438443081"|0|1|0|0|0|0|0|1|1|0|0|1|1|0|0|NA|NA|NA|NA|NA|0|0|0|0|NA|0
"170438443101"|0|1|0|0|0|0|0|1|1|0|0|1|1|0|0|NA|NA|NA|NA|NA|0|0|0|0|NA|0
"170438444021"|0|1|0|0|0|0|0|1|1|0|0|1|1|0|0|NA|NA|NA|NA|NA|0|0|0|0|NA|0
"170438444022"|0|0|1|0|1|1|0|1|1|1|0|0|0|1|0|NA|NA|44824|44824|NA|404|85|310|43722486|141040.277419355|0
"170438446011"|0|1|0|0|0|0|0|1|1|0|0|1|1|0|0|NA|NA|NA|NA|NA|0|0|0|0|NA|0
"170438449023"|0|1|0|0|0|0|0|1|1|0|0|1|1|0|0|NA|NA|NA|NA|NA|0|0|0|0|NA|0
"170438456021"|0|1|0|0|0|0|0|1|1|0|0|1|1|0|0|NA|NA|NA|NA|NA|0|0|0|0|NA|0
"170438459021"|0|1|0|0|0|0|0|1|1|0|0|1|1|0|0|NA|NA|NA|NA|NA|0|0|0|0|NA|0
"170438460023"|0|0|1|0|0|0|0|1|1|1|0|0|1|0|0|NA|NA|13554|13554|NA|10|2|6|572594|95432.3333333333|0
"170438461021"|0|1|0|0|0|0|0|1|1|0|0|1|0|1|0|NA|NA|NA|NA|NA|0|0|0|0|NA|0
"170438461033"|0|1|1|0|0|0|0|1|1|1|0|0|0|1|0|41000|41000|15822|15822|11782|261|87|320|25287158|79022.36875|0
"170438461061"|0|1|1|0|0|0|0|1|1|0|0|0|0|0|0|NA|NA|NA|NA|NA|799|18|0|0|NA|0
"170438462023"|0|1|1|0|0|0|0|1|1|1|0|0|0|1|0|30830|30830|18574|18574|9956|269|105|282|22125924|78460.7234042553|0
"170579534002"|0|1|0|0|0|0|0|1|1|0|0|1|1|0|0|NA|NA|NA|NA|NA|0|0|0|0|NA|0
"170579535002"|0|1|0|0|0|0|0|1|1|0|0|1|1|0|0|5644|5644|NA|NA|7022|0|0|0|0|NA|0
"170579535003"|0|1|0|0|0|0|0|1|1|1|1|0|0|1|0|9840|10920|NA|NA|NA|76|39|64|3832490|59882.65625|0
"170770117022"|0|2|2|0|1|1|0|2|2|1|0|0|0|0|1|NA|NA|NA|NA|NA|1893|660|1350|95288282|NA|0
"170810504003"|0|1|0|0|0|0|0|1|1|1|1|0|0|1|0|5250|6000|NA|NA|NA|120|39|102|6963854|68273.0784313725|0
"170830103003"|0|1|0|0|0|0|0|1|0|1|0|0|1|0|0|29970|29970|NA|NA|12270|187|44|126|9020330|71589.9206349206|0
"170898510003"|0|1|1|0|0|0|0|1|1|1|0|0|0|1|0|28840|28840|18400|18400|10790|100|30|98|5776934|58948.306122449|0
"170898519081"|0|1|0|0|0|0|0|1|1|1|1|0|0|1|0|7128|9504|NA|NA|NA|361|119|266|26773492|100652.22556391|0
"170898519111"|0|1|0|0|0|0|0|1|1|0|0|1|1|0|0|NA|NA|NA|NA|NA|0|0|0|0|NA|0
"170898539003"|0|1|1|0|0|0|0|1|1|1|0|0|0|1|0|25600|25600|13200|13200|10474|279|99|264|20496716|77639.0757575758|0
"170898545041"|0|1|0|0|0|0|0|1|1|1|1|0|0|1|0|9079|9884|NA|NA|NA|301|105|186|16872312|90711.3548387097|0
"170910107013"|0|1|0|0|0|0|0|1|1|0|0|1|1|0|0|NA|NA|NA|NA|NA|0|0|0|0|NA|0
"170910120002"|0|1|1|0|0|0|0|1|1|1|0|0|0|1|0|35960|35960|13393|13393|8990|324|106|248|16441170|66295.0403225807|0
"170910125001"|0|1|0|0|0|0|0|1|1|1|1|0|0|1|0|12630|24990|NA|NA|NA|139|52|126|8775152|69644.0634920635|0
"170938901062"|0|1|0|0|0|0|0|1|1|0|0|1|1|0|0|NA|NA|NA|NA|NA|0|0|0|0|NA|0
"170950004001"|0|1|0|0|0|0|0|1|1|1|1|0|0|1|0|7140|7952|NA|NA|NA|111|34|80|4758980|59487.25|0
"170950008002"|0|1|0|0|0|0|0|1|1|1|0|0|0|1|0|49185|49185|NA|NA|10170|234|56|210|13377790|63703.7619047619|0
"170978611062"|0|1|0|0|0|0|0|1|1|1|1|0|0|0|1|9016|12208|NA|NA|NA|506|164|412|43163776|104766.446601942|0
"170978619023"|0|1|0|0|0|0|0|1|1|0|0|1|1|0|0|NA|NA|NA|NA|NA|0|0|0|0|NA|0
"170978630041"|0|0|1|0|0|1|0|1|1|1|0|0|0|1|0|NA|NA|36390|36390|NA|261|83|204|26712972|130945.941176471|0
"170978634002"|0|1|1|0|0|0|0|1|1|1|0|0|0|1|0|48920|48920|14896|14896|10954|176|52|208|16305848|78393.5|0
"170978638012"|0|1|0|0|0|0|0|1|1|0|0|1|1|0|0|NA|NA|NA|NA|NA|0|0|0|0|NA|0
"170978639023"|0|1|0|0|0|0|0|1|1|0|0|1|1|0|0|NA|NA|NA|NA|NA|0|0|0|0|NA|0
"170978640013"|0|0|1|0|0|0|0|1|1|1|0|0|1|0|0|NA|NA|30244|30244|NA|58|7|40|2383924|59598.1|0
"170978648011"|0|1|1|0|0|0|0|1|1|1|0|0|0|1|0|32398|32398|17280|17280|11310|126|37|146|10092024|69123.4520547945|0
"170978662003"|0|0|1|0|0|0|0|1|1|1|0|0|1|0|0|NA|NA|NA|NA|NA|37|0|4|429534|107383.5|0
"170999630001"|0|1|0|0|0|0|0|1|1|0|0|1|1|0|0|NA|NA|NA|NA|NA|0|0|0|0|NA|0
"170999632003"|0|1|0|0|0|0|0|1|1|1|1|0|0|1|0|13000|14000|NA|NA|NA|102|39|152|11249568|74010.3157894737|0
"171030005004"|0|1|0|0|0|0|0|1|1|1|1|0|0|1|0|11588|12218|NA|NA|NA|95|29|94|5679778|60423.170212766|0
"171079529003"|0|1|1|0|0|0|0|1|1|1|0|0|1|0|0|13980|13980|8388|8388|7790|57|10|44|2294972|52158.4545454545|0
"171079531002"|0|1|1|0|0|0|0|1|1|1|0|0|1|0|0|18300|18300|NA|NA|8200|129|32|60|2965530|49425.5|0
"171099800001"|0|1|1|0|0|0|0|1|1|1|0|0|0|1|0|8712|8712|8156|8156|9800|752|215|882|73614126|83462.7278911565|0
"171118708081"|0|1|0|0|0|0|0|1|1|0|0|1|1|0|0|NA|NA|NA|NA|NA|0|0|0|0|NA|0
"171118709061"|0|1|0|0|0|0|0|1|1|1|1|0|0|1|0|11345|14104|NA|NA|NA|188|61|178|17473724|98166.9887640449|0
"171118712013"|0|1|0|0|0|0|0|1|1|0|0|1|1|0|0|NA|NA|NA|NA|NA|0|0|0|0|NA|0
"171130001081"|0|1|0|0|0|0|0|1|1|0|0|1|1|0|0|NA|NA|NA|NA|NA|0|0|0|0|NA|0
"171130001083"|0|1|0|0|0|0|0|1|1|1|1|0|0|1|0|9300|13950|NA|NA|NA|213|47|160|10488706|65554.4125|0
"171130002001"|0|1|1|0|0|0|0|1|1|1|0|0|0|0|1|10741|19904|7892|9504|9850|2276|418|1830|139761312|76372.3016393443|0
"171130005041"|0|1|0|0|0|0|0|1|1|0|0|1|1|0|0|NA|NA|NA|NA|NA|0|0|0|0|NA|0
"171130013021"|0|1|0|0|0|0|0|1|1|1|0|0|0|1|0|51132|51132|NA|NA|11840|276|105|238|18098472|76044|0
"171130017003"|0|1|0|0|0|0|0|1|1|0|0|1|1|0|0|NA|NA|NA|NA|NA|0|0|0|0|NA|0
"171150002002"|0|1|0|0|0|0|0|1|0|0|0|0|0|0|0|NA|NA|NA|NA|NA|0|0|0|0|NA|0
"171150016002"|0|1|1|0|0|0|0|1|1|1|0|0|0|1|0|38800|38800|23733|23733|12210|180|94|296|19371090|65442.8716216216|0
"171150022005"|0|1|0|0|0|0|0|1|1|1|1|0|0|1|0|5790|13950|NA|NA|NA|116|36|116|7405354|63839.2586206897|0
"171150031001"|0|1|0|0|0|0|0|1|1|0|0|1|1|0|0|NA|NA|NA|NA|NA|0|0|0|0|NA|0
"171179563003"|0|1|0|0|0|0|0|1|1|1|0|0|1|0|0|24950|24950|NA|NA|8600|60|19|72|4226256|58698|0
"171194027013"|0|1|0|0|0|0|0|1|1|0|0|1|1|0|0|NA|NA|NA|NA|NA|0|0|0|0|NA|0
"171194027212"|0|1|0|0|0|0|0|1|1|1|1|0|0|1|0|9000|12000|NA|NA|NA|208|68|200|15641160|78205.8|0
"171194031011"|0|1|1|0|0|1|0|1|1|1|0|0|0|0|1|8559|8559|7127|7127|9881|1471|483|1262|104822208|83060.3866877971|0
"171336004011"|0|1|0|0|0|0|0|1|1|0|0|1|1|0|0|NA|NA|NA|NA|NA|0|0|0|0|NA|0
"171336005021"|0|1|0|0|0|0|0|1|1|0|0|1|1|0|0|NA|NA|NA|NA|NA|0|0|0|0|NA|0
"171359578003"|0|1|0|0|0|0|0|1|1|0|0|1|1|0|0|NA|NA|NA|NA|NA|0|0|0|0|NA|0
"171379516002"|0|1|0|0|0|0|0|1|0|0|0|0|0|0|0|NA|NA|NA|NA|NA|0|0|0|0|NA|0
"171379518002"|0|1|1|0|0|0|0|1|1|1|0|0|0|1|0|34070|34070|NA|NA|9374|173|55|156|10006102|64141.6794871795|0
"171379521002"|0|1|0|0|0|0|0|1|1|0|0|1|0|0|0|NA|NA|NA|NA|NA|0|0|0|0|NA|0
"171430016003"|0|1|1|0|0|0|0|1|1|1|0|0|1|0|0|21287|21287|8460|8460|NA|20|3|74|5320128|71893.6216216216|0
"171430020002"|0|1|1|0|0|0|0|1|1|1|0|0|0|1|0|35060|35060|16740|16740|11280|516|170|628|51789868|82467.9426751592|0
"171430029002"|0|1|0|0|0|0|0|1|1|0|0|1|1|0|0|NA|NA|NA|NA|NA|0|0|0|0|NA|0
"171430041011"|0|1|1|0|0|0|0|1|1|1|0|0|1|0|0|16248|16248|14850|14850|12800|47|5|80|5073174|63414.675|0
"171539710002"|0|1|0|0|0|0|0|1|1|1|1|0|0|1|0|5640|6270|NA|NA|NA|65|36|62|4165622|67187.4516129032|0
"171599780001"|0|1|0|0|0|0|0|1|1|1|1|0|1|0|0|8902|10928|NA|NA|NA|41|18|82|4786510|58372.0731707317|0
"171599782001"|0|1|0|0|0|0|0|1|1|0|0|0|0|0|0|NA|NA|NA|NA|NA|44|23|0|0|NA|0
"171610211002"|0|1|0|0|0|0|0|1|1|1|1|0|0|1|0|7500|7650|NA|NA|NA|187|71|188|11869486|63135.5638297872|0
"171610218001"|0|1|0|0|0|0|0|1|1|0|0|1|1|0|0|NA|NA|NA|NA|NA|0|0|0|0|NA|0
"171610228004"|0|1|1|0|0|0|0|1|1|1|0|0|0|1|0|45136|45136|33000|33000|11216|334|114|390|28023904|71856.1641025641|0
"171610232003"|0|1|1|0|0|0|0|1|1|1|0|0|1|0|0|24989|24989|28833|28833|NA|10|2|24|1481252|61718.8333333333|0
"171635039081"|0|1|0|0|0|0|0|1|1|1|1|0|0|1|0|6120|5670|NA|NA|NA|252|95|272|18588732|68340.9264705882|0
"171635043593"|0|1|1|0|0|0|0|1|1|1|0|0|0|1|0|31100|31100|9324|9324|10970|146|69|166|10246170|61723.9156626506|0
"171659562001"|0|1|0|0|0|0|0|1|1|1|1|0|0|1|0|5160|5400|NA|NA|NA|57|21|66|3869714|58632.0303030303|0
"171670005012"|0|1|0|0|0|0|0|1|1|0|0|1|1|0|0|NA|NA|NA|NA|NA|0|0|0|0|NA|0
"171670009001"|0|1|1|0|0|0|0|1|1|1|0|0|1|0|0|23850|23850|16488|16488|NA|5|0|36|2998956|83304.3333333333|0
"171670020021"|0|1|0|0|0|0|0|1|1|0|0|1|1|0|0|NA|NA|NA|NA|NA|0|0|0|0|NA|0
"171670030001"|0|3|1|0|0|0|0|3|3|2|1|1|1|2|0|NA|NA|NA|NA|NA|792|252|640|51051106|NA|0
"171770010003"|0|1|0|0|0|0|0|1|1|1|1|0|0|1|0|5856|5856|NA|NA|NA|87|38|102|8532050|83647.5490196078|0
"171790203012"|0|1|0|0|0|0|0|1|1|0|0|1|1|0|0|NA|NA|NA|NA|NA|0|0|0|0|NA|0
"171790203022"|0|1|0|0|0|0|0|1|1|0|0|1|1|0|0|NA|NA|NA|NA|NA|0|0|0|0|NA|0
"171790212011"|0|1|0|0|0|0|0|1|1|1|1|0|0|1|0|9240|11310|NA|NA|NA|292|92|334|23441646|70184.5688622755|0
"171830008001"|0|1|0|0|0|0|0|1|1|1|0|0|1|0|0|16100|16100|NA|NA|NA|10|2|32|2211992|69124.75|0
"171830107013"|0|1|0|0|0|0|0|1|1|0|0|1|1|0|0|NA|NA|NA|NA|NA|0|0|0|0|NA|0
"171830112003"|0|1|0|0|0|0|0|1|1|1|1|0|0|1|0|7500|7500|NA|NA|NA|127|54|122|7378840|60482.2950819672|0
"171859573003"|0|1|0|0|0|0|0|1|1|1|1|0|0|1|0|8902|10928|NA|NA|NA|35|15|56|3327134|59413.1071428571|0
"171878704002"|0|1|0|0|0|0|0|1|1|1|0|0|1|0|0|41330|41330|NA|NA|9630|139|57|178|10868196|61057.2808988764|0
"171919552002"|0|1|0|0|0|0|0|1|1|1|1|0|0|1|0|8902|10928|NA|NA|NA|37|19|12|729414|60784.5|0
"171950003002"|0|1|0|0|0|0|0|1|1|1|1|0|1|0|0|16000|16000|NA|NA|6563|8|0|14|779328|55666.2857142857|0
"171950011022"|0|1|0|0|0|0|0|1|1|0|0|1|1|0|0|NA|NA|NA|NA|NA|0|0|0|0|NA|0
"171978811162"|0|1|0|0|0|0|0|1|1|0|0|1|1|0|0|NA|NA|NA|NA|NA|0|0|0|0|NA|0
"171978827021"|0|1|1|0|0|0|0|1|1|1|0|0|0|1|0|35000|35000|13464|13464|10210|170|51|192|13859768|72186.2916666667|0
"171978832063"|0|1|0|0|0|0|0|1|1|0|0|1|1|0|0|NA|NA|NA|NA|NA|0|0|0|0|NA|0
"171978832113"|0|1|0|0|0|0|0|1|1|1|1|0|0|0|1|3390|3390|NA|NA|NA|404|182|416|42762642|102794.8125|0
"171978832191"|0|1|0|0|0|0|0|1|1|0|0|1|1|0|0|NA|NA|NA|NA|NA|0|0|0|0|NA|0
"171978836061"|0|1|1|0|0|0|0|1|1|1|0|0|0|1|0|7512|15024|6354|12708|10468|429|131|482|39300934|81537.2074688797|0
"171978841013"|0|1|1|0|0|0|0|1|1|1|0|0|0|1|0|34268|34268|14580|14580|11050|351|131|448|37538142|83790.4955357143|0
"171990202011"|0|1|0|0|0|0|0|1|1|1|1|0|0|1|0|5190|6270|NA|NA|NA|206|112|142|10071274|70924.4647887324|0
"172010005022"|0|1|0|0|0|0|0|1|1|0|0|1|1|0|0|NA|NA|NA|NA|NA|0|0|0|0|NA|0
"172010005023"|0|1|0|0|0|0|0|1|1|1|1|0|1|0|0|16249|16249|NA|NA|NA|26|8|56|3056994|54589.1785714286|0
"172010005071"|0|1|1|0|0|0|0|1|1|1|0|0|0|1|0|32800|32800|13140|13140|9770|99|47|138|7458190|54044.8550724638|0
"172010005101"|0|2|1|0|0|0|0|2|2|2|1|0|1|1|0|35134|42814|NA|NA|NA|265|134|290|20821886|146180.000739098|0
"172010005102"|0|1|0|0|0|0|0|1|1|0|0|1|1|0|0|NA|NA|NA|NA|NA|0|0|0|0|NA|0
"172010005112"|0|1|1|0|0|0|0|1|1|1|0|0|0|1|0|11275|11275|8703|8703|NA|140|8|96|8094884|84321.7083333333|0
"172030306013"|0|1|0|0|0|0|0|1|1|1|0|0|1|0|0|27450|27450|NA|NA|10005|67|17|68|3438750|50569.8529411765|0
"180030009004"|0|1|1|0|0|0|0|1|1|1|0|0|0|1|0|31144|31144|11448|11448|10340|161|50|234|16214262|69291.717948718|0
"180030033042"|0|1|0|0|0|0|0|1|1|1|1|0|1|0|0|NA|NA|NA|NA|NA|0|0|8|364634|45579.25|0
"180030033043"|0|1|0|0|0|0|0|1|1|0|0|1|1|0|0|NA|NA|NA|NA|NA|0|0|0|0|NA|0
"180030041011"|0|0|1|0|0|0|0|1|1|1|0|0|1|0|0|NA|NA|31005|31005|NA|79|20|46|3133758|68125.1739130435|0
"180030043002"|0|2|1|0|0|0|0|2|2|2|0|0|0|2|0|37754|37754|NA|NA|NA|273|100|136|10226990|NA|0
"180030107071"|0|1|1|0|0|0|0|1|1|1|0|0|0|1|0|9576|9576|10350|10350|NA|0|0|0|0|NA|0
"180030108082"|0|1|0|0|0|0|0|1|1|0|0|1|1|0|0|NA|NA|NA|NA|NA|0|0|0|0|NA|0
"180030116042"|0|1|0|0|0|0|0|1|0|0|0|0|0|0|0|NA|NA|NA|NA|NA|0|0|0|0|NA|0
"180039800011"|0|1|1|0|0|0|0|1|1|1|0|0|0|1|0|7593|19824|5776|13936|8765|594|195|658|42983124|65323.896656535|0
"180190503032"|0|1|0|0|0|0|0|1|1|0|0|1|1|0|0|NA|NA|NA|NA|NA|0|0|0|0|NA|0
"180190505031"|0|1|0|0|0|0|0|1|1|0|0|1|1|0|0|NA|NA|NA|NA|NA|0|0|0|0|NA|0
"180190505041"|0|1|0|0|0|0|0|1|1|1|0|0|1|0|0|11700|11700|NA|NA|NA|0|0|20|1e+06|50000|0
"180190506032"|0|1|0|0|0|0|0|1|1|1|1|0|1|0|0|NA|NA|NA|NA|NA|10|0|16|880400|55025|0
"180290804002"|0|1|1|0|0|0|0|1|1|1|0|0|1|0|0|6216|6216|5202|5202|NA|8|0|14|358308|25593.4285714286|0
"180350009022"|0|1|1|0|0|0|0|1|1|1|0|0|0|0|1|9482|26470|9328|25542|10796|2057|598|2094|150150218|71704.9751671442|0
"180350020001"|0|1|0|0|0|0|0|1|1|0|0|1|1|0|0|NA|NA|NA|NA|NA|0|0|0|0|NA|0
"180390004002"|0|1|1|0|0|0|0|1|1|1|0|0|1|0|0|35230|35230|29098|29098|10870|141|39|126|7489284|59438.7619047619|0
"180390022021"|0|0|1|0|0|0|0|1|1|1|0|0|1|0|0|NA|NA|16500|16500|NA|21|5|18|1079706|59983.6666666667|0
"180430710072"|0|1|1|0|0|0|0|1|1|1|0|0|0|1|0|7067|19926|7482|17627|10382|223|95|382|27640534|72357.4188481675|0
"180510503004"|0|1|1|0|0|0|0|1|1|1|0|0|0|1|0|24990|24990|9300|9300|10400|225|35|68|3582280|52680.5882352941|0
"180530008002"|0|1|1|0|0|0|0|1|1|1|0|0|0|1|0|28184|28184|13512|13512|9206|793|218|566|38311706|67688.5265017668|0
"180530102001"|0|1|1|0|0|0|0|1|1|1|0|0|0|0|1|8871|8871|11083|11083|NA|0|0|0|0|NA|0
"180530107002"|0|1|1|0|0|0|0|1|1|1|0|0|0|1|0|36535|36535|12700|12700|10299|239|113|264|16777718|63551.9621212121|0
"180571104011"|0|1|0|0|0|0|0|1|1|1|0|0|1|0|0|5760|5760|NA|NA|4890|21|13|12|65600|5466.66666666667|0
"180571108101"|0|1|0|0|0|0|0|1|1|0|0|1|1|0|0|NA|NA|NA|NA|NA|0|0|0|0|NA|0
"180571111043"|0|1|0|0|0|0|0|1|1|0|0|1|1|0|0|NA|NA|NA|NA|NA|0|0|0|0|NA|0
"180670011001"|0|2|1|0|0|0|0|2|2|2|1|0|1|1|0|NA|NA|NA|NA|NA|169|60|254|16048614|109003.356|0
"180670013002"|0|1|0|0|0|0|0|1|1|0|0|1|1|0|0|NA|NA|NA|NA|NA|0|0|0|0|NA|0
"180699615002"|0|1|1|0|0|0|0|1|1|1|0|0|0|1|0|25956|25956|11208|11208|8888|95|44|142|8671008|61063.4366197183|0
"180779663003"|0|1|0|0|0|0|0|1|1|1|0|0|0|1|0|38880|38880|NA|NA|12300|159|55|178|12899620|72469.7752808989|0
"180816110003"|0|1|1|0|0|0|0|1|1|1|0|0|1|0|0|33754|33754|39114|39114|10546|160|51|150|9140750|60938.3333333333|0
"180839553002"|0|1|0|0|0|0|0|1|1|1|0|0|0|0|1|5743|14273|NA|NA|10590|527|275|360|19603016|54452.8222222222|0
"180839555001"|0|1|0|0|0|0|0|1|1|0|0|1|1|0|0|NA|NA|NA|NA|NA|0|0|0|0|NA|0
"180859621023"|0|1|1|0|0|0|0|1|1|1|0|0|0|1|0|23304|23304|7872|7872|9828|113|32|98|6371240|65012.6530612245|0
"180890124001"|0|1|1|0|0|0|0|1|1|1|0|0|0|1|0|7067|19926|7482|17627|NA|228|93|276|20192602|73161.6014492754|0
"180890127003"|0|1|0|0|0|0|0|1|1|0|0|1|1|0|0|NA|NA|NA|NA|NA|0|0|0|0|NA|0
"180890202001"|0|1|1|0|0|0|0|1|1|1|0|0|1|0|0|19900|19900|18400|18400|5700|48|9|46|2571290|55897.6086956522|0
"180890207005"|0|1|0|0|0|0|0|1|1|0|0|1|1|0|0|NA|NA|NA|NA|NA|0|0|0|0|NA|0
"180890209003"|0|1|1|0|0|0|0|1|1|1|0|0|0|1|0|6915|13472|6068|11244|7821|593|210|534|43227930|80951.1797752809|0
"180890406003"|0|1|0|0|0|0|0|1|1|0|0|1|1|0|0|NA|NA|NA|NA|NA|0|0|0|0|NA|0
"180890425031"|0|1|0|0|0|0|0|1|1|0|0|1|1|0|0|NA|NA|NA|NA|NA|0|0|0|0|NA|0
"180890425081"|0|1|0|0|0|0|0|1|1|0|0|1|1|0|0|NA|NA|NA|NA|NA|0|0|0|0|NA|0
"180890425091"|0|1|1|0|0|0|0|1|1|1|0|0|1|0|0|14588|14588|17072|17072|NA|3|0|4|315580|78895|0
"180890427042"|0|1|0|0|0|0|0|1|1|0|0|1|1|0|0|NA|NA|NA|NA|NA|0|0|0|0|NA|0
"180950011001"|0|1|1|0|0|0|0|1|1|1|0|0|0|1|0|31470|31470|10785|10785|10840|179|79|208|11919242|57304.0480769231|0
"180950020002"|0|1|0|0|0|0|0|1|1|0|0|1|1|0|0|NA|NA|NA|NA|NA|0|0|0|0|NA|0
"180950106006"|0|1|0|0|0|0|0|1|1|0|0|1|1|0|0|NA|NA|NA|NA|NA|0|0|0|0|NA|0
"180973101043"|0|2|0|0|0|0|0|2|2|1|1|0|1|0|0|NA|NA|NA|NA|NA|13|4|18|1215000|NA|0
"180973101061"|0|1|0|0|0|0|0|1|1|0|0|1|1|0|0|NA|NA|NA|NA|NA|0|0|0|0|NA|0
"180973102011"|0|1|0|0|0|0|0|1|1|1|1|0|1|0|0|NA|NA|NA|NA|NA|50|12|60|3311126|55185.4333333333|0
"180973202052"|0|2|1|0|0|0|0|2|2|2|0|0|1|0|1|28980|32256|NA|NA|NA|293|3|670|38179338|NA|0
"180973219002"|0|1|1|0|0|0|0|1|1|1|0|0|0|1|0|42410|42410|13716|13716|14380|603|158|736|65162564|88536.0923913044|0
"180973220003"|0|0|1|0|0|0|0|1|1|1|0|0|1|0|0|NA|NA|12780|12780|NA|47|12|22|1760178|80008.0909090909|0
"180973301051"|0|1|0|0|0|0|0|1|1|1|1|0|1|0|0|13960|13960|NA|NA|9260|20|5|30|1663008|55433.6|0
"180973301052"|0|1|0|0|0|0|0|1|1|0|0|1|1|0|0|NA|NA|NA|NA|NA|0|0|0|0|NA|0
"180973302041"|0|1|1|0|0|0|0|1|1|1|0|0|1|0|0|9000|9000|14400|14400|NA|0|0|0|0|NA|0
"180973402024"|0|1|0|0|0|0|0|1|1|0|0|1|1|0|0|NA|NA|NA|NA|NA|0|0|0|0|NA|0
"180973405001"|0|1|1|0|0|1|0|1|1|1|0|0|0|1|0|36000|36000|19720|19720|10960|276|128|316|21558136|68221.9493670886|0
"180973406002"|0|1|0|0|0|0|0|1|1|0|0|1|1|0|0|NA|NA|NA|NA|NA|0|0|0|0|NA|0
"180973421012"|0|1|0|0|0|0|0|1|1|0|0|1|1|0|0|16520|16520|NA|NA|NA|0|0|0|0|NA|0
"180973422001"|0|1|0|0|0|0|0|1|1|0|0|1|1|0|0|NA|NA|NA|NA|NA|0|0|0|0|NA|0
"180973515003"|0|1|0|0|0|0|0|1|1|1|1|0|0|0|1|4487|8777|NA|NA|NA|1955|947|2350|121036500|51504.8936170213|0
"180973521003"|0|1|1|0|0|0|0|1|1|1|0|0|1|0|0|12840|12840|11700|11700|NA|38|2|12|712848|59404|0
"180973803021"|0|1|1|0|0|0|0|1|1|1|0|0|0|1|0|30888|30888|38452|38452|10972|392|148|604|42765868|70804.4172185431|0
"180973809012"|0|1|0|0|0|0|0|1|1|0|0|1|1|0|0|NA|NA|NA|NA|NA|0|0|0|0|NA|0
"180973812042"|0|1|0|0|0|0|0|1|1|0|0|1|1|0|0|NA|NA|NA|NA|NA|0|0|0|0|NA|0
"180973910011"|0|1|1|0|0|1|0|1|1|1|0|0|0|0|1|8795|30477|9090|24864|10152|2730|833|2016|180416896|89492.5079365079|0
"180973910022"|0|1|1|0|0|0|0|1|0|1|0|0|0|1|0|5160|5160|5640|5640|NA|155|3|180|8122570|45125.3888888889|0
"180990203012"|0|1|0|0|0|0|0|1|1|1|1|0|1|0|0|18700|18700|NA|NA|9850|37|19|40|2199036|54975.9|0
"181050002022"|0|1|1|0|0|0|0|1|1|1|0|0|0|0|1|9815|36194|9786|31932|11206|7193|2076|4162|452863252|108809.046612206|0
"181050006021"|0|1|0|0|0|0|0|1|1|0|0|1|1|0|0|NA|NA|NA|NA|NA|0|0|0|0|NA|0
"181079570005"|0|1|0|0|0|0|0|1|1|1|0|0|1|0|0|45000|45000|NA|NA|10900|178|81|180|14527230|80706.8333333333|0
"181270509012"|0|1|0|0|0|0|0|1|1|1|1|0|1|0|0|9000|9000|NA|NA|NA|4|0|8|440352|55044|0
"181270509021"|0|1|1|0|0|0|0|1|1|1|0|0|0|1|0|41940|41940|11700|11700|12620|423|116|484|33342000|68888.4297520661|0
"181339563011"|0|1|0|0|0|0|0|1|1|1|0|0|0|1|0|51736|51736|NA|NA|13788|354|120|400|33121212|82803.03|0
"181410015001"|0|1|1|0|0|0|0|1|1|1|0|0|0|1|0|7067|19926|7482|17627|8958|271|108|468|31365058|67019.3547008547|0
"181410017001"|0|1|1|0|0|0|0|1|1|1|0|0|1|0|0|16000|16000|23111|23111|NA|8|2|4|424000|106000|0
"181410106004"|0|1|1|0|0|0|0|1|1|1|0|0|0|1|0|29250|29250|8900|8900|9310|134|49|122|6425660|52669.3442622951|0
"181410112032"|0|1|1|0|0|0|0|1|1|1|0|0|0|0|1|57192|57192|57050|57050|15984|4785|857|2420|328564382|135770.405785124|0
"181410112033"|0|2|1|0|0|0|0|2|2|2|0|0|1|1|0|76760|76760|NA|NA|25120|294|93|328|21919360|123267.95134443|0
"181410114032"|0|1|0|0|0|0|0|1|1|1|1|0|1|0|0|NA|NA|NA|NA|NA|3|0|6|249600|41600|0
"181479527011"|0|0|1|0|0|0|0|1|1|1|0|0|1|0|0|NA|NA|29100|29100|NA|113|34|24|1846148|76922.8333333333|0
"181499540004"|0|1|0|0|0|0|0|1|1|0|0|1|1|0|0|NA|NA|NA|NA|NA|0|0|0|0|NA|0
"181519714004"|0|1|1|0|0|0|0|1|1|1|0|0|0|1|0|32990|32990|41457|41457|11380|247|0|252|17946876|71217.7619047619|0
"181570004002"|0|1|0|0|0|0|0|1|1|0|0|1|1|0|0|18650|18650|NA|NA|NA|0|0|0|0|NA|0
"181570017021"|0|1|0|0|0|0|0|1|1|0|0|1|1|0|0|NA|NA|NA|NA|NA|0|0|0|0|NA|0
"181570054012"|0|1|1|0|0|1|0|1|1|1|0|0|0|0|1|9208|28010|9208|28010|10030|8357|1742|4078|478721672|117391.287886219|0
"181570108001"|0|1|0|0|0|0|0|1|1|0|0|1|1|0|0|NA|NA|NA|NA|NA|0|0|0|0|NA|0
"181630003003"|0|1|1|0|0|0|0|1|1|1|0|0|0|1|0|37500|37500|12828|12828|13090|276|138|330|23277540|70538|0
"181630018001"|0|1|0|0|0|0|0|1|1|0|0|1|1|0|0|NA|NA|NA|NA|NA|0|0|0|0|NA|0
"181630101011"|0|2|0|0|0|0|0|2|2|0|0|2|2|0|0|NA|NA|NA|NA|NA|0|0|0|0|NA|0
"181630104062"|0|1|1|0|0|0|0|1|1|1|0|0|0|0|1|8716|20252|10246|19469|9514|592|201|698|48620378|69656.7020057307|0
"181670014003"|0|1|0|0|0|0|0|1|1|0|0|1|1|0|0|NA|NA|NA|NA|NA|0|0|0|0|NA|0
"181670101004"|0|1|1|0|0|0|0|1|1|1|0|0|0|1|0|49479|49479|49479|49479|15690|325|76|374|37737286|100901.834224599|0
"181670103003"|0|1|1|0|0|0|0|1|1|1|0|0|0|1|0|29950|29950|12450|12450|11240|99|20|106|5488674|51779.9433962264|0
"181670111021"|0|1|1|0|0|0|0|1|1|1|0|0|0|0|1|9186|20290|7668|15066|11016|993|401|914|69313642|75835.4945295405|0
"181691022001"|0|1|1|0|0|0|0|1|1|1|0|0|0|1|0|33178|33178|23100|23100|10122|188|67|204|16196188|79393.0784313725|0
"181770004001"|0|1|1|0|0|0|0|1|1|1|0|0|0|1|0|7067|19926|7482|17627|NA|178|81|216|15016374|69520.25|0
"181770008001"|0|1|2|0|0|0|0|2|2|2|0|0|2|0|0|NA|NA|34400|34400|NA|186|83|208|13091798|136813.385416667|0
"181770011021"|0|1|0|0|0|0|0|1|1|0|0|1|1|0|0|NA|NA|NA|NA|NA|0|0|0|0|NA|0
"190130017021"|0|1|1|0|0|0|0|1|1|1|0|0|1|0|0|17864|17864|17300|17300|NA|30|7|86|6883578|80041.6046511628|0
"190130023012"|0|1|0|0|0|0|0|1|1|0|0|1|1|0|0|NA|NA|NA|NA|NA|0|0|0|0|NA|0
"190130023033"|0|1|1|0|0|0|0|1|1|1|0|0|0|1|0|7665|19949|9159|21375|9160|976|243|922|69119872|74967.3232104121|0
"190130025003"|0|1|0|0|0|0|0|1|1|0|0|1|1|0|0|NA|NA|NA|NA|NA|0|0|0|0|NA|0
"190130030012"|0|1|0|0|0|0|0|1|1|1|1|0|0|1|0|5530|6250|NA|NA|NA|214|43|206|12569018|61014.6504854369|0
"190170040002"|0|1|1|0|0|0|0|1|1|1|0|0|0|1|0|43500|43500|22500|22500|9592|220|93|166|10322358|62182.8795180723|0
"190219605001"|0|1|1|0|0|0|0|1|1|1|0|0|0|1|0|36426|36426|9936|9936|9537|197|76|122|7824760|64137.3770491803|0
"190219605003"|0|1|0|0|0|0|0|1|1|0|0|1|1|0|0|NA|NA|NA|NA|NA|0|0|0|0|NA|0
"190339504021"|0|1|0|0|0|0|0|1|1|0|0|1|1|0|0|NA|NA|NA|NA|NA|0|0|0|0|NA|0
"190339514001"|0|1|0|0|0|0|0|1|1|1|1|0|0|1|0|4973|7459|NA|NA|7342|152|68|134|8998486|67152.8805970149|0
"190490508161"|0|1|0|0|0|0|0|1|1|0|0|1|1|0|0|NA|NA|NA|NA|NA|0|0|0|0|NA|0
"190539602003"|0|1|1|0|0|0|0|1|1|1|0|0|0|1|0|30650|30650|17430|17430|9400|157|62|122|7370228|60411.7049180328|0
"190570008003"|0|1|0|0|0|0|0|1|1|1|1|0|0|1|0|5700|5850|NA|NA|8940|106|53|140|9217460|65839|0
"190594505011"|0|1|0|0|0|0|0|1|1|0|0|1|1|0|0|NA|NA|NA|NA|NA|0|0|0|0|NA|0
"190610001002"|0|1|0|0|0|0|0|1|1|0|0|1|1|0|0|NA|NA|NA|NA|NA|0|0|0|0|NA|0
"190610006003"|0|1|1|0|0|0|0|1|1|1|0|0|1|0|0|34650|34650|11937|11937|10200|154|70|158|9208128|58279.2911392405|0
"190610007011"|0|1|1|0|0|0|0|1|1|1|0|0|0|1|0|33500|33500|10800|10800|8600|208|79|198|11859656|59897.2525252525|0
"190610008012"|0|0|1|0|0|0|0|1|1|1|0|0|1|0|0|NA|NA|18400|18400|NA|23|5|24|1811460|75477.5|0
"190610009003"|0|1|1|0|0|0|0|1|1|1|0|0|0|1|0|34070|34070|13140|13140|10500|330|93|212|14633860|69027.641509434|0
"190610012011"|0|1|0|0|0|0|0|1|1|1|0|0|1|0|0|19250|19250|NA|NA|8850|32|8|44|1834964|41703.7272727273|0
"190610102023"|0|1|0|0|0|0|0|1|1|1|0|0|1|0|0|13600|13600|NA|NA|3900|27|12|34|1892436|55659.8823529412|0
"190630704001"|0|1|0|0|0|0|0|1|1|1|1|0|0|1|0|6016|6368|NA|NA|7060|134|45|138|8570506|62105.115942029|0
"190650802001"|0|1|1|0|0|0|0|1|1|1|0|0|0|1|0|31950|31950|19152|19152|9105|248|141|122|7472118|61246.868852459|0
"190834803004"|0|1|0|0|0|0|0|1|1|1|1|0|1|0|0|4344|5280|NA|NA|7000|44|8|52|3351166|64445.5|0
"190879703003"|0|1|1|0|0|0|0|1|1|1|0|0|1|0|0|24180|24180|6600|6600|11010|70|28|74|4018490|54303.9189189189|0
"190879704002"|0|1|0|0|0|0|0|1|1|0|0|1|1|0|0|NA|NA|NA|NA|NA|0|0|0|0|NA|0
"191010904002"|0|1|1|0|0|0|0|1|1|1|0|0|0|1|0|16000|16000|29000|29000|7400|217|81|200|8778158|43890.79|0
"191030011002"|0|1|0|0|0|0|0|1|1|0|0|1|1|0|0|NA|NA|NA|NA|NA|0|0|0|0|NA|0
"191030017001"|0|1|0|0|0|0|0|1|1|0|0|1|1|0|0|NA|NA|NA|NA|NA|0|0|0|0|NA|0
"191030021001"|0|1|1|0|1|1|0|1|1|1|0|0|0|0|1|8073|30036|10079|26026|11590|4882|650|2682|300927066|112202.485458613|0
"191050704012"|0|1|0|0|0|0|0|1|1|0|0|1|1|0|0|NA|NA|NA|NA|NA|0|0|0|0|NA|0
"191130013002"|0|1|1|0|0|0|0|1|1|1|0|0|0|1|0|34506|34506|10800|10800|10112|161|57|168|8292744|49361.5714285714|0
"191130019001"|0|2|0|0|0|0|0|2|2|1|0|1|1|1|0|50610|50610|NA|NA|NA|185|77|256|15449456|NA|0
"191130024003"|0|1|0|0|0|0|0|1|1|0|0|1|1|0|0|NA|NA|NA|NA|NA|0|0|0|0|NA|0
"191130030031"|0|1|0|0|0|0|0|1|1|1|1|0|0|0|1|5040|6636|NA|NA|NA|539|142|522|37967210|72734.1187739464|0
"191130108022"|0|1|1|0|0|0|0|1|1|1|0|0|0|1|0|45288|45288|13500|13500|10150|168|65|166|11253178|67790.2289156627|0
"191239506003"|0|1|1|0|0|0|0|1|1|1|0|0|0|1|0|26600|26600|10500|10500|7176|90|42|94|4823354|51312.2765957447|0
"191250303001"|0|1|0|0|0|0|0|1|1|1|0|0|0|1|0|18600|18600|NA|NA|10280|225|71|198|13278882|67065.0606060606|0
"191279510003"|0|1|0|0|0|0|0|1|1|1|1|0|0|1|0|4344|4680|NA|NA|7690|106|34|96|6643990|69208.2291666667|0
"191530005002"|0|1|1|0|0|0|0|1|1|1|0|0|0|1|0|29076|29076|9000|9000|9920|152|63|178|10803432|60693.4382022472|0
"191530011004"|0|1|1|0|0|0|0|1|1|1|0|0|0|1|0|44188|44188|11682|11682|11152|684|281|600|50369344|83948.9066666667|0
"191530032002"|0|0|1|0|0|1|0|1|1|1|0|0|0|1|0|NA|NA|18927|18927|NA|224|76|18|1843418|102412.111111111|0
"191530051011"|0|1|0|0|0|0|0|1|1|1|0|0|1|0|0|18332|18332|NA|NA|NA|51|10|122|8689272|71223.5409836066|0
"191530051012"|0|1|0|0|0|0|0|1|1|0|0|1|1|0|0|3600|3600|NA|NA|NA|0|0|0|0|NA|0
"191530051021"|0|1|0|0|0|0|0|1|1|0|0|1|0|0|0|NA|NA|NA|NA|NA|0|0|0|0|NA|0
"191530102053"|0|1|0|0|0|0|0|1|1|1|1|0|0|0|1|5100|10200|NA|NA|7276|498|195|714|52776456|73916.6050420168|0
"191530102073"|0|1|1|0|0|0|0|1|1|1|0|0|1|0|0|16990|16990|7100|7100|7110|54|19|40|1879680|46992|0
"191530104083"|0|1|0|0|0|0|0|1|1|0|0|1|1|0|0|NA|NA|NA|NA|NA|0|0|0|0|NA|0
"191530117031"|0|1|0|0|0|0|0|1|1|0|0|1|1|0|0|NA|NA|NA|NA|NA|0|0|0|0|NA|0
"191550308003"|0|1|0|0|0|0|0|1|1|0|0|1|1|0|0|NA|NA|NA|NA|NA|0|0|0|0|NA|0
"191550317003"|0|1|0|0|0|0|0|1|1|1|1|0|0|1|0|5610|5760|NA|NA|8750|296|133|206|11234960|54538.640776699|0
"191573703003"|0|1|0|0|0|0|0|1|1|1|0|0|0|1|0|56188|56188|NA|NA|13864|508|133|404|41252440|102110|0
"191630106002"|0|1|1|0|0|0|0|1|1|1|0|0|0|1|0|10440|10440|NA|NA|NA|282|115|260|19525734|75098.9769230769|0
"191630109003"|0|1|0|0|0|0|0|1|1|1|1|0|0|1|0|5600|7744|NA|NA|6480|243|63|270|15037038|55692.7333333333|0
"191630113001"|0|1|1|0|0|0|0|1|1|1|0|0|0|1|0|32478|32478|17870|17870|11354|231|99|382|27995124|73285.664921466|0
"191630128024"|0|2|0|0|0|0|0|2|2|1|0|1|2|0|0|NA|NA|NA|NA|NA|7|3|12|620072|NA|0
"191630129012"|0|1|0|0|0|0|0|1|1|0|0|1|1|0|0|NA|NA|NA|NA|NA|0|0|0|0|NA|0
"191630130002"|0|1|0|0|0|0|0|1|1|1|1|0|1|0|0|NA|NA|NA|NA|NA|3|0|8|489050|61131.25|0
"191670701001"|0|1|0|0|0|0|0|1|1|1|1|0|0|1|0|5340|5640|NA|NA|6282|78|17|72|4017550|55799.3055555556|0
"191670706011"|0|1|1|0|0|0|0|1|1|1|0|0|0|1|0|32700|32700|6120|6120|9800|129|34|156|9753212|62520.5897435897|0
"191670707021"|0|1|1|0|0|0|0|1|1|1|0|0|0|1|0|32240|32240|9300|9300|10470|128|57|178|11460084|64382.4943820225|0
"191690008002"|0|1|1|0|0|1|0|1|1|1|0|0|0|0|1|8042|23230|9758|24720|9193|5217|867|3038|326920176|107610.327847268|0
"191690013021"|0|1|0|0|0|0|0|1|1|0|0|1|1|0|0|NA|NA|NA|NA|NA|0|0|0|0|NA|0
"191751904001"|0|1|0|0|0|0|0|1|1|1|1|0|0|1|0|5520|5730|NA|NA|8460|105|42|78|3968784|50881.8461538462|0
"191799602002"|0|1|0|0|0|0|0|1|1|0|0|1|1|0|0|NA|NA|NA|NA|NA|0|0|0|0|NA|0
"191799603002"|0|1|0|0|0|0|0|1|1|1|1|0|0|1|0|4440|5880|NA|NA|4830|226|89|258|17335886|67193.3565891473|0
"191810207011"|0|1|1|0|0|0|0|1|1|1|0|0|0|1|0|41466|41466|8758|8758|9282|135|81|160|9555364|59721.025|0
"191839601012"|0|1|1|0|0|0|0|1|1|1|0|0|1|0|0|5250|5250|3420|3420|NA|6|1|0|0|NA|0
"191870005002"|0|1|0|0|0|0|0|1|1|0|0|1|1|0|0|NA|NA|NA|NA|NA|0|0|0|0|NA|0
"191870009001"|0|1|0|0|0|0|0|1|1|1|1|0|0|1|0|4980|7480|NA|NA|7050|248|109|176|12393688|70418.6818181818|0
"191896803005"|0|1|1|0|0|0|0|1|1|1|0|0|0|1|0|21886|21886|4740|4740|7866|182|75|96|4881652|50850.5416666667|0
"191919502002"|0|1|0|0|0|0|0|1|1|1|0|0|0|1|0|45000|45000|NA|NA|10110|208|61|306|21121332|69023.9607843137|0
"191919505003"|0|1|0|0|0|0|0|1|1|1|1|0|0|1|0|5280|6000|NA|NA|NA|207|47|218|12164244|55799.2844036697|0
"191930005002"|0|1|1|0|0|0|0|1|1|1|0|0|0|1|0|31898|31898|9450|9450|9522|116|47|140|8573688|61240.6285714286|0
"191930010001"|0|1|0|0|0|0|0|1|1|1|0|0|1|0|0|19440|19440|NA|NA|NA|10|1|42|2669740|63565.2380952381|0
"191930018022"|0|1|0|0|0|0|0|1|1|1|1|0|0|1|0|3792|3816|NA|NA|6290|174|25|126|7453376|59153.7777777778|0
"191930020001"|0|1|1|0|0|0|0|1|1|1|0|0|0|1|0|32460|32460|5400|5400|10110|164|77|144|9291878|64526.9305555556|0
"191930021025"|0|1|0|0|0|0|0|1|1|0|0|1|1|0|0|NA|NA|NA|NA|NA|0|0|0|0|NA|0
"200019528002"|0|1|0|0|0|0|0|1|1|1|1|0|0|1|0|1800|1800|NA|NA|6300|77|30|62|3210632|51784.3870967742|0
"200050817021"|0|1|1|0|0|0|0|1|1|1|0|0|0|1|0|30830|30830|6000|6000|10840|177|95|230|15425756|67068.5043478261|0
"200099718011"|0|1|0|0|0|0|0|1|1|1|1|0|0|1|0|2368|3136|NA|NA|8990|224|103|110|5989156|54446.8727272727|0
"200119558001"|0|1|0|0|0|0|0|1|1|1|1|0|0|1|0|1860|1860|NA|NA|6315|104|30|74|3045694|41158.027027027|0
"200150202053"|0|1|0|0|0|0|0|1|1|1|1|0|0|1|0|2678|4448|NA|NA|5950|243|77|282|15716298|55731.5531914894|0
"200299773004"|0|1|0|0|0|0|0|1|1|1|1|0|0|1|0|2340|2520|NA|NA|5896|99|39|72|3265938|45360.25|0
"200354935003"|0|1|1|0|0|0|0|1|1|1|0|0|0|1|0|33100|33100|11934|11934|8500|117|65|84|4788856|57010.1904761905|0
"200354940001"|0|1|0|0|0|0|0|1|1|1|1|0|0|1|0|2040|3480|NA|NA|5500|136|39|124|6437182|51912.7580645161|0
"200379576023"|0|1|1|0|0|0|0|1|1|1|0|0|0|1|0|5836|17180|6820|17652|8196|452|117|554|38211412|68973.6678700361|0
"200430201002"|0|1|0|0|0|0|0|1|1|1|1|0|0|1|0|1650|1650|NA|NA|6547|110|42|104|5201954|50018.7884615385|0
"200450002021"|0|1|0|0|0|0|0|1|1|1|1|0|1|0|0|NA|NA|NA|NA|NA|2|0|2|80000|40000|0
"200450004001"|0|1|1|0|0|1|0|1|1|1|0|0|0|0|1|10092|26960|9989|23951|9900|4573|1110|2548|250049346|98135.5361067504|0
"200450010012"|0|1|0|0|0|0|1|1|1|1|0|0|1|0|0|NA|NA|NA|NA|950|108|18|64|4959628|77494.1875|0
"200450012034"|0|1|1|0|0|0|0|1|1|1|0|0|0|1|0|30170|30170|11124|11124|9150|175|80|152|8472132|55737.7105263158|0
"200510727014"|0|1|0|0|0|0|0|1|1|0|0|1|1|0|0|NA|NA|NA|NA|NA|0|0|0|0|NA|0
"200510729022"|0|1|1|0|0|0|0|1|1|1|0|0|0|0|1|4140|14580|3726|10602|8414|555|140|742|49055470|66112.4932614555|0
"200559605071"|0|2|0|0|0|0|0|2|2|1|1|0|0|1|0|NA|NA|NA|NA|NA|137|58|130|6990224|NA|0
"200579619021"|0|1|0|0|0|0|0|1|1|1|1|0|0|1|0|1410|1710|NA|NA|7000|127|53|80|4534964|56687.05|0
"200599544001"|0|2|2|0|0|0|0|2|2|2|0|0|2|0|0|40836|40836|26620|26620|NA|130|48|54|3377458|NA|0
"200790301004"|0|1|0|0|0|0|0|1|1|1|0|0|1|0|0|30024|30024|NA|NA|9670|80|33|72|3775100|52431.9444444444|0
"200790305004"|0|1|0|0|0|0|0|1|1|1|0|0|1|0|0|27984|27984|NA|NA|9480|66|23|62|2903694|46833.7741935484|0
"200910506003"|0|1|0|0|0|0|0|1|1|1|0|0|1|0|0|7922|7922|NA|NA|8000|21|2|10|187000|18700|0
"200910518031"|0|1|0|0|0|0|0|1|1|0|0|1|1|0|0|NA|NA|NA|NA|NA|0|0|0|0|NA|0
"200910530042"|0|1|0|0|0|0|0|1|1|1|1|0|0|0|1|2880|6210|NA|NA|NA|573|164|612|48325772|78963.6797385621|0
"200910531022"|0|1|1|0|0|0|0|1|1|1|0|0|1|0|0|14400|14400|11700|11700|NA|61|18|80|5375650|67195.625|0
"200910532013"|0|1|1|0|0|0|0|1|1|1|0|0|1|0|0|11058|11058|11098|11098|NA|30|0|8|610318|76289.75|0
"200910534091"|0|0|1|0|0|0|0|1|1|1|0|0|1|0|0|NA|NA|11466|11466|NA|14|5|16|1302622|81413.875|0
"200910534131"|0|1|0|0|0|0|0|1|1|0|0|1|1|0|0|NA|NA|NA|NA|NA|0|0|0|0|NA|0
"200910535022"|0|1|1|0|0|0|0|1|1|1|0|0|0|1|0|32122|32122|11175|11175|9282|152|62|138|9288430|67307.4637681159|0
"200919800011"|0|1|1|0|0|0|0|1|1|1|0|0|0|1|0|7080|7080|4200|4200|NA|251|9|42|2362230|56243.5714285714|0
"200979691002"|0|1|1|0|0|0|0|1|1|1|0|0|1|0|0|17000|17000|7110|7110|9990|25|6|22|1076814|48946.0909090909|0
"200999501002"|0|1|0|0|0|0|0|1|1|1|1|0|0|1|0|1728|2528|NA|NA|NA|80|29|68|3568996|52485.2352941177|0
"201030705004"|0|1|1|0|0|0|0|1|1|1|0|0|0|1|0|29750|29750|11124|11124|8585|123|48|144|9328358|64780.2638888889|0
"201110001021"|0|1|1|0|0|0|0|1|1|1|0|0|0|1|0|5278|19522|6547|20365|9534|456|152|474|30549228|64449.8481012658|0
"201110002021"|0|1|0|0|0|0|0|1|1|1|1|0|0|1|0|4512|4512|NA|NA|NA|29|7|70|3204892|45784.1714285714|0
"201137882001"|0|1|0|0|0|0|0|1|1|1|0|0|1|0|0|28620|28620|NA|NA|12360|84|59|84|4657714|55448.9761904762|0
"201137886002"|0|1|1|0|0|0|0|1|1|1|0|0|1|0|0|30191|30191|4200|4200|8754|86|36|90|5514848|61276.0888888889|0
"201137886003"|0|1|0|0|0|0|0|1|1|1|0|0|1|0|0|19350|19350|NA|NA|7500|50|21|28|1052356|37584.1428571429|0
"201154896002"|0|1|1|0|0|0|0|1|1|1|0|0|1|0|0|41200|41200|11670|11670|9100|79|27|74|3694460|49925.1351351351|0
"201231766003"|0|1|0|0|0|0|0|1|1|1|1|0|1|0|0|5180|5180|NA|NA|6285|38|5|108|4564722|42265.9444444444|0
"201259506002"|0|1|0|0|0|0|0|1|1|1|1|0|1|0|0|1920|2144|NA|NA|5860|76|43|60|2764000|46066.6666666667|0
"201259510001"|0|1|0|0|0|0|0|1|1|1|1|0|0|1|0|1248|2816|NA|NA|6810|99|66|92|4273538|46451.5|0
"201339518003"|0|1|0|0|0|0|0|1|1|1|1|0|0|1|0|2464|2464|NA|NA|6340|108|31|108|5175728|47923.4074074074|0
"201519687001"|0|1|0|0|0|0|0|1|1|1|1|0|0|1|0|2048|2464|NA|NA|6080|83|38|72|3873392|53797.1111111111|0
"201550002004"|0|1|0|0|0|0|0|1|1|1|1|0|0|1|0|2790|3720|NA|NA|6200|247|91|280|14843962|53014.15|0
"201599673001"|0|1|1|0|0|0|0|1|1|1|0|0|1|0|0|26000|26000|13860|13860|8610|73|42|94|4289896|45637.1914893617|0
"201610003043"|0|1|0|0|0|0|0|1|1|0|0|1|1|0|0|NA|NA|NA|NA|NA|0|0|0|0|NA|0
"201610006014"|0|1|0|0|0|0|0|1|1|1|1|0|1|0|0|5040|5040|NA|NA|NA|41|7|46|2325120|50546.0869565217|0
"201610008011"|0|1|0|0|0|0|0|1|1|1|0|0|1|0|0|16350|16350|NA|NA|9500|27|5|18|942490|52360.5555555556|0
"201610011011"|0|1|1|0|0|1|0|1|1|1|0|0|0|0|1|9375|25251|10212|23050|10100|3458|434|1992|185774750|93260.4166666667|0
"201690001023"|0|1|0|0|0|0|0|1|1|0|0|1|1|0|0|NA|NA|NA|NA|NA|0|0|0|0|NA|0
"201690006002"|0|1|0|0|0|0|0|1|1|1|1|0|1|0|0|6845|6845|NA|NA|NA|27|3|52|2629578|50568.8076923077|0
"201690009004"|0|1|1|0|0|0|0|1|1|1|0|0|1|0|0|30250|30250|5940|5940|10000|104|45|94|5020948|53414.3404255319|0
"201730009001"|0|1|1|0|0|0|0|1|1|1|0|0|0|0|1|6843|16208|5544|13615|12610|1492|533|1132|88052638|77785.0159010601|0
"201730024002"|0|1|0|0|0|0|0|1|1|0|0|1|1|0|0|NA|NA|NA|NA|NA|0|0|0|0|NA|0
"201730028004"|0|1|1|0|0|0|0|1|1|1|0|0|0|1|0|29670|29670|11448|11448|8350|147|74|116|7302960|62956.5517241379|0
"201730090001"|0|1|0|0|0|0|0|1|1|0|0|1|1|0|0|NA|NA|NA|NA|NA|0|0|0|0|NA|0
"201730090003"|0|1|1|0|0|0|0|1|1|1|0|0|0|1|0|31450|31450|7920|7920|9294|113|64|164|10110818|61651.3292682927|0
"201730091001"|0|1|0|0|0|0|0|1|1|1|1|0|0|1|0|NA|NA|NA|NA|NA|63|6|74|3827682|51725.4324324324|0
"201730092001"|0|1|0|0|0|0|0|1|1|1|1|0|1|0|0|NA|NA|NA|NA|NA|3|1|4|160000|40000|0
"201730093041"|0|1|0|0|0|0|0|1|1|0|0|1|1|0|0|NA|NA|NA|NA|NA|0|0|0|0|NA|0
"201730101161"|0|1|0|0|0|0|0|1|1|1|1|0|0|1|0|4522|5426|NA|NA|NA|153|15|170|8749956|51470.3294117647|0
"201730108012"|0|1|0|0|0|0|0|1|1|0|0|1|1|0|0|NA|NA|NA|NA|NA|0|0|0|0|NA|0
"201759657001"|0|1|0|0|0|0|0|1|1|1|1|0|0|1|0|2304|3488|NA|NA|5210|119|51|118|5897998|49983.0338983051|0
"201770018002"|0|1|1|0|0|0|0|1|1|1|0|0|0|1|0|8652|19656|9416|19096|9715|467|147|538|38715004|71960.9739776952|0
"201770024013"|0|1|1|0|0|0|0|1|1|1|0|0|1|0|0|11369|11369|8703|8703|NA|18|2|28|2461688|87917.4285714286|0
"201770024021"|0|1|0|0|0|0|0|1|1|0|0|1|0|1|0|7104|7104|NA|NA|NA|0|0|0|0|NA|0
"201770028003"|0|1|0|0|0|0|0|1|1|0|0|1|1|0|0|NA|NA|NA|NA|NA|0|0|0|0|NA|0
"201814537004"|0|1|0|0|0|0|0|1|1|1|1|0|1|0|0|NA|NA|NA|NA|NA|39|17|62|3182384|51328.7741935484|0
"201939531005"|0|1|0|0|0|0|0|1|1|1|1|0|0|1|0|2539|4079|NA|NA|6598|63|24|96|4139604|43120.875|0
"202090416003"|0|1|0|0|0|0|0|1|1|1|0|0|1|0|0|8580|8580|NA|NA|NA|40|10|26|1219222|46893.1538461538|0
"202090441041"|0|1|0|0|0|0|0|1|1|1|1|0|0|1|0|2640|5850|NA|NA|7498|265|116|304|22464826|73897.4539473684|0
"210019704022"|0|1|1|0|0|0|0|1|1|1|0|0|0|1|0|25440|25440|9548|9548|9495|239|95|202|12237110|60579.7524752475|0
"210099505001"|0|1|0|0|0|0|0|1|1|0|0|1|1|0|0|NA|NA|NA|NA|NA|0|0|0|0|NA|0
"210139611002"|0|1|1|0|0|0|0|1|1|1|0|0|1|0|0|8850|8850|5500|5500|4320|22|3|14|631864|45133.1428571429|0
"210150701012"|0|1|0|0|0|0|0|1|1|0|0|1|1|0|0|NA|NA|NA|NA|NA|0|0|0|0|NA|0
"210150703011"|0|1|0|0|0|0|0|1|1|1|1|0|0|1|0|4296|15048|NA|NA|NA|126|57|152|7969446|52430.5657894737|0
"210150703111"|0|1|0|0|0|0|0|1|1|1|0|0|1|0|0|12780|12780|NA|NA|NA|23|4|26|1892498|72788.3846153846|0
"210190307003"|0|1|0|0|0|0|0|1|1|1|1|0|0|1|0|4296|15048|NA|NA|NA|89|38|140|7358686|52562.0428571429|0
"210219303003"|0|1|0|0|0|0|0|1|1|1|0|0|0|1|0|44300|44300|NA|NA|11170|273|104|264|19714822|74677.3560606061|0
"210259208002"|0|1|0|0|0|0|0|1|1|1|0|0|1|0|0|8850|8850|NA|NA|5190|12|2|2|18432|9216|0
"210350103011"|0|1|1|0|0|0|0|1|1|1|0|0|0|1|0|7968|17148|7981|13500|9512|647|273|884|54709368|61888.4253393665|0
"210370504001"|0|1|0|0|0|0|0|1|1|0|0|1|1|0|0|NA|NA|NA|NA|NA|0|0|0|0|NA|0
"210370524001"|0|1|0|0|0|0|0|1|1|1|1|0|1|0|0|9840|9840|NA|NA|NA|4|0|6|258854|43142.3333333333|0
"210370533023"|0|1|1|0|0|0|0|1|1|1|0|0|0|0|1|9912|19872|11034|16974|10046|810|306|1220|90220500|73951.2295081967|0
"210439605003"|0|1|1|0|0|0|0|1|1|1|0|0|1|0|0|20600|20600|4950|4950|8700|63|20|56|2511774|44853.1071428571|0
"210472002002"|0|1|0|0|0|0|0|1|1|1|1|0|0|1|0|4296|15048|NA|NA|NA|84|31|106|4915014|46368.0566037736|0
"210472005003"|0|1|0|0|0|0|0|1|1|1|1|0|1|0|0|NA|NA|NA|NA|NA|4|0|4|236000|59000|0
"210590003002"|0|1|1|0|0|0|0|1|1|1|0|0|1|0|0|24500|24500|600|600|10000|80|26|82|4260738|51960.2195121951|0
"210590011001"|0|1|0|0|0|0|0|1|1|1|0|0|1|0|0|27320|27320|NA|NA|10000|98|50|82|4025856|49095.8048780488|0
"210590017022"|0|2|0|0|0|0|0|2|2|1|1|1|1|1|0|NA|NA|NA|NA|NA|104|31|148|7973090|NA|0
"210670002003"|0|1|0|0|0|0|0|1|1|1|0|0|1|0|0|39920|39920|NA|NA|11660|180|83|168|11533100|68649.4047619048|0
"210670008022"|0|1|1|0|1|1|0|1|1|1|0|0|0|0|1|11135|29945|12189|31867|13588|6701|2023|2896|303883100|104932.009668508|0
"210670016002"|0|1|0|0|0|0|0|1|1|0|0|1|1|0|0|NA|NA|NA|NA|NA|0|0|0|0|NA|0
"210670024001"|0|1|0|0|0|0|0|1|1|1|1|0|0|0|1|4296|15048|NA|NA|NA|267|80|382|19313208|50558.1361256544|0
"210670028002"|0|1|0|0|0|0|0|1|1|0|0|1|1|0|0|NA|NA|NA|NA|NA|0|0|0|0|NA|0
"210670034041"|0|1|0|0|0|0|0|1|1|0|0|1|1|0|0|NA|NA|NA|NA|NA|0|0|0|0|NA|0
"210670042041"|0|0|1|0|0|0|0|1|1|1|0|0|1|0|0|NA|NA|9120|9120|NA|14|3|6|426092|71015.3333333333|0
"210670042102"|0|1|0|0|0|0|0|1|1|0|0|1|1|0|0|NA|NA|NA|NA|NA|0|0|0|0|NA|0
"210719201004"|0|1|0|0|0|0|0|1|1|1|1|0|0|1|0|4296|15048|NA|NA|NA|139|53|162|8957088|55290.6666666667|0
"210730706011"|0|1|1|1|0|0|0|1|1|1|0|0|0|1|0|7700|11550|7560|11550|6680|349|116|234|16045688|68571.3162393162|0
"210930013003"|0|1|0|0|0|0|0|1|1|1|1|0|0|1|0|4296|15048|NA|NA|NA|139|67|222|11694160|52676.3963963964|0
"210930014012"|0|1|0|0|0|0|0|1|1|0|0|1|1|0|0|NA|NA|NA|NA|NA|0|0|0|0|NA|0
"210959702004"|0|1|0|0|0|0|0|1|1|1|1|0|0|1|0|4296|15048|NA|NA|NA|116|36|136|7717038|56742.9264705882|0
"211010209022"|0|1|0|0|0|0|0|1|1|1|1|0|0|1|0|4296|15048|NA|NA|NA|34|15|68|3658058|53794.9705882353|0
"211079703022"|0|1|0|0|0|0|0|1|1|1|1|0|0|1|0|4296|15048|NA|NA|NA|98|41|170|9340116|54941.8588235294|0
"211110049001"|0|1|0|0|0|0|0|1|1|1|1|0|0|0|1|4296|15048|NA|NA|NA|242|87|350|19414644|55470.4114285714|0
"211110050002"|0|1|1|0|0|0|0|1|1|1|0|0|0|1|0|25800|25800|12186|12186|7600|123|46|188|14128790|75153.1382978723|0
"211110051001"|0|1|0|1|0|0|0|1|1|1|0|0|1|0|0|6600|6600|NA|NA|NA|32|6|12|567600|47300|0
"211110053002"|0|1|1|0|1|1|0|1|1|1|0|0|0|0|1|11966|28312|13260|27374|9754|3089|866|1364|118769728|87074.5806451613|0
"211110074002"|0|1|1|0|0|0|0|1|1|1|0|0|0|1|0|NA|NA|NA|NA|NA|62|21|124|9094310|73341.2096774193|0
"211110087004"|0|1|2|0|0|0|0|2|1|2|0|0|1|1|0|NA|NA|20052|20052|NA|207|58|122|10798384|171825.097264438|0
"211110089004"|0|1|1|0|0|0|0|1|1|1|0|0|0|1|0|41520|41520|16645|16645|9420|320|116|354|28014028|79135.6723163842|0
"211110097003"|0|1|1|0|0|0|0|1|1|1|0|0|0|1|0|13500|13500|15840|15840|10485|312|190|290|22550756|77761.2275862069|0
"211110098002"|0|1|0|0|0|0|0|1|1|0|0|1|1|0|0|NA|NA|NA|NA|NA|0|0|0|0|NA|0
"211110101022"|0|1|0|0|0|0|0|1|1|0|0|1|1|0|0|NA|NA|NA|NA|NA|0|0|0|0|NA|0
"211110107071"|0|3|0|0|0|0|0|3|3|2|2|1|3|0|0|NA|NA|NA|NA|NA|57|3|74|4688398|NA|0
"211110115093"|0|1|0|0|0|0|0|1|0|0|0|0|0|0|0|NA|NA|NA|NA|NA|0|0|0|0|NA|0
"211110117123"|0|1|0|0|0|0|0|1|1|0|0|1|1|0|0|NA|NA|NA|NA|NA|0|0|0|0|NA|0
"211110125023"|0|1|0|0|0|0|0|1|1|0|0|1|1|0|0|NA|NA|NA|NA|NA|0|0|0|0|NA|0
"211130604011"|0|0|1|0|0|0|0|1|1|1|0|0|0|1|0|NA|NA|16200|16200|NA|146|71|90|7045608|78284.5333333333|0
"211130604021"|0|1|1|0|0|0|0|1|1|1|0|0|0|1|0|31460|31460|9990|9990|7969|205|86|176|10569420|60053.5227272727|0
"211130605032"|0|1|0|0|0|0|0|1|1|0|0|1|1|0|0|NA|NA|NA|NA|NA|0|0|0|0|NA|0
"211159604013"|0|1|0|0|0|0|0|1|1|0|0|1|1|0|0|NA|NA|NA|NA|NA|0|0|0|0|NA|0
"211170654001"|0|1|1|0|0|0|0|1|1|1|0|0|0|1|0|31780|31780|9947|9947|9236|110|47|172|10060674|58492.2906976744|0
"211170672003"|0|1|0|0|0|0|0|1|1|0|0|1|1|0|0|NA|NA|NA|NA|NA|0|0|0|0|NA|0
"211199603004"|0|1|0|0|0|0|0|1|1|1|0|0|1|0|0|12000|12000|NA|NA|7390|76|33|58|2598924|44809.0344827586|0
"211219305022"|0|1|1|0|0|0|0|1|1|1|0|0|0|1|0|26330|26330|8160|8160|6700|112|67|96|4488076|46750.7916666667|0
"211339504032"|0|1|0|0|0|0|0|1|1|0|0|1|1|0|0|NA|NA|NA|NA|NA|0|0|0|0|NA|0
"211450313011"|0|1|0|0|0|0|0|1|1|1|1|0|0|1|0|4296|15048|NA|NA|NA|143|59|232|12602156|54319.6379310345|0
"211510101033"|0|1|0|0|0|0|0|1|1|0|0|1|1|0|0|NA|NA|NA|NA|NA|0|0|0|0|NA|0
"211510105001"|0|1|1|0|0|0|0|1|1|1|0|0|0|0|1|9266|19338|9900|13950|10476|1084|214|1126|74902012|66520.4369449378|0
"211510109032"|0|1|0|0|0|0|0|1|1|0|0|1|1|0|0|NA|NA|NA|NA|NA|0|0|0|0|NA|0
"211510113032"|0|1|0|0|0|0|0|1|1|1|0|0|0|1|0|44400|44400|NA|NA|7264|677|155|292|21705140|74332.6712328767|0
"211619604002"|0|1|0|0|0|0|0|1|1|1|1|0|0|1|0|4296|15048|NA|NA|NA|104|40|162|8297346|51218.1851851852|0
"211939704003"|0|1|0|0|0|0|0|1|1|1|1|0|1|0|0|NA|NA|NA|NA|NA|14|6|28|1762942|62962.2142857143|0
"211939705012"|0|1|0|0|0|0|0|1|1|1|1|0|0|1|0|4296|15048|NA|NA|NA|119|43|162|9432354|58224.4074074074|0
"211959302021"|0|1|0|0|0|0|0|1|1|1|0|0|1|0|0|11136|11136|NA|NA|NA|23|7|14|738640|52760|0
"211959303021"|0|1|1|0|0|1|0|1|1|1|0|0|0|1|0|21900|21900|8100|8100|8050|185|80|138|8068342|58466.2463768116|0
"211959314003"|0|1|0|0|0|0|0|1|1|0|0|1|1|0|0|NA|NA|NA|NA|NA|0|0|0|0|NA|0
"211999306001"|0|1|0|0|0|0|0|1|1|1|1|0|0|1|0|4296|15048|NA|NA|NA|173|72|264|13773256|52171.4242424242|0
"212059502024"|0|1|1|0|0|0|0|1|1|1|0|0|0|1|0|8970|13556|10260|10260|9820|531|188|628|38044634|60580.627388535|0
"212090402091"|0|1|1|0|0|0|0|1|1|1|0|0|0|1|0|39810|39810|11070|11070|10670|117|47|154|9171300|59553.8961038961|0
"212179204012"|0|1|1|0|0|0|0|1|1|1|0|0|0|0|1|24900|24900|8473|8473|8000|410|159|476|29255216|61460.5378151261|0
"212270104001"|0|1|1|0|0|0|0|1|1|1|0|0|0|0|1|10802|26496|12140|18340|10044|1099|576|1316|94745026|71994.7006079027|0
"212270106002"|0|1|0|0|0|0|0|1|1|0|0|1|1|0|0|NA|NA|NA|NA|NA|0|0|0|0|NA|0
"212270107011"|0|1|0|0|0|0|0|1|1|0|0|1|1|0|0|NA|NA|NA|NA|NA|0|0|0|0|NA|0
"212270107012"|0|1|0|0|0|0|0|1|1|0|0|1|1|0|0|NA|NA|NA|NA|NA|0|0|0|0|NA|0
"212270109005"|0|1|0|0|0|0|0|1|1|1|0|0|1|0|0|20636|20636|NA|NA|NA|9|0|6|251844|41974|0
"212270110011"|0|1|0|0|0|0|0|1|1|1|1|0|0|1|0|4296|15048|NA|NA|NA|137|58|184|8970650|48753.5326086957|0
"212270110012"|0|1|0|0|0|0|0|1|1|0|0|1|1|0|0|NA|NA|NA|NA|NA|0|0|0|0|NA|0
"212359206022"|0|1|1|0|0|0|0|1|1|1|0|0|0|0|1|9875|9875|4282|4282|9300|310|141|484|30653214|63333.0867768595|0
"212390501043"|0|1|0|0|0|0|0|1|1|0|0|0|0|0|0|NA|NA|NA|NA|NA|258|65|0|0|NA|0
"212390501071"|0|0|1|0|0|0|0|1|1|1|0|0|0|1|0|NA|NA|18617|18617|NA|123|9|290|26049082|89824.4206896552|0
"212390504003"|0|1|1|0|0|0|0|1|1|1|0|0|0|1|0|24500|24500|6240|6240|8600|83|37|64|4177712|65276.75|0
"220019602024"|0|1|0|0|0|0|0|1|1|1|1|0|0|1|0|2868|2868|NA|NA|8806|88|30|134|6696704|49975.4029850746|0
"220050306004"|0|1|0|0|0|0|0|1|1|1|1|0|0|1|0|3335|3335|NA|NA|NA|58|3|112|5374688|47988.2857142857|0
"220150106022"|0|2|0|0|0|0|0|2|2|0|0|2|2|0|0|NA|NA|NA|NA|NA|0|0|0|0|NA|0
"220150111181"|0|1|0|0|0|0|0|1|1|1|1|0|0|1|0|3436|3436|NA|NA|NA|167|36|238|11355812|47713.4957983193|0
"220170212002"|0|1|1|0|0|0|0|1|1|1|0|0|1|0|0|38060|38060|9750|9750|13940|92|50|108|6893758|63831.0925925926|0
"220170217001"|0|1|0|0|0|0|0|1|1|1|1|0|1|0|0|NA|NA|NA|NA|NA|6|2|4|447920|111980|0
"220170217002"|0|1|1|0|1|1|0|1|1|1|0|0|1|0|0|8992|19863|14316|26084|NA|231|24|72|6104598|84786.0833333333|0
"220170222001"|0|1|0|0|0|0|0|1|1|0|0|1|1|0|0|NA|NA|NA|NA|NA|0|0|0|0|NA|0
"220170223003"|0|1|0|0|0|0|0|1|1|0|0|1|1|0|0|NA|NA|NA|NA|NA|0|0|0|0|NA|0
"220170229004"|0|1|0|0|0|0|0|1|1|0|0|1|1|0|0|NA|NA|NA|NA|NA|0|0|0|0|NA|0
"220170234013"|0|1|0|0|0|0|0|1|1|0|0|1|1|0|0|NA|NA|NA|NA|NA|0|0|0|0|NA|0
"220170239073"|0|1|1|0|0|0|0|1|1|1|0|0|0|1|0|5656|5656|6196|6196|8744|216|81|308|23011170|74711.5909090909|0
"220170241043"|0|1|0|0|0|0|0|1|1|0|0|1|1|0|0|NA|NA|NA|NA|NA|0|0|0|0|NA|0
"220170241044"|0|1|0|0|0|0|0|1|1|1|0|0|1|0|0|15793|15793|NA|NA|NA|18|3|14|605156|43225.4285714286|0
"220170241071"|0|1|0|0|0|0|0|1|1|0|0|1|1|0|0|NA|NA|NA|NA|NA|0|0|0|0|NA|0
"220170246013"|0|1|0|1|0|0|0|1|1|1|1|0|0|1|0|2618|2618|NA|NA|10412|151|19|158|7650908|48423.4683544304|0
"220190007002"|0|1|0|0|0|0|0|1|1|0|0|1|1|0|0|NA|NA|NA|NA|NA|0|0|0|0|NA|0
"220190009002"|0|1|0|0|0|0|0|1|1|0|0|1|1|0|0|NA|NA|NA|NA|NA|0|0|0|0|NA|0
"220190010001"|0|1|0|0|0|0|0|1|1|0|0|1|1|0|0|NA|NA|NA|NA|NA|0|0|0|0|NA|0
"220190011003"|0|1|1|0|0|0|0|1|1|1|0|0|0|1|0|5147|13185|5703|13740|9062|355|168|516|32638078|63252.0891472868|0
"220199800001"|0|1|0|0|0|0|0|1|1|1|1|0|0|1|0|3335|3335|NA|NA|NA|103|24|180|9122756|50681.9777777778|0
"220330011021"|0|2|0|0|0|0|0|2|2|1|1|1|2|0|0|NA|NA|NA|NA|NA|14|5|32|1570776|NA|0
"220330017002"|0|1|0|0|0|0|0|1|1|0|0|1|1|0|0|11475|11475|NA|NA|NA|0|0|0|0|NA|0
"220330018002"|0|1|0|0|0|0|0|1|1|1|1|0|0|1|0|3237|7315|NA|NA|NA|202|18|298|16874328|56625.2617449664|0
"220330028011"|0|1|1|0|0|1|0|1|1|1|0|0|0|0|1|8038|8038|9132|9132|12708|5180|1124|2684|251450398|93684.9470938897|0
"220330030001"|0|2|3|2|0|0|0|3|3|2|0|0|1|1|0|NA|NA|NA|NA|NA|815|261|666|37831834|NA|0
"220330036013"|0|1|0|0|0|0|0|1|1|0|0|1|1|0|0|NA|NA|NA|NA|NA|0|0|0|0|NA|0
"220330036032"|0|1|0|0|0|0|0|1|1|0|0|1|0|0|0|NA|NA|NA|NA|NA|0|0|0|0|NA|0
"220330038061"|0|1|1|0|0|0|0|1|1|1|0|0|0|1|0|13409|13409|27864|27864|NA|69|20|178|14697068|82567.797752809|0
"220330038081"|0|1|0|0|0|0|0|1|1|1|1|0|1|0|0|14500|14500|NA|NA|NA|10|0|12|606320|50526.6666666667|0
"220330038091"|0|1|0|0|0|0|0|1|1|1|1|0|1|0|0|NA|NA|NA|NA|NA|6|0|4|146000|36500|0
"220330039091"|0|1|0|0|0|0|0|1|1|0|0|1|1|0|0|NA|NA|NA|NA|NA|0|0|0|0|NA|0
"220330039094"|0|1|0|0|0|0|0|1|1|0|0|1|1|0|0|NA|NA|NA|NA|NA|0|0|0|0|NA|0
"220330039102"|0|2|0|0|0|0|0|2|2|1|1|1|2|0|0|NA|NA|NA|NA|NA|5|0|6|325078|NA|0
"220330039141"|0|1|0|0|0|0|0|1|1|0|0|1|1|0|0|NA|NA|NA|NA|NA|0|0|0|0|NA|0
"220330040221"|0|1|0|0|0|0|0|1|1|1|1|0|1|0|0|11006|11006|NA|NA|NA|38|15|46|2426728|52754.9565217391|0
"220330045092"|0|2|0|0|0|0|0|2|2|1|1|1|2|0|0|NA|NA|NA|NA|NA|11|4|26|1532406|NA|0
"220330051002"|0|1|0|0|0|0|0|1|1|0|0|0|0|0|0|NA|NA|NA|NA|NA|19|4|0|0|NA|0
"220450312006"|0|1|0|0|0|0|0|1|1|0|0|1|1|0|0|NA|NA|NA|NA|NA|0|0|0|0|NA|0
"220510202051"|0|1|0|0|0|0|0|1|1|0|0|1|1|0|0|NA|NA|NA|NA|NA|0|0|0|0|NA|0
"220510205062"|0|1|0|0|0|0|0|1|1|0|0|1|1|0|0|NA|NA|NA|NA|NA|0|0|0|0|NA|0
"220510242023"|0|2|0|0|0|0|0|2|2|0|0|2|2|0|0|NA|NA|NA|NA|NA|0|0|0|0|NA|0
"220510247001"|0|1|0|0|0|0|0|1|1|1|0|0|1|0|0|18900|18900|NA|NA|NA|0|0|0|0|NA|0
"220510250032"|0|1|0|0|0|0|0|1|1|0|0|1|1|0|0|NA|NA|NA|NA|NA|0|0|0|0|NA|0
"220510283003"|0|1|0|0|0|0|0|1|1|0|0|1|1|0|0|NA|NA|NA|NA|NA|0|0|0|0|NA|0
"220510297003"|0|1|0|0|0|0|0|1|1|1|1|0|1|0|0|NA|NA|NA|NA|NA|33|4|50|2339076|46781.52|0
"220510303001"|0|1|1|0|0|0|0|1|1|1|0|0|1|0|0|13320|13320|10800|10800|NA|9|1|12|966364|80530.3333333333|0
"220550006026"|0|1|0|0|0|0|0|1|1|1|1|0|1|0|0|21912|21912|NA|NA|NA|7|2|10|564500|56450|0
"220550006054"|0|1|0|0|0|0|0|1|1|1|1|0|0|1|0|3335|3335|NA|NA|NA|215|34|308|15028216|48792.9090909091|0
"220550014083"|0|1|0|0|0|0|0|1|1|0|0|1|1|0|0|NA|NA|NA|NA|NA|0|0|0|0|NA|0
"220550014203"|0|1|0|0|0|0|0|1|1|1|1|0|1|0|0|15240|15240|NA|NA|NA|15|1|14|616096|44006.8571428571|0
"220550014214"|0|1|0|0|0|0|0|1|1|0|0|1|1|0|0|NA|NA|NA|NA|NA|0|0|0|0|NA|0
"220550015001"|0|1|0|0|0|0|0|1|1|0|0|1|1|0|0|NA|NA|NA|NA|NA|0|0|0|0|NA|0
"220550018011"|0|2|0|0|0|0|0|2|2|0|0|2|2|0|0|NA|NA|NA|NA|NA|0|0|0|0|NA|0
"220550018026"|0|1|0|0|0|0|0|1|1|0|0|1|1|0|0|NA|NA|NA|NA|NA|0|0|0|0|NA|0
"220550022008"|0|1|1|0|0|0|0|1|1|1|0|0|0|0|1|5407|19135|5511|19238|11144|1400|409|1292|97037594|75106.4969040248|0
"220570220001"|0|1|1|0|0|0|0|1|1|1|0|0|0|1|0|4922|6015|5686|6779|10156|401|185|536|31619986|58992.5111940299|0
"220619603004"|0|1|1|1|0|0|0|1|1|1|0|0|0|1|0|5140|5140|5110|5110|10990|291|132|304|16397132|53937.9342105263|0
"220619610001"|0|1|1|0|0|0|0|1|1|1|0|0|0|0|1|6401|13143|5416|10147|8664|625|203|756|55753572|73748.1111111111|0
"220630406014"|0|1|0|0|0|0|0|1|1|0|0|1|1|0|0|NA|NA|NA|NA|NA|0|0|0|0|NA|0
"220690007005"|0|1|1|0|0|0|0|1|1|1|0|0|0|0|1|5180|15968|5738|16526|9799|460|132|640|40508128|63293.95|0
"220710002002"|0|1|0|0|0|0|0|1|1|0|0|1|1|0|0|NA|NA|NA|NA|NA|0|0|0|0|NA|0
"220710006162"|0|1|1|0|0|0|0|1|1|1|0|0|0|1|0|14160|14160|12690|12690|8957|54|15|138|9578092|69406.4637681159|0
"220710017011"|0|1|1|1|0|0|0|1|1|1|0|0|0|1|0|4483|13384|6024|12965|9040|199|67|156|8660748|55517.6153846154|0
"220710017024"|0|1|1|0|0|0|0|1|0|1|0|0|0|1|0|8820|8820|6435|6435|6175|114|53|106|8147138|76859.7924528302|0
"220710033082"|0|1|0|0|0|0|0|1|1|0|0|1|1|0|0|NA|NA|NA|NA|NA|0|0|0|0|NA|0
"220710033083"|0|1|0|1|0|0|0|1|1|1|0|0|0|1|0|17410|17410|NA|NA|10340|181|31|134|7982474|59570.7014925373|0
"220710050002"|0|1|0|0|0|0|0|1|1|0|0|1|1|0|0|NA|NA|NA|NA|NA|0|0|0|0|NA|0
"220710055002"|0|1|0|0|0|0|0|1|1|1|1|0|0|0|1|3335|3335|NA|NA|NA|385|66|642|33096932|51552.8535825545|0
"220710060002"|0|1|1|0|0|1|0|1|1|1|0|0|0|1|0|7020|15495|11835|24108|NA|816|91|376|37956554|100948.281914894|0
"220710070001"|0|1|2|1|0|0|0|2|2|2|0|0|1|1|0|NA|NA|NA|NA|NA|451|163|476|42600514|201357.733050847|0
"220710121021"|0|1|1|0|1|1|0|1|1|1|0|0|0|0|1|54766|54766|59090|59090|16248|2392|584|1728|197010176|114010.518518519|0
"220710121022"|0|1|1|0|0|0|0|1|1|1|0|0|0|1|0|40288|40288|16322|16322|13546|401|161|466|36507318|78341.8841201717|0
"220710133022"|0|1|1|0|0|0|0|1|1|1|0|0|0|1|0|6090|10926|6090|10660|9795|683|62|526|38838294|73837.0608365019|0
"220730004021"|0|1|1|0|0|0|0|1|1|1|0|0|0|1|0|5788|17888|6490|18590|8914|565|256|622|44310036|71238|0
"220730017001"|0|1|0|0|0|0|0|1|1|1|1|0|1|0|0|NA|NA|NA|NA|NA|13|1|12|500010|41667.5|0
"220730017003"|0|1|0|0|0|0|0|1|1|0|0|1|1|0|0|NA|NA|NA|NA|NA|0|0|0|0|NA|0
"220730055003"|0|1|0|0|0|0|0|1|1|0|0|1|1|0|0|NA|NA|NA|NA|NA|0|0|0|0|NA|0
"220730106061"|0|1|0|0|0|0|0|1|1|1|1|0|0|1|0|3214|3214|NA|NA|NA|113|10|178|7481214|42029.2921348315|0
"220730108002"|0|2|0|0|0|0|0|2|2|0|0|2|2|0|0|NA|NA|NA|NA|NA|0|0|0|0|NA|0
"220730109003"|0|1|0|0|0|0|0|1|1|0|0|1|1|0|0|NA|NA|NA|NA|NA|0|0|0|0|NA|0
"220730111002"|0|1|0|0|0|0|0|1|1|0|0|1|1|0|0|NA|NA|NA|NA|NA|0|0|0|0|NA|0
"220790117001"|0|2|1|0|0|0|0|2|2|1|0|1|1|1|0|NA|NA|NA|NA|NA|89|52|138|7619588|NA|0
"220790124001"|0|1|0|0|0|0|0|1|1|1|1|0|1|0|0|NA|NA|NA|NA|NA|13|0|32|1171126|36597.6875|0
"220790125004"|0|1|0|0|0|0|0|1|1|0|0|1|1|0|0|NA|NA|NA|NA|NA|0|0|0|0|NA|0
"220790133001"|0|1|0|0|0|0|0|1|1|1|0|0|0|1|0|4984|4984|NA|NA|7950|141|55|172|9559866|55580.6162790698|0
"220790139002"|0|1|0|0|0|0|0|1|1|1|1|0|0|1|0|3335|3335|NA|NA|NA|53|0|120|5623606|46863.3833333333|0
"220870308001"|0|1|0|0|0|0|0|1|1|1|1|0|0|1|0|3335|3335|NA|NA|NA|59|31|66|2983966|45211.6060606061|0
"220979609011"|0|1|0|0|0|0|0|1|1|0|0|1|1|0|0|NA|NA|NA|NA|NA|0|0|0|0|NA|0
"220979614023"|0|1|0|0|0|0|0|1|1|0|0|1|1|0|0|NA|NA|NA|NA|NA|0|0|0|0|NA|0
"221030402053"|0|1|0|0|0|0|0|1|1|1|0|0|1|0|0|18700|18700|NA|NA|15150|31|6|38|1646000|43315.7894736842|0
"221030405013"|0|1|0|0|0|0|0|1|1|0|0|1|0|1|0|NA|NA|NA|NA|NA|0|0|0|0|NA|0
"221030406072"|0|1|0|0|0|0|0|1|1|0|0|1|1|0|0|NA|NA|NA|NA|NA|0|0|0|0|NA|0
"221030407123"|0|1|0|0|0|0|0|1|1|1|1|0|0|1|0|3214|3214|NA|NA|NA|101|23|200|9150718|45753.59|0
"221030411031"|0|1|0|0|0|0|0|1|1|0|0|1|1|0|0|NA|NA|NA|NA|NA|0|0|0|0|NA|0
"221059542001"|0|1|1|0|0|0|0|1|1|1|0|0|0|0|1|5777|18255|6684|19162|9620|758|307|1026|63923070|62303.1871345029|0
"221059545032"|0|1|0|0|0|0|0|1|1|0|0|1|1|0|0|NA|NA|NA|NA|NA|0|0|0|0|NA|0
"221090002033"|0|1|0|0|0|0|0|1|1|0|0|1|1|0|0|NA|NA|NA|NA|NA|0|0|0|0|NA|0
"221090003003"|0|1|0|0|0|0|0|1|1|0|0|1|1|0|0|NA|NA|NA|NA|NA|0|0|0|0|NA|0
"221090007012"|0|1|0|0|0|0|0|1|1|0|0|1|1|0|0|NA|NA|NA|NA|NA|0|0|0|0|NA|0
"221090009021"|0|1|0|0|0|0|0|1|1|0|0|1|1|0|0|NA|NA|NA|NA|NA|0|0|0|0|NA|0
"221090017011"|0|1|0|0|0|0|0|1|1|1|1|0|0|1|0|3335|6858|NA|NA|NA|57|7|120|5563252|46360.4333333333|0
"221090017024"|0|1|0|0|0|0|0|1|1|0|0|1|1|0|0|NA|NA|NA|NA|NA|0|0|0|0|NA|0
"221190320002"|0|1|0|0|0|0|0|1|1|1|1|0|1|0|0|3214|3214|NA|NA|NA|32|3|68|3294538|48449.0882352941|0
"230010102002"|0|1|0|0|0|0|0|1|1|1|1|0|0|1|0|2880|5760|NA|NA|9340|71|14|104|6102282|58675.7884615385|0
"230010202002"|0|1|0|0|0|0|0|1|1|1|0|0|1|0|0|12340|12340|NA|NA|NA|10|0|24|1568606|65358.5833333333|0
"230010203011"|0|1|0|0|0|0|0|1|1|1|0|0|0|1|0|57353|57353|NA|NA|16177|563|116|356|35667676|100190.101123596|0
"230039506003"|0|1|0|0|0|0|0|1|1|1|0|0|0|1|0|7350|11760|NA|NA|8010|76|27|62|3811376|61473.8064516129|0
"230039520001"|0|1|0|0|0|0|0|1|1|1|1|0|1|0|0|2880|5760|NA|NA|7818|48|8|76|4604556|60586.2631578947|0
"230039520002"|0|1|0|0|0|0|0|1|1|1|0|0|0|1|0|7350|11760|NA|NA|8912|100|50|66|4724630|71585.303030303|0
"230050003002"|0|1|1|0|0|0|0|1|1|1|0|0|1|0|0|37580|37580|36850|36850|12770|67|15|54|3063258|56727|0
"230050005001"|0|1|0|0|0|0|0|1|1|0|0|1|1|0|0|NA|NA|NA|NA|NA|0|0|0|0|NA|0
"230050010002"|0|0|1|0|0|0|0|1|1|1|0|0|1|0|0|NA|NA|42600|42600|NA|3|1|4|356000|89000|0
"230050015002"|0|1|1|0|0|0|0|1|1|1|0|0|0|1|0|8064|21532|7776|21348|10124|740|235|578|48567728|84027.2110726644|0
"230050028001"|0|1|0|0|0|0|0|1|1|0|0|1|1|0|0|NA|NA|NA|NA|NA|0|0|0|0|NA|0
"230050035002"|0|1|0|0|0|0|0|1|1|1|1|0|0|1|0|2880|5760|NA|NA|10138|150|36|196|13000734|66330.2755102041|0
"230050112062"|0|1|0|0|0|0|0|1|1|1|0|0|0|1|0|55822|55822|NA|NA|13440|655|147|440|49281406|112003.195454545|0
"230050160023"|0|1|0|0|0|0|0|1|1|0|0|1|1|0|0|14000|14000|NA|NA|NA|0|0|0|0|NA|0
"230050170023"|0|1|1|0|0|0|0|1|1|1|0|0|0|1|0|38820|38820|9482|9482|14500|189|56|144|8668664|60199.0555555556|0
"230050173053"|0|1|0|0|0|0|0|1|1|0|0|1|1|0|0|NA|NA|NA|NA|NA|0|0|0|0|NA|0
"230079712012"|0|1|1|0|0|0|0|1|1|1|0|0|0|1|0|8640|19350|NA|NA|10238|183|64|236|15579070|66013.0084745763|0
"230099659003"|0|1|1|0|0|0|0|1|1|1|0|0|1|0|0|42993|42993|28665|28665|9747|61|27|54|4750772|87977.2592592593|0
"230099664002"|0|1|1|0|0|0|0|1|1|1|0|0|1|0|0|11030|25410|7200|7200|10720|157|49|168|273746|1629.44047619048|0
"230110102002"|0|1|1|0|0|0|0|1|1|1|0|0|0|1|0|7350|17760|7776|9720|8200|202|75|186|12285486|66051|0
"230110103001"|0|1|0|0|0|0|0|1|1|0|0|1|1|0|0|NA|NA|NA|NA|NA|0|0|0|0|NA|0
"230110242021"|0|1|0|0|0|0|0|1|1|1|0|0|0|1|0|56930|56930|NA|NA|15295|533|164|464|48354062|104211.340517241|0
"230110242023"|0|1|1|0|0|0|0|1|1|1|0|0|0|1|0|27420|27420|27420|27420|11560|104|25|70|4412322|63033.1714285714|0
"230139705002"|0|1|1|0|0|0|0|1|1|1|0|0|1|0|0|NA|NA|NA|NA|NA|12|2|2|95052|47526|0
"230190003001"|0|1|0|0|0|0|0|1|1|1|1|0|0|1|0|2880|5760|NA|NA|8134|68|11|112|6776564|60505.0357142857|0
"230190007001"|0|1|1|0|0|0|0|1|1|1|0|0|1|0|0|NA|NA|NA|NA|NA|25|3|26|1460840|56186.1538461538|0
"230190063001"|0|1|1|0|0|0|0|1|1|0|0|0|0|0|0|NA|NA|NA|NA|NA|400|71|0|0|NA|0
"230190063002"|0|1|1|0|0|0|0|1|1|1|0|0|0|0|1|9240|30030|8298|27054|11286|1606|395|1032|96590508|93595.4534883721|0
"230190311003"|0|1|1|0|0|0|0|1|1|1|0|0|0|1|0|18360|18360|16300|16300|10632|262|48|278|19179732|68991.8417266187|0
"230259668012"|0|1|0|0|0|0|0|1|1|1|1|0|0|1|0|2880|5760|NA|NA|NA|53|12|84|4750012|56547.7619047619|0
"230270460023"|0|1|1|0|0|0|0|1|1|1|0|0|0|1|0|11280|11280|9750|9750|10900|154|20|94|3701168|39374.1276595745|0
"230299555003"|0|1|0|0|0|0|0|1|1|1|1|0|1|0|0|2880|5760|NA|NA|5340|33|7|44|2516458|57192.2272727273|0
"230299562003"|0|1|0|0|0|0|0|1|1|1|0|0|1|0|0|7350|14700|NA|NA|8630|32|12|50|3265086|65301.72|0
"230310254002"|0|1|1|0|1|1|0|1|1|1|0|0|0|1|0|37390|37390|27466|27466|15230|664|147|488|43100248|88320.1803278688|0
"230310260001"|0|1|0|0|0|0|0|1|1|1|1|0|1|0|0|23500|23500|NA|NA|NA|11|1|14|910270|65019.2857142857|0
"230310302052"|0|1|0|0|0|0|0|1|1|0|0|1|0|0|0|NA|NA|NA|NA|NA|0|0|0|0|NA|0
"230310340041"|0|1|0|0|0|0|0|1|1|1|1|0|0|1|0|2880|5760|NA|NA|NA|28|2|36|2148826|59689.6111111111|0
"240010005002"|0|1|0|0|0|0|0|1|1|1|1|0|0|1|0|7410|9420|NA|NA|10800|190|55|186|10565912|56805.9784946237|0
"240010018003"|0|1|1|0|0|0|0|1|1|1|0|0|0|1|0|6700|20800|7866|10080|11202|458|145|478|36540894|76445.3849372385|0
"240037024022"|0|1|0|0|0|0|0|1|1|0|0|1|1|0|0|NA|NA|NA|NA|NA|0|0|0|0|NA|0
"240037061031"|0|1|1|0|0|0|0|1|1|1|0|0|1|0|0|35000|35000|19116|19116|13386|115|12|126|8851380|70249.0476190476|0
"240037067001"|0|1|0|0|1|0|0|1|1|1|0|0|0|1|0|NA|NA|NA|NA|NA|602|121|662|84858150|128184.516616314|0
"240037311033"|0|1|0|0|0|0|0|1|1|1|1|0|0|0|1|7230|12240|NA|NA|NA|603|189|500|37733714|75467.428|0
"240037508034"|0|1|0|0|0|0|0|1|1|0|0|1|1|0|0|NA|NA|NA|NA|NA|0|0|0|0|NA|0
"240037512002"|0|1|0|0|0|0|0|1|1|0|0|1|1|0|0|NA|NA|NA|NA|NA|0|0|0|0|NA|0
"240037515004"|0|1|0|0|0|0|0|1|1|0|0|1|1|0|0|NA|NA|NA|NA|NA|0|0|0|0|NA|0
"240054015071"|0|1|0|0|0|0|0|1|1|0|0|1|1|0|0|NA|NA|NA|NA|NA|0|0|0|0|NA|0
"240054036021"|0|1|0|0|0|0|0|1|1|1|0|0|1|0|0|13100|13100|NA|NA|5300|8|1|10|493400|49340|0
"240054037021"|0|1|1|0|0|0|0|1|1|1|0|0|1|0|0|12900|12900|12900|12900|6600|41|5|26|2115904|81380.9230769231|0
"240054037023"|0|1|0|0|0|0|0|1|1|0|0|1|1|0|0|NA|NA|NA|NA|NA|0|0|0|0|NA|0
"240054038011"|0|1|1|0|0|0|0|1|1|1|0|0|0|1|0|35204|35204|8340|8340|13966|252|71|234|16831296|71928.6153846154|0
"240054084001"|0|1|0|0|0|0|0|1|1|0|0|1|1|0|0|14400|14400|NA|NA|NA|0|0|0|0|NA|0
"240054085052"|0|1|0|0|0|0|0|1|1|0|0|1|1|0|0|NA|NA|NA|NA|NA|0|0|0|0|NA|0
"240054407013"|0|1|0|0|0|0|0|1|1|1|1|0|0|0|1|5784|8928|NA|NA|NA|857|324|798|65398150|81952.5689223058|0
"240054523002"|0|1|0|0|0|0|0|1|1|0|0|1|1|0|0|NA|NA|NA|NA|NA|0|0|0|0|NA|0
"240054903023"|0|1|1|0|0|0|0|1|1|1|0|0|0|1|0|47100|47100|8982|8982|14716|218|66|202|14930706|73914.3861386139|0
"240054903043"|0|1|0|0|0|0|0|1|1|0|0|1|1|0|0|NA|NA|NA|NA|NA|0|0|0|0|NA|0
"240054906052"|0|1|1|0|0|0|0|1|1|1|0|0|0|0|1|6962|21098|7902|16344|14052|1427|376|1860|144790098|77844.1387096774|0
"240054925001"|0|1|1|0|0|0|0|1|1|1|0|0|0|0|1|8704|24338|11862|20376|12616|1589|270|1128|114570394|101569.49822695|0
"240135075003"|0|1|1|0|0|0|0|1|1|1|0|0|0|1|0|45876|45876|9468|9468|12246|251|107|248|15427438|62207.4112903226|0
"240135078023"|0|1|0|0|0|0|0|1|1|1|1|0|0|1|0|5232|6672|NA|NA|NA|195|71|160|9983616|62397.6|0
"240150309052"|0|1|0|0|0|0|0|1|1|1|1|0|0|1|0|7050|8490|NA|NA|NA|133|81|108|7263188|67251.7407407407|0
"240178506003"|0|1|0|0|0|0|0|1|1|1|1|0|0|1|0|5496|7056|NA|NA|NA|286|55|242|20104898|83078.0909090909|0
"240217502001"|0|1|0|0|0|0|0|1|1|0|0|1|1|0|0|NA|NA|NA|NA|NA|0|0|0|0|NA|0
"240217506001"|0|1|1|0|0|0|0|1|1|1|0|0|0|1|0|41680|41680|8820|8820|13010|147|55|194|13655014|70386.6701030928|0
"240217512012"|0|1|0|0|0|0|0|1|1|1|1|0|0|1|0|6720|9096|NA|NA|NA|286|95|202|15063800|74573.2673267327|0
"240217668003"|0|1|1|0|0|0|0|1|1|1|0|0|0|1|0|42200|42200|13673|13673|13630|323|164|256|18616460|72720.546875|0
"240230005023"|0|1|0|0|0|0|0|1|1|1|1|0|1|0|0|7644|9380|NA|NA|7760|92|36|44|2970732|67516.6363636364|0
"240253031021"|0|1|0|0|0|0|0|1|1|1|1|0|0|1|0|5427|7664|NA|NA|NA|255|62|204|13289582|65145.0098039216|0
"240253038011"|0|1|0|0|0|0|0|1|1|0|0|1|1|0|0|NA|NA|NA|NA|NA|0|0|0|0|NA|0
"240276051052"|0|0|1|0|0|0|0|1|1|1|0|0|1|0|0|NA|NA|22036|22036|NA|64|8|20|1389286|69464.3|0
"240276056023"|0|1|0|0|0|0|0|1|1|1|1|0|0|1|0|6453|7884|NA|NA|NA|436|121|400|32450402|81126.005|0
"240276067082"|0|1|0|0|0|0|0|1|1|1|1|0|1|0|0|NA|NA|NA|NA|NA|37|12|64|3627702|56682.84375|0
"240276069011"|0|1|0|0|0|0|0|1|1|0|0|1|1|0|0|NA|NA|NA|NA|NA|0|0|0|0|NA|0
"240299503003"|0|1|0|0|0|0|0|1|1|1|0|0|0|1|0|47724|47724|NA|NA|13038|253|67|208|14808364|71194.0576923077|0
"240317010043"|0|1|0|0|0|0|0|1|1|1|1|0|0|0|1|8070|11220|NA|NA|NA|1321|225|946|87626454|92628.3868921776|0
"240317012191"|0|1|0|0|0|0|0|1|1|0|0|1|1|0|0|NA|NA|NA|NA|NA|0|0|0|0|NA|0
"240317012192"|0|1|0|0|0|0|0|1|1|0|0|1|1|0|0|NA|NA|NA|NA|NA|0|0|0|0|NA|0
"240317012223"|0|1|1|0|0|0|0|1|1|1|0|0|1|0|0|NA|NA|13750|13750|NA|21|0|0|0|NA|0
"240317017021"|0|1|1|0|0|0|0|1|1|1|0|0|1|0|0|23400|23400|11250|11250|9830|78|17|64|4463482|69741.90625|0
"240317023012"|0|1|0|0|0|0|0|1|1|0|0|1|1|0|0|NA|NA|NA|NA|NA|0|0|0|0|NA|0
"240317032091"|0|1|0|0|0|0|0|1|1|1|0|0|1|0|0|10200|10200|NA|NA|10400|0|0|12|893882|74490.1666666667|0
"240317034014"|0|1|0|0|0|0|0|1|1|0|0|1|1|0|0|NA|NA|NA|NA|NA|0|0|0|0|NA|0
"240338002172"|0|1|1|0|0|0|0|1|1|1|0|0|1|0|0|25830|25830|11390|11390|12994|62|30|12|767026|63918.8333333333|0
"240338004102"|0|1|1|1|0|0|0|1|1|1|0|0|0|1|0|5647|16338|7614|12762|11476|430|144|454|36963548|81417.5066079295|0
"240338018021"|0|1|0|0|0|0|0|1|1|0|0|1|1|0|0|NA|NA|NA|NA|NA|0|0|0|0|NA|0
"240338019052"|0|1|1|0|0|0|0|1|1|1|0|0|0|1|0|13320|13320|14940|14940|NA|0|0|0|0|NA|0
"240338025011"|0|1|1|0|0|0|0|1|1|1|0|0|1|0|0|5200|5200|5586|5586|NA|31|0|20|771014|38550.7|0
"240338035133"|0|1|0|0|0|0|0|1|1|1|1|0|0|0|1|4848|7296|NA|NA|NA|558|142|460|36792380|79983.4347826087|0
"240338035143"|0|1|1|0|0|0|0|1|1|1|0|0|0|0|1|7200|11976|8640|11862|NA|1489|238|406|35759630|88077.9064039409|0
"240338036022"|0|2|0|0|0|0|0|2|1|1|1|0|1|0|0|NA|NA|NA|NA|NA|18|6|32|2241000|NA|0
"240338036122"|0|1|0|0|0|0|0|1|1|0|0|1|1|0|0|NA|NA|NA|NA|NA|0|0|0|0|NA|0
"240339800001"|0|1|1|0|0|1|0|1|1|1|0|0|0|0|1|8824|34936|13158|29250|13256|8562|845|3698|502071122|135768.286100595|0
"240358106002"|0|1|0|0|0|0|0|1|1|1|1|0|0|1|0|4632|6480|NA|NA|NA|159|49|102|6700390|65690.0980392157|0
"240378760043"|0|1|0|0|0|0|0|1|1|0|0|1|1|0|0|NA|NA|NA|NA|NA|0|0|0|0|NA|0
"240378762003"|0|1|1|0|0|0|0|1|1|1|0|0|0|1|0|12116|28192|16530|16530|13595|245|94|262|20802670|79399.5038167939|0
"240399301011"|0|1|1|1|0|0|0|1|1|1|0|0|0|1|0|5418|15828|7968|14784|10085|471|152|422|37140180|88009.9052132701|0
"240430007001"|0|1|0|0|0|0|0|1|1|0|0|1|1|0|0|NA|NA|NA|NA|NA|0|0|0|0|NA|0
"240430112043"|0|1|0|0|0|0|0|1|1|1|1|0|0|1|0|5760|7560|NA|NA|NA|189|59|148|9240248|62434.1081081081|0
"240450104002"|0|1|1|0|0|0|0|1|1|1|0|0|0|1|0|7264|17330|8769|13599|12260|701|190|878|62181340|70821.5717539863|0
"240450105032"|0|1|0|0|0|0|0|1|1|0|0|1|1|0|0|NA|NA|NA|NA|NA|0|0|0|0|NA|0
"240450106061"|0|1|0|0|0|0|0|1|1|1|1|0|0|1|0|5952|7464|NA|NA|NA|172|59|136|8895476|65407.9117647059|0
"245100401004"|0|1|0|0|0|0|0|1|1|0|0|1|1|0|0|NA|NA|NA|NA|NA|0|0|0|0|NA|0
"245100402001"|0|1|1|0|0|1|0|1|1|1|0|0|0|1|0|9260|38060|15132|32971|NA|2224|286|898|121680688|135501.879732739|0
"245100904001"|0|1|0|0|0|0|0|1|1|0|0|1|1|0|0|NA|NA|NA|NA|NA|0|0|0|0|NA|0
"245101102004"|0|1|1|0|0|0|0|1|1|1|0|0|0|1|0|7014|19374|13824|20034|NA|408|68|360|40997664|113882.4|0
"245101202021"|0|1|1|0|0|1|0|1|1|1|0|0|0|0|1|54160|54160|57010|57010|11095|7039|1361|2842|433015354|152362.897255454|0
"245101401001"|0|1|1|0|0|0|0|1|1|1|0|0|0|1|0|48510|48510|48510|48510|15050|335|69|296|26387736|89147.7567567568|0
"245101504003"|0|1|1|1|0|0|0|1|1|1|0|0|0|1|0|4648|11045|6192|11394|10655|282|89|246|20570572|83620.2113821138|0
"245101505002"|0|1|0|0|0|0|0|1|1|1|1|0|0|1|0|2640|6720|NA|NA|NA|237|50|192|13456102|70083.8645833333|0
"245102201003"|0|1|2|0|0|0|0|2|2|0|0|0|0|0|0|NA|NA|NA|NA|NA|385|24|0|0|NA|0
"245102606056"|0|1|0|0|0|0|0|1|1|0|0|1|1|0|0|NA|NA|NA|NA|NA|0|0|0|0|NA|0
"245102708044"|0|1|1|0|0|0|0|1|1|0|0|0|0|0|0|NA|NA|NA|NA|NA|0|0|0|0|NA|0
"245102709031"|0|1|1|1|0|0|0|1|1|1|0|0|0|1|0|5477|18100|8190|16092|10994|1012|256|856|78805630|92062.6518691589|0
"245102711012"|0|2|2|0|0|0|0|2|2|2|0|0|0|2|0|87995|87995|28566|28566|28386|796|204|848|69913182|158130.657933178|0
"245102720063"|0|1|0|0|0|0|0|1|1|1|0|0|1|0|0|10266|10266|NA|NA|NA|6|1|0|0|NA|0
"250010122002"|0|1|0|0|0|0|0|1|1|1|1|0|0|1|0|576|5520|NA|NA|NA|147|61|130|9139538|70304.1384615385|0
"250010137004"|0|1|1|0|0|0|0|1|1|1|0|0|0|1|0|1890|17010|1429|1429|13352|159|23|192|16780484|87398.3541666667|0
"250010139004"|0|1|0|0|0|0|0|1|1|0|0|1|1|0|0|NA|NA|NA|NA|NA|0|0|0|0|NA|0
"250039001003"|0|1|0|0|0|0|0|1|1|0|0|1|1|0|0|14833|14833|NA|NA|NA|0|0|0|0|NA|0
"250039005002"|0|1|0|0|0|0|0|1|1|1|1|0|0|1|0|624|6240|NA|NA|NA|132|29|122|8012226|65673.9836065574|0
"250039201013"|0|1|1|0|0|0|0|1|1|1|0|0|0|1|0|50450|50450|59350|59350|12750|758|171|634|75310484|118786.252365931|0
"250039213003"|0|1|1|0|0|0|0|1|1|1|0|0|0|1|0|1030|9975|3528|3528|11913|212|47|174|14135310|81237.4137931034|0
"250039214001"|0|1|0|0|0|0|0|1|0|0|0|1|1|0|0|NA|NA|NA|NA|NA|0|0|0|0|NA|0
"250039251021"|0|1|0|0|0|0|0|1|1|1|0|0|1|0|0|57228|57228|NA|NA|15902|90|15|98|6635444|67708.612244898|0
"250056002023"|0|1|0|0|0|0|0|1|1|0|0|1|1|0|0|NA|NA|NA|NA|NA|0|0|0|0|NA|0
"250056111021"|0|1|0|0|0|0|0|1|1|1|0|0|0|1|0|55904|55904|NA|NA|14378|303|86|240|20182344|84093.1|0
"250056138001"|0|1|0|0|0|0|0|1|1|0|0|1|1|0|0|NA|NA|NA|NA|NA|0|0|0|0|NA|0
"250056322004"|0|1|0|0|0|0|0|1|1|0|0|1|1|0|0|NA|NA|NA|NA|NA|0|0|0|0|NA|0
"250056411011"|0|1|0|0|0|0|0|1|1|0|0|1|1|0|0|NA|NA|NA|NA|NA|0|0|0|0|NA|0
"250056417001"|0|1|0|0|0|0|0|1|1|0|0|1|1|0|0|NA|NA|NA|NA|NA|0|0|0|0|NA|0
"250056425001"|0|1|0|0|0|0|0|1|1|1|1|0|0|1|0|576|5520|NA|NA|NA|274|67|236|15798402|66942.3813559322|0
"250056504001"|0|1|0|0|0|0|0|1|1|0|0|1|1|0|0|NA|NA|NA|NA|NA|0|0|0|0|NA|0
"250059855001"|0|1|1|0|0|0|0|1|1|1|0|0|0|1|0|13833|29578|16390|29578|15677|629|178|794|76993864|96969.6020151134|0
"250059856003"|0|1|1|0|0|0|0|1|1|1|0|0|0|1|0|46642|46642|30000|30000|16620|345|85|348|29994936|86192.3448275862|0
"250092041012"|0|1|1|0|0|0|0|1|1|1|0|0|0|1|0|910|7050|2520|4140|14590|474|88|586|55174394|94154.2559726962|0
"250092114013"|0|1|0|0|0|0|0|1|1|1|1|0|0|1|0|600|6168|NA|NA|NA|276|108|240|15992690|66636.2083333333|0
"250092151014"|0|0|1|0|0|0|0|1|1|1|0|0|0|1|0|NA|NA|21750|21750|NA|113|40|52|4325268|83178.2307692308|0
"250092161003"|0|1|1|0|0|0|0|1|1|1|0|0|0|1|0|37560|37560|6300|6300|11420|285|62|146|10616868|72718.2739726027|0
"250092175004"|0|1|0|0|0|0|0|1|1|1|0|0|1|0|0|33800|33800|NA|NA|13800|33|2|34|2026000|59588.2352941177|0
"250092176023"|0|1|1|0|0|0|0|1|1|1|0|0|0|1|0|34470|34470|12666|12666|16130|379|111|230|22382398|97314.7739130435|0
"250092233001"|0|1|0|0|0|0|0|1|1|0|0|1|1|0|0|NA|NA|NA|NA|NA|0|0|0|0|NA|0
"250092532013"|0|1|0|0|0|0|0|1|1|0|0|1|1|0|0|NA|NA|NA|NA|NA|0|0|0|0|NA|0
"250092532022"|0|1|1|0|0|0|0|1|1|1|0|0|0|1|0|42401|42401|30464|30464|16407|396|114|406|34913588|85994.0591133005|0
"250092544024"|0|0|1|0|0|0|0|1|1|1|0|0|1|0|0|NA|NA|NA|NA|NA|12|5|24|3359800|139991.666666667|0
"250092603022"|0|1|0|0|0|0|0|1|1|1|1|0|0|1|0|600|6384|NA|NA|NA|235|59|156|10488702|67235.2692307692|0
"250092611012"|0|1|1|0|0|0|0|1|1|1|0|0|1|0|0|12150|12150|11256|11256|10584|26|8|10|573776|57377.6|0
"250110410001"|0|1|0|0|0|0|0|1|1|1|1|0|0|1|0|624|6744|NA|NA|NA|117|33|92|6297048|68446.1739130435|0
"250138012002"|0|1|0|0|0|0|0|1|1|1|1|0|0|1|0|600|5808|NA|NA|NA|227|77|236|15629668|66227.406779661|0
"250138016011"|0|1|1|0|0|0|0|1|1|1|0|0|0|1|0|36606|36606|25812|25812|14246|427|98|466|42109600|90363.9484978541|0
"250138017002"|0|1|1|0|0|0|0|1|1|1|0|0|0|1|0|38220|38220|12657|12657|14660|173|68|114|7836262|68739.1403508772|0
"250138017005"|0|2|2|0|0|0|0|2|2|2|0|0|1|1|0|57170|57170|51510|51510|NA|385|102|412|30261356|158636.184210526|0
"250138104033"|0|1|0|0|0|0|0|1|1|0|0|1|1|0|0|NA|NA|NA|NA|NA|0|0|0|0|NA|0
"250138109021"|0|1|1|0|0|0|0|1|1|1|0|0|0|1|0|36596|36596|15332|15332|14010|113|49|108|7130302|66021.3148148148|0
"250138121011"|0|1|0|0|0|0|0|1|1|1|1|0|0|1|0|5088|10032|NA|NA|NA|257|99|230|15664288|68105.6|0
"250138122022"|0|1|0|0|0|0|0|1|1|0|0|1|1|0|0|NA|NA|NA|NA|NA|0|0|0|0|NA|0
"250138129031"|0|1|1|0|0|0|0|1|1|1|0|0|0|1|0|970|7050|1890|1890|11139|443|122|452|40745530|90144.9778761062|0
"250138133011"|0|1|1|0|0|0|0|1|1|1|0|0|0|1|0|35781|35781|19235|19235|12799|260|70|160|12536518|78353.2375|0
"250158204001"|0|1|1|0|0|0|0|1|1|1|0|0|0|0|1|15791|35779|14014|30120|13329|3952|916|2904|335932038|115679.076446281|0
"250158206001"|0|1|0|0|0|0|0|1|1|1|0|0|0|1|0|59890|59890|NA|NA|15910|708|212|524|60574004|115599.244274809|0
"250158208021"|0|1|0|0|0|0|0|1|1|1|0|0|1|0|0|50030|50030|NA|NA|14020|206|47|96|7105886|74019.6458333333|0
"250158212001"|0|1|1|0|0|0|0|1|1|1|0|0|0|1|0|54400|54400|29160|29160|16020|561|116|424|41461574|97786.7311320755|0
"250158220001"|0|1|1|0|0|0|0|1|1|1|0|0|0|1|0|53940|53940|53940|53940|18760|723|176|626|68826030|109945.734824281|0
"250173101011"|0|1|0|0|0|0|0|1|1|0|0|1|1|0|0|NA|NA|NA|NA|NA|0|0|0|0|NA|0
"250173105001"|0|1|1|0|0|0|0|1|1|1|0|0|0|0|1|15078|33004|14590|26370|13380|978|209|1260|138866442|110211.461904762|0
"250173131024"|0|1|0|0|0|0|0|1|0|0|0|1|1|0|0|NA|NA|NA|NA|NA|0|0|0|0|NA|0
"250173155001"|0|1|0|0|0|0|0|1|1|0|0|1|1|0|0|NA|NA|NA|NA|NA|0|0|0|0|NA|0
"250173215004"|0|1|0|0|0|0|0|1|0|0|0|1|1|0|0|NA|NA|NA|NA|NA|0|0|0|0|NA|0
"250173335013"|0|1|0|0|0|0|0|1|1|0|0|1|1|0|0|NA|NA|NA|NA|NA|0|0|0|0|NA|0
"250173336011"|0|1|0|0|0|0|0|1|1|0|0|1|1|0|0|NA|NA|NA|NA|NA|0|0|0|0|NA|0
"250173391023"|0|1|0|0|0|0|0|1|1|1|1|0|1|0|0|28675|28675|NA|NA|NA|11|1|74|6798656|91873.7297297297|0
"250173394004"|0|1|0|0|0|0|0|1|1|0|0|1|1|0|0|NA|NA|NA|NA|NA|0|0|0|0|NA|0
"250173395001"|0|1|1|0|0|1|0|1|1|1|0|0|0|0|1|59560|59560|54196|54196|15630|3143|638|1608|200677088|124799.184079602|0
"250173411021"|0|1|0|0|0|0|0|1|1|0|0|1|1|0|0|NA|NA|NA|NA|NA|0|0|0|0|NA|0
"250173413012"|0|1|0|0|0|0|0|1|1|0|0|1|1|0|0|NA|NA|NA|NA|NA|0|0|0|0|NA|0
"250173501061"|0|1|0|0|0|0|0|1|1|0|0|1|1|0|0|NA|NA|NA|NA|NA|0|0|0|0|NA|0
"250173521011"|0|1|1|0|0|0|0|1|1|1|0|0|0|1|0|38568|38568|40115|40115|19050|121|8|62|7524748|121366.903225806|0
"250173531022"|0|1|1|0|0|0|0|1|1|1|0|0|0|0|1|53450|53450|53450|53450|16000|15712|2379|2750|501877078|182500.755636364|0
"250173536002"|0|1|1|0|0|0|0|1|1|1|0|0|0|1|0|29200|29200|18900|18900|16570|270|159|286|24368880|85205.8741258741|0
"250173537003"|0|1|1|0|0|1|0|1|1|1|0|0|0|0|1|49653|49653|49448|49448|18389|13894|2568|3562|727789762|204320.539584503|0
"250173540003"|0|1|1|0|0|0|0|1|1|1|0|0|1|0|0|45900|45900|45900|45900|NA|41|7|32|1492254|46632.9375|0
"250173591003"|0|1|0|0|0|0|0|1|1|1|1|0|0|1|0|576|5520|NA|NA|NA|265|51|220|14863900|67563.1818181818|0
"250173611003"|0|1|0|0|0|0|0|1|1|0|0|1|1|0|0|NA|NA|NA|NA|NA|0|0|0|0|NA|0
"250173672003"|0|0|1|0|0|0|0|1|1|1|0|0|1|0|0|NA|NA|23500|23500|NA|13|3|22|898796|40854.3636363636|0
"250173672005"|0|1|1|0|0|0|0|1|1|1|0|0|0|1|0|43716|43716|38280|38280|16182|188|43|248|18936338|76356.2016129032|0
"250173684005"|0|1|1|0|0|0|0|1|1|1|0|0|0|1|0|55340|55340|51940|51940|16080|1333|245|774|94049592|121511.100775194|0
"250173690001"|0|1|1|0|0|0|0|1|1|1|0|0|0|1|0|53790|53790|40992|40992|17620|557|187|566|75354896|133135.858657244|0
"250173736002"|0|1|1|0|0|0|0|1|1|1|0|0|0|0|1|59050|59050|31824|31824|15220|2869|582|1764|247790180|140470.623582766|0
"250173738001"|0|1|1|0|0|0|0|1|1|1|0|0|1|0|0|29760|29760|31880|31880|NA|37|8|18|1511170|83953.8888888889|0
"250173740002"|0|1|1|0|0|0|0|1|1|1|0|0|1|0|0|10000|10000|33900|33900|NA|89|31|136|14634556|107607.029411765|0
"250173748001"|0|1|1|0|0|0|0|1|1|1|0|0|0|1|0|37500|37500|10800|10800|16000|195|39|152|11387218|74915.9078947368|0
"250173835013"|0|1|0|0|0|0|0|1|1|0|0|1|1|0|0|NA|NA|NA|NA|NA|0|0|0|0|NA|0
"250173835023"|0|1|1|0|0|0|0|1|1|1|0|0|0|1|0|970|7050|1680|7050|12920|353|69|378|32007436|84675.7566137566|0
"250214005003"|0|0|1|0|0|0|0|1|1|1|0|0|1|0|0|NA|NA|19920|19920|NA|6|2|4|195498|48874.5|0
"250214011001"|0|1|1|0|0|0|0|1|1|1|0|0|1|0|0|21940|21940|21940|21940|16192|35|8|26|1744856|67109.8461538462|0
"250214012021"|0|1|1|0|0|0|0|1|1|1|0|0|1|0|0|30660|30660|13100|13100|13830|44|10|70|4124954|58927.9142857143|0
"250214034001"|0|1|0|0|0|0|0|1|1|1|0|0|1|0|0|53990|53990|NA|NA|17460|77|18|94|10313902|109722.361702128|0
"250214041001"|0|1|0|0|0|0|0|1|1|1|1|0|0|1|0|576|5520|NA|NA|NA|168|41|140|9810770|70076.9285714286|0
"250214042023"|0|1|1|0|0|0|0|1|1|1|0|0|0|1|0|54144|54144|89550|89550|17668|616|207|374|59376334|158760.251336898|0
"250214044004"|0|1|0|0|0|0|0|1|1|1|0|0|0|1|0|58120|58120|NA|NA|17772|694|136|658|73933448|112360.863221885|0
"250214131002"|0|1|0|0|0|0|0|1|1|1|1|0|1|0|0|20520|20520|NA|NA|NA|3|1|2|136000|68000|0
"250214132021"|0|1|0|0|0|0|0|1|1|0|0|1|1|0|0|NA|NA|NA|NA|NA|0|0|0|0|NA|0
"250214153002"|0|1|0|0|0|0|0|1|1|0|0|1|1|0|0|NA|NA|NA|NA|NA|0|0|0|0|NA|0
"250214161021"|0|1|1|0|0|0|0|1|1|1|0|0|0|1|0|40080|40080|15114|15114|16085|211|79|216|20011416|92645.4444444444|0
"250214164003"|0|1|0|0|0|0|0|1|1|1|0|0|0|1|0|30438|30438|NA|NA|NA|50|4|64|4807348|75114.8125|0
"250214176012"|0|1|1|0|0|0|0|1|1|1|0|0|1|0|0|29706|29706|10300|10300|9985|89|14|66|3726132|56456.5454545455|0
"250214177033"|0|1|0|0|0|0|0|1|1|0|0|1|1|0|0|NA|NA|NA|NA|NA|0|0|0|0|NA|0
"250214177042"|0|1|0|0|0|0|0|1|1|1|1|0|0|1|0|5832|5832|NA|NA|NA|74|8|76|5968186|78528.7631578947|0
"250214421013"|0|1|0|0|0|0|0|1|1|1|0|0|0|1|0|41118|41118|NA|NA|17648|121|16|54|3690360|68340|0
"250214421041"|0|1|0|0|0|0|0|1|1|0|0|1|1|0|0|NA|NA|NA|NA|NA|0|0|0|0|NA|0
"250235106001"|0|0|0|0|0|0|0|1|0|0|0|0|0|0|0|NA|NA|NA|NA|NA|0|0|0|0|NA|0
"250235111003"|0|1|0|0|0|0|0|1|1|0|0|1|1|0|0|NA|NA|NA|NA|NA|0|0|0|0|NA|0
"250235112001"|0|1|0|0|0|0|0|1|1|1|1|0|0|1|0|576|5520|NA|NA|NA|268|64|212|14955976|70547.0566037736|0
"250235301002"|0|1|0|0|0|0|0|1|1|0|0|1|1|0|0|NA|NA|NA|NA|NA|0|0|0|0|NA|0
"250239803001"|0|1|1|0|0|0|0|1|1|1|0|0|0|0|1|910|7050|1675|1675|13832|751|182|674|59763000|88669.1394658754|0
"250250004022"|0|1|1|0|0|0|0|1|1|1|0|0|1|0|0|26200|26200|18900|18900|NA|9|4|42|1539666|36658.7142857143|0
"250250101033"|0|1|1|0|0|1|0|1|1|1|0|0|0|0|1|56854|56854|56854|56854|16640|5677|1249|3722|515828568|138589.083288555|0
"250250103001"|0|1|1|0|0|0|0|1|1|1|0|0|0|1|0|1030|26630|24000|24000|14800|253|67|228|20277082|88934.5701754386|0
"250250103002"|0|3|3|0|0|0|0|3|3|3|0|0|0|3|0|116546|116546|58074|58074|47436|974|178|1254|124376660|278004.877522771|0
"250250104051"|0|3|3|0|0|0|0|3|3|3|0|0|1|0|2|118784|118784|100998|100998|NA|3627|772|3302|396981978|298295.847058455|0
"250250104052"|0|1|1|0|0|0|0|1|1|1|0|0|0|1|0|44360|44360|42973|42973|18640|593|213|648|58999946|91049.2993827161|0
"250250107013"|0|1|1|0|0|0|0|1|1|1|0|0|1|0|0|23488|23488|25220|25220|14750|68|14|50|3750000|75000|0
"250250108011"|0|1|1|0|0|0|0|1|1|1|0|0|0|1|0|31700|31700|26166|26166|16569|91|10|66|4730556|71675.0909090909|0
"250250108021"|0|0|1|0|1|0|0|1|1|1|0|0|1|0|0|NA|NA|21296|21296|NA|90|24|98|10726878|109457.93877551|0
"250250303021"|0|1|1|0|0|0|0|1|1|0|0|0|0|0|0|NA|NA|NA|NA|NA|293|35|0|0|NA|0
"250250304003"|0|1|0|0|0|0|0|1|1|0|0|1|1|0|0|NA|NA|NA|NA|NA|0|0|0|0|NA|0
"250250406001"|0|2|1|0|0|0|0|2|2|2|1|0|0|2|0|16842|21786|NA|NA|NA|489|170|318|23985252|164841.245650373|0
"250250408013"|0|1|1|0|0|0|0|1|1|1|0|0|0|1|0|73200|73200|65070|65070|NA|137|42|194|21474012|110690.783505155|0
"250250701021"|0|1|1|0|0|0|0|1|1|1|0|0|0|1|0|41242|41242|39914|39914|17462|595|174|706|75515076|106961.864022663|0
"250250701022"|0|1|0|0|0|0|0|1|1|0|0|1|1|0|0|NA|NA|NA|NA|NA|0|0|0|0|NA|0
"250250701023"|0|1|0|0|0|0|0|1|1|1|1|0|1|0|0|7104|7104|NA|NA|NA|10|1|2|96000|48000|0
"250250702012"|0|1|2|0|0|0|0|2|2|2|0|0|1|1|0|NA|NA|NA|NA|NA|614|136|512|50700686|254012.376031053|0
"250250703012"|0|1|0|0|0|0|0|1|1|1|0|0|1|0|0|16950|16950|NA|NA|NA|38|2|64|3760610|58759.53125|0
"250250703023"|0|1|0|0|0|0|0|1|1|1|0|0|1|0|0|28500|28500|NA|NA|13300|63|22|32|2468822|77150.6875|0
"250250808011"|0|1|1|0|0|0|0|1|1|1|0|0|0|1|0|35970|35970|38600|38600|14966|347|69|338|28161920|83319.2899408284|0
"250250814002"|0|1|0|0|0|0|0|1|1|1|1|0|0|1|0|624|5928|NA|NA|NA|125|19|78|5040000|64615.3846153846|0
"250250909012"|0|1|1|0|0|0|0|1|1|1|0|0|0|0|1|14187|34649|18433|35980|17437|973|510|1368|141396356|103359.909356725|0
"250250916003"|0|1|0|0|0|0|0|1|1|0|0|1|1|0|0|NA|NA|NA|NA|NA|0|0|0|0|NA|0
"250251402023"|0|1|0|0|0|0|0|1|1|1|0|0|1|0|0|11400|11400|NA|NA|7000|4|0|4|197240|49310|0
"250277075001"|0|1|0|0|0|0|0|1|1|1|1|0|0|1|0|600|5520|NA|NA|NA|226|92|120|8708712|72572.6|0
"250277103002"|0|1|0|0|0|0|0|1|0|0|0|1|1|0|0|NA|NA|NA|NA|NA|0|0|0|0|NA|0
"250277108001"|0|1|1|0|0|0|0|1|1|1|0|0|0|1|0|970|7050|3420|3420|11490|341|91|400|34084978|85212.445|0
"250277121013"|0|1|0|0|0|0|0|1|1|0|0|1|1|0|0|NA|NA|NA|NA|NA|0|0|0|0|NA|0
"250277271002"|0|1|1|0|0|0|0|1|1|1|0|0|0|1|0|36920|36920|10530|10530|14950|87|33|84|4853102|57775.0238095238|0
"250277303002"|0|1|0|0|0|0|0|1|1|1|1|0|0|1|0|576|5520|NA|NA|NA|280|102|266|20054692|75393.5789473684|0
"250277306004"|0|1|1|0|0|0|0|1|1|1|0|0|0|1|0|43178|43178|13320|13320|13590|180|63|284|21975768|77379.4647887324|0
"250277306005"|0|1|0|0|0|0|0|1|1|0|0|1|1|0|0|NA|NA|NA|NA|NA|0|0|0|0|NA|0
"250277309021"|0|1|1|0|0|0|0|1|1|1|0|0|0|1|0|970|7050|3042|3042|12568|345|110|406|33592338|82739.7487684729|0
"250277312021"|0|1|1|0|0|0|0|1|1|1|0|0|0|1|0|48250|48250|47650|47650|9800|453|145|414|42129584|101762.280193237|0
"250277315001"|0|1|0|0|0|0|0|1|1|0|0|1|1|0|0|NA|NA|NA|NA|NA|0|0|0|0|NA|0
"250277316014"|0|1|1|0|0|0|0|1|1|1|0|0|0|1|0|36300|36300|19142|19142|13800|142|27|90|5729272|63658.5777777778|0
"250277316022"|0|1|1|0|0|0|0|1|1|1|0|0|0|1|0|53100|53100|28980|28980|15680|814|256|816|93836310|114995.477941176|0
"250277318012"|0|1|0|0|0|0|0|1|1|0|0|1|1|0|0|NA|NA|NA|NA|NA|0|0|0|0|NA|0
"250277320023"|0|0|1|0|0|1|0|1|1|1|0|0|0|1|0|NA|NA|24503|36368|NA|9|1|52|6588512|126702.153846154|0
"250277329021"|0|1|0|0|0|0|0|1|1|1|0|0|0|1|0|54050|54050|NA|NA|15560|680|217|588|61378014|104384.37755102|0
"250277424023"|0|1|0|0|0|0|0|1|1|0|0|1|1|0|0|NA|NA|NA|NA|NA|0|0|0|0|NA|0
"250277431004"|0|1|0|0|0|0|0|1|1|0|0|1|1|0|0|NA|NA|NA|NA|NA|0|0|0|0|NA|0
"250277552021"|0|1|1|0|0|0|0|1|1|1|0|0|0|1|0|35290|35290|758|758|13950|109|29|104|7825018|75240.5576923077|0
"250277561023"|0|1|0|0|0|0|0|1|1|0|0|1|1|0|0|NA|NA|NA|NA|NA|0|0|0|0|NA|0
"260070003004"|0|1|0|0|0|0|0|1|1|1|0|0|0|1|0|7155|7155|NA|NA|7150|60|15|90|7602982|84477.5777777778|0
"260130002002"|0|1|0|0|0|0|1|1|1|1|1|0|1|0|0|3600|3600|NA|NA|NA|14|9|8|367870|45983.75|0
"260150105001"|0|1|0|0|0|0|0|1|1|0|0|1|1|0|0|7598|11024|NA|NA|6404|0|0|0|0|NA|0
"260172854003"|0|1|0|0|0|0|0|1|1|1|1|0|0|1|0|5970|11190|NA|NA|NA|259|105|352|30671266|87134.2784090909|0
"260172859002"|0|1|0|0|0|0|0|1|1|1|1|0|1|0|0|NA|NA|NA|NA|NA|0|0|0|0|NA|0
"260172865001"|0|1|0|0|0|0|0|1|1|0|0|1|1|0|0|NA|NA|NA|NA|NA|0|0|0|0|NA|0
"260210011001"|0|1|0|0|0|0|0|1|1|0|0|1|1|0|0|NA|NA|NA|NA|NA|0|0|0|0|NA|0
"260210024002"|0|1|0|0|0|0|0|1|1|1|1|0|0|1|0|6743|6743|NA|NA|9980|134|55|104|8414246|80906.2115384615|0
"260210213003"|0|1|1|0|0|0|0|1|1|1|0|0|0|1|0|29808|29808|27936|27936|9540|407|131|398|24729092|62133.3969849246|0
"260250005002"|0|1|0|0|0|0|0|1|1|0|0|1|0|0|0|NA|NA|NA|NA|NA|0|0|0|0|NA|0
"260250009001"|0|1|0|0|0|0|0|1|1|1|1|0|0|1|0|6130|8742|NA|NA|NA|157|64|166|13983344|84237.0120481928|0
"260250014001"|0|1|0|0|0|0|0|1|1|0|0|1|1|0|0|NA|NA|NA|NA|NA|0|0|0|0|NA|0
"260250018022"|0|1|0|0|0|0|0|1|1|0|0|1|1|0|0|NA|NA|NA|NA|NA|0|0|0|0|NA|0
"260250034001"|0|1|0|0|0|0|0|1|1|1|0|0|0|1|0|50070|50070|NA|NA|12380|279|102|246|16066976|65312.9105691057|0
"260270021004"|0|1|0|0|0|0|0|1|1|1|1|0|0|1|0|5107|5565|NA|NA|9450|92|22|106|6380832|60196.5283018868|0
"260339703001"|0|1|0|0|0|0|0|1|1|1|0|0|0|1|0|12456|12456|NA|NA|10472|204|44|186|11319396|60856.9677419355|0
"260339706022"|0|1|0|0|0|0|1|1|1|1|0|0|1|0|0|2660|2660|NA|NA|NA|53|13|30|1417578|47252.6|0
"260350008003"|0|1|0|0|0|0|0|1|1|1|1|0|0|1|0|7364|7364|NA|NA|NA|94|24|106|7860270|74153.4905660377|0
"260399603003"|0|1|0|0|0|0|0|1|1|1|1|0|0|1|0|5460|7800|NA|NA|NA|59|20|44|2632778|59835.8636363636|0
"260419705003"|0|1|0|0|0|0|0|1|1|1|1|0|0|1|0|6976|8516|NA|NA|7500|74|20|74|5871666|79346.8378378378|0
"260450201031"|0|1|0|0|0|0|0|1|1|1|0|0|1|0|0|15750|15750|NA|NA|8600|14|4|18|763538|42418.7777777778|0
"260450201032"|0|1|0|0|0|0|0|1|1|0|0|1|1|0|0|NA|NA|NA|NA|NA|0|0|0|0|NA|0
"260450211001"|0|1|1|0|0|0|0|1|1|1|0|0|0|1|0|30126|30126|NA|NA|10500|116|47|90|5068912|56321.2444444444|0
"260479707003"|0|1|0|0|0|0|0|1|1|1|1|0|0|1|0|5992|7784|NA|NA|6400|68|11|60|5868960|97816|0
"260490013001"|0|1|0|0|0|0|0|1|1|0|0|1|1|0|0|NA|NA|NA|NA|NA|0|0|0|0|NA|0
"260490016003"|0|1|1|0|0|0|0|1|1|1|0|0|0|1|0|42906|42906|15252|15252|8400|276|60|218|18279740|83852.0183486239|0
"260490028001"|0|1|1|0|0|0|0|1|1|1|0|0|0|1|0|11868|23604|11862|17748|10650|434|82|546|46247992|84703.282051282|0
"260490030001"|0|1|0|0|0|0|0|1|1|1|1|0|0|1|0|4402|6274|NA|NA|NA|276|110|274|20436432|74585.5182481752|0
"260490109121"|0|2|0|0|0|0|0|2|2|0|0|2|2|0|0|NA|NA|NA|NA|NA|0|0|0|0|NA|0
"260490111042"|0|1|0|0|0|0|0|1|1|0|0|1|1|0|0|NA|NA|NA|NA|NA|0|0|0|0|NA|0
"260490117113"|0|1|0|0|0|0|0|1|1|0|0|1|1|0|0|NA|NA|NA|NA|NA|0|0|0|0|NA|0
"260539507002"|0|1|0|0|0|0|0|1|1|1|1|0|1|0|0|5580|6479|NA|NA|5600|39|15|64|4110642|64228.78125|0
"260555510001"|0|1|0|0|0|0|0|1|1|1|0|0|0|1|0|7264|9472|NA|NA|8275|205|43|160|12718448|79490.3|0
"260570005004"|0|1|0|0|0|0|0|1|1|1|0|0|0|1|0|42352|42352|NA|NA|11790|158|56|182|12068544|66310.6813186813|0
"260590507001"|0|1|1|0|0|0|0|1|1|1|0|0|0|1|0|28170|28170|24860|24860|11910|432|143|298|25906028|86932.9798657718|0
"260590508002"|0|1|0|0|0|0|0|1|1|0|0|1|1|0|0|NA|NA|NA|NA|NA|0|0|0|0|NA|0
"260610006003"|0|1|0|0|0|0|0|1|1|1|0|0|1|0|0|23390|23390|NA|NA|9156|99|27|52|2460608|47319.3846153846|0
"260610008002"|0|1|1|0|0|0|0|1|1|1|0|0|0|1|0|17339|38082|21744|21744|11314|1052|205|792|76224674|96243.2752525253|0
"260650006001"|0|1|0|0|0|0|0|1|1|1|1|0|0|0|1|6660|9990|NA|NA|NA|454|172|364|28209392|77498.3296703297|0
"260650028001"|0|1|0|0|0|0|0|1|1|1|1|0|1|0|0|NA|NA|NA|NA|NA|31|4|20|925444|46272.2|0
"260650041002"|0|1|0|0|0|0|0|1|1|0|0|1|1|0|0|NA|NA|NA|NA|NA|0|0|0|0|NA|0
"260650043022"|0|1|0|0|0|0|0|1|1|0|0|1|1|0|0|NA|NA|NA|NA|NA|0|0|0|0|NA|0
"260650067001"|0|0|1|0|0|0|0|1|1|1|0|0|1|0|0|NA|NA|11400|11400|NA|131|20|94|12971012|137989.489361702|0
"260659800001"|0|1|2|0|0|1|0|2|1|1|0|0|0|0|1|NA|NA|NA|NA|NA|8734|1272|5046|566191394|NA|0
"260670319004"|0|1|0|0|0|0|0|1|1|0|0|1|1|0|0|NA|NA|NA|NA|NA|0|0|0|0|NA|0
"260679822001"|0|0|0|0|0|0|0|1|0|0|0|0|0|0|0|NA|NA|NA|NA|NA|0|0|0|0|NA|0
"260730005001"|0|1|1|0|0|1|0|1|1|1|0|0|0|0|1|12296|22881|14223|18909|10676|1337|529|1378|125434042|91026.1552975327|0
"260730007032"|0|1|0|0|0|0|0|1|1|1|1|0|1|0|0|NA|NA|NA|NA|NA|5|0|10|351334|35133.4|0
"260739403001"|0|1|0|0|0|0|0|1|1|0|0|1|1|0|0|NA|NA|NA|NA|NA|0|0|0|0|NA|0
"260739403002"|0|1|0|0|0|0|1|1|1|1|1|0|1|0|0|1560|1560|NA|NA|NA|12|1|16|872852|54553.25|0
"260739405002"|0|1|0|0|0|0|0|1|1|0|0|1|1|0|0|NA|NA|NA|NA|NA|0|0|0|0|NA|0
"260750006002"|0|1|0|0|0|0|0|1|1|1|1|0|1|0|0|NA|NA|NA|NA|NA|2|0|6|214040|35673.3333333333|0
"260750052011"|0|1|0|0|0|0|0|1|1|1|0|0|0|1|0|7846|10461|NA|NA|10000|156|41|132|10534264|79805.0303030303|0
"260750054004"|0|1|1|0|0|0|0|1|1|1|0|0|0|1|0|29872|29872|7942|7942|10456|171|86|164|10124750|61736.2804878049|0
"260770002013"|0|0|1|0|0|1|0|1|1|1|0|0|1|0|0|NA|NA|21000|21000|NA|0|0|0|0|NA|0
"260770005004"|0|1|0|0|0|0|0|1|1|1|0|0|0|1|0|51999|51999|NA|NA|10530|235|80|228|16912036|74175.5964912281|0
"260770015041"|0|1|1|0|0|0|0|1|1|1|0|0|0|0|1|12094|15118|16360|30432|10567|1395|324|1504|138045832|91785.7925531915|0
"260770017011"|0|1|0|0|0|0|0|1|1|0|0|1|1|0|0|NA|NA|NA|NA|NA|0|0|0|0|NA|0
"260770029073"|0|1|0|0|0|0|0|1|1|0|0|1|1|0|0|NA|NA|NA|NA|NA|0|0|0|0|NA|0
"260770030074"|0|1|0|0|0|0|0|1|1|1|1|0|0|1|0|5850|7920|NA|NA|NA|277|74|232|21121938|91042.8362068966|0
"260810020001"|0|1|0|0|0|0|0|1|1|1|1|0|0|0|1|7410|11130|NA|NA|NA|424|171|422|34117070|80846.1374407583|0
"260810020002"|0|1|0|0|0|0|0|1|1|1|0|0|1|0|0|14040|14040|NA|NA|NA|11|3|6|312000|52000|0
"260810024003"|0|1|1|0|0|0|0|1|1|1|0|0|0|1|0|34386|34386|11034|11034|9876|166|65|170|9692532|57014.8941176471|0
"260810044002"|0|1|2|0|0|0|0|2|2|2|0|0|1|1|0|NA|NA|46142|46142|NA|395|177|434|34597932|178564.584464555|0
"260810112003"|0|1|0|0|0|0|0|1|1|1|1|0|1|0|0|NA|NA|NA|NA|NA|3|0|10|455374|45537.4|0
"260810115023"|0|1|0|0|0|0|0|1|1|0|0|1|1|0|0|NA|NA|NA|NA|NA|0|0|0|0|NA|0
"260810118014"|0|1|1|0|0|0|0|1|1|1|0|0|1|0|0|23970|23970|5400|5400|7930|22|6|20|1376262|68813.1|0
"260810118031"|0|1|1|0|0|0|0|1|1|1|0|0|0|1|0|26250|26250|13920|13920|9960|194|75|128|7307338|57088.578125|0
"260810126111"|0|1|0|0|0|0|0|1|1|0|0|1|1|0|0|NA|NA|NA|NA|NA|0|0|0|0|NA|0
"260810127042"|0|1|0|0|0|0|0|1|1|0|0|1|1|0|0|NA|NA|NA|NA|NA|0|0|0|0|NA|0
"260810135003"|0|1|1|0|0|0|0|1|1|1|0|0|0|1|0|13740|13740|10560|10560|8300|71|40|40|1872350|46808.75|0
"260810148112"|0|1|1|0|0|0|0|1|1|1|0|0|0|1|0|19320|19320|15696|15696|10268|356|148|230|17492166|76052.8956521739|0
"260910613011"|0|1|1|0|0|0|0|1|1|1|0|0|0|1|0|27000|27000|12300|12300|11430|168|38|176|10144598|57639.7613636364|0
"260910615004"|0|1|1|0|0|0|0|1|1|1|0|0|0|1|0|37755|37755|18600|18600|12130|209|105|174|13179790|75745.9195402299|0
"260937408001"|0|1|0|0|0|0|0|1|1|0|0|1|1|0|0|NA|NA|NA|NA|NA|0|0|0|0|NA|0
"260937411002"|0|1|0|0|0|0|0|1|1|0|0|1|1|0|0|NA|NA|NA|NA|NA|0|0|0|0|NA|0
"260937424034"|0|1|1|0|0|0|0|1|1|1|0|0|1|0|0|21630|21630|16088|16088|12600|63|5|12|780000|65000|0
"260979501002"|0|1|0|0|0|0|0|1|1|0|0|1|1|0|0|12667|12667|NA|NA|NA|0|0|0|0|NA|0
"260992200023"|0|1|0|0|0|0|0|1|1|0|0|1|1|0|0|NA|NA|NA|NA|NA|0|0|0|0|NA|0
"260992309022"|0|1|0|0|0|0|0|1|1|0|0|1|1|0|0|NA|NA|NA|NA|NA|0|0|0|0|NA|0
"260992550001"|0|2|0|0|0|0|0|2|2|0|0|2|2|0|0|50160|50160|NA|NA|NA|0|0|0|0|NA|0
"260999801001"|0|1|0|0|0|0|0|1|1|1|1|0|0|0|1|5700|7260|NA|NA|NA|438|122|392|33668610|85889.3112244898|0
"260999820021"|0|1|0|0|0|0|0|1|1|0|0|1|1|0|0|NA|NA|NA|NA|NA|0|0|0|0|NA|0
"261030005001"|0|1|1|0|0|0|0|1|1|1|0|0|0|1|0|11882|17504|9408|12864|11072|600|197|592|46192528|78027.9189189189|0
"261059502003"|0|1|0|0|0|0|0|1|1|1|1|0|0|1|0|4080|5760|NA|NA|NA|60|16|52|3981456|76566.4615384615|0
"261079813001"|0|1|1|0|0|0|0|1|1|1|0|0|0|0|1|12768|12768|7908|7908|10036|759|235|970|84742740|87363.6494845361|0
"261112904001"|0|1|1|0|0|0|0|1|1|1|0|0|0|1|0|28020|28020|37080|37080|11110|209|87|96|6194120|64522.0833333333|0
"261112910003"|0|1|0|0|0|0|0|1|1|0|0|1|1|0|0|NA|NA|NA|NA|NA|0|0|0|0|NA|0
"261158322001"|0|1|0|0|0|0|0|1|1|0|0|1|1|0|0|NA|NA|NA|NA|NA|0|0|0|0|NA|0
"261158324004"|0|1|0|0|0|0|0|1|1|1|1|0|0|1|0|4844|5436|NA|NA|NA|110|34|88|8051810|91497.8409090909|0
"261179708003"|0|1|0|0|0|0|0|1|1|1|1|0|0|1|0|6420|10500|NA|NA|NA|55|17|62|5285514|85250.2258064516|0
"261210001001"|0|1|0|0|0|0|0|1|1|1|1|0|0|1|0|9080|12720|NA|NA|NA|138|59|154|14849704|96426.6493506494|0
"261210022004"|0|1|0|0|0|0|0|1|1|0|0|1|1|0|0|NA|NA|NA|NA|NA|0|0|0|0|NA|0
"261210024002"|0|1|0|0|0|0|0|1|1|0|0|1|1|0|0|NA|NA|NA|NA|NA|0|0|0|0|NA|0
"261251409004"|0|1|0|0|0|0|0|1|1|0|0|1|1|0|0|20400|20400|NA|NA|NA|0|0|0|0|NA|0
"261251441001"|0|1|0|0|0|0|0|1|1|0|0|1|1|0|0|NA|NA|NA|NA|NA|0|0|0|0|NA|0
"261251441004"|0|1|0|0|0|0|0|1|1|0|0|1|1|0|0|NA|NA|NA|NA|NA|0|0|0|0|NA|0
"261251448002"|0|1|0|0|0|0|0|1|1|0|0|1|1|0|0|NA|NA|NA|NA|NA|0|0|0|0|NA|0
"261251520001"|0|0|1|0|0|0|0|1|1|1|0|0|1|0|0|NA|NA|39240|39240|NA|24|5|20|1681040|84052|0
"261251520004"|0|1|0|0|0|0|0|1|1|1|1|0|0|0|1|4512|4512|NA|NA|NA|458|179|396|38225840|96529.898989899|0
"261251610002"|0|1|0|0|0|0|0|1|1|0|0|1|1|0|0|NA|NA|NA|NA|NA|0|0|0|0|NA|0
"261251616001"|0|2|1|0|0|0|0|2|1|0|0|1|1|0|0|NA|NA|NA|NA|NA|0|0|0|0|NA|0
"261251616002"|0|1|1|0|0|0|0|1|1|1|0|0|0|1|0|35430|35430|17318|17318|10900|225|91|216|15780806|73059.287037037|0
"261251619002"|0|1|0|0|0|0|0|1|1|0|0|1|1|0|0|NA|NA|NA|NA|NA|0|0|0|0|NA|0
"261251623001"|0|1|0|0|0|0|0|1|1|0|0|1|1|0|0|NA|NA|NA|NA|NA|0|0|0|0|NA|0
"261251666003"|0|1|0|0|0|0|0|1|1|0|0|1|1|0|0|NA|NA|NA|NA|NA|0|0|0|0|NA|0
"261251670007"|0|0|1|0|0|0|0|1|1|1|0|0|1|0|0|NA|NA|32859|32859|NA|15|2|30|2718898|90629.9333333333|0
"261251714003"|0|1|1|0|0|0|0|1|1|1|0|0|1|0|0|7700|7700|5700|5700|4820|1|0|12|616600|51383.3333333333|0
"261251810012"|0|2|0|0|0|0|0|2|2|0|0|2|2|0|0|58560|58560|NA|NA|NA|0|0|0|0|NA|0
"261251812002"|0|1|0|0|0|0|0|1|1|0|0|1|1|0|0|NA|NA|NA|NA|NA|0|0|0|0|NA|0
"261251832004"|0|1|0|0|0|0|0|1|1|0|0|1|1|0|0|NA|NA|NA|NA|NA|0|0|0|0|NA|0
"261251845002"|0|1|0|0|0|0|0|1|1|0|0|1|1|0|0|NA|NA|NA|NA|NA|0|0|0|0|NA|0
"261251933004"|0|1|1|0|0|0|0|1|1|1|0|0|0|1|0|24720|24720|10206|10206|8840|86|24|68|3840386|56476.2647058823|0
"261251970002"|0|1|1|0|0|0|0|1|1|1|0|0|0|1|0|11565|11565|12750|12750|NA|77|29|38|3973000|104552.631578947|0
"261251972002"|0|1|0|0|0|0|0|1|1|0|0|1|1|0|0|NA|NA|NA|NA|NA|0|0|0|0|NA|0
"261251974002"|0|1|0|0|0|0|0|1|1|0|0|1|1|0|0|14020|14020|NA|NA|NA|0|0|0|0|NA|0
"261251976002"|0|1|0|0|0|0|0|1|1|1|0|0|1|0|0|19572|19572|NA|NA|NA|0|0|0|0|NA|0
"261259813001"|0|1|1|0|0|1|0|1|1|1|0|0|0|0|1|14520|24735|18546|24648|11022|1074|367|1212|104814612|86480.702970297|0
"261390211002"|0|1|0|0|0|0|0|1|1|0|0|1|1|0|0|NA|NA|NA|NA|NA|0|0|0|0|NA|0
"261390245023"|0|1|1|0|0|0|0|1|1|1|0|0|0|0|1|13576|19168|17448|17448|9732|1388|564|2202|191335596|86891.7329700273|0
"261390249021"|0|1|1|0|0|0|0|2|2|2|0|0|1|1|0|NA|NA|NA|NA|NA|469|162|478|36106258|159531.212049013|0
"261450102001"|0|1|1|0|0|0|0|1|1|1|0|0|0|1|0|10376|24963|14950|28430|10850|430|151|542|41117520|75862.5830258303|0
"261450103042"|0|2|0|0|0|0|0|2|2|0|0|2|2|0|0|NA|NA|NA|NA|NA|0|0|0|0|NA|0
"261476240002"|0|1|0|0|0|0|0|1|1|0|0|1|1|0|0|NA|NA|NA|NA|NA|0|0|0|0|NA|0
"261476250014"|0|1|0|0|0|0|0|1|1|1|1|0|0|1|0|8655|12195|NA|NA|10902|105|36|120|10144972|84541.4333333333|0
"261476290001"|0|1|0|0|0|0|0|1|1|0|0|1|1|0|0|NA|NA|NA|NA|NA|0|0|0|0|NA|0
"261476360001"|0|1|0|0|0|0|0|1|1|0|0|1|1|0|0|NA|NA|NA|NA|NA|0|0|0|0|NA|0
"261490413013"|0|1|0|0|0|0|0|1|1|1|1|0|1|0|0|4608|5472|NA|NA|9236|58|12|52|3710942|71364.2692307692|0
"261550308002"|0|1|1|0|0|0|0|1|1|1|0|0|0|1|0|9960|9960|12510|12510|6300|241|36|252|16583016|65805.6190476191|0
"261614023002"|0|1|1|0|0|0|0|1|1|1|0|0|0|1|0|30890|30890|12510|12510|11130|101|37|116|7960460|68624.6551724138|0
"261614060002"|0|1|0|0|0|0|0|1|1|1|1|0|0|0|1|3936|5448|NA|NA|NA|357|105|312|30218784|96855.0769230769|0
"261614140002"|0|1|0|0|0|0|0|1|1|0|0|1|1|0|0|NA|NA|NA|NA|NA|0|0|0|0|NA|0
"261619801011"|0|1|1|0|1|1|0|1|1|1|0|0|0|0|1|16520|53669|24344|49120|12034|11632|2082|7786|905389534|116284.29668636|0
"261619805001"|0|1|1|0|0|0|0|1|1|1|0|0|0|0|1|13500|13500|14868|26442|11350|864|263|1300|114559484|88122.68|0
"261635173002"|0|1|1|0|0|0|0|1|1|1|0|0|1|0|0|NA|NA|12480|12480|NA|8|2|2|90000|45000|0
"261635180002"|0|1|1|0|0|0|0|1|1|1|0|0|0|1|0|46170|46170|48240|48240|7750|206|50|106|10086346|95154.2075471698|0
"261635202002"|0|1|1|0|0|1|0|1|1|1|0|0|0|0|1|13024|29894|16285|35274|10694|2618|355|2082|224033248|107604.826128722|0
"261635208001"|0|1|0|0|0|0|0|1|1|1|1|0|0|0|1|2839|3574|NA|NA|NA|444|128|140|10178638|72704.5571428571|0
"261635211002"|0|1|0|0|0|0|0|1|1|0|0|1|1|0|0|NA|NA|NA|NA|NA|0|0|0|0|NA|0
"261635302003"|0|1|1|0|0|1|0|1|1|1|0|0|0|1|0|29562|29562|20047|20047|10240|544|159|630|60619436|96221.326984127|0
"261635311001"|0|1|1|0|0|0|0|1|1|1|0|0|1|0|0|20987|20987|30425|30425|11325|31|5|28|1898008|67786|0
"261635334001"|0|1|0|0|0|0|0|1|1|0|0|1|1|0|0|NA|NA|NA|NA|NA|0|0|0|0|NA|0
"261635343001"|0|1|0|0|0|0|0|1|1|0|0|1|1|0|0|NA|NA|NA|NA|NA|0|0|0|0|NA|0
"261635361003"|0|1|0|0|0|0|0|1|1|0|0|1|1|0|0|NA|NA|NA|NA|NA|0|0|0|0|NA|0
"261635457001"|0|1|0|0|0|0|0|1|1|0|0|1|1|0|0|20400|20400|NA|NA|NA|0|0|0|0|NA|0
"261635565001"|0|1|0|0|0|0|0|1|1|1|0|0|0|1|0|4602|6760|NA|NA|NA|327|49|174|17292562|99382.5402298851|0
"261635636001"|0|1|0|0|0|0|0|1|1|0|0|1|1|0|0|NA|NA|NA|NA|NA|0|0|0|0|NA|0
"261635641003"|0|1|0|0|0|0|0|1|1|0|0|1|1|0|0|NA|NA|NA|NA|NA|0|0|0|0|NA|0
"261635665001"|0|1|0|0|0|0|0|1|1|0|0|1|1|0|0|29280|29280|NA|NA|NA|0|0|0|0|NA|0
"261635730002"|0|1|0|0|0|0|0|1|1|0|0|1|0|0|0|NA|NA|NA|NA|NA|0|0|0|0|NA|0
"261635799004"|0|2|1|0|0|0|0|2|2|2|0|0|0|1|1|17400|33288|NA|NA|NA|757|194|1036|101707030|200331.413462863|0
"261635812001"|0|1|0|0|0|0|0|1|1|0|0|1|1|0|0|NA|NA|NA|NA|NA|0|0|0|0|NA|0
"261635833001"|0|1|0|0|0|0|0|1|1|0|0|1|1|0|0|NA|NA|NA|NA|NA|0|0|0|0|NA|0
"261635846003"|0|1|0|0|0|0|0|1|1|0|0|1|1|0|0|NA|NA|NA|NA|NA|0|0|0|0|NA|0
"261635952011"|0|1|0|0|0|0|0|1|1|0|0|1|1|0|0|NA|NA|NA|NA|NA|0|0|0|0|NA|0
"261639821021"|0|1|0|0|0|0|0|1|1|0|0|1|1|0|0|20400|20400|NA|NA|NA|0|0|0|0|NA|0
"261639834001"|0|1|1|0|0|0|0|1|1|1|0|0|0|1|0|24000|24000|16200|16200|11450|141|23|182|12101620|66492.4175824176|0
"261653807003"|0|1|0|0|0|0|0|1|1|0|0|1|1|0|0|NA|NA|NA|NA|NA|0|0|0|0|NA|0
"270030504012"|0|1|0|0|0|0|0|1|1|1|1|0|0|1|0|5237|5237|NA|NA|NA|44|8|114|8588876|75341.0175438596|0
"270030506051"|0|1|0|0|0|0|0|1|1|1|1|0|0|1|0|4546|4546|NA|NA|NA|195|46|252|19128010|75904.8015873016|0
"270030510022"|0|1|0|0|0|0|0|1|1|0|0|1|1|0|0|NA|NA|NA|NA|NA|0|0|0|0|NA|0
"270074501021"|0|1|0|0|0|0|0|1|1|1|0|0|1|0|0|17034|17034|NA|NA|7310|19|3|16|641668|40104.25|0
"270074506004"|0|1|1|0|0|0|0|1|1|1|0|0|0|1|0|7976|7976|8012|8012|8920|255|78|324|25843558|79764.0679012346|0
"270074507062"|0|1|0|0|0|0|0|1|1|1|1|0|1|0|0|5415|5415|NA|NA|NA|26|4|42|2914216|69386.0952380952|0
"270079400011"|0|1|0|0|0|0|1|1|1|1|1|0|1|0|0|NA|NA|NA|NA|NA|25|0|14|710830|50773.5714285714|0
"270131706002"|0|1|0|0|0|0|0|1|1|1|0|0|1|0|0|27700|27700|NA|NA|8090|70|18|84|5514916|65653.7619047619|0
"270131711012"|0|1|1|0|0|0|0|1|1|1|0|0|0|0|1|7504|15922|7994|7994|10078|712|228|988|87052024|88109.3360323887|0
"270159602003"|0|1|1|0|0|0|0|1|1|1|0|0|1|0|0|16420|16420|5400|5400|6480|57|22|166|9214642|55509.8915662651|0
"270170702002"|0|1|0|0|0|0|1|1|1|1|1|0|0|1|0|4984|4984|NA|NA|7108|44|7|50|3630788|72615.76|0
"270190904012"|0|1|1|0|0|0|0|1|1|1|0|0|0|1|0|27270|27270|9990|9990|9200|60|18|56|3547538|63348.8928571429|0
"270219400022"|0|1|0|0|0|0|1|1|1|1|1|0|1|0|0|3696|3696|NA|NA|NA|34|7|32|1053160|32911.25|0
"270251105031"|0|0|1|0|0|0|0|1|1|1|0|0|1|0|0|NA|NA|35156|35156|NA|7|1|8|703058|87882.25|0
"270270204002"|0|1|1|0|0|0|0|1|1|1|0|0|0|1|0|42750|42750|9990|9990|8890|319|103|298|19868490|66672.7852348993|0
"270270204003"|0|1|1|0|0|0|0|1|1|1|0|0|0|1|0|7632|15264|8910|8910|9656|295|85|418|35260850|84356.1004784689|0
"270359513033"|0|1|0|0|0|0|0|1|1|1|1|0|0|1|0|4989|4989|NA|NA|NA|106|23|156|11761250|75392.6282051282|0
"270370605071"|0|1|0|0|0|0|0|1|1|1|1|0|0|1|0|4986|4986|NA|NA|NA|114|24|164|12415250|75702.743902439|0
"270370610032"|0|1|0|0|0|0|0|1|1|1|1|0|0|1|0|5298|5298|NA|NA|NA|105|21|118|8835692|74878.7457627119|0
"270370611091"|0|1|0|0|0|0|0|1|1|0|0|1|1|0|0|NA|NA|NA|NA|NA|0|0|0|0|NA|0
"270414507031"|0|1|0|0|0|0|0|1|1|1|1|0|0|1|0|5038|5038|NA|NA|NA|66|17|130|9826460|75588.1538461538|0
"270530059013"|0|1|1|0|0|0|0|1|1|1|0|0|1|0|0|6560|6560|6000|6000|6500|12|6|24|1409838|58743.25|0
"270530222005"|0|1|1|0|0|0|0|1|1|1|0|0|1|0|0|13320|13320|10800|10800|NA|14|4|36|2959520|82208.8888888889|0
"270530256013"|0|1|0|0|0|0|0|1|1|1|0|0|1|0|0|18299|18299|NA|NA|NA|5|4|2|133900|66950|0
"270530256031"|0|2|1|0|0|0|0|2|2|2|1|0|1|1|0|NA|NA|NA|NA|NA|132|32|124|8749132|NA|0
"270530257032"|0|1|0|0|0|0|0|1|1|1|1|0|0|1|0|4990|4990|NA|NA|NA|235|44|304|23024964|75740.0131578947|0
"270530259072"|0|1|1|0|0|0|0|1|1|1|0|0|1|0|0|15188|15188|14250|14250|8250|59|14|12|711542|59295.1666666667|0
"270530261041"|0|0|1|0|0|0|0|1|1|1|0|0|1|0|0|NA|NA|NA|NA|NA|14|5|28|2292594|81878.3571428571|0
"270530266062"|0|1|0|0|0|0|0|1|1|0|0|1|1|0|0|NA|NA|NA|NA|NA|0|0|0|0|NA|0
"270530266172"|0|1|0|0|0|0|0|1|1|0|0|1|1|0|0|NA|NA|NA|NA|NA|0|0|0|0|NA|0
"270530268077"|0|1|0|0|0|0|0|1|1|1|1|0|0|1|0|4914|4914|NA|NA|NA|149|26|196|14569638|74334.887755102|0
"270530268162"|0|1|0|0|0|0|0|1|1|1|1|0|0|1|0|4080|4080|NA|NA|NA|152|29|202|15199968|75247.3663366337|0
"270531034003"|0|1|0|0|0|0|0|1|1|0|0|1|1|0|0|NA|NA|NA|NA|NA|0|0|0|0|NA|0
"270531037004"|0|1|0|0|0|0|0|1|1|0|0|1|1|0|0|NA|NA|NA|NA|NA|0|0|0|0|NA|0
"270531048022"|0|1|1|0|0|0|0|1|1|1|0|0|0|1|0|39295|39295|13165|13165|10886|299|87|340|26619020|78291.2352941177|0
"270531049011"|0|1|1|0|0|1|0|1|1|1|0|0|0|0|1|13318|31616|17580|27204|10358|11758|1980|4832|576737744|119357.976821192|0
"270531052012"|0|1|0|0|0|0|0|1|1|1|1|0|0|1|0|4868|4868|NA|NA|NA|221|49|220|16789726|76316.9363636364|0
"270531054003"|0|1|1|0|0|0|0|1|1|1|0|0|0|1|0|25430|25430|9900|9900|8180|110|34|70|4466932|63813.3142857143|0
"270531055003"|0|1|0|0|0|0|0|1|1|1|0|0|0|1|0|21377|21377|NA|NA|11268|85|8|186|13323502|71631.7311827957|0
"270531062003"|0|1|0|0|0|0|0|1|1|0|0|1|1|0|0|NA|NA|NA|NA|NA|0|0|0|0|NA|0
"270531069003"|0|1|1|0|0|0|0|1|1|1|0|0|1|0|0|41344|41344|41344|41344|8380|120|13|74|5081992|68675.5675675676|0
"270531255002"|0|1|0|0|0|0|0|1|1|0|0|1|1|0|0|NA|NA|NA|NA|NA|0|0|0|0|NA|0
"270531261013"|0|1|1|0|0|0|0|1|1|1|0|0|0|0|1|10139|10139|10272|10272|NA|1297|82|466|40225476|86320.7639484979|0
"270531261021"|0|1|1|0|0|0|0|1|1|1|0|0|0|0|1|14148|14148|14767|14767|NA|531|314|354|30495512|86145.5141242938|0
"270531261025"|0|1|0|0|0|0|0|1|1|1|0|0|1|0|0|18450|18450|NA|NA|NA|13|0|12|603520|50293.3333333333|0
"270614809024"|0|1|0|0|0|0|0|1|1|1|1|0|0|1|0|4944|6179|NA|NA|8144|26|6|46|3446540|74924.7826086956|0
"270677805002"|0|1|0|0|0|0|0|1|1|1|1|0|0|1|0|5316|5316|NA|NA|NA|94|21|186|13614300|73195.1612903226|0
"270717902011"|0|1|0|0|0|0|0|1|1|1|1|0|1|0|0|4944|6179|NA|NA|5600|6|1|10|748058|74805.8|0
"270833605002"|0|1|1|0|0|0|0|1|1|1|0|0|0|1|0|7837|7837|7686|7686|8642|178|58|208|17901556|86065.1730769231|0
"270879401003"|0|1|0|0|0|0|1|1|1|1|1|0|1|0|0|3768|3768|NA|NA|NA|33|12|4|306466|76616.5|0
"270990002001"|0|1|0|0|0|0|0|1|1|1|1|0|0|1|0|5162|5162|NA|NA|NA|92|17|132|9693688|73437.0303030303|0
"271034804003"|0|1|0|0|0|0|0|1|1|1|0|0|0|1|0|48250|48250|NA|NA|10430|368|154|366|24927206|68107.1202185792|0
"271034805011"|0|1|0|0|0|0|0|1|1|1|1|0|0|1|0|4835|4835|NA|NA|NA|107|22|164|12207924|74438.5609756098|0
"271051054001"|0|1|0|0|0|0|0|1|1|0|0|1|1|0|0|NA|NA|NA|NA|NA|0|0|0|0|NA|0
"271090001001"|0|2|1|0|0|1|0|2|2|2|0|0|1|1|0|23402|23402|NA|NA|NA|117|51|80|4578890|NA|0
"271090002003"|0|1|0|0|0|0|0|1|1|1|1|0|0|1|0|4654|4654|NA|NA|NA|157|34|204|16017610|78517.6960784314|0
"271090011001"|0|0|0|0|0|0|0|1|0|0|0|0|0|0|0|NA|NA|NA|NA|NA|0|0|0|0|NA|0
"271090017032"|0|1|0|0|0|0|0|1|1|0|0|1|1|0|0|NA|NA|NA|NA|NA|0|0|0|0|NA|0
"271119609001"|0|1|0|0|0|0|0|1|1|1|1|0|0|1|0|4965|4965|NA|NA|6724|147|35|216|16292646|75428.9166666667|0
"271130902001"|0|1|0|0|0|0|0|1|1|1|1|0|0|1|0|5176|5176|NA|NA|NA|78|16|162|12066930|74487.2222222222|0
"271159507002"|0|1|0|0|0|0|0|1|1|1|1|0|0|1|0|3900|7800|NA|NA|NA|47|20|48|3450664|71888.8333333333|0
"271190206002"|0|1|0|0|0|0|0|1|1|1|0|0|0|1|0|10438|10438|NA|NA|9076|155|53|124|8955672|72223.1612903226|0
"271230301001"|0|0|1|0|0|0|0|1|1|1|0|0|1|0|0|NA|NA|18500|18500|NA|68|17|46|3528000|76695.652173913|0
"271230321001"|0|1|1|0|0|0|0|1|1|1|0|0|0|1|0|43154|43154|11570|11570|10810|252|49|288|20773554|72130.3958333333|0
"271230331002"|0|1|1|0|0|0|0|1|1|1|0|0|0|1|0|7136|14560|8405|16810|NA|326|72|288|25275172|87761.0138888889|0
"271230332003"|0|0|1|0|0|0|0|1|1|1|0|0|1|0|0|NA|NA|11970|11970|NA|11|1|16|1009384|63086.5|0
"271230334004"|0|1|1|0|0|0|0|1|1|1|0|0|0|1|0|23400|23400|8550|8550|9600|153|69|198|15382026|77687|0
"271230340001"|0|1|0|0|0|0|0|1|1|1|1|0|0|1|0|5071|5071|NA|NA|NA|187|31|238|17421300|73198.7394957983|0
"271230342016"|0|1|1|0|0|0|0|1|1|0|0|0|0|0|0|NA|NA|NA|NA|NA|312|63|0|0|NA|0
"271230349004"|0|1|1|0|0|0|0|1|1|1|0|0|0|1|0|46348|46348|24589|24589|11580|943|220|832|81679828|98172.8701923077|0
"271230351003"|0|1|0|0|0|0|0|1|1|1|0|0|0|1|0|58248|58248|NA|NA|13084|429|117|392|38667686|98642.056122449|0
"271230363004"|0|1|1|0|0|0|0|1|1|1|0|0|0|1|0|33826|33826|16740|16740|9100|392|150|500|36596348|73192.696|0
"271230408051"|0|1|1|0|0|0|0|1|1|1|0|0|0|1|0|38870|38870|11700|11700|10960|413|195|382|27315656|71506.9528795811|0
"271230413021"|0|1|1|0|0|0|0|1|1|1|0|0|0|1|0|32490|32490|8982|8982|10000|275|69|152|9525376|62666.9473684211|0
"271230413022"|0|0|1|0|0|0|0|1|1|1|0|0|1|0|0|NA|NA|14787|14787|NA|2|0|16|870328|54395.5|0
"271230429001"|0|0|1|0|0|0|0|1|1|1|0|0|0|1|0|NA|NA|46550|46550|NA|139|55|84|9731696|115853.523809524|0
"271310705011"|0|1|0|0|0|0|0|1|1|1|0|0|0|1|0|58968|58968|NA|NA|15147|364|76|442|50477092|114201.56561086|0
"271310706023"|0|1|0|0|0|0|0|1|1|1|0|0|0|1|0|51450|51450|NA|NA|11660|370|84|422|33419800|79193.8388625592|0
"271370004003"|0|1|1|0|0|0|0|1|1|1|0|0|0|1|0|38750|38750|14182|14182|10340|292|120|428|30003108|70100.7196261682|0
"271370019003"|0|1|0|0|0|0|0|1|1|0|0|1|1|0|0|NA|NA|NA|NA|NA|0|0|0|0|NA|0
"271370023001"|0|1|0|0|0|0|0|1|1|1|1|0|0|1|0|4549|4549|NA|NA|NA|98|22|164|11953710|72888.4756097561|0
"271370124005"|0|1|0|0|0|0|0|1|1|1|1|0|1|0|0|4944|6179|NA|NA|6075|34|6|74|5346316|72247.5135135135|0
"271370130001"|0|1|0|0|0|0|0|1|1|1|1|0|1|0|0|4944|6179|NA|NA|8960|30|3|56|4128112|73716.2857142857|0
"271370153005"|0|1|0|0|0|0|0|1|1|1|1|0|1|0|0|4944|6179|NA|NA|7197|22|6|28|1958456|69944.8571428571|0
"271370157003"|0|1|1|0|0|1|0|1|1|1|0|0|0|0|1|12194|17394|17580|27204|8470|939|229|970|75270222|77598.1670103093|0
"271450003031"|0|1|0|0|0|0|0|1|1|0|0|1|1|0|0|NA|NA|NA|NA|NA|0|0|0|0|NA|0
"271450005023"|0|1|1|0|0|0|0|1|1|1|0|0|0|1|0|11189|11189|8703|8703|NA|281|16|180|16638472|92435.9555555556|0
"271450009011"|0|1|0|0|0|0|0|1|1|1|1|0|0|1|0|4984|4984|NA|NA|NA|104|28|186|13966312|75087.6989247312|0
"271450113052"|0|1|1|0|0|0|0|1|1|1|0|0|0|1|0|47332|47332|17460|17460|11362|287|97|262|20475542|78150.9236641221|0
"271450113071"|0|1|0|0|0|0|0|1|1|1|0|0|0|1|0|47332|47332|NA|NA|11346|281|59|264|20369762|77158.1893939394|0
"271450116002"|0|1|1|0|0|0|0|1|1|1|0|0|0|0|1|7505|15921|7607|11780|8992|540|153|762|68310134|89645.845144357|0
"271494802003"|0|1|0|0|0|0|0|1|1|1|0|0|0|1|0|12324|14378|NA|NA|8632|206|70|206|14016238|68039.9902912621|0
"271630703034"|0|1|0|0|0|0|0|1|1|1|1|0|0|1|0|4962|4962|NA|NA|NA|217|46|300|23157482|77191.6066666667|0
"271630710013"|0|1|0|0|0|0|0|1|1|0|0|1|1|0|0|NA|NA|NA|NA|NA|0|0|0|0|NA|0
"271696703021"|0|1|1|0|0|0|0|1|1|1|0|0|0|1|0|37650|37650|10260|10260|9630|354|129|196|13126602|66972.4591836735|0
"271696705005"|0|1|1|0|0|0|0|1|1|1|0|0|0|1|0|7712|13903|7710|11631|9310|368|120|606|51224320|84528.5808580858|0
"271696707002"|0|1|0|0|0|0|0|1|1|1|1|0|0|1|0|5169|5169|NA|NA|NA|46|8|98|7394324|75452.2857142857|0
"271739701003"|0|1|0|0|0|0|0|1|1|1|1|0|0|1|0|5300|10600|NA|NA|6500|58|11|140|10179486|72710.6142857143|0
"280039503003"|0|1|0|0|0|0|0|1|1|0|0|1|1|0|0|NA|NA|NA|NA|NA|0|0|0|0|NA|0
"280119506023"|0|1|1|0|0|0|0|1|1|1|0|0|0|1|0|7951|7951|7951|7951|7985|327|101|292|17847482|61121.5136986301|0
"280119507011"|0|1|0|0|0|0|0|1|1|0|0|1|1|0|0|NA|NA|NA|NA|NA|0|0|0|0|NA|0
"280219503001"|0|1|1|1|0|0|0|1|1|1|0|0|0|1|0|6044|6044|6044|6044|10788|467|198|296|17599412|59457.472972973|0
"280279502001"|0|1|0|1|0|0|0|1|1|1|1|0|0|1|0|2850|2850|NA|NA|4570|143|66|152|8350468|54937.2894736842|0
"280299505012"|0|1|0|0|0|0|0|1|1|1|1|0|0|1|0|2800|4800|NA|NA|4200|170|57|200|9444746|47223.73|0
"280330703101"|0|1|0|0|0|0|0|1|1|0|0|1|1|0|0|NA|NA|NA|NA|NA|0|0|0|0|NA|0
"280330705221"|0|1|0|0|0|0|0|1|1|1|1|0|1|0|0|NA|NA|NA|NA|NA|17|7|12|361920|30160|0
"280350003001"|0|1|0|0|0|0|0|1|1|0|0|1|1|0|0|NA|NA|NA|NA|NA|0|0|0|0|NA|0
"280350006021"|0|1|1|0|0|1|0|1|1|1|0|0|0|1|0|12600|12600|11040|11040|6540|247|94|352|23239480|66021.25|0
"280350007002"|0|1|0|0|0|0|0|1|1|0|0|1|1|0|0|NA|NA|NA|NA|NA|0|0|0|0|NA|0
"280350009002"|0|1|1|0|0|0|0|1|1|1|0|0|0|0|1|8786|10786|8786|10786|10937|1522|314|1258|93866754|74615.8616852146|0
"280439503002"|0|1|0|0|0|0|0|1|1|0|0|1|1|0|0|NA|NA|NA|NA|NA|0|0|0|0|NA|0
"280470019002"|0|1|0|0|0|0|0|1|1|0|0|1|1|0|0|NA|NA|NA|NA|NA|0|0|0|0|NA|0
"280470032081"|0|1|0|0|0|0|0|1|1|0|0|1|1|0|0|NA|NA|NA|NA|NA|0|0|0|0|NA|0
"280490001001"|0|1|0|0|0|0|0|1|1|0|0|1|1|0|0|NA|NA|NA|NA|NA|0|0|0|0|NA|0
"280490003024"|0|1|0|0|0|0|0|1|1|0|0|1|1|0|0|NA|NA|NA|NA|NA|0|0|0|0|NA|0
"280490014001"|0|2|1|0|0|0|0|2|2|0|0|0|0|0|0|NA|NA|NA|NA|NA|150|19|0|0|NA|0
"280490015001"|0|1|1|0|0|0|0|1|1|1|0|0|0|1|0|26650|26650|10350|10350|8800|228|70|150|8611388|57409.2533333333|0
"280490016002"|0|1|1|0|0|0|0|1|1|1|0|0|1|0|0|38600|38600|23568|23568|14210|139|70|150|10615830|70772.2|0
"280490027002"|0|1|1|0|0|0|0|1|1|1|0|0|1|0|0|13320|13320|14940|14940|NA|0|0|0|0|NA|0
"280490104001"|0|2|1|0|0|0|0|2|2|1|0|1|1|1|0|NA|NA|NA|NA|NA|259|119|400|29376092|NA|0
"280490107002"|0|1|0|0|0|0|0|1|1|1|1|0|0|0|1|3200|6950|NA|NA|4800|656|224|852|41599602|48825.823943662|0
"280490110022"|0|1|0|0|0|0|0|1|1|0|0|1|1|0|0|NA|NA|NA|NA|NA|0|0|0|0|NA|0
"280490115002"|0|1|1|1|0|0|0|1|1|1|0|0|0|1|0|8270|8270|8270|8270|9900|587|303|654|45629434|69769.7767584098|0
"280519505012"|0|1|0|0|0|0|0|1|1|1|1|0|0|1|0|2600|5200|NA|NA|3150|218|70|272|15727822|57822.875|0
"280579503002"|0|1|0|0|0|0|0|1|1|1|1|0|0|1|0|2900|5100|NA|NA|3875|246|93|266|17675226|66448.2180451128|0
"280679504024"|0|1|0|0|0|0|0|1|1|1|0|0|1|0|0|6000|6000|NA|NA|2900|0|0|0|0|NA|0
"280679506021"|0|1|0|0|0|0|0|1|1|0|0|1|1|0|0|NA|NA|NA|NA|NA|0|0|0|0|NA|0
"280679510003"|0|1|0|0|0|0|0|1|1|1|1|0|0|1|0|3750|5750|NA|NA|3932|222|112|248|12658738|51043.2983870968|0
"280690301001"|0|1|0|0|0|0|0|1|1|1|1|0|0|1|0|3500|6500|NA|NA|4970|202|91|188|11217018|59664.9893617021|0
"280719503012"|0|1|1|0|1|1|0|1|1|1|0|0|0|0|1|8718|24990|8718|24989|10734|7980|1449|2222|206980432|93150.5094509451|0
"280730203042"|0|1|0|0|0|0|0|1|1|0|0|1|1|0|0|NA|NA|NA|NA|NA|0|0|0|0|NA|0
"280750008002"|0|1|0|0|0|0|0|1|1|1|1|0|0|1|0|3224|5024|NA|NA|5480|164|65|242|12073770|49891.6115702479|0
"280839503003"|0|1|1|1|0|0|0|1|1|1|0|0|0|1|0|6726|6726|7344|7344|7998|304|113|210|11463282|54587.0571428571|0
"280870007004"|0|1|1|0|0|0|0|1|1|1|0|0|0|1|0|7425|7425|7425|7425|7648|171|96|286|16901276|59095.3706293706|0
"280890301052"|0|1|1|1|0|0|0|1|1|1|0|0|1|0|0|10258|10258|10134|10134|6400|181|68|120|5135530|42796.0833333333|0
"280890301122"|0|0|1|0|0|0|0|1|1|1|0|0|1|0|0|NA|NA|17000|17000|NA|11|1|8|484824|60603|0
"280890302061"|0|1|0|0|0|0|0|1|1|0|0|1|1|0|0|NA|NA|NA|NA|NA|0|0|0|0|NA|0
"280939504023"|0|1|0|1|0|0|0|1|1|1|0|0|1|0|0|9900|9900|NA|NA|4300|123|9|88|3870550|43983.5227272727|0
"280959508004"|0|1|0|0|0|0|0|1|1|0|0|1|1|0|0|NA|NA|NA|NA|NA|0|0|0|0|NA|0
"281010503011"|0|1|0|0|0|0|0|1|1|1|1|0|0|1|0|2860|4960|NA|NA|3894|128|46|170|8425792|49563.4823529412|0
"281059501012"|0|1|1|0|0|1|0|1|1|1|0|0|0|0|1|8800|23840|8800|23840|10436|3832|851|1940|164828684|84963.2391752577|0
"281099503002"|0|1|0|0|0|0|0|1|1|1|1|0|0|1|0|3250|4250|NA|NA|4900|231|72|344|18157906|52784.6104651163|0
"281139502002"|0|1|0|0|0|0|0|1|1|1|1|0|0|1|0|2980|5680|NA|NA|3800|129|37|132|7290198|55228.7727272727|0
"281159503002"|0|1|0|0|0|0|0|1|1|0|0|1|1|0|0|NA|NA|NA|NA|NA|0|0|0|0|NA|0
"281179503012"|0|1|0|0|0|0|0|1|1|1|1|0|0|1|0|3470|6600|NA|NA|5254|193|83|244|12871744|52753.0491803279|0
"281210207055"|0|1|0|0|0|0|0|1|1|0|0|1|1|0|0|NA|NA|NA|NA|NA|0|0|0|0|NA|0
"281310202051"|0|1|0|0|0|0|0|1|1|1|1|0|0|1|0|3100|6200|NA|NA|5100|447|175|544|30008144|55162.0294117647|0
"281339505001"|0|1|0|0|0|0|0|1|1|1|1|0|0|1|0|3090|5290|NA|NA|3500|135|46|194|10590774|54591.618556701|0
"281379504002"|0|1|0|0|0|0|0|1|1|1|1|0|0|1|0|3200|3200|NA|NA|3550|334|67|420|22007192|52398.0761904762|0
"281399502021"|0|1|0|0|0|0|0|1|1|0|0|1|1|0|0|NA|NA|NA|NA|NA|0|0|0|0|NA|0
"281399504021"|0|1|1|0|0|0|0|1|1|1|0|0|1|0|0|15800|15800|10530|10530|7400|63|37|76|3862412|50821.2105263158|0
"281510014002"|0|1|0|0|0|0|0|1|1|0|0|1|1|0|0|NA|NA|NA|NA|NA|0|0|0|0|NA|0
"290019504003"|0|1|0|0|0|0|0|1|1|0|0|1|1|0|0|NA|NA|NA|NA|NA|0|0|0|0|NA|0
"290019505012"|0|0|1|0|0|1|0|1|1|1|0|0|0|1|0|NA|NA|36336|36336|NA|470|127|344|39683386|115358.680232558|0
"290019510001"|0|1|1|0|0|0|0|1|1|1|0|0|0|1|0|7975|15335|9371|16227|9185|356|154|556|36845996|66269.7769784173|0
"290190002002"|0|1|1|0|0|0|0|1|1|1|0|0|1|0|0|23175|23175|8460|8460|10586|125|27|74|4503092|60852.5945945946|0
"290190005002"|0|1|1|0|1|1|0|1|1|1|0|0|0|0|1|9330|27612|9478|25946|10668|4763|1416|2708|277085768|102321.184638109|0
"290190011083"|0|1|1|0|0|0|0|1|1|0|0|0|0|0|0|NA|NA|NA|NA|NA|501|90|0|0|NA|0
"290190013003"|0|1|0|0|0|0|0|1|1|0|0|1|1|0|0|NA|NA|NA|NA|NA|0|0|0|0|NA|0
"290190021002"|0|1|1|0|0|0|0|1|1|1|0|0|0|1|0|11762|11762|8584|8584|8500|461|193|136|9510560|69930.5882352941|0
"290210006002"|0|1|1|0|0|0|0|1|1|1|0|0|1|0|0|NA|NA|NA|NA|NA|14|2|2|1e+05|50000|0
"290210006003"|0|1|0|0|0|0|0|1|0|0|0|1|0|0|0|NA|NA|NA|NA|NA|0|0|0|0|NA|0
"290210007013"|0|1|1|0|0|0|0|1|1|1|0|0|0|1|0|6600|13620|6534|11700|10030|248|93|344|21872160|63581.8604651163|0
"290239502013"|0|1|0|0|0|0|0|1|1|0|0|1|1|0|0|NA|NA|NA|NA|NA|0|0|0|0|NA|0
"290239503021"|0|1|0|0|0|0|0|1|1|1|1|0|0|1|0|4230|4230|NA|NA|6880|101|49|124|5894058|47532.7258064516|0
"290270704001"|0|1|0|0|0|0|0|1|1|1|0|0|1|0|0|28330|28330|NA|NA|10842|105|31|94|5433242|57800.4468085106|0
"290270704002"|0|1|1|0|0|0|0|1|1|1|0|0|0|1|0|25000|25000|6750|6750|9990|138|54|128|6571370|51338.828125|0
"290299505003"|0|1|0|0|0|0|0|1|1|0|0|1|1|0|0|3850|3850|NA|NA|NA|0|0|0|0|NA|0
"290318808003"|0|1|1|0|0|0|0|1|1|1|0|0|0|0|1|6779|12951|5373|10039|9511|655|220|762|49432846|64872.501312336|0
"290318815004"|0|2|0|0|0|0|0|2|2|0|0|2|2|0|0|NA|NA|NA|NA|NA|0|0|0|0|NA|0
"290318816001"|0|1|0|0|1|0|0|1|1|1|0|0|1|0|0|12050|12050|NA|NA|NA|16|5|34|1948528|57309.6470588235|0
"290370601002"|0|1|1|0|0|0|0|1|1|1|0|0|1|0|0|10276|10276|7056|7056|5720|49|14|42|1669246|39743.9523809524|0
"290370603071"|0|1|0|0|0|0|0|1|1|0|0|1|1|0|0|NA|NA|NA|NA|NA|0|0|0|0|NA|0
"290370609042"|0|1|0|0|0|0|0|1|0|0|0|1|1|0|0|NA|NA|NA|NA|NA|0|0|0|0|NA|0
"290470203004"|0|1|1|0|0|0|0|1|1|1|0|0|0|1|0|8170|8170|6100|6100|8210|100|41|38|2916454|76748.7894736842|0
"290470214011"|0|1|1|0|0|0|0|1|1|1|0|0|1|0|0|33500|33500|4800|4800|10220|130|58|140|8983658|64168.9857142857|0
"290510105003"|0|1|1|1|0|0|0|1|1|1|0|0|0|1|0|6720|13710|7476|8802|9122|299|85|192|9992996|52046.8541666667|0
"290510106003"|0|1|0|0|0|0|0|1|1|0|0|1|1|0|0|NA|NA|NA|NA|NA|0|0|0|0|NA|0
"290718002014"|0|1|0|0|0|0|0|1|1|0|0|1|1|0|0|NA|NA|NA|NA|NA|0|0|0|0|NA|0
"290718003021"|0|1|0|0|0|0|0|1|1|0|0|1|1|0|0|16200|16200|NA|NA|NA|0|0|0|0|NA|0
"290718006062"|0|1|0|0|0|0|0|1|1|1|1|0|0|1|0|3624|5400|NA|NA|NA|119|35|130|7092078|54554.4461538462|0
"290770002002"|0|1|1|0|0|0|0|1|1|1|0|0|0|0|1|6840|15510|5436|10944|9284|1276|444|1478|106472882|72038.4857916103|0
"290770007001"|0|3|2|0|0|0|0|3|3|3|0|0|1|2|0|47660|47660|NA|NA|NA|250|79|344|23190784|197439.466666667|0
"290770007002"|0|1|0|0|0|0|0|1|1|1|1|0|0|0|1|3936|5040|NA|NA|NA|358|82|430|24154406|56173.0372093023|0
"290770007004"|0|1|0|0|0|0|0|1|1|1|1|0|1|0|0|NA|NA|NA|NA|NA|4|2|4|160000|40000|0
"290770008001"|0|1|1|0|0|0|0|1|1|1|0|0|0|1|0|23722|23722|8388|8388|8776|202|58|168|9886952|58850.9047619048|0
"290770025022"|0|1|0|0|0|0|0|1|1|0|0|1|1|0|0|NA|NA|NA|NA|NA|0|0|0|0|NA|0
"290770026002"|0|1|0|0|0|0|0|1|1|0|0|1|1|0|0|NA|NA|NA|NA|NA|0|0|0|0|NA|0
"290770030041"|0|1|0|0|0|0|0|1|1|0|0|1|1|0|0|NA|NA|NA|NA|NA|0|0|0|0|NA|0
"290770040021"|0|1|1|0|0|0|0|1|1|1|0|0|1|0|0|14494|14494|13810|13810|NA|18|0|12|371612|30967.6666666667|0
"290770055002"|0|1|1|0|0|0|0|1|1|1|0|0|1|0|0|13990|13990|7650|7650|7500|20|3|18|789348|43852.6666666667|0
"290770056001"|0|0|0|0|0|0|0|1|0|0|0|0|0|0|0|NA|NA|NA|NA|NA|0|0|0|0|NA|0
"290770057002"|0|1|0|0|0|0|0|1|1|0|0|1|1|0|0|NA|NA|NA|NA|NA|0|0|0|0|NA|0
"290799603002"|0|1|0|0|0|0|0|1|1|1|1|0|0|1|0|4440|5550|NA|NA|6269|75|27|74|3763250|50854.7297297297|0
"290839506004"|0|1|0|0|0|0|0|1|1|0|0|1|1|0|0|NA|NA|NA|NA|NA|0|0|0|0|NA|0
"290899603002"|0|2|1|0|0|0|0|2|2|2|0|0|0|2|0|30950|30950|NA|NA|NA|194|85|186|11168692|119862.657323689|0
"290910908012"|0|1|0|0|0|0|0|1|1|1|1|0|0|1|0|4020|8040|NA|NA|6568|84|32|68|3682230|54150.4411764706|0
"290950010002"|0|0|1|0|0|1|0|1|1|1|0|0|0|1|0|NA|NA|33552|33552|NA|205|40|18|1742120|96784.4444444444|0
"290950066001"|0|1|0|0|0|0|0|1|1|1|0|0|1|0|0|39500|39500|NA|NA|11900|91|33|114|7750104|67983.3684210526|0
"290950074001"|0|1|1|0|0|1|0|1|1|1|0|0|0|0|1|9198|25299|9761|25202|11748|1232|440|1110|103189188|92963.2324324324|0
"290950075003"|0|1|1|0|0|0|0|1|1|1|0|0|0|1|0|38800|38800|16200|16200|9800|202|70|294|19621026|66738.1836734694|0
"290950082002"|0|1|0|0|0|0|0|1|1|0|0|1|1|0|0|NA|NA|NA|NA|NA|0|0|0|0|NA|0
"290950087001"|0|1|2|0|0|0|0|2|2|2|0|0|2|0|0|NA|NA|19440|19440|NA|34|8|88|6335208|128400.917647059|0
"290950099002"|0|1|0|0|0|0|0|1|1|1|1|0|1|0|0|NA|NA|NA|NA|NA|10|2|8|3e+05|37500|0
"290950105003"|0|1|0|0|0|0|0|1|1|0|0|1|1|0|0|16520|16520|NA|NA|NA|0|0|0|0|NA|0
"290950122001"|0|1|0|0|0|0|0|1|1|0|0|1|1|0|0|NA|NA|NA|NA|NA|0|0|0|0|NA|0
"290950130032"|0|1|0|0|0|0|0|1|1|1|1|0|1|0|0|NA|NA|NA|NA|NA|50|3|16|810000|50625|0
"290950134173"|0|1|1|0|0|0|0|1|1|1|0|0|0|1|0|21115|21115|7798|7798|8815|117|27|128|7389554|57730.890625|0
"290950141212"|0|1|0|0|0|0|0|1|1|0|0|1|1|0|0|NA|NA|NA|NA|NA|0|0|0|0|NA|0
"290950154012"|0|1|1|0|0|0|0|1|1|1|0|0|1|0|0|6000|6000|6400|6400|NA|5|0|0|0|NA|0
"290950161002"|0|1|0|0|0|0|0|1|1|0|0|1|1|0|0|NA|NA|NA|NA|NA|0|0|0|0|NA|0
"290950167003"|0|2|0|0|0|0|0|2|2|2|1|0|1|0|1|NA|NA|NA|NA|NA|576|267|514|35159876|150275.769727891|0
"290950168011"|0|1|1|0|0|0|0|1|0|0|0|0|0|0|0|NA|NA|NA|NA|NA|0|0|0|0|NA|0
"290950173001"|0|1|1|0|0|0|0|1|1|1|0|0|1|0|0|14476|14476|17072|17072|NA|9|0|4|374362|93590.5|0
"290970101001"|0|2|0|0|0|0|0|2|2|1|0|1|2|0|0|NA|NA|NA|NA|NA|74|15|48|2638786|NA|0
"290970103011"|0|1|1|0|0|0|0|1|1|1|0|0|0|1|0|7462|14924|6300|6300|7209|320|133|380|23137182|60887.3210526316|0
"290970103021"|0|1|0|0|0|0|0|1|1|0|0|1|1|0|0|NA|NA|NA|NA|NA|0|0|0|0|NA|0
"290970107001"|0|0|1|0|0|1|0|1|1|1|0|0|1|0|0|NA|NA|NA|NA|NA|0|0|0|0|NA|0
"290970110003"|0|1|0|0|0|0|0|1|1|0|0|1|1|0|0|NA|NA|NA|NA|NA|0|0|0|0|NA|0
"290970116004"|0|1|0|0|0|0|0|1|1|0|0|1|1|0|0|NA|NA|NA|NA|NA|0|0|0|0|NA|0
"290997005023"|0|1|0|0|0|0|0|1|1|1|1|0|0|1|0|5040|6720|NA|NA|6346|164|69|176|11000710|62504.0340909091|0
"291019604012"|0|1|1|0|0|0|0|1|1|1|0|0|0|1|0|7128|14256|7608|15216|9196|675|178|848|56636222|66787.9976415094|0
"291019605022"|0|1|0|0|0|0|0|1|0|0|0|1|1|0|0|NA|NA|NA|NA|NA|0|0|0|0|NA|0
"291059604002"|0|1|0|0|0|0|0|1|1|0|0|1|1|0|0|NA|NA|NA|NA|NA|0|0|0|0|NA|0
"291070902002"|0|1|0|0|0|0|0|1|1|0|0|1|1|0|0|NA|NA|NA|NA|NA|0|0|0|0|NA|0
"291119701002"|0|1|1|0|0|0|0|1|1|1|0|0|0|1|0|27315|27315|6000|6000|8865|130|54|96|5022670|52319.4791666667|0
"291174803003"|0|1|0|0|0|0|0|1|1|0|0|1|1|0|0|NA|NA|NA|NA|NA|0|0|0|0|NA|0
"291279604001"|0|1|1|0|0|0|0|1|1|1|0|0|1|0|0|22500|22500|14250|14250|8300|62|30|98|4479880|45713.0612244898|0
"291450201003"|0|1|0|0|0|0|0|1|1|0|0|1|1|0|0|NA|NA|NA|NA|NA|0|0|0|0|NA|0
"291450208005"|0|1|0|0|0|0|0|1|1|1|1|0|0|1|0|3696|3696|NA|NA|6638|170|49|276|12432998|45047.0942028986|0
"291474703025"|0|1|1|0|0|0|0|1|1|1|0|0|0|1|0|5106|11064|6167|6167|9270|464|113|462|30682318|66411.9437229437|0
"291474705004"|0|1|0|0|0|0|0|1|1|1|0|0|1|0|0|22623|22623|NA|NA|13587|9|1|8|434564|54320.5|0
"291514902001"|0|1|0|0|0|0|0|1|1|1|1|0|0|1|0|5430|10860|NA|NA|6000|82|21|194|10464724|53941.8762886598|0
"291594807001"|0|1|0|0|0|0|0|1|1|0|0|1|1|0|0|NA|NA|NA|NA|NA|0|0|0|0|NA|0
"291594811001"|0|2|0|0|0|0|0|2|2|1|1|1|1|1|0|NA|NA|NA|NA|NA|155|132|156|8000106|NA|0
"291618904011"|0|1|1|0|0|0|0|1|1|1|0|0|0|1|0|9330|28563|10452|29558|10722|795|272|676|67045508|99179.7455621302|0
"291618908004"|0|1|0|0|0|0|0|1|1|0|0|1|1|0|0|NA|NA|NA|NA|NA|0|0|0|0|NA|0
"291618909002"|0|1|0|0|0|0|0|1|1|0|0|1|1|0|0|NA|NA|NA|NA|NA|0|0|0|0|NA|0
"291634605002"|0|1|0|0|0|0|0|1|1|0|0|1|1|0|0|NA|NA|NA|NA|NA|0|0|0|0|NA|0
"291650301032"|0|1|1|0|0|0|0|1|1|1|0|0|0|0|1|8251|8251|6224|6224|7644|357|76|224|15193482|67828.0446428571|0
"291679601024"|0|1|0|0|0|0|0|1|1|1|1|0|1|0|0|14200|14200|NA|NA|NA|10|2|16|830688|51918|0
"291679604011"|0|1|1|0|0|0|0|1|1|1|0|0|0|1|0|24500|24500|5064|5064|8040|187|71|284|15817314|55694.7676056338|0
"291694702891"|0|1|0|0|0|0|0|1|1|0|0|1|1|0|0|NA|NA|NA|NA|NA|0|0|0|0|NA|0
"291694704011"|0|1|0|0|0|0|0|1|1|0|0|1|1|0|0|NA|NA|NA|NA|NA|0|0|0|0|NA|0
"291694706011"|0|0|0|0|0|0|0|1|0|0|0|0|0|0|0|NA|NA|NA|NA|NA|0|0|0|0|NA|0
"291754904002"|0|1|0|0|0|0|0|1|1|1|1|0|0|1|0|4740|6450|NA|NA|5400|176|61|144|7092362|49252.5138888889|0
"291754905003"|0|1|1|0|0|0|0|1|1|1|0|0|1|0|0|8250|8250|4950|4950|7550|38|11|30|1359218|45307.2666666667|0
"291833106012"|0|1|1|0|0|0|0|1|1|1|0|0|0|1|0|18000|18000|9450|9450|9200|426|144|400|34209384|85523.46|0
"291833108021"|0|1|0|0|0|0|0|1|1|0|0|1|1|0|0|NA|NA|NA|NA|NA|0|0|0|0|NA|0
"291833113221"|0|1|0|0|0|0|0|1|1|1|1|0|0|1|0|4770|6480|NA|NA|NA|213|74|202|14115262|69877.5346534654|0
"291879504022"|0|1|0|0|0|0|0|1|1|1|1|0|0|1|0|4830|6390|NA|NA|5600|93|31|98|4992130|50940.1020408163|0
"291892111024"|0|1|0|0|0|0|0|1|1|1|0|0|1|0|0|13280|13280|NA|NA|7210|14|2|12|501800|41816.6666666667|0
"291892118021"|0|1|0|0|0|0|0|1|1|0|0|1|0|0|0|NA|NA|NA|NA|NA|0|0|0|0|NA|0
"291892132031"|0|1|0|0|0|0|0|1|1|1|1|0|0|0|1|4440|6300|NA|NA|NA|721|193|642|48168972|75029.5514018692|0
"291892133013"|0|1|0|0|0|0|0|1|1|1|1|0|1|0|0|NA|NA|NA|NA|NA|9|6|10|696720|69672|0
"291892137012"|0|1|1|0|0|0|0|1|1|1|0|0|0|0|1|11328|29970|12283|30154|10432|866|322|768|67243900|87557.1614583333|0
"291892145002"|0|1|0|0|0|0|0|1|0|0|0|0|0|0|0|NA|NA|NA|NA|NA|0|0|0|0|NA|0
"291892150011"|0|1|0|0|0|0|0|1|1|1|0|0|1|0|0|18900|18900|NA|NA|NA|0|0|0|0|NA|0
"291892152012"|0|1|2|0|0|0|0|2|2|2|0|0|1|1|0|NA|NA|23906|23906|NA|218|94|168|10504792|136634.968115942|0
"291892152341"|0|1|1|0|0|0|0|1|1|1|0|0|0|0|1|24766|24766|14346|14346|12000|307|77|330|27332186|82824.8060606061|0
"291892163001"|0|1|1|0|0|1|0|1|1|1|0|0|0|0|1|56300|56300|56300|56300|17402|3565|856|2052|296009260|144254.025341131|0
"291892163003"|0|1|2|0|0|0|0|2|2|2|0|0|1|1|0|NA|NA|42615|42615|NA|181|65|168|12993798|164197.788888889|0
"291892175005"|0|1|0|0|0|0|0|1|1|0|0|1|1|0|0|NA|NA|NA|NA|NA|0|0|0|0|NA|0
"291892178541"|0|1|1|0|0|0|0|1|1|1|0|0|0|1|0|6600|6600|9900|9900|NA|161|31|98|7994598|81577.5306122449|0
"291892192002"|0|0|1|0|0|0|0|1|1|1|0|0|1|0|0|NA|NA|10000|10000|NA|11|2|16|1111254|69453.375|0
"291892195011"|0|1|1|0|0|0|0|1|1|1|0|0|0|1|0|28500|28500|13500|13500|11120|558|209|396|33266754|84006.9545454545|0
"291892196011"|0|0|1|0|0|0|0|1|1|1|0|0|1|0|0|NA|NA|27450|27450|NA|34|7|28|2039230|72829.6428571429|0
"291892207031"|0|1|0|0|0|0|0|1|1|0|0|1|1|0|0|NA|NA|NA|NA|NA|0|0|0|0|NA|0
"291892208013"|0|1|0|0|0|0|0|1|1|0|0|1|1|0|0|9990|9990|NA|NA|NA|0|0|0|0|NA|0
"291892210004"|0|1|0|0|0|0|0|1|1|0|0|1|1|0|0|NA|NA|NA|NA|NA|0|0|0|0|NA|0
"291892212011"|0|1|0|0|0|0|0|1|0|0|0|1|1|0|0|NA|NA|NA|NA|NA|0|0|0|0|NA|0
"291892214233"|0|2|1|0|0|0|0|2|2|2|1|0|2|0|0|NA|NA|NA|NA|NA|28|10|52|2554268|96733.4285714286|0
"291950903003"|0|1|0|0|0|0|0|1|1|0|0|1|1|0|0|NA|NA|NA|NA|NA|0|0|0|0|NA|0
"291950905003"|0|1|1|0|0|0|0|1|1|1|0|0|0|1|0|20100|20100|3600|3600|9800|107|52|182|8524674|46838.8681318681|0
"292134805031"|0|1|0|0|0|0|0|1|1|1|0|0|0|1|0|19500|19500|NA|NA|7900|230|38|192|13186138|68677.8020833333|0
"292154803012"|0|1|0|0|0|0|0|1|1|1|1|0|1|0|0|14200|14200|NA|NA|NA|5|1|4|173124|43281|0
"292179503005"|0|1|0|0|0|0|0|1|1|1|0|0|1|0|0|21300|21300|NA|NA|7800|135|33|84|5098230|60693.2142857143|0
"295101112001"|0|1|0|0|0|0|0|1|1|1|0|0|0|1|0|14952|14952|NA|NA|5900|83|12|216|13997434|64802.9351851852|0
"295101124003"|0|1|0|0|0|0|0|1|1|0|0|1|1|0|0|NA|NA|NA|NA|NA|0|0|0|0|NA|0
"295101186001"|0|1|2|0|0|0|0|2|2|2|0|0|2|0|0|NA|NA|NA|NA|NA|194|43|148|14316398|154663.796875|0
"295101186002"|0|1|0|0|0|0|0|1|1|1|1|0|1|0|0|NA|NA|NA|NA|NA|17|2|10|269906|26990.6|0
"295101191012"|0|1|1|0|0|0|0|1|1|1|0|0|1|0|0|20020|20020|10842|10842|NA|61|9|102|9695860|95057.4509803922|0
"295101193002"|0|1|1|0|1|1|0|1|1|1|0|0|0|0|1|46400|46400|21420|21420|12920|1437|365|1404|132174808|94141.6011396011|0
"295101241001"|0|1|0|0|0|0|0|1|1|0|0|1|1|0|0|9180|9180|NA|NA|6854|0|0|0|0|NA|0
"295101255003"|0|1|0|0|0|0|0|1|1|1|0|0|1|0|0|12960|12960|NA|NA|NA|8|1|8|470000|58750|0
"295101256001"|0|0|1|0|0|0|0|1|1|1|0|0|1|0|0|NA|NA|34840|34840|NA|6|1|22|1332000|60545.4545454545|0
"295101278002"|0|1|0|1|0|0|0|1|1|1|0|0|0|1|0|5040|9672|NA|NA|9691|168|51|80|4493048|56163.1|0
"300010003004"|0|2|0|0|0|0|0|2|2|2|1|0|1|1|0|NA|NA|NA|NA|NA|116|40|146|9187354|114646.202941176|0
"300039406002"|0|1|0|0|0|0|1|1|1|1|1|0|1|0|0|2600|2600|NA|NA|NA|42|13|24|849500|35395.8333333333|0
"300059401001"|0|1|0|0|0|0|1|1|1|1|0|0|1|0|0|1740|1740|NA|NA|NA|37|6|28|1402628|50093.8571428571|0
"300130007002"|0|1|0|0|0|0|0|1|1|0|0|1|1|0|0|NA|NA|NA|NA|NA|0|0|0|0|NA|0
"300130021003"|0|1|0|0|0|0|0|1|1|1|1|0|0|1|0|2752|9644|NA|NA|NA|67|13|78|4405164|56476.4615384615|0
"300130021004"|0|1|1|0|0|0|0|1|1|1|0|0|0|1|0|26462|26462|31500|31500|9746|110|47|92|5653084|61446.5652173913|0
"300150103004"|0|1|0|0|0|0|1|1|1|1|0|0|1|0|0|1820|1820|NA|NA|NA|46|26|16|648014|40500.875|0
"300179616001"|0|1|0|0|0|0|0|1|1|1|1|0|1|0|0|4200|7800|NA|NA|7160|50|16|40|2034770|50869.25|0
"300210003004"|0|1|0|0|0|0|0|1|1|1|1|0|1|0|0|3810|6450|NA|NA|6881|32|4|26|1268710|48796.5384615385|0
"300290008011"|0|1|0|0|0|0|0|1|1|1|1|0|0|1|0|5376|10800|NA|NA|8164|103|31|134|7822016|58373.2537313433|0
"300290010001"|0|1|0|0|0|0|0|1|1|0|0|1|1|0|0|NA|NA|NA|NA|NA|0|0|0|0|NA|0
"300310007014"|0|1|0|0|0|0|0|1|1|0|0|1|1|0|0|NA|NA|NA|NA|NA|0|0|0|0|NA|0
"300310011013"|0|1|1|0|0|0|0|1|1|1|0|0|0|0|1|5654|25087|5089|19660|10400|2016|340|1472|120082198|81577.5801630435|0
"300310011021"|0|1|0|0|0|0|0|1|0|1|0|0|1|0|0|8415|8415|NA|NA|4550|0|0|0|0|NA|0
"300359402004"|0|1|0|0|0|0|1|1|1|1|1|0|1|0|0|2640|2640|NA|NA|NA|68|18|82|2599142|31696.8536585366|0
"300410404003"|0|1|1|0|0|0|0|1|1|1|0|0|0|1|0|4496|17096|5742|18686|6470|102|25|102|6005492|58877.3725490196|0
"300479404002"|0|1|0|0|0|0|1|1|1|1|0|0|1|0|0|5076|10260|NA|NA|7020|100|46|142|6590000|46408.4507042254|0
"300490008003"|0|1|1|0|0|0|0|1|1|1|0|0|0|1|0|36182|36182|13536|13536|10262|136|32|158|9132972|57803.6202531646|0
"300490009001"|0|1|0|0|0|0|0|1|1|1|1|0|0|1|0|2606|8608|NA|NA|NA|41|8|60|3140304|52338.4|0
"300630005022"|0|1|1|0|0|0|0|1|1|1|0|0|0|1|0|5352|25106|5076|21224|10154|1398|243|846|70564690|83409.7990543735|0
"300810005021"|0|1|0|0|0|0|0|1|1|0|0|1|1|0|0|NA|NA|NA|NA|NA|0|0|0|0|NA|0
"300859400021"|0|1|0|0|0|0|1|1|1|1|1|0|1|0|0|1680|1680|NA|NA|NA|48|6|40|1943780|48594.5|0
"300879404001"|0|1|0|0|0|0|1|1|1|1|1|0|1|0|0|1960|1960|NA|NA|NA|36|13|28|1466716|52382.7142857143|0
"300930001022"|0|1|0|0|0|0|0|1|1|0|0|1|1|0|0|NA|NA|NA|NA|NA|0|0|0|0|NA|0
"300930002005"|0|1|1|0|0|0|0|1|1|1|0|0|0|1|0|5707|20791|4706|18035|10198|287|55|258|18935432|73393.1472868217|0
"300930008005"|0|1|0|0|0|0|0|1|1|1|1|0|1|0|0|2624|8347|NA|NA|10198|0|0|0|0|NA|0
"301110006001"|0|1|1|0|0|0|0|1|1|1|0|0|0|1|0|29976|29976|30727|30727|8596|119|44|138|8478188|61436.1449275362|0
"301110006002"|0|1|1|0|0|0|0|1|1|1|0|0|0|1|0|4485|17678|5598|18611|7600|271|86|284|17102772|60221.0281690141|0
"301110010001"|0|1|0|0|0|0|0|1|1|0|0|1|1|0|0|NA|NA|NA|NA|NA|0|0|0|0|NA|0
"301110017041"|0|1|0|0|0|0|0|1|1|1|0|0|1|0|0|11160|11160|NA|NA|7000|9|1|0|0|NA|0
"310019656002"|0|1|1|0|0|0|0|1|1|1|0|0|1|0|0|31190|31190|10440|10440|10290|100|45|122|6509912|53359.9344262295|0
"310199696001"|0|1|1|0|0|0|0|1|1|1|0|0|0|1|0|6270|13650|6216|13656|10776|428|135|630|44449954|70555.4825396825|0
"310459507002"|0|1|1|0|0|0|0|1|1|1|0|0|0|1|0|5208|5236|4185|8370|8126|191|49|172|11541074|67099.2674418605|0
"310539642004"|0|1|1|0|0|0|0|1|1|1|0|0|0|1|0|34778|34778|14796|14796|9226|156|61|72|4145712|57579.3333333333|0
"310550016001"|0|1|1|0|1|1|0|1|1|1|0|0|0|1|0|41176|41176|16686|16686|11600|1065|239|1094|110653142|101145.468007313|0
"310550043001"|0|2|2|0|1|1|0|2|2|2|0|0|0|2|0|24732|43902|20385|37557|NA|1723|371|796|78818880|177753.883969869|0
"310550061025"|0|1|0|0|0|0|0|1|1|1|1|0|0|0|1|2970|4455|NA|NA|NA|610|230|460|35337006|76819.5782608696|0
"310550062021"|0|1|0|0|0|0|0|1|1|1|1|0|1|0|0|11126|11126|NA|NA|NA|3|0|0|0|NA|0
"310550065051"|0|1|0|0|0|0|0|1|1|1|0|0|1|0|0|6075|6075|NA|NA|NA|0|0|6|450000|75000|0
"310550066063"|0|1|1|0|0|0|0|1|1|1|0|0|0|1|0|15089|15089|12038|12038|9802|69|11|140|8746764|62476.8857142857|0
"310550070011"|0|1|1|0|0|0|0|1|1|1|0|0|0|1|0|21370|21370|17124|17124|8000|107|31|170|12928726|76051.3294117647|0
"310550074333"|0|1|0|0|0|0|0|1|1|1|0|0|1|0|0|25600|25600|NA|NA|NA|3|0|0|0|NA|0
"310550074571"|0|1|0|0|0|0|0|1|1|0|0|1|1|0|0|NA|NA|NA|NA|NA|0|0|0|0|NA|0
"310550074672"|0|1|0|0|0|0|0|1|1|0|0|1|1|0|0|NA|NA|NA|NA|NA|0|0|0|0|NA|0
"310639611003"|0|1|0|0|0|0|0|1|1|1|1|0|1|0|0|4726|4726|NA|NA|8348|31|4|28|2201744|78633.7142857143|0
"310790012001"|0|1|0|0|0|0|0|1|1|1|1|0|0|1|0|2760|4140|NA|NA|6824|325|132|328|19641988|59884.1097560976|0
"311090002023"|0|1|1|0|0|0|0|1|1|1|0|0|0|1|0|35964|35964|5136|5136|10258|164|55|208|11781760|56643.0769230769|0
"311090006003"|0|1|1|0|0|0|0|1|1|1|0|0|0|0|1|7770|24900|6138|17928|12186|4898|1145|2642|277075562|104873.414837245|0
"311090009003"|0|1|1|0|0|0|0|1|1|0|0|0|0|0|0|NA|NA|NA|NA|NA|458|75|0|0|NA|0
"311090012002"|0|1|0|0|0|0|0|1|1|0|0|1|1|0|0|NA|NA|NA|NA|NA|0|0|0|0|NA|0
"311090013013"|0|1|0|0|0|0|0|1|1|1|1|0|0|1|0|2448|2952|NA|NA|7150|343|78|718|45312040|63108.6908077994|0
"311090015001"|0|1|1|0|1|0|0|1|1|1|0|0|1|0|0|16716|16716|23328|23328|NA|31|8|84|7047738|83901.6428571429|0
"311090019002"|0|1|0|0|0|0|0|1|1|0|0|1|1|0|0|NA|NA|NA|NA|NA|0|0|0|0|NA|0
"311090027011"|0|1|1|0|0|0|0|1|1|1|0|0|1|0|0|24240|24240|27840|27840|7170|100|28|114|7164768|62848.8421052632|0
"311090037193"|0|1|0|0|0|0|0|1|1|0|0|1|1|0|0|NA|NA|NA|NA|NA|0|0|0|0|NA|0
"311090037213"|0|1|0|0|0|0|0|1|1|1|1|0|1|0|0|15950|15950|NA|NA|NA|1|0|0|0|NA|0
"311090037233"|0|1|0|0|0|0|0|1|1|0|0|1|1|0|0|NA|NA|NA|NA|NA|0|0|0|0|NA|0
"311119605002"|0|1|0|0|0|0|0|1|1|1|1|0|0|1|0|2880|3750|NA|NA|6630|121|28|128|8250998|64460.921875|0
"311199606004"|0|1|0|0|0|0|0|1|1|1|1|0|0|1|0|3150|3795|NA|NA|8710|241|79|258|15242434|59079.2015503876|0
"311279681001"|0|1|1|0|0|0|0|1|1|1|0|0|0|1|0|5580|5580|9120|9120|8680|117|47|104|6794500|65331.7307692308|0
"311519606011"|0|1|1|0|0|0|0|1|1|1|0|0|0|1|0|36000|36000|7485|7485|10000|221|74|202|12527970|62019.6534653465|0
"311530101053"|0|1|1|0|0|0|0|1|1|1|0|0|0|0|1|7176|7176|10710|10710|9090|536|269|210|15103336|71920.6476190476|0
"311530102031"|0|1|0|0|0|0|0|1|1|0|0|0|0|0|0|NA|NA|NA|NA|NA|0|0|0|0|NA|0
"311530107024"|0|1|0|0|0|0|0|1|1|0|0|0|0|0|0|NA|NA|NA|NA|NA|0|0|0|0|NA|0
"311579534002"|0|1|0|0|0|0|0|1|1|1|1|0|0|1|0|2556|2580|NA|NA|7034|115|54|128|8078462|63112.984375|0
"311579539005"|0|1|0|0|0|0|0|1|1|1|0|0|1|0|0|6720|6720|NA|NA|3584|7|3|6|252880|42146.6666666667|0
"311599603003"|0|1|1|0|0|0|0|1|1|1|0|0|0|1|0|34200|34200|8650|8650|9240|125|49|124|7494982|60443.4032258065|0
"311739401004"|0|1|0|0|0|0|1|1|1|1|1|0|1|0|0|4080|4080|NA|NA|NA|24|5|32|1401200|43787.5|0
"311739402001"|0|1|0|0|0|0|1|1|1|1|1|0|1|0|0|4050|4050|NA|NA|6990|43|7|12|746994|62249.5|0
"311799787006"|0|1|1|0|0|0|0|1|1|1|0|0|0|1|0|5580|11160|4185|8370|8580|242|70|248|17239948|69515.9193548387|0
"311859697004"|0|1|1|0|0|0|0|1|1|1|0|0|1|0|0|19410|19410|4500|4500|8790|64|24|52|2553830|49112.1153846154|0
"320030002033"|0|1|0|0|0|0|0|1|1|0|0|1|1|0|0|NA|NA|NA|NA|NA|0|0|0|0|NA|0
"320030002042"|0|1|0|0|0|0|0|1|1|1|0|0|1|0|0|18880|18880|NA|NA|NA|20|7|34|3002892|88320.3529411765|0
"320030003021"|0|1|0|0|0|0|0|1|1|0|0|1|1|0|0|NA|NA|NA|NA|NA|0|0|0|0|NA|0
"320030010032"|0|1|0|0|0|0|0|1|1|0|0|1|1|0|0|NA|NA|NA|NA|NA|0|0|0|0|NA|0
"320030017111"|0|1|0|0|0|0|0|1|1|1|1|0|1|0|0|NA|NA|NA|NA|NA|26|13|72|4984282|69226.1388888889|0
"320030017112"|0|2|0|0|0|0|0|2|2|0|0|2|2|0|0|NA|NA|NA|NA|NA|0|0|0|0|NA|0
"320030026031"|0|1|1|0|0|1|0|1|1|1|0|0|0|0|1|7747|23398|5675|21328|10924|2499|682|2052|211907430|103268.728070175|0
"320030029054"|0|1|0|0|0|0|0|1|1|1|0|0|0|0|1|3203|10680|NA|NA|NA|721|343|1026|78072038|76093.604288499|0
"320030029621"|0|1|0|0|0|0|0|1|1|0|0|1|1|0|0|NA|NA|NA|NA|NA|0|0|0|0|NA|0
"320030032223"|0|1|0|0|0|0|0|1|1|1|0|0|1|0|0|18900|18900|NA|NA|NA|0|0|0|0|NA|0
"320030032531"|0|1|0|0|0|0|0|1|1|0|0|1|1|0|0|NA|NA|NA|NA|NA|0|0|0|0|NA|0
"320030034142"|0|1|0|0|0|0|0|1|1|1|1|0|1|0|0|NA|NA|NA|NA|NA|13|3|8|4e+05|50000|0
"320030034151"|0|1|0|0|0|0|0|1|1|1|1|0|0|1|0|NA|NA|NA|NA|NA|109|25|86|4256400|49493.023255814|0
"320030051101"|0|1|1|0|0|1|0|1|1|1|0|0|0|1|0|34000|34000|27690|27690|NA|240|54|246|32131518|130615.926829268|0
"320030051121"|0|1|1|0|0|1|0|1|1|1|0|0|0|1|0|9900|9900|43200|43200|NA|142|52|84|9363172|111466.333333333|0
"320030053192"|0|0|1|0|1|0|0|1|1|1|0|0|1|0|0|NA|NA|6480|6480|NA|8|0|0|0|NA|0
"320030053221"|0|1|0|0|0|0|0|1|1|0|0|1|1|0|0|NA|NA|NA|NA|NA|0|0|0|0|NA|0
"320030053492"|0|1|1|0|0|0|0|1|1|1|0|0|1|0|0|14728|14728|17072|17072|NA|7|0|0|0|NA|0
"320030053631"|0|1|0|0|0|0|0|1|1|1|1|0|1|0|0|14247|14247|NA|NA|NA|23|2|34|2264000|66588.2352941177|0
"320030057111"|0|1|1|0|0|0|0|1|1|1|0|0|0|1|0|5250|18251|4248|17249|NA|181|84|212|16106872|75975.8113207547|0
"320030058044"|0|2|0|0|0|0|0|2|2|0|0|2|2|0|0|NA|NA|NA|NA|NA|0|0|0|0|NA|0
"320030058452"|0|1|1|0|0|0|0|1|1|1|0|0|1|0|0|9552|9552|16752|16752|NA|0|0|0|0|NA|0
"320030067004"|0|0|0|0|0|0|0|1|0|0|0|0|0|0|0|NA|NA|NA|NA|NA|0|0|0|0|NA|0
"320030069001"|0|2|0|0|0|0|0|2|2|1|1|1|2|0|0|NA|NA|NA|NA|NA|19|1|12|808654|NA|0
"320079508001"|0|1|0|0|0|0|0|1|1|1|0|0|0|1|0|3428|10219|NA|NA|6000|133|43|142|9629848|67815.8309859155|0
"320310002012"|0|1|0|0|0|0|0|1|1|0|0|1|1|0|0|NA|NA|NA|NA|NA|0|0|0|0|NA|0
"320310010122"|0|1|0|0|0|0|0|1|1|1|1|0|1|0|0|NA|NA|NA|NA|NA|13|2|28|2279686|81417.3571428571|0
"320310015041"|0|2|2|0|0|1|0|2|2|1|0|0|0|0|1|NA|NA|NA|NA|NA|2279|631|1670|157511484|NA|0
"320310021071"|0|1|0|0|0|0|0|1|1|0|0|1|1|0|0|NA|NA|NA|NA|NA|0|0|0|0|NA|0
"320310022111"|0|1|0|0|0|0|0|1|1|0|0|1|1|0|0|NA|NA|NA|NA|NA|0|0|0|0|NA|0
"320310027032"|0|1|0|0|0|0|0|1|1|1|0|0|0|0|1|2562|10039|NA|NA|NA|287|95|312|23550544|75482.5128205128|0
"320310031112"|0|1|0|0|0|0|0|1|1|0|0|1|1|0|0|NA|NA|NA|NA|NA|0|0|0|0|NA|0
"320310031121"|0|1|0|0|0|0|0|1|1|1|1|0|1|0|0|NA|NA|NA|NA|NA|15|3|42|2110264|50244.380952381|0
"320310033071"|0|1|1|0|0|0|0|1|1|1|0|0|1|0|0|34319|34319|18700|18700|13825|62|23|66|3630910|55013.7878787879|0
"325100003003"|0|1|0|0|0|0|0|1|1|1|0|0|0|1|0|3203|10680|NA|NA|NA|105|31|102|7386566|72417.3137254902|0
"330019660001"|0|1|0|0|0|0|0|1|1|1|1|0|1|0|0|6450|14700|NA|NA|11146|26|4|48|3307698|68910.375|0
"330019660003"|0|1|0|0|0|0|0|1|1|0|0|1|1|0|0|NA|NA|NA|NA|NA|0|0|0|0|NA|0
"330059706001"|0|1|1|0|0|0|0|1|1|1|0|0|0|1|0|36980|36980|35100|35100|14454|180|65|176|12666646|71969.5795454545|0
"330059714021"|0|0|1|0|0|0|0|1|1|1|0|0|1|0|0|NA|NA|24384|24384|NA|31|9|112|7233932|64588.6785714286|0
"330059714023"|0|1|0|0|0|0|0|1|1|0|0|1|1|0|0|NA|NA|NA|NA|NA|0|0|0|0|NA|0
"330059714033"|0|1|1|0|0|0|0|1|1|1|0|0|0|1|0|11754|21466|9756|10692|13234|272|78|344|30300320|88082.3255813953|0
"330079506001"|0|1|0|0|0|0|0|1|1|1|1|0|1|0|0|6450|14700|NA|NA|NA|28|2|44|2945776|66949.4545454545|0
"330099610012"|0|1|1|0|0|0|0|1|1|1|0|0|0|1|0|11870|21280|9830|13800|11580|265|93|368|30328922|82415.5489130435|0
"330099616033"|0|1|1|0|0|1|0|1|1|1|0|0|0|1|0|57796|57796|57796|57796|17022|2360|552|1236|191258796|154740.126213592|0
"330099618012"|0|1|0|0|0|0|0|1|1|0|0|1|1|0|0|NA|NA|NA|NA|NA|0|0|0|0|NA|0
"330099618022"|0|0|1|0|0|0|0|1|1|0|0|1|1|0|0|NA|NA|16680|16680|NA|0|0|0|0|NA|0
"330110002032"|0|1|0|0|0|0|0|1|1|1|1|0|0|1|0|6450|14700|NA|NA|NA|57|3|98|7167312|73135.8367346939|0
"330110023001"|0|1|0|0|0|0|0|1|1|0|0|1|1|0|0|NA|NA|NA|NA|NA|0|0|0|0|NA|0
"330110028023"|0|1|0|0|0|0|0|1|1|1|0|0|0|1|0|41510|41510|NA|NA|15120|361|74|294|23581576|80209.4421768708|0
"330110029022"|0|1|0|0|0|0|0|1|1|0|0|1|1|0|0|NA|NA|NA|NA|NA|0|0|0|0|NA|0
"330110102022"|0|1|0|0|0|0|0|1|1|1|1|0|0|1|0|6450|14700|NA|NA|NA|48|3|58|4171612|71924.3448275862|0
"330110109002"|0|1|0|0|0|0|0|1|1|1|1|0|1|0|0|20750|20750|NA|NA|NA|5|3|36|3336186|92671.8333333333|0
"330110110003"|0|1|1|0|0|0|0|1|1|1|0|0|0|1|0|33410|33410|11430|11430|13962|137|36|116|7844708|67626.7931034483|0
"330110122011"|0|1|0|0|0|0|0|1|1|0|0|1|1|0|0|NA|NA|NA|NA|NA|0|0|0|0|NA|0
"330110122022"|0|1|0|0|0|0|0|1|1|0|0|1|1|0|0|NA|NA|NA|NA|NA|0|0|0|0|NA|0
"330110141022"|0|2|0|0|0|0|0|2|2|1|0|1|2|0|0|NA|NA|NA|NA|NA|13|7|12|714474|NA|0
"330112004001"|0|1|0|0|0|0|0|1|1|0|0|1|0|0|0|NA|NA|NA|NA|NA|0|0|0|0|NA|0
"330112004003"|0|1|0|0|0|0|0|1|1|1|0|0|1|0|0|15150|32460|14170|15590|11950|46|18|84|7392178|88002.1190476191|0
"330130030012"|0|1|0|0|0|0|0|1|1|0|0|1|1|0|0|NA|NA|NA|NA|NA|0|0|0|0|NA|0
"330130030061"|0|1|1|0|0|0|0|1|1|1|0|0|0|0|1|9600|9600|18810|18810|12800|3453|1807|278|24140024|86834.618705036|0
"330130322002"|0|1|1|0|0|0|0|1|1|1|0|0|0|1|0|7536|8760|9684|10620|NA|81|33|36|2340100|65002.7777777778|0
"330130324002"|0|0|1|0|0|0|0|1|1|1|0|0|1|0|0|NA|NA|35420|39420|NA|25|13|50|6252640|125052.8|0
"330130324003"|0|1|0|0|0|0|0|1|1|1|1|0|0|1|0|6450|14700|NA|NA|10630|89|7|152|11781806|77511.8815789474|0
"330130385001"|0|1|0|0|0|0|0|1|1|1|0|0|1|0|0|23400|23400|NA|NA|8000|7|1|12|734000|61166.6666666667|0
"330130400002"|0|1|1|0|0|0|0|1|1|1|0|0|0|1|0|25439|25439|15624|15624|16070|238|125|140|8802930|62878.0714285714|0
"330130410022"|0|1|1|0|0|0|0|1|1|1|0|0|1|0|0|42846|42846|7200|7200|15428|170|46|92|5950436|64678.652173913|0
"330130441003"|0|1|1|0|0|0|0|1|1|0|0|0|0|0|0|NA|NA|NA|NA|NA|67|19|0|0|NA|0
"330150691001"|0|1|0|0|0|0|0|1|1|0|0|1|1|0|0|NA|NA|NA|NA|NA|0|0|0|0|NA|0
"330151074002"|0|1|0|0|0|0|0|1|1|1|1|0|0|1|0|6450|14700|NA|NA|NA|51|4|68|4992448|73418.3529411765|0
"330170802031"|0|1|1|0|0|0|0|1|1|1|0|0|0|0|1|15520|32860|14170|27810|12242|2022|488|1468|149757182|102014.429155313|0
"330170830023"|0|1|0|0|0|0|0|1|1|0|0|1|1|0|0|NA|NA|NA|NA|NA|0|0|0|0|NA|0
"330199759011"|0|1|0|0|0|0|0|1|1|1|1|0|1|0|0|6450|14700|NA|NA|NA|31|3|54|3659716|67772.5185185185|0
"340010114033"|0|1|0|0|0|0|0|1|1|1|1|0|0|1|0|5883|7383|NA|NA|NA|178|47|142|10521362|74094.0985915493|0
"340010117032"|0|1|0|0|0|0|0|1|1|0|0|1|1|0|0|NA|NA|NA|NA|NA|0|0|0|0|NA|0
"340010120002"|0|1|0|0|0|0|0|1|1|0|0|1|1|0|0|NA|NA|NA|NA|NA|0|0|0|0|NA|0
"340010123022"|0|1|0|0|0|0|0|1|1|0|0|1|1|0|0|NA|NA|NA|NA|NA|0|0|0|0|NA|0
"340010125022"|0|1|0|0|0|0|0|1|1|0|0|1|0|0|0|NA|NA|NA|NA|NA|0|0|0|0|NA|0
"340019834001"|0|1|1|0|0|0|0|1|1|1|0|0|0|1|0|12245|19679|13787|20102|12347|851|296|670|66874432|99812.5850746269|0
"340030160006"|0|1|0|0|0|0|0|1|1|0|0|1|1|0|0|17745|17745|NA|NA|NA|0|0|0|0|NA|0
"340030231001"|0|1|0|0|0|0|0|1|1|0|0|1|1|0|0|NA|NA|NA|NA|NA|0|0|0|0|NA|0
"340030231002"|0|2|0|0|0|0|0|2|2|1|1|1|2|0|0|NA|NA|NA|NA|NA|25|6|16|849990|NA|0
"340030303005"|0|1|1|0|0|0|0|1|1|1|0|0|0|1|0|32550|32550|19080|19080|13140|189|72|160|12437760|77736|0
"340030321041"|0|1|1|0|0|0|0|1|1|1|0|0|0|1|0|12414|22157|17676|17676|14420|434|172|430|46787146|108807.31627907|0
"340030322012"|0|1|0|0|0|0|0|1|1|0|0|1|1|0|0|NA|NA|NA|NA|NA|0|0|0|0|NA|0
"340030361001"|0|2|0|0|0|0|0|2|2|1|1|1|1|1|0|NA|NA|NA|NA|NA|117|6|196|15779176|NA|0
"340030362002"|0|1|0|0|0|0|0|1|1|0|0|1|1|0|0|16520|16520|NA|NA|NA|0|0|0|0|NA|0
"340030423023"|0|1|0|0|0|0|0|1|1|0|0|1|1|0|0|NA|NA|NA|NA|NA|0|0|0|0|NA|0
"340030424003"|0|1|0|0|0|0|0|1|1|1|1|0|0|0|1|7224|7602|NA|NA|NA|390|126|410|32160870|78441.1463414634|0
"340030425001"|0|2|0|0|0|0|0|2|2|0|0|2|2|0|0|NA|NA|NA|NA|NA|0|0|0|0|NA|0
"340030442011"|0|1|0|0|0|0|0|1|1|1|0|0|1|0|0|16782|16782|NA|NA|NA|38|10|16|848538|53033.625|0
"340030544003"|0|1|1|0|0|0|0|1|1|1|0|0|0|1|0|41154|41154|9732|9732|13990|386|120|300|26656196|88853.9866666667|0
"340057005014"|0|1|0|0|0|0|0|1|1|0|0|1|1|0|0|NA|NA|NA|NA|NA|0|0|0|0|NA|0
"340057015022"|0|1|0|0|0|0|0|1|1|0|0|1|1|0|0|NA|NA|NA|NA|NA|0|0|0|0|NA|0
"340057029104"|0|1|0|0|0|0|0|1|1|1|1|0|0|1|0|3806|5548|NA|NA|NA|243|82|128|6242176|48767|0
"340076032012"|0|2|0|0|0|0|0|2|2|0|0|2|1|0|0|NA|NA|NA|NA|NA|0|0|0|0|NA|0
"340076032022"|0|1|0|0|0|0|0|1|1|0|0|1|1|0|0|NA|NA|NA|NA|NA|0|0|0|0|NA|0
"340076035041"|0|1|0|0|0|0|0|1|1|0|0|1|1|0|0|NA|NA|NA|NA|NA|0|0|0|0|NA|0
"340076075023"|0|1|0|0|0|0|0|1|1|0|0|1|0|0|0|NA|NA|NA|NA|NA|0|0|0|0|NA|0
"340076075071"|0|2|0|0|0|0|0|2|2|0|0|2|2|0|0|NA|NA|NA|NA|NA|0|0|0|0|NA|0
"340076082102"|0|1|0|0|0|0|0|1|1|1|1|0|0|1|0|3570|3570|NA|NA|NA|230|82|224|17800646|79467.1696428571|0
"340076083032"|0|1|0|0|0|0|0|1|1|0|0|1|1|0|0|NA|NA|NA|NA|NA|0|0|0|0|NA|0
"340076084033"|0|1|0|0|0|0|0|1|1|0|0|1|1|0|0|NA|NA|NA|NA|NA|0|0|0|0|NA|0
"340076103002"|0|1|1|0|1|0|0|1|1|1|0|0|0|1|0|12230|28466|17736|29232|12691|589|139|620|76129988|122790.303225806|0
"340076110005"|0|1|0|0|0|0|0|1|1|0|0|1|1|0|0|NA|NA|NA|NA|NA|0|0|0|0|NA|0
"340110410021"|0|1|0|0|0|0|0|1|1|1|1|0|0|1|0|4080|4080|NA|NA|NA|113|46|72|4871668|67662.0555555556|0
"340130011001"|0|1|1|0|0|0|0|1|1|1|0|0|0|0|1|14448|30160|20624|30540|13900|981|309|888|111275892|125310.689189189|0
"340130080001"|0|1|1|0|0|0|0|1|1|1|0|0|1|0|0|22056|22056|17760|17760|NA|59|11|28|1807562|64555.7857142857|0
"340130081002"|0|2|1|0|1|0|0|2|2|2|1|0|0|1|1|19820|36602|NA|NA|NA|1409|283|1348|185602024|233158.120268656|0
"340130113002"|0|1|0|0|0|0|0|1|1|0|0|1|1|0|0|NA|NA|NA|NA|NA|0|0|0|0|NA|0
"340130113003"|0|1|0|0|0|0|0|1|1|1|1|0|1|0|0|NA|NA|NA|NA|NA|8|1|10|302400|30240|0
"340130136003"|0|1|0|0|0|0|0|1|1|1|1|0|1|0|0|15706|15706|NA|NA|NA|17|3|14|677994|48428.1428571429|0
"340130146001"|0|1|0|0|0|0|0|1|1|1|0|0|1|0|0|13325|13325|NA|NA|NA|10|1|12|780000|65000|0
"340130148001"|0|1|0|0|0|0|0|1|1|0|0|1|1|0|0|NA|NA|NA|NA|NA|0|0|0|0|NA|0
"340130154004"|0|3|2|0|0|0|0|3|3|2|0|1|2|1|0|NA|NA|NA|NA|NA|151|68|120|10540382|NA|0
"340130192001"|0|1|1|0|0|0|0|1|1|1|0|0|0|1|0|42920|42920|24372|24372|15368|821|288|930|88791248|95474.4602150538|0
"340130217023"|0|1|1|0|0|0|0|1|1|1|0|0|0|1|0|34900|34900|17910|17910|12760|131|51|160|11879956|74249.725|0
"340130230002"|0|1|0|0|0|0|0|1|1|0|0|1|1|0|0|NA|NA|NA|NA|NA|0|0|0|0|NA|0
"340155011063"|0|1|0|0|0|0|0|1|1|1|1|0|0|1|0|4080|4080|NA|NA|NA|252|92|160|11188066|69925.4125|0
"340155012041"|0|2|0|0|0|0|0|2|2|0|0|2|2|0|0|NA|NA|NA|NA|NA|0|0|0|0|NA|0
"340155014041"|0|1|1|0|0|1|0|1|1|1|0|0|0|0|1|9573|18605|12879|12879|14937|1261|217|1238|112299636|90710.5298869144|0
"340170009024"|0|1|0|0|0|0|0|1|1|1|0|0|1|0|0|14916|14916|NA|NA|NA|21|4|36|2520000|70000|0
"340170019001"|0|1|0|0|0|0|0|1|1|0|0|1|1|0|0|NA|NA|NA|NA|NA|0|0|0|0|NA|0
"340170020011"|0|1|0|0|0|0|0|1|1|0|0|1|0|0|0|NA|NA|NA|NA|NA|0|0|0|0|NA|0
"340170020012"|0|1|0|0|0|0|0|1|1|0|0|1|1|0|0|NA|NA|NA|NA|NA|0|0|0|0|NA|0
"340170020022"|0|1|0|0|0|0|0|1|1|1|1|0|0|1|0|7152|10560|NA|NA|NA|228|108|206|14057708|68241.3009708738|0
"340170028001"|0|1|1|0|0|0|0|1|1|1|0|0|0|1|0|37660|37660|21186|21186|15950|186|66|218|16152614|74094.5596330275|0
"340170052001"|0|1|1|0|0|0|0|1|1|1|0|0|0|1|0|12676|22826|13598|21788|15084|608|100|480|53168732|110768.191666667|0
"340170077011"|0|1|0|0|0|0|0|1|1|1|0|0|1|0|0|9552|9552|NA|NA|NA|0|0|0|0|NA|0
"340170159004"|0|1|0|0|0|0|0|1|1|0|0|1|1|0|0|NA|NA|NA|NA|NA|0|0|0|0|NA|0
"340170164003"|0|1|0|0|0|0|0|1|1|0|0|1|1|0|0|NA|NA|NA|NA|NA|0|0|0|0|NA|0
"340170187011"|0|1|1|0|0|0|0|1|1|1|0|0|0|1|0|53828|53828|37414|37414|16260|671|132|596|82466392|138366.429530201|0
"340210006003"|0|2|0|0|0|0|0|2|2|0|0|2|2|0|0|23488|23488|NA|NA|NA|0|0|0|0|NA|0
"340210011012"|0|1|1|0|0|0|0|1|1|1|0|0|0|0|1|7182|9342|12024|12024|NA|283|118|0|0|NA|0
"340210032014"|0|1|1|0|0|0|0|1|1|1|0|0|0|1|0|45120|45120|20508|20508|15500|460|162|388|40287426|103833.572164948|0
"340210032021"|0|1|0|0|0|0|0|1|1|0|0|1|1|0|0|NA|NA|NA|NA|NA|0|0|0|0|NA|0
"340210034001"|0|0|0|0|0|0|0|1|0|0|0|0|0|0|0|NA|NA|NA|NA|NA|0|0|0|0|NA|0
"340210037033"|0|1|1|0|0|0|0|1|1|1|0|0|0|1|0|13239|25217|14554|14554|14316|770|207|750|81944184|109258.912|0
"340210037073"|0|1|0|0|0|0|0|1|1|0|0|1|1|0|0|NA|NA|NA|NA|NA|0|0|0|0|NA|0
"340210043062"|0|1|0|0|0|0|0|1|1|1|1|0|0|1|0|4608|6900|NA|NA|NA|243|93|202|16973468|84027.0693069307|0
"340210045014"|0|1|1|0|0|0|0|1|1|1|0|0|0|1|0|48502|48502|53890|53890|15342|5353|1199|1994|373897602|187511.335005015|0
"340210045022"|0|0|1|0|0|0|0|1|1|1|0|0|1|0|0|NA|NA|18500|18500|NA|156|42|102|9332616|91496.2352941177|0
"340230006032"|0|2|1|0|0|0|0|2|2|1|0|1|2|0|0|NA|NA|NA|NA|NA|0|0|0|0|NA|0
"340230010042"|0|3|0|0|0|0|0|3|3|0|0|3|3|0|0|NA|NA|NA|NA|NA|0|0|0|0|NA|0
"340230014182"|0|1|0|0|0|0|0|1|1|0|0|1|1|0|0|NA|NA|NA|NA|NA|0|0|0|0|NA|0
"340230018032"|0|1|0|0|0|0|0|1|1|1|0|0|1|0|0|11700|11700|NA|NA|3300|7|1|8|366000|45750|0
"340230018062"|0|1|0|0|0|0|0|1|1|1|1|0|0|0|1|5568|5568|NA|NA|NA|375|122|282|26708510|94711.0283687943|0
"340230030021"|0|2|1|0|0|0|0|2|2|1|0|1|2|0|0|NA|NA|NA|NA|NA|30|0|16|1965934|NA|0
"340230031012"|0|1|0|0|0|0|0|1|1|0|0|1|1|0|0|NA|NA|NA|NA|NA|0|0|0|0|NA|0
"340230049002"|0|1|0|0|0|0|0|1|1|0|0|1|1|0|0|NA|NA|NA|NA|NA|0|0|0|0|NA|0
"340230051002"|0|1|2|0|1|1|0|2|2|2|0|0|1|0|1|NA|NA|33936|46344|NA|10637|2008|4618|604029874|206780.521621034|0
"340230062061"|0|1|0|0|0|0|0|1|1|1|0|0|0|1|0|19572|19572|NA|NA|NA|0|0|0|0|NA|0
"340230065002"|0|1|0|0|0|0|0|1|1|0|0|1|1|0|0|NA|NA|NA|NA|NA|0|0|0|0|NA|0
"340258015001"|0|1|0|0|0|0|0|1|1|1|1|0|0|0|1|7605|8355|NA|NA|NA|316|62|384|32180360|83803.0208333333|0
"340258025004"|0|1|0|0|0|0|0|1|1|1|0|0|1|0|0|7850|7850|NA|NA|3000|2|0|4|190000|47500|0
"340258051002"|0|1|0|0|0|0|0|1|1|0|0|1|1|0|0|NA|NA|NA|NA|NA|0|0|0|0|NA|0
"340258062012"|0|1|1|0|0|0|0|1|1|1|0|0|0|1|0|39968|39968|27874|27874|14942|672|289|622|58272620|93685.884244373|0
"340258065011"|0|1|0|0|0|0|0|1|1|0|0|1|1|0|0|NA|NA|NA|NA|NA|0|0|0|0|NA|0
"340258104023"|0|1|0|0|0|0|0|1|1|0|0|1|1|0|0|NA|NA|NA|NA|NA|0|0|0|0|NA|0
"340258111011"|0|1|0|0|0|0|0|1|1|1|0|0|1|0|0|13700|13700|NA|NA|3000|1|0|8|218120|27265|0
"340258113041"|0|1|0|0|0|0|0|1|1|1|0|0|1|0|0|10000|10000|NA|NA|NA|1|0|8|584100|73012.5|0
"340270408032"|0|1|0|0|0|0|0|1|1|0|0|1|1|0|0|NA|NA|NA|NA|NA|0|0|0|0|NA|0
"340270413003"|0|1|0|0|0|0|0|1|0|1|1|0|1|0|0|5773|5773|NA|NA|6240|3|0|0|0|NA|0
"340270415001"|0|1|0|0|0|0|0|1|0|0|0|1|1|0|0|NA|NA|NA|NA|NA|0|0|0|0|NA|0
"340270416062"|0|1|0|0|0|0|0|1|1|0|0|1|1|0|0|NA|NA|NA|NA|NA|0|0|0|0|NA|0
"340270417043"|0|1|0|0|0|0|0|1|1|0|0|1|0|0|0|NA|NA|NA|NA|NA|0|0|0|0|NA|0
"340270426012"|0|2|2|0|0|0|0|2|2|2|0|0|0|2|0|76554|76554|27750|27750|26782|309|102|442|39016848|165540.305902264|0
"340270432002"|0|1|1|0|0|0|0|1|1|1|0|0|0|1|0|39828|39828|18871|18871|14723|192|75|260|21748726|83648.9461538461|0
"340270434023"|0|1|1|0|0|0|0|1|1|1|0|0|1|0|0|12000|12000|12000|12000|7500|20|2|36|2088540|58015|0
"340270448003"|0|1|0|0|0|0|0|1|1|0|0|1|1|0|0|20700|20700|NA|NA|8030|0|0|0|0|NA|0
"340270455032"|0|1|0|0|0|0|0|1|1|0|0|1|1|0|0|NA|NA|NA|NA|NA|0|0|0|0|NA|0
"340270465001"|0|1|0|0|0|0|0|1|1|1|1|0|0|1|0|8640|12420|NA|NA|NA|266|102|310|25630948|82680.4774193548|0
"340297134022"|0|1|0|0|0|0|0|1|1|0|0|1|1|0|0|NA|NA|NA|NA|NA|0|0|0|0|NA|0
"340297140006"|0|1|0|0|0|0|0|1|1|0|0|1|1|0|0|NA|NA|NA|NA|NA|0|0|0|0|NA|0
"340297150011"|0|1|0|0|0|0|0|1|1|1|0|0|1|0|0|12100|12100|NA|NA|5400|8|1|14|806764|57626|0
"340297150021"|0|2|0|0|0|0|0|2|2|2|0|0|2|0|0|18650|18650|NA|NA|2800|4|0|16|699720|97643.3333333333|0
"340297152011"|0|1|0|0|0|0|0|1|1|1|0|0|1|0|0|8800|8800|NA|NA|2100|1|0|2|102000|51000|0
"340297152012"|0|2|0|0|0|0|0|2|2|2|0|0|2|0|0|17550|17550|NA|NA|3250|8|0|26|1027020|79996.6666666667|0
"340297152013"|0|1|0|0|0|0|0|1|1|1|0|0|1|0|0|9100|9100|NA|NA|2400|0|0|8|127272|15909|0
"340297153011"|0|1|0|0|0|0|0|1|1|1|0|0|1|0|0|10400|10400|NA|NA|2200|2|0|24|691500|28812.5|0
"340297153012"|0|1|0|0|0|0|0|1|1|1|0|0|1|0|0|7200|7200|NA|NA|3800|3|0|4|233772|58443|0
"340297154013"|0|1|1|0|0|0|0|1|1|1|0|0|0|1|0|32050|32050|16074|16074|11424|174|74|180|13510026|75055.7|0
"340297154032"|0|1|1|0|0|0|0|1|1|1|0|0|0|1|0|22108|22108|4360|4360|NA|73|26|30|2829332|94311.0666666667|0
"340297157011"|0|1|0|0|0|0|0|1|1|1|0|0|1|0|0|13000|13000|NA|NA|2000|1|0|12|393680|32806.6666666667|0
"340297157012"|0|1|0|0|0|0|0|1|1|1|0|0|1|0|0|12000|12000|NA|NA|3680|1|0|8|261362|32670.25|0
"340297158001"|0|1|0|0|0|0|0|1|1|1|1|0|1|0|0|11300|11300|NA|NA|5000|5|1|6|210100|35016.6666666667|0
"340297158002"|0|1|0|0|0|0|0|1|1|1|0|0|1|0|0|12500|12500|NA|NA|2800|8|1|16|590000|36875|0
"340297159011"|0|2|0|0|0|0|0|2|2|2|0|0|2|0|0|20400|20400|NA|NA|NA|2|0|14|410328|64834|0
"340297221003"|0|1|0|0|0|0|0|1|1|0|0|1|1|0|0|NA|NA|NA|NA|NA|0|0|0|0|NA|0
"340297223002"|0|1|0|0|0|0|0|1|1|1|1|0|0|1|0|5790|8100|NA|NA|NA|297|99|226|16288982|72075.1415929204|0
"340297228001"|0|1|0|0|0|0|0|1|1|0|0|1|1|0|0|NA|NA|NA|NA|NA|0|0|0|0|NA|0
"340311244033"|0|0|1|0|0|1|0|1|1|1|0|0|1|0|0|NA|NA|NA|NA|NA|0|0|0|0|NA|0
"340311246012"|0|1|0|0|0|0|0|1|1|0|0|1|1|0|0|NA|NA|NA|NA|NA|0|0|0|0|NA|0
"340311250006"|0|1|0|0|0|0|0|1|1|0|0|1|1|0|0|NA|NA|NA|NA|NA|0|0|0|0|NA|0
"340311540041"|0|1|1|0|0|0|0|1|1|1|0|0|0|0|1|12082|20042|12600|18432|15674|1225|378|1238|137093860|110738.17447496|0
"340311827011"|0|1|0|0|0|0|0|1|1|0|0|1|1|0|0|NA|NA|NA|NA|NA|0|0|0|0|NA|0
"340311832002"|0|1|0|0|0|0|0|1|1|1|1|0|0|1|0|7260|9300|NA|NA|NA|209|55|162|13628174|84124.5308641975|0
"340312366011"|0|1|0|0|0|0|0|1|1|0|0|1|1|0|0|NA|NA|NA|NA|NA|0|0|0|0|NA|0
"340312460013"|0|1|1|0|0|0|0|1|1|1|0|0|0|1|0|13638|22204|13428|20898|13706|719|296|754|87681814|116288.877984085|0
"340312463002"|0|1|0|0|0|0|0|1|1|0|0|1|1|0|0|NA|NA|NA|NA|NA|0|0|0|0|NA|0
"340312641021"|0|1|1|0|0|0|0|1|1|1|0|0|0|1|0|24605|24605|18062|18062|NA|227|60|152|12753668|83905.7105263158|0
"340330206002"|0|1|0|0|0|0|0|1|1|1|1|0|1|0|0|6360|8850|NA|NA|NA|44|13|28|1809132|64611.8571428571|0
"340350517002"|0|1|0|0|0|0|0|1|1|0|0|1|1|0|0|NA|NA|NA|NA|NA|0|0|0|0|NA|0
"340350518002"|0|1|0|0|0|0|0|1|1|1|0|0|1|0|0|9550|9550|NA|NA|1450|2|1|6|278000|46333.3333333333|0
"340350535012"|0|1|0|0|0|0|0|1|1|0|0|1|1|0|0|NA|NA|NA|NA|NA|0|0|0|0|NA|0
"340350536042"|0|1|0|0|0|0|0|1|1|1|1|0|0|1|0|5472|5472|NA|NA|NA|196|49|246|20103948|81723.3658536585|0
"340373737001"|0|1|0|0|0|0|0|1|1|1|1|0|0|1|0|5040|6720|NA|NA|NA|75|20|42|2868000|68285.7142857143|0
"340390316022"|0|1|0|0|0|0|0|1|1|1|0|0|1|0|0|10650|10650|NA|NA|5100|1|0|12|609808|50817.3333333333|0
"340390327023"|0|1|0|0|0|0|0|1|1|0|0|1|0|1|0|NA|NA|NA|NA|NA|0|0|0|0|NA|0
"340390331003"|0|1|0|0|0|0|0|1|1|0|0|1|1|0|0|NA|NA|NA|NA|NA|0|0|0|0|NA|0
"340390331005"|0|1|0|0|0|0|0|1|1|1|0|0|1|0|0|10750|10750|NA|NA|2000|1|0|8|218280|27285|0
"340390335011"|0|1|0|0|0|0|0|1|1|0|0|1|1|0|0|NA|NA|NA|NA|NA|0|0|0|0|NA|0
"340390335022"|0|1|1|0|0|0|0|1|1|1|0|0|0|0|1|10445|17621|15752|20714|14472|574|218|654|61828260|94538.623853211|0
"340390336005"|0|1|0|0|0|0|0|1|1|0|0|1|1|0|0|NA|NA|NA|NA|NA|0|0|0|0|NA|0
"340390371002"|0|1|0|0|0|0|0|1|1|1|1|0|0|1|0|10562|10562|NA|NA|NA|273|40|178|18491172|103882.988764045|0
"340390386012"|0|1|0|0|0|0|0|1|0|0|0|1|1|0|0|NA|NA|NA|NA|NA|0|0|0|0|NA|0
"340390397002"|0|1|0|0|0|0|0|1|1|0|0|1|1|0|0|6420|12840|NA|NA|6384|0|0|0|0|NA|0
"340410314023"|0|1|1|0|0|0|0|1|1|1|0|0|0|1|0|33550|33550|17424|17424|12186|117|53|132|9196930|69673.7121212121|0
"340410319003"|0|1|0|0|0|0|0|1|1|1|1|0|0|1|0|5100|5700|NA|NA|NA|31|9|44|3116350|70826.1363636364|0
"350010001224"|0|1|0|0|0|0|0|1|1|0|0|1|1|0|0|NA|NA|NA|NA|NA|0|0|0|0|NA|0
"350010002072"|0|1|0|0|0|0|0|1|1|0|0|1|1|0|0|NA|NA|NA|NA|NA|0|0|0|0|NA|0
"350010002073"|0|1|0|0|0|0|0|1|1|0|0|1|1|0|0|NA|NA|NA|NA|NA|0|0|0|0|NA|0
"350010002083"|0|1|0|0|0|0|0|1|1|1|1|0|1|0|0|NA|NA|NA|NA|NA|30|17|86|5194886|60405.6511627907|0
"350010004022"|0|1|1|0|0|0|0|1|1|1|0|0|1|0|0|22944|22944|21000|21000|NA|0|0|0|0|NA|0
"350010012022"|0|1|0|0|0|0|0|1|1|1|1|0|0|0|1|1344|7104|NA|NA|NA|894|148|630|41322764|65591.6888888889|0
"350010018002"|0|1|1|0|1|1|0|1|1|1|0|0|0|0|1|6463|22801|5920|18489|10262|2670|867|2192|199209782|90880.375|0
"350010022003"|0|1|0|0|0|0|0|1|1|0|0|1|1|0|0|NA|NA|NA|NA|NA|0|0|0|0|NA|0
"350010024013"|0|1|0|0|0|0|0|1|1|1|0|0|1|0|0|NA|NA|NA|NA|NA|23|4|28|2296568|82020.2857142857|0
"350010029003"|0|1|0|0|0|0|0|1|1|1|1|0|1|0|0|NA|NA|NA|NA|NA|19|2|14|1137752|81268|0
"350010034001"|0|1|0|0|0|0|0|1|1|0|0|1|1|0|0|NA|NA|NA|NA|NA|0|0|0|0|NA|0
"350010037361"|0|1|1|0|0|0|0|1|1|1|0|0|1|0|0|9552|9552|16752|16752|NA|0|0|0|0|NA|0
"350010047162"|0|1|0|0|0|0|0|1|1|0|0|0|0|0|0|NA|NA|NA|NA|NA|0|0|0|0|NA|0
"350010047223"|0|1|0|0|0|0|1|1|1|1|1|0|1|0|0|NA|NA|NA|NA|675|64|24|36|2866940|79637.2222222222|0
"350010047561"|0|1|0|0|0|0|0|1|1|1|1|0|1|0|0|NA|NA|NA|NA|NA|3|2|6|235220|39203.3333333333|0
"350050003022"|0|1|0|0|0|0|0|1|1|1|1|0|1|0|0|1872|8072|NA|NA|6176|204|47|152|9872076|64947.8684210526|0
"350050011013"|0|1|0|0|0|0|0|1|1|1|1|0|0|1|0|2040|5232|NA|NA|NA|134|32|90|4676378|51959.7555555556|0
"350069744012"|0|1|0|0|0|0|0|1|1|1|1|0|1|0|0|2088|3912|NA|NA|NA|21|8|26|1426002|54846.2307692308|0
"350090004001"|0|1|0|0|0|0|0|1|1|1|1|0|0|1|0|1296|2664|NA|NA|NA|103|18|106|5642092|53227.2830188679|0
"350130008001"|0|1|0|0|0|0|0|1|1|0|0|1|1|0|0|NA|NA|NA|NA|NA|0|0|0|0|NA|0
"350130010002"|0|1|1|0|0|0|0|1|1|1|0|0|0|0|1|6041|22507|4981|17330|10228|2232|648|1274|109396054|85868.1742543171|0
"350130010003"|0|0|1|0|0|1|0|1|1|1|0|0|1|0|0|NA|NA|NA|NA|NA|0|0|0|0|NA|0
"350130012083"|0|1|0|0|0|0|0|1|1|1|1|0|0|1|0|1962|5466|NA|NA|NA|207|75|250|15562868|62251.472|0
"350150004012"|0|1|0|0|0|0|0|1|1|1|1|0|0|1|0|1776|3816|NA|NA|NA|58|28|64|3720110|58126.71875|0
"350179644022"|0|1|1|0|0|0|0|1|1|1|0|0|0|1|0|4417|11400|3558|8730|10790|240|72|200|12626704|63133.52|0
"350250007022"|0|1|0|0|0|0|0|1|1|1|1|0|0|1|0|1592|1680|NA|NA|4400|148|10|126|7727572|61329.9365079365|0
"350250007031"|0|1|1|0|0|0|0|1|1|1|0|0|1|0|0|16000|16000|22500|22500|9930|66|21|64|3043770|47558.90625|0
"350279606011"|0|1|0|0|0|0|0|1|1|1|1|0|1|0|0|1704|2544|NA|NA|NA|50|10|14|768814|54915.2857142857|0
"350280002003"|0|1|0|0|0|0|0|1|1|1|1|0|1|0|0|1968|5460|NA|NA|NA|17|6|8|443304|55413|0
"350319435003"|0|1|1|0|0|0|1|1|1|1|0|0|0|1|0|3420|3420|2250|2250|6270|149|24|178|9117424|51221.4831460674|0
"350319455011"|0|1|0|0|0|0|0|1|1|1|1|0|0|1|0|1682|4458|NA|NA|NA|79|30|128|8290552|64769.9375|0
"350350002001"|0|1|0|0|0|0|0|1|1|0|0|1|1|0|0|NA|NA|NA|NA|NA|0|0|0|0|NA|0
"350350003041"|0|1|0|0|0|0|0|1|1|1|1|0|1|0|0|2232|5184|NA|NA|NA|50|23|62|4104680|66204.5161290323|0
"350379586012"|0|1|0|0|0|0|0|1|1|1|1|0|1|0|0|1512|2760|NA|NA|6224|37|4|30|1438124|47937.4666666667|0
"350399407002"|0|1|1|0|0|0|0|1|1|1|0|0|0|1|0|3447|12171|2652|3969|NA|109|20|94|5626534|59856.7446808511|0
"350410003003"|0|1|1|0|0|0|0|1|1|1|0|0|0|1|0|4074|6114|5351|7110|7526|309|101|328|21070332|64238.8170731707|0
"350430107312"|0|1|0|0|0|0|0|1|1|0|0|1|1|0|0|NA|NA|NA|NA|NA|0|0|0|0|NA|0
"350450002022"|0|1|0|0|0|0|0|1|1|1|1|0|0|1|0|1248|3936|NA|NA|NA|330|136|302|18419374|60991.3046357616|0
"350479573003"|0|1|1|0|0|0|0|1|1|1|0|0|0|1|0|4608|9048|5304|9696|8908|325|90|252|14628704|58050.4126984127|0
"350479576021"|0|1|0|0|0|0|0|1|1|1|1|0|1|0|0|1320|2520|NA|NA|NA|90|33|48|2000950|41686.4583333333|0
"350490010012"|0|0|1|0|0|0|0|1|1|1|0|0|1|0|0|NA|NA|19516|19516|NA|7|2|0|0|NA|0
"350490011032"|0|1|0|0|0|0|0|1|1|0|0|1|1|0|0|NA|NA|NA|NA|NA|0|0|0|0|NA|0
"350490012052"|0|0|1|0|0|0|0|1|1|1|0|0|1|0|0|NA|NA|22272|22272|NA|20|3|10|730306|73030.6|0
"350490104001"|0|1|1|0|0|0|0|1|1|1|0|0|1|0|0|35000|35000|27612|27612|13570|103|36|68|5520746|81187.4411764706|0
"350490106012"|0|1|0|0|0|0|0|1|1|1|1|0|0|1|0|1830|4320|NA|NA|NA|248|41|134|7555564|56384.8059701493|0
"350490106013"|0|1|1|0|0|0|1|1|1|1|0|0|1|0|0|4446|4446|12000|12000|10676|75|12|54|3431594|63548.037037037|0
"350539783022"|0|1|1|0|0|0|0|1|1|1|0|0|0|1|0|7031|22860|7344|24292|8624|613|143|270|21593368|79975.437037037|0
"350559526024"|0|1|0|0|0|0|0|1|1|1|1|0|0|1|0|1800|4680|NA|NA|NA|65|25|46|2560796|55669.4782608696|0
"350619703021"|0|1|0|0|0|0|0|1|1|1|1|0|0|1|0|1788|5040|NA|NA|NA|79|24|76|3883824|51102.9473684211|0
"360010003021"|0|1|0|0|0|0|0|1|1|1|1|0|1|0|0|12144|12144|NA|NA|NA|31|2|18|1052128|58451.5555555556|0
"360010004011"|0|1|1|0|0|0|0|1|1|1|0|0|0|0|1|NA|NA|NA|NA|NA|407|98|0|0|NA|0
"360010004041"|0|1|1|0|0|0|0|1|1|1|0|0|0|0|1|7070|24660|11310|23100|14620|1634|278|1298|128795176|99225.8674884438|0
"360010005014"|0|1|0|0|0|0|0|1|1|0|0|1|1|0|0|NA|NA|NA|NA|NA|0|0|0|0|NA|0
"360010005021"|0|1|1|0|0|0|0|1|1|1|0|0|0|1|0|33152|33152|14382|14382|13158|312|76|326|23156638|71032.6319018405|0
"360010011001"|0|1|1|0|0|0|0|1|1|0|0|0|0|0|0|NA|NA|NA|NA|NA|526|116|0|0|NA|0
"360010018041"|0|2|1|0|0|0|0|2|2|2|1|0|2|0|0|26235|26235|NA|NA|NA|54|11|80|5644794|157033.597402597|0
"360010021002"|0|1|2|0|0|0|0|2|2|2|0|0|1|1|0|NA|NA|76229|76229|NA|249|69|260|26346930|214702.843249428|0
"360010021003"|0|0|1|0|0|1|0|1|1|1|0|0|1|0|0|NA|NA|28992|28992|NA|1385|558|0|0|NA|0
"360010135072"|0|1|0|0|0|0|0|1|1|0|0|1|1|0|0|NA|NA|NA|NA|NA|0|0|0|0|NA|0
"360010136042"|0|1|1|0|0|0|0|1|1|1|0|0|0|1|0|39200|39200|28314|28314|15915|390|120|418|37189100|88969.1387559809|0
"360010137031"|0|2|0|0|0|0|0|2|2|0|0|2|1|0|0|NA|NA|NA|NA|NA|0|0|0|0|NA|0
"360010139024"|0|1|0|0|0|0|0|1|1|0|0|1|1|0|0|NA|NA|NA|NA|NA|0|0|0|0|NA|0
"360010140013"|0|1|0|0|0|0|0|1|1|1|0|0|1|0|0|17065|17065|NA|NA|NA|34|21|12|592258|49354.8333333333|0
"360039503003"|0|1|1|0|0|0|0|1|1|1|0|0|1|0|0|33920|33920|11784|11784|9856|115|48|126|6738044|53476.5396825397|0
"360039508002"|0|1|0|0|0|0|0|1|1|1|0|0|0|1|0|7070|14010|NA|NA|13180|370|80|356|20480786|57530.297752809|0
"360039508003"|0|1|1|0|0|0|0|1|1|1|0|0|0|1|0|31396|35076|23583|23583|13052|347|104|298|19690388|66075.1275167785|0
"360050051001"|0|1|0|0|0|0|0|1|1|1|1|0|0|1|0|4800|7680|NA|NA|NA|436|136|342|31826464|93059.8362573099|0
"360050118001"|0|1|1|0|0|0|0|1|1|1|0|0|0|1|0|7070|16980|11310|23100|13747|191|48|176|13421730|76259.8295454545|0
"360050212004"|0|1|0|0|0|0|0|1|1|0|0|1|1|0|0|NA|NA|NA|NA|NA|0|0|0|0|NA|0
"360050237021"|0|1|0|0|0|0|0|1|1|0|0|1|1|0|0|NA|NA|NA|NA|NA|0|0|0|0|NA|0
"360050249001"|0|1|0|0|0|0|0|1|1|1|1|0|0|1|0|4800|7680|NA|NA|NA|575|196|520|50869476|97825.9153846154|0
"360050265004"|0|1|1|0|0|0|0|1|1|1|0|0|0|1|0|14796|14796|16070|16070|11300|310|193|500|35806712|71613.424|0
"360050296002"|0|0|1|0|0|1|0|1|1|1|0|0|0|1|0|NA|NA|50000|50000|NA|0|0|0|0|NA|0
"360050307011"|0|1|0|0|0|0|0|1|1|1|0|0|1|0|0|10500|10500|NA|NA|6000|9|0|10|741710|74171|0
"360050319001"|0|1|1|0|0|0|0|1|1|1|0|0|0|1|0|39500|39500|18406|18406|12000|236|64|152|12200200|80264.4736842105|0
"360050334001"|0|1|0|0|0|0|0|1|1|0|0|1|1|0|0|8000|8000|NA|NA|NA|0|0|0|0|NA|0
"360050351001"|0|1|1|0|0|0|0|1|1|1|0|0|0|1|0|41600|41600|19512|19512|17380|341|99|484|49646652|102575.727272727|0
"360050397001"|0|1|1|0|0|0|0|1|1|1|0|0|0|0|1|54730|54730|23112|23112|19065|1567|529|1494|192008010|128519.417670683|0
"360050409001"|0|1|1|0|0|0|0|1|1|1|0|0|0|0|1|6930|14880|11090|20520|14776|584|177|744|75116012|100962.38172043|0
"360070016001"|0|1|0|0|0|0|0|1|1|0|0|1|1|0|0|NA|NA|NA|NA|NA|0|0|0|0|NA|0
"360070128001"|0|1|0|0|0|0|0|1|1|0|0|1|1|0|0|NA|NA|NA|NA|NA|0|0|0|0|NA|0
"360070128004"|0|1|0|0|0|0|0|1|1|1|1|0|0|1|0|5088|10176|NA|NA|12608|216|60|306|20319082|66402.2287581699|0
"360070141001"|0|1|0|0|0|0|0|1|1|1|0|0|1|0|0|15750|15750|NA|NA|7000|8|2|2|1e+05|50000|0
"360070143013"|0|1|0|0|0|0|0|1|1|1|1|0|1|0|0|21850|21850|NA|NA|NA|5|1|0|0|NA|0
"360070143023"|0|1|1|0|0|0|0|1|1|1|0|0|0|0|1|7070|24660|11310|23100|15601|1533|385|1496|151535644|101293.879679144|0
"360099610004"|0|1|0|0|0|0|0|1|1|0|0|1|1|0|0|NA|NA|NA|NA|NA|0|0|0|0|NA|0
"360099613021"|0|1|1|0|0|0|0|1|1|1|0|0|0|1|0|35450|35450|14130|14130|14070|300|95|298|19881762|66717.322147651|0
"360099618001"|0|1|0|0|0|0|0|1|1|0|0|1|1|0|0|NA|NA|NA|NA|NA|0|0|0|0|NA|0
"360110410022"|0|1|0|0|0|0|0|1|1|1|0|0|1|0|0|30300|30300|NA|NA|14500|106|27|62|3730200|60164.5161290323|0
"360110413005"|0|1|0|0|0|0|0|1|1|0|0|1|1|0|0|11050|11050|NA|NA|NA|0|0|0|0|NA|0
"360110414004"|0|1|0|0|0|0|0|1|1|1|1|0|0|1|0|4992|9984|NA|NA|NA|111|31|86|7078912|82312.9302325581|0
"360130301001"|0|1|0|0|0|0|0|1|1|1|1|0|0|1|0|5200|10400|NA|NA|11210|132|42|114|6866174|60229.5964912281|0
"360130305005"|0|1|0|0|0|0|0|1|1|1|0|0|1|0|0|11700|11700|NA|NA|NA|8|1|10|470600|47060|0
"360130359021"|0|1|1|0|0|0|0|1|1|1|0|0|0|1|0|7070|16980|11310|23100|13180|395|90|470|33890940|72108.3829787234|0
"360130368012"|0|1|0|0|0|0|0|1|1|0|0|1|1|0|0|NA|NA|NA|NA|NA|0|0|0|0|NA|0
"360150004001"|0|1|0|0|0|0|0|1|1|1|1|0|1|0|0|NA|NA|NA|NA|NA|2|0|12|755030|62919.1666666667|0
"360150006001"|0|1|1|0|0|0|0|1|1|1|0|0|1|0|0|34578|34578|16800|16800|13125|129|40|120|6581306|54844.2166666667|0
"360150106001"|0|1|0|0|0|0|0|1|1|0|0|1|1|0|0|NA|NA|NA|NA|NA|0|0|0|0|NA|0
"360179705011"|0|1|0|0|0|0|0|1|1|0|0|1|1|0|0|NA|NA|NA|NA|NA|0|0|0|0|NA|0
"360191010002"|0|1|0|0|0|0|0|1|1|0|0|1|1|0|0|NA|NA|NA|NA|NA|0|0|0|0|NA|0
"360191016001"|0|1|0|0|0|0|0|1|1|0|0|1|1|0|0|NA|NA|NA|NA|NA|0|0|0|0|NA|0
"360191021001"|0|1|0|0|0|0|0|1|1|1|1|0|0|1|0|5518|10464|NA|NA|NA|46|7|66|3811368|57748|0
"360191030001"|0|1|1|0|0|0|0|1|1|1|0|0|0|1|0|7070|16980|11310|23100|14170|473|136|504|36270258|71964.7976190476|0
"360210011002"|0|1|0|0|0|0|0|1|1|1|1|0|0|1|0|4968|9936|NA|NA|NA|78|15|82|4690222|57197.8292682927|0
"360239708001"|0|1|1|0|0|0|0|1|1|1|0|0|0|1|0|7070|16980|11310|23100|13100|641|178|652|44884508|68841.2699386503|0
"360259709001"|0|1|1|0|0|0|0|1|1|1|0|0|0|1|0|7070|10840|11310|13570|13320|289|71|288|17892042|62125.1458333333|0
"360270703012"|0|1|0|0|0|0|0|1|1|0|0|1|1|0|0|NA|NA|NA|NA|NA|0|0|0|0|NA|0
"360270704012"|0|1|1|0|0|0|0|1|1|1|0|0|0|1|0|32000|32000|22666|22666|12190|357|27|260|27555250|105981.730769231|0
"360271401013"|0|1|0|0|0|0|0|1|1|1|1|0|0|1|0|4350|8700|NA|NA|12682|195|45|214|17813998|83242.9813084112|0
"360271401015"|0|1|1|0|0|0|0|1|1|1|0|0|0|1|0|39925|39925|15300|15300|16380|581|202|480|42972670|89526.3958333333|0
"360271500032"|0|1|1|0|0|0|0|1|1|1|0|0|0|1|0|55566|55566|36634|36634|17938|590|130|386|39846304|103228.766839378|0
"360274100001"|0|1|1|0|0|0|0|1|1|1|0|0|0|1|0|60030|60030|60030|60030|14990|693|115|582|62192324|106859.663230241|0
"360290005001"|0|1|0|0|0|0|0|1|1|0|0|1|1|0|0|NA|NA|NA|NA|NA|0|0|0|0|NA|0
"360290008003"|0|1|0|0|0|0|0|1|1|1|0|0|0|1|0|17980|17980|NA|NA|NA|72|17|64|3659722|57183.15625|0
"360290052021"|0|1|1|0|0|0|0|1|1|1|0|0|0|1|0|28630|28630|15120|15120|11758|264|88|278|21042614|75692.8561151079|0
"360290053002"|0|1|1|0|0|0|0|1|1|1|0|0|0|1|0|31000|31000|21621|21621|14000|142|28|134|8129508|60667.9701492537|0
"360290063022"|0|1|0|0|0|0|0|1|1|0|0|1|1|0|0|NA|NA|NA|NA|NA|0|0|0|0|NA|0
"360290070003"|0|1|1|0|0|0|0|1|1|1|0|0|0|1|0|27986|27986|18522|18522|9500|159|67|336|26113872|77719.8571428571|0
"360290079042"|0|1|0|0|0|0|0|1|1|0|0|1|1|0|0|NA|NA|NA|NA|NA|0|0|0|0|NA|0
"360290089005"|0|1|0|0|0|0|0|1|1|0|0|1|1|0|0|NA|NA|NA|NA|NA|0|0|0|0|NA|0
"360290091101"|0|1|1|0|1|1|0|1|1|1|0|0|0|0|1|7070|24740|11310|23100|14136|2725|503|2480|274096764|110522.888709677|0
"360290094011"|0|1|1|0|0|0|0|1|1|1|0|0|0|1|0|29700|29700|23928|23928|13110|223|72|294|20955034|71275.6258503401|0
"360290103002"|0|1|0|0|0|0|0|1|1|1|0|0|1|0|0|24000|24000|NA|NA|NA|51|6|52|2559810|49227.1153846154|0
"360290107001"|0|1|0|0|0|0|0|1|1|0|0|1|1|0|0|NA|NA|NA|NA|NA|0|0|0|0|NA|0
"360290115001"|0|1|0|0|0|0|0|1|1|0|0|1|1|0|0|NA|NA|NA|NA|NA|0|0|0|0|NA|0
"360290120021"|0|1|0|0|0|0|0|1|1|0|0|1|1|0|0|NA|NA|NA|NA|NA|0|0|0|0|NA|0
"360290129023"|0|1|1|0|0|0|0|1|1|1|0|0|1|0|0|23495|23495|17995|17995|10294|77|17|82|4739204|57795.1707317073|0
"360290137014"|0|1|0|0|0|0|0|1|1|1|0|0|0|1|0|14928|14928|NA|NA|NA|201|162|80|3981838|49772.975|0
"360290138023"|0|0|1|0|0|0|0|1|1|1|0|0|1|0|0|NA|NA|14400|14400|NA|2|0|0|0|NA|0
"360290146014"|0|1|0|0|0|0|0|1|1|0|0|1|1|0|0|NA|NA|NA|NA|NA|0|0|0|0|NA|0
"360290165001"|0|2|0|0|0|0|0|2|2|2|1|0|1|1|0|22449|27496|NA|NA|NA|501|112|596|39975744|130311.985363065|0
"360299800001"|0|1|1|0|0|0|0|1|1|1|0|0|0|1|0|7070|16980|11310|23100|13706|825|240|694|55583912|80092.0922190202|0
"360319604011"|0|1|0|0|0|0|0|1|1|1|1|0|0|1|0|5280|12452|NA|NA|10700|61|26|96|5091936|53041|0
"360339508001"|0|1|1|0|0|0|0|1|1|1|0|0|1|0|0|30160|30160|22400|22400|14720|96|16|102|4268364|41846.7058823529|0
"360379504011"|0|2|0|0|0|0|0|2|2|1|1|1|1|1|0|NA|NA|NA|NA|NA|175|40|162|9911630|NA|0
"360430104001"|0|1|0|0|0|0|0|1|1|0|0|1|1|0|0|NA|NA|NA|NA|NA|0|0|0|0|NA|0
"360430112002"|0|1|0|0|0|0|0|1|1|1|1|0|0|1|0|5016|8000|NA|NA|11400|117|58|92|4995246|54296.152173913|0
"360450615003"|0|1|0|0|0|0|0|1|1|1|1|0|0|1|0|5016|9936|NA|NA|12090|103|36|132|8885690|67315.8333333333|0
"360450616003"|0|1|0|0|0|0|0|1|1|0|0|1|1|0|0|18481|18481|NA|NA|NA|0|0|0|0|NA|0
"360470009001"|0|2|2|0|0|0|0|3|3|2|0|1|1|2|0|NA|NA|NA|NA|NA|301|93|324|38144426|NA|0
"360470011001"|0|1|0|0|0|0|0|1|1|1|0|0|0|1|0|11880|11880|NA|NA|11973|219|36|330|9338400|28298.1818181818|0
"360470013001"|0|1|0|0|0|0|0|1|1|1|0|0|0|0|1|6930|14880|NA|NA|NA|557|190|734|74030330|100858.760217984|0
"360470015021"|0|1|0|0|0|0|0|1|1|0|0|1|1|0|0|NA|NA|NA|NA|NA|0|0|0|0|NA|0
"360470062002"|0|1|0|0|0|0|0|1|1|0|0|1|1|0|0|NA|NA|NA|NA|NA|0|0|0|0|NA|0
"360470193003"|0|1|1|0|0|0|0|1|1|1|0|0|0|1|0|51754|51754|33246|33246|13294|574|209|338|34826674|103037.49704142|0
"360470195003"|0|1|1|0|0|0|0|1|1|1|0|0|0|1|0|28590|28590|19350|19350|NA|307|119|322|26506698|82318.9378881988|0
"360470220002"|0|1|0|0|0|0|0|1|1|1|0|0|1|0|0|10200|10200|NA|NA|6800|6|2|62|3465404|55893.6129032258|0
"360470222001"|0|1|0|0|0|0|0|1|1|1|0|0|1|0|0|11360|11360|NA|NA|4600|9|1|18|575000|31944.4444444444|0
"360470228002"|0|1|1|0|0|0|0|1|1|1|0|0|1|0|0|12100|12100|12100|12100|3800|8|2|18|1266800|70377.7777777778|0
"360470230001"|0|1|0|0|0|0|0|1|1|1|0|0|1|0|0|10350|10350|NA|NA|4150|6|0|12|547300|45608.3333333333|0
"360470232002"|0|1|0|0|0|0|0|1|1|1|1|0|1|0|0|9550|9550|NA|NA|NA|16|4|10|412920|41292|0
"360470232004"|0|1|0|0|0|0|0|1|1|1|0|0|1|0|0|9900|9900|NA|NA|NA|7|4|32|805744|25179.5|0
"360470234002"|0|1|1|0|0|0|0|1|1|1|0|0|1|0|0|8500|8500|3450|3450|4600|8|1|22|848138|38551.7272727273|0
"360470236003"|0|1|0|0|0|0|0|1|1|1|1|0|1|0|0|8150|8150|NA|NA|NA|1|0|0|0|NA|0
"360470240003"|0|1|0|0|0|0|0|1|1|1|0|0|1|0|0|9500|9500|NA|NA|NA|2|0|14|928384|66313.1428571429|0
"360470242001"|0|1|0|0|0|0|0|1|1|1|0|0|1|0|0|10200|10200|NA|NA|3700|10|2|12|769428|64119|0
"360470250001"|0|1|0|0|0|0|0|1|1|1|0|0|1|0|0|19000|19000|NA|NA|5000|7|2|38|1835600|48305.2631578947|0
"360470290003"|0|1|0|0|0|0|0|1|1|0|0|1|1|0|0|NA|NA|NA|NA|NA|0|0|0|0|NA|0
"360470300002"|0|1|0|0|0|0|0|1|1|0|0|1|1|0|0|NA|NA|NA|NA|NA|0|0|0|0|NA|0
"360470319003"|0|1|0|0|0|0|0|1|1|1|0|0|1|0|0|7900|7900|NA|NA|NA|3|2|4|259200|64800|0
"360470325003"|0|1|0|0|0|0|0|1|1|1|0|0|0|1|0|6930|14880|NA|NA|NA|384|119|290|28910634|99691.8413793103|0
"360470337011"|0|1|0|0|0|0|0|1|1|1|0|0|1|0|0|10300|10300|NA|NA|7700|11|0|42|2602182|61956.7142857143|0
"360470337012"|0|1|1|0|0|0|0|1|1|1|0|0|1|0|0|7700|7700|6200|6200|3500|14|0|34|1461448|42983.7647058823|0
"360470418002"|0|1|1|0|0|0|0|1|1|1|0|0|1|0|0|10670|10670|10670|10670|5630|14|2|32|1306308|40822.125|0
"360470420001"|0|1|0|0|0|0|0|1|1|1|0|0|1|0|0|12380|12380|NA|NA|NA|1|0|8|416000|52000|0
"360470422003"|0|1|0|0|0|0|0|1|1|1|0|0|1|0|0|9850|9850|NA|NA|3600|6|1|24|1200534|50022.25|0
"360470432002"|0|1|0|0|0|0|0|1|1|1|1|0|1|0|0|13920|13920|NA|NA|NA|5|1|6|82400|13733.3333333333|0
"360470462012"|0|1|0|0|0|0|0|1|1|1|0|0|1|0|0|10500|10500|NA|NA|4700|0|0|6|367760|61293.3333333333|0
"360470470001"|0|1|0|0|0|0|0|1|1|1|0|0|1|0|0|11800|11800|NA|NA|3600|5|0|8|621304|77663|0
"360470470002"|0|1|0|0|0|0|0|1|1|1|0|0|1|0|0|11650|11650|NA|NA|NA|5|1|16|853584|53349|0
"360470478001"|0|1|0|0|0|0|0|1|1|1|1|0|1|0|0|11900|11900|NA|NA|4200|5|0|0|0|NA|0
"360470478003"|0|1|1|0|0|0|0|1|1|1|0|0|1|0|0|9450|9450|9450|9450|4400|2|0|4|166784|41696|0
"360470492003"|0|1|1|0|0|0|0|1|1|1|0|0|1|0|0|11000|11000|11350|11350|4500|5|2|12|265854|22154.5|0
"360470526002"|0|1|0|0|0|0|0|1|1|0|0|1|1|0|0|NA|NA|NA|NA|NA|0|0|0|0|NA|0
"360470533004"|0|1|0|0|0|0|0|1|1|1|0|0|1|0|0|14500|14500|NA|NA|1800|3|1|12|251304|20942|0
"360470535001"|0|1|1|0|0|0|0|1|1|1|0|0|0|1|0|15300|15300|3000|3000|4000|54|9|204|7581510|37164.2647058823|0
"360470535004"|0|1|0|0|0|0|0|1|1|1|0|0|1|0|0|19500|19500|NA|NA|3200|2|1|38|1615488|42512.8421052632|0
"360470544003"|0|1|0|0|0|0|0|1|1|1|0|0|1|0|0|11000|11000|NA|NA|NA|4|1|10|376800|37680|0
"360470554001"|0|2|0|0|0|0|0|2|2|0|0|2|2|0|0|NA|NA|NA|NA|NA|0|0|0|0|NA|0
"360470606001"|0|1|0|0|0|0|0|1|1|0|0|1|1|0|0|NA|NA|NA|NA|NA|0|0|0|0|NA|0
"360470616001"|0|1|0|0|0|0|0|1|1|1|1|0|0|0|1|4800|7680|NA|NA|NA|577|165|624|59339152|95094.7948717949|0
"360470644001"|0|1|0|0|0|0|0|1|1|1|0|0|1|0|0|8250|8250|NA|NA|5000|2|2|8|632428|79053.5|0
"360470768002"|0|1|1|0|0|0|0|1|1|1|0|0|1|0|0|12450|12450|12450|12450|3000|1|1|24|1622480|67603.3333333333|0
"360470772002"|0|1|1|0|0|0|0|1|1|1|0|0|0|0|1|6930|14880|11090|20520|NA|708|223|942|101085954|107309.929936306|0
"360470816001"|0|1|1|0|1|1|0|1|1|1|0|0|0|1|0|7070|16980|11310|23100|NA|892|113|256|37462380|146337.421875|0
"360471026001"|0|1|0|0|0|0|0|1|1|1|0|0|1|0|0|9000|9000|NA|NA|3000|3|0|8|286000|35750|0
"360510305001"|0|1|1|0|0|0|0|1|1|1|0|0|0|1|0|7070|16980|11310|23100|14472|483|129|480|37070228|77229.6416666667|0
"360510306002"|0|1|0|0|0|0|0|1|1|1|1|0|1|0|0|9480|9480|NA|NA|6900|18|9|8|283624|35453|0
"360530305012"|0|1|1|0|0|0|0|1|1|1|0|0|1|0|0|36026|36026|14400|14400|14736|149|31|114|7493238|65730.1578947368|0
"360530307011"|0|1|0|0|0|0|0|1|1|1|0|0|0|1|0|7070|16980|NA|NA|15600|306|77|262|16856226|64336.7404580153|0
"360530309001"|0|1|1|0|0|0|0|1|1|1|0|0|0|1|0|59655|59655|59655|59655|15035|651|234|650|70703832|108775.126153846|0
"360550010003"|0|1|1|0|0|0|0|2|2|1|0|1|2|0|0|NA|NA|NA|NA|NA|12|2|10|719124|NA|0
"360550019001"|0|1|0|0|0|0|0|1|1|0|0|1|1|0|0|NA|NA|NA|NA|NA|0|0|0|0|NA|0
"360550031012"|0|1|0|0|0|0|0|1|1|1|0|0|1|0|0|6150|6150|NA|NA|4400|0|0|0|0|NA|0
"360550038072"|0|1|1|0|1|1|0|1|1|1|0|0|0|0|1|57188|57188|49792|49792|17064|3674|797|1552|190917362|123013.764175258|0
"360550104002"|0|1|0|0|0|0|0|1|1|0|0|1|1|0|0|NA|NA|NA|NA|NA|0|0|0|0|NA|0
"360550106021"|0|1|0|0|0|0|0|1|1|0|0|1|1|0|0|NA|NA|NA|NA|NA|0|0|0|0|NA|0
"360550122012"|0|1|1|0|0|0|0|1|1|1|0|0|0|1|0|34340|34340|17550|17550|12650|340|117|432|35952412|83223.1759259259|0
"360550122014"|0|0|1|0|0|0|0|1|1|1|0|0|1|0|0|NA|NA|11970|11970|NA|5|1|10|527558|52755.8|0
"360550122015"|0|1|1|0|0|0|0|1|1|1|0|0|0|1|0|34850|34850|17730|17730|14460|261|115|366|27247774|74447.4699453552|0
"360550130053"|0|1|0|0|0|0|0|1|1|1|1|0|0|0|1|4706|9412|NA|NA|8790|557|147|490|32965120|67275.7551020408|0
"360550131032"|0|1|1|0|0|0|0|1|1|1|0|0|0|0|1|47352|47352|50136|50136|13976|2447|868|2024|193020450|95365.8349802372|0
"360550131041"|0|1|0|0|0|0|0|1|1|0|0|1|1|0|0|NA|NA|NA|NA|NA|0|0|0|0|NA|0
"360550135102"|0|1|0|0|0|0|0|1|1|0|0|1|1|0|0|NA|NA|NA|NA|NA|0|0|0|0|NA|0
"360550136043"|0|1|0|0|0|0|0|1|1|1|0|0|1|0|0|17522|17522|NA|NA|NA|37|25|24|1618146|67422.75|0
"360550142023"|0|1|0|0|0|0|0|1|1|0|0|1|1|0|0|NA|NA|NA|NA|NA|0|0|0|0|NA|0
"360550145051"|0|1|2|0|0|0|0|2|2|2|0|0|1|1|0|NA|NA|24006|24006|NA|154|58|182|11591856|133056.690697674|0
"360550153011"|0|1|1|0|0|0|0|1|1|1|0|0|0|1|0|7070|16980|11310|23100|13546|667|181|690|52863986|76614.4724637681|0
"360570722002"|0|1|0|0|0|0|0|1|1|1|1|0|0|1|0|5040|5040|NA|NA|4100|70|18|74|5672608|76656.8648648649|0
"360593001004"|0|1|1|0|0|0|0|1|1|1|0|0|0|1|0|NA|NA|NA|NA|NA|142|31|224|28136284|125608.410714286|0
"360593018002"|0|0|1|0|0|0|0|1|0|1|0|0|1|0|0|NA|NA|1|1|NA|0|0|0|0|NA|0
"360593036004"|0|0|1|0|1|0|0|1|1|1|0|0|1|0|0|15525|15525|18393|18393|NA|7|0|10|746840|74684|0
"360594067013"|0|1|0|0|0|0|0|1|1|0|0|1|1|0|0|NA|NA|NA|NA|NA|0|0|0|0|NA|0
"360594071011"|0|1|0|0|0|0|0|1|1|0|0|1|1|0|0|NA|NA|NA|NA|NA|0|0|0|0|NA|0
"360594072013"|0|1|0|0|0|0|0|1|1|0|0|1|1|0|0|NA|NA|NA|NA|NA|0|0|0|0|NA|0
"360594073013"|0|2|1|0|0|1|0|2|2|2|1|0|0|0|2|54115|59915|NA|NA|NA|1627|490|1652|184991850|220175.68799378|0
"360594090005"|0|2|0|0|0|0|0|2|2|0|0|2|1|1|0|NA|NA|NA|NA|NA|0|0|0|0|NA|0
"360594092005"|0|1|0|0|0|0|0|1|1|0|0|1|1|0|0|NA|NA|NA|NA|NA|0|0|0|0|NA|0
"360594116003"|0|1|1|0|0|0|0|1|1|1|0|0|1|0|0|10000|10000|10000|10000|6500|12|2|46|2390350|51964.1304347826|0
"360594126001"|0|1|1|0|0|0|0|1|1|1|0|0|0|1|0|31330|31330|21510|21510|12420|382|118|374|36593342|97843.1604278075|0
"360594166004"|0|1|0|0|0|0|0|1|1|1|0|0|1|0|0|8750|8750|NA|NA|4900|12|2|16|904060|56503.75|0
"360595170001"|0|1|0|0|0|0|0|1|1|1|0|0|1|0|0|52420|52420|NA|NA|15750|23|2|18|2235360|124186.666666667|0
"360595177012"|0|1|1|0|0|0|0|1|1|1|0|0|1|0|0|14040|14040|16956|16956|NA|8|1|10|526332|52633.2|0
"360595177051"|0|1|1|0|0|1|0|1|1|1|0|0|0|1|0|38060|38060|25200|25200|15772|467|87|466|51185402|109839.918454936|0
"360595193003"|0|1|0|0|0|0|0|1|1|0|0|1|1|0|0|18000|18000|NA|NA|NA|0|0|0|0|NA|0
"360599801001"|0|1|1|0|0|0|0|1|1|1|0|0|0|1|0|39820|39820|42450|42450|16900|703|252|696|80425582|115553.997126437|0
"360599811001"|0|1|1|0|0|0|0|1|1|1|0|0|0|0|1|37182|37182|22482|22482|14664|533|193|876|96679180|110364.360730594|0
"360599821001"|0|1|1|0|0|0|0|1|1|1|0|0|0|1|0|7070|16980|11310|23100|11530|310|84|344|31168974|90607.4825581395|0
"360610006001"|0|1|1|0|0|0|0|1|1|1|0|0|1|0|0|12000|12000|12000|12000|4000|2|2|18|712556|39586.4444444444|0
"360610009001"|0|1|0|0|0|0|0|1|1|1|0|0|1|0|0|37000|37000|NA|NA|17264|43|19|56|5610452|100186.642857143|0
"360610013001"|0|1|1|0|0|0|0|1|1|1|0|0|1|0|0|19338|19338|29280|29280|NA|71|14|42|3474888|82735.4285714286|0
"360610013002"|0|3|2|0|0|0|0|3|3|3|1|0|0|3|0|NA|NA|NA|NA|NA|298|112|380|33595962|238142.656871748|0
"360610015011"|0|1|1|0|0|0|0|1|1|1|0|0|0|0|1|45832|45832|32256|32256|19380|936|394|958|109085108|113867.544885177|0
"360610015022"|0|1|1|0|0|0|0|1|1|1|0|0|1|0|0|10309|10309|16105|16105|NA|32|23|8|626632|78329|0
"360610033001"|0|0|2|0|0|0|0|2|2|2|0|0|1|1|0|NA|NA|63716|63716|NA|128|30|102|16657584|234431.977777778|0
"360610037002"|0|1|0|0|0|0|0|1|1|0|0|1|1|0|0|NA|NA|NA|NA|NA|0|0|0|0|NA|0
"360610037003"|0|1|0|0|0|0|0|1|1|0|0|1|1|0|0|NA|NA|NA|NA|NA|0|0|0|0|NA|0
"360610039004"|0|1|0|0|0|0|0|1|1|1|1|0|0|0|1|4800|7680|NA|NA|NA|832|293|1100|103753570|94321.4272727273|0
"360610045001"|0|1|0|0|0|0|0|1|1|0|0|1|1|0|0|NA|NA|NA|NA|NA|0|0|0|0|NA|0
"360610049001"|0|0|1|0|0|0|0|1|1|1|0|0|1|0|0|NA|NA|35690|35690|NA|8|1|0|0|NA|0
"360610054001"|0|1|0|0|0|0|0|1|1|1|1|0|1|0|0|33900|33900|NA|NA|NA|27|6|8|442000|55250|0
"360610055011"|0|1|1|0|0|1|0|1|1|1|0|0|0|0|1|52204|52204|34704|34704|19244|7932|1631|6042|915012768|151442.033763654|0
"360610057002"|0|1|2|0|0|0|0|2|2|2|0|0|2|0|0|NA|NA|62645|62645|NA|324|63|184|19453818|208981.118045477|0
"360610058001"|0|1|0|0|0|0|0|1|1|1|0|0|1|0|0|35550|35550|NA|NA|NA|10|0|12|1377980|114831.666666667|0
"360610063002"|0|1|1|0|0|0|0|1|1|1|0|0|0|1|0|49820|49820|47176|47176|18700|931|112|812|87614618|107899.775862069|0
"360610063003"|0|1|0|0|0|0|0|1|1|0|0|1|1|0|0|20900|20900|NA|NA|20150|0|0|0|0|NA|0
"360610064001"|0|1|1|0|0|0|0|1|1|1|0|0|0|1|0|43400|43400|48600|48600|22300|518|165|376|15394200|40942.0212765957|0
"360610068005"|0|1|1|0|0|0|0|1|1|1|0|0|0|0|1|6930|14880|11090|20520|19317|710|192|954|104559648|109601.308176101|0
"360610074002"|0|1|0|0|0|0|0|1|1|0|0|1|1|0|0|NA|NA|NA|NA|NA|0|0|0|0|NA|0
"360610074003"|0|1|0|0|0|0|0|1|1|1|1|0|1|0|0|36480|36480|NA|NA|20275|30|13|20|1787356|89367.8|0
"360610074005"|0|2|2|0|0|0|0|2|2|2|0|0|0|2|0|22022|29972|27002|40232|NA|828|172|482|57118458|230403.652173913|0
"360610076001"|0|2|0|0|0|0|0|2|2|0|0|2|1|0|0|NA|NA|NA|NA|NA|0|0|0|0|NA|0
"360610081002"|0|1|0|0|0|0|0|1|1|0|0|1|1|0|0|NA|NA|NA|NA|NA|0|0|0|0|NA|0
"360610081004"|0|1|0|0|0|0|0|1|1|0|0|1|1|0|0|30250|30250|NA|NA|NA|0|0|0|0|NA|0
"360610082002"|0|1|0|0|0|0|0|1|1|0|0|1|1|0|0|NA|NA|NA|NA|NA|0|0|0|0|NA|0
"360610084002"|0|2|0|0|0|0|0|2|2|1|1|1|1|1|0|NA|NA|NA|NA|NA|106|23|96|8742222|NA|0
"360610088001"|0|1|1|0|0|0|0|1|1|0|0|0|0|0|0|NA|NA|NA|NA|NA|995|301|0|0|NA|0
"360610089004"|0|0|1|0|0|0|0|1|1|1|0|0|1|0|0|NA|NA|15000|15000|NA|15|1|10|650186|65018.6|0
"360610091006"|0|2|0|0|0|0|0|2|2|1|1|1|2|0|0|NA|NA|NA|NA|NA|55|2|116|4437400|NA|0
"360610094001"|0|1|0|0|0|0|0|1|1|1|0|0|0|1|0|24550|24550|NA|NA|NA|109|24|96|8708678|90715.3958333333|0
"360610095001"|0|1|0|0|0|0|0|1|1|0|0|1|1|0|0|NA|NA|NA|NA|NA|0|0|0|0|NA|0
"360610095002"|0|2|1|0|0|0|0|2|2|1|0|1|1|1|0|NA|NA|NA|NA|NA|604|317|424|46232296|NA|0
"360610096001"|0|0|2|0|1|0|0|2|2|2|0|0|2|0|0|NA|NA|24870|36660|NA|216|55|146|18177006|190204.267605634|0
"360610096002"|0|1|1|0|0|0|0|2|2|1|0|1|2|0|0|NA|NA|NA|NA|NA|0|0|0|0|NA|0
"360610098007"|0|1|0|0|0|0|0|1|1|0|0|1|1|0|0|16900|16900|NA|NA|NA|0|0|0|0|NA|0
"360610100001"|0|0|1|0|0|0|0|1|1|1|0|0|1|0|0|NA|NA|46600|46600|NA|16|3|12|1171490|97624.1666666667|0
"360610100002"|0|1|0|0|0|0|0|1|1|0|0|1|1|0|0|NA|NA|NA|NA|NA|0|0|0|0|NA|0
"360610101001"|0|1|0|0|0|0|0|1|1|0|0|1|1|0|0|NA|NA|NA|NA|NA|0|0|0|0|NA|0
"360610102002"|0|1|1|0|0|0|0|1|1|1|0|0|0|1|0|27936|27936|24240|24240|4000|100|11|32|2410418|75325.5625|0
"360610109001"|0|1|1|0|0|1|0|1|1|1|0|0|0|0|1|18283|18283|12618|12618|12486|830|317|802|71215276|88797.102244389|0
"360610111001"|0|1|0|0|0|0|0|1|1|0|0|1|1|0|0|NA|NA|NA|NA|NA|0|0|0|0|NA|0
"360610112011"|0|1|0|0|0|0|0|1|1|0|0|1|1|0|0|NA|NA|NA|NA|NA|0|0|0|0|NA|0
"360610116001"|0|1|2|0|0|1|0|3|2|2|0|1|2|1|0|NA|NA|NA|NA|NA|6871|2127|144|35924336|NA|0
"360610119002"|0|2|0|0|0|0|0|2|2|1|1|1|2|0|0|NA|NA|NA|NA|NA|16|6|0|0|NA|0
"360610120004"|0|2|2|0|0|0|0|2|2|2|0|0|1|0|1|38730|46680|47090|56520|31576|965|272|1224|134545258|NA|0
"360610121012"|0|1|0|0|0|0|0|1|1|1|1|0|1|0|0|NA|NA|NA|NA|NA|7|0|0|0|NA|0
"360610126022"|0|1|0|0|0|0|0|1|1|1|0|0|0|1|0|35680|35680|NA|NA|18894|154|44|176|15119054|85903.7159090909|0
"360610131001"|0|1|0|0|0|0|0|1|1|0|0|1|1|0|0|19500|19500|NA|NA|NA|0|0|0|0|NA|0
"360610131003"|0|1|0|0|0|0|0|1|1|1|1|0|1|0|0|14500|14500|NA|NA|NA|28|1|26|1566000|60230.7692307692|0
"360610139003"|0|1|0|0|0|0|0|1|1|0|0|1|1|0|0|13125|13125|NA|NA|10184|0|0|0|0|NA|0
"360610147002"|0|1|1|0|0|0|0|1|1|1|0|0|0|0|1|6930|14880|11090|20520|22540|639|170|796|81824580|102794.698492462|0
"360610149001"|0|1|1|0|0|0|0|1|1|1|0|0|1|0|0|49260|49260|49260|49260|18870|328|75|240|17563226|73180.1083333333|0
"360610151012"|0|1|1|0|0|0|0|1|1|1|0|0|0|1|0|41660|41660|22250|22250|14290|195|78|252|21649112|85909.1746031746|0
"360610168002"|0|0|1|0|1|1|0|1|1|1|0|0|0|1|0|NA|NA|33860|33860|NA|0|0|0|0|NA|0
"360610198001"|0|1|1|0|1|0|0|2|2|2|0|0|2|0|0|NA|NA|NA|NA|NA|88|27|92|9548438|206070.733333333|0
"360610199002"|0|0|1|0|0|0|0|1|1|1|0|0|1|0|0|NA|NA|41500|41500|NA|298|51|46|4720924|102628.782608696|0
"360610203001"|0|0|1|0|0|0|0|1|1|1|0|0|0|1|0|NA|NA|42432|42432|NA|680|73|452|59178498|130925.880530973|0
"360610203002"|0|1|1|0|0|1|0|1|1|1|0|0|0|0|1|57864|57864|49024|49024|12394|9169|1655|3166|560188030|176938.733417562|0
"360610205001"|0|1|2|0|0|0|0|3|3|3|0|0|2|1|0|NA|NA|NA|NA|NA|638|190|568|69662344|286816.142687747|0
"360610211003"|0|1|1|0|0|0|0|1|1|1|0|0|1|0|0|48280|48280|48280|48280|16305|114|31|180|11536704|64092.8|0
"360610211007"|0|1|1|0|0|0|0|1|1|1|0|0|1|0|0|56128|56128|32980|32980|15012|125|30|64|7026940|109795.9375|0
"360610217031"|0|1|1|0|0|1|0|1|1|1|0|0|0|0|1|6930|14880|11090|20520|16362|792|159|1002|112660316|112435.44510978|0
"360610241002"|0|1|1|0|0|0|0|1|1|1|0|0|1|0|0|11000|11000|15000|15000|NA|63|35|64|3376140|52752.1875|0
"360610269002"|0|1|1|0|0|1|0|1|1|1|0|0|0|1|0|43575|43575|34800|34800|12750|747|133|712|80779110|113453.806179775|0
"360610317031"|0|1|0|0|0|0|0|1|1|0|0|1|1|0|0|NA|NA|NA|NA|NA|0|0|0|0|NA|0
"360630243033"|0|2|0|0|0|0|0|2|2|1|1|1|1|1|0|NA|NA|NA|NA|NA|184|62|176|15131180|NA|0
"360630244061"|0|1|1|0|0|0|0|1|1|1|0|0|0|1|0|33700|33700|14893|14893|11850|343|108|318|26409134|83047.5911949686|0
"360650213031"|0|1|0|0|0|0|0|1|1|1|1|0|0|1|0|4594|6892|NA|NA|11110|272|98|244|15240392|62460.6229508197|0
"360650217011"|0|1|0|0|0|0|0|1|1|1|1|0|1|0|0|17550|21980|NA|NA|NA|10|3|32|3188000|99625|0
"360650247002"|0|1|0|0|0|0|0|1|1|0|0|1|1|0|0|NA|NA|NA|NA|NA|0|0|0|0|NA|0
"360650250031"|0|1|0|0|0|0|0|1|1|1|0|0|0|1|0|57930|57930|NA|NA|14860|450|114|414|43134944|104190.685990338|0
"360650262001"|0|1|1|0|0|0|0|1|1|1|0|0|0|1|0|7070|16980|11310|23100|12022|227|57|270|25945556|96094.6518518519|0
"360650265011"|0|1|1|0|0|0|0|1|1|1|0|0|0|1|0|21560|21560|21480|21480|11670|259|106|336|26042576|77507.6666666667|0
"360670023002"|0|1|0|0|0|0|0|1|1|1|1|0|1|0|0|20700|20700|NA|NA|6600|12|3|44|3906820|88791.3636363636|0
"360670034002"|0|1|0|0|0|0|0|1|1|0|0|1|1|0|0|NA|NA|NA|NA|NA|0|0|0|0|NA|0
"360670043011"|0|3|2|0|1|1|0|3|3|3|1|0|1|1|1|75362|85272|NA|NA|NA|4423|1125|2812|293147388|277505.823690138|0
"360670043024"|0|1|1|0|0|0|0|1|1|1|0|0|0|1|0|7070|16980|11310|23100|18690|264|51|268|24320480|90748.0597014925|0
"360670111013"|0|1|0|0|0|0|0|1|1|1|0|0|1|0|0|16237|16237|NA|NA|NA|50|31|56|3677342|65666.8214285714|0
"360670111023"|0|1|0|0|0|0|0|1|1|0|0|1|1|0|0|NA|NA|NA|NA|NA|0|0|0|0|NA|0
"360670137013"|0|1|0|0|0|0|0|1|1|0|0|1|1|0|0|NA|NA|NA|NA|NA|0|0|0|0|NA|0
"360670140003"|0|1|0|0|0|0|0|1|1|0|0|1|1|0|0|NA|NA|NA|NA|NA|0|0|0|0|NA|0
"360670146002"|0|1|1|0|0|0|0|1|1|1|0|0|0|1|0|34910|34910|16884|16884|14470|280|93|344|27665926|80424.2034883721|0
"360670163004"|0|1|0|0|0|0|0|1|1|1|1|0|0|1|0|5090|10180|NA|NA|9220|383|141|346|24796662|71666.6531791907|0
"360690512002"|0|1|0|0|0|0|0|1|1|1|1|0|0|1|0|4864|5838|NA|NA|10513|189|56|214|14398434|67282.4018691589|0
"360690517003"|0|2|0|0|0|0|0|2|1|1|1|1|2|0|0|19000|19000|NA|NA|NA|6|5|24|1435200|NA|0
"360690519002"|0|1|1|0|0|0|0|1|1|1|0|0|0|1|0|57400|57400|14350|14350|15876|284|94|388|29812858|76837.2628865979|0
"360710001003"|0|1|1|0|0|0|0|1|1|1|0|0|0|1|0|33126|33126|15948|15948|16658|225|76|172|13756598|79980.2209302326|0
"360710016023"|0|1|0|0|0|0|0|1|1|1|1|0|0|1|0|5376|10752|NA|NA|NA|256|103|254|20420436|80395.4173228346|0
"360710121002"|0|1|0|0|0|0|0|1|1|0|0|1|1|0|0|NA|NA|NA|NA|NA|0|0|0|0|NA|0
"360710128004"|0|1|0|0|0|0|0|1|1|1|0|0|1|0|0|9476|9476|NA|NA|4700|0|0|4|255900|63975|0
"360710136001"|0|1|0|0|0|0|0|1|1|1|0|0|0|1|0|NA|NA|NA|NA|NA|1346|227|564|68492760|121441.063829787|0
"360710150032"|0|2|0|0|0|0|0|2|2|2|0|0|1|1|0|25000|25000|NA|NA|9920|50|4|364|13387846|85224.5196078431|0
"360710150071"|0|1|0|0|0|0|0|1|1|0|0|1|1|0|0|11000|11000|NA|NA|NA|0|0|0|0|NA|0
"360750204003"|0|1|0|0|0|0|0|1|1|0|0|1|1|0|0|NA|NA|NA|NA|NA|0|0|0|0|NA|0
"360750214014"|0|1|1|0|0|0|0|1|1|1|0|0|0|1|0|7070|16980|11310|23100|14103|687|161|716|51964200|72575.6983240223|0
"360775905001"|0|1|0|0|0|0|0|1|1|0|0|1|1|0|0|NA|NA|NA|NA|NA|0|0|0|0|NA|0
"360775917001"|0|1|1|0|0|0|0|1|1|1|0|0|0|1|0|7070|16980|11310|23100|14120|578|127|572|39552088|69147.006993007|0
"360775917002"|0|1|1|0|0|0|0|1|1|1|0|0|0|1|0|47370|47370|NA|NA|13225|178|70|206|14793344|71812.3495145631|0
"360810019031"|0|1|1|0|0|0|0|2|2|1|0|1|1|1|0|NA|NA|NA|NA|NA|107|34|112|16124824|NA|0
"360810057003"|0|1|0|0|0|0|0|1|1|0|0|1|1|0|0|19400|19400|NA|NA|NA|0|0|0|0|NA|0
"360810134004"|0|1|1|0|0|0|0|1|1|1|0|0|1|0|0|16750|16750|16750|16750|2100|6|1|14|977550|69825|0
"360810155002"|0|1|0|0|0|0|0|1|1|0|0|1|1|0|0|NA|NA|NA|NA|NA|0|0|0|0|NA|0
"360810179021"|0|3|0|0|0|0|0|3|3|2|2|1|2|0|1|NA|NA|NA|NA|NA|738|247|708|70234578|NA|0
"360810246001"|0|1|1|0|0|0|0|1|1|1|0|0|0|1|0|6930|14880|11090|20520|NA|373|106|368|36865716|100178.576086957|0
"360810287003"|0|1|0|0|0|0|0|1|1|0|0|1|1|0|0|6000|6000|NA|NA|NA|0|0|0|0|NA|0
"360810347002"|0|1|1|0|0|0|0|1|1|1|0|0|0|1|0|25300|25300|26064|26064|14180|93|12|72|6358728|88315.6666666667|0
"360810440003"|0|1|0|0|0|0|0|1|1|1|1|0|1|0|0|NA|NA|NA|NA|NA|47|12|32|2030000|63437.5|0
"360810446012"|0|1|0|0|0|0|0|1|1|0|0|1|1|0|0|NA|NA|NA|NA|NA|0|0|0|0|NA|0
"360810553002"|0|1|0|0|0|0|0|1|1|0|0|1|1|0|0|NA|NA|NA|NA|NA|0|0|0|0|NA|0
"360810717012"|0|2|0|0|0|0|0|2|2|1|1|1|2|0|0|NA|NA|NA|NA|NA|21|6|34|2837000|NA|0
"360810731001"|0|1|0|0|0|0|0|1|1|0|0|1|1|0|0|NA|NA|NA|NA|NA|0|0|0|0|NA|0
"360810757013"|0|1|0|0|0|0|0|1|1|1|0|0|1|0|0|12000|12000|NA|NA|NA|51|42|40|2531230|63280.75|0
"360810779072"|0|1|1|0|0|0|0|1|1|1|0|0|1|0|0|9900|9900|9900|9900|6000|36|4|26|743066|28579.4615384615|0
"360810809007"|0|1|1|0|0|0|0|1|1|1|0|0|0|0|1|6930|14880|11090|20520|15486|670|211|1106|115816240|104716.311030741|0
"360810853001"|0|1|0|0|0|0|0|1|1|0|0|1|1|0|0|NA|NA|NA|NA|NA|0|0|0|0|NA|0
"360810869001"|0|1|0|0|0|0|0|1|1|0|0|1|1|0|0|NA|NA|NA|NA|NA|0|0|0|0|NA|0
"360810871002"|0|2|0|0|0|0|0|2|2|1|1|1|1|1|0|NA|NA|NA|NA|NA|44|4|28|1264792|NA|0
"360810907001"|0|1|0|0|0|0|0|1|1|0|0|1|1|0|0|NA|NA|NA|NA|NA|0|0|0|0|NA|0
"360810945002"|0|1|0|0|0|0|0|1|1|0|0|1|1|0|0|NA|NA|NA|NA|NA|0|0|0|0|NA|0
"360811008042"|0|1|0|0|0|0|0|1|1|1|0|0|1|0|0|8250|8250|NA|NA|6250|3|1|14|738090|52720.7142857143|0
"360811010021"|0|1|0|0|0|0|0|1|1|1|0|0|1|0|0|13000|13000|NA|NA|7000|7|1|12|525400|43783.3333333333|0
"360811010041"|0|1|1|0|0|0|0|1|1|1|0|0|1|0|0|10000|10000|10000|10000|4500|2|0|10|1209150|120915|0
"360811267001"|0|1|1|0|0|0|0|1|1|1|0|0|0|0|1|42530|42530|29816|29816|17970|972|386|1214|154338558|127132.255354201|0
"360811385011"|0|1|0|0|0|0|0|1|1|1|1|0|0|0|1|4800|7680|NA|NA|NA|582|190|756|72868194|96386.5|0
"360830405002"|0|1|0|0|0|0|0|1|1|1|1|0|1|0|0|11456|11456|NA|NA|NA|4|2|14|1287654|91975.2857142857|0
"360830407011"|0|1|1|0|0|0|0|1|1|1|0|0|0|1|0|31450|31450|13140|13140|13070|226|70|230|13161092|57222.1391304348|0
"360830411011"|0|1|0|0|0|0|0|1|1|1|1|0|0|1|0|4800|9600|NA|NA|NA|330|116|422|26896092|63734.8151658768|0
"360830413004"|0|1|1|0|0|0|0|1|1|1|0|0|0|1|0|55600|55600|55600|55600|15954|1258|216|828|98574592|119051.439613527|0
"360850003002"|0|1|0|0|0|0|0|1|1|0|0|1|1|0|0|NA|NA|NA|NA|NA|0|0|0|0|NA|0
"360850047001"|0|1|1|0|0|0|0|1|1|1|0|0|0|1|0|48010|48010|22230|22230|14800|278|92|266|18983080|71364.962406015|0
"360850122002"|0|1|0|0|0|0|0|1|1|0|0|1|1|0|0|NA|NA|NA|NA|NA|0|0|0|0|NA|0
"360850146071"|0|1|0|0|0|0|0|1|1|1|0|0|1|0|0|11050|11050|NA|NA|3500|0|0|4|213450|53362.5|0
"360850273012"|0|1|1|0|0|0|0|1|1|1|0|0|0|0|1|6930|14880|11090|20520|19135|565|151|666|70532982|105905.378378378|0
"360850291051"|0|1|0|0|0|0|0|1|1|1|1|0|1|0|0|17151|17151|NA|NA|NA|18|5|34|2366810|69612.0588235294|0
"360870112001"|0|1|0|0|0|0|0|1|1|0|0|1|1|0|0|NA|NA|NA|NA|NA|0|0|0|0|NA|0
"360870113021"|0|1|0|0|0|0|0|1|1|0|0|1|1|0|0|NA|NA|NA|NA|NA|0|0|0|0|NA|0
"360870115051"|0|1|0|0|0|0|0|1|1|1|0|0|1|0|0|10460|10460|NA|NA|3650|9|1|56|925768|16531.5714285714|0
"360870116022"|0|2|0|0|0|0|0|2|2|2|1|0|1|1|0|18860|23970|NA|NA|NA|245|70|200|16949744|149503.791624106|0
"360870121071"|0|1|0|0|0|0|0|1|1|1|0|0|1|0|0|14000|14000|NA|NA|5385|8|3|26|897820|34531.5384615385|0
"360870121072"|0|1|0|0|0|0|0|1|1|1|0|0|1|0|0|9750|9750|NA|NA|NA|6|1|10|196000|19600|0
"360870121081"|0|1|0|0|0|0|0|1|1|1|1|0|1|0|0|8300|8300|NA|NA|NA|12|5|34|1100000|32352.9411764706|0
"360870121091"|0|1|0|0|0|0|0|1|1|1|0|0|1|0|0|7500|7500|NA|NA|4500|2|0|8|299200|37400|0
"360870121112"|0|1|0|0|0|0|0|1|1|1|0|0|1|0|0|9400|9400|NA|NA|6150|4|0|10|549968|54996.8|0
"360870121131"|0|1|0|0|0|0|0|1|1|1|0|0|1|0|0|11000|11000|NA|NA|4000|1|0|6|184000|30666.6666666667|0
"360870121141"|0|3|0|0|0|0|0|3|3|3|0|0|3|0|0|31140|31140|NA|NA|12256|21|7|164|5309388|119754.581081081|0
"360870121162"|0|1|0|0|0|0|0|1|1|1|0|0|1|0|0|10200|10200|NA|NA|6600|7|0|20|902200|45110|0
"360870125043"|0|1|0|0|0|0|0|1|1|1|0|0|1|0|0|9600|9600|NA|NA|NA|2|0|12|316000|26333.3333333333|0
"360870130022"|0|1|1|0|0|0|0|1|1|1|0|0|0|1|0|29860|29860|16110|16110|13750|129|40|146|11114600|76127.397260274|0
"360870130033"|0|1|1|0|0|0|0|1|1|1|0|0|0|1|0|33400|33400|18900|18900|14200|110|31|100|8104640|81046.4|0
"360894911001"|0|1|1|0|0|0|0|1|1|1|0|0|0|1|0|51454|51454|33312|33312|15786|485|183|482|48567414|100762.269709544|0
"360894912001"|0|1|1|0|0|0|0|1|1|1|0|0|0|1|0|7070|16980|11310|23100|13950|378|118|468|30437760|65037.9487179487|0
"360894919001"|0|1|1|0|0|0|0|1|1|1|0|0|0|1|0|58330|58330|21852|21852|15150|514|99|356|32701780|91858.9325842697|0
"360894921002"|0|1|0|0|0|0|0|1|1|1|0|0|0|1|0|7070|13223|NA|NA|13635|261|75|246|16781590|68217.8455284553|0
"360910610013"|0|1|1|0|0|0|0|1|1|1|0|0|0|0|1|7070|16980|11310|23100|NA|446|203|310|27848526|89833.9548387097|0
"360910613031"|0|1|1|0|0|0|0|1|1|1|0|0|0|1|0|57066|57066|NA|NA|15524|607|205|576|52926310|91885.9548611111|0
"360910614042"|0|1|0|0|0|0|0|1|1|0|0|1|1|0|0|NA|NA|NA|NA|NA|0|0|0|0|NA|0
"360930206001"|0|1|0|0|0|0|0|1|1|1|1|0|1|0|0|10064|10064|NA|NA|NA|3|0|28|2177988|77785.2857142857|0
"360930210011"|0|1|0|0|0|0|0|1|1|0|0|1|1|0|0|NA|NA|NA|NA|NA|0|0|0|0|NA|0
"360930218022"|0|1|0|0|0|0|0|1|1|0|0|1|1|0|0|NA|NA|NA|NA|NA|0|0|0|0|NA|0
"360930334003"|0|1|0|0|0|0|0|1|1|1|0|0|0|1|0|58956|58956|NA|NA|14583|566|160|432|43727248|101220.481481481|0
"360957403001"|0|1|0|0|0|0|0|1|1|1|0|0|0|1|0|7070|16980|NA|NA|13800|288|65|204|13898454|68129.6764705882|0
"360999503003"|0|0|1|0|0|0|0|1|1|1|0|0|1|0|0|NA|NA|17616|17616|NA|121|36|86|6208974|72197.3720930233|0
"361019629001"|0|1|0|0|0|0|0|1|1|1|1|0|0|1|0|5068|8296|NA|NA|10050|116|36|138|9041768|65520.0579710145|0
"361031105012"|0|1|0|0|0|0|0|1|1|0|0|1|1|0|0|NA|NA|NA|NA|NA|0|0|0|0|NA|0
"361031122121"|0|1|1|0|0|0|0|1|1|1|0|0|1|0|0|24900|24900|24900|24900|12950|56|4|50|3146604|62932.08|0
"361031122152"|0|1|1|0|0|0|0|1|1|1|0|0|0|0|1|7070|16980|9340|17334|13400|532|125|536|45355676|84618.7985074627|0
"361031233044"|0|1|0|0|0|0|0|1|1|0|0|1|0|0|0|NA|NA|NA|NA|NA|0|0|0|0|NA|0
"361031235005"|0|1|0|0|0|0|0|1|1|1|1|0|1|0|0|16500|16500|NA|NA|NA|6|3|6|431000|71833.3333333333|0
"361031237012"|0|1|0|0|0|0|0|1|1|0|0|1|1|0|0|NA|NA|NA|NA|NA|0|0|0|0|NA|0
"361031353064"|0|1|0|0|0|0|0|1|1|0|0|1|1|0|0|NA|NA|NA|NA|NA|0|0|0|0|NA|0
"361031458041"|0|2|0|0|0|0|0|2|2|0|0|2|2|0|0|NA|NA|NA|NA|NA|0|0|0|0|NA|0
"361031461062"|0|1|0|0|0|0|0|1|1|0|0|1|1|0|0|NA|NA|NA|NA|NA|0|0|0|0|NA|0
"361031477011"|0|1|0|0|0|0|0|1|1|0|0|1|1|0|0|NA|NA|NA|NA|NA|0|0|0|0|NA|0
"361031580151"|0|1|1|0|1|1|0|1|1|1|0|0|0|0|1|7070|24740|11310|23100|14884|2243|393|1938|247308930|127610.386996904|0
"361031585133"|0|1|0|0|0|0|0|1|1|1|1|0|0|0|1|5470|10940|NA|NA|NA|702|199|576|62084934|107786.34375|0
"361031588053"|0|1|1|0|0|0|0|1|0|0|0|0|0|0|0|NA|NA|NA|NA|NA|0|0|0|0|NA|0
"361031698002"|0|1|0|0|0|0|0|1|1|0|0|1|1|0|0|NA|NA|NA|NA|NA|0|0|0|0|NA|0
"361059508011"|0|1|0|0|0|0|0|1|1|1|1|0|0|1|0|5208|10416|NA|NA|12030|74|24|66|3845054|58258.3939393939|0
"361059509003"|0|1|0|0|0|0|0|1|1|1|0|0|1|0|0|13350|13350|6000|6000|4150|3|0|16|753410|47088.125|0
"361090003001"|0|1|1|0|0|1|0|1|1|1|0|0|0|0|1|58586|58586|29500|29500|15756|9454|1838|3716|534419076|143815.682454252|0
"361090012001"|0|1|1|0|0|0|0|1|1|1|0|0|0|1|0|46610|46610|22056|22056|15844|637|216|1018|84986662|83483.9508840864|0
"361090020001"|0|1|0|0|0|0|0|1|1|1|1|0|0|1|0|5355|11010|NA|NA|11052|143|45|108|8171874|75665.5|0
"361119526001"|0|1|0|0|0|0|0|1|1|0|0|1|1|0|0|NA|NA|NA|NA|NA|0|0|0|0|NA|0
"361119529013"|0|1|0|0|0|0|0|1|1|1|1|0|0|1|0|4880|9760|NA|NA|NA|135|40|120|7374114|61450.95|0
"361119535002"|0|1|1|0|0|0|0|1|1|1|0|0|0|1|0|7070|16980|11310|23100|14294|622|158|686|51251430|74710.5393586006|0
"361119547001"|0|1|0|0|0|0|0|1|1|1|0|0|1|0|0|8150|8150|NA|NA|2400|0|0|2|151200|75600|0
"361130706032"|0|1|0|0|0|0|0|1|1|1|1|0|0|1|0|4944|7416|NA|NA|12200|144|44|188|11735258|62421.585106383|0
"361130750022"|0|1|0|0|0|0|0|1|1|0|0|1|1|0|0|9764|9764|NA|NA|8200|0|0|0|0|NA|0
"361150803012"|0|1|0|0|0|0|0|1|1|0|0|1|1|0|0|NA|NA|NA|NA|NA|0|0|0|0|NA|0
"361170212004"|0|1|0|0|0|0|0|1|1|0|0|1|1|0|0|NA|NA|NA|NA|NA|0|0|0|0|NA|0
"361190002031"|0|0|1|0|0|0|0|1|1|1|0|0|0|0|0|NA|NA|15000|15000|NA|0|0|0|0|NA|0
"361190007012"|0|1|0|0|0|0|0|1|1|1|1|0|1|0|0|7882|7882|NA|NA|NA|10|2|16|1581832|98864.5|0
"361190021071"|0|0|1|0|0|0|0|1|1|1|0|0|1|0|0|NA|NA|12600|12600|NA|25|5|12|872568|72714|0
"361190022044"|0|1|1|0|0|0|0|1|1|1|0|0|0|1|0|56020|56020|31222|31222|15820|206|32|178|16387598|92065.1573033708|0
"361190036001"|0|1|0|0|0|0|0|1|1|0|0|1|1|0|0|NA|NA|NA|NA|NA|0|0|0|0|NA|0
"361190036003"|0|1|0|0|0|0|0|1|1|1|1|0|1|0|0|10500|10500|NA|NA|NA|6|2|10|1093158|109315.8|0
"361190047002"|0|1|1|0|0|0|0|1|1|1|0|0|0|1|0|34500|34500|18795|18795|13983|73|31|86|6809274|79177.6046511628|0
"361190065001"|0|1|1|0|0|0|0|1|1|1|0|0|0|1|0|39380|39380|21726|21726|16208|364|96|326|29405956|90202.3190184049|0
"361190084012"|0|1|0|0|0|0|0|1|1|0|0|1|1|0|0|NA|NA|NA|NA|NA|0|0|0|0|NA|0
"361190086023"|0|1|1|0|0|0|0|1|1|1|0|0|0|1|0|38880|38880|17550|17550|15178|178|68|224|17369512|77542.4642857143|0
"361190091003"|0|2|0|0|0|0|0|2|2|1|0|1|2|0|0|NA|NA|NA|NA|NA|65|12|36|2202620|NA|0
"361190097022"|0|1|0|0|0|0|0|1|1|0|0|1|1|0|0|NA|NA|NA|NA|NA|0|0|0|0|NA|0
"361190104002"|0|1|1|0|0|0|0|1|1|1|0|0|0|1|0|19578|19578|16686|16686|14650|444|138|450|38434288|85409.5288888889|0
"361190109011"|0|1|0|0|0|0|0|1|1|1|1|0|0|0|1|4580|11770|NA|NA|NA|341|112|336|34877008|103800.619047619|0
"361190112004"|0|1|0|0|0|0|0|1|1|0|0|1|1|0|0|NA|NA|NA|NA|NA|0|0|0|0|NA|0
"361190131041"|0|1|1|0|0|0|0|1|1|1|0|0|1|0|0|12750|12750|300|300|6750|9|1|28|710018|25357.7857142857|0
"361190143001"|0|1|0|0|0|0|0|1|1|0|0|1|1|0|0|NA|NA|NA|NA|NA|0|0|0|0|NA|0
"361190146061"|0|1|0|0|0|0|0|1|1|1|0|0|1|0|0|12150|12150|NA|NA|5600|7|1|10|588200|58820|0
"361190148052"|0|1|0|0|0|0|0|1|1|1|0|0|1|0|0|10300|10300|NA|NA|2850|5|0|14|299498|21392.7142857143|0
"361199810001"|0|0|1|0|0|1|0|1|1|1|0|0|0|1|0|NA|NA|25338|25338|NA|175|66|80|7609984|95124.8|0
"361199850001"|0|1|1|0|0|0|0|1|1|1|0|0|0|1|0|7070|16980|11310|23100|14548|444|122|360|27010606|75029.4611111111|0
"361231504005"|0|1|1|0|0|0|0|1|1|1|0|0|0|1|0|32700|32700|20207|20207|12144|129|56|144|8657744|60123.2222222222|0
"370010212013"|0|1|0|0|0|0|0|1|1|1|1|0|0|1|0|2280|8040|NA|NA|NA|121|50|226|12630838|55888.6637168142|0
"370010212071"|0|1|0|0|0|0|0|1|1|0|0|1|1|0|0|NA|NA|NA|NA|NA|0|0|0|0|NA|0
"370010216004"|0|1|1|0|0|0|0|1|1|1|0|0|0|1|0|37414|37414|18432|18432|13141|923|271|894|76993564|86122.5548098434|0
"370079203012"|0|1|0|0|0|0|0|1|1|1|1|0|0|1|0|1824|6432|NA|NA|NA|119|46|156|8477994|54346.1153846154|0
"370079204003"|0|1|0|0|0|0|0|1|1|0|0|1|1|0|0|NA|NA|NA|NA|NA|0|0|0|0|NA|0
"370119301002"|0|1|1|0|0|0|0|1|1|1|0|0|1|0|0|26140|26140|9000|9000|11470|93|44|120|6017456|50145.4666666667|0
"370119304001"|0|1|0|0|0|0|0|1|1|1|1|0|1|0|0|2432|8576|NA|NA|NA|75|29|60|3546072|59101.2|0
"370139305022"|0|1|0|0|0|0|0|1|1|1|1|0|0|1|0|2432|8576|NA|NA|NA|101|29|98|4839986|49387.612244898|0
"370179503012"|0|1|0|0|0|0|0|1|1|1|1|0|0|1|0|2128|7504|NA|NA|NA|57|22|84|4980338|59289.7380952381|0
"370190206032"|0|1|0|0|0|0|0|1|1|1|1|0|0|1|0|2432|8576|NA|NA|NA|100|34|92|4963072|53946.4347826087|0
"370210001002"|0|1|0|0|0|0|0|1|1|0|0|1|1|0|0|NA|NA|NA|NA|NA|0|0|0|0|NA|0
"370210003001"|0|0|1|0|0|0|0|1|1|1|0|0|1|0|0|NA|NA|19000|19000|NA|15|7|4|180000|45000|0
"370210004001"|0|1|1|0|0|0|0|1|1|1|0|0|0|1|0|4122|21470|4914|21236|9950|438|153|448|33480490|74733.2366071429|0
"370210009003"|0|1|0|0|0|0|0|1|1|1|1|0|0|1|0|2432|8576|NA|NA|NA|267|90|334|18943758|56717.8383233533|0
"370210012001"|0|1|0|0|0|0|0|1|1|0|0|1|1|0|0|NA|NA|NA|NA|NA|0|0|0|0|NA|0
"370210030024"|0|1|1|0|0|0|0|1|1|1|0|0|1|0|0|37500|37500|20675|20675|11750|116|32|108|6115916|56628.8518518519|0
"370210031051"|0|1|1|0|0|0|0|1|1|1|0|0|1|0|0|28500|28500|9036|9036|9515|94|35|76|4133904|54393.4736842105|0
"370230214002"|0|1|0|0|0|0|0|1|1|1|1|0|0|1|0|2432|8576|NA|NA|NA|94|33|134|6694194|49956.671641791|0
"370250424011"|0|1|1|0|0|0|0|1|1|1|0|0|1|0|0|13446|13446|27903|27903|NA|26|6|64|5615676|87744.9375|0
"370250426022"|0|1|0|0|0|0|0|1|1|0|0|1|1|0|0|NA|NA|NA|NA|NA|0|0|0|0|NA|0
"370270306001"|0|1|0|0|0|0|0|1|1|1|1|0|0|1|0|2432|8576|NA|NA|NA|208|66|188|10173340|54113.5106382979|0
"370319704031"|0|1|0|0|0|0|0|1|1|1|1|0|0|1|0|2508|8844|NA|NA|NA|95|41|126|7175854|56951.2222222222|0
"370350104022"|0|1|1|0|0|0|0|1|1|1|0|0|0|1|0|39900|39900|11700|11700|12700|179|66|280|18674356|66694.1285714286|0
"370350117011"|0|1|0|0|0|0|0|1|1|1|1|0|0|1|0|2128|7504|NA|NA|NA|215|78|286|15365648|53726.041958042|0
"370399304012"|0|1|0|0|0|0|0|1|1|1|1|0|1|0|0|2304|8448|NA|NA|NA|63|16|74|3573988|48297.1351351351|0
"370459507013"|0|1|0|0|0|0|0|1|1|1|1|0|0|1|0|2432|8576|NA|NA|NA|99|32|134|6994146|52195.1194029851|0
"370459515013"|0|1|1|0|0|0|0|1|1|1|0|0|0|1|0|31220|31220|9000|9000|10390|310|181|298|19072738|64002.4765100671|0
"370479307003"|0|1|0|0|0|0|0|1|1|1|1|0|0|1|0|2432|8576|NA|NA|NA|105|33|120|6555036|54625.3|0
"370499604011"|0|1|0|0|0|0|0|1|1|1|1|0|0|1|0|1824|6432|NA|NA|NA|163|45|132|6746214|51107.6818181818|0
"370510007013"|0|1|1|0|0|0|0|1|1|1|0|0|1|0|0|5664|5664|5040|5040|NA|5|0|8|98900|12362.5|0
"370510011003"|0|1|1|1|0|0|0|1|1|1|0|0|0|1|0|2982|14590|3438|14503|9440|492|182|532|42832588|80512.3834586466|0
"370510020011"|0|1|0|0|0|0|0|1|1|0|0|1|1|0|0|NA|NA|NA|NA|NA|0|0|0|0|NA|0
"370510020024"|0|1|1|0|0|0|0|1|1|1|0|0|1|0|0|6000|6000|5040|5040|NA|11|0|6|85318|14219.6666666667|0
"370510021003"|0|1|0|0|0|0|0|1|1|1|1|0|0|0|1|2432|8576|NA|NA|NA|424|167|656|44541782|67899.0579268293|0
"370510025014"|0|1|0|0|0|0|0|1|1|1|1|0|1|0|0|NA|NA|NA|NA|NA|12|1|16|687710|42981.875|0
"370510025051"|0|1|1|0|0|0|0|1|1|1|0|0|0|1|0|35336|35336|37240|37240|12828|240|91|288|20439306|70969.8125|0
"370570605001"|0|1|0|0|0|0|0|1|1|1|1|0|0|1|0|2130|7118|NA|NA|NA|192|66|172|8443088|49087.7209302326|0
"370610904021"|0|1|0|0|0|0|0|1|1|1|1|0|0|1|0|2432|8576|NA|NA|NA|91|33|72|3796050|52722.9166666667|0
"370630011001"|0|1|0|0|0|0|0|1|1|0|0|1|1|0|0|NA|NA|NA|NA|NA|0|0|0|0|NA|0
"370630013032"|0|1|1|1|0|0|0|1|1|1|0|0|0|1|0|3728|16435|4740|17694|10714|819|301|734|58302382|79431.038147139|0
"370630014002"|0|1|0|0|0|0|0|1|1|1|1|0|0|1|0|2081|7339|NA|NA|NA|222|79|268|15620992|58287.2835820895|0
"370630015011"|0|1|1|0|1|1|0|1|1|1|0|0|0|0|1|55880|55880|57900|57900|16026|7993|1527|2854|437767166|153387.234057463|0
"370630017051"|0|1|0|0|0|0|0|1|1|0|0|1|1|0|0|15110|15110|NA|NA|NA|0|0|0|0|NA|0
"370630022002"|0|1|0|0|0|0|0|1|1|0|0|1|1|0|0|NA|NA|NA|NA|NA|0|0|0|0|NA|0
"370650213003"|0|1|0|0|0|0|0|1|1|1|1|0|0|1|0|2432|8576|NA|NA|NA|82|26|140|7873716|56240.8285714286|0
"370670008011"|0|1|1|1|0|0|0|1|1|1|0|0|0|1|0|3401|13648|3872|13987|10888|538|173|500|39868482|79736.964|0
"370670008022"|0|1|1|0|0|0|0|1|1|1|0|0|0|1|0|6497|23040|9196|23203|9456|315|89|300|20834698|69448.9933333333|0
"370670009004"|0|2|2|0|0|0|0|2|2|2|0|0|2|0|0|42850|42850|15930|15930|21600|135|33|144|7921238|110491.529270249|0
"370670010003"|0|1|0|0|0|0|0|1|1|0|0|1|1|0|0|NA|NA|NA|NA|NA|0|0|0|0|NA|0
"370670013002"|0|1|1|0|0|1|0|1|1|1|0|0|0|1|0|56722|56722|38650|38650|15520|1689|456|1292|138864978|107480.633126935|0
"370670014001"|0|1|1|0|0|0|0|1|1|1|0|0|1|0|0|7600|7600|10000|10000|4600|4|1|4|60000|15000|0
"370670027042"|0|1|0|0|0|0|0|1|1|0|0|1|1|0|0|NA|NA|NA|NA|NA|0|0|0|0|NA|0
"370670037011"|0|1|0|0|0|0|0|1|1|1|1|0|0|1|0|1992|7008|NA|NA|NA|318|119|438|25754210|58799.5662100457|0
"370690603013"|0|1|0|0|0|0|0|1|1|1|1|0|1|0|0|16975|16975|NA|NA|11093|63|36|58|2469180|42572.0689655172|0
"370710304041"|0|1|0|0|0|0|0|1|1|1|1|0|0|1|0|2432|8576|NA|NA|NA|257|56|284|16374136|57655.4084507042|0
"370710312022"|0|1|0|0|0|0|0|1|1|1|0|0|0|1|0|18500|18500|NA|NA|10390|155|74|154|8464802|54966.2467532468|0
"370710328011"|0|1|0|0|0|0|0|1|1|0|0|1|1|0|0|NA|NA|NA|NA|NA|0|0|0|0|NA|0
"370810107022"|0|2|2|0|0|0|0|2|2|2|0|0|1|0|1|23382|38541|10619|24337|20432|1905|431|1868|148012362|129226.471899062|0
"370810110002"|0|1|1|1|0|0|0|1|1|1|0|0|0|0|1|3540|17050|4745|17545|7930|1229|421|946|81747162|86413.4904862579|0
"370810112012"|0|1|0|1|0|0|0|1|1|1|0|0|1|0|0|15964|15964|NA|NA|8114|44|10|50|2174300|43486|0
"370810116011"|0|1|0|0|0|0|0|1|1|0|0|1|1|0|0|NA|NA|NA|NA|NA|0|0|0|0|NA|0
"370810126101"|0|1|0|0|0|0|0|1|1|0|0|1|1|0|0|NA|NA|NA|NA|NA|0|0|0|0|NA|0
"370810136011"|0|1|1|0|0|0|0|1|1|1|0|0|0|1|0|33358|33358|26483|26483|15438|498|164|596|44871286|75287.3926174497|0
"370810161011"|0|1|1|0|0|0|0|1|1|1|0|0|0|1|0|39400|39400|5400|5400|12400|142|35|172|10728206|62373.2906976744|0
"370810162052"|0|1|1|0|0|0|0|1|1|1|0|0|1|0|0|19260|19260|12000|12000|NA|3|1|0|0|NA|0
"370810165023"|0|1|0|0|0|0|0|1|1|1|1|0|0|0|1|2128|7504|NA|NA|NA|338|108|574|34505700|60114.4599303136|0
"370810165033"|0|1|0|0|0|0|0|1|1|0|0|1|1|0|0|NA|NA|NA|NA|NA|0|0|0|0|NA|0
"370839301001"|0|1|0|0|0|0|0|1|1|1|1|0|1|0|0|2432|8576|NA|NA|NA|89|46|74|3905914|52782.6216216216|0
"370850705004"|0|1|0|0|0|0|0|1|1|1|0|0|1|0|0|7560|7560|NA|NA|NA|5|0|10|233790|23379|0
"370850708023"|0|1|1|0|0|1|0|1|1|1|0|0|0|1|0|34290|34290|14003|14003|12624|526|213|460|40953854|89030.1173913043|0
"370879205022"|0|1|0|0|0|0|0|1|1|1|1|0|0|1|0|2432|8576|NA|NA|NA|102|29|112|6121372|54655.1071428571|0
"370899310003"|0|1|0|0|0|0|0|1|1|1|1|0|0|1|0|2432|8576|NA|NA|NA|119|33|128|7605278|59416.234375|0
"370919501011"|0|1|1|0|0|0|0|1|1|1|0|0|0|1|0|25808|25808|NA|NA|9600|133|45|96|6584000|68583.3333333333|0
"370919503001"|0|1|0|0|0|0|0|1|1|1|1|0|1|0|0|2432|8576|NA|NA|NA|35|9|44|2278510|51784.3181818182|0
"370970605003"|0|1|0|0|0|0|0|1|1|1|1|0|0|1|0|2432|8576|NA|NA|NA|128|39|158|8587176|54349.2151898734|0
"370970613041"|0|1|0|0|0|0|0|1|1|0|0|1|1|0|0|NA|NA|NA|NA|NA|0|0|0|0|NA|0
"370970613043"|0|1|0|0|0|0|0|1|1|0|0|1|0|1|0|NA|NA|NA|NA|NA|0|0|0|0|NA|0
"370999504002"|0|1|0|0|0|0|0|1|1|1|1|0|0|1|0|2128|7504|NA|NA|NA|124|44|162|8358548|51595.975308642|0
"370999506002"|0|1|1|0|0|0|0|1|1|1|0|0|0|0|1|1000|5000|4435|14842|10954|1026|297|1088|79404480|72982.0588235294|0
"371010406002"|0|1|0|0|0|0|0|1|1|1|1|0|0|1|0|2432|8576|NA|NA|NA|198|59|272|16288448|59884|0
"371050304011"|0|1|0|0|0|0|0|1|1|1|1|0|0|1|0|2432|8576|NA|NA|NA|259|108|338|18679584|55265.0414201183|0
"371070114002"|0|1|0|0|0|0|0|1|1|1|1|0|0|1|0|2432|8576|NA|NA|NA|155|72|216|9770022|45231.5833333333|0
"371119709031"|0|1|0|0|0|0|0|1|1|1|1|0|0|1|0|1824|6432|NA|NA|NA|53|3|80|4188328|52354.1|0
"371150106011"|0|1|1|0|0|0|0|1|1|1|0|0|0|1|0|30772|30772|10419|10419|9878|181|70|166|8721806|52541|0
"371179702002"|0|1|0|0|0|0|0|1|1|1|1|0|1|0|0|1824|6432|NA|NA|NA|56|18|56|2939880|52497.8571428571|0
"371190005011"|0|1|1|0|0|0|0|1|1|1|0|0|0|1|0|34376|34376|14148|14148|13908|101|25|160|13543040|84644|0
"371190019211"|0|1|0|0|0|0|0|1|1|0|0|1|1|0|0|16520|16520|NA|NA|NA|0|0|0|0|NA|0
"371190019271"|0|1|1|0|0|0|0|1|1|1|0|0|1|0|0|10650|10650|8370|8370|NA|8|4|8|291936|36492|0
"371190025002"|0|1|0|0|0|0|0|1|1|1|1|0|0|0|1|2432|8576|NA|NA|NA|799|262|752|44363882|58994.5239361702|0
"371190027021"|0|1|1|0|0|0|0|1|1|1|0|0|0|1|0|35998|35998|13956|13956|12257|210|82|262|17219176|65722.0458015267|0
"371190038052"|0|1|0|0|0|0|0|1|1|1|0|0|1|0|0|13752|13752|NA|NA|NA|29|7|54|4779500|88509.2592592593|0
"371190038101"|0|1|0|0|0|0|0|1|1|0|0|1|1|0|0|NA|NA|NA|NA|NA|0|0|0|0|NA|0
"371190040002"|0|1|0|0|0|0|0|1|1|0|0|1|1|0|0|NA|NA|NA|NA|NA|0|0|0|0|NA|0
"371190047001"|0|1|1|1|0|0|0|1|1|1|0|0|0|1|0|16014|16014|17798|17798|7100|188|58|170|9894418|58202.4588235294|0
"371190053062"|0|1|0|0|0|0|0|1|1|0|0|1|1|0|0|NA|NA|NA|NA|NA|0|0|0|0|NA|0
"371190056042"|0|1|1|0|0|0|0|1|1|1|0|0|0|0|1|3812|17246|4337|17771|12800|2525|837|2190|198469092|90625.1561643836|0
"371190058292"|0|1|0|0|0|0|0|1|1|0|0|1|1|0|0|NA|NA|NA|NA|NA|0|0|0|0|NA|0
"371190059132"|0|1|1|0|0|0|0|1|1|1|0|0|1|0|0|9552|9552|16752|16752|NA|0|0|0|0|NA|0
"371190059151"|0|2|1|0|0|0|0|2|2|2|0|0|2|0|0|34552|34552|NA|NA|NA|12|0|2|135904|NA|0
"371190060051"|0|1|0|0|0|0|0|1|1|0|0|1|1|0|0|NA|NA|NA|NA|NA|0|0|0|0|NA|0
"371190064032"|0|1|0|0|0|0|0|1|1|1|0|0|0|1|0|54460|54460|NA|NA|15225|614|210|444|44475738|100170.581081081|0
"371239602012"|0|1|0|0|0|0|0|1|1|1|1|0|1|0|0|2432|8576|NA|NA|NA|51|22|80|4176178|52202.225|0
"371259508023"|0|1|0|0|0|0|0|1|1|1|1|0|0|1|0|2598|8742|NA|NA|NA|149|35|230|13918074|60513.3652173913|0
"371270106031"|0|1|1|0|0|0|0|1|1|1|0|0|0|1|0|32400|32400|17820|17820|11476|161|41|120|6735274|56127.2833333333|0
"371270111011"|0|1|0|0|0|0|0|1|1|1|1|0|0|1|0|2432|8576|NA|NA|NA|113|38|220|12566416|57120.0727272727|0
"371290105012"|0|1|0|0|0|0|0|1|1|1|0|0|0|1|0|NA|NA|NA|NA|NA|92|8|6|197500|32916.6666666667|0
"371290106003"|0|1|0|0|0|0|0|1|1|0|0|1|1|0|0|NA|NA|NA|NA|NA|0|0|0|0|NA|0
"371290113001"|0|1|0|0|0|0|0|1|1|1|1|0|0|1|0|2432|8576|NA|NA|NA|319|100|534|30262994|56672.2734082397|0
"371290115022"|0|1|1|0|0|0|0|1|1|1|0|0|0|0|1|4443|18508|4719|18548|11346|1413|509|1450|113888402|78543.7255172414|0
"371330013011"|0|1|0|0|0|0|0|1|1|1|1|0|1|0|0|NA|NA|NA|NA|NA|13|1|12|412534|34377.8333333333|0
"371330021001"|0|1|0|0|0|0|0|1|1|1|1|0|0|1|0|2432|8576|NA|NA|NA|154|66|268|13278962|49548.3656716418|0
"371350115001"|0|1|1|0|0|0|0|1|1|0|0|0|0|0|0|NA|NA|NA|NA|NA|452|143|0|0|NA|0
"371350116011"|0|1|1|0|0|1|0|1|1|1|0|0|0|0|1|7019|34198|10552|28278|11740|10156|2235|3336|418540412|125461.754196643|0
"371350121011"|0|1|0|0|0|0|0|1|1|0|0|1|1|0|0|NA|NA|NA|NA|NA|0|0|0|0|NA|0
"371379502041"|0|1|0|0|0|0|0|1|1|1|1|0|1|0|0|1824|6432|NA|NA|NA|34|10|56|3208272|57290.5714285714|0
"371399601001"|0|1|0|0|0|0|0|1|1|1|0|0|1|0|0|15520|15520|NA|NA|9200|16|3|28|1394222|49793.6428571429|0
"371399602004"|0|1|1|1|0|0|0|1|1|1|0|0|0|1|0|1000|5000|3375|16437|8543|261|64|176|12357726|70214.3522727273|0
"371399605012"|0|1|0|0|0|0|0|1|1|1|1|0|0|1|0|2080|6705|NA|NA|NA|105|36|158|8514456|53888.9620253165|0
"371459203003"|0|1|0|0|0|0|0|1|1|1|1|0|0|1|0|2432|8576|NA|NA|NA|101|31|92|4527984|49217.2173913043|0
"371470001022"|0|1|0|0|0|0|0|1|1|0|0|1|1|0|0|NA|NA|NA|NA|NA|0|0|0|0|NA|0
"371470004001"|0|1|1|0|0|1|0|1|1|1|0|0|0|0|1|4452|20729|4749|17898|10136|3747|1436|2436|202833670|83265.0533661741|0
"371470013012"|0|1|0|0|0|0|0|1|1|1|1|0|0|1|0|1824|6432|NA|NA|NA|303|149|370|22506350|60827.972972973|0
"371510301002"|0|1|0|0|0|0|0|1|1|1|1|0|0|1|0|2280|8040|NA|NA|NA|135|54|168|9465188|56340.4047619048|0
"371539710002"|0|1|0|0|0|0|0|1|1|1|1|0|0|1|0|2432|8576|NA|NA|NA|111|31|198|11594152|58556.3232323232|0
"371559605021"|0|1|1|0|0|0|0|1|1|1|0|0|0|1|0|1000|5000|4280|16344|10660|570|207|630|43038822|68315.5904761905|0
"371559607013"|0|1|0|0|0|0|0|1|1|1|1|0|0|1|0|2432|8576|NA|NA|NA|75|38|156|10071434|64560.4743589744|0
"371570416012"|0|1|0|0|0|0|0|1|1|1|1|0|0|1|0|1824|6432|NA|NA|NA|97|26|116|6234180|53742.9310344828|0
"371590502023"|0|1|1|0|0|0|0|2|2|2|1|0|1|1|0|NA|NA|NA|NA|NA|221|93|350|19291638|107811.093567251|0
"371590504002"|0|1|0|1|0|0|0|1|1|1|0|0|1|0|0|15917|15917|NA|NA|6794|153|61|124|6791046|54766.5|0
"371590505003"|0|1|1|0|0|0|0|1|1|1|0|0|0|1|0|31436|31436|3594|3594|10804|163|80|152|9912176|65211.6842105263|0
"371619609004"|0|1|0|0|0|0|0|1|1|1|1|0|0|1|0|1824|6432|NA|NA|NA|129|30|116|6446296|55571.5172413793|0
"371639708021"|0|1|0|0|0|0|0|1|1|1|1|0|0|1|0|3116|10988|NA|NA|NA|73|22|134|7394186|55180.4925373134|0
"371650103001"|0|1|1|0|0|0|0|1|1|1|0|0|1|0|0|28680|28680|25800|25800|10300|209|52|100|4786946|47869.46|0
"371679301011"|0|1|1|0|0|0|0|1|1|1|0|0|0|1|0|30550|30550|12600|12600|11950|92|43|176|12100716|68754.0681818182|0
"371679312021"|0|1|0|0|0|0|0|1|1|1|1|0|0|1|0|2432|8576|NA|NA|NA|112|40|156|8697538|55753.4487179487|0
"371719310023"|0|1|0|0|0|0|0|1|1|1|1|0|0|1|0|2550|8694|NA|NA|NA|127|41|190|9794034|51547.5473684211|0
"371759603013"|0|1|0|0|0|0|0|1|1|1|0|0|1|0|0|28400|28400|NA|NA|10400|142|67|104|4907196|47184.5769230769|0
"371790207012"|0|1|1|0|0|0|0|1|1|1|0|0|0|1|0|38796|38796|11430|11430|9910|267|78|370|30536938|82532.2648648649|0
"371819603003"|0|1|0|0|0|0|0|1|1|1|1|0|0|1|0|1824|6432|NA|NA|NA|133|26|192|9860172|51355.0625|0
"371830504002"|0|1|0|0|0|0|0|1|1|1|0|0|1|0|0|31950|31950|NA|NA|12040|91|28|74|3864534|52223.4324324324|0
"371830506001"|0|1|0|1|0|0|0|1|1|1|0|0|0|1|0|10956|10956|NA|NA|7942|135|33|124|6542510|52762.1774193548|0
"371830509001"|0|1|1|1|0|0|0|1|1|1|0|0|0|1|0|11808|11808|10404|10404|8514|145|30|122|5563580|45603.1147540984|0
"371830511022"|0|1|1|0|0|1|0|1|1|1|0|0|0|0|1|6535|26654|9095|26421|11602|7612|1678|3684|399640526|108480.055917481|0
"371830524012"|0|1|1|0|0|0|0|1|1|1|0|0|0|1|0|39832|39832|11869|11869|11746|275|77|260|17829018|68573.1461538462|0
"371830527051"|0|1|0|0|0|0|0|1|1|1|1|0|1|0|0|NA|NA|NA|NA|NA|13|0|12|529560|44130|0
"371830530033"|0|0|1|0|0|0|0|1|1|1|0|0|1|0|0|NA|NA|6480|6480|NA|8|2|12|915670|76305.8333333333|0
"371830530035"|0|1|0|0|0|0|0|1|0|0|0|1|1|0|0|NA|NA|NA|NA|NA|0|0|0|0|NA|0
"371830530113"|0|1|0|0|0|0|0|1|1|0|0|1|0|1|0|NA|NA|NA|NA|NA|0|0|0|0|NA|0
"371830531101"|0|1|0|0|0|0|0|1|1|1|1|0|0|0|1|2432|8576|NA|NA|NA|821|308|1200|61527588|51272.99|0
"371830536091"|0|1|1|0|0|0|0|1|1|1|0|0|0|1|0|13320|13320|14940|14940|NA|0|0|0|0|NA|0
"371830537273"|0|1|0|0|0|0|0|1|1|0|0|1|1|0|0|NA|NA|NA|NA|NA|0|0|0|0|NA|0
"371830540181"|0|1|0|0|0|0|0|1|1|0|0|1|1|0|0|NA|NA|NA|NA|NA|0|0|0|0|NA|0
"371830542061"|0|1|1|0|0|0|0|1|1|1|0|0|0|1|0|8952|8952|5220|5220|6756|140|51|106|7037380|66390.3773584906|0
"371830542203"|0|1|0|0|0|0|0|1|1|1|0|0|1|0|0|15324|15324|NA|NA|10092|18|1|36|1788000|49666.6666666667|0
"371830544043"|0|1|0|0|0|0|0|1|1|1|0|0|1|0|0|9510|9510|NA|NA|4883|10|3|10|435778|43577.8|0
"371899202003"|0|0|1|0|0|0|0|1|1|1|0|0|1|0|0|NA|NA|12720|12720|NA|1|0|0|0|NA|0
"371899205001"|0|1|1|0|0|0|0|1|1|1|0|0|0|0|1|4242|19049|4839|18271|9174|1802|591|2074|155843060|75141.3018322083|0
"371910008002"|0|1|1|0|0|0|0|1|1|1|0|0|0|1|0|21194|21194|17850|17850|8998|163|55|140|9510576|67932.6857142857|0
"371910013022"|0|1|0|0|0|0|0|1|1|1|1|0|0|1|0|2432|8576|NA|NA|NA|173|66|244|13890568|56928.5573770492|0
"371939610013"|0|1|0|0|0|0|0|1|1|1|1|0|0|1|0|2432|8576|NA|NA|NA|147|45|206|11055168|53665.8640776699|0
"371950001001"|0|1|1|0|0|0|0|1|1|1|0|0|0|1|0|32590|32590|10238|10238|10700|137|52|130|6995114|53808.5692307692|0
"371950004022"|0|1|0|0|0|0|0|1|1|0|0|1|1|0|0|NA|NA|NA|NA|NA|0|0|0|0|NA|0
"371950007024"|0|1|0|0|0|0|0|1|1|1|1|0|0|1|0|2432|8576|NA|NA|NA|78|15|90|5489930|60999.2222222222|0
"380039682003"|0|1|1|0|0|0|0|1|1|1|0|0|0|1|0|6119|10709|6106|6106|6684|114|35|136|7684418|56503.0735294118|0
"380059401001"|0|1|0|0|0|0|1|1|1|1|1|0|1|0|0|3000|3000|NA|NA|NA|38|6|44|2058034|46773.5|0
"380099523001"|0|1|0|0|0|0|0|1|1|1|1|0|0|1|0|4289|6344|NA|NA|7870|50|6|54|2661848|49293.4814814815|0
"380150102004"|0|1|0|0|0|0|0|1|1|0|0|1|1|0|0|NA|NA|NA|NA|NA|0|0|0|0|NA|0
"380150105001"|0|1|0|0|0|0|0|1|1|1|0|0|0|1|0|3853|5779|NA|NA|7103|196|65|242|14318180|59166.0330578512|0
"380150112003"|0|1|0|0|0|0|0|1|1|0|0|1|1|0|0|NA|NA|NA|NA|NA|0|0|0|0|NA|0
"380150112004"|0|1|1|0|0|0|0|1|1|1|0|0|0|1|0|17980|17980|16875|16875|7840|232|76|324|7895870|24369.9691358025|0
"380150113003"|0|1|0|0|0|0|1|1|1|1|0|0|1|0|0|3220|3220|NA|NA|5100|147|30|74|3997624|54021.9459459459|0
"380170003003"|0|1|1|0|0|0|0|1|1|1|0|0|0|0|1|8606|12909|7013|10519|8878|1987|375|1068|93499092|87545.9662921348|0
"380170006011"|0|1|0|0|0|0|0|1|1|0|0|1|1|0|0|NA|NA|NA|NA|NA|0|0|0|0|NA|0
"380170006013"|0|1|0|0|0|0|0|1|1|0|0|1|1|0|0|NA|NA|NA|NA|NA|0|0|0|0|NA|0
"380170101061"|0|1|1|0|0|0|0|1|1|1|0|0|1|0|0|9750|9750|8703|8703|NA|22|2|38|2681694|70570.8947368421|0
"380170101064"|0|1|0|0|0|0|0|1|1|0|0|1|1|0|0|NA|NA|NA|NA|NA|0|0|0|0|NA|0
"380219734002"|0|1|1|0|0|0|0|1|1|1|0|0|1|0|0|14848|14848|11304|11304|7286|37|16|26|906454|34863.6153846154|0
"380350103011"|0|1|1|0|0|1|0|1|1|1|0|0|0|0|1|8540|12810|11060|16590|9976|1401|452|1058|89390474|84490.0510396975|0
"380350112013"|0|1|0|0|0|0|0|1|1|0|0|1|1|0|0|NA|NA|NA|NA|NA|0|0|0|0|NA|0
"380619404002"|0|1|0|0|0|0|1|1|1|1|0|0|1|0|0|3600|3600|NA|NA|10440|33|4|52|2945316|56640.6923076923|0
"380719578003"|0|1|0|0|0|0|0|1|1|1|1|0|0|1|0|3929|3929|NA|NA|6750|71|18|76|4915572|64678.5789473684|0
"380779709002"|0|1|0|0|0|0|0|1|1|1|1|0|0|1|0|4919|5542|NA|NA|6526|160|65|216|13401896|62045.8148148148|0
"380799418001"|0|1|0|0|0|0|1|1|1|1|0|0|1|0|0|1776|1776|NA|NA|NA|79|24|94|5573296|59290.3829787234|0
"380859409001"|0|1|1|0|0|0|1|1|1|1|0|0|1|0|0|3600|3600|6300|6300|5546|63|11|56|2276714|40655.6071428571|0
"380899636002"|0|1|1|0|0|0|0|1|1|1|0|0|0|1|0|6474|8294|6060|6060|7486|108|31|124|8003052|64540.7419354839|0
"380939674011"|0|1|1|0|0|0|0|1|1|1|0|0|0|1|0|22718|22718|10948|10948|8316|110|59|164|10699526|65241.0121951219|0
"380979702002"|0|1|1|0|0|0|0|1|1|1|0|0|0|1|0|6025|9038|5795|5795|8015|163|33|100|5638942|56389.42|0
"381010104004"|0|1|1|0|0|0|0|1|1|1|0|0|0|1|0|6691|6691|8731|8731|7434|242|47|288|19308270|67042.6041666667|0
"381010109021"|0|0|0|0|0|0|0|1|0|0|0|0|0|0|0|NA|NA|NA|NA|NA|0|0|0|0|NA|0
"381059539004"|0|1|0|0|0|0|0|1|1|1|1|0|1|0|0|3900|3900|NA|NA|8088|56|17|60|3935556|65592.6|0
"390030101001"|0|1|1|0|0|0|0|1|1|1|0|0|1|0|0|33952|33952|13440|13440|11346|67|19|100|5008726|50087.26|0
"390030109001"|0|2|1|0|0|0|0|2|2|1|0|1|1|1|0|NA|NA|NA|NA|NA|151|46|196|12497218|NA|0
"390030113012"|0|2|0|0|0|0|0|2|2|2|1|0|1|1|0|12316|38624|NA|NA|NA|170|54|160|10499014|143047.365384615|0
"390030119003"|0|1|0|0|0|0|0|1|1|0|0|1|1|0|0|NA|NA|NA|NA|NA|0|0|0|0|NA|0
"390059706001"|0|1|1|0|0|0|0|1|1|1|0|0|0|1|0|22000|22000|6444|6444|10640|554|142|348|22172030|63712.7298850575|0
"390059710001"|0|1|0|0|0|0|0|1|0|0|0|1|1|0|0|NA|NA|NA|NA|NA|0|0|0|0|NA|0
"390070006033"|0|1|0|0|0|0|0|1|1|1|0|0|0|1|0|6116|14992|NA|NA|NA|42|14|84|5571762|66330.5|0
"390070011021"|0|1|0|0|0|0|0|1|1|0|0|1|1|0|0|NA|NA|NA|NA|NA|0|0|0|0|NA|0
"390099728003"|0|2|0|0|0|0|0|2|2|1|1|1|1|1|0|NA|NA|NA|NA|NA|104|20|136|8321664|NA|0
"390099739011"|0|1|1|0|0|1|0|1|1|1|0|0|0|0|1|12612|22406|9444|17436|14024|2089|525|1858|153232360|82471.6684607104|0
"390130115001"|0|1|0|0|0|0|0|1|1|0|0|1|1|0|0|NA|NA|NA|NA|NA|0|0|0|0|NA|0
"390130122021"|0|1|0|0|0|0|0|1|1|1|0|0|0|1|0|5674|8666|NA|NA|NA|10|7|30|2138258|71275.2666666667|0
"390130122022"|0|1|0|0|0|0|0|1|1|1|1|0|1|0|0|2778|5280|NA|NA|NA|46|10|56|2590076|46251.3571428571|0
"390159512012"|0|1|0|0|0|0|0|1|1|1|1|0|1|0|0|14574|14574|NA|NA|NA|22|5|4|162000|40500|0
"390170003002"|0|1|1|0|0|0|0|1|1|1|0|0|0|1|0|6318|17094|7261|16306|NA|103|44|192|13866276|72220.1875|0
"390170101041"|0|1|1|0|0|0|0|1|1|1|0|0|0|0|1|12637|32464|12554|30646|14510|2094|538|1714|162601696|94866.8004667445|0
"390170109092"|0|1|0|0|0|0|0|1|1|0|0|1|1|0|0|NA|NA|NA|NA|NA|0|0|0|0|NA|0
"390170111091"|0|1|0|0|0|0|0|1|1|0|0|1|1|0|0|NA|NA|NA|NA|NA|0|0|0|0|NA|0
"390170111231"|0|1|0|0|0|0|0|1|1|0|0|1|1|0|0|NA|NA|NA|NA|NA|0|0|0|0|NA|0
"390170113001"|0|1|0|0|0|0|0|1|1|0|0|1|1|0|0|NA|NA|NA|NA|NA|0|0|0|0|NA|0
"390170126003"|0|1|1|0|0|0|0|1|1|1|0|0|0|1|0|6318|17094|7261|16306|NA|91|25|86|6114514|71099|0
"390230007003"|0|1|1|0|0|0|0|1|1|1|0|0|0|1|0|40630|40630|8352|8352|10830|186|83|206|13657890|66300.4368932039|0
"390230012005"|0|1|0|0|0|0|0|1|1|1|0|0|0|1|0|3296|6592|NA|NA|NA|140|41|178|9773774|54908.8426966292|0
"390250411021"|0|1|0|0|0|0|0|1|1|1|0|0|0|1|0|5012|12244|NA|NA|NA|80|21|142|12505274|88065.3098591549|0
"390250418002"|0|1|0|0|0|0|0|1|1|0|0|1|1|0|0|NA|NA|NA|NA|NA|0|0|0|0|NA|0
"390279647001"|0|1|0|0|0|0|0|1|1|1|0|0|0|1|0|26400|26400|NA|NA|10100|122|57|114|5747452|50416.2456140351|0
"390299505005"|0|1|0|0|0|0|0|1|1|1|0|0|0|1|0|6116|14992|NA|NA|NA|28|6|74|4714754|63712.8918918919|0
"390299506005"|0|1|0|0|0|0|0|1|1|0|0|1|1|0|0|NA|NA|NA|NA|NA|0|0|0|0|NA|0
"390299508002"|0|1|0|0|0|0|0|1|1|1|0|0|1|0|0|6400|6400|NA|NA|4000|15|1|6|123778|20629.6666666667|0
"390299514023"|0|1|0|0|0|0|0|1|1|0|0|1|1|0|0|NA|NA|NA|NA|NA|0|0|0|0|NA|0
"390299516004"|0|1|0|0|0|0|0|1|1|1|1|0|1|0|0|12885|12885|NA|NA|NA|10|2|12|751840|62653.3333333333|0
"390299522001"|0|1|0|0|0|0|0|1|1|1|0|0|0|1|0|6116|14992|NA|NA|NA|20|6|32|2148666|67145.8125|0
"390351036022"|0|1|0|0|0|0|0|1|1|0|0|1|1|0|0|NA|NA|NA|NA|NA|0|0|0|0|NA|0
"390351077012"|0|1|0|0|0|0|0|1|1|1|1|0|0|0|1|4322|8136|NA|NA|NA|899|220|798|65301138|81831|0
"390351078023"|0|1|1|0|0|0|0|1|1|1|0|0|0|0|1|11185|15952|10215|17496|12990|902|279|1108|97731060|88204.9277978339|0
"390351082012"|0|1|0|0|0|0|0|1|1|1|1|0|1|0|0|NA|NA|NA|NA|NA|61|0|84|3609594|42971.3571428571|0
"390351188002"|0|1|0|0|0|0|0|1|1|1|0|0|1|0|0|41490|41490|NA|NA|11590|75|15|104|6204390|59657.5961538462|0
"390351241006"|0|1|0|0|0|0|0|1|1|0|0|1|1|0|0|NA|NA|NA|NA|NA|0|0|0|0|NA|0
"390351343001"|0|1|1|0|0|0|0|1|1|1|0|0|0|1|0|34504|34504|11191|11191|11946|373|108|436|33671668|77228.5963302752|0
"390351351041"|0|1|0|0|0|0|0|1|1|0|0|1|1|0|0|NA|NA|NA|NA|NA|0|0|0|0|NA|0
"390351351053"|0|1|0|0|0|0|0|1|1|1|1|0|1|0|0|16249|16249|NA|NA|NA|12|3|24|1286870|53619.5833333333|0
"390351371032"|0|1|0|0|0|0|0|1|1|1|1|0|1|0|0|NA|NA|NA|NA|NA|18|3|28|1565360|55905.7142857143|0
"390351521011"|0|1|0|0|0|0|0|1|1|0|0|1|1|0|0|9540|9540|NA|NA|NA|0|0|0|0|NA|0
"390351551011"|0|1|0|0|0|0|0|1|1|0|0|1|1|0|0|17400|17400|NA|NA|NA|0|0|0|0|NA|0
"390351561011"|0|1|0|0|0|0|0|1|1|0|0|1|1|0|0|NA|NA|NA|NA|NA|0|0|0|0|NA|0
"390351606022"|0|1|0|0|0|0|0|1|1|1|0|0|1|0|0|21000|21000|NA|NA|NA|6|0|2|75504|37752|0
"390351702012"|0|1|0|0|0|0|0|1|1|0|0|1|1|0|0|NA|NA|NA|NA|NA|0|0|0|0|NA|0
"390351711031"|0|1|0|0|0|0|0|1|1|1|1|0|1|0|0|14934|14934|NA|NA|NA|17|4|24|1005944|41914.3333333333|0
"390351722011"|0|1|0|0|0|0|0|1|1|0|0|1|1|0|0|NA|NA|NA|NA|NA|0|0|0|0|NA|0
"390351731073"|0|1|0|0|0|0|0|1|1|0|0|1|1|0|0|NA|NA|NA|NA|NA|0|0|0|0|NA|0
"390351771014"|0|1|0|0|0|0|0|1|1|1|0|0|1|0|0|18213|18213|NA|NA|NA|58|31|70|4464458|63777.9714285714|0
"390351791011"|0|1|1|0|0|0|0|1|1|1|0|0|0|1|0|34290|34290|21852|21852|11232|100|48|120|7915946|65966.2166666667|0
"390351852031"|0|1|1|0|0|0|0|1|1|1|0|0|0|1|0|30050|30050|NA|NA|10250|120|37|98|4472232|45635.0204081633|0
"390351862014"|0|1|0|0|0|0|0|1|1|0|0|1|1|0|0|NA|NA|NA|NA|NA|0|0|0|0|NA|0
"390351871052"|0|1|1|0|0|0|0|1|1|1|0|0|0|1|0|42676|42676|15957|15957|12560|288|117|350|26568210|75909.1714285714|0
"390351929001"|0|1|0|0|0|0|0|1|1|0|0|1|1|0|0|NA|NA|NA|NA|NA|0|0|0|0|NA|0
"390351968001"|0|1|1|0|0|1|0|1|1|1|0|0|0|0|1|52448|52448|47920|47920|16080|2094|449|1482|167588186|113082.446693657|0
"390351968003"|0|1|1|0|0|0|0|1|1|1|0|0|1|0|0|41557|41557|40250|40250|12500|85|17|78|6192950|79396.7948717949|0
"390399585002"|0|1|1|0|0|0|0|1|1|1|0|0|1|0|0|33150|33150|8100|8100|10614|83|37|70|3730676|53295.3714285714|0
"390410101003"|0|1|0|0|0|0|0|1|1|1|0|0|0|1|0|46870|46870|NA|NA|13246|209|99|230|17506328|76114.4695652174|0
"390410117622"|0|1|0|0|0|0|0|1|1|1|1|0|0|1|0|NA|NA|NA|NA|NA|71|8|162|8102850|50017.5925925926|0
"390410122003"|0|0|1|0|0|0|0|1|1|1|0|0|1|0|0|NA|NA|24940|24940|NA|26|2|24|1447800|60325|0
"390430404001"|0|1|0|0|0|0|0|1|1|1|0|0|0|1|0|4800|12788|NA|NA|NA|44|17|92|6377944|69325.4782608696|0
"390430409001"|0|1|0|0|0|0|0|1|1|0|0|1|1|0|0|NA|NA|NA|NA|NA|0|0|0|0|NA|0
"390430413001"|0|1|0|0|0|0|0|1|1|0|0|1|1|0|0|6039|6039|NA|NA|NA|0|0|0|0|NA|0
"390430418001"|0|1|0|0|0|0|0|1|1|0|0|1|1|0|0|NA|NA|NA|NA|NA|0|0|0|0|NA|0
"390430419002"|0|1|0|0|0|0|0|1|1|1|1|0|1|0|0|8820|8820|NA|NA|NA|7|1|10|355116|35511.6|0
"390450314011"|0|1|0|0|0|0|0|1|1|1|0|0|0|1|0|5674|8666|NA|NA|NA|22|9|54|3895980|72147.7777777778|0
"390490007201"|0|1|0|0|0|0|0|1|1|0|0|1|1|0|0|NA|NA|NA|NA|NA|0|0|0|0|NA|0
"390490011211"|0|1|1|0|1|1|0|1|1|1|0|0|0|0|1|10615|32599|11560|36276|13066|10612|2033|4410|546644972|123955.775963719|0
"390490030003"|0|2|1|0|0|0|0|2|2|2|1|0|0|1|1|41388|46497|NA|NA|NA|820|217|808|50285512|127625.16744186|0
"390490040021"|0|1|1|0|0|0|0|1|1|1|0|0|0|1|0|9552|9552|16080|16080|NA|330|153|128|14582522|113925.953125|0
"390490050012"|0|1|1|0|0|0|0|1|1|1|0|0|1|0|0|21837|21837|18624|18624|6600|29|4|108|9774420|90503.8888888889|0
"390490069451"|0|1|0|0|0|0|0|1|1|1|0|0|1|0|0|13335|13335|NA|NA|NA|14|6|18|1286620|71478.8888888889|0
"390490070103"|0|1|1|0|0|0|0|1|1|1|0|0|0|1|0|32624|32624|6417|6417|11468|229|92|302|22133496|73289.7218543046|0
"390490070411"|0|1|1|0|0|0|0|1|1|1|0|0|1|0|0|26412|26412|26415|26415|11288|31|6|36|2271262|63090.6111111111|0
"390490071132"|0|1|0|0|0|0|0|1|1|0|0|1|1|0|0|NA|NA|NA|NA|NA|0|0|0|0|NA|0
"390490071141"|0|1|0|0|0|0|0|1|1|0|0|1|1|0|0|NA|NA|NA|NA|NA|0|0|0|0|NA|0
"390490071981"|0|1|0|0|0|0|0|1|1|1|1|0|0|1|0|10766|10766|NA|NA|NA|111|40|206|9396192|45612.5825242718|0
"390490071982"|0|1|0|0|0|0|0|1|1|1|1|0|0|1|0|14835|14835|NA|NA|NA|34|14|62|4252520|68589.0322580645|0
"390490075502"|0|1|1|0|0|0|0|1|1|1|0|0|0|1|0|32300|32300|11106|11106|11340|99|45|114|7493818|65735.2456140351|0
"390490075532"|0|1|0|0|0|0|0|1|0|0|0|0|0|0|0|NA|NA|NA|NA|NA|0|0|0|0|NA|0
"390490078125"|0|1|0|0|0|0|0|1|1|0|0|1|1|0|0|NA|NA|NA|NA|NA|0|0|0|0|NA|0
"390490079661"|0|1|0|0|0|0|0|1|1|0|0|1|1|0|0|NA|NA|NA|NA|NA|0|0|0|0|NA|0
"390490087301"|0|1|0|0|0|0|0|1|1|1|0|0|1|0|0|18900|18900|NA|NA|NA|0|0|0|0|NA|0
"390490089004"|0|1|1|0|0|0|0|1|1|1|0|0|0|1|0|37978|37978|12780|12780|11716|239|86|306|23462896|76676.1307189542|0
"390490092511"|0|1|0|0|0|0|0|1|1|0|0|1|1|0|0|NA|NA|NA|NA|NA|0|0|0|0|NA|0
"390490093502"|0|1|0|0|0|0|0|1|1|0|0|1|1|0|0|NA|NA|NA|NA|NA|0|0|0|0|NA|0
"390490094954"|0|1|0|0|0|0|0|1|1|0|0|1|1|0|0|NA|NA|NA|NA|NA|0|0|0|0|NA|0
"390490094971"|0|1|0|0|0|0|0|1|1|0|0|1|1|0|0|NA|NA|NA|NA|NA|0|0|0|0|NA|0
"390490094981"|0|1|0|0|0|0|0|1|1|1|1|0|1|0|0|20724|20724|NA|NA|NA|9|0|4|180734|45183.5|0
"390490099001"|0|1|1|0|0|0|0|1|1|1|0|0|1|0|0|11274|11274|19654|19654|NA|21|3|28|1498412|53514.7142857143|0
"390490101001"|0|1|1|0|0|0|0|1|1|1|0|0|1|0|0|14616|14616|17072|17072|NA|37|0|18|1793878|99659.8888888889|0
"390490102032"|0|1|0|0|0|0|0|1|1|1|1|0|1|0|0|7200|7200|NA|NA|10394|21|5|6|234000|39000|0
"390490107001"|0|1|0|0|0|0|0|1|1|0|0|1|1|0|0|NA|NA|NA|NA|NA|0|0|0|0|NA|0
"390539536001"|0|1|0|0|0|0|0|1|1|0|0|1|1|0|0|NA|NA|NA|NA|NA|0|0|0|0|NA|0
"390539537001"|0|1|1|0|0|0|0|1|1|1|0|0|0|1|0|26821|26821|21420|21420|11166|108|48|136|7198914|52933.1911764706|0
"390553107002"|0|1|0|0|0|0|0|1|1|0|0|1|1|0|0|NA|NA|NA|NA|NA|0|0|0|0|NA|0
"390553113004"|0|1|1|0|0|0|0|1|1|1|0|0|0|1|0|6116|14992|11766|21952|NA|34|8|78|4893492|62737.0769230769|0
"390572001042"|0|1|1|0|0|1|0|1|1|1|0|0|0|0|1|9469|18887|14298|24286|12000|863|301|994|86635786|87158.7384305835|0
"390572403024"|0|1|0|0|0|0|0|1|0|0|0|1|1|0|0|NA|NA|NA|NA|NA|0|0|0|0|NA|0
"390572406002"|0|1|1|1|0|0|0|2|2|2|0|0|1|1|0|NA|NA|NA|NA|NA|297|88|216|12736122|105022.332038835|0
"390572406003"|0|1|1|1|0|0|0|1|1|1|0|0|1|0|0|12020|12020|12830|12830|7000|66|9|40|1948952|48723.8|0
"390572550004"|0|1|0|0|0|0|0|1|1|1|0|0|1|0|0|35461|35461|NA|NA|7640|63|6|32|1755196|54849.875|0
"390572601002"|0|1|1|0|0|0|0|1|1|1|0|0|0|1|0|32364|32364|9065|9065|7922|326|133|454|33809616|74470.5198237885|0
"390572802001"|0|3|4|0|0|0|0|4|3|3|0|0|3|0|0|NA|NA|NA|NA|NA|123|30|34|3044230|NA|0
"390572803002"|0|0|1|0|0|0|0|0|0|1|0|0|0|1|0|NA|NA|18048|18048|NA|0|0|0|0|NA|0
"390610010003"|0|1|1|0|0|0|0|1|1|1|0|0|1|0|0|32964|32964|10648|10648|9500|32|14|22|1021094|46413.3636363636|0
"390610018002"|0|1|1|0|0|0|0|1|1|1|0|0|1|0|0|6000|6000|7920|7920|4250|37|11|40|455662|11391.55|0
"390610023001"|0|1|0|0|0|0|0|1|1|1|0|0|0|1|0|14236|14236|NA|NA|NA|31|9|86|5961202|69316.3023255814|0
"390610029022"|0|1|0|0|0|0|0|1|1|1|0|0|1|0|0|13605|13605|NA|NA|NA|19|1|60|4974308|82905.1333333333|0
"390610030002"|0|1|1|0|0|1|0|1|1|1|0|0|0|0|1|9723|25057|13224|24966|11874|3009|519|2762|268062614|97053.8066618392|0
"390610057012"|0|1|0|0|0|0|0|1|1|0|0|1|1|0|0|NA|NA|NA|NA|NA|0|0|0|0|NA|0
"390610065012"|0|1|1|0|0|0|0|1|1|1|0|0|0|1|0|42230|42230|12060|12060|13310|571|194|804|64174814|79819.42039801|0
"390610072001"|0|1|0|0|0|0|0|1|1|1|0|0|0|1|0|4050|8100|NA|NA|NA|217|74|306|20809356|68004.431372549|0
"390610207014"|0|1|0|0|0|0|0|1|1|0|0|1|1|0|0|NA|NA|NA|NA|NA|0|0|0|0|NA|0
"390610207621"|0|1|0|0|0|0|0|1|1|0|0|1|1|0|0|NA|NA|NA|NA|NA|0|0|0|0|NA|0
"390610213043"|0|1|1|0|0|0|0|1|1|1|0|0|0|1|0|31100|31100|13232|13232|10220|227|76|194|13930714|71807.8041237113|0
"390610222002"|0|1|0|0|0|0|0|1|1|1|0|0|1|0|0|19975|19975|NA|NA|NA|6|3|8|544000|68000|0
"390610223012"|0|1|0|0|0|0|0|1|1|0|0|1|1|0|0|NA|NA|NA|NA|NA|0|0|0|0|NA|0
"390610223013"|0|1|0|0|0|0|0|1|1|1|1|0|1|0|0|12420|12420|NA|NA|NA|14|2|14|967300|69092.8571428571|0
"390610223023"|0|1|0|0|0|0|0|1|1|1|0|0|0|1|0|NA|NA|NA|NA|NA|21|4|52|3611388|69449.7692307692|0
"390610230012"|0|1|0|0|0|0|0|1|1|1|1|0|1|0|0|14214|14214|NA|NA|NA|19|8|38|2446520|64382.1052631579|0
"390610230013"|0|2|0|0|0|0|0|2|1|0|0|2|2|0|0|NA|NA|NA|NA|NA|0|0|0|0|NA|0
"390610235013"|0|1|0|0|0|0|0|1|1|1|0|0|0|1|0|5413|14211|NA|NA|11874|102|17|344|26634504|77425.8837209302|0
"390610250015"|0|1|1|0|0|0|0|1|0|1|0|0|1|0|0|NA|NA|21250|21250|NA|29|6|12|751780|62648.3333333333|0
"390610255001"|0|1|0|0|0|0|0|1|1|0|0|1|1|0|0|NA|NA|NA|NA|NA|0|0|0|0|NA|0
"390610270002"|0|1|1|0|0|0|0|1|1|1|0|0|1|0|0|15510|15510|16692|16692|NA|89|27|36|2409174|66921.5|0
"390630009025"|0|1|2|0|0|0|0|2|2|2|0|0|1|1|0|NA|NA|32230|32230|NA|328|123|450|33998490|127717.648401826|0
"390650004011"|0|1|1|0|0|0|0|1|1|1|0|0|0|1|0|33470|33470|29250|29250|12400|280|130|430|34488892|80206.7255813954|0
"390690002003"|0|2|0|0|0|0|0|2|2|1|1|1|1|1|0|NA|NA|NA|NA|NA|88|27|72|4326376|NA|0
"390719548001"|0|1|0|0|0|0|0|1|1|1|1|0|0|1|0|4832|9138|NA|NA|NA|64|26|84|5176738|61627.8333333333|0
"390779156003"|0|1|0|0|0|0|0|1|1|0|0|1|1|0|0|NA|NA|NA|NA|NA|0|0|0|0|NA|0
"390810002001"|0|1|1|0|0|0|0|1|1|1|0|0|0|1|0|29720|29720|12600|12600|8870|213|87|252|18664456|74065.3015873016|0
"390810010001"|0|2|0|0|0|0|0|2|2|1|1|1|1|0|1|13631|18328|NA|NA|NA|180|39|134|7224788|NA|0
"390830073011"|0|1|0|0|0|0|0|1|1|1|0|0|0|1|0|54720|54720|NA|NA|12830|389|73|410|33687236|82163.9902439024|0
"390830075001"|0|2|1|0|0|0|0|2|2|1|0|1|1|1|0|NA|NA|NA|NA|NA|226|74|116|6614724|NA|0
"390852009002"|0|1|1|0|0|0|0|1|1|1|0|0|1|0|0|13000|13000|13000|13000|3000|10|0|10|365062|36506.2|0
"390852020003"|0|1|0|0|0|0|0|1|1|0|0|1|1|0|0|13500|13500|NA|NA|NA|0|0|0|0|NA|0
"390852034001"|0|1|0|0|0|0|0|1|1|0|0|1|1|0|0|NA|NA|NA|NA|NA|0|0|0|0|NA|0
"390852037003"|0|1|0|0|0|0|0|1|1|1|1|0|0|1|0|3942|8748|NA|NA|NA|211|71|252|23131478|91791.5793650794|0
"390852043041"|0|1|1|0|0|0|0|1|1|1|0|0|1|0|0|31736|31736|11412|11412|10160|106|38|94|5915526|62931.1276595745|0
"390852051001"|0|1|0|0|0|0|0|1|1|0|0|1|1|0|0|NA|NA|NA|NA|NA|0|0|0|0|NA|0
"390870502001"|0|1|0|0|0|0|0|1|1|1|0|0|0|1|0|5674|8666|NA|NA|NA|19|13|60|3755888|62598.1333333333|0
"390870510011"|0|1|0|0|0|0|0|1|1|0|0|1|1|0|0|NA|NA|NA|NA|NA|0|0|0|0|NA|0
"390870510012"|0|1|1|0|0|0|0|1|1|1|0|0|1|0|0|8400|8400|NA|NA|NA|2|0|0|0|NA|0
"390870513003"|0|1|0|0|0|0|0|1|1|0|0|1|1|0|0|NA|NA|NA|NA|NA|0|0|0|0|NA|0
"390897531001"|0|1|0|0|0|0|0|1|1|0|0|1|1|0|0|NA|NA|NA|NA|NA|0|0|0|0|NA|0
"390897539001"|0|2|1|0|0|0|0|2|2|2|1|0|0|2|0|12767|37511|NA|NA|NA|167|68|214|16993442|160726.710415201|0
"390897541031"|0|1|0|0|0|0|0|1|1|0|0|1|1|0|0|NA|NA|NA|NA|NA|0|0|0|0|NA|0
"390897577022"|0|1|0|0|0|0|0|1|1|1|0|0|0|1|0|55420|55420|NA|NA|13720|498|146|494|41801554|84618.5303643725|0
"390930281001"|0|1|0|0|0|0|0|1|1|1|1|0|1|0|0|8820|8820|NA|NA|NA|11|1|24|1200018|50000.75|0
"390930601002"|0|1|1|0|0|0|0|1|1|1|0|0|0|1|0|57654|57654|28827|28827|17334|633|194|590|53541122|90747.6644067797|0
"390930701021"|0|1|0|0|0|0|0|1|1|1|0|0|0|0|1|3942|7882|NA|NA|NA|315|116|230|17333572|75363.3565217391|0
"390930703002"|0|1|0|0|0|0|0|1|1|0|0|1|1|0|0|NA|NA|NA|NA|NA|0|0|0|0|NA|0
"390930902001"|0|1|0|0|0|0|0|1|1|0|0|1|1|0|0|NA|NA|NA|NA|NA|0|0|0|0|NA|0
"390930931002"|0|1|0|0|0|0|0|1|1|0|0|1|1|0|0|NA|NA|NA|NA|NA|0|0|0|0|NA|0
"390930973001"|0|1|0|0|0|0|0|1|1|0|0|1|1|0|0|NA|NA|NA|NA|NA|0|0|0|0|NA|0
"390950007031"|0|1|0|0|0|0|0|1|1|0|0|1|1|0|0|NA|NA|NA|NA|NA|0|0|0|0|NA|0
"390950027001"|0|1|1|0|0|0|0|1|1|1|0|0|0|1|0|16200|16200|15888|15888|NA|70|10|128|9314786|72771.765625|0
"390950028002"|0|1|0|0|0|0|0|1|1|1|1|0|1|0|0|12600|12600|NA|NA|NA|7|0|6|85440|14240|0
"390950060001"|0|1|0|0|0|0|0|1|1|1|1|0|1|0|0|8500|8500|NA|NA|NA|1|0|2|130000|65000|0
"390950071042"|0|2|0|0|0|0|0|2|2|2|2|0|2|0|0|28251|28251|NA|NA|NA|49|13|80|3674102|91852.55|0
"390950072042"|0|1|0|0|0|0|0|1|1|1|1|0|1|0|0|NA|NA|NA|NA|NA|13|3|12|770000|64166.6666666667|0
"390950081002"|0|1|0|0|0|0|0|1|1|1|1|0|1|0|0|NA|NA|NA|NA|NA|10|0|6|282000|47000|0
"390950082071"|0|1|1|0|0|0|0|1|1|1|0|0|0|1|0|23600|23600|13561|13561|10960|108|57|116|5965340|51425.3448275862|0
"390950083043"|0|1|0|0|0|0|0|1|1|0|0|1|1|0|0|NA|NA|NA|NA|NA|0|0|0|0|NA|0
"390950092051"|0|1|0|0|0|0|0|1|1|0|0|1|1|0|0|NA|NA|NA|NA|NA|0|0|0|0|NA|0
"390950100024"|0|1|0|0|0|0|0|1|1|0|0|1|1|0|0|NA|NA|NA|NA|NA|0|0|0|0|NA|0
"390950104001"|0|1|1|0|1|1|0|1|1|1|0|0|0|0|1|8736|18096|14398|25266|12590|1338|366|1310|115021856|87802.9435114504|0
"390970401011"|0|1|0|0|0|0|0|1|1|1|1|0|1|0|0|8400|8400|NA|NA|5650|11|3|2|80600|40300|0
"390998120021"|0|1|0|0|0|0|0|1|1|0|0|1|1|0|0|NA|NA|NA|NA|NA|0|0|0|0|NA|0
"390998122001"|0|1|0|0|0|0|0|1|1|0|0|1|1|0|0|NA|NA|NA|NA|NA|0|0|0|0|NA|0
"390998128004"|0|1|0|0|0|0|0|1|1|0|0|1|1|0|0|NA|NA|NA|NA|NA|0|0|0|0|NA|0
"390998137004"|0|1|0|0|0|0|0|1|1|0|0|1|1|0|0|7200|7200|NA|NA|NA|0|0|0|0|NA|0
"390998140003"|0|1|1|0|0|0|0|1|1|1|0|0|0|0|1|8966|9326|6072|9072|9700|607|251|754|58350762|77388.2785145889|0
"391010010001"|0|2|0|0|0|0|0|2|2|2|1|0|0|2|0|12931|38795|NA|NA|NA|126|27|186|13185680|146877.183880309|0
"391010101001"|0|1|0|0|0|0|0|1|1|0|0|1|1|0|0|NA|NA|NA|NA|NA|0|0|0|0|NA|0
"391034060002"|0|1|0|0|0|0|0|1|1|0|0|1|1|0|0|NA|NA|NA|NA|NA|0|0|0|0|NA|0
"391034081022"|0|1|0|0|0|0|0|1|1|0|0|1|1|0|0|NA|NA|NA|NA|NA|0|0|0|0|NA|0
"391034152001"|0|1|0|0|0|0|0|1|1|0|0|1|1|0|0|NA|NA|NA|NA|NA|0|0|0|0|NA|0
"391079676003"|0|1|0|0|0|0|0|1|1|1|0|0|0|1|0|6337|15755|14298|24286|11300|0|0|0|0|NA|0
"391093001002"|0|2|0|0|0|0|0|2|2|1|1|1|1|1|0|NA|NA|NA|NA|NA|84|24|92|4613700|NA|0
"391093650022"|0|1|0|0|0|0|0|1|1|0|0|1|1|0|0|NA|NA|NA|NA|NA|0|0|0|0|NA|0
"391130015013"|0|1|0|0|0|0|0|1|1|1|0|0|0|0|1|3649|7396|NA|NA|NA|573|209|640|44763582|69943.096875|0
"391130025001"|0|1|0|0|0|0|0|1|1|1|1|0|1|0|0|15420|15420|NA|NA|NA|7|2|6|251740|41956.6666666667|0
"391130034031"|0|1|1|0|0|0|0|1|1|1|0|0|0|0|1|44890|44890|17730|17730|14580|2051|404|1296|111933356|86368.3302469136|0
"391130035003"|0|1|0|0|0|0|0|1|1|1|1|0|1|0|0|NA|NA|NA|NA|NA|6|2|6|224130|37355|0
"391130202002"|0|1|1|0|0|0|0|1|1|1|0|0|1|0|0|13824|13824|39761|39761|7932|47|13|120|11172798|93106.65|0
"391130204005"|0|1|0|0|0|0|0|1|1|0|0|1|1|0|0|17545|17545|NA|NA|NA|0|0|0|0|NA|0
"391130216012"|0|1|0|0|0|0|0|1|1|1|0|0|1|0|0|27399|27399|NA|NA|NA|16|4|26|1556204|59854|0
"391130404031"|0|1|0|0|0|0|0|1|1|0|0|1|1|0|0|NA|NA|NA|NA|NA|0|0|0|0|NA|0
"391130501071"|0|1|0|0|0|0|0|1|1|0|0|1|1|0|0|NA|NA|NA|NA|NA|0|0|0|0|NA|0
"391130706001"|0|0|1|0|0|0|0|1|1|1|0|0|1|0|0|NA|NA|13954|13954|NA|27|9|24|1819380|75807.5|0
"391130903041"|0|1|0|0|0|0|0|1|1|0|0|1|1|0|0|NA|NA|NA|NA|NA|0|0|0|0|NA|0
"391131001011"|0|1|0|0|0|0|0|1|1|0|0|1|1|0|0|13700|13700|NA|NA|NA|0|0|0|0|NA|0
"391131102021"|0|1|0|0|0|0|0|1|1|0|0|1|1|0|0|NA|NA|NA|NA|NA|0|0|0|0|NA|0
"391131201012"|0|1|0|0|0|0|0|1|0|0|0|1|1|0|0|NA|NA|NA|NA|NA|0|0|0|0|NA|0
"391199115001"|0|2|0|0|0|0|0|2|2|2|0|0|0|2|0|11044|19196|NA|NA|NA|80|26|128|7834604|125471.445445445|0
"391199127003"|0|1|0|0|0|0|0|1|1|0|0|1|1|0|0|NA|NA|NA|NA|NA|0|0|0|0|NA|0
"391199128003"|0|1|1|0|0|0|0|1|1|1|0|0|0|1|0|28700|28700|10260|10260|11860|175|49|178|11906446|66890.1460674157|0
"391290211021"|0|1|1|0|0|0|0|1|1|1|0|0|0|1|0|14400|14400|8922|8922|8568|112|32|190|3313658|17440.3052631579|0
"391319523004"|0|1|0|0|0|0|0|1|0|0|0|1|1|0|0|NA|NA|NA|NA|NA|0|0|0|0|NA|0
"391336001021"|0|1|1|0|0|0|0|1|1|1|0|0|0|1|0|24500|24500|6612|6612|10290|123|53|130|7378540|56758|0
"391336010002"|0|1|0|0|0|0|0|1|1|0|0|1|1|0|0|NA|NA|NA|NA|NA|0|0|0|0|NA|0
"391336015021"|0|1|1|0|0|0|0|1|1|1|0|0|0|0|1|10810|19686|11766|21952|12084|1982|392|1860|161813898|86996.7193548387|0
"391336015033"|0|1|0|0|0|0|0|1|1|0|0|1|1|0|0|NA|NA|NA|NA|NA|0|0|0|0|NA|0
"391336018021"|0|0|1|0|0|1|0|1|1|1|0|0|1|0|0|NA|NA|6996|6996|NA|225|14|44|5320812|120927.545454545|0
"391390009002"|0|1|0|0|0|0|0|1|1|0|0|1|1|0|0|NA|NA|NA|NA|NA|0|0|0|0|NA|0
"391390023001"|0|2|0|0|0|0|0|2|2|2|0|0|0|2|0|13079|40151|NA|NA|NA|145|54|154|9556726|129700.316666667|0
"391390024002"|0|2|0|0|0|0|0|2|2|0|0|2|2|0|0|NA|NA|NA|NA|NA|0|0|0|0|NA|0
"391390028002"|0|1|0|0|0|0|0|1|1|0|0|1|1|0|0|NA|NA|NA|NA|NA|0|0|0|0|NA|0
"391419556041"|0|1|0|0|0|0|0|1|1|0|0|1|1|0|0|NA|NA|NA|NA|NA|0|0|0|0|NA|0
"391419562001"|0|1|0|0|0|0|0|1|1|1|0|0|0|1|0|5674|8666|NA|NA|NA|25|11|80|5083396|63542.45|0
"391439616001"|0|2|0|0|0|0|0|2|2|1|1|1|1|1|0|NA|NA|NA|NA|NA|82|9|66|3857554|NA|0
"391450025003"|0|1|0|0|0|0|0|1|1|0|0|1|1|0|0|NA|NA|NA|NA|NA|0|0|0|0|NA|0
"391450034004"|0|1|0|0|0|0|0|1|1|0|0|1|1|0|0|NA|NA|NA|NA|NA|0|0|0|0|NA|0
"391450036001"|0|1|1|0|0|0|0|1|1|1|0|0|0|1|0|8604|14647|10156|18256|10862|186|67|272|16297444|59917.0735294118|0
"391479635004"|0|1|1|0|0|0|0|1|1|1|0|0|0|1|0|27210|27210|12600|12600|11710|184|83|136|8543466|62819.6029411765|0
"391479636002"|0|1|1|0|0|0|0|1|1|1|0|0|0|1|0|31700|31700|13390|13390|10900|164|64|124|7307768|58933.6129032258|0
"391479636003"|0|1|0|0|0|0|0|1|1|0|0|1|1|0|0|NA|NA|NA|NA|NA|0|0|0|0|NA|0
"391517007024"|0|1|1|0|0|0|0|1|1|1|0|0|0|1|0|31416|31416|11250|11250|9900|134|62|118|6809870|57710.7627118644|0
"391517013001"|0|1|0|0|0|0|0|1|1|1|0|0|1|0|0|17850|17850|NA|NA|NA|35|2|24|1475166|61465.25|0
"391517013003"|0|1|0|0|0|0|0|1|1|0|0|1|1|0|0|NA|NA|NA|NA|NA|0|0|0|0|NA|0
"391517107001"|0|2|1|0|0|0|0|2|2|1|0|1|1|1|0|NA|NA|NA|NA|NA|251|76|288|21161206|NA|0
"391517108004"|0|1|0|0|0|0|0|1|1|0|0|1|1|0|0|NA|NA|NA|NA|NA|0|0|0|0|NA|0
"391517113213"|0|2|1|0|0|0|0|2|2|2|1|0|0|1|1|9152|21124|NA|NA|NA|303|83|550|37636876|138498.572857143|0
"391517113222"|0|1|0|0|0|0|0|1|1|1|1|0|1|0|0|NA|NA|NA|NA|NA|8|1|12|740678|61723.1666666667|0
"391517122011"|0|1|1|0|0|0|0|1|1|1|0|0|0|1|0|29910|29910|13410|13410|11140|214|97|214|13926404|65076.6542056075|0
"391517122012"|0|1|0|0|0|0|0|1|1|0|0|1|1|0|0|NA|NA|NA|NA|NA|0|0|0|0|NA|0
"391535071012"|0|1|0|0|0|0|0|1|1|0|0|1|1|0|0|NA|NA|NA|NA|NA|0|0|0|0|NA|0
"391535089002"|0|1|1|0|0|0|0|1|1|1|0|0|0|0|1|9596|15500|8306|13812|12296|1102|320|952|90180732|94727.6596638655|0
"391535201054"|0|1|0|0|0|0|0|1|1|1|1|0|1|0|0|14227|14227|NA|NA|NA|23|10|18|1156864|64270.2222222222|0
"391535301045"|0|1|0|0|0|0|0|1|1|0|0|1|1|0|0|NA|NA|NA|NA|NA|0|0|0|0|NA|0
"391535314072"|0|1|0|0|0|0|0|1|1|0|0|1|1|0|0|NA|NA|NA|NA|NA|0|0|0|0|NA|0
"391535318023"|0|1|0|0|0|0|0|1|1|1|0|0|1|0|0|13320|13320|NA|NA|NA|12|3|18|1269272|70515.1111111111|0
"391559308002"|0|2|1|0|0|0|0|2|2|1|0|1|1|1|0|NA|NA|NA|NA|NA|42|13|86|6368258|NA|0
"391559327014"|0|1|0|0|0|0|0|1|1|1|1|0|1|0|0|9960|9960|NA|NA|NA|11|1|20|720000|36000|0
"391559329001"|0|3|0|0|0|0|0|3|3|0|0|3|3|0|0|NA|NA|NA|NA|NA|0|0|0|0|NA|0
"391570210003"|0|1|0|0|0|0|0|1|1|0|0|1|1|0|0|NA|NA|NA|NA|NA|0|0|0|0|NA|0
"391570210004"|0|1|0|0|0|0|0|1|1|1|0|0|0|1|0|6116|14992|NA|NA|NA|55|13|96|6394844|66612.9583333333|0
"391610206002"|0|1|0|0|0|0|0|1|1|0|0|1|1|0|0|NA|NA|NA|NA|NA|0|0|0|0|NA|0
"391650308001"|0|1|0|0|0|0|0|1|1|0|0|1|1|0|0|NA|NA|NA|NA|NA|0|0|0|0|NA|0
"391650314002"|0|1|0|0|0|0|0|1|1|0|0|1|1|0|0|NA|NA|NA|NA|NA|0|0|0|0|NA|0
"391670203001"|0|1|0|0|0|0|0|1|1|0|0|1|1|0|0|NA|NA|NA|NA|NA|0|0|0|0|NA|0
"391670205002"|0|1|1|0|0|0|0|1|1|1|0|0|0|1|0|35030|35030|12600|12600|11548|234|93|224|15574602|69529.4732142857|0
"391670210003"|0|1|0|0|0|0|0|1|1|1|1|0|0|1|0|3960|3984|NA|NA|NA|54|16|86|4656110|54140.8139534884|0
"391690005002"|0|1|0|0|0|0|0|1|1|1|1|0|1|0|0|7951|29935|NA|NA|9424|44|19|50|4473554|89471.08|0
"391690009002"|0|1|0|0|0|0|0|1|0|0|0|1|1|0|0|NA|NA|NA|NA|NA|0|0|0|0|NA|0
"391690010002"|0|1|0|0|0|0|0|1|1|1|1|0|0|1|0|5940|12613|NA|NA|NA|39|15|6|410764|68460.6666666667|0
"391699800001"|0|1|0|0|0|0|0|1|1|1|0|0|0|1|0|53550|53550|NA|NA|12750|402|100|366|26380252|72077.1912568306|0
"391730203003"|0|1|0|0|0|0|0|1|1|0|0|1|1|0|0|NA|NA|NA|NA|NA|0|0|0|0|NA|0
"391730204012"|0|1|0|0|0|0|0|1|1|0|0|1|1|0|0|NA|NA|NA|NA|NA|0|0|0|0|NA|0
"391730206011"|0|1|0|0|0|0|0|1|1|0|0|1|1|0|0|NA|NA|NA|NA|NA|0|0|0|0|NA|0
"391730207011"|0|1|0|0|0|0|0|1|1|1|1|0|0|1|0|4464|8928|NA|NA|NA|335|114|228|13784462|60458.1666666667|0
"391730218002"|0|1|1|0|0|0|0|1|1|1|0|0|0|0|1|9463|17452|8017|14009|10714|1150|393|1430|127930226|89461.6965034965|0
"400137961022"|0|1|0|0|0|0|0|1|1|0|0|1|1|0|0|NA|NA|NA|NA|NA|0|0|0|0|NA|0
"400137962003"|0|1|1|0|0|0|0|1|1|1|0|0|0|1|0|6240|14880|4716|10872|6800|287|115|238|16204016|68084.1008403361|0
"400137963001"|0|1|0|0|0|0|0|1|1|0|0|1|1|0|0|NA|NA|NA|NA|NA|0|0|0|0|NA|0
"400151619002"|0|1|0|0|0|0|0|1|1|0|0|1|1|0|0|NA|NA|NA|NA|NA|0|0|0|0|NA|0
"400173002024"|0|1|0|0|0|0|0|1|1|0|0|1|0|1|0|NA|NA|NA|NA|NA|0|0|0|0|NA|0
"400173007011"|0|1|0|0|0|0|0|1|1|1|1|0|0|1|0|4645|7211|NA|NA|6710|68|23|64|3292724|51448.8125|0
"400173013021"|0|1|0|0|0|0|0|1|1|0|0|1|1|0|0|NA|NA|NA|NA|NA|0|0|0|0|NA|0
"400198928021"|0|1|0|0|0|0|0|1|1|0|0|1|1|0|0|NA|NA|NA|NA|NA|0|0|0|0|NA|0
"400198930021"|0|1|0|0|0|0|0|1|0|0|0|0|0|0|0|NA|NA|NA|NA|NA|0|0|0|0|NA|0
"400219779021"|0|1|1|0|0|0|0|1|1|1|0|0|0|1|0|5913|14313|4500|9999|7990|523|172|570|38958754|68348.6912280702|0
"400219781001"|0|1|0|0|0|0|0|1|1|0|0|1|1|0|0|NA|NA|NA|NA|NA|0|0|0|0|NA|0
"400272012022"|0|1|1|0|0|0|0|1|1|1|0|0|0|0|1|4788|20169|6943|21602|11324|4230|997|2604|257559976|98909.3609831029|0
"400272015095"|0|1|0|0|0|0|0|1|1|0|0|1|0|1|0|NA|NA|NA|NA|NA|0|0|0|0|NA|0
"400272016102"|0|1|1|0|0|0|0|1|1|1|0|0|0|1|0|17568|17568|14832|14832|8392|118|24|62|3270742|52753.9032258065|0
"400272021022"|0|1|0|0|0|0|0|1|1|0|0|1|1|0|0|NA|NA|NA|NA|NA|0|0|0|0|NA|0
"400272022083"|0|1|1|0|0|0|0|1|1|1|0|0|1|0|0|11200|11200|8550|8550|8008|16|2|26|965466|37133.3076923077|0
"400310005051"|0|1|0|0|0|0|0|1|1|0|0|1|1|0|0|NA|NA|NA|NA|NA|0|0|0|0|NA|0
"400310014002"|0|1|1|0|0|0|0|1|1|1|0|0|0|1|0|4740|14160|3564|10278|5670|261|98|256|14748220|57610.234375|0
"400310025002"|0|1|0|0|0|0|0|1|1|0|0|1|1|0|0|NA|NA|NA|NA|NA|0|0|0|0|NA|0
"400310025003"|0|1|0|0|0|0|0|1|1|0|0|1|1|0|0|NA|NA|NA|NA|NA|0|0|0|0|NA|0
"400370208001"|0|1|0|0|0|0|0|1|1|0|0|1|0|1|0|NA|NA|NA|NA|NA|0|0|0|0|NA|0
"400399606004"|0|1|1|0|0|0|0|1|1|1|0|0|0|1|0|6368|13478|6294|12966|6230|304|84|408|28053766|68759.2303921569|0
"400413761002"|0|1|0|0|0|0|0|1|0|0|0|0|0|0|0|NA|NA|NA|NA|NA|0|0|0|0|NA|0
"400470013013"|0|1|0|0|0|0|0|1|1|0|0|1|1|0|0|NA|NA|NA|NA|NA|0|0|0|0|NA|0
"400470014021"|0|1|0|0|0|0|0|1|1|0|0|1|1|0|0|NA|NA|NA|NA|NA|0|0|0|0|NA|0
"400510005012"|0|1|0|0|0|0|0|1|1|1|0|0|1|0|0|6390|17250|NA|NA|6030|90|39|92|5168830|56182.9347826087|0
"400634846002"|0|1|0|0|0|0|0|1|1|0|0|1|1|0|0|NA|NA|NA|NA|NA|0|0|0|0|NA|0
"400659684001"|0|2|0|0|0|0|0|2|2|1|1|1|1|1|0|NA|NA|NA|NA|NA|60|17|50|2412554|NA|0
"400696602011"|0|1|0|0|0|0|0|1|1|1|1|0|0|1|0|4611|9745|NA|NA|6400|87|49|108|5241172|48529.3703703704|0
"400710001006"|0|1|0|0|0|0|0|1|1|0|0|1|1|0|0|NA|NA|NA|NA|NA|0|0|0|0|NA|0
"400710002022"|0|1|0|0|0|0|0|1|1|0|0|1|1|0|0|NA|NA|NA|NA|NA|0|0|0|0|NA|0
"400710011001"|0|1|0|0|0|0|0|1|1|1|1|0|0|1|0|2580|7992|NA|NA|6280|147|37|184|9511598|51693.4673913043|0
"400739582001"|0|1|0|0|0|0|0|1|1|0|0|1|1|0|0|NA|NA|NA|NA|NA|0|0|0|0|NA|0
"400770872003"|0|1|0|0|0|0|0|1|1|1|1|0|0|1|0|3463|7080|NA|NA|5917|141|52|70|2961112|42301.6|0
"400790404021"|0|1|0|0|0|0|0|1|1|1|1|0|0|1|0|2737|6862|NA|NA|4000|135|68|92|4494676|48855.1739130435|0
"400836006001"|0|1|1|1|0|0|0|1|1|1|0|0|0|1|0|4342|11722|3355|8421|10513|190|77|234|13996588|59814.4786324786|0
"400874002011"|0|1|0|0|0|0|0|1|1|0|0|1|1|0|0|NA|NA|NA|NA|NA|0|0|0|0|NA|0
"400890986005"|0|1|0|0|0|0|0|1|1|0|0|1|1|0|0|NA|NA|NA|NA|NA|0|0|0|0|NA|0
"400970401001"|0|1|0|0|0|0|0|1|1|0|0|1|0|1|0|NA|NA|NA|NA|NA|0|0|0|0|NA|0
"400970403002"|0|1|0|0|0|0|0|1|0|0|0|0|0|0|0|NA|NA|NA|NA|NA|0|0|0|0|NA|0
"401010008021"|0|1|0|0|0|0|0|1|1|1|0|0|1|0|0|12000|12000|NA|NA|8600|29|9|32|1751180|54724.375|0
"401010013012"|0|1|0|0|0|0|0|1|1|0|0|1|0|1|0|NA|NA|NA|NA|NA|0|0|0|0|NA|0
"401010015013"|0|1|0|0|0|0|0|1|1|1|1|0|0|1|0|2400|6258|NA|NA|7628|68|25|92|4297936|46716.6956521739|0
"401091010004"|0|1|1|0|0|0|0|1|1|1|0|0|0|1|0|28094|28094|10620|10620|9486|318|144|382|26576718|69572.5602094241|0
"401091052021"|0|1|0|0|0|0|0|1|1|0|0|1|0|1|0|NA|NA|NA|NA|NA|0|0|0|0|NA|0
"401091068011"|0|1|1|0|0|0|0|1|1|1|0|0|0|1|0|25140|25140|13800|13800|10300|183|76|146|9242548|63305.1232876712|0
"401091070024"|0|1|0|0|0|0|0|1|1|1|0|0|0|1|0|3630|9468|NA|NA|NA|176|69|162|9144124|56445.2098765432|0
"401091072126"|0|1|0|0|0|0|0|1|1|1|1|0|0|0|1|3025|8776|NA|NA|NA|292|61|234|12833716|54844.9401709402|0
"401091072221"|0|1|0|0|0|0|0|1|1|0|0|1|1|0|0|NA|NA|NA|NA|NA|0|0|0|0|NA|0
"401091076013"|0|1|0|0|0|0|0|1|1|1|1|0|0|1|0|3778|10155|NA|NA|9573|196|87|242|12135772|50147.8181818182|0
"401091077072"|0|1|0|0|0|0|0|1|1|0|0|1|1|0|0|NA|NA|NA|NA|NA|0|0|0|0|NA|0
"401091082073"|0|1|1|0|0|0|0|1|1|1|0|0|0|0|1|6686|17573|7000|17008|8292|861|365|1114|77668474|69720.3536804309|0
"401091083203"|0|1|1|0|0|0|0|1|1|1|0|0|0|1|0|24550|24550|11250|11250|7900|160|69|172|10421104|60587.8139534884|0
"401091083261"|0|1|0|0|0|0|0|1|1|1|1|0|1|0|0|NA|NA|NA|NA|NA|19|3|32|1469162|45911.3125|0
"401091083262"|0|2|0|0|0|0|0|2|2|0|0|2|2|0|0|NA|NA|NA|NA|NA|0|0|0|0|NA|0
"401091085281"|0|1|0|0|0|0|0|1|1|0|0|1|0|1|0|NA|NA|NA|NA|NA|0|0|0|0|NA|0
"401091088043"|0|1|0|0|0|0|0|1|1|0|0|1|1|0|0|NA|NA|NA|NA|NA|0|0|0|0|NA|0
"401099800081"|0|1|1|0|0|1|0|1|1|1|0|0|0|1|0|4788|20169|5119|19778|NA|1319|271|494|49898776|101009.668016194|0
"401110001003"|0|3|0|0|0|0|1|3|3|2|1|1|2|1|0|NA|NA|NA|NA|NA|255|64|198|11272156|NA|0
"401155746001"|0|1|0|0|0|0|0|1|1|1|1|0|0|1|0|2970|9120|NA|NA|6350|91|47|94|4709686|50103.0425531915|0
"401155748001"|0|1|0|0|0|0|0|1|0|0|0|0|0|0|0|NA|NA|NA|NA|NA|0|0|0|0|NA|0
"401190104001"|0|1|1|0|0|1|0|1|1|1|0|0|0|0|1|5357|20877|5531|21034|9340|3689|1214|2508|227423510|90679.2304625199|0
"401190109024"|0|1|0|0|0|0|0|1|1|0|0|1|1|0|0|NA|NA|NA|NA|NA|0|0|0|0|NA|0
"401214861005"|0|1|0|0|0|0|0|1|1|0|0|1|1|0|0|NA|NA|NA|NA|NA|0|0|0|0|NA|0
"401214865001"|0|1|0|0|0|0|0|1|1|0|0|1|1|0|0|NA|NA|NA|NA|NA|0|0|0|0|NA|0
"401230889004"|0|1|1|0|0|0|0|1|1|1|0|0|0|1|0|5648|15008|4298|10726|7538|274|115|282|16553866|58701.6524822695|0
"401230890003"|0|1|0|0|0|0|0|1|1|0|0|1|1|0|0|NA|NA|NA|NA|NA|0|0|0|0|NA|0
"401255005002"|0|1|1|0|0|0|0|1|1|1|0|0|0|1|0|27912|27912|9900|9900|8008|110|25|198|13252782|66933.2424242424|0
"401255006003"|0|1|0|0|0|0|0|1|1|0|0|1|1|0|0|NA|NA|NA|NA|NA|0|0|0|0|NA|0
"401255009011"|0|1|0|0|0|0|0|1|1|0|0|1|1|0|0|NA|NA|NA|NA|NA|0|0|0|0|NA|0
"401255009021"|0|1|1|0|0|0|0|1|1|1|0|0|1|0|0|6450|6450|6600|6600|9264|5|0|2|32294|16147|0
"401310501051"|0|1|0|0|0|0|0|1|0|0|0|0|0|0|0|NA|NA|NA|NA|NA|0|0|0|0|NA|0
"401310501053"|0|1|1|0|0|0|0|1|1|1|0|0|0|1|0|4560|12900|4980|13470|9814|185|87|192|11192960|58296.6666666667|0
"401335834001"|0|1|0|0|0|0|0|1|1|1|1|0|0|1|0|3120|9360|NA|NA|7070|86|43|78|3578618|45879.7179487179|0
"401370001023"|0|1|0|0|0|0|0|1|1|0|0|1|1|0|0|NA|NA|NA|NA|NA|0|0|0|0|NA|0
"401399507003"|0|1|0|0|0|0|0|1|1|1|0|0|0|1|0|3696|4440|NA|NA|5872|64|30|86|3853214|44804.8139534884|0
"401430021001"|0|1|1|0|0|0|0|1|1|1|0|0|0|1|0|42950|42950|23580|23580|12062|709|270|618|59169622|95743.7249190938|0
"401430021003"|0|1|0|0|0|0|0|1|1|1|1|0|1|0|0|NA|NA|NA|NA|NA|30|4|32|2090370|65324.0625|0
"401430046004"|0|0|1|0|1|1|0|1|1|1|0|0|0|1|0|NA|NA|5530|21033|NA|0|0|0|0|NA|0
"401430059002"|0|0|1|0|0|0|0|1|1|1|0|0|1|0|0|NA|NA|11520|11520|NA|31|7|24|1781440|74226.6666666667|0
"401430067033"|0|1|0|0|0|0|0|1|1|0|0|1|1|0|0|NA|NA|NA|NA|NA|0|0|0|0|NA|0
"401430070002"|0|1|0|0|0|0|0|1|1|1|1|0|0|0|1|2701|8101|NA|NA|NA|556|227|560|37108052|66264.3785714286|0
"401430073124"|0|1|0|0|0|0|0|1|1|0|0|1|1|0|0|NA|NA|NA|NA|NA|0|0|0|0|NA|0
"401430074111"|0|1|0|0|0|0|0|1|1|0|0|1|1|0|0|NA|NA|NA|NA|NA|0|0|0|0|NA|0
"401430076121"|0|1|1|0|0|0|0|1|1|1|0|0|0|1|0|29700|29700|11052|11052|8650|414|198|302|20721018|68612.642384106|0
"401430082001"|0|1|0|0|0|0|0|1|1|1|0|0|1|0|0|21915|21915|NA|NA|6720|97|10|218|9827582|45080.6513761468|0
"401430085024"|0|3|0|0|0|0|0|3|3|1|1|2|2|1|0|NA|NA|NA|NA|NA|13|2|16|456510|NA|0
"401430086001"|0|2|0|0|0|0|0|2|2|2|2|0|2|0|0|NA|NA|NA|NA|NA|42|7|68|2933040|90366.9723320158|0
"401430090082"|0|1|0|0|0|0|0|1|1|0|0|1|1|0|0|NA|NA|NA|NA|NA|0|0|0|0|NA|0
"401470007002"|0|1|1|0|0|0|0|1|1|1|0|0|1|0|0|27424|27424|9540|9540|8596|108|33|64|3368820|52637.8125|0
"401499649003"|0|1|0|0|0|0|0|1|1|0|0|1|1|0|0|NA|NA|NA|NA|NA|0|0|0|0|NA|0
"401519542021"|0|2|1|0|0|0|0|2|2|1|0|1|1|1|0|NA|NA|NA|NA|NA|141|62|166|10131228|NA|0
"401539533003"|0|1|0|0|0|0|0|1|1|0|0|1|1|0|0|NA|NA|NA|NA|NA|0|0|0|0|NA|0
"401539535003"|0|1|0|0|0|0|0|1|1|0|0|1|1|0|0|NA|NA|NA|NA|NA|0|0|0|0|NA|0
"410030002022"|0|1|0|0|0|0|0|1|1|0|0|1|1|0|0|NA|NA|NA|NA|NA|0|0|0|0|NA|0
"410030106022"|0|1|1|0|0|1|0|1|1|1|0|0|0|0|1|9846|29445|13257|26109|13200|4373|859|2702|269464770|99727.8941524796|0
"410050222012"|0|2|0|0|0|0|0|2|2|0|0|2|2|0|0|NA|NA|NA|NA|NA|0|0|0|0|NA|0
"410050226032"|0|1|0|0|0|0|0|1|1|1|1|0|0|1|0|4860|12330|NA|NA|NA|232|68|242|21307276|88046.5950413223|0
"410079503002"|0|1|0|0|0|0|0|1|1|1|1|0|1|0|0|3780|7560|NA|NA|NA|74|7|54|3534780|65458.8888888889|0
"410079511003"|0|1|0|0|0|0|0|1|1|0|0|1|1|0|0|NA|NA|NA|NA|NA|0|0|0|0|NA|0
"410110005032"|0|1|0|0|0|0|0|1|1|1|1|0|0|1|0|4380|4380|NA|NA|7698|135|44|90|5620488|62449.8666666667|0
"410170013022"|0|1|0|0|0|0|0|1|1|1|1|0|0|1|0|5508|11448|NA|NA|11856|210|59|250|17771682|71086.728|0
"410170013023"|0|1|0|0|0|0|0|1|1|0|0|1|1|0|0|NA|NA|NA|NA|NA|0|0|0|0|NA|0
"410170014012"|0|2|1|0|0|0|0|2|2|1|0|1|1|1|0|NA|NA|NA|NA|NA|0|0|0|0|NA|0
"410170018012"|0|1|0|0|0|0|0|1|1|0|0|1|1|0|0|NA|NA|NA|NA|NA|0|0|0|0|NA|0
"410190900021"|0|1|0|0|0|0|0|1|1|1|1|0|0|1|0|4056|4719|NA|NA|5598|124|47|116|7696296|66347.3793103448|0
"410290001002"|0|1|0|0|0|0|0|1|1|1|0|0|1|0|0|3960|3960|NA|NA|NA|1|0|0|0|NA|0
"410290004061"|0|1|0|0|0|0|0|1|1|0|0|1|1|0|0|NA|NA|NA|NA|NA|0|0|0|0|NA|0
"410290012002"|0|1|0|0|0|0|0|1|1|0|0|1|1|0|0|NA|NA|NA|NA|NA|0|0|0|0|NA|0
"410290019002"|0|1|1|0|0|0|0|1|1|1|0|0|0|1|0|8820|26100|17676|21348|14629|339|48|302|24620262|81524.0463576159|0
"410333605004"|0|1|0|0|0|0|0|1|1|0|0|1|1|0|0|NA|NA|NA|NA|NA|0|0|0|0|NA|0
"410359713006"|0|1|0|0|0|0|0|1|1|1|1|0|0|1|0|3780|6408|NA|NA|NA|91|15|64|4146502|64789.09375|0
"410359717004"|0|1|0|0|0|0|0|1|1|0|0|1|1|0|0|NA|NA|NA|NA|NA|0|0|0|0|NA|0
"410359720003"|0|1|1|0|0|0|0|1|1|1|0|0|0|1|0|9212|29322|12713|21341|9936|262|64|340|25782984|75832.3058823529|0
"410390021031"|0|1|0|0|0|0|0|1|1|0|0|1|1|0|0|NA|NA|NA|NA|NA|0|0|0|0|NA|0
"410390036002"|0|1|0|0|0|0|0|1|1|1|1|0|0|1|0|4356|10134|NA|NA|10597|351|63|380|31214726|82144.0157894737|0
"410390037002"|0|1|1|0|0|0|0|1|1|1|0|0|0|0|1|10962|35881|15417|27621|12783|3298|687|1942|204314120|105208.094747683|0
"410390038022"|0|1|1|0|0|0|0|1|1|1|0|0|1|0|0|32100|32100|17640|17640|10050|73|34|48|2512886|52351.7916666667|0
"410390044053"|0|1|0|0|0|0|0|1|1|1|0|0|1|0|0|14950|14950|NA|NA|6300|12|4|0|0|NA|0
"410419512002"|0|1|0|0|0|0|0|1|1|1|1|0|1|0|0|4356|8280|NA|NA|NA|33|11|18|1053796|58544.2222222222|0
"410430202001"|0|1|0|0|0|0|0|1|1|1|1|0|0|1|0|5147|11962|NA|NA|NA|272|78|248|20311554|81901.4274193548|0
"410459703002"|0|1|0|0|0|0|0|1|1|1|1|0|0|1|0|4245|4714|NA|NA|7475|81|15|74|4660348|62977.6756756757|0
"410470002002"|0|1|0|0|0|0|0|1|1|0|0|1|1|0|0|NA|NA|NA|NA|NA|0|0|0|0|NA|0
"410470002003"|0|1|1|0|0|0|0|1|1|1|0|0|0|1|0|53300|53300|44900|44900|13328|304|89|346|30974904|89522.8439306358|0
"410470016063"|0|1|0|0|0|0|0|1|1|1|1|0|0|1|0|4275|11700|NA|NA|NA|417|98|374|29976818|80151.9197860963|0
"410470016082"|0|1|0|0|0|0|0|1|1|0|0|1|1|0|0|NA|NA|NA|NA|NA|0|0|0|0|NA|0
"410470017012"|0|2|0|0|0|0|0|2|2|0|0|2|2|0|0|NA|NA|NA|NA|NA|0|0|0|0|NA|0
"410470018032"|0|1|1|0|0|0|0|1|1|1|0|0|0|1|0|33190|33190|9730|9730|10463|102|39|94|6009048|63926.0425531915|0
"410470104005"|0|1|1|0|0|0|0|1|1|1|0|0|1|0|0|17394|17394|17394|17394|14026|13|2|30|2039314|67977.1333333333|0
"410510003012"|0|1|1|0|0|0|0|1|1|1|0|0|0|1|0|60310|60310|NA|NA|14980|339|67|340|33439660|98351.9411764706|0
"410510015001"|0|0|1|0|0|0|0|1|1|1|0|0|1|0|0|NA|NA|14640|14640|NA|54|20|38|2647854|69680.3684210526|0
"410510016014"|0|1|1|0|0|0|0|1|1|1|0|0|1|0|0|18900|18900|8808|8808|9346|47|11|48|2627944|54748.8333333333|0
"410510017021"|0|1|1|0|0|0|0|1|1|1|0|0|1|0|0|27370|27370|13920|13920|8340|105|53|46|2913544|63337.9130434783|0
"410510021021"|0|1|0|0|0|0|0|1|1|1|1|0|1|0|0|NA|NA|NA|NA|NA|32|10|26|1666600|64100|0
"410510024023"|0|2|0|0|0|0|0|2|2|0|0|2|2|0|0|NA|NA|NA|NA|NA|0|0|0|0|NA|0
"410510029023"|0|1|1|0|1|0|0|1|1|1|0|0|0|1|0|NA|NA|9450|9450|NA|100|7|74|6116810|82659.5945945946|0
"410510036022"|0|1|1|0|0|0|0|1|0|0|0|0|0|0|0|NA|NA|NA|NA|NA|0|0|0|0|NA|0
"410510040021"|0|1|1|0|0|0|0|1|1|1|0|0|0|1|0|49424|49424|23868|23868|14196|466|170|574|44439222|77420.2473867596|0
"410510049011"|0|1|1|0|0|0|0|1|1|1|0|0|1|0|0|44450|44450|16560|16560|NA|0|0|0|0|NA|0
"410510050012"|0|1|0|0|0|0|0|1|1|0|0|1|1|0|0|NA|NA|NA|NA|NA|0|0|0|0|NA|0
"410510051021"|0|1|1|0|0|0|0|1|1|1|0|0|1|0|0|40750|40750|34872|34872|15365|70|6|40|2052224|51305.6|0
"410510051032"|0|0|1|0|0|0|0|1|1|1|0|0|1|0|0|NA|NA|25908|25908|NA|33|8|8|527576|65947|0
"410510056013"|0|1|0|0|0|0|0|1|1|0|0|1|1|0|0|NA|NA|NA|NA|NA|0|0|0|0|NA|0
"410510056023"|0|1|1|0|0|0|0|1|1|1|0|0|0|0|1|7907|25536|14652|22143|13500|1623|426|1484|136729176|92135.5633423181|0
"410510057011"|0|1|1|0|1|0|0|1|1|1|0|0|1|0|0|10785|10785|16611|16611|NA|90|28|52|4095258|78754.9615384615|0
"410510058002"|0|1|1|0|1|1|0|1|1|1|0|0|0|1|0|14472|26532|20817|20817|NA|3541|353|642|79329446|123566.115264798|0
"410510059023"|0|1|0|0|0|0|0|1|1|0|0|1|1|0|0|11750|11750|NA|NA|NA|0|0|0|0|NA|0
"410510059033"|0|1|1|0|0|0|0|1|1|1|0|0|1|0|0|8640|8640|10080|10080|NA|34|4|34|1898690|55843.8235294118|0
"410510063001"|0|1|1|0|0|0|0|1|1|1|0|0|0|1|0|54832|54832|17550|17550|13324|361|107|418|37344406|89340.6842105263|0
"410510064042"|0|1|0|0|0|0|0|1|1|1|1|0|0|0|1|4428|9288|NA|NA|NA|1146|469|762|61711290|80985.9448818898|0
"410510073001"|0|1|0|0|0|0|0|1|1|1|0|0|1|0|0|NA|NA|NA|NA|NA|17|3|128|6719872|52499|0
"410510083021"|0|1|1|0|0|0|0|1|1|1|0|0|1|0|0|12240|12240|13212|13212|NA|9|7|0|0|NA|0
"410510104072"|0|1|0|0|0|0|0|1|1|1|1|0|0|1|0|4248|8604|NA|NA|NA|225|75|296|27090592|91522.2702702703|0
"410510106021"|0|1|0|0|0|0|0|1|1|0|0|1|0|0|0|NA|NA|NA|NA|NA|0|0|0|0|NA|0
"410530203031"|0|1|1|0|0|0|0|1|1|1|0|0|0|1|0|8280|27090|16056|26604|10389|446|86|576|36253962|62940.90625|0
"410579604024"|0|1|0|0|0|0|0|1|1|1|1|0|1|0|0|3672|4392|NA|NA|NA|33|5|20|1398286|69914.3|0
"410599504002"|0|1|0|0|0|0|0|1|1|1|1|0|0|1|0|4950|7425|NA|NA|NA|97|27|102|8754610|85829.5098039216|0
"410619707002"|0|1|1|0|0|0|0|1|1|1|0|0|0|1|0|7830|20520|17550|17550|10152|221|85|216|14682538|67974.712962963|0
"410659703001"|0|1|0|0|0|0|0|1|1|1|1|0|1|0|0|4032|8748|NA|NA|NA|51|12|44|2876510|65375.2272727273|0
"410670309001"|0|1|0|0|0|0|0|1|1|0|0|1|1|0|0|NA|NA|NA|NA|NA|0|0|0|0|NA|0
"410670312023"|0|1|0|0|0|0|0|1|1|1|0|0|1|0|0|22230|22230|NA|NA|NA|3|0|0|0|NA|0
"410670313021"|0|2|0|0|0|0|0|2|1|0|0|1|1|0|0|NA|NA|NA|NA|NA|0|0|0|0|NA|0
"410670320033"|0|1|0|0|0|0|0|1|1|0|0|1|1|0|0|NA|NA|NA|NA|NA|0|0|0|0|NA|0
"410670325013"|0|1|0|0|0|0|0|1|1|0|0|1|1|0|0|NA|NA|NA|NA|NA|0|0|0|0|NA|0
"410670332021"|0|1|1|0|0|0|0|1|1|1|0|0|0|1|0|47158|47158|35047|35047|13420|395|205|562|47468098|84462.8078291815|0
"410710302014"|0|1|1|0|0|0|0|1|1|1|0|0|0|1|0|37840|37840|14112|14112|12090|275|93|382|26497020|69363.9267015707|0
"410710308022"|0|2|1|0|0|0|0|2|2|2|0|0|1|1|0|57815|57815|NA|NA|NA|235|68|266|19925966|NA|0
"420010315011"|0|1|0|0|0|0|0|1|1|1|0|0|0|1|0|58500|58500|NA|NA|13960|528|152|448|39739720|88704.7321428571|0
"420010315021"|0|0|1|0|0|0|0|1|1|1|0|0|1|0|0|NA|NA|21500|21500|NA|36|5|36|1813720|50381.1111111111|0
"420030103021"|0|1|1|0|0|0|0|1|1|1|0|0|0|1|0|41892|41892|24048|24048|13612|990|270|956|88966222|93060.9016736402|0
"420030103022"|0|1|0|0|0|0|0|1|1|0|0|1|1|0|0|14190|14190|NA|NA|NA|0|0|0|0|NA|0
"420030201001"|0|2|1|0|0|0|0|2|2|1|0|1|1|1|0|NA|NA|NA|NA|NA|263|77|288|22666554|NA|0
"420030201003"|0|1|0|0|0|0|0|1|1|1|1|0|1|0|0|15064|15064|NA|NA|NA|15|0|28|1772404|63300.1428571429|0
"420030201005"|0|1|0|0|0|0|0|1|1|1|1|0|1|0|0|14240|14240|NA|NA|NA|12|3|26|1429708|54988.7692307692|0
"420030402002"|0|1|1|0|0|0|0|1|1|1|0|0|0|1|0|30542|30542|19844|19844|12260|165|31|218|14845836|68100.1651376147|0
"420030709001"|0|1|0|0|0|0|0|1|1|0|0|1|1|0|0|14190|14190|NA|NA|NA|0|0|0|0|NA|0
"420030809001"|0|1|0|0|0|0|0|1|1|0|0|1|1|0|0|7725|7725|NA|NA|6800|0|0|0|0|NA|0
"420031113004"|0|0|1|0|0|0|0|1|1|1|0|0|1|0|0|NA|NA|11280|11280|NA|59|20|28|2670276|95367|0
"420031115001"|0|1|0|0|0|0|0|1|1|1|1|0|1|0|0|NA|NA|NA|NA|NA|7|4|4|191338|47834.5|0
"420031401001"|0|1|1|0|0|0|0|1|1|1|0|0|0|0|1|57560|57560|46441|46441|15550|3941|798|2572|311356534|121056.195178849|0
"420031402001"|0|1|1|0|0|0|0|1|1|1|0|0|0|1|0|38482|38482|18306|18306|12226|256|59|262|19960482|76185.0458015267|0
"420031412002"|0|0|1|0|0|0|0|1|1|0|0|0|0|0|0|NA|NA|NA|NA|NA|0|0|0|0|NA|0
"420032602002"|0|0|1|0|0|0|0|1|1|1|0|0|1|0|0|NA|NA|13050|13050|NA|5|0|8|48000|6000|0
"420032614002"|0|1|0|0|0|0|0|1|1|1|1|0|1|0|0|17370|17370|NA|NA|NA|11|1|28|1279124|45683|0
"420034050001"|0|1|0|0|0|0|0|1|1|0|0|1|1|0|0|NA|NA|NA|NA|NA|0|0|0|0|NA|0
"420034135004"|0|1|1|0|0|0|0|1|1|1|0|0|0|1|0|29470|29470|18840|18840|12270|150|57|130|7892870|60714.3846153846|0
"420034200001"|0|1|0|0|0|0|0|1|1|0|0|1|1|0|0|14190|14190|NA|NA|NA|0|0|0|0|NA|0
"420034292023"|0|1|0|0|0|0|0|1|1|0|0|1|1|0|0|NA|NA|NA|NA|NA|0|0|0|0|NA|0
"420034324003"|0|1|0|0|0|0|0|1|1|0|0|1|1|0|0|NA|NA|NA|NA|NA|0|0|0|0|NA|0
"420034511024"|0|1|1|0|0|0|0|1|1|1|0|0|0|1|0|30830|30830|NA|NA|12070|338|111|364|43570156|119698.230769231|0
"420034530031"|0|1|0|0|0|0|0|1|1|1|0|0|0|1|0|14660|14660|NA|NA|10602|144|39|130|8306520|63896.3076923077|0
"420034600021"|0|1|0|0|0|0|0|1|1|1|1|0|1|0|0|14395|14395|NA|NA|NA|31|2|56|3308312|59077|0
"420034600022"|0|1|0|0|0|0|0|1|1|0|0|1|1|0|0|19075|19075|NA|NA|NA|0|0|0|0|NA|0
"420034724001"|0|1|0|0|0|0|0|1|1|0|0|1|1|0|0|NA|NA|NA|NA|NA|0|0|0|0|NA|0
"420034885002"|0|2|0|0|0|0|0|2|2|1|1|1|2|0|0|NA|NA|NA|NA|NA|49|5|92|4357590|NA|0
"420034886003"|0|1|0|0|0|0|0|1|1|0|0|1|1|0|0|NA|NA|NA|NA|NA|0|0|0|0|NA|0
"420035030022"|0|1|0|0|0|0|0|1|0|0|0|0|0|0|0|NA|NA|NA|NA|NA|0|0|0|0|NA|0
"420035212002"|0|1|0|0|0|0|0|1|1|0|0|1|1|0|0|NA|NA|NA|NA|NA|0|0|0|0|NA|0
"420035213023"|0|1|0|0|0|0|0|1|1|0|0|1|1|0|0|NA|NA|NA|NA|NA|0|0|0|0|NA|0
"420035215002"|0|1|0|0|0|0|0|1|1|0|0|1|1|0|0|NA|NA|NA|NA|NA|0|0|0|0|NA|0
"420035236002"|0|1|0|0|0|0|0|1|1|1|1|0|1|0|0|NA|NA|NA|NA|NA|32|2|8|269000|33625|0
"420035626001"|0|1|0|0|0|0|0|1|1|0|0|1|1|0|0|NA|NA|NA|NA|NA|0|0|0|0|NA|0
"420035627001"|0|1|0|0|0|0|0|1|1|1|1|0|0|0|1|7080|10620|NA|NA|NA|531|220|454|28928092|63718.2643171806|0
"420039822001"|0|1|1|0|0|1|0|1|1|1|0|0|0|0|1|18628|32656|23530|39898|11250|5494|1488|3642|406273562|111552.323448655|0
"420059509002"|0|1|0|0|0|0|0|1|1|0|0|1|1|0|0|NA|NA|NA|NA|NA|0|0|0|0|NA|0
"420059511004"|0|1|0|0|0|0|0|1|1|0|0|1|1|0|0|NA|NA|NA|NA|NA|0|0|0|0|NA|0
"420076011002"|0|1|1|0|0|0|0|1|1|1|0|0|0|1|0|28500|28500|12114|12114|10850|140|32|120|7661184|63843.2|0
"420076012003"|0|1|0|0|0|0|0|1|1|0|0|1|1|0|0|NA|NA|NA|NA|NA|0|0|0|0|NA|0
"420076042001"|0|0|1|0|0|0|0|1|1|1|0|0|1|0|0|NA|NA|13080|13080|NA|21|3|20|1533254|76662.7|0
"420076055001"|0|1|0|0|0|0|0|1|1|1|1|0|0|1|0|10020|15030|NA|NA|NA|75|24|94|5054340|53769.5744680851|0
"420076055003"|0|1|0|0|0|0|0|1|0|0|0|0|0|0|0|NA|NA|NA|NA|NA|0|0|0|0|NA|0
"420076055004"|0|1|0|0|0|0|0|1|1|0|0|1|1|0|0|NA|NA|NA|NA|NA|0|0|0|0|NA|0
"420110006002"|0|1|1|0|0|0|0|1|1|1|0|0|0|1|0|25500|25500|1975|1975|12890|225|62|224|14960246|66786.8125|0
"420110025001"|0|1|0|0|0|0|0|1|1|1|1|0|0|1|0|8220|9240|NA|NA|NA|140|68|106|6822322|64361.5283018868|0
"420110026001"|0|1|0|0|0|0|0|1|1|0|0|1|1|0|0|NA|NA|NA|NA|NA|0|0|0|0|NA|0
"420110027001"|0|1|0|0|0|0|0|1|1|0|0|1|1|0|0|10782|10782|NA|NA|6349|0|0|0|0|NA|0
"420110029002"|0|1|1|0|0|0|0|1|1|1|0|0|0|1|0|36680|36680|15210|15210|13280|172|53|216|14223050|65847.4537037037|0
"420110103043"|0|1|0|0|0|0|0|1|1|0|0|1|1|0|0|NA|NA|NA|NA|NA|0|0|0|0|NA|0
"420110108032"|0|1|0|0|0|0|0|1|1|0|0|1|1|0|0|NA|NA|NA|NA|NA|0|0|0|0|NA|0
"420110109034"|0|1|0|0|0|0|0|1|0|0|0|0|0|0|0|NA|NA|NA|NA|NA|0|0|0|0|NA|0
"420110111011"|0|1|0|0|0|0|0|1|1|1|1|0|1|0|0|NA|NA|NA|NA|NA|14|1|42|1958560|46632.380952381|0
"420110126002"|0|1|0|0|0|0|0|1|1|0|0|1|1|0|0|NA|NA|NA|NA|NA|0|0|0|0|NA|0
"420110141011"|0|1|1|0|0|0|0|1|1|1|0|0|0|1|0|7716|11574|9288|13932|11726|462|131|692|60753814|87794.5289017341|0
"420130106002"|0|1|0|0|0|0|0|1|1|0|0|1|1|0|0|NA|NA|NA|NA|NA|0|0|0|0|NA|0
"420131008001"|0|1|0|0|0|0|0|1|0|0|0|0|0|0|0|NA|NA|NA|NA|NA|0|0|0|0|NA|0
"420131012003"|0|1|0|0|0|0|0|1|1|1|1|0|1|0|0|NA|NA|NA|NA|NA|1|0|8|476000|59500|0
"420131015001"|0|1|0|0|0|0|0|1|1|0|0|1|1|0|0|NA|NA|NA|NA|NA|0|0|0|0|NA|0
"420131016002"|0|1|0|0|0|0|0|1|1|0|0|1|1|0|0|NA|NA|NA|NA|NA|0|0|0|0|NA|0
"420159509003"|0|1|0|0|0|0|0|1|1|0|0|1|1|0|0|NA|NA|NA|NA|NA|0|0|0|0|NA|0
"420171002013"|0|1|1|0|0|0|0|1|1|1|0|0|0|1|0|13320|13320|14940|14940|NA|0|0|0|0|NA|0
"420171003022"|0|1|0|0|0|0|0|1|1|1|1|0|1|0|0|NA|NA|NA|NA|NA|40|13|40|2238298|55957.45|0
"420171014041"|0|1|0|0|0|0|0|1|1|0|0|1|1|0|0|NA|NA|NA|NA|NA|0|0|0|0|NA|0
"420171048002"|0|1|1|0|0|0|0|1|1|1|0|0|0|1|0|38070|38070|9000|9000|14850|214|43|184|14380728|78156.1304347826|0
"420171052031"|0|1|0|0|0|0|0|1|1|1|1|0|0|1|0|7920|11880|NA|NA|NA|319|105|260|18115060|69673.3076923077|0
"420171058091"|0|1|0|0|0|0|0|1|1|0|0|1|1|0|0|NA|NA|NA|NA|NA|0|0|0|0|NA|0
"420171061002"|0|1|1|0|0|0|0|1|1|1|0|0|0|1|0|29178|29178|14040|14040|11187|107|36|88|5474748|62213.0454545455|0
"420171062021"|0|1|0|0|0|0|0|1|1|0|0|1|1|0|0|NA|NA|NA|NA|NA|0|0|0|0|NA|0
"420199024002"|0|1|0|0|0|0|0|1|1|0|0|1|1|0|0|NA|NA|NA|NA|NA|0|0|0|0|NA|0
"420199031002"|0|1|0|0|0|0|0|1|1|1|1|0|0|1|0|6690|9690|NA|NA|NA|158|47|126|7974458|63289.3492063492|0
"420199124041"|0|1|0|0|0|0|0|1|1|0|0|1|1|0|0|NA|NA|NA|NA|NA|0|0|0|0|NA|0
"420199801001"|0|1|1|0|0|0|0|1|1|1|0|0|0|1|0|7716|11574|9288|13932|10514|493|150|724|64766130|89455.9806629834|0
"420210007002"|0|1|0|0|0|0|0|1|1|0|0|1|1|0|0|NA|NA|NA|NA|NA|0|0|0|0|NA|0
"420210111001"|0|1|0|0|0|0|0|1|1|1|1|0|1|0|0|7564|7564|NA|NA|9028|8|3|52|3591748|69072.0769230769|0
"420210123002"|0|1|1|0|0|0|0|1|1|1|0|0|0|1|0|38728|38728|25000|25000|13084|321|122|226|15785132|69845.7168141593|0
"420210128002"|0|1|1|0|0|0|0|1|1|1|0|0|0|1|0|23090|23090|15300|15300|11293|117|37|118|7473822|63337.4745762712|0
"420210137001"|0|3|0|0|0|0|0|3|2|2|1|1|1|2|0|NA|NA|NA|NA|NA|216|78|318|21074998|NA|0
"420270110021"|0|1|0|0|0|0|0|1|1|1|1|0|1|0|0|NA|NA|NA|NA|NA|10|2|40|2752980|68824.5|0
"420270116001"|0|1|1|0|0|0|0|1|0|0|0|0|0|0|0|NA|NA|NA|NA|NA|0|0|0|0|NA|0
"420270121001"|0|2|2|0|1|1|0|2|1|1|0|0|0|0|1|NA|NA|NA|NA|NA|15177|3253|9408|952177710|NA|0
"420270128004"|0|1|0|0|0|0|0|1|1|1|1|0|1|0|0|18336|18336|NA|NA|NA|35|12|56|3031712|54137.7142857143|0
"420293005023"|0|1|1|0|0|0|0|1|1|1|0|0|1|0|0|21320|21320|8856|8856|10510|51|5|44|2174048|49410.1818181818|0
"420293021033"|0|0|1|0|0|0|0|1|0|0|0|0|0|0|0|NA|NA|NA|NA|NA|0|0|0|0|NA|0
"420293041013"|0|1|0|0|0|0|0|1|1|0|0|1|1|0|0|NA|NA|NA|NA|NA|0|0|0|0|NA|0
"420293044032"|0|1|0|0|0|0|0|1|1|0|0|1|1|0|0|NA|NA|NA|NA|NA|0|0|0|0|NA|0
"420293045021"|0|1|0|0|0|0|0|1|1|0|0|1|0|1|0|NA|NA|NA|NA|NA|0|0|0|0|NA|0
"420293079003"|0|1|1|1|0|0|0|1|1|1|0|0|0|1|0|8026|13396|10106|17636|7954|233|98|206|16599666|80580.9029126214|0
"420299800001"|0|1|1|0|0|0|0|1|1|1|0|0|0|0|1|7716|19290|9288|13932|13978|859|227|1350|121203900|89780.6666666667|0
"420311606004"|0|1|1|0|0|0|0|1|1|1|0|0|0|1|0|7716|11574|9288|10026|12660|366|107|372|31983192|85976.3225806452|0
"420333303001"|0|1|0|0|0|0|0|1|0|0|0|0|0|0|0|NA|NA|NA|NA|NA|0|0|0|0|NA|0
"420333306002"|0|1|0|0|0|0|0|1|1|0|0|1|1|0|0|NA|NA|NA|NA|NA|0|0|0|0|NA|0
"420350307021"|0|1|1|0|0|0|0|1|1|1|0|0|0|1|0|7716|17290|9288|13932|10350|280|85|364|34899028|95876.4505494505|0
"420370511011"|0|1|1|0|0|0|0|1|1|1|0|0|0|1|0|7716|19290|9288|13932|10528|556|158|704|63395660|90050.6534090909|0
"420391111002"|0|1|0|0|0|0|0|1|1|1|1|0|1|0|0|11176|21116|NA|NA|12084|14|6|20|1430448|71522.4|0
"420391115004"|0|1|0|0|0|0|0|1|1|0|0|1|1|0|0|NA|NA|NA|NA|NA|0|0|0|0|NA|0
"420391116004"|0|1|0|0|0|0|0|1|1|0|0|1|1|0|0|15532|15532|NA|NA|NA|0|0|0|0|NA|0
"420391117004"|0|1|0|0|0|0|0|1|1|1|0|0|0|1|0|50480|50480|NA|NA|13080|257|103|316|22620668|71584.3924050633|0
"420391118003"|0|1|0|0|0|0|0|1|1|1|1|0|1|0|0|10172|10172|NA|NA|NA|10|1|18|605764|33653.5555555556|0
"420410101001"|0|1|1|0|0|0|0|1|1|1|0|0|1|0|0|17784|17784|18144|18144|7416|84|21|66|4194842|63558.2121212121|0
"420410123002"|0|1|0|0|0|0|0|1|1|1|0|0|0|1|0|55948|55948|NA|NA|14672|551|161|430|37145100|86383.9534883721|0
"420410124003"|0|0|1|0|0|0|0|1|0|0|0|0|0|0|0|NA|NA|NA|NA|NA|0|0|0|0|NA|0
"420410131042"|0|1|1|0|0|0|0|1|1|1|0|0|0|1|0|9570|10048|9288|13932|11796|406|112|558|53194398|95330.4623655914|0
"420419816061"|0|1|1|0|0|0|0|1|1|1|0|0|0|1|0|36340|36340|12780|12780|10900|393|123|390|30230116|77513.1179487179|0
"420430201003"|0|1|1|0|0|0|0|1|1|1|0|0|0|1|0|23900|23900|7200|7200|9150|139|22|286|27440320|95945.1748251748|0
"420430209004"|0|1|1|0|0|0|0|1|1|0|0|0|0|0|0|NA|NA|NA|NA|NA|130|5|0|0|NA|0
"420430211002"|0|1|0|0|0|0|0|1|1|1|1|0|0|0|1|6660|8010|NA|NA|NA|495|172|530|33741588|63663.3735849057|0
"420430221002"|0|1|0|0|0|0|0|1|1|0|0|1|1|0|0|NA|NA|NA|NA|NA|0|0|0|0|NA|0
"420430223004"|0|1|0|0|0|0|0|1|1|0|0|1|1|0|0|NA|NA|NA|NA|NA|0|0|0|0|NA|0
"420430236022"|0|1|1|0|0|0|0|1|0|0|0|0|0|0|0|NA|NA|NA|NA|NA|0|0|0|0|NA|0
"420430241054"|0|0|1|0|0|0|0|1|0|0|0|0|0|0|0|NA|NA|NA|NA|NA|0|0|0|0|NA|0
"420454004011"|0|1|0|0|0|0|0|1|1|0|0|1|0|0|0|NA|NA|NA|NA|NA|0|0|0|0|NA|0
"420454028002"|0|1|0|0|0|0|0|1|1|0|0|1|1|0|0|NA|NA|NA|NA|NA|0|0|0|0|NA|0
"420454037021"|0|1|0|0|0|0|0|1|1|1|1|0|1|0|0|NA|NA|NA|NA|NA|33|12|54|2853850|52849.0740740741|0
"420454047001"|0|1|1|0|0|0|0|1|1|1|0|0|0|1|0|47770|47770|24500|24500|13701|545|200|526|47642204|90574.5323193916|0
"420454069041"|0|1|1|0|0|0|0|1|1|1|0|0|0|1|0|31500|31500|13860|13860|14260|154|63|190|12614060|66389.7894736842|0
"420454072012"|0|1|0|0|0|0|0|1|0|0|0|0|0|0|0|NA|NA|NA|NA|NA|0|0|0|0|NA|0
"420454072021"|0|1|0|0|0|0|0|1|1|1|1|0|1|0|0|28180|28180|NA|NA|5000|51|8|38|2321932|61103.4736842105|0
"420454076006"|0|1|0|0|0|0|0|1|1|1|0|0|0|1|0|54256|54256|NA|NA|16654|615|137|452|54100956|119692.380530973|0
"420454078025"|0|1|0|0|0|0|0|1|1|0|0|1|1|0|0|NA|NA|NA|NA|NA|0|0|0|0|NA|0
"420454079021"|0|1|0|0|0|0|0|1|1|1|1|0|1|0|0|10800|10800|NA|NA|NA|32|18|30|2372824|79094.1333333333|0
"420454080015"|0|1|0|0|0|0|0|1|1|1|1|0|0|1|0|7500|11250|NA|NA|NA|321|98|264|25146316|95251.196969697|0
"420454081011"|0|1|0|0|0|0|0|1|1|0|0|1|1|0|0|NA|NA|NA|NA|NA|0|0|0|0|NA|0
"420454083001"|0|1|0|0|0|0|0|1|1|1|0|0|0|1|0|58402|58402|NA|NA|17066|419|89|330|30796822|93323.703030303|0
"420454097016"|0|1|1|0|0|0|0|1|1|1|0|0|0|0|1|56730|56730|20619|20619|14975|1740|421|1440|150278672|104360.188888889|0
"420454098041"|0|3|2|0|0|0|0|3|2|3|1|0|1|2|0|97941|97941|NA|NA|41169|378|128|358|22341518|176174.020755013|0
"420454101011"|0|1|0|1|0|0|0|1|1|1|0|0|1|0|0|7716|12723|NA|NA|12225|70|15|62|6070846|97916.8709677419|0
"420490001001"|0|1|1|0|0|0|0|1|1|1|0|0|0|1|0|34575|34575|19980|19980|14110|387|149|480|37762488|78671.85|0
"420490028004"|0|1|1|0|0|0|0|1|1|1|0|0|0|1|0|38580|38580|16065|16065|14968|225|98|254|17034500|67064.9606299213|0
"420490030004"|0|1|1|0|0|1|0|1|1|1|0|0|0|1|0|14640|14640|12898|12898|NA|207|67|134|15190464|113361.671641791|0
"420490103031"|0|1|0|0|0|0|0|1|1|1|1|0|1|0|0|13385|13385|NA|NA|NA|0|0|0|0|NA|0
"420490110021"|0|1|0|0|0|0|0|1|1|1|1|0|1|0|0|NA|NA|NA|NA|NA|22|4|58|2611982|45034.1724137931|0
"420490110022"|0|1|0|0|0|0|0|1|1|1|1|0|1|0|0|12285|12285|NA|NA|NA|12|3|58|2649920|45688.275862069|0
"420490115111"|0|1|1|0|0|0|0|1|0|0|0|0|0|0|0|NA|NA|NA|NA|NA|0|0|0|0|NA|0
"420490117011"|0|1|0|0|0|0|0|1|1|1|1|0|1|0|0|17400|17400|NA|NA|NA|15|5|34|1727200|50800|0
"420490122023"|0|1|1|0|0|0|0|1|1|1|0|0|0|1|0|7716|11574|9288|13932|9594|292|85|454|41924754|92345.2731277533|0
"420512616002"|0|1|0|0|0|0|0|1|0|0|0|0|0|0|0|NA|NA|NA|NA|NA|0|0|0|0|NA|0
"420512619003"|0|1|0|0|0|0|0|1|1|1|1|0|1|0|0|10172|10172|NA|NA|NA|22|3|42|1693288|40316.380952381|0
"420512625001"|0|1|0|0|0|0|0|1|1|1|1|0|1|0|0|11514|11514|NA|NA|NA|7|1|6|272190|45365|0
"420512628002"|0|1|0|0|0|0|0|1|1|0|0|1|1|0|0|NA|NA|NA|NA|NA|0|0|0|0|NA|0
"420550104012"|0|1|0|0|0|0|0|1|1|1|1|0|1|0|0|17370|17370|NA|NA|NA|3|1|8|188534|23566.75|0
"420550107021"|0|1|0|0|0|0|0|1|1|0|0|1|1|0|0|NA|NA|NA|NA|NA|0|0|0|0|NA|0
"420550110003"|0|1|0|0|0|0|0|1|1|0|0|1|1|0|0|NA|NA|NA|NA|NA|0|0|0|0|NA|0
"420550111002"|0|1|1|0|0|0|0|1|1|1|0|0|0|1|0|25200|25200|9270|9270|11716|87|24|100|5835788|58357.88|0
"420550120012"|0|1|0|0|0|0|0|1|0|0|0|0|0|0|0|NA|NA|NA|NA|NA|0|0|0|0|NA|0
"420599705013"|0|1|0|0|0|0|0|1|1|0|0|1|1|0|0|NA|NA|NA|NA|NA|0|0|0|0|NA|0
"420599706002"|0|1|1|0|0|0|0|1|1|1|0|0|0|1|0|25430|25430|16320|16320|10890|163|52|162|10549068|65117.7037037037|0
"420619504001"|0|1|1|0|0|0|0|1|1|1|0|0|0|1|0|48350|48350|24800|24800|13050|218|79|202|15312578|75804.8415841584|0
"420619505001"|0|1|0|0|0|0|0|1|1|0|0|1|1|0|0|NA|NA|NA|NA|NA|0|0|0|0|NA|0
"420639609002"|0|1|0|0|0|0|0|1|0|0|0|1|1|0|0|NA|NA|NA|NA|NA|0|0|0|0|NA|0
"420639611021"|0|1|1|0|0|0|0|1|1|1|0|0|0|0|1|9570|13890|9288|13932|12636|709|246|924|85950918|93020.474025974|0
"420659503001"|0|1|0|0|0|0|0|1|1|1|1|0|1|0|0|17370|17370|NA|NA|NA|8|1|24|1042056|43419|0
"420659508001"|0|1|0|0|0|0|0|1|1|0|0|1|1|0|0|NA|NA|NA|NA|NA|0|0|0|0|NA|0
"420691002001"|0|1|0|0|0|0|0|1|1|1|0|0|0|1|0|15300|15300|NA|NA|10900|180|59|62|2700288|43553.0322580645|0
"420691003003"|0|1|1|0|0|0|0|1|1|1|0|0|0|1|0|46684|46684|11580|11580|15646|612|192|560|53051824|94735.4|0
"420691006004"|0|1|1|0|0|1|0|2|2|2|1|0|2|0|0|NA|NA|NA|NA|NA|12|5|10|538000|NA|0
"420691010001"|0|1|1|0|0|0|0|1|1|1|0|0|0|1|0|35178|35178|9888|9888|14338|274|106|296|21028552|71042.4054054054|0
"420691012001"|0|1|0|0|0|0|0|1|1|1|1|0|1|0|0|17700|17700|NA|NA|9420|48|8|58|2768676|47735.7931034483|0
"420691012003"|0|1|0|0|0|0|0|1|1|0|0|1|1|0|0|NA|NA|NA|NA|NA|0|0|0|0|NA|0
"420691027001"|0|1|1|0|0|0|0|1|1|1|0|0|1|0|0|9600|9600|9600|9600|3400|0|0|8|519738|64967.25|0
"420691104031"|0|1|1|0|0|0|0|1|1|1|0|0|1|0|0|26082|26082|8280|8280|6490|61|24|62|3326004|53645.2258064516|0
"420691120002"|0|1|0|0|0|0|0|1|0|0|0|0|0|0|0|NA|NA|NA|NA|NA|0|0|0|0|NA|0
"420691128006"|0|1|0|0|0|0|0|1|1|0|0|1|1|0|0|NA|NA|NA|NA|NA|0|0|0|0|NA|0
"420710001002"|0|1|0|0|0|0|0|1|1|0|0|1|1|0|0|NA|NA|NA|NA|NA|0|0|0|0|NA|0
"420710001003"|0|1|0|0|0|0|0|1|1|1|0|0|1|0|0|25950|25950|NA|NA|10638|31|4|28|1360998|48607.0714285714|0
"420710005001"|0|0|1|0|0|0|0|1|1|1|0|0|1|0|0|NA|NA|19340|19340|NA|13|5|12|838264|69855.3333333333|0
"420710005004"|0|1|0|0|0|0|0|1|1|1|0|0|0|1|0|60872|60872|NA|NA|14450|479|109|502|46309922|92250.8406374502|0
"420710008001"|0|1|0|0|0|0|0|1|1|1|1|0|0|1|0|8400|8400|NA|NA|9670|60|26|144|11392638|79115.5416666667|0
"420710107024"|0|1|1|0|0|0|0|1|1|1|0|0|0|1|0|32960|32960|32960|32960|12060|290|90|212|17834864|84126.7169811321|0
"420710117012"|0|1|0|0|0|0|0|1|1|0|0|1|1|0|0|NA|NA|NA|NA|NA|0|0|0|0|NA|0
"420710118034"|0|1|1|0|0|0|0|1|1|1|0|0|0|1|0|26330|26330|10470|10470|9650|159|41|148|10029248|67765.1891891892|0
"420710132034"|0|1|1|0|0|0|0|1|1|1|0|0|0|1|0|29386|29386|16128|16128|NA|79|7|142|11135118|78416.323943662|0
"420710133034"|0|1|0|0|0|0|0|1|1|1|1|0|1|0|0|NA|NA|NA|NA|NA|66|27|162|9285042|57315.0740740741|0
"420710134001"|0|1|0|0|0|0|0|1|1|0|0|1|1|0|0|NA|NA|NA|NA|NA|0|0|0|0|NA|0
"420710136022"|0|1|1|0|0|0|0|1|1|1|0|0|0|1|0|9570|19290|9288|13932|14106|509|134|554|50415604|91002.8953068592|0
"420730007001"|0|1|0|0|0|0|0|1|1|0|0|1|1|0|0|NA|NA|NA|NA|NA|0|0|0|0|NA|0
"420730103001"|0|1|1|0|0|0|0|1|1|1|0|0|0|1|0|37075|37075|13170|13170|11550|143|49|148|9058520|61206.2162162162|0
"420730106001"|0|1|0|0|0|0|0|1|1|1|1|0|1|0|0|NA|NA|NA|NA|NA|25|1|54|2036624|37715.2592592593|0
"420730108002"|0|1|0|0|0|0|0|1|1|0|0|1|1|0|0|11696|11696|NA|NA|NA|0|0|0|0|NA|0
"420750025002"|0|1|1|0|0|0|0|1|1|1|0|0|0|1|0|44740|44740|49180|49180|12500|211|71|246|17935270|72907.6016260163|0
"420750029001"|0|0|1|0|0|0|0|1|1|1|0|0|1|0|0|NA|NA|11250|11250|NA|5|2|10|655562|65556.2|0
"420750033002"|0|1|0|0|0|0|0|1|1|0|0|1|1|0|0|NA|NA|NA|NA|NA|0|0|0|0|NA|0
"420750035003"|0|1|0|0|0|0|0|1|1|0|0|1|1|0|0|NA|NA|NA|NA|NA|0|0|0|0|NA|0
"420770001013"|0|1|0|0|0|0|0|1|1|0|0|1|1|0|0|NA|NA|NA|NA|NA|0|0|0|0|NA|0
"420770001021"|0|1|0|0|0|0|0|1|1|0|0|1|1|0|0|NA|NA|NA|NA|NA|0|0|0|0|NA|0
"420770022023"|0|1|1|0|0|0|0|1|1|1|0|0|0|1|0|53865|53865|19200|19200|10530|379|125|366|29971682|81889.8415300546|0
"420770023021"|0|1|1|0|0|0|0|1|1|1|0|0|0|1|0|40967|40967|14852|14852|12322|141|64|150|11283784|75225.2266666667|0
"420770055062"|0|1|0|0|0|0|0|1|1|1|1|0|0|1|0|6720|10080|NA|NA|NA|178|41|162|10245264|63242.3703703704|0
"420770057051"|0|1|0|0|0|0|0|1|1|0|0|1|1|0|0|NA|NA|NA|NA|NA|0|0|0|0|NA|0
"420770059021"|0|1|0|0|0|0|0|1|1|1|1|0|1|0|0|NA|NA|NA|NA|NA|15|1|8|359400|44925|0
"420770061013"|0|1|0|0|0|0|0|1|1|1|1|0|1|0|0|NA|NA|NA|NA|NA|23|5|40|2729134|68228.35|0
"420770063051"|0|1|0|0|0|0|0|1|1|0|0|1|1|0|0|NA|NA|NA|NA|NA|0|0|0|0|NA|0
"420770068001"|0|1|0|0|0|0|0|1|1|0|0|1|1|0|0|11496|11496|NA|NA|NA|0|0|0|0|NA|0
"420770069033"|0|1|1|0|0|0|0|1|1|1|0|0|0|1|0|38500|38500|20520|20520|13300|269|87|266|21421890|80533.4210526316|0
"420770069034"|0|1|0|0|0|0|0|1|0|0|0|0|0|0|0|NA|NA|NA|NA|NA|0|0|0|0|NA|0
"420770091002"|0|2|0|0|0|0|0|2|2|1|1|1|2|0|0|40370|40370|NA|NA|NA|9|1|28|1211704|NA|0
"420792001002"|0|1|1|0|0|0|0|1|1|1|0|0|0|1|0|38062|38062|45432|45432|14008|278|75|300|22351804|74506.0133333333|0
"420792005001"|0|1|1|0|0|0|0|1|1|1|0|0|0|1|0|36888|36888|26400|26400|15400|379|88|352|29760258|84546.1875|0
"420792010002"|0|1|0|0|0|0|0|1|1|0|0|1|1|0|0|NA|NA|NA|NA|NA|0|0|0|0|NA|0
"420792112043"|0|1|1|0|0|0|0|1|1|1|0|0|0|1|0|34100|34100|35550|35550|14340|222|67|278|21807524|78444.3309352518|0
"420792113022"|0|1|0|0|0|0|0|1|0|0|0|0|0|0|0|NA|NA|NA|NA|NA|0|0|0|0|NA|0
"420792118001"|0|1|0|0|0|0|0|1|0|0|0|1|1|0|0|NA|NA|NA|NA|NA|0|0|0|0|NA|0
"420792121002"|0|1|0|0|0|0|0|1|1|1|1|0|1|0|0|13540|13540|NA|NA|NA|5|2|12|591164|49263.6666666667|0
"420792143002"|0|1|0|0|0|0|0|1|1|1|1|0|0|1|0|8040|12060|NA|NA|NA|182|71|206|12994636|63080.7572815534|0
"420792165023"|0|1|0|0|0|0|0|1|0|0|0|0|0|0|0|NA|NA|NA|NA|NA|0|0|0|0|NA|0
"420792169002"|0|1|0|0|0|0|0|1|1|0|0|1|1|0|0|NA|NA|NA|NA|NA|0|0|0|0|NA|0
"420792170022"|0|1|0|0|0|0|0|1|1|0|0|1|1|0|0|NA|NA|NA|NA|NA|0|0|0|0|NA|0
"420810005003"|0|1|0|0|0|0|0|1|1|1|0|0|0|1|0|41984|41984|NA|NA|13384|193|61|176|12264496|69684.6363636364|0
"420810008001"|0|1|1|0|0|0|0|1|1|1|0|0|0|1|0|15120|22680|15120|22680|11892|555|146|558|48862758|87567.6666666667|0
"420834210001"|0|1|0|0|0|0|0|1|1|1|0|0|0|1|0|13198|24666|NA|NA|9612|110|68|138|9437516|68387.7971014493|0
"420850303004"|0|1|0|0|0|0|0|1|1|0|0|1|1|0|0|14270|14270|NA|NA|NA|0|0|0|0|NA|0
"420850312004"|0|1|0|0|0|0|0|1|1|1|1|0|1|0|0|10172|10172|NA|NA|NA|7|1|30|1187484|39582.8|0
"420850321002"|0|1|1|0|0|0|0|1|1|1|0|0|1|0|0|31690|31690|55457|55457|13496|125|43|116|7256188|62553.3448275862|0
"420850326013"|0|1|0|0|0|0|0|1|1|0|0|1|1|0|0|NA|NA|NA|NA|NA|0|0|0|0|NA|0
"420850330005"|0|1|0|0|0|0|0|1|0|1|0|0|0|1|0|18930|18930|NA|NA|10310|0|0|0|0|NA|0
"420850332001"|0|1|0|0|0|0|0|1|0|0|0|0|0|0|0|NA|NA|NA|NA|NA|0|0|0|0|NA|0
"420879611012"|0|1|0|0|0|0|0|1|1|0|0|1|1|0|0|NA|NA|NA|NA|NA|0|0|0|0|NA|0
"420879611024"|0|1|0|0|0|0|0|1|1|0|0|1|1|0|0|15423|15423|NA|NA|NA|0|0|0|0|NA|0
"420893004043"|0|1|0|0|0|0|0|1|1|0|0|1|1|0|0|NA|NA|NA|NA|NA|0|0|0|0|NA|0
"420893007003"|0|1|1|0|0|0|0|1|1|1|0|0|0|1|0|8288|16576|10062|14706|11760|337|96|434|39923544|91989.732718894|0
"420893009011"|0|1|0|0|0|0|0|1|1|0|0|1|1|0|0|NA|NA|NA|NA|NA|0|0|0|0|NA|0
"420912002001"|0|1|1|0|0|0|0|1|1|1|0|0|1|0|0|23697|23697|19671|19671|12606|36|12|62|4410146|71131.3870967742|0
"420912003072"|0|1|0|0|0|0|0|1|1|0|0|1|1|0|0|NA|NA|NA|NA|NA|0|0|0|0|NA|0
"420912009081"|0|1|0|0|0|0|0|1|1|0|0|1|1|0|0|NA|NA|NA|NA|NA|0|0|0|0|NA|0
"420912010032"|0|1|0|0|0|0|0|1|1|1|1|0|1|0|0|11850|11850|NA|NA|NA|11|2|4|224800|56200|0
"420912012014"|0|1|1|0|0|0|0|1|1|1|0|0|0|1|0|36027|36027|13967|13967|13040|183|35|182|12507434|68722.1648351648|0
"420912013021"|0|1|0|0|0|0|0|1|1|0|0|1|1|0|0|NA|NA|NA|NA|NA|0|0|0|0|NA|0
"420912014044"|0|1|1|0|0|0|0|1|1|1|0|0|1|0|0|15008|15008|17072|17072|NA|30|0|6|549206|91534.3333333333|0
"420912016081"|0|1|1|0|0|0|0|1|0|0|0|0|0|0|0|NA|NA|NA|NA|NA|0|0|0|0|NA|0
"420912019024"|0|1|1|0|0|0|0|1|1|1|0|0|1|0|0|17430|17430|9600|9600|8202|54|18|48|2757724|57452.5833333333|0
"420912023013"|0|0|1|0|0|0|0|1|1|1|0|0|0|1|0|NA|NA|32006|32006|NA|193|62|196|19935820|101713.367346939|0
"420912024025"|0|1|1|0|0|0|0|1|1|1|0|0|1|0|0|19648|19648|16452|16452|NA|23|8|8|580800|72600|0
"420912025001"|0|1|0|0|0|0|0|1|1|0|0|1|1|0|0|NA|NA|NA|NA|NA|0|0|0|0|NA|0
"420912025003"|0|1|2|0|0|0|0|2|2|2|0|0|1|1|0|NA|NA|45114|45114|NA|436|158|356|28103032|177259.397880891|0
"420912026021"|0|0|1|0|0|0|0|1|1|1|0|0|1|0|0|NA|NA|26000|26000|NA|30|15|10|900146|90014.6|0
"420912026022"|0|1|0|0|0|0|0|1|1|1|1|0|1|0|0|NA|NA|NA|NA|NA|17|0|2|1e+05|50000|0
"420912026032"|0|0|1|0|0|0|0|1|1|1|0|0|1|0|0|NA|NA|19914|19914|NA|12|5|14|650598|46471.2857142857|0
"420912032043"|0|1|0|0|0|0|0|1|1|1|1|0|0|1|0|8640|12960|NA|NA|NA|306|96|320|21682926|67759.14375|0
"420912032044"|0|0|1|0|0|0|0|1|1|1|0|0|1|0|0|NA|NA|11500|11500|NA|3|0|16|577920|36120|0
"420912035004"|0|1|0|0|0|0|0|1|1|0|0|1|1|0|0|NA|NA|NA|NA|NA|0|0|0|0|NA|0
"420912039021"|0|1|0|0|0|0|0|1|1|0|0|1|1|0|0|NA|NA|NA|NA|NA|0|0|0|0|NA|0
"420912049001"|0|1|1|0|0|0|0|1|1|1|0|0|1|0|0|19500|19500|12780|12780|13130|113|37|56|2722200|48610.7142857143|0
"420912050001"|0|1|1|0|0|0|0|1|1|1|0|0|0|1|0|53180|53180|45240|45240|17100|434|100|330|30588114|92691.2545454545|0
"420912051001"|0|1|0|0|0|0|0|1|1|1|1|0|0|1|0|26000|26000|NA|NA|10740|136|19|128|9136874|71381.828125|0
"420912054011"|0|1|1|0|0|0|0|1|1|1|0|0|1|0|0|21218|21218|23409|23409|14534|33|16|34|1774262|52184.1764705882|0
"420912058082"|0|1|1|0|0|0|0|1|0|1|0|0|0|1|0|NA|NA|NA|NA|NA|186|19|36|4873018|135361.611111111|0
"420912059053"|0|1|0|0|0|0|0|1|1|0|0|1|1|0|0|NA|NA|NA|NA|NA|0|0|0|0|NA|0
"420912063001"|0|1|0|0|0|0|0|1|1|1|0|0|0|1|0|55210|55210|NA|NA|13530|236|101|254|20566824|80971.7480314961|0
"420950105001"|0|1|0|0|0|0|0|1|1|0|0|1|1|0|0|NA|NA|NA|NA|NA|0|0|0|0|NA|0
"420950107004"|0|1|1|0|0|0|0|1|1|1|0|0|0|1|0|45321|45321|17352|17352|14471|248|103|326|24531220|75249.1411042945|0
"420950108003"|0|0|1|0|0|0|0|1|0|1|0|0|1|0|0|NA|NA|17610|17610|NA|28|13|12|670164|55847|0
"420950111001"|0|1|1|0|0|0|0|1|1|1|0|0|0|1|0|54790|54790|27000|27000|14740|1207|341|1104|138145980|125132.22826087|0
"420950141001"|0|1|0|0|0|0|0|1|1|1|0|0|0|1|0|54512|54512|NA|NA|16263|544|183|502|52731360|105042.549800797|0
"420950176053"|0|1|0|0|0|0|0|1|1|1|1|0|0|1|0|6720|10080|NA|NA|9360|377|80|236|16496486|69900.3644067797|0
"420970819001"|0|1|0|0|0|0|0|1|1|1|1|0|1|0|0|17370|17370|NA|NA|NA|7|1|20|756652|37832.6|0
"420990302011"|0|1|0|0|0|0|0|1|1|0|0|1|1|0|0|NA|NA|NA|NA|NA|0|0|0|0|NA|0
"421010003003"|0|1|1|0|0|0|0|1|1|1|0|0|1|0|0|38926|38926|39906|39906|17780|62|16|38|2287918|60208.3684210526|0
"421010003004"|0|1|1|0|0|0|0|1|1|1|0|0|1|0|0|43320|43320|47807|47807|16836|53|23|48|3405838|70954.9583333333|0
"421010004041"|0|1|0|0|0|0|0|1|1|1|0|0|1|0|0|9552|9552|NA|NA|NA|0|0|0|0|NA|0
"421010007013"|0|2|0|0|0|0|0|2|2|0|0|2|2|0|0|NA|NA|NA|NA|NA|0|0|0|0|NA|0
"421010008051"|0|1|1|0|0|0|0|1|1|1|0|0|1|0|0|NA|NA|NA|NA|14842|48|10|8|797986|99748.25|0
"421010009022"|0|1|1|0|1|1|0|1|1|1|0|0|0|1|0|40680|40680|21420|21420|13869|2370|596|636|65148176|102434.238993711|0
"421010012032"|0|0|1|0|0|0|0|1|1|0|0|1|1|0|0|NA|NA|NA|NA|NA|0|0|0|0|NA|0
"421010012043"|0|2|2|0|0|0|0|2|2|2|0|0|0|2|0|60930|60930|60426|60426|NA|245|64|236|15017378|139551.806021505|0
"421010016001"|0|1|0|0|0|0|0|1|1|0|0|1|1|0|0|NA|NA|NA|NA|NA|0|0|0|0|NA|0
"421010022002"|0|1|0|0|0|0|0|1|1|1|1|0|1|0|0|14500|14500|NA|NA|NA|2|0|6|229280|38213.3333333333|0
"421010041013"|0|1|0|0|0|0|0|1|1|0|0|1|1|0|0|13860|13860|NA|NA|NA|0|0|0|0|NA|0
"421010077002"|0|1|1|0|0|0|0|1|1|1|0|0|0|1|0|26983|26983|30168|30168|17594|269|58|312|28928398|92719.2243589744|0
"421010087022"|0|1|0|0|0|0|0|1|1|1|0|0|1|0|0|19650|19650|NA|NA|11728|33|4|30|2257514|75250.4666666667|0
"421010117001"|0|1|1|0|0|0|0|1|1|1|0|0|0|1|0|47740|47740|17802|17802|14840|551|150|536|48295126|90102.8470149254|0
"421010122041"|0|0|1|0|0|1|0|1|1|1|0|0|0|1|0|NA|NA|29828|29828|NA|0|0|0|0|NA|0
"421010125012"|0|1|0|0|0|0|0|1|1|1|1|0|0|0|1|7632|11448|NA|NA|NA|503|150|620|45730684|73759.1677419355|0
"421010125013"|0|1|0|0|0|0|0|1|1|1|0|0|1|0|0|21428|21428|NA|NA|NA|9|0|0|0|NA|0
"421010197001"|0|1|0|0|0|0|0|1|1|1|1|0|1|0|0|11997|11997|NA|NA|NA|2|0|2|91800|45900|0
"421010211002"|0|1|0|0|0|0|0|1|1|0|0|1|1|0|0|12292|12292|NA|NA|NA|0|0|0|0|NA|0
"421010263024"|0|1|0|0|0|0|0|1|1|0|0|1|1|0|0|NA|NA|NA|NA|NA|0|0|0|0|NA|0
"421010279022"|0|1|1|0|0|0|0|1|1|1|0|0|0|1|0|31350|31350|25680|25680|15222|373|83|392|32195960|82132.5510204082|0
"421010334001"|0|1|0|0|0|0|0|1|1|0|0|1|1|0|0|NA|NA|NA|NA|NA|0|0|0|0|NA|0
"421010349001"|0|1|0|0|0|0|0|1|1|1|1|0|1|0|0|NA|NA|NA|NA|NA|15|4|18|1218016|67667.5555555556|0
"421010352001"|0|1|1|0|0|0|0|1|1|1|0|0|0|1|0|30590|30590|10517|10517|14500|143|39|152|11108510|73082.3026315789|0
"421010362031"|0|1|0|0|0|0|0|1|1|0|0|1|1|0|0|NA|NA|NA|NA|NA|0|0|0|0|NA|0
"421010369022"|0|1|1|0|1|1|0|1|1|1|0|0|0|0|1|53166|53166|37678|37678|16784|9038|1455|2914|490467470|168314.162663006|0
"421010369025"|0|1|1|0|0|1|0|1|1|1|0|0|0|0|1|53868|53868|36234|36234|16008|2420|508|2152|246153434|114383.56598513|0
"421010375002"|0|1|0|0|0|0|0|1|1|1|0|0|1|0|0|9625|9625|NA|NA|7875|0|0|16|921474|57592.125|0
"421010376001"|0|0|1|0|0|0|0|1|1|1|0|0|1|0|0|NA|NA|12774|12774|NA|9|0|16|1142442|71402.625|0
"421010377001"|0|1|1|0|1|1|0|1|1|1|0|0|0|0|1|16080|28992|16956|23346|14778|3426|909|3222|382244396|118635.752948479|0
"421010387002"|0|1|1|0|0|0|0|1|1|1|0|0|0|1|0|37950|37950|17400|17400|11000|119|35|132|8225972|62317.9696969697|0
"421019803003"|0|2|0|0|0|0|0|2|2|0|0|2|2|0|0|NA|NA|NA|NA|NA|0|0|0|0|NA|0
"421070014001"|0|1|0|0|0|0|0|1|1|0|0|1|1|0|0|NA|NA|NA|NA|NA|0|0|0|0|NA|0
"421070020002"|0|1|0|0|0|0|0|1|1|0|0|1|1|0|0|10625|10625|NA|NA|NA|0|0|0|0|NA|0
"421070022002"|0|1|0|0|0|0|0|1|1|0|0|1|1|0|0|NA|NA|NA|NA|NA|0|0|0|0|NA|0
"421070032004"|0|1|0|0|0|0|0|1|0|0|0|0|0|0|0|NA|NA|NA|NA|NA|0|0|0|0|NA|0
"421090701004"|0|1|0|0|0|0|0|1|1|0|0|1|1|0|0|NA|NA|NA|NA|NA|0|0|0|0|NA|0
"421099807051"|0|1|1|0|0|0|0|1|1|1|0|0|0|1|0|50500|50500|50500|50500|13680|280|108|284|20631812|72647.2253521127|0
"421110209002"|0|1|0|0|0|0|0|1|1|0|0|1|1|0|0|NA|NA|NA|NA|NA|0|0|0|0|NA|0
"421150328001"|0|1|0|0|0|0|0|1|0|0|0|1|1|0|0|NA|NA|NA|NA|NA|0|0|0|0|NA|0
"421179506002"|0|1|1|0|0|0|0|1|1|1|0|0|0|1|0|7716|10032|9288|13932|10168|181|54|178|16489430|92637.2471910112|0
"421190905025"|0|1|0|0|0|0|0|1|1|1|1|0|1|0|0|NA|NA|NA|NA|NA|11|1|4|161324|40331|0
"421190906002"|0|1|0|0|0|0|0|1|1|0|0|1|1|0|0|NA|NA|NA|NA|NA|0|0|0|0|NA|0
"421199808001"|0|1|1|0|0|0|0|1|1|1|0|0|0|1|0|57882|57882|25412|25412|14670|885|258|796|83144178|104452.484924623|0
"421212010002"|0|1|0|0|0|0|0|1|1|0|0|1|1|0|0|NA|NA|NA|NA|NA|0|0|0|0|NA|0
"421239708001"|0|1|0|0|0|0|0|1|1|1|1|0|1|0|0|4800|8880|NA|NA|NA|27|5|8|448800|56100|0
"421257422001"|0|1|0|0|0|0|0|1|1|0|0|1|1|0|0|NA|NA|NA|NA|NA|0|0|0|0|NA|0
"421257542002"|0|1|1|0|0|0|0|1|1|1|0|0|0|1|0|49612|49612|2100|2100|12724|218|66|224|16337574|72935.5982142857|0
"421257551001"|0|2|0|0|0|0|0|2|2|1|1|1|2|0|0|23849|23849|NA|NA|NA|19|3|58|2350200|NA|0
"421257922002"|0|1|1|0|0|0|0|1|1|1|0|0|0|1|0|7716|11574|9288|13932|10416|376|105|494|46172272|93466.1376518219|0
"421298017011"|0|1|0|0|0|0|0|1|0|0|0|0|0|0|0|NA|NA|NA|NA|NA|0|0|0|0|NA|0
"421298031003"|0|1|0|0|0|0|0|1|1|1|1|0|1|0|0|10886|10886|NA|NA|NA|4|1|8|446000|55750|0
"421298039021"|0|1|1|0|0|0|0|1|1|1|0|0|0|1|0|37396|37396|15084|15084|12580|197|88|198|15619062|78884.1515151515|0
"421298041003"|0|1|0|0|0|0|0|1|1|1|1|0|1|0|0|17370|17370|NA|NA|NA|10|1|28|1231524|43983|0
"421298045032"|0|1|0|0|0|0|0|1|1|1|0|0|0|1|0|13198|24666|NA|NA|10870|88|44|160|10700978|66881.1125|0
"421298049011"|0|1|0|0|0|0|0|1|1|1|1|0|0|1|0|7980|11970|NA|NA|NA|157|59|148|9203474|62185.6351351351|0
"421298054001"|0|1|0|0|0|0|0|1|1|1|1|0|1|0|0|17600|17600|NA|NA|NA|25|2|16|660430|41276.875|0
"421298074042"|0|1|2|0|0|0|0|2|2|2|0|0|1|1|0|NA|NA|44770|44770|NA|220|94|208|14432690|121530.833333333|0
"421314003001"|0|1|1|0|0|0|0|1|1|1|0|0|0|1|0|14500|14500|15600|15600|11900|105|46|90|5073914|56376.8222222222|0
"421330101322"|0|1|0|0|0|0|0|1|1|1|1|0|1|0|0|NA|NA|NA|NA|NA|34|5|76|3662338|48188.6578947368|0
"421330102202"|0|1|0|0|0|0|0|1|1|0|0|1|1|0|0|NA|NA|NA|NA|NA|0|0|0|0|NA|0
"421330104005"|0|1|1|0|0|0|0|1|0|0|0|0|0|0|0|NA|NA|NA|NA|NA|0|0|0|0|NA|0
"421330105103"|0|1|1|0|0|0|0|1|1|1|0|0|0|1|0|19670|19670|12870|12870|11690|304|85|336|26888778|80026.125|0
"421330223001"|0|1|0|0|0|0|0|1|1|0|0|1|1|0|0|NA|NA|NA|NA|NA|0|0|0|0|NA|0
"421330228021"|0|1|0|0|0|0|0|1|1|0|0|1|1|0|0|NA|NA|NA|NA|NA|0|0|0|0|NA|0
"440010308003"|0|1|2|0|0|0|0|2|2|2|0|0|1|1|0|NA|NA|34602|34602|NA|608|130|430|49624266|244139.794384058|0
"440030209031"|0|1|1|0|0|0|0|1|1|1|0|0|0|1|0|30000|30000|13440|13440|16125|133|41|232|20102240|86647.5862068966|0
"440030221003"|0|1|0|0|0|0|0|1|1|1|1|0|0|0|1|4414|12492|NA|NA|NA|440|135|572|37920750|66295.0174825175|0
"440050409001"|0|1|1|0|0|0|0|1|1|1|0|0|0|1|0|42220|42220|11250|11250|15400|273|95|232|18340712|79054.7931034483|0
"440050410002"|0|1|0|0|0|0|0|1|1|0|0|1|1|0|0|NA|NA|NA|NA|NA|0|0|0|0|NA|0
"440070006002"|0|1|0|0|0|0|0|1|1|1|0|0|1|0|0|9912|9912|NA|NA|NA|14|5|0|0|NA|0
"440070008003"|0|2|2|0|0|0|0|2|2|2|0|0|0|2|0|47741|47741|28296|28296|NA|734|131|524|46386698|171858.961538462|0
"440070011001"|0|1|0|0|0|0|0|1|1|0|0|1|1|0|0|NA|NA|NA|NA|NA|0|0|0|0|NA|0
"440070024001"|0|1|1|0|0|0|0|1|1|1|0|0|0|1|0|53440|53440|9750|9750|14295|559|170|606|60481890|99805.099009901|0
"440070036023"|0|2|2|0|0|1|0|2|2|2|0|0|0|2|0|113074|113074|113074|113074|30338|4117|680|2094|286326186|236939.709211764|0
"440070104003"|0|1|0|0|0|0|0|1|1|0|0|1|1|0|0|NA|NA|NA|NA|NA|0|0|0|0|NA|0
"440070116005"|0|1|0|0|0|0|0|1|1|0|0|1|1|0|0|NA|NA|NA|NA|NA|0|0|0|0|NA|0
"440070120003"|0|1|1|0|0|0|0|1|1|1|0|0|0|1|0|8835|23310|8316|16164|12488|478|137|638|56302148|88247.880877743|0
"440070126011"|0|1|1|0|0|0|0|1|1|1|0|0|0|1|0|45966|45966|26832|26832|15893|491|150|340|44902102|132065.005882353|0
"440070142001"|0|1|0|0|0|0|0|1|1|0|0|1|1|0|0|NA|NA|NA|NA|NA|0|0|0|0|NA|0
"440070142002"|0|1|0|0|0|0|0|1|1|0|0|1|1|0|0|NA|NA|NA|NA|NA|0|0|0|0|NA|0
"440070147006"|0|1|0|0|0|0|0|1|1|0|0|1|1|0|0|NA|NA|NA|NA|NA|0|0|0|0|NA|0
"440070151001"|0|1|0|0|0|0|0|1|1|0|0|1|1|0|0|NA|NA|NA|NA|NA|0|0|0|0|NA|0
"440090514001"|0|1|1|0|0|0|0|1|1|1|0|0|0|0|1|12922|30496|14096|27214|13352|1827|397|1544|154185120|99860.829015544|0
"450019502002"|0|1|1|0|0|0|0|1|1|1|0|0|1|0|0|34435|34435|13200|13200|11465|82|36|86|4514528|52494.511627907|0
"450030204011"|0|1|0|0|0|0|0|1|1|1|1|0|0|1|0|4896|6408|NA|NA|NA|78|37|104|5316768|51122.7692307692|0
"450030207021"|0|1|0|0|0|0|0|1|1|0|0|1|1|0|0|NA|NA|NA|NA|NA|0|0|0|0|NA|0
"450030213002"|0|1|1|0|0|0|0|1|1|1|0|0|0|1|0|10398|20856|13734|29760|7946|193|99|316|21084358|66722.6518987342|0
"450030213003"|0|1|0|0|0|0|0|1|1|0|0|1|1|0|0|NA|NA|NA|NA|NA|0|0|0|0|NA|0
"450059702012"|0|1|0|0|0|0|0|1|1|1|1|0|1|0|0|7158|17838|NA|NA|NA|36|21|44|2315234|52618.9545454545|0
"450070002003"|0|1|1|0|0|0|0|1|1|1|0|0|0|1|0|26820|26820|10140|10140|10640|256|122|326|21889548|67145.8527607362|0
"450070006001"|0|1|0|0|0|0|0|1|1|1|1|0|1|0|0|9900|9900|NA|NA|NA|0|0|0|0|NA|0
"450070101034"|0|1|0|0|0|0|0|1|1|0|0|1|1|0|0|NA|NA|NA|NA|NA|0|0|0|0|NA|0
"450070102001"|0|1|0|0|0|0|0|1|1|0|0|1|1|0|0|NA|NA|NA|NA|NA|0|0|0|0|NA|0
"450070107012"|0|1|0|0|0|0|0|1|1|1|1|0|0|1|0|5600|10016|NA|NA|NA|215|86|286|13765974|48132.7762237762|0
"450099601022"|0|2|0|2|0|0|0|2|2|2|1|0|2|0|0|17038|22445|NA|NA|14870|138|36|112|5087088|90681.2903225806|0
"450130007004"|0|1|0|0|0|0|0|1|1|1|1|0|0|1|0|5400|10680|NA|NA|NA|86|37|108|6848254|63409.7592592593|0
"450130021104"|0|1|1|0|0|0|0|1|1|1|0|0|0|1|0|10344|21390|13734|29760|8440|151|55|188|12900676|68620.6170212766|0
"450150207191"|0|1|0|0|0|0|0|1|1|0|0|1|1|0|0|NA|NA|NA|NA|NA|0|0|0|0|NA|0
"450190004001"|0|1|1|0|0|0|0|1|1|1|0|0|0|0|1|12518|32848|13770|36132|12959|940|333|1022|81187890|79440.2054794521|0
"450190006001"|0|1|1|0|0|1|0|1|1|1|0|0|0|1|0|15622|24508|16333|24304|NA|1748|100|268|32007658|119431.559701493|0
"450190027011"|0|2|0|0|0|0|0|2|2|0|0|2|2|0|0|NA|NA|NA|NA|NA|0|0|0|0|NA|0
"450190031042"|0|1|0|0|0|0|0|1|1|1|1|0|0|0|1|5024|8571|NA|NA|NA|401|142|490|26171042|53410.2897959184|0
"450190031052"|0|1|0|0|0|0|0|1|1|1|1|0|1|0|0|NA|NA|NA|NA|NA|29|17|24|1015264|42302.6666666667|0
"450190031111"|0|1|0|0|0|0|0|1|1|0|0|1|1|0|0|NA|NA|NA|NA|NA|0|0|0|0|NA|0
"450190031151"|0|1|1|0|0|0|0|1|1|1|0|0|0|1|0|27800|27800|7800|7800|10400|181|49|448|28300602|63170.9866071429|0
"450190031161"|0|1|0|0|0|0|0|1|1|1|1|0|1|0|0|NA|NA|NA|NA|NA|11|1|10|360246|36024.6|0
"450190054002"|0|1|0|0|0|0|0|1|1|1|0|0|1|0|0|19872|19872|NA|NA|NA|10|2|18|1046000|58111.1111111111|0
"450190055001"|0|1|0|0|0|0|0|1|1|0|0|1|1|0|0|NA|NA|NA|NA|NA|0|0|0|0|NA|0
"450190059002"|0|1|1|0|0|0|0|1|1|1|0|0|0|1|0|75|75|10740|18390|7332|433|130|416|33114174|79601.3798076923|0
"450219706012"|0|1|1|0|0|0|0|1|1|1|0|0|0|1|0|25200|25200|12350|12350|9900|188|84|188|10492278|55809.9893617021|0
"450259505032"|0|1|0|0|0|0|0|1|1|1|1|0|0|1|0|4460|7222|NA|NA|NA|58|25|48|2054528|42802.6666666667|0
"450310106001"|0|1|1|0|0|0|0|1|1|1|0|0|0|1|0|30864|30864|17800|17800|9892|95|39|138|8044270|58291.8115942029|0
"450350108181"|0|1|0|0|0|0|0|1|1|0|0|1|1|0|0|NA|NA|NA|NA|NA|0|0|0|0|NA|0
"450410001012"|0|2|0|0|0|0|0|2|2|1|1|1|1|1|0|NA|NA|NA|NA|NA|125|35|162|8465490|NA|0
"450410005011"|0|1|1|0|0|0|0|1|1|1|0|0|0|1|0|10384|20768|10612|21224|8230|293|104|424|29744380|70151.8396226415|0
"450450012031"|0|1|1|0|0|0|0|1|1|1|0|0|0|1|0|19288|19288|8793|8793|7900|428|186|332|15829522|47679.2831325301|0
"450450014001"|0|1|0|0|0|0|0|1|1|1|0|0|0|0|1|4824|9048|NA|NA|NA|346|124|692|29868340|43162.3410404624|0
"450450018041"|0|1|0|0|0|0|0|1|1|0|0|1|1|0|0|NA|NA|NA|NA|NA|0|0|0|0|NA|0
"450450028191"|0|1|0|0|0|0|0|1|1|0|0|1|1|0|0|NA|NA|NA|NA|NA|0|0|0|0|NA|0
"450450038031"|0|1|1|0|0|0|0|1|1|1|0|0|0|1|0|51712|51712|7513|7513|13362|623|209|520|43972738|84562.9576923077|0
"450450040032"|0|1|1|0|0|0|0|1|1|1|0|0|0|1|0|22050|22050|11400|11400|10500|273|118|308|18096894|58756.1493506493|0
"450450043004"|0|1|0|0|0|0|0|1|1|0|0|1|1|0|0|NA|NA|NA|NA|NA|0|0|0|0|NA|0
"450450044001"|0|1|1|0|0|0|0|1|1|1|0|0|0|1|0|13320|13320|14940|14940|NA|0|0|0|0|NA|0
"450479702012"|0|1|0|0|0|0|0|1|1|0|0|1|1|0|0|NA|NA|NA|NA|NA|0|0|0|0|NA|0
"450479703013"|0|1|1|0|0|0|0|1|1|1|0|0|0|1|0|10700|20300|8856|16844|10570|315|51|310|17557976|56638.6322580645|0
"450479706021"|0|1|0|0|0|0|0|1|1|1|1|0|0|1|0|5070|6348|NA|NA|NA|146|71|232|11123448|47945.8965517241|0
"450510503032"|0|1|0|0|0|0|0|1|1|0|0|1|1|0|0|NA|NA|NA|NA|NA|0|0|0|0|NA|0
"450510604041"|0|1|0|0|0|0|0|1|1|1|1|0|1|0|0|NA|NA|NA|NA|NA|13|2|8|327970|40996.25|0
"450510604051"|0|2|1|0|0|0|0|2|2|2|1|0|0|1|1|16548|35566|NA|NA|NA|946|299|1302|86901362|124992.961466517|0
"450559705001"|0|1|0|0|0|0|0|1|1|0|0|1|1|0|0|NA|NA|NA|NA|NA|0|0|0|0|NA|0
"450570109001"|0|1|0|0|0|0|0|1|1|1|1|0|0|1|0|7158|17838|NA|NA|NA|44|21|106|6141078|57934.6981132075|0
"450599208001"|0|1|1|0|0|0|0|1|1|1|0|0|0|1|0|37400|37400|53400|53400|10900|195|108|202|16283710|80612.4257425743|0
"450630205111"|0|1|0|0|0|0|0|1|1|0|0|1|1|0|0|NA|NA|NA|NA|NA|0|0|0|0|NA|0
"450639801001"|0|1|0|0|0|0|0|1|1|1|1|0|0|1|0|5640|13536|NA|NA|NA|357|145|434|24287890|55962.8801843318|0
"450679506002"|0|1|0|0|0|0|0|1|1|0|0|1|1|0|0|NA|NA|NA|NA|NA|0|0|0|0|NA|0
"450719502042"|0|1|0|0|0|0|0|1|1|1|0|0|0|1|0|25650|25650|NA|NA|11300|120|58|152|8361170|55007.6973684211|0
"450750111002"|0|1|0|0|0|0|0|1|1|1|1|0|0|1|0|5544|7320|NA|NA|NA|94|25|132|6497134|49220.7121212121|0
"450750112001"|0|1|1|1|0|0|0|1|1|1|0|0|0|1|0|9528|20218|9928|21038|9000|382|150|260|17026592|65486.8923076923|0
"450750112002"|0|1|1|1|0|0|0|1|1|1|0|0|0|1|0|16476|16476|11653|11653|9480|190|76|238|15744126|66151.7899159664|0
"450750113001"|0|1|0|0|0|0|0|1|1|0|0|1|1|0|0|NA|NA|NA|NA|NA|0|0|0|0|NA|0
"450770111051"|0|1|1|0|0|0|0|1|1|1|0|0|0|1|0|24926|24926|13560|13560|9370|137|42|110|5997482|54522.5636363636|0
"450770112022"|0|1|1|0|0|0|0|1|1|1|0|0|0|0|1|14118|37110|10600|22050|11850|4080|951|2720|261302410|96067.0625|0
"450790001002"|0|1|1|0|0|0|0|1|1|1|0|0|0|1|0|17791|17791|10671|10671|8300|87|36|94|5592524|59494.9361702128|0
"450790002002"|0|1|0|0|0|0|0|1|0|1|0|0|1|0|0|5148|5148|NA|NA|NA|0|0|2|90000|45000|0
"450790010001"|0|1|1|1|0|0|0|1|1|1|0|0|0|1|0|14600|14600|9900|9900|6600|168|52|176|10310540|58582.6136363636|0
"450790013004"|0|1|1|1|0|0|0|1|1|1|0|0|1|0|0|12540|12540|8100|8100|7894|72|16|82|3999950|48779.8780487805|0
"450790016001"|0|1|0|0|0|0|0|1|1|0|0|1|1|0|0|NA|NA|NA|NA|NA|0|0|0|0|NA|0
"450790029001"|0|2|1|0|0|1|0|2|2|1|0|1|1|0|1|NA|NA|NA|NA|NA|3762|1311|2952|305769644|NA|0
"450790104031"|0|2|0|0|0|0|0|2|2|1|1|1|2|0|0|NA|NA|NA|NA|NA|19|9|20|817230|NA|0
"450790104032"|0|1|0|0|0|0|0|1|1|1|1|0|1|0|0|13938|13938|NA|NA|NA|20|8|20|1345980|67299|0
"450790105011"|0|1|1|0|0|0|0|1|1|1|0|0|0|1|0|23550|23550|9540|9540|8950|198|79|96|5662124|58980.4583333333|0
"450790114211"|0|1|1|0|0|0|0|1|1|1|0|0|1|0|0|16920|16920|15600|15600|NA|50|4|38|3192920|84024.2105263158|0
"450790116071"|0|1|0|0|0|0|0|1|1|0|0|1|1|0|0|NA|NA|NA|NA|NA|0|0|0|0|NA|0
"450790116081"|0|1|0|0|0|0|0|1|1|0|0|1|1|0|0|NA|NA|NA|NA|NA|0|0|0|0|NA|0
"450830203013"|0|1|0|0|0|0|0|1|1|1|0|0|0|1|0|46010|46010|NA|NA|13790|279|67|284|21281818|74935.9788732394|0
"450830212001"|0|1|1|0|0|0|0|1|1|1|0|0|0|1|0|19500|19500|8736|8736|11600|132|72|168|9519336|56662.7142857143|0
"450830213031"|0|1|0|0|0|0|0|1|1|0|0|1|1|0|0|NA|NA|NA|NA|NA|0|0|0|0|NA|0
"450830217003"|0|1|0|0|0|0|0|1|1|1|0|0|0|1|0|15750|15750|NA|NA|11510|125|32|74|4168344|56328.972972973|0
"450830218033"|0|0|1|0|0|0|0|1|1|1|0|0|1|0|0|NA|NA|NA|NA|NA|64|27|74|5671108|76636.5945945946|0
"450830218062"|0|1|1|0|0|0|0|1|1|1|0|0|0|1|0|11208|22710|13734|29760|8598|298|133|464|30677234|66114.7284482759|0
"450830219041"|0|1|0|0|0|0|0|1|1|1|1|0|0|1|0|5880|9672|NA|NA|NA|196|78|248|12975498|52320.5564516129|0
"450830220071"|0|1|0|0|0|0|0|1|1|0|0|1|1|0|0|NA|NA|NA|NA|NA|0|0|0|0|NA|0
"450850008003"|0|1|0|0|0|0|0|1|1|0|0|1|1|0|0|NA|NA|NA|NA|NA|0|0|0|0|NA|0
"450850009012"|0|2|0|0|0|0|0|2|2|2|2|0|0|2|0|13512|26614|NA|NA|NA|178|70|258|16130250|122940.869230769|0
"450870303002"|0|1|0|0|0|0|0|1|1|1|1|0|0|1|0|7158|17838|NA|NA|NA|24|11|30|1794720|59824|0
"450899705014"|0|1|0|0|0|0|0|1|1|1|1|0|1|0|0|4608|8400|NA|NA|NA|39|12|50|2052812|41056.24|0
"450910604011"|0|1|0|1|0|0|0|1|1|1|0|0|1|0|0|9920|9920|NA|NA|9551|36|5|20|727900|36395|0
"450910606001"|0|1|1|0|0|0|0|1|1|1|0|0|0|1|0|15306|29636|15318|29506|9810|519|215|568|40432576|71184.1126760563|0
"450910608041"|0|1|0|0|0|0|0|1|1|0|0|1|1|0|0|NA|NA|NA|NA|NA|0|0|0|0|NA|0
"450910609011"|0|1|0|0|0|0|0|1|1|1|1|0|0|1|0|4776|9720|NA|NA|NA|180|30|222|11321430|50997.4324324324|0
"460119588041"|0|1|1|0|0|0|0|1|1|1|0|0|0|0|0|4680|4680|7506|7506|NA|0|0|0|0|NA|0
"460119589002"|0|1|1|0|0|0|0|1|1|1|0|0|0|0|1|7697|11172|8083|15541|8069|1234|308|994|81579116|82071.5452716298|0
"460139513001"|0|1|1|0|0|0|0|1|1|1|0|0|1|0|0|20995|20995|15576|15576|10128|67|24|68|3303458|48580.2647058823|0
"460139516001"|0|1|1|0|0|0|0|1|1|1|0|0|0|1|0|7540|10611|5939|11088|8925|236|78|178|12077362|67850.3483146067|0
"460279659002"|0|1|1|0|0|1|0|1|1|1|0|0|0|1|0|7697|11172|6062|11656|8410|721|223|796|61783290|77617.1984924623|0
"460299543011"|0|1|0|0|0|0|0|1|1|1|1|0|0|1|0|3630|3630|NA|NA|NA|82|20|222|13516702|60886.045045045|0
"460359629004"|0|1|1|0|0|0|0|1|1|1|0|0|1|0|0|28700|28700|15300|15300|7350|97|40|88|5095060|57898.4090909091|0
"460359629005"|0|1|0|0|0|0|0|1|1|1|1|0|0|1|0|3993|3993|NA|NA|NA|43|3|132|8145770|61710.3787878788|0
"460799602022"|0|1|1|0|0|0|0|1|1|1|0|0|0|1|0|7541|10611|5939|11088|7148|208|77|206|15357902|74552.9223300971|0
"460819663012"|0|1|1|0|0|0|0|1|1|1|0|0|0|1|0|7541|10611|8384|8384|7200|207|58|238|15247076|64063.3445378151|0
"460990002013"|0|1|0|0|0|0|0|1|1|0|0|1|1|0|0|NA|NA|NA|NA|NA|0|0|0|0|NA|0
"460990005002"|0|1|0|0|0|0|0|1|1|0|0|1|1|0|0|2600|2600|NA|NA|NA|0|0|0|0|NA|0
"460990015012"|0|1|1|0|0|0|0|1|1|1|0|0|1|0|0|3600|3600|3600|3600|NA|6|2|10|593576|59357.6|0
"460990015023"|0|1|1|0|0|0|0|1|1|1|0|0|0|1|0|19170|19170|7110|7110|7770|109|57|110|6864028|62400.2545454545|0
"460990104054"|0|1|0|0|0|0|0|1|1|1|1|0|0|1|0|3630|3630|NA|NA|8405|83|21|196|11895882|60693.2755102041|0
"460990106002"|0|1|0|0|0|0|0|1|1|0|0|1|1|0|0|NA|NA|NA|NA|NA|0|0|0|0|NA|0
"460990106005"|0|1|1|0|0|0|0|1|1|1|0|0|0|1|0|34934|34934|35530|35530|8616|220|71|260|16172800|62203.0769230769|0
"461029412001"|0|1|1|0|0|0|1|1|1|1|0|0|0|1|0|2016|2016|2070|2070|7200|100|17|118|6401874|54253.1694915254|0
"461030102021"|0|1|0|0|0|0|0|1|1|0|0|1|1|0|0|NA|NA|NA|NA|NA|0|0|0|0|NA|0
"461030102022"|0|1|0|0|0|0|0|1|1|0|0|1|1|0|0|NA|NA|NA|NA|NA|0|0|0|0|NA|0
"461030105002"|0|1|1|0|0|0|0|1|1|1|0|0|0|1|0|7740|12120|8320|16300|7980|219|43|314|28160998|89684.7070063694|0
"461030109061"|0|1|0|0|0|0|0|1|1|1|1|0|0|1|0|3388|3388|NA|NA|NA|53|7|96|5763464|60036.0833333333|0
"461030110023"|0|1|2|0|0|0|0|2|2|1|0|0|0|1|0|NA|NA|NA|NA|NA|93|10|2|1e+05|NA|0
"461030118002"|0|1|0|0|0|0|0|1|1|1|0|0|1|0|0|6000|6000|NA|NA|NA|2|0|0|0|NA|0
"461099408001"|0|1|0|0|0|0|1|1|1|1|1|0|1|0|0|3850|3850|NA|NA|3000|41|9|18|816090|45338.3333333333|0
"461219402002"|0|1|1|0|0|0|1|1|1|1|0|0|1|0|0|2640|2640|1500|1500|NA|91|30|34|1477466|43454.8823529412|0
"461359663024"|0|2|1|0|0|0|0|2|2|1|0|1|1|1|0|28926|28926|NA|NA|NA|79|27|90|6508750|NA|0
"470039506004"|0|1|0|0|0|0|0|1|1|0|0|1|1|0|0|NA|NA|NA|NA|NA|0|0|0|0|NA|0
"470090106001"|0|1|0|0|0|0|0|1|1|1|0|0|0|1|0|35448|35448|NA|NA|12004|185|71|148|9567162|64642.9864864865|0
"470110101003"|0|1|0|0|0|0|0|1|1|0|0|1|1|0|0|NA|NA|NA|NA|NA|0|0|0|0|NA|0
"470110104001"|0|1|1|0|0|0|0|1|1|1|0|0|1|0|0|2400|2400|11472|11472|NA|24|7|18|1164410|64689.4444444444|0
"470110105001"|0|1|1|0|0|0|0|1|1|1|0|0|0|1|0|18840|18840|14130|14130|8260|397|165|368|25407640|69042.5|0
"470110112042"|0|1|0|0|0|0|0|1|1|1|1|0|0|1|0|4032|16608|NA|NA|NA|124|48|156|8573842|54960.5256410256|0
"470139504002"|0|1|0|0|0|0|0|1|1|0|0|1|1|0|0|NA|NA|NA|NA|NA|0|0|0|0|NA|0
"470179622021"|0|1|0|0|0|0|0|1|1|0|0|1|1|0|0|NA|NA|NA|NA|NA|0|0|0|0|NA|0
"470179622023"|0|1|1|0|0|0|0|1|1|1|0|0|0|1|0|12351|12351|11382|11382|9368|254|132|318|12991898|40855.0251572327|0
"470190709001"|0|1|1|0|0|0|0|1|1|1|0|0|0|1|0|34150|34150|8755|8755|7400|121|59|194|12002118|61866.587628866|0
"470190712001"|0|1|0|0|0|0|0|1|1|0|0|1|1|0|0|NA|NA|NA|NA|NA|0|0|0|0|NA|0
"470239702003"|0|1|1|0|0|0|0|1|1|1|0|0|0|1|0|22950|22950|10980|10980|7950|192|65|198|13242772|66882.6868686869|0
"470259703001"|0|1|1|0|0|1|0|1|1|1|0|0|0|1|0|23040|23040|20705|20705|8500|380|125|276|20681910|74934.4565217391|0
"470259709002"|0|1|0|0|0|0|0|1|1|0|0|1|1|0|0|NA|NA|NA|NA|NA|0|0|0|0|NA|0
"470319704021"|0|1|0|0|0|0|0|1|1|0|0|1|1|0|0|NA|NA|NA|NA|NA|0|0|0|0|NA|0
"470359705023"|0|1|0|0|0|0|0|1|1|0|0|1|1|0|0|NA|NA|NA|NA|NA|0|0|0|0|NA|0
"470370103032"|0|1|0|0|0|0|0|1|1|0|0|1|1|0|0|NA|NA|NA|NA|NA|0|0|0|0|NA|0
"470370104012"|0|1|0|0|0|0|0|1|1|0|0|1|1|0|0|NA|NA|NA|NA|NA|0|0|0|0|NA|0
"470370106021"|0|0|1|0|0|0|0|1|1|1|0|0|1|0|0|NA|NA|NA|NA|NA|19|4|12|2422864|201905.333333333|0
"470370108021"|0|1|0|0|0|0|0|1|1|1|0|0|1|0|0|18900|18900|NA|NA|NA|17|4|6|560000|93333.3333333333|0
"470370117005"|0|1|0|0|0|0|0|1|1|1|1|0|0|1|0|NA|NA|NA|NA|NA|85|20|110|8416004|76509.1272727273|0
"470370127021"|0|1|0|1|0|0|0|1|1|1|0|0|1|0|0|11160|11160|NA|NA|8640|26|2|6|324000|54000|0
"470370128023"|0|1|0|0|0|0|0|1|1|1|1|0|1|0|0|NA|NA|NA|NA|NA|8|3|22|2118800|96309.0909090909|0
"470370136003"|0|1|1|1|0|0|0|1|1|1|0|0|0|1|0|7854|20574|9276|19752|7612|790|336|732|58258886|79588.6420765027|0
"470370137021"|0|1|1|0|0|0|0|1|0|0|0|0|0|0|0|NA|NA|NA|NA|NA|0|0|0|0|NA|0
"470370142002"|0|1|2|2|1|1|0|2|2|2|0|0|2|0|0|NA|NA|47415|47415|NA|124|37|112|6513434|NA|0
"470370151002"|0|1|0|0|0|0|0|1|1|1|0|0|1|0|0|20724|20724|NA|NA|NA|8|0|6|279978|46663|0
"470370153004"|0|1|0|0|0|0|0|1|1|0|0|1|1|0|0|NA|NA|NA|NA|NA|0|0|0|0|NA|0
"470370155023"|0|1|0|0|0|0|0|1|1|1|1|0|1|0|0|16565|16565|NA|NA|NA|35|16|22|1241536|56433.4545454545|0
"470370156131"|0|2|1|0|0|0|0|2|2|2|1|0|2|0|0|30639|30639|NA|NA|NA|27|6|32|2359494|162866.357142857|0
"470370156193"|0|0|0|0|0|0|0|1|0|0|0|0|0|0|0|NA|NA|NA|NA|NA|0|0|0|0|NA|0
"470370159001"|0|2|1|0|0|0|0|2|2|1|0|1|1|1|0|NA|NA|NA|NA|NA|210|109|188|12634060|NA|0
"470370163001"|0|1|0|0|0|0|0|1|1|1|0|0|1|0|0|31800|31800|NA|NA|NA|13|3|12|490260|40855|0
"470370164003"|0|1|1|0|0|0|0|1|1|1|0|0|0|1|0|35310|35310|23400|23400|12890|587|189|766|83683104|109246.872062663|0
"470370165002"|0|1|1|0|0|1|0|1|1|1|0|0|0|0|1|52781|52781|50082|50082|17670|3700|778|2272|313673602|138060.564260563|0
"470370177022"|0|1|1|0|0|0|0|1|1|1|0|0|0|1|0|32080|32080|18000|18000|13804|597|211|464|39985362|86175.349137931|0
"470370181022"|0|2|0|0|0|0|0|2|2|1|1|1|1|1|0|NA|NA|NA|NA|NA|229|139|288|15665806|NA|0
"470370191103"|0|1|0|0|0|0|0|1|1|0|0|1|1|0|0|NA|NA|NA|NA|NA|0|0|0|0|NA|0
"470370195013"|0|1|0|0|0|0|0|1|1|1|1|0|1|0|0|10523|10523|NA|NA|8000|5|3|6|427500|71250|0
"470430606024"|0|1|0|0|0|0|0|1|1|0|0|1|1|0|0|NA|NA|NA|NA|NA|0|0|0|0|NA|0
"470459640012"|0|1|0|0|0|0|0|1|1|0|0|1|1|0|0|NA|NA|NA|NA|NA|0|0|0|0|NA|0
"470459642001"|0|1|0|0|0|0|0|1|1|1|1|0|0|1|0|4032|16608|NA|NA|NA|140|64|94|5271884|56083.8723404255|0
"470519607003"|0|1|1|0|0|0|0|1|1|1|0|0|0|1|0|46960|46960|17963|17963|13700|502|162|340|28986570|85254.6176470588|0
"470539665022"|0|1|0|0|0|0|0|1|1|0|0|1|1|0|0|NA|NA|NA|NA|NA|0|0|0|0|NA|0
"470559202003"|0|1|1|0|0|0|0|1|1|1|0|0|1|0|0|23650|23650|8910|8910|8600|68|32|84|4484744|53389.8095238095|0
"470559204001"|0|1|0|0|0|0|0|1|1|0|0|1|1|0|0|NA|NA|NA|NA|NA|0|0|0|0|NA|0
"470590902001"|0|1|1|0|0|0|0|1|1|1|0|0|0|1|0|25350|25350|7200|7200|9450|177|78|128|6636452|51847.28125|0
"470631002003"|0|1|0|0|0|0|0|1|1|1|1|0|0|1|0|4032|16903|NA|NA|NA|250|100|324|19041274|58769.3641975309|0
"470631003001"|0|1|0|0|0|0|0|1|1|0|0|1|1|0|0|NA|NA|NA|NA|NA|0|0|0|0|NA|0
"470650011001"|0|0|1|0|0|0|0|1|1|1|0|0|1|0|0|NA|NA|19359|19359|NA|45|16|28|2257324|80618.7142857143|0
"470650104321"|0|1|0|0|0|0|0|1|1|1|1|0|1|0|0|10665|10665|NA|NA|NA|19|5|28|1179462|42123.6428571429|0
"470650112031"|0|1|1|0|0|0|0|1|1|1|0|0|0|1|0|22060|22060|11700|11700|8170|299|120|278|16356692|58837.0215827338|0
"470650114111"|0|2|0|0|0|0|0|2|2|1|1|1|0|1|0|NA|NA|NA|NA|NA|387|158|462|26594050|NA|0
"470650114454"|0|1|0|0|0|0|0|1|1|1|1|0|1|0|0|NA|NA|NA|NA|NA|18|2|14|545924|38994.5714285714|0
"470650124002"|0|1|1|0|0|0|0|1|1|1|0|0|0|0|1|7836|23954|8450|16514|9500|878|267|996|80913482|81238.4357429719|0
"470699502002"|0|1|0|0|0|0|0|1|1|0|0|1|1|0|0|NA|NA|NA|NA|NA|0|0|0|0|NA|0
"470719202004"|0|1|0|0|0|0|0|1|1|0|0|1|1|0|0|NA|NA|NA|NA|NA|0|0|0|0|NA|0
"470779753022"|0|1|0|0|0|0|0|1|1|0|0|1|1|0|0|NA|NA|NA|NA|NA|0|0|0|0|NA|0
"470799695023"|0|1|0|0|0|0|0|1|1|0|0|1|1|0|0|NA|NA|NA|NA|NA|0|0|0|0|NA|0
"470890703003"|0|1|1|0|0|0|0|1|1|1|0|0|0|1|0|28200|28200|9387|9387|8894|214|108|230|12091916|52573.547826087|0
"470930009011"|0|2|2|0|0|1|0|2|2|1|0|0|0|0|1|NA|NA|NA|NA|NA|5653|1341|3330|356763072|NA|0
"470930026002"|0|1|0|0|0|0|0|1|1|0|0|1|1|0|0|NA|NA|NA|NA|NA|0|0|0|0|NA|0
"470930038014"|0|1|1|0|0|0|0|1|1|1|0|0|0|1|0|16450|16450|27025|27025|NA|302|150|474|43317278|91386.6624472574|0
"470930038022"|0|1|0|0|0|0|0|1|1|0|0|1|1|0|0|NA|NA|NA|NA|NA|0|0|0|0|NA|0
"470930044031"|0|1|0|0|0|0|0|1|1|0|0|1|1|0|0|NA|NA|NA|NA|NA|0|0|0|0|NA|0
"470930055021"|0|1|1|0|0|0|0|1|1|1|0|0|0|1|0|16400|16400|11750|11750|7952|128|42|82|5591116|68184.3414634146|0
"470930057061"|0|1|0|0|0|0|0|1|1|0|0|1|1|0|0|NA|NA|NA|NA|NA|0|0|0|0|NA|0
"470930059071"|0|1|0|0|0|0|0|1|1|1|1|0|0|1|0|4032|16608|NA|NA|NA|275|171|462|28104240|60831.6883116883|0
"470930062072"|0|1|1|0|0|0|0|1|1|1|0|0|1|0|0|6360|6360|7200|7200|NA|5|0|4|108354|27088.5|0
"470970505041"|0|1|0|0|0|0|0|1|1|0|0|1|1|0|0|NA|NA|NA|NA|NA|0|0|0|0|NA|0
"470999605023"|0|1|0|0|0|0|0|1|1|0|0|1|1|0|0|NA|NA|NA|NA|NA|0|0|0|0|NA|0
"471019702002"|0|1|0|0|0|0|0|1|1|0|0|1|1|0|0|NA|NA|NA|NA|NA|0|0|0|0|NA|0
"471039753003"|0|1|0|0|0|0|0|1|1|0|0|1|1|0|0|NA|NA|NA|NA|NA|0|0|0|0|NA|0
"471079702011"|0|1|0|0|0|0|0|1|1|0|0|1|1|0|0|NA|NA|NA|NA|NA|0|0|0|0|NA|0
"471079703003"|0|1|1|0|0|0|0|1|1|1|0|0|0|1|0|24600|24600|18490|18490|8210|78|32|142|7637414|53784.6056338028|0
"471130003004"|0|1|0|0|0|0|0|1|1|0|0|1|1|0|0|NA|NA|NA|NA|NA|0|0|0|0|NA|0
"471130005001"|0|1|0|1|0|0|0|1|1|1|0|0|0|1|0|9270|9270|NA|NA|7610|108|40|114|5583922|48981.7719298246|0
"471130005003"|0|1|0|0|0|0|0|1|1|1|1|0|0|1|0|4032|12576|NA|NA|NA|139|88|186|11330508|60916.7096774194|0
"471130014012"|0|1|0|0|0|0|0|1|1|0|0|1|1|0|0|NA|NA|NA|NA|NA|0|0|0|0|NA|0
"471130016051"|0|1|1|0|0|0|0|1|1|1|0|0|0|1|0|22080|22080|10625|10625|10400|232|88|446|33868190|75937.6457399103|0
"471190108023"|0|1|0|0|0|0|0|1|1|1|1|0|0|1|0|4242|17448|NA|NA|NA|129|49|212|10682620|50389.7169811321|0
"471251002001"|0|1|0|0|0|0|0|1|1|0|0|1|1|0|0|NA|NA|NA|NA|NA|0|0|0|0|NA|0
"471251008003"|0|1|1|0|0|0|0|1|1|1|0|0|0|0|1|6720|12264|8100|13086|12120|650|412|782|56987872|72874.5166240409|0
"471251011012"|0|1|0|0|0|0|0|1|1|0|0|1|1|0|0|NA|NA|NA|NA|NA|0|0|0|0|NA|0
"471251013041"|0|1|0|0|0|0|0|1|1|1|1|0|1|0|0|NA|NA|NA|NA|NA|7|1|6|262080|43680|0
"471251020052"|0|1|0|0|0|0|0|1|1|1|0|0|1|0|0|19884|19884|NA|NA|NA|23|0|22|1274414|57927.9090909091|0
"471279302001"|0|1|0|0|0|0|0|1|1|1|1|0|0|1|0|4032|16608|NA|NA|NA|166|47|262|13995528|53418.0458015267|0
"471339503013"|0|1|0|0|0|0|0|1|1|0|0|1|0|1|0|NA|NA|NA|NA|NA|0|0|0|0|NA|0
"471410004001"|0|1|0|0|0|0|0|1|1|0|0|1|1|0|0|NA|NA|NA|NA|NA|0|0|0|0|NA|0
"471410006001"|0|1|0|0|0|0|0|1|1|1|1|0|1|0|0|15225|15225|NA|NA|NA|13|4|26|1635328|62897.2307692308|0
"471410007001"|0|1|0|0|0|0|0|1|1|0|0|1|1|0|0|NA|NA|NA|NA|NA|0|0|0|0|NA|0
"471410008001"|0|1|1|0|0|0|0|1|1|1|0|0|0|0|1|8358|18390|10280|19220|8850|787|310|892|67405236|75566.4080717489|0
"471439754012"|0|1|1|0|0|0|0|1|1|1|0|0|0|1|0|16900|16900|9630|9630|7800|107|28|78|4298512|55109.1282051282|0
"471439754014"|0|0|1|0|0|0|0|1|1|1|0|0|1|0|0|NA|NA|6000|6000|NA|6|1|8|73400|9175|0
"471450305001"|0|1|0|0|0|0|0|1|1|1|1|0|0|1|0|4242|17448|NA|NA|NA|167|46|224|12893642|57560.9017857143|0
"471450308021"|0|1|0|0|0|0|0|1|1|0|0|1|1|0|0|NA|NA|NA|NA|NA|0|0|0|0|NA|0
"471490409011"|0|1|0|0|0|0|0|1|1|0|0|1|1|0|0|NA|NA|NA|NA|NA|0|0|0|0|NA|0
"471490415001"|0|1|1|0|0|0|0|1|1|1|0|0|0|0|1|7200|25872|8946|24768|9286|1279|637|1892|149939774|79249.3520084567|0
"471490418001"|0|1|0|0|0|0|0|1|1|0|0|1|1|0|0|NA|NA|NA|NA|NA|0|0|0|0|NA|0
"471490418003"|0|2|0|0|0|0|0|3|2|1|0|1|2|0|0|NA|NA|NA|NA|NA|6|2|10|453816|NA|0
"471519752004"|0|1|0|0|0|0|0|1|1|0|0|1|1|0|0|NA|NA|NA|NA|NA|0|0|0|0|NA|0
"471570003001"|0|1|0|0|0|0|0|1|1|0|0|1|1|0|0|NA|NA|NA|NA|NA|0|0|0|0|NA|0
"471570016001"|0|2|2|0|0|0|0|2|2|1|0|0|0|1|0|NA|NA|NA|NA|NA|312|86|364|28775716|NA|0
"471570025002"|0|1|0|0|0|0|0|1|1|1|1|0|1|0|0|7223|7223|NA|NA|NA|15|0|36|1792316|49786.5555555556|0
"471570030003"|0|1|0|0|0|0|0|1|1|0|0|1|1|0|0|NA|NA|NA|NA|NA|0|0|0|0|NA|0
"471570031001"|0|1|1|0|0|0|0|1|1|1|0|0|0|1|0|33900|33900|13078|13078|9417|186|49|226|15220750|67348.4513274336|0
"471570031002"|0|0|1|0|0|0|0|1|1|1|0|0|1|0|0|NA|NA|15860|15860|NA|16|3|20|1213222|60661.1|0
"471570032001"|0|1|0|0|0|0|0|1|1|0|0|1|1|0|0|NA|NA|NA|NA|NA|0|0|0|0|NA|0
"471570036002"|0|0|1|0|0|0|0|1|1|1|0|0|1|0|0|NA|NA|NA|NA|NA|121|46|106|12803316|120786|0
"471570038001"|0|2|2|0|0|1|0|2|2|2|0|0|1|1|0|20502|32586|NA|NA|NA|1216|268|722|87097096|210119.617067723|0
"471570073003"|0|1|1|0|0|0|0|1|1|1|0|0|0|0|1|8208|12048|9216|12672|10175|1758|312|1772|143374254|80910.9785553047|0
"471570074001"|0|1|0|0|0|0|0|1|1|0|0|1|1|0|0|NA|NA|NA|NA|NA|0|0|0|0|NA|0
"471570085002"|0|1|0|0|0|0|0|1|1|0|0|1|1|0|0|NA|NA|NA|NA|NA|0|0|0|0|NA|0
"471570096003"|0|1|0|0|0|0|0|1|1|1|1|0|0|1|0|NA|NA|NA|NA|NA|67|22|80|4322944|54036.8|0
"471570106103"|0|1|0|0|0|0|0|1|1|1|0|0|1|0|0|6624|6624|NA|NA|3400|12|1|6|230000|38333.3333333333|0
"471570107101"|0|1|1|0|0|0|0|1|1|1|0|0|0|1|0|13320|13320|14940|14940|NA|0|0|0|0|NA|0
"471570113001"|0|1|0|0|0|0|0|1|1|0|0|1|0|1|0|NA|NA|NA|NA|NA|0|0|0|0|NA|0
"471570114012"|0|1|0|0|0|0|0|1|1|0|0|1|1|0|0|NA|NA|NA|NA|NA|0|0|0|0|NA|0
"471570114013"|0|1|0|0|0|0|0|1|1|1|1|0|0|1|0|4032|16608|NA|NA|NA|369|106|378|20801218|55029.6772486772|0
"471570114022"|0|1|1|0|0|0|0|1|1|1|0|0|1|0|0|20000|20000|NA|NA|6000|18|2|18|842332|46796.2222222222|0
"471570116004"|0|1|0|1|0|0|0|1|1|1|0|0|1|0|0|10776|10776|NA|NA|6100|75|16|78|4027108|51629.5897435897|0
"471570206324"|0|1|0|0|0|0|0|1|1|0|0|1|1|0|0|NA|NA|NA|NA|NA|0|0|0|0|NA|0
"471570213203"|0|1|0|0|0|0|0|1|1|0|0|1|1|0|0|NA|NA|NA|NA|NA|0|0|0|0|NA|0
"471570225001"|0|1|0|0|0|0|0|1|1|1|0|0|1|0|0|15498|15498|NA|NA|NA|24|4|36|1649678|45824.3888888889|0
"471630428022"|0|1|1|0|0|0|0|1|1|1|0|0|0|1|0|30106|30106|19500|19500|9386|153|63|168|10550738|62802.0119047619|0
"471630435002"|0|1|0|0|0|0|0|1|1|1|1|0|0|1|0|4032|16608|NA|NA|NA|224|123|256|14505482|56662.0390625|0
"471650205011"|0|2|1|0|0|0|0|2|2|2|1|0|1|1|0|23614|36190|NA|NA|NA|319|192|412|23964334|100621.163120567|0
"471650212052"|0|2|0|0|0|0|0|2|2|0|0|2|2|0|0|NA|NA|NA|NA|NA|0|0|0|0|NA|0
"471670407005"|0|1|0|0|0|0|0|1|1|0|0|1|1|0|0|NA|NA|NA|NA|NA|0|0|0|0|NA|0
"471690902002"|0|1|0|0|0|0|0|1|1|0|0|1|1|0|0|NA|NA|NA|NA|NA|0|0|0|0|NA|0
"471779305003"|0|1|0|0|0|0|0|1|1|0|0|1|1|0|0|NA|NA|NA|NA|NA|0|0|0|0|NA|0
"471790601001"|0|1|0|0|0|0|0|1|1|0|0|1|1|0|0|NA|NA|NA|NA|NA|0|0|0|0|NA|0
"471790607001"|0|1|1|0|0|1|0|1|1|1|0|0|0|0|1|7340|25487|8640|23760|8938|1156|397|1188|88700674|74663.867003367|0
"471790613012"|0|1|0|0|0|0|0|1|1|0|0|1|1|0|0|NA|NA|NA|NA|NA|0|0|0|0|NA|0
"471839682021"|0|1|1|0|0|0|0|1|1|1|0|0|0|1|0|8214|14254|9096|15136|6398|498|166|586|40883568|69767.180887372|0
"471870503061"|0|1|0|0|0|0|0|1|1|0|0|1|1|0|0|NA|NA|NA|NA|NA|0|0|0|0|NA|0
"471870503072"|0|1|1|0|0|0|0|1|1|1|0|0|1|0|0|13500|13500|10350|10350|NA|7|4|4|35600|8900|0
"471870506012"|0|1|0|0|0|0|0|1|1|0|0|1|1|0|0|NA|NA|NA|NA|NA|0|0|0|0|NA|0
"471890303053"|0|1|0|0|0|0|0|1|1|0|0|1|1|0|0|NA|NA|NA|NA|NA|0|0|0|0|NA|0
"471890304011"|0|1|0|0|0|0|0|1|1|0|0|1|1|0|0|NA|NA|NA|NA|NA|0|0|0|0|NA|0
"471890306003"|0|1|1|0|0|0|0|1|1|1|0|0|0|1|0|24336|24336|7020|7020|8190|111|47|158|8726250|55229.4303797468|0
"480050008003"|0|1|0|0|0|0|0|1|1|0|0|1|1|0|0|NA|NA|NA|NA|NA|0|0|0|0|NA|0
"480050009021"|0|1|0|0|0|0|0|1|1|1|1|0|0|1|0|3300|4650|NA|NA|5500|138|44|198|10390190|52475.7070707071|0
"480219504011"|0|1|0|0|0|0|0|1|1|1|0|0|1|0|0|19260|19260|NA|NA|NA|13|1|4|218276|54569|0
"480259503002"|0|1|0|0|0|0|0|1|1|1|1|0|0|1|0|3960|4410|NA|NA|5100|127|64|94|4664560|49622.9787234043|0
"480270210004"|0|1|0|0|0|0|0|1|1|1|1|0|0|1|0|1848|2832|NA|NA|NA|157|73|262|14810346|56528.0381679389|0
"480270211012"|0|1|0|0|0|0|0|1|1|0|0|1|1|0|0|NA|NA|NA|NA|NA|0|0|0|0|NA|0
"480270216021"|0|1|1|0|0|0|0|1|1|1|0|0|0|1|0|26600|26600|17460|17460|9134|326|89|326|24647696|75606.4294478528|0
"480270222002"|0|1|0|0|0|0|0|1|1|0|0|1|1|0|0|NA|NA|NA|NA|NA|0|0|0|0|NA|0
"480270231031"|0|1|0|0|0|0|0|1|1|0|0|0|0|0|0|NA|NA|NA|NA|NA|0|0|0|0|NA|0
"480279800011"|0|1|1|0|0|0|0|1|1|1|0|0|0|1|0|6425|16241|5515|12877|NA|148|60|188|14432536|76768.8085106383|0
"480291110003"|0|1|0|0|0|0|0|1|1|0|0|0|0|0|0|NA|NA|NA|NA|NA|578|102|0|0|NA|0
"480291111002"|0|1|0|0|0|0|0|1|1|1|1|0|0|0|1|6450|13980|NA|NA|NA|401|103|592|35595196|60127.0202702703|0
"480291211172"|0|1|0|0|0|0|0|1|1|0|0|1|1|0|0|NA|NA|NA|NA|NA|0|0|0|0|NA|0
"480291212063"|0|1|0|0|0|0|0|1|1|0|0|1|1|0|0|NA|NA|NA|NA|NA|0|0|0|0|NA|0
"480291216052"|0|1|0|0|0|0|0|1|1|1|1|0|0|1|0|6450|13980|NA|NA|NA|132|19|154|9645954|62636.0649350649|0
"480291219053"|0|1|0|0|0|0|0|1|1|0|0|1|1|0|0|NA|NA|NA|NA|NA|0|0|0|0|NA|0
"480291219062"|0|1|0|0|0|0|0|1|1|0|0|1|1|0|0|NA|NA|NA|NA|NA|0|0|0|0|NA|0
"480291305003"|0|1|0|1|0|0|0|1|1|1|1|0|0|0|1|6450|13980|NA|NA|NA|313|60|476|23127942|48588.1134453781|0
"480291509003"|0|2|0|0|0|0|0|2|2|0|0|2|2|0|0|NA|NA|NA|NA|NA|0|0|0|0|NA|0
"480291512001"|0|1|0|0|0|0|0|1|1|1|1|0|0|0|1|6450|13980|NA|NA|NA|205|43|278|14819776|53308.5467625899|0
"480291512002"|0|1|0|0|1|0|0|1|1|1|0|0|1|0|0|5760|5760|NA|NA|7670|18|2|8|386274|48284.25|0
"480291513011"|0|1|0|0|0|0|0|1|1|1|1|0|1|0|0|NA|NA|NA|NA|NA|15|2|24|1106644|46110.1666666667|0
"480291515001"|0|2|0|0|0|0|0|2|2|0|0|2|2|0|0|NA|NA|NA|NA|NA|0|0|0|0|NA|0
"480291515003"|0|1|0|0|0|0|0|1|1|0|0|1|1|0|0|NA|NA|NA|NA|NA|0|0|0|0|NA|0
"480291520001"|0|1|1|0|0|0|0|1|1|1|0|0|0|1|0|4708|18394|3978|12039|10552|345|136|432|30800742|71298.0138888889|0
"480291709002"|0|1|1|0|0|0|0|1|1|1|0|0|0|1|0|29038|29038|16650|16650|10242|291|134|210|15071048|71766.8952380952|0
"480291713021"|0|1|1|0|0|0|0|1|1|1|0|0|0|1|0|32700|32700|18180|18180|10980|381|122|418|36672184|87732.4976076555|0
"480291719181"|0|1|0|0|0|0|0|1|1|1|1|0|0|0|1|6450|13980|NA|NA|NA|229|41|380|22303070|58692.2894736842|0
"480291806031"|0|1|0|0|0|0|0|1|1|1|1|0|1|0|0|NA|NA|NA|NA|NA|19|2|54|2852234|52819.1481481481|0
"480291807023"|0|1|0|0|0|0|0|1|1|1|1|0|1|0|0|NA|NA|NA|NA|NA|29|6|24|1538434|64101.4166666667|0
"480291808001"|0|1|0|0|0|0|0|1|1|0|0|1|1|0|0|NA|NA|NA|NA|NA|0|0|0|0|NA|0
"480291809011"|0|1|0|0|0|0|0|1|1|1|1|0|1|0|0|NA|NA|NA|NA|NA|11|6|22|1074726|48851.1818181818|0
"480291810032"|0|1|1|0|0|0|0|1|1|1|0|0|1|0|0|11552|11552|6728|6728|NA|26|4|58|5520428|95179.7931034483|0
"480291810041"|0|1|0|0|0|0|0|1|1|1|1|0|1|0|0|NA|NA|NA|NA|NA|17|2|2|87360|43680|0
"480291813022"|0|1|1|0|0|0|0|1|1|1|0|0|1|0|0|NA|NA|NA|NA|NA|75|14|72|4372084|60723.3888888889|0
"480291813032"|0|1|0|0|0|0|0|1|1|1|0|0|1|0|0|19260|19260|NA|NA|NA|9|1|0|0|NA|0
"480291814021"|0|1|1|0|0|1|0|1|1|1|0|0|0|1|0|6051|18855|3239|12241|NA|1534|338|436|49286924|113043.403669725|0
"480291814022"|0|1|0|0|0|0|0|1|1|1|0|0|0|1|0|NA|NA|NA|NA|NA|46|9|164|10745880|65523.6585365854|0
"480291816022"|0|1|0|0|0|0|0|1|1|0|0|1|1|0|0|NA|NA|NA|NA|NA|0|0|0|0|NA|0
"480291817053"|0|1|0|0|0|0|0|1|1|0|0|1|1|0|0|NA|NA|NA|NA|NA|0|0|0|0|NA|0
"480291817241"|0|1|0|0|0|0|0|1|1|1|0|0|1|0|0|6425|6425|NA|NA|4827|10|2|0|0|NA|0
"480291817251"|0|2|0|0|0|0|0|2|2|0|0|2|2|0|0|NA|NA|NA|NA|NA|0|0|0|0|NA|0
"480291818113"|0|1|0|0|0|0|0|1|1|0|0|1|1|0|0|NA|NA|NA|NA|NA|0|0|0|0|NA|0
"480291818201"|0|1|1|0|0|0|0|1|1|1|0|0|0|0|1|5724|17730|6002|23518|8676|2287|629|1916|167636254|87492.8256784969|0
"480291902005"|0|1|0|0|0|0|0|1|1|0|0|1|1|0|0|NA|NA|NA|NA|NA|0|0|0|0|NA|0
"480291904002"|0|1|1|0|0|0|0|1|1|1|0|0|0|1|0|45840|45840|23597|23597|13740|549|201|534|53848818|100840.483146067|0
"480291905012"|0|2|0|0|0|0|0|2|2|0|0|2|2|0|0|NA|NA|NA|NA|NA|0|0|0|0|NA|0
"480291909011"|0|1|0|0|0|0|0|1|1|0|0|1|1|0|0|NA|NA|NA|NA|NA|0|0|0|0|NA|0
"480291909014"|0|0|1|0|0|0|0|1|1|1|0|0|1|0|0|NA|NA|17280|17280|NA|51|11|42|2775100|66073.8095238095|0
"480291920001"|0|1|1|0|0|1|0|1|1|1|0|0|0|1|0|31020|31020|18000|18000|13014|666|258|610|54590674|89492.9081967213|0
"480370107002"|0|1|0|0|0|0|0|1|1|1|1|0|0|1|0|1608|1824|NA|NA|NA|116|32|198|11111822|56120.3131313131|0
"480370108003"|0|1|0|0|0|0|0|1|1|0|0|1|1|0|0|NA|NA|NA|NA|NA|0|0|0|0|NA|0
"480370109041"|0|1|1|0|0|0|0|1|1|1|0|0|0|1|0|5925|18433|4350|13481|10800|157|65|186|13632006|73290.3548387097|0
"480370109062"|0|1|0|0|0|0|0|1|1|0|0|1|1|0|0|NA|NA|NA|NA|NA|0|0|0|0|NA|0
"480396607041"|0|1|0|0|0|0|0|1|1|0|0|1|1|0|0|NA|NA|NA|NA|NA|0|0|0|0|NA|0
"480396616022"|0|1|0|0|0|0|0|1|1|1|1|0|0|1|0|2256|3432|NA|NA|NA|188|43|220|14230490|64684.0454545455|0
"480396636001"|0|1|0|0|0|0|0|1|1|1|0|0|0|1|0|2629|4063|NA|NA|NA|199|84|202|12658718|62666.9207920792|0
"480396638002"|0|1|0|0|0|0|0|1|1|0|0|1|1|0|0|NA|NA|NA|NA|NA|0|0|0|0|NA|0
"480410007004"|0|1|0|0|0|0|0|1|1|0|0|1|1|0|0|NA|NA|NA|NA|NA|0|0|0|0|NA|0
"480410011011"|0|1|0|0|0|0|0|1|1|0|0|1|1|0|0|NA|NA|NA|NA|NA|0|0|0|0|NA|0
"480410013012"|0|1|1|0|0|0|0|1|1|0|0|0|0|0|0|NA|NA|NA|NA|NA|277|66|0|0|NA|0
"480410021003"|0|1|1|0|0|1|0|1|1|1|0|0|0|0|1|8395|36849|6775|19048|11400|6426|1916|5802|678205452|116891.667011375|0
"480439503002"|0|1|1|0|0|0|0|1|1|1|0|0|0|1|0|6547|18817|4162|11524|9326|254|137|216|13112096|60704.1481481481|0
"480499507001"|0|1|1|0|0|0|0|1|1|1|0|0|0|1|0|25998|25998|9900|9900|9148|136|54|116|6009340|51804.6551724138|0
"480610107002"|0|1|0|0|0|0|0|1|1|0|0|1|1|0|0|NA|NA|NA|NA|NA|0|0|0|0|NA|0
"480610108011"|0|1|0|0|0|0|0|1|1|0|0|1|1|0|0|NA|NA|NA|NA|NA|0|0|0|0|NA|0
"480610117011"|0|1|0|0|0|0|0|1|1|0|0|1|1|0|0|9492|9492|NA|NA|NA|0|0|0|0|NA|0
"480610130023"|0|1|0|0|0|0|0|1|1|0|0|1|1|0|0|NA|NA|NA|NA|NA|0|0|0|0|NA|0
"480610130031"|0|1|0|0|0|0|0|1|1|0|0|1|1|0|0|NA|NA|NA|NA|NA|0|0|0|0|NA|0
"480610130032"|0|1|0|0|0|0|0|1|1|0|0|1|1|0|0|NA|NA|NA|NA|NA|0|0|0|0|NA|0
"480610140013"|0|1|0|0|0|0|0|1|1|1|1|0|0|1|0|1800|3000|NA|NA|NA|191|92|198|11054664|55831.6363636364|0
"480739504002"|0|1|1|0|0|0|0|1|1|1|0|0|1|0|0|6600|6600|6600|6600|8400|8|2|10|511132|51113.2|0
"480739505002"|0|1|0|0|0|0|0|1|1|1|1|0|1|0|0|6300|6300|NA|NA|6630|34|11|18|828572|46031.7777777778|0
"480850304031"|0|1|0|0|0|0|0|1|1|0|0|1|1|0|0|NA|NA|NA|NA|NA|0|0|0|0|NA|0
"480850308013"|0|1|0|0|0|0|0|1|1|1|0|0|0|0|1|2940|4950|NA|NA|9528|917|222|1044|74230980|71102.4712643678|0
"480850316494"|0|1|0|0|0|0|0|1|1|0|0|1|1|0|0|NA|NA|NA|NA|NA|0|0|0|0|NA|0
"480913101004"|0|1|0|0|0|0|0|1|1|0|0|1|1|0|0|NA|NA|NA|NA|NA|0|0|0|0|NA|0
"480913105012"|0|1|0|0|0|0|0|1|1|0|0|1|1|0|0|NA|NA|NA|NA|NA|0|0|0|0|NA|0
"480970004001"|0|1|0|0|0|0|0|1|1|1|1|0|0|1|0|2760|4944|NA|NA|4722|245|104|292|16565418|56730.8835616438|0
"480990105041"|0|1|0|0|0|0|0|1|1|1|1|0|0|0|1|3540|7200|NA|NA|5889|495|191|370|22375854|60475.2810810811|0
"481130002011"|0|1|0|0|0|0|0|1|1|0|0|1|1|0|0|NA|NA|NA|NA|NA|0|0|0|0|NA|0
"481130022001"|0|1|1|0|0|0|0|1|1|1|0|0|1|0|0|11880|11880|9450|9450|NA|41|12|26|2085628|80216.4615384615|0
"481130022003"|0|0|1|0|0|0|0|1|1|1|0|0|0|1|0|NA|NA|17850|17850|NA|148|45|134|10070000|75149.2537313433|0
"481130031031"|0|1|1|0|0|0|0|1|1|0|0|0|0|0|0|NA|NA|NA|NA|NA|386|63|0|0|NA|0
"481130078052"|0|0|1|0|0|0|0|1|1|1|0|0|1|0|0|NA|NA|533|533|NA|4|0|0|0|NA|0
"481130078103"|0|1|0|0|0|0|0|1|1|0|0|1|1|0|0|NA|NA|NA|NA|NA|0|0|0|0|NA|0
"481130078222"|0|1|1|0|0|0|0|1|1|1|0|0|1|0|0|19260|19260|23580|23580|NA|20|1|8|583614|72951.75|0
"481130078291"|0|1|0|0|0|0|0|1|1|1|0|0|1|0|0|18880|18880|NA|NA|NA|13|2|4|356000|89000|0
"481130079121"|0|1|0|0|0|0|0|1|1|1|1|0|1|0|0|NA|NA|NA|NA|NA|5|1|8|411748|51468.5|0
"481130085002"|0|1|0|0|0|0|0|1|1|1|1|0|1|0|0|11970|11970|NA|NA|NA|8|5|10|470000|47000|0
"481130091051"|0|1|0|0|0|0|0|1|1|0|0|1|1|0|0|NA|NA|NA|NA|NA|0|0|0|0|NA|0
"481130092021"|0|0|0|0|0|0|0|1|0|0|0|0|0|0|0|NA|NA|NA|NA|NA|0|0|0|0|NA|0
"481130099003"|0|1|1|0|0|0|0|1|1|1|0|0|0|1|0|21622|21622|12870|12870|NA|161|30|156|11155872|71512|0
"481130100011"|0|1|1|0|1|1|0|2|2|2|1|0|1|1|0|NA|NA|NA|NA|NA|2342|381|90|10050000|NA|0
"481130100014"|0|1|0|0|0|0|0|1|1|1|0|0|1|0|0|14880|14880|NA|NA|NA|10|0|10|455212|45521.2|0
"481130100032"|0|3|1|0|0|0|0|3|3|2|1|1|2|1|0|NA|NA|NA|NA|NA|81|32|68|5316184|NA|0
"481130107041"|0|1|0|0|0|0|0|1|0|0|0|0|0|0|0|NA|NA|NA|NA|NA|0|0|0|0|NA|0
"481130113002"|0|1|1|0|0|0|0|1|1|1|0|0|0|1|0|6678|20109|4704|12065|9202|250|87|252|19084888|75733.6825396825|0
"481130114013"|0|1|0|1|0|0|0|1|1|1|0|0|1|0|0|7392|7392|NA|NA|9450|53|13|26|1223302|47050.0769230769|0
"481130136172"|0|1|0|0|0|0|0|1|1|0|0|1|1|0|0|NA|NA|NA|NA|NA|0|0|0|0|NA|0
"481130137221"|0|1|0|0|0|0|0|1|1|0|0|1|1|0|0|NA|NA|NA|NA|NA|0|0|0|0|NA|0
"481130137271"|0|1|0|0|0|0|0|1|1|0|0|1|1|0|0|NA|NA|NA|NA|NA|0|0|0|0|NA|0
"481130138061"|0|2|0|0|0|0|0|2|1|0|0|1|1|0|0|NA|NA|NA|NA|NA|0|0|0|0|NA|0
"481130140011"|0|1|0|0|0|0|0|1|1|1|0|0|1|0|0|18176|18176|NA|NA|8920|20|5|14|683808|48843.4285714286|0
"481130140021"|0|1|0|0|0|0|0|1|1|1|1|0|1|0|0|NA|NA|NA|NA|NA|16|7|12|789464|65788.6666666667|0
"481130141242"|0|2|1|0|0|0|0|2|2|2|1|0|1|1|0|NA|NA|NA|NA|NA|70|2|114|8260608|158460.958841463|0
"481130141451"|0|1|0|0|0|0|0|1|1|0|0|1|1|0|0|NA|NA|NA|NA|NA|0|0|0|0|NA|0
"481130142041"|0|1|1|0|0|0|0|1|1|1|0|0|0|1|0|41660|41660|33750|33750|13080|241|82|286|21245814|74286.0629370629|0
"481130143064"|0|1|0|0|0|0|0|1|1|0|0|1|1|0|0|NA|NA|NA|NA|NA|0|0|0|0|NA|0
"481130143142"|0|1|0|0|0|0|0|1|0|0|0|0|0|0|0|NA|NA|NA|NA|NA|0|0|0|0|NA|0
"481130144052"|0|1|0|0|0|0|0|1|1|0|0|1|1|0|0|NA|NA|NA|NA|NA|0|0|0|0|NA|0
"481130146021"|0|1|0|0|0|0|0|1|1|0|0|1|1|0|0|16520|16520|NA|NA|NA|0|0|0|0|NA|0
"481130162032"|0|1|0|0|0|0|0|1|1|0|0|1|1|0|0|NA|NA|NA|NA|NA|0|0|0|0|NA|0
"481130164072"|0|1|0|0|0|0|0|1|1|0|0|1|1|0|0|NA|NA|NA|NA|NA|0|0|0|0|NA|0
"481130165212"|0|1|1|0|0|0|0|1|1|1|0|0|0|1|0|30690|30690|18954|18954|8568|261|96|234|22203494|94886.7264957265|0
"481130167091"|0|1|0|0|0|0|0|1|0|0|0|0|0|0|0|NA|NA|NA|NA|NA|0|0|0|0|NA|0
"481130177052"|0|1|0|0|0|0|0|1|1|0|0|1|1|0|0|NA|NA|NA|NA|NA|0|0|0|0|NA|0
"481130178121"|0|1|0|0|0|0|0|1|1|1|1|0|1|0|0|NA|NA|NA|NA|NA|2|1|2|180000|90000|0
"481130178172"|0|1|0|0|0|0|0|1|1|0|0|0|0|0|0|NA|NA|NA|NA|NA|0|0|0|0|NA|0
"481130179001"|0|1|0|0|0|0|0|1|0|0|0|0|0|0|0|NA|NA|NA|NA|NA|0|0|0|0|NA|0
"481130184031"|0|2|1|0|0|0|0|2|2|2|0|0|1|1|0|24625|24625|NA|NA|NA|55|14|78|5079748|131955.904761905|0
"481130190163"|0|1|0|0|0|0|0|1|1|1|1|0|1|0|0|NA|NA|NA|NA|NA|38|10|34|2443652|71872.1176470588|0
"481130190241"|0|1|0|0|0|0|0|1|1|0|0|1|1|0|0|NA|NA|NA|NA|NA|0|0|0|0|NA|0
"481130190272"|0|1|0|0|0|0|0|1|1|0|0|1|1|0|0|NA|NA|NA|NA|NA|0|0|0|0|NA|0
"481130190342"|0|1|0|0|0|0|0|1|0|0|0|0|0|0|0|NA|NA|NA|NA|NA|0|0|0|0|NA|0
"481130192052"|0|1|1|0|0|0|0|2|2|2|0|0|2|0|0|NA|NA|NA|NA|NA|27|3|18|1642026|NA|0
"481130192152"|0|2|0|0|0|0|0|2|2|1|0|0|1|0|0|NA|NA|NA|NA|NA|26|1|2|82750|NA|0
"481130193021"|0|1|1|0|0|0|0|1|1|1|0|0|0|0|1|51958|51958|40896|40896|17110|1709|344|1534|184588994|120331.808344198|0
"481130204022"|0|2|0|0|0|0|0|2|2|1|0|0|0|0|1|NA|NA|NA|NA|NA|2584|873|1770|119581848|NA|0
"481139802001"|0|1|1|0|0|0|0|1|1|1|0|0|0|0|1|13992|38970|14560|28610|11762|2472|623|1816|209477196|115350.878854626|0
"481210206012"|0|1|1|0|0|0|0|1|1|1|0|0|0|0|1|5537|15353|5053|12415|9730|866|293|904|71305384|78877.6371681416|0
"481210210002"|0|1|1|0|0|0|0|1|1|1|0|0|0|0|1|8295|18111|6350|13712|9888|2529|675|2276|207378570|91115.3646748682|0
"481210212022"|0|1|0|0|0|0|0|1|1|0|0|1|1|0|0|NA|NA|NA|NA|NA|0|0|0|0|NA|0
"481210216201"|0|1|0|0|0|0|0|1|1|0|0|1|1|0|0|NA|NA|NA|NA|NA|0|0|0|0|NA|0
"481299502002"|0|1|0|0|0|0|0|1|1|1|1|0|0|1|0|1392|2136|NA|NA|4378|48|21|84|3737970|44499.6428571429|0
"481339501001"|0|1|0|0|0|0|0|1|1|1|1|0|0|1|0|3450|4950|NA|NA|4648|89|35|76|3458850|45511.1842105263|0
"481339503011"|0|1|0|0|0|0|0|1|1|1|1|0|0|1|0|4860|4860|NA|NA|4557|90|26|148|6487220|43832.5675675676|0
"481350013002"|0|1|0|0|0|0|0|1|1|1|0|0|0|1|0|2952|3846|NA|NA|5895|238|47|252|14360628|56986.619047619|0
"481350024005"|0|1|1|0|0|0|0|1|1|1|0|0|0|1|0|2530|7438|2384|6065|10178|418|115|332|25021536|75366.0722891566|0
"481390606021"|0|1|1|0|0|0|0|1|1|1|0|0|0|1|0|20496|20496|10710|10710|7582|129|50|130|7758396|59679.9692307692|0
"481410001141"|0|1|0|0|0|0|0|1|1|1|0|0|1|0|0|NA|NA|NA|NA|NA|26|5|52|1897484|36490.0769230769|0
"481410015024"|0|1|1|0|0|0|0|1|1|1|0|0|0|0|1|7446|22512|5682|14906|9496|1725|409|1530|127171982|83118.9424836601|0
"481410026005"|0|1|0|0|0|0|0|1|1|0|0|1|1|0|0|NA|NA|NA|NA|NA|0|0|0|0|NA|0
"481410032001"|0|1|1|0|1|1|0|1|1|1|0|0|1|0|0|6732|20229|3186|10548|NA|380|177|34|3527594|103752.764705882|0
"481410034024"|0|2|0|0|0|0|0|2|2|2|1|0|0|2|0|29725|29725|NA|NA|NA|327|68|356|16800818|94212.5369458128|0
"481410034045"|0|1|0|0|0|0|0|1|1|1|1|0|0|0|1|2784|4824|NA|NA|NA|744|326|826|46408270|56184.3462469734|0
"481410039021"|0|1|0|0|0|0|0|1|1|0|0|1|1|0|0|NA|NA|NA|NA|NA|0|0|0|0|NA|0
"481410040052"|0|1|0|0|0|0|0|1|1|1|0|0|0|1|0|NA|NA|NA|NA|NA|78|14|126|4850346|38494.8095238095|0
"481410041071"|0|1|0|0|0|0|0|1|1|1|1|0|1|0|0|NA|NA|NA|NA|NA|22|14|52|3034048|58347.0769230769|0
"481410043161"|0|1|0|0|0|0|0|1|1|0|0|1|1|0|0|NA|NA|NA|NA|NA|0|0|0|0|NA|0
"481410103663"|0|1|0|0|0|0|0|1|1|0|0|1|1|0|0|NA|NA|NA|NA|NA|0|0|0|0|NA|0
"481439505022"|0|1|1|0|0|0|0|1|1|1|0|0|0|0|1|4951|14123|4248|12510|9321|591|227|866|63006582|72755.8683602771|0
"481576720022"|0|1|0|0|0|0|0|1|1|0|0|1|1|0|0|NA|NA|NA|NA|NA|0|0|0|0|NA|0
"481576720023"|0|1|1|0|0|0|0|1|1|1|0|0|1|0|0|9450|12225|9900|17900|8900|43|15|38|1999000|52605.2631578947|0
"481677206011"|0|1|0|0|0|0|0|1|1|0|0|1|1|0|0|NA|NA|NA|NA|NA|0|0|0|0|NA|0
"481677227001"|0|1|0|0|0|0|0|1|1|1|1|0|0|1|0|2550|3450|NA|NA|NA|215|79|228|15000476|65791.5614035088|0
"481677243001"|0|1|1|0|1|1|0|1|1|1|0|0|0|1|0|7090|20710|6552|15397|NA|1197|228|262|28094450|107230.72519084|0
"481677250001"|0|1|0|0|0|0|0|1|1|1|0|0|0|1|0|2010|4260|NA|NA|6923|100|23|126|7913476|62805.3650793651|0
"481810009012"|0|1|0|0|0|0|0|1|1|1|0|0|0|1|0|2670|4110|NA|NA|6946|183|41|226|13201330|58412.9646017699|0
"481810009032"|0|1|0|0|0|0|0|1|1|0|0|1|1|0|0|NA|NA|NA|NA|NA|0|0|0|0|NA|0
"481810014005"|0|1|1|0|0|0|0|1|1|1|0|0|0|1|0|42405|42405|29025|29025|12752|180|90|200|13678412|68392.06|0
"481830013004"|0|1|0|0|0|0|0|1|1|0|0|1|1|0|0|NA|NA|NA|NA|NA|0|0|0|0|NA|0
"481830015001"|0|1|1|0|0|0|0|1|1|1|0|0|0|1|0|31740|31740|18630|18630|10070|201|75|214|13505402|63109.3551401869|0
"481830107005"|0|1|0|0|0|0|0|1|1|1|1|0|0|1|0|3168|4368|NA|NA|5827|164|59|280|14873732|53120.4714285714|0
"481872103001"|0|1|1|0|0|0|0|1|1|1|0|0|0|1|0|31450|31450|31450|31450|10690|167|20|168|11166858|66469.3928571429|0
"481872103005"|0|1|0|0|0|0|0|1|1|0|0|1|1|0|0|NA|NA|NA|NA|NA|0|0|0|0|NA|0
"481899504002"|0|1|1|0|0|0|0|1|1|1|0|0|0|1|0|19996|19996|13482|13482|8768|265|164|254|14537248|57233.2598425197|0
"481990307002"|0|1|0|0|0|0|0|1|1|0|0|1|1|0|0|NA|NA|NA|NA|NA|0|0|0|0|NA|0
"482011000011"|0|0|1|0|0|0|0|1|1|1|0|0|1|0|0|NA|NA|NA|NA|NA|111|48|100|15517684|155176.84|0
"482012205001"|0|1|0|0|0|0|0|1|1|1|1|0|1|0|0|13203|13203|NA|NA|NA|50|10|44|1786814|40609.4090909091|0
"482012226012"|0|1|0|0|0|0|0|1|1|1|1|0|1|0|0|NA|NA|NA|NA|NA|12|4|18|1033796|57433.1111111111|0
"482012323032"|0|0|0|0|0|0|0|1|0|0|0|0|0|0|0|NA|NA|NA|NA|NA|0|0|0|0|NA|0
"482012334002"|0|1|0|0|0|0|0|1|1|0|0|1|1|0|0|NA|NA|NA|NA|NA|0|0|0|0|NA|0
"482012401022"|0|2|0|0|0|0|0|2|2|1|1|1|1|1|0|NA|NA|NA|NA|NA|4|2|2|79680|NA|0
"482012407071"|0|1|0|0|0|0|0|1|1|0|0|1|0|1|0|NA|NA|NA|NA|NA|0|0|0|0|NA|0
"482012407072"|0|1|0|0|0|0|0|1|1|0|0|1|1|0|0|NA|NA|NA|NA|NA|0|0|0|0|NA|0
"482012544001"|0|1|0|0|0|0|0|1|1|1|1|0|0|1|0|3012|3552|NA|NA|NA|249|94|324|20794130|64179.4135802469|0
"482013102001"|0|1|0|0|0|0|0|1|1|0|0|1|1|0|0|NA|NA|NA|NA|NA|0|0|0|0|NA|0
"482013117021"|0|2|0|0|0|0|0|2|2|0|0|2|2|0|0|NA|NA|NA|NA|NA|0|0|0|0|NA|0
"482013128002"|0|1|1|1|0|0|0|1|1|1|0|0|0|1|0|6941|19707|4767|11824|9280|740|332|792|70495228|89009.1262626263|0
"482013131021"|0|1|2|0|2|1|0|2|2|2|0|0|1|1|0|NA|NA|28756|50255|NA|4060|256|902|140297350|294922.483682984|0
"482013143021"|0|1|0|0|0|0|0|1|1|0|0|1|1|0|0|NA|NA|NA|NA|NA|0|0|0|0|NA|0
"482013221003"|0|1|0|0|0|0|0|1|1|1|1|0|1|0|0|9840|9840|NA|NA|NA|7|4|0|0|NA|0
"482013335011"|0|1|0|0|0|0|0|1|1|0|0|1|1|0|0|16520|16520|NA|NA|NA|0|0|0|0|NA|0
"482013402032"|0|1|1|0|0|0|0|1|1|1|0|0|0|1|0|5856|19104|7920|17568|11019|525|161|556|46152764|83008.5683453237|0
"482013412011"|0|2|0|0|0|0|0|2|2|1|1|1|2|0|0|NA|NA|NA|NA|NA|14|3|10|425776|NA|0
"482013421001"|0|0|1|0|0|0|0|1|1|1|0|0|1|0|0|NA|NA|NA|NA|NA|37|14|44|2925702|66493.2272727273|0
"482013430001"|0|1|0|0|0|0|0|1|1|1|0|0|0|0|1|3240|5040|NA|NA|NA|800|302|1044|71739664|68716.153256705|0
"482014106011"|0|1|0|0|0|0|0|1|1|1|1|0|0|0|1|2904|3624|NA|NA|NA|1606|625|1728|131174240|75911.0185185185|0
"482014107052"|0|1|1|0|0|0|0|1|1|1|0|0|0|1|0|30800|30800|20934|20934|9470|257|115|258|19648484|76156.9147286822|0
"482014115052"|0|1|0|0|0|0|0|1|1|1|0|0|1|0|0|19260|19260|NA|NA|NA|21|0|14|693796|49556.8571428571|0
"482014117001"|0|1|0|0|0|0|0|1|1|1|1|0|1|0|0|13960|13960|NA|NA|NA|10|3|18|1054340|58574.4444444444|0
"482014122021"|0|1|1|0|1|1|0|1|1|1|0|0|0|1|0|8274|32844|7984|31005|NA|2173|564|754|96025678|127355.01061008|0
"482014203002"|0|0|1|0|0|0|0|1|1|1|0|0|1|0|0|NA|NA|9630|9630|NA|7|0|4|226796|56699|0
"482014228001"|0|1|1|0|0|0|0|1|1|1|0|0|0|1|0|32350|32350|10350|10350|8064|260|111|262|18603272|71004.8549618321|0
"482014233042"|0|1|0|0|0|0|0|1|1|0|0|1|1|0|0|NA|NA|NA|NA|NA|0|0|0|0|NA|0
"482014234022"|0|1|0|0|0|0|0|1|1|0|0|1|1|0|0|NA|NA|NA|NA|NA|0|0|0|0|NA|0
"482014322004"|0|0|1|0|0|0|0|1|1|1|0|0|1|0|0|NA|NA|15552|15552|NA|9|5|16|972000|60750|0
"482014323013"|0|1|0|0|0|0|0|1|1|1|1|0|1|0|0|9960|9960|NA|NA|NA|14|7|0|0|NA|0
"482014324013"|0|1|0|0|0|0|0|1|1|0|0|1|1|0|0|NA|NA|NA|NA|NA|0|0|0|0|NA|0
"482014324022"|0|1|1|0|0|0|0|1|1|1|0|0|1|0|0|14099|14099|18360|18360|NA|22|0|4|345288|86322|0
"482014328042"|0|1|0|0|0|0|0|1|1|1|0|0|1|0|0|6576|9000|NA|NA|NA|47|22|20|1220968|61048.4|0
"482014328052"|0|1|0|0|0|0|0|1|1|1|1|0|1|0|0|NA|NA|NA|NA|NA|23|3|50|2585730|51714.6|0
"482014333003"|0|1|0|0|0|0|0|1|1|0|0|1|1|0|0|NA|NA|NA|NA|NA|0|0|0|0|NA|0
"482014335043"|0|1|0|0|0|0|0|1|1|1|1|0|1|0|0|14819|14819|NA|NA|NA|27|17|14|695772|49698|0
"482014502001"|0|2|1|0|0|0|0|2|2|1|0|1|2|0|0|NA|NA|NA|NA|NA|0|0|0|0|NA|0
"482014508042"|0|1|0|0|0|0|0|1|1|1|1|0|1|0|0|NA|NA|NA|NA|NA|11|3|4|246248|61562|0
"482014517001"|0|1|0|0|0|0|0|1|1|0|0|1|1|0|0|NA|NA|NA|NA|NA|0|0|0|0|NA|0
"482014522023"|0|1|0|0|0|0|0|1|1|1|1|0|1|0|0|NA|NA|NA|NA|NA|9|5|6|171900|28650|0
"482014528021"|0|1|0|0|0|0|0|1|1|0|0|1|1|0|0|NA|NA|NA|NA|NA|0|0|0|0|NA|0
"482014534053"|0|1|0|0|0|0|0|1|1|0|0|1|1|0|0|NA|NA|NA|NA|NA|0|0|0|0|NA|0
"482014535021"|0|1|0|0|0|0|0|1|1|1|1|0|1|0|0|10743|10743|NA|NA|NA|6|1|12|384930|32077.5|0
"482014541001"|0|1|0|0|0|0|0|1|1|0|0|1|1|0|0|NA|NA|NA|NA|NA|0|0|0|0|NA|0
"482014543053"|0|1|0|0|0|0|0|1|1|1|1|0|1|0|0|NA|NA|NA|NA|NA|12|4|8|458000|57250|0
"482014545042"|0|1|1|0|0|0|0|1|1|0|0|0|0|0|0|NA|NA|NA|NA|NA|0|0|0|0|NA|0
"482015204002"|0|1|0|0|0|0|0|1|1|1|1|0|1|0|0|NA|NA|NA|NA|NA|9|4|12|647818|53984.8333333333|0
"482015205011"|0|2|0|0|0|0|0|2|2|1|0|1|1|1|0|NA|NA|NA|NA|NA|88|7|96|5990062|NA|0
"482015218001"|0|2|0|0|0|0|0|2|2|2|1|0|1|1|0|NA|NA|NA|NA|NA|37|23|78|5751154|NA|0
"482015224021"|0|1|0|0|0|0|0|1|1|0|0|1|1|0|0|NA|NA|NA|NA|NA|0|0|0|0|NA|0
"482015501022"|0|1|0|0|0|0|0|1|1|1|0|0|1|0|0|18651|18651|NA|NA|NA|17|3|16|669364|41835.25|0
"482015503033"|0|1|0|0|0|0|0|1|1|0|0|1|1|0|0|NA|NA|NA|NA|NA|0|0|0|0|NA|0
"482015503081"|0|1|0|0|0|0|0|1|1|1|1|0|1|0|0|13263|13263|NA|NA|NA|5|1|4|264000|66000|0
"482015519012"|0|1|0|0|0|0|0|1|1|0|0|1|1|0|0|NA|NA|NA|NA|NA|0|0|0|0|NA|0
"482015530013"|0|1|0|0|0|0|0|1|1|0|0|1|1|0|0|NA|NA|NA|NA|NA|0|0|0|0|NA|0
"482015531021"|0|1|0|0|0|0|0|1|1|0|0|1|1|0|0|NA|NA|NA|NA|NA|0|0|0|0|NA|0
"482015533002"|0|1|0|0|0|0|0|1|1|1|1|0|0|1|0|NA|NA|NA|NA|NA|41|30|34|1028810|30259.1176470588|0
"482019803001"|0|1|1|0|0|0|0|1|1|1|0|0|0|1|0|50310|50310|47306|47306|14500|2635|489|1396|205768358|147398.537249284|0
"482019804001"|0|2|2|0|0|0|0|2|2|1|0|0|0|0|1|NA|NA|NA|NA|NA|3747|482|3022|343803356|NA|0
"482019807001"|0|1|1|0|0|0|0|1|1|1|0|0|0|0|1|5673|15561|7821|14283|NA|646|128|688|53459746|77703.1191860465|0
"482030204012"|0|1|1|0|0|0|0|1|1|1|0|0|0|1|0|26400|26400|6588|6588|9894|152|62|144|9547496|66302.0555555556|0
"482030204021"|0|1|0|1|0|0|0|1|1|1|0|0|1|0|0|11946|11946|NA|NA|5000|90|14|54|2435362|45099.2962962963|0
"482090102003"|0|1|1|0|0|0|0|1|1|1|0|0|0|0|1|8326|19778|6946|15127|10880|2247|836|2596|200061340|77065.2311248074|0
"482090103051"|0|1|0|0|0|0|0|1|1|0|0|1|1|0|0|NA|NA|NA|NA|NA|0|0|0|0|NA|0
"482139512013"|0|1|0|0|0|0|0|1|1|1|1|0|0|1|0|1170|4500|NA|NA|6584|181|66|320|19077714|59617.85625|0
"482150203061"|0|1|0|0|0|0|0|1|1|0|0|1|1|0|0|NA|NA|NA|NA|NA|0|0|0|0|NA|0
"482150205131"|0|1|0|0|0|0|0|1|1|0|0|1|1|0|0|NA|NA|NA|NA|NA|0|0|0|0|NA|0
"482150207241"|0|1|0|0|0|0|0|1|1|1|0|0|0|0|1|2610|6000|NA|NA|NA|1017|279|1148|66046534|57531.8240418118|0
"482150207351"|0|1|0|0|0|0|0|1|1|0|0|1|1|0|0|NA|NA|NA|NA|NA|0|0|0|0|NA|0
"482150208063"|0|1|0|0|0|0|0|1|1|1|1|0|1|0|0|NA|NA|NA|NA|NA|19|3|42|2170684|51682.9523809524|0
"482150209051"|0|1|0|0|0|0|0|1|1|0|0|1|1|0|0|NA|NA|NA|NA|NA|0|0|0|0|NA|0
"482150209091"|0|1|0|0|0|0|0|1|1|0|0|1|1|0|0|NA|NA|NA|NA|NA|0|0|0|0|NA|0
"482150212013"|0|1|0|0|0|0|0|1|1|0|0|1|1|0|0|NA|NA|NA|NA|NA|0|0|0|0|NA|0
"482150217033"|0|1|0|0|0|0|0|1|1|0|0|1|1|0|0|NA|NA|NA|NA|NA|0|0|0|0|NA|0
"482150217041"|0|1|0|0|0|0|0|1|1|1|1|0|1|0|0|NA|NA|NA|NA|NA|30|7|38|2089772|54994|0
"482150224012"|0|1|0|0|0|0|0|1|1|0|0|1|1|0|0|NA|NA|NA|NA|NA|0|0|0|0|NA|0
"482150227031"|0|1|0|0|0|0|0|1|1|0|0|1|1|0|0|NA|NA|NA|NA|NA|0|0|0|0|NA|0
"482150227051"|0|1|0|0|0|0|0|1|1|0|0|1|1|0|0|NA|NA|NA|NA|NA|0|0|0|0|NA|0
"482150235362"|0|1|0|0|0|0|0|1|1|0|0|1|1|0|0|NA|NA|NA|NA|NA|0|0|0|0|NA|0
"482150240011"|0|1|1|0|1|1|0|1|1|1|0|0|0|0|1|7233|17049|6458|13820|8126|1822|590|2394|171711218|71725.6549707602|0
"482150242103"|0|1|0|0|0|0|0|1|1|0|0|1|1|0|0|NA|NA|NA|NA|NA|0|0|0|0|NA|0
"482179611001"|0|1|0|0|0|0|0|1|1|1|1|0|0|1|0|2088|2488|NA|NA|4200|114|30|180|9265996|51477.7555555556|0
"482199505001"|0|1|0|0|0|0|0|1|1|1|1|0|0|1|0|2328|2712|NA|NA|4418|288|99|518|27909672|53879.6756756757|0
"482279506003"|0|1|0|0|0|0|0|1|1|1|1|0|0|1|0|3720|5170|NA|NA|5040|190|79|234|11350080|48504.6153846154|0
"482279508013"|0|1|0|0|0|0|0|1|1|1|1|0|1|0|0|3720|13770|NA|NA|5620|0|0|0|0|NA|0
"482319606001"|0|1|1|0|0|0|0|1|1|1|0|0|0|0|1|4790|17060|3630|10992|9567|534|262|740|54407510|73523.6621621622|0
"482319612002"|0|1|0|0|0|0|0|1|1|0|0|1|1|0|0|NA|NA|NA|NA|NA|0|0|0|0|NA|0
"482339509001"|0|1|0|0|0|0|0|1|1|1|1|0|0|1|0|2220|2490|NA|NA|4626|56|18|74|3269788|44186.3243243243|0
"482419503002"|0|1|0|0|0|0|0|1|1|0|0|1|1|0|0|NA|NA|NA|NA|NA|0|0|0|0|NA|0
"482450013022"|0|1|0|0|0|0|0|1|1|0|0|1|1|0|0|NA|NA|NA|NA|NA|0|0|0|0|NA|0
"482450021003"|0|1|0|0|0|0|0|1|1|0|0|1|1|0|0|NA|NA|NA|NA|NA|0|0|0|0|NA|0
"482450026002"|0|1|1|0|0|0|0|1|1|1|0|0|0|0|1|6129|15945|6397|13759|9064|826|176|868|64704674|74544.5552995392|0
"482450026004"|0|1|0|0|0|0|0|1|1|1|1|0|0|1|0|2280|11016|NA|NA|NA|79|16|142|7680316|54086.7323943662|0
"482450118002"|0|1|0|0|0|0|0|1|1|1|1|0|0|1|0|2850|15120|NA|NA|NA|95|32|120|5725294|47710.7833333333|0
"482511303042"|0|1|1|0|0|0|0|1|1|1|0|0|1|0|0|22176|22176|22176|22176|7900|73|16|88|5023234|57082.2045454545|0
"482570505003"|0|1|0|1|0|0|0|1|1|1|0|0|1|0|0|7070|7070|NA|NA|6270|16|3|18|617876|34326.4444444444|0
"482659605004"|0|1|0|0|0|0|0|1|1|0|0|1|1|0|0|NA|NA|NA|NA|NA|0|0|0|0|NA|0
"482659606012"|0|1|1|0|0|0|0|1|1|1|0|0|0|1|0|31938|31938|22752|22752|10579|116|42|122|7757658|63587.3606557377|0
"482730203021"|0|1|1|0|0|0|0|1|1|1|0|0|0|1|0|5127|18158|3409|10770|8787|561|205|682|59755314|87617.7624633431|0
"482770010002"|0|1|0|0|0|0|0|1|1|1|1|0|0|1|0|3210|4710|NA|NA|5501|121|43|154|9232530|59951.4935064935|0
"483030005011"|0|1|1|0|1|1|0|1|1|1|0|0|0|1|0|6665|19344|6360|16176|NA|1593|536|668|71782288|107458.51497006|0
"483030005012"|0|1|1|0|0|0|0|1|1|0|0|0|0|0|0|NA|NA|NA|NA|NA|230|86|0|0|NA|0
"483030005021"|0|1|1|0|0|0|0|1|1|1|0|0|0|0|1|8683|20953|6788|14968|9956|3026|1341|3526|326469752|92589.266023823|0
"483030017092"|0|1|0|0|0|0|0|1|1|0|0|1|1|0|0|NA|NA|NA|NA|NA|0|0|0|0|NA|0
"483030017101"|0|1|0|0|0|0|0|1|1|0|0|1|1|0|0|NA|NA|NA|NA|NA|0|0|0|0|NA|0
"483030017111"|0|1|1|0|0|0|0|1|1|1|0|0|0|1|0|24060|24060|8730|8730|8070|198|90|174|11283008|64844.8735632184|0
"483030022051"|0|1|0|0|0|0|0|1|1|0|0|1|1|0|0|NA|NA|NA|NA|NA|0|0|0|0|NA|0
"483090003001"|0|1|1|0|0|0|0|1|1|1|0|0|0|0|1|44544|44544|33408|33408|13274|1851|379|2168|228416790|105358.29797048|0
"483090021003"|0|1|0|0|0|0|0|1|1|0|0|1|1|0|0|NA|NA|NA|NA|NA|0|0|0|0|NA|0
"483090030001"|0|1|0|0|0|0|0|1|1|1|1|0|0|1|0|3720|5430|NA|NA|NA|333|129|410|27733522|67642.7365853659|0
"483090033001"|0|1|0|0|0|0|0|1|1|1|1|0|0|0|1|6169|10486|NA|NA|8658|915|269|1082|58711116|54261.6598890943|0
"483239505003"|0|1|0|0|0|0|0|1|1|0|0|1|1|0|0|NA|NA|NA|NA|NA|0|0|0|0|NA|0
"483290002004"|0|1|0|0|0|0|0|1|1|1|0|0|0|1|0|3600|4860|NA|NA|5250|243|108|268|17766444|66292.7014925373|0
"483396907012"|0|1|1|0|0|0|0|1|1|1|0|0|1|0|0|6000|6000|4500|4500|NA|19|1|14|963930|68852.1428571429|0
"483396908001"|0|1|0|0|0|0|0|1|1|1|0|0|0|0|1|4632|5952|NA|NA|NA|2023|592|1818|133505006|73435.096809681|0
"483479506001"|0|1|1|0|0|0|0|1|1|1|0|0|0|0|1|7842|18858|5262|13524|9642|882|289|1060|76750426|72406.0622641509|0
"483499703021"|0|1|0|0|0|0|0|1|1|1|1|0|0|1|0|1620|3480|NA|NA|6989|239|104|234|14326590|61224.7435897436|0
"483550015001"|0|1|0|0|0|0|0|1|1|0|0|1|1|0|0|NA|NA|NA|NA|NA|0|0|0|0|NA|0
"483550018015"|0|1|0|0|0|0|0|1|1|0|0|1|1|0|0|NA|NA|NA|NA|NA|0|0|0|0|NA|0
"483550020014"|0|1|0|0|0|0|0|1|1|1|1|0|0|0|1|2070|3180|NA|NA|NA|406|154|662|45461034|68672.2567975831|0
"483550027061"|0|1|1|0|0|0|0|1|1|1|0|0|0|0|1|4719|14897|3610|11427|11247|859|309|842|63748088|75710.3182897862|0
"483550032043"|0|1|0|0|0|0|0|1|1|0|0|1|1|0|0|NA|NA|NA|NA|NA|0|0|0|0|NA|0
"483610203002"|0|1|0|0|0|0|0|1|1|1|1|0|0|1|0|2280|12408|NA|NA|NA|82|26|82|4000782|48790.0243902439|0
"483659504024"|0|1|0|0|0|0|0|1|1|1|1|0|0|1|0|792|792|NA|NA|5168|79|25|142|8303050|58472.1830985916|0
"483671402021"|0|1|0|0|0|0|0|1|1|1|0|0|0|1|0|4680|6600|NA|NA|7695|159|51|270|17087774|63288.0518518519|0
"483750101001"|0|2|0|0|0|0|0|2|2|0|0|2|2|0|0|NA|NA|NA|NA|NA|0|0|0|0|NA|0
"483750103001"|0|3|0|0|0|0|0|3|3|0|0|3|3|0|0|NA|NA|NA|NA|NA|0|0|0|0|NA|0
"483750147021"|0|1|0|0|0|0|0|1|1|1|1|0|0|1|0|1128|2664|NA|NA|NA|425|146|374|21294038|56935.9304812834|0
"483810218022"|0|1|1|0|0|0|0|1|1|1|0|0|0|0|1|5748|7195|4968|5832|7496|479|194|694|51580804|74323.9250720461|0
"484090106041"|0|1|0|0|0|0|0|1|1|0|0|1|1|0|0|NA|NA|NA|NA|NA|0|0|0|0|NA|0
"484159506002"|0|1|0|0|0|0|0|1|1|1|1|0|0|1|0|3150|4110|NA|NA|5510|111|58|70|3766004|53800.0571428571|0
"484230002012"|0|1|0|1|0|0|0|1|1|1|0|0|1|0|0|8208|8208|NA|NA|8400|36|11|66|2775410|42051.6666666667|0
"484230009003"|0|1|0|0|0|0|0|1|1|1|0|0|0|0|1|2208|2784|NA|NA|8640|367|174|638|35838370|56172.9937304075|0
"484230017011"|0|0|1|0|1|0|0|1|1|1|0|0|1|0|0|NA|NA|6143|24383|NA|1344|302|150|16531984|110213.226666667|0
"484230018033"|0|1|1|0|0|0|0|1|1|1|0|0|0|1|0|6780|20970|6048|14526|9618|643|303|716|55236064|77145.3407821229|0
"484391021012"|0|0|1|0|1|1|0|1|1|1|0|0|0|1|0|NA|NA|5100|18600|NA|0|0|0|0|NA|0
"484391023012"|0|1|0|0|0|0|0|1|1|0|0|1|1|0|0|NA|NA|NA|NA|NA|0|0|0|0|NA|0
"484391035003"|0|1|1|0|0|0|0|1|1|1|0|0|0|1|0|29026|29026|15144|15144|10728|208|105|226|19271746|85273.2123893805|0
"484391042031"|0|1|1|0|0|0|0|1|1|1|0|0|0|0|1|51570|51570|32220|32220|14040|1526|545|1418|159103762|112202.935119887|0
"484391043011"|0|0|1|0|0|0|0|1|1|1|0|0|1|0|0|NA|NA|18000|18000|NA|20|5|32|2923024|91344.5|0
"484391048021"|0|1|1|0|0|0|0|1|1|1|0|0|0|1|0|8280|8280|5310|5310|4555|0|0|0|0|NA|0
"484391050094"|0|1|0|0|0|0|0|1|1|1|1|0|1|0|0|NA|NA|NA|NA|NA|24|4|60|3176180|52936.3333333333|0
"484391055193"|0|1|0|0|0|0|0|1|1|0|0|1|1|0|0|NA|NA|NA|NA|NA|0|0|0|0|NA|0
"484391065151"|0|1|0|0|0|0|0|1|1|1|1|0|1|0|0|14985|14985|NA|NA|NA|21|4|32|1634716|51084.875|0
"484391067001"|0|1|0|0|0|0|0|1|1|0|0|1|1|0|0|NA|NA|NA|NA|NA|0|0|0|0|NA|0
"484391101032"|0|1|0|0|0|0|0|1|1|0|0|1|1|0|0|NA|NA|NA|NA|NA|0|0|0|0|NA|0
"484391115161"|0|1|0|0|0|0|0|1|1|0|0|1|1|0|0|NA|NA|NA|NA|NA|0|0|0|0|NA|0
"484391115253"|0|1|0|0|0|0|0|1|1|0|0|1|1|0|0|NA|NA|NA|NA|NA|0|0|0|0|NA|0
"484391115361"|0|1|0|0|0|0|0|1|1|1|1|0|0|1|0|NA|NA|NA|NA|NA|56|15|106|5587846|52715.5283018868|0
"484391115381"|0|1|0|0|0|0|0|1|1|1|1|0|1|0|0|NA|NA|NA|NA|NA|38|11|30|1924474|64149.1333333333|0
"484391130031"|0|1|0|0|0|0|0|1|1|0|0|1|1|0|0|NA|NA|NA|NA|NA|0|0|0|0|NA|0
"484391130072"|0|1|0|0|0|0|0|1|1|0|0|1|1|0|0|NA|NA|NA|NA|NA|0|0|0|0|NA|0
"484391134103"|0|1|0|0|0|0|0|1|1|0|0|1|1|0|0|NA|NA|NA|NA|NA|0|0|0|0|NA|0
"484391136121"|0|1|0|0|0|0|0|1|1|0|0|1|1|0|0|NA|NA|NA|NA|NA|0|0|0|0|NA|0
"484391136131"|0|1|0|0|0|0|0|1|1|1|0|0|1|0|0|10400|10400|NA|NA|6470|7|1|4|130000|32500|0
"484391139572"|0|1|1|0|0|0|0|1|1|1|0|0|1|0|0|11280|11280|8820|8820|NA|60|14|24|2210776|92115.6666666667|0
"484391216123"|0|1|1|0|0|0|0|1|1|1|0|0|1|0|0|13350|13350|8010|8010|7170|14|9|10|431630|43163|0
"484391217025"|0|1|0|0|0|0|0|1|1|0|0|1|1|0|0|NA|NA|NA|NA|NA|0|0|0|0|NA|0
"484391217041"|0|1|0|0|0|0|0|1|1|0|0|1|1|0|0|NA|NA|NA|NA|NA|0|0|0|0|NA|0
"484391219042"|0|1|0|0|0|0|0|1|1|0|0|1|1|0|0|NA|NA|NA|NA|NA|0|0|0|0|NA|0
"484391223002"|0|1|1|0|0|0|0|1|1|1|0|0|0|0|1|8910|26056|8739|21571|10370|2297|311|2186|202950098|92840.8499542543|0
"484391226002"|0|1|0|0|0|0|0|1|1|0|0|1|1|0|0|NA|NA|NA|NA|NA|0|0|0|0|NA|0
"484391233021"|0|1|0|0|0|0|0|1|1|1|1|0|0|0|1|3402|8235|NA|NA|NA|1643|613|1516|102724996|67760.5514511873|0
"484410101002"|0|1|1|0|0|0|0|1|1|1|0|0|0|1|0|37750|37750|23238|23238|11350|538|289|544|41784428|76809.6102941177|0
"484410102002"|0|1|1|0|0|0|0|1|1|1|0|0|0|1|0|29526|29526|12870|12870|9680|183|80|208|15308176|73597|0
"484410117001"|0|1|0|0|0|0|0|1|1|0|0|1|1|0|0|NA|NA|NA|NA|NA|0|0|0|0|NA|0
"484410123002"|0|1|1|0|0|0|0|1|1|1|0|0|0|1|0|28530|28530|16056|16056|8878|135|60|158|9445856|59783.8987341772|0
"484410124002"|0|1|0|0|0|0|0|1|1|0|0|1|1|0|0|NA|NA|NA|NA|NA|0|0|0|0|NA|0
"484499504004"|0|1|0|0|0|0|0|1|1|1|1|0|0|1|0|3240|4680|NA|NA|7340|134|58|132|8225050|62310.9848484848|0
"484510013016"|0|1|1|0|0|0|0|1|1|1|0|0|0|0|1|4412|14228|4119|11481|9630|502|186|618|43109038|69755.7249190938|0
"484510013043"|0|1|0|0|0|0|0|1|1|0|0|1|1|0|0|NA|NA|NA|NA|NA|0|0|0|0|NA|0
"484530005004"|0|0|1|0|0|0|0|1|1|1|0|0|1|0|0|NA|NA|16200|16200|NA|28|5|32|2722034|85063.5625|0
"484530006011"|0|0|1|0|0|0|0|1|1|1|0|0|1|0|0|NA|NA|14400|14400|NA|42|17|40|3796254|94906.35|0
"484530006012"|0|1|1|0|1|1|0|1|1|1|0|0|0|0|1|11448|40032|12028|22886|12286|10474|2361|5438|672698738|123703.335417433|0
"484530009012"|0|1|1|1|0|0|0|1|1|1|0|0|0|1|0|12569|12569|25200|25200|8449|82|31|88|4778452|54300.5909090909|0
"484530011012"|0|1|1|0|0|0|0|1|1|0|0|0|0|0|0|NA|NA|NA|NA|NA|431|123|0|0|NA|0
"484530015033"|0|1|0|0|0|0|0|1|1|1|1|0|1|0|0|NA|NA|NA|NA|NA|23|1|36|1942260|53951.6666666667|0
"484530015034"|0|1|0|0|0|0|0|1|1|1|0|0|0|0|1|2010|12480|NA|NA|NA|1716|469|1236|103555160|83782.4919093851|0
"484530020021"|0|1|0|0|0|0|0|1|1|1|1|0|1|0|0|NA|NA|NA|NA|NA|269|45|232|8242436|35527.7413793103|0
"484530020042"|0|1|0|0|0|0|0|1|1|0|0|1|1|0|0|NA|NA|NA|NA|NA|0|0|0|0|NA|0
"484530020072"|0|1|1|0|0|0|0|1|1|1|0|0|1|0|0|17489|17489|15234|15234|NA|10|6|16|855068|53441.75|0
"484530023222"|0|1|0|0|0|0|0|1|1|0|0|1|1|0|0|NA|NA|NA|NA|NA|0|0|0|0|NA|0
"484530023233"|0|1|1|0|0|0|0|1|1|1|0|0|0|1|0|48326|48326|28980|28980|13328|361|95|324|27181172|83892.5061728395|0
"484530025002"|0|1|0|0|0|0|0|1|1|0|0|1|1|0|0|NA|NA|NA|NA|NA|0|0|0|0|NA|0
"484530302001"|0|1|1|0|0|0|0|1|1|1|0|0|0|1|0|13320|13320|14940|14940|NA|0|0|0|0|NA|0
"484530303001"|0|0|1|0|0|0|0|1|1|1|0|0|1|0|0|NA|NA|17043|17043|NA|20|6|18|1124926|62495.8888888889|0
"484530324001"|0|1|0|0|0|0|0|1|1|0|0|1|1|0|0|NA|NA|NA|NA|NA|0|0|0|0|NA|0
"484530329001"|0|1|0|0|0|0|0|1|1|1|1|0|1|0|0|NA|NA|NA|NA|NA|4|0|0|0|NA|0
"484530346001"|0|1|1|0|0|0|0|1|1|1|0|0|0|1|0|32900|32900|10890|10890|11920|135|77|110|7411944|67381.3090909091|0
"484530400002"|0|1|1|0|0|0|0|1|1|1|0|0|1|0|0|10200|10200|7650|7650|NA|8|5|8|629994|78749.25|0
"484530404001"|0|2|0|0|0|0|0|2|2|0|0|2|2|0|0|NA|NA|NA|NA|NA|0|0|0|0|NA|0
"484530405001"|0|1|0|0|0|0|0|1|1|0|0|1|1|0|0|NA|NA|NA|NA|NA|0|0|0|0|NA|0
"484530434002"|0|2|0|0|0|0|0|2|2|1|1|1|2|0|0|NA|NA|NA|NA|NA|22|3|52|2837970|NA|0
"484639502024"|0|1|0|0|0|0|0|1|1|1|1|0|0|1|0|3024|4848|NA|NA|4600|221|77|246|8059570|32762.4796747967|0
"484690002012"|0|1|0|0|0|0|0|1|1|0|0|1|1|0|0|NA|NA|NA|NA|NA|0|0|0|0|NA|0
"484690006022"|0|2|1|0|0|0|0|2|2|2|1|0|0|2|0|7474|18250|NA|NA|NA|462|245|436|31974924|143773.867439647|0
"484690006024"|0|1|0|0|0|0|0|1|1|0|0|1|1|0|0|NA|NA|NA|NA|NA|0|0|0|0|NA|0
"484717907002"|0|1|1|0|1|0|0|1|1|1|0|0|0|0|1|5856|15672|5765|13127|9670|1406|534|1552|110601044|71263.5592783505|0
"484717908005"|0|1|0|0|0|0|0|1|1|0|0|1|1|0|0|NA|NA|NA|NA|NA|0|0|0|0|NA|0
"484739800001"|0|1|1|1|0|0|0|1|1|1|0|0|0|1|0|7253|22552|5096|14316|8883|798|280|864|65384858|75676.9189814815|0
"484771701001"|0|1|0|0|0|0|0|1|1|0|0|1|1|0|0|NA|NA|NA|NA|NA|0|0|0|0|NA|0
"484771703003"|0|1|0|0|0|0|0|1|1|0|0|1|1|0|0|NA|NA|NA|NA|NA|0|0|0|0|NA|0
"484771704002"|0|1|0|0|0|0|0|1|1|1|1|0|0|0|1|3450|8220|NA|NA|8495|412|59|788|45354834|57556.8959390863|0
"484790009011"|0|1|0|0|0|0|0|1|1|0|0|1|1|0|0|NA|NA|NA|NA|NA|0|0|0|0|NA|0
"484790016022"|0|1|0|0|0|0|0|1|1|0|0|1|1|0|0|NA|NA|NA|NA|NA|0|0|0|0|NA|0
"484790017143"|0|1|1|0|0|0|0|1|1|1|0|0|0|1|0|3818|13634|3350|10712|8809|419|174|464|35868002|77301.7284482759|0
"484790017192"|0|1|0|0|0|0|0|1|1|0|0|1|1|0|0|NA|NA|NA|NA|NA|0|0|0|0|NA|0
"484790019002"|0|1|0|0|0|0|0|1|1|1|0|0|0|1|0|2400|3648|NA|NA|NA|397|151|340|21701874|63829.0411764706|0
"484817405002"|0|1|0|0|0|0|0|1|1|1|1|0|0|1|0|768|2016|NA|NA|4830|187|50|370|21971112|59381.3837837838|0
"484850120022"|0|1|1|0|0|0|0|1|1|1|0|0|0|1|0|5708|7658|4145|5315|9504|413|179|466|34564028|74171.7339055794|0
"484879505001"|0|1|0|0|0|0|0|1|1|1|1|0|0|1|0|2400|3840|NA|NA|4252|138|64|170|8862114|52130.0823529412|0
"484910201233"|0|1|0|0|0|0|0|1|1|1|0|0|1|0|0|14985|14985|NA|NA|NA|1|0|0|0|NA|0
"484910203351"|0|1|0|0|0|0|0|1|1|1|0|0|1|0|0|NA|NA|NA|NA|NA|1|0|4|143642|35910.5|0
"484910205121"|0|1|1|0|0|0|0|1|1|1|0|0|1|0|0|16920|16920|15600|15600|NA|29|3|16|1222002|76375.125|0
"484910214021"|0|1|0|0|0|0|0|1|1|0|0|1|1|0|0|NA|NA|NA|NA|NA|0|0|0|0|NA|0
"484910214051"|0|1|0|0|0|0|0|1|1|1|0|0|0|1|0|45120|45120|NA|NA|11760|287|97|220|16773300|76242.2727272727|0
"484910215031"|0|1|0|0|0|0|0|1|1|0|0|1|1|0|0|NA|NA|NA|NA|NA|0|0|0|0|NA|0
"484999506011"|0|1|0|1|0|0|0|1|1|1|0|0|1|0|0|10400|10400|NA|NA|9880|95|14|82|4908280|59857.0731707317|0
"490050005022"|0|1|0|0|0|0|0|1|1|0|0|1|0|1|0|NA|NA|NA|NA|NA|0|0|0|0|NA|0
"490050006022"|0|1|0|0|0|0|0|1|1|0|0|1|1|0|0|NA|NA|NA|NA|NA|0|0|0|0|NA|0
"490050007021"|0|1|1|0|0|1|0|1|1|1|0|0|0|0|1|6732|21677|6164|21575|8016|2486|945|2098|187789552|89508.8427073403|0
"490050010023"|0|1|0|0|0|0|0|1|1|1|0|0|1|0|0|16600|16600|NA|NA|NA|0|0|0|0|NA|0
"490111257012"|0|1|0|0|0|0|0|1|1|0|0|1|1|0|0|NA|NA|NA|NA|NA|0|0|0|0|NA|0
"490111260012"|0|1|0|0|0|0|0|1|1|1|0|0|1|0|0|15960|15960|NA|NA|NA|9|1|8|664846|83105.75|0
"490111271004"|0|1|0|0|0|0|0|1|1|0|0|1|0|1|0|NA|NA|NA|NA|NA|0|0|0|0|NA|0
"490211104001"|0|1|1|0|0|0|0|1|1|1|0|0|0|0|1|6006|19822|7574|23784|7374|538|86|678|44974216|66333.6519174041|0
"490211104004"|0|1|0|0|0|0|0|1|1|0|0|1|1|0|0|NA|NA|NA|NA|NA|0|0|0|0|NA|0
"490211106011"|0|1|0|0|0|0|0|1|1|0|0|1|1|0|0|NA|NA|NA|NA|NA|0|0|0|0|NA|0
"490351014022"|0|1|1|0|1|1|0|1|1|1|0|0|0|0|1|7412|26017|6666|23537|10201|5834|1296|3242|378088094|116621.867365824|0
"490351019003"|0|1|0|0|0|0|0|1|1|0|0|1|1|0|0|NA|NA|NA|NA|NA|0|0|0|0|NA|0
"490351025012"|0|1|0|0|0|0|0|1|1|1|1|0|0|1|0|3550|3550|NA|NA|NA|64|7|34|3079200|90564.7058823529|0
"490351033001"|0|1|1|0|0|0|0|1|1|1|0|0|0|1|0|37440|37440|14487|14487|11097|185|45|266|19904488|74828.9022556391|0
"490351048003"|0|1|1|0|0|0|0|1|1|1|0|0|1|0|0|7260|7260|7260|7260|NA|5|2|6|99786|16631|0
"490351108003"|0|1|0|0|0|0|0|1|1|0|0|1|1|0|0|NA|NA|NA|NA|NA|0|0|0|0|NA|0
"490351114006"|0|1|0|0|0|0|0|1|1|0|0|1|1|0|0|NA|NA|NA|NA|NA|0|0|0|0|NA|0
"490351119031"|0|3|2|0|0|0|0|3|3|3|1|0|1|0|2|36942|36942|NA|NA|NA|3293|889|6676|441191052|200844.982765053|0
"490351119052"|0|1|0|0|0|0|0|1|1|0|0|1|1|0|0|NA|NA|NA|NA|NA|0|0|0|0|NA|0
"490351121023"|0|1|1|0|0|0|0|1|1|1|0|0|1|0|0|16600|16600|15552|15552|NA|16|1|8|339296|42412|0
"490351122011"|0|2|2|0|0|0|0|2|2|2|0|0|2|0|0|24452|24452|22752|22752|NA|18|4|16|1162026|NA|0
"490351123013"|0|1|0|0|0|0|0|1|1|0|0|1|1|0|0|NA|NA|NA|NA|NA|0|0|0|0|NA|0
"490351124044"|0|1|0|0|0|0|0|1|1|0|0|1|1|0|0|NA|NA|NA|NA|NA|0|0|0|0|NA|0
"490351126133"|0|2|0|0|0|0|0|2|2|0|0|2|2|0|0|NA|NA|NA|NA|NA|0|0|0|0|NA|0
"490351128252"|0|1|1|0|0|0|0|1|1|1|0|0|0|1|0|12544|12544|14356|14356|NA|66|9|100|7992378|79923.78|0
"490351129073"|0|1|1|0|0|0|0|1|1|1|0|0|1|0|0|15750|15750|15000|15000|NA|9|0|18|1511070|83948.3333333333|0
"490351129181"|0|1|0|0|0|0|0|1|1|0|0|1|1|0|0|NA|NA|NA|NA|NA|0|0|0|0|NA|0
"490351130124"|0|1|0|0|0|0|0|1|1|0|0|1|1|0|0|NA|NA|NA|NA|NA|0|0|0|0|NA|0
"490351135094"|0|1|0|0|0|0|0|1|1|0|0|1|1|0|0|NA|NA|NA|NA|NA|0|0|0|0|NA|0
"490351135103"|0|1|0|0|0|0|0|1|1|1|1|0|0|0|1|3488|12208|NA|NA|NA|955|451|696|41971176|60303.4137931034|0
"490351135132"|0|1|0|0|0|0|0|1|1|0|0|1|1|0|0|NA|NA|NA|NA|NA|0|0|0|0|NA|0
"490351140001"|0|2|1|0|0|0|0|2|2|2|0|0|1|1|0|NA|NA|NA|NA|NA|178|14|200|12932560|166100.920454545|0
"490399724022"|0|1|0|0|0|0|0|1|1|1|0|0|0|1|0|3486|12730|NA|NA|3900|194|35|294|17969594|61121.0680272109|0
"490451311012"|0|1|0|0|0|0|0|1|1|0|0|1|1|0|0|NA|NA|NA|NA|NA|0|0|0|0|NA|0
"490479402015"|0|1|0|0|0|0|0|1|1|0|0|1|0|1|0|NA|NA|NA|NA|NA|0|0|0|0|NA|0
"490490004002"|0|1|0|0|0|0|0|1|1|0|0|1|1|0|0|NA|NA|NA|NA|NA|0|0|0|0|NA|0
"490490011033"|0|1|1|0|0|0|0|1|1|1|0|0|0|0|1|5192|16092|8541|25977|NA|1401|252|1506|113374460|75281.8459495352|0
"490490012012"|0|1|0|0|0|0|0|1|1|1|0|0|1|0|0|16600|16600|NA|NA|NA|0|0|0|0|NA|0
"490490014033"|0|1|0|0|0|0|0|1|1|0|0|1|1|0|0|NA|NA|NA|NA|NA|0|0|0|0|NA|0
"490490014042"|0|2|0|0|0|0|0|2|2|0|0|2|1|0|0|NA|NA|NA|NA|NA|0|0|0|0|NA|0
"490490016022"|0|1|1|0|0|0|0|1|1|1|0|0|0|0|1|5970|5970|7510|7510|7808|2990|862|2528|326761328|129256.85443038|0
"490490017023"|0|2|0|0|0|0|0|2|2|0|0|2|1|0|0|NA|NA|NA|NA|NA|0|0|0|0|NA|0
"490490021011"|0|1|0|0|0|0|0|1|1|1|0|0|1|0|0|15960|15960|NA|NA|NA|28|2|24|1852534|77188.9166666667|0
"490490022121"|0|1|0|0|0|0|0|1|1|1|0|0|1|0|0|NA|NA|NA|NA|NA|5|2|10|1287812|128781.2|0
"490490024001"|0|2|0|0|0|0|0|2|2|0|0|2|2|0|0|NA|NA|NA|NA|NA|0|0|0|0|NA|0
"490490034051"|0|1|0|0|0|0|0|1|1|0|0|1|1|0|0|NA|NA|NA|NA|NA|0|0|0|0|NA|0
"490490101283"|0|1|0|0|0|0|0|1|1|0|0|1|0|1|0|NA|NA|NA|NA|NA|0|0|0|0|NA|0
"490499803001"|0|0|1|0|0|0|0|1|1|1|0|0|0|1|0|NA|NA|14360|14360|NA|95|21|126|13309618|105631.888888889|0
"490519601002"|0|1|0|0|0|0|0|1|1|0|0|1|1|0|0|NA|NA|NA|NA|NA|0|0|0|0|NA|0
"490532703014"|0|1|0|0|0|0|0|1|1|0|0|1|1|0|0|NA|NA|NA|NA|NA|0|0|0|0|NA|0
"490532706013"|0|1|0|0|0|0|0|1|1|0|0|1|1|0|0|NA|NA|NA|NA|NA|0|0|0|0|NA|0
"490532711012"|0|1|0|0|0|0|0|1|1|0|0|1|1|0|0|NA|NA|NA|NA|NA|0|0|0|0|NA|0
"490532713002"|0|1|1|0|0|0|0|1|1|1|0|0|0|0|1|4822|15420|6857|15143|6968|417|159|472|30857236|65375.5|0
"490532715013"|0|1|0|0|0|0|0|1|1|0|0|1|1|0|0|NA|NA|NA|NA|NA|0|0|0|0|NA|0
"490532715021"|0|1|0|0|0|0|0|1|1|0|0|1|1|0|0|NA|NA|NA|NA|NA|0|0|0|0|NA|0
"490532718001"|0|1|0|0|0|0|0|1|1|1|1|0|1|0|0|16600|16600|NA|NA|NA|0|0|0|0|NA|0
"490572002021"|0|1|0|0|0|0|0|1|1|0|0|1|0|1|0|NA|NA|NA|NA|NA|0|0|0|0|NA|0
"490572011002"|0|1|0|0|0|0|0|1|1|0|0|1|1|0|0|NA|NA|NA|NA|NA|0|0|0|0|NA|0
"490572020002"|0|1|0|0|0|0|0|1|1|0|0|1|1|0|0|NA|NA|NA|NA|NA|0|0|0|0|NA|0
"490572105182"|0|1|0|0|0|0|0|1|1|1|0|0|1|0|0|16600|16600|NA|NA|NA|16|1|18|1663542|92419|0
"500019608004"|0|1|1|0|0|0|0|1|1|1|0|0|0|1|0|57880|57880|NA|NA|16630|785|194|636|68976896|108454.238993711|0
"500039710002"|0|1|1|0|0|0|0|1|1|1|0|0|1|0|0|57350|57350|24132|24132|16840|197|62|122|10893604|89291.8360655738|0
"500070022011"|0|1|1|0|0|0|0|1|1|1|0|0|0|1|0|46175|46175|11160|11160|13600|192|56|226|16404312|72585.4513274336|0
"500070031014"|0|1|0|0|0|0|0|1|1|0|0|1|1|0|0|NA|NA|NA|NA|NA|0|0|0|0|NA|0
"500070039001"|0|1|1|0|0|0|0|1|1|1|0|0|0|1|0|42564|42564|14310|14310|15854|257|62|222|18519870|83422.8378378378|0
"500070039003"|0|1|1|0|0|1|0|1|1|1|0|0|0|0|1|16392|41280|12294|30960|13354|1908|485|1216|116878370|96117.0805921053|0
"500070040024"|0|1|0|0|0|0|0|1|1|0|0|1|1|0|0|NA|NA|NA|NA|NA|0|0|0|0|NA|0
"500159532001"|0|1|1|0|0|0|0|1|1|1|0|0|0|1|0|11592|25680|11322|16488|11694|162|51|134|8499048|63425.7313432836|0
"500179594002"|0|1|1|0|0|0|0|1|1|1|0|0|0|1|0|14712|28128|13410|25650|11694|129|40|152|9985070|65691.25|0
"500199517004"|0|1|0|0|0|0|0|1|1|1|0|0|1|0|0|39000|39000|NA|NA|10400|29|5|42|2154874|51306.5238095238|0
"500219636002"|0|1|1|0|0|0|0|1|1|1|0|0|0|1|0|11832|28800|11916|11916|11694|151|53|158|9871628|62478.6582278481|0
"500239540003"|0|1|1|0|0|0|0|1|1|1|0|0|1|0|0|17803|17803|20028|20028|NA|40|2|36|709820|19717.2222222222|0
"500239546001"|0|1|0|0|0|0|0|1|1|1|1|0|0|1|0|6720|13440|NA|NA|NA|148|50|0|0|NA|0
"500239546002"|0|1|0|0|0|0|0|1|1|1|0|0|1|0|0|21000|21000|NA|NA|10466|1|0|0|0|NA|0
"500239548002"|0|1|2|0|0|0|0|2|2|1|0|0|1|0|0|NA|NA|NA|NA|NA|94|25|0|0|NA|0
"500239555023"|0|1|1|0|0|0|0|1|1|1|0|0|0|1|0|40608|40608|18614|18614|14854|426|157|328|22360704|68172.8780487805|0
"500259677001"|0|1|1|0|0|0|0|1|1|1|0|0|1|0|0|60280|60280|NA|NA|13420|133|28|112|7135768|63712.2142857143|0
"500259682002"|0|2|2|0|0|0|0|2|2|0|0|0|0|0|0|NA|NA|NA|NA|NA|0|0|0|0|NA|0
"500259686002"|0|0|1|0|0|0|0|1|1|1|0|0|1|0|0|NA|NA|43500|43500|NA|47|11|8|603288|75411|0
"500279651002"|0|0|1|0|0|0|0|1|1|1|0|0|1|0|0|NA|NA|40350|40350|NA|82|22|104|9614990|92451.8269230769|0
"510010907002"|0|1|0|0|0|0|0|1|1|1|1|0|1|0|0|4620|9918|NA|NA|NA|29|4|28|1649842|58922.9285714286|0
"510030109041"|0|1|1|0|1|1|0|1|1|1|0|0|0|0|1|15772|49819|17076|28604|12350|5534|1014|3102|446946438|144083.313346228|0
"510030113031"|0|1|0|0|0|0|0|1|1|1|1|0|0|1|0|4650|9948|NA|NA|NA|117|34|150|9593926|63959.5066666667|0
"510050802012"|0|1|0|0|0|0|0|1|1|1|1|0|0|1|0|4620|9918|NA|NA|NA|42|7|36|2096428|58234.1111111111|0
"510090102013"|0|1|1|0|0|0|0|1|1|1|0|0|1|0|0|21900|21900|11130|11130|13500|111|42|72|4479232|62211.5555555556|0
"510131003005"|0|1|1|0|0|0|0|1|1|1|0|0|0|1|0|33200|33200|19620|19620|14400|209|55|288|22165794|76964.5625|0
"510131015031"|0|1|0|0|0|0|0|1|1|0|0|1|1|0|0|NA|NA|NA|NA|NA|0|0|0|0|NA|0
"510131016033"|0|1|1|0|0|0|0|1|1|1|0|0|1|0|0|9360|9360|7020|7020|NA|10|3|48|1268010|26416.875|0
"510131018051"|0|1|1|0|0|0|0|1|1|1|0|0|0|1|0|13320|13320|14940|14940|NA|0|0|0|0|NA|0
"510131034051"|0|1|1|0|0|0|0|1|1|1|0|0|1|0|0|14868|14868|17072|17072|NA|23|0|6|601018|100169.666666667|0
"510150703001"|0|1|0|0|0|0|0|1|1|1|1|0|0|1|0|4620|9918|NA|NA|NA|111|23|138|8506566|61641.7826086957|0
"510259301002"|0|1|0|0|0|0|0|1|1|1|1|0|0|1|0|4620|9918|NA|NA|NA|92|15|96|6154882|64113.3541666667|0
"510270101004"|0|0|1|0|0|0|0|1|1|1|0|0|1|0|0|NA|NA|35000|35000|NA|37|12|40|2920000|73000|0
"510270106002"|0|0|1|0|0|0|0|1|1|1|0|0|1|0|0|NA|NA|NA|NA|NA|27|5|44|4506392|102418|0
"510411001072"|0|1|0|0|0|0|0|1|1|1|1|0|1|0|0|16500|16500|NA|NA|NA|17|10|18|971776|53987.5555555556|0
"510411005053"|0|1|0|0|0|0|0|1|1|1|1|0|0|1|0|4650|9948|NA|NA|NA|150|36|236|15156026|64220.4491525424|0
"510411005094"|0|1|0|0|0|0|0|1|1|1|1|0|1|0|0|NA|NA|NA|NA|NA|15|3|4|309800|77450|0
"510411006002"|0|1|1|1|0|0|0|1|1|1|0|0|0|1|0|5540|16542|8375|18627|11544|418|149|544|41602546|76475.2683823529|0
"510411009343"|0|1|0|0|0|0|0|1|1|0|0|1|1|0|0|NA|NA|NA|NA|NA|0|0|0|0|NA|0
"510479304002"|0|1|0|0|0|0|0|1|1|0|0|1|1|0|0|NA|NA|NA|NA|NA|0|0|0|0|NA|0
"510538405001"|0|1|0|0|0|0|0|1|1|1|1|0|0|1|0|6000|11790|NA|NA|12103|75|24|70|3967680|56681.1428571429|0
"510594401003"|0|0|1|0|1|0|0|1|1|1|0|0|1|0|0|NA|NA|7120|7120|NA|13|3|4|302560|75640|0
"510594405031"|0|1|1|0|0|0|0|1|1|1|0|0|0|0|1|9510|32970|12594|33906|12090|3119|739|2798|302836012|108233.027877055|0
"510594408003"|0|1|0|0|0|0|0|1|1|1|1|0|0|0|1|5412|10790|NA|NA|NA|1021|278|1230|94361338|76716.5349593496|0
"510594503004"|0|1|0|0|0|0|0|1|1|0|0|1|1|0|0|NA|NA|NA|NA|NA|0|0|0|0|NA|0
"510594526002"|0|1|0|0|0|0|0|1|1|0|0|1|1|0|0|NA|NA|NA|NA|NA|0|0|0|0|NA|0
"510594604003"|0|2|0|0|0|0|0|2|2|1|1|1|2|0|0|NA|NA|NA|NA|NA|27|4|4|154000|NA|0
"510594605011"|0|2|1|0|0|0|0|2|2|1|0|1|2|0|0|NA|NA|NA|NA|NA|12|3|2|180000|NA|0
"510594605031"|0|1|0|0|0|0|0|1|1|1|0|0|1|0|0|19572|19572|NA|NA|NA|0|0|0|0|NA|0
"510594711001"|0|1|0|0|0|0|0|1|1|1|1|0|1|0|0|NA|NA|NA|NA|NA|10|1|16|1591424|99464|0
"510594713011"|0|1|1|0|0|0|0|1|1|1|0|0|1|0|0|8640|8640|5400|5400|NA|0|0|0|0|NA|0
"510594802051"|0|1|0|0|0|0|0|1|1|0|0|1|1|0|0|NA|NA|NA|NA|NA|0|0|0|0|NA|0
"510594804012"|0|1|0|0|0|0|0|1|1|0|0|1|1|0|0|NA|NA|NA|NA|NA|0|0|0|0|NA|0
"510594822053"|0|1|0|0|0|0|0|1|1|0|0|1|1|0|0|NA|NA|NA|NA|NA|0|0|0|0|NA|0
"510594905023"|0|1|1|0|0|0|0|1|1|1|0|0|1|0|0|10128|10128|13068|13068|NA|31|6|10|794800|79480|0
"510594913031"|0|1|0|0|0|0|0|1|1|1|1|0|1|0|0|NA|NA|NA|NA|NA|2|0|0|0|NA|0
"510670206001"|0|1|1|0|0|0|0|1|1|1|0|0|1|0|0|36480|36480|8010|8010|12400|172|53|120|6104636|50871.9666666667|0
"510690507002"|0|1|0|0|0|0|0|1|1|1|1|0|0|1|0|4620|9918|NA|NA|NA|157|30|130|8214620|63189.3846153846|0
"510731001012"|0|1|0|0|0|0|0|1|1|1|1|0|0|1|0|4620|9918|NA|NA|NA|89|19|60|3590864|59847.7333333333|0
"510853206012"|0|1|0|0|0|0|0|1|1|1|0|0|0|1|0|42490|42490|NA|NA|12680|261|73|232|17737192|76453.4137931034|0
"510853206022"|0|1|0|0|0|0|0|1|1|0|0|1|1|0|0|NA|NA|NA|NA|NA|0|0|0|0|NA|0
"510872001261"|0|1|0|0|0|0|0|1|1|0|0|1|1|0|0|NA|NA|NA|NA|NA|0|0|0|0|NA|0
"510872001274"|0|1|1|0|0|0|0|1|1|1|0|0|1|0|0|NA|NA|NA|NA|NA|3|0|0|0|NA|0
"510872001442"|0|1|1|0|0|0|0|1|1|1|0|0|1|0|0|16920|16920|15600|15600|NA|33|5|38|2966174|78057.2105263158|0
"510872004091"|0|1|0|0|0|0|0|1|1|0|0|1|1|0|0|NA|NA|NA|NA|NA|0|0|0|0|NA|0
"510872005022"|0|1|0|0|0|0|0|1|1|1|1|0|1|0|0|13376|13376|NA|NA|NA|17|6|26|1614036|62078.3076923077|0
"510872008013"|0|1|0|0|0|0|0|1|1|1|1|0|0|1|0|4743|10041|NA|NA|NA|246|54|214|13950322|65188.4205607477|0
"510872009043"|0|2|0|0|0|0|0|2|2|1|0|1|2|0|0|NA|NA|NA|NA|NA|46|13|62|4954142|NA|0
"510890103001"|0|1|0|0|0|0|0|1|1|1|1|0|0|1|0|4620|9918|NA|NA|NA|107|23|88|5318264|60434.8181818182|0
"511076107023"|0|1|0|0|0|0|0|1|1|1|0|0|1|0|0|28400|28400|NA|NA|11020|42|12|36|2944770|81799.1666666667|0
"511076110203"|0|0|1|0|0|0|0|1|1|1|0|0|1|0|0|NA|NA|15890|15890|NA|34|9|48|4619096|96231.1666666667|0
"511210201001"|0|1|1|0|0|1|0|1|1|1|0|0|0|0|1|11420|29960|13701|27614|9556|6558|1441|4114|454902806|110574.333009237|0
"511210207012"|0|0|1|0|0|1|0|1|1|1|0|0|0|1|0|NA|NA|NA|NA|NA|0|0|0|0|NA|0
"511371101081"|0|1|0|0|0|0|0|1|1|1|1|0|0|1|0|4340|9285|NA|NA|NA|156|32|192|11559026|60203.2604166667|0
"511479302042"|0|1|1|0|0|0|0|1|1|1|0|0|0|1|0|8180|24620|6480|17910|12076|488|144|528|34892548|66084.3712121212|0
"511479303022"|0|1|0|0|0|0|0|1|1|1|0|0|1|0|0|45690|45690|NA|NA|13876|230|61|202|14945426|73987.2574257426|0
"511539004036"|0|1|0|0|0|0|0|1|1|0|0|1|1|0|0|NA|NA|NA|NA|NA|0|0|0|0|NA|0
"511539016025"|0|1|0|0|0|0|0|1|1|0|0|1|1|0|0|16520|16520|NA|NA|NA|0|0|0|0|NA|0
"511552102021"|0|1|0|0|0|0|0|1|1|1|1|0|0|1|0|4620|9918|NA|NA|NA|73|21|96|6480184|67501.9166666667|0
"511610302031"|0|1|1|0|0|0|0|1|1|1|0|0|1|0|0|39360|39360|17050|17050|14300|171|37|162|10516400|64916.049382716|0
"511650115002"|0|1|1|0|0|0|0|1|1|1|0|0|0|1|0|36800|36800|17850|17850|13360|195|82|226|13601636|60184.2300884956|0
"511770202041"|0|1|0|0|0|0|0|1|1|1|1|0|1|0|0|NA|NA|NA|NA|NA|13|1|14|7e+05|50000|0
"511850202003"|0|1|1|0|0|0|0|1|1|1|0|0|1|0|0|25750|25750|8640|8640|9598|101|34|92|5192768|56443.1304347826|0
"511850206003"|0|1|0|0|0|0|0|1|1|1|1|0|0|1|0|4620|9918|NA|NA|NA|93|26|92|5123970|55695.3260869565|0
"511910105023"|0|1|0|0|0|0|0|1|1|1|1|0|0|1|0|4620|9918|NA|NA|NA|58|11|72|4246682|58981.6944444444|0
"511910106021"|0|1|1|0|0|0|0|1|1|1|0|0|0|1|0|34500|34500|33238|33238|13450|154|66|184|13210372|71795.5|0
"511959312002"|0|1|0|0|0|0|0|1|1|1|1|0|0|1|0|4620|9918|NA|NA|NA|95|24|92|5286712|57464.2608695652|0
"511959314002"|0|1|0|0|0|0|0|1|1|1|0|0|0|1|0|5693|23960|NA|NA|11277|221|82|206|14535388|70560.1359223301|0
"511970502013"|0|1|0|0|0|0|0|1|1|1|1|0|0|1|0|4620|9918|NA|NA|NA|53|14|58|3421234|58986.7931034483|0
"515102007011"|0|1|1|0|0|0|0|1|1|1|0|0|0|1|0|14980|14980|13368|13368|NA|94|12|106|8723750|82299.5283018868|0
"515200202022"|0|1|0|0|0|0|0|1|1|0|0|1|1|0|0|NA|NA|NA|NA|NA|0|0|0|0|NA|0
"515309306022"|0|1|0|0|0|0|0|1|1|1|0|0|0|1|0|17696|17696|NA|NA|8774|135|67|130|6184000|47569.2307692308|0
"515500208053"|0|1|1|0|0|0|0|1|1|1|0|0|1|0|0|371|371|520|520|NA|37|8|68|5178336|76152|0
"515500208054"|0|1|0|0|0|0|0|1|1|1|0|0|1|0|0|16500|16500|NA|NA|NA|17|10|8|385590|48198.75|0
"515708302003"|0|1|0|0|0|0|0|1|1|1|1|0|1|0|0|11400|11400|NA|NA|NA|12|2|18|1290780|71710|0
"515900007001"|0|2|1|0|0|0|0|2|2|2|0|0|2|0|0|48040|48040|NA|NA|NA|165|63|114|6359974|150808.854545455|0
"515900007003"|0|1|0|0|0|0|0|1|1|1|1|0|1|0|0|4743|4743|NA|NA|NA|2|0|6|266740|44456.6666666667|0
"515900010003"|0|1|0|0|0|0|0|1|1|1|1|0|0|1|0|4620|9918|NA|NA|NA|65|19|94|5672466|60345.3829787234|0
"516200901001"|0|1|0|0|0|0|0|1|1|1|1|0|0|1|0|4620|9918|NA|NA|NA|44|9|40|2388428|59710.7|0
"516300003011"|0|1|1|0|0|0|0|1|1|1|0|0|0|1|0|8678|25104|8676|18396|11734|440|122|498|36079632|72449.0602409639|0
"516500103041"|0|1|0|0|0|0|0|1|1|1|1|0|0|1|0|4680|9978|NA|NA|NA|162|39|184|12638652|68688.3260869565|0
"516500103121"|0|1|0|0|0|0|0|1|1|1|0|0|1|0|0|8320|8320|NA|NA|NA|2|0|0|0|NA|0
"516500104004"|0|1|0|0|0|0|0|1|1|0|0|1|1|0|0|NA|NA|NA|NA|NA|0|0|0|0|NA|0
"516500114001"|0|1|1|1|0|0|0|1|1|1|0|0|0|1|0|26198|26198|13099|13099|12986|503|115|428|33071216|77269.1962616822|0
"516600002061"|0|1|1|0|0|0|0|1|1|1|0|0|0|0|1|7250|23564|10848|27888|11348|2054|617|2120|182735062|86195.7839622641|0
"516600004011"|0|1|1|0|0|0|0|1|1|1|0|0|0|1|0|38850|38850|15000|15000|11730|191|80|178|9465792|53178.606741573|0
"516789800001"|0|2|1|0|0|0|0|2|2|2|0|0|0|2|0|65732|93742|NA|NA|25870|1103|347|786|79581762|189163.840777734|0
"516800001002"|0|1|1|0|0|0|0|1|1|1|0|0|1|0|0|25000|25000|17100|17100|11000|146|46|134|9897050|73858.5820895522|0
"516800002031"|0|1|1|0|0|0|0|1|1|1|0|0|0|1|0|40910|40910|11467|11467|12138|315|102|368|27710002|75298.9184782609|0
"516800008011"|0|1|0|0|0|0|0|1|1|1|0|0|1|0|0|11001|11001|NA|NA|NA|9|1|54|3336252|61782.4444444444|0
"516800014001"|0|1|1|0|0|1|0|1|1|1|0|0|0|0|1|14791|14791|7935|7935|11273|3646|793|2064|137123080|66435.6007751938|0
"516800016011"|0|2|0|0|0|0|0|2|2|1|1|1|1|1|0|NA|NA|NA|NA|NA|88|21|108|6861958|NA|0
"516800019003"|0|1|1|1|0|0|0|1|1|1|0|0|1|0|0|8200|8200|12670|12670|9400|35|9|10|448000|44800|0
"517000314004"|0|1|0|0|0|0|0|1|1|1|0|0|1|0|0|12820|12820|NA|NA|NA|24|4|62|3889226|62729.4516129032|0
"517000316021"|0|1|0|0|0|0|0|1|1|0|0|1|1|0|0|NA|NA|NA|NA|NA|0|0|0|0|NA|0
"517000317012"|0|1|1|0|0|0|0|1|1|1|0|0|0|1|0|9100|21566|7614|16722|11760|632|146|574|47023206|81921.9616724739|0
"517000321131"|0|1|0|0|0|0|0|1|1|1|1|0|1|0|0|16500|16500|NA|NA|NA|16|10|20|850180|42509|0
"517000321261"|0|1|0|0|0|0|0|1|1|0|0|1|1|0|0|NA|NA|NA|NA|NA|0|0|0|0|NA|0
"517000322122"|0|1|0|0|0|0|0|1|1|0|0|1|1|0|0|NA|NA|NA|NA|NA|0|0|0|0|NA|0
"517100025001"|0|1|1|0|0|0|0|1|1|1|0|0|0|0|1|7029|26664|10207|29851|12988|1586|521|1688|154004740|91235.0355450237|0
"517100040023"|0|0|1|0|0|1|0|1|1|1|0|0|0|1|0|NA|NA|20586|24030|NA|491|188|238|36043942|151445.134453782|0
"517100047001"|0|1|1|1|0|0|0|1|1|1|0|0|0|1|0|5752|16920|8820|20872|10844|629|163|484|39277150|81151.1363636364|0
"517100049003"|0|1|0|0|0|0|0|1|1|1|1|0|0|0|1|4680|9978|NA|NA|NA|485|114|548|34962776|63800.6861313869|0
"517100066051"|0|1|0|0|0|0|0|1|1|0|0|1|1|0|0|16520|16520|NA|NA|NA|0|0|0|0|NA|0
"517100066064"|0|1|0|0|0|0|0|1|1|1|1|0|1|0|0|16500|16500|NA|NA|NA|21|13|30|1088590|36286.3333333333|0
"517100069011"|0|1|0|0|0|0|0|1|1|1|1|0|1|0|0|15350|15350|NA|NA|NA|16|6|14|897700|64121.4285714286|0
"517100069013"|0|1|0|0|0|0|0|1|1|0|0|1|1|0|0|NA|NA|NA|NA|NA|0|0|0|0|NA|0
"517109802001"|0|1|0|0|0|0|0|1|1|0|0|1|1|0|0|16200|16200|NA|NA|NA|0|0|0|0|NA|0
"517308113001"|0|1|0|0|0|0|0|1|1|0|0|1|1|0|0|NA|NA|NA|NA|NA|0|0|0|0|NA|0
"517500101021"|0|1|1|0|0|0|0|1|1|1|0|0|0|0|1|7922|19557|8915|17441|9612|816|265|1014|78915902|77826.3333333333|0
"517600104023"|0|0|1|0|0|0|0|1|1|1|0|0|1|0|0|NA|NA|12690|12690|NA|53|13|48|4261000|88770.8333333333|0
"517600111004"|0|1|1|1|0|0|0|1|1|1|0|0|0|1|0|10530|10530|11275|11275|9358|159|41|140|9285062|66321.8714285714|0
"517600403002"|0|1|1|0|1|1|0|1|1|1|0|0|0|0|1|12179|32827|12703|26041|11504|3555|912|2500|247981212|99192.4848|0
"517600505003"|0|1|1|0|0|0|0|1|1|1|0|0|0|1|0|56860|56860|25260|25260|13430|1168|305|854|100397096|117561.00234192|0
"517700012001"|0|1|1|0|0|0|0|1|0|0|0|0|0|0|0|NA|NA|NA|NA|NA|0|0|0|0|NA|0
"517700030001"|0|1|0|0|0|0|0|1|1|0|0|1|1|0|0|NA|NA|NA|NA|NA|0|0|0|0|NA|0
"517700030002"|0|1|0|0|0|0|0|1|1|1|1|0|0|1|0|4680|9978|NA|NA|NA|149|24|156|9811170|62892.1153846154|0
"517750101001"|0|1|1|0|0|0|0|1|1|1|0|0|1|0|0|10772|10772|10944|10944|NA|33|9|24|1127622|46984.25|0
"517750102001"|0|1|0|0|0|0|0|1|1|1|0|0|0|1|0|45200|45200|NA|NA|14580|198|61|328|22330490|68080.7621951219|0
"517900001001"|0|1|0|0|0|0|0|1|1|0|0|1|1|0|0|NA|NA|NA|NA|NA|0|0|0|0|NA|0
"517900005003"|0|1|1|0|0|0|0|1|1|1|0|0|0|1|0|30690|30690|13000|13000|9730|192|57|184|12726208|69164.1739130435|0
"518000652001"|0|1|0|0|0|0|0|1|1|0|0|1|1|0|0|NA|NA|NA|NA|NA|0|0|0|0|NA|0
"518100402002"|0|1|1|0|0|0|0|1|1|1|0|0|0|1|0|36010|36010|8982|8982|9917|123|46|178|13961516|78435.4831460674|0
"518100410042"|0|1|0|0|0|0|0|1|1|0|0|1|1|0|0|NA|NA|NA|NA|NA|0|0|0|0|NA|0
"518100426001"|0|1|0|0|0|0|0|1|1|1|0|0|1|0|0|16500|16500|NA|NA|NA|14|9|6|278054|46342.3333333333|0
"518100434002"|0|1|0|0|0|0|0|1|1|0|0|1|1|0|0|NA|NA|NA|NA|NA|0|0|0|0|NA|0
"518100444021"|0|1|0|0|0|0|0|1|1|1|1|0|1|0|0|7520|7520|NA|NA|NA|6|1|0|0|NA|0
"518100454341"|0|1|0|0|0|0|0|1|1|0|0|1|1|0|0|NA|NA|NA|NA|NA|0|0|0|0|NA|0
"518100456032"|0|2|1|0|0|0|0|2|1|1|0|0|1|0|0|NA|NA|NA|NA|NA|10|1|4|230000|NA|0
"518100456051"|0|1|1|0|0|0|0|1|1|1|0|0|1|0|0|16920|16920|15600|15600|NA|31|4|24|1841000|76708.3333333333|0
"518100456052"|0|1|0|0|0|0|0|1|1|0|0|1|1|0|0|NA|NA|NA|NA|NA|0|0|0|0|NA|0
"518100460091"|0|2|1|0|0|0|0|2|2|2|1|0|1|0|1|29784|29784|NA|NA|NA|709|93|870|62489278|124831.994578313|0
"518100460191"|0|1|0|0|0|0|0|1|1|1|0|0|0|1|0|16736|16736|NA|NA|NA|110|68|80|5455400|68192.5|0
"518100462073"|0|1|1|0|0|0|0|1|1|1|0|0|0|0|1|17220|17220|15552|15552|7220|444|145|266|24219020|91048.9473684211|0
"518100462191"|0|1|1|0|0|0|0|1|1|1|0|0|1|0|0|NA|NA|7992|7992|NA|1|1|10|525962|52596.2|0
"518100462221"|0|1|0|0|0|0|0|1|1|0|0|1|1|0|0|NA|NA|NA|NA|NA|0|0|0|0|NA|0
"518303701002"|0|1|1|0|0|0|0|1|1|1|0|0|0|1|0|17168|40089|10516|28305|13356|1729|426|1388|150536480|108455.677233429|0
"518400003012"|0|1|1|0|0|0|0|1|1|1|0|0|0|1|0|32510|32510|21720|21720|10810|399|148|504|41822306|82980.7658730159|0
"530050108102"|0|1|0|0|0|0|0|1|1|0|0|1|1|0|0|NA|NA|NA|NA|NA|0|0|0|0|NA|0
"530050110022"|0|1|0|0|0|0|0|1|1|1|1|0|1|0|0|11000|11000|NA|NA|NA|9|3|6|57000|9500|0
"530050113002"|0|1|0|0|0|0|0|1|1|0|0|1|1|0|0|NA|NA|NA|NA|NA|0|0|0|0|NA|0
"530079608031"|0|1|0|0|0|0|0|1|1|1|0|0|0|1|0|3768|4182|NA|NA|7500|127|55|170|12422414|73073.0235294118|0
"530090012002"|0|1|0|0|0|0|0|1|1|1|0|0|0|1|0|3727|4180|NA|NA|NA|121|38|92|5333850|57976.6304347826|0
"530110412031"|0|1|0|0|0|0|0|1|1|0|0|1|1|0|0|NA|NA|NA|NA|NA|0|0|0|0|NA|0
"530110413291"|0|1|0|0|0|0|0|1|1|1|0|0|0|1|0|19276|19276|NA|NA|NA|99|45|164|9524568|58076.6341463415|0
"530110426022"|0|1|0|0|0|0|0|1|1|1|0|0|0|1|0|3631|9392|NA|NA|NA|345|135|346|27173914|78537.323699422|0
"530110428002"|0|1|0|0|0|0|0|1|1|0|0|1|1|0|0|NA|NA|NA|NA|NA|0|0|0|0|NA|0
"530150004001"|0|1|0|0|0|0|0|1|1|1|0|0|0|1|0|3703|4891|NA|NA|NA|241|52|148|10258742|69315.8243243243|0
"530150021002"|0|1|0|0|0|0|0|1|1|0|0|1|1|0|0|NA|NA|NA|NA|NA|0|0|0|0|NA|0
"530210203002"|0|1|0|0|0|0|0|1|1|1|0|0|0|1|0|5088|6817|NA|NA|9920|262|141|276|18722234|67834.1811594203|0
"530250108001"|0|1|0|0|0|0|0|1|1|1|1|0|0|1|0|4230|4691|NA|NA|8364|145|36|96|7032096|73251|0
"530270009006"|0|1|0|0|0|0|0|1|1|1|0|0|0|1|0|3727|9118|NA|NA|NA|99|47|114|7820086|68597.2456140351|0
"530319504002"|0|1|0|0|0|0|0|1|1|1|1|0|1|0|0|16050|16050|NA|NA|NA|4|1|10|610000|61000|0
"530330019004"|0|2|0|0|0|0|0|2|2|2|1|0|1|1|0|NA|NA|NA|NA|NA|220|74|232|15572416|144246.496240601|0
"530330053032"|0|1|1|0|1|1|0|1|1|1|0|0|0|0|1|10629|37998|16278|29178|13887|9591|1058|4102|522182270|127299.431984398|0
"530330054013"|0|1|0|0|0|0|0|1|1|0|0|1|1|0|0|NA|NA|NA|NA|NA|0|0|0|0|NA|0
"530330058014"|0|1|1|0|0|0|0|1|1|1|0|0|1|0|0|30240|30240|33000|33000|NA|8|2|4|254000|63500|0
"530330059012"|0|1|1|0|0|0|0|1|1|1|0|0|0|1|0|46728|46728|31896|31896|12687|360|216|422|33647862|79734.2701421801|0
"530330071012"|0|1|0|0|0|0|0|1|1|0|0|1|1|0|0|21682|21682|NA|NA|NA|0|0|0|0|NA|0
"530330072011"|0|1|1|0|0|0|0|1|1|1|0|0|1|0|0|21600|21600|18024|18024|NA|24|18|124|8376476|67552.2258064516|0
"530330072013"|0|1|1|0|0|0|0|1|1|1|0|0|0|1|0|13658|13658|11812|11812|NA|125|31|62|5059228|81600.4516129032|0
"530330073022"|0|1|0|0|0|0|0|1|1|1|0|0|1|0|0|32964|32964|NA|NA|13036|76|18|82|4840000|59024.3902439024|0
"530330080023"|0|1|0|0|0|0|0|1|1|0|0|1|1|0|0|NA|NA|NA|NA|NA|0|0|0|0|NA|0
"530330080042"|0|0|1|0|0|0|0|1|1|1|0|0|1|0|0|NA|NA|14850|14850|NA|36|5|16|1387500|86718.75|0
"530330084011"|0|2|0|0|0|0|0|2|2|1|0|1|1|1|0|NA|NA|NA|NA|NA|402|115|328|23247170|NA|0
"530330086003"|0|1|1|0|0|0|0|1|1|1|0|0|0|1|0|47565|47565|13500|13500|12780|782|277|1058|93900844|88753.1606805293|0
"530330108001"|0|1|0|0|0|0|0|1|1|1|0|0|0|1|0|3727|3727|NA|NA|NA|198|58|138|9258064|67087.4202898551|0
"530330109002"|0|0|1|0|0|0|0|1|1|1|0|0|1|0|0|NA|NA|24900|24900|NA|2|0|0|0|NA|0
"530330207002"|0|1|0|0|0|0|0|1|1|0|0|1|1|0|0|NA|NA|NA|NA|NA|0|0|0|0|NA|0
"530330209003"|0|1|0|0|0|0|0|1|1|1|1|0|0|1|0|3702|6477|NA|NA|10750|219|78|260|17861430|68697.8076923077|0
"530330218044"|0|2|1|0|0|0|0|2|2|2|0|0|0|2|0|14545|42346|NA|NA|NA|467|103|518|50318022|176601.350809637|0
"530330223001"|0|1|1|0|0|0|0|1|1|1|0|0|1|0|0|26820|26820|30900|30900|NA|138|29|46|3726578|81012.5652173913|0
"530330226031"|0|1|0|0|0|0|0|1|1|1|0|0|0|1|0|2947|7884|NA|NA|NA|139|47|168|11613628|69128.7380952381|0
"530330226053"|0|1|1|0|0|0|0|1|1|1|0|0|0|1|0|33500|33500|27880|27880|10304|116|34|142|14477742|101955.929577465|0
"530330227022"|0|2|2|0|0|0|0|2|2|2|0|0|0|2|0|45470|45470|34023|34023|NA|168|71|112|7158926|NA|0
"530330234012"|0|1|0|0|0|0|0|1|1|1|0|0|0|0|1|3727|9118|NA|NA|13530|492|166|398|32538698|81755.5226130653|0
"530330253021"|0|1|0|0|0|0|0|1|1|1|1|0|1|0|0|NA|NA|NA|NA|NA|26|12|44|2756618|62650.4090909091|0
"530330254011"|0|1|0|0|0|0|0|1|1|1|0|0|0|1|0|3781|4241|NA|NA|NA|141|32|130|10909690|83920.6923076923|0
"530330262001"|0|1|1|0|0|0|0|1|1|1|0|0|1|0|0|9552|9552|16752|16752|NA|0|0|0|0|NA|0
"530330290031"|0|1|0|0|0|0|0|1|1|1|0|0|0|1|0|3351|3351|NA|NA|10394|326|99|322|23569614|73197.5590062112|0
"530330300062"|0|1|0|0|0|0|0|1|1|0|0|1|1|0|0|NA|NA|NA|NA|NA|0|0|0|0|NA|0
"530330312061"|0|1|0|0|0|0|0|1|1|1|0|0|0|1|0|3727|4188|NA|NA|NA|359|103|338|25731646|76129.1301775148|0
"530350806004"|0|1|0|0|0|0|0|1|1|1|0|0|0|1|0|3726|9117|NA|NA|10385|246|83|260|18288472|70340.2769230769|0
"530379754032"|0|1|1|0|0|0|0|1|1|1|0|0|0|0|1|6475|22551|9822|23007|13787|885|307|794|55264924|69603.1788413098|0
"530419707002"|0|1|0|0|0|0|0|1|1|0|0|1|1|0|0|NA|NA|NA|NA|NA|0|0|0|0|NA|0
"530419707003"|0|1|0|0|0|0|0|1|1|1|0|0|0|1|0|4230|4691|NA|NA|11118|169|68|140|9462068|67586.2|0
"530530607005"|0|1|1|0|0|0|0|1|1|1|0|0|0|1|0|52495|52495|37346|37346|13480|344|103|454|42446508|93494.5110132159|0
"530530609032"|0|1|1|0|0|0|0|1|1|1|0|0|1|0|0|10800|10800|8000|8000|NA|12|1|16|638400|39900|0
"530530610022"|0|1|0|0|0|0|0|1|1|1|0|0|0|1|0|4230|9686|NA|NA|NA|276|102|272|19905694|73182.6985294118|0
"530530614002"|0|1|0|0|0|0|0|1|1|1|1|0|0|1|0|5368|14993|NA|NA|NA|150|61|128|9478778|74052.953125|0
"530530616011"|0|1|0|0|0|0|0|1|1|1|0|0|1|0|0|18000|18000|NA|NA|NA|12|5|0|0|NA|0
"530530616021"|0|1|1|0|0|0|0|1|1|1|0|0|0|1|0|10629|37998|16278|29178|12258|324|62|546|52374004|95923.0842490842|0
"530530626001"|0|1|0|0|0|0|0|1|1|0|0|1|1|0|0|NA|NA|NA|NA|NA|0|0|0|0|NA|0
"530530626002"|0|1|0|0|0|0|0|1|1|0|0|1|1|0|0|NA|NA|NA|NA|NA|0|0|0|0|NA|0
"530530712071"|0|1|0|0|0|0|0|1|0|0|0|0|0|0|0|NA|NA|NA|NA|NA|0|0|0|0|NA|0
"530530715044"|0|1|1|0|0|0|0|1|1|1|0|0|0|1|0|45440|45440|29841|29841|11150|366|121|396|28540394|72071.702020202|0
"530530718074"|0|1|0|0|0|0|0|1|1|1|0|0|0|1|0|5040|5040|NA|NA|NA|145|22|202|14172336|70160.0792079208|0
"530530721073"|0|1|0|0|0|0|0|1|1|1|0|0|0|1|0|3727|4180|NA|NA|9690|359|155|284|20369318|71722.9507042254|0
"530579523013"|0|1|0|0|0|0|0|1|1|1|0|0|0|1|0|3626|6485|NA|NA|9600|290|41|180|13551368|75285.3777777778|0
"530610401002"|0|1|0|0|0|0|0|1|1|1|1|0|0|1|0|3717|9108|NA|NA|11118|303|74|268|19161200|71497.0149253731|0
"530610418052"|0|1|0|0|0|0|0|1|1|0|0|1|1|0|0|NA|NA|NA|NA|NA|0|0|0|0|NA|0
"530610419042"|0|1|0|0|0|0|0|1|1|0|0|1|1|0|0|NA|NA|NA|NA|NA|0|0|0|0|NA|0
"530610511003"|0|1|0|0|0|0|0|1|1|0|0|1|1|0|0|NA|NA|NA|NA|NA|0|0|0|0|NA|0
"530610515003"|0|1|0|0|0|0|0|1|1|1|0|0|0|1|0|3727|9118|NA|NA|11118|424|262|222|16506132|74351.9459459459|0
"530630025012"|0|1|0|0|0|0|0|1|1|0|0|1|1|0|0|NA|NA|NA|NA|NA|0|0|0|0|NA|0
"530630025013"|0|0|0|0|0|0|0|1|0|0|0|0|0|0|0|NA|NA|NA|NA|NA|0|0|0|0|NA|0
"530630025031"|0|1|1|0|0|0|0|1|1|1|0|0|0|1|0|46060|46060|17296|17296|12951|841|286|890|80959662|90965.9123595506|0
"530630035001"|0|1|0|0|0|0|0|1|1|0|0|1|1|0|0|NA|NA|NA|NA|NA|0|0|0|0|NA|0
"530630036011"|0|1|0|0|0|0|0|1|1|1|0|0|0|1|0|2947|3772|NA|NA|NA|174|40|262|16979370|64806.7557251908|0
"530630104014"|0|1|0|0|0|0|0|1|1|0|0|1|1|0|0|NA|NA|NA|NA|NA|0|0|0|0|NA|0
"530630108001"|0|1|0|0|0|0|0|1|1|1|0|0|1|0|0|13440|13440|NA|NA|NA|13|9|4|113672|28418|0
"530630109023"|0|1|1|0|0|0|0|1|1|1|0|0|0|1|0|45050|45050|12312|12312|12150|297|106|368|23507386|63878.7663043478|0
"530630111022"|0|1|0|0|0|0|0|1|0|0|0|0|1|0|0|NA|NA|NA|NA|NA|0|0|0|0|NA|0
"530630117011"|0|1|0|0|0|0|0|1|1|1|1|0|1|0|0|NA|NA|NA|NA|NA|17|0|12|604226|50352.1666666667|0
"530630120002"|0|1|0|0|0|0|0|1|1|0|0|1|1|0|0|NA|NA|NA|NA|NA|0|0|0|0|NA|0
"530630129012"|0|1|0|0|0|0|0|1|1|0|0|1|1|0|0|NA|NA|NA|NA|NA|0|0|0|0|NA|0
"530630140014"|0|1|1|0|0|0|0|1|1|1|0|0|0|0|1|6707|24676|12015|27895|13480|771|221|888|70701826|79619.1734234234|0
"530630145003"|0|1|0|0|0|0|0|1|1|1|0|0|0|1|0|2947|3772|NA|NA|NA|325|70|406|28359974|69852.1527093596|0
"530670105101"|0|1|0|0|0|0|0|1|1|0|0|1|1|0|0|NA|NA|NA|NA|NA|0|0|0|0|NA|0
"530670109102"|0|1|0|0|0|0|0|1|1|1|1|0|0|1|0|4230|9687|NA|NA|NA|228|57|190|12324242|64864.4315789474|0
"530670112003"|0|1|1|0|0|0|0|1|1|1|0|0|0|1|0|39500|39500|15840|15840|12410|167|40|192|11728578|61086.34375|0
"530670120011"|0|1|1|0|0|0|0|1|1|1|0|0|0|1|0|7185|27375|9105|20489|12735|406|124|244|16185636|66334.5737704918|0
"530719202002"|0|1|0|0|0|0|0|1|1|1|0|0|0|1|0|4818|6318|NA|NA|NA|190|72|214|15110764|70611.046728972|0
"530719203022"|0|1|1|0|0|0|0|1|1|1|0|0|0|1|0|28908|28908|23580|23580|8469|144|34|176|10573696|60077.8181818182|0
"530719208023"|0|1|0|0|0|0|0|1|1|1|0|0|0|1|0|50000|50000|NA|NA|13800|270|66|356|31271332|87840.8202247191|0
"530730002031"|0|2|0|0|0|0|0|2|2|1|0|1|1|1|0|NA|NA|NA|NA|NA|195|61|170|11539264|NA|0
"530730003012"|0|1|0|0|0|0|0|1|1|1|0|0|0|1|0|2755|3262|NA|NA|NA|134|76|126|10531462|83583.0317460317|0
"530730010004"|0|1|1|0|0|0|0|1|1|1|0|0|0|0|1|7377|24135|11061|22974|12518|1095|453|1314|123380942|93897.2161339422|0
"530739400011"|0|1|0|0|0|0|1|1|1|1|0|0|1|0|0|6382|6382|NA|NA|4950|123|22|52|2270960|43672.3076923077|0
"530750004002"|0|1|0|0|0|0|0|1|1|0|0|1|1|0|0|NA|NA|NA|NA|NA|0|0|0|0|NA|0
"530750006021"|0|1|1|0|0|1|0|1|1|1|0|0|0|0|1|10202|25145|11781|25879|11848|4676|1045|2548|254886324|100033.879120879|0
"530770007003"|0|1|0|0|0|0|0|1|1|1|0|0|0|1|0|4230|4691|NA|NA|8364|218|107|272|18539098|68158.4485294118|0
"530770011001"|0|1|0|0|0|0|0|1|1|1|1|0|1|0|0|NA|NA|NA|NA|NA|75|30|106|7908766|74611|0
"530770011004"|0|1|0|0|0|0|0|1|1|0|0|1|1|0|0|NA|NA|NA|NA|NA|0|0|0|0|NA|0
"530770016022"|0|0|1|0|0|1|0|1|1|1|0|0|1|0|0|NA|NA|NA|NA|NA|2|1|0|0|NA|0
"530779400023"|0|1|1|0|0|0|0|1|1|1|0|0|1|0|0|18192|18192|9552|9552|NA|100|56|114|8580392|75266.5964912281|0
"540019656004"|0|1|1|0|0|0|0|1|1|1|0|0|1|0|0|29000|29000|29000|29000|9400|130|56|106|5997252|56577.8490566038|0
"540039712062"|0|1|0|0|0|0|0|1|1|0|0|1|1|0|0|NA|NA|NA|NA|NA|0|0|0|0|NA|0
"540039713012"|0|2|0|0|0|0|0|2|2|2|1|0|1|1|0|NA|NA|NA|NA|NA|92|4|44|2068110|98502.75|0
"540039717001"|0|1|0|0|0|0|0|1|1|0|0|1|1|0|0|NA|NA|NA|NA|NA|0|0|0|0|NA|0
"540039719022"|0|1|0|0|0|0|0|1|1|1|1|0|0|1|0|408|408|NA|NA|NA|81|28|178|11318274|63585.808988764|0
"540090316002"|0|1|1|0|0|0|0|1|1|1|0|0|1|0|0|28950|28950|8586|8586|11120|107|26|90|4833086|53700.9555555556|0
"540110001021"|0|1|0|0|0|0|0|1|1|0|0|1|1|0|0|NA|NA|NA|NA|NA|0|0|0|0|NA|0
"540110005001"|0|1|1|0|0|1|0|1|1|1|0|0|0|0|1|7190|18044|7506|19840|10644|822|280|1070|80256880|75006.429906542|0
"540110021001"|0|1|0|0|0|0|0|1|1|1|1|0|0|1|0|4464|11112|NA|NA|NA|58|12|102|5289786|51860.6470588235|0
"540110102023"|0|1|0|0|0|0|0|1|1|0|0|1|1|0|0|NA|NA|NA|NA|NA|0|0|0|0|NA|0
"540110109001"|0|1|0|0|0|0|0|1|1|1|1|0|1|0|0|9600|9600|NA|NA|NA|13|6|30|1003002|33433.4|0
"540190202022"|0|1|0|0|0|0|0|1|0|0|0|1|1|0|0|NA|NA|NA|NA|NA|0|0|0|0|NA|0
"540219678001"|0|1|0|0|0|0|0|1|1|1|0|0|0|1|0|6140|6934|NA|NA|10382|142|51|118|6151416|52130.6440677966|0
"540259506002"|0|0|1|0|0|1|0|1|1|1|0|0|1|0|0|NA|NA|NA|NA|NA|0|0|0|0|NA|0
"540290212001"|0|1|0|0|0|0|0|1|1|0|0|1|1|0|0|7000|7000|NA|NA|NA|0|0|0|0|NA|0
"540319702023"|0|1|0|0|0|0|0|1|1|1|1|0|1|0|0|3768|8520|NA|NA|NA|22|9|26|1187766|45683.3076923077|0
"540330301002"|0|1|0|0|0|0|0|1|1|0|0|1|1|0|0|NA|NA|NA|NA|NA|0|0|0|0|NA|0
"540330308022"|0|1|0|0|0|0|0|1|0|0|0|1|1|0|0|3700|3700|NA|NA|NA|0|0|0|0|NA|0
"540330311002"|0|1|0|0|0|0|0|1|1|1|1|0|1|0|0|12743|12743|NA|NA|NA|7|1|14|874702|62478.7142857143|0
"540330316001"|0|1|1|0|0|0|0|1|1|1|0|0|0|1|0|16500|16500|14400|14400|8400|84|24|52|2815086|54136.2692307692|0
"540359637021"|0|1|0|0|0|0|0|1|0|0|0|1|1|0|0|NA|NA|NA|NA|NA|0|0|0|0|NA|0
"540379722042"|0|1|1|0|0|0|0|1|1|1|0|0|0|1|0|5790|15276|8118|11268|10750|257|91|282|18322332|64972.8085106383|0
"540379725052"|0|2|2|0|0|0|0|2|2|2|0|0|1|0|1|14160|14160|14760|14760|NA|626|213|704|44520228|91604.0571428571|0
"540390009001"|0|2|0|0|0|0|0|2|2|0|0|2|2|0|0|NA|NA|NA|NA|NA|0|0|0|0|NA|0
"540390015005"|0|1|1|0|0|0|0|1|1|1|0|0|0|1|0|23000|23000|17000|17000|10500|214|64|224|16437184|73380.2857142857|0
"540390017001"|0|1|0|0|0|0|0|1|1|0|0|1|1|0|0|NA|NA|NA|NA|NA|0|0|0|0|NA|0
"540390017002"|0|1|0|0|0|0|0|1|1|0|0|1|1|0|0|NA|NA|NA|NA|NA|0|0|0|0|NA|0
"540390103001"|0|1|0|0|0|0|0|1|1|0|0|1|1|0|0|3713|3713|NA|NA|NA|0|0|0|0|NA|0
"540390104001"|0|1|1|1|0|0|0|1|1|1|0|0|0|1|0|7912|13600|8224|19030|12886|183|86|200|11519610|57598.05|0
"540390107011"|0|1|0|0|0|0|0|1|1|1|1|0|1|0|0|12662|12662|NA|NA|NA|10|2|12|892000|74333.3333333333|0
"540390115002"|0|1|0|0|0|0|0|1|1|1|1|0|1|0|0|NA|NA|NA|NA|NA|6|1|22|1200752|54579.6363636364|0
"540390128004"|0|1|0|0|0|0|0|1|1|1|1|0|0|1|0|4692|10690|NA|NA|NA|78|26|154|8968516|58237.1168831169|0
"540459562002"|0|1|0|0|0|0|0|1|1|1|1|0|0|1|0|3864|6094|NA|NA|NA|91|40|120|5553266|46277.2166666667|0
"540459566001"|0|1|0|0|0|0|0|1|1|0|0|1|1|0|0|NA|NA|NA|NA|NA|0|0|0|0|NA|0
"540490202004"|0|2|1|0|0|0|0|2|2|2|1|0|0|2|0|9700|25422|NA|NA|18956|277|108|450|27077670|119712.85337962|0
"540510207021"|0|1|0|0|0|0|0|1|1|0|0|1|1|0|0|NA|NA|NA|NA|NA|0|0|0|0|NA|0
"540550011002"|0|1|1|0|0|0|0|1|1|1|0|0|0|1|0|8050|17702|8658|8658|9304|137|59|168|9949952|59225.9047619048|0
"540550020001"|0|1|0|1|0|0|0|1|1|1|0|0|0|1|0|7488|14352|NA|NA|NA|83|28|126|7234374|57415.6666666667|0
"540570105002"|0|1|0|0|0|0|0|1|0|0|0|1|1|0|0|NA|NA|NA|NA|NA|0|0|0|0|NA|0
"540570106002"|0|1|0|0|0|0|0|1|1|1|0|0|0|1|0|4536|11544|NA|NA|8748|105|31|106|6317332|59597.4716981132|0
"540599575003"|0|1|0|0|0|0|0|1|1|0|0|1|1|0|0|NA|NA|NA|NA|NA|0|0|0|0|NA|0
"540610101042"|0|2|1|0|0|1|0|2|2|2|1|0|1|0|1|21337|37681|NA|NA|NA|2997|819|2286|237110722|165537.032471069|0
"540610102032"|0|1|0|0|0|0|0|1|1|0|0|1|1|0|0|NA|NA|NA|NA|NA|0|0|0|0|NA|0
"540610102041"|0|1|1|0|0|0|0|1|1|0|0|1|1|0|0|NA|NA|NA|NA|NA|0|0|0|0|NA|0
"540610107001"|0|1|0|0|0|0|0|1|1|0|0|1|1|0|0|NA|NA|NA|NA|NA|0|0|0|0|NA|0
"540610110002"|0|1|0|0|0|0|0|1|1|0|0|1|1|0|0|NA|NA|NA|NA|NA|0|0|0|0|NA|0
"540690014002"|0|1|1|0|0|0|0|1|1|1|0|0|1|0|0|29090|29090|9450|9450|10610|67|18|52|4433954|85268.3461538462|0
"540690021004"|0|1|1|0|0|0|0|1|1|1|0|0|0|1|0|8150|16090|6780|8112|9806|158|67|296|19201950|64871.4527027027|0
"540690027001"|0|2|0|0|0|0|0|2|2|1|1|1|1|1|0|NA|NA|NA|NA|NA|75|27|108|5968594|NA|0
"540719704002"|0|0|1|0|0|0|0|1|1|1|0|0|1|0|0|NA|NA|9000|9000|NA|21|2|14|762332|54452.2857142857|0
"540790202004"|0|1|0|0|0|0|0|1|1|0|0|1|1|0|0|NA|NA|NA|NA|NA|0|0|0|0|NA|0
"540790206012"|0|1|1|0|0|0|0|1|1|1|0|0|1|0|0|13320|13320|14940|14940|NA|0|0|0|0|NA|0
"540810002003"|0|1|0|0|0|0|0|1|1|1|0|0|0|1|0|7560|18912|NA|NA|11314|128|53|176|12436488|70661.8636363636|0
"540810003001"|0|1|0|0|0|0|0|1|1|1|1|0|0|1|0|4372|6900|NA|NA|NA|55|12|94|5055426|53781.1276595745|0
"540810006001"|0|1|0|0|0|0|0|1|1|0|0|1|1|0|0|NA|NA|NA|NA|NA|0|0|0|0|NA|0
"540810014003"|0|1|1|0|0|0|0|1|1|1|0|0|1|0|0|13740|13740|8100|8100|8400|26|5|26|901152|34659.6923076923|0
"540810015003"|0|1|0|0|0|0|0|1|1|0|0|1|1|0|0|NA|NA|NA|NA|NA|0|0|0|0|NA|0
"540839661002"|0|1|0|0|0|0|0|1|1|1|0|0|1|0|0|29280|29280|NA|NA|9008|106|34|90|4736042|52622.6888888889|0
"540839664005"|0|1|0|0|0|0|0|1|1|0|0|1|1|0|0|NA|NA|NA|NA|NA|0|0|0|0|NA|0
"540979667002"|0|1|1|0|0|0|0|1|1|1|0|0|0|1|0|31074|31074|12632|12632|9576|148|48|130|7075868|54429.7538461538|0
"540979668002"|0|1|0|0|0|0|0|1|1|0|0|1|1|0|0|NA|NA|NA|NA|NA|0|0|0|0|NA|0
"541070005001"|0|1|0|0|0|0|0|1|1|1|1|0|1|0|0|8400|8400|NA|NA|NA|4|1|4|120000|30000|0
"541070009011"|0|1|0|0|0|0|0|1|1|0|0|1|1|0|0|NA|NA|NA|NA|NA|0|0|0|0|NA|0
"541070105023"|0|1|1|0|0|0|0|1|1|1|0|0|1|0|0|22400|22400|7200|7200|8089|40|14|34|1588326|46715.4705882353|0
"541070106023"|0|1|0|0|0|0|0|1|1|0|0|1|1|0|0|21230|21230|NA|NA|4131|0|0|0|0|NA|0
"541070107061"|0|1|0|0|0|0|0|1|1|1|0|0|0|1|0|3840|8592|NA|NA|NA|105|46|146|7968724|54580.301369863|0
"550039503001"|0|1|0|0|0|0|0|1|1|1|0|0|1|0|0|37078|37078|NA|NA|9688|80|19|98|7252656|74006.693877551|0
"550090018021"|0|1|1|0|0|0|0|1|1|1|0|0|0|1|0|6298|14516|7996|17551|7280|417|168|490|30605592|62460.3918367347|0
"550090102012"|0|1|1|0|0|0|0|1|1|1|0|0|0|1|0|40070|40070|11100|11100|10885|371|110|262|19844044|75740.6259541985|0
"550090207031"|0|1|1|0|0|0|0|1|1|1|0|0|1|0|0|21050|21050|21200|21200|NA|42|8|36|2522790|70077.5|0
"550090213034"|0|1|0|0|0|0|0|1|1|0|0|1|1|0|0|NA|NA|NA|NA|NA|0|0|0|0|NA|0
"550099400031"|0|1|0|0|0|0|0|1|1|1|1|0|0|0|1|4167|6251|NA|NA|NA|395|162|516|42291824|81960.8992248062|0
"550099400041"|0|2|1|0|0|0|0|2|2|1|0|1|2|0|0|NA|NA|NA|NA|NA|31|2|36|2748878|NA|0
"550250002041"|0|1|0|0|0|0|0|1|1|0|0|1|1|0|0|NA|NA|NA|NA|NA|0|0|0|0|NA|0
"550250004081"|0|2|0|0|0|0|0|2|2|0|0|2|2|0|0|NA|NA|NA|NA|NA|0|0|0|0|NA|0
"550250010001"|0|1|1|0|0|0|0|1|1|1|0|0|0|1|0|31700|31700|18576|18576|11700|206|65|208|12086932|58110.25|0
"550250011021"|0|2|2|0|1|1|0|2|2|1|0|0|0|0|1|NA|NA|NA|NA|NA|11135|2312|4694|592600130|NA|0
"550250016031"|0|1|0|0|0|0|0|1|1|0|0|1|1|0|0|NA|NA|NA|NA|NA|0|0|0|0|NA|0
"550250025001"|0|1|1|0|0|0|0|1|1|1|1|0|0|0|1|4167|6305|4167|6305|NA|623|229|868|83241296|95900.1105990783|0
"550250114051"|0|1|1|0|0|0|0|1|1|1|0|0|0|1|0|13320|13320|10800|10800|NA|275|3|88|6546146|74388.0227272727|0
"550279603003"|0|1|0|0|0|0|0|1|1|0|0|1|1|0|0|NA|NA|NA|NA|NA|0|0|0|0|NA|0
"550310205001"|0|1|1|0|0|0|0|1|1|1|0|0|0|1|0|6535|14108|7640|16771|7025|213|82|224|13457992|60080.3214285714|0
"550339708011"|0|1|1|0|0|0|0|1|1|1|0|0|0|1|0|7014|14981|7155|15465|7398|551|186|632|42737062|67621.9335443038|0
"550350008032"|0|1|0|0|0|0|0|1|1|0|0|1|1|0|0|NA|NA|NA|NA|NA|0|0|0|0|NA|0
"550350017001"|0|2|1|0|0|0|0|2|2|2|1|0|0|1|1|11528|21887|NA|NA|NA|888|372|1324|94742356|142698.008294432|0
"550390411021"|0|1|0|0|0|0|0|1|1|1|1|0|0|1|0|4167|6143|NA|NA|NA|248|107|286|22050710|77100.3846153846|0
"550390411022"|0|1|1|0|0|0|0|1|1|1|0|0|0|1|0|28100|28100|11070|11070|7810|129|59|120|6492600|54105|0
"550390416005"|0|1|0|0|0|0|0|1|1|1|0|0|1|0|0|46823|46823|NA|NA|8653|82|34|104|6991196|67223.0384615385|0
"550439603002"|0|1|0|0|0|0|0|1|1|1|1|0|0|1|0|4167|6251|NA|NA|7636|127|6|150|10670026|71133.5066666667|0
"550439610001"|0|1|1|0|0|0|0|1|1|1|0|0|0|1|0|6418|14693|7640|16771|7770|565|198|592|38819226|65573.0168918919|0
"550551003021"|0|1|1|0|0|0|0|1|1|1|0|0|1|0|0|16400|16400|6800|6800|7750|81|19|68|2836120|41707.6470588235|0
"550590003001"|0|1|1|0|0|0|0|1|1|1|0|0|0|1|0|31500|31500|33000|33000|12400|196|79|304|22853960|75177.5|0
"550590006013"|0|2|1|0|0|0|0|2|2|2|0|0|1|1|0|13048|21318|NA|NA|NA|268|111|334|21150854|NA|0
"550590006031"|0|1|0|0|0|0|0|1|1|1|1|0|0|1|0|4167|6251|NA|NA|NA|364|139|444|36339744|81846.2702702703|0
"550590010001"|0|1|1|0|0|0|0|1|1|1|0|0|1|0|0|13320|13320|10800|10800|NA|18|2|32|2635824|82369.5|0
"550590023002"|0|1|0|0|0|0|0|1|1|0|0|1|1|0|0|NA|NA|NA|NA|NA|0|0|0|0|NA|0
"550630004011"|0|1|1|0|0|0|0|1|1|1|0|0|0|1|0|28660|28660|9312|9312|9670|199|80|200|12201460|61007.3|0
"550630004012"|0|1|0|0|0|0|0|1|1|1|1|0|0|1|0|4162|6246|NA|NA|6788|239|141|360|26354986|73208.2944444444|0
"550630005002"|0|1|1|0|0|0|0|1|1|1|0|0|0|0|1|7585|16404|8651|18637|6594|635|227|962|66056838|68666.1517671518|0
"550630105001"|0|1|0|0|0|0|0|1|1|0|0|1|1|0|0|NA|NA|NA|NA|NA|0|0|0|0|NA|0
"550710006004"|0|1|0|0|0|0|0|1|1|0|0|1|1|0|0|NA|NA|NA|NA|NA|0|0|0|0|NA|0
"550710105002"|0|1|1|0|0|0|0|1|0|0|0|0|0|0|0|NA|NA|NA|NA|NA|0|0|0|0|NA|0
"550710106002"|0|1|0|0|0|0|0|1|1|1|1|0|0|1|0|3961|5941|NA|NA|NA|145|47|208|15284716|73484.2115384615|0
"550730004002"|0|1|0|0|0|0|0|1|1|1|1|0|0|1|0|3334|5000|NA|NA|6248|208|54|274|19481836|71101.5912408759|0
"550730008001"|0|1|0|0|0|0|0|1|1|0|0|1|1|0|0|NA|NA|NA|NA|NA|0|0|0|0|NA|0
"550789401011"|0|1|0|0|0|0|1|1|1|1|0|0|1|0|0|6000|6000|NA|NA|NA|62|20|36|1727780|47993.8888888889|0
"550790017004"|0|0|1|0|0|0|0|1|1|1|0|0|1|0|0|NA|NA|38950|38950|NA|5|2|0|0|NA|0
"550790056002"|0|1|1|0|0|0|0|1|1|1|0|0|0|1|0|31450|31450|16273|16273|9180|102|30|126|7923536|62885.2063492063|0
"550790074001"|0|2|1|0|0|0|0|2|2|2|0|0|1|0|1|14841|26706|NA|NA|NA|1838|593|1994|163585950|NA|0
"550790128001"|0|1|1|0|0|0|0|1|1|1|0|0|0|1|0|31310|31310|10080|10080|10730|89|25|122|7378158|60476.7049180328|0
"550790144001"|0|1|1|0|0|0|0|1|1|1|0|0|0|1|0|41820|41820|23355|23355|10479|255|61|320|27901276|87191.4875|0
"550790146002"|0|1|1|0|0|1|0|1|1|1|0|0|0|0|1|44970|44970|21690|21690|13656|1526|544|1432|136641460|95420.0139664804|0
"550790191002"|0|1|1|0|0|0|0|1|1|1|0|0|0|1|0|29808|29808|9721|9721|8770|187|47|184|10869344|59072.5217391304|0
"550790218001"|0|1|0|0|0|0|0|1|1|0|0|1|1|0|0|NA|NA|NA|NA|NA|0|0|0|0|NA|0
"550790601012"|0|1|1|0|0|0|0|1|1|1|0|0|0|1|0|33070|33070|11360|11360|9488|111|31|120|7345034|61208.6166666667|0
"550790602001"|0|1|1|0|0|0|0|1|1|1|0|0|1|0|0|NA|NA|NA|NA|NA|0|0|0|0|NA|0
"550790903001"|0|1|0|0|0|0|0|1|1|1|1|0|1|0|0|NA|NA|NA|NA|NA|7|1|20|925880|46294|0
"550790906001"|0|1|0|0|0|0|0|1|1|1|0|0|0|1|0|18503|18503|NA|NA|NA|88|54|94|6711132|71395.0212765957|0
"550791201022"|0|1|0|0|0|0|0|1|1|0|0|1|1|0|0|NA|NA|NA|NA|NA|0|0|0|0|NA|0
"550791503012"|0|0|1|0|0|0|0|1|1|1|0|0|1|0|0|NA|NA|11430|11430|NA|26|5|18|1298440|72135.5555555556|0
"550791853001"|0|0|1|0|1|1|0|1|1|1|0|0|0|1|0|NA|NA|30000|30000|NA|0|0|0|0|NA|0
"550791863001"|0|1|0|0|0|0|0|1|1|1|1|0|0|0|1|4167|6251|NA|NA|NA|711|169|1008|99269546|98481.6924603175|0
"550791874001"|0|1|0|0|0|0|0|1|1|1|0|0|1|0|0|38050|38050|NA|NA|9490|85|17|118|6167310|52265.3389830508|0
"550791874002"|0|1|0|0|0|0|0|1|1|0|0|1|1|0|0|NA|NA|NA|NA|NA|0|0|0|0|NA|0
"550859704002"|0|1|0|0|0|0|0|1|1|1|1|0|0|1|0|4167|6250|NA|NA|NA|102|27|100|7596354|75963.54|0
"550870105021"|0|1|0|0|0|0|0|1|1|1|0|0|0|1|0|50658|50658|NA|NA|10977|296|90|338|24767346|73276.1715976331|0
"550870110011"|0|1|0|0|0|0|0|1|1|0|0|1|1|0|0|NA|NA|NA|NA|NA|0|0|0|0|NA|0
"550870111042"|0|2|0|0|0|0|0|2|2|1|1|1|1|0|1|NA|NA|NA|NA|NA|448|126|608|49676210|NA|0
"550896602022"|0|1|1|0|0|0|0|1|1|1|0|0|0|1|0|30890|30890|11340|11340|11470|335|135|448|36218350|80844.53125|0
"550939603003"|0|1|1|0|0|0|0|1|1|1|0|0|0|1|0|6428|14001|7640|16771|6900|341|119|434|31093876|71644.8755760369|0
"550979604005"|0|1|1|0|0|0|0|1|1|1|0|0|0|1|0|6698|15402|8066|17706|7630|633|214|652|41818444|64138.717791411|0
"551010009043"|0|1|1|0|0|0|0|1|1|1|0|0|1|0|0|18096|18096|19720|19720|NA|6|1|2|124000|62000|0
"551010018013"|0|1|0|0|0|0|0|1|1|0|0|1|1|0|0|NA|NA|NA|NA|NA|0|0|0|0|NA|0
"551050004003"|0|1|0|0|0|0|0|1|1|0|0|1|1|0|0|NA|NA|NA|NA|NA|0|0|0|0|NA|0
"551050014001"|0|1|0|0|0|0|0|1|1|1|1|0|0|1|0|4167|6250|NA|NA|NA|124|41|150|11106992|74046.6133333333|0
"551050015001"|0|1|0|0|0|0|0|1|1|1|0|0|1|0|0|52858|52858|NA|NA|9688|203|55|174|11860230|68162.2413793103|0
"551050015002"|0|1|0|0|0|0|0|1|1|0|0|1|1|0|0|NA|NA|NA|NA|NA|0|0|0|0|NA|0
"551110001021"|0|1|0|0|0|0|0|1|1|0|0|1|1|0|0|NA|NA|NA|NA|NA|0|0|0|0|NA|0
"551139400012"|0|1|0|0|0|0|1|1|1|1|0|0|1|0|0|4560|4560|NA|NA|NA|42|1|28|1433736|51204.8571428571|0
"551170102001"|0|1|1|0|0|0|0|1|1|1|0|0|0|1|0|29433|29433|12006|12006|9634|166|35|84|4612380|54909.2857142857|0
"551270003031"|0|0|1|0|0|0|0|1|1|1|0|0|1|0|0|NA|NA|11229|11229|NA|2|0|0|0|NA|0
"551270005011"|0|1|1|0|0|0|0|1|1|1|0|0|0|0|1|6519|15391|8270|18153|7650|615|258|942|68601860|72825.7537154989|0
"551299506002"|0|1|0|0|0|0|0|1|1|1|1|0|0|1|0|4500|6667|NA|NA|NA|179|69|288|20017964|69506.8194444444|0
"551332011013"|0|2|2|0|0|0|0|2|2|2|0|0|2|0|0|24976|24976|22090|22090|NA|12|2|30|2507632|154735.642857143|0
"551332026002"|0|1|1|0|0|0|0|1|1|1|0|0|0|1|0|33200|33200|12375|12375|10550|265|93|284|21101522|74301.1338028169|0
"551332031041"|0|1|0|0|0|0|0|1|1|0|0|1|1|0|0|NA|NA|NA|NA|NA|0|0|0|0|NA|0
"551332033052"|0|1|0|0|0|0|0|1|1|1|1|0|0|1|0|4167|6251|NA|NA|NA|269|115|392|31839264|81222.612244898|0
"551332041003"|0|0|1|0|0|0|0|1|1|1|0|0|1|0|0|NA|NA|15000|15000|NA|18|2|16|845000|52812.5|0
"551390007001"|0|1|1|0|0|0|0|1|1|1|0|0|0|0|1|6422|13995|7949|17449|8506|710|309|792|54880594|69293.6792929293|0
"551410115001"|0|1|0|0|0|0|0|1|1|1|1|0|0|1|0|3963|5944|NA|NA|NA|119|40|160|11761410|73508.8125|0
"560019628002"|0|1|0|0|0|0|0|1|1|1|1|0|1|0|0|NA|NA|NA|NA|NA|72|4|62|3874050|62484.6774193548|0
"560019635002"|0|1|1|0|0|0|0|1|1|1|0|0|0|0|1|3480|14472|5076|15174|10615|2341|492|1438|130160282|90514.7997218359|0
"560139404001"|0|1|0|0|0|0|0|1|1|1|0|0|0|1|0|2970|8910|NA|NA|6798|141|47|110|6489350|58994.0909090909|0
"560159578002"|0|1|0|0|0|0|0|1|1|1|1|0|0|1|0|2970|8910|NA|NA|6999|73|14|72|3921046|54458.9722222222|0
"560210004031"|0|1|0|0|0|0|0|1|1|1|0|0|0|1|0|2970|8910|NA|NA|8276|237|58|250|16710990|66843.96|0
"560210007021"|0|1|0|0|0|0|0|1|1|0|0|1|1|0|0|NA|NA|NA|NA|NA|0|0|0|0|NA|0
"560250009022"|0|1|0|0|0|0|0|1|1|1|1|0|0|1|0|2970|8910|NA|NA|7270|233|78|256|16263610|63529.7265625|0
"560299652003"|0|1|0|0|0|0|0|1|1|1|1|0|0|1|0|2970|8910|NA|NA|6100|97|34|122|7725152|63320.9180327869|0
"560330001004"|0|1|0|0|0|0|0|1|1|1|1|0|0|1|0|2970|8910|NA|NA|7726|159|24|208|12544304|60309.1538461538|0
"560379709032"|0|1|0|0|0|0|0|1|1|1|1|0|0|1|0|2376|7128|NA|NA|6980|129|42|150|8587356|57249.04|0
"600509510001"|0|1|0|0|0|0|0|1|1|1|0|0|0|1|0|3300|3600|NA|NA|NA|214|38|160|3537480|22109.25|0
"660109530005"|0|2|1|0|0|0|0|2|2|2|0|0|0|2|0|8160|14400|NA|NA|NA|592|178|368|25282932|132588.562288073|0
"660109557001"|0|1|0|0|0|0|0|1|1|1|0|0|1|0|0|5460|5460|NA|NA|4564|8|3|4|138000|34500|0
"691100010002"|0|1|0|0|0|0|0|1|1|1|0|0|0|1|0|3078|4560|NA|NA|NA|112|72|68|3420362|50299.4411764706|0
"720034303002"|0|1|0|0|0|0|0|1|1|0|0|1|1|0|0|5920|5920|NA|NA|NA|0|0|0|0|NA|0
"720034305012"|0|1|0|0|0|0|0|1|1|0|0|1|1|0|0|NA|NA|NA|NA|NA|0|0|0|0|NA|0
"720054003001"|0|1|0|0|0|0|0|1|1|1|0|0|0|1|0|3968|5865|NA|NA|NA|196|71|174|10743782|61745.8735632184|0
"720054004003"|0|1|0|0|0|0|0|1|1|0|0|1|1|0|0|NA|NA|NA|NA|NA|0|0|0|0|NA|0
"720054005023"|0|1|0|0|0|0|0|1|1|0|0|1|1|0|0|7600|7600|NA|NA|NA|0|0|0|0|NA|0
"720054008002"|0|1|0|0|0|0|0|1|1|0|0|1|1|0|0|NA|NA|NA|NA|NA|0|0|0|0|NA|0
"720054013032"|0|1|1|0|0|0|0|1|1|1|0|0|0|1|0|4560|4560|3870|3870|NA|142|48|154|7997136|51929.4545454545|0
"720054014022"|0|0|0|0|0|0|0|1|0|0|0|0|0|0|0|NA|NA|NA|NA|NA|0|0|0|0|NA|0
"720054015001"|0|1|0|0|0|0|0|1|1|1|0|0|1|0|0|NA|NA|NA|NA|NA|36|10|34|471362|13863.5882352941|0
"720133003012"|0|1|1|0|0|0|0|1|1|1|0|0|1|0|0|4920|4920|5580|5580|NA|47|18|46|1586418|34487.347826087|0
"720133005001"|0|2|0|0|0|0|0|3|2|0|0|2|2|0|0|NA|NA|NA|NA|NA|0|0|0|0|NA|0
"720133008001"|0|1|0|0|0|0|0|1|1|1|0|0|0|1|0|3968|3968|NA|NA|NA|231|64|254|17786040|70023.7795275591|0
"720133010003"|0|1|0|0|0|0|0|1|1|0|0|1|1|0|0|NA|NA|NA|NA|NA|0|0|0|0|NA|0
"720133010004"|0|2|1|0|0|0|0|2|2|2|1|0|1|1|0|11390|11390|NA|NA|NA|184|58|162|8517070|86231.134057971|0
"720152802013"|0|1|0|0|0|0|0|1|1|0|0|1|1|0|0|NA|NA|NA|NA|NA|0|0|0|0|NA|0
"720199524001"|0|1|1|0|0|0|0|1|1|1|0|0|0|1|0|4560|4560|3440|3440|NA|72|21|54|2720448|50378.6666666667|0
"720199525004"|0|1|0|0|0|0|0|1|1|0|0|1|1|0|0|NA|NA|NA|NA|NA|0|0|0|0|NA|0
"720210303001"|0|8|1|0|0|0|0|8|8|3|1|5|7|0|1|NA|NA|NA|NA|NA|1244|409|640|16865580|NA|0
"720210303002"|0|1|0|0|0|0|0|1|1|0|0|1|1|0|0|4968|4968|NA|NA|NA|0|0|0|0|NA|0
"720210303003"|0|1|0|0|0|0|0|1|1|1|1|0|1|0|0|NA|NA|NA|NA|NA|6|1|0|0|NA|0
"720210309022"|0|1|1|0|0|0|0|1|1|1|0|0|0|1|0|4392|4392|5232|5232|2700|82|22|48|1545480|32197.5|0
"720210310321"|0|1|1|0|0|0|0|2|1|1|0|0|1|0|0|NA|NA|NA|NA|NA|56|21|14|459600|NA|0
"720210310334"|0|1|0|0|0|0|0|1|1|0|0|1|1|0|0|7600|7600|NA|NA|NA|0|0|0|0|NA|0
"720210311012"|0|1|0|0|0|0|0|1|1|0|0|1|1|0|0|NA|NA|NA|NA|NA|0|0|0|0|NA|0
"720210312032"|0|1|0|0|0|0|0|1|1|0|0|1|1|0|0|NA|NA|NA|NA|NA|0|0|0|0|NA|0
"720210313061"|0|1|2|0|0|0|0|2|2|2|0|0|1|1|0|NA|NA|NA|NA|NA|161|55|212|12389534|126005.085858586|0
"720210315031"|0|1|1|0|0|0|0|1|1|1|0|0|1|0|0|4656|4656|5112|5112|NA|60|25|42|1151040|27405.7142857143|0
"720210316121"|0|1|1|0|0|1|0|1|1|1|0|0|1|0|0|4680|4680|5367|5367|NA|142|37|24|944882|39370.0833333333|0
"720210317012"|0|2|0|0|1|0|0|2|2|1|0|1|1|1|0|7568|7568|NA|NA|NA|222|82|342|23035140|NA|0
"720252003044"|0|1|0|0|0|0|0|1|1|1|1|0|0|1|0|9168|9168|NA|NA|NA|127|4|124|4316034|34806.7258064516|0
"720252004001"|0|1|0|0|0|0|0|1|1|0|0|1|1|0|0|7000|7000|NA|NA|NA|0|0|0|0|NA|0
"720252005007"|0|0|0|0|0|0|0|1|0|0|0|0|0|0|0|NA|NA|NA|NA|NA|0|0|0|0|NA|0
"720252006002"|0|1|0|0|0|0|0|1|1|1|0|0|0|1|0|7250|7250|NA|NA|NA|100|26|92|2220000|24130.4347826087|0
"720252008001"|0|1|1|0|0|0|0|1|1|1|0|0|1|0|0|6703|6703|3780|3780|NA|54|13|66|2030000|30757.5757575758|0
"720252009002"|0|1|0|0|0|0|0|1|1|1|0|0|1|0|0|7090|7090|NA|NA|NA|55|11|34|9e+05|26470.5882352941|0
"720252010002"|0|3|0|0|0|0|0|3|3|0|0|3|3|0|0|NA|NA|NA|NA|NA|0|0|0|0|NA|0
"720252022001"|0|1|1|0|0|1|0|1|1|1|0|0|1|0|0|5400|11250|5800|7250|NA|0|0|0|0|NA|0
"720310502221"|0|1|1|0|0|0|0|1|1|1|0|0|0|1|0|4920|4920|2652|2652|NA|244|96|218|8655358|39703.4770642202|0
"720310504032"|0|1|0|0|1|0|0|1|1|1|0|0|0|1|0|5952|5952|NA|NA|NA|218|81|162|10501726|64825.4691358025|0
"720310505052"|0|2|0|0|0|0|0|2|2|1|0|1|2|0|0|NA|NA|NA|NA|NA|19|3|48|1560000|NA|0
"720310506004"|0|1|1|0|0|0|0|1|1|1|0|0|1|0|0|4656|4656|5112|5112|NA|5|4|12|312000|26000|0
"720310511042"|0|0|0|0|0|0|0|1|0|0|0|0|0|0|0|NA|NA|NA|NA|NA|0|0|0|0|NA|0
"720319800031"|0|1|0|0|0|0|0|1|1|0|0|1|1|0|0|10785|10785|NA|NA|NA|0|0|0|0|NA|0
"720352601004"|0|1|0|0|0|0|0|1|1|1|1|0|1|0|0|NA|NA|NA|NA|NA|12|8|4|83640|20910|0
"720352602022"|0|1|0|0|1|0|0|1|1|1|0|0|0|1|0|3968|5962|NA|NA|NA|311|92|242|14796556|61142.7933884298|0
"720439541001"|0|1|0|0|0|0|0|1|1|0|0|1|1|0|0|NA|NA|NA|NA|NA|0|0|0|0|NA|0
"720531502004"|0|0|0|0|0|0|0|1|0|0|0|0|0|0|0|NA|NA|NA|NA|NA|0|0|0|0|NA|0
"720531503021"|0|1|1|0|0|0|0|1|1|1|0|0|0|1|0|4560|4560|3870|3870|NA|86|34|72|3795336|52713|0
"720572702013"|0|1|1|0|0|0|0|1|1|1|0|0|0|1|0|4560|4560|3870|3870|NA|74|29|62|3031824|48900.3870967742|0
"720572706004"|0|1|0|0|0|0|0|2|1|1|1|0|1|0|0|NA|NA|NA|NA|NA|17|10|64|2004800|NA|0
"720610404112"|0|1|0|0|0|0|0|1|0|0|0|0|0|0|0|NA|NA|NA|NA|NA|0|0|0|0|NA|0
"720610405001"|0|1|1|0|0|0|0|1|1|1|0|0|0|1|0|6795|6795|12500|12500|NA|47|16|120|3655738|30464.4833333333|0
"720632104002"|0|1|0|0|0|0|0|1|1|0|0|1|1|0|0|NA|NA|NA|NA|NA|0|0|0|0|NA|0
"720632105052"|0|1|1|0|0|0|0|1|1|1|0|0|0|0|1|4920|4920|2652|2652|NA|319|122|342|15942864|46616.5614035088|0
"720691803021"|0|1|0|0|0|0|0|1|1|1|0|0|0|1|0|3968|3968|NA|NA|NA|281|90|300|21218424|70728.08|0
"720691806003"|0|1|0|0|0|0|0|1|1|1|0|0|1|0|0|5280|5280|NA|NA|NA|14|5|4|124232|31058|0
"720691806004"|0|1|0|0|0|0|0|1|1|1|0|0|1|0|0|6911|6911|NA|NA|NA|40|5|4|129600|32400|0
"720691806005"|0|2|0|0|0|0|0|2|2|1|0|1|2|0|0|11772|11772|NA|NA|NA|19|1|8|158276|NA|0
"720714104042"|0|1|0|0|0|0|0|1|1|0|0|1|1|0|0|NA|NA|NA|NA|NA|0|0|0|0|NA|0
"720757103011"|0|1|0|0|0|0|0|1|1|0|0|1|1|0|0|NA|NA|NA|NA|NA|0|0|0|0|NA|0
"720757106001"|0|1|1|0|0|0|0|1|1|1|0|0|1|0|0|7080|7080|5535|5535|NA|13|3|24|790000|32916.6666666667|0
"720819581002"|0|1|0|0|0|0|0|1|1|0|0|1|1|0|0|NA|NA|NA|NA|NA|0|0|0|0|NA|0
"720915701002"|0|1|0|0|0|0|0|1|1|1|0|0|1|0|0|7080|7080|NA|NA|NA|14|2|54|1656000|30666.6666666667|0
"720915701003"|0|1|1|0|0|0|0|1|1|1|0|0|1|0|0|5040|5040|6312|6312|NA|28|12|14|460200|32871.4285714286|0
"720915702012"|0|0|0|0|0|0|0|1|0|0|0|0|0|0|0|NA|NA|NA|NA|NA|0|0|0|0|NA|0
"720915703002"|0|1|0|0|0|0|0|1|1|1|0|0|1|0|0|5433|5433|NA|NA|NA|49|20|38|745592|19620.8421052632|0
"720915703003"|0|1|0|0|0|0|0|1|1|1|0|0|1|0|0|5280|5280|NA|NA|NA|14|4|12|331410|27617.5|0
"720915703004"|0|2|0|0|0|0|0|2|2|1|1|1|2|0|0|NA|NA|NA|NA|NA|17|6|20|564508|NA|0
"720915705002"|0|1|0|0|0|0|0|1|1|1|1|0|1|0|0|1500|1500|NA|NA|NA|18|11|90|2109054|23433.9333333333|0
"720970801001"|0|1|1|0|1|0|0|1|1|1|0|0|0|0|1|3968|5962|3510|7020|NA|1674|501|958|74596604|77867.018789144|0
"720970806001"|0|2|0|0|0|0|0|2|2|0|0|2|2|0|0|NA|NA|NA|NA|NA|0|0|0|0|NA|0
"720970812001"|0|1|0|0|0|0|0|1|1|1|0|0|1|0|0|6911|6911|NA|NA|NA|32|3|2|64800|32400|0
"720970818001"|0|1|1|0|0|0|0|1|1|1|0|0|0|1|0|6050|6050|2500|2500|6200|82|29|68|2153842|31674.1470588235|0
"720970820011"|0|0|0|0|0|0|0|1|0|0|0|0|0|0|0|NA|NA|NA|NA|NA|0|0|0|0|NA|0
"720970821031"|0|1|1|0|0|0|0|1|1|1|0|0|1|0|0|4920|4920|5580|5580|NA|47|18|74|3035162|41015.7027027027|0
"720970823001"|0|1|0|0|0|0|0|1|1|1|1|0|1|0|0|6830|6830|NA|NA|NA|17|6|20|709620|35481|0
"720994202001"|0|0|0|0|0|0|0|1|0|0|0|0|0|0|0|NA|NA|NA|NA|NA|0|0|0|0|NA|0
"721130701002"|0|1|0|0|0|0|0|1|1|0|0|1|1|0|0|7600|7600|NA|NA|NA|0|0|0|0|NA|0
"721130705033"|0|1|1|0|0|0|0|1|1|1|0|0|1|0|0|4656|4656|5112|5112|NA|9|5|34|936000|27529.4117647059|0
"721130712001"|0|3|0|0|0|0|0|3|3|0|0|3|3|0|0|NA|NA|NA|NA|NA|0|0|0|0|NA|0
"721130715001"|0|1|0|0|0|0|0|1|1|1|1|0|1|0|0|1080|1080|NA|NA|NA|14|0|64|1856984|29015.375|0
"721130716011"|0|0|1|0|0|1|0|1|1|1|0|0|1|0|0|NA|NA|15860|18036|NA|109|36|104|6197418|59590.5576923077|0
"721130717001"|0|1|1|0|0|0|0|2|1|1|0|0|0|1|0|NA|NA|NA|NA|NA|440|199|444|21560578|NA|0
"721130721011"|0|1|0|0|0|0|0|1|1|1|0|0|0|1|0|3968|3968|NA|NA|NA|214|81|144|9196830|63866.875|0
"721130721012"|0|1|0|0|0|0|0|1|1|1|1|0|1|0|0|7678|7678|NA|NA|NA|16|4|20|315338|15766.9|0
"721130722021"|0|1|1|0|0|0|0|1|1|1|0|0|0|1|0|4560|4560|3870|3870|NA|193|60|180|10009152|55606.4|0
"721130722022"|0|1|1|0|0|0|0|1|1|1|0|0|1|0|0|8736|17472|15860|18036|NA|0|0|0|0|NA|0
"721191306011"|0|1|0|0|0|0|0|1|1|1|1|0|1|0|0|NA|NA|NA|NA|NA|0|0|0|0|NA|0
"721258405002"|0|1|1|0|0|0|0|1|1|1|0|0|0|1|0|4560|4560|3440|3440|5664|222|79|172|10306488|59921.4418604651|0
"721270005061"|0|1|1|0|0|0|0|1|1|1|0|0|0|1|0|5775|5775|6205|6205|NA|134|35|70|3353430|47906.1428571429|0
"721270005062"|0|1|1|0|0|0|0|2|2|2|0|0|2|0|0|NA|NA|NA|NA|NA|64|12|38|823496|NA|0
"721270018002"|0|1|0|0|0|0|0|1|1|0|0|1|1|0|0|6460|6460|NA|NA|NA|0|0|0|0|NA|0
"721270019001"|0|1|1|0|0|0|0|1|1|1|0|0|1|0|0|2520|3000|2160|2400|NA|67|19|72|2519190|34988.75|0
"721270019004"|0|1|0|0|0|0|0|1|1|0|0|1|1|0|0|NA|NA|NA|NA|NA|0|0|0|0|NA|0
"721270021002"|0|1|0|0|0|0|0|1|1|0|0|1|1|0|0|7300|7300|NA|NA|NA|0|0|0|0|NA|0
"721270024002"|0|1|2|0|0|0|0|2|2|2|0|0|1|1|0|NA|NA|36384|36384|NA|220|57|152|6734508|NA|0
"721270039023"|0|1|0|0|0|0|0|1|1|0|0|1|1|0|0|NA|NA|NA|NA|NA|0|0|0|0|NA|0
"721270051011"|0|1|0|0|0|0|0|1|1|1|1|0|1|0|0|3607|3607|NA|NA|NA|22|11|64|1628360|25443.125|0
"721270054041"|0|0|0|0|0|0|0|1|0|0|0|0|0|0|0|NA|NA|NA|NA|NA|0|0|0|0|NA|0
"721270058004"|0|1|1|0|0|0|0|1|1|1|0|0|0|0|1|3968|3968|3420|3420|NA|1403|460|1438|104211896|72470.0250347705|0
"721270060002"|0|1|1|0|0|0|0|1|1|1|0|0|1|0|0|6480|6480|5335|5335|NA|20|2|86|1910000|22209.3023255814|0
"721270061011"|0|1|0|0|0|0|0|1|1|0|0|1|1|0|0|12730|12730|NA|NA|NA|0|0|0|0|NA|0
"721270063023"|0|2|1|0|0|0|0|2|2|1|0|1|1|1|0|NA|NA|NA|NA|NA|208|96|250|11879326|NA|0
"721270065002"|0|1|0|0|0|0|0|1|1|0|0|1|1|0|0|NA|NA|NA|NA|NA|0|0|0|0|NA|0
"721270066003"|0|0|1|0|0|0|0|1|1|1|0|0|1|0|0|NA|NA|4515|4515|NA|13|2|10|558804|55880.4|0
"721270066004"|0|1|2|0|0|0|0|2|2|2|0|0|1|1|0|NA|NA|16000|16000|NA|155|46|72|2174544|NA|0
"721270067011"|0|1|0|0|0|0|0|1|1|1|1|0|1|0|0|6830|6830|NA|NA|NA|44|15|28|1008608|36021.7142857143|0
"721270084002"|0|1|1|0|1|1|0|1|1|1|0|0|0|1|0|4464|4464|6840|6840|NA|838|265|668|57847104|86597.4610778443|0
"721270086021"|0|1|1|0|0|0|0|1|1|0|0|0|0|0|0|NA|NA|NA|NA|NA|245|82|0|0|NA|0
"721270087003"|0|1|0|0|0|0|0|1|1|0|0|1|1|0|0|NA|NA|NA|NA|NA|0|0|0|0|NA|0
"721270091212"|0|1|0|0|0|0|0|1|1|1|0|0|1|0|0|6911|6911|NA|NA|NA|44|6|2|48000|24000|0
"721270096012"|0|3|3|0|0|0|0|3|3|2|0|0|0|2|0|NA|NA|NA|NA|NA|630|231|270|10021636|NA|0
"721270096021"|0|1|1|0|0|0|0|1|1|1|0|0|0|1|0|6840|6840|3870|3870|NA|320|100|336|19731288|58724.0714285714|0
"721270099034"|0|1|1|0|0|0|0|1|1|1|0|0|1|0|0|3720|3720|4080|4080|3760|16|4|0|0|NA|0
"721270100441"|0|1|0|0|0|0|0|1|1|0|0|1|1|0|0|NA|NA|NA|NA|NA|0|0|0|0|NA|0
"721270105002"|0|0|1|0|0|0|0|1|1|1|0|0|1|0|0|NA|NA|15600|15600|NA|76|22|48|4579016|95396.1666666667|0
"721270105003"|0|1|0|0|0|0|0|1|1|1|0|0|1|0|0|2040|2040|NA|NA|NA|71|26|44|1618848|36792|0
"721279800001"|0|1|1|0|0|0|0|1|1|0|0|0|0|0|0|NA|NA|NA|NA|NA|334|101|18|1436442|79802.3333333333|0
"721292203002"|0|1|0|0|0|0|0|1|1|0|0|1|1|0|0|NA|NA|NA|NA|NA|0|0|0|0|NA|0
"721310092001"|0|1|1|0|0|0|0|1|1|1|0|0|1|0|0|5280|5280|6000|6000|NA|72|12|66|1862102|28213.6666666667|0
"721390601022"|0|1|1|0|0|0|0|1|1|1|0|0|1|0|0|5616|5616|4995|4995|NA|19|3|34|335656|9872.23529411765|0
"721419572003"|0|1|0|0|0|0|0|1|1|1|0|0|1|0|0|3968|5952|NA|NA|NA|124|38|86|5301894|61649.9302325581|0
"721455603003"|0|1|1|0|0|0|0|1|1|1|0|0|1|0|0|4656|4656|5112|5112|NA|6|4|8|204000|25500|0
"721497205022"|0|1|0|0|0|0|0|1|1|1|0|0|1|0|0|5280|5280|NA|NA|NA|15|5|2|44546|22273|0
"721537504001"|0|1|0|0|0|0|0|1|1|1|0|0|1|0|0|6703|6703|NA|NA|NA|17|6|16|387418|24213.625|0
"721537505021"|0|0|0|0|0|0|0|1|0|0|0|0|0|0|0|NA|NA|NA|NA|NA|0|0|0|0|NA|0
"780309608001"|0|1|1|1|0|0|0|1|1|1|0|0|0|1|0|4631|13892|6948|13230|9900|369|27|138|9769032|70790.0869565217|0
NA|0|35|12|1|0|1|0|39|38|22|6|15|23|8|6|NA|NA|NA|NA|NA|12158|3390|9500|833203906|NA|0
