"Notes","County","County Code","Year","Year Code","Injury Intent","Injury Intent Code","Injury Mechanism & All Other Leading Causes","Injury Mechanism & All Other Leading Causes Code",Deaths,Population,Crude Rate,Crude Rate Lower 95% Confidence Interval,Crude Rate Upper 95% Confidence Interval
,"Autauga County, AL","01001","2023","2023","Unintentional","1","Motor Vehicle Traffic","GRINJ-008",11,60342,18.2,9.1,32.6
,"Baldwin County, AL","01003","2023","2023","Unintentional","1","Fall","GRINJ-003",16,253507,6.3,3.6,10.2
,"Baldwin County, AL","01003","2023","2023","Unintentional","1","Motor Vehicle Traffic","GRINJ-008",33,253507,13.0,9.0,18.3
,"Baldwin County, AL","01003","2023","2023","Unintentional","1","Poisoning","GRINJ-015",72,253507,28.4,22.2,35.8
,"Baldwin County, AL","01003","2023","2023","Suicide","2","Firearm","GRINJ-006",38,253507,15.0,10.6,20.6
,"Baldwin County, AL","01003","2023","2023","Homicide","3","Firearm","GRINJ-006",16,253507,6.3,3.6,10.2
,"Bibb County, AL","01007","2023","2023","Unintentional","1","Poisoning","GRINJ-015",11,21868,50.3,25.1,90.0
,"Blount County, AL","01009","2023","2023","Unintentional","1","Motor Vehicle Traffic","GRINJ-008",23,59816,38.5,24.4,57.7
,"Blount County, AL","01009","2023","2023","Unintentional","1","Poisoning","GRINJ-015",18,59816,30.1,17.8,47.6
,"Bullock County, AL","01011","2023","2023","Unintentional","1","Poisoning","GRINJ-015",10,9897,101.0,48.5,185.8
,"Calhoun County, AL","01015","2023","2023","Unintentional","1","Motor Vehicle Traffic","GRINJ-008",22,116429,18.9,11.8,28.6
,"Calhoun County, AL","01015","2023","2023","Unintentional","1","Poisoning","GRINJ-015",58,116429,49.8,37.8,64.4
,"Calhoun County, AL","01015","2023","2023","Suicide","2","Firearm","GRINJ-006",15,116429,12.9,7.2,21.2
,"Calhoun County, AL","01015","2023","2023","Homicide","3","Firearm","GRINJ-006",12,116429,10.3,5.3,18.0
,"Chambers County, AL","01017","2023","2023","Unintentional","1","Motor Vehicle Traffic","GRINJ-008",13,34079,38.1,20.3,65.2
,"Chambers County, AL","01017","2023","2023","Unintentional","1","Poisoning","GRINJ-015",10,34079,29.3,14.1,54.0
,"Chilton County, AL","01021","2023","2023","Unintentional","1","Motor Vehicle Traffic","GRINJ-008",11,46431,23.7,11.8,42.4
,"Chilton County, AL","01021","2023","2023","Unintentional","1","Poisoning","GRINJ-015",15,46431,32.3,18.1,53.3
,"Colbert County, AL","01033","2023","2023","Unintentional","1","Motor Vehicle Traffic","GRINJ-008",12,58361,20.6,10.6,35.9
,"Colbert County, AL","01033","2023","2023","Unintentional","1","Poisoning","GRINJ-015",24,58361,41.1,26.3,61.2
,"Colbert County, AL","01033","2023","2023","Suicide","2","Firearm","GRINJ-006",15,58361,25.7,14.4,42.4
,"Covington County, AL","01039","2023","2023","Unintentional","1","Motor Vehicle Traffic","GRINJ-008",11,37952,29.0,14.5,51.9
,"Cullman County, AL","01043","2023","2023","Unintentional","1","Fall","GRINJ-003",10,92016,10.9,5.2,20.0
,"Cullman County, AL","01043","2023","2023","Unintentional","1","Motor Vehicle Traffic","GRINJ-008",21,92016,22.8,14.1,34.9
,"Cullman County, AL","01043","2023","2023","Unintentional","1","Poisoning","GRINJ-015",29,92016,31.5,21.1,45.3
,"Cullman County, AL","01043","2023","2023","Suicide","2","Firearm","GRINJ-006",10,92016,10.9,5.2,20.0
,"Dale County, AL","01045","2023","2023","Unintentional","1","Motor Vehicle Traffic","GRINJ-008",14,49871,28.1,15.3,47.1
,"Dale County, AL","01045","2023","2023","Unintentional","1","Poisoning","GRINJ-015",10,49871,20.1,9.6,36.9
,"Dallas County, AL","01047","2023","2023","Unintentional","1","Motor Vehicle Traffic","GRINJ-008",13,36165,35.9,19.1,61.5
,"Dallas County, AL","01047","2023","2023","Unintentional","1","Poisoning","GRINJ-015",12,36165,33.2,17.1,58.0
,"Dallas County, AL","01047","2023","2023","Homicide","3","Firearm","GRINJ-006",23,36165,63.6,40.3,95.4
,"DeKalb County, AL","01049","2023","2023","Unintentional","1","Motor Vehicle Traffic","GRINJ-008",23,72569,31.7,20.1,47.6
,"DeKalb County, AL","01049","2023","2023","Unintentional","1","Poisoning","GRINJ-015",17,72569,23.4,13.6,37.5
,"DeKalb County, AL","01049","2023","2023","Suicide","2","Firearm","GRINJ-006",16,72569,22.0,12.6,35.8
,"Elmore County, AL","01051","2023","2023","Unintentional","1","Motor Vehicle Traffic","GRINJ-008",13,90441,14.4,7.7,24.6
,"Elmore County, AL","01051","2023","2023","Unintentional","1","Poisoning","GRINJ-015",20,90441,22.1,13.5,34.2
,"Elmore County, AL","01051","2023","2023","Suicide","2","Firearm","GRINJ-006",16,90441,17.7,10.1,28.7
,"Escambia County, AL","01053","2023","2023","Unintentional","1","Poisoning","GRINJ-015",13,36558,35.6,18.9,60.8
,"Etowah County, AL","01055","2023","2023","Unintentional","1","Poisoning","GRINJ-015",38,103241,36.8,26.0,50.5
,"Etowah County, AL","01055","2023","2023","Suicide","2","Firearm","GRINJ-006",13,103241,12.6,6.7,21.5
,"Franklin County, AL","01059","2023","2023","Unintentional","1","Motor Vehicle Traffic","GRINJ-008",10,31802,31.4,15.1,57.8
,"Houston County, AL","01069","2023","2023","Unintentional","1","Motor Vehicle Traffic","GRINJ-008",18,108462,16.6,9.8,26.2
,"Houston County, AL","01069","2023","2023","Unintentional","1","Poisoning","GRINJ-015",12,108462,11.1,5.7,19.3
,"Houston County, AL","01069","2023","2023","Suicide","2","Firearm","GRINJ-006",12,108462,11.1,5.7,19.3
,"Jackson County, AL","01071","2023","2023","Unintentional","1","Motor Vehicle Traffic","GRINJ-008",14,53467,26.2,14.3,43.9
,"Jackson County, AL","01071","2023","2023","Unintentional","1","Poisoning","GRINJ-015",11,53467,20.6,10.3,36.8
,"Jefferson County, AL","01073","2023","2023","Unintentional","1","Fall","GRINJ-003",34,662895,5.1,3.6,7.2
,"Jefferson County, AL","01073","2023","2023","Unintentional","1","Fire/Flame","GRINJ-004",15,662895,2.3,1.3,3.7
,"Jefferson County, AL","01073","2023","2023","Unintentional","1","Motor Vehicle Traffic","GRINJ-008",135,662895,20.4,16.9,23.8
,"Jefferson County, AL","01073","2023","2023","Unintentional","1","Poisoning","GRINJ-015",415,662895,62.6,56.6,68.6
,"Jefferson County, AL","01073","2023","2023","Unintentional","1","Suffocation","GRINJ-017",19,662895,2.9,1.7,4.5
,"Jefferson County, AL","01073","2023","2023","Unintentional","1","Unspecified Injury","GRINJ-020",25,662895,3.8,2.4,5.6
,"Jefferson County, AL","01073","2023","2023","Suicide","2","Firearm","GRINJ-006",60,662895,9.1,6.9,11.7
,"Jefferson County, AL","01073","2023","2023","Suicide","2","Suffocation","GRINJ-017",10,662895,1.5,0.7,2.8
,"Jefferson County, AL","01073","2023","2023","Homicide","3","Firearm","GRINJ-006",178,662895,26.9,22.9,30.8
,"Lauderdale County, AL","01077","2023","2023","Unintentional","1","Motor Vehicle Traffic","GRINJ-008",13,96814,13.4,7.1,23.0
,"Lauderdale County, AL","01077","2023","2023","Unintentional","1","Poisoning","GRINJ-015",24,96814,24.8,15.9,36.9
,"Lauderdale County, AL","01077","2023","2023","Suicide","2","Firearm","GRINJ-006",18,96814,18.6,11.0,29.4
,"Lee County, AL","01081","2023","2023","Unintentional","1","Fall","GRINJ-003",12,183215,6.5,3.4,11.4
,"Lee County, AL","01081","2023","2023","Unintentional","1","Motor Vehicle Traffic","GRINJ-008",29,183215,15.8,10.6,22.7
,"Lee County, AL","01081","2023","2023","Unintentional","1","Poisoning","GRINJ-015",34,183215,18.6,12.9,25.9
,"Lee County, AL","01081","2023","2023","Suicide","2","Firearm","GRINJ-006",12,183215,6.5,3.4,11.4
,"Lee County, AL","01081","2023","2023","Homicide","3","Firearm","GRINJ-006",10,183215,5.5,2.6,10.0
,"Limestone County, AL","01083","2023","2023","Unintentional","1","Motor Vehicle Traffic","GRINJ-008",16,114654,14.0,8.0,22.7
,"Limestone County, AL","01083","2023","2023","Unintentional","1","Poisoning","GRINJ-015",13,114654,11.3,6.0,19.4
,"Limestone County, AL","01083","2023","2023","Suicide","2","Firearm","GRINJ-006",11,114654,9.6,4.8,17.2
,"Madison County, AL","01089","2023","2023","Unintentional","1","Fall","GRINJ-003",31,412600,7.5,5.1,10.7
,"Madison County, AL","01089","2023","2023","Unintentional","1","Motor Vehicle Traffic","GRINJ-008",59,412600,14.3,10.9,18.4
,"Madison County, AL","01089","2023","2023","Unintentional","1","Poisoning","GRINJ-015",103,412600,25.0,20.1,29.8
,"Madison County, AL","01089","2023","2023","Unintentional","1","Unspecified Injury","GRINJ-020",15,412600,3.6,2.0,6.0
,"Madison County, AL","01089","2023","2023","Suicide","2","Firearm","GRINJ-006",41,412600,9.9,7.1,13.5
,"Madison County, AL","01089","2023","2023","Suicide","2","Suffocation","GRINJ-017",16,412600,3.9,2.2,6.3
,"Madison County, AL","01089","2023","2023","Homicide","3","Firearm","GRINJ-006",31,412600,7.5,5.1,10.7
,"Marengo County, AL","01091","2023","2023","Unintentional","1","Motor Vehicle Traffic","GRINJ-008",11,18684,58.9,29.4,105.3
,"Marshall County, AL","01095","2023","2023","Unintentional","1","Motor Vehicle Traffic","GRINJ-008",23,100756,22.8,14.5,34.3
,"Marshall County, AL","01095","2023","2023","Unintentional","1","Poisoning","GRINJ-015",26,100756,25.8,16.9,37.8
,"Mobile County, AL","01097","2023","2023","Unintentional","1","Fall","GRINJ-003",24,411640,5.8,3.7,8.7
,"Mobile County, AL","01097","2023","2023","Unintentional","1","Fire/Flame","GRINJ-004",11,411640,2.7,1.3,4.8
,"Mobile County, AL","01097","2023","2023","Unintentional","1","Motor Vehicle Traffic","GRINJ-008",90,411640,21.9,17.6,26.9
,"Mobile County, AL","01097","2023","2023","Unintentional","1","Poisoning","GRINJ-015",132,411640,32.1,26.6,37.5
,"Mobile County, AL","01097","2023","2023","Unintentional","1","Suffocation","GRINJ-017",11,411640,2.7,1.3,4.8
,"Mobile County, AL","01097","2023","2023","Unintentional","1","Unspecified Injury","GRINJ-020",20,411640,4.9,3.0,7.5
,"Mobile County, AL","01097","2023","2023","Suicide","2","Firearm","GRINJ-006",54,411640,13.1,9.9,17.1
,"Mobile County, AL","01097","2023","2023","Suicide","2","Suffocation","GRINJ-017",18,411640,4.4,2.6,6.9
,"Mobile County, AL","01097","2023","2023","Homicide","3","Firearm","GRINJ-006",71,411640,17.2,13.5,21.8
,"Montgomery County, AL","01101","2023","2023","Unintentional","1","Fall","GRINJ-003",10,224980,4.4,2.1,8.2
,"Montgomery County, AL","01101","2023","2023","Unintentional","1","Motor Vehicle Traffic","GRINJ-008",40,224980,17.8,12.7,24.2
,"Montgomery County, AL","01101","2023","2023","Unintentional","1","Poisoning","GRINJ-015",34,224980,15.1,10.5,21.1
,"Montgomery County, AL","01101","2023","2023","Suicide","2","Firearm","GRINJ-006",27,224980,12.0,7.9,17.5
,"Montgomery County, AL","01101","2023","2023","Homicide","3","Firearm","GRINJ-006",72,224980,32.0,25.0,40.3
,"Morgan County, AL","01103","2023","2023","Unintentional","1","Motor Vehicle Traffic","GRINJ-008",19,125133,15.2,9.1,23.7
,"Morgan County, AL","01103","2023","2023","Unintentional","1","Poisoning","GRINJ-015",34,125133,27.2,18.8,38.0
,"Morgan County, AL","01103","2023","2023","Suicide","2","Firearm","GRINJ-006",16,125133,12.8,7.3,20.8
,"Russell County, AL","01113","2023","2023","Unintentional","1","Fall","GRINJ-003",14,58744,23.8,13.0,40.0
,"Russell County, AL","01113","2023","2023","Unintentional","1","Motor Vehicle Traffic","GRINJ-008",20,58744,34.0,20.8,52.6
,"Russell County, AL","01113","2023","2023","Unintentional","1","Poisoning","GRINJ-015",20,58744,34.0,20.8,52.6
,"Russell County, AL","01113","2023","2023","Homicide","3","Firearm","GRINJ-006",16,58744,27.2,15.6,44.2
,"St. Clair County, AL","01115","2023","2023","Unintentional","1","Motor Vehicle Traffic","GRINJ-008",26,95552,27.2,17.8,39.9
,"St. Clair County, AL","01115","2023","2023","Unintentional","1","Poisoning","GRINJ-015",38,95552,39.8,28.1,54.6
,"St. Clair County, AL","01115","2023","2023","Suicide","2","Firearm","GRINJ-006",20,95552,20.9,12.8,32.3
,"Shelby County, AL","01117","2023","2023","Unintentional","1","Fall","GRINJ-003",16,233000,6.9,3.9,11.2
,"Shelby County, AL","01117","2023","2023","Unintentional","1","Motor Vehicle Traffic","GRINJ-008",23,233000,9.9,6.3,14.8
,"Shelby County, AL","01117","2023","2023","Unintentional","1","Poisoning","GRINJ-015",51,233000,21.9,16.3,28.8
,"Shelby County, AL","01117","2023","2023","Unintentional","1","Unspecified Injury","GRINJ-020",11,233000,4.7,2.4,8.4
,"Shelby County, AL","01117","2023","2023","Suicide","2","Firearm","GRINJ-006",34,233000,14.6,10.1,20.4
,"Talladega County, AL","01121","2023","2023","Unintentional","1","Motor Vehicle Traffic","GRINJ-008",25,81132,30.8,19.9,45.5
,"Talladega County, AL","01121","2023","2023","Unintentional","1","Poisoning","GRINJ-015",20,81132,24.7,15.1,38.1
,"Talladega County, AL","01121","2023","2023","Suicide","2","Firearm","GRINJ-006",10,81132,12.3,5.9,22.7
,"Talladega County, AL","01121","2023","2023","Homicide","3","Firearm","GRINJ-006",10,81132,12.3,5.9,22.7
,"Tallapoosa County, AL","01123","2023","2023","Unintentional","1","Motor Vehicle Traffic","GRINJ-008",11,40677,27.0,13.5,48.4
,"Tuscaloosa County, AL","01125","2023","2023","Unintentional","1","Fall","GRINJ-003",10,237373,4.2,2.0,7.7
,"Tuscaloosa County, AL","01125","2023","2023","Unintentional","1","Motor Vehicle Traffic","GRINJ-008",32,237373,13.5,9.2,19.0
,"Tuscaloosa County, AL","01125","2023","2023","Unintentional","1","Poisoning","GRINJ-015",45,237373,19.0,13.8,25.4
,"Tuscaloosa County, AL","01125","2023","2023","Suicide","2","Firearm","GRINJ-006",17,237373,7.2,4.2,11.5
,"Tuscaloosa County, AL","01125","2023","2023","Homicide","3","Firearm","GRINJ-006",20,237373,8.4,5.1,13.0
,"Walker County, AL","01127","2023","2023","Unintentional","1","Motor Vehicle Traffic","GRINJ-008",18,64728,27.8,16.5,43.9
,"Walker County, AL","01127","2023","2023","Unintentional","1","Poisoning","GRINJ-015",62,64728,95.8,73.4,122.8
,"Walker County, AL","01127","2023","2023","Suicide","2","Firearm","GRINJ-006",14,64728,21.6,11.8,36.3
,"Winston County, AL","01133","2023","2023","Unintentional","1","Motor Vehicle Traffic","GRINJ-008",12,23611,50.8,26.3,88.8
,"Winston County, AL","01133","2023","2023","Unintentional","1","Poisoning","GRINJ-015",14,23611,59.3,32.4,99.5
,"Anchorage Borough, AK","02020","2023","2023","Unintentional","1","Fall","GRINJ-003",21,286075,7.3,4.5,11.2
,"Anchorage Borough, AK","02020","2023","2023","Unintentional","1","Motor Vehicle Traffic","GRINJ-008",29,286075,10.1,6.8,14.6
,"Anchorage Borough, AK","02020","2023","2023","Unintentional","1","Poisoning","GRINJ-015",207,286075,72.4,62.5,82.2
,"Anchorage Borough, AK","02020","2023","2023","Unintentional","1","Suffocation","GRINJ-017",12,286075,4.2,2.2,7.3
,"Anchorage Borough, AK","02020","2023","2023","Suicide","2","Firearm","GRINJ-006",40,286075,14.0,10.0,19.0
,"Anchorage Borough, AK","02020","2023","2023","Suicide","2","Suffocation","GRINJ-017",17,286075,5.9,3.5,9.5
,"Anchorage Borough, AK","02020","2023","2023","Homicide","3","Firearm","GRINJ-006",18,286075,6.3,3.7,9.9
,"Fairbanks North Star Borough, AK","02090","2023","2023","Unintentional","1","Fall","GRINJ-003",10,94840,10.5,5.1,19.4
,"Fairbanks North Star Borough, AK","02090","2023","2023","Unintentional","1","Motor Vehicle Traffic","GRINJ-008",13,94840,13.7,7.3,23.4
,"Fairbanks North Star Borough, AK","02090","2023","2023","Unintentional","1","Poisoning","GRINJ-015",22,94840,23.2,14.5,35.1
,"Fairbanks North Star Borough, AK","02090","2023","2023","Suicide","2","Firearm","GRINJ-006",24,94840,25.3,16.2,37.7
,"Juneau Borough, AK","02110","2023","2023","Unintentional","1","Poisoning","GRINJ-015",14,31555,44.4,24.3,74.4
,"Kenai Peninsula Borough, AK","02122","2023","2023","Unintentional","1","Poisoning","GRINJ-015",18,61223,29.4,17.4,46.5
,"Matanuska-Susitna Borough, AK","02170","2023","2023","Unintentional","1","Motor Vehicle Traffic","GRINJ-008",18,115239,15.6,9.3,24.7
,"Matanuska-Susitna Borough, AK","02170","2023","2023","Unintentional","1","Poisoning","GRINJ-015",40,115239,34.7,24.8,47.3
,"Matanuska-Susitna Borough, AK","02170","2023","2023","Suicide","2","Firearm","GRINJ-006",17,115239,14.8,8.6,23.6
,"Apache County, AZ","04001","2023","2023","Unintentional","1","Fall","GRINJ-003",14,65036,21.5,11.8,36.1
,"Apache County, AZ","04001","2023","2023","Unintentional","1","Motor Vehicle Traffic","GRINJ-008",59,65036,90.7,69.1,117.0
,"Apache County, AZ","04001","2023","2023","Unintentional","1","Natural/Environmental","GRINJ-013",12,65036,18.5,9.5,32.2
,"Apache County, AZ","04001","2023","2023","Unintentional","1","Poisoning","GRINJ-015",44,65036,67.7,49.2,90.8
,"Apache County, AZ","04001","2023","2023","Suicide","2","Firearm","GRINJ-006",10,65036,15.4,7.4,28.3
,"Apache County, AZ","04001","2023","2023","Suicide","2","Suffocation","GRINJ-017",10,65036,15.4,7.4,28.3
,"Cochise County, AZ","04003","2023","2023","Unintentional","1","Fall","GRINJ-003",28,124640,22.5,14.9,32.5
,"Cochise County, AZ","04003","2023","2023","Unintentional","1","Motor Vehicle Traffic","GRINJ-008",18,124640,14.4,8.6,22.8
,"Cochise County, AZ","04003","2023","2023","Unintentional","1","Poisoning","GRINJ-015",36,124640,28.9,20.2,40.0
,"Cochise County, AZ","04003","2023","2023","Suicide","2","Firearm","GRINJ-006",27,124640,21.7,14.3,31.5
,"Coconino County, AZ","04005","2023","2023","Unintentional","1","Fall","GRINJ-003",18,144472,12.5,7.4,19.7
,"Coconino County, AZ","04005","2023","2023","Unintentional","1","Motor Vehicle Traffic","GRINJ-008",45,144472,31.1,22.7,41.7
,"Coconino County, AZ","04005","2023","2023","Unintentional","1","Poisoning","GRINJ-015",48,144472,33.2,24.5,44.1
,"Coconino County, AZ","04005","2023","2023","Suicide","2","Firearm","GRINJ-006",15,144472,10.4,5.8,17.1
,"Coconino County, AZ","04005","2023","2023","Suicide","2","Suffocation","GRINJ-017",16,144472,11.1,6.3,18.0
,"Gila County, AZ","04007","2023","2023","Unintentional","1","Poisoning","GRINJ-015",23,54003,42.6,27.0,63.9
,"Gila County, AZ","04007","2023","2023","Suicide","2","Firearm","GRINJ-006",13,54003,24.1,12.8,41.2
,"Graham County, AZ","04009","2023","2023","Unintentional","1","Motor Vehicle Traffic","GRINJ-008",14,39525,35.4,19.4,59.4
,"Graham County, AZ","04009","2023","2023","Unintentional","1","Poisoning","GRINJ-015",12,39525,30.4,15.7,53.0
,"Maricopa County, AZ","04013","2023","2023","Unintentional","1","Drowning","GRINJ-002",75,4585871,1.6,1.3,2.1
,"Maricopa County, AZ","04013","2023","2023","Unintentional","1","Fall","GRINJ-003",766,4585871,16.7,15.5,17.9
,"Maricopa County, AZ","04013","2023","2023","Unintentional","1","Fire/Flame","GRINJ-004",34,4585871,0.7,0.5,1.0
,"Maricopa County, AZ","04013","2023","2023","Unintentional","1","Motor Vehicle Traffic","GRINJ-008",682,4585871,14.9,13.8,16.0
,"Maricopa County, AZ","04013","2023","2023","Unintentional","1","Other Pedal cyclist","GRINJ-009",12,4585871,0.3,0.1,0.5
,"Maricopa County, AZ","04013","2023","2023","Unintentional","1","Other Pedestrian","GRINJ-010",10,4585871,0.2,0.1,0.4
,"Maricopa County, AZ","04013","2023","2023","Unintentional","1","Other land transport","GRINJ-011",14,4585871,0.3,0.2,0.5
,"Maricopa County, AZ","04013","2023","2023","Unintentional","1","Natural/Environmental","GRINJ-013",229,4585871,5.0,4.3,5.6
,"Maricopa County, AZ","04013","2023","2023","Unintentional","1","Poisoning","GRINJ-015",1529,4585871,33.3,31.7,35.0
,"Maricopa County, AZ","04013","2023","2023","Unintentional","1","Suffocation","GRINJ-017",47,4585871,1.0,0.8,1.4
,"Maricopa County, AZ","04013","2023","2023","Unintentional","1","Other specified, classifiable Injury","GRINJ-018",39,4585871,0.9,0.6,1.2
,"Maricopa County, AZ","04013","2023","2023","Unintentional","1","Other specified, not elsewhere classified Injury","GRINJ-019",33,4585871,0.7,0.5,1.0
,"Maricopa County, AZ","04013","2023","2023","Unintentional","1","Unspecified Injury","GRINJ-020",29,4585871,0.6,0.4,0.9
,"Maricopa County, AZ","04013","2023","2023","Suicide","2","Cut/Pierce","GRINJ-001",13,4585871,0.3,0.2,0.5
,"Maricopa County, AZ","04013","2023","2023","Suicide","2","Fall","GRINJ-003",16,4585871,0.3,0.2,0.6
,"Maricopa County, AZ","04013","2023","2023","Suicide","2","Firearm","GRINJ-006",497,4585871,10.8,9.9,11.8
,"Maricopa County, AZ","04013","2023","2023","Suicide","2","Poisoning","GRINJ-015",92,4585871,2.0,1.6,2.5
,"Maricopa County, AZ","04013","2023","2023","Suicide","2","Suffocation","GRINJ-017",161,4585871,3.5,3.0,4.1
,"Maricopa County, AZ","04013","2023","2023","Suicide","2","Other specified, classifiable Injury","GRINJ-018",10,4585871,0.2,0.1,0.4
,"Maricopa County, AZ","04013","2023","2023","Homicide","3","Cut/Pierce","GRINJ-001",23,4585871,0.5,0.3,0.8
,"Maricopa County, AZ","04013","2023","2023","Homicide","3","Firearm","GRINJ-006",275,4585871,6.0,5.3,6.7
,"Maricopa County, AZ","04013","2023","2023","Homicide","3","Unspecified Injury","GRINJ-020",18,4585871,0.4,0.2,0.6
,"Maricopa County, AZ","04013","2023","2023","Undetermined ","4","Poisoning","GRINJ-015",52,4585871,1.1,0.8,1.5
,"Maricopa County, AZ","04013","2023","2023","Undetermined ","4","Unspecified Injury","GRINJ-020",12,4585871,0.3,0.1,0.5
,"Mohave County, AZ","04015","2023","2023","Unintentional","1","Fall","GRINJ-003",37,223682,16.5,11.6,22.8
,"Mohave County, AZ","04015","2023","2023","Unintentional","1","Fire/Flame","GRINJ-004",12,223682,5.4,2.8,9.4
,"Mohave County, AZ","04015","2023","2023","Unintentional","1","Motor Vehicle Traffic","GRINJ-008",66,223682,29.5,22.8,37.5
,"Mohave County, AZ","04015","2023","2023","Unintentional","1","Natural/Environmental","GRINJ-013",43,223682,19.2,13.9,25.9
,"Mohave County, AZ","04015","2023","2023","Unintentional","1","Poisoning","GRINJ-015",73,223682,32.6,25.6,41.0
,"Mohave County, AZ","04015","2023","2023","Suicide","2","Firearm","GRINJ-006",65,223682,29.1,22.4,37.0
,"Mohave County, AZ","04015","2023","2023","Suicide","2","Poisoning","GRINJ-015",13,223682,5.8,3.1,9.9
,"Mohave County, AZ","04015","2023","2023","Suicide","2","Suffocation","GRINJ-017",10,223682,4.5,2.1,8.2
,"Navajo County, AZ","04017","2023","2023","Unintentional","1","Fall","GRINJ-003",20,109175,18.3,11.2,28.3
,"Navajo County, AZ","04017","2023","2023","Unintentional","1","Motor Vehicle Traffic","GRINJ-008",47,109175,43.1,31.6,57.2
,"Navajo County, AZ","04017","2023","2023","Unintentional","1","Poisoning","GRINJ-015",74,109175,67.8,53.2,85.1
,"Navajo County, AZ","04017","2023","2023","Suicide","2","Firearm","GRINJ-006",23,109175,21.1,13.4,31.6
,"Navajo County, AZ","04017","2023","2023","Suicide","2","Suffocation","GRINJ-017",21,109175,19.2,11.9,29.4
,"Pima County, AZ","04019","2023","2023","Unintentional","1","Drowning","GRINJ-002",15,1063162,1.4,0.8,2.3
,"Pima County, AZ","04019","2023","2023","Unintentional","1","Fall","GRINJ-003",240,1063162,22.6,19.7,25.4
,"Pima County, AZ","04019","2023","2023","Unintentional","1","Motor Vehicle Traffic","GRINJ-008",181,1063162,17.0,14.5,19.5
,"Pima County, AZ","04019","2023","2023","Unintentional","1","Natural/Environmental","GRINJ-013",50,1063162,4.7,3.5,6.2
,"Pima County, AZ","04019","2023","2023","Unintentional","1","Poisoning","GRINJ-015",452,1063162,42.5,38.6,46.4
,"Pima County, AZ","04019","2023","2023","Unintentional","1","Suffocation","GRINJ-017",14,1063162,1.3,0.7,2.2
,"Pima County, AZ","04019","2023","2023","Unintentional","1","Other specified, classifiable Injury","GRINJ-018",10,1063162,0.9,0.5,1.7
,"Pima County, AZ","04019","2023","2023","Suicide","2","Firearm","GRINJ-006",133,1063162,12.5,10.4,14.6
,"Pima County, AZ","04019","2023","2023","Suicide","2","Poisoning","GRINJ-015",26,1063162,2.4,1.6,3.6
,"Pima County, AZ","04019","2023","2023","Suicide","2","Suffocation","GRINJ-017",43,1063162,4.0,2.9,5.4
,"Pima County, AZ","04019","2023","2023","Homicide","3","Firearm","GRINJ-006",60,1063162,5.6,4.3,7.3
,"Pinal County, AZ","04021","2023","2023","Unintentional","1","Fall","GRINJ-003",61,484239,12.6,9.6,16.2
,"Pinal County, AZ","04021","2023","2023","Unintentional","1","Motor Vehicle Traffic","GRINJ-008",93,484239,19.2,15.5,23.5
,"Pinal County, AZ","04021","2023","2023","Unintentional","1","Natural/Environmental","GRINJ-013",17,484239,3.5,2.0,5.6
,"Pinal County, AZ","04021","2023","2023","Unintentional","1","Poisoning","GRINJ-015",104,484239,21.5,17.3,25.6
,"Pinal County, AZ","04021","2023","2023","Suicide","2","Firearm","GRINJ-006",60,484239,12.4,9.5,15.9
,"Pinal County, AZ","04021","2023","2023","Suicide","2","Poisoning","GRINJ-015",11,484239,2.3,1.1,4.1
,"Pinal County, AZ","04021","2023","2023","Suicide","2","Suffocation","GRINJ-017",11,484239,2.3,1.1,4.1
,"Pinal County, AZ","04021","2023","2023","Homicide","3","Firearm","GRINJ-006",19,484239,3.9,2.4,6.1
,"Santa Cruz County, AZ","04023","2023","2023","Unintentional","1","Fall","GRINJ-003",15,49158,30.5,17.1,50.3
,"Yavapai County, AZ","04025","2023","2023","Unintentional","1","Fall","GRINJ-003",67,249081,26.9,20.8,34.2
,"Yavapai County, AZ","04025","2023","2023","Unintentional","1","Motor Vehicle Traffic","GRINJ-008",40,249081,16.1,11.5,21.9
,"Yavapai County, AZ","04025","2023","2023","Unintentional","1","Poisoning","GRINJ-015",68,249081,27.3,21.2,34.6
,"Yavapai County, AZ","04025","2023","2023","Suicide","2","Firearm","GRINJ-006",66,249081,26.5,20.5,33.7
,"Yuma County, AZ","04027","2023","2023","Unintentional","1","Fall","GRINJ-003",13,213221,6.1,3.2,10.4
,"Yuma County, AZ","04027","2023","2023","Unintentional","1","Motor Vehicle Traffic","GRINJ-008",31,213221,14.5,9.9,20.6
,"Yuma County, AZ","04027","2023","2023","Unintentional","1","Natural/Environmental","GRINJ-013",17,213221,8.0,4.6,12.8
,"Yuma County, AZ","04027","2023","2023","Unintentional","1","Poisoning","GRINJ-015",47,213221,22.0,16.2,29.3
,"Yuma County, AZ","04027","2023","2023","Suicide","2","Firearm","GRINJ-006",25,213221,11.7,7.6,17.3
,"Yuma County, AZ","04027","2023","2023","Suicide","2","Suffocation","GRINJ-017",10,213221,4.7,2.2,8.6
,"Yuma County, AZ","04027","2023","2023","Homicide","3","Firearm","GRINJ-006",11,213221,5.2,2.6,9.2
,"Baxter County, AR","05005","2023","2023","Unintentional","1","Fall","GRINJ-003",10,42875,23.3,11.2,42.9
,"Baxter County, AR","05005","2023","2023","Suicide","2","Firearm","GRINJ-006",11,42875,25.7,12.8,45.9
,"Benton County, AR","05007","2023","2023","Unintentional","1","Fall","GRINJ-003",80,311013,25.7,20.4,32.0
,"Benton County, AR","05007","2023","2023","Unintentional","1","Motor Vehicle Traffic","GRINJ-008",30,311013,9.6,6.5,13.8
,"Benton County, AR","05007","2023","2023","Unintentional","1","Poisoning","GRINJ-015",37,311013,11.9,8.4,16.4
,"Benton County, AR","05007","2023","2023","Suicide","2","Firearm","GRINJ-006",32,311013,10.3,7.0,14.5
,"Craighead County, AR","05031","2023","2023","Unintentional","1","Fall","GRINJ-003",12,113993,10.5,5.4,18.4
,"Craighead County, AR","05031","2023","2023","Unintentional","1","Motor Vehicle Traffic","GRINJ-008",16,113993,14.0,8.0,22.8
,"Craighead County, AR","05031","2023","2023","Unintentional","1","Poisoning","GRINJ-015",17,113993,14.9,8.7,23.9
,"Craighead County, AR","05031","2023","2023","Suicide","2","Firearm","GRINJ-006",13,113993,11.4,6.1,19.5
,"Crawford County, AR","05033","2023","2023","Suicide","2","Firearm","GRINJ-006",10,61891,16.2,7.7,29.7
,"Crittenden County, AR","05035","2023","2023","Unintentional","1","Motor Vehicle Traffic","GRINJ-008",22,47139,46.7,29.2,70.7
,"Crittenden County, AR","05035","2023","2023","Unintentional","1","Poisoning","GRINJ-015",13,47139,27.6,14.7,47.2
,"Crittenden County, AR","05035","2023","2023","Homicide","3","Firearm","GRINJ-006",10,47139,21.2,10.2,39.0
,"Faulkner County, AR","05045","2023","2023","Unintentional","1","Motor Vehicle Traffic","GRINJ-008",22,129951,16.9,10.6,25.6
,"Faulkner County, AR","05045","2023","2023","Unintentional","1","Poisoning","GRINJ-015",13,129951,10.0,5.3,17.1
,"Garland County, AR","05051","2023","2023","Unintentional","1","Fall","GRINJ-003",11,99784,11.0,5.5,19.7
,"Garland County, AR","05051","2023","2023","Unintentional","1","Motor Vehicle Traffic","GRINJ-008",29,99784,29.1,19.5,41.7
,"Garland County, AR","05051","2023","2023","Unintentional","1","Poisoning","GRINJ-015",22,99784,22.0,13.8,33.4
,"Garland County, AR","05051","2023","2023","Suicide","2","Firearm","GRINJ-006",19,99784,19.0,11.5,29.7
,"Garland County, AR","05051","2023","2023","Homicide","3","Firearm","GRINJ-006",16,99784,16.0,9.2,26.0
,"Greene County, AR","05055","2023","2023","Unintentional","1","Motor Vehicle Traffic","GRINJ-008",12,46743,25.7,13.3,44.8
,"Hot Spring County, AR","05059","2023","2023","Unintentional","1","Motor Vehicle Traffic","GRINJ-008",12,33258,36.1,18.6,63.0
,"Hot Spring County, AR","05059","2023","2023","Unintentional","1","Poisoning","GRINJ-015",10,33258,30.1,14.4,55.3
,"Jefferson County, AR","05069","2023","2023","Unintentional","1","Motor Vehicle Traffic","GRINJ-008",13,63661,20.4,10.9,34.9
,"Jefferson County, AR","05069","2023","2023","Unintentional","1","Poisoning","GRINJ-015",14,63661,22.0,12.0,36.9
,"Jefferson County, AR","05069","2023","2023","Homicide","3","Firearm","GRINJ-006",28,63661,44.0,29.2,63.6
,"Johnson County, AR","05071","2023","2023","Unintentional","1","Motor Vehicle Traffic","GRINJ-008",11,26129,42.1,21.0,75.3
,"Lonoke County, AR","05085","2023","2023","Unintentional","1","Fall","GRINJ-003",10,75944,13.2,6.3,24.2
,"Lonoke County, AR","05085","2023","2023","Unintentional","1","Motor Vehicle Traffic","GRINJ-008",12,75944,15.8,8.2,27.6
,"Lonoke County, AR","05085","2023","2023","Suicide","2","Firearm","GRINJ-006",10,75944,13.2,6.3,24.2
,"Miller County, AR","05091","2023","2023","Unintentional","1","Motor Vehicle Traffic","GRINJ-008",14,42415,33.0,18.0,55.4
,"Miller County, AR","05091","2023","2023","Unintentional","1","Poisoning","GRINJ-015",12,42415,28.3,14.6,49.4
,"Mississippi County, AR","05093","2023","2023","Homicide","3","Firearm","GRINJ-006",10,38663,25.9,12.4,47.6
,"Phillips County, AR","05107","2023","2023","Unintentional","1","Motor Vehicle Traffic","GRINJ-008",10,14961,66.8,32.1,122.9
,"Pope County, AR","05115","2023","2023","Unintentional","1","Motor Vehicle Traffic","GRINJ-008",10,64593,15.5,7.4,28.5
,"Pulaski County, AR","05119","2023","2023","Unintentional","1","Fall","GRINJ-003",30,400009,7.5,5.1,10.7
,"Pulaski County, AR","05119","2023","2023","Unintentional","1","Fire/Flame","GRINJ-004",12,400009,3.0,1.6,5.2
,"Pulaski County, AR","05119","2023","2023","Unintentional","1","Motor Vehicle Traffic","GRINJ-008",88,400009,22.0,17.6,27.1
,"Pulaski County, AR","05119","2023","2023","Unintentional","1","Poisoning","GRINJ-015",95,400009,23.7,19.2,29.0
,"Pulaski County, AR","05119","2023","2023","Unintentional","1","Suffocation","GRINJ-017",16,400009,4.0,2.3,6.5
,"Pulaski County, AR","05119","2023","2023","Suicide","2","Firearm","GRINJ-006",54,400009,13.5,10.1,17.6
,"Pulaski County, AR","05119","2023","2023","Suicide","2","Suffocation","GRINJ-017",20,400009,5.0,3.1,7.7
,"Pulaski County, AR","05119","2023","2023","Homicide","3","Firearm","GRINJ-006",84,400009,21.0,16.8,26.0
,"Saline County, AR","05125","2023","2023","Unintentional","1","Fall","GRINJ-003",19,129574,14.7,8.8,22.9
,"Saline County, AR","05125","2023","2023","Unintentional","1","Motor Vehicle Traffic","GRINJ-008",18,129574,13.9,8.2,22.0
,"Saline County, AR","05125","2023","2023","Unintentional","1","Poisoning","GRINJ-015",34,129574,26.2,18.2,36.7
,"Saline County, AR","05125","2023","2023","Suicide","2","Firearm","GRINJ-006",21,129574,16.2,10.0,24.8
,"Sebastian County, AR","05131","2023","2023","Unintentional","1","Motor Vehicle Traffic","GRINJ-008",18,129098,13.9,8.3,22.0
,"Sebastian County, AR","05131","2023","2023","Unintentional","1","Poisoning","GRINJ-015",27,129098,20.9,13.8,30.4
,"Sebastian County, AR","05131","2023","2023","Suicide","2","Firearm","GRINJ-006",16,129098,12.4,7.1,20.1
,"Sebastian County, AR","05131","2023","2023","Suicide","2","Suffocation","GRINJ-017",13,129098,10.1,5.4,17.2
,"Union County, AR","05139","2023","2023","Unintentional","1","Poisoning","GRINJ-015",11,37397,29.4,14.7,52.6
,"Washington County, AR","05143","2023","2023","Unintentional","1","Fall","GRINJ-003",22,261549,8.4,5.3,12.7
,"Washington County, AR","05143","2023","2023","Unintentional","1","Motor Vehicle Traffic","GRINJ-008",35,261549,13.4,9.3,18.6
,"Washington County, AR","05143","2023","2023","Unintentional","1","Poisoning","GRINJ-015",19,261549,7.3,4.4,11.3
,"Washington County, AR","05143","2023","2023","Suicide","2","Firearm","GRINJ-006",20,261549,7.6,4.7,11.8
,"Washington County, AR","05143","2023","2023","Suicide","2","Suffocation","GRINJ-017",15,261549,5.7,3.2,9.5
,"White County, AR","05145","2023","2023","Unintentional","1","Motor Vehicle Traffic","GRINJ-008",21,78452,26.8,16.6,40.9
,"White County, AR","05145","2023","2023","Unintentional","1","Poisoning","GRINJ-015",17,78452,21.7,12.6,34.7
,"Alameda County, CA","06001","2023","2023","Unintentional","1","Drowning","GRINJ-002",21,1622188,1.3,0.8,2.0
,"Alameda County, CA","06001","2023","2023","Unintentional","1","Fall","GRINJ-003",73,1622188,4.5,3.5,5.7
,"Alameda County, CA","06001","2023","2023","Unintentional","1","Motor Vehicle Traffic","GRINJ-008",119,1622188,7.3,6.0,8.7
,"Alameda County, CA","06001","2023","2023","Unintentional","1","Other Pedestrian","GRINJ-010",10,1622188,0.6,0.3,1.1
,"Alameda County, CA","06001","2023","2023","Unintentional","1","Poisoning","GRINJ-015",403,1622188,24.8,22.4,27.3
,"Alameda County, CA","06001","2023","2023","Unintentional","1","Suffocation","GRINJ-017",47,1622188,2.9,2.1,3.9
,"Alameda County, CA","06001","2023","2023","Unintentional","1","Unspecified Injury","GRINJ-020",23,1622188,1.4,0.9,2.1
,"Alameda County, CA","06001","2023","2023","Suicide","2","Cut/Pierce","GRINJ-001",11,1622188,0.7,0.3,1.2
,"Alameda County, CA","06001","2023","2023","Suicide","2","Firearm","GRINJ-006",35,1622188,2.2,1.5,3.0
,"Alameda County, CA","06001","2023","2023","Suicide","2","Poisoning","GRINJ-015",27,1622188,1.7,1.1,2.4
,"Alameda County, CA","06001","2023","2023","Suicide","2","Suffocation","GRINJ-017",54,1622188,3.3,2.5,4.3
,"Alameda County, CA","06001","2023","2023","Homicide","3","Cut/Pierce","GRINJ-001",15,1622188,0.9,0.5,1.5
,"Alameda County, CA","06001","2023","2023","Homicide","3","Firearm","GRINJ-006",111,1622188,6.8,5.6,8.1
,"Amador County, CA","06005","2023","2023","Unintentional","1","Poisoning","GRINJ-015",11,41811,26.3,13.1,47.1
,"Butte County, CA","06007","2023","2023","Unintentional","1","Fall","GRINJ-003",29,207172,14.0,9.4,20.1
,"Butte County, CA","06007","2023","2023","Unintentional","1","Motor Vehicle Traffic","GRINJ-008",45,207172,21.7,15.8,29.1
,"Butte County, CA","06007","2023","2023","Unintentional","1","Poisoning","GRINJ-015",134,207172,64.7,53.7,75.6
,"Butte County, CA","06007","2023","2023","Suicide","2","Firearm","GRINJ-006",18,207172,8.7,5.1,13.7
,"Butte County, CA","06007","2023","2023","Suicide","2","Suffocation","GRINJ-017",11,207172,5.3,2.7,9.5
,"Calaveras County, CA","06009","2023","2023","Unintentional","1","Motor Vehicle Traffic","GRINJ-008",14,46565,30.1,16.4,50.4
,"Calaveras County, CA","06009","2023","2023","Unintentional","1","Poisoning","GRINJ-015",17,46565,36.5,21.3,58.5
,"Contra Costa County, CA","06013","2023","2023","Unintentional","1","Drowning","GRINJ-002",15,1155025,1.3,0.7,2.1
,"Contra Costa County, CA","06013","2023","2023","Unintentional","1","Fall","GRINJ-003",77,1155025,6.7,5.3,8.3
,"Contra Costa County, CA","06013","2023","2023","Unintentional","1","Motor Vehicle Traffic","GRINJ-008",124,1155025,10.7,8.8,12.6
,"Contra Costa County, CA","06013","2023","2023","Unintentional","1","Poisoning","GRINJ-015",265,1155025,22.9,20.2,25.7
,"Contra Costa County, CA","06013","2023","2023","Unintentional","1","Suffocation","GRINJ-017",13,1155025,1.1,0.6,1.9
,"Contra Costa County, CA","06013","2023","2023","Suicide","2","Firearm","GRINJ-006",46,1155025,4.0,2.9,5.3
,"Contra Costa County, CA","06013","2023","2023","Suicide","2","Poisoning","GRINJ-015",27,1155025,2.3,1.5,3.4
,"Contra Costa County, CA","06013","2023","2023","Suicide","2","Suffocation","GRINJ-017",36,1155025,3.1,2.2,4.3
,"Contra Costa County, CA","06013","2023","2023","Homicide","3","Firearm","GRINJ-006",46,1155025,4.0,2.9,5.3
,"Del Norte County, CA","06015","2023","2023","Unintentional","1","Poisoning","GRINJ-015",25,26589,94.0,60.8,138.8
,"El Dorado County, CA","06017","2023","2023","Unintentional","1","Fall","GRINJ-003",24,192215,12.5,8.0,18.6
,"El Dorado County, CA","06017","2023","2023","Unintentional","1","Motor Vehicle Traffic","GRINJ-008",23,192215,12.0,7.6,18.0
,"El Dorado County, CA","06017","2023","2023","Unintentional","1","Poisoning","GRINJ-015",42,192215,21.9,15.7,29.5
,"El Dorado County, CA","06017","2023","2023","Suicide","2","Firearm","GRINJ-006",16,192215,8.3,4.8,13.5
,"El Dorado County, CA","06017","2023","2023","Suicide","2","Suffocation","GRINJ-017",12,192215,6.2,3.2,10.9
,"Fresno County, CA","06019","2023","2023","Unintentional","1","Drowning","GRINJ-002",25,1017162,2.5,1.6,3.6
,"Fresno County, CA","06019","2023","2023","Unintentional","1","Fall","GRINJ-003",70,1017162,6.9,5.4,8.7
,"Fresno County, CA","06019","2023","2023","Unintentional","1","Motor Vehicle Traffic","GRINJ-008",177,1017162,17.4,14.8,20.0
,"Fresno County, CA","06019","2023","2023","Unintentional","1","Poisoning","GRINJ-015",238,1017162,23.4,20.4,26.4
,"Fresno County, CA","06019","2023","2023","Unintentional","1","Suffocation","GRINJ-017",21,1017162,2.1,1.3,3.2
,"Fresno County, CA","06019","2023","2023","Unintentional","1","Unspecified Injury","GRINJ-020",12,1017162,1.2,0.6,2.1
,"Fresno County, CA","06019","2023","2023","Suicide","2","Firearm","GRINJ-006",46,1017162,4.5,3.3,6.0
,"Fresno County, CA","06019","2023","2023","Suicide","2","Suffocation","GRINJ-017",36,1017162,3.5,2.5,4.9
,"Fresno County, CA","06019","2023","2023","Homicide","3","Firearm","GRINJ-006",54,1017162,5.3,4.0,6.9
,"Glenn County, CA","06021","2023","2023","Unintentional","1","Poisoning","GRINJ-015",15,28129,53.3,29.8,88.0
,"Humboldt County, CA","06023","2023","2023","Unintentional","1","Fall","GRINJ-003",17,133985,12.7,7.4,20.3
,"Humboldt County, CA","06023","2023","2023","Unintentional","1","Motor Vehicle Traffic","GRINJ-008",29,133985,21.6,14.5,31.1
,"Humboldt County, CA","06023","2023","2023","Unintentional","1","Poisoning","GRINJ-015",71,133985,53.0,41.4,66.8
,"Humboldt County, CA","06023","2023","2023","Suicide","2","Firearm","GRINJ-006",22,133985,16.4,10.3,24.9
,"Imperial County, CA","06025","2023","2023","Unintentional","1","Fall","GRINJ-003",16,179057,8.9,5.1,14.5
,"Imperial County, CA","06025","2023","2023","Unintentional","1","Motor Vehicle Traffic","GRINJ-008",16,179057,8.9,5.1,14.5
,"Imperial County, CA","06025","2023","2023","Unintentional","1","Poisoning","GRINJ-015",22,179057,12.3,7.7,18.6
,"Kern County, CA","06029","2023","2023","Unintentional","1","Drowning","GRINJ-002",11,913820,1.2,0.6,2.2
,"Kern County, CA","06029","2023","2023","Unintentional","1","Fall","GRINJ-003",47,913820,5.1,3.8,6.8
,"Kern County, CA","06029","2023","2023","Unintentional","1","Motor Vehicle Traffic","GRINJ-008",187,913820,20.5,17.5,23.4
,"Kern County, CA","06029","2023","2023","Unintentional","1","Other Pedestrian","GRINJ-010",13,913820,1.4,0.8,2.4
,"Kern County, CA","06029","2023","2023","Unintentional","1","Poisoning","GRINJ-015",491,913820,53.7,49.0,58.5
,"Kern County, CA","06029","2023","2023","Unintentional","1","Suffocation","GRINJ-017",12,913820,1.3,0.7,2.3
,"Kern County, CA","06029","2023","2023","Suicide","2","Firearm","GRINJ-006",56,913820,6.1,4.6,8.0
,"Kern County, CA","06029","2023","2023","Suicide","2","Poisoning","GRINJ-015",13,913820,1.4,0.8,2.4
,"Kern County, CA","06029","2023","2023","Suicide","2","Suffocation","GRINJ-017",40,913820,4.4,3.1,6.0
,"Kern County, CA","06029","2023","2023","Homicide","3","Firearm","GRINJ-006",56,913820,6.1,4.6,8.0
,"Kings County, CA","06031","2023","2023","Unintentional","1","Motor Vehicle Traffic","GRINJ-008",37,152682,24.2,17.1,33.4
,"Kings County, CA","06031","2023","2023","Unintentional","1","Poisoning","GRINJ-015",27,152682,17.7,11.7,25.7
,"Kings County, CA","06031","2023","2023","Homicide","3","Firearm","GRINJ-006",10,152682,6.5,3.1,12.0
,"Lake County, CA","06033","2023","2023","Unintentional","1","Fall","GRINJ-003",12,67878,17.7,9.1,30.9
,"Lake County, CA","06033","2023","2023","Unintentional","1","Motor Vehicle Traffic","GRINJ-008",23,67878,33.9,21.5,50.8
,"Lake County, CA","06033","2023","2023","Unintentional","1","Poisoning","GRINJ-015",48,67878,70.7,52.1,93.8
,"Lake County, CA","06033","2023","2023","Unintentional","1","Unspecified Injury","GRINJ-020",10,67878,14.7,7.1,27.1
,"Lassen County, CA","06035","2023","2023","Unintentional","1","Poisoning","GRINJ-015",19,28861,65.8,39.6,102.8
,"Los Angeles County, CA","06037","2023","2023","Unintentional","1","Drowning","GRINJ-002",86,9663345,0.9,0.7,1.1
,"Los Angeles County, CA","06037","2023","2023","Unintentional","1","Fall","GRINJ-003",578,9663345,6.0,5.5,6.5
,"Los Angeles County, CA","06037","2023","2023","Unintentional","1","Fire/Flame","GRINJ-004",47,9663345,0.5,0.4,0.6
,"Los Angeles County, CA","06037","2023","2023","Unintentional","1","Firearm","GRINJ-006",10,9663345,0.1,0.0,0.2
,"Los Angeles County, CA","06037","2023","2023","Unintentional","1","Motor Vehicle Traffic","GRINJ-008",1043,9663345,10.8,10.1,11.4
,"Los Angeles County, CA","06037","2023","2023","Unintentional","1","Other Pedal cyclist","GRINJ-009",13,9663345,0.1,0.1,0.2
,"Los Angeles County, CA","06037","2023","2023","Unintentional","1","Other Pedestrian","GRINJ-010",33,9663345,0.3,0.2,0.5
,"Los Angeles County, CA","06037","2023","2023","Unintentional","1","Other land transport","GRINJ-011",19,9663345,0.2,0.1,0.3
,"Los Angeles County, CA","06037","2023","2023","Unintentional","1","Other transport","GRINJ-012",14,9663345,0.1,0.1,0.2
,"Los Angeles County, CA","06037","2023","2023","Unintentional","1","Natural/Environmental","GRINJ-013",14,9663345,0.1,0.1,0.2
,"Los Angeles County, CA","06037","2023","2023","Unintentional","1","Poisoning","GRINJ-015",2310,9663345,23.9,22.9,24.9
,"Los Angeles County, CA","06037","2023","2023","Unintentional","1","Struck by or against","GRINJ-016",13,9663345,0.1,0.1,0.2
,"Los Angeles County, CA","06037","2023","2023","Unintentional","1","Suffocation","GRINJ-017",43,9663345,0.4,0.3,0.6
,"Los Angeles County, CA","06037","2023","2023","Unintentional","1","Other specified, classifiable Injury","GRINJ-018",35,9663345,0.4,0.3,0.5
,"Los Angeles County, CA","06037","2023","2023","Unintentional","1","Other specified, not elsewhere classified Injury","GRINJ-019",47,9663345,0.5,0.4,0.6
,"Los Angeles County, CA","06037","2023","2023","Unintentional","1","Unspecified Injury","GRINJ-020",18,9663345,0.2,0.1,0.3
,"Los Angeles County, CA","06037","2023","2023","Suicide","2","Cut/Pierce","GRINJ-001",33,9663345,0.3,0.2,0.5
,"Los Angeles County, CA","06037","2023","2023","Suicide","2","Drowning","GRINJ-002",12,9663345,0.1,0.1,0.2
,"Los Angeles County, CA","06037","2023","2023","Suicide","2","Fall","GRINJ-003",49,9663345,0.5,0.4,0.7
,"Los Angeles County, CA","06037","2023","2023","Suicide","2","Firearm","GRINJ-006",296,9663345,3.1,2.7,3.4
,"Los Angeles County, CA","06037","2023","2023","Suicide","2","Poisoning","GRINJ-015",121,9663345,1.3,1.0,1.5
,"Los Angeles County, CA","06037","2023","2023","Suicide","2","Suffocation","GRINJ-017",313,9663345,3.2,2.9,3.6
,"Los Angeles County, CA","06037","2023","2023","Suicide","2","Other specified, classifiable Injury","GRINJ-018",27,9663345,0.3,0.2,0.4
,"Los Angeles County, CA","06037","2023","2023","Homicide","3","Cut/Pierce","GRINJ-001",75,9663345,0.8,0.6,1.0
,"Los Angeles County, CA","06037","2023","2023","Homicide","3","Firearm","GRINJ-006",493,9663345,5.1,4.7,5.6
,"Los Angeles County, CA","06037","2023","2023","Homicide","3","Struck by or against","GRINJ-016",10,9663345,0.1,0.0,0.2
,"Los Angeles County, CA","06037","2023","2023","Homicide","3","Suffocation","GRINJ-017",10,9663345,0.1,0.0,0.2
,"Los Angeles County, CA","06037","2023","2023","Homicide","3","Other specified, not elsewhere classified Injury","GRINJ-019",21,9663345,0.2,0.1,0.3
,"Los Angeles County, CA","06037","2023","2023","Homicide","3","Unspecified Injury","GRINJ-020",29,9663345,0.3,0.2,0.4
,"Los Angeles County, CA","06037","2023","2023","Undetermined ","4","Poisoning","GRINJ-015",10,9663345,0.1,0.0,0.2
,"Madera County, CA","06039","2023","2023","Unintentional","1","Fall","GRINJ-003",10,162858,6.1,2.9,11.3
,"Madera County, CA","06039","2023","2023","Unintentional","1","Motor Vehicle Traffic","GRINJ-008",29,162858,17.8,11.9,25.6
,"Madera County, CA","06039","2023","2023","Unintentional","1","Poisoning","GRINJ-015",33,162858,20.3,13.9,28.5
,"Madera County, CA","06039","2023","2023","Suicide","2","Suffocation","GRINJ-017",10,162858,6.1,2.9,11.3
,"Marin County, CA","06041","2023","2023","Unintentional","1","Fall","GRINJ-003",36,254407,14.2,9.9,19.6
,"Marin County, CA","06041","2023","2023","Unintentional","1","Motor Vehicle Traffic","GRINJ-008",21,254407,8.3,5.1,12.6
,"Marin County, CA","06041","2023","2023","Unintentional","1","Poisoning","GRINJ-015",60,254407,23.6,18.0,30.4
,"Marin County, CA","06041","2023","2023","Suicide","2","Suffocation","GRINJ-017",15,254407,5.9,3.3,9.7
,"Mendocino County, CA","06045","2023","2023","Unintentional","1","Motor Vehicle Traffic","GRINJ-008",16,89108,18.0,10.3,29.2
,"Mendocino County, CA","06045","2023","2023","Unintentional","1","Poisoning","GRINJ-015",53,89108,59.5,44.6,77.8
,"Mendocino County, CA","06045","2023","2023","Suicide","2","Firearm","GRINJ-006",16,89108,18.0,10.3,29.2
,"Merced County, CA","06047","2023","2023","Unintentional","1","Fall","GRINJ-003",11,291920,3.8,1.9,6.7
,"Merced County, CA","06047","2023","2023","Unintentional","1","Motor Vehicle Traffic","GRINJ-008",55,291920,18.8,14.2,24.5
,"Merced County, CA","06047","2023","2023","Unintentional","1","Poisoning","GRINJ-015",61,291920,20.9,16.0,26.8
,"Merced County, CA","06047","2023","2023","Suicide","2","Firearm","GRINJ-006",16,291920,5.5,3.1,8.9
,"Merced County, CA","06047","2023","2023","Suicide","2","Suffocation","GRINJ-017",11,291920,3.8,1.9,6.7
,"Merced County, CA","06047","2023","2023","Homicide","3","Firearm","GRINJ-006",16,291920,5.5,3.1,8.9
,"Monterey County, CA","06053","2023","2023","Unintentional","1","Fall","GRINJ-003",22,430723,5.1,3.2,7.7
,"Monterey County, CA","06053","2023","2023","Unintentional","1","Motor Vehicle Traffic","GRINJ-008",49,430723,11.4,8.4,15.0
,"Monterey County, CA","06053","2023","2023","Unintentional","1","Poisoning","GRINJ-015",133,430723,30.9,25.6,36.1
,"Monterey County, CA","06053","2023","2023","Unintentional","1","Suffocation","GRINJ-017",14,430723,3.3,1.8,5.5
,"Monterey County, CA","06053","2023","2023","Suicide","2","Firearm","GRINJ-006",20,430723,4.6,2.8,7.2
,"Monterey County, CA","06053","2023","2023","Suicide","2","Suffocation","GRINJ-017",13,430723,3.0,1.6,5.2
,"Monterey County, CA","06053","2023","2023","Homicide","3","Firearm","GRINJ-006",13,430723,3.0,1.6,5.2
,"Napa County, CA","06055","2023","2023","Unintentional","1","Fall","GRINJ-003",15,133216,11.3,6.3,18.6
,"Napa County, CA","06055","2023","2023","Unintentional","1","Poisoning","GRINJ-015",19,133216,14.3,8.6,22.3
,"Nevada County, CA","06057","2023","2023","Unintentional","1","Fall","GRINJ-003",13,102037,12.7,6.8,21.8
,"Nevada County, CA","06057","2023","2023","Unintentional","1","Poisoning","GRINJ-015",49,102037,48.0,35.5,63.5
,"Nevada County, CA","06057","2023","2023","Suicide","2","Firearm","GRINJ-006",10,102037,9.8,4.7,18.0
,"Orange County, CA","06059","2023","2023","Unintentional","1","Drowning","GRINJ-002",42,3135755,1.3,1.0,1.8
,"Orange County, CA","06059","2023","2023","Unintentional","1","Fall","GRINJ-003",230,3135755,7.3,6.4,8.3
,"Orange County, CA","06059","2023","2023","Unintentional","1","Motor Vehicle Traffic","GRINJ-008",269,3135755,8.6,7.6,9.6
,"Orange County, CA","06059","2023","2023","Unintentional","1","Poisoning","GRINJ-015",723,3135755,23.1,21.4,24.7
,"Orange County, CA","06059","2023","2023","Unintentional","1","Suffocation","GRINJ-017",16,3135755,0.5,0.3,0.8
,"Orange County, CA","06059","2023","2023","Unintentional","1","Other specified, classifiable Injury","GRINJ-018",15,3135755,0.5,0.3,0.8
,"Orange County, CA","06059","2023","2023","Unintentional","1","Other specified, not elsewhere classified Injury","GRINJ-019",13,3135755,0.4,0.2,0.7
,"Orange County, CA","06059","2023","2023","Unintentional","1","Unspecified Injury","GRINJ-020",12,3135755,0.4,0.2,0.7
,"Orange County, CA","06059","2023","2023","Suicide","2","Cut/Pierce","GRINJ-001",14,3135755,0.4,0.2,0.7
,"Orange County, CA","06059","2023","2023","Suicide","2","Fall","GRINJ-003",27,3135755,0.9,0.6,1.3
,"Orange County, CA","06059","2023","2023","Suicide","2","Firearm","GRINJ-006",112,3135755,3.6,2.9,4.2
,"Orange County, CA","06059","2023","2023","Suicide","2","Poisoning","GRINJ-015",65,3135755,2.1,1.6,2.6
,"Orange County, CA","06059","2023","2023","Suicide","2","Suffocation","GRINJ-017",79,3135755,2.5,2.0,3.1
,"Orange County, CA","06059","2023","2023","Homicide","3","Cut/Pierce","GRINJ-001",15,3135755,0.5,0.3,0.8
,"Orange County, CA","06059","2023","2023","Homicide","3","Firearm","GRINJ-006",42,3135755,1.3,1.0,1.8
,"Placer County, CA","06061","2023","2023","Unintentional","1","Fall","GRINJ-003",52,423561,12.3,9.2,16.1
,"Placer County, CA","06061","2023","2023","Unintentional","1","Motor Vehicle Traffic","GRINJ-008",46,423561,10.9,8.0,14.5
,"Placer County, CA","06061","2023","2023","Unintentional","1","Poisoning","GRINJ-015",77,423561,18.2,14.3,22.7
,"Placer County, CA","06061","2023","2023","Suicide","2","Firearm","GRINJ-006",23,423561,5.4,3.4,8.1
,"Riverside County, CA","06065","2023","2023","Unintentional","1","Drowning","GRINJ-002",27,2492442,1.1,0.7,1.6
,"Riverside County, CA","06065","2023","2023","Unintentional","1","Fall","GRINJ-003",171,2492442,6.9,5.8,7.9
,"Riverside County, CA","06065","2023","2023","Unintentional","1","Fire/Flame","GRINJ-004",10,2492442,0.4,0.2,0.7
,"Riverside County, CA","06065","2023","2023","Unintentional","1","Motor Vehicle Traffic","GRINJ-008",364,2492442,14.6,13.1,16.1
,"Riverside County, CA","06065","2023","2023","Unintentional","1","Other Pedestrian","GRINJ-010",12,2492442,0.5,0.2,0.8
,"Riverside County, CA","06065","2023","2023","Unintentional","1","Other land transport","GRINJ-011",10,2492442,0.4,0.2,0.7
,"Riverside County, CA","06065","2023","2023","Unintentional","1","Other transport","GRINJ-012",11,2492442,0.4,0.2,0.8
,"Riverside County, CA","06065","2023","2023","Unintentional","1","Natural/Environmental","GRINJ-013",10,2492442,0.4,0.2,0.7
,"Riverside County, CA","06065","2023","2023","Unintentional","1","Poisoning","GRINJ-015",854,2492442,34.3,32.0,36.6
,"Riverside County, CA","06065","2023","2023","Unintentional","1","Suffocation","GRINJ-017",19,2492442,0.8,0.5,1.2
,"Riverside County, CA","06065","2023","2023","Unintentional","1","Other specified, classifiable Injury","GRINJ-018",10,2492442,0.4,0.2,0.7
,"Riverside County, CA","06065","2023","2023","Unintentional","1","Other specified, not elsewhere classified Injury","GRINJ-019",11,2492442,0.4,0.2,0.8
,"Riverside County, CA","06065","2023","2023","Unintentional","1","Unspecified Injury","GRINJ-020",10,2492442,0.4,0.2,0.7
,"Riverside County, CA","06065","2023","2023","Suicide","2","Firearm","GRINJ-006",94,2492442,3.8,3.0,4.6
,"Riverside County, CA","06065","2023","2023","Suicide","2","Poisoning","GRINJ-015",39,2492442,1.6,1.1,2.1
,"Riverside County, CA","06065","2023","2023","Suicide","2","Suffocation","GRINJ-017",74,2492442,3.0,2.3,3.7
,"Riverside County, CA","06065","2023","2023","Homicide","3","Cut/Pierce","GRINJ-001",11,2492442,0.4,0.2,0.8
,"Riverside County, CA","06065","2023","2023","Homicide","3","Firearm","GRINJ-006",68,2492442,2.7,2.1,3.5
,"Sacramento County, CA","06067","2023","2023","Unintentional","1","Drowning","GRINJ-002",25,1584288,1.6,1.0,2.3
,"Sacramento County, CA","06067","2023","2023","Unintentional","1","Fall","GRINJ-003",128,1584288,8.1,6.7,9.5
,"Sacramento County, CA","06067","2023","2023","Unintentional","1","Motor Vehicle Traffic","GRINJ-008",212,1584288,13.4,11.6,15.2
,"Sacramento County, CA","06067","2023","2023","Unintentional","1","Natural/Environmental","GRINJ-013",10,1584288,0.6,0.3,1.2
,"Sacramento County, CA","06067","2023","2023","Unintentional","1","Poisoning","GRINJ-015",624,1584288,39.4,36.3,42.5
,"Sacramento County, CA","06067","2023","2023","Unintentional","1","Suffocation","GRINJ-017",27,1584288,1.7,1.1,2.5
,"Sacramento County, CA","06067","2023","2023","Unintentional","1","Unspecified Injury","GRINJ-020",15,1584288,0.9,0.5,1.6
,"Sacramento County, CA","06067","2023","2023","Suicide","2","Firearm","GRINJ-006",77,1584288,4.9,3.8,6.1
,"Sacramento County, CA","06067","2023","2023","Suicide","2","Poisoning","GRINJ-015",22,1584288,1.4,0.9,2.1
,"Sacramento County, CA","06067","2023","2023","Suicide","2","Suffocation","GRINJ-017",71,1584288,4.5,3.5,5.7
,"Sacramento County, CA","06067","2023","2023","Homicide","3","Firearm","GRINJ-006",67,1584288,4.2,3.3,5.4
,"San Benito County, CA","06069","2023","2023","Unintentional","1","Poisoning","GRINJ-015",17,68175,24.9,14.5,39.9
,"San Bernardino County, CA","06071","2023","2023","Unintentional","1","Drowning","GRINJ-002",37,2195611,1.7,1.2,2.3
,"San Bernardino County, CA","06071","2023","2023","Unintentional","1","Fall","GRINJ-003",121,2195611,5.5,4.5,6.5
,"San Bernardino County, CA","06071","2023","2023","Unintentional","1","Fire/Flame","GRINJ-004",19,2195611,0.9,0.5,1.4
,"San Bernardino County, CA","06071","2023","2023","Unintentional","1","Motor Vehicle Traffic","GRINJ-008",390,2195611,17.8,16.0,19.5
,"San Bernardino County, CA","06071","2023","2023","Unintentional","1","Natural/Environmental","GRINJ-013",20,2195611,0.9,0.6,1.4
,"San Bernardino County, CA","06071","2023","2023","Unintentional","1","Poisoning","GRINJ-015",595,2195611,27.1,24.9,29.3
,"San Bernardino County, CA","06071","2023","2023","Unintentional","1","Struck by or against","GRINJ-016",10,2195611,0.5,0.2,0.8
,"San Bernardino County, CA","06071","2023","2023","Unintentional","1","Suffocation","GRINJ-017",21,2195611,1.0,0.6,1.5
,"San Bernardino County, CA","06071","2023","2023","Unintentional","1","Other specified, classifiable Injury","GRINJ-018",14,2195611,0.6,0.3,1.1
,"San Bernardino County, CA","06071","2023","2023","Unintentional","1","Other specified, not elsewhere classified Injury","GRINJ-019",10,2195611,0.5,0.2,0.8
,"San Bernardino County, CA","06071","2023","2023","Unintentional","1","Unspecified Injury","GRINJ-020",13,2195611,0.6,0.3,1.0
,"San Bernardino County, CA","06071","2023","2023","Suicide","2","Cut/Pierce","GRINJ-001",10,2195611,0.5,0.2,0.8
,"San Bernardino County, CA","06071","2023","2023","Suicide","2","Firearm","GRINJ-006",118,2195611,5.4,4.4,6.3
,"San Bernardino County, CA","06071","2023","2023","Suicide","2","Poisoning","GRINJ-015",21,2195611,1.0,0.6,1.5
,"San Bernardino County, CA","06071","2023","2023","Suicide","2","Suffocation","GRINJ-017",81,2195611,3.7,2.9,4.6
,"San Bernardino County, CA","06071","2023","2023","Homicide","3","Cut/Pierce","GRINJ-001",21,2195611,1.0,0.6,1.5
,"San Bernardino County, CA","06071","2023","2023","Homicide","3","Firearm","GRINJ-006",89,2195611,4.1,3.3,5.0
,"San Diego County, CA","06073","2023","2023","Unintentional","1","Drowning","GRINJ-002",33,3269973,1.0,0.7,1.4
,"San Diego County, CA","06073","2023","2023","Unintentional","1","Fall","GRINJ-003",412,3269973,12.6,11.4,13.8
,"San Diego County, CA","06073","2023","2023","Unintentional","1","Motor Vehicle Traffic","GRINJ-008",285,3269973,8.7,7.7,9.7
,"San Diego County, CA","06073","2023","2023","Unintentional","1","Other Pedestrian","GRINJ-010",12,3269973,0.4,0.2,0.6
,"San Diego County, CA","06073","2023","2023","Unintentional","1","Natural/Environmental","GRINJ-013",14,3269973,0.4,0.2,0.7
,"San Diego County, CA","06073","2023","2023","Unintentional","1","Poisoning","GRINJ-015",911,3269973,27.9,26.1,29.7
,"San Diego County, CA","06073","2023","2023","Unintentional","1","Suffocation","GRINJ-017",29,3269973,0.9,0.6,1.3
,"San Diego County, CA","06073","2023","2023","Unintentional","1","Other specified, classifiable Injury","GRINJ-018",14,3269973,0.4,0.2,0.7
,"San Diego County, CA","06073","2023","2023","Unintentional","1","Other specified, not elsewhere classified Injury","GRINJ-019",16,3269973,0.5,0.3,0.8
,"San Diego County, CA","06073","2023","2023","Unintentional","1","Unspecified Injury","GRINJ-020",10,3269973,0.3,0.1,0.6
,"San Diego County, CA","06073","2023","2023","Suicide","2","Cut/Pierce","GRINJ-001",12,3269973,0.4,0.2,0.6
,"San Diego County, CA","06073","2023","2023","Suicide","2","Fall","GRINJ-003",18,3269973,0.6,0.3,0.9
,"San Diego County, CA","06073","2023","2023","Suicide","2","Firearm","GRINJ-006",158,3269973,4.8,4.1,5.6
,"San Diego County, CA","06073","2023","2023","Suicide","2","Poisoning","GRINJ-015",64,3269973,2.0,1.5,2.5
,"San Diego County, CA","06073","2023","2023","Suicide","2","Suffocation","GRINJ-017",94,3269973,2.9,2.3,3.5
,"San Diego County, CA","06073","2023","2023","Homicide","3","Cut/Pierce","GRINJ-001",21,3269973,0.6,0.4,1.0
,"San Diego County, CA","06073","2023","2023","Homicide","3","Firearm","GRINJ-006",50,3269973,1.5,1.1,2.0
,"San Francisco County, CA","06075","2023","2023","Unintentional","1","Drowning","GRINJ-002",11,808988,1.4,0.7,2.4
,"San Francisco County, CA","06075","2023","2023","Unintentional","1","Fall","GRINJ-003",76,808988,9.4,7.4,11.8
,"San Francisco County, CA","06075","2023","2023","Unintentional","1","Motor Vehicle Traffic","GRINJ-008",60,808988,7.4,5.7,9.5
,"San Francisco County, CA","06075","2023","2023","Unintentional","1","Poisoning","GRINJ-015",603,808988,74.5,68.6,80.5
,"San Francisco County, CA","06075","2023","2023","Unintentional","1","Suffocation","GRINJ-017",14,808988,1.7,0.9,2.9
,"San Francisco County, CA","06075","2023","2023","Suicide","2","Fall","GRINJ-003",12,808988,1.5,0.8,2.6
,"San Francisco County, CA","06075","2023","2023","Suicide","2","Firearm","GRINJ-006",12,808988,1.5,0.8,2.6
,"San Francisco County, CA","06075","2023","2023","Suicide","2","Poisoning","GRINJ-015",19,808988,2.3,1.4,3.7
,"San Francisco County, CA","06075","2023","2023","Suicide","2","Suffocation","GRINJ-017",35,808988,4.3,3.0,6.0
,"San Francisco County, CA","06075","2023","2023","Homicide","3","Cut/Pierce","GRINJ-001",10,808988,1.2,0.6,2.3
,"San Francisco County, CA","06075","2023","2023","Homicide","3","Firearm","GRINJ-006",26,808988,3.2,2.1,4.7
,"San Joaquin County, CA","06077","2023","2023","Unintentional","1","Drowning","GRINJ-002",10,800965,1.2,0.6,2.3
,"San Joaquin County, CA","06077","2023","2023","Unintentional","1","Fall","GRINJ-003",45,800965,5.6,4.1,7.5
,"San Joaquin County, CA","06077","2023","2023","Unintentional","1","Motor Vehicle Traffic","GRINJ-008",149,800965,18.6,15.6,21.6
,"San Joaquin County, CA","06077","2023","2023","Unintentional","1","Poisoning","GRINJ-015",249,800965,31.1,27.2,34.9
,"San Joaquin County, CA","06077","2023","2023","Unintentional","1","Suffocation","GRINJ-017",12,800965,1.5,0.8,2.6
,"San Joaquin County, CA","06077","2023","2023","Suicide","2","Firearm","GRINJ-006",46,800965,5.7,4.2,7.7
,"San Joaquin County, CA","06077","2023","2023","Suicide","2","Poisoning","GRINJ-015",12,800965,1.5,0.8,2.6
,"San Joaquin County, CA","06077","2023","2023","Suicide","2","Suffocation","GRINJ-017",25,800965,3.1,2.0,4.6
,"San Joaquin County, CA","06077","2023","2023","Homicide","3","Firearm","GRINJ-006",70,800965,8.7,6.8,11.0
,"San Luis Obispo County, CA","06079","2023","2023","Unintentional","1","Fall","GRINJ-003",33,281639,11.7,8.1,16.5
,"San Luis Obispo County, CA","06079","2023","2023","Unintentional","1","Motor Vehicle Traffic","GRINJ-008",18,281639,6.4,3.8,10.1
,"San Luis Obispo County, CA","06079","2023","2023","Unintentional","1","Poisoning","GRINJ-015",100,281639,35.5,28.5,42.5
,"San Luis Obispo County, CA","06079","2023","2023","Suicide","2","Firearm","GRINJ-006",21,281639,7.5,4.6,11.4
,"San Luis Obispo County, CA","06079","2023","2023","Suicide","2","Suffocation","GRINJ-017",13,281639,4.6,2.5,7.9
,"San Mateo County, CA","06081","2023","2023","Unintentional","1","Drowning","GRINJ-002",12,726353,1.7,0.9,2.9
,"San Mateo County, CA","06081","2023","2023","Unintentional","1","Fall","GRINJ-003",57,726353,7.8,5.9,10.2
,"San Mateo County, CA","06081","2023","2023","Unintentional","1","Motor Vehicle Traffic","GRINJ-008",45,726353,6.2,4.5,8.3
,"San Mateo County, CA","06081","2023","2023","Unintentional","1","Poisoning","GRINJ-015",118,726353,16.2,13.3,19.2
,"San Mateo County, CA","06081","2023","2023","Unintentional","1","Suffocation","GRINJ-017",11,726353,1.5,0.8,2.7
,"San Mateo County, CA","06081","2023","2023","Suicide","2","Firearm","GRINJ-006",20,726353,2.8,1.7,4.3
,"San Mateo County, CA","06081","2023","2023","Suicide","2","Poisoning","GRINJ-015",12,726353,1.7,0.9,2.9
,"San Mateo County, CA","06081","2023","2023","Suicide","2","Suffocation","GRINJ-017",23,726353,3.2,2.0,4.8
,"San Mateo County, CA","06081","2023","2023","Homicide","3","Firearm","GRINJ-006",16,726353,2.2,1.3,3.6
,"Santa Barbara County, CA","06083","2023","2023","Unintentional","1","Fall","GRINJ-003",42,441257,9.5,6.9,12.9
,"Santa Barbara County, CA","06083","2023","2023","Unintentional","1","Motor Vehicle Traffic","GRINJ-008",39,441257,8.8,6.3,12.1
,"Santa Barbara County, CA","06083","2023","2023","Unintentional","1","Poisoning","GRINJ-015",159,441257,36.0,30.4,41.6
,"Santa Barbara County, CA","06083","2023","2023","Suicide","2","Firearm","GRINJ-006",18,441257,4.1,2.4,6.4
,"Santa Barbara County, CA","06083","2023","2023","Suicide","2","Suffocation","GRINJ-017",14,441257,3.2,1.7,5.3
,"Santa Barbara County, CA","06083","2023","2023","Homicide","3","Firearm","GRINJ-006",12,441257,2.7,1.4,4.8
,"Santa Clara County, CA","06085","2023","2023","Unintentional","1","Drowning","GRINJ-002",15,1877592,0.8,0.4,1.3
,"Santa Clara County, CA","06085","2023","2023","Unintentional","1","Fall","GRINJ-003",193,1877592,10.3,8.8,11.7
,"Santa Clara County, CA","06085","2023","2023","Unintentional","1","Motor Vehicle Traffic","GRINJ-008",134,1877592,7.1,5.9,8.3
,"Santa Clara County, CA","06085","2023","2023","Unintentional","1","Poisoning","GRINJ-015",337,1877592,17.9,16.0,19.9
,"Santa Clara County, CA","06085","2023","2023","Unintentional","1","Suffocation","GRINJ-017",15,1877592,0.8,0.4,1.3
,"Santa Clara County, CA","06085","2023","2023","Suicide","2","Cut/Pierce","GRINJ-001",10,1877592,0.5,0.3,1.0
,"Santa Clara County, CA","06085","2023","2023","Suicide","2","Fall","GRINJ-003",13,1877592,0.7,0.4,1.2
,"Santa Clara County, CA","06085","2023","2023","Suicide","2","Firearm","GRINJ-006",39,1877592,2.1,1.5,2.8
,"Santa Clara County, CA","06085","2023","2023","Suicide","2","Poisoning","GRINJ-015",27,1877592,1.4,0.9,2.1
,"Santa Clara County, CA","06085","2023","2023","Suicide","2","Suffocation","GRINJ-017",52,1877592,2.8,2.1,3.6
,"Santa Clara County, CA","06085","2023","2023","Homicide","3","Firearm","GRINJ-006",28,1877592,1.5,1.0,2.2
,"Santa Clara County, CA","06085","2023","2023","Undetermined ","4","Poisoning","GRINJ-015",12,1877592,0.6,0.3,1.1
,"Santa Cruz County, CA","06087","2023","2023","Unintentional","1","Fall","GRINJ-003",47,261547,18.0,13.2,23.9
,"Santa Cruz County, CA","06087","2023","2023","Unintentional","1","Motor Vehicle Traffic","GRINJ-008",38,261547,14.5,10.3,19.9
,"Santa Cruz County, CA","06087","2023","2023","Unintentional","1","Poisoning","GRINJ-015",132,261547,50.5,41.9,59.1
,"Santa Cruz County, CA","06087","2023","2023","Suicide","2","Firearm","GRINJ-006",22,261547,8.4,5.3,12.7
,"Santa Cruz County, CA","06087","2023","2023","Suicide","2","Suffocation","GRINJ-017",11,261547,4.2,2.1,7.5
,"Shasta County, CA","06089","2023","2023","Unintentional","1","Fall","GRINJ-003",19,180366,10.5,6.3,16.5
,"Shasta County, CA","06089","2023","2023","Unintentional","1","Motor Vehicle Traffic","GRINJ-008",26,180366,14.4,9.4,21.1
,"Shasta County, CA","06089","2023","2023","Unintentional","1","Poisoning","GRINJ-015",84,180366,46.6,37.1,57.7
,"Shasta County, CA","06089","2023","2023","Unintentional","1","Suffocation","GRINJ-017",12,180366,6.7,3.4,11.6
,"Shasta County, CA","06089","2023","2023","Unintentional","1","Unspecified Injury","GRINJ-020",11,180366,6.1,3.0,10.9
,"Shasta County, CA","06089","2023","2023","Suicide","2","Firearm","GRINJ-006",14,180366,7.8,4.2,13.0
,"Shasta County, CA","06089","2023","2023","Suicide","2","Suffocation","GRINJ-017",12,180366,6.7,3.4,11.6
,"Siskiyou County, CA","06093","2023","2023","Unintentional","1","Motor Vehicle Traffic","GRINJ-008",18,42905,42.0,24.9,66.3
,"Siskiyou County, CA","06093","2023","2023","Unintentional","1","Poisoning","GRINJ-015",16,42905,37.3,21.3,60.6
,"Solano County, CA","06095","2023","2023","Unintentional","1","Fall","GRINJ-003",28,449218,6.2,4.1,9.0
,"Solano County, CA","06095","2023","2023","Unintentional","1","Motor Vehicle Traffic","GRINJ-008",50,449218,11.1,8.3,14.7
,"Solano County, CA","06095","2023","2023","Unintentional","1","Poisoning","GRINJ-015",143,449218,31.8,26.6,37.1
,"Solano County, CA","06095","2023","2023","Unintentional","1","Suffocation","GRINJ-017",16,449218,3.6,2.0,5.8
,"Solano County, CA","06095","2023","2023","Unintentional","1","Unspecified Injury","GRINJ-020",10,449218,2.2,1.1,4.1
,"Solano County, CA","06095","2023","2023","Suicide","2","Firearm","GRINJ-006",22,449218,4.9,3.1,7.4
,"Solano County, CA","06095","2023","2023","Suicide","2","Suffocation","GRINJ-017",21,449218,4.7,2.9,7.1
,"Solano County, CA","06095","2023","2023","Homicide","3","Firearm","GRINJ-006",25,449218,5.6,3.6,8.2
,"Sonoma County, CA","06097","2023","2023","Unintentional","1","Fall","GRINJ-003",34,481812,7.1,4.9,9.9
,"Sonoma County, CA","06097","2023","2023","Unintentional","1","Motor Vehicle Traffic","GRINJ-008",37,481812,7.7,5.4,10.6
,"Sonoma County, CA","06097","2023","2023","Unintentional","1","Poisoning","GRINJ-015",134,481812,27.8,23.1,32.5
,"Sonoma County, CA","06097","2023","2023","Suicide","2","Firearm","GRINJ-006",30,481812,6.2,4.2,8.9
,"Sonoma County, CA","06097","2023","2023","Suicide","2","Poisoning","GRINJ-015",10,481812,2.1,1.0,3.8
,"Sonoma County, CA","06097","2023","2023","Suicide","2","Suffocation","GRINJ-017",28,481812,5.8,3.9,8.4
,"Stanislaus County, CA","06099","2023","2023","Unintentional","1","Fall","GRINJ-003",30,551430,5.4,3.7,7.8
,"Stanislaus County, CA","06099","2023","2023","Unintentional","1","Motor Vehicle Traffic","GRINJ-008",102,551430,18.5,14.9,22.1
,"Stanislaus County, CA","06099","2023","2023","Unintentional","1","Poisoning","GRINJ-015",189,551430,34.3,29.4,39.2
,"Stanislaus County, CA","06099","2023","2023","Suicide","2","Firearm","GRINJ-006",29,551430,5.3,3.5,7.6
,"Stanislaus County, CA","06099","2023","2023","Suicide","2","Suffocation","GRINJ-017",20,551430,3.6,2.2,5.6
,"Stanislaus County, CA","06099","2023","2023","Homicide","3","Firearm","GRINJ-006",13,551430,2.4,1.3,4.0
,"Sutter County, CA","06101","2023","2023","Unintentional","1","Motor Vehicle Traffic","GRINJ-008",19,97948,19.4,11.7,30.3
,"Sutter County, CA","06101","2023","2023","Unintentional","1","Poisoning","GRINJ-015",23,97948,23.5,14.9,35.2
,"Tehama County, CA","06103","2023","2023","Unintentional","1","Poisoning","GRINJ-015",39,64896,60.1,42.7,82.2
,"Tehama County, CA","06103","2023","2023","Suicide","2","Firearm","GRINJ-006",10,64896,15.4,7.4,28.3
,"Tulare County, CA","06107","2023","2023","Unintentional","1","Fall","GRINJ-003",28,479468,5.8,3.9,8.4
,"Tulare County, CA","06107","2023","2023","Unintentional","1","Motor Vehicle Traffic","GRINJ-008",85,479468,17.7,14.2,21.9
,"Tulare County, CA","06107","2023","2023","Unintentional","1","Poisoning","GRINJ-015",118,479468,24.6,20.2,29.1
,"Tulare County, CA","06107","2023","2023","Suicide","2","Firearm","GRINJ-006",29,479468,6.0,4.1,8.7
,"Tulare County, CA","06107","2023","2023","Suicide","2","Suffocation","GRINJ-017",27,479468,5.6,3.7,8.2
,"Tulare County, CA","06107","2023","2023","Homicide","3","Firearm","GRINJ-006",24,479468,5.0,3.2,7.4
,"Tuolumne County, CA","06109","2023","2023","Unintentional","1","Motor Vehicle Traffic","GRINJ-008",11,54204,20.3,10.1,36.3
,"Tuolumne County, CA","06109","2023","2023","Unintentional","1","Poisoning","GRINJ-015",21,54204,38.7,24.0,59.2
,"Ventura County, CA","06111","2023","2023","Unintentional","1","Drowning","GRINJ-002",10,829590,1.2,0.6,2.2
,"Ventura County, CA","06111","2023","2023","Unintentional","1","Fall","GRINJ-003",111,829590,13.4,10.9,15.9
,"Ventura County, CA","06111","2023","2023","Unintentional","1","Motor Vehicle Traffic","GRINJ-008",91,829590,11.0,8.8,13.5
,"Ventura County, CA","06111","2023","2023","Unintentional","1","Poisoning","GRINJ-015",249,829590,30.0,26.3,33.7
,"Ventura County, CA","06111","2023","2023","Unintentional","1","Suffocation","GRINJ-017",13,829590,1.6,0.8,2.7
,"Ventura County, CA","06111","2023","2023","Suicide","2","Firearm","GRINJ-006",50,829590,6.0,4.5,7.9
,"Ventura County, CA","06111","2023","2023","Suicide","2","Poisoning","GRINJ-015",20,829590,2.4,1.5,3.7
,"Ventura County, CA","06111","2023","2023","Suicide","2","Suffocation","GRINJ-017",25,829590,3.0,2.0,4.4
,"Ventura County, CA","06111","2023","2023","Homicide","3","Firearm","GRINJ-006",12,829590,1.4,0.7,2.5
,"Yolo County, CA","06113","2023","2023","Unintentional","1","Fall","GRINJ-003",19,220544,8.6,5.2,13.5
,"Yolo County, CA","06113","2023","2023","Unintentional","1","Motor Vehicle Traffic","GRINJ-008",24,220544,10.9,7.0,16.2
,"Yolo County, CA","06113","2023","2023","Unintentional","1","Poisoning","GRINJ-015",42,220544,19.0,13.7,25.7
,"Yuba County, CA","06115","2023","2023","Unintentional","1","Motor Vehicle Traffic","GRINJ-008",25,85722,29.2,18.9,43.1
,"Yuba County, CA","06115","2023","2023","Unintentional","1","Poisoning","GRINJ-015",31,85722,36.2,24.6,51.3
,"Adams County, CO","08001","2023","2023","Unintentional","1","Fall","GRINJ-003",82,533365,15.4,12.2,19.1
,"Adams County, CO","08001","2023","2023","Unintentional","1","Motor Vehicle Traffic","GRINJ-008",67,533365,12.6,9.7,16.0
,"Adams County, CO","08001","2023","2023","Unintentional","1","Poisoning","GRINJ-015",168,533365,31.5,26.7,36.3
,"Adams County, CO","08001","2023","2023","Unintentional","1","Suffocation","GRINJ-017",10,533365,1.9,0.9,3.4
,"Adams County, CO","08001","2023","2023","Suicide","2","Firearm","GRINJ-006",43,533365,8.1,5.8,10.9
,"Adams County, CO","08001","2023","2023","Suicide","2","Poisoning","GRINJ-015",16,533365,3.0,1.7,4.9
,"Adams County, CO","08001","2023","2023","Suicide","2","Suffocation","GRINJ-017",26,533365,4.9,3.2,7.1
,"Adams County, CO","08001","2023","2023","Homicide","3","Firearm","GRINJ-006",30,533365,5.6,3.8,8.0
,"Arapahoe County, CO","08005","2023","2023","Unintentional","1","Fall","GRINJ-003",107,656061,16.3,13.2,19.4
,"Arapahoe County, CO","08005","2023","2023","Unintentional","1","Motor Vehicle Traffic","GRINJ-008",86,656061,13.1,10.5,16.2
,"Arapahoe County, CO","08005","2023","2023","Unintentional","1","Poisoning","GRINJ-015",165,656061,25.2,21.3,29.0
,"Arapahoe County, CO","08005","2023","2023","Unintentional","1","Suffocation","GRINJ-017",16,656061,2.4,1.4,4.0
,"Arapahoe County, CO","08005","2023","2023","Unintentional","1","Unspecified Injury","GRINJ-020",15,656061,2.3,1.3,3.8
,"Arapahoe County, CO","08005","2023","2023","Suicide","2","Firearm","GRINJ-006",67,656061,10.2,7.9,13.0
,"Arapahoe County, CO","08005","2023","2023","Suicide","2","Poisoning","GRINJ-015",25,656061,3.8,2.5,5.6
,"Arapahoe County, CO","08005","2023","2023","Suicide","2","Suffocation","GRINJ-017",30,656061,4.6,3.1,6.5
,"Arapahoe County, CO","08005","2023","2023","Homicide","3","Firearm","GRINJ-006",35,656061,5.3,3.7,7.4
,"Boulder County, CO","08013","2023","2023","Unintentional","1","Fall","GRINJ-003",63,326831,19.3,14.8,24.7
,"Boulder County, CO","08013","2023","2023","Unintentional","1","Motor Vehicle Traffic","GRINJ-008",27,326831,8.3,5.4,12.0
,"Boulder County, CO","08013","2023","2023","Unintentional","1","Poisoning","GRINJ-015",49,326831,15.0,11.1,19.8
,"Boulder County, CO","08013","2023","2023","Unintentional","1","Suffocation","GRINJ-017",10,326831,3.1,1.5,5.6
,"Boulder County, CO","08013","2023","2023","Suicide","2","Firearm","GRINJ-006",30,326831,9.2,6.2,13.1
,"Boulder County, CO","08013","2023","2023","Suicide","2","Poisoning","GRINJ-015",14,326831,4.3,2.3,7.2
,"Boulder County, CO","08013","2023","2023","Suicide","2","Suffocation","GRINJ-017",18,326831,5.5,3.3,8.7
,"Broomfield County, CO","08014","2023","2023","Unintentional","1","Fall","GRINJ-003",13,76860,16.9,9.0,28.9
,"Delta County, CO","08029","2023","2023","Unintentional","1","Fall","GRINJ-003",10,31746,31.5,15.1,57.9
,"Denver County, CO","08031","2023","2023","Unintentional","1","Fall","GRINJ-003",134,716577,18.7,15.5,21.9
,"Denver County, CO","08031","2023","2023","Unintentional","1","Motor Vehicle Traffic","GRINJ-008",90,716577,12.6,10.1,15.4
,"Denver County, CO","08031","2023","2023","Unintentional","1","Poisoning","GRINJ-015",323,716577,45.1,40.2,50.0
,"Denver County, CO","08031","2023","2023","Unintentional","1","Suffocation","GRINJ-017",17,716577,2.4,1.4,3.8
,"Denver County, CO","08031","2023","2023","Unintentional","1","Other specified, not elsewhere classified Injury","GRINJ-019",12,716577,1.7,0.9,2.9
,"Denver County, CO","08031","2023","2023","Unintentional","1","Unspecified Injury","GRINJ-020",10,716577,1.4,0.7,2.6
,"Denver County, CO","08031","2023","2023","Suicide","2","Fall","GRINJ-003",13,716577,1.8,1.0,3.1
,"Denver County, CO","08031","2023","2023","Suicide","2","Firearm","GRINJ-006",80,716577,11.2,8.9,13.9
,"Denver County, CO","08031","2023","2023","Suicide","2","Poisoning","GRINJ-015",30,716577,4.2,2.8,6.0
,"Denver County, CO","08031","2023","2023","Suicide","2","Suffocation","GRINJ-017",32,716577,4.5,3.1,6.3
,"Denver County, CO","08031","2023","2023","Homicide","3","Cut/Pierce","GRINJ-001",10,716577,1.4,0.7,2.6
,"Denver County, CO","08031","2023","2023","Homicide","3","Firearm","GRINJ-006",57,716577,8.0,6.0,10.3
,"Denver County, CO","08031","2023","2023","Undetermined ","4","Poisoning","GRINJ-015",12,716577,1.7,0.9,2.9
,"Douglas County, CO","08035","2023","2023","Unintentional","1","Fall","GRINJ-003",70,383906,18.2,14.2,23.0
,"Douglas County, CO","08035","2023","2023","Unintentional","1","Motor Vehicle Traffic","GRINJ-008",16,383906,4.2,2.4,6.8
,"Douglas County, CO","08035","2023","2023","Unintentional","1","Poisoning","GRINJ-015",41,383906,10.7,7.7,14.5
,"Douglas County, CO","08035","2023","2023","Unintentional","1","Suffocation","GRINJ-017",10,383906,2.6,1.2,4.8
,"Douglas County, CO","08035","2023","2023","Suicide","2","Firearm","GRINJ-006",37,383906,9.6,6.8,13.3
,"Douglas County, CO","08035","2023","2023","Suicide","2","Poisoning","GRINJ-015",14,383906,3.6,2.0,6.1
,"Douglas County, CO","08035","2023","2023","Suicide","2","Suffocation","GRINJ-017",12,383906,3.1,1.6,5.5
,"El Paso County, CO","08041","2023","2023","Unintentional","1","Drowning","GRINJ-002",16,744215,2.1,1.2,3.5
,"El Paso County, CO","08041","2023","2023","Unintentional","1","Fall","GRINJ-003",88,744215,11.8,9.5,14.6
,"El Paso County, CO","08041","2023","2023","Unintentional","1","Motor Vehicle Traffic","GRINJ-008",131,744215,17.6,14.6,20.6
,"El Paso County, CO","08041","2023","2023","Unintentional","1","Natural/Environmental","GRINJ-013",21,744215,2.8,1.7,4.3
,"El Paso County, CO","08041","2023","2023","Unintentional","1","Poisoning","GRINJ-015",418,744215,56.2,50.8,61.6
,"El Paso County, CO","08041","2023","2023","Unintentional","1","Suffocation","GRINJ-017",15,744215,2.0,1.1,3.3
,"El Paso County, CO","08041","2023","2023","Unintentional","1","Unspecified Injury","GRINJ-020",13,744215,1.7,0.9,3.0
,"El Paso County, CO","08041","2023","2023","Suicide","2","Firearm","GRINJ-006",128,744215,17.2,14.2,20.2
,"El Paso County, CO","08041","2023","2023","Suicide","2","Poisoning","GRINJ-015",25,744215,3.4,2.2,5.0
,"El Paso County, CO","08041","2023","2023","Suicide","2","Suffocation","GRINJ-017",52,744215,7.0,5.2,9.2
,"El Paso County, CO","08041","2023","2023","Homicide","3","Firearm","GRINJ-006",39,744215,5.2,3.7,7.2
,"Fremont County, CO","08043","2023","2023","Unintentional","1","Fall","GRINJ-003",15,50318,29.8,16.7,49.2
,"Fremont County, CO","08043","2023","2023","Unintentional","1","Poisoning","GRINJ-015",13,50318,25.8,13.8,44.2
,"Fremont County, CO","08043","2023","2023","Suicide","2","Firearm","GRINJ-006",11,50318,21.9,10.9,39.1
,"Garfield County, CO","08045","2023","2023","Unintentional","1","Fall","GRINJ-003",13,62707,20.7,11.0,35.5
,"Garfield County, CO","08045","2023","2023","Unintentional","1","Motor Vehicle Traffic","GRINJ-008",10,62707,15.9,7.6,29.3
,"Jefferson County, CO","08059","2023","2023","Unintentional","1","Fall","GRINJ-003",178,576366,30.9,26.3,35.4
,"Jefferson County, CO","08059","2023","2023","Unintentional","1","Motor Vehicle Traffic","GRINJ-008",45,576366,7.8,5.7,10.4
,"Jefferson County, CO","08059","2023","2023","Unintentional","1","Natural/Environmental","GRINJ-013",13,576366,2.3,1.2,3.9
,"Jefferson County, CO","08059","2023","2023","Unintentional","1","Poisoning","GRINJ-015",147,576366,25.5,21.4,29.6
,"Jefferson County, CO","08059","2023","2023","Unintentional","1","Unspecified Injury","GRINJ-020",11,576366,1.9,1.0,3.4
,"Jefferson County, CO","08059","2023","2023","Suicide","2","Firearm","GRINJ-006",61,576366,10.6,8.1,13.6
,"Jefferson County, CO","08059","2023","2023","Suicide","2","Poisoning","GRINJ-015",17,576366,2.9,1.7,4.7
,"Jefferson County, CO","08059","2023","2023","Suicide","2","Suffocation","GRINJ-017",24,576366,4.2,2.7,6.2
,"Jefferson County, CO","08059","2023","2023","Homicide","3","Firearm","GRINJ-006",20,576366,3.5,2.1,5.4
,"La Plata County, CO","08067","2023","2023","Unintentional","1","Poisoning","GRINJ-015",15,56407,26.6,14.9,43.9
,"Larimer County, CO","08069","2023","2023","Unintentional","1","Fall","GRINJ-003",61,370771,16.5,12.6,21.1
,"Larimer County, CO","08069","2023","2023","Unintentional","1","Motor Vehicle Traffic","GRINJ-008",52,370771,14.0,10.5,18.4
,"Larimer County, CO","08069","2023","2023","Unintentional","1","Poisoning","GRINJ-015",60,370771,16.2,12.3,20.8
,"Larimer County, CO","08069","2023","2023","Suicide","2","Firearm","GRINJ-006",35,370771,9.4,6.6,13.1
,"Larimer County, CO","08069","2023","2023","Suicide","2","Poisoning","GRINJ-015",11,370771,3.0,1.5,5.3
,"Larimer County, CO","08069","2023","2023","Suicide","2","Suffocation","GRINJ-017",11,370771,3.0,1.5,5.3
,"Mesa County, CO","08077","2023","2023","Unintentional","1","Fall","GRINJ-003",42,159681,26.3,19.0,35.6
,"Mesa County, CO","08077","2023","2023","Unintentional","1","Motor Vehicle Traffic","GRINJ-008",25,159681,15.7,10.1,23.1
,"Mesa County, CO","08077","2023","2023","Unintentional","1","Poisoning","GRINJ-015",37,159681,23.2,16.3,31.9
,"Mesa County, CO","08077","2023","2023","Unintentional","1","Unspecified Injury","GRINJ-020",12,159681,7.5,3.9,13.1
,"Mesa County, CO","08077","2023","2023","Suicide","2","Firearm","GRINJ-006",29,159681,18.2,12.2,26.1
,"Montezuma County, CO","08083","2023","2023","Unintentional","1","Poisoning","GRINJ-015",13,26531,49.0,26.1,83.8
,"Montrose County, CO","08085","2023","2023","Unintentional","1","Fall","GRINJ-003",12,44156,27.2,14.0,47.5
,"Montrose County, CO","08085","2023","2023","Unintentional","1","Motor Vehicle Traffic","GRINJ-008",12,44156,27.2,14.0,47.5
,"Montrose County, CO","08085","2023","2023","Suicide","2","Firearm","GRINJ-006",12,44156,27.2,14.0,47.5
,"Otero County, CO","08089","2023","2023","Unintentional","1","Poisoning","GRINJ-015",12,18136,66.2,34.2,115.6
,"Pueblo County, CO","08101","2023","2023","Unintentional","1","Fall","GRINJ-003",25,169422,14.8,9.5,21.8
,"Pueblo County, CO","08101","2023","2023","Unintentional","1","Motor Vehicle Traffic","GRINJ-008",35,169422,20.7,14.4,28.7
,"Pueblo County, CO","08101","2023","2023","Unintentional","1","Poisoning","GRINJ-015",67,169422,39.5,30.6,50.2
,"Pueblo County, CO","08101","2023","2023","Suicide","2","Firearm","GRINJ-006",26,169422,15.3,10.0,22.5
,"Pueblo County, CO","08101","2023","2023","Suicide","2","Suffocation","GRINJ-017",13,169422,7.7,4.1,13.1
,"Pueblo County, CO","08101","2023","2023","Homicide","3","Firearm","GRINJ-006",27,169422,15.9,10.5,23.2
,"Weld County, CO","08123","2023","2023","Unintentional","1","Fall","GRINJ-003",69,359442,19.2,14.9,24.3
,"Weld County, CO","08123","2023","2023","Unintentional","1","Motor Vehicle Traffic","GRINJ-008",62,359442,17.2,13.2,22.1
,"Weld County, CO","08123","2023","2023","Unintentional","1","Poisoning","GRINJ-015",53,359442,14.7,11.0,19.3
,"Weld County, CO","08123","2023","2023","Unintentional","1","Suffocation","GRINJ-017",11,359442,3.1,1.5,5.5
,"Weld County, CO","08123","2023","2023","Suicide","2","Firearm","GRINJ-006",41,359442,11.4,8.2,15.5
,"Weld County, CO","08123","2023","2023","Suicide","2","Poisoning","GRINJ-015",10,359442,2.8,1.3,5.1
,"Fairfield County, CT","09001","2023","2023","Unintentional","1","Fall","GRINJ-003",114,Not Available,Not Available,Not Available,Not Available
,"Fairfield County, CT","09001","2023","2023","Unintentional","1","Motor Vehicle Traffic","GRINJ-008",64,Not Available,Not Available,Not Available,Not Available
,"Fairfield County, CT","09001","2023","2023","Unintentional","1","Poisoning","GRINJ-015",251,Not Available,Not Available,Not Available,Not Available
,"Fairfield County, CT","09001","2023","2023","Unintentional","1","Suffocation","GRINJ-017",14,Not Available,Not Available,Not Available,Not Available
,"Fairfield County, CT","09001","2023","2023","Suicide","2","Firearm","GRINJ-006",17,Not Available,Not Available,Not Available,Not Available
,"Fairfield County, CT","09001","2023","2023","Suicide","2","Poisoning","GRINJ-015",17,Not Available,Not Available,Not Available,Not Available
,"Fairfield County, CT","09001","2023","2023","Suicide","2","Suffocation","GRINJ-017",25,Not Available,Not Available,Not Available,Not Available
,"Fairfield County, CT","09001","2023","2023","Homicide","3","Firearm","GRINJ-006",15,Not Available,Not Available,Not Available,Not Available
,"Hartford County, CT","09003","2023","2023","Unintentional","1","Fall","GRINJ-003",137,Not Available,Not Available,Not Available,Not Available
,"Hartford County, CT","09003","2023","2023","Unintentional","1","Fire/Flame","GRINJ-004",13,Not Available,Not Available,Not Available,Not Available
,"Hartford County, CT","09003","2023","2023","Unintentional","1","Motor Vehicle Traffic","GRINJ-008",73,Not Available,Not Available,Not Available,Not Available
,"Hartford County, CT","09003","2023","2023","Unintentional","1","Poisoning","GRINJ-015",351,Not Available,Not Available,Not Available,Not Available
,"Hartford County, CT","09003","2023","2023","Unintentional","1","Suffocation","GRINJ-017",13,Not Available,Not Available,Not Available,Not Available
,"Hartford County, CT","09003","2023","2023","Suicide","2","Firearm","GRINJ-006",25,Not Available,Not Available,Not Available,Not Available
,"Hartford County, CT","09003","2023","2023","Suicide","2","Poisoning","GRINJ-015",22,Not Available,Not Available,Not Available,Not Available
,"Hartford County, CT","09003","2023","2023","Suicide","2","Suffocation","GRINJ-017",26,Not Available,Not Available,Not Available,Not Available
,"Hartford County, CT","09003","2023","2023","Homicide","3","Firearm","GRINJ-006",38,Not Available,Not Available,Not Available,Not Available
,"Litchfield County, CT","09005","2023","2023","Unintentional","1","Fall","GRINJ-003",19,Not Available,Not Available,Not Available,Not Available
,"Litchfield County, CT","09005","2023","2023","Unintentional","1","Motor Vehicle Traffic","GRINJ-008",23,Not Available,Not Available,Not Available,Not Available
,"Litchfield County, CT","09005","2023","2023","Unintentional","1","Poisoning","GRINJ-015",53,Not Available,Not Available,Not Available,Not Available
,"Litchfield County, CT","09005","2023","2023","Suicide","2","Suffocation","GRINJ-017",10,Not Available,Not Available,Not Available,Not Available
,"Middlesex County, CT","09007","2023","2023","Unintentional","1","Fall","GRINJ-003",39,Not Available,Not Available,Not Available,Not Available
,"Middlesex County, CT","09007","2023","2023","Unintentional","1","Motor Vehicle Traffic","GRINJ-008",12,Not Available,Not Available,Not Available,Not Available
,"Middlesex County, CT","09007","2023","2023","Unintentional","1","Poisoning","GRINJ-015",48,Not Available,Not Available,Not Available,Not Available
,"New Haven County, CT","09009","2023","2023","Unintentional","1","Fall","GRINJ-003",104,Not Available,Not Available,Not Available,Not Available
,"New Haven County, CT","09009","2023","2023","Unintentional","1","Motor Vehicle Traffic","GRINJ-008",85,Not Available,Not Available,Not Available,Not Available
,"New Haven County, CT","09009","2023","2023","Unintentional","1","Poisoning","GRINJ-015",416,Not Available,Not Available,Not Available,Not Available
,"New Haven County, CT","09009","2023","2023","Unintentional","1","Suffocation","GRINJ-017",14,Not Available,Not Available,Not Available,Not Available
,"New Haven County, CT","09009","2023","2023","Suicide","2","Firearm","GRINJ-006",39,Not Available,Not Available,Not Available,Not Available
,"New Haven County, CT","09009","2023","2023","Suicide","2","Poisoning","GRINJ-015",12,Not Available,Not Available,Not Available,Not Available
,"New Haven County, CT","09009","2023","2023","Suicide","2","Suffocation","GRINJ-017",29,Not Available,Not Available,Not Available,Not Available
,"New Haven County, CT","09009","2023","2023","Homicide","3","Firearm","GRINJ-006",44,Not Available,Not Available,Not Available,Not Available
,"New London County, CT","09011","2023","2023","Unintentional","1","Fall","GRINJ-003",41,Not Available,Not Available,Not Available,Not Available
,"New London County, CT","09011","2023","2023","Unintentional","1","Motor Vehicle Traffic","GRINJ-008",35,Not Available,Not Available,Not Available,Not Available
,"New London County, CT","09011","2023","2023","Unintentional","1","Poisoning","GRINJ-015",80,Not Available,Not Available,Not Available,Not Available
,"New London County, CT","09011","2023","2023","Suicide","2","Suffocation","GRINJ-017",11,Not Available,Not Available,Not Available,Not Available
,"Tolland County, CT","09013","2023","2023","Unintentional","1","Fall","GRINJ-003",13,Not Available,Not Available,Not Available,Not Available
,"Tolland County, CT","09013","2023","2023","Unintentional","1","Motor Vehicle Traffic","GRINJ-008",12,Not Available,Not Available,Not Available,Not Available
,"Tolland County, CT","09013","2023","2023","Unintentional","1","Poisoning","GRINJ-015",27,Not Available,Not Available,Not Available,Not Available
,"Windham County, CT","09015","2023","2023","Unintentional","1","Fall","GRINJ-003",18,Not Available,Not Available,Not Available,Not Available
,"Windham County, CT","09015","2023","2023","Unintentional","1","Motor Vehicle Traffic","GRINJ-008",17,Not Available,Not Available,Not Available,Not Available
,"Windham County, CT","09015","2023","2023","Unintentional","1","Poisoning","GRINJ-015",41,Not Available,Not Available,Not Available,Not Available
,"Kent County, DE","10001","2023","2023","Unintentional","1","Fall","GRINJ-003",15,189789,7.9,4.4,13.0
,"Kent County, DE","10001","2023","2023","Unintentional","1","Motor Vehicle Traffic","GRINJ-008",33,189789,17.4,12.0,24.4
,"Kent County, DE","10001","2023","2023","Unintentional","1","Poisoning","GRINJ-015",102,189789,53.7,43.3,64.2
,"Kent County, DE","10001","2023","2023","Suicide","2","Firearm","GRINJ-006",16,189789,8.4,4.8,13.7
,"New Castle County, DE","10003","2023","2023","Unintentional","1","Fall","GRINJ-003",73,578592,12.6,9.9,15.9
,"New Castle County, DE","10003","2023","2023","Unintentional","1","Motor Vehicle Traffic","GRINJ-008",63,578592,10.9,8.4,13.9
,"New Castle County, DE","10003","2023","2023","Unintentional","1","Poisoning","GRINJ-015",277,578592,47.9,42.2,53.5
,"New Castle County, DE","10003","2023","2023","Unintentional","1","Suffocation","GRINJ-017",10,578592,1.7,0.8,3.2
,"New Castle County, DE","10003","2023","2023","Suicide","2","Firearm","GRINJ-006",36,578592,6.2,4.4,8.6
,"New Castle County, DE","10003","2023","2023","Suicide","2","Poisoning","GRINJ-015",14,578592,2.4,1.3,4.1
,"New Castle County, DE","10003","2023","2023","Suicide","2","Suffocation","GRINJ-017",17,578592,2.9,1.7,4.7
,"New Castle County, DE","10003","2023","2023","Homicide","3","Firearm","GRINJ-006",26,578592,4.5,2.9,6.6
,"Sussex County, DE","10005","2023","2023","Unintentional","1","Fall","GRINJ-003",37,263509,14.0,9.9,19.4
,"Sussex County, DE","10005","2023","2023","Unintentional","1","Motor Vehicle Traffic","GRINJ-008",51,263509,19.4,14.4,25.4
,"Sussex County, DE","10005","2023","2023","Unintentional","1","Poisoning","GRINJ-015",128,263509,48.6,40.2,57.0
,"Sussex County, DE","10005","2023","2023","Suicide","2","Firearm","GRINJ-006",24,263509,9.1,5.8,13.6
,"Sussex County, DE","10005","2023","2023","Suicide","2","Suffocation","GRINJ-017",13,263509,4.9,2.6,8.4
,"District of Columbia, DC","11001","2023","2023","Unintentional","1","Fall","GRINJ-003",61,678972,9.0,6.9,11.5
,"District of Columbia, DC","11001","2023","2023","Unintentional","1","Motor Vehicle Traffic","GRINJ-008",55,678972,8.1,6.1,10.5
,"District of Columbia, DC","11001","2023","2023","Unintentional","1","Poisoning","GRINJ-015",419,678972,61.7,55.8,67.6
,"District of Columbia, DC","11001","2023","2023","Unintentional","1","Suffocation","GRINJ-017",30,678972,4.4,3.0,6.3
,"District of Columbia, DC","11001","2023","2023","Suicide","2","Firearm","GRINJ-006",10,678972,1.5,0.7,2.7
,"District of Columbia, DC","11001","2023","2023","Suicide","2","Suffocation","GRINJ-017",14,678972,2.1,1.1,3.5
,"District of Columbia, DC","11001","2023","2023","Homicide","3","Cut/Pierce","GRINJ-001",13,678972,1.9,1.0,3.3
,"District of Columbia, DC","11001","2023","2023","Homicide","3","Firearm","GRINJ-006",211,678972,31.1,26.9,35.3
,"District of Columbia, DC","11001","2023","2023","Homicide","3","Other specified, not elsewhere classified Injury","GRINJ-019",10,678972,1.5,0.7,2.7
,"District of Columbia, DC","11001","2023","2023","Undetermined ","4","Poisoning","GRINJ-015",13,678972,1.9,1.0,3.3
,"Alachua County, FL","12001","2023","2023","Unintentional","1","Fall","GRINJ-003",49,285994,17.1,12.7,22.7
,"Alachua County, FL","12001","2023","2023","Unintentional","1","Motor Vehicle Traffic","GRINJ-008",46,285994,16.1,11.8,21.5
,"Alachua County, FL","12001","2023","2023","Unintentional","1","Poisoning","GRINJ-015",48,285994,16.8,12.4,22.3
,"Alachua County, FL","12001","2023","2023","Suicide","2","Firearm","GRINJ-006",30,285994,10.5,7.1,15.0
,"Baker County, FL","12003","2023","2023","Unintentional","1","Poisoning","GRINJ-015",10,28368,35.3,16.9,64.8
,"Bay County, FL","12005","2023","2023","Unintentional","1","Fall","GRINJ-003",19,190769,10.0,6.0,15.6
,"Bay County, FL","12005","2023","2023","Unintentional","1","Motor Vehicle Traffic","GRINJ-008",31,190769,16.3,11.0,23.1
,"Bay County, FL","12005","2023","2023","Unintentional","1","Poisoning","GRINJ-015",60,190769,31.5,24.0,40.5
,"Bay County, FL","12005","2023","2023","Suicide","2","Firearm","GRINJ-006",20,190769,10.5,6.4,16.2
,"Bay County, FL","12005","2023","2023","Homicide","3","Firearm","GRINJ-006",10,190769,5.2,2.5,9.6
,"Brevard County, FL","12009","2023","2023","Unintentional","1","Drowning","GRINJ-002",13,643979,2.0,1.1,3.5
,"Brevard County, FL","12009","2023","2023","Unintentional","1","Fall","GRINJ-003",170,643979,26.4,22.4,30.4
,"Brevard County, FL","12009","2023","2023","Unintentional","1","Motor Vehicle Traffic","GRINJ-008",100,643979,15.5,12.5,18.6
,"Brevard County, FL","12009","2023","2023","Unintentional","1","Poisoning","GRINJ-015",252,643979,39.1,34.3,44.0
,"Brevard County, FL","12009","2023","2023","Unintentional","1","Suffocation","GRINJ-017",10,643979,1.6,0.7,2.9
,"Brevard County, FL","12009","2023","2023","Suicide","2","Firearm","GRINJ-006",88,643979,13.7,11.0,16.8
,"Brevard County, FL","12009","2023","2023","Suicide","2","Poisoning","GRINJ-015",26,643979,4.0,2.6,5.9
,"Brevard County, FL","12009","2023","2023","Suicide","2","Suffocation","GRINJ-017",21,643979,3.3,2.0,5.0
,"Brevard County, FL","12009","2023","2023","Homicide","3","Firearm","GRINJ-006",30,643979,4.7,3.1,6.7
,"Brevard County, FL","12009","2023","2023","Undetermined ","4","Poisoning","GRINJ-015",23,643979,3.6,2.3,5.4
,"Broward County, FL","12011","2023","2023","Unintentional","1","Drowning","GRINJ-002",43,1962531,2.2,1.6,3.0
,"Broward County, FL","12011","2023","2023","Unintentional","1","Fall","GRINJ-003",240,1962531,12.2,10.7,13.8
,"Broward County, FL","12011","2023","2023","Unintentional","1","Motor Vehicle Traffic","GRINJ-008",265,1962531,13.5,11.9,15.1
,"Broward County, FL","12011","2023","2023","Unintentional","1","Poisoning","GRINJ-015",539,1962531,27.5,25.1,29.8
,"Broward County, FL","12011","2023","2023","Unintentional","1","Suffocation","GRINJ-017",28,1962531,1.4,0.9,2.1
,"Broward County, FL","12011","2023","2023","Unintentional","1","Other specified, classifiable Injury","GRINJ-018",11,1962531,0.6,0.3,1.0
,"Broward County, FL","12011","2023","2023","Suicide","2","Fall","GRINJ-003",15,1962531,0.8,0.4,1.3
,"Broward County, FL","12011","2023","2023","Suicide","2","Firearm","GRINJ-006",116,1962531,5.9,4.8,7.0
,"Broward County, FL","12011","2023","2023","Suicide","2","Poisoning","GRINJ-015",25,1962531,1.3,0.8,1.9
,"Broward County, FL","12011","2023","2023","Suicide","2","Suffocation","GRINJ-017",39,1962531,2.0,1.4,2.7
,"Broward County, FL","12011","2023","2023","Homicide","3","Firearm","GRINJ-006",131,1962531,6.7,5.5,7.8
,"Charlotte County, FL","12015","2023","2023","Unintentional","1","Drowning","GRINJ-002",11,206134,5.3,2.7,9.5
,"Charlotte County, FL","12015","2023","2023","Unintentional","1","Fall","GRINJ-003",62,206134,30.1,23.1,38.6
,"Charlotte County, FL","12015","2023","2023","Unintentional","1","Motor Vehicle Traffic","GRINJ-008",47,206134,22.8,16.8,30.3
,"Charlotte County, FL","12015","2023","2023","Unintentional","1","Poisoning","GRINJ-015",58,206134,28.1,21.4,36.4
,"Charlotte County, FL","12015","2023","2023","Suicide","2","Firearm","GRINJ-006",37,206134,17.9,12.6,24.7
,"Citrus County, FL","12017","2023","2023","Unintentional","1","Fall","GRINJ-003",53,166696,31.8,23.8,41.6
,"Citrus County, FL","12017","2023","2023","Unintentional","1","Motor Vehicle Traffic","GRINJ-008",37,166696,22.2,15.6,30.6
,"Citrus County, FL","12017","2023","2023","Unintentional","1","Poisoning","GRINJ-015",70,166696,42.0,32.7,53.1
,"Citrus County, FL","12017","2023","2023","Suicide","2","Firearm","GRINJ-006",44,166696,26.4,19.2,35.4
,"Citrus County, FL","12017","2023","2023","Suicide","2","Poisoning","GRINJ-015",11,166696,6.6,3.3,11.8
,"Clay County, FL","12019","2023","2023","Unintentional","1","Fall","GRINJ-003",33,232439,14.2,9.8,19.9
,"Clay County, FL","12019","2023","2023","Unintentional","1","Motor Vehicle Traffic","GRINJ-008",39,232439,16.8,11.9,22.9
,"Clay County, FL","12019","2023","2023","Unintentional","1","Poisoning","GRINJ-015",54,232439,23.2,17.5,30.3
,"Clay County, FL","12019","2023","2023","Suicide","2","Firearm","GRINJ-006",29,232439,12.5,8.4,17.9
,"Collier County, FL","12021","2023","2023","Unintentional","1","Drowning","GRINJ-002",19,404310,4.7,2.8,7.3
,"Collier County, FL","12021","2023","2023","Unintentional","1","Fall","GRINJ-003",185,404310,45.8,39.2,52.4
,"Collier County, FL","12021","2023","2023","Unintentional","1","Motor Vehicle Traffic","GRINJ-008",53,404310,13.1,9.8,17.1
,"Collier County, FL","12021","2023","2023","Unintentional","1","Poisoning","GRINJ-015",105,404310,26.0,21.0,30.9
,"Collier County, FL","12021","2023","2023","Suicide","2","Firearm","GRINJ-006",43,404310,10.6,7.7,14.3
,"Columbia County, FL","12023","2023","2023","Unintentional","1","Fall","GRINJ-003",13,73063,17.8,9.5,30.4
,"Columbia County, FL","12023","2023","2023","Unintentional","1","Motor Vehicle Traffic","GRINJ-008",17,73063,23.3,13.6,37.3
,"Columbia County, FL","12023","2023","2023","Unintentional","1","Poisoning","GRINJ-015",26,73063,35.6,23.2,52.1
,"DeSoto County, FL","12027","2023","2023","Unintentional","1","Motor Vehicle Traffic","GRINJ-008",12,35979,33.4,17.2,58.3
,"Dixie County, FL","12029","2023","2023","Unintentional","1","Motor Vehicle Traffic","GRINJ-008",10,17465,57.3,27.5,105.3
,"Dixie County, FL","12029","2023","2023","Unintentional","1","Poisoning","GRINJ-015",10,17465,57.3,27.5,105.3
,"Duval County, FL","12031","2023","2023","Unintentional","1","Drowning","GRINJ-002",25,1030822,2.4,1.6,3.6
,"Duval County, FL","12031","2023","2023","Unintentional","1","Fall","GRINJ-003",107,1030822,10.4,8.4,12.3
,"Duval County, FL","12031","2023","2023","Unintentional","1","Motor Vehicle Traffic","GRINJ-008",179,1030822,17.4,14.8,19.9
,"Duval County, FL","12031","2023","2023","Unintentional","1","Poisoning","GRINJ-015",435,1030822,42.2,38.2,46.2
,"Duval County, FL","12031","2023","2023","Unintentional","1","Suffocation","GRINJ-017",25,1030822,2.4,1.6,3.6
,"Duval County, FL","12031","2023","2023","Unintentional","1","Unspecified Injury","GRINJ-020",10,1030822,1.0,0.5,1.8
,"Duval County, FL","12031","2023","2023","Suicide","2","Firearm","GRINJ-006",107,1030822,10.4,8.4,12.3
,"Duval County, FL","12031","2023","2023","Suicide","2","Poisoning","GRINJ-015",19,1030822,1.8,1.1,2.9
,"Duval County, FL","12031","2023","2023","Suicide","2","Suffocation","GRINJ-017",36,1030822,3.5,2.4,4.8
,"Duval County, FL","12031","2023","2023","Homicide","3","Cut/Pierce","GRINJ-001",13,1030822,1.3,0.7,2.2
,"Duval County, FL","12031","2023","2023","Homicide","3","Firearm","GRINJ-006",126,1030822,12.2,10.1,14.4
,"Escambia County, FL","12033","2023","2023","Unintentional","1","Fall","GRINJ-003",56,326928,17.1,12.9,22.2
,"Escambia County, FL","12033","2023","2023","Unintentional","1","Motor Vehicle Traffic","GRINJ-008",56,326928,17.1,12.9,22.2
,"Escambia County, FL","12033","2023","2023","Unintentional","1","Poisoning","GRINJ-015",202,326928,61.8,53.3,70.3
,"Escambia County, FL","12033","2023","2023","Suicide","2","Firearm","GRINJ-006",36,326928,11.0,7.7,15.2
,"Escambia County, FL","12033","2023","2023","Suicide","2","Suffocation","GRINJ-017",18,326928,5.5,3.3,8.7
,"Escambia County, FL","12033","2023","2023","Homicide","3","Firearm","GRINJ-006",28,326928,8.6,5.7,12.4
,"Flagler County, FL","12035","2023","2023","Unintentional","1","Fall","GRINJ-003",28,131439,21.3,14.2,30.8
,"Flagler County, FL","12035","2023","2023","Unintentional","1","Motor Vehicle Traffic","GRINJ-008",22,131439,16.7,10.5,25.3
,"Flagler County, FL","12035","2023","2023","Unintentional","1","Poisoning","GRINJ-015",34,131439,25.9,17.9,36.1
,"Flagler County, FL","12035","2023","2023","Suicide","2","Firearm","GRINJ-006",12,131439,9.1,4.7,15.9
,"Gadsden County, FL","12039","2023","2023","Unintentional","1","Motor Vehicle Traffic","GRINJ-008",17,43833,38.8,22.6,62.1
,"Gadsden County, FL","12039","2023","2023","Unintentional","1","Poisoning","GRINJ-015",12,43833,27.4,14.1,47.8
,"Hardee County, FL","12049","2023","2023","Unintentional","1","Motor Vehicle Traffic","GRINJ-008",16,25760,62.1,35.5,100.9
,"Hendry County, FL","12051","2023","2023","Unintentional","1","Poisoning","GRINJ-015",13,43333,30.0,16.0,51.3
,"Hernando County, FL","12053","2023","2023","Unintentional","1","Fall","GRINJ-003",69,212807,32.4,25.2,41.0
,"Hernando County, FL","12053","2023","2023","Unintentional","1","Motor Vehicle Traffic","GRINJ-008",46,212807,21.6,15.8,28.8
,"Hernando County, FL","12053","2023","2023","Unintentional","1","Poisoning","GRINJ-015",78,212807,36.7,29.0,45.7
,"Hernando County, FL","12053","2023","2023","Suicide","2","Firearm","GRINJ-006",32,212807,15.0,10.3,21.2
,"Highlands County, FL","12055","2023","2023","Unintentional","1","Fall","GRINJ-003",22,107614,20.4,12.8,31.0
,"Highlands County, FL","12055","2023","2023","Unintentional","1","Motor Vehicle Traffic","GRINJ-008",21,107614,19.5,12.1,29.8
,"Highlands County, FL","12055","2023","2023","Unintentional","1","Poisoning","GRINJ-015",22,107614,20.4,12.8,31.0
,"Highlands County, FL","12055","2023","2023","Suicide","2","Firearm","GRINJ-006",18,107614,16.7,9.9,26.4
,"Hillsborough County, FL","12057","2023","2023","Unintentional","1","Drowning","GRINJ-002",31,1535564,2.0,1.4,2.9
,"Hillsborough County, FL","12057","2023","2023","Unintentional","1","Fall","GRINJ-003",256,1535564,16.7,14.6,18.7
,"Hillsborough County, FL","12057","2023","2023","Unintentional","1","Fire/Flame","GRINJ-004",12,1535564,0.8,0.4,1.4
,"Hillsborough County, FL","12057","2023","2023","Unintentional","1","Motor Vehicle Traffic","GRINJ-008",218,1535564,14.2,12.3,16.1
,"Hillsborough County, FL","12057","2023","2023","Unintentional","1","Poisoning","GRINJ-015",475,1535564,30.9,28.2,33.7
,"Hillsborough County, FL","12057","2023","2023","Unintentional","1","Suffocation","GRINJ-017",36,1535564,2.3,1.6,3.2
,"Hillsborough County, FL","12057","2023","2023","Unintentional","1","Other specified, classifiable Injury","GRINJ-018",13,1535564,0.8,0.5,1.4
,"Hillsborough County, FL","12057","2023","2023","Unintentional","1","Other specified, not elsewhere classified Injury","GRINJ-019",34,1535564,2.2,1.5,3.1
,"Hillsborough County, FL","12057","2023","2023","Unintentional","1","Unspecified Injury","GRINJ-020",10,1535564,0.7,0.3,1.2
,"Hillsborough County, FL","12057","2023","2023","Suicide","2","Firearm","GRINJ-006",129,1535564,8.4,7.0,9.9
,"Hillsborough County, FL","12057","2023","2023","Suicide","2","Poisoning","GRINJ-015",25,1535564,1.6,1.1,2.4
,"Hillsborough County, FL","12057","2023","2023","Suicide","2","Suffocation","GRINJ-017",50,1535564,3.3,2.4,4.3
,"Hillsborough County, FL","12057","2023","2023","Homicide","3","Cut/Pierce","GRINJ-001",12,1535564,0.8,0.4,1.4
,"Hillsborough County, FL","12057","2023","2023","Homicide","3","Firearm","GRINJ-006",64,1535564,4.2,3.2,5.3
,"Indian River County, FL","12061","2023","2023","Unintentional","1","Fall","GRINJ-003",48,169795,28.3,20.8,37.5
,"Indian River County, FL","12061","2023","2023","Unintentional","1","Motor Vehicle Traffic","GRINJ-008",23,169795,13.5,8.6,20.3
,"Indian River County, FL","12061","2023","2023","Unintentional","1","Poisoning","GRINJ-015",49,169795,28.9,21.3,38.2
,"Indian River County, FL","12061","2023","2023","Suicide","2","Firearm","GRINJ-006",26,169795,15.3,10.0,22.4
,"Jackson County, FL","12063","2023","2023","Unintentional","1","Motor Vehicle Traffic","GRINJ-008",13,48622,26.7,14.2,45.7
,"Lake County, FL","12069","2023","2023","Unintentional","1","Fall","GRINJ-003",154,424462,36.3,30.6,42.0
,"Lake County, FL","12069","2023","2023","Unintentional","1","Motor Vehicle Traffic","GRINJ-008",96,424462,22.6,18.3,27.6
,"Lake County, FL","12069","2023","2023","Unintentional","1","Poisoning","GRINJ-015",113,424462,26.6,21.7,31.5
,"Lake County, FL","12069","2023","2023","Suicide","2","Firearm","GRINJ-006",34,424462,8.0,5.5,11.2
,"Lake County, FL","12069","2023","2023","Suicide","2","Poisoning","GRINJ-015",11,424462,2.6,1.3,4.6
,"Lake County, FL","12069","2023","2023","Suicide","2","Suffocation","GRINJ-017",15,424462,3.5,2.0,5.8
,"Lake County, FL","12069","2023","2023","Homicide","3","Firearm","GRINJ-006",11,424462,2.6,1.3,4.6
,"Lee County, FL","12071","2023","2023","Unintentional","1","Drowning","GRINJ-002",22,834573,2.6,1.7,4.0
,"Lee County, FL","12071","2023","2023","Unintentional","1","Fall","GRINJ-003",224,834573,26.8,23.3,30.4
,"Lee County, FL","12071","2023","2023","Unintentional","1","Motor Vehicle Traffic","GRINJ-008",118,834573,14.1,11.6,16.7
,"Lee County, FL","12071","2023","2023","Unintentional","1","Poisoning","GRINJ-015",226,834573,27.1,23.5,30.6
,"Lee County, FL","12071","2023","2023","Unintentional","1","Suffocation","GRINJ-017",21,834573,2.5,1.6,3.8
,"Lee County, FL","12071","2023","2023","Suicide","2","Firearm","GRINJ-006",67,834573,8.0,6.2,10.2
,"Lee County, FL","12071","2023","2023","Suicide","2","Poisoning","GRINJ-015",23,834573,2.8,1.7,4.1
,"Lee County, FL","12071","2023","2023","Suicide","2","Suffocation","GRINJ-017",30,834573,3.6,2.4,5.1
,"Lee County, FL","12071","2023","2023","Homicide","3","Firearm","GRINJ-006",22,834573,2.6,1.7,4.0
,"Leon County, FL","12073","2023","2023","Unintentional","1","Fall","GRINJ-003",34,296913,11.5,7.9,16.0
,"Leon County, FL","12073","2023","2023","Unintentional","1","Motor Vehicle Traffic","GRINJ-008",44,296913,14.8,10.8,19.9
,"Leon County, FL","12073","2023","2023","Unintentional","1","Poisoning","GRINJ-015",41,296913,13.8,9.9,18.7
,"Leon County, FL","12073","2023","2023","Suicide","2","Firearm","GRINJ-006",25,296913,8.4,5.4,12.4
,"Leon County, FL","12073","2023","2023","Suicide","2","Suffocation","GRINJ-017",10,296913,3.4,1.6,6.2
,"Leon County, FL","12073","2023","2023","Homicide","3","Firearm","GRINJ-006",20,296913,6.7,4.1,10.4
,"Levy County, FL","12075","2023","2023","Unintentional","1","Motor Vehicle Traffic","GRINJ-008",20,46545,43.0,26.2,66.4
,"Levy County, FL","12075","2023","2023","Unintentional","1","Poisoning","GRINJ-015",15,46545,32.2,18.0,53.2
,"Levy County, FL","12075","2023","2023","Suicide","2","Firearm","GRINJ-006",13,46545,27.9,14.9,47.8
,"Manatee County, FL","12081","2023","2023","Unintentional","1","Drowning","GRINJ-002",14,441095,3.2,1.7,5.3
,"Manatee County, FL","12081","2023","2023","Unintentional","1","Fall","GRINJ-003",86,441095,19.5,15.6,24.1
,"Manatee County, FL","12081","2023","2023","Unintentional","1","Motor Vehicle Traffic","GRINJ-008",67,441095,15.2,11.8,19.3
,"Manatee County, FL","12081","2023","2023","Unintentional","1","Poisoning","GRINJ-015",154,441095,34.9,29.4,40.4
,"Manatee County, FL","12081","2023","2023","Unintentional","1","Suffocation","GRINJ-017",12,441095,2.7,1.4,4.8
,"Manatee County, FL","12081","2023","2023","Suicide","2","Firearm","GRINJ-006",52,441095,11.8,8.8,15.5
,"Manatee County, FL","12081","2023","2023","Suicide","2","Suffocation","GRINJ-017",18,441095,4.1,2.4,6.4
,"Manatee County, FL","12081","2023","2023","Homicide","3","Firearm","GRINJ-006",11,441095,2.5,1.2,4.5
,"Marion County, FL","12083","2023","2023","Unintentional","1","Fall","GRINJ-003",203,409959,49.5,42.7,56.3
,"Marion County, FL","12083","2023","2023","Unintentional","1","Motor Vehicle Traffic","GRINJ-008",102,409959,24.9,20.1,29.7
,"Marion County, FL","12083","2023","2023","Unintentional","1","Poisoning","GRINJ-015",203,409959,49.5,42.7,56.3
,"Marion County, FL","12083","2023","2023","Suicide","2","Firearm","GRINJ-006",64,409959,15.6,12.0,19.9
,"Marion County, FL","12083","2023","2023","Suicide","2","Poisoning","GRINJ-015",11,409959,2.7,1.3,4.8
,"Marion County, FL","12083","2023","2023","Suicide","2","Suffocation","GRINJ-017",22,409959,5.4,3.4,8.1
,"Marion County, FL","12083","2023","2023","Homicide","3","Firearm","GRINJ-006",28,409959,6.8,4.5,9.9
,"Martin County, FL","12085","2023","2023","Unintentional","1","Fall","GRINJ-003",46,163315,28.2,20.6,37.6
,"Martin County, FL","12085","2023","2023","Unintentional","1","Motor Vehicle Traffic","GRINJ-008",18,163315,11.0,6.5,17.4
,"Martin County, FL","12085","2023","2023","Unintentional","1","Poisoning","GRINJ-015",41,163315,25.1,18.0,34.1
,"Martin County, FL","12085","2023","2023","Suicide","2","Firearm","GRINJ-006",14,163315,8.6,4.7,14.4
,"Miami-Dade County, FL","12086","2023","2023","Unintentional","1","Drowning","GRINJ-002",32,2686867,1.2,0.8,1.7
,"Miami-Dade County, FL","12086","2023","2023","Unintentional","1","Fall","GRINJ-003",185,2686867,6.9,5.9,7.9
,"Miami-Dade County, FL","12086","2023","2023","Unintentional","1","Fire/Flame","GRINJ-004",17,2686867,0.6,0.4,1.0
,"Miami-Dade County, FL","12086","2023","2023","Unintentional","1","Motor Vehicle Traffic","GRINJ-008",373,2686867,13.9,12.5,15.3
,"Miami-Dade County, FL","12086","2023","2023","Unintentional","1","Other transport","GRINJ-012",10,2686867,0.4,0.2,0.7
,"Miami-Dade County, FL","12086","2023","2023","Unintentional","1","Poisoning","GRINJ-015",369,2686867,13.7,12.3,15.1
,"Miami-Dade County, FL","12086","2023","2023","Unintentional","1","Suffocation","GRINJ-017",39,2686867,1.5,1.0,2.0
,"Miami-Dade County, FL","12086","2023","2023","Unintentional","1","Other specified, classifiable Injury","GRINJ-018",17,2686867,0.6,0.4,1.0
,"Miami-Dade County, FL","12086","2023","2023","Unintentional","1","Unspecified Injury","GRINJ-020",22,2686867,0.8,0.5,1.2
,"Miami-Dade County, FL","12086","2023","2023","Suicide","2","Fall","GRINJ-003",39,2686867,1.5,1.0,2.0
,"Miami-Dade County, FL","12086","2023","2023","Suicide","2","Firearm","GRINJ-006",113,2686867,4.2,3.4,5.0
,"Miami-Dade County, FL","12086","2023","2023","Suicide","2","Poisoning","GRINJ-015",23,2686867,0.9,0.5,1.3
,"Miami-Dade County, FL","12086","2023","2023","Suicide","2","Suffocation","GRINJ-017",53,2686867,2.0,1.5,2.6
,"Miami-Dade County, FL","12086","2023","2023","Homicide","3","Cut/Pierce","GRINJ-001",14,2686867,0.5,0.3,0.9
,"Miami-Dade County, FL","12086","2023","2023","Homicide","3","Firearm","GRINJ-006",145,2686867,5.4,4.5,6.3
,"Monroe County, FL","12087","2023","2023","Unintentional","1","Poisoning","GRINJ-015",23,80614,28.5,18.1,42.8
,"Monroe County, FL","12087","2023","2023","Suicide","2","Firearm","GRINJ-006",21,80614,26.1,16.1,39.8
,"Nassau County, FL","12089","2023","2023","Unintentional","1","Fall","GRINJ-003",14,101501,13.8,7.5,23.1
,"Nassau County, FL","12089","2023","2023","Unintentional","1","Motor Vehicle Traffic","GRINJ-008",14,101501,13.8,7.5,23.1
,"Nassau County, FL","12089","2023","2023","Unintentional","1","Poisoning","GRINJ-015",37,101501,36.5,25.7,50.2
,"Okaloosa County, FL","12091","2023","2023","Unintentional","1","Fall","GRINJ-003",41,218464,18.8,13.5,25.5
,"Okaloosa County, FL","12091","2023","2023","Unintentional","1","Motor Vehicle Traffic","GRINJ-008",28,218464,12.8,8.5,18.5
,"Okaloosa County, FL","12091","2023","2023","Unintentional","1","Poisoning","GRINJ-015",84,218464,38.5,30.7,47.6
,"Okaloosa County, FL","12091","2023","2023","Suicide","2","Firearm","GRINJ-006",48,218464,22.0,16.2,29.1
,"Okeechobee County, FL","12093","2023","2023","Unintentional","1","Fall","GRINJ-003",10,41427,24.1,11.6,44.4
,"Okeechobee County, FL","12093","2023","2023","Unintentional","1","Poisoning","GRINJ-015",10,41427,24.1,11.6,44.4
,"Orange County, FL","12095","2023","2023","Unintentional","1","Drowning","GRINJ-002",26,1471416,1.8,1.2,2.6
,"Orange County, FL","12095","2023","2023","Unintentional","1","Fall","GRINJ-003",189,1471416,12.8,11.0,14.7
,"Orange County, FL","12095","2023","2023","Unintentional","1","Motor Vehicle Traffic","GRINJ-008",192,1471416,13.0,11.2,14.9
,"Orange County, FL","12095","2023","2023","Unintentional","1","Poisoning","GRINJ-015",370,1471416,25.1,22.6,27.7
,"Orange County, FL","12095","2023","2023","Unintentional","1","Suffocation","GRINJ-017",29,1471416,2.0,1.3,2.8
,"Orange County, FL","12095","2023","2023","Unintentional","1","Other specified, classifiable Injury","GRINJ-018",11,1471416,0.7,0.4,1.3
,"Orange County, FL","12095","2023","2023","Unintentional","1","Unspecified Injury","GRINJ-020",10,1471416,0.7,0.3,1.2
,"Orange County, FL","12095","2023","2023","Suicide","2","Firearm","GRINJ-006",70,1471416,4.8,3.7,6.0
,"Orange County, FL","12095","2023","2023","Suicide","2","Poisoning","GRINJ-015",44,1471416,3.0,2.2,4.0
,"Orange County, FL","12095","2023","2023","Suicide","2","Suffocation","GRINJ-017",39,1471416,2.7,1.9,3.6
,"Orange County, FL","12095","2023","2023","Homicide","3","Firearm","GRINJ-006",89,1471416,6.0,4.9,7.4
,"Osceola County, FL","12097","2023","2023","Unintentional","1","Drowning","GRINJ-002",10,437784,2.3,1.1,4.2
,"Osceola County, FL","12097","2023","2023","Unintentional","1","Fall","GRINJ-003",50,437784,11.4,8.5,15.1
,"Osceola County, FL","12097","2023","2023","Unintentional","1","Motor Vehicle Traffic","GRINJ-008",67,437784,15.3,11.9,19.4
,"Osceola County, FL","12097","2023","2023","Unintentional","1","Poisoning","GRINJ-015",142,437784,32.4,27.1,37.8
,"Osceola County, FL","12097","2023","2023","Suicide","2","Firearm","GRINJ-006",17,437784,3.9,2.3,6.2
,"Osceola County, FL","12097","2023","2023","Suicide","2","Suffocation","GRINJ-017",11,437784,2.5,1.3,4.5
,"Osceola County, FL","12097","2023","2023","Homicide","3","Firearm","GRINJ-006",13,437784,3.0,1.6,5.1
,"Palm Beach County, FL","12099","2023","2023","Unintentional","1","Drowning","GRINJ-002",32,1533801,2.1,1.4,2.9
,"Palm Beach County, FL","12099","2023","2023","Unintentional","1","Fall","GRINJ-003",364,1533801,23.7,21.3,26.2
,"Palm Beach County, FL","12099","2023","2023","Unintentional","1","Motor Vehicle Traffic","GRINJ-008",188,1533801,12.3,10.5,14.0
,"Palm Beach County, FL","12099","2023","2023","Unintentional","1","Poisoning","GRINJ-015",472,1533801,30.8,28.0,33.5
,"Palm Beach County, FL","12099","2023","2023","Unintentional","1","Suffocation","GRINJ-017",34,1533801,2.2,1.5,3.1
,"Palm Beach County, FL","12099","2023","2023","Unintentional","1","Other specified, classifiable Injury","GRINJ-018",13,1533801,0.8,0.5,1.4
,"Palm Beach County, FL","12099","2023","2023","Unintentional","1","Other specified, not elsewhere classified Injury","GRINJ-019",14,1533801,0.9,0.5,1.5
,"Palm Beach County, FL","12099","2023","2023","Unintentional","1","Unspecified Injury","GRINJ-020",10,1533801,0.7,0.3,1.2
,"Palm Beach County, FL","12099","2023","2023","Suicide","2","Fall","GRINJ-003",13,1533801,0.8,0.5,1.4
,"Palm Beach County, FL","12099","2023","2023","Suicide","2","Firearm","GRINJ-006",119,1533801,7.8,6.4,9.2
,"Palm Beach County, FL","12099","2023","2023","Suicide","2","Poisoning","GRINJ-015",28,1533801,1.8,1.2,2.6
,"Palm Beach County, FL","12099","2023","2023","Suicide","2","Suffocation","GRINJ-017",47,1533801,3.1,2.3,4.1
,"Palm Beach County, FL","12099","2023","2023","Homicide","3","Firearm","GRINJ-006",62,1533801,4.0,3.1,5.2
,"Pasco County, FL","12101","2023","2023","Unintentional","1","Drowning","GRINJ-002",17,632996,2.7,1.6,4.3
,"Pasco County, FL","12101","2023","2023","Unintentional","1","Fall","GRINJ-003",188,632996,29.7,25.5,33.9
,"Pasco County, FL","12101","2023","2023","Unintentional","1","Motor Vehicle Traffic","GRINJ-008",106,632996,16.7,13.6,19.9
,"Pasco County, FL","12101","2023","2023","Unintentional","1","Poisoning","GRINJ-015",307,632996,48.5,43.1,53.9
,"Pasco County, FL","12101","2023","2023","Unintentional","1","Suffocation","GRINJ-017",19,632996,3.0,1.8,4.7
,"Pasco County, FL","12101","2023","2023","Suicide","2","Firearm","GRINJ-006",69,632996,10.9,8.5,13.8
,"Pasco County, FL","12101","2023","2023","Suicide","2","Poisoning","GRINJ-015",16,632996,2.5,1.4,4.1
,"Pasco County, FL","12101","2023","2023","Suicide","2","Suffocation","GRINJ-017",22,632996,3.5,2.2,5.3
,"Pasco County, FL","12101","2023","2023","Homicide","3","Firearm","GRINJ-006",18,632996,2.8,1.7,4.5
,"Pinellas County, FL","12103","2023","2023","Unintentional","1","Drowning","GRINJ-002",30,961596,3.1,2.1,4.5
,"Pinellas County, FL","12103","2023","2023","Unintentional","1","Fall","GRINJ-003",357,961596,37.1,33.3,41.0
,"Pinellas County, FL","12103","2023","2023","Unintentional","1","Motor Vehicle Traffic","GRINJ-008",127,961596,13.2,10.9,15.5
,"Pinellas County, FL","12103","2023","2023","Unintentional","1","Poisoning","GRINJ-015",434,961596,45.1,40.9,49.4
,"Pinellas County, FL","12103","2023","2023","Unintentional","1","Suffocation","GRINJ-017",33,961596,3.4,2.4,4.8
,"Pinellas County, FL","12103","2023","2023","Suicide","2","Firearm","GRINJ-006",122,961596,12.7,10.4,14.9
,"Pinellas County, FL","12103","2023","2023","Suicide","2","Poisoning","GRINJ-015",34,961596,3.5,2.4,4.9
,"Pinellas County, FL","12103","2023","2023","Suicide","2","Suffocation","GRINJ-017",39,961596,4.1,2.9,5.5
,"Pinellas County, FL","12103","2023","2023","Homicide","3","Firearm","GRINJ-006",22,961596,2.3,1.4,3.5
,"Polk County, FL","12105","2023","2023","Unintentional","1","Drowning","GRINJ-002",20,818330,2.4,1.5,3.8
,"Polk County, FL","12105","2023","2023","Unintentional","1","Fall","GRINJ-003",100,818330,12.2,9.8,14.6
,"Polk County, FL","12105","2023","2023","Unintentional","1","Motor Vehicle Traffic","GRINJ-008",182,818330,22.2,19.0,25.5
,"Polk County, FL","12105","2023","2023","Unintentional","1","Poisoning","GRINJ-015",216,818330,26.4,22.9,29.9
,"Polk County, FL","12105","2023","2023","Unintentional","1","Suffocation","GRINJ-017",14,818330,1.7,0.9,2.9
,"Polk County, FL","12105","2023","2023","Suicide","2","Firearm","GRINJ-006",80,818330,9.8,7.8,12.2
,"Polk County, FL","12105","2023","2023","Suicide","2","Poisoning","GRINJ-015",13,818330,1.6,0.8,2.7
,"Polk County, FL","12105","2023","2023","Suicide","2","Suffocation","GRINJ-017",23,818330,2.8,1.8,4.2
,"Polk County, FL","12105","2023","2023","Homicide","3","Firearm","GRINJ-006",30,818330,3.7,2.5,5.2
,"Putnam County, FL","12107","2023","2023","Unintentional","1","Fall","GRINJ-003",17,75955,22.4,13.0,35.8
,"Putnam County, FL","12107","2023","2023","Unintentional","1","Motor Vehicle Traffic","GRINJ-008",16,75955,21.1,12.0,34.2
,"Putnam County, FL","12107","2023","2023","Unintentional","1","Poisoning","GRINJ-015",39,75955,51.3,36.5,70.2
,"Putnam County, FL","12107","2023","2023","Suicide","2","Firearm","GRINJ-006",13,75955,17.1,9.1,29.3
,"St. Johns County, FL","12109","2023","2023","Unintentional","1","Fall","GRINJ-003",49,320110,15.3,11.3,20.2
,"St. Johns County, FL","12109","2023","2023","Unintentional","1","Motor Vehicle Traffic","GRINJ-008",33,320110,10.3,7.1,14.5
,"St. Johns County, FL","12109","2023","2023","Unintentional","1","Poisoning","GRINJ-015",50,320110,15.6,11.6,20.6
,"St. Johns County, FL","12109","2023","2023","Suicide","2","Firearm","GRINJ-006",27,320110,8.4,5.6,12.3
,"St. Lucie County, FL","12111","2023","2023","Unintentional","1","Fall","GRINJ-003",64,373586,17.1,13.2,21.9
,"St. Lucie County, FL","12111","2023","2023","Unintentional","1","Motor Vehicle Traffic","GRINJ-008",58,373586,15.5,11.8,20.1
,"St. Lucie County, FL","12111","2023","2023","Unintentional","1","Poisoning","GRINJ-015",93,373586,24.9,20.1,30.5
,"St. Lucie County, FL","12111","2023","2023","Suicide","2","Firearm","GRINJ-006",39,373586,10.4,7.4,14.3
,"St. Lucie County, FL","12111","2023","2023","Homicide","3","Firearm","GRINJ-006",21,373586,5.6,3.5,8.6
,"Santa Rosa County, FL","12113","2023","2023","Unintentional","1","Fall","GRINJ-003",36,203162,17.7,12.4,24.5
,"Santa Rosa County, FL","12113","2023","2023","Unintentional","1","Motor Vehicle Traffic","GRINJ-008",29,203162,14.3,9.6,20.5
,"Santa Rosa County, FL","12113","2023","2023","Unintentional","1","Poisoning","GRINJ-015",58,203162,28.5,21.7,36.9
,"Santa Rosa County, FL","12113","2023","2023","Suicide","2","Firearm","GRINJ-006",23,203162,11.3,7.2,17.0
,"Santa Rosa County, FL","12113","2023","2023","Suicide","2","Suffocation","GRINJ-017",12,203162,5.9,3.1,10.3
,"Sarasota County, FL","12115","2023","2023","Unintentional","1","Drowning","GRINJ-002",12,469013,2.6,1.3,4.5
,"Sarasota County, FL","12115","2023","2023","Unintentional","1","Fall","GRINJ-003",127,469013,27.1,22.4,31.8
,"Sarasota County, FL","12115","2023","2023","Unintentional","1","Motor Vehicle Traffic","GRINJ-008",59,469013,12.6,9.6,16.2
,"Sarasota County, FL","12115","2023","2023","Unintentional","1","Poisoning","GRINJ-015",126,469013,26.9,22.2,31.6
,"Sarasota County, FL","12115","2023","2023","Unintentional","1","Suffocation","GRINJ-017",18,469013,3.8,2.3,6.1
,"Sarasota County, FL","12115","2023","2023","Unintentional","1","Other specified, not elsewhere classified Injury","GRINJ-019",11,469013,2.3,1.2,4.2
,"Sarasota County, FL","12115","2023","2023","Suicide","2","Firearm","GRINJ-006",53,469013,11.3,8.5,14.8
,"Sarasota County, FL","12115","2023","2023","Suicide","2","Poisoning","GRINJ-015",23,469013,4.9,3.1,7.4
,"Sarasota County, FL","12115","2023","2023","Suicide","2","Suffocation","GRINJ-017",19,469013,4.1,2.4,6.3
,"Seminole County, FL","12117","2023","2023","Unintentional","1","Fall","GRINJ-003",108,484271,22.3,18.1,26.5
,"Seminole County, FL","12117","2023","2023","Unintentional","1","Motor Vehicle Traffic","GRINJ-008",57,484271,11.8,8.9,15.2
,"Seminole County, FL","12117","2023","2023","Unintentional","1","Poisoning","GRINJ-015",116,484271,24.0,19.6,28.3
,"Seminole County, FL","12117","2023","2023","Suicide","2","Firearm","GRINJ-006",41,484271,8.5,6.1,11.5
,"Seminole County, FL","12117","2023","2023","Suicide","2","Suffocation","GRINJ-017",13,484271,2.7,1.4,4.6
,"Seminole County, FL","12117","2023","2023","Homicide","3","Firearm","GRINJ-006",19,484271,3.9,2.4,6.1
,"Sumter County, FL","12119","2023","2023","Unintentional","1","Fall","GRINJ-003",107,151565,70.6,57.2,84.0
,"Sumter County, FL","12119","2023","2023","Unintentional","1","Motor Vehicle Traffic","GRINJ-008",21,151565,13.9,8.6,21.2
,"Sumter County, FL","12119","2023","2023","Unintentional","1","Poisoning","GRINJ-015",31,151565,20.5,13.9,29.0
,"Sumter County, FL","12119","2023","2023","Suicide","2","Firearm","GRINJ-006",18,151565,11.9,7.0,18.8
,"Suwannee County, FL","12121","2023","2023","Unintentional","1","Fall","GRINJ-003",16,46130,34.7,19.8,56.3
,"Suwannee County, FL","12121","2023","2023","Unintentional","1","Motor Vehicle Traffic","GRINJ-008",21,46130,45.5,28.2,69.6
,"Suwannee County, FL","12121","2023","2023","Unintentional","1","Poisoning","GRINJ-015",12,46130,26.0,13.4,45.4
,"Volusia County, FL","12127","2023","2023","Unintentional","1","Drowning","GRINJ-002",17,590357,2.9,1.7,4.6
,"Volusia County, FL","12127","2023","2023","Unintentional","1","Fall","GRINJ-003",169,590357,28.6,24.3,32.9
,"Volusia County, FL","12127","2023","2023","Unintentional","1","Motor Vehicle Traffic","GRINJ-008",109,590357,18.5,15.0,21.9
,"Volusia County, FL","12127","2023","2023","Unintentional","1","Poisoning","GRINJ-015",287,590357,48.6,43.0,54.2
,"Volusia County, FL","12127","2023","2023","Unintentional","1","Suffocation","GRINJ-017",15,590357,2.5,1.4,4.2
,"Volusia County, FL","12127","2023","2023","Suicide","2","Firearm","GRINJ-006",80,590357,13.6,10.7,16.9
,"Volusia County, FL","12127","2023","2023","Suicide","2","Poisoning","GRINJ-015",15,590357,2.5,1.4,4.2
,"Volusia County, FL","12127","2023","2023","Suicide","2","Suffocation","GRINJ-017",20,590357,3.4,2.1,5.2
,"Volusia County, FL","12127","2023","2023","Homicide","3","Firearm","GRINJ-006",17,590357,2.9,1.7,4.6
,"Wakulla County, FL","12129","2023","2023","Unintentional","1","Poisoning","GRINJ-015",10,36449,27.4,13.2,50.5
,"Walton County, FL","12131","2023","2023","Unintentional","1","Fall","GRINJ-003",21,86354,24.3,15.1,37.2
,"Walton County, FL","12131","2023","2023","Unintentional","1","Motor Vehicle Traffic","GRINJ-008",17,86354,19.7,11.5,31.5
,"Walton County, FL","12131","2023","2023","Unintentional","1","Poisoning","GRINJ-015",33,86354,38.2,26.3,53.7
,"Walton County, FL","12131","2023","2023","Suicide","2","Firearm","GRINJ-006",12,86354,13.9,7.2,24.3
,"Baldwin County, GA","13009","2023","2023","Suicide","2","Firearm","GRINJ-006",10,43396,23.0,11.1,42.4
,"Barrow County, GA","13013","2023","2023","Unintentional","1","Motor Vehicle Traffic","GRINJ-008",18,92792,19.4,11.5,30.7
,"Barrow County, GA","13013","2023","2023","Unintentional","1","Poisoning","GRINJ-015",28,92792,30.2,20.1,43.6
,"Bartow County, GA","13015","2023","2023","Unintentional","1","Fall","GRINJ-003",11,115041,9.6,4.8,17.1
,"Bartow County, GA","13015","2023","2023","Unintentional","1","Motor Vehicle Traffic","GRINJ-008",19,115041,16.5,9.9,25.8
,"Bartow County, GA","13015","2023","2023","Unintentional","1","Poisoning","GRINJ-015",50,115041,43.5,32.3,57.3
,"Bartow County, GA","13015","2023","2023","Suicide","2","Firearm","GRINJ-006",17,115041,14.8,8.6,23.7
,"Bibb County, GA","13021","2023","2023","Unintentional","1","Fall","GRINJ-003",17,156512,10.9,6.3,17.4
,"Bibb County, GA","13021","2023","2023","Unintentional","1","Motor Vehicle Traffic","GRINJ-008",44,156512,28.1,20.4,37.7
,"Bibb County, GA","13021","2023","2023","Unintentional","1","Poisoning","GRINJ-015",43,156512,27.5,19.9,37.0
,"Bibb County, GA","13021","2023","2023","Suicide","2","Firearm","GRINJ-006",18,156512,11.5,6.8,18.2
,"Bibb County, GA","13021","2023","2023","Homicide","3","Firearm","GRINJ-006",32,156512,20.4,14.0,28.9
,"Brantley County, GA","13025","2023","2023","Unintentional","1","Motor Vehicle Traffic","GRINJ-008",11,18401,59.8,29.8,107.0
,"Bulloch County, GA","13031","2023","2023","Unintentional","1","Motor Vehicle Traffic","GRINJ-008",13,84327,15.4,8.2,26.4
,"Bulloch County, GA","13031","2023","2023","Unintentional","1","Poisoning","GRINJ-015",14,84327,16.6,9.1,27.9
,"Butts County, GA","13035","2023","2023","Unintentional","1","Motor Vehicle Traffic","GRINJ-008",13,26887,48.4,25.7,82.7
,"Camden County, GA","13039","2023","2023","Unintentional","1","Poisoning","GRINJ-015",14,58118,24.1,13.2,40.4
,"Carroll County, GA","13045","2023","2023","Unintentional","1","Fall","GRINJ-003",13,127098,10.2,5.4,17.5
,"Carroll County, GA","13045","2023","2023","Unintentional","1","Motor Vehicle Traffic","GRINJ-008",33,127098,26.0,17.9,36.5
,"Carroll County, GA","13045","2023","2023","Unintentional","1","Poisoning","GRINJ-015",45,127098,35.4,25.8,47.4
,"Carroll County, GA","13045","2023","2023","Homicide","3","Firearm","GRINJ-006",11,127098,8.7,4.3,15.5
,"Catoosa County, GA","13047","2023","2023","Unintentional","1","Poisoning","GRINJ-015",13,68910,18.9,10.0,32.3
,"Chatham County, GA","13051","2023","2023","Unintentional","1","Fall","GRINJ-003",20,303655,6.6,4.0,10.2
,"Chatham County, GA","13051","2023","2023","Unintentional","1","Motor Vehicle Traffic","GRINJ-008",42,303655,13.8,10.0,18.7
,"Chatham County, GA","13051","2023","2023","Unintentional","1","Poisoning","GRINJ-015",95,303655,31.3,25.3,38.2
,"Chatham County, GA","13051","2023","2023","Unintentional","1","Suffocation","GRINJ-017",11,303655,3.6,1.8,6.5
,"Chatham County, GA","13051","2023","2023","Suicide","2","Firearm","GRINJ-006",28,303655,9.2,6.1,13.3
,"Chatham County, GA","13051","2023","2023","Homicide","3","Firearm","GRINJ-006",29,303655,9.6,6.4,13.7
,"Chattooga County, GA","13055","2023","2023","Unintentional","1","Motor Vehicle Traffic","GRINJ-008",13,25222,51.5,27.4,88.1
,"Cherokee County, GA","13057","2023","2023","Unintentional","1","Fall","GRINJ-003",57,286602,19.9,15.1,25.8
,"Cherokee County, GA","13057","2023","2023","Unintentional","1","Motor Vehicle Traffic","GRINJ-008",27,286602,9.4,6.2,13.7
,"Cherokee County, GA","13057","2023","2023","Unintentional","1","Poisoning","GRINJ-015",48,286602,16.7,12.3,22.2
,"Cherokee County, GA","13057","2023","2023","Suicide","2","Firearm","GRINJ-006",36,286602,12.6,8.8,17.4
,"Clarke County, GA","13059","2023","2023","Unintentional","1","Motor Vehicle Traffic","GRINJ-008",14,129933,10.8,5.9,18.1
,"Clarke County, GA","13059","2023","2023","Unintentional","1","Poisoning","GRINJ-015",30,129933,23.1,15.6,33.0
,"Clarke County, GA","13059","2023","2023","Suicide","2","Firearm","GRINJ-006",14,129933,10.8,5.9,18.1
,"Clayton County, GA","13063","2023","2023","Unintentional","1","Fall","GRINJ-003",17,298300,5.7,3.3,9.1
,"Clayton County, GA","13063","2023","2023","Unintentional","1","Motor Vehicle Traffic","GRINJ-008",52,298300,17.4,13.0,22.9
,"Clayton County, GA","13063","2023","2023","Unintentional","1","Poisoning","GRINJ-015",55,298300,18.4,13.9,24.0
,"Clayton County, GA","13063","2023","2023","Suicide","2","Firearm","GRINJ-006",17,298300,5.7,3.3,9.1
,"Clayton County, GA","13063","2023","2023","Homicide","3","Firearm","GRINJ-006",46,298300,15.4,11.3,20.6
,"Cobb County, GA","13067","2023","2023","Unintentional","1","Fall","GRINJ-003",73,776743,9.4,7.4,11.8
,"Cobb County, GA","13067","2023","2023","Unintentional","1","Motor Vehicle Traffic","GRINJ-008",77,776743,9.9,7.8,12.4
,"Cobb County, GA","13067","2023","2023","Unintentional","1","Poisoning","GRINJ-015",171,776743,22.0,18.7,25.3
,"Cobb County, GA","13067","2023","2023","Unintentional","1","Suffocation","GRINJ-017",14,776743,1.8,1.0,3.0
,"Cobb County, GA","13067","2023","2023","Unintentional","1","Unspecified Injury","GRINJ-020",13,776743,1.7,0.9,2.9
,"Cobb County, GA","13067","2023","2023","Suicide","2","Firearm","GRINJ-006",72,776743,9.3,7.3,11.7
,"Cobb County, GA","13067","2023","2023","Suicide","2","Poisoning","GRINJ-015",11,776743,1.4,0.7,2.5
,"Cobb County, GA","13067","2023","2023","Suicide","2","Suffocation","GRINJ-017",13,776743,1.7,0.9,2.9
,"Cobb County, GA","13067","2023","2023","Homicide","3","Firearm","GRINJ-006",37,776743,4.8,3.4,6.6
,"Colquitt County, GA","13071","2023","2023","Unintentional","1","Fall","GRINJ-003",10,46167,21.7,10.4,39.8
,"Colquitt County, GA","13071","2023","2023","Unintentional","1","Motor Vehicle Traffic","GRINJ-008",13,46167,28.2,15.0,48.2
,"Columbia County, GA","13073","2023","2023","Unintentional","1","Motor Vehicle Traffic","GRINJ-008",10,165162,6.1,2.9,11.1
,"Columbia County, GA","13073","2023","2023","Unintentional","1","Poisoning","GRINJ-015",37,165162,22.4,15.8,30.9
,"Columbia County, GA","13073","2023","2023","Suicide","2","Firearm","GRINJ-006",15,165162,9.1,5.1,15.0
,"Columbia County, GA","13073","2023","2023","Suicide","2","Suffocation","GRINJ-017",10,165162,6.1,2.9,11.1
,"Coweta County, GA","13077","2023","2023","Unintentional","1","Fall","GRINJ-003",16,155892,10.3,5.9,16.7
,"Coweta County, GA","13077","2023","2023","Unintentional","1","Motor Vehicle Traffic","GRINJ-008",10,155892,6.4,3.1,11.8
,"Coweta County, GA","13077","2023","2023","Unintentional","1","Poisoning","GRINJ-015",19,155892,12.2,7.3,19.0
,"Coweta County, GA","13077","2023","2023","Suicide","2","Firearm","GRINJ-006",15,155892,9.6,5.4,15.9
,"Crisp County, GA","13081","2023","2023","Unintentional","1","Poisoning","GRINJ-015",14,19631,71.3,39.0,119.7
,"DeKalb County, GA","13089","2023","2023","Unintentional","1","Drowning","GRINJ-002",11,762992,1.4,0.7,2.6
,"DeKalb County, GA","13089","2023","2023","Unintentional","1","Fall","GRINJ-003",28,762992,3.7,2.4,5.3
,"DeKalb County, GA","13089","2023","2023","Unintentional","1","Motor Vehicle Traffic","GRINJ-008",117,762992,15.3,12.6,18.1
,"DeKalb County, GA","13089","2023","2023","Unintentional","1","Poisoning","GRINJ-015",170,762992,22.3,18.9,25.6
,"DeKalb County, GA","13089","2023","2023","Unintentional","1","Suffocation","GRINJ-017",18,762992,2.4,1.4,3.7
,"DeKalb County, GA","13089","2023","2023","Unintentional","1","Unspecified Injury","GRINJ-020",10,762992,1.3,0.6,2.4
,"DeKalb County, GA","13089","2023","2023","Suicide","2","Firearm","GRINJ-006",52,762992,6.8,5.1,8.9
,"DeKalb County, GA","13089","2023","2023","Suicide","2","Suffocation","GRINJ-017",25,762992,3.3,2.1,4.8
,"DeKalb County, GA","13089","2023","2023","Homicide","3","Firearm","GRINJ-006",119,762992,15.6,12.8,18.4
,"Dougherty County, GA","13095","2023","2023","Unintentional","1","Motor Vehicle Traffic","GRINJ-008",13,82645,15.7,8.4,26.9
,"Dougherty County, GA","13095","2023","2023","Unintentional","1","Poisoning","GRINJ-015",34,82645,41.1,28.5,57.5
,"Dougherty County, GA","13095","2023","2023","Homicide","3","Firearm","GRINJ-006",13,82645,15.7,8.4,26.9
,"Douglas County, GA","13097","2023","2023","Unintentional","1","Motor Vehicle Traffic","GRINJ-008",17,149160,11.4,6.6,18.2
,"Douglas County, GA","13097","2023","2023","Unintentional","1","Poisoning","GRINJ-015",25,149160,16.8,10.8,24.7
,"Douglas County, GA","13097","2023","2023","Suicide","2","Firearm","GRINJ-006",19,149160,12.7,7.7,19.9
,"Douglas County, GA","13097","2023","2023","Homicide","3","Firearm","GRINJ-006",13,149160,8.7,4.6,14.9
,"Effingham County, GA","13103","2023","2023","Unintentional","1","Motor Vehicle Traffic","GRINJ-008",12,71541,16.8,8.7,29.3
,"Effingham County, GA","13103","2023","2023","Unintentional","1","Poisoning","GRINJ-015",20,71541,28.0,17.1,43.2
,"Fayette County, GA","13113","2023","2023","Unintentional","1","Fall","GRINJ-003",15,123351,12.2,6.8,20.1
,"Fayette County, GA","13113","2023","2023","Unintentional","1","Poisoning","GRINJ-015",20,123351,16.2,9.9,25.0
,"Fayette County, GA","13113","2023","2023","Suicide","2","Firearm","GRINJ-006",11,123351,8.9,4.5,16.0
,"Floyd County, GA","13115","2023","2023","Unintentional","1","Fall","GRINJ-003",12,100113,12.0,6.2,20.9
,"Floyd County, GA","13115","2023","2023","Unintentional","1","Motor Vehicle Traffic","GRINJ-008",28,100113,28.0,18.6,40.4
,"Floyd County, GA","13115","2023","2023","Unintentional","1","Poisoning","GRINJ-015",18,100113,18.0,10.7,28.4
,"Floyd County, GA","13115","2023","2023","Suicide","2","Firearm","GRINJ-006",17,100113,17.0,9.9,27.2
,"Forsyth County, GA","13117","2023","2023","Unintentional","1","Fall","GRINJ-003",15,272887,5.5,3.1,9.1
,"Forsyth County, GA","13117","2023","2023","Unintentional","1","Motor Vehicle Traffic","GRINJ-008",21,272887,7.7,4.8,11.8
,"Forsyth County, GA","13117","2023","2023","Unintentional","1","Poisoning","GRINJ-015",22,272887,8.1,5.1,12.2
,"Forsyth County, GA","13117","2023","2023","Suicide","2","Firearm","GRINJ-006",21,272887,7.7,4.8,11.8
,"Franklin County, GA","13119","2023","2023","Unintentional","1","Motor Vehicle Traffic","GRINJ-008",10,24782,40.4,19.4,74.2
,"Fulton County, GA","13121","2023","2023","Unintentional","1","Drowning","GRINJ-002",18,1079105,1.7,1.0,2.6
,"Fulton County, GA","13121","2023","2023","Unintentional","1","Fall","GRINJ-003",64,1079105,5.9,4.6,7.6
,"Fulton County, GA","13121","2023","2023","Unintentional","1","Motor Vehicle Traffic","GRINJ-008",127,1079105,11.8,9.7,13.8
,"Fulton County, GA","13121","2023","2023","Unintentional","1","Natural/Environmental","GRINJ-013",14,1079105,1.3,0.7,2.2
,"Fulton County, GA","13121","2023","2023","Unintentional","1","Poisoning","GRINJ-015",304,1079105,28.2,25.0,31.3
,"Fulton County, GA","13121","2023","2023","Unintentional","1","Suffocation","GRINJ-017",33,1079105,3.1,2.1,4.3
,"Fulton County, GA","13121","2023","2023","Suicide","2","Firearm","GRINJ-006",103,1079105,9.5,7.7,11.4
,"Fulton County, GA","13121","2023","2023","Suicide","2","Poisoning","GRINJ-015",15,1079105,1.4,0.8,2.3
,"Fulton County, GA","13121","2023","2023","Suicide","2","Suffocation","GRINJ-017",30,1079105,2.8,1.9,4.0
,"Fulton County, GA","13121","2023","2023","Homicide","3","Cut/Pierce","GRINJ-001",10,1079105,0.9,0.4,1.7
,"Fulton County, GA","13121","2023","2023","Homicide","3","Firearm","GRINJ-006",147,1079105,13.6,11.4,15.8
,"Glynn County, GA","13127","2023","2023","Unintentional","1","Fall","GRINJ-003",10,86172,11.6,5.6,21.3
,"Glynn County, GA","13127","2023","2023","Unintentional","1","Motor Vehicle Traffic","GRINJ-008",13,86172,15.1,8.0,25.8
,"Glynn County, GA","13127","2023","2023","Unintentional","1","Poisoning","GRINJ-015",31,86172,36.0,24.4,51.1
,"Glynn County, GA","13127","2023","2023","Suicide","2","Firearm","GRINJ-006",16,86172,18.6,10.6,30.2
,"Gordon County, GA","13129","2023","2023","Unintentional","1","Motor Vehicle Traffic","GRINJ-008",14,59757,23.4,12.8,39.3
,"Gwinnett County, GA","13135","2023","2023","Unintentional","1","Drowning","GRINJ-002",14,983526,1.4,0.8,2.4
,"Gwinnett County, GA","13135","2023","2023","Unintentional","1","Fall","GRINJ-003",50,983526,5.1,3.8,6.7
,"Gwinnett County, GA","13135","2023","2023","Unintentional","1","Motor Vehicle Traffic","GRINJ-008",103,983526,10.5,8.5,12.5
,"Gwinnett County, GA","13135","2023","2023","Unintentional","1","Poisoning","GRINJ-015",173,983526,17.6,15.0,20.2
,"Gwinnett County, GA","13135","2023","2023","Unintentional","1","Suffocation","GRINJ-017",21,983526,2.1,1.3,3.3
,"Gwinnett County, GA","13135","2023","2023","Suicide","2","Firearm","GRINJ-006",79,983526,8.0,6.4,10.0
,"Gwinnett County, GA","13135","2023","2023","Suicide","2","Poisoning","GRINJ-015",17,983526,1.7,1.0,2.8
,"Gwinnett County, GA","13135","2023","2023","Suicide","2","Suffocation","GRINJ-017",27,983526,2.7,1.8,4.0
,"Gwinnett County, GA","13135","2023","2023","Homicide","3","Firearm","GRINJ-006",44,983526,4.5,3.3,6.0
,"Habersham County, GA","13137","2023","2023","Unintentional","1","Motor Vehicle Traffic","GRINJ-008",13,48757,26.7,14.2,45.6
,"Habersham County, GA","13137","2023","2023","Unintentional","1","Poisoning","GRINJ-015",14,48757,28.7,15.7,48.2
,"Hall County, GA","13139","2023","2023","Unintentional","1","Fall","GRINJ-003",18,217267,8.3,4.9,13.1
,"Hall County, GA","13139","2023","2023","Unintentional","1","Motor Vehicle Traffic","GRINJ-008",24,217267,11.0,7.1,16.4
,"Hall County, GA","13139","2023","2023","Unintentional","1","Poisoning","GRINJ-015",69,217267,31.8,24.7,40.2
,"Hall County, GA","13139","2023","2023","Suicide","2","Firearm","GRINJ-006",19,217267,8.7,5.3,13.7
,"Haralson County, GA","13143","2023","2023","Unintentional","1","Motor Vehicle Traffic","GRINJ-008",11,32038,34.3,17.1,61.4
,"Haralson County, GA","13143","2023","2023","Unintentional","1","Poisoning","GRINJ-015",10,32038,31.2,15.0,57.4
,"Henry County, GA","13151","2023","2023","Unintentional","1","Fall","GRINJ-003",13,254613,5.1,2.7,8.7
,"Henry County, GA","13151","2023","2023","Unintentional","1","Motor Vehicle Traffic","GRINJ-008",40,254613,15.7,11.2,21.4
,"Henry County, GA","13151","2023","2023","Unintentional","1","Poisoning","GRINJ-015",41,254613,16.1,11.6,21.8
,"Henry County, GA","13151","2023","2023","Suicide","2","Firearm","GRINJ-006",21,254613,8.2,5.1,12.6
,"Henry County, GA","13151","2023","2023","Homicide","3","Firearm","GRINJ-006",25,254613,9.8,6.4,14.5
,"Houston County, GA","13153","2023","2023","Unintentional","1","Fall","GRINJ-003",19,171974,11.0,6.7,17.3
,"Houston County, GA","13153","2023","2023","Unintentional","1","Motor Vehicle Traffic","GRINJ-008",26,171974,15.1,9.9,22.2
,"Houston County, GA","13153","2023","2023","Unintentional","1","Poisoning","GRINJ-015",52,171974,30.2,22.6,39.7
,"Houston County, GA","13153","2023","2023","Suicide","2","Firearm","GRINJ-006",18,171974,10.5,6.2,16.5
,"Houston County, GA","13153","2023","2023","Homicide","3","Firearm","GRINJ-006",10,171974,5.8,2.8,10.7
,"Jackson County, GA","13157","2023","2023","Unintentional","1","Motor Vehicle Traffic","GRINJ-008",12,88615,13.5,7.0,23.7
,"Jackson County, GA","13157","2023","2023","Unintentional","1","Poisoning","GRINJ-015",21,88615,23.7,14.7,36.2
,"Jackson County, GA","13157","2023","2023","Suicide","2","Firearm","GRINJ-006",14,88615,15.8,8.6,26.5
,"Lamar County, GA","13171","2023","2023","Unintentional","1","Motor Vehicle Traffic","GRINJ-008",10,20401,49.0,23.5,90.1
,"Laurens County, GA","13175","2023","2023","Unintentional","1","Motor Vehicle Traffic","GRINJ-008",14,49941,28.0,15.3,47.0
,"Laurens County, GA","13175","2023","2023","Unintentional","1","Poisoning","GRINJ-015",10,49941,20.0,9.6,36.8
,"Liberty County, GA","13179","2023","2023","Unintentional","1","Poisoning","GRINJ-015",17,69210,24.6,14.3,39.3
,"Lowndes County, GA","13185","2023","2023","Unintentional","1","Motor Vehicle Traffic","GRINJ-008",13,120712,10.8,5.7,18.4
,"Lowndes County, GA","13185","2023","2023","Unintentional","1","Poisoning","GRINJ-015",21,120712,17.4,10.8,26.6
,"Lowndes County, GA","13185","2023","2023","Suicide","2","Firearm","GRINJ-006",14,120712,11.6,6.3,19.5
,"Lowndes County, GA","13185","2023","2023","Homicide","3","Firearm","GRINJ-006",11,120712,9.1,4.5,16.3
,"Lumpkin County, GA","13187","2023","2023","Unintentional","1","Motor Vehicle Traffic","GRINJ-008",10,35258,28.4,13.6,52.2
,"Murray County, GA","13213","2023","2023","Unintentional","1","Motor Vehicle Traffic","GRINJ-008",10,41035,24.4,11.7,44.8
,"Muscogee County, GA","13215","2023","2023","Unintentional","1","Fall","GRINJ-003",54,201877,26.7,20.1,34.9
,"Muscogee County, GA","13215","2023","2023","Unintentional","1","Motor Vehicle Traffic","GRINJ-008",34,201877,16.8,11.7,23.5
,"Muscogee County, GA","13215","2023","2023","Unintentional","1","Poisoning","GRINJ-015",36,201877,17.8,12.5,24.7
,"Muscogee County, GA","13215","2023","2023","Suicide","2","Firearm","GRINJ-006",34,201877,16.8,11.7,23.5
,"Muscogee County, GA","13215","2023","2023","Homicide","3","Firearm","GRINJ-006",42,201877,20.8,15.0,28.1
,"Newton County, GA","13217","2023","2023","Unintentional","1","Fall","GRINJ-003",10,120135,8.3,4.0,15.3
,"Newton County, GA","13217","2023","2023","Unintentional","1","Motor Vehicle Traffic","GRINJ-008",32,120135,26.6,18.2,37.6
,"Newton County, GA","13217","2023","2023","Unintentional","1","Poisoning","GRINJ-015",28,120135,23.3,15.5,33.7
,"Newton County, GA","13217","2023","2023","Homicide","3","Firearm","GRINJ-006",14,120135,11.7,6.4,19.6
,"Paulding County, GA","13223","2023","2023","Unintentional","1","Motor Vehicle Traffic","GRINJ-008",34,183164,18.6,12.9,25.9
,"Paulding County, GA","13223","2023","2023","Unintentional","1","Poisoning","GRINJ-015",44,183164,24.0,17.5,32.2
,"Paulding County, GA","13223","2023","2023","Suicide","2","Firearm","GRINJ-006",17,183164,9.3,5.4,14.9
,"Polk County, GA","13233","2023","2023","Unintentional","1","Motor Vehicle Traffic","GRINJ-008",17,44223,38.4,22.4,61.5
,"Polk County, GA","13233","2023","2023","Unintentional","1","Poisoning","GRINJ-015",12,44223,27.1,14.0,47.4
,"Richmond County, GA","13245","2023","2023","Unintentional","1","Fall","GRINJ-003",19,205414,9.2,5.6,14.4
,"Richmond County, GA","13245","2023","2023","Unintentional","1","Motor Vehicle Traffic","GRINJ-008",50,205414,24.3,18.1,32.1
,"Richmond County, GA","13245","2023","2023","Unintentional","1","Poisoning","GRINJ-015",107,205414,52.1,42.2,62.0
,"Richmond County, GA","13245","2023","2023","Suicide","2","Firearm","GRINJ-006",24,205414,11.7,7.5,17.4
,"Richmond County, GA","13245","2023","2023","Suicide","2","Suffocation","GRINJ-017",13,205414,6.3,3.4,10.8
,"Richmond County, GA","13245","2023","2023","Homicide","3","Firearm","GRINJ-006",33,205414,16.1,11.1,22.6
,"Rockdale County, GA","13247","2023","2023","Unintentional","1","Fall","GRINJ-003",10,95987,10.4,5.0,19.2
,"Rockdale County, GA","13247","2023","2023","Unintentional","1","Motor Vehicle Traffic","GRINJ-008",19,95987,19.8,11.9,30.9
,"Rockdale County, GA","13247","2023","2023","Unintentional","1","Poisoning","GRINJ-015",33,95987,34.4,23.7,48.3
,"Rockdale County, GA","13247","2023","2023","Homicide","3","Firearm","GRINJ-006",20,95987,20.8,12.7,32.2
,"Spalding County, GA","13255","2023","2023","Unintentional","1","Motor Vehicle Traffic","GRINJ-008",21,69946,30.0,18.6,45.9
,"Spalding County, GA","13255","2023","2023","Unintentional","1","Poisoning","GRINJ-015",14,69946,20.0,10.9,33.6
,"Stephens County, GA","13257","2023","2023","Unintentional","1","Motor Vehicle Traffic","GRINJ-008",11,27228,40.4,20.2,72.3
,"Thomas County, GA","13275","2023","2023","Unintentional","1","Motor Vehicle Traffic","GRINJ-008",10,45649,21.9,10.5,40.3
,"Toombs County, GA","13279","2023","2023","Unintentional","1","Motor Vehicle Traffic","GRINJ-008",10,27040,37.0,17.7,68.0
,"Troup County, GA","13285","2023","2023","Unintentional","1","Motor Vehicle Traffic","GRINJ-008",19,70742,26.9,16.2,41.9
,"Troup County, GA","13285","2023","2023","Unintentional","1","Poisoning","GRINJ-015",16,70742,22.6,12.9,36.7
,"Troup County, GA","13285","2023","2023","Homicide","3","Firearm","GRINJ-006",11,70742,15.5,7.8,27.8
,"Walker County, GA","13295","2023","2023","Unintentional","1","Fall","GRINJ-003",10,69489,14.4,6.9,26.5
,"Walker County, GA","13295","2023","2023","Unintentional","1","Motor Vehicle Traffic","GRINJ-008",14,69489,20.1,11.0,33.8
,"Walker County, GA","13295","2023","2023","Unintentional","1","Poisoning","GRINJ-015",27,69489,38.9,25.6,56.5
,"Walton County, GA","13297","2023","2023","Unintentional","1","Fall","GRINJ-003",17,106702,15.9,9.3,25.5
,"Walton County, GA","13297","2023","2023","Unintentional","1","Motor Vehicle Traffic","GRINJ-008",17,106702,15.9,9.3,25.5
,"Walton County, GA","13297","2023","2023","Unintentional","1","Poisoning","GRINJ-015",24,106702,22.5,14.4,33.5
,"Walton County, GA","13297","2023","2023","Suicide","2","Firearm","GRINJ-006",11,106702,10.3,5.1,18.4
,"Ware County, GA","13299","2023","2023","Unintentional","1","Poisoning","GRINJ-015",10,36243,27.6,13.2,50.7
,"Wayne County, GA","13305","2023","2023","Unintentional","1","Poisoning","GRINJ-015",12,31373,38.2,19.8,66.8
,"Whitfield County, GA","13313","2023","2023","Unintentional","1","Motor Vehicle Traffic","GRINJ-008",20,103687,19.3,11.8,29.8
,"Whitfield County, GA","13313","2023","2023","Unintentional","1","Poisoning","GRINJ-015",16,103687,15.4,8.8,25.1
,"Whitfield County, GA","13313","2023","2023","Suicide","2","Firearm","GRINJ-006",10,103687,9.6,4.6,17.7
,"Hawaii County, HI","15001","2023","2023","Unintentional","1","Fall","GRINJ-003",20,207615,9.6,5.9,14.9
,"Hawaii County, HI","15001","2023","2023","Unintentional","1","Motor Vehicle Traffic","GRINJ-008",17,207615,8.2,4.8,13.1
,"Hawaii County, HI","15001","2023","2023","Unintentional","1","Poisoning","GRINJ-015",35,207615,16.9,11.7,23.4
,"Hawaii County, HI","15001","2023","2023","Unintentional","1","Suffocation","GRINJ-017",10,207615,4.8,2.3,8.9
,"Hawaii County, HI","15001","2023","2023","Suicide","2","Firearm","GRINJ-006",12,207615,5.8,3.0,10.1
,"Hawaii County, HI","15001","2023","2023","Suicide","2","Suffocation","GRINJ-017",25,207615,12.0,7.8,17.8
,"Honolulu County, HI","15003","2023","2023","Unintentional","1","Drowning","GRINJ-002",25,989408,2.5,1.6,3.7
,"Honolulu County, HI","15003","2023","2023","Unintentional","1","Fall","GRINJ-003",136,989408,13.7,11.4,16.1
,"Honolulu County, HI","15003","2023","2023","Unintentional","1","Fire/Flame","GRINJ-004",10,989408,1.0,0.5,1.9
,"Honolulu County, HI","15003","2023","2023","Unintentional","1","Motor Vehicle Traffic","GRINJ-008",61,989408,6.2,4.7,7.9
,"Honolulu County, HI","15003","2023","2023","Unintentional","1","Poisoning","GRINJ-015",185,989408,18.7,16.0,21.4
,"Honolulu County, HI","15003","2023","2023","Unintentional","1","Suffocation","GRINJ-017",30,989408,3.0,2.0,4.3
,"Honolulu County, HI","15003","2023","2023","Suicide","2","Fall","GRINJ-003",24,989408,2.4,1.6,3.6
,"Honolulu County, HI","15003","2023","2023","Suicide","2","Firearm","GRINJ-006",24,989408,2.4,1.6,3.6
,"Honolulu County, HI","15003","2023","2023","Suicide","2","Poisoning","GRINJ-015",16,989408,1.6,0.9,2.6
,"Honolulu County, HI","15003","2023","2023","Suicide","2","Suffocation","GRINJ-017",61,989408,6.2,4.7,7.9
,"Honolulu County, HI","15003","2023","2023","Homicide","3","Firearm","GRINJ-006",13,989408,1.3,0.7,2.2
,"Kauai County, HI","15007","2023","2023","Unintentional","1","Poisoning","GRINJ-015",23,73851,31.1,19.7,46.7
,"Maui County, HI","15009","2023","2023","Unintentional","1","Fall","GRINJ-003",15,164183,9.1,5.1,15.1
,"Maui County, HI","15009","2023","2023","Unintentional","1","Fire/Flame","GRINJ-004",95,164183,57.9,46.8,70.7
,"Maui County, HI","15009","2023","2023","Unintentional","1","Motor Vehicle Traffic","GRINJ-008",17,164183,10.4,6.0,16.6
,"Maui County, HI","15009","2023","2023","Unintentional","1","Poisoning","GRINJ-015",51,164183,31.1,23.1,40.8
,"Maui County, HI","15009","2023","2023","Suicide","2","Firearm","GRINJ-006",11,164183,6.7,3.3,12.0
,"Maui County, HI","15009","2023","2023","Suicide","2","Suffocation","GRINJ-017",17,164183,10.4,6.0,16.6
,"Ada County, ID","16001","2023","2023","Unintentional","1","Fall","GRINJ-003",99,524673,18.9,15.3,23.0
,"Ada County, ID","16001","2023","2023","Unintentional","1","Motor Vehicle Traffic","GRINJ-008",55,524673,10.5,7.9,13.6
,"Ada County, ID","16001","2023","2023","Unintentional","1","Poisoning","GRINJ-015",95,524673,18.1,14.6,22.1
,"Ada County, ID","16001","2023","2023","Unintentional","1","Suffocation","GRINJ-017",15,524673,2.9,1.6,4.7
,"Ada County, ID","16001","2023","2023","Suicide","2","Firearm","GRINJ-006",81,524673,15.4,12.3,19.2
,"Ada County, ID","16001","2023","2023","Suicide","2","Poisoning","GRINJ-015",14,524673,2.7,1.5,4.5
,"Ada County, ID","16001","2023","2023","Suicide","2","Suffocation","GRINJ-017",22,524673,4.2,2.6,6.3
,"Bannock County, ID","16005","2023","2023","Unintentional","1","Fall","GRINJ-003",15,90400,16.6,9.3,27.4
,"Bannock County, ID","16005","2023","2023","Unintentional","1","Poisoning","GRINJ-015",21,90400,23.2,14.4,35.5
,"Bannock County, ID","16005","2023","2023","Suicide","2","Firearm","GRINJ-006",17,90400,18.8,11.0,30.1
,"Bingham County, ID","16011","2023","2023","Unintentional","1","Motor Vehicle Traffic","GRINJ-008",12,50395,23.8,12.3,41.6
,"Bingham County, ID","16011","2023","2023","Unintentional","1","Poisoning","GRINJ-015",18,50395,35.7,21.2,56.4
,"Bonner County, ID","16017","2023","2023","Unintentional","1","Motor Vehicle Traffic","GRINJ-008",11,52547,20.9,10.5,37.5
,"Bonneville County, ID","16019","2023","2023","Unintentional","1","Fall","GRINJ-003",26,131366,19.8,12.9,29.0
,"Bonneville County, ID","16019","2023","2023","Unintentional","1","Motor Vehicle Traffic","GRINJ-008",21,131366,16.0,9.9,24.4
,"Bonneville County, ID","16019","2023","2023","Unintentional","1","Poisoning","GRINJ-015",25,131366,19.0,12.3,28.1
,"Bonneville County, ID","16019","2023","2023","Suicide","2","Firearm","GRINJ-006",16,131366,12.2,7.0,19.8
,"Canyon County, ID","16027","2023","2023","Unintentional","1","Fall","GRINJ-003",41,257674,15.9,11.4,21.6
,"Canyon County, ID","16027","2023","2023","Unintentional","1","Motor Vehicle Traffic","GRINJ-008",42,257674,16.3,11.7,22.0
,"Canyon County, ID","16027","2023","2023","Unintentional","1","Poisoning","GRINJ-015",49,257674,19.0,14.1,25.1
,"Canyon County, ID","16027","2023","2023","Unintentional","1","Suffocation","GRINJ-017",10,257674,3.9,1.9,7.1
,"Canyon County, ID","16027","2023","2023","Suicide","2","Firearm","GRINJ-006",36,257674,14.0,9.8,19.3
,"Canyon County, ID","16027","2023","2023","Suicide","2","Suffocation","GRINJ-017",13,257674,5.0,2.7,8.6
,"Gem County, ID","16045","2023","2023","Unintentional","1","Fall","GRINJ-003",10,21071,47.5,22.8,87.3
,"Idaho County, ID","16049","2023","2023","Unintentional","1","Fall","GRINJ-003",11,17890,61.5,30.7,110.0
,"Kootenai County, ID","16055","2023","2023","Unintentional","1","Fall","GRINJ-003",37,185010,20.0,14.1,27.6
,"Kootenai County, ID","16055","2023","2023","Unintentional","1","Motor Vehicle Traffic","GRINJ-008",22,185010,11.9,7.5,18.0
,"Kootenai County, ID","16055","2023","2023","Unintentional","1","Poisoning","GRINJ-015",29,185010,15.7,10.5,22.5
,"Kootenai County, ID","16055","2023","2023","Suicide","2","Firearm","GRINJ-006",26,185010,14.1,9.2,20.6
,"Nez Perce County, ID","16069","2023","2023","Unintentional","1","Fall","GRINJ-003",14,42987,32.6,17.8,54.6
,"Nez Perce County, ID","16069","2023","2023","Unintentional","1","Poisoning","GRINJ-015",14,42987,32.6,17.8,54.6
,"Twin Falls County, ID","16083","2023","2023","Unintentional","1","Fall","GRINJ-003",26,95156,27.3,17.8,40.0
,"Twin Falls County, ID","16083","2023","2023","Unintentional","1","Motor Vehicle Traffic","GRINJ-008",18,95156,18.9,11.2,29.9
,"Twin Falls County, ID","16083","2023","2023","Unintentional","1","Poisoning","GRINJ-015",18,95156,18.9,11.2,29.9
,"Twin Falls County, ID","16083","2023","2023","Suicide","2","Firearm","GRINJ-006",16,95156,16.8,9.6,27.3
,"Adams County, IL","17001","2023","2023","Unintentional","1","Poisoning","GRINJ-015",12,64441,18.6,9.6,32.5
,"Boone County, IL","17007","2023","2023","Unintentional","1","Fall","GRINJ-003",12,53202,22.6,11.7,39.4
,"Boone County, IL","17007","2023","2023","Unintentional","1","Poisoning","GRINJ-015",10,53202,18.8,9.0,34.6
,"Champaign County, IL","17019","2023","2023","Unintentional","1","Fall","GRINJ-003",25,205644,12.2,7.9,17.9
,"Champaign County, IL","17019","2023","2023","Unintentional","1","Motor Vehicle Traffic","GRINJ-008",22,205644,10.7,6.7,16.2
,"Champaign County, IL","17019","2023","2023","Unintentional","1","Poisoning","GRINJ-015",47,205644,22.9,16.8,30.4
,"Champaign County, IL","17019","2023","2023","Suicide","2","Suffocation","GRINJ-017",11,205644,5.3,2.7,9.6
,"Cook County, IL","17031","2023","2023","Unintentional","1","Drowning","GRINJ-002",47,5087072,0.9,0.7,1.2
,"Cook County, IL","17031","2023","2023","Unintentional","1","Fall","GRINJ-003",411,5087072,8.1,7.3,8.9
,"Cook County, IL","17031","2023","2023","Unintentional","1","Fire/Flame","GRINJ-004",45,5087072,0.9,0.6,1.2
,"Cook County, IL","17031","2023","2023","Unintentional","1","Motor Vehicle Traffic","GRINJ-008",455,5087072,8.9,8.1,9.8
,"Cook County, IL","17031","2023","2023","Unintentional","1","Other Pedestrian","GRINJ-010",13,5087072,0.3,0.1,0.4
,"Cook County, IL","17031","2023","2023","Unintentional","1","Natural/Environmental","GRINJ-013",26,5087072,0.5,0.3,0.7
,"Cook County, IL","17031","2023","2023","Unintentional","1","Poisoning","GRINJ-015",1883,5087072,37.0,35.3,38.7
,"Cook County, IL","17031","2023","2023","Unintentional","1","Suffocation","GRINJ-017",114,5087072,2.2,1.8,2.7
,"Cook County, IL","17031","2023","2023","Unintentional","1","Other specified, classifiable Injury","GRINJ-018",22,5087072,0.4,0.3,0.7
,"Cook County, IL","17031","2023","2023","Unintentional","1","Other specified, not elsewhere classified Injury","GRINJ-019",19,5087072,0.4,0.2,0.6
,"Cook County, IL","17031","2023","2023","Unintentional","1","Unspecified Injury","GRINJ-020",44,5087072,0.9,0.6,1.2
,"Cook County, IL","17031","2023","2023","Suicide","2","Cut/Pierce","GRINJ-001",10,5087072,0.2,0.1,0.4
,"Cook County, IL","17031","2023","2023","Suicide","2","Fall","GRINJ-003",34,5087072,0.7,0.5,0.9
,"Cook County, IL","17031","2023","2023","Suicide","2","Firearm","GRINJ-006",198,5087072,3.9,3.4,4.4
,"Cook County, IL","17031","2023","2023","Suicide","2","Poisoning","GRINJ-015",68,5087072,1.3,1.0,1.7
,"Cook County, IL","17031","2023","2023","Suicide","2","Suffocation","GRINJ-017",155,5087072,3.0,2.6,3.5
,"Cook County, IL","17031","2023","2023","Suicide","2","Other specified, classifiable Injury","GRINJ-018",27,5087072,0.5,0.3,0.8
,"Cook County, IL","17031","2023","2023","Homicide","3","Cut/Pierce","GRINJ-001",23,5087072,0.5,0.3,0.7
,"Cook County, IL","17031","2023","2023","Homicide","3","Firearm","GRINJ-006",688,5087072,13.5,12.5,14.5
,"Cook County, IL","17031","2023","2023","Homicide","3","Other specified, not elsewhere classified Injury","GRINJ-019",21,5087072,0.4,0.3,0.6
,"Cook County, IL","17031","2023","2023","Homicide","3","Unspecified Injury","GRINJ-020",52,5087072,1.0,0.8,1.3
,"Cook County, IL","17031","2023","2023","Undetermined ","4","Drowning","GRINJ-002",17,5087072,0.3,0.2,0.5
,"Cook County, IL","17031","2023","2023","Undetermined ","4","Poisoning","GRINJ-015",15,5087072,0.3,0.2,0.5
,"Cook County, IL","17031","2023","2023","Undetermined ","4","Unspecified Injury","GRINJ-020",12,5087072,0.2,0.1,0.4
,"DeKalb County, IL","17037","2023","2023","Unintentional","1","Motor Vehicle Traffic","GRINJ-008",13,100288,13.0,6.9,22.2
,"DeKalb County, IL","17037","2023","2023","Unintentional","1","Poisoning","GRINJ-015",15,100288,15.0,8.4,24.7
,"DuPage County, IL","17043","2023","2023","Unintentional","1","Drowning","GRINJ-002",11,921213,1.2,0.6,2.1
,"DuPage County, IL","17043","2023","2023","Unintentional","1","Fall","GRINJ-003",68,921213,7.4,5.7,9.4
,"DuPage County, IL","17043","2023","2023","Unintentional","1","Motor Vehicle Traffic","GRINJ-008",52,921213,5.6,4.2,7.4
,"DuPage County, IL","17043","2023","2023","Unintentional","1","Poisoning","GRINJ-015",128,921213,13.9,11.5,16.3
,"DuPage County, IL","17043","2023","2023","Unintentional","1","Suffocation","GRINJ-017",21,921213,2.3,1.4,3.5
,"DuPage County, IL","17043","2023","2023","Suicide","2","Firearm","GRINJ-006",32,921213,3.5,2.4,4.9
,"DuPage County, IL","17043","2023","2023","Suicide","2","Suffocation","GRINJ-017",25,921213,2.7,1.8,4.0
,"Franklin County, IL","17055","2023","2023","Unintentional","1","Fall","GRINJ-003",10,37138,26.9,12.9,49.5
,"Franklin County, IL","17055","2023","2023","Unintentional","1","Motor Vehicle Traffic","GRINJ-008",10,37138,26.9,12.9,49.5
,"Fulton County, IL","17057","2023","2023","Unintentional","1","Fall","GRINJ-003",13,32541,39.9,21.3,68.3
,"Grundy County, IL","17063","2023","2023","Unintentional","1","Poisoning","GRINJ-015",14,53578,26.1,14.3,43.8
,"Henry County, IL","17073","2023","2023","Unintentional","1","Fall","GRINJ-003",14,48448,28.9,15.8,48.5
,"Jackson County, IL","17077","2023","2023","Unintentional","1","Poisoning","GRINJ-015",14,52141,26.9,14.7,45.1
,"Kane County, IL","17089","2023","2023","Unintentional","1","Fall","GRINJ-003",58,514982,11.3,8.6,14.6
,"Kane County, IL","17089","2023","2023","Unintentional","1","Motor Vehicle Traffic","GRINJ-008",51,514982,9.9,7.4,13.0
,"Kane County, IL","17089","2023","2023","Unintentional","1","Poisoning","GRINJ-015",81,514982,15.7,12.5,19.5
,"Kane County, IL","17089","2023","2023","Unintentional","1","Suffocation","GRINJ-017",10,514982,1.9,0.9,3.6
,"Kane County, IL","17089","2023","2023","Suicide","2","Firearm","GRINJ-006",13,514982,2.5,1.3,4.3
,"Kane County, IL","17089","2023","2023","Suicide","2","Suffocation","GRINJ-017",19,514982,3.7,2.2,5.8
,"Kane County, IL","17089","2023","2023","Homicide","3","Firearm","GRINJ-006",16,514982,3.1,1.8,5.0
,"Kankakee County, IL","17091","2023","2023","Unintentional","1","Fall","GRINJ-003",18,105940,17.0,10.1,26.9
,"Kankakee County, IL","17091","2023","2023","Unintentional","1","Motor Vehicle Traffic","GRINJ-008",15,105940,14.2,7.9,23.4
,"Kankakee County, IL","17091","2023","2023","Unintentional","1","Poisoning","GRINJ-015",34,105940,32.1,22.2,44.8
,"Kendall County, IL","17093","2023","2023","Unintentional","1","Fall","GRINJ-003",13,139976,9.3,4.9,15.9
,"Kendall County, IL","17093","2023","2023","Unintentional","1","Poisoning","GRINJ-015",18,139976,12.9,7.6,20.3
,"Knox County, IL","17095","2023","2023","Unintentional","1","Fall","GRINJ-003",10,48411,20.7,9.9,38.0
,"Lake County, IL","17097","2023","2023","Unintentional","1","Fall","GRINJ-003",57,708760,8.0,6.1,10.4
,"Lake County, IL","17097","2023","2023","Unintentional","1","Motor Vehicle Traffic","GRINJ-008",61,708760,8.6,6.6,11.1
,"Lake County, IL","17097","2023","2023","Unintentional","1","Poisoning","GRINJ-015",143,708760,20.2,16.9,23.5
,"Lake County, IL","17097","2023","2023","Unintentional","1","Suffocation","GRINJ-017",13,708760,1.8,1.0,3.1
,"Lake County, IL","17097","2023","2023","Suicide","2","Firearm","GRINJ-006",45,708760,6.3,4.6,8.5
,"Lake County, IL","17097","2023","2023","Suicide","2","Poisoning","GRINJ-015",12,708760,1.7,0.9,3.0
,"Lake County, IL","17097","2023","2023","Suicide","2","Suffocation","GRINJ-017",19,708760,2.7,1.6,4.2
,"Lake County, IL","17097","2023","2023","Homicide","3","Firearm","GRINJ-006",23,708760,3.2,2.1,4.9
,"LaSalle County, IL","17099","2023","2023","Unintentional","1","Fall","GRINJ-003",17,108309,15.7,9.1,25.1
,"LaSalle County, IL","17099","2023","2023","Unintentional","1","Motor Vehicle Traffic","GRINJ-008",13,108309,12.0,6.4,20.5
,"LaSalle County, IL","17099","2023","2023","Unintentional","1","Poisoning","GRINJ-015",21,108309,19.4,12.0,29.6
,"LaSalle County, IL","17099","2023","2023","Suicide","2","Firearm","GRINJ-006",10,108309,9.2,4.4,17.0
,"McHenry County, IL","17111","2023","2023","Unintentional","1","Fall","GRINJ-003",39,312800,12.5,8.9,17.0
,"McHenry County, IL","17111","2023","2023","Unintentional","1","Motor Vehicle Traffic","GRINJ-008",22,312800,7.0,4.4,10.6
,"McHenry County, IL","17111","2023","2023","Unintentional","1","Poisoning","GRINJ-015",47,312800,15.0,11.0,20.0
,"McHenry County, IL","17111","2023","2023","Suicide","2","Firearm","GRINJ-006",14,312800,4.5,2.4,7.5
,"McHenry County, IL","17111","2023","2023","Suicide","2","Suffocation","GRINJ-017",14,312800,4.5,2.4,7.5
,"McLean County, IL","17113","2023","2023","Unintentional","1","Fall","GRINJ-003",26,170441,15.3,10.0,22.4
,"McLean County, IL","17113","2023","2023","Unintentional","1","Motor Vehicle Traffic","GRINJ-008",20,170441,11.7,7.2,18.1
,"McLean County, IL","17113","2023","2023","Unintentional","1","Poisoning","GRINJ-015",29,170441,17.0,11.4,24.4
,"McLean County, IL","17113","2023","2023","Suicide","2","Firearm","GRINJ-006",14,170441,8.2,4.5,13.8
,"Macon County, IL","17115","2023","2023","Unintentional","1","Fall","GRINJ-003",15,100591,14.9,8.3,24.6
,"Macon County, IL","17115","2023","2023","Unintentional","1","Motor Vehicle Traffic","GRINJ-008",18,100591,17.9,10.6,28.3
,"Macon County, IL","17115","2023","2023","Unintentional","1","Poisoning","GRINJ-015",26,100591,25.8,16.9,37.9
,"Macon County, IL","17115","2023","2023","Homicide","3","Firearm","GRINJ-006",16,100591,15.9,9.1,25.8
,"Macoupin County, IL","17117","2023","2023","Unintentional","1","Fall","GRINJ-003",10,44018,22.7,10.9,41.8
,"Macoupin County, IL","17117","2023","2023","Unintentional","1","Poisoning","GRINJ-015",10,44018,22.7,10.9,41.8
,"Madison County, IL","17119","2023","2023","Unintentional","1","Fall","GRINJ-003",68,262752,25.9,20.1,32.8
,"Madison County, IL","17119","2023","2023","Unintentional","1","Motor Vehicle Traffic","GRINJ-008",40,262752,15.2,10.9,20.7
,"Madison County, IL","17119","2023","2023","Unintentional","1","Poisoning","GRINJ-015",86,262752,32.7,26.2,40.4
,"Madison County, IL","17119","2023","2023","Unintentional","1","Suffocation","GRINJ-017",10,262752,3.8,1.8,7.0
,"Madison County, IL","17119","2023","2023","Suicide","2","Firearm","GRINJ-006",21,262752,8.0,4.9,12.2
,"Madison County, IL","17119","2023","2023","Suicide","2","Suffocation","GRINJ-017",14,262752,5.3,2.9,8.9
,"Madison County, IL","17119","2023","2023","Homicide","3","Firearm","GRINJ-006",13,262752,4.9,2.6,8.5
,"Monroe County, IL","17133","2023","2023","Unintentional","1","Fall","GRINJ-003",12,34957,34.3,17.7,60.0
,"Ogle County, IL","17141","2023","2023","Unintentional","1","Motor Vehicle Traffic","GRINJ-008",12,51265,23.4,12.1,40.9
,"Ogle County, IL","17141","2023","2023","Unintentional","1","Poisoning","GRINJ-015",13,51265,25.4,13.5,43.4
,"Peoria County, IL","17143","2023","2023","Unintentional","1","Fall","GRINJ-003",50,177513,28.2,20.9,37.1
,"Peoria County, IL","17143","2023","2023","Unintentional","1","Motor Vehicle Traffic","GRINJ-008",16,177513,9.0,5.2,14.6
,"Peoria County, IL","17143","2023","2023","Unintentional","1","Poisoning","GRINJ-015",61,177513,34.4,26.3,44.1
,"Peoria County, IL","17143","2023","2023","Suicide","2","Firearm","GRINJ-006",18,177513,10.1,6.0,16.0
,"Peoria County, IL","17143","2023","2023","Suicide","2","Suffocation","GRINJ-017",14,177513,7.9,4.3,13.2
,"Peoria County, IL","17143","2023","2023","Homicide","3","Firearm","GRINJ-006",20,177513,11.3,6.9,17.4
,"Rock Island County, IL","17161","2023","2023","Unintentional","1","Fall","GRINJ-003",48,141236,34.0,25.1,45.1
,"Rock Island County, IL","17161","2023","2023","Unintentional","1","Motor Vehicle Traffic","GRINJ-008",16,141236,11.3,6.5,18.4
,"Rock Island County, IL","17161","2023","2023","Unintentional","1","Poisoning","GRINJ-015",21,141236,14.9,9.2,22.7
,"Rock Island County, IL","17161","2023","2023","Suicide","2","Firearm","GRINJ-006",13,141236,9.2,4.9,15.7
,"Rock Island County, IL","17161","2023","2023","Suicide","2","Suffocation","GRINJ-017",11,141236,7.8,3.9,13.9
,"St. Clair County, IL","17163","2023","2023","Unintentional","1","Fall","GRINJ-003",24,251018,9.6,6.1,14.2
,"St. Clair County, IL","17163","2023","2023","Unintentional","1","Motor Vehicle Traffic","GRINJ-008",39,251018,15.5,11.0,21.2
,"St. Clair County, IL","17163","2023","2023","Unintentional","1","Poisoning","GRINJ-015",82,251018,32.7,26.0,40.5
,"St. Clair County, IL","17163","2023","2023","Suicide","2","Firearm","GRINJ-006",24,251018,9.6,6.1,14.2
,"St. Clair County, IL","17163","2023","2023","Homicide","3","Firearm","GRINJ-006",58,251018,23.1,17.5,29.9
,"Saline County, IL","17165","2023","2023","Unintentional","1","Motor Vehicle Traffic","GRINJ-008",11,22873,48.1,24.0,86.0
,"Sangamon County, IL","17167","2023","2023","Unintentional","1","Fall","GRINJ-003",32,193491,16.5,11.3,23.3
,"Sangamon County, IL","17167","2023","2023","Unintentional","1","Motor Vehicle Traffic","GRINJ-008",26,193491,13.4,8.8,19.7
,"Sangamon County, IL","17167","2023","2023","Unintentional","1","Poisoning","GRINJ-015",75,193491,38.8,30.5,48.6
,"Sangamon County, IL","17167","2023","2023","Suicide","2","Firearm","GRINJ-006",18,193491,9.3,5.5,14.7
,"Sangamon County, IL","17167","2023","2023","Suicide","2","Suffocation","GRINJ-017",11,193491,5.7,2.8,10.2
,"Stephenson County, IL","17177","2023","2023","Unintentional","1","Fall","GRINJ-003",13,43105,30.2,16.1,51.6
,"Stephenson County, IL","17177","2023","2023","Unintentional","1","Motor Vehicle Traffic","GRINJ-008",11,43105,25.5,12.7,45.7
,"Stephenson County, IL","17177","2023","2023","Unintentional","1","Poisoning","GRINJ-015",17,43105,39.4,23.0,63.1
,"Tazewell County, IL","17179","2023","2023","Unintentional","1","Fall","GRINJ-003",37,129541,28.6,20.1,39.4
,"Tazewell County, IL","17179","2023","2023","Unintentional","1","Motor Vehicle Traffic","GRINJ-008",12,129541,9.3,4.8,16.2
,"Tazewell County, IL","17179","2023","2023","Unintentional","1","Poisoning","GRINJ-015",32,129541,24.7,16.9,34.9
,"Vermilion County, IL","17183","2023","2023","Unintentional","1","Fall","GRINJ-003",17,71652,23.7,13.8,38.0
,"Vermilion County, IL","17183","2023","2023","Unintentional","1","Motor Vehicle Traffic","GRINJ-008",13,71652,18.1,9.7,31.0
,"Vermilion County, IL","17183","2023","2023","Unintentional","1","Poisoning","GRINJ-015",32,71652,44.7,30.5,63.0
,"Vermilion County, IL","17183","2023","2023","Suicide","2","Firearm","GRINJ-006",10,71652,14.0,6.7,25.7
,"Will County, IL","17197","2023","2023","Unintentional","1","Fall","GRINJ-003",73,700728,10.4,8.2,13.1
,"Will County, IL","17197","2023","2023","Unintentional","1","Motor Vehicle Traffic","GRINJ-008",43,700728,6.1,4.4,8.3
,"Will County, IL","17197","2023","2023","Unintentional","1","Poisoning","GRINJ-015",132,700728,18.8,15.6,22.1
,"Will County, IL","17197","2023","2023","Suicide","2","Firearm","GRINJ-006",39,700728,5.6,4.0,7.6
,"Will County, IL","17197","2023","2023","Suicide","2","Poisoning","GRINJ-015",17,700728,2.4,1.4,3.9
,"Will County, IL","17197","2023","2023","Suicide","2","Suffocation","GRINJ-017",19,700728,2.7,1.6,4.2
,"Will County, IL","17197","2023","2023","Homicide","3","Firearm","GRINJ-006",27,700728,3.9,2.5,5.6
,"Winnebago County, IL","17201","2023","2023","Unintentional","1","Fall","GRINJ-003",38,280922,13.5,9.6,18.6
,"Winnebago County, IL","17201","2023","2023","Unintentional","1","Motor Vehicle Traffic","GRINJ-008",44,280922,15.7,11.4,21.0
,"Winnebago County, IL","17201","2023","2023","Unintentional","1","Poisoning","GRINJ-015",143,280922,50.9,42.6,59.2
,"Winnebago County, IL","17201","2023","2023","Suicide","2","Firearm","GRINJ-006",14,280922,5.0,2.7,8.4
,"Winnebago County, IL","17201","2023","2023","Suicide","2","Suffocation","GRINJ-017",17,280922,6.1,3.5,9.7
,"Winnebago County, IL","17201","2023","2023","Homicide","3","Firearm","GRINJ-006",17,280922,6.1,3.5,9.7
,"Allen County, IN","18003","2023","2023","Unintentional","1","Fall","GRINJ-003",64,394545,16.2,12.5,20.7
,"Allen County, IN","18003","2023","2023","Unintentional","1","Motor Vehicle Traffic","GRINJ-008",42,394545,10.6,7.7,14.4
,"Allen County, IN","18003","2023","2023","Unintentional","1","Poisoning","GRINJ-015",90,394545,22.8,18.3,28.0
,"Allen County, IN","18003","2023","2023","Suicide","2","Firearm","GRINJ-006",34,394545,8.6,6.0,12.0
,"Allen County, IN","18003","2023","2023","Suicide","2","Suffocation","GRINJ-017",18,394545,4.6,2.7,7.2
,"Allen County, IN","18003","2023","2023","Homicide","3","Firearm","GRINJ-006",27,394545,6.8,4.5,10.0
,"Bartholomew County, IN","18005","2023","2023","Unintentional","1","Motor Vehicle Traffic","GRINJ-008",11,84003,13.1,6.5,23.4
,"Bartholomew County, IN","18005","2023","2023","Unintentional","1","Poisoning","GRINJ-015",27,84003,32.1,21.2,46.8
,"Bartholomew County, IN","18005","2023","2023","Suicide","2","Firearm","GRINJ-006",10,84003,11.9,5.7,21.9
,"Boone County, IN","18011","2023","2023","Unintentional","1","Poisoning","GRINJ-015",18,76120,23.6,14.0,37.4
,"Boone County, IN","18011","2023","2023","Suicide","2","Firearm","GRINJ-006",13,76120,17.1,9.1,29.2
,"Clark County, IN","18019","2023","2023","Unintentional","1","Motor Vehicle Traffic","GRINJ-008",14,125467,11.2,6.1,18.7
,"Clark County, IN","18019","2023","2023","Unintentional","1","Poisoning","GRINJ-015",65,125467,51.8,40.0,66.0
,"Clark County, IN","18019","2023","2023","Suicide","2","Firearm","GRINJ-006",15,125467,12.0,6.7,19.7
,"Clinton County, IN","18023","2023","2023","Unintentional","1","Poisoning","GRINJ-015",10,32730,30.6,14.7,56.2
,"Dearborn County, IN","18029","2023","2023","Unintentional","1","Poisoning","GRINJ-015",13,51215,25.4,13.5,43.4
,"Delaware County, IN","18035","2023","2023","Unintentional","1","Fall","GRINJ-003",16,112321,14.2,8.1,23.1
,"Delaware County, IN","18035","2023","2023","Unintentional","1","Motor Vehicle Traffic","GRINJ-008",14,112321,12.5,6.8,20.9
,"Delaware County, IN","18035","2023","2023","Unintentional","1","Poisoning","GRINJ-015",65,112321,57.9,44.7,73.8
,"Delaware County, IN","18035","2023","2023","Unintentional","1","Unspecified Injury","GRINJ-020",10,112321,8.9,4.3,16.4
,"Delaware County, IN","18035","2023","2023","Suicide","2","Firearm","GRINJ-006",17,112321,15.1,8.8,24.2
,"Dubois County, IN","18037","2023","2023","Unintentional","1","Motor Vehicle Traffic","GRINJ-008",11,43546,25.3,12.6,45.2
,"Elkhart County, IN","18039","2023","2023","Unintentional","1","Fall","GRINJ-003",35,206409,17.0,11.8,23.6
,"Elkhart County, IN","18039","2023","2023","Unintentional","1","Motor Vehicle Traffic","GRINJ-008",30,206409,14.5,9.8,20.7
,"Elkhart County, IN","18039","2023","2023","Unintentional","1","Poisoning","GRINJ-015",28,206409,13.6,9.0,19.6
,"Elkhart County, IN","18039","2023","2023","Suicide","2","Firearm","GRINJ-006",21,206409,10.2,6.3,15.6
,"Elkhart County, IN","18039","2023","2023","Homicide","3","Firearm","GRINJ-006",11,206409,5.3,2.7,9.5
,"Fayette County, IN","18041","2023","2023","Unintentional","1","Poisoning","GRINJ-015",14,23362,59.9,32.8,100.5
,"Floyd County, IN","18043","2023","2023","Unintentional","1","Poisoning","GRINJ-015",37,80809,45.8,32.2,63.1
,"Grant County, IN","18053","2023","2023","Unintentional","1","Motor Vehicle Traffic","GRINJ-008",10,66200,15.1,7.2,27.8
,"Grant County, IN","18053","2023","2023","Unintentional","1","Poisoning","GRINJ-015",36,66200,54.4,38.1,75.3
,"Grant County, IN","18053","2023","2023","Suicide","2","Firearm","GRINJ-006",17,66200,25.7,15.0,41.1
,"Greene County, IN","18055","2023","2023","Unintentional","1","Motor Vehicle Traffic","GRINJ-008",10,31196,32.1,15.4,59.0
,"Hamilton County, IN","18057","2023","2023","Unintentional","1","Fall","GRINJ-003",37,371645,10.0,7.0,13.7
,"Hamilton County, IN","18057","2023","2023","Unintentional","1","Motor Vehicle Traffic","GRINJ-008",23,371645,6.2,3.9,9.3
,"Hamilton County, IN","18057","2023","2023","Unintentional","1","Poisoning","GRINJ-015",55,371645,14.8,11.1,19.3
,"Hamilton County, IN","18057","2023","2023","Suicide","2","Firearm","GRINJ-006",28,371645,7.5,5.0,10.9
,"Hancock County, IN","18059","2023","2023","Unintentional","1","Motor Vehicle Traffic","GRINJ-008",10,86166,11.6,5.6,21.3
,"Hancock County, IN","18059","2023","2023","Unintentional","1","Poisoning","GRINJ-015",20,86166,23.2,14.2,35.8
,"Harrison County, IN","18061","2023","2023","Unintentional","1","Poisoning","GRINJ-015",17,40006,42.5,24.8,68.0
,"Hendricks County, IN","18063","2023","2023","Unintentional","1","Fall","GRINJ-003",23,186387,12.3,7.8,18.5
,"Hendricks County, IN","18063","2023","2023","Unintentional","1","Motor Vehicle Traffic","GRINJ-008",12,186387,6.4,3.3,11.2
,"Hendricks County, IN","18063","2023","2023","Unintentional","1","Poisoning","GRINJ-015",10,186387,5.4,2.6,9.9
,"Hendricks County, IN","18063","2023","2023","Suicide","2","Firearm","GRINJ-006",21,186387,11.3,7.0,17.2
,"Hendricks County, IN","18063","2023","2023","Suicide","2","Suffocation","GRINJ-017",10,186387,5.4,2.6,9.9
,"Hendricks County, IN","18063","2023","2023","Undetermined ","4","Poisoning","GRINJ-015",22,186387,11.8,7.4,17.9
,"Henry County, IN","18065","2023","2023","Unintentional","1","Motor Vehicle Traffic","GRINJ-008",12,48929,24.5,12.7,42.8
,"Henry County, IN","18065","2023","2023","Unintentional","1","Poisoning","GRINJ-015",17,48929,34.7,20.2,55.6
,"Howard County, IN","18067","2023","2023","Unintentional","1","Fall","GRINJ-003",21,83831,25.1,15.5,38.3
,"Howard County, IN","18067","2023","2023","Unintentional","1","Motor Vehicle Traffic","GRINJ-008",18,83831,21.5,12.7,33.9
,"Howard County, IN","18067","2023","2023","Unintentional","1","Poisoning","GRINJ-015",34,83831,40.6,28.1,56.7
,"Jackson County, IN","18071","2023","2023","Unintentional","1","Fall","GRINJ-003",10,46460,21.5,10.3,39.6
,"Jackson County, IN","18071","2023","2023","Unintentional","1","Motor Vehicle Traffic","GRINJ-008",11,46460,23.7,11.8,42.4
,"Jackson County, IN","18071","2023","2023","Unintentional","1","Poisoning","GRINJ-015",12,46460,25.8,13.3,45.1
,"Jasper County, IN","18073","2023","2023","Unintentional","1","Motor Vehicle Traffic","GRINJ-008",11,33535,32.8,16.4,58.7
,"Jay County, IN","18075","2023","2023","Unintentional","1","Poisoning","GRINJ-015",12,20032,59.9,31.0,104.6
,"Jefferson County, IN","18077","2023","2023","Unintentional","1","Poisoning","GRINJ-015",10,33056,30.3,14.5,55.6
,"Jennings County, IN","18079","2023","2023","Unintentional","1","Poisoning","GRINJ-015",16,27622,57.9,33.1,94.1
,"Johnson County, IN","18081","2023","2023","Unintentional","1","Fall","GRINJ-003",14,167819,8.3,4.6,14.0
,"Johnson County, IN","18081","2023","2023","Unintentional","1","Motor Vehicle Traffic","GRINJ-008",16,167819,9.5,5.4,15.5
,"Johnson County, IN","18081","2023","2023","Unintentional","1","Poisoning","GRINJ-015",34,167819,20.3,14.0,28.3
,"Johnson County, IN","18081","2023","2023","Suicide","2","Firearm","GRINJ-006",21,167819,12.5,7.7,19.1
,"Knox County, IN","18083","2023","2023","Unintentional","1","Fall","GRINJ-003",11,36070,30.5,15.2,54.6
,"Kosciusko County, IN","18085","2023","2023","Unintentional","1","Fall","GRINJ-003",11,80364,13.7,6.8,24.5
,"Kosciusko County, IN","18085","2023","2023","Unintentional","1","Motor Vehicle Traffic","GRINJ-008",14,80364,17.4,9.5,29.2
,"Kosciusko County, IN","18085","2023","2023","Unintentional","1","Poisoning","GRINJ-015",19,80364,23.6,14.2,36.9
,"Lake County, IN","18089","2023","2023","Unintentional","1","Fall","GRINJ-003",37,500598,7.4,5.2,10.2
,"Lake County, IN","18089","2023","2023","Unintentional","1","Motor Vehicle Traffic","GRINJ-008",64,500598,12.8,9.8,16.3
,"Lake County, IN","18089","2023","2023","Unintentional","1","Poisoning","GRINJ-015",175,500598,35.0,29.8,40.1
,"Lake County, IN","18089","2023","2023","Unintentional","1","Suffocation","GRINJ-017",19,500598,3.8,2.3,5.9
,"Lake County, IN","18089","2023","2023","Unintentional","1","Unspecified Injury","GRINJ-020",11,500598,2.2,1.1,3.9
,"Lake County, IN","18089","2023","2023","Suicide","2","Firearm","GRINJ-006",57,500598,11.4,8.6,14.8
,"Lake County, IN","18089","2023","2023","Suicide","2","Suffocation","GRINJ-017",23,500598,4.6,2.9,6.9
,"Lake County, IN","18089","2023","2023","Homicide","3","Firearm","GRINJ-006",77,500598,15.4,12.1,19.2
,"La Porte County, IN","18091","2023","2023","Unintentional","1","Motor Vehicle Traffic","GRINJ-008",25,111706,22.4,14.5,33.0
,"La Porte County, IN","18091","2023","2023","Unintentional","1","Poisoning","GRINJ-015",36,111706,32.2,22.6,44.6
,"La Porte County, IN","18091","2023","2023","Suicide","2","Firearm","GRINJ-006",17,111706,15.2,8.9,24.4
,"Lawrence County, IN","18093","2023","2023","Undetermined ","4","Poisoning","GRINJ-015",13,45084,28.8,15.4,49.3
,"Madison County, IN","18095","2023","2023","Unintentional","1","Motor Vehicle Traffic","GRINJ-008",24,132504,18.1,11.6,27.0
,"Madison County, IN","18095","2023","2023","Unintentional","1","Poisoning","GRINJ-015",57,132504,43.0,32.6,55.7
,"Madison County, IN","18095","2023","2023","Suicide","2","Firearm","GRINJ-006",20,132504,15.1,9.2,23.3
,"Madison County, IN","18095","2023","2023","Suicide","2","Suffocation","GRINJ-017",11,132504,8.3,4.1,14.9
,"Marion County, IN","18097","2023","2023","Unintentional","1","Drowning","GRINJ-002",14,968460,1.4,0.8,2.4
,"Marion County, IN","18097","2023","2023","Unintentional","1","Fall","GRINJ-003",100,968460,10.3,8.3,12.3
,"Marion County, IN","18097","2023","2023","Unintentional","1","Motor Vehicle Traffic","GRINJ-008",149,968460,15.4,12.9,17.9
,"Marion County, IN","18097","2023","2023","Unintentional","1","Poisoning","GRINJ-015",576,968460,59.5,54.6,64.3
,"Marion County, IN","18097","2023","2023","Unintentional","1","Suffocation","GRINJ-017",20,968460,2.1,1.3,3.2
,"Marion County, IN","18097","2023","2023","Unintentional","1","Unspecified Injury","GRINJ-020",11,968460,1.1,0.6,2.0
,"Marion County, IN","18097","2023","2023","Suicide","2","Firearm","GRINJ-006",84,968460,8.7,6.9,10.7
,"Marion County, IN","18097","2023","2023","Suicide","2","Poisoning","GRINJ-015",14,968460,1.4,0.8,2.4
,"Marion County, IN","18097","2023","2023","Suicide","2","Suffocation","GRINJ-017",27,968460,2.8,1.8,4.1
,"Marion County, IN","18097","2023","2023","Homicide","3","Firearm","GRINJ-006",192,968460,19.8,17.0,22.6
,"Marion County, IN","18097","2023","2023","Undetermined ","4","Poisoning","GRINJ-015",12,968460,1.2,0.6,2.2
,"Miami County, IN","18103","2023","2023","Unintentional","1","Motor Vehicle Traffic","GRINJ-008",11,35402,31.1,15.5,55.6
,"Monroe County, IN","18105","2023","2023","Unintentional","1","Fall","GRINJ-003",14,139342,10.0,5.5,16.9
,"Monroe County, IN","18105","2023","2023","Unintentional","1","Poisoning","GRINJ-015",57,139342,40.9,31.0,53.0
,"Monroe County, IN","18105","2023","2023","Suicide","2","Firearm","GRINJ-006",10,139342,7.2,3.4,13.2
,"Morgan County, IN","18109","2023","2023","Unintentional","1","Motor Vehicle Traffic","GRINJ-008",13,73227,17.8,9.5,30.4
,"Morgan County, IN","18109","2023","2023","Unintentional","1","Poisoning","GRINJ-015",19,73227,25.9,15.6,40.5
,"Noble County, IN","18113","2023","2023","Unintentional","1","Fall","GRINJ-003",10,47430,21.1,10.1,38.8
,"Porter County, IN","18127","2023","2023","Unintentional","1","Fall","GRINJ-003",14,175335,8.0,4.4,13.4
,"Porter County, IN","18127","2023","2023","Unintentional","1","Motor Vehicle Traffic","GRINJ-008",13,175335,7.4,3.9,12.7
,"Porter County, IN","18127","2023","2023","Unintentional","1","Poisoning","GRINJ-015",42,175335,24.0,17.3,32.4
,"Porter County, IN","18127","2023","2023","Suicide","2","Firearm","GRINJ-006",20,175335,11.4,7.0,17.6
,"Randolph County, IN","18135","2023","2023","Unintentional","1","Poisoning","GRINJ-015",12,24216,49.6,25.6,86.6
,"St. Joseph County, IN","18141","2023","2023","Unintentional","1","Fall","GRINJ-003",22,272848,8.1,5.1,12.2
,"St. Joseph County, IN","18141","2023","2023","Unintentional","1","Motor Vehicle Traffic","GRINJ-008",34,272848,12.5,8.6,17.4
,"St. Joseph County, IN","18141","2023","2023","Unintentional","1","Poisoning","GRINJ-015",86,272848,31.5,25.2,38.9
,"St. Joseph County, IN","18141","2023","2023","Suicide","2","Firearm","GRINJ-006",18,272848,6.6,3.9,10.4
,"St. Joseph County, IN","18141","2023","2023","Suicide","2","Suffocation","GRINJ-017",15,272848,5.5,3.1,9.1
,"St. Joseph County, IN","18141","2023","2023","Homicide","3","Firearm","GRINJ-006",25,272848,9.2,5.9,13.5
,"Scott County, IN","18143","2023","2023","Undetermined ","4","Poisoning","GRINJ-015",10,24657,40.6,19.4,74.6
,"Shelby County, IN","18145","2023","2023","Unintentional","1","Poisoning","GRINJ-015",14,45231,31.0,16.9,51.9
,"Tippecanoe County, IN","18157","2023","2023","Unintentional","1","Fall","GRINJ-003",27,188792,14.3,9.4,20.8
,"Tippecanoe County, IN","18157","2023","2023","Unintentional","1","Motor Vehicle Traffic","GRINJ-008",15,188792,7.9,4.4,13.1
,"Tippecanoe County, IN","18157","2023","2023","Unintentional","1","Poisoning","GRINJ-015",30,188792,15.9,10.7,22.7
,"Tippecanoe County, IN","18157","2023","2023","Suicide","2","Firearm","GRINJ-006",14,188792,7.4,4.1,12.4
,"Tippecanoe County, IN","18157","2023","2023","Undetermined ","4","Poisoning","GRINJ-015",13,188792,6.9,3.7,11.8
,"Vanderburgh County, IN","18163","2023","2023","Unintentional","1","Fall","GRINJ-003",35,179810,19.5,13.6,27.1
,"Vanderburgh County, IN","18163","2023","2023","Unintentional","1","Motor Vehicle Traffic","GRINJ-008",21,179810,11.7,7.2,17.9
,"Vanderburgh County, IN","18163","2023","2023","Unintentional","1","Poisoning","GRINJ-015",41,179810,22.8,16.4,30.9
,"Vanderburgh County, IN","18163","2023","2023","Unintentional","1","Suffocation","GRINJ-017",11,179810,6.1,3.1,10.9
,"Vanderburgh County, IN","18163","2023","2023","Suicide","2","Firearm","GRINJ-006",27,179810,15.0,9.9,21.8
,"Vigo County, IN","18167","2023","2023","Unintentional","1","Motor Vehicle Traffic","GRINJ-008",14,106153,13.2,7.2,22.1
,"Vigo County, IN","18167","2023","2023","Unintentional","1","Poisoning","GRINJ-015",27,106153,25.4,16.8,37.0
,"Vigo County, IN","18167","2023","2023","Suicide","2","Firearm","GRINJ-006",15,106153,14.1,7.9,23.3
,"Warrick County, IN","18173","2023","2023","Unintentional","1","Fall","GRINJ-003",14,65867,21.3,11.6,35.7
,"Wayne County, IN","18177","2023","2023","Unintentional","1","Fall","GRINJ-003",15,66127,22.7,12.7,37.4
,"Wayne County, IN","18177","2023","2023","Unintentional","1","Motor Vehicle Traffic","GRINJ-008",11,66127,16.6,8.3,29.8
,"Wayne County, IN","18177","2023","2023","Unintentional","1","Poisoning","GRINJ-015",30,66127,45.4,30.6,64.8
,"Whitley County, IN","18183","2023","2023","Unintentional","1","Motor Vehicle Traffic","GRINJ-008",12,34742,34.5,17.8,60.3
,"Black Hawk County, IA","19013","2023","2023","Unintentional","1","Fall","GRINJ-003",27,130471,20.7,13.6,30.1
,"Black Hawk County, IA","19013","2023","2023","Unintentional","1","Motor Vehicle Traffic","GRINJ-008",17,130471,13.0,7.6,20.9
,"Black Hawk County, IA","19013","2023","2023","Unintentional","1","Poisoning","GRINJ-015",15,130471,11.5,6.4,19.0
,"Black Hawk County, IA","19013","2023","2023","Suicide","2","Firearm","GRINJ-006",12,130471,9.2,4.8,16.1
,"Clinton County, IA","19045","2023","2023","Unintentional","1","Fall","GRINJ-003",12,46158,26.0,13.4,45.4
,"Clinton County, IA","19045","2023","2023","Unintentional","1","Poisoning","GRINJ-015",13,46158,28.2,15.0,48.2
,"Dallas County, IA","19049","2023","2023","Unintentional","1","Fall","GRINJ-003",20,111092,18.0,11.0,27.8
,"Dallas County, IA","19049","2023","2023","Unintentional","1","Motor Vehicle Traffic","GRINJ-008",10,111092,9.0,4.3,16.6
,"Des Moines County, IA","19057","2023","2023","Unintentional","1","Fall","GRINJ-003",16,38253,41.8,23.9,67.9
,"Dubuque County, IA","19061","2023","2023","Unintentional","1","Fall","GRINJ-003",25,98887,25.3,16.4,37.3
,"Dubuque County, IA","19061","2023","2023","Unintentional","1","Poisoning","GRINJ-015",12,98887,12.1,6.3,21.2
,"Dubuque County, IA","19061","2023","2023","Suicide","2","Firearm","GRINJ-006",10,98887,10.1,4.8,18.6
,"Johnson County, IA","19103","2023","2023","Unintentional","1","Fall","GRINJ-003",20,157528,12.7,7.8,19.6
,"Johnson County, IA","19103","2023","2023","Unintentional","1","Motor Vehicle Traffic","GRINJ-008",14,157528,8.9,4.9,14.9
,"Johnson County, IA","19103","2023","2023","Unintentional","1","Poisoning","GRINJ-015",10,157528,6.3,3.0,11.7
,"Lee County, IA","19111","2023","2023","Unintentional","1","Fall","GRINJ-003",10,32565,30.7,14.7,56.5
,"Linn County, IA","19113","2023","2023","Unintentional","1","Fall","GRINJ-003",64,228972,28.0,21.5,35.7
,"Linn County, IA","19113","2023","2023","Unintentional","1","Motor Vehicle Traffic","GRINJ-008",28,228972,12.2,8.1,17.7
,"Linn County, IA","19113","2023","2023","Unintentional","1","Poisoning","GRINJ-015",29,228972,12.7,8.5,18.2
,"Linn County, IA","19113","2023","2023","Suicide","2","Firearm","GRINJ-006",14,228972,6.1,3.3,10.3
,"Linn County, IA","19113","2023","2023","Homicide","3","Firearm","GRINJ-006",11,228972,4.8,2.4,8.6
,"Marshall County, IA","19127","2023","2023","Unintentional","1","Fall","GRINJ-003",17,40014,42.5,24.7,68.0
,"Polk County, IA","19153","2023","2023","Unintentional","1","Fall","GRINJ-003",102,505255,20.2,16.3,24.1
,"Polk County, IA","19153","2023","2023","Unintentional","1","Motor Vehicle Traffic","GRINJ-008",50,505255,9.9,7.3,13.0
,"Polk County, IA","19153","2023","2023","Unintentional","1","Poisoning","GRINJ-015",120,505255,23.8,19.5,28.0
,"Polk County, IA","19153","2023","2023","Suicide","2","Firearm","GRINJ-006",33,505255,6.5,4.5,9.2
,"Polk County, IA","19153","2023","2023","Suicide","2","Poisoning","GRINJ-015",16,505255,3.2,1.8,5.1
,"Polk County, IA","19153","2023","2023","Suicide","2","Suffocation","GRINJ-017",23,505255,4.6,2.9,6.8
,"Pottawattamie County, IA","19155","2023","2023","Unintentional","1","Fall","GRINJ-003",11,93179,11.8,5.9,21.1
,"Pottawattamie County, IA","19155","2023","2023","Unintentional","1","Motor Vehicle Traffic","GRINJ-008",18,93179,19.3,11.4,30.5
,"Pottawattamie County, IA","19155","2023","2023","Unintentional","1","Poisoning","GRINJ-015",12,93179,12.9,6.7,22.5
,"Scott County, IA","19163","2023","2023","Unintentional","1","Fall","GRINJ-003",55,174270,31.6,23.8,41.1
,"Scott County, IA","19163","2023","2023","Unintentional","1","Motor Vehicle Traffic","GRINJ-008",14,174270,8.0,4.4,13.5
,"Scott County, IA","19163","2023","2023","Unintentional","1","Poisoning","GRINJ-015",38,174270,21.8,15.4,29.9
,"Scott County, IA","19163","2023","2023","Suicide","2","Firearm","GRINJ-006",10,174270,5.7,2.8,10.6
,"Story County, IA","19169","2023","2023","Unintentional","1","Fall","GRINJ-003",21,98566,21.3,13.2,32.6
,"Warren County, IA","19181","2023","2023","Unintentional","1","Fall","GRINJ-003",13,55205,23.5,12.5,40.3
,"Winneshiek County, IA","19191","2023","2023","Unintentional","1","Fall","GRINJ-003",11,19815,55.5,27.7,99.3
,"Woodbury County, IA","19193","2023","2023","Unintentional","1","Fall","GRINJ-003",17,105951,16.0,9.3,25.7
,"Woodbury County, IA","19193","2023","2023","Unintentional","1","Motor Vehicle Traffic","GRINJ-008",15,105951,14.2,7.9,23.4
,"Woodbury County, IA","19193","2023","2023","Unintentional","1","Poisoning","GRINJ-015",11,105951,10.4,5.2,18.6
,"Barton County, KS","20009","2023","2023","Unintentional","1","Fall","GRINJ-003",10,24899,40.2,19.3,73.9
,"Butler County, KS","20015","2023","2023","Unintentional","1","Motor Vehicle Traffic","GRINJ-008",16,68632,23.3,13.3,37.9
,"Butler County, KS","20015","2023","2023","Unintentional","1","Poisoning","GRINJ-015",13,68632,18.9,10.1,32.4
,"Douglas County, KS","20045","2023","2023","Unintentional","1","Fall","GRINJ-003",19,120553,15.8,9.5,24.6
,"Douglas County, KS","20045","2023","2023","Unintentional","1","Poisoning","GRINJ-015",15,120553,12.4,7.0,20.5
,"Douglas County, KS","20045","2023","2023","Suicide","2","Firearm","GRINJ-006",12,120553,10.0,5.1,17.4
,"Ford County, KS","20057","2023","2023","Unintentional","1","Motor Vehicle Traffic","GRINJ-008",10,33980,29.4,14.1,54.1
,"Johnson County, KS","20091","2023","2023","Unintentional","1","Fall","GRINJ-003",110,622237,17.7,14.4,21.0
,"Johnson County, KS","20091","2023","2023","Unintentional","1","Motor Vehicle Traffic","GRINJ-008",31,622237,5.0,3.4,7.1
,"Johnson County, KS","20091","2023","2023","Unintentional","1","Poisoning","GRINJ-015",80,622237,12.9,10.2,16.0
,"Johnson County, KS","20091","2023","2023","Unintentional","1","Suffocation","GRINJ-017",16,622237,2.6,1.5,4.2
,"Johnson County, KS","20091","2023","2023","Suicide","2","Firearm","GRINJ-006",43,622237,6.9,5.0,9.3
,"Johnson County, KS","20091","2023","2023","Suicide","2","Poisoning","GRINJ-015",22,622237,3.5,2.2,5.4
,"Johnson County, KS","20091","2023","2023","Suicide","2","Suffocation","GRINJ-017",21,622237,3.4,2.1,5.2
,"Leavenworth County, KS","20103","2023","2023","Unintentional","1","Poisoning","GRINJ-015",21,83518,25.1,15.6,38.4
,"Reno County, KS","20155","2023","2023","Unintentional","1","Fall","GRINJ-003",17,61497,27.6,16.1,44.3
,"Reno County, KS","20155","2023","2023","Unintentional","1","Motor Vehicle Traffic","GRINJ-008",11,61497,17.9,8.9,32.0
,"Reno County, KS","20155","2023","2023","Unintentional","1","Poisoning","GRINJ-015",10,61497,16.3,7.8,29.9
,"Riley County, KS","20161","2023","2023","Unintentional","1","Fall","GRINJ-003",11,71402,15.4,7.7,27.6
,"Sedgwick County, KS","20173","2023","2023","Unintentional","1","Fall","GRINJ-003",77,528469,14.6,11.5,18.2
,"Sedgwick County, KS","20173","2023","2023","Unintentional","1","Motor Vehicle Traffic","GRINJ-008",71,528469,13.4,10.5,16.9
,"Sedgwick County, KS","20173","2023","2023","Unintentional","1","Poisoning","GRINJ-015",206,528469,39.0,33.7,44.3
,"Sedgwick County, KS","20173","2023","2023","Suicide","2","Firearm","GRINJ-006",62,528469,11.7,9.0,15.0
,"Sedgwick County, KS","20173","2023","2023","Suicide","2","Suffocation","GRINJ-017",23,528469,4.4,2.8,6.5
,"Sedgwick County, KS","20173","2023","2023","Homicide","3","Firearm","GRINJ-006",42,528469,7.9,5.7,10.7
,"Shawnee County, KS","20177","2023","2023","Unintentional","1","Fall","GRINJ-003",41,177746,23.1,16.6,31.3
,"Shawnee County, KS","20177","2023","2023","Unintentional","1","Motor Vehicle Traffic","GRINJ-008",16,177746,9.0,5.1,14.6
,"Shawnee County, KS","20177","2023","2023","Unintentional","1","Poisoning","GRINJ-015",49,177746,27.6,20.4,36.4
,"Shawnee County, KS","20177","2023","2023","Suicide","2","Firearm","GRINJ-006",29,177746,16.3,10.9,23.4
,"Shawnee County, KS","20177","2023","2023","Homicide","3","Firearm","GRINJ-006",26,177746,14.6,9.6,21.4
,"Wyandotte County, KS","20209","2023","2023","Unintentional","1","Fall","GRINJ-003",23,165281,13.9,8.8,20.9
,"Wyandotte County, KS","20209","2023","2023","Unintentional","1","Motor Vehicle Traffic","GRINJ-008",31,165281,18.8,12.7,26.6
,"Wyandotte County, KS","20209","2023","2023","Unintentional","1","Poisoning","GRINJ-015",73,165281,44.2,34.6,55.5
,"Wyandotte County, KS","20209","2023","2023","Suicide","2","Firearm","GRINJ-006",18,165281,10.9,6.5,17.2
,"Wyandotte County, KS","20209","2023","2023","Homicide","3","Firearm","GRINJ-006",33,165281,20.0,13.7,28.0
,"Barren County, KY","21009","2023","2023","Unintentional","1","Poisoning","GRINJ-015",10,45008,22.2,10.7,40.9
,"Bath County, KY","21011","2023","2023","Unintentional","1","Poisoning","GRINJ-015",10,12975,77.1,37.0,141.7
,"Bell County, KY","21013","2023","2023","Unintentional","1","Poisoning","GRINJ-015",11,23317,47.2,23.6,84.4
,"Boone County, KY","21015","2023","2023","Unintentional","1","Fall","GRINJ-003",15,140496,10.7,6.0,17.6
,"Boone County, KY","21015","2023","2023","Unintentional","1","Motor Vehicle Traffic","GRINJ-008",12,140496,8.5,4.4,14.9
,"Boone County, KY","21015","2023","2023","Unintentional","1","Poisoning","GRINJ-015",38,140496,27.0,19.1,37.1
,"Boone County, KY","21015","2023","2023","Suicide","2","Firearm","GRINJ-006",12,140496,8.5,4.4,14.9
,"Bourbon County, KY","21017","2023","2023","Unintentional","1","Poisoning","GRINJ-015",14,20134,69.5,38.0,116.7
,"Boyd County, KY","21019","2023","2023","Unintentional","1","Poisoning","GRINJ-015",41,47826,85.7,61.5,116.3
,"Boyle County, KY","21021","2023","2023","Unintentional","1","Poisoning","GRINJ-015",17,30988,54.9,32.0,87.8
,"Breathitt County, KY","21025","2023","2023","Unintentional","1","Poisoning","GRINJ-015",19,12953,146.7,88.3,229.1
,"Breckinridge County, KY","21027","2023","2023","Unintentional","1","Motor Vehicle Traffic","GRINJ-008",16,21124,75.7,43.3,123.0
,"Bullitt County, KY","21029","2023","2023","Unintentional","1","Motor Vehicle Traffic","GRINJ-008",11,84863,13.0,6.5,23.2
,"Bullitt County, KY","21029","2023","2023","Unintentional","1","Poisoning","GRINJ-015",37,84863,43.6,30.7,60.1
,"Bullitt County, KY","21029","2023","2023","Suicide","2","Firearm","GRINJ-006",11,84863,13.0,6.5,23.2
,"Campbell County, KY","21037","2023","2023","Unintentional","1","Fall","GRINJ-003",10,93702,10.7,5.1,19.6
,"Campbell County, KY","21037","2023","2023","Unintentional","1","Poisoning","GRINJ-015",29,93702,30.9,20.7,44.4
,"Carter County, KY","21043","2023","2023","Unintentional","1","Poisoning","GRINJ-015",23,26366,87.2,55.3,130.9
,"Christian County, KY","21047","2023","2023","Unintentional","1","Fall","GRINJ-003",11,72032,15.3,7.6,27.3
,"Christian County, KY","21047","2023","2023","Unintentional","1","Motor Vehicle Traffic","GRINJ-008",11,72032,15.3,7.6,27.3
,"Christian County, KY","21047","2023","2023","Unintentional","1","Poisoning","GRINJ-015",18,72032,25.0,14.8,39.5
,"Clark County, KY","21049","2023","2023","Unintentional","1","Motor Vehicle Traffic","GRINJ-008",10,37304,26.8,12.9,49.3
,"Clark County, KY","21049","2023","2023","Unintentional","1","Poisoning","GRINJ-015",26,37304,69.7,45.5,102.1
,"Clay County, KY","21051","2023","2023","Unintentional","1","Poisoning","GRINJ-015",16,19648,81.4,46.5,132.2
,"Daviess County, KY","21059","2023","2023","Unintentional","1","Fall","GRINJ-003",10,103458,9.7,4.6,17.8
,"Daviess County, KY","21059","2023","2023","Unintentional","1","Motor Vehicle Traffic","GRINJ-008",18,103458,17.4,10.3,27.5
,"Daviess County, KY","21059","2023","2023","Unintentional","1","Poisoning","GRINJ-015",25,103458,24.2,15.6,35.7
,"Daviess County, KY","21059","2023","2023","Suicide","2","Firearm","GRINJ-006",15,103458,14.5,8.1,23.9
,"Estill County, KY","21065","2023","2023","Unintentional","1","Poisoning","GRINJ-015",27,13936,193.7,127.7,281.9
,"Fayette County, KY","21067","2023","2023","Unintentional","1","Fall","GRINJ-003",25,320154,7.8,5.1,11.5
,"Fayette County, KY","21067","2023","2023","Unintentional","1","Motor Vehicle Traffic","GRINJ-008",37,320154,11.6,8.1,15.9
,"Fayette County, KY","21067","2023","2023","Unintentional","1","Poisoning","GRINJ-015",132,320154,41.2,34.2,48.3
,"Fayette County, KY","21067","2023","2023","Unintentional","1","Unspecified Injury","GRINJ-020",13,320154,4.1,2.2,6.9
,"Fayette County, KY","21067","2023","2023","Suicide","2","Firearm","GRINJ-006",23,320154,7.2,4.6,10.8
,"Fayette County, KY","21067","2023","2023","Suicide","2","Poisoning","GRINJ-015",11,320154,3.4,1.7,6.1
,"Fayette County, KY","21067","2023","2023","Homicide","3","Firearm","GRINJ-006",19,320154,5.9,3.6,9.3
,"Floyd County, KY","21071","2023","2023","Unintentional","1","Motor Vehicle Traffic","GRINJ-008",17,34423,49.4,28.8,79.1
,"Floyd County, KY","21071","2023","2023","Unintentional","1","Poisoning","GRINJ-015",35,34423,101.7,70.8,141.4
,"Franklin County, KY","21073","2023","2023","Unintentional","1","Poisoning","GRINJ-015",34,51644,65.8,45.6,92.0
,"Garrard County, KY","21079","2023","2023","Unintentional","1","Poisoning","GRINJ-015",11,17829,61.7,30.8,110.4
,"Grant County, KY","21081","2023","2023","Unintentional","1","Poisoning","GRINJ-015",12,25619,46.8,24.2,81.8
,"Greenup County, KY","21089","2023","2023","Unintentional","1","Poisoning","GRINJ-015",18,35221,51.1,30.3,80.8
,"Hardin County, KY","21093","2023","2023","Unintentional","1","Fall","GRINJ-003",16,112273,14.3,8.1,23.1
,"Hardin County, KY","21093","2023","2023","Unintentional","1","Motor Vehicle Traffic","GRINJ-008",26,112273,23.2,15.1,33.9
,"Hardin County, KY","21093","2023","2023","Unintentional","1","Poisoning","GRINJ-015",38,112273,33.8,24.0,46.5
,"Hardin County, KY","21093","2023","2023","Suicide","2","Firearm","GRINJ-006",19,112273,16.9,10.2,26.4
,"Harlan County, KY","21095","2023","2023","Unintentional","1","Poisoning","GRINJ-015",14,25324,55.3,30.2,92.8
,"Henderson County, KY","21101","2023","2023","Unintentional","1","Poisoning","GRINJ-015",14,44119,31.7,17.3,53.2
,"Jefferson County, KY","21111","2023","2023","Unintentional","1","Fall","GRINJ-003",88,772144,11.4,9.1,14.0
,"Jefferson County, KY","21111","2023","2023","Unintentional","1","Fire/Flame","GRINJ-004",12,772144,1.6,0.8,2.7
,"Jefferson County, KY","21111","2023","2023","Unintentional","1","Motor Vehicle Traffic","GRINJ-008",130,772144,16.8,13.9,19.7
,"Jefferson County, KY","21111","2023","2023","Unintentional","1","Poisoning","GRINJ-015",496,772144,64.2,58.6,69.9
,"Jefferson County, KY","21111","2023","2023","Unintentional","1","Suffocation","GRINJ-017",15,772144,1.9,1.1,3.2
,"Jefferson County, KY","21111","2023","2023","Unintentional","1","Unspecified Injury","GRINJ-020",49,772144,6.3,4.7,8.4
,"Jefferson County, KY","21111","2023","2023","Suicide","2","Firearm","GRINJ-006",78,772144,10.1,8.0,12.6
,"Jefferson County, KY","21111","2023","2023","Suicide","2","Poisoning","GRINJ-015",14,772144,1.8,1.0,3.0
,"Jefferson County, KY","21111","2023","2023","Suicide","2","Suffocation","GRINJ-017",19,772144,2.5,1.5,3.8
,"Jefferson County, KY","21111","2023","2023","Homicide","3","Firearm","GRINJ-006",131,772144,17.0,14.1,19.9
,"Jefferson County, KY","21111","2023","2023","Undetermined ","4","Poisoning","GRINJ-015",12,772144,1.6,0.8,2.7
,"Jessamine County, KY","21113","2023","2023","Unintentional","1","Poisoning","GRINJ-015",30,55017,54.5,36.8,77.8
,"Johnson County, KY","21115","2023","2023","Unintentional","1","Poisoning","GRINJ-015",12,22116,54.3,28.0,94.8
,"Kenton County, KY","21117","2023","2023","Unintentional","1","Fall","GRINJ-003",13,171321,7.6,4.0,13.0
,"Kenton County, KY","21117","2023","2023","Unintentional","1","Poisoning","GRINJ-015",87,171321,50.8,40.7,62.6
,"Knott County, KY","21119","2023","2023","Unintentional","1","Poisoning","GRINJ-015",13,13659,95.2,50.7,162.8
,"Laurel County, KY","21125","2023","2023","Unintentional","1","Poisoning","GRINJ-015",35,63296,55.3,38.5,76.9
,"Laurel County, KY","21125","2023","2023","Suicide","2","Firearm","GRINJ-006",11,63296,17.4,8.7,31.1
,"Lewis County, KY","21135","2023","2023","Unintentional","1","Poisoning","GRINJ-015",11,12973,84.8,42.3,151.7
,"Lincoln County, KY","21137","2023","2023","Unintentional","1","Poisoning","GRINJ-015",17,24776,68.6,40.0,109.9
,"Logan County, KY","21141","2023","2023","Unintentional","1","Motor Vehicle Traffic","GRINJ-008",11,28283,38.9,19.4,69.6
,"McCracken County, KY","21145","2023","2023","Unintentional","1","Fall","GRINJ-003",12,67428,17.8,9.2,31.1
,"McCracken County, KY","21145","2023","2023","Unintentional","1","Motor Vehicle Traffic","GRINJ-008",12,67428,17.8,9.2,31.1
,"McCracken County, KY","21145","2023","2023","Unintentional","1","Poisoning","GRINJ-015",15,67428,22.2,12.5,36.7
,"Madison County, KY","21151","2023","2023","Unintentional","1","Poisoning","GRINJ-015",63,96735,65.1,50.0,83.3
,"Madison County, KY","21151","2023","2023","Suicide","2","Firearm","GRINJ-006",12,96735,12.4,6.4,21.7
,"Marshall County, KY","21157","2023","2023","Suicide","2","Firearm","GRINJ-006",11,31744,34.7,17.3,62.0
,"Montgomery County, KY","21173","2023","2023","Unintentional","1","Motor Vehicle Traffic","GRINJ-008",15,28527,52.6,29.4,86.7
,"Montgomery County, KY","21173","2023","2023","Unintentional","1","Poisoning","GRINJ-015",20,28527,70.1,42.8,108.3
,"Nelson County, KY","21179","2023","2023","Unintentional","1","Motor Vehicle Traffic","GRINJ-008",11,47730,23.0,11.5,41.2
,"Nelson County, KY","21179","2023","2023","Unintentional","1","Poisoning","GRINJ-015",19,47730,39.8,24.0,62.2
,"Oldham County, KY","21185","2023","2023","Unintentional","1","Poisoning","GRINJ-015",16,70183,22.8,13.0,37.0
,"Perry County, KY","21193","2023","2023","Unintentional","1","Poisoning","GRINJ-015",25,27133,92.1,59.6,136.0
,"Pike County, KY","21195","2023","2023","Unintentional","1","Motor Vehicle Traffic","GRINJ-008",24,55973,42.9,27.5,63.8
,"Pike County, KY","21195","2023","2023","Unintentional","1","Poisoning","GRINJ-015",41,55973,73.2,52.6,99.4
,"Powell County, KY","21197","2023","2023","Unintentional","1","Poisoning","GRINJ-015",16,12972,123.3,70.5,200.3
,"Pulaski County, KY","21199","2023","2023","Unintentional","1","Motor Vehicle Traffic","GRINJ-008",22,66191,33.2,20.8,50.3
,"Pulaski County, KY","21199","2023","2023","Unintentional","1","Poisoning","GRINJ-015",22,66191,33.2,20.8,50.3
,"Pulaski County, KY","21199","2023","2023","Suicide","2","Firearm","GRINJ-006",13,66191,19.6,10.5,33.6
,"Rockcastle County, KY","21203","2023","2023","Unintentional","1","Poisoning","GRINJ-015",15,16190,92.6,51.9,152.8
,"Rowan County, KY","21205","2023","2023","Unintentional","1","Poisoning","GRINJ-015",21,24409,86.0,53.3,131.5
,"Scott County, KY","21209","2023","2023","Unintentional","1","Poisoning","GRINJ-015",19,60168,31.6,19.0,49.3
,"Shelby County, KY","21211","2023","2023","Unintentional","1","Poisoning","GRINJ-015",12,49515,24.2,12.5,42.3
,"Taylor County, KY","21217","2023","2023","Unintentional","1","Poisoning","GRINJ-015",13,26443,49.2,26.2,84.1
,"Warren County, KY","21227","2023","2023","Unintentional","1","Fall","GRINJ-003",14,142229,9.8,5.4,16.5
,"Warren County, KY","21227","2023","2023","Unintentional","1","Motor Vehicle Traffic","GRINJ-008",18,142229,12.7,7.5,20.0
,"Warren County, KY","21227","2023","2023","Unintentional","1","Poisoning","GRINJ-015",28,142229,19.7,13.1,28.5
,"Warren County, KY","21227","2023","2023","Unintentional","1","Unspecified Injury","GRINJ-020",13,142229,9.1,4.9,15.6
,"Warren County, KY","21227","2023","2023","Suicide","2","Firearm","GRINJ-006",24,142229,16.9,10.8,25.1
,"Wayne County, KY","21231","2023","2023","Unintentional","1","Poisoning","GRINJ-015",11,19580,56.2,28.0,100.5
,"Whitley County, KY","21235","2023","2023","Unintentional","1","Poisoning","GRINJ-015",23,36825,62.5,39.6,93.7
,"Acadia Parish, LA","22001","2023","2023","Unintentional","1","Motor Vehicle Traffic","GRINJ-008",11,56489,19.5,9.7,34.8
,"Acadia Parish, LA","22001","2023","2023","Unintentional","1","Poisoning","GRINJ-015",11,56489,19.5,9.7,34.8
,"Acadia Parish, LA","22001","2023","2023","Undetermined ","4","Poisoning","GRINJ-015",22,56489,38.9,24.4,59.0
,"Ascension Parish, LA","22005","2023","2023","Unintentional","1","Fall","GRINJ-003",11,131632,8.4,4.2,15.0
,"Ascension Parish, LA","22005","2023","2023","Unintentional","1","Motor Vehicle Traffic","GRINJ-008",25,131632,19.0,12.3,28.0
,"Ascension Parish, LA","22005","2023","2023","Unintentional","1","Poisoning","GRINJ-015",58,131632,44.1,33.5,57.0
,"Ascension Parish, LA","22005","2023","2023","Suicide","2","Firearm","GRINJ-006",14,131632,10.6,5.8,17.8
,"Ascension Parish, LA","22005","2023","2023","Homicide","3","Firearm","GRINJ-006",10,131632,7.6,3.6,14.0
,"Avoyelles Parish, LA","22009","2023","2023","Unintentional","1","Motor Vehicle Traffic","GRINJ-008",13,38408,33.8,18.0,57.9
,"Avoyelles Parish, LA","22009","2023","2023","Unintentional","1","Poisoning","GRINJ-015",22,38408,57.3,35.9,86.7
,"Bossier Parish, LA","22015","2023","2023","Unintentional","1","Motor Vehicle Traffic","GRINJ-008",15,129795,11.6,6.5,19.1
,"Bossier Parish, LA","22015","2023","2023","Unintentional","1","Poisoning","GRINJ-015",29,129795,22.3,15.0,32.1
,"Bossier Parish, LA","22015","2023","2023","Suicide","2","Firearm","GRINJ-006",23,129795,17.7,11.2,26.6
,"Bossier Parish, LA","22015","2023","2023","Homicide","3","Firearm","GRINJ-006",11,129795,8.5,4.2,15.2
,"Caddo Parish, LA","22017","2023","2023","Unintentional","1","Fall","GRINJ-003",23,226386,10.2,6.4,15.2
,"Caddo Parish, LA","22017","2023","2023","Unintentional","1","Motor Vehicle Traffic","GRINJ-008",47,226386,20.8,15.3,27.6
,"Caddo Parish, LA","22017","2023","2023","Unintentional","1","Poisoning","GRINJ-015",59,226386,26.1,19.8,33.6
,"Caddo Parish, LA","22017","2023","2023","Suicide","2","Firearm","GRINJ-006",37,226386,16.3,11.5,22.5
,"Caddo Parish, LA","22017","2023","2023","Homicide","3","Firearm","GRINJ-006",71,226386,31.4,24.5,39.6
,"Calcasieu Parish, LA","22019","2023","2023","Unintentional","1","Motor Vehicle Traffic","GRINJ-008",37,203761,18.2,12.8,25.0
,"Calcasieu Parish, LA","22019","2023","2023","Unintentional","1","Poisoning","GRINJ-015",17,203761,8.3,4.9,13.4
,"Calcasieu Parish, LA","22019","2023","2023","Suicide","2","Firearm","GRINJ-006",35,203761,17.2,12.0,23.9
,"Calcasieu Parish, LA","22019","2023","2023","Homicide","3","Firearm","GRINJ-006",15,203761,7.4,4.1,12.1
,"Calcasieu Parish, LA","22019","2023","2023","Undetermined ","4","Poisoning","GRINJ-015",54,203761,26.5,19.9,34.6
,"East Baton Rouge Parish, LA","22033","2023","2023","Unintentional","1","Drowning","GRINJ-002",11,448467,2.5,1.2,4.4
,"East Baton Rouge Parish, LA","22033","2023","2023","Unintentional","1","Fall","GRINJ-003",47,448467,10.5,7.7,13.9
,"East Baton Rouge Parish, LA","22033","2023","2023","Unintentional","1","Motor Vehicle Traffic","GRINJ-008",67,448467,14.9,11.6,19.0
,"East Baton Rouge Parish, LA","22033","2023","2023","Unintentional","1","Poisoning","GRINJ-015",273,448467,60.9,53.7,68.1
,"East Baton Rouge Parish, LA","22033","2023","2023","Unintentional","1","Suffocation","GRINJ-017",21,448467,4.7,2.9,7.2
,"East Baton Rouge Parish, LA","22033","2023","2023","Suicide","2","Firearm","GRINJ-006",33,448467,7.4,5.1,10.3
,"East Baton Rouge Parish, LA","22033","2023","2023","Homicide","3","Firearm","GRINJ-006",91,448467,20.3,16.3,24.9
,"Evangeline Parish, LA","22039","2023","2023","Unintentional","1","Poisoning","GRINJ-015",10,31754,31.5,15.1,57.9
,"Grant Parish, LA","22043","2023","2023","Unintentional","1","Motor Vehicle Traffic","GRINJ-008",10,21911,45.6,21.9,83.9
,"Iberia Parish, LA","22045","2023","2023","Unintentional","1","Motor Vehicle Traffic","GRINJ-008",14,67659,20.7,11.3,34.7
,"Iberia Parish, LA","22045","2023","2023","Unintentional","1","Poisoning","GRINJ-015",19,67659,28.1,16.9,43.9
,"Iberia Parish, LA","22045","2023","2023","Homicide","3","Firearm","GRINJ-006",15,67659,22.2,12.4,36.6
,"Iberville Parish, LA","22047","2023","2023","Unintentional","1","Poisoning","GRINJ-015",11,29617,37.1,18.5,66.5
,"Jefferson Parish, LA","22051","2023","2023","Unintentional","1","Fall","GRINJ-003",61,421777,14.5,11.1,18.6
,"Jefferson Parish, LA","22051","2023","2023","Unintentional","1","Motor Vehicle Traffic","GRINJ-008",50,421777,11.9,8.8,15.6
,"Jefferson Parish, LA","22051","2023","2023","Unintentional","1","Poisoning","GRINJ-015",228,421777,54.1,47.0,61.1
,"Jefferson Parish, LA","22051","2023","2023","Unintentional","1","Suffocation","GRINJ-017",13,421777,3.1,1.6,5.3
,"Jefferson Parish, LA","22051","2023","2023","Suicide","2","Firearm","GRINJ-006",42,421777,10.0,7.2,13.5
,"Jefferson Parish, LA","22051","2023","2023","Suicide","2","Suffocation","GRINJ-017",10,421777,2.4,1.1,4.4
,"Jefferson Parish, LA","22051","2023","2023","Homicide","3","Firearm","GRINJ-006",60,421777,14.2,10.9,18.3
,"Jefferson Davis Parish, LA","22053","2023","2023","Undetermined ","4","Poisoning","GRINJ-015",11,31553,34.9,17.4,62.4
,"Lafayette Parish, LA","22055","2023","2023","Unintentional","1","Fall","GRINJ-003",10,249750,4.0,1.9,7.4
,"Lafayette Parish, LA","22055","2023","2023","Unintentional","1","Motor Vehicle Traffic","GRINJ-008",28,249750,11.2,7.4,16.2
,"Lafayette Parish, LA","22055","2023","2023","Unintentional","1","Poisoning","GRINJ-015",81,249750,32.4,25.8,40.3
,"Lafayette Parish, LA","22055","2023","2023","Suicide","2","Firearm","GRINJ-006",27,249750,10.8,7.1,15.7
,"Lafayette Parish, LA","22055","2023","2023","Homicide","3","Firearm","GRINJ-006",30,249750,12.0,8.1,17.1
,"Lafourche Parish, LA","22057","2023","2023","Unintentional","1","Motor Vehicle Traffic","GRINJ-008",20,95056,21.0,12.9,32.5
,"Lafourche Parish, LA","22057","2023","2023","Unintentional","1","Poisoning","GRINJ-015",31,95056,32.6,22.2,46.3
,"Lafourche Parish, LA","22057","2023","2023","Suicide","2","Firearm","GRINJ-006",15,95056,15.8,8.8,26.0
,"Livingston Parish, LA","22063","2023","2023","Unintentional","1","Motor Vehicle Traffic","GRINJ-008",28,150145,18.6,12.4,27.0
,"Livingston Parish, LA","22063","2023","2023","Unintentional","1","Poisoning","GRINJ-015",107,150145,71.3,57.8,84.8
,"Livingston Parish, LA","22063","2023","2023","Suicide","2","Firearm","GRINJ-006",17,150145,11.3,6.6,18.1
,"Natchitoches Parish, LA","22069","2023","2023","Unintentional","1","Poisoning","GRINJ-015",11,36291,30.3,15.1,54.2
,"Orleans Parish, LA","22071","2023","2023","Unintentional","1","Drowning","GRINJ-002",13,364136,3.6,1.9,6.1
,"Orleans Parish, LA","22071","2023","2023","Unintentional","1","Fall","GRINJ-003",23,364136,6.3,4.0,9.5
,"Orleans Parish, LA","22071","2023","2023","Unintentional","1","Motor Vehicle Traffic","GRINJ-008",59,364136,16.2,12.3,20.9
,"Orleans Parish, LA","22071","2023","2023","Unintentional","1","Poisoning","GRINJ-015",369,364136,101.3,91.0,111.7
,"Orleans Parish, LA","22071","2023","2023","Unintentional","1","Suffocation","GRINJ-017",14,364136,3.8,2.1,6.5
,"Orleans Parish, LA","22071","2023","2023","Suicide","2","Firearm","GRINJ-006",22,364136,6.0,3.8,9.1
,"Orleans Parish, LA","22071","2023","2023","Suicide","2","Poisoning","GRINJ-015",10,364136,2.7,1.3,5.1
,"Orleans Parish, LA","22071","2023","2023","Homicide","3","Firearm","GRINJ-006",149,364136,40.9,34.3,47.5
,"Ouachita Parish, LA","22073","2023","2023","Unintentional","1","Fall","GRINJ-003",29,157568,18.4,12.3,26.4
,"Ouachita Parish, LA","22073","2023","2023","Unintentional","1","Motor Vehicle Traffic","GRINJ-008",22,157568,14.0,8.7,21.1
,"Ouachita Parish, LA","22073","2023","2023","Unintentional","1","Poisoning","GRINJ-015",86,157568,54.6,43.7,67.4
,"Ouachita Parish, LA","22073","2023","2023","Suicide","2","Firearm","GRINJ-006",22,157568,14.0,8.7,21.1
,"Ouachita Parish, LA","22073","2023","2023","Homicide","3","Firearm","GRINJ-006",30,157568,19.0,12.8,27.2
,"Pointe Coupee Parish, LA","22077","2023","2023","Unintentional","1","Poisoning","GRINJ-015",13,20000,65.0,34.6,111.2
,"Rapides Parish, LA","22079","2023","2023","Unintentional","1","Fall","GRINJ-003",16,126260,12.7,7.2,20.6
,"Rapides Parish, LA","22079","2023","2023","Unintentional","1","Motor Vehicle Traffic","GRINJ-008",28,126260,22.2,14.7,32.1
,"Rapides Parish, LA","22079","2023","2023","Unintentional","1","Poisoning","GRINJ-015",78,126260,61.8,48.8,77.1
,"Rapides Parish, LA","22079","2023","2023","Suicide","2","Firearm","GRINJ-006",11,126260,8.7,4.3,15.6
,"Rapides Parish, LA","22079","2023","2023","Homicide","3","Firearm","GRINJ-006",30,126260,23.8,16.0,33.9
,"St. Bernard Parish, LA","22087","2023","2023","Unintentional","1","Poisoning","GRINJ-015",40,44463,90.0,64.3,122.5
,"St. Charles Parish, LA","22089","2023","2023","Unintentional","1","Poisoning","GRINJ-015",23,50620,45.4,28.8,68.2
,"St. John the Baptist Parish, LA","22095","2023","2023","Unintentional","1","Poisoning","GRINJ-015",17,39592,42.9,25.0,68.7
,"St. Landry Parish, LA","22097","2023","2023","Unintentional","1","Motor Vehicle Traffic","GRINJ-008",19,81464,23.3,14.0,36.4
,"St. Landry Parish, LA","22097","2023","2023","Unintentional","1","Poisoning","GRINJ-015",33,81464,40.5,27.9,56.9
,"St. Landry Parish, LA","22097","2023","2023","Suicide","2","Firearm","GRINJ-006",11,81464,13.5,6.7,24.2
,"St. Landry Parish, LA","22097","2023","2023","Homicide","3","Firearm","GRINJ-006",24,81464,29.5,18.9,43.8
,"St. Martin Parish, LA","22099","2023","2023","Unintentional","1","Motor Vehicle Traffic","GRINJ-008",14,51057,27.4,15.0,46.0
,"St. Martin Parish, LA","22099","2023","2023","Unintentional","1","Poisoning","GRINJ-015",14,51057,27.4,15.0,46.0
,"St. Mary Parish, LA","22101","2023","2023","Unintentional","1","Poisoning","GRINJ-015",19,47055,40.4,24.3,63.1
,"St. Tammany Parish, LA","22103","2023","2023","Unintentional","1","Fall","GRINJ-003",84,275583,30.5,24.3,37.7
,"St. Tammany Parish, LA","22103","2023","2023","Unintentional","1","Motor Vehicle Traffic","GRINJ-008",43,275583,15.6,11.3,21.0
,"St. Tammany Parish, LA","22103","2023","2023","Unintentional","1","Poisoning","GRINJ-015",108,275583,39.2,31.8,46.6
,"St. Tammany Parish, LA","22103","2023","2023","Unintentional","1","Suffocation","GRINJ-017",10,275583,3.6,1.7,6.7
,"St. Tammany Parish, LA","22103","2023","2023","Suicide","2","Firearm","GRINJ-006",30,275583,10.9,7.3,15.5
,"St. Tammany Parish, LA","22103","2023","2023","Homicide","3","Firearm","GRINJ-006",17,275583,6.2,3.6,9.9
,"Tangipahoa Parish, LA","22105","2023","2023","Unintentional","1","Motor Vehicle Traffic","GRINJ-008",31,138064,22.5,15.3,31.9
,"Tangipahoa Parish, LA","22105","2023","2023","Unintentional","1","Poisoning","GRINJ-015",63,138064,45.6,35.1,58.4
,"Tangipahoa Parish, LA","22105","2023","2023","Suicide","2","Firearm","GRINJ-006",13,138064,9.4,5.0,16.1
,"Tangipahoa Parish, LA","22105","2023","2023","Homicide","3","Firearm","GRINJ-006",21,138064,15.2,9.4,23.3
,"Terrebonne Parish, LA","22109","2023","2023","Unintentional","1","Motor Vehicle Traffic","GRINJ-008",17,103616,16.4,9.6,26.3
,"Terrebonne Parish, LA","22109","2023","2023","Unintentional","1","Poisoning","GRINJ-015",65,103616,62.7,48.4,80.0
,"Terrebonne Parish, LA","22109","2023","2023","Suicide","2","Firearm","GRINJ-006",10,103616,9.7,4.6,17.7
,"Vermilion Parish, LA","22113","2023","2023","Unintentional","1","Motor Vehicle Traffic","GRINJ-008",17,56992,29.8,17.4,47.8
,"Vermilion Parish, LA","22113","2023","2023","Unintentional","1","Poisoning","GRINJ-015",15,56992,26.3,14.7,43.4
,"Vernon Parish, LA","22115","2023","2023","Unintentional","1","Poisoning","GRINJ-015",11,46250,23.8,11.9,42.6
,"Washington Parish, LA","22117","2023","2023","Unintentional","1","Motor Vehicle Traffic","GRINJ-008",12,44865,26.7,13.8,46.7
,"Washington Parish, LA","22117","2023","2023","Unintentional","1","Poisoning","GRINJ-015",44,44865,98.1,71.3,131.7
,"West Baton Rouge Parish, LA","22121","2023","2023","Unintentional","1","Poisoning","GRINJ-015",19,28266,67.2,40.5,105.0
,"West Feliciana Parish, LA","22125","2023","2023","Unintentional","1","Poisoning","GRINJ-015",12,15371,78.1,40.3,136.4
,"Androscoggin County, ME","23001","2023","2023","Unintentional","1","Fall","GRINJ-003",28,113765,24.6,16.4,35.6
,"Androscoggin County, ME","23001","2023","2023","Unintentional","1","Motor Vehicle Traffic","GRINJ-008",11,113765,9.7,4.8,17.3
,"Androscoggin County, ME","23001","2023","2023","Unintentional","1","Poisoning","GRINJ-015",64,113765,56.3,43.3,71.8
,"Androscoggin County, ME","23001","2023","2023","Suicide","2","Firearm","GRINJ-006",11,113765,9.7,4.8,17.3
,"Androscoggin County, ME","23001","2023","2023","Homicide","3","Firearm","GRINJ-006",16,113765,14.1,8.0,22.8
,"Aroostook County, ME","23003","2023","2023","Unintentional","1","Fall","GRINJ-003",36,67351,53.5,37.4,74.0
,"Aroostook County, ME","23003","2023","2023","Unintentional","1","Poisoning","GRINJ-015",36,67351,53.5,37.4,74.0
,"Cumberland County, ME","23005","2023","2023","Unintentional","1","Fall","GRINJ-003",98,310230,31.6,25.6,38.5
,"Cumberland County, ME","23005","2023","2023","Unintentional","1","Motor Vehicle Traffic","GRINJ-008",17,310230,5.5,3.2,8.8
,"Cumberland County, ME","23005","2023","2023","Unintentional","1","Poisoning","GRINJ-015",131,310230,42.2,35.0,49.5
,"Cumberland County, ME","23005","2023","2023","Suicide","2","Firearm","GRINJ-006",20,310230,6.4,3.9,10.0
,"Hancock County, ME","23009","2023","2023","Unintentional","1","Fall","GRINJ-003",11,56526,19.5,9.7,34.8
,"Hancock County, ME","23009","2023","2023","Unintentional","1","Motor Vehicle Traffic","GRINJ-008",12,56526,21.2,11.0,37.1
,"Hancock County, ME","23009","2023","2023","Unintentional","1","Poisoning","GRINJ-015",20,56526,35.4,21.6,54.6
,"Hancock County, ME","23009","2023","2023","Suicide","2","Firearm","GRINJ-006",11,56526,19.5,9.7,34.8
,"Kennebec County, ME","23011","2023","2023","Unintentional","1","Fall","GRINJ-003",40,127259,31.4,22.5,42.8
,"Kennebec County, ME","23011","2023","2023","Unintentional","1","Motor Vehicle Traffic","GRINJ-008",11,127259,8.6,4.3,15.5
,"Kennebec County, ME","23011","2023","2023","Unintentional","1","Poisoning","GRINJ-015",57,127259,44.8,33.9,58.0
,"Kennebec County, ME","23011","2023","2023","Suicide","2","Firearm","GRINJ-006",10,127259,7.9,3.8,14.5
,"Knox County, ME","23013","2023","2023","Unintentional","1","Fall","GRINJ-003",13,40977,31.7,16.9,54.3
,"Knox County, ME","23013","2023","2023","Unintentional","1","Poisoning","GRINJ-015",14,40977,34.2,18.7,57.3
,"Lincoln County, ME","23015","2023","2023","Unintentional","1","Fall","GRINJ-003",16,36507,43.8,25.1,71.2
,"Oxford County, ME","23017","2023","2023","Unintentional","1","Fall","GRINJ-003",20,59905,33.4,20.4,51.6
,"Oxford County, ME","23017","2023","2023","Unintentional","1","Poisoning","GRINJ-015",28,59905,46.7,31.1,67.6
,"Penobscot County, ME","23019","2023","2023","Unintentional","1","Fall","GRINJ-003",40,155312,25.8,18.4,35.1
,"Penobscot County, ME","23019","2023","2023","Unintentional","1","Motor Vehicle Traffic","GRINJ-008",19,155312,12.2,7.4,19.1
,"Penobscot County, ME","23019","2023","2023","Unintentional","1","Poisoning","GRINJ-015",97,155312,62.5,50.6,76.2
,"Penobscot County, ME","23019","2023","2023","Suicide","2","Firearm","GRINJ-006",16,155312,10.3,5.9,16.7
,"Piscataquis County, ME","23021","2023","2023","Unintentional","1","Poisoning","GRINJ-015",16,17486,91.5,52.3,148.6
,"Somerset County, ME","23025","2023","2023","Unintentional","1","Fall","GRINJ-003",14,51302,27.3,14.9,45.8
,"Somerset County, ME","23025","2023","2023","Unintentional","1","Poisoning","GRINJ-015",31,51302,60.4,41.1,85.8
,"Somerset County, ME","23025","2023","2023","Suicide","2","Firearm","GRINJ-006",13,51302,25.3,13.5,43.3
,"Waldo County, ME","23027","2023","2023","Unintentional","1","Fall","GRINJ-003",11,40620,27.1,13.5,48.5
,"Waldo County, ME","23027","2023","2023","Unintentional","1","Poisoning","GRINJ-015",13,40620,32.0,17.0,54.7
,"Waldo County, ME","23027","2023","2023","Suicide","2","Firearm","GRINJ-006",10,40620,24.6,11.8,45.3
,"Washington County, ME","23029","2023","2023","Unintentional","1","Fall","GRINJ-003",18,31555,57.0,33.8,90.2
,"Washington County, ME","23029","2023","2023","Unintentional","1","Poisoning","GRINJ-015",24,31555,76.1,48.7,113.2
,"York County, ME","23031","2023","2023","Unintentional","1","Fall","GRINJ-003",74,218586,33.9,26.6,42.5
,"York County, ME","23031","2023","2023","Unintentional","1","Motor Vehicle Traffic","GRINJ-008",15,218586,6.9,3.8,11.3
,"York County, ME","23031","2023","2023","Unintentional","1","Poisoning","GRINJ-015",60,218586,27.4,20.9,35.3
,"York County, ME","23031","2023","2023","Suicide","2","Firearm","GRINJ-006",27,218586,12.4,8.1,18.0
,"Allegany County, MD","24001","2023","2023","Unintentional","1","Fall","GRINJ-003",14,67273,20.8,11.4,34.9
,"Allegany County, MD","24001","2023","2023","Unintentional","1","Poisoning","GRINJ-015",29,67273,43.1,28.9,61.9
,"Allegany County, MD","24001","2023","2023","Undetermined ","4","Poisoning","GRINJ-015",18,67273,26.8,15.9,42.3
,"Anne Arundel County, MD","24003","2023","2023","Unintentional","1","Fall","GRINJ-003",87,594582,14.6,11.7,18.0
,"Anne Arundel County, MD","24003","2023","2023","Unintentional","1","Motor Vehicle Traffic","GRINJ-008",52,594582,8.7,6.5,11.5
,"Anne Arundel County, MD","24003","2023","2023","Unintentional","1","Poisoning","GRINJ-015",135,594582,22.7,18.9,26.5
,"Anne Arundel County, MD","24003","2023","2023","Unintentional","1","Suffocation","GRINJ-017",10,594582,1.7,0.8,3.1
,"Anne Arundel County, MD","24003","2023","2023","Suicide","2","Firearm","GRINJ-006",39,594582,6.6,4.7,9.0
,"Anne Arundel County, MD","24003","2023","2023","Suicide","2","Suffocation","GRINJ-017",14,594582,2.4,1.3,4.0
,"Anne Arundel County, MD","24003","2023","2023","Homicide","3","Firearm","GRINJ-006",30,594582,5.0,3.4,7.2
,"Anne Arundel County, MD","24003","2023","2023","Undetermined ","4","Poisoning","GRINJ-015",74,594582,12.4,9.8,15.6
,"Baltimore County, MD","24005","2023","2023","Unintentional","1","Fall","GRINJ-003",173,844703,20.5,17.4,23.5
,"Baltimore County, MD","24005","2023","2023","Unintentional","1","Motor Vehicle Traffic","GRINJ-008",78,844703,9.2,7.3,11.5
,"Baltimore County, MD","24005","2023","2023","Unintentional","1","Poisoning","GRINJ-015",220,844703,26.0,22.6,29.5
,"Baltimore County, MD","24005","2023","2023","Unintentional","1","Suffocation","GRINJ-017",31,844703,3.7,2.5,5.2
,"Baltimore County, MD","24005","2023","2023","Unintentional","1","Other specified, not elsewhere classified Injury","GRINJ-019",10,844703,1.2,0.6,2.2
,"Baltimore County, MD","24005","2023","2023","Unintentional","1","Unspecified Injury","GRINJ-020",14,844703,1.7,0.9,2.8
,"Baltimore County, MD","24005","2023","2023","Suicide","2","Firearm","GRINJ-006",32,844703,3.8,2.6,5.3
,"Baltimore County, MD","24005","2023","2023","Suicide","2","Poisoning","GRINJ-015",16,844703,1.9,1.1,3.1
,"Baltimore County, MD","24005","2023","2023","Suicide","2","Suffocation","GRINJ-017",21,844703,2.5,1.5,3.8
,"Baltimore County, MD","24005","2023","2023","Homicide","3","Firearm","GRINJ-006",48,844703,5.7,4.2,7.5
,"Baltimore County, MD","24005","2023","2023","Undetermined ","4","Poisoning","GRINJ-015",122,844703,14.4,11.9,17.0
,"Calvert County, MD","24009","2023","2023","Unintentional","1","Motor Vehicle Traffic","GRINJ-008",15,94728,15.8,8.9,26.1
,"Calvert County, MD","24009","2023","2023","Unintentional","1","Poisoning","GRINJ-015",20,94728,21.1,12.9,32.6
,"Caroline County, MD","24011","2023","2023","Unintentional","1","Motor Vehicle Traffic","GRINJ-008",10,33593,29.8,14.3,54.7
,"Caroline County, MD","24011","2023","2023","Unintentional","1","Poisoning","GRINJ-015",12,33593,35.7,18.5,62.4
,"Carroll County, MD","24013","2023","2023","Unintentional","1","Fall","GRINJ-003",46,176639,26.0,19.1,34.7
,"Carroll County, MD","24013","2023","2023","Unintentional","1","Motor Vehicle Traffic","GRINJ-008",20,176639,11.3,6.9,17.5
,"Carroll County, MD","24013","2023","2023","Unintentional","1","Poisoning","GRINJ-015",27,176639,15.3,10.1,22.2
,"Carroll County, MD","24013","2023","2023","Undetermined ","4","Poisoning","GRINJ-015",14,176639,7.9,4.3,13.3
,"Cecil County, MD","24015","2023","2023","Unintentional","1","Motor Vehicle Traffic","GRINJ-008",18,105672,17.0,10.1,26.9
,"Cecil County, MD","24015","2023","2023","Unintentional","1","Poisoning","GRINJ-015",45,105672,42.6,31.1,57.0
,"Cecil County, MD","24015","2023","2023","Undetermined ","4","Poisoning","GRINJ-015",19,105672,18.0,10.8,28.1
,"Charles County, MD","24017","2023","2023","Unintentional","1","Fall","GRINJ-003",16,171973,9.3,5.3,15.1
,"Charles County, MD","24017","2023","2023","Unintentional","1","Motor Vehicle Traffic","GRINJ-008",20,171973,11.6,7.1,18.0
,"Charles County, MD","24017","2023","2023","Unintentional","1","Poisoning","GRINJ-015",36,171973,20.9,14.7,29.0
,"Charles County, MD","24017","2023","2023","Homicide","3","Firearm","GRINJ-006",15,171973,8.7,4.9,14.4
,"Charles County, MD","24017","2023","2023","Undetermined ","4","Poisoning","GRINJ-015",14,171973,8.1,4.5,13.7
,"Dorchester County, MD","24019","2023","2023","Unintentional","1","Poisoning","GRINJ-015",12,32879,36.5,18.9,63.8
,"Frederick County, MD","24021","2023","2023","Unintentional","1","Fall","GRINJ-003",33,293391,11.2,7.7,15.8
,"Frederick County, MD","24021","2023","2023","Unintentional","1","Motor Vehicle Traffic","GRINJ-008",21,293391,7.2,4.4,10.9
,"Frederick County, MD","24021","2023","2023","Unintentional","1","Poisoning","GRINJ-015",33,293391,11.2,7.7,15.8
,"Frederick County, MD","24021","2023","2023","Suicide","2","Firearm","GRINJ-006",12,293391,4.1,2.1,7.1
,"Frederick County, MD","24021","2023","2023","Suicide","2","Poisoning","GRINJ-015",11,293391,3.7,1.9,6.7
,"Frederick County, MD","24021","2023","2023","Undetermined ","4","Poisoning","GRINJ-015",21,293391,7.2,4.4,10.9
,"Harford County, MD","24025","2023","2023","Unintentional","1","Fall","GRINJ-003",51,264644,19.3,14.3,25.3
,"Harford County, MD","24025","2023","2023","Unintentional","1","Motor Vehicle Traffic","GRINJ-008",27,264644,10.2,6.7,14.8
,"Harford County, MD","24025","2023","2023","Unintentional","1","Poisoning","GRINJ-015",50,264644,18.9,14.0,24.9
,"Harford County, MD","24025","2023","2023","Suicide","2","Firearm","GRINJ-006",24,264644,9.1,5.8,13.5
,"Harford County, MD","24025","2023","2023","Homicide","3","Firearm","GRINJ-006",10,264644,3.8,1.8,6.9
,"Harford County, MD","24025","2023","2023","Undetermined ","4","Poisoning","GRINJ-015",37,264644,14.0,9.8,19.3
,"Howard County, MD","24027","2023","2023","Unintentional","1","Fall","GRINJ-003",51,336001,15.2,11.3,20.0
,"Howard County, MD","24027","2023","2023","Unintentional","1","Motor Vehicle Traffic","GRINJ-008",14,336001,4.2,2.3,7.0
,"Howard County, MD","24027","2023","2023","Unintentional","1","Poisoning","GRINJ-015",30,336001,8.9,6.0,12.7
,"Howard County, MD","24027","2023","2023","Suicide","2","Suffocation","GRINJ-017",15,336001,4.5,2.5,7.4
,"Montgomery County, MD","24031","2023","2023","Unintentional","1","Fall","GRINJ-003",125,1058474,11.8,9.7,13.9
,"Montgomery County, MD","24031","2023","2023","Unintentional","1","Fire/Flame","GRINJ-004",12,1058474,1.1,0.6,2.0
,"Montgomery County, MD","24031","2023","2023","Unintentional","1","Motor Vehicle Traffic","GRINJ-008",67,1058474,6.3,4.9,8.0
,"Montgomery County, MD","24031","2023","2023","Unintentional","1","Poisoning","GRINJ-015",102,1058474,9.6,7.8,11.5
,"Montgomery County, MD","24031","2023","2023","Unintentional","1","Suffocation","GRINJ-017",28,1058474,2.6,1.8,3.8
,"Montgomery County, MD","24031","2023","2023","Unintentional","1","Unspecified Injury","GRINJ-020",10,1058474,0.9,0.5,1.7
,"Montgomery County, MD","24031","2023","2023","Suicide","2","Fall","GRINJ-003",11,1058474,1.0,0.5,1.9
,"Montgomery County, MD","24031","2023","2023","Suicide","2","Firearm","GRINJ-006",19,1058474,1.8,1.1,2.8
,"Montgomery County, MD","24031","2023","2023","Suicide","2","Poisoning","GRINJ-015",20,1058474,1.9,1.2,2.9
,"Montgomery County, MD","24031","2023","2023","Suicide","2","Suffocation","GRINJ-017",25,1058474,2.4,1.5,3.5
,"Montgomery County, MD","24031","2023","2023","Homicide","3","Firearm","GRINJ-006",23,1058474,2.2,1.4,3.3
,"Montgomery County, MD","24031","2023","2023","Undetermined ","4","Poisoning","GRINJ-015",69,1058474,6.5,5.1,8.2
,"Prince George's County, MD","24033","2023","2023","Unintentional","1","Drowning","GRINJ-002",11,947430,1.2,0.6,2.1
,"Prince George's County, MD","24033","2023","2023","Unintentional","1","Fall","GRINJ-003",77,947430,8.1,6.4,10.2
,"Prince George's County, MD","24033","2023","2023","Unintentional","1","Motor Vehicle Traffic","GRINJ-008",137,947430,14.5,12.0,16.9
,"Prince George's County, MD","24033","2023","2023","Unintentional","1","Poisoning","GRINJ-015",199,947430,21.0,18.1,23.9
,"Prince George's County, MD","24033","2023","2023","Unintentional","1","Suffocation","GRINJ-017",25,947430,2.6,1.7,3.9
,"Prince George's County, MD","24033","2023","2023","Unintentional","1","Unspecified Injury","GRINJ-020",15,947430,1.6,0.9,2.6
,"Prince George's County, MD","24033","2023","2023","Suicide","2","Firearm","GRINJ-006",31,947430,3.3,2.2,4.6
,"Prince George's County, MD","24033","2023","2023","Suicide","2","Suffocation","GRINJ-017",23,947430,2.4,1.5,3.6
,"Prince George's County, MD","24033","2023","2023","Homicide","3","Cut/Pierce","GRINJ-001",13,947430,1.4,0.7,2.3
,"Prince George's County, MD","24033","2023","2023","Homicide","3","Firearm","GRINJ-006",114,947430,12.0,9.8,14.2
,"Prince George's County, MD","24033","2023","2023","Undetermined ","4","Poisoning","GRINJ-015",82,947430,8.7,6.9,10.7
,"St. Mary's County, MD","24037","2023","2023","Unintentional","1","Fall","GRINJ-003",15,115281,13.0,7.3,21.5
,"St. Mary's County, MD","24037","2023","2023","Unintentional","1","Motor Vehicle Traffic","GRINJ-008",15,115281,13.0,7.3,21.5
,"St. Mary's County, MD","24037","2023","2023","Unintentional","1","Poisoning","GRINJ-015",24,115281,20.8,13.3,31.0
,"St. Mary's County, MD","24037","2023","2023","Undetermined ","4","Poisoning","GRINJ-015",12,115281,10.4,5.4,18.2
,"Somerset County, MD","24039","2023","2023","Unintentional","1","Poisoning","GRINJ-015",11,24910,44.2,22.0,79.0
,"Washington County, MD","24043","2023","2023","Unintentional","1","Fall","GRINJ-003",48,155813,30.8,22.7,40.8
,"Washington County, MD","24043","2023","2023","Unintentional","1","Motor Vehicle Traffic","GRINJ-008",22,155813,14.1,8.8,21.4
,"Washington County, MD","24043","2023","2023","Unintentional","1","Poisoning","GRINJ-015",56,155813,35.9,27.1,46.7
,"Washington County, MD","24043","2023","2023","Suicide","2","Firearm","GRINJ-006",14,155813,9.0,4.9,15.1
,"Washington County, MD","24043","2023","2023","Undetermined ","4","Poisoning","GRINJ-015",33,155813,21.2,14.6,29.7
,"Wicomico County, MD","24045","2023","2023","Unintentional","1","Fall","GRINJ-003",12,104800,11.5,5.9,20.0
,"Wicomico County, MD","24045","2023","2023","Unintentional","1","Motor Vehicle Traffic","GRINJ-008",13,104800,12.4,6.6,21.2
,"Wicomico County, MD","24045","2023","2023","Unintentional","1","Poisoning","GRINJ-015",26,104800,24.8,16.2,36.4
,"Wicomico County, MD","24045","2023","2023","Undetermined ","4","Poisoning","GRINJ-015",20,104800,19.1,11.7,29.5
,"Worcester County, MD","24047","2023","2023","Unintentional","1","Poisoning","GRINJ-015",16,54171,29.5,16.9,48.0
,"Baltimore city, MD","24510","2023","2023","Unintentional","1","Fall","GRINJ-003",71,565239,12.6,9.8,15.8
,"Baltimore city, MD","24510","2023","2023","Unintentional","1","Fire/Flame","GRINJ-004",13,565239,2.3,1.2,3.9
,"Baltimore city, MD","24510","2023","2023","Unintentional","1","Motor Vehicle Traffic","GRINJ-008",61,565239,10.8,8.3,13.9
,"Baltimore city, MD","24510","2023","2023","Unintentional","1","Poisoning","GRINJ-015",522,565239,92.4,84.4,100.3
,"Baltimore city, MD","24510","2023","2023","Unintentional","1","Suffocation","GRINJ-017",16,565239,2.8,1.6,4.6
,"Baltimore city, MD","24510","2023","2023","Unintentional","1","Unspecified Injury","GRINJ-020",12,565239,2.1,1.1,3.7
,"Baltimore city, MD","24510","2023","2023","Suicide","2","Firearm","GRINJ-006",29,565239,5.1,3.4,7.4
,"Baltimore city, MD","24510","2023","2023","Suicide","2","Poisoning","GRINJ-015",13,565239,2.3,1.2,3.9
,"Baltimore city, MD","24510","2023","2023","Suicide","2","Suffocation","GRINJ-017",11,565239,1.9,1.0,3.5
,"Baltimore city, MD","24510","2023","2023","Homicide","3","Cut/Pierce","GRINJ-001",12,565239,2.1,1.1,3.7
,"Baltimore city, MD","24510","2023","2023","Homicide","3","Firearm","GRINJ-006",177,565239,31.3,26.7,35.9
,"Baltimore city, MD","24510","2023","2023","Undetermined ","4","Poisoning","GRINJ-015",319,565239,56.4,50.2,62.6
,"Barnstable County, MA","25001","2023","2023","Unintentional","1","Fall","GRINJ-003",63,231735,27.2,20.9,34.8
,"Barnstable County, MA","25001","2023","2023","Unintentional","1","Motor Vehicle Traffic","GRINJ-008",16,231735,6.9,3.9,11.2
,"Barnstable County, MA","25001","2023","2023","Unintentional","1","Poisoning","GRINJ-015",72,231735,31.1,24.3,39.1
,"Barnstable County, MA","25001","2023","2023","Unintentional","1","Suffocation","GRINJ-017",15,231735,6.5,3.6,10.7
,"Barnstable County, MA","25001","2023","2023","Suicide","2","Suffocation","GRINJ-017",11,231735,4.7,2.4,8.5
,"Berkshire County, MA","25003","2023","2023","Unintentional","1","Fall","GRINJ-003",30,126818,23.7,16.0,33.8
,"Berkshire County, MA","25003","2023","2023","Unintentional","1","Motor Vehicle Traffic","GRINJ-008",12,126818,9.5,4.9,16.5
,"Berkshire County, MA","25003","2023","2023","Unintentional","1","Poisoning","GRINJ-015",52,126818,41.0,30.6,53.8
,"Bristol County, MA","25005","2023","2023","Unintentional","1","Fall","GRINJ-003",106,581841,18.2,14.7,21.7
,"Bristol County, MA","25005","2023","2023","Unintentional","1","Motor Vehicle Traffic","GRINJ-008",57,581841,9.8,7.4,12.7
,"Bristol County, MA","25005","2023","2023","Unintentional","1","Poisoning","GRINJ-015",268,581841,46.1,40.5,51.6
,"Bristol County, MA","25005","2023","2023","Unintentional","1","Suffocation","GRINJ-017",14,581841,2.4,1.3,4.0
,"Bristol County, MA","25005","2023","2023","Suicide","2","Firearm","GRINJ-006",14,581841,2.4,1.3,4.0
,"Bristol County, MA","25005","2023","2023","Suicide","2","Poisoning","GRINJ-015",16,581841,2.7,1.6,4.5
,"Bristol County, MA","25005","2023","2023","Suicide","2","Suffocation","GRINJ-017",31,581841,5.3,3.6,7.6
,"Bristol County, MA","25005","2023","2023","Homicide","3","Firearm","GRINJ-006",11,581841,1.9,0.9,3.4
,"Essex County, MA","25009","2023","2023","Unintentional","1","Drowning","GRINJ-002",12,810089,1.5,0.8,2.6
,"Essex County, MA","25009","2023","2023","Unintentional","1","Fall","GRINJ-003",154,810089,19.0,16.0,22.0
,"Essex County, MA","25009","2023","2023","Unintentional","1","Motor Vehicle Traffic","GRINJ-008",44,810089,5.4,3.9,7.3
,"Essex County, MA","25009","2023","2023","Unintentional","1","Poisoning","GRINJ-015",237,810089,29.3,25.5,33.0
,"Essex County, MA","25009","2023","2023","Unintentional","1","Suffocation","GRINJ-017",26,810089,3.2,2.1,4.7
,"Essex County, MA","25009","2023","2023","Unintentional","1","Unspecified Injury","GRINJ-020",12,810089,1.5,0.8,2.6
,"Essex County, MA","25009","2023","2023","Suicide","2","Firearm","GRINJ-006",10,810089,1.2,0.6,2.3
,"Essex County, MA","25009","2023","2023","Suicide","2","Poisoning","GRINJ-015",22,810089,2.7,1.7,4.1
,"Essex County, MA","25009","2023","2023","Suicide","2","Suffocation","GRINJ-017",31,810089,3.8,2.6,5.4
,"Essex County, MA","25009","2023","2023","Homicide","3","Firearm","GRINJ-006",14,810089,1.7,0.9,2.9
,"Franklin County, MA","25011","2023","2023","Unintentional","1","Poisoning","GRINJ-015",30,70836,42.4,28.6,60.5
,"Hampden County, MA","25013","2023","2023","Unintentional","1","Fall","GRINJ-003",89,460291,19.3,15.5,23.8
,"Hampden County, MA","25013","2023","2023","Unintentional","1","Motor Vehicle Traffic","GRINJ-008",46,460291,10.0,7.3,13.3
,"Hampden County, MA","25013","2023","2023","Unintentional","1","Poisoning","GRINJ-015",245,460291,53.2,46.6,59.9
,"Hampden County, MA","25013","2023","2023","Unintentional","1","Suffocation","GRINJ-017",18,460291,3.9,2.3,6.2
,"Hampden County, MA","25013","2023","2023","Suicide","2","Firearm","GRINJ-006",18,460291,3.9,2.3,6.2
,"Hampden County, MA","25013","2023","2023","Suicide","2","Suffocation","GRINJ-017",14,460291,3.0,1.7,5.1
,"Hampden County, MA","25013","2023","2023","Homicide","3","Firearm","GRINJ-006",35,460291,7.6,5.3,10.6
,"Hampshire County, MA","25015","2023","2023","Unintentional","1","Fall","GRINJ-003",28,162502,17.2,11.4,24.9
,"Hampshire County, MA","25015","2023","2023","Unintentional","1","Motor Vehicle Traffic","GRINJ-008",11,162502,6.8,3.4,12.1
,"Hampshire County, MA","25015","2023","2023","Unintentional","1","Poisoning","GRINJ-015",34,162502,20.9,14.5,29.2
,"Middlesex County, MA","25017","2023","2023","Unintentional","1","Drowning","GRINJ-002",12,1623952,0.7,0.4,1.3
,"Middlesex County, MA","25017","2023","2023","Unintentional","1","Fall","GRINJ-003",267,1623952,16.4,14.5,18.4
,"Middlesex County, MA","25017","2023","2023","Unintentional","1","Motor Vehicle Traffic","GRINJ-008",68,1623952,4.2,3.3,5.3
,"Middlesex County, MA","25017","2023","2023","Unintentional","1","Poisoning","GRINJ-015",334,1623952,20.6,18.4,22.8
,"Middlesex County, MA","25017","2023","2023","Unintentional","1","Suffocation","GRINJ-017",44,1623952,2.7,2.0,3.6
,"Middlesex County, MA","25017","2023","2023","Unintentional","1","Other specified, classifiable Injury","GRINJ-018",10,1623952,0.6,0.3,1.1
,"Middlesex County, MA","25017","2023","2023","Unintentional","1","Unspecified Injury","GRINJ-020",15,1623952,0.9,0.5,1.5
,"Middlesex County, MA","25017","2023","2023","Suicide","2","Firearm","GRINJ-006",22,1623952,1.4,0.8,2.1
,"Middlesex County, MA","25017","2023","2023","Suicide","2","Poisoning","GRINJ-015",29,1623952,1.8,1.2,2.6
,"Middlesex County, MA","25017","2023","2023","Suicide","2","Suffocation","GRINJ-017",63,1623952,3.9,3.0,5.0
,"Norfolk County, MA","25021","2023","2023","Unintentional","1","Fall","GRINJ-003",114,727473,15.7,12.8,18.5
,"Norfolk County, MA","25021","2023","2023","Unintentional","1","Motor Vehicle Traffic","GRINJ-008",34,727473,4.7,3.2,6.5
,"Norfolk County, MA","25021","2023","2023","Unintentional","1","Poisoning","GRINJ-015",176,727473,24.2,20.6,27.8
,"Norfolk County, MA","25021","2023","2023","Unintentional","1","Suffocation","GRINJ-017",23,727473,3.2,2.0,4.7
,"Norfolk County, MA","25021","2023","2023","Unintentional","1","Other specified, not elsewhere classified Injury","GRINJ-019",12,727473,1.6,0.9,2.9
,"Norfolk County, MA","25021","2023","2023","Unintentional","1","Unspecified Injury","GRINJ-020",11,727473,1.5,0.8,2.7
,"Norfolk County, MA","25021","2023","2023","Suicide","2","Firearm","GRINJ-006",12,727473,1.6,0.9,2.9
,"Norfolk County, MA","25021","2023","2023","Suicide","2","Poisoning","GRINJ-015",16,727473,2.2,1.3,3.6
,"Norfolk County, MA","25021","2023","2023","Suicide","2","Suffocation","GRINJ-017",32,727473,4.4,3.0,6.2
,"Plymouth County, MA","25023","2023","2023","Unintentional","1","Fall","GRINJ-003",94,535308,17.6,14.2,21.5
,"Plymouth County, MA","25023","2023","2023","Unintentional","1","Motor Vehicle Traffic","GRINJ-008",39,535308,7.3,5.2,10.0
,"Plymouth County, MA","25023","2023","2023","Unintentional","1","Poisoning","GRINJ-015",164,535308,30.6,25.9,35.3
,"Plymouth County, MA","25023","2023","2023","Unintentional","1","Suffocation","GRINJ-017",19,535308,3.5,2.1,5.5
,"Plymouth County, MA","25023","2023","2023","Suicide","2","Firearm","GRINJ-006",21,535308,3.9,2.4,6.0
,"Plymouth County, MA","25023","2023","2023","Suicide","2","Suffocation","GRINJ-017",20,535308,3.7,2.3,5.8
,"Plymouth County, MA","25023","2023","2023","Homicide","3","Firearm","GRINJ-006",13,535308,2.4,1.3,4.2
,"Suffolk County, MA","25025","2023","2023","Unintentional","1","Fall","GRINJ-003",74,768425,9.6,7.6,12.1
,"Suffolk County, MA","25025","2023","2023","Unintentional","1","Motor Vehicle Traffic","GRINJ-008",30,768425,3.9,2.6,5.6
,"Suffolk County, MA","25025","2023","2023","Unintentional","1","Poisoning","GRINJ-015",368,768425,47.9,43.0,52.8
,"Suffolk County, MA","25025","2023","2023","Unintentional","1","Suffocation","GRINJ-017",25,768425,3.3,2.1,4.8
,"Suffolk County, MA","25025","2023","2023","Suicide","2","Poisoning","GRINJ-015",11,768425,1.4,0.7,2.6
,"Suffolk County, MA","25025","2023","2023","Suicide","2","Suffocation","GRINJ-017",20,768425,2.6,1.6,4.0
,"Suffolk County, MA","25025","2023","2023","Homicide","3","Firearm","GRINJ-006",22,768425,2.9,1.8,4.3
,"Worcester County, MA","25027","2023","2023","Unintentional","1","Fall","GRINJ-003",156,866866,18.0,15.2,20.8
,"Worcester County, MA","25027","2023","2023","Unintentional","1","Motor Vehicle Traffic","GRINJ-008",56,866866,6.5,4.9,8.4
,"Worcester County, MA","25027","2023","2023","Unintentional","1","Poisoning","GRINJ-015",292,866866,33.7,29.8,37.5
,"Worcester County, MA","25027","2023","2023","Unintentional","1","Suffocation","GRINJ-017",20,866866,2.3,1.4,3.6
,"Worcester County, MA","25027","2023","2023","Unintentional","1","Other specified, not elsewhere classified Injury","GRINJ-019",11,866866,1.3,0.6,2.3
,"Worcester County, MA","25027","2023","2023","Unintentional","1","Unspecified Injury","GRINJ-020",15,866866,1.7,1.0,2.9
,"Worcester County, MA","25027","2023","2023","Suicide","2","Firearm","GRINJ-006",22,866866,2.5,1.6,3.8
,"Worcester County, MA","25027","2023","2023","Suicide","2","Poisoning","GRINJ-015",15,866866,1.7,1.0,2.9
,"Worcester County, MA","25027","2023","2023","Suicide","2","Suffocation","GRINJ-017",35,866866,4.0,2.8,5.6
,"Allegan County, MI","26005","2023","2023","Unintentional","1","Fall","GRINJ-003",25,121939,20.5,13.3,30.3
,"Allegan County, MI","26005","2023","2023","Unintentional","1","Motor Vehicle Traffic","GRINJ-008",12,121939,9.8,5.1,17.2
,"Allegan County, MI","26005","2023","2023","Unintentional","1","Poisoning","GRINJ-015",12,121939,9.8,5.1,17.2
,"Allegan County, MI","26005","2023","2023","Suicide","2","Firearm","GRINJ-006",17,121939,13.9,8.1,22.3
,"Alpena County, MI","26007","2023","2023","Unintentional","1","Fall","GRINJ-003",11,28904,38.1,19.0,68.1
,"Antrim County, MI","26009","2023","2023","Unintentional","1","Fall","GRINJ-003",10,24409,41.0,19.6,75.3
,"Barry County, MI","26015","2023","2023","Unintentional","1","Fall","GRINJ-003",16,63808,25.1,14.3,40.7
,"Barry County, MI","26015","2023","2023","Unintentional","1","Motor Vehicle Traffic","GRINJ-008",16,63808,25.1,14.3,40.7
,"Bay County, MI","26017","2023","2023","Unintentional","1","Poisoning","GRINJ-015",34,102500,33.2,23.0,46.4
,"Bay County, MI","26017","2023","2023","Suicide","2","Firearm","GRINJ-006",11,102500,10.7,5.4,19.2
,"Berrien County, MI","26021","2023","2023","Unintentional","1","Fall","GRINJ-003",26,152261,17.1,11.2,25.0
,"Berrien County, MI","26021","2023","2023","Unintentional","1","Motor Vehicle Traffic","GRINJ-008",14,152261,9.2,5.0,15.4
,"Berrien County, MI","26021","2023","2023","Unintentional","1","Poisoning","GRINJ-015",41,152261,26.9,19.3,36.5
,"Berrien County, MI","26021","2023","2023","Suicide","2","Firearm","GRINJ-006",16,152261,10.5,6.0,17.1
,"Berrien County, MI","26021","2023","2023","Homicide","3","Firearm","GRINJ-006",11,152261,7.2,3.6,12.9
,"Calhoun County, MI","26025","2023","2023","Unintentional","1","Fall","GRINJ-003",22,133366,16.5,10.3,25.0
,"Calhoun County, MI","26025","2023","2023","Unintentional","1","Motor Vehicle Traffic","GRINJ-008",24,133366,18.0,11.5,26.8
,"Calhoun County, MI","26025","2023","2023","Unintentional","1","Poisoning","GRINJ-015",35,133366,26.2,18.3,36.5
,"Calhoun County, MI","26025","2023","2023","Suicide","2","Firearm","GRINJ-006",14,133366,10.5,5.7,17.6
,"Calhoun County, MI","26025","2023","2023","Homicide","3","Firearm","GRINJ-006",15,133366,11.2,6.3,18.6
,"Cass County, MI","26027","2023","2023","Unintentional","1","Motor Vehicle Traffic","GRINJ-008",13,51642,25.2,13.4,43.0
,"Cass County, MI","26027","2023","2023","Unintentional","1","Poisoning","GRINJ-015",12,51642,23.2,12.0,40.6
,"Clinton County, MI","26037","2023","2023","Unintentional","1","Fall","GRINJ-003",14,79720,17.6,9.6,29.5
,"Delta County, MI","26041","2023","2023","Unintentional","1","Fall","GRINJ-003",10,36790,27.2,13.0,50.0
,"Eaton County, MI","26045","2023","2023","Unintentional","1","Fall","GRINJ-003",22,108820,20.2,12.7,30.6
,"Eaton County, MI","26045","2023","2023","Unintentional","1","Motor Vehicle Traffic","GRINJ-008",16,108820,14.7,8.4,23.9
,"Eaton County, MI","26045","2023","2023","Unintentional","1","Poisoning","GRINJ-015",23,108820,21.1,13.4,31.7
,"Eaton County, MI","26045","2023","2023","Suicide","2","Firearm","GRINJ-006",16,108820,14.7,8.4,23.9
,"Genesee County, MI","26049","2023","2023","Unintentional","1","Fall","GRINJ-003",53,401522,13.2,9.9,17.3
,"Genesee County, MI","26049","2023","2023","Unintentional","1","Motor Vehicle Traffic","GRINJ-008",62,401522,15.4,11.8,19.8
,"Genesee County, MI","26049","2023","2023","Unintentional","1","Poisoning","GRINJ-015",206,401522,51.3,44.3,58.3
,"Genesee County, MI","26049","2023","2023","Suicide","2","Firearm","GRINJ-006",46,401522,11.5,8.4,15.3
,"Genesee County, MI","26049","2023","2023","Suicide","2","Suffocation","GRINJ-017",18,401522,4.5,2.7,7.1
,"Genesee County, MI","26049","2023","2023","Homicide","3","Firearm","GRINJ-006",41,401522,10.2,7.3,13.9
,"Grand Traverse County, MI","26055","2023","2023","Unintentional","1","Fall","GRINJ-003",22,96421,22.8,14.3,34.5
,"Grand Traverse County, MI","26055","2023","2023","Unintentional","1","Motor Vehicle Traffic","GRINJ-008",17,96421,17.6,10.3,28.2
,"Grand Traverse County, MI","26055","2023","2023","Unintentional","1","Poisoning","GRINJ-015",22,96421,22.8,14.3,34.5
,"Ingham County, MI","26065","2023","2023","Unintentional","1","Fall","GRINJ-003",48,284637,16.9,12.4,22.4
,"Ingham County, MI","26065","2023","2023","Unintentional","1","Motor Vehicle Traffic","GRINJ-008",25,284637,8.8,5.7,13.0
,"Ingham County, MI","26065","2023","2023","Unintentional","1","Poisoning","GRINJ-015",98,284637,34.4,28.0,42.0
,"Ingham County, MI","26065","2023","2023","Suicide","2","Firearm","GRINJ-006",24,284637,8.4,5.4,12.5
,"Ingham County, MI","26065","2023","2023","Homicide","3","Firearm","GRINJ-006",13,284637,4.6,2.4,7.8
,"Ionia County, MI","26067","2023","2023","Unintentional","1","Fall","GRINJ-003",13,66262,19.6,10.4,33.5
,"Ionia County, MI","26067","2023","2023","Unintentional","1","Motor Vehicle Traffic","GRINJ-008",14,66262,21.1,11.6,35.4
,"Ionia County, MI","26067","2023","2023","Unintentional","1","Poisoning","GRINJ-015",10,66262,15.1,7.2,27.8
,"Isabella County, MI","26073","2023","2023","Unintentional","1","Motor Vehicle Traffic","GRINJ-008",16,64118,25.0,14.3,40.5
,"Isabella County, MI","26073","2023","2023","Unintentional","1","Poisoning","GRINJ-015",17,64118,26.5,15.4,42.5
,"Jackson County, MI","26075","2023","2023","Unintentional","1","Fall","GRINJ-003",11,159424,6.9,3.4,12.3
,"Jackson County, MI","26075","2023","2023","Unintentional","1","Motor Vehicle Traffic","GRINJ-008",18,159424,11.3,6.7,17.8
,"Jackson County, MI","26075","2023","2023","Suicide","2","Firearm","GRINJ-006",19,159424,11.9,7.2,18.6
,"Jackson County, MI","26075","2023","2023","Homicide","3","Firearm","GRINJ-006",10,159424,6.3,3.0,11.5
,"Jackson County, MI","26075","2023","2023","Undetermined ","4","Poisoning","GRINJ-015",36,159424,22.6,15.8,31.3
,"Kalamazoo County, MI","26077","2023","2023","Unintentional","1","Fall","GRINJ-003",58,262215,22.1,16.8,28.6
,"Kalamazoo County, MI","26077","2023","2023","Unintentional","1","Motor Vehicle Traffic","GRINJ-008",43,262215,16.4,11.9,22.1
,"Kalamazoo County, MI","26077","2023","2023","Unintentional","1","Poisoning","GRINJ-015",75,262215,28.6,22.5,35.9
,"Kalamazoo County, MI","26077","2023","2023","Suicide","2","Firearm","GRINJ-006",13,262215,5.0,2.6,8.5
,"Kalamazoo County, MI","26077","2023","2023","Suicide","2","Suffocation","GRINJ-017",14,262215,5.3,2.9,9.0
,"Kalamazoo County, MI","26077","2023","2023","Homicide","3","Firearm","GRINJ-006",18,262215,6.9,4.1,10.8
,"Kent County, MI","26081","2023","2023","Unintentional","1","Fall","GRINJ-003",126,661354,19.1,15.7,22.4
,"Kent County, MI","26081","2023","2023","Unintentional","1","Motor Vehicle Traffic","GRINJ-008",64,661354,9.7,7.5,12.4
,"Kent County, MI","26081","2023","2023","Unintentional","1","Poisoning","GRINJ-015",109,661354,16.5,13.4,19.6
,"Kent County, MI","26081","2023","2023","Unintentional","1","Suffocation","GRINJ-017",11,661354,1.7,0.8,3.0
,"Kent County, MI","26081","2023","2023","Suicide","2","Firearm","GRINJ-006",40,661354,6.0,4.3,8.2
,"Kent County, MI","26081","2023","2023","Suicide","2","Poisoning","GRINJ-015",13,661354,2.0,1.0,3.4
,"Kent County, MI","26081","2023","2023","Suicide","2","Suffocation","GRINJ-017",33,661354,5.0,3.4,7.0
,"Kent County, MI","26081","2023","2023","Homicide","3","Firearm","GRINJ-006",29,661354,4.4,2.9,6.3
,"Lapeer County, MI","26087","2023","2023","Unintentional","1","Fall","GRINJ-003",13,88977,14.6,7.8,25.0
,"Lapeer County, MI","26087","2023","2023","Unintentional","1","Motor Vehicle Traffic","GRINJ-008",12,88977,13.5,7.0,23.6
,"Lapeer County, MI","26087","2023","2023","Undetermined ","4","Poisoning","GRINJ-015",14,88977,15.7,8.6,26.4
,"Lenawee County, MI","26091","2023","2023","Unintentional","1","Fall","GRINJ-003",17,97520,17.4,10.2,27.9
,"Lenawee County, MI","26091","2023","2023","Unintentional","1","Motor Vehicle Traffic","GRINJ-008",21,97520,21.5,13.3,32.9
,"Livingston County, MI","26093","2023","2023","Unintentional","1","Fall","GRINJ-003",24,196757,12.2,7.8,18.1
,"Livingston County, MI","26093","2023","2023","Unintentional","1","Motor Vehicle Traffic","GRINJ-008",11,196757,5.6,2.8,10.0
,"Livingston County, MI","26093","2023","2023","Unintentional","1","Poisoning","GRINJ-015",17,196757,8.6,5.0,13.8
,"Livingston County, MI","26093","2023","2023","Suicide","2","Firearm","GRINJ-006",14,196757,7.1,3.9,11.9
,"Macomb County, MI","26099","2023","2023","Unintentional","1","Fall","GRINJ-003",120,875101,13.7,11.3,16.2
,"Macomb County, MI","26099","2023","2023","Unintentional","1","Motor Vehicle Traffic","GRINJ-008",90,875101,10.3,8.3,12.6
,"Macomb County, MI","26099","2023","2023","Unintentional","1","Poisoning","GRINJ-015",175,875101,20.0,17.0,23.0
,"Macomb County, MI","26099","2023","2023","Unintentional","1","Suffocation","GRINJ-017",24,875101,2.7,1.8,4.1
,"Macomb County, MI","26099","2023","2023","Unintentional","1","Unspecified Injury","GRINJ-020",12,875101,1.4,0.7,2.4
,"Macomb County, MI","26099","2023","2023","Suicide","2","Firearm","GRINJ-006",79,875101,9.0,7.1,11.3
,"Macomb County, MI","26099","2023","2023","Suicide","2","Poisoning","GRINJ-015",17,875101,1.9,1.1,3.1
,"Macomb County, MI","26099","2023","2023","Suicide","2","Suffocation","GRINJ-017",33,875101,3.8,2.6,5.3
,"Macomb County, MI","26099","2023","2023","Homicide","3","Firearm","GRINJ-006",27,875101,3.1,2.0,4.5
,"Macomb County, MI","26099","2023","2023","Undetermined ","4","Poisoning","GRINJ-015",59,875101,6.7,5.1,8.7
,"Manistee County, MI","26101","2023","2023","Unintentional","1","Fall","GRINJ-003",13,25562,50.9,27.1,87.0
,"Marquette County, MI","26103","2023","2023","Unintentional","1","Fall","GRINJ-003",11,66999,16.4,8.2,29.4
,"Marquette County, MI","26103","2023","2023","Suicide","2","Firearm","GRINJ-006",10,66999,14.9,7.2,27.4
,"Mecosta County, MI","26107","2023","2023","Unintentional","1","Fall","GRINJ-003",21,41099,51.1,31.6,78.1
,"Midland County, MI","26111","2023","2023","Unintentional","1","Fall","GRINJ-003",12,84039,14.3,7.4,24.9
,"Midland County, MI","26111","2023","2023","Unintentional","1","Motor Vehicle Traffic","GRINJ-008",12,84039,14.3,7.4,24.9
,"Monroe County, MI","26115","2023","2023","Unintentional","1","Fall","GRINJ-003",26,155045,16.8,11.0,24.6
,"Monroe County, MI","26115","2023","2023","Unintentional","1","Motor Vehicle Traffic","GRINJ-008",11,155045,7.1,3.5,12.7
,"Monroe County, MI","26115","2023","2023","Unintentional","1","Poisoning","GRINJ-015",25,155045,16.1,10.4,23.8
,"Monroe County, MI","26115","2023","2023","Suicide","2","Firearm","GRINJ-006",11,155045,7.1,3.5,12.7
,"Montcalm County, MI","26117","2023","2023","Unintentional","1","Fall","GRINJ-003",16,68154,23.5,13.4,38.1
,"Montcalm County, MI","26117","2023","2023","Unintentional","1","Motor Vehicle Traffic","GRINJ-008",17,68154,24.9,14.5,39.9
,"Montcalm County, MI","26117","2023","2023","Unintentional","1","Poisoning","GRINJ-015",15,68154,22.0,12.3,36.3
,"Muskegon County, MI","26121","2023","2023","Unintentional","1","Fall","GRINJ-003",32,176564,18.1,12.4,25.6
,"Muskegon County, MI","26121","2023","2023","Unintentional","1","Motor Vehicle Traffic","GRINJ-008",28,176564,15.9,10.5,22.9
,"Muskegon County, MI","26121","2023","2023","Unintentional","1","Poisoning","GRINJ-015",63,176564,35.7,27.4,45.7
,"Muskegon County, MI","26121","2023","2023","Suicide","2","Firearm","GRINJ-006",20,176564,11.3,6.9,17.5
,"Muskegon County, MI","26121","2023","2023","Homicide","3","Firearm","GRINJ-006",12,176564,6.8,3.5,11.9
,"Newaygo County, MI","26123","2023","2023","Unintentional","1","Fall","GRINJ-003",16,51108,31.3,17.9,50.8
,"Newaygo County, MI","26123","2023","2023","Unintentional","1","Motor Vehicle Traffic","GRINJ-008",10,51108,19.6,9.4,36.0
,"Newaygo County, MI","26123","2023","2023","Unintentional","1","Poisoning","GRINJ-015",16,51108,31.3,17.9,50.8
,"Oakland County, MI","26125","2023","2023","Unintentional","1","Drowning","GRINJ-002",13,1270426,1.0,0.5,1.7
,"Oakland County, MI","26125","2023","2023","Unintentional","1","Fall","GRINJ-003",230,1270426,18.1,15.8,20.4
,"Oakland County, MI","26125","2023","2023","Unintentional","1","Fire/Flame","GRINJ-004",10,1270426,0.8,0.4,1.4
,"Oakland County, MI","26125","2023","2023","Unintentional","1","Motor Vehicle Traffic","GRINJ-008",96,1270426,7.6,6.1,9.2
,"Oakland County, MI","26125","2023","2023","Unintentional","1","Poisoning","GRINJ-015",54,1270426,4.3,3.2,5.5
,"Oakland County, MI","26125","2023","2023","Unintentional","1","Suffocation","GRINJ-017",21,1270426,1.7,1.0,2.5
,"Oakland County, MI","26125","2023","2023","Unintentional","1","Other specified, classifiable Injury","GRINJ-018",10,1270426,0.8,0.4,1.4
,"Oakland County, MI","26125","2023","2023","Suicide","2","Firearm","GRINJ-006",83,1270426,6.5,5.2,8.1
,"Oakland County, MI","26125","2023","2023","Suicide","2","Poisoning","GRINJ-015",26,1270426,2.0,1.3,3.0
,"Oakland County, MI","26125","2023","2023","Suicide","2","Suffocation","GRINJ-017",41,1270426,3.2,2.3,4.4
,"Oakland County, MI","26125","2023","2023","Homicide","3","Firearm","GRINJ-006",32,1270426,2.5,1.7,3.6
,"Oakland County, MI","26125","2023","2023","Undetermined ","4","Poisoning","GRINJ-015",190,1270426,15.0,12.8,17.1
,"Oceana County, MI","26127","2023","2023","Unintentional","1","Poisoning","GRINJ-015",11,26981,40.8,20.4,72.9
,"Ottawa County, MI","26139","2023","2023","Unintentional","1","Fall","GRINJ-003",54,303372,17.8,13.4,23.2
,"Ottawa County, MI","26139","2023","2023","Unintentional","1","Motor Vehicle Traffic","GRINJ-008",23,303372,7.6,4.8,11.4
,"Ottawa County, MI","26139","2023","2023","Unintentional","1","Poisoning","GRINJ-015",32,303372,10.5,7.2,14.9
,"Ottawa County, MI","26139","2023","2023","Unintentional","1","Suffocation","GRINJ-017",10,303372,3.3,1.6,6.1
,"Saginaw County, MI","26145","2023","2023","Unintentional","1","Fall","GRINJ-003",27,187782,14.4,9.5,20.9
,"Saginaw County, MI","26145","2023","2023","Unintentional","1","Motor Vehicle Traffic","GRINJ-008",25,187782,13.3,8.6,19.7
,"Saginaw County, MI","26145","2023","2023","Unintentional","1","Poisoning","GRINJ-015",65,187782,34.6,26.7,44.1
,"Saginaw County, MI","26145","2023","2023","Suicide","2","Firearm","GRINJ-006",19,187782,10.1,6.1,15.8
,"Saginaw County, MI","26145","2023","2023","Homicide","3","Firearm","GRINJ-006",13,187782,6.9,3.7,11.8
,"St. Clair County, MI","26147","2023","2023","Unintentional","1","Fall","GRINJ-003",22,159874,13.8,8.6,20.8
,"St. Clair County, MI","26147","2023","2023","Unintentional","1","Motor Vehicle Traffic","GRINJ-008",18,159874,11.3,6.7,17.8
,"St. Clair County, MI","26147","2023","2023","Unintentional","1","Poisoning","GRINJ-015",44,159874,27.5,20.0,36.9
,"St. Clair County, MI","26147","2023","2023","Suicide","2","Firearm","GRINJ-006",15,159874,9.4,5.3,15.5
,"Sanilac County, MI","26151","2023","2023","Unintentional","1","Motor Vehicle Traffic","GRINJ-008",11,40368,27.2,13.6,48.8
,"Shiawassee County, MI","26155","2023","2023","Unintentional","1","Fall","GRINJ-003",12,68025,17.6,9.1,30.8
,"Shiawassee County, MI","26155","2023","2023","Unintentional","1","Motor Vehicle Traffic","GRINJ-008",10,68025,14.7,7.0,27.0
,"Shiawassee County, MI","26155","2023","2023","Unintentional","1","Poisoning","GRINJ-015",10,68025,14.7,7.0,27.0
,"Van Buren County, MI","26159","2023","2023","Unintentional","1","Fall","GRINJ-003",12,75798,15.8,8.2,27.7
,"Van Buren County, MI","26159","2023","2023","Unintentional","1","Motor Vehicle Traffic","GRINJ-008",15,75798,19.8,11.1,32.6
,"Van Buren County, MI","26159","2023","2023","Unintentional","1","Poisoning","GRINJ-015",14,75798,18.5,10.1,31.0
,"Van Buren County, MI","26159","2023","2023","Suicide","2","Firearm","GRINJ-006",11,75798,14.5,7.2,26.0
,"Washtenaw County, MI","26161","2023","2023","Unintentional","1","Fall","GRINJ-003",54,365536,14.8,11.1,19.3
,"Washtenaw County, MI","26161","2023","2023","Unintentional","1","Motor Vehicle Traffic","GRINJ-008",19,365536,5.2,3.1,8.1
,"Washtenaw County, MI","26161","2023","2023","Unintentional","1","Poisoning","GRINJ-015",71,365536,19.4,15.2,24.5
,"Washtenaw County, MI","26161","2023","2023","Suicide","2","Firearm","GRINJ-006",19,365536,5.2,3.1,8.1
,"Wayne County, MI","26163","2023","2023","Unintentional","1","Drowning","GRINJ-002",10,1751169,0.6,0.3,1.1
,"Wayne County, MI","26163","2023","2023","Unintentional","1","Fall","GRINJ-003",132,1751169,7.5,6.3,8.8
,"Wayne County, MI","26163","2023","2023","Unintentional","1","Fire/Flame","GRINJ-004",29,1751169,1.7,1.1,2.4
,"Wayne County, MI","26163","2023","2023","Unintentional","1","Motor Vehicle Traffic","GRINJ-008",217,1751169,12.4,10.7,14.0
,"Wayne County, MI","26163","2023","2023","Unintentional","1","Natural/Environmental","GRINJ-013",13,1751169,0.7,0.4,1.3
,"Wayne County, MI","26163","2023","2023","Unintentional","1","Poisoning","GRINJ-015",914,1751169,52.2,48.8,55.6
,"Wayne County, MI","26163","2023","2023","Unintentional","1","Suffocation","GRINJ-017",49,1751169,2.8,2.1,3.7
,"Wayne County, MI","26163","2023","2023","Unintentional","1","Other specified, classifiable Injury","GRINJ-018",10,1751169,0.6,0.3,1.1
,"Wayne County, MI","26163","2023","2023","Unintentional","1","Other specified, not elsewhere classified Injury","GRINJ-019",14,1751169,0.8,0.4,1.3
,"Wayne County, MI","26163","2023","2023","Suicide","2","Firearm","GRINJ-006",138,1751169,7.9,6.6,9.2
,"Wayne County, MI","26163","2023","2023","Suicide","2","Poisoning","GRINJ-015",29,1751169,1.7,1.1,2.4
,"Wayne County, MI","26163","2023","2023","Suicide","2","Suffocation","GRINJ-017",50,1751169,2.9,2.1,3.8
,"Wayne County, MI","26163","2023","2023","Homicide","3","Cut/Pierce","GRINJ-001",21,1751169,1.2,0.7,1.8
,"Wayne County, MI","26163","2023","2023","Homicide","3","Firearm","GRINJ-006",256,1751169,14.6,12.8,16.4
,"Wayne County, MI","26163","2023","2023","Homicide","3","Other specified, not elsewhere classified Injury","GRINJ-019",12,1751169,0.7,0.4,1.2
,"Wayne County, MI","26163","2023","2023","Undetermined ","4","Poisoning","GRINJ-015",37,1751169,2.1,1.5,2.9
,"Wexford County, MI","26165","2023","2023","Unintentional","1","Motor Vehicle Traffic","GRINJ-008",11,34122,32.2,16.1,57.7
,"Anoka County, MN","27003","2023","2023","Unintentional","1","Fall","GRINJ-003",76,372441,20.4,16.1,25.5
,"Anoka County, MN","27003","2023","2023","Unintentional","1","Motor Vehicle Traffic","GRINJ-008",22,372441,5.9,3.7,8.9
,"Anoka County, MN","27003","2023","2023","Unintentional","1","Poisoning","GRINJ-015",56,372441,15.0,11.4,19.5
,"Anoka County, MN","27003","2023","2023","Suicide","2","Firearm","GRINJ-006",30,372441,8.1,5.4,11.5
,"Anoka County, MN","27003","2023","2023","Suicide","2","Suffocation","GRINJ-017",18,372441,4.8,2.9,7.6
,"Becker County, MN","27005","2023","2023","Unintentional","1","Fall","GRINJ-003",14,35283,39.7,21.7,66.6
,"Beltrami County, MN","27007","2023","2023","Unintentional","1","Poisoning","GRINJ-015",18,46718,38.5,22.8,60.9
,"Blue Earth County, MN","27013","2023","2023","Unintentional","1","Fall","GRINJ-003",16,70006,22.9,13.1,37.1
,"Blue Earth County, MN","27013","2023","2023","Unintentional","1","Poisoning","GRINJ-015",10,70006,14.3,6.8,26.3
,"Carver County, MN","27019","2023","2023","Unintentional","1","Fall","GRINJ-003",22,111057,19.8,12.4,30.0
,"Cass County, MN","27021","2023","2023","Unintentional","1","Poisoning","GRINJ-015",14,31446,44.5,24.3,74.7
,"Clay County, MN","27027","2023","2023","Unintentional","1","Fall","GRINJ-003",18,66258,27.2,16.1,42.9
,"Clay County, MN","27027","2023","2023","Unintentional","1","Poisoning","GRINJ-015",13,66258,19.6,10.4,33.6
,"Crow Wing County, MN","27035","2023","2023","Unintentional","1","Fall","GRINJ-003",21,68304,30.7,19.0,47.0
,"Dakota County, MN","27037","2023","2023","Unintentional","1","Fall","GRINJ-003",114,447440,25.5,20.8,30.2
,"Dakota County, MN","27037","2023","2023","Unintentional","1","Motor Vehicle Traffic","GRINJ-008",26,447440,5.8,3.8,8.5
,"Dakota County, MN","27037","2023","2023","Unintentional","1","Poisoning","GRINJ-015",63,447440,14.1,10.8,18.0
,"Dakota County, MN","27037","2023","2023","Suicide","2","Firearm","GRINJ-006",19,447440,4.2,2.6,6.6
,"Dakota County, MN","27037","2023","2023","Suicide","2","Suffocation","GRINJ-017",19,447440,4.2,2.6,6.6
,"Douglas County, MN","27041","2023","2023","Unintentional","1","Fall","GRINJ-003",11,39953,27.5,13.7,49.3
,"Freeborn County, MN","27047","2023","2023","Unintentional","1","Fall","GRINJ-003",11,30515,36.0,18.0,64.5
,"Goodhue County, MN","27049","2023","2023","Unintentional","1","Fall","GRINJ-003",16,48035,33.3,19.0,54.1
,"Goodhue County, MN","27049","2023","2023","Unintentional","1","Poisoning","GRINJ-015",10,48035,20.8,10.0,38.3
,"Hennepin County, MN","27053","2023","2023","Unintentional","1","Drowning","GRINJ-002",10,1258713,0.8,0.4,1.5
,"Hennepin County, MN","27053","2023","2023","Unintentional","1","Fall","GRINJ-003",363,1258713,28.8,25.9,31.8
,"Hennepin County, MN","27053","2023","2023","Unintentional","1","Fire/Flame","GRINJ-004",10,1258713,0.8,0.4,1.5
,"Hennepin County, MN","27053","2023","2023","Unintentional","1","Motor Vehicle Traffic","GRINJ-008",70,1258713,5.6,4.3,7.0
,"Hennepin County, MN","27053","2023","2023","Unintentional","1","Poisoning","GRINJ-015",477,1258713,37.9,34.5,41.3
,"Hennepin County, MN","27053","2023","2023","Unintentional","1","Suffocation","GRINJ-017",30,1258713,2.4,1.6,3.4
,"Hennepin County, MN","27053","2023","2023","Suicide","2","Firearm","GRINJ-006",61,1258713,4.8,3.7,6.2
,"Hennepin County, MN","27053","2023","2023","Suicide","2","Poisoning","GRINJ-015",25,1258713,2.0,1.3,2.9
,"Hennepin County, MN","27053","2023","2023","Suicide","2","Suffocation","GRINJ-017",52,1258713,4.1,3.1,5.4
,"Hennepin County, MN","27053","2023","2023","Homicide","3","Cut/Pierce","GRINJ-001",10,1258713,0.8,0.4,1.5
,"Hennepin County, MN","27053","2023","2023","Homicide","3","Firearm","GRINJ-006",61,1258713,4.8,3.7,6.2
,"Hennepin County, MN","27053","2023","2023","Undetermined ","4","Poisoning","GRINJ-015",18,1258713,1.4,0.8,2.3
,"Isanti County, MN","27059","2023","2023","Unintentional","1","Fall","GRINJ-003",12,43182,27.8,14.4,48.5
,"Itasca County, MN","27061","2023","2023","Unintentional","1","Fall","GRINJ-003",15,45365,33.1,18.5,54.5
,"Kandiyohi County, MN","27067","2023","2023","Unintentional","1","Fall","GRINJ-003",13,43813,29.7,15.8,50.7
,"McLeod County, MN","27085","2023","2023","Unintentional","1","Fall","GRINJ-003",10,36785,27.2,13.0,50.0
,"Mille Lacs County, MN","27095","2023","2023","Unintentional","1","Poisoning","GRINJ-015",12,27427,43.8,22.6,76.4
,"Mower County, MN","27099","2023","2023","Unintentional","1","Fall","GRINJ-003",12,40058,30.0,15.5,52.3
,"Nicollet County, MN","27103","2023","2023","Unintentional","1","Fall","GRINJ-003",11,34242,32.1,16.0,57.5
,"Olmsted County, MN","27109","2023","2023","Unintentional","1","Fall","GRINJ-003",44,164784,26.7,19.4,35.8
,"Olmsted County, MN","27109","2023","2023","Unintentional","1","Poisoning","GRINJ-015",34,164784,20.6,14.3,28.8
,"Olmsted County, MN","27109","2023","2023","Suicide","2","Firearm","GRINJ-006",13,164784,7.9,4.2,13.5
,"Otter Tail County, MN","27111","2023","2023","Unintentional","1","Fall","GRINJ-003",15,60626,24.7,13.8,40.8
,"Pine County, MN","27115","2023","2023","Unintentional","1","Poisoning","GRINJ-015",14,30197,46.4,25.3,77.8
,"Polk County, MN","27119","2023","2023","Unintentional","1","Fall","GRINJ-003",13,30412,42.7,22.8,73.1
,"Ramsey County, MN","27123","2023","2023","Unintentional","1","Fall","GRINJ-003",178,536075,33.2,28.3,38.1
,"Ramsey County, MN","27123","2023","2023","Unintentional","1","Motor Vehicle Traffic","GRINJ-008",29,536075,5.4,3.6,7.8
,"Ramsey County, MN","27123","2023","2023","Unintentional","1","Poisoning","GRINJ-015",200,536075,37.3,32.1,42.5
,"Ramsey County, MN","27123","2023","2023","Unintentional","1","Suffocation","GRINJ-017",20,536075,3.7,2.3,5.8
,"Ramsey County, MN","27123","2023","2023","Suicide","2","Firearm","GRINJ-006",23,536075,4.3,2.7,6.4
,"Ramsey County, MN","27123","2023","2023","Suicide","2","Poisoning","GRINJ-015",10,536075,1.9,0.9,3.4
,"Ramsey County, MN","27123","2023","2023","Suicide","2","Suffocation","GRINJ-017",23,536075,4.3,2.7,6.4
,"Ramsey County, MN","27123","2023","2023","Homicide","3","Firearm","GRINJ-006",26,536075,4.9,3.2,7.1
,"Rice County, MN","27131","2023","2023","Unintentional","1","Fall","GRINJ-003",10,67948,14.7,7.1,27.1
,"Rice County, MN","27131","2023","2023","Unintentional","1","Motor Vehicle Traffic","GRINJ-008",10,67948,14.7,7.1,27.1
,"St. Louis County, MN","27137","2023","2023","Unintentional","1","Fall","GRINJ-003",59,200514,29.4,22.4,38.0
,"St. Louis County, MN","27137","2023","2023","Unintentional","1","Motor Vehicle Traffic","GRINJ-008",31,200514,15.5,10.5,21.9
,"St. Louis County, MN","27137","2023","2023","Unintentional","1","Poisoning","GRINJ-015",72,200514,35.9,28.1,45.2
,"St. Louis County, MN","27137","2023","2023","Suicide","2","Firearm","GRINJ-006",24,200514,12.0,7.7,17.8
,"Scott County, MN","27139","2023","2023","Unintentional","1","Fall","GRINJ-003",31,155814,19.9,13.5,28.2
,"Scott County, MN","27139","2023","2023","Unintentional","1","Poisoning","GRINJ-015",18,155814,11.6,6.8,18.3
,"Sherburne County, MN","27141","2023","2023","Unintentional","1","Poisoning","GRINJ-015",12,102206,11.7,6.1,20.5
,"Stearns County, MN","27145","2023","2023","Unintentional","1","Fall","GRINJ-003",34,160977,21.1,14.6,29.5
,"Stearns County, MN","27145","2023","2023","Unintentional","1","Motor Vehicle Traffic","GRINJ-008",15,160977,9.3,5.2,15.4
,"Stearns County, MN","27145","2023","2023","Unintentional","1","Poisoning","GRINJ-015",25,160977,15.5,10.1,22.9
,"Stearns County, MN","27145","2023","2023","Suicide","2","Firearm","GRINJ-006",19,160977,11.8,7.1,18.4
,"Steele County, MN","27147","2023","2023","Unintentional","1","Fall","GRINJ-003",14,37421,37.4,20.5,62.8
,"Washington County, MN","27163","2023","2023","Unintentional","1","Fall","GRINJ-003",77,278936,27.6,21.8,34.5
,"Washington County, MN","27163","2023","2023","Unintentional","1","Motor Vehicle Traffic","GRINJ-008",19,278936,6.8,4.1,10.6
,"Washington County, MN","27163","2023","2023","Unintentional","1","Poisoning","GRINJ-015",39,278936,14.0,9.9,19.1
,"Washington County, MN","27163","2023","2023","Suicide","2","Firearm","GRINJ-006",16,278936,5.7,3.3,9.3
,"Washington County, MN","27163","2023","2023","Suicide","2","Suffocation","GRINJ-017",13,278936,4.7,2.5,8.0
,"Winona County, MN","27169","2023","2023","Unintentional","1","Fall","GRINJ-003",13,49721,26.1,13.9,44.7
,"Winona County, MN","27169","2023","2023","Unintentional","1","Poisoning","GRINJ-015",10,49721,20.1,9.6,37.0
,"Wright County, MN","27171","2023","2023","Unintentional","1","Fall","GRINJ-003",20,151150,13.2,8.1,20.4
,"Wright County, MN","27171","2023","2023","Unintentional","1","Motor Vehicle Traffic","GRINJ-008",12,151150,7.9,4.1,13.9
,"Wright County, MN","27171","2023","2023","Unintentional","1","Poisoning","GRINJ-015",12,151150,7.9,4.1,13.9
,"Alcorn County, MS","28003","2023","2023","Unintentional","1","Motor Vehicle Traffic","GRINJ-008",16,34135,46.9,26.8,76.1
,"Bolivar County, MS","28011","2023","2023","Unintentional","1","Motor Vehicle Traffic","GRINJ-008",14,28968,48.3,26.4,81.1
,"Bolivar County, MS","28011","2023","2023","Homicide","3","Firearm","GRINJ-006",10,28968,34.5,16.6,63.5
,"Coahoma County, MS","28027","2023","2023","Unintentional","1","Motor Vehicle Traffic","GRINJ-008",11,20077,54.8,27.4,98.0
,"Coahoma County, MS","28027","2023","2023","Homicide","3","Firearm","GRINJ-006",14,20077,69.7,38.1,117.0
,"Copiah County, MS","28029","2023","2023","Unintentional","1","Motor Vehicle Traffic","GRINJ-008",11,27664,39.8,19.8,71.1
,"Covington County, MS","28031","2023","2023","Unintentional","1","Motor Vehicle Traffic","GRINJ-008",13,18059,72.0,38.3,123.1
,"DeSoto County, MS","28033","2023","2023","Unintentional","1","Fall","GRINJ-003",25,193247,12.9,8.4,19.1
,"DeSoto County, MS","28033","2023","2023","Unintentional","1","Motor Vehicle Traffic","GRINJ-008",38,193247,19.7,13.9,27.0
,"DeSoto County, MS","28033","2023","2023","Unintentional","1","Poisoning","GRINJ-015",41,193247,21.2,15.2,28.8
,"DeSoto County, MS","28033","2023","2023","Suicide","2","Firearm","GRINJ-006",17,193247,8.8,5.1,14.1
,"DeSoto County, MS","28033","2023","2023","Homicide","3","Firearm","GRINJ-006",17,193247,8.8,5.1,14.1
,"Forrest County, MS","28035","2023","2023","Unintentional","1","Motor Vehicle Traffic","GRINJ-008",10,78208,12.8,6.1,23.5
,"Forrest County, MS","28035","2023","2023","Unintentional","1","Poisoning","GRINJ-015",13,78208,16.6,8.9,28.4
,"Forrest County, MS","28035","2023","2023","Suicide","2","Firearm","GRINJ-006",10,78208,12.8,6.1,23.5
,"George County, MS","28039","2023","2023","Unintentional","1","Motor Vehicle Traffic","GRINJ-008",14,25619,54.6,29.9,91.7
,"Hancock County, MS","28045","2023","2023","Unintentional","1","Motor Vehicle Traffic","GRINJ-008",13,46159,28.2,15.0,48.2
,"Hancock County, MS","28045","2023","2023","Unintentional","1","Poisoning","GRINJ-015",20,46159,43.3,26.5,66.9
,"Harrison County, MS","28047","2023","2023","Unintentional","1","Fall","GRINJ-003",11,210612,5.2,2.6,9.3
,"Harrison County, MS","28047","2023","2023","Unintentional","1","Motor Vehicle Traffic","GRINJ-008",36,210612,17.1,12.0,23.7
,"Harrison County, MS","28047","2023","2023","Unintentional","1","Poisoning","GRINJ-015",81,210612,38.5,30.5,47.8
,"Harrison County, MS","28047","2023","2023","Suicide","2","Firearm","GRINJ-006",31,210612,14.7,10.0,20.9
,"Harrison County, MS","28047","2023","2023","Homicide","3","Firearm","GRINJ-006",18,210612,8.5,5.1,13.5
,"Hinds County, MS","28049","2023","2023","Unintentional","1","Fall","GRINJ-003",11,214870,5.1,2.6,9.2
,"Hinds County, MS","28049","2023","2023","Unintentional","1","Motor Vehicle Traffic","GRINJ-008",52,214870,24.2,18.1,31.7
,"Hinds County, MS","28049","2023","2023","Unintentional","1","Poisoning","GRINJ-015",53,214870,24.7,18.5,32.3
,"Hinds County, MS","28049","2023","2023","Suicide","2","Firearm","GRINJ-006",18,214870,8.4,5.0,13.2
,"Hinds County, MS","28049","2023","2023","Homicide","3","Firearm","GRINJ-006",99,214870,46.1,37.4,56.1
,"Holmes County, MS","28051","2023","2023","Unintentional","1","Motor Vehicle Traffic","GRINJ-008",13,15777,82.4,43.9,140.9
,"Holmes County, MS","28051","2023","2023","Homicide","3","Firearm","GRINJ-006",14,15777,88.7,48.5,148.9
,"Jackson County, MS","28059","2023","2023","Unintentional","1","Fall","GRINJ-003",16,146389,10.9,6.2,17.7
,"Jackson County, MS","28059","2023","2023","Unintentional","1","Motor Vehicle Traffic","GRINJ-008",36,146389,24.6,17.2,34.0
,"Jackson County, MS","28059","2023","2023","Unintentional","1","Poisoning","GRINJ-015",83,146389,56.7,45.2,70.3
,"Jackson County, MS","28059","2023","2023","Suicide","2","Firearm","GRINJ-006",17,146389,11.6,6.8,18.6
,"Jackson County, MS","28059","2023","2023","Homicide","3","Firearm","GRINJ-006",12,146389,8.2,4.2,14.3
,"Jones County, MS","28067","2023","2023","Unintentional","1","Motor Vehicle Traffic","GRINJ-008",16,66250,24.2,13.8,39.2
,"Jones County, MS","28067","2023","2023","Unintentional","1","Poisoning","GRINJ-015",14,66250,21.1,11.6,35.5
,"Lafayette County, MS","28071","2023","2023","Suicide","2","Firearm","GRINJ-006",10,58467,17.1,8.2,31.5
,"Lamar County, MS","28073","2023","2023","Unintentional","1","Motor Vehicle Traffic","GRINJ-008",14,66217,21.1,11.6,35.5
,"Lamar County, MS","28073","2023","2023","Unintentional","1","Poisoning","GRINJ-015",10,66217,15.1,7.2,27.8
,"Lauderdale County, MS","28075","2023","2023","Unintentional","1","Motor Vehicle Traffic","GRINJ-008",17,70527,24.1,14.0,38.6
,"Lauderdale County, MS","28075","2023","2023","Homicide","3","Firearm","GRINJ-006",14,70527,19.9,10.9,33.3
,"Lee County, MS","28081","2023","2023","Unintentional","1","Fall","GRINJ-003",10,82799,12.1,5.8,22.2
,"Lee County, MS","28081","2023","2023","Unintentional","1","Motor Vehicle Traffic","GRINJ-008",18,82799,21.7,12.9,34.4
,"Lee County, MS","28081","2023","2023","Unintentional","1","Poisoning","GRINJ-015",13,82799,15.7,8.4,26.8
,"Leflore County, MS","28083","2023","2023","Homicide","3","Firearm","GRINJ-006",23,26378,87.2,55.3,130.8
,"Lincoln County, MS","28085","2023","2023","Unintentional","1","Fall","GRINJ-003",10,34702,28.8,13.8,53.0
,"Lowndes County, MS","28087","2023","2023","Unintentional","1","Fall","GRINJ-003",10,57283,17.5,8.4,32.1
,"Lowndes County, MS","28087","2023","2023","Unintentional","1","Motor Vehicle Traffic","GRINJ-008",18,57283,31.4,18.6,49.7
,"Lowndes County, MS","28087","2023","2023","Unintentional","1","Poisoning","GRINJ-015",17,57283,29.7,17.3,47.5
,"Madison County, MS","28089","2023","2023","Unintentional","1","Fall","GRINJ-003",17,112511,15.1,8.8,24.2
,"Madison County, MS","28089","2023","2023","Unintentional","1","Motor Vehicle Traffic","GRINJ-008",16,112511,14.2,8.1,23.1
,"Madison County, MS","28089","2023","2023","Unintentional","1","Poisoning","GRINJ-015",20,112511,17.8,10.9,27.5
,"Madison County, MS","28089","2023","2023","Homicide","3","Firearm","GRINJ-006",16,112511,14.2,8.1,23.1
,"Marion County, MS","28091","2023","2023","Unintentional","1","Motor Vehicle Traffic","GRINJ-008",10,24224,41.3,19.8,75.9
,"Marion County, MS","28091","2023","2023","Unintentional","1","Poisoning","GRINJ-015",10,24224,41.3,19.8,75.9
,"Marshall County, MS","28093","2023","2023","Unintentional","1","Motor Vehicle Traffic","GRINJ-008",22,34123,64.5,40.4,97.6
,"Monroe County, MS","28095","2023","2023","Unintentional","1","Fall","GRINJ-003",14,33609,41.7,22.8,69.9
,"Neshoba County, MS","28099","2023","2023","Unintentional","1","Motor Vehicle Traffic","GRINJ-008",10,28789,34.7,16.7,63.9
,"Panola County, MS","28107","2023","2023","Unintentional","1","Motor Vehicle Traffic","GRINJ-008",16,32669,49.0,28.0,79.5
,"Panola County, MS","28107","2023","2023","Homicide","3","Firearm","GRINJ-006",10,32669,30.6,14.7,56.3
,"Pearl River County, MS","28109","2023","2023","Unintentional","1","Fall","GRINJ-003",11,57978,19.0,9.5,33.9
,"Pearl River County, MS","28109","2023","2023","Unintentional","1","Motor Vehicle Traffic","GRINJ-008",15,57978,25.9,14.5,42.7
,"Pearl River County, MS","28109","2023","2023","Unintentional","1","Poisoning","GRINJ-015",41,57978,70.7,50.7,95.9
,"Pike County, MS","28113","2023","2023","Unintentional","1","Motor Vehicle Traffic","GRINJ-008",10,39394,25.4,12.2,46.7
,"Rankin County, MS","28121","2023","2023","Unintentional","1","Fall","GRINJ-003",22,160417,13.7,8.6,20.8
,"Rankin County, MS","28121","2023","2023","Unintentional","1","Motor Vehicle Traffic","GRINJ-008",20,160417,12.5,7.6,19.3
,"Rankin County, MS","28121","2023","2023","Unintentional","1","Poisoning","GRINJ-015",30,160417,18.7,12.6,26.7
,"Rankin County, MS","28121","2023","2023","Suicide","2","Firearm","GRINJ-006",14,160417,8.7,4.8,14.6
,"Rankin County, MS","28121","2023","2023","Suicide","2","Suffocation","GRINJ-017",10,160417,6.2,3.0,11.5
,"Scott County, MS","28123","2023","2023","Unintentional","1","Motor Vehicle Traffic","GRINJ-008",22,27507,80.0,50.1,121.1
,"Sharkey County, MS","28125","2023","2023","Unintentional","1","Natural/Environmental","GRINJ-013",12,3336,359.7,185.9,628.3
,"Tate County, MS","28137","2023","2023","Unintentional","1","Poisoning","GRINJ-015",11,28261,38.9,19.4,69.6
,"Union County, MS","28145","2023","2023","Unintentional","1","Fall","GRINJ-003",13,28284,46.0,24.5,78.6
,"Union County, MS","28145","2023","2023","Unintentional","1","Motor Vehicle Traffic","GRINJ-008",10,28284,35.4,17.0,65.0
,"Warren County, MS","28149","2023","2023","Unintentional","1","Motor Vehicle Traffic","GRINJ-008",16,42298,37.8,21.6,61.4
,"Warren County, MS","28149","2023","2023","Unintentional","1","Poisoning","GRINJ-015",11,42298,26.0,13.0,46.5
,"Warren County, MS","28149","2023","2023","Homicide","3","Firearm","GRINJ-006",10,42298,23.6,11.3,43.5
,"Washington County, MS","28151","2023","2023","Unintentional","1","Motor Vehicle Traffic","GRINJ-008",14,41946,33.4,18.2,56.0
,"Washington County, MS","28151","2023","2023","Homicide","3","Firearm","GRINJ-006",27,41946,64.4,42.4,93.7
,"Yazoo County, MS","28163","2023","2023","Unintentional","1","Motor Vehicle Traffic","GRINJ-008",10,25796,38.8,18.6,71.3
,"Barry County, MO","29009","2023","2023","Unintentional","1","Motor Vehicle Traffic","GRINJ-008",12,35265,34.0,17.6,59.4
,"Boone County, MO","29019","2023","2023","Unintentional","1","Motor Vehicle Traffic","GRINJ-008",20,189463,10.6,6.4,16.3
,"Boone County, MO","29019","2023","2023","Unintentional","1","Poisoning","GRINJ-015",46,189463,24.3,17.8,32.4
,"Boone County, MO","29019","2023","2023","Suicide","2","Firearm","GRINJ-006",16,189463,8.4,4.8,13.7
,"Buchanan County, MO","29021","2023","2023","Unintentional","1","Motor Vehicle Traffic","GRINJ-008",14,82956,16.9,9.2,28.3
,"Buchanan County, MO","29021","2023","2023","Unintentional","1","Poisoning","GRINJ-015",30,82956,36.2,24.4,51.6
,"Buchanan County, MO","29021","2023","2023","Suicide","2","Firearm","GRINJ-006",10,82956,12.1,5.8,22.2
,"Butler County, MO","29023","2023","2023","Unintentional","1","Motor Vehicle Traffic","GRINJ-008",10,41948,23.8,11.4,43.8
,"Camden County, MO","29029","2023","2023","Unintentional","1","Poisoning","GRINJ-015",12,44044,27.2,14.1,47.6
,"Camden County, MO","29029","2023","2023","Suicide","2","Firearm","GRINJ-006",11,44044,25.0,12.5,44.7
,"Cape Girardeau County, MO","29031","2023","2023","Unintentional","1","Motor Vehicle Traffic","GRINJ-008",10,82984,12.1,5.8,22.2
,"Cape Girardeau County, MO","29031","2023","2023","Suicide","2","Firearm","GRINJ-006",12,82984,14.5,7.5,25.3
,"Cass County, MO","29037","2023","2023","Unintentional","1","Fall","GRINJ-003",14,111732,12.5,6.9,21.0
,"Cass County, MO","29037","2023","2023","Unintentional","1","Motor Vehicle Traffic","GRINJ-008",11,111732,9.8,4.9,17.6
,"Cass County, MO","29037","2023","2023","Unintentional","1","Poisoning","GRINJ-015",24,111732,21.5,13.8,32.0
,"Christian County, MO","29043","2023","2023","Unintentional","1","Poisoning","GRINJ-015",15,94422,15.9,8.9,26.2
,"Christian County, MO","29043","2023","2023","Suicide","2","Firearm","GRINJ-006",15,94422,15.9,8.9,26.2
,"Clay County, MO","29047","2023","2023","Unintentional","1","Fall","GRINJ-003",34,259772,13.1,9.1,18.3
,"Clay County, MO","29047","2023","2023","Unintentional","1","Motor Vehicle Traffic","GRINJ-008",33,259772,12.7,8.7,17.8
,"Clay County, MO","29047","2023","2023","Unintentional","1","Poisoning","GRINJ-015",55,259772,21.2,16.0,27.6
,"Clay County, MO","29047","2023","2023","Suicide","2","Firearm","GRINJ-006",31,259772,11.9,8.1,16.9
,"Clay County, MO","29047","2023","2023","Suicide","2","Suffocation","GRINJ-017",12,259772,4.6,2.4,8.1
,"Cole County, MO","29051","2023","2023","Unintentional","1","Poisoning","GRINJ-015",11,77278,14.2,7.1,25.5
,"Crawford County, MO","29055","2023","2023","Unintentional","1","Poisoning","GRINJ-015",14,22719,61.6,33.7,103.4
,"Dunklin County, MO","29069","2023","2023","Unintentional","1","Motor Vehicle Traffic","GRINJ-008",10,27032,37.0,17.7,68.0
,"Franklin County, MO","29071","2023","2023","Unintentional","1","Fall","GRINJ-003",36,106404,33.8,23.7,46.8
,"Franklin County, MO","29071","2023","2023","Unintentional","1","Motor Vehicle Traffic","GRINJ-008",19,106404,17.9,10.8,27.9
,"Franklin County, MO","29071","2023","2023","Unintentional","1","Poisoning","GRINJ-015",30,106404,28.2,19.0,40.2
,"Franklin County, MO","29071","2023","2023","Suicide","2","Firearm","GRINJ-006",23,106404,21.6,13.7,32.4
,"Greene County, MO","29077","2023","2023","Unintentional","1","Fall","GRINJ-003",68,304611,22.3,17.3,28.3
,"Greene County, MO","29077","2023","2023","Unintentional","1","Motor Vehicle Traffic","GRINJ-008",58,304611,19.0,14.5,24.6
,"Greene County, MO","29077","2023","2023","Unintentional","1","Poisoning","GRINJ-015",112,304611,36.8,30.0,43.6
,"Greene County, MO","29077","2023","2023","Unintentional","1","Suffocation","GRINJ-017",12,304611,3.9,2.0,6.9
,"Greene County, MO","29077","2023","2023","Suicide","2","Firearm","GRINJ-006",30,304611,9.8,6.6,14.1
,"Greene County, MO","29077","2023","2023","Suicide","2","Suffocation","GRINJ-017",18,304611,5.9,3.5,9.3
,"Greene County, MO","29077","2023","2023","Homicide","3","Firearm","GRINJ-006",13,304611,4.3,2.3,7.3
,"Howell County, MO","29091","2023","2023","Unintentional","1","Poisoning","GRINJ-015",11,40735,27.0,13.5,48.3
,"Jackson County, MO","29095","2023","2023","Unintentional","1","Fall","GRINJ-003",96,718560,13.4,10.8,16.3
,"Jackson County, MO","29095","2023","2023","Unintentional","1","Fire/Flame","GRINJ-004",10,718560,1.4,0.7,2.6
,"Jackson County, MO","29095","2023","2023","Unintentional","1","Motor Vehicle Traffic","GRINJ-008",128,718560,17.8,14.7,20.9
,"Jackson County, MO","29095","2023","2023","Unintentional","1","Natural/Environmental","GRINJ-013",11,718560,1.5,0.8,2.7
,"Jackson County, MO","29095","2023","2023","Unintentional","1","Poisoning","GRINJ-015",291,718560,40.5,35.8,45.2
,"Jackson County, MO","29095","2023","2023","Unintentional","1","Unspecified Injury","GRINJ-020",17,718560,2.4,1.4,3.8
,"Jackson County, MO","29095","2023","2023","Suicide","2","Firearm","GRINJ-006",79,718560,11.0,8.7,13.7
,"Jackson County, MO","29095","2023","2023","Suicide","2","Poisoning","GRINJ-015",15,718560,2.1,1.2,3.4
,"Jackson County, MO","29095","2023","2023","Suicide","2","Suffocation","GRINJ-017",40,718560,5.6,4.0,7.6
,"Jackson County, MO","29095","2023","2023","Homicide","3","Firearm","GRINJ-006",164,718560,22.8,19.3,26.3
,"Jasper County, MO","29097","2023","2023","Unintentional","1","Motor Vehicle Traffic","GRINJ-008",20,125056,16.0,9.8,24.7
,"Jasper County, MO","29097","2023","2023","Unintentional","1","Poisoning","GRINJ-015",19,125056,15.2,9.1,23.7
,"Jasper County, MO","29097","2023","2023","Unintentional","1","Unspecified Injury","GRINJ-020",11,125056,8.8,4.4,15.7
,"Jasper County, MO","29097","2023","2023","Suicide","2","Firearm","GRINJ-006",19,125056,15.2,9.1,23.7
,"Jefferson County, MO","29099","2023","2023","Unintentional","1","Fall","GRINJ-003",59,231230,25.5,19.4,32.9
,"Jefferson County, MO","29099","2023","2023","Unintentional","1","Motor Vehicle Traffic","GRINJ-008",34,231230,14.7,10.2,20.5
,"Jefferson County, MO","29099","2023","2023","Unintentional","1","Poisoning","GRINJ-015",70,231230,30.3,23.6,38.2
,"Jefferson County, MO","29099","2023","2023","Suicide","2","Firearm","GRINJ-006",29,231230,12.5,8.4,18.0
,"Laclede County, MO","29105","2023","2023","Unintentional","1","Poisoning","GRINJ-015",16,36680,43.6,24.9,70.8
,"Lawrence County, MO","29109","2023","2023","Unintentional","1","Motor Vehicle Traffic","GRINJ-008",18,38872,46.3,27.4,73.2
,"Lincoln County, MO","29113","2023","2023","Unintentional","1","Motor Vehicle Traffic","GRINJ-008",16,64699,24.7,14.1,40.2
,"Lincoln County, MO","29113","2023","2023","Unintentional","1","Poisoning","GRINJ-015",26,64699,40.2,26.3,58.9
,"Newton County, MO","29145","2023","2023","Unintentional","1","Motor Vehicle Traffic","GRINJ-008",10,60677,16.5,7.9,30.3
,"Newton County, MO","29145","2023","2023","Unintentional","1","Poisoning","GRINJ-015",14,60677,23.1,12.6,38.7
,"Phelps County, MO","29161","2023","2023","Unintentional","1","Poisoning","GRINJ-015",28,45284,61.8,41.1,89.4
,"Platte County, MO","29165","2023","2023","Unintentional","1","Fall","GRINJ-003",21,111940,18.8,11.6,28.7
,"Platte County, MO","29165","2023","2023","Unintentional","1","Motor Vehicle Traffic","GRINJ-008",11,111940,9.8,4.9,17.6
,"Platte County, MO","29165","2023","2023","Unintentional","1","Poisoning","GRINJ-015",25,111940,22.3,14.5,33.0
,"Platte County, MO","29165","2023","2023","Suicide","2","Firearm","GRINJ-006",15,111940,13.4,7.5,22.1
,"Pulaski County, MO","29169","2023","2023","Unintentional","1","Poisoning","GRINJ-015",22,53812,40.9,25.6,61.9
,"Randolph County, MO","29175","2023","2023","Unintentional","1","Poisoning","GRINJ-015",12,24109,49.8,25.7,86.9
,"St. Charles County, MO","29183","2023","2023","Unintentional","1","Fall","GRINJ-003",84,416659,20.2,16.1,25.0
,"St. Charles County, MO","29183","2023","2023","Unintentional","1","Motor Vehicle Traffic","GRINJ-008",33,416659,7.9,5.5,11.1
,"St. Charles County, MO","29183","2023","2023","Unintentional","1","Poisoning","GRINJ-015",97,416659,23.3,18.9,28.4
,"St. Charles County, MO","29183","2023","2023","Suicide","2","Firearm","GRINJ-006",41,416659,9.8,7.1,13.3
,"St. Charles County, MO","29183","2023","2023","Suicide","2","Poisoning","GRINJ-015",13,416659,3.1,1.7,5.3
,"St. Charles County, MO","29183","2023","2023","Suicide","2","Suffocation","GRINJ-017",11,416659,2.6,1.3,4.7
,"St. Charles County, MO","29183","2023","2023","Homicide","3","Firearm","GRINJ-006",13,416659,3.1,1.7,5.3
,"St. Francois County, MO","29187","2023","2023","Unintentional","1","Motor Vehicle Traffic","GRINJ-008",16,67058,23.9,13.6,38.7
,"St. Francois County, MO","29187","2023","2023","Unintentional","1","Poisoning","GRINJ-015",35,67058,52.2,36.4,72.6
,"St. Francois County, MO","29187","2023","2023","Suicide","2","Firearm","GRINJ-006",11,67058,16.4,8.2,29.4
,"St. Louis County, MO","29189","2023","2023","Unintentional","1","Drowning","GRINJ-002",14,987059,1.4,0.8,2.4
,"St. Louis County, MO","29189","2023","2023","Unintentional","1","Fall","GRINJ-003",155,987059,15.7,13.2,18.2
,"St. Louis County, MO","29189","2023","2023","Unintentional","1","Motor Vehicle Traffic","GRINJ-008",125,987059,12.7,10.4,14.9
,"St. Louis County, MO","29189","2023","2023","Unintentional","1","Poisoning","GRINJ-015",303,987059,30.7,27.2,34.2
,"St. Louis County, MO","29189","2023","2023","Unintentional","1","Suffocation","GRINJ-017",42,987059,4.3,3.1,5.8
,"St. Louis County, MO","29189","2023","2023","Unintentional","1","Unspecified Injury","GRINJ-020",34,987059,3.4,2.4,4.8
,"St. Louis County, MO","29189","2023","2023","Suicide","2","Firearm","GRINJ-006",103,987059,10.4,8.4,12.5
,"St. Louis County, MO","29189","2023","2023","Suicide","2","Poisoning","GRINJ-015",18,987059,1.8,1.1,2.9
,"St. Louis County, MO","29189","2023","2023","Suicide","2","Suffocation","GRINJ-017",27,987059,2.7,1.8,4.0
,"St. Louis County, MO","29189","2023","2023","Homicide","3","Firearm","GRINJ-006",139,987059,14.1,11.7,16.4
,"Stone County, MO","29209","2023","2023","Unintentional","1","Motor Vehicle Traffic","GRINJ-008",10,32658,30.6,14.7,56.3
,"Stone County, MO","29209","2023","2023","Unintentional","1","Poisoning","GRINJ-015",10,32658,30.6,14.7,56.3
,"Taney County, MO","29213","2023","2023","Unintentional","1","Poisoning","GRINJ-015",30,56775,52.8,35.7,75.4
,"Taney County, MO","29213","2023","2023","Suicide","2","Firearm","GRINJ-006",12,56775,21.1,10.9,36.9
,"Warren County, MO","29219","2023","2023","Unintentional","1","Poisoning","GRINJ-015",14,37806,37.0,20.2,62.1
,"Washington County, MO","29221","2023","2023","Unintentional","1","Poisoning","GRINJ-015",12,23534,51.0,26.3,89.1
,"Webster County, MO","29225","2023","2023","Suicide","2","Firearm","GRINJ-006",11,41472,26.5,13.2,47.5
,"St. Louis city, MO","29510","2023","2023","Unintentional","1","Fall","GRINJ-003",30,281754,10.6,7.2,15.2
,"St. Louis city, MO","29510","2023","2023","Unintentional","1","Motor Vehicle Traffic","GRINJ-008",46,281754,16.3,12.0,21.8
,"St. Louis city, MO","29510","2023","2023","Unintentional","1","Poisoning","GRINJ-015",300,281754,106.5,94.4,118.5
,"St. Louis city, MO","29510","2023","2023","Unintentional","1","Suffocation","GRINJ-017",10,281754,3.5,1.7,6.5
,"St. Louis city, MO","29510","2023","2023","Suicide","2","Firearm","GRINJ-006",28,281754,9.9,6.6,14.4
,"St. Louis city, MO","29510","2023","2023","Suicide","2","Suffocation","GRINJ-017",10,281754,3.5,1.7,6.5
,"St. Louis city, MO","29510","2023","2023","Homicide","3","Firearm","GRINJ-006",97,281754,34.4,27.9,42.0
,"Cascade County, MT","30013","2023","2023","Unintentional","1","Fall","GRINJ-003",16,84900,18.8,10.8,30.6
,"Cascade County, MT","30013","2023","2023","Unintentional","1","Motor Vehicle Traffic","GRINJ-008",10,84900,11.8,5.6,21.7
,"Cascade County, MT","30013","2023","2023","Suicide","2","Firearm","GRINJ-006",15,84900,17.7,9.9,29.1
,"Flathead County, MT","30029","2023","2023","Unintentional","1","Fall","GRINJ-003",25,113679,22.0,14.2,32.5
,"Flathead County, MT","30029","2023","2023","Unintentional","1","Motor Vehicle Traffic","GRINJ-008",19,113679,16.7,10.1,26.1
,"Flathead County, MT","30029","2023","2023","Unintentional","1","Poisoning","GRINJ-015",17,113679,15.0,8.7,23.9
,"Flathead County, MT","30029","2023","2023","Suicide","2","Firearm","GRINJ-006",14,113679,12.3,6.7,20.7
,"Gallatin County, MT","30031","2023","2023","Unintentional","1","Fall","GRINJ-003",16,126409,12.7,7.2,20.6
,"Gallatin County, MT","30031","2023","2023","Unintentional","1","Motor Vehicle Traffic","GRINJ-008",16,126409,12.7,7.2,20.6
,"Gallatin County, MT","30031","2023","2023","Unintentional","1","Poisoning","GRINJ-015",14,126409,11.1,6.1,18.6
,"Gallatin County, MT","30031","2023","2023","Suicide","2","Firearm","GRINJ-006",18,126409,14.2,8.4,22.5
,"Lake County, MT","30047","2023","2023","Unintentional","1","Poisoning","GRINJ-015",12,33338,36.0,18.6,62.9
,"Lewis and Clark County, MT","30049","2023","2023","Unintentional","1","Fall","GRINJ-003",12,75011,16.0,8.3,27.9
,"Lewis and Clark County, MT","30049","2023","2023","Suicide","2","Firearm","GRINJ-006",16,75011,21.3,12.2,34.6
,"Lincoln County, MT","30053","2023","2023","Unintentional","1","Motor Vehicle Traffic","GRINJ-008",10,21895,45.7,21.9,84.0
,"Missoula County, MT","30063","2023","2023","Unintentional","1","Fall","GRINJ-003",19,121849,15.6,9.4,24.4
,"Missoula County, MT","30063","2023","2023","Unintentional","1","Motor Vehicle Traffic","GRINJ-008",23,121849,18.9,12.0,28.3
,"Missoula County, MT","30063","2023","2023","Unintentional","1","Poisoning","GRINJ-015",21,121849,17.2,10.7,26.3
,"Missoula County, MT","30063","2023","2023","Suicide","2","Firearm","GRINJ-006",25,121849,20.5,13.3,30.3
,"Ravalli County, MT","30081","2023","2023","Unintentional","1","Fall","GRINJ-003",11,47738,23.0,11.5,41.2
,"Silver Bow County, MT","30093","2023","2023","Unintentional","1","Poisoning","GRINJ-015",10,36360,27.5,13.2,50.6
,"Yellowstone County, MT","30111","2023","2023","Unintentional","1","Fall","GRINJ-003",37,170843,21.7,15.2,29.9
,"Yellowstone County, MT","30111","2023","2023","Unintentional","1","Motor Vehicle Traffic","GRINJ-008",26,170843,15.2,9.9,22.3
,"Yellowstone County, MT","30111","2023","2023","Unintentional","1","Poisoning","GRINJ-015",35,170843,20.5,14.3,28.5
,"Yellowstone County, MT","30111","2023","2023","Suicide","2","Firearm","GRINJ-006",28,170843,16.4,10.9,23.7
,"Dodge County, NE","31053","2023","2023","Unintentional","1","Fall","GRINJ-003",13,37187,35.0,18.6,59.8
,"Douglas County, NE","31055","2023","2023","Unintentional","1","Fall","GRINJ-003",47,589540,8.0,5.9,10.6
,"Douglas County, NE","31055","2023","2023","Unintentional","1","Motor Vehicle Traffic","GRINJ-008",65,589540,11.0,8.5,14.1
,"Douglas County, NE","31055","2023","2023","Unintentional","1","Poisoning","GRINJ-015",64,589540,10.9,8.4,13.9
,"Douglas County, NE","31055","2023","2023","Unintentional","1","Suffocation","GRINJ-017",16,589540,2.7,1.6,4.4
,"Douglas County, NE","31055","2023","2023","Unintentional","1","Unspecified Injury","GRINJ-020",16,589540,2.7,1.6,4.4
,"Douglas County, NE","31055","2023","2023","Suicide","2","Firearm","GRINJ-006",38,589540,6.4,4.6,8.8
,"Douglas County, NE","31055","2023","2023","Suicide","2","Suffocation","GRINJ-017",22,589540,3.7,2.3,5.6
,"Douglas County, NE","31055","2023","2023","Homicide","3","Firearm","GRINJ-006",22,589540,3.7,2.3,5.6
,"Hall County, NE","31079","2023","2023","Unintentional","1","Motor Vehicle Traffic","GRINJ-008",10,62197,16.1,7.7,29.6
,"Lancaster County, NE","31109","2023","2023","Unintentional","1","Fall","GRINJ-003",18,326716,5.5,3.3,8.7
,"Lancaster County, NE","31109","2023","2023","Unintentional","1","Motor Vehicle Traffic","GRINJ-008",32,326716,9.8,6.7,13.8
,"Lancaster County, NE","31109","2023","2023","Unintentional","1","Poisoning","GRINJ-015",30,326716,9.2,6.2,13.1
,"Lancaster County, NE","31109","2023","2023","Unintentional","1","Suffocation","GRINJ-017",12,326716,3.7,1.9,6.4
,"Lancaster County, NE","31109","2023","2023","Suicide","2","Firearm","GRINJ-006",27,326716,8.3,5.4,12.0
,"Lancaster County, NE","31109","2023","2023","Suicide","2","Suffocation","GRINJ-017",16,326716,4.9,2.8,8.0
,"Lincoln County, NE","31111","2023","2023","Unintentional","1","Fall","GRINJ-003",13,33365,39.0,20.7,66.6
,"Sarpy County, NE","31153","2023","2023","Unintentional","1","Fall","GRINJ-003",23,199886,11.5,7.3,17.3
,"Sarpy County, NE","31153","2023","2023","Unintentional","1","Poisoning","GRINJ-015",17,199886,8.5,5.0,13.6
,"Sarpy County, NE","31153","2023","2023","Suicide","2","Firearm","GRINJ-006",13,199886,6.5,3.5,11.1
,"Clark County, NV","32003","2023","2023","Unintentional","1","Drowning","GRINJ-002",38,2336573,1.6,1.2,2.2
,"Clark County, NV","32003","2023","2023","Unintentional","1","Fall","GRINJ-003",246,2336573,10.5,9.2,11.8
,"Clark County, NV","32003","2023","2023","Unintentional","1","Fire/Flame","GRINJ-004",10,2336573,0.4,0.2,0.8
,"Clark County, NV","32003","2023","2023","Unintentional","1","Motor Vehicle Traffic","GRINJ-008",304,2336573,13.0,11.5,14.5
,"Clark County, NV","32003","2023","2023","Unintentional","1","Natural/Environmental","GRINJ-013",137,2336573,5.9,4.9,6.8
,"Clark County, NV","32003","2023","2023","Unintentional","1","Poisoning","GRINJ-015",860,2336573,36.8,34.3,39.3
,"Clark County, NV","32003","2023","2023","Unintentional","1","Suffocation","GRINJ-017",35,2336573,1.5,1.0,2.1
,"Clark County, NV","32003","2023","2023","Unintentional","1","Other specified, classifiable Injury","GRINJ-018",13,2336573,0.6,0.3,1.0
,"Clark County, NV","32003","2023","2023","Unintentional","1","Other specified, not elsewhere classified Injury","GRINJ-019",30,2336573,1.3,0.9,1.8
,"Clark County, NV","32003","2023","2023","Suicide","2","Cut/Pierce","GRINJ-001",15,2336573,0.6,0.4,1.1
,"Clark County, NV","32003","2023","2023","Suicide","2","Fall","GRINJ-003",12,2336573,0.5,0.3,0.9
,"Clark County, NV","32003","2023","2023","Suicide","2","Firearm","GRINJ-006",245,2336573,10.5,9.2,11.8
,"Clark County, NV","32003","2023","2023","Suicide","2","Poisoning","GRINJ-015",60,2336573,2.6,2.0,3.3
,"Clark County, NV","32003","2023","2023","Suicide","2","Suffocation","GRINJ-017",88,2336573,3.8,3.0,4.6
,"Clark County, NV","32003","2023","2023","Homicide","3","Cut/Pierce","GRINJ-001",22,2336573,0.9,0.6,1.4
,"Clark County, NV","32003","2023","2023","Homicide","3","Firearm","GRINJ-006",147,2336573,6.3,5.3,7.3
,"Clark County, NV","32003","2023","2023","Homicide","3","Unspecified Injury","GRINJ-020",20,2336573,0.9,0.5,1.3
,"Douglas County, NV","32005","2023","2023","Unintentional","1","Poisoning","GRINJ-015",15,49545,30.3,16.9,49.9
,"Douglas County, NV","32005","2023","2023","Suicide","2","Firearm","GRINJ-006",13,49545,26.2,14.0,44.9
,"Elko County, NV","32007","2023","2023","Unintentional","1","Poisoning","GRINJ-015",14,54293,25.8,14.1,43.3
,"Elko County, NV","32007","2023","2023","Suicide","2","Firearm","GRINJ-006",15,54293,27.6,15.5,45.6
,"Lyon County, NV","32019","2023","2023","Unintentional","1","Poisoning","GRINJ-015",16,62583,25.6,14.6,41.5
,"Lyon County, NV","32019","2023","2023","Suicide","2","Firearm","GRINJ-006",16,62583,25.6,14.6,41.5
,"Nye County, NV","32023","2023","2023","Unintentional","1","Fall","GRINJ-003",15,55720,26.9,15.1,44.4
,"Nye County, NV","32023","2023","2023","Unintentional","1","Motor Vehicle Traffic","GRINJ-008",14,55720,25.1,13.7,42.2
,"Nye County, NV","32023","2023","2023","Unintentional","1","Poisoning","GRINJ-015",27,55720,48.5,31.9,70.5
,"Nye County, NV","32023","2023","2023","Suicide","2","Firearm","GRINJ-006",19,55720,34.1,20.5,53.2
,"Washoe County, NV","32031","2023","2023","Unintentional","1","Fall","GRINJ-003",131,498022,26.3,21.8,30.8
,"Washoe County, NV","32031","2023","2023","Unintentional","1","Motor Vehicle Traffic","GRINJ-008",67,498022,13.5,10.4,17.1
,"Washoe County, NV","32031","2023","2023","Unintentional","1","Poisoning","GRINJ-015",238,498022,47.8,41.7,53.9
,"Washoe County, NV","32031","2023","2023","Suicide","2","Firearm","GRINJ-006",75,498022,15.1,11.8,18.9
,"Washoe County, NV","32031","2023","2023","Suicide","2","Poisoning","GRINJ-015",13,498022,2.6,1.4,4.5
,"Washoe County, NV","32031","2023","2023","Suicide","2","Suffocation","GRINJ-017",25,498022,5.0,3.2,7.4
,"Washoe County, NV","32031","2023","2023","Homicide","3","Firearm","GRINJ-006",23,498022,4.6,2.9,6.9
,"Washoe County, NV","32031","2023","2023","Undetermined ","4","Poisoning","GRINJ-015",11,498022,2.2,1.1,4.0
,"Carson City, NV","32510","2023","2023","Unintentional","1","Poisoning","GRINJ-015",25,58036,43.1,27.9,63.6
,"Carson City, NV","32510","2023","2023","Suicide","2","Firearm","GRINJ-006",15,58036,25.8,14.5,42.6
,"Belknap County, NH","33001","2023","2023","Unintentional","1","Fall","GRINJ-003",19,65027,29.2,17.6,45.6
,"Belknap County, NH","33001","2023","2023","Unintentional","1","Poisoning","GRINJ-015",26,65027,40.0,26.1,58.6
,"Carroll County, NH","33003","2023","2023","Unintentional","1","Fall","GRINJ-003",23,52448,43.9,27.8,65.8
,"Carroll County, NH","33003","2023","2023","Unintentional","1","Motor Vehicle Traffic","GRINJ-008",13,52448,24.8,13.2,42.4
,"Carroll County, NH","33003","2023","2023","Unintentional","1","Poisoning","GRINJ-015",11,52448,21.0,10.5,37.5
,"Cheshire County, NH","33005","2023","2023","Unintentional","1","Fall","GRINJ-003",16,77703,20.6,11.8,33.4
,"Cheshire County, NH","33005","2023","2023","Unintentional","1","Poisoning","GRINJ-015",27,77703,34.7,22.9,50.6
,"Coos County, NH","33007","2023","2023","Unintentional","1","Fall","GRINJ-003",14,31372,44.6,24.4,74.9
,"Coos County, NH","33007","2023","2023","Unintentional","1","Poisoning","GRINJ-015",13,31372,41.4,22.1,70.9
,"Grafton County, NH","33009","2023","2023","Unintentional","1","Fall","GRINJ-003",28,93146,30.1,20.0,43.4
,"Grafton County, NH","33009","2023","2023","Unintentional","1","Motor Vehicle Traffic","GRINJ-008",10,93146,10.7,5.1,19.7
,"Grafton County, NH","33009","2023","2023","Unintentional","1","Poisoning","GRINJ-015",19,93146,20.4,12.3,31.9
,"Hillsborough County, NH","33011","2023","2023","Unintentional","1","Fall","GRINJ-003",77,427354,18.0,14.2,22.5
,"Hillsborough County, NH","33011","2023","2023","Unintentional","1","Motor Vehicle Traffic","GRINJ-008",29,427354,6.8,4.5,9.7
,"Hillsborough County, NH","33011","2023","2023","Unintentional","1","Poisoning","GRINJ-015",159,427354,37.2,31.4,43.0
,"Hillsborough County, NH","33011","2023","2023","Suicide","2","Firearm","GRINJ-006",37,427354,8.7,6.1,11.9
,"Hillsborough County, NH","33011","2023","2023","Suicide","2","Suffocation","GRINJ-017",22,427354,5.1,3.2,7.8
,"Merrimack County, NH","33013","2023","2023","Unintentional","1","Fall","GRINJ-003",38,157103,24.2,17.1,33.2
,"Merrimack County, NH","33013","2023","2023","Unintentional","1","Motor Vehicle Traffic","GRINJ-008",14,157103,8.9,4.9,15.0
,"Merrimack County, NH","33013","2023","2023","Unintentional","1","Poisoning","GRINJ-015",42,157103,26.7,19.3,36.1
,"Merrimack County, NH","33013","2023","2023","Suicide","2","Firearm","GRINJ-006",13,157103,8.3,4.4,14.2
,"Rockingham County, NH","33015","2023","2023","Unintentional","1","Fall","GRINJ-003",65,320689,20.3,15.6,25.8
,"Rockingham County, NH","33015","2023","2023","Unintentional","1","Motor Vehicle Traffic","GRINJ-008",30,320689,9.4,6.3,13.4
,"Rockingham County, NH","33015","2023","2023","Unintentional","1","Poisoning","GRINJ-015",83,320689,25.9,20.6,32.1
,"Rockingham County, NH","33015","2023","2023","Suicide","2","Firearm","GRINJ-006",21,320689,6.5,4.1,10.0
,"Strafford County, NH","33017","2023","2023","Unintentional","1","Fall","GRINJ-003",26,133243,19.5,12.7,28.6
,"Strafford County, NH","33017","2023","2023","Unintentional","1","Poisoning","GRINJ-015",38,133243,28.5,20.2,39.1
,"Strafford County, NH","33017","2023","2023","Suicide","2","Firearm","GRINJ-006",11,133243,8.3,4.1,14.8
,"Sullivan County, NH","33019","2023","2023","Unintentional","1","Fall","GRINJ-003",16,43969,36.4,20.8,59.1
,"Sullivan County, NH","33019","2023","2023","Unintentional","1","Poisoning","GRINJ-015",14,43969,31.8,17.4,53.4
,"Atlantic County, NJ","34001","2023","2023","Unintentional","1","Fall","GRINJ-003",33,275213,12.0,8.3,16.8
,"Atlantic County, NJ","34001","2023","2023","Unintentional","1","Motor Vehicle Traffic","GRINJ-008",36,275213,13.1,9.2,18.1
,"Atlantic County, NJ","34001","2023","2023","Unintentional","1","Poisoning","GRINJ-015",163,275213,59.2,50.1,68.3
,"Atlantic County, NJ","34001","2023","2023","Suicide","2","Firearm","GRINJ-006",19,275213,6.9,4.2,10.8
,"Bergen County, NJ","34003","2023","2023","Unintentional","1","Fall","GRINJ-003",71,957736,7.4,5.8,9.4
,"Bergen County, NJ","34003","2023","2023","Unintentional","1","Motor Vehicle Traffic","GRINJ-008",50,957736,5.2,3.9,6.9
,"Bergen County, NJ","34003","2023","2023","Unintentional","1","Poisoning","GRINJ-015",130,957736,13.6,11.2,15.9
,"Bergen County, NJ","34003","2023","2023","Unintentional","1","Suffocation","GRINJ-017",27,957736,2.8,1.9,4.1
,"Bergen County, NJ","34003","2023","2023","Unintentional","1","Unspecified Injury","GRINJ-020",16,957736,1.7,1.0,2.7
,"Bergen County, NJ","34003","2023","2023","Suicide","2","Firearm","GRINJ-006",13,957736,1.4,0.7,2.3
,"Bergen County, NJ","34003","2023","2023","Suicide","2","Suffocation","GRINJ-017",29,957736,3.0,2.0,4.3
,"Burlington County, NJ","34005","2023","2023","Unintentional","1","Fall","GRINJ-003",30,469167,6.4,4.3,9.1
,"Burlington County, NJ","34005","2023","2023","Unintentional","1","Motor Vehicle Traffic","GRINJ-008",28,469167,6.0,4.0,8.6
,"Burlington County, NJ","34005","2023","2023","Unintentional","1","Poisoning","GRINJ-015",134,469167,28.6,23.7,33.4
,"Burlington County, NJ","34005","2023","2023","Unintentional","1","Suffocation","GRINJ-017",13,469167,2.8,1.5,4.7
,"Burlington County, NJ","34005","2023","2023","Unintentional","1","Unspecified Injury","GRINJ-020",21,469167,4.5,2.8,6.8
,"Burlington County, NJ","34005","2023","2023","Suicide","2","Firearm","GRINJ-006",20,469167,4.3,2.6,6.6
,"Burlington County, NJ","34005","2023","2023","Suicide","2","Suffocation","GRINJ-017",20,469167,4.3,2.6,6.6
,"Camden County, NJ","34007","2023","2023","Unintentional","1","Fall","GRINJ-003",39,527196,7.4,5.3,10.1
,"Camden County, NJ","34007","2023","2023","Unintentional","1","Motor Vehicle Traffic","GRINJ-008",51,527196,9.7,7.2,12.7
,"Camden County, NJ","34007","2023","2023","Unintentional","1","Poisoning","GRINJ-015",281,527196,53.3,47.1,59.5
,"Camden County, NJ","34007","2023","2023","Unintentional","1","Suffocation","GRINJ-017",21,527196,4.0,2.5,6.1
,"Camden County, NJ","34007","2023","2023","Unintentional","1","Unspecified Injury","GRINJ-020",11,527196,2.1,1.0,3.7
,"Camden County, NJ","34007","2023","2023","Suicide","2","Firearm","GRINJ-006",17,527196,3.2,1.9,5.2
,"Camden County, NJ","34007","2023","2023","Suicide","2","Suffocation","GRINJ-017",17,527196,3.2,1.9,5.2
,"Camden County, NJ","34007","2023","2023","Homicide","3","Firearm","GRINJ-006",30,527196,5.7,3.8,8.1
,"Cape May County, NJ","34009","2023","2023","Unintentional","1","Fall","GRINJ-003",17,94610,18.0,10.5,28.8
,"Cape May County, NJ","34009","2023","2023","Unintentional","1","Poisoning","GRINJ-015",32,94610,33.8,23.1,47.7
,"Cumberland County, NJ","34011","2023","2023","Unintentional","1","Fall","GRINJ-003",18,152326,11.8,7.0,18.7
,"Cumberland County, NJ","34011","2023","2023","Unintentional","1","Motor Vehicle Traffic","GRINJ-008",29,152326,19.0,12.8,27.3
,"Cumberland County, NJ","34011","2023","2023","Unintentional","1","Poisoning","GRINJ-015",81,152326,53.2,42.2,66.1
,"Cumberland County, NJ","34011","2023","2023","Homicide","3","Firearm","GRINJ-006",13,152326,8.5,4.5,14.6
,"Essex County, NJ","34013","2023","2023","Unintentional","1","Fall","GRINJ-003",44,851117,5.2,3.8,6.9
,"Essex County, NJ","34013","2023","2023","Unintentional","1","Motor Vehicle Traffic","GRINJ-008",57,851117,6.7,5.1,8.7
,"Essex County, NJ","34013","2023","2023","Unintentional","1","Poisoning","GRINJ-015",395,851117,46.4,41.8,51.0
,"Essex County, NJ","34013","2023","2023","Unintentional","1","Suffocation","GRINJ-017",16,851117,1.9,1.1,3.1
,"Essex County, NJ","34013","2023","2023","Unintentional","1","Unspecified Injury","GRINJ-020",18,851117,2.1,1.3,3.3
,"Essex County, NJ","34013","2023","2023","Suicide","2","Firearm","GRINJ-006",12,851117,1.4,0.7,2.5
,"Essex County, NJ","34013","2023","2023","Suicide","2","Suffocation","GRINJ-017",17,851117,2.0,1.2,3.2
,"Essex County, NJ","34013","2023","2023","Homicide","3","Firearm","GRINJ-006",42,851117,4.9,3.6,6.7
,"Gloucester County, NJ","34015","2023","2023","Unintentional","1","Fall","GRINJ-003",24,308423,7.8,5.0,11.6
,"Gloucester County, NJ","34015","2023","2023","Unintentional","1","Motor Vehicle Traffic","GRINJ-008",26,308423,8.4,5.5,12.4
,"Gloucester County, NJ","34015","2023","2023","Unintentional","1","Poisoning","GRINJ-015",116,308423,37.6,30.8,44.5
,"Gloucester County, NJ","34015","2023","2023","Unintentional","1","Suffocation","GRINJ-017",10,308423,3.2,1.6,6.0
,"Gloucester County, NJ","34015","2023","2023","Unintentional","1","Unspecified Injury","GRINJ-020",13,308423,4.2,2.2,7.2
,"Gloucester County, NJ","34015","2023","2023","Suicide","2","Suffocation","GRINJ-017",10,308423,3.2,1.6,6.0
,"Hudson County, NJ","34017","2023","2023","Unintentional","1","Fall","GRINJ-003",29,705472,4.1,2.8,5.9
,"Hudson County, NJ","34017","2023","2023","Unintentional","1","Motor Vehicle Traffic","GRINJ-008",33,705472,4.7,3.2,6.6
,"Hudson County, NJ","34017","2023","2023","Unintentional","1","Poisoning","GRINJ-015",193,705472,27.4,23.5,31.2
,"Hudson County, NJ","34017","2023","2023","Unintentional","1","Unspecified Injury","GRINJ-020",11,705472,1.6,0.8,2.8
,"Hudson County, NJ","34017","2023","2023","Suicide","2","Suffocation","GRINJ-017",19,705472,2.7,1.6,4.2
,"Hudson County, NJ","34017","2023","2023","Homicide","3","Firearm","GRINJ-006",11,705472,1.6,0.8,2.8
,"Hunterdon County, NJ","34019","2023","2023","Unintentional","1","Fall","GRINJ-003",10,130183,7.7,3.7,14.1
,"Hunterdon County, NJ","34019","2023","2023","Unintentional","1","Poisoning","GRINJ-015",15,130183,11.5,6.4,19.0
,"Mercer County, NJ","34021","2023","2023","Unintentional","1","Fall","GRINJ-003",29,381671,7.6,5.1,10.9
,"Mercer County, NJ","34021","2023","2023","Unintentional","1","Motor Vehicle Traffic","GRINJ-008",31,381671,8.1,5.5,11.5
,"Mercer County, NJ","34021","2023","2023","Unintentional","1","Poisoning","GRINJ-015",124,381671,32.5,26.8,38.2
,"Mercer County, NJ","34021","2023","2023","Unintentional","1","Unspecified Injury","GRINJ-020",10,381671,2.6,1.3,4.8
,"Mercer County, NJ","34021","2023","2023","Suicide","2","Firearm","GRINJ-006",10,381671,2.6,1.3,4.8
,"Mercer County, NJ","34021","2023","2023","Suicide","2","Suffocation","GRINJ-017",10,381671,2.6,1.3,4.8
,"Mercer County, NJ","34021","2023","2023","Homicide","3","Firearm","GRINJ-006",20,381671,5.2,3.2,8.1
,"Middlesex County, NJ","34023","2023","2023","Unintentional","1","Fall","GRINJ-003",56,863623,6.5,4.9,8.4
,"Middlesex County, NJ","34023","2023","2023","Unintentional","1","Motor Vehicle Traffic","GRINJ-008",53,863623,6.1,4.6,8.0
,"Middlesex County, NJ","34023","2023","2023","Unintentional","1","Poisoning","GRINJ-015",188,863623,21.8,18.7,24.9
,"Middlesex County, NJ","34023","2023","2023","Unintentional","1","Suffocation","GRINJ-017",19,863623,2.2,1.3,3.4
,"Middlesex County, NJ","34023","2023","2023","Unintentional","1","Unspecified Injury","GRINJ-020",16,863623,1.9,1.1,3.0
,"Middlesex County, NJ","34023","2023","2023","Suicide","2","Firearm","GRINJ-006",11,863623,1.3,0.6,2.3
,"Middlesex County, NJ","34023","2023","2023","Suicide","2","Poisoning","GRINJ-015",11,863623,1.3,0.6,2.3
,"Middlesex County, NJ","34023","2023","2023","Suicide","2","Suffocation","GRINJ-017",24,863623,2.8,1.8,4.1
,"Middlesex County, NJ","34023","2023","2023","Homicide","3","Firearm","GRINJ-006",12,863623,1.4,0.7,2.4
,"Monmouth County, NJ","34025","2023","2023","Unintentional","1","Fall","GRINJ-003",53,642799,8.2,6.2,10.8
,"Monmouth County, NJ","34025","2023","2023","Unintentional","1","Motor Vehicle Traffic","GRINJ-008",48,642799,7.5,5.5,9.9
,"Monmouth County, NJ","34025","2023","2023","Unintentional","1","Poisoning","GRINJ-015",144,642799,22.4,18.7,26.1
,"Monmouth County, NJ","34025","2023","2023","Unintentional","1","Suffocation","GRINJ-017",13,642799,2.0,1.1,3.5
,"Monmouth County, NJ","34025","2023","2023","Unintentional","1","Unspecified Injury","GRINJ-020",14,642799,2.2,1.2,3.7
,"Monmouth County, NJ","34025","2023","2023","Suicide","2","Firearm","GRINJ-006",11,642799,1.7,0.9,3.1
,"Monmouth County, NJ","34025","2023","2023","Suicide","2","Poisoning","GRINJ-015",11,642799,1.7,0.9,3.1
,"Monmouth County, NJ","34025","2023","2023","Suicide","2","Suffocation","GRINJ-017",15,642799,2.3,1.3,3.8
,"Morris County, NJ","34027","2023","2023","Unintentional","1","Fall","GRINJ-003",33,514423,6.4,4.4,9.0
,"Morris County, NJ","34027","2023","2023","Unintentional","1","Motor Vehicle Traffic","GRINJ-008",21,514423,4.1,2.5,6.2
,"Morris County, NJ","34027","2023","2023","Unintentional","1","Poisoning","GRINJ-015",65,514423,12.6,9.8,16.1
,"Morris County, NJ","34027","2023","2023","Unintentional","1","Suffocation","GRINJ-017",10,514423,1.9,0.9,3.6
,"Morris County, NJ","34027","2023","2023","Suicide","2","Suffocation","GRINJ-017",18,514423,3.5,2.1,5.5
,"Ocean County, NJ","34029","2023","2023","Unintentional","1","Fall","GRINJ-003",72,659197,10.9,8.5,13.8
,"Ocean County, NJ","34029","2023","2023","Unintentional","1","Fire/Flame","GRINJ-004",10,659197,1.5,0.7,2.8
,"Ocean County, NJ","34029","2023","2023","Unintentional","1","Motor Vehicle Traffic","GRINJ-008",41,659197,6.2,4.5,8.4
,"Ocean County, NJ","34029","2023","2023","Unintentional","1","Poisoning","GRINJ-015",188,659197,28.5,24.4,32.6
,"Ocean County, NJ","34029","2023","2023","Unintentional","1","Suffocation","GRINJ-017",15,659197,2.3,1.3,3.8
,"Ocean County, NJ","34029","2023","2023","Unintentional","1","Unspecified Injury","GRINJ-020",18,659197,2.7,1.6,4.3
,"Ocean County, NJ","34029","2023","2023","Suicide","2","Firearm","GRINJ-006",22,659197,3.3,2.1,5.1
,"Ocean County, NJ","34029","2023","2023","Suicide","2","Poisoning","GRINJ-015",13,659197,2.0,1.1,3.4
,"Ocean County, NJ","34029","2023","2023","Suicide","2","Suffocation","GRINJ-017",25,659197,3.8,2.5,5.6
,"Passaic County, NJ","34031","2023","2023","Unintentional","1","Fall","GRINJ-003",31,513395,6.0,4.1,8.6
,"Passaic County, NJ","34031","2023","2023","Unintentional","1","Motor Vehicle Traffic","GRINJ-008",34,513395,6.6,4.6,9.3
,"Passaic County, NJ","34031","2023","2023","Unintentional","1","Poisoning","GRINJ-015",139,513395,27.1,22.6,31.6
,"Passaic County, NJ","34031","2023","2023","Unintentional","1","Unspecified Injury","GRINJ-020",15,513395,2.9,1.6,4.8
,"Passaic County, NJ","34031","2023","2023","Homicide","3","Firearm","GRINJ-006",16,513395,3.1,1.8,5.1
,"Salem County, NJ","34033","2023","2023","Unintentional","1","Fall","GRINJ-003",10,65338,15.3,7.3,28.1
,"Salem County, NJ","34033","2023","2023","Unintentional","1","Motor Vehicle Traffic","GRINJ-008",13,65338,19.9,10.6,34.0
,"Salem County, NJ","34033","2023","2023","Unintentional","1","Poisoning","GRINJ-015",29,65338,44.4,29.7,63.7
,"Somerset County, NJ","34035","2023","2023","Unintentional","1","Fall","GRINJ-003",23,348842,6.6,4.2,9.9
,"Somerset County, NJ","34035","2023","2023","Unintentional","1","Motor Vehicle Traffic","GRINJ-008",18,348842,5.2,3.1,8.2
,"Somerset County, NJ","34035","2023","2023","Unintentional","1","Poisoning","GRINJ-015",32,348842,9.2,6.3,12.9
,"Somerset County, NJ","34035","2023","2023","Unintentional","1","Unspecified Injury","GRINJ-020",15,348842,4.3,2.4,7.1
,"Somerset County, NJ","34035","2023","2023","Suicide","2","Suffocation","GRINJ-017",11,348842,3.2,1.6,5.6
,"Sussex County, NJ","34037","2023","2023","Unintentional","1","Motor Vehicle Traffic","GRINJ-008",10,146132,6.8,3.3,12.6
,"Sussex County, NJ","34037","2023","2023","Unintentional","1","Poisoning","GRINJ-015",32,146132,21.9,15.0,30.9
,"Union County, NJ","34039","2023","2023","Unintentional","1","Fall","GRINJ-003",31,572726,5.4,3.7,7.7
,"Union County, NJ","34039","2023","2023","Unintentional","1","Motor Vehicle Traffic","GRINJ-008",39,572726,6.8,4.8,9.3
,"Union County, NJ","34039","2023","2023","Unintentional","1","Poisoning","GRINJ-015",157,572726,27.4,23.1,31.7
,"Union County, NJ","34039","2023","2023","Unintentional","1","Suffocation","GRINJ-017",15,572726,2.6,1.5,4.3
,"Union County, NJ","34039","2023","2023","Suicide","2","Firearm","GRINJ-006",11,572726,1.9,1.0,3.4
,"Union County, NJ","34039","2023","2023","Suicide","2","Suffocation","GRINJ-017",11,572726,1.9,1.0,3.4
,"Union County, NJ","34039","2023","2023","Homicide","3","Firearm","GRINJ-006",16,572726,2.8,1.6,4.5
,"Warren County, NJ","34041","2023","2023","Unintentional","1","Fall","GRINJ-003",17,111252,15.3,8.9,24.5
,"Warren County, NJ","34041","2023","2023","Unintentional","1","Motor Vehicle Traffic","GRINJ-008",14,111252,12.6,6.9,21.1
,"Warren County, NJ","34041","2023","2023","Unintentional","1","Poisoning","GRINJ-015",32,111252,28.8,19.7,40.6
,"Bernalillo County, NM","35001","2023","2023","Unintentional","1","Fall","GRINJ-003",95,671586,14.1,11.4,17.3
,"Bernalillo County, NM","35001","2023","2023","Unintentional","1","Motor Vehicle Traffic","GRINJ-008",126,671586,18.8,15.5,22.0
,"Bernalillo County, NM","35001","2023","2023","Unintentional","1","Natural/Environmental","GRINJ-013",10,671586,1.5,0.7,2.7
,"Bernalillo County, NM","35001","2023","2023","Unintentional","1","Poisoning","GRINJ-015",397,671586,59.1,53.3,64.9
,"Bernalillo County, NM","35001","2023","2023","Unintentional","1","Suffocation","GRINJ-017",12,671586,1.8,0.9,3.1
,"Bernalillo County, NM","35001","2023","2023","Suicide","2","Firearm","GRINJ-006",92,671586,13.7,11.0,16.8
,"Bernalillo County, NM","35001","2023","2023","Suicide","2","Poisoning","GRINJ-015",16,671586,2.4,1.4,3.9
,"Bernalillo County, NM","35001","2023","2023","Suicide","2","Suffocation","GRINJ-017",44,671586,6.6,4.8,8.8
,"Bernalillo County, NM","35001","2023","2023","Homicide","3","Firearm","GRINJ-006",94,671586,14.0,11.3,17.1
,"Chaves County, NM","35005","2023","2023","Unintentional","1","Fall","GRINJ-003",15,63561,23.6,13.2,38.9
,"Chaves County, NM","35005","2023","2023","Unintentional","1","Motor Vehicle Traffic","GRINJ-008",14,63561,22.0,12.0,37.0
,"Chaves County, NM","35005","2023","2023","Unintentional","1","Poisoning","GRINJ-015",17,63561,26.7,15.6,42.8
,"Cibola County, NM","35006","2023","2023","Unintentional","1","Poisoning","GRINJ-015",13,26780,48.5,25.8,83.0
,"Curry County, NM","35009","2023","2023","Unintentional","1","Motor Vehicle Traffic","GRINJ-008",14,47222,29.6,16.2,49.7
,"Curry County, NM","35009","2023","2023","Unintentional","1","Poisoning","GRINJ-015",20,47222,42.4,25.9,65.4
,"Dona Ana County, NM","35013","2023","2023","Unintentional","1","Fall","GRINJ-003",24,225210,10.7,6.8,15.9
,"Dona Ana County, NM","35013","2023","2023","Unintentional","1","Motor Vehicle Traffic","GRINJ-008",37,225210,16.4,11.6,22.6
,"Dona Ana County, NM","35013","2023","2023","Unintentional","1","Poisoning","GRINJ-015",78,225210,34.6,27.4,43.2
,"Dona Ana County, NM","35013","2023","2023","Suicide","2","Firearm","GRINJ-006",18,225210,8.0,4.7,12.6
,"Dona Ana County, NM","35013","2023","2023","Suicide","2","Suffocation","GRINJ-017",13,225210,5.8,3.1,9.9
,"Dona Ana County, NM","35013","2023","2023","Homicide","3","Firearm","GRINJ-006",16,225210,7.1,4.1,11.5
,"Eddy County, NM","35015","2023","2023","Unintentional","1","Motor Vehicle Traffic","GRINJ-008",12,60275,19.9,10.3,34.8
,"Eddy County, NM","35015","2023","2023","Unintentional","1","Poisoning","GRINJ-015",23,60275,38.2,24.2,57.3
,"Grant County, NM","35017","2023","2023","Unintentional","1","Fall","GRINJ-003",10,27472,36.4,17.5,66.9
,"Grant County, NM","35017","2023","2023","Unintentional","1","Poisoning","GRINJ-015",10,27472,36.4,17.5,66.9
,"Lea County, NM","35025","2023","2023","Unintentional","1","Motor Vehicle Traffic","GRINJ-008",21,72101,29.1,18.0,44.5
,"Lea County, NM","35025","2023","2023","Unintentional","1","Poisoning","GRINJ-015",19,72101,26.4,15.9,41.2
,"McKinley County, NM","35031","2023","2023","Unintentional","1","Fall","GRINJ-003",12,68797,17.4,9.0,30.5
,"McKinley County, NM","35031","2023","2023","Unintentional","1","Motor Vehicle Traffic","GRINJ-008",29,68797,42.2,28.2,60.5
,"McKinley County, NM","35031","2023","2023","Unintentional","1","Poisoning","GRINJ-015",47,68797,68.3,50.2,90.8
,"Otero County, NM","35035","2023","2023","Unintentional","1","Fall","GRINJ-003",12,68835,17.4,9.0,30.5
,"Otero County, NM","35035","2023","2023","Unintentional","1","Motor Vehicle Traffic","GRINJ-008",11,68835,16.0,8.0,28.6
,"Otero County, NM","35035","2023","2023","Unintentional","1","Poisoning","GRINJ-015",33,68835,47.9,33.0,67.3
,"Otero County, NM","35035","2023","2023","Suicide","2","Firearm","GRINJ-006",11,68835,16.0,8.0,28.6
,"Otero County, NM","35035","2023","2023","Homicide","3","Firearm","GRINJ-006",10,68835,14.5,7.0,26.7
,"Rio Arriba County, NM","35039","2023","2023","Unintentional","1","Motor Vehicle Traffic","GRINJ-008",15,39876,37.6,21.1,62.0
,"Rio Arriba County, NM","35039","2023","2023","Unintentional","1","Poisoning","GRINJ-015",52,39876,130.4,97.4,171.0
,"Sandoval County, NM","35043","2023","2023","Unintentional","1","Fall","GRINJ-003",26,155936,16.7,10.9,24.4
,"Sandoval County, NM","35043","2023","2023","Unintentional","1","Motor Vehicle Traffic","GRINJ-008",20,155936,12.8,7.8,19.8
,"Sandoval County, NM","35043","2023","2023","Unintentional","1","Poisoning","GRINJ-015",46,155936,29.5,21.6,39.3
,"Sandoval County, NM","35043","2023","2023","Suicide","2","Firearm","GRINJ-006",30,155936,19.2,13.0,27.5
,"Sandoval County, NM","35043","2023","2023","Homicide","3","Firearm","GRINJ-006",11,155936,7.1,3.5,12.6
,"San Juan County, NM","35045","2023","2023","Unintentional","1","Fall","GRINJ-003",13,120675,10.8,5.7,18.4
,"San Juan County, NM","35045","2023","2023","Unintentional","1","Motor Vehicle Traffic","GRINJ-008",46,120675,38.1,27.9,50.8
,"San Juan County, NM","35045","2023","2023","Unintentional","1","Poisoning","GRINJ-015",56,120675,46.4,35.1,60.3
,"San Juan County, NM","35045","2023","2023","Suicide","2","Firearm","GRINJ-006",18,120675,14.9,8.8,23.6
,"San Juan County, NM","35045","2023","2023","Suicide","2","Suffocation","GRINJ-017",13,120675,10.8,5.7,18.4
,"San Juan County, NM","35045","2023","2023","Homicide","3","Firearm","GRINJ-006",15,120675,12.4,7.0,20.5
,"San Miguel County, NM","35047","2023","2023","Unintentional","1","Poisoning","GRINJ-015",21,26668,78.7,48.7,120.4
,"Santa Fe County, NM","35049","2023","2023","Unintentional","1","Fall","GRINJ-003",20,155956,12.8,7.8,19.8
,"Santa Fe County, NM","35049","2023","2023","Unintentional","1","Motor Vehicle Traffic","GRINJ-008",15,155956,9.6,5.4,15.9
,"Santa Fe County, NM","35049","2023","2023","Unintentional","1","Poisoning","GRINJ-015",83,155956,53.2,42.4,66.0
,"Santa Fe County, NM","35049","2023","2023","Suicide","2","Firearm","GRINJ-006",14,155956,9.0,4.9,15.1
,"Santa Fe County, NM","35049","2023","2023","Homicide","3","Firearm","GRINJ-006",10,155956,6.4,3.1,11.8
,"Socorro County, NM","35053","2023","2023","Unintentional","1","Poisoning","GRINJ-015",14,15963,87.7,47.9,147.2
,"Taos County, NM","35055","2023","2023","Unintentional","1","Poisoning","GRINJ-015",22,34405,63.9,40.1,96.8
,"Taos County, NM","35055","2023","2023","Suicide","2","Firearm","GRINJ-006",10,34405,29.1,13.9,53.5
,"Torrance County, NM","35057","2023","2023","Unintentional","1","Motor Vehicle Traffic","GRINJ-008",11,15633,70.4,35.1,125.9
,"Torrance County, NM","35057","2023","2023","Unintentional","1","Poisoning","GRINJ-015",13,15633,83.2,44.3,142.2
,"Valencia County, NM","35061","2023","2023","Unintentional","1","Motor Vehicle Traffic","GRINJ-008",20,79141,25.3,15.4,39.0
,"Valencia County, NM","35061","2023","2023","Unintentional","1","Poisoning","GRINJ-015",29,79141,36.6,24.5,52.6
,"Valencia County, NM","35061","2023","2023","Suicide","2","Firearm","GRINJ-006",11,79141,13.9,6.9,24.9
,"Albany County, NY","36001","2023","2023","Unintentional","1","Fall","GRINJ-003",23,316659,7.3,4.6,10.9
,"Albany County, NY","36001","2023","2023","Unintentional","1","Motor Vehicle Traffic","GRINJ-008",21,316659,6.6,4.1,10.1
,"Albany County, NY","36001","2023","2023","Unintentional","1","Poisoning","GRINJ-015",56,316659,17.7,13.4,23.0
,"Albany County, NY","36001","2023","2023","Suicide","2","Suffocation","GRINJ-017",15,316659,4.7,2.7,7.8
,"Albany County, NY","36001","2023","2023","Homicide","3","Firearm","GRINJ-006",14,316659,4.4,2.4,7.4
,"Albany County, NY","36001","2023","2023","Undetermined ","4","Poisoning","GRINJ-015",44,316659,13.9,10.1,18.7
,"Allegany County, NY","36003","2023","2023","Unintentional","1","Poisoning","GRINJ-015",10,46651,21.4,10.3,39.4
,"Bronx County, NY","36005","2023","2023","Unintentional","1","Fall","GRINJ-003",97,1356476,7.2,5.8,8.7
,"Bronx County, NY","36005","2023","2023","Unintentional","1","Fire/Flame","GRINJ-004",16,1356476,1.2,0.7,1.9
,"Bronx County, NY","36005","2023","2023","Unintentional","1","Motor Vehicle Traffic","GRINJ-008",67,1356476,4.9,3.8,6.3
,"Bronx County, NY","36005","2023","2023","Unintentional","1","Poisoning","GRINJ-015",864,1356476,63.7,59.4,67.9
,"Bronx County, NY","36005","2023","2023","Unintentional","1","Suffocation","GRINJ-017",23,1356476,1.7,1.1,2.5
,"Bronx County, NY","36005","2023","2023","Suicide","2","Fall","GRINJ-003",14,1356476,1.0,0.6,1.7
,"Bronx County, NY","36005","2023","2023","Suicide","2","Firearm","GRINJ-006",18,1356476,1.3,0.8,2.1
,"Bronx County, NY","36005","2023","2023","Suicide","2","Poisoning","GRINJ-015",12,1356476,0.9,0.5,1.5
,"Bronx County, NY","36005","2023","2023","Suicide","2","Suffocation","GRINJ-017",35,1356476,2.6,1.8,3.6
,"Bronx County, NY","36005","2023","2023","Homicide","3","Cut/Pierce","GRINJ-001",22,1356476,1.6,1.0,2.5
,"Bronx County, NY","36005","2023","2023","Homicide","3","Firearm","GRINJ-006",73,1356476,5.4,4.2,6.8
,"Broome County, NY","36007","2023","2023","Unintentional","1","Fall","GRINJ-003",23,196077,11.7,7.4,17.6
,"Broome County, NY","36007","2023","2023","Unintentional","1","Poisoning","GRINJ-015",86,196077,43.9,35.1,54.2
,"Cattaraugus County, NY","36009","2023","2023","Unintentional","1","Motor Vehicle Traffic","GRINJ-008",12,75600,15.9,8.2,27.7
,"Cattaraugus County, NY","36009","2023","2023","Unintentional","1","Poisoning","GRINJ-015",40,75600,52.9,37.8,72.0
,"Cayuga County, NY","36011","2023","2023","Unintentional","1","Fall","GRINJ-003",11,74485,14.8,7.4,26.4
,"Cayuga County, NY","36011","2023","2023","Unintentional","1","Poisoning","GRINJ-015",13,74485,17.5,9.3,29.8
,"Chautauqua County, NY","36013","2023","2023","Unintentional","1","Fall","GRINJ-003",20,124891,16.0,9.8,24.7
,"Chautauqua County, NY","36013","2023","2023","Unintentional","1","Motor Vehicle Traffic","GRINJ-008",14,124891,11.2,6.1,18.8
,"Chautauqua County, NY","36013","2023","2023","Unintentional","1","Poisoning","GRINJ-015",73,124891,58.5,45.8,73.5
,"Chemung County, NY","36015","2023","2023","Unintentional","1","Fall","GRINJ-003",20,81325,24.6,15.0,38.0
,"Chemung County, NY","36015","2023","2023","Unintentional","1","Poisoning","GRINJ-015",40,81325,49.2,35.1,67.0
,"Chenango County, NY","36017","2023","2023","Unintentional","1","Poisoning","GRINJ-015",17,45920,37.0,21.6,59.3
,"Clinton County, NY","36019","2023","2023","Unintentional","1","Poisoning","GRINJ-015",12,78115,15.4,7.9,26.8
,"Columbia County, NY","36021","2023","2023","Unintentional","1","Poisoning","GRINJ-015",18,60470,29.8,17.6,47.0
,"Delaware County, NY","36025","2023","2023","Unintentional","1","Poisoning","GRINJ-015",16,44410,36.0,20.6,58.5
,"Dutchess County, NY","36027","2023","2023","Unintentional","1","Fall","GRINJ-003",48,297150,16.2,11.9,21.4
,"Dutchess County, NY","36027","2023","2023","Unintentional","1","Motor Vehicle Traffic","GRINJ-008",24,297150,8.1,5.2,12.0
,"Dutchess County, NY","36027","2023","2023","Unintentional","1","Poisoning","GRINJ-015",101,297150,34.0,27.4,40.6
,"Erie County, NY","36029","2023","2023","Unintentional","1","Fall","GRINJ-003",117,946147,12.4,10.1,14.6
,"Erie County, NY","36029","2023","2023","Unintentional","1","Fire/Flame","GRINJ-004",13,946147,1.4,0.7,2.3
,"Erie County, NY","36029","2023","2023","Unintentional","1","Motor Vehicle Traffic","GRINJ-008",67,946147,7.1,5.5,9.0
,"Erie County, NY","36029","2023","2023","Unintentional","1","Poisoning","GRINJ-015",386,946147,40.8,36.7,44.9
,"Erie County, NY","36029","2023","2023","Unintentional","1","Suffocation","GRINJ-017",28,946147,3.0,2.0,4.3
,"Erie County, NY","36029","2023","2023","Unintentional","1","Unspecified Injury","GRINJ-020",18,946147,1.9,1.1,3.0
,"Erie County, NY","36029","2023","2023","Suicide","2","Firearm","GRINJ-006",29,946147,3.1,2.1,4.4
,"Erie County, NY","36029","2023","2023","Suicide","2","Poisoning","GRINJ-015",12,946147,1.3,0.7,2.2
,"Erie County, NY","36029","2023","2023","Suicide","2","Suffocation","GRINJ-017",28,946147,3.0,2.0,4.3
,"Erie County, NY","36029","2023","2023","Homicide","3","Firearm","GRINJ-006",32,946147,3.4,2.3,4.8
,"Fulton County, NY","36035","2023","2023","Unintentional","1","Poisoning","GRINJ-015",16,52234,30.6,17.5,49.7
,"Genesee County, NY","36037","2023","2023","Unintentional","1","Motor Vehicle Traffic","GRINJ-008",10,57529,17.4,8.3,32.0
,"Genesee County, NY","36037","2023","2023","Unintentional","1","Poisoning","GRINJ-015",21,57529,36.5,22.6,55.8
,"Greene County, NY","36039","2023","2023","Unintentional","1","Poisoning","GRINJ-015",14,47062,29.7,16.3,49.9
,"Herkimer County, NY","36043","2023","2023","Unintentional","1","Poisoning","GRINJ-015",13,59484,21.9,11.6,37.4
,"Jefferson County, NY","36045","2023","2023","Unintentional","1","Fall","GRINJ-003",14,114787,12.2,6.7,20.5
,"Jefferson County, NY","36045","2023","2023","Unintentional","1","Motor Vehicle Traffic","GRINJ-008",11,114787,9.6,4.8,17.1
,"Jefferson County, NY","36045","2023","2023","Unintentional","1","Poisoning","GRINJ-015",27,114787,23.5,15.5,34.2
,"Jefferson County, NY","36045","2023","2023","Suicide","2","Firearm","GRINJ-006",12,114787,10.5,5.4,18.3
,"Kings County, NY","36047","2023","2023","Unintentional","1","Drowning","GRINJ-002",12,2561225,0.5,0.2,0.8
,"Kings County, NY","36047","2023","2023","Unintentional","1","Fall","GRINJ-003",154,2561225,6.0,5.1,7.0
,"Kings County, NY","36047","2023","2023","Unintentional","1","Fire/Flame","GRINJ-004",28,2561225,1.1,0.7,1.6
,"Kings County, NY","36047","2023","2023","Unintentional","1","Motor Vehicle Traffic","GRINJ-008",97,2561225,3.8,3.1,4.6
,"Kings County, NY","36047","2023","2023","Unintentional","1","Natural/Environmental","GRINJ-013",11,2561225,0.4,0.2,0.8
,"Kings County, NY","36047","2023","2023","Unintentional","1","Poisoning","GRINJ-015",728,2561225,28.4,26.4,30.5
,"Kings County, NY","36047","2023","2023","Unintentional","1","Suffocation","GRINJ-017",39,2561225,1.5,1.1,2.1
,"Kings County, NY","36047","2023","2023","Suicide","2","Cut/Pierce","GRINJ-001",10,2561225,0.4,0.2,0.7
,"Kings County, NY","36047","2023","2023","Suicide","2","Fall","GRINJ-003",25,2561225,1.0,0.6,1.4
,"Kings County, NY","36047","2023","2023","Suicide","2","Firearm","GRINJ-006",15,2561225,0.6,0.3,1.0
,"Kings County, NY","36047","2023","2023","Suicide","2","Poisoning","GRINJ-015",26,2561225,1.0,0.7,1.5
,"Kings County, NY","36047","2023","2023","Suicide","2","Suffocation","GRINJ-017",57,2561225,2.2,1.7,2.9
,"Kings County, NY","36047","2023","2023","Suicide","2","Other specified, classifiable Injury","GRINJ-018",10,2561225,0.4,0.2,0.7
,"Kings County, NY","36047","2023","2023","Homicide","3","Cut/Pierce","GRINJ-001",26,2561225,1.0,0.7,1.5
,"Kings County, NY","36047","2023","2023","Homicide","3","Firearm","GRINJ-006",74,2561225,2.9,2.3,3.6
,"Kings County, NY","36047","2023","2023","Homicide","3","Unspecified Injury","GRINJ-020",12,2561225,0.5,0.2,0.8
,"Livingston County, NY","36051","2023","2023","Unintentional","1","Fall","GRINJ-003",10,61158,16.4,7.8,30.1
,"Livingston County, NY","36051","2023","2023","Unintentional","1","Poisoning","GRINJ-015",11,61158,18.0,9.0,32.2
,"Madison County, NY","36053","2023","2023","Unintentional","1","Poisoning","GRINJ-015",16,66921,23.9,13.7,38.8
,"Monroe County, NY","36055","2023","2023","Unintentional","1","Fall","GRINJ-003",163,748482,21.8,18.4,25.1
,"Monroe County, NY","36055","2023","2023","Unintentional","1","Motor Vehicle Traffic","GRINJ-008",50,748482,6.7,5.0,8.8
,"Monroe County, NY","36055","2023","2023","Unintentional","1","Poisoning","GRINJ-015",436,748482,58.3,52.8,63.7
,"Monroe County, NY","36055","2023","2023","Unintentional","1","Suffocation","GRINJ-017",16,748482,2.1,1.2,3.5
,"Monroe County, NY","36055","2023","2023","Suicide","2","Firearm","GRINJ-006",24,748482,3.2,2.1,4.8
,"Monroe County, NY","36055","2023","2023","Suicide","2","Poisoning","GRINJ-015",17,748482,2.3,1.3,3.6
,"Monroe County, NY","36055","2023","2023","Suicide","2","Suffocation","GRINJ-017",31,748482,4.1,2.8,5.9
,"Monroe County, NY","36055","2023","2023","Homicide","3","Firearm","GRINJ-006",55,748482,7.3,5.5,9.6
,"Montgomery County, NY","36057","2023","2023","Unintentional","1","Poisoning","GRINJ-015",11,49368,22.3,11.1,39.9
,"Nassau County, NY","36059","2023","2023","Unintentional","1","Fall","GRINJ-003",120,1381715,8.7,7.1,10.2
,"Nassau County, NY","36059","2023","2023","Unintentional","1","Motor Vehicle Traffic","GRINJ-008",91,1381715,6.6,5.3,8.1
,"Nassau County, NY","36059","2023","2023","Unintentional","1","Poisoning","GRINJ-015",215,1381715,15.6,13.5,17.6
,"Nassau County, NY","36059","2023","2023","Unintentional","1","Suffocation","GRINJ-017",16,1381715,1.2,0.7,1.9
,"Nassau County, NY","36059","2023","2023","Unintentional","1","Unspecified Injury","GRINJ-020",12,1381715,0.9,0.4,1.5
,"Nassau County, NY","36059","2023","2023","Suicide","2","Firearm","GRINJ-006",14,1381715,1.0,0.6,1.7
,"Nassau County, NY","36059","2023","2023","Suicide","2","Poisoning","GRINJ-015",13,1381715,0.9,0.5,1.6
,"Nassau County, NY","36059","2023","2023","Suicide","2","Suffocation","GRINJ-017",35,1381715,2.5,1.8,3.5
,"New York County, NY","36061","2023","2023","Unintentional","1","Fall","GRINJ-003",115,1597451,7.2,5.9,8.5
,"New York County, NY","36061","2023","2023","Unintentional","1","Fire/Flame","GRINJ-004",15,1597451,0.9,0.5,1.5
,"New York County, NY","36061","2023","2023","Unintentional","1","Motor Vehicle Traffic","GRINJ-008",37,1597451,2.3,1.6,3.2
,"New York County, NY","36061","2023","2023","Unintentional","1","Poisoning","GRINJ-015",515,1597451,32.2,29.5,35.0
,"New York County, NY","36061","2023","2023","Unintentional","1","Suffocation","GRINJ-017",53,1597451,3.3,2.5,4.3
,"New York County, NY","36061","2023","2023","Suicide","2","Fall","GRINJ-003",44,1597451,2.8,2.0,3.7
,"New York County, NY","36061","2023","2023","Suicide","2","Firearm","GRINJ-006",11,1597451,0.7,0.3,1.2
,"New York County, NY","36061","2023","2023","Suicide","2","Poisoning","GRINJ-015",27,1597451,1.7,1.1,2.5
,"New York County, NY","36061","2023","2023","Suicide","2","Suffocation","GRINJ-017",38,1597451,2.4,1.7,3.3
,"New York County, NY","36061","2023","2023","Suicide","2","Other specified, classifiable Injury","GRINJ-018",11,1597451,0.7,0.3,1.2
,"New York County, NY","36061","2023","2023","Homicide","3","Cut/Pierce","GRINJ-001",17,1597451,1.1,0.6,1.7
,"New York County, NY","36061","2023","2023","Homicide","3","Firearm","GRINJ-006",37,1597451,2.3,1.6,3.2
,"Niagara County, NY","36063","2023","2023","Unintentional","1","Fall","GRINJ-003",26,209457,12.4,8.1,18.2
,"Niagara County, NY","36063","2023","2023","Unintentional","1","Motor Vehicle Traffic","GRINJ-008",13,209457,6.2,3.3,10.6
,"Niagara County, NY","36063","2023","2023","Unintentional","1","Poisoning","GRINJ-015",86,209457,41.1,32.8,50.7
,"Niagara County, NY","36063","2023","2023","Suicide","2","Firearm","GRINJ-006",16,209457,7.6,4.4,12.4
,"Niagara County, NY","36063","2023","2023","Homicide","3","Firearm","GRINJ-006",11,209457,5.3,2.6,9.4
,"Oneida County, NY","36065","2023","2023","Unintentional","1","Fall","GRINJ-003",38,227555,16.7,11.8,22.9
,"Oneida County, NY","36065","2023","2023","Unintentional","1","Motor Vehicle Traffic","GRINJ-008",23,227555,10.1,6.4,15.2
,"Oneida County, NY","36065","2023","2023","Unintentional","1","Poisoning","GRINJ-015",59,227555,25.9,19.7,33.4
,"Oneida County, NY","36065","2023","2023","Suicide","2","Firearm","GRINJ-006",10,227555,4.4,2.1,8.1
,"Oneida County, NY","36065","2023","2023","Suicide","2","Suffocation","GRINJ-017",11,227555,4.8,2.4,8.6
,"Onondaga County, NY","36067","2023","2023","Unintentional","1","Fall","GRINJ-003",86,467873,18.4,14.7,22.7
,"Onondaga County, NY","36067","2023","2023","Unintentional","1","Motor Vehicle Traffic","GRINJ-008",24,467873,5.1,3.3,7.6
,"Onondaga County, NY","36067","2023","2023","Unintentional","1","Poisoning","GRINJ-015",189,467873,40.4,34.6,46.2
,"Onondaga County, NY","36067","2023","2023","Unintentional","1","Suffocation","GRINJ-017",17,467873,3.6,2.1,5.8
,"Onondaga County, NY","36067","2023","2023","Suicide","2","Firearm","GRINJ-006",20,467873,4.3,2.6,6.6
,"Onondaga County, NY","36067","2023","2023","Suicide","2","Poisoning","GRINJ-015",12,467873,2.6,1.3,4.5
,"Onondaga County, NY","36067","2023","2023","Suicide","2","Suffocation","GRINJ-017",24,467873,5.1,3.3,7.6
,"Onondaga County, NY","36067","2023","2023","Homicide","3","Firearm","GRINJ-006",19,467873,4.1,2.4,6.3
,"Ontario County, NY","36069","2023","2023","Unintentional","1","Fall","GRINJ-003",14,112494,12.4,6.8,20.9
,"Ontario County, NY","36069","2023","2023","Unintentional","1","Motor Vehicle Traffic","GRINJ-008",15,112494,13.3,7.5,22.0
,"Ontario County, NY","36069","2023","2023","Unintentional","1","Poisoning","GRINJ-015",31,112494,27.6,18.7,39.1
,"Orange County, NY","36071","2023","2023","Unintentional","1","Fall","GRINJ-003",34,407470,8.3,5.8,11.7
,"Orange County, NY","36071","2023","2023","Unintentional","1","Motor Vehicle Traffic","GRINJ-008",22,407470,5.4,3.4,8.2
,"Orange County, NY","36071","2023","2023","Unintentional","1","Poisoning","GRINJ-015",113,407470,27.7,22.6,32.8
,"Orange County, NY","36071","2023","2023","Suicide","2","Firearm","GRINJ-006",18,407470,4.4,2.6,7.0
,"Orange County, NY","36071","2023","2023","Suicide","2","Suffocation","GRINJ-017",11,407470,2.7,1.3,4.8
,"Orleans County, NY","36073","2023","2023","Unintentional","1","Poisoning","GRINJ-015",10,39124,25.6,12.3,47.0
,"Oswego County, NY","36075","2023","2023","Unintentional","1","Fall","GRINJ-003",20,118162,16.9,10.3,26.1
,"Oswego County, NY","36075","2023","2023","Unintentional","1","Motor Vehicle Traffic","GRINJ-008",20,118162,16.9,10.3,26.1
,"Oswego County, NY","36075","2023","2023","Unintentional","1","Poisoning","GRINJ-015",24,118162,20.3,13.0,30.2
,"Oswego County, NY","36075","2023","2023","Suicide","2","Firearm","GRINJ-006",11,118162,9.3,4.6,16.7
,"Otsego County, NY","36077","2023","2023","Unintentional","1","Poisoning","GRINJ-015",21,60126,34.9,21.6,53.4
,"Putnam County, NY","36079","2023","2023","Unintentional","1","Poisoning","GRINJ-015",21,98060,21.4,13.3,32.7
,"Queens County, NY","36081","2023","2023","Unintentional","1","Drowning","GRINJ-002",10,2252196,0.4,0.2,0.8
,"Queens County, NY","36081","2023","2023","Unintentional","1","Fall","GRINJ-003",184,2252196,8.2,7.0,9.4
,"Queens County, NY","36081","2023","2023","Unintentional","1","Fire/Flame","GRINJ-004",18,2252196,0.8,0.5,1.3
,"Queens County, NY","36081","2023","2023","Unintentional","1","Motor Vehicle Traffic","GRINJ-008",112,2252196,5.0,4.1,5.9
,"Queens County, NY","36081","2023","2023","Unintentional","1","Other Pedestrian","GRINJ-010",10,2252196,0.4,0.2,0.8
,"Queens County, NY","36081","2023","2023","Unintentional","1","Poisoning","GRINJ-015",501,2252196,22.2,20.3,24.2
,"Queens County, NY","36081","2023","2023","Unintentional","1","Suffocation","GRINJ-017",31,2252196,1.4,0.9,2.0
,"Queens County, NY","36081","2023","2023","Unintentional","1","Other specified, not elsewhere classified Injury","GRINJ-019",11,2252196,0.5,0.2,0.9
,"Queens County, NY","36081","2023","2023","Suicide","2","Fall","GRINJ-003",15,2252196,0.7,0.4,1.1
,"Queens County, NY","36081","2023","2023","Suicide","2","Firearm","GRINJ-006",17,2252196,0.8,0.4,1.2
,"Queens County, NY","36081","2023","2023","Suicide","2","Poisoning","GRINJ-015",32,2252196,1.4,1.0,2.0
,"Queens County, NY","36081","2023","2023","Suicide","2","Suffocation","GRINJ-017",61,2252196,2.7,2.1,3.5
,"Queens County, NY","36081","2023","2023","Suicide","2","Other specified, classifiable Injury","GRINJ-018",11,2252196,0.5,0.2,0.9
,"Queens County, NY","36081","2023","2023","Homicide","3","Cut/Pierce","GRINJ-001",18,2252196,0.8,0.5,1.3
,"Queens County, NY","36081","2023","2023","Homicide","3","Firearm","GRINJ-006",28,2252196,1.2,0.8,1.8
,"Rensselaer County, NY","36083","2023","2023","Unintentional","1","Fall","GRINJ-003",15,159305,9.4,5.3,15.5
,"Rensselaer County, NY","36083","2023","2023","Unintentional","1","Poisoning","GRINJ-015",67,159305,42.1,32.6,53.4
,"Richmond County, NY","36085","2023","2023","Unintentional","1","Fall","GRINJ-003",53,490687,10.8,8.1,14.1
,"Richmond County, NY","36085","2023","2023","Unintentional","1","Motor Vehicle Traffic","GRINJ-008",22,490687,4.5,2.8,6.8
,"Richmond County, NY","36085","2023","2023","Unintentional","1","Poisoning","GRINJ-015",162,490687,33.0,27.9,38.1
,"Richmond County, NY","36085","2023","2023","Suicide","2","Suffocation","GRINJ-017",10,490687,2.0,1.0,3.7
,"Rockland County, NY","36087","2023","2023","Unintentional","1","Fall","GRINJ-003",37,340807,10.9,7.6,15.0
,"Rockland County, NY","36087","2023","2023","Unintentional","1","Motor Vehicle Traffic","GRINJ-008",21,340807,6.2,3.8,9.4
,"Rockland County, NY","36087","2023","2023","Unintentional","1","Poisoning","GRINJ-015",48,340807,14.1,10.4,18.7
,"St. Lawrence County, NY","36089","2023","2023","Unintentional","1","Fall","GRINJ-003",12,106940,11.2,5.8,19.6
,"St. Lawrence County, NY","36089","2023","2023","Unintentional","1","Motor Vehicle Traffic","GRINJ-008",12,106940,11.2,5.8,19.6
,"St. Lawrence County, NY","36089","2023","2023","Unintentional","1","Poisoning","GRINJ-015",15,106940,14.0,7.9,23.1
,"St. Lawrence County, NY","36089","2023","2023","Suicide","2","Firearm","GRINJ-006",10,106940,9.4,4.5,17.2
,"Saratoga County, NY","36091","2023","2023","Unintentional","1","Fall","GRINJ-003",21,238711,8.8,5.4,13.4
,"Saratoga County, NY","36091","2023","2023","Unintentional","1","Motor Vehicle Traffic","GRINJ-008",19,238711,8.0,4.8,12.4
,"Saratoga County, NY","36091","2023","2023","Unintentional","1","Poisoning","GRINJ-015",15,238711,6.3,3.5,10.4
,"Saratoga County, NY","36091","2023","2023","Undetermined ","4","Poisoning","GRINJ-015",15,238711,6.3,3.5,10.4
,"Schenectady County, NY","36093","2023","2023","Unintentional","1","Fall","GRINJ-003",11,159902,6.9,3.4,12.3
,"Schenectady County, NY","36093","2023","2023","Unintentional","1","Poisoning","GRINJ-015",17,159902,10.6,6.2,17.0
,"Schenectady County, NY","36093","2023","2023","Undetermined ","4","Poisoning","GRINJ-015",29,159902,18.1,12.1,26.0
,"Steuben County, NY","36101","2023","2023","Unintentional","1","Poisoning","GRINJ-015",23,92162,25.0,15.8,37.4
,"Suffolk County, NY","36103","2023","2023","Unintentional","1","Fall","GRINJ-003",313,1523170,20.5,18.3,22.8
,"Suffolk County, NY","36103","2023","2023","Unintentional","1","Motor Vehicle Traffic","GRINJ-008",169,1523170,11.1,9.4,12.8
,"Suffolk County, NY","36103","2023","2023","Unintentional","1","Poisoning","GRINJ-015",484,1523170,31.8,28.9,34.6
,"Suffolk County, NY","36103","2023","2023","Unintentional","1","Suffocation","GRINJ-017",21,1523170,1.4,0.9,2.1
,"Suffolk County, NY","36103","2023","2023","Unintentional","1","Other specified, classifiable Injury","GRINJ-018",12,1523170,0.8,0.4,1.4
,"Suffolk County, NY","36103","2023","2023","Suicide","2","Firearm","GRINJ-006",33,1523170,2.2,1.5,3.0
,"Suffolk County, NY","36103","2023","2023","Suicide","2","Poisoning","GRINJ-015",21,1523170,1.4,0.9,2.1
,"Suffolk County, NY","36103","2023","2023","Suicide","2","Suffocation","GRINJ-017",53,1523170,3.5,2.6,4.6
,"Suffolk County, NY","36103","2023","2023","Homicide","3","Firearm","GRINJ-006",16,1523170,1.1,0.6,1.7
,"Sullivan County, NY","36105","2023","2023","Unintentional","1","Motor Vehicle Traffic","GRINJ-008",10,79920,12.5,6.0,23.0
,"Sullivan County, NY","36105","2023","2023","Unintentional","1","Poisoning","GRINJ-015",43,79920,53.8,38.9,72.5
,"Tompkins County, NY","36109","2023","2023","Unintentional","1","Fall","GRINJ-003",13,103558,12.6,6.7,21.5
,"Tompkins County, NY","36109","2023","2023","Unintentional","1","Motor Vehicle Traffic","GRINJ-008",10,103558,9.7,4.6,17.8
,"Tompkins County, NY","36109","2023","2023","Unintentional","1","Poisoning","GRINJ-015",26,103558,25.1,16.4,36.8
,"Ulster County, NY","36111","2023","2023","Unintentional","1","Fall","GRINJ-003",24,182333,13.2,8.4,19.6
,"Ulster County, NY","36111","2023","2023","Unintentional","1","Motor Vehicle Traffic","GRINJ-008",16,182333,8.8,5.0,14.3
,"Ulster County, NY","36111","2023","2023","Unintentional","1","Poisoning","GRINJ-015",66,182333,36.2,28.0,46.1
,"Ulster County, NY","36111","2023","2023","Suicide","2","Firearm","GRINJ-006",15,182333,8.2,4.6,13.6
,"Ulster County, NY","36111","2023","2023","Suicide","2","Suffocation","GRINJ-017",11,182333,6.0,3.0,10.8
,"Wayne County, NY","36117","2023","2023","Unintentional","1","Motor Vehicle Traffic","GRINJ-008",14,90829,15.4,8.4,25.9
,"Wayne County, NY","36117","2023","2023","Unintentional","1","Poisoning","GRINJ-015",24,90829,26.4,16.9,39.3
,"Westchester County, NY","36119","2023","2023","Unintentional","1","Fall","GRINJ-003",89,990817,9.0,7.2,11.1
,"Westchester County, NY","36119","2023","2023","Unintentional","1","Motor Vehicle Traffic","GRINJ-008",39,990817,3.9,2.8,5.4
,"Westchester County, NY","36119","2023","2023","Unintentional","1","Poisoning","GRINJ-015",165,990817,16.7,14.1,19.2
,"Westchester County, NY","36119","2023","2023","Unintentional","1","Suffocation","GRINJ-017",11,990817,1.1,0.6,2.0
,"Westchester County, NY","36119","2023","2023","Suicide","2","Firearm","GRINJ-006",18,990817,1.8,1.1,2.9
,"Westchester County, NY","36119","2023","2023","Suicide","2","Suffocation","GRINJ-017",27,990817,2.7,1.8,4.0
,"Alamance County, NC","37001","2023","2023","Unintentional","1","Fall","GRINJ-003",50,179165,27.9,20.7,36.8
,"Alamance County, NC","37001","2023","2023","Unintentional","1","Motor Vehicle Traffic","GRINJ-008",25,179165,14.0,9.0,20.6
,"Alamance County, NC","37001","2023","2023","Unintentional","1","Poisoning","GRINJ-015",44,179165,24.6,17.8,33.0
,"Alexander County, NC","37003","2023","2023","Unintentional","1","Motor Vehicle Traffic","GRINJ-008",13,36473,35.6,19.0,61.0
,"Alexander County, NC","37003","2023","2023","Unintentional","1","Poisoning","GRINJ-015",12,36473,32.9,17.0,57.5
,"Beaufort County, NC","37013","2023","2023","Unintentional","1","Fall","GRINJ-003",10,44481,22.5,10.8,41.3
,"Beaufort County, NC","37013","2023","2023","Unintentional","1","Poisoning","GRINJ-015",20,44481,45.0,27.5,69.4
,"Bladen County, NC","37017","2023","2023","Unintentional","1","Motor Vehicle Traffic","GRINJ-008",13,29484,44.1,23.5,75.4
,"Bladen County, NC","37017","2023","2023","Unintentional","1","Poisoning","GRINJ-015",14,29484,47.5,26.0,79.7
,"Bladen County, NC","37017","2023","2023","Homicide","3","Firearm","GRINJ-006",10,29484,33.9,16.3,62.4
,"Brunswick County, NC","37019","2023","2023","Unintentional","1","Fall","GRINJ-003",34,159964,21.3,14.7,29.7
,"Brunswick County, NC","37019","2023","2023","Unintentional","1","Motor Vehicle Traffic","GRINJ-008",27,159964,16.9,11.1,24.6
,"Brunswick County, NC","37019","2023","2023","Unintentional","1","Poisoning","GRINJ-015",55,159964,34.4,25.9,44.8
,"Brunswick County, NC","37019","2023","2023","Suicide","2","Firearm","GRINJ-006",13,159964,8.1,4.3,13.9
,"Buncombe County, NC","37021","2023","2023","Unintentional","1","Fall","GRINJ-003",94,275901,34.1,27.5,41.7
,"Buncombe County, NC","37021","2023","2023","Unintentional","1","Motor Vehicle Traffic","GRINJ-008",38,275901,13.8,9.7,18.9
,"Buncombe County, NC","37021","2023","2023","Unintentional","1","Poisoning","GRINJ-015",123,275901,44.6,36.7,52.5
,"Buncombe County, NC","37021","2023","2023","Unintentional","1","Suffocation","GRINJ-017",11,275901,4.0,2.0,7.1
,"Buncombe County, NC","37021","2023","2023","Suicide","2","Firearm","GRINJ-006",34,275901,12.3,8.5,17.2
,"Buncombe County, NC","37021","2023","2023","Suicide","2","Suffocation","GRINJ-017",13,275901,4.7,2.5,8.1
,"Buncombe County, NC","37021","2023","2023","Homicide","3","Firearm","GRINJ-006",12,275901,4.3,2.2,7.6
,"Burke County, NC","37023","2023","2023","Unintentional","1","Fall","GRINJ-003",14,88338,15.8,8.7,26.6
,"Burke County, NC","37023","2023","2023","Unintentional","1","Motor Vehicle Traffic","GRINJ-008",22,88338,24.9,15.6,37.7
,"Burke County, NC","37023","2023","2023","Unintentional","1","Poisoning","GRINJ-015",42,88338,47.5,34.3,64.3
,"Burke County, NC","37023","2023","2023","Suicide","2","Firearm","GRINJ-006",11,88338,12.5,6.2,22.3
,"Cabarrus County, NC","37025","2023","2023","Unintentional","1","Fall","GRINJ-003",51,240016,21.2,15.8,27.9
,"Cabarrus County, NC","37025","2023","2023","Unintentional","1","Motor Vehicle Traffic","GRINJ-008",33,240016,13.7,9.5,19.3
,"Cabarrus County, NC","37025","2023","2023","Unintentional","1","Poisoning","GRINJ-015",40,240016,16.7,11.9,22.7
,"Cabarrus County, NC","37025","2023","2023","Suicide","2","Firearm","GRINJ-006",19,240016,7.9,4.8,12.4
,"Cabarrus County, NC","37025","2023","2023","Homicide","3","Firearm","GRINJ-006",10,240016,4.2,2.0,7.7
,"Caldwell County, NC","37027","2023","2023","Unintentional","1","Fall","GRINJ-003",18,80574,22.3,13.2,35.3
,"Caldwell County, NC","37027","2023","2023","Unintentional","1","Motor Vehicle Traffic","GRINJ-008",15,80574,18.6,10.4,30.7
,"Caldwell County, NC","37027","2023","2023","Unintentional","1","Poisoning","GRINJ-015",38,80574,47.2,33.4,64.7
,"Caldwell County, NC","37027","2023","2023","Suicide","2","Firearm","GRINJ-006",17,80574,21.1,12.3,33.8
,"Carteret County, NC","37031","2023","2023","Unintentional","1","Fall","GRINJ-003",19,69615,27.3,16.4,42.6
,"Carteret County, NC","37031","2023","2023","Unintentional","1","Poisoning","GRINJ-015",19,69615,27.3,16.4,42.6
,"Carteret County, NC","37031","2023","2023","Suicide","2","Firearm","GRINJ-006",12,69615,17.2,8.9,30.1
,"Caswell County, NC","37033","2023","2023","Unintentional","1","Fall","GRINJ-003",10,22807,43.8,21.0,80.6
,"Catawba County, NC","37035","2023","2023","Unintentional","1","Fall","GRINJ-003",31,164645,18.8,12.8,26.7
,"Catawba County, NC","37035","2023","2023","Unintentional","1","Motor Vehicle Traffic","GRINJ-008",30,164645,18.2,12.3,26.0
,"Catawba County, NC","37035","2023","2023","Unintentional","1","Poisoning","GRINJ-015",65,164645,39.5,30.5,50.3
,"Catawba County, NC","37035","2023","2023","Suicide","2","Firearm","GRINJ-006",18,164645,10.9,6.5,17.3
,"Chatham County, NC","37037","2023","2023","Unintentional","1","Fall","GRINJ-003",18,81624,22.1,13.1,34.9
,"Chatham County, NC","37037","2023","2023","Unintentional","1","Poisoning","GRINJ-015",15,81624,18.4,10.3,30.3
,"Cherokee County, NC","37039","2023","2023","Unintentional","1","Fall","GRINJ-003",10,29959,33.4,16.0,61.4
,"Cherokee County, NC","37039","2023","2023","Unintentional","1","Poisoning","GRINJ-015",20,29959,66.8,40.8,103.1
,"Cherokee County, NC","37039","2023","2023","Suicide","2","Firearm","GRINJ-006",11,29959,36.7,18.3,65.7
,"Chowan County, NC","37041","2023","2023","Unintentional","1","Poisoning","GRINJ-015",12,13891,86.4,44.6,150.9
,"Cleveland County, NC","37045","2023","2023","Unintentional","1","Fall","GRINJ-003",27,101378,26.6,17.6,38.7
,"Cleveland County, NC","37045","2023","2023","Unintentional","1","Motor Vehicle Traffic","GRINJ-008",24,101378,23.7,15.2,35.2
,"Cleveland County, NC","37045","2023","2023","Unintentional","1","Poisoning","GRINJ-015",43,101378,42.4,30.7,57.1
,"Cleveland County, NC","37045","2023","2023","Suicide","2","Firearm","GRINJ-006",14,101378,13.8,7.5,23.2
,"Cleveland County, NC","37045","2023","2023","Homicide","3","Firearm","GRINJ-006",10,101378,9.9,4.7,18.1
,"Columbus County, NC","37047","2023","2023","Unintentional","1","Fall","GRINJ-003",12,50121,23.9,12.4,41.8
,"Columbus County, NC","37047","2023","2023","Unintentional","1","Motor Vehicle Traffic","GRINJ-008",16,50121,31.9,18.2,51.8
,"Columbus County, NC","37047","2023","2023","Unintentional","1","Poisoning","GRINJ-015",17,50121,33.9,19.8,54.3
,"Columbus County, NC","37047","2023","2023","Homicide","3","Firearm","GRINJ-006",11,50121,21.9,11.0,39.3
,"Craven County, NC","37049","2023","2023","Unintentional","1","Fall","GRINJ-003",20,102391,19.5,11.9,30.2
,"Craven County, NC","37049","2023","2023","Unintentional","1","Poisoning","GRINJ-015",50,102391,48.8,36.2,64.4
,"Craven County, NC","37049","2023","2023","Suicide","2","Firearm","GRINJ-006",18,102391,17.6,10.4,27.8
,"Craven County, NC","37049","2023","2023","Homicide","3","Firearm","GRINJ-006",10,102391,9.8,4.7,18.0
,"Cumberland County, NC","37051","2023","2023","Unintentional","1","Fall","GRINJ-003",27,337890,8.0,5.3,11.6
,"Cumberland County, NC","37051","2023","2023","Unintentional","1","Motor Vehicle Traffic","GRINJ-008",73,337890,21.6,16.9,27.2
,"Cumberland County, NC","37051","2023","2023","Unintentional","1","Poisoning","GRINJ-015",125,337890,37.0,30.5,43.5
,"Cumberland County, NC","37051","2023","2023","Unintentional","1","Suffocation","GRINJ-017",11,337890,3.3,1.6,5.8
,"Cumberland County, NC","37051","2023","2023","Suicide","2","Firearm","GRINJ-006",53,337890,15.7,11.7,20.5
,"Cumberland County, NC","37051","2023","2023","Suicide","2","Suffocation","GRINJ-017",19,337890,5.6,3.4,8.8
,"Cumberland County, NC","37051","2023","2023","Homicide","3","Firearm","GRINJ-006",51,337890,15.1,11.2,19.8
,"Davidson County, NC","37057","2023","2023","Unintentional","1","Fall","GRINJ-003",35,174804,20.0,13.9,27.8
,"Davidson County, NC","37057","2023","2023","Unintentional","1","Motor Vehicle Traffic","GRINJ-008",37,174804,21.2,14.9,29.2
,"Davidson County, NC","37057","2023","2023","Unintentional","1","Poisoning","GRINJ-015",84,174804,48.1,38.3,59.5
,"Davidson County, NC","37057","2023","2023","Suicide","2","Firearm","GRINJ-006",25,174804,14.3,9.3,21.1
,"Davie County, NC","37059","2023","2023","Unintentional","1","Fall","GRINJ-003",14,44599,31.4,17.2,52.7
,"Davie County, NC","37059","2023","2023","Unintentional","1","Poisoning","GRINJ-015",15,44599,33.6,18.8,55.5
,"Duplin County, NC","37061","2023","2023","Unintentional","1","Motor Vehicle Traffic","GRINJ-008",16,49520,32.3,18.5,52.5
,"Durham County, NC","37063","2023","2023","Unintentional","1","Fall","GRINJ-003",53,336892,15.7,11.8,20.6
,"Durham County, NC","37063","2023","2023","Unintentional","1","Motor Vehicle Traffic","GRINJ-008",41,336892,12.2,8.7,16.5
,"Durham County, NC","37063","2023","2023","Unintentional","1","Poisoning","GRINJ-015",95,336892,28.2,22.8,34.5
,"Durham County, NC","37063","2023","2023","Suicide","2","Firearm","GRINJ-006",10,336892,3.0,1.4,5.5
,"Durham County, NC","37063","2023","2023","Homicide","3","Firearm","GRINJ-006",34,336892,10.1,7.0,14.1
,"Edgecombe County, NC","37065","2023","2023","Unintentional","1","Motor Vehicle Traffic","GRINJ-008",13,48832,26.6,14.2,45.5
,"Edgecombe County, NC","37065","2023","2023","Unintentional","1","Poisoning","GRINJ-015",28,48832,57.3,38.1,82.9
,"Forsyth County, NC","37067","2023","2023","Unintentional","1","Fall","GRINJ-003",84,392921,21.4,17.1,26.5
,"Forsyth County, NC","37067","2023","2023","Unintentional","1","Motor Vehicle Traffic","GRINJ-008",54,392921,13.7,10.3,17.9
,"Forsyth County, NC","37067","2023","2023","Unintentional","1","Poisoning","GRINJ-015",149,392921,37.9,31.8,44.0
,"Forsyth County, NC","37067","2023","2023","Suicide","2","Firearm","GRINJ-006",37,392921,9.4,6.6,13.0
,"Forsyth County, NC","37067","2023","2023","Homicide","3","Firearm","GRINJ-006",39,392921,9.9,7.1,13.6
,"Franklin County, NC","37069","2023","2023","Unintentional","1","Fall","GRINJ-003",14,77001,18.2,9.9,30.5
,"Franklin County, NC","37069","2023","2023","Unintentional","1","Motor Vehicle Traffic","GRINJ-008",20,77001,26.0,15.9,40.1
,"Franklin County, NC","37069","2023","2023","Unintentional","1","Poisoning","GRINJ-015",21,77001,27.3,16.9,41.7
,"Gaston County, NC","37071","2023","2023","Unintentional","1","Fall","GRINJ-003",27,237242,11.4,7.5,16.6
,"Gaston County, NC","37071","2023","2023","Unintentional","1","Motor Vehicle Traffic","GRINJ-008",39,237242,16.4,11.7,22.5
,"Gaston County, NC","37071","2023","2023","Unintentional","1","Poisoning","GRINJ-015",103,237242,43.4,35.0,51.8
,"Gaston County, NC","37071","2023","2023","Suicide","2","Firearm","GRINJ-006",26,237242,11.0,7.2,16.1
,"Gaston County, NC","37071","2023","2023","Homicide","3","Firearm","GRINJ-006",12,237242,5.1,2.6,8.8
,"Granville County, NC","37077","2023","2023","Unintentional","1","Motor Vehicle Traffic","GRINJ-008",12,62192,19.3,10.0,33.7
,"Granville County, NC","37077","2023","2023","Unintentional","1","Poisoning","GRINJ-015",14,62192,22.5,12.3,37.8
,"Granville County, NC","37077","2023","2023","Suicide","2","Firearm","GRINJ-006",12,62192,19.3,10.0,33.7
,"Guilford County, NC","37081","2023","2023","Unintentional","1","Fall","GRINJ-003",138,549866,25.1,20.9,29.3
,"Guilford County, NC","37081","2023","2023","Unintentional","1","Motor Vehicle Traffic","GRINJ-008",70,549866,12.7,9.9,16.1
,"Guilford County, NC","37081","2023","2023","Unintentional","1","Poisoning","GRINJ-015",157,549866,28.6,24.1,33.0
,"Guilford County, NC","37081","2023","2023","Suicide","2","Firearm","GRINJ-006",40,549866,7.3,5.2,9.9
,"Guilford County, NC","37081","2023","2023","Suicide","2","Suffocation","GRINJ-017",14,549866,2.5,1.4,4.3
,"Guilford County, NC","37081","2023","2023","Homicide","3","Firearm","GRINJ-006",66,549866,12.0,9.3,15.3
,"Halifax County, NC","37083","2023","2023","Unintentional","1","Motor Vehicle Traffic","GRINJ-008",15,47298,31.7,17.7,52.3
,"Halifax County, NC","37083","2023","2023","Unintentional","1","Poisoning","GRINJ-015",15,47298,31.7,17.7,52.3
,"Harnett County, NC","37085","2023","2023","Unintentional","1","Fall","GRINJ-003",23,141477,16.3,10.3,24.4
,"Harnett County, NC","37085","2023","2023","Unintentional","1","Motor Vehicle Traffic","GRINJ-008",34,141477,24.0,16.6,33.6
,"Harnett County, NC","37085","2023","2023","Unintentional","1","Poisoning","GRINJ-015",44,141477,31.1,22.6,41.8
,"Harnett County, NC","37085","2023","2023","Suicide","2","Firearm","GRINJ-006",10,141477,7.1,3.4,13.0
,"Harnett County, NC","37085","2023","2023","Homicide","3","Firearm","GRINJ-006",11,141477,7.8,3.9,13.9
,"Haywood County, NC","37087","2023","2023","Unintentional","1","Fall","GRINJ-003",28,62969,44.5,29.5,64.3
,"Haywood County, NC","37087","2023","2023","Unintentional","1","Motor Vehicle Traffic","GRINJ-008",12,62969,19.1,9.8,33.3
,"Haywood County, NC","37087","2023","2023","Unintentional","1","Poisoning","GRINJ-015",17,62969,27.0,15.7,43.2
,"Henderson County, NC","37089","2023","2023","Unintentional","1","Fall","GRINJ-003",63,119230,52.8,40.6,67.6
,"Henderson County, NC","37089","2023","2023","Unintentional","1","Motor Vehicle Traffic","GRINJ-008",21,119230,17.6,10.9,26.9
,"Henderson County, NC","37089","2023","2023","Unintentional","1","Poisoning","GRINJ-015",29,119230,24.3,16.3,34.9
,"Henderson County, NC","37089","2023","2023","Suicide","2","Firearm","GRINJ-006",19,119230,15.9,9.6,24.9
,"Hoke County, NC","37093","2023","2023","Unintentional","1","Motor Vehicle Traffic","GRINJ-008",10,54446,18.4,8.8,33.8
,"Hoke County, NC","37093","2023","2023","Unintentional","1","Poisoning","GRINJ-015",18,54446,33.1,19.6,52.2
,"Iredell County, NC","37097","2023","2023","Unintentional","1","Fall","GRINJ-003",19,199710,9.5,5.7,14.9
,"Iredell County, NC","37097","2023","2023","Unintentional","1","Motor Vehicle Traffic","GRINJ-008",13,199710,6.5,3.5,11.1
,"Iredell County, NC","37097","2023","2023","Unintentional","1","Poisoning","GRINJ-015",55,199710,27.5,20.7,35.8
,"Iredell County, NC","37097","2023","2023","Suicide","2","Firearm","GRINJ-006",32,199710,16.0,11.0,22.6
,"Jackson County, NC","37099","2023","2023","Unintentional","1","Fall","GRINJ-003",11,44574,24.7,12.3,44.2
,"Jackson County, NC","37099","2023","2023","Unintentional","1","Poisoning","GRINJ-015",12,44574,26.9,13.9,47.0
,"Johnston County, NC","37101","2023","2023","Unintentional","1","Fall","GRINJ-003",47,241955,19.4,14.3,25.8
,"Johnston County, NC","37101","2023","2023","Unintentional","1","Motor Vehicle Traffic","GRINJ-008",32,241955,13.2,9.0,18.7
,"Johnston County, NC","37101","2023","2023","Unintentional","1","Poisoning","GRINJ-015",57,241955,23.6,17.8,30.5
,"Lee County, NC","37105","2023","2023","Unintentional","1","Motor Vehicle Traffic","GRINJ-008",14,67059,20.9,11.4,35.0
,"Lee County, NC","37105","2023","2023","Unintentional","1","Poisoning","GRINJ-015",19,67059,28.3,17.1,44.2
,"Lenoir County, NC","37107","2023","2023","Unintentional","1","Fall","GRINJ-003",10,54895,18.2,8.7,33.5
,"Lenoir County, NC","37107","2023","2023","Unintentional","1","Motor Vehicle Traffic","GRINJ-008",17,54895,31.0,18.0,49.6
,"Lenoir County, NC","37107","2023","2023","Unintentional","1","Poisoning","GRINJ-015",20,54895,36.4,22.3,56.3
,"Lincoln County, NC","37109","2023","2023","Unintentional","1","Motor Vehicle Traffic","GRINJ-008",11,95675,11.5,5.7,20.6
,"Lincoln County, NC","37109","2023","2023","Unintentional","1","Poisoning","GRINJ-015",32,95675,33.4,22.9,47.2
,"McDowell County, NC","37111","2023","2023","Unintentional","1","Fall","GRINJ-003",17,44893,37.9,22.1,60.6
,"McDowell County, NC","37111","2023","2023","Unintentional","1","Poisoning","GRINJ-015",19,44893,42.3,25.5,66.1
,"Macon County, NC","37113","2023","2023","Unintentional","1","Fall","GRINJ-003",21,38412,54.7,33.8,83.6
,"Macon County, NC","37113","2023","2023","Unintentional","1","Poisoning","GRINJ-015",14,38412,36.4,19.9,61.2
,"Mecklenburg County, NC","37119","2023","2023","Unintentional","1","Drowning","GRINJ-002",10,1163701,0.9,0.4,1.6
,"Mecklenburg County, NC","37119","2023","2023","Unintentional","1","Fall","GRINJ-003",104,1163701,8.9,7.2,10.7
,"Mecklenburg County, NC","37119","2023","2023","Unintentional","1","Motor Vehicle Traffic","GRINJ-008",115,1163701,9.9,8.1,11.7
,"Mecklenburg County, NC","37119","2023","2023","Unintentional","1","Poisoning","GRINJ-015",344,1163701,29.6,26.4,32.7
,"Mecklenburg County, NC","37119","2023","2023","Unintentional","1","Suffocation","GRINJ-017",17,1163701,1.5,0.9,2.3
,"Mecklenburg County, NC","37119","2023","2023","Unintentional","1","Unspecified Injury","GRINJ-020",13,1163701,1.1,0.6,1.9
,"Mecklenburg County, NC","37119","2023","2023","Suicide","2","Firearm","GRINJ-006",66,1163701,5.7,4.4,7.2
,"Mecklenburg County, NC","37119","2023","2023","Suicide","2","Poisoning","GRINJ-015",22,1163701,1.9,1.2,2.9
,"Mecklenburg County, NC","37119","2023","2023","Suicide","2","Suffocation","GRINJ-017",29,1163701,2.5,1.7,3.6
,"Mecklenburg County, NC","37119","2023","2023","Homicide","3","Firearm","GRINJ-006",80,1163701,6.9,5.5,8.6
,"Montgomery County, NC","37123","2023","2023","Unintentional","1","Motor Vehicle Traffic","GRINJ-008",14,26085,53.7,29.3,90.1
,"Montgomery County, NC","37123","2023","2023","Unintentional","1","Poisoning","GRINJ-015",13,26085,49.8,26.5,85.2
,"Moore County, NC","37125","2023","2023","Unintentional","1","Fall","GRINJ-003",24,106898,22.5,14.4,33.4
,"Moore County, NC","37125","2023","2023","Unintentional","1","Motor Vehicle Traffic","GRINJ-008",26,106898,24.3,15.9,35.6
,"Moore County, NC","37125","2023","2023","Unintentional","1","Poisoning","GRINJ-015",27,106898,25.3,16.6,36.7
,"Moore County, NC","37125","2023","2023","Suicide","2","Firearm","GRINJ-006",15,106898,14.0,7.9,23.1
,"Nash County, NC","37127","2023","2023","Unintentional","1","Fall","GRINJ-003",12,96551,12.4,6.4,21.7
,"Nash County, NC","37127","2023","2023","Unintentional","1","Motor Vehicle Traffic","GRINJ-008",19,96551,19.7,11.8,30.7
,"Nash County, NC","37127","2023","2023","Unintentional","1","Poisoning","GRINJ-015",28,96551,29.0,19.3,41.9
,"New Hanover County, NC","37129","2023","2023","Unintentional","1","Fall","GRINJ-003",54,238852,22.6,17.0,29.5
,"New Hanover County, NC","37129","2023","2023","Unintentional","1","Motor Vehicle Traffic","GRINJ-008",24,238852,10.0,6.4,15.0
,"New Hanover County, NC","37129","2023","2023","Unintentional","1","Poisoning","GRINJ-015",74,238852,31.0,24.3,38.9
,"New Hanover County, NC","37129","2023","2023","Suicide","2","Firearm","GRINJ-006",18,238852,7.5,4.5,11.9
,"New Hanover County, NC","37129","2023","2023","Homicide","3","Firearm","GRINJ-006",10,238852,4.2,2.0,7.7
,"Onslow County, NC","37133","2023","2023","Unintentional","1","Fall","GRINJ-003",20,213676,9.4,5.7,14.5
,"Onslow County, NC","37133","2023","2023","Unintentional","1","Motor Vehicle Traffic","GRINJ-008",32,213676,15.0,10.2,21.1
,"Onslow County, NC","37133","2023","2023","Unintentional","1","Poisoning","GRINJ-015",55,213676,25.7,19.4,33.5
,"Onslow County, NC","37133","2023","2023","Suicide","2","Firearm","GRINJ-006",27,213676,12.6,8.3,18.4
,"Orange County, NC","37135","2023","2023","Unintentional","1","Fall","GRINJ-003",16,150626,10.6,6.1,17.3
,"Orange County, NC","37135","2023","2023","Unintentional","1","Motor Vehicle Traffic","GRINJ-008",17,150626,11.3,6.6,18.1
,"Orange County, NC","37135","2023","2023","Unintentional","1","Poisoning","GRINJ-015",19,150626,12.6,7.6,19.7
,"Pasquotank County, NC","37139","2023","2023","Unintentional","1","Poisoning","GRINJ-015",18,41444,43.4,25.7,68.6
,"Pender County, NC","37141","2023","2023","Unintentional","1","Fall","GRINJ-003",16,68521,23.4,13.3,37.9
,"Pender County, NC","37141","2023","2023","Unintentional","1","Motor Vehicle Traffic","GRINJ-008",16,68521,23.4,13.3,37.9
,"Pender County, NC","37141","2023","2023","Unintentional","1","Poisoning","GRINJ-015",10,68521,14.6,7.0,26.8
,"Person County, NC","37145","2023","2023","Unintentional","1","Motor Vehicle Traffic","GRINJ-008",11,39737,27.7,13.8,49.5
,"Person County, NC","37145","2023","2023","Unintentional","1","Poisoning","GRINJ-015",13,39737,32.7,17.4,55.9
,"Pitt County, NC","37147","2023","2023","Unintentional","1","Fall","GRINJ-003",37,175119,21.1,14.9,29.1
,"Pitt County, NC","37147","2023","2023","Unintentional","1","Motor Vehicle Traffic","GRINJ-008",32,175119,18.3,12.5,25.8
,"Pitt County, NC","37147","2023","2023","Unintentional","1","Poisoning","GRINJ-015",65,175119,37.1,28.6,47.3
,"Pitt County, NC","37147","2023","2023","Suicide","2","Firearm","GRINJ-006",16,175119,9.1,5.2,14.8
,"Pitt County, NC","37147","2023","2023","Homicide","3","Firearm","GRINJ-006",12,175119,6.9,3.5,12.0
,"Randolph County, NC","37151","2023","2023","Unintentional","1","Fall","GRINJ-003",46,147458,31.2,22.8,41.6
,"Randolph County, NC","37151","2023","2023","Unintentional","1","Motor Vehicle Traffic","GRINJ-008",28,147458,19.0,12.6,27.4
,"Randolph County, NC","37151","2023","2023","Unintentional","1","Poisoning","GRINJ-015",72,147458,48.8,38.2,61.5
,"Randolph County, NC","37151","2023","2023","Suicide","2","Firearm","GRINJ-006",19,147458,12.9,7.8,20.1
,"Richmond County, NC","37153","2023","2023","Unintentional","1","Poisoning","GRINJ-015",28,42324,66.2,44.0,95.6
,"Richmond County, NC","37153","2023","2023","Homicide","3","Firearm","GRINJ-006",10,42324,23.6,11.3,43.5
,"Robeson County, NC","37155","2023","2023","Unintentional","1","Fall","GRINJ-003",16,117365,13.6,7.8,22.1
,"Robeson County, NC","37155","2023","2023","Unintentional","1","Motor Vehicle Traffic","GRINJ-008",66,117365,56.2,43.5,71.5
,"Robeson County, NC","37155","2023","2023","Unintentional","1","Poisoning","GRINJ-015",78,117365,66.5,52.5,82.9
,"Robeson County, NC","37155","2023","2023","Suicide","2","Firearm","GRINJ-006",10,117365,8.5,4.1,15.7
,"Robeson County, NC","37155","2023","2023","Homicide","3","Firearm","GRINJ-006",43,117365,36.6,26.5,49.4
,"Rockingham County, NC","37157","2023","2023","Unintentional","1","Fall","GRINJ-003",23,92518,24.9,15.8,37.3
,"Rockingham County, NC","37157","2023","2023","Unintentional","1","Motor Vehicle Traffic","GRINJ-008",12,92518,13.0,6.7,22.7
,"Rockingham County, NC","37157","2023","2023","Unintentional","1","Poisoning","GRINJ-015",43,92518,46.5,33.6,62.6
,"Rockingham County, NC","37157","2023","2023","Homicide","3","Firearm","GRINJ-006",11,92518,11.9,5.9,21.3
,"Rowan County, NC","37159","2023","2023","Unintentional","1","Fall","GRINJ-003",34,151661,22.4,15.5,31.3
,"Rowan County, NC","37159","2023","2023","Unintentional","1","Motor Vehicle Traffic","GRINJ-008",30,151661,19.8,13.3,28.2
,"Rowan County, NC","37159","2023","2023","Unintentional","1","Poisoning","GRINJ-015",80,151661,52.7,41.8,65.7
,"Rowan County, NC","37159","2023","2023","Suicide","2","Firearm","GRINJ-006",19,151661,12.5,7.5,19.6
,"Rutherford County, NC","37161","2023","2023","Unintentional","1","Fall","GRINJ-003",10,65507,15.3,7.3,28.1
,"Rutherford County, NC","37161","2023","2023","Unintentional","1","Motor Vehicle Traffic","GRINJ-008",20,65507,30.5,18.6,47.2
,"Rutherford County, NC","37161","2023","2023","Unintentional","1","Poisoning","GRINJ-015",36,65507,55.0,38.5,76.1
,"Sampson County, NC","37163","2023","2023","Unintentional","1","Motor Vehicle Traffic","GRINJ-008",22,59601,36.9,23.1,55.9
,"Sampson County, NC","37163","2023","2023","Unintentional","1","Poisoning","GRINJ-015",17,59601,28.5,16.6,45.7
,"Sampson County, NC","37163","2023","2023","Homicide","3","Firearm","GRINJ-006",11,59601,18.5,9.2,33.0
,"Scotland County, NC","37165","2023","2023","Unintentional","1","Motor Vehicle Traffic","GRINJ-008",14,34376,40.7,22.3,68.3
,"Scotland County, NC","37165","2023","2023","Unintentional","1","Poisoning","GRINJ-015",15,34376,43.6,24.4,72.0
,"Stanly County, NC","37167","2023","2023","Unintentional","1","Fall","GRINJ-003",12,65699,18.3,9.4,31.9
,"Stanly County, NC","37167","2023","2023","Unintentional","1","Motor Vehicle Traffic","GRINJ-008",17,65699,25.9,15.1,41.4
,"Stanly County, NC","37167","2023","2023","Unintentional","1","Poisoning","GRINJ-015",23,65699,35.0,22.2,52.5
,"Stanly County, NC","37167","2023","2023","Suicide","2","Firearm","GRINJ-006",10,65699,15.2,7.3,28.0
,"Stokes County, NC","37169","2023","2023","Unintentional","1","Fall","GRINJ-003",11,45532,24.2,12.1,43.2
,"Stokes County, NC","37169","2023","2023","Unintentional","1","Motor Vehicle Traffic","GRINJ-008",13,45532,28.6,15.2,48.8
,"Stokes County, NC","37169","2023","2023","Unintentional","1","Poisoning","GRINJ-015",22,45532,48.3,30.3,73.2
,"Surry County, NC","37171","2023","2023","Unintentional","1","Fall","GRINJ-003",23,71462,32.2,20.4,48.3
,"Surry County, NC","37171","2023","2023","Unintentional","1","Motor Vehicle Traffic","GRINJ-008",16,71462,22.4,12.8,36.4
,"Surry County, NC","37171","2023","2023","Unintentional","1","Poisoning","GRINJ-015",32,71462,44.8,30.6,63.2
,"Transylvania County, NC","37175","2023","2023","Unintentional","1","Fall","GRINJ-003",18,33549,53.7,31.8,84.8
,"Union County, NC","37179","2023","2023","Unintentional","1","Fall","GRINJ-003",30,256452,11.7,7.9,16.7
,"Union County, NC","37179","2023","2023","Unintentional","1","Motor Vehicle Traffic","GRINJ-008",29,256452,11.3,7.6,16.2
,"Union County, NC","37179","2023","2023","Unintentional","1","Poisoning","GRINJ-015",50,256452,19.5,14.5,25.7
,"Union County, NC","37179","2023","2023","Suicide","2","Firearm","GRINJ-006",17,256452,6.6,3.9,10.6
,"Union County, NC","37179","2023","2023","Homicide","3","Firearm","GRINJ-006",11,256452,4.3,2.1,7.7
,"Vance County, NC","37181","2023","2023","Unintentional","1","Fall","GRINJ-003",10,42301,23.6,11.3,43.5
,"Vance County, NC","37181","2023","2023","Unintentional","1","Motor Vehicle Traffic","GRINJ-008",10,42301,23.6,11.3,43.5
,"Vance County, NC","37181","2023","2023","Unintentional","1","Poisoning","GRINJ-015",20,42301,47.3,28.9,73.0
,"Vance County, NC","37181","2023","2023","Homicide","3","Firearm","GRINJ-006",10,42301,23.6,11.3,43.5
,"Wake County, NC","37183","2023","2023","Unintentional","1","Fall","GRINJ-003",189,1190275,15.9,13.6,18.1
,"Wake County, NC","37183","2023","2023","Unintentional","1","Motor Vehicle Traffic","GRINJ-008",101,1190275,8.5,6.8,10.1
,"Wake County, NC","37183","2023","2023","Unintentional","1","Poisoning","GRINJ-015",177,1190275,14.9,12.7,17.1
,"Wake County, NC","37183","2023","2023","Unintentional","1","Suffocation","GRINJ-017",10,1190275,0.8,0.4,1.5
,"Wake County, NC","37183","2023","2023","Suicide","2","Firearm","GRINJ-006",64,1190275,5.4,4.1,6.9
,"Wake County, NC","37183","2023","2023","Suicide","2","Poisoning","GRINJ-015",20,1190275,1.7,1.0,2.6
,"Wake County, NC","37183","2023","2023","Suicide","2","Suffocation","GRINJ-017",29,1190275,2.4,1.6,3.5
,"Wake County, NC","37183","2023","2023","Homicide","3","Firearm","GRINJ-006",43,1190275,3.6,2.6,4.9
,"Wayne County, NC","37191","2023","2023","Unintentional","1","Fall","GRINJ-003",38,118686,32.0,22.7,43.9
,"Wayne County, NC","37191","2023","2023","Unintentional","1","Motor Vehicle Traffic","GRINJ-008",31,118686,26.1,17.7,37.1
,"Wayne County, NC","37191","2023","2023","Unintentional","1","Poisoning","GRINJ-015",27,118686,22.7,15.0,33.1
,"Wayne County, NC","37191","2023","2023","Suicide","2","Firearm","GRINJ-006",15,118686,12.6,7.1,20.8
,"Wayne County, NC","37191","2023","2023","Homicide","3","Firearm","GRINJ-006",15,118686,12.6,7.1,20.8
,"Wilkes County, NC","37193","2023","2023","Unintentional","1","Fall","GRINJ-003",16,66013,24.2,13.9,39.4
,"Wilkes County, NC","37193","2023","2023","Unintentional","1","Motor Vehicle Traffic","GRINJ-008",16,66013,24.2,13.9,39.4
,"Wilkes County, NC","37193","2023","2023","Unintentional","1","Poisoning","GRINJ-015",23,66013,34.8,22.1,52.3
,"Wilson County, NC","37195","2023","2023","Unintentional","1","Fall","GRINJ-003",11,78970,13.9,7.0,24.9
,"Wilson County, NC","37195","2023","2023","Unintentional","1","Motor Vehicle Traffic","GRINJ-008",26,78970,32.9,21.5,48.2
,"Wilson County, NC","37195","2023","2023","Unintentional","1","Poisoning","GRINJ-015",42,78970,53.2,38.3,71.9
,"Yadkin County, NC","37197","2023","2023","Unintentional","1","Motor Vehicle Traffic","GRINJ-008",11,37774,29.1,14.5,52.1
,"Yadkin County, NC","37197","2023","2023","Unintentional","1","Poisoning","GRINJ-015",19,37774,50.3,30.3,78.5
,"Burleigh County, ND","38015","2023","2023","Unintentional","1","Poisoning","GRINJ-015",17,100012,17.0,9.9,27.2
,"Burleigh County, ND","38015","2023","2023","Suicide","2","Firearm","GRINJ-006",10,100012,10.0,4.8,18.4
,"Cass County, ND","38017","2023","2023","Unintentional","1","Fall","GRINJ-003",46,196362,23.4,17.2,31.2
,"Cass County, ND","38017","2023","2023","Unintentional","1","Motor Vehicle Traffic","GRINJ-008",14,196362,7.1,3.9,12.0
,"Cass County, ND","38017","2023","2023","Unintentional","1","Poisoning","GRINJ-015",34,196362,17.3,12.0,24.2
,"Cass County, ND","38017","2023","2023","Suicide","2","Firearm","GRINJ-006",10,196362,5.1,2.4,9.4
,"McKenzie County, ND","38053","2023","2023","Unintentional","1","Poisoning","GRINJ-015",14,14252,98.2,53.7,164.8
,"Adams County, OH","39001","2023","2023","Unintentional","1","Poisoning","GRINJ-015",17,27521,61.8,36.0,98.9
,"Allen County, OH","39003","2023","2023","Unintentional","1","Fall","GRINJ-003",16,100838,15.9,9.1,25.8
,"Allen County, OH","39003","2023","2023","Unintentional","1","Poisoning","GRINJ-015",31,100838,30.7,20.9,43.6
,"Allen County, OH","39003","2023","2023","Suicide","2","Firearm","GRINJ-006",12,100838,11.9,6.1,20.8
,"Ashland County, OH","39005","2023","2023","Unintentional","1","Fall","GRINJ-003",15,52190,28.7,16.1,47.4
,"Ashland County, OH","39005","2023","2023","Unintentional","1","Poisoning","GRINJ-015",11,52190,21.1,10.5,37.7
,"Ashtabula County, OH","39007","2023","2023","Unintentional","1","Fall","GRINJ-003",23,96845,23.7,15.1,35.6
,"Ashtabula County, OH","39007","2023","2023","Unintentional","1","Motor Vehicle Traffic","GRINJ-008",24,96845,24.8,15.9,36.9
,"Ashtabula County, OH","39007","2023","2023","Unintentional","1","Poisoning","GRINJ-015",43,96845,44.4,32.1,59.8
,"Ashtabula County, OH","39007","2023","2023","Suicide","2","Firearm","GRINJ-006",16,96845,16.5,9.4,26.8
,"Athens County, OH","39009","2023","2023","Unintentional","1","Fall","GRINJ-003",12,62706,19.1,9.9,33.4
,"Athens County, OH","39009","2023","2023","Unintentional","1","Poisoning","GRINJ-015",21,62706,33.5,20.7,51.2
,"Belmont County, OH","39013","2023","2023","Unintentional","1","Poisoning","GRINJ-015",27,64918,41.6,27.4,60.5
,"Brown County, OH","39015","2023","2023","Unintentional","1","Poisoning","GRINJ-015",25,43777,57.1,37.0,84.3
,"Butler County, OH","39017","2023","2023","Unintentional","1","Fall","GRINJ-003",36,393043,9.2,6.4,12.7
,"Butler County, OH","39017","2023","2023","Unintentional","1","Motor Vehicle Traffic","GRINJ-008",37,393043,9.4,6.6,13.0
,"Butler County, OH","39017","2023","2023","Unintentional","1","Poisoning","GRINJ-015",148,393043,37.7,31.6,43.7
,"Butler County, OH","39017","2023","2023","Suicide","2","Firearm","GRINJ-006",37,393043,9.4,6.6,13.0
,"Butler County, OH","39017","2023","2023","Suicide","2","Suffocation","GRINJ-017",13,393043,3.3,1.8,5.7
,"Champaign County, OH","39021","2023","2023","Unintentional","1","Fall","GRINJ-003",11,38845,28.3,14.1,50.7
,"Clark County, OH","39023","2023","2023","Unintentional","1","Fall","GRINJ-003",26,134610,19.3,12.6,28.3
,"Clark County, OH","39023","2023","2023","Unintentional","1","Motor Vehicle Traffic","GRINJ-008",21,134610,15.6,9.7,23.8
,"Clark County, OH","39023","2023","2023","Unintentional","1","Poisoning","GRINJ-015",57,134610,42.3,32.1,54.9
,"Clark County, OH","39023","2023","2023","Suicide","2","Firearm","GRINJ-006",11,134610,8.2,4.1,14.6
,"Clark County, OH","39023","2023","2023","Homicide","3","Firearm","GRINJ-006",11,134610,8.2,4.1,14.6
,"Clermont County, OH","39025","2023","2023","Unintentional","1","Fall","GRINJ-003",15,211972,7.1,4.0,11.7
,"Clermont County, OH","39025","2023","2023","Unintentional","1","Motor Vehicle Traffic","GRINJ-008",26,211972,12.3,8.0,18.0
,"Clermont County, OH","39025","2023","2023","Unintentional","1","Poisoning","GRINJ-015",60,211972,28.3,21.6,36.4
,"Clermont County, OH","39025","2023","2023","Suicide","2","Firearm","GRINJ-006",20,211972,9.4,5.8,14.6
,"Clinton County, OH","39027","2023","2023","Unintentional","1","Poisoning","GRINJ-015",19,41938,45.3,27.3,70.7
,"Columbiana County, OH","39029","2023","2023","Unintentional","1","Fall","GRINJ-003",22,100182,22.0,13.8,33.2
,"Columbiana County, OH","39029","2023","2023","Unintentional","1","Motor Vehicle Traffic","GRINJ-008",15,100182,15.0,8.4,24.7
,"Columbiana County, OH","39029","2023","2023","Unintentional","1","Poisoning","GRINJ-015",42,100182,41.9,30.2,56.7
,"Coshocton County, OH","39031","2023","2023","Unintentional","1","Poisoning","GRINJ-015",12,36869,32.5,16.8,56.9
,"Crawford County, OH","39033","2023","2023","Unintentional","1","Fall","GRINJ-003",11,41529,26.5,13.2,47.4
,"Crawford County, OH","39033","2023","2023","Unintentional","1","Poisoning","GRINJ-015",14,41529,33.7,18.4,56.6
,"Cuyahoga County, OH","39035","2023","2023","Unintentional","1","Fall","GRINJ-003",214,1233088,17.4,15.0,19.7
,"Cuyahoga County, OH","39035","2023","2023","Unintentional","1","Fire/Flame","GRINJ-004",13,1233088,1.1,0.6,1.8
,"Cuyahoga County, OH","39035","2023","2023","Unintentional","1","Motor Vehicle Traffic","GRINJ-008",104,1233088,8.4,6.8,10.1
,"Cuyahoga County, OH","39035","2023","2023","Unintentional","1","Natural/Environmental","GRINJ-013",12,1233088,1.0,0.5,1.7
,"Cuyahoga County, OH","39035","2023","2023","Unintentional","1","Poisoning","GRINJ-015",571,1233088,46.3,42.5,50.1
,"Cuyahoga County, OH","39035","2023","2023","Unintentional","1","Suffocation","GRINJ-017",57,1233088,4.6,3.5,6.0
,"Cuyahoga County, OH","39035","2023","2023","Unintentional","1","Other specified, not elsewhere classified Injury","GRINJ-019",19,1233088,1.5,0.9,2.4
,"Cuyahoga County, OH","39035","2023","2023","Unintentional","1","Unspecified Injury","GRINJ-020",26,1233088,2.1,1.4,3.1
,"Cuyahoga County, OH","39035","2023","2023","Suicide","2","Firearm","GRINJ-006",102,1233088,8.3,6.7,9.9
,"Cuyahoga County, OH","39035","2023","2023","Suicide","2","Poisoning","GRINJ-015",22,1233088,1.8,1.1,2.7
,"Cuyahoga County, OH","39035","2023","2023","Suicide","2","Suffocation","GRINJ-017",49,1233088,4.0,2.9,5.3
,"Cuyahoga County, OH","39035","2023","2023","Homicide","3","Firearm","GRINJ-006",185,1233088,15.0,12.8,17.2
,"Cuyahoga County, OH","39035","2023","2023","Homicide","3","Unspecified Injury","GRINJ-020",10,1233088,0.8,0.4,1.5
,"Darke County, OH","39037","2023","2023","Unintentional","1","Motor Vehicle Traffic","GRINJ-008",10,51415,19.4,9.3,35.8
,"Defiance County, OH","39039","2023","2023","Unintentional","1","Fall","GRINJ-003",15,38315,39.1,21.9,64.6
,"Delaware County, OH","39041","2023","2023","Unintentional","1","Fall","GRINJ-003",45,231636,19.4,14.2,26.0
,"Delaware County, OH","39041","2023","2023","Unintentional","1","Motor Vehicle Traffic","GRINJ-008",21,231636,9.1,5.6,13.9
,"Delaware County, OH","39041","2023","2023","Unintentional","1","Poisoning","GRINJ-015",23,231636,9.9,6.3,14.9
,"Delaware County, OH","39041","2023","2023","Suicide","2","Firearm","GRINJ-006",12,231636,5.2,2.7,9.0
,"Erie County, OH","39043","2023","2023","Unintentional","1","Poisoning","GRINJ-015",23,74035,31.1,19.7,46.6
,"Fairfield County, OH","39045","2023","2023","Unintentional","1","Fall","GRINJ-003",31,165360,18.7,12.7,26.6
,"Fairfield County, OH","39045","2023","2023","Unintentional","1","Motor Vehicle Traffic","GRINJ-008",19,165360,11.5,6.9,17.9
,"Fairfield County, OH","39045","2023","2023","Unintentional","1","Poisoning","GRINJ-015",53,165360,32.1,24.0,41.9
,"Fairfield County, OH","39045","2023","2023","Suicide","2","Firearm","GRINJ-006",16,165360,9.7,5.5,15.7
,"Franklin County, OH","39049","2023","2023","Unintentional","1","Drowning","GRINJ-002",10,1326063,0.8,0.4,1.4
,"Franklin County, OH","39049","2023","2023","Unintentional","1","Fall","GRINJ-003",269,1326063,20.3,17.9,22.7
,"Franklin County, OH","39049","2023","2023","Unintentional","1","Fire/Flame","GRINJ-004",10,1326063,0.8,0.4,1.4
,"Franklin County, OH","39049","2023","2023","Unintentional","1","Motor Vehicle Traffic","GRINJ-008",139,1326063,10.5,8.7,12.2
,"Franklin County, OH","39049","2023","2023","Unintentional","1","Poisoning","GRINJ-015",723,1326063,54.5,50.5,58.5
,"Franklin County, OH","39049","2023","2023","Unintentional","1","Suffocation","GRINJ-017",29,1326063,2.2,1.5,3.1
,"Franklin County, OH","39049","2023","2023","Unintentional","1","Other specified, classifiable Injury","GRINJ-018",10,1326063,0.8,0.4,1.4
,"Franklin County, OH","39049","2023","2023","Unintentional","1","Other specified, not elsewhere classified Injury","GRINJ-019",15,1326063,1.1,0.6,1.9
,"Franklin County, OH","39049","2023","2023","Unintentional","1","Unspecified Injury","GRINJ-020",16,1326063,1.2,0.7,2.0
,"Franklin County, OH","39049","2023","2023","Suicide","2","Firearm","GRINJ-006",106,1326063,8.0,6.5,9.5
,"Franklin County, OH","39049","2023","2023","Suicide","2","Poisoning","GRINJ-015",34,1326063,2.6,1.8,3.6
,"Franklin County, OH","39049","2023","2023","Suicide","2","Suffocation","GRINJ-017",30,1326063,2.3,1.5,3.2
,"Franklin County, OH","39049","2023","2023","Homicide","3","Firearm","GRINJ-006",131,1326063,9.9,8.2,11.6
,"Fulton County, OH","39051","2023","2023","Unintentional","1","Poisoning","GRINJ-015",11,42007,26.2,13.1,46.9
,"Gallia County, OH","39053","2023","2023","Unintentional","1","Poisoning","GRINJ-015",16,28986,55.2,31.6,89.6
,"Geauga County, OH","39055","2023","2023","Unintentional","1","Fall","GRINJ-003",16,95407,16.8,9.6,27.2
,"Geauga County, OH","39055","2023","2023","Unintentional","1","Poisoning","GRINJ-015",13,95407,13.6,7.3,23.3
,"Greene County, OH","39057","2023","2023","Unintentional","1","Fall","GRINJ-003",43,169691,25.3,18.3,34.1
,"Greene County, OH","39057","2023","2023","Unintentional","1","Motor Vehicle Traffic","GRINJ-008",15,169691,8.8,4.9,14.6
,"Greene County, OH","39057","2023","2023","Unintentional","1","Poisoning","GRINJ-015",45,169691,26.5,19.3,35.5
,"Greene County, OH","39057","2023","2023","Suicide","2","Firearm","GRINJ-006",12,169691,7.1,3.7,12.4
,"Guernsey County, OH","39059","2023","2023","Unintentional","1","Poisoning","GRINJ-015",15,38089,39.4,22.0,65.0
,"Hamilton County, OH","39061","2023","2023","Unintentional","1","Drowning","GRINJ-002",11,827058,1.3,0.7,2.4
,"Hamilton County, OH","39061","2023","2023","Unintentional","1","Fall","GRINJ-003",64,827058,7.7,6.0,9.9
,"Hamilton County, OH","39061","2023","2023","Unintentional","1","Motor Vehicle Traffic","GRINJ-008",91,827058,11.0,8.9,13.5
,"Hamilton County, OH","39061","2023","2023","Unintentional","1","Poisoning","GRINJ-015",323,827058,39.1,34.8,43.3
,"Hamilton County, OH","39061","2023","2023","Unintentional","1","Suffocation","GRINJ-017",16,827058,1.9,1.1,3.1
,"Hamilton County, OH","39061","2023","2023","Unintentional","1","Unspecified Injury","GRINJ-020",19,827058,2.3,1.4,3.6
,"Hamilton County, OH","39061","2023","2023","Suicide","2","Firearm","GRINJ-006",52,827058,6.3,4.7,8.2
,"Hamilton County, OH","39061","2023","2023","Suicide","2","Poisoning","GRINJ-015",18,827058,2.2,1.3,3.4
,"Hamilton County, OH","39061","2023","2023","Suicide","2","Suffocation","GRINJ-017",23,827058,2.8,1.8,4.2
,"Hamilton County, OH","39061","2023","2023","Homicide","3","Firearm","GRINJ-006",73,827058,8.8,6.9,11.1
,"Hancock County, OH","39063","2023","2023","Unintentional","1","Motor Vehicle Traffic","GRINJ-008",10,74704,13.4,6.4,24.6
,"Hancock County, OH","39063","2023","2023","Unintentional","1","Poisoning","GRINJ-015",19,74704,25.4,15.3,39.7
,"Highland County, OH","39071","2023","2023","Unintentional","1","Motor Vehicle Traffic","GRINJ-008",11,43614,25.2,12.6,45.1
,"Hocking County, OH","39073","2023","2023","Unintentional","1","Poisoning","GRINJ-015",17,27540,61.7,36.0,98.8
,"Holmes County, OH","39075","2023","2023","Unintentional","1","Fall","GRINJ-003",11,44386,24.8,12.4,44.3
,"Huron County, OH","39077","2023","2023","Unintentional","1","Motor Vehicle Traffic","GRINJ-008",10,58199,17.2,8.2,31.6
,"Huron County, OH","39077","2023","2023","Unintentional","1","Poisoning","GRINJ-015",17,58199,29.2,17.0,46.8
,"Jackson County, OH","39079","2023","2023","Unintentional","1","Poisoning","GRINJ-015",21,32606,64.4,39.9,98.5
,"Jefferson County, OH","39081","2023","2023","Unintentional","1","Poisoning","GRINJ-015",32,64026,50.0,34.2,70.6
,"Jefferson County, OH","39081","2023","2023","Suicide","2","Firearm","GRINJ-006",14,64026,21.9,12.0,36.7
,"Knox County, OH","39083","2023","2023","Unintentional","1","Fall","GRINJ-003",10,63320,15.8,7.6,29.0
,"Knox County, OH","39083","2023","2023","Unintentional","1","Poisoning","GRINJ-015",13,63320,20.5,10.9,35.1
,"Lake County, OH","39085","2023","2023","Unintentional","1","Fall","GRINJ-003",62,231640,26.8,20.5,34.3
,"Lake County, OH","39085","2023","2023","Unintentional","1","Motor Vehicle Traffic","GRINJ-008",10,231640,4.3,2.1,7.9
,"Lake County, OH","39085","2023","2023","Unintentional","1","Poisoning","GRINJ-015",57,231640,24.6,18.6,31.9
,"Lake County, OH","39085","2023","2023","Suicide","2","Firearm","GRINJ-006",28,231640,12.1,8.0,17.5
,"Lawrence County, OH","39087","2023","2023","Unintentional","1","Poisoning","GRINJ-015",37,56118,65.9,46.4,90.9
,"Licking County, OH","39089","2023","2023","Unintentional","1","Fall","GRINJ-003",49,183201,26.7,19.8,35.4
,"Licking County, OH","39089","2023","2023","Unintentional","1","Motor Vehicle Traffic","GRINJ-008",27,183201,14.7,9.7,21.4
,"Licking County, OH","39089","2023","2023","Unintentional","1","Poisoning","GRINJ-015",43,183201,23.5,17.0,31.6
,"Licking County, OH","39089","2023","2023","Suicide","2","Firearm","GRINJ-006",11,183201,6.0,3.0,10.7
,"Logan County, OH","39091","2023","2023","Unintentional","1","Fall","GRINJ-003",13,46057,28.2,15.0,48.3
,"Lorain County, OH","39093","2023","2023","Unintentional","1","Fall","GRINJ-003",101,317910,31.8,25.6,38.0
,"Lorain County, OH","39093","2023","2023","Unintentional","1","Motor Vehicle Traffic","GRINJ-008",26,317910,8.2,5.3,12.0
,"Lorain County, OH","39093","2023","2023","Unintentional","1","Poisoning","GRINJ-015",125,317910,39.3,32.4,46.2
,"Lorain County, OH","39093","2023","2023","Unintentional","1","Suffocation","GRINJ-017",12,317910,3.8,2.0,6.6
,"Lorain County, OH","39093","2023","2023","Suicide","2","Firearm","GRINJ-006",26,317910,8.2,5.3,12.0
,"Lorain County, OH","39093","2023","2023","Suicide","2","Suffocation","GRINJ-017",16,317910,5.0,2.9,8.2
,"Lorain County, OH","39093","2023","2023","Homicide","3","Firearm","GRINJ-006",14,317910,4.4,2.4,7.4
,"Lucas County, OH","39095","2023","2023","Unintentional","1","Fall","GRINJ-003",116,425484,27.3,22.3,32.2
,"Lucas County, OH","39095","2023","2023","Unintentional","1","Motor Vehicle Traffic","GRINJ-008",59,425484,13.9,10.6,17.9
,"Lucas County, OH","39095","2023","2023","Unintentional","1","Poisoning","GRINJ-015",233,425484,54.8,47.7,61.8
,"Lucas County, OH","39095","2023","2023","Unintentional","1","Suffocation","GRINJ-017",17,425484,4.0,2.3,6.4
,"Lucas County, OH","39095","2023","2023","Suicide","2","Firearm","GRINJ-006",29,425484,6.8,4.6,9.8
,"Lucas County, OH","39095","2023","2023","Suicide","2","Suffocation","GRINJ-017",12,425484,2.8,1.5,4.9
,"Lucas County, OH","39095","2023","2023","Homicide","3","Firearm","GRINJ-006",33,425484,7.8,5.3,10.9
,"Madison County, OH","39097","2023","2023","Unintentional","1","Fall","GRINJ-003",10,44602,22.4,10.8,41.2
,"Madison County, OH","39097","2023","2023","Unintentional","1","Motor Vehicle Traffic","GRINJ-008",10,44602,22.4,10.8,41.2
,"Madison County, OH","39097","2023","2023","Unintentional","1","Poisoning","GRINJ-015",11,44602,24.7,12.3,44.1
,"Mahoning County, OH","39099","2023","2023","Unintentional","1","Fall","GRINJ-003",48,225596,21.3,15.7,28.2
,"Mahoning County, OH","39099","2023","2023","Unintentional","1","Motor Vehicle Traffic","GRINJ-008",25,225596,11.1,7.2,16.4
,"Mahoning County, OH","39099","2023","2023","Unintentional","1","Poisoning","GRINJ-015",146,225596,64.7,54.2,75.2
,"Mahoning County, OH","39099","2023","2023","Suicide","2","Firearm","GRINJ-006",20,225596,8.9,5.4,13.7
,"Mahoning County, OH","39099","2023","2023","Suicide","2","Poisoning","GRINJ-015",12,225596,5.3,2.7,9.3
,"Mahoning County, OH","39099","2023","2023","Homicide","3","Firearm","GRINJ-006",28,225596,12.4,8.2,17.9
,"Marion County, OH","39101","2023","2023","Unintentional","1","Fall","GRINJ-003",12,64851,18.5,9.6,32.3
,"Marion County, OH","39101","2023","2023","Unintentional","1","Motor Vehicle Traffic","GRINJ-008",13,64851,20.0,10.7,34.3
,"Marion County, OH","39101","2023","2023","Unintentional","1","Poisoning","GRINJ-015",44,64851,67.8,49.3,91.1
,"Medina County, OH","39103","2023","2023","Unintentional","1","Fall","GRINJ-003",40,184042,21.7,15.5,29.6
,"Medina County, OH","39103","2023","2023","Unintentional","1","Motor Vehicle Traffic","GRINJ-008",16,184042,8.7,5.0,14.1
,"Medina County, OH","39103","2023","2023","Unintentional","1","Poisoning","GRINJ-015",29,184042,15.8,10.6,22.6
,"Meigs County, OH","39105","2023","2023","Unintentional","1","Poisoning","GRINJ-015",13,21767,59.7,31.8,102.1
,"Miami County, OH","39109","2023","2023","Unintentional","1","Fall","GRINJ-003",13,110876,11.7,6.2,20.0
,"Miami County, OH","39109","2023","2023","Unintentional","1","Motor Vehicle Traffic","GRINJ-008",16,110876,14.4,8.2,23.4
,"Miami County, OH","39109","2023","2023","Unintentional","1","Poisoning","GRINJ-015",26,110876,23.4,15.3,34.4
,"Miami County, OH","39109","2023","2023","Suicide","2","Firearm","GRINJ-006",15,110876,13.5,7.6,22.3
,"Montgomery County, OH","39113","2023","2023","Unintentional","1","Drowning","GRINJ-002",11,533796,2.1,1.0,3.7
,"Montgomery County, OH","39113","2023","2023","Unintentional","1","Fall","GRINJ-003",143,533796,26.8,22.4,31.2
,"Montgomery County, OH","39113","2023","2023","Unintentional","1","Fire/Flame","GRINJ-004",15,533796,2.8,1.6,4.6
,"Montgomery County, OH","39113","2023","2023","Unintentional","1","Motor Vehicle Traffic","GRINJ-008",72,533796,13.5,10.6,17.0
,"Montgomery County, OH","39113","2023","2023","Unintentional","1","Poisoning","GRINJ-015",279,533796,52.3,46.1,58.4
,"Montgomery County, OH","39113","2023","2023","Unintentional","1","Suffocation","GRINJ-017",21,533796,3.9,2.4,6.0
,"Montgomery County, OH","39113","2023","2023","Unintentional","1","Unspecified Injury","GRINJ-020",11,533796,2.1,1.0,3.7
,"Montgomery County, OH","39113","2023","2023","Suicide","2","Firearm","GRINJ-006",58,533796,10.9,8.3,14.0
,"Montgomery County, OH","39113","2023","2023","Suicide","2","Poisoning","GRINJ-015",15,533796,2.8,1.6,4.6
,"Montgomery County, OH","39113","2023","2023","Suicide","2","Suffocation","GRINJ-017",20,533796,3.7,2.3,5.8
,"Montgomery County, OH","39113","2023","2023","Homicide","3","Firearm","GRINJ-006",49,533796,9.2,6.8,12.1
,"Muskingum County, OH","39119","2023","2023","Unintentional","1","Motor Vehicle Traffic","GRINJ-008",19,86305,22.0,13.3,34.4
,"Muskingum County, OH","39119","2023","2023","Unintentional","1","Poisoning","GRINJ-015",24,86305,27.8,17.8,41.4
,"Muskingum County, OH","39119","2023","2023","Suicide","2","Firearm","GRINJ-006",10,86305,11.6,5.6,21.3
,"Perry County, OH","39127","2023","2023","Unintentional","1","Poisoning","GRINJ-015",16,35551,45.0,25.7,73.1
,"Pickaway County, OH","39129","2023","2023","Unintentional","1","Poisoning","GRINJ-015",20,61086,32.7,20.0,50.6
,"Pike County, OH","39131","2023","2023","Unintentional","1","Poisoning","GRINJ-015",19,27001,70.4,42.4,109.9
,"Portage County, OH","39133","2023","2023","Unintentional","1","Fall","GRINJ-003",29,162665,17.8,11.9,25.6
,"Portage County, OH","39133","2023","2023","Unintentional","1","Motor Vehicle Traffic","GRINJ-008",19,162665,11.7,7.0,18.2
,"Portage County, OH","39133","2023","2023","Unintentional","1","Poisoning","GRINJ-015",31,162665,19.1,12.9,27.1
,"Portage County, OH","39133","2023","2023","Suicide","2","Firearm","GRINJ-006",16,162665,9.8,5.6,16.0
,"Preble County, OH","39135","2023","2023","Unintentional","1","Motor Vehicle Traffic","GRINJ-008",11,40556,27.1,13.5,48.5
,"Preble County, OH","39135","2023","2023","Unintentional","1","Poisoning","GRINJ-015",13,40556,32.1,17.1,54.8
,"Richland County, OH","39139","2023","2023","Unintentional","1","Fall","GRINJ-003",20,125064,16.0,9.8,24.7
,"Richland County, OH","39139","2023","2023","Unintentional","1","Motor Vehicle Traffic","GRINJ-008",22,125064,17.6,11.0,26.6
,"Richland County, OH","39139","2023","2023","Unintentional","1","Poisoning","GRINJ-015",39,125064,31.2,22.2,42.6
,"Richland County, OH","39139","2023","2023","Suicide","2","Firearm","GRINJ-006",16,125064,12.8,7.3,20.8
,"Richland County, OH","39139","2023","2023","Homicide","3","Firearm","GRINJ-006",12,125064,9.6,5.0,16.8
,"Ross County, OH","39141","2023","2023","Unintentional","1","Fall","GRINJ-003",19,76501,24.8,15.0,38.8
,"Ross County, OH","39141","2023","2023","Unintentional","1","Motor Vehicle Traffic","GRINJ-008",11,76501,14.4,7.2,25.7
,"Ross County, OH","39141","2023","2023","Unintentional","1","Poisoning","GRINJ-015",49,76501,64.1,47.4,84.7
,"Ross County, OH","39141","2023","2023","Suicide","2","Firearm","GRINJ-006",11,76501,14.4,7.2,25.7
,"Sandusky County, OH","39143","2023","2023","Unintentional","1","Motor Vehicle Traffic","GRINJ-008",15,58709,25.5,14.3,42.1
,"Sandusky County, OH","39143","2023","2023","Unintentional","1","Poisoning","GRINJ-015",18,58709,30.7,18.2,48.5
,"Scioto County, OH","39145","2023","2023","Unintentional","1","Poisoning","GRINJ-015",83,71969,115.3,91.9,143.0
,"Seneca County, OH","39147","2023","2023","Unintentional","1","Fall","GRINJ-003",10,54527,18.3,8.8,33.7
,"Seneca County, OH","39147","2023","2023","Unintentional","1","Poisoning","GRINJ-015",18,54527,33.0,19.6,52.2
,"Shelby County, OH","39149","2023","2023","Unintentional","1","Poisoning","GRINJ-015",14,47765,29.3,16.0,49.2
,"Stark County, OH","39151","2023","2023","Unintentional","1","Fall","GRINJ-003",62,372716,16.6,12.8,21.3
,"Stark County, OH","39151","2023","2023","Unintentional","1","Motor Vehicle Traffic","GRINJ-008",23,372716,6.2,3.9,9.3
,"Stark County, OH","39151","2023","2023","Unintentional","1","Poisoning","GRINJ-015",166,372716,44.5,37.8,51.3
,"Stark County, OH","39151","2023","2023","Unintentional","1","Suffocation","GRINJ-017",16,372716,4.3,2.5,7.0
,"Stark County, OH","39151","2023","2023","Suicide","2","Firearm","GRINJ-006",27,372716,7.2,4.8,10.5
,"Stark County, OH","39151","2023","2023","Suicide","2","Suffocation","GRINJ-017",13,372716,3.5,1.9,6.0
,"Stark County, OH","39151","2023","2023","Homicide","3","Firearm","GRINJ-006",19,372716,5.1,3.1,8.0
,"Summit County, OH","39153","2023","2023","Unintentional","1","Fall","GRINJ-003",79,535733,14.7,11.7,18.4
,"Summit County, OH","39153","2023","2023","Unintentional","1","Motor Vehicle Traffic","GRINJ-008",56,535733,10.5,7.9,13.6
,"Summit County, OH","39153","2023","2023","Unintentional","1","Poisoning","GRINJ-015",226,535733,42.2,36.7,47.7
,"Summit County, OH","39153","2023","2023","Unintentional","1","Suffocation","GRINJ-017",16,535733,3.0,1.7,4.8
,"Summit County, OH","39153","2023","2023","Suicide","2","Firearm","GRINJ-006",47,535733,8.8,6.4,11.7
,"Summit County, OH","39153","2023","2023","Suicide","2","Suffocation","GRINJ-017",34,535733,6.3,4.4,8.9
,"Summit County, OH","39153","2023","2023","Homicide","3","Firearm","GRINJ-006",31,535733,5.8,3.9,8.2
,"Trumbull County, OH","39155","2023","2023","Unintentional","1","Fall","GRINJ-003",47,200373,23.5,17.2,31.2
,"Trumbull County, OH","39155","2023","2023","Unintentional","1","Motor Vehicle Traffic","GRINJ-008",27,200373,13.5,8.9,19.6
,"Trumbull County, OH","39155","2023","2023","Unintentional","1","Poisoning","GRINJ-015",124,200373,61.9,51.0,72.8
,"Trumbull County, OH","39155","2023","2023","Suicide","2","Firearm","GRINJ-006",18,200373,9.0,5.3,14.2
,"Trumbull County, OH","39155","2023","2023","Suicide","2","Suffocation","GRINJ-017",10,200373,5.0,2.4,9.2
,"Trumbull County, OH","39155","2023","2023","Homicide","3","Firearm","GRINJ-006",10,200373,5.0,2.4,9.2
,"Tuscarawas County, OH","39157","2023","2023","Unintentional","1","Motor Vehicle Traffic","GRINJ-008",10,91874,10.9,5.2,20.0
,"Tuscarawas County, OH","39157","2023","2023","Unintentional","1","Poisoning","GRINJ-015",24,91874,26.1,16.7,38.9
,"Tuscarawas County, OH","39157","2023","2023","Suicide","2","Firearm","GRINJ-006",12,91874,13.1,6.7,22.8
,"Union County, OH","39159","2023","2023","Unintentional","1","Fall","GRINJ-003",10,69637,14.4,6.9,26.4
,"Vinton County, OH","39163","2023","2023","Unintentional","1","Poisoning","GRINJ-015",10,12474,80.2,38.4,147.4
,"Warren County, OH","39165","2023","2023","Unintentional","1","Fall","GRINJ-003",41,252148,16.3,11.7,22.1
,"Warren County, OH","39165","2023","2023","Unintentional","1","Motor Vehicle Traffic","GRINJ-008",20,252148,7.9,4.8,12.3
,"Warren County, OH","39165","2023","2023","Unintentional","1","Poisoning","GRINJ-015",34,252148,13.5,9.3,18.8
,"Warren County, OH","39165","2023","2023","Suicide","2","Firearm","GRINJ-006",15,252148,5.9,3.3,9.8
,"Washington County, OH","39167","2023","2023","Unintentional","1","Fall","GRINJ-003",18,58577,30.7,18.2,48.6
,"Washington County, OH","39167","2023","2023","Unintentional","1","Motor Vehicle Traffic","GRINJ-008",10,58577,17.1,8.2,31.4
,"Washington County, OH","39167","2023","2023","Unintentional","1","Poisoning","GRINJ-015",18,58577,30.7,18.2,48.6
,"Wayne County, OH","39169","2023","2023","Unintentional","1","Fall","GRINJ-003",30,116510,25.7,17.4,36.8
,"Wayne County, OH","39169","2023","2023","Unintentional","1","Motor Vehicle Traffic","GRINJ-008",20,116510,17.2,10.5,26.5
,"Wayne County, OH","39169","2023","2023","Unintentional","1","Poisoning","GRINJ-015",21,116510,18.0,11.2,27.6
,"Wayne County, OH","39169","2023","2023","Suicide","2","Firearm","GRINJ-006",10,116510,8.6,4.1,15.8
,"Williams County, OH","39171","2023","2023","Unintentional","1","Poisoning","GRINJ-015",11,36591,30.1,15.0,53.8
,"Wood County, OH","39173","2023","2023","Unintentional","1","Fall","GRINJ-003",20,132650,15.1,9.2,23.3
,"Wood County, OH","39173","2023","2023","Unintentional","1","Motor Vehicle Traffic","GRINJ-008",17,132650,12.8,7.5,20.5
,"Wood County, OH","39173","2023","2023","Unintentional","1","Poisoning","GRINJ-015",20,132650,15.1,9.2,23.3
,"Bryan County, OK","40013","2023","2023","Unintentional","1","Poisoning","GRINJ-015",12,48967,24.5,12.7,42.8
,"Caddo County, OK","40015","2023","2023","Unintentional","1","Fall","GRINJ-003",10,26214,38.1,18.3,70.2
,"Canadian County, OK","40017","2023","2023","Unintentional","1","Fall","GRINJ-003",43,175829,24.5,17.7,32.9
,"Canadian County, OK","40017","2023","2023","Unintentional","1","Motor Vehicle Traffic","GRINJ-008",14,175829,8.0,4.4,13.4
,"Canadian County, OK","40017","2023","2023","Unintentional","1","Poisoning","GRINJ-015",34,175829,19.3,13.4,27.0
,"Canadian County, OK","40017","2023","2023","Suicide","2","Firearm","GRINJ-006",16,175829,9.1,5.2,14.8
,"Carter County, OK","40019","2023","2023","Unintentional","1","Fall","GRINJ-003",17,48596,35.0,20.4,56.0
,"Carter County, OK","40019","2023","2023","Unintentional","1","Motor Vehicle Traffic","GRINJ-008",12,48596,24.7,12.8,43.1
,"Carter County, OK","40019","2023","2023","Unintentional","1","Poisoning","GRINJ-015",17,48596,35.0,20.4,56.0
,"Cherokee County, OK","40021","2023","2023","Unintentional","1","Poisoning","GRINJ-015",10,48185,20.8,10.0,38.2
,"Cleveland County, OK","40027","2023","2023","Unintentional","1","Fall","GRINJ-003",65,301193,21.6,16.7,27.5
,"Cleveland County, OK","40027","2023","2023","Unintentional","1","Motor Vehicle Traffic","GRINJ-008",32,301193,10.6,7.3,15.0
,"Cleveland County, OK","40027","2023","2023","Unintentional","1","Poisoning","GRINJ-015",62,301193,20.6,15.8,26.4
,"Cleveland County, OK","40027","2023","2023","Unintentional","1","Other specified, not elsewhere classified Injury","GRINJ-019",15,301193,5.0,2.8,8.2
,"Cleveland County, OK","40027","2023","2023","Suicide","2","Firearm","GRINJ-006",28,301193,9.3,6.2,13.4
,"Cleveland County, OK","40027","2023","2023","Suicide","2","Suffocation","GRINJ-017",14,301193,4.6,2.5,7.8
,"Comanche County, OK","40031","2023","2023","Unintentional","1","Fall","GRINJ-003",19,121574,15.6,9.4,24.4
,"Comanche County, OK","40031","2023","2023","Unintentional","1","Motor Vehicle Traffic","GRINJ-008",19,121574,15.6,9.4,24.4
,"Comanche County, OK","40031","2023","2023","Unintentional","1","Poisoning","GRINJ-015",33,121574,27.1,18.7,38.1
,"Comanche County, OK","40031","2023","2023","Suicide","2","Firearm","GRINJ-006",17,121574,14.0,8.1,22.4
,"Creek County, OK","40037","2023","2023","Unintentional","1","Fall","GRINJ-003",12,73332,16.4,8.5,28.6
,"Creek County, OK","40037","2023","2023","Unintentional","1","Motor Vehicle Traffic","GRINJ-008",15,73332,20.5,11.4,33.7
,"Creek County, OK","40037","2023","2023","Unintentional","1","Poisoning","GRINJ-015",20,73332,27.3,16.7,42.1
,"Creek County, OK","40037","2023","2023","Suicide","2","Firearm","GRINJ-006",10,73332,13.6,6.5,25.1
,"Delaware County, OK","40041","2023","2023","Unintentional","1","Fall","GRINJ-003",15,41703,36.0,20.1,59.3
,"Delaware County, OK","40041","2023","2023","Unintentional","1","Motor Vehicle Traffic","GRINJ-008",15,41703,36.0,20.1,59.3
,"Delaware County, OK","40041","2023","2023","Suicide","2","Firearm","GRINJ-006",20,41703,48.0,29.3,74.1
,"Garfield County, OK","40047","2023","2023","Unintentional","1","Fall","GRINJ-003",19,62023,30.6,18.4,47.8
,"Garfield County, OK","40047","2023","2023","Unintentional","1","Motor Vehicle Traffic","GRINJ-008",13,62023,21.0,11.2,35.8
,"Garfield County, OK","40047","2023","2023","Suicide","2","Firearm","GRINJ-006",10,62023,16.1,7.7,29.7
,"Grady County, OK","40051","2023","2023","Unintentional","1","Fall","GRINJ-003",10,57375,17.4,8.4,32.1
,"Grady County, OK","40051","2023","2023","Unintentional","1","Poisoning","GRINJ-015",18,57375,31.4,18.6,49.6
,"Grady County, OK","40051","2023","2023","Suicide","2","Firearm","GRINJ-006",12,57375,20.9,10.8,36.5
,"Kay County, OK","40071","2023","2023","Unintentional","1","Fall","GRINJ-003",12,43641,27.5,14.2,48.0
,"Kay County, OK","40071","2023","2023","Unintentional","1","Poisoning","GRINJ-015",10,43641,22.9,11.0,42.1
,"Le Flore County, OK","40079","2023","2023","Unintentional","1","Motor Vehicle Traffic","GRINJ-008",13,49596,26.2,14.0,44.8
,"Le Flore County, OK","40079","2023","2023","Unintentional","1","Poisoning","GRINJ-015",10,49596,20.2,9.7,37.1
,"Lincoln County, OK","40081","2023","2023","Unintentional","1","Fall","GRINJ-003",14,34562,40.5,22.1,68.0
,"Lincoln County, OK","40081","2023","2023","Unintentional","1","Motor Vehicle Traffic","GRINJ-008",14,34562,40.5,22.1,68.0
,"Logan County, OK","40083","2023","2023","Unintentional","1","Poisoning","GRINJ-015",15,53029,28.3,15.8,46.7
,"McClain County, OK","40087","2023","2023","Unintentional","1","Fall","GRINJ-003",10,47072,21.2,10.2,39.1
,"McCurtain County, OK","40089","2023","2023","Unintentional","1","Motor Vehicle Traffic","GRINJ-008",13,30660,42.4,22.6,72.5
,"Mayes County, OK","40097","2023","2023","Unintentional","1","Motor Vehicle Traffic","GRINJ-008",10,39889,25.1,12.0,46.1
,"Muskogee County, OK","40101","2023","2023","Unintentional","1","Motor Vehicle Traffic","GRINJ-008",16,66677,24.0,13.7,39.0
,"Muskogee County, OK","40101","2023","2023","Unintentional","1","Poisoning","GRINJ-015",29,66677,43.5,29.1,62.5
,"Muskogee County, OK","40101","2023","2023","Suicide","2","Firearm","GRINJ-006",10,66677,15.0,7.2,27.6
,"Oklahoma County, OK","40109","2023","2023","Unintentional","1","Drowning","GRINJ-002",13,808866,1.6,0.9,2.7
,"Oklahoma County, OK","40109","2023","2023","Unintentional","1","Fall","GRINJ-003",216,808866,26.7,23.1,30.3
,"Oklahoma County, OK","40109","2023","2023","Unintentional","1","Fire/Flame","GRINJ-004",15,808866,1.9,1.0,3.1
,"Oklahoma County, OK","40109","2023","2023","Unintentional","1","Motor Vehicle Traffic","GRINJ-008",117,808866,14.5,11.8,17.1
,"Oklahoma County, OK","40109","2023","2023","Unintentional","1","Poisoning","GRINJ-015",306,808866,37.8,33.6,42.1
,"Oklahoma County, OK","40109","2023","2023","Unintentional","1","Suffocation","GRINJ-017",10,808866,1.2,0.6,2.3
,"Oklahoma County, OK","40109","2023","2023","Unintentional","1","Other specified, classifiable Injury","GRINJ-018",13,808866,1.6,0.9,2.7
,"Oklahoma County, OK","40109","2023","2023","Unintentional","1","Other specified, not elsewhere classified Injury","GRINJ-019",41,808866,5.1,3.6,6.9
,"Oklahoma County, OK","40109","2023","2023","Suicide","2","Firearm","GRINJ-006",102,808866,12.6,10.2,15.1
,"Oklahoma County, OK","40109","2023","2023","Suicide","2","Poisoning","GRINJ-015",18,808866,2.2,1.3,3.5
,"Oklahoma County, OK","40109","2023","2023","Suicide","2","Suffocation","GRINJ-017",38,808866,4.7,3.3,6.4
,"Oklahoma County, OK","40109","2023","2023","Homicide","3","Firearm","GRINJ-006",55,808866,6.8,5.1,8.9
,"Okmulgee County, OK","40111","2023","2023","Unintentional","1","Poisoning","GRINJ-015",16,37035,43.2,24.7,70.2
,"Okmulgee County, OK","40111","2023","2023","Homicide","3","Firearm","GRINJ-006",13,37035,35.1,18.7,60.0
,"Osage County, OK","40113","2023","2023","Unintentional","1","Fall","GRINJ-003",10,46130,21.7,10.4,39.9
,"Osage County, OK","40113","2023","2023","Unintentional","1","Motor Vehicle Traffic","GRINJ-008",11,46130,23.8,11.9,42.7
,"Osage County, OK","40113","2023","2023","Unintentional","1","Poisoning","GRINJ-015",17,46130,36.9,21.5,59.0
,"Ottawa County, OK","40115","2023","2023","Unintentional","1","Poisoning","GRINJ-015",13,30287,42.9,22.9,73.4
,"Pawnee County, OK","40117","2023","2023","Unintentional","1","Poisoning","GRINJ-015",11,15864,69.3,34.6,124.1
,"Payne County, OK","40119","2023","2023","Unintentional","1","Fall","GRINJ-003",20,83352,24.0,14.7,37.1
,"Payne County, OK","40119","2023","2023","Unintentional","1","Motor Vehicle Traffic","GRINJ-008",20,83352,24.0,14.7,37.1
,"Payne County, OK","40119","2023","2023","Unintentional","1","Poisoning","GRINJ-015",18,83352,21.6,12.8,34.1
,"Pittsburg County, OK","40121","2023","2023","Unintentional","1","Fall","GRINJ-003",12,43479,27.6,14.3,48.2
,"Pittsburg County, OK","40121","2023","2023","Unintentional","1","Poisoning","GRINJ-015",21,43479,48.3,29.9,73.8
,"Pontotoc County, OK","40123","2023","2023","Unintentional","1","Fall","GRINJ-003",14,38396,36.5,19.9,61.2
,"Pontotoc County, OK","40123","2023","2023","Unintentional","1","Motor Vehicle Traffic","GRINJ-008",10,38396,26.0,12.5,47.9
,"Pontotoc County, OK","40123","2023","2023","Unintentional","1","Poisoning","GRINJ-015",15,38396,39.1,21.9,64.4
,"Pottawatomie County, OK","40125","2023","2023","Unintentional","1","Fall","GRINJ-003",24,73791,32.5,20.8,48.4
,"Pottawatomie County, OK","40125","2023","2023","Unintentional","1","Motor Vehicle Traffic","GRINJ-008",20,73791,27.1,16.6,41.9
,"Pottawatomie County, OK","40125","2023","2023","Unintentional","1","Poisoning","GRINJ-015",25,73791,33.9,21.9,50.0
,"Pottawatomie County, OK","40125","2023","2023","Suicide","2","Firearm","GRINJ-006",12,73791,16.3,8.4,28.4
,"Rogers County, OK","40131","2023","2023","Unintentional","1","Fall","GRINJ-003",27,100248,26.9,17.7,39.2
,"Rogers County, OK","40131","2023","2023","Unintentional","1","Motor Vehicle Traffic","GRINJ-008",13,100248,13.0,6.9,22.2
,"Rogers County, OK","40131","2023","2023","Unintentional","1","Poisoning","GRINJ-015",21,100248,20.9,13.0,32.0
,"Rogers County, OK","40131","2023","2023","Suicide","2","Firearm","GRINJ-006",15,100248,15.0,8.4,24.7
,"Sequoyah County, OK","40135","2023","2023","Unintentional","1","Motor Vehicle Traffic","GRINJ-008",10,40291,24.8,11.9,45.6
,"Sequoyah County, OK","40135","2023","2023","Unintentional","1","Poisoning","GRINJ-015",10,40291,24.8,11.9,45.6
,"Stephens County, OK","40137","2023","2023","Unintentional","1","Poisoning","GRINJ-015",21,44014,47.7,29.5,72.9
,"Stephens County, OK","40137","2023","2023","Suicide","2","Firearm","GRINJ-006",11,44014,25.0,12.5,44.7
,"Tulsa County, OK","40143","2023","2023","Unintentional","1","Drowning","GRINJ-002",12,682868,1.8,0.9,3.1
,"Tulsa County, OK","40143","2023","2023","Unintentional","1","Fall","GRINJ-003",132,682868,19.3,16.0,22.6
,"Tulsa County, OK","40143","2023","2023","Unintentional","1","Fire/Flame","GRINJ-004",16,682868,2.3,1.3,3.8
,"Tulsa County, OK","40143","2023","2023","Unintentional","1","Motor Vehicle Traffic","GRINJ-008",104,682868,15.2,12.3,18.2
,"Tulsa County, OK","40143","2023","2023","Unintentional","1","Poisoning","GRINJ-015",278,682868,40.7,35.9,45.5
,"Tulsa County, OK","40143","2023","2023","Unintentional","1","Suffocation","GRINJ-017",16,682868,2.3,1.3,3.8
,"Tulsa County, OK","40143","2023","2023","Unintentional","1","Other specified, classifiable Injury","GRINJ-018",11,682868,1.6,0.8,2.9
,"Tulsa County, OK","40143","2023","2023","Unintentional","1","Other specified, not elsewhere classified Injury","GRINJ-019",10,682868,1.5,0.7,2.7
,"Tulsa County, OK","40143","2023","2023","Suicide","2","Firearm","GRINJ-006",98,682868,14.4,11.7,17.5
,"Tulsa County, OK","40143","2023","2023","Suicide","2","Poisoning","GRINJ-015",18,682868,2.6,1.6,4.2
,"Tulsa County, OK","40143","2023","2023","Suicide","2","Suffocation","GRINJ-017",34,682868,5.0,3.4,7.0
,"Tulsa County, OK","40143","2023","2023","Homicide","3","Firearm","GRINJ-006",48,682868,7.0,5.2,9.3
,"Wagoner County, OK","40145","2023","2023","Unintentional","1","Fall","GRINJ-003",11,89280,12.3,6.2,22.0
,"Wagoner County, OK","40145","2023","2023","Unintentional","1","Motor Vehicle Traffic","GRINJ-008",10,89280,11.2,5.4,20.6
,"Wagoner County, OK","40145","2023","2023","Unintentional","1","Poisoning","GRINJ-015",22,89280,24.6,15.4,37.3
,"Wagoner County, OK","40145","2023","2023","Suicide","2","Firearm","GRINJ-006",11,89280,12.3,6.2,22.0
,"Washington County, OK","40147","2023","2023","Unintentional","1","Fall","GRINJ-003",12,53706,22.3,11.5,39.0
,"Washington County, OK","40147","2023","2023","Unintentional","1","Motor Vehicle Traffic","GRINJ-008",10,53706,18.6,8.9,34.2
,"Washington County, OK","40147","2023","2023","Unintentional","1","Poisoning","GRINJ-015",14,53706,26.1,14.3,43.7
,"Benton County, OR","41003","2023","2023","Unintentional","1","Fall","GRINJ-003",18,97713,18.4,10.9,29.1
,"Benton County, OR","41003","2023","2023","Unintentional","1","Poisoning","GRINJ-015",12,97713,12.3,6.3,21.5
,"Benton County, OR","41003","2023","2023","Suicide","2","Firearm","GRINJ-006",14,97713,14.3,7.8,24.0
,"Clackamas County, OR","41005","2023","2023","Unintentional","1","Fall","GRINJ-003",101,423173,23.9,19.2,28.5
,"Clackamas County, OR","41005","2023","2023","Unintentional","1","Motor Vehicle Traffic","GRINJ-008",36,423173,8.5,6.0,11.8
,"Clackamas County, OR","41005","2023","2023","Unintentional","1","Poisoning","GRINJ-015",106,423173,25.0,20.3,29.8
,"Clackamas County, OR","41005","2023","2023","Unintentional","1","Suffocation","GRINJ-017",10,423173,2.4,1.1,4.3
,"Clackamas County, OR","41005","2023","2023","Suicide","2","Firearm","GRINJ-006",48,423173,11.3,8.4,15.0
,"Clackamas County, OR","41005","2023","2023","Suicide","2","Poisoning","GRINJ-015",12,423173,2.8,1.5,5.0
,"Clackamas County, OR","41005","2023","2023","Suicide","2","Suffocation","GRINJ-017",13,423173,3.1,1.6,5.3
,"Clatsop County, OR","41007","2023","2023","Unintentional","1","Poisoning","GRINJ-015",17,41102,41.4,24.1,66.2
,"Columbia County, OR","41009","2023","2023","Unintentional","1","Fall","GRINJ-003",10,53880,18.6,8.9,34.1
,"Columbia County, OR","41009","2023","2023","Unintentional","1","Motor Vehicle Traffic","GRINJ-008",18,53880,33.4,19.8,52.8
,"Columbia County, OR","41009","2023","2023","Unintentional","1","Poisoning","GRINJ-015",16,53880,29.7,17.0,48.2
,"Coos County, OR","41011","2023","2023","Unintentional","1","Fall","GRINJ-003",33,64212,51.4,35.4,72.2
,"Coos County, OR","41011","2023","2023","Unintentional","1","Motor Vehicle Traffic","GRINJ-008",15,64212,23.4,13.1,38.5
,"Coos County, OR","41011","2023","2023","Unintentional","1","Poisoning","GRINJ-015",29,64212,45.2,30.2,64.9
,"Coos County, OR","41011","2023","2023","Suicide","2","Firearm","GRINJ-006",12,64212,18.7,9.7,32.6
,"Crook County, OR","41013","2023","2023","Unintentional","1","Fall","GRINJ-003",14,26952,51.9,28.4,87.2
,"Curry County, OR","41015","2023","2023","Unintentional","1","Poisoning","GRINJ-015",13,23296,55.8,29.7,95.4
,"Deschutes County, OR","41017","2023","2023","Unintentional","1","Fall","GRINJ-003",85,208513,40.8,32.6,50.4
,"Deschutes County, OR","41017","2023","2023","Unintentional","1","Motor Vehicle Traffic","GRINJ-008",22,208513,10.6,6.6,16.0
,"Deschutes County, OR","41017","2023","2023","Unintentional","1","Poisoning","GRINJ-015",25,208513,12.0,7.8,17.7
,"Deschutes County, OR","41017","2023","2023","Suicide","2","Firearm","GRINJ-006",24,208513,11.5,7.4,17.1
,"Douglas County, OR","41019","2023","2023","Unintentional","1","Fall","GRINJ-003",26,112435,23.1,15.1,33.9
,"Douglas County, OR","41019","2023","2023","Unintentional","1","Motor Vehicle Traffic","GRINJ-008",26,112435,23.1,15.1,33.9
,"Douglas County, OR","41019","2023","2023","Unintentional","1","Poisoning","GRINJ-015",41,112435,36.5,26.2,49.5
,"Douglas County, OR","41019","2023","2023","Suicide","2","Firearm","GRINJ-006",27,112435,24.0,15.8,34.9
,"Jackson County, OR","41029","2023","2023","Unintentional","1","Fall","GRINJ-003",27,220768,12.2,8.1,17.8
,"Jackson County, OR","41029","2023","2023","Unintentional","1","Motor Vehicle Traffic","GRINJ-008",25,220768,11.3,7.3,16.7
,"Jackson County, OR","41029","2023","2023","Unintentional","1","Poisoning","GRINJ-015",125,220768,56.6,46.7,66.5
,"Jackson County, OR","41029","2023","2023","Suicide","2","Firearm","GRINJ-006",31,220768,14.0,9.5,19.9
,"Jackson County, OR","41029","2023","2023","Suicide","2","Suffocation","GRINJ-017",12,220768,5.4,2.8,9.5
,"Jefferson County, OR","41031","2023","2023","Unintentional","1","Poisoning","GRINJ-015",11,25454,43.2,21.6,77.3
,"Josephine County, OR","41033","2023","2023","Unintentional","1","Fall","GRINJ-003",23,87821,26.2,16.6,39.3
,"Josephine County, OR","41033","2023","2023","Unintentional","1","Motor Vehicle Traffic","GRINJ-008",14,87821,15.9,8.7,26.7
,"Josephine County, OR","41033","2023","2023","Unintentional","1","Poisoning","GRINJ-015",44,87821,50.1,36.4,67.3
,"Josephine County, OR","41033","2023","2023","Suicide","2","Firearm","GRINJ-006",24,87821,27.3,17.5,40.7
,"Klamath County, OR","41035","2023","2023","Unintentional","1","Fall","GRINJ-003",20,70003,28.6,17.5,44.1
,"Klamath County, OR","41035","2023","2023","Unintentional","1","Motor Vehicle Traffic","GRINJ-008",17,70003,24.3,14.1,38.9
,"Klamath County, OR","41035","2023","2023","Unintentional","1","Poisoning","GRINJ-015",23,70003,32.9,20.8,49.3
,"Klamath County, OR","41035","2023","2023","Suicide","2","Firearm","GRINJ-006",16,70003,22.9,13.1,37.1
,"Lane County, OR","41039","2023","2023","Unintentional","1","Fall","GRINJ-003",116,381181,30.4,24.9,36.0
,"Lane County, OR","41039","2023","2023","Unintentional","1","Motor Vehicle Traffic","GRINJ-008",46,381181,12.1,8.8,16.1
,"Lane County, OR","41039","2023","2023","Unintentional","1","Poisoning","GRINJ-015",196,381181,51.4,44.2,58.6
,"Lane County, OR","41039","2023","2023","Suicide","2","Firearm","GRINJ-006",45,381181,11.8,8.6,15.8
,"Lane County, OR","41039","2023","2023","Suicide","2","Poisoning","GRINJ-015",15,381181,3.9,2.2,6.5
,"Lane County, OR","41039","2023","2023","Suicide","2","Suffocation","GRINJ-017",26,381181,6.8,4.5,10.0
,"Lincoln County, OR","41041","2023","2023","Unintentional","1","Fall","GRINJ-003",11,50821,21.6,10.8,38.7
,"Lincoln County, OR","41041","2023","2023","Unintentional","1","Poisoning","GRINJ-015",23,50821,45.3,28.7,67.9
,"Linn County, OR","41043","2023","2023","Unintentional","1","Fall","GRINJ-003",43,131496,32.7,23.7,44.0
,"Linn County, OR","41043","2023","2023","Unintentional","1","Motor Vehicle Traffic","GRINJ-008",32,131496,24.3,16.6,34.4
,"Linn County, OR","41043","2023","2023","Unintentional","1","Poisoning","GRINJ-015",43,131496,32.7,23.7,44.0
,"Linn County, OR","41043","2023","2023","Suicide","2","Firearm","GRINJ-006",17,131496,12.9,7.5,20.7
,"Marion County, OR","41047","2023","2023","Unintentional","1","Fall","GRINJ-003",95,346741,27.4,22.2,33.5
,"Marion County, OR","41047","2023","2023","Unintentional","1","Motor Vehicle Traffic","GRINJ-008",55,346741,15.9,11.9,20.6
,"Marion County, OR","41047","2023","2023","Unintentional","1","Poisoning","GRINJ-015",127,346741,36.6,30.3,43.0
,"Marion County, OR","41047","2023","2023","Suicide","2","Firearm","GRINJ-006",32,346741,9.2,6.3,13.0
,"Marion County, OR","41047","2023","2023","Suicide","2","Suffocation","GRINJ-017",14,346741,4.0,2.2,6.8
,"Marion County, OR","41047","2023","2023","Homicide","3","Firearm","GRINJ-006",11,346741,3.2,1.6,5.7
,"Multnomah County, OR","41051","2023","2023","Unintentional","1","Drowning","GRINJ-002",10,789698,1.3,0.6,2.3
,"Multnomah County, OR","41051","2023","2023","Unintentional","1","Fall","GRINJ-003",104,789698,13.2,10.6,15.7
,"Multnomah County, OR","41051","2023","2023","Unintentional","1","Fire/Flame","GRINJ-004",10,789698,1.3,0.6,2.3
,"Multnomah County, OR","41051","2023","2023","Unintentional","1","Motor Vehicle Traffic","GRINJ-008",89,789698,11.3,9.1,13.9
,"Multnomah County, OR","41051","2023","2023","Unintentional","1","Poisoning","GRINJ-015",622,789698,78.8,72.6,85.0
,"Multnomah County, OR","41051","2023","2023","Unintentional","1","Suffocation","GRINJ-017",21,789698,2.7,1.6,4.1
,"Multnomah County, OR","41051","2023","2023","Suicide","2","Fall","GRINJ-003",11,789698,1.4,0.7,2.5
,"Multnomah County, OR","41051","2023","2023","Suicide","2","Firearm","GRINJ-006",58,789698,7.3,5.6,9.5
,"Multnomah County, OR","41051","2023","2023","Suicide","2","Poisoning","GRINJ-015",28,789698,3.5,2.4,5.1
,"Multnomah County, OR","41051","2023","2023","Suicide","2","Suffocation","GRINJ-017",52,789698,6.6,4.9,8.6
,"Multnomah County, OR","41051","2023","2023","Homicide","3","Firearm","GRINJ-006",58,789698,7.3,5.6,9.5
,"Polk County, OR","41053","2023","2023","Unintentional","1","Fall","GRINJ-003",37,89805,41.2,29.0,56.8
,"Polk County, OR","41053","2023","2023","Unintentional","1","Poisoning","GRINJ-015",19,89805,21.2,12.7,33.0
,"Tillamook County, OR","41057","2023","2023","Unintentional","1","Poisoning","GRINJ-015",12,27417,43.8,22.6,76.5
,"Umatilla County, OR","41059","2023","2023","Unintentional","1","Fall","GRINJ-003",18,80053,22.5,13.3,35.5
,"Umatilla County, OR","41059","2023","2023","Unintentional","1","Motor Vehicle Traffic","GRINJ-008",15,80053,18.7,10.5,30.9
,"Umatilla County, OR","41059","2023","2023","Unintentional","1","Poisoning","GRINJ-015",15,80053,18.7,10.5,30.9
,"Wasco County, OR","41065","2023","2023","Unintentional","1","Fall","GRINJ-003",14,26333,53.2,29.1,89.2
,"Wasco County, OR","41065","2023","2023","Unintentional","1","Poisoning","GRINJ-015",12,26333,45.6,23.5,79.6
,"Washington County, OR","41067","2023","2023","Unintentional","1","Fall","GRINJ-003",89,598865,14.9,11.9,18.3
,"Washington County, OR","41067","2023","2023","Unintentional","1","Motor Vehicle Traffic","GRINJ-008",50,598865,8.3,6.2,11.0
,"Washington County, OR","41067","2023","2023","Unintentional","1","Poisoning","GRINJ-015",100,598865,16.7,13.4,20.0
,"Washington County, OR","41067","2023","2023","Unintentional","1","Suffocation","GRINJ-017",13,598865,2.2,1.2,3.7
,"Washington County, OR","41067","2023","2023","Suicide","2","Firearm","GRINJ-006",44,598865,7.3,5.3,9.9
,"Washington County, OR","41067","2023","2023","Suicide","2","Poisoning","GRINJ-015",12,598865,2.0,1.0,3.5
,"Washington County, OR","41067","2023","2023","Suicide","2","Suffocation","GRINJ-017",20,598865,3.3,2.0,5.2
,"Washington County, OR","41067","2023","2023","Homicide","3","Firearm","GRINJ-006",10,598865,1.7,0.8,3.1
,"Yamhill County, OR","41071","2023","2023","Unintentional","1","Fall","GRINJ-003",19,108644,17.5,10.5,27.3
,"Yamhill County, OR","41071","2023","2023","Unintentional","1","Motor Vehicle Traffic","GRINJ-008",11,108644,10.1,5.1,18.1
,"Yamhill County, OR","41071","2023","2023","Unintentional","1","Poisoning","GRINJ-015",21,108644,19.3,12.0,29.5
,"Yamhill County, OR","41071","2023","2023","Suicide","2","Firearm","GRINJ-006",12,108644,11.0,5.7,19.3
,"Adams County, PA","42001","2023","2023","Unintentional","1","Fall","GRINJ-003",17,106748,15.9,9.3,25.5
,"Adams County, PA","42001","2023","2023","Unintentional","1","Poisoning","GRINJ-015",12,106748,11.2,5.8,19.6
,"Adams County, PA","42001","2023","2023","Suicide","2","Firearm","GRINJ-006",10,106748,9.4,4.5,17.2
,"Allegheny County, PA","42003","2023","2023","Unintentional","1","Drowning","GRINJ-002",13,1224825,1.1,0.6,1.8
,"Allegheny County, PA","42003","2023","2023","Unintentional","1","Fall","GRINJ-003",273,1224825,22.3,19.6,24.9
,"Allegheny County, PA","42003","2023","2023","Unintentional","1","Fire/Flame","GRINJ-004",13,1224825,1.1,0.6,1.8
,"Allegheny County, PA","42003","2023","2023","Unintentional","1","Motor Vehicle Traffic","GRINJ-008",81,1224825,6.6,5.3,8.2
,"Allegheny County, PA","42003","2023","2023","Unintentional","1","Poisoning","GRINJ-015",592,1224825,48.3,44.4,52.2
,"Allegheny County, PA","42003","2023","2023","Unintentional","1","Suffocation","GRINJ-017",53,1224825,4.3,3.2,5.7
,"Allegheny County, PA","42003","2023","2023","Unintentional","1","Unspecified Injury","GRINJ-020",16,1224825,1.3,0.7,2.1
,"Allegheny County, PA","42003","2023","2023","Suicide","2","Firearm","GRINJ-006",97,1224825,7.9,6.4,9.7
,"Allegheny County, PA","42003","2023","2023","Suicide","2","Poisoning","GRINJ-015",28,1224825,2.3,1.5,3.3
,"Allegheny County, PA","42003","2023","2023","Suicide","2","Suffocation","GRINJ-017",36,1224825,2.9,2.1,4.1
,"Allegheny County, PA","42003","2023","2023","Homicide","3","Firearm","GRINJ-006",84,1224825,6.9,5.5,8.5
,"Armstrong County, PA","42005","2023","2023","Unintentional","1","Fall","GRINJ-003",19,64074,29.7,17.9,46.3
,"Armstrong County, PA","42005","2023","2023","Unintentional","1","Motor Vehicle Traffic","GRINJ-008",10,64074,15.6,7.5,28.7
,"Armstrong County, PA","42005","2023","2023","Unintentional","1","Poisoning","GRINJ-015",24,64074,37.5,24.0,55.7
,"Beaver County, PA","42007","2023","2023","Unintentional","1","Fall","GRINJ-003",34,165631,20.5,14.2,28.7
,"Beaver County, PA","42007","2023","2023","Unintentional","1","Motor Vehicle Traffic","GRINJ-008",10,165631,6.0,2.9,11.1
,"Beaver County, PA","42007","2023","2023","Unintentional","1","Poisoning","GRINJ-015",73,165631,44.1,34.5,55.4
,"Beaver County, PA","42007","2023","2023","Suicide","2","Firearm","GRINJ-006",13,165631,7.8,4.2,13.4
,"Bedford County, PA","42009","2023","2023","Unintentional","1","Fall","GRINJ-003",10,47350,21.1,10.1,38.8
,"Bedford County, PA","42009","2023","2023","Unintentional","1","Poisoning","GRINJ-015",10,47350,21.1,10.1,38.8
,"Berks County, PA","42011","2023","2023","Unintentional","1","Fall","GRINJ-003",68,432821,15.7,12.2,19.9
,"Berks County, PA","42011","2023","2023","Unintentional","1","Motor Vehicle Traffic","GRINJ-008",43,432821,9.9,7.2,13.4
,"Berks County, PA","42011","2023","2023","Unintentional","1","Poisoning","GRINJ-015",117,432821,27.0,22.1,31.9
,"Berks County, PA","42011","2023","2023","Unintentional","1","Suffocation","GRINJ-017",20,432821,4.6,2.8,7.1
,"Berks County, PA","42011","2023","2023","Suicide","2","Firearm","GRINJ-006",50,432821,11.6,8.6,15.2
,"Berks County, PA","42011","2023","2023","Suicide","2","Poisoning","GRINJ-015",14,432821,3.2,1.8,5.4
,"Berks County, PA","42011","2023","2023","Suicide","2","Suffocation","GRINJ-017",13,432821,3.0,1.6,5.1
,"Berks County, PA","42011","2023","2023","Homicide","3","Firearm","GRINJ-006",15,432821,3.5,1.9,5.7
,"Blair County, PA","42013","2023","2023","Unintentional","1","Fall","GRINJ-003",22,120273,18.3,11.5,27.7
,"Blair County, PA","42013","2023","2023","Unintentional","1","Motor Vehicle Traffic","GRINJ-008",13,120273,10.8,5.8,18.5
,"Blair County, PA","42013","2023","2023","Unintentional","1","Poisoning","GRINJ-015",50,120273,41.6,30.9,54.8
,"Bradford County, PA","42015","2023","2023","Unintentional","1","Fall","GRINJ-003",14,59695,23.5,12.8,39.3
,"Bradford County, PA","42015","2023","2023","Unintentional","1","Poisoning","GRINJ-015",17,59695,28.5,16.6,45.6
,"Bradford County, PA","42015","2023","2023","Suicide","2","Firearm","GRINJ-006",10,59695,16.8,8.0,30.8
,"Bucks County, PA","42017","2023","2023","Unintentional","1","Fall","GRINJ-003",107,645984,16.6,13.4,19.7
,"Bucks County, PA","42017","2023","2023","Unintentional","1","Motor Vehicle Traffic","GRINJ-008",53,645984,8.2,6.1,10.7
,"Bucks County, PA","42017","2023","2023","Unintentional","1","Poisoning","GRINJ-015",156,645984,24.1,20.4,27.9
,"Bucks County, PA","42017","2023","2023","Unintentional","1","Suffocation","GRINJ-017",18,645984,2.8,1.7,4.4
,"Bucks County, PA","42017","2023","2023","Suicide","2","Firearm","GRINJ-006",54,645984,8.4,6.3,10.9
,"Bucks County, PA","42017","2023","2023","Suicide","2","Poisoning","GRINJ-015",12,645984,1.9,1.0,3.2
,"Bucks County, PA","42017","2023","2023","Suicide","2","Suffocation","GRINJ-017",24,645984,3.7,2.4,5.5
,"Butler County, PA","42019","2023","2023","Unintentional","1","Fall","GRINJ-003",36,198413,18.1,12.7,25.1
,"Butler County, PA","42019","2023","2023","Unintentional","1","Motor Vehicle Traffic","GRINJ-008",24,198413,12.1,7.8,18.0
,"Butler County, PA","42019","2023","2023","Unintentional","1","Poisoning","GRINJ-015",44,198413,22.2,16.1,29.8
,"Butler County, PA","42019","2023","2023","Suicide","2","Firearm","GRINJ-006",24,198413,12.1,7.8,18.0
,"Cambria County, PA","42021","2023","2023","Unintentional","1","Fall","GRINJ-003",52,130668,39.8,29.7,52.2
,"Cambria County, PA","42021","2023","2023","Unintentional","1","Motor Vehicle Traffic","GRINJ-008",18,130668,13.8,8.2,21.8
,"Cambria County, PA","42021","2023","2023","Unintentional","1","Poisoning","GRINJ-015",68,130668,52.0,40.4,66.0
,"Cambria County, PA","42021","2023","2023","Suicide","2","Firearm","GRINJ-006",23,130668,17.6,11.2,26.4
,"Carbon County, PA","42025","2023","2023","Unintentional","1","Fall","GRINJ-003",11,65458,16.8,8.4,30.1
,"Carbon County, PA","42025","2023","2023","Unintentional","1","Motor Vehicle Traffic","GRINJ-008",12,65458,18.3,9.5,32.0
,"Carbon County, PA","42025","2023","2023","Unintentional","1","Poisoning","GRINJ-015",29,65458,44.3,29.7,63.6
,"Carbon County, PA","42025","2023","2023","Suicide","2","Firearm","GRINJ-006",12,65458,18.3,9.5,32.0
,"Centre County, PA","42027","2023","2023","Unintentional","1","Fall","GRINJ-003",16,157795,10.1,5.8,16.5
,"Centre County, PA","42027","2023","2023","Unintentional","1","Motor Vehicle Traffic","GRINJ-008",14,157795,8.9,4.9,14.9
,"Chester County, PA","42029","2023","2023","Unintentional","1","Fall","GRINJ-003",72,549784,13.1,10.2,16.5
,"Chester County, PA","42029","2023","2023","Unintentional","1","Motor Vehicle Traffic","GRINJ-008",38,549784,6.9,4.9,9.5
,"Chester County, PA","42029","2023","2023","Unintentional","1","Poisoning","GRINJ-015",97,549784,17.6,14.3,21.5
,"Chester County, PA","42029","2023","2023","Unintentional","1","Suffocation","GRINJ-017",13,549784,2.4,1.3,4.0
,"Chester County, PA","42029","2023","2023","Suicide","2","Firearm","GRINJ-006",36,549784,6.5,4.6,9.1
,"Chester County, PA","42029","2023","2023","Suicide","2","Poisoning","GRINJ-015",10,549784,1.8,0.9,3.3
,"Chester County, PA","42029","2023","2023","Suicide","2","Suffocation","GRINJ-017",18,549784,3.3,1.9,5.2
,"Clarion County, PA","42031","2023","2023","Unintentional","1","Fall","GRINJ-003",13,36970,35.2,18.7,60.1
,"Clarion County, PA","42031","2023","2023","Unintentional","1","Poisoning","GRINJ-015",14,36970,37.9,20.7,63.5
,"Clearfield County, PA","42033","2023","2023","Unintentional","1","Fall","GRINJ-003",20,77090,25.9,15.8,40.1
,"Clearfield County, PA","42033","2023","2023","Unintentional","1","Motor Vehicle Traffic","GRINJ-008",10,77090,13.0,6.2,23.9
,"Clearfield County, PA","42033","2023","2023","Unintentional","1","Poisoning","GRINJ-015",25,77090,32.4,21.0,47.9
,"Clearfield County, PA","42033","2023","2023","Suicide","2","Firearm","GRINJ-006",14,77090,18.2,9.9,30.5
,"Columbia County, PA","42037","2023","2023","Unintentional","1","Fall","GRINJ-003",15,65439,22.9,12.8,37.8
,"Columbia County, PA","42037","2023","2023","Unintentional","1","Motor Vehicle Traffic","GRINJ-008",16,65439,24.5,14.0,39.7
,"Columbia County, PA","42037","2023","2023","Unintentional","1","Poisoning","GRINJ-015",19,65439,29.0,17.5,45.3
,"Crawford County, PA","42039","2023","2023","Unintentional","1","Fall","GRINJ-003",14,82001,17.1,9.3,28.6
,"Crawford County, PA","42039","2023","2023","Unintentional","1","Motor Vehicle Traffic","GRINJ-008",12,82001,14.6,7.6,25.6
,"Crawford County, PA","42039","2023","2023","Unintentional","1","Poisoning","GRINJ-015",25,82001,30.5,19.7,45.0
,"Crawford County, PA","42039","2023","2023","Suicide","2","Firearm","GRINJ-006",10,82001,12.2,5.8,22.4
,"Cumberland County, PA","42041","2023","2023","Unintentional","1","Fall","GRINJ-003",28,270738,10.3,6.9,14.9
,"Cumberland County, PA","42041","2023","2023","Unintentional","1","Motor Vehicle Traffic","GRINJ-008",26,270738,9.6,6.3,14.1
,"Cumberland County, PA","42041","2023","2023","Unintentional","1","Poisoning","GRINJ-015",34,270738,12.6,8.7,17.5
,"Cumberland County, PA","42041","2023","2023","Suicide","2","Firearm","GRINJ-006",18,270738,6.6,3.9,10.5
,"Dauphin County, PA","42043","2023","2023","Unintentional","1","Fall","GRINJ-003",35,289234,12.1,8.4,16.8
,"Dauphin County, PA","42043","2023","2023","Unintentional","1","Motor Vehicle Traffic","GRINJ-008",37,289234,12.8,9.0,17.6
,"Dauphin County, PA","42043","2023","2023","Unintentional","1","Poisoning","GRINJ-015",103,289234,35.6,28.7,42.5
,"Dauphin County, PA","42043","2023","2023","Unintentional","1","Suffocation","GRINJ-017",17,289234,5.9,3.4,9.4
,"Dauphin County, PA","42043","2023","2023","Unintentional","1","Unspecified Injury","GRINJ-020",11,289234,3.8,1.9,6.8
,"Dauphin County, PA","42043","2023","2023","Suicide","2","Firearm","GRINJ-006",19,289234,6.6,4.0,10.3
,"Dauphin County, PA","42043","2023","2023","Suicide","2","Suffocation","GRINJ-017",13,289234,4.5,2.4,7.7
,"Delaware County, PA","42045","2023","2023","Unintentional","1","Fall","GRINJ-003",77,576720,13.4,10.5,16.7
,"Delaware County, PA","42045","2023","2023","Unintentional","1","Motor Vehicle Traffic","GRINJ-008",40,576720,6.9,5.0,9.4
,"Delaware County, PA","42045","2023","2023","Unintentional","1","Poisoning","GRINJ-015",193,576720,33.5,28.7,38.2
,"Delaware County, PA","42045","2023","2023","Unintentional","1","Suffocation","GRINJ-017",14,576720,2.4,1.3,4.1
,"Delaware County, PA","42045","2023","2023","Suicide","2","Firearm","GRINJ-006",28,576720,4.9,3.2,7.0
,"Delaware County, PA","42045","2023","2023","Suicide","2","Poisoning","GRINJ-015",11,576720,1.9,1.0,3.4
,"Delaware County, PA","42045","2023","2023","Suicide","2","Suffocation","GRINJ-017",26,576720,4.5,2.9,6.6
,"Delaware County, PA","42045","2023","2023","Homicide","3","Firearm","GRINJ-006",41,576720,7.1,5.1,9.6
,"Elk County, PA","42047","2023","2023","Unintentional","1","Fall","GRINJ-003",19,30198,62.9,37.9,98.3
,"Elk County, PA","42047","2023","2023","Unintentional","1","Poisoning","GRINJ-015",16,30198,53.0,30.3,86.0
,"Erie County, PA","42049","2023","2023","Unintentional","1","Fall","GRINJ-003",28,267571,10.5,7.0,15.1
,"Erie County, PA","42049","2023","2023","Unintentional","1","Motor Vehicle Traffic","GRINJ-008",30,267571,11.2,7.6,16.0
,"Erie County, PA","42049","2023","2023","Unintentional","1","Poisoning","GRINJ-015",107,267571,40.0,32.4,47.6
,"Erie County, PA","42049","2023","2023","Unintentional","1","Suffocation","GRINJ-017",13,267571,4.9,2.6,8.3
,"Erie County, PA","42049","2023","2023","Suicide","2","Firearm","GRINJ-006",27,267571,10.1,6.6,14.7
,"Erie County, PA","42049","2023","2023","Suicide","2","Suffocation","GRINJ-017",12,267571,4.5,2.3,7.8
,"Erie County, PA","42049","2023","2023","Homicide","3","Firearm","GRINJ-006",12,267571,4.5,2.3,7.8
,"Fayette County, PA","42051","2023","2023","Unintentional","1","Fall","GRINJ-003",30,123915,24.2,16.3,34.6
,"Fayette County, PA","42051","2023","2023","Unintentional","1","Motor Vehicle Traffic","GRINJ-008",18,123915,14.5,8.6,23.0
,"Fayette County, PA","42051","2023","2023","Unintentional","1","Poisoning","GRINJ-015",80,123915,64.6,51.2,80.4
,"Fayette County, PA","42051","2023","2023","Suicide","2","Firearm","GRINJ-006",17,123915,13.7,8.0,22.0
,"Franklin County, PA","42055","2023","2023","Unintentional","1","Fall","GRINJ-003",24,157854,15.2,9.7,22.6
,"Franklin County, PA","42055","2023","2023","Unintentional","1","Motor Vehicle Traffic","GRINJ-008",29,157854,18.4,12.3,26.4
,"Franklin County, PA","42055","2023","2023","Unintentional","1","Poisoning","GRINJ-015",27,157854,17.1,11.3,24.9
,"Franklin County, PA","42055","2023","2023","Suicide","2","Firearm","GRINJ-006",14,157854,8.9,4.8,14.9
,"Greene County, PA","42059","2023","2023","Unintentional","1","Poisoning","GRINJ-015",13,34357,37.8,20.1,64.7
,"Huntingdon County, PA","42061","2023","2023","Unintentional","1","Fall","GRINJ-003",10,43514,23.0,11.0,42.3
,"Huntingdon County, PA","42061","2023","2023","Unintentional","1","Motor Vehicle Traffic","GRINJ-008",10,43514,23.0,11.0,42.3
,"Indiana County, PA","42063","2023","2023","Unintentional","1","Fall","GRINJ-003",21,83094,25.3,15.6,38.6
,"Indiana County, PA","42063","2023","2023","Unintentional","1","Motor Vehicle Traffic","GRINJ-008",10,83094,12.0,5.8,22.1
,"Indiana County, PA","42063","2023","2023","Unintentional","1","Poisoning","GRINJ-015",27,83094,32.5,21.4,47.3
,"Jefferson County, PA","42065","2023","2023","Unintentional","1","Fall","GRINJ-003",18,43612,41.3,24.5,65.2
,"Lackawanna County, PA","42069","2023","2023","Unintentional","1","Fall","GRINJ-003",17,216123,7.9,4.6,12.6
,"Lackawanna County, PA","42069","2023","2023","Unintentional","1","Motor Vehicle Traffic","GRINJ-008",26,216123,12.0,7.9,17.6
,"Lackawanna County, PA","42069","2023","2023","Unintentional","1","Poisoning","GRINJ-015",75,216123,34.7,27.3,43.5
,"Lackawanna County, PA","42069","2023","2023","Suicide","2","Firearm","GRINJ-006",16,216123,7.4,4.2,12.0
,"Lackawanna County, PA","42069","2023","2023","Suicide","2","Suffocation","GRINJ-017",10,216123,4.6,2.2,8.5
,"Lancaster County, PA","42071","2023","2023","Unintentional","1","Fall","GRINJ-003",134,558589,24.0,19.9,28.1
,"Lancaster County, PA","42071","2023","2023","Unintentional","1","Motor Vehicle Traffic","GRINJ-008",68,558589,12.2,9.5,15.4
,"Lancaster County, PA","42071","2023","2023","Unintentional","1","Poisoning","GRINJ-015",83,558589,14.9,11.8,18.4
,"Lancaster County, PA","42071","2023","2023","Unintentional","1","Suffocation","GRINJ-017",10,558589,1.8,0.9,3.3
,"Lancaster County, PA","42071","2023","2023","Suicide","2","Firearm","GRINJ-006",37,558589,6.6,4.7,9.1
,"Lancaster County, PA","42071","2023","2023","Suicide","2","Poisoning","GRINJ-015",14,558589,2.5,1.4,4.2
,"Lancaster County, PA","42071","2023","2023","Suicide","2","Suffocation","GRINJ-017",23,558589,4.1,2.6,6.2
,"Lancaster County, PA","42071","2023","2023","Homicide","3","Firearm","GRINJ-006",10,558589,1.8,0.9,3.3
,"Lawrence County, PA","42073","2023","2023","Unintentional","1","Fall","GRINJ-003",14,84472,16.6,9.1,27.8
,"Lawrence County, PA","42073","2023","2023","Unintentional","1","Motor Vehicle Traffic","GRINJ-008",14,84472,16.6,9.1,27.8
,"Lawrence County, PA","42073","2023","2023","Unintentional","1","Poisoning","GRINJ-015",61,84472,72.2,55.2,92.8
,"Lawrence County, PA","42073","2023","2023","Suicide","2","Firearm","GRINJ-006",14,84472,16.6,9.1,27.8
,"Lebanon County, PA","42075","2023","2023","Unintentional","1","Fall","GRINJ-003",16,144252,11.1,6.3,18.0
,"Lebanon County, PA","42075","2023","2023","Unintentional","1","Motor Vehicle Traffic","GRINJ-008",19,144252,13.2,7.9,20.6
,"Lebanon County, PA","42075","2023","2023","Unintentional","1","Poisoning","GRINJ-015",39,144252,27.0,19.2,37.0
,"Lehigh County, PA","42077","2023","2023","Unintentional","1","Fall","GRINJ-003",88,377754,23.3,18.7,28.7
,"Lehigh County, PA","42077","2023","2023","Unintentional","1","Motor Vehicle Traffic","GRINJ-008",24,377754,6.4,4.1,9.5
,"Lehigh County, PA","42077","2023","2023","Unintentional","1","Poisoning","GRINJ-015",123,377754,32.6,26.8,38.3
,"Lehigh County, PA","42077","2023","2023","Unintentional","1","Suffocation","GRINJ-017",13,377754,3.4,1.8,5.9
,"Lehigh County, PA","42077","2023","2023","Suicide","2","Firearm","GRINJ-006",24,377754,6.4,4.1,9.5
,"Lehigh County, PA","42077","2023","2023","Homicide","3","Firearm","GRINJ-006",14,377754,3.7,2.0,6.2
,"Luzerne County, PA","42079","2023","2023","Unintentional","1","Fall","GRINJ-003",51,327388,15.6,11.6,20.5
,"Luzerne County, PA","42079","2023","2023","Unintentional","1","Motor Vehicle Traffic","GRINJ-008",35,327388,10.7,7.4,14.9
,"Luzerne County, PA","42079","2023","2023","Unintentional","1","Poisoning","GRINJ-015",130,327388,39.7,32.9,46.5
,"Luzerne County, PA","42079","2023","2023","Unintentional","1","Suffocation","GRINJ-017",12,327388,3.7,1.9,6.4
,"Luzerne County, PA","42079","2023","2023","Unintentional","1","Unspecified Injury","GRINJ-020",11,327388,3.4,1.7,6.0
,"Luzerne County, PA","42079","2023","2023","Suicide","2","Firearm","GRINJ-006",36,327388,11.0,7.7,15.2
,"Luzerne County, PA","42079","2023","2023","Suicide","2","Poisoning","GRINJ-015",10,327388,3.1,1.5,5.6
,"Luzerne County, PA","42079","2023","2023","Suicide","2","Suffocation","GRINJ-017",21,327388,6.4,4.0,9.8
,"Luzerne County, PA","42079","2023","2023","Homicide","3","Firearm","GRINJ-006",11,327388,3.4,1.7,6.0
,"Lycoming County, PA","42081","2023","2023","Unintentional","1","Fall","GRINJ-003",30,112724,26.6,18.0,38.0
,"Lycoming County, PA","42081","2023","2023","Unintentional","1","Motor Vehicle Traffic","GRINJ-008",15,112724,13.3,7.4,21.9
,"Lycoming County, PA","42081","2023","2023","Unintentional","1","Poisoning","GRINJ-015",21,112724,18.6,11.5,28.5
,"Lycoming County, PA","42081","2023","2023","Suicide","2","Firearm","GRINJ-006",13,112724,11.5,6.1,19.7
,"Mc Kean County, PA","42083","2023","2023","Unintentional","1","Fall","GRINJ-003",11,39519,27.8,13.9,49.8
,"Mercer County, PA","42085","2023","2023","Unintentional","1","Fall","GRINJ-003",18,108503,16.6,9.8,26.2
,"Mercer County, PA","42085","2023","2023","Unintentional","1","Motor Vehicle Traffic","GRINJ-008",20,108503,18.4,11.3,28.5
,"Mercer County, PA","42085","2023","2023","Unintentional","1","Poisoning","GRINJ-015",37,108503,34.1,24.0,47.0
,"Mercer County, PA","42085","2023","2023","Suicide","2","Firearm","GRINJ-006",14,108503,12.9,7.1,21.6
,"Monroe County, PA","42089","2023","2023","Unintentional","1","Fall","GRINJ-003",27,166053,16.3,10.7,23.7
,"Monroe County, PA","42089","2023","2023","Unintentional","1","Motor Vehicle Traffic","GRINJ-008",17,166053,10.2,6.0,16.4
,"Monroe County, PA","42089","2023","2023","Unintentional","1","Poisoning","GRINJ-015",63,166053,37.9,29.2,48.5
,"Monroe County, PA","42089","2023","2023","Suicide","2","Firearm","GRINJ-006",23,166053,13.9,8.8,20.8
,"Montgomery County, PA","42091","2023","2023","Unintentional","1","Fall","GRINJ-003",135,868742,15.5,12.9,18.2
,"Montgomery County, PA","42091","2023","2023","Unintentional","1","Motor Vehicle Traffic","GRINJ-008",45,868742,5.2,3.8,6.9
,"Montgomery County, PA","42091","2023","2023","Unintentional","1","Poisoning","GRINJ-015",150,868742,17.3,14.5,20.0
,"Montgomery County, PA","42091","2023","2023","Unintentional","1","Suffocation","GRINJ-017",26,868742,3.0,2.0,4.4
,"Montgomery County, PA","42091","2023","2023","Unintentional","1","Unspecified Injury","GRINJ-020",10,868742,1.2,0.6,2.1
,"Montgomery County, PA","42091","2023","2023","Suicide","2","Firearm","GRINJ-006",50,868742,5.8,4.3,7.6
,"Montgomery County, PA","42091","2023","2023","Suicide","2","Poisoning","GRINJ-015",18,868742,2.1,1.2,3.3
,"Montgomery County, PA","42091","2023","2023","Suicide","2","Suffocation","GRINJ-017",30,868742,3.5,2.3,4.9
,"Montgomery County, PA","42091","2023","2023","Homicide","3","Firearm","GRINJ-006",17,868742,2.0,1.1,3.1
,"Northampton County, PA","42095","2023","2023","Unintentional","1","Fall","GRINJ-003",43,319091,13.5,9.8,18.2
,"Northampton County, PA","42095","2023","2023","Unintentional","1","Motor Vehicle Traffic","GRINJ-008",25,319091,7.8,5.1,11.6
,"Northampton County, PA","42095","2023","2023","Unintentional","1","Poisoning","GRINJ-015",82,319091,25.7,20.4,31.9
,"Northampton County, PA","42095","2023","2023","Unintentional","1","Suffocation","GRINJ-017",14,319091,4.4,2.4,7.4
,"Northampton County, PA","42095","2023","2023","Suicide","2","Firearm","GRINJ-006",19,319091,6.0,3.6,9.3
,"Northampton County, PA","42095","2023","2023","Suicide","2","Poisoning","GRINJ-015",12,319091,3.8,1.9,6.6
,"Northumberland County, PA","42097","2023","2023","Unintentional","1","Fall","GRINJ-003",23,90120,25.5,16.2,38.3
,"Northumberland County, PA","42097","2023","2023","Unintentional","1","Motor Vehicle Traffic","GRINJ-008",12,90120,13.3,6.9,23.3
,"Northumberland County, PA","42097","2023","2023","Unintentional","1","Poisoning","GRINJ-015",28,90120,31.1,20.6,44.9
,"Philadelphia County, PA","42101","2023","2023","Unintentional","1","Drowning","GRINJ-002",11,1550542,0.7,0.4,1.3
,"Philadelphia County, PA","42101","2023","2023","Unintentional","1","Fall","GRINJ-003",147,1550542,9.5,7.9,11.0
,"Philadelphia County, PA","42101","2023","2023","Unintentional","1","Fire/Flame","GRINJ-004",27,1550542,1.7,1.1,2.5
,"Philadelphia County, PA","42101","2023","2023","Unintentional","1","Motor Vehicle Traffic","GRINJ-008",155,1550542,10.0,8.4,11.6
,"Philadelphia County, PA","42101","2023","2023","Unintentional","1","Natural/Environmental","GRINJ-013",12,1550542,0.8,0.4,1.4
,"Philadelphia County, PA","42101","2023","2023","Unintentional","1","Poisoning","GRINJ-015",1162,1550542,74.9,70.6,79.3
,"Philadelphia County, PA","42101","2023","2023","Unintentional","1","Suffocation","GRINJ-017",42,1550542,2.7,2.0,3.7
,"Philadelphia County, PA","42101","2023","2023","Unintentional","1","Unspecified Injury","GRINJ-020",25,1550542,1.6,1.0,2.4
,"Philadelphia County, PA","42101","2023","2023","Suicide","2","Fall","GRINJ-003",12,1550542,0.8,0.4,1.4
,"Philadelphia County, PA","42101","2023","2023","Suicide","2","Firearm","GRINJ-006",79,1550542,5.1,4.0,6.3
,"Philadelphia County, PA","42101","2023","2023","Suicide","2","Poisoning","GRINJ-015",14,1550542,0.9,0.5,1.5
,"Philadelphia County, PA","42101","2023","2023","Suicide","2","Suffocation","GRINJ-017",54,1550542,3.5,2.6,4.5
,"Philadelphia County, PA","42101","2023","2023","Homicide","3","Cut/Pierce","GRINJ-001",12,1550542,0.8,0.4,1.4
,"Philadelphia County, PA","42101","2023","2023","Homicide","3","Firearm","GRINJ-006",361,1550542,23.3,20.9,25.7
,"Philadelphia County, PA","42101","2023","2023","Homicide","3","Unspecified Injury","GRINJ-020",14,1550542,0.9,0.5,1.5
,"Pike County, PA","42103","2023","2023","Unintentional","1","Poisoning","GRINJ-015",22,61247,35.9,22.5,54.4
,"Schuylkill County, PA","42107","2023","2023","Unintentional","1","Fall","GRINJ-003",18,143786,12.5,7.4,19.8
,"Schuylkill County, PA","42107","2023","2023","Unintentional","1","Motor Vehicle Traffic","GRINJ-008",27,143786,18.8,12.4,27.3
,"Schuylkill County, PA","42107","2023","2023","Unintentional","1","Poisoning","GRINJ-015",20,143786,13.9,8.5,21.5
,"Schuylkill County, PA","42107","2023","2023","Suicide","2","Firearm","GRINJ-006",24,143786,16.7,10.7,24.8
,"Schuylkill County, PA","42107","2023","2023","Suicide","2","Suffocation","GRINJ-017",11,143786,7.7,3.8,13.7
,"Schuylkill County, PA","42107","2023","2023","Homicide","3","Poisoning","GRINJ-015",49,143786,34.1,25.2,45.1
,"Snyder County, PA","42109","2023","2023","Unintentional","1","Fall","GRINJ-003",11,39717,27.7,13.8,49.6
,"Somerset County, PA","42111","2023","2023","Unintentional","1","Fall","GRINJ-003",15,72197,20.8,11.6,34.3
,"Somerset County, PA","42111","2023","2023","Unintentional","1","Motor Vehicle Traffic","GRINJ-008",15,72197,20.8,11.6,34.3
,"Somerset County, PA","42111","2023","2023","Unintentional","1","Poisoning","GRINJ-015",23,72197,31.9,20.2,47.8
,"Susquehanna County, PA","42115","2023","2023","Unintentional","1","Poisoning","GRINJ-015",17,38109,44.6,26.0,71.4
,"Venango County, PA","42121","2023","2023","Unintentional","1","Poisoning","GRINJ-015",16,49431,32.4,18.5,52.6
,"Warren County, PA","42123","2023","2023","Unintentional","1","Fall","GRINJ-003",21,37572,55.9,34.6,85.4
,"Warren County, PA","42123","2023","2023","Unintentional","1","Poisoning","GRINJ-015",12,37572,31.9,16.5,55.8
,"Washington County, PA","42125","2023","2023","Unintentional","1","Fall","GRINJ-003",41,210232,19.5,14.0,26.5
,"Washington County, PA","42125","2023","2023","Unintentional","1","Motor Vehicle Traffic","GRINJ-008",24,210232,11.4,7.3,17.0
,"Washington County, PA","42125","2023","2023","Unintentional","1","Poisoning","GRINJ-015",58,210232,27.6,20.9,35.7
,"Washington County, PA","42125","2023","2023","Unintentional","1","Suffocation","GRINJ-017",10,210232,4.8,2.3,8.7
,"Washington County, PA","42125","2023","2023","Suicide","2","Firearm","GRINJ-006",21,210232,10.0,6.2,15.3
,"Wayne County, PA","42127","2023","2023","Unintentional","1","Poisoning","GRINJ-015",19,51262,37.1,22.3,57.9
,"Westmoreland County, PA","42129","2023","2023","Unintentional","1","Fall","GRINJ-003",98,351163,27.9,22.7,34.0
,"Westmoreland County, PA","42129","2023","2023","Unintentional","1","Motor Vehicle Traffic","GRINJ-008",35,351163,10.0,6.9,13.9
,"Westmoreland County, PA","42129","2023","2023","Unintentional","1","Poisoning","GRINJ-015",112,351163,31.9,26.0,37.8
,"Westmoreland County, PA","42129","2023","2023","Unintentional","1","Suffocation","GRINJ-017",12,351163,3.4,1.8,6.0
,"Westmoreland County, PA","42129","2023","2023","Suicide","2","Firearm","GRINJ-006",43,351163,12.2,8.9,16.5
,"Westmoreland County, PA","42129","2023","2023","Suicide","2","Suffocation","GRINJ-017",16,351163,4.6,2.6,7.4
,"York County, PA","42133","2023","2023","Unintentional","1","Fall","GRINJ-003",148,464640,31.9,26.7,37.0
,"York County, PA","42133","2023","2023","Unintentional","1","Fire/Flame","GRINJ-004",10,464640,2.2,1.0,4.0
,"York County, PA","42133","2023","2023","Unintentional","1","Motor Vehicle Traffic","GRINJ-008",35,464640,7.5,5.2,10.5
,"York County, PA","42133","2023","2023","Unintentional","1","Poisoning","GRINJ-015",138,464640,29.7,24.7,34.7
,"York County, PA","42133","2023","2023","Unintentional","1","Suffocation","GRINJ-017",13,464640,2.8,1.5,4.8
,"York County, PA","42133","2023","2023","Suicide","2","Firearm","GRINJ-006",40,464640,8.6,6.2,11.7
,"York County, PA","42133","2023","2023","Suicide","2","Poisoning","GRINJ-015",22,464640,4.7,3.0,7.2
,"York County, PA","42133","2023","2023","Suicide","2","Suffocation","GRINJ-017",11,464640,2.4,1.2,4.2
,"York County, PA","42133","2023","2023","Homicide","3","Firearm","GRINJ-006",16,464640,3.4,2.0,5.6
,"Bristol County, RI","44001","2023","2023","Unintentional","1","Fall","GRINJ-003",17,50255,33.8,19.7,54.2
,"Bristol County, RI","44001","2023","2023","Unintentional","1","Poisoning","GRINJ-015",14,50255,27.9,15.2,46.7
,"Kent County, RI","44003","2023","2023","Unintentional","1","Fall","GRINJ-003",38,171278,22.2,15.7,30.5
,"Kent County, RI","44003","2023","2023","Unintentional","1","Motor Vehicle Traffic","GRINJ-008",10,171278,5.8,2.8,10.7
,"Kent County, RI","44003","2023","2023","Unintentional","1","Poisoning","GRINJ-015",55,171278,32.1,24.2,41.8
,"Kent County, RI","44003","2023","2023","Suicide","2","Firearm","GRINJ-006",10,171278,5.8,2.8,10.7
,"Kent County, RI","44003","2023","2023","Suicide","2","Suffocation","GRINJ-017",10,171278,5.8,2.8,10.7
,"Newport County, RI","44005","2023","2023","Unintentional","1","Fall","GRINJ-003",21,83832,25.1,15.5,38.3
,"Newport County, RI","44005","2023","2023","Unintentional","1","Poisoning","GRINJ-015",21,83832,25.1,15.5,38.3
,"Providence County, RI","44007","2023","2023","Unintentional","1","Fall","GRINJ-003",157,660615,23.8,20.0,27.5
,"Providence County, RI","44007","2023","2023","Unintentional","1","Motor Vehicle Traffic","GRINJ-008",49,660615,7.4,5.5,9.8
,"Providence County, RI","44007","2023","2023","Unintentional","1","Poisoning","GRINJ-015",277,660615,41.9,37.0,46.9
,"Providence County, RI","44007","2023","2023","Unintentional","1","Suffocation","GRINJ-017",11,660615,1.7,0.8,3.0
,"Providence County, RI","44007","2023","2023","Unintentional","1","Unspecified Injury","GRINJ-020",13,660615,2.0,1.0,3.4
,"Providence County, RI","44007","2023","2023","Suicide","2","Firearm","GRINJ-006",23,660615,3.5,2.2,5.2
,"Providence County, RI","44007","2023","2023","Suicide","2","Poisoning","GRINJ-015",15,660615,2.3,1.3,3.7
,"Providence County, RI","44007","2023","2023","Suicide","2","Suffocation","GRINJ-017",23,660615,3.5,2.2,5.2
,"Providence County, RI","44007","2023","2023","Homicide","3","Firearm","GRINJ-006",15,660615,2.3,1.3,3.7
,"Washington County, RI","44009","2023","2023","Unintentional","1","Fall","GRINJ-003",33,129982,25.4,17.5,35.7
,"Washington County, RI","44009","2023","2023","Unintentional","1","Poisoning","GRINJ-015",33,129982,25.4,17.5,35.7
,"Abbeville County, SC","45001","2023","2023","Unintentional","1","Motor Vehicle Traffic","GRINJ-008",10,24434,40.9,19.6,75.3
,"Aiken County, SC","45003","2023","2023","Unintentional","1","Fall","GRINJ-003",27,177130,15.2,10.0,22.2
,"Aiken County, SC","45003","2023","2023","Unintentional","1","Motor Vehicle Traffic","GRINJ-008",39,177130,22.0,15.7,30.1
,"Aiken County, SC","45003","2023","2023","Unintentional","1","Poisoning","GRINJ-015",94,177130,53.1,42.9,64.9
,"Aiken County, SC","45003","2023","2023","Suicide","2","Firearm","GRINJ-006",18,177130,10.2,6.0,16.1
,"Aiken County, SC","45003","2023","2023","Homicide","3","Firearm","GRINJ-006",18,177130,10.2,6.0,16.1
,"Anderson County, SC","45007","2023","2023","Unintentional","1","Fall","GRINJ-003",32,213076,15.0,10.3,21.2
,"Anderson County, SC","45007","2023","2023","Unintentional","1","Motor Vehicle Traffic","GRINJ-008",31,213076,14.5,9.9,20.7
,"Anderson County, SC","45007","2023","2023","Unintentional","1","Poisoning","GRINJ-015",65,213076,30.5,23.5,38.9
,"Anderson County, SC","45007","2023","2023","Unintentional","1","Suffocation","GRINJ-017",13,213076,6.1,3.2,10.4
,"Anderson County, SC","45007","2023","2023","Suicide","2","Firearm","GRINJ-006",23,213076,10.8,6.8,16.2
,"Anderson County, SC","45007","2023","2023","Homicide","3","Firearm","GRINJ-006",14,213076,6.6,3.6,11.0
,"Beaufort County, SC","45013","2023","2023","Unintentional","1","Fall","GRINJ-003",27,198979,13.6,8.9,19.7
,"Beaufort County, SC","45013","2023","2023","Unintentional","1","Motor Vehicle Traffic","GRINJ-008",22,198979,11.1,6.9,16.7
,"Beaufort County, SC","45013","2023","2023","Unintentional","1","Poisoning","GRINJ-015",43,198979,21.6,15.6,29.1
,"Beaufort County, SC","45013","2023","2023","Unintentional","1","Unspecified Injury","GRINJ-020",12,198979,6.0,3.1,10.5
,"Beaufort County, SC","45013","2023","2023","Suicide","2","Firearm","GRINJ-006",17,198979,8.5,5.0,13.7
,"Beaufort County, SC","45013","2023","2023","Homicide","3","Firearm","GRINJ-006",21,198979,10.6,6.5,16.1
,"Berkeley County, SC","45015","2023","2023","Unintentional","1","Fall","GRINJ-003",21,255217,8.2,5.1,12.6
,"Berkeley County, SC","45015","2023","2023","Unintentional","1","Motor Vehicle Traffic","GRINJ-008",60,255217,23.5,17.9,30.3
,"Berkeley County, SC","45015","2023","2023","Unintentional","1","Poisoning","GRINJ-015",77,255217,30.2,23.8,37.7
,"Berkeley County, SC","45015","2023","2023","Suicide","2","Firearm","GRINJ-006",24,255217,9.4,6.0,14.0
,"Berkeley County, SC","45015","2023","2023","Homicide","3","Firearm","GRINJ-006",18,255217,7.1,4.2,11.1
,"Charleston County, SC","45019","2023","2023","Unintentional","1","Fall","GRINJ-003",55,424367,13.0,9.8,16.9
,"Charleston County, SC","45019","2023","2023","Unintentional","1","Motor Vehicle Traffic","GRINJ-008",73,424367,17.2,13.5,21.6
,"Charleston County, SC","45019","2023","2023","Unintentional","1","Poisoning","GRINJ-015",176,424367,41.5,35.3,47.6
,"Charleston County, SC","45019","2023","2023","Unintentional","1","Suffocation","GRINJ-017",12,424367,2.8,1.5,4.9
,"Charleston County, SC","45019","2023","2023","Unintentional","1","Unspecified Injury","GRINJ-020",10,424367,2.4,1.1,4.3
,"Charleston County, SC","45019","2023","2023","Suicide","2","Firearm","GRINJ-006",40,424367,9.4,6.7,12.8
,"Charleston County, SC","45019","2023","2023","Suicide","2","Poisoning","GRINJ-015",14,424367,3.3,1.8,5.5
,"Charleston County, SC","45019","2023","2023","Suicide","2","Suffocation","GRINJ-017",13,424367,3.1,1.6,5.2
,"Charleston County, SC","45019","2023","2023","Homicide","3","Firearm","GRINJ-006",40,424367,9.4,6.7,12.8
,"Cherokee County, SC","45021","2023","2023","Unintentional","1","Fall","GRINJ-003",12,56714,21.2,10.9,37.0
,"Cherokee County, SC","45021","2023","2023","Unintentional","1","Motor Vehicle Traffic","GRINJ-008",10,56714,17.6,8.5,32.4
,"Cherokee County, SC","45021","2023","2023","Unintentional","1","Poisoning","GRINJ-015",23,56714,40.6,25.7,60.9
,"Chester County, SC","45023","2023","2023","Unintentional","1","Poisoning","GRINJ-015",18,32226,55.9,33.1,88.3
,"Chesterfield County, SC","45025","2023","2023","Unintentional","1","Motor Vehicle Traffic","GRINJ-008",12,44031,27.3,14.1,47.6
,"Chesterfield County, SC","45025","2023","2023","Unintentional","1","Poisoning","GRINJ-015",26,44031,59.0,38.6,86.5
,"Clarendon County, SC","45027","2023","2023","Unintentional","1","Motor Vehicle Traffic","GRINJ-008",11,31004,35.5,17.7,63.5
,"Colleton County, SC","45029","2023","2023","Unintentional","1","Motor Vehicle Traffic","GRINJ-008",17,38874,43.7,25.5,70.0
,"Colleton County, SC","45029","2023","2023","Unintentional","1","Poisoning","GRINJ-015",26,38874,66.9,43.7,98.0
,"Darlington County, SC","45031","2023","2023","Unintentional","1","Motor Vehicle Traffic","GRINJ-008",27,62416,43.3,28.5,62.9
,"Darlington County, SC","45031","2023","2023","Unintentional","1","Poisoning","GRINJ-015",23,62416,36.8,23.4,55.3
,"Darlington County, SC","45031","2023","2023","Homicide","3","Firearm","GRINJ-006",13,62416,20.8,11.1,35.6
,"Dillon County, SC","45033","2023","2023","Unintentional","1","Motor Vehicle Traffic","GRINJ-008",10,27698,36.1,17.3,66.4
,"Dillon County, SC","45033","2023","2023","Unintentional","1","Poisoning","GRINJ-015",18,27698,65.0,38.5,102.7
,"Dillon County, SC","45033","2023","2023","Homicide","3","Firearm","GRINJ-006",10,27698,36.1,17.3,66.4
,"Dorchester County, SC","45035","2023","2023","Unintentional","1","Fall","GRINJ-003",29,169833,17.1,11.4,24.5
,"Dorchester County, SC","45035","2023","2023","Unintentional","1","Motor Vehicle Traffic","GRINJ-008",18,169833,10.6,6.3,16.8
,"Dorchester County, SC","45035","2023","2023","Unintentional","1","Poisoning","GRINJ-015",55,169833,32.4,24.4,42.2
,"Dorchester County, SC","45035","2023","2023","Suicide","2","Firearm","GRINJ-006",19,169833,11.2,6.7,17.5
,"Dorchester County, SC","45035","2023","2023","Homicide","3","Firearm","GRINJ-006",15,169833,8.8,4.9,14.6
,"Edgefield County, SC","45037","2023","2023","Unintentional","1","Poisoning","GRINJ-015",12,27607,43.5,22.5,75.9
,"Fairfield County, SC","45039","2023","2023","Unintentional","1","Motor Vehicle Traffic","GRINJ-008",11,20422,53.9,26.9,96.4
,"Fairfield County, SC","45039","2023","2023","Unintentional","1","Poisoning","GRINJ-015",10,20422,49.0,23.5,90.1
,"Florence County, SC","45041","2023","2023","Unintentional","1","Fall","GRINJ-003",18,137214,13.1,7.8,20.7
,"Florence County, SC","45041","2023","2023","Unintentional","1","Motor Vehicle Traffic","GRINJ-008",32,137214,23.3,16.0,32.9
,"Florence County, SC","45041","2023","2023","Unintentional","1","Poisoning","GRINJ-015",61,137214,44.5,34.0,57.1
,"Florence County, SC","45041","2023","2023","Homicide","3","Firearm","GRINJ-006",10,137214,7.3,3.5,13.4
,"Georgetown County, SC","45043","2023","2023","Unintentional","1","Motor Vehicle Traffic","GRINJ-008",20,65731,30.4,18.6,47.0
,"Georgetown County, SC","45043","2023","2023","Unintentional","1","Poisoning","GRINJ-015",39,65731,59.3,42.2,81.1
,"Georgetown County, SC","45043","2023","2023","Unintentional","1","Unspecified Injury","GRINJ-020",11,65731,16.7,8.4,29.9
,"Greenville County, SC","45045","2023","2023","Unintentional","1","Drowning","GRINJ-002",10,558036,1.8,0.9,3.3
,"Greenville County, SC","45045","2023","2023","Unintentional","1","Fall","GRINJ-003",110,558036,19.7,16.0,23.4
,"Greenville County, SC","45045","2023","2023","Unintentional","1","Motor Vehicle Traffic","GRINJ-008",87,558036,15.6,12.5,19.2
,"Greenville County, SC","45045","2023","2023","Unintentional","1","Poisoning","GRINJ-015",245,558036,43.9,38.4,49.4
,"Greenville County, SC","45045","2023","2023","Unintentional","1","Suffocation","GRINJ-017",16,558036,2.9,1.6,4.7
,"Greenville County, SC","45045","2023","2023","Unintentional","1","Unspecified Injury","GRINJ-020",10,558036,1.8,0.9,3.3
,"Greenville County, SC","45045","2023","2023","Suicide","2","Firearm","GRINJ-006",58,558036,10.4,7.9,13.4
,"Greenville County, SC","45045","2023","2023","Suicide","2","Suffocation","GRINJ-017",21,558036,3.8,2.3,5.8
,"Greenville County, SC","45045","2023","2023","Homicide","3","Firearm","GRINJ-006",30,558036,5.4,3.6,7.7
,"Greenwood County, SC","45047","2023","2023","Unintentional","1","Motor Vehicle Traffic","GRINJ-008",16,69460,23.0,13.2,37.4
,"Greenwood County, SC","45047","2023","2023","Unintentional","1","Poisoning","GRINJ-015",25,69460,36.0,23.3,53.1
,"Greenwood County, SC","45047","2023","2023","Suicide","2","Firearm","GRINJ-006",10,69460,14.4,6.9,26.5
,"Horry County, SC","45051","2023","2023","Unintentional","1","Fall","GRINJ-003",49,397478,12.3,9.1,16.3
,"Horry County, SC","45051","2023","2023","Unintentional","1","Motor Vehicle Traffic","GRINJ-008",63,397478,15.8,12.2,20.3
,"Horry County, SC","45051","2023","2023","Unintentional","1","Poisoning","GRINJ-015",225,397478,56.6,49.2,64.0
,"Horry County, SC","45051","2023","2023","Unintentional","1","Suffocation","GRINJ-017",13,397478,3.3,1.7,5.6
,"Horry County, SC","45051","2023","2023","Unintentional","1","Unspecified Injury","GRINJ-020",19,397478,4.8,2.9,7.5
,"Horry County, SC","45051","2023","2023","Suicide","2","Firearm","GRINJ-006",45,397478,11.3,8.3,15.1
,"Horry County, SC","45051","2023","2023","Suicide","2","Suffocation","GRINJ-017",12,397478,3.0,1.6,5.3
,"Horry County, SC","45051","2023","2023","Homicide","3","Firearm","GRINJ-006",16,397478,4.0,2.3,6.5
,"Jasper County, SC","45053","2023","2023","Unintentional","1","Motor Vehicle Traffic","GRINJ-008",16,33544,47.7,27.3,77.5
,"Jasper County, SC","45053","2023","2023","Unintentional","1","Poisoning","GRINJ-015",22,33544,65.6,41.1,99.3
,"Kershaw County, SC","45055","2023","2023","Unintentional","1","Fall","GRINJ-003",16,69905,22.9,13.1,37.2
,"Kershaw County, SC","45055","2023","2023","Unintentional","1","Motor Vehicle Traffic","GRINJ-008",10,69905,14.3,6.9,26.3
,"Kershaw County, SC","45055","2023","2023","Unintentional","1","Poisoning","GRINJ-015",20,69905,28.6,17.5,44.2
,"Lancaster County, SC","45057","2023","2023","Unintentional","1","Fall","GRINJ-003",21,108215,19.4,12.0,29.7
,"Lancaster County, SC","45057","2023","2023","Unintentional","1","Motor Vehicle Traffic","GRINJ-008",16,108215,14.8,8.5,24.0
,"Lancaster County, SC","45057","2023","2023","Unintentional","1","Poisoning","GRINJ-015",65,108215,60.1,46.4,76.6
,"Laurens County, SC","45059","2023","2023","Unintentional","1","Fall","GRINJ-003",14,68873,20.3,11.1,34.1
,"Laurens County, SC","45059","2023","2023","Unintentional","1","Motor Vehicle Traffic","GRINJ-008",24,68873,34.8,22.3,51.8
,"Laurens County, SC","45059","2023","2023","Unintentional","1","Poisoning","GRINJ-015",29,68873,42.1,28.2,60.5
,"Lexington County, SC","45063","2023","2023","Unintentional","1","Fall","GRINJ-003",68,309528,22.0,17.1,27.9
,"Lexington County, SC","45063","2023","2023","Unintentional","1","Motor Vehicle Traffic","GRINJ-008",54,309528,17.4,13.1,22.8
,"Lexington County, SC","45063","2023","2023","Unintentional","1","Poisoning","GRINJ-015",99,309528,32.0,26.0,38.9
,"Lexington County, SC","45063","2023","2023","Suicide","2","Firearm","GRINJ-006",45,309528,14.5,10.6,19.5
,"Lexington County, SC","45063","2023","2023","Homicide","3","Firearm","GRINJ-006",17,309528,5.5,3.2,8.8
,"Marion County, SC","45067","2023","2023","Unintentional","1","Motor Vehicle Traffic","GRINJ-008",13,28508,45.6,24.3,78.0
,"Marlboro County, SC","45069","2023","2023","Unintentional","1","Poisoning","GRINJ-015",13,25704,50.6,26.9,86.5
,"Newberry County, SC","45071","2023","2023","Unintentional","1","Motor Vehicle Traffic","GRINJ-008",12,38825,30.9,16.0,54.0
,"Newberry County, SC","45071","2023","2023","Unintentional","1","Poisoning","GRINJ-015",17,38825,43.8,25.5,70.1
,"Oconee County, SC","45073","2023","2023","Unintentional","1","Fall","GRINJ-003",13,81221,16.0,8.5,27.4
,"Oconee County, SC","45073","2023","2023","Unintentional","1","Motor Vehicle Traffic","GRINJ-008",15,81221,18.5,10.3,30.5
,"Oconee County, SC","45073","2023","2023","Unintentional","1","Poisoning","GRINJ-015",28,81221,34.5,22.9,49.8
,"Oconee County, SC","45073","2023","2023","Suicide","2","Firearm","GRINJ-006",12,81221,14.8,7.6,25.8
,"Orangeburg County, SC","45075","2023","2023","Unintentional","1","Fall","GRINJ-003",11,82820,13.3,6.6,23.8
,"Orangeburg County, SC","45075","2023","2023","Unintentional","1","Motor Vehicle Traffic","GRINJ-008",32,82820,38.6,26.4,54.5
,"Orangeburg County, SC","45075","2023","2023","Unintentional","1","Poisoning","GRINJ-015",34,82820,41.1,28.4,57.4
,"Orangeburg County, SC","45075","2023","2023","Homicide","3","Firearm","GRINJ-006",14,82820,16.9,9.2,28.4
,"Pickens County, SC","45077","2023","2023","Unintentional","1","Fall","GRINJ-003",50,135495,36.9,27.4,48.7
,"Pickens County, SC","45077","2023","2023","Unintentional","1","Motor Vehicle Traffic","GRINJ-008",22,135495,16.2,10.2,24.6
,"Pickens County, SC","45077","2023","2023","Unintentional","1","Poisoning","GRINJ-015",48,135495,35.4,26.1,47.0
,"Pickens County, SC","45077","2023","2023","Suicide","2","Firearm","GRINJ-006",19,135495,14.0,8.4,21.9
,"Richland County, SC","45079","2023","2023","Unintentional","1","Fall","GRINJ-003",34,425138,8.0,5.5,11.2
,"Richland County, SC","45079","2023","2023","Unintentional","1","Motor Vehicle Traffic","GRINJ-008",80,425138,18.8,14.9,23.4
,"Richland County, SC","45079","2023","2023","Unintentional","1","Poisoning","GRINJ-015",104,425138,24.5,19.8,29.2
,"Richland County, SC","45079","2023","2023","Unintentional","1","Suffocation","GRINJ-017",13,425138,3.1,1.6,5.2
,"Richland County, SC","45079","2023","2023","Unintentional","1","Unspecified Injury","GRINJ-020",15,425138,3.5,2.0,5.8
,"Richland County, SC","45079","2023","2023","Suicide","2","Firearm","GRINJ-006",31,425138,7.3,5.0,10.4
,"Richland County, SC","45079","2023","2023","Suicide","2","Poisoning","GRINJ-015",14,425138,3.3,1.8,5.5
,"Richland County, SC","45079","2023","2023","Homicide","3","Firearm","GRINJ-006",49,425138,11.5,8.5,15.2
,"Spartanburg County, SC","45083","2023","2023","Unintentional","1","Fall","GRINJ-003",48,356698,13.5,9.9,17.8
,"Spartanburg County, SC","45083","2023","2023","Unintentional","1","Motor Vehicle Traffic","GRINJ-008",74,356698,20.7,16.3,26.0
,"Spartanburg County, SC","45083","2023","2023","Unintentional","1","Poisoning","GRINJ-015",156,356698,43.7,36.9,50.6
,"Spartanburg County, SC","45083","2023","2023","Suicide","2","Firearm","GRINJ-006",34,356698,9.5,6.6,13.3
,"Spartanburg County, SC","45083","2023","2023","Suicide","2","Suffocation","GRINJ-017",10,356698,2.8,1.3,5.2
,"Spartanburg County, SC","45083","2023","2023","Homicide","3","Firearm","GRINJ-006",18,356698,5.0,3.0,8.0
,"Sumter County, SC","45085","2023","2023","Unintentional","1","Motor Vehicle Traffic","GRINJ-008",29,104165,27.8,18.6,40.0
,"Sumter County, SC","45085","2023","2023","Unintentional","1","Poisoning","GRINJ-015",35,104165,33.6,23.4,46.7
,"Sumter County, SC","45085","2023","2023","Suicide","2","Firearm","GRINJ-006",10,104165,9.6,4.6,17.7
,"Sumter County, SC","45085","2023","2023","Homicide","3","Firearm","GRINJ-006",17,104165,16.3,9.5,26.1
,"Union County, SC","45087","2023","2023","Unintentional","1","Poisoning","GRINJ-015",10,26629,37.6,18.0,69.1
,"Williamsburg County, SC","45089","2023","2023","Unintentional","1","Poisoning","GRINJ-015",19,29891,63.6,38.3,99.3
,"York County, SC","45091","2023","2023","Unintentional","1","Fall","GRINJ-003",95,298320,31.8,25.8,38.9
,"York County, SC","45091","2023","2023","Unintentional","1","Motor Vehicle Traffic","GRINJ-008",33,298320,11.1,7.6,15.5
,"York County, SC","45091","2023","2023","Unintentional","1","Poisoning","GRINJ-015",114,298320,38.2,31.2,45.2
,"York County, SC","45091","2023","2023","Suicide","2","Firearm","GRINJ-006",27,298320,9.1,6.0,13.2
,"York County, SC","45091","2023","2023","Homicide","3","Firearm","GRINJ-006",12,298320,4.0,2.1,7.0
,"Brown County, SD","46013","2023","2023","Unintentional","1","Fall","GRINJ-003",15,37733,39.8,22.2,65.6
,"Codington County, SD","46029","2023","2023","Unintentional","1","Fall","GRINJ-003",14,28971,48.3,26.4,81.1
,"Lincoln County, SD","46083","2023","2023","Unintentional","1","Fall","GRINJ-003",14,73238,19.1,10.5,32.1
,"Minnehaha County, SD","46099","2023","2023","Unintentional","1","Fall","GRINJ-003",43,206930,20.8,15.0,28.0
,"Minnehaha County, SD","46099","2023","2023","Unintentional","1","Motor Vehicle Traffic","GRINJ-008",20,206930,9.7,5.9,14.9
,"Minnehaha County, SD","46099","2023","2023","Unintentional","1","Poisoning","GRINJ-015",22,206930,10.6,6.7,16.1
,"Minnehaha County, SD","46099","2023","2023","Suicide","2","Firearm","GRINJ-006",19,206930,9.2,5.5,14.3
,"Minnehaha County, SD","46099","2023","2023","Suicide","2","Suffocation","GRINJ-017",13,206930,6.3,3.3,10.7
,"Pennington County, SD","46103","2023","2023","Unintentional","1","Fall","GRINJ-003",14,115903,12.1,6.6,20.3
,"Pennington County, SD","46103","2023","2023","Unintentional","1","Motor Vehicle Traffic","GRINJ-008",10,115903,8.6,4.1,15.9
,"Pennington County, SD","46103","2023","2023","Unintentional","1","Poisoning","GRINJ-015",19,115903,16.4,9.9,25.6
,"Pennington County, SD","46103","2023","2023","Suicide","2","Firearm","GRINJ-006",18,115903,15.5,9.2,24.5
,"Pennington County, SD","46103","2023","2023","Suicide","2","Suffocation","GRINJ-017",12,115903,10.4,5.3,18.1
,"Shannon County, SD","46113","2023","2023","Unintentional","1","Motor Vehicle Traffic","GRINJ-008",11,13434,81.9,40.9,146.5
,"Todd County, SD","46121","2023","2023","Unintentional","1","Motor Vehicle Traffic","GRINJ-008",10,9199,108.7,52.1,199.9
,"Anderson County, TN","47001","2023","2023","Unintentional","1","Motor Vehicle Traffic","GRINJ-008",15,80234,18.7,10.5,30.8
,"Anderson County, TN","47001","2023","2023","Unintentional","1","Poisoning","GRINJ-015",71,80234,88.5,69.1,111.6
,"Anderson County, TN","47001","2023","2023","Suicide","2","Firearm","GRINJ-006",21,80234,26.2,16.2,40.0
,"Bedford County, TN","47003","2023","2023","Unintentional","1","Motor Vehicle Traffic","GRINJ-008",17,53055,32.0,18.7,51.3
,"Bedford County, TN","47003","2023","2023","Unintentional","1","Poisoning","GRINJ-015",20,53055,37.7,23.0,58.2
,"Blount County, TN","47009","2023","2023","Unintentional","1","Fall","GRINJ-003",25,141456,17.7,11.4,26.1
,"Blount County, TN","47009","2023","2023","Unintentional","1","Motor Vehicle Traffic","GRINJ-008",24,141456,17.0,10.9,25.2
,"Blount County, TN","47009","2023","2023","Unintentional","1","Poisoning","GRINJ-015",64,141456,45.2,34.8,57.8
,"Blount County, TN","47009","2023","2023","Suicide","2","Firearm","GRINJ-006",25,141456,17.7,11.4,26.1
,"Bradley County, TN","47011","2023","2023","Unintentional","1","Fall","GRINJ-003",23,111579,20.6,13.1,30.9
,"Bradley County, TN","47011","2023","2023","Unintentional","1","Motor Vehicle Traffic","GRINJ-008",16,111579,14.3,8.2,23.3
,"Bradley County, TN","47011","2023","2023","Unintentional","1","Poisoning","GRINJ-015",35,111579,31.4,21.8,43.6
,"Campbell County, TN","47013","2023","2023","Unintentional","1","Motor Vehicle Traffic","GRINJ-008",14,40223,34.8,19.0,58.4
,"Campbell County, TN","47013","2023","2023","Unintentional","1","Poisoning","GRINJ-015",28,40223,69.6,46.3,100.6
,"Carter County, TN","47019","2023","2023","Unintentional","1","Fall","GRINJ-003",14,57022,24.6,13.4,41.2
,"Carter County, TN","47019","2023","2023","Unintentional","1","Motor Vehicle Traffic","GRINJ-008",12,57022,21.0,10.9,36.8
,"Carter County, TN","47019","2023","2023","Unintentional","1","Poisoning","GRINJ-015",33,57022,57.9,39.8,81.3
,"Cheatham County, TN","47021","2023","2023","Unintentional","1","Poisoning","GRINJ-015",26,42254,61.5,40.2,90.2
,"Claiborne County, TN","47025","2023","2023","Unintentional","1","Motor Vehicle Traffic","GRINJ-008",11,32654,33.7,16.8,60.3
,"Claiborne County, TN","47025","2023","2023","Unintentional","1","Poisoning","GRINJ-015",32,32654,98.0,67.0,138.3
,"Cocke County, TN","47029","2023","2023","Unintentional","1","Fall","GRINJ-003",10,37404,26.7,12.8,49.2
,"Cocke County, TN","47029","2023","2023","Unintentional","1","Motor Vehicle Traffic","GRINJ-008",15,37404,40.1,22.4,66.1
,"Cocke County, TN","47029","2023","2023","Unintentional","1","Poisoning","GRINJ-015",39,37404,104.3,74.1,142.5
,"Cocke County, TN","47029","2023","2023","Suicide","2","Firearm","GRINJ-006",10,37404,26.7,12.8,49.2
,"Coffee County, TN","47031","2023","2023","Unintentional","1","Motor Vehicle Traffic","GRINJ-008",14,60633,23.1,12.6,38.7
,"Coffee County, TN","47031","2023","2023","Unintentional","1","Poisoning","GRINJ-015",24,60633,39.6,25.4,58.9
,"Cumberland County, TN","47035","2023","2023","Unintentional","1","Fall","GRINJ-003",11,64760,17.0,8.5,30.4
,"Cumberland County, TN","47035","2023","2023","Unintentional","1","Motor Vehicle Traffic","GRINJ-008",18,64760,27.8,16.5,43.9
,"Cumberland County, TN","47035","2023","2023","Unintentional","1","Poisoning","GRINJ-015",47,64760,72.6,53.3,96.5
,"Cumberland County, TN","47035","2023","2023","Suicide","2","Firearm","GRINJ-006",10,64760,15.4,7.4,28.4
,"Davidson County, TN","47037","2023","2023","Unintentional","1","Drowning","GRINJ-002",14,712334,2.0,1.1,3.3
,"Davidson County, TN","47037","2023","2023","Unintentional","1","Fall","GRINJ-003",145,712334,20.4,17.0,23.7
,"Davidson County, TN","47037","2023","2023","Unintentional","1","Motor Vehicle Traffic","GRINJ-008",108,712334,15.2,12.3,18.0
,"Davidson County, TN","47037","2023","2023","Unintentional","1","Poisoning","GRINJ-015",521,712334,73.1,66.9,79.4
,"Davidson County, TN","47037","2023","2023","Unintentional","1","Suffocation","GRINJ-017",23,712334,3.2,2.0,4.8
,"Davidson County, TN","47037","2023","2023","Suicide","2","Firearm","GRINJ-006",58,712334,8.1,6.2,10.5
,"Davidson County, TN","47037","2023","2023","Suicide","2","Poisoning","GRINJ-015",12,712334,1.7,0.9,2.9
,"Davidson County, TN","47037","2023","2023","Suicide","2","Suffocation","GRINJ-017",16,712334,2.2,1.3,3.6
,"Davidson County, TN","47037","2023","2023","Homicide","3","Firearm","GRINJ-006",92,712334,12.9,10.4,15.8
,"DeKalb County, TN","47041","2023","2023","Unintentional","1","Poisoning","GRINJ-015",13,21225,61.2,32.6,104.7
,"Dickson County, TN","47043","2023","2023","Unintentional","1","Poisoning","GRINJ-015",25,56729,44.1,28.5,65.1
,"Fayette County, TN","47047","2023","2023","Unintentional","1","Motor Vehicle Traffic","GRINJ-008",15,44175,34.0,19.0,56.0
,"Fayette County, TN","47047","2023","2023","Unintentional","1","Poisoning","GRINJ-015",10,44175,22.6,10.9,41.6
,"Fentress County, TN","47049","2023","2023","Unintentional","1","Poisoning","GRINJ-015",11,19696,55.8,27.9,99.9
,"Franklin County, TN","47051","2023","2023","Unintentional","1","Poisoning","GRINJ-015",11,44654,24.6,12.3,44.1
,"Gibson County, TN","47053","2023","2023","Unintentional","1","Motor Vehicle Traffic","GRINJ-008",14,51045,27.4,15.0,46.0
,"Gibson County, TN","47053","2023","2023","Unintentional","1","Poisoning","GRINJ-015",12,51045,23.5,12.1,41.1
,"Grainger County, TN","47057","2023","2023","Unintentional","1","Poisoning","GRINJ-015",16,24681,64.8,37.1,105.3
,"Greene County, TN","47059","2023","2023","Unintentional","1","Fall","GRINJ-003",18,72577,24.8,14.7,39.2
,"Greene County, TN","47059","2023","2023","Unintentional","1","Motor Vehicle Traffic","GRINJ-008",18,72577,24.8,14.7,39.2
,"Greene County, TN","47059","2023","2023","Unintentional","1","Poisoning","GRINJ-015",46,72577,63.4,46.4,84.5
,"Greene County, TN","47059","2023","2023","Suicide","2","Firearm","GRINJ-006",20,72577,27.6,16.8,42.6
,"Hamblen County, TN","47063","2023","2023","Unintentional","1","Poisoning","GRINJ-015",39,66216,58.9,41.9,80.5
,"Hamilton County, TN","47065","2023","2023","Unintentional","1","Fall","GRINJ-003",42,379864,11.1,8.0,14.9
,"Hamilton County, TN","47065","2023","2023","Unintentional","1","Motor Vehicle Traffic","GRINJ-008",50,379864,13.2,9.8,17.4
,"Hamilton County, TN","47065","2023","2023","Unintentional","1","Poisoning","GRINJ-015",172,379864,45.3,38.5,52.0
,"Hamilton County, TN","47065","2023","2023","Suicide","2","Firearm","GRINJ-006",47,379864,12.4,9.1,16.5
,"Hamilton County, TN","47065","2023","2023","Homicide","3","Firearm","GRINJ-006",31,379864,8.2,5.5,11.6
,"Hardeman County, TN","47069","2023","2023","Unintentional","1","Poisoning","GRINJ-015",12,25567,46.9,24.3,82.0
,"Hawkins County, TN","47073","2023","2023","Unintentional","1","Fall","GRINJ-003",17,58600,29.0,16.9,46.4
,"Hawkins County, TN","47073","2023","2023","Unintentional","1","Poisoning","GRINJ-015",16,58600,27.3,15.6,44.3
,"Hawkins County, TN","47073","2023","2023","Suicide","2","Firearm","GRINJ-006",11,58600,18.8,9.4,33.6
,"Henry County, TN","47079","2023","2023","Unintentional","1","Fall","GRINJ-003",10,32554,30.7,14.7,56.5
,"Hickman County, TN","47081","2023","2023","Unintentional","1","Poisoning","GRINJ-015",19,25826,73.6,44.3,114.9
,"Jefferson County, TN","47089","2023","2023","Unintentional","1","Motor Vehicle Traffic","GRINJ-008",10,57838,17.3,8.3,31.8
,"Jefferson County, TN","47089","2023","2023","Unintentional","1","Poisoning","GRINJ-015",34,57838,58.8,40.7,82.1
,"Knox County, TN","47093","2023","2023","Unintentional","1","Fall","GRINJ-003",96,500669,19.2,15.5,23.4
,"Knox County, TN","47093","2023","2023","Unintentional","1","Motor Vehicle Traffic","GRINJ-008",67,500669,13.4,10.4,17.0
,"Knox County, TN","47093","2023","2023","Unintentional","1","Poisoning","GRINJ-015",426,500669,85.1,77.0,93.2
,"Knox County, TN","47093","2023","2023","Suicide","2","Firearm","GRINJ-006",44,500669,8.8,6.4,11.8
,"Knox County, TN","47093","2023","2023","Suicide","2","Suffocation","GRINJ-017",18,500669,3.6,2.1,5.7
,"Knox County, TN","47093","2023","2023","Homicide","3","Firearm","GRINJ-006",24,500669,4.8,3.1,7.1
,"Lawrence County, TN","47099","2023","2023","Unintentional","1","Poisoning","GRINJ-015",19,46114,41.2,24.8,64.3
,"Loudon County, TN","47105","2023","2023","Unintentional","1","Fall","GRINJ-003",10,60591,16.5,7.9,30.4
,"Loudon County, TN","47105","2023","2023","Unintentional","1","Poisoning","GRINJ-015",35,60591,57.8,40.2,80.3
,"McMinn County, TN","47107","2023","2023","Unintentional","1","Motor Vehicle Traffic","GRINJ-008",18,55678,32.3,19.2,51.1
,"McMinn County, TN","47107","2023","2023","Unintentional","1","Poisoning","GRINJ-015",26,55678,46.7,30.5,68.4
,"Madison County, TN","47113","2023","2023","Unintentional","1","Motor Vehicle Traffic","GRINJ-008",15,99193,15.1,8.5,24.9
,"Madison County, TN","47113","2023","2023","Unintentional","1","Poisoning","GRINJ-015",42,99193,42.3,30.5,57.2
,"Madison County, TN","47113","2023","2023","Suicide","2","Firearm","GRINJ-006",11,99193,11.1,5.5,19.8
,"Madison County, TN","47113","2023","2023","Homicide","3","Firearm","GRINJ-006",13,99193,13.1,7.0,22.4
,"Marion County, TN","47115","2023","2023","Unintentional","1","Motor Vehicle Traffic","GRINJ-008",12,29382,40.8,21.1,71.3
,"Marion County, TN","47115","2023","2023","Unintentional","1","Poisoning","GRINJ-015",10,29382,34.0,16.3,62.6
,"Marshall County, TN","47117","2023","2023","Unintentional","1","Poisoning","GRINJ-015",10,36961,27.1,13.0,49.8
,"Maury County, TN","47119","2023","2023","Unintentional","1","Fall","GRINJ-003",10,110760,9.0,4.3,16.6
,"Maury County, TN","47119","2023","2023","Unintentional","1","Motor Vehicle Traffic","GRINJ-008",12,110760,10.8,5.6,18.9
,"Maury County, TN","47119","2023","2023","Unintentional","1","Poisoning","GRINJ-015",38,110760,34.3,24.3,47.1
,"Maury County, TN","47119","2023","2023","Suicide","2","Firearm","GRINJ-006",11,110760,9.9,5.0,17.8
,"Monroe County, TN","47123","2023","2023","Unintentional","1","Motor Vehicle Traffic","GRINJ-008",17,48594,35.0,20.4,56.0
,"Monroe County, TN","47123","2023","2023","Unintentional","1","Poisoning","GRINJ-015",30,48594,61.7,41.7,88.1
,"Montgomery County, TN","47125","2023","2023","Unintentional","1","Fall","GRINJ-003",16,239872,6.7,3.8,10.8
,"Montgomery County, TN","47125","2023","2023","Unintentional","1","Motor Vehicle Traffic","GRINJ-008",40,239872,16.7,11.9,22.7
,"Montgomery County, TN","47125","2023","2023","Unintentional","1","Poisoning","GRINJ-015",75,239872,31.3,24.6,39.2
,"Montgomery County, TN","47125","2023","2023","Suicide","2","Firearm","GRINJ-006",39,239872,16.3,11.6,22.2
,"Montgomery County, TN","47125","2023","2023","Homicide","3","Firearm","GRINJ-006",11,239872,4.6,2.3,8.2
,"Morgan County, TN","47129","2023","2023","Unintentional","1","Poisoning","GRINJ-015",19,21573,88.1,53.0,137.5
,"Polk County, TN","47139","2023","2023","Unintentional","1","Poisoning","GRINJ-015",12,18033,66.5,34.4,116.2
,"Putnam County, TN","47141","2023","2023","Unintentional","1","Fall","GRINJ-003",11,83844,13.1,6.5,23.5
,"Putnam County, TN","47141","2023","2023","Unintentional","1","Motor Vehicle Traffic","GRINJ-008",10,83844,11.9,5.7,21.9
,"Putnam County, TN","47141","2023","2023","Unintentional","1","Poisoning","GRINJ-015",31,83844,37.0,25.1,52.5
,"Putnam County, TN","47141","2023","2023","Suicide","2","Firearm","GRINJ-006",14,83844,16.7,9.1,28.0
,"Rhea County, TN","47143","2023","2023","Unintentional","1","Poisoning","GRINJ-015",12,33924,35.4,18.3,61.8
,"Roane County, TN","47145","2023","2023","Unintentional","1","Fall","GRINJ-003",15,56096,26.7,15.0,44.1
,"Roane County, TN","47145","2023","2023","Unintentional","1","Motor Vehicle Traffic","GRINJ-008",10,56096,17.8,8.5,32.8
,"Roane County, TN","47145","2023","2023","Unintentional","1","Poisoning","GRINJ-015",71,56096,126.6,98.9,159.6
,"Roane County, TN","47145","2023","2023","Suicide","2","Firearm","GRINJ-006",15,56096,26.7,15.0,44.1
,"Robertson County, TN","47147","2023","2023","Unintentional","1","Fall","GRINJ-003",19,76776,24.7,14.9,38.6
,"Robertson County, TN","47147","2023","2023","Unintentional","1","Motor Vehicle Traffic","GRINJ-008",19,76776,24.7,14.9,38.6
,"Robertson County, TN","47147","2023","2023","Unintentional","1","Poisoning","GRINJ-015",46,76776,59.9,43.9,79.9
,"Rutherford County, TN","47149","2023","2023","Unintentional","1","Fall","GRINJ-003",52,367101,14.2,10.6,18.6
,"Rutherford County, TN","47149","2023","2023","Unintentional","1","Motor Vehicle Traffic","GRINJ-008",49,367101,13.3,9.9,17.6
,"Rutherford County, TN","47149","2023","2023","Unintentional","1","Poisoning","GRINJ-015",114,367101,31.1,25.4,36.8
,"Rutherford County, TN","47149","2023","2023","Suicide","2","Firearm","GRINJ-006",30,367101,8.2,5.5,11.7
,"Rutherford County, TN","47149","2023","2023","Homicide","3","Firearm","GRINJ-006",12,367101,3.3,1.7,5.7
,"Sevier County, TN","47155","2023","2023","Unintentional","1","Fall","GRINJ-003",31,99415,31.2,21.2,44.3
,"Sevier County, TN","47155","2023","2023","Unintentional","1","Motor Vehicle Traffic","GRINJ-008",22,99415,22.1,13.9,33.5
,"Sevier County, TN","47155","2023","2023","Unintentional","1","Poisoning","GRINJ-015",55,99415,55.3,41.7,72.0
,"Sevier County, TN","47155","2023","2023","Suicide","2","Firearm","GRINJ-006",14,99415,14.1,7.7,23.6
,"Shelby County, TN","47157","2023","2023","Unintentional","1","Drowning","GRINJ-002",13,910042,1.4,0.8,2.4
,"Shelby County, TN","47157","2023","2023","Unintentional","1","Fall","GRINJ-003",91,910042,10.0,8.1,12.3
,"Shelby County, TN","47157","2023","2023","Unintentional","1","Fire/Flame","GRINJ-004",23,910042,2.5,1.6,3.8
,"Shelby County, TN","47157","2023","2023","Unintentional","1","Motor Vehicle Traffic","GRINJ-008",252,910042,27.7,24.3,31.1
,"Shelby County, TN","47157","2023","2023","Unintentional","1","Poisoning","GRINJ-015",487,910042,53.5,48.8,58.3
,"Shelby County, TN","47157","2023","2023","Unintentional","1","Suffocation","GRINJ-017",29,910042,3.2,2.1,4.6
,"Shelby County, TN","47157","2023","2023","Unintentional","1","Unspecified Injury","GRINJ-020",16,910042,1.8,1.0,2.9
,"Shelby County, TN","47157","2023","2023","Suicide","2","Firearm","GRINJ-006",98,910042,10.8,8.7,13.1
,"Shelby County, TN","47157","2023","2023","Suicide","2","Poisoning","GRINJ-015",14,910042,1.5,0.8,2.6
,"Shelby County, TN","47157","2023","2023","Suicide","2","Suffocation","GRINJ-017",22,910042,2.4,1.5,3.7
,"Shelby County, TN","47157","2023","2023","Homicide","3","Cut/Pierce","GRINJ-001",14,910042,1.5,0.8,2.6
,"Shelby County, TN","47157","2023","2023","Homicide","3","Firearm","GRINJ-006",340,910042,37.4,33.4,41.3
,"Shelby County, TN","47157","2023","2023","Undetermined ","4","Poisoning","GRINJ-015",14,910042,1.5,0.8,2.6
,"Sullivan County, TN","47163","2023","2023","Unintentional","1","Fall","GRINJ-003",57,162135,35.2,26.6,45.5
,"Sullivan County, TN","47163","2023","2023","Unintentional","1","Motor Vehicle Traffic","GRINJ-008",18,162135,11.1,6.6,17.5
,"Sullivan County, TN","47163","2023","2023","Unintentional","1","Poisoning","GRINJ-015",90,162135,55.5,44.6,68.2
,"Sullivan County, TN","47163","2023","2023","Suicide","2","Firearm","GRINJ-006",30,162135,18.5,12.5,26.4
,"Sumner County, TN","47165","2023","2023","Unintentional","1","Fall","GRINJ-003",33,207994,15.9,10.9,22.3
,"Sumner County, TN","47165","2023","2023","Unintentional","1","Motor Vehicle Traffic","GRINJ-008",30,207994,14.4,9.7,20.6
,"Sumner County, TN","47165","2023","2023","Unintentional","1","Poisoning","GRINJ-015",63,207994,30.3,23.3,38.8
,"Sumner County, TN","47165","2023","2023","Suicide","2","Firearm","GRINJ-006",32,207994,15.4,10.5,21.7
,"Tipton County, TN","47167","2023","2023","Unintentional","1","Poisoning","GRINJ-015",22,62015,35.5,22.2,53.7
,"Union County, TN","47173","2023","2023","Unintentional","1","Poisoning","GRINJ-015",12,20741,57.9,29.9,101.1
,"Warren County, TN","47177","2023","2023","Unintentional","1","Motor Vehicle Traffic","GRINJ-008",13,42638,30.5,16.2,52.1
,"Warren County, TN","47177","2023","2023","Unintentional","1","Poisoning","GRINJ-015",13,42638,30.5,16.2,52.1
,"Washington County, TN","47179","2023","2023","Unintentional","1","Fall","GRINJ-003",40,138420,28.9,20.6,39.4
,"Washington County, TN","47179","2023","2023","Unintentional","1","Motor Vehicle Traffic","GRINJ-008",12,138420,8.7,4.5,15.1
,"Washington County, TN","47179","2023","2023","Unintentional","1","Poisoning","GRINJ-015",64,138420,46.2,35.6,59.0
,"Washington County, TN","47179","2023","2023","Suicide","2","Firearm","GRINJ-006",15,138420,10.8,6.1,17.9
,"Wayne County, TN","47181","2023","2023","Unintentional","1","Poisoning","GRINJ-015",12,16066,74.7,38.6,130.5
,"White County, TN","47185","2023","2023","Unintentional","1","Poisoning","GRINJ-015",10,28692,34.9,16.7,64.1
,"Williamson County, TN","47187","2023","2023","Unintentional","1","Fall","GRINJ-003",50,264460,18.9,14.0,24.9
,"Williamson County, TN","47187","2023","2023","Unintentional","1","Motor Vehicle Traffic","GRINJ-008",24,264460,9.1,5.8,13.5
,"Williamson County, TN","47187","2023","2023","Unintentional","1","Poisoning","GRINJ-015",37,264460,14.0,9.9,19.3
,"Williamson County, TN","47187","2023","2023","Suicide","2","Firearm","GRINJ-006",20,264460,7.6,4.6,11.7
,"Wilson County, TN","47189","2023","2023","Unintentional","1","Fall","GRINJ-003",35,163674,21.4,14.9,29.7
,"Wilson County, TN","47189","2023","2023","Unintentional","1","Motor Vehicle Traffic","GRINJ-008",24,163674,14.7,9.4,21.8
,"Wilson County, TN","47189","2023","2023","Unintentional","1","Poisoning","GRINJ-015",64,163674,39.1,30.1,49.9
,"Wilson County, TN","47189","2023","2023","Suicide","2","Firearm","GRINJ-006",13,163674,7.9,4.2,13.6
,"Anderson County, TX","48001","2023","2023","Unintentional","1","Motor Vehicle Traffic","GRINJ-008",13,57736,22.5,12.0,38.5
,"Anderson County, TX","48001","2023","2023","Suicide","2","Suffocation","GRINJ-017",15,57736,26.0,14.5,42.9
,"Angelina County, TX","48005","2023","2023","Unintentional","1","Motor Vehicle Traffic","GRINJ-008",28,87319,32.1,21.3,46.3
,"Angelina County, TX","48005","2023","2023","Unintentional","1","Poisoning","GRINJ-015",16,87319,18.3,10.5,29.8
,"Angelina County, TX","48005","2023","2023","Suicide","2","Firearm","GRINJ-006",12,87319,13.7,7.1,24.0
,"Austin County, TX","48015","2023","2023","Unintentional","1","Motor Vehicle Traffic","GRINJ-008",11,31677,34.7,17.3,62.1
,"Bastrop County, TX","48021","2023","2023","Unintentional","1","Motor Vehicle Traffic","GRINJ-008",32,110778,28.9,19.8,40.8
,"Bastrop County, TX","48021","2023","2023","Unintentional","1","Poisoning","GRINJ-015",26,110778,23.5,15.3,34.4
,"Bell County, TX","48027","2023","2023","Unintentional","1","Fall","GRINJ-003",29,393193,7.4,4.9,10.6
,"Bell County, TX","48027","2023","2023","Unintentional","1","Motor Vehicle Traffic","GRINJ-008",49,393193,12.5,9.2,16.5
,"Bell County, TX","48027","2023","2023","Unintentional","1","Poisoning","GRINJ-015",66,393193,16.8,13.0,21.4
,"Bell County, TX","48027","2023","2023","Suicide","2","Firearm","GRINJ-006",50,393193,12.7,9.4,16.8
,"Bell County, TX","48027","2023","2023","Homicide","3","Firearm","GRINJ-006",23,393193,5.8,3.7,8.8
,"Bexar County, TX","48029","2023","2023","Unintentional","1","Drowning","GRINJ-002",23,2087679,1.1,0.7,1.7
,"Bexar County, TX","48029","2023","2023","Unintentional","1","Fall","GRINJ-003",227,2087679,10.9,9.5,12.3
,"Bexar County, TX","48029","2023","2023","Unintentional","1","Fire/Flame","GRINJ-004",16,2087679,0.8,0.4,1.2
,"Bexar County, TX","48029","2023","2023","Unintentional","1","Motor Vehicle Traffic","GRINJ-008",257,2087679,12.3,10.8,13.8
,"Bexar County, TX","48029","2023","2023","Unintentional","1","Natural/Environmental","GRINJ-013",11,2087679,0.5,0.3,0.9
,"Bexar County, TX","48029","2023","2023","Unintentional","1","Poisoning","GRINJ-015",455,2087679,21.8,19.8,23.8
,"Bexar County, TX","48029","2023","2023","Unintentional","1","Suffocation","GRINJ-017",27,2087679,1.3,0.9,1.9
,"Bexar County, TX","48029","2023","2023","Unintentional","1","Other specified, not elsewhere classified Injury","GRINJ-019",10,2087679,0.5,0.2,0.9
,"Bexar County, TX","48029","2023","2023","Unintentional","1","Unspecified Injury","GRINJ-020",24,2087679,1.1,0.7,1.7
,"Bexar County, TX","48029","2023","2023","Suicide","2","Firearm","GRINJ-006",154,2087679,7.4,6.2,8.5
,"Bexar County, TX","48029","2023","2023","Suicide","2","Poisoning","GRINJ-015",31,2087679,1.5,1.0,2.1
,"Bexar County, TX","48029","2023","2023","Suicide","2","Suffocation","GRINJ-017",84,2087679,4.0,3.2,5.0
,"Bexar County, TX","48029","2023","2023","Homicide","3","Cut/Pierce","GRINJ-001",15,2087679,0.7,0.4,1.2
,"Bexar County, TX","48029","2023","2023","Homicide","3","Firearm","GRINJ-006",188,2087679,9.0,7.7,10.3
,"Bowie County, TX","48037","2023","2023","Unintentional","1","Motor Vehicle Traffic","GRINJ-008",18,91687,19.6,11.6,31.0
,"Bowie County, TX","48037","2023","2023","Unintentional","1","Poisoning","GRINJ-015",20,91687,21.8,13.3,33.7
,"Brazoria County, TX","48039","2023","2023","Unintentional","1","Fall","GRINJ-003",37,398938,9.3,6.5,12.8
,"Brazoria County, TX","48039","2023","2023","Unintentional","1","Motor Vehicle Traffic","GRINJ-008",41,398938,10.3,7.4,13.9
,"Brazoria County, TX","48039","2023","2023","Unintentional","1","Poisoning","GRINJ-015",81,398938,20.3,16.1,25.2
,"Brazoria County, TX","48039","2023","2023","Unintentional","1","Unspecified Injury","GRINJ-020",11,398938,2.8,1.4,4.9
,"Brazoria County, TX","48039","2023","2023","Suicide","2","Firearm","GRINJ-006",32,398938,8.0,5.5,11.3
,"Brazoria County, TX","48039","2023","2023","Suicide","2","Suffocation","GRINJ-017",16,398938,4.0,2.3,6.5
,"Brazoria County, TX","48039","2023","2023","Homicide","3","Firearm","GRINJ-006",10,398938,2.5,1.2,4.6
,"Brazos County, TX","48041","2023","2023","Unintentional","1","Motor Vehicle Traffic","GRINJ-008",18,244703,7.4,4.4,11.6
,"Brazos County, TX","48041","2023","2023","Unintentional","1","Poisoning","GRINJ-015",17,244703,6.9,4.0,11.1
,"Brazos County, TX","48041","2023","2023","Suicide","2","Firearm","GRINJ-006",18,244703,7.4,4.4,11.6
,"Brown County, TX","48049","2023","2023","Unintentional","1","Motor Vehicle Traffic","GRINJ-008",19,38709,49.1,29.6,76.7
,"Burnet County, TX","48053","2023","2023","Unintentional","1","Fall","GRINJ-003",13,53991,24.1,12.8,41.2
,"Burnet County, TX","48053","2023","2023","Unintentional","1","Motor Vehicle Traffic","GRINJ-008",14,53991,25.9,14.2,43.5
,"Burnet County, TX","48053","2023","2023","Unintentional","1","Poisoning","GRINJ-015",12,53991,22.2,11.5,38.8
,"Caldwell County, TX","48055","2023","2023","Unintentional","1","Motor Vehicle Traffic","GRINJ-008",20,49859,40.1,24.5,62.0
,"Cameron County, TX","48061","2023","2023","Unintentional","1","Fall","GRINJ-003",12,426710,2.8,1.5,4.9
,"Cameron County, TX","48061","2023","2023","Unintentional","1","Motor Vehicle Traffic","GRINJ-008",43,426710,10.1,7.3,13.6
,"Cameron County, TX","48061","2023","2023","Unintentional","1","Poisoning","GRINJ-015",44,426710,10.3,7.5,13.8
,"Cameron County, TX","48061","2023","2023","Unintentional","1","Unspecified Injury","GRINJ-020",14,426710,3.3,1.8,5.5
,"Cameron County, TX","48061","2023","2023","Suicide","2","Firearm","GRINJ-006",17,426710,4.0,2.3,6.4
,"Cameron County, TX","48061","2023","2023","Suicide","2","Suffocation","GRINJ-017",11,426710,2.6,1.3,4.6
,"Cameron County, TX","48061","2023","2023","Homicide","3","Firearm","GRINJ-006",17,426710,4.0,2.3,6.4
,"Chambers County, TX","48071","2023","2023","Unintentional","1","Motor Vehicle Traffic","GRINJ-008",12,53876,22.3,11.5,38.9
,"Chambers County, TX","48071","2023","2023","Unintentional","1","Poisoning","GRINJ-015",10,53876,18.6,8.9,34.1
,"Cherokee County, TX","48073","2023","2023","Unintentional","1","Motor Vehicle Traffic","GRINJ-008",12,52217,23.0,11.9,40.1
,"Collin County, TX","48085","2023","2023","Unintentional","1","Fall","GRINJ-003",86,1195359,7.2,5.8,8.9
,"Collin County, TX","48085","2023","2023","Unintentional","1","Motor Vehicle Traffic","GRINJ-008",79,1195359,6.6,5.2,8.2
,"Collin County, TX","48085","2023","2023","Unintentional","1","Poisoning","GRINJ-015",108,1195359,9.0,7.3,10.7
,"Collin County, TX","48085","2023","2023","Unintentional","1","Unspecified Injury","GRINJ-020",10,1195359,0.8,0.4,1.5
,"Collin County, TX","48085","2023","2023","Suicide","2","Firearm","GRINJ-006",87,1195359,7.3,5.8,9.0
,"Collin County, TX","48085","2023","2023","Suicide","2","Poisoning","GRINJ-015",12,1195359,1.0,0.5,1.8
,"Collin County, TX","48085","2023","2023","Suicide","2","Suffocation","GRINJ-017",28,1195359,2.3,1.6,3.4
,"Collin County, TX","48085","2023","2023","Homicide","3","Firearm","GRINJ-006",22,1195359,1.8,1.2,2.8
,"Comal County, TX","48091","2023","2023","Unintentional","1","Motor Vehicle Traffic","GRINJ-008",29,193928,15.0,10.0,21.5
,"Comal County, TX","48091","2023","2023","Unintentional","1","Poisoning","GRINJ-015",22,193928,11.3,7.1,17.2
,"Comal County, TX","48091","2023","2023","Suicide","2","Firearm","GRINJ-006",20,193928,10.3,6.3,15.9
,"Cooke County, TX","48097","2023","2023","Unintentional","1","Motor Vehicle Traffic","GRINJ-008",16,43782,36.5,20.9,59.3
,"Coryell County, TX","48099","2023","2023","Unintentional","1","Fall","GRINJ-003",10,84878,11.8,5.6,21.7
,"Coryell County, TX","48099","2023","2023","Unintentional","1","Motor Vehicle Traffic","GRINJ-008",10,84878,11.8,5.6,21.7
,"Dallas County, TX","48113","2023","2023","Unintentional","1","Drowning","GRINJ-002",44,2606358,1.7,1.2,2.3
,"Dallas County, TX","48113","2023","2023","Unintentional","1","Fall","GRINJ-003",218,2606358,8.4,7.3,9.5
,"Dallas County, TX","48113","2023","2023","Unintentional","1","Fire/Flame","GRINJ-004",15,2606358,0.6,0.3,0.9
,"Dallas County, TX","48113","2023","2023","Unintentional","1","Motor Vehicle Traffic","GRINJ-008",360,2606358,13.8,12.4,15.2
,"Dallas County, TX","48113","2023","2023","Unintentional","1","Other Pedestrian","GRINJ-010",10,2606358,0.4,0.2,0.7
,"Dallas County, TX","48113","2023","2023","Unintentional","1","Natural/Environmental","GRINJ-013",34,2606358,1.3,0.9,1.8
,"Dallas County, TX","48113","2023","2023","Unintentional","1","Poisoning","GRINJ-015",649,2606358,24.9,23.0,26.8
,"Dallas County, TX","48113","2023","2023","Unintentional","1","Suffocation","GRINJ-017",37,2606358,1.4,1.0,2.0
,"Dallas County, TX","48113","2023","2023","Unintentional","1","Other specified, classifiable Injury","GRINJ-018",16,2606358,0.6,0.4,1.0
,"Dallas County, TX","48113","2023","2023","Unintentional","1","Other specified, not elsewhere classified Injury","GRINJ-019",22,2606358,0.8,0.5,1.3
,"Dallas County, TX","48113","2023","2023","Unintentional","1","Unspecified Injury","GRINJ-020",20,2606358,0.8,0.5,1.2
,"Dallas County, TX","48113","2023","2023","Suicide","2","Firearm","GRINJ-006",189,2606358,7.3,6.2,8.3
,"Dallas County, TX","48113","2023","2023","Suicide","2","Poisoning","GRINJ-015",25,2606358,1.0,0.6,1.4
,"Dallas County, TX","48113","2023","2023","Suicide","2","Suffocation","GRINJ-017",84,2606358,3.2,2.6,4.0
,"Dallas County, TX","48113","2023","2023","Homicide","3","Cut/Pierce","GRINJ-001",17,2606358,0.7,0.4,1.0
,"Dallas County, TX","48113","2023","2023","Homicide","3","Firearm","GRINJ-006",260,2606358,10.0,8.8,11.2
,"Dallas County, TX","48113","2023","2023","Homicide","3","Suffocation","GRINJ-017",12,2606358,0.5,0.2,0.8
,"Dallas County, TX","48113","2023","2023","Homicide","3","Unspecified Injury","GRINJ-020",15,2606358,0.6,0.3,0.9
,"Dallas County, TX","48113","2023","2023","Undetermined ","4","Poisoning","GRINJ-015",12,2606358,0.5,0.2,0.8
,"Dawson County, TX","48115","2023","2023","Unintentional","1","Motor Vehicle Traffic","GRINJ-008",10,12004,83.3,39.9,153.2
,"Denton County, TX","48121","2023","2023","Unintentional","1","Drowning","GRINJ-002",12,1007703,1.2,0.6,2.1
,"Denton County, TX","48121","2023","2023","Unintentional","1","Fall","GRINJ-003",101,1007703,10.0,8.1,12.0
,"Denton County, TX","48121","2023","2023","Unintentional","1","Motor Vehicle Traffic","GRINJ-008",76,1007703,7.5,5.9,9.4
,"Denton County, TX","48121","2023","2023","Unintentional","1","Poisoning","GRINJ-015",94,1007703,9.3,7.5,11.4
,"Denton County, TX","48121","2023","2023","Unintentional","1","Suffocation","GRINJ-017",15,1007703,1.5,0.8,2.5
,"Denton County, TX","48121","2023","2023","Suicide","2","Firearm","GRINJ-006",81,1007703,8.0,6.4,10.0
,"Denton County, TX","48121","2023","2023","Suicide","2","Poisoning","GRINJ-015",10,1007703,1.0,0.5,1.8
,"Denton County, TX","48121","2023","2023","Suicide","2","Suffocation","GRINJ-017",20,1007703,2.0,1.2,3.1
,"Denton County, TX","48121","2023","2023","Homicide","3","Firearm","GRINJ-006",23,1007703,2.3,1.4,3.4
,"Ector County, TX","48135","2023","2023","Unintentional","1","Motor Vehicle Traffic","GRINJ-008",48,164494,29.2,21.5,38.7
,"Ector County, TX","48135","2023","2023","Unintentional","1","Poisoning","GRINJ-015",33,164494,20.1,13.8,28.2
,"Ector County, TX","48135","2023","2023","Suicide","2","Firearm","GRINJ-006",17,164494,10.3,6.0,16.5
,"Ector County, TX","48135","2023","2023","Homicide","3","Firearm","GRINJ-006",11,164494,6.7,3.3,12.0
,"Ellis County, TX","48139","2023","2023","Unintentional","1","Fall","GRINJ-003",17,222829,7.6,4.4,12.2
,"Ellis County, TX","48139","2023","2023","Unintentional","1","Motor Vehicle Traffic","GRINJ-008",32,222829,14.4,9.8,20.3
,"Ellis County, TX","48139","2023","2023","Unintentional","1","Poisoning","GRINJ-015",24,222829,10.8,6.9,16.0
,"Ellis County, TX","48139","2023","2023","Suicide","2","Firearm","GRINJ-006",18,222829,8.1,4.8,12.8
,"El Paso County, TX","48141","2023","2023","Unintentional","1","Fall","GRINJ-003",82,869880,9.4,7.5,11.7
,"El Paso County, TX","48141","2023","2023","Unintentional","1","Motor Vehicle Traffic","GRINJ-008",105,869880,12.1,9.8,14.4
,"El Paso County, TX","48141","2023","2023","Unintentional","1","Poisoning","GRINJ-015",171,869880,19.7,16.7,22.6
,"El Paso County, TX","48141","2023","2023","Unintentional","1","Suffocation","GRINJ-017",12,869880,1.4,0.7,2.4
,"El Paso County, TX","48141","2023","2023","Unintentional","1","Unspecified Injury","GRINJ-020",13,869880,1.5,0.8,2.6
,"El Paso County, TX","48141","2023","2023","Suicide","2","Firearm","GRINJ-006",59,869880,6.8,5.2,8.7
,"El Paso County, TX","48141","2023","2023","Suicide","2","Poisoning","GRINJ-015",13,869880,1.5,0.8,2.6
,"El Paso County, TX","48141","2023","2023","Suicide","2","Suffocation","GRINJ-017",26,869880,3.0,2.0,4.4
,"El Paso County, TX","48141","2023","2023","Homicide","3","Firearm","GRINJ-006",34,869880,3.9,2.7,5.5
,"Fannin County, TX","48147","2023","2023","Unintentional","1","Motor Vehicle Traffic","GRINJ-008",16,37571,42.6,24.3,69.2
,"Fayette County, TX","48149","2023","2023","Unintentional","1","Fall","GRINJ-003",10,25474,39.3,18.8,72.2
,"Fort Bend County, TX","48157","2023","2023","Unintentional","1","Fall","GRINJ-003",95,916778,10.4,8.4,12.7
,"Fort Bend County, TX","48157","2023","2023","Unintentional","1","Motor Vehicle Traffic","GRINJ-008",74,916778,8.1,6.3,10.1
,"Fort Bend County, TX","48157","2023","2023","Unintentional","1","Poisoning","GRINJ-015",95,916778,10.4,8.4,12.7
,"Fort Bend County, TX","48157","2023","2023","Unintentional","1","Suffocation","GRINJ-017",20,916778,2.2,1.3,3.4
,"Fort Bend County, TX","48157","2023","2023","Unintentional","1","Unspecified Injury","GRINJ-020",11,916778,1.2,0.6,2.1
,"Fort Bend County, TX","48157","2023","2023","Suicide","2","Firearm","GRINJ-006",41,916778,4.5,3.2,6.1
,"Fort Bend County, TX","48157","2023","2023","Suicide","2","Suffocation","GRINJ-017",19,916778,2.1,1.2,3.2
,"Fort Bend County, TX","48157","2023","2023","Homicide","3","Firearm","GRINJ-006",37,916778,4.0,2.8,5.6
,"Galveston County, TX","48167","2023","2023","Unintentional","1","Fall","GRINJ-003",27,361744,7.5,4.9,10.9
,"Galveston County, TX","48167","2023","2023","Unintentional","1","Motor Vehicle Traffic","GRINJ-008",48,361744,13.3,9.8,17.6
,"Galveston County, TX","48167","2023","2023","Unintentional","1","Poisoning","GRINJ-015",85,361744,23.5,18.8,29.1
,"Galveston County, TX","48167","2023","2023","Suicide","2","Firearm","GRINJ-006",51,361744,14.1,10.5,18.5
,"Galveston County, TX","48167","2023","2023","Homicide","3","Firearm","GRINJ-006",16,361744,4.4,2.5,7.2
,"Grayson County, TX","48181","2023","2023","Unintentional","1","Fall","GRINJ-003",11,146907,7.5,3.7,13.4
,"Grayson County, TX","48181","2023","2023","Unintentional","1","Motor Vehicle Traffic","GRINJ-008",19,146907,12.9,7.8,20.2
,"Grayson County, TX","48181","2023","2023","Unintentional","1","Poisoning","GRINJ-015",28,146907,19.1,12.7,27.5
,"Grayson County, TX","48181","2023","2023","Unintentional","1","Unspecified Injury","GRINJ-020",10,146907,6.8,3.3,12.5
,"Grayson County, TX","48181","2023","2023","Suicide","2","Firearm","GRINJ-006",26,146907,17.7,11.6,25.9
,"Gregg County, TX","48183","2023","2023","Unintentional","1","Motor Vehicle Traffic","GRINJ-008",33,126243,26.1,18.0,36.7
,"Gregg County, TX","48183","2023","2023","Unintentional","1","Poisoning","GRINJ-015",16,126243,12.7,7.2,20.6
,"Gregg County, TX","48183","2023","2023","Suicide","2","Firearm","GRINJ-006",24,126243,19.0,12.2,28.3
,"Guadalupe County, TX","48187","2023","2023","Unintentional","1","Motor Vehicle Traffic","GRINJ-008",25,188454,13.3,8.6,19.6
,"Guadalupe County, TX","48187","2023","2023","Unintentional","1","Poisoning","GRINJ-015",16,188454,8.5,4.9,13.8
,"Guadalupe County, TX","48187","2023","2023","Suicide","2","Firearm","GRINJ-006",19,188454,10.1,6.1,15.7
,"Hardin County, TX","48199","2023","2023","Unintentional","1","Motor Vehicle Traffic","GRINJ-008",14,58261,24.0,13.1,40.3
,"Hardin County, TX","48199","2023","2023","Unintentional","1","Poisoning","GRINJ-015",11,58261,18.9,9.4,33.8
,"Harris County, TX","48201","2023","2023","Unintentional","1","Drowning","GRINJ-002",60,4835125,1.2,0.9,1.6
,"Harris County, TX","48201","2023","2023","Unintentional","1","Fall","GRINJ-003",401,4835125,8.3,7.5,9.1
,"Harris County, TX","48201","2023","2023","Unintentional","1","Fire/Flame","GRINJ-004",19,4835125,0.4,0.2,0.6
,"Harris County, TX","48201","2023","2023","Unintentional","1","Motor Vehicle Traffic","GRINJ-008",587,4835125,12.1,11.2,13.1
,"Harris County, TX","48201","2023","2023","Unintentional","1","Other Pedestrian","GRINJ-010",16,4835125,0.3,0.2,0.5
,"Harris County, TX","48201","2023","2023","Unintentional","1","Natural/Environmental","GRINJ-013",57,4835125,1.2,0.9,1.5
,"Harris County, TX","48201","2023","2023","Unintentional","1","Poisoning","GRINJ-015",1036,4835125,21.4,20.1,22.7
,"Harris County, TX","48201","2023","2023","Unintentional","1","Suffocation","GRINJ-017",55,4835125,1.1,0.9,1.5
,"Harris County, TX","48201","2023","2023","Unintentional","1","Other specified, classifiable Injury","GRINJ-018",33,4835125,0.7,0.5,1.0
,"Harris County, TX","48201","2023","2023","Unintentional","1","Other specified, not elsewhere classified Injury","GRINJ-019",18,4835125,0.4,0.2,0.6
,"Harris County, TX","48201","2023","2023","Unintentional","1","Unspecified Injury","GRINJ-020",80,4835125,1.7,1.3,2.1
,"Harris County, TX","48201","2023","2023","Suicide","2","Fall","GRINJ-003",14,4835125,0.3,0.2,0.5
,"Harris County, TX","48201","2023","2023","Suicide","2","Firearm","GRINJ-006",348,4835125,7.2,6.4,8.0
,"Harris County, TX","48201","2023","2023","Suicide","2","Poisoning","GRINJ-015",45,4835125,0.9,0.7,1.2
,"Harris County, TX","48201","2023","2023","Suicide","2","Suffocation","GRINJ-017",126,4835125,2.6,2.2,3.1
,"Harris County, TX","48201","2023","2023","Homicide","3","Cut/Pierce","GRINJ-001",31,4835125,0.6,0.4,0.9
,"Harris County, TX","48201","2023","2023","Homicide","3","Firearm","GRINJ-006",434,4835125,9.0,8.1,9.8
,"Harris County, TX","48201","2023","2023","Homicide","3","Suffocation","GRINJ-017",11,4835125,0.2,0.1,0.4
,"Harris County, TX","48201","2023","2023","Homicide","3","Other specified, not elsewhere classified Injury","GRINJ-019",13,4835125,0.3,0.1,0.5
,"Harris County, TX","48201","2023","2023","Homicide","3","Unspecified Injury","GRINJ-020",39,4835125,0.8,0.6,1.1
,"Harris County, TX","48201","2023","2023","Undetermined ","4","Poisoning","GRINJ-015",15,4835125,0.3,0.2,0.5
,"Harris County, TX","48201","2023","2023","Undetermined ","4","Unspecified Injury","GRINJ-020",22,4835125,0.5,0.3,0.7
,"Harrison County, TX","48203","2023","2023","Unintentional","1","Motor Vehicle Traffic","GRINJ-008",16,70895,22.6,12.9,36.7
,"Harrison County, TX","48203","2023","2023","Unintentional","1","Poisoning","GRINJ-015",10,70895,14.1,6.8,25.9
,"Hays County, TX","48209","2023","2023","Unintentional","1","Fall","GRINJ-003",14,280486,5.0,2.7,8.4
,"Hays County, TX","48209","2023","2023","Unintentional","1","Motor Vehicle Traffic","GRINJ-008",41,280486,14.6,10.5,19.8
,"Hays County, TX","48209","2023","2023","Unintentional","1","Poisoning","GRINJ-015",40,280486,14.3,10.2,19.4
,"Hays County, TX","48209","2023","2023","Suicide","2","Firearm","GRINJ-006",25,280486,8.9,5.8,13.2
,"Henderson County, TX","48213","2023","2023","Unintentional","1","Motor Vehicle Traffic","GRINJ-008",33,86158,38.3,26.4,53.8
,"Henderson County, TX","48213","2023","2023","Unintentional","1","Poisoning","GRINJ-015",17,86158,19.7,11.5,31.6
,"Henderson County, TX","48213","2023","2023","Suicide","2","Firearm","GRINJ-006",15,86158,17.4,9.7,28.7
,"Hidalgo County, TX","48215","2023","2023","Unintentional","1","Fall","GRINJ-003",29,898471,3.2,2.2,4.6
,"Hidalgo County, TX","48215","2023","2023","Unintentional","1","Motor Vehicle Traffic","GRINJ-008",91,898471,10.1,8.2,12.4
,"Hidalgo County, TX","48215","2023","2023","Unintentional","1","Poisoning","GRINJ-015",57,898471,6.3,4.8,8.2
,"Hidalgo County, TX","48215","2023","2023","Unintentional","1","Unspecified Injury","GRINJ-020",30,898471,3.3,2.3,4.8
,"Hidalgo County, TX","48215","2023","2023","Suicide","2","Firearm","GRINJ-006",43,898471,4.8,3.5,6.4
,"Hidalgo County, TX","48215","2023","2023","Suicide","2","Suffocation","GRINJ-017",25,898471,2.8,1.8,4.1
,"Hidalgo County, TX","48215","2023","2023","Homicide","3","Firearm","GRINJ-006",23,898471,2.6,1.6,3.8
,"Hill County, TX","48217","2023","2023","Unintentional","1","Motor Vehicle Traffic","GRINJ-008",14,38101,36.7,20.1,61.7
,"Hood County, TX","48221","2023","2023","Unintentional","1","Fall","GRINJ-003",12,67774,17.7,9.1,30.9
,"Hood County, TX","48221","2023","2023","Unintentional","1","Motor Vehicle Traffic","GRINJ-008",13,67774,19.2,10.2,32.8
,"Hood County, TX","48221","2023","2023","Unintentional","1","Poisoning","GRINJ-015",14,67774,20.7,11.3,34.7
,"Hood County, TX","48221","2023","2023","Suicide","2","Firearm","GRINJ-006",16,67774,23.6,13.5,38.3
,"Hopkins County, TX","48223","2023","2023","Unintentional","1","Motor Vehicle Traffic","GRINJ-008",18,38172,47.2,27.9,74.5
,"Howard County, TX","48227","2023","2023","Unintentional","1","Poisoning","GRINJ-015",12,30554,39.3,20.3,68.6
,"Hunt County, TX","48231","2023","2023","Unintentional","1","Motor Vehicle Traffic","GRINJ-008",30,113347,26.5,17.9,37.8
,"Hunt County, TX","48231","2023","2023","Unintentional","1","Poisoning","GRINJ-015",22,113347,19.4,12.2,29.4
,"Hunt County, TX","48231","2023","2023","Suicide","2","Firearm","GRINJ-006",13,113347,11.5,6.1,19.6
,"Hunt County, TX","48231","2023","2023","Homicide","3","Firearm","GRINJ-006",10,113347,8.8,4.2,16.2
,"Hutchinson County, TX","48233","2023","2023","Unintentional","1","Motor Vehicle Traffic","GRINJ-008",11,20033,54.9,27.4,98.2
,"Jefferson County, TX","48245","2023","2023","Unintentional","1","Fall","GRINJ-003",17,251496,6.8,3.9,10.8
,"Jefferson County, TX","48245","2023","2023","Unintentional","1","Motor Vehicle Traffic","GRINJ-008",46,251496,18.3,13.4,24.4
,"Jefferson County, TX","48245","2023","2023","Unintentional","1","Poisoning","GRINJ-015",57,251496,22.7,17.2,29.4
,"Jefferson County, TX","48245","2023","2023","Suicide","2","Firearm","GRINJ-006",21,251496,8.4,5.2,12.8
,"Jefferson County, TX","48245","2023","2023","Suicide","2","Suffocation","GRINJ-017",10,251496,4.0,1.9,7.3
,"Jefferson County, TX","48245","2023","2023","Homicide","3","Firearm","GRINJ-006",20,251496,8.0,4.9,12.3
,"Jim Wells County, TX","48249","2023","2023","Unintentional","1","Motor Vehicle Traffic","GRINJ-008",18,38662,46.6,27.6,73.6
,"Johnson County, TX","48251","2023","2023","Unintentional","1","Fall","GRINJ-003",25,202906,12.3,8.0,18.2
,"Johnson County, TX","48251","2023","2023","Unintentional","1","Motor Vehicle Traffic","GRINJ-008",35,202906,17.2,12.0,24.0
,"Johnson County, TX","48251","2023","2023","Unintentional","1","Poisoning","GRINJ-015",47,202906,23.2,17.0,30.8
,"Johnson County, TX","48251","2023","2023","Suicide","2","Firearm","GRINJ-006",29,202906,14.3,9.6,20.5
,"Kaufman County, TX","48257","2023","2023","Unintentional","1","Motor Vehicle Traffic","GRINJ-008",27,185690,14.5,9.6,21.2
,"Kaufman County, TX","48257","2023","2023","Unintentional","1","Poisoning","GRINJ-015",21,185690,11.3,7.0,17.3
,"Kaufman County, TX","48257","2023","2023","Suicide","2","Firearm","GRINJ-006",18,185690,9.7,5.7,15.3
,"Kendall County, TX","48259","2023","2023","Unintentional","1","Fall","GRINJ-003",12,50537,23.7,12.3,41.5
,"Kerr County, TX","48265","2023","2023","Unintentional","1","Fall","GRINJ-003",15,53915,27.8,15.6,45.9
,"Kerr County, TX","48265","2023","2023","Unintentional","1","Poisoning","GRINJ-015",12,53915,22.3,11.5,38.9
,"Lamar County, TX","48277","2023","2023","Unintentional","1","Motor Vehicle Traffic","GRINJ-008",12,51127,23.5,12.1,41.0
,"Lamar County, TX","48277","2023","2023","Unintentional","1","Poisoning","GRINJ-015",10,51127,19.6,9.4,36.0
,"Lamar County, TX","48277","2023","2023","Suicide","2","Firearm","GRINJ-006",10,51127,19.6,9.4,36.0
,"Liberty County, TX","48291","2023","2023","Unintentional","1","Motor Vehicle Traffic","GRINJ-008",26,108272,24.0,15.7,35.2
,"Liberty County, TX","48291","2023","2023","Unintentional","1","Poisoning","GRINJ-015",31,108272,28.6,19.5,40.6
,"Liberty County, TX","48291","2023","2023","Homicide","3","Firearm","GRINJ-006",12,108272,11.1,5.7,19.4
,"Llano County, TX","48299","2023","2023","Unintentional","1","Fall","GRINJ-003",10,22875,43.7,21.0,80.4
,"Lubbock County, TX","48303","2023","2023","Unintentional","1","Fall","GRINJ-003",37,320940,11.5,8.1,15.9
,"Lubbock County, TX","48303","2023","2023","Unintentional","1","Motor Vehicle Traffic","GRINJ-008",69,320940,21.5,16.7,27.2
,"Lubbock County, TX","48303","2023","2023","Unintentional","1","Poisoning","GRINJ-015",45,320940,14.0,10.2,18.8
,"Lubbock County, TX","48303","2023","2023","Suicide","2","Firearm","GRINJ-006",36,320940,11.2,7.9,15.5
,"Lubbock County, TX","48303","2023","2023","Suicide","2","Suffocation","GRINJ-017",12,320940,3.7,1.9,6.5
,"Lubbock County, TX","48303","2023","2023","Homicide","3","Firearm","GRINJ-006",21,320940,6.5,4.1,10.0
,"McLennan County, TX","48309","2023","2023","Unintentional","1","Fall","GRINJ-003",20,268583,7.4,4.5,11.5
,"McLennan County, TX","48309","2023","2023","Unintentional","1","Motor Vehicle Traffic","GRINJ-008",41,268583,15.3,11.0,20.7
,"McLennan County, TX","48309","2023","2023","Unintentional","1","Poisoning","GRINJ-015",31,268583,11.5,7.8,16.4
,"McLennan County, TX","48309","2023","2023","Suicide","2","Firearm","GRINJ-006",27,268583,10.1,6.6,14.6
,"McLennan County, TX","48309","2023","2023","Homicide","3","Firearm","GRINJ-006",14,268583,5.2,2.8,8.7
,"Medina County, TX","48325","2023","2023","Unintentional","1","Motor Vehicle Traffic","GRINJ-008",11,54797,20.1,10.0,35.9
,"Medina County, TX","48325","2023","2023","Suicide","2","Firearm","GRINJ-006",10,54797,18.2,8.8,33.6
,"Midland County, TX","48329","2023","2023","Unintentional","1","Motor Vehicle Traffic","GRINJ-008",37,177108,20.9,14.7,28.8
,"Midland County, TX","48329","2023","2023","Unintentional","1","Poisoning","GRINJ-015",27,177108,15.2,10.0,22.2
,"Midland County, TX","48329","2023","2023","Suicide","2","Firearm","GRINJ-006",20,177108,11.3,6.9,17.4
,"Montgomery County, TX","48339","2023","2023","Unintentional","1","Fall","GRINJ-003",39,711354,5.5,3.9,7.5
,"Montgomery County, TX","48339","2023","2023","Unintentional","1","Motor Vehicle Traffic","GRINJ-008",80,711354,11.2,8.9,14.0
,"Montgomery County, TX","48339","2023","2023","Unintentional","1","Poisoning","GRINJ-015",120,711354,16.9,13.9,19.9
,"Montgomery County, TX","48339","2023","2023","Unintentional","1","Unspecified Injury","GRINJ-020",16,711354,2.2,1.3,3.7
,"Montgomery County, TX","48339","2023","2023","Suicide","2","Firearm","GRINJ-006",77,711354,10.8,8.5,13.5
,"Montgomery County, TX","48339","2023","2023","Suicide","2","Poisoning","GRINJ-015",16,711354,2.2,1.3,3.7
,"Montgomery County, TX","48339","2023","2023","Suicide","2","Suffocation","GRINJ-017",17,711354,2.4,1.4,3.8
,"Montgomery County, TX","48339","2023","2023","Homicide","3","Firearm","GRINJ-006",18,711354,2.5,1.5,4.0
,"Nacogdoches County, TX","48347","2023","2023","Unintentional","1","Motor Vehicle Traffic","GRINJ-008",23,65375,35.2,22.3,52.8
,"Nacogdoches County, TX","48347","2023","2023","Suicide","2","Firearm","GRINJ-006",10,65375,15.3,7.3,28.1
,"Navarro County, TX","48349","2023","2023","Unintentional","1","Motor Vehicle Traffic","GRINJ-008",17,55635,30.6,17.8,48.9
,"Nueces County, TX","48355","2023","2023","Unintentional","1","Fall","GRINJ-003",42,352289,11.9,8.6,16.1
,"Nueces County, TX","48355","2023","2023","Unintentional","1","Motor Vehicle Traffic","GRINJ-008",47,352289,13.3,9.8,17.7
,"Nueces County, TX","48355","2023","2023","Unintentional","1","Poisoning","GRINJ-015",62,352289,17.6,13.5,22.6
,"Nueces County, TX","48355","2023","2023","Suicide","2","Firearm","GRINJ-006",39,352289,11.1,7.9,15.1
,"Nueces County, TX","48355","2023","2023","Suicide","2","Suffocation","GRINJ-017",11,352289,3.1,1.6,5.6
,"Nueces County, TX","48355","2023","2023","Homicide","3","Firearm","GRINJ-006",25,352289,7.1,4.6,10.5
,"Orange County, TX","48361","2023","2023","Unintentional","1","Motor Vehicle Traffic","GRINJ-008",23,85722,26.8,17.0,40.3
,"Orange County, TX","48361","2023","2023","Unintentional","1","Poisoning","GRINJ-015",37,85722,43.2,30.4,59.5
,"Orange County, TX","48361","2023","2023","Suicide","2","Firearm","GRINJ-006",11,85722,12.8,6.4,23.0
,"Palo Pinto County, TX","48363","2023","2023","Unintentional","1","Motor Vehicle Traffic","GRINJ-008",10,29747,33.6,16.1,61.8
,"Parker County, TX","48367","2023","2023","Unintentional","1","Fall","GRINJ-003",30,173494,17.3,11.7,24.7
,"Parker County, TX","48367","2023","2023","Unintentional","1","Motor Vehicle Traffic","GRINJ-008",27,173494,15.6,10.3,22.6
,"Parker County, TX","48367","2023","2023","Unintentional","1","Poisoning","GRINJ-015",33,173494,19.0,13.1,26.7
,"Parker County, TX","48367","2023","2023","Suicide","2","Firearm","GRINJ-006",23,173494,13.3,8.4,19.9
,"Polk County, TX","48373","2023","2023","Unintentional","1","Motor Vehicle Traffic","GRINJ-008",21,54186,38.8,24.0,59.2
,"Polk County, TX","48373","2023","2023","Unintentional","1","Poisoning","GRINJ-015",12,54186,22.1,11.4,38.7
,"Polk County, TX","48373","2023","2023","Suicide","2","Firearm","GRINJ-006",11,54186,20.3,10.1,36.3
,"Potter County, TX","48375","2023","2023","Unintentional","1","Motor Vehicle Traffic","GRINJ-008",28,114647,24.4,16.2,35.3
,"Potter County, TX","48375","2023","2023","Unintentional","1","Poisoning","GRINJ-015",25,114647,21.8,14.1,32.2
,"Potter County, TX","48375","2023","2023","Suicide","2","Firearm","GRINJ-006",14,114647,12.2,6.7,20.5
,"Randall County, TX","48381","2023","2023","Unintentional","1","Fall","GRINJ-003",15,148255,10.1,5.7,16.7
,"Randall County, TX","48381","2023","2023","Unintentional","1","Motor Vehicle Traffic","GRINJ-008",23,148255,15.5,9.8,23.3
,"Randall County, TX","48381","2023","2023","Unintentional","1","Poisoning","GRINJ-015",23,148255,15.5,9.8,23.3
,"Randall County, TX","48381","2023","2023","Suicide","2","Firearm","GRINJ-006",20,148255,13.5,8.2,20.8
,"Rockwall County, TX","48397","2023","2023","Unintentional","1","Fall","GRINJ-003",12,131307,9.1,4.7,16.0
,"Rockwall County, TX","48397","2023","2023","Unintentional","1","Motor Vehicle Traffic","GRINJ-008",14,131307,10.7,5.8,17.9
,"Rockwall County, TX","48397","2023","2023","Unintentional","1","Poisoning","GRINJ-015",19,131307,14.5,8.7,22.6
,"Rusk County, TX","48401","2023","2023","Unintentional","1","Motor Vehicle Traffic","GRINJ-008",16,53079,30.1,17.2,49.0
,"Rusk County, TX","48401","2023","2023","Unintentional","1","Poisoning","GRINJ-015",12,53079,22.6,11.7,39.5
,"Rusk County, TX","48401","2023","2023","Suicide","2","Firearm","GRINJ-006",11,53079,20.7,10.3,37.1
,"San Jacinto County, TX","48407","2023","2023","Unintentional","1","Poisoning","GRINJ-015",12,28936,41.5,21.4,72.4
,"San Patricio County, TX","48409","2023","2023","Unintentional","1","Motor Vehicle Traffic","GRINJ-008",17,70660,24.1,14.0,38.5
,"San Patricio County, TX","48409","2023","2023","Suicide","2","Suffocation","GRINJ-017",10,70660,14.2,6.8,26.0
,"Smith County, TX","48423","2023","2023","Unintentional","1","Fall","GRINJ-003",26,245209,10.6,6.9,15.5
,"Smith County, TX","48423","2023","2023","Unintentional","1","Motor Vehicle Traffic","GRINJ-008",51,245209,20.8,15.5,27.3
,"Smith County, TX","48423","2023","2023","Unintentional","1","Poisoning","GRINJ-015",26,245209,10.6,6.9,15.5
,"Smith County, TX","48423","2023","2023","Suicide","2","Firearm","GRINJ-006",25,245209,10.2,6.6,15.1
,"Starr County, TX","48427","2023","2023","Unintentional","1","Motor Vehicle Traffic","GRINJ-008",11,65934,16.7,8.3,29.9
,"Tarrant County, TX","48439","2023","2023","Unintentional","1","Drowning","GRINJ-002",28,2182947,1.3,0.9,1.9
,"Tarrant County, TX","48439","2023","2023","Unintentional","1","Fall","GRINJ-003",194,2182947,8.9,7.6,10.1
,"Tarrant County, TX","48439","2023","2023","Unintentional","1","Fire/Flame","GRINJ-004",11,2182947,0.5,0.3,0.9
,"Tarrant County, TX","48439","2023","2023","Unintentional","1","Motor Vehicle Traffic","GRINJ-008",258,2182947,11.8,10.4,13.3
,"Tarrant County, TX","48439","2023","2023","Unintentional","1","Natural/Environmental","GRINJ-013",42,2182947,1.9,1.4,2.6
,"Tarrant County, TX","48439","2023","2023","Unintentional","1","Poisoning","GRINJ-015",466,2182947,21.3,19.4,23.3
,"Tarrant County, TX","48439","2023","2023","Unintentional","1","Suffocation","GRINJ-017",35,2182947,1.6,1.1,2.2
,"Tarrant County, TX","48439","2023","2023","Unintentional","1","Unspecified Injury","GRINJ-020",18,2182947,0.8,0.5,1.3
,"Tarrant County, TX","48439","2023","2023","Suicide","2","Firearm","GRINJ-006",196,2182947,9.0,7.7,10.2
,"Tarrant County, TX","48439","2023","2023","Suicide","2","Poisoning","GRINJ-015",41,2182947,1.9,1.3,2.5
,"Tarrant County, TX","48439","2023","2023","Suicide","2","Suffocation","GRINJ-017",79,2182947,3.6,2.9,4.5
,"Tarrant County, TX","48439","2023","2023","Homicide","3","Firearm","GRINJ-006",115,2182947,5.3,4.3,6.2
,"Taylor County, TX","48441","2023","2023","Unintentional","1","Fall","GRINJ-003",11,146836,7.5,3.7,13.4
,"Taylor County, TX","48441","2023","2023","Unintentional","1","Motor Vehicle Traffic","GRINJ-008",18,146836,12.3,7.3,19.4
,"Taylor County, TX","48441","2023","2023","Unintentional","1","Poisoning","GRINJ-015",29,146836,19.7,13.2,28.4
,"Taylor County, TX","48441","2023","2023","Suicide","2","Firearm","GRINJ-006",18,146836,12.3,7.3,19.4
,"Titus County, TX","48449","2023","2023","Unintentional","1","Motor Vehicle Traffic","GRINJ-008",10,31357,31.9,15.3,58.6
,"Tom Green County, TX","48451","2023","2023","Unintentional","1","Motor Vehicle Traffic","GRINJ-008",19,119057,16.0,9.6,24.9
,"Tom Green County, TX","48451","2023","2023","Unintentional","1","Poisoning","GRINJ-015",24,119057,20.2,12.9,30.0
,"Tom Green County, TX","48451","2023","2023","Suicide","2","Firearm","GRINJ-006",16,119057,13.4,7.7,21.8
,"Travis County, TX","48453","2023","2023","Unintentional","1","Drowning","GRINJ-002",19,1334961,1.4,0.9,2.2
,"Travis County, TX","48453","2023","2023","Unintentional","1","Fall","GRINJ-003",133,1334961,10.0,8.3,11.7
,"Travis County, TX","48453","2023","2023","Unintentional","1","Motor Vehicle Traffic","GRINJ-008",140,1334961,10.5,8.7,12.2
,"Travis County, TX","48453","2023","2023","Unintentional","1","Natural/Environmental","GRINJ-013",10,1334961,0.7,0.4,1.4
,"Travis County, TX","48453","2023","2023","Unintentional","1","Poisoning","GRINJ-015",347,1334961,26.0,23.3,28.7
,"Travis County, TX","48453","2023","2023","Unintentional","1","Suffocation","GRINJ-017",22,1334961,1.6,1.0,2.5
,"Travis County, TX","48453","2023","2023","Unintentional","1","Other specified, classifiable Injury","GRINJ-018",11,1334961,0.8,0.4,1.5
,"Travis County, TX","48453","2023","2023","Suicide","2","Firearm","GRINJ-006",109,1334961,8.2,6.6,9.7
,"Travis County, TX","48453","2023","2023","Suicide","2","Poisoning","GRINJ-015",18,1334961,1.3,0.8,2.1
,"Travis County, TX","48453","2023","2023","Suicide","2","Suffocation","GRINJ-017",43,1334961,3.2,2.3,4.3
,"Travis County, TX","48453","2023","2023","Homicide","3","Firearm","GRINJ-006",57,1334961,4.3,3.2,5.5
,"Tyler County, TX","48457","2023","2023","Unintentional","1","Motor Vehicle Traffic","GRINJ-008",12,20382,58.9,30.4,102.8
,"Upshur County, TX","48459","2023","2023","Unintentional","1","Motor Vehicle Traffic","GRINJ-008",12,43281,27.7,14.3,48.4
,"Van Zandt County, TX","48467","2023","2023","Unintentional","1","Motor Vehicle Traffic","GRINJ-008",20,64000,31.2,19.1,48.3
,"Van Zandt County, TX","48467","2023","2023","Suicide","2","Firearm","GRINJ-006",10,64000,15.6,7.5,28.7
,"Victoria County, TX","48469","2023","2023","Unintentional","1","Motor Vehicle Traffic","GRINJ-008",15,91664,16.4,9.2,27.0
,"Walker County, TX","48471","2023","2023","Unintentional","1","Motor Vehicle Traffic","GRINJ-008",16,81268,19.7,11.3,32.0
,"Walker County, TX","48471","2023","2023","Unintentional","1","Poisoning","GRINJ-015",10,81268,12.3,5.9,22.6
,"Walker County, TX","48471","2023","2023","Suicide","2","Suffocation","GRINJ-017",11,81268,13.5,6.8,24.2
,"Waller County, TX","48473","2023","2023","Unintentional","1","Motor Vehicle Traffic","GRINJ-008",10,63553,15.7,7.5,28.9
,"Waller County, TX","48473","2023","2023","Unintentional","1","Poisoning","GRINJ-015",10,63553,15.7,7.5,28.9
,"Webb County, TX","48479","2023","2023","Unintentional","1","Fall","GRINJ-003",18,269148,6.7,4.0,10.6
,"Webb County, TX","48479","2023","2023","Unintentional","1","Motor Vehicle Traffic","GRINJ-008",30,269148,11.1,7.5,15.9
,"Webb County, TX","48479","2023","2023","Unintentional","1","Natural/Environmental","GRINJ-013",13,269148,4.8,2.6,8.3
,"Webb County, TX","48479","2023","2023","Unintentional","1","Poisoning","GRINJ-015",82,269148,30.5,24.2,37.8
,"Webb County, TX","48479","2023","2023","Suicide","2","Firearm","GRINJ-006",10,269148,3.7,1.8,6.8
,"Wharton County, TX","48481","2023","2023","Unintentional","1","Motor Vehicle Traffic","GRINJ-008",18,41739,43.1,25.6,68.2
,"Wichita County, TX","48485","2023","2023","Unintentional","1","Fall","GRINJ-003",27,130180,20.7,13.7,30.2
,"Wichita County, TX","48485","2023","2023","Unintentional","1","Motor Vehicle Traffic","GRINJ-008",25,130180,19.2,12.4,28.3
,"Wichita County, TX","48485","2023","2023","Unintentional","1","Poisoning","GRINJ-015",26,130180,20.0,13.0,29.3
,"Wichita County, TX","48485","2023","2023","Suicide","2","Firearm","GRINJ-006",19,130180,14.6,8.8,22.8
,"Wichita County, TX","48485","2023","2023","Suicide","2","Suffocation","GRINJ-017",14,130180,10.8,5.9,18.0
,"Williamson County, TX","48491","2023","2023","Unintentional","1","Fall","GRINJ-003",40,697191,5.7,4.1,7.8
,"Williamson County, TX","48491","2023","2023","Unintentional","1","Motor Vehicle Traffic","GRINJ-008",66,697191,9.5,7.3,12.0
,"Williamson County, TX","48491","2023","2023","Unintentional","1","Poisoning","GRINJ-015",80,697191,11.5,9.1,14.3
,"Williamson County, TX","48491","2023","2023","Unintentional","1","Unspecified Injury","GRINJ-020",10,697191,1.4,0.7,2.6
,"Williamson County, TX","48491","2023","2023","Suicide","2","Firearm","GRINJ-006",61,697191,8.7,6.7,11.2
,"Williamson County, TX","48491","2023","2023","Suicide","2","Poisoning","GRINJ-015",14,697191,2.0,1.1,3.4
,"Williamson County, TX","48491","2023","2023","Suicide","2","Suffocation","GRINJ-017",13,697191,1.9,1.0,3.2
,"Williamson County, TX","48491","2023","2023","Homicide","3","Firearm","GRINJ-006",17,697191,2.4,1.4,3.9
,"Wilson County, TX","48493","2023","2023","Unintentional","1","Fall","GRINJ-003",11,54183,20.3,10.1,36.3
,"Wise County, TX","48497","2023","2023","Unintentional","1","Motor Vehicle Traffic","GRINJ-008",15,78097,19.2,10.7,31.7
,"Wise County, TX","48497","2023","2023","Unintentional","1","Poisoning","GRINJ-015",11,78097,14.1,7.0,25.2
,"Wise County, TX","48497","2023","2023","Suicide","2","Firearm","GRINJ-006",12,78097,15.4,7.9,26.8
,"Wood County, TX","48499","2023","2023","Unintentional","1","Motor Vehicle Traffic","GRINJ-008",12,47921,25.0,12.9,43.7
,"Box Elder County, UT","49003","2023","2023","Unintentional","1","Motor Vehicle Traffic","GRINJ-008",11,62684,17.5,8.8,31.4
,"Box Elder County, UT","49003","2023","2023","Unintentional","1","Poisoning","GRINJ-015",14,62684,22.3,12.2,37.5
,"Box Elder County, UT","49003","2023","2023","Suicide","2","Firearm","GRINJ-006",14,62684,22.3,12.2,37.5
,"Cache County, UT","49005","2023","2023","Unintentional","1","Fall","GRINJ-003",20,142393,14.0,8.6,21.7
,"Cache County, UT","49005","2023","2023","Suicide","2","Firearm","GRINJ-006",16,142393,11.2,6.4,18.2
,"Davis County, UT","49011","2023","2023","Unintentional","1","Fall","GRINJ-003",39,373207,10.4,7.4,14.3
,"Davis County, UT","49011","2023","2023","Unintentional","1","Motor Vehicle Traffic","GRINJ-008",20,373207,5.4,3.3,8.3
,"Davis County, UT","49011","2023","2023","Unintentional","1","Poisoning","GRINJ-015",47,373207,12.6,9.3,16.7
,"Davis County, UT","49011","2023","2023","Suicide","2","Firearm","GRINJ-006",37,373207,9.9,7.0,13.7
,"Davis County, UT","49011","2023","2023","Suicide","2","Poisoning","GRINJ-015",10,373207,2.7,1.3,4.9
,"Iron County, UT","49021","2023","2023","Unintentional","1","Motor Vehicle Traffic","GRINJ-008",10,64211,15.6,7.5,28.6
,"Iron County, UT","49021","2023","2023","Unintentional","1","Poisoning","GRINJ-015",10,64211,15.6,7.5,28.6
,"Iron County, UT","49021","2023","2023","Suicide","2","Firearm","GRINJ-006",10,64211,15.6,7.5,28.6
,"Salt Lake County, UT","49035","2023","2023","Unintentional","1","Drowning","GRINJ-002",15,1185813,1.3,0.7,2.1
,"Salt Lake County, UT","49035","2023","2023","Unintentional","1","Fall","GRINJ-003",138,1185813,11.6,9.7,13.6
,"Salt Lake County, UT","49035","2023","2023","Unintentional","1","Motor Vehicle Traffic","GRINJ-008",87,1185813,7.3,5.9,9.0
,"Salt Lake County, UT","49035","2023","2023","Unintentional","1","Natural/Environmental","GRINJ-013",14,1185813,1.2,0.6,2.0
,"Salt Lake County, UT","49035","2023","2023","Unintentional","1","Poisoning","GRINJ-015",291,1185813,24.5,21.7,27.4
,"Salt Lake County, UT","49035","2023","2023","Unintentional","1","Suffocation","GRINJ-017",22,1185813,1.9,1.2,2.8
,"Salt Lake County, UT","49035","2023","2023","Suicide","2","Firearm","GRINJ-006",146,1185813,12.3,10.3,14.3
,"Salt Lake County, UT","49035","2023","2023","Suicide","2","Poisoning","GRINJ-015",39,1185813,3.3,2.3,4.5
,"Salt Lake County, UT","49035","2023","2023","Suicide","2","Suffocation","GRINJ-017",53,1185813,4.5,3.3,5.8
,"Salt Lake County, UT","49035","2023","2023","Homicide","3","Firearm","GRINJ-006",29,1185813,2.4,1.6,3.5
,"Salt Lake County, UT","49035","2023","2023","Undetermined ","4","Poisoning","GRINJ-015",15,1185813,1.3,0.7,2.1
,"Tooele County, UT","49045","2023","2023","Unintentional","1","Motor Vehicle Traffic","GRINJ-008",13,82051,15.8,8.4,27.1
,"Tooele County, UT","49045","2023","2023","Unintentional","1","Poisoning","GRINJ-015",13,82051,15.8,8.4,27.1
,"Tooele County, UT","49045","2023","2023","Suicide","2","Firearm","GRINJ-006",12,82051,14.6,7.6,25.5
,"Uintah County, UT","49047","2023","2023","Unintentional","1","Motor Vehicle Traffic","GRINJ-008",11,37747,29.1,14.5,52.1
,"Uintah County, UT","49047","2023","2023","Unintentional","1","Poisoning","GRINJ-015",11,37747,29.1,14.5,52.1
,"Utah County, UT","49049","2023","2023","Unintentional","1","Fall","GRINJ-003",55,719174,7.6,5.8,10.0
,"Utah County, UT","49049","2023","2023","Unintentional","1","Motor Vehicle Traffic","GRINJ-008",35,719174,4.9,3.4,6.8
,"Utah County, UT","49049","2023","2023","Unintentional","1","Poisoning","GRINJ-015",80,719174,11.1,8.8,13.8
,"Utah County, UT","49049","2023","2023","Unintentional","1","Suffocation","GRINJ-017",13,719174,1.8,1.0,3.1
,"Utah County, UT","49049","2023","2023","Suicide","2","Firearm","GRINJ-006",63,719174,8.8,6.7,11.2
,"Utah County, UT","49049","2023","2023","Suicide","2","Poisoning","GRINJ-015",13,719174,1.8,1.0,3.1
,"Utah County, UT","49049","2023","2023","Suicide","2","Suffocation","GRINJ-017",22,719174,3.1,1.9,4.6
,"Washington County, UT","49053","2023","2023","Unintentional","1","Fall","GRINJ-003",28,202452,13.8,9.2,20.0
,"Washington County, UT","49053","2023","2023","Unintentional","1","Motor Vehicle Traffic","GRINJ-008",18,202452,8.9,5.3,14.1
,"Washington County, UT","49053","2023","2023","Unintentional","1","Poisoning","GRINJ-015",40,202452,19.8,14.1,26.9
,"Washington County, UT","49053","2023","2023","Suicide","2","Firearm","GRINJ-006",33,202452,16.3,11.2,22.9
,"Washington County, UT","49053","2023","2023","Suicide","2","Suffocation","GRINJ-017",11,202452,5.4,2.7,9.7
,"Weber County, UT","49057","2023","2023","Unintentional","1","Fall","GRINJ-003",36,271926,13.2,9.3,18.3
,"Weber County, UT","49057","2023","2023","Unintentional","1","Motor Vehicle Traffic","GRINJ-008",24,271926,8.8,5.7,13.1
,"Weber County, UT","49057","2023","2023","Unintentional","1","Poisoning","GRINJ-015",65,271926,23.9,18.4,30.5
,"Weber County, UT","49057","2023","2023","Suicide","2","Firearm","GRINJ-006",38,271926,14.0,9.9,19.2
,"Weber County, UT","49057","2023","2023","Suicide","2","Poisoning","GRINJ-015",17,271926,6.3,3.6,10.0
,"Weber County, UT","49057","2023","2023","Suicide","2","Suffocation","GRINJ-017",10,271926,3.7,1.8,6.8
,"Weber County, UT","49057","2023","2023","Homicide","3","Firearm","GRINJ-006",10,271926,3.7,1.8,6.8
,"Bennington County, VT","50003","2023","2023","Unintentional","1","Poisoning","GRINJ-015",19,37183,51.1,30.8,79.8
,"Caledonia County, VT","50005","2023","2023","Unintentional","1","Fall","GRINJ-003",13,30610,42.5,22.6,72.6
,"Chittenden County, VT","50007","2023","2023","Unintentional","1","Fall","GRINJ-003",41,169481,24.2,17.4,32.8
,"Chittenden County, VT","50007","2023","2023","Unintentional","1","Motor Vehicle Traffic","GRINJ-008",11,169481,6.5,3.2,11.6
,"Chittenden County, VT","50007","2023","2023","Unintentional","1","Poisoning","GRINJ-015",53,169481,31.3,23.4,40.9
,"Franklin County, VT","50011","2023","2023","Unintentional","1","Fall","GRINJ-003",10,50994,19.6,9.4,36.1
,"Franklin County, VT","50011","2023","2023","Unintentional","1","Motor Vehicle Traffic","GRINJ-008",11,50994,21.6,10.8,38.6
,"Orange County, VT","50017","2023","2023","Unintentional","1","Poisoning","GRINJ-015",10,29943,33.4,16.0,61.4
,"Orleans County, VT","50019","2023","2023","Unintentional","1","Fall","GRINJ-003",11,27516,40.0,20.0,71.5
,"Orleans County, VT","50019","2023","2023","Unintentional","1","Poisoning","GRINJ-015",14,27516,50.9,27.8,85.4
,"Rutland County, VT","50021","2023","2023","Unintentional","1","Fall","GRINJ-003",25,60271,41.5,26.8,61.2
,"Rutland County, VT","50021","2023","2023","Unintentional","1","Poisoning","GRINJ-015",39,60271,64.7,46.0,88.5
,"Rutland County, VT","50021","2023","2023","Suicide","2","Firearm","GRINJ-006",11,60271,18.3,9.1,32.7
,"Washington County, VT","50023","2023","2023","Unintentional","1","Fall","GRINJ-003",11,60142,18.3,9.1,32.7
,"Washington County, VT","50023","2023","2023","Unintentional","1","Poisoning","GRINJ-015",15,60142,24.9,14.0,41.1
,"Windham County, VT","50025","2023","2023","Unintentional","1","Fall","GRINJ-003",18,45966,39.2,23.2,61.9
,"Windham County, VT","50025","2023","2023","Unintentional","1","Poisoning","GRINJ-015",30,45966,65.3,44.0,93.2
,"Windsor County, VT","50027","2023","2023","Unintentional","1","Fall","GRINJ-003",20,58101,34.4,21.0,53.2
,"Windsor County, VT","50027","2023","2023","Unintentional","1","Poisoning","GRINJ-015",28,58101,48.2,32.0,69.7
,"Accomack County, VA","51001","2023","2023","Unintentional","1","Motor Vehicle Traffic","GRINJ-008",11,33239,33.1,16.5,59.2
,"Accomack County, VA","51001","2023","2023","Unintentional","1","Poisoning","GRINJ-015",13,33239,39.1,20.8,66.9
,"Albemarle County, VA","51003","2023","2023","Unintentional","1","Fall","GRINJ-003",29,115676,25.1,16.8,36.0
,"Albemarle County, VA","51003","2023","2023","Unintentional","1","Motor Vehicle Traffic","GRINJ-008",13,115676,11.2,6.0,19.2
,"Albemarle County, VA","51003","2023","2023","Unintentional","1","Poisoning","GRINJ-015",18,115676,15.6,9.2,24.6
,"Albemarle County, VA","51003","2023","2023","Suicide","2","Firearm","GRINJ-006",10,115676,8.6,4.1,15.9
,"Albemarle County, VA","51003","2023","2023","Suicide","2","Suffocation","GRINJ-017",11,115676,9.5,4.7,17.0
,"Arlington County, VA","51013","2023","2023","Unintentional","1","Fall","GRINJ-003",19,234162,8.1,4.9,12.7
,"Arlington County, VA","51013","2023","2023","Unintentional","1","Poisoning","GRINJ-015",30,234162,12.8,8.6,18.3
,"Arlington County, VA","51013","2023","2023","Suicide","2","Firearm","GRINJ-006",11,234162,4.7,2.3,8.4
,"Augusta County, VA","51015","2023","2023","Unintentional","1","Fall","GRINJ-003",13,78247,16.6,8.8,28.4
,"Bedford County, VA","51019","2023","2023","Unintentional","1","Fall","GRINJ-003",15,81525,18.4,10.3,30.3
,"Bedford County, VA","51019","2023","2023","Unintentional","1","Poisoning","GRINJ-015",19,81525,23.3,14.0,36.4
,"Botetourt County, VA","51023","2023","2023","Unintentional","1","Fall","GRINJ-003",10,34125,29.3,14.1,53.9
,"Botetourt County, VA","51023","2023","2023","Unintentional","1","Poisoning","GRINJ-015",12,34125,35.2,18.2,61.4
,"Campbell County, VA","51031","2023","2023","Unintentional","1","Motor Vehicle Traffic","GRINJ-008",16,55270,28.9,16.5,47.0
,"Caroline County, VA","51033","2023","2023","Unintentional","1","Poisoning","GRINJ-015",14,32640,42.9,23.4,72.0
,"Carroll County, VA","51035","2023","2023","Unintentional","1","Poisoning","GRINJ-015",11,29239,37.6,18.8,67.3
,"Chesterfield County, VA","51041","2023","2023","Unintentional","1","Drowning","GRINJ-002",10,383876,2.6,1.2,4.8
,"Chesterfield County, VA","51041","2023","2023","Unintentional","1","Fall","GRINJ-003",39,383876,10.2,7.2,13.9
,"Chesterfield County, VA","51041","2023","2023","Unintentional","1","Motor Vehicle Traffic","GRINJ-008",40,383876,10.4,7.4,14.2
,"Chesterfield County, VA","51041","2023","2023","Unintentional","1","Poisoning","GRINJ-015",116,383876,30.2,24.7,35.7
,"Chesterfield County, VA","51041","2023","2023","Unintentional","1","Suffocation","GRINJ-017",12,383876,3.1,1.6,5.5
,"Chesterfield County, VA","51041","2023","2023","Suicide","2","Firearm","GRINJ-006",34,383876,8.9,6.1,12.4
,"Chesterfield County, VA","51041","2023","2023","Suicide","2","Suffocation","GRINJ-017",12,383876,3.1,1.6,5.5
,"Chesterfield County, VA","51041","2023","2023","Homicide","3","Firearm","GRINJ-006",19,383876,4.9,3.0,7.7
,"Culpeper County, VA","51047","2023","2023","Unintentional","1","Poisoning","GRINJ-015",15,54973,27.3,15.3,45.0
,"Dinwiddie County, VA","51053","2023","2023","Unintentional","1","Poisoning","GRINJ-015",12,28343,42.3,21.9,74.0
,"Fairfax County, VA","51059","2023","2023","Unintentional","1","Fall","GRINJ-003",85,1141878,7.4,5.9,9.2
,"Fairfax County, VA","51059","2023","2023","Unintentional","1","Motor Vehicle Traffic","GRINJ-008",42,1141878,3.7,2.7,5.0
,"Fairfax County, VA","51059","2023","2023","Unintentional","1","Poisoning","GRINJ-015",148,1141878,13.0,10.9,15.0
,"Fairfax County, VA","51059","2023","2023","Unintentional","1","Suffocation","GRINJ-017",18,1141878,1.6,0.9,2.5
,"Fairfax County, VA","51059","2023","2023","Suicide","2","Firearm","GRINJ-006",43,1141878,3.8,2.7,5.1
,"Fairfax County, VA","51059","2023","2023","Suicide","2","Poisoning","GRINJ-015",17,1141878,1.5,0.9,2.4
,"Fairfax County, VA","51059","2023","2023","Suicide","2","Suffocation","GRINJ-017",25,1141878,2.2,1.4,3.2
,"Fairfax County, VA","51059","2023","2023","Homicide","3","Firearm","GRINJ-006",10,1141878,0.9,0.4,1.6
,"Fauquier County, VA","51061","2023","2023","Unintentional","1","Motor Vehicle Traffic","GRINJ-008",10,75165,13.3,6.4,24.5
,"Fauquier County, VA","51061","2023","2023","Unintentional","1","Poisoning","GRINJ-015",10,75165,13.3,6.4,24.5
,"Franklin County, VA","51067","2023","2023","Unintentional","1","Fall","GRINJ-003",13,55549,23.4,12.5,40.0
,"Franklin County, VA","51067","2023","2023","Unintentional","1","Poisoning","GRINJ-015",20,55549,36.0,22.0,55.6
,"Frederick County, VA","51069","2023","2023","Unintentional","1","Motor Vehicle Traffic","GRINJ-008",13,95994,13.5,7.2,23.2
,"Frederick County, VA","51069","2023","2023","Unintentional","1","Poisoning","GRINJ-015",20,95994,20.8,12.7,32.2
,"Frederick County, VA","51069","2023","2023","Suicide","2","Firearm","GRINJ-006",13,95994,13.5,7.2,23.2
,"Gloucester County, VA","51073","2023","2023","Unintentional","1","Poisoning","GRINJ-015",19,40057,47.4,28.6,74.1
,"Halifax County, VA","51083","2023","2023","Unintentional","1","Motor Vehicle Traffic","GRINJ-008",17,33432,50.8,29.6,81.4
,"Halifax County, VA","51083","2023","2023","Unintentional","1","Poisoning","GRINJ-015",16,33432,47.9,27.4,77.7
,"Hanover County, VA","51085","2023","2023","Unintentional","1","Fall","GRINJ-003",30,114148,26.3,17.7,37.5
,"Hanover County, VA","51085","2023","2023","Unintentional","1","Poisoning","GRINJ-015",34,114148,29.8,20.6,41.6
,"Henrico County, VA","51087","2023","2023","Unintentional","1","Fall","GRINJ-003",56,334760,16.7,12.6,21.7
,"Henrico County, VA","51087","2023","2023","Unintentional","1","Motor Vehicle Traffic","GRINJ-008",36,334760,10.8,7.5,14.9
,"Henrico County, VA","51087","2023","2023","Unintentional","1","Poisoning","GRINJ-015",115,334760,34.4,28.1,40.6
,"Henrico County, VA","51087","2023","2023","Suicide","2","Firearm","GRINJ-006",16,334760,4.8,2.7,7.8
,"Henrico County, VA","51087","2023","2023","Suicide","2","Poisoning","GRINJ-015",10,334760,3.0,1.4,5.5
,"Henrico County, VA","51087","2023","2023","Homicide","3","Firearm","GRINJ-006",25,334760,7.5,4.8,11.0
,"Henry County, VA","51089","2023","2023","Unintentional","1","Motor Vehicle Traffic","GRINJ-008",10,49702,20.1,9.6,37.0
,"Henry County, VA","51089","2023","2023","Unintentional","1","Poisoning","GRINJ-015",30,49702,60.4,40.7,86.2
,"Isle of Wight County, VA","51093","2023","2023","Unintentional","1","Poisoning","GRINJ-015",11,40711,27.0,13.5,48.3
,"James City County, VA","51095","2023","2023","Unintentional","1","Fall","GRINJ-003",18,82654,21.8,12.9,34.4
,"James City County, VA","51095","2023","2023","Unintentional","1","Motor Vehicle Traffic","GRINJ-008",15,82654,18.1,10.2,29.9
,"James City County, VA","51095","2023","2023","Unintentional","1","Poisoning","GRINJ-015",11,82654,13.3,6.6,23.8
,"Lee County, VA","51105","2023","2023","Unintentional","1","Poisoning","GRINJ-015",10,21745,46.0,22.1,84.6
,"Loudoun County, VA","51107","2023","2023","Unintentional","1","Fall","GRINJ-003",24,436347,5.5,3.5,8.2
,"Loudoun County, VA","51107","2023","2023","Unintentional","1","Motor Vehicle Traffic","GRINJ-008",25,436347,5.7,3.7,8.5
,"Loudoun County, VA","51107","2023","2023","Unintentional","1","Poisoning","GRINJ-015",37,436347,8.5,6.0,11.7
,"Loudoun County, VA","51107","2023","2023","Suicide","2","Firearm","GRINJ-006",30,436347,6.9,4.6,9.8
,"Louisa County, VA","51109","2023","2023","Unintentional","1","Poisoning","GRINJ-015",12,41037,29.2,15.1,51.1
,"Mecklenburg County, VA","51117","2023","2023","Unintentional","1","Motor Vehicle Traffic","GRINJ-008",15,30648,48.9,27.4,80.7
,"Mecklenburg County, VA","51117","2023","2023","Unintentional","1","Poisoning","GRINJ-015",15,30648,48.9,27.4,80.7
,"Montgomery County, VA","51121","2023","2023","Unintentional","1","Fall","GRINJ-003",21,98666,21.3,13.2,32.5
,"Montgomery County, VA","51121","2023","2023","Unintentional","1","Poisoning","GRINJ-015",14,98666,14.2,7.8,23.8
,"Orange County, VA","51137","2023","2023","Unintentional","1","Motor Vehicle Traffic","GRINJ-008",12,38574,31.1,16.1,54.3
,"Orange County, VA","51137","2023","2023","Unintentional","1","Poisoning","GRINJ-015",10,38574,25.9,12.4,47.7
,"Pittsylvania County, VA","51143","2023","2023","Unintentional","1","Fall","GRINJ-003",17,59571,28.5,16.6,45.7
,"Pittsylvania County, VA","51143","2023","2023","Unintentional","1","Motor Vehicle Traffic","GRINJ-008",15,59571,25.2,14.1,41.5
,"Pittsylvania County, VA","51143","2023","2023","Unintentional","1","Poisoning","GRINJ-015",26,59571,43.6,28.5,64.0
,"Prince George County, VA","51149","2023","2023","Unintentional","1","Poisoning","GRINJ-015",14,42871,32.7,17.9,54.8
,"Prince William County, VA","51153","2023","2023","Unintentional","1","Fall","GRINJ-003",23,489640,4.7,3.0,7.0
,"Prince William County, VA","51153","2023","2023","Unintentional","1","Motor Vehicle Traffic","GRINJ-008",33,489640,6.7,4.6,9.5
,"Prince William County, VA","51153","2023","2023","Unintentional","1","Poisoning","GRINJ-015",81,489640,16.5,13.1,20.6
,"Prince William County, VA","51153","2023","2023","Suicide","2","Firearm","GRINJ-006",33,489640,6.7,4.6,9.5
,"Prince William County, VA","51153","2023","2023","Suicide","2","Suffocation","GRINJ-017",10,489640,2.0,1.0,3.8
,"Prince William County, VA","51153","2023","2023","Homicide","3","Firearm","GRINJ-006",18,489640,3.7,2.2,5.8
,"Pulaski County, VA","51155","2023","2023","Unintentional","1","Fall","GRINJ-003",10,33655,29.7,14.2,54.6
,"Pulaski County, VA","51155","2023","2023","Unintentional","1","Poisoning","GRINJ-015",13,33655,38.6,20.6,66.1
,"Roanoke County, VA","51161","2023","2023","Unintentional","1","Fall","GRINJ-003",45,97026,46.4,33.8,62.1
,"Roanoke County, VA","51161","2023","2023","Unintentional","1","Motor Vehicle Traffic","GRINJ-008",10,97026,10.3,4.9,19.0
,"Roanoke County, VA","51161","2023","2023","Unintentional","1","Poisoning","GRINJ-015",36,97026,37.1,26.0,51.4
,"Roanoke County, VA","51161","2023","2023","Suicide","2","Firearm","GRINJ-006",15,97026,15.5,8.7,25.5
,"Rockingham County, VA","51165","2023","2023","Unintentional","1","Poisoning","GRINJ-015",11,86568,12.7,6.3,22.7
,"Smyth County, VA","51173","2023","2023","Unintentional","1","Fall","GRINJ-003",11,29216,37.7,18.8,67.4
,"Smyth County, VA","51173","2023","2023","Unintentional","1","Poisoning","GRINJ-015",13,29216,44.5,23.7,76.1
,"Spotsylvania County, VA","51177","2023","2023","Unintentional","1","Fall","GRINJ-003",15,149588,10.0,5.6,16.5
,"Spotsylvania County, VA","51177","2023","2023","Unintentional","1","Motor Vehicle Traffic","GRINJ-008",20,149588,13.4,8.2,20.6
,"Spotsylvania County, VA","51177","2023","2023","Unintentional","1","Poisoning","GRINJ-015",40,149588,26.7,19.1,36.4
,"Spotsylvania County, VA","51177","2023","2023","Suicide","2","Firearm","GRINJ-006",12,149588,8.0,4.1,14.0
,"Stafford County, VA","51179","2023","2023","Unintentional","1","Motor Vehicle Traffic","GRINJ-008",15,165428,9.1,5.1,15.0
,"Stafford County, VA","51179","2023","2023","Unintentional","1","Poisoning","GRINJ-015",33,165428,19.9,13.7,28.0
,"Tazewell County, VA","51185","2023","2023","Unintentional","1","Poisoning","GRINJ-015",29,39120,74.1,49.6,106.5
,"Washington County, VA","51191","2023","2023","Unintentional","1","Poisoning","GRINJ-015",14,54050,25.9,14.2,43.5
,"Wise County, VA","51195","2023","2023","Unintentional","1","Fall","GRINJ-003",10,35174,28.4,13.6,52.3
,"Wise County, VA","51195","2023","2023","Unintentional","1","Poisoning","GRINJ-015",19,35174,54.0,32.5,84.4
,"Alexandria city, VA","51510","2023","2023","Unintentional","1","Fall","GRINJ-003",14,155230,9.0,4.9,15.1
,"Alexandria city, VA","51510","2023","2023","Unintentional","1","Poisoning","GRINJ-015",15,155230,9.7,5.4,15.9
,"Chesapeake city, VA","51550","2023","2023","Unintentional","1","Fall","GRINJ-003",28,253886,11.0,7.3,15.9
,"Chesapeake city, VA","51550","2023","2023","Unintentional","1","Motor Vehicle Traffic","GRINJ-008",18,253886,7.1,4.2,11.2
,"Chesapeake city, VA","51550","2023","2023","Unintentional","1","Poisoning","GRINJ-015",70,253886,27.6,21.5,34.8
,"Chesapeake city, VA","51550","2023","2023","Suicide","2","Firearm","GRINJ-006",19,253886,7.5,4.5,11.7
,"Chesapeake city, VA","51550","2023","2023","Homicide","3","Firearm","GRINJ-006",14,253886,5.5,3.0,9.3
,"Danville city, VA","51590","2023","2023","Unintentional","1","Poisoning","GRINJ-015",23,41837,55.0,34.8,82.5
,"Hampton city, VA","51650","2023","2023","Unintentional","1","Fall","GRINJ-003",21,137098,15.3,9.5,23.4
,"Hampton city, VA","51650","2023","2023","Unintentional","1","Motor Vehicle Traffic","GRINJ-008",14,137098,10.2,5.6,17.1
,"Hampton city, VA","51650","2023","2023","Unintentional","1","Poisoning","GRINJ-015",43,137098,31.4,22.7,42.2
,"Hampton city, VA","51650","2023","2023","Suicide","2","Firearm","GRINJ-006",13,137098,9.5,5.0,16.2
,"Hampton city, VA","51650","2023","2023","Homicide","3","Firearm","GRINJ-006",25,137098,18.2,11.8,26.9
,"Hopewell city, VA","51670","2023","2023","Unintentional","1","Poisoning","GRINJ-015",25,22752,109.9,71.1,162.2
,"Lynchburg city, VA","51680","2023","2023","Unintentional","1","Fall","GRINJ-003",15,79535,18.9,10.6,31.1
,"Lynchburg city, VA","51680","2023","2023","Unintentional","1","Poisoning","GRINJ-015",18,79535,22.6,13.4,35.8
,"Lynchburg city, VA","51680","2023","2023","Suicide","2","Firearm","GRINJ-006",10,79535,12.6,6.0,23.1
,"Martinsville city, VA","51690","2023","2023","Unintentional","1","Poisoning","GRINJ-015",12,13763,87.2,45.1,152.3
,"Newport News city, VA","51700","2023","2023","Unintentional","1","Fall","GRINJ-003",26,183118,14.2,9.3,20.8
,"Newport News city, VA","51700","2023","2023","Unintentional","1","Motor Vehicle Traffic","GRINJ-008",23,183118,12.6,8.0,18.8
,"Newport News city, VA","51700","2023","2023","Unintentional","1","Poisoning","GRINJ-015",54,183118,29.5,22.2,38.5
,"Newport News city, VA","51700","2023","2023","Suicide","2","Firearm","GRINJ-006",21,183118,11.5,7.1,17.5
,"Newport News city, VA","51700","2023","2023","Homicide","3","Firearm","GRINJ-006",36,183118,19.7,13.8,27.2
,"Norfolk city, VA","51710","2023","2023","Unintentional","1","Fall","GRINJ-003",20,230930,8.7,5.3,13.4
,"Norfolk city, VA","51710","2023","2023","Unintentional","1","Motor Vehicle Traffic","GRINJ-008",17,230930,7.4,4.3,11.8
,"Norfolk city, VA","51710","2023","2023","Unintentional","1","Poisoning","GRINJ-015",116,230930,50.2,41.1,59.4
,"Norfolk city, VA","51710","2023","2023","Suicide","2","Firearm","GRINJ-006",17,230930,7.4,4.3,11.8
,"Norfolk city, VA","51710","2023","2023","Homicide","3","Firearm","GRINJ-006",36,230930,15.6,10.9,21.6
,"Petersburg city, VA","51730","2023","2023","Unintentional","1","Poisoning","GRINJ-015",35,33309,105.1,73.2,146.1
,"Petersburg city, VA","51730","2023","2023","Homicide","3","Firearm","GRINJ-006",10,33309,30.0,14.4,55.2
,"Portsmouth city, VA","51740","2023","2023","Unintentional","1","Motor Vehicle Traffic","GRINJ-008",15,96793,15.5,8.7,25.6
,"Portsmouth city, VA","51740","2023","2023","Unintentional","1","Poisoning","GRINJ-015",89,96793,91.9,73.8,113.2
,"Portsmouth city, VA","51740","2023","2023","Homicide","3","Firearm","GRINJ-006",25,96793,25.8,16.7,38.1
,"Richmond city, VA","51760","2023","2023","Unintentional","1","Fall","GRINJ-003",20,229247,8.7,5.3,13.5
,"Richmond city, VA","51760","2023","2023","Unintentional","1","Motor Vehicle Traffic","GRINJ-008",25,229247,10.9,7.1,16.1
,"Richmond city, VA","51760","2023","2023","Unintentional","1","Poisoning","GRINJ-015",212,229247,92.5,80.0,104.9
,"Richmond city, VA","51760","2023","2023","Suicide","2","Firearm","GRINJ-006",18,229247,7.9,4.7,12.4
,"Richmond city, VA","51760","2023","2023","Homicide","3","Firearm","GRINJ-006",51,229247,22.2,16.6,29.3
,"Roanoke city, VA","51770","2023","2023","Unintentional","1","Fall","GRINJ-003",26,97171,26.8,17.5,39.2
,"Roanoke city, VA","51770","2023","2023","Unintentional","1","Motor Vehicle Traffic","GRINJ-008",10,97171,10.3,4.9,18.9
,"Roanoke city, VA","51770","2023","2023","Unintentional","1","Poisoning","GRINJ-015",70,97171,72.0,56.2,91.0
,"Roanoke city, VA","51770","2023","2023","Suicide","2","Suffocation","GRINJ-017",10,97171,10.3,4.9,18.9
,"Roanoke city, VA","51770","2023","2023","Homicide","3","Firearm","GRINJ-006",25,97171,25.7,16.6,38.0
,"Salem city, VA","51775","2023","2023","Unintentional","1","Fall","GRINJ-003",13,25600,50.8,27.0,86.8
,"Salem city, VA","51775","2023","2023","Unintentional","1","Poisoning","GRINJ-015",13,25600,50.8,27.0,86.8
,"Suffolk city, VA","51800","2023","2023","Unintentional","1","Motor Vehicle Traffic","GRINJ-008",10,100659,9.9,4.8,18.3
,"Suffolk city, VA","51800","2023","2023","Unintentional","1","Poisoning","GRINJ-015",29,100659,28.8,19.3,41.4
,"Suffolk city, VA","51800","2023","2023","Homicide","3","Firearm","GRINJ-006",10,100659,9.9,4.8,18.3
,"Virginia Beach city, VA","51810","2023","2023","Unintentional","1","Fall","GRINJ-003",59,453649,13.0,9.9,16.8
,"Virginia Beach city, VA","51810","2023","2023","Unintentional","1","Motor Vehicle Traffic","GRINJ-008",37,453649,8.2,5.7,11.2
,"Virginia Beach city, VA","51810","2023","2023","Unintentional","1","Poisoning","GRINJ-015",125,453649,27.6,22.7,32.4
,"Virginia Beach city, VA","51810","2023","2023","Unintentional","1","Suffocation","GRINJ-017",10,453649,2.2,1.1,4.1
,"Virginia Beach city, VA","51810","2023","2023","Suicide","2","Firearm","GRINJ-006",35,453649,7.7,5.4,10.7
,"Virginia Beach city, VA","51810","2023","2023","Suicide","2","Suffocation","GRINJ-017",22,453649,4.8,3.0,7.3
,"Virginia Beach city, VA","51810","2023","2023","Homicide","3","Firearm","GRINJ-006",23,453649,5.1,3.2,7.6
,"Benton County, WA","53005","2023","2023","Unintentional","1","Fall","GRINJ-003",31,215219,14.4,9.8,20.4
,"Benton County, WA","53005","2023","2023","Unintentional","1","Motor Vehicle Traffic","GRINJ-008",27,215219,12.5,8.3,18.3
,"Benton County, WA","53005","2023","2023","Unintentional","1","Poisoning","GRINJ-015",56,215219,26.0,19.7,33.8
,"Benton County, WA","53005","2023","2023","Suicide","2","Firearm","GRINJ-006",24,215219,11.2,7.1,16.6
,"Benton County, WA","53005","2023","2023","Suicide","2","Suffocation","GRINJ-017",10,215219,4.6,2.2,8.5
,"Benton County, WA","53005","2023","2023","Homicide","3","Firearm","GRINJ-006",10,215219,4.6,2.2,8.5
,"Chelan County, WA","53007","2023","2023","Unintentional","1","Fall","GRINJ-003",19,79997,23.8,14.3,37.1
,"Chelan County, WA","53007","2023","2023","Unintentional","1","Poisoning","GRINJ-015",21,79997,26.3,16.2,40.1
,"Clallam County, WA","53009","2023","2023","Unintentional","1","Fall","GRINJ-003",34,77616,43.8,30.3,61.2
,"Clallam County, WA","53009","2023","2023","Unintentional","1","Poisoning","GRINJ-015",54,77616,69.6,52.3,90.8
,"Clallam County, WA","53009","2023","2023","Suicide","2","Firearm","GRINJ-006",12,77616,15.5,8.0,27.0
,"Clark County, WA","53011","2023","2023","Unintentional","1","Fall","GRINJ-003",111,521150,21.3,17.3,25.3
,"Clark County, WA","53011","2023","2023","Unintentional","1","Motor Vehicle Traffic","GRINJ-008",50,521150,9.6,7.1,12.6
,"Clark County, WA","53011","2023","2023","Unintentional","1","Poisoning","GRINJ-015",156,521150,29.9,25.2,34.6
,"Clark County, WA","53011","2023","2023","Unintentional","1","Suffocation","GRINJ-017",16,521150,3.1,1.8,5.0
,"Clark County, WA","53011","2023","2023","Suicide","2","Firearm","GRINJ-006",45,521150,8.6,6.3,11.6
,"Clark County, WA","53011","2023","2023","Suicide","2","Suffocation","GRINJ-017",13,521150,2.5,1.3,4.3
,"Clark County, WA","53011","2023","2023","Homicide","3","Firearm","GRINJ-006",15,521150,2.9,1.6,4.7
,"Cowlitz County, WA","53015","2023","2023","Unintentional","1","Fall","GRINJ-003",20,112864,17.7,10.8,27.4
,"Cowlitz County, WA","53015","2023","2023","Unintentional","1","Motor Vehicle Traffic","GRINJ-008",17,112864,15.1,8.8,24.1
,"Cowlitz County, WA","53015","2023","2023","Unintentional","1","Poisoning","GRINJ-015",47,112864,41.6,30.6,55.4
,"Cowlitz County, WA","53015","2023","2023","Suicide","2","Firearm","GRINJ-006",17,112864,15.1,8.8,24.1
,"Franklin County, WA","53021","2023","2023","Unintentional","1","Motor Vehicle Traffic","GRINJ-008",13,99034,13.1,7.0,22.4
,"Franklin County, WA","53021","2023","2023","Unintentional","1","Poisoning","GRINJ-015",19,99034,19.2,11.6,30.0
,"Grant County, WA","53025","2023","2023","Unintentional","1","Fall","GRINJ-003",13,102678,12.7,6.7,21.7
,"Grant County, WA","53025","2023","2023","Unintentional","1","Motor Vehicle Traffic","GRINJ-008",23,102678,22.4,14.2,33.6
,"Grant County, WA","53025","2023","2023","Unintentional","1","Poisoning","GRINJ-015",33,102678,32.1,22.1,45.1
,"Grays Harbor County, WA","53027","2023","2023","Unintentional","1","Fall","GRINJ-003",18,77290,23.3,13.8,36.8
,"Grays Harbor County, WA","53027","2023","2023","Unintentional","1","Motor Vehicle Traffic","GRINJ-008",14,77290,18.1,9.9,30.4
,"Grays Harbor County, WA","53027","2023","2023","Unintentional","1","Poisoning","GRINJ-015",75,77290,97.0,76.3,121.6
,"Grays Harbor County, WA","53027","2023","2023","Suicide","2","Firearm","GRINJ-006",10,77290,12.9,6.2,23.8
,"Island County, WA","53029","2023","2023","Unintentional","1","Fall","GRINJ-003",24,86267,27.8,17.8,41.4
,"Island County, WA","53029","2023","2023","Unintentional","1","Motor Vehicle Traffic","GRINJ-008",11,86267,12.8,6.4,22.8
,"Island County, WA","53029","2023","2023","Unintentional","1","Poisoning","GRINJ-015",21,86267,24.3,15.1,37.2
,"Island County, WA","53029","2023","2023","Suicide","2","Firearm","GRINJ-006",10,86267,11.6,5.6,21.3
,"Jefferson County, WA","53031","2023","2023","Unintentional","1","Fall","GRINJ-003",14,33714,41.5,22.7,69.7
,"King County, WA","53033","2023","2023","Unintentional","1","Drowning","GRINJ-002",35,2271380,1.5,1.1,2.1
,"King County, WA","53033","2023","2023","Unintentional","1","Fall","GRINJ-003",251,2271380,11.1,9.7,12.4
,"King County, WA","53033","2023","2023","Unintentional","1","Motor Vehicle Traffic","GRINJ-008",195,2271380,8.6,7.4,9.8
,"King County, WA","53033","2023","2023","Unintentional","1","Natural/Environmental","GRINJ-013",15,2271380,0.7,0.4,1.1
,"King County, WA","53033","2023","2023","Unintentional","1","Poisoning","GRINJ-015",1212,2271380,53.4,50.4,56.4
,"King County, WA","53033","2023","2023","Unintentional","1","Suffocation","GRINJ-017",45,2271380,2.0,1.4,2.7
,"King County, WA","53033","2023","2023","Unintentional","1","Other specified, classifiable Injury","GRINJ-018",10,2271380,0.4,0.2,0.8
,"King County, WA","53033","2023","2023","Unintentional","1","Other specified, not elsewhere classified Injury","GRINJ-019",18,2271380,0.8,0.5,1.3
,"King County, WA","53033","2023","2023","Suicide","2","Fall","GRINJ-003",28,2271380,1.2,0.8,1.8
,"King County, WA","53033","2023","2023","Suicide","2","Firearm","GRINJ-006",134,2271380,5.9,4.9,6.9
,"King County, WA","53033","2023","2023","Suicide","2","Poisoning","GRINJ-015",56,2271380,2.5,1.9,3.2
,"King County, WA","53033","2023","2023","Suicide","2","Suffocation","GRINJ-017",69,2271380,3.0,2.4,3.8
,"King County, WA","53033","2023","2023","Homicide","3","Firearm","GRINJ-006",112,2271380,4.9,4.0,5.8
,"King County, WA","53033","2023","2023","Homicide","3","Unspecified Injury","GRINJ-020",10,2271380,0.4,0.2,0.8
,"Kitsap County, WA","53035","2023","2023","Unintentional","1","Fall","GRINJ-003",58,277658,20.9,15.9,27.0
,"Kitsap County, WA","53035","2023","2023","Unintentional","1","Motor Vehicle Traffic","GRINJ-008",27,277658,9.7,6.4,14.1
,"Kitsap County, WA","53035","2023","2023","Unintentional","1","Poisoning","GRINJ-015",84,277658,30.3,24.1,37.5
,"Kitsap County, WA","53035","2023","2023","Suicide","2","Firearm","GRINJ-006",27,277658,9.7,6.4,14.1
,"Kitsap County, WA","53035","2023","2023","Suicide","2","Suffocation","GRINJ-017",13,277658,4.7,2.5,8.0
,"Kittitas County, WA","53037","2023","2023","Unintentional","1","Poisoning","GRINJ-015",12,45508,26.4,13.6,46.1
,"Lewis County, WA","53041","2023","2023","Unintentional","1","Fall","GRINJ-003",11,86154,12.8,6.4,22.8
,"Lewis County, WA","53041","2023","2023","Unintentional","1","Motor Vehicle Traffic","GRINJ-008",20,86154,23.2,14.2,35.9
,"Lewis County, WA","53041","2023","2023","Unintentional","1","Poisoning","GRINJ-015",45,86154,52.2,38.1,69.9
,"Lewis County, WA","53041","2023","2023","Suicide","2","Firearm","GRINJ-006",11,86154,12.8,6.4,22.8
,"Mason County, WA","53045","2023","2023","Unintentional","1","Fall","GRINJ-003",10,68389,14.6,7.0,26.9
,"Mason County, WA","53045","2023","2023","Unintentional","1","Motor Vehicle Traffic","GRINJ-008",22,68389,32.2,20.2,48.7
,"Mason County, WA","53045","2023","2023","Unintentional","1","Poisoning","GRINJ-015",38,68389,55.6,39.3,76.3
,"Mason County, WA","53045","2023","2023","Suicide","2","Firearm","GRINJ-006",11,68389,16.1,8.0,28.8
,"Okanogan County, WA","53047","2023","2023","Unintentional","1","Poisoning","GRINJ-015",21,43712,48.0,29.7,73.4
,"Okanogan County, WA","53047","2023","2023","Suicide","2","Firearm","GRINJ-006",10,43712,22.9,11.0,42.1
,"Pierce County, WA","53053","2023","2023","Unintentional","1","Drowning","GRINJ-002",13,928696,1.4,0.7,2.4
,"Pierce County, WA","53053","2023","2023","Unintentional","1","Fall","GRINJ-003",191,928696,20.6,17.6,23.5
,"Pierce County, WA","53053","2023","2023","Unintentional","1","Fire/Flame","GRINJ-004",15,928696,1.6,0.9,2.7
,"Pierce County, WA","53053","2023","2023","Unintentional","1","Motor Vehicle Traffic","GRINJ-008",118,928696,12.7,10.4,15.0
,"Pierce County, WA","53053","2023","2023","Unintentional","1","Poisoning","GRINJ-015",448,928696,48.2,43.8,52.7
,"Pierce County, WA","53053","2023","2023","Unintentional","1","Suffocation","GRINJ-017",30,928696,3.2,2.2,4.6
,"Pierce County, WA","53053","2023","2023","Unintentional","1","Other specified, not elsewhere classified Injury","GRINJ-019",16,928696,1.7,1.0,2.8
,"Pierce County, WA","53053","2023","2023","Suicide","2","Firearm","GRINJ-006",91,928696,9.8,7.9,12.0
,"Pierce County, WA","53053","2023","2023","Suicide","2","Poisoning","GRINJ-015",20,928696,2.2,1.3,3.3
,"Pierce County, WA","53053","2023","2023","Suicide","2","Suffocation","GRINJ-017",35,928696,3.8,2.6,5.2
,"Pierce County, WA","53053","2023","2023","Homicide","3","Firearm","GRINJ-006",51,928696,5.5,4.1,7.2
,"Skagit County, WA","53057","2023","2023","Unintentional","1","Fall","GRINJ-003",25,131417,19.0,12.3,28.1
,"Skagit County, WA","53057","2023","2023","Unintentional","1","Motor Vehicle Traffic","GRINJ-008",11,131417,8.4,4.2,15.0
,"Skagit County, WA","53057","2023","2023","Unintentional","1","Poisoning","GRINJ-015",47,131417,35.8,26.3,47.6
,"Skagit County, WA","53057","2023","2023","Suicide","2","Firearm","GRINJ-006",14,131417,10.7,5.8,17.9
,"Snohomish County, WA","53061","2023","2023","Unintentional","1","Fall","GRINJ-003",118,844761,14.0,11.4,16.5
,"Snohomish County, WA","53061","2023","2023","Unintentional","1","Motor Vehicle Traffic","GRINJ-008",62,844761,7.3,5.6,9.4
,"Snohomish County, WA","53061","2023","2023","Unintentional","1","Poisoning","GRINJ-015",305,844761,36.1,32.1,40.2
,"Snohomish County, WA","53061","2023","2023","Unintentional","1","Suffocation","GRINJ-017",24,844761,2.8,1.8,4.2
,"Snohomish County, WA","53061","2023","2023","Suicide","2","Firearm","GRINJ-006",64,844761,7.6,5.8,9.7
,"Snohomish County, WA","53061","2023","2023","Suicide","2","Poisoning","GRINJ-015",12,844761,1.4,0.7,2.5
,"Snohomish County, WA","53061","2023","2023","Suicide","2","Suffocation","GRINJ-017",32,844761,3.8,2.6,5.3
,"Snohomish County, WA","53061","2023","2023","Homicide","3","Firearm","GRINJ-006",28,844761,3.3,2.2,4.8
,"Spokane County, WA","53063","2023","2023","Unintentional","1","Fall","GRINJ-003",134,551455,24.3,20.2,28.4
,"Spokane County, WA","53063","2023","2023","Unintentional","1","Motor Vehicle Traffic","GRINJ-008",65,551455,11.8,9.1,15.0
,"Spokane County, WA","53063","2023","2023","Unintentional","1","Poisoning","GRINJ-015",222,551455,40.3,35.0,45.6
,"Spokane County, WA","53063","2023","2023","Unintentional","1","Suffocation","GRINJ-017",10,551455,1.8,0.9,3.3
,"Spokane County, WA","53063","2023","2023","Suicide","2","Firearm","GRINJ-006",55,551455,10.0,7.5,13.0
,"Spokane County, WA","53063","2023","2023","Suicide","2","Poisoning","GRINJ-015",27,551455,4.9,3.2,7.1
,"Spokane County, WA","53063","2023","2023","Suicide","2","Suffocation","GRINJ-017",19,551455,3.4,2.1,5.4
,"Spokane County, WA","53063","2023","2023","Homicide","3","Firearm","GRINJ-006",20,551455,3.6,2.2,5.6
,"Stevens County, WA","53065","2023","2023","Unintentional","1","Fall","GRINJ-003",13,48837,26.6,14.2,45.5
,"Stevens County, WA","53065","2023","2023","Unintentional","1","Motor Vehicle Traffic","GRINJ-008",13,48837,26.6,14.2,45.5
,"Stevens County, WA","53065","2023","2023","Unintentional","1","Poisoning","GRINJ-015",15,48837,30.7,17.2,50.7
,"Stevens County, WA","53065","2023","2023","Suicide","2","Firearm","GRINJ-006",15,48837,30.7,17.2,50.7
,"Thurston County, WA","53067","2023","2023","Unintentional","1","Fall","GRINJ-003",54,299003,18.1,13.6,23.6
,"Thurston County, WA","53067","2023","2023","Unintentional","1","Motor Vehicle Traffic","GRINJ-008",30,299003,10.0,6.8,14.3
,"Thurston County, WA","53067","2023","2023","Unintentional","1","Poisoning","GRINJ-015",112,299003,37.5,30.5,44.4
,"Thurston County, WA","53067","2023","2023","Suicide","2","Firearm","GRINJ-006",29,299003,9.7,6.5,13.9
,"Thurston County, WA","53067","2023","2023","Suicide","2","Suffocation","GRINJ-017",11,299003,3.7,1.8,6.6
,"Walla Walla County, WA","53071","2023","2023","Unintentional","1","Fall","GRINJ-003",16,61568,26.0,14.9,42.2
,"Walla Walla County, WA","53071","2023","2023","Unintentional","1","Poisoning","GRINJ-015",12,61568,19.5,10.1,34.0
,"Whatcom County, WA","53073","2023","2023","Unintentional","1","Fall","GRINJ-003",25,231919,10.8,7.0,15.9
,"Whatcom County, WA","53073","2023","2023","Unintentional","1","Motor Vehicle Traffic","GRINJ-008",23,231919,9.9,6.3,14.9
,"Whatcom County, WA","53073","2023","2023","Unintentional","1","Poisoning","GRINJ-015",113,231919,48.7,39.7,57.7
,"Whatcom County, WA","53073","2023","2023","Suicide","2","Firearm","GRINJ-006",21,231919,9.1,5.6,13.8
,"Yakima County, WA","53077","2023","2023","Unintentional","1","Fall","GRINJ-003",19,256643,7.4,4.5,11.6
,"Yakima County, WA","53077","2023","2023","Unintentional","1","Motor Vehicle Traffic","GRINJ-008",51,256643,19.9,14.8,26.1
,"Yakima County, WA","53077","2023","2023","Unintentional","1","Poisoning","GRINJ-015",110,256643,42.9,34.9,50.9
,"Yakima County, WA","53077","2023","2023","Suicide","2","Firearm","GRINJ-006",22,256643,8.6,5.4,13.0
,"Yakima County, WA","53077","2023","2023","Suicide","2","Suffocation","GRINJ-017",12,256643,4.7,2.4,8.2
,"Yakima County, WA","53077","2023","2023","Homicide","3","Firearm","GRINJ-006",36,256643,14.0,9.8,19.4
,"Berkeley County, WV","54003","2023","2023","Unintentional","1","Fall","GRINJ-003",26,132440,19.6,12.8,28.8
,"Berkeley County, WV","54003","2023","2023","Unintentional","1","Motor Vehicle Traffic","GRINJ-008",15,132440,11.3,6.3,18.7
,"Berkeley County, WV","54003","2023","2023","Unintentional","1","Poisoning","GRINJ-015",63,132440,47.6,36.6,60.9
,"Berkeley County, WV","54003","2023","2023","Suicide","2","Firearm","GRINJ-006",10,132440,7.6,3.6,13.9
,"Boone County, WV","54005","2023","2023","Unintentional","1","Poisoning","GRINJ-015",26,20576,126.4,82.5,185.1
,"Cabell County, WV","54011","2023","2023","Unintentional","1","Fall","GRINJ-003",21,92082,22.8,14.1,34.9
,"Cabell County, WV","54011","2023","2023","Unintentional","1","Motor Vehicle Traffic","GRINJ-008",15,92082,16.3,9.1,26.9
,"Cabell County, WV","54011","2023","2023","Unintentional","1","Poisoning","GRINJ-015",138,92082,149.9,124.9,174.9
,"Clay County, WV","54015","2023","2023","Unintentional","1","Poisoning","GRINJ-015",10,7783,128.5,61.6,236.3
,"Fayette County, WV","54019","2023","2023","Unintentional","1","Fall","GRINJ-003",11,39072,28.2,14.1,50.4
,"Fayette County, WV","54019","2023","2023","Unintentional","1","Poisoning","GRINJ-015",41,39072,104.9,75.3,142.4
,"Greenbrier County, WV","54025","2023","2023","Unintentional","1","Fall","GRINJ-003",12,32149,37.3,19.3,65.2
,"Greenbrier County, WV","54025","2023","2023","Unintentional","1","Poisoning","GRINJ-015",30,32149,93.3,63.0,133.2
,"Hampshire County, WV","54027","2023","2023","Unintentional","1","Poisoning","GRINJ-015",10,23649,42.3,20.3,77.8
,"Hancock County, WV","54029","2023","2023","Unintentional","1","Fall","GRINJ-003",10,28145,35.5,17.0,65.3
,"Hancock County, WV","54029","2023","2023","Unintentional","1","Poisoning","GRINJ-015",18,28145,64.0,37.9,101.1
,"Harrison County, WV","54033","2023","2023","Unintentional","1","Poisoning","GRINJ-015",52,64639,80.4,60.1,105.5
,"Harrison County, WV","54033","2023","2023","Suicide","2","Firearm","GRINJ-006",12,64639,18.6,9.6,32.4
,"Jackson County, WV","54035","2023","2023","Unintentional","1","Poisoning","GRINJ-015",14,27593,50.7,27.7,85.1
,"Jefferson County, WV","54037","2023","2023","Unintentional","1","Poisoning","GRINJ-015",20,59787,33.5,20.4,51.7
,"Kanawha County, WV","54039","2023","2023","Unintentional","1","Fall","GRINJ-003",47,174805,26.9,19.8,35.8
,"Kanawha County, WV","54039","2023","2023","Unintentional","1","Motor Vehicle Traffic","GRINJ-008",25,174805,14.3,9.3,21.1
,"Kanawha County, WV","54039","2023","2023","Unintentional","1","Poisoning","GRINJ-015",192,174805,109.8,94.3,125.4
,"Kanawha County, WV","54039","2023","2023","Suicide","2","Firearm","GRINJ-006",20,174805,11.4,7.0,17.7
,"Kanawha County, WV","54039","2023","2023","Homicide","3","Firearm","GRINJ-006",10,174805,5.7,2.7,10.5
,"Lewis County, WV","54041","2023","2023","Unintentional","1","Poisoning","GRINJ-015",10,16500,60.6,29.1,111.5
,"Lincoln County, WV","54043","2023","2023","Unintentional","1","Poisoning","GRINJ-015",20,19701,101.5,62.0,156.8
,"Logan County, WV","54045","2023","2023","Unintentional","1","Motor Vehicle Traffic","GRINJ-008",11,30827,35.7,17.8,63.8
,"Logan County, WV","54045","2023","2023","Unintentional","1","Poisoning","GRINJ-015",35,30827,113.5,79.1,157.9
,"McDowell County, WV","54047","2023","2023","Unintentional","1","Poisoning","GRINJ-015",37,17439,212.2,149.4,292.4
,"Marion County, WV","54049","2023","2023","Unintentional","1","Motor Vehicle Traffic","GRINJ-008",12,55807,21.5,11.1,37.6
,"Marion County, WV","54049","2023","2023","Unintentional","1","Poisoning","GRINJ-015",34,55807,60.9,42.2,85.1
,"Marshall County, WV","54051","2023","2023","Unintentional","1","Poisoning","GRINJ-015",12,29405,40.8,21.1,71.3
,"Mason County, WV","54053","2023","2023","Unintentional","1","Poisoning","GRINJ-015",15,24765,60.6,33.9,99.9
,"Mercer County, WV","54055","2023","2023","Unintentional","1","Fall","GRINJ-003",11,58057,18.9,9.5,33.9
,"Mercer County, WV","54055","2023","2023","Unintentional","1","Motor Vehicle Traffic","GRINJ-008",10,58057,17.2,8.3,31.7
,"Mercer County, WV","54055","2023","2023","Unintentional","1","Poisoning","GRINJ-015",86,58057,148.1,118.5,182.9
,"Mercer County, WV","54055","2023","2023","Suicide","2","Firearm","GRINJ-006",13,58057,22.4,11.9,38.3
,"Mingo County, WV","54059","2023","2023","Unintentional","1","Poisoning","GRINJ-015",28,22023,127.1,84.5,183.8
,"Monongalia County, WV","54061","2023","2023","Unintentional","1","Poisoning","GRINJ-015",43,107718,39.9,28.9,53.8
,"Monongalia County, WV","54061","2023","2023","Suicide","2","Firearm","GRINJ-006",10,107718,9.3,4.5,17.1
,"Nicholas County, WV","54067","2023","2023","Unintentional","1","Poisoning","GRINJ-015",18,24169,74.5,44.1,117.7
,"Ohio County, WV","54069","2023","2023","Unintentional","1","Poisoning","GRINJ-015",32,41194,77.7,53.1,109.7
,"Preston County, WV","54077","2023","2023","Unintentional","1","Poisoning","GRINJ-015",22,34099,64.5,40.4,97.7
,"Preston County, WV","54077","2023","2023","Suicide","2","Firearm","GRINJ-006",10,34099,29.3,14.1,53.9
,"Putnam County, WV","54079","2023","2023","Unintentional","1","Poisoning","GRINJ-015",20,56962,35.1,21.4,54.2
,"Raleigh County, WV","54081","2023","2023","Unintentional","1","Fall","GRINJ-003",24,72356,33.2,21.3,49.4
,"Raleigh County, WV","54081","2023","2023","Unintentional","1","Poisoning","GRINJ-015",98,72356,135.4,110.0,165.1
,"Raleigh County, WV","54081","2023","2023","Suicide","2","Firearm","GRINJ-006",11,72356,15.2,7.6,27.2
,"Raleigh County, WV","54081","2023","2023","Homicide","3","Firearm","GRINJ-006",10,72356,13.8,6.6,25.4
,"Randolph County, WV","54083","2023","2023","Unintentional","1","Poisoning","GRINJ-015",12,27350,43.9,22.7,76.6
,"Summers County, WV","54089","2023","2023","Unintentional","1","Poisoning","GRINJ-015",11,11581,95.0,47.4,170.0
,"Wayne County, WV","54099","2023","2023","Unintentional","1","Fall","GRINJ-003",10,37686,26.5,12.7,48.8
,"Wayne County, WV","54099","2023","2023","Unintentional","1","Poisoning","GRINJ-015",32,37686,84.9,58.1,119.9
,"Wetzel County, WV","54103","2023","2023","Unintentional","1","Poisoning","GRINJ-015",10,13890,72.0,34.5,132.4
,"Wood County, WV","54107","2023","2023","Unintentional","1","Fall","GRINJ-003",12,83052,14.4,7.5,25.2
,"Wood County, WV","54107","2023","2023","Unintentional","1","Poisoning","GRINJ-015",49,83052,59.0,43.6,78.0
,"Wood County, WV","54107","2023","2023","Suicide","2","Firearm","GRINJ-006",15,83052,18.1,10.1,29.8
,"Wyoming County, WV","54109","2023","2023","Unintentional","1","Poisoning","GRINJ-015",33,20277,162.7,112.0,228.6
,"Ashland County, WI","55003","2023","2023","Unintentional","1","Poisoning","GRINJ-015",10,16079,62.2,29.8,114.4
,"Barron County, WI","55005","2023","2023","Unintentional","1","Fall","GRINJ-003",20,46833,42.7,26.1,66.0
,"Brown County, WI","55009","2023","2023","Unintentional","1","Fall","GRINJ-003",86,271417,31.7,25.3,39.1
,"Brown County, WI","55009","2023","2023","Unintentional","1","Motor Vehicle Traffic","GRINJ-008",20,271417,7.4,4.5,11.4
,"Brown County, WI","55009","2023","2023","Unintentional","1","Poisoning","GRINJ-015",64,271417,23.6,18.2,30.1
,"Brown County, WI","55009","2023","2023","Suicide","2","Firearm","GRINJ-006",24,271417,8.8,5.7,13.2
,"Brown County, WI","55009","2023","2023","Suicide","2","Poisoning","GRINJ-015",11,271417,4.1,2.0,7.3
,"Chippewa County, WI","55017","2023","2023","Unintentional","1","Fall","GRINJ-003",20,66970,29.9,18.2,46.1
,"Chippewa County, WI","55017","2023","2023","Unintentional","1","Poisoning","GRINJ-015",14,66970,20.9,11.4,35.1
,"Columbia County, WI","55021","2023","2023","Unintentional","1","Fall","GRINJ-003",37,58091,63.7,44.8,87.8
,"Columbia County, WI","55021","2023","2023","Unintentional","1","Poisoning","GRINJ-015",13,58091,22.4,11.9,38.3
,"Dane County, WI","55025","2023","2023","Unintentional","1","Fall","GRINJ-003",236,575347,41.0,35.8,46.3
,"Dane County, WI","55025","2023","2023","Unintentional","1","Motor Vehicle Traffic","GRINJ-008",36,575347,6.3,4.4,8.7
,"Dane County, WI","55025","2023","2023","Unintentional","1","Poisoning","GRINJ-015",142,575347,24.7,20.6,28.7
,"Dane County, WI","55025","2023","2023","Unintentional","1","Suffocation","GRINJ-017",16,575347,2.8,1.6,4.5
,"Dane County, WI","55025","2023","2023","Suicide","2","Firearm","GRINJ-006",33,575347,5.7,3.9,8.1
,"Dane County, WI","55025","2023","2023","Suicide","2","Poisoning","GRINJ-015",16,575347,2.8,1.6,4.5
,"Dane County, WI","55025","2023","2023","Suicide","2","Suffocation","GRINJ-017",17,575347,3.0,1.7,4.7
,"Dane County, WI","55025","2023","2023","Homicide","3","Firearm","GRINJ-006",11,575347,1.9,1.0,3.4
,"Dodge County, WI","55027","2023","2023","Unintentional","1","Fall","GRINJ-003",30,88231,34.0,22.9,48.5
,"Dodge County, WI","55027","2023","2023","Unintentional","1","Motor Vehicle Traffic","GRINJ-008",12,88231,13.6,7.0,23.8
,"Dodge County, WI","55027","2023","2023","Unintentional","1","Poisoning","GRINJ-015",16,88231,18.1,10.4,29.4
,"Dodge County, WI","55027","2023","2023","Suicide","2","Firearm","GRINJ-006",14,88231,15.9,8.7,26.6
,"Door County, WI","55029","2023","2023","Unintentional","1","Fall","GRINJ-003",13,30562,42.5,22.6,72.7
,"Douglas County, WI","55031","2023","2023","Unintentional","1","Poisoning","GRINJ-015",11,44264,24.9,12.4,44.5
,"Douglas County, WI","55031","2023","2023","Suicide","2","Firearm","GRINJ-006",10,44264,22.6,10.8,41.5
,"Dunn County, WI","55033","2023","2023","Unintentional","1","Fall","GRINJ-003",14,45794,30.6,16.7,51.3
,"Eau Claire County, WI","55035","2023","2023","Unintentional","1","Fall","GRINJ-003",35,107903,32.4,22.6,45.1
,"Eau Claire County, WI","55035","2023","2023","Unintentional","1","Motor Vehicle Traffic","GRINJ-008",12,107903,11.1,5.7,19.4
,"Eau Claire County, WI","55035","2023","2023","Unintentional","1","Poisoning","GRINJ-015",16,107903,14.8,8.5,24.1
,"Eau Claire County, WI","55035","2023","2023","Suicide","2","Firearm","GRINJ-006",12,107903,11.1,5.7,19.4
,"Fond du Lac County, WI","55039","2023","2023","Unintentional","1","Fall","GRINJ-003",30,103948,28.9,19.5,41.2
,"Fond du Lac County, WI","55039","2023","2023","Unintentional","1","Motor Vehicle Traffic","GRINJ-008",16,103948,15.4,8.8,25.0
,"Fond du Lac County, WI","55039","2023","2023","Unintentional","1","Poisoning","GRINJ-015",27,103948,26.0,17.1,37.8
,"Grant County, WI","55043","2023","2023","Unintentional","1","Fall","GRINJ-003",10,51409,19.5,9.3,35.8
,"Green County, WI","55045","2023","2023","Unintentional","1","Fall","GRINJ-003",19,36951,51.4,31.0,80.3
,"Jackson County, WI","55053","2023","2023","Unintentional","1","Poisoning","GRINJ-015",12,20855,57.5,29.7,100.5
,"Jefferson County, WI","55055","2023","2023","Unintentional","1","Fall","GRINJ-003",24,85743,28.0,17.9,41.6
,"Jefferson County, WI","55055","2023","2023","Unintentional","1","Poisoning","GRINJ-015",15,85743,17.5,9.8,28.9
,"Jefferson County, WI","55055","2023","2023","Suicide","2","Firearm","GRINJ-006",14,85743,16.3,8.9,27.4
,"Kenosha County, WI","55059","2023","2023","Unintentional","1","Fall","GRINJ-003",58,167488,34.6,26.3,44.8
,"Kenosha County, WI","55059","2023","2023","Unintentional","1","Motor Vehicle Traffic","GRINJ-008",14,167488,8.4,4.6,14.0
,"Kenosha County, WI","55059","2023","2023","Unintentional","1","Poisoning","GRINJ-015",52,167488,31.0,23.2,40.7
,"Kenosha County, WI","55059","2023","2023","Suicide","2","Firearm","GRINJ-006",12,167488,7.2,3.7,12.5
,"La Crosse County, WI","55063","2023","2023","Unintentional","1","Fall","GRINJ-003",28,120486,23.2,15.4,33.6
,"La Crosse County, WI","55063","2023","2023","Unintentional","1","Poisoning","GRINJ-015",40,120486,33.2,23.7,45.2
,"Lincoln County, WI","55069","2023","2023","Unintentional","1","Fall","GRINJ-003",13,28405,45.8,24.4,78.3
,"Manitowoc County, WI","55071","2023","2023","Unintentional","1","Fall","GRINJ-003",24,81331,29.5,18.9,43.9
,"Manitowoc County, WI","55071","2023","2023","Unintentional","1","Poisoning","GRINJ-015",20,81331,24.6,15.0,38.0
,"Marathon County, WI","55073","2023","2023","Unintentional","1","Fall","GRINJ-003",41,138612,29.6,21.2,40.1
,"Marathon County, WI","55073","2023","2023","Unintentional","1","Motor Vehicle Traffic","GRINJ-008",12,138612,8.7,4.5,15.1
,"Marathon County, WI","55073","2023","2023","Unintentional","1","Poisoning","GRINJ-015",18,138612,13.0,7.7,20.5
,"Marathon County, WI","55073","2023","2023","Suicide","2","Firearm","GRINJ-006",17,138612,12.3,7.1,19.6
,"Marinette County, WI","55075","2023","2023","Unintentional","1","Fall","GRINJ-003",12,42106,28.5,14.7,49.8
,"Menominee County, WI","55078","2023","2023","Unintentional","1","Poisoning","GRINJ-015",12,4226,284.0,146.7,496.0
,"Milwaukee County, WI","55079","2023","2023","Unintentional","1","Fall","GRINJ-003",268,916205,29.3,25.7,32.8
,"Milwaukee County, WI","55079","2023","2023","Unintentional","1","Fire/Flame","GRINJ-004",13,916205,1.4,0.8,2.4
,"Milwaukee County, WI","55079","2023","2023","Unintentional","1","Motor Vehicle Traffic","GRINJ-008",111,916205,12.1,9.9,14.4
,"Milwaukee County, WI","55079","2023","2023","Unintentional","1","Natural/Environmental","GRINJ-013",10,916205,1.1,0.5,2.0
,"Milwaukee County, WI","55079","2023","2023","Unintentional","1","Poisoning","GRINJ-015",632,916205,69.0,63.6,74.4
,"Milwaukee County, WI","55079","2023","2023","Unintentional","1","Suffocation","GRINJ-017",29,916205,3.2,2.1,4.5
,"Milwaukee County, WI","55079","2023","2023","Suicide","2","Firearm","GRINJ-006",65,916205,7.1,5.5,9.0
,"Milwaukee County, WI","55079","2023","2023","Suicide","2","Poisoning","GRINJ-015",13,916205,1.4,0.8,2.4
,"Milwaukee County, WI","55079","2023","2023","Suicide","2","Suffocation","GRINJ-017",37,916205,4.0,2.8,5.6
,"Milwaukee County, WI","55079","2023","2023","Homicide","3","Firearm","GRINJ-006",168,916205,18.3,15.6,21.1
,"Milwaukee County, WI","55079","2023","2023","Undetermined ","4","Poisoning","GRINJ-015",11,916205,1.2,0.6,2.1
,"Monroe County, WI","55081","2023","2023","Unintentional","1","Poisoning","GRINJ-015",13,46151,28.2,15.0,48.2
,"Oneida County, WI","55085","2023","2023","Unintentional","1","Fall","GRINJ-003",22,38226,57.6,36.1,87.1
,"Outagamie County, WI","55087","2023","2023","Unintentional","1","Fall","GRINJ-003",25,193234,12.9,8.4,19.1
,"Outagamie County, WI","55087","2023","2023","Unintentional","1","Motor Vehicle Traffic","GRINJ-008",12,193234,6.2,3.2,10.8
,"Outagamie County, WI","55087","2023","2023","Unintentional","1","Poisoning","GRINJ-015",28,193234,14.5,9.6,20.9
,"Outagamie County, WI","55087","2023","2023","Suicide","2","Firearm","GRINJ-006",22,193234,11.4,7.1,17.2
,"Ozaukee County, WI","55089","2023","2023","Unintentional","1","Fall","GRINJ-003",30,93460,32.1,21.7,45.8
,"Ozaukee County, WI","55089","2023","2023","Unintentional","1","Poisoning","GRINJ-015",16,93460,17.1,9.8,27.8
,"Pierce County, WI","55093","2023","2023","Unintentional","1","Fall","GRINJ-003",10,43026,23.2,11.1,42.7
,"Polk County, WI","55095","2023","2023","Unintentional","1","Fall","GRINJ-003",14,45762,30.6,16.7,51.3
,"Polk County, WI","55095","2023","2023","Unintentional","1","Poisoning","GRINJ-015",12,45762,26.2,13.5,45.8
,"Portage County, WI","55097","2023","2023","Unintentional","1","Poisoning","GRINJ-015",10,71024,14.1,6.8,25.9
,"Racine County, WI","55101","2023","2023","Unintentional","1","Fall","GRINJ-003",63,196613,32.0,24.6,41.0
,"Racine County, WI","55101","2023","2023","Unintentional","1","Motor Vehicle Traffic","GRINJ-008",18,196613,9.2,5.4,14.5
,"Racine County, WI","55101","2023","2023","Unintentional","1","Poisoning","GRINJ-015",76,196613,38.7,30.5,48.4
,"Racine County, WI","55101","2023","2023","Suicide","2","Firearm","GRINJ-006",10,196613,5.1,2.4,9.4
,"Racine County, WI","55101","2023","2023","Homicide","3","Firearm","GRINJ-006",11,196613,5.6,2.8,10.0
,"Rock County, WI","55105","2023","2023","Unintentional","1","Fall","GRINJ-003",81,164278,49.3,39.2,61.3
,"Rock County, WI","55105","2023","2023","Unintentional","1","Motor Vehicle Traffic","GRINJ-008",14,164278,8.5,4.7,14.3
,"Rock County, WI","55105","2023","2023","Unintentional","1","Poisoning","GRINJ-015",58,164278,35.3,26.8,45.6
,"St. Croix County, WI","55109","2023","2023","Unintentional","1","Fall","GRINJ-003",14,96763,14.5,7.9,24.3
,"St. Croix County, WI","55109","2023","2023","Unintentional","1","Motor Vehicle Traffic","GRINJ-008",16,96763,16.5,9.5,26.9
,"St. Croix County, WI","55109","2023","2023","Unintentional","1","Poisoning","GRINJ-015",12,96763,12.4,6.4,21.7
,"Sauk County, WI","55111","2023","2023","Unintentional","1","Fall","GRINJ-003",44,65920,66.7,48.5,89.6
,"Sauk County, WI","55111","2023","2023","Unintentional","1","Poisoning","GRINJ-015",10,65920,15.2,7.3,27.9
,"Shawano County, WI","55115","2023","2023","Unintentional","1","Fall","GRINJ-003",17,41109,41.4,24.1,66.2
,"Sheboygan County, WI","55117","2023","2023","Unintentional","1","Fall","GRINJ-003",28,117752,23.8,15.8,34.4
,"Sheboygan County, WI","55117","2023","2023","Unintentional","1","Motor Vehicle Traffic","GRINJ-008",10,117752,8.5,4.1,15.6
,"Sheboygan County, WI","55117","2023","2023","Unintentional","1","Poisoning","GRINJ-015",17,117752,14.4,8.4,23.1
,"Vernon County, WI","55123","2023","2023","Unintentional","1","Fall","GRINJ-003",10,31170,32.1,15.4,59.0
,"Vilas County, WI","55125","2023","2023","Unintentional","1","Fall","GRINJ-003",12,23885,50.2,26.0,87.8
,"Walworth County, WI","55127","2023","2023","Unintentional","1","Fall","GRINJ-003",30,105822,28.3,19.1,40.5
,"Walworth County, WI","55127","2023","2023","Unintentional","1","Motor Vehicle Traffic","GRINJ-008",10,105822,9.4,4.5,17.4
,"Walworth County, WI","55127","2023","2023","Unintentional","1","Poisoning","GRINJ-015",14,105822,13.2,7.2,22.2
,"Washington County, WI","55131","2023","2023","Unintentional","1","Fall","GRINJ-003",61,138168,44.1,33.8,56.7
,"Washington County, WI","55131","2023","2023","Unintentional","1","Motor Vehicle Traffic","GRINJ-008",12,138168,8.7,4.5,15.2
,"Washington County, WI","55131","2023","2023","Unintentional","1","Poisoning","GRINJ-015",27,138168,19.5,12.9,28.4
,"Washington County, WI","55131","2023","2023","Suicide","2","Firearm","GRINJ-006",12,138168,8.7,4.5,15.2
,"Waukesha County, WI","55133","2023","2023","Unintentional","1","Fall","GRINJ-003",197,412591,47.7,41.1,54.4
,"Waukesha County, WI","55133","2023","2023","Unintentional","1","Motor Vehicle Traffic","GRINJ-008",36,412591,8.7,6.1,12.1
,"Waukesha County, WI","55133","2023","2023","Unintentional","1","Poisoning","GRINJ-015",72,412591,17.5,13.7,22.0
,"Waukesha County, WI","55133","2023","2023","Suicide","2","Firearm","GRINJ-006",34,412591,8.2,5.7,11.5
,"Waukesha County, WI","55133","2023","2023","Suicide","2","Poisoning","GRINJ-015",10,412591,2.4,1.2,4.5
,"Waupaca County, WI","55135","2023","2023","Unintentional","1","Fall","GRINJ-003",14,51388,27.2,14.9,45.7
,"Winnebago County, WI","55139","2023","2023","Unintentional","1","Fall","GRINJ-003",50,171735,29.1,21.6,38.4
,"Winnebago County, WI","55139","2023","2023","Unintentional","1","Motor Vehicle Traffic","GRINJ-008",18,171735,10.5,6.2,16.6
,"Winnebago County, WI","55139","2023","2023","Unintentional","1","Poisoning","GRINJ-015",39,171735,22.7,16.1,31.0
,"Winnebago County, WI","55139","2023","2023","Suicide","2","Firearm","GRINJ-006",11,171735,6.4,3.2,11.5
,"Wood County, WI","55141","2023","2023","Unintentional","1","Fall","GRINJ-003",25,73939,33.8,21.9,49.9
,"Wood County, WI","55141","2023","2023","Unintentional","1","Motor Vehicle Traffic","GRINJ-008",10,73939,13.5,6.5,24.9
,"Wood County, WI","55141","2023","2023","Unintentional","1","Poisoning","GRINJ-015",12,73939,16.2,8.4,28.3
,"Campbell County, WY","56005","2023","2023","Suicide","2","Firearm","GRINJ-006",12,47498,25.3,13.1,44.1
,"Fremont County, WY","56013","2023","2023","Unintentional","1","Motor Vehicle Traffic","GRINJ-008",10,39815,25.1,12.0,46.2
,"Fremont County, WY","56013","2023","2023","Unintentional","1","Poisoning","GRINJ-015",14,39815,35.2,19.2,59.0
,"Laramie County, WY","56021","2023","2023","Unintentional","1","Fall","GRINJ-003",15,100984,14.9,8.3,24.5
,"Laramie County, WY","56021","2023","2023","Unintentional","1","Motor Vehicle Traffic","GRINJ-008",13,100984,12.9,6.9,22.0
,"Laramie County, WY","56021","2023","2023","Unintentional","1","Poisoning","GRINJ-015",35,100984,34.7,24.1,48.2
,"Laramie County, WY","56021","2023","2023","Suicide","2","Firearm","GRINJ-006",17,100984,16.8,9.8,27.0
,"Natrona County, WY","56025","2023","2023","Unintentional","1","Fall","GRINJ-003",10,79941,12.5,6.0,23.0
,"Natrona County, WY","56025","2023","2023","Unintentional","1","Motor Vehicle Traffic","GRINJ-008",10,79941,12.5,6.0,23.0
,"Natrona County, WY","56025","2023","2023","Unintentional","1","Poisoning","GRINJ-015",14,79941,17.5,9.6,29.4
,"Natrona County, WY","56025","2023","2023","Suicide","2","Firearm","GRINJ-006",18,79941,22.5,13.3,35.6
,"Park County, WY","56029","2023","2023","Unintentional","1","Fall","GRINJ-003",10,30735,32.5,15.6,59.8
,"Sweetwater County, WY","56037","2023","2023","Unintentional","1","Poisoning","GRINJ-015",19,41249,46.1,27.7,71.9
,"Sweetwater County, WY","56037","2023","2023","Suicide","2","Firearm","GRINJ-006",12,41249,29.1,15.0,50.8
,"Uinta County, WY","56041","2023","2023","Unintentional","1","Poisoning","GRINJ-015",12,20745,57.8,29.9,101.0
"---"
"Dataset: Underlying Cause of Death, 2018-2024, Single Race"
"Query Parameters:"
"Injury Intent: Unintentional; Suicide; Homicide; Undetermined"
"Injury Mechanism & All Other Leading Causes: Cut/Pierce; Drowning; Fall; Fire/Flame; Hot object/Substance; Firearm; Machinery;"
"Motor Vehicle Traffic; Other Pedal cyclist; Other Pedestrian; Other land transport; Other transport; Natural/Environmental;"
"Overexertion; Poisoning; Struck by or against; Suffocation; Other specified, classifiable Injury; Other specified, not elsewhere"
"classified Injury; Unspecified Injury"
"Year/Month: 2023"
"Group By: County; Year; Injury Intent; Injury Mechanism & All Other Leading Causes"
"Show Totals: Disabled"
"Show Zero Values: Disabled"
"Show Suppressed: False"
"Calculate Rates Per: 100,000"
"Rate Options: Default intercensal populations for years 2001-2009 (except Infant Age Groups)"
"---"
"Help: See http://wonder.cdc.gov/wonder/help/ucd-expanded.html for more information."
"---"
"Query Date: Mar 4, 2026 9:49:46 PM"
"---"
"Suggested Citation: Centers for Disease Control and Prevention, National Center for Health Statistics. National Vital Statistics"
"System, Mortality 2018-2024 on CDC WONDER Online Database, released in 2026. Data are from the Multiple Cause of Death Files,"
"2018-2024, as compiled from data provided by the 57 vital statistics jurisdictions through the Vital Statistics Cooperative"
"Program. Accessed at http://wonder.cdc.gov/ucd-icd10-expanded.html on Mar 4, 2026 9:49:46 PM"
"---"
Messages:
"1. Selections made to any variable in [Injury Intent, Injury Mechanism & All Other Leading Causes] cause equivalent selections"
"in the other variables. More Information: http://wonder.cdc.gov/wonder/help/faq.html#related-variables."
"2. The full results are too long to be displayed. Due to suppression constraints rows that are zero, suppressed or a total will"
"not be available."
"---"
Caveats:
"1. Deaths and population estimates are shown separately from the adjacent counties for Carson City, Nevada (FIPS code 32510)."
"2. Deaths and population estimates are reported separately for Baltimore City (FIPS code 24510) and Baltimore county (FIPS code"
"24005)."
"3. Deaths and population estimates are reported separately for St. Louis City (FIPS code 29510) and county (FIPS code 29189)."
"4. The method used to calculate 95% confidence intervals is documented here: More information:"
"http://wonder.cdc.gov/wonder/help/ucd-expanded.html#Confidence-Intervals."
"5. The population figures for year 2024 are single-race estimates of the July 1 resident population, from the Vintage 2024"
"postcensal series released by the Census Bureau on June 27, 2024. The 2024 series is based on the Modified Blended Base produced"
"by the US Census Bureau in lieu of the April 1, 2020 decennial population count. The Modified Blended Base consists of the blend"
"of Vintage 2020 postcensal population estimates for April 1, 2020, 2020 Demographic Analysis Estimates, and 2020 Census data"
"from the internal Census Edited File (CEF). The population figures for year 2023 are single-race estimates of the July 1"
"resident population, from the Vintage 2023 postcensal series released by the Census Bureau on June 27, 2024. The 2023 series is"
"based on the Modified Blended Base produced by the US Census Bureau in lieu of the April 1, 2020 decennial population count. The"
"Modified Blended Base consists of the blend of Vintage 2020 postcensal population estimates for April 1, 2020, 2020 Demographic"
"Analysis Estimates, and 2020 Census data from the internal Census Edited File (CEF). The population figures for years 2022 are"
"single-race estimates of the July 1 resident population, from the Vintage 2022 postcensal series released by the Census Bureau"
"on June 22, 2023. The 2022 series is based on the Modified Blended Base produced by the US Census Bureau in lieu of the April 1,"
"2020 decennial population count. The Modified Blended Base consists of the blend of Vintage 2020 postcensal population estimates"
"for April 1, 2020, 2020 Demographic Analysis Estimates, and 2020 Census data from the internal Census Edited File (CEF). The"
"population figures for years 2021 are single-race estimates of the July 1 resident population, based on the Blended Base"
"produced by the US Census Bureau in lieu of the April 1, 2020 decennial population count, from the Vintage 2021 postcensal"
"series released by the Census Bureau on June 30, 2022. The population figures for year 2020 are single-race estimates of the"
"July 1 resident population, from the Vintage 2020 postcensal series based on April 2010 Census, released by the Census Bureau on"
"July 27, 2021. The population figures for year 2019 are single-race estimates of the July 1 resident population, from the"
"Vintage 2019 postcensal series based on April 2010 Census, released by the Census Bureau on June 25, 2020. The population"
"figures for year 2018 are single-race estimates of the July 1 resident population, from the Vintage 2018 postcensal series based"
"on April 2010 Census, released by the Census Bureau on June 20, 2019. More information:"
"http://wonder.cdc.gov/wonder/help/ucd-expanded.html#Population Data."
"6. The population figures used in the calculation of death rates for the age group 'under 1 year' are the estimates of the"
"resident population that is under one year of age. More information: http://wonder.cdc.gov/wonder/help/ucd-expanded.html#Age"
"Group."
"7. Connecticut population estimates for 2022 and later years are reported for 9 planning regions as county equivalent areas,"
"instead of the former 8 legacy counties in the Vintage 2022 postcensal series released by the Census Bureau on June 22, 2023,"
"and in the Vintage 2023 postcensal series released by the Census Bureau on June 27, 2024. Populations estimates for the former"
"counties are not available for 2022 and later years. More information:"
"http://wonder.cdc.gov/wonder/help/ucd-expanded.html#Connecticut-2022."
"8. After the creation of the final 2023 dataset, North Carolina updated the cause of death information for over 900 death"
"certificates to include a cause of death code indicating drug overdose (ICD-10 underlying cause-of-death codes: X40-X44,"
"X60-X64, X85, and Y10-Y14). Jurisdictions can continue to update death certificates after the closing of the mortality file. As"
"a result, users should consider that the actual death count for drug overdose deaths for North Carolina in 2023 is over 4,400"
"deaths, with a crude rate of approximately 41.0 per 100,000 population, and an age-adjusted rate of approximately 42.1 per"
"100,000 population. These deaths will not be updated on the final mortality datasets."