"Notes","County","County Code","Year","Year Code","Injury Intent","Injury Intent Code","Injury Mechanism & All Other Leading Causes","Injury Mechanism & All Other Leading Causes Code",Deaths,Population,Crude Rate,Crude Rate Lower 95% Confidence Interval,Crude Rate Upper 95% Confidence Interval
,"Baldwin County, AL","01003","2020","2020","Unintentional","1","Fall","GRINJ-003",24,229287,10.5,6.7,15.6
,"Baldwin County, AL","01003","2020","2020","Unintentional","1","Motor Vehicle Traffic","GRINJ-008",33,229287,14.4,9.9,20.2
,"Baldwin County, AL","01003","2020","2020","Unintentional","1","Poisoning","GRINJ-015",58,229287,25.3,19.2,32.7
,"Baldwin County, AL","01003","2020","2020","Suicide","2","Firearm","GRINJ-006",31,229287,13.5,9.2,19.2
,"Baldwin County, AL","01003","2020","2020","Suicide","2","Suffocation","GRINJ-017",10,229287,4.4,2.1,8.0
,"Blount County, AL","01009","2020","2020","Unintentional","1","Motor Vehicle Traffic","GRINJ-008",20,57879,34.6,21.1,53.4
,"Blount County, AL","01009","2020","2020","Unintentional","1","Poisoning","GRINJ-015",10,57879,17.3,8.3,31.8
,"Calhoun County, AL","01015","2020","2020","Unintentional","1","Motor Vehicle Traffic","GRINJ-008",26,113469,22.9,15.0,33.6
,"Calhoun County, AL","01015","2020","2020","Unintentional","1","Poisoning","GRINJ-015",27,113469,23.8,15.7,34.6
,"Calhoun County, AL","01015","2020","2020","Suicide","2","Firearm","GRINJ-006",21,113469,18.5,11.5,28.3
,"Chambers County, AL","01017","2020","2020","Unintentional","1","Motor Vehicle Traffic","GRINJ-008",12,32865,36.5,18.9,63.8
,"Chilton County, AL","01021","2020","2020","Unintentional","1","Motor Vehicle Traffic","GRINJ-008",11,44397,24.8,12.4,44.3
,"Coffee County, AL","01031","2020","2020","Unintentional","1","Motor Vehicle Traffic","GRINJ-008",13,53230,24.4,13.0,41.8
,"Coffee County, AL","01031","2020","2020","Suicide","2","Firearm","GRINJ-006",12,53230,22.5,11.6,39.4
,"Colbert County, AL","01033","2020","2020","Unintentional","1","Motor Vehicle Traffic","GRINJ-008",10,55411,18.0,8.7,33.2
,"Cullman County, AL","01043","2020","2020","Unintentional","1","Motor Vehicle Traffic","GRINJ-008",18,84515,21.3,12.6,33.7
,"Cullman County, AL","01043","2020","2020","Unintentional","1","Poisoning","GRINJ-015",17,84515,20.1,11.7,32.2
,"Cullman County, AL","01043","2020","2020","Suicide","2","Firearm","GRINJ-006",15,84515,17.7,9.9,29.3
,"Dale County, AL","01045","2020","2020","Unintentional","1","Motor Vehicle Traffic","GRINJ-008",12,48959,24.5,12.7,42.8
,"Dallas County, AL","01047","2020","2020","Unintentional","1","Motor Vehicle Traffic","GRINJ-008",10,36098,27.7,13.3,50.9
,"Dallas County, AL","01047","2020","2020","Homicide","3","Firearm","GRINJ-006",11,36098,30.5,15.2,54.5
,"DeKalb County, AL","01049","2020","2020","Unintentional","1","Motor Vehicle Traffic","GRINJ-008",14,71658,19.5,10.7,32.8
,"DeKalb County, AL","01049","2020","2020","Unintentional","1","Poisoning","GRINJ-015",18,71658,25.1,14.9,39.7
,"DeKalb County, AL","01049","2020","2020","Suicide","2","Firearm","GRINJ-006",10,71658,14.0,6.7,25.7
,"Elmore County, AL","01051","2020","2020","Unintentional","1","Motor Vehicle Traffic","GRINJ-008",14,82158,17.0,9.3,28.6
,"Elmore County, AL","01051","2020","2020","Suicide","2","Firearm","GRINJ-006",11,82158,13.4,6.7,24.0
,"Etowah County, AL","01055","2020","2020","Unintentional","1","Motor Vehicle Traffic","GRINJ-008",18,102371,17.6,10.4,27.8
,"Etowah County, AL","01055","2020","2020","Unintentional","1","Poisoning","GRINJ-015",21,102371,20.5,12.7,31.4
,"Etowah County, AL","01055","2020","2020","Suicide","2","Firearm","GRINJ-006",15,102371,14.7,8.2,24.2
,"Franklin County, AL","01059","2020","2020","Unintentional","1","Motor Vehicle Traffic","GRINJ-008",14,31507,44.4,24.3,74.6
,"Houston County, AL","01069","2020","2020","Unintentional","1","Motor Vehicle Traffic","GRINJ-008",15,106580,14.1,7.9,23.2
,"Houston County, AL","01069","2020","2020","Unintentional","1","Poisoning","GRINJ-015",14,106580,13.1,7.2,22.0
,"Houston County, AL","01069","2020","2020","Suicide","2","Firearm","GRINJ-006",11,106580,10.3,5.2,18.5
,"Jackson County, AL","01071","2020","2020","Unintentional","1","Motor Vehicle Traffic","GRINJ-008",20,51582,38.8,23.7,59.9
,"Jefferson County, AL","01073","2020","2020","Unintentional","1","Fall","GRINJ-003",44,655342,6.7,4.9,9.0
,"Jefferson County, AL","01073","2020","2020","Unintentional","1","Fire/Flame","GRINJ-004",20,655342,3.1,1.9,4.7
,"Jefferson County, AL","01073","2020","2020","Unintentional","1","Motor Vehicle Traffic","GRINJ-008",116,655342,17.7,14.5,20.9
,"Jefferson County, AL","01073","2020","2020","Unintentional","1","Poisoning","GRINJ-015",265,655342,40.4,35.6,45.3
,"Jefferson County, AL","01073","2020","2020","Unintentional","1","Suffocation","GRINJ-017",25,655342,3.8,2.5,5.6
,"Jefferson County, AL","01073","2020","2020","Unintentional","1","Unspecified Injury","GRINJ-020",24,655342,3.7,2.3,5.4
,"Jefferson County, AL","01073","2020","2020","Suicide","2","Firearm","GRINJ-006",61,655342,9.3,7.1,12.0
,"Jefferson County, AL","01073","2020","2020","Suicide","2","Suffocation","GRINJ-017",17,655342,2.6,1.5,4.2
,"Jefferson County, AL","01073","2020","2020","Homicide","3","Firearm","GRINJ-006",151,655342,23.0,19.4,26.7
,"Lauderdale County, AL","01077","2020","2020","Unintentional","1","Motor Vehicle Traffic","GRINJ-008",19,93368,20.3,12.3,31.8
,"Lauderdale County, AL","01077","2020","2020","Suicide","2","Firearm","GRINJ-006",14,93368,15.0,8.2,25.2
,"Lee County, AL","01081","2020","2020","Unintentional","1","Fall","GRINJ-003",11,166831,6.6,3.3,11.8
,"Lee County, AL","01081","2020","2020","Unintentional","1","Motor Vehicle Traffic","GRINJ-008",23,166831,13.8,8.7,20.7
,"Lee County, AL","01081","2020","2020","Unintentional","1","Poisoning","GRINJ-015",19,166831,11.4,6.9,17.8
,"Lee County, AL","01081","2020","2020","Suicide","2","Firearm","GRINJ-006",16,166831,9.6,5.5,15.6
,"Limestone County, AL","01083","2020","2020","Unintentional","1","Motor Vehicle Traffic","GRINJ-008",19,102228,18.6,11.2,29.0
,"Madison County, AL","01089","2020","2020","Unintentional","1","Fall","GRINJ-003",20,379453,5.3,3.2,8.1
,"Madison County, AL","01089","2020","2020","Unintentional","1","Motor Vehicle Traffic","GRINJ-008",51,379453,13.4,10.0,17.7
,"Madison County, AL","01089","2020","2020","Unintentional","1","Poisoning","GRINJ-015",100,379453,26.4,21.2,31.5
,"Madison County, AL","01089","2020","2020","Unintentional","1","Unspecified Injury","GRINJ-020",15,379453,4.0,2.2,6.5
,"Madison County, AL","01089","2020","2020","Suicide","2","Firearm","GRINJ-006",35,379453,9.2,6.4,12.8
,"Madison County, AL","01089","2020","2020","Suicide","2","Suffocation","GRINJ-017",13,379453,3.4,1.8,5.9
,"Madison County, AL","01089","2020","2020","Homicide","3","Firearm","GRINJ-006",18,379453,4.7,2.8,7.5
,"Marshall County, AL","01095","2020","2020","Unintentional","1","Fall","GRINJ-003",10,96990,10.3,4.9,19.0
,"Marshall County, AL","01095","2020","2020","Unintentional","1","Motor Vehicle Traffic","GRINJ-008",20,96990,20.6,12.6,31.8
,"Marshall County, AL","01095","2020","2020","Unintentional","1","Poisoning","GRINJ-015",18,96990,18.6,11.0,29.3
,"Marshall County, AL","01095","2020","2020","Suicide","2","Firearm","GRINJ-006",14,96990,14.4,7.9,24.2
,"Mobile County, AL","01097","2020","2020","Unintentional","1","Fall","GRINJ-003",37,412716,9.0,6.3,12.4
,"Mobile County, AL","01097","2020","2020","Unintentional","1","Motor Vehicle Traffic","GRINJ-008",70,412716,17.0,13.2,21.4
,"Mobile County, AL","01097","2020","2020","Unintentional","1","Poisoning","GRINJ-015",90,412716,21.8,17.5,26.8
,"Mobile County, AL","01097","2020","2020","Unintentional","1","Suffocation","GRINJ-017",11,412716,2.7,1.3,4.8
,"Mobile County, AL","01097","2020","2020","Unintentional","1","Unspecified Injury","GRINJ-020",24,412716,5.8,3.7,8.7
,"Mobile County, AL","01097","2020","2020","Suicide","2","Firearm","GRINJ-006",27,412716,6.5,4.3,9.5
,"Mobile County, AL","01097","2020","2020","Suicide","2","Poisoning","GRINJ-015",11,412716,2.7,1.3,4.8
,"Mobile County, AL","01097","2020","2020","Suicide","2","Suffocation","GRINJ-017",15,412716,3.6,2.0,6.0
,"Mobile County, AL","01097","2020","2020","Homicide","3","Firearm","GRINJ-006",66,412716,16.0,12.4,20.3
,"Montgomery County, AL","01101","2020","2020","Unintentional","1","Motor Vehicle Traffic","GRINJ-008",38,224639,16.9,12.0,23.2
,"Montgomery County, AL","01101","2020","2020","Unintentional","1","Poisoning","GRINJ-015",30,224639,13.4,9.0,19.1
,"Montgomery County, AL","01101","2020","2020","Unintentional","1","Unspecified Injury","GRINJ-020",17,224639,7.6,4.4,12.1
,"Montgomery County, AL","01101","2020","2020","Suicide","2","Firearm","GRINJ-006",16,224639,7.1,4.1,11.6
,"Montgomery County, AL","01101","2020","2020","Homicide","3","Firearm","GRINJ-006",66,224639,29.4,22.7,37.4
,"Morgan County, AL","01103","2020","2020","Unintentional","1","Motor Vehicle Traffic","GRINJ-008",19,119883,15.8,9.5,24.7
,"Morgan County, AL","01103","2020","2020","Unintentional","1","Poisoning","GRINJ-015",27,119883,22.5,14.8,32.8
,"Morgan County, AL","01103","2020","2020","Unintentional","1","Unspecified Injury","GRINJ-020",10,119883,8.3,4.0,15.3
,"Morgan County, AL","01103","2020","2020","Suicide","2","Firearm","GRINJ-006",13,119883,10.8,5.8,18.5
,"Morgan County, AL","01103","2020","2020","Homicide","3","Firearm","GRINJ-006",21,119883,17.5,10.8,26.8
,"Russell County, AL","01113","2020","2020","Unintentional","1","Fall","GRINJ-003",12,58237,20.6,10.6,36.0
,"Russell County, AL","01113","2020","2020","Unintentional","1","Motor Vehicle Traffic","GRINJ-008",18,58237,30.9,18.3,48.8
,"Russell County, AL","01113","2020","2020","Unintentional","1","Poisoning","GRINJ-015",16,58237,27.5,15.7,44.6
,"Russell County, AL","01113","2020","2020","Suicide","2","Firearm","GRINJ-006",10,58237,17.2,8.2,31.6
,"St. Clair County, AL","01115","2020","2020","Unintentional","1","Motor Vehicle Traffic","GRINJ-008",22,90739,24.2,15.2,36.7
,"St. Clair County, AL","01115","2020","2020","Unintentional","1","Poisoning","GRINJ-015",27,90739,29.8,19.6,43.3
,"Shelby County, AL","01117","2020","2020","Unintentional","1","Motor Vehicle Traffic","GRINJ-008",25,221428,11.3,7.3,16.7
,"Shelby County, AL","01117","2020","2020","Unintentional","1","Poisoning","GRINJ-015",42,221428,19.0,13.7,25.6
,"Shelby County, AL","01117","2020","2020","Suicide","2","Firearm","GRINJ-006",18,221428,8.1,4.8,12.8
,"Talladega County, AL","01121","2020","2020","Unintentional","1","Motor Vehicle Traffic","GRINJ-008",24,79985,30.0,19.2,44.6
,"Talladega County, AL","01121","2020","2020","Homicide","3","Firearm","GRINJ-006",20,79985,25.0,15.3,38.6
,"Tuscaloosa County, AL","01125","2020","2020","Unintentional","1","Motor Vehicle Traffic","GRINJ-008",23,210758,10.9,6.9,16.4
,"Tuscaloosa County, AL","01125","2020","2020","Unintentional","1","Poisoning","GRINJ-015",43,210758,20.4,14.8,27.5
,"Tuscaloosa County, AL","01125","2020","2020","Unintentional","1","Unspecified Injury","GRINJ-020",18,210758,8.5,5.1,13.5
,"Tuscaloosa County, AL","01125","2020","2020","Suicide","2","Firearm","GRINJ-006",17,210758,8.1,4.7,12.9
,"Tuscaloosa County, AL","01125","2020","2020","Homicide","3","Firearm","GRINJ-006",16,210758,7.6,4.3,12.3
,"Walker County, AL","01127","2020","2020","Unintentional","1","Motor Vehicle Traffic","GRINJ-008",19,63143,30.1,18.1,47.0
,"Walker County, AL","01127","2020","2020","Unintentional","1","Poisoning","GRINJ-015",26,63143,41.2,26.9,60.3
,"Winston County, AL","01133","2020","2020","Unintentional","1","Motor Vehicle Traffic","GRINJ-008",10,23508,42.5,20.4,78.2
,"Anchorage Borough, AK","02020","2020","2020","Unintentional","1","Fall","GRINJ-003",20,287095,7.0,4.3,10.8
,"Anchorage Borough, AK","02020","2020","2020","Unintentional","1","Motor Vehicle Traffic","GRINJ-008",18,287095,6.3,3.7,9.9
,"Anchorage Borough, AK","02020","2020","2020","Unintentional","1","Poisoning","GRINJ-015",89,287095,31.0,24.9,38.1
,"Anchorage Borough, AK","02020","2020","2020","Unintentional","1","Suffocation","GRINJ-017",14,287095,4.9,2.7,8.2
,"Anchorage Borough, AK","02020","2020","2020","Suicide","2","Firearm","GRINJ-006",46,287095,16.0,11.7,21.4
,"Anchorage Borough, AK","02020","2020","2020","Suicide","2","Suffocation","GRINJ-017",17,287095,5.9,3.4,9.5
,"Anchorage Borough, AK","02020","2020","2020","Homicide","3","Firearm","GRINJ-006",13,287095,4.5,2.4,7.7
,"Fairbanks North Star Borough, AK","02090","2020","2020","Unintentional","1","Fall","GRINJ-003",12,95651,12.5,6.5,21.9
,"Fairbanks North Star Borough, AK","02090","2020","2020","Unintentional","1","Motor Vehicle Traffic","GRINJ-008",10,95651,10.5,5.0,19.2
,"Fairbanks North Star Borough, AK","02090","2020","2020","Unintentional","1","Poisoning","GRINJ-015",14,95651,14.6,8.0,24.6
,"Fairbanks North Star Borough, AK","02090","2020","2020","Suicide","2","Firearm","GRINJ-006",15,95651,15.7,8.8,25.9
,"Kenai Peninsula Borough, AK","02122","2020","2020","Unintentional","1","Poisoning","GRINJ-015",15,59414,25.2,14.1,41.6
,"Kenai Peninsula Borough, AK","02122","2020","2020","Suicide","2","Firearm","GRINJ-006",11,59414,18.5,9.2,33.1
,"Matanuska-Susitna Borough, AK","02170","2020","2020","Unintentional","1","Motor Vehicle Traffic","GRINJ-008",16,110213,14.5,8.3,23.6
,"Matanuska-Susitna Borough, AK","02170","2020","2020","Unintentional","1","Poisoning","GRINJ-015",24,110213,21.8,14.0,32.4
,"Matanuska-Susitna Borough, AK","02170","2020","2020","Suicide","2","Firearm","GRINJ-006",25,110213,22.7,14.7,33.5
,"Apache County, AZ","04001","2020","2020","Unintentional","1","Fall","GRINJ-003",17,71875,23.7,13.8,37.9
,"Apache County, AZ","04001","2020","2020","Unintentional","1","Motor Vehicle Traffic","GRINJ-008",24,71875,33.4,21.4,49.7
,"Apache County, AZ","04001","2020","2020","Unintentional","1","Poisoning","GRINJ-015",46,71875,64.0,46.9,85.4
,"Apache County, AZ","04001","2020","2020","Suicide","2","Suffocation","GRINJ-017",17,71875,23.7,13.8,37.9
,"Cochise County, AZ","04003","2020","2020","Unintentional","1","Fall","GRINJ-003",23,127450,18.0,11.4,27.1
,"Cochise County, AZ","04003","2020","2020","Unintentional","1","Motor Vehicle Traffic","GRINJ-008",12,127450,9.4,4.9,16.4
,"Cochise County, AZ","04003","2020","2020","Unintentional","1","Poisoning","GRINJ-015",41,127450,32.2,23.1,43.6
,"Cochise County, AZ","04003","2020","2020","Suicide","2","Firearm","GRINJ-006",21,127450,16.5,10.2,25.2
,"Coconino County, AZ","04005","2020","2020","Unintentional","1","Fall","GRINJ-003",16,142481,11.2,6.4,18.2
,"Coconino County, AZ","04005","2020","2020","Unintentional","1","Motor Vehicle Traffic","GRINJ-008",26,142481,18.2,11.9,26.7
,"Coconino County, AZ","04005","2020","2020","Unintentional","1","Poisoning","GRINJ-015",61,142481,42.8,32.7,55.0
,"Coconino County, AZ","04005","2020","2020","Suicide","2","Firearm","GRINJ-006",25,142481,17.5,11.4,25.9
,"Coconino County, AZ","04005","2020","2020","Suicide","2","Suffocation","GRINJ-017",10,142481,7.0,3.4,12.9
,"Gila County, AZ","04007","2020","2020","Unintentional","1","Motor Vehicle Traffic","GRINJ-008",14,54303,25.8,14.1,43.3
,"Gila County, AZ","04007","2020","2020","Unintentional","1","Poisoning","GRINJ-015",13,54303,23.9,12.7,40.9
,"Gila County, AZ","04007","2020","2020","Suicide","2","Firearm","GRINJ-006",14,54303,25.8,14.1,43.3
,"Graham County, AZ","04009","2020","2020","Unintentional","1","Motor Vehicle Traffic","GRINJ-008",11,39211,28.1,14.0,50.2
,"Graham County, AZ","04009","2020","2020","Unintentional","1","Poisoning","GRINJ-015",11,39211,28.1,14.0,50.2
,"La Paz County, AZ","04012","2020","2020","Unintentional","1","Motor Vehicle Traffic","GRINJ-008",12,21480,55.9,28.9,97.6
,"La Paz County, AZ","04012","2020","2020","Unintentional","1","Poisoning","GRINJ-015",10,21480,46.6,22.3,85.6
,"Maricopa County, AZ","04013","2020","2020","Unintentional","1","Drowning","GRINJ-002",70,4579081,1.5,1.2,1.9
,"Maricopa County, AZ","04013","2020","2020","Unintentional","1","Fall","GRINJ-003",614,4579081,13.4,12.3,14.5
,"Maricopa County, AZ","04013","2020","2020","Unintentional","1","Fire/Flame","GRINJ-004",21,4579081,0.5,0.3,0.7
,"Maricopa County, AZ","04013","2020","2020","Unintentional","1","Motor Vehicle Traffic","GRINJ-008",516,4579081,11.3,10.3,12.2
,"Maricopa County, AZ","04013","2020","2020","Unintentional","1","Other Pedal cyclist","GRINJ-009",12,4579081,0.3,0.1,0.5
,"Maricopa County, AZ","04013","2020","2020","Unintentional","1","Other land transport","GRINJ-011",19,4579081,0.4,0.2,0.6
,"Maricopa County, AZ","04013","2020","2020","Unintentional","1","Other transport","GRINJ-012",15,4579081,0.3,0.2,0.5
,"Maricopa County, AZ","04013","2020","2020","Unintentional","1","Natural/Environmental","GRINJ-013",110,4579081,2.4,2.0,2.9
,"Maricopa County, AZ","04013","2020","2020","Unintentional","1","Poisoning","GRINJ-015",1571,4579081,34.3,32.6,36.0
,"Maricopa County, AZ","04013","2020","2020","Unintentional","1","Struck by or against","GRINJ-016",10,4579081,0.2,0.1,0.4
,"Maricopa County, AZ","04013","2020","2020","Unintentional","1","Suffocation","GRINJ-017",56,4579081,1.2,0.9,1.6
,"Maricopa County, AZ","04013","2020","2020","Unintentional","1","Other specified, classifiable Injury","GRINJ-018",30,4579081,0.7,0.4,0.9
,"Maricopa County, AZ","04013","2020","2020","Unintentional","1","Other specified, not elsewhere classified Injury","GRINJ-019",18,4579081,0.4,0.2,0.6
,"Maricopa County, AZ","04013","2020","2020","Unintentional","1","Unspecified Injury","GRINJ-020",35,4579081,0.8,0.5,1.1
,"Maricopa County, AZ","04013","2020","2020","Suicide","2","Cut/Pierce","GRINJ-001",12,4579081,0.3,0.1,0.5
,"Maricopa County, AZ","04013","2020","2020","Suicide","2","Fall","GRINJ-003",13,4579081,0.3,0.2,0.5
,"Maricopa County, AZ","04013","2020","2020","Suicide","2","Firearm","GRINJ-006",428,4579081,9.3,8.5,10.2
,"Maricopa County, AZ","04013","2020","2020","Suicide","2","Poisoning","GRINJ-015",90,4579081,2.0,1.6,2.4
,"Maricopa County, AZ","04013","2020","2020","Suicide","2","Suffocation","GRINJ-017",160,4579081,3.5,3.0,4.0
,"Maricopa County, AZ","04013","2020","2020","Homicide","3","Cut/Pierce","GRINJ-001",20,4579081,0.4,0.3,0.7
,"Maricopa County, AZ","04013","2020","2020","Homicide","3","Firearm","GRINJ-006",249,4579081,5.4,4.8,6.1
,"Maricopa County, AZ","04013","2020","2020","Homicide","3","Suffocation","GRINJ-017",10,4579081,0.2,0.1,0.4
,"Maricopa County, AZ","04013","2020","2020","Homicide","3","Unspecified Injury","GRINJ-020",30,4579081,0.7,0.4,0.9
,"Maricopa County, AZ","04013","2020","2020","Undetermined ","4","Firearm","GRINJ-006",10,4579081,0.2,0.1,0.4
,"Maricopa County, AZ","04013","2020","2020","Undetermined ","4","Poisoning","GRINJ-015",35,4579081,0.8,0.5,1.1
,"Mohave County, AZ","04015","2020","2020","Unintentional","1","Fall","GRINJ-003",49,217206,22.6,16.7,29.8
,"Mohave County, AZ","04015","2020","2020","Unintentional","1","Motor Vehicle Traffic","GRINJ-008",39,217206,18.0,12.8,24.5
,"Mohave County, AZ","04015","2020","2020","Unintentional","1","Natural/Environmental","GRINJ-013",45,217206,20.7,15.1,27.7
,"Mohave County, AZ","04015","2020","2020","Unintentional","1","Poisoning","GRINJ-015",23,217206,10.6,6.7,15.9
,"Mohave County, AZ","04015","2020","2020","Suicide","2","Firearm","GRINJ-006",48,217206,22.1,16.3,29.3
,"Mohave County, AZ","04015","2020","2020","Suicide","2","Suffocation","GRINJ-017",14,217206,6.4,3.5,10.8
,"Mohave County, AZ","04015","2020","2020","Homicide","3","Firearm","GRINJ-006",12,217206,5.5,2.9,9.7
,"Mohave County, AZ","04015","2020","2020","Undetermined ","4","Poisoning","GRINJ-015",35,217206,16.1,11.2,22.4
,"Navajo County, AZ","04017","2020","2020","Unintentional","1","Fall","GRINJ-003",23,112112,20.5,13.0,30.8
,"Navajo County, AZ","04017","2020","2020","Unintentional","1","Motor Vehicle Traffic","GRINJ-008",30,112112,26.8,18.1,38.2
,"Navajo County, AZ","04017","2020","2020","Unintentional","1","Poisoning","GRINJ-015",56,112112,50.0,37.7,64.9
,"Navajo County, AZ","04017","2020","2020","Suicide","2","Firearm","GRINJ-006",16,112112,14.3,8.2,23.2
,"Navajo County, AZ","04017","2020","2020","Suicide","2","Suffocation","GRINJ-017",18,112112,16.1,9.5,25.4
,"Navajo County, AZ","04017","2020","2020","Homicide","3","Firearm","GRINJ-006",19,112112,16.9,10.2,26.5
,"Pima County, AZ","04019","2020","2020","Unintentional","1","Fall","GRINJ-003",233,1061175,22.0,19.1,24.8
,"Pima County, AZ","04019","2020","2020","Unintentional","1","Fire/Flame","GRINJ-004",11,1061175,1.0,0.5,1.9
,"Pima County, AZ","04019","2020","2020","Unintentional","1","Motor Vehicle Traffic","GRINJ-008",163,1061175,15.4,13.0,17.7
,"Pima County, AZ","04019","2020","2020","Unintentional","1","Natural/Environmental","GRINJ-013",22,1061175,2.1,1.3,3.1
,"Pima County, AZ","04019","2020","2020","Unintentional","1","Poisoning","GRINJ-015",402,1061175,37.9,34.2,41.6
,"Pima County, AZ","04019","2020","2020","Unintentional","1","Suffocation","GRINJ-017",15,1061175,1.4,0.8,2.3
,"Pima County, AZ","04019","2020","2020","Unintentional","1","Unspecified Injury","GRINJ-020",13,1061175,1.2,0.7,2.1
,"Pima County, AZ","04019","2020","2020","Suicide","2","Firearm","GRINJ-006",143,1061175,13.5,11.3,15.7
,"Pima County, AZ","04019","2020","2020","Suicide","2","Poisoning","GRINJ-015",25,1061175,2.4,1.5,3.5
,"Pima County, AZ","04019","2020","2020","Suicide","2","Suffocation","GRINJ-017",41,1061175,3.9,2.8,5.2
,"Pima County, AZ","04019","2020","2020","Homicide","3","Firearm","GRINJ-006",56,1061175,5.3,4.0,6.9
,"Pinal County, AZ","04021","2020","2020","Unintentional","1","Fall","GRINJ-003",45,480828,9.4,6.8,12.5
,"Pinal County, AZ","04021","2020","2020","Unintentional","1","Motor Vehicle Traffic","GRINJ-008",65,480828,13.5,10.4,17.2
,"Pinal County, AZ","04021","2020","2020","Unintentional","1","Poisoning","GRINJ-015",115,480828,23.9,19.5,28.3
,"Pinal County, AZ","04021","2020","2020","Suicide","2","Firearm","GRINJ-006",43,480828,8.9,6.5,12.0
,"Pinal County, AZ","04021","2020","2020","Suicide","2","Suffocation","GRINJ-017",14,480828,2.9,1.6,4.9
,"Pinal County, AZ","04021","2020","2020","Homicide","3","Firearm","GRINJ-006",17,480828,3.5,2.1,5.7
,"Santa Cruz County, AZ","04023","2020","2020","Unintentional","1","Poisoning","GRINJ-015",17,46808,36.3,21.2,58.1
,"Yavapai County, AZ","04025","2020","2020","Unintentional","1","Fall","GRINJ-003",71,240226,29.6,23.1,37.3
,"Yavapai County, AZ","04025","2020","2020","Unintentional","1","Motor Vehicle Traffic","GRINJ-008",46,240226,19.1,14.0,25.5
,"Yavapai County, AZ","04025","2020","2020","Unintentional","1","Poisoning","GRINJ-015",66,240226,27.5,21.2,35.0
,"Yavapai County, AZ","04025","2020","2020","Suicide","2","Firearm","GRINJ-006",59,240226,24.6,18.7,31.7
,"Yavapai County, AZ","04025","2020","2020","Suicide","2","Suffocation","GRINJ-017",13,240226,5.4,2.9,9.3
,"Yavapai County, AZ","04025","2020","2020","Undetermined ","4","Poisoning","GRINJ-015",25,240226,10.4,6.7,15.4
,"Yuma County, AZ","04027","2020","2020","Unintentional","1","Motor Vehicle Traffic","GRINJ-008",37,217824,17.0,12.0,23.4
,"Yuma County, AZ","04027","2020","2020","Unintentional","1","Natural/Environmental","GRINJ-013",24,217824,11.0,7.1,16.4
,"Yuma County, AZ","04027","2020","2020","Unintentional","1","Poisoning","GRINJ-015",56,217824,25.7,19.4,33.4
,"Yuma County, AZ","04027","2020","2020","Suicide","2","Firearm","GRINJ-006",12,217824,5.5,2.8,9.6
,"Baxter County, AR","05005","2020","2020","Suicide","2","Firearm","GRINJ-006",14,42242,33.1,18.1,55.6
,"Benton County, AR","05007","2020","2020","Unintentional","1","Fall","GRINJ-003",27,288774,9.3,6.2,13.6
,"Benton County, AR","05007","2020","2020","Unintentional","1","Motor Vehicle Traffic","GRINJ-008",41,288774,14.2,10.2,19.3
,"Benton County, AR","05007","2020","2020","Unintentional","1","Poisoning","GRINJ-015",40,288774,13.9,9.9,18.9
,"Benton County, AR","05007","2020","2020","Suicide","2","Firearm","GRINJ-006",24,288774,8.3,5.3,12.4
,"Cleburne County, AR","05023","2020","2020","Unintentional","1","Motor Vehicle Traffic","GRINJ-008",10,24935,40.1,19.2,73.8
,"Craighead County, AR","05031","2020","2020","Unintentional","1","Motor Vehicle Traffic","GRINJ-008",23,112245,20.5,13.0,30.7
,"Craighead County, AR","05031","2020","2020","Unintentional","1","Poisoning","GRINJ-015",10,112245,8.9,4.3,16.4
,"Craighead County, AR","05031","2020","2020","Suicide","2","Firearm","GRINJ-006",15,112245,13.4,7.5,22.0
,"Crawford County, AR","05033","2020","2020","Unintentional","1","Motor Vehicle Traffic","GRINJ-008",13,63409,20.5,10.9,35.1
,"Crawford County, AR","05033","2020","2020","Unintentional","1","Poisoning","GRINJ-015",13,63409,20.5,10.9,35.1
,"Crawford County, AR","05033","2020","2020","Suicide","2","Firearm","GRINJ-006",10,63409,15.8,7.6,29.0
,"Faulkner County, AR","05045","2020","2020","Unintentional","1","Motor Vehicle Traffic","GRINJ-008",17,126919,13.4,7.8,21.4
,"Faulkner County, AR","05045","2020","2020","Unintentional","1","Poisoning","GRINJ-015",17,126919,13.4,7.8,21.4
,"Faulkner County, AR","05045","2020","2020","Suicide","2","Firearm","GRINJ-006",13,126919,10.2,5.5,17.5
,"Garland County, AR","05051","2020","2020","Unintentional","1","Motor Vehicle Traffic","GRINJ-008",24,99789,24.1,15.4,35.8
,"Garland County, AR","05051","2020","2020","Unintentional","1","Poisoning","GRINJ-015",30,99789,30.1,20.3,42.9
,"Garland County, AR","05051","2020","2020","Suicide","2","Firearm","GRINJ-006",17,99789,17.0,9.9,27.3
,"Garland County, AR","05051","2020","2020","Suicide","2","Poisoning","GRINJ-015",10,99789,10.0,4.8,18.4
,"Garland County, AR","05051","2020","2020","Homicide","3","Firearm","GRINJ-006",17,99789,17.0,9.9,27.3
,"Greene County, AR","05055","2020","2020","Unintentional","1","Motor Vehicle Traffic","GRINJ-008",13,45597,28.5,15.2,48.8
,"Independence County, AR","05063","2020","2020","Unintentional","1","Motor Vehicle Traffic","GRINJ-008",11,37757,29.1,14.5,52.1
,"Jefferson County, AR","05069","2020","2020","Unintentional","1","Motor Vehicle Traffic","GRINJ-008",17,65377,26.0,15.1,41.6
,"Jefferson County, AR","05069","2020","2020","Unintentional","1","Poisoning","GRINJ-015",13,65377,19.9,10.6,34.0
,"Jefferson County, AR","05069","2020","2020","Homicide","3","Firearm","GRINJ-006",24,65377,36.7,23.5,54.6
,"Lonoke County, AR","05085","2020","2020","Unintentional","1","Motor Vehicle Traffic","GRINJ-008",15,73921,20.3,11.4,33.5
,"Lonoke County, AR","05085","2020","2020","Unintentional","1","Poisoning","GRINJ-015",11,73921,14.9,7.4,26.6
,"Miller County, AR","05091","2020","2020","Unintentional","1","Motor Vehicle Traffic","GRINJ-008",12,43177,27.8,14.4,48.5
,"Mississippi County, AR","05093","2020","2020","Unintentional","1","Motor Vehicle Traffic","GRINJ-008",15,40066,37.4,21.0,61.7
,"Mississippi County, AR","05093","2020","2020","Unintentional","1","Poisoning","GRINJ-015",10,40066,25.0,12.0,45.9
,"Mississippi County, AR","05093","2020","2020","Homicide","3","Firearm","GRINJ-006",16,40066,39.9,22.8,64.9
,"Ouachita County, AR","05103","2020","2020","Unintentional","1","Motor Vehicle Traffic","GRINJ-008",12,23167,51.8,26.8,90.5
,"Phillips County, AR","05107","2020","2020","Homicide","3","Firearm","GRINJ-006",14,17299,80.9,44.2,135.8
,"Pulaski County, AR","05119","2020","2020","Unintentional","1","Fall","GRINJ-003",37,392980,9.4,6.6,13.0
,"Pulaski County, AR","05119","2020","2020","Unintentional","1","Motor Vehicle Traffic","GRINJ-008",87,392980,22.1,17.7,27.3
,"Pulaski County, AR","05119","2020","2020","Unintentional","1","Poisoning","GRINJ-015",110,392980,28.0,22.8,33.2
,"Pulaski County, AR","05119","2020","2020","Unintentional","1","Unspecified Injury","GRINJ-020",15,392980,3.8,2.1,6.3
,"Pulaski County, AR","05119","2020","2020","Suicide","2","Firearm","GRINJ-006",43,392980,10.9,7.9,14.7
,"Pulaski County, AR","05119","2020","2020","Suicide","2","Suffocation","GRINJ-017",16,392980,4.1,2.3,6.6
,"Pulaski County, AR","05119","2020","2020","Homicide","3","Firearm","GRINJ-006",77,392980,19.6,15.5,24.5
,"Saline County, AR","05125","2020","2020","Unintentional","1","Fall","GRINJ-003",12,123968,9.7,5.0,16.9
,"Saline County, AR","05125","2020","2020","Unintentional","1","Motor Vehicle Traffic","GRINJ-008",13,123968,10.5,5.6,17.9
,"Saline County, AR","05125","2020","2020","Unintentional","1","Poisoning","GRINJ-015",25,123968,20.2,13.1,29.8
,"Saline County, AR","05125","2020","2020","Suicide","2","Firearm","GRINJ-006",18,123968,14.5,8.6,22.9
,"Sebastian County, AR","05131","2020","2020","Unintentional","1","Fall","GRINJ-003",11,127590,8.6,4.3,15.4
,"Sebastian County, AR","05131","2020","2020","Unintentional","1","Poisoning","GRINJ-015",31,127590,24.3,16.5,34.5
,"Sebastian County, AR","05131","2020","2020","Suicide","2","Firearm","GRINJ-006",16,127590,12.5,7.2,20.4
,"Sebastian County, AR","05131","2020","2020","Suicide","2","Suffocation","GRINJ-017",12,127590,9.4,4.9,16.4
,"Washington County, AR","05143","2020","2020","Unintentional","1","Fall","GRINJ-003",13,243216,5.3,2.8,9.1
,"Washington County, AR","05143","2020","2020","Unintentional","1","Motor Vehicle Traffic","GRINJ-008",42,243216,17.3,12.4,23.3
,"Washington County, AR","05143","2020","2020","Suicide","2","Firearm","GRINJ-006",28,243216,11.5,7.6,16.6
,"Washington County, AR","05143","2020","2020","Suicide","2","Suffocation","GRINJ-017",11,243216,4.5,2.3,8.1
,"White County, AR","05145","2020","2020","Unintentional","1","Motor Vehicle Traffic","GRINJ-008",18,78729,22.9,13.6,36.1
,"White County, AR","05145","2020","2020","Unintentional","1","Poisoning","GRINJ-015",12,78729,15.2,7.9,26.6
,"White County, AR","05145","2020","2020","Suicide","2","Firearm","GRINJ-006",13,78729,16.5,8.8,28.2
,"Alameda County, CA","06001","2020","2020","Unintentional","1","Drowning","GRINJ-002",10,1662323,0.6,0.3,1.1
,"Alameda County, CA","06001","2020","2020","Unintentional","1","Fall","GRINJ-003",84,1662323,5.1,4.0,6.3
,"Alameda County, CA","06001","2020","2020","Unintentional","1","Motor Vehicle Traffic","GRINJ-008",113,1662323,6.8,5.5,8.1
,"Alameda County, CA","06001","2020","2020","Unintentional","1","Other Pedestrian","GRINJ-010",10,1662323,0.6,0.3,1.1
,"Alameda County, CA","06001","2020","2020","Unintentional","1","Poisoning","GRINJ-015",327,1662323,19.7,17.5,21.8
,"Alameda County, CA","06001","2020","2020","Unintentional","1","Suffocation","GRINJ-017",32,1662323,1.9,1.3,2.7
,"Alameda County, CA","06001","2020","2020","Unintentional","1","Unspecified Injury","GRINJ-020",16,1662323,1.0,0.6,1.6
,"Alameda County, CA","06001","2020","2020","Suicide","2","Firearm","GRINJ-006",38,1662323,2.3,1.6,3.1
,"Alameda County, CA","06001","2020","2020","Suicide","2","Poisoning","GRINJ-015",18,1662323,1.1,0.6,1.7
,"Alameda County, CA","06001","2020","2020","Suicide","2","Suffocation","GRINJ-017",50,1662323,3.0,2.2,4.0
,"Alameda County, CA","06001","2020","2020","Homicide","3","Cut/Pierce","GRINJ-001",12,1662323,0.7,0.4,1.3
,"Alameda County, CA","06001","2020","2020","Homicide","3","Firearm","GRINJ-006",117,1662323,7.0,5.8,8.3
,"Butte County, CA","06007","2020","2020","Unintentional","1","Fall","GRINJ-003",23,212744,10.8,6.9,16.2
,"Butte County, CA","06007","2020","2020","Unintentional","1","Fire/Flame","GRINJ-004",15,212744,7.1,3.9,11.6
,"Butte County, CA","06007","2020","2020","Unintentional","1","Motor Vehicle Traffic","GRINJ-008",43,212744,20.2,14.6,27.2
,"Butte County, CA","06007","2020","2020","Unintentional","1","Poisoning","GRINJ-015",70,212744,32.9,25.6,41.6
,"Butte County, CA","06007","2020","2020","Suicide","2","Firearm","GRINJ-006",19,212744,8.9,5.4,13.9
,"Butte County, CA","06007","2020","2020","Suicide","2","Suffocation","GRINJ-017",17,212744,8.0,4.7,12.8
,"Contra Costa County, CA","06013","2020","2020","Unintentional","1","Drowning","GRINJ-002",13,1152333,1.1,0.6,1.9
,"Contra Costa County, CA","06013","2020","2020","Unintentional","1","Fall","GRINJ-003",71,1152333,6.2,4.8,7.8
,"Contra Costa County, CA","06013","2020","2020","Unintentional","1","Motor Vehicle Traffic","GRINJ-008",119,1152333,10.3,8.5,12.2
,"Contra Costa County, CA","06013","2020","2020","Unintentional","1","Poisoning","GRINJ-015",241,1152333,20.9,18.3,23.6
,"Contra Costa County, CA","06013","2020","2020","Unintentional","1","Suffocation","GRINJ-017",14,1152333,1.2,0.7,2.0
,"Contra Costa County, CA","06013","2020","2020","Suicide","2","Firearm","GRINJ-006",38,1152333,3.3,2.3,4.5
,"Contra Costa County, CA","06013","2020","2020","Suicide","2","Poisoning","GRINJ-015",12,1152333,1.0,0.5,1.8
,"Contra Costa County, CA","06013","2020","2020","Suicide","2","Suffocation","GRINJ-017",40,1152333,3.5,2.5,4.7
,"Contra Costa County, CA","06013","2020","2020","Homicide","3","Cut/Pierce","GRINJ-001",10,1152333,0.9,0.4,1.6
,"Contra Costa County, CA","06013","2020","2020","Homicide","3","Firearm","GRINJ-006",57,1152333,4.9,3.7,6.4
,"Del Norte County, CA","06015","2020","2020","Unintentional","1","Poisoning","GRINJ-015",10,27968,35.8,17.1,65.8
,"El Dorado County, CA","06017","2020","2020","Unintentional","1","Fall","GRINJ-003",29,192925,15.0,10.1,21.6
,"El Dorado County, CA","06017","2020","2020","Unintentional","1","Motor Vehicle Traffic","GRINJ-008",28,192925,14.5,9.6,21.0
,"El Dorado County, CA","06017","2020","2020","Unintentional","1","Poisoning","GRINJ-015",41,192925,21.3,15.3,28.8
,"El Dorado County, CA","06017","2020","2020","Suicide","2","Firearm","GRINJ-006",14,192925,7.3,4.0,12.2
,"El Dorado County, CA","06017","2020","2020","Suicide","2","Suffocation","GRINJ-017",13,192925,6.7,3.6,11.5
,"Fresno County, CA","06019","2020","2020","Unintentional","1","Drowning","GRINJ-002",18,1000918,1.8,1.1,2.8
,"Fresno County, CA","06019","2020","2020","Unintentional","1","Fall","GRINJ-003",72,1000918,7.2,5.6,9.1
,"Fresno County, CA","06019","2020","2020","Unintentional","1","Fire/Flame","GRINJ-004",10,1000918,1.0,0.5,1.8
,"Fresno County, CA","06019","2020","2020","Unintentional","1","Motor Vehicle Traffic","GRINJ-008",188,1000918,18.8,16.1,21.5
,"Fresno County, CA","06019","2020","2020","Unintentional","1","Other Pedestrian","GRINJ-010",10,1000918,1.0,0.5,1.8
,"Fresno County, CA","06019","2020","2020","Unintentional","1","Poisoning","GRINJ-015",188,1000918,18.8,16.1,21.5
,"Fresno County, CA","06019","2020","2020","Unintentional","1","Suffocation","GRINJ-017",10,1000918,1.0,0.5,1.8
,"Fresno County, CA","06019","2020","2020","Unintentional","1","Unspecified Injury","GRINJ-020",16,1000918,1.6,0.9,2.6
,"Fresno County, CA","06019","2020","2020","Suicide","2","Firearm","GRINJ-006",41,1000918,4.1,2.9,5.6
,"Fresno County, CA","06019","2020","2020","Suicide","2","Poisoning","GRINJ-015",13,1000918,1.3,0.7,2.2
,"Fresno County, CA","06019","2020","2020","Suicide","2","Suffocation","GRINJ-017",48,1000918,4.8,3.5,6.4
,"Fresno County, CA","06019","2020","2020","Homicide","3","Firearm","GRINJ-006",91,1000918,9.1,7.3,11.2
,"Glenn County, CA","06021","2020","2020","Unintentional","1","Poisoning","GRINJ-015",13,28283,46.0,24.5,78.6
,"Humboldt County, CA","06023","2020","2020","Unintentional","1","Fall","GRINJ-003",12,134977,8.9,4.6,15.5
,"Humboldt County, CA","06023","2020","2020","Unintentional","1","Motor Vehicle Traffic","GRINJ-008",22,134977,16.3,10.2,24.7
,"Humboldt County, CA","06023","2020","2020","Unintentional","1","Poisoning","GRINJ-015",40,134977,29.6,21.2,40.4
,"Humboldt County, CA","06023","2020","2020","Suicide","2","Firearm","GRINJ-006",10,134977,7.4,3.6,13.6
,"Humboldt County, CA","06023","2020","2020","Suicide","2","Suffocation","GRINJ-017",10,134977,7.4,3.6,13.6
,"Imperial County, CA","06025","2020","2020","Unintentional","1","Fall","GRINJ-003",11,180267,6.1,3.0,10.9
,"Imperial County, CA","06025","2020","2020","Unintentional","1","Motor Vehicle Traffic","GRINJ-008",18,180267,10.0,5.9,15.8
,"Imperial County, CA","06025","2020","2020","Unintentional","1","Poisoning","GRINJ-015",61,180267,33.8,25.9,43.5
,"Kern County, CA","06029","2020","2020","Unintentional","1","Drowning","GRINJ-002",11,901362,1.2,0.6,2.2
,"Kern County, CA","06029","2020","2020","Unintentional","1","Fall","GRINJ-003",42,901362,4.7,3.4,6.3
,"Kern County, CA","06029","2020","2020","Unintentional","1","Motor Vehicle Traffic","GRINJ-008",190,901362,21.1,18.1,24.1
,"Kern County, CA","06029","2020","2020","Unintentional","1","Poisoning","GRINJ-015",362,901362,40.2,36.0,44.3
,"Kern County, CA","06029","2020","2020","Suicide","2","Firearm","GRINJ-006",51,901362,5.7,4.2,7.4
,"Kern County, CA","06029","2020","2020","Suicide","2","Suffocation","GRINJ-017",49,901362,5.4,4.0,7.2
,"Kern County, CA","06029","2020","2020","Homicide","3","Cut/Pierce","GRINJ-001",14,901362,1.6,0.8,2.6
,"Kern County, CA","06029","2020","2020","Homicide","3","Firearm","GRINJ-006",102,901362,11.3,9.1,13.5
,"Kings County, CA","06031","2020","2020","Unintentional","1","Fall","GRINJ-003",10,152692,6.5,3.1,12.0
,"Kings County, CA","06031","2020","2020","Unintentional","1","Motor Vehicle Traffic","GRINJ-008",22,152692,14.4,9.0,21.8
,"Kings County, CA","06031","2020","2020","Unintentional","1","Poisoning","GRINJ-015",25,152692,16.4,10.6,24.2
,"Lake County, CA","06033","2020","2020","Unintentional","1","Fall","GRINJ-003",13,64479,20.2,10.7,34.5
,"Lake County, CA","06033","2020","2020","Unintentional","1","Motor Vehicle Traffic","GRINJ-008",18,64479,27.9,16.5,44.1
,"Lake County, CA","06033","2020","2020","Unintentional","1","Poisoning","GRINJ-015",49,64479,76.0,56.2,100.5
,"Los Angeles County, CA","06037","2020","2020","Unintentional","1","Drowning","GRINJ-002",93,9943046,0.9,0.8,1.1
,"Los Angeles County, CA","06037","2020","2020","Unintentional","1","Fall","GRINJ-003",517,9943046,5.2,4.8,5.6
,"Los Angeles County, CA","06037","2020","2020","Unintentional","1","Fire/Flame","GRINJ-004",53,9943046,0.5,0.4,0.7
,"Los Angeles County, CA","06037","2020","2020","Unintentional","1","Motor Vehicle Traffic","GRINJ-008",965,9943046,9.7,9.1,10.3
,"Los Angeles County, CA","06037","2020","2020","Unintentional","1","Other Pedal cyclist","GRINJ-009",11,9943046,0.1,0.1,0.2
,"Los Angeles County, CA","06037","2020","2020","Unintentional","1","Other Pedestrian","GRINJ-010",30,9943046,0.3,0.2,0.4
,"Los Angeles County, CA","06037","2020","2020","Unintentional","1","Other land transport","GRINJ-011",18,9943046,0.2,0.1,0.3
,"Los Angeles County, CA","06037","2020","2020","Unintentional","1","Other transport","GRINJ-012",17,9943046,0.2,0.1,0.3
,"Los Angeles County, CA","06037","2020","2020","Unintentional","1","Natural/Environmental","GRINJ-013",15,9943046,0.2,0.1,0.2
,"Los Angeles County, CA","06037","2020","2020","Unintentional","1","Poisoning","GRINJ-015",2024,9943046,20.4,19.5,21.2
,"Los Angeles County, CA","06037","2020","2020","Unintentional","1","Struck by or against","GRINJ-016",15,9943046,0.2,0.1,0.2
,"Los Angeles County, CA","06037","2020","2020","Unintentional","1","Suffocation","GRINJ-017",41,9943046,0.4,0.3,0.6
,"Los Angeles County, CA","06037","2020","2020","Unintentional","1","Other specified, classifiable Injury","GRINJ-018",34,9943046,0.3,0.2,0.5
,"Los Angeles County, CA","06037","2020","2020","Unintentional","1","Other specified, not elsewhere classified Injury","GRINJ-019",20,9943046,0.2,0.1,0.3
,"Los Angeles County, CA","06037","2020","2020","Unintentional","1","Unspecified Injury","GRINJ-020",28,9943046,0.3,0.2,0.4
,"Los Angeles County, CA","06037","2020","2020","Suicide","2","Cut/Pierce","GRINJ-001",33,9943046,0.3,0.2,0.5
,"Los Angeles County, CA","06037","2020","2020","Suicide","2","Fall","GRINJ-003",60,9943046,0.6,0.5,0.8
,"Los Angeles County, CA","06037","2020","2020","Suicide","2","Firearm","GRINJ-006",274,9943046,2.8,2.4,3.1
,"Los Angeles County, CA","06037","2020","2020","Suicide","2","Poisoning","GRINJ-015",105,9943046,1.1,0.9,1.3
,"Los Angeles County, CA","06037","2020","2020","Suicide","2","Suffocation","GRINJ-017",326,9943046,3.3,2.9,3.6
,"Los Angeles County, CA","06037","2020","2020","Suicide","2","Other specified, classifiable Injury","GRINJ-018",28,9943046,0.3,0.2,0.4
,"Los Angeles County, CA","06037","2020","2020","Homicide","3","Cut/Pierce","GRINJ-001",96,9943046,1.0,0.8,1.2
,"Los Angeles County, CA","06037","2020","2020","Homicide","3","Firearm","GRINJ-006",524,9943046,5.3,4.8,5.7
,"Los Angeles County, CA","06037","2020","2020","Homicide","3","Struck by or against","GRINJ-016",19,9943046,0.2,0.1,0.3
,"Los Angeles County, CA","06037","2020","2020","Homicide","3","Suffocation","GRINJ-017",13,9943046,0.1,0.1,0.2
,"Los Angeles County, CA","06037","2020","2020","Homicide","3","Other specified, not elsewhere classified Injury","GRINJ-019",23,9943046,0.2,0.1,0.3
,"Los Angeles County, CA","06037","2020","2020","Homicide","3","Unspecified Injury","GRINJ-020",20,9943046,0.2,0.1,0.3
,"Madera County, CA","06039","2020","2020","Unintentional","1","Fall","GRINJ-003",11,157761,7.0,3.5,12.5
,"Madera County, CA","06039","2020","2020","Unintentional","1","Motor Vehicle Traffic","GRINJ-008",29,157761,18.4,12.3,26.4
,"Madera County, CA","06039","2020","2020","Unintentional","1","Poisoning","GRINJ-015",24,157761,15.2,9.7,22.6
,"Madera County, CA","06039","2020","2020","Suicide","2","Firearm","GRINJ-006",10,157761,6.3,3.0,11.7
,"Madera County, CA","06039","2020","2020","Homicide","3","Firearm","GRINJ-006",12,157761,7.6,3.9,13.3
,"Marin County, CA","06041","2020","2020","Unintentional","1","Fall","GRINJ-003",44,257332,17.1,12.4,23.0
,"Marin County, CA","06041","2020","2020","Unintentional","1","Motor Vehicle Traffic","GRINJ-008",17,257332,6.6,3.8,10.6
,"Marin County, CA","06041","2020","2020","Unintentional","1","Poisoning","GRINJ-015",57,257332,22.2,16.8,28.7
,"Marin County, CA","06041","2020","2020","Suicide","2","Firearm","GRINJ-006",10,257332,3.9,1.9,7.1
,"Marin County, CA","06041","2020","2020","Suicide","2","Suffocation","GRINJ-017",11,257332,4.3,2.1,7.6
,"Mendocino County, CA","06045","2020","2020","Unintentional","1","Motor Vehicle Traffic","GRINJ-008",25,86061,29.0,18.8,42.9
,"Mendocino County, CA","06045","2020","2020","Unintentional","1","Poisoning","GRINJ-015",43,86061,50.0,36.2,67.3
,"Mendocino County, CA","06045","2020","2020","Suicide","2","Firearm","GRINJ-006",10,86061,11.6,5.6,21.4
,"Mendocino County, CA","06045","2020","2020","Suicide","2","Suffocation","GRINJ-017",11,86061,12.8,6.4,22.9
,"Merced County, CA","06047","2020","2020","Unintentional","1","Fall","GRINJ-003",14,279252,5.0,2.7,8.4
,"Merced County, CA","06047","2020","2020","Unintentional","1","Motor Vehicle Traffic","GRINJ-008",46,279252,16.5,12.1,22.0
,"Merced County, CA","06047","2020","2020","Unintentional","1","Poisoning","GRINJ-015",55,279252,19.7,14.8,25.6
,"Merced County, CA","06047","2020","2020","Suicide","2","Firearm","GRINJ-006",10,279252,3.6,1.7,6.6
,"Merced County, CA","06047","2020","2020","Homicide","3","Firearm","GRINJ-006",24,279252,8.6,5.5,12.8
,"Monterey County, CA","06053","2020","2020","Unintentional","1","Fall","GRINJ-003",28,430906,6.5,4.3,9.4
,"Monterey County, CA","06053","2020","2020","Unintentional","1","Motor Vehicle Traffic","GRINJ-008",50,430906,11.6,8.6,15.3
,"Monterey County, CA","06053","2020","2020","Unintentional","1","Poisoning","GRINJ-015",102,430906,23.7,19.1,28.3
,"Monterey County, CA","06053","2020","2020","Suicide","2","Firearm","GRINJ-006",18,430906,4.2,2.5,6.6
,"Monterey County, CA","06053","2020","2020","Suicide","2","Suffocation","GRINJ-017",16,430906,3.7,2.1,6.0
,"Monterey County, CA","06053","2020","2020","Homicide","3","Firearm","GRINJ-006",16,430906,3.7,2.1,6.0
,"Napa County, CA","06055","2020","2020","Unintentional","1","Fall","GRINJ-003",20,135965,14.7,9.0,22.7
,"Napa County, CA","06055","2020","2020","Unintentional","1","Motor Vehicle Traffic","GRINJ-008",13,135965,9.6,5.1,16.4
,"Napa County, CA","06055","2020","2020","Unintentional","1","Poisoning","GRINJ-015",22,135965,16.2,10.1,24.5
,"Napa County, CA","06055","2020","2020","Suicide","2","Suffocation","GRINJ-017",11,135965,8.1,4.0,14.5
,"Nevada County, CA","06057","2020","2020","Unintentional","1","Motor Vehicle Traffic","GRINJ-008",14,99606,14.1,7.7,23.6
,"Nevada County, CA","06057","2020","2020","Unintentional","1","Poisoning","GRINJ-015",36,99606,36.1,25.3,50.0
,"Nevada County, CA","06057","2020","2020","Suicide","2","Firearm","GRINJ-006",14,99606,14.1,7.7,23.6
,"Orange County, CA","06059","2020","2020","Unintentional","1","Drowning","GRINJ-002",25,3166857,0.8,0.5,1.2
,"Orange County, CA","06059","2020","2020","Unintentional","1","Fall","GRINJ-003",207,3166857,6.5,5.6,7.4
,"Orange County, CA","06059","2020","2020","Unintentional","1","Motor Vehicle Traffic","GRINJ-008",208,3166857,6.6,5.7,7.5
,"Orange County, CA","06059","2020","2020","Unintentional","1","Other transport","GRINJ-012",12,3166857,0.4,0.2,0.7
,"Orange County, CA","06059","2020","2020","Unintentional","1","Poisoning","GRINJ-015",623,3166857,19.7,18.1,21.2
,"Orange County, CA","06059","2020","2020","Unintentional","1","Suffocation","GRINJ-017",32,3166857,1.0,0.7,1.4
,"Orange County, CA","06059","2020","2020","Unintentional","1","Other specified, classifiable Injury","GRINJ-018",12,3166857,0.4,0.2,0.7
,"Orange County, CA","06059","2020","2020","Unintentional","1","Unspecified Injury","GRINJ-020",11,3166857,0.3,0.2,0.6
,"Orange County, CA","06059","2020","2020","Suicide","2","Cut/Pierce","GRINJ-001",14,3166857,0.4,0.2,0.7
,"Orange County, CA","06059","2020","2020","Suicide","2","Fall","GRINJ-003",14,3166857,0.4,0.2,0.7
,"Orange County, CA","06059","2020","2020","Suicide","2","Firearm","GRINJ-006",95,3166857,3.0,2.4,3.7
,"Orange County, CA","06059","2020","2020","Suicide","2","Poisoning","GRINJ-015",54,3166857,1.7,1.3,2.2
,"Orange County, CA","06059","2020","2020","Suicide","2","Suffocation","GRINJ-017",89,3166857,2.8,2.3,3.5
,"Orange County, CA","06059","2020","2020","Suicide","2","Other specified, classifiable Injury","GRINJ-018",19,3166857,0.6,0.4,0.9
,"Orange County, CA","06059","2020","2020","Homicide","3","Cut/Pierce","GRINJ-001",13,3166857,0.4,0.2,0.7
,"Orange County, CA","06059","2020","2020","Homicide","3","Firearm","GRINJ-006",45,3166857,1.4,1.0,1.9
,"Orange County, CA","06059","2020","2020","Undetermined ","4","Poisoning","GRINJ-015",10,3166857,0.3,0.2,0.6
,"Placer County, CA","06061","2020","2020","Unintentional","1","Fall","GRINJ-003",41,402950,10.2,7.3,13.8
,"Placer County, CA","06061","2020","2020","Unintentional","1","Motor Vehicle Traffic","GRINJ-008",27,402950,6.7,4.4,9.7
,"Placer County, CA","06061","2020","2020","Unintentional","1","Poisoning","GRINJ-015",68,402950,16.9,13.1,21.4
,"Placer County, CA","06061","2020","2020","Suicide","2","Firearm","GRINJ-006",37,402950,9.2,6.5,12.7
,"Placer County, CA","06061","2020","2020","Suicide","2","Suffocation","GRINJ-017",10,402950,2.5,1.2,4.6
,"Riverside County, CA","06065","2020","2020","Unintentional","1","Drowning","GRINJ-002",22,2489188,0.9,0.6,1.3
,"Riverside County, CA","06065","2020","2020","Unintentional","1","Fall","GRINJ-003",155,2489188,6.2,5.2,7.2
,"Riverside County, CA","06065","2020","2020","Unintentional","1","Fire/Flame","GRINJ-004",11,2489188,0.4,0.2,0.8
,"Riverside County, CA","06065","2020","2020","Unintentional","1","Motor Vehicle Traffic","GRINJ-008",334,2489188,13.4,12.0,14.9
,"Riverside County, CA","06065","2020","2020","Unintentional","1","Other land transport","GRINJ-011",11,2489188,0.4,0.2,0.8
,"Riverside County, CA","06065","2020","2020","Unintentional","1","Natural/Environmental","GRINJ-013",20,2489188,0.8,0.5,1.2
,"Riverside County, CA","06065","2020","2020","Unintentional","1","Poisoning","GRINJ-015",694,2489188,27.9,25.8,30.0
,"Riverside County, CA","06065","2020","2020","Unintentional","1","Suffocation","GRINJ-017",17,2489188,0.7,0.4,1.1
,"Riverside County, CA","06065","2020","2020","Suicide","2","Cut/Pierce","GRINJ-001",11,2489188,0.4,0.2,0.8
,"Riverside County, CA","06065","2020","2020","Suicide","2","Firearm","GRINJ-006",112,2489188,4.5,3.7,5.3
,"Riverside County, CA","06065","2020","2020","Suicide","2","Poisoning","GRINJ-015",40,2489188,1.6,1.1,2.2
,"Riverside County, CA","06065","2020","2020","Suicide","2","Suffocation","GRINJ-017",86,2489188,3.5,2.8,4.3
,"Riverside County, CA","06065","2020","2020","Homicide","3","Cut/Pierce","GRINJ-001",16,2489188,0.6,0.4,1.0
,"Riverside County, CA","06065","2020","2020","Homicide","3","Firearm","GRINJ-006",112,2489188,4.5,3.7,5.3
,"Sacramento County, CA","06067","2020","2020","Unintentional","1","Drowning","GRINJ-002",21,1559146,1.3,0.8,2.1
,"Sacramento County, CA","06067","2020","2020","Unintentional","1","Fall","GRINJ-003",163,1559146,10.5,8.8,12.1
,"Sacramento County, CA","06067","2020","2020","Unintentional","1","Motor Vehicle Traffic","GRINJ-008",187,1559146,12.0,10.3,13.7
,"Sacramento County, CA","06067","2020","2020","Unintentional","1","Natural/Environmental","GRINJ-013",10,1559146,0.6,0.3,1.2
,"Sacramento County, CA","06067","2020","2020","Unintentional","1","Poisoning","GRINJ-015",277,1559146,17.8,15.7,19.9
,"Sacramento County, CA","06067","2020","2020","Unintentional","1","Suffocation","GRINJ-017",23,1559146,1.5,0.9,2.2
,"Sacramento County, CA","06067","2020","2020","Unintentional","1","Unspecified Injury","GRINJ-020",23,1559146,1.5,0.9,2.2
,"Sacramento County, CA","06067","2020","2020","Suicide","2","Firearm","GRINJ-006",79,1559146,5.1,4.0,6.3
,"Sacramento County, CA","06067","2020","2020","Suicide","2","Poisoning","GRINJ-015",20,1559146,1.3,0.8,2.0
,"Sacramento County, CA","06067","2020","2020","Suicide","2","Suffocation","GRINJ-017",62,1559146,4.0,3.0,5.1
,"Sacramento County, CA","06067","2020","2020","Homicide","3","Cut/Pierce","GRINJ-001",13,1559146,0.8,0.4,1.4
,"Sacramento County, CA","06067","2020","2020","Homicide","3","Firearm","GRINJ-006",89,1559146,5.7,4.6,7.0
,"Sacramento County, CA","06067","2020","2020","Homicide","3","Unspecified Injury","GRINJ-020",12,1559146,0.8,0.4,1.3
,"San Benito County, CA","06069","2020","2020","Unintentional","1","Motor Vehicle Traffic","GRINJ-008",13,64055,20.3,10.8,34.7
,"San Benito County, CA","06069","2020","2020","Unintentional","1","Poisoning","GRINJ-015",10,64055,15.6,7.5,28.7
,"San Bernardino County, CA","06071","2020","2020","Unintentional","1","Drowning","GRINJ-002",27,2189183,1.2,0.8,1.8
,"San Bernardino County, CA","06071","2020","2020","Unintentional","1","Fall","GRINJ-003",138,2189183,6.3,5.3,7.4
,"San Bernardino County, CA","06071","2020","2020","Unintentional","1","Motor Vehicle Traffic","GRINJ-008",394,2189183,18.0,16.2,19.8
,"San Bernardino County, CA","06071","2020","2020","Unintentional","1","Natural/Environmental","GRINJ-013",13,2189183,0.6,0.3,1.0
,"San Bernardino County, CA","06071","2020","2020","Unintentional","1","Poisoning","GRINJ-015",512,2189183,23.4,21.4,25.4
,"San Bernardino County, CA","06071","2020","2020","Unintentional","1","Suffocation","GRINJ-017",15,2189183,0.7,0.4,1.1
,"San Bernardino County, CA","06071","2020","2020","Unintentional","1","Other specified, classifiable Injury","GRINJ-018",13,2189183,0.6,0.3,1.0
,"San Bernardino County, CA","06071","2020","2020","Unintentional","1","Unspecified Injury","GRINJ-020",13,2189183,0.6,0.3,1.0
,"San Bernardino County, CA","06071","2020","2020","Suicide","2","Firearm","GRINJ-006",102,2189183,4.7,3.8,5.6
,"San Bernardino County, CA","06071","2020","2020","Suicide","2","Poisoning","GRINJ-015",25,2189183,1.1,0.7,1.7
,"San Bernardino County, CA","06071","2020","2020","Suicide","2","Suffocation","GRINJ-017",92,2189183,4.2,3.4,5.2
,"San Bernardino County, CA","06071","2020","2020","Homicide","3","Cut/Pierce","GRINJ-001",11,2189183,0.5,0.3,0.9
,"San Bernardino County, CA","06071","2020","2020","Homicide","3","Firearm","GRINJ-006",147,2189183,6.7,5.6,7.8
,"San Bernardino County, CA","06071","2020","2020","Homicide","3","Unspecified Injury","GRINJ-020",13,2189183,0.6,0.3,1.0
,"San Diego County, CA","06073","2020","2020","Unintentional","1","Drowning","GRINJ-002",29,3332427,0.9,0.6,1.2
,"San Diego County, CA","06073","2020","2020","Unintentional","1","Fall","GRINJ-003",368,3332427,11.0,9.9,12.2
,"San Diego County, CA","06073","2020","2020","Unintentional","1","Motor Vehicle Traffic","GRINJ-008",307,3332427,9.2,8.2,10.2
,"San Diego County, CA","06073","2020","2020","Unintentional","1","Other Pedal cyclist","GRINJ-009",10,3332427,0.3,0.1,0.6
,"San Diego County, CA","06073","2020","2020","Unintentional","1","Other land transport","GRINJ-011",14,3332427,0.4,0.2,0.7
,"San Diego County, CA","06073","2020","2020","Unintentional","1","Poisoning","GRINJ-015",741,3332427,22.2,20.6,23.8
,"San Diego County, CA","06073","2020","2020","Unintentional","1","Suffocation","GRINJ-017",29,3332427,0.9,0.6,1.2
,"San Diego County, CA","06073","2020","2020","Unintentional","1","Other specified, classifiable Injury","GRINJ-018",12,3332427,0.4,0.2,0.6
,"San Diego County, CA","06073","2020","2020","Unintentional","1","Other specified, not elsewhere classified Injury","GRINJ-019",12,3332427,0.4,0.2,0.6
,"San Diego County, CA","06073","2020","2020","Unintentional","1","Unspecified Injury","GRINJ-020",10,3332427,0.3,0.1,0.6
,"San Diego County, CA","06073","2020","2020","Suicide","2","Drowning","GRINJ-002",10,3332427,0.3,0.1,0.6
,"San Diego County, CA","06073","2020","2020","Suicide","2","Fall","GRINJ-003",31,3332427,0.9,0.6,1.3
,"San Diego County, CA","06073","2020","2020","Suicide","2","Firearm","GRINJ-006",149,3332427,4.5,3.8,5.2
,"San Diego County, CA","06073","2020","2020","Suicide","2","Poisoning","GRINJ-015",58,3332427,1.7,1.3,2.2
,"San Diego County, CA","06073","2020","2020","Suicide","2","Suffocation","GRINJ-017",135,3332427,4.1,3.4,4.7
,"San Diego County, CA","06073","2020","2020","Homicide","3","Cut/Pierce","GRINJ-001",27,3332427,0.8,0.5,1.2
,"San Diego County, CA","06073","2020","2020","Homicide","3","Firearm","GRINJ-006",71,3332427,2.1,1.7,2.7
,"San Francisco County, CA","06075","2020","2020","Unintentional","1","Fall","GRINJ-003",69,866606,8.0,6.2,10.1
,"San Francisco County, CA","06075","2020","2020","Unintentional","1","Motor Vehicle Traffic","GRINJ-008",41,866606,4.7,3.4,6.4
,"San Francisco County, CA","06075","2020","2020","Unintentional","1","Poisoning","GRINJ-015",547,866606,63.1,57.8,68.4
,"San Francisco County, CA","06075","2020","2020","Unintentional","1","Suffocation","GRINJ-017",19,866606,2.2,1.3,3.4
,"San Francisco County, CA","06075","2020","2020","Unintentional","1","Unspecified Injury","GRINJ-020",11,866606,1.3,0.6,2.3
,"San Francisco County, CA","06075","2020","2020","Suicide","2","Fall","GRINJ-003",12,866606,1.4,0.7,2.4
,"San Francisco County, CA","06075","2020","2020","Suicide","2","Firearm","GRINJ-006",10,866606,1.2,0.6,2.1
,"San Francisco County, CA","06075","2020","2020","Suicide","2","Poisoning","GRINJ-015",11,866606,1.3,0.6,2.3
,"San Francisco County, CA","06075","2020","2020","Suicide","2","Suffocation","GRINJ-017",28,866606,3.2,2.1,4.7
,"San Francisco County, CA","06075","2020","2020","Homicide","3","Firearm","GRINJ-006",31,866606,3.6,2.4,5.1
,"San Francisco County, CA","06075","2020","2020","Homicide","3","Unspecified Injury","GRINJ-020",11,866606,1.3,0.6,2.3
,"San Joaquin County, CA","06077","2020","2020","Unintentional","1","Drowning","GRINJ-002",16,767967,2.1,1.2,3.4
,"San Joaquin County, CA","06077","2020","2020","Unintentional","1","Fall","GRINJ-003",62,767967,8.1,6.2,10.3
,"San Joaquin County, CA","06077","2020","2020","Unintentional","1","Motor Vehicle Traffic","GRINJ-008",126,767967,16.4,13.5,19.3
,"San Joaquin County, CA","06077","2020","2020","Unintentional","1","Poisoning","GRINJ-015",163,767967,21.2,18.0,24.5
,"San Joaquin County, CA","06077","2020","2020","Suicide","2","Firearm","GRINJ-006",45,767967,5.9,4.3,7.8
,"San Joaquin County, CA","06077","2020","2020","Suicide","2","Poisoning","GRINJ-015",10,767967,1.3,0.6,2.4
,"San Joaquin County, CA","06077","2020","2020","Suicide","2","Suffocation","GRINJ-017",24,767967,3.1,2.0,4.6
,"San Joaquin County, CA","06077","2020","2020","Homicide","3","Firearm","GRINJ-006",65,767967,8.5,6.5,10.8
,"San Luis Obispo County, CA","06079","2020","2020","Unintentional","1","Fall","GRINJ-003",28,282249,9.9,6.6,14.3
,"San Luis Obispo County, CA","06079","2020","2020","Unintentional","1","Motor Vehicle Traffic","GRINJ-008",27,282249,9.6,6.3,13.9
,"San Luis Obispo County, CA","06079","2020","2020","Unintentional","1","Poisoning","GRINJ-015",81,282249,28.7,22.8,35.7
,"San Luis Obispo County, CA","06079","2020","2020","Suicide","2","Firearm","GRINJ-006",17,282249,6.0,3.5,9.6
,"San Luis Obispo County, CA","06079","2020","2020","Suicide","2","Suffocation","GRINJ-017",14,282249,5.0,2.7,8.3
,"San Mateo County, CA","06081","2020","2020","Unintentional","1","Drowning","GRINJ-002",16,758308,2.1,1.2,3.4
,"San Mateo County, CA","06081","2020","2020","Unintentional","1","Fall","GRINJ-003",52,758308,6.9,5.1,9.0
,"San Mateo County, CA","06081","2020","2020","Unintentional","1","Motor Vehicle Traffic","GRINJ-008",40,758308,5.3,3.8,7.2
,"San Mateo County, CA","06081","2020","2020","Unintentional","1","Poisoning","GRINJ-015",114,758308,15.0,12.3,17.8
,"San Mateo County, CA","06081","2020","2020","Unintentional","1","Suffocation","GRINJ-017",10,758308,1.3,0.6,2.4
,"San Mateo County, CA","06081","2020","2020","Suicide","2","Firearm","GRINJ-006",23,758308,3.0,1.9,4.6
,"San Mateo County, CA","06081","2020","2020","Suicide","2","Poisoning","GRINJ-015",15,758308,2.0,1.1,3.3
,"San Mateo County, CA","06081","2020","2020","Suicide","2","Suffocation","GRINJ-017",24,758308,3.2,2.0,4.7
,"San Mateo County, CA","06081","2020","2020","Homicide","3","Firearm","GRINJ-006",10,758308,1.3,0.6,2.4
,"Santa Barbara County, CA","06083","2020","2020","Unintentional","1","Fall","GRINJ-003",28,444766,6.3,4.2,9.1
,"Santa Barbara County, CA","06083","2020","2020","Unintentional","1","Motor Vehicle Traffic","GRINJ-008",38,444766,8.5,6.0,11.7
,"Santa Barbara County, CA","06083","2020","2020","Unintentional","1","Poisoning","GRINJ-015",107,444766,24.1,19.5,28.6
,"Santa Barbara County, CA","06083","2020","2020","Suicide","2","Firearm","GRINJ-006",12,444766,2.7,1.4,4.7
,"Santa Barbara County, CA","06083","2020","2020","Suicide","2","Poisoning","GRINJ-015",10,444766,2.2,1.1,4.1
,"Santa Barbara County, CA","06083","2020","2020","Suicide","2","Suffocation","GRINJ-017",21,444766,4.7,2.9,7.2
,"Santa Clara County, CA","06085","2020","2020","Unintentional","1","Drowning","GRINJ-002",14,1907105,0.7,0.4,1.2
,"Santa Clara County, CA","06085","2020","2020","Unintentional","1","Fall","GRINJ-003",175,1907105,9.2,7.8,10.5
,"Santa Clara County, CA","06085","2020","2020","Unintentional","1","Motor Vehicle Traffic","GRINJ-008",132,1907105,6.9,5.7,8.1
,"Santa Clara County, CA","06085","2020","2020","Unintentional","1","Other Pedestrian","GRINJ-010",11,1907105,0.6,0.3,1.0
,"Santa Clara County, CA","06085","2020","2020","Unintentional","1","Poisoning","GRINJ-015",280,1907105,14.7,13.0,16.4
,"Santa Clara County, CA","06085","2020","2020","Suicide","2","Firearm","GRINJ-006",58,1907105,3.0,2.3,3.9
,"Santa Clara County, CA","06085","2020","2020","Suicide","2","Poisoning","GRINJ-015",22,1907105,1.2,0.7,1.7
,"Santa Clara County, CA","06085","2020","2020","Suicide","2","Suffocation","GRINJ-017",77,1907105,4.0,3.2,5.0
,"Santa Clara County, CA","06085","2020","2020","Homicide","3","Cut/Pierce","GRINJ-001",15,1907105,0.8,0.4,1.3
,"Santa Clara County, CA","06085","2020","2020","Homicide","3","Firearm","GRINJ-006",33,1907105,1.7,1.2,2.4
,"Santa Clara County, CA","06085","2020","2020","Undetermined ","4","Poisoning","GRINJ-015",18,1907105,0.9,0.6,1.5
,"Santa Cruz County, CA","06087","2020","2020","Unintentional","1","Fall","GRINJ-003",48,269925,17.8,13.1,23.6
,"Santa Cruz County, CA","06087","2020","2020","Unintentional","1","Motor Vehicle Traffic","GRINJ-008",23,269925,8.5,5.4,12.8
,"Santa Cruz County, CA","06087","2020","2020","Unintentional","1","Poisoning","GRINJ-015",60,269925,22.2,17.0,28.6
,"Santa Cruz County, CA","06087","2020","2020","Suicide","2","Suffocation","GRINJ-017",10,269925,3.7,1.8,6.8
,"Shasta County, CA","06089","2020","2020","Unintentional","1","Fall","GRINJ-003",25,179027,14.0,9.0,20.6
,"Shasta County, CA","06089","2020","2020","Unintentional","1","Motor Vehicle Traffic","GRINJ-008",38,179027,21.2,15.0,29.1
,"Shasta County, CA","06089","2020","2020","Unintentional","1","Poisoning","GRINJ-015",49,179027,27.4,20.2,36.2
,"Shasta County, CA","06089","2020","2020","Suicide","2","Firearm","GRINJ-006",16,179027,8.9,5.1,14.5
,"Siskiyou County, CA","06093","2020","2020","Unintentional","1","Poisoning","GRINJ-015",10,43245,23.1,11.1,42.5
,"Siskiyou County, CA","06093","2020","2020","Suicide","2","Firearm","GRINJ-006",10,43245,23.1,11.1,42.5
,"Solano County, CA","06095","2020","2020","Unintentional","1","Fall","GRINJ-003",38,446935,8.5,6.0,11.7
,"Solano County, CA","06095","2020","2020","Unintentional","1","Motor Vehicle Traffic","GRINJ-008",49,446935,11.0,8.1,14.5
,"Solano County, CA","06095","2020","2020","Unintentional","1","Poisoning","GRINJ-015",82,446935,18.3,14.6,22.8
,"Solano County, CA","06095","2020","2020","Suicide","2","Firearm","GRINJ-006",23,446935,5.1,3.3,7.7
,"Solano County, CA","06095","2020","2020","Suicide","2","Suffocation","GRINJ-017",23,446935,5.1,3.3,7.7
,"Solano County, CA","06095","2020","2020","Homicide","3","Firearm","GRINJ-006",30,446935,6.7,4.5,9.6
,"Sonoma County, CA","06097","2020","2020","Unintentional","1","Fall","GRINJ-003",31,489819,6.3,4.3,9.0
,"Sonoma County, CA","06097","2020","2020","Unintentional","1","Motor Vehicle Traffic","GRINJ-008",40,489819,8.2,5.8,11.1
,"Sonoma County, CA","06097","2020","2020","Unintentional","1","Poisoning","GRINJ-015",144,489819,29.4,24.6,34.2
,"Sonoma County, CA","06097","2020","2020","Suicide","2","Firearm","GRINJ-006",30,489819,6.1,4.1,8.7
,"Sonoma County, CA","06097","2020","2020","Suicide","2","Poisoning","GRINJ-015",10,489819,2.0,1.0,3.8
,"Sonoma County, CA","06097","2020","2020","Suicide","2","Suffocation","GRINJ-017",20,489819,4.1,2.5,6.3
,"Stanislaus County, CA","06099","2020","2020","Unintentional","1","Drowning","GRINJ-002",11,550081,2.0,1.0,3.6
,"Stanislaus County, CA","06099","2020","2020","Unintentional","1","Fall","GRINJ-003",27,550081,4.9,3.2,7.1
,"Stanislaus County, CA","06099","2020","2020","Unintentional","1","Motor Vehicle Traffic","GRINJ-008",91,550081,16.5,13.3,20.3
,"Stanislaus County, CA","06099","2020","2020","Unintentional","1","Poisoning","GRINJ-015",138,550081,25.1,20.9,29.3
,"Stanislaus County, CA","06099","2020","2020","Unintentional","1","Suffocation","GRINJ-017",10,550081,1.8,0.9,3.3
,"Stanislaus County, CA","06099","2020","2020","Suicide","2","Firearm","GRINJ-006",27,550081,4.9,3.2,7.1
,"Stanislaus County, CA","06099","2020","2020","Suicide","2","Suffocation","GRINJ-017",16,550081,2.9,1.7,4.7
,"Stanislaus County, CA","06099","2020","2020","Homicide","3","Firearm","GRINJ-006",17,550081,3.1,1.8,4.9
,"Sutter County, CA","06101","2020","2020","Unintentional","1","Motor Vehicle Traffic","GRINJ-008",17,96385,17.6,10.3,28.2
,"Sutter County, CA","06101","2020","2020","Unintentional","1","Poisoning","GRINJ-015",18,96385,18.7,11.1,29.5
,"Tehama County, CA","06103","2020","2020","Unintentional","1","Fall","GRINJ-003",10,64494,15.5,7.4,28.5
,"Tehama County, CA","06103","2020","2020","Unintentional","1","Motor Vehicle Traffic","GRINJ-008",14,64494,21.7,11.9,36.4
,"Tulare County, CA","06107","2020","2020","Unintentional","1","Fall","GRINJ-003",30,468680,6.4,4.3,9.1
,"Tulare County, CA","06107","2020","2020","Unintentional","1","Motor Vehicle Traffic","GRINJ-008",93,468680,19.8,16.0,24.3
,"Tulare County, CA","06107","2020","2020","Unintentional","1","Poisoning","GRINJ-015",76,468680,16.2,12.8,20.3
,"Tulare County, CA","06107","2020","2020","Suicide","2","Firearm","GRINJ-006",13,468680,2.8,1.5,4.7
,"Tulare County, CA","06107","2020","2020","Suicide","2","Suffocation","GRINJ-017",18,468680,3.8,2.3,6.1
,"Tulare County, CA","06107","2020","2020","Homicide","3","Firearm","GRINJ-006",28,468680,6.0,4.0,8.6
,"Ventura County, CA","06111","2020","2020","Unintentional","1","Fall","GRINJ-003",94,841387,11.2,9.0,13.7
,"Ventura County, CA","06111","2020","2020","Unintentional","1","Motor Vehicle Traffic","GRINJ-008",69,841387,8.2,6.4,10.4
,"Ventura County, CA","06111","2020","2020","Unintentional","1","Poisoning","GRINJ-015",185,841387,22.0,18.8,25.2
,"Ventura County, CA","06111","2020","2020","Unintentional","1","Suffocation","GRINJ-017",10,841387,1.2,0.6,2.2
,"Ventura County, CA","06111","2020","2020","Suicide","2","Firearm","GRINJ-006",28,841387,3.3,2.2,4.8
,"Ventura County, CA","06111","2020","2020","Suicide","2","Poisoning","GRINJ-015",15,841387,1.8,1.0,2.9
,"Ventura County, CA","06111","2020","2020","Suicide","2","Suffocation","GRINJ-017",24,841387,2.9,1.8,4.2
,"Ventura County, CA","06111","2020","2020","Homicide","3","Cut/Pierce","GRINJ-001",10,841387,1.2,0.6,2.2
,"Ventura County, CA","06111","2020","2020","Homicide","3","Firearm","GRINJ-006",10,841387,1.2,0.6,2.2
,"Yolo County, CA","06113","2020","2020","Unintentional","1","Fall","GRINJ-003",21,219728,9.6,5.9,14.6
,"Yolo County, CA","06113","2020","2020","Unintentional","1","Motor Vehicle Traffic","GRINJ-008",22,219728,10.0,6.3,15.2
,"Yolo County, CA","06113","2020","2020","Unintentional","1","Poisoning","GRINJ-015",33,219728,15.0,10.3,21.1
,"Yuba County, CA","06115","2020","2020","Unintentional","1","Motor Vehicle Traffic","GRINJ-008",10,80160,12.5,6.0,22.9
,"Yuba County, CA","06115","2020","2020","Unintentional","1","Poisoning","GRINJ-015",18,80160,22.5,13.3,35.5
,"Adams County, CO","08001","2020","2020","Unintentional","1","Fall","GRINJ-003",64,519883,12.3,9.5,15.7
,"Adams County, CO","08001","2020","2020","Unintentional","1","Motor Vehicle Traffic","GRINJ-008",57,519883,11.0,8.3,14.2
,"Adams County, CO","08001","2020","2020","Unintentional","1","Poisoning","GRINJ-015",125,519883,24.0,19.8,28.3
,"Adams County, CO","08001","2020","2020","Unintentional","1","Unspecified Injury","GRINJ-020",15,519883,2.9,1.6,4.8
,"Adams County, CO","08001","2020","2020","Suicide","2","Firearm","GRINJ-006",47,519883,9.0,6.6,12.0
,"Adams County, CO","08001","2020","2020","Suicide","2","Poisoning","GRINJ-015",15,519883,2.9,1.6,4.8
,"Adams County, CO","08001","2020","2020","Suicide","2","Suffocation","GRINJ-017",49,519883,9.4,7.0,12.5
,"Adams County, CO","08001","2020","2020","Homicide","3","Firearm","GRINJ-006",21,519883,4.0,2.5,6.2
,"Alamosa County, CO","08003","2020","2020","Unintentional","1","Poisoning","GRINJ-015",11,16180,68.0,33.9,121.6
,"Arapahoe County, CO","08005","2020","2020","Unintentional","1","Fall","GRINJ-003",136,657452,20.7,17.2,24.2
,"Arapahoe County, CO","08005","2020","2020","Unintentional","1","Motor Vehicle Traffic","GRINJ-008",76,657452,11.6,9.1,14.5
,"Arapahoe County, CO","08005","2020","2020","Unintentional","1","Poisoning","GRINJ-015",132,657452,20.1,16.7,23.5
,"Arapahoe County, CO","08005","2020","2020","Unintentional","1","Suffocation","GRINJ-017",17,657452,2.6,1.5,4.1
,"Arapahoe County, CO","08005","2020","2020","Unintentional","1","Unspecified Injury","GRINJ-020",11,657452,1.7,0.8,3.0
,"Arapahoe County, CO","08005","2020","2020","Suicide","2","Firearm","GRINJ-006",58,657452,8.8,6.7,11.4
,"Arapahoe County, CO","08005","2020","2020","Suicide","2","Poisoning","GRINJ-015",17,657452,2.6,1.5,4.1
,"Arapahoe County, CO","08005","2020","2020","Suicide","2","Suffocation","GRINJ-017",34,657452,5.2,3.6,7.2
,"Arapahoe County, CO","08005","2020","2020","Homicide","3","Firearm","GRINJ-006",34,657452,5.2,3.6,7.2
,"Boulder County, CO","08013","2020","2020","Unintentional","1","Fall","GRINJ-003",53,327171,16.2,12.1,21.2
,"Boulder County, CO","08013","2020","2020","Unintentional","1","Motor Vehicle Traffic","GRINJ-008",23,327171,7.0,4.5,10.5
,"Boulder County, CO","08013","2020","2020","Unintentional","1","Poisoning","GRINJ-015",46,327171,14.1,10.3,18.8
,"Boulder County, CO","08013","2020","2020","Suicide","2","Firearm","GRINJ-006",32,327171,9.8,6.7,13.8
,"Boulder County, CO","08013","2020","2020","Suicide","2","Suffocation","GRINJ-017",24,327171,7.3,4.7,10.9
,"Broomfield County, CO","08014","2020","2020","Unintentional","1","Fall","GRINJ-003",14,72236,19.4,10.6,32.5
,"Broomfield County, CO","08014","2020","2020","Unintentional","1","Poisoning","GRINJ-015",11,72236,15.2,7.6,27.2
,"Delta County, CO","08029","2020","2020","Unintentional","1","Fall","GRINJ-003",10,31067,32.2,15.4,59.2
,"Denver County, CO","08031","2020","2020","Unintentional","1","Drowning","GRINJ-002",11,735538,1.5,0.7,2.7
,"Denver County, CO","08031","2020","2020","Unintentional","1","Fall","GRINJ-003",135,735538,18.4,15.3,21.5
,"Denver County, CO","08031","2020","2020","Unintentional","1","Motor Vehicle Traffic","GRINJ-008",73,735538,9.9,7.8,12.5
,"Denver County, CO","08031","2020","2020","Unintentional","1","Poisoning","GRINJ-015",270,735538,36.7,32.3,41.1
,"Denver County, CO","08031","2020","2020","Unintentional","1","Suffocation","GRINJ-017",13,735538,1.8,0.9,3.0
,"Denver County, CO","08031","2020","2020","Unintentional","1","Unspecified Injury","GRINJ-020",11,735538,1.5,0.7,2.7
,"Denver County, CO","08031","2020","2020","Suicide","2","Firearm","GRINJ-006",57,735538,7.7,5.9,10.0
,"Denver County, CO","08031","2020","2020","Suicide","2","Poisoning","GRINJ-015",36,735538,4.9,3.4,6.8
,"Denver County, CO","08031","2020","2020","Suicide","2","Suffocation","GRINJ-017",40,735538,5.4,3.9,7.4
,"Denver County, CO","08031","2020","2020","Homicide","3","Firearm","GRINJ-006",49,735538,6.7,4.9,8.8
,"Douglas County, CO","08035","2020","2020","Unintentional","1","Fall","GRINJ-003",83,360750,23.0,18.3,28.5
,"Douglas County, CO","08035","2020","2020","Unintentional","1","Motor Vehicle Traffic","GRINJ-008",13,360750,3.6,1.9,6.2
,"Douglas County, CO","08035","2020","2020","Unintentional","1","Poisoning","GRINJ-015",47,360750,13.0,9.6,17.3
,"Douglas County, CO","08035","2020","2020","Suicide","2","Firearm","GRINJ-006",25,360750,6.9,4.5,10.2
,"Douglas County, CO","08035","2020","2020","Suicide","2","Suffocation","GRINJ-017",15,360750,4.2,2.3,6.9
,"El Paso County, CO","08041","2020","2020","Unintentional","1","Drowning","GRINJ-002",11,728310,1.5,0.8,2.7
,"El Paso County, CO","08041","2020","2020","Unintentional","1","Fall","GRINJ-003",82,728310,11.3,9.0,14.0
,"El Paso County, CO","08041","2020","2020","Unintentional","1","Motor Vehicle Traffic","GRINJ-008",111,728310,15.2,12.4,18.1
,"El Paso County, CO","08041","2020","2020","Unintentional","1","Natural/Environmental","GRINJ-013",18,728310,2.5,1.5,3.9
,"El Paso County, CO","08041","2020","2020","Unintentional","1","Poisoning","GRINJ-015",262,728310,36.0,31.6,40.3
,"El Paso County, CO","08041","2020","2020","Unintentional","1","Suffocation","GRINJ-017",17,728310,2.3,1.4,3.7
,"El Paso County, CO","08041","2020","2020","Unintentional","1","Unspecified Injury","GRINJ-020",14,728310,1.9,1.1,3.2
,"El Paso County, CO","08041","2020","2020","Suicide","2","Firearm","GRINJ-006",109,728310,15.0,12.2,17.8
,"El Paso County, CO","08041","2020","2020","Suicide","2","Poisoning","GRINJ-015",38,728310,5.2,3.7,7.2
,"El Paso County, CO","08041","2020","2020","Suicide","2","Suffocation","GRINJ-017",47,728310,6.5,4.7,8.6
,"El Paso County, CO","08041","2020","2020","Homicide","3","Firearm","GRINJ-006",42,728310,5.8,4.2,7.8
,"Fremont County, CO","08043","2020","2020","Unintentional","1","Poisoning","GRINJ-015",17,47867,35.5,20.7,56.9
,"Fremont County, CO","08043","2020","2020","Suicide","2","Firearm","GRINJ-006",13,47867,27.2,14.5,46.4
,"Garfield County, CO","08045","2020","2020","Unintentional","1","Fall","GRINJ-003",10,60366,16.6,7.9,30.5
,"Garfield County, CO","08045","2020","2020","Unintentional","1","Motor Vehicle Traffic","GRINJ-008",12,60366,19.9,10.3,34.7
,"Garfield County, CO","08045","2020","2020","Unintentional","1","Poisoning","GRINJ-015",11,60366,18.2,9.1,32.6
,"Jefferson County, CO","08059","2020","2020","Unintentional","1","Fall","GRINJ-003",169,583283,29.0,24.6,33.3
,"Jefferson County, CO","08059","2020","2020","Unintentional","1","Motor Vehicle Traffic","GRINJ-008",36,583283,6.2,4.3,8.5
,"Jefferson County, CO","08059","2020","2020","Unintentional","1","Poisoning","GRINJ-015",131,583283,22.5,18.6,26.3
,"Jefferson County, CO","08059","2020","2020","Unintentional","1","Suffocation","GRINJ-017",17,583283,2.9,1.7,4.7
,"Jefferson County, CO","08059","2020","2020","Unintentional","1","Unspecified Injury","GRINJ-020",12,583283,2.1,1.1,3.6
,"Jefferson County, CO","08059","2020","2020","Suicide","2","Firearm","GRINJ-006",55,583283,9.4,7.1,12.3
,"Jefferson County, CO","08059","2020","2020","Suicide","2","Poisoning","GRINJ-015",24,583283,4.1,2.6,6.1
,"Jefferson County, CO","08059","2020","2020","Suicide","2","Suffocation","GRINJ-017",32,583283,5.5,3.8,7.7
,"Jefferson County, CO","08059","2020","2020","Homicide","3","Firearm","GRINJ-006",20,583283,3.4,2.1,5.3
,"La Plata County, CO","08067","2020","2020","Suicide","2","Firearm","GRINJ-006",11,56564,19.4,9.7,34.8
,"Larimer County, CO","08069","2020","2020","Unintentional","1","Fall","GRINJ-003",44,360428,12.2,8.9,16.4
,"Larimer County, CO","08069","2020","2020","Unintentional","1","Motor Vehicle Traffic","GRINJ-008",30,360428,8.3,5.6,11.9
,"Larimer County, CO","08069","2020","2020","Unintentional","1","Poisoning","GRINJ-015",46,360428,12.8,9.3,17.0
,"Larimer County, CO","08069","2020","2020","Unintentional","1","Suffocation","GRINJ-017",10,360428,2.8,1.3,5.1
,"Larimer County, CO","08069","2020","2020","Unintentional","1","Unspecified Injury","GRINJ-020",12,360428,3.3,1.7,5.8
,"Larimer County, CO","08069","2020","2020","Suicide","2","Firearm","GRINJ-006",39,360428,10.8,7.7,14.8
,"Larimer County, CO","08069","2020","2020","Suicide","2","Poisoning","GRINJ-015",12,360428,3.3,1.7,5.8
,"Larimer County, CO","08069","2020","2020","Suicide","2","Suffocation","GRINJ-017",22,360428,6.1,3.8,9.2
,"Mesa County, CO","08077","2020","2020","Unintentional","1","Fall","GRINJ-003",54,155603,34.7,26.1,45.3
,"Mesa County, CO","08077","2020","2020","Unintentional","1","Motor Vehicle Traffic","GRINJ-008",22,155603,14.1,8.9,21.4
,"Mesa County, CO","08077","2020","2020","Unintentional","1","Poisoning","GRINJ-015",35,155603,22.5,15.7,31.3
,"Mesa County, CO","08077","2020","2020","Suicide","2","Firearm","GRINJ-006",20,155603,12.9,7.9,19.9
,"Mesa County, CO","08077","2020","2020","Suicide","2","Suffocation","GRINJ-017",14,155603,9.0,4.9,15.1
,"Montrose County, CO","08085","2020","2020","Unintentional","1","Fall","GRINJ-003",18,43322,41.5,24.6,65.7
,"Pueblo County, CO","08101","2020","2020","Unintentional","1","Fall","GRINJ-003",13,169823,7.7,4.1,13.1
,"Pueblo County, CO","08101","2020","2020","Unintentional","1","Motor Vehicle Traffic","GRINJ-008",35,169823,20.6,14.4,28.7
,"Pueblo County, CO","08101","2020","2020","Unintentional","1","Poisoning","GRINJ-015",71,169823,41.8,32.7,52.7
,"Pueblo County, CO","08101","2020","2020","Suicide","2","Firearm","GRINJ-006",35,169823,20.6,14.4,28.7
,"Pueblo County, CO","08101","2020","2020","Suicide","2","Suffocation","GRINJ-017",14,169823,8.2,4.5,13.8
,"Pueblo County, CO","08101","2020","2020","Homicide","3","Firearm","GRINJ-006",17,169823,10.0,5.8,16.0
,"Teller County, CO","08119","2020","2020","Suicide","2","Firearm","GRINJ-006",12,25529,47.0,24.3,82.1
,"Weld County, CO","08123","2020","2020","Unintentional","1","Fall","GRINJ-003",46,333983,13.8,10.1,18.4
,"Weld County, CO","08123","2020","2020","Unintentional","1","Motor Vehicle Traffic","GRINJ-008",52,333983,15.6,11.6,20.4
,"Weld County, CO","08123","2020","2020","Unintentional","1","Poisoning","GRINJ-015",52,333983,15.6,11.6,20.4
,"Weld County, CO","08123","2020","2020","Suicide","2","Firearm","GRINJ-006",33,333983,9.9,6.8,13.9
,"Weld County, CO","08123","2020","2020","Suicide","2","Suffocation","GRINJ-017",15,333983,4.5,2.5,7.4
,"Weld County, CO","08123","2020","2020","Homicide","3","Firearm","GRINJ-006",16,333983,4.8,2.7,7.8
,"Fairfield County, CT","09001","2020","2020","Unintentional","1","Fall","GRINJ-003",136,942426,14.4,12.0,16.9
,"Fairfield County, CT","09001","2020","2020","Unintentional","1","Motor Vehicle Traffic","GRINJ-008",66,942426,7.0,5.4,8.9
,"Fairfield County, CT","09001","2020","2020","Unintentional","1","Poisoning","GRINJ-015",236,942426,25.0,21.8,28.2
,"Fairfield County, CT","09001","2020","2020","Unintentional","1","Suffocation","GRINJ-017",18,942426,1.9,1.1,3.0
,"Fairfield County, CT","09001","2020","2020","Unintentional","1","Unspecified Injury","GRINJ-020",15,942426,1.6,0.9,2.6
,"Fairfield County, CT","09001","2020","2020","Suicide","2","Firearm","GRINJ-006",23,942426,2.4,1.5,3.7
,"Fairfield County, CT","09001","2020","2020","Suicide","2","Poisoning","GRINJ-015",16,942426,1.7,1.0,2.8
,"Fairfield County, CT","09001","2020","2020","Suicide","2","Suffocation","GRINJ-017",32,942426,3.4,2.3,4.8
,"Fairfield County, CT","09001","2020","2020","Homicide","3","Firearm","GRINJ-006",31,942426,3.3,2.2,4.7
,"Hartford County, CT","09003","2020","2020","Unintentional","1","Fall","GRINJ-003",103,889226,11.6,9.3,13.8
,"Hartford County, CT","09003","2020","2020","Unintentional","1","Motor Vehicle Traffic","GRINJ-008",73,889226,8.2,6.4,10.3
,"Hartford County, CT","09003","2020","2020","Unintentional","1","Poisoning","GRINJ-015",373,889226,41.9,37.7,46.2
,"Hartford County, CT","09003","2020","2020","Unintentional","1","Suffocation","GRINJ-017",23,889226,2.6,1.6,3.9
,"Hartford County, CT","09003","2020","2020","Unintentional","1","Unspecified Injury","GRINJ-020",20,889226,2.2,1.4,3.5
,"Hartford County, CT","09003","2020","2020","Suicide","2","Firearm","GRINJ-006",28,889226,3.1,2.1,4.6
,"Hartford County, CT","09003","2020","2020","Suicide","2","Poisoning","GRINJ-015",23,889226,2.6,1.6,3.9
,"Hartford County, CT","09003","2020","2020","Suicide","2","Suffocation","GRINJ-017",29,889226,3.3,2.2,4.7
,"Hartford County, CT","09003","2020","2020","Homicide","3","Cut/Pierce","GRINJ-001",10,889226,1.1,0.5,2.1
,"Hartford County, CT","09003","2020","2020","Homicide","3","Firearm","GRINJ-006",23,889226,2.6,1.6,3.9
,"Litchfield County, CT","09005","2020","2020","Unintentional","1","Fall","GRINJ-003",25,179610,13.9,9.0,20.5
,"Litchfield County, CT","09005","2020","2020","Unintentional","1","Motor Vehicle Traffic","GRINJ-008",18,179610,10.0,5.9,15.8
,"Litchfield County, CT","09005","2020","2020","Unintentional","1","Poisoning","GRINJ-015",80,179610,44.5,35.3,55.4
,"Middlesex County, CT","09007","2020","2020","Unintentional","1","Fall","GRINJ-003",30,161657,18.6,12.5,26.5
,"Middlesex County, CT","09007","2020","2020","Unintentional","1","Motor Vehicle Traffic","GRINJ-008",16,161657,9.9,5.7,16.1
,"Middlesex County, CT","09007","2020","2020","Unintentional","1","Poisoning","GRINJ-015",57,161657,35.3,26.7,45.7
,"New Haven County, CT","09009","2020","2020","Unintentional","1","Fall","GRINJ-003",141,851948,16.6,13.8,19.3
,"New Haven County, CT","09009","2020","2020","Unintentional","1","Motor Vehicle Traffic","GRINJ-008",90,851948,10.6,8.5,13.0
,"New Haven County, CT","09009","2020","2020","Unintentional","1","Poisoning","GRINJ-015",402,851948,47.2,42.6,51.8
,"New Haven County, CT","09009","2020","2020","Unintentional","1","Suffocation","GRINJ-017",22,851948,2.6,1.6,3.9
,"New Haven County, CT","09009","2020","2020","Unintentional","1","Unspecified Injury","GRINJ-020",14,851948,1.6,0.9,2.8
,"New Haven County, CT","09009","2020","2020","Suicide","2","Firearm","GRINJ-006",20,851948,2.3,1.4,3.6
,"New Haven County, CT","09009","2020","2020","Suicide","2","Poisoning","GRINJ-015",16,851948,1.9,1.1,3.0
,"New Haven County, CT","09009","2020","2020","Suicide","2","Suffocation","GRINJ-017",29,851948,3.4,2.3,4.9
,"New Haven County, CT","09009","2020","2020","Homicide","3","Firearm","GRINJ-006",40,851948,4.7,3.4,6.4
,"New London County, CT","09011","2020","2020","Unintentional","1","Fall","GRINJ-003",34,264999,12.8,8.9,17.9
,"New London County, CT","09011","2020","2020","Unintentional","1","Motor Vehicle Traffic","GRINJ-008",27,264999,10.2,6.7,14.8
,"New London County, CT","09011","2020","2020","Unintentional","1","Poisoning","GRINJ-015",122,264999,46.0,37.9,54.2
,"New London County, CT","09011","2020","2020","Suicide","2","Firearm","GRINJ-006",12,264999,4.5,2.3,7.9
,"New London County, CT","09011","2020","2020","Suicide","2","Suffocation","GRINJ-017",17,264999,6.4,3.7,10.3
,"Tolland County, CT","09013","2020","2020","Unintentional","1","Fall","GRINJ-003",18,150600,12.0,7.1,18.9
,"Tolland County, CT","09013","2020","2020","Unintentional","1","Motor Vehicle Traffic","GRINJ-008",14,150600,9.3,5.1,15.6
,"Tolland County, CT","09013","2020","2020","Unintentional","1","Poisoning","GRINJ-015",52,150600,34.5,25.8,45.3
,"Windham County, CT","09015","2020","2020","Unintentional","1","Fall","GRINJ-003",15,116540,12.9,7.2,21.2
,"Windham County, CT","09015","2020","2020","Unintentional","1","Motor Vehicle Traffic","GRINJ-008",15,116540,12.9,7.2,21.2
,"Windham County, CT","09015","2020","2020","Unintentional","1","Poisoning","GRINJ-015",52,116540,44.6,33.3,58.5
,"Windham County, CT","09015","2020","2020","Suicide","2","Suffocation","GRINJ-017",10,116540,8.6,4.1,15.8
,"Kent County, DE","10001","2020","2020","Unintentional","1","Motor Vehicle Traffic","GRINJ-008",18,183643,9.8,5.8,15.5
,"Kent County, DE","10001","2020","2020","Unintentional","1","Poisoning","GRINJ-015",62,183643,33.8,25.9,43.3
,"Kent County, DE","10001","2020","2020","Suicide","2","Firearm","GRINJ-006",11,183643,6.0,3.0,10.7
,"Kent County, DE","10001","2020","2020","Homicide","3","Firearm","GRINJ-006",11,183643,6.0,3.0,10.7
,"New Castle County, DE","10003","2020","2020","Unintentional","1","Fall","GRINJ-003",59,561531,10.5,8.0,13.6
,"New Castle County, DE","10003","2020","2020","Unintentional","1","Motor Vehicle Traffic","GRINJ-008",70,561531,12.5,9.7,15.7
,"New Castle County, DE","10003","2020","2020","Unintentional","1","Poisoning","GRINJ-015",255,561531,45.4,39.8,51.0
,"New Castle County, DE","10003","2020","2020","Unintentional","1","Suffocation","GRINJ-017",10,561531,1.8,0.9,3.3
,"New Castle County, DE","10003","2020","2020","Suicide","2","Firearm","GRINJ-006",29,561531,5.2,3.5,7.4
,"New Castle County, DE","10003","2020","2020","Suicide","2","Suffocation","GRINJ-017",25,561531,4.5,2.9,6.6
,"New Castle County, DE","10003","2020","2020","Homicide","3","Firearm","GRINJ-006",57,561531,10.2,7.7,13.2
,"Sussex County, DE","10005","2020","2020","Unintentional","1","Fall","GRINJ-003",34,241635,14.1,9.7,19.7
,"Sussex County, DE","10005","2020","2020","Unintentional","1","Motor Vehicle Traffic","GRINJ-008",35,241635,14.5,10.1,20.1
,"Sussex County, DE","10005","2020","2020","Unintentional","1","Poisoning","GRINJ-015",117,241635,48.4,39.6,57.2
,"Sussex County, DE","10005","2020","2020","Suicide","2","Firearm","GRINJ-006",18,241635,7.4,4.4,11.8
,"Sussex County, DE","10005","2020","2020","Suicide","2","Suffocation","GRINJ-017",10,241635,4.1,2.0,7.6
,"District of Columbia, DC","11001","2020","2020","Unintentional","1","Fall","GRINJ-003",57,712816,8.0,6.1,10.4
,"District of Columbia, DC","11001","2020","2020","Unintentional","1","Motor Vehicle Traffic","GRINJ-008",44,712816,6.2,4.5,8.3
,"District of Columbia, DC","11001","2020","2020","Unintentional","1","Poisoning","GRINJ-015",404,712816,56.7,51.1,62.2
,"District of Columbia, DC","11001","2020","2020","Unintentional","1","Suffocation","GRINJ-017",16,712816,2.2,1.3,3.6
,"District of Columbia, DC","11001","2020","2020","Unintentional","1","Unspecified Injury","GRINJ-020",12,712816,1.7,0.9,2.9
,"District of Columbia, DC","11001","2020","2020","Suicide","2","Suffocation","GRINJ-017",13,712816,1.8,1.0,3.1
,"District of Columbia, DC","11001","2020","2020","Homicide","3","Cut/Pierce","GRINJ-001",12,712816,1.7,0.9,2.9
,"District of Columbia, DC","11001","2020","2020","Homicide","3","Firearm","GRINJ-006",157,712816,22.0,18.6,25.5
,"District of Columbia, DC","11001","2020","2020","Undetermined ","4","Poisoning","GRINJ-015",27,712816,3.8,2.5,5.5
,"Alachua County, FL","12001","2020","2020","Unintentional","1","Fall","GRINJ-003",50,271218,18.4,13.7,24.3
,"Alachua County, FL","12001","2020","2020","Unintentional","1","Motor Vehicle Traffic","GRINJ-008",44,271218,16.2,11.8,21.8
,"Alachua County, FL","12001","2020","2020","Unintentional","1","Poisoning","GRINJ-015",44,271218,16.2,11.8,21.8
,"Alachua County, FL","12001","2020","2020","Suicide","2","Firearm","GRINJ-006",17,271218,6.3,3.7,10.0
,"Alachua County, FL","12001","2020","2020","Homicide","3","Firearm","GRINJ-006",14,271218,5.2,2.8,8.7
,"Baker County, FL","12003","2020","2020","Unintentional","1","Poisoning","GRINJ-015",10,29566,33.8,16.2,62.2
,"Bay County, FL","12005","2020","2020","Unintentional","1","Fall","GRINJ-003",17,171322,9.9,5.8,15.9
,"Bay County, FL","12005","2020","2020","Unintentional","1","Motor Vehicle Traffic","GRINJ-008",32,171322,18.7,12.8,26.4
,"Bay County, FL","12005","2020","2020","Unintentional","1","Poisoning","GRINJ-015",53,171322,30.9,23.2,40.5
,"Bay County, FL","12005","2020","2020","Suicide","2","Firearm","GRINJ-006",23,171322,13.4,8.5,20.1
,"Bay County, FL","12005","2020","2020","Suicide","2","Suffocation","GRINJ-017",13,171322,7.6,4.0,13.0
,"Brevard County, FL","12009","2020","2020","Unintentional","1","Drowning","GRINJ-002",23,608459,3.8,2.4,5.7
,"Brevard County, FL","12009","2020","2020","Unintentional","1","Fall","GRINJ-003",121,608459,19.9,16.3,23.4
,"Brevard County, FL","12009","2020","2020","Unintentional","1","Motor Vehicle Traffic","GRINJ-008",84,608459,13.8,11.0,17.1
,"Brevard County, FL","12009","2020","2020","Unintentional","1","Poisoning","GRINJ-015",365,608459,60.0,53.8,66.1
,"Brevard County, FL","12009","2020","2020","Unintentional","1","Suffocation","GRINJ-017",12,608459,2.0,1.0,3.4
,"Brevard County, FL","12009","2020","2020","Suicide","2","Firearm","GRINJ-006",76,608459,12.5,9.8,15.6
,"Brevard County, FL","12009","2020","2020","Suicide","2","Poisoning","GRINJ-015",14,608459,2.3,1.3,3.9
,"Brevard County, FL","12009","2020","2020","Suicide","2","Suffocation","GRINJ-017",16,608459,2.6,1.5,4.3
,"Brevard County, FL","12009","2020","2020","Homicide","3","Firearm","GRINJ-006",32,608459,5.3,3.6,7.4
,"Broward County, FL","12011","2020","2020","Unintentional","1","Drowning","GRINJ-002",44,1958105,2.2,1.6,3.0
,"Broward County, FL","12011","2020","2020","Unintentional","1","Fall","GRINJ-003",131,1958105,6.7,5.5,7.8
,"Broward County, FL","12011","2020","2020","Unintentional","1","Motor Vehicle Traffic","GRINJ-008",306,1958105,15.6,13.9,17.4
,"Broward County, FL","12011","2020","2020","Unintentional","1","Poisoning","GRINJ-015",699,1958105,35.7,33.1,38.3
,"Broward County, FL","12011","2020","2020","Unintentional","1","Suffocation","GRINJ-017",32,1958105,1.6,1.1,2.3
,"Broward County, FL","12011","2020","2020","Unintentional","1","Unspecified Injury","GRINJ-020",40,1958105,2.0,1.5,2.8
,"Broward County, FL","12011","2020","2020","Suicide","2","Firearm","GRINJ-006",114,1958105,5.8,4.8,6.9
,"Broward County, FL","12011","2020","2020","Suicide","2","Poisoning","GRINJ-015",41,1958105,2.1,1.5,2.8
,"Broward County, FL","12011","2020","2020","Suicide","2","Suffocation","GRINJ-017",45,1958105,2.3,1.7,3.1
,"Broward County, FL","12011","2020","2020","Homicide","3","Firearm","GRINJ-006",146,1958105,7.5,6.2,8.7
,"Charlotte County, FL","12015","2020","2020","Unintentional","1","Fall","GRINJ-003",30,194711,15.4,10.4,22.0
,"Charlotte County, FL","12015","2020","2020","Unintentional","1","Motor Vehicle Traffic","GRINJ-008",31,194711,15.9,10.8,22.6
,"Charlotte County, FL","12015","2020","2020","Unintentional","1","Poisoning","GRINJ-015",30,194711,15.4,10.4,22.0
,"Charlotte County, FL","12015","2020","2020","Suicide","2","Firearm","GRINJ-006",24,194711,12.3,7.9,18.3
,"Citrus County, FL","12017","2020","2020","Unintentional","1","Fall","GRINJ-003",60,153010,39.2,29.9,50.5
,"Citrus County, FL","12017","2020","2020","Unintentional","1","Motor Vehicle Traffic","GRINJ-008",52,153010,34.0,25.4,44.6
,"Citrus County, FL","12017","2020","2020","Unintentional","1","Poisoning","GRINJ-015",64,153010,41.8,32.2,53.4
,"Citrus County, FL","12017","2020","2020","Suicide","2","Firearm","GRINJ-006",29,153010,19.0,12.7,27.2
,"Clay County, FL","12019","2020","2020","Unintentional","1","Fall","GRINJ-003",25,221770,11.3,7.3,16.6
,"Clay County, FL","12019","2020","2020","Unintentional","1","Motor Vehicle Traffic","GRINJ-008",33,221770,14.9,10.2,20.9
,"Clay County, FL","12019","2020","2020","Unintentional","1","Poisoning","GRINJ-015",75,221770,33.8,26.6,42.4
,"Clay County, FL","12019","2020","2020","Suicide","2","Firearm","GRINJ-006",20,221770,9.0,5.5,13.9
,"Clay County, FL","12019","2020","2020","Homicide","3","Firearm","GRINJ-006",13,221770,5.9,3.1,10.0
,"Collier County, FL","12021","2020","2020","Unintentional","1","Drowning","GRINJ-002",10,392973,2.5,1.2,4.7
,"Collier County, FL","12021","2020","2020","Unintentional","1","Fall","GRINJ-003",96,392973,24.4,19.8,29.8
,"Collier County, FL","12021","2020","2020","Unintentional","1","Motor Vehicle Traffic","GRINJ-008",32,392973,8.1,5.6,11.5
,"Collier County, FL","12021","2020","2020","Unintentional","1","Poisoning","GRINJ-015",94,392973,23.9,19.3,29.3
,"Collier County, FL","12021","2020","2020","Suicide","2","Firearm","GRINJ-006",34,392973,8.7,6.0,12.1
,"Collier County, FL","12021","2020","2020","Suicide","2","Suffocation","GRINJ-017",18,392973,4.6,2.7,7.2
,"Columbia County, FL","12023","2020","2020","Unintentional","1","Motor Vehicle Traffic","GRINJ-008",18,72654,24.8,14.7,39.2
,"Columbia County, FL","12023","2020","2020","Unintentional","1","Poisoning","GRINJ-015",11,72654,15.1,7.6,27.1
,"DeSoto County, FL","12027","2020","2020","Unintentional","1","Motor Vehicle Traffic","GRINJ-008",16,38520,41.5,23.7,67.5
,"Duval County, FL","12031","2020","2020","Unintentional","1","Drowning","GRINJ-002",17,966728,1.8,1.0,2.8
,"Duval County, FL","12031","2020","2020","Unintentional","1","Fall","GRINJ-003",126,966728,13.0,10.8,15.3
,"Duval County, FL","12031","2020","2020","Unintentional","1","Fire/Flame","GRINJ-004",13,966728,1.3,0.7,2.3
,"Duval County, FL","12031","2020","2020","Unintentional","1","Motor Vehicle Traffic","GRINJ-008",198,966728,20.5,17.6,23.3
,"Duval County, FL","12031","2020","2020","Unintentional","1","Poisoning","GRINJ-015",512,966728,53.0,48.4,57.5
,"Duval County, FL","12031","2020","2020","Unintentional","1","Suffocation","GRINJ-017",26,966728,2.7,1.8,3.9
,"Duval County, FL","12031","2020","2020","Unintentional","1","Unspecified Injury","GRINJ-020",10,966728,1.0,0.5,1.9
,"Duval County, FL","12031","2020","2020","Suicide","2","Firearm","GRINJ-006",97,966728,10.0,8.1,12.2
,"Duval County, FL","12031","2020","2020","Suicide","2","Poisoning","GRINJ-015",19,966728,2.0,1.2,3.1
,"Duval County, FL","12031","2020","2020","Suicide","2","Suffocation","GRINJ-017",31,966728,3.2,2.2,4.6
,"Duval County, FL","12031","2020","2020","Homicide","3","Cut/Pierce","GRINJ-001",11,966728,1.1,0.6,2.0
,"Duval County, FL","12031","2020","2020","Homicide","3","Firearm","GRINJ-006",143,966728,14.8,12.4,17.2
,"Escambia County, FL","12033","2020","2020","Unintentional","1","Drowning","GRINJ-002",15,322364,4.7,2.6,7.7
,"Escambia County, FL","12033","2020","2020","Unintentional","1","Fall","GRINJ-003",40,322364,12.4,8.9,16.9
,"Escambia County, FL","12033","2020","2020","Unintentional","1","Motor Vehicle Traffic","GRINJ-008",64,322364,19.9,15.3,25.4
,"Escambia County, FL","12033","2020","2020","Unintentional","1","Poisoning","GRINJ-015",140,322364,43.4,36.2,50.6
,"Escambia County, FL","12033","2020","2020","Unintentional","1","Suffocation","GRINJ-017",11,322364,3.4,1.7,6.1
,"Escambia County, FL","12033","2020","2020","Suicide","2","Firearm","GRINJ-006",33,322364,10.2,7.0,14.4
,"Escambia County, FL","12033","2020","2020","Suicide","2","Suffocation","GRINJ-017",18,322364,5.6,3.3,8.8
,"Escambia County, FL","12033","2020","2020","Homicide","3","Firearm","GRINJ-006",33,322364,10.2,7.0,14.4
,"Flagler County, FL","12035","2020","2020","Unintentional","1","Fall","GRINJ-003",23,118451,19.4,12.3,29.1
,"Flagler County, FL","12035","2020","2020","Unintentional","1","Motor Vehicle Traffic","GRINJ-008",18,118451,15.2,9.0,24.0
,"Flagler County, FL","12035","2020","2020","Unintentional","1","Poisoning","GRINJ-015",45,118451,38.0,27.7,50.8
,"Flagler County, FL","12035","2020","2020","Suicide","2","Firearm","GRINJ-006",15,118451,12.7,7.1,20.9
,"Gadsden County, FL","12039","2020","2020","Unintentional","1","Motor Vehicle Traffic","GRINJ-008",11,45277,24.3,12.1,43.5
,"Hardee County, FL","12049","2020","2020","Unintentional","1","Poisoning","GRINJ-015",10,26822,37.3,17.9,68.6
,"Hendry County, FL","12051","2020","2020","Unintentional","1","Motor Vehicle Traffic","GRINJ-008",14,42813,32.7,17.9,54.9
,"Hernando County, FL","12053","2020","2020","Unintentional","1","Fall","GRINJ-003",90,198792,45.3,36.4,55.6
,"Hernando County, FL","12053","2020","2020","Unintentional","1","Motor Vehicle Traffic","GRINJ-008",59,198792,29.7,22.6,38.3
,"Hernando County, FL","12053","2020","2020","Unintentional","1","Poisoning","GRINJ-015",70,198792,35.2,27.5,44.5
,"Hernando County, FL","12053","2020","2020","Suicide","2","Firearm","GRINJ-006",25,198792,12.6,8.1,18.6
,"Hernando County, FL","12053","2020","2020","Suicide","2","Suffocation","GRINJ-017",11,198792,5.5,2.8,9.9
,"Highlands County, FL","12055","2020","2020","Unintentional","1","Fall","GRINJ-003",22,106639,20.6,12.9,31.2
,"Highlands County, FL","12055","2020","2020","Unintentional","1","Motor Vehicle Traffic","GRINJ-008",31,106639,29.1,19.8,41.3
,"Highlands County, FL","12055","2020","2020","Unintentional","1","Poisoning","GRINJ-015",40,106639,37.5,26.8,51.1
,"Highlands County, FL","12055","2020","2020","Suicide","2","Firearm","GRINJ-006",10,106639,9.4,4.5,17.2
,"Hillsborough County, FL","12057","2020","2020","Unintentional","1","Drowning","GRINJ-002",24,1497957,1.6,1.0,2.4
,"Hillsborough County, FL","12057","2020","2020","Unintentional","1","Fall","GRINJ-003",165,1497957,11.0,9.3,12.7
,"Hillsborough County, FL","12057","2020","2020","Unintentional","1","Motor Vehicle Traffic","GRINJ-008",199,1497957,13.3,11.4,15.1
,"Hillsborough County, FL","12057","2020","2020","Unintentional","1","Poisoning","GRINJ-015",476,1497957,31.8,28.9,34.6
,"Hillsborough County, FL","12057","2020","2020","Unintentional","1","Suffocation","GRINJ-017",30,1497957,2.0,1.4,2.9
,"Hillsborough County, FL","12057","2020","2020","Unintentional","1","Other specified, not elsewhere classified Injury","GRINJ-019",10,1497957,0.7,0.3,1.2
,"Hillsborough County, FL","12057","2020","2020","Unintentional","1","Unspecified Injury","GRINJ-020",12,1497957,0.8,0.4,1.4
,"Hillsborough County, FL","12057","2020","2020","Suicide","2","Firearm","GRINJ-006",112,1497957,7.5,6.1,8.9
,"Hillsborough County, FL","12057","2020","2020","Suicide","2","Poisoning","GRINJ-015",19,1497957,1.3,0.8,2.0
,"Hillsborough County, FL","12057","2020","2020","Suicide","2","Suffocation","GRINJ-017",43,1497957,2.9,2.1,3.9
,"Hillsborough County, FL","12057","2020","2020","Homicide","3","Firearm","GRINJ-006",77,1497957,5.1,4.1,6.4
,"Hillsborough County, FL","12057","2020","2020","Undetermined ","4","Poisoning","GRINJ-015",10,1497957,0.7,0.3,1.2
,"Indian River County, FL","12061","2020","2020","Unintentional","1","Fall","GRINJ-003",54,162518,33.2,25.0,43.4
,"Indian River County, FL","12061","2020","2020","Unintentional","1","Motor Vehicle Traffic","GRINJ-008",24,162518,14.8,9.5,22.0
,"Indian River County, FL","12061","2020","2020","Unintentional","1","Poisoning","GRINJ-015",38,162518,23.4,16.5,32.1
,"Indian River County, FL","12061","2020","2020","Suicide","2","Firearm","GRINJ-006",15,162518,9.2,5.2,15.2
,"Jackson County, FL","12063","2020","2020","Unintentional","1","Motor Vehicle Traffic","GRINJ-008",21,46085,45.6,28.2,69.7
,"Jackson County, FL","12063","2020","2020","Unintentional","1","Poisoning","GRINJ-015",10,46085,21.7,10.4,39.9
,"Lake County, FL","12069","2020","2020","Unintentional","1","Fall","GRINJ-003",184,375492,49.0,41.9,56.1
,"Lake County, FL","12069","2020","2020","Unintentional","1","Motor Vehicle Traffic","GRINJ-008",79,375492,21.0,16.7,26.2
,"Lake County, FL","12069","2020","2020","Unintentional","1","Poisoning","GRINJ-015",100,375492,26.6,21.4,31.9
,"Lake County, FL","12069","2020","2020","Suicide","2","Firearm","GRINJ-006",48,375492,12.8,9.4,16.9
,"Lake County, FL","12069","2020","2020","Suicide","2","Poisoning","GRINJ-015",11,375492,2.9,1.5,5.2
,"Lake County, FL","12069","2020","2020","Suicide","2","Suffocation","GRINJ-017",10,375492,2.7,1.3,4.9
,"Lake County, FL","12069","2020","2020","Homicide","3","Firearm","GRINJ-006",20,375492,5.3,3.3,8.2
,"Lee County, FL","12071","2020","2020","Unintentional","1","Drowning","GRINJ-002",21,790767,2.7,1.6,4.1
,"Lee County, FL","12071","2020","2020","Unintentional","1","Fall","GRINJ-003",177,790767,22.4,19.1,25.7
,"Lee County, FL","12071","2020","2020","Unintentional","1","Motor Vehicle Traffic","GRINJ-008",110,790767,13.9,11.3,16.5
,"Lee County, FL","12071","2020","2020","Unintentional","1","Poisoning","GRINJ-015",302,790767,38.2,33.9,42.5
,"Lee County, FL","12071","2020","2020","Unintentional","1","Suffocation","GRINJ-017",12,790767,1.5,0.8,2.7
,"Lee County, FL","12071","2020","2020","Suicide","2","Firearm","GRINJ-006",72,790767,9.1,7.1,11.5
,"Lee County, FL","12071","2020","2020","Suicide","2","Poisoning","GRINJ-015",25,790767,3.2,2.0,4.7
,"Lee County, FL","12071","2020","2020","Suicide","2","Suffocation","GRINJ-017",25,790767,3.2,2.0,4.7
,"Lee County, FL","12071","2020","2020","Homicide","3","Firearm","GRINJ-006",30,790767,3.8,2.6,5.4
,"Leon County, FL","12073","2020","2020","Unintentional","1","Fall","GRINJ-003",37,295460,12.5,8.8,17.3
,"Leon County, FL","12073","2020","2020","Unintentional","1","Motor Vehicle Traffic","GRINJ-008",36,295460,12.2,8.5,16.9
,"Leon County, FL","12073","2020","2020","Unintentional","1","Poisoning","GRINJ-015",43,295460,14.6,10.5,19.6
,"Leon County, FL","12073","2020","2020","Unintentional","1","Suffocation","GRINJ-017",12,295460,4.1,2.1,7.1
,"Leon County, FL","12073","2020","2020","Suicide","2","Firearm","GRINJ-006",29,295460,9.8,6.6,14.1
,"Leon County, FL","12073","2020","2020","Homicide","3","Firearm","GRINJ-006",15,295460,5.1,2.8,8.4
,"Levy County, FL","12075","2020","2020","Unintentional","1","Motor Vehicle Traffic","GRINJ-008",19,42214,45.0,27.1,70.3
,"Levy County, FL","12075","2020","2020","Unintentional","1","Poisoning","GRINJ-015",12,42214,28.4,14.7,49.7
,"Manatee County, FL","12081","2020","2020","Unintentional","1","Fall","GRINJ-003",73,411219,17.8,13.9,22.3
,"Manatee County, FL","12081","2020","2020","Unintentional","1","Motor Vehicle Traffic","GRINJ-008",63,411219,15.3,11.8,19.6
,"Manatee County, FL","12081","2020","2020","Unintentional","1","Poisoning","GRINJ-015",134,411219,32.6,27.1,38.1
,"Manatee County, FL","12081","2020","2020","Suicide","2","Firearm","GRINJ-006",38,411219,9.2,6.5,12.7
,"Manatee County, FL","12081","2020","2020","Suicide","2","Poisoning","GRINJ-015",11,411219,2.7,1.3,4.8
,"Manatee County, FL","12081","2020","2020","Suicide","2","Suffocation","GRINJ-017",12,411219,2.9,1.5,5.1
,"Manatee County, FL","12081","2020","2020","Homicide","3","Firearm","GRINJ-006",17,411219,4.1,2.4,6.6
,"Marion County, FL","12083","2020","2020","Unintentional","1","Drowning","GRINJ-002",12,373513,3.2,1.7,5.6
,"Marion County, FL","12083","2020","2020","Unintentional","1","Fall","GRINJ-003",196,373513,52.5,45.1,59.8
,"Marion County, FL","12083","2020","2020","Unintentional","1","Motor Vehicle Traffic","GRINJ-008",95,373513,25.4,20.6,31.1
,"Marion County, FL","12083","2020","2020","Unintentional","1","Poisoning","GRINJ-015",179,373513,47.9,40.9,54.9
,"Marion County, FL","12083","2020","2020","Suicide","2","Firearm","GRINJ-006",49,373513,13.1,9.7,17.3
,"Marion County, FL","12083","2020","2020","Suicide","2","Poisoning","GRINJ-015",13,373513,3.5,1.9,6.0
,"Marion County, FL","12083","2020","2020","Suicide","2","Suffocation","GRINJ-017",21,373513,5.6,3.5,8.6
,"Marion County, FL","12083","2020","2020","Homicide","3","Firearm","GRINJ-006",23,373513,6.2,3.9,9.2
,"Martin County, FL","12085","2020","2020","Unintentional","1","Fall","GRINJ-003",31,162088,19.1,13.0,27.1
,"Martin County, FL","12085","2020","2020","Unintentional","1","Motor Vehicle Traffic","GRINJ-008",14,162088,8.6,4.7,14.5
,"Martin County, FL","12085","2020","2020","Unintentional","1","Poisoning","GRINJ-015",51,162088,31.5,23.4,41.4
,"Martin County, FL","12085","2020","2020","Suicide","2","Firearm","GRINJ-006",12,162088,7.4,3.8,12.9
,"Miami-Dade County, FL","12086","2020","2020","Unintentional","1","Drowning","GRINJ-002",43,2707303,1.6,1.1,2.1
,"Miami-Dade County, FL","12086","2020","2020","Unintentional","1","Fall","GRINJ-003",165,2707303,6.1,5.2,7.0
,"Miami-Dade County, FL","12086","2020","2020","Unintentional","1","Motor Vehicle Traffic","GRINJ-008",356,2707303,13.1,11.8,14.5
,"Miami-Dade County, FL","12086","2020","2020","Unintentional","1","Poisoning","GRINJ-015",368,2707303,13.6,12.2,15.0
,"Miami-Dade County, FL","12086","2020","2020","Unintentional","1","Suffocation","GRINJ-017",38,2707303,1.4,1.0,1.9
,"Miami-Dade County, FL","12086","2020","2020","Unintentional","1","Other specified, classifiable Injury","GRINJ-018",10,2707303,0.4,0.2,0.7
,"Miami-Dade County, FL","12086","2020","2020","Unintentional","1","Unspecified Injury","GRINJ-020",41,2707303,1.5,1.1,2.1
,"Miami-Dade County, FL","12086","2020","2020","Suicide","2","Fall","GRINJ-003",19,2707303,0.7,0.4,1.1
,"Miami-Dade County, FL","12086","2020","2020","Suicide","2","Firearm","GRINJ-006",104,2707303,3.8,3.1,4.6
,"Miami-Dade County, FL","12086","2020","2020","Suicide","2","Poisoning","GRINJ-015",25,2707303,0.9,0.6,1.4
,"Miami-Dade County, FL","12086","2020","2020","Suicide","2","Suffocation","GRINJ-017",55,2707303,2.0,1.5,2.6
,"Miami-Dade County, FL","12086","2020","2020","Homicide","3","Cut/Pierce","GRINJ-001",17,2707303,0.6,0.4,1.0
,"Miami-Dade County, FL","12086","2020","2020","Homicide","3","Firearm","GRINJ-006",208,2707303,7.7,6.6,8.7
,"Miami-Dade County, FL","12086","2020","2020","Homicide","3","Unspecified Injury","GRINJ-020",12,2707303,0.4,0.2,0.8
,"Monroe County, FL","12087","2020","2020","Unintentional","1","Poisoning","GRINJ-015",23,73900,31.1,19.7,46.7
,"Monroe County, FL","12087","2020","2020","Suicide","2","Firearm","GRINJ-006",11,73900,14.9,7.4,26.6
,"Nassau County, FL","12089","2020","2020","Unintentional","1","Fall","GRINJ-003",12,91113,13.2,6.8,23.0
,"Nassau County, FL","12089","2020","2020","Unintentional","1","Motor Vehicle Traffic","GRINJ-008",17,91113,18.7,10.9,29.9
,"Nassau County, FL","12089","2020","2020","Unintentional","1","Poisoning","GRINJ-015",40,91113,43.9,31.4,59.8
,"Nassau County, FL","12089","2020","2020","Suicide","2","Firearm","GRINJ-006",10,91113,11.0,5.3,20.2
,"Okaloosa County, FL","12091","2020","2020","Unintentional","1","Fall","GRINJ-003",20,212820,9.4,5.7,14.5
,"Okaloosa County, FL","12091","2020","2020","Unintentional","1","Motor Vehicle Traffic","GRINJ-008",35,212820,16.4,11.5,22.9
,"Okaloosa County, FL","12091","2020","2020","Unintentional","1","Poisoning","GRINJ-015",67,212820,31.5,24.4,40.0
,"Okaloosa County, FL","12091","2020","2020","Suicide","2","Firearm","GRINJ-006",25,212820,11.7,7.6,17.3
,"Okaloosa County, FL","12091","2020","2020","Homicide","3","Firearm","GRINJ-006",11,212820,5.2,2.6,9.2
,"Okeechobee County, FL","12093","2020","2020","Unintentional","1","Motor Vehicle Traffic","GRINJ-008",20,42297,47.3,28.9,73.0
,"Okeechobee County, FL","12093","2020","2020","Unintentional","1","Poisoning","GRINJ-015",12,42297,28.4,14.7,49.6
,"Orange County, FL","12095","2020","2020","Unintentional","1","Drowning","GRINJ-002",24,1404396,1.7,1.1,2.5
,"Orange County, FL","12095","2020","2020","Unintentional","1","Fall","GRINJ-003",171,1404396,12.2,10.4,14.0
,"Orange County, FL","12095","2020","2020","Unintentional","1","Motor Vehicle Traffic","GRINJ-008",168,1404396,12.0,10.2,13.8
,"Orange County, FL","12095","2020","2020","Unintentional","1","Poisoning","GRINJ-015",346,1404396,24.6,22.0,27.2
,"Orange County, FL","12095","2020","2020","Unintentional","1","Suffocation","GRINJ-017",14,1404396,1.0,0.5,1.7
,"Orange County, FL","12095","2020","2020","Unintentional","1","Other specified, classifiable Injury","GRINJ-018",10,1404396,0.7,0.3,1.3
,"Orange County, FL","12095","2020","2020","Unintentional","1","Unspecified Injury","GRINJ-020",11,1404396,0.8,0.4,1.4
,"Orange County, FL","12095","2020","2020","Suicide","2","Firearm","GRINJ-006",68,1404396,4.8,3.8,6.1
,"Orange County, FL","12095","2020","2020","Suicide","2","Poisoning","GRINJ-015",19,1404396,1.4,0.8,2.1
,"Orange County, FL","12095","2020","2020","Suicide","2","Suffocation","GRINJ-017",33,1404396,2.3,1.6,3.3
,"Orange County, FL","12095","2020","2020","Homicide","3","Firearm","GRINJ-006",90,1404396,6.4,5.2,7.9
,"Osceola County, FL","12097","2020","2020","Unintentional","1","Fall","GRINJ-003",52,385315,13.5,10.1,17.7
,"Osceola County, FL","12097","2020","2020","Unintentional","1","Motor Vehicle Traffic","GRINJ-008",38,385315,9.9,7.0,13.5
,"Osceola County, FL","12097","2020","2020","Unintentional","1","Poisoning","GRINJ-015",89,385315,23.1,18.5,28.4
,"Osceola County, FL","12097","2020","2020","Suicide","2","Firearm","GRINJ-006",18,385315,4.7,2.8,7.4
,"Osceola County, FL","12097","2020","2020","Suicide","2","Suffocation","GRINJ-017",12,385315,3.1,1.6,5.4
,"Osceola County, FL","12097","2020","2020","Homicide","3","Firearm","GRINJ-006",13,385315,3.4,1.8,5.8
,"Palm Beach County, FL","12099","2020","2020","Unintentional","1","Drowning","GRINJ-002",36,1507600,2.4,1.7,3.3
,"Palm Beach County, FL","12099","2020","2020","Unintentional","1","Fall","GRINJ-003",273,1507600,18.1,16.0,20.3
,"Palm Beach County, FL","12099","2020","2020","Unintentional","1","Motor Vehicle Traffic","GRINJ-008",213,1507600,14.1,12.2,16.0
,"Palm Beach County, FL","12099","2020","2020","Unintentional","1","Poisoning","GRINJ-015",559,1507600,37.1,34.0,40.2
,"Palm Beach County, FL","12099","2020","2020","Unintentional","1","Suffocation","GRINJ-017",20,1507600,1.3,0.8,2.0
,"Palm Beach County, FL","12099","2020","2020","Unintentional","1","Other specified, classifiable Injury","GRINJ-018",13,1507600,0.9,0.5,1.5
,"Palm Beach County, FL","12099","2020","2020","Unintentional","1","Unspecified Injury","GRINJ-020",18,1507600,1.2,0.7,1.9
,"Palm Beach County, FL","12099","2020","2020","Suicide","2","Firearm","GRINJ-006",93,1507600,6.2,5.0,7.6
,"Palm Beach County, FL","12099","2020","2020","Suicide","2","Poisoning","GRINJ-015",22,1507600,1.5,0.9,2.2
,"Palm Beach County, FL","12099","2020","2020","Suicide","2","Suffocation","GRINJ-017",37,1507600,2.5,1.7,3.4
,"Palm Beach County, FL","12099","2020","2020","Homicide","3","Firearm","GRINJ-006",81,1507600,5.4,4.3,6.7
,"Pasco County, FL","12101","2020","2020","Unintentional","1","Drowning","GRINJ-002",14,570412,2.5,1.3,4.1
,"Pasco County, FL","12101","2020","2020","Unintentional","1","Fall","GRINJ-003",162,570412,28.4,24.0,32.8
,"Pasco County, FL","12101","2020","2020","Unintentional","1","Motor Vehicle Traffic","GRINJ-008",103,570412,18.1,14.6,21.5
,"Pasco County, FL","12101","2020","2020","Unintentional","1","Poisoning","GRINJ-015",286,570412,50.1,44.3,56.0
,"Pasco County, FL","12101","2020","2020","Unintentional","1","Suffocation","GRINJ-017",10,570412,1.8,0.8,3.2
,"Pasco County, FL","12101","2020","2020","Suicide","2","Firearm","GRINJ-006",53,570412,9.3,7.0,12.2
,"Pasco County, FL","12101","2020","2020","Suicide","2","Poisoning","GRINJ-015",15,570412,2.6,1.5,4.3
,"Pasco County, FL","12101","2020","2020","Suicide","2","Suffocation","GRINJ-017",28,570412,4.9,3.3,7.1
,"Pasco County, FL","12101","2020","2020","Homicide","3","Firearm","GRINJ-006",17,570412,3.0,1.7,4.8
,"Pinellas County, FL","12103","2020","2020","Unintentional","1","Drowning","GRINJ-002",33,976802,3.4,2.3,4.7
,"Pinellas County, FL","12103","2020","2020","Unintentional","1","Fall","GRINJ-003",331,976802,33.9,30.2,37.5
,"Pinellas County, FL","12103","2020","2020","Unintentional","1","Motor Vehicle Traffic","GRINJ-008",130,976802,13.3,11.0,15.6
,"Pinellas County, FL","12103","2020","2020","Unintentional","1","Poisoning","GRINJ-015",486,976802,49.8,45.3,54.2
,"Pinellas County, FL","12103","2020","2020","Unintentional","1","Suffocation","GRINJ-017",33,976802,3.4,2.3,4.7
,"Pinellas County, FL","12103","2020","2020","Unintentional","1","Unspecified Injury","GRINJ-020",12,976802,1.2,0.6,2.1
,"Pinellas County, FL","12103","2020","2020","Suicide","2","Firearm","GRINJ-006",89,976802,9.1,7.3,11.2
,"Pinellas County, FL","12103","2020","2020","Suicide","2","Poisoning","GRINJ-015",29,976802,3.0,2.0,4.3
,"Pinellas County, FL","12103","2020","2020","Suicide","2","Suffocation","GRINJ-017",43,976802,4.4,3.2,5.9
,"Pinellas County, FL","12103","2020","2020","Homicide","3","Firearm","GRINJ-006",27,976802,2.8,1.8,4.0
,"Pinellas County, FL","12103","2020","2020","Undetermined ","4","Poisoning","GRINJ-015",10,976802,1.0,0.5,1.9
,"Polk County, FL","12105","2020","2020","Unintentional","1","Drowning","GRINJ-002",14,744552,1.9,1.0,3.2
,"Polk County, FL","12105","2020","2020","Unintentional","1","Fall","GRINJ-003",101,744552,13.6,10.9,16.2
,"Polk County, FL","12105","2020","2020","Unintentional","1","Motor Vehicle Traffic","GRINJ-008",152,744552,20.4,17.2,23.7
,"Polk County, FL","12105","2020","2020","Unintentional","1","Poisoning","GRINJ-015",203,744552,27.3,23.5,31.0
,"Polk County, FL","12105","2020","2020","Unintentional","1","Suffocation","GRINJ-017",26,744552,3.5,2.3,5.1
,"Polk County, FL","12105","2020","2020","Unintentional","1","Unspecified Injury","GRINJ-020",12,744552,1.6,0.8,2.8
,"Polk County, FL","12105","2020","2020","Suicide","2","Firearm","GRINJ-006",49,744552,6.6,4.9,8.7
,"Polk County, FL","12105","2020","2020","Suicide","2","Suffocation","GRINJ-017",32,744552,4.3,2.9,6.1
,"Polk County, FL","12105","2020","2020","Homicide","3","Firearm","GRINJ-006",30,744552,4.0,2.7,5.8
,"Putnam County, FL","12107","2020","2020","Unintentional","1","Motor Vehicle Traffic","GRINJ-008",35,74815,46.8,32.6,65.1
,"Putnam County, FL","12107","2020","2020","Unintentional","1","Poisoning","GRINJ-015",18,74815,24.1,14.3,38.0
,"Putnam County, FL","12107","2020","2020","Suicide","2","Firearm","GRINJ-006",14,74815,18.7,10.2,31.4
,"St. Johns County, FL","12109","2020","2020","Unintentional","1","Fall","GRINJ-003",53,278715,19.0,14.2,24.9
,"St. Johns County, FL","12109","2020","2020","Unintentional","1","Motor Vehicle Traffic","GRINJ-008",34,278715,12.2,8.4,17.0
,"St. Johns County, FL","12109","2020","2020","Unintentional","1","Poisoning","GRINJ-015",50,278715,17.9,13.3,23.7
,"St. Johns County, FL","12109","2020","2020","Suicide","2","Firearm","GRINJ-006",16,278715,5.7,3.3,9.3
,"St. Johns County, FL","12109","2020","2020","Suicide","2","Poisoning","GRINJ-015",12,278715,4.3,2.2,7.5
,"St. Johns County, FL","12109","2020","2020","Suicide","2","Suffocation","GRINJ-017",14,278715,5.0,2.7,8.4
,"St. Lucie County, FL","12111","2020","2020","Unintentional","1","Fall","GRINJ-003",36,337186,10.7,7.5,14.8
,"St. Lucie County, FL","12111","2020","2020","Unintentional","1","Motor Vehicle Traffic","GRINJ-008",45,337186,13.3,9.7,17.9
,"St. Lucie County, FL","12111","2020","2020","Unintentional","1","Poisoning","GRINJ-015",89,337186,26.4,21.2,32.5
,"St. Lucie County, FL","12111","2020","2020","Suicide","2","Firearm","GRINJ-006",26,337186,7.7,5.0,11.3
,"St. Lucie County, FL","12111","2020","2020","Homicide","3","Firearm","GRINJ-006",21,337186,6.2,3.9,9.5
,"Santa Rosa County, FL","12113","2020","2020","Unintentional","1","Fall","GRINJ-003",16,189139,8.5,4.8,13.7
,"Santa Rosa County, FL","12113","2020","2020","Unintentional","1","Motor Vehicle Traffic","GRINJ-008",22,189139,11.6,7.3,17.6
,"Santa Rosa County, FL","12113","2020","2020","Unintentional","1","Poisoning","GRINJ-015",57,189139,30.1,22.8,39.0
,"Santa Rosa County, FL","12113","2020","2020","Suicide","2","Firearm","GRINJ-006",31,189139,16.4,11.1,23.3
,"Santa Rosa County, FL","12113","2020","2020","Suicide","2","Suffocation","GRINJ-017",10,189139,5.3,2.5,9.7
,"Sarasota County, FL","12115","2020","2020","Unintentional","1","Drowning","GRINJ-002",17,443465,3.8,2.2,6.1
,"Sarasota County, FL","12115","2020","2020","Unintentional","1","Fall","GRINJ-003",123,443465,27.7,22.8,32.6
,"Sarasota County, FL","12115","2020","2020","Unintentional","1","Motor Vehicle Traffic","GRINJ-008",56,443465,12.6,9.5,16.4
,"Sarasota County, FL","12115","2020","2020","Unintentional","1","Poisoning","GRINJ-015",153,443465,34.5,29.0,40.0
,"Sarasota County, FL","12115","2020","2020","Unintentional","1","Suffocation","GRINJ-017",16,443465,3.6,2.1,5.9
,"Sarasota County, FL","12115","2020","2020","Unintentional","1","Unspecified Injury","GRINJ-020",10,443465,2.3,1.1,4.1
,"Sarasota County, FL","12115","2020","2020","Suicide","2","Firearm","GRINJ-006",37,443465,8.3,5.9,11.5
,"Sarasota County, FL","12115","2020","2020","Suicide","2","Poisoning","GRINJ-015",19,443465,4.3,2.6,6.7
,"Sarasota County, FL","12115","2020","2020","Suicide","2","Suffocation","GRINJ-017",16,443465,3.6,2.1,5.9
,"Seminole County, FL","12117","2020","2020","Unintentional","1","Drowning","GRINJ-002",10,474171,2.1,1.0,3.9
,"Seminole County, FL","12117","2020","2020","Unintentional","1","Fall","GRINJ-003",98,474171,20.7,16.8,25.2
,"Seminole County, FL","12117","2020","2020","Unintentional","1","Motor Vehicle Traffic","GRINJ-008",46,474171,9.7,7.1,12.9
,"Seminole County, FL","12117","2020","2020","Unintentional","1","Poisoning","GRINJ-015",134,474171,28.3,23.5,33.0
,"Seminole County, FL","12117","2020","2020","Suicide","2","Firearm","GRINJ-006",39,474171,8.2,5.8,11.2
,"Seminole County, FL","12117","2020","2020","Suicide","2","Suffocation","GRINJ-017",12,474171,2.5,1.3,4.4
,"Seminole County, FL","12117","2020","2020","Homicide","3","Firearm","GRINJ-006",12,474171,2.5,1.3,4.4
,"Sumter County, FL","12119","2020","2020","Unintentional","1","Fall","GRINJ-003",102,139018,73.4,59.1,87.6
,"Sumter County, FL","12119","2020","2020","Unintentional","1","Motor Vehicle Traffic","GRINJ-008",13,139018,9.4,5.0,16.0
,"Sumter County, FL","12119","2020","2020","Unintentional","1","Poisoning","GRINJ-015",26,139018,18.7,12.2,27.4
,"Sumter County, FL","12119","2020","2020","Suicide","2","Firearm","GRINJ-006",12,139018,8.6,4.5,15.1
,"Suwannee County, FL","12121","2020","2020","Unintentional","1","Fall","GRINJ-003",11,44851,24.5,12.2,43.9
,"Suwannee County, FL","12121","2020","2020","Unintentional","1","Motor Vehicle Traffic","GRINJ-008",13,44851,29.0,15.4,49.6
,"Volusia County, FL","12127","2020","2020","Unintentional","1","Fall","GRINJ-003",153,561497,27.2,22.9,31.6
,"Volusia County, FL","12127","2020","2020","Unintentional","1","Motor Vehicle Traffic","GRINJ-008",122,561497,21.7,17.9,25.6
,"Volusia County, FL","12127","2020","2020","Unintentional","1","Poisoning","GRINJ-015",324,561497,57.7,51.4,64.0
,"Volusia County, FL","12127","2020","2020","Unintentional","1","Suffocation","GRINJ-017",18,561497,3.2,1.9,5.1
,"Volusia County, FL","12127","2020","2020","Unintentional","1","Unspecified Injury","GRINJ-020",14,561497,2.5,1.4,4.2
,"Volusia County, FL","12127","2020","2020","Suicide","2","Firearm","GRINJ-006",68,561497,12.1,9.4,15.4
,"Volusia County, FL","12127","2020","2020","Suicide","2","Poisoning","GRINJ-015",20,561497,3.6,2.2,5.5
,"Volusia County, FL","12127","2020","2020","Suicide","2","Suffocation","GRINJ-017",23,561497,4.1,2.6,6.1
,"Volusia County, FL","12127","2020","2020","Homicide","3","Firearm","GRINJ-006",27,561497,4.8,3.2,7.0
,"Walton County, FL","12131","2020","2020","Unintentional","1","Motor Vehicle Traffic","GRINJ-008",20,76648,26.1,15.9,40.3
,"Walton County, FL","12131","2020","2020","Unintentional","1","Poisoning","GRINJ-015",21,76648,27.4,17.0,41.9
,"Baldwin County, GA","13009","2020","2020","Unintentional","1","Motor Vehicle Traffic","GRINJ-008",14,45099,31.0,17.0,52.1
,"Barrow County, GA","13013","2020","2020","Unintentional","1","Motor Vehicle Traffic","GRINJ-008",15,85588,17.5,9.8,28.9
,"Barrow County, GA","13013","2020","2020","Unintentional","1","Poisoning","GRINJ-015",14,85588,16.4,8.9,27.4
,"Bartow County, GA","13015","2020","2020","Unintentional","1","Motor Vehicle Traffic","GRINJ-008",21,109426,19.2,11.9,29.3
,"Bartow County, GA","13015","2020","2020","Unintentional","1","Poisoning","GRINJ-015",41,109426,37.5,26.9,50.8
,"Bibb County, GA","13021","2020","2020","Unintentional","1","Fall","GRINJ-003",16,152737,10.5,6.0,17.0
,"Bibb County, GA","13021","2020","2020","Unintentional","1","Motor Vehicle Traffic","GRINJ-008",29,152737,19.0,12.7,27.3
,"Bibb County, GA","13021","2020","2020","Unintentional","1","Poisoning","GRINJ-015",17,152737,11.1,6.5,17.8
,"Bibb County, GA","13021","2020","2020","Suicide","2","Firearm","GRINJ-006",15,152737,9.8,5.5,16.2
,"Bibb County, GA","13021","2020","2020","Homicide","3","Firearm","GRINJ-006",42,152737,27.5,19.8,37.2
,"Bulloch County, GA","13031","2020","2020","Unintentional","1","Motor Vehicle Traffic","GRINJ-008",17,80839,21.0,12.3,33.7
,"Camden County, GA","13039","2020","2020","Unintentional","1","Motor Vehicle Traffic","GRINJ-008",10,55388,18.1,8.7,33.2
,"Carroll County, GA","13045","2020","2020","Unintentional","1","Fall","GRINJ-003",13,121633,10.7,5.7,18.3
,"Carroll County, GA","13045","2020","2020","Unintentional","1","Motor Vehicle Traffic","GRINJ-008",29,121633,23.8,16.0,34.2
,"Carroll County, GA","13045","2020","2020","Unintentional","1","Poisoning","GRINJ-015",33,121633,27.1,18.7,38.1
,"Carroll County, GA","13045","2020","2020","Suicide","2","Suffocation","GRINJ-017",11,121633,9.0,4.5,16.2
,"Catoosa County, GA","13047","2020","2020","Unintentional","1","Fall","GRINJ-003",11,67996,16.2,8.1,28.9
,"Catoosa County, GA","13047","2020","2020","Unintentional","1","Poisoning","GRINJ-015",19,67996,27.9,16.8,43.6
,"Chatham County, GA","13051","2020","2020","Unintentional","1","Fall","GRINJ-003",30,289463,10.4,7.0,14.8
,"Chatham County, GA","13051","2020","2020","Unintentional","1","Motor Vehicle Traffic","GRINJ-008",36,289463,12.4,8.7,17.2
,"Chatham County, GA","13051","2020","2020","Unintentional","1","Poisoning","GRINJ-015",68,289463,23.5,18.2,29.8
,"Chatham County, GA","13051","2020","2020","Unintentional","1","Suffocation","GRINJ-017",13,289463,4.5,2.4,7.7
,"Chatham County, GA","13051","2020","2020","Suicide","2","Firearm","GRINJ-006",18,289463,6.2,3.7,9.8
,"Chatham County, GA","13051","2020","2020","Homicide","3","Firearm","GRINJ-006",33,289463,11.4,7.8,16.0
,"Chattooga County, GA","13055","2020","2020","Unintentional","1","Motor Vehicle Traffic","GRINJ-008",11,24843,44.3,22.1,79.2
,"Cherokee County, GA","13057","2020","2020","Unintentional","1","Fall","GRINJ-003",25,265274,9.4,6.1,13.9
,"Cherokee County, GA","13057","2020","2020","Unintentional","1","Motor Vehicle Traffic","GRINJ-008",27,265274,10.2,6.7,14.8
,"Cherokee County, GA","13057","2020","2020","Unintentional","1","Poisoning","GRINJ-015",51,265274,19.2,14.3,25.3
,"Cherokee County, GA","13057","2020","2020","Suicide","2","Firearm","GRINJ-006",20,265274,7.5,4.6,11.6
,"Clarke County, GA","13059","2020","2020","Unintentional","1","Poisoning","GRINJ-015",17,127795,13.3,7.7,21.3
,"Clayton County, GA","13063","2020","2020","Unintentional","1","Fall","GRINJ-003",13,292646,4.4,2.4,7.6
,"Clayton County, GA","13063","2020","2020","Unintentional","1","Motor Vehicle Traffic","GRINJ-008",55,292646,18.8,14.2,24.5
,"Clayton County, GA","13063","2020","2020","Unintentional","1","Poisoning","GRINJ-015",46,292646,15.7,11.5,21.0
,"Clayton County, GA","13063","2020","2020","Suicide","2","Firearm","GRINJ-006",22,292646,7.5,4.7,11.4
,"Clayton County, GA","13063","2020","2020","Homicide","3","Firearm","GRINJ-006",45,292646,15.4,11.2,20.6
,"Cobb County, GA","13067","2020","2020","Unintentional","1","Fall","GRINJ-003",78,762944,10.2,8.1,12.8
,"Cobb County, GA","13067","2020","2020","Unintentional","1","Motor Vehicle Traffic","GRINJ-008",82,762944,10.7,8.5,13.3
,"Cobb County, GA","13067","2020","2020","Unintentional","1","Poisoning","GRINJ-015",168,762944,22.0,18.7,25.3
,"Cobb County, GA","13067","2020","2020","Suicide","2","Firearm","GRINJ-006",63,762944,8.3,6.3,10.6
,"Cobb County, GA","13067","2020","2020","Suicide","2","Poisoning","GRINJ-015",12,762944,1.6,0.8,2.7
,"Cobb County, GA","13067","2020","2020","Suicide","2","Suffocation","GRINJ-017",33,762944,4.3,3.0,6.1
,"Cobb County, GA","13067","2020","2020","Homicide","3","Firearm","GRINJ-006",33,762944,4.3,3.0,6.1
,"Coffee County, GA","13069","2020","2020","Unintentional","1","Motor Vehicle Traffic","GRINJ-008",17,43218,39.3,22.9,63.0
,"Colquitt County, GA","13071","2020","2020","Unintentional","1","Motor Vehicle Traffic","GRINJ-008",13,45542,28.5,15.2,48.8
,"Columbia County, GA","13073","2020","2020","Unintentional","1","Motor Vehicle Traffic","GRINJ-008",15,160377,9.4,5.2,15.4
,"Columbia County, GA","13073","2020","2020","Unintentional","1","Poisoning","GRINJ-015",26,160377,16.2,10.6,23.8
,"Columbia County, GA","13073","2020","2020","Suicide","2","Firearm","GRINJ-006",19,160377,11.8,7.1,18.5
,"Coweta County, GA","13077","2020","2020","Unintentional","1","Fall","GRINJ-003",16,150849,10.6,6.1,17.2
,"Coweta County, GA","13077","2020","2020","Unintentional","1","Motor Vehicle Traffic","GRINJ-008",22,150849,14.6,9.1,22.1
,"Coweta County, GA","13077","2020","2020","Unintentional","1","Poisoning","GRINJ-015",20,150849,13.3,8.1,20.5
,"Coweta County, GA","13077","2020","2020","Suicide","2","Firearm","GRINJ-006",15,150849,9.9,5.6,16.4
,"Coweta County, GA","13077","2020","2020","Homicide","3","Firearm","GRINJ-006",10,150849,6.6,3.2,12.2
,"DeKalb County, GA","13089","2020","2020","Unintentional","1","Fall","GRINJ-003",58,762009,7.6,5.8,9.8
,"DeKalb County, GA","13089","2020","2020","Unintentional","1","Motor Vehicle Traffic","GRINJ-008",99,762009,13.0,10.6,15.8
,"DeKalb County, GA","13089","2020","2020","Unintentional","1","Poisoning","GRINJ-015",105,762009,13.8,11.1,16.4
,"DeKalb County, GA","13089","2020","2020","Unintentional","1","Suffocation","GRINJ-017",11,762009,1.4,0.7,2.6
,"DeKalb County, GA","13089","2020","2020","Suicide","2","Firearm","GRINJ-006",33,762009,4.3,3.0,6.1
,"DeKalb County, GA","13089","2020","2020","Suicide","2","Suffocation","GRINJ-017",22,762009,2.9,1.8,4.4
,"DeKalb County, GA","13089","2020","2020","Homicide","3","Firearm","GRINJ-006",107,762009,14.0,11.4,16.7
,"Dougherty County, GA","13095","2020","2020","Unintentional","1","Motor Vehicle Traffic","GRINJ-008",21,86477,24.3,15.0,37.1
,"Dougherty County, GA","13095","2020","2020","Unintentional","1","Poisoning","GRINJ-015",13,86477,15.0,8.0,25.7
,"Dougherty County, GA","13095","2020","2020","Homicide","3","Firearm","GRINJ-006",21,86477,24.3,15.0,37.1
,"Douglas County, GA","13097","2020","2020","Unintentional","1","Motor Vehicle Traffic","GRINJ-008",18,147988,12.2,7.2,19.2
,"Douglas County, GA","13097","2020","2020","Unintentional","1","Poisoning","GRINJ-015",33,147988,22.3,15.3,31.3
,"Douglas County, GA","13097","2020","2020","Suicide","2","Firearm","GRINJ-006",11,147988,7.4,3.7,13.3
,"Effingham County, GA","13103","2020","2020","Unintentional","1","Poisoning","GRINJ-015",11,65765,16.7,8.3,29.9
,"Fannin County, GA","13111","2020","2020","Unintentional","1","Fall","GRINJ-003",10,26521,37.7,18.1,69.3
,"Fannin County, GA","13111","2020","2020","Unintentional","1","Poisoning","GRINJ-015",10,26521,37.7,18.1,69.3
,"Fayette County, GA","13113","2020","2020","Unintentional","1","Fall","GRINJ-003",11,115821,9.5,4.7,17.0
,"Fayette County, GA","13113","2020","2020","Unintentional","1","Motor Vehicle Traffic","GRINJ-008",18,115821,15.5,9.2,24.6
,"Fayette County, GA","13113","2020","2020","Unintentional","1","Poisoning","GRINJ-015",10,115821,8.6,4.1,15.9
,"Floyd County, GA","13115","2020","2020","Unintentional","1","Fall","GRINJ-003",10,98604,10.1,4.9,18.7
,"Floyd County, GA","13115","2020","2020","Unintentional","1","Motor Vehicle Traffic","GRINJ-008",12,98604,12.2,6.3,21.3
,"Floyd County, GA","13115","2020","2020","Unintentional","1","Poisoning","GRINJ-015",21,98604,21.3,13.2,32.6
,"Forsyth County, GA","13117","2020","2020","Unintentional","1","Fall","GRINJ-003",20,250847,8.0,4.9,12.3
,"Forsyth County, GA","13117","2020","2020","Unintentional","1","Motor Vehicle Traffic","GRINJ-008",17,250847,6.8,3.9,10.9
,"Forsyth County, GA","13117","2020","2020","Unintentional","1","Poisoning","GRINJ-015",26,250847,10.4,6.8,15.2
,"Forsyth County, GA","13117","2020","2020","Suicide","2","Firearm","GRINJ-006",13,250847,5.2,2.8,8.9
,"Fulton County, GA","13121","2020","2020","Unintentional","1","Drowning","GRINJ-002",11,1077402,1.0,0.5,1.8
,"Fulton County, GA","13121","2020","2020","Unintentional","1","Fall","GRINJ-003",59,1077402,5.5,4.2,7.1
,"Fulton County, GA","13121","2020","2020","Unintentional","1","Motor Vehicle Traffic","GRINJ-008",136,1077402,12.6,10.5,14.7
,"Fulton County, GA","13121","2020","2020","Unintentional","1","Poisoning","GRINJ-015",207,1077402,19.2,16.6,21.8
,"Fulton County, GA","13121","2020","2020","Unintentional","1","Suffocation","GRINJ-017",23,1077402,2.1,1.4,3.2
,"Fulton County, GA","13121","2020","2020","Unintentional","1","Unspecified Injury","GRINJ-020",18,1077402,1.7,1.0,2.6
,"Fulton County, GA","13121","2020","2020","Suicide","2","Firearm","GRINJ-006",58,1077402,5.4,4.1,7.0
,"Fulton County, GA","13121","2020","2020","Suicide","2","Poisoning","GRINJ-015",15,1077402,1.4,0.8,2.3
,"Fulton County, GA","13121","2020","2020","Suicide","2","Suffocation","GRINJ-017",20,1077402,1.9,1.1,2.9
,"Fulton County, GA","13121","2020","2020","Homicide","3","Cut/Pierce","GRINJ-001",10,1077402,0.9,0.4,1.7
,"Fulton County, GA","13121","2020","2020","Homicide","3","Firearm","GRINJ-006",168,1077402,15.6,13.2,18.0
,"Gilmer County, GA","13123","2020","2020","Unintentional","1","Poisoning","GRINJ-015",14,31978,43.8,23.9,73.5
,"Gilmer County, GA","13123","2020","2020","Suicide","2","Firearm","GRINJ-006",11,31978,34.4,17.2,61.5
,"Glynn County, GA","13127","2020","2020","Unintentional","1","Motor Vehicle Traffic","GRINJ-008",13,85568,15.2,8.1,26.0
,"Glynn County, GA","13127","2020","2020","Unintentional","1","Poisoning","GRINJ-015",21,85568,24.5,15.2,37.5
,"Gwinnett County, GA","13135","2020","2020","Unintentional","1","Fall","GRINJ-003",45,942627,4.8,3.5,6.4
,"Gwinnett County, GA","13135","2020","2020","Unintentional","1","Motor Vehicle Traffic","GRINJ-008",81,942627,8.6,6.8,10.7
,"Gwinnett County, GA","13135","2020","2020","Unintentional","1","Poisoning","GRINJ-015",120,942627,12.7,10.5,15.0
,"Gwinnett County, GA","13135","2020","2020","Unintentional","1","Suffocation","GRINJ-017",10,942627,1.1,0.5,2.0
,"Gwinnett County, GA","13135","2020","2020","Suicide","2","Firearm","GRINJ-006",58,942627,6.2,4.7,8.0
,"Gwinnett County, GA","13135","2020","2020","Suicide","2","Suffocation","GRINJ-017",14,942627,1.5,0.8,2.5
,"Gwinnett County, GA","13135","2020","2020","Homicide","3","Firearm","GRINJ-006",53,942627,5.6,4.2,7.4
,"Habersham County, GA","13137","2020","2020","Unintentional","1","Poisoning","GRINJ-015",12,46047,26.1,13.5,45.5
,"Hall County, GA","13139","2020","2020","Unintentional","1","Fall","GRINJ-003",16,206591,7.7,4.4,12.6
,"Hall County, GA","13139","2020","2020","Unintentional","1","Motor Vehicle Traffic","GRINJ-008",25,206591,12.1,7.8,17.9
,"Hall County, GA","13139","2020","2020","Unintentional","1","Poisoning","GRINJ-015",29,206591,14.0,9.4,20.2
,"Hall County, GA","13139","2020","2020","Suicide","2","Firearm","GRINJ-006",16,206591,7.7,4.4,12.6
,"Haralson County, GA","13143","2020","2020","Unintentional","1","Poisoning","GRINJ-015",15,30383,49.4,27.6,81.4
,"Harris County, GA","13145","2020","2020","Unintentional","1","Motor Vehicle Traffic","GRINJ-008",13,36080,36.0,19.2,61.6
,"Henry County, GA","13151","2020","2020","Unintentional","1","Fall","GRINJ-003",21,239139,8.8,5.4,13.4
,"Henry County, GA","13151","2020","2020","Unintentional","1","Motor Vehicle Traffic","GRINJ-008",39,239139,16.3,11.6,22.3
,"Henry County, GA","13151","2020","2020","Unintentional","1","Poisoning","GRINJ-015",42,239139,17.6,12.7,23.7
,"Henry County, GA","13151","2020","2020","Suicide","2","Firearm","GRINJ-006",27,239139,11.3,7.4,16.4
,"Henry County, GA","13151","2020","2020","Suicide","2","Suffocation","GRINJ-017",10,239139,4.2,2.0,7.7
,"Henry County, GA","13151","2020","2020","Homicide","3","Firearm","GRINJ-006",26,239139,10.9,7.1,15.9
,"Houston County, GA","13153","2020","2020","Unintentional","1","Fall","GRINJ-003",11,160110,6.9,3.4,12.3
,"Houston County, GA","13153","2020","2020","Unintentional","1","Motor Vehicle Traffic","GRINJ-008",23,160110,14.4,9.1,21.6
,"Houston County, GA","13153","2020","2020","Unintentional","1","Poisoning","GRINJ-015",18,160110,11.2,6.7,17.8
,"Houston County, GA","13153","2020","2020","Suicide","2","Firearm","GRINJ-006",20,160110,12.5,7.6,19.3
,"Jackson County, GA","13157","2020","2020","Unintentional","1","Motor Vehicle Traffic","GRINJ-008",14,76199,18.4,10.0,30.8
,"Jackson County, GA","13157","2020","2020","Unintentional","1","Poisoning","GRINJ-015",14,76199,18.4,10.0,30.8
,"Laurens County, GA","13175","2020","2020","Unintentional","1","Motor Vehicle Traffic","GRINJ-008",15,47512,31.6,17.7,52.1
,"Laurens County, GA","13175","2020","2020","Homicide","3","Firearm","GRINJ-006",16,47512,33.7,19.2,54.7
,"Liberty County, GA","13179","2020","2020","Unintentional","1","Motor Vehicle Traffic","GRINJ-008",15,63004,23.8,13.3,39.3
,"Lowndes County, GA","13185","2020","2020","Unintentional","1","Motor Vehicle Traffic","GRINJ-008",14,118268,11.8,6.5,19.9
,"Lowndes County, GA","13185","2020","2020","Homicide","3","Firearm","GRINJ-006",11,118268,9.3,4.6,16.6
,"Lumpkin County, GA","13187","2020","2020","Suicide","2","Firearm","GRINJ-006",12,34186,35.1,18.1,61.3
,"Mitchell County, GA","13205","2020","2020","Unintentional","1","Motor Vehicle Traffic","GRINJ-008",10,21602,46.3,22.2,85.1
,"Muscogee County, GA","13215","2020","2020","Unintentional","1","Fall","GRINJ-003",59,196442,30.0,22.9,38.7
,"Muscogee County, GA","13215","2020","2020","Unintentional","1","Motor Vehicle Traffic","GRINJ-008",18,196442,9.2,5.4,14.5
,"Muscogee County, GA","13215","2020","2020","Unintentional","1","Poisoning","GRINJ-015",33,196442,16.8,11.6,23.6
,"Muscogee County, GA","13215","2020","2020","Suicide","2","Firearm","GRINJ-006",21,196442,10.7,6.6,16.3
,"Muscogee County, GA","13215","2020","2020","Homicide","3","Firearm","GRINJ-006",37,196442,18.8,13.3,26.0
,"Newton County, GA","13217","2020","2020","Unintentional","1","Motor Vehicle Traffic","GRINJ-008",24,113295,21.2,13.6,31.5
,"Newton County, GA","13217","2020","2020","Unintentional","1","Poisoning","GRINJ-015",20,113295,17.7,10.8,27.3
,"Newton County, GA","13217","2020","2020","Suicide","2","Firearm","GRINJ-006",12,113295,10.6,5.5,18.5
,"Newton County, GA","13217","2020","2020","Homicide","3","Firearm","GRINJ-006",11,113295,9.7,4.8,17.4
,"Paulding County, GA","13223","2020","2020","Unintentional","1","Motor Vehicle Traffic","GRINJ-008",25,173359,14.4,9.3,21.3
,"Paulding County, GA","13223","2020","2020","Unintentional","1","Poisoning","GRINJ-015",35,173359,20.2,14.1,28.1
,"Paulding County, GA","13223","2020","2020","Suicide","2","Firearm","GRINJ-006",18,173359,10.4,6.2,16.4
,"Polk County, GA","13233","2020","2020","Unintentional","1","Motor Vehicle Traffic","GRINJ-008",14,42840,32.7,17.9,54.8
,"Polk County, GA","13233","2020","2020","Unintentional","1","Poisoning","GRINJ-015",13,42840,30.3,16.2,51.9
,"Richmond County, GA","13245","2020","2020","Unintentional","1","Fall","GRINJ-003",15,202079,7.4,4.2,12.2
,"Richmond County, GA","13245","2020","2020","Unintentional","1","Motor Vehicle Traffic","GRINJ-008",42,202079,20.8,15.0,28.1
,"Richmond County, GA","13245","2020","2020","Unintentional","1","Poisoning","GRINJ-015",69,202079,34.1,26.6,43.2
,"Richmond County, GA","13245","2020","2020","Suicide","2","Firearm","GRINJ-006",22,202079,10.9,6.8,16.5
,"Richmond County, GA","13245","2020","2020","Homicide","3","Firearm","GRINJ-006",22,202079,10.9,6.8,16.5
,"Rockdale County, GA","13247","2020","2020","Unintentional","1","Motor Vehicle Traffic","GRINJ-008",16,90939,17.6,10.1,28.6
,"Rockdale County, GA","13247","2020","2020","Unintentional","1","Poisoning","GRINJ-015",18,90939,19.8,11.7,31.3
,"Rockdale County, GA","13247","2020","2020","Suicide","2","Firearm","GRINJ-006",11,90939,12.1,6.0,21.6
,"Spalding County, GA","13255","2020","2020","Unintentional","1","Motor Vehicle Traffic","GRINJ-008",20,67414,29.7,18.1,45.8
,"Spalding County, GA","13255","2020","2020","Unintentional","1","Poisoning","GRINJ-015",12,67414,17.8,9.2,31.1
,"Spalding County, GA","13255","2020","2020","Suicide","2","Firearm","GRINJ-006",11,67414,16.3,8.1,29.2
,"Troup County, GA","13285","2020","2020","Unintentional","1","Motor Vehicle Traffic","GRINJ-008",21,70214,29.9,18.5,45.7
,"Troup County, GA","13285","2020","2020","Unintentional","1","Poisoning","GRINJ-015",15,70214,21.4,12.0,35.2
,"Troup County, GA","13285","2020","2020","Homicide","3","Firearm","GRINJ-006",14,70214,19.9,10.9,33.5
,"Walker County, GA","13295","2020","2020","Unintentional","1","Fall","GRINJ-003",10,70116,14.3,6.8,26.2
,"Walker County, GA","13295","2020","2020","Unintentional","1","Motor Vehicle Traffic","GRINJ-008",15,70116,21.4,12.0,35.3
,"Walker County, GA","13295","2020","2020","Unintentional","1","Poisoning","GRINJ-015",24,70116,34.2,21.9,50.9
,"Walton County, GA","13297","2020","2020","Unintentional","1","Motor Vehicle Traffic","GRINJ-008",13,96875,13.4,7.1,22.9
,"Walton County, GA","13297","2020","2020","Unintentional","1","Poisoning","GRINJ-015",23,96875,23.7,15.1,35.6
,"Ware County, GA","13299","2020","2020","Unintentional","1","Fall","GRINJ-003",10,35826,27.9,13.4,51.3
,"Ware County, GA","13299","2020","2020","Unintentional","1","Poisoning","GRINJ-015",10,35826,27.9,13.4,51.3
,"Whitfield County, GA","13313","2020","2020","Unintentional","1","Motor Vehicle Traffic","GRINJ-008",15,103837,14.4,8.1,23.8
,"Whitfield County, GA","13313","2020","2020","Unintentional","1","Poisoning","GRINJ-015",17,103837,16.4,9.5,26.2
,"Whitfield County, GA","13313","2020","2020","Suicide","2","Firearm","GRINJ-006",11,103837,10.6,5.3,19.0
,"Hawaii County, HI","15001","2020","2020","Unintentional","1","Fall","GRINJ-003",19,203340,9.3,5.6,14.6
,"Hawaii County, HI","15001","2020","2020","Unintentional","1","Motor Vehicle Traffic","GRINJ-008",17,203340,8.4,4.9,13.4
,"Hawaii County, HI","15001","2020","2020","Unintentional","1","Poisoning","GRINJ-015",22,203340,10.8,6.8,16.4
,"Hawaii County, HI","15001","2020","2020","Suicide","2","Suffocation","GRINJ-017",23,203340,11.3,7.2,17.0
,"Honolulu County, HI","15003","2020","2020","Unintentional","1","Drowning","GRINJ-002",38,963826,3.9,2.8,5.4
,"Honolulu County, HI","15003","2020","2020","Unintentional","1","Fall","GRINJ-003",130,963826,13.5,11.2,15.8
,"Honolulu County, HI","15003","2020","2020","Unintentional","1","Motor Vehicle Traffic","GRINJ-008",52,963826,5.4,4.0,7.1
,"Honolulu County, HI","15003","2020","2020","Unintentional","1","Poisoning","GRINJ-015",194,963826,20.1,17.3,23.0
,"Honolulu County, HI","15003","2020","2020","Unintentional","1","Suffocation","GRINJ-017",29,963826,3.0,2.0,4.3
,"Honolulu County, HI","15003","2020","2020","Unintentional","1","Unspecified Injury","GRINJ-020",14,963826,1.5,0.8,2.4
,"Honolulu County, HI","15003","2020","2020","Suicide","2","Firearm","GRINJ-006",18,963826,1.9,1.1,3.0
,"Honolulu County, HI","15003","2020","2020","Suicide","2","Poisoning","GRINJ-015",19,963826,2.0,1.2,3.1
,"Honolulu County, HI","15003","2020","2020","Suicide","2","Suffocation","GRINJ-017",58,963826,6.0,4.6,7.8
,"Honolulu County, HI","15003","2020","2020","Homicide","3","Firearm","GRINJ-006",11,963826,1.1,0.6,2.0
,"Kauai County, HI","15007","2020","2020","Unintentional","1","Poisoning","GRINJ-015",16,71851,22.3,12.7,36.2
,"Maui County, HI","15009","2020","2020","Unintentional","1","Fall","GRINJ-003",17,167902,10.1,5.9,16.2
,"Maui County, HI","15009","2020","2020","Unintentional","1","Motor Vehicle Traffic","GRINJ-008",10,167902,6.0,2.9,11.0
,"Maui County, HI","15009","2020","2020","Unintentional","1","Poisoning","GRINJ-015",30,167902,17.9,12.1,25.5
,"Maui County, HI","15009","2020","2020","Suicide","2","Suffocation","GRINJ-017",18,167902,10.7,6.4,16.9
,"Ada County, ID","16001","2020","2020","Unintentional","1","Fall","GRINJ-003",52,494399,10.5,7.9,13.8
,"Ada County, ID","16001","2020","2020","Unintentional","1","Motor Vehicle Traffic","GRINJ-008",37,494399,7.5,5.3,10.3
,"Ada County, ID","16001","2020","2020","Unintentional","1","Poisoning","GRINJ-015",80,494399,16.2,12.8,20.1
,"Ada County, ID","16001","2020","2020","Suicide","2","Firearm","GRINJ-006",46,494399,9.3,6.8,12.4
,"Ada County, ID","16001","2020","2020","Suicide","2","Poisoning","GRINJ-015",16,494399,3.2,1.8,5.3
,"Ada County, ID","16001","2020","2020","Suicide","2","Suffocation","GRINJ-017",17,494399,3.4,2.0,5.5
,"Bannock County, ID","16005","2020","2020","Unintentional","1","Fall","GRINJ-003",12,88795,13.5,7.0,23.6
,"Bannock County, ID","16005","2020","2020","Unintentional","1","Motor Vehicle Traffic","GRINJ-008",10,88795,11.3,5.4,20.7
,"Bannock County, ID","16005","2020","2020","Unintentional","1","Poisoning","GRINJ-015",22,88795,24.8,15.5,37.5
,"Bannock County, ID","16005","2020","2020","Suicide","2","Firearm","GRINJ-006",17,88795,19.1,11.2,30.7
,"Bonner County, ID","16017","2020","2020","Unintentional","1","Fall","GRINJ-003",11,46817,23.5,11.7,42.0
,"Bonner County, ID","16017","2020","2020","Suicide","2","Firearm","GRINJ-006",10,46817,21.4,10.2,39.3
,"Bonneville County, ID","16019","2020","2020","Unintentional","1","Fall","GRINJ-003",13,122134,10.6,5.7,18.2
,"Bonneville County, ID","16019","2020","2020","Unintentional","1","Motor Vehicle Traffic","GRINJ-008",12,122134,9.8,5.1,17.2
,"Bonneville County, ID","16019","2020","2020","Unintentional","1","Poisoning","GRINJ-015",17,122134,13.9,8.1,22.3
,"Bonneville County, ID","16019","2020","2020","Suicide","2","Firearm","GRINJ-006",24,122134,19.7,12.6,29.2
,"Canyon County, ID","16027","2020","2020","Unintentional","1","Fall","GRINJ-003",32,237053,13.5,9.2,19.1
,"Canyon County, ID","16027","2020","2020","Unintentional","1","Motor Vehicle Traffic","GRINJ-008",35,237053,14.8,10.3,20.5
,"Canyon County, ID","16027","2020","2020","Unintentional","1","Poisoning","GRINJ-015",21,237053,8.9,5.5,13.5
,"Canyon County, ID","16027","2020","2020","Suicide","2","Firearm","GRINJ-006",30,237053,12.7,8.5,18.1
,"Cassia County, ID","16031","2020","2020","Unintentional","1","Fall","GRINJ-003",10,24277,41.2,19.8,75.8
,"Kootenai County, ID","16055","2020","2020","Unintentional","1","Fall","GRINJ-003",31,170628,18.2,12.3,25.8
,"Kootenai County, ID","16055","2020","2020","Unintentional","1","Motor Vehicle Traffic","GRINJ-008",13,170628,7.6,4.1,13.0
,"Kootenai County, ID","16055","2020","2020","Unintentional","1","Poisoning","GRINJ-015",31,170628,18.2,12.3,25.8
,"Kootenai County, ID","16055","2020","2020","Suicide","2","Firearm","GRINJ-006",25,170628,14.7,9.5,21.6
,"Nez Perce County, ID","16069","2020","2020","Unintentional","1","Fall","GRINJ-003",11,40755,27.0,13.5,48.3
,"Twin Falls County, ID","16083","2020","2020","Unintentional","1","Fall","GRINJ-003",25,88411,28.3,18.3,41.7
,"Twin Falls County, ID","16083","2020","2020","Unintentional","1","Motor Vehicle Traffic","GRINJ-008",11,88411,12.4,6.2,22.3
,"Twin Falls County, ID","16083","2020","2020","Unintentional","1","Poisoning","GRINJ-015",29,88411,32.8,22.0,47.1
,"Twin Falls County, ID","16083","2020","2020","Suicide","2","Firearm","GRINJ-006",16,88411,18.1,10.3,29.4
,"Adams County, IL","17001","2020","2020","Unintentional","1","Fall","GRINJ-003",10,64783,15.4,7.4,28.4
,"Adams County, IL","17001","2020","2020","Unintentional","1","Motor Vehicle Traffic","GRINJ-008",10,64783,15.4,7.4,28.4
,"Adams County, IL","17001","2020","2020","Unintentional","1","Poisoning","GRINJ-015",14,64783,21.6,11.8,36.3
,"Boone County, IL","17007","2020","2020","Unintentional","1","Motor Vehicle Traffic","GRINJ-008",10,52777,18.9,9.1,34.8
,"Boone County, IL","17007","2020","2020","Unintentional","1","Poisoning","GRINJ-015",10,52777,18.9,9.1,34.8
,"Bureau County, IL","17011","2020","2020","Unintentional","1","Fall","GRINJ-003",10,32303,31.0,14.8,56.9
,"Bureau County, IL","17011","2020","2020","Unintentional","1","Motor Vehicle Traffic","GRINJ-008",11,32303,34.1,17.0,60.9
,"Champaign County, IL","17019","2020","2020","Unintentional","1","Fall","GRINJ-003",35,209192,16.7,11.7,23.3
,"Champaign County, IL","17019","2020","2020","Unintentional","1","Motor Vehicle Traffic","GRINJ-008",18,209192,8.6,5.1,13.6
,"Champaign County, IL","17019","2020","2020","Unintentional","1","Poisoning","GRINJ-015",46,209192,22.0,16.1,29.3
,"Champaign County, IL","17019","2020","2020","Homicide","3","Firearm","GRINJ-006",14,209192,6.7,3.7,11.2
,"Cook County, IL","17031","2020","2020","Unintentional","1","Drowning","GRINJ-002",62,5108284,1.2,0.9,1.6
,"Cook County, IL","17031","2020","2020","Unintentional","1","Fall","GRINJ-003",394,5108284,7.7,7.0,8.5
,"Cook County, IL","17031","2020","2020","Unintentional","1","Fire/Flame","GRINJ-004",42,5108284,0.8,0.6,1.1
,"Cook County, IL","17031","2020","2020","Unintentional","1","Motor Vehicle Traffic","GRINJ-008",452,5108284,8.8,8.0,9.7
,"Cook County, IL","17031","2020","2020","Unintentional","1","Other Pedestrian","GRINJ-010",11,5108284,0.2,0.1,0.4
,"Cook County, IL","17031","2020","2020","Unintentional","1","Other land transport","GRINJ-011",10,5108284,0.2,0.1,0.4
,"Cook County, IL","17031","2020","2020","Unintentional","1","Natural/Environmental","GRINJ-013",25,5108284,0.5,0.3,0.7
,"Cook County, IL","17031","2020","2020","Unintentional","1","Poisoning","GRINJ-015",1877,5108284,36.7,35.1,38.4
,"Cook County, IL","17031","2020","2020","Unintentional","1","Suffocation","GRINJ-017",98,5108284,1.9,1.6,2.3
,"Cook County, IL","17031","2020","2020","Unintentional","1","Other specified, classifiable Injury","GRINJ-018",15,5108284,0.3,0.2,0.5
,"Cook County, IL","17031","2020","2020","Unintentional","1","Unspecified Injury","GRINJ-020",48,5108284,0.9,0.7,1.2
,"Cook County, IL","17031","2020","2020","Suicide","2","Cut/Pierce","GRINJ-001",13,5108284,0.3,0.1,0.4
,"Cook County, IL","17031","2020","2020","Suicide","2","Fall","GRINJ-003",35,5108284,0.7,0.5,1.0
,"Cook County, IL","17031","2020","2020","Suicide","2","Firearm","GRINJ-006",163,5108284,3.2,2.7,3.7
,"Cook County, IL","17031","2020","2020","Suicide","2","Poisoning","GRINJ-015",58,5108284,1.1,0.9,1.5
,"Cook County, IL","17031","2020","2020","Suicide","2","Suffocation","GRINJ-017",153,5108284,3.0,2.5,3.5
,"Cook County, IL","17031","2020","2020","Suicide","2","Other specified, classifiable Injury","GRINJ-018",15,5108284,0.3,0.2,0.5
,"Cook County, IL","17031","2020","2020","Homicide","3","Cut/Pierce","GRINJ-001",34,5108284,0.7,0.5,0.9
,"Cook County, IL","17031","2020","2020","Homicide","3","Firearm","GRINJ-006",862,5108284,16.9,15.7,18.0
,"Cook County, IL","17031","2020","2020","Homicide","3","Other specified, not elsewhere classified Injury","GRINJ-019",11,5108284,0.2,0.1,0.4
,"Cook County, IL","17031","2020","2020","Homicide","3","Unspecified Injury","GRINJ-020",29,5108284,0.6,0.4,0.8
,"Cook County, IL","17031","2020","2020","Undetermined ","4","Drowning","GRINJ-002",12,5108284,0.2,0.1,0.4
,"Cook County, IL","17031","2020","2020","Undetermined ","4","Poisoning","GRINJ-015",12,5108284,0.2,0.1,0.4
,"Cook County, IL","17031","2020","2020","Undetermined ","4","Unspecified Injury","GRINJ-020",13,5108284,0.3,0.1,0.4
,"DeKalb County, IL","17037","2020","2020","Unintentional","1","Motor Vehicle Traffic","GRINJ-008",12,104491,11.5,5.9,20.1
,"DeKalb County, IL","17037","2020","2020","Unintentional","1","Poisoning","GRINJ-015",20,104491,19.1,11.7,29.6
,"DuPage County, IL","17043","2020","2020","Unintentional","1","Fall","GRINJ-003",72,917481,7.8,6.1,9.9
,"DuPage County, IL","17043","2020","2020","Unintentional","1","Motor Vehicle Traffic","GRINJ-008",45,917481,4.9,3.6,6.6
,"DuPage County, IL","17043","2020","2020","Unintentional","1","Poisoning","GRINJ-015",151,917481,16.5,13.8,19.1
,"DuPage County, IL","17043","2020","2020","Suicide","2","Firearm","GRINJ-006",37,917481,4.0,2.8,5.6
,"DuPage County, IL","17043","2020","2020","Suicide","2","Poisoning","GRINJ-015",14,917481,1.5,0.8,2.6
,"DuPage County, IL","17043","2020","2020","Suicide","2","Suffocation","GRINJ-017",32,917481,3.5,2.4,4.9
,"DuPage County, IL","17043","2020","2020","Suicide","2","Other specified, classifiable Injury","GRINJ-018",11,917481,1.2,0.6,2.1
,"DuPage County, IL","17043","2020","2020","Homicide","3","Firearm","GRINJ-006",17,917481,1.9,1.1,3.0
,"Franklin County, IL","17055","2020","2020","Unintentional","1","Poisoning","GRINJ-015",13,38060,34.2,18.2,58.4
,"Grundy County, IL","17063","2020","2020","Unintentional","1","Motor Vehicle Traffic","GRINJ-008",10,50993,19.6,9.4,36.1
,"Grundy County, IL","17063","2020","2020","Unintentional","1","Poisoning","GRINJ-015",18,50993,35.3,20.9,55.8
,"Henry County, IL","17073","2020","2020","Unintentional","1","Fall","GRINJ-003",12,48411,24.8,12.8,43.3
,"Jackson County, IL","17077","2020","2020","Unintentional","1","Motor Vehicle Traffic","GRINJ-008",10,56675,17.6,8.5,32.4
,"Jackson County, IL","17077","2020","2020","Unintentional","1","Poisoning","GRINJ-015",10,56675,17.6,8.5,32.4
,"Jefferson County, IL","17081","2020","2020","Unintentional","1","Poisoning","GRINJ-015",11,37235,29.5,14.7,52.9
,"Jo Daviess County, IL","17085","2020","2020","Unintentional","1","Fall","GRINJ-003",11,21239,51.8,25.9,92.7
,"Kane County, IL","17089","2020","2020","Unintentional","1","Fall","GRINJ-003",60,531010,11.3,8.6,14.5
,"Kane County, IL","17089","2020","2020","Unintentional","1","Motor Vehicle Traffic","GRINJ-008",22,531010,4.1,2.6,6.3
,"Kane County, IL","17089","2020","2020","Unintentional","1","Poisoning","GRINJ-015",94,531010,17.7,14.3,21.7
,"Kane County, IL","17089","2020","2020","Suicide","2","Firearm","GRINJ-006",16,531010,3.0,1.7,4.9
,"Kane County, IL","17089","2020","2020","Suicide","2","Suffocation","GRINJ-017",19,531010,3.6,2.2,5.6
,"Kane County, IL","17089","2020","2020","Homicide","3","Firearm","GRINJ-006",17,531010,3.2,1.9,5.1
,"Kankakee County, IL","17091","2020","2020","Unintentional","1","Fall","GRINJ-003",10,108594,9.2,4.4,16.9
,"Kankakee County, IL","17091","2020","2020","Unintentional","1","Motor Vehicle Traffic","GRINJ-008",15,108594,13.8,7.7,22.8
,"Kankakee County, IL","17091","2020","2020","Unintentional","1","Poisoning","GRINJ-015",45,108594,41.4,30.2,55.4
,"Kendall County, IL","17093","2020","2020","Unintentional","1","Motor Vehicle Traffic","GRINJ-008",10,130638,7.7,3.7,14.1
,"Kendall County, IL","17093","2020","2020","Unintentional","1","Poisoning","GRINJ-015",18,130638,13.8,8.2,21.8
,"Lake County, IL","17097","2020","2020","Unintentional","1","Fall","GRINJ-003",48,693593,6.9,5.1,9.2
,"Lake County, IL","17097","2020","2020","Unintentional","1","Motor Vehicle Traffic","GRINJ-008",60,693593,8.7,6.6,11.1
,"Lake County, IL","17097","2020","2020","Unintentional","1","Poisoning","GRINJ-015",117,693593,16.9,13.8,19.9
,"Lake County, IL","17097","2020","2020","Unintentional","1","Suffocation","GRINJ-017",13,693593,1.9,1.0,3.2
,"Lake County, IL","17097","2020","2020","Unintentional","1","Unspecified Injury","GRINJ-020",12,693593,1.7,0.9,3.0
,"Lake County, IL","17097","2020","2020","Suicide","2","Firearm","GRINJ-006",24,693593,3.5,2.2,5.1
,"Lake County, IL","17097","2020","2020","Suicide","2","Poisoning","GRINJ-015",12,693593,1.7,0.9,3.0
,"Lake County, IL","17097","2020","2020","Suicide","2","Suffocation","GRINJ-017",25,693593,3.6,2.3,5.3
,"Lake County, IL","17097","2020","2020","Homicide","3","Firearm","GRINJ-006",21,693593,3.0,1.9,4.6
,"LaSalle County, IL","17099","2020","2020","Unintentional","1","Motor Vehicle Traffic","GRINJ-008",18,107571,16.7,9.9,26.4
,"LaSalle County, IL","17099","2020","2020","Unintentional","1","Poisoning","GRINJ-015",28,107571,26.0,17.3,37.6
,"Livingston County, IL","17105","2020","2020","Unintentional","1","Poisoning","GRINJ-015",12,35414,33.9,17.5,59.2
,"McHenry County, IL","17111","2020","2020","Unintentional","1","Fall","GRINJ-003",46,305888,15.0,11.0,20.1
,"McHenry County, IL","17111","2020","2020","Unintentional","1","Motor Vehicle Traffic","GRINJ-008",28,305888,9.2,6.1,13.2
,"McHenry County, IL","17111","2020","2020","Unintentional","1","Poisoning","GRINJ-015",63,305888,20.6,15.8,26.4
,"McHenry County, IL","17111","2020","2020","Suicide","2","Firearm","GRINJ-006",13,305888,4.2,2.3,7.3
,"McHenry County, IL","17111","2020","2020","Suicide","2","Suffocation","GRINJ-017",12,305888,3.9,2.0,6.9
,"McLean County, IL","17113","2020","2020","Unintentional","1","Fall","GRINJ-003",26,171256,15.2,9.9,22.2
,"McLean County, IL","17113","2020","2020","Unintentional","1","Motor Vehicle Traffic","GRINJ-008",16,171256,9.3,5.3,15.2
,"McLean County, IL","17113","2020","2020","Unintentional","1","Poisoning","GRINJ-015",16,171256,9.3,5.3,15.2
,"McLean County, IL","17113","2020","2020","Suicide","2","Firearm","GRINJ-006",17,171256,9.9,5.8,15.9
,"Macon County, IL","17115","2020","2020","Unintentional","1","Motor Vehicle Traffic","GRINJ-008",21,103015,20.4,12.6,31.2
,"Macon County, IL","17115","2020","2020","Unintentional","1","Poisoning","GRINJ-015",32,103015,31.1,21.2,43.9
,"Macon County, IL","17115","2020","2020","Homicide","3","Firearm","GRINJ-006",11,103015,10.7,5.3,19.1
,"Macoupin County, IL","17117","2020","2020","Unintentional","1","Poisoning","GRINJ-015",13,44567,29.2,15.5,49.9
,"Madison County, IL","17119","2020","2020","Unintentional","1","Fall","GRINJ-003",73,262635,27.8,21.8,34.9
,"Madison County, IL","17119","2020","2020","Unintentional","1","Motor Vehicle Traffic","GRINJ-008",34,262635,12.9,9.0,18.1
,"Madison County, IL","17119","2020","2020","Unintentional","1","Poisoning","GRINJ-015",100,262635,38.1,30.6,45.5
,"Madison County, IL","17119","2020","2020","Suicide","2","Firearm","GRINJ-006",22,262635,8.4,5.2,12.7
,"Madison County, IL","17119","2020","2020","Homicide","3","Firearm","GRINJ-006",12,262635,4.6,2.4,8.0
,"Marion County, IL","17121","2020","2020","Unintentional","1","Poisoning","GRINJ-015",14,37045,37.8,20.7,63.4
,"Montgomery County, IL","17135","2020","2020","Unintentional","1","Poisoning","GRINJ-015",11,28045,39.2,19.6,70.2
,"Ogle County, IL","17141","2020","2020","Unintentional","1","Poisoning","GRINJ-015",10,50306,19.9,9.5,36.6
,"Peoria County, IL","17143","2020","2020","Unintentional","1","Fall","GRINJ-003",43,177652,24.2,17.5,32.6
,"Peoria County, IL","17143","2020","2020","Unintentional","1","Motor Vehicle Traffic","GRINJ-008",31,177652,17.4,11.9,24.8
,"Peoria County, IL","17143","2020","2020","Unintentional","1","Poisoning","GRINJ-015",35,177652,19.7,13.7,27.4
,"Peoria County, IL","17143","2020","2020","Unintentional","1","Suffocation","GRINJ-017",20,177652,11.3,6.9,17.4
,"Peoria County, IL","17143","2020","2020","Homicide","3","Firearm","GRINJ-006",13,177652,7.3,3.9,12.5
,"Rock Island County, IL","17161","2020","2020","Unintentional","1","Fall","GRINJ-003",43,140907,30.5,22.1,41.1
,"Rock Island County, IL","17161","2020","2020","Unintentional","1","Motor Vehicle Traffic","GRINJ-008",14,140907,9.9,5.4,16.7
,"Rock Island County, IL","17161","2020","2020","Unintentional","1","Poisoning","GRINJ-015",13,140907,9.2,4.9,15.8
,"Rock Island County, IL","17161","2020","2020","Suicide","2","Firearm","GRINJ-006",11,140907,7.8,3.9,14.0
,"St. Clair County, IL","17163","2020","2020","Unintentional","1","Fall","GRINJ-003",22,258046,8.5,5.3,12.9
,"St. Clair County, IL","17163","2020","2020","Unintentional","1","Motor Vehicle Traffic","GRINJ-008",45,258046,17.4,12.7,23.3
,"St. Clair County, IL","17163","2020","2020","Unintentional","1","Poisoning","GRINJ-015",94,258046,36.4,29.4,44.6
,"St. Clair County, IL","17163","2020","2020","Unintentional","1","Suffocation","GRINJ-017",11,258046,4.3,2.1,7.6
,"St. Clair County, IL","17163","2020","2020","Unintentional","1","Unspecified Injury","GRINJ-020",10,258046,3.9,1.9,7.1
,"St. Clair County, IL","17163","2020","2020","Suicide","2","Firearm","GRINJ-006",13,258046,5.0,2.7,8.6
,"St. Clair County, IL","17163","2020","2020","Homicide","3","Firearm","GRINJ-006",60,258046,23.3,17.7,29.9
,"Sangamon County, IL","17167","2020","2020","Unintentional","1","Fall","GRINJ-003",38,193882,19.6,13.9,26.9
,"Sangamon County, IL","17167","2020","2020","Unintentional","1","Motor Vehicle Traffic","GRINJ-008",17,193882,8.8,5.1,14.0
,"Sangamon County, IL","17167","2020","2020","Unintentional","1","Poisoning","GRINJ-015",53,193882,27.3,20.5,35.8
,"Sangamon County, IL","17167","2020","2020","Suicide","2","Firearm","GRINJ-006",12,193882,6.2,3.2,10.8
,"Sangamon County, IL","17167","2020","2020","Suicide","2","Suffocation","GRINJ-017",12,193882,6.2,3.2,10.8
,"Sangamon County, IL","17167","2020","2020","Homicide","3","Firearm","GRINJ-006",12,193882,6.2,3.2,10.8
,"Stephenson County, IL","17177","2020","2020","Unintentional","1","Fall","GRINJ-003",14,43831,31.9,17.5,53.6
,"Stephenson County, IL","17177","2020","2020","Unintentional","1","Poisoning","GRINJ-015",10,43831,22.8,10.9,42.0
,"Tazewell County, IL","17179","2020","2020","Unintentional","1","Fall","GRINJ-003",22,130777,16.8,10.5,25.5
,"Tazewell County, IL","17179","2020","2020","Unintentional","1","Motor Vehicle Traffic","GRINJ-008",13,130777,9.9,5.3,17.0
,"Tazewell County, IL","17179","2020","2020","Unintentional","1","Poisoning","GRINJ-015",27,130777,20.6,13.6,30.0
,"Vermilion County, IL","17183","2020","2020","Unintentional","1","Fall","GRINJ-003",15,74855,20.0,11.2,33.1
,"Vermilion County, IL","17183","2020","2020","Unintentional","1","Motor Vehicle Traffic","GRINJ-008",10,74855,13.4,6.4,24.6
,"Vermilion County, IL","17183","2020","2020","Unintentional","1","Poisoning","GRINJ-015",22,74855,29.4,18.4,44.5
,"Whiteside County, IL","17195","2020","2020","Unintentional","1","Fall","GRINJ-003",12,54656,22.0,11.3,38.4
,"Will County, IL","17197","2020","2020","Unintentional","1","Fall","GRINJ-003",44,688726,6.4,4.6,8.6
,"Will County, IL","17197","2020","2020","Unintentional","1","Motor Vehicle Traffic","GRINJ-008",61,688726,8.9,6.8,11.4
,"Will County, IL","17197","2020","2020","Unintentional","1","Poisoning","GRINJ-015",124,688726,18.0,14.8,21.2
,"Will County, IL","17197","2020","2020","Unintentional","1","Suffocation","GRINJ-017",13,688726,1.9,1.0,3.2
,"Will County, IL","17197","2020","2020","Suicide","2","Firearm","GRINJ-006",23,688726,3.3,2.1,5.0
,"Will County, IL","17197","2020","2020","Suicide","2","Poisoning","GRINJ-015",18,688726,2.6,1.5,4.1
,"Will County, IL","17197","2020","2020","Suicide","2","Suffocation","GRINJ-017",20,688726,2.9,1.8,4.5
,"Will County, IL","17197","2020","2020","Homicide","3","Firearm","GRINJ-006",35,688726,5.1,3.5,7.1
,"Williamson County, IL","17199","2020","2020","Unintentional","1","Fall","GRINJ-003",10,66415,15.1,7.2,27.7
,"Williamson County, IL","17199","2020","2020","Unintentional","1","Motor Vehicle Traffic","GRINJ-008",10,66415,15.1,7.2,27.7
,"Williamson County, IL","17199","2020","2020","Unintentional","1","Poisoning","GRINJ-015",12,66415,18.1,9.3,31.6
,"Winnebago County, IL","17201","2020","2020","Unintentional","1","Fall","GRINJ-003",39,281295,13.9,9.9,19.0
,"Winnebago County, IL","17201","2020","2020","Unintentional","1","Motor Vehicle Traffic","GRINJ-008",20,281295,7.1,4.3,11.0
,"Winnebago County, IL","17201","2020","2020","Unintentional","1","Poisoning","GRINJ-015",142,281295,50.5,42.2,58.8
,"Winnebago County, IL","17201","2020","2020","Unintentional","1","Unspecified Injury","GRINJ-020",10,281295,3.6,1.7,6.5
,"Winnebago County, IL","17201","2020","2020","Suicide","2","Firearm","GRINJ-006",12,281295,4.3,2.2,7.5
,"Winnebago County, IL","17201","2020","2020","Suicide","2","Suffocation","GRINJ-017",14,281295,5.0,2.7,8.4
,"Winnebago County, IL","17201","2020","2020","Homicide","3","Firearm","GRINJ-006",32,281295,11.4,7.8,16.1
,"Allen County, IN","18003","2020","2020","Unintentional","1","Fall","GRINJ-003",43,382187,11.3,8.1,15.2
,"Allen County, IN","18003","2020","2020","Unintentional","1","Motor Vehicle Traffic","GRINJ-008",42,382187,11.0,7.9,14.9
,"Allen County, IN","18003","2020","2020","Unintentional","1","Poisoning","GRINJ-015",119,382187,31.1,25.5,36.7
,"Allen County, IN","18003","2020","2020","Unintentional","1","Suffocation","GRINJ-017",11,382187,2.9,1.4,5.1
,"Allen County, IN","18003","2020","2020","Suicide","2","Firearm","GRINJ-006",27,382187,7.1,4.7,10.3
,"Allen County, IN","18003","2020","2020","Suicide","2","Suffocation","GRINJ-017",13,382187,3.4,1.8,5.8
,"Allen County, IN","18003","2020","2020","Homicide","3","Firearm","GRINJ-006",33,382187,8.6,5.9,12.1
,"Bartholomew County, IN","18005","2020","2020","Unintentional","1","Motor Vehicle Traffic","GRINJ-008",10,84447,11.8,5.7,21.8
,"Bartholomew County, IN","18005","2020","2020","Unintentional","1","Poisoning","GRINJ-015",26,84447,30.8,20.1,45.1
,"Boone County, IN","18011","2020","2020","Unintentional","1","Poisoning","GRINJ-015",21,69347,30.3,18.7,46.3
,"Cass County, IN","18017","2020","2020","Unintentional","1","Motor Vehicle Traffic","GRINJ-008",11,37388,29.4,14.7,52.6
,"Cass County, IN","18017","2020","2020","Unintentional","1","Poisoning","GRINJ-015",10,37388,26.7,12.8,49.2
,"Clark County, IN","18019","2020","2020","Unintentional","1","Motor Vehicle Traffic","GRINJ-008",18,119266,15.1,8.9,23.9
,"Clark County, IN","18019","2020","2020","Unintentional","1","Poisoning","GRINJ-015",63,119266,52.8,40.6,67.6
,"Clark County, IN","18019","2020","2020","Suicide","2","Firearm","GRINJ-006",11,119266,9.2,4.6,16.5
,"Clinton County, IN","18023","2020","2020","Unintentional","1","Poisoning","GRINJ-015",11,32206,34.2,17.1,61.1
,"Dearborn County, IN","18029","2020","2020","Unintentional","1","Poisoning","GRINJ-015",17,49824,34.1,19.9,54.6
,"De Kalb County, IN","18033","2020","2020","Unintentional","1","Poisoning","GRINJ-015",14,43670,32.1,17.5,53.8
,"Delaware County, IN","18035","2020","2020","Unintentional","1","Fall","GRINJ-003",22,113454,19.4,12.2,29.4
,"Delaware County, IN","18035","2020","2020","Unintentional","1","Motor Vehicle Traffic","GRINJ-008",19,113454,16.7,10.1,26.2
,"Delaware County, IN","18035","2020","2020","Unintentional","1","Poisoning","GRINJ-015",61,113454,53.8,41.1,69.1
,"Delaware County, IN","18035","2020","2020","Suicide","2","Firearm","GRINJ-006",10,113454,8.8,4.2,16.2
,"Elkhart County, IN","18039","2020","2020","Unintentional","1","Fall","GRINJ-003",13,206161,6.3,3.4,10.8
,"Elkhart County, IN","18039","2020","2020","Unintentional","1","Motor Vehicle Traffic","GRINJ-008",35,206161,17.0,11.8,23.6
,"Elkhart County, IN","18039","2020","2020","Unintentional","1","Poisoning","GRINJ-015",32,206161,15.5,10.6,21.9
,"Elkhart County, IN","18039","2020","2020","Suicide","2","Firearm","GRINJ-006",11,206161,5.3,2.7,9.5
,"Elkhart County, IN","18039","2020","2020","Homicide","3","Firearm","GRINJ-006",12,206161,5.8,3.0,10.2
,"Fayette County, IN","18041","2020","2020","Unintentional","1","Poisoning","GRINJ-015",21,22892,91.7,56.8,140.2
,"Floyd County, IN","18043","2020","2020","Unintentional","1","Poisoning","GRINJ-015",31,78936,39.3,26.7,55.7
,"Franklin County, IN","18047","2020","2020","Unintentional","1","Poisoning","GRINJ-015",11,22761,48.3,24.1,86.5
,"Grant County, IN","18053","2020","2020","Unintentional","1","Poisoning","GRINJ-015",31,65225,47.5,32.3,67.5
,"Hamilton County, IN","18057","2020","2020","Unintentional","1","Fall","GRINJ-003",20,344238,5.8,3.5,9.0
,"Hamilton County, IN","18057","2020","2020","Unintentional","1","Motor Vehicle Traffic","GRINJ-008",18,344238,5.2,3.1,8.3
,"Hamilton County, IN","18057","2020","2020","Unintentional","1","Poisoning","GRINJ-015",45,344238,13.1,9.5,17.5
,"Hamilton County, IN","18057","2020","2020","Unintentional","1","Unspecified Injury","GRINJ-020",15,344238,4.4,2.4,7.2
,"Hamilton County, IN","18057","2020","2020","Suicide","2","Firearm","GRINJ-006",20,344238,5.8,3.5,9.0
,"Hancock County, IN","18059","2020","2020","Unintentional","1","Motor Vehicle Traffic","GRINJ-008",10,79553,12.6,6.0,23.1
,"Hancock County, IN","18059","2020","2020","Unintentional","1","Poisoning","GRINJ-015",23,79553,28.9,18.3,43.4
,"Harrison County, IN","18061","2020","2020","Unintentional","1","Poisoning","GRINJ-015",17,40682,41.8,24.3,66.9
,"Hendricks County, IN","18063","2020","2020","Unintentional","1","Motor Vehicle Traffic","GRINJ-008",13,173251,7.5,4.0,12.8
,"Hendricks County, IN","18063","2020","2020","Unintentional","1","Poisoning","GRINJ-015",16,173251,9.2,5.3,15.0
,"Hendricks County, IN","18063","2020","2020","Suicide","2","Firearm","GRINJ-006",14,173251,8.1,4.4,13.6
,"Hendricks County, IN","18063","2020","2020","Undetermined ","4","Poisoning","GRINJ-015",39,173251,22.5,16.0,30.8
,"Henry County, IN","18065","2020","2020","Unintentional","1","Motor Vehicle Traffic","GRINJ-008",14,48033,29.1,15.9,48.9
,"Howard County, IN","18067","2020","2020","Unintentional","1","Fall","GRINJ-003",11,82732,13.3,6.6,23.8
,"Howard County, IN","18067","2020","2020","Unintentional","1","Motor Vehicle Traffic","GRINJ-008",10,82732,12.1,5.8,22.2
,"Howard County, IN","18067","2020","2020","Unintentional","1","Poisoning","GRINJ-015",42,82732,50.8,36.6,68.6
,"Huntington County, IN","18069","2020","2020","Unintentional","1","Poisoning","GRINJ-015",11,36395,30.2,15.1,54.1
,"Jackson County, IN","18071","2020","2020","Unintentional","1","Poisoning","GRINJ-015",20,44222,45.2,27.6,69.8
,"Jefferson County, IN","18077","2020","2020","Unintentional","1","Motor Vehicle Traffic","GRINJ-008",14,32110,43.6,23.8,73.2
,"Johnson County, IN","18081","2020","2020","Unintentional","1","Poisoning","GRINJ-015",25,160607,15.6,10.1,23.0
,"Johnson County, IN","18081","2020","2020","Unintentional","1","Unspecified Injury","GRINJ-020",10,160607,6.2,3.0,11.5
,"Johnson County, IN","18081","2020","2020","Suicide","2","Firearm","GRINJ-006",17,160607,10.6,6.2,16.9
,"Johnson County, IN","18081","2020","2020","Undetermined ","4","Poisoning","GRINJ-015",34,160607,21.2,14.7,29.6
,"Knox County, IN","18083","2020","2020","Unintentional","1","Motor Vehicle Traffic","GRINJ-008",11,36522,30.1,15.0,53.9
,"Kosciusko County, IN","18085","2020","2020","Unintentional","1","Motor Vehicle Traffic","GRINJ-008",18,78988,22.8,13.5,36.0
,"Kosciusko County, IN","18085","2020","2020","Unintentional","1","Poisoning","GRINJ-015",12,78988,15.2,7.8,26.5
,"Lake County, IN","18089","2020","2020","Unintentional","1","Fall","GRINJ-003",27,487536,5.5,3.6,8.1
,"Lake County, IN","18089","2020","2020","Unintentional","1","Motor Vehicle Traffic","GRINJ-008",67,487536,13.7,10.7,17.5
,"Lake County, IN","18089","2020","2020","Unintentional","1","Poisoning","GRINJ-015",166,487536,34.0,28.9,39.2
,"Lake County, IN","18089","2020","2020","Unintentional","1","Suffocation","GRINJ-017",38,487536,7.8,5.5,10.7
,"Lake County, IN","18089","2020","2020","Unintentional","1","Unspecified Injury","GRINJ-020",25,487536,5.1,3.3,7.6
,"Lake County, IN","18089","2020","2020","Suicide","2","Firearm","GRINJ-006",36,487536,7.4,5.2,10.2
,"Lake County, IN","18089","2020","2020","Suicide","2","Suffocation","GRINJ-017",13,487536,2.7,1.4,4.6
,"Lake County, IN","18089","2020","2020","Homicide","3","Firearm","GRINJ-006",81,487536,16.6,13.2,20.6
,"La Porte County, IN","18091","2020","2020","Unintentional","1","Fall","GRINJ-003",12,109663,10.9,5.7,19.1
,"La Porte County, IN","18091","2020","2020","Unintentional","1","Motor Vehicle Traffic","GRINJ-008",14,109663,12.8,7.0,21.4
,"La Porte County, IN","18091","2020","2020","Unintentional","1","Poisoning","GRINJ-015",51,109663,46.5,34.6,61.1
,"La Porte County, IN","18091","2020","2020","Suicide","2","Firearm","GRINJ-006",13,109663,11.9,6.3,20.3
,"Madison County, IN","18095","2020","2020","Unintentional","1","Fall","GRINJ-003",23,129681,17.7,11.2,26.6
,"Madison County, IN","18095","2020","2020","Unintentional","1","Motor Vehicle Traffic","GRINJ-008",17,129681,13.1,7.6,21.0
,"Madison County, IN","18095","2020","2020","Unintentional","1","Poisoning","GRINJ-015",52,129681,40.1,29.9,52.6
,"Madison County, IN","18095","2020","2020","Suicide","2","Firearm","GRINJ-006",10,129681,7.7,3.7,14.2
,"Madison County, IN","18095","2020","2020","Suicide","2","Suffocation","GRINJ-017",12,129681,9.3,4.8,16.2
,"Marion County, IN","18097","2020","2020","Unintentional","1","Drowning","GRINJ-002",19,966183,2.0,1.2,3.1
,"Marion County, IN","18097","2020","2020","Unintentional","1","Fall","GRINJ-003",88,966183,9.1,7.3,11.2
,"Marion County, IN","18097","2020","2020","Unintentional","1","Motor Vehicle Traffic","GRINJ-008",160,966183,16.6,14.0,19.1
,"Marion County, IN","18097","2020","2020","Unintentional","1","Poisoning","GRINJ-015",588,966183,60.9,55.9,65.8
,"Marion County, IN","18097","2020","2020","Unintentional","1","Suffocation","GRINJ-017",25,966183,2.6,1.7,3.8
,"Marion County, IN","18097","2020","2020","Unintentional","1","Unspecified Injury","GRINJ-020",36,966183,3.7,2.6,5.2
,"Marion County, IN","18097","2020","2020","Suicide","2","Firearm","GRINJ-006",88,966183,9.1,7.3,11.2
,"Marion County, IN","18097","2020","2020","Suicide","2","Poisoning","GRINJ-015",20,966183,2.1,1.3,3.2
,"Marion County, IN","18097","2020","2020","Suicide","2","Suffocation","GRINJ-017",33,966183,3.4,2.4,4.8
,"Marion County, IN","18097","2020","2020","Homicide","3","Cut/Pierce","GRINJ-001",10,966183,1.0,0.5,1.9
,"Marion County, IN","18097","2020","2020","Homicide","3","Firearm","GRINJ-006",219,966183,22.7,19.7,25.7
,"Marshall County, IN","18099","2020","2020","Unintentional","1","Motor Vehicle Traffic","GRINJ-008",10,46108,21.7,10.4,39.9
,"Marshall County, IN","18099","2020","2020","Unintentional","1","Poisoning","GRINJ-015",11,46108,23.9,11.9,42.7
,"Monroe County, IN","18105","2020","2020","Unintentional","1","Motor Vehicle Traffic","GRINJ-008",10,148219,6.7,3.2,12.4
,"Monroe County, IN","18105","2020","2020","Unintentional","1","Poisoning","GRINJ-015",45,148219,30.4,22.1,40.6
,"Monroe County, IN","18105","2020","2020","Suicide","2","Firearm","GRINJ-006",10,148219,6.7,3.2,12.4
,"Montgomery County, IN","18107","2020","2020","Unintentional","1","Poisoning","GRINJ-015",10,38365,26.1,12.5,47.9
,"Morgan County, IN","18109","2020","2020","Unintentional","1","Motor Vehicle Traffic","GRINJ-008",10,70707,14.1,6.8,26.0
,"Morgan County, IN","18109","2020","2020","Unintentional","1","Poisoning","GRINJ-015",19,70707,26.9,16.2,42.0
,"Porter County, IN","18127","2020","2020","Unintentional","1","Fall","GRINJ-003",19,170980,11.1,6.7,17.4
,"Porter County, IN","18127","2020","2020","Unintentional","1","Motor Vehicle Traffic","GRINJ-008",22,170980,12.9,8.1,19.5
,"Porter County, IN","18127","2020","2020","Unintentional","1","Poisoning","GRINJ-015",42,170980,24.6,17.7,33.2
,"Porter County, IN","18127","2020","2020","Unintentional","1","Unspecified Injury","GRINJ-020",11,170980,6.4,3.2,11.5
,"Porter County, IN","18127","2020","2020","Suicide","2","Firearm","GRINJ-006",14,170980,8.2,4.5,13.7
,"Putnam County, IN","18133","2020","2020","Suicide","2","Firearm","GRINJ-006",10,37469,26.7,12.8,49.1
,"Randolph County, IN","18135","2020","2020","Unintentional","1","Poisoning","GRINJ-015",10,24191,41.3,19.8,76.0
,"Ripley County, IN","18137","2020","2020","Unintentional","1","Poisoning","GRINJ-015",10,28448,35.2,16.9,64.6
,"St. Joseph County, IN","18141","2020","2020","Unintentional","1","Fall","GRINJ-003",18,271484,6.6,3.9,10.5
,"St. Joseph County, IN","18141","2020","2020","Unintentional","1","Motor Vehicle Traffic","GRINJ-008",28,271484,10.3,6.9,14.9
,"St. Joseph County, IN","18141","2020","2020","Unintentional","1","Poisoning","GRINJ-015",87,271484,32.0,25.7,39.5
,"St. Joseph County, IN","18141","2020","2020","Unintentional","1","Unspecified Injury","GRINJ-020",15,271484,5.5,3.1,9.1
,"St. Joseph County, IN","18141","2020","2020","Suicide","2","Firearm","GRINJ-006",28,271484,10.3,6.9,14.9
,"St. Joseph County, IN","18141","2020","2020","Suicide","2","Suffocation","GRINJ-017",10,271484,3.7,1.8,6.8
,"St. Joseph County, IN","18141","2020","2020","Homicide","3","Firearm","GRINJ-006",24,271484,8.8,5.7,13.2
,"Scott County, IN","18143","2020","2020","Unintentional","1","Motor Vehicle Traffic","GRINJ-008",10,23788,42.0,20.2,77.3
,"Scott County, IN","18143","2020","2020","Unintentional","1","Poisoning","GRINJ-015",23,23788,96.7,61.3,145.1
,"Shelby County, IN","18145","2020","2020","Unintentional","1","Fall","GRINJ-003",10,44871,22.3,10.7,41.0
,"Shelby County, IN","18145","2020","2020","Unintentional","1","Poisoning","GRINJ-015",17,44871,37.9,22.1,60.7
,"Starke County, IN","18149","2020","2020","Unintentional","1","Poisoning","GRINJ-015",11,23049,47.7,23.8,85.4
,"Steuben County, IN","18151","2020","2020","Unintentional","1","Motor Vehicle Traffic","GRINJ-008",10,34831,28.7,13.8,52.8
,"Tippecanoe County, IN","18157","2020","2020","Unintentional","1","Fall","GRINJ-003",21,196115,10.7,6.6,16.4
,"Tippecanoe County, IN","18157","2020","2020","Unintentional","1","Motor Vehicle Traffic","GRINJ-008",13,196115,6.6,3.5,11.3
,"Tippecanoe County, IN","18157","2020","2020","Unintentional","1","Poisoning","GRINJ-015",34,196115,17.3,12.0,24.2
,"Tippecanoe County, IN","18157","2020","2020","Suicide","2","Firearm","GRINJ-006",13,196115,6.6,3.5,11.3
,"Vanderburgh County, IN","18163","2020","2020","Unintentional","1","Fall","GRINJ-003",27,182447,14.8,9.8,21.5
,"Vanderburgh County, IN","18163","2020","2020","Unintentional","1","Motor Vehicle Traffic","GRINJ-008",15,182447,8.2,4.6,13.6
,"Vanderburgh County, IN","18163","2020","2020","Unintentional","1","Poisoning","GRINJ-015",45,182447,24.7,18.0,33.0
,"Vanderburgh County, IN","18163","2020","2020","Suicide","2","Firearm","GRINJ-006",21,182447,11.5,7.1,17.6
,"Vanderburgh County, IN","18163","2020","2020","Suicide","2","Suffocation","GRINJ-017",10,182447,5.5,2.6,10.1
,"Vanderburgh County, IN","18163","2020","2020","Homicide","3","Firearm","GRINJ-006",12,182447,6.6,3.4,11.5
,"Vigo County, IN","18167","2020","2020","Unintentional","1","Motor Vehicle Traffic","GRINJ-008",15,106608,14.1,7.9,23.2
,"Vigo County, IN","18167","2020","2020","Unintentional","1","Poisoning","GRINJ-015",14,106608,13.1,7.2,22.0
,"Warrick County, IN","18173","2020","2020","Unintentional","1","Fall","GRINJ-003",13,63269,20.5,10.9,35.1
,"Warrick County, IN","18173","2020","2020","Unintentional","1","Poisoning","GRINJ-015",15,63269,23.7,13.3,39.1
,"Wayne County, IN","18177","2020","2020","Unintentional","1","Motor Vehicle Traffic","GRINJ-008",11,65778,16.7,8.3,29.9
,"Wayne County, IN","18177","2020","2020","Unintentional","1","Poisoning","GRINJ-015",47,65778,71.5,52.5,95.0
,"White County, IN","18181","2020","2020","Unintentional","1","Poisoning","GRINJ-015",10,24165,41.4,19.8,76.1
,"Black Hawk County, IA","19013","2020","2020","Unintentional","1","Fall","GRINJ-003",19,130786,14.5,8.7,22.7
,"Black Hawk County, IA","19013","2020","2020","Unintentional","1","Motor Vehicle Traffic","GRINJ-008",10,130786,7.6,3.7,14.1
,"Black Hawk County, IA","19013","2020","2020","Unintentional","1","Poisoning","GRINJ-015",21,130786,16.1,9.9,24.5
,"Cerro Gordo County, IA","19033","2020","2020","Unintentional","1","Fall","GRINJ-003",16,42103,38.0,21.7,61.7
,"Clinton County, IA","19045","2020","2020","Unintentional","1","Fall","GRINJ-003",12,46392,25.9,13.4,45.2
,"Clinton County, IA","19045","2020","2020","Unintentional","1","Poisoning","GRINJ-015",10,46392,21.6,10.3,39.6
,"Dallas County, IA","19049","2020","2020","Unintentional","1","Fall","GRINJ-003",10,96963,10.3,4.9,19.0
,"Des Moines County, IA","19057","2020","2020","Unintentional","1","Fall","GRINJ-003",12,38708,31.0,16.0,54.2
,"Dubuque County, IA","19061","2020","2020","Unintentional","1","Fall","GRINJ-003",13,97590,13.3,7.1,22.8
,"Dubuque County, IA","19061","2020","2020","Unintentional","1","Poisoning","GRINJ-015",10,97590,10.2,4.9,18.8
,"Fayette County, IA","19065","2020","2020","Unintentional","1","Fall","GRINJ-003",12,19258,62.3,32.2,108.8
,"Johnson County, IA","19103","2020","2020","Unintentional","1","Fall","GRINJ-003",23,153740,15.0,9.5,22.4
,"Johnson County, IA","19103","2020","2020","Unintentional","1","Poisoning","GRINJ-015",13,153740,8.5,4.5,14.5
,"Johnson County, IA","19103","2020","2020","Suicide","2","Firearm","GRINJ-006",11,153740,7.2,3.6,12.8
,"Linn County, IA","19113","2020","2020","Unintentional","1","Fall","GRINJ-003",63,227854,27.6,21.2,35.4
,"Linn County, IA","19113","2020","2020","Unintentional","1","Motor Vehicle Traffic","GRINJ-008",15,227854,6.6,3.7,10.9
,"Linn County, IA","19113","2020","2020","Unintentional","1","Poisoning","GRINJ-015",46,227854,20.2,14.8,26.9
,"Linn County, IA","19113","2020","2020","Suicide","2","Firearm","GRINJ-006",17,227854,7.5,4.3,11.9
,"Linn County, IA","19113","2020","2020","Suicide","2","Poisoning","GRINJ-015",11,227854,4.8,2.4,8.6
,"Linn County, IA","19113","2020","2020","Suicide","2","Suffocation","GRINJ-017",11,227854,4.8,2.4,8.6
,"Linn County, IA","19113","2020","2020","Homicide","3","Firearm","GRINJ-006",14,227854,6.1,3.4,10.3
,"Marshall County, IA","19127","2020","2020","Unintentional","1","Fall","GRINJ-003",10,39495,25.3,12.1,46.6
,"Polk County, IA","19153","2020","2020","Unintentional","1","Fall","GRINJ-003",81,494281,16.4,13.0,20.4
,"Polk County, IA","19153","2020","2020","Unintentional","1","Motor Vehicle Traffic","GRINJ-008",46,494281,9.3,6.8,12.4
,"Polk County, IA","19153","2020","2020","Unintentional","1","Poisoning","GRINJ-015",106,494281,21.4,17.4,25.5
,"Polk County, IA","19153","2020","2020","Unintentional","1","Suffocation","GRINJ-017",11,494281,2.2,1.1,4.0
,"Polk County, IA","19153","2020","2020","Unintentional","1","Unspecified Injury","GRINJ-020",10,494281,2.0,1.0,3.7
,"Polk County, IA","19153","2020","2020","Suicide","2","Firearm","GRINJ-006",26,494281,5.3,3.4,7.7
,"Polk County, IA","19153","2020","2020","Suicide","2","Poisoning","GRINJ-015",17,494281,3.4,2.0,5.5
,"Polk County, IA","19153","2020","2020","Suicide","2","Suffocation","GRINJ-017",28,494281,5.7,3.8,8.2
,"Polk County, IA","19153","2020","2020","Homicide","3","Firearm","GRINJ-006",23,494281,4.7,2.9,7.0
,"Pottawattamie County, IA","19155","2020","2020","Unintentional","1","Fall","GRINJ-003",10,93328,10.7,5.1,19.7
,"Pottawattamie County, IA","19155","2020","2020","Unintentional","1","Motor Vehicle Traffic","GRINJ-008",13,93328,13.9,7.4,23.8
,"Pottawattamie County, IA","19155","2020","2020","Unintentional","1","Poisoning","GRINJ-015",12,93328,12.9,6.6,22.5
,"Scott County, IA","19163","2020","2020","Unintentional","1","Fall","GRINJ-003",41,173216,23.7,17.0,32.1
,"Scott County, IA","19163","2020","2020","Unintentional","1","Motor Vehicle Traffic","GRINJ-008",17,173216,9.8,5.7,15.7
,"Scott County, IA","19163","2020","2020","Unintentional","1","Poisoning","GRINJ-015",21,173216,12.1,7.5,18.5
,"Scott County, IA","19163","2020","2020","Suicide","2","Firearm","GRINJ-006",15,173216,8.7,4.8,14.3
,"Story County, IA","19169","2020","2020","Unintentional","1","Fall","GRINJ-003",17,98237,17.3,10.1,27.7
,"Warren County, IA","19181","2020","2020","Unintentional","1","Fall","GRINJ-003",14,52265,26.8,14.6,44.9
,"Warren County, IA","19181","2020","2020","Unintentional","1","Poisoning","GRINJ-015",10,52265,19.1,9.2,35.2
,"Webster County, IA","19187","2020","2020","Unintentional","1","Fall","GRINJ-003",11,35934,30.6,15.3,54.8
,"Woodbury County, IA","19193","2020","2020","Unintentional","1","Fall","GRINJ-003",14,103138,13.6,7.4,22.8
,"Woodbury County, IA","19193","2020","2020","Unintentional","1","Motor Vehicle Traffic","GRINJ-008",13,103138,12.6,6.7,21.6
,"Woodbury County, IA","19193","2020","2020","Unintentional","1","Poisoning","GRINJ-015",11,103138,10.7,5.3,19.1
,"Woodbury County, IA","19193","2020","2020","Suicide","2","Firearm","GRINJ-006",14,103138,13.6,7.4,22.8
,"Butler County, KS","20015","2020","2020","Unintentional","1","Fall","GRINJ-003",12,66992,17.9,9.3,31.3
,"Butler County, KS","20015","2020","2020","Unintentional","1","Poisoning","GRINJ-015",12,66992,17.9,9.3,31.3
,"Butler County, KS","20015","2020","2020","Suicide","2","Firearm","GRINJ-006",13,66992,19.4,10.3,33.2
,"Douglas County, KS","20045","2020","2020","Unintentional","1","Fall","GRINJ-003",13,122530,10.6,5.6,18.1
,"Douglas County, KS","20045","2020","2020","Unintentional","1","Poisoning","GRINJ-015",14,122530,11.4,6.2,19.2
,"Ellis County, KS","20051","2020","2020","Unintentional","1","Fall","GRINJ-003",10,28671,34.9,16.7,64.1
,"Geary County, KS","20061","2020","2020","Suicide","2","Firearm","GRINJ-006",11,32218,34.1,17.0,61.1
,"Johnson County, KS","20091","2020","2020","Unintentional","1","Fall","GRINJ-003",99,607220,16.3,13.3,19.8
,"Johnson County, KS","20091","2020","2020","Unintentional","1","Motor Vehicle Traffic","GRINJ-008",28,607220,4.6,3.1,6.7
,"Johnson County, KS","20091","2020","2020","Unintentional","1","Poisoning","GRINJ-015",74,607220,12.2,9.6,15.3
,"Johnson County, KS","20091","2020","2020","Unintentional","1","Suffocation","GRINJ-017",12,607220,2.0,1.0,3.5
,"Johnson County, KS","20091","2020","2020","Suicide","2","Firearm","GRINJ-006",39,607220,6.4,4.6,8.8
,"Johnson County, KS","20091","2020","2020","Suicide","2","Poisoning","GRINJ-015",16,607220,2.6,1.5,4.3
,"Johnson County, KS","20091","2020","2020","Suicide","2","Suffocation","GRINJ-017",25,607220,4.1,2.7,6.1
,"Johnson County, KS","20091","2020","2020","Homicide","3","Firearm","GRINJ-006",10,607220,1.6,0.8,3.0
,"Leavenworth County, KS","20103","2020","2020","Unintentional","1","Fall","GRINJ-003",10,82246,12.2,5.8,22.4
,"Leavenworth County, KS","20103","2020","2020","Unintentional","1","Motor Vehicle Traffic","GRINJ-008",16,82246,19.5,11.1,31.6
,"Leavenworth County, KS","20103","2020","2020","Unintentional","1","Poisoning","GRINJ-015",13,82246,15.8,8.4,27.0
,"Leavenworth County, KS","20103","2020","2020","Suicide","2","Firearm","GRINJ-006",12,82246,14.6,7.5,25.5
,"McPherson County, KS","20113","2020","2020","Unintentional","1","Fall","GRINJ-003",17,28448,59.8,34.8,95.7
,"Reno County, KS","20155","2020","2020","Unintentional","1","Fall","GRINJ-003",13,61793,21.0,11.2,36.0
,"Reno County, KS","20155","2020","2020","Unintentional","1","Motor Vehicle Traffic","GRINJ-008",14,61793,22.7,12.4,38.0
,"Reno County, KS","20155","2020","2020","Unintentional","1","Poisoning","GRINJ-015",11,61793,17.8,8.9,31.9
,"Saline County, KS","20169","2020","2020","Unintentional","1","Fall","GRINJ-003",10,53926,18.5,8.9,34.1
,"Saline County, KS","20169","2020","2020","Unintentional","1","Poisoning","GRINJ-015",10,53926,18.5,8.9,34.1
,"Sedgwick County, KS","20173","2020","2020","Unintentional","1","Fall","GRINJ-003",84,519907,16.2,12.9,20.0
,"Sedgwick County, KS","20173","2020","2020","Unintentional","1","Motor Vehicle Traffic","GRINJ-008",68,519907,13.1,10.2,16.6
,"Sedgwick County, KS","20173","2020","2020","Unintentional","1","Poisoning","GRINJ-015",148,519907,28.5,23.9,33.1
,"Sedgwick County, KS","20173","2020","2020","Unintentional","1","Suffocation","GRINJ-017",14,519907,2.7,1.5,4.5
,"Sedgwick County, KS","20173","2020","2020","Suicide","2","Firearm","GRINJ-006",74,519907,14.2,11.2,17.9
,"Sedgwick County, KS","20173","2020","2020","Suicide","2","Poisoning","GRINJ-015",12,519907,2.3,1.2,4.0
,"Sedgwick County, KS","20173","2020","2020","Suicide","2","Suffocation","GRINJ-017",28,519907,5.4,3.6,7.8
,"Sedgwick County, KS","20173","2020","2020","Homicide","3","Firearm","GRINJ-006",50,519907,9.6,7.1,12.7
,"Shawnee County, KS","20177","2020","2020","Unintentional","1","Fall","GRINJ-003",36,175999,20.5,14.3,28.3
,"Shawnee County, KS","20177","2020","2020","Unintentional","1","Motor Vehicle Traffic","GRINJ-008",32,175999,18.2,12.4,25.7
,"Shawnee County, KS","20177","2020","2020","Unintentional","1","Poisoning","GRINJ-015",43,175999,24.4,17.7,32.9
,"Shawnee County, KS","20177","2020","2020","Suicide","2","Firearm","GRINJ-006",18,175999,10.2,6.1,16.2
,"Shawnee County, KS","20177","2020","2020","Suicide","2","Suffocation","GRINJ-017",11,175999,6.3,3.1,11.2
,"Shawnee County, KS","20177","2020","2020","Homicide","3","Firearm","GRINJ-006",19,175999,10.8,6.5,16.9
,"Wilson County, KS","20205","2020","2020","Unintentional","1","Motor Vehicle Traffic","GRINJ-008",10,8362,119.6,57.3,219.9
,"Wyandotte County, KS","20209","2020","2020","Unintentional","1","Fall","GRINJ-003",27,165265,16.3,10.8,23.8
,"Wyandotte County, KS","20209","2020","2020","Unintentional","1","Motor Vehicle Traffic","GRINJ-008",26,165265,15.7,10.3,23.1
,"Wyandotte County, KS","20209","2020","2020","Unintentional","1","Poisoning","GRINJ-015",48,165265,29.0,21.4,38.5
,"Wyandotte County, KS","20209","2020","2020","Suicide","2","Firearm","GRINJ-006",13,165265,7.9,4.2,13.5
,"Wyandotte County, KS","20209","2020","2020","Homicide","3","Firearm","GRINJ-006",51,165265,30.9,23.0,40.6
,"Anderson County, KY","21005","2020","2020","Unintentional","1","Poisoning","GRINJ-015",14,22833,61.3,33.5,102.9
,"Barren County, KY","21009","2020","2020","Unintentional","1","Motor Vehicle Traffic","GRINJ-008",11,44300,24.8,12.4,44.4
,"Bell County, KY","21013","2020","2020","Unintentional","1","Poisoning","GRINJ-015",10,25482,39.2,18.8,72.2
,"Boone County, KY","21015","2020","2020","Unintentional","1","Motor Vehicle Traffic","GRINJ-008",16,135396,11.8,6.8,19.2
,"Boone County, KY","21015","2020","2020","Unintentional","1","Poisoning","GRINJ-015",56,135396,41.4,31.2,53.7
,"Boone County, KY","21015","2020","2020","Suicide","2","Firearm","GRINJ-006",10,135396,7.4,3.5,13.6
,"Bourbon County, KY","21017","2020","2020","Unintentional","1","Poisoning","GRINJ-015",18,19901,90.4,53.6,142.9
,"Boyd County, KY","21019","2020","2020","Unintentional","1","Poisoning","GRINJ-015",37,46516,79.5,56.0,109.6
,"Boyle County, KY","21021","2020","2020","Unintentional","1","Poisoning","GRINJ-015",13,30367,42.8,22.8,73.2
,"Bullitt County, KY","21029","2020","2020","Unintentional","1","Motor Vehicle Traffic","GRINJ-008",15,82182,18.3,10.2,30.1
,"Bullitt County, KY","21029","2020","2020","Unintentional","1","Poisoning","GRINJ-015",45,82182,54.8,39.9,73.3
,"Bullitt County, KY","21029","2020","2020","Suicide","2","Firearm","GRINJ-006",10,82182,12.2,5.8,22.4
,"Campbell County, KY","21037","2020","2020","Unintentional","1","Poisoning","GRINJ-015",55,94020,58.5,44.1,76.1
,"Carter County, KY","21043","2020","2020","Unintentional","1","Poisoning","GRINJ-015",21,26542,79.1,49.0,120.9
,"Christian County, KY","21047","2020","2020","Unintentional","1","Motor Vehicle Traffic","GRINJ-008",17,71478,23.8,13.9,38.1
,"Christian County, KY","21047","2020","2020","Unintentional","1","Poisoning","GRINJ-015",21,71478,29.4,18.2,44.9
,"Clark County, KY","21049","2020","2020","Unintentional","1","Poisoning","GRINJ-015",35,36463,96.0,66.9,133.5
,"Daviess County, KY","21059","2020","2020","Unintentional","1","Poisoning","GRINJ-015",22,101978,21.6,13.5,32.7
,"Daviess County, KY","21059","2020","2020","Suicide","2","Firearm","GRINJ-006",17,101978,16.7,9.7,26.7
,"Estill County, KY","21065","2020","2020","Unintentional","1","Poisoning","GRINJ-015",13,14109,92.1,49.1,157.6
,"Fayette County, KY","21067","2020","2020","Unintentional","1","Fall","GRINJ-003",25,324735,7.7,5.0,11.4
,"Fayette County, KY","21067","2020","2020","Unintentional","1","Motor Vehicle Traffic","GRINJ-008",27,324735,8.3,5.5,12.1
,"Fayette County, KY","21067","2020","2020","Unintentional","1","Poisoning","GRINJ-015",149,324735,45.9,38.5,53.3
,"Fayette County, KY","21067","2020","2020","Unintentional","1","Unspecified Injury","GRINJ-020",15,324735,4.6,2.6,7.6
,"Fayette County, KY","21067","2020","2020","Suicide","2","Firearm","GRINJ-006",27,324735,8.3,5.5,12.1
,"Fayette County, KY","21067","2020","2020","Suicide","2","Suffocation","GRINJ-017",16,324735,4.9,2.8,8.0
,"Fayette County, KY","21067","2020","2020","Homicide","3","Firearm","GRINJ-006",29,324735,8.9,6.0,12.8
,"Floyd County, KY","21071","2020","2020","Unintentional","1","Motor Vehicle Traffic","GRINJ-008",11,34974,31.5,15.7,56.3
,"Floyd County, KY","21071","2020","2020","Unintentional","1","Poisoning","GRINJ-015",16,34974,45.7,26.1,74.3
,"Franklin County, KY","21073","2020","2020","Unintentional","1","Poisoning","GRINJ-015",21,51118,41.1,25.4,62.8
,"Garrard County, KY","21079","2020","2020","Unintentional","1","Poisoning","GRINJ-015",14,17719,79.0,43.2,132.6
,"Grant County, KY","21081","2020","2020","Unintentional","1","Motor Vehicle Traffic","GRINJ-008",11,25387,43.3,21.6,77.5
,"Grant County, KY","21081","2020","2020","Unintentional","1","Poisoning","GRINJ-015",16,25387,63.0,36.0,102.3
,"Grayson County, KY","21085","2020","2020","Unintentional","1","Motor Vehicle Traffic","GRINJ-008",11,26480,41.5,20.7,74.3
,"Greenup County, KY","21089","2020","2020","Unintentional","1","Motor Vehicle Traffic","GRINJ-008",11,34865,31.6,15.7,56.5
,"Greenup County, KY","21089","2020","2020","Unintentional","1","Poisoning","GRINJ-015",25,34865,71.7,46.4,105.9
,"Hardin County, KY","21093","2020","2020","Unintentional","1","Fall","GRINJ-003",10,111309,9.0,4.3,16.5
,"Hardin County, KY","21093","2020","2020","Unintentional","1","Motor Vehicle Traffic","GRINJ-008",24,111309,21.6,13.8,32.1
,"Hardin County, KY","21093","2020","2020","Unintentional","1","Poisoning","GRINJ-015",34,111309,30.5,21.2,42.7
,"Hardin County, KY","21093","2020","2020","Suicide","2","Firearm","GRINJ-006",12,111309,10.8,5.6,18.8
,"Harlan County, KY","21095","2020","2020","Unintentional","1","Motor Vehicle Traffic","GRINJ-008",16,25566,62.6,35.8,101.6
,"Harlan County, KY","21095","2020","2020","Unintentional","1","Poisoning","GRINJ-015",13,25566,50.8,27.1,87.0
,"Henry County, KY","21103","2020","2020","Unintentional","1","Poisoning","GRINJ-015",14,16067,87.1,47.6,146.2
,"Jefferson County, KY","21111","2020","2020","Unintentional","1","Drowning","GRINJ-002",10,767452,1.3,0.6,2.4
,"Jefferson County, KY","21111","2020","2020","Unintentional","1","Fall","GRINJ-003",64,767452,8.3,6.4,10.6
,"Jefferson County, KY","21111","2020","2020","Unintentional","1","Motor Vehicle Traffic","GRINJ-008",123,767452,16.0,13.2,18.9
,"Jefferson County, KY","21111","2020","2020","Unintentional","1","Poisoning","GRINJ-015",521,767452,67.9,62.1,73.7
,"Jefferson County, KY","21111","2020","2020","Unintentional","1","Suffocation","GRINJ-017",18,767452,2.3,1.4,3.7
,"Jefferson County, KY","21111","2020","2020","Unintentional","1","Unspecified Injury","GRINJ-020",38,767452,5.0,3.5,6.8
,"Jefferson County, KY","21111","2020","2020","Suicide","2","Firearm","GRINJ-006",74,767452,9.6,7.6,12.1
,"Jefferson County, KY","21111","2020","2020","Suicide","2","Poisoning","GRINJ-015",18,767452,2.3,1.4,3.7
,"Jefferson County, KY","21111","2020","2020","Suicide","2","Suffocation","GRINJ-017",24,767452,3.1,2.0,4.7
,"Jefferson County, KY","21111","2020","2020","Homicide","3","Firearm","GRINJ-006",160,767452,20.8,17.6,24.1
,"Jessamine County, KY","21113","2020","2020","Unintentional","1","Motor Vehicle Traffic","GRINJ-008",10,54057,18.5,8.9,34.0
,"Jessamine County, KY","21113","2020","2020","Unintentional","1","Poisoning","GRINJ-015",34,54057,62.9,43.6,87.9
,"Johnson County, KY","21115","2020","2020","Unintentional","1","Motor Vehicle Traffic","GRINJ-008",12,22002,54.5,28.2,95.3
,"Kenton County, KY","21117","2020","2020","Unintentional","1","Fall","GRINJ-003",10,167949,6.0,2.9,10.9
,"Kenton County, KY","21117","2020","2020","Unintentional","1","Poisoning","GRINJ-015",96,167949,57.2,46.3,69.8
,"Kenton County, KY","21117","2020","2020","Unintentional","1","Unspecified Injury","GRINJ-020",10,167949,6.0,2.9,10.9
,"Kenton County, KY","21117","2020","2020","Suicide","2","Firearm","GRINJ-006",17,167949,10.1,5.9,16.2
,"Knott County, KY","21119","2020","2020","Unintentional","1","Poisoning","GRINJ-015",19,14512,130.9,78.8,204.5
,"Knox County, KY","21121","2020","2020","Unintentional","1","Poisoning","GRINJ-015",12,31022,38.7,20.0,67.6
,"Laurel County, KY","21125","2020","2020","Unintentional","1","Motor Vehicle Traffic","GRINJ-008",14,61238,22.9,12.5,38.4
,"Laurel County, KY","21125","2020","2020","Unintentional","1","Poisoning","GRINJ-015",25,61238,40.8,26.4,60.3
,"Lincoln County, KY","21137","2020","2020","Unintentional","1","Poisoning","GRINJ-015",16,24466,65.4,37.4,106.2
,"McCracken County, KY","21145","2020","2020","Unintentional","1","Motor Vehicle Traffic","GRINJ-008",16,65644,24.4,13.9,39.6
,"McCracken County, KY","21145","2020","2020","Unintentional","1","Poisoning","GRINJ-015",16,65644,24.4,13.9,39.6
,"McCracken County, KY","21145","2020","2020","Suicide","2","Firearm","GRINJ-006",15,65644,22.9,12.8,37.7
,"Madison County, KY","21151","2020","2020","Unintentional","1","Motor Vehicle Traffic","GRINJ-008",14,94265,14.9,8.1,24.9
,"Madison County, KY","21151","2020","2020","Unintentional","1","Poisoning","GRINJ-015",71,94265,75.3,58.8,95.0
,"Marion County, KY","21155","2020","2020","Unintentional","1","Motor Vehicle Traffic","GRINJ-008",10,19314,51.8,24.8,95.2
,"Marion County, KY","21155","2020","2020","Unintentional","1","Poisoning","GRINJ-015",11,19314,57.0,28.4,101.9
,"Martin County, KY","21159","2020","2020","Unintentional","1","Poisoning","GRINJ-015",10,11031,90.7,43.5,166.7
,"Meade County, KY","21163","2020","2020","Unintentional","1","Poisoning","GRINJ-015",10,28616,34.9,16.8,64.3
,"Montgomery County, KY","21173","2020","2020","Unintentional","1","Poisoning","GRINJ-015",17,28186,60.3,35.1,96.6
,"Muhlenberg County, KY","21177","2020","2020","Unintentional","1","Motor Vehicle Traffic","GRINJ-008",12,30457,39.4,20.4,68.8
,"Nelson County, KY","21179","2020","2020","Unintentional","1","Motor Vehicle Traffic","GRINJ-008",10,46450,21.5,10.3,39.6
,"Nelson County, KY","21179","2020","2020","Unintentional","1","Poisoning","GRINJ-015",18,46450,38.8,23.0,61.2
,"Perry County, KY","21193","2020","2020","Unintentional","1","Motor Vehicle Traffic","GRINJ-008",17,25456,66.8,38.9,106.9
,"Perry County, KY","21193","2020","2020","Unintentional","1","Poisoning","GRINJ-015",18,25456,70.7,41.9,111.8
,"Pike County, KY","21195","2020","2020","Unintentional","1","Motor Vehicle Traffic","GRINJ-008",10,57057,17.5,8.4,32.2
,"Pike County, KY","21195","2020","2020","Unintentional","1","Poisoning","GRINJ-015",26,57057,45.6,29.8,66.8
,"Pulaski County, KY","21199","2020","2020","Unintentional","1","Motor Vehicle Traffic","GRINJ-008",16,65530,24.4,14.0,39.7
,"Pulaski County, KY","21199","2020","2020","Unintentional","1","Poisoning","GRINJ-015",30,65530,45.8,30.9,65.4
,"Rowan County, KY","21205","2020","2020","Unintentional","1","Poisoning","GRINJ-015",15,24682,60.8,34.0,100.2
,"Scott County, KY","21209","2020","2020","Unintentional","1","Poisoning","GRINJ-015",30,58470,51.3,34.6,73.2
,"Shelby County, KY","21211","2020","2020","Unintentional","1","Poisoning","GRINJ-015",15,49611,30.2,16.9,49.9
,"Taylor County, KY","21217","2020","2020","Unintentional","1","Poisoning","GRINJ-015",13,25707,50.6,26.9,86.5
,"Warren County, KY","21227","2020","2020","Unintentional","1","Motor Vehicle Traffic","GRINJ-008",13,134510,9.7,5.1,16.5
,"Warren County, KY","21227","2020","2020","Unintentional","1","Poisoning","GRINJ-015",25,134510,18.6,12.0,27.4
,"Warren County, KY","21227","2020","2020","Suicide","2","Firearm","GRINJ-006",22,134510,16.4,10.2,24.8
,"Wayne County, KY","21231","2020","2020","Unintentional","1","Poisoning","GRINJ-015",10,20209,49.5,23.7,91.0
,"Whitley County, KY","21235","2020","2020","Unintentional","1","Motor Vehicle Traffic","GRINJ-008",14,36451,38.4,21.0,64.4
,"Whitley County, KY","21235","2020","2020","Unintentional","1","Poisoning","GRINJ-015",14,36451,38.4,21.0,64.4
,"Woodford County, KY","21239","2020","2020","Unintentional","1","Poisoning","GRINJ-015",12,26765,44.8,23.2,78.3
,"Acadia Parish, LA","22001","2020","2020","Undetermined ","4","Poisoning","GRINJ-015",14,61918,22.6,12.4,37.9
,"Allen Parish, LA","22003","2020","2020","Unintentional","1","Poisoning","GRINJ-015",12,25440,47.2,24.4,82.4
,"Ascension Parish, LA","22005","2020","2020","Unintentional","1","Motor Vehicle Traffic","GRINJ-008",23,128665,17.9,11.3,26.8
,"Ascension Parish, LA","22005","2020","2020","Unintentional","1","Poisoning","GRINJ-015",54,128665,42.0,31.5,54.8
,"Avoyelles Parish, LA","22009","2020","2020","Unintentional","1","Poisoning","GRINJ-015",14,39966,35.0,19.2,58.8
,"Avoyelles Parish, LA","22009","2020","2020","Homicide","3","Firearm","GRINJ-006",10,39966,25.0,12.0,46.0
,"Beauregard Parish, LA","22011","2020","2020","Unintentional","1","Motor Vehicle Traffic","GRINJ-008",11,37881,29.0,14.5,52.0
,"Bossier Parish, LA","22015","2020","2020","Unintentional","1","Fall","GRINJ-003",11,127275,8.6,4.3,15.5
,"Bossier Parish, LA","22015","2020","2020","Unintentional","1","Motor Vehicle Traffic","GRINJ-008",15,127275,11.8,6.6,19.4
,"Bossier Parish, LA","22015","2020","2020","Unintentional","1","Poisoning","GRINJ-015",17,127275,13.4,7.8,21.4
,"Bossier Parish, LA","22015","2020","2020","Suicide","2","Firearm","GRINJ-006",14,127275,11.0,6.0,18.5
,"Caddo Parish, LA","22017","2020","2020","Unintentional","1","Fall","GRINJ-003",21,237479,8.8,5.5,13.5
,"Caddo Parish, LA","22017","2020","2020","Unintentional","1","Motor Vehicle Traffic","GRINJ-008",45,237479,18.9,13.8,25.4
,"Caddo Parish, LA","22017","2020","2020","Unintentional","1","Poisoning","GRINJ-015",28,237479,11.8,7.8,17.0
,"Caddo Parish, LA","22017","2020","2020","Suicide","2","Firearm","GRINJ-006",18,237479,7.6,4.5,12.0
,"Caddo Parish, LA","22017","2020","2020","Homicide","3","Firearm","GRINJ-006",69,237479,29.1,22.6,36.8
,"Calcasieu Parish, LA","22019","2020","2020","Unintentional","1","Fall","GRINJ-003",14,203310,6.9,3.8,11.6
,"Calcasieu Parish, LA","22019","2020","2020","Unintentional","1","Motor Vehicle Traffic","GRINJ-008",38,203310,18.7,13.2,25.7
,"Calcasieu Parish, LA","22019","2020","2020","Unintentional","1","Poisoning","GRINJ-015",17,203310,8.4,4.9,13.4
,"Calcasieu Parish, LA","22019","2020","2020","Suicide","2","Firearm","GRINJ-006",20,203310,9.8,6.0,15.2
,"Calcasieu Parish, LA","22019","2020","2020","Homicide","3","Firearm","GRINJ-006",14,203310,6.9,3.8,11.6
,"Calcasieu Parish, LA","22019","2020","2020","Undetermined ","4","Poisoning","GRINJ-015",47,203310,23.1,17.0,30.7
,"East Baton Rouge Parish, LA","22033","2020","2020","Unintentional","1","Drowning","GRINJ-002",10,439729,2.3,1.1,4.2
,"East Baton Rouge Parish, LA","22033","2020","2020","Unintentional","1","Fall","GRINJ-003",46,439729,10.5,7.7,14.0
,"East Baton Rouge Parish, LA","22033","2020","2020","Unintentional","1","Motor Vehicle Traffic","GRINJ-008",93,439729,21.1,17.1,25.9
,"East Baton Rouge Parish, LA","22033","2020","2020","Unintentional","1","Poisoning","GRINJ-015",211,439729,48.0,41.5,54.5
,"East Baton Rouge Parish, LA","22033","2020","2020","Unintentional","1","Suffocation","GRINJ-017",21,439729,4.8,3.0,7.3
,"East Baton Rouge Parish, LA","22033","2020","2020","Unintentional","1","Unspecified Injury","GRINJ-020",18,439729,4.1,2.4,6.5
,"East Baton Rouge Parish, LA","22033","2020","2020","Suicide","2","Firearm","GRINJ-006",19,439729,4.3,2.6,6.7
,"East Baton Rouge Parish, LA","22033","2020","2020","Suicide","2","Suffocation","GRINJ-017",11,439729,2.5,1.2,4.5
,"East Baton Rouge Parish, LA","22033","2020","2020","Homicide","3","Firearm","GRINJ-006",118,439729,26.8,22.0,31.7
,"East Feliciana Parish, LA","22037","2020","2020","Unintentional","1","Poisoning","GRINJ-015",11,18882,58.3,29.1,104.2
,"Iberia Parish, LA","22045","2020","2020","Unintentional","1","Motor Vehicle Traffic","GRINJ-008",19,68991,27.5,16.6,43.0
,"Iberia Parish, LA","22045","2020","2020","Unintentional","1","Poisoning","GRINJ-015",20,68991,29.0,17.7,44.8
,"Iberia Parish, LA","22045","2020","2020","Homicide","3","Firearm","GRINJ-006",11,68991,15.9,8.0,28.5
,"Iberville Parish, LA","22047","2020","2020","Unintentional","1","Poisoning","GRINJ-015",15,32070,46.8,26.2,77.1
,"Jefferson Parish, LA","22051","2020","2020","Unintentional","1","Fall","GRINJ-003",45,432346,10.4,7.6,13.9
,"Jefferson Parish, LA","22051","2020","2020","Unintentional","1","Motor Vehicle Traffic","GRINJ-008",38,432346,8.8,6.2,12.1
,"Jefferson Parish, LA","22051","2020","2020","Unintentional","1","Poisoning","GRINJ-015",241,432346,55.7,48.7,62.8
,"Jefferson Parish, LA","22051","2020","2020","Unintentional","1","Suffocation","GRINJ-017",16,432346,3.7,2.1,6.0
,"Jefferson Parish, LA","22051","2020","2020","Suicide","2","Firearm","GRINJ-006",29,432346,6.7,4.5,9.6
,"Jefferson Parish, LA","22051","2020","2020","Suicide","2","Suffocation","GRINJ-017",14,432346,3.2,1.8,5.4
,"Jefferson Parish, LA","22051","2020","2020","Homicide","3","Firearm","GRINJ-006",67,432346,15.5,12.0,19.7
,"Jefferson Davis Parish, LA","22053","2020","2020","Undetermined ","4","Poisoning","GRINJ-015",13,31208,41.7,22.2,71.2
,"Lafayette Parish, LA","22055","2020","2020","Unintentional","1","Motor Vehicle Traffic","GRINJ-008",27,246518,11.0,7.2,15.9
,"Lafayette Parish, LA","22055","2020","2020","Unintentional","1","Poisoning","GRINJ-015",99,246518,40.2,32.6,48.9
,"Lafayette Parish, LA","22055","2020","2020","Suicide","2","Firearm","GRINJ-006",25,246518,10.1,6.6,15.0
,"Lafayette Parish, LA","22055","2020","2020","Homicide","3","Firearm","GRINJ-006",21,246518,8.5,5.3,13.0
,"Lafourche Parish, LA","22057","2020","2020","Unintentional","1","Motor Vehicle Traffic","GRINJ-008",20,97596,20.5,12.5,31.6
,"Lafourche Parish, LA","22057","2020","2020","Unintentional","1","Poisoning","GRINJ-015",28,97596,28.7,19.1,41.5
,"Livingston Parish, LA","22063","2020","2020","Unintentional","1","Motor Vehicle Traffic","GRINJ-008",30,143737,20.9,14.1,29.8
,"Livingston Parish, LA","22063","2020","2020","Unintentional","1","Poisoning","GRINJ-015",75,143737,52.2,41.0,65.4
,"Livingston Parish, LA","22063","2020","2020","Suicide","2","Firearm","GRINJ-006",18,143737,12.5,7.4,19.8
,"Morehouse Parish, LA","22067","2020","2020","Unintentional","1","Motor Vehicle Traffic","GRINJ-008",10,24227,41.3,19.8,75.9
,"Natchitoches Parish, LA","22069","2020","2020","Unintentional","1","Motor Vehicle Traffic","GRINJ-008",10,37655,26.6,12.7,48.8
,"Orleans Parish, LA","22071","2020","2020","Unintentional","1","Drowning","GRINJ-002",10,389476,2.6,1.2,4.7
,"Orleans Parish, LA","22071","2020","2020","Unintentional","1","Fall","GRINJ-003",24,389476,6.2,3.9,9.2
,"Orleans Parish, LA","22071","2020","2020","Unintentional","1","Motor Vehicle Traffic","GRINJ-008",51,389476,13.1,9.7,17.2
,"Orleans Parish, LA","22071","2020","2020","Unintentional","1","Poisoning","GRINJ-015",283,389476,72.7,64.2,81.1
,"Orleans Parish, LA","22071","2020","2020","Unintentional","1","Suffocation","GRINJ-017",14,389476,3.6,2.0,6.0
,"Orleans Parish, LA","22071","2020","2020","Suicide","2","Firearm","GRINJ-006",24,389476,6.2,3.9,9.2
,"Orleans Parish, LA","22071","2020","2020","Homicide","3","Cut/Pierce","GRINJ-001",10,389476,2.6,1.2,4.7
,"Orleans Parish, LA","22071","2020","2020","Homicide","3","Firearm","GRINJ-006",168,389476,43.1,36.6,49.7
,"Ouachita Parish, LA","22073","2020","2020","Unintentional","1","Fall","GRINJ-003",30,152439,19.7,13.3,28.1
,"Ouachita Parish, LA","22073","2020","2020","Unintentional","1","Motor Vehicle Traffic","GRINJ-008",37,152439,24.3,17.1,33.5
,"Ouachita Parish, LA","22073","2020","2020","Unintentional","1","Poisoning","GRINJ-015",33,152439,21.6,14.9,30.4
,"Ouachita Parish, LA","22073","2020","2020","Suicide","2","Firearm","GRINJ-006",21,152439,13.8,8.5,21.1
,"Ouachita Parish, LA","22073","2020","2020","Homicide","3","Firearm","GRINJ-006",27,152439,17.7,11.7,25.8
,"Plaquemines Parish, LA","22075","2020","2020","Unintentional","1","Poisoning","GRINJ-015",17,23113,73.6,42.8,117.8
,"Pointe Coupee Parish, LA","22077","2020","2020","Unintentional","1","Motor Vehicle Traffic","GRINJ-008",12,21529,55.7,28.8,97.4
,"Rapides Parish, LA","22079","2020","2020","Unintentional","1","Fall","GRINJ-003",15,128567,11.7,6.5,19.2
,"Rapides Parish, LA","22079","2020","2020","Unintentional","1","Motor Vehicle Traffic","GRINJ-008",28,128567,21.8,14.5,31.5
,"Rapides Parish, LA","22079","2020","2020","Unintentional","1","Poisoning","GRINJ-015",50,128567,38.9,28.9,51.3
,"Rapides Parish, LA","22079","2020","2020","Suicide","2","Firearm","GRINJ-006",10,128567,7.8,3.7,14.3
,"Rapides Parish, LA","22079","2020","2020","Homicide","3","Firearm","GRINJ-006",17,128567,13.2,7.7,21.2
,"St. Bernard Parish, LA","22087","2020","2020","Unintentional","1","Poisoning","GRINJ-015",40,47647,84.0,60.0,114.3
,"St. Charles Parish, LA","22089","2020","2020","Unintentional","1","Poisoning","GRINJ-015",21,52987,39.6,24.5,60.6
,"St. John the Baptist Parish, LA","22095","2020","2020","Unintentional","1","Poisoning","GRINJ-015",15,42516,35.3,19.7,58.2
,"St. Landry Parish, LA","22097","2020","2020","Unintentional","1","Motor Vehicle Traffic","GRINJ-008",18,81440,22.1,13.1,34.9
,"St. Landry Parish, LA","22097","2020","2020","Unintentional","1","Poisoning","GRINJ-015",27,81440,33.2,21.8,48.2
,"St. Landry Parish, LA","22097","2020","2020","Suicide","2","Firearm","GRINJ-006",12,81440,14.7,7.6,25.7
,"St. Landry Parish, LA","22097","2020","2020","Homicide","3","Firearm","GRINJ-006",18,81440,22.1,13.1,34.9
,"St. Martin Parish, LA","22099","2020","2020","Unintentional","1","Motor Vehicle Traffic","GRINJ-008",12,52954,22.7,11.7,39.6
,"St. Martin Parish, LA","22099","2020","2020","Unintentional","1","Poisoning","GRINJ-015",12,52954,22.7,11.7,39.6
,"St. Mary Parish, LA","22101","2020","2020","Unintentional","1","Poisoning","GRINJ-015",18,48330,37.2,22.1,58.9
,"St. Tammany Parish, LA","22103","2020","2020","Unintentional","1","Fall","GRINJ-003",46,263446,17.5,12.8,23.3
,"St. Tammany Parish, LA","22103","2020","2020","Unintentional","1","Motor Vehicle Traffic","GRINJ-008",38,263446,14.4,10.2,19.8
,"St. Tammany Parish, LA","22103","2020","2020","Unintentional","1","Poisoning","GRINJ-015",132,263446,50.1,41.6,58.7
,"St. Tammany Parish, LA","22103","2020","2020","Unintentional","1","Suffocation","GRINJ-017",12,263446,4.6,2.4,8.0
,"St. Tammany Parish, LA","22103","2020","2020","Suicide","2","Firearm","GRINJ-006",25,263446,9.5,6.1,14.0
,"St. Tammany Parish, LA","22103","2020","2020","Suicide","2","Suffocation","GRINJ-017",15,263446,5.7,3.2,9.4
,"St. Tammany Parish, LA","22103","2020","2020","Homicide","3","Firearm","GRINJ-006",11,263446,4.2,2.1,7.5
,"Tangipahoa Parish, LA","22105","2020","2020","Unintentional","1","Motor Vehicle Traffic","GRINJ-008",30,136765,21.9,14.8,31.3
,"Tangipahoa Parish, LA","22105","2020","2020","Unintentional","1","Poisoning","GRINJ-015",78,136765,57.0,45.1,71.2
,"Tangipahoa Parish, LA","22105","2020","2020","Suicide","2","Firearm","GRINJ-006",18,136765,13.2,7.8,20.8
,"Tangipahoa Parish, LA","22105","2020","2020","Homicide","3","Firearm","GRINJ-006",16,136765,11.7,6.7,19.0
,"Terrebonne Parish, LA","22109","2020","2020","Unintentional","1","Motor Vehicle Traffic","GRINJ-008",22,109859,20.0,12.5,30.3
,"Terrebonne Parish, LA","22109","2020","2020","Unintentional","1","Poisoning","GRINJ-015",43,109859,39.1,28.3,52.7
,"Terrebonne Parish, LA","22109","2020","2020","Homicide","3","Firearm","GRINJ-006",14,109859,12.7,7.0,21.4
,"Vermilion Parish, LA","22113","2020","2020","Unintentional","1","Poisoning","GRINJ-015",21,59378,35.4,21.9,54.1
,"Washington Parish, LA","22117","2020","2020","Unintentional","1","Poisoning","GRINJ-015",34,45773,74.3,51.4,103.8
,"Webster Parish, LA","22119","2020","2020","Unintentional","1","Motor Vehicle Traffic","GRINJ-008",10,37943,26.4,12.6,48.5
,"West Baton Rouge Parish, LA","22121","2020","2020","Unintentional","1","Poisoning","GRINJ-015",10,26792,37.3,17.9,68.6
,"Androscoggin County, ME","23001","2020","2020","Unintentional","1","Fall","GRINJ-003",25,108547,23.0,14.9,34.0
,"Androscoggin County, ME","23001","2020","2020","Unintentional","1","Motor Vehicle Traffic","GRINJ-008",13,108547,12.0,6.4,20.5
,"Androscoggin County, ME","23001","2020","2020","Unintentional","1","Poisoning","GRINJ-015",43,108547,39.6,28.7,53.4
,"Androscoggin County, ME","23001","2020","2020","Suicide","2","Firearm","GRINJ-006",10,108547,9.2,4.4,16.9
,"Aroostook County, ME","23003","2020","2020","Unintentional","1","Fall","GRINJ-003",23,66804,34.4,21.8,51.7
,"Aroostook County, ME","23003","2020","2020","Unintentional","1","Poisoning","GRINJ-015",19,66804,28.4,17.1,44.4
,"Cumberland County, ME","23005","2020","2020","Unintentional","1","Fall","GRINJ-003",87,298111,29.2,23.4,36.0
,"Cumberland County, ME","23005","2020","2020","Unintentional","1","Motor Vehicle Traffic","GRINJ-008",22,298111,7.4,4.6,11.2
,"Cumberland County, ME","23005","2020","2020","Unintentional","1","Poisoning","GRINJ-015",91,298111,30.5,24.6,37.5
,"Cumberland County, ME","23005","2020","2020","Suicide","2","Firearm","GRINJ-006",21,298111,7.0,4.4,10.8
,"Cumberland County, ME","23005","2020","2020","Suicide","2","Suffocation","GRINJ-017",11,298111,3.7,1.8,6.6
,"Franklin County, ME","23007","2020","2020","Unintentional","1","Poisoning","GRINJ-015",11,29986,36.7,18.3,65.6
,"Hancock County, ME","23009","2020","2020","Unintentional","1","Fall","GRINJ-003",12,55088,21.8,11.3,38.1
,"Hancock County, ME","23009","2020","2020","Unintentional","1","Motor Vehicle Traffic","GRINJ-008",14,55088,25.4,13.9,42.6
,"Hancock County, ME","23009","2020","2020","Unintentional","1","Poisoning","GRINJ-015",17,55088,30.9,18.0,49.4
,"Kennebec County, ME","23011","2020","2020","Unintentional","1","Fall","GRINJ-003",23,122955,18.7,11.9,28.1
,"Kennebec County, ME","23011","2020","2020","Unintentional","1","Motor Vehicle Traffic","GRINJ-008",19,122955,15.5,9.3,24.1
,"Kennebec County, ME","23011","2020","2020","Unintentional","1","Poisoning","GRINJ-015",48,122955,39.0,28.8,51.8
,"Kennebec County, ME","23011","2020","2020","Suicide","2","Firearm","GRINJ-006",14,122955,11.4,6.2,19.1
,"Knox County, ME","23013","2020","2020","Unintentional","1","Fall","GRINJ-003",19,39951,47.6,28.6,74.3
,"Knox County, ME","23013","2020","2020","Unintentional","1","Poisoning","GRINJ-015",19,39951,47.6,28.6,74.3
,"Lincoln County, ME","23015","2020","2020","Unintentional","1","Fall","GRINJ-003",10,34775,28.8,13.8,52.9
,"Lincoln County, ME","23015","2020","2020","Unintentional","1","Poisoning","GRINJ-015",10,34775,28.8,13.8,52.9
,"Oxford County, ME","23017","2020","2020","Unintentional","1","Fall","GRINJ-003",11,58132,18.9,9.4,33.9
,"Oxford County, ME","23017","2020","2020","Unintentional","1","Poisoning","GRINJ-015",16,58132,27.5,15.7,44.7
,"Penobscot County, ME","23019","2020","2020","Unintentional","1","Fall","GRINJ-003",31,151655,20.4,13.9,29.0
,"Penobscot County, ME","23019","2020","2020","Unintentional","1","Motor Vehicle Traffic","GRINJ-008",22,151655,14.5,9.1,22.0
,"Penobscot County, ME","23019","2020","2020","Unintentional","1","Poisoning","GRINJ-015",81,151655,53.4,42.4,66.4
,"Penobscot County, ME","23019","2020","2020","Suicide","2","Firearm","GRINJ-006",19,151655,12.5,7.5,19.6
,"Somerset County, ME","23025","2020","2020","Unintentional","1","Poisoning","GRINJ-015",22,50635,43.4,27.2,65.8
,"Waldo County, ME","23027","2020","2020","Unintentional","1","Fall","GRINJ-003",11,39923,27.6,13.8,49.3
,"Washington County, ME","23029","2020","2020","Unintentional","1","Fall","GRINJ-003",10,31473,31.8,15.2,58.4
,"Washington County, ME","23029","2020","2020","Unintentional","1","Motor Vehicle Traffic","GRINJ-008",11,31473,35.0,17.4,62.5
,"Washington County, ME","23029","2020","2020","Unintentional","1","Poisoning","GRINJ-015",23,31473,73.1,46.3,109.7
,"York County, ME","23031","2020","2020","Unintentional","1","Fall","GRINJ-003",74,209066,35.4,27.8,44.4
,"York County, ME","23031","2020","2020","Unintentional","1","Motor Vehicle Traffic","GRINJ-008",22,209066,10.5,6.6,15.9
,"York County, ME","23031","2020","2020","Unintentional","1","Poisoning","GRINJ-015",63,209066,30.1,23.2,38.6
,"York County, ME","23031","2020","2020","Suicide","2","Firearm","GRINJ-006",13,209066,6.2,3.3,10.6
,"York County, ME","23031","2020","2020","Suicide","2","Poisoning","GRINJ-015",11,209066,5.3,2.6,9.4
,"York County, ME","23031","2020","2020","Suicide","2","Suffocation","GRINJ-017",14,209066,6.7,3.7,11.2
,"Allegany County, MD","24001","2020","2020","Unintentional","1","Fall","GRINJ-003",20,70057,28.5,17.4,44.1
,"Allegany County, MD","24001","2020","2020","Unintentional","1","Poisoning","GRINJ-015",21,70057,30.0,18.6,45.8
,"Allegany County, MD","24001","2020","2020","Undetermined ","4","Poisoning","GRINJ-015",30,70057,42.8,28.9,61.1
,"Anne Arundel County, MD","24003","2020","2020","Unintentional","1","Fall","GRINJ-003",69,582777,11.8,9.2,15.0
,"Anne Arundel County, MD","24003","2020","2020","Unintentional","1","Motor Vehicle Traffic","GRINJ-008",65,582777,11.2,8.6,14.2
,"Anne Arundel County, MD","24003","2020","2020","Unintentional","1","Poisoning","GRINJ-015",92,582777,15.8,12.7,19.4
,"Anne Arundel County, MD","24003","2020","2020","Suicide","2","Firearm","GRINJ-006",26,582777,4.5,2.9,6.5
,"Anne Arundel County, MD","24003","2020","2020","Suicide","2","Poisoning","GRINJ-015",12,582777,2.1,1.1,3.6
,"Anne Arundel County, MD","24003","2020","2020","Suicide","2","Suffocation","GRINJ-017",20,582777,3.4,2.1,5.3
,"Anne Arundel County, MD","24003","2020","2020","Homicide","3","Firearm","GRINJ-006",18,582777,3.1,1.8,4.9
,"Anne Arundel County, MD","24003","2020","2020","Undetermined ","4","Poisoning","GRINJ-015",179,582777,30.7,26.2,35.2
,"Baltimore County, MD","24005","2020","2020","Unintentional","1","Fall","GRINJ-003",168,826017,20.3,17.3,23.4
,"Baltimore County, MD","24005","2020","2020","Unintentional","1","Motor Vehicle Traffic","GRINJ-008",86,826017,10.4,8.3,12.9
,"Baltimore County, MD","24005","2020","2020","Unintentional","1","Poisoning","GRINJ-015",156,826017,18.9,15.9,21.8
,"Baltimore County, MD","24005","2020","2020","Unintentional","1","Suffocation","GRINJ-017",20,826017,2.4,1.5,3.7
,"Baltimore County, MD","24005","2020","2020","Unintentional","1","Unspecified Injury","GRINJ-020",21,826017,2.5,1.6,3.9
,"Baltimore County, MD","24005","2020","2020","Suicide","2","Firearm","GRINJ-006",44,826017,5.3,3.9,7.2
,"Baltimore County, MD","24005","2020","2020","Suicide","2","Poisoning","GRINJ-015",17,826017,2.1,1.2,3.3
,"Baltimore County, MD","24005","2020","2020","Suicide","2","Suffocation","GRINJ-017",28,826017,3.4,2.3,4.9
,"Baltimore County, MD","24005","2020","2020","Homicide","3","Firearm","GRINJ-006",70,826017,8.5,6.6,10.7
,"Baltimore County, MD","24005","2020","2020","Undetermined ","4","Poisoning","GRINJ-015",274,826017,33.2,29.2,37.1
,"Calvert County, MD","24009","2020","2020","Unintentional","1","Fall","GRINJ-003",14,93072,15.0,8.2,25.2
,"Calvert County, MD","24009","2020","2020","Unintentional","1","Motor Vehicle Traffic","GRINJ-008",12,93072,12.9,6.7,22.5
,"Calvert County, MD","24009","2020","2020","Unintentional","1","Poisoning","GRINJ-015",11,93072,11.8,5.9,21.1
,"Calvert County, MD","24009","2020","2020","Undetermined ","4","Poisoning","GRINJ-015",22,93072,23.6,14.8,35.8
,"Caroline County, MD","24011","2020","2020","Undetermined ","4","Poisoning","GRINJ-015",16,33492,47.8,27.3,77.6
,"Carroll County, MD","24013","2020","2020","Unintentional","1","Fall","GRINJ-003",23,169092,13.6,8.6,20.4
,"Carroll County, MD","24013","2020","2020","Unintentional","1","Motor Vehicle Traffic","GRINJ-008",15,169092,8.9,5.0,14.6
,"Carroll County, MD","24013","2020","2020","Unintentional","1","Poisoning","GRINJ-015",20,169092,11.8,7.2,18.3
,"Carroll County, MD","24013","2020","2020","Suicide","2","Firearm","GRINJ-006",11,169092,6.5,3.2,11.6
,"Carroll County, MD","24013","2020","2020","Undetermined ","4","Poisoning","GRINJ-015",38,169092,22.5,15.9,30.8
,"Cecil County, MD","24015","2020","2020","Unintentional","1","Fall","GRINJ-003",14,103419,13.5,7.4,22.7
,"Cecil County, MD","24015","2020","2020","Unintentional","1","Motor Vehicle Traffic","GRINJ-008",19,103419,18.4,11.1,28.7
,"Cecil County, MD","24015","2020","2020","Unintentional","1","Poisoning","GRINJ-015",38,103419,36.7,26.0,50.4
,"Cecil County, MD","24015","2020","2020","Suicide","2","Firearm","GRINJ-006",12,103419,11.6,6.0,20.3
,"Cecil County, MD","24015","2020","2020","Undetermined ","4","Poisoning","GRINJ-015",59,103419,57.0,43.4,73.6
,"Charles County, MD","24017","2020","2020","Unintentional","1","Fall","GRINJ-003",15,164436,9.1,5.1,15.0
,"Charles County, MD","24017","2020","2020","Unintentional","1","Motor Vehicle Traffic","GRINJ-008",36,164436,21.9,15.3,30.3
,"Charles County, MD","24017","2020","2020","Unintentional","1","Poisoning","GRINJ-015",21,164436,12.8,7.9,19.5
,"Charles County, MD","24017","2020","2020","Homicide","3","Firearm","GRINJ-006",19,164436,11.6,7.0,18.0
,"Charles County, MD","24017","2020","2020","Undetermined ","4","Poisoning","GRINJ-015",37,164436,22.5,15.8,31.0
,"Dorchester County, MD","24019","2020","2020","Undetermined ","4","Poisoning","GRINJ-015",12,31853,37.7,19.5,65.8
,"Frederick County, MD","24021","2020","2020","Unintentional","1","Fall","GRINJ-003",46,265161,17.3,12.7,23.1
,"Frederick County, MD","24021","2020","2020","Unintentional","1","Motor Vehicle Traffic","GRINJ-008",23,265161,8.7,5.5,13.0
,"Frederick County, MD","24021","2020","2020","Unintentional","1","Poisoning","GRINJ-015",29,265161,10.9,7.3,15.7
,"Frederick County, MD","24021","2020","2020","Suicide","2","Firearm","GRINJ-006",12,265161,4.5,2.3,7.9
,"Frederick County, MD","24021","2020","2020","Suicide","2","Suffocation","GRINJ-017",12,265161,4.5,2.3,7.9
,"Frederick County, MD","24021","2020","2020","Undetermined ","4","Poisoning","GRINJ-015",50,265161,18.9,14.0,24.9
,"Harford County, MD","24025","2020","2020","Unintentional","1","Fall","GRINJ-003",35,256805,13.6,9.5,19.0
,"Harford County, MD","24025","2020","2020","Unintentional","1","Motor Vehicle Traffic","GRINJ-008",22,256805,8.6,5.4,13.0
,"Harford County, MD","24025","2020","2020","Unintentional","1","Poisoning","GRINJ-015",35,256805,13.6,9.5,19.0
,"Harford County, MD","24025","2020","2020","Suicide","2","Firearm","GRINJ-006",18,256805,7.0,4.2,11.1
,"Harford County, MD","24025","2020","2020","Undetermined ","4","Poisoning","GRINJ-015",66,256805,25.7,19.9,32.7
,"Howard County, MD","24027","2020","2020","Unintentional","1","Fall","GRINJ-003",28,328200,8.5,5.7,12.3
,"Howard County, MD","24027","2020","2020","Unintentional","1","Motor Vehicle Traffic","GRINJ-008",24,328200,7.3,4.7,10.9
,"Howard County, MD","24027","2020","2020","Unintentional","1","Poisoning","GRINJ-015",24,328200,7.3,4.7,10.9
,"Howard County, MD","24027","2020","2020","Undetermined ","4","Poisoning","GRINJ-015",35,328200,10.7,7.4,14.8
,"Montgomery County, MD","24031","2020","2020","Unintentional","1","Fall","GRINJ-003",139,1051816,13.2,11.0,15.4
,"Montgomery County, MD","24031","2020","2020","Unintentional","1","Motor Vehicle Traffic","GRINJ-008",55,1051816,5.2,3.9,6.8
,"Montgomery County, MD","24031","2020","2020","Unintentional","1","Poisoning","GRINJ-015",70,1051816,6.7,5.2,8.4
,"Montgomery County, MD","24031","2020","2020","Unintentional","1","Suffocation","GRINJ-017",16,1051816,1.5,0.9,2.5
,"Montgomery County, MD","24031","2020","2020","Unintentional","1","Unspecified Injury","GRINJ-020",12,1051816,1.1,0.6,2.0
,"Montgomery County, MD","24031","2020","2020","Suicide","2","Firearm","GRINJ-006",26,1051816,2.5,1.6,3.6
,"Montgomery County, MD","24031","2020","2020","Suicide","2","Poisoning","GRINJ-015",15,1051816,1.4,0.8,2.4
,"Montgomery County, MD","24031","2020","2020","Suicide","2","Suffocation","GRINJ-017",32,1051816,3.0,2.1,4.3
,"Montgomery County, MD","24031","2020","2020","Homicide","3","Firearm","GRINJ-006",15,1051816,1.4,0.8,2.4
,"Montgomery County, MD","24031","2020","2020","Undetermined ","4","Poisoning","GRINJ-015",83,1051816,7.9,6.3,9.8
,"Prince George's County, MD","24033","2020","2020","Unintentional","1","Drowning","GRINJ-002",10,909612,1.1,0.5,2.0
,"Prince George's County, MD","24033","2020","2020","Unintentional","1","Fall","GRINJ-003",71,909612,7.8,6.1,9.8
,"Prince George's County, MD","24033","2020","2020","Unintentional","1","Motor Vehicle Traffic","GRINJ-008",103,909612,11.3,9.1,13.5
,"Prince George's County, MD","24033","2020","2020","Unintentional","1","Poisoning","GRINJ-015",113,909612,12.4,10.1,14.7
,"Prince George's County, MD","24033","2020","2020","Unintentional","1","Suffocation","GRINJ-017",17,909612,1.9,1.1,3.0
,"Prince George's County, MD","24033","2020","2020","Unintentional","1","Unspecified Injury","GRINJ-020",17,909612,1.9,1.1,3.0
,"Prince George's County, MD","24033","2020","2020","Suicide","2","Firearm","GRINJ-006",27,909612,3.0,2.0,4.3
,"Prince George's County, MD","24033","2020","2020","Suicide","2","Suffocation","GRINJ-017",15,909612,1.6,0.9,2.7
,"Prince George's County, MD","24033","2020","2020","Homicide","3","Cut/Pierce","GRINJ-001",15,909612,1.6,0.9,2.7
,"Prince George's County, MD","24033","2020","2020","Homicide","3","Firearm","GRINJ-006",111,909612,12.2,9.9,14.5
,"Prince George's County, MD","24033","2020","2020","Undetermined ","4","Poisoning","GRINJ-015",116,909612,12.8,10.4,15.1
,"Queen Anne's County, MD","24035","2020","2020","Unintentional","1","Poisoning","GRINJ-015",14,51167,27.4,15.0,45.9
,"St. Mary's County, MD","24037","2020","2020","Unintentional","1","Motor Vehicle Traffic","GRINJ-008",16,114687,14.0,8.0,22.7
,"St. Mary's County, MD","24037","2020","2020","Unintentional","1","Poisoning","GRINJ-015",13,114687,11.3,6.0,19.4
,"St. Mary's County, MD","24037","2020","2020","Undetermined ","4","Poisoning","GRINJ-015",22,114687,19.2,12.0,29.0
,"Somerset County, MD","24039","2020","2020","Undetermined ","4","Poisoning","GRINJ-015",13,25453,51.1,27.2,87.3
,"Washington County, MD","24043","2020","2020","Unintentional","1","Fall","GRINJ-003",47,151146,31.1,22.8,41.4
,"Washington County, MD","24043","2020","2020","Unintentional","1","Motor Vehicle Traffic","GRINJ-008",12,151146,7.9,4.1,13.9
,"Washington County, MD","24043","2020","2020","Unintentional","1","Poisoning","GRINJ-015",36,151146,23.8,16.7,33.0
,"Washington County, MD","24043","2020","2020","Suicide","2","Firearm","GRINJ-006",15,151146,9.9,5.6,16.4
,"Washington County, MD","24043","2020","2020","Homicide","3","Firearm","GRINJ-006",11,151146,7.3,3.6,13.0
,"Washington County, MD","24043","2020","2020","Undetermined ","4","Poisoning","GRINJ-015",70,151146,46.3,36.1,58.5
,"Wicomico County, MD","24045","2020","2020","Unintentional","1","Fall","GRINJ-003",12,103990,11.5,6.0,20.2
,"Wicomico County, MD","24045","2020","2020","Unintentional","1","Motor Vehicle Traffic","GRINJ-008",13,103990,12.5,6.7,21.4
,"Wicomico County, MD","24045","2020","2020","Unintentional","1","Poisoning","GRINJ-015",21,103990,20.2,12.5,30.9
,"Wicomico County, MD","24045","2020","2020","Undetermined ","4","Poisoning","GRINJ-015",26,103990,25.0,16.3,36.6
,"Worcester County, MD","24047","2020","2020","Unintentional","1","Motor Vehicle Traffic","GRINJ-008",10,52403,19.1,9.2,35.1
,"Worcester County, MD","24047","2020","2020","Undetermined ","4","Poisoning","GRINJ-015",11,52403,21.0,10.5,37.6
,"Baltimore city, MD","24510","2020","2020","Unintentional","1","Fall","GRINJ-003",92,586131,15.7,12.7,19.2
,"Baltimore city, MD","24510","2020","2020","Unintentional","1","Motor Vehicle Traffic","GRINJ-008",65,586131,11.1,8.6,14.1
,"Baltimore city, MD","24510","2020","2020","Unintentional","1","Poisoning","GRINJ-015",299,586131,51.0,45.2,56.8
,"Baltimore city, MD","24510","2020","2020","Unintentional","1","Suffocation","GRINJ-017",18,586131,3.1,1.8,4.9
,"Baltimore city, MD","24510","2020","2020","Unintentional","1","Unspecified Injury","GRINJ-020",15,586131,2.6,1.4,4.2
,"Baltimore city, MD","24510","2020","2020","Suicide","2","Firearm","GRINJ-006",24,586131,4.1,2.6,6.1
,"Baltimore city, MD","24510","2020","2020","Suicide","2","Suffocation","GRINJ-017",20,586131,3.4,2.1,5.3
,"Baltimore city, MD","24510","2020","2020","Homicide","3","Cut/Pierce","GRINJ-001",11,586131,1.9,0.9,3.4
,"Baltimore city, MD","24510","2020","2020","Homicide","3","Firearm","GRINJ-006",243,586131,41.5,36.2,46.7
,"Baltimore city, MD","24510","2020","2020","Homicide","3","Unspecified Injury","GRINJ-020",12,586131,2.0,1.1,3.6
,"Baltimore city, MD","24510","2020","2020","Undetermined ","4","Poisoning","GRINJ-015",533,586131,90.9,83.2,98.7
,"Barnstable County, MA","25001","2020","2020","Unintentional","1","Fall","GRINJ-003",58,213164,27.2,20.7,35.2
,"Barnstable County, MA","25001","2020","2020","Unintentional","1","Motor Vehicle Traffic","GRINJ-008",10,213164,4.7,2.2,8.6
,"Barnstable County, MA","25001","2020","2020","Unintentional","1","Poisoning","GRINJ-015",80,213164,37.5,29.8,46.7
,"Barnstable County, MA","25001","2020","2020","Suicide","2","Suffocation","GRINJ-017",16,213164,7.5,4.3,12.2
,"Berkshire County, MA","25003","2020","2020","Unintentional","1","Fall","GRINJ-003",28,124571,22.5,14.9,32.5
,"Berkshire County, MA","25003","2020","2020","Unintentional","1","Motor Vehicle Traffic","GRINJ-008",12,124571,9.6,5.0,16.8
,"Berkshire County, MA","25003","2020","2020","Unintentional","1","Poisoning","GRINJ-015",63,124571,50.6,38.9,64.7
,"Bristol County, MA","25005","2020","2020","Unintentional","1","Fall","GRINJ-003",79,566765,13.9,11.0,17.4
,"Bristol County, MA","25005","2020","2020","Unintentional","1","Motor Vehicle Traffic","GRINJ-008",53,566765,9.4,7.0,12.2
,"Bristol County, MA","25005","2020","2020","Unintentional","1","Poisoning","GRINJ-015",250,566765,44.1,38.6,49.6
,"Bristol County, MA","25005","2020","2020","Unintentional","1","Suffocation","GRINJ-017",23,566765,4.1,2.6,6.1
,"Bristol County, MA","25005","2020","2020","Unintentional","1","Unspecified Injury","GRINJ-020",13,566765,2.3,1.2,3.9
,"Bristol County, MA","25005","2020","2020","Suicide","2","Firearm","GRINJ-006",20,566765,3.5,2.2,5.4
,"Bristol County, MA","25005","2020","2020","Suicide","2","Suffocation","GRINJ-017",35,566765,6.2,4.3,8.6
,"Bristol County, MA","25005","2020","2020","Homicide","3","Firearm","GRINJ-006",11,566765,1.9,1.0,3.5
,"Essex County, MA","25009","2020","2020","Unintentional","1","Fall","GRINJ-003",129,791263,16.3,13.5,19.1
,"Essex County, MA","25009","2020","2020","Unintentional","1","Motor Vehicle Traffic","GRINJ-008",34,791263,4.3,3.0,6.0
,"Essex County, MA","25009","2020","2020","Unintentional","1","Poisoning","GRINJ-015",267,791263,33.7,29.7,37.8
,"Essex County, MA","25009","2020","2020","Unintentional","1","Suffocation","GRINJ-017",16,791263,2.0,1.2,3.3
,"Essex County, MA","25009","2020","2020","Unintentional","1","Unspecified Injury","GRINJ-020",12,791263,1.5,0.8,2.6
,"Essex County, MA","25009","2020","2020","Suicide","2","Firearm","GRINJ-006",15,791263,1.9,1.1,3.1
,"Essex County, MA","25009","2020","2020","Suicide","2","Poisoning","GRINJ-015",10,791263,1.3,0.6,2.3
,"Essex County, MA","25009","2020","2020","Suicide","2","Suffocation","GRINJ-017",25,791263,3.2,2.0,4.7
,"Essex County, MA","25009","2020","2020","Homicide","3","Firearm","GRINJ-006",12,791263,1.5,0.8,2.6
,"Franklin County, MA","25011","2020","2020","Unintentional","1","Poisoning","GRINJ-015",19,70267,27.0,16.3,42.2
,"Hampden County, MA","25013","2020","2020","Unintentional","1","Fall","GRINJ-003",62,463986,13.4,10.2,17.1
,"Hampden County, MA","25013","2020","2020","Unintentional","1","Motor Vehicle Traffic","GRINJ-008",50,463986,10.8,8.0,14.2
,"Hampden County, MA","25013","2020","2020","Unintentional","1","Poisoning","GRINJ-015",231,463986,49.8,43.4,56.2
,"Hampden County, MA","25013","2020","2020","Unintentional","1","Suffocation","GRINJ-017",13,463986,2.8,1.5,4.8
,"Hampden County, MA","25013","2020","2020","Suicide","2","Firearm","GRINJ-006",14,463986,3.0,1.6,5.1
,"Hampden County, MA","25013","2020","2020","Suicide","2","Poisoning","GRINJ-015",10,463986,2.2,1.0,4.0
,"Hampden County, MA","25013","2020","2020","Suicide","2","Suffocation","GRINJ-017",14,463986,3.0,1.6,5.1
,"Hampden County, MA","25013","2020","2020","Homicide","3","Firearm","GRINJ-006",26,463986,5.6,3.7,8.2
,"Hampshire County, MA","25015","2020","2020","Unintentional","1","Fall","GRINJ-003",23,161401,14.3,9.0,21.4
,"Hampshire County, MA","25015","2020","2020","Unintentional","1","Poisoning","GRINJ-015",34,161401,21.1,14.6,29.4
,"Middlesex County, MA","25017","2020","2020","Unintentional","1","Drowning","GRINJ-002",11,1609379,0.7,0.3,1.2
,"Middlesex County, MA","25017","2020","2020","Unintentional","1","Fall","GRINJ-003",234,1609379,14.5,12.7,16.4
,"Middlesex County, MA","25017","2020","2020","Unintentional","1","Fire/Flame","GRINJ-004",15,1609379,0.9,0.5,1.5
,"Middlesex County, MA","25017","2020","2020","Unintentional","1","Motor Vehicle Traffic","GRINJ-008",60,1609379,3.7,2.8,4.8
,"Middlesex County, MA","25017","2020","2020","Unintentional","1","Poisoning","GRINJ-015",320,1609379,19.9,17.7,22.1
,"Middlesex County, MA","25017","2020","2020","Unintentional","1","Suffocation","GRINJ-017",29,1609379,1.8,1.2,2.6
,"Middlesex County, MA","25017","2020","2020","Unintentional","1","Unspecified Injury","GRINJ-020",31,1609379,1.9,1.3,2.7
,"Middlesex County, MA","25017","2020","2020","Suicide","2","Firearm","GRINJ-006",19,1609379,1.2,0.7,1.8
,"Middlesex County, MA","25017","2020","2020","Suicide","2","Poisoning","GRINJ-015",25,1609379,1.6,1.0,2.3
,"Middlesex County, MA","25017","2020","2020","Suicide","2","Suffocation","GRINJ-017",62,1609379,3.9,3.0,4.9
,"Middlesex County, MA","25017","2020","2020","Homicide","3","Firearm","GRINJ-006",12,1609379,0.7,0.4,1.3
,"Norfolk County, MA","25021","2020","2020","Unintentional","1","Fall","GRINJ-003",107,709409,15.1,12.2,17.9
,"Norfolk County, MA","25021","2020","2020","Unintentional","1","Motor Vehicle Traffic","GRINJ-008",42,709409,5.9,4.3,8.0
,"Norfolk County, MA","25021","2020","2020","Unintentional","1","Poisoning","GRINJ-015",165,709409,23.3,19.7,26.8
,"Norfolk County, MA","25021","2020","2020","Unintentional","1","Suffocation","GRINJ-017",23,709409,3.2,2.1,4.9
,"Norfolk County, MA","25021","2020","2020","Unintentional","1","Unspecified Injury","GRINJ-020",10,709409,1.4,0.7,2.6
,"Norfolk County, MA","25021","2020","2020","Suicide","2","Poisoning","GRINJ-015",13,709409,1.8,1.0,3.1
,"Norfolk County, MA","25021","2020","2020","Suicide","2","Suffocation","GRINJ-017",32,709409,4.5,3.1,6.4
,"Plymouth County, MA","25023","2020","2020","Unintentional","1","Fall","GRINJ-003",91,523738,17.4,14.0,21.3
,"Plymouth County, MA","25023","2020","2020","Unintentional","1","Motor Vehicle Traffic","GRINJ-008",36,523738,6.9,4.8,9.5
,"Plymouth County, MA","25023","2020","2020","Unintentional","1","Poisoning","GRINJ-015",191,523738,36.5,31.3,41.6
,"Plymouth County, MA","25023","2020","2020","Unintentional","1","Suffocation","GRINJ-017",12,523738,2.3,1.2,4.0
,"Plymouth County, MA","25023","2020","2020","Suicide","2","Firearm","GRINJ-006",13,523738,2.5,1.3,4.2
,"Plymouth County, MA","25023","2020","2020","Suicide","2","Suffocation","GRINJ-017",31,523738,5.9,4.0,8.4
,"Suffolk County, MA","25025","2020","2020","Unintentional","1","Fall","GRINJ-003",56,801582,7.0,5.3,9.1
,"Suffolk County, MA","25025","2020","2020","Unintentional","1","Motor Vehicle Traffic","GRINJ-008",27,801582,3.4,2.2,4.9
,"Suffolk County, MA","25025","2020","2020","Unintentional","1","Poisoning","GRINJ-015",308,801582,38.4,34.1,42.7
,"Suffolk County, MA","25025","2020","2020","Unintentional","1","Suffocation","GRINJ-017",14,801582,1.7,1.0,2.9
,"Suffolk County, MA","25025","2020","2020","Suicide","2","Suffocation","GRINJ-017",20,801582,2.5,1.5,3.9
,"Suffolk County, MA","25025","2020","2020","Homicide","3","Firearm","GRINJ-006",43,801582,5.4,3.9,7.2
,"Worcester County, MA","25027","2020","2020","Unintentional","1","Fall","GRINJ-003",138,829212,16.6,13.9,19.4
,"Worcester County, MA","25027","2020","2020","Unintentional","1","Motor Vehicle Traffic","GRINJ-008",43,829212,5.2,3.8,7.0
,"Worcester County, MA","25027","2020","2020","Unintentional","1","Poisoning","GRINJ-015",297,829212,35.8,31.7,39.9
,"Worcester County, MA","25027","2020","2020","Unintentional","1","Suffocation","GRINJ-017",12,829212,1.4,0.7,2.5
,"Worcester County, MA","25027","2020","2020","Unintentional","1","Unspecified Injury","GRINJ-020",13,829212,1.6,0.8,2.7
,"Worcester County, MA","25027","2020","2020","Suicide","2","Firearm","GRINJ-006",20,829212,2.4,1.5,3.7
,"Worcester County, MA","25027","2020","2020","Suicide","2","Poisoning","GRINJ-015",15,829212,1.8,1.0,3.0
,"Worcester County, MA","25027","2020","2020","Suicide","2","Suffocation","GRINJ-017",26,829212,3.1,2.0,4.6
,"Worcester County, MA","25027","2020","2020","Homicide","3","Firearm","GRINJ-006",10,829212,1.2,0.6,2.2
,"Allegan County, MI","26005","2020","2020","Unintentional","1","Fall","GRINJ-003",35,118927,29.4,20.5,40.9
,"Allegan County, MI","26005","2020","2020","Unintentional","1","Motor Vehicle Traffic","GRINJ-008",21,118927,17.7,10.9,27.0
,"Allegan County, MI","26005","2020","2020","Unintentional","1","Poisoning","GRINJ-015",17,118927,14.3,8.3,22.9
,"Allegan County, MI","26005","2020","2020","Suicide","2","Firearm","GRINJ-006",15,118927,12.6,7.1,20.8
,"Allegan County, MI","26005","2020","2020","Suicide","2","Suffocation","GRINJ-017",12,118927,10.1,5.2,17.6
,"Alpena County, MI","26007","2020","2020","Unintentional","1","Fall","GRINJ-003",11,28238,39.0,19.4,69.7
,"Barry County, MI","26015","2020","2020","Unintentional","1","Fall","GRINJ-003",11,62061,17.7,8.8,31.7
,"Barry County, MI","26015","2020","2020","Unintentional","1","Motor Vehicle Traffic","GRINJ-008",10,62061,16.1,7.7,29.6
,"Barry County, MI","26015","2020","2020","Unintentional","1","Poisoning","GRINJ-015",12,62061,19.3,10.0,33.8
,"Bay County, MI","26017","2020","2020","Unintentional","1","Fall","GRINJ-003",18,102387,17.6,10.4,27.8
,"Bay County, MI","26017","2020","2020","Unintentional","1","Motor Vehicle Traffic","GRINJ-008",13,102387,12.7,6.8,21.7
,"Bay County, MI","26017","2020","2020","Unintentional","1","Poisoning","GRINJ-015",35,102387,34.2,23.8,47.5
,"Berrien County, MI","26021","2020","2020","Unintentional","1","Fall","GRINJ-003",14,153025,9.1,5.0,15.4
,"Berrien County, MI","26021","2020","2020","Unintentional","1","Motor Vehicle Traffic","GRINJ-008",14,153025,9.1,5.0,15.4
,"Berrien County, MI","26021","2020","2020","Unintentional","1","Poisoning","GRINJ-015",28,153025,18.3,12.2,26.4
,"Berrien County, MI","26021","2020","2020","Suicide","2","Firearm","GRINJ-006",17,153025,11.1,6.5,17.8
,"Berrien County, MI","26021","2020","2020","Homicide","3","Firearm","GRINJ-006",11,153025,7.2,3.6,12.9
,"Calhoun County, MI","26025","2020","2020","Unintentional","1","Fall","GRINJ-003",24,133580,18.0,11.5,26.7
,"Calhoun County, MI","26025","2020","2020","Unintentional","1","Motor Vehicle Traffic","GRINJ-008",19,133580,14.2,8.6,22.2
,"Calhoun County, MI","26025","2020","2020","Unintentional","1","Poisoning","GRINJ-015",54,133580,40.4,30.4,52.7
,"Calhoun County, MI","26025","2020","2020","Suicide","2","Firearm","GRINJ-006",11,133580,8.2,4.1,14.7
,"Cass County, MI","26027","2020","2020","Unintentional","1","Motor Vehicle Traffic","GRINJ-008",12,51584,23.3,12.0,40.6
,"Clare County, MI","26035","2020","2020","Unintentional","1","Poisoning","GRINJ-015",10,30771,32.5,15.6,59.8
,"Clinton County, MI","26037","2020","2020","Unintentional","1","Fall","GRINJ-003",11,79753,13.8,6.9,24.7
,"Clinton County, MI","26037","2020","2020","Unintentional","1","Motor Vehicle Traffic","GRINJ-008",10,79753,12.5,6.0,23.1
,"Eaton County, MI","26045","2020","2020","Unintentional","1","Fall","GRINJ-003",18,110148,16.3,9.7,25.8
,"Eaton County, MI","26045","2020","2020","Unintentional","1","Motor Vehicle Traffic","GRINJ-008",16,110148,14.5,8.3,23.6
,"Eaton County, MI","26045","2020","2020","Unintentional","1","Poisoning","GRINJ-015",26,110148,23.6,15.4,34.6
,"Emmet County, MI","26047","2020","2020","Unintentional","1","Fall","GRINJ-003",10,33342,30.0,14.4,55.2
,"Genesee County, MI","26049","2020","2020","Unintentional","1","Drowning","GRINJ-002",12,404794,3.0,1.5,5.2
,"Genesee County, MI","26049","2020","2020","Unintentional","1","Fall","GRINJ-003",40,404794,9.9,7.1,13.5
,"Genesee County, MI","26049","2020","2020","Unintentional","1","Motor Vehicle Traffic","GRINJ-008",65,404794,16.1,12.4,20.5
,"Genesee County, MI","26049","2020","2020","Unintentional","1","Poisoning","GRINJ-015",179,404794,44.2,37.7,50.7
,"Genesee County, MI","26049","2020","2020","Unintentional","1","Suffocation","GRINJ-017",11,404794,2.7,1.4,4.9
,"Genesee County, MI","26049","2020","2020","Suicide","2","Firearm","GRINJ-006",36,404794,8.9,6.2,12.3
,"Genesee County, MI","26049","2020","2020","Suicide","2","Suffocation","GRINJ-017",19,404794,4.7,2.8,7.3
,"Genesee County, MI","26049","2020","2020","Homicide","3","Firearm","GRINJ-006",61,404794,15.1,11.5,19.4
,"Grand Traverse County, MI","26055","2020","2020","Unintentional","1","Fall","GRINJ-003",19,93592,20.3,12.2,31.7
,"Grand Traverse County, MI","26055","2020","2020","Unintentional","1","Poisoning","GRINJ-015",15,93592,16.0,9.0,26.4
,"Gratiot County, MI","26057","2020","2020","Unintentional","1","Motor Vehicle Traffic","GRINJ-008",12,40283,29.8,15.4,52.0
,"Ingham County, MI","26065","2020","2020","Unintentional","1","Fall","GRINJ-003",45,290609,15.5,11.3,20.7
,"Ingham County, MI","26065","2020","2020","Unintentional","1","Motor Vehicle Traffic","GRINJ-008",26,290609,8.9,5.8,13.1
,"Ingham County, MI","26065","2020","2020","Unintentional","1","Poisoning","GRINJ-015",115,290609,39.6,32.3,46.8
,"Ingham County, MI","26065","2020","2020","Suicide","2","Firearm","GRINJ-006",16,290609,5.5,3.1,8.9
,"Ingham County, MI","26065","2020","2020","Suicide","2","Suffocation","GRINJ-017",11,290609,3.8,1.9,6.8
,"Ingham County, MI","26065","2020","2020","Homicide","3","Firearm","GRINJ-006",15,290609,5.2,2.9,8.5
,"Ionia County, MI","26067","2020","2020","Unintentional","1","Fall","GRINJ-003",10,64553,15.5,7.4,28.5
,"Ionia County, MI","26067","2020","2020","Unintentional","1","Motor Vehicle Traffic","GRINJ-008",13,64553,20.1,10.7,34.4
,"Ionia County, MI","26067","2020","2020","Unintentional","1","Poisoning","GRINJ-015",11,64553,17.0,8.5,30.5
,"Isabella County, MI","26073","2020","2020","Unintentional","1","Poisoning","GRINJ-015",11,69504,15.8,7.9,28.3
,"Jackson County, MI","26075","2020","2020","Unintentional","1","Fall","GRINJ-003",15,156920,9.6,5.4,15.8
,"Jackson County, MI","26075","2020","2020","Unintentional","1","Motor Vehicle Traffic","GRINJ-008",18,156920,11.5,6.8,18.1
,"Jackson County, MI","26075","2020","2020","Suicide","2","Firearm","GRINJ-006",19,156920,12.1,7.3,18.9
,"Jackson County, MI","26075","2020","2020","Homicide","3","Firearm","GRINJ-006",12,156920,7.6,4.0,13.4
,"Jackson County, MI","26075","2020","2020","Undetermined ","4","Poisoning","GRINJ-015",10,156920,6.4,3.1,11.7
,"Kalamazoo County, MI","26077","2020","2020","Unintentional","1","Fall","GRINJ-003",61,265988,22.9,17.5,29.5
,"Kalamazoo County, MI","26077","2020","2020","Unintentional","1","Motor Vehicle Traffic","GRINJ-008",19,265988,7.1,4.3,11.2
,"Kalamazoo County, MI","26077","2020","2020","Unintentional","1","Poisoning","GRINJ-015",54,265988,20.3,15.3,26.5
,"Kalamazoo County, MI","26077","2020","2020","Suicide","2","Firearm","GRINJ-006",20,265988,7.5,4.6,11.6
,"Kalamazoo County, MI","26077","2020","2020","Suicide","2","Suffocation","GRINJ-017",17,265988,6.4,3.7,10.2
,"Kalamazoo County, MI","26077","2020","2020","Homicide","3","Firearm","GRINJ-006",14,265988,5.3,2.9,8.8
,"Kent County, MI","26081","2020","2020","Unintentional","1","Drowning","GRINJ-002",10,658708,1.5,0.7,2.8
,"Kent County, MI","26081","2020","2020","Unintentional","1","Fall","GRINJ-003",134,658708,20.3,16.9,23.8
,"Kent County, MI","26081","2020","2020","Unintentional","1","Motor Vehicle Traffic","GRINJ-008",59,658708,9.0,6.8,11.6
,"Kent County, MI","26081","2020","2020","Unintentional","1","Poisoning","GRINJ-015",106,658708,16.1,13.0,19.2
,"Kent County, MI","26081","2020","2020","Unintentional","1","Suffocation","GRINJ-017",20,658708,3.0,1.9,4.7
,"Kent County, MI","26081","2020","2020","Suicide","2","Firearm","GRINJ-006",25,658708,3.8,2.5,5.6
,"Kent County, MI","26081","2020","2020","Suicide","2","Suffocation","GRINJ-017",18,658708,2.7,1.6,4.3
,"Kent County, MI","26081","2020","2020","Homicide","3","Firearm","GRINJ-006",45,658708,6.8,5.0,9.1
,"Lapeer County, MI","26087","2020","2020","Unintentional","1","Fall","GRINJ-003",13,87635,14.8,7.9,25.4
,"Lapeer County, MI","26087","2020","2020","Unintentional","1","Poisoning","GRINJ-015",10,87635,11.4,5.5,21.0
,"Lenawee County, MI","26091","2020","2020","Unintentional","1","Fall","GRINJ-003",15,97808,15.3,8.6,25.3
,"Lenawee County, MI","26091","2020","2020","Unintentional","1","Motor Vehicle Traffic","GRINJ-008",15,97808,15.3,8.6,25.3
,"Lenawee County, MI","26091","2020","2020","Unintentional","1","Poisoning","GRINJ-015",18,97808,18.4,10.9,29.1
,"Lenawee County, MI","26091","2020","2020","Suicide","2","Firearm","GRINJ-006",11,97808,11.2,5.6,20.1
,"Livingston County, MI","26093","2020","2020","Unintentional","1","Fall","GRINJ-003",31,192335,16.1,11.0,22.9
,"Livingston County, MI","26093","2020","2020","Unintentional","1","Motor Vehicle Traffic","GRINJ-008",19,192335,9.9,5.9,15.4
,"Livingston County, MI","26093","2020","2020","Unintentional","1","Poisoning","GRINJ-015",34,192335,17.7,12.2,24.7
,"Livingston County, MI","26093","2020","2020","Suicide","2","Firearm","GRINJ-006",17,192335,8.8,5.1,14.2
,"Livingston County, MI","26093","2020","2020","Suicide","2","Suffocation","GRINJ-017",16,192335,8.3,4.8,13.5
,"Macomb County, MI","26099","2020","2020","Unintentional","1","Fall","GRINJ-003",161,870791,18.5,15.6,21.3
,"Macomb County, MI","26099","2020","2020","Unintentional","1","Motor Vehicle Traffic","GRINJ-008",68,870791,7.8,6.1,9.9
,"Macomb County, MI","26099","2020","2020","Unintentional","1","Poisoning","GRINJ-015",273,870791,31.4,27.6,35.1
,"Macomb County, MI","26099","2020","2020","Unintentional","1","Suffocation","GRINJ-017",14,870791,1.6,0.9,2.7
,"Macomb County, MI","26099","2020","2020","Suicide","2","Firearm","GRINJ-006",62,870791,7.1,5.5,9.1
,"Macomb County, MI","26099","2020","2020","Suicide","2","Poisoning","GRINJ-015",28,870791,3.2,2.1,4.6
,"Macomb County, MI","26099","2020","2020","Suicide","2","Suffocation","GRINJ-017",26,870791,3.0,2.0,4.4
,"Macomb County, MI","26099","2020","2020","Homicide","3","Firearm","GRINJ-006",41,870791,4.7,3.4,6.4
,"Macomb County, MI","26099","2020","2020","Undetermined ","4","Poisoning","GRINJ-015",42,870791,4.8,3.5,6.5
,"Manistee County, MI","26101","2020","2020","Unintentional","1","Poisoning","GRINJ-015",13,24738,52.6,28.0,89.9
,"Marquette County, MI","26103","2020","2020","Unintentional","1","Poisoning","GRINJ-015",10,65834,15.2,7.3,27.9
,"Mason County, MI","26105","2020","2020","Unintentional","1","Poisoning","GRINJ-015",10,29164,34.3,16.4,63.1
,"Midland County, MI","26111","2020","2020","Unintentional","1","Motor Vehicle Traffic","GRINJ-008",12,83441,14.4,7.4,25.1
,"Monroe County, MI","26115","2020","2020","Unintentional","1","Fall","GRINJ-003",13,150568,8.6,4.6,14.8
,"Monroe County, MI","26115","2020","2020","Unintentional","1","Motor Vehicle Traffic","GRINJ-008",19,150568,12.6,7.6,19.7
,"Monroe County, MI","26115","2020","2020","Unintentional","1","Poisoning","GRINJ-015",51,150568,33.9,25.2,44.5
,"Monroe County, MI","26115","2020","2020","Suicide","2","Firearm","GRINJ-006",18,150568,12.0,7.1,18.9
,"Montcalm County, MI","26117","2020","2020","Unintentional","1","Motor Vehicle Traffic","GRINJ-008",11,63476,17.3,8.7,31.0
,"Montcalm County, MI","26117","2020","2020","Suicide","2","Firearm","GRINJ-006",12,63476,18.9,9.8,33.0
,"Muskegon County, MI","26121","2020","2020","Unintentional","1","Fall","GRINJ-003",30,173883,17.3,11.6,24.6
,"Muskegon County, MI","26121","2020","2020","Unintentional","1","Motor Vehicle Traffic","GRINJ-008",25,173883,14.4,9.3,21.2
,"Muskegon County, MI","26121","2020","2020","Unintentional","1","Poisoning","GRINJ-015",53,173883,30.5,22.8,39.9
,"Muskegon County, MI","26121","2020","2020","Suicide","2","Firearm","GRINJ-006",11,173883,6.3,3.2,11.3
,"Muskegon County, MI","26121","2020","2020","Suicide","2","Suffocation","GRINJ-017",13,173883,7.5,4.0,12.8
,"Muskegon County, MI","26121","2020","2020","Homicide","3","Firearm","GRINJ-006",11,173883,6.3,3.2,11.3
,"Newaygo County, MI","26123","2020","2020","Unintentional","1","Fall","GRINJ-003",14,49348,28.4,15.5,47.6
,"Newaygo County, MI","26123","2020","2020","Unintentional","1","Motor Vehicle Traffic","GRINJ-008",14,49348,28.4,15.5,47.6
,"Oakland County, MI","26125","2020","2020","Unintentional","1","Drowning","GRINJ-002",14,1253459,1.1,0.6,1.9
,"Oakland County, MI","26125","2020","2020","Unintentional","1","Fall","GRINJ-003",204,1253459,16.3,14.0,18.5
,"Oakland County, MI","26125","2020","2020","Unintentional","1","Motor Vehicle Traffic","GRINJ-008",76,1253459,6.1,4.8,7.6
,"Oakland County, MI","26125","2020","2020","Unintentional","1","Poisoning","GRINJ-015",71,1253459,5.7,4.4,7.1
,"Oakland County, MI","26125","2020","2020","Unintentional","1","Suffocation","GRINJ-017",20,1253459,1.6,1.0,2.5
,"Oakland County, MI","26125","2020","2020","Suicide","2","Firearm","GRINJ-006",73,1253459,5.8,4.6,7.3
,"Oakland County, MI","26125","2020","2020","Suicide","2","Poisoning","GRINJ-015",27,1253459,2.2,1.4,3.1
,"Oakland County, MI","26125","2020","2020","Suicide","2","Suffocation","GRINJ-017",44,1253459,3.5,2.6,4.7
,"Oakland County, MI","26125","2020","2020","Homicide","3","Firearm","GRINJ-006",41,1253459,3.3,2.3,4.4
,"Oakland County, MI","26125","2020","2020","Undetermined ","4","Poisoning","GRINJ-015",128,1253459,10.2,8.4,12.0
,"Ottawa County, MI","26139","2020","2020","Unintentional","1","Fall","GRINJ-003",41,294635,13.9,10.0,18.9
,"Ottawa County, MI","26139","2020","2020","Unintentional","1","Motor Vehicle Traffic","GRINJ-008",24,294635,8.1,5.2,12.1
,"Ottawa County, MI","26139","2020","2020","Unintentional","1","Poisoning","GRINJ-015",32,294635,10.9,7.4,15.3
,"Ottawa County, MI","26139","2020","2020","Suicide","2","Firearm","GRINJ-006",14,294635,4.8,2.6,8.0
,"Saginaw County, MI","26145","2020","2020","Unintentional","1","Fall","GRINJ-003",25,189868,13.2,8.5,19.4
,"Saginaw County, MI","26145","2020","2020","Unintentional","1","Motor Vehicle Traffic","GRINJ-008",17,189868,9.0,5.2,14.3
,"Saginaw County, MI","26145","2020","2020","Unintentional","1","Poisoning","GRINJ-015",38,189868,20.0,14.2,27.5
,"Saginaw County, MI","26145","2020","2020","Unintentional","1","Suffocation","GRINJ-017",10,189868,5.3,2.5,9.7
,"Saginaw County, MI","26145","2020","2020","Suicide","2","Firearm","GRINJ-006",14,189868,7.4,4.0,12.4
,"Saginaw County, MI","26145","2020","2020","Homicide","3","Firearm","GRINJ-006",24,189868,12.6,8.1,18.8
,"Saginaw County, MI","26145","2020","2020","Undetermined ","4","Poisoning","GRINJ-015",30,189868,15.8,10.7,22.6
,"St. Clair County, MI","26147","2020","2020","Unintentional","1","Fall","GRINJ-003",27,159293,16.9,11.2,24.7
,"St. Clair County, MI","26147","2020","2020","Unintentional","1","Motor Vehicle Traffic","GRINJ-008",23,159293,14.4,9.2,21.7
,"St. Clair County, MI","26147","2020","2020","Unintentional","1","Poisoning","GRINJ-015",46,159293,28.9,21.1,38.5
,"St. Clair County, MI","26147","2020","2020","Suicide","2","Firearm","GRINJ-006",10,159293,6.3,3.0,11.5
,"St. Clair County, MI","26147","2020","2020","Suicide","2","Suffocation","GRINJ-017",15,159293,9.4,5.3,15.5
,"St. Clair County, MI","26147","2020","2020","Undetermined ","4","Poisoning","GRINJ-015",12,159293,7.5,3.9,13.2
,"St. Joseph County, MI","26149","2020","2020","Unintentional","1","Fall","GRINJ-003",12,60848,19.7,10.2,34.4
,"St. Joseph County, MI","26149","2020","2020","Unintentional","1","Motor Vehicle Traffic","GRINJ-008",15,60848,24.7,13.8,40.7
,"St. Joseph County, MI","26149","2020","2020","Unintentional","1","Poisoning","GRINJ-015",13,60848,21.4,11.4,36.5
,"Shiawassee County, MI","26155","2020","2020","Unintentional","1","Fall","GRINJ-003",11,67738,16.2,8.1,29.1
,"Shiawassee County, MI","26155","2020","2020","Unintentional","1","Poisoning","GRINJ-015",14,67738,20.7,11.3,34.7
,"Tuscola County, MI","26157","2020","2020","Unintentional","1","Fall","GRINJ-003",11,52289,21.0,10.5,37.6
,"Tuscola County, MI","26157","2020","2020","Unintentional","1","Motor Vehicle Traffic","GRINJ-008",13,52289,24.9,13.2,42.5
,"Van Buren County, MI","26159","2020","2020","Unintentional","1","Fall","GRINJ-003",21,75474,27.8,17.2,42.5
,"Van Buren County, MI","26159","2020","2020","Unintentional","1","Motor Vehicle Traffic","GRINJ-008",10,75474,13.2,6.4,24.4
,"Van Buren County, MI","26159","2020","2020","Unintentional","1","Poisoning","GRINJ-015",20,75474,26.5,16.2,40.9
,"Washtenaw County, MI","26161","2020","2020","Unintentional","1","Fall","GRINJ-003",50,366473,13.6,10.1,18.0
,"Washtenaw County, MI","26161","2020","2020","Unintentional","1","Motor Vehicle Traffic","GRINJ-008",28,366473,7.6,5.1,11.0
,"Washtenaw County, MI","26161","2020","2020","Unintentional","1","Poisoning","GRINJ-015",68,366473,18.6,14.4,23.5
,"Washtenaw County, MI","26161","2020","2020","Suicide","2","Firearm","GRINJ-006",20,366473,5.5,3.3,8.4
,"Washtenaw County, MI","26161","2020","2020","Suicide","2","Suffocation","GRINJ-017",14,366473,3.8,2.1,6.4
,"Washtenaw County, MI","26161","2020","2020","Homicide","3","Firearm","GRINJ-006",10,366473,2.7,1.3,5.0
,"Wayne County, MI","26163","2020","2020","Unintentional","1","Drowning","GRINJ-002",20,1740623,1.1,0.7,1.8
,"Wayne County, MI","26163","2020","2020","Unintentional","1","Fall","GRINJ-003",147,1740623,8.4,7.1,9.8
,"Wayne County, MI","26163","2020","2020","Unintentional","1","Fire/Flame","GRINJ-004",34,1740623,2.0,1.4,2.7
,"Wayne County, MI","26163","2020","2020","Unintentional","1","Motor Vehicle Traffic","GRINJ-008",266,1740623,15.3,13.4,17.1
,"Wayne County, MI","26163","2020","2020","Unintentional","1","Natural/Environmental","GRINJ-013",14,1740623,0.8,0.4,1.3
,"Wayne County, MI","26163","2020","2020","Unintentional","1","Poisoning","GRINJ-015",786,1740623,45.2,42.0,48.3
,"Wayne County, MI","26163","2020","2020","Unintentional","1","Suffocation","GRINJ-017",71,1740623,4.1,3.2,5.1
,"Wayne County, MI","26163","2020","2020","Unintentional","1","Other specified, classifiable Injury","GRINJ-018",11,1740623,0.6,0.3,1.1
,"Wayne County, MI","26163","2020","2020","Unintentional","1","Unspecified Injury","GRINJ-020",37,1740623,2.1,1.5,2.9
,"Wayne County, MI","26163","2020","2020","Suicide","2","Firearm","GRINJ-006",110,1740623,6.3,5.1,7.5
,"Wayne County, MI","26163","2020","2020","Suicide","2","Poisoning","GRINJ-015",29,1740623,1.7,1.1,2.4
,"Wayne County, MI","26163","2020","2020","Suicide","2","Suffocation","GRINJ-017",57,1740623,3.3,2.5,4.2
,"Wayne County, MI","26163","2020","2020","Homicide","3","Cut/Pierce","GRINJ-001",23,1740623,1.3,0.8,2.0
,"Wayne County, MI","26163","2020","2020","Homicide","3","Firearm","GRINJ-006",344,1740623,19.8,17.7,21.9
,"Wayne County, MI","26163","2020","2020","Homicide","3","Other specified, not elsewhere classified Injury","GRINJ-019",11,1740623,0.6,0.3,1.1
,"Wayne County, MI","26163","2020","2020","Undetermined ","4","Poisoning","GRINJ-015",19,1740623,1.1,0.7,1.7
,"Anoka County, MN","27003","2020","2020","Unintentional","1","Fall","GRINJ-003",51,359921,14.2,10.6,18.6
,"Anoka County, MN","27003","2020","2020","Unintentional","1","Motor Vehicle Traffic","GRINJ-008",28,359921,7.8,5.2,11.2
,"Anoka County, MN","27003","2020","2020","Unintentional","1","Poisoning","GRINJ-015",59,359921,16.4,12.5,21.1
,"Anoka County, MN","27003","2020","2020","Suicide","2","Firearm","GRINJ-006",26,359921,7.2,4.7,10.6
,"Anoka County, MN","27003","2020","2020","Suicide","2","Suffocation","GRINJ-017",11,359921,3.1,1.5,5.5
,"Beltrami County, MN","27007","2020","2020","Unintentional","1","Fall","GRINJ-003",11,47442,23.2,11.6,41.5
,"Beltrami County, MN","27007","2020","2020","Unintentional","1","Poisoning","GRINJ-015",21,47442,44.3,27.4,67.7
,"Benton County, MN","27009","2020","2020","Unintentional","1","Fall","GRINJ-003",12,40958,29.3,15.1,51.2
,"Blue Earth County, MN","27013","2020","2020","Unintentional","1","Fall","GRINJ-003",10,68241,14.7,7.0,26.9
,"Carver County, MN","27019","2020","2020","Unintentional","1","Poisoning","GRINJ-015",17,106565,16.0,9.3,25.5
,"Clay County, MN","27027","2020","2020","Unintentional","1","Poisoning","GRINJ-015",10,64690,15.5,7.4,28.4
,"Crow Wing County, MN","27035","2020","2020","Unintentional","1","Fall","GRINJ-003",16,65644,24.4,13.9,39.6
,"Dakota County, MN","27037","2020","2020","Unintentional","1","Fall","GRINJ-003",102,431807,23.6,19.0,28.2
,"Dakota County, MN","27037","2020","2020","Unintentional","1","Motor Vehicle Traffic","GRINJ-008",16,431807,3.7,2.1,6.0
,"Dakota County, MN","27037","2020","2020","Unintentional","1","Poisoning","GRINJ-015",58,431807,13.4,10.2,17.4
,"Dakota County, MN","27037","2020","2020","Suicide","2","Firearm","GRINJ-006",20,431807,4.6,2.8,7.2
,"Dakota County, MN","27037","2020","2020","Suicide","2","Poisoning","GRINJ-015",13,431807,3.0,1.6,5.1
,"Dakota County, MN","27037","2020","2020","Suicide","2","Suffocation","GRINJ-017",11,431807,2.5,1.3,4.6
,"Dakota County, MN","27037","2020","2020","Homicide","3","Firearm","GRINJ-006",10,431807,2.3,1.1,4.3
,"Freeborn County, MN","27047","2020","2020","Unintentional","1","Fall","GRINJ-003",13,30364,42.8,22.8,73.2
,"Hennepin County, MN","27053","2020","2020","Unintentional","1","Drowning","GRINJ-002",17,1268408,1.3,0.8,2.1
,"Hennepin County, MN","27053","2020","2020","Unintentional","1","Fall","GRINJ-003",342,1268408,27.0,24.1,29.8
,"Hennepin County, MN","27053","2020","2020","Unintentional","1","Motor Vehicle Traffic","GRINJ-008",58,1268408,4.6,3.5,5.9
,"Hennepin County, MN","27053","2020","2020","Unintentional","1","Poisoning","GRINJ-015",324,1268408,25.5,22.8,28.3
,"Hennepin County, MN","27053","2020","2020","Unintentional","1","Suffocation","GRINJ-017",40,1268408,3.2,2.3,4.3
,"Hennepin County, MN","27053","2020","2020","Unintentional","1","Unspecified Injury","GRINJ-020",10,1268408,0.8,0.4,1.4
,"Hennepin County, MN","27053","2020","2020","Suicide","2","Fall","GRINJ-003",11,1268408,0.9,0.4,1.6
,"Hennepin County, MN","27053","2020","2020","Suicide","2","Firearm","GRINJ-006",56,1268408,4.4,3.3,5.7
,"Hennepin County, MN","27053","2020","2020","Suicide","2","Poisoning","GRINJ-015",37,1268408,2.9,2.1,4.0
,"Hennepin County, MN","27053","2020","2020","Suicide","2","Suffocation","GRINJ-017",36,1268408,2.8,2.0,3.9
,"Hennepin County, MN","27053","2020","2020","Homicide","3","Firearm","GRINJ-006",64,1268408,5.0,3.9,6.4
,"Hennepin County, MN","27053","2020","2020","Homicide","3","Unspecified Injury","GRINJ-020",10,1268408,0.8,0.4,1.4
,"Isanti County, MN","27059","2020","2020","Unintentional","1","Fall","GRINJ-003",10,41429,24.1,11.6,44.4
,"Itasca County, MN","27061","2020","2020","Unintentional","1","Fall","GRINJ-003",13,45268,28.7,15.3,49.1
,"Itasca County, MN","27061","2020","2020","Unintentional","1","Poisoning","GRINJ-015",11,45268,24.3,12.1,43.5
,"Lyon County, MN","27083","2020","2020","Unintentional","1","Fall","GRINJ-003",11,25271,43.5,21.7,77.9
,"Mower County, MN","27099","2020","2020","Unintentional","1","Fall","GRINJ-003",10,40150,24.9,11.9,45.8
,"Mower County, MN","27099","2020","2020","Unintentional","1","Poisoning","GRINJ-015",11,40150,27.4,13.7,49.0
,"Olmsted County, MN","27109","2020","2020","Unintentional","1","Fall","GRINJ-003",29,159298,18.2,12.2,26.1
,"Olmsted County, MN","27109","2020","2020","Unintentional","1","Motor Vehicle Traffic","GRINJ-008",13,159298,8.2,4.3,14.0
,"Olmsted County, MN","27109","2020","2020","Unintentional","1","Poisoning","GRINJ-015",26,159298,16.3,10.7,23.9
,"Otter Tail County, MN","27111","2020","2020","Unintentional","1","Motor Vehicle Traffic","GRINJ-008",12,58741,20.4,10.6,35.7
,"Pine County, MN","27115","2020","2020","Unintentional","1","Poisoning","GRINJ-015",13,29359,44.3,23.6,75.7
,"Ramsey County, MN","27123","2020","2020","Unintentional","1","Fall","GRINJ-003",157,547903,28.7,24.2,33.1
,"Ramsey County, MN","27123","2020","2020","Unintentional","1","Motor Vehicle Traffic","GRINJ-008",20,547903,3.7,2.2,5.6
,"Ramsey County, MN","27123","2020","2020","Unintentional","1","Poisoning","GRINJ-015",154,547903,28.1,23.7,32.5
,"Ramsey County, MN","27123","2020","2020","Unintentional","1","Suffocation","GRINJ-017",17,547903,3.1,1.8,5.0
,"Ramsey County, MN","27123","2020","2020","Unintentional","1","Unspecified Injury","GRINJ-020",16,547903,2.9,1.7,4.7
,"Ramsey County, MN","27123","2020","2020","Suicide","2","Fall","GRINJ-003",10,547903,1.8,0.9,3.4
,"Ramsey County, MN","27123","2020","2020","Suicide","2","Firearm","GRINJ-006",23,547903,4.2,2.7,6.3
,"Ramsey County, MN","27123","2020","2020","Suicide","2","Suffocation","GRINJ-017",22,547903,4.0,2.5,6.1
,"Ramsey County, MN","27123","2020","2020","Homicide","3","Firearm","GRINJ-006",25,547903,4.6,3.0,6.7
,"Rice County, MN","27131","2020","2020","Unintentional","1","Fall","GRINJ-003",15,67084,22.4,12.5,36.9
,"St. Louis County, MN","27137","2020","2020","Unintentional","1","Fall","GRINJ-003",48,198538,24.2,17.8,32.1
,"St. Louis County, MN","27137","2020","2020","Unintentional","1","Motor Vehicle Traffic","GRINJ-008",21,198538,10.6,6.5,16.2
,"St. Louis County, MN","27137","2020","2020","Unintentional","1","Poisoning","GRINJ-015",53,198538,26.7,20.0,34.9
,"St. Louis County, MN","27137","2020","2020","Suicide","2","Firearm","GRINJ-006",24,198538,12.1,7.7,18.0
,"St. Louis County, MN","27137","2020","2020","Suicide","2","Suffocation","GRINJ-017",12,198538,6.0,3.1,10.6
,"Scott County, MN","27139","2020","2020","Unintentional","1","Fall","GRINJ-003",30,150689,19.9,13.4,28.4
,"Scott County, MN","27139","2020","2020","Unintentional","1","Poisoning","GRINJ-015",20,150689,13.3,8.1,20.5
,"Sherburne County, MN","27141","2020","2020","Unintentional","1","Fall","GRINJ-003",17,98811,17.2,10.0,27.5
,"Sherburne County, MN","27141","2020","2020","Unintentional","1","Motor Vehicle Traffic","GRINJ-008",11,98811,11.1,5.6,19.9
,"Sherburne County, MN","27141","2020","2020","Unintentional","1","Poisoning","GRINJ-015",15,98811,15.2,8.5,25.0
,"Stearns County, MN","27145","2020","2020","Unintentional","1","Fall","GRINJ-003",32,162038,19.7,13.5,27.9
,"Stearns County, MN","27145","2020","2020","Unintentional","1","Motor Vehicle Traffic","GRINJ-008",20,162038,12.3,7.5,19.1
,"Stearns County, MN","27145","2020","2020","Unintentional","1","Poisoning","GRINJ-015",30,162038,18.5,12.5,26.4
,"Stearns County, MN","27145","2020","2020","Suicide","2","Firearm","GRINJ-006",10,162038,6.2,3.0,11.3
,"Steele County, MN","27147","2020","2020","Unintentional","1","Fall","GRINJ-003",13,36596,35.5,18.9,60.7
,"Washington County, MN","27163","2020","2020","Unintentional","1","Fall","GRINJ-003",47,265476,17.7,13.0,23.5
,"Washington County, MN","27163","2020","2020","Unintentional","1","Poisoning","GRINJ-015",37,265476,13.9,9.8,19.2
,"Washington County, MN","27163","2020","2020","Suicide","2","Firearm","GRINJ-006",16,265476,6.0,3.4,9.8
,"Winona County, MN","27169","2020","2020","Unintentional","1","Fall","GRINJ-003",12,50485,23.8,12.3,41.5
,"Wright County, MN","27171","2020","2020","Unintentional","1","Fall","GRINJ-003",16,140249,11.4,6.5,18.5
,"Wright County, MN","27171","2020","2020","Unintentional","1","Motor Vehicle Traffic","GRINJ-008",10,140249,7.1,3.4,13.1
,"Wright County, MN","27171","2020","2020","Unintentional","1","Poisoning","GRINJ-015",11,140249,7.8,3.9,14.0
,"Wright County, MN","27171","2020","2020","Suicide","2","Firearm","GRINJ-006",10,140249,7.1,3.4,13.1
,"Adams County, MS","28001","2020","2020","Homicide","3","Firearm","GRINJ-006",10,30275,33.0,15.8,60.7
,"Bolivar County, MS","28011","2020","2020","Unintentional","1","Motor Vehicle Traffic","GRINJ-008",11,30142,36.5,18.2,65.3
,"Calhoun County, MS","28013","2020","2020","Unintentional","1","Motor Vehicle Traffic","GRINJ-008",10,14241,70.2,33.7,129.1
,"Copiah County, MS","28029","2020","2020","Unintentional","1","Motor Vehicle Traffic","GRINJ-008",12,27933,43.0,22.2,75.0
,"DeSoto County, MS","28033","2020","2020","Unintentional","1","Fall","GRINJ-003",17,188275,9.0,5.3,14.5
,"DeSoto County, MS","28033","2020","2020","Unintentional","1","Motor Vehicle Traffic","GRINJ-008",32,188275,17.0,11.6,24.0
,"DeSoto County, MS","28033","2020","2020","Unintentional","1","Poisoning","GRINJ-015",53,188275,28.2,21.1,36.8
,"DeSoto County, MS","28033","2020","2020","Suicide","2","Firearm","GRINJ-006",19,188275,10.1,6.1,15.8
,"DeSoto County, MS","28033","2020","2020","Homicide","3","Firearm","GRINJ-006",17,188275,9.0,5.3,14.5
,"Forrest County, MS","28035","2020","2020","Unintentional","1","Fall","GRINJ-003",11,75009,14.7,7.3,26.2
,"Forrest County, MS","28035","2020","2020","Unintentional","1","Motor Vehicle Traffic","GRINJ-008",15,75009,20.0,11.2,33.0
,"Forrest County, MS","28035","2020","2020","Homicide","3","Firearm","GRINJ-006",11,75009,14.7,7.3,26.2
,"Hancock County, MS","28045","2020","2020","Unintentional","1","Poisoning","GRINJ-015",21,48000,43.8,27.1,66.9
,"Harrison County, MS","28047","2020","2020","Unintentional","1","Fall","GRINJ-003",18,208801,8.6,5.1,13.6
,"Harrison County, MS","28047","2020","2020","Unintentional","1","Motor Vehicle Traffic","GRINJ-008",44,208801,21.1,15.3,28.3
,"Harrison County, MS","28047","2020","2020","Unintentional","1","Poisoning","GRINJ-015",54,208801,25.9,19.4,33.7
,"Harrison County, MS","28047","2020","2020","Suicide","2","Firearm","GRINJ-006",22,208801,10.5,6.6,16.0
,"Harrison County, MS","28047","2020","2020","Suicide","2","Suffocation","GRINJ-017",12,208801,5.7,3.0,10.0
,"Harrison County, MS","28047","2020","2020","Homicide","3","Firearm","GRINJ-006",23,208801,11.0,7.0,16.5
,"Hinds County, MS","28049","2020","2020","Unintentional","1","Fall","GRINJ-003",12,227966,5.3,2.7,9.2
,"Hinds County, MS","28049","2020","2020","Unintentional","1","Motor Vehicle Traffic","GRINJ-008",78,227966,34.2,27.0,42.7
,"Hinds County, MS","28049","2020","2020","Unintentional","1","Poisoning","GRINJ-015",44,227966,19.3,14.0,25.9
,"Hinds County, MS","28049","2020","2020","Unintentional","1","Suffocation","GRINJ-017",10,227966,4.4,2.1,8.1
,"Hinds County, MS","28049","2020","2020","Suicide","2","Firearm","GRINJ-006",18,227966,7.9,4.7,12.5
,"Hinds County, MS","28049","2020","2020","Homicide","3","Firearm","GRINJ-006",113,227966,49.6,40.4,58.7
,"Holmes County, MS","28051","2020","2020","Unintentional","1","Motor Vehicle Traffic","GRINJ-008",11,16726,65.8,32.8,117.7
,"Jackson County, MS","28059","2020","2020","Unintentional","1","Fall","GRINJ-003",21,143802,14.6,9.0,22.3
,"Jackson County, MS","28059","2020","2020","Unintentional","1","Motor Vehicle Traffic","GRINJ-008",27,143802,18.8,12.4,27.3
,"Jackson County, MS","28059","2020","2020","Unintentional","1","Poisoning","GRINJ-015",75,143802,52.2,41.0,65.4
,"Jackson County, MS","28059","2020","2020","Homicide","3","Firearm","GRINJ-006",11,143802,7.6,3.8,13.7
,"Jasper County, MS","28061","2020","2020","Unintentional","1","Motor Vehicle Traffic","GRINJ-008",10,16332,61.2,29.4,112.6
,"Jones County, MS","28067","2020","2020","Unintentional","1","Motor Vehicle Traffic","GRINJ-008",11,67993,16.2,8.1,28.9
,"Jones County, MS","28067","2020","2020","Unintentional","1","Poisoning","GRINJ-015",11,67993,16.2,8.1,28.9
,"Lamar County, MS","28073","2020","2020","Unintentional","1","Motor Vehicle Traffic","GRINJ-008",13,64165,20.3,10.8,34.6
,"Lauderdale County, MS","28075","2020","2020","Unintentional","1","Motor Vehicle Traffic","GRINJ-008",18,73751,24.4,14.5,38.6
,"Lauderdale County, MS","28075","2020","2020","Homicide","3","Firearm","GRINJ-006",15,73751,20.3,11.4,33.5
,"Lee County, MS","28081","2020","2020","Unintentional","1","Fall","GRINJ-003",16,85466,18.7,10.7,30.4
,"Lee County, MS","28081","2020","2020","Unintentional","1","Motor Vehicle Traffic","GRINJ-008",24,85466,28.1,18.0,41.8
,"Lee County, MS","28081","2020","2020","Unintentional","1","Poisoning","GRINJ-015",19,85466,22.2,13.4,34.7
,"Lee County, MS","28081","2020","2020","Suicide","2","Firearm","GRINJ-006",11,85466,12.9,6.4,23.0
,"Lee County, MS","28081","2020","2020","Homicide","3","Firearm","GRINJ-006",10,85466,11.7,5.6,21.5
,"Leflore County, MS","28083","2020","2020","Homicide","3","Firearm","GRINJ-006",19,27854,68.2,41.1,106.5
,"Lincoln County, MS","28085","2020","2020","Unintentional","1","Motor Vehicle Traffic","GRINJ-008",13,33936,38.3,20.4,65.5
,"Madison County, MS","28089","2020","2020","Unintentional","1","Fall","GRINJ-003",17,106871,15.9,9.3,25.5
,"Madison County, MS","28089","2020","2020","Unintentional","1","Motor Vehicle Traffic","GRINJ-008",17,106871,15.9,9.3,25.5
,"Madison County, MS","28089","2020","2020","Homicide","3","Firearm","GRINJ-006",19,106871,17.8,10.7,27.8
,"Marshall County, MS","28093","2020","2020","Unintentional","1","Motor Vehicle Traffic","GRINJ-008",19,35301,53.8,32.4,84.1
,"Monroe County, MS","28095","2020","2020","Unintentional","1","Motor Vehicle Traffic","GRINJ-008",14,35123,39.9,21.8,66.9
,"Neshoba County, MS","28099","2020","2020","Unintentional","1","Motor Vehicle Traffic","GRINJ-008",11,28996,37.9,18.9,67.9
,"Panola County, MS","28107","2020","2020","Unintentional","1","Motor Vehicle Traffic","GRINJ-008",16,33848,47.3,27.0,76.8
,"Pearl River County, MS","28109","2020","2020","Unintentional","1","Fall","GRINJ-003",10,55876,17.9,8.6,32.9
,"Pearl River County, MS","28109","2020","2020","Unintentional","1","Motor Vehicle Traffic","GRINJ-008",19,55876,34.0,20.5,53.1
,"Pearl River County, MS","28109","2020","2020","Unintentional","1","Poisoning","GRINJ-015",32,55876,57.3,39.2,80.8
,"Pike County, MS","28113","2020","2020","Unintentional","1","Motor Vehicle Traffic","GRINJ-008",14,38997,35.9,19.6,60.2
,"Pontotoc County, MS","28115","2020","2020","Unintentional","1","Motor Vehicle Traffic","GRINJ-008",13,32461,40.0,21.3,68.5
,"Rankin County, MS","28121","2020","2020","Unintentional","1","Fall","GRINJ-003",11,155975,7.1,3.5,12.6
,"Rankin County, MS","28121","2020","2020","Unintentional","1","Motor Vehicle Traffic","GRINJ-008",25,155975,16.0,10.4,23.7
,"Rankin County, MS","28121","2020","2020","Unintentional","1","Poisoning","GRINJ-015",39,155975,25.0,17.8,34.2
,"Rankin County, MS","28121","2020","2020","Suicide","2","Firearm","GRINJ-006",12,155975,7.7,4.0,13.4
,"Rankin County, MS","28121","2020","2020","Homicide","3","Firearm","GRINJ-006",18,155975,11.5,6.8,18.2
,"Scott County, MS","28123","2020","2020","Unintentional","1","Motor Vehicle Traffic","GRINJ-008",15,28061,53.5,29.9,88.2
,"Sunflower County, MS","28133","2020","2020","Homicide","3","Firearm","GRINJ-006",11,24740,44.5,22.2,79.6
,"Tate County, MS","28137","2020","2020","Unintentional","1","Motor Vehicle Traffic","GRINJ-008",10,28539,35.0,16.8,64.4
,"Warren County, MS","28149","2020","2020","Unintentional","1","Motor Vehicle Traffic","GRINJ-008",14,44841,31.2,17.1,52.4
,"Warren County, MS","28149","2020","2020","Suicide","2","Firearm","GRINJ-006",10,44841,22.3,10.7,41.0
,"Warren County, MS","28149","2020","2020","Homicide","3","Firearm","GRINJ-006",13,44841,29.0,15.4,49.6
,"Washington County, MS","28151","2020","2020","Homicide","3","Firearm","GRINJ-006",12,42837,28.0,14.5,48.9
,"Yazoo County, MS","28163","2020","2020","Unintentional","1","Motor Vehicle Traffic","GRINJ-008",10,26982,37.1,17.8,68.2
,"Boone County, MO","29019","2020","2020","Unintentional","1","Motor Vehicle Traffic","GRINJ-008",15,182991,8.2,4.6,13.5
,"Boone County, MO","29019","2020","2020","Unintentional","1","Poisoning","GRINJ-015",34,182991,18.6,12.9,26.0
,"Boone County, MO","29019","2020","2020","Suicide","2","Firearm","GRINJ-006",13,182991,7.1,3.8,12.1
,"Boone County, MO","29019","2020","2020","Suicide","2","Suffocation","GRINJ-017",11,182991,6.0,3.0,10.8
,"Boone County, MO","29019","2020","2020","Homicide","3","Firearm","GRINJ-006",14,182991,7.7,4.2,12.8
,"Buchanan County, MO","29021","2020","2020","Unintentional","1","Motor Vehicle Traffic","GRINJ-008",11,86530,12.7,6.3,22.7
,"Buchanan County, MO","29021","2020","2020","Unintentional","1","Poisoning","GRINJ-015",24,86530,27.7,17.8,41.3
,"Butler County, MO","29023","2020","2020","Unintentional","1","Poisoning","GRINJ-015",18,42178,42.7,25.3,67.4
,"Camden County, MO","29029","2020","2020","Unintentional","1","Motor Vehicle Traffic","GRINJ-008",15,46414,32.3,18.1,53.3
,"Camden County, MO","29029","2020","2020","Suicide","2","Firearm","GRINJ-006",13,46414,28.0,14.9,47.9
,"Cape Girardeau County, MO","29031","2020","2020","Unintentional","1","Motor Vehicle Traffic","GRINJ-008",11,79512,13.8,6.9,24.8
,"Cape Girardeau County, MO","29031","2020","2020","Unintentional","1","Poisoning","GRINJ-015",19,79512,23.9,14.4,37.3
,"Cape Girardeau County, MO","29031","2020","2020","Suicide","2","Firearm","GRINJ-006",11,79512,13.8,6.9,24.8
,"Cass County, MO","29037","2020","2020","Unintentional","1","Fall","GRINJ-003",18,106806,16.9,10.0,26.6
,"Cass County, MO","29037","2020","2020","Unintentional","1","Motor Vehicle Traffic","GRINJ-008",13,106806,12.2,6.5,20.8
,"Cass County, MO","29037","2020","2020","Unintentional","1","Poisoning","GRINJ-015",13,106806,12.2,6.5,20.8
,"Cass County, MO","29037","2020","2020","Suicide","2","Firearm","GRINJ-006",19,106806,17.8,10.7,27.8
,"Christian County, MO","29043","2020","2020","Unintentional","1","Motor Vehicle Traffic","GRINJ-008",14,90655,15.4,8.4,25.9
,"Christian County, MO","29043","2020","2020","Unintentional","1","Poisoning","GRINJ-015",12,90655,13.2,6.8,23.1
,"Clay County, MO","29047","2020","2020","Unintentional","1","Fall","GRINJ-003",37,253463,14.6,10.3,20.1
,"Clay County, MO","29047","2020","2020","Unintentional","1","Motor Vehicle Traffic","GRINJ-008",25,253463,9.9,6.4,14.6
,"Clay County, MO","29047","2020","2020","Unintentional","1","Poisoning","GRINJ-015",52,253463,20.5,15.3,26.9
,"Clay County, MO","29047","2020","2020","Suicide","2","Firearm","GRINJ-006",32,253463,12.6,8.6,17.8
,"Clay County, MO","29047","2020","2020","Homicide","3","Firearm","GRINJ-006",13,253463,5.1,2.7,8.8
,"Cole County, MO","29051","2020","2020","Unintentional","1","Fall","GRINJ-003",10,76191,13.1,6.3,24.1
,"Cole County, MO","29051","2020","2020","Unintentional","1","Motor Vehicle Traffic","GRINJ-008",15,76191,19.7,11.0,32.5
,"Cole County, MO","29051","2020","2020","Unintentional","1","Poisoning","GRINJ-015",12,76191,15.7,8.1,27.5
,"Franklin County, MO","29071","2020","2020","Unintentional","1","Fall","GRINJ-003",37,104469,35.4,24.9,48.8
,"Franklin County, MO","29071","2020","2020","Unintentional","1","Motor Vehicle Traffic","GRINJ-008",22,104469,21.1,13.2,31.9
,"Franklin County, MO","29071","2020","2020","Unintentional","1","Poisoning","GRINJ-015",51,104469,48.8,36.3,64.2
,"Franklin County, MO","29071","2020","2020","Suicide","2","Firearm","GRINJ-006",14,104469,13.4,7.3,22.5
,"Greene County, MO","29077","2020","2020","Unintentional","1","Fall","GRINJ-003",38,294997,12.9,9.1,17.7
,"Greene County, MO","29077","2020","2020","Unintentional","1","Motor Vehicle Traffic","GRINJ-008",51,294997,17.3,12.9,22.7
,"Greene County, MO","29077","2020","2020","Unintentional","1","Poisoning","GRINJ-015",89,294997,30.2,24.2,37.1
,"Greene County, MO","29077","2020","2020","Suicide","2","Firearm","GRINJ-006",41,294997,13.9,10.0,18.9
,"Greene County, MO","29077","2020","2020","Suicide","2","Suffocation","GRINJ-017",15,294997,5.1,2.8,8.4
,"Greene County, MO","29077","2020","2020","Homicide","3","Firearm","GRINJ-006",25,294997,8.5,5.5,12.5
,"Jackson County, MO","29095","2020","2020","Unintentional","1","Drowning","GRINJ-002",10,705925,1.4,0.7,2.6
,"Jackson County, MO","29095","2020","2020","Unintentional","1","Fall","GRINJ-003",119,705925,16.9,13.8,19.9
,"Jackson County, MO","29095","2020","2020","Unintentional","1","Fire/Flame","GRINJ-004",14,705925,2.0,1.1,3.3
,"Jackson County, MO","29095","2020","2020","Unintentional","1","Motor Vehicle Traffic","GRINJ-008",120,705925,17.0,14.0,20.0
,"Jackson County, MO","29095","2020","2020","Unintentional","1","Poisoning","GRINJ-015",176,705925,24.9,21.2,28.6
,"Jackson County, MO","29095","2020","2020","Unintentional","1","Suffocation","GRINJ-017",27,705925,3.8,2.5,5.6
,"Jackson County, MO","29095","2020","2020","Suicide","2","Firearm","GRINJ-006",78,705925,11.0,8.7,13.8
,"Jackson County, MO","29095","2020","2020","Suicide","2","Poisoning","GRINJ-015",19,705925,2.7,1.6,4.2
,"Jackson County, MO","29095","2020","2020","Suicide","2","Suffocation","GRINJ-017",32,705925,4.5,3.1,6.4
,"Jackson County, MO","29095","2020","2020","Homicide","3","Firearm","GRINJ-006",160,705925,22.7,19.2,26.2
,"Jasper County, MO","29097","2020","2020","Unintentional","1","Motor Vehicle Traffic","GRINJ-008",22,121648,18.1,11.3,27.4
,"Jasper County, MO","29097","2020","2020","Unintentional","1","Poisoning","GRINJ-015",23,121648,18.9,12.0,28.4
,"Jasper County, MO","29097","2020","2020","Suicide","2","Firearm","GRINJ-006",13,121648,10.7,5.7,18.3
,"Jefferson County, MO","29099","2020","2020","Unintentional","1","Fall","GRINJ-003",45,226543,19.9,14.5,26.6
,"Jefferson County, MO","29099","2020","2020","Unintentional","1","Motor Vehicle Traffic","GRINJ-008",39,226543,17.2,12.2,23.5
,"Jefferson County, MO","29099","2020","2020","Unintentional","1","Poisoning","GRINJ-015",103,226543,45.5,36.7,54.2
,"Jefferson County, MO","29099","2020","2020","Unintentional","1","Suffocation","GRINJ-017",12,226543,5.3,2.7,9.3
,"Jefferson County, MO","29099","2020","2020","Suicide","2","Firearm","GRINJ-006",46,226543,20.3,14.9,27.1
,"Jefferson County, MO","29099","2020","2020","Suicide","2","Suffocation","GRINJ-017",12,226543,5.3,2.7,9.3
,"Lincoln County, MO","29113","2020","2020","Unintentional","1","Motor Vehicle Traffic","GRINJ-008",12,60119,20.0,10.3,34.9
,"Lincoln County, MO","29113","2020","2020","Unintentional","1","Poisoning","GRINJ-015",22,60119,36.6,22.9,55.4
,"Newton County, MO","29145","2020","2020","Unintentional","1","Motor Vehicle Traffic","GRINJ-008",11,58451,18.8,9.4,33.7
,"Pettis County, MO","29159","2020","2020","Unintentional","1","Fall","GRINJ-003",15,42490,35.3,19.8,58.2
,"Phelps County, MO","29161","2020","2020","Unintentional","1","Poisoning","GRINJ-015",22,44414,49.5,31.0,75.0
,"Platte County, MO","29165","2020","2020","Unintentional","1","Fall","GRINJ-003",27,106532,25.3,16.7,36.9
,"Platte County, MO","29165","2020","2020","Unintentional","1","Poisoning","GRINJ-015",19,106532,17.8,10.7,27.9
,"Pulaski County, MO","29169","2020","2020","Unintentional","1","Poisoning","GRINJ-015",31,52709,58.8,40.0,83.5
,"St. Charles County, MO","29183","2020","2020","Unintentional","1","Fall","GRINJ-003",101,406204,24.9,20.0,29.7
,"St. Charles County, MO","29183","2020","2020","Unintentional","1","Motor Vehicle Traffic","GRINJ-008",34,406204,8.4,5.8,11.7
,"St. Charles County, MO","29183","2020","2020","Unintentional","1","Poisoning","GRINJ-015",100,406204,24.6,19.8,29.4
,"St. Charles County, MO","29183","2020","2020","Unintentional","1","Suffocation","GRINJ-017",18,406204,4.4,2.6,7.0
,"St. Charles County, MO","29183","2020","2020","Unintentional","1","Unspecified Injury","GRINJ-020",10,406204,2.5,1.2,4.5
,"St. Charles County, MO","29183","2020","2020","Suicide","2","Firearm","GRINJ-006",41,406204,10.1,7.2,13.7
,"St. Charles County, MO","29183","2020","2020","Suicide","2","Poisoning","GRINJ-015",10,406204,2.5,1.2,4.5
,"St. Charles County, MO","29183","2020","2020","Suicide","2","Suffocation","GRINJ-017",16,406204,3.9,2.3,6.4
,"St. Francois County, MO","29187","2020","2020","Unintentional","1","Motor Vehicle Traffic","GRINJ-008",17,66485,25.6,14.9,40.9
,"St. Francois County, MO","29187","2020","2020","Unintentional","1","Poisoning","GRINJ-015",23,66485,34.6,21.9,51.9
,"St. Louis County, MO","29189","2020","2020","Unintentional","1","Fall","GRINJ-003",160,994020,16.1,13.6,18.6
,"St. Louis County, MO","29189","2020","2020","Unintentional","1","Motor Vehicle Traffic","GRINJ-008",132,994020,13.3,11.0,15.5
,"St. Louis County, MO","29189","2020","2020","Unintentional","1","Poisoning","GRINJ-015",386,994020,38.8,35.0,42.7
,"St. Louis County, MO","29189","2020","2020","Unintentional","1","Suffocation","GRINJ-017",23,994020,2.3,1.5,3.5
,"St. Louis County, MO","29189","2020","2020","Unintentional","1","Unspecified Injury","GRINJ-020",25,994020,2.5,1.6,3.7
,"St. Louis County, MO","29189","2020","2020","Suicide","2","Firearm","GRINJ-006",78,994020,7.8,6.2,9.8
,"St. Louis County, MO","29189","2020","2020","Suicide","2","Poisoning","GRINJ-015",15,994020,1.5,0.8,2.5
,"St. Louis County, MO","29189","2020","2020","Suicide","2","Suffocation","GRINJ-017",39,994020,3.9,2.8,5.4
,"St. Louis County, MO","29189","2020","2020","Homicide","3","Firearm","GRINJ-006",180,994020,18.1,15.5,20.8
,"Stone County, MO","29209","2020","2020","Unintentional","1","Poisoning","GRINJ-015",10,32465,30.8,14.8,56.6
,"Taney County, MO","29213","2020","2020","Unintentional","1","Motor Vehicle Traffic","GRINJ-008",10,56104,17.8,8.5,32.8
,"Taney County, MO","29213","2020","2020","Unintentional","1","Poisoning","GRINJ-015",13,56104,23.2,12.3,39.6
,"Texas County, MO","29215","2020","2020","Unintentional","1","Fall","GRINJ-003",12,25112,47.8,24.7,83.5
,"Texas County, MO","29215","2020","2020","Unintentional","1","Poisoning","GRINJ-015",13,25112,51.8,27.6,88.5
,"Warren County, MO","29219","2020","2020","Unintentional","1","Poisoning","GRINJ-015",12,36594,32.8,16.9,57.3
,"Washington County, MO","29221","2020","2020","Unintentional","1","Poisoning","GRINJ-015",13,24604,52.8,28.1,90.4
,"Webster County, MO","29225","2020","2020","Unintentional","1","Motor Vehicle Traffic","GRINJ-008",11,39859,27.6,13.8,49.4
,"Webster County, MO","29225","2020","2020","Suicide","2","Firearm","GRINJ-006",10,39859,25.1,12.0,46.1
,"St. Louis city, MO","29510","2020","2020","Unintentional","1","Fall","GRINJ-003",20,297645,6.7,4.1,10.4
,"St. Louis city, MO","29510","2020","2020","Unintentional","1","Motor Vehicle Traffic","GRINJ-008",65,297645,21.8,16.9,27.8
,"St. Louis city, MO","29510","2020","2020","Unintentional","1","Poisoning","GRINJ-015",296,297645,99.4,88.1,110.8
,"St. Louis city, MO","29510","2020","2020","Unintentional","1","Suffocation","GRINJ-017",15,297645,5.0,2.8,8.3
,"St. Louis city, MO","29510","2020","2020","Suicide","2","Firearm","GRINJ-006",14,297645,4.7,2.6,7.9
,"St. Louis city, MO","29510","2020","2020","Homicide","3","Firearm","GRINJ-006",180,297645,60.5,51.6,69.3
,"Big Horn County, MT","30003","2020","2020","Unintentional","1","Motor Vehicle Traffic","GRINJ-008",15,13063,114.8,64.3,189.4
,"Cascade County, MT","30013","2020","2020","Unintentional","1","Fall","GRINJ-003",12,81346,14.8,7.6,25.8
,"Cascade County, MT","30013","2020","2020","Unintentional","1","Motor Vehicle Traffic","GRINJ-008",14,81346,17.2,9.4,28.9
,"Cascade County, MT","30013","2020","2020","Unintentional","1","Poisoning","GRINJ-015",17,81346,20.9,12.2,33.5
,"Cascade County, MT","30013","2020","2020","Suicide","2","Firearm","GRINJ-006",18,81346,22.1,13.1,35.0
,"Flathead County, MT","30029","2020","2020","Unintentional","1","Fall","GRINJ-003",18,105851,17.0,10.1,26.9
,"Flathead County, MT","30029","2020","2020","Unintentional","1","Motor Vehicle Traffic","GRINJ-008",17,105851,16.1,9.4,25.7
,"Flathead County, MT","30029","2020","2020","Unintentional","1","Poisoning","GRINJ-015",14,105851,13.2,7.2,22.2
,"Flathead County, MT","30029","2020","2020","Suicide","2","Firearm","GRINJ-006",20,105851,18.9,11.5,29.2
,"Gallatin County, MT","30031","2020","2020","Unintentional","1","Fall","GRINJ-003",10,116806,8.6,4.1,15.7
,"Gallatin County, MT","30031","2020","2020","Suicide","2","Firearm","GRINJ-006",23,116806,19.7,12.5,29.5
,"Lewis and Clark County, MT","30049","2020","2020","Unintentional","1","Fall","GRINJ-003",17,70229,24.2,14.1,38.8
,"Lewis and Clark County, MT","30049","2020","2020","Suicide","2","Firearm","GRINJ-006",12,70229,17.1,8.8,29.8
,"Missoula County, MT","30063","2020","2020","Unintentional","1","Fall","GRINJ-003",13,121630,10.7,5.7,18.3
,"Missoula County, MT","30063","2020","2020","Unintentional","1","Motor Vehicle Traffic","GRINJ-008",17,121630,14.0,8.1,22.4
,"Missoula County, MT","30063","2020","2020","Unintentional","1","Poisoning","GRINJ-015",20,121630,16.4,10.0,25.4
,"Missoula County, MT","30063","2020","2020","Suicide","2","Firearm","GRINJ-006",14,121630,11.5,6.3,19.3
,"Ravalli County, MT","30081","2020","2020","Unintentional","1","Fall","GRINJ-003",15,45002,33.3,18.7,55.0
,"Yellowstone County, MT","30111","2020","2020","Unintentional","1","Fall","GRINJ-003",40,162990,24.5,17.5,33.4
,"Yellowstone County, MT","30111","2020","2020","Unintentional","1","Motor Vehicle Traffic","GRINJ-008",24,162990,14.7,9.4,21.9
,"Yellowstone County, MT","30111","2020","2020","Unintentional","1","Poisoning","GRINJ-015",31,162990,19.0,12.9,27.0
,"Yellowstone County, MT","30111","2020","2020","Suicide","2","Firearm","GRINJ-006",23,162990,14.1,8.9,21.2
,"Yellowstone County, MT","30111","2020","2020","Homicide","3","Firearm","GRINJ-006",12,162990,7.4,3.8,12.9
,"Douglas County, NE","31055","2020","2020","Unintentional","1","Fall","GRINJ-003",51,574332,8.9,6.6,11.7
,"Douglas County, NE","31055","2020","2020","Unintentional","1","Motor Vehicle Traffic","GRINJ-008",43,574332,7.5,5.4,10.1
,"Douglas County, NE","31055","2020","2020","Unintentional","1","Poisoning","GRINJ-015",89,574332,15.5,12.4,19.1
,"Douglas County, NE","31055","2020","2020","Unintentional","1","Suffocation","GRINJ-017",21,574332,3.7,2.3,5.6
,"Douglas County, NE","31055","2020","2020","Suicide","2","Firearm","GRINJ-006",31,574332,5.4,3.7,7.7
,"Douglas County, NE","31055","2020","2020","Suicide","2","Poisoning","GRINJ-015",12,574332,2.1,1.1,3.6
,"Douglas County, NE","31055","2020","2020","Suicide","2","Suffocation","GRINJ-017",24,574332,4.2,2.7,6.2
,"Douglas County, NE","31055","2020","2020","Homicide","3","Firearm","GRINJ-006",28,574332,4.9,3.2,7.0
,"Hall County, NE","31079","2020","2020","Unintentional","1","Fall","GRINJ-003",10,61028,16.4,7.9,30.1
,"Lancaster County, NE","31109","2020","2020","Unintentional","1","Fall","GRINJ-003",40,320650,12.5,8.9,17.0
,"Lancaster County, NE","31109","2020","2020","Unintentional","1","Motor Vehicle Traffic","GRINJ-008",27,320650,8.4,5.5,12.3
,"Lancaster County, NE","31109","2020","2020","Unintentional","1","Poisoning","GRINJ-015",45,320650,14.0,10.2,18.8
,"Lancaster County, NE","31109","2020","2020","Suicide","2","Firearm","GRINJ-006",22,320650,6.9,4.3,10.4
,"Lancaster County, NE","31109","2020","2020","Suicide","2","Poisoning","GRINJ-015",13,320650,4.1,2.2,6.9
,"Lancaster County, NE","31109","2020","2020","Suicide","2","Suffocation","GRINJ-017",10,320650,3.1,1.5,5.7
,"Sarpy County, NE","31153","2020","2020","Unintentional","1","Fall","GRINJ-003",25,188856,13.2,8.6,19.5
,"Sarpy County, NE","31153","2020","2020","Unintentional","1","Motor Vehicle Traffic","GRINJ-008",17,188856,9.0,5.2,14.4
,"Sarpy County, NE","31153","2020","2020","Suicide","2","Firearm","GRINJ-006",12,188856,6.4,3.3,11.1
,"Scotts Bluff County, NE","31157","2020","2020","Unintentional","1","Motor Vehicle Traffic","GRINJ-008",11,35299,31.2,15.6,55.8
,"Churchill County, NV","32001","2020","2020","Unintentional","1","Motor Vehicle Traffic","GRINJ-008",15,25363,59.1,33.1,97.5
,"Clark County, NV","32003","2020","2020","Unintentional","1","Drowning","GRINJ-002",39,2315963,1.7,1.2,2.3
,"Clark County, NV","32003","2020","2020","Unintentional","1","Fall","GRINJ-003",200,2315963,8.6,7.4,9.8
,"Clark County, NV","32003","2020","2020","Unintentional","1","Fire/Flame","GRINJ-004",16,2315963,0.7,0.4,1.1
,"Clark County, NV","32003","2020","2020","Unintentional","1","Motor Vehicle Traffic","GRINJ-008",207,2315963,8.9,7.7,10.2
,"Clark County, NV","32003","2020","2020","Unintentional","1","Natural/Environmental","GRINJ-013",51,2315963,2.2,1.6,2.9
,"Clark County, NV","32003","2020","2020","Unintentional","1","Poisoning","GRINJ-015",577,2315963,24.9,22.9,26.9
,"Clark County, NV","32003","2020","2020","Unintentional","1","Suffocation","GRINJ-017",25,2315963,1.1,0.7,1.6
,"Clark County, NV","32003","2020","2020","Unintentional","1","Other specified, not elsewhere classified Injury","GRINJ-019",10,2315963,0.4,0.2,0.8
,"Clark County, NV","32003","2020","2020","Unintentional","1","Unspecified Injury","GRINJ-020",14,2315963,0.6,0.3,1.0
,"Clark County, NV","32003","2020","2020","Suicide","2","Fall","GRINJ-003",12,2315963,0.5,0.3,0.9
,"Clark County, NV","32003","2020","2020","Suicide","2","Firearm","GRINJ-006",240,2315963,10.4,9.1,11.7
,"Clark County, NV","32003","2020","2020","Suicide","2","Poisoning","GRINJ-015",46,2315963,2.0,1.5,2.6
,"Clark County, NV","32003","2020","2020","Suicide","2","Suffocation","GRINJ-017",78,2315963,3.4,2.7,4.2
,"Clark County, NV","32003","2020","2020","Homicide","3","Cut/Pierce","GRINJ-001",19,2315963,0.8,0.5,1.3
,"Clark County, NV","32003","2020","2020","Homicide","3","Firearm","GRINJ-006",118,2315963,5.1,4.2,6.0
,"Clark County, NV","32003","2020","2020","Homicide","3","Unspecified Injury","GRINJ-020",12,2315963,0.5,0.3,0.9
,"Douglas County, NV","32005","2020","2020","Unintentional","1","Poisoning","GRINJ-015",10,49088,20.4,9.8,37.5
,"Douglas County, NV","32005","2020","2020","Suicide","2","Firearm","GRINJ-006",10,49088,20.4,9.8,37.5
,"Elko County, NV","32007","2020","2020","Unintentional","1","Motor Vehicle Traffic","GRINJ-008",12,53006,22.6,11.7,39.5
,"Elko County, NV","32007","2020","2020","Suicide","2","Firearm","GRINJ-006",13,53006,24.5,13.1,41.9
,"Lyon County, NV","32019","2020","2020","Unintentional","1","Fall","GRINJ-003",12,58319,20.6,10.6,35.9
,"Lyon County, NV","32019","2020","2020","Unintentional","1","Motor Vehicle Traffic","GRINJ-008",13,58319,22.3,11.9,38.1
,"Lyon County, NV","32019","2020","2020","Unintentional","1","Poisoning","GRINJ-015",10,58319,17.1,8.2,31.5
,"Lyon County, NV","32019","2020","2020","Suicide","2","Firearm","GRINJ-006",14,58319,24.0,13.1,40.3
,"Nye County, NV","32023","2020","2020","Unintentional","1","Motor Vehicle Traffic","GRINJ-008",16,48054,33.3,19.0,54.1
,"Nye County, NV","32023","2020","2020","Unintentional","1","Poisoning","GRINJ-015",13,48054,27.1,14.4,46.3
,"Nye County, NV","32023","2020","2020","Suicide","2","Firearm","GRINJ-006",15,48054,31.2,17.5,51.5
,"Washoe County, NV","32031","2020","2020","Unintentional","1","Drowning","GRINJ-002",11,477082,2.3,1.2,4.1
,"Washoe County, NV","32031","2020","2020","Unintentional","1","Fall","GRINJ-003",89,477082,18.7,15.0,23.0
,"Washoe County, NV","32031","2020","2020","Unintentional","1","Motor Vehicle Traffic","GRINJ-008",61,477082,12.8,9.8,16.4
,"Washoe County, NV","32031","2020","2020","Unintentional","1","Natural/Environmental","GRINJ-013",10,477082,2.1,1.0,3.9
,"Washoe County, NV","32031","2020","2020","Unintentional","1","Poisoning","GRINJ-015",141,477082,29.6,24.7,34.4
,"Washoe County, NV","32031","2020","2020","Suicide","2","Firearm","GRINJ-006",55,477082,11.5,8.7,15.0
,"Washoe County, NV","32031","2020","2020","Suicide","2","Poisoning","GRINJ-015",13,477082,2.7,1.5,4.7
,"Washoe County, NV","32031","2020","2020","Suicide","2","Suffocation","GRINJ-017",18,477082,3.8,2.2,6.0
,"Washoe County, NV","32031","2020","2020","Homicide","3","Firearm","GRINJ-006",17,477082,3.6,2.1,5.7
,"Washoe County, NV","32031","2020","2020","Undetermined ","4","Poisoning","GRINJ-015",13,477082,2.7,1.5,4.7
,"Carson City, NV","32510","2020","2020","Unintentional","1","Fall","GRINJ-003",11,56034,19.6,9.8,35.1
,"Carson City, NV","32510","2020","2020","Suicide","2","Firearm","GRINJ-006",10,56034,17.8,8.6,32.8
,"Belknap County, NH","33001","2020","2020","Unintentional","1","Fall","GRINJ-003",14,61551,22.7,12.4,38.2
,"Belknap County, NH","33001","2020","2020","Unintentional","1","Poisoning","GRINJ-015",18,61551,29.2,17.3,46.2
,"Carroll County, NH","33003","2020","2020","Unintentional","1","Fall","GRINJ-003",14,49167,28.5,15.6,47.8
,"Carroll County, NH","33003","2020","2020","Unintentional","1","Poisoning","GRINJ-015",10,49167,20.3,9.8,37.4
,"Cheshire County, NH","33005","2020","2020","Unintentional","1","Fall","GRINJ-003",20,76228,26.2,16.0,40.5
,"Cheshire County, NH","33005","2020","2020","Unintentional","1","Poisoning","GRINJ-015",14,76228,18.4,10.0,30.8
,"Coos County, NH","33007","2020","2020","Unintentional","1","Fall","GRINJ-003",23,31174,73.8,46.8,110.7
,"Coos County, NH","33007","2020","2020","Unintentional","1","Poisoning","GRINJ-015",10,31174,32.1,15.4,59.0
,"Grafton County, NH","33009","2020","2020","Unintentional","1","Fall","GRINJ-003",16,90691,17.6,10.1,28.7
,"Grafton County, NH","33009","2020","2020","Unintentional","1","Poisoning","GRINJ-015",14,90691,15.4,8.4,25.9
,"Grafton County, NH","33009","2020","2020","Suicide","2","Firearm","GRINJ-006",10,90691,11.0,5.3,20.3
,"Hillsborough County, NH","33011","2020","2020","Unintentional","1","Fall","GRINJ-003",59,418735,14.1,10.7,18.2
,"Hillsborough County, NH","33011","2020","2020","Unintentional","1","Motor Vehicle Traffic","GRINJ-008",32,418735,7.6,5.2,10.8
,"Hillsborough County, NH","33011","2020","2020","Unintentional","1","Poisoning","GRINJ-015",130,418735,31.0,25.7,36.4
,"Hillsborough County, NH","33011","2020","2020","Suicide","2","Firearm","GRINJ-006",37,418735,8.8,6.2,12.2
,"Hillsborough County, NH","33011","2020","2020","Suicide","2","Poisoning","GRINJ-015",13,418735,3.1,1.7,5.3
,"Hillsborough County, NH","33011","2020","2020","Suicide","2","Suffocation","GRINJ-017",13,418735,3.1,1.7,5.3
,"Merrimack County, NH","33013","2020","2020","Unintentional","1","Fall","GRINJ-003",30,152622,19.7,13.3,28.1
,"Merrimack County, NH","33013","2020","2020","Unintentional","1","Motor Vehicle Traffic","GRINJ-008",11,152622,7.2,3.6,12.9
,"Merrimack County, NH","33013","2020","2020","Unintentional","1","Poisoning","GRINJ-015",43,152622,28.2,20.4,38.0
,"Merrimack County, NH","33013","2020","2020","Suicide","2","Firearm","GRINJ-006",17,152622,11.1,6.5,17.8
,"Merrimack County, NH","33013","2020","2020","Suicide","2","Suffocation","GRINJ-017",13,152622,8.5,4.5,14.6
,"Rockingham County, NH","33015","2020","2020","Unintentional","1","Fall","GRINJ-003",66,311307,21.2,16.4,27.0
,"Rockingham County, NH","33015","2020","2020","Unintentional","1","Motor Vehicle Traffic","GRINJ-008",20,311307,6.4,3.9,9.9
,"Rockingham County, NH","33015","2020","2020","Unintentional","1","Poisoning","GRINJ-015",72,311307,23.1,18.1,29.1
,"Rockingham County, NH","33015","2020","2020","Suicide","2","Firearm","GRINJ-006",26,311307,8.4,5.5,12.2
,"Rockingham County, NH","33015","2020","2020","Suicide","2","Suffocation","GRINJ-017",20,311307,6.4,3.9,9.9
,"Strafford County, NH","33017","2020","2020","Unintentional","1","Fall","GRINJ-003",20,131533,15.2,9.3,23.5
,"Strafford County, NH","33017","2020","2020","Unintentional","1","Poisoning","GRINJ-015",50,131533,38.0,28.2,50.1
,"Sullivan County, NH","33019","2020","2020","Unintentional","1","Fall","GRINJ-003",12,43267,27.7,14.3,48.4
,"Sullivan County, NH","33019","2020","2020","Unintentional","1","Poisoning","GRINJ-015",11,43267,25.4,12.7,45.5
,"Atlantic County, NJ","34001","2020","2020","Unintentional","1","Fall","GRINJ-003",34,262945,12.9,9.0,18.1
,"Atlantic County, NJ","34001","2020","2020","Unintentional","1","Motor Vehicle Traffic","GRINJ-008",40,262945,15.2,10.9,20.7
,"Atlantic County, NJ","34001","2020","2020","Unintentional","1","Poisoning","GRINJ-015",162,262945,61.6,52.1,71.1
,"Atlantic County, NJ","34001","2020","2020","Unintentional","1","Unspecified Injury","GRINJ-020",11,262945,4.2,2.1,7.5
,"Atlantic County, NJ","34001","2020","2020","Suicide","2","Suffocation","GRINJ-017",13,262945,4.9,2.6,8.5
,"Atlantic County, NJ","34001","2020","2020","Homicide","3","Firearm","GRINJ-006",12,262945,4.6,2.4,8.0
,"Bergen County, NJ","34003","2020","2020","Unintentional","1","Fall","GRINJ-003",69,930394,7.4,5.8,9.4
,"Bergen County, NJ","34003","2020","2020","Unintentional","1","Motor Vehicle Traffic","GRINJ-008",37,930394,4.0,2.8,5.5
,"Bergen County, NJ","34003","2020","2020","Unintentional","1","Poisoning","GRINJ-015",186,930394,20.0,17.1,22.9
,"Bergen County, NJ","34003","2020","2020","Unintentional","1","Suffocation","GRINJ-017",15,930394,1.6,0.9,2.7
,"Bergen County, NJ","34003","2020","2020","Unintentional","1","Unspecified Injury","GRINJ-020",30,930394,3.2,2.2,4.6
,"Bergen County, NJ","34003","2020","2020","Suicide","2","Firearm","GRINJ-006",16,930394,1.7,1.0,2.8
,"Bergen County, NJ","34003","2020","2020","Suicide","2","Suffocation","GRINJ-017",28,930394,3.0,2.0,4.3
,"Burlington County, NJ","34005","2020","2020","Unintentional","1","Fall","GRINJ-003",31,446596,6.9,4.7,9.9
,"Burlington County, NJ","34005","2020","2020","Unintentional","1","Motor Vehicle Traffic","GRINJ-008",32,446596,7.2,4.9,10.1
,"Burlington County, NJ","34005","2020","2020","Unintentional","1","Poisoning","GRINJ-015",144,446596,32.2,27.0,37.5
,"Burlington County, NJ","34005","2020","2020","Unintentional","1","Suffocation","GRINJ-017",16,446596,3.6,2.0,5.8
,"Burlington County, NJ","34005","2020","2020","Unintentional","1","Unspecified Injury","GRINJ-020",14,446596,3.1,1.7,5.3
,"Burlington County, NJ","34005","2020","2020","Suicide","2","Firearm","GRINJ-006",14,446596,3.1,1.7,5.3
,"Burlington County, NJ","34005","2020","2020","Suicide","2","Suffocation","GRINJ-017",10,446596,2.2,1.1,4.1
,"Burlington County, NJ","34005","2020","2020","Homicide","3","Firearm","GRINJ-006",14,446596,3.1,1.7,5.3
,"Camden County, NJ","34007","2020","2020","Unintentional","1","Fall","GRINJ-003",29,506809,5.7,3.8,8.2
,"Camden County, NJ","34007","2020","2020","Unintentional","1","Motor Vehicle Traffic","GRINJ-008",40,506809,7.9,5.6,10.7
,"Camden County, NJ","34007","2020","2020","Unintentional","1","Poisoning","GRINJ-015",269,506809,53.1,46.7,59.4
,"Camden County, NJ","34007","2020","2020","Unintentional","1","Suffocation","GRINJ-017",16,506809,3.2,1.8,5.1
,"Camden County, NJ","34007","2020","2020","Unintentional","1","Unspecified Injury","GRINJ-020",32,506809,6.3,4.3,8.9
,"Camden County, NJ","34007","2020","2020","Suicide","2","Suffocation","GRINJ-017",11,506809,2.2,1.1,3.9
,"Camden County, NJ","34007","2020","2020","Homicide","3","Firearm","GRINJ-006",24,506809,4.7,3.0,7.0
,"Cape May County, NJ","34009","2020","2020","Unintentional","1","Fall","GRINJ-003",12,91546,13.1,6.8,22.9
,"Cape May County, NJ","34009","2020","2020","Unintentional","1","Motor Vehicle Traffic","GRINJ-008",12,91546,13.1,6.8,22.9
,"Cape May County, NJ","34009","2020","2020","Unintentional","1","Poisoning","GRINJ-015",55,91546,60.1,45.3,78.2
,"Cumberland County, NJ","34011","2020","2020","Unintentional","1","Fall","GRINJ-003",17,147008,11.6,6.7,18.5
,"Cumberland County, NJ","34011","2020","2020","Unintentional","1","Motor Vehicle Traffic","GRINJ-008",23,147008,15.6,9.9,23.5
,"Cumberland County, NJ","34011","2020","2020","Unintentional","1","Poisoning","GRINJ-015",75,147008,51.0,40.1,64.0
,"Essex County, NJ","34013","2020","2020","Unintentional","1","Fall","GRINJ-003",36,800501,4.5,3.1,6.2
,"Essex County, NJ","34013","2020","2020","Unintentional","1","Motor Vehicle Traffic","GRINJ-008",68,800501,8.5,6.6,10.8
,"Essex County, NJ","34013","2020","2020","Unintentional","1","Poisoning","GRINJ-015",295,800501,36.9,32.6,41.1
,"Essex County, NJ","34013","2020","2020","Unintentional","1","Suffocation","GRINJ-017",14,800501,1.7,1.0,2.9
,"Essex County, NJ","34013","2020","2020","Unintentional","1","Unspecified Injury","GRINJ-020",20,800501,2.5,1.5,3.9
,"Essex County, NJ","34013","2020","2020","Suicide","2","Suffocation","GRINJ-017",16,800501,2.0,1.1,3.2
,"Essex County, NJ","34013","2020","2020","Homicide","3","Firearm","GRINJ-006",65,800501,8.1,6.3,10.3
,"Gloucester County, NJ","34015","2020","2020","Unintentional","1","Fall","GRINJ-003",17,293245,5.8,3.4,9.3
,"Gloucester County, NJ","34015","2020","2020","Unintentional","1","Motor Vehicle Traffic","GRINJ-008",31,293245,10.6,7.2,15.0
,"Gloucester County, NJ","34015","2020","2020","Unintentional","1","Poisoning","GRINJ-015",146,293245,49.8,41.7,57.9
,"Gloucester County, NJ","34015","2020","2020","Unintentional","1","Unspecified Injury","GRINJ-020",15,293245,5.1,2.9,8.4
,"Gloucester County, NJ","34015","2020","2020","Suicide","2","Suffocation","GRINJ-017",11,293245,3.8,1.9,6.7
,"Hudson County, NJ","34017","2020","2020","Unintentional","1","Fall","GRINJ-003",29,671666,4.3,2.9,6.2
,"Hudson County, NJ","34017","2020","2020","Unintentional","1","Motor Vehicle Traffic","GRINJ-008",29,671666,4.3,2.9,6.2
,"Hudson County, NJ","34017","2020","2020","Unintentional","1","Poisoning","GRINJ-015",153,671666,22.8,19.2,26.4
,"Hudson County, NJ","34017","2020","2020","Unintentional","1","Suffocation","GRINJ-017",11,671666,1.6,0.8,2.9
,"Hudson County, NJ","34017","2020","2020","Suicide","2","Firearm","GRINJ-006",12,671666,1.8,0.9,3.1
,"Hudson County, NJ","34017","2020","2020","Suicide","2","Suffocation","GRINJ-017",21,671666,3.1,1.9,4.8
,"Hudson County, NJ","34017","2020","2020","Homicide","3","Firearm","GRINJ-006",17,671666,2.5,1.5,4.1
,"Hunterdon County, NJ","34019","2020","2020","Unintentional","1","Poisoning","GRINJ-015",11,124797,8.8,4.4,15.8
,"Mercer County, NJ","34021","2020","2020","Unintentional","1","Fall","GRINJ-003",27,367239,7.4,4.8,10.7
,"Mercer County, NJ","34021","2020","2020","Unintentional","1","Motor Vehicle Traffic","GRINJ-008",24,367239,6.5,4.2,9.7
,"Mercer County, NJ","34021","2020","2020","Unintentional","1","Poisoning","GRINJ-015",116,367239,31.6,25.8,37.3
,"Mercer County, NJ","34021","2020","2020","Suicide","2","Suffocation","GRINJ-017",11,367239,3.0,1.5,5.4
,"Mercer County, NJ","34021","2020","2020","Homicide","3","Firearm","GRINJ-006",39,367239,10.6,7.6,14.5
,"Middlesex County, NJ","34023","2020","2020","Unintentional","1","Drowning","GRINJ-002",11,822736,1.3,0.7,2.4
,"Middlesex County, NJ","34023","2020","2020","Unintentional","1","Fall","GRINJ-003",49,822736,6.0,4.4,7.9
,"Middlesex County, NJ","34023","2020","2020","Unintentional","1","Motor Vehicle Traffic","GRINJ-008",64,822736,7.8,6.0,9.9
,"Middlesex County, NJ","34023","2020","2020","Unintentional","1","Poisoning","GRINJ-015",210,822736,25.5,22.1,29.0
,"Middlesex County, NJ","34023","2020","2020","Unintentional","1","Suffocation","GRINJ-017",18,822736,2.2,1.3,3.5
,"Middlesex County, NJ","34023","2020","2020","Unintentional","1","Unspecified Injury","GRINJ-020",16,822736,1.9,1.1,3.2
,"Middlesex County, NJ","34023","2020","2020","Suicide","2","Suffocation","GRINJ-017",27,822736,3.3,2.2,4.8
,"Monmouth County, NJ","34025","2020","2020","Unintentional","1","Fall","GRINJ-003",54,618381,8.7,6.6,11.4
,"Monmouth County, NJ","34025","2020","2020","Unintentional","1","Motor Vehicle Traffic","GRINJ-008",34,618381,5.5,3.8,7.7
,"Monmouth County, NJ","34025","2020","2020","Unintentional","1","Poisoning","GRINJ-015",176,618381,28.5,24.3,32.7
,"Monmouth County, NJ","34025","2020","2020","Unintentional","1","Unspecified Injury","GRINJ-020",25,618381,4.0,2.6,6.0
,"Monmouth County, NJ","34025","2020","2020","Suicide","2","Firearm","GRINJ-006",22,618381,3.6,2.2,5.4
,"Monmouth County, NJ","34025","2020","2020","Suicide","2","Suffocation","GRINJ-017",21,618381,3.4,2.1,5.2
,"Morris County, NJ","34027","2020","2020","Unintentional","1","Fall","GRINJ-003",36,491087,7.3,5.1,10.1
,"Morris County, NJ","34027","2020","2020","Unintentional","1","Motor Vehicle Traffic","GRINJ-008",17,491087,3.5,2.0,5.5
,"Morris County, NJ","34027","2020","2020","Unintentional","1","Poisoning","GRINJ-015",95,491087,19.3,15.7,23.6
,"Morris County, NJ","34027","2020","2020","Unintentional","1","Unspecified Injury","GRINJ-020",16,491087,3.3,1.9,5.3
,"Morris County, NJ","34027","2020","2020","Suicide","2","Suffocation","GRINJ-017",17,491087,3.5,2.0,5.5
,"Ocean County, NJ","34029","2020","2020","Unintentional","1","Fall","GRINJ-003",50,614237,8.1,6.0,10.7
,"Ocean County, NJ","34029","2020","2020","Unintentional","1","Motor Vehicle Traffic","GRINJ-008",42,614237,6.8,4.9,9.2
,"Ocean County, NJ","34029","2020","2020","Unintentional","1","Poisoning","GRINJ-015",227,614237,37.0,32.1,41.8
,"Ocean County, NJ","34029","2020","2020","Unintentional","1","Suffocation","GRINJ-017",18,614237,2.9,1.7,4.6
,"Ocean County, NJ","34029","2020","2020","Unintentional","1","Unspecified Injury","GRINJ-020",19,614237,3.1,1.9,4.8
,"Ocean County, NJ","34029","2020","2020","Suicide","2","Firearm","GRINJ-006",17,614237,2.8,1.6,4.4
,"Ocean County, NJ","34029","2020","2020","Suicide","2","Suffocation","GRINJ-017",29,614237,4.7,3.2,6.8
,"Passaic County, NJ","34031","2020","2020","Unintentional","1","Fall","GRINJ-003",44,500382,8.8,6.4,11.8
,"Passaic County, NJ","34031","2020","2020","Unintentional","1","Motor Vehicle Traffic","GRINJ-008",34,500382,6.8,4.7,9.5
,"Passaic County, NJ","34031","2020","2020","Unintentional","1","Poisoning","GRINJ-015",154,500382,30.8,25.9,35.6
,"Passaic County, NJ","34031","2020","2020","Unintentional","1","Unspecified Injury","GRINJ-020",13,500382,2.6,1.4,4.4
,"Passaic County, NJ","34031","2020","2020","Suicide","2","Suffocation","GRINJ-017",10,500382,2.0,1.0,3.7
,"Passaic County, NJ","34031","2020","2020","Homicide","3","Firearm","GRINJ-006",25,500382,5.0,3.2,7.4
,"Salem County, NJ","34033","2020","2020","Unintentional","1","Poisoning","GRINJ-015",36,62451,57.6,40.4,79.8
,"Salem County, NJ","34033","2020","2020","Homicide","3","Firearm","GRINJ-006",10,62451,16.0,7.7,29.4
,"Somerset County, NJ","34035","2020","2020","Unintentional","1","Fall","GRINJ-003",14,329331,4.3,2.3,7.1
,"Somerset County, NJ","34035","2020","2020","Unintentional","1","Motor Vehicle Traffic","GRINJ-008",12,329331,3.6,1.9,6.4
,"Somerset County, NJ","34035","2020","2020","Unintentional","1","Poisoning","GRINJ-015",62,329331,18.8,14.4,24.1
,"Sussex County, NJ","34037","2020","2020","Unintentional","1","Fall","GRINJ-003",15,140002,10.7,6.0,17.7
,"Sussex County, NJ","34037","2020","2020","Unintentional","1","Poisoning","GRINJ-015",51,140002,36.4,27.1,47.9
,"Union County, NJ","34039","2020","2020","Unintentional","1","Fall","GRINJ-003",27,555394,4.9,3.2,7.1
,"Union County, NJ","34039","2020","2020","Unintentional","1","Motor Vehicle Traffic","GRINJ-008",32,555394,5.8,3.9,8.1
,"Union County, NJ","34039","2020","2020","Unintentional","1","Poisoning","GRINJ-015",167,555394,30.1,25.5,34.6
,"Union County, NJ","34039","2020","2020","Unintentional","1","Suffocation","GRINJ-017",10,555394,1.8,0.9,3.3
,"Union County, NJ","34039","2020","2020","Unintentional","1","Unspecified Injury","GRINJ-020",14,555394,2.5,1.4,4.2
,"Union County, NJ","34039","2020","2020","Suicide","2","Suffocation","GRINJ-017",13,555394,2.3,1.2,4.0
,"Union County, NJ","34039","2020","2020","Homicide","3","Firearm","GRINJ-006",11,555394,2.0,1.0,3.5
,"Warren County, NJ","34041","2020","2020","Unintentional","1","Fall","GRINJ-003",11,105624,10.4,5.2,18.6
,"Warren County, NJ","34041","2020","2020","Unintentional","1","Motor Vehicle Traffic","GRINJ-008",17,105624,16.1,9.4,25.8
,"Warren County, NJ","34041","2020","2020","Unintentional","1","Poisoning","GRINJ-015",35,105624,33.1,23.1,46.1
,"Bernalillo County, NM","35001","2020","2020","Unintentional","1","Fall","GRINJ-003",128,681666,18.8,15.5,22.0
,"Bernalillo County, NM","35001","2020","2020","Unintentional","1","Motor Vehicle Traffic","GRINJ-008",128,681666,18.8,15.5,22.0
,"Bernalillo County, NM","35001","2020","2020","Unintentional","1","Poisoning","GRINJ-015",376,681666,55.2,49.6,60.7
,"Bernalillo County, NM","35001","2020","2020","Suicide","2","Firearm","GRINJ-006",97,681666,14.2,11.5,17.4
,"Bernalillo County, NM","35001","2020","2020","Suicide","2","Poisoning","GRINJ-015",19,681666,2.8,1.7,4.4
,"Bernalillo County, NM","35001","2020","2020","Suicide","2","Suffocation","GRINJ-017",33,681666,4.8,3.3,6.8
,"Bernalillo County, NM","35001","2020","2020","Homicide","3","Firearm","GRINJ-006",64,681666,9.4,7.2,12.0
,"Chaves County, NM","35005","2020","2020","Unintentional","1","Motor Vehicle Traffic","GRINJ-008",15,64711,23.2,13.0,38.2
,"Chaves County, NM","35005","2020","2020","Unintentional","1","Poisoning","GRINJ-015",18,64711,27.8,16.5,44.0
,"Chaves County, NM","35005","2020","2020","Suicide","2","Firearm","GRINJ-006",14,64711,21.6,11.8,36.3
,"Curry County, NM","35009","2020","2020","Unintentional","1","Fall","GRINJ-003",12,48793,24.6,12.7,43.0
,"Curry County, NM","35009","2020","2020","Unintentional","1","Poisoning","GRINJ-015",24,48793,49.2,31.5,73.2
,"Dona Ana County, NM","35013","2020","2020","Unintentional","1","Drowning","GRINJ-002",10,221262,4.5,2.2,8.3
,"Dona Ana County, NM","35013","2020","2020","Unintentional","1","Fall","GRINJ-003",24,221262,10.8,6.9,16.1
,"Dona Ana County, NM","35013","2020","2020","Unintentional","1","Motor Vehicle Traffic","GRINJ-008",34,221262,15.4,10.6,21.5
,"Dona Ana County, NM","35013","2020","2020","Unintentional","1","Poisoning","GRINJ-015",39,221262,17.6,12.5,24.1
,"Dona Ana County, NM","35013","2020","2020","Suicide","2","Firearm","GRINJ-006",28,221262,12.7,8.4,18.3
,"Dona Ana County, NM","35013","2020","2020","Suicide","2","Suffocation","GRINJ-017",11,221262,5.0,2.5,8.9
,"Dona Ana County, NM","35013","2020","2020","Homicide","3","Firearm","GRINJ-006",10,221262,4.5,2.2,8.3
,"Eddy County, NM","35015","2020","2020","Unintentional","1","Motor Vehicle Traffic","GRINJ-008",12,58418,20.5,10.6,35.9
,"Eddy County, NM","35015","2020","2020","Unintentional","1","Poisoning","GRINJ-015",12,58418,20.5,10.6,35.9
,"Lea County, NM","35025","2020","2020","Unintentional","1","Fall","GRINJ-003",13,71830,18.1,9.6,30.9
,"Lea County, NM","35025","2020","2020","Unintentional","1","Motor Vehicle Traffic","GRINJ-008",15,71830,20.9,11.7,34.4
,"Lea County, NM","35025","2020","2020","Unintentional","1","Poisoning","GRINJ-015",22,71830,30.6,19.2,46.4
,"Lea County, NM","35025","2020","2020","Suicide","2","Firearm","GRINJ-006",12,71830,16.7,8.6,29.2
,"McKinley County, NM","35031","2020","2020","Unintentional","1","Fall","GRINJ-003",14,70824,19.8,10.8,33.2
,"McKinley County, NM","35031","2020","2020","Unintentional","1","Motor Vehicle Traffic","GRINJ-008",23,70824,32.5,20.6,48.7
,"McKinley County, NM","35031","2020","2020","Unintentional","1","Natural/Environmental","GRINJ-013",12,70824,16.9,8.8,29.6
,"McKinley County, NM","35031","2020","2020","Unintentional","1","Poisoning","GRINJ-015",30,70824,42.4,28.6,60.5
,"McKinley County, NM","35031","2020","2020","Suicide","2","Suffocation","GRINJ-017",13,70824,18.4,9.8,31.4
,"Otero County, NM","35035","2020","2020","Unintentional","1","Fall","GRINJ-003",11,67967,16.2,8.1,29.0
,"Otero County, NM","35035","2020","2020","Unintentional","1","Poisoning","GRINJ-015",12,67967,17.7,9.1,30.8
,"Rio Arriba County, NM","35039","2020","2020","Unintentional","1","Motor Vehicle Traffic","GRINJ-008",14,38521,36.3,19.9,61.0
,"Rio Arriba County, NM","35039","2020","2020","Unintentional","1","Poisoning","GRINJ-015",42,38521,109.0,78.6,147.4
,"Sandoval County, NM","35043","2020","2020","Unintentional","1","Fall","GRINJ-003",31,148904,20.8,14.1,29.6
,"Sandoval County, NM","35043","2020","2020","Unintentional","1","Motor Vehicle Traffic","GRINJ-008",16,148904,10.7,6.1,17.4
,"Sandoval County, NM","35043","2020","2020","Unintentional","1","Poisoning","GRINJ-015",44,148904,29.5,21.5,39.7
,"Sandoval County, NM","35043","2020","2020","Suicide","2","Firearm","GRINJ-006",24,148904,16.1,10.3,24.0
,"Sandoval County, NM","35043","2020","2020","Homicide","3","Firearm","GRINJ-006",12,148904,8.1,4.2,14.1
,"San Juan County, NM","35045","2020","2020","Unintentional","1","Fall","GRINJ-003",23,123312,18.7,11.8,28.0
,"San Juan County, NM","35045","2020","2020","Unintentional","1","Motor Vehicle Traffic","GRINJ-008",28,123312,22.7,15.1,32.8
,"San Juan County, NM","35045","2020","2020","Unintentional","1","Poisoning","GRINJ-015",57,123312,46.2,35.0,59.9
,"San Juan County, NM","35045","2020","2020","Suicide","2","Firearm","GRINJ-006",21,123312,17.0,10.5,26.0
,"San Juan County, NM","35045","2020","2020","Suicide","2","Suffocation","GRINJ-017",18,123312,14.6,8.7,23.1
,"San Miguel County, NM","35047","2020","2020","Unintentional","1","Poisoning","GRINJ-015",13,27144,47.9,25.5,81.9
,"Santa Fe County, NM","35049","2020","2020","Unintentional","1","Fall","GRINJ-003",36,151946,23.7,16.6,32.8
,"Santa Fe County, NM","35049","2020","2020","Unintentional","1","Motor Vehicle Traffic","GRINJ-008",21,151946,13.8,8.6,21.1
,"Santa Fe County, NM","35049","2020","2020","Unintentional","1","Poisoning","GRINJ-015",54,151946,35.5,26.7,46.4
,"Santa Fe County, NM","35049","2020","2020","Suicide","2","Firearm","GRINJ-006",17,151946,11.2,6.5,17.9
,"Socorro County, NM","35053","2020","2020","Unintentional","1","Poisoning","GRINJ-015",11,16541,66.5,33.2,119.0
,"Taos County, NM","35055","2020","2020","Unintentional","1","Motor Vehicle Traffic","GRINJ-008",14,32593,43.0,23.5,72.1
,"Taos County, NM","35055","2020","2020","Unintentional","1","Poisoning","GRINJ-015",12,32593,36.8,19.0,64.3
,"Valencia County, NM","35061","2020","2020","Unintentional","1","Motor Vehicle Traffic","GRINJ-008",19,77574,24.5,14.7,38.2
,"Valencia County, NM","35061","2020","2020","Unintentional","1","Poisoning","GRINJ-015",33,77574,42.5,29.3,59.7
,"Valencia County, NM","35061","2020","2020","Suicide","2","Firearm","GRINJ-006",13,77574,16.8,8.9,28.7
,"Albany County, NY","36001","2020","2020","Unintentional","1","Fall","GRINJ-003",36,303654,11.9,8.3,16.4
,"Albany County, NY","36001","2020","2020","Unintentional","1","Motor Vehicle Traffic","GRINJ-008",20,303654,6.6,4.0,10.2
,"Albany County, NY","36001","2020","2020","Unintentional","1","Poisoning","GRINJ-015",59,303654,19.4,14.8,25.1
,"Albany County, NY","36001","2020","2020","Homicide","3","Firearm","GRINJ-006",11,303654,3.6,1.8,6.5
,"Albany County, NY","36001","2020","2020","Undetermined ","4","Poisoning","GRINJ-015",24,303654,7.9,5.1,11.8
,"Bronx County, NY","36005","2020","2020","Unintentional","1","Drowning","GRINJ-002",12,1401142,0.9,0.4,1.5
,"Bronx County, NY","36005","2020","2020","Unintentional","1","Fall","GRINJ-003",69,1401142,4.9,3.8,6.2
,"Bronx County, NY","36005","2020","2020","Unintentional","1","Fire/Flame","GRINJ-004",11,1401142,0.8,0.4,1.4
,"Bronx County, NY","36005","2020","2020","Unintentional","1","Motor Vehicle Traffic","GRINJ-008",72,1401142,5.1,4.0,6.5
,"Bronx County, NY","36005","2020","2020","Unintentional","1","Poisoning","GRINJ-015",551,1401142,39.3,36.0,42.6
,"Bronx County, NY","36005","2020","2020","Unintentional","1","Suffocation","GRINJ-017",15,1401142,1.1,0.6,1.8
,"Bronx County, NY","36005","2020","2020","Suicide","2","Fall","GRINJ-003",20,1401142,1.4,0.9,2.2
,"Bronx County, NY","36005","2020","2020","Suicide","2","Poisoning","GRINJ-015",11,1401142,0.8,0.4,1.4
,"Bronx County, NY","36005","2020","2020","Suicide","2","Suffocation","GRINJ-017",25,1401142,1.8,1.2,2.6
,"Bronx County, NY","36005","2020","2020","Homicide","3","Cut/Pierce","GRINJ-001",31,1401142,2.2,1.5,3.1
,"Bronx County, NY","36005","2020","2020","Homicide","3","Firearm","GRINJ-006",78,1401142,5.6,4.4,6.9
,"Broome County, NY","36007","2020","2020","Unintentional","1","Fall","GRINJ-003",24,189420,12.7,8.1,18.9
,"Broome County, NY","36007","2020","2020","Unintentional","1","Motor Vehicle Traffic","GRINJ-008",15,189420,7.9,4.4,13.1
,"Broome County, NY","36007","2020","2020","Unintentional","1","Poisoning","GRINJ-015",76,189420,40.1,31.6,50.2
,"Cattaraugus County, NY","36009","2020","2020","Unintentional","1","Poisoning","GRINJ-015",14,75863,18.5,10.1,31.0
,"Cayuga County, NY","36011","2020","2020","Unintentional","1","Poisoning","GRINJ-015",31,76029,40.8,27.7,57.9
,"Chautauqua County, NY","36013","2020","2020","Unintentional","1","Fall","GRINJ-003",21,126032,16.7,10.3,25.5
,"Chautauqua County, NY","36013","2020","2020","Unintentional","1","Poisoning","GRINJ-015",48,126032,38.1,28.1,50.5
,"Chautauqua County, NY","36013","2020","2020","Suicide","2","Firearm","GRINJ-006",11,126032,8.7,4.4,15.6
,"Chemung County, NY","36015","2020","2020","Unintentional","1","Fall","GRINJ-003",10,82622,12.1,5.8,22.3
,"Chemung County, NY","36015","2020","2020","Unintentional","1","Poisoning","GRINJ-015",26,82622,31.5,20.6,46.1
,"Chenango County, NY","36017","2020","2020","Unintentional","1","Poisoning","GRINJ-015",14,46730,30.0,16.4,50.3
,"Clinton County, NY","36019","2020","2020","Unintentional","1","Fall","GRINJ-003",13,79778,16.3,8.7,27.9
,"Clinton County, NY","36019","2020","2020","Unintentional","1","Poisoning","GRINJ-015",14,79778,17.5,9.6,29.4
,"Cortland County, NY","36023","2020","2020","Unintentional","1","Poisoning","GRINJ-015",12,47173,25.4,13.1,44.4
,"Dutchess County, NY","36027","2020","2020","Unintentional","1","Fall","GRINJ-003",24,293293,8.2,5.2,12.2
,"Dutchess County, NY","36027","2020","2020","Unintentional","1","Motor Vehicle Traffic","GRINJ-008",32,293293,10.9,7.5,15.4
,"Dutchess County, NY","36027","2020","2020","Unintentional","1","Poisoning","GRINJ-015",112,293293,38.2,31.1,45.3
,"Dutchess County, NY","36027","2020","2020","Suicide","2","Poisoning","GRINJ-015",10,293293,3.4,1.6,6.3
,"Dutchess County, NY","36027","2020","2020","Suicide","2","Suffocation","GRINJ-017",11,293293,3.8,1.9,6.7
,"Erie County, NY","36029","2020","2020","Unintentional","1","Fall","GRINJ-003",98,917241,10.7,8.7,13.0
,"Erie County, NY","36029","2020","2020","Unintentional","1","Motor Vehicle Traffic","GRINJ-008",57,917241,6.2,4.7,8.1
,"Erie County, NY","36029","2020","2020","Unintentional","1","Poisoning","GRINJ-015",279,917241,30.4,26.8,34.0
,"Erie County, NY","36029","2020","2020","Unintentional","1","Suffocation","GRINJ-017",19,917241,2.1,1.2,3.2
,"Erie County, NY","36029","2020","2020","Unintentional","1","Unspecified Injury","GRINJ-020",22,917241,2.4,1.5,3.6
,"Erie County, NY","36029","2020","2020","Suicide","2","Firearm","GRINJ-006",30,917241,3.3,2.2,4.7
,"Erie County, NY","36029","2020","2020","Suicide","2","Poisoning","GRINJ-015",20,917241,2.2,1.3,3.4
,"Erie County, NY","36029","2020","2020","Suicide","2","Suffocation","GRINJ-017",30,917241,3.3,2.2,4.7
,"Erie County, NY","36029","2020","2020","Homicide","3","Cut/Pierce","GRINJ-001",10,917241,1.1,0.5,2.0
,"Erie County, NY","36029","2020","2020","Homicide","3","Firearm","GRINJ-006",49,917241,5.3,4.0,7.1
,"Erie County, NY","36029","2020","2020","Homicide","3","Unspecified Injury","GRINJ-020",11,917241,1.2,0.6,2.1
,"Fulton County, NY","36035","2020","2020","Unintentional","1","Poisoning","GRINJ-015",13,52812,24.6,13.1,42.1
,"Genesee County, NY","36037","2020","2020","Unintentional","1","Poisoning","GRINJ-015",18,56994,31.6,18.7,49.9
,"Greene County, NY","36039","2020","2020","Unintentional","1","Poisoning","GRINJ-015",15,47177,31.8,17.8,52.4
,"Jefferson County, NY","36045","2020","2020","Unintentional","1","Motor Vehicle Traffic","GRINJ-008",14,108095,13.0,7.1,21.7
,"Jefferson County, NY","36045","2020","2020","Unintentional","1","Poisoning","GRINJ-015",35,108095,32.4,22.6,45.0
,"Kings County, NY","36047","2020","2020","Unintentional","1","Drowning","GRINJ-002",10,2538934,0.4,0.2,0.7
,"Kings County, NY","36047","2020","2020","Unintentional","1","Fall","GRINJ-003",126,2538934,5.0,4.1,5.8
,"Kings County, NY","36047","2020","2020","Unintentional","1","Fire/Flame","GRINJ-004",14,2538934,0.6,0.3,0.9
,"Kings County, NY","36047","2020","2020","Unintentional","1","Motor Vehicle Traffic","GRINJ-008",103,2538934,4.1,3.3,4.8
,"Kings County, NY","36047","2020","2020","Unintentional","1","Poisoning","GRINJ-015",450,2538934,17.7,16.1,19.4
,"Kings County, NY","36047","2020","2020","Unintentional","1","Suffocation","GRINJ-017",23,2538934,0.9,0.6,1.4
,"Kings County, NY","36047","2020","2020","Unintentional","1","Unspecified Injury","GRINJ-020",12,2538934,0.5,0.2,0.8
,"Kings County, NY","36047","2020","2020","Suicide","2","Fall","GRINJ-003",26,2538934,1.0,0.7,1.5
,"Kings County, NY","36047","2020","2020","Suicide","2","Firearm","GRINJ-006",19,2538934,0.7,0.5,1.2
,"Kings County, NY","36047","2020","2020","Suicide","2","Poisoning","GRINJ-015",20,2538934,0.8,0.5,1.2
,"Kings County, NY","36047","2020","2020","Suicide","2","Suffocation","GRINJ-017",52,2538934,2.0,1.5,2.7
,"Kings County, NY","36047","2020","2020","Homicide","3","Cut/Pierce","GRINJ-001",27,2538934,1.1,0.7,1.5
,"Kings County, NY","36047","2020","2020","Homicide","3","Firearm","GRINJ-006",120,2538934,4.7,3.9,5.6
,"Livingston County, NY","36051","2020","2020","Unintentional","1","Poisoning","GRINJ-015",15,62398,24.0,13.5,39.6
,"Madison County, NY","36053","2020","2020","Unintentional","1","Fall","GRINJ-003",11,70478,15.6,7.8,27.9
,"Madison County, NY","36053","2020","2020","Unintentional","1","Poisoning","GRINJ-015",12,70478,17.0,8.8,29.7
,"Monroe County, NY","36055","2020","2020","Unintentional","1","Fall","GRINJ-003",162,740900,21.9,18.5,25.2
,"Monroe County, NY","36055","2020","2020","Unintentional","1","Motor Vehicle Traffic","GRINJ-008",45,740900,6.1,4.4,8.1
,"Monroe County, NY","36055","2020","2020","Unintentional","1","Poisoning","GRINJ-015",266,740900,35.9,31.6,40.2
,"Monroe County, NY","36055","2020","2020","Unintentional","1","Suffocation","GRINJ-017",13,740900,1.8,0.9,3.0
,"Monroe County, NY","36055","2020","2020","Suicide","2","Firearm","GRINJ-006",19,740900,2.6,1.5,4.0
,"Monroe County, NY","36055","2020","2020","Suicide","2","Poisoning","GRINJ-015",13,740900,1.8,0.9,3.0
,"Monroe County, NY","36055","2020","2020","Suicide","2","Suffocation","GRINJ-017",30,740900,4.0,2.7,5.8
,"Monroe County, NY","36055","2020","2020","Homicide","3","Firearm","GRINJ-006",46,740900,6.2,4.5,8.3
,"Nassau County, NY","36059","2020","2020","Unintentional","1","Drowning","GRINJ-002",12,1351334,0.9,0.5,1.6
,"Nassau County, NY","36059","2020","2020","Unintentional","1","Fall","GRINJ-003",131,1351334,9.7,8.0,11.4
,"Nassau County, NY","36059","2020","2020","Unintentional","1","Motor Vehicle Traffic","GRINJ-008",81,1351334,6.0,4.8,7.5
,"Nassau County, NY","36059","2020","2020","Unintentional","1","Poisoning","GRINJ-015",280,1351334,20.7,18.3,23.1
,"Nassau County, NY","36059","2020","2020","Unintentional","1","Suffocation","GRINJ-017",18,1351334,1.3,0.8,2.1
,"Nassau County, NY","36059","2020","2020","Suicide","2","Firearm","GRINJ-006",18,1351334,1.3,0.8,2.1
,"Nassau County, NY","36059","2020","2020","Suicide","2","Poisoning","GRINJ-015",11,1351334,0.8,0.4,1.5
,"Nassau County, NY","36059","2020","2020","Suicide","2","Suffocation","GRINJ-017",30,1351334,2.2,1.5,3.2
,"Nassau County, NY","36059","2020","2020","Homicide","3","Firearm","GRINJ-006",15,1351334,1.1,0.6,1.8
,"New York County, NY","36061","2020","2020","Unintentional","1","Drowning","GRINJ-002",10,1611989,0.6,0.3,1.1
,"New York County, NY","36061","2020","2020","Unintentional","1","Fall","GRINJ-003",103,1611989,6.4,5.2,7.6
,"New York County, NY","36061","2020","2020","Unintentional","1","Motor Vehicle Traffic","GRINJ-008",47,1611989,2.9,2.1,3.9
,"New York County, NY","36061","2020","2020","Unintentional","1","Poisoning","GRINJ-015",377,1611989,23.4,21.0,25.7
,"New York County, NY","36061","2020","2020","Unintentional","1","Suffocation","GRINJ-017",15,1611989,0.9,0.5,1.5
,"New York County, NY","36061","2020","2020","Unintentional","1","Unspecified Injury","GRINJ-020",11,1611989,0.7,0.3,1.2
,"New York County, NY","36061","2020","2020","Suicide","2","Drowning","GRINJ-002",10,1611989,0.6,0.3,1.1
,"New York County, NY","36061","2020","2020","Suicide","2","Fall","GRINJ-003",39,1611989,2.4,1.7,3.3
,"New York County, NY","36061","2020","2020","Suicide","2","Poisoning","GRINJ-015",19,1611989,1.2,0.7,1.8
,"New York County, NY","36061","2020","2020","Suicide","2","Suffocation","GRINJ-017",45,1611989,2.8,2.0,3.7
,"New York County, NY","36061","2020","2020","Homicide","3","Cut/Pierce","GRINJ-001",16,1611989,1.0,0.6,1.6
,"New York County, NY","36061","2020","2020","Homicide","3","Firearm","GRINJ-006",36,1611989,2.2,1.6,3.1
,"Niagara County, NY","36063","2020","2020","Unintentional","1","Fall","GRINJ-003",19,208396,9.1,5.5,14.2
,"Niagara County, NY","36063","2020","2020","Unintentional","1","Motor Vehicle Traffic","GRINJ-008",21,208396,10.1,6.2,15.4
,"Niagara County, NY","36063","2020","2020","Unintentional","1","Poisoning","GRINJ-015",72,208396,34.5,27.0,43.5
,"Niagara County, NY","36063","2020","2020","Suicide","2","Firearm","GRINJ-006",11,208396,5.3,2.6,9.4
,"Niagara County, NY","36063","2020","2020","Suicide","2","Suffocation","GRINJ-017",13,208396,6.2,3.3,10.7
,"Niagara County, NY","36063","2020","2020","Homicide","3","Firearm","GRINJ-006",12,208396,5.8,3.0,10.1
,"Oneida County, NY","36065","2020","2020","Unintentional","1","Fall","GRINJ-003",38,227346,16.7,11.8,22.9
,"Oneida County, NY","36065","2020","2020","Unintentional","1","Motor Vehicle Traffic","GRINJ-008",19,227346,8.4,5.0,13.1
,"Oneida County, NY","36065","2020","2020","Unintentional","1","Poisoning","GRINJ-015",69,227346,30.4,23.6,38.4
,"Oneida County, NY","36065","2020","2020","Suicide","2","Firearm","GRINJ-006",16,227346,7.0,4.0,11.4
,"Oneida County, NY","36065","2020","2020","Suicide","2","Suffocation","GRINJ-017",11,227346,4.8,2.4,8.7
,"Oneida County, NY","36065","2020","2020","Homicide","3","Firearm","GRINJ-006",12,227346,5.3,2.7,9.2
,"Onondaga County, NY","36067","2020","2020","Unintentional","1","Fall","GRINJ-003",79,459214,17.2,13.6,21.4
,"Onondaga County, NY","36067","2020","2020","Unintentional","1","Motor Vehicle Traffic","GRINJ-008",39,459214,8.5,6.0,11.6
,"Onondaga County, NY","36067","2020","2020","Unintentional","1","Poisoning","GRINJ-015",153,459214,33.3,28.0,38.6
,"Onondaga County, NY","36067","2020","2020","Unintentional","1","Suffocation","GRINJ-017",15,459214,3.3,1.8,5.4
,"Onondaga County, NY","36067","2020","2020","Suicide","2","Firearm","GRINJ-006",16,459214,3.5,2.0,5.7
,"Onondaga County, NY","36067","2020","2020","Suicide","2","Suffocation","GRINJ-017",16,459214,3.5,2.0,5.7
,"Onondaga County, NY","36067","2020","2020","Homicide","3","Firearm","GRINJ-006",26,459214,5.7,3.7,8.3
,"Ontario County, NY","36069","2020","2020","Unintentional","1","Fall","GRINJ-003",12,110091,10.9,5.6,19.0
,"Ontario County, NY","36069","2020","2020","Unintentional","1","Motor Vehicle Traffic","GRINJ-008",11,110091,10.0,5.0,17.9
,"Ontario County, NY","36069","2020","2020","Unintentional","1","Poisoning","GRINJ-015",13,110091,11.8,6.3,20.2
,"Orange County, NY","36071","2020","2020","Unintentional","1","Fall","GRINJ-003",28,385234,7.3,4.8,10.5
,"Orange County, NY","36071","2020","2020","Unintentional","1","Motor Vehicle Traffic","GRINJ-008",23,385234,6.0,3.8,9.0
,"Orange County, NY","36071","2020","2020","Unintentional","1","Poisoning","GRINJ-015",118,385234,30.6,25.1,36.2
,"Orange County, NY","36071","2020","2020","Suicide","2","Firearm","GRINJ-006",18,385234,4.7,2.8,7.4
,"Orange County, NY","36071","2020","2020","Suicide","2","Suffocation","GRINJ-017",11,385234,2.9,1.4,5.1
,"Oswego County, NY","36075","2020","2020","Unintentional","1","Fall","GRINJ-003",11,116346,9.5,4.7,16.9
,"Oswego County, NY","36075","2020","2020","Unintentional","1","Motor Vehicle Traffic","GRINJ-008",16,116346,13.8,7.9,22.3
,"Oswego County, NY","36075","2020","2020","Unintentional","1","Poisoning","GRINJ-015",36,116346,30.9,21.7,42.8
,"Otsego County, NY","36077","2020","2020","Unintentional","1","Poisoning","GRINJ-015",11,58701,18.7,9.4,33.5
,"Putnam County, NY","36079","2020","2020","Unintentional","1","Poisoning","GRINJ-015",21,98532,21.3,13.2,32.6
,"Queens County, NY","36081","2020","2020","Unintentional","1","Fall","GRINJ-003",159,2225821,7.1,6.0,8.3
,"Queens County, NY","36081","2020","2020","Unintentional","1","Fire/Flame","GRINJ-004",11,2225821,0.5,0.2,0.9
,"Queens County, NY","36081","2020","2020","Unintentional","1","Motor Vehicle Traffic","GRINJ-008",100,2225821,4.5,3.6,5.4
,"Queens County, NY","36081","2020","2020","Unintentional","1","Poisoning","GRINJ-015",395,2225821,17.7,16.0,19.5
,"Queens County, NY","36081","2020","2020","Unintentional","1","Suffocation","GRINJ-017",15,2225821,0.7,0.4,1.1
,"Queens County, NY","36081","2020","2020","Suicide","2","Cut/Pierce","GRINJ-001",13,2225821,0.6,0.3,1.0
,"Queens County, NY","36081","2020","2020","Suicide","2","Fall","GRINJ-003",19,2225821,0.9,0.5,1.3
,"Queens County, NY","36081","2020","2020","Suicide","2","Firearm","GRINJ-006",15,2225821,0.7,0.4,1.1
,"Queens County, NY","36081","2020","2020","Suicide","2","Poisoning","GRINJ-015",18,2225821,0.8,0.5,1.3
,"Queens County, NY","36081","2020","2020","Suicide","2","Suffocation","GRINJ-017",71,2225821,3.2,2.5,4.0
,"Queens County, NY","36081","2020","2020","Suicide","2","Other specified, classifiable Injury","GRINJ-018",13,2225821,0.6,0.3,1.0
,"Queens County, NY","36081","2020","2020","Homicide","3","Cut/Pierce","GRINJ-001",14,2225821,0.6,0.3,1.1
,"Queens County, NY","36081","2020","2020","Homicide","3","Firearm","GRINJ-006",45,2225821,2.0,1.5,2.7
,"Rensselaer County, NY","36083","2020","2020","Unintentional","1","Fall","GRINJ-003",17,158108,10.8,6.3,17.2
,"Rensselaer County, NY","36083","2020","2020","Unintentional","1","Motor Vehicle Traffic","GRINJ-008",11,158108,7.0,3.5,12.4
,"Rensselaer County, NY","36083","2020","2020","Undetermined ","4","Poisoning","GRINJ-015",34,158108,21.5,14.9,30.1
,"Richmond County, NY","36085","2020","2020","Unintentional","1","Fall","GRINJ-003",29,475327,6.1,4.1,8.8
,"Richmond County, NY","36085","2020","2020","Unintentional","1","Motor Vehicle Traffic","GRINJ-008",17,475327,3.6,2.1,5.7
,"Richmond County, NY","36085","2020","2020","Unintentional","1","Poisoning","GRINJ-015",139,475327,29.2,24.4,34.1
,"Richmond County, NY","36085","2020","2020","Suicide","2","Suffocation","GRINJ-017",12,475327,2.5,1.3,4.4
,"Richmond County, NY","36085","2020","2020","Homicide","3","Firearm","GRINJ-006",13,475327,2.7,1.5,4.7
,"Rockland County, NY","36087","2020","2020","Unintentional","1","Fall","GRINJ-003",45,326225,13.8,10.1,18.5
,"Rockland County, NY","36087","2020","2020","Unintentional","1","Motor Vehicle Traffic","GRINJ-008",16,326225,4.9,2.8,8.0
,"Rockland County, NY","36087","2020","2020","Unintentional","1","Poisoning","GRINJ-015",53,326225,16.2,12.2,21.3
,"St. Lawrence County, NY","36089","2020","2020","Unintentional","1","Poisoning","GRINJ-015",15,107185,14.0,7.8,23.1
,"Saratoga County, NY","36091","2020","2020","Unintentional","1","Motor Vehicle Traffic","GRINJ-008",13,230298,5.6,3.0,9.7
,"Saratoga County, NY","36091","2020","2020","Suicide","2","Suffocation","GRINJ-017",10,230298,4.3,2.1,8.0
,"Saratoga County, NY","36091","2020","2020","Undetermined ","4","Poisoning","GRINJ-015",33,230298,14.3,9.9,20.1
,"Schenectady County, NY","36093","2020","2020","Unintentional","1","Motor Vehicle Traffic","GRINJ-008",13,155358,8.4,4.5,14.3
,"Schenectady County, NY","36093","2020","2020","Undetermined ","4","Poisoning","GRINJ-015",31,155358,20.0,13.6,28.3
,"Steuben County, NY","36101","2020","2020","Unintentional","1","Fall","GRINJ-003",16,94657,16.9,9.7,27.4
,"Steuben County, NY","36101","2020","2020","Unintentional","1","Poisoning","GRINJ-015",15,94657,15.8,8.9,26.1
,"Steuben County, NY","36101","2020","2020","Suicide","2","Firearm","GRINJ-006",11,94657,11.6,5.8,20.8
,"Suffolk County, NY","36103","2020","2020","Unintentional","1","Drowning","GRINJ-002",16,1474273,1.1,0.6,1.8
,"Suffolk County, NY","36103","2020","2020","Unintentional","1","Fall","GRINJ-003",225,1474273,15.3,13.3,17.3
,"Suffolk County, NY","36103","2020","2020","Unintentional","1","Motor Vehicle Traffic","GRINJ-008",109,1474273,7.4,6.0,8.8
,"Suffolk County, NY","36103","2020","2020","Unintentional","1","Poisoning","GRINJ-015",417,1474273,28.3,25.6,31.0
,"Suffolk County, NY","36103","2020","2020","Unintentional","1","Suffocation","GRINJ-017",15,1474273,1.0,0.6,1.7
,"Suffolk County, NY","36103","2020","2020","Unintentional","1","Unspecified Injury","GRINJ-020",14,1474273,0.9,0.5,1.6
,"Suffolk County, NY","36103","2020","2020","Suicide","2","Firearm","GRINJ-006",39,1474273,2.6,1.9,3.6
,"Suffolk County, NY","36103","2020","2020","Suicide","2","Poisoning","GRINJ-015",20,1474273,1.4,0.8,2.1
,"Suffolk County, NY","36103","2020","2020","Suicide","2","Suffocation","GRINJ-017",50,1474273,3.4,2.5,4.5
,"Suffolk County, NY","36103","2020","2020","Homicide","3","Firearm","GRINJ-006",21,1474273,1.4,0.9,2.2
,"Sullivan County, NY","36105","2020","2020","Unintentional","1","Poisoning","GRINJ-015",53,75802,69.9,52.4,91.5
,"Tioga County, NY","36107","2020","2020","Unintentional","1","Motor Vehicle Traffic","GRINJ-008",11,47904,23.0,11.5,41.1
,"Tompkins County, NY","36109","2020","2020","Unintentional","1","Fall","GRINJ-003",16,101058,15.8,9.0,25.7
,"Tompkins County, NY","36109","2020","2020","Unintentional","1","Poisoning","GRINJ-015",19,101058,18.8,11.3,29.4
,"Ulster County, NY","36111","2020","2020","Unintentional","1","Fall","GRINJ-003",18,177716,10.1,6.0,16.0
,"Ulster County, NY","36111","2020","2020","Unintentional","1","Motor Vehicle Traffic","GRINJ-008",22,177716,12.4,7.8,18.7
,"Ulster County, NY","36111","2020","2020","Unintentional","1","Poisoning","GRINJ-015",71,177716,40.0,31.2,50.4
,"Ulster County, NY","36111","2020","2020","Suicide","2","Firearm","GRINJ-006",10,177716,5.6,2.7,10.3
,"Ulster County, NY","36111","2020","2020","Suicide","2","Suffocation","GRINJ-017",10,177716,5.6,2.7,10.3
,"Warren County, NY","36113","2020","2020","Undetermined ","4","Poisoning","GRINJ-015",17,63756,26.7,15.5,42.7
,"Washington County, NY","36115","2020","2020","Undetermined ","4","Poisoning","GRINJ-015",15,60606,24.8,13.9,40.8
,"Wayne County, NY","36117","2020","2020","Unintentional","1","Motor Vehicle Traffic","GRINJ-008",13,89339,14.6,7.7,24.9
,"Wayne County, NY","36117","2020","2020","Unintentional","1","Poisoning","GRINJ-015",18,89339,20.1,11.9,31.8
,"Westchester County, NY","36119","2020","2020","Unintentional","1","Fall","GRINJ-003",88,965802,9.1,7.3,11.2
,"Westchester County, NY","36119","2020","2020","Unintentional","1","Motor Vehicle Traffic","GRINJ-008",43,965802,4.5,3.2,6.0
,"Westchester County, NY","36119","2020","2020","Unintentional","1","Poisoning","GRINJ-015",159,965802,16.5,13.9,19.0
,"Westchester County, NY","36119","2020","2020","Unintentional","1","Suffocation","GRINJ-017",17,965802,1.8,1.0,2.8
,"Westchester County, NY","36119","2020","2020","Unintentional","1","Unspecified Injury","GRINJ-020",19,965802,2.0,1.2,3.1
,"Westchester County, NY","36119","2020","2020","Suicide","2","Firearm","GRINJ-006",19,965802,2.0,1.2,3.1
,"Westchester County, NY","36119","2020","2020","Suicide","2","Poisoning","GRINJ-015",22,965802,2.3,1.4,3.4
,"Westchester County, NY","36119","2020","2020","Suicide","2","Suffocation","GRINJ-017",23,965802,2.4,1.5,3.6
,"Westchester County, NY","36119","2020","2020","Homicide","3","Firearm","GRINJ-006",25,965802,2.6,1.7,3.8
,"Alamance County, NC","37001","2020","2020","Unintentional","1","Fall","GRINJ-003",49,171346,28.6,21.2,37.8
,"Alamance County, NC","37001","2020","2020","Unintentional","1","Motor Vehicle Traffic","GRINJ-008",23,171346,13.4,8.5,20.1
,"Alamance County, NC","37001","2020","2020","Unintentional","1","Poisoning","GRINJ-015",41,171346,23.9,17.2,32.5
,"Alamance County, NC","37001","2020","2020","Suicide","2","Firearm","GRINJ-006",13,171346,7.6,4.0,13.0
,"Alamance County, NC","37001","2020","2020","Homicide","3","Firearm","GRINJ-006",12,171346,7.0,3.6,12.2
,"Beaufort County, NC","37013","2020","2020","Unintentional","1","Motor Vehicle Traffic","GRINJ-008",11,47073,23.4,11.7,41.8
,"Beaufort County, NC","37013","2020","2020","Unintentional","1","Poisoning","GRINJ-015",16,47073,34.0,19.4,55.2
,"Bladen County, NC","37017","2020","2020","Unintentional","1","Motor Vehicle Traffic","GRINJ-008",18,32911,54.7,32.4,86.4
,"Bladen County, NC","37017","2020","2020","Unintentional","1","Poisoning","GRINJ-015",18,32911,54.7,32.4,86.4
,"Brunswick County, NC","37019","2020","2020","Unintentional","1","Fall","GRINJ-003",29,149039,19.5,13.0,27.9
,"Brunswick County, NC","37019","2020","2020","Unintentional","1","Motor Vehicle Traffic","GRINJ-008",24,149039,16.1,10.3,24.0
,"Brunswick County, NC","37019","2020","2020","Unintentional","1","Poisoning","GRINJ-015",47,149039,31.5,23.2,41.9
,"Brunswick County, NC","37019","2020","2020","Suicide","2","Firearm","GRINJ-006",17,149039,11.4,6.6,18.3
,"Buncombe County, NC","37021","2020","2020","Unintentional","1","Fall","GRINJ-003",65,263477,24.7,19.0,31.4
,"Buncombe County, NC","37021","2020","2020","Unintentional","1","Motor Vehicle Traffic","GRINJ-008",37,263477,14.0,9.9,19.4
,"Buncombe County, NC","37021","2020","2020","Unintentional","1","Poisoning","GRINJ-015",102,263477,38.7,31.2,46.2
,"Buncombe County, NC","37021","2020","2020","Suicide","2","Firearm","GRINJ-006",23,263477,8.7,5.5,13.1
,"Buncombe County, NC","37021","2020","2020","Suicide","2","Poisoning","GRINJ-015",11,263477,4.2,2.1,7.5
,"Buncombe County, NC","37021","2020","2020","Suicide","2","Suffocation","GRINJ-017",12,263477,4.6,2.4,8.0
,"Buncombe County, NC","37021","2020","2020","Homicide","3","Firearm","GRINJ-006",11,263477,4.2,2.1,7.5
,"Burke County, NC","37023","2020","2020","Unintentional","1","Fall","GRINJ-003",15,90418,16.6,9.3,27.4
,"Burke County, NC","37023","2020","2020","Unintentional","1","Motor Vehicle Traffic","GRINJ-008",12,90418,13.3,6.9,23.2
,"Burke County, NC","37023","2020","2020","Unintentional","1","Poisoning","GRINJ-015",40,90418,44.2,31.6,60.2
,"Cabarrus County, NC","37025","2020","2020","Unintentional","1","Fall","GRINJ-003",39,221479,17.6,12.5,24.1
,"Cabarrus County, NC","37025","2020","2020","Unintentional","1","Motor Vehicle Traffic","GRINJ-008",31,221479,14.0,9.5,19.9
,"Cabarrus County, NC","37025","2020","2020","Unintentional","1","Poisoning","GRINJ-015",67,221479,30.3,23.4,38.4
,"Cabarrus County, NC","37025","2020","2020","Suicide","2","Firearm","GRINJ-006",18,221479,8.1,4.8,12.8
,"Caldwell County, NC","37027","2020","2020","Unintentional","1","Motor Vehicle Traffic","GRINJ-008",10,82100,12.2,5.8,22.4
,"Caldwell County, NC","37027","2020","2020","Unintentional","1","Poisoning","GRINJ-015",30,82100,36.5,24.7,52.2
,"Carteret County, NC","37031","2020","2020","Unintentional","1","Fall","GRINJ-003",12,69558,17.3,8.9,30.1
,"Carteret County, NC","37031","2020","2020","Unintentional","1","Poisoning","GRINJ-015",27,69558,38.8,25.6,56.5
,"Catawba County, NC","37035","2020","2020","Unintentional","1","Fall","GRINJ-003",15,160307,9.4,5.2,15.4
,"Catawba County, NC","37035","2020","2020","Unintentional","1","Motor Vehicle Traffic","GRINJ-008",33,160307,20.6,14.2,28.9
,"Catawba County, NC","37035","2020","2020","Unintentional","1","Poisoning","GRINJ-015",36,160307,22.5,15.7,31.1
,"Catawba County, NC","37035","2020","2020","Suicide","2","Firearm","GRINJ-006",23,160307,14.3,9.1,21.5
,"Chatham County, NC","37037","2020","2020","Unintentional","1","Fall","GRINJ-003",17,75748,22.4,13.1,35.9
,"Chatham County, NC","37037","2020","2020","Unintentional","1","Poisoning","GRINJ-015",17,75748,22.4,13.1,35.9
,"Chatham County, NC","37037","2020","2020","Suicide","2","Firearm","GRINJ-006",10,75748,13.2,6.3,24.3
,"Cleveland County, NC","37045","2020","2020","Unintentional","1","Fall","GRINJ-003",21,99035,21.2,13.1,32.4
,"Cleveland County, NC","37045","2020","2020","Unintentional","1","Motor Vehicle Traffic","GRINJ-008",28,99035,28.3,18.8,40.9
,"Cleveland County, NC","37045","2020","2020","Unintentional","1","Poisoning","GRINJ-015",21,99035,21.2,13.1,32.4
,"Columbus County, NC","37047","2020","2020","Unintentional","1","Fall","GRINJ-003",10,54754,18.3,8.8,33.6
,"Columbus County, NC","37047","2020","2020","Unintentional","1","Motor Vehicle Traffic","GRINJ-008",21,54754,38.4,23.7,58.6
,"Columbus County, NC","37047","2020","2020","Unintentional","1","Poisoning","GRINJ-015",27,54754,49.3,32.5,71.7
,"Columbus County, NC","37047","2020","2020","Homicide","3","Firearm","GRINJ-006",12,54754,21.9,11.3,38.3
,"Craven County, NC","37049","2020","2020","Unintentional","1","Fall","GRINJ-003",12,101233,11.9,6.1,20.7
,"Craven County, NC","37049","2020","2020","Unintentional","1","Motor Vehicle Traffic","GRINJ-008",16,101233,15.8,9.0,25.7
,"Craven County, NC","37049","2020","2020","Unintentional","1","Poisoning","GRINJ-015",44,101233,43.5,31.6,58.3
,"Craven County, NC","37049","2020","2020","Suicide","2","Firearm","GRINJ-006",12,101233,11.9,6.1,20.7
,"Craven County, NC","37049","2020","2020","Homicide","3","Firearm","GRINJ-006",14,101233,13.8,7.6,23.2
,"Cumberland County, NC","37051","2020","2020","Unintentional","1","Fall","GRINJ-003",47,336364,14.0,10.3,18.6
,"Cumberland County, NC","37051","2020","2020","Unintentional","1","Motor Vehicle Traffic","GRINJ-008",67,336364,19.9,15.4,25.3
,"Cumberland County, NC","37051","2020","2020","Unintentional","1","Poisoning","GRINJ-015",151,336364,44.9,37.7,52.1
,"Cumberland County, NC","37051","2020","2020","Suicide","2","Firearm","GRINJ-006",38,336364,11.3,8.0,15.5
,"Cumberland County, NC","37051","2020","2020","Suicide","2","Suffocation","GRINJ-017",15,336364,4.5,2.5,7.4
,"Cumberland County, NC","37051","2020","2020","Homicide","3","Firearm","GRINJ-006",39,336364,11.6,8.2,15.9
,"Currituck County, NC","37053","2020","2020","Unintentional","1","Poisoning","GRINJ-015",14,29052,48.2,26.3,80.9
,"Dare County, NC","37055","2020","2020","Unintentional","1","Poisoning","GRINJ-015",15,37547,39.9,22.4,65.9
,"Davidson County, NC","37057","2020","2020","Unintentional","1","Fall","GRINJ-003",29,169234,17.1,11.5,24.6
,"Davidson County, NC","37057","2020","2020","Unintentional","1","Motor Vehicle Traffic","GRINJ-008",40,169234,23.6,16.9,32.2
,"Davidson County, NC","37057","2020","2020","Unintentional","1","Poisoning","GRINJ-015",85,169234,50.2,40.1,62.1
,"Davidson County, NC","37057","2020","2020","Suicide","2","Firearm","GRINJ-006",20,169234,11.8,7.2,18.3
,"Davie County, NC","37059","2020","2020","Unintentional","1","Fall","GRINJ-003",15,43286,34.7,19.4,57.2
,"Davie County, NC","37059","2020","2020","Unintentional","1","Poisoning","GRINJ-015",14,43286,32.3,17.7,54.3
,"Duplin County, NC","37061","2020","2020","Unintentional","1","Fall","GRINJ-003",14,58794,23.8,13.0,40.0
,"Duplin County, NC","37061","2020","2020","Unintentional","1","Motor Vehicle Traffic","GRINJ-008",13,58794,22.1,11.8,37.8
,"Duplin County, NC","37061","2020","2020","Unintentional","1","Poisoning","GRINJ-015",14,58794,23.8,13.0,40.0
,"Durham County, NC","37063","2020","2020","Unintentional","1","Fall","GRINJ-003",44,327306,13.4,9.8,18.0
,"Durham County, NC","37063","2020","2020","Unintentional","1","Motor Vehicle Traffic","GRINJ-008",31,327306,9.5,6.4,13.4
,"Durham County, NC","37063","2020","2020","Unintentional","1","Poisoning","GRINJ-015",79,327306,24.1,19.1,30.1
,"Durham County, NC","37063","2020","2020","Suicide","2","Firearm","GRINJ-006",17,327306,5.2,3.0,8.3
,"Durham County, NC","37063","2020","2020","Homicide","3","Firearm","GRINJ-006",34,327306,10.4,7.2,14.5
,"Edgecombe County, NC","37065","2020","2020","Unintentional","1","Fall","GRINJ-003",10,50829,19.7,9.4,36.2
,"Edgecombe County, NC","37065","2020","2020","Unintentional","1","Motor Vehicle Traffic","GRINJ-008",17,50829,33.4,19.5,53.5
,"Edgecombe County, NC","37065","2020","2020","Unintentional","1","Poisoning","GRINJ-015",16,50829,31.5,18.0,51.1
,"Forsyth County, NC","37067","2020","2020","Unintentional","1","Fall","GRINJ-003",85,383843,22.1,17.7,27.4
,"Forsyth County, NC","37067","2020","2020","Unintentional","1","Motor Vehicle Traffic","GRINJ-008",48,383843,12.5,9.2,16.6
,"Forsyth County, NC","37067","2020","2020","Unintentional","1","Poisoning","GRINJ-015",123,383843,32.0,26.4,37.7
,"Forsyth County, NC","37067","2020","2020","Unintentional","1","Unspecified Injury","GRINJ-020",11,383843,2.9,1.4,5.1
,"Forsyth County, NC","37067","2020","2020","Suicide","2","Firearm","GRINJ-006",38,383843,9.9,7.0,13.6
,"Forsyth County, NC","37067","2020","2020","Homicide","3","Firearm","GRINJ-006",25,383843,6.5,4.2,9.6
,"Franklin County, NC","37069","2020","2020","Unintentional","1","Motor Vehicle Traffic","GRINJ-008",16,71859,22.3,12.7,36.2
,"Franklin County, NC","37069","2020","2020","Unintentional","1","Poisoning","GRINJ-015",20,71859,27.8,17.0,43.0
,"Gaston County, NC","37071","2020","2020","Unintentional","1","Fall","GRINJ-003",21,226568,9.3,5.7,14.2
,"Gaston County, NC","37071","2020","2020","Unintentional","1","Motor Vehicle Traffic","GRINJ-008",39,226568,17.2,12.2,23.5
,"Gaston County, NC","37071","2020","2020","Unintentional","1","Poisoning","GRINJ-015",55,226568,24.3,18.3,31.6
,"Gaston County, NC","37071","2020","2020","Suicide","2","Firearm","GRINJ-006",37,226568,16.3,11.5,22.5
,"Gaston County, NC","37071","2020","2020","Homicide","3","Firearm","GRINJ-006",13,226568,5.7,3.1,9.8
,"Granville County, NC","37077","2020","2020","Unintentional","1","Motor Vehicle Traffic","GRINJ-008",15,60486,24.8,13.9,40.9
,"Granville County, NC","37077","2020","2020","Unintentional","1","Poisoning","GRINJ-015",11,60486,18.2,9.1,32.5
,"Guilford County, NC","37081","2020","2020","Unintentional","1","Fall","GRINJ-003",95,540521,17.6,14.2,21.5
,"Guilford County, NC","37081","2020","2020","Unintentional","1","Motor Vehicle Traffic","GRINJ-008",74,540521,13.7,10.8,17.2
,"Guilford County, NC","37081","2020","2020","Unintentional","1","Poisoning","GRINJ-015",150,540521,27.8,23.3,32.2
,"Guilford County, NC","37081","2020","2020","Unintentional","1","Suffocation","GRINJ-017",13,540521,2.4,1.3,4.1
,"Guilford County, NC","37081","2020","2020","Suicide","2","Firearm","GRINJ-006",41,540521,7.6,5.4,10.3
,"Guilford County, NC","37081","2020","2020","Suicide","2","Suffocation","GRINJ-017",11,540521,2.0,1.0,3.6
,"Guilford County, NC","37081","2020","2020","Homicide","3","Firearm","GRINJ-006",66,540521,12.2,9.4,15.5
,"Halifax County, NC","37083","2020","2020","Unintentional","1","Motor Vehicle Traffic","GRINJ-008",20,49479,40.4,24.7,62.4
,"Halifax County, NC","37083","2020","2020","Unintentional","1","Poisoning","GRINJ-015",17,49479,34.4,20.0,55.0
,"Harnett County, NC","37085","2020","2020","Unintentional","1","Fall","GRINJ-003",16,137058,11.7,6.7,19.0
,"Harnett County, NC","37085","2020","2020","Unintentional","1","Motor Vehicle Traffic","GRINJ-008",27,137058,19.7,13.0,28.7
,"Harnett County, NC","37085","2020","2020","Unintentional","1","Poisoning","GRINJ-015",47,137058,34.3,25.2,45.6
,"Harnett County, NC","37085","2020","2020","Suicide","2","Firearm","GRINJ-006",15,137058,10.9,6.1,18.1
,"Harnett County, NC","37085","2020","2020","Homicide","3","Firearm","GRINJ-006",12,137058,8.8,4.5,15.3
,"Haywood County, NC","37087","2020","2020","Unintentional","1","Fall","GRINJ-003",20,62972,31.8,19.4,49.1
,"Haywood County, NC","37087","2020","2020","Unintentional","1","Poisoning","GRINJ-015",16,62972,25.4,14.5,41.3
,"Henderson County, NC","37089","2020","2020","Unintentional","1","Fall","GRINJ-003",40,118445,33.8,24.1,46.0
,"Henderson County, NC","37089","2020","2020","Unintentional","1","Motor Vehicle Traffic","GRINJ-008",12,118445,10.1,5.2,17.7
,"Henderson County, NC","37089","2020","2020","Unintentional","1","Poisoning","GRINJ-015",34,118445,28.7,19.9,40.1
,"Henderson County, NC","37089","2020","2020","Suicide","2","Firearm","GRINJ-006",14,118445,11.8,6.5,19.8
,"Hoke County, NC","37093","2020","2020","Unintentional","1","Motor Vehicle Traffic","GRINJ-008",20,55830,35.8,21.9,55.3
,"Hoke County, NC","37093","2020","2020","Unintentional","1","Poisoning","GRINJ-015",15,55830,26.9,15.0,44.3
,"Hoke County, NC","37093","2020","2020","Homicide","3","Firearm","GRINJ-006",10,55830,17.9,8.6,32.9
,"Iredell County, NC","37097","2020","2020","Unintentional","1","Fall","GRINJ-003",20,185770,10.8,6.6,16.6
,"Iredell County, NC","37097","2020","2020","Unintentional","1","Motor Vehicle Traffic","GRINJ-008",26,185770,14.0,9.1,20.5
,"Iredell County, NC","37097","2020","2020","Unintentional","1","Poisoning","GRINJ-015",33,185770,17.8,12.2,24.9
,"Iredell County, NC","37097","2020","2020","Suicide","2","Firearm","GRINJ-006",15,185770,8.1,4.5,13.3
,"Jackson County, NC","37099","2020","2020","Unintentional","1","Poisoning","GRINJ-015",21,44033,47.7,29.5,72.9
,"Johnston County, NC","37101","2020","2020","Unintentional","1","Fall","GRINJ-003",33,216246,15.3,10.5,21.4
,"Johnston County, NC","37101","2020","2020","Unintentional","1","Motor Vehicle Traffic","GRINJ-008",52,216246,24.0,18.0,31.5
,"Johnston County, NC","37101","2020","2020","Unintentional","1","Poisoning","GRINJ-015",43,216246,19.9,14.4,26.8
,"Johnston County, NC","37101","2020","2020","Suicide","2","Firearm","GRINJ-006",13,216246,6.0,3.2,10.3
,"Lee County, NC","37105","2020","2020","Unintentional","1","Motor Vehicle Traffic","GRINJ-008",15,62353,24.1,13.5,39.7
,"Lee County, NC","37105","2020","2020","Unintentional","1","Poisoning","GRINJ-015",29,62353,46.5,31.1,66.8
,"Lenoir County, NC","37107","2020","2020","Unintentional","1","Fall","GRINJ-003",11,55720,19.7,9.9,35.3
,"Lenoir County, NC","37107","2020","2020","Unintentional","1","Poisoning","GRINJ-015",17,55720,30.5,17.8,48.8
,"Lincoln County, NC","37109","2020","2020","Unintentional","1","Poisoning","GRINJ-015",17,88097,19.3,11.2,30.9
,"Lincoln County, NC","37109","2020","2020","Suicide","2","Firearm","GRINJ-006",12,88097,13.6,7.0,23.8
,"McDowell County, NC","37111","2020","2020","Unintentional","1","Poisoning","GRINJ-015",11,45782,24.0,12.0,43.0
,"Macon County, NC","37113","2020","2020","Unintentional","1","Fall","GRINJ-003",10,35994,27.8,13.3,51.1
,"Macon County, NC","37113","2020","2020","Unintentional","1","Poisoning","GRINJ-015",12,35994,33.3,17.2,58.2
,"Mecklenburg County, NC","37119","2020","2020","Unintentional","1","Drowning","GRINJ-002",15,1128945,1.3,0.7,2.2
,"Mecklenburg County, NC","37119","2020","2020","Unintentional","1","Fall","GRINJ-003",83,1128945,7.4,5.9,9.1
,"Mecklenburg County, NC","37119","2020","2020","Unintentional","1","Motor Vehicle Traffic","GRINJ-008",100,1128945,8.9,7.1,10.6
,"Mecklenburg County, NC","37119","2020","2020","Unintentional","1","Poisoning","GRINJ-015",238,1128945,21.1,18.4,23.8
,"Mecklenburg County, NC","37119","2020","2020","Unintentional","1","Suffocation","GRINJ-017",10,1128945,0.9,0.4,1.6
,"Mecklenburg County, NC","37119","2020","2020","Unintentional","1","Unspecified Injury","GRINJ-020",17,1128945,1.5,0.9,2.4
,"Mecklenburg County, NC","37119","2020","2020","Suicide","2","Firearm","GRINJ-006",51,1128945,4.5,3.4,5.9
,"Mecklenburg County, NC","37119","2020","2020","Suicide","2","Poisoning","GRINJ-015",13,1128945,1.2,0.6,2.0
,"Mecklenburg County, NC","37119","2020","2020","Suicide","2","Suffocation","GRINJ-017",28,1128945,2.5,1.6,3.6
,"Mecklenburg County, NC","37119","2020","2020","Homicide","3","Firearm","GRINJ-006",111,1128945,9.8,8.0,11.7
,"Montgomery County, NC","37123","2020","2020","Unintentional","1","Motor Vehicle Traffic","GRINJ-008",13,27238,47.7,25.4,81.6
,"Moore County, NC","37125","2020","2020","Unintentional","1","Fall","GRINJ-003",17,103352,16.4,9.6,26.3
,"Moore County, NC","37125","2020","2020","Unintentional","1","Motor Vehicle Traffic","GRINJ-008",24,103352,23.2,14.9,34.6
,"Moore County, NC","37125","2020","2020","Unintentional","1","Poisoning","GRINJ-015",23,103352,22.3,14.1,33.4
,"Moore County, NC","37125","2020","2020","Suicide","2","Firearm","GRINJ-006",10,103352,9.7,4.6,17.8
,"Nash County, NC","37127","2020","2020","Unintentional","1","Fall","GRINJ-003",10,94859,10.5,5.1,19.4
,"Nash County, NC","37127","2020","2020","Unintentional","1","Motor Vehicle Traffic","GRINJ-008",21,94859,22.1,13.7,33.8
,"Nash County, NC","37127","2020","2020","Unintentional","1","Poisoning","GRINJ-015",27,94859,28.5,18.8,41.4
,"Nash County, NC","37127","2020","2020","Suicide","2","Firearm","GRINJ-006",11,94859,11.6,5.8,20.7
,"New Hanover County, NC","37129","2020","2020","Unintentional","1","Fall","GRINJ-003",34,236613,14.4,10.0,20.1
,"New Hanover County, NC","37129","2020","2020","Unintentional","1","Motor Vehicle Traffic","GRINJ-008",23,236613,9.7,6.2,14.6
,"New Hanover County, NC","37129","2020","2020","Unintentional","1","Poisoning","GRINJ-015",93,236613,39.3,31.7,48.2
,"New Hanover County, NC","37129","2020","2020","Suicide","2","Firearm","GRINJ-006",15,236613,6.3,3.5,10.5
,"New Hanover County, NC","37129","2020","2020","Homicide","3","Firearm","GRINJ-006",17,236613,7.2,4.2,11.5
,"Onslow County, NC","37133","2020","2020","Unintentional","1","Fall","GRINJ-003",13,203943,6.4,3.4,10.9
,"Onslow County, NC","37133","2020","2020","Unintentional","1","Motor Vehicle Traffic","GRINJ-008",24,203943,11.8,7.5,17.5
,"Onslow County, NC","37133","2020","2020","Unintentional","1","Poisoning","GRINJ-015",57,203943,27.9,21.2,36.2
,"Onslow County, NC","37133","2020","2020","Suicide","2","Firearm","GRINJ-006",32,203943,15.7,10.7,22.2
,"Onslow County, NC","37133","2020","2020","Suicide","2","Suffocation","GRINJ-017",13,203943,6.4,3.4,10.9
,"Orange County, NC","37135","2020","2020","Unintentional","1","Fall","GRINJ-003",15,149077,10.1,5.6,16.6
,"Orange County, NC","37135","2020","2020","Unintentional","1","Motor Vehicle Traffic","GRINJ-008",14,149077,9.4,5.1,15.8
,"Orange County, NC","37135","2020","2020","Unintentional","1","Poisoning","GRINJ-015",22,149077,14.8,9.2,22.3
,"Pamlico County, NC","37137","2020","2020","Unintentional","1","Poisoning","GRINJ-015",12,12715,94.4,48.8,164.9
,"Pasquotank County, NC","37139","2020","2020","Unintentional","1","Poisoning","GRINJ-015",19,40372,47.1,28.3,73.5
,"Pender County, NC","37141","2020","2020","Unintentional","1","Motor Vehicle Traffic","GRINJ-008",11,64671,17.0,8.5,30.4
,"Pender County, NC","37141","2020","2020","Unintentional","1","Poisoning","GRINJ-015",17,64671,26.3,15.3,42.1
,"Person County, NC","37145","2020","2020","Unintentional","1","Poisoning","GRINJ-015",11,39925,27.6,13.8,49.3
,"Pitt County, NC","37147","2020","2020","Unintentional","1","Fall","GRINJ-003",18,182924,9.8,5.8,15.6
,"Pitt County, NC","37147","2020","2020","Unintentional","1","Motor Vehicle Traffic","GRINJ-008",43,182924,23.5,17.0,31.7
,"Pitt County, NC","37147","2020","2020","Unintentional","1","Poisoning","GRINJ-015",61,182924,33.3,25.5,42.8
,"Pitt County, NC","37147","2020","2020","Suicide","2","Firearm","GRINJ-006",16,182924,8.7,5.0,14.2
,"Pitt County, NC","37147","2020","2020","Homicide","3","Firearm","GRINJ-006",16,182924,8.7,5.0,14.2
,"Randolph County, NC","37151","2020","2020","Unintentional","1","Fall","GRINJ-003",33,144557,22.8,15.7,32.1
,"Randolph County, NC","37151","2020","2020","Unintentional","1","Motor Vehicle Traffic","GRINJ-008",34,144557,23.5,16.3,32.9
,"Randolph County, NC","37151","2020","2020","Unintentional","1","Poisoning","GRINJ-015",75,144557,51.9,40.8,65.0
,"Randolph County, NC","37151","2020","2020","Suicide","2","Firearm","GRINJ-006",17,144557,11.8,6.9,18.8
,"Richmond County, NC","37153","2020","2020","Unintentional","1","Poisoning","GRINJ-015",24,44332,54.1,34.7,80.6
,"Robeson County, NC","37155","2020","2020","Unintentional","1","Fall","GRINJ-003",12,129999,9.2,4.8,16.1
,"Robeson County, NC","37155","2020","2020","Unintentional","1","Motor Vehicle Traffic","GRINJ-008",56,129999,43.1,32.5,55.9
,"Robeson County, NC","37155","2020","2020","Unintentional","1","Poisoning","GRINJ-015",82,129999,63.1,50.2,78.3
,"Robeson County, NC","37155","2020","2020","Suicide","2","Firearm","GRINJ-006",10,129999,7.7,3.7,14.1
,"Robeson County, NC","37155","2020","2020","Homicide","3","Firearm","GRINJ-006",34,129999,26.2,18.1,36.5
,"Rockingham County, NC","37157","2020","2020","Unintentional","1","Fall","GRINJ-003",19,91285,20.8,12.5,32.5
,"Rockingham County, NC","37157","2020","2020","Unintentional","1","Motor Vehicle Traffic","GRINJ-008",22,91285,24.1,15.1,36.5
,"Rockingham County, NC","37157","2020","2020","Unintentional","1","Poisoning","GRINJ-015",53,91285,58.1,43.5,75.9
,"Rockingham County, NC","37157","2020","2020","Suicide","2","Firearm","GRINJ-006",11,91285,12.1,6.0,21.6
,"Rowan County, NC","37159","2020","2020","Unintentional","1","Fall","GRINJ-003",31,142495,21.8,14.8,30.9
,"Rowan County, NC","37159","2020","2020","Unintentional","1","Motor Vehicle Traffic","GRINJ-008",30,142495,21.1,14.2,30.1
,"Rowan County, NC","37159","2020","2020","Unintentional","1","Poisoning","GRINJ-015",68,142495,47.7,37.1,60.5
,"Rowan County, NC","37159","2020","2020","Suicide","2","Firearm","GRINJ-006",16,142495,11.2,6.4,18.2
,"Rowan County, NC","37159","2020","2020","Suicide","2","Suffocation","GRINJ-017",10,142495,7.0,3.4,12.9
,"Rowan County, NC","37159","2020","2020","Homicide","3","Firearm","GRINJ-006",10,142495,7.0,3.4,12.9
,"Rutherford County, NC","37161","2020","2020","Unintentional","1","Motor Vehicle Traffic","GRINJ-008",18,67076,26.8,15.9,42.4
,"Rutherford County, NC","37161","2020","2020","Unintentional","1","Poisoning","GRINJ-015",23,67076,34.3,21.7,51.5
,"Sampson County, NC","37163","2020","2020","Unintentional","1","Motor Vehicle Traffic","GRINJ-008",20,63382,31.6,19.3,48.7
,"Sampson County, NC","37163","2020","2020","Unintentional","1","Poisoning","GRINJ-015",15,63382,23.7,13.2,39.0
,"Scotland County, NC","37165","2020","2020","Unintentional","1","Poisoning","GRINJ-015",12,34637,34.6,17.9,60.5
,"Stanly County, NC","37167","2020","2020","Unintentional","1","Fall","GRINJ-003",10,63239,15.8,7.6,29.1
,"Stanly County, NC","37167","2020","2020","Unintentional","1","Motor Vehicle Traffic","GRINJ-008",13,63239,20.6,10.9,35.2
,"Stanly County, NC","37167","2020","2020","Unintentional","1","Poisoning","GRINJ-015",26,63239,41.1,26.9,60.2
,"Stokes County, NC","37169","2020","2020","Unintentional","1","Fall","GRINJ-003",19,45743,41.5,25.0,64.9
,"Stokes County, NC","37169","2020","2020","Unintentional","1","Poisoning","GRINJ-015",25,45743,54.7,35.4,80.7
,"Surry County, NC","37171","2020","2020","Unintentional","1","Fall","GRINJ-003",22,71683,30.7,19.2,46.5
,"Surry County, NC","37171","2020","2020","Unintentional","1","Motor Vehicle Traffic","GRINJ-008",14,71683,19.5,10.7,32.8
,"Surry County, NC","37171","2020","2020","Unintentional","1","Poisoning","GRINJ-015",17,71683,23.7,13.8,38.0
,"Transylvania County, NC","37175","2020","2020","Unintentional","1","Fall","GRINJ-003",17,34498,49.3,28.7,78.9
,"Union County, NC","37179","2020","2020","Unintentional","1","Fall","GRINJ-003",24,244562,9.8,6.3,14.6
,"Union County, NC","37179","2020","2020","Unintentional","1","Motor Vehicle Traffic","GRINJ-008",20,244562,8.2,5.0,12.6
,"Union County, NC","37179","2020","2020","Unintentional","1","Poisoning","GRINJ-015",41,244562,16.8,12.0,22.7
,"Vance County, NC","37181","2020","2020","Unintentional","1","Motor Vehicle Traffic","GRINJ-008",13,44718,29.1,15.5,49.7
,"Vance County, NC","37181","2020","2020","Unintentional","1","Poisoning","GRINJ-015",17,44718,38.0,22.1,60.9
,"Vance County, NC","37181","2020","2020","Homicide","3","Firearm","GRINJ-006",11,44718,24.6,12.3,44.0
,"Wake County, NC","37183","2020","2020","Unintentional","1","Fall","GRINJ-003",114,1132271,10.1,8.2,11.9
,"Wake County, NC","37183","2020","2020","Unintentional","1","Motor Vehicle Traffic","GRINJ-008",83,1132271,7.3,5.8,9.1
,"Wake County, NC","37183","2020","2020","Unintentional","1","Poisoning","GRINJ-015",195,1132271,17.2,14.8,19.6
,"Wake County, NC","37183","2020","2020","Unintentional","1","Suffocation","GRINJ-017",15,1132271,1.3,0.7,2.2
,"Wake County, NC","37183","2020","2020","Unintentional","1","Unspecified Injury","GRINJ-020",11,1132271,1.0,0.5,1.7
,"Wake County, NC","37183","2020","2020","Suicide","2","Firearm","GRINJ-006",51,1132271,4.5,3.4,5.9
,"Wake County, NC","37183","2020","2020","Suicide","2","Poisoning","GRINJ-015",11,1132271,1.0,0.5,1.7
,"Wake County, NC","37183","2020","2020","Suicide","2","Suffocation","GRINJ-017",20,1132271,1.8,1.1,2.7
,"Wake County, NC","37183","2020","2020","Homicide","3","Firearm","GRINJ-006",33,1132271,2.9,2.0,4.1
,"Warren County, NC","37185","2020","2020","Unintentional","1","Motor Vehicle Traffic","GRINJ-008",10,19522,51.2,24.6,94.2
,"Warren County, NC","37185","2020","2020","Unintentional","1","Poisoning","GRINJ-015",10,19522,51.2,24.6,94.2
,"Watauga County, NC","37189","2020","2020","Unintentional","1","Poisoning","GRINJ-015",13,56441,23.0,12.3,39.4
,"Wayne County, NC","37191","2020","2020","Unintentional","1","Fall","GRINJ-003",23,123967,18.6,11.8,27.8
,"Wayne County, NC","37191","2020","2020","Unintentional","1","Motor Vehicle Traffic","GRINJ-008",35,123967,28.2,19.7,39.3
,"Wayne County, NC","37191","2020","2020","Unintentional","1","Poisoning","GRINJ-015",33,123967,26.6,18.3,37.4
,"Wilkes County, NC","37193","2020","2020","Unintentional","1","Fall","GRINJ-003",11,68043,16.2,8.1,28.9
,"Wilkes County, NC","37193","2020","2020","Unintentional","1","Motor Vehicle Traffic","GRINJ-008",14,68043,20.6,11.2,34.5
,"Wilkes County, NC","37193","2020","2020","Unintentional","1","Poisoning","GRINJ-015",16,68043,23.5,13.4,38.2
,"Wilson County, NC","37195","2020","2020","Unintentional","1","Fall","GRINJ-003",12,81979,14.6,7.6,25.6
,"Wilson County, NC","37195","2020","2020","Unintentional","1","Motor Vehicle Traffic","GRINJ-008",19,81979,23.2,14.0,36.2
,"Wilson County, NC","37195","2020","2020","Unintentional","1","Poisoning","GRINJ-015",23,81979,28.1,17.8,42.1
,"Yadkin County, NC","37197","2020","2020","Unintentional","1","Poisoning","GRINJ-015",13,37625,34.6,18.4,59.1
,"Burleigh County, ND","38015","2020","2020","Unintentional","1","Fall","GRINJ-003",13,96212,13.5,7.2,23.1
,"Burleigh County, ND","38015","2020","2020","Unintentional","1","Motor Vehicle Traffic","GRINJ-008",12,96212,12.5,6.4,21.8
,"Burleigh County, ND","38015","2020","2020","Unintentional","1","Poisoning","GRINJ-015",13,96212,13.5,7.2,23.1
,"Burleigh County, ND","38015","2020","2020","Suicide","2","Firearm","GRINJ-006",10,96212,10.4,5.0,19.1
,"Cass County, ND","38017","2020","2020","Unintentional","1","Fall","GRINJ-003",25,183904,13.6,8.8,20.1
,"Cass County, ND","38017","2020","2020","Unintentional","1","Motor Vehicle Traffic","GRINJ-008",12,183904,6.5,3.4,11.4
,"Cass County, ND","38017","2020","2020","Unintentional","1","Poisoning","GRINJ-015",20,183904,10.9,6.6,16.8
,"Cass County, ND","38017","2020","2020","Suicide","2","Firearm","GRINJ-006",10,183904,5.4,2.6,10.0
,"Ward County, ND","38101","2020","2020","Unintentional","1","Poisoning","GRINJ-015",18,68466,26.3,15.6,41.6
,"Ward County, ND","38101","2020","2020","Suicide","2","Firearm","GRINJ-006",12,68466,17.5,9.1,30.6
,"Adams County, OH","39001","2020","2020","Unintentional","1","Poisoning","GRINJ-015",15,27531,54.5,30.5,89.9
,"Allen County, OH","39003","2020","2020","Unintentional","1","Fall","GRINJ-003",27,101980,26.5,17.4,38.5
,"Allen County, OH","39003","2020","2020","Unintentional","1","Motor Vehicle Traffic","GRINJ-008",12,101980,11.8,6.1,20.6
,"Allen County, OH","39003","2020","2020","Unintentional","1","Poisoning","GRINJ-015",31,101980,30.4,20.7,43.1
,"Allen County, OH","39003","2020","2020","Suicide","2","Firearm","GRINJ-006",16,101980,15.7,9.0,25.5
,"Allen County, OH","39003","2020","2020","Suicide","2","Suffocation","GRINJ-017",11,101980,10.8,5.4,19.3
,"Allen County, OH","39003","2020","2020","Homicide","3","Firearm","GRINJ-006",12,101980,11.8,6.1,20.6
,"Ashland County, OH","39005","2020","2020","Unintentional","1","Poisoning","GRINJ-015",11,53362,20.6,10.3,36.9
,"Ashtabula County, OH","39007","2020","2020","Unintentional","1","Fall","GRINJ-003",13,96513,13.5,7.2,23.0
,"Ashtabula County, OH","39007","2020","2020","Unintentional","1","Motor Vehicle Traffic","GRINJ-008",13,96513,13.5,7.2,23.0
,"Ashtabula County, OH","39007","2020","2020","Unintentional","1","Poisoning","GRINJ-015",42,96513,43.5,31.4,58.8
,"Athens County, OH","39009","2020","2020","Unintentional","1","Motor Vehicle Traffic","GRINJ-008",10,65481,15.3,7.3,28.1
,"Athens County, OH","39009","2020","2020","Unintentional","1","Poisoning","GRINJ-015",17,65481,26.0,15.1,41.6
,"Auglaize County, OH","39011","2020","2020","Unintentional","1","Fall","GRINJ-003",17,45680,37.2,21.7,59.6
,"Belmont County, OH","39013","2020","2020","Unintentional","1","Poisoning","GRINJ-015",29,65932,44.0,29.5,63.2
,"Brown County, OH","39015","2020","2020","Unintentional","1","Poisoning","GRINJ-015",20,43414,46.1,28.1,71.1
,"Butler County, OH","39017","2020","2020","Unintentional","1","Fall","GRINJ-003",34,385648,8.8,6.1,12.3
,"Butler County, OH","39017","2020","2020","Unintentional","1","Motor Vehicle Traffic","GRINJ-008",33,385648,8.6,5.9,12.0
,"Butler County, OH","39017","2020","2020","Unintentional","1","Poisoning","GRINJ-015",207,385648,53.7,46.4,61.0
,"Butler County, OH","39017","2020","2020","Unintentional","1","Unspecified Injury","GRINJ-020",15,385648,3.9,2.2,6.4
,"Butler County, OH","39017","2020","2020","Suicide","2","Firearm","GRINJ-006",20,385648,5.2,3.2,8.0
,"Butler County, OH","39017","2020","2020","Suicide","2","Suffocation","GRINJ-017",15,385648,3.9,2.2,6.4
,"Butler County, OH","39017","2020","2020","Homicide","3","Firearm","GRINJ-006",17,385648,4.4,2.6,7.1
,"Champaign County, OH","39021","2020","2020","Unintentional","1","Poisoning","GRINJ-015",16,38960,41.1,23.5,66.7
,"Clark County, OH","39023","2020","2020","Unintentional","1","Fall","GRINJ-003",22,133593,16.5,10.3,24.9
,"Clark County, OH","39023","2020","2020","Unintentional","1","Motor Vehicle Traffic","GRINJ-008",22,133593,16.5,10.3,24.9
,"Clark County, OH","39023","2020","2020","Unintentional","1","Poisoning","GRINJ-015",56,133593,41.9,31.7,54.4
,"Clark County, OH","39023","2020","2020","Suicide","2","Firearm","GRINJ-006",21,133593,15.7,9.7,24.0
,"Clermont County, OH","39025","2020","2020","Unintentional","1","Fall","GRINJ-003",15,207449,7.2,4.0,11.9
,"Clermont County, OH","39025","2020","2020","Unintentional","1","Motor Vehicle Traffic","GRINJ-008",23,207449,11.1,7.0,16.6
,"Clermont County, OH","39025","2020","2020","Unintentional","1","Poisoning","GRINJ-015",78,207449,37.6,29.7,46.9
,"Clermont County, OH","39025","2020","2020","Suicide","2","Firearm","GRINJ-006",17,207449,8.2,4.8,13.1
,"Clermont County, OH","39025","2020","2020","Suicide","2","Suffocation","GRINJ-017",10,207449,4.8,2.3,8.9
,"Clinton County, OH","39027","2020","2020","Unintentional","1","Poisoning","GRINJ-015",23,41921,54.9,34.8,82.3
,"Columbiana County, OH","39029","2020","2020","Unintentional","1","Fall","GRINJ-003",15,101118,14.8,8.3,24.5
,"Columbiana County, OH","39029","2020","2020","Unintentional","1","Motor Vehicle Traffic","GRINJ-008",13,101118,12.9,6.8,22.0
,"Columbiana County, OH","39029","2020","2020","Unintentional","1","Poisoning","GRINJ-015",48,101118,47.5,35.0,62.9
,"Columbiana County, OH","39029","2020","2020","Suicide","2","Firearm","GRINJ-006",10,101118,9.9,4.7,18.2
,"Coshocton County, OH","39031","2020","2020","Unintentional","1","Poisoning","GRINJ-015",14,36449,38.4,21.0,64.4
,"Crawford County, OH","39033","2020","2020","Unintentional","1","Poisoning","GRINJ-015",17,41338,41.1,24.0,65.8
,"Cuyahoga County, OH","39035","2020","2020","Unintentional","1","Drowning","GRINJ-002",13,1227883,1.1,0.6,1.8
,"Cuyahoga County, OH","39035","2020","2020","Unintentional","1","Fall","GRINJ-003",218,1227883,17.8,15.4,20.1
,"Cuyahoga County, OH","39035","2020","2020","Unintentional","1","Fire/Flame","GRINJ-004",11,1227883,0.9,0.4,1.6
,"Cuyahoga County, OH","39035","2020","2020","Unintentional","1","Motor Vehicle Traffic","GRINJ-008",118,1227883,9.6,7.9,11.3
,"Cuyahoga County, OH","39035","2020","2020","Unintentional","1","Poisoning","GRINJ-015",500,1227883,40.7,37.2,44.3
,"Cuyahoga County, OH","39035","2020","2020","Unintentional","1","Suffocation","GRINJ-017",30,1227883,2.4,1.6,3.5
,"Cuyahoga County, OH","39035","2020","2020","Unintentional","1","Unspecified Injury","GRINJ-020",37,1227883,3.0,2.1,4.2
,"Cuyahoga County, OH","39035","2020","2020","Suicide","2","Fall","GRINJ-003",13,1227883,1.1,0.6,1.8
,"Cuyahoga County, OH","39035","2020","2020","Suicide","2","Firearm","GRINJ-006",85,1227883,6.9,5.5,8.6
,"Cuyahoga County, OH","39035","2020","2020","Suicide","2","Poisoning","GRINJ-015",22,1227883,1.8,1.1,2.7
,"Cuyahoga County, OH","39035","2020","2020","Suicide","2","Suffocation","GRINJ-017",38,1227883,3.1,2.2,4.2
,"Cuyahoga County, OH","39035","2020","2020","Homicide","3","Firearm","GRINJ-006",209,1227883,17.0,14.7,19.3
,"Darke County, OH","39037","2020","2020","Unintentional","1","Fall","GRINJ-003",16,51205,31.2,17.9,50.7
,"Darke County, OH","39037","2020","2020","Unintentional","1","Poisoning","GRINJ-015",19,51205,37.1,22.3,57.9
,"Defiance County, OH","39039","2020","2020","Unintentional","1","Poisoning","GRINJ-015",11,37778,29.1,14.5,52.1
,"Delaware County, OH","39041","2020","2020","Unintentional","1","Fall","GRINJ-003",33,213554,15.5,10.6,21.7
,"Delaware County, OH","39041","2020","2020","Unintentional","1","Poisoning","GRINJ-015",33,213554,15.5,10.6,21.7
,"Delaware County, OH","39041","2020","2020","Suicide","2","Firearm","GRINJ-006",10,213554,4.7,2.2,8.6
,"Erie County, OH","39043","2020","2020","Unintentional","1","Fall","GRINJ-003",16,73719,21.7,12.4,35.2
,"Erie County, OH","39043","2020","2020","Unintentional","1","Poisoning","GRINJ-015",34,73719,46.1,31.9,64.4
,"Fairfield County, OH","39045","2020","2020","Unintentional","1","Fall","GRINJ-003",27,159709,16.9,11.1,24.6
,"Fairfield County, OH","39045","2020","2020","Unintentional","1","Motor Vehicle Traffic","GRINJ-008",26,159709,16.3,10.6,23.9
,"Fairfield County, OH","39045","2020","2020","Unintentional","1","Poisoning","GRINJ-015",54,159709,33.8,25.4,44.1
,"Fayette County, OH","39047","2020","2020","Unintentional","1","Poisoning","GRINJ-015",12,28579,42.0,21.7,73.3
,"Franklin County, OH","39049","2020","2020","Unintentional","1","Drowning","GRINJ-002",18,1324624,1.4,0.8,2.1
,"Franklin County, OH","39049","2020","2020","Unintentional","1","Fall","GRINJ-003",165,1324624,12.5,10.6,14.4
,"Franklin County, OH","39049","2020","2020","Unintentional","1","Motor Vehicle Traffic","GRINJ-008",146,1324624,11.0,9.2,12.8
,"Franklin County, OH","39049","2020","2020","Unintentional","1","Poisoning","GRINJ-015",826,1324624,62.4,58.1,66.6
,"Franklin County, OH","39049","2020","2020","Unintentional","1","Suffocation","GRINJ-017",17,1324624,1.3,0.7,2.1
,"Franklin County, OH","39049","2020","2020","Unintentional","1","Unspecified Injury","GRINJ-020",17,1324624,1.3,0.7,2.1
,"Franklin County, OH","39049","2020","2020","Suicide","2","Firearm","GRINJ-006",69,1324624,5.2,4.1,6.6
,"Franklin County, OH","39049","2020","2020","Suicide","2","Poisoning","GRINJ-015",24,1324624,1.8,1.2,2.7
,"Franklin County, OH","39049","2020","2020","Suicide","2","Suffocation","GRINJ-017",42,1324624,3.2,2.3,4.3
,"Franklin County, OH","39049","2020","2020","Homicide","3","Cut/Pierce","GRINJ-001",14,1324624,1.1,0.6,1.8
,"Franklin County, OH","39049","2020","2020","Homicide","3","Firearm","GRINJ-006",157,1324624,11.9,10.0,13.7
,"Franklin County, OH","39049","2020","2020","Undetermined ","4","Poisoning","GRINJ-015",14,1324624,1.1,0.6,1.8
,"Fulton County, OH","39051","2020","2020","Unintentional","1","Poisoning","GRINJ-015",14,41889,33.4,18.3,56.1
,"Gallia County, OH","39053","2020","2020","Unintentional","1","Poisoning","GRINJ-015",29,29802,97.3,65.2,139.8
,"Geauga County, OH","39055","2020","2020","Unintentional","1","Poisoning","GRINJ-015",10,93271,10.7,5.1,19.7
,"Greene County, OH","39057","2020","2020","Unintentional","1","Fall","GRINJ-003",36,170122,21.2,14.8,29.3
,"Greene County, OH","39057","2020","2020","Unintentional","1","Motor Vehicle Traffic","GRINJ-008",17,170122,10.0,5.8,16.0
,"Greene County, OH","39057","2020","2020","Unintentional","1","Poisoning","GRINJ-015",44,170122,25.9,18.8,34.7
,"Greene County, OH","39057","2020","2020","Suicide","2","Firearm","GRINJ-006",15,170122,8.8,4.9,14.5
,"Guernsey County, OH","39059","2020","2020","Unintentional","1","Poisoning","GRINJ-015",16,38779,41.3,23.6,67.0
,"Hamilton County, OH","39061","2020","2020","Unintentional","1","Drowning","GRINJ-002",11,817985,1.3,0.7,2.4
,"Hamilton County, OH","39061","2020","2020","Unintentional","1","Fall","GRINJ-003",82,817985,10.0,8.0,12.4
,"Hamilton County, OH","39061","2020","2020","Unintentional","1","Motor Vehicle Traffic","GRINJ-008",72,817985,8.8,6.9,11.1
,"Hamilton County, OH","39061","2020","2020","Unintentional","1","Poisoning","GRINJ-015",379,817985,46.3,41.7,51.0
,"Hamilton County, OH","39061","2020","2020","Unintentional","1","Suffocation","GRINJ-017",23,817985,2.8,1.8,4.2
,"Hamilton County, OH","39061","2020","2020","Unintentional","1","Unspecified Injury","GRINJ-020",14,817985,1.7,0.9,2.9
,"Hamilton County, OH","39061","2020","2020","Suicide","2","Firearm","GRINJ-006",54,817985,6.6,5.0,8.6
,"Hamilton County, OH","39061","2020","2020","Suicide","2","Poisoning","GRINJ-015",13,817985,1.6,0.8,2.7
,"Hamilton County, OH","39061","2020","2020","Suicide","2","Suffocation","GRINJ-017",27,817985,3.3,2.2,4.8
,"Hamilton County, OH","39061","2020","2020","Homicide","3","Firearm","GRINJ-006",103,817985,12.6,10.2,15.0
,"Hancock County, OH","39063","2020","2020","Unintentional","1","Poisoning","GRINJ-015",22,75407,29.2,18.3,44.2
,"Highland County, OH","39071","2020","2020","Unintentional","1","Poisoning","GRINJ-015",15,43304,34.6,19.4,57.1
,"Huron County, OH","39077","2020","2020","Unintentional","1","Fall","GRINJ-003",16,57979,27.6,15.8,44.8
,"Huron County, OH","39077","2020","2020","Unintentional","1","Poisoning","GRINJ-015",35,57979,60.4,42.0,84.0
,"Jackson County, OH","39079","2020","2020","Unintentional","1","Poisoning","GRINJ-015",16,32493,49.2,28.1,80.0
,"Jefferson County, OH","39081","2020","2020","Unintentional","1","Fall","GRINJ-003",10,64939,15.4,7.4,28.3
,"Jefferson County, OH","39081","2020","2020","Unintentional","1","Poisoning","GRINJ-015",28,64939,43.1,28.7,62.3
,"Lake County, OH","39085","2020","2020","Unintentional","1","Fall","GRINJ-003",84,229569,36.6,29.2,45.3
,"Lake County, OH","39085","2020","2020","Unintentional","1","Motor Vehicle Traffic","GRINJ-008",19,229569,8.3,5.0,12.9
,"Lake County, OH","39085","2020","2020","Unintentional","1","Poisoning","GRINJ-015",90,229569,39.2,31.5,48.2
,"Lake County, OH","39085","2020","2020","Suicide","2","Firearm","GRINJ-006",17,229569,7.4,4.3,11.9
,"Lake County, OH","39085","2020","2020","Suicide","2","Suffocation","GRINJ-017",10,229569,4.4,2.1,8.0
,"Lawrence County, OH","39087","2020","2020","Unintentional","1","Fall","GRINJ-003",22,59091,37.2,23.3,56.4
,"Lawrence County, OH","39087","2020","2020","Unintentional","1","Motor Vehicle Traffic","GRINJ-008",15,59091,25.4,14.2,41.9
,"Lawrence County, OH","39087","2020","2020","Unintentional","1","Poisoning","GRINJ-015",37,59091,62.6,44.1,86.3
,"Licking County, OH","39089","2020","2020","Unintentional","1","Fall","GRINJ-003",29,178100,16.3,10.9,23.4
,"Licking County, OH","39089","2020","2020","Unintentional","1","Motor Vehicle Traffic","GRINJ-008",18,178100,10.1,6.0,16.0
,"Licking County, OH","39089","2020","2020","Unintentional","1","Poisoning","GRINJ-015",56,178100,31.4,23.8,40.8
,"Licking County, OH","39089","2020","2020","Suicide","2","Firearm","GRINJ-006",15,178100,8.4,4.7,13.9
,"Logan County, OH","39091","2020","2020","Unintentional","1","Poisoning","GRINJ-015",11,45326,24.3,12.1,43.4
,"Lorain County, OH","39093","2020","2020","Unintentional","1","Fall","GRINJ-003",64,312172,20.5,15.8,26.2
,"Lorain County, OH","39093","2020","2020","Unintentional","1","Motor Vehicle Traffic","GRINJ-008",17,312172,5.4,3.2,8.7
,"Lorain County, OH","39093","2020","2020","Unintentional","1","Poisoning","GRINJ-015",144,312172,46.1,38.6,53.7
,"Lorain County, OH","39093","2020","2020","Unintentional","1","Unspecified Injury","GRINJ-020",12,312172,3.8,2.0,6.7
,"Lorain County, OH","39093","2020","2020","Suicide","2","Firearm","GRINJ-006",27,312172,8.6,5.7,12.6
,"Lorain County, OH","39093","2020","2020","Suicide","2","Suffocation","GRINJ-017",11,312172,3.5,1.8,6.3
,"Lorain County, OH","39093","2020","2020","Homicide","3","Firearm","GRINJ-006",13,312172,4.2,2.2,7.1
,"Lucas County, OH","39095","2020","2020","Unintentional","1","Fall","GRINJ-003",60,428294,14.0,10.7,18.0
,"Lucas County, OH","39095","2020","2020","Unintentional","1","Motor Vehicle Traffic","GRINJ-008",61,428294,14.2,10.9,18.3
,"Lucas County, OH","39095","2020","2020","Unintentional","1","Poisoning","GRINJ-015",266,428294,62.1,54.6,69.6
,"Lucas County, OH","39095","2020","2020","Unintentional","1","Unspecified Injury","GRINJ-020",13,428294,3.0,1.6,5.2
,"Lucas County, OH","39095","2020","2020","Suicide","2","Firearm","GRINJ-006",37,428294,8.6,6.1,11.9
,"Lucas County, OH","39095","2020","2020","Suicide","2","Poisoning","GRINJ-015",10,428294,2.3,1.1,4.3
,"Lucas County, OH","39095","2020","2020","Suicide","2","Suffocation","GRINJ-017",13,428294,3.0,1.6,5.2
,"Lucas County, OH","39095","2020","2020","Homicide","3","Firearm","GRINJ-006",48,428294,11.2,8.3,14.9
,"Madison County, OH","39097","2020","2020","Unintentional","1","Poisoning","GRINJ-015",10,44559,22.4,10.8,41.3
,"Mahoning County, OH","39099","2020","2020","Unintentional","1","Fall","GRINJ-003",20,226075,8.8,5.4,13.7
,"Mahoning County, OH","39099","2020","2020","Unintentional","1","Motor Vehicle Traffic","GRINJ-008",26,226075,11.5,7.5,16.9
,"Mahoning County, OH","39099","2020","2020","Unintentional","1","Poisoning","GRINJ-015",132,226075,58.4,48.4,68.3
,"Mahoning County, OH","39099","2020","2020","Unintentional","1","Suffocation","GRINJ-017",14,226075,6.2,3.4,10.4
,"Mahoning County, OH","39099","2020","2020","Suicide","2","Firearm","GRINJ-006",22,226075,9.7,6.1,14.7
,"Mahoning County, OH","39099","2020","2020","Homicide","3","Firearm","GRINJ-006",31,226075,13.7,9.3,19.5
,"Marion County, OH","39101","2020","2020","Unintentional","1","Motor Vehicle Traffic","GRINJ-008",10,64820,15.4,7.4,28.4
,"Marion County, OH","39101","2020","2020","Unintentional","1","Poisoning","GRINJ-015",40,64820,61.7,44.1,84.0
,"Medina County, OH","39103","2020","2020","Unintentional","1","Fall","GRINJ-003",37,180912,20.5,14.4,28.2
,"Medina County, OH","39103","2020","2020","Unintentional","1","Motor Vehicle Traffic","GRINJ-008",13,180912,7.2,3.8,12.3
,"Medina County, OH","39103","2020","2020","Unintentional","1","Poisoning","GRINJ-015",39,180912,21.6,15.3,29.5
,"Medina County, OH","39103","2020","2020","Unintentional","1","Suffocation","GRINJ-017",12,180912,6.6,3.4,11.6
,"Medina County, OH","39103","2020","2020","Suicide","2","Firearm","GRINJ-006",13,180912,7.2,3.8,12.3
,"Meigs County, OH","39105","2020","2020","Unintentional","1","Poisoning","GRINJ-015",19,22678,83.8,50.4,130.8
,"Miami County, OH","39109","2020","2020","Unintentional","1","Fall","GRINJ-003",23,107516,21.4,13.6,32.1
,"Miami County, OH","39109","2020","2020","Unintentional","1","Motor Vehicle Traffic","GRINJ-008",11,107516,10.2,5.1,18.3
,"Miami County, OH","39109","2020","2020","Unintentional","1","Poisoning","GRINJ-015",41,107516,38.1,27.4,51.7
,"Montgomery County, OH","39113","2020","2020","Unintentional","1","Drowning","GRINJ-002",11,531610,2.1,1.0,3.7
,"Montgomery County, OH","39113","2020","2020","Unintentional","1","Fall","GRINJ-003",133,531610,25.0,20.8,29.3
,"Montgomery County, OH","39113","2020","2020","Unintentional","1","Motor Vehicle Traffic","GRINJ-008",70,531610,13.2,10.3,16.6
,"Montgomery County, OH","39113","2020","2020","Unintentional","1","Poisoning","GRINJ-015",316,531610,59.4,52.9,66.0
,"Montgomery County, OH","39113","2020","2020","Unintentional","1","Suffocation","GRINJ-017",10,531610,1.9,0.9,3.5
,"Montgomery County, OH","39113","2020","2020","Unintentional","1","Unspecified Injury","GRINJ-020",10,531610,1.9,0.9,3.5
,"Montgomery County, OH","39113","2020","2020","Suicide","2","Firearm","GRINJ-006",46,531610,8.7,6.3,11.5
,"Montgomery County, OH","39113","2020","2020","Suicide","2","Poisoning","GRINJ-015",13,531610,2.4,1.3,4.2
,"Montgomery County, OH","39113","2020","2020","Suicide","2","Suffocation","GRINJ-017",20,531610,3.8,2.3,5.8
,"Montgomery County, OH","39113","2020","2020","Homicide","3","Firearm","GRINJ-006",63,531610,11.9,9.1,15.2
,"Morrow County, OH","39117","2020","2020","Unintentional","1","Poisoning","GRINJ-015",16,35411,45.2,25.8,73.4
,"Muskingum County, OH","39119","2020","2020","Unintentional","1","Fall","GRINJ-003",14,86020,16.3,8.9,27.3
,"Muskingum County, OH","39119","2020","2020","Unintentional","1","Motor Vehicle Traffic","GRINJ-008",13,86020,15.1,8.0,25.8
,"Muskingum County, OH","39119","2020","2020","Unintentional","1","Poisoning","GRINJ-015",41,86020,47.7,34.2,64.7
,"Ottawa County, OH","39123","2020","2020","Unintentional","1","Poisoning","GRINJ-015",12,40253,29.8,15.4,52.1
,"Perry County, OH","39127","2020","2020","Unintentional","1","Motor Vehicle Traffic","GRINJ-008",11,36215,30.4,15.2,54.3
,"Perry County, OH","39127","2020","2020","Unintentional","1","Poisoning","GRINJ-015",17,36215,46.9,27.3,75.2
,"Pickaway County, OH","39129","2020","2020","Unintentional","1","Poisoning","GRINJ-015",32,58658,54.6,37.3,77.0
,"Pike County, OH","39131","2020","2020","Unintentional","1","Poisoning","GRINJ-015",22,27695,79.4,49.8,120.3
,"Portage County, OH","39133","2020","2020","Unintentional","1","Fall","GRINJ-003",17,162583,10.5,6.1,16.7
,"Portage County, OH","39133","2020","2020","Unintentional","1","Motor Vehicle Traffic","GRINJ-008",16,162583,9.8,5.6,16.0
,"Portage County, OH","39133","2020","2020","Unintentional","1","Poisoning","GRINJ-015",38,162583,23.4,16.5,32.1
,"Portage County, OH","39133","2020","2020","Suicide","2","Firearm","GRINJ-006",14,162583,8.6,4.7,14.4
,"Preble County, OH","39135","2020","2020","Unintentional","1","Poisoning","GRINJ-015",17,40836,41.6,24.3,66.7
,"Richland County, OH","39139","2020","2020","Unintentional","1","Fall","GRINJ-003",15,120891,12.4,6.9,20.5
,"Richland County, OH","39139","2020","2020","Unintentional","1","Poisoning","GRINJ-015",63,120891,52.1,40.0,66.7
,"Richland County, OH","39139","2020","2020","Suicide","2","Firearm","GRINJ-006",14,120891,11.6,6.3,19.4
,"Ross County, OH","39141","2020","2020","Unintentional","1","Fall","GRINJ-003",16,76420,20.9,12.0,34.0
,"Ross County, OH","39141","2020","2020","Unintentional","1","Motor Vehicle Traffic","GRINJ-008",11,76420,14.4,7.2,25.8
,"Ross County, OH","39141","2020","2020","Unintentional","1","Poisoning","GRINJ-015",55,76420,72.0,54.2,93.7
,"Sandusky County, OH","39143","2020","2020","Unintentional","1","Motor Vehicle Traffic","GRINJ-008",15,58351,25.7,14.4,42.4
,"Sandusky County, OH","39143","2020","2020","Unintentional","1","Poisoning","GRINJ-015",11,58351,18.9,9.4,33.7
,"Scioto County, OH","39145","2020","2020","Unintentional","1","Motor Vehicle Traffic","GRINJ-008",10,74347,13.5,6.5,24.7
,"Scioto County, OH","39145","2020","2020","Unintentional","1","Poisoning","GRINJ-015",107,74347,143.9,116.6,171.2
,"Seneca County, OH","39147","2020","2020","Unintentional","1","Poisoning","GRINJ-015",26,54938,47.3,30.9,69.3
,"Shelby County, OH","39149","2020","2020","Unintentional","1","Poisoning","GRINJ-015",18,48337,37.2,22.1,58.9
,"Stark County, OH","39151","2020","2020","Unintentional","1","Fall","GRINJ-003",65,369772,17.6,13.6,22.4
,"Stark County, OH","39151","2020","2020","Unintentional","1","Motor Vehicle Traffic","GRINJ-008",37,369772,10.0,7.0,13.8
,"Stark County, OH","39151","2020","2020","Unintentional","1","Poisoning","GRINJ-015",127,369772,34.3,28.4,40.3
,"Stark County, OH","39151","2020","2020","Unintentional","1","Unspecified Injury","GRINJ-020",13,369772,3.5,1.9,6.0
,"Stark County, OH","39151","2020","2020","Suicide","2","Firearm","GRINJ-006",23,369772,6.2,3.9,9.3
,"Stark County, OH","39151","2020","2020","Suicide","2","Suffocation","GRINJ-017",18,369772,4.9,2.9,7.7
,"Stark County, OH","39151","2020","2020","Homicide","3","Firearm","GRINJ-006",17,369772,4.6,2.7,7.4
,"Summit County, OH","39153","2020","2020","Unintentional","1","Fall","GRINJ-003",78,538866,14.5,11.4,18.1
,"Summit County, OH","39153","2020","2020","Unintentional","1","Motor Vehicle Traffic","GRINJ-008",57,538866,10.6,8.0,13.7
,"Summit County, OH","39153","2020","2020","Unintentional","1","Poisoning","GRINJ-015",221,538866,41.0,35.6,46.4
,"Summit County, OH","39153","2020","2020","Unintentional","1","Suffocation","GRINJ-017",19,538866,3.5,2.1,5.5
,"Summit County, OH","39153","2020","2020","Unintentional","1","Unspecified Injury","GRINJ-020",13,538866,2.4,1.3,4.1
,"Summit County, OH","39153","2020","2020","Suicide","2","Firearm","GRINJ-006",48,538866,8.9,6.6,11.8
,"Summit County, OH","39153","2020","2020","Suicide","2","Suffocation","GRINJ-017",21,538866,3.9,2.4,6.0
,"Summit County, OH","39153","2020","2020","Homicide","3","Firearm","GRINJ-006",51,538866,9.5,7.0,12.4
,"Trumbull County, OH","39155","2020","2020","Unintentional","1","Fall","GRINJ-003",18,196800,9.1,5.4,14.5
,"Trumbull County, OH","39155","2020","2020","Unintentional","1","Motor Vehicle Traffic","GRINJ-008",24,196800,12.2,7.8,18.1
,"Trumbull County, OH","39155","2020","2020","Unintentional","1","Poisoning","GRINJ-015",126,196800,64.0,52.8,75.2
,"Trumbull County, OH","39155","2020","2020","Suicide","2","Firearm","GRINJ-006",24,196800,12.2,7.8,18.1
,"Trumbull County, OH","39155","2020","2020","Homicide","3","Firearm","GRINJ-006",17,196800,8.6,5.0,13.8
,"Tuscarawas County, OH","39157","2020","2020","Unintentional","1","Fall","GRINJ-003",17,91776,18.5,10.8,29.7
,"Tuscarawas County, OH","39157","2020","2020","Unintentional","1","Motor Vehicle Traffic","GRINJ-008",11,91776,12.0,6.0,21.4
,"Tuscarawas County, OH","39157","2020","2020","Unintentional","1","Poisoning","GRINJ-015",28,91776,30.5,20.3,44.1
,"Tuscarawas County, OH","39157","2020","2020","Suicide","2","Firearm","GRINJ-006",12,91776,13.1,6.8,22.8
,"Union County, OH","39159","2020","2020","Unintentional","1","Poisoning","GRINJ-015",12,60021,20.0,10.3,34.9
,"Vinton County, OH","39163","2020","2020","Unintentional","1","Poisoning","GRINJ-015",10,12972,77.1,37.0,141.8
,"Warren County, OH","39165","2020","2020","Unintentional","1","Fall","GRINJ-003",29,238412,12.2,8.1,17.5
,"Warren County, OH","39165","2020","2020","Unintentional","1","Motor Vehicle Traffic","GRINJ-008",24,238412,10.1,6.4,15.0
,"Warren County, OH","39165","2020","2020","Unintentional","1","Poisoning","GRINJ-015",59,238412,24.7,18.8,31.9
,"Warren County, OH","39165","2020","2020","Suicide","2","Firearm","GRINJ-006",15,238412,6.3,3.5,10.4
,"Washington County, OH","39167","2020","2020","Unintentional","1","Poisoning","GRINJ-015",16,59652,26.8,15.3,43.6
,"Wayne County, OH","39169","2020","2020","Unintentional","1","Fall","GRINJ-003",24,115694,20.7,13.3,30.9
,"Wayne County, OH","39169","2020","2020","Unintentional","1","Motor Vehicle Traffic","GRINJ-008",15,115694,13.0,7.3,21.4
,"Wayne County, OH","39169","2020","2020","Unintentional","1","Poisoning","GRINJ-015",30,115694,25.9,17.5,37.0
,"Wood County, OH","39173","2020","2020","Unintentional","1","Fall","GRINJ-003",13,131113,9.9,5.3,17.0
,"Wood County, OH","39173","2020","2020","Unintentional","1","Motor Vehicle Traffic","GRINJ-008",16,131113,12.2,7.0,19.8
,"Wood County, OH","39173","2020","2020","Unintentional","1","Poisoning","GRINJ-015",29,131113,22.1,14.8,31.8
,"Bryan County, OK","40013","2020","2020","Unintentional","1","Motor Vehicle Traffic","GRINJ-008",18,48998,36.7,21.8,58.1
,"Caddo County, OK","40015","2020","2020","Unintentional","1","Motor Vehicle Traffic","GRINJ-008",12,28684,41.8,21.6,73.1
,"Caddo County, OK","40015","2020","2020","Unintentional","1","Poisoning","GRINJ-015",11,28684,38.3,19.1,68.6
,"Canadian County, OK","40017","2020","2020","Unintentional","1","Fall","GRINJ-003",25,153192,16.3,10.6,24.1
,"Canadian County, OK","40017","2020","2020","Unintentional","1","Motor Vehicle Traffic","GRINJ-008",16,153192,10.4,6.0,17.0
,"Canadian County, OK","40017","2020","2020","Unintentional","1","Poisoning","GRINJ-015",17,153192,11.1,6.5,17.8
,"Canadian County, OK","40017","2020","2020","Suicide","2","Firearm","GRINJ-006",17,153192,11.1,6.5,17.8
,"Carter County, OK","40019","2020","2020","Unintentional","1","Fall","GRINJ-003",13,48353,26.9,14.3,46.0
,"Carter County, OK","40019","2020","2020","Unintentional","1","Poisoning","GRINJ-015",17,48353,35.2,20.5,56.3
,"Carter County, OK","40019","2020","2020","Suicide","2","Firearm","GRINJ-006",12,48353,24.8,12.8,43.4
,"Cleveland County, OK","40027","2020","2020","Unintentional","1","Fall","GRINJ-003",63,287066,21.9,16.9,28.1
,"Cleveland County, OK","40027","2020","2020","Unintentional","1","Motor Vehicle Traffic","GRINJ-008",27,287066,9.4,6.2,13.7
,"Cleveland County, OK","40027","2020","2020","Unintentional","1","Poisoning","GRINJ-015",36,287066,12.5,8.8,17.4
,"Cleveland County, OK","40027","2020","2020","Suicide","2","Firearm","GRINJ-006",26,287066,9.1,5.9,13.3
,"Comanche County, OK","40031","2020","2020","Unintentional","1","Fall","GRINJ-003",19,121099,15.7,9.4,24.5
,"Comanche County, OK","40031","2020","2020","Unintentional","1","Motor Vehicle Traffic","GRINJ-008",20,121099,16.5,10.1,25.5
,"Comanche County, OK","40031","2020","2020","Unintentional","1","Poisoning","GRINJ-015",38,121099,31.4,22.2,43.1
,"Comanche County, OK","40031","2020","2020","Suicide","2","Firearm","GRINJ-006",19,121099,15.7,9.4,24.5
,"Comanche County, OK","40031","2020","2020","Suicide","2","Suffocation","GRINJ-017",12,121099,9.9,5.1,17.3
,"Comanche County, OK","40031","2020","2020","Homicide","3","Firearm","GRINJ-006",11,121099,9.1,4.5,16.3
,"Creek County, OK","40037","2020","2020","Unintentional","1","Fall","GRINJ-003",14,71485,19.6,10.7,32.9
,"Creek County, OK","40037","2020","2020","Unintentional","1","Motor Vehicle Traffic","GRINJ-008",13,71485,18.2,9.7,31.1
,"Creek County, OK","40037","2020","2020","Unintentional","1","Poisoning","GRINJ-015",15,71485,21.0,11.7,34.6
,"Creek County, OK","40037","2020","2020","Suicide","2","Firearm","GRINJ-006",12,71485,16.8,8.7,29.3
,"Delaware County, OK","40041","2020","2020","Unintentional","1","Motor Vehicle Traffic","GRINJ-008",11,43136,25.5,12.7,45.6
,"Garfield County, OK","40047","2020","2020","Unintentional","1","Fall","GRINJ-003",11,60869,18.1,9.0,32.3
,"Garfield County, OK","40047","2020","2020","Unintentional","1","Motor Vehicle Traffic","GRINJ-008",11,60869,18.1,9.0,32.3
,"Grady County, OK","40051","2020","2020","Unintentional","1","Fall","GRINJ-003",16,55906,28.6,16.4,46.5
,"Grady County, OK","40051","2020","2020","Unintentional","1","Motor Vehicle Traffic","GRINJ-008",14,55906,25.0,13.7,42.0
,"Grady County, OK","40051","2020","2020","Unintentional","1","Poisoning","GRINJ-015",13,55906,23.3,12.4,39.8
,"Hughes County, OK","40063","2020","2020","Unintentional","1","Motor Vehicle Traffic","GRINJ-008",10,13126,76.2,36.5,140.1
,"Jackson County, OK","40065","2020","2020","Unintentional","1","Fall","GRINJ-003",10,24305,41.1,19.7,75.7
,"Kay County, OK","40071","2020","2020","Unintentional","1","Fall","GRINJ-003",22,43274,50.8,31.9,77.0
,"Kay County, OK","40071","2020","2020","Suicide","2","Suffocation","GRINJ-017",13,43274,30.0,16.0,51.4
,"Le Flore County, OK","40079","2020","2020","Unintentional","1","Poisoning","GRINJ-015",15,49935,30.0,16.8,49.5
,"Logan County, OK","40083","2020","2020","Unintentional","1","Motor Vehicle Traffic","GRINJ-008",11,48777,22.6,11.3,40.4
,"McClain County, OK","40087","2020","2020","Unintentional","1","Motor Vehicle Traffic","GRINJ-008",12,41348,29.0,15.0,50.7
,"McCurtain County, OK","40089","2020","2020","Unintentional","1","Motor Vehicle Traffic","GRINJ-008",11,32772,33.6,16.8,60.1
,"Muskogee County, OK","40101","2020","2020","Unintentional","1","Fall","GRINJ-003",11,67610,16.3,8.1,29.1
,"Muskogee County, OK","40101","2020","2020","Unintentional","1","Motor Vehicle Traffic","GRINJ-008",13,67610,19.2,10.2,32.9
,"Muskogee County, OK","40101","2020","2020","Unintentional","1","Poisoning","GRINJ-015",14,67610,20.7,11.3,34.7
,"Oklahoma County, OK","40109","2020","2020","Unintentional","1","Drowning","GRINJ-002",17,804041,2.1,1.2,3.4
,"Oklahoma County, OK","40109","2020","2020","Unintentional","1","Fall","GRINJ-003",217,804041,27.0,23.4,30.6
,"Oklahoma County, OK","40109","2020","2020","Unintentional","1","Motor Vehicle Traffic","GRINJ-008",99,804041,12.3,10.0,15.0
,"Oklahoma County, OK","40109","2020","2020","Unintentional","1","Poisoning","GRINJ-015",170,804041,21.1,18.0,24.3
,"Oklahoma County, OK","40109","2020","2020","Unintentional","1","Suffocation","GRINJ-017",15,804041,1.9,1.0,3.1
,"Oklahoma County, OK","40109","2020","2020","Suicide","2","Firearm","GRINJ-006",106,804041,13.2,10.7,15.7
,"Oklahoma County, OK","40109","2020","2020","Suicide","2","Poisoning","GRINJ-015",20,804041,2.5,1.5,3.8
,"Oklahoma County, OK","40109","2020","2020","Suicide","2","Suffocation","GRINJ-017",50,804041,6.2,4.6,8.2
,"Oklahoma County, OK","40109","2020","2020","Homicide","3","Firearm","GRINJ-006",76,804041,9.5,7.4,11.8
,"Oklahoma County, OK","40109","2020","2020","Undetermined ","4","Poisoning","GRINJ-015",10,804041,1.2,0.6,2.3
,"Okmulgee County, OK","40111","2020","2020","Unintentional","1","Motor Vehicle Traffic","GRINJ-008",12,38234,31.4,16.2,54.8
,"Ottawa County, OK","40115","2020","2020","Unintentional","1","Motor Vehicle Traffic","GRINJ-008",10,30879,32.4,15.5,59.6
,"Payne County, OK","40119","2020","2020","Unintentional","1","Fall","GRINJ-003",20,81755,24.5,14.9,37.8
,"Payne County, OK","40119","2020","2020","Unintentional","1","Poisoning","GRINJ-015",10,81755,12.2,5.9,22.5
,"Pontotoc County, OK","40123","2020","2020","Unintentional","1","Motor Vehicle Traffic","GRINJ-008",10,38397,26.0,12.5,47.9
,"Pottawatomie County, OK","40125","2020","2020","Unintentional","1","Fall","GRINJ-003",25,72998,34.2,22.2,50.6
,"Pottawatomie County, OK","40125","2020","2020","Unintentional","1","Motor Vehicle Traffic","GRINJ-008",10,72998,13.7,6.6,25.2
,"Pottawatomie County, OK","40125","2020","2020","Unintentional","1","Poisoning","GRINJ-015",12,72998,16.4,8.5,28.7
,"Pottawatomie County, OK","40125","2020","2020","Suicide","2","Firearm","GRINJ-006",14,72998,19.2,10.5,32.2
,"Rogers County, OK","40131","2020","2020","Unintentional","1","Fall","GRINJ-003",12,93155,12.9,6.7,22.5
,"Rogers County, OK","40131","2020","2020","Unintentional","1","Motor Vehicle Traffic","GRINJ-008",16,93155,17.2,9.8,27.9
,"Rogers County, OK","40131","2020","2020","Unintentional","1","Poisoning","GRINJ-015",10,93155,10.7,5.1,19.7
,"Rogers County, OK","40131","2020","2020","Suicide","2","Firearm","GRINJ-006",10,93155,10.7,5.1,19.7
,"Seminole County, OK","40133","2020","2020","Unintentional","1","Motor Vehicle Traffic","GRINJ-008",16,24248,66.0,37.7,107.2
,"Sequoyah County, OK","40135","2020","2020","Unintentional","1","Motor Vehicle Traffic","GRINJ-008",11,41538,26.5,13.2,47.4
,"Stephens County, OK","40137","2020","2020","Unintentional","1","Fall","GRINJ-003",13,43100,30.2,16.1,51.6
,"Tulsa County, OK","40143","2020","2020","Unintentional","1","Drowning","GRINJ-002",16,657589,2.4,1.4,4.0
,"Tulsa County, OK","40143","2020","2020","Unintentional","1","Fall","GRINJ-003",67,657589,10.2,7.9,12.9
,"Tulsa County, OK","40143","2020","2020","Unintentional","1","Motor Vehicle Traffic","GRINJ-008",91,657589,13.8,11.1,17.0
,"Tulsa County, OK","40143","2020","2020","Unintentional","1","Poisoning","GRINJ-015",149,657589,22.7,19.0,26.3
,"Tulsa County, OK","40143","2020","2020","Unintentional","1","Suffocation","GRINJ-017",12,657589,1.8,0.9,3.2
,"Tulsa County, OK","40143","2020","2020","Unintentional","1","Unspecified Injury","GRINJ-020",11,657589,1.7,0.8,3.0
,"Tulsa County, OK","40143","2020","2020","Suicide","2","Firearm","GRINJ-006",89,657589,13.5,10.9,16.7
,"Tulsa County, OK","40143","2020","2020","Suicide","2","Poisoning","GRINJ-015",13,657589,2.0,1.1,3.4
,"Tulsa County, OK","40143","2020","2020","Suicide","2","Suffocation","GRINJ-017",32,657589,4.9,3.3,6.9
,"Tulsa County, OK","40143","2020","2020","Homicide","3","Firearm","GRINJ-006",52,657589,7.9,5.9,10.4
,"Wagoner County, OK","40145","2020","2020","Unintentional","1","Poisoning","GRINJ-015",12,82925,14.5,7.5,25.3
,"Wagoner County, OK","40145","2020","2020","Suicide","2","Firearm","GRINJ-006",12,82925,14.5,7.5,25.3
,"Washington County, OK","40147","2020","2020","Suicide","2","Firearm","GRINJ-006",13,52222,24.9,13.3,42.6
,"Benton County, OR","41003","2020","2020","Unintentional","1","Fall","GRINJ-003",22,93239,23.6,14.8,35.7
,"Clackamas County, OR","41005","2020","2020","Unintentional","1","Fall","GRINJ-003",80,421596,19.0,15.0,23.6
,"Clackamas County, OR","41005","2020","2020","Unintentional","1","Motor Vehicle Traffic","GRINJ-008",47,421596,11.1,8.2,14.8
,"Clackamas County, OR","41005","2020","2020","Unintentional","1","Poisoning","GRINJ-015",57,421596,13.5,10.2,17.5
,"Clackamas County, OR","41005","2020","2020","Unintentional","1","Suffocation","GRINJ-017",10,421596,2.4,1.1,4.4
,"Clackamas County, OR","41005","2020","2020","Suicide","2","Firearm","GRINJ-006",49,421596,11.6,8.6,15.4
,"Clackamas County, OR","41005","2020","2020","Suicide","2","Suffocation","GRINJ-017",17,421596,4.0,2.3,6.5
,"Clatsop County, OR","41007","2020","2020","Unintentional","1","Fall","GRINJ-003",10,40423,24.7,11.9,45.5
,"Clatsop County, OR","41007","2020","2020","Unintentional","1","Poisoning","GRINJ-015",10,40423,24.7,11.9,45.5
,"Columbia County, OR","41009","2020","2020","Suicide","2","Firearm","GRINJ-006",13,52876,24.6,13.1,42.0
,"Coos County, OR","41011","2020","2020","Unintentional","1","Fall","GRINJ-003",14,64711,21.6,11.8,36.3
,"Deschutes County, OR","41017","2020","2020","Unintentional","1","Fall","GRINJ-003",75,201769,37.2,29.2,46.6
,"Deschutes County, OR","41017","2020","2020","Unintentional","1","Motor Vehicle Traffic","GRINJ-008",28,201769,13.9,9.2,20.1
,"Deschutes County, OR","41017","2020","2020","Unintentional","1","Poisoning","GRINJ-015",18,201769,8.9,5.3,14.1
,"Deschutes County, OR","41017","2020","2020","Suicide","2","Firearm","GRINJ-006",24,201769,11.9,7.6,17.7
,"Douglas County, OR","41019","2020","2020","Unintentional","1","Fall","GRINJ-003",28,111364,25.1,16.7,36.3
,"Douglas County, OR","41019","2020","2020","Unintentional","1","Motor Vehicle Traffic","GRINJ-008",22,111364,19.8,12.4,29.9
,"Douglas County, OR","41019","2020","2020","Unintentional","1","Poisoning","GRINJ-015",19,111364,17.1,10.3,26.6
,"Douglas County, OR","41019","2020","2020","Suicide","2","Firearm","GRINJ-006",16,111364,14.4,8.2,23.3
,"Jackson County, OR","41029","2020","2020","Unintentional","1","Fall","GRINJ-003",40,221844,18.0,12.9,24.6
,"Jackson County, OR","41029","2020","2020","Unintentional","1","Motor Vehicle Traffic","GRINJ-008",15,221844,6.8,3.8,11.2
,"Jackson County, OR","41029","2020","2020","Unintentional","1","Poisoning","GRINJ-015",37,221844,16.7,11.7,23.0
,"Jackson County, OR","41029","2020","2020","Suicide","2","Firearm","GRINJ-006",41,221844,18.5,13.3,25.1
,"Jackson County, OR","41029","2020","2020","Suicide","2","Suffocation","GRINJ-017",12,221844,5.4,2.8,9.4
,"Jefferson County, OR","41031","2020","2020","Unintentional","1","Motor Vehicle Traffic","GRINJ-008",13,24856,52.3,27.8,89.4
,"Josephine County, OR","41033","2020","2020","Unintentional","1","Fall","GRINJ-003",19,88053,21.6,13.0,33.7
,"Josephine County, OR","41033","2020","2020","Unintentional","1","Motor Vehicle Traffic","GRINJ-008",10,88053,11.4,5.4,20.9
,"Josephine County, OR","41033","2020","2020","Unintentional","1","Poisoning","GRINJ-015",23,88053,26.1,16.6,39.2
,"Josephine County, OR","41033","2020","2020","Suicide","2","Firearm","GRINJ-006",19,88053,21.6,13.0,33.7
,"Klamath County, OR","41035","2020","2020","Unintentional","1","Motor Vehicle Traffic","GRINJ-008",13,68739,18.9,10.1,32.3
,"Klamath County, OR","41035","2020","2020","Unintentional","1","Poisoning","GRINJ-015",10,68739,14.5,7.0,26.8
,"Klamath County, OR","41035","2020","2020","Suicide","2","Firearm","GRINJ-006",15,68739,21.8,12.2,36.0
,"Lane County, OR","41039","2020","2020","Unintentional","1","Fall","GRINJ-003",92,382986,24.0,19.4,29.5
,"Lane County, OR","41039","2020","2020","Unintentional","1","Motor Vehicle Traffic","GRINJ-008",42,382986,11.0,7.9,14.8
,"Lane County, OR","41039","2020","2020","Unintentional","1","Poisoning","GRINJ-015",97,382986,25.3,20.5,30.9
,"Lane County, OR","41039","2020","2020","Suicide","2","Firearm","GRINJ-006",46,382986,12.0,8.8,16.0
,"Lane County, OR","41039","2020","2020","Suicide","2","Suffocation","GRINJ-017",25,382986,6.5,4.2,9.6
,"Lincoln County, OR","41041","2020","2020","Unintentional","1","Fall","GRINJ-003",26,50583,51.4,33.6,75.3
,"Lincoln County, OR","41041","2020","2020","Unintentional","1","Motor Vehicle Traffic","GRINJ-008",11,50583,21.7,10.9,38.9
,"Linn County, OR","41043","2020","2020","Unintentional","1","Fall","GRINJ-003",25,131054,19.1,12.3,28.2
,"Linn County, OR","41043","2020","2020","Unintentional","1","Motor Vehicle Traffic","GRINJ-008",24,131054,18.3,11.7,27.2
,"Linn County, OR","41043","2020","2020","Unintentional","1","Poisoning","GRINJ-015",27,131054,20.6,13.6,30.0
,"Marion County, OR","41047","2020","2020","Unintentional","1","Fall","GRINJ-003",61,349204,17.5,13.4,22.4
,"Marion County, OR","41047","2020","2020","Unintentional","1","Motor Vehicle Traffic","GRINJ-008",45,349204,12.9,9.4,17.2
,"Marion County, OR","41047","2020","2020","Unintentional","1","Poisoning","GRINJ-015",55,349204,15.8,11.9,20.5
,"Marion County, OR","41047","2020","2020","Unintentional","1","Suffocation","GRINJ-017",16,349204,4.6,2.6,7.4
,"Marion County, OR","41047","2020","2020","Suicide","2","Firearm","GRINJ-006",37,349204,10.6,7.5,14.6
,"Marion County, OR","41047","2020","2020","Suicide","2","Suffocation","GRINJ-017",17,349204,4.9,2.8,7.8
,"Marion County, OR","41047","2020","2020","Homicide","3","Firearm","GRINJ-006",10,349204,2.9,1.4,5.3
,"Multnomah County, OR","41051","2020","2020","Unintentional","1","Fall","GRINJ-003",104,815637,12.8,10.3,15.2
,"Multnomah County, OR","41051","2020","2020","Unintentional","1","Motor Vehicle Traffic","GRINJ-008",81,815637,9.9,7.9,12.3
,"Multnomah County, OR","41051","2020","2020","Unintentional","1","Poisoning","GRINJ-015",227,815637,27.8,24.2,31.5
,"Multnomah County, OR","41051","2020","2020","Unintentional","1","Suffocation","GRINJ-017",13,815637,1.6,0.8,2.7
,"Multnomah County, OR","41051","2020","2020","Suicide","2","Firearm","GRINJ-006",63,815637,7.7,5.9,9.9
,"Multnomah County, OR","41051","2020","2020","Suicide","2","Poisoning","GRINJ-015",28,815637,3.4,2.3,5.0
,"Multnomah County, OR","41051","2020","2020","Suicide","2","Suffocation","GRINJ-017",38,815637,4.7,3.3,6.4
,"Multnomah County, OR","41051","2020","2020","Homicide","3","Firearm","GRINJ-006",36,815637,4.4,3.1,6.1
,"Polk County, OR","41053","2020","2020","Unintentional","1","Fall","GRINJ-003",28,87744,31.9,21.2,46.1
,"Polk County, OR","41053","2020","2020","Unintentional","1","Motor Vehicle Traffic","GRINJ-008",13,87744,14.8,7.9,25.3
,"Polk County, OR","41053","2020","2020","Unintentional","1","Poisoning","GRINJ-015",12,87744,13.7,7.1,23.9
,"Umatilla County, OR","41059","2020","2020","Unintentional","1","Fall","GRINJ-003",13,77752,16.7,8.9,28.6
,"Umatilla County, OR","41059","2020","2020","Unintentional","1","Motor Vehicle Traffic","GRINJ-008",13,77752,16.7,8.9,28.6
,"Umatilla County, OR","41059","2020","2020","Unintentional","1","Poisoning","GRINJ-015",11,77752,14.1,7.1,25.3
,"Umatilla County, OR","41059","2020","2020","Suicide","2","Firearm","GRINJ-006",12,77752,15.4,8.0,27.0
,"Washington County, OR","41067","2020","2020","Unintentional","1","Fall","GRINJ-003",76,603514,12.6,9.9,15.8
,"Washington County, OR","41067","2020","2020","Unintentional","1","Motor Vehicle Traffic","GRINJ-008",36,603514,6.0,4.2,8.3
,"Washington County, OR","41067","2020","2020","Unintentional","1","Poisoning","GRINJ-015",48,603514,8.0,5.9,10.5
,"Washington County, OR","41067","2020","2020","Suicide","2","Firearm","GRINJ-006",39,603514,6.5,4.6,8.8
,"Washington County, OR","41067","2020","2020","Suicide","2","Poisoning","GRINJ-015",13,603514,2.2,1.1,3.7
,"Washington County, OR","41067","2020","2020","Suicide","2","Suffocation","GRINJ-017",13,603514,2.2,1.1,3.7
,"Yamhill County, OR","41071","2020","2020","Unintentional","1","Fall","GRINJ-003",15,107664,13.9,7.8,23.0
,"Yamhill County, OR","41071","2020","2020","Unintentional","1","Motor Vehicle Traffic","GRINJ-008",16,107664,14.9,8.5,24.1
,"Yamhill County, OR","41071","2020","2020","Unintentional","1","Poisoning","GRINJ-015",16,107664,14.9,8.5,24.1
,"Yamhill County, OR","41071","2020","2020","Suicide","2","Firearm","GRINJ-006",11,107664,10.2,5.1,18.3
,"Adams County, PA","42001","2020","2020","Unintentional","1","Fall","GRINJ-003",20,102742,19.5,11.9,30.1
,"Adams County, PA","42001","2020","2020","Unintentional","1","Motor Vehicle Traffic","GRINJ-008",14,102742,13.6,7.4,22.9
,"Adams County, PA","42001","2020","2020","Unintentional","1","Poisoning","GRINJ-015",25,102742,24.3,15.7,35.9
,"Adams County, PA","42001","2020","2020","Suicide","2","Firearm","GRINJ-006",11,102742,10.7,5.3,19.2
,"Allegheny County, PA","42003","2020","2020","Unintentional","1","Fall","GRINJ-003",239,1211358,19.7,17.2,22.2
,"Allegheny County, PA","42003","2020","2020","Unintentional","1","Fire/Flame","GRINJ-004",12,1211358,1.0,0.5,1.7
,"Allegheny County, PA","42003","2020","2020","Unintentional","1","Motor Vehicle Traffic","GRINJ-008",68,1211358,5.6,4.4,7.1
,"Allegheny County, PA","42003","2020","2020","Unintentional","1","Poisoning","GRINJ-015",622,1211358,51.3,47.3,55.4
,"Allegheny County, PA","42003","2020","2020","Unintentional","1","Suffocation","GRINJ-017",41,1211358,3.4,2.4,4.6
,"Allegheny County, PA","42003","2020","2020","Unintentional","1","Unspecified Injury","GRINJ-020",24,1211358,2.0,1.3,2.9
,"Allegheny County, PA","42003","2020","2020","Suicide","2","Firearm","GRINJ-006",73,1211358,6.0,4.7,7.6
,"Allegheny County, PA","42003","2020","2020","Suicide","2","Poisoning","GRINJ-015",17,1211358,1.4,0.8,2.2
,"Allegheny County, PA","42003","2020","2020","Suicide","2","Suffocation","GRINJ-017",43,1211358,3.5,2.6,4.8
,"Allegheny County, PA","42003","2020","2020","Homicide","3","Firearm","GRINJ-006",91,1211358,7.5,6.0,9.2
,"Armstrong County, PA","42005","2020","2020","Unintentional","1","Fall","GRINJ-003",20,64162,31.2,19.0,48.1
,"Armstrong County, PA","42005","2020","2020","Unintentional","1","Poisoning","GRINJ-015",26,64162,40.5,26.5,59.4
,"Beaver County, PA","42007","2020","2020","Unintentional","1","Fall","GRINJ-003",25,162575,15.4,10.0,22.7
,"Beaver County, PA","42007","2020","2020","Unintentional","1","Motor Vehicle Traffic","GRINJ-008",13,162575,8.0,4.3,13.7
,"Beaver County, PA","42007","2020","2020","Unintentional","1","Poisoning","GRINJ-015",66,162575,40.6,31.4,51.6
,"Beaver County, PA","42007","2020","2020","Suicide","2","Firearm","GRINJ-006",13,162575,8.0,4.3,13.7
,"Bedford County, PA","42009","2020","2020","Unintentional","1","Poisoning","GRINJ-015",17,47817,35.6,20.7,56.9
,"Berks County, PA","42011","2020","2020","Unintentional","1","Fall","GRINJ-003",64,421017,15.2,11.7,19.4
,"Berks County, PA","42011","2020","2020","Unintentional","1","Motor Vehicle Traffic","GRINJ-008",44,421017,10.5,7.6,14.0
,"Berks County, PA","42011","2020","2020","Unintentional","1","Poisoning","GRINJ-015",129,421017,30.6,25.4,35.9
,"Berks County, PA","42011","2020","2020","Suicide","2","Firearm","GRINJ-006",33,421017,7.8,5.4,11.0
,"Blair County, PA","42013","2020","2020","Unintentional","1","Fall","GRINJ-003",20,121007,16.5,10.1,25.5
,"Blair County, PA","42013","2020","2020","Unintentional","1","Motor Vehicle Traffic","GRINJ-008",11,121007,9.1,4.5,16.3
,"Blair County, PA","42013","2020","2020","Unintentional","1","Poisoning","GRINJ-015",48,121007,39.7,29.2,52.6
,"Blair County, PA","42013","2020","2020","Suicide","2","Firearm","GRINJ-006",13,121007,10.7,5.7,18.4
,"Bradford County, PA","42015","2020","2020","Unintentional","1","Fall","GRINJ-003",11,60221,18.3,9.1,32.7
,"Bucks County, PA","42017","2020","2020","Unintentional","1","Fall","GRINJ-003",70,627987,11.1,8.7,14.1
,"Bucks County, PA","42017","2020","2020","Unintentional","1","Motor Vehicle Traffic","GRINJ-008",56,627987,8.9,6.7,11.6
,"Bucks County, PA","42017","2020","2020","Unintentional","1","Poisoning","GRINJ-015",216,627987,34.4,29.8,39.0
,"Bucks County, PA","42017","2020","2020","Unintentional","1","Suffocation","GRINJ-017",13,627987,2.1,1.1,3.5
,"Bucks County, PA","42017","2020","2020","Suicide","2","Firearm","GRINJ-006",38,627987,6.1,4.3,8.3
,"Bucks County, PA","42017","2020","2020","Suicide","2","Poisoning","GRINJ-015",12,627987,1.9,1.0,3.3
,"Bucks County, PA","42017","2020","2020","Suicide","2","Suffocation","GRINJ-017",17,627987,2.7,1.6,4.3
,"Bucks County, PA","42017","2020","2020","Homicide","3","Firearm","GRINJ-006",11,627987,1.8,0.9,3.1
,"Butler County, PA","42019","2020","2020","Unintentional","1","Fall","GRINJ-003",30,189135,15.9,10.7,22.6
,"Butler County, PA","42019","2020","2020","Unintentional","1","Motor Vehicle Traffic","GRINJ-008",16,189135,8.5,4.8,13.7
,"Butler County, PA","42019","2020","2020","Unintentional","1","Poisoning","GRINJ-015",70,189135,37.0,28.9,46.8
,"Butler County, PA","42019","2020","2020","Suicide","2","Firearm","GRINJ-006",13,189135,6.9,3.7,11.8
,"Cambria County, PA","42021","2020","2020","Unintentional","1","Fall","GRINJ-003",43,128672,33.4,24.2,45.0
,"Cambria County, PA","42021","2020","2020","Unintentional","1","Poisoning","GRINJ-015",72,128672,56.0,43.8,70.5
,"Cambria County, PA","42021","2020","2020","Suicide","2","Firearm","GRINJ-006",18,128672,14.0,8.3,22.1
,"Carbon County, PA","42025","2020","2020","Unintentional","1","Fall","GRINJ-003",13,64081,20.3,10.8,34.7
,"Carbon County, PA","42025","2020","2020","Unintentional","1","Poisoning","GRINJ-015",29,64081,45.3,30.3,65.0
,"Carbon County, PA","42025","2020","2020","Suicide","2","Firearm","GRINJ-006",12,64081,18.7,9.7,32.7
,"Centre County, PA","42027","2020","2020","Unintentional","1","Fall","GRINJ-003",18,161496,11.1,6.6,17.6
,"Centre County, PA","42027","2020","2020","Unintentional","1","Motor Vehicle Traffic","GRINJ-008",13,161496,8.0,4.3,13.8
,"Centre County, PA","42027","2020","2020","Unintentional","1","Poisoning","GRINJ-015",14,161496,8.7,4.7,14.5
,"Centre County, PA","42027","2020","2020","Suicide","2","Firearm","GRINJ-006",11,161496,6.8,3.4,12.2
,"Chester County, PA","42029","2020","2020","Unintentional","1","Fall","GRINJ-003",78,526759,14.8,11.7,18.5
,"Chester County, PA","42029","2020","2020","Unintentional","1","Motor Vehicle Traffic","GRINJ-008",24,526759,4.6,2.9,6.8
,"Chester County, PA","42029","2020","2020","Unintentional","1","Poisoning","GRINJ-015",116,526759,22.0,18.0,26.0
,"Chester County, PA","42029","2020","2020","Unintentional","1","Suffocation","GRINJ-017",13,526759,2.5,1.3,4.2
,"Chester County, PA","42029","2020","2020","Suicide","2","Firearm","GRINJ-006",29,526759,5.5,3.7,7.9
,"Chester County, PA","42029","2020","2020","Suicide","2","Suffocation","GRINJ-017",16,526759,3.0,1.7,4.9
,"Clearfield County, PA","42033","2020","2020","Unintentional","1","Fall","GRINJ-003",19,78612,24.2,14.6,37.7
,"Clearfield County, PA","42033","2020","2020","Unintentional","1","Motor Vehicle Traffic","GRINJ-008",15,78612,19.1,10.7,31.5
,"Clearfield County, PA","42033","2020","2020","Unintentional","1","Poisoning","GRINJ-015",20,78612,25.4,15.5,39.3
,"Columbia County, PA","42037","2020","2020","Unintentional","1","Fall","GRINJ-003",11,64842,17.0,8.5,30.4
,"Columbia County, PA","42037","2020","2020","Unintentional","1","Poisoning","GRINJ-015",18,64842,27.8,16.5,43.9
,"Crawford County, PA","42039","2020","2020","Unintentional","1","Fall","GRINJ-003",12,83697,14.3,7.4,25.0
,"Crawford County, PA","42039","2020","2020","Unintentional","1","Poisoning","GRINJ-015",26,83697,31.1,20.3,45.5
,"Cumberland County, PA","42041","2020","2020","Unintentional","1","Fall","GRINJ-003",35,255857,13.7,9.5,19.0
,"Cumberland County, PA","42041","2020","2020","Unintentional","1","Motor Vehicle Traffic","GRINJ-008",16,255857,6.3,3.6,10.2
,"Cumberland County, PA","42041","2020","2020","Unintentional","1","Poisoning","GRINJ-015",55,255857,21.5,16.2,28.0
,"Cumberland County, PA","42041","2020","2020","Suicide","2","Firearm","GRINJ-006",11,255857,4.3,2.1,7.7
,"Dauphin County, PA","42043","2020","2020","Unintentional","1","Fall","GRINJ-003",32,279874,11.4,7.8,16.1
,"Dauphin County, PA","42043","2020","2020","Unintentional","1","Motor Vehicle Traffic","GRINJ-008",21,279874,7.5,4.6,11.5
,"Dauphin County, PA","42043","2020","2020","Unintentional","1","Poisoning","GRINJ-015",98,279874,35.0,28.4,42.7
,"Dauphin County, PA","42043","2020","2020","Suicide","2","Firearm","GRINJ-006",18,279874,6.4,3.8,10.2
,"Dauphin County, PA","42043","2020","2020","Suicide","2","Suffocation","GRINJ-017",11,279874,3.9,2.0,7.0
,"Dauphin County, PA","42043","2020","2020","Homicide","3","Firearm","GRINJ-006",17,279874,6.1,3.5,9.7
,"Delaware County, PA","42045","2020","2020","Unintentional","1","Fall","GRINJ-003",67,566753,11.8,9.2,15.0
,"Delaware County, PA","42045","2020","2020","Unintentional","1","Motor Vehicle Traffic","GRINJ-008",44,566753,7.8,5.6,10.4
,"Delaware County, PA","42045","2020","2020","Unintentional","1","Poisoning","GRINJ-015",195,566753,34.4,29.6,39.2
,"Delaware County, PA","42045","2020","2020","Unintentional","1","Suffocation","GRINJ-017",15,566753,2.6,1.5,4.4
,"Delaware County, PA","42045","2020","2020","Unintentional","1","Unspecified Injury","GRINJ-020",18,566753,3.2,1.9,5.0
,"Delaware County, PA","42045","2020","2020","Suicide","2","Firearm","GRINJ-006",28,566753,4.9,3.3,7.1
,"Delaware County, PA","42045","2020","2020","Suicide","2","Poisoning","GRINJ-015",12,566753,2.1,1.1,3.7
,"Delaware County, PA","42045","2020","2020","Suicide","2","Suffocation","GRINJ-017",22,566753,3.9,2.4,5.9
,"Delaware County, PA","42045","2020","2020","Homicide","3","Firearm","GRINJ-006",51,566753,9.0,6.7,11.8
,"Delaware County, PA","42045","2020","2020","Undetermined ","4","Poisoning","GRINJ-015",13,566753,2.3,1.2,3.9
,"Elk County, PA","42047","2020","2020","Unintentional","1","Fall","GRINJ-003",12,29607,40.5,20.9,70.8
,"Erie County, PA","42049","2020","2020","Unintentional","1","Fall","GRINJ-003",47,268426,17.5,12.9,23.3
,"Erie County, PA","42049","2020","2020","Unintentional","1","Motor Vehicle Traffic","GRINJ-008",19,268426,7.1,4.3,11.1
,"Erie County, PA","42049","2020","2020","Unintentional","1","Poisoning","GRINJ-015",72,268426,26.8,21.0,33.8
,"Erie County, PA","42049","2020","2020","Unintentional","1","Suffocation","GRINJ-017",10,268426,3.7,1.8,6.9
,"Erie County, PA","42049","2020","2020","Suicide","2","Firearm","GRINJ-006",19,268426,7.1,4.3,11.1
,"Erie County, PA","42049","2020","2020","Suicide","2","Suffocation","GRINJ-017",13,268426,4.8,2.6,8.3
,"Erie County, PA","42049","2020","2020","Homicide","3","Firearm","GRINJ-006",16,268426,6.0,3.4,9.7
,"Fayette County, PA","42051","2020","2020","Unintentional","1","Fall","GRINJ-003",24,128126,18.7,12.0,27.9
,"Fayette County, PA","42051","2020","2020","Unintentional","1","Motor Vehicle Traffic","GRINJ-008",24,128126,18.7,12.0,27.9
,"Fayette County, PA","42051","2020","2020","Unintentional","1","Poisoning","GRINJ-015",72,128126,56.2,44.0,70.8
,"Fayette County, PA","42051","2020","2020","Suicide","2","Firearm","GRINJ-006",17,128126,13.3,7.7,21.2
,"Franklin County, PA","42055","2020","2020","Unintentional","1","Fall","GRINJ-003",14,155637,9.0,4.9,15.1
,"Franklin County, PA","42055","2020","2020","Unintentional","1","Motor Vehicle Traffic","GRINJ-008",17,155637,10.9,6.4,17.5
,"Franklin County, PA","42055","2020","2020","Unintentional","1","Poisoning","GRINJ-015",21,155637,13.5,8.4,20.6
,"Franklin County, PA","42055","2020","2020","Suicide","2","Firearm","GRINJ-006",10,155637,6.4,3.1,11.8
,"Greene County, PA","42059","2020","2020","Unintentional","1","Poisoning","GRINJ-015",12,35621,33.7,17.4,58.8
,"Huntingdon County, PA","42061","2020","2020","Unintentional","1","Motor Vehicle Traffic","GRINJ-008",10,44590,22.4,10.8,41.2
,"Indiana County, PA","42063","2020","2020","Unintentional","1","Fall","GRINJ-003",12,83664,14.3,7.4,25.1
,"Indiana County, PA","42063","2020","2020","Unintentional","1","Motor Vehicle Traffic","GRINJ-008",14,83664,16.7,9.1,28.1
,"Indiana County, PA","42063","2020","2020","Unintentional","1","Poisoning","GRINJ-015",34,83664,40.6,28.1,56.8
,"Jefferson County, PA","42065","2020","2020","Unintentional","1","Fall","GRINJ-003",11,43108,25.5,12.7,45.7
,"Jefferson County, PA","42065","2020","2020","Unintentional","1","Poisoning","GRINJ-015",10,43108,23.2,11.1,42.7
,"Lackawanna County, PA","42069","2020","2020","Unintentional","1","Fall","GRINJ-003",33,208989,15.8,10.9,22.2
,"Lackawanna County, PA","42069","2020","2020","Unintentional","1","Motor Vehicle Traffic","GRINJ-008",19,208989,9.1,5.5,14.2
,"Lackawanna County, PA","42069","2020","2020","Unintentional","1","Poisoning","GRINJ-015",89,208989,42.6,34.2,52.4
,"Lackawanna County, PA","42069","2020","2020","Suicide","2","Firearm","GRINJ-006",18,208989,8.6,5.1,13.6
,"Lancaster County, PA","42071","2020","2020","Unintentional","1","Fall","GRINJ-003",97,546192,17.8,14.4,21.7
,"Lancaster County, PA","42071","2020","2020","Unintentional","1","Motor Vehicle Traffic","GRINJ-008",48,546192,8.8,6.5,11.7
,"Lancaster County, PA","42071","2020","2020","Unintentional","1","Poisoning","GRINJ-015",150,546192,27.5,23.1,31.9
,"Lancaster County, PA","42071","2020","2020","Unintentional","1","Suffocation","GRINJ-017",12,546192,2.2,1.1,3.8
,"Lancaster County, PA","42071","2020","2020","Unintentional","1","Unspecified Injury","GRINJ-020",10,546192,1.8,0.9,3.4
,"Lancaster County, PA","42071","2020","2020","Suicide","2","Firearm","GRINJ-006",37,546192,6.8,4.8,9.3
,"Lancaster County, PA","42071","2020","2020","Suicide","2","Suffocation","GRINJ-017",14,546192,2.6,1.4,4.3
,"Lawrence County, PA","42073","2020","2020","Unintentional","1","Fall","GRINJ-003",17,85083,20.0,11.6,32.0
,"Lawrence County, PA","42073","2020","2020","Unintentional","1","Poisoning","GRINJ-015",43,85083,50.5,36.6,68.1
,"Lebanon County, PA","42075","2020","2020","Unintentional","1","Fall","GRINJ-003",15,141663,10.6,5.9,17.5
,"Lebanon County, PA","42075","2020","2020","Unintentional","1","Motor Vehicle Traffic","GRINJ-008",17,141663,12.0,7.0,19.2
,"Lebanon County, PA","42075","2020","2020","Unintentional","1","Poisoning","GRINJ-015",42,141663,29.6,21.4,40.1
,"Lebanon County, PA","42075","2020","2020","Suicide","2","Firearm","GRINJ-006",14,141663,9.9,5.4,16.6
,"Lehigh County, PA","42077","2020","2020","Unintentional","1","Fall","GRINJ-003",109,370802,29.4,23.9,34.9
,"Lehigh County, PA","42077","2020","2020","Unintentional","1","Motor Vehicle Traffic","GRINJ-008",42,370802,11.3,8.2,15.3
,"Lehigh County, PA","42077","2020","2020","Unintentional","1","Poisoning","GRINJ-015",110,370802,29.7,24.1,35.2
,"Lehigh County, PA","42077","2020","2020","Unintentional","1","Suffocation","GRINJ-017",15,370802,4.0,2.3,6.7
,"Lehigh County, PA","42077","2020","2020","Suicide","2","Firearm","GRINJ-006",24,370802,6.5,4.1,9.6
,"Luzerne County, PA","42079","2020","2020","Unintentional","1","Fall","GRINJ-003",40,316982,12.6,9.0,17.2
,"Luzerne County, PA","42079","2020","2020","Unintentional","1","Motor Vehicle Traffic","GRINJ-008",36,316982,11.4,8.0,15.7
,"Luzerne County, PA","42079","2020","2020","Unintentional","1","Poisoning","GRINJ-015",165,316982,52.1,44.1,60.0
,"Luzerne County, PA","42079","2020","2020","Unintentional","1","Suffocation","GRINJ-017",17,316982,5.4,3.1,8.6
,"Luzerne County, PA","42079","2020","2020","Unintentional","1","Unspecified Injury","GRINJ-020",12,316982,3.8,2.0,6.6
,"Luzerne County, PA","42079","2020","2020","Suicide","2","Firearm","GRINJ-006",31,316982,9.8,6.6,13.9
,"Luzerne County, PA","42079","2020","2020","Suicide","2","Suffocation","GRINJ-017",17,316982,5.4,3.1,8.6
,"Lycoming County, PA","42081","2020","2020","Unintentional","1","Fall","GRINJ-003",21,113209,18.5,11.5,28.4
,"Lycoming County, PA","42081","2020","2020","Unintentional","1","Motor Vehicle Traffic","GRINJ-008",15,113209,13.2,7.4,21.9
,"Lycoming County, PA","42081","2020","2020","Unintentional","1","Poisoning","GRINJ-015",32,113209,28.3,19.3,39.9
,"Mercer County, PA","42085","2020","2020","Unintentional","1","Fall","GRINJ-003",20,108545,18.4,11.3,28.5
,"Mercer County, PA","42085","2020","2020","Unintentional","1","Motor Vehicle Traffic","GRINJ-008",10,108545,9.2,4.4,16.9
,"Mercer County, PA","42085","2020","2020","Unintentional","1","Poisoning","GRINJ-015",46,108545,42.4,31.0,56.5
,"Mercer County, PA","42085","2020","2020","Suicide","2","Firearm","GRINJ-006",16,108545,14.7,8.4,23.9
,"Mifflin County, PA","42087","2020","2020","Unintentional","1","Motor Vehicle Traffic","GRINJ-008",13,46064,28.2,15.0,48.3
,"Monroe County, PA","42089","2020","2020","Unintentional","1","Fall","GRINJ-003",22,170154,12.9,8.1,19.6
,"Monroe County, PA","42089","2020","2020","Unintentional","1","Motor Vehicle Traffic","GRINJ-008",12,170154,7.1,3.6,12.3
,"Monroe County, PA","42089","2020","2020","Unintentional","1","Poisoning","GRINJ-015",96,170154,56.4,45.7,68.9
,"Monroe County, PA","42089","2020","2020","Suicide","2","Firearm","GRINJ-006",12,170154,7.1,3.6,12.3
,"Montgomery County, PA","42091","2020","2020","Unintentional","1","Fall","GRINJ-003",144,833869,17.3,14.4,20.1
,"Montgomery County, PA","42091","2020","2020","Unintentional","1","Motor Vehicle Traffic","GRINJ-008",49,833869,5.9,4.3,7.8
,"Montgomery County, PA","42091","2020","2020","Unintentional","1","Poisoning","GRINJ-015",203,833869,24.3,21.0,27.7
,"Montgomery County, PA","42091","2020","2020","Unintentional","1","Suffocation","GRINJ-017",22,833869,2.6,1.7,4.0
,"Montgomery County, PA","42091","2020","2020","Unintentional","1","Unspecified Injury","GRINJ-020",18,833869,2.2,1.3,3.4
,"Montgomery County, PA","42091","2020","2020","Suicide","2","Firearm","GRINJ-006",49,833869,5.9,4.3,7.8
,"Montgomery County, PA","42091","2020","2020","Suicide","2","Poisoning","GRINJ-015",15,833869,1.8,1.0,3.0
,"Montgomery County, PA","42091","2020","2020","Suicide","2","Suffocation","GRINJ-017",33,833869,4.0,2.7,5.6
,"Montgomery County, PA","42091","2020","2020","Homicide","3","Firearm","GRINJ-006",14,833869,1.7,0.9,2.8
,"Montgomery County, PA","42091","2020","2020","Undetermined ","4","Poisoning","GRINJ-015",13,833869,1.6,0.8,2.7
,"Montour County, PA","42093","2020","2020","Unintentional","1","Fall","GRINJ-003",11,18042,61.0,30.4,109.1
,"Northampton County, PA","42095","2020","2020","Unintentional","1","Fall","GRINJ-003",50,305892,16.3,12.1,21.5
,"Northampton County, PA","42095","2020","2020","Unintentional","1","Motor Vehicle Traffic","GRINJ-008",23,305892,7.5,4.8,11.3
,"Northampton County, PA","42095","2020","2020","Unintentional","1","Poisoning","GRINJ-015",103,305892,33.7,27.2,40.2
,"Northampton County, PA","42095","2020","2020","Unintentional","1","Suffocation","GRINJ-017",13,305892,4.2,2.3,7.3
,"Northampton County, PA","42095","2020","2020","Suicide","2","Firearm","GRINJ-006",13,305892,4.2,2.3,7.3
,"Northampton County, PA","42095","2020","2020","Suicide","2","Poisoning","GRINJ-015",10,305892,3.3,1.6,6.0
,"Northampton County, PA","42095","2020","2020","Suicide","2","Suffocation","GRINJ-017",14,305892,4.6,2.5,7.7
,"Northumberland County, PA","42097","2020","2020","Unintentional","1","Fall","GRINJ-003",24,90258,26.6,17.0,39.6
,"Northumberland County, PA","42097","2020","2020","Unintentional","1","Motor Vehicle Traffic","GRINJ-008",16,90258,17.7,10.1,28.8
,"Northumberland County, PA","42097","2020","2020","Unintentional","1","Poisoning","GRINJ-015",37,90258,41.0,28.9,56.5
,"Perry County, PA","42099","2020","2020","Unintentional","1","Poisoning","GRINJ-015",16,46212,34.6,19.8,56.2
,"Philadelphia County, PA","42101","2020","2020","Unintentional","1","Drowning","GRINJ-002",14,1578487,0.9,0.5,1.5
,"Philadelphia County, PA","42101","2020","2020","Unintentional","1","Fall","GRINJ-003",149,1578487,9.4,7.9,11.0
,"Philadelphia County, PA","42101","2020","2020","Unintentional","1","Fire/Flame","GRINJ-004",25,1578487,1.6,1.0,2.3
,"Philadelphia County, PA","42101","2020","2020","Unintentional","1","Motor Vehicle Traffic","GRINJ-008",169,1578487,10.7,9.1,12.3
,"Philadelphia County, PA","42101","2020","2020","Unintentional","1","Poisoning","GRINJ-015",1095,1578487,69.4,65.3,73.5
,"Philadelphia County, PA","42101","2020","2020","Unintentional","1","Suffocation","GRINJ-017",43,1578487,2.7,2.0,3.7
,"Philadelphia County, PA","42101","2020","2020","Unintentional","1","Unspecified Injury","GRINJ-020",29,1578487,1.8,1.2,2.6
,"Philadelphia County, PA","42101","2020","2020","Suicide","2","Firearm","GRINJ-006",75,1578487,4.8,3.7,6.0
,"Philadelphia County, PA","42101","2020","2020","Suicide","2","Poisoning","GRINJ-015",22,1578487,1.4,0.9,2.1
,"Philadelphia County, PA","42101","2020","2020","Suicide","2","Suffocation","GRINJ-017",56,1578487,3.5,2.7,4.6
,"Philadelphia County, PA","42101","2020","2020","Homicide","3","Cut/Pierce","GRINJ-001",23,1578487,1.5,0.9,2.2
,"Philadelphia County, PA","42101","2020","2020","Homicide","3","Firearm","GRINJ-006",453,1578487,28.7,26.1,31.3
,"Philadelphia County, PA","42101","2020","2020","Homicide","3","Unspecified Injury","GRINJ-020",10,1578487,0.6,0.3,1.2
,"Pike County, PA","42103","2020","2020","Unintentional","1","Poisoning","GRINJ-015",24,56072,42.8,27.4,63.7
,"Schuylkill County, PA","42107","2020","2020","Unintentional","1","Fall","GRINJ-003",22,140709,15.6,9.8,23.7
,"Schuylkill County, PA","42107","2020","2020","Unintentional","1","Motor Vehicle Traffic","GRINJ-008",21,140709,14.9,9.2,22.8
,"Schuylkill County, PA","42107","2020","2020","Unintentional","1","Poisoning","GRINJ-015",31,140709,22.0,15.0,31.3
,"Schuylkill County, PA","42107","2020","2020","Suicide","2","Firearm","GRINJ-006",10,140709,7.1,3.4,13.1
,"Schuylkill County, PA","42107","2020","2020","Homicide","3","Poisoning","GRINJ-015",36,140709,25.6,17.9,35.4
,"Somerset County, PA","42111","2020","2020","Unintentional","1","Fall","GRINJ-003",17,72916,23.3,13.6,37.3
,"Somerset County, PA","42111","2020","2020","Unintentional","1","Poisoning","GRINJ-015",17,72916,23.3,13.6,37.3
,"Tioga County, PA","42117","2020","2020","Unintentional","1","Poisoning","GRINJ-015",12,40381,29.7,15.4,51.9
,"Venango County, PA","42121","2020","2020","Unintentional","1","Fall","GRINJ-003",12,50328,23.8,12.3,41.6
,"Venango County, PA","42121","2020","2020","Unintentional","1","Poisoning","GRINJ-015",18,50328,35.8,21.2,56.5
,"Venango County, PA","42121","2020","2020","Suicide","2","Firearm","GRINJ-006",10,50328,19.9,9.5,36.5
,"Warren County, PA","42123","2020","2020","Unintentional","1","Fall","GRINJ-003",10,38911,25.7,12.3,47.3
,"Washington County, PA","42125","2020","2020","Unintentional","1","Fall","GRINJ-003",44,206803,21.3,15.5,28.6
,"Washington County, PA","42125","2020","2020","Unintentional","1","Motor Vehicle Traffic","GRINJ-008",32,206803,15.5,10.6,21.8
,"Washington County, PA","42125","2020","2020","Unintentional","1","Poisoning","GRINJ-015",101,206803,48.8,39.3,58.4
,"Washington County, PA","42125","2020","2020","Suicide","2","Firearm","GRINJ-006",21,206803,10.2,6.3,15.5
,"Wayne County, PA","42127","2020","2020","Unintentional","1","Poisoning","GRINJ-015",13,51163,25.4,13.5,43.5
,"Wayne County, PA","42127","2020","2020","Suicide","2","Firearm","GRINJ-006",10,51163,19.5,9.4,35.9
,"Westmoreland County, PA","42129","2020","2020","Unintentional","1","Fall","GRINJ-003",104,347087,30.0,24.2,35.7
,"Westmoreland County, PA","42129","2020","2020","Unintentional","1","Motor Vehicle Traffic","GRINJ-008",31,347087,8.9,6.1,12.7
,"Westmoreland County, PA","42129","2020","2020","Unintentional","1","Poisoning","GRINJ-015",130,347087,37.5,31.0,43.9
,"Westmoreland County, PA","42129","2020","2020","Unintentional","1","Suffocation","GRINJ-017",13,347087,3.7,2.0,6.4
,"Westmoreland County, PA","42129","2020","2020","Unintentional","1","Unspecified Injury","GRINJ-020",13,347087,3.7,2.0,6.4
,"Westmoreland County, PA","42129","2020","2020","Suicide","2","Firearm","GRINJ-006",32,347087,9.2,6.3,13.0
,"Westmoreland County, PA","42129","2020","2020","Suicide","2","Suffocation","GRINJ-017",15,347087,4.3,2.4,7.1
,"York County, PA","42133","2020","2020","Unintentional","1","Fall","GRINJ-003",130,450448,28.9,23.9,33.8
,"York County, PA","42133","2020","2020","Unintentional","1","Motor Vehicle Traffic","GRINJ-008",34,450448,7.5,5.2,10.5
,"York County, PA","42133","2020","2020","Unintentional","1","Poisoning","GRINJ-015",203,450448,45.1,38.9,51.3
,"York County, PA","42133","2020","2020","Unintentional","1","Suffocation","GRINJ-017",14,450448,3.1,1.7,5.2
,"York County, PA","42133","2020","2020","Suicide","2","Firearm","GRINJ-006",37,450448,8.2,5.8,11.3
,"York County, PA","42133","2020","2020","Suicide","2","Suffocation","GRINJ-017",16,450448,3.6,2.0,5.8
,"York County, PA","42133","2020","2020","Homicide","3","Firearm","GRINJ-006",16,450448,3.6,2.0,5.8
,"Bristol County, RI","44001","2020","2020","Unintentional","1","Fall","GRINJ-003",15,48350,31.0,17.4,51.2
,"Kent County, RI","44003","2020","2020","Unintentional","1","Fall","GRINJ-003",44,164646,26.7,19.4,35.9
,"Kent County, RI","44003","2020","2020","Unintentional","1","Motor Vehicle Traffic","GRINJ-008",12,164646,7.3,3.8,12.7
,"Kent County, RI","44003","2020","2020","Unintentional","1","Poisoning","GRINJ-015",66,164646,40.1,31.0,51.0
,"Newport County, RI","44005","2020","2020","Unintentional","1","Fall","GRINJ-003",18,81836,22.0,13.0,34.8
,"Newport County, RI","44005","2020","2020","Unintentional","1","Poisoning","GRINJ-015",30,81836,36.7,24.7,52.3
,"Providence County, RI","44007","2020","2020","Unintentional","1","Fall","GRINJ-003",109,636547,17.1,13.9,20.3
,"Providence County, RI","44007","2020","2020","Unintentional","1","Motor Vehicle Traffic","GRINJ-008",42,636547,6.6,4.8,8.9
,"Providence County, RI","44007","2020","2020","Unintentional","1","Poisoning","GRINJ-015",259,636547,40.7,35.7,45.6
,"Providence County, RI","44007","2020","2020","Unintentional","1","Suffocation","GRINJ-017",10,636547,1.6,0.8,2.9
,"Providence County, RI","44007","2020","2020","Unintentional","1","Unspecified Injury","GRINJ-020",15,636547,2.4,1.3,3.9
,"Providence County, RI","44007","2020","2020","Suicide","2","Firearm","GRINJ-006",17,636547,2.7,1.6,4.3
,"Providence County, RI","44007","2020","2020","Suicide","2","Poisoning","GRINJ-015",11,636547,1.7,0.9,3.1
,"Providence County, RI","44007","2020","2020","Suicide","2","Suffocation","GRINJ-017",19,636547,3.0,1.8,4.7
,"Providence County, RI","44007","2020","2020","Homicide","3","Firearm","GRINJ-006",21,636547,3.3,2.0,5.0
,"Washington County, RI","44009","2020","2020","Unintentional","1","Fall","GRINJ-003",47,125746,37.4,27.5,49.7
,"Washington County, RI","44009","2020","2020","Unintentional","1","Motor Vehicle Traffic","GRINJ-008",10,125746,8.0,3.8,14.6
,"Washington County, RI","44009","2020","2020","Unintentional","1","Poisoning","GRINJ-015",32,125746,25.4,17.4,35.9
,"Aiken County, SC","45003","2020","2020","Unintentional","1","Fall","GRINJ-003",24,172895,13.9,8.9,20.7
,"Aiken County, SC","45003","2020","2020","Unintentional","1","Motor Vehicle Traffic","GRINJ-008",33,172895,19.1,13.1,26.8
,"Aiken County, SC","45003","2020","2020","Unintentional","1","Poisoning","GRINJ-015",73,172895,42.2,33.1,53.1
,"Aiken County, SC","45003","2020","2020","Suicide","2","Firearm","GRINJ-006",24,172895,13.9,8.9,20.7
,"Aiken County, SC","45003","2020","2020","Suicide","2","Suffocation","GRINJ-017",11,172895,6.4,3.2,11.4
,"Aiken County, SC","45003","2020","2020","Homicide","3","Firearm","GRINJ-006",23,172895,13.3,8.4,20.0
,"Anderson County, SC","45007","2020","2020","Unintentional","1","Fall","GRINJ-003",20,204353,9.8,6.0,15.1
,"Anderson County, SC","45007","2020","2020","Unintentional","1","Motor Vehicle Traffic","GRINJ-008",52,204353,25.4,19.0,33.4
,"Anderson County, SC","45007","2020","2020","Unintentional","1","Poisoning","GRINJ-015",69,204353,33.8,26.3,42.7
,"Anderson County, SC","45007","2020","2020","Unintentional","1","Unspecified Injury","GRINJ-020",11,204353,5.4,2.7,9.6
,"Anderson County, SC","45007","2020","2020","Suicide","2","Firearm","GRINJ-006",43,204353,21.0,15.2,28.3
,"Anderson County, SC","45007","2020","2020","Suicide","2","Suffocation","GRINJ-017",10,204353,4.9,2.3,9.0
,"Anderson County, SC","45007","2020","2020","Homicide","3","Firearm","GRINJ-006",20,204353,9.8,6.0,15.1
,"Barnwell County, SC","45011","2020","2020","Homicide","3","Firearm","GRINJ-006",11,20805,52.9,26.4,94.6
,"Beaufort County, SC","45013","2020","2020","Unintentional","1","Fall","GRINJ-003",21,195656,10.7,6.6,16.4
,"Beaufort County, SC","45013","2020","2020","Unintentional","1","Motor Vehicle Traffic","GRINJ-008",20,195656,10.2,6.2,15.8
,"Beaufort County, SC","45013","2020","2020","Unintentional","1","Poisoning","GRINJ-015",37,195656,18.9,13.3,26.1
,"Beaufort County, SC","45013","2020","2020","Suicide","2","Firearm","GRINJ-006",16,195656,8.2,4.7,13.3
,"Beaufort County, SC","45013","2020","2020","Homicide","3","Firearm","GRINJ-006",11,195656,5.6,2.8,10.1
,"Berkeley County, SC","45015","2020","2020","Unintentional","1","Fall","GRINJ-003",18,235987,7.6,4.5,12.1
,"Berkeley County, SC","45015","2020","2020","Unintentional","1","Motor Vehicle Traffic","GRINJ-008",51,235987,21.6,16.1,28.4
,"Berkeley County, SC","45015","2020","2020","Unintentional","1","Poisoning","GRINJ-015",58,235987,24.6,18.7,31.8
,"Berkeley County, SC","45015","2020","2020","Suicide","2","Firearm","GRINJ-006",24,235987,10.2,6.5,15.1
,"Berkeley County, SC","45015","2020","2020","Homicide","3","Firearm","GRINJ-006",23,235987,9.7,6.2,14.6
,"Charleston County, SC","45019","2020","2020","Unintentional","1","Fall","GRINJ-003",38,417981,9.1,6.4,12.5
,"Charleston County, SC","45019","2020","2020","Unintentional","1","Motor Vehicle Traffic","GRINJ-008",69,417981,16.5,12.8,20.9
,"Charleston County, SC","45019","2020","2020","Unintentional","1","Poisoning","GRINJ-015",161,417981,38.5,32.6,44.5
,"Charleston County, SC","45019","2020","2020","Unintentional","1","Suffocation","GRINJ-017",13,417981,3.1,1.7,5.3
,"Charleston County, SC","45019","2020","2020","Unintentional","1","Unspecified Injury","GRINJ-020",14,417981,3.3,1.8,5.6
,"Charleston County, SC","45019","2020","2020","Suicide","2","Firearm","GRINJ-006",30,417981,7.2,4.8,10.2
,"Charleston County, SC","45019","2020","2020","Suicide","2","Poisoning","GRINJ-015",14,417981,3.3,1.8,5.6
,"Charleston County, SC","45019","2020","2020","Suicide","2","Suffocation","GRINJ-017",16,417981,3.8,2.2,6.2
,"Charleston County, SC","45019","2020","2020","Homicide","3","Firearm","GRINJ-006",54,417981,12.9,9.7,16.9
,"Cherokee County, SC","45021","2020","2020","Unintentional","1","Motor Vehicle Traffic","GRINJ-008",12,57316,20.9,10.8,36.6
,"Cherokee County, SC","45021","2020","2020","Unintentional","1","Poisoning","GRINJ-015",10,57316,17.4,8.4,32.1
,"Chester County, SC","45023","2020","2020","Unintentional","1","Motor Vehicle Traffic","GRINJ-008",16,32232,49.6,28.4,80.6
,"Chester County, SC","45023","2020","2020","Unintentional","1","Poisoning","GRINJ-015",14,32232,43.4,23.7,72.9
,"Chesterfield County, SC","45025","2020","2020","Unintentional","1","Motor Vehicle Traffic","GRINJ-008",13,45606,28.5,15.2,48.7
,"Clarendon County, SC","45027","2020","2020","Unintentional","1","Motor Vehicle Traffic","GRINJ-008",10,33415,29.9,14.4,55.0
,"Colleton County, SC","45029","2020","2020","Unintentional","1","Motor Vehicle Traffic","GRINJ-008",31,37481,82.7,56.2,117.4
,"Colleton County, SC","45029","2020","2020","Unintentional","1","Poisoning","GRINJ-015",10,37481,26.7,12.8,49.1
,"Darlington County, SC","45031","2020","2020","Unintentional","1","Motor Vehicle Traffic","GRINJ-008",16,66509,24.1,13.8,39.1
,"Darlington County, SC","45031","2020","2020","Unintentional","1","Poisoning","GRINJ-015",11,66509,16.5,8.3,29.6
,"Darlington County, SC","45031","2020","2020","Homicide","3","Firearm","GRINJ-006",16,66509,24.1,13.8,39.1
,"Dillon County, SC","45033","2020","2020","Unintentional","1","Motor Vehicle Traffic","GRINJ-008",12,30367,39.5,20.4,69.0
,"Dillon County, SC","45033","2020","2020","Unintentional","1","Poisoning","GRINJ-015",19,30367,62.6,37.7,97.7
,"Dillon County, SC","45033","2020","2020","Homicide","3","Firearm","GRINJ-006",22,30367,72.4,45.4,109.7
,"Dorchester County, SC","45035","2020","2020","Unintentional","1","Fall","GRINJ-003",14,165737,8.4,4.6,14.2
,"Dorchester County, SC","45035","2020","2020","Unintentional","1","Motor Vehicle Traffic","GRINJ-008",30,165737,18.1,12.2,25.8
,"Dorchester County, SC","45035","2020","2020","Unintentional","1","Poisoning","GRINJ-015",48,165737,29.0,21.4,38.4
,"Dorchester County, SC","45035","2020","2020","Suicide","2","Firearm","GRINJ-006",16,165737,9.7,5.5,15.7
,"Dorchester County, SC","45035","2020","2020","Suicide","2","Suffocation","GRINJ-017",13,165737,7.8,4.2,13.4
,"Dorchester County, SC","45035","2020","2020","Homicide","3","Firearm","GRINJ-006",15,165737,9.1,5.1,14.9
,"Fairfield County, SC","45039","2020","2020","Unintentional","1","Motor Vehicle Traffic","GRINJ-008",12,22059,54.4,28.1,95.0
,"Florence County, SC","45041","2020","2020","Unintentional","1","Fall","GRINJ-003",10,137588,7.3,3.5,13.4
,"Florence County, SC","45041","2020","2020","Unintentional","1","Motor Vehicle Traffic","GRINJ-008",31,137588,22.5,15.3,32.0
,"Florence County, SC","45041","2020","2020","Unintentional","1","Poisoning","GRINJ-015",43,137588,31.3,22.6,42.1
,"Florence County, SC","45041","2020","2020","Suicide","2","Firearm","GRINJ-006",12,137588,8.7,4.5,15.2
,"Florence County, SC","45041","2020","2020","Homicide","3","Firearm","GRINJ-006",21,137588,15.3,9.4,23.3
,"Georgetown County, SC","45043","2020","2020","Unintentional","1","Poisoning","GRINJ-015",32,63353,50.5,34.5,71.3
,"Greenville County, SC","45045","2020","2020","Unintentional","1","Fall","GRINJ-003",89,532486,16.7,13.4,20.6
,"Greenville County, SC","45045","2020","2020","Unintentional","1","Motor Vehicle Traffic","GRINJ-008",83,532486,15.6,12.4,19.3
,"Greenville County, SC","45045","2020","2020","Unintentional","1","Poisoning","GRINJ-015",182,532486,34.2,29.2,39.1
,"Greenville County, SC","45045","2020","2020","Unintentional","1","Suffocation","GRINJ-017",16,532486,3.0,1.7,4.9
,"Greenville County, SC","45045","2020","2020","Unintentional","1","Unspecified Injury","GRINJ-020",11,532486,2.1,1.0,3.7
,"Greenville County, SC","45045","2020","2020","Suicide","2","Firearm","GRINJ-006",53,532486,10.0,7.5,13.0
,"Greenville County, SC","45045","2020","2020","Suicide","2","Poisoning","GRINJ-015",10,532486,1.9,0.9,3.5
,"Greenville County, SC","45045","2020","2020","Suicide","2","Suffocation","GRINJ-017",19,532486,3.6,2.1,5.6
,"Greenville County, SC","45045","2020","2020","Homicide","3","Firearm","GRINJ-006",40,532486,7.5,5.4,10.2
,"Greenwood County, SC","45047","2020","2020","Unintentional","1","Fall","GRINJ-003",10,71074,14.1,6.7,25.9
,"Greenwood County, SC","45047","2020","2020","Unintentional","1","Motor Vehicle Traffic","GRINJ-008",25,71074,35.2,22.8,51.9
,"Greenwood County, SC","45047","2020","2020","Unintentional","1","Poisoning","GRINJ-015",26,71074,36.6,23.9,53.6
,"Hampton County, SC","45049","2020","2020","Unintentional","1","Motor Vehicle Traffic","GRINJ-008",12,18053,66.5,34.3,116.1
,"Horry County, SC","45051","2020","2020","Unintentional","1","Fall","GRINJ-003",31,365449,8.5,5.8,12.0
,"Horry County, SC","45051","2020","2020","Unintentional","1","Motor Vehicle Traffic","GRINJ-008",64,365449,17.5,13.5,22.4
,"Horry County, SC","45051","2020","2020","Unintentional","1","Poisoning","GRINJ-015",185,365449,50.6,43.3,57.9
,"Horry County, SC","45051","2020","2020","Unintentional","1","Suffocation","GRINJ-017",10,365449,2.7,1.3,5.0
,"Horry County, SC","45051","2020","2020","Unintentional","1","Unspecified Injury","GRINJ-020",18,365449,4.9,2.9,7.8
,"Horry County, SC","45051","2020","2020","Suicide","2","Firearm","GRINJ-006",42,365449,11.5,8.3,15.5
,"Horry County, SC","45051","2020","2020","Suicide","2","Suffocation","GRINJ-017",15,365449,4.1,2.3,6.8
,"Horry County, SC","45051","2020","2020","Homicide","3","Firearm","GRINJ-006",31,365449,8.5,5.8,12.0
,"Jasper County, SC","45053","2020","2020","Unintentional","1","Poisoning","GRINJ-015",17,31588,53.8,31.4,86.2
,"Kershaw County, SC","45055","2020","2020","Unintentional","1","Fall","GRINJ-003",11,67472,16.3,8.1,29.2
,"Kershaw County, SC","45055","2020","2020","Unintentional","1","Motor Vehicle Traffic","GRINJ-008",17,67472,25.2,14.7,40.3
,"Kershaw County, SC","45055","2020","2020","Unintentional","1","Poisoning","GRINJ-015",27,67472,40.0,26.4,58.2
,"Lancaster County, SC","45057","2020","2020","Unintentional","1","Fall","GRINJ-003",12,100926,11.9,6.1,20.8
,"Lancaster County, SC","45057","2020","2020","Unintentional","1","Motor Vehicle Traffic","GRINJ-008",25,100926,24.8,16.0,36.6
,"Lancaster County, SC","45057","2020","2020","Unintentional","1","Poisoning","GRINJ-015",55,100926,54.5,41.1,70.9
,"Lancaster County, SC","45057","2020","2020","Suicide","2","Firearm","GRINJ-006",11,100926,10.9,5.4,19.5
,"Laurens County, SC","45059","2020","2020","Unintentional","1","Fall","GRINJ-003",11,67883,16.2,8.1,29.0
,"Laurens County, SC","45059","2020","2020","Unintentional","1","Motor Vehicle Traffic","GRINJ-008",23,67883,33.9,21.5,50.8
,"Laurens County, SC","45059","2020","2020","Unintentional","1","Poisoning","GRINJ-015",37,67883,54.5,38.4,75.1
,"Lexington County, SC","45063","2020","2020","Unintentional","1","Fall","GRINJ-003",50,303946,16.5,12.2,21.7
,"Lexington County, SC","45063","2020","2020","Unintentional","1","Motor Vehicle Traffic","GRINJ-008",47,303946,15.5,11.4,20.6
,"Lexington County, SC","45063","2020","2020","Unintentional","1","Poisoning","GRINJ-015",98,303946,32.2,26.2,39.3
,"Lexington County, SC","45063","2020","2020","Unintentional","1","Suffocation","GRINJ-017",10,303946,3.3,1.6,6.1
,"Lexington County, SC","45063","2020","2020","Unintentional","1","Unspecified Injury","GRINJ-020",12,303946,3.9,2.0,6.9
,"Lexington County, SC","45063","2020","2020","Suicide","2","Firearm","GRINJ-006",48,303946,15.8,11.6,20.9
,"Lexington County, SC","45063","2020","2020","Homicide","3","Firearm","GRINJ-006",11,303946,3.6,1.8,6.5
,"Marlboro County, SC","45069","2020","2020","Unintentional","1","Motor Vehicle Traffic","GRINJ-008",16,25581,62.5,35.8,101.6
,"Newberry County, SC","45071","2020","2020","Unintentional","1","Poisoning","GRINJ-015",11,38445,28.6,14.3,51.2
,"Oconee County, SC","45073","2020","2020","Unintentional","1","Fall","GRINJ-003",18,80015,22.5,13.3,35.6
,"Oconee County, SC","45073","2020","2020","Unintentional","1","Motor Vehicle Traffic","GRINJ-008",16,80015,20.0,11.4,32.5
,"Oconee County, SC","45073","2020","2020","Suicide","2","Firearm","GRINJ-006",10,80015,12.5,6.0,23.0
,"Orangeburg County, SC","45075","2020","2020","Unintentional","1","Fall","GRINJ-003",12,85343,14.1,7.3,24.6
,"Orangeburg County, SC","45075","2020","2020","Unintentional","1","Motor Vehicle Traffic","GRINJ-008",30,85343,35.2,23.7,50.2
,"Orangeburg County, SC","45075","2020","2020","Unintentional","1","Poisoning","GRINJ-015",22,85343,25.8,16.2,39.0
,"Orangeburg County, SC","45075","2020","2020","Homicide","3","Firearm","GRINJ-006",16,85343,18.7,10.7,30.4
,"Pickens County, SC","45077","2020","2020","Unintentional","1","Fall","GRINJ-003",42,127983,32.8,23.7,44.4
,"Pickens County, SC","45077","2020","2020","Unintentional","1","Motor Vehicle Traffic","GRINJ-008",22,127983,17.2,10.8,26.0
,"Pickens County, SC","45077","2020","2020","Unintentional","1","Poisoning","GRINJ-015",50,127983,39.1,29.0,51.5
,"Pickens County, SC","45077","2020","2020","Suicide","2","Firearm","GRINJ-006",10,127983,7.8,3.7,14.4
,"Richland County, SC","45079","2020","2020","Unintentional","1","Fall","GRINJ-003",38,419051,9.1,6.4,12.4
,"Richland County, SC","45079","2020","2020","Unintentional","1","Motor Vehicle Traffic","GRINJ-008",69,419051,16.5,12.8,20.8
,"Richland County, SC","45079","2020","2020","Unintentional","1","Poisoning","GRINJ-015",100,419051,23.9,19.2,28.5
,"Richland County, SC","45079","2020","2020","Unintentional","1","Suffocation","GRINJ-017",12,419051,2.9,1.5,5.0
,"Richland County, SC","45079","2020","2020","Unintentional","1","Unspecified Injury","GRINJ-020",13,419051,3.1,1.7,5.3
,"Richland County, SC","45079","2020","2020","Suicide","2","Firearm","GRINJ-006",23,419051,5.5,3.5,8.2
,"Richland County, SC","45079","2020","2020","Suicide","2","Suffocation","GRINJ-017",15,419051,3.6,2.0,5.9
,"Richland County, SC","45079","2020","2020","Homicide","3","Firearm","GRINJ-006",43,419051,10.3,7.4,13.8
,"Spartanburg County, SC","45083","2020","2020","Unintentional","1","Fall","GRINJ-003",37,326205,11.3,8.0,15.6
,"Spartanburg County, SC","45083","2020","2020","Unintentional","1","Motor Vehicle Traffic","GRINJ-008",60,326205,18.4,14.0,23.7
,"Spartanburg County, SC","45083","2020","2020","Unintentional","1","Poisoning","GRINJ-015",106,326205,32.5,26.3,38.7
,"Spartanburg County, SC","45083","2020","2020","Unintentional","1","Suffocation","GRINJ-017",16,326205,4.9,2.8,8.0
,"Spartanburg County, SC","45083","2020","2020","Unintentional","1","Unspecified Injury","GRINJ-020",11,326205,3.4,1.7,6.0
,"Spartanburg County, SC","45083","2020","2020","Suicide","2","Firearm","GRINJ-006",46,326205,14.1,10.3,18.8
,"Spartanburg County, SC","45083","2020","2020","Homicide","3","Firearm","GRINJ-006",21,326205,6.4,4.0,9.8
,"Sumter County, SC","45085","2020","2020","Unintentional","1","Motor Vehicle Traffic","GRINJ-008",26,106360,24.4,16.0,35.8
,"Sumter County, SC","45085","2020","2020","Unintentional","1","Poisoning","GRINJ-015",33,106360,31.0,21.4,43.6
,"Sumter County, SC","45085","2020","2020","Suicide","2","Firearm","GRINJ-006",10,106360,9.4,4.5,17.3
,"Sumter County, SC","45085","2020","2020","Homicide","3","Firearm","GRINJ-006",16,106360,15.0,8.6,24.4
,"Union County, SC","45087","2020","2020","Unintentional","1","Poisoning","GRINJ-015",10,26991,37.0,17.8,68.1
,"Williamsburg County, SC","45089","2020","2020","Unintentional","1","Motor Vehicle Traffic","GRINJ-008",12,29825,40.2,20.8,70.3
,"Williamsburg County, SC","45089","2020","2020","Unintentional","1","Poisoning","GRINJ-015",10,29825,33.5,16.1,61.7
,"York County, SC","45091","2020","2020","Unintentional","1","Fall","GRINJ-003",94,289105,32.5,26.3,39.8
,"York County, SC","45091","2020","2020","Unintentional","1","Motor Vehicle Traffic","GRINJ-008",47,289105,16.3,11.9,21.6
,"York County, SC","45091","2020","2020","Unintentional","1","Poisoning","GRINJ-015",87,289105,30.1,24.1,37.1
,"York County, SC","45091","2020","2020","Suicide","2","Firearm","GRINJ-006",33,289105,11.4,7.9,16.0
,"York County, SC","45091","2020","2020","Suicide","2","Suffocation","GRINJ-017",10,289105,3.5,1.7,6.4
,"York County, SC","45091","2020","2020","Homicide","3","Firearm","GRINJ-006",13,289105,4.5,2.4,7.7
,"Brown County, SD","46013","2020","2020","Unintentional","1","Fall","GRINJ-003",12,38738,31.0,16.0,54.1
,"Minnehaha County, SD","46099","2020","2020","Unintentional","1","Fall","GRINJ-003",53,196659,27.0,20.2,35.3
,"Minnehaha County, SD","46099","2020","2020","Unintentional","1","Motor Vehicle Traffic","GRINJ-008",31,196659,15.8,10.7,22.4
,"Minnehaha County, SD","46099","2020","2020","Unintentional","1","Poisoning","GRINJ-015",32,196659,16.3,11.1,23.0
,"Minnehaha County, SD","46099","2020","2020","Unintentional","1","Suffocation","GRINJ-017",10,196659,5.1,2.4,9.4
,"Minnehaha County, SD","46099","2020","2020","Suicide","2","Firearm","GRINJ-006",14,196659,7.1,3.9,11.9
,"Minnehaha County, SD","46099","2020","2020","Suicide","2","Suffocation","GRINJ-017",13,196659,6.6,3.5,11.3
,"Pennington County, SD","46103","2020","2020","Unintentional","1","Fall","GRINJ-003",28,115926,24.2,16.0,34.9
,"Pennington County, SD","46103","2020","2020","Unintentional","1","Motor Vehicle Traffic","GRINJ-008",10,115926,8.6,4.1,15.9
,"Pennington County, SD","46103","2020","2020","Unintentional","1","Poisoning","GRINJ-015",12,115926,10.4,5.3,18.1
,"Pennington County, SD","46103","2020","2020","Suicide","2","Firearm","GRINJ-006",13,115926,11.2,6.0,19.2
,"Pennington County, SD","46103","2020","2020","Suicide","2","Suffocation","GRINJ-017",21,115926,18.1,11.2,27.7
,"Anderson County, TN","47001","2020","2020","Unintentional","1","Motor Vehicle Traffic","GRINJ-008",10,77558,12.9,6.2,23.7
,"Anderson County, TN","47001","2020","2020","Unintentional","1","Poisoning","GRINJ-015",57,77558,73.5,55.7,95.2
,"Bedford County, TN","47003","2020","2020","Unintentional","1","Motor Vehicle Traffic","GRINJ-008",10,50179,19.9,9.6,36.6
,"Bedford County, TN","47003","2020","2020","Unintentional","1","Poisoning","GRINJ-015",15,50179,29.9,16.7,49.3
,"Blount County, TN","47009","2020","2020","Unintentional","1","Fall","GRINJ-003",19,134751,14.1,8.5,22.0
,"Blount County, TN","47009","2020","2020","Unintentional","1","Motor Vehicle Traffic","GRINJ-008",11,134751,8.2,4.1,14.6
,"Blount County, TN","47009","2020","2020","Unintentional","1","Poisoning","GRINJ-015",62,134751,46.0,35.3,59.0
,"Blount County, TN","47009","2020","2020","Suicide","2","Firearm","GRINJ-006",16,134751,11.9,6.8,19.3
,"Bradley County, TN","47011","2020","2020","Unintentional","1","Fall","GRINJ-003",16,109071,14.7,8.4,23.8
,"Bradley County, TN","47011","2020","2020","Unintentional","1","Poisoning","GRINJ-015",39,109071,35.8,25.4,48.9
,"Bradley County, TN","47011","2020","2020","Suicide","2","Firearm","GRINJ-006",10,109071,9.2,4.4,16.9
,"Campbell County, TN","47013","2020","2020","Unintentional","1","Poisoning","GRINJ-015",18,39837,45.2,26.8,71.4
,"Carter County, TN","47019","2020","2020","Unintentional","1","Fall","GRINJ-003",13,56418,23.0,12.3,39.4
,"Carter County, TN","47019","2020","2020","Unintentional","1","Poisoning","GRINJ-015",13,56418,23.0,12.3,39.4
,"Cheatham County, TN","47021","2020","2020","Unintentional","1","Motor Vehicle Traffic","GRINJ-008",10,41101,24.3,11.7,44.7
,"Cheatham County, TN","47021","2020","2020","Unintentional","1","Poisoning","GRINJ-015",41,41101,99.8,71.6,135.3
,"Claiborne County, TN","47025","2020","2020","Unintentional","1","Poisoning","GRINJ-015",17,32023,53.1,30.9,85.0
,"Cocke County, TN","47029","2020","2020","Unintentional","1","Poisoning","GRINJ-015",10,36225,27.6,13.2,50.8
,"Coffee County, TN","47031","2020","2020","Unintentional","1","Motor Vehicle Traffic","GRINJ-008",10,57632,17.4,8.3,31.9
,"Coffee County, TN","47031","2020","2020","Unintentional","1","Poisoning","GRINJ-015",17,57632,29.5,17.2,47.2
,"Cumberland County, TN","47035","2020","2020","Unintentional","1","Motor Vehicle Traffic","GRINJ-008",16,61603,26.0,14.8,42.2
,"Cumberland County, TN","47035","2020","2020","Unintentional","1","Poisoning","GRINJ-015",15,61603,24.3,13.6,40.2
,"Davidson County, TN","47037","2020","2020","Unintentional","1","Fall","GRINJ-003",101,694176,14.5,11.7,17.4
,"Davidson County, TN","47037","2020","2020","Unintentional","1","Motor Vehicle Traffic","GRINJ-008",115,694176,16.6,13.5,19.6
,"Davidson County, TN","47037","2020","2020","Unintentional","1","Poisoning","GRINJ-015",446,694176,64.2,58.3,70.2
,"Davidson County, TN","47037","2020","2020","Unintentional","1","Suffocation","GRINJ-017",20,694176,2.9,1.8,4.4
,"Davidson County, TN","47037","2020","2020","Suicide","2","Firearm","GRINJ-006",48,694176,6.9,5.1,9.2
,"Davidson County, TN","47037","2020","2020","Suicide","2","Suffocation","GRINJ-017",22,694176,3.2,2.0,4.8
,"Davidson County, TN","47037","2020","2020","Homicide","3","Firearm","GRINJ-006",98,694176,14.1,11.5,17.2
,"DeKalb County, TN","47041","2020","2020","Unintentional","1","Poisoning","GRINJ-015",15,20837,72.0,40.3,118.7
,"Dickson County, TN","47043","2020","2020","Unintentional","1","Motor Vehicle Traffic","GRINJ-008",17,54376,31.3,18.2,50.1
,"Dickson County, TN","47043","2020","2020","Unintentional","1","Poisoning","GRINJ-015",30,54376,55.2,37.2,78.8
,"Dyer County, TN","47045","2020","2020","Unintentional","1","Motor Vehicle Traffic","GRINJ-008",10,36693,27.3,13.1,50.1
,"Fayette County, TN","47047","2020","2020","Unintentional","1","Motor Vehicle Traffic","GRINJ-008",10,41620,24.0,11.5,44.2
,"Franklin County, TN","47051","2020","2020","Unintentional","1","Poisoning","GRINJ-015",10,42485,23.5,11.3,43.3
,"Gibson County, TN","47053","2020","2020","Unintentional","1","Motor Vehicle Traffic","GRINJ-008",14,49159,28.5,15.6,47.8
,"Gibson County, TN","47053","2020","2020","Unintentional","1","Poisoning","GRINJ-015",11,49159,22.4,11.2,40.0
,"Grainger County, TN","47057","2020","2020","Unintentional","1","Motor Vehicle Traffic","GRINJ-008",10,23565,42.4,20.3,78.0
,"Grainger County, TN","47057","2020","2020","Unintentional","1","Poisoning","GRINJ-015",10,23565,42.4,20.3,78.0
,"Greene County, TN","47059","2020","2020","Unintentional","1","Fall","GRINJ-003",15,69571,21.6,12.1,35.6
,"Greene County, TN","47059","2020","2020","Unintentional","1","Motor Vehicle Traffic","GRINJ-008",18,69571,25.9,15.3,40.9
,"Greene County, TN","47059","2020","2020","Unintentional","1","Poisoning","GRINJ-015",15,69571,21.6,12.1,35.6
,"Hamblen County, TN","47063","2020","2020","Unintentional","1","Fall","GRINJ-003",13,65110,20.0,10.6,34.1
,"Hamblen County, TN","47063","2020","2020","Unintentional","1","Motor Vehicle Traffic","GRINJ-008",10,65110,15.4,7.4,28.2
,"Hamblen County, TN","47063","2020","2020","Unintentional","1","Poisoning","GRINJ-015",17,65110,26.1,15.2,41.8
,"Hamilton County, TN","47065","2020","2020","Unintentional","1","Fall","GRINJ-003",53,371662,14.3,10.7,18.7
,"Hamilton County, TN","47065","2020","2020","Unintentional","1","Motor Vehicle Traffic","GRINJ-008",34,371662,9.1,6.3,12.8
,"Hamilton County, TN","47065","2020","2020","Unintentional","1","Poisoning","GRINJ-015",140,371662,37.7,31.4,43.9
,"Hamilton County, TN","47065","2020","2020","Unintentional","1","Suffocation","GRINJ-017",15,371662,4.0,2.3,6.7
,"Hamilton County, TN","47065","2020","2020","Suicide","2","Firearm","GRINJ-006",30,371662,8.1,5.4,11.5
,"Hamilton County, TN","47065","2020","2020","Suicide","2","Suffocation","GRINJ-017",13,371662,3.5,1.9,6.0
,"Hamilton County, TN","47065","2020","2020","Homicide","3","Firearm","GRINJ-006",33,371662,8.9,6.1,12.5
,"Hardeman County, TN","47069","2020","2020","Unintentional","1","Motor Vehicle Traffic","GRINJ-008",13,24836,52.3,27.9,89.5
,"Hardin County, TN","47071","2020","2020","Unintentional","1","Poisoning","GRINJ-015",14,25583,54.7,29.9,91.8
,"Hawkins County, TN","47073","2020","2020","Unintentional","1","Fall","GRINJ-003",13,56775,22.9,12.2,39.2
,"Hawkins County, TN","47073","2020","2020","Unintentional","1","Motor Vehicle Traffic","GRINJ-008",11,56775,19.4,9.7,34.7
,"Hawkins County, TN","47073","2020","2020","Unintentional","1","Poisoning","GRINJ-015",22,56775,38.7,24.3,58.7
,"Henderson County, TN","47077","2020","2020","Unintentional","1","Motor Vehicle Traffic","GRINJ-008",10,28076,35.6,17.1,65.5
,"Henry County, TN","47079","2020","2020","Unintentional","1","Poisoning","GRINJ-015",10,32056,31.2,15.0,57.4
,"Hickman County, TN","47081","2020","2020","Unintentional","1","Poisoning","GRINJ-015",24,25387,94.5,60.6,140.7
,"Jefferson County, TN","47089","2020","2020","Unintentional","1","Poisoning","GRINJ-015",20,55307,36.2,22.1,55.8
,"Knox County, TN","47093","2020","2020","Unintentional","1","Fall","GRINJ-003",79,475609,16.6,13.2,20.7
,"Knox County, TN","47093","2020","2020","Unintentional","1","Motor Vehicle Traffic","GRINJ-008",71,475609,14.9,11.7,18.8
,"Knox County, TN","47093","2020","2020","Unintentional","1","Poisoning","GRINJ-015",341,475609,71.7,64.1,79.3
,"Knox County, TN","47093","2020","2020","Unintentional","1","Suffocation","GRINJ-017",13,475609,2.7,1.5,4.7
,"Knox County, TN","47093","2020","2020","Unintentional","1","Unspecified Injury","GRINJ-020",13,475609,2.7,1.5,4.7
,"Knox County, TN","47093","2020","2020","Suicide","2","Firearm","GRINJ-006",54,475609,11.4,8.5,14.8
,"Knox County, TN","47093","2020","2020","Suicide","2","Poisoning","GRINJ-015",11,475609,2.3,1.2,4.1
,"Knox County, TN","47093","2020","2020","Suicide","2","Suffocation","GRINJ-017",15,475609,3.2,1.8,5.2
,"Knox County, TN","47093","2020","2020","Homicide","3","Firearm","GRINJ-006",27,475609,5.7,3.7,8.3
,"Lawrence County, TN","47099","2020","2020","Unintentional","1","Poisoning","GRINJ-015",13,44432,29.3,15.6,50.0
,"Loudon County, TN","47105","2020","2020","Unintentional","1","Poisoning","GRINJ-015",22,54910,40.1,25.1,60.7
,"McMinn County, TN","47107","2020","2020","Unintentional","1","Motor Vehicle Traffic","GRINJ-008",18,54208,33.2,19.7,52.5
,"McMinn County, TN","47107","2020","2020","Unintentional","1","Poisoning","GRINJ-015",35,54208,64.6,45.0,89.8
,"McNairy County, TN","47109","2020","2020","Unintentional","1","Motor Vehicle Traffic","GRINJ-008",12,25696,46.7,24.1,81.6
,"Macon County, TN","47111","2020","2020","Unintentional","1","Poisoning","GRINJ-015",11,24827,44.3,22.1,79.3
,"Madison County, TN","47113","2020","2020","Unintentional","1","Fall","GRINJ-003",11,98360,11.2,5.6,20.0
,"Madison County, TN","47113","2020","2020","Unintentional","1","Motor Vehicle Traffic","GRINJ-008",14,98360,14.2,7.8,23.9
,"Madison County, TN","47113","2020","2020","Unintentional","1","Poisoning","GRINJ-015",31,98360,31.5,21.4,44.7
,"Madison County, TN","47113","2020","2020","Unintentional","1","Unspecified Injury","GRINJ-020",10,98360,10.2,4.9,18.7
,"Madison County, TN","47113","2020","2020","Homicide","3","Firearm","GRINJ-006",11,98360,11.2,5.6,20.0
,"Marion County, TN","47115","2020","2020","Unintentional","1","Motor Vehicle Traffic","GRINJ-008",11,28924,38.0,19.0,68.0
,"Marshall County, TN","47117","2020","2020","Unintentional","1","Poisoning","GRINJ-015",13,35016,37.1,19.8,63.5
,"Maury County, TN","47119","2020","2020","Unintentional","1","Motor Vehicle Traffic","GRINJ-008",12,99590,12.0,6.2,21.0
,"Maury County, TN","47119","2020","2020","Unintentional","1","Poisoning","GRINJ-015",30,99590,30.1,20.3,43.0
,"Monroe County, TN","47123","2020","2020","Unintentional","1","Motor Vehicle Traffic","GRINJ-008",16,47177,33.9,19.4,55.1
,"Monroe County, TN","47123","2020","2020","Unintentional","1","Poisoning","GRINJ-015",15,47177,31.8,17.8,52.4
,"Montgomery County, TN","47125","2020","2020","Unintentional","1","Fall","GRINJ-003",15,214251,7.0,3.9,11.5
,"Montgomery County, TN","47125","2020","2020","Unintentional","1","Motor Vehicle Traffic","GRINJ-008",27,214251,12.6,8.3,18.3
,"Montgomery County, TN","47125","2020","2020","Unintentional","1","Poisoning","GRINJ-015",90,214251,42.0,33.8,51.6
,"Montgomery County, TN","47125","2020","2020","Suicide","2","Firearm","GRINJ-006",36,214251,16.8,11.8,23.3
,"Montgomery County, TN","47125","2020","2020","Homicide","3","Firearm","GRINJ-006",22,214251,10.3,6.4,15.5
,"Putnam County, TN","47141","2020","2020","Unintentional","1","Motor Vehicle Traffic","GRINJ-008",12,80929,14.8,7.7,25.9
,"Putnam County, TN","47141","2020","2020","Unintentional","1","Natural/Environmental","GRINJ-013",19,80929,23.5,14.1,36.7
,"Putnam County, TN","47141","2020","2020","Unintentional","1","Poisoning","GRINJ-015",37,80929,45.7,32.2,63.0
,"Rhea County, TN","47143","2020","2020","Unintentional","1","Poisoning","GRINJ-015",10,33443,29.9,14.3,55.0
,"Roane County, TN","47145","2020","2020","Unintentional","1","Fall","GRINJ-003",10,53841,18.6,8.9,34.2
,"Roane County, TN","47145","2020","2020","Unintentional","1","Poisoning","GRINJ-015",34,53841,63.1,43.7,88.2
,"Robertson County, TN","47147","2020","2020","Unintentional","1","Fall","GRINJ-003",24,72275,33.2,21.3,49.4
,"Robertson County, TN","47147","2020","2020","Unintentional","1","Motor Vehicle Traffic","GRINJ-008",13,72275,18.0,9.6,30.8
,"Robertson County, TN","47147","2020","2020","Unintentional","1","Poisoning","GRINJ-015",42,72275,58.1,41.9,78.5
,"Robertson County, TN","47147","2020","2020","Suicide","2","Firearm","GRINJ-006",12,72275,16.6,8.6,29.0
,"Rutherford County, TN","47149","2020","2020","Unintentional","1","Fall","GRINJ-003",45,339261,13.3,9.7,17.7
,"Rutherford County, TN","47149","2020","2020","Unintentional","1","Motor Vehicle Traffic","GRINJ-008",36,339261,10.6,7.4,14.7
,"Rutherford County, TN","47149","2020","2020","Unintentional","1","Poisoning","GRINJ-015",127,339261,37.4,30.9,43.9
,"Rutherford County, TN","47149","2020","2020","Suicide","2","Firearm","GRINJ-006",34,339261,10.0,6.9,14.0
,"Rutherford County, TN","47149","2020","2020","Suicide","2","Suffocation","GRINJ-017",11,339261,3.2,1.6,5.8
,"Rutherford County, TN","47149","2020","2020","Homicide","3","Firearm","GRINJ-006",17,339261,5.0,2.9,8.0
,"Sevier County, TN","47155","2020","2020","Unintentional","1","Fall","GRINJ-003",12,99244,12.1,6.2,21.1
,"Sevier County, TN","47155","2020","2020","Unintentional","1","Poisoning","GRINJ-015",51,99244,51.4,38.3,67.6
,"Sevier County, TN","47155","2020","2020","Suicide","2","Firearm","GRINJ-006",22,99244,22.2,13.9,33.6
,"Shelby County, TN","47157","2020","2020","Unintentional","1","Drowning","GRINJ-002",16,936017,1.7,1.0,2.8
,"Shelby County, TN","47157","2020","2020","Unintentional","1","Fall","GRINJ-003",109,936017,11.6,9.5,13.8
,"Shelby County, TN","47157","2020","2020","Unintentional","1","Fire/Flame","GRINJ-004",16,936017,1.7,1.0,2.8
,"Shelby County, TN","47157","2020","2020","Unintentional","1","Motor Vehicle Traffic","GRINJ-008",252,936017,26.9,23.6,30.2
,"Shelby County, TN","47157","2020","2020","Unintentional","1","Natural/Environmental","GRINJ-013",12,936017,1.3,0.7,2.2
,"Shelby County, TN","47157","2020","2020","Unintentional","1","Poisoning","GRINJ-015",436,936017,46.6,42.2,51.0
,"Shelby County, TN","47157","2020","2020","Unintentional","1","Suffocation","GRINJ-017",27,936017,2.9,1.9,4.2
,"Shelby County, TN","47157","2020","2020","Unintentional","1","Unspecified Injury","GRINJ-020",23,936017,2.5,1.6,3.7
,"Shelby County, TN","47157","2020","2020","Suicide","2","Firearm","GRINJ-006",72,936017,7.7,6.0,9.7
,"Shelby County, TN","47157","2020","2020","Suicide","2","Poisoning","GRINJ-015",11,936017,1.2,0.6,2.1
,"Shelby County, TN","47157","2020","2020","Suicide","2","Suffocation","GRINJ-017",14,936017,1.5,0.8,2.5
,"Shelby County, TN","47157","2020","2020","Homicide","3","Cut/Pierce","GRINJ-001",14,936017,1.5,0.8,2.5
,"Shelby County, TN","47157","2020","2020","Homicide","3","Firearm","GRINJ-006",301,936017,32.2,28.5,35.8
,"Shelby County, TN","47157","2020","2020","Undetermined ","4","Poisoning","GRINJ-015",22,936017,2.4,1.5,3.6
,"Smith County, TN","47159","2020","2020","Unintentional","1","Poisoning","GRINJ-015",13,20285,64.1,34.1,109.6
,"Sullivan County, TN","47163","2020","2020","Unintentional","1","Fall","GRINJ-003",44,158755,27.7,20.1,37.2
,"Sullivan County, TN","47163","2020","2020","Unintentional","1","Motor Vehicle Traffic","GRINJ-008",26,158755,16.4,10.7,24.0
,"Sullivan County, TN","47163","2020","2020","Unintentional","1","Poisoning","GRINJ-015",61,158755,38.4,29.4,49.4
,"Sullivan County, TN","47163","2020","2020","Suicide","2","Firearm","GRINJ-006",27,158755,17.0,11.2,24.7
,"Sumner County, TN","47165","2020","2020","Unintentional","1","Fall","GRINJ-003",24,195561,12.3,7.9,18.3
,"Sumner County, TN","47165","2020","2020","Unintentional","1","Motor Vehicle Traffic","GRINJ-008",20,195561,10.2,6.2,15.8
,"Sumner County, TN","47165","2020","2020","Unintentional","1","Poisoning","GRINJ-015",67,195561,34.3,26.6,43.5
,"Sumner County, TN","47165","2020","2020","Unintentional","1","Unspecified Injury","GRINJ-020",11,195561,5.6,2.8,10.1
,"Sumner County, TN","47165","2020","2020","Suicide","2","Firearm","GRINJ-006",18,195561,9.2,5.5,14.5
,"Sumner County, TN","47165","2020","2020","Suicide","2","Suffocation","GRINJ-017",10,195561,5.1,2.5,9.4
,"Tipton County, TN","47167","2020","2020","Unintentional","1","Motor Vehicle Traffic","GRINJ-008",13,61918,21.0,11.2,35.9
,"Tipton County, TN","47167","2020","2020","Unintentional","1","Poisoning","GRINJ-015",21,61918,33.9,21.0,51.8
,"Union County, TN","47173","2020","2020","Unintentional","1","Poisoning","GRINJ-015",13,20187,64.4,34.3,110.1
,"Warren County, TN","47177","2020","2020","Unintentional","1","Poisoning","GRINJ-015",11,41605,26.4,13.2,47.3
,"Washington County, TN","47179","2020","2020","Unintentional","1","Fall","GRINJ-003",31,130367,23.8,16.2,33.8
,"Washington County, TN","47179","2020","2020","Unintentional","1","Motor Vehicle Traffic","GRINJ-008",12,130367,9.2,4.8,16.1
,"Washington County, TN","47179","2020","2020","Unintentional","1","Poisoning","GRINJ-015",43,130367,33.0,23.9,44.4
,"Washington County, TN","47179","2020","2020","Suicide","2","Firearm","GRINJ-006",22,130367,16.9,10.6,25.5
,"White County, TN","47185","2020","2020","Unintentional","1","Poisoning","GRINJ-015",14,27707,50.5,27.6,84.8
,"Williamson County, TN","47187","2020","2020","Unintentional","1","Fall","GRINJ-003",34,245348,13.9,9.6,19.4
,"Williamson County, TN","47187","2020","2020","Unintentional","1","Motor Vehicle Traffic","GRINJ-008",18,245348,7.3,4.3,11.6
,"Williamson County, TN","47187","2020","2020","Unintentional","1","Poisoning","GRINJ-015",28,245348,11.4,7.6,16.5
,"Williamson County, TN","47187","2020","2020","Suicide","2","Firearm","GRINJ-006",22,245348,9.0,5.6,13.6
,"Wilson County, TN","47189","2020","2020","Unintentional","1","Fall","GRINJ-003",37,148130,25.0,17.6,34.4
,"Wilson County, TN","47189","2020","2020","Unintentional","1","Motor Vehicle Traffic","GRINJ-008",19,148130,12.8,7.7,20.0
,"Wilson County, TN","47189","2020","2020","Unintentional","1","Poisoning","GRINJ-015",73,148130,49.3,38.6,62.0
,"Wilson County, TN","47189","2020","2020","Suicide","2","Firearm","GRINJ-006",21,148130,14.2,8.8,21.7
,"Anderson County, TX","48001","2020","2020","Unintentional","1","Motor Vehicle Traffic","GRINJ-008",12,57805,20.8,10.7,36.3
,"Anderson County, TX","48001","2020","2020","Suicide","2","Suffocation","GRINJ-017",11,57805,19.0,9.5,34.0
,"Angelina County, TX","48005","2020","2020","Unintentional","1","Motor Vehicle Traffic","GRINJ-008",12,86796,13.8,7.1,24.2
,"Angelina County, TX","48005","2020","2020","Unintentional","1","Poisoning","GRINJ-015",10,86796,11.5,5.5,21.2
,"Angelina County, TX","48005","2020","2020","Suicide","2","Firearm","GRINJ-006",10,86796,11.5,5.5,21.2
,"Aransas County, TX","48007","2020","2020","Suicide","2","Firearm","GRINJ-006",12,23814,50.4,26.0,88.0
,"Atascosa County, TX","48013","2020","2020","Unintentional","1","Motor Vehicle Traffic","GRINJ-008",15,51724,29.0,16.2,47.8
,"Bastrop County, TX","48021","2020","2020","Unintentional","1","Fall","GRINJ-003",10,91601,10.9,5.2,20.1
,"Bastrop County, TX","48021","2020","2020","Unintentional","1","Motor Vehicle Traffic","GRINJ-008",21,91601,22.9,14.2,35.0
,"Bastrop County, TX","48021","2020","2020","Unintentional","1","Poisoning","GRINJ-015",15,91601,16.4,9.2,27.0
,"Bastrop County, TX","48021","2020","2020","Suicide","2","Firearm","GRINJ-006",12,91601,13.1,6.8,22.9
,"Bell County, TX","48027","2020","2020","Unintentional","1","Fall","GRINJ-003",13,369927,3.5,1.9,6.0
,"Bell County, TX","48027","2020","2020","Unintentional","1","Motor Vehicle Traffic","GRINJ-008",60,369927,16.2,12.4,20.9
,"Bell County, TX","48027","2020","2020","Unintentional","1","Poisoning","GRINJ-015",41,369927,11.1,8.0,15.0
,"Bell County, TX","48027","2020","2020","Suicide","2","Firearm","GRINJ-006",37,369927,10.0,7.0,13.8
,"Bell County, TX","48027","2020","2020","Suicide","2","Suffocation","GRINJ-017",13,369927,3.5,1.9,6.0
,"Bell County, TX","48027","2020","2020","Homicide","3","Firearm","GRINJ-006",37,369927,10.0,7.0,13.8
,"Bexar County, TX","48029","2020","2020","Unintentional","1","Drowning","GRINJ-002",18,2026823,0.9,0.5,1.4
,"Bexar County, TX","48029","2020","2020","Unintentional","1","Fall","GRINJ-003",245,2026823,12.1,10.6,13.6
,"Bexar County, TX","48029","2020","2020","Unintentional","1","Motor Vehicle Traffic","GRINJ-008",244,2026823,12.0,10.5,13.5
,"Bexar County, TX","48029","2020","2020","Unintentional","1","Natural/Environmental","GRINJ-013",10,2026823,0.5,0.2,0.9
,"Bexar County, TX","48029","2020","2020","Unintentional","1","Poisoning","GRINJ-015",281,2026823,13.9,12.2,15.5
,"Bexar County, TX","48029","2020","2020","Unintentional","1","Suffocation","GRINJ-017",18,2026823,0.9,0.5,1.4
,"Bexar County, TX","48029","2020","2020","Unintentional","1","Other specified, classifiable Injury","GRINJ-018",12,2026823,0.6,0.3,1.0
,"Bexar County, TX","48029","2020","2020","Unintentional","1","Unspecified Injury","GRINJ-020",26,2026823,1.3,0.8,1.9
,"Bexar County, TX","48029","2020","2020","Suicide","2","Firearm","GRINJ-006",129,2026823,6.4,5.3,7.5
,"Bexar County, TX","48029","2020","2020","Suicide","2","Poisoning","GRINJ-015",17,2026823,0.8,0.5,1.3
,"Bexar County, TX","48029","2020","2020","Suicide","2","Suffocation","GRINJ-017",73,2026823,3.6,2.8,4.5
,"Bexar County, TX","48029","2020","2020","Homicide","3","Cut/Pierce","GRINJ-001",17,2026823,0.8,0.5,1.3
,"Bexar County, TX","48029","2020","2020","Homicide","3","Firearm","GRINJ-006",147,2026823,7.3,6.1,8.4
,"Bexar County, TX","48029","2020","2020","Homicide","3","Unspecified Injury","GRINJ-020",19,2026823,0.9,0.6,1.5
,"Bowie County, TX","48037","2020","2020","Unintentional","1","Motor Vehicle Traffic","GRINJ-008",25,93481,26.7,17.3,39.5
,"Bowie County, TX","48037","2020","2020","Suicide","2","Firearm","GRINJ-006",10,93481,10.7,5.1,19.7
,"Bowie County, TX","48037","2020","2020","Suicide","2","Suffocation","GRINJ-017",11,93481,11.8,5.9,21.1
,"Brazoria County, TX","48039","2020","2020","Unintentional","1","Drowning","GRINJ-002",10,380518,2.6,1.3,4.8
,"Brazoria County, TX","48039","2020","2020","Unintentional","1","Fall","GRINJ-003",27,380518,7.1,4.7,10.3
,"Brazoria County, TX","48039","2020","2020","Unintentional","1","Motor Vehicle Traffic","GRINJ-008",42,380518,11.0,8.0,14.9
,"Brazoria County, TX","48039","2020","2020","Unintentional","1","Poisoning","GRINJ-015",46,380518,12.1,8.9,16.1
,"Brazoria County, TX","48039","2020","2020","Suicide","2","Firearm","GRINJ-006",46,380518,12.1,8.9,16.1
,"Brazoria County, TX","48039","2020","2020","Suicide","2","Suffocation","GRINJ-017",14,380518,3.7,2.0,6.2
,"Brazoria County, TX","48039","2020","2020","Homicide","3","Firearm","GRINJ-006",15,380518,3.9,2.2,6.5
,"Brazos County, TX","48041","2020","2020","Unintentional","1","Motor Vehicle Traffic","GRINJ-008",19,232555,8.2,4.9,12.8
,"Brazos County, TX","48041","2020","2020","Unintentional","1","Poisoning","GRINJ-015",21,232555,9.0,5.6,13.8
,"Brazos County, TX","48041","2020","2020","Suicide","2","Firearm","GRINJ-006",14,232555,6.0,3.3,10.1
,"Brazos County, TX","48041","2020","2020","Homicide","3","Firearm","GRINJ-006",10,232555,4.3,2.1,7.9
,"Burnet County, TX","48053","2020","2020","Unintentional","1","Motor Vehicle Traffic","GRINJ-008",10,49653,20.1,9.7,37.0
,"Caldwell County, TX","48055","2020","2020","Unintentional","1","Motor Vehicle Traffic","GRINJ-008",14,43979,31.8,17.4,53.4
,"Cameron County, TX","48061","2020","2020","Unintentional","1","Fall","GRINJ-003",20,424180,4.7,2.9,7.3
,"Cameron County, TX","48061","2020","2020","Unintentional","1","Motor Vehicle Traffic","GRINJ-008",43,424180,10.1,7.3,13.7
,"Cameron County, TX","48061","2020","2020","Unintentional","1","Poisoning","GRINJ-015",16,424180,3.8,2.2,6.1
,"Cameron County, TX","48061","2020","2020","Suicide","2","Firearm","GRINJ-006",17,424180,4.0,2.3,6.4
,"Cameron County, TX","48061","2020","2020","Suicide","2","Suffocation","GRINJ-017",12,424180,2.8,1.5,4.9
,"Cameron County, TX","48061","2020","2020","Homicide","3","Firearm","GRINJ-006",13,424180,3.1,1.6,5.2
,"Cherokee County, TX","48073","2020","2020","Unintentional","1","Motor Vehicle Traffic","GRINJ-008",18,52875,34.0,20.2,53.8
,"Collin County, TX","48085","2020","2020","Unintentional","1","Drowning","GRINJ-002",11,1072069,1.0,0.5,1.8
,"Collin County, TX","48085","2020","2020","Unintentional","1","Fall","GRINJ-003",90,1072069,8.4,6.8,10.3
,"Collin County, TX","48085","2020","2020","Unintentional","1","Motor Vehicle Traffic","GRINJ-008",72,1072069,6.7,5.3,8.5
,"Collin County, TX","48085","2020","2020","Unintentional","1","Poisoning","GRINJ-015",83,1072069,7.7,6.2,9.6
,"Collin County, TX","48085","2020","2020","Suicide","2","Firearm","GRINJ-006",71,1072069,6.6,5.2,8.4
,"Collin County, TX","48085","2020","2020","Suicide","2","Poisoning","GRINJ-015",16,1072069,1.5,0.9,2.4
,"Collin County, TX","48085","2020","2020","Suicide","2","Suffocation","GRINJ-017",24,1072069,2.2,1.4,3.3
,"Collin County, TX","48085","2020","2020","Homicide","3","Firearm","GRINJ-006",20,1072069,1.9,1.1,2.9
,"Comal County, TX","48091","2020","2020","Unintentional","1","Fall","GRINJ-003",15,164812,9.1,5.1,15.0
,"Comal County, TX","48091","2020","2020","Unintentional","1","Motor Vehicle Traffic","GRINJ-008",18,164812,10.9,6.5,17.3
,"Comal County, TX","48091","2020","2020","Unintentional","1","Poisoning","GRINJ-015",18,164812,10.9,6.5,17.3
,"Comal County, TX","48091","2020","2020","Suicide","2","Firearm","GRINJ-006",31,164812,18.8,12.8,26.7
,"Coryell County, TX","48099","2020","2020","Unintentional","1","Motor Vehicle Traffic","GRINJ-008",13,76737,16.9,9.0,29.0
,"Dallas County, TX","48113","2020","2020","Unintentional","1","Drowning","GRINJ-002",56,2635888,2.1,1.6,2.8
,"Dallas County, TX","48113","2020","2020","Unintentional","1","Fall","GRINJ-003",242,2635888,9.2,8.0,10.3
,"Dallas County, TX","48113","2020","2020","Unintentional","1","Motor Vehicle Traffic","GRINJ-008",371,2635888,14.1,12.6,15.5
,"Dallas County, TX","48113","2020","2020","Unintentional","1","Natural/Environmental","GRINJ-013",13,2635888,0.5,0.3,0.8
,"Dallas County, TX","48113","2020","2020","Unintentional","1","Poisoning","GRINJ-015",439,2635888,16.7,15.1,18.2
,"Dallas County, TX","48113","2020","2020","Unintentional","1","Suffocation","GRINJ-017",39,2635888,1.5,1.1,2.0
,"Dallas County, TX","48113","2020","2020","Unintentional","1","Other specified, classifiable Injury","GRINJ-018",10,2635888,0.4,0.2,0.7
,"Dallas County, TX","48113","2020","2020","Unintentional","1","Other specified, not elsewhere classified Injury","GRINJ-019",14,2635888,0.5,0.3,0.9
,"Dallas County, TX","48113","2020","2020","Unintentional","1","Unspecified Injury","GRINJ-020",32,2635888,1.2,0.8,1.7
,"Dallas County, TX","48113","2020","2020","Suicide","2","Firearm","GRINJ-006",150,2635888,5.7,4.8,6.6
,"Dallas County, TX","48113","2020","2020","Suicide","2","Poisoning","GRINJ-015",33,2635888,1.3,0.9,1.8
,"Dallas County, TX","48113","2020","2020","Suicide","2","Suffocation","GRINJ-017",64,2635888,2.4,1.9,3.1
,"Dallas County, TX","48113","2020","2020","Homicide","3","Cut/Pierce","GRINJ-001",19,2635888,0.7,0.4,1.1
,"Dallas County, TX","48113","2020","2020","Homicide","3","Firearm","GRINJ-006",251,2635888,9.5,8.3,10.7
,"Dallas County, TX","48113","2020","2020","Homicide","3","Unspecified Injury","GRINJ-020",13,2635888,0.5,0.3,0.8
,"Dallas County, TX","48113","2020","2020","Undetermined ","4","Poisoning","GRINJ-015",11,2635888,0.4,0.2,0.7
,"Denton County, TX","48121","2020","2020","Unintentional","1","Drowning","GRINJ-002",14,919324,1.5,0.8,2.6
,"Denton County, TX","48121","2020","2020","Unintentional","1","Fall","GRINJ-003",60,919324,6.5,5.0,8.4
,"Denton County, TX","48121","2020","2020","Unintentional","1","Motor Vehicle Traffic","GRINJ-008",72,919324,7.8,6.1,9.9
,"Denton County, TX","48121","2020","2020","Unintentional","1","Poisoning","GRINJ-015",83,919324,9.0,7.2,11.2
,"Denton County, TX","48121","2020","2020","Suicide","2","Firearm","GRINJ-006",62,919324,6.7,5.2,8.6
,"Denton County, TX","48121","2020","2020","Suicide","2","Suffocation","GRINJ-017",23,919324,2.5,1.6,3.8
,"Denton County, TX","48121","2020","2020","Homicide","3","Firearm","GRINJ-006",23,919324,2.5,1.6,3.8
,"Ector County, TX","48135","2020","2020","Unintentional","1","Motor Vehicle Traffic","GRINJ-008",54,167701,32.2,24.2,42.0
,"Ector County, TX","48135","2020","2020","Unintentional","1","Poisoning","GRINJ-015",33,167701,19.7,13.5,27.6
,"Ector County, TX","48135","2020","2020","Suicide","2","Firearm","GRINJ-006",22,167701,13.1,8.2,19.9
,"Ector County, TX","48135","2020","2020","Homicide","3","Firearm","GRINJ-006",11,167701,6.6,3.3,11.7
,"Ellis County, TX","48139","2020","2020","Unintentional","1","Fall","GRINJ-003",11,191760,5.7,2.9,10.3
,"Ellis County, TX","48139","2020","2020","Unintentional","1","Motor Vehicle Traffic","GRINJ-008",33,191760,17.2,11.8,24.2
,"Ellis County, TX","48139","2020","2020","Unintentional","1","Poisoning","GRINJ-015",16,191760,8.3,4.8,13.5
,"Ellis County, TX","48139","2020","2020","Suicide","2","Firearm","GRINJ-006",11,191760,5.7,2.9,10.3
,"El Paso County, TX","48141","2020","2020","Unintentional","1","Fall","GRINJ-003",71,841286,8.4,6.6,10.6
,"El Paso County, TX","48141","2020","2020","Unintentional","1","Motor Vehicle Traffic","GRINJ-008",101,841286,12.0,9.7,14.3
,"El Paso County, TX","48141","2020","2020","Unintentional","1","Poisoning","GRINJ-015",124,841286,14.7,12.1,17.3
,"El Paso County, TX","48141","2020","2020","Unintentional","1","Suffocation","GRINJ-017",15,841286,1.8,1.0,2.9
,"El Paso County, TX","48141","2020","2020","Unintentional","1","Unspecified Injury","GRINJ-020",13,841286,1.5,0.8,2.6
,"El Paso County, TX","48141","2020","2020","Suicide","2","Firearm","GRINJ-006",45,841286,5.3,3.9,7.2
,"El Paso County, TX","48141","2020","2020","Suicide","2","Poisoning","GRINJ-015",13,841286,1.5,0.8,2.6
,"El Paso County, TX","48141","2020","2020","Suicide","2","Suffocation","GRINJ-017",30,841286,3.6,2.4,5.1
,"El Paso County, TX","48141","2020","2020","Homicide","3","Firearm","GRINJ-006",18,841286,2.1,1.3,3.4
,"Fort Bend County, TX","48157","2020","2020","Unintentional","1","Drowning","GRINJ-002",14,839706,1.7,0.9,2.8
,"Fort Bend County, TX","48157","2020","2020","Unintentional","1","Fall","GRINJ-003",40,839706,4.8,3.4,6.5
,"Fort Bend County, TX","48157","2020","2020","Unintentional","1","Motor Vehicle Traffic","GRINJ-008",49,839706,5.8,4.3,7.7
,"Fort Bend County, TX","48157","2020","2020","Unintentional","1","Poisoning","GRINJ-015",71,839706,8.5,6.6,10.7
,"Fort Bend County, TX","48157","2020","2020","Unintentional","1","Suffocation","GRINJ-017",12,839706,1.4,0.7,2.5
,"Fort Bend County, TX","48157","2020","2020","Unintentional","1","Unspecified Injury","GRINJ-020",15,839706,1.8,1.0,2.9
,"Fort Bend County, TX","48157","2020","2020","Suicide","2","Firearm","GRINJ-006",46,839706,5.5,4.0,7.3
,"Fort Bend County, TX","48157","2020","2020","Suicide","2","Suffocation","GRINJ-017",21,839706,2.5,1.5,3.8
,"Fort Bend County, TX","48157","2020","2020","Homicide","3","Firearm","GRINJ-006",44,839706,5.2,3.8,7.0
,"Galveston County, TX","48167","2020","2020","Unintentional","1","Drowning","GRINJ-002",11,345089,3.2,1.6,5.7
,"Galveston County, TX","48167","2020","2020","Unintentional","1","Fall","GRINJ-003",27,345089,7.8,5.2,11.4
,"Galveston County, TX","48167","2020","2020","Unintentional","1","Motor Vehicle Traffic","GRINJ-008",49,345089,14.2,10.5,18.8
,"Galveston County, TX","48167","2020","2020","Unintentional","1","Poisoning","GRINJ-015",78,345089,22.6,17.9,28.2
,"Galveston County, TX","48167","2020","2020","Suicide","2","Firearm","GRINJ-006",37,345089,10.7,7.5,14.8
,"Galveston County, TX","48167","2020","2020","Suicide","2","Suffocation","GRINJ-017",13,345089,3.8,2.0,6.4
,"Galveston County, TX","48167","2020","2020","Homicide","3","Firearm","GRINJ-006",34,345089,9.9,6.8,13.8
,"Grayson County, TX","48181","2020","2020","Unintentional","1","Fall","GRINJ-003",13,138318,9.4,5.0,16.1
,"Grayson County, TX","48181","2020","2020","Unintentional","1","Motor Vehicle Traffic","GRINJ-008",18,138318,13.0,7.7,20.6
,"Grayson County, TX","48181","2020","2020","Unintentional","1","Poisoning","GRINJ-015",16,138318,11.6,6.6,18.8
,"Grayson County, TX","48181","2020","2020","Unintentional","1","Unspecified Injury","GRINJ-020",10,138318,7.2,3.5,13.3
,"Grayson County, TX","48181","2020","2020","Suicide","2","Firearm","GRINJ-006",12,138318,8.7,4.5,15.2
,"Gregg County, TX","48183","2020","2020","Unintentional","1","Motor Vehicle Traffic","GRINJ-008",32,124229,25.8,17.6,36.4
,"Gregg County, TX","48183","2020","2020","Unintentional","1","Poisoning","GRINJ-015",13,124229,10.5,5.6,17.9
,"Gregg County, TX","48183","2020","2020","Suicide","2","Firearm","GRINJ-006",18,124229,14.5,8.6,22.9
,"Gregg County, TX","48183","2020","2020","Homicide","3","Firearm","GRINJ-006",14,124229,11.3,6.2,18.9
,"Guadalupe County, TX","48187","2020","2020","Unintentional","1","Fall","GRINJ-003",13,170608,7.6,4.1,13.0
,"Guadalupe County, TX","48187","2020","2020","Unintentional","1","Motor Vehicle Traffic","GRINJ-008",25,170608,14.7,9.5,21.6
,"Guadalupe County, TX","48187","2020","2020","Unintentional","1","Poisoning","GRINJ-015",12,170608,7.0,3.6,12.3
,"Guadalupe County, TX","48187","2020","2020","Suicide","2","Firearm","GRINJ-006",19,170608,11.1,6.7,17.4
,"Guadalupe County, TX","48187","2020","2020","Suicide","2","Suffocation","GRINJ-017",14,170608,8.2,4.5,13.8
,"Hale County, TX","48189","2020","2020","Unintentional","1","Motor Vehicle Traffic","GRINJ-008",11,32754,33.6,16.8,60.1
,"Hardin County, TX","48199","2020","2020","Unintentional","1","Motor Vehicle Traffic","GRINJ-008",11,58305,18.9,9.4,33.8
,"Harris County, TX","48201","2020","2020","Unintentional","1","Drowning","GRINJ-002",66,4738253,1.4,1.1,1.8
,"Harris County, TX","48201","2020","2020","Unintentional","1","Fall","GRINJ-003",409,4738253,8.6,7.8,9.5
,"Harris County, TX","48201","2020","2020","Unintentional","1","Fire/Flame","GRINJ-004",14,4738253,0.3,0.2,0.5
,"Harris County, TX","48201","2020","2020","Unintentional","1","Motor Vehicle Traffic","GRINJ-008",545,4738253,11.5,10.5,12.5
,"Harris County, TX","48201","2020","2020","Unintentional","1","Other Pedestrian","GRINJ-010",11,4738253,0.2,0.1,0.4
,"Harris County, TX","48201","2020","2020","Unintentional","1","Other transport","GRINJ-012",10,4738253,0.2,0.1,0.4
,"Harris County, TX","48201","2020","2020","Unintentional","1","Natural/Environmental","GRINJ-013",12,4738253,0.3,0.1,0.4
,"Harris County, TX","48201","2020","2020","Unintentional","1","Poisoning","GRINJ-015",881,4738253,18.6,17.4,19.8
,"Harris County, TX","48201","2020","2020","Unintentional","1","Struck by or against","GRINJ-016",13,4738253,0.3,0.1,0.5
,"Harris County, TX","48201","2020","2020","Unintentional","1","Suffocation","GRINJ-017",58,4738253,1.2,0.9,1.6
,"Harris County, TX","48201","2020","2020","Unintentional","1","Other specified, classifiable Injury","GRINJ-018",17,4738253,0.4,0.2,0.6
,"Harris County, TX","48201","2020","2020","Unintentional","1","Other specified, not elsewhere classified Injury","GRINJ-019",11,4738253,0.2,0.1,0.4
,"Harris County, TX","48201","2020","2020","Unintentional","1","Unspecified Injury","GRINJ-020",110,4738253,2.3,1.9,2.8
,"Harris County, TX","48201","2020","2020","Suicide","2","Drowning","GRINJ-002",10,4738253,0.2,0.1,0.4
,"Harris County, TX","48201","2020","2020","Suicide","2","Firearm","GRINJ-006",278,4738253,5.9,5.2,6.6
,"Harris County, TX","48201","2020","2020","Suicide","2","Poisoning","GRINJ-015",57,4738253,1.2,0.9,1.6
,"Harris County, TX","48201","2020","2020","Suicide","2","Suffocation","GRINJ-017",153,4738253,3.2,2.7,3.7
,"Harris County, TX","48201","2020","2020","Suicide","2","Other specified, classifiable Injury","GRINJ-018",13,4738253,0.3,0.1,0.5
,"Harris County, TX","48201","2020","2020","Homicide","3","Cut/Pierce","GRINJ-001",31,4738253,0.7,0.4,0.9
,"Harris County, TX","48201","2020","2020","Homicide","3","Firearm","GRINJ-006",475,4738253,10.0,9.1,10.9
,"Harris County, TX","48201","2020","2020","Homicide","3","Unspecified Injury","GRINJ-020",34,4738253,0.7,0.5,1.0
,"Harris County, TX","48201","2020","2020","Undetermined ","4","Poisoning","GRINJ-015",10,4738253,0.2,0.1,0.4
,"Harris County, TX","48201","2020","2020","Undetermined ","4","Unspecified Injury","GRINJ-020",24,4738253,0.5,0.3,0.8
,"Harrison County, TX","48203","2020","2020","Unintentional","1","Motor Vehicle Traffic","GRINJ-008",22,66386,33.1,20.8,50.2
,"Harrison County, TX","48203","2020","2020","Suicide","2","Firearm","GRINJ-006",10,66386,15.1,7.2,27.7
,"Hays County, TX","48209","2020","2020","Unintentional","1","Fall","GRINJ-003",14,241365,5.8,3.2,9.7
,"Hays County, TX","48209","2020","2020","Unintentional","1","Motor Vehicle Traffic","GRINJ-008",22,241365,9.1,5.7,13.8
,"Hays County, TX","48209","2020","2020","Unintentional","1","Poisoning","GRINJ-015",16,241365,6.6,3.8,10.8
,"Hays County, TX","48209","2020","2020","Suicide","2","Firearm","GRINJ-006",16,241365,6.6,3.8,10.8
,"Hays County, TX","48209","2020","2020","Suicide","2","Suffocation","GRINJ-017",11,241365,4.6,2.3,8.2
,"Henderson County, TX","48213","2020","2020","Unintentional","1","Motor Vehicle Traffic","GRINJ-008",25,83792,29.8,19.3,44.0
,"Henderson County, TX","48213","2020","2020","Unintentional","1","Poisoning","GRINJ-015",12,83792,14.3,7.4,25.0
,"Henderson County, TX","48213","2020","2020","Suicide","2","Firearm","GRINJ-006",15,83792,17.9,10.0,29.5
,"Hidalgo County, TX","48215","2020","2020","Unintentional","1","Fall","GRINJ-003",24,875200,2.7,1.8,4.1
,"Hidalgo County, TX","48215","2020","2020","Unintentional","1","Motor Vehicle Traffic","GRINJ-008",54,875200,6.2,4.6,8.1
,"Hidalgo County, TX","48215","2020","2020","Unintentional","1","Poisoning","GRINJ-015",55,875200,6.3,4.7,8.2
,"Hidalgo County, TX","48215","2020","2020","Unintentional","1","Unspecified Injury","GRINJ-020",25,875200,2.9,1.8,4.2
,"Hidalgo County, TX","48215","2020","2020","Suicide","2","Firearm","GRINJ-006",26,875200,3.0,1.9,4.4
,"Hidalgo County, TX","48215","2020","2020","Suicide","2","Suffocation","GRINJ-017",14,875200,1.6,0.9,2.7
,"Hidalgo County, TX","48215","2020","2020","Homicide","3","Firearm","GRINJ-006",23,875200,2.6,1.7,3.9
,"Hill County, TX","48217","2020","2020","Unintentional","1","Motor Vehicle Traffic","GRINJ-008",11,37006,29.7,14.8,53.2
,"Hood County, TX","48221","2020","2020","Unintentional","1","Fall","GRINJ-003",12,63527,18.9,9.8,33.0
,"Hood County, TX","48221","2020","2020","Unintentional","1","Poisoning","GRINJ-015",15,63527,23.6,13.2,38.9
,"Hood County, TX","48221","2020","2020","Suicide","2","Firearm","GRINJ-006",12,63527,18.9,9.8,33.0
,"Howard County, TX","48227","2020","2020","Unintentional","1","Motor Vehicle Traffic","GRINJ-008",13,36540,35.6,18.9,60.8
,"Hunt County, TX","48231","2020","2020","Unintentional","1","Motor Vehicle Traffic","GRINJ-008",22,99807,22.0,13.8,33.4
,"Hunt County, TX","48231","2020","2020","Unintentional","1","Poisoning","GRINJ-015",17,99807,17.0,9.9,27.3
,"Hunt County, TX","48231","2020","2020","Suicide","2","Firearm","GRINJ-006",11,99807,11.0,5.5,19.7
,"Jefferson County, TX","48245","2020","2020","Unintentional","1","Drowning","GRINJ-002",10,250127,4.0,1.9,7.4
,"Jefferson County, TX","48245","2020","2020","Unintentional","1","Motor Vehicle Traffic","GRINJ-008",44,250127,17.6,12.8,23.6
,"Jefferson County, TX","48245","2020","2020","Unintentional","1","Poisoning","GRINJ-015",61,250127,24.4,18.7,31.3
,"Jefferson County, TX","48245","2020","2020","Suicide","2","Firearm","GRINJ-006",17,250127,6.8,4.0,10.9
,"Jefferson County, TX","48245","2020","2020","Homicide","3","Firearm","GRINJ-006",26,250127,10.4,6.8,15.2
,"Johnson County, TX","48251","2020","2020","Unintentional","1","Fall","GRINJ-003",12,179575,6.7,3.5,11.7
,"Johnson County, TX","48251","2020","2020","Unintentional","1","Motor Vehicle Traffic","GRINJ-008",26,179575,14.5,9.5,21.2
,"Johnson County, TX","48251","2020","2020","Unintentional","1","Poisoning","GRINJ-015",28,179575,15.6,10.4,22.5
,"Johnson County, TX","48251","2020","2020","Suicide","2","Firearm","GRINJ-006",15,179575,8.4,4.7,13.8
,"Kaufman County, TX","48257","2020","2020","Unintentional","1","Motor Vehicle Traffic","GRINJ-008",34,143198,23.7,16.4,33.2
,"Kaufman County, TX","48257","2020","2020","Unintentional","1","Poisoning","GRINJ-015",10,143198,7.0,3.3,12.8
,"Kaufman County, TX","48257","2020","2020","Suicide","2","Firearm","GRINJ-006",12,143198,8.4,4.3,14.6
,"Kaufman County, TX","48257","2020","2020","Homicide","3","Firearm","GRINJ-006",11,143198,7.7,3.8,13.7
,"Liberty County, TX","48291","2020","2020","Unintentional","1","Motor Vehicle Traffic","GRINJ-008",21,91547,22.9,14.2,35.1
,"Liberty County, TX","48291","2020","2020","Unintentional","1","Poisoning","GRINJ-015",20,91547,21.8,13.3,33.7
,"Liberty County, TX","48291","2020","2020","Suicide","2","Firearm","GRINJ-006",12,91547,13.1,6.8,22.9
,"Liberty County, TX","48291","2020","2020","Homicide","3","Firearm","GRINJ-006",15,91547,16.4,9.2,27.0
,"Lubbock County, TX","48303","2020","2020","Unintentional","1","Fall","GRINJ-003",25,314772,7.9,5.1,11.7
,"Lubbock County, TX","48303","2020","2020","Unintentional","1","Motor Vehicle Traffic","GRINJ-008",45,314772,14.3,10.4,19.1
,"Lubbock County, TX","48303","2020","2020","Unintentional","1","Poisoning","GRINJ-015",31,314772,9.8,6.7,14.0
,"Lubbock County, TX","48303","2020","2020","Unintentional","1","Suffocation","GRINJ-017",12,314772,3.8,2.0,6.7
,"Lubbock County, TX","48303","2020","2020","Unintentional","1","Unspecified Injury","GRINJ-020",18,314772,5.7,3.4,9.0
,"Lubbock County, TX","48303","2020","2020","Suicide","2","Firearm","GRINJ-006",37,314772,11.8,8.3,16.2
,"Lubbock County, TX","48303","2020","2020","Suicide","2","Suffocation","GRINJ-017",12,314772,3.8,2.0,6.7
,"Lubbock County, TX","48303","2020","2020","Homicide","3","Firearm","GRINJ-006",22,314772,7.0,4.4,10.6
,"McLennan County, TX","48309","2020","2020","Unintentional","1","Fall","GRINJ-003",20,259730,7.7,4.7,11.9
,"McLennan County, TX","48309","2020","2020","Unintentional","1","Motor Vehicle Traffic","GRINJ-008",34,259730,13.1,9.1,18.3
,"McLennan County, TX","48309","2020","2020","Unintentional","1","Poisoning","GRINJ-015",38,259730,14.6,10.4,20.1
,"McLennan County, TX","48309","2020","2020","Suicide","2","Firearm","GRINJ-006",26,259730,10.0,6.5,14.7
,"McLennan County, TX","48309","2020","2020","Suicide","2","Suffocation","GRINJ-017",13,259730,5.0,2.7,8.6
,"McLennan County, TX","48309","2020","2020","Homicide","3","Firearm","GRINJ-006",20,259730,7.7,4.7,11.9
,"Matagorda County, TX","48321","2020","2020","Unintentional","1","Motor Vehicle Traffic","GRINJ-008",12,36725,32.7,16.9,57.1
,"Midland County, TX","48329","2020","2020","Unintentional","1","Motor Vehicle Traffic","GRINJ-008",27,177863,15.2,10.0,22.1
,"Midland County, TX","48329","2020","2020","Unintentional","1","Poisoning","GRINJ-015",27,177863,15.2,10.0,22.1
,"Midland County, TX","48329","2020","2020","Suicide","2","Firearm","GRINJ-006",17,177863,9.6,5.6,15.3
,"Midland County, TX","48329","2020","2020","Suicide","2","Suffocation","GRINJ-017",10,177863,5.6,2.7,10.3
,"Midland County, TX","48329","2020","2020","Homicide","3","Firearm","GRINJ-006",10,177863,5.6,2.7,10.3
,"Montgomery County, TX","48339","2020","2020","Unintentional","1","Drowning","GRINJ-002",12,626351,1.9,1.0,3.3
,"Montgomery County, TX","48339","2020","2020","Unintentional","1","Fall","GRINJ-003",44,626351,7.0,5.1,9.4
,"Montgomery County, TX","48339","2020","2020","Unintentional","1","Fire/Flame","GRINJ-004",10,626351,1.6,0.8,2.9
,"Montgomery County, TX","48339","2020","2020","Unintentional","1","Motor Vehicle Traffic","GRINJ-008",77,626351,12.3,9.7,15.4
,"Montgomery County, TX","48339","2020","2020","Unintentional","1","Poisoning","GRINJ-015",107,626351,17.1,13.8,20.3
,"Montgomery County, TX","48339","2020","2020","Unintentional","1","Suffocation","GRINJ-017",11,626351,1.8,0.9,3.1
,"Montgomery County, TX","48339","2020","2020","Unintentional","1","Unspecified Injury","GRINJ-020",14,626351,2.2,1.2,3.8
,"Montgomery County, TX","48339","2020","2020","Suicide","2","Firearm","GRINJ-006",61,626351,9.7,7.4,12.5
,"Montgomery County, TX","48339","2020","2020","Suicide","2","Poisoning","GRINJ-015",15,626351,2.4,1.3,3.9
,"Montgomery County, TX","48339","2020","2020","Suicide","2","Suffocation","GRINJ-017",27,626351,4.3,2.8,6.3
,"Montgomery County, TX","48339","2020","2020","Homicide","3","Firearm","GRINJ-006",23,626351,3.7,2.3,5.5
,"Nacogdoches County, TX","48347","2020","2020","Unintentional","1","Motor Vehicle Traffic","GRINJ-008",14,64753,21.6,11.8,36.3
,"Navarro County, TX","48349","2020","2020","Unintentional","1","Motor Vehicle Traffic","GRINJ-008",12,50694,23.7,12.2,41.3
,"Nueces County, TX","48355","2020","2020","Unintentional","1","Fall","GRINJ-003",29,363148,8.0,5.3,11.5
,"Nueces County, TX","48355","2020","2020","Unintentional","1","Motor Vehicle Traffic","GRINJ-008",38,363148,10.5,7.4,14.4
,"Nueces County, TX","48355","2020","2020","Unintentional","1","Poisoning","GRINJ-015",76,363148,20.9,16.5,26.2
,"Nueces County, TX","48355","2020","2020","Suicide","2","Firearm","GRINJ-006",28,363148,7.7,5.1,11.1
,"Nueces County, TX","48355","2020","2020","Suicide","2","Suffocation","GRINJ-017",22,363148,6.1,3.8,9.2
,"Nueces County, TX","48355","2020","2020","Homicide","3","Firearm","GRINJ-006",31,363148,8.5,5.8,12.1
,"Nueces County, TX","48355","2020","2020","Undetermined ","4","Poisoning","GRINJ-015",16,363148,4.4,2.5,7.2
,"Orange County, TX","48361","2020","2020","Unintentional","1","Motor Vehicle Traffic","GRINJ-008",25,82878,30.2,19.5,44.5
,"Orange County, TX","48361","2020","2020","Unintentional","1","Poisoning","GRINJ-015",28,82878,33.8,22.4,48.8
,"Panola County, TX","48365","2020","2020","Unintentional","1","Motor Vehicle Traffic","GRINJ-008",11,23187,47.4,23.7,84.9
,"Parker County, TX","48367","2020","2020","Unintentional","1","Fall","GRINJ-003",10,148198,6.7,3.2,12.4
,"Parker County, TX","48367","2020","2020","Unintentional","1","Motor Vehicle Traffic","GRINJ-008",25,148198,16.9,10.9,24.9
,"Parker County, TX","48367","2020","2020","Unintentional","1","Poisoning","GRINJ-015",17,148198,11.5,6.7,18.4
,"Parker County, TX","48367","2020","2020","Suicide","2","Firearm","GRINJ-006",24,148198,16.2,10.4,24.1
,"Polk County, TX","48373","2020","2020","Unintentional","1","Motor Vehicle Traffic","GRINJ-008",12,52995,22.6,11.7,39.6
,"Polk County, TX","48373","2020","2020","Unintentional","1","Poisoning","GRINJ-015",11,52995,20.8,10.4,37.1
,"Potter County, TX","48375","2020","2020","Unintentional","1","Fall","GRINJ-003",16,116004,13.8,7.9,22.4
,"Potter County, TX","48375","2020","2020","Unintentional","1","Motor Vehicle Traffic","GRINJ-008",25,116004,21.6,13.9,31.8
,"Potter County, TX","48375","2020","2020","Unintentional","1","Poisoning","GRINJ-015",27,116004,23.3,15.3,33.9
,"Potter County, TX","48375","2020","2020","Suicide","2","Firearm","GRINJ-006",17,116004,14.7,8.5,23.5
,"Randall County, TX","48381","2020","2020","Unintentional","1","Fall","GRINJ-003",19,139899,13.6,8.2,21.2
,"Randall County, TX","48381","2020","2020","Unintentional","1","Motor Vehicle Traffic","GRINJ-008",19,139899,13.6,8.2,21.2
,"Randall County, TX","48381","2020","2020","Unintentional","1","Poisoning","GRINJ-015",19,139899,13.6,8.2,21.2
,"Randall County, TX","48381","2020","2020","Suicide","2","Firearm","GRINJ-006",17,139899,12.2,7.1,19.5
,"Rockwall County, TX","48397","2020","2020","Unintentional","1","Fall","GRINJ-003",10,109888,9.1,4.4,16.7
,"Rockwall County, TX","48397","2020","2020","Unintentional","1","Motor Vehicle Traffic","GRINJ-008",10,109888,9.1,4.4,16.7
,"Rockwall County, TX","48397","2020","2020","Unintentional","1","Poisoning","GRINJ-015",13,109888,11.8,6.3,20.2
,"Rusk County, TX","48401","2020","2020","Unintentional","1","Motor Vehicle Traffic","GRINJ-008",20,54324,36.8,22.5,56.9
,"Rusk County, TX","48401","2020","2020","Suicide","2","Firearm","GRINJ-006",12,54324,22.1,11.4,38.6
,"Shelby County, TX","48419","2020","2020","Unintentional","1","Motor Vehicle Traffic","GRINJ-008",11,24915,44.2,22.0,79.0
,"Smith County, TX","48423","2020","2020","Unintentional","1","Fall","GRINJ-003",17,235806,7.2,4.2,11.5
,"Smith County, TX","48423","2020","2020","Unintentional","1","Motor Vehicle Traffic","GRINJ-008",38,235806,16.1,11.4,22.1
,"Smith County, TX","48423","2020","2020","Unintentional","1","Poisoning","GRINJ-015",21,235806,8.9,5.5,13.6
,"Smith County, TX","48423","2020","2020","Suicide","2","Firearm","GRINJ-006",30,235806,12.7,8.6,18.2
,"Smith County, TX","48423","2020","2020","Homicide","3","Firearm","GRINJ-006",11,235806,4.7,2.3,8.3
,"Tarrant County, TX","48439","2020","2020","Unintentional","1","Drowning","GRINJ-002",31,2123347,1.5,1.0,2.1
,"Tarrant County, TX","48439","2020","2020","Unintentional","1","Fall","GRINJ-003",155,2123347,7.3,6.2,8.4
,"Tarrant County, TX","48439","2020","2020","Unintentional","1","Fire/Flame","GRINJ-004",11,2123347,0.5,0.3,0.9
,"Tarrant County, TX","48439","2020","2020","Unintentional","1","Motor Vehicle Traffic","GRINJ-008",241,2123347,11.4,9.9,12.8
,"Tarrant County, TX","48439","2020","2020","Unintentional","1","Other Pedestrian","GRINJ-010",10,2123347,0.5,0.2,0.9
,"Tarrant County, TX","48439","2020","2020","Unintentional","1","Other land transport","GRINJ-011",11,2123347,0.5,0.3,0.9
,"Tarrant County, TX","48439","2020","2020","Unintentional","1","Poisoning","GRINJ-015",301,2123347,14.2,12.6,15.8
,"Tarrant County, TX","48439","2020","2020","Unintentional","1","Suffocation","GRINJ-017",31,2123347,1.5,1.0,2.1
,"Tarrant County, TX","48439","2020","2020","Unintentional","1","Unspecified Injury","GRINJ-020",32,2123347,1.5,1.0,2.1
,"Tarrant County, TX","48439","2020","2020","Suicide","2","Firearm","GRINJ-006",163,2123347,7.7,6.5,8.9
,"Tarrant County, TX","48439","2020","2020","Suicide","2","Poisoning","GRINJ-015",22,2123347,1.0,0.6,1.6
,"Tarrant County, TX","48439","2020","2020","Suicide","2","Suffocation","GRINJ-017",61,2123347,2.9,2.2,3.7
,"Tarrant County, TX","48439","2020","2020","Homicide","3","Cut/Pierce","GRINJ-001",15,2123347,0.7,0.4,1.2
,"Tarrant County, TX","48439","2020","2020","Homicide","3","Firearm","GRINJ-006",140,2123347,6.6,5.5,7.7
,"Tarrant County, TX","48439","2020","2020","Homicide","3","Unspecified Injury","GRINJ-020",11,2123347,0.5,0.3,0.9
,"Taylor County, TX","48441","2020","2020","Unintentional","1","Fall","GRINJ-003",13,139200,9.3,5.0,16.0
,"Taylor County, TX","48441","2020","2020","Unintentional","1","Motor Vehicle Traffic","GRINJ-008",17,139200,12.2,7.1,19.6
,"Taylor County, TX","48441","2020","2020","Unintentional","1","Poisoning","GRINJ-015",17,139200,12.2,7.1,19.6
,"Taylor County, TX","48441","2020","2020","Suicide","2","Firearm","GRINJ-006",22,139200,15.8,9.9,23.9
,"Tom Green County, TX","48451","2020","2020","Unintentional","1","Motor Vehicle Traffic","GRINJ-008",15,120010,12.5,7.0,20.6
,"Tom Green County, TX","48451","2020","2020","Unintentional","1","Poisoning","GRINJ-015",19,120010,15.8,9.5,24.7
,"Tom Green County, TX","48451","2020","2020","Suicide","2","Firearm","GRINJ-006",12,120010,10.0,5.2,17.5
,"Travis County, TX","48453","2020","2020","Unintentional","1","Drowning","GRINJ-002",17,1300503,1.3,0.8,2.1
,"Travis County, TX","48453","2020","2020","Unintentional","1","Fall","GRINJ-003",188,1300503,14.5,12.4,16.5
,"Travis County, TX","48453","2020","2020","Unintentional","1","Motor Vehicle Traffic","GRINJ-008",139,1300503,10.7,8.9,12.5
,"Travis County, TX","48453","2020","2020","Unintentional","1","Poisoning","GRINJ-015",198,1300503,15.2,13.1,17.3
,"Travis County, TX","48453","2020","2020","Unintentional","1","Suffocation","GRINJ-017",20,1300503,1.5,0.9,2.4
,"Travis County, TX","48453","2020","2020","Unintentional","1","Unspecified Injury","GRINJ-020",12,1300503,0.9,0.5,1.6
,"Travis County, TX","48453","2020","2020","Suicide","2","Firearm","GRINJ-006",77,1300503,5.9,4.7,7.4
,"Travis County, TX","48453","2020","2020","Suicide","2","Poisoning","GRINJ-015",24,1300503,1.8,1.2,2.7
,"Travis County, TX","48453","2020","2020","Suicide","2","Suffocation","GRINJ-017",43,1300503,3.3,2.4,4.5
,"Travis County, TX","48453","2020","2020","Homicide","3","Firearm","GRINJ-006",34,1300503,2.6,1.8,3.7
,"Upshur County, TX","48459","2020","2020","Unintentional","1","Motor Vehicle Traffic","GRINJ-008",14,42166,33.2,18.2,55.7
,"Uvalde County, TX","48463","2020","2020","Unintentional","1","Motor Vehicle Traffic","GRINJ-008",10,26742,37.4,17.9,68.8
,"Van Zandt County, TX","48467","2020","2020","Unintentional","1","Motor Vehicle Traffic","GRINJ-008",19,57533,33.0,19.9,51.6
,"Victoria County, TX","48469","2020","2020","Unintentional","1","Motor Vehicle Traffic","GRINJ-008",16,91936,17.4,9.9,28.3
,"Victoria County, TX","48469","2020","2020","Suicide","2","Firearm","GRINJ-006",15,91936,16.3,9.1,26.9
,"Walker County, TX","48471","2020","2020","Unintentional","1","Poisoning","GRINJ-015",10,72164,13.9,6.6,25.5
,"Waller County, TX","48473","2020","2020","Unintentional","1","Motor Vehicle Traffic","GRINJ-008",12,57452,20.9,10.8,36.5
,"Webb County, TX","48479","2020","2020","Unintentional","1","Motor Vehicle Traffic","GRINJ-008",19,277681,6.8,4.1,10.7
,"Webb County, TX","48479","2020","2020","Unintentional","1","Poisoning","GRINJ-015",45,277681,16.2,11.8,21.7
,"Webb County, TX","48479","2020","2020","Suicide","2","Firearm","GRINJ-006",11,277681,4.0,2.0,7.1
,"Wharton County, TX","48481","2020","2020","Unintentional","1","Poisoning","GRINJ-015",10,41685,24.0,11.5,44.1
,"Wichita County, TX","48485","2020","2020","Unintentional","1","Fall","GRINJ-003",16,133205,12.0,6.9,19.5
,"Wichita County, TX","48485","2020","2020","Unintentional","1","Motor Vehicle Traffic","GRINJ-008",15,133205,11.3,6.3,18.6
,"Wichita County, TX","48485","2020","2020","Unintentional","1","Poisoning","GRINJ-015",17,133205,12.8,7.4,20.4
,"Williamson County, TX","48491","2020","2020","Unintentional","1","Fall","GRINJ-003",49,617855,7.9,5.9,10.5
,"Williamson County, TX","48491","2020","2020","Unintentional","1","Motor Vehicle Traffic","GRINJ-008",42,617855,6.8,4.9,9.2
,"Williamson County, TX","48491","2020","2020","Unintentional","1","Poisoning","GRINJ-015",47,617855,7.6,5.6,10.1
,"Williamson County, TX","48491","2020","2020","Unintentional","1","Unspecified Injury","GRINJ-020",12,617855,1.9,1.0,3.4
,"Williamson County, TX","48491","2020","2020","Suicide","2","Firearm","GRINJ-006",35,617855,5.7,3.9,7.9
,"Williamson County, TX","48491","2020","2020","Suicide","2","Suffocation","GRINJ-017",21,617855,3.4,2.1,5.2
,"Williamson County, TX","48491","2020","2020","Homicide","3","Firearm","GRINJ-006",11,617855,1.8,0.9,3.2
,"Wilson County, TX","48493","2020","2020","Unintentional","1","Motor Vehicle Traffic","GRINJ-008",11,52023,21.1,10.6,37.8
,"Wise County, TX","48497","2020","2020","Unintentional","1","Poisoning","GRINJ-015",10,71084,14.1,6.7,25.9
,"Wise County, TX","48497","2020","2020","Suicide","2","Firearm","GRINJ-006",11,71084,15.5,7.7,27.7
,"Wood County, TX","48499","2020","2020","Unintentional","1","Fall","GRINJ-003",12,46291,25.9,13.4,45.3
,"Wood County, TX","48499","2020","2020","Unintentional","1","Motor Vehicle Traffic","GRINJ-008",13,46291,28.1,15.0,48.0
,"Box Elder County, UT","49003","2020","2020","Unintentional","1","Fall","GRINJ-003",13,57007,22.8,12.1,39.0
,"Box Elder County, UT","49003","2020","2020","Unintentional","1","Poisoning","GRINJ-015",12,57007,21.1,10.9,36.8
,"Cache County, UT","49005","2020","2020","Unintentional","1","Fall","GRINJ-003",14,130004,10.8,5.9,18.1
,"Cache County, UT","49005","2020","2020","Unintentional","1","Poisoning","GRINJ-015",13,130004,10.0,5.3,17.1
,"Cache County, UT","49005","2020","2020","Suicide","2","Firearm","GRINJ-006",13,130004,10.0,5.3,17.1
,"Davis County, UT","49011","2020","2020","Unintentional","1","Fall","GRINJ-003",35,359232,9.7,6.8,13.6
,"Davis County, UT","49011","2020","2020","Unintentional","1","Motor Vehicle Traffic","GRINJ-008",24,359232,6.7,4.3,9.9
,"Davis County, UT","49011","2020","2020","Unintentional","1","Poisoning","GRINJ-015",47,359232,13.1,9.6,17.4
,"Davis County, UT","49011","2020","2020","Suicide","2","Firearm","GRINJ-006",28,359232,7.8,5.2,11.3
,"Davis County, UT","49011","2020","2020","Suicide","2","Poisoning","GRINJ-015",16,359232,4.5,2.5,7.2
,"Davis County, UT","49011","2020","2020","Suicide","2","Suffocation","GRINJ-017",10,359232,2.8,1.3,5.1
,"Salt Lake County, UT","49035","2020","2020","Unintentional","1","Drowning","GRINJ-002",15,1165517,1.3,0.7,2.1
,"Salt Lake County, UT","49035","2020","2020","Unintentional","1","Fall","GRINJ-003",131,1165517,11.2,9.3,13.2
,"Salt Lake County, UT","49035","2020","2020","Unintentional","1","Motor Vehicle Traffic","GRINJ-008",101,1165517,8.7,7.0,10.4
,"Salt Lake County, UT","49035","2020","2020","Unintentional","1","Poisoning","GRINJ-015",242,1165517,20.8,18.1,23.4
,"Salt Lake County, UT","49035","2020","2020","Unintentional","1","Suffocation","GRINJ-017",15,1165517,1.3,0.7,2.1
,"Salt Lake County, UT","49035","2020","2020","Suicide","2","Firearm","GRINJ-006",118,1165517,10.1,8.3,12.0
,"Salt Lake County, UT","49035","2020","2020","Suicide","2","Poisoning","GRINJ-015",38,1165517,3.3,2.3,4.5
,"Salt Lake County, UT","49035","2020","2020","Suicide","2","Suffocation","GRINJ-017",63,1165517,5.4,4.2,6.9
,"Salt Lake County, UT","49035","2020","2020","Homicide","3","Firearm","GRINJ-006",38,1165517,3.3,2.3,4.5
,"Salt Lake County, UT","49035","2020","2020","Undetermined ","4","Poisoning","GRINJ-015",11,1165517,0.9,0.5,1.7
,"Tooele County, UT","49045","2020","2020","Unintentional","1","Poisoning","GRINJ-015",19,74512,25.5,15.4,39.8
,"Tooele County, UT","49045","2020","2020","Suicide","2","Firearm","GRINJ-006",10,74512,13.4,6.4,24.7
,"Utah County, UT","49049","2020","2020","Unintentional","1","Fall","GRINJ-003",63,651059,9.7,7.4,12.4
,"Utah County, UT","49049","2020","2020","Unintentional","1","Motor Vehicle Traffic","GRINJ-008",44,651059,6.8,4.9,9.1
,"Utah County, UT","49049","2020","2020","Unintentional","1","Poisoning","GRINJ-015",69,651059,10.6,8.2,13.4
,"Utah County, UT","49049","2020","2020","Suicide","2","Firearm","GRINJ-006",57,651059,8.8,6.6,11.3
,"Utah County, UT","49049","2020","2020","Suicide","2","Poisoning","GRINJ-015",20,651059,3.1,1.9,4.7
,"Utah County, UT","49049","2020","2020","Suicide","2","Suffocation","GRINJ-017",31,651059,4.8,3.2,6.8
,"Washington County, UT","49053","2020","2020","Unintentional","1","Fall","GRINJ-003",27,184913,14.6,9.6,21.2
,"Washington County, UT","49053","2020","2020","Unintentional","1","Motor Vehicle Traffic","GRINJ-008",21,184913,11.4,7.0,17.4
,"Washington County, UT","49053","2020","2020","Unintentional","1","Poisoning","GRINJ-015",31,184913,16.8,11.4,23.8
,"Washington County, UT","49053","2020","2020","Suicide","2","Firearm","GRINJ-006",29,184913,15.7,10.5,22.5
,"Weber County, UT","49057","2020","2020","Unintentional","1","Fall","GRINJ-003",33,262658,12.6,8.6,17.6
,"Weber County, UT","49057","2020","2020","Unintentional","1","Motor Vehicle Traffic","GRINJ-008",30,262658,11.4,7.7,16.3
,"Weber County, UT","49057","2020","2020","Unintentional","1","Poisoning","GRINJ-015",59,262658,22.5,17.1,29.0
,"Weber County, UT","49057","2020","2020","Suicide","2","Firearm","GRINJ-006",31,262658,11.8,8.0,16.8
,"Weber County, UT","49057","2020","2020","Suicide","2","Poisoning","GRINJ-015",10,262658,3.8,1.8,7.0
,"Weber County, UT","49057","2020","2020","Suicide","2","Suffocation","GRINJ-017",20,262658,7.6,4.7,11.8
,"Addison County, VT","50001","2020","2020","Unintentional","1","Fall","GRINJ-003",10,36851,27.1,13.0,49.9
,"Bennington County, VT","50003","2020","2020","Unintentional","1","Fall","GRINJ-003",11,35338,31.1,15.5,55.7
,"Caledonia County, VT","50005","2020","2020","Unintentional","1","Fall","GRINJ-003",10,29705,33.7,16.1,61.9
,"Caledonia County, VT","50005","2020","2020","Unintentional","1","Poisoning","GRINJ-015",10,29705,33.7,16.1,61.9
,"Chittenden County, VT","50007","2020","2020","Unintentional","1","Fall","GRINJ-003",52,164306,31.6,23.6,41.5
,"Chittenden County, VT","50007","2020","2020","Unintentional","1","Motor Vehicle Traffic","GRINJ-008",12,164306,7.3,3.8,12.8
,"Chittenden County, VT","50007","2020","2020","Unintentional","1","Poisoning","GRINJ-015",33,164306,20.1,13.8,28.2
,"Chittenden County, VT","50007","2020","2020","Suicide","2","Firearm","GRINJ-006",10,164306,6.1,2.9,11.2
,"Rutland County, VT","50021","2020","2020","Unintentional","1","Fall","GRINJ-003",26,57764,45.0,29.4,66.0
,"Rutland County, VT","50021","2020","2020","Unintentional","1","Poisoning","GRINJ-015",23,57764,39.8,25.2,59.7
,"Rutland County, VT","50021","2020","2020","Suicide","2","Firearm","GRINJ-006",11,57764,19.0,9.5,34.1
,"Washington County, VT","50023","2020","2020","Unintentional","1","Fall","GRINJ-003",17,58328,29.1,17.0,46.7
,"Washington County, VT","50023","2020","2020","Unintentional","1","Poisoning","GRINJ-015",22,58328,37.7,23.6,57.1
,"Windham County, VT","50025","2020","2020","Unintentional","1","Poisoning","GRINJ-015",14,42015,33.3,18.2,55.9
,"Windsor County, VT","50027","2020","2020","Unintentional","1","Fall","GRINJ-003",19,54988,34.6,20.8,54.0
,"Windsor County, VT","50027","2020","2020","Unintentional","1","Poisoning","GRINJ-015",33,54988,60.0,41.3,84.3
,"Albemarle County, VA","51003","2020","2020","Unintentional","1","Fall","GRINJ-003",38,110652,34.3,24.3,47.1
,"Albemarle County, VA","51003","2020","2020","Unintentional","1","Motor Vehicle Traffic","GRINJ-008",12,110652,10.8,5.6,18.9
,"Albemarle County, VA","51003","2020","2020","Unintentional","1","Poisoning","GRINJ-015",11,110652,9.9,5.0,17.8
,"Albemarle County, VA","51003","2020","2020","Suicide","2","Firearm","GRINJ-006",11,110652,9.9,5.0,17.8
,"Amherst County, VA","51009","2020","2020","Unintentional","1","Fall","GRINJ-003",13,31667,41.1,21.9,70.2
,"Amherst County, VA","51009","2020","2020","Unintentional","1","Poisoning","GRINJ-015",10,31667,31.6,15.1,58.1
,"Arlington County, VA","51013","2020","2020","Unintentional","1","Fall","GRINJ-003",15,240119,6.2,3.5,10.3
,"Arlington County, VA","51013","2020","2020","Unintentional","1","Poisoning","GRINJ-015",35,240119,14.6,10.2,20.3
,"Arlington County, VA","51013","2020","2020","Suicide","2","Firearm","GRINJ-006",11,240119,4.6,2.3,8.2
,"Augusta County, VA","51015","2020","2020","Unintentional","1","Fall","GRINJ-003",16,76544,20.9,11.9,33.9
,"Augusta County, VA","51015","2020","2020","Unintentional","1","Motor Vehicle Traffic","GRINJ-008",12,76544,15.7,8.1,27.4
,"Augusta County, VA","51015","2020","2020","Unintentional","1","Poisoning","GRINJ-015",12,76544,15.7,8.1,27.4
,"Augusta County, VA","51015","2020","2020","Suicide","2","Firearm","GRINJ-006",12,76544,15.7,8.1,27.4
,"Bedford County, VA","51019","2020","2020","Unintentional","1","Fall","GRINJ-003",16,79811,20.0,11.5,32.6
,"Bedford County, VA","51019","2020","2020","Unintentional","1","Poisoning","GRINJ-015",16,79811,20.0,11.5,32.6
,"Campbell County, VA","51031","2020","2020","Unintentional","1","Poisoning","GRINJ-015",14,55304,25.3,13.8,42.5
,"Caroline County, VA","51033","2020","2020","Unintentional","1","Poisoning","GRINJ-015",14,30860,45.4,24.8,76.1
,"Chesterfield County, VA","51041","2020","2020","Unintentional","1","Fall","GRINJ-003",39,358245,10.9,7.7,14.9
,"Chesterfield County, VA","51041","2020","2020","Unintentional","1","Motor Vehicle Traffic","GRINJ-008",45,358245,12.6,9.2,16.8
,"Chesterfield County, VA","51041","2020","2020","Unintentional","1","Poisoning","GRINJ-015",112,358245,31.3,25.5,37.1
,"Chesterfield County, VA","51041","2020","2020","Suicide","2","Firearm","GRINJ-006",36,358245,10.0,7.0,13.9
,"Chesterfield County, VA","51041","2020","2020","Suicide","2","Suffocation","GRINJ-017",16,358245,4.5,2.6,7.3
,"Chesterfield County, VA","51041","2020","2020","Homicide","3","Firearm","GRINJ-006",17,358245,4.7,2.8,7.6
,"Culpeper County, VA","51047","2020","2020","Unintentional","1","Poisoning","GRINJ-015",18,53569,33.6,19.9,53.1
,"Fairfax County, VA","51059","2020","2020","Unintentional","1","Drowning","GRINJ-002",11,1150847,1.0,0.5,1.7
,"Fairfax County, VA","51059","2020","2020","Unintentional","1","Fall","GRINJ-003",79,1150847,6.9,5.4,8.6
,"Fairfax County, VA","51059","2020","2020","Unintentional","1","Motor Vehicle Traffic","GRINJ-008",39,1150847,3.4,2.4,4.6
,"Fairfax County, VA","51059","2020","2020","Unintentional","1","Poisoning","GRINJ-015",109,1150847,9.5,7.7,11.2
,"Fairfax County, VA","51059","2020","2020","Unintentional","1","Suffocation","GRINJ-017",19,1150847,1.7,1.0,2.6
,"Fairfax County, VA","51059","2020","2020","Unintentional","1","Unspecified Injury","GRINJ-020",10,1150847,0.9,0.4,1.6
,"Fairfax County, VA","51059","2020","2020","Suicide","2","Firearm","GRINJ-006",47,1150847,4.1,3.0,5.4
,"Fairfax County, VA","51059","2020","2020","Suicide","2","Poisoning","GRINJ-015",16,1150847,1.4,0.8,2.3
,"Fairfax County, VA","51059","2020","2020","Suicide","2","Suffocation","GRINJ-017",30,1150847,2.6,1.8,3.7
,"Fairfax County, VA","51059","2020","2020","Homicide","3","Firearm","GRINJ-006",17,1150847,1.5,0.9,2.4
,"Fauquier County, VA","51061","2020","2020","Unintentional","1","Poisoning","GRINJ-015",11,71361,15.4,7.7,27.6
,"Fluvanna County, VA","51065","2020","2020","Unintentional","1","Fall","GRINJ-003",10,27422,36.5,17.5,67.1
,"Franklin County, VA","51067","2020","2020","Unintentional","1","Poisoning","GRINJ-015",21,56167,37.4,23.1,57.2
,"Franklin County, VA","51067","2020","2020","Suicide","2","Firearm","GRINJ-006",12,56167,21.4,11.0,37.3
,"Frederick County, VA","51069","2020","2020","Unintentional","1","Motor Vehicle Traffic","GRINJ-008",12,91119,13.2,6.8,23.0
,"Frederick County, VA","51069","2020","2020","Unintentional","1","Poisoning","GRINJ-015",27,91119,29.6,19.5,43.1
,"Halifax County, VA","51083","2020","2020","Unintentional","1","Poisoning","GRINJ-015",10,33633,29.7,14.3,54.7
,"Hanover County, VA","51085","2020","2020","Unintentional","1","Motor Vehicle Traffic","GRINJ-008",17,108262,15.7,9.1,25.1
,"Hanover County, VA","51085","2020","2020","Unintentional","1","Poisoning","GRINJ-015",26,108262,24.0,15.7,35.2
,"Hanover County, VA","51085","2020","2020","Suicide","2","Firearm","GRINJ-006",14,108262,12.9,7.1,21.7
,"Henrico County, VA","51087","2020","2020","Unintentional","1","Fall","GRINJ-003",38,333766,11.4,8.1,15.6
,"Henrico County, VA","51087","2020","2020","Unintentional","1","Motor Vehicle Traffic","GRINJ-008",28,333766,8.4,5.6,12.1
,"Henrico County, VA","51087","2020","2020","Unintentional","1","Poisoning","GRINJ-015",90,333766,27.0,21.7,33.1
,"Henrico County, VA","51087","2020","2020","Unintentional","1","Suffocation","GRINJ-017",13,333766,3.9,2.1,6.7
,"Henrico County, VA","51087","2020","2020","Suicide","2","Firearm","GRINJ-006",23,333766,6.9,4.4,10.3
,"Henrico County, VA","51087","2020","2020","Suicide","2","Suffocation","GRINJ-017",12,333766,3.6,1.9,6.3
,"Henrico County, VA","51087","2020","2020","Homicide","3","Firearm","GRINJ-006",23,333766,6.9,4.4,10.3
,"Henry County, VA","51089","2020","2020","Unintentional","1","Fall","GRINJ-003",11,50309,21.9,10.9,39.1
,"Henry County, VA","51089","2020","2020","Unintentional","1","Motor Vehicle Traffic","GRINJ-008",19,50309,37.8,22.7,59.0
,"Henry County, VA","51089","2020","2020","Unintentional","1","Poisoning","GRINJ-015",31,50309,61.6,41.9,87.5
,"Isle of Wight County, VA","51093","2020","2020","Unintentional","1","Poisoning","GRINJ-015",10,37725,26.5,12.7,48.7
,"James City County, VA","51095","2020","2020","Unintentional","1","Fall","GRINJ-003",11,77612,14.2,7.1,25.4
,"James City County, VA","51095","2020","2020","Unintentional","1","Poisoning","GRINJ-015",15,77612,19.3,10.8,31.9
,"Loudoun County, VA","51107","2020","2020","Unintentional","1","Fall","GRINJ-003",21,422784,5.0,3.1,7.6
,"Loudoun County, VA","51107","2020","2020","Unintentional","1","Motor Vehicle Traffic","GRINJ-008",13,422784,3.1,1.6,5.3
,"Loudoun County, VA","51107","2020","2020","Unintentional","1","Poisoning","GRINJ-015",35,422784,8.3,5.8,11.5
,"Loudoun County, VA","51107","2020","2020","Suicide","2","Firearm","GRINJ-006",13,422784,3.1,1.6,5.3
,"Loudoun County, VA","51107","2020","2020","Suicide","2","Suffocation","GRINJ-017",15,422784,3.5,2.0,5.9
,"Louisa County, VA","51109","2020","2020","Unintentional","1","Motor Vehicle Traffic","GRINJ-008",12,38132,31.5,16.3,55.0
,"Montgomery County, VA","51121","2020","2020","Unintentional","1","Fall","GRINJ-003",20,98391,20.3,12.4,31.4
,"Montgomery County, VA","51121","2020","2020","Unintentional","1","Poisoning","GRINJ-015",16,98391,16.3,9.3,26.4
,"Orange County, VA","51137","2020","2020","Unintentional","1","Poisoning","GRINJ-015",11,37695,29.2,14.6,52.2
,"Patrick County, VA","51141","2020","2020","Unintentional","1","Poisoning","GRINJ-015",10,17493,57.2,27.4,105.1
,"Pittsylvania County, VA","51143","2020","2020","Unintentional","1","Fall","GRINJ-003",10,59850,16.7,8.0,30.7
,"Pittsylvania County, VA","51143","2020","2020","Unintentional","1","Motor Vehicle Traffic","GRINJ-008",17,59850,28.4,16.5,45.5
,"Pittsylvania County, VA","51143","2020","2020","Unintentional","1","Poisoning","GRINJ-015",17,59850,28.4,16.5,45.5
,"Pittsylvania County, VA","51143","2020","2020","Suicide","2","Firearm","GRINJ-006",11,59850,18.4,9.2,32.9
,"Powhatan County, VA","51145","2020","2020","Unintentional","1","Poisoning","GRINJ-015",12,30148,39.8,20.6,69.5
,"Prince William County, VA","51153","2020","2020","Unintentional","1","Fall","GRINJ-003",19,475533,4.0,2.4,6.2
,"Prince William County, VA","51153","2020","2020","Unintentional","1","Motor Vehicle Traffic","GRINJ-008",33,475533,6.9,4.8,9.7
,"Prince William County, VA","51153","2020","2020","Unintentional","1","Poisoning","GRINJ-015",107,475533,22.5,18.2,26.8
,"Prince William County, VA","51153","2020","2020","Suicide","2","Firearm","GRINJ-006",15,475533,3.2,1.8,5.2
,"Prince William County, VA","51153","2020","2020","Suicide","2","Suffocation","GRINJ-017",14,475533,2.9,1.6,4.9
,"Pulaski County, VA","51155","2020","2020","Unintentional","1","Poisoning","GRINJ-015",10,33935,29.5,14.1,54.2
,"Roanoke County, VA","51161","2020","2020","Unintentional","1","Fall","GRINJ-003",27,94509,28.6,18.8,41.6
,"Roanoke County, VA","51161","2020","2020","Unintentional","1","Poisoning","GRINJ-015",34,94509,36.0,24.9,50.3
,"Rockingham County, VA","51165","2020","2020","Unintentional","1","Fall","GRINJ-003",15,82346,18.2,10.2,30.0
,"Rockingham County, VA","51165","2020","2020","Unintentional","1","Motor Vehicle Traffic","GRINJ-008",12,82346,14.6,7.5,25.5
,"Rockingham County, VA","51165","2020","2020","Unintentional","1","Poisoning","GRINJ-015",16,82346,19.4,11.1,31.6
,"Shenandoah County, VA","51171","2020","2020","Unintentional","1","Motor Vehicle Traffic","GRINJ-008",10,43905,22.8,10.9,41.9
,"Smyth County, VA","51173","2020","2020","Suicide","2","Firearm","GRINJ-006",10,30090,33.2,15.9,61.1
,"Spotsylvania County, VA","51177","2020","2020","Unintentional","1","Fall","GRINJ-003",17,138449,12.3,7.2,19.7
,"Spotsylvania County, VA","51177","2020","2020","Unintentional","1","Motor Vehicle Traffic","GRINJ-008",15,138449,10.8,6.1,17.9
,"Spotsylvania County, VA","51177","2020","2020","Unintentional","1","Poisoning","GRINJ-015",52,138449,37.6,28.1,49.3
,"Stafford County, VA","51179","2020","2020","Unintentional","1","Fall","GRINJ-003",19,156748,12.1,7.3,18.9
,"Stafford County, VA","51179","2020","2020","Unintentional","1","Poisoning","GRINJ-015",37,156748,23.6,16.6,32.5
,"Stafford County, VA","51179","2020","2020","Suicide","2","Firearm","GRINJ-006",12,156748,7.7,4.0,13.4
,"Tazewell County, VA","51185","2020","2020","Unintentional","1","Fall","GRINJ-003",11,40529,27.1,13.5,48.6
,"Tazewell County, VA","51185","2020","2020","Unintentional","1","Poisoning","GRINJ-015",24,40529,59.2,37.9,88.1
,"Warren County, VA","51187","2020","2020","Unintentional","1","Poisoning","GRINJ-015",21,40475,51.9,32.1,79.3
,"Washington County, VA","51191","2020","2020","Unintentional","1","Fall","GRINJ-003",12,53695,22.3,11.5,39.0
,"Washington County, VA","51191","2020","2020","Suicide","2","Firearm","GRINJ-006",10,53695,18.6,8.9,34.2
,"Wise County, VA","51195","2020","2020","Unintentional","1","Fall","GRINJ-003",12,37206,32.3,16.7,56.3
,"York County, VA","51199","2020","2020","Unintentional","1","Poisoning","GRINJ-015",16,69199,23.1,13.2,37.5
,"Alexandria city, VA","51510","2020","2020","Unintentional","1","Poisoning","GRINJ-015",18,158726,11.3,6.7,17.9
,"Chesapeake city, VA","51550","2020","2020","Unintentional","1","Fall","GRINJ-003",21,247011,8.5,5.3,13.0
,"Chesapeake city, VA","51550","2020","2020","Unintentional","1","Motor Vehicle Traffic","GRINJ-008",19,247011,7.7,4.6,12.0
,"Chesapeake city, VA","51550","2020","2020","Unintentional","1","Poisoning","GRINJ-015",60,247011,24.3,18.5,31.3
,"Chesapeake city, VA","51550","2020","2020","Suicide","2","Firearm","GRINJ-006",13,247011,5.3,2.8,9.0
,"Chesapeake city, VA","51550","2020","2020","Homicide","3","Firearm","GRINJ-006",18,247011,7.3,4.3,11.5
,"Danville city, VA","51590","2020","2020","Unintentional","1","Motor Vehicle Traffic","GRINJ-008",11,39869,27.6,13.8,49.4
,"Danville city, VA","51590","2020","2020","Unintentional","1","Poisoning","GRINJ-015",15,39869,37.6,21.1,62.1
,"Fredericksburg city, VA","51630","2020","2020","Unintentional","1","Poisoning","GRINJ-015",15,29492,50.9,28.5,83.9
,"Hampton city, VA","51650","2020","2020","Unintentional","1","Fall","GRINJ-003",14,135464,10.3,5.7,17.3
,"Hampton city, VA","51650","2020","2020","Unintentional","1","Motor Vehicle Traffic","GRINJ-008",15,135464,11.1,6.2,18.3
,"Hampton city, VA","51650","2020","2020","Unintentional","1","Poisoning","GRINJ-015",43,135464,31.7,23.0,42.8
,"Hampton city, VA","51650","2020","2020","Homicide","3","Firearm","GRINJ-006",15,135464,11.1,6.2,18.3
,"Hopewell city, VA","51670","2020","2020","Unintentional","1","Poisoning","GRINJ-015",16,22375,71.5,40.9,116.1
,"Lynchburg city, VA","51680","2020","2020","Unintentional","1","Fall","GRINJ-003",11,81561,13.5,6.7,24.1
,"Lynchburg city, VA","51680","2020","2020","Unintentional","1","Motor Vehicle Traffic","GRINJ-008",13,81561,15.9,8.5,27.3
,"Lynchburg city, VA","51680","2020","2020","Unintentional","1","Poisoning","GRINJ-015",18,81561,22.1,13.1,34.9
,"Manassas city, VA","51683","2020","2020","Unintentional","1","Poisoning","GRINJ-015",11,40869,26.9,13.4,48.2
,"Martinsville city, VA","51690","2020","2020","Unintentional","1","Poisoning","GRINJ-015",11,12355,89.0,44.4,159.3
,"Newport News city, VA","51700","2020","2020","Unintentional","1","Fall","GRINJ-003",20,179062,11.2,6.8,17.3
,"Newport News city, VA","51700","2020","2020","Unintentional","1","Motor Vehicle Traffic","GRINJ-008",25,179062,14.0,9.0,20.6
,"Newport News city, VA","51700","2020","2020","Unintentional","1","Poisoning","GRINJ-015",65,179062,36.3,28.0,46.3
,"Newport News city, VA","51700","2020","2020","Suicide","2","Firearm","GRINJ-006",19,179062,10.6,6.4,16.6
,"Newport News city, VA","51700","2020","2020","Homicide","3","Firearm","GRINJ-006",26,179062,14.5,9.5,21.3
,"Norfolk city, VA","51710","2020","2020","Unintentional","1","Fall","GRINJ-003",25,242803,10.3,6.7,15.2
,"Norfolk city, VA","51710","2020","2020","Unintentional","1","Motor Vehicle Traffic","GRINJ-008",21,242803,8.6,5.4,13.2
,"Norfolk city, VA","51710","2020","2020","Unintentional","1","Poisoning","GRINJ-015",77,242803,31.7,25.0,39.6
,"Norfolk city, VA","51710","2020","2020","Suicide","2","Firearm","GRINJ-006",18,242803,7.4,4.4,11.7
,"Norfolk city, VA","51710","2020","2020","Homicide","3","Firearm","GRINJ-006",39,242803,16.1,11.4,22.0
,"Petersburg city, VA","51730","2020","2020","Unintentional","1","Poisoning","GRINJ-015",37,30446,121.5,85.6,167.5
,"Petersburg city, VA","51730","2020","2020","Homicide","3","Firearm","GRINJ-006",13,30446,42.7,22.7,73.0
,"Portsmouth city, VA","51740","2020","2020","Unintentional","1","Motor Vehicle Traffic","GRINJ-008",16,95094,16.8,9.6,27.3
,"Portsmouth city, VA","51740","2020","2020","Unintentional","1","Poisoning","GRINJ-015",45,95094,47.3,34.5,63.3
,"Portsmouth city, VA","51740","2020","2020","Homicide","3","Firearm","GRINJ-006",21,95094,22.1,13.7,33.8
,"Richmond city, VA","51760","2020","2020","Unintentional","1","Fall","GRINJ-003",15,232226,6.5,3.6,10.7
,"Richmond city, VA","51760","2020","2020","Unintentional","1","Motor Vehicle Traffic","GRINJ-008",24,232226,10.3,6.6,15.4
,"Richmond city, VA","51760","2020","2020","Unintentional","1","Poisoning","GRINJ-015",144,232226,62.0,51.9,72.1
,"Richmond city, VA","51760","2020","2020","Suicide","2","Firearm","GRINJ-006",13,232226,5.6,3.0,9.6
,"Richmond city, VA","51760","2020","2020","Homicide","3","Firearm","GRINJ-006",51,232226,22.0,16.4,28.9
,"Roanoke city, VA","51770","2020","2020","Unintentional","1","Fall","GRINJ-003",30,99058,30.3,20.4,43.2
,"Roanoke city, VA","51770","2020","2020","Unintentional","1","Motor Vehicle Traffic","GRINJ-008",19,99058,19.2,11.5,30.0
,"Roanoke city, VA","51770","2020","2020","Unintentional","1","Poisoning","GRINJ-015",72,99058,72.7,56.9,91.5
,"Roanoke city, VA","51770","2020","2020","Suicide","2","Firearm","GRINJ-006",13,99058,13.1,7.0,22.4
,"Roanoke city, VA","51770","2020","2020","Homicide","3","Firearm","GRINJ-006",15,99058,15.1,8.5,25.0
,"Salem city, VA","51775","2020","2020","Unintentional","1","Poisoning","GRINJ-015",11,25340,43.4,21.7,77.7
,"Suffolk city, VA","51800","2020","2020","Unintentional","1","Poisoning","GRINJ-015",25,93913,26.6,17.2,39.3
,"Virginia Beach city, VA","51810","2020","2020","Unintentional","1","Fall","GRINJ-003",49,451231,10.9,8.0,14.4
,"Virginia Beach city, VA","51810","2020","2020","Unintentional","1","Motor Vehicle Traffic","GRINJ-008",28,451231,6.2,4.1,9.0
,"Virginia Beach city, VA","51810","2020","2020","Unintentional","1","Poisoning","GRINJ-015",108,451231,23.9,19.4,28.4
,"Virginia Beach city, VA","51810","2020","2020","Suicide","2","Firearm","GRINJ-006",42,451231,9.3,6.7,12.6
,"Virginia Beach city, VA","51810","2020","2020","Suicide","2","Poisoning","GRINJ-015",11,451231,2.4,1.2,4.4
,"Virginia Beach city, VA","51810","2020","2020","Suicide","2","Suffocation","GRINJ-017",17,451231,3.8,2.2,6.0
,"Virginia Beach city, VA","51810","2020","2020","Homicide","3","Firearm","GRINJ-006",16,451231,3.5,2.0,5.8
,"Winchester city, VA","51840","2020","2020","Unintentional","1","Poisoning","GRINJ-015",16,27700,57.8,33.0,93.8
,"Benton County, WA","53005","2020","2020","Unintentional","1","Fall","GRINJ-003",26,206426,12.6,8.2,18.5
,"Benton County, WA","53005","2020","2020","Unintentional","1","Motor Vehicle Traffic","GRINJ-008",13,206426,6.3,3.4,10.8
,"Benton County, WA","53005","2020","2020","Unintentional","1","Poisoning","GRINJ-015",44,206426,21.3,15.5,28.6
,"Benton County, WA","53005","2020","2020","Suicide","2","Firearm","GRINJ-006",19,206426,9.2,5.5,14.4
,"Benton County, WA","53005","2020","2020","Suicide","2","Suffocation","GRINJ-017",11,206426,5.3,2.7,9.5
,"Chelan County, WA","53007","2020","2020","Unintentional","1","Fall","GRINJ-003",16,77574,20.6,11.8,33.5
,"Chelan County, WA","53007","2020","2020","Unintentional","1","Poisoning","GRINJ-015",10,77574,12.9,6.2,23.7
,"Clallam County, WA","53009","2020","2020","Unintentional","1","Fall","GRINJ-003",27,78067,34.6,22.8,50.3
,"Clallam County, WA","53009","2020","2020","Unintentional","1","Poisoning","GRINJ-015",21,78067,26.9,16.7,41.1
,"Clallam County, WA","53009","2020","2020","Suicide","2","Firearm","GRINJ-006",13,78067,16.7,8.9,28.5
,"Clark County, WA","53011","2020","2020","Unintentional","1","Fall","GRINJ-003",118,496865,23.7,19.5,28.0
,"Clark County, WA","53011","2020","2020","Unintentional","1","Motor Vehicle Traffic","GRINJ-008",51,496865,10.3,7.6,13.5
,"Clark County, WA","53011","2020","2020","Unintentional","1","Poisoning","GRINJ-015",102,496865,20.5,16.5,24.5
,"Clark County, WA","53011","2020","2020","Unintentional","1","Suffocation","GRINJ-017",10,496865,2.0,1.0,3.7
,"Clark County, WA","53011","2020","2020","Suicide","2","Firearm","GRINJ-006",49,496865,9.9,7.3,13.0
,"Clark County, WA","53011","2020","2020","Suicide","2","Poisoning","GRINJ-015",22,496865,4.4,2.8,6.7
,"Clark County, WA","53011","2020","2020","Suicide","2","Suffocation","GRINJ-017",25,496865,5.0,3.3,7.4
,"Clark County, WA","53011","2020","2020","Homicide","3","Firearm","GRINJ-006",10,496865,2.0,1.0,3.7
,"Cowlitz County, WA","53015","2020","2020","Unintentional","1","Fall","GRINJ-003",10,111371,9.0,4.3,16.5
,"Cowlitz County, WA","53015","2020","2020","Unintentional","1","Poisoning","GRINJ-015",27,111371,24.2,16.0,35.3
,"Cowlitz County, WA","53015","2020","2020","Suicide","2","Firearm","GRINJ-006",12,111371,10.8,5.6,18.8
,"Franklin County, WA","53021","2020","2020","Unintentional","1","Poisoning","GRINJ-015",18,97075,18.5,11.0,29.3
,"Grant County, WA","53025","2020","2020","Unintentional","1","Motor Vehicle Traffic","GRINJ-008",14,99377,14.1,7.7,23.6
,"Grant County, WA","53025","2020","2020","Unintentional","1","Poisoning","GRINJ-015",18,99377,18.1,10.7,28.6
,"Grant County, WA","53025","2020","2020","Suicide","2","Firearm","GRINJ-006",10,99377,10.1,4.8,18.5
,"Grays Harbor County, WA","53027","2020","2020","Unintentional","1","Fall","GRINJ-003",16,75950,21.1,12.0,34.2
,"Grays Harbor County, WA","53027","2020","2020","Unintentional","1","Poisoning","GRINJ-015",17,75950,22.4,13.0,35.8
,"Grays Harbor County, WA","53027","2020","2020","Suicide","2","Firearm","GRINJ-006",10,75950,13.2,6.3,24.2
,"Island County, WA","53029","2020","2020","Unintentional","1","Fall","GRINJ-003",21,86014,24.4,15.1,37.3
,"Island County, WA","53029","2020","2020","Unintentional","1","Motor Vehicle Traffic","GRINJ-008",15,86014,17.4,9.8,28.8
,"Island County, WA","53029","2020","2020","Unintentional","1","Poisoning","GRINJ-015",12,86014,14.0,7.2,24.4
,"Island County, WA","53029","2020","2020","Suicide","2","Firearm","GRINJ-006",11,86014,12.8,6.4,22.9
,"Jefferson County, WA","53031","2020","2020","Unintentional","1","Poisoning","GRINJ-015",10,32700,30.6,14.7,56.2
,"King County, WA","53033","2020","2020","Unintentional","1","Drowning","GRINJ-002",23,2274315,1.0,0.6,1.5
,"King County, WA","53033","2020","2020","Unintentional","1","Fall","GRINJ-003",238,2274315,10.5,9.1,11.8
,"King County, WA","53033","2020","2020","Unintentional","1","Fire/Flame","GRINJ-004",16,2274315,0.7,0.4,1.1
,"King County, WA","53033","2020","2020","Unintentional","1","Motor Vehicle Traffic","GRINJ-008",125,2274315,5.5,4.5,6.5
,"King County, WA","53033","2020","2020","Unintentional","1","Other transport","GRINJ-012",10,2274315,0.4,0.2,0.8
,"King County, WA","53033","2020","2020","Unintentional","1","Natural/Environmental","GRINJ-013",16,2274315,0.7,0.4,1.1
,"King County, WA","53033","2020","2020","Unintentional","1","Poisoning","GRINJ-015",457,2274315,20.1,18.3,21.9
,"King County, WA","53033","2020","2020","Unintentional","1","Suffocation","GRINJ-017",37,2274315,1.6,1.1,2.2
,"King County, WA","53033","2020","2020","Unintentional","1","Other specified, classifiable Injury","GRINJ-018",13,2274315,0.6,0.3,1.0
,"King County, WA","53033","2020","2020","Unintentional","1","Other specified, not elsewhere classified Injury","GRINJ-019",11,2274315,0.5,0.2,0.9
,"King County, WA","53033","2020","2020","Unintentional","1","Unspecified Injury","GRINJ-020",16,2274315,0.7,0.4,1.1
,"King County, WA","53033","2020","2020","Suicide","2","Cut/Pierce","GRINJ-001",13,2274315,0.6,0.3,1.0
,"King County, WA","53033","2020","2020","Suicide","2","Fall","GRINJ-003",12,2274315,0.5,0.3,0.9
,"King County, WA","53033","2020","2020","Suicide","2","Firearm","GRINJ-006",104,2274315,4.6,3.7,5.5
,"King County, WA","53033","2020","2020","Suicide","2","Poisoning","GRINJ-015",43,2274315,1.9,1.4,2.5
,"King County, WA","53033","2020","2020","Suicide","2","Suffocation","GRINJ-017",76,2274315,3.3,2.6,4.2
,"King County, WA","53033","2020","2020","Homicide","3","Cut/Pierce","GRINJ-001",15,2274315,0.7,0.4,1.1
,"King County, WA","53033","2020","2020","Homicide","3","Firearm","GRINJ-006",71,2274315,3.1,2.4,3.9
,"King County, WA","53033","2020","2020","Homicide","3","Unspecified Injury","GRINJ-020",11,2274315,0.5,0.2,0.9
,"King County, WA","53033","2020","2020","Undetermined ","4","Drowning","GRINJ-002",12,2274315,0.5,0.3,0.9
,"King County, WA","53033","2020","2020","Undetermined ","4","Poisoning","GRINJ-015",15,2274315,0.7,0.4,1.1
,"Kitsap County, WA","53035","2020","2020","Unintentional","1","Fall","GRINJ-003",36,272787,13.2,9.2,18.3
,"Kitsap County, WA","53035","2020","2020","Unintentional","1","Motor Vehicle Traffic","GRINJ-008",21,272787,7.7,4.8,11.8
,"Kitsap County, WA","53035","2020","2020","Unintentional","1","Poisoning","GRINJ-015",42,272787,15.4,11.1,20.8
,"Kitsap County, WA","53035","2020","2020","Suicide","2","Firearm","GRINJ-006",35,272787,12.8,8.9,17.8
,"Kitsap County, WA","53035","2020","2020","Suicide","2","Suffocation","GRINJ-017",11,272787,4.0,2.0,7.2
,"Lewis County, WA","53041","2020","2020","Unintentional","1","Fall","GRINJ-003",16,82109,19.5,11.1,31.6
,"Lewis County, WA","53041","2020","2020","Unintentional","1","Poisoning","GRINJ-015",23,82109,28.0,17.8,42.0
,"Lewis County, WA","53041","2020","2020","Suicide","2","Firearm","GRINJ-006",11,82109,13.4,6.7,24.0
,"Mason County, WA","53045","2020","2020","Unintentional","1","Motor Vehicle Traffic","GRINJ-008",15,68224,22.0,12.3,36.3
,"Mason County, WA","53045","2020","2020","Unintentional","1","Poisoning","GRINJ-015",19,68224,27.8,16.8,43.5
,"Mason County, WA","53045","2020","2020","Suicide","2","Firearm","GRINJ-006",10,68224,14.7,7.0,27.0
,"Okanogan County, WA","53047","2020","2020","Unintentional","1","Poisoning","GRINJ-015",12,42620,28.2,14.5,49.2
,"Pierce County, WA","53053","2020","2020","Unintentional","1","Drowning","GRINJ-002",17,913890,1.9,1.1,3.0
,"Pierce County, WA","53053","2020","2020","Unintentional","1","Fall","GRINJ-003",187,913890,20.5,17.5,23.4
,"Pierce County, WA","53053","2020","2020","Unintentional","1","Motor Vehicle Traffic","GRINJ-008",74,913890,8.1,6.4,10.2
,"Pierce County, WA","53053","2020","2020","Unintentional","1","Poisoning","GRINJ-015",236,913890,25.8,22.5,29.1
,"Pierce County, WA","53053","2020","2020","Unintentional","1","Suffocation","GRINJ-017",13,913890,1.4,0.8,2.4
,"Pierce County, WA","53053","2020","2020","Suicide","2","Firearm","GRINJ-006",75,913890,8.2,6.5,10.3
,"Pierce County, WA","53053","2020","2020","Suicide","2","Poisoning","GRINJ-015",28,913890,3.1,2.0,4.4
,"Pierce County, WA","53053","2020","2020","Suicide","2","Suffocation","GRINJ-017",30,913890,3.3,2.2,4.7
,"Pierce County, WA","53053","2020","2020","Homicide","3","Firearm","GRINJ-006",34,913890,3.7,2.6,5.2
,"Skagit County, WA","53057","2020","2020","Unintentional","1","Fall","GRINJ-003",25,130789,19.1,12.4,28.2
,"Skagit County, WA","53057","2020","2020","Unintentional","1","Motor Vehicle Traffic","GRINJ-008",12,130789,9.2,4.7,16.0
,"Skagit County, WA","53057","2020","2020","Unintentional","1","Poisoning","GRINJ-015",40,130789,30.6,21.8,41.6
,"Snohomish County, WA","53061","2020","2020","Unintentional","1","Fall","GRINJ-003",156,830393,18.8,15.8,21.7
,"Snohomish County, WA","53061","2020","2020","Unintentional","1","Motor Vehicle Traffic","GRINJ-008",56,830393,6.7,5.1,8.8
,"Snohomish County, WA","53061","2020","2020","Unintentional","1","Poisoning","GRINJ-015",226,830393,27.2,23.7,30.8
,"Snohomish County, WA","53061","2020","2020","Unintentional","1","Suffocation","GRINJ-017",11,830393,1.3,0.7,2.4
,"Snohomish County, WA","53061","2020","2020","Suicide","2","Firearm","GRINJ-006",63,830393,7.6,5.8,9.7
,"Snohomish County, WA","53061","2020","2020","Suicide","2","Poisoning","GRINJ-015",13,830393,1.6,0.8,2.7
,"Snohomish County, WA","53061","2020","2020","Suicide","2","Suffocation","GRINJ-017",36,830393,4.3,3.0,6.0
,"Snohomish County, WA","53061","2020","2020","Homicide","3","Firearm","GRINJ-006",17,830393,2.0,1.2,3.3
,"Spokane County, WA","53063","2020","2020","Unintentional","1","Drowning","GRINJ-002",10,528225,1.9,0.9,3.5
,"Spokane County, WA","53063","2020","2020","Unintentional","1","Fall","GRINJ-003",154,528225,29.2,24.5,33.8
,"Spokane County, WA","53063","2020","2020","Unintentional","1","Motor Vehicle Traffic","GRINJ-008",54,528225,10.2,7.7,13.3
,"Spokane County, WA","53063","2020","2020","Unintentional","1","Natural/Environmental","GRINJ-013",11,528225,2.1,1.0,3.7
,"Spokane County, WA","53063","2020","2020","Unintentional","1","Poisoning","GRINJ-015",101,528225,19.1,15.4,22.8
,"Spokane County, WA","53063","2020","2020","Unintentional","1","Suffocation","GRINJ-017",15,528225,2.8,1.6,4.7
,"Spokane County, WA","53063","2020","2020","Suicide","2","Firearm","GRINJ-006",52,528225,9.8,7.4,12.9
,"Spokane County, WA","53063","2020","2020","Suicide","2","Poisoning","GRINJ-015",13,528225,2.5,1.3,4.2
,"Spokane County, WA","53063","2020","2020","Suicide","2","Suffocation","GRINJ-017",19,528225,3.6,2.2,5.6
,"Stevens County, WA","53065","2020","2020","Unintentional","1","Fall","GRINJ-003",11,46360,23.7,11.8,42.5
,"Stevens County, WA","53065","2020","2020","Unintentional","1","Motor Vehicle Traffic","GRINJ-008",10,46360,21.6,10.3,39.7
,"Thurston County, WA","53067","2020","2020","Unintentional","1","Fall","GRINJ-003",44,294074,15.0,10.9,20.1
,"Thurston County, WA","53067","2020","2020","Unintentional","1","Motor Vehicle Traffic","GRINJ-008",25,294074,8.5,5.5,12.5
,"Thurston County, WA","53067","2020","2020","Unintentional","1","Poisoning","GRINJ-015",44,294074,15.0,10.9,20.1
,"Thurston County, WA","53067","2020","2020","Unintentional","1","Suffocation","GRINJ-017",11,294074,3.7,1.9,6.7
,"Thurston County, WA","53067","2020","2020","Suicide","2","Firearm","GRINJ-006",31,294074,10.5,7.2,15.0
,"Thurston County, WA","53067","2020","2020","Suicide","2","Suffocation","GRINJ-017",16,294074,5.4,3.1,8.8
,"Walla Walla County, WA","53071","2020","2020","Unintentional","1","Fall","GRINJ-003",14,61292,22.8,12.5,38.3
,"Walla Walla County, WA","53071","2020","2020","Unintentional","1","Poisoning","GRINJ-015",13,61292,21.2,11.3,36.3
,"Whatcom County, WA","53073","2020","2020","Unintentional","1","Fall","GRINJ-003",19,231016,8.2,5.0,12.8
,"Whatcom County, WA","53073","2020","2020","Unintentional","1","Motor Vehicle Traffic","GRINJ-008",16,231016,6.9,4.0,11.2
,"Whatcom County, WA","53073","2020","2020","Unintentional","1","Poisoning","GRINJ-015",38,231016,16.4,11.6,22.6
,"Whatcom County, WA","53073","2020","2020","Suicide","2","Firearm","GRINJ-006",15,231016,6.5,3.6,10.7
,"Whitman County, WA","53075","2020","2020","Unintentional","1","Fall","GRINJ-003",10,49500,20.2,9.7,37.2
,"Yakima County, WA","53077","2020","2020","Unintentional","1","Fall","GRINJ-003",16,251879,6.4,3.6,10.3
,"Yakima County, WA","53077","2020","2020","Unintentional","1","Motor Vehicle Traffic","GRINJ-008",51,251879,20.2,15.1,26.6
,"Yakima County, WA","53077","2020","2020","Unintentional","1","Poisoning","GRINJ-015",73,251879,29.0,22.7,36.4
,"Yakima County, WA","53077","2020","2020","Suicide","2","Firearm","GRINJ-006",21,251879,8.3,5.2,12.7
,"Yakima County, WA","53077","2020","2020","Suicide","2","Suffocation","GRINJ-017",14,251879,5.6,3.0,9.3
,"Yakima County, WA","53077","2020","2020","Homicide","3","Firearm","GRINJ-006",26,251879,10.3,6.7,15.1
,"Berkeley County, WV","54003","2020","2020","Unintentional","1","Fall","GRINJ-003",31,122125,25.4,17.2,36.0
,"Berkeley County, WV","54003","2020","2020","Unintentional","1","Motor Vehicle Traffic","GRINJ-008",23,122125,18.8,11.9,28.3
,"Berkeley County, WV","54003","2020","2020","Unintentional","1","Poisoning","GRINJ-015",105,122125,86.0,69.5,102.4
,"Boone County, WV","54005","2020","2020","Unintentional","1","Poisoning","GRINJ-015",21,21055,99.7,61.7,152.5
,"Brooke County, WV","54009","2020","2020","Unintentional","1","Poisoning","GRINJ-015",13,21674,60.0,31.9,102.6
,"Cabell County, WV","54011","2020","2020","Unintentional","1","Fall","GRINJ-003",17,91589,18.6,10.8,29.7
,"Cabell County, WV","54011","2020","2020","Unintentional","1","Poisoning","GRINJ-015",122,91589,133.2,109.6,156.8
,"Cabell County, WV","54011","2020","2020","Homicide","3","Firearm","GRINJ-006",10,91589,10.9,5.2,20.1
,"Fayette County, WV","54019","2020","2020","Unintentional","1","Poisoning","GRINJ-015",31,42062,73.7,50.1,104.6
,"Greenbrier County, WV","54025","2020","2020","Unintentional","1","Fall","GRINJ-003",13,34319,37.9,20.2,64.8
,"Greenbrier County, WV","54025","2020","2020","Unintentional","1","Poisoning","GRINJ-015",19,34319,55.4,33.3,86.5
,"Hampshire County, WV","54027","2020","2020","Unintentional","1","Motor Vehicle Traffic","GRINJ-008",10,23190,43.1,20.7,79.3
,"Hampshire County, WV","54027","2020","2020","Unintentional","1","Poisoning","GRINJ-015",17,23190,73.3,42.7,117.4
,"Hancock County, WV","54029","2020","2020","Unintentional","1","Fall","GRINJ-003",12,28571,42.0,21.7,73.4
,"Hancock County, WV","54029","2020","2020","Unintentional","1","Poisoning","GRINJ-015",18,28571,63.0,37.3,99.6
,"Harrison County, WV","54033","2020","2020","Unintentional","1","Fall","GRINJ-003",12,66870,17.9,9.3,31.3
,"Harrison County, WV","54033","2020","2020","Unintentional","1","Poisoning","GRINJ-015",41,66870,61.3,44.0,83.2
,"Jackson County, WV","54035","2020","2020","Unintentional","1","Motor Vehicle Traffic","GRINJ-008",10,28453,35.1,16.9,64.6
,"Jefferson County, WV","54037","2020","2020","Unintentional","1","Motor Vehicle Traffic","GRINJ-008",16,57486,27.8,15.9,45.2
,"Jefferson County, WV","54037","2020","2020","Unintentional","1","Poisoning","GRINJ-015",32,57486,55.7,38.1,78.6
,"Kanawha County, WV","54039","2020","2020","Unintentional","1","Fall","GRINJ-003",59,176253,33.5,25.5,43.2
,"Kanawha County, WV","54039","2020","2020","Unintentional","1","Motor Vehicle Traffic","GRINJ-008",21,176253,11.9,7.4,18.2
,"Kanawha County, WV","54039","2020","2020","Unintentional","1","Poisoning","GRINJ-015",183,176253,103.8,88.8,118.9
,"Kanawha County, WV","54039","2020","2020","Suicide","2","Firearm","GRINJ-006",15,176253,8.5,4.8,14.0
,"Kanawha County, WV","54039","2020","2020","Suicide","2","Suffocation","GRINJ-017",10,176253,5.7,2.7,10.4
,"Kanawha County, WV","54039","2020","2020","Homicide","3","Firearm","GRINJ-006",15,176253,8.5,4.8,14.0
,"Lincoln County, WV","54043","2020","2020","Unintentional","1","Poisoning","GRINJ-015",18,20043,89.8,53.2,141.9
,"Logan County, WV","54045","2020","2020","Unintentional","1","Poisoning","GRINJ-015",47,31688,148.3,109.0,197.2
,"McDowell County, WV","54047","2020","2020","Unintentional","1","Poisoning","GRINJ-015",28,16916,165.5,110.0,239.2
,"Marion County, WV","54049","2020","2020","Unintentional","1","Poisoning","GRINJ-015",36,55962,64.3,45.1,89.1
,"Marshall County, WV","54051","2020","2020","Unintentional","1","Poisoning","GRINJ-015",16,30103,53.2,30.4,86.3
,"Mason County, WV","54053","2020","2020","Unintentional","1","Poisoning","GRINJ-015",17,26335,64.6,37.6,103.4
,"Mercer County, WV","54055","2020","2020","Unintentional","1","Fall","GRINJ-003",15,58258,25.7,14.4,42.5
,"Mercer County, WV","54055","2020","2020","Unintentional","1","Poisoning","GRINJ-015",61,58258,104.7,80.1,134.5
,"Mineral County, WV","54057","2020","2020","Unintentional","1","Fall","GRINJ-003",11,26722,41.2,20.5,73.7
,"Mingo County, WV","54059","2020","2020","Unintentional","1","Poisoning","GRINJ-015",21,22951,91.5,56.6,139.9
,"Monongalia County, WV","54061","2020","2020","Unintentional","1","Fall","GRINJ-003",11,106819,10.3,5.1,18.4
,"Monongalia County, WV","54061","2020","2020","Unintentional","1","Motor Vehicle Traffic","GRINJ-008",10,106819,9.4,4.5,17.2
,"Monongalia County, WV","54061","2020","2020","Unintentional","1","Poisoning","GRINJ-015",38,106819,35.6,25.2,48.8
,"Monongalia County, WV","54061","2020","2020","Suicide","2","Firearm","GRINJ-006",11,106819,10.3,5.1,18.4
,"Morgan County, WV","54065","2020","2020","Unintentional","1","Poisoning","GRINJ-015",10,17873,56.0,26.8,102.9
,"Nicholas County, WV","54067","2020","2020","Unintentional","1","Poisoning","GRINJ-015",10,24340,41.1,19.7,75.6
,"Ohio County, WV","54069","2020","2020","Unintentional","1","Poisoning","GRINJ-015",32,41182,77.7,53.1,109.7
,"Putnam County, WV","54079","2020","2020","Unintentional","1","Fall","GRINJ-003",16,56428,28.4,16.2,46.0
,"Putnam County, WV","54079","2020","2020","Unintentional","1","Poisoning","GRINJ-015",29,56428,51.4,34.4,73.8
,"Raleigh County, WV","54081","2020","2020","Unintentional","1","Fall","GRINJ-003",31,72920,42.5,28.9,60.3
,"Raleigh County, WV","54081","2020","2020","Unintentional","1","Poisoning","GRINJ-015",98,72920,134.4,109.1,163.8
,"Raleigh County, WV","54081","2020","2020","Suicide","2","Firearm","GRINJ-006",11,72920,15.1,7.5,27.0
,"Summers County, WV","54089","2020","2020","Unintentional","1","Poisoning","GRINJ-015",17,12444,136.6,79.6,218.7
,"Wayne County, WV","54099","2020","2020","Unintentional","1","Fall","GRINJ-003",11,39054,28.2,14.1,50.4
,"Wayne County, WV","54099","2020","2020","Unintentional","1","Motor Vehicle Traffic","GRINJ-008",13,39054,33.3,17.7,56.9
,"Wayne County, WV","54099","2020","2020","Unintentional","1","Poisoning","GRINJ-015",51,39054,130.6,97.2,171.7
,"Wood County, WV","54107","2020","2020","Unintentional","1","Fall","GRINJ-003",13,82938,15.7,8.3,26.8
,"Wood County, WV","54107","2020","2020","Unintentional","1","Motor Vehicle Traffic","GRINJ-008",10,82938,12.1,5.8,22.2
,"Wood County, WV","54107","2020","2020","Unintentional","1","Poisoning","GRINJ-015",34,82938,41.0,28.4,57.3
,"Wyoming County, WV","54109","2020","2020","Unintentional","1","Poisoning","GRINJ-015",21,20123,104.4,64.6,159.5
,"Barron County, WI","55005","2020","2020","Unintentional","1","Fall","GRINJ-003",11,45090,24.4,12.2,43.7
,"Brown County, WI","55009","2020","2020","Unintentional","1","Fall","GRINJ-003",83,264610,31.4,25.0,38.9
,"Brown County, WI","55009","2020","2020","Unintentional","1","Motor Vehicle Traffic","GRINJ-008",28,264610,10.6,7.0,15.3
,"Brown County, WI","55009","2020","2020","Unintentional","1","Poisoning","GRINJ-015",45,264610,17.0,12.4,22.8
,"Brown County, WI","55009","2020","2020","Suicide","2","Firearm","GRINJ-006",26,264610,9.8,6.4,14.4
,"Calumet County, WI","55015","2020","2020","Unintentional","1","Fall","GRINJ-003",13,50209,25.9,13.8,44.3
,"Chippewa County, WI","55017","2020","2020","Unintentional","1","Fall","GRINJ-003",14,64737,21.6,11.8,36.3
,"Columbia County, WI","55021","2020","2020","Unintentional","1","Fall","GRINJ-003",22,57668,38.1,23.9,57.8
,"Dane County, WI","55025","2020","2020","Unintentional","1","Fall","GRINJ-003",168,552536,30.4,25.8,35.0
,"Dane County, WI","55025","2020","2020","Unintentional","1","Motor Vehicle Traffic","GRINJ-008",36,552536,6.5,4.6,9.0
,"Dane County, WI","55025","2020","2020","Unintentional","1","Poisoning","GRINJ-015",137,552536,24.8,20.6,28.9
,"Dane County, WI","55025","2020","2020","Unintentional","1","Suffocation","GRINJ-017",13,552536,2.4,1.3,4.0
,"Dane County, WI","55025","2020","2020","Suicide","2","Firearm","GRINJ-006",34,552536,6.2,4.3,8.6
,"Dane County, WI","55025","2020","2020","Suicide","2","Suffocation","GRINJ-017",27,552536,4.9,3.2,7.1
,"Dodge County, WI","55027","2020","2020","Unintentional","1","Fall","GRINJ-003",40,87336,45.8,32.7,62.4
,"Dodge County, WI","55027","2020","2020","Unintentional","1","Motor Vehicle Traffic","GRINJ-008",12,87336,13.7,7.1,24.0
,"Dodge County, WI","55027","2020","2020","Unintentional","1","Poisoning","GRINJ-015",25,87336,28.6,18.5,42.3
,"Door County, WI","55029","2020","2020","Unintentional","1","Fall","GRINJ-003",19,27889,68.1,41.0,106.4
,"Douglas County, WI","55031","2020","2020","Unintentional","1","Poisoning","GRINJ-015",13,43702,29.7,15.8,50.9
,"Dunn County, WI","55033","2020","2020","Unintentional","1","Fall","GRINJ-003",16,45452,35.2,20.1,57.2
,"Eau Claire County, WI","55035","2020","2020","Unintentional","1","Fall","GRINJ-003",37,105260,35.2,24.7,48.5
,"Eau Claire County, WI","55035","2020","2020","Unintentional","1","Motor Vehicle Traffic","GRINJ-008",16,105260,15.2,8.7,24.7
,"Eau Claire County, WI","55035","2020","2020","Unintentional","1","Poisoning","GRINJ-015",18,105260,17.1,10.1,27.0
,"Fond du Lac County, WI","55039","2020","2020","Unintentional","1","Fall","GRINJ-003",50,102902,48.6,36.1,64.1
,"Fond du Lac County, WI","55039","2020","2020","Unintentional","1","Motor Vehicle Traffic","GRINJ-008",12,102902,11.7,6.0,20.4
,"Fond du Lac County, WI","55039","2020","2020","Unintentional","1","Poisoning","GRINJ-015",26,102902,25.3,16.5,37.0
,"Fond du Lac County, WI","55039","2020","2020","Suicide","2","Firearm","GRINJ-006",12,102902,11.7,6.0,20.4
,"Green County, WI","55045","2020","2020","Unintentional","1","Fall","GRINJ-003",17,36603,46.4,27.1,74.4
,"Jefferson County, WI","55055","2020","2020","Unintentional","1","Fall","GRINJ-003",40,85038,47.0,33.6,64.1
,"Jefferson County, WI","55055","2020","2020","Unintentional","1","Poisoning","GRINJ-015",16,85038,18.8,10.8,30.6
,"Kenosha County, WI","55059","2020","2020","Unintentional","1","Fall","GRINJ-003",63,169671,37.1,28.5,47.5
,"Kenosha County, WI","55059","2020","2020","Unintentional","1","Motor Vehicle Traffic","GRINJ-008",13,169671,7.7,4.1,13.1
,"Kenosha County, WI","55059","2020","2020","Unintentional","1","Poisoning","GRINJ-015",48,169671,28.3,20.9,37.5
,"Kenosha County, WI","55059","2020","2020","Suicide","2","Firearm","GRINJ-006",19,169671,11.2,6.7,17.5
,"La Crosse County, WI","55063","2020","2020","Unintentional","1","Fall","GRINJ-003",25,118502,21.1,13.7,31.1
,"La Crosse County, WI","55063","2020","2020","Unintentional","1","Poisoning","GRINJ-015",38,118502,32.1,22.7,44.0
,"Manitowoc County, WI","55071","2020","2020","Unintentional","1","Fall","GRINJ-003",30,78757,38.1,25.7,54.4
,"Manitowoc County, WI","55071","2020","2020","Unintentional","1","Motor Vehicle Traffic","GRINJ-008",10,78757,12.7,6.1,23.4
,"Manitowoc County, WI","55071","2020","2020","Unintentional","1","Poisoning","GRINJ-015",18,78757,22.9,13.5,36.1
,"Marathon County, WI","55073","2020","2020","Unintentional","1","Fall","GRINJ-003",38,135593,28.0,19.8,38.5
,"Marathon County, WI","55073","2020","2020","Unintentional","1","Motor Vehicle Traffic","GRINJ-008",10,135593,7.4,3.5,13.6
,"Marathon County, WI","55073","2020","2020","Unintentional","1","Poisoning","GRINJ-015",16,135593,11.8,6.7,19.2
,"Marinette County, WI","55075","2020","2020","Unintentional","1","Fall","GRINJ-003",23,40262,57.1,36.2,85.7
,"Marquette County, WI","55077","2020","2020","Unintentional","1","Fall","GRINJ-003",10,15585,64.2,30.8,118.0
,"Milwaukee County, WI","55079","2020","2020","Unintentional","1","Drowning","GRINJ-002",11,945016,1.2,0.6,2.1
,"Milwaukee County, WI","55079","2020","2020","Unintentional","1","Fall","GRINJ-003",347,945016,36.7,32.9,40.6
,"Milwaukee County, WI","55079","2020","2020","Unintentional","1","Motor Vehicle Traffic","GRINJ-008",128,945016,13.5,11.2,15.9
,"Milwaukee County, WI","55079","2020","2020","Unintentional","1","Natural/Environmental","GRINJ-013",11,945016,1.2,0.6,2.1
,"Milwaukee County, WI","55079","2020","2020","Unintentional","1","Poisoning","GRINJ-015",496,945016,52.5,47.9,57.1
,"Milwaukee County, WI","55079","2020","2020","Unintentional","1","Suffocation","GRINJ-017",29,945016,3.1,2.1,4.4
,"Milwaukee County, WI","55079","2020","2020","Unintentional","1","Unspecified Injury","GRINJ-020",10,945016,1.1,0.5,1.9
,"Milwaukee County, WI","55079","2020","2020","Suicide","2","Firearm","GRINJ-006",58,945016,6.1,4.7,7.9
,"Milwaukee County, WI","55079","2020","2020","Suicide","2","Poisoning","GRINJ-015",22,945016,2.3,1.5,3.5
,"Milwaukee County, WI","55079","2020","2020","Suicide","2","Suffocation","GRINJ-017",36,945016,3.8,2.7,5.3
,"Milwaukee County, WI","55079","2020","2020","Homicide","3","Firearm","GRINJ-006",181,945016,19.2,16.4,21.9
,"Milwaukee County, WI","55079","2020","2020","Undetermined ","4","Poisoning","GRINJ-015",11,945016,1.2,0.6,2.1
,"Oconto County, WI","55083","2020","2020","Unintentional","1","Fall","GRINJ-003",16,38383,41.7,23.8,67.7
,"Oneida County, WI","55085","2020","2020","Unintentional","1","Fall","GRINJ-003",25,35751,69.9,45.3,103.2
,"Outagamie County, WI","55087","2020","2020","Unintentional","1","Fall","GRINJ-003",29,188766,15.4,10.3,22.1
,"Outagamie County, WI","55087","2020","2020","Unintentional","1","Motor Vehicle Traffic","GRINJ-008",13,188766,6.9,3.7,11.8
,"Outagamie County, WI","55087","2020","2020","Unintentional","1","Poisoning","GRINJ-015",25,188766,13.2,8.6,19.6
,"Outagamie County, WI","55087","2020","2020","Suicide","2","Firearm","GRINJ-006",16,188766,8.5,4.8,13.8
,"Ozaukee County, WI","55089","2020","2020","Unintentional","1","Fall","GRINJ-003",36,90043,40.0,28.0,55.4
,"Ozaukee County, WI","55089","2020","2020","Unintentional","1","Poisoning","GRINJ-015",14,90043,15.5,8.5,26.1
,"Polk County, WI","55095","2020","2020","Unintentional","1","Fall","GRINJ-003",16,43794,36.5,20.9,59.3
,"Polk County, WI","55095","2020","2020","Unintentional","1","Motor Vehicle Traffic","GRINJ-008",18,43794,41.1,24.4,65.0
,"Portage County, WI","55097","2020","2020","Unintentional","1","Fall","GRINJ-003",21,71032,29.6,18.3,45.2
,"Portage County, WI","55097","2020","2020","Unintentional","1","Poisoning","GRINJ-015",10,71032,14.1,6.8,25.9
,"Racine County, WI","55101","2020","2020","Unintentional","1","Fall","GRINJ-003",34,195802,17.4,12.0,24.3
,"Racine County, WI","55101","2020","2020","Unintentional","1","Motor Vehicle Traffic","GRINJ-008",25,195802,12.8,8.3,18.8
,"Racine County, WI","55101","2020","2020","Unintentional","1","Poisoning","GRINJ-015",60,195802,30.6,23.4,39.4
,"Racine County, WI","55101","2020","2020","Suicide","2","Firearm","GRINJ-006",24,195802,12.3,7.9,18.2
,"Rock County, WI","55105","2020","2020","Unintentional","1","Fall","GRINJ-003",81,163084,49.7,39.4,61.7
,"Rock County, WI","55105","2020","2020","Unintentional","1","Motor Vehicle Traffic","GRINJ-008",23,163084,14.1,8.9,21.2
,"Rock County, WI","55105","2020","2020","Unintentional","1","Poisoning","GRINJ-015",49,163084,30.0,22.2,39.7
,"Rock County, WI","55105","2020","2020","Suicide","2","Suffocation","GRINJ-017",10,163084,6.1,2.9,11.3
,"St. Croix County, WI","55109","2020","2020","Unintentional","1","Fall","GRINJ-003",20,91838,21.8,13.3,33.6
,"Sauk County, WI","55111","2020","2020","Unintentional","1","Fall","GRINJ-003",21,64449,32.6,20.2,49.8
,"Sauk County, WI","55111","2020","2020","Unintentional","1","Poisoning","GRINJ-015",18,64449,27.9,16.6,44.1
,"Sawyer County, WI","55113","2020","2020","Unintentional","1","Poisoning","GRINJ-015",11,16700,65.9,32.9,117.9
,"Shawano County, WI","55115","2020","2020","Unintentional","1","Fall","GRINJ-003",16,40786,39.2,22.4,63.7
,"Sheboygan County, WI","55117","2020","2020","Unintentional","1","Fall","GRINJ-003",34,115240,29.5,20.4,41.2
,"Sheboygan County, WI","55117","2020","2020","Unintentional","1","Poisoning","GRINJ-015",23,115240,20.0,12.7,29.9
,"Vernon County, WI","55123","2020","2020","Unintentional","1","Fall","GRINJ-003",10,30861,32.4,15.5,59.6
,"Walworth County, WI","55127","2020","2020","Unintentional","1","Fall","GRINJ-003",35,103953,33.7,23.5,46.8
,"Walworth County, WI","55127","2020","2020","Unintentional","1","Motor Vehicle Traffic","GRINJ-008",17,103953,16.4,9.5,26.2
,"Walworth County, WI","55127","2020","2020","Unintentional","1","Poisoning","GRINJ-015",25,103953,24.0,15.6,35.5
,"Washington County, WI","55131","2020","2020","Unintentional","1","Fall","GRINJ-003",41,136445,30.0,21.6,40.8
,"Washington County, WI","55131","2020","2020","Unintentional","1","Poisoning","GRINJ-015",30,136445,22.0,14.8,31.4
,"Waukesha County, WI","55133","2020","2020","Unintentional","1","Fall","GRINJ-003",181,406172,44.6,38.1,51.1
,"Waukesha County, WI","55133","2020","2020","Unintentional","1","Motor Vehicle Traffic","GRINJ-008",20,406172,4.9,3.0,7.6
,"Waukesha County, WI","55133","2020","2020","Unintentional","1","Poisoning","GRINJ-015",94,406172,23.1,18.7,28.3
,"Waukesha County, WI","55133","2020","2020","Unintentional","1","Unspecified Injury","GRINJ-020",13,406172,3.2,1.7,5.5
,"Waukesha County, WI","55133","2020","2020","Suicide","2","Firearm","GRINJ-006",26,406172,6.4,4.2,9.4
,"Waukesha County, WI","55133","2020","2020","Suicide","2","Suffocation","GRINJ-017",11,406172,2.7,1.4,4.8
,"Waupaca County, WI","55135","2020","2020","Unintentional","1","Fall","GRINJ-003",13,50664,25.7,13.7,43.9
,"Waupaca County, WI","55135","2020","2020","Unintentional","1","Motor Vehicle Traffic","GRINJ-008",12,50664,23.7,12.2,41.4
,"Waushara County, WI","55137","2020","2020","Unintentional","1","Fall","GRINJ-003",10,24326,41.1,19.7,75.6
,"Winnebago County, WI","55139","2020","2020","Unintentional","1","Fall","GRINJ-003",43,171631,25.1,18.1,33.7
,"Winnebago County, WI","55139","2020","2020","Unintentional","1","Motor Vehicle Traffic","GRINJ-008",16,171631,9.3,5.3,15.1
,"Winnebago County, WI","55139","2020","2020","Unintentional","1","Poisoning","GRINJ-015",37,171631,21.6,15.2,29.7
,"Winnebago County, WI","55139","2020","2020","Suicide","2","Suffocation","GRINJ-017",11,171631,6.4,3.2,11.5
,"Wood County, WI","55141","2020","2020","Unintentional","1","Fall","GRINJ-003",29,72560,40.0,26.8,57.4
,"Wood County, WI","55141","2020","2020","Unintentional","1","Motor Vehicle Traffic","GRINJ-008",12,72560,16.5,8.5,28.9
,"Wood County, WI","55141","2020","2020","Unintentional","1","Poisoning","GRINJ-015",18,72560,24.8,14.7,39.2
,"Campbell County, WY","56005","2020","2020","Suicide","2","Firearm","GRINJ-006",10,46676,21.4,10.3,39.4
,"Fremont County, WY","56013","2020","2020","Unintentional","1","Motor Vehicle Traffic","GRINJ-008",12,39317,30.5,15.8,53.3
,"Fremont County, WY","56013","2020","2020","Suicide","2","Firearm","GRINJ-006",14,39317,35.6,19.5,59.7
,"Laramie County, WY","56021","2020","2020","Unintentional","1","Motor Vehicle Traffic","GRINJ-008",13,100595,12.9,6.9,22.1
,"Laramie County, WY","56021","2020","2020","Unintentional","1","Poisoning","GRINJ-015",14,100595,13.9,7.6,23.4
,"Laramie County, WY","56021","2020","2020","Suicide","2","Firearm","GRINJ-006",21,100595,20.9,12.9,31.9
,"Natrona County, WY","56025","2020","2020","Unintentional","1","Fall","GRINJ-003",18,80815,22.3,13.2,35.2
,"Natrona County, WY","56025","2020","2020","Unintentional","1","Motor Vehicle Traffic","GRINJ-008",10,80815,12.4,5.9,22.8
,"Natrona County, WY","56025","2020","2020","Unintentional","1","Poisoning","GRINJ-015",14,80815,17.3,9.5,29.1
,"Natrona County, WY","56025","2020","2020","Suicide","2","Firearm","GRINJ-006",10,80815,12.4,5.9,22.8
,"Park County, WY","56029","2020","2020","Suicide","2","Firearm","GRINJ-006",10,29331,34.1,16.3,62.7
,"Sweetwater County, WY","56037","2020","2020","Unintentional","1","Poisoning","GRINJ-015",14,42673,32.8,17.9,55.0
,"Sweetwater County, WY","56037","2020","2020","Suicide","2","Firearm","GRINJ-006",11,42673,25.8,12.9,46.1
"---"
"Dataset: Underlying Cause of Death, 2018-2024, Single Race"
"Query Parameters:"
"Injury Intent: Unintentional; Suicide; Homicide; Undetermined"
"Injury Mechanism & All Other Leading Causes: Cut/Pierce; Drowning; Fall; Fire/Flame; Hot object/Substance; Firearm; Machinery;"
"Motor Vehicle Traffic; Other Pedal cyclist; Other Pedestrian; Other land transport; Other transport; Natural/Environmental;"
"Overexertion; Poisoning; Struck by or against; Suffocation; Other specified, classifiable Injury; Other specified, not elsewhere"
"classified Injury; Unspecified Injury"
"Year/Month: 2020"
"Group By: County; Year; Injury Intent; Injury Mechanism & All Other Leading Causes"
"Show Totals: Disabled"
"Show Zero Values: Disabled"
"Show Suppressed: False"
"Calculate Rates Per: 100,000"
"Rate Options: Default intercensal populations for years 2001-2009 (except Infant Age Groups)"
"---"
"Help: See http://wonder.cdc.gov/wonder/help/ucd-expanded.html for more information."
"---"
"Query Date: Mar 4, 2026 9:53:43 PM"
"---"
"Suggested Citation: Centers for Disease Control and Prevention, National Center for Health Statistics. National Vital Statistics"
"System, Mortality 2018-2024 on CDC WONDER Online Database, released in 2026. Data are from the Multiple Cause of Death Files,"
"2018-2024, as compiled from data provided by the 57 vital statistics jurisdictions through the Vital Statistics Cooperative"
"Program. Accessed at http://wonder.cdc.gov/ucd-icd10-expanded.html on Mar 4, 2026 9:53:43 PM"
"---"
Messages:
"1. Selections made to any variable in [Injury Intent, Injury Mechanism & All Other Leading Causes] cause equivalent selections"
"in the other variables. More Information: http://wonder.cdc.gov/wonder/help/faq.html#related-variables."
"2. The full results are too long to be displayed. Due to suppression constraints rows that are zero, suppressed or a total will"
"not be available."
"---"
Caveats:
"1. Deaths and population estimates are shown separately from the adjacent counties for Carson City, Nevada (FIPS code 32510)."
"2. Deaths and population estimates are reported separately for Baltimore City (FIPS code 24510) and Baltimore county (FIPS code"
"24005)."
"3. Deaths and population estimates are reported separately for St. Louis City (FIPS code 29510) and county (FIPS code 29189)."
"4. The method used to calculate 95% confidence intervals is documented here: More information:"
"http://wonder.cdc.gov/wonder/help/ucd-expanded.html#Confidence-Intervals."
"5. The population figures for year 2024 are single-race estimates of the July 1 resident population, from the Vintage 2024"
"postcensal series released by the Census Bureau on June 27, 2024. The 2024 series is based on the Modified Blended Base produced"
"by the US Census Bureau in lieu of the April 1, 2020 decennial population count. The Modified Blended Base consists of the blend"
"of Vintage 2020 postcensal population estimates for April 1, 2020, 2020 Demographic Analysis Estimates, and 2020 Census data"
"from the internal Census Edited File (CEF). The population figures for year 2023 are single-race estimates of the July 1"
"resident population, from the Vintage 2023 postcensal series released by the Census Bureau on June 27, 2024. The 2023 series is"
"based on the Modified Blended Base produced by the US Census Bureau in lieu of the April 1, 2020 decennial population count. The"
"Modified Blended Base consists of the blend of Vintage 2020 postcensal population estimates for April 1, 2020, 2020 Demographic"
"Analysis Estimates, and 2020 Census data from the internal Census Edited File (CEF). The population figures for years 2022 are"
"single-race estimates of the July 1 resident population, from the Vintage 2022 postcensal series released by the Census Bureau"
"on June 22, 2023. The 2022 series is based on the Modified Blended Base produced by the US Census Bureau in lieu of the April 1,"
"2020 decennial population count. The Modified Blended Base consists of the blend of Vintage 2020 postcensal population estimates"
"for April 1, 2020, 2020 Demographic Analysis Estimates, and 2020 Census data from the internal Census Edited File (CEF). The"
"population figures for years 2021 are single-race estimates of the July 1 resident population, based on the Blended Base"
"produced by the US Census Bureau in lieu of the April 1, 2020 decennial population count, from the Vintage 2021 postcensal"
"series released by the Census Bureau on June 30, 2022. The population figures for year 2020 are single-race estimates of the"
"July 1 resident population, from the Vintage 2020 postcensal series based on April 2010 Census, released by the Census Bureau on"
"July 27, 2021. The population figures for year 2019 are single-race estimates of the July 1 resident population, from the"
"Vintage 2019 postcensal series based on April 2010 Census, released by the Census Bureau on June 25, 2020. The population"
"figures for year 2018 are single-race estimates of the July 1 resident population, from the Vintage 2018 postcensal series based"
"on April 2010 Census, released by the Census Bureau on June 20, 2019. More information:"
"http://wonder.cdc.gov/wonder/help/ucd-expanded.html#Population Data."
"6. The population figures used in the calculation of death rates for the age group 'under 1 year' are the estimates of the"
"resident population that is under one year of age. More information: http://wonder.cdc.gov/wonder/help/ucd-expanded.html#Age"
"Group."
"7. Connecticut population estimates for 2022 and later years are reported for 9 planning regions as county equivalent areas,"
"instead of the former 8 legacy counties in the Vintage 2022 postcensal series released by the Census Bureau on June 22, 2023,"
"and in the Vintage 2023 postcensal series released by the Census Bureau on June 27, 2024. Populations estimates for the former"
"counties are not available for 2022 and later years. More information:"
"http://wonder.cdc.gov/wonder/help/ucd-expanded.html#Connecticut-2022."
"8. After the creation of the final 2023 dataset, North Carolina updated the cause of death information for over 900 death"
"certificates to include a cause of death code indicating drug overdose (ICD-10 underlying cause-of-death codes: X40-X44,"
"X60-X64, X85, and Y10-Y14). Jurisdictions can continue to update death certificates after the closing of the mortality file. As"
"a result, users should consider that the actual death count for drug overdose deaths for North Carolina in 2023 is over 4,400"
"deaths, with a crude rate of approximately 41.0 per 100,000 population, and an age-adjusted rate of approximately 42.1 per"
"100,000 population. These deaths will not be updated on the final mortality datasets."