"Notes","County","County Code","Year","Year Code","Injury Intent","Injury Intent Code","Injury Mechanism & All Other Leading Causes","Injury Mechanism & All Other Leading Causes Code",Deaths,Population,Crude Rate,Crude Rate Lower 95% Confidence Interval,Crude Rate Upper 95% Confidence Interval
,"Autauga County, AL","01001","2021","2021","Unintentional","1","Motor Vehicle Traffic","GRINJ-008",10,59095,16.9,8.1,31.1
,"Baldwin County, AL","01003","2021","2021","Unintentional","1","Fall","GRINJ-003",18,239294,7.5,4.5,11.9
,"Baldwin County, AL","01003","2021","2021","Unintentional","1","Motor Vehicle Traffic","GRINJ-008",25,239294,10.4,6.8,15.4
,"Baldwin County, AL","01003","2021","2021","Unintentional","1","Poisoning","GRINJ-015",81,239294,33.8,26.9,42.1
,"Baldwin County, AL","01003","2021","2021","Suicide","2","Firearm","GRINJ-006",26,239294,10.9,7.1,15.9
,"Blount County, AL","01009","2021","2021","Unintentional","1","Motor Vehicle Traffic","GRINJ-008",11,59041,18.6,9.3,33.3
,"Blount County, AL","01009","2021","2021","Unintentional","1","Poisoning","GRINJ-015",13,59041,22.0,11.7,37.7
,"Bullock County, AL","01011","2021","2021","Unintentional","1","Motor Vehicle Traffic","GRINJ-008",10,10320,96.9,46.5,178.2
,"Calhoun County, AL","01015","2021","2021","Unintentional","1","Fall","GRINJ-003",11,115972,9.5,4.7,17.0
,"Calhoun County, AL","01015","2021","2021","Unintentional","1","Motor Vehicle Traffic","GRINJ-008",19,115972,16.4,9.9,25.6
,"Calhoun County, AL","01015","2021","2021","Unintentional","1","Poisoning","GRINJ-015",29,115972,25.0,16.7,35.9
,"Calhoun County, AL","01015","2021","2021","Suicide","2","Firearm","GRINJ-006",24,115972,20.7,13.3,30.8
,"Chambers County, AL","01017","2021","2021","Unintentional","1","Motor Vehicle Traffic","GRINJ-008",11,34541,31.8,15.9,57.0
,"Chilton County, AL","01021","2021","2021","Unintentional","1","Motor Vehicle Traffic","GRINJ-008",11,45274,24.3,12.1,43.5
,"Chilton County, AL","01021","2021","2021","Unintentional","1","Poisoning","GRINJ-015",12,45274,26.5,13.7,46.3
,"Coffee County, AL","01031","2021","2021","Unintentional","1","Motor Vehicle Traffic","GRINJ-008",17,54174,31.4,18.3,50.2
,"Colbert County, AL","01033","2021","2021","Unintentional","1","Poisoning","GRINJ-015",13,57474,22.6,12.0,38.7
,"Covington County, AL","01039","2021","2021","Unintentional","1","Motor Vehicle Traffic","GRINJ-008",13,37524,34.6,18.4,59.2
,"Cullman County, AL","01043","2021","2021","Unintentional","1","Motor Vehicle Traffic","GRINJ-008",22,89496,24.6,15.4,37.2
,"Cullman County, AL","01043","2021","2021","Unintentional","1","Poisoning","GRINJ-015",33,89496,36.9,25.4,51.8
,"Cullman County, AL","01043","2021","2021","Suicide","2","Firearm","GRINJ-006",14,89496,15.6,8.6,26.2
,"Dale County, AL","01045","2021","2021","Unintentional","1","Motor Vehicle Traffic","GRINJ-008",14,49342,28.4,15.5,47.6
,"Dale County, AL","01045","2021","2021","Unintentional","1","Poisoning","GRINJ-015",11,49342,22.3,11.1,39.9
,"Dale County, AL","01045","2021","2021","Suicide","2","Firearm","GRINJ-006",11,49342,22.3,11.1,39.9
,"Dallas County, AL","01047","2021","2021","Unintentional","1","Motor Vehicle Traffic","GRINJ-008",12,37619,31.9,16.5,55.7
,"Dallas County, AL","01047","2021","2021","Homicide","3","Firearm","GRINJ-006",24,37619,63.8,40.9,94.9
,"DeKalb County, AL","01049","2021","2021","Unintentional","1","Motor Vehicle Traffic","GRINJ-008",16,71813,22.3,12.7,36.2
,"DeKalb County, AL","01049","2021","2021","Unintentional","1","Poisoning","GRINJ-015",16,71813,22.3,12.7,36.2
,"Elmore County, AL","01051","2021","2021","Unintentional","1","Motor Vehicle Traffic","GRINJ-008",18,89304,20.2,11.9,31.9
,"Elmore County, AL","01051","2021","2021","Unintentional","1","Poisoning","GRINJ-015",10,89304,11.2,5.4,20.6
,"Elmore County, AL","01051","2021","2021","Suicide","2","Firearm","GRINJ-006",12,89304,13.4,6.9,23.5
,"Escambia County, AL","01053","2021","2021","Unintentional","1","Motor Vehicle Traffic","GRINJ-008",10,36699,27.2,13.1,50.1
,"Escambia County, AL","01053","2021","2021","Undetermined ","4","Poisoning","GRINJ-015",12,36699,32.7,16.9,57.1
,"Etowah County, AL","01055","2021","2021","Unintentional","1","Fall","GRINJ-003",13,103162,12.6,6.7,21.5
,"Etowah County, AL","01055","2021","2021","Unintentional","1","Motor Vehicle Traffic","GRINJ-008",17,103162,16.5,9.6,26.4
,"Etowah County, AL","01055","2021","2021","Unintentional","1","Poisoning","GRINJ-015",30,103162,29.1,19.6,41.5
,"Etowah County, AL","01055","2021","2021","Unintentional","1","Unspecified Injury","GRINJ-020",10,103162,9.7,4.6,17.8
,"Etowah County, AL","01055","2021","2021","Suicide","2","Firearm","GRINJ-006",13,103162,12.6,6.7,21.5
,"Franklin County, AL","01059","2021","2021","Unintentional","1","Poisoning","GRINJ-015",12,32013,37.5,19.4,65.5
,"Houston County, AL","01069","2021","2021","Unintentional","1","Motor Vehicle Traffic","GRINJ-008",14,107458,13.0,7.1,21.9
,"Houston County, AL","01069","2021","2021","Unintentional","1","Poisoning","GRINJ-015",13,107458,12.1,6.4,20.7
,"Houston County, AL","01069","2021","2021","Suicide","2","Firearm","GRINJ-006",21,107458,19.5,12.1,29.9
,"Houston County, AL","01069","2021","2021","Homicide","3","Firearm","GRINJ-006",12,107458,11.2,5.8,19.5
,"Jackson County, AL","01071","2021","2021","Unintentional","1","Motor Vehicle Traffic","GRINJ-008",17,52773,32.2,18.8,51.6
,"Jefferson County, AL","01073","2021","2021","Unintentional","1","Fall","GRINJ-003",43,667820,6.4,4.7,8.7
,"Jefferson County, AL","01073","2021","2021","Unintentional","1","Fire/Flame","GRINJ-004",17,667820,2.5,1.5,4.1
,"Jefferson County, AL","01073","2021","2021","Unintentional","1","Motor Vehicle Traffic","GRINJ-008",112,667820,16.8,13.7,19.9
,"Jefferson County, AL","01073","2021","2021","Unintentional","1","Poisoning","GRINJ-015",348,667820,52.1,46.6,57.6
,"Jefferson County, AL","01073","2021","2021","Unintentional","1","Suffocation","GRINJ-017",20,667820,3.0,1.8,4.6
,"Jefferson County, AL","01073","2021","2021","Unintentional","1","Unspecified Injury","GRINJ-020",32,667820,4.8,3.3,6.8
,"Jefferson County, AL","01073","2021","2021","Suicide","2","Firearm","GRINJ-006",69,667820,10.3,8.0,13.1
,"Jefferson County, AL","01073","2021","2021","Suicide","2","Suffocation","GRINJ-017",14,667820,2.1,1.1,3.5
,"Jefferson County, AL","01073","2021","2021","Homicide","3","Firearm","GRINJ-006",195,667820,29.2,25.1,33.3
,"Lauderdale County, AL","01077","2021","2021","Unintentional","1","Motor Vehicle Traffic","GRINJ-008",15,94043,16.0,8.9,26.3
,"Lauderdale County, AL","01077","2021","2021","Unintentional","1","Poisoning","GRINJ-015",21,94043,22.3,13.8,34.1
,"Lawrence County, AL","01079","2021","2021","Unintentional","1","Motor Vehicle Traffic","GRINJ-008",15,33090,45.3,25.4,74.8
,"Lee County, AL","01081","2021","2021","Unintentional","1","Fall","GRINJ-003",12,177218,6.8,3.5,11.8
,"Lee County, AL","01081","2021","2021","Unintentional","1","Motor Vehicle Traffic","GRINJ-008",28,177218,15.8,10.5,22.8
,"Lee County, AL","01081","2021","2021","Unintentional","1","Poisoning","GRINJ-015",23,177218,13.0,8.2,19.5
,"Lee County, AL","01081","2021","2021","Suicide","2","Firearm","GRINJ-006",18,177218,10.2,6.0,16.1
,"Limestone County, AL","01083","2021","2021","Unintentional","1","Motor Vehicle Traffic","GRINJ-008",19,107517,17.7,10.6,27.6
,"Limestone County, AL","01083","2021","2021","Suicide","2","Firearm","GRINJ-006",14,107517,13.0,7.1,21.8
,"Madison County, AL","01089","2021","2021","Unintentional","1","Fall","GRINJ-003",20,395211,5.1,3.1,7.8
,"Madison County, AL","01089","2021","2021","Unintentional","1","Motor Vehicle Traffic","GRINJ-008",56,395211,14.2,10.7,18.4
,"Madison County, AL","01089","2021","2021","Unintentional","1","Poisoning","GRINJ-015",129,395211,32.6,27.0,38.3
,"Madison County, AL","01089","2021","2021","Unintentional","1","Unspecified Injury","GRINJ-020",16,395211,4.0,2.3,6.6
,"Madison County, AL","01089","2021","2021","Suicide","2","Firearm","GRINJ-006",44,395211,11.1,8.1,14.9
,"Madison County, AL","01089","2021","2021","Homicide","3","Firearm","GRINJ-006",27,395211,6.8,4.5,9.9
,"Marshall County, AL","01095","2021","2021","Unintentional","1","Motor Vehicle Traffic","GRINJ-008",23,98228,23.4,14.8,35.1
,"Marshall County, AL","01095","2021","2021","Unintentional","1","Poisoning","GRINJ-015",31,98228,31.6,21.4,44.8
,"Marshall County, AL","01095","2021","2021","Suicide","2","Firearm","GRINJ-006",11,98228,11.2,5.6,20.0
,"Mobile County, AL","01097","2021","2021","Unintentional","1","Fall","GRINJ-003",22,413073,5.3,3.3,8.1
,"Mobile County, AL","01097","2021","2021","Unintentional","1","Fire/Flame","GRINJ-004",11,413073,2.7,1.3,4.8
,"Mobile County, AL","01097","2021","2021","Unintentional","1","Motor Vehicle Traffic","GRINJ-008",95,413073,23.0,18.6,28.1
,"Mobile County, AL","01097","2021","2021","Unintentional","1","Poisoning","GRINJ-015",119,413073,28.8,23.6,34.0
,"Mobile County, AL","01097","2021","2021","Unintentional","1","Unspecified Injury","GRINJ-020",21,413073,5.1,3.1,7.8
,"Mobile County, AL","01097","2021","2021","Suicide","2","Firearm","GRINJ-006",48,413073,11.6,8.6,15.4
,"Mobile County, AL","01097","2021","2021","Homicide","3","Firearm","GRINJ-006",70,413073,16.9,13.2,21.4
,"Montgomery County, AL","01101","2021","2021","Unintentional","1","Motor Vehicle Traffic","GRINJ-008",47,227434,20.7,15.2,27.5
,"Montgomery County, AL","01101","2021","2021","Unintentional","1","Poisoning","GRINJ-015",36,227434,15.8,11.1,21.9
,"Montgomery County, AL","01101","2021","2021","Unintentional","1","Unspecified Injury","GRINJ-020",12,227434,5.3,2.7,9.2
,"Montgomery County, AL","01101","2021","2021","Suicide","2","Firearm","GRINJ-006",21,227434,9.2,5.7,14.1
,"Montgomery County, AL","01101","2021","2021","Homicide","3","Firearm","GRINJ-006",78,227434,34.3,27.1,42.8
,"Morgan County, AL","01103","2021","2021","Unintentional","1","Motor Vehicle Traffic","GRINJ-008",23,123668,18.6,11.8,27.9
,"Morgan County, AL","01103","2021","2021","Unintentional","1","Poisoning","GRINJ-015",33,123668,26.7,18.4,37.5
,"Morgan County, AL","01103","2021","2021","Suicide","2","Firearm","GRINJ-006",20,123668,16.2,9.9,25.0
,"Morgan County, AL","01103","2021","2021","Homicide","3","Firearm","GRINJ-006",12,123668,9.7,5.0,16.9
,"Russell County, AL","01113","2021","2021","Unintentional","1","Motor Vehicle Traffic","GRINJ-008",27,58722,46.0,30.3,66.9
,"Russell County, AL","01113","2021","2021","Unintentional","1","Poisoning","GRINJ-015",20,58722,34.1,20.8,52.6
,"Russell County, AL","01113","2021","2021","Suicide","2","Firearm","GRINJ-006",10,58722,17.0,8.2,31.3
,"Russell County, AL","01113","2021","2021","Homicide","3","Firearm","GRINJ-006",13,58722,22.1,11.8,37.9
,"St. Clair County, AL","01115","2021","2021","Unintentional","1","Motor Vehicle Traffic","GRINJ-008",17,92748,18.3,10.7,29.3
,"St. Clair County, AL","01115","2021","2021","Unintentional","1","Poisoning","GRINJ-015",45,92748,48.5,35.4,64.9
,"St. Clair County, AL","01115","2021","2021","Suicide","2","Firearm","GRINJ-006",17,92748,18.3,10.7,29.3
,"Shelby County, AL","01117","2021","2021","Unintentional","1","Motor Vehicle Traffic","GRINJ-008",28,226902,12.3,8.2,17.8
,"Shelby County, AL","01117","2021","2021","Unintentional","1","Poisoning","GRINJ-015",65,226902,28.6,22.1,36.5
,"Shelby County, AL","01117","2021","2021","Suicide","2","Firearm","GRINJ-006",28,226902,12.3,8.2,17.8
,"Sumter County, AL","01119","2021","2021","Unintentional","1","Motor Vehicle Traffic","GRINJ-008",12,12164,98.7,51.0,172.3
,"Talladega County, AL","01121","2021","2021","Unintentional","1","Motor Vehicle Traffic","GRINJ-008",22,81524,27.0,16.9,40.9
,"Talladega County, AL","01121","2021","2021","Unintentional","1","Poisoning","GRINJ-015",18,81524,22.1,13.1,34.9
,"Talladega County, AL","01121","2021","2021","Suicide","2","Firearm","GRINJ-006",17,81524,20.9,12.1,33.4
,"Talladega County, AL","01121","2021","2021","Homicide","3","Firearm","GRINJ-006",17,81524,20.9,12.1,33.4
,"Tuscaloosa County, AL","01125","2021","2021","Unintentional","1","Motor Vehicle Traffic","GRINJ-008",28,227007,12.3,8.2,17.8
,"Tuscaloosa County, AL","01125","2021","2021","Unintentional","1","Poisoning","GRINJ-015",56,227007,24.7,18.6,32.0
,"Tuscaloosa County, AL","01125","2021","2021","Unintentional","1","Unspecified Injury","GRINJ-020",36,227007,15.9,11.1,22.0
,"Tuscaloosa County, AL","01125","2021","2021","Suicide","2","Firearm","GRINJ-006",21,227007,9.3,5.7,14.1
,"Tuscaloosa County, AL","01125","2021","2021","Homicide","3","Firearm","GRINJ-006",18,227007,7.9,4.7,12.5
,"Walker County, AL","01127","2021","2021","Unintentional","1","Motor Vehicle Traffic","GRINJ-008",29,64818,44.7,30.0,64.3
,"Walker County, AL","01127","2021","2021","Unintentional","1","Poisoning","GRINJ-015",26,64818,40.1,26.2,58.8
,"Walker County, AL","01127","2021","2021","Suicide","2","Firearm","GRINJ-006",11,64818,17.0,8.5,30.4
,"Anchorage Borough, AK","02020","2021","2021","Unintentional","1","Drowning","GRINJ-002",10,288121,3.5,1.7,6.4
,"Anchorage Borough, AK","02020","2021","2021","Unintentional","1","Fall","GRINJ-003",29,288121,10.1,6.7,14.5
,"Anchorage Borough, AK","02020","2021","2021","Unintentional","1","Motor Vehicle Traffic","GRINJ-008",30,288121,10.4,7.0,14.9
,"Anchorage Borough, AK","02020","2021","2021","Unintentional","1","Natural/Environmental","GRINJ-013",11,288121,3.8,1.9,6.8
,"Anchorage Borough, AK","02020","2021","2021","Unintentional","1","Poisoning","GRINJ-015",126,288121,43.7,36.1,51.4
,"Anchorage Borough, AK","02020","2021","2021","Suicide","2","Firearm","GRINJ-006",34,288121,11.8,8.2,16.5
,"Anchorage Borough, AK","02020","2021","2021","Suicide","2","Suffocation","GRINJ-017",22,288121,7.6,4.8,11.6
,"Anchorage Borough, AK","02020","2021","2021","Homicide","3","Firearm","GRINJ-006",13,288121,4.5,2.4,7.7
,"Fairbanks North Star Borough, AK","02090","2021","2021","Unintentional","1","Motor Vehicle Traffic","GRINJ-008",13,95593,13.6,7.2,23.3
,"Fairbanks North Star Borough, AK","02090","2021","2021","Unintentional","1","Poisoning","GRINJ-015",24,95593,25.1,16.1,37.4
,"Fairbanks North Star Borough, AK","02090","2021","2021","Suicide","2","Firearm","GRINJ-006",30,95593,31.4,21.2,44.8
,"Juneau Borough, AK","02110","2021","2021","Unintentional","1","Poisoning","GRINJ-015",12,31973,37.5,19.4,65.6
,"Kenai Peninsula Borough, AK","02122","2021","2021","Unintentional","1","Poisoning","GRINJ-015",20,59767,33.5,20.4,51.7
,"Kenai Peninsula Borough, AK","02122","2021","2021","Suicide","2","Firearm","GRINJ-006",13,59767,21.8,11.6,37.2
,"Matanuska-Susitna Borough, AK","02170","2021","2021","Unintentional","1","Motor Vehicle Traffic","GRINJ-008",12,110686,10.8,5.6,18.9
,"Matanuska-Susitna Borough, AK","02170","2021","2021","Unintentional","1","Poisoning","GRINJ-015",40,110686,36.1,25.8,49.2
,"Matanuska-Susitna Borough, AK","02170","2021","2021","Suicide","2","Firearm","GRINJ-006",24,110686,21.7,13.9,32.3
,"Apache County, AZ","04001","2021","2021","Unintentional","1","Fall","GRINJ-003",11,65623,16.8,8.4,30.0
,"Apache County, AZ","04001","2021","2021","Unintentional","1","Motor Vehicle Traffic","GRINJ-008",57,65623,86.9,65.8,112.5
,"Apache County, AZ","04001","2021","2021","Unintentional","1","Natural/Environmental","GRINJ-013",13,65623,19.8,10.5,33.9
,"Apache County, AZ","04001","2021","2021","Unintentional","1","Poisoning","GRINJ-015",47,65623,71.6,52.6,95.2
,"Apache County, AZ","04001","2021","2021","Suicide","2","Suffocation","GRINJ-017",29,65623,44.2,29.6,63.5
,"Apache County, AZ","04001","2021","2021","Homicide","3","Firearm","GRINJ-006",10,65623,15.2,7.3,28.0
,"Cochise County, AZ","04003","2021","2021","Unintentional","1","Fall","GRINJ-003",19,126050,15.1,9.1,23.5
,"Cochise County, AZ","04003","2021","2021","Unintentional","1","Motor Vehicle Traffic","GRINJ-008",21,126050,16.7,10.3,25.5
,"Cochise County, AZ","04003","2021","2021","Unintentional","1","Poisoning","GRINJ-015",37,126050,29.4,20.7,40.5
,"Cochise County, AZ","04003","2021","2021","Suicide","2","Firearm","GRINJ-006",24,126050,19.0,12.2,28.3
,"Coconino County, AZ","04005","2021","2021","Unintentional","1","Fall","GRINJ-003",28,145052,19.3,12.8,27.9
,"Coconino County, AZ","04005","2021","2021","Unintentional","1","Motor Vehicle Traffic","GRINJ-008",32,145052,22.1,15.1,31.1
,"Coconino County, AZ","04005","2021","2021","Unintentional","1","Poisoning","GRINJ-015",53,145052,36.5,27.4,47.8
,"Coconino County, AZ","04005","2021","2021","Suicide","2","Firearm","GRINJ-006",20,145052,13.8,8.4,21.3
,"Coconino County, AZ","04005","2021","2021","Suicide","2","Suffocation","GRINJ-017",15,145052,10.3,5.8,17.1
,"Gila County, AZ","04007","2021","2021","Unintentional","1","Fall","GRINJ-003",16,53589,29.9,17.1,48.5
,"Gila County, AZ","04007","2021","2021","Unintentional","1","Motor Vehicle Traffic","GRINJ-008",19,53589,35.5,21.3,55.4
,"Gila County, AZ","04007","2021","2021","Unintentional","1","Poisoning","GRINJ-015",25,53589,46.7,30.2,68.9
,"Gila County, AZ","04007","2021","2021","Suicide","2","Firearm","GRINJ-006",18,53589,33.6,19.9,53.1
,"Graham County, AZ","04009","2021","2021","Unintentional","1","Motor Vehicle Traffic","GRINJ-008",18,39050,46.1,27.3,72.8
,"Graham County, AZ","04009","2021","2021","Unintentional","1","Poisoning","GRINJ-015",15,39050,38.4,21.5,63.4
,"La Paz County, AZ","04012","2021","2021","Unintentional","1","Motor Vehicle Traffic","GRINJ-008",10,16408,60.9,29.2,112.1
,"Maricopa County, AZ","04013","2021","2021","Unintentional","1","Drowning","GRINJ-002",79,4496588,1.8,1.4,2.2
,"Maricopa County, AZ","04013","2021","2021","Unintentional","1","Fall","GRINJ-003",682,4496588,15.2,14.0,16.3
,"Maricopa County, AZ","04013","2021","2021","Unintentional","1","Fire/Flame","GRINJ-004",16,4496588,0.4,0.2,0.6
,"Maricopa County, AZ","04013","2021","2021","Unintentional","1","Motor Vehicle Traffic","GRINJ-008",712,4496588,15.8,14.7,17.0
,"Maricopa County, AZ","04013","2021","2021","Unintentional","1","Other land transport","GRINJ-011",14,4496588,0.3,0.2,0.5
,"Maricopa County, AZ","04013","2021","2021","Unintentional","1","Other transport","GRINJ-012",14,4496588,0.3,0.2,0.5
,"Maricopa County, AZ","04013","2021","2021","Unintentional","1","Natural/Environmental","GRINJ-013",102,4496588,2.3,1.8,2.7
,"Maricopa County, AZ","04013","2021","2021","Unintentional","1","Poisoning","GRINJ-015",1630,4496588,36.2,34.5,38.0
,"Maricopa County, AZ","04013","2021","2021","Unintentional","1","Suffocation","GRINJ-017",71,4496588,1.6,1.2,2.0
,"Maricopa County, AZ","04013","2021","2021","Unintentional","1","Other specified, classifiable Injury","GRINJ-018",29,4496588,0.6,0.4,0.9
,"Maricopa County, AZ","04013","2021","2021","Unintentional","1","Other specified, not elsewhere classified Injury","GRINJ-019",28,4496588,0.6,0.4,0.9
,"Maricopa County, AZ","04013","2021","2021","Unintentional","1","Unspecified Injury","GRINJ-020",34,4496588,0.8,0.5,1.1
,"Maricopa County, AZ","04013","2021","2021","Suicide","2","Cut/Pierce","GRINJ-001",18,4496588,0.4,0.2,0.6
,"Maricopa County, AZ","04013","2021","2021","Suicide","2","Fall","GRINJ-003",16,4496588,0.4,0.2,0.6
,"Maricopa County, AZ","04013","2021","2021","Suicide","2","Firearm","GRINJ-006",441,4496588,9.8,8.9,10.7
,"Maricopa County, AZ","04013","2021","2021","Suicide","2","Poisoning","GRINJ-015",91,4496588,2.0,1.6,2.5
,"Maricopa County, AZ","04013","2021","2021","Suicide","2","Suffocation","GRINJ-017",150,4496588,3.3,2.8,3.9
,"Maricopa County, AZ","04013","2021","2021","Homicide","3","Cut/Pierce","GRINJ-001",31,4496588,0.7,0.5,1.0
,"Maricopa County, AZ","04013","2021","2021","Homicide","3","Firearm","GRINJ-006",277,4496588,6.2,5.4,6.9
,"Maricopa County, AZ","04013","2021","2021","Homicide","3","Unspecified Injury","GRINJ-020",19,4496588,0.4,0.3,0.7
,"Maricopa County, AZ","04013","2021","2021","Undetermined ","4","Firearm","GRINJ-006",12,4496588,0.3,0.1,0.5
,"Maricopa County, AZ","04013","2021","2021","Undetermined ","4","Poisoning","GRINJ-015",34,4496588,0.8,0.5,1.1
,"Maricopa County, AZ","04013","2021","2021","Undetermined ","4","Unspecified Injury","GRINJ-020",12,4496588,0.3,0.1,0.5
,"Mohave County, AZ","04015","2021","2021","Unintentional","1","Fall","GRINJ-003",49,217692,22.5,16.7,29.8
,"Mohave County, AZ","04015","2021","2021","Unintentional","1","Motor Vehicle Traffic","GRINJ-008",60,217692,27.6,21.0,35.5
,"Mohave County, AZ","04015","2021","2021","Unintentional","1","Natural/Environmental","GRINJ-013",61,217692,28.0,21.4,36.0
,"Mohave County, AZ","04015","2021","2021","Unintentional","1","Poisoning","GRINJ-015",24,217692,11.0,7.1,16.4
,"Mohave County, AZ","04015","2021","2021","Suicide","2","Firearm","GRINJ-006",54,217692,24.8,18.6,32.4
,"Mohave County, AZ","04015","2021","2021","Suicide","2","Suffocation","GRINJ-017",16,217692,7.3,4.2,11.9
,"Mohave County, AZ","04015","2021","2021","Undetermined ","4","Poisoning","GRINJ-015",41,217692,18.8,13.5,25.6
,"Navajo County, AZ","04017","2021","2021","Unintentional","1","Fall","GRINJ-003",25,108147,23.1,15.0,34.1
,"Navajo County, AZ","04017","2021","2021","Unintentional","1","Motor Vehicle Traffic","GRINJ-008",53,108147,49.0,36.7,64.1
,"Navajo County, AZ","04017","2021","2021","Unintentional","1","Poisoning","GRINJ-015",70,108147,64.7,50.5,81.8
,"Navajo County, AZ","04017","2021","2021","Suicide","2","Firearm","GRINJ-006",21,108147,19.4,12.0,29.7
,"Navajo County, AZ","04017","2021","2021","Suicide","2","Suffocation","GRINJ-017",24,108147,22.2,14.2,33.0
,"Pima County, AZ","04019","2021","2021","Unintentional","1","Drowning","GRINJ-002",10,1052030,1.0,0.5,1.7
,"Pima County, AZ","04019","2021","2021","Unintentional","1","Fall","GRINJ-003",185,1052030,17.6,15.1,20.1
,"Pima County, AZ","04019","2021","2021","Unintentional","1","Fire/Flame","GRINJ-004",13,1052030,1.2,0.7,2.1
,"Pima County, AZ","04019","2021","2021","Unintentional","1","Motor Vehicle Traffic","GRINJ-008",181,1052030,17.2,14.7,19.7
,"Pima County, AZ","04019","2021","2021","Unintentional","1","Natural/Environmental","GRINJ-013",16,1052030,1.5,0.9,2.5
,"Pima County, AZ","04019","2021","2021","Unintentional","1","Poisoning","GRINJ-015",456,1052030,43.3,39.4,47.3
,"Pima County, AZ","04019","2021","2021","Unintentional","1","Suffocation","GRINJ-017",22,1052030,2.1,1.3,3.2
,"Pima County, AZ","04019","2021","2021","Unintentional","1","Unspecified Injury","GRINJ-020",10,1052030,1.0,0.5,1.7
,"Pima County, AZ","04019","2021","2021","Suicide","2","Firearm","GRINJ-006",142,1052030,13.5,11.3,15.7
,"Pima County, AZ","04019","2021","2021","Suicide","2","Poisoning","GRINJ-015",21,1052030,2.0,1.2,3.1
,"Pima County, AZ","04019","2021","2021","Suicide","2","Suffocation","GRINJ-017",48,1052030,4.6,3.4,6.0
,"Pima County, AZ","04019","2021","2021","Homicide","3","Firearm","GRINJ-006",76,1052030,7.2,5.7,9.0
,"Pima County, AZ","04019","2021","2021","Undetermined ","4","Poisoning","GRINJ-015",13,1052030,1.2,0.7,2.1
,"Pinal County, AZ","04021","2021","2021","Unintentional","1","Fall","GRINJ-003",48,449557,10.7,7.9,14.2
,"Pinal County, AZ","04021","2021","2021","Unintentional","1","Motor Vehicle Traffic","GRINJ-008",78,449557,17.4,13.7,21.7
,"Pinal County, AZ","04021","2021","2021","Unintentional","1","Poisoning","GRINJ-015",130,449557,28.9,23.9,33.9
,"Pinal County, AZ","04021","2021","2021","Suicide","2","Firearm","GRINJ-006",62,449557,13.8,10.6,17.7
,"Pinal County, AZ","04021","2021","2021","Suicide","2","Poisoning","GRINJ-015",10,449557,2.2,1.1,4.1
,"Pinal County, AZ","04021","2021","2021","Suicide","2","Suffocation","GRINJ-017",19,449557,4.2,2.5,6.6
,"Pinal County, AZ","04021","2021","2021","Homicide","3","Firearm","GRINJ-006",30,449557,6.7,4.5,9.5
,"Santa Cruz County, AZ","04023","2021","2021","Unintentional","1","Poisoning","GRINJ-015",14,47883,29.2,16.0,49.1
,"Yavapai County, AZ","04025","2021","2021","Unintentional","1","Fall","GRINJ-003",62,242253,25.6,19.6,32.8
,"Yavapai County, AZ","04025","2021","2021","Unintentional","1","Motor Vehicle Traffic","GRINJ-008",44,242253,18.2,13.2,24.4
,"Yavapai County, AZ","04025","2021","2021","Unintentional","1","Poisoning","GRINJ-015",77,242253,31.8,25.1,39.7
,"Yavapai County, AZ","04025","2021","2021","Suicide","2","Firearm","GRINJ-006",54,242253,22.3,16.7,29.1
,"Yavapai County, AZ","04025","2021","2021","Suicide","2","Poisoning","GRINJ-015",10,242253,4.1,2.0,7.6
,"Yavapai County, AZ","04025","2021","2021","Suicide","2","Suffocation","GRINJ-017",10,242253,4.1,2.0,7.6
,"Yuma County, AZ","04027","2021","2021","Unintentional","1","Fall","GRINJ-003",14,206990,6.8,3.7,11.3
,"Yuma County, AZ","04027","2021","2021","Unintentional","1","Motor Vehicle Traffic","GRINJ-008",38,206990,18.4,13.0,25.2
,"Yuma County, AZ","04027","2021","2021","Unintentional","1","Natural/Environmental","GRINJ-013",17,206990,8.2,4.8,13.1
,"Yuma County, AZ","04027","2021","2021","Unintentional","1","Poisoning","GRINJ-015",62,206990,30.0,23.0,38.4
,"Yuma County, AZ","04027","2021","2021","Suicide","2","Firearm","GRINJ-006",19,206990,9.2,5.5,14.3
,"Baxter County, AR","05005","2021","2021","Suicide","2","Firearm","GRINJ-006",13,42144,30.8,16.4,52.7
,"Benton County, AR","05007","2021","2021","Unintentional","1","Fall","GRINJ-003",45,293692,15.3,11.2,20.5
,"Benton County, AR","05007","2021","2021","Unintentional","1","Motor Vehicle Traffic","GRINJ-008",39,293692,13.3,9.4,18.2
,"Benton County, AR","05007","2021","2021","Unintentional","1","Poisoning","GRINJ-015",34,293692,11.6,8.0,16.2
,"Benton County, AR","05007","2021","2021","Suicide","2","Firearm","GRINJ-006",36,293692,12.3,8.6,17.0
,"Benton County, AR","05007","2021","2021","Suicide","2","Suffocation","GRINJ-017",14,293692,4.8,2.6,8.0
,"Boone County, AR","05009","2021","2021","Unintentional","1","Motor Vehicle Traffic","GRINJ-008",10,37830,26.4,12.7,48.6
,"Boone County, AR","05009","2021","2021","Unintentional","1","Poisoning","GRINJ-015",11,37830,29.1,14.5,52.0
,"Columbia County, AR","05027","2021","2021","Unintentional","1","Motor Vehicle Traffic","GRINJ-008",11,22672,48.5,24.2,86.8
,"Craighead County, AR","05031","2021","2021","Unintentional","1","Fall","GRINJ-003",10,112218,8.9,4.3,16.4
,"Craighead County, AR","05031","2021","2021","Unintentional","1","Motor Vehicle Traffic","GRINJ-008",18,112218,16.0,9.5,25.4
,"Craighead County, AR","05031","2021","2021","Unintentional","1","Poisoning","GRINJ-015",17,112218,15.1,8.8,24.3
,"Craighead County, AR","05031","2021","2021","Suicide","2","Firearm","GRINJ-006",13,112218,11.6,6.2,19.8
,"Crawford County, AR","05033","2021","2021","Unintentional","1","Poisoning","GRINJ-015",17,60378,28.2,16.4,45.1
,"Crawford County, AR","05033","2021","2021","Suicide","2","Firearm","GRINJ-006",10,60378,16.6,7.9,30.5
,"Crittenden County, AR","05035","2021","2021","Unintentional","1","Poisoning","GRINJ-015",11,47525,23.1,11.6,41.4
,"Crittenden County, AR","05035","2021","2021","Homicide","3","Firearm","GRINJ-006",17,47525,35.8,20.8,57.3
,"Faulkner County, AR","05045","2021","2021","Unintentional","1","Motor Vehicle Traffic","GRINJ-008",21,125106,16.8,10.4,25.7
,"Faulkner County, AR","05045","2021","2021","Unintentional","1","Poisoning","GRINJ-015",16,125106,12.8,7.3,20.8
,"Faulkner County, AR","05045","2021","2021","Suicide","2","Firearm","GRINJ-006",21,125106,16.8,10.4,25.7
,"Garland County, AR","05051","2021","2021","Unintentional","1","Fall","GRINJ-003",19,100330,18.9,11.4,29.6
,"Garland County, AR","05051","2021","2021","Unintentional","1","Motor Vehicle Traffic","GRINJ-008",18,100330,17.9,10.6,28.4
,"Garland County, AR","05051","2021","2021","Unintentional","1","Poisoning","GRINJ-015",23,100330,22.9,14.5,34.4
,"Garland County, AR","05051","2021","2021","Suicide","2","Firearm","GRINJ-006",20,100330,19.9,12.2,30.8
,"Hot Spring County, AR","05059","2021","2021","Unintentional","1","Motor Vehicle Traffic","GRINJ-008",11,33148,33.2,16.6,59.4
,"Independence County, AR","05063","2021","2021","Unintentional","1","Motor Vehicle Traffic","GRINJ-008",16,37723,42.4,24.2,68.9
,"Jefferson County, AR","05069","2021","2021","Unintentional","1","Motor Vehicle Traffic","GRINJ-008",27,65861,41.0,27.0,59.6
,"Jefferson County, AR","05069","2021","2021","Unintentional","1","Poisoning","GRINJ-015",10,65861,15.2,7.3,27.9
,"Jefferson County, AR","05069","2021","2021","Homicide","3","Firearm","GRINJ-006",30,65861,45.6,30.7,65.0
,"Lawrence County, AR","05075","2021","2021","Unintentional","1","Motor Vehicle Traffic","GRINJ-008",11,16292,67.5,33.7,120.8
,"Lonoke County, AR","05085","2021","2021","Unintentional","1","Motor Vehicle Traffic","GRINJ-008",15,74722,20.1,11.2,33.1
,"Lonoke County, AR","05085","2021","2021","Unintentional","1","Poisoning","GRINJ-015",19,74722,25.4,15.3,39.7
,"Lonoke County, AR","05085","2021","2021","Suicide","2","Firearm","GRINJ-006",11,74722,14.7,7.3,26.3
,"Miller County, AR","05091","2021","2021","Unintentional","1","Motor Vehicle Traffic","GRINJ-008",12,42649,28.1,14.5,49.1
,"Miller County, AR","05091","2021","2021","Unintentional","1","Poisoning","GRINJ-015",16,42649,37.5,21.4,60.9
,"Mississippi County, AR","05093","2021","2021","Unintentional","1","Motor Vehicle Traffic","GRINJ-008",11,39661,27.7,13.8,49.6
,"Mississippi County, AR","05093","2021","2021","Unintentional","1","Poisoning","GRINJ-015",12,39661,30.3,15.6,52.9
,"Mississippi County, AR","05093","2021","2021","Homicide","3","Firearm","GRINJ-006",10,39661,25.2,12.1,46.4
,"Pope County, AR","05115","2021","2021","Unintentional","1","Motor Vehicle Traffic","GRINJ-008",10,63789,15.7,7.5,28.8
,"Pope County, AR","05115","2021","2021","Unintentional","1","Poisoning","GRINJ-015",12,63789,18.8,9.7,32.9
,"Pulaski County, AR","05119","2021","2021","Unintentional","1","Drowning","GRINJ-002",12,397821,3.0,1.6,5.3
,"Pulaski County, AR","05119","2021","2021","Unintentional","1","Fall","GRINJ-003",25,397821,6.3,4.1,9.3
,"Pulaski County, AR","05119","2021","2021","Unintentional","1","Fire/Flame","GRINJ-004",10,397821,2.5,1.2,4.6
,"Pulaski County, AR","05119","2021","2021","Unintentional","1","Motor Vehicle Traffic","GRINJ-008",78,397821,19.6,15.5,24.5
,"Pulaski County, AR","05119","2021","2021","Unintentional","1","Poisoning","GRINJ-015",136,397821,34.2,28.4,39.9
,"Pulaski County, AR","05119","2021","2021","Unintentional","1","Unspecified Injury","GRINJ-020",16,397821,4.0,2.3,6.5
,"Pulaski County, AR","05119","2021","2021","Suicide","2","Firearm","GRINJ-006",33,397821,8.3,5.7,11.6
,"Pulaski County, AR","05119","2021","2021","Suicide","2","Suffocation","GRINJ-017",11,397821,2.8,1.4,4.9
,"Pulaski County, AR","05119","2021","2021","Homicide","3","Firearm","GRINJ-006",71,397821,17.8,13.9,22.5
,"St. Francis County, AR","05123","2021","2021","Homicide","3","Firearm","GRINJ-006",10,22739,44.0,21.1,80.9
,"Saline County, AR","05125","2021","2021","Unintentional","1","Fall","GRINJ-003",19,125233,15.2,9.1,23.7
,"Saline County, AR","05125","2021","2021","Unintentional","1","Motor Vehicle Traffic","GRINJ-008",21,125233,16.8,10.4,25.6
,"Saline County, AR","05125","2021","2021","Unintentional","1","Poisoning","GRINJ-015",43,125233,34.3,24.8,46.3
,"Saline County, AR","05125","2021","2021","Unintentional","1","Suffocation","GRINJ-017",10,125233,8.0,3.8,14.7
,"Saline County, AR","05125","2021","2021","Suicide","2","Firearm","GRINJ-006",18,125233,14.4,8.5,22.7
,"Saline County, AR","05125","2021","2021","Suicide","2","Suffocation","GRINJ-017",10,125233,8.0,3.8,14.7
,"Sebastian County, AR","05131","2021","2021","Unintentional","1","Motor Vehicle Traffic","GRINJ-008",35,128400,27.3,19.0,37.9
,"Sebastian County, AR","05131","2021","2021","Unintentional","1","Poisoning","GRINJ-015",29,128400,22.6,15.1,32.4
,"Sebastian County, AR","05131","2021","2021","Suicide","2","Firearm","GRINJ-006",18,128400,14.0,8.3,22.2
,"Sebastian County, AR","05131","2021","2021","Homicide","3","Firearm","GRINJ-006",10,128400,7.8,3.7,14.3
,"Union County, AR","05139","2021","2021","Unintentional","1","Motor Vehicle Traffic","GRINJ-008",15,38340,39.1,21.9,64.5
,"Union County, AR","05139","2021","2021","Unintentional","1","Poisoning","GRINJ-015",12,38340,31.3,16.2,54.7
,"Washington County, AR","05143","2021","2021","Unintentional","1","Fall","GRINJ-003",23,250057,9.2,5.8,13.8
,"Washington County, AR","05143","2021","2021","Unintentional","1","Motor Vehicle Traffic","GRINJ-008",31,250057,12.4,8.4,17.6
,"Washington County, AR","05143","2021","2021","Unintentional","1","Poisoning","GRINJ-015",24,250057,9.6,6.1,14.3
,"Washington County, AR","05143","2021","2021","Suicide","2","Firearm","GRINJ-006",12,250057,4.8,2.5,8.4
,"White County, AR","05145","2021","2021","Unintentional","1","Motor Vehicle Traffic","GRINJ-008",28,77207,36.3,24.1,52.4
,"White County, AR","05145","2021","2021","Unintentional","1","Poisoning","GRINJ-015",15,77207,19.4,10.9,32.0
,"Alameda County, CA","06001","2021","2021","Unintentional","1","Drowning","GRINJ-002",20,1648556,1.2,0.7,1.9
,"Alameda County, CA","06001","2021","2021","Unintentional","1","Fall","GRINJ-003",81,1648556,4.9,3.9,6.1
,"Alameda County, CA","06001","2021","2021","Unintentional","1","Motor Vehicle Traffic","GRINJ-008",135,1648556,8.2,6.8,9.6
,"Alameda County, CA","06001","2021","2021","Unintentional","1","Poisoning","GRINJ-015",326,1648556,19.8,17.6,21.9
,"Alameda County, CA","06001","2021","2021","Unintentional","1","Suffocation","GRINJ-017",26,1648556,1.6,1.0,2.3
,"Alameda County, CA","06001","2021","2021","Unintentional","1","Unspecified Injury","GRINJ-020",19,1648556,1.2,0.7,1.8
,"Alameda County, CA","06001","2021","2021","Suicide","2","Firearm","GRINJ-006",48,1648556,2.9,2.1,3.9
,"Alameda County, CA","06001","2021","2021","Suicide","2","Poisoning","GRINJ-015",16,1648556,1.0,0.6,1.6
,"Alameda County, CA","06001","2021","2021","Suicide","2","Suffocation","GRINJ-017",65,1648556,3.9,3.0,5.0
,"Alameda County, CA","06001","2021","2021","Homicide","3","Firearm","GRINJ-006",119,1648556,7.2,5.9,8.5
,"Amador County, CA","06005","2021","2021","Unintentional","1","Motor Vehicle Traffic","GRINJ-008",12,41259,29.1,15.0,50.8
,"Amador County, CA","06005","2021","2021","Unintentional","1","Poisoning","GRINJ-015",11,41259,26.7,13.3,47.7
,"Butte County, CA","06007","2021","2021","Unintentional","1","Fall","GRINJ-003",22,208309,10.6,6.6,16.0
,"Butte County, CA","06007","2021","2021","Unintentional","1","Motor Vehicle Traffic","GRINJ-008",60,208309,28.8,22.0,37.1
,"Butte County, CA","06007","2021","2021","Unintentional","1","Poisoning","GRINJ-015",120,208309,57.6,47.3,67.9
,"Butte County, CA","06007","2021","2021","Suicide","2","Firearm","GRINJ-006",12,208309,5.8,3.0,10.1
,"Butte County, CA","06007","2021","2021","Suicide","2","Suffocation","GRINJ-017",15,208309,7.2,4.0,11.9
,"Calaveras County, CA","06009","2021","2021","Unintentional","1","Motor Vehicle Traffic","GRINJ-008",12,46221,26.0,13.4,45.4
,"Contra Costa County, CA","06013","2021","2021","Unintentional","1","Drowning","GRINJ-002",25,1161413,2.2,1.4,3.2
,"Contra Costa County, CA","06013","2021","2021","Unintentional","1","Fall","GRINJ-003",62,1161413,5.3,4.1,6.8
,"Contra Costa County, CA","06013","2021","2021","Unintentional","1","Motor Vehicle Traffic","GRINJ-008",118,1161413,10.2,8.3,12.0
,"Contra Costa County, CA","06013","2021","2021","Unintentional","1","Poisoning","GRINJ-015",267,1161413,23.0,20.2,25.7
,"Contra Costa County, CA","06013","2021","2021","Unintentional","1","Unspecified Injury","GRINJ-020",11,1161413,0.9,0.5,1.7
,"Contra Costa County, CA","06013","2021","2021","Suicide","2","Firearm","GRINJ-006",49,1161413,4.2,3.1,5.6
,"Contra Costa County, CA","06013","2021","2021","Suicide","2","Poisoning","GRINJ-015",19,1161413,1.6,1.0,2.6
,"Contra Costa County, CA","06013","2021","2021","Suicide","2","Suffocation","GRINJ-017",25,1161413,2.2,1.4,3.2
,"Contra Costa County, CA","06013","2021","2021","Homicide","3","Firearm","GRINJ-006",63,1161413,5.4,4.2,6.9
,"Del Norte County, CA","06015","2021","2021","Unintentional","1","Poisoning","GRINJ-015",13,28100,46.3,24.6,79.1
,"El Dorado County, CA","06017","2021","2021","Unintentional","1","Fall","GRINJ-003",18,193221,9.3,5.5,14.7
,"El Dorado County, CA","06017","2021","2021","Unintentional","1","Motor Vehicle Traffic","GRINJ-008",21,193221,10.9,6.7,16.6
,"El Dorado County, CA","06017","2021","2021","Unintentional","1","Poisoning","GRINJ-015",45,193221,23.3,17.0,31.2
,"El Dorado County, CA","06017","2021","2021","Suicide","2","Firearm","GRINJ-006",20,193221,10.4,6.3,16.0
,"El Dorado County, CA","06017","2021","2021","Suicide","2","Suffocation","GRINJ-017",13,193221,6.7,3.6,11.5
,"Fresno County, CA","06019","2021","2021","Unintentional","1","Drowning","GRINJ-002",11,1013581,1.1,0.5,1.9
,"Fresno County, CA","06019","2021","2021","Unintentional","1","Fall","GRINJ-003",62,1013581,6.1,4.7,7.8
,"Fresno County, CA","06019","2021","2021","Unintentional","1","Motor Vehicle Traffic","GRINJ-008",222,1013581,21.9,19.0,24.8
,"Fresno County, CA","06019","2021","2021","Unintentional","1","Poisoning","GRINJ-015",219,1013581,21.6,18.7,24.5
,"Fresno County, CA","06019","2021","2021","Unintentional","1","Unspecified Injury","GRINJ-020",14,1013581,1.4,0.8,2.3
,"Fresno County, CA","06019","2021","2021","Suicide","2","Firearm","GRINJ-006",40,1013581,3.9,2.8,5.4
,"Fresno County, CA","06019","2021","2021","Suicide","2","Suffocation","GRINJ-017",36,1013581,3.6,2.5,4.9
,"Fresno County, CA","06019","2021","2021","Homicide","3","Cut/Pierce","GRINJ-001",10,1013581,1.0,0.5,1.8
,"Fresno County, CA","06019","2021","2021","Homicide","3","Firearm","GRINJ-006",99,1013581,9.8,7.9,11.9
,"Glenn County, CA","06021","2021","2021","Unintentional","1","Poisoning","GRINJ-015",10,28805,34.7,16.6,63.8
,"Humboldt County, CA","06023","2021","2021","Unintentional","1","Motor Vehicle Traffic","GRINJ-008",19,136310,13.9,8.4,21.8
,"Humboldt County, CA","06023","2021","2021","Unintentional","1","Poisoning","GRINJ-015",60,136310,44.0,33.6,56.7
,"Humboldt County, CA","06023","2021","2021","Suicide","2","Firearm","GRINJ-006",13,136310,9.5,5.1,16.3
,"Humboldt County, CA","06023","2021","2021","Suicide","2","Suffocation","GRINJ-017",10,136310,7.3,3.5,13.5
,"Imperial County, CA","06025","2021","2021","Unintentional","1","Motor Vehicle Traffic","GRINJ-008",19,179851,10.6,6.4,16.5
,"Imperial County, CA","06025","2021","2021","Unintentional","1","Poisoning","GRINJ-015",18,179851,10.0,5.9,15.8
,"Inyo County, CA","06027","2021","2021","Unintentional","1","Poisoning","GRINJ-015",13,18970,68.5,36.5,117.2
,"Kern County, CA","06029","2021","2021","Unintentional","1","Drowning","GRINJ-002",13,917673,1.4,0.8,2.4
,"Kern County, CA","06029","2021","2021","Unintentional","1","Fall","GRINJ-003",41,917673,4.5,3.2,6.1
,"Kern County, CA","06029","2021","2021","Unintentional","1","Motor Vehicle Traffic","GRINJ-008",212,917673,23.1,20.0,26.2
,"Kern County, CA","06029","2021","2021","Unintentional","1","Poisoning","GRINJ-015",490,917673,53.4,48.7,58.1
,"Kern County, CA","06029","2021","2021","Unintentional","1","Unspecified Injury","GRINJ-020",14,917673,1.5,0.8,2.6
,"Kern County, CA","06029","2021","2021","Suicide","2","Firearm","GRINJ-006",54,917673,5.9,4.4,7.7
,"Kern County, CA","06029","2021","2021","Suicide","2","Poisoning","GRINJ-015",10,917673,1.1,0.5,2.0
,"Kern County, CA","06029","2021","2021","Suicide","2","Suffocation","GRINJ-017",34,917673,3.7,2.6,5.2
,"Kern County, CA","06029","2021","2021","Homicide","3","Cut/Pierce","GRINJ-001",13,917673,1.4,0.8,2.4
,"Kern County, CA","06029","2021","2021","Homicide","3","Firearm","GRINJ-006",107,917673,11.7,9.5,13.9
,"Kings County, CA","06031","2021","2021","Unintentional","1","Motor Vehicle Traffic","GRINJ-008",25,153443,16.3,10.5,24.1
,"Kings County, CA","06031","2021","2021","Unintentional","1","Poisoning","GRINJ-015",29,153443,18.9,12.7,27.1
,"Lake County, CA","06033","2021","2021","Unintentional","1","Fall","GRINJ-003",21,68766,30.5,18.9,46.7
,"Lake County, CA","06033","2021","2021","Unintentional","1","Motor Vehicle Traffic","GRINJ-008",22,68766,32.0,20.0,48.4
,"Lake County, CA","06033","2021","2021","Unintentional","1","Poisoning","GRINJ-015",66,68766,96.0,74.2,122.1
,"Lassen County, CA","06035","2021","2021","Unintentional","1","Motor Vehicle Traffic","GRINJ-008",12,33159,36.2,18.7,63.2
,"Los Angeles County, CA","06037","2021","2021","Unintentional","1","Drowning","GRINJ-002",97,9829544,1.0,0.8,1.2
,"Los Angeles County, CA","06037","2021","2021","Unintentional","1","Fall","GRINJ-003",485,9829544,4.9,4.5,5.4
,"Los Angeles County, CA","06037","2021","2021","Unintentional","1","Fire/Flame","GRINJ-004",44,9829544,0.4,0.3,0.6
,"Los Angeles County, CA","06037","2021","2021","Unintentional","1","Motor Vehicle Traffic","GRINJ-008",1085,9829544,11.0,10.4,11.7
,"Los Angeles County, CA","06037","2021","2021","Unintentional","1","Other Pedal cyclist","GRINJ-009",10,9829544,0.1,0.0,0.2
,"Los Angeles County, CA","06037","2021","2021","Unintentional","1","Other Pedestrian","GRINJ-010",22,9829544,0.2,0.1,0.3
,"Los Angeles County, CA","06037","2021","2021","Unintentional","1","Other land transport","GRINJ-011",29,9829544,0.3,0.2,0.4
,"Los Angeles County, CA","06037","2021","2021","Unintentional","1","Natural/Environmental","GRINJ-013",25,9829544,0.3,0.2,0.4
,"Los Angeles County, CA","06037","2021","2021","Unintentional","1","Poisoning","GRINJ-015",2318,9829544,23.6,22.6,24.5
,"Los Angeles County, CA","06037","2021","2021","Unintentional","1","Struck by or against","GRINJ-016",16,9829544,0.2,0.1,0.3
,"Los Angeles County, CA","06037","2021","2021","Unintentional","1","Suffocation","GRINJ-017",54,9829544,0.5,0.4,0.7
,"Los Angeles County, CA","06037","2021","2021","Unintentional","1","Other specified, classifiable Injury","GRINJ-018",35,9829544,0.4,0.2,0.5
,"Los Angeles County, CA","06037","2021","2021","Unintentional","1","Other specified, not elsewhere classified Injury","GRINJ-019",18,9829544,0.2,0.1,0.3
,"Los Angeles County, CA","06037","2021","2021","Unintentional","1","Unspecified Injury","GRINJ-020",22,9829544,0.2,0.1,0.3
,"Los Angeles County, CA","06037","2021","2021","Suicide","2","Cut/Pierce","GRINJ-001",34,9829544,0.3,0.2,0.5
,"Los Angeles County, CA","06037","2021","2021","Suicide","2","Fall","GRINJ-003",71,9829544,0.7,0.6,0.9
,"Los Angeles County, CA","06037","2021","2021","Suicide","2","Firearm","GRINJ-006",279,9829544,2.8,2.5,3.2
,"Los Angeles County, CA","06037","2021","2021","Suicide","2","Poisoning","GRINJ-015",106,9829544,1.1,0.9,1.3
,"Los Angeles County, CA","06037","2021","2021","Suicide","2","Suffocation","GRINJ-017",293,9829544,3.0,2.6,3.3
,"Los Angeles County, CA","06037","2021","2021","Suicide","2","Other specified, classifiable Injury","GRINJ-018",24,9829544,0.2,0.2,0.4
,"Los Angeles County, CA","06037","2021","2021","Homicide","3","Cut/Pierce","GRINJ-001",85,9829544,0.9,0.7,1.1
,"Los Angeles County, CA","06037","2021","2021","Homicide","3","Firearm","GRINJ-006",634,9829544,6.4,5.9,7.0
,"Los Angeles County, CA","06037","2021","2021","Homicide","3","Struck by or against","GRINJ-016",13,9829544,0.1,0.1,0.2
,"Los Angeles County, CA","06037","2021","2021","Homicide","3","Suffocation","GRINJ-017",10,9829544,0.1,0.0,0.2
,"Los Angeles County, CA","06037","2021","2021","Homicide","3","Other specified, not elsewhere classified Injury","GRINJ-019",27,9829544,0.3,0.2,0.4
,"Los Angeles County, CA","06037","2021","2021","Homicide","3","Unspecified Injury","GRINJ-020",28,9829544,0.3,0.2,0.4
,"Los Angeles County, CA","06037","2021","2021","Undetermined ","4","Unspecified Injury","GRINJ-020",10,9829544,0.1,0.0,0.2
,"Madera County, CA","06039","2021","2021","Unintentional","1","Fall","GRINJ-003",12,159410,7.5,3.9,13.1
,"Madera County, CA","06039","2021","2021","Unintentional","1","Motor Vehicle Traffic","GRINJ-008",31,159410,19.4,13.2,27.6
,"Madera County, CA","06039","2021","2021","Unintentional","1","Poisoning","GRINJ-015",36,159410,22.6,15.8,31.3
,"Madera County, CA","06039","2021","2021","Suicide","2","Firearm","GRINJ-006",10,159410,6.3,3.0,11.5
,"Marin County, CA","06041","2021","2021","Unintentional","1","Fall","GRINJ-003",39,260206,15.0,10.7,20.5
,"Marin County, CA","06041","2021","2021","Unintentional","1","Motor Vehicle Traffic","GRINJ-008",11,260206,4.2,2.1,7.6
,"Marin County, CA","06041","2021","2021","Unintentional","1","Poisoning","GRINJ-015",62,260206,23.8,18.3,30.5
,"Marin County, CA","06041","2021","2021","Suicide","2","Suffocation","GRINJ-017",13,260206,5.0,2.7,8.5
,"Mendocino County, CA","06045","2021","2021","Unintentional","1","Fall","GRINJ-003",10,91305,11.0,5.3,20.1
,"Mendocino County, CA","06045","2021","2021","Unintentional","1","Motor Vehicle Traffic","GRINJ-008",21,91305,23.0,14.2,35.2
,"Mendocino County, CA","06045","2021","2021","Unintentional","1","Poisoning","GRINJ-015",72,91305,78.9,61.7,99.3
,"Mendocino County, CA","06045","2021","2021","Suicide","2","Firearm","GRINJ-006",11,91305,12.0,6.0,21.6
,"Merced County, CA","06047","2021","2021","Unintentional","1","Motor Vehicle Traffic","GRINJ-008",73,286461,25.5,20.0,32.0
,"Merced County, CA","06047","2021","2021","Unintentional","1","Poisoning","GRINJ-015",55,286461,19.2,14.5,25.0
,"Merced County, CA","06047","2021","2021","Suicide","2","Firearm","GRINJ-006",13,286461,4.5,2.4,7.8
,"Merced County, CA","06047","2021","2021","Homicide","3","Firearm","GRINJ-006",20,286461,7.0,4.3,10.8
,"Monterey County, CA","06053","2021","2021","Unintentional","1","Fall","GRINJ-003",39,437325,8.9,6.3,12.2
,"Monterey County, CA","06053","2021","2021","Unintentional","1","Motor Vehicle Traffic","GRINJ-008",53,437325,12.1,9.1,15.9
,"Monterey County, CA","06053","2021","2021","Unintentional","1","Poisoning","GRINJ-015",98,437325,22.4,18.2,27.3
,"Monterey County, CA","06053","2021","2021","Suicide","2","Firearm","GRINJ-006",13,437325,3.0,1.6,5.1
,"Monterey County, CA","06053","2021","2021","Suicide","2","Suffocation","GRINJ-017",23,437325,5.3,3.3,7.9
,"Monterey County, CA","06053","2021","2021","Homicide","3","Firearm","GRINJ-006",33,437325,7.5,5.2,10.6
,"Napa County, CA","06055","2021","2021","Unintentional","1","Fall","GRINJ-003",23,136207,16.9,10.7,25.3
,"Napa County, CA","06055","2021","2021","Unintentional","1","Motor Vehicle Traffic","GRINJ-008",12,136207,8.8,4.6,15.4
,"Napa County, CA","06055","2021","2021","Unintentional","1","Poisoning","GRINJ-015",25,136207,18.4,11.9,27.1
,"Nevada County, CA","06057","2021","2021","Unintentional","1","Fall","GRINJ-003",12,103487,11.6,6.0,20.3
,"Nevada County, CA","06057","2021","2021","Unintentional","1","Motor Vehicle Traffic","GRINJ-008",19,103487,18.4,11.1,28.7
,"Nevada County, CA","06057","2021","2021","Unintentional","1","Poisoning","GRINJ-015",41,103487,39.6,28.4,53.7
,"Nevada County, CA","06057","2021","2021","Suicide","2","Firearm","GRINJ-006",13,103487,12.6,6.7,21.5
,"Orange County, CA","06059","2021","2021","Unintentional","1","Drowning","GRINJ-002",37,3167809,1.2,0.8,1.6
,"Orange County, CA","06059","2021","2021","Unintentional","1","Fall","GRINJ-003",207,3167809,6.5,5.6,7.4
,"Orange County, CA","06059","2021","2021","Unintentional","1","Motor Vehicle Traffic","GRINJ-008",248,3167809,7.8,6.9,8.8
,"Orange County, CA","06059","2021","2021","Unintentional","1","Poisoning","GRINJ-015",897,3167809,28.3,26.5,30.2
,"Orange County, CA","06059","2021","2021","Unintentional","1","Suffocation","GRINJ-017",19,3167809,0.6,0.4,0.9
,"Orange County, CA","06059","2021","2021","Unintentional","1","Other specified, classifiable Injury","GRINJ-018",14,3167809,0.4,0.2,0.7
,"Orange County, CA","06059","2021","2021","Unintentional","1","Unspecified Injury","GRINJ-020",15,3167809,0.5,0.3,0.8
,"Orange County, CA","06059","2021","2021","Suicide","2","Fall","GRINJ-003",28,3167809,0.9,0.6,1.3
,"Orange County, CA","06059","2021","2021","Suicide","2","Firearm","GRINJ-006",100,3167809,3.2,2.5,3.8
,"Orange County, CA","06059","2021","2021","Suicide","2","Poisoning","GRINJ-015",78,3167809,2.5,1.9,3.1
,"Orange County, CA","06059","2021","2021","Suicide","2","Suffocation","GRINJ-017",112,3167809,3.5,2.9,4.2
,"Orange County, CA","06059","2021","2021","Homicide","3","Cut/Pierce","GRINJ-001",16,3167809,0.5,0.3,0.8
,"Orange County, CA","06059","2021","2021","Homicide","3","Firearm","GRINJ-006",55,3167809,1.7,1.3,2.3
,"Placer County, CA","06061","2021","2021","Unintentional","1","Fall","GRINJ-003",41,412300,9.9,7.1,13.5
,"Placer County, CA","06061","2021","2021","Unintentional","1","Motor Vehicle Traffic","GRINJ-008",36,412300,8.7,6.1,12.1
,"Placer County, CA","06061","2021","2021","Unintentional","1","Poisoning","GRINJ-015",77,412300,18.7,14.7,23.3
,"Placer County, CA","06061","2021","2021","Suicide","2","Firearm","GRINJ-006",31,412300,7.5,5.1,10.7
,"Placer County, CA","06061","2021","2021","Suicide","2","Suffocation","GRINJ-017",10,412300,2.4,1.2,4.5
,"Riverside County, CA","06065","2021","2021","Unintentional","1","Drowning","GRINJ-002",24,2458395,1.0,0.6,1.5
,"Riverside County, CA","06065","2021","2021","Unintentional","1","Fall","GRINJ-003",182,2458395,7.4,6.3,8.5
,"Riverside County, CA","06065","2021","2021","Unintentional","1","Fire/Flame","GRINJ-004",17,2458395,0.7,0.4,1.1
,"Riverside County, CA","06065","2021","2021","Unintentional","1","Motor Vehicle Traffic","GRINJ-008",361,2458395,14.7,13.2,16.2
,"Riverside County, CA","06065","2021","2021","Unintentional","1","Other Pedestrian","GRINJ-010",14,2458395,0.6,0.3,1.0
,"Riverside County, CA","06065","2021","2021","Unintentional","1","Other land transport","GRINJ-011",11,2458395,0.4,0.2,0.8
,"Riverside County, CA","06065","2021","2021","Unintentional","1","Other transport","GRINJ-012",11,2458395,0.4,0.2,0.8
,"Riverside County, CA","06065","2021","2021","Unintentional","1","Natural/Environmental","GRINJ-013",21,2458395,0.9,0.5,1.3
,"Riverside County, CA","06065","2021","2021","Unintentional","1","Poisoning","GRINJ-015",816,2458395,33.2,30.9,35.5
,"Riverside County, CA","06065","2021","2021","Unintentional","1","Suffocation","GRINJ-017",25,2458395,1.0,0.7,1.5
,"Riverside County, CA","06065","2021","2021","Unintentional","1","Other specified, classifiable Injury","GRINJ-018",13,2458395,0.5,0.3,0.9
,"Riverside County, CA","06065","2021","2021","Unintentional","1","Other specified, not elsewhere classified Injury","GRINJ-019",14,2458395,0.6,0.3,1.0
,"Riverside County, CA","06065","2021","2021","Unintentional","1","Unspecified Injury","GRINJ-020",11,2458395,0.4,0.2,0.8
,"Riverside County, CA","06065","2021","2021","Suicide","2","Firearm","GRINJ-006",127,2458395,5.2,4.3,6.1
,"Riverside County, CA","06065","2021","2021","Suicide","2","Poisoning","GRINJ-015",47,2458395,1.9,1.4,2.5
,"Riverside County, CA","06065","2021","2021","Suicide","2","Suffocation","GRINJ-017",87,2458395,3.5,2.8,4.4
,"Riverside County, CA","06065","2021","2021","Suicide","2","Other specified, classifiable Injury","GRINJ-018",14,2458395,0.6,0.3,1.0
,"Riverside County, CA","06065","2021","2021","Homicide","3","Cut/Pierce","GRINJ-001",23,2458395,0.9,0.6,1.4
,"Riverside County, CA","06065","2021","2021","Homicide","3","Firearm","GRINJ-006",81,2458395,3.3,2.6,4.1
,"Riverside County, CA","06065","2021","2021","Homicide","3","Unspecified Injury","GRINJ-020",10,2458395,0.4,0.2,0.7
,"Sacramento County, CA","06067","2021","2021","Unintentional","1","Drowning","GRINJ-002",19,1588921,1.2,0.7,1.9
,"Sacramento County, CA","06067","2021","2021","Unintentional","1","Fall","GRINJ-003",116,1588921,7.3,6.0,8.6
,"Sacramento County, CA","06067","2021","2021","Unintentional","1","Motor Vehicle Traffic","GRINJ-008",248,1588921,15.6,13.7,17.6
,"Sacramento County, CA","06067","2021","2021","Unintentional","1","Natural/Environmental","GRINJ-013",10,1588921,0.6,0.3,1.2
,"Sacramento County, CA","06067","2021","2021","Unintentional","1","Poisoning","GRINJ-015",483,1588921,30.4,27.7,33.1
,"Sacramento County, CA","06067","2021","2021","Unintentional","1","Suffocation","GRINJ-017",27,1588921,1.7,1.1,2.5
,"Sacramento County, CA","06067","2021","2021","Unintentional","1","Unspecified Injury","GRINJ-020",34,1588921,2.1,1.5,3.0
,"Sacramento County, CA","06067","2021","2021","Suicide","2","Firearm","GRINJ-006",72,1588921,4.5,3.5,5.7
,"Sacramento County, CA","06067","2021","2021","Suicide","2","Poisoning","GRINJ-015",20,1588921,1.3,0.8,1.9
,"Sacramento County, CA","06067","2021","2021","Suicide","2","Suffocation","GRINJ-017",76,1588921,4.8,3.8,6.0
,"Sacramento County, CA","06067","2021","2021","Homicide","3","Cut/Pierce","GRINJ-001",13,1588921,0.8,0.4,1.4
,"Sacramento County, CA","06067","2021","2021","Homicide","3","Firearm","GRINJ-006",87,1588921,5.5,4.4,6.8
,"Sacramento County, CA","06067","2021","2021","Homicide","3","Unspecified Injury","GRINJ-020",12,1588921,0.8,0.4,1.3
,"Sacramento County, CA","06067","2021","2021","Undetermined ","4","Poisoning","GRINJ-015",15,1588921,0.9,0.5,1.6
,"San Benito County, CA","06069","2021","2021","Unintentional","1","Motor Vehicle Traffic","GRINJ-008",11,66677,16.5,8.2,29.5
,"San Benito County, CA","06069","2021","2021","Unintentional","1","Poisoning","GRINJ-015",15,66677,22.5,12.6,37.1
,"San Bernardino County, CA","06071","2021","2021","Unintentional","1","Drowning","GRINJ-002",24,2194710,1.1,0.7,1.6
,"San Bernardino County, CA","06071","2021","2021","Unintentional","1","Fall","GRINJ-003",120,2194710,5.5,4.5,6.4
,"San Bernardino County, CA","06071","2021","2021","Unintentional","1","Fire/Flame","GRINJ-004",17,2194710,0.8,0.5,1.2
,"San Bernardino County, CA","06071","2021","2021","Unintentional","1","Motor Vehicle Traffic","GRINJ-008",383,2194710,17.5,15.7,19.2
,"San Bernardino County, CA","06071","2021","2021","Unintentional","1","Natural/Environmental","GRINJ-013",13,2194710,0.6,0.3,1.0
,"San Bernardino County, CA","06071","2021","2021","Unintentional","1","Poisoning","GRINJ-015",564,2194710,25.7,23.6,27.8
,"San Bernardino County, CA","06071","2021","2021","Unintentional","1","Suffocation","GRINJ-017",14,2194710,0.6,0.3,1.1
,"San Bernardino County, CA","06071","2021","2021","Unintentional","1","Other specified, classifiable Injury","GRINJ-018",18,2194710,0.8,0.5,1.3
,"San Bernardino County, CA","06071","2021","2021","Unintentional","1","Unspecified Injury","GRINJ-020",10,2194710,0.5,0.2,0.8
,"San Bernardino County, CA","06071","2021","2021","Suicide","2","Firearm","GRINJ-006",103,2194710,4.7,3.8,5.6
,"San Bernardino County, CA","06071","2021","2021","Suicide","2","Poisoning","GRINJ-015",19,2194710,0.9,0.5,1.4
,"San Bernardino County, CA","06071","2021","2021","Suicide","2","Suffocation","GRINJ-017",91,2194710,4.1,3.3,5.1
,"San Bernardino County, CA","06071","2021","2021","Suicide","2","Other specified, classifiable Injury","GRINJ-018",13,2194710,0.6,0.3,1.0
,"San Bernardino County, CA","06071","2021","2021","Homicide","3","Cut/Pierce","GRINJ-001",33,2194710,1.5,1.0,2.1
,"San Bernardino County, CA","06071","2021","2021","Homicide","3","Firearm","GRINJ-006",139,2194710,6.3,5.3,7.4
,"San Diego County, CA","06073","2021","2021","Unintentional","1","Drowning","GRINJ-002",30,3286069,0.9,0.6,1.3
,"San Diego County, CA","06073","2021","2021","Unintentional","1","Fall","GRINJ-003",362,3286069,11.0,9.9,12.2
,"San Diego County, CA","06073","2021","2021","Unintentional","1","Fire/Flame","GRINJ-004",19,3286069,0.6,0.3,0.9
,"San Diego County, CA","06073","2021","2021","Unintentional","1","Motor Vehicle Traffic","GRINJ-008",326,3286069,9.9,8.8,11.0
,"San Diego County, CA","06073","2021","2021","Unintentional","1","Other Pedestrian","GRINJ-010",12,3286069,0.4,0.2,0.6
,"San Diego County, CA","06073","2021","2021","Unintentional","1","Other transport","GRINJ-012",10,3286069,0.3,0.1,0.6
,"San Diego County, CA","06073","2021","2021","Unintentional","1","Natural/Environmental","GRINJ-013",11,3286069,0.3,0.2,0.6
,"San Diego County, CA","06073","2021","2021","Unintentional","1","Poisoning","GRINJ-015",973,3286069,29.6,27.7,31.5
,"San Diego County, CA","06073","2021","2021","Unintentional","1","Suffocation","GRINJ-017",41,3286069,1.2,0.9,1.7
,"San Diego County, CA","06073","2021","2021","Unintentional","1","Other specified, classifiable Injury","GRINJ-018",11,3286069,0.3,0.2,0.6
,"San Diego County, CA","06073","2021","2021","Unintentional","1","Other specified, not elsewhere classified Injury","GRINJ-019",10,3286069,0.3,0.1,0.6
,"San Diego County, CA","06073","2021","2021","Unintentional","1","Unspecified Injury","GRINJ-020",16,3286069,0.5,0.3,0.8
,"San Diego County, CA","06073","2021","2021","Suicide","2","Drowning","GRINJ-002",13,3286069,0.4,0.2,0.7
,"San Diego County, CA","06073","2021","2021","Suicide","2","Fall","GRINJ-003",26,3286069,0.8,0.5,1.2
,"San Diego County, CA","06073","2021","2021","Suicide","2","Firearm","GRINJ-006",128,3286069,3.9,3.2,4.6
,"San Diego County, CA","06073","2021","2021","Suicide","2","Poisoning","GRINJ-015",54,3286069,1.6,1.2,2.1
,"San Diego County, CA","06073","2021","2021","Suicide","2","Suffocation","GRINJ-017",118,3286069,3.6,2.9,4.2
,"San Diego County, CA","06073","2021","2021","Homicide","3","Cut/Pierce","GRINJ-001",14,3286069,0.4,0.2,0.7
,"San Diego County, CA","06073","2021","2021","Homicide","3","Firearm","GRINJ-006",79,3286069,2.4,1.9,3.0
,"San Diego County, CA","06073","2021","2021","Homicide","3","Unspecified Injury","GRINJ-020",10,3286069,0.3,0.1,0.6
,"San Francisco County, CA","06075","2021","2021","Unintentional","1","Fall","GRINJ-003",72,815201,8.8,6.9,11.1
,"San Francisco County, CA","06075","2021","2021","Unintentional","1","Motor Vehicle Traffic","GRINJ-008",37,815201,4.5,3.2,6.3
,"San Francisco County, CA","06075","2021","2021","Unintentional","1","Poisoning","GRINJ-015",538,815201,66.0,60.4,71.6
,"San Francisco County, CA","06075","2021","2021","Unintentional","1","Suffocation","GRINJ-017",15,815201,1.8,1.0,3.0
,"San Francisco County, CA","06075","2021","2021","Unintentional","1","Unspecified Injury","GRINJ-020",13,815201,1.6,0.8,2.7
,"San Francisco County, CA","06075","2021","2021","Suicide","2","Firearm","GRINJ-006",12,815201,1.5,0.8,2.6
,"San Francisco County, CA","06075","2021","2021","Suicide","2","Poisoning","GRINJ-015",15,815201,1.8,1.0,3.0
,"San Francisco County, CA","06075","2021","2021","Suicide","2","Suffocation","GRINJ-017",34,815201,4.2,2.9,5.8
,"San Francisco County, CA","06075","2021","2021","Homicide","3","Firearm","GRINJ-006",33,815201,4.0,2.8,5.7
,"San Joaquin County, CA","06077","2021","2021","Unintentional","1","Drowning","GRINJ-002",17,789410,2.2,1.3,3.4
,"San Joaquin County, CA","06077","2021","2021","Unintentional","1","Fall","GRINJ-003",51,789410,6.5,4.8,8.5
,"San Joaquin County, CA","06077","2021","2021","Unintentional","1","Motor Vehicle Traffic","GRINJ-008",153,789410,19.4,16.3,22.5
,"San Joaquin County, CA","06077","2021","2021","Unintentional","1","Poisoning","GRINJ-015",217,789410,27.5,23.8,31.1
,"San Joaquin County, CA","06077","2021","2021","Unintentional","1","Suffocation","GRINJ-017",12,789410,1.5,0.8,2.7
,"San Joaquin County, CA","06077","2021","2021","Unintentional","1","Unspecified Injury","GRINJ-020",10,789410,1.3,0.6,2.3
,"San Joaquin County, CA","06077","2021","2021","Suicide","2","Firearm","GRINJ-006",36,789410,4.6,3.2,6.3
,"San Joaquin County, CA","06077","2021","2021","Suicide","2","Suffocation","GRINJ-017",33,789410,4.2,2.9,5.9
,"San Joaquin County, CA","06077","2021","2021","Homicide","3","Firearm","GRINJ-006",59,789410,7.5,5.7,9.6
,"San Luis Obispo County, CA","06079","2021","2021","Unintentional","1","Fall","GRINJ-003",19,283159,6.7,4.0,10.5
,"San Luis Obispo County, CA","06079","2021","2021","Unintentional","1","Motor Vehicle Traffic","GRINJ-008",25,283159,8.8,5.7,13.0
,"San Luis Obispo County, CA","06079","2021","2021","Unintentional","1","Poisoning","GRINJ-015",112,283159,39.6,32.2,46.9
,"San Luis Obispo County, CA","06079","2021","2021","Suicide","2","Firearm","GRINJ-006",25,283159,8.8,5.7,13.0
,"San Luis Obispo County, CA","06079","2021","2021","Suicide","2","Suffocation","GRINJ-017",10,283159,3.5,1.7,6.5
,"San Mateo County, CA","06081","2021","2021","Unintentional","1","Fall","GRINJ-003",59,737888,8.0,6.1,10.3
,"San Mateo County, CA","06081","2021","2021","Unintentional","1","Motor Vehicle Traffic","GRINJ-008",45,737888,6.1,4.4,8.2
,"San Mateo County, CA","06081","2021","2021","Unintentional","1","Poisoning","GRINJ-015",139,737888,18.8,15.7,22.0
,"San Mateo County, CA","06081","2021","2021","Unintentional","1","Suffocation","GRINJ-017",10,737888,1.4,0.6,2.5
,"San Mateo County, CA","06081","2021","2021","Suicide","2","Firearm","GRINJ-006",10,737888,1.4,0.6,2.5
,"San Mateo County, CA","06081","2021","2021","Suicide","2","Suffocation","GRINJ-017",29,737888,3.9,2.6,5.6
,"San Mateo County, CA","06081","2021","2021","Homicide","3","Firearm","GRINJ-006",22,737888,3.0,1.9,4.5
,"Santa Barbara County, CA","06083","2021","2021","Unintentional","1","Fall","GRINJ-003",44,446475,9.9,7.2,13.2
,"Santa Barbara County, CA","06083","2021","2021","Unintentional","1","Motor Vehicle Traffic","GRINJ-008",57,446475,12.8,9.7,16.5
,"Santa Barbara County, CA","06083","2021","2021","Unintentional","1","Poisoning","GRINJ-015",143,446475,32.0,26.8,37.3
,"Santa Barbara County, CA","06083","2021","2021","Suicide","2","Firearm","GRINJ-006",18,446475,4.0,2.4,6.4
,"Santa Barbara County, CA","06083","2021","2021","Suicide","2","Suffocation","GRINJ-017",16,446475,3.6,2.0,5.8
,"Santa Barbara County, CA","06083","2021","2021","Homicide","3","Firearm","GRINJ-006",20,446475,4.5,2.7,6.9
,"Santa Clara County, CA","06085","2021","2021","Unintentional","1","Drowning","GRINJ-002",22,1885508,1.2,0.7,1.8
,"Santa Clara County, CA","06085","2021","2021","Unintentional","1","Fall","GRINJ-003",185,1885508,9.8,8.4,11.2
,"Santa Clara County, CA","06085","2021","2021","Unintentional","1","Motor Vehicle Traffic","GRINJ-008",144,1885508,7.6,6.4,8.9
,"Santa Clara County, CA","06085","2021","2021","Unintentional","1","Natural/Environmental","GRINJ-013",11,1885508,0.6,0.3,1.0
,"Santa Clara County, CA","06085","2021","2021","Unintentional","1","Poisoning","GRINJ-015",303,1885508,16.1,14.3,17.9
,"Santa Clara County, CA","06085","2021","2021","Suicide","2","Cut/Pierce","GRINJ-001",10,1885508,0.5,0.3,1.0
,"Santa Clara County, CA","06085","2021","2021","Suicide","2","Fall","GRINJ-003",13,1885508,0.7,0.4,1.2
,"Santa Clara County, CA","06085","2021","2021","Suicide","2","Firearm","GRINJ-006",40,1885508,2.1,1.5,2.9
,"Santa Clara County, CA","06085","2021","2021","Suicide","2","Poisoning","GRINJ-015",23,1885508,1.2,0.8,1.8
,"Santa Clara County, CA","06085","2021","2021","Suicide","2","Suffocation","GRINJ-017",56,1885508,3.0,2.2,3.9
,"Santa Clara County, CA","06085","2021","2021","Homicide","3","Firearm","GRINJ-006",33,1885508,1.8,1.2,2.5
,"Santa Clara County, CA","06085","2021","2021","Undetermined ","4","Poisoning","GRINJ-015",10,1885508,0.5,0.3,1.0
,"Santa Clara County, CA","06085","2021","2021","Undetermined ","4","Unspecified Injury","GRINJ-020",10,1885508,0.5,0.3,1.0
,"Santa Cruz County, CA","06087","2021","2021","Unintentional","1","Fall","GRINJ-003",41,267792,15.3,11.0,20.8
,"Santa Cruz County, CA","06087","2021","2021","Unintentional","1","Motor Vehicle Traffic","GRINJ-008",24,267792,9.0,5.7,13.3
,"Santa Cruz County, CA","06087","2021","2021","Unintentional","1","Poisoning","GRINJ-015",84,267792,31.4,25.0,38.8
,"Santa Cruz County, CA","06087","2021","2021","Suicide","2","Suffocation","GRINJ-017",10,267792,3.7,1.8,6.9
,"Shasta County, CA","06089","2021","2021","Unintentional","1","Fall","GRINJ-003",29,182139,15.9,10.7,22.9
,"Shasta County, CA","06089","2021","2021","Unintentional","1","Motor Vehicle Traffic","GRINJ-008",32,182139,17.6,12.0,24.8
,"Shasta County, CA","06089","2021","2021","Unintentional","1","Poisoning","GRINJ-015",76,182139,41.7,32.9,52.2
,"Shasta County, CA","06089","2021","2021","Suicide","2","Firearm","GRINJ-006",28,182139,15.4,10.2,22.2
,"Shasta County, CA","06089","2021","2021","Suicide","2","Suffocation","GRINJ-017",18,182139,9.9,5.9,15.6
,"Siskiyou County, CA","06093","2021","2021","Unintentional","1","Motor Vehicle Traffic","GRINJ-008",17,44118,38.5,22.4,61.7
,"Siskiyou County, CA","06093","2021","2021","Unintentional","1","Poisoning","GRINJ-015",17,44118,38.5,22.4,61.7
,"Solano County, CA","06095","2021","2021","Unintentional","1","Fall","GRINJ-003",43,451716,9.5,6.9,12.8
,"Solano County, CA","06095","2021","2021","Unintentional","1","Motor Vehicle Traffic","GRINJ-008",51,451716,11.3,8.4,14.8
,"Solano County, CA","06095","2021","2021","Unintentional","1","Poisoning","GRINJ-015",130,451716,28.8,23.8,33.7
,"Solano County, CA","06095","2021","2021","Unintentional","1","Unspecified Injury","GRINJ-020",10,451716,2.2,1.1,4.1
,"Solano County, CA","06095","2021","2021","Suicide","2","Firearm","GRINJ-006",23,451716,5.1,3.2,7.6
,"Solano County, CA","06095","2021","2021","Suicide","2","Suffocation","GRINJ-017",18,451716,4.0,2.4,6.3
,"Solano County, CA","06095","2021","2021","Homicide","3","Firearm","GRINJ-006",29,451716,6.4,4.3,9.2
,"Sonoma County, CA","06097","2021","2021","Unintentional","1","Fall","GRINJ-003",37,485887,7.6,5.4,10.5
,"Sonoma County, CA","06097","2021","2021","Unintentional","1","Motor Vehicle Traffic","GRINJ-008",49,485887,10.1,7.5,13.3
,"Sonoma County, CA","06097","2021","2021","Unintentional","1","Poisoning","GRINJ-015",152,485887,31.3,26.3,36.3
,"Sonoma County, CA","06097","2021","2021","Suicide","2","Firearm","GRINJ-006",33,485887,6.8,4.7,9.5
,"Sonoma County, CA","06097","2021","2021","Suicide","2","Poisoning","GRINJ-015",13,485887,2.7,1.4,4.6
,"Sonoma County, CA","06097","2021","2021","Suicide","2","Suffocation","GRINJ-017",17,485887,3.5,2.0,5.6
,"Sonoma County, CA","06097","2021","2021","Homicide","3","Firearm","GRINJ-006",11,485887,2.3,1.1,4.1
,"Stanislaus County, CA","06099","2021","2021","Unintentional","1","Drowning","GRINJ-002",11,552999,2.0,1.0,3.6
,"Stanislaus County, CA","06099","2021","2021","Unintentional","1","Fall","GRINJ-003",38,552999,6.9,4.9,9.4
,"Stanislaus County, CA","06099","2021","2021","Unintentional","1","Motor Vehicle Traffic","GRINJ-008",119,552999,21.5,17.7,25.4
,"Stanislaus County, CA","06099","2021","2021","Unintentional","1","Poisoning","GRINJ-015",166,552999,30.0,25.5,34.6
,"Stanislaus County, CA","06099","2021","2021","Suicide","2","Firearm","GRINJ-006",34,552999,6.1,4.3,8.6
,"Stanislaus County, CA","06099","2021","2021","Suicide","2","Suffocation","GRINJ-017",18,552999,3.3,1.9,5.1
,"Stanislaus County, CA","06099","2021","2021","Homicide","3","Firearm","GRINJ-006",12,552999,2.2,1.1,3.8
,"Sutter County, CA","06101","2021","2021","Unintentional","1","Motor Vehicle Traffic","GRINJ-008",17,99063,17.2,10.0,27.5
,"Sutter County, CA","06101","2021","2021","Unintentional","1","Poisoning","GRINJ-015",37,99063,37.3,26.3,51.5
,"Tehama County, CA","06103","2021","2021","Unintentional","1","Fall","GRINJ-003",12,65498,18.3,9.5,32.0
,"Tehama County, CA","06103","2021","2021","Unintentional","1","Motor Vehicle Traffic","GRINJ-008",11,65498,16.8,8.4,30.0
,"Tehama County, CA","06103","2021","2021","Unintentional","1","Poisoning","GRINJ-015",30,65498,45.8,30.9,65.4
,"Tulare County, CA","06107","2021","2021","Unintentional","1","Fall","GRINJ-003",47,477054,9.9,7.2,13.1
,"Tulare County, CA","06107","2021","2021","Unintentional","1","Motor Vehicle Traffic","GRINJ-008",91,477054,19.1,15.4,23.4
,"Tulare County, CA","06107","2021","2021","Unintentional","1","Poisoning","GRINJ-015",100,477054,21.0,16.9,25.1
,"Tulare County, CA","06107","2021","2021","Unintentional","1","Suffocation","GRINJ-017",10,477054,2.1,1.0,3.9
,"Tulare County, CA","06107","2021","2021","Suicide","2","Firearm","GRINJ-006",27,477054,5.7,3.7,8.2
,"Tulare County, CA","06107","2021","2021","Suicide","2","Suffocation","GRINJ-017",11,477054,2.3,1.2,4.1
,"Tulare County, CA","06107","2021","2021","Homicide","3","Firearm","GRINJ-006",28,477054,5.9,3.9,8.5
,"Tuolumne County, CA","06109","2021","2021","Unintentional","1","Motor Vehicle Traffic","GRINJ-008",10,55810,17.9,8.6,33.0
,"Tuolumne County, CA","06109","2021","2021","Unintentional","1","Poisoning","GRINJ-015",20,55810,35.8,21.9,55.3
,"Ventura County, CA","06111","2021","2021","Unintentional","1","Fall","GRINJ-003",83,839784,9.9,7.9,12.3
,"Ventura County, CA","06111","2021","2021","Unintentional","1","Motor Vehicle Traffic","GRINJ-008",80,839784,9.5,7.6,11.9
,"Ventura County, CA","06111","2021","2021","Unintentional","1","Poisoning","GRINJ-015",257,839784,30.6,26.9,34.3
,"Ventura County, CA","06111","2021","2021","Suicide","2","Firearm","GRINJ-006",43,839784,5.1,3.7,6.9
,"Ventura County, CA","06111","2021","2021","Suicide","2","Poisoning","GRINJ-015",16,839784,1.9,1.1,3.1
,"Ventura County, CA","06111","2021","2021","Suicide","2","Suffocation","GRINJ-017",20,839784,2.4,1.5,3.7
,"Ventura County, CA","06111","2021","2021","Homicide","3","Firearm","GRINJ-006",14,839784,1.7,0.9,2.8
,"Yolo County, CA","06113","2021","2021","Unintentional","1","Fall","GRINJ-003",14,216986,6.5,3.5,10.8
,"Yolo County, CA","06113","2021","2021","Unintentional","1","Motor Vehicle Traffic","GRINJ-008",31,216986,14.3,9.7,20.3
,"Yolo County, CA","06113","2021","2021","Unintentional","1","Poisoning","GRINJ-015",32,216986,14.7,10.1,20.8
,"Yuba County, CA","06115","2021","2021","Unintentional","1","Motor Vehicle Traffic","GRINJ-008",30,83421,36.0,24.3,51.3
,"Yuba County, CA","06115","2021","2021","Unintentional","1","Poisoning","GRINJ-015",28,83421,33.6,22.3,48.5
,"Adams County, CO","08001","2021","2021","Unintentional","1","Fall","GRINJ-003",80,522140,15.3,12.1,19.1
,"Adams County, CO","08001","2021","2021","Unintentional","1","Motor Vehicle Traffic","GRINJ-008",73,522140,14.0,11.0,17.6
,"Adams County, CO","08001","2021","2021","Unintentional","1","Poisoning","GRINJ-015",200,522140,38.3,33.0,43.6
,"Adams County, CO","08001","2021","2021","Suicide","2","Firearm","GRINJ-006",57,522140,10.9,8.3,14.1
,"Adams County, CO","08001","2021","2021","Suicide","2","Poisoning","GRINJ-015",16,522140,3.1,1.8,5.0
,"Adams County, CO","08001","2021","2021","Suicide","2","Suffocation","GRINJ-017",26,522140,5.0,3.3,7.3
,"Adams County, CO","08001","2021","2021","Homicide","3","Firearm","GRINJ-006",36,522140,6.9,4.8,9.5
,"Alamosa County, CO","08003","2021","2021","Unintentional","1","Poisoning","GRINJ-015",12,16547,72.5,37.5,126.7
,"Arapahoe County, CO","08005","2021","2021","Unintentional","1","Drowning","GRINJ-002",11,654900,1.7,0.8,3.0
,"Arapahoe County, CO","08005","2021","2021","Unintentional","1","Fall","GRINJ-003",113,654900,17.3,14.1,20.4
,"Arapahoe County, CO","08005","2021","2021","Unintentional","1","Motor Vehicle Traffic","GRINJ-008",79,654900,12.1,9.6,15.0
,"Arapahoe County, CO","08005","2021","2021","Unintentional","1","Poisoning","GRINJ-015",166,654900,25.3,21.5,29.2
,"Arapahoe County, CO","08005","2021","2021","Unintentional","1","Suffocation","GRINJ-017",23,654900,3.5,2.2,5.3
,"Arapahoe County, CO","08005","2021","2021","Unintentional","1","Unspecified Injury","GRINJ-020",12,654900,1.8,0.9,3.2
,"Arapahoe County, CO","08005","2021","2021","Suicide","2","Firearm","GRINJ-006",82,654900,12.5,10.0,15.5
,"Arapahoe County, CO","08005","2021","2021","Suicide","2","Poisoning","GRINJ-015",15,654900,2.3,1.3,3.8
,"Arapahoe County, CO","08005","2021","2021","Suicide","2","Suffocation","GRINJ-017",34,654900,5.2,3.6,7.3
,"Arapahoe County, CO","08005","2021","2021","Homicide","3","Firearm","GRINJ-006",32,654900,4.9,3.3,6.9
,"Boulder County, CO","08013","2021","2021","Unintentional","1","Fall","GRINJ-003",69,329543,20.9,16.3,26.5
,"Boulder County, CO","08013","2021","2021","Unintentional","1","Motor Vehicle Traffic","GRINJ-008",33,329543,10.0,6.9,14.1
,"Boulder County, CO","08013","2021","2021","Unintentional","1","Poisoning","GRINJ-015",40,329543,12.1,8.7,16.5
,"Boulder County, CO","08013","2021","2021","Suicide","2","Firearm","GRINJ-006",34,329543,10.3,7.1,14.4
,"Boulder County, CO","08013","2021","2021","Suicide","2","Poisoning","GRINJ-015",11,329543,3.3,1.7,6.0
,"Boulder County, CO","08013","2021","2021","Suicide","2","Suffocation","GRINJ-017",25,329543,7.6,4.9,11.2
,"Boulder County, CO","08013","2021","2021","Homicide","3","Firearm","GRINJ-006",14,329543,4.2,2.3,7.1
,"Broomfield County, CO","08014","2021","2021","Unintentional","1","Fall","GRINJ-003",12,75325,15.9,8.2,27.8
,"Broomfield County, CO","08014","2021","2021","Unintentional","1","Poisoning","GRINJ-015",11,75325,14.6,7.3,26.1
,"Delta County, CO","08029","2021","2021","Unintentional","1","Poisoning","GRINJ-015",14,31661,44.2,24.2,74.2
,"Denver County, CO","08031","2021","2021","Unintentional","1","Fall","GRINJ-003",141,711463,19.8,16.5,23.1
,"Denver County, CO","08031","2021","2021","Unintentional","1","Motor Vehicle Traffic","GRINJ-008",93,711463,13.1,10.6,16.0
,"Denver County, CO","08031","2021","2021","Unintentional","1","Poisoning","GRINJ-015",322,711463,45.3,40.3,50.2
,"Denver County, CO","08031","2021","2021","Unintentional","1","Suffocation","GRINJ-017",19,711463,2.7,1.6,4.2
,"Denver County, CO","08031","2021","2021","Unintentional","1","Unspecified Injury","GRINJ-020",12,711463,1.7,0.9,2.9
,"Denver County, CO","08031","2021","2021","Suicide","2","Firearm","GRINJ-006",47,711463,6.6,4.9,8.8
,"Denver County, CO","08031","2021","2021","Suicide","2","Poisoning","GRINJ-015",39,711463,5.5,3.9,7.5
,"Denver County, CO","08031","2021","2021","Suicide","2","Suffocation","GRINJ-017",46,711463,6.5,4.7,8.6
,"Denver County, CO","08031","2021","2021","Homicide","3","Firearm","GRINJ-006",59,711463,8.3,6.3,10.7
,"Denver County, CO","08031","2021","2021","Undetermined ","4","Poisoning","GRINJ-015",12,711463,1.7,0.9,2.9
,"Douglas County, CO","08035","2021","2021","Unintentional","1","Fall","GRINJ-003",79,368990,21.4,17.0,26.7
,"Douglas County, CO","08035","2021","2021","Unintentional","1","Motor Vehicle Traffic","GRINJ-008",27,368990,7.3,4.8,10.6
,"Douglas County, CO","08035","2021","2021","Unintentional","1","Poisoning","GRINJ-015",35,368990,9.5,6.6,13.2
,"Douglas County, CO","08035","2021","2021","Suicide","2","Firearm","GRINJ-006",33,368990,8.9,6.2,12.6
,"Douglas County, CO","08035","2021","2021","Suicide","2","Poisoning","GRINJ-015",13,368990,3.5,1.9,6.0
,"Douglas County, CO","08035","2021","2021","Suicide","2","Suffocation","GRINJ-017",10,368990,2.7,1.3,5.0
,"Eagle County, CO","08037","2021","2021","Unintentional","1","Fall","GRINJ-003",10,55727,17.9,8.6,33.0
,"Elbert County, CO","08039","2021","2021","Unintentional","1","Poisoning","GRINJ-015",12,27128,44.2,22.9,77.3
,"El Paso County, CO","08041","2021","2021","Unintentional","1","Drowning","GRINJ-002",13,737867,1.8,0.9,3.0
,"El Paso County, CO","08041","2021","2021","Unintentional","1","Fall","GRINJ-003",92,737867,12.5,10.1,15.3
,"El Paso County, CO","08041","2021","2021","Unintentional","1","Motor Vehicle Traffic","GRINJ-008",105,737867,14.2,11.5,17.0
,"El Paso County, CO","08041","2021","2021","Unintentional","1","Natural/Environmental","GRINJ-013",16,737867,2.2,1.2,3.5
,"El Paso County, CO","08041","2021","2021","Unintentional","1","Poisoning","GRINJ-015",336,737867,45.5,40.7,50.4
,"El Paso County, CO","08041","2021","2021","Unintentional","1","Suffocation","GRINJ-017",16,737867,2.2,1.2,3.5
,"El Paso County, CO","08041","2021","2021","Unintentional","1","Unspecified Injury","GRINJ-020",13,737867,1.8,0.9,3.0
,"El Paso County, CO","08041","2021","2021","Suicide","2","Firearm","GRINJ-006",122,737867,16.5,13.6,19.5
,"El Paso County, CO","08041","2021","2021","Suicide","2","Poisoning","GRINJ-015",31,737867,4.2,2.9,6.0
,"El Paso County, CO","08041","2021","2021","Suicide","2","Suffocation","GRINJ-017",50,737867,6.8,5.0,8.9
,"El Paso County, CO","08041","2021","2021","Homicide","3","Firearm","GRINJ-006",56,737867,7.6,5.7,9.9
,"Fremont County, CO","08043","2021","2021","Unintentional","1","Fall","GRINJ-003",14,49661,28.2,15.4,47.3
,"Fremont County, CO","08043","2021","2021","Unintentional","1","Poisoning","GRINJ-015",14,49661,28.2,15.4,47.3
,"Fremont County, CO","08043","2021","2021","Suicide","2","Firearm","GRINJ-006",15,49661,30.2,16.9,49.8
,"Garfield County, CO","08045","2021","2021","Unintentional","1","Fall","GRINJ-003",25,62161,40.2,26.0,59.4
,"Garfield County, CO","08045","2021","2021","Unintentional","1","Poisoning","GRINJ-015",11,62161,17.7,8.8,31.7
,"Jefferson County, CO","08059","2021","2021","Unintentional","1","Fall","GRINJ-003",153,579581,26.4,22.2,30.6
,"Jefferson County, CO","08059","2021","2021","Unintentional","1","Motor Vehicle Traffic","GRINJ-008",55,579581,9.5,7.1,12.4
,"Jefferson County, CO","08059","2021","2021","Unintentional","1","Poisoning","GRINJ-015",166,579581,28.6,24.3,33.0
,"Jefferson County, CO","08059","2021","2021","Unintentional","1","Suffocation","GRINJ-017",16,579581,2.8,1.6,4.5
,"Jefferson County, CO","08059","2021","2021","Unintentional","1","Unspecified Injury","GRINJ-020",15,579581,2.6,1.4,4.3
,"Jefferson County, CO","08059","2021","2021","Suicide","2","Firearm","GRINJ-006",76,579581,13.1,10.3,16.4
,"Jefferson County, CO","08059","2021","2021","Suicide","2","Poisoning","GRINJ-015",26,579581,4.5,2.9,6.6
,"Jefferson County, CO","08059","2021","2021","Suicide","2","Suffocation","GRINJ-017",44,579581,7.6,5.5,10.2
,"Jefferson County, CO","08059","2021","2021","Homicide","3","Firearm","GRINJ-006",18,579581,3.1,1.8,4.9
,"La Plata County, CO","08067","2021","2021","Unintentional","1","Poisoning","GRINJ-015",11,56250,19.6,9.8,35.0
,"Larimer County, CO","08069","2021","2021","Unintentional","1","Fall","GRINJ-003",66,362533,18.2,14.1,23.2
,"Larimer County, CO","08069","2021","2021","Unintentional","1","Motor Vehicle Traffic","GRINJ-008",31,362533,8.6,5.8,12.1
,"Larimer County, CO","08069","2021","2021","Unintentional","1","Poisoning","GRINJ-015",71,362533,19.6,15.3,24.7
,"Larimer County, CO","08069","2021","2021","Suicide","2","Firearm","GRINJ-006",42,362533,11.6,8.3,15.7
,"Larimer County, CO","08069","2021","2021","Suicide","2","Poisoning","GRINJ-015",14,362533,3.9,2.1,6.5
,"Larimer County, CO","08069","2021","2021","Suicide","2","Suffocation","GRINJ-017",19,362533,5.2,3.2,8.2
,"Las Animas County, CO","08071","2021","2021","Unintentional","1","Poisoning","GRINJ-015",16,14633,109.3,62.5,177.6
,"Mesa County, CO","08077","2021","2021","Unintentional","1","Fall","GRINJ-003",36,157335,22.9,16.0,31.7
,"Mesa County, CO","08077","2021","2021","Unintentional","1","Motor Vehicle Traffic","GRINJ-008",26,157335,16.5,10.8,24.2
,"Mesa County, CO","08077","2021","2021","Unintentional","1","Poisoning","GRINJ-015",30,157335,19.1,12.9,27.2
,"Mesa County, CO","08077","2021","2021","Suicide","2","Firearm","GRINJ-006",31,157335,19.7,13.4,28.0
,"Mesa County, CO","08077","2021","2021","Suicide","2","Suffocation","GRINJ-017",12,157335,7.6,3.9,13.3
,"Montrose County, CO","08085","2021","2021","Unintentional","1","Fall","GRINJ-003",22,43168,51.0,31.9,77.2
,"Montrose County, CO","08085","2021","2021","Suicide","2","Firearm","GRINJ-006",11,43168,25.5,12.7,45.6
,"Otero County, CO","08089","2021","2021","Unintentional","1","Poisoning","GRINJ-015",10,18594,53.8,25.8,98.9
,"Pueblo County, CO","08101","2021","2021","Unintentional","1","Fall","GRINJ-003",21,169622,12.4,7.7,18.9
,"Pueblo County, CO","08101","2021","2021","Unintentional","1","Motor Vehicle Traffic","GRINJ-008",30,169622,17.7,11.9,25.2
,"Pueblo County, CO","08101","2021","2021","Unintentional","1","Poisoning","GRINJ-015",68,169622,40.1,31.1,50.8
,"Pueblo County, CO","08101","2021","2021","Suicide","2","Firearm","GRINJ-006",34,169622,20.0,13.9,28.0
,"Pueblo County, CO","08101","2021","2021","Suicide","2","Suffocation","GRINJ-017",15,169622,8.8,4.9,14.6
,"Pueblo County, CO","08101","2021","2021","Homicide","3","Firearm","GRINJ-006",20,169622,11.8,7.2,18.2
,"Teller County, CO","08119","2021","2021","Suicide","2","Firearm","GRINJ-006",13,24926,52.2,27.8,89.2
,"Weld County, CO","08123","2021","2021","Unintentional","1","Fall","GRINJ-003",49,340036,14.4,10.7,19.1
,"Weld County, CO","08123","2021","2021","Unintentional","1","Motor Vehicle Traffic","GRINJ-008",42,340036,12.4,8.9,16.7
,"Weld County, CO","08123","2021","2021","Unintentional","1","Poisoning","GRINJ-015",93,340036,27.4,22.1,33.5
,"Weld County, CO","08123","2021","2021","Unintentional","1","Suffocation","GRINJ-017",11,340036,3.2,1.6,5.8
,"Weld County, CO","08123","2021","2021","Suicide","2","Firearm","GRINJ-006",26,340036,7.6,5.0,11.2
,"Weld County, CO","08123","2021","2021","Suicide","2","Suffocation","GRINJ-017",15,340036,4.4,2.5,7.3
,"Fairfield County, CT","09001","2021","2021","Unintentional","1","Fall","GRINJ-003",116,959768,12.1,9.9,14.3
,"Fairfield County, CT","09001","2021","2021","Unintentional","1","Motor Vehicle Traffic","GRINJ-008",44,959768,4.6,3.3,6.2
,"Fairfield County, CT","09001","2021","2021","Unintentional","1","Poisoning","GRINJ-015",263,959768,27.4,24.1,30.7
,"Fairfield County, CT","09001","2021","2021","Unintentional","1","Suffocation","GRINJ-017",20,959768,2.1,1.3,3.2
,"Fairfield County, CT","09001","2021","2021","Unintentional","1","Unspecified Injury","GRINJ-020",15,959768,1.6,0.9,2.6
,"Fairfield County, CT","09001","2021","2021","Suicide","2","Firearm","GRINJ-006",22,959768,2.3,1.4,3.5
,"Fairfield County, CT","09001","2021","2021","Suicide","2","Poisoning","GRINJ-015",19,959768,2.0,1.2,3.1
,"Fairfield County, CT","09001","2021","2021","Suicide","2","Suffocation","GRINJ-017",26,959768,2.7,1.8,4.0
,"Fairfield County, CT","09001","2021","2021","Homicide","3","Firearm","GRINJ-006",27,959768,2.8,1.9,4.1
,"Hartford County, CT","09003","2021","2021","Unintentional","1","Fall","GRINJ-003",127,896854,14.2,11.7,16.6
,"Hartford County, CT","09003","2021","2021","Unintentional","1","Motor Vehicle Traffic","GRINJ-008",99,896854,11.0,9.0,13.4
,"Hartford County, CT","09003","2021","2021","Unintentional","1","Poisoning","GRINJ-015",416,896854,46.4,41.9,50.8
,"Hartford County, CT","09003","2021","2021","Unintentional","1","Suffocation","GRINJ-017",30,896854,3.3,2.3,4.8
,"Hartford County, CT","09003","2021","2021","Unintentional","1","Unspecified Injury","GRINJ-020",12,896854,1.3,0.7,2.3
,"Hartford County, CT","09003","2021","2021","Suicide","2","Firearm","GRINJ-006",28,896854,3.1,2.1,4.5
,"Hartford County, CT","09003","2021","2021","Suicide","2","Poisoning","GRINJ-015",21,896854,2.3,1.4,3.6
,"Hartford County, CT","09003","2021","2021","Suicide","2","Suffocation","GRINJ-017",33,896854,3.7,2.5,5.2
,"Hartford County, CT","09003","2021","2021","Homicide","3","Firearm","GRINJ-006",36,896854,4.0,2.8,5.6
,"Litchfield County, CT","09005","2021","2021","Unintentional","1","Fall","GRINJ-003",29,185000,15.7,10.5,22.5
,"Litchfield County, CT","09005","2021","2021","Unintentional","1","Motor Vehicle Traffic","GRINJ-008",20,185000,10.8,6.6,16.7
,"Litchfield County, CT","09005","2021","2021","Unintentional","1","Poisoning","GRINJ-015",63,185000,34.1,26.2,43.6
,"Litchfield County, CT","09005","2021","2021","Suicide","2","Firearm","GRINJ-006",12,185000,6.5,3.4,11.3
,"Litchfield County, CT","09005","2021","2021","Suicide","2","Suffocation","GRINJ-017",12,185000,6.5,3.4,11.3
,"Middlesex County, CT","09007","2021","2021","Unintentional","1","Fall","GRINJ-003",36,164759,21.9,15.3,30.2
,"Middlesex County, CT","09007","2021","2021","Unintentional","1","Motor Vehicle Traffic","GRINJ-008",13,164759,7.9,4.2,13.5
,"Middlesex County, CT","09007","2021","2021","Unintentional","1","Poisoning","GRINJ-015",62,164759,37.6,28.9,48.2
,"New Haven County, CT","09009","2021","2021","Unintentional","1","Fall","GRINJ-003",129,863700,14.9,12.4,17.5
,"New Haven County, CT","09009","2021","2021","Unintentional","1","Motor Vehicle Traffic","GRINJ-008",85,863700,9.8,7.9,12.2
,"New Haven County, CT","09009","2021","2021","Unintentional","1","Poisoning","GRINJ-015",493,863700,57.1,52.0,62.1
,"New Haven County, CT","09009","2021","2021","Unintentional","1","Suffocation","GRINJ-017",30,863700,3.5,2.3,5.0
,"New Haven County, CT","09009","2021","2021","Suicide","2","Firearm","GRINJ-006",33,863700,3.8,2.6,5.4
,"New Haven County, CT","09009","2021","2021","Suicide","2","Poisoning","GRINJ-015",19,863700,2.2,1.3,3.4
,"New Haven County, CT","09009","2021","2021","Suicide","2","Suffocation","GRINJ-017",29,863700,3.4,2.2,4.8
,"New Haven County, CT","09009","2021","2021","Homicide","3","Firearm","GRINJ-006",46,863700,5.3,3.9,7.1
,"New London County, CT","09011","2021","2021","Unintentional","1","Fall","GRINJ-003",55,268805,20.5,15.4,26.6
,"New London County, CT","09011","2021","2021","Unintentional","1","Motor Vehicle Traffic","GRINJ-008",21,268805,7.8,4.8,11.9
,"New London County, CT","09011","2021","2021","Unintentional","1","Poisoning","GRINJ-015",144,268805,53.6,44.8,62.3
,"New London County, CT","09011","2021","2021","Suicide","2","Firearm","GRINJ-006",11,268805,4.1,2.0,7.3
,"New London County, CT","09011","2021","2021","Suicide","2","Poisoning","GRINJ-015",16,268805,6.0,3.4,9.7
,"Tolland County, CT","09013","2021","2021","Unintentional","1","Fall","GRINJ-003",13,150293,8.6,4.6,14.8
,"Tolland County, CT","09013","2021","2021","Unintentional","1","Motor Vehicle Traffic","GRINJ-008",15,150293,10.0,5.6,16.5
,"Tolland County, CT","09013","2021","2021","Unintentional","1","Poisoning","GRINJ-015",41,150293,27.3,19.6,37.0
,"Windham County, CT","09015","2021","2021","Unintentional","1","Fall","GRINJ-003",20,116418,17.2,10.5,26.5
,"Windham County, CT","09015","2021","2021","Unintentional","1","Motor Vehicle Traffic","GRINJ-008",21,116418,18.0,11.2,27.6
,"Windham County, CT","09015","2021","2021","Unintentional","1","Poisoning","GRINJ-015",50,116418,42.9,31.9,56.6
,"Kent County, DE","10001","2021","2021","Unintentional","1","Fall","GRINJ-003",18,184149,9.8,5.8,15.4
,"Kent County, DE","10001","2021","2021","Unintentional","1","Motor Vehicle Traffic","GRINJ-008",37,184149,20.1,14.1,27.7
,"Kent County, DE","10001","2021","2021","Unintentional","1","Poisoning","GRINJ-015",96,184149,52.1,42.2,63.7
,"Kent County, DE","10001","2021","2021","Suicide","2","Firearm","GRINJ-006",22,184149,11.9,7.5,18.1
,"Kent County, DE","10001","2021","2021","Homicide","3","Firearm","GRINJ-006",13,184149,7.1,3.8,12.1
,"New Castle County, DE","10003","2021","2021","Unintentional","1","Fall","GRINJ-003",44,571708,7.7,5.6,10.3
,"New Castle County, DE","10003","2021","2021","Unintentional","1","Motor Vehicle Traffic","GRINJ-008",71,571708,12.4,9.7,15.7
,"New Castle County, DE","10003","2021","2021","Unintentional","1","Poisoning","GRINJ-015",313,571708,54.7,48.7,60.8
,"New Castle County, DE","10003","2021","2021","Unintentional","1","Suffocation","GRINJ-017",10,571708,1.7,0.8,3.2
,"New Castle County, DE","10003","2021","2021","Unintentional","1","Unspecified Injury","GRINJ-020",16,571708,2.8,1.6,4.5
,"New Castle County, DE","10003","2021","2021","Suicide","2","Firearm","GRINJ-006",36,571708,6.3,4.4,8.7
,"New Castle County, DE","10003","2021","2021","Suicide","2","Suffocation","GRINJ-017",21,571708,3.7,2.3,5.6
,"New Castle County, DE","10003","2021","2021","Homicide","3","Firearm","GRINJ-006",59,571708,10.3,7.9,13.3
,"Sussex County, DE","10005","2021","2021","Unintentional","1","Fall","GRINJ-003",29,247527,11.7,7.8,16.8
,"Sussex County, DE","10005","2021","2021","Unintentional","1","Motor Vehicle Traffic","GRINJ-008",35,247527,14.1,9.8,19.7
,"Sussex County, DE","10005","2021","2021","Unintentional","1","Poisoning","GRINJ-015",93,247527,37.6,30.3,46.0
,"Sussex County, DE","10005","2021","2021","Suicide","2","Firearm","GRINJ-006",18,247527,7.3,4.3,11.5
,"District of Columbia, DC","11001","2021","2021","Unintentional","1","Fall","GRINJ-003",86,670050,12.8,10.3,15.9
,"District of Columbia, DC","11001","2021","2021","Unintentional","1","Motor Vehicle Traffic","GRINJ-008",57,670050,8.5,6.4,11.0
,"District of Columbia, DC","11001","2021","2021","Unintentional","1","Poisoning","GRINJ-015",436,670050,65.1,59.0,71.2
,"District of Columbia, DC","11001","2021","2021","Unintentional","1","Suffocation","GRINJ-017",23,670050,3.4,2.2,5.2
,"District of Columbia, DC","11001","2021","2021","Unintentional","1","Unspecified Injury","GRINJ-020",12,670050,1.8,0.9,3.1
,"District of Columbia, DC","11001","2021","2021","Suicide","2","Firearm","GRINJ-006",12,670050,1.8,0.9,3.1
,"District of Columbia, DC","11001","2021","2021","Suicide","2","Suffocation","GRINJ-017",17,670050,2.5,1.5,4.1
,"District of Columbia, DC","11001","2021","2021","Homicide","3","Cut/Pierce","GRINJ-001",30,670050,4.5,3.0,6.4
,"District of Columbia, DC","11001","2021","2021","Homicide","3","Firearm","GRINJ-006",169,670050,25.2,21.4,29.0
,"District of Columbia, DC","11001","2021","2021","Undetermined ","4","Poisoning","GRINJ-015",21,670050,3.1,1.9,4.8
,"Alachua County, FL","12001","2021","2021","Unintentional","1","Fall","GRINJ-003",58,279238,20.8,15.8,26.9
,"Alachua County, FL","12001","2021","2021","Unintentional","1","Motor Vehicle Traffic","GRINJ-008",42,279238,15.0,10.8,20.3
,"Alachua County, FL","12001","2021","2021","Unintentional","1","Poisoning","GRINJ-015",39,279238,14.0,9.9,19.1
,"Alachua County, FL","12001","2021","2021","Suicide","2","Firearm","GRINJ-006",19,279238,6.8,4.1,10.6
,"Alachua County, FL","12001","2021","2021","Suicide","2","Suffocation","GRINJ-017",10,279238,3.6,1.7,6.6
,"Alachua County, FL","12001","2021","2021","Homicide","3","Firearm","GRINJ-006",25,279238,9.0,5.8,13.2
,"Baker County, FL","12003","2021","2021","Unintentional","1","Poisoning","GRINJ-015",13,28715,45.3,24.1,77.4
,"Bay County, FL","12005","2021","2021","Unintentional","1","Fall","GRINJ-003",26,179168,14.5,9.5,21.3
,"Bay County, FL","12005","2021","2021","Unintentional","1","Motor Vehicle Traffic","GRINJ-008",41,179168,22.9,16.4,31.0
,"Bay County, FL","12005","2021","2021","Unintentional","1","Poisoning","GRINJ-015",86,179168,48.0,38.4,59.3
,"Bay County, FL","12005","2021","2021","Suicide","2","Firearm","GRINJ-006",21,179168,11.7,7.3,17.9
,"Bradford County, FL","12007","2021","2021","Unintentional","1","Motor Vehicle Traffic","GRINJ-008",11,28540,38.5,19.2,69.0
,"Brevard County, FL","12009","2021","2021","Unintentional","1","Drowning","GRINJ-002",24,616628,3.9,2.5,5.8
,"Brevard County, FL","12009","2021","2021","Unintentional","1","Fall","GRINJ-003",98,616628,15.9,12.9,19.4
,"Brevard County, FL","12009","2021","2021","Unintentional","1","Motor Vehicle Traffic","GRINJ-008",121,616628,19.6,16.1,23.1
,"Brevard County, FL","12009","2021","2021","Unintentional","1","Poisoning","GRINJ-015",327,616628,53.0,47.3,58.8
,"Brevard County, FL","12009","2021","2021","Unintentional","1","Unspecified Injury","GRINJ-020",10,616628,1.6,0.8,3.0
,"Brevard County, FL","12009","2021","2021","Suicide","2","Firearm","GRINJ-006",77,616628,12.5,9.9,15.6
,"Brevard County, FL","12009","2021","2021","Suicide","2","Poisoning","GRINJ-015",26,616628,4.2,2.8,6.2
,"Brevard County, FL","12009","2021","2021","Suicide","2","Suffocation","GRINJ-017",25,616628,4.1,2.6,6.0
,"Brevard County, FL","12009","2021","2021","Homicide","3","Firearm","GRINJ-006",29,616628,4.7,3.1,6.8
,"Brevard County, FL","12009","2021","2021","Undetermined ","4","Poisoning","GRINJ-015",11,616628,1.8,0.9,3.2
,"Broward County, FL","12011","2021","2021","Unintentional","1","Drowning","GRINJ-002",67,1930983,3.5,2.7,4.4
,"Broward County, FL","12011","2021","2021","Unintentional","1","Fall","GRINJ-003",129,1930983,6.7,5.5,7.8
,"Broward County, FL","12011","2021","2021","Unintentional","1","Motor Vehicle Traffic","GRINJ-008",326,1930983,16.9,15.0,18.7
,"Broward County, FL","12011","2021","2021","Unintentional","1","Poisoning","GRINJ-015",696,1930983,36.0,33.4,38.7
,"Broward County, FL","12011","2021","2021","Unintentional","1","Suffocation","GRINJ-017",40,1930983,2.1,1.5,2.8
,"Broward County, FL","12011","2021","2021","Unintentional","1","Other specified, classifiable Injury","GRINJ-018",12,1930983,0.6,0.3,1.1
,"Broward County, FL","12011","2021","2021","Unintentional","1","Unspecified Injury","GRINJ-020",61,1930983,3.2,2.4,4.1
,"Broward County, FL","12011","2021","2021","Suicide","2","Fall","GRINJ-003",14,1930983,0.7,0.4,1.2
,"Broward County, FL","12011","2021","2021","Suicide","2","Firearm","GRINJ-006",121,1930983,6.3,5.1,7.4
,"Broward County, FL","12011","2021","2021","Suicide","2","Poisoning","GRINJ-015",27,1930983,1.4,0.9,2.0
,"Broward County, FL","12011","2021","2021","Suicide","2","Suffocation","GRINJ-017",54,1930983,2.8,2.1,3.6
,"Broward County, FL","12011","2021","2021","Homicide","3","Firearm","GRINJ-006",123,1930983,6.4,5.2,7.5
,"Charlotte County, FL","12015","2021","2021","Unintentional","1","Fall","GRINJ-003",30,194843,15.4,10.4,22.0
,"Charlotte County, FL","12015","2021","2021","Unintentional","1","Motor Vehicle Traffic","GRINJ-008",27,194843,13.9,9.1,20.2
,"Charlotte County, FL","12015","2021","2021","Unintentional","1","Poisoning","GRINJ-015",48,194843,24.6,18.2,32.7
,"Charlotte County, FL","12015","2021","2021","Suicide","2","Firearm","GRINJ-006",27,194843,13.9,9.1,20.2
,"Citrus County, FL","12017","2021","2021","Unintentional","1","Fall","GRINJ-003",61,158083,38.6,29.5,49.6
,"Citrus County, FL","12017","2021","2021","Unintentional","1","Motor Vehicle Traffic","GRINJ-008",39,158083,24.7,17.5,33.7
,"Citrus County, FL","12017","2021","2021","Unintentional","1","Poisoning","GRINJ-015",91,158083,57.6,46.3,70.7
,"Citrus County, FL","12017","2021","2021","Suicide","2","Firearm","GRINJ-006",38,158083,24.0,17.0,33.0
,"Clay County, FL","12019","2021","2021","Unintentional","1","Fall","GRINJ-003",37,222361,16.6,11.7,22.9
,"Clay County, FL","12019","2021","2021","Unintentional","1","Motor Vehicle Traffic","GRINJ-008",44,222361,19.8,14.4,26.6
,"Clay County, FL","12019","2021","2021","Unintentional","1","Poisoning","GRINJ-015",78,222361,35.1,27.7,43.8
,"Clay County, FL","12019","2021","2021","Suicide","2","Firearm","GRINJ-006",26,222361,11.7,7.6,17.1
,"Clay County, FL","12019","2021","2021","Suicide","2","Suffocation","GRINJ-017",11,222361,4.9,2.5,8.9
,"Collier County, FL","12021","2021","2021","Unintentional","1","Fall","GRINJ-003",161,385980,41.7,35.3,48.2
,"Collier County, FL","12021","2021","2021","Unintentional","1","Motor Vehicle Traffic","GRINJ-008",49,385980,12.7,9.4,16.8
,"Collier County, FL","12021","2021","2021","Unintentional","1","Poisoning","GRINJ-015",121,385980,31.3,25.8,36.9
,"Collier County, FL","12021","2021","2021","Unintentional","1","Suffocation","GRINJ-017",10,385980,2.6,1.2,4.8
,"Collier County, FL","12021","2021","2021","Suicide","2","Firearm","GRINJ-006",32,385980,8.3,5.7,11.7
,"Collier County, FL","12021","2021","2021","Suicide","2","Suffocation","GRINJ-017",23,385980,6.0,3.8,8.9
,"Columbia County, FL","12023","2021","2021","Unintentional","1","Motor Vehicle Traffic","GRINJ-008",16,70385,22.7,13.0,36.9
,"Columbia County, FL","12023","2021","2021","Unintentional","1","Poisoning","GRINJ-015",24,70385,34.1,21.8,50.7
,"Columbia County, FL","12023","2021","2021","Suicide","2","Firearm","GRINJ-006",12,70385,17.0,8.8,29.8
,"Duval County, FL","12031","2021","2021","Unintentional","1","Drowning","GRINJ-002",23,999935,2.3,1.5,3.5
,"Duval County, FL","12031","2021","2021","Unintentional","1","Fall","GRINJ-003",113,999935,11.3,9.2,13.4
,"Duval County, FL","12031","2021","2021","Unintentional","1","Fire/Flame","GRINJ-004",10,999935,1.0,0.5,1.8
,"Duval County, FL","12031","2021","2021","Unintentional","1","Motor Vehicle Traffic","GRINJ-008",190,999935,19.0,16.3,21.7
,"Duval County, FL","12031","2021","2021","Unintentional","1","Poisoning","GRINJ-015",520,999935,52.0,47.5,56.5
,"Duval County, FL","12031","2021","2021","Unintentional","1","Suffocation","GRINJ-017",34,999935,3.4,2.4,4.8
,"Duval County, FL","12031","2021","2021","Suicide","2","Firearm","GRINJ-006",78,999935,7.8,6.2,9.7
,"Duval County, FL","12031","2021","2021","Suicide","2","Poisoning","GRINJ-015",24,999935,2.4,1.5,3.6
,"Duval County, FL","12031","2021","2021","Suicide","2","Suffocation","GRINJ-017",27,999935,2.7,1.8,3.9
,"Duval County, FL","12031","2021","2021","Homicide","3","Firearm","GRINJ-006",109,999935,10.9,8.9,12.9
,"Duval County, FL","12031","2021","2021","Homicide","3","Unspecified Injury","GRINJ-020",10,999935,1.0,0.5,1.8
,"Escambia County, FL","12033","2021","2021","Unintentional","1","Fall","GRINJ-003",50,322390,15.5,11.5,20.4
,"Escambia County, FL","12033","2021","2021","Unintentional","1","Motor Vehicle Traffic","GRINJ-008",70,322390,21.7,16.9,27.4
,"Escambia County, FL","12033","2021","2021","Unintentional","1","Poisoning","GRINJ-015",212,322390,65.8,56.9,74.6
,"Escambia County, FL","12033","2021","2021","Unintentional","1","Suffocation","GRINJ-017",16,322390,5.0,2.8,8.1
,"Escambia County, FL","12033","2021","2021","Suicide","2","Firearm","GRINJ-006",39,322390,12.1,8.6,16.5
,"Escambia County, FL","12033","2021","2021","Suicide","2","Suffocation","GRINJ-017",14,322390,4.3,2.4,7.3
,"Escambia County, FL","12033","2021","2021","Homicide","3","Firearm","GRINJ-006",31,322390,9.6,6.5,13.6
,"Flagler County, FL","12035","2021","2021","Unintentional","1","Fall","GRINJ-003",20,120932,16.5,10.1,25.5
,"Flagler County, FL","12035","2021","2021","Unintentional","1","Motor Vehicle Traffic","GRINJ-008",18,120932,14.9,8.8,23.5
,"Flagler County, FL","12035","2021","2021","Unintentional","1","Poisoning","GRINJ-015",28,120932,23.2,15.4,33.5
,"Flagler County, FL","12035","2021","2021","Suicide","2","Firearm","GRINJ-006",16,120932,13.2,7.6,21.5
,"Gadsden County, FL","12039","2021","2021","Unintentional","1","Motor Vehicle Traffic","GRINJ-008",14,43714,32.0,17.5,53.7
,"Hardee County, FL","12049","2021","2021","Unintentional","1","Motor Vehicle Traffic","GRINJ-008",16,25425,62.9,36.0,102.2
,"Hendry County, FL","12051","2021","2021","Unintentional","1","Motor Vehicle Traffic","GRINJ-008",19,40313,47.1,28.4,73.6
,"Hendry County, FL","12051","2021","2021","Unintentional","1","Poisoning","GRINJ-015",16,40313,39.7,22.7,64.5
,"Hernando County, FL","12053","2021","2021","Unintentional","1","Fall","GRINJ-003",74,200638,36.9,29.0,46.3
,"Hernando County, FL","12053","2021","2021","Unintentional","1","Motor Vehicle Traffic","GRINJ-008",45,200638,22.4,16.4,30.0
,"Hernando County, FL","12053","2021","2021","Unintentional","1","Poisoning","GRINJ-015",107,200638,53.3,43.2,63.4
,"Hernando County, FL","12053","2021","2021","Suicide","2","Firearm","GRINJ-006",22,200638,11.0,6.9,16.6
,"Highlands County, FL","12055","2021","2021","Unintentional","1","Fall","GRINJ-003",23,103296,22.3,14.1,33.4
,"Highlands County, FL","12055","2021","2021","Unintentional","1","Motor Vehicle Traffic","GRINJ-008",43,103296,41.6,30.1,56.1
,"Highlands County, FL","12055","2021","2021","Unintentional","1","Poisoning","GRINJ-015",34,103296,32.9,22.8,46.0
,"Highlands County, FL","12055","2021","2021","Suicide","2","Firearm","GRINJ-006",14,103296,13.6,7.4,22.7
,"Hillsborough County, FL","12057","2021","2021","Unintentional","1","Drowning","GRINJ-002",29,1478194,2.0,1.3,2.8
,"Hillsborough County, FL","12057","2021","2021","Unintentional","1","Fall","GRINJ-003",247,1478194,16.7,14.6,18.8
,"Hillsborough County, FL","12057","2021","2021","Unintentional","1","Motor Vehicle Traffic","GRINJ-008",252,1478194,17.0,14.9,19.2
,"Hillsborough County, FL","12057","2021","2021","Unintentional","1","Poisoning","GRINJ-015",522,1478194,35.3,32.3,38.3
,"Hillsborough County, FL","12057","2021","2021","Unintentional","1","Suffocation","GRINJ-017",35,1478194,2.4,1.6,3.3
,"Hillsborough County, FL","12057","2021","2021","Unintentional","1","Unspecified Injury","GRINJ-020",10,1478194,0.7,0.3,1.2
,"Hillsborough County, FL","12057","2021","2021","Suicide","2","Firearm","GRINJ-006",120,1478194,8.1,6.7,9.6
,"Hillsborough County, FL","12057","2021","2021","Suicide","2","Poisoning","GRINJ-015",19,1478194,1.3,0.8,2.0
,"Hillsborough County, FL","12057","2021","2021","Suicide","2","Suffocation","GRINJ-017",50,1478194,3.4,2.5,4.5
,"Hillsborough County, FL","12057","2021","2021","Homicide","3","Cut/Pierce","GRINJ-001",11,1478194,0.7,0.4,1.3
,"Hillsborough County, FL","12057","2021","2021","Homicide","3","Firearm","GRINJ-006",82,1478194,5.5,4.4,6.9
,"Hillsborough County, FL","12057","2021","2021","Undetermined ","4","Poisoning","GRINJ-015",11,1478194,0.7,0.4,1.3
,"Indian River County, FL","12061","2021","2021","Unintentional","1","Fall","GRINJ-003",57,163662,34.8,26.4,45.1
,"Indian River County, FL","12061","2021","2021","Unintentional","1","Motor Vehicle Traffic","GRINJ-008",30,163662,18.3,12.4,26.2
,"Indian River County, FL","12061","2021","2021","Unintentional","1","Poisoning","GRINJ-015",59,163662,36.0,27.4,46.5
,"Indian River County, FL","12061","2021","2021","Suicide","2","Firearm","GRINJ-006",23,163662,14.1,8.9,21.1
,"Jackson County, FL","12063","2021","2021","Unintentional","1","Motor Vehicle Traffic","GRINJ-008",20,47694,41.9,25.6,64.8
,"Jackson County, FL","12063","2021","2021","Unintentional","1","Poisoning","GRINJ-015",12,47694,25.2,13.0,44.0
,"Lake County, FL","12069","2021","2021","Unintentional","1","Fall","GRINJ-003",160,395804,40.4,34.2,46.7
,"Lake County, FL","12069","2021","2021","Unintentional","1","Motor Vehicle Traffic","GRINJ-008",55,395804,13.9,10.5,18.1
,"Lake County, FL","12069","2021","2021","Unintentional","1","Poisoning","GRINJ-015",141,395804,35.6,29.7,41.5
,"Lake County, FL","12069","2021","2021","Suicide","2","Firearm","GRINJ-006",45,395804,11.4,8.3,15.2
,"Lake County, FL","12069","2021","2021","Homicide","3","Firearm","GRINJ-006",18,395804,4.5,2.7,7.2
,"Lee County, FL","12071","2021","2021","Unintentional","1","Drowning","GRINJ-002",18,787976,2.3,1.4,3.6
,"Lee County, FL","12071","2021","2021","Unintentional","1","Fall","GRINJ-003",207,787976,26.3,22.7,29.8
,"Lee County, FL","12071","2021","2021","Unintentional","1","Motor Vehicle Traffic","GRINJ-008",131,787976,16.6,13.8,19.5
,"Lee County, FL","12071","2021","2021","Unintentional","1","Poisoning","GRINJ-015",290,787976,36.8,32.6,41.0
,"Lee County, FL","12071","2021","2021","Unintentional","1","Suffocation","GRINJ-017",17,787976,2.2,1.3,3.5
,"Lee County, FL","12071","2021","2021","Suicide","2","Firearm","GRINJ-006",78,787976,9.9,7.8,12.4
,"Lee County, FL","12071","2021","2021","Suicide","2","Poisoning","GRINJ-015",17,787976,2.2,1.3,3.5
,"Lee County, FL","12071","2021","2021","Suicide","2","Suffocation","GRINJ-017",28,787976,3.6,2.4,5.1
,"Lee County, FL","12071","2021","2021","Homicide","3","Firearm","GRINJ-006",31,787976,3.9,2.7,5.6
,"Leon County, FL","12073","2021","2021","Unintentional","1","Fall","GRINJ-003",38,292817,13.0,9.2,17.8
,"Leon County, FL","12073","2021","2021","Unintentional","1","Motor Vehicle Traffic","GRINJ-008",48,292817,16.4,12.1,21.7
,"Leon County, FL","12073","2021","2021","Unintentional","1","Poisoning","GRINJ-015",43,292817,14.7,10.6,19.8
,"Leon County, FL","12073","2021","2021","Suicide","2","Firearm","GRINJ-006",26,292817,8.9,5.8,13.0
,"Leon County, FL","12073","2021","2021","Suicide","2","Suffocation","GRINJ-017",11,292817,3.8,1.9,6.7
,"Leon County, FL","12073","2021","2021","Homicide","3","Firearm","GRINJ-006",15,292817,5.1,2.9,8.4
,"Levy County, FL","12075","2021","2021","Unintentional","1","Motor Vehicle Traffic","GRINJ-008",20,44158,45.3,27.7,69.9
,"Levy County, FL","12075","2021","2021","Unintentional","1","Poisoning","GRINJ-015",18,44158,40.8,24.2,64.4
,"Levy County, FL","12075","2021","2021","Suicide","2","Firearm","GRINJ-006",10,44158,22.6,10.9,41.6
,"Manatee County, FL","12081","2021","2021","Unintentional","1","Drowning","GRINJ-002",11,412703,2.7,1.3,4.8
,"Manatee County, FL","12081","2021","2021","Unintentional","1","Fall","GRINJ-003",106,412703,25.7,20.8,30.6
,"Manatee County, FL","12081","2021","2021","Unintentional","1","Motor Vehicle Traffic","GRINJ-008",66,412703,16.0,12.4,20.3
,"Manatee County, FL","12081","2021","2021","Unintentional","1","Poisoning","GRINJ-015",155,412703,37.6,31.6,43.5
,"Manatee County, FL","12081","2021","2021","Suicide","2","Firearm","GRINJ-006",49,412703,11.9,8.8,15.7
,"Manatee County, FL","12081","2021","2021","Suicide","2","Suffocation","GRINJ-017",11,412703,2.7,1.3,4.8
,"Manatee County, FL","12081","2021","2021","Homicide","3","Firearm","GRINJ-006",12,412703,2.9,1.5,5.1
,"Marion County, FL","12083","2021","2021","Unintentional","1","Fall","GRINJ-003",214,385915,55.5,48.0,62.9
,"Marion County, FL","12083","2021","2021","Unintentional","1","Motor Vehicle Traffic","GRINJ-008",92,385915,23.8,19.2,29.2
,"Marion County, FL","12083","2021","2021","Unintentional","1","Poisoning","GRINJ-015",186,385915,48.2,41.3,55.1
,"Marion County, FL","12083","2021","2021","Suicide","2","Firearm","GRINJ-006",53,385915,13.7,10.3,18.0
,"Marion County, FL","12083","2021","2021","Suicide","2","Suffocation","GRINJ-017",17,385915,4.4,2.6,7.1
,"Marion County, FL","12083","2021","2021","Homicide","3","Firearm","GRINJ-006",21,385915,5.4,3.4,8.3
,"Martin County, FL","12085","2021","2021","Unintentional","1","Fall","GRINJ-003",49,159942,30.6,22.7,40.5
,"Martin County, FL","12085","2021","2021","Unintentional","1","Motor Vehicle Traffic","GRINJ-008",20,159942,12.5,7.6,19.3
,"Martin County, FL","12085","2021","2021","Unintentional","1","Poisoning","GRINJ-015",46,159942,28.8,21.1,38.4
,"Martin County, FL","12085","2021","2021","Suicide","2","Firearm","GRINJ-006",20,159942,12.5,7.6,19.3
,"Martin County, FL","12085","2021","2021","Suicide","2","Poisoning","GRINJ-015",10,159942,6.3,3.0,11.5
,"Miami-Dade County, FL","12086","2021","2021","Unintentional","1","Drowning","GRINJ-002",29,2662777,1.1,0.7,1.6
,"Miami-Dade County, FL","12086","2021","2021","Unintentional","1","Fall","GRINJ-003",174,2662777,6.5,5.6,7.5
,"Miami-Dade County, FL","12086","2021","2021","Unintentional","1","Motor Vehicle Traffic","GRINJ-008",366,2662777,13.7,12.3,15.2
,"Miami-Dade County, FL","12086","2021","2021","Unintentional","1","Other Pedestrian","GRINJ-010",12,2662777,0.5,0.2,0.8
,"Miami-Dade County, FL","12086","2021","2021","Unintentional","1","Poisoning","GRINJ-015",354,2662777,13.3,11.9,14.7
,"Miami-Dade County, FL","12086","2021","2021","Unintentional","1","Struck by or against","GRINJ-016",75,2662777,2.8,2.2,3.5
,"Miami-Dade County, FL","12086","2021","2021","Unintentional","1","Suffocation","GRINJ-017",38,2662777,1.4,1.0,2.0
,"Miami-Dade County, FL","12086","2021","2021","Unintentional","1","Other specified, classifiable Injury","GRINJ-018",15,2662777,0.6,0.3,0.9
,"Miami-Dade County, FL","12086","2021","2021","Unintentional","1","Unspecified Injury","GRINJ-020",36,2662777,1.4,0.9,1.9
,"Miami-Dade County, FL","12086","2021","2021","Suicide","2","Fall","GRINJ-003",14,2662777,0.5,0.3,0.9
,"Miami-Dade County, FL","12086","2021","2021","Suicide","2","Firearm","GRINJ-006",102,2662777,3.8,3.1,4.6
,"Miami-Dade County, FL","12086","2021","2021","Suicide","2","Poisoning","GRINJ-015",37,2662777,1.4,1.0,1.9
,"Miami-Dade County, FL","12086","2021","2021","Suicide","2","Suffocation","GRINJ-017",67,2662777,2.5,2.0,3.2
,"Miami-Dade County, FL","12086","2021","2021","Homicide","3","Cut/Pierce","GRINJ-001",17,2662777,0.6,0.4,1.0
,"Miami-Dade County, FL","12086","2021","2021","Homicide","3","Firearm","GRINJ-006",184,2662777,6.9,5.9,7.9
,"Miami-Dade County, FL","12086","2021","2021","Homicide","3","Unspecified Injury","GRINJ-020",13,2662777,0.5,0.3,0.8
,"Monroe County, FL","12087","2021","2021","Unintentional","1","Motor Vehicle Traffic","GRINJ-008",18,82170,21.9,13.0,34.6
,"Monroe County, FL","12087","2021","2021","Unintentional","1","Poisoning","GRINJ-015",39,82170,47.5,33.8,64.9
,"Monroe County, FL","12087","2021","2021","Suicide","2","Firearm","GRINJ-006",12,82170,14.6,7.5,25.5
,"Nassau County, FL","12089","2021","2021","Unintentional","1","Fall","GRINJ-003",15,94189,15.9,8.9,26.3
,"Nassau County, FL","12089","2021","2021","Unintentional","1","Motor Vehicle Traffic","GRINJ-008",14,94189,14.9,8.1,24.9
,"Nassau County, FL","12089","2021","2021","Unintentional","1","Poisoning","GRINJ-015",29,94189,30.8,20.6,44.2
,"Nassau County, FL","12089","2021","2021","Suicide","2","Firearm","GRINJ-006",13,94189,13.8,7.3,23.6
,"Okaloosa County, FL","12091","2021","2021","Unintentional","1","Fall","GRINJ-003",36,213255,16.9,11.8,23.4
,"Okaloosa County, FL","12091","2021","2021","Unintentional","1","Motor Vehicle Traffic","GRINJ-008",49,213255,23.0,17.0,30.4
,"Okaloosa County, FL","12091","2021","2021","Unintentional","1","Poisoning","GRINJ-015",82,213255,38.5,30.6,47.7
,"Okaloosa County, FL","12091","2021","2021","Suicide","2","Firearm","GRINJ-006",34,213255,15.9,11.0,22.3
,"Okaloosa County, FL","12091","2021","2021","Homicide","3","Firearm","GRINJ-006",11,213255,5.2,2.6,9.2
,"Okeechobee County, FL","12093","2021","2021","Unintentional","1","Motor Vehicle Traffic","GRINJ-008",20,40266,49.7,30.3,76.7
,"Okeechobee County, FL","12093","2021","2021","Unintentional","1","Poisoning","GRINJ-015",17,40266,42.2,24.6,67.6
,"Orange County, FL","12095","2021","2021","Unintentional","1","Drowning","GRINJ-002",21,1422746,1.5,0.9,2.3
,"Orange County, FL","12095","2021","2021","Unintentional","1","Fall","GRINJ-003",187,1422746,13.1,11.3,15.0
,"Orange County, FL","12095","2021","2021","Unintentional","1","Motor Vehicle Traffic","GRINJ-008",217,1422746,15.3,13.2,17.3
,"Orange County, FL","12095","2021","2021","Unintentional","1","Poisoning","GRINJ-015",421,1422746,29.6,26.8,32.4
,"Orange County, FL","12095","2021","2021","Unintentional","1","Suffocation","GRINJ-017",17,1422746,1.2,0.7,1.9
,"Orange County, FL","12095","2021","2021","Unintentional","1","Unspecified Injury","GRINJ-020",15,1422746,1.1,0.6,1.7
,"Orange County, FL","12095","2021","2021","Suicide","2","Firearm","GRINJ-006",86,1422746,6.0,4.8,7.5
,"Orange County, FL","12095","2021","2021","Suicide","2","Poisoning","GRINJ-015",14,1422746,1.0,0.5,1.7
,"Orange County, FL","12095","2021","2021","Suicide","2","Suffocation","GRINJ-017",30,1422746,2.1,1.4,3.0
,"Orange County, FL","12095","2021","2021","Homicide","3","Firearm","GRINJ-006",78,1422746,5.5,4.3,6.8
,"Osceola County, FL","12097","2021","2021","Unintentional","1","Fall","GRINJ-003",48,403282,11.9,8.8,15.8
,"Osceola County, FL","12097","2021","2021","Unintentional","1","Motor Vehicle Traffic","GRINJ-008",63,403282,15.6,12.0,20.0
,"Osceola County, FL","12097","2021","2021","Unintentional","1","Poisoning","GRINJ-015",118,403282,29.3,24.0,34.5
,"Osceola County, FL","12097","2021","2021","Suicide","2","Firearm","GRINJ-006",24,403282,6.0,3.8,8.9
,"Osceola County, FL","12097","2021","2021","Homicide","3","Firearm","GRINJ-006",14,403282,3.5,1.9,5.8
,"Palm Beach County, FL","12099","2021","2021","Unintentional","1","Drowning","GRINJ-002",38,1497987,2.5,1.8,3.5
,"Palm Beach County, FL","12099","2021","2021","Unintentional","1","Fall","GRINJ-003",345,1497987,23.0,20.6,25.5
,"Palm Beach County, FL","12099","2021","2021","Unintentional","1","Motor Vehicle Traffic","GRINJ-008",212,1497987,14.2,12.2,16.1
,"Palm Beach County, FL","12099","2021","2021","Unintentional","1","Poisoning","GRINJ-015",537,1497987,35.8,32.8,38.9
,"Palm Beach County, FL","12099","2021","2021","Unintentional","1","Suffocation","GRINJ-017",26,1497987,1.7,1.1,2.5
,"Palm Beach County, FL","12099","2021","2021","Unintentional","1","Other specified, classifiable Injury","GRINJ-018",15,1497987,1.0,0.6,1.7
,"Palm Beach County, FL","12099","2021","2021","Unintentional","1","Unspecified Injury","GRINJ-020",18,1497987,1.2,0.7,1.9
,"Palm Beach County, FL","12099","2021","2021","Suicide","2","Firearm","GRINJ-006",109,1497987,7.3,5.9,8.6
,"Palm Beach County, FL","12099","2021","2021","Suicide","2","Poisoning","GRINJ-015",45,1497987,3.0,2.2,4.0
,"Palm Beach County, FL","12099","2021","2021","Suicide","2","Suffocation","GRINJ-017",51,1497987,3.4,2.5,4.5
,"Palm Beach County, FL","12099","2021","2021","Suicide","2","Other specified, classifiable Injury","GRINJ-018",11,1497987,0.7,0.4,1.3
,"Palm Beach County, FL","12099","2021","2021","Homicide","3","Cut/Pierce","GRINJ-001",10,1497987,0.7,0.3,1.2
,"Palm Beach County, FL","12099","2021","2021","Homicide","3","Firearm","GRINJ-006",82,1497987,5.5,4.4,6.8
,"Pasco County, FL","12101","2021","2021","Unintentional","1","Drowning","GRINJ-002",12,584067,2.1,1.1,3.6
,"Pasco County, FL","12101","2021","2021","Unintentional","1","Fall","GRINJ-003",147,584067,25.2,21.1,29.2
,"Pasco County, FL","12101","2021","2021","Unintentional","1","Motor Vehicle Traffic","GRINJ-008",124,584067,21.2,17.5,25.0
,"Pasco County, FL","12101","2021","2021","Unintentional","1","Poisoning","GRINJ-015",298,584067,51.0,45.2,56.8
,"Pasco County, FL","12101","2021","2021","Unintentional","1","Suffocation","GRINJ-017",16,584067,2.7,1.6,4.4
,"Pasco County, FL","12101","2021","2021","Suicide","2","Firearm","GRINJ-006",70,584067,12.0,9.3,15.1
,"Pasco County, FL","12101","2021","2021","Suicide","2","Suffocation","GRINJ-017",21,584067,3.6,2.2,5.5
,"Pasco County, FL","12101","2021","2021","Homicide","3","Firearm","GRINJ-006",11,584067,1.9,0.9,3.4
,"Pinellas County, FL","12103","2021","2021","Unintentional","1","Drowning","GRINJ-002",19,956615,2.0,1.2,3.1
,"Pinellas County, FL","12103","2021","2021","Unintentional","1","Fall","GRINJ-003",364,956615,38.1,34.1,42.0
,"Pinellas County, FL","12103","2021","2021","Unintentional","1","Motor Vehicle Traffic","GRINJ-008",151,956615,15.8,13.3,18.3
,"Pinellas County, FL","12103","2021","2021","Unintentional","1","Poisoning","GRINJ-015",527,956615,55.1,50.4,59.8
,"Pinellas County, FL","12103","2021","2021","Unintentional","1","Suffocation","GRINJ-017",29,956615,3.0,2.0,4.4
,"Pinellas County, FL","12103","2021","2021","Unintentional","1","Unspecified Injury","GRINJ-020",13,956615,1.4,0.7,2.3
,"Pinellas County, FL","12103","2021","2021","Suicide","2","Firearm","GRINJ-006",99,956615,10.3,8.4,12.6
,"Pinellas County, FL","12103","2021","2021","Suicide","2","Poisoning","GRINJ-015",32,956615,3.3,2.3,4.7
,"Pinellas County, FL","12103","2021","2021","Suicide","2","Suffocation","GRINJ-017",40,956615,4.2,3.0,5.7
,"Pinellas County, FL","12103","2021","2021","Homicide","3","Firearm","GRINJ-006",54,956615,5.6,4.2,7.4
,"Polk County, FL","12105","2021","2021","Unintentional","1","Drowning","GRINJ-002",14,753520,1.9,1.0,3.1
,"Polk County, FL","12105","2021","2021","Unintentional","1","Fall","GRINJ-003",102,753520,13.5,10.9,16.2
,"Polk County, FL","12105","2021","2021","Unintentional","1","Motor Vehicle Traffic","GRINJ-008",166,753520,22.0,18.7,25.4
,"Polk County, FL","12105","2021","2021","Unintentional","1","Poisoning","GRINJ-015",237,753520,31.5,27.4,35.5
,"Polk County, FL","12105","2021","2021","Unintentional","1","Suffocation","GRINJ-017",30,753520,4.0,2.7,5.7
,"Polk County, FL","12105","2021","2021","Suicide","2","Firearm","GRINJ-006",52,753520,6.9,5.2,9.0
,"Polk County, FL","12105","2021","2021","Suicide","2","Poisoning","GRINJ-015",15,753520,2.0,1.1,3.3
,"Polk County, FL","12105","2021","2021","Suicide","2","Suffocation","GRINJ-017",18,753520,2.4,1.4,3.8
,"Polk County, FL","12105","2021","2021","Homicide","3","Firearm","GRINJ-006",38,753520,5.0,3.6,6.9
,"Putnam County, FL","12107","2021","2021","Unintentional","1","Fall","GRINJ-003",13,74167,17.5,9.3,30.0
,"Putnam County, FL","12107","2021","2021","Unintentional","1","Motor Vehicle Traffic","GRINJ-008",26,74167,35.1,22.9,51.4
,"Putnam County, FL","12107","2021","2021","Unintentional","1","Poisoning","GRINJ-015",32,74167,43.1,29.5,60.9
,"St. Johns County, FL","12109","2021","2021","Unintentional","1","Drowning","GRINJ-002",10,292466,3.4,1.6,6.3
,"St. Johns County, FL","12109","2021","2021","Unintentional","1","Fall","GRINJ-003",37,292466,12.7,8.9,17.4
,"St. Johns County, FL","12109","2021","2021","Unintentional","1","Motor Vehicle Traffic","GRINJ-008",36,292466,12.3,8.6,17.0
,"St. Johns County, FL","12109","2021","2021","Unintentional","1","Poisoning","GRINJ-015",50,292466,17.1,12.7,22.5
,"St. Johns County, FL","12109","2021","2021","Suicide","2","Firearm","GRINJ-006",18,292466,6.2,3.6,9.7
,"St. Johns County, FL","12109","2021","2021","Suicide","2","Suffocation","GRINJ-017",11,292466,3.8,1.9,6.7
,"St. Lucie County, FL","12111","2021","2021","Unintentional","1","Drowning","GRINJ-002",12,343579,3.5,1.8,6.1
,"St. Lucie County, FL","12111","2021","2021","Unintentional","1","Fall","GRINJ-003",58,343579,16.9,12.8,21.8
,"St. Lucie County, FL","12111","2021","2021","Unintentional","1","Motor Vehicle Traffic","GRINJ-008",53,343579,15.4,11.6,20.2
,"St. Lucie County, FL","12111","2021","2021","Unintentional","1","Poisoning","GRINJ-015",93,343579,27.1,21.8,33.2
,"St. Lucie County, FL","12111","2021","2021","Suicide","2","Firearm","GRINJ-006",36,343579,10.5,7.3,14.5
,"St. Lucie County, FL","12111","2021","2021","Suicide","2","Suffocation","GRINJ-017",16,343579,4.7,2.7,7.6
,"St. Lucie County, FL","12111","2021","2021","Homicide","3","Firearm","GRINJ-006",13,343579,3.8,2.0,6.5
,"Santa Rosa County, FL","12113","2021","2021","Unintentional","1","Fall","GRINJ-003",20,193998,10.3,6.3,15.9
,"Santa Rosa County, FL","12113","2021","2021","Unintentional","1","Motor Vehicle Traffic","GRINJ-008",24,193998,12.4,7.9,18.4
,"Santa Rosa County, FL","12113","2021","2021","Unintentional","1","Poisoning","GRINJ-015",70,193998,36.1,28.1,45.6
,"Santa Rosa County, FL","12113","2021","2021","Suicide","2","Firearm","GRINJ-006",21,193998,10.8,6.7,16.5
,"Santa Rosa County, FL","12113","2021","2021","Suicide","2","Suffocation","GRINJ-017",11,193998,5.7,2.8,10.1
,"Sarasota County, FL","12115","2021","2021","Unintentional","1","Drowning","GRINJ-002",13,447057,2.9,1.5,5.0
,"Sarasota County, FL","12115","2021","2021","Unintentional","1","Fall","GRINJ-003",169,447057,37.8,32.1,43.5
,"Sarasota County, FL","12115","2021","2021","Unintentional","1","Motor Vehicle Traffic","GRINJ-008",59,447057,13.2,10.0,17.0
,"Sarasota County, FL","12115","2021","2021","Unintentional","1","Poisoning","GRINJ-015",160,447057,35.8,30.2,41.3
,"Sarasota County, FL","12115","2021","2021","Unintentional","1","Suffocation","GRINJ-017",15,447057,3.4,1.9,5.5
,"Sarasota County, FL","12115","2021","2021","Suicide","2","Firearm","GRINJ-006",48,447057,10.7,7.9,14.2
,"Sarasota County, FL","12115","2021","2021","Suicide","2","Poisoning","GRINJ-015",17,447057,3.8,2.2,6.1
,"Sarasota County, FL","12115","2021","2021","Suicide","2","Suffocation","GRINJ-017",15,447057,3.4,1.9,5.5
,"Seminole County, FL","12117","2021","2021","Unintentional","1","Fall","GRINJ-003",110,470093,23.4,19.0,27.8
,"Seminole County, FL","12117","2021","2021","Unintentional","1","Motor Vehicle Traffic","GRINJ-008",54,470093,11.5,8.6,15.0
,"Seminole County, FL","12117","2021","2021","Unintentional","1","Poisoning","GRINJ-015",146,470093,31.1,26.0,36.1
,"Seminole County, FL","12117","2021","2021","Suicide","2","Firearm","GRINJ-006",46,470093,9.8,7.2,13.1
,"Seminole County, FL","12117","2021","2021","Suicide","2","Poisoning","GRINJ-015",15,470093,3.2,1.8,5.3
,"Seminole County, FL","12117","2021","2021","Suicide","2","Suffocation","GRINJ-017",13,470093,2.8,1.5,4.7
,"Seminole County, FL","12117","2021","2021","Homicide","3","Firearm","GRINJ-006",14,470093,3.0,1.6,5.0
,"Sumter County, FL","12119","2021","2021","Unintentional","1","Fall","GRINJ-003",111,135638,81.8,66.6,97.1
,"Sumter County, FL","12119","2021","2021","Unintentional","1","Motor Vehicle Traffic","GRINJ-008",31,135638,22.9,15.5,32.4
,"Sumter County, FL","12119","2021","2021","Unintentional","1","Poisoning","GRINJ-015",34,135638,25.1,17.4,35.0
,"Suwannee County, FL","12121","2021","2021","Unintentional","1","Motor Vehicle Traffic","GRINJ-008",15,44485,33.7,18.9,55.6
,"Volusia County, FL","12127","2021","2021","Unintentional","1","Drowning","GRINJ-002",12,564412,2.1,1.1,3.7
,"Volusia County, FL","12127","2021","2021","Unintentional","1","Fall","GRINJ-003",197,564412,34.9,30.0,39.8
,"Volusia County, FL","12127","2021","2021","Unintentional","1","Motor Vehicle Traffic","GRINJ-008",131,564412,23.2,19.2,27.2
,"Volusia County, FL","12127","2021","2021","Unintentional","1","Poisoning","GRINJ-015",346,564412,61.3,54.8,67.8
,"Volusia County, FL","12127","2021","2021","Unintentional","1","Suffocation","GRINJ-017",12,564412,2.1,1.1,3.7
,"Volusia County, FL","12127","2021","2021","Unintentional","1","Unspecified Injury","GRINJ-020",10,564412,1.8,0.8,3.3
,"Volusia County, FL","12127","2021","2021","Suicide","2","Firearm","GRINJ-006",81,564412,14.4,11.4,17.8
,"Volusia County, FL","12127","2021","2021","Suicide","2","Poisoning","GRINJ-015",11,564412,1.9,1.0,3.5
,"Volusia County, FL","12127","2021","2021","Suicide","2","Suffocation","GRINJ-017",24,564412,4.3,2.7,6.3
,"Volusia County, FL","12127","2021","2021","Homicide","3","Firearm","GRINJ-006",21,564412,3.7,2.3,5.7
,"Wakulla County, FL","12129","2021","2021","Unintentional","1","Poisoning","GRINJ-015",12,34690,34.6,17.9,60.4
,"Walton County, FL","12131","2021","2021","Unintentional","1","Fall","GRINJ-003",13,80069,16.2,8.6,27.8
,"Walton County, FL","12131","2021","2021","Unintentional","1","Motor Vehicle Traffic","GRINJ-008",26,80069,32.5,21.2,47.6
,"Walton County, FL","12131","2021","2021","Unintentional","1","Poisoning","GRINJ-015",40,80069,50.0,35.7,68.0
,"Walton County, FL","12131","2021","2021","Suicide","2","Firearm","GRINJ-006",10,80069,12.5,6.0,23.0
,"Baldwin County, GA","13009","2021","2021","Unintentional","1","Motor Vehicle Traffic","GRINJ-008",10,43781,22.8,11.0,42.0
,"Barrow County, GA","13013","2021","2021","Unintentional","1","Motor Vehicle Traffic","GRINJ-008",27,86658,31.2,20.5,45.3
,"Barrow County, GA","13013","2021","2021","Unintentional","1","Poisoning","GRINJ-015",20,86658,23.1,14.1,35.6
,"Barrow County, GA","13013","2021","2021","Suicide","2","Firearm","GRINJ-006",12,86658,13.8,7.2,24.2
,"Bartow County, GA","13015","2021","2021","Unintentional","1","Motor Vehicle Traffic","GRINJ-008",21,110843,18.9,11.7,29.0
,"Bartow County, GA","13015","2021","2021","Unintentional","1","Poisoning","GRINJ-015",50,110843,45.1,33.5,59.5
,"Bartow County, GA","13015","2021","2021","Suicide","2","Firearm","GRINJ-006",15,110843,13.5,7.6,22.3
,"Bibb County, GA","13021","2021","2021","Unintentional","1","Fall","GRINJ-003",15,156762,9.6,5.4,15.8
,"Bibb County, GA","13021","2021","2021","Unintentional","1","Fire/Flame","GRINJ-004",11,156762,7.0,3.5,12.6
,"Bibb County, GA","13021","2021","2021","Unintentional","1","Motor Vehicle Traffic","GRINJ-008",44,156762,28.1,20.4,37.7
,"Bibb County, GA","13021","2021","2021","Unintentional","1","Poisoning","GRINJ-015",33,156762,21.1,14.5,29.6
,"Bibb County, GA","13021","2021","2021","Suicide","2","Firearm","GRINJ-006",18,156762,11.5,6.8,18.1
,"Bibb County, GA","13021","2021","2021","Homicide","3","Firearm","GRINJ-006",44,156762,28.1,20.4,37.7
,"Bryan County, GA","13029","2021","2021","Unintentional","1","Motor Vehicle Traffic","GRINJ-008",12,46938,25.6,13.2,44.7
,"Bulloch County, GA","13031","2021","2021","Unintentional","1","Motor Vehicle Traffic","GRINJ-008",12,82442,14.6,7.5,25.4
,"Butts County, GA","13035","2021","2021","Unintentional","1","Motor Vehicle Traffic","GRINJ-008",10,25781,38.8,18.6,71.3
,"Butts County, GA","13035","2021","2021","Unintentional","1","Poisoning","GRINJ-015",11,25781,42.7,21.3,76.3
,"Camden County, GA","13039","2021","2021","Unintentional","1","Poisoning","GRINJ-015",19,55664,34.1,20.6,53.3
,"Camden County, GA","13039","2021","2021","Suicide","2","Firearm","GRINJ-006",11,55664,19.8,9.9,35.4
,"Carroll County, GA","13045","2021","2021","Unintentional","1","Fall","GRINJ-003",15,121968,12.3,6.9,20.3
,"Carroll County, GA","13045","2021","2021","Unintentional","1","Motor Vehicle Traffic","GRINJ-008",26,121968,21.3,13.9,31.2
,"Carroll County, GA","13045","2021","2021","Unintentional","1","Poisoning","GRINJ-015",46,121968,37.7,27.6,50.3
,"Carroll County, GA","13045","2021","2021","Suicide","2","Firearm","GRINJ-006",18,121968,14.8,8.7,23.3
,"Catoosa County, GA","13047","2021","2021","Unintentional","1","Poisoning","GRINJ-015",18,68397,26.3,15.6,41.6
,"Catoosa County, GA","13047","2021","2021","Suicide","2","Firearm","GRINJ-006",11,68397,16.1,8.0,28.8
,"Chatham County, GA","13051","2021","2021","Unintentional","1","Fall","GRINJ-003",29,296329,9.8,6.6,14.1
,"Chatham County, GA","13051","2021","2021","Unintentional","1","Motor Vehicle Traffic","GRINJ-008",38,296329,12.8,9.1,17.6
,"Chatham County, GA","13051","2021","2021","Unintentional","1","Poisoning","GRINJ-015",75,296329,25.3,19.9,31.7
,"Chatham County, GA","13051","2021","2021","Suicide","2","Firearm","GRINJ-006",22,296329,7.4,4.7,11.2
,"Chatham County, GA","13051","2021","2021","Suicide","2","Suffocation","GRINJ-017",11,296329,3.7,1.9,6.6
,"Chatham County, GA","13051","2021","2021","Homicide","3","Firearm","GRINJ-006",29,296329,9.8,6.6,14.1
,"Chattooga County, GA","13055","2021","2021","Unintentional","1","Poisoning","GRINJ-015",10,24932,40.1,19.2,73.8
,"Cherokee County, GA","13057","2021","2021","Unintentional","1","Fall","GRINJ-003",30,274615,10.9,7.4,15.6
,"Cherokee County, GA","13057","2021","2021","Unintentional","1","Motor Vehicle Traffic","GRINJ-008",28,274615,10.2,6.8,14.7
,"Cherokee County, GA","13057","2021","2021","Unintentional","1","Poisoning","GRINJ-015",52,274615,18.9,14.1,24.8
,"Cherokee County, GA","13057","2021","2021","Suicide","2","Firearm","GRINJ-006",28,274615,10.2,6.8,14.7
,"Cherokee County, GA","13057","2021","2021","Homicide","3","Firearm","GRINJ-006",11,274615,4.0,2.0,7.2
,"Clarke County, GA","13059","2021","2021","Unintentional","1","Motor Vehicle Traffic","GRINJ-008",20,128711,15.5,9.5,24.0
,"Clarke County, GA","13059","2021","2021","Unintentional","1","Poisoning","GRINJ-015",26,128711,20.2,13.2,29.6
,"Clarke County, GA","13059","2021","2021","Suicide","2","Firearm","GRINJ-006",11,128711,8.5,4.3,15.3
,"Clayton County, GA","13063","2021","2021","Unintentional","1","Fall","GRINJ-003",14,297100,4.7,2.6,7.9
,"Clayton County, GA","13063","2021","2021","Unintentional","1","Motor Vehicle Traffic","GRINJ-008",65,297100,21.9,16.9,27.9
,"Clayton County, GA","13063","2021","2021","Unintentional","1","Poisoning","GRINJ-015",57,297100,19.2,14.5,24.9
,"Clayton County, GA","13063","2021","2021","Unintentional","1","Unspecified Injury","GRINJ-020",11,297100,3.7,1.8,6.6
,"Clayton County, GA","13063","2021","2021","Suicide","2","Firearm","GRINJ-006",26,297100,8.8,5.7,12.8
,"Clayton County, GA","13063","2021","2021","Suicide","2","Suffocation","GRINJ-017",10,297100,3.4,1.6,6.2
,"Clayton County, GA","13063","2021","2021","Homicide","3","Firearm","GRINJ-006",62,297100,20.9,16.0,26.8
,"Cobb County, GA","13067","2021","2021","Unintentional","1","Fall","GRINJ-003",80,766802,10.4,8.3,13.0
,"Cobb County, GA","13067","2021","2021","Unintentional","1","Motor Vehicle Traffic","GRINJ-008",93,766802,12.1,9.8,14.9
,"Cobb County, GA","13067","2021","2021","Unintentional","1","Poisoning","GRINJ-015",176,766802,23.0,19.6,26.3
,"Cobb County, GA","13067","2021","2021","Unintentional","1","Suffocation","GRINJ-017",22,766802,2.9,1.8,4.3
,"Cobb County, GA","13067","2021","2021","Suicide","2","Firearm","GRINJ-006",48,766802,6.3,4.6,8.3
,"Cobb County, GA","13067","2021","2021","Suicide","2","Poisoning","GRINJ-015",11,766802,1.4,0.7,2.6
,"Cobb County, GA","13067","2021","2021","Suicide","2","Suffocation","GRINJ-017",21,766802,2.7,1.7,4.2
,"Cobb County, GA","13067","2021","2021","Homicide","3","Firearm","GRINJ-006",40,766802,5.2,3.7,7.1
,"Coffee County, GA","13069","2021","2021","Unintentional","1","Motor Vehicle Traffic","GRINJ-008",10,43386,23.0,11.1,42.4
,"Colquitt County, GA","13071","2021","2021","Unintentional","1","Motor Vehicle Traffic","GRINJ-008",15,45812,32.7,18.3,54.0
,"Columbia County, GA","13073","2021","2021","Unintentional","1","Motor Vehicle Traffic","GRINJ-008",21,159639,13.2,8.1,20.1
,"Columbia County, GA","13073","2021","2021","Unintentional","1","Poisoning","GRINJ-015",31,159639,19.4,13.2,27.6
,"Columbia County, GA","13073","2021","2021","Suicide","2","Firearm","GRINJ-006",25,159639,15.7,10.1,23.1
,"Coweta County, GA","13077","2021","2021","Unintentional","1","Fall","GRINJ-003",14,149956,9.3,5.1,15.7
,"Coweta County, GA","13077","2021","2021","Unintentional","1","Motor Vehicle Traffic","GRINJ-008",27,149956,18.0,11.9,26.2
,"Coweta County, GA","13077","2021","2021","Unintentional","1","Poisoning","GRINJ-015",31,149956,20.7,14.0,29.3
,"Coweta County, GA","13077","2021","2021","Suicide","2","Firearm","GRINJ-006",19,149956,12.7,7.6,19.8
,"DeKalb County, GA","13089","2021","2021","Unintentional","1","Fall","GRINJ-003",56,757718,7.4,5.6,9.6
,"DeKalb County, GA","13089","2021","2021","Unintentional","1","Fire/Flame","GRINJ-004",12,757718,1.6,0.8,2.8
,"DeKalb County, GA","13089","2021","2021","Unintentional","1","Motor Vehicle Traffic","GRINJ-008",141,757718,18.6,15.5,21.7
,"DeKalb County, GA","13089","2021","2021","Unintentional","1","Poisoning","GRINJ-015",148,757718,19.5,16.4,22.7
,"DeKalb County, GA","13089","2021","2021","Suicide","2","Firearm","GRINJ-006",70,757718,9.2,7.2,11.7
,"DeKalb County, GA","13089","2021","2021","Suicide","2","Poisoning","GRINJ-015",12,757718,1.6,0.8,2.8
,"DeKalb County, GA","13089","2021","2021","Suicide","2","Suffocation","GRINJ-017",17,757718,2.2,1.3,3.6
,"DeKalb County, GA","13089","2021","2021","Homicide","3","Firearm","GRINJ-006",132,757718,17.4,14.4,20.4
,"Dougherty County, GA","13095","2021","2021","Unintentional","1","Motor Vehicle Traffic","GRINJ-008",17,84844,20.0,11.7,32.1
,"Dougherty County, GA","13095","2021","2021","Unintentional","1","Poisoning","GRINJ-015",29,84844,34.2,22.9,49.1
,"Dougherty County, GA","13095","2021","2021","Homicide","3","Firearm","GRINJ-006",16,84844,18.9,10.8,30.6
,"Douglas County, GA","13097","2021","2021","Unintentional","1","Motor Vehicle Traffic","GRINJ-008",23,145814,15.8,10.0,23.7
,"Douglas County, GA","13097","2021","2021","Unintentional","1","Poisoning","GRINJ-015",28,145814,19.2,12.8,27.8
,"Douglas County, GA","13097","2021","2021","Suicide","2","Firearm","GRINJ-006",16,145814,11.0,6.3,17.8
,"Douglas County, GA","13097","2021","2021","Homicide","3","Firearm","GRINJ-006",15,145814,10.3,5.8,17.0
,"Effingham County, GA","13103","2021","2021","Unintentional","1","Poisoning","GRINJ-015",16,66741,24.0,13.7,38.9
,"Fannin County, GA","13111","2021","2021","Unintentional","1","Fall","GRINJ-003",10,25817,38.7,18.6,71.2
,"Fayette County, GA","13113","2021","2021","Unintentional","1","Fall","GRINJ-003",22,120574,18.2,11.4,27.6
,"Fayette County, GA","13113","2021","2021","Unintentional","1","Motor Vehicle Traffic","GRINJ-008",13,120574,10.8,5.7,18.4
,"Fayette County, GA","13113","2021","2021","Unintentional","1","Poisoning","GRINJ-015",21,120574,17.4,10.8,26.6
,"Fayette County, GA","13113","2021","2021","Suicide","2","Firearm","GRINJ-006",17,120574,14.1,8.2,22.6
,"Floyd County, GA","13115","2021","2021","Unintentional","1","Motor Vehicle Traffic","GRINJ-008",26,98771,26.3,17.2,38.6
,"Floyd County, GA","13115","2021","2021","Unintentional","1","Poisoning","GRINJ-015",32,98771,32.4,22.2,45.7
,"Floyd County, GA","13115","2021","2021","Suicide","2","Firearm","GRINJ-006",11,98771,11.1,5.6,19.9
,"Forsyth County, GA","13117","2021","2021","Unintentional","1","Fall","GRINJ-003",16,260206,6.1,3.5,10.0
,"Forsyth County, GA","13117","2021","2021","Unintentional","1","Motor Vehicle Traffic","GRINJ-008",11,260206,4.2,2.1,7.6
,"Forsyth County, GA","13117","2021","2021","Unintentional","1","Poisoning","GRINJ-015",33,260206,12.7,8.7,17.8
,"Forsyth County, GA","13117","2021","2021","Suicide","2","Firearm","GRINJ-006",15,260206,5.8,3.2,9.5
,"Forsyth County, GA","13117","2021","2021","Suicide","2","Suffocation","GRINJ-017",11,260206,4.2,2.1,7.6
,"Franklin County, GA","13119","2021","2021","Unintentional","1","Motor Vehicle Traffic","GRINJ-008",10,23785,42.0,20.2,77.3
,"Franklin County, GA","13119","2021","2021","Unintentional","1","Poisoning","GRINJ-015",11,23785,46.2,23.1,82.7
,"Fulton County, GA","13121","2021","2021","Unintentional","1","Drowning","GRINJ-002",13,1065334,1.2,0.6,2.1
,"Fulton County, GA","13121","2021","2021","Unintentional","1","Fall","GRINJ-003",95,1065334,8.9,7.2,10.9
,"Fulton County, GA","13121","2021","2021","Unintentional","1","Motor Vehicle Traffic","GRINJ-008",132,1065334,12.4,10.3,14.5
,"Fulton County, GA","13121","2021","2021","Unintentional","1","Natural/Environmental","GRINJ-013",10,1065334,0.9,0.5,1.7
,"Fulton County, GA","13121","2021","2021","Unintentional","1","Poisoning","GRINJ-015",265,1065334,24.9,21.9,27.9
,"Fulton County, GA","13121","2021","2021","Unintentional","1","Suffocation","GRINJ-017",26,1065334,2.4,1.6,3.6
,"Fulton County, GA","13121","2021","2021","Unintentional","1","Unspecified Injury","GRINJ-020",11,1065334,1.0,0.5,1.8
,"Fulton County, GA","13121","2021","2021","Suicide","2","Firearm","GRINJ-006",82,1065334,7.7,6.1,9.6
,"Fulton County, GA","13121","2021","2021","Suicide","2","Poisoning","GRINJ-015",23,1065334,2.2,1.4,3.2
,"Fulton County, GA","13121","2021","2021","Suicide","2","Suffocation","GRINJ-017",31,1065334,2.9,2.0,4.1
,"Fulton County, GA","13121","2021","2021","Homicide","3","Cut/Pierce","GRINJ-001",11,1065334,1.0,0.5,1.8
,"Fulton County, GA","13121","2021","2021","Homicide","3","Firearm","GRINJ-006",169,1065334,15.9,13.5,18.3
,"Fulton County, GA","13121","2021","2021","Undetermined ","4","Poisoning","GRINJ-015",12,1065334,1.1,0.6,2.0
,"Glynn County, GA","13127","2021","2021","Unintentional","1","Motor Vehicle Traffic","GRINJ-008",10,84739,11.8,5.7,21.7
,"Glynn County, GA","13127","2021","2021","Unintentional","1","Poisoning","GRINJ-015",30,84739,35.4,23.9,50.5
,"Glynn County, GA","13127","2021","2021","Suicide","2","Firearm","GRINJ-006",10,84739,11.8,5.7,21.7
,"Gordon County, GA","13129","2021","2021","Unintentional","1","Motor Vehicle Traffic","GRINJ-008",11,58237,18.9,9.4,33.8
,"Gordon County, GA","13129","2021","2021","Unintentional","1","Poisoning","GRINJ-015",13,58237,22.3,11.9,38.2
,"Gwinnett County, GA","13135","2021","2021","Unintentional","1","Fall","GRINJ-003",38,964546,3.9,2.8,5.4
,"Gwinnett County, GA","13135","2021","2021","Unintentional","1","Motor Vehicle Traffic","GRINJ-008",106,964546,11.0,8.9,13.1
,"Gwinnett County, GA","13135","2021","2021","Unintentional","1","Poisoning","GRINJ-015",165,964546,17.1,14.5,19.7
,"Gwinnett County, GA","13135","2021","2021","Unintentional","1","Suffocation","GRINJ-017",15,964546,1.6,0.9,2.6
,"Gwinnett County, GA","13135","2021","2021","Unintentional","1","Unspecified Injury","GRINJ-020",10,964546,1.0,0.5,1.9
,"Gwinnett County, GA","13135","2021","2021","Suicide","2","Firearm","GRINJ-006",91,964546,9.4,7.6,11.6
,"Gwinnett County, GA","13135","2021","2021","Suicide","2","Poisoning","GRINJ-015",10,964546,1.0,0.5,1.9
,"Gwinnett County, GA","13135","2021","2021","Suicide","2","Suffocation","GRINJ-017",24,964546,2.5,1.6,3.7
,"Gwinnett County, GA","13135","2021","2021","Homicide","3","Firearm","GRINJ-006",59,964546,6.1,4.7,7.9
,"Habersham County, GA","13137","2021","2021","Unintentional","1","Motor Vehicle Traffic","GRINJ-008",10,46774,21.4,10.3,39.3
,"Habersham County, GA","13137","2021","2021","Unintentional","1","Poisoning","GRINJ-015",13,46774,27.8,14.8,47.5
,"Hall County, GA","13139","2021","2021","Unintentional","1","Fall","GRINJ-003",26,207369,12.5,8.2,18.4
,"Hall County, GA","13139","2021","2021","Unintentional","1","Motor Vehicle Traffic","GRINJ-008",27,207369,13.0,8.6,18.9
,"Hall County, GA","13139","2021","2021","Unintentional","1","Poisoning","GRINJ-015",46,207369,22.2,16.2,29.6
,"Hall County, GA","13139","2021","2021","Suicide","2","Firearm","GRINJ-006",20,207369,9.6,5.9,14.9
,"Hall County, GA","13139","2021","2021","Suicide","2","Suffocation","GRINJ-017",10,207369,4.8,2.3,8.9
,"Hall County, GA","13139","2021","2021","Homicide","3","Firearm","GRINJ-006",10,207369,4.8,2.3,8.9
,"Hart County, GA","13147","2021","2021","Unintentional","1","Poisoning","GRINJ-015",10,26409,37.9,18.2,69.6
,"Henry County, GA","13151","2021","2021","Unintentional","1","Fall","GRINJ-003",14,245235,5.7,3.1,9.6
,"Henry County, GA","13151","2021","2021","Unintentional","1","Motor Vehicle Traffic","GRINJ-008",47,245235,19.2,14.1,25.5
,"Henry County, GA","13151","2021","2021","Unintentional","1","Poisoning","GRINJ-015",38,245235,15.5,11.0,21.3
,"Henry County, GA","13151","2021","2021","Suicide","2","Firearm","GRINJ-006",33,245235,13.5,9.3,18.9
,"Henry County, GA","13151","2021","2021","Homicide","3","Firearm","GRINJ-006",33,245235,13.5,9.3,18.9
,"Houston County, GA","13153","2021","2021","Unintentional","1","Motor Vehicle Traffic","GRINJ-008",25,166829,15.0,9.7,22.1
,"Houston County, GA","13153","2021","2021","Unintentional","1","Poisoning","GRINJ-015",26,166829,15.6,10.2,22.8
,"Houston County, GA","13153","2021","2021","Suicide","2","Firearm","GRINJ-006",26,166829,15.6,10.2,22.8
,"Houston County, GA","13153","2021","2021","Homicide","3","Firearm","GRINJ-006",10,166829,6.0,2.9,11.0
,"Jackson County, GA","13157","2021","2021","Unintentional","1","Poisoning","GRINJ-015",22,80286,27.4,17.2,41.5
,"Jackson County, GA","13157","2021","2021","Suicide","2","Firearm","GRINJ-006",12,80286,14.9,7.7,26.1
,"Laurens County, GA","13175","2021","2021","Unintentional","1","Motor Vehicle Traffic","GRINJ-008",14,49547,28.3,15.4,47.4
,"Laurens County, GA","13175","2021","2021","Unintentional","1","Poisoning","GRINJ-015",11,49547,22.2,11.1,39.7
,"Lee County, GA","13177","2021","2021","Suicide","2","Firearm","GRINJ-006",10,33411,29.9,14.4,55.0
,"Liberty County, GA","13179","2021","2021","Unintentional","1","Motor Vehicle Traffic","GRINJ-008",12,65711,18.3,9.4,31.9
,"Liberty County, GA","13179","2021","2021","Unintentional","1","Poisoning","GRINJ-015",14,65711,21.3,11.6,35.7
,"Liberty County, GA","13179","2021","2021","Suicide","2","Firearm","GRINJ-006",10,65711,15.2,7.3,28.0
,"Liberty County, GA","13179","2021","2021","Homicide","3","Firearm","GRINJ-006",11,65711,16.7,8.4,30.0
,"Lowndes County, GA","13185","2021","2021","Unintentional","1","Fall","GRINJ-003",16,119276,13.4,7.7,21.8
,"Lowndes County, GA","13185","2021","2021","Unintentional","1","Motor Vehicle Traffic","GRINJ-008",25,119276,21.0,13.6,30.9
,"Lowndes County, GA","13185","2021","2021","Unintentional","1","Poisoning","GRINJ-015",15,119276,12.6,7.0,20.7
,"Lowndes County, GA","13185","2021","2021","Suicide","2","Firearm","GRINJ-006",15,119276,12.6,7.0,20.7
,"Lowndes County, GA","13185","2021","2021","Homicide","3","Firearm","GRINJ-006",10,119276,8.4,4.0,15.4
,"Lumpkin County, GA","13187","2021","2021","Unintentional","1","Poisoning","GRINJ-015",12,34278,35.0,18.1,61.2
,"Madison County, GA","13195","2021","2021","Unintentional","1","Motor Vehicle Traffic","GRINJ-008",13,30885,42.1,22.4,72.0
,"Madison County, GA","13195","2021","2021","Unintentional","1","Poisoning","GRINJ-015",13,30885,42.1,22.4,72.0
,"Muscogee County, GA","13215","2021","2021","Unintentional","1","Fall","GRINJ-003",48,205617,23.3,17.2,31.0
,"Muscogee County, GA","13215","2021","2021","Unintentional","1","Motor Vehicle Traffic","GRINJ-008",41,205617,19.9,14.3,27.1
,"Muscogee County, GA","13215","2021","2021","Unintentional","1","Poisoning","GRINJ-015",45,205617,21.9,16.0,29.3
,"Muscogee County, GA","13215","2021","2021","Suicide","2","Firearm","GRINJ-006",22,205617,10.7,6.7,16.2
,"Muscogee County, GA","13215","2021","2021","Homicide","3","Firearm","GRINJ-006",59,205617,28.7,21.8,37.0
,"Newton County, GA","13217","2021","2021","Unintentional","1","Fall","GRINJ-003",11,115355,9.5,4.8,17.1
,"Newton County, GA","13217","2021","2021","Unintentional","1","Motor Vehicle Traffic","GRINJ-008",23,115355,19.9,12.6,29.9
,"Newton County, GA","13217","2021","2021","Unintentional","1","Poisoning","GRINJ-015",21,115355,18.2,11.3,27.8
,"Newton County, GA","13217","2021","2021","Suicide","2","Firearm","GRINJ-006",11,115355,9.5,4.8,17.1
,"Newton County, GA","13217","2021","2021","Homicide","3","Firearm","GRINJ-006",14,115355,12.1,6.6,20.4
,"Oglethorpe County, GA","13221","2021","2021","Unintentional","1","Motor Vehicle Traffic","GRINJ-008",10,15140,66.1,31.7,121.5
,"Paulding County, GA","13223","2021","2021","Unintentional","1","Motor Vehicle Traffic","GRINJ-008",32,173780,18.4,12.6,26.0
,"Paulding County, GA","13223","2021","2021","Unintentional","1","Poisoning","GRINJ-015",52,173780,29.9,22.3,39.2
,"Paulding County, GA","13223","2021","2021","Suicide","2","Firearm","GRINJ-006",20,173780,11.5,7.0,17.8
,"Paulding County, GA","13223","2021","2021","Homicide","3","Firearm","GRINJ-006",10,173780,5.8,2.8,10.6
,"Pickens County, GA","13227","2021","2021","Unintentional","1","Poisoning","GRINJ-015",12,34024,35.3,18.2,61.6
,"Polk County, GA","13233","2021","2021","Unintentional","1","Motor Vehicle Traffic","GRINJ-008",15,43496,34.5,19.3,56.9
,"Polk County, GA","13233","2021","2021","Unintentional","1","Poisoning","GRINJ-015",22,43496,50.6,31.7,76.6
,"Putnam County, GA","13237","2021","2021","Unintentional","1","Motor Vehicle Traffic","GRINJ-008",11,22585,48.7,24.3,87.1
,"Rabun County, GA","13241","2021","2021","Unintentional","1","Motor Vehicle Traffic","GRINJ-008",11,17119,64.3,32.1,115.0
,"Richmond County, GA","13245","2021","2021","Unintentional","1","Fall","GRINJ-003",22,205673,10.7,6.7,16.2
,"Richmond County, GA","13245","2021","2021","Unintentional","1","Motor Vehicle Traffic","GRINJ-008",38,205673,18.5,13.1,25.4
,"Richmond County, GA","13245","2021","2021","Unintentional","1","Poisoning","GRINJ-015",83,205673,40.4,32.1,50.0
,"Richmond County, GA","13245","2021","2021","Suicide","2","Firearm","GRINJ-006",16,205673,7.8,4.4,12.6
,"Richmond County, GA","13245","2021","2021","Suicide","2","Suffocation","GRINJ-017",10,205673,4.9,2.3,8.9
,"Richmond County, GA","13245","2021","2021","Homicide","3","Firearm","GRINJ-006",27,205673,13.1,8.7,19.1
,"Rockdale County, GA","13247","2021","2021","Unintentional","1","Motor Vehicle Traffic","GRINJ-008",16,94082,17.0,9.7,27.6
,"Rockdale County, GA","13247","2021","2021","Unintentional","1","Poisoning","GRINJ-015",23,94082,24.4,15.5,36.7
,"Rockdale County, GA","13247","2021","2021","Suicide","2","Firearm","GRINJ-006",11,94082,11.7,5.8,20.9
,"Spalding County, GA","13255","2021","2021","Unintentional","1","Motor Vehicle Traffic","GRINJ-008",22,67909,32.4,20.3,49.0
,"Spalding County, GA","13255","2021","2021","Unintentional","1","Poisoning","GRINJ-015",19,67909,28.0,16.8,43.7
,"Spalding County, GA","13255","2021","2021","Homicide","3","Firearm","GRINJ-006",10,67909,14.7,7.1,27.1
,"Stephens County, GA","13257","2021","2021","Unintentional","1","Poisoning","GRINJ-015",12,26865,44.7,23.1,78.0
,"Tift County, GA","13277","2021","2021","Unintentional","1","Motor Vehicle Traffic","GRINJ-008",11,41212,26.7,13.3,47.8
,"Tift County, GA","13277","2021","2021","Unintentional","1","Poisoning","GRINJ-015",13,41212,31.5,16.8,53.9
,"Troup County, GA","13285","2021","2021","Unintentional","1","Motor Vehicle Traffic","GRINJ-008",18,69720,25.8,15.3,40.8
,"Troup County, GA","13285","2021","2021","Unintentional","1","Poisoning","GRINJ-015",19,69720,27.3,16.4,42.6
,"Walker County, GA","13295","2021","2021","Unintentional","1","Motor Vehicle Traffic","GRINJ-008",18,68510,26.3,15.6,41.5
,"Walker County, GA","13295","2021","2021","Unintentional","1","Poisoning","GRINJ-015",24,68510,35.0,22.4,52.1
,"Walton County, GA","13297","2021","2021","Unintentional","1","Fall","GRINJ-003",17,99853,17.0,9.9,27.3
,"Walton County, GA","13297","2021","2021","Unintentional","1","Motor Vehicle Traffic","GRINJ-008",21,99853,21.0,13.0,32.1
,"Walton County, GA","13297","2021","2021","Unintentional","1","Poisoning","GRINJ-015",24,99853,24.0,15.4,35.8
,"Walton County, GA","13297","2021","2021","Suicide","2","Firearm","GRINJ-006",10,99853,10.0,4.8,18.4
,"Ware County, GA","13299","2021","2021","Unintentional","1","Poisoning","GRINJ-015",13,36033,36.1,19.2,61.7
,"White County, GA","13311","2021","2021","Unintentional","1","Poisoning","GRINJ-015",11,28442,38.7,19.3,69.2
,"Whitfield County, GA","13313","2021","2021","Unintentional","1","Motor Vehicle Traffic","GRINJ-008",22,102848,21.4,13.4,32.4
,"Whitfield County, GA","13313","2021","2021","Unintentional","1","Poisoning","GRINJ-015",25,102848,24.3,15.7,35.9
,"Hawaii County, HI","15001","2021","2021","Unintentional","1","Fall","GRINJ-003",15,202906,7.4,4.1,12.2
,"Hawaii County, HI","15001","2021","2021","Unintentional","1","Motor Vehicle Traffic","GRINJ-008",24,202906,11.8,7.6,17.6
,"Hawaii County, HI","15001","2021","2021","Unintentional","1","Poisoning","GRINJ-015",26,202906,12.8,8.4,18.8
,"Hawaii County, HI","15001","2021","2021","Suicide","2","Firearm","GRINJ-006",10,202906,4.9,2.4,9.1
,"Hawaii County, HI","15001","2021","2021","Suicide","2","Suffocation","GRINJ-017",28,202906,13.8,9.2,19.9
,"Honolulu County, HI","15003","2021","2021","Unintentional","1","Drowning","GRINJ-002",31,1000890,3.1,2.1,4.4
,"Honolulu County, HI","15003","2021","2021","Unintentional","1","Fall","GRINJ-003",137,1000890,13.7,11.4,16.0
,"Honolulu County, HI","15003","2021","2021","Unintentional","1","Motor Vehicle Traffic","GRINJ-008",52,1000890,5.2,3.9,6.8
,"Honolulu County, HI","15003","2021","2021","Unintentional","1","Poisoning","GRINJ-015",172,1000890,17.2,14.6,19.8
,"Honolulu County, HI","15003","2021","2021","Unintentional","1","Suffocation","GRINJ-017",26,1000890,2.6,1.7,3.8
,"Honolulu County, HI","15003","2021","2021","Unintentional","1","Unspecified Injury","GRINJ-020",10,1000890,1.0,0.5,1.8
,"Honolulu County, HI","15003","2021","2021","Suicide","2","Fall","GRINJ-003",18,1000890,1.8,1.1,2.8
,"Honolulu County, HI","15003","2021","2021","Suicide","2","Firearm","GRINJ-006",22,1000890,2.2,1.4,3.3
,"Honolulu County, HI","15003","2021","2021","Suicide","2","Poisoning","GRINJ-015",14,1000890,1.4,0.8,2.3
,"Honolulu County, HI","15003","2021","2021","Suicide","2","Suffocation","GRINJ-017",56,1000890,5.6,4.2,7.3
,"Honolulu County, HI","15003","2021","2021","Homicide","3","Firearm","GRINJ-006",17,1000890,1.7,1.0,2.7
,"Kauai County, HI","15007","2021","2021","Unintentional","1","Poisoning","GRINJ-015",20,73454,27.2,16.6,42.1
,"Maui County, HI","15009","2021","2021","Unintentional","1","Fall","GRINJ-003",17,164221,10.4,6.0,16.6
,"Maui County, HI","15009","2021","2021","Unintentional","1","Motor Vehicle Traffic","GRINJ-008",15,164221,9.1,5.1,15.1
,"Maui County, HI","15009","2021","2021","Unintentional","1","Poisoning","GRINJ-015",28,164221,17.1,11.3,24.6
,"Maui County, HI","15009","2021","2021","Suicide","2","Suffocation","GRINJ-017",18,164221,11.0,6.5,17.3
,"Ada County, ID","16001","2021","2021","Unintentional","1","Fall","GRINJ-003",73,511931,14.3,11.2,17.9
,"Ada County, ID","16001","2021","2021","Unintentional","1","Motor Vehicle Traffic","GRINJ-008",42,511931,8.2,5.9,11.1
,"Ada County, ID","16001","2021","2021","Unintentional","1","Poisoning","GRINJ-015",88,511931,17.2,13.8,21.2
,"Ada County, ID","16001","2021","2021","Unintentional","1","Suffocation","GRINJ-017",12,511931,2.3,1.2,4.1
,"Ada County, ID","16001","2021","2021","Suicide","2","Firearm","GRINJ-006",55,511931,10.7,8.1,14.0
,"Ada County, ID","16001","2021","2021","Suicide","2","Suffocation","GRINJ-017",23,511931,4.5,2.8,6.7
,"Bannock County, ID","16005","2021","2021","Unintentional","1","Fall","GRINJ-003",11,88263,12.5,6.2,22.3
,"Bannock County, ID","16005","2021","2021","Unintentional","1","Motor Vehicle Traffic","GRINJ-008",12,88263,13.6,7.0,23.7
,"Bannock County, ID","16005","2021","2021","Unintentional","1","Poisoning","GRINJ-015",17,88263,19.3,11.2,30.8
,"Bannock County, ID","16005","2021","2021","Suicide","2","Firearm","GRINJ-006",18,88263,20.4,12.1,32.2
,"Bannock County, ID","16005","2021","2021","Undetermined ","4","Poisoning","GRINJ-015",14,88263,15.9,8.7,26.6
,"Bingham County, ID","16011","2021","2021","Unintentional","1","Motor Vehicle Traffic","GRINJ-008",12,48876,24.6,12.7,42.9
,"Bingham County, ID","16011","2021","2021","Unintentional","1","Poisoning","GRINJ-015",13,48876,26.6,14.2,45.5
,"Bingham County, ID","16011","2021","2021","Suicide","2","Firearm","GRINJ-006",10,48876,20.5,9.8,37.6
,"Bonner County, ID","16017","2021","2021","Unintentional","1","Fall","GRINJ-003",13,49491,26.3,14.0,44.9
,"Bonner County, ID","16017","2021","2021","Suicide","2","Firearm","GRINJ-006",10,49491,20.2,9.7,37.2
,"Bonneville County, ID","16019","2021","2021","Unintentional","1","Fall","GRINJ-003",21,127930,16.4,10.2,25.1
,"Bonneville County, ID","16019","2021","2021","Unintentional","1","Motor Vehicle Traffic","GRINJ-008",25,127930,19.5,12.6,28.8
,"Bonneville County, ID","16019","2021","2021","Unintentional","1","Poisoning","GRINJ-015",38,127930,29.7,21.0,40.8
,"Bonneville County, ID","16019","2021","2021","Suicide","2","Firearm","GRINJ-006",20,127930,15.6,9.5,24.1
,"Canyon County, ID","16027","2021","2021","Unintentional","1","Fall","GRINJ-003",26,243115,10.7,7.0,15.7
,"Canyon County, ID","16027","2021","2021","Unintentional","1","Motor Vehicle Traffic","GRINJ-008",41,243115,16.9,12.1,22.9
,"Canyon County, ID","16027","2021","2021","Unintentional","1","Poisoning","GRINJ-015",37,243115,15.2,10.7,21.0
,"Canyon County, ID","16027","2021","2021","Unintentional","1","Suffocation","GRINJ-017",13,243115,5.3,2.8,9.1
,"Canyon County, ID","16027","2021","2021","Suicide","2","Firearm","GRINJ-006",28,243115,11.5,7.7,16.6
,"Kootenai County, ID","16055","2021","2021","Unintentional","1","Fall","GRINJ-003",40,179789,22.2,15.9,30.3
,"Kootenai County, ID","16055","2021","2021","Unintentional","1","Motor Vehicle Traffic","GRINJ-008",20,179789,11.1,6.8,17.2
,"Kootenai County, ID","16055","2021","2021","Unintentional","1","Poisoning","GRINJ-015",33,179789,18.4,12.6,25.8
,"Kootenai County, ID","16055","2021","2021","Suicide","2","Firearm","GRINJ-006",16,179789,8.9,5.1,14.5
,"Latah County, ID","16057","2021","2021","Unintentional","1","Fall","GRINJ-003",11,40313,27.3,13.6,48.8
,"Nez Perce County, ID","16069","2021","2021","Unintentional","1","Fall","GRINJ-003",11,42454,25.9,12.9,46.4
,"Nez Perce County, ID","16069","2021","2021","Unintentional","1","Poisoning","GRINJ-015",15,42454,35.3,19.8,58.3
,"Twin Falls County, ID","16083","2021","2021","Unintentional","1","Fall","GRINJ-003",21,92243,22.8,14.1,34.8
,"Twin Falls County, ID","16083","2021","2021","Unintentional","1","Motor Vehicle Traffic","GRINJ-008",20,92243,21.7,13.2,33.5
,"Twin Falls County, ID","16083","2021","2021","Unintentional","1","Poisoning","GRINJ-015",17,92243,18.4,10.7,29.5
,"Twin Falls County, ID","16083","2021","2021","Suicide","2","Firearm","GRINJ-006",11,92243,11.9,6.0,21.3
,"Adams County, IL","17001","2021","2021","Unintentional","1","Poisoning","GRINJ-015",11,64954,16.9,8.5,30.3
,"Bureau County, IL","17011","2021","2021","Unintentional","1","Motor Vehicle Traffic","GRINJ-008",12,32883,36.5,18.9,63.7
,"Champaign County, IL","17019","2021","2021","Unintentional","1","Fall","GRINJ-003",24,205943,11.7,7.5,17.3
,"Champaign County, IL","17019","2021","2021","Unintentional","1","Motor Vehicle Traffic","GRINJ-008",15,205943,7.3,4.1,12.0
,"Champaign County, IL","17019","2021","2021","Unintentional","1","Poisoning","GRINJ-015",55,205943,26.7,20.1,34.8
,"Champaign County, IL","17019","2021","2021","Suicide","2","Firearm","GRINJ-006",10,205943,4.9,2.3,8.9
,"Champaign County, IL","17019","2021","2021","Homicide","3","Firearm","GRINJ-006",22,205943,10.7,6.7,16.2
,"Christian County, IL","17021","2021","2021","Unintentional","1","Fall","GRINJ-003",10,33662,29.7,14.2,54.6
,"Christian County, IL","17021","2021","2021","Unintentional","1","Motor Vehicle Traffic","GRINJ-008",12,33662,35.6,18.4,62.3
,"Coles County, IL","17029","2021","2021","Unintentional","1","Motor Vehicle Traffic","GRINJ-008",13,46765,27.8,14.8,47.5
,"Cook County, IL","17031","2021","2021","Unintentional","1","Drowning","GRINJ-002",59,5173146,1.1,0.9,1.5
,"Cook County, IL","17031","2021","2021","Unintentional","1","Fall","GRINJ-003",468,5173146,9.0,8.2,9.9
,"Cook County, IL","17031","2021","2021","Unintentional","1","Fire/Flame","GRINJ-004",60,5173146,1.2,0.9,1.5
,"Cook County, IL","17031","2021","2021","Unintentional","1","Motor Vehicle Traffic","GRINJ-008",532,5173146,10.3,9.4,11.2
,"Cook County, IL","17031","2021","2021","Unintentional","1","Other Pedestrian","GRINJ-010",23,5173146,0.4,0.3,0.7
,"Cook County, IL","17031","2021","2021","Unintentional","1","Natural/Environmental","GRINJ-013",27,5173146,0.5,0.3,0.8
,"Cook County, IL","17031","2021","2021","Unintentional","1","Poisoning","GRINJ-015",1973,5173146,38.1,36.5,39.8
,"Cook County, IL","17031","2021","2021","Unintentional","1","Suffocation","GRINJ-017",105,5173146,2.0,1.6,2.4
,"Cook County, IL","17031","2021","2021","Unintentional","1","Other specified, classifiable Injury","GRINJ-018",15,5173146,0.3,0.2,0.5
,"Cook County, IL","17031","2021","2021","Unintentional","1","Unspecified Injury","GRINJ-020",52,5173146,1.0,0.8,1.3
,"Cook County, IL","17031","2021","2021","Suicide","2","Fall","GRINJ-003",38,5173146,0.7,0.5,1.0
,"Cook County, IL","17031","2021","2021","Suicide","2","Firearm","GRINJ-006",194,5173146,3.8,3.2,4.3
,"Cook County, IL","17031","2021","2021","Suicide","2","Poisoning","GRINJ-015",62,5173146,1.2,0.9,1.5
,"Cook County, IL","17031","2021","2021","Suicide","2","Suffocation","GRINJ-017",162,5173146,3.1,2.6,3.6
,"Cook County, IL","17031","2021","2021","Suicide","2","Other specified, classifiable Injury","GRINJ-018",16,5173146,0.3,0.2,0.5
,"Cook County, IL","17031","2021","2021","Homicide","3","Cut/Pierce","GRINJ-001",23,5173146,0.4,0.3,0.7
,"Cook County, IL","17031","2021","2021","Homicide","3","Firearm","GRINJ-006",977,5173146,18.9,17.7,20.1
,"Cook County, IL","17031","2021","2021","Homicide","3","Unspecified Injury","GRINJ-020",32,5173146,0.6,0.4,0.9
,"Cook County, IL","17031","2021","2021","Undetermined ","4","Drowning","GRINJ-002",14,5173146,0.3,0.1,0.5
,"Cook County, IL","17031","2021","2021","Undetermined ","4","Firearm","GRINJ-006",11,5173146,0.2,0.1,0.4
,"DeKalb County, IL","17037","2021","2021","Unintentional","1","Motor Vehicle Traffic","GRINJ-008",14,100414,13.9,7.6,23.4
,"DeKalb County, IL","17037","2021","2021","Unintentional","1","Poisoning","GRINJ-015",22,100414,21.9,13.7,33.2
,"DuPage County, IL","17043","2021","2021","Unintentional","1","Fall","GRINJ-003",82,924885,8.9,7.1,11.0
,"DuPage County, IL","17043","2021","2021","Unintentional","1","Motor Vehicle Traffic","GRINJ-008",46,924885,5.0,3.6,6.6
,"DuPage County, IL","17043","2021","2021","Unintentional","1","Poisoning","GRINJ-015",130,924885,14.1,11.6,16.5
,"DuPage County, IL","17043","2021","2021","Unintentional","1","Suffocation","GRINJ-017",18,924885,1.9,1.2,3.1
,"DuPage County, IL","17043","2021","2021","Suicide","2","Firearm","GRINJ-006",33,924885,3.6,2.5,5.0
,"DuPage County, IL","17043","2021","2021","Suicide","2","Poisoning","GRINJ-015",26,924885,2.8,1.8,4.1
,"DuPage County, IL","17043","2021","2021","Suicide","2","Suffocation","GRINJ-017",26,924885,2.8,1.8,4.1
,"DuPage County, IL","17043","2021","2021","Homicide","3","Firearm","GRINJ-006",11,924885,1.2,0.6,2.1
,"Effingham County, IL","17049","2021","2021","Unintentional","1","Motor Vehicle Traffic","GRINJ-008",11,34430,31.9,15.9,57.2
,"Franklin County, IL","17055","2021","2021","Unintentional","1","Motor Vehicle Traffic","GRINJ-008",13,37442,34.7,18.5,59.4
,"Franklin County, IL","17055","2021","2021","Unintentional","1","Poisoning","GRINJ-015",10,37442,26.7,12.8,49.1
,"Grundy County, IL","17063","2021","2021","Unintentional","1","Poisoning","GRINJ-015",10,52989,18.9,9.0,34.7
,"Henry County, IL","17073","2021","2021","Unintentional","1","Fall","GRINJ-003",22,48907,45.0,28.2,68.1
,"Jefferson County, IL","17081","2021","2021","Unintentional","1","Poisoning","GRINJ-015",12,36877,32.5,16.8,56.8
,"Jersey County, IL","17083","2021","2021","Unintentional","1","Motor Vehicle Traffic","GRINJ-008",10,21333,46.9,22.5,86.2
,"Kane County, IL","17089","2021","2021","Unintentional","1","Fall","GRINJ-003",53,515588,10.3,7.7,13.4
,"Kane County, IL","17089","2021","2021","Unintentional","1","Motor Vehicle Traffic","GRINJ-008",42,515588,8.1,5.9,11.0
,"Kane County, IL","17089","2021","2021","Unintentional","1","Poisoning","GRINJ-015",101,515588,19.6,15.8,23.4
,"Kane County, IL","17089","2021","2021","Unintentional","1","Suffocation","GRINJ-017",15,515588,2.9,1.6,4.8
,"Kane County, IL","17089","2021","2021","Suicide","2","Firearm","GRINJ-006",18,515588,3.5,2.1,5.5
,"Kane County, IL","17089","2021","2021","Suicide","2","Suffocation","GRINJ-017",20,515588,3.9,2.4,6.0
,"Kane County, IL","17089","2021","2021","Homicide","3","Firearm","GRINJ-006",20,515588,3.9,2.4,6.0
,"Kankakee County, IL","17091","2021","2021","Unintentional","1","Motor Vehicle Traffic","GRINJ-008",19,106601,17.8,10.7,27.8
,"Kankakee County, IL","17091","2021","2021","Unintentional","1","Poisoning","GRINJ-015",37,106601,34.7,24.4,47.8
,"Kankakee County, IL","17091","2021","2021","Homicide","3","Firearm","GRINJ-006",13,106601,12.2,6.5,20.9
,"Kendall County, IL","17093","2021","2021","Unintentional","1","Motor Vehicle Traffic","GRINJ-008",19,134867,14.1,8.5,22.0
,"Kendall County, IL","17093","2021","2021","Unintentional","1","Poisoning","GRINJ-015",15,134867,11.1,6.2,18.3
,"Knox County, IL","17095","2021","2021","Unintentional","1","Poisoning","GRINJ-015",12,49268,24.4,12.6,42.5
,"Lake County, IL","17097","2021","2021","Unintentional","1","Drowning","GRINJ-002",14,711239,2.0,1.1,3.3
,"Lake County, IL","17097","2021","2021","Unintentional","1","Fall","GRINJ-003",61,711239,8.6,6.6,11.0
,"Lake County, IL","17097","2021","2021","Unintentional","1","Motor Vehicle Traffic","GRINJ-008",43,711239,6.0,4.4,8.1
,"Lake County, IL","17097","2021","2021","Unintentional","1","Poisoning","GRINJ-015",131,711239,18.4,15.3,21.6
,"Lake County, IL","17097","2021","2021","Unintentional","1","Suffocation","GRINJ-017",13,711239,1.8,1.0,3.1
,"Lake County, IL","17097","2021","2021","Suicide","2","Firearm","GRINJ-006",29,711239,4.1,2.7,5.9
,"Lake County, IL","17097","2021","2021","Suicide","2","Suffocation","GRINJ-017",23,711239,3.2,2.0,4.9
,"Lake County, IL","17097","2021","2021","Homicide","3","Firearm","GRINJ-006",27,711239,3.8,2.5,5.5
,"LaSalle County, IL","17099","2021","2021","Unintentional","1","Fall","GRINJ-003",21,108965,19.3,11.9,29.5
,"LaSalle County, IL","17099","2021","2021","Unintentional","1","Motor Vehicle Traffic","GRINJ-008",15,108965,13.8,7.7,22.7
,"LaSalle County, IL","17099","2021","2021","Unintentional","1","Poisoning","GRINJ-015",37,108965,34.0,23.9,46.8
,"LaSalle County, IL","17099","2021","2021","Suicide","2","Firearm","GRINJ-006",10,108965,9.2,4.4,16.9
,"Livingston County, IL","17105","2021","2021","Unintentional","1","Poisoning","GRINJ-015",15,35664,42.1,23.5,69.4
,"McHenry County, IL","17111","2021","2021","Unintentional","1","Fall","GRINJ-003",28,311122,9.0,6.0,13.0
,"McHenry County, IL","17111","2021","2021","Unintentional","1","Motor Vehicle Traffic","GRINJ-008",24,311122,7.7,4.9,11.5
,"McHenry County, IL","17111","2021","2021","Unintentional","1","Poisoning","GRINJ-015",50,311122,16.1,11.9,21.2
,"McHenry County, IL","17111","2021","2021","Suicide","2","Firearm","GRINJ-006",15,311122,4.8,2.7,8.0
,"McHenry County, IL","17111","2021","2021","Suicide","2","Suffocation","GRINJ-017",14,311122,4.5,2.5,7.5
,"McLean County, IL","17113","2021","2021","Unintentional","1","Fall","GRINJ-003",27,170889,15.8,10.4,23.0
,"McLean County, IL","17113","2021","2021","Unintentional","1","Motor Vehicle Traffic","GRINJ-008",13,170889,7.6,4.1,13.0
,"McLean County, IL","17113","2021","2021","Unintentional","1","Poisoning","GRINJ-015",19,170889,11.1,6.7,17.4
,"McLean County, IL","17113","2021","2021","Suicide","2","Firearm","GRINJ-006",12,170889,7.0,3.6,12.3
,"Macon County, IL","17115","2021","2021","Unintentional","1","Motor Vehicle Traffic","GRINJ-008",10,102432,9.8,4.7,18.0
,"Macon County, IL","17115","2021","2021","Unintentional","1","Poisoning","GRINJ-015",30,102432,29.3,19.8,41.8
,"Macon County, IL","17115","2021","2021","Suicide","2","Firearm","GRINJ-006",14,102432,13.7,7.5,22.9
,"Macon County, IL","17115","2021","2021","Homicide","3","Firearm","GRINJ-006",10,102432,9.8,4.7,18.0
,"Macoupin County, IL","17117","2021","2021","Unintentional","1","Fall","GRINJ-003",12,44406,27.0,14.0,47.2
,"Macoupin County, IL","17117","2021","2021","Unintentional","1","Motor Vehicle Traffic","GRINJ-008",11,44406,24.8,12.4,44.3
,"Macoupin County, IL","17117","2021","2021","Unintentional","1","Poisoning","GRINJ-015",10,44406,22.5,10.8,41.4
,"Madison County, IL","17119","2021","2021","Unintentional","1","Fall","GRINJ-003",62,264490,23.4,18.0,30.1
,"Madison County, IL","17119","2021","2021","Unintentional","1","Motor Vehicle Traffic","GRINJ-008",30,264490,11.3,7.7,16.2
,"Madison County, IL","17119","2021","2021","Unintentional","1","Poisoning","GRINJ-015",105,264490,39.7,32.1,47.3
,"Madison County, IL","17119","2021","2021","Suicide","2","Firearm","GRINJ-006",27,264490,10.2,6.7,14.9
,"Madison County, IL","17119","2021","2021","Suicide","2","Suffocation","GRINJ-017",13,264490,4.9,2.6,8.4
,"Madison County, IL","17119","2021","2021","Homicide","3","Firearm","GRINJ-006",10,264490,3.8,1.8,7.0
,"Marion County, IL","17121","2021","2021","Unintentional","1","Poisoning","GRINJ-015",11,37390,29.4,14.7,52.6
,"Monroe County, IL","17133","2021","2021","Unintentional","1","Fall","GRINJ-003",13,34932,37.2,19.8,63.6
,"Montgomery County, IL","17135","2021","2021","Unintentional","1","Motor Vehicle Traffic","GRINJ-008",11,28084,39.2,19.6,70.1
,"Montgomery County, IL","17135","2021","2021","Unintentional","1","Poisoning","GRINJ-015",15,28084,53.4,29.9,88.1
,"Ogle County, IL","17141","2021","2021","Unintentional","1","Motor Vehicle Traffic","GRINJ-008",10,51449,19.4,9.3,35.7
,"Peoria County, IL","17143","2021","2021","Unintentional","1","Fall","GRINJ-003",50,179432,27.9,20.7,36.7
,"Peoria County, IL","17143","2021","2021","Unintentional","1","Motor Vehicle Traffic","GRINJ-008",17,179432,9.5,5.5,15.2
,"Peoria County, IL","17143","2021","2021","Unintentional","1","Poisoning","GRINJ-015",36,179432,20.1,14.1,27.8
,"Peoria County, IL","17143","2021","2021","Suicide","2","Firearm","GRINJ-006",11,179432,6.1,3.1,11.0
,"Peoria County, IL","17143","2021","2021","Homicide","3","Firearm","GRINJ-006",26,179432,14.5,9.5,21.2
,"Randolph County, IL","17157","2021","2021","Unintentional","1","Motor Vehicle Traffic","GRINJ-008",10,30142,33.2,15.9,61.0
,"Rock Island County, IL","17161","2021","2021","Unintentional","1","Fall","GRINJ-003",33,142909,23.1,15.9,32.4
,"Rock Island County, IL","17161","2021","2021","Unintentional","1","Motor Vehicle Traffic","GRINJ-008",12,142909,8.4,4.3,14.7
,"Rock Island County, IL","17161","2021","2021","Unintentional","1","Poisoning","GRINJ-015",11,142909,7.7,3.8,13.8
,"Rock Island County, IL","17161","2021","2021","Suicide","2","Suffocation","GRINJ-017",10,142909,7.0,3.4,12.9
,"Rock Island County, IL","17161","2021","2021","Homicide","3","Poisoning","GRINJ-015",12,142909,8.4,4.3,14.7
,"St. Clair County, IL","17163","2021","2021","Unintentional","1","Fall","GRINJ-003",34,254796,13.3,9.2,18.6
,"St. Clair County, IL","17163","2021","2021","Unintentional","1","Fire/Flame","GRINJ-004",10,254796,3.9,1.9,7.2
,"St. Clair County, IL","17163","2021","2021","Unintentional","1","Motor Vehicle Traffic","GRINJ-008",50,254796,19.6,14.6,25.9
,"St. Clair County, IL","17163","2021","2021","Unintentional","1","Poisoning","GRINJ-015",99,254796,38.9,31.6,47.3
,"St. Clair County, IL","17163","2021","2021","Unintentional","1","Unspecified Injury","GRINJ-020",10,254796,3.9,1.9,7.2
,"St. Clair County, IL","17163","2021","2021","Suicide","2","Firearm","GRINJ-006",23,254796,9.0,5.7,13.5
,"St. Clair County, IL","17163","2021","2021","Suicide","2","Suffocation","GRINJ-017",10,254796,3.9,1.9,7.2
,"St. Clair County, IL","17163","2021","2021","Homicide","3","Firearm","GRINJ-006",48,254796,18.8,13.9,25.0
,"Sangamon County, IL","17167","2021","2021","Unintentional","1","Fall","GRINJ-003",34,194734,17.5,12.1,24.4
,"Sangamon County, IL","17167","2021","2021","Unintentional","1","Motor Vehicle Traffic","GRINJ-008",23,194734,11.8,7.5,17.7
,"Sangamon County, IL","17167","2021","2021","Unintentional","1","Poisoning","GRINJ-015",68,194734,34.9,27.1,44.3
,"Sangamon County, IL","17167","2021","2021","Suicide","2","Firearm","GRINJ-006",17,194734,8.7,5.1,14.0
,"Stephenson County, IL","17177","2021","2021","Unintentional","1","Fall","GRINJ-003",15,44021,34.1,19.1,56.2
,"Stephenson County, IL","17177","2021","2021","Unintentional","1","Poisoning","GRINJ-015",10,44021,22.7,10.9,41.8
,"Tazewell County, IL","17179","2021","2021","Unintentional","1","Fall","GRINJ-003",30,130413,23.0,15.5,32.8
,"Tazewell County, IL","17179","2021","2021","Unintentional","1","Motor Vehicle Traffic","GRINJ-008",19,130413,14.6,8.8,22.8
,"Tazewell County, IL","17179","2021","2021","Unintentional","1","Poisoning","GRINJ-015",37,130413,28.4,20.0,39.1
,"Tazewell County, IL","17179","2021","2021","Suicide","2","Suffocation","GRINJ-017",10,130413,7.7,3.7,14.1
,"Vermilion County, IL","17183","2021","2021","Unintentional","1","Fall","GRINJ-003",14,73095,19.2,10.5,32.1
,"Vermilion County, IL","17183","2021","2021","Unintentional","1","Motor Vehicle Traffic","GRINJ-008",12,73095,16.4,8.5,28.7
,"Vermilion County, IL","17183","2021","2021","Unintentional","1","Poisoning","GRINJ-015",25,73095,34.2,22.1,50.5
,"Vermilion County, IL","17183","2021","2021","Suicide","2","Firearm","GRINJ-006",12,73095,16.4,8.5,28.7
,"Vermilion County, IL","17183","2021","2021","Homicide","3","Firearm","GRINJ-006",10,73095,13.7,6.6,25.2
,"Whiteside County, IL","17195","2021","2021","Unintentional","1","Fall","GRINJ-003",11,55305,19.9,9.9,35.6
,"Whiteside County, IL","17195","2021","2021","Unintentional","1","Motor Vehicle Traffic","GRINJ-008",11,55305,19.9,9.9,35.6
,"Will County, IL","17197","2021","2021","Unintentional","1","Fall","GRINJ-003",54,697252,7.7,5.8,10.1
,"Will County, IL","17197","2021","2021","Unintentional","1","Motor Vehicle Traffic","GRINJ-008",65,697252,9.3,7.2,11.9
,"Will County, IL","17197","2021","2021","Unintentional","1","Poisoning","GRINJ-015",161,697252,23.1,19.5,26.7
,"Will County, IL","17197","2021","2021","Unintentional","1","Suffocation","GRINJ-017",11,697252,1.6,0.8,2.8
,"Will County, IL","17197","2021","2021","Suicide","2","Firearm","GRINJ-006",37,697252,5.3,3.7,7.3
,"Will County, IL","17197","2021","2021","Suicide","2","Suffocation","GRINJ-017",21,697252,3.0,1.9,4.6
,"Will County, IL","17197","2021","2021","Homicide","3","Firearm","GRINJ-006",22,697252,3.2,2.0,4.8
,"Williamson County, IL","17199","2021","2021","Unintentional","1","Poisoning","GRINJ-015",19,66879,28.4,17.1,44.4
,"Winnebago County, IL","17201","2021","2021","Unintentional","1","Fall","GRINJ-003",38,283119,13.4,9.5,18.4
,"Winnebago County, IL","17201","2021","2021","Unintentional","1","Motor Vehicle Traffic","GRINJ-008",63,283119,22.3,17.1,28.5
,"Winnebago County, IL","17201","2021","2021","Unintentional","1","Poisoning","GRINJ-015",144,283119,50.9,42.6,59.2
,"Winnebago County, IL","17201","2021","2021","Suicide","2","Firearm","GRINJ-006",21,283119,7.4,4.6,11.3
,"Winnebago County, IL","17201","2021","2021","Homicide","3","Firearm","GRINJ-006",26,283119,9.2,6.0,13.5
,"Allen County, IN","18003","2021","2021","Unintentional","1","Fall","GRINJ-003",67,388608,17.2,13.4,21.9
,"Allen County, IN","18003","2021","2021","Unintentional","1","Motor Vehicle Traffic","GRINJ-008",46,388608,11.8,8.7,15.8
,"Allen County, IN","18003","2021","2021","Unintentional","1","Poisoning","GRINJ-015",145,388608,37.3,31.2,43.4
,"Allen County, IN","18003","2021","2021","Suicide","2","Firearm","GRINJ-006",47,388608,12.1,8.9,16.1
,"Allen County, IN","18003","2021","2021","Suicide","2","Suffocation","GRINJ-017",17,388608,4.4,2.5,7.0
,"Allen County, IN","18003","2021","2021","Homicide","3","Firearm","GRINJ-006",34,388608,8.7,6.1,12.2
,"Bartholomew County, IN","18005","2021","2021","Unintentional","1","Motor Vehicle Traffic","GRINJ-008",17,82475,20.6,12.0,33.0
,"Bartholomew County, IN","18005","2021","2021","Unintentional","1","Poisoning","GRINJ-015",27,82475,32.7,21.6,47.6
,"Boone County, IN","18011","2021","2021","Unintentional","1","Poisoning","GRINJ-015",23,73052,31.5,20.0,47.2
,"Clark County, IN","18019","2021","2021","Unintentional","1","Fall","GRINJ-003",18,122738,14.7,8.7,23.2
,"Clark County, IN","18019","2021","2021","Unintentional","1","Motor Vehicle Traffic","GRINJ-008",17,122738,13.9,8.1,22.2
,"Clark County, IN","18019","2021","2021","Unintentional","1","Poisoning","GRINJ-015",70,122738,57.0,44.5,72.1
,"Clark County, IN","18019","2021","2021","Suicide","2","Firearm","GRINJ-006",15,122738,12.2,6.8,20.2
,"Clinton County, IN","18023","2021","2021","Unintentional","1","Motor Vehicle Traffic","GRINJ-008",11,33065,33.3,16.6,59.5
,"Dearborn County, IN","18029","2021","2021","Unintentional","1","Poisoning","GRINJ-015",15,50816,29.5,16.5,48.7
,"Delaware County, IN","18035","2021","2021","Unintentional","1","Fall","GRINJ-003",13,111871,11.6,6.2,19.9
,"Delaware County, IN","18035","2021","2021","Unintentional","1","Motor Vehicle Traffic","GRINJ-008",20,111871,17.9,10.9,27.6
,"Delaware County, IN","18035","2021","2021","Unintentional","1","Poisoning","GRINJ-015",86,111871,76.9,61.5,94.9
,"Dubois County, IN","18037","2021","2021","Unintentional","1","Fall","GRINJ-003",11,43549,25.3,12.6,45.2
,"Elkhart County, IN","18039","2021","2021","Unintentional","1","Fall","GRINJ-003",15,206921,7.2,4.1,12.0
,"Elkhart County, IN","18039","2021","2021","Unintentional","1","Motor Vehicle Traffic","GRINJ-008",31,206921,15.0,10.2,21.3
,"Elkhart County, IN","18039","2021","2021","Unintentional","1","Poisoning","GRINJ-015",42,206921,20.3,14.6,27.4
,"Elkhart County, IN","18039","2021","2021","Unintentional","1","Unspecified Injury","GRINJ-020",10,206921,4.8,2.3,8.9
,"Elkhart County, IN","18039","2021","2021","Suicide","2","Firearm","GRINJ-006",10,206921,4.8,2.3,8.9
,"Elkhart County, IN","18039","2021","2021","Homicide","3","Firearm","GRINJ-006",11,206921,5.3,2.7,9.5
,"Fayette County, IN","18041","2021","2021","Unintentional","1","Poisoning","GRINJ-015",19,23360,81.3,49.0,127.0
,"Floyd County, IN","18043","2021","2021","Unintentional","1","Poisoning","GRINJ-015",41,80454,51.0,36.6,69.1
,"Grant County, IN","18053","2021","2021","Unintentional","1","Fall","GRINJ-003",17,66263,25.7,14.9,41.1
,"Grant County, IN","18053","2021","2021","Unintentional","1","Motor Vehicle Traffic","GRINJ-008",12,66263,18.1,9.4,31.6
,"Grant County, IN","18053","2021","2021","Unintentional","1","Poisoning","GRINJ-015",51,66263,77.0,57.3,101.2
,"Grant County, IN","18053","2021","2021","Suicide","2","Firearm","GRINJ-006",12,66263,18.1,9.4,31.6
,"Hamilton County, IN","18057","2021","2021","Unintentional","1","Fall","GRINJ-003",29,356650,8.1,5.4,11.7
,"Hamilton County, IN","18057","2021","2021","Unintentional","1","Motor Vehicle Traffic","GRINJ-008",29,356650,8.1,5.4,11.7
,"Hamilton County, IN","18057","2021","2021","Unintentional","1","Poisoning","GRINJ-015",44,356650,12.3,9.0,16.6
,"Hamilton County, IN","18057","2021","2021","Unintentional","1","Unspecified Injury","GRINJ-020",21,356650,5.9,3.6,9.0
,"Hamilton County, IN","18057","2021","2021","Suicide","2","Firearm","GRINJ-006",29,356650,8.1,5.4,11.7
,"Hancock County, IN","18059","2021","2021","Unintentional","1","Motor Vehicle Traffic","GRINJ-008",14,81789,17.1,9.4,28.7
,"Hancock County, IN","18059","2021","2021","Unintentional","1","Poisoning","GRINJ-015",25,81789,30.6,19.8,45.1
,"Harrison County, IN","18061","2021","2021","Unintentional","1","Poisoning","GRINJ-015",16,39761,40.2,23.0,65.3
,"Hendricks County, IN","18063","2021","2021","Unintentional","1","Fall","GRINJ-003",19,179355,10.6,6.4,16.5
,"Hendricks County, IN","18063","2021","2021","Unintentional","1","Motor Vehicle Traffic","GRINJ-008",12,179355,6.7,3.5,11.7
,"Hendricks County, IN","18063","2021","2021","Unintentional","1","Poisoning","GRINJ-015",17,179355,9.5,5.5,15.2
,"Hendricks County, IN","18063","2021","2021","Unintentional","1","Unspecified Injury","GRINJ-020",12,179355,6.7,3.5,11.7
,"Hendricks County, IN","18063","2021","2021","Suicide","2","Firearm","GRINJ-006",13,179355,7.2,3.9,12.4
,"Hendricks County, IN","18063","2021","2021","Undetermined ","4","Poisoning","GRINJ-015",32,179355,17.8,12.2,25.2
,"Henry County, IN","18065","2021","2021","Unintentional","1","Motor Vehicle Traffic","GRINJ-008",11,48935,22.5,11.2,40.2
,"Henry County, IN","18065","2021","2021","Unintentional","1","Poisoning","GRINJ-015",16,48935,32.7,18.7,53.1
,"Howard County, IN","18067","2021","2021","Unintentional","1","Fall","GRINJ-003",11,83687,13.1,6.6,23.5
,"Howard County, IN","18067","2021","2021","Unintentional","1","Motor Vehicle Traffic","GRINJ-008",15,83687,17.9,10.0,29.6
,"Howard County, IN","18067","2021","2021","Unintentional","1","Poisoning","GRINJ-015",43,83687,51.4,37.2,69.2
,"Huntington County, IN","18069","2021","2021","Unintentional","1","Poisoning","GRINJ-015",22,36717,59.9,37.5,90.7
,"Jackson County, IN","18071","2021","2021","Unintentional","1","Poisoning","GRINJ-015",22,46067,47.8,29.9,72.3
,"Jasper County, IN","18073","2021","2021","Unintentional","1","Poisoning","GRINJ-015",13,33091,39.3,20.9,67.2
,"Jay County, IN","18075","2021","2021","Unintentional","1","Poisoning","GRINJ-015",13,20248,64.2,34.2,109.8
,"Jefferson County, IN","18077","2021","2021","Unintentional","1","Poisoning","GRINJ-015",12,33141,36.2,18.7,63.2
,"Jennings County, IN","18079","2021","2021","Unintentional","1","Poisoning","GRINJ-015",11,27409,40.1,20.0,71.8
,"Johnson County, IN","18081","2021","2021","Unintentional","1","Fall","GRINJ-003",13,164298,7.9,4.2,13.5
,"Johnson County, IN","18081","2021","2021","Unintentional","1","Motor Vehicle Traffic","GRINJ-008",15,164298,9.1,5.1,15.1
,"Johnson County, IN","18081","2021","2021","Unintentional","1","Poisoning","GRINJ-015",60,164298,36.5,27.9,47.0
,"Johnson County, IN","18081","2021","2021","Suicide","2","Firearm","GRINJ-006",18,164298,11.0,6.5,17.3
,"Kosciusko County, IN","18085","2021","2021","Unintentional","1","Motor Vehicle Traffic","GRINJ-008",16,80106,20.0,11.4,32.4
,"Kosciusko County, IN","18085","2021","2021","Unintentional","1","Poisoning","GRINJ-015",21,80106,26.2,16.2,40.1
,"Lake County, IN","18089","2021","2021","Unintentional","1","Drowning","GRINJ-002",12,498558,2.4,1.2,4.2
,"Lake County, IN","18089","2021","2021","Unintentional","1","Fall","GRINJ-003",31,498558,6.2,4.2,8.8
,"Lake County, IN","18089","2021","2021","Unintentional","1","Motor Vehicle Traffic","GRINJ-008",62,498558,12.4,9.5,15.9
,"Lake County, IN","18089","2021","2021","Unintentional","1","Poisoning","GRINJ-015",217,498558,43.5,37.7,49.3
,"Lake County, IN","18089","2021","2021","Unintentional","1","Suffocation","GRINJ-017",21,498558,4.2,2.6,6.4
,"Lake County, IN","18089","2021","2021","Unintentional","1","Unspecified Injury","GRINJ-020",28,498558,5.6,3.7,8.1
,"Lake County, IN","18089","2021","2021","Suicide","2","Firearm","GRINJ-006",42,498558,8.4,6.1,11.4
,"Lake County, IN","18089","2021","2021","Suicide","2","Suffocation","GRINJ-017",19,498558,3.8,2.3,6.0
,"Lake County, IN","18089","2021","2021","Homicide","3","Firearm","GRINJ-006",79,498558,15.8,12.5,19.7
,"Lake County, IN","18089","2021","2021","Undetermined ","4","Poisoning","GRINJ-015",10,498558,2.0,1.0,3.7
,"La Porte County, IN","18091","2021","2021","Unintentional","1","Motor Vehicle Traffic","GRINJ-008",13,112390,11.6,6.2,19.8
,"La Porte County, IN","18091","2021","2021","Unintentional","1","Poisoning","GRINJ-015",50,112390,44.5,33.0,58.7
,"La Porte County, IN","18091","2021","2021","Suicide","2","Firearm","GRINJ-006",16,112390,14.2,8.1,23.1
,"Lawrence County, IN","18093","2021","2021","Unintentional","1","Poisoning","GRINJ-015",10,45070,22.2,10.6,40.8
,"Madison County, IN","18095","2021","2021","Unintentional","1","Fall","GRINJ-003",13,130782,9.9,5.3,17.0
,"Madison County, IN","18095","2021","2021","Unintentional","1","Motor Vehicle Traffic","GRINJ-008",29,130782,22.2,14.9,31.8
,"Madison County, IN","18095","2021","2021","Unintentional","1","Poisoning","GRINJ-015",56,130782,42.8,32.3,55.6
,"Madison County, IN","18095","2021","2021","Unintentional","1","Unspecified Injury","GRINJ-020",13,130782,9.9,5.3,17.0
,"Madison County, IN","18095","2021","2021","Suicide","2","Firearm","GRINJ-006",11,130782,8.4,4.2,15.0
,"Madison County, IN","18095","2021","2021","Homicide","3","Firearm","GRINJ-006",10,130782,7.6,3.7,14.1
,"Marion County, IN","18097","2021","2021","Unintentional","1","Drowning","GRINJ-002",12,971102,1.2,0.6,2.2
,"Marion County, IN","18097","2021","2021","Unintentional","1","Fall","GRINJ-003",101,971102,10.4,8.4,12.4
,"Marion County, IN","18097","2021","2021","Unintentional","1","Fire/Flame","GRINJ-004",10,971102,1.0,0.5,1.9
,"Marion County, IN","18097","2021","2021","Unintentional","1","Motor Vehicle Traffic","GRINJ-008",179,971102,18.4,15.7,21.1
,"Marion County, IN","18097","2021","2021","Unintentional","1","Natural/Environmental","GRINJ-013",10,971102,1.0,0.5,1.9
,"Marion County, IN","18097","2021","2021","Unintentional","1","Poisoning","GRINJ-015",718,971102,73.9,68.5,79.3
,"Marion County, IN","18097","2021","2021","Unintentional","1","Suffocation","GRINJ-017",26,971102,2.7,1.7,3.9
,"Marion County, IN","18097","2021","2021","Unintentional","1","Unspecified Injury","GRINJ-020",43,971102,4.4,3.2,6.0
,"Marion County, IN","18097","2021","2021","Suicide","2","Firearm","GRINJ-006",80,971102,8.2,6.5,10.3
,"Marion County, IN","18097","2021","2021","Suicide","2","Poisoning","GRINJ-015",20,971102,2.1,1.3,3.2
,"Marion County, IN","18097","2021","2021","Suicide","2","Suffocation","GRINJ-017",39,971102,4.0,2.9,5.5
,"Marion County, IN","18097","2021","2021","Homicide","3","Firearm","GRINJ-006",224,971102,23.1,20.0,26.1
,"Marion County, IN","18097","2021","2021","Homicide","3","Unspecified Injury","GRINJ-020",10,971102,1.0,0.5,1.9
,"Marion County, IN","18097","2021","2021","Undetermined ","4","Poisoning","GRINJ-015",16,971102,1.6,0.9,2.7
,"Marshall County, IN","18099","2021","2021","Unintentional","1","Poisoning","GRINJ-015",14,46121,30.4,16.6,50.9
,"Miami County, IN","18103","2021","2021","Unintentional","1","Poisoning","GRINJ-015",13,36081,36.0,19.2,61.6
,"Monroe County, IN","18105","2021","2021","Unintentional","1","Motor Vehicle Traffic","GRINJ-008",10,139875,7.1,3.4,13.1
,"Monroe County, IN","18105","2021","2021","Unintentional","1","Poisoning","GRINJ-015",47,139875,33.6,24.7,44.7
,"Monroe County, IN","18105","2021","2021","Suicide","2","Firearm","GRINJ-006",13,139875,9.3,4.9,15.9
,"Montgomery County, IN","18107","2021","2021","Unintentional","1","Poisoning","GRINJ-015",17,38063,44.7,26.0,71.5
,"Morgan County, IN","18109","2021","2021","Unintentional","1","Poisoning","GRINJ-015",24,72206,33.2,21.3,49.5
,"Morgan County, IN","18109","2021","2021","Suicide","2","Firearm","GRINJ-006",10,72206,13.8,6.6,25.5
,"Noble County, IN","18113","2021","2021","Unintentional","1","Poisoning","GRINJ-015",13,47227,27.5,14.7,47.1
,"Porter County, IN","18127","2021","2021","Unintentional","1","Fall","GRINJ-003",12,174243,6.9,3.6,12.0
,"Porter County, IN","18127","2021","2021","Unintentional","1","Motor Vehicle Traffic","GRINJ-008",17,174243,9.8,5.7,15.6
,"Porter County, IN","18127","2021","2021","Unintentional","1","Poisoning","GRINJ-015",51,174243,29.3,21.8,38.5
,"Porter County, IN","18127","2021","2021","Unintentional","1","Unspecified Injury","GRINJ-020",13,174243,7.5,4.0,12.8
,"Porter County, IN","18127","2021","2021","Suicide","2","Firearm","GRINJ-006",19,174243,10.9,6.6,17.0
,"Putnam County, IN","18133","2021","2021","Unintentional","1","Poisoning","GRINJ-015",10,36979,27.0,13.0,49.7
,"Randolph County, IN","18135","2021","2021","Unintentional","1","Poisoning","GRINJ-015",20,24387,82.0,50.1,126.7
,"St. Joseph County, IN","18141","2021","2021","Unintentional","1","Fall","GRINJ-003",16,272212,5.9,3.4,9.5
,"St. Joseph County, IN","18141","2021","2021","Unintentional","1","Motor Vehicle Traffic","GRINJ-008",46,272212,16.9,12.4,22.5
,"St. Joseph County, IN","18141","2021","2021","Unintentional","1","Poisoning","GRINJ-015",95,272212,34.9,28.2,42.7
,"St. Joseph County, IN","18141","2021","2021","Unintentional","1","Unspecified Injury","GRINJ-020",24,272212,8.8,5.6,13.1
,"St. Joseph County, IN","18141","2021","2021","Suicide","2","Firearm","GRINJ-006",14,272212,5.1,2.8,8.6
,"St. Joseph County, IN","18141","2021","2021","Suicide","2","Suffocation","GRINJ-017",13,272212,4.8,2.5,8.2
,"St. Joseph County, IN","18141","2021","2021","Homicide","3","Firearm","GRINJ-006",24,272212,8.8,5.6,13.1
,"Scott County, IN","18143","2021","2021","Unintentional","1","Poisoning","GRINJ-015",16,24355,65.7,37.6,106.7
,"Shelby County, IN","18145","2021","2021","Unintentional","1","Poisoning","GRINJ-015",17,45039,37.7,22.0,60.4
,"Starke County, IN","18149","2021","2021","Unintentional","1","Motor Vehicle Traffic","GRINJ-008",11,23372,47.1,23.5,84.2
,"Starke County, IN","18149","2021","2021","Unintentional","1","Poisoning","GRINJ-015",14,23372,59.9,32.7,100.5
,"Tippecanoe County, IN","18157","2021","2021","Unintentional","1","Fall","GRINJ-003",23,187076,12.3,7.8,18.4
,"Tippecanoe County, IN","18157","2021","2021","Unintentional","1","Motor Vehicle Traffic","GRINJ-008",17,187076,9.1,5.3,14.5
,"Tippecanoe County, IN","18157","2021","2021","Unintentional","1","Poisoning","GRINJ-015",48,187076,25.7,18.9,34.0
,"Tippecanoe County, IN","18157","2021","2021","Suicide","2","Firearm","GRINJ-006",23,187076,12.3,7.8,18.4
,"Vanderburgh County, IN","18163","2021","2021","Unintentional","1","Fall","GRINJ-003",41,179987,22.8,16.3,30.9
,"Vanderburgh County, IN","18163","2021","2021","Unintentional","1","Motor Vehicle Traffic","GRINJ-008",20,179987,11.1,6.8,17.2
,"Vanderburgh County, IN","18163","2021","2021","Unintentional","1","Poisoning","GRINJ-015",82,179987,45.6,36.2,56.6
,"Vanderburgh County, IN","18163","2021","2021","Suicide","2","Firearm","GRINJ-006",26,179987,14.4,9.4,21.2
,"Vanderburgh County, IN","18163","2021","2021","Homicide","3","Firearm","GRINJ-006",16,179987,8.9,5.1,14.4
,"Vigo County, IN","18167","2021","2021","Unintentional","1","Motor Vehicle Traffic","GRINJ-008",15,105994,14.2,7.9,23.3
,"Vigo County, IN","18167","2021","2021","Unintentional","1","Poisoning","GRINJ-015",27,105994,25.5,16.8,37.1
,"Vigo County, IN","18167","2021","2021","Suicide","2","Firearm","GRINJ-006",11,105994,10.4,5.2,18.6
,"Wabash County, IN","18169","2021","2021","Unintentional","1","Poisoning","GRINJ-015",10,30816,32.5,15.6,59.7
,"Warrick County, IN","18173","2021","2021","Unintentional","1","Fall","GRINJ-003",13,64514,20.2,10.7,34.5
,"Warrick County, IN","18173","2021","2021","Unintentional","1","Motor Vehicle Traffic","GRINJ-008",10,64514,15.5,7.4,28.5
,"Warrick County, IN","18173","2021","2021","Unintentional","1","Poisoning","GRINJ-015",18,64514,27.9,16.5,44.1
,"Wayne County, IN","18177","2021","2021","Unintentional","1","Poisoning","GRINJ-015",54,66456,81.3,61.0,106.0
,"Black Hawk County, IA","19013","2021","2021","Unintentional","1","Fall","GRINJ-003",33,130368,25.3,17.4,35.5
,"Black Hawk County, IA","19013","2021","2021","Unintentional","1","Motor Vehicle Traffic","GRINJ-008",10,130368,7.7,3.7,14.1
,"Black Hawk County, IA","19013","2021","2021","Unintentional","1","Poisoning","GRINJ-015",17,130368,13.0,7.6,20.9
,"Black Hawk County, IA","19013","2021","2021","Suicide","2","Firearm","GRINJ-006",11,130368,8.4,4.2,15.1
,"Black Hawk County, IA","19013","2021","2021","Suicide","2","Suffocation","GRINJ-017",11,130368,8.4,4.2,15.1
,"Cerro Gordo County, IA","19033","2021","2021","Unintentional","1","Fall","GRINJ-003",14,42706,32.8,17.9,55.0
,"Clinton County, IA","19045","2021","2021","Unintentional","1","Poisoning","GRINJ-015",10,46463,21.5,10.3,39.6
,"Dallas County, IA","19049","2021","2021","Unintentional","1","Fall","GRINJ-003",11,103796,10.6,5.3,19.0
,"Des Moines County, IA","19057","2021","2021","Unintentional","1","Fall","GRINJ-003",11,38491,28.6,14.3,51.1
,"Dubuque County, IA","19061","2021","2021","Unintentional","1","Fall","GRINJ-003",22,98718,22.3,14.0,33.7
,"Dubuque County, IA","19061","2021","2021","Unintentional","1","Poisoning","GRINJ-015",20,98718,20.3,12.4,31.3
,"Dubuque County, IA","19061","2021","2021","Suicide","2","Firearm","GRINJ-006",11,98718,11.1,5.6,19.9
,"Johnson County, IA","19103","2021","2021","Unintentional","1","Fall","GRINJ-003",23,154748,14.9,9.4,22.3
,"Johnson County, IA","19103","2021","2021","Unintentional","1","Motor Vehicle Traffic","GRINJ-008",14,154748,9.0,4.9,15.2
,"Johnson County, IA","19103","2021","2021","Unintentional","1","Poisoning","GRINJ-015",15,154748,9.7,5.4,16.0
,"Linn County, IA","19113","2021","2021","Unintentional","1","Fall","GRINJ-003",60,228939,26.2,20.0,33.7
,"Linn County, IA","19113","2021","2021","Unintentional","1","Motor Vehicle Traffic","GRINJ-008",16,228939,7.0,4.0,11.3
,"Linn County, IA","19113","2021","2021","Unintentional","1","Poisoning","GRINJ-015",32,228939,14.0,9.6,19.7
,"Linn County, IA","19113","2021","2021","Suicide","2","Firearm","GRINJ-006",25,228939,10.9,7.1,16.1
,"Linn County, IA","19113","2021","2021","Suicide","2","Suffocation","GRINJ-017",14,228939,6.1,3.3,10.3
,"Marion County, IA","19125","2021","2021","Unintentional","1","Motor Vehicle Traffic","GRINJ-008",12,33380,35.9,18.6,62.8
,"Marshall County, IA","19127","2021","2021","Unintentional","1","Fall","GRINJ-003",10,39853,25.1,12.0,46.1
,"Marshall County, IA","19127","2021","2021","Unintentional","1","Motor Vehicle Traffic","GRINJ-008",10,39853,25.1,12.0,46.1
,"Polk County, IA","19153","2021","2021","Unintentional","1","Fall","GRINJ-003",95,496844,19.1,15.5,23.4
,"Polk County, IA","19153","2021","2021","Unintentional","1","Motor Vehicle Traffic","GRINJ-008",48,496844,9.7,7.1,12.8
,"Polk County, IA","19153","2021","2021","Unintentional","1","Poisoning","GRINJ-015",128,496844,25.8,21.3,30.2
,"Polk County, IA","19153","2021","2021","Unintentional","1","Suffocation","GRINJ-017",13,496844,2.6,1.4,4.5
,"Polk County, IA","19153","2021","2021","Suicide","2","Firearm","GRINJ-006",48,496844,9.7,7.1,12.8
,"Polk County, IA","19153","2021","2021","Suicide","2","Poisoning","GRINJ-015",14,496844,2.8,1.5,4.7
,"Polk County, IA","19153","2021","2021","Suicide","2","Suffocation","GRINJ-017",16,496844,3.2,1.8,5.2
,"Pottawattamie County, IA","19155","2021","2021","Unintentional","1","Fall","GRINJ-003",21,93304,22.5,13.9,34.4
,"Pottawattamie County, IA","19155","2021","2021","Unintentional","1","Motor Vehicle Traffic","GRINJ-008",12,93304,12.9,6.6,22.5
,"Pottawattamie County, IA","19155","2021","2021","Unintentional","1","Poisoning","GRINJ-015",11,93304,11.8,5.9,21.1
,"Pottawattamie County, IA","19155","2021","2021","Suicide","2","Firearm","GRINJ-006",14,93304,15.0,8.2,25.2
,"Scott County, IA","19163","2021","2021","Unintentional","1","Fall","GRINJ-003",32,174170,18.4,12.6,25.9
,"Scott County, IA","19163","2021","2021","Unintentional","1","Motor Vehicle Traffic","GRINJ-008",17,174170,9.8,5.7,15.6
,"Scott County, IA","19163","2021","2021","Unintentional","1","Poisoning","GRINJ-015",28,174170,16.1,10.7,23.2
,"Scott County, IA","19163","2021","2021","Suicide","2","Firearm","GRINJ-006",16,174170,9.2,5.3,14.9
,"Story County, IA","19169","2021","2021","Unintentional","1","Fall","GRINJ-003",18,99472,18.1,10.7,28.6
,"Story County, IA","19169","2021","2021","Suicide","2","Suffocation","GRINJ-017",11,99472,11.1,5.5,19.8
,"Webster County, IA","19187","2021","2021","Unintentional","1","Poisoning","GRINJ-015",10,37147,26.9,12.9,49.5
,"Woodbury County, IA","19193","2021","2021","Unintentional","1","Fall","GRINJ-003",16,105607,15.2,8.7,24.6
,"Woodbury County, IA","19193","2021","2021","Unintentional","1","Poisoning","GRINJ-015",15,105607,14.2,7.9,23.4
,"Butler County, KS","20015","2021","2021","Unintentional","1","Fall","GRINJ-003",12,67889,17.7,9.1,30.9
,"Butler County, KS","20015","2021","2021","Unintentional","1","Motor Vehicle Traffic","GRINJ-008",11,67889,16.2,8.1,29.0
,"Butler County, KS","20015","2021","2021","Unintentional","1","Poisoning","GRINJ-015",18,67889,26.5,15.7,41.9
,"Cowley County, KS","20035","2021","2021","Unintentional","1","Fall","GRINJ-003",11,34496,31.9,15.9,57.1
,"Douglas County, KS","20045","2021","2021","Unintentional","1","Fall","GRINJ-003",13,119363,10.9,5.8,18.6
,"Douglas County, KS","20045","2021","2021","Unintentional","1","Motor Vehicle Traffic","GRINJ-008",10,119363,8.4,4.0,15.4
,"Douglas County, KS","20045","2021","2021","Unintentional","1","Poisoning","GRINJ-015",25,119363,20.9,13.6,30.9
,"Finney County, KS","20055","2021","2021","Unintentional","1","Motor Vehicle Traffic","GRINJ-008",12,38107,31.5,16.3,55.0
,"Finney County, KS","20055","2021","2021","Unintentional","1","Poisoning","GRINJ-015",11,38107,28.9,14.4,51.6
,"Harvey County, KS","20079","2021","2021","Unintentional","1","Fall","GRINJ-003",10,33817,29.6,14.2,54.4
,"Johnson County, KS","20091","2021","2021","Unintentional","1","Fall","GRINJ-003",108,613219,17.6,14.3,20.9
,"Johnson County, KS","20091","2021","2021","Unintentional","1","Motor Vehicle Traffic","GRINJ-008",36,613219,5.9,4.1,8.1
,"Johnson County, KS","20091","2021","2021","Unintentional","1","Poisoning","GRINJ-015",81,613219,13.2,10.5,16.4
,"Johnson County, KS","20091","2021","2021","Unintentional","1","Suffocation","GRINJ-017",10,613219,1.6,0.8,3.0
,"Johnson County, KS","20091","2021","2021","Suicide","2","Firearm","GRINJ-006",52,613219,8.5,6.3,11.1
,"Johnson County, KS","20091","2021","2021","Suicide","2","Poisoning","GRINJ-015",21,613219,3.4,2.1,5.2
,"Johnson County, KS","20091","2021","2021","Suicide","2","Suffocation","GRINJ-017",14,613219,2.3,1.2,3.8
,"Leavenworth County, KS","20103","2021","2021","Unintentional","1","Fall","GRINJ-003",16,82184,19.5,11.1,31.6
,"Leavenworth County, KS","20103","2021","2021","Unintentional","1","Motor Vehicle Traffic","GRINJ-008",14,82184,17.0,9.3,28.6
,"Leavenworth County, KS","20103","2021","2021","Unintentional","1","Poisoning","GRINJ-015",17,82184,20.7,12.1,33.1
,"Montgomery County, KS","20125","2021","2021","Suicide","2","Firearm","GRINJ-006",10,31156,32.1,15.4,59.0
,"Reno County, KS","20155","2021","2021","Unintentional","1","Fall","GRINJ-003",30,61414,48.8,33.0,69.7
,"Reno County, KS","20155","2021","2021","Unintentional","1","Poisoning","GRINJ-015",23,61414,37.5,23.7,56.2
,"Saline County, KS","20169","2021","2021","Unintentional","1","Fall","GRINJ-003",13,53888,24.1,12.8,41.3
,"Saline County, KS","20169","2021","2021","Unintentional","1","Motor Vehicle Traffic","GRINJ-008",11,53888,20.4,10.2,36.5
,"Saline County, KS","20169","2021","2021","Unintentional","1","Poisoning","GRINJ-015",11,53888,20.4,10.2,36.5
,"Sedgwick County, KS","20173","2021","2021","Unintentional","1","Fall","GRINJ-003",81,523828,15.5,12.3,19.2
,"Sedgwick County, KS","20173","2021","2021","Unintentional","1","Motor Vehicle Traffic","GRINJ-008",79,523828,15.1,11.9,18.8
,"Sedgwick County, KS","20173","2021","2021","Unintentional","1","Poisoning","GRINJ-015",218,523828,41.6,36.1,47.1
,"Sedgwick County, KS","20173","2021","2021","Unintentional","1","Suffocation","GRINJ-017",12,523828,2.3,1.2,4.0
,"Sedgwick County, KS","20173","2021","2021","Suicide","2","Firearm","GRINJ-006",58,523828,11.1,8.4,14.3
,"Sedgwick County, KS","20173","2021","2021","Suicide","2","Suffocation","GRINJ-017",27,523828,5.2,3.4,7.5
,"Sedgwick County, KS","20173","2021","2021","Homicide","3","Firearm","GRINJ-006",43,523828,8.2,5.9,11.1
,"Shawnee County, KS","20177","2021","2021","Unintentional","1","Fall","GRINJ-003",37,178264,20.8,14.6,28.6
,"Shawnee County, KS","20177","2021","2021","Unintentional","1","Motor Vehicle Traffic","GRINJ-008",32,178264,18.0,12.3,25.3
,"Shawnee County, KS","20177","2021","2021","Unintentional","1","Poisoning","GRINJ-015",56,178264,31.4,23.7,40.8
,"Shawnee County, KS","20177","2021","2021","Suicide","2","Firearm","GRINJ-006",33,178264,18.5,12.7,26.0
,"Shawnee County, KS","20177","2021","2021","Homicide","3","Firearm","GRINJ-006",12,178264,6.7,3.5,11.8
,"Wyandotte County, KS","20209","2021","2021","Unintentional","1","Fall","GRINJ-003",19,167046,11.4,6.8,17.8
,"Wyandotte County, KS","20209","2021","2021","Unintentional","1","Motor Vehicle Traffic","GRINJ-008",35,167046,21.0,14.6,29.1
,"Wyandotte County, KS","20209","2021","2021","Unintentional","1","Poisoning","GRINJ-015",50,167046,29.9,22.2,39.5
,"Wyandotte County, KS","20209","2021","2021","Suicide","2","Firearm","GRINJ-006",18,167046,10.8,6.4,17.0
,"Wyandotte County, KS","20209","2021","2021","Homicide","3","Firearm","GRINJ-006",40,167046,23.9,17.1,32.6
,"Bath County, KY","21011","2021","2021","Unintentional","1","Poisoning","GRINJ-015",11,12778,86.1,43.0,154.0
,"Bell County, KY","21013","2021","2021","Unintentional","1","Motor Vehicle Traffic","GRINJ-008",12,23858,50.3,26.0,87.9
,"Bell County, KY","21013","2021","2021","Unintentional","1","Poisoning","GRINJ-015",16,23858,67.1,38.3,108.9
,"Boone County, KY","21015","2021","2021","Unintentional","1","Poisoning","GRINJ-015",50,137412,36.4,27.0,48.0
,"Bourbon County, KY","21017","2021","2021","Unintentional","1","Poisoning","GRINJ-015",11,20229,54.4,27.1,97.3
,"Boyd County, KY","21019","2021","2021","Unintentional","1","Fall","GRINJ-003",10,47899,20.9,10.0,38.4
,"Boyd County, KY","21019","2021","2021","Unintentional","1","Poisoning","GRINJ-015",49,47899,102.3,75.7,135.2
,"Boyle County, KY","21021","2021","2021","Unintentional","1","Poisoning","GRINJ-015",16,30747,52.0,29.7,84.5
,"Breathitt County, KY","21025","2021","2021","Unintentional","1","Poisoning","GRINJ-015",10,13553,73.8,35.4,135.7
,"Breckinridge County, KY","21027","2021","2021","Unintentional","1","Motor Vehicle Traffic","GRINJ-008",17,20651,82.3,48.0,131.8
,"Bullitt County, KY","21029","2021","2021","Unintentional","1","Motor Vehicle Traffic","GRINJ-008",10,82918,12.1,5.8,22.2
,"Bullitt County, KY","21029","2021","2021","Unintentional","1","Poisoning","GRINJ-015",39,82918,47.0,33.4,64.3
,"Bullitt County, KY","21029","2021","2021","Suicide","2","Firearm","GRINJ-006",16,82918,19.3,11.0,31.3
,"Campbell County, KY","21037","2021","2021","Unintentional","1","Poisoning","GRINJ-015",34,93050,36.5,25.3,51.1
,"Carter County, KY","21043","2021","2021","Unintentional","1","Poisoning","GRINJ-015",24,26412,90.9,58.2,135.2
,"Christian County, KY","21047","2021","2021","Unintentional","1","Motor Vehicle Traffic","GRINJ-008",14,72357,19.3,10.6,32.5
,"Christian County, KY","21047","2021","2021","Unintentional","1","Poisoning","GRINJ-015",27,72357,37.3,24.6,54.3
,"Christian County, KY","21047","2021","2021","Suicide","2","Firearm","GRINJ-006",12,72357,16.6,8.6,29.0
,"Christian County, KY","21047","2021","2021","Homicide","3","Firearm","GRINJ-006",12,72357,16.6,8.6,29.0
,"Clark County, KY","21049","2021","2021","Unintentional","1","Poisoning","GRINJ-015",20,36871,54.2,33.1,83.8
,"Clark County, KY","21049","2021","2021","Suicide","2","Firearm","GRINJ-006",10,36871,27.1,13.0,49.9
,"Clay County, KY","21051","2021","2021","Unintentional","1","Poisoning","GRINJ-015",17,20206,84.1,49.0,134.7
,"Daviess County, KY","21059","2021","2021","Unintentional","1","Fall","GRINJ-003",11,103063,10.7,5.3,19.1
,"Daviess County, KY","21059","2021","2021","Unintentional","1","Motor Vehicle Traffic","GRINJ-008",19,103063,18.4,11.1,28.8
,"Daviess County, KY","21059","2021","2021","Unintentional","1","Poisoning","GRINJ-015",20,103063,19.4,11.9,30.0
,"Daviess County, KY","21059","2021","2021","Suicide","2","Firearm","GRINJ-006",19,103063,18.4,11.1,28.8
,"Estill County, KY","21065","2021","2021","Unintentional","1","Poisoning","GRINJ-015",22,14092,156.1,97.8,236.4
,"Fayette County, KY","21067","2021","2021","Unintentional","1","Fall","GRINJ-003",37,321793,11.5,8.1,15.8
,"Fayette County, KY","21067","2021","2021","Unintentional","1","Motor Vehicle Traffic","GRINJ-008",35,321793,10.9,7.6,15.1
,"Fayette County, KY","21067","2021","2021","Unintentional","1","Poisoning","GRINJ-015",168,321793,52.2,44.3,60.1
,"Fayette County, KY","21067","2021","2021","Suicide","2","Firearm","GRINJ-006",27,321793,8.4,5.5,12.2
,"Fayette County, KY","21067","2021","2021","Suicide","2","Suffocation","GRINJ-017",12,321793,3.7,1.9,6.5
,"Fayette County, KY","21067","2021","2021","Homicide","3","Firearm","GRINJ-006",36,321793,11.2,7.8,15.5
,"Floyd County, KY","21071","2021","2021","Unintentional","1","Poisoning","GRINJ-015",35,35274,99.2,69.1,138.0
,"Franklin County, KY","21073","2021","2021","Unintentional","1","Fall","GRINJ-003",12,51682,23.2,12.0,40.6
,"Franklin County, KY","21073","2021","2021","Unintentional","1","Poisoning","GRINJ-015",34,51682,65.8,45.6,91.9
,"Gallatin County, KY","21077","2021","2021","Unintentional","1","Poisoning","GRINJ-015",10,8775,114.0,54.6,209.6
,"Garrard County, KY","21079","2021","2021","Unintentional","1","Poisoning","GRINJ-015",14,17362,80.6,44.1,135.3
,"Grant County, KY","21081","2021","2021","Unintentional","1","Poisoning","GRINJ-015",17,25244,67.3,39.2,107.8
,"Graves County, KY","21083","2021","2021","Unintentional","1","Natural/Environmental","GRINJ-013",19,36615,51.9,31.2,81.0
,"Grayson County, KY","21085","2021","2021","Unintentional","1","Motor Vehicle Traffic","GRINJ-008",11,26524,41.5,20.7,74.2
,"Greenup County, KY","21089","2021","2021","Unintentional","1","Poisoning","GRINJ-015",28,35649,78.5,52.2,113.5
,"Hardin County, KY","21093","2021","2021","Unintentional","1","Fall","GRINJ-003",15,111607,13.4,7.5,22.2
,"Hardin County, KY","21093","2021","2021","Unintentional","1","Motor Vehicle Traffic","GRINJ-008",21,111607,18.8,11.6,28.8
,"Hardin County, KY","21093","2021","2021","Unintentional","1","Poisoning","GRINJ-015",43,111607,38.5,27.9,51.9
,"Hardin County, KY","21093","2021","2021","Suicide","2","Firearm","GRINJ-006",10,111607,9.0,4.3,16.5
,"Harlan County, KY","21095","2021","2021","Unintentional","1","Poisoning","GRINJ-015",17,26164,65.0,37.9,104.0
,"Harrison County, KY","21097","2021","2021","Unintentional","1","Poisoning","GRINJ-015",17,18950,89.7,52.3,143.6
,"Hopkins County, KY","21107","2021","2021","Unintentional","1","Natural/Environmental","GRINJ-013",15,45138,33.2,18.6,54.8
,"Jefferson County, KY","21111","2021","2021","Unintentional","1","Fall","GRINJ-003",90,777874,11.6,9.3,14.2
,"Jefferson County, KY","21111","2021","2021","Unintentional","1","Motor Vehicle Traffic","GRINJ-008",125,777874,16.1,13.3,18.9
,"Jefferson County, KY","21111","2021","2021","Unintentional","1","Poisoning","GRINJ-015",576,777874,74.0,68.0,80.1
,"Jefferson County, KY","21111","2021","2021","Unintentional","1","Suffocation","GRINJ-017",13,777874,1.7,0.9,2.9
,"Jefferson County, KY","21111","2021","2021","Unintentional","1","Unspecified Injury","GRINJ-020",55,777874,7.1,5.3,9.2
,"Jefferson County, KY","21111","2021","2021","Suicide","2","Firearm","GRINJ-006",91,777874,11.7,9.4,14.4
,"Jefferson County, KY","21111","2021","2021","Suicide","2","Suffocation","GRINJ-017",26,777874,3.3,2.2,4.9
,"Jefferson County, KY","21111","2021","2021","Homicide","3","Firearm","GRINJ-006",190,777874,24.4,21.0,27.9
,"Jessamine County, KY","21113","2021","2021","Unintentional","1","Poisoning","GRINJ-015",22,53626,41.0,25.7,62.1
,"Kenton County, KY","21117","2021","2021","Unintentional","1","Motor Vehicle Traffic","GRINJ-008",16,169495,9.4,5.4,15.3
,"Kenton County, KY","21117","2021","2021","Unintentional","1","Poisoning","GRINJ-015",102,169495,60.2,48.5,71.9
,"Kenton County, KY","21117","2021","2021","Suicide","2","Firearm","GRINJ-006",17,169495,10.0,5.8,16.1
,"Knott County, KY","21119","2021","2021","Unintentional","1","Poisoning","GRINJ-015",16,14053,113.9,65.1,184.9
,"Knox County, KY","21121","2021","2021","Unintentional","1","Motor Vehicle Traffic","GRINJ-008",11,29909,36.8,18.4,65.8
,"Knox County, KY","21121","2021","2021","Unintentional","1","Poisoning","GRINJ-015",18,29909,60.2,35.7,95.1
,"Laurel County, KY","21125","2021","2021","Unintentional","1","Motor Vehicle Traffic","GRINJ-008",12,62561,19.2,9.9,33.5
,"Laurel County, KY","21125","2021","2021","Unintentional","1","Poisoning","GRINJ-015",19,62561,30.4,18.3,47.4
,"Lawrence County, KY","21127","2021","2021","Unintentional","1","Poisoning","GRINJ-015",16,16290,98.2,56.1,159.5
,"Letcher County, KY","21133","2021","2021","Unintentional","1","Poisoning","GRINJ-015",17,21253,80.0,46.6,128.1
,"Lewis County, KY","21135","2021","2021","Unintentional","1","Poisoning","GRINJ-015",12,12987,92.4,47.7,161.4
,"Lincoln County, KY","21137","2021","2021","Unintentional","1","Motor Vehicle Traffic","GRINJ-008",13,24243,53.6,28.6,91.7
,"Lincoln County, KY","21137","2021","2021","Unintentional","1","Poisoning","GRINJ-015",14,24243,57.7,31.6,96.9
,"McCracken County, KY","21145","2021","2021","Unintentional","1","Motor Vehicle Traffic","GRINJ-008",10,67454,14.8,7.1,27.3
,"Madison County, KY","21151","2021","2021","Unintentional","1","Fall","GRINJ-003",13,94666,13.7,7.3,23.5
,"Madison County, KY","21151","2021","2021","Unintentional","1","Motor Vehicle Traffic","GRINJ-008",12,94666,12.7,6.5,22.1
,"Madison County, KY","21151","2021","2021","Unintentional","1","Poisoning","GRINJ-015",85,94666,89.8,71.7,111.0
,"Madison County, KY","21151","2021","2021","Suicide","2","Firearm","GRINJ-006",10,94666,10.6,5.1,19.4
,"Marion County, KY","21155","2021","2021","Unintentional","1","Poisoning","GRINJ-015",13,19725,65.9,35.1,112.7
,"Meade County, KY","21163","2021","2021","Unintentional","1","Poisoning","GRINJ-015",15,30131,49.8,27.9,82.1
,"Mercer County, KY","21167","2021","2021","Unintentional","1","Poisoning","GRINJ-015",13,22850,56.9,30.3,97.3
,"Montgomery County, KY","21173","2021","2021","Unintentional","1","Poisoning","GRINJ-015",32,28219,113.4,77.6,160.1
,"Muhlenberg County, KY","21177","2021","2021","Unintentional","1","Motor Vehicle Traffic","GRINJ-008",11,30694,35.8,17.9,64.1
,"Muhlenberg County, KY","21177","2021","2021","Unintentional","1","Natural/Environmental","GRINJ-013",11,30694,35.8,17.9,64.1
,"Nelson County, KY","21179","2021","2021","Unintentional","1","Poisoning","GRINJ-015",25,47098,53.1,34.4,78.4
,"Oldham County, KY","21185","2021","2021","Unintentional","1","Poisoning","GRINJ-015",11,68685,16.0,8.0,28.7
,"Pendleton County, KY","21191","2021","2021","Unintentional","1","Poisoning","GRINJ-015",13,14607,89.0,47.4,152.2
,"Perry County, KY","21193","2021","2021","Unintentional","1","Motor Vehicle Traffic","GRINJ-008",11,27929,39.4,19.7,70.5
,"Perry County, KY","21193","2021","2021","Unintentional","1","Poisoning","GRINJ-015",35,27929,125.3,87.3,174.3
,"Pike County, KY","21195","2021","2021","Unintentional","1","Fall","GRINJ-003",10,57391,17.4,8.4,32.0
,"Pike County, KY","21195","2021","2021","Unintentional","1","Motor Vehicle Traffic","GRINJ-008",17,57391,29.6,17.3,47.4
,"Pike County, KY","21195","2021","2021","Unintentional","1","Poisoning","GRINJ-015",38,57391,66.2,46.9,90.9
,"Pike County, KY","21195","2021","2021","Suicide","2","Firearm","GRINJ-006",12,57391,20.9,10.8,36.5
,"Powell County, KY","21197","2021","2021","Unintentional","1","Poisoning","GRINJ-015",12,13133,91.4,47.2,159.6
,"Pulaski County, KY","21199","2021","2021","Unintentional","1","Motor Vehicle Traffic","GRINJ-008",11,65423,16.8,8.4,30.1
,"Pulaski County, KY","21199","2021","2021","Unintentional","1","Poisoning","GRINJ-015",34,65423,52.0,36.0,72.6
,"Pulaski County, KY","21199","2021","2021","Suicide","2","Firearm","GRINJ-006",10,65423,15.3,7.3,28.1
,"Rockcastle County, KY","21203","2021","2021","Unintentional","1","Poisoning","GRINJ-015",15,16115,93.1,52.1,153.5
,"Rowan County, KY","21205","2021","2021","Unintentional","1","Poisoning","GRINJ-015",29,24861,116.6,78.1,167.5
,"Scott County, KY","21209","2021","2021","Unintentional","1","Poisoning","GRINJ-015",22,58252,37.8,23.7,57.2
,"Shelby County, KY","21211","2021","2021","Unintentional","1","Poisoning","GRINJ-015",14,48461,28.9,15.8,48.5
,"Warren County, KY","21227","2021","2021","Unintentional","1","Fall","GRINJ-003",13,137212,9.5,5.0,16.2
,"Warren County, KY","21227","2021","2021","Unintentional","1","Motor Vehicle Traffic","GRINJ-008",14,137212,10.2,5.6,17.1
,"Warren County, KY","21227","2021","2021","Unintentional","1","Natural/Environmental","GRINJ-013",15,137212,10.9,6.1,18.0
,"Warren County, KY","21227","2021","2021","Unintentional","1","Poisoning","GRINJ-015",35,137212,25.5,17.8,35.5
,"Warren County, KY","21227","2021","2021","Suicide","2","Firearm","GRINJ-006",11,137212,8.0,4.0,14.3
,"Whitley County, KY","21235","2021","2021","Unintentional","1","Poisoning","GRINJ-015",18,36939,48.7,28.9,77.0
,"Woodford County, KY","21239","2021","2021","Unintentional","1","Poisoning","GRINJ-015",16,27075,59.1,33.8,96.0
,"Acadia Parish, LA","22001","2021","2021","Unintentional","1","Motor Vehicle Traffic","GRINJ-008",15,57288,26.2,14.7,43.2
,"Acadia Parish, LA","22001","2021","2021","Unintentional","1","Poisoning","GRINJ-015",12,57288,20.9,10.8,36.6
,"Acadia Parish, LA","22001","2021","2021","Undetermined ","4","Poisoning","GRINJ-015",22,57288,38.4,24.1,58.1
,"Allen Parish, LA","22003","2021","2021","Unintentional","1","Poisoning","GRINJ-015",11,22687,48.5,24.2,86.8
,"Ascension Parish, LA","22005","2021","2021","Unintentional","1","Motor Vehicle Traffic","GRINJ-008",27,128369,21.0,13.9,30.6
,"Ascension Parish, LA","22005","2021","2021","Unintentional","1","Poisoning","GRINJ-015",70,128369,54.5,42.5,68.9
,"Ascension Parish, LA","22005","2021","2021","Homicide","3","Firearm","GRINJ-006",14,128369,10.9,6.0,18.3
,"Assumption Parish, LA","22007","2021","2021","Unintentional","1","Poisoning","GRINJ-015",11,20689,53.2,26.5,95.1
,"Avoyelles Parish, LA","22009","2021","2021","Unintentional","1","Poisoning","GRINJ-015",20,39236,51.0,31.1,78.7
,"Beauregard Parish, LA","22011","2021","2021","Unintentional","1","Poisoning","GRINJ-015",13,36584,35.5,18.9,60.8
,"Bossier Parish, LA","22015","2021","2021","Unintentional","1","Fall","GRINJ-003",14,129144,10.8,5.9,18.2
,"Bossier Parish, LA","22015","2021","2021","Unintentional","1","Motor Vehicle Traffic","GRINJ-008",19,129144,14.7,8.9,23.0
,"Bossier Parish, LA","22015","2021","2021","Unintentional","1","Poisoning","GRINJ-015",23,129144,17.8,11.3,26.7
,"Bossier Parish, LA","22015","2021","2021","Suicide","2","Firearm","GRINJ-006",14,129144,10.8,5.9,18.2
,"Caddo Parish, LA","22017","2021","2021","Unintentional","1","Fall","GRINJ-003",22,233092,9.4,5.9,14.3
,"Caddo Parish, LA","22017","2021","2021","Unintentional","1","Motor Vehicle Traffic","GRINJ-008",66,233092,28.3,21.9,36.0
,"Caddo Parish, LA","22017","2021","2021","Unintentional","1","Poisoning","GRINJ-015",31,233092,13.3,9.0,18.9
,"Caddo Parish, LA","22017","2021","2021","Unintentional","1","Suffocation","GRINJ-017",13,233092,5.6,3.0,9.5
,"Caddo Parish, LA","22017","2021","2021","Suicide","2","Firearm","GRINJ-006",19,233092,8.2,4.9,12.7
,"Caddo Parish, LA","22017","2021","2021","Homicide","3","Firearm","GRINJ-006",80,233092,34.3,27.2,42.7
,"Calcasieu Parish, LA","22019","2021","2021","Unintentional","1","Fall","GRINJ-003",22,205282,10.7,6.7,16.2
,"Calcasieu Parish, LA","22019","2021","2021","Unintentional","1","Motor Vehicle Traffic","GRINJ-008",52,205282,25.3,18.9,33.2
,"Calcasieu Parish, LA","22019","2021","2021","Unintentional","1","Poisoning","GRINJ-015",10,205282,4.9,2.3,9.0
,"Calcasieu Parish, LA","22019","2021","2021","Suicide","2","Firearm","GRINJ-006",23,205282,11.2,7.1,16.8
,"Calcasieu Parish, LA","22019","2021","2021","Undetermined ","4","Poisoning","GRINJ-015",79,205282,38.5,30.5,48.0
,"Concordia Parish, LA","22029","2021","2021","Unintentional","1","Motor Vehicle Traffic","GRINJ-008",13,18376,70.7,37.7,121.0
,"De Soto Parish, LA","22031","2021","2021","Unintentional","1","Motor Vehicle Traffic","GRINJ-008",12,26919,44.6,23.0,77.9
,"East Baton Rouge Parish, LA","22033","2021","2021","Unintentional","1","Fall","GRINJ-003",62,453301,13.7,10.5,17.5
,"East Baton Rouge Parish, LA","22033","2021","2021","Unintentional","1","Motor Vehicle Traffic","GRINJ-008",114,453301,25.1,20.5,29.8
,"East Baton Rouge Parish, LA","22033","2021","2021","Unintentional","1","Poisoning","GRINJ-015",276,453301,60.9,53.7,68.1
,"East Baton Rouge Parish, LA","22033","2021","2021","Unintentional","1","Suffocation","GRINJ-017",18,453301,4.0,2.4,6.3
,"East Baton Rouge Parish, LA","22033","2021","2021","Suicide","2","Firearm","GRINJ-006",35,453301,7.7,5.4,10.7
,"East Baton Rouge Parish, LA","22033","2021","2021","Suicide","2","Suffocation","GRINJ-017",19,453301,4.2,2.5,6.5
,"East Baton Rouge Parish, LA","22033","2021","2021","Homicide","3","Firearm","GRINJ-006",143,453301,31.5,26.4,36.7
,"East Baton Rouge Parish, LA","22033","2021","2021","Homicide","3","Unspecified Injury","GRINJ-020",10,453301,2.2,1.1,4.1
,"East Feliciana Parish, LA","22037","2021","2021","Unintentional","1","Poisoning","GRINJ-015",10,19338,51.7,24.8,95.1
,"Evangeline Parish, LA","22039","2021","2021","Unintentional","1","Poisoning","GRINJ-015",10,32215,31.0,14.9,57.1
,"Grant Parish, LA","22043","2021","2021","Unintentional","1","Motor Vehicle Traffic","GRINJ-008",13,22236,58.5,31.1,100.0
,"Iberia Parish, LA","22045","2021","2021","Unintentional","1","Motor Vehicle Traffic","GRINJ-008",15,68975,21.7,12.2,35.9
,"Iberia Parish, LA","22045","2021","2021","Unintentional","1","Poisoning","GRINJ-015",23,68975,33.3,21.1,50.0
,"Iberia Parish, LA","22045","2021","2021","Homicide","3","Firearm","GRINJ-006",10,68975,14.5,7.0,26.7
,"Iberville Parish, LA","22047","2021","2021","Unintentional","1","Motor Vehicle Traffic","GRINJ-008",13,29824,43.6,23.2,74.5
,"Iberville Parish, LA","22047","2021","2021","Unintentional","1","Poisoning","GRINJ-015",17,29824,57.0,33.2,91.3
,"Jefferson Parish, LA","22051","2021","2021","Unintentional","1","Drowning","GRINJ-002",13,433688,3.0,1.6,5.1
,"Jefferson Parish, LA","22051","2021","2021","Unintentional","1","Fall","GRINJ-003",63,433688,14.5,11.2,18.6
,"Jefferson Parish, LA","22051","2021","2021","Unintentional","1","Motor Vehicle Traffic","GRINJ-008",58,433688,13.4,10.2,17.3
,"Jefferson Parish, LA","22051","2021","2021","Unintentional","1","Poisoning","GRINJ-015",332,433688,76.6,68.3,84.8
,"Jefferson Parish, LA","22051","2021","2021","Unintentional","1","Suffocation","GRINJ-017",18,433688,4.2,2.5,6.6
,"Jefferson Parish, LA","22051","2021","2021","Suicide","2","Firearm","GRINJ-006",32,433688,7.4,5.0,10.4
,"Jefferson Parish, LA","22051","2021","2021","Suicide","2","Suffocation","GRINJ-017",21,433688,4.8,3.0,7.4
,"Jefferson Parish, LA","22051","2021","2021","Homicide","3","Firearm","GRINJ-006",64,433688,14.8,11.4,18.8
,"Jefferson Davis Parish, LA","22053","2021","2021","Undetermined ","4","Poisoning","GRINJ-015",15,32345,46.4,26.0,76.5
,"Lafayette Parish, LA","22055","2021","2021","Unintentional","1","Fall","GRINJ-003",16,244205,6.6,3.7,10.6
,"Lafayette Parish, LA","22055","2021","2021","Unintentional","1","Motor Vehicle Traffic","GRINJ-008",41,244205,16.8,12.0,22.8
,"Lafayette Parish, LA","22055","2021","2021","Unintentional","1","Poisoning","GRINJ-015",119,244205,48.7,40.0,57.5
,"Lafayette Parish, LA","22055","2021","2021","Suicide","2","Firearm","GRINJ-006",27,244205,11.1,7.3,16.1
,"Lafayette Parish, LA","22055","2021","2021","Homicide","3","Firearm","GRINJ-006",29,244205,11.9,8.0,17.1
,"Lafourche Parish, LA","22057","2021","2021","Unintentional","1","Motor Vehicle Traffic","GRINJ-008",28,97504,28.7,19.1,41.5
,"Lafourche Parish, LA","22057","2021","2021","Unintentional","1","Poisoning","GRINJ-015",41,97504,42.0,30.2,57.0
,"Lafourche Parish, LA","22057","2021","2021","Homicide","3","Firearm","GRINJ-006",11,97504,11.3,5.6,20.2
,"Livingston Parish, LA","22063","2021","2021","Unintentional","1","Fall","GRINJ-003",16,145830,11.0,6.3,17.8
,"Livingston Parish, LA","22063","2021","2021","Unintentional","1","Motor Vehicle Traffic","GRINJ-008",25,145830,17.1,11.1,25.3
,"Livingston Parish, LA","22063","2021","2021","Unintentional","1","Poisoning","GRINJ-015",129,145830,88.5,73.2,103.7
,"Livingston Parish, LA","22063","2021","2021","Suicide","2","Firearm","GRINJ-006",15,145830,10.3,5.8,17.0
,"Morehouse Parish, LA","22067","2021","2021","Unintentional","1","Poisoning","GRINJ-015",15,25025,59.9,33.5,98.9
,"Natchitoches Parish, LA","22069","2021","2021","Unintentional","1","Motor Vehicle Traffic","GRINJ-008",12,37026,32.4,16.7,56.6
,"Orleans Parish, LA","22071","2021","2021","Unintentional","1","Fall","GRINJ-003",27,376971,7.2,4.7,10.4
,"Orleans Parish, LA","22071","2021","2021","Unintentional","1","Motor Vehicle Traffic","GRINJ-008",69,376971,18.3,14.2,23.2
,"Orleans Parish, LA","22071","2021","2021","Unintentional","1","Natural/Environmental","GRINJ-013",11,376971,2.9,1.5,5.2
,"Orleans Parish, LA","22071","2021","2021","Unintentional","1","Poisoning","GRINJ-015",379,376971,100.5,90.4,110.7
,"Orleans Parish, LA","22071","2021","2021","Unintentional","1","Unspecified Injury","GRINJ-020",11,376971,2.9,1.5,5.2
,"Orleans Parish, LA","22071","2021","2021","Suicide","2","Firearm","GRINJ-006",28,376971,7.4,4.9,10.7
,"Orleans Parish, LA","22071","2021","2021","Homicide","3","Cut/Pierce","GRINJ-001",11,376971,2.9,1.5,5.2
,"Orleans Parish, LA","22071","2021","2021","Homicide","3","Firearm","GRINJ-006",175,376971,46.4,39.5,53.3
,"Ouachita Parish, LA","22073","2021","2021","Unintentional","1","Fall","GRINJ-003",32,158768,20.2,13.8,28.5
,"Ouachita Parish, LA","22073","2021","2021","Unintentional","1","Motor Vehicle Traffic","GRINJ-008",37,158768,23.3,16.4,32.1
,"Ouachita Parish, LA","22073","2021","2021","Unintentional","1","Poisoning","GRINJ-015",59,158768,37.2,28.3,47.9
,"Ouachita Parish, LA","22073","2021","2021","Suicide","2","Firearm","GRINJ-006",12,158768,7.6,3.9,13.2
,"Ouachita Parish, LA","22073","2021","2021","Homicide","3","Firearm","GRINJ-006",25,158768,15.7,10.2,23.2
,"Plaquemines Parish, LA","22075","2021","2021","Unintentional","1","Poisoning","GRINJ-015",11,23303,47.2,23.6,84.5
,"Pointe Coupee Parish, LA","22077","2021","2021","Unintentional","1","Poisoning","GRINJ-015",11,20356,54.0,27.0,96.7
,"Rapides Parish, LA","22079","2021","2021","Unintentional","1","Fall","GRINJ-003",16,128654,12.4,7.1,20.2
,"Rapides Parish, LA","22079","2021","2021","Unintentional","1","Motor Vehicle Traffic","GRINJ-008",35,128654,27.2,18.9,37.8
,"Rapides Parish, LA","22079","2021","2021","Unintentional","1","Poisoning","GRINJ-015",79,128654,61.4,48.6,76.5
,"Rapides Parish, LA","22079","2021","2021","Suicide","2","Firearm","GRINJ-006",12,128654,9.3,4.8,16.3
,"Rapides Parish, LA","22079","2021","2021","Homicide","3","Firearm","GRINJ-006",29,128654,22.5,15.1,32.4
,"St. Bernard Parish, LA","22087","2021","2021","Unintentional","1","Poisoning","GRINJ-015",42,44258,94.9,68.4,128.3
,"St. Charles Parish, LA","22089","2021","2021","Unintentional","1","Poisoning","GRINJ-015",20,52282,38.3,23.4,59.1
,"St. John the Baptist Parish, LA","22095","2021","2021","Unintentional","1","Motor Vehicle Traffic","GRINJ-008",10,42094,23.8,11.4,43.7
,"St. John the Baptist Parish, LA","22095","2021","2021","Unintentional","1","Poisoning","GRINJ-015",15,42094,35.6,19.9,58.8
,"St. Landry Parish, LA","22097","2021","2021","Unintentional","1","Motor Vehicle Traffic","GRINJ-008",18,82071,21.9,13.0,34.7
,"St. Landry Parish, LA","22097","2021","2021","Unintentional","1","Poisoning","GRINJ-015",35,82071,42.6,29.7,59.3
,"St. Landry Parish, LA","22097","2021","2021","Suicide","2","Firearm","GRINJ-006",16,82071,19.5,11.1,31.7
,"St. Martin Parish, LA","22099","2021","2021","Unintentional","1","Poisoning","GRINJ-015",17,51540,33.0,19.2,52.8
,"St. Mary Parish, LA","22101","2021","2021","Unintentional","1","Poisoning","GRINJ-015",25,48232,51.8,33.5,76.5
,"St. Tammany Parish, LA","22103","2021","2021","Unintentional","1","Fall","GRINJ-003",53,269388,19.7,14.7,25.7
,"St. Tammany Parish, LA","22103","2021","2021","Unintentional","1","Motor Vehicle Traffic","GRINJ-008",36,269388,13.4,9.4,18.5
,"St. Tammany Parish, LA","22103","2021","2021","Unintentional","1","Poisoning","GRINJ-015",152,269388,56.4,47.5,65.4
,"St. Tammany Parish, LA","22103","2021","2021","Suicide","2","Firearm","GRINJ-006",31,269388,11.5,7.8,16.3
,"St. Tammany Parish, LA","22103","2021","2021","Suicide","2","Poisoning","GRINJ-015",10,269388,3.7,1.8,6.8
,"St. Tammany Parish, LA","22103","2021","2021","Homicide","3","Firearm","GRINJ-006",19,269388,7.1,4.2,11.0
,"Tangipahoa Parish, LA","22105","2021","2021","Unintentional","1","Motor Vehicle Traffic","GRINJ-008",34,135217,25.1,17.4,35.1
,"Tangipahoa Parish, LA","22105","2021","2021","Unintentional","1","Poisoning","GRINJ-015",93,135217,68.8,55.5,84.3
,"Tangipahoa Parish, LA","22105","2021","2021","Suicide","2","Firearm","GRINJ-006",21,135217,15.5,9.6,23.7
,"Tangipahoa Parish, LA","22105","2021","2021","Homicide","3","Firearm","GRINJ-006",15,135217,11.1,6.2,18.3
,"Terrebonne Parish, LA","22109","2021","2021","Unintentional","1","Motor Vehicle Traffic","GRINJ-008",16,108708,14.7,8.4,23.9
,"Terrebonne Parish, LA","22109","2021","2021","Unintentional","1","Poisoning","GRINJ-015",62,108708,57.0,43.7,73.1
,"Terrebonne Parish, LA","22109","2021","2021","Homicide","3","Firearm","GRINJ-006",12,108708,11.0,5.7,19.3
,"Vermilion Parish, LA","22113","2021","2021","Unintentional","1","Motor Vehicle Traffic","GRINJ-008",14,57204,24.5,13.4,41.1
,"Vermilion Parish, LA","22113","2021","2021","Unintentional","1","Poisoning","GRINJ-015",14,57204,24.5,13.4,41.1
,"Vernon Parish, LA","22115","2021","2021","Unintentional","1","Motor Vehicle Traffic","GRINJ-008",10,48027,20.8,10.0,38.3
,"Vernon Parish, LA","22115","2021","2021","Unintentional","1","Poisoning","GRINJ-015",10,48027,20.8,10.0,38.3
,"Washington Parish, LA","22117","2021","2021","Unintentional","1","Motor Vehicle Traffic","GRINJ-008",10,45133,22.2,10.6,40.7
,"Washington Parish, LA","22117","2021","2021","Unintentional","1","Poisoning","GRINJ-015",32,45133,70.9,48.5,100.1
,"Washington Parish, LA","22117","2021","2021","Homicide","3","Firearm","GRINJ-006",10,45133,22.2,10.6,40.7
,"Webster Parish, LA","22119","2021","2021","Unintentional","1","Motor Vehicle Traffic","GRINJ-008",11,36184,30.4,15.2,54.4
,"West Baton Rouge Parish, LA","22121","2021","2021","Unintentional","1","Poisoning","GRINJ-015",17,27792,61.2,35.6,97.9
,"West Feliciana Parish, LA","22125","2021","2021","Unintentional","1","Poisoning","GRINJ-015",11,15494,71.0,35.4,127.0
,"Androscoggin County, ME","23001","2021","2021","Unintentional","1","Fall","GRINJ-003",25,111034,22.5,14.6,33.2
,"Androscoggin County, ME","23001","2021","2021","Unintentional","1","Motor Vehicle Traffic","GRINJ-008",14,111034,12.6,6.9,21.2
,"Androscoggin County, ME","23001","2021","2021","Unintentional","1","Poisoning","GRINJ-015",72,111034,64.8,50.7,81.7
,"Aroostook County, ME","23003","2021","2021","Unintentional","1","Fall","GRINJ-003",12,66859,17.9,9.3,31.4
,"Aroostook County, ME","23003","2021","2021","Unintentional","1","Poisoning","GRINJ-015",39,66859,58.3,41.5,79.7
,"Aroostook County, ME","23003","2021","2021","Suicide","2","Firearm","GRINJ-006",14,66859,20.9,11.4,35.1
,"Cumberland County, ME","23005","2021","2021","Unintentional","1","Fall","GRINJ-003",80,305231,26.2,20.8,32.6
,"Cumberland County, ME","23005","2021","2021","Unintentional","1","Motor Vehicle Traffic","GRINJ-008",30,305231,9.8,6.6,14.0
,"Cumberland County, ME","23005","2021","2021","Unintentional","1","Poisoning","GRINJ-015",116,305231,38.0,31.1,44.9
,"Cumberland County, ME","23005","2021","2021","Suicide","2","Firearm","GRINJ-006",21,305231,6.9,4.3,10.5
,"Cumberland County, ME","23005","2021","2021","Suicide","2","Suffocation","GRINJ-017",17,305231,5.6,3.2,8.9
,"Hancock County, ME","23009","2021","2021","Unintentional","1","Fall","GRINJ-003",17,56192,30.3,17.6,48.4
,"Hancock County, ME","23009","2021","2021","Unintentional","1","Poisoning","GRINJ-015",22,56192,39.2,24.5,59.3
,"Kennebec County, ME","23011","2021","2021","Unintentional","1","Fall","GRINJ-003",25,124486,20.1,13.0,29.6
,"Kennebec County, ME","23011","2021","2021","Unintentional","1","Motor Vehicle Traffic","GRINJ-008",12,124486,9.6,5.0,16.8
,"Kennebec County, ME","23011","2021","2021","Unintentional","1","Poisoning","GRINJ-015",61,124486,49.0,37.5,62.9
,"Kennebec County, ME","23011","2021","2021","Suicide","2","Firearm","GRINJ-006",15,124486,12.0,6.7,19.9
,"Knox County, ME","23013","2021","2021","Unintentional","1","Fall","GRINJ-003",25,41084,60.9,39.4,89.8
,"Knox County, ME","23013","2021","2021","Unintentional","1","Poisoning","GRINJ-015",14,41084,34.1,18.6,57.2
,"Lincoln County, ME","23015","2021","2021","Unintentional","1","Fall","GRINJ-003",10,35828,27.9,13.4,51.3
,"Lincoln County, ME","23015","2021","2021","Unintentional","1","Poisoning","GRINJ-015",16,35828,44.7,25.5,72.5
,"Oxford County, ME","23017","2021","2021","Unintentional","1","Fall","GRINJ-003",18,58629,30.7,18.2,48.5
,"Oxford County, ME","23017","2021","2021","Unintentional","1","Motor Vehicle Traffic","GRINJ-008",12,58629,20.5,10.6,35.8
,"Oxford County, ME","23017","2021","2021","Unintentional","1","Poisoning","GRINJ-015",24,58629,40.9,26.2,60.9
,"Oxford County, ME","23017","2021","2021","Suicide","2","Firearm","GRINJ-006",10,58629,17.1,8.2,31.4
,"Penobscot County, ME","23019","2021","2021","Unintentional","1","Fall","GRINJ-003",33,152765,21.6,14.9,30.3
,"Penobscot County, ME","23019","2021","2021","Unintentional","1","Motor Vehicle Traffic","GRINJ-008",18,152765,11.8,7.0,18.6
,"Penobscot County, ME","23019","2021","2021","Unintentional","1","Poisoning","GRINJ-015",105,152765,68.7,55.6,81.9
,"Penobscot County, ME","23019","2021","2021","Suicide","2","Firearm","GRINJ-006",13,152765,8.5,4.5,14.6
,"Piscataquis County, ME","23021","2021","2021","Unintentional","1","Poisoning","GRINJ-015",10,17165,58.3,27.9,107.1
,"Sagadahoc County, ME","23023","2021","2021","Unintentional","1","Poisoning","GRINJ-015",10,37071,27.0,12.9,49.6
,"Somerset County, ME","23025","2021","2021","Unintentional","1","Fall","GRINJ-003",16,50592,31.6,18.1,51.4
,"Somerset County, ME","23025","2021","2021","Unintentional","1","Poisoning","GRINJ-015",25,50592,49.4,32.0,72.9
,"Waldo County, ME","23027","2021","2021","Unintentional","1","Fall","GRINJ-003",11,39912,27.6,13.8,49.3
,"Waldo County, ME","23027","2021","2021","Unintentional","1","Poisoning","GRINJ-015",21,39912,52.6,32.6,80.4
,"Washington County, ME","23029","2021","2021","Unintentional","1","Fall","GRINJ-003",11,31121,35.3,17.6,63.2
,"Washington County, ME","23029","2021","2021","Unintentional","1","Poisoning","GRINJ-015",26,31121,83.5,54.6,122.4
,"York County, ME","23031","2021","2021","Unintentional","1","Fall","GRINJ-003",45,214591,21.0,15.3,28.1
,"York County, ME","23031","2021","2021","Unintentional","1","Motor Vehicle Traffic","GRINJ-008",19,214591,8.9,5.3,13.8
,"York County, ME","23031","2021","2021","Unintentional","1","Poisoning","GRINJ-015",68,214591,31.7,24.6,40.2
,"York County, ME","23031","2021","2021","Suicide","2","Firearm","GRINJ-006",29,214591,13.5,9.1,19.4
,"Allegany County, MD","24001","2021","2021","Unintentional","1","Fall","GRINJ-003",20,67729,29.5,18.0,45.6
,"Allegany County, MD","24001","2021","2021","Unintentional","1","Poisoning","GRINJ-015",10,67729,14.8,7.1,27.2
,"Allegany County, MD","24001","2021","2021","Undetermined ","4","Poisoning","GRINJ-015",26,67729,38.4,25.1,56.2
,"Anne Arundel County, MD","24003","2021","2021","Unintentional","1","Fall","GRINJ-003",81,590336,13.7,10.9,17.1
,"Anne Arundel County, MD","24003","2021","2021","Unintentional","1","Motor Vehicle Traffic","GRINJ-008",44,590336,7.5,5.4,10.0
,"Anne Arundel County, MD","24003","2021","2021","Unintentional","1","Poisoning","GRINJ-015",88,590336,14.9,12.0,18.4
,"Anne Arundel County, MD","24003","2021","2021","Suicide","2","Firearm","GRINJ-006",39,590336,6.6,4.7,9.0
,"Anne Arundel County, MD","24003","2021","2021","Suicide","2","Suffocation","GRINJ-017",17,590336,2.9,1.7,4.6
,"Anne Arundel County, MD","24003","2021","2021","Homicide","3","Firearm","GRINJ-006",17,590336,2.9,1.7,4.6
,"Anne Arundel County, MD","24003","2021","2021","Undetermined ","4","Poisoning","GRINJ-015",159,590336,26.9,22.7,31.1
,"Baltimore County, MD","24005","2021","2021","Unintentional","1","Fall","GRINJ-003",202,849316,23.8,20.5,27.1
,"Baltimore County, MD","24005","2021","2021","Unintentional","1","Motor Vehicle Traffic","GRINJ-008",95,849316,11.2,9.0,13.7
,"Baltimore County, MD","24005","2021","2021","Unintentional","1","Poisoning","GRINJ-015",185,849316,21.8,18.6,24.9
,"Baltimore County, MD","24005","2021","2021","Unintentional","1","Suffocation","GRINJ-017",13,849316,1.5,0.8,2.6
,"Baltimore County, MD","24005","2021","2021","Unintentional","1","Unspecified Injury","GRINJ-020",19,849316,2.2,1.3,3.5
,"Baltimore County, MD","24005","2021","2021","Suicide","2","Firearm","GRINJ-006",38,849316,4.5,3.2,6.1
,"Baltimore County, MD","24005","2021","2021","Suicide","2","Suffocation","GRINJ-017",26,849316,3.1,2.0,4.5
,"Baltimore County, MD","24005","2021","2021","Homicide","3","Firearm","GRINJ-006",83,849316,9.8,7.8,12.1
,"Baltimore County, MD","24005","2021","2021","Homicide","3","Unspecified Injury","GRINJ-020",10,849316,1.2,0.6,2.2
,"Baltimore County, MD","24005","2021","2021","Undetermined ","4","Poisoning","GRINJ-015",274,849316,32.3,28.4,36.1
,"Calvert County, MD","24009","2021","2021","Unintentional","1","Poisoning","GRINJ-015",12,93928,12.8,6.6,22.3
,"Calvert County, MD","24009","2021","2021","Undetermined ","4","Poisoning","GRINJ-015",21,93928,22.4,13.8,34.2
,"Caroline County, MD","24011","2021","2021","Undetermined ","4","Poisoning","GRINJ-015",11,33386,32.9,16.4,59.0
,"Carroll County, MD","24013","2021","2021","Unintentional","1","Fall","GRINJ-003",36,173873,20.7,14.5,28.7
,"Carroll County, MD","24013","2021","2021","Unintentional","1","Motor Vehicle Traffic","GRINJ-008",14,173873,8.1,4.4,13.5
,"Carroll County, MD","24013","2021","2021","Unintentional","1","Poisoning","GRINJ-015",30,173873,17.3,11.6,24.6
,"Carroll County, MD","24013","2021","2021","Suicide","2","Firearm","GRINJ-006",15,173873,8.6,4.8,14.2
,"Carroll County, MD","24013","2021","2021","Undetermined ","4","Poisoning","GRINJ-015",39,173873,22.4,16.0,30.7
,"Cecil County, MD","24015","2021","2021","Unintentional","1","Motor Vehicle Traffic","GRINJ-008",17,103905,16.4,9.5,26.2
,"Cecil County, MD","24015","2021","2021","Unintentional","1","Poisoning","GRINJ-015",38,103905,36.6,25.9,50.2
,"Cecil County, MD","24015","2021","2021","Undetermined ","4","Poisoning","GRINJ-015",49,103905,47.2,34.9,62.3
,"Charles County, MD","24017","2021","2021","Unintentional","1","Fall","GRINJ-003",16,168698,9.5,5.4,15.4
,"Charles County, MD","24017","2021","2021","Unintentional","1","Motor Vehicle Traffic","GRINJ-008",23,168698,13.6,8.6,20.5
,"Charles County, MD","24017","2021","2021","Unintentional","1","Poisoning","GRINJ-015",20,168698,11.9,7.2,18.3
,"Charles County, MD","24017","2021","2021","Suicide","2","Firearm","GRINJ-006",12,168698,7.1,3.7,12.4
,"Charles County, MD","24017","2021","2021","Undetermined ","4","Poisoning","GRINJ-015",25,168698,14.8,9.6,21.9
,"Dorchester County, MD","24019","2021","2021","Undetermined ","4","Poisoning","GRINJ-015",16,32489,49.2,28.1,80.0
,"Frederick County, MD","24021","2021","2021","Unintentional","1","Fall","GRINJ-003",31,279835,11.1,7.5,15.7
,"Frederick County, MD","24021","2021","2021","Unintentional","1","Motor Vehicle Traffic","GRINJ-008",18,279835,6.4,3.8,10.2
,"Frederick County, MD","24021","2021","2021","Unintentional","1","Poisoning","GRINJ-015",13,279835,4.6,2.5,7.9
,"Frederick County, MD","24021","2021","2021","Suicide","2","Firearm","GRINJ-006",15,279835,5.4,3.0,8.8
,"Frederick County, MD","24021","2021","2021","Suicide","2","Suffocation","GRINJ-017",14,279835,5.0,2.7,8.4
,"Frederick County, MD","24021","2021","2021","Undetermined ","4","Poisoning","GRINJ-015",39,279835,13.9,9.9,19.1
,"Harford County, MD","24025","2021","2021","Unintentional","1","Fall","GRINJ-003",37,262977,14.1,9.9,19.4
,"Harford County, MD","24025","2021","2021","Unintentional","1","Motor Vehicle Traffic","GRINJ-008",21,262977,8.0,4.9,12.2
,"Harford County, MD","24025","2021","2021","Unintentional","1","Poisoning","GRINJ-015",38,262977,14.4,10.2,19.8
,"Harford County, MD","24025","2021","2021","Suicide","2","Firearm","GRINJ-006",19,262977,7.2,4.3,11.3
,"Harford County, MD","24025","2021","2021","Undetermined ","4","Poisoning","GRINJ-015",70,262977,26.6,20.8,33.6
,"Howard County, MD","24027","2021","2021","Unintentional","1","Fall","GRINJ-003",37,334529,11.1,7.8,15.2
,"Howard County, MD","24027","2021","2021","Unintentional","1","Motor Vehicle Traffic","GRINJ-008",31,334529,9.3,6.3,13.2
,"Howard County, MD","24027","2021","2021","Unintentional","1","Poisoning","GRINJ-015",13,334529,3.9,2.1,6.6
,"Howard County, MD","24027","2021","2021","Suicide","2","Firearm","GRINJ-006",11,334529,3.3,1.6,5.9
,"Howard County, MD","24027","2021","2021","Homicide","3","Firearm","GRINJ-006",14,334529,4.2,2.3,7.0
,"Howard County, MD","24027","2021","2021","Undetermined ","4","Poisoning","GRINJ-015",28,334529,8.4,5.6,12.1
,"Montgomery County, MD","24031","2021","2021","Unintentional","1","Fall","GRINJ-003",117,1054827,11.1,9.1,13.1
,"Montgomery County, MD","24031","2021","2021","Unintentional","1","Motor Vehicle Traffic","GRINJ-008",73,1054827,6.9,5.4,8.7
,"Montgomery County, MD","24031","2021","2021","Unintentional","1","Poisoning","GRINJ-015",67,1054827,6.4,4.9,8.1
,"Montgomery County, MD","24031","2021","2021","Unintentional","1","Suffocation","GRINJ-017",17,1054827,1.6,0.9,2.6
,"Montgomery County, MD","24031","2021","2021","Suicide","2","Firearm","GRINJ-006",28,1054827,2.7,1.8,3.8
,"Montgomery County, MD","24031","2021","2021","Suicide","2","Suffocation","GRINJ-017",37,1054827,3.5,2.5,4.8
,"Montgomery County, MD","24031","2021","2021","Homicide","3","Firearm","GRINJ-006",43,1054827,4.1,3.0,5.5
,"Montgomery County, MD","24031","2021","2021","Undetermined ","4","Poisoning","GRINJ-015",99,1054827,9.4,7.6,11.4
,"Prince George's County, MD","24033","2021","2021","Unintentional","1","Fall","GRINJ-003",59,955306,6.2,4.7,8.0
,"Prince George's County, MD","24033","2021","2021","Unintentional","1","Motor Vehicle Traffic","GRINJ-008",132,955306,13.8,11.5,16.2
,"Prince George's County, MD","24033","2021","2021","Unintentional","1","Poisoning","GRINJ-015",126,955306,13.2,10.9,15.5
,"Prince George's County, MD","24033","2021","2021","Unintentional","1","Suffocation","GRINJ-017",21,955306,2.2,1.4,3.4
,"Prince George's County, MD","24033","2021","2021","Unintentional","1","Unspecified Injury","GRINJ-020",16,955306,1.7,1.0,2.7
,"Prince George's County, MD","24033","2021","2021","Suicide","2","Firearm","GRINJ-006",27,955306,2.8,1.9,4.1
,"Prince George's County, MD","24033","2021","2021","Suicide","2","Suffocation","GRINJ-017",26,955306,2.7,1.8,4.0
,"Prince George's County, MD","24033","2021","2021","Homicide","3","Firearm","GRINJ-006",139,955306,14.6,12.1,17.0
,"Prince George's County, MD","24033","2021","2021","Undetermined ","4","Poisoning","GRINJ-015",95,955306,9.9,8.0,12.2
,"Queen Anne's County, MD","24035","2021","2021","Unintentional","1","Poisoning","GRINJ-015",10,50798,19.7,9.4,36.2
,"Queen Anne's County, MD","24035","2021","2021","Undetermined ","4","Poisoning","GRINJ-015",13,50798,25.6,13.6,43.8
,"St. Mary's County, MD","24037","2021","2021","Unintentional","1","Fall","GRINJ-003",13,114468,11.4,6.0,19.4
,"St. Mary's County, MD","24037","2021","2021","Unintentional","1","Motor Vehicle Traffic","GRINJ-008",21,114468,18.3,11.4,28.0
,"St. Mary's County, MD","24037","2021","2021","Unintentional","1","Poisoning","GRINJ-015",14,114468,12.2,6.7,20.5
,"St. Mary's County, MD","24037","2021","2021","Suicide","2","Firearm","GRINJ-006",13,114468,11.4,6.0,19.4
,"St. Mary's County, MD","24037","2021","2021","Undetermined ","4","Poisoning","GRINJ-015",32,114468,28.0,19.1,39.5
,"Talbot County, MD","24041","2021","2021","Undetermined ","4","Poisoning","GRINJ-015",11,37626,29.2,14.6,52.3
,"Washington County, MD","24043","2021","2021","Unintentional","1","Fall","GRINJ-003",71,154937,45.8,35.8,57.8
,"Washington County, MD","24043","2021","2021","Unintentional","1","Motor Vehicle Traffic","GRINJ-008",23,154937,14.8,9.4,22.3
,"Washington County, MD","24043","2021","2021","Unintentional","1","Poisoning","GRINJ-015",38,154937,24.5,17.4,33.7
,"Washington County, MD","24043","2021","2021","Suicide","2","Firearm","GRINJ-006",15,154937,9.7,5.4,16.0
,"Washington County, MD","24043","2021","2021","Undetermined ","4","Poisoning","GRINJ-015",65,154937,42.0,32.4,53.5
,"Wicomico County, MD","24045","2021","2021","Unintentional","1","Fall","GRINJ-003",10,103980,9.6,4.6,17.7
,"Wicomico County, MD","24045","2021","2021","Unintentional","1","Motor Vehicle Traffic","GRINJ-008",19,103980,18.3,11.0,28.5
,"Wicomico County, MD","24045","2021","2021","Unintentional","1","Poisoning","GRINJ-015",22,103980,21.2,13.3,32.0
,"Wicomico County, MD","24045","2021","2021","Undetermined ","4","Poisoning","GRINJ-015",19,103980,18.3,11.0,28.5
,"Worcester County, MD","24047","2021","2021","Unintentional","1","Fall","GRINJ-003",16,53132,30.1,17.2,48.9
,"Worcester County, MD","24047","2021","2021","Undetermined ","4","Poisoning","GRINJ-015",13,53132,24.5,13.0,41.8
,"Baltimore city, MD","24510","2021","2021","Unintentional","1","Fall","GRINJ-003",78,576498,13.5,10.7,16.9
,"Baltimore city, MD","24510","2021","2021","Unintentional","1","Fire/Flame","GRINJ-004",12,576498,2.1,1.1,3.6
,"Baltimore city, MD","24510","2021","2021","Unintentional","1","Motor Vehicle Traffic","GRINJ-008",59,576498,10.2,7.8,13.2
,"Baltimore city, MD","24510","2021","2021","Unintentional","1","Poisoning","GRINJ-015",351,576498,60.9,54.5,67.3
,"Baltimore city, MD","24510","2021","2021","Unintentional","1","Suffocation","GRINJ-017",15,576498,2.6,1.5,4.3
,"Baltimore city, MD","24510","2021","2021","Unintentional","1","Unspecified Injury","GRINJ-020",18,576498,3.1,1.9,4.9
,"Baltimore city, MD","24510","2021","2021","Suicide","2","Firearm","GRINJ-006",24,576498,4.2,2.7,6.2
,"Baltimore city, MD","24510","2021","2021","Suicide","2","Poisoning","GRINJ-015",11,576498,1.9,1.0,3.4
,"Baltimore city, MD","24510","2021","2021","Suicide","2","Suffocation","GRINJ-017",20,576498,3.5,2.1,5.4
,"Baltimore city, MD","24510","2021","2021","Homicide","3","Cut/Pierce","GRINJ-001",10,576498,1.7,0.8,3.2
,"Baltimore city, MD","24510","2021","2021","Homicide","3","Firearm","GRINJ-006",248,576498,43.0,37.7,48.4
,"Baltimore city, MD","24510","2021","2021","Homicide","3","Unspecified Injury","GRINJ-020",15,576498,2.6,1.5,4.3
,"Baltimore city, MD","24510","2021","2021","Undetermined ","4","Poisoning","GRINJ-015",528,576498,91.6,83.8,99.4
,"Barnstable County, MA","25001","2021","2021","Unintentional","1","Fall","GRINJ-003",71,232411,30.5,23.9,38.5
,"Barnstable County, MA","25001","2021","2021","Unintentional","1","Motor Vehicle Traffic","GRINJ-008",22,232411,9.5,5.9,14.3
,"Barnstable County, MA","25001","2021","2021","Unintentional","1","Poisoning","GRINJ-015",93,232411,40.0,32.3,49.0
,"Berkshire County, MA","25003","2021","2021","Unintentional","1","Fall","GRINJ-003",41,128657,31.9,22.9,43.2
,"Berkshire County, MA","25003","2021","2021","Unintentional","1","Motor Vehicle Traffic","GRINJ-008",12,128657,9.3,4.8,16.3
,"Berkshire County, MA","25003","2021","2021","Unintentional","1","Poisoning","GRINJ-015",72,128657,56.0,43.8,70.5
,"Bristol County, MA","25005","2021","2021","Unintentional","1","Fall","GRINJ-003",77,580164,13.3,10.5,16.6
,"Bristol County, MA","25005","2021","2021","Unintentional","1","Motor Vehicle Traffic","GRINJ-008",42,580164,7.2,5.2,9.8
,"Bristol County, MA","25005","2021","2021","Unintentional","1","Poisoning","GRINJ-015",317,580164,54.6,48.6,60.7
,"Bristol County, MA","25005","2021","2021","Unintentional","1","Suffocation","GRINJ-017",20,580164,3.4,2.1,5.3
,"Bristol County, MA","25005","2021","2021","Unintentional","1","Unspecified Injury","GRINJ-020",15,580164,2.6,1.4,4.3
,"Bristol County, MA","25005","2021","2021","Suicide","2","Firearm","GRINJ-006",15,580164,2.6,1.4,4.3
,"Bristol County, MA","25005","2021","2021","Suicide","2","Poisoning","GRINJ-015",11,580164,1.9,0.9,3.4
,"Bristol County, MA","25005","2021","2021","Suicide","2","Suffocation","GRINJ-017",32,580164,5.5,3.8,7.8
,"Essex County, MA","25009","2021","2021","Unintentional","1","Fall","GRINJ-003",142,807074,17.6,14.7,20.5
,"Essex County, MA","25009","2021","2021","Unintentional","1","Motor Vehicle Traffic","GRINJ-008",49,807074,6.1,4.5,8.0
,"Essex County, MA","25009","2021","2021","Unintentional","1","Poisoning","GRINJ-015",307,807074,38.0,33.8,42.3
,"Essex County, MA","25009","2021","2021","Unintentional","1","Suffocation","GRINJ-017",17,807074,2.1,1.2,3.4
,"Essex County, MA","25009","2021","2021","Unintentional","1","Unspecified Injury","GRINJ-020",15,807074,1.9,1.0,3.1
,"Essex County, MA","25009","2021","2021","Suicide","2","Firearm","GRINJ-006",11,807074,1.4,0.7,2.4
,"Essex County, MA","25009","2021","2021","Suicide","2","Poisoning","GRINJ-015",20,807074,2.5,1.5,3.8
,"Essex County, MA","25009","2021","2021","Suicide","2","Suffocation","GRINJ-017",28,807074,3.5,2.3,5.0
,"Franklin County, MA","25011","2021","2021","Unintentional","1","Fall","GRINJ-003",16,71015,22.5,12.9,36.6
,"Franklin County, MA","25011","2021","2021","Unintentional","1","Poisoning","GRINJ-015",36,71015,50.7,35.5,70.2
,"Hampden County, MA","25013","2021","2021","Unintentional","1","Fall","GRINJ-003",74,462718,16.0,12.6,20.1
,"Hampden County, MA","25013","2021","2021","Unintentional","1","Motor Vehicle Traffic","GRINJ-008",56,462718,12.1,9.1,15.7
,"Hampden County, MA","25013","2021","2021","Unintentional","1","Poisoning","GRINJ-015",224,462718,48.4,42.1,54.7
,"Hampden County, MA","25013","2021","2021","Unintentional","1","Suffocation","GRINJ-017",11,462718,2.4,1.2,4.3
,"Hampden County, MA","25013","2021","2021","Unintentional","1","Unspecified Injury","GRINJ-020",11,462718,2.4,1.2,4.3
,"Hampden County, MA","25013","2021","2021","Suicide","2","Firearm","GRINJ-006",17,462718,3.7,2.1,5.9
,"Hampden County, MA","25013","2021","2021","Suicide","2","Suffocation","GRINJ-017",18,462718,3.9,2.3,6.1
,"Hampden County, MA","25013","2021","2021","Homicide","3","Firearm","GRINJ-006",21,462718,4.5,2.8,6.9
,"Hampshire County, MA","25015","2021","2021","Unintentional","1","Fall","GRINJ-003",29,161572,17.9,12.0,25.8
,"Hampshire County, MA","25015","2021","2021","Unintentional","1","Motor Vehicle Traffic","GRINJ-008",10,161572,6.2,3.0,11.4
,"Hampshire County, MA","25015","2021","2021","Unintentional","1","Poisoning","GRINJ-015",46,161572,28.5,20.8,38.0
,"Middlesex County, MA","25017","2021","2021","Unintentional","1","Drowning","GRINJ-002",11,1614742,0.7,0.3,1.2
,"Middlesex County, MA","25017","2021","2021","Unintentional","1","Fall","GRINJ-003",239,1614742,14.8,12.9,16.7
,"Middlesex County, MA","25017","2021","2021","Unintentional","1","Motor Vehicle Traffic","GRINJ-008",78,1614742,4.8,3.8,6.0
,"Middlesex County, MA","25017","2021","2021","Unintentional","1","Poisoning","GRINJ-015",402,1614742,24.9,22.5,27.3
,"Middlesex County, MA","25017","2021","2021","Unintentional","1","Suffocation","GRINJ-017",47,1614742,2.9,2.1,3.9
,"Middlesex County, MA","25017","2021","2021","Unintentional","1","Other specified, not elsewhere classified Injury","GRINJ-019",10,1614742,0.6,0.3,1.1
,"Middlesex County, MA","25017","2021","2021","Unintentional","1","Unspecified Injury","GRINJ-020",30,1614742,1.9,1.3,2.7
,"Middlesex County, MA","25017","2021","2021","Suicide","2","Firearm","GRINJ-006",24,1614742,1.5,1.0,2.2
,"Middlesex County, MA","25017","2021","2021","Suicide","2","Poisoning","GRINJ-015",25,1614742,1.5,1.0,2.3
,"Middlesex County, MA","25017","2021","2021","Suicide","2","Suffocation","GRINJ-017",47,1614742,2.9,2.1,3.9
,"Middlesex County, MA","25017","2021","2021","Homicide","3","Firearm","GRINJ-006",10,1614742,0.6,0.3,1.1
,"Norfolk County, MA","25021","2021","2021","Unintentional","1","Fall","GRINJ-003",135,724505,18.6,15.5,21.8
,"Norfolk County, MA","25021","2021","2021","Unintentional","1","Motor Vehicle Traffic","GRINJ-008",36,724505,5.0,3.5,6.9
,"Norfolk County, MA","25021","2021","2021","Unintentional","1","Poisoning","GRINJ-015",185,724505,25.5,21.9,29.2
,"Norfolk County, MA","25021","2021","2021","Unintentional","1","Suffocation","GRINJ-017",20,724505,2.8,1.7,4.3
,"Norfolk County, MA","25021","2021","2021","Suicide","2","Firearm","GRINJ-006",10,724505,1.4,0.7,2.5
,"Norfolk County, MA","25021","2021","2021","Suicide","2","Poisoning","GRINJ-015",11,724505,1.5,0.8,2.7
,"Norfolk County, MA","25021","2021","2021","Suicide","2","Suffocation","GRINJ-017",24,724505,3.3,2.1,4.9
,"Plymouth County, MA","25023","2021","2021","Unintentional","1","Drowning","GRINJ-002",12,533003,2.3,1.2,3.9
,"Plymouth County, MA","25023","2021","2021","Unintentional","1","Fall","GRINJ-003",92,533003,17.3,13.9,21.2
,"Plymouth County, MA","25023","2021","2021","Unintentional","1","Motor Vehicle Traffic","GRINJ-008",41,533003,7.7,5.5,10.4
,"Plymouth County, MA","25023","2021","2021","Unintentional","1","Poisoning","GRINJ-015",182,533003,34.1,29.2,39.1
,"Plymouth County, MA","25023","2021","2021","Unintentional","1","Suffocation","GRINJ-017",15,533003,2.8,1.6,4.6
,"Plymouth County, MA","25023","2021","2021","Suicide","2","Firearm","GRINJ-006",11,533003,2.1,1.0,3.7
,"Plymouth County, MA","25023","2021","2021","Suicide","2","Suffocation","GRINJ-017",21,533003,3.9,2.4,6.0
,"Suffolk County, MA","25025","2021","2021","Unintentional","1","Fall","GRINJ-003",54,771245,7.0,5.3,9.1
,"Suffolk County, MA","25025","2021","2021","Unintentional","1","Motor Vehicle Traffic","GRINJ-008",45,771245,5.8,4.3,7.8
,"Suffolk County, MA","25025","2021","2021","Unintentional","1","Poisoning","GRINJ-015",332,771245,43.0,38.4,47.7
,"Suffolk County, MA","25025","2021","2021","Unintentional","1","Suffocation","GRINJ-017",17,771245,2.2,1.3,3.5
,"Suffolk County, MA","25025","2021","2021","Suicide","2","Firearm","GRINJ-006",11,771245,1.4,0.7,2.6
,"Suffolk County, MA","25025","2021","2021","Suicide","2","Poisoning","GRINJ-015",11,771245,1.4,0.7,2.6
,"Suffolk County, MA","25025","2021","2021","Suicide","2","Suffocation","GRINJ-017",21,771245,2.7,1.7,4.2
,"Suffolk County, MA","25025","2021","2021","Homicide","3","Cut/Pierce","GRINJ-001",13,771245,1.7,0.9,2.9
,"Suffolk County, MA","25025","2021","2021","Homicide","3","Firearm","GRINJ-006",31,771245,4.0,2.7,5.7
,"Worcester County, MA","25027","2021","2021","Unintentional","1","Fall","GRINJ-003",164,862029,19.0,16.1,21.9
,"Worcester County, MA","25027","2021","2021","Unintentional","1","Motor Vehicle Traffic","GRINJ-008",49,862029,5.7,4.2,7.5
,"Worcester County, MA","25027","2021","2021","Unintentional","1","Poisoning","GRINJ-015",324,862029,37.6,33.5,41.7
,"Worcester County, MA","25027","2021","2021","Unintentional","1","Suffocation","GRINJ-017",17,862029,2.0,1.1,3.2
,"Worcester County, MA","25027","2021","2021","Unintentional","1","Unspecified Injury","GRINJ-020",16,862029,1.9,1.1,3.0
,"Worcester County, MA","25027","2021","2021","Suicide","2","Firearm","GRINJ-006",20,862029,2.3,1.4,3.6
,"Worcester County, MA","25027","2021","2021","Suicide","2","Poisoning","GRINJ-015",15,862029,1.7,1.0,2.9
,"Worcester County, MA","25027","2021","2021","Suicide","2","Suffocation","GRINJ-017",28,862029,3.2,2.2,4.7
,"Allegan County, MI","26005","2021","2021","Unintentional","1","Fall","GRINJ-003",24,120950,19.8,12.7,29.5
,"Allegan County, MI","26005","2021","2021","Unintentional","1","Motor Vehicle Traffic","GRINJ-008",14,120950,11.6,6.3,19.4
,"Allegan County, MI","26005","2021","2021","Unintentional","1","Poisoning","GRINJ-015",14,120950,11.6,6.3,19.4
,"Allegan County, MI","26005","2021","2021","Suicide","2","Firearm","GRINJ-006",12,120950,9.9,5.1,17.3
,"Alpena County, MI","26007","2021","2021","Unintentional","1","Fall","GRINJ-003",11,28893,38.1,19.0,68.1
,"Barry County, MI","26015","2021","2021","Unintentional","1","Fall","GRINJ-003",17,62992,27.0,15.7,43.2
,"Barry County, MI","26015","2021","2021","Unintentional","1","Motor Vehicle Traffic","GRINJ-008",13,62992,20.6,11.0,35.3
,"Barry County, MI","26015","2021","2021","Suicide","2","Firearm","GRINJ-006",11,62992,17.5,8.7,31.2
,"Bay County, MI","26017","2021","2021","Unintentional","1","Fall","GRINJ-003",17,102985,16.5,9.6,26.4
,"Bay County, MI","26017","2021","2021","Unintentional","1","Motor Vehicle Traffic","GRINJ-008",16,102985,15.5,8.9,25.2
,"Bay County, MI","26017","2021","2021","Unintentional","1","Poisoning","GRINJ-015",37,102985,35.9,25.3,49.5
,"Berrien County, MI","26021","2021","2021","Unintentional","1","Fall","GRINJ-003",26,153101,17.0,11.1,24.9
,"Berrien County, MI","26021","2021","2021","Unintentional","1","Motor Vehicle Traffic","GRINJ-008",21,153101,13.7,8.5,21.0
,"Berrien County, MI","26021","2021","2021","Unintentional","1","Poisoning","GRINJ-015",38,153101,24.8,17.6,34.1
,"Berrien County, MI","26021","2021","2021","Homicide","3","Firearm","GRINJ-006",11,153101,7.2,3.6,12.9
,"Calhoun County, MI","26025","2021","2021","Unintentional","1","Fall","GRINJ-003",30,133819,22.4,15.1,32.0
,"Calhoun County, MI","26025","2021","2021","Unintentional","1","Motor Vehicle Traffic","GRINJ-008",27,133819,20.2,13.3,29.4
,"Calhoun County, MI","26025","2021","2021","Unintentional","1","Poisoning","GRINJ-015",65,133819,48.6,37.5,61.9
,"Calhoun County, MI","26025","2021","2021","Suicide","2","Firearm","GRINJ-006",14,133819,10.5,5.7,17.6
,"Clinton County, MI","26037","2021","2021","Unintentional","1","Fall","GRINJ-003",14,79426,17.6,9.6,29.6
,"Clinton County, MI","26037","2021","2021","Unintentional","1","Poisoning","GRINJ-015",12,79426,15.1,7.8,26.4
,"Clinton County, MI","26037","2021","2021","Suicide","2","Firearm","GRINJ-006",11,79426,13.8,6.9,24.8
,"Eaton County, MI","26045","2021","2021","Unintentional","1","Fall","GRINJ-003",21,108944,19.3,11.9,29.5
,"Eaton County, MI","26045","2021","2021","Unintentional","1","Motor Vehicle Traffic","GRINJ-008",16,108944,14.7,8.4,23.8
,"Eaton County, MI","26045","2021","2021","Unintentional","1","Poisoning","GRINJ-015",25,108944,22.9,14.9,33.9
,"Eaton County, MI","26045","2021","2021","Suicide","2","Firearm","GRINJ-006",14,108944,12.9,7.0,21.6
,"Genesee County, MI","26049","2021","2021","Unintentional","1","Fall","GRINJ-003",45,404208,11.1,8.1,14.9
,"Genesee County, MI","26049","2021","2021","Unintentional","1","Fire/Flame","GRINJ-004",11,404208,2.7,1.4,4.9
,"Genesee County, MI","26049","2021","2021","Unintentional","1","Motor Vehicle Traffic","GRINJ-008",74,404208,18.3,14.4,23.0
,"Genesee County, MI","26049","2021","2021","Unintentional","1","Poisoning","GRINJ-015",197,404208,48.7,41.9,55.5
,"Genesee County, MI","26049","2021","2021","Unintentional","1","Suffocation","GRINJ-017",15,404208,3.7,2.1,6.1
,"Genesee County, MI","26049","2021","2021","Suicide","2","Firearm","GRINJ-006",30,404208,7.4,5.0,10.6
,"Genesee County, MI","26049","2021","2021","Suicide","2","Suffocation","GRINJ-017",16,404208,4.0,2.3,6.4
,"Genesee County, MI","26049","2021","2021","Homicide","3","Firearm","GRINJ-006",64,404208,15.8,12.2,20.2
,"Genesee County, MI","26049","2021","2021","Undetermined ","4","Poisoning","GRINJ-015",10,404208,2.5,1.2,4.5
,"Gladwin County, MI","26051","2021","2021","Unintentional","1","Poisoning","GRINJ-015",13,25485,51.0,27.2,87.2
,"Grand Traverse County, MI","26055","2021","2021","Unintentional","1","Fall","GRINJ-003",22,95860,23.0,14.4,34.7
,"Grand Traverse County, MI","26055","2021","2021","Unintentional","1","Motor Vehicle Traffic","GRINJ-008",13,95860,13.6,7.2,23.2
,"Grand Traverse County, MI","26055","2021","2021","Unintentional","1","Poisoning","GRINJ-015",16,95860,16.7,9.5,27.1
,"Hillsdale County, MI","26059","2021","2021","Unintentional","1","Motor Vehicle Traffic","GRINJ-008",13,45546,28.5,15.2,48.8
,"Hillsdale County, MI","26059","2021","2021","Suicide","2","Firearm","GRINJ-006",10,45546,22.0,10.5,40.4
,"Ingham County, MI","26065","2021","2021","Unintentional","1","Fall","GRINJ-003",50,284034,17.6,13.1,23.2
,"Ingham County, MI","26065","2021","2021","Unintentional","1","Motor Vehicle Traffic","GRINJ-008",43,284034,15.1,11.0,20.4
,"Ingham County, MI","26065","2021","2021","Unintentional","1","Poisoning","GRINJ-015",113,284034,39.8,32.4,47.1
,"Ingham County, MI","26065","2021","2021","Unintentional","1","Suffocation","GRINJ-017",10,284034,3.5,1.7,6.5
,"Ingham County, MI","26065","2021","2021","Suicide","2","Firearm","GRINJ-006",22,284034,7.7,4.9,11.7
,"Ingham County, MI","26065","2021","2021","Suicide","2","Suffocation","GRINJ-017",14,284034,4.9,2.7,8.3
,"Ingham County, MI","26065","2021","2021","Homicide","3","Firearm","GRINJ-006",27,284034,9.5,6.3,13.8
,"Ionia County, MI","26067","2021","2021","Unintentional","1","Fall","GRINJ-003",12,67197,17.9,9.2,31.2
,"Ionia County, MI","26067","2021","2021","Unintentional","1","Poisoning","GRINJ-015",10,67197,14.9,7.1,27.4
,"Iosco County, MI","26069","2021","2021","Unintentional","1","Poisoning","GRINJ-015",12,25369,47.3,24.4,82.6
,"Isabella County, MI","26073","2021","2021","Unintentional","1","Fall","GRINJ-003",10,64813,15.4,7.4,28.4
,"Isabella County, MI","26073","2021","2021","Unintentional","1","Poisoning","GRINJ-015",15,64813,23.1,13.0,38.2
,"Jackson County, MI","26075","2021","2021","Unintentional","1","Fall","GRINJ-003",20,160050,12.5,7.6,19.3
,"Jackson County, MI","26075","2021","2021","Unintentional","1","Motor Vehicle Traffic","GRINJ-008",22,160050,13.7,8.6,20.8
,"Jackson County, MI","26075","2021","2021","Unintentional","1","Poisoning","GRINJ-015",13,160050,8.1,4.3,13.9
,"Jackson County, MI","26075","2021","2021","Suicide","2","Firearm","GRINJ-006",15,160050,9.4,5.2,15.5
,"Jackson County, MI","26075","2021","2021","Homicide","3","Firearm","GRINJ-006",12,160050,7.5,3.9,13.1
,"Jackson County, MI","26075","2021","2021","Undetermined ","4","Poisoning","GRINJ-015",45,160050,28.1,20.5,37.6
,"Kalamazoo County, MI","26077","2021","2021","Unintentional","1","Fall","GRINJ-003",55,261108,21.1,15.9,27.4
,"Kalamazoo County, MI","26077","2021","2021","Unintentional","1","Motor Vehicle Traffic","GRINJ-008",35,261108,13.4,9.3,18.6
,"Kalamazoo County, MI","26077","2021","2021","Unintentional","1","Poisoning","GRINJ-015",67,261108,25.7,19.9,32.6
,"Kalamazoo County, MI","26077","2021","2021","Suicide","2","Firearm","GRINJ-006",27,261108,10.3,6.8,15.0
,"Kalamazoo County, MI","26077","2021","2021","Suicide","2","Suffocation","GRINJ-017",13,261108,5.0,2.7,8.5
,"Kalamazoo County, MI","26077","2021","2021","Homicide","3","Firearm","GRINJ-006",24,261108,9.2,5.9,13.7
,"Kent County, MI","26081","2021","2021","Unintentional","1","Drowning","GRINJ-002",10,658046,1.5,0.7,2.8
,"Kent County, MI","26081","2021","2021","Unintentional","1","Fall","GRINJ-003",85,658046,12.9,10.3,16.0
,"Kent County, MI","26081","2021","2021","Unintentional","1","Motor Vehicle Traffic","GRINJ-008",79,658046,12.0,9.5,15.0
,"Kent County, MI","26081","2021","2021","Unintentional","1","Poisoning","GRINJ-015",128,658046,19.5,16.1,22.8
,"Kent County, MI","26081","2021","2021","Unintentional","1","Suffocation","GRINJ-017",20,658046,3.0,1.9,4.7
,"Kent County, MI","26081","2021","2021","Suicide","2","Firearm","GRINJ-006",38,658046,5.8,4.1,7.9
,"Kent County, MI","26081","2021","2021","Suicide","2","Suffocation","GRINJ-017",21,658046,3.2,2.0,4.9
,"Kent County, MI","26081","2021","2021","Homicide","3","Firearm","GRINJ-006",25,658046,3.8,2.5,5.6
,"Lapeer County, MI","26087","2021","2021","Unintentional","1","Fall","GRINJ-003",13,88513,14.7,7.8,25.1
,"Lapeer County, MI","26087","2021","2021","Unintentional","1","Motor Vehicle Traffic","GRINJ-008",18,88513,20.3,12.1,32.1
,"Lapeer County, MI","26087","2021","2021","Unintentional","1","Poisoning","GRINJ-015",15,88513,16.9,9.5,28.0
,"Lapeer County, MI","26087","2021","2021","Suicide","2","Firearm","GRINJ-006",13,88513,14.7,7.8,25.1
,"Lenawee County, MI","26091","2021","2021","Unintentional","1","Fall","GRINJ-003",14,98956,14.1,7.7,23.7
,"Lenawee County, MI","26091","2021","2021","Unintentional","1","Motor Vehicle Traffic","GRINJ-008",24,98956,24.3,15.5,36.1
,"Lenawee County, MI","26091","2021","2021","Unintentional","1","Poisoning","GRINJ-015",24,98956,24.3,15.5,36.1
,"Livingston County, MI","26093","2021","2021","Unintentional","1","Fall","GRINJ-003",39,195014,20.0,14.2,27.3
,"Livingston County, MI","26093","2021","2021","Unintentional","1","Motor Vehicle Traffic","GRINJ-008",17,195014,8.7,5.1,14.0
,"Livingston County, MI","26093","2021","2021","Unintentional","1","Poisoning","GRINJ-015",40,195014,20.5,14.7,27.9
,"Livingston County, MI","26093","2021","2021","Suicide","2","Firearm","GRINJ-006",16,195014,8.2,4.7,13.3
,"Macomb County, MI","26099","2021","2021","Unintentional","1","Fall","GRINJ-003",137,876792,15.6,13.0,18.2
,"Macomb County, MI","26099","2021","2021","Unintentional","1","Fire/Flame","GRINJ-004",12,876792,1.4,0.7,2.4
,"Macomb County, MI","26099","2021","2021","Unintentional","1","Motor Vehicle Traffic","GRINJ-008",97,876792,11.1,9.0,13.5
,"Macomb County, MI","26099","2021","2021","Unintentional","1","Poisoning","GRINJ-015",269,876792,30.7,27.0,34.3
,"Macomb County, MI","26099","2021","2021","Unintentional","1","Suffocation","GRINJ-017",23,876792,2.6,1.7,3.9
,"Macomb County, MI","26099","2021","2021","Unintentional","1","Unspecified Injury","GRINJ-020",16,876792,1.8,1.0,3.0
,"Macomb County, MI","26099","2021","2021","Suicide","2","Firearm","GRINJ-006",75,876792,8.6,6.7,10.7
,"Macomb County, MI","26099","2021","2021","Suicide","2","Poisoning","GRINJ-015",23,876792,2.6,1.7,3.9
,"Macomb County, MI","26099","2021","2021","Suicide","2","Suffocation","GRINJ-017",31,876792,3.5,2.4,5.0
,"Macomb County, MI","26099","2021","2021","Homicide","3","Firearm","GRINJ-006",50,876792,5.7,4.2,7.5
,"Macomb County, MI","26099","2021","2021","Undetermined ","4","Poisoning","GRINJ-015",41,876792,4.7,3.4,6.3
,"Marquette County, MI","26103","2021","2021","Unintentional","1","Fall","GRINJ-003",18,66103,27.2,16.1,43.0
,"Mecosta County, MI","26107","2021","2021","Unintentional","1","Fall","GRINJ-003",11,40031,27.5,13.7,49.2
,"Midland County, MI","26111","2021","2021","Unintentional","1","Fall","GRINJ-003",12,83457,14.4,7.4,25.1
,"Midland County, MI","26111","2021","2021","Unintentional","1","Poisoning","GRINJ-015",11,83457,13.2,6.6,23.6
,"Monroe County, MI","26115","2021","2021","Unintentional","1","Fall","GRINJ-003",19,155274,12.2,7.4,19.1
,"Monroe County, MI","26115","2021","2021","Unintentional","1","Motor Vehicle Traffic","GRINJ-008",14,155274,9.0,4.9,15.1
,"Monroe County, MI","26115","2021","2021","Unintentional","1","Poisoning","GRINJ-015",55,155274,35.4,26.7,46.1
,"Montcalm County, MI","26117","2021","2021","Unintentional","1","Fall","GRINJ-003",14,67220,20.8,11.4,34.9
,"Montcalm County, MI","26117","2021","2021","Unintentional","1","Motor Vehicle Traffic","GRINJ-008",14,67220,20.8,11.4,34.9
,"Montcalm County, MI","26117","2021","2021","Unintentional","1","Poisoning","GRINJ-015",14,67220,20.8,11.4,34.9
,"Montcalm County, MI","26117","2021","2021","Suicide","2","Firearm","GRINJ-006",13,67220,19.3,10.3,33.1
,"Muskegon County, MI","26121","2021","2021","Unintentional","1","Fall","GRINJ-003",38,176511,21.5,15.2,29.5
,"Muskegon County, MI","26121","2021","2021","Unintentional","1","Motor Vehicle Traffic","GRINJ-008",25,176511,14.2,9.2,20.9
,"Muskegon County, MI","26121","2021","2021","Unintentional","1","Poisoning","GRINJ-015",66,176511,37.4,28.9,47.6
,"Muskegon County, MI","26121","2021","2021","Suicide","2","Firearm","GRINJ-006",11,176511,6.2,3.1,11.2
,"Muskegon County, MI","26121","2021","2021","Homicide","3","Firearm","GRINJ-006",11,176511,6.2,3.1,11.2
,"Newaygo County, MI","26123","2021","2021","Unintentional","1","Fall","GRINJ-003",17,50296,33.8,19.7,54.1
,"Newaygo County, MI","26123","2021","2021","Unintentional","1","Poisoning","GRINJ-015",11,50296,21.9,10.9,39.1
,"Oakland County, MI","26125","2021","2021","Unintentional","1","Drowning","GRINJ-002",10,1270017,0.8,0.4,1.4
,"Oakland County, MI","26125","2021","2021","Unintentional","1","Fall","GRINJ-003",191,1270017,15.0,12.9,17.2
,"Oakland County, MI","26125","2021","2021","Unintentional","1","Motor Vehicle Traffic","GRINJ-008",87,1270017,6.9,5.5,8.4
,"Oakland County, MI","26125","2021","2021","Unintentional","1","Natural/Environmental","GRINJ-013",11,1270017,0.9,0.4,1.5
,"Oakland County, MI","26125","2021","2021","Unintentional","1","Poisoning","GRINJ-015",62,1270017,4.9,3.7,6.3
,"Oakland County, MI","26125","2021","2021","Unintentional","1","Suffocation","GRINJ-017",24,1270017,1.9,1.2,2.8
,"Oakland County, MI","26125","2021","2021","Suicide","2","Firearm","GRINJ-006",83,1270017,6.5,5.2,8.1
,"Oakland County, MI","26125","2021","2021","Suicide","2","Poisoning","GRINJ-015",25,1270017,2.0,1.3,2.9
,"Oakland County, MI","26125","2021","2021","Suicide","2","Suffocation","GRINJ-017",38,1270017,3.0,2.1,4.1
,"Oakland County, MI","26125","2021","2021","Homicide","3","Firearm","GRINJ-006",40,1270017,3.1,2.3,4.3
,"Oakland County, MI","26125","2021","2021","Undetermined ","4","Poisoning","GRINJ-015",191,1270017,15.0,12.9,17.2
,"Ottawa County, MI","26139","2021","2021","Unintentional","1","Fall","GRINJ-003",89,299157,29.8,23.9,36.6
,"Ottawa County, MI","26139","2021","2021","Unintentional","1","Motor Vehicle Traffic","GRINJ-008",23,299157,7.7,4.9,11.5
,"Ottawa County, MI","26139","2021","2021","Unintentional","1","Poisoning","GRINJ-015",25,299157,8.4,5.4,12.3
,"Ottawa County, MI","26139","2021","2021","Suicide","2","Firearm","GRINJ-006",18,299157,6.0,3.6,9.5
,"Roscommon County, MI","26143","2021","2021","Unintentional","1","Poisoning","GRINJ-015",11,23633,46.5,23.2,83.3
,"Saginaw County, MI","26145","2021","2021","Unintentional","1","Fall","GRINJ-003",28,189591,14.8,9.8,21.3
,"Saginaw County, MI","26145","2021","2021","Unintentional","1","Motor Vehicle Traffic","GRINJ-008",32,189591,16.9,11.5,23.8
,"Saginaw County, MI","26145","2021","2021","Unintentional","1","Poisoning","GRINJ-015",65,189591,34.3,26.5,43.7
,"Saginaw County, MI","26145","2021","2021","Suicide","2","Firearm","GRINJ-006",10,189591,5.3,2.5,9.7
,"Saginaw County, MI","26145","2021","2021","Homicide","3","Firearm","GRINJ-006",28,189591,14.8,9.8,21.3
,"St. Clair County, MI","26147","2021","2021","Unintentional","1","Fall","GRINJ-003",18,160053,11.2,6.7,17.8
,"St. Clair County, MI","26147","2021","2021","Unintentional","1","Motor Vehicle Traffic","GRINJ-008",18,160053,11.2,6.7,17.8
,"St. Clair County, MI","26147","2021","2021","Unintentional","1","Poisoning","GRINJ-015",53,160053,33.1,24.8,43.3
,"St. Clair County, MI","26147","2021","2021","Suicide","2","Firearm","GRINJ-006",16,160053,10.0,5.7,16.2
,"St. Clair County, MI","26147","2021","2021","Suicide","2","Suffocation","GRINJ-017",11,160053,6.9,3.4,12.3
,"St. Joseph County, MI","26149","2021","2021","Unintentional","1","Fall","GRINJ-003",11,60758,18.1,9.0,32.4
,"St. Joseph County, MI","26149","2021","2021","Unintentional","1","Motor Vehicle Traffic","GRINJ-008",15,60758,24.7,13.8,40.7
,"Shiawassee County, MI","26155","2021","2021","Unintentional","1","Fall","GRINJ-003",13,67877,19.2,10.2,32.8
,"Tuscola County, MI","26157","2021","2021","Unintentional","1","Motor Vehicle Traffic","GRINJ-008",11,52917,20.8,10.4,37.2
,"Van Buren County, MI","26159","2021","2021","Unintentional","1","Fall","GRINJ-003",14,75658,18.5,10.1,31.0
,"Van Buren County, MI","26159","2021","2021","Unintentional","1","Motor Vehicle Traffic","GRINJ-008",12,75658,15.9,8.2,27.7
,"Van Buren County, MI","26159","2021","2021","Unintentional","1","Poisoning","GRINJ-015",17,75658,22.5,13.1,36.0
,"Washtenaw County, MI","26161","2021","2021","Unintentional","1","Fall","GRINJ-003",67,369390,18.1,14.1,23.0
,"Washtenaw County, MI","26161","2021","2021","Unintentional","1","Motor Vehicle Traffic","GRINJ-008",26,369390,7.0,4.6,10.3
,"Washtenaw County, MI","26161","2021","2021","Unintentional","1","Poisoning","GRINJ-015",79,369390,21.4,16.9,26.7
,"Washtenaw County, MI","26161","2021","2021","Suicide","2","Firearm","GRINJ-006",23,369390,6.2,3.9,9.3
,"Washtenaw County, MI","26161","2021","2021","Suicide","2","Suffocation","GRINJ-017",14,369390,3.8,2.1,6.4
,"Washtenaw County, MI","26161","2021","2021","Homicide","3","Firearm","GRINJ-006",16,369390,4.3,2.5,7.0
,"Wayne County, MI","26163","2021","2021","Unintentional","1","Drowning","GRINJ-002",16,1774816,0.9,0.5,1.5
,"Wayne County, MI","26163","2021","2021","Unintentional","1","Fall","GRINJ-003",149,1774816,8.4,7.0,9.7
,"Wayne County, MI","26163","2021","2021","Unintentional","1","Fire/Flame","GRINJ-004",16,1774816,0.9,0.5,1.5
,"Wayne County, MI","26163","2021","2021","Unintentional","1","Motor Vehicle Traffic","GRINJ-008",276,1774816,15.6,13.7,17.4
,"Wayne County, MI","26163","2021","2021","Unintentional","1","Natural/Environmental","GRINJ-013",11,1774816,0.6,0.3,1.1
,"Wayne County, MI","26163","2021","2021","Unintentional","1","Poisoning","GRINJ-015",892,1774816,50.3,47.0,53.6
,"Wayne County, MI","26163","2021","2021","Unintentional","1","Suffocation","GRINJ-017",62,1774816,3.5,2.7,4.5
,"Wayne County, MI","26163","2021","2021","Unintentional","1","Unspecified Injury","GRINJ-020",40,1774816,2.3,1.6,3.1
,"Wayne County, MI","26163","2021","2021","Suicide","2","Firearm","GRINJ-006",120,1774816,6.8,5.6,8.0
,"Wayne County, MI","26163","2021","2021","Suicide","2","Poisoning","GRINJ-015",19,1774816,1.1,0.6,1.7
,"Wayne County, MI","26163","2021","2021","Suicide","2","Suffocation","GRINJ-017",58,1774816,3.3,2.5,4.2
,"Wayne County, MI","26163","2021","2021","Homicide","3","Cut/Pierce","GRINJ-001",23,1774816,1.3,0.8,1.9
,"Wayne County, MI","26163","2021","2021","Homicide","3","Firearm","GRINJ-006",326,1774816,18.4,16.4,20.4
,"Wayne County, MI","26163","2021","2021","Undetermined ","4","Poisoning","GRINJ-015",22,1774816,1.2,0.8,1.9
,"Wexford County, MI","26165","2021","2021","Unintentional","1","Poisoning","GRINJ-015",12,33901,35.4,18.3,61.8
,"Anoka County, MN","27003","2021","2021","Unintentional","1","Fall","GRINJ-003",64,367018,17.4,13.4,22.3
,"Anoka County, MN","27003","2021","2021","Unintentional","1","Motor Vehicle Traffic","GRINJ-008",23,367018,6.3,4.0,9.4
,"Anoka County, MN","27003","2021","2021","Unintentional","1","Poisoning","GRINJ-015",75,367018,20.4,16.1,25.6
,"Anoka County, MN","27003","2021","2021","Suicide","2","Firearm","GRINJ-006",32,367018,8.7,6.0,12.3
,"Anoka County, MN","27003","2021","2021","Suicide","2","Suffocation","GRINJ-017",13,367018,3.5,1.9,6.1
,"Beltrami County, MN","27007","2021","2021","Unintentional","1","Motor Vehicle Traffic","GRINJ-008",11,46380,23.7,11.8,42.4
,"Beltrami County, MN","27007","2021","2021","Unintentional","1","Poisoning","GRINJ-015",19,46380,41.0,24.7,64.0
,"Blue Earth County, MN","27013","2021","2021","Unintentional","1","Fall","GRINJ-003",14,69280,20.2,11.0,33.9
,"Blue Earth County, MN","27013","2021","2021","Unintentional","1","Poisoning","GRINJ-015",14,69280,20.2,11.0,33.9
,"Carlton County, MN","27017","2021","2021","Unintentional","1","Poisoning","GRINJ-015",15,36409,41.2,23.1,68.0
,"Carver County, MN","27019","2021","2021","Unintentional","1","Fall","GRINJ-003",25,108626,23.0,14.9,34.0
,"Carver County, MN","27019","2021","2021","Suicide","2","Firearm","GRINJ-006",10,108626,9.2,4.4,16.9
,"Cass County, MN","27021","2021","2021","Unintentional","1","Fall","GRINJ-003",13,30639,42.4,22.6,72.6
,"Cass County, MN","27021","2021","2021","Unintentional","1","Poisoning","GRINJ-015",15,30639,49.0,27.4,80.7
,"Chisago County, MN","27025","2021","2021","Unintentional","1","Fall","GRINJ-003",10,57469,17.4,8.3,32.0
,"Chisago County, MN","27025","2021","2021","Unintentional","1","Motor Vehicle Traffic","GRINJ-008",12,57469,20.9,10.8,36.5
,"Clay County, MN","27027","2021","2021","Unintentional","1","Fall","GRINJ-003",14,65574,21.3,11.7,35.8
,"Clay County, MN","27027","2021","2021","Unintentional","1","Poisoning","GRINJ-015",20,65574,30.5,18.6,47.1
,"Crow Wing County, MN","27035","2021","2021","Unintentional","1","Fall","GRINJ-003",20,67270,29.7,18.2,45.9
,"Dakota County, MN","27037","2021","2021","Unintentional","1","Fall","GRINJ-003",108,442038,24.4,19.8,29.0
,"Dakota County, MN","27037","2021","2021","Unintentional","1","Motor Vehicle Traffic","GRINJ-008",22,442038,5.0,3.1,7.5
,"Dakota County, MN","27037","2021","2021","Unintentional","1","Poisoning","GRINJ-015",64,442038,14.5,11.2,18.5
,"Dakota County, MN","27037","2021","2021","Unintentional","1","Suffocation","GRINJ-017",11,442038,2.5,1.2,4.5
,"Dakota County, MN","27037","2021","2021","Suicide","2","Firearm","GRINJ-006",14,442038,3.2,1.7,5.3
,"Dakota County, MN","27037","2021","2021","Suicide","2","Poisoning","GRINJ-015",13,442038,2.9,1.6,5.0
,"Dakota County, MN","27037","2021","2021","Suicide","2","Suffocation","GRINJ-017",10,442038,2.3,1.1,4.2
,"Douglas County, MN","27041","2021","2021","Unintentional","1","Poisoning","GRINJ-015",12,39238,30.6,15.8,53.4
,"Goodhue County, MN","27049","2021","2021","Unintentional","1","Fall","GRINJ-003",20,47968,41.7,25.5,64.4
,"Goodhue County, MN","27049","2021","2021","Unintentional","1","Poisoning","GRINJ-015",14,47968,29.2,16.0,49.0
,"Hennepin County, MN","27053","2021","2021","Unintentional","1","Drowning","GRINJ-002",14,1267416,1.1,0.6,1.9
,"Hennepin County, MN","27053","2021","2021","Unintentional","1","Fall","GRINJ-003",309,1267416,24.4,21.7,27.1
,"Hennepin County, MN","27053","2021","2021","Unintentional","1","Motor Vehicle Traffic","GRINJ-008",98,1267416,7.7,6.3,9.4
,"Hennepin County, MN","27053","2021","2021","Unintentional","1","Poisoning","GRINJ-015",412,1267416,32.5,29.4,35.6
,"Hennepin County, MN","27053","2021","2021","Unintentional","1","Suffocation","GRINJ-017",39,1267416,3.1,2.2,4.2
,"Hennepin County, MN","27053","2021","2021","Unintentional","1","Other specified, classifiable Injury","GRINJ-018",10,1267416,0.8,0.4,1.5
,"Hennepin County, MN","27053","2021","2021","Unintentional","1","Unspecified Injury","GRINJ-020",14,1267416,1.1,0.6,1.9
,"Hennepin County, MN","27053","2021","2021","Suicide","2","Fall","GRINJ-003",12,1267416,0.9,0.5,1.7
,"Hennepin County, MN","27053","2021","2021","Suicide","2","Firearm","GRINJ-006",53,1267416,4.2,3.1,5.5
,"Hennepin County, MN","27053","2021","2021","Suicide","2","Poisoning","GRINJ-015",20,1267416,1.6,1.0,2.4
,"Hennepin County, MN","27053","2021","2021","Suicide","2","Suffocation","GRINJ-017",45,1267416,3.6,2.6,4.8
,"Hennepin County, MN","27053","2021","2021","Homicide","3","Firearm","GRINJ-006",75,1267416,5.9,4.7,7.4
,"Hennepin County, MN","27053","2021","2021","Undetermined ","4","Poisoning","GRINJ-015",14,1267416,1.1,0.6,1.9
,"Itasca County, MN","27061","2021","2021","Unintentional","1","Fall","GRINJ-003",15,45070,33.3,18.6,54.9
,"Itasca County, MN","27061","2021","2021","Unintentional","1","Poisoning","GRINJ-015",14,45070,31.1,17.0,52.1
,"Itasca County, MN","27061","2021","2021","Suicide","2","Firearm","GRINJ-006",11,45070,24.4,12.2,43.7
,"Kandiyohi County, MN","27067","2021","2021","Unintentional","1","Fall","GRINJ-003",10,43767,22.8,11.0,42.0
,"McLeod County, MN","27085","2021","2021","Unintentional","1","Fall","GRINJ-003",10,36735,27.2,13.1,50.1
,"Mahnomen County, MN","27087","2021","2021","Unintentional","1","Poisoning","GRINJ-015",10,5414,184.7,88.6,339.7
,"Mille Lacs County, MN","27095","2021","2021","Unintentional","1","Motor Vehicle Traffic","GRINJ-008",10,26867,37.2,17.8,68.4
,"Mille Lacs County, MN","27095","2021","2021","Unintentional","1","Poisoning","GRINJ-015",15,26867,55.8,31.2,92.1
,"Morrison County, MN","27097","2021","2021","Unintentional","1","Fall","GRINJ-003",10,33992,29.4,14.1,54.1
,"Mower County, MN","27099","2021","2021","Unintentional","1","Fall","GRINJ-003",13,40158,32.4,17.2,55.4
,"Nicollet County, MN","27103","2021","2021","Unintentional","1","Fall","GRINJ-003",14,34332,40.8,22.3,68.4
,"Olmsted County, MN","27109","2021","2021","Unintentional","1","Fall","GRINJ-003",36,163436,22.0,15.4,30.5
,"Olmsted County, MN","27109","2021","2021","Unintentional","1","Motor Vehicle Traffic","GRINJ-008",11,163436,6.7,3.4,12.0
,"Olmsted County, MN","27109","2021","2021","Unintentional","1","Poisoning","GRINJ-015",33,163436,20.2,13.9,28.4
,"Otter Tail County, MN","27111","2021","2021","Unintentional","1","Fall","GRINJ-003",13,60046,21.7,11.5,37.0
,"Pine County, MN","27115","2021","2021","Unintentional","1","Fall","GRINJ-003",18,29302,61.4,36.4,97.1
,"Pine County, MN","27115","2021","2021","Unintentional","1","Poisoning","GRINJ-015",13,29302,44.4,23.6,75.9
,"Ramsey County, MN","27123","2021","2021","Unintentional","1","Drowning","GRINJ-002",18,543257,3.3,2.0,5.2
,"Ramsey County, MN","27123","2021","2021","Unintentional","1","Fall","GRINJ-003",117,543257,21.5,17.6,25.4
,"Ramsey County, MN","27123","2021","2021","Unintentional","1","Motor Vehicle Traffic","GRINJ-008",49,543257,9.0,6.7,11.9
,"Ramsey County, MN","27123","2021","2021","Unintentional","1","Poisoning","GRINJ-015",207,543257,38.1,32.9,43.3
,"Ramsey County, MN","27123","2021","2021","Unintentional","1","Suffocation","GRINJ-017",14,543257,2.6,1.4,4.3
,"Ramsey County, MN","27123","2021","2021","Unintentional","1","Unspecified Injury","GRINJ-020",13,543257,2.4,1.3,4.1
,"Ramsey County, MN","27123","2021","2021","Suicide","2","Firearm","GRINJ-006",36,543257,6.6,4.6,9.2
,"Ramsey County, MN","27123","2021","2021","Suicide","2","Suffocation","GRINJ-017",21,543257,3.9,2.4,5.9
,"Ramsey County, MN","27123","2021","2021","Homicide","3","Firearm","GRINJ-006",34,543257,6.3,4.3,8.7
,"Rice County, MN","27131","2021","2021","Unintentional","1","Fall","GRINJ-003",14,67262,20.8,11.4,34.9
,"St. Louis County, MN","27137","2021","2021","Unintentional","1","Fall","GRINJ-003",55,199182,27.6,20.8,35.9
,"St. Louis County, MN","27137","2021","2021","Unintentional","1","Motor Vehicle Traffic","GRINJ-008",24,199182,12.0,7.7,17.9
,"St. Louis County, MN","27137","2021","2021","Unintentional","1","Poisoning","GRINJ-015",70,199182,35.1,27.4,44.4
,"St. Louis County, MN","27137","2021","2021","Suicide","2","Firearm","GRINJ-006",30,199182,15.1,10.2,21.5
,"St. Louis County, MN","27137","2021","2021","Suicide","2","Suffocation","GRINJ-017",10,199182,5.0,2.4,9.2
,"Scott County, MN","27139","2021","2021","Unintentional","1","Fall","GRINJ-003",39,153268,25.4,18.1,34.8
,"Scott County, MN","27139","2021","2021","Unintentional","1","Poisoning","GRINJ-015",23,153268,15.0,9.5,22.5
,"Sherburne County, MN","27141","2021","2021","Unintentional","1","Fall","GRINJ-003",16,99074,16.1,9.2,26.2
,"Stearns County, MN","27145","2021","2021","Unintentional","1","Fall","GRINJ-003",26,158947,16.4,10.7,24.0
,"Stearns County, MN","27145","2021","2021","Unintentional","1","Motor Vehicle Traffic","GRINJ-008",19,158947,12.0,7.2,18.7
,"Stearns County, MN","27145","2021","2021","Unintentional","1","Poisoning","GRINJ-015",23,158947,14.5,9.2,21.7
,"Stearns County, MN","27145","2021","2021","Suicide","2","Firearm","GRINJ-006",10,158947,6.3,3.0,11.6
,"Steele County, MN","27147","2021","2021","Unintentional","1","Fall","GRINJ-003",14,37349,37.5,20.5,62.9
,"Todd County, MN","27153","2021","2021","Unintentional","1","Motor Vehicle Traffic","GRINJ-008",10,25237,39.6,19.0,72.9
,"Wabasha County, MN","27157","2021","2021","Unintentional","1","Fall","GRINJ-003",11,21509,51.1,25.5,91.5
,"Washington County, MN","27163","2021","2021","Unintentional","1","Fall","GRINJ-003",56,272256,20.6,15.5,26.7
,"Washington County, MN","27163","2021","2021","Unintentional","1","Motor Vehicle Traffic","GRINJ-008",16,272256,5.9,3.4,9.5
,"Washington County, MN","27163","2021","2021","Unintentional","1","Poisoning","GRINJ-015",37,272256,13.6,9.6,18.7
,"Washington County, MN","27163","2021","2021","Suicide","2","Firearm","GRINJ-006",10,272256,3.7,1.8,6.8
,"Winona County, MN","27169","2021","2021","Unintentional","1","Fall","GRINJ-003",12,49630,24.2,12.5,42.2
,"Wright County, MN","27171","2021","2021","Unintentional","1","Fall","GRINJ-003",26,144845,18.0,11.7,26.3
,"Wright County, MN","27171","2021","2021","Unintentional","1","Motor Vehicle Traffic","GRINJ-008",14,144845,9.7,5.3,16.2
,"Wright County, MN","27171","2021","2021","Unintentional","1","Poisoning","GRINJ-015",17,144845,11.7,6.8,18.8
,"Wright County, MN","27171","2021","2021","Suicide","2","Firearm","GRINJ-006",10,144845,6.9,3.3,12.7
,"Bolivar County, MS","28011","2021","2021","Unintentional","1","Motor Vehicle Traffic","GRINJ-008",15,30308,49.5,27.7,81.6
,"Bolivar County, MS","28011","2021","2021","Homicide","3","Firearm","GRINJ-006",17,30308,56.1,32.7,89.8
,"Chickasaw County, MS","28017","2021","2021","Unintentional","1","Motor Vehicle Traffic","GRINJ-008",10,17011,58.8,28.2,108.1
,"Copiah County, MS","28029","2021","2021","Unintentional","1","Motor Vehicle Traffic","GRINJ-008",10,27995,35.7,17.1,65.7
,"Copiah County, MS","28029","2021","2021","Homicide","3","Firearm","GRINJ-006",11,27995,39.3,19.6,70.3
,"DeSoto County, MS","28033","2021","2021","Unintentional","1","Fall","GRINJ-003",15,188633,8.0,4.5,13.1
,"DeSoto County, MS","28033","2021","2021","Unintentional","1","Motor Vehicle Traffic","GRINJ-008",42,188633,22.3,16.0,30.1
,"DeSoto County, MS","28033","2021","2021","Unintentional","1","Poisoning","GRINJ-015",70,188633,37.1,28.9,46.9
,"DeSoto County, MS","28033","2021","2021","Suicide","2","Firearm","GRINJ-006",18,188633,9.5,5.7,15.1
,"DeSoto County, MS","28033","2021","2021","Homicide","3","Firearm","GRINJ-006",25,188633,13.3,8.6,19.6
,"Forrest County, MS","28035","2021","2021","Unintentional","1","Motor Vehicle Traffic","GRINJ-008",15,77875,19.3,10.8,31.8
,"Forrest County, MS","28035","2021","2021","Unintentional","1","Poisoning","GRINJ-015",25,77875,32.1,20.8,47.4
,"George County, MS","28039","2021","2021","Unintentional","1","Motor Vehicle Traffic","GRINJ-008",13,24762,52.5,28.0,89.8
,"Hancock County, MS","28045","2021","2021","Unintentional","1","Poisoning","GRINJ-015",20,46055,43.4,26.5,67.1
,"Hancock County, MS","28045","2021","2021","Suicide","2","Firearm","GRINJ-006",11,46055,23.9,11.9,42.7
,"Harrison County, MS","28047","2021","2021","Unintentional","1","Fall","GRINJ-003",10,209396,4.8,2.3,8.8
,"Harrison County, MS","28047","2021","2021","Unintentional","1","Motor Vehicle Traffic","GRINJ-008",33,209396,15.8,10.8,22.1
,"Harrison County, MS","28047","2021","2021","Unintentional","1","Poisoning","GRINJ-015",92,209396,43.9,35.4,53.9
,"Harrison County, MS","28047","2021","2021","Suicide","2","Firearm","GRINJ-006",24,209396,11.5,7.3,17.1
,"Harrison County, MS","28047","2021","2021","Suicide","2","Suffocation","GRINJ-017",10,209396,4.8,2.3,8.8
,"Harrison County, MS","28047","2021","2021","Homicide","3","Firearm","GRINJ-006",23,209396,11.0,7.0,16.5
,"Hinds County, MS","28049","2021","2021","Unintentional","1","Fall","GRINJ-003",13,222679,5.8,3.1,10.0
,"Hinds County, MS","28049","2021","2021","Unintentional","1","Motor Vehicle Traffic","GRINJ-008",56,222679,25.1,19.0,32.7
,"Hinds County, MS","28049","2021","2021","Unintentional","1","Poisoning","GRINJ-015",53,222679,23.8,17.8,31.1
,"Hinds County, MS","28049","2021","2021","Suicide","2","Firearm","GRINJ-006",27,222679,12.1,8.0,17.6
,"Hinds County, MS","28049","2021","2021","Homicide","3","Firearm","GRINJ-006",126,222679,56.6,46.7,66.5
,"Jackson County, MS","28059","2021","2021","Unintentional","1","Fall","GRINJ-003",22,143987,15.3,9.6,23.1
,"Jackson County, MS","28059","2021","2021","Unintentional","1","Motor Vehicle Traffic","GRINJ-008",29,143987,20.1,13.5,28.9
,"Jackson County, MS","28059","2021","2021","Unintentional","1","Poisoning","GRINJ-015",79,143987,54.9,43.4,68.4
,"Jackson County, MS","28059","2021","2021","Suicide","2","Firearm","GRINJ-006",15,143987,10.4,5.8,17.2
,"Jackson County, MS","28059","2021","2021","Homicide","3","Firearm","GRINJ-006",21,143987,14.6,9.0,22.3
,"Jefferson Davis County, MS","28065","2021","2021","Unintentional","1","Motor Vehicle Traffic","GRINJ-008",15,11134,134.7,75.4,222.2
,"Jones County, MS","28067","2021","2021","Unintentional","1","Motor Vehicle Traffic","GRINJ-008",20,66744,30.0,18.3,46.3
,"Jones County, MS","28067","2021","2021","Unintentional","1","Poisoning","GRINJ-015",10,66744,15.0,7.2,27.6
,"Jones County, MS","28067","2021","2021","Suicide","2","Firearm","GRINJ-006",13,66744,19.5,10.4,33.3
,"Jones County, MS","28067","2021","2021","Homicide","3","Firearm","GRINJ-006",12,66744,18.0,9.3,31.4
,"Lafayette County, MS","28071","2021","2021","Unintentional","1","Motor Vehicle Traffic","GRINJ-008",19,56884,33.4,20.1,52.2
,"Lafayette County, MS","28071","2021","2021","Unintentional","1","Poisoning","GRINJ-015",12,56884,21.1,10.9,36.8
,"Lamar County, MS","28073","2021","2021","Unintentional","1","Motor Vehicle Traffic","GRINJ-008",11,65353,16.8,8.4,30.1
,"Lamar County, MS","28073","2021","2021","Unintentional","1","Poisoning","GRINJ-015",21,65353,32.1,19.9,49.1
,"Lauderdale County, MS","28075","2021","2021","Unintentional","1","Motor Vehicle Traffic","GRINJ-008",20,72088,27.7,16.9,42.8
,"Lauderdale County, MS","28075","2021","2021","Homicide","3","Firearm","GRINJ-006",21,72088,29.1,18.0,44.5
,"Lee County, MS","28081","2021","2021","Unintentional","1","Fall","GRINJ-003",21,82883,25.3,15.7,38.7
,"Lee County, MS","28081","2021","2021","Unintentional","1","Motor Vehicle Traffic","GRINJ-008",25,82883,30.2,19.5,44.5
,"Lee County, MS","28081","2021","2021","Unintentional","1","Poisoning","GRINJ-015",19,82883,22.9,13.8,35.8
,"Leflore County, MS","28083","2021","2021","Homicide","3","Firearm","GRINJ-006",17,27557,61.7,35.9,98.8
,"Lincoln County, MS","28085","2021","2021","Unintentional","1","Motor Vehicle Traffic","GRINJ-008",12,34943,34.3,17.7,60.0
,"Lowndes County, MS","28087","2021","2021","Unintentional","1","Motor Vehicle Traffic","GRINJ-008",12,58150,20.6,10.7,36.0
,"Lowndes County, MS","28087","2021","2021","Unintentional","1","Poisoning","GRINJ-015",19,58150,32.7,19.7,51.0
,"Lowndes County, MS","28087","2021","2021","Homicide","3","Firearm","GRINJ-006",11,58150,18.9,9.4,33.8
,"Madison County, MS","28089","2021","2021","Unintentional","1","Fall","GRINJ-003",12,109813,10.9,5.6,19.1
,"Madison County, MS","28089","2021","2021","Unintentional","1","Motor Vehicle Traffic","GRINJ-008",16,109813,14.6,8.3,23.7
,"Madison County, MS","28089","2021","2021","Unintentional","1","Poisoning","GRINJ-015",18,109813,16.4,9.7,25.9
,"Madison County, MS","28089","2021","2021","Homicide","3","Firearm","GRINJ-006",18,109813,16.4,9.7,25.9
,"Marion County, MS","28091","2021","2021","Unintentional","1","Motor Vehicle Traffic","GRINJ-008",14,24378,57.4,31.4,96.4
,"Marshall County, MS","28093","2021","2021","Unintentional","1","Motor Vehicle Traffic","GRINJ-008",11,33725,32.6,16.3,58.4
,"Monroe County, MS","28095","2021","2021","Unintentional","1","Motor Vehicle Traffic","GRINJ-008",13,33883,38.4,20.4,65.6
,"Neshoba County, MS","28099","2021","2021","Unintentional","1","Motor Vehicle Traffic","GRINJ-008",12,28993,41.4,21.4,72.3
,"Newton County, MS","28101","2021","2021","Unintentional","1","Motor Vehicle Traffic","GRINJ-008",12,21056,57.0,29.4,99.6
,"Oktibbeha County, MS","28105","2021","2021","Unintentional","1","Motor Vehicle Traffic","GRINJ-008",13,51842,25.1,13.4,42.9
,"Panola County, MS","28107","2021","2021","Unintentional","1","Motor Vehicle Traffic","GRINJ-008",16,32851,48.7,27.8,79.1
,"Pearl River County, MS","28109","2021","2021","Unintentional","1","Motor Vehicle Traffic","GRINJ-008",12,56503,21.2,11.0,37.1
,"Pearl River County, MS","28109","2021","2021","Unintentional","1","Poisoning","GRINJ-015",48,56503,85.0,62.6,112.6
,"Pike County, MS","28113","2021","2021","Unintentional","1","Motor Vehicle Traffic","GRINJ-008",12,39973,30.0,15.5,52.4
,"Pike County, MS","28113","2021","2021","Unintentional","1","Poisoning","GRINJ-015",15,39973,37.5,21.0,61.9
,"Rankin County, MS","28121","2021","2021","Unintentional","1","Fall","GRINJ-003",20,158096,12.7,7.7,19.5
,"Rankin County, MS","28121","2021","2021","Unintentional","1","Motor Vehicle Traffic","GRINJ-008",18,158096,11.4,6.7,18.0
,"Rankin County, MS","28121","2021","2021","Unintentional","1","Poisoning","GRINJ-015",40,158096,25.3,18.1,34.5
,"Rankin County, MS","28121","2021","2021","Suicide","2","Firearm","GRINJ-006",14,158096,8.9,4.8,14.9
,"Scott County, MS","28123","2021","2021","Unintentional","1","Motor Vehicle Traffic","GRINJ-008",24,27598,87.0,55.7,129.4
,"Simpson County, MS","28127","2021","2021","Unintentional","1","Motor Vehicle Traffic","GRINJ-008",14,25750,54.4,29.7,91.2
,"Stone County, MS","28131","2021","2021","Unintentional","1","Motor Vehicle Traffic","GRINJ-008",10,18644,53.6,25.7,98.6
,"Sunflower County, MS","28133","2021","2021","Homicide","3","Firearm","GRINJ-006",10,25402,39.4,18.9,72.4
,"Tate County, MS","28137","2021","2021","Unintentional","1","Poisoning","GRINJ-015",11,28234,39.0,19.4,69.7
,"Warren County, MS","28149","2021","2021","Unintentional","1","Motor Vehicle Traffic","GRINJ-008",12,43579,27.5,14.2,48.1
,"Washington County, MS","28151","2021","2021","Unintentional","1","Motor Vehicle Traffic","GRINJ-008",16,43687,36.6,20.9,59.5
,"Washington County, MS","28151","2021","2021","Homicide","3","Firearm","GRINJ-006",36,43687,82.4,57.7,114.1
,"Yazoo County, MS","28163","2021","2021","Unintentional","1","Poisoning","GRINJ-015",12,26373,45.5,23.5,79.5
,"Yazoo County, MS","28163","2021","2021","Homicide","3","Firearm","GRINJ-006",10,26373,37.9,18.2,69.7
,"Boone County, MO","29019","2021","2021","Unintentional","1","Motor Vehicle Traffic","GRINJ-008",17,185840,9.1,5.3,14.6
,"Boone County, MO","29019","2021","2021","Unintentional","1","Poisoning","GRINJ-015",53,185840,28.5,21.4,37.3
,"Boone County, MO","29019","2021","2021","Suicide","2","Firearm","GRINJ-006",22,185840,11.8,7.4,17.9
,"Boone County, MO","29019","2021","2021","Suicide","2","Suffocation","GRINJ-017",10,185840,5.4,2.6,9.9
,"Boone County, MO","29019","2021","2021","Homicide","3","Firearm","GRINJ-006",11,185840,5.9,3.0,10.6
,"Buchanan County, MO","29021","2021","2021","Unintentional","1","Fall","GRINJ-003",12,83853,14.3,7.4,25.0
,"Buchanan County, MO","29021","2021","2021","Unintentional","1","Motor Vehicle Traffic","GRINJ-008",18,83853,21.5,12.7,33.9
,"Buchanan County, MO","29021","2021","2021","Unintentional","1","Poisoning","GRINJ-015",29,83853,34.6,23.2,49.7
,"Buchanan County, MO","29021","2021","2021","Suicide","2","Firearm","GRINJ-006",11,83853,13.1,6.5,23.5
,"Butler County, MO","29023","2021","2021","Unintentional","1","Poisoning","GRINJ-015",21,42101,49.9,30.9,76.2
,"Callaway County, MO","29027","2021","2021","Unintentional","1","Motor Vehicle Traffic","GRINJ-008",12,44638,26.9,13.9,47.0
,"Callaway County, MO","29027","2021","2021","Unintentional","1","Poisoning","GRINJ-015",14,44638,31.4,17.1,52.6
,"Camden County, MO","29029","2021","2021","Unintentional","1","Poisoning","GRINJ-015",15,43436,34.5,19.3,57.0
,"Cape Girardeau County, MO","29031","2021","2021","Unintentional","1","Motor Vehicle Traffic","GRINJ-008",12,82113,14.6,7.6,25.5
,"Cape Girardeau County, MO","29031","2021","2021","Suicide","2","Firearm","GRINJ-006",10,82113,12.2,5.8,22.4
,"Cass County, MO","29037","2021","2021","Unintentional","1","Fall","GRINJ-003",18,109638,16.4,9.7,25.9
,"Cass County, MO","29037","2021","2021","Unintentional","1","Motor Vehicle Traffic","GRINJ-008",13,109638,11.9,6.3,20.3
,"Cass County, MO","29037","2021","2021","Unintentional","1","Poisoning","GRINJ-015",18,109638,16.4,9.7,25.9
,"Cass County, MO","29037","2021","2021","Suicide","2","Firearm","GRINJ-006",11,109638,10.0,5.0,18.0
,"Christian County, MO","29043","2021","2021","Unintentional","1","Poisoning","GRINJ-015",20,91499,21.9,13.4,33.8
,"Christian County, MO","29043","2021","2021","Suicide","2","Firearm","GRINJ-006",12,91499,13.1,6.8,22.9
,"Clay County, MO","29047","2021","2021","Unintentional","1","Fall","GRINJ-003",39,255518,15.3,10.9,20.9
,"Clay County, MO","29047","2021","2021","Unintentional","1","Motor Vehicle Traffic","GRINJ-008",21,255518,8.2,5.1,12.6
,"Clay County, MO","29047","2021","2021","Unintentional","1","Poisoning","GRINJ-015",53,255518,20.7,15.5,27.1
,"Clay County, MO","29047","2021","2021","Suicide","2","Firearm","GRINJ-006",28,255518,11.0,7.3,15.8
,"Clay County, MO","29047","2021","2021","Suicide","2","Suffocation","GRINJ-017",12,255518,4.7,2.4,8.2
,"Cole County, MO","29051","2021","2021","Unintentional","1","Poisoning","GRINJ-015",14,77205,18.1,9.9,30.4
,"Crawford County, MO","29055","2021","2021","Unintentional","1","Poisoning","GRINJ-015",14,22807,61.4,33.6,103.0
,"Dent County, MO","29065","2021","2021","Unintentional","1","Poisoning","GRINJ-015",14,14432,97.0,53.0,162.8
,"Franklin County, MO","29071","2021","2021","Unintentional","1","Fall","GRINJ-003",40,105231,38.0,27.2,51.8
,"Franklin County, MO","29071","2021","2021","Unintentional","1","Motor Vehicle Traffic","GRINJ-008",23,105231,21.9,13.9,32.8
,"Franklin County, MO","29071","2021","2021","Unintentional","1","Poisoning","GRINJ-015",45,105231,42.8,31.2,57.2
,"Franklin County, MO","29071","2021","2021","Suicide","2","Firearm","GRINJ-006",15,105231,14.3,8.0,23.5
,"Greene County, MO","29077","2021","2021","Unintentional","1","Fall","GRINJ-003",43,300865,14.3,10.3,19.3
,"Greene County, MO","29077","2021","2021","Unintentional","1","Motor Vehicle Traffic","GRINJ-008",43,300865,14.3,10.3,19.3
,"Greene County, MO","29077","2021","2021","Unintentional","1","Poisoning","GRINJ-015",139,300865,46.2,38.5,53.9
,"Greene County, MO","29077","2021","2021","Unintentional","1","Unspecified Injury","GRINJ-020",11,300865,3.7,1.8,6.5
,"Greene County, MO","29077","2021","2021","Suicide","2","Firearm","GRINJ-006",44,300865,14.6,10.6,19.6
,"Greene County, MO","29077","2021","2021","Suicide","2","Suffocation","GRINJ-017",14,300865,4.7,2.5,7.8
,"Greene County, MO","29077","2021","2021","Homicide","3","Firearm","GRINJ-006",23,300865,7.6,4.8,11.5
,"Howell County, MO","29091","2021","2021","Unintentional","1","Motor Vehicle Traffic","GRINJ-008",10,39975,25.0,12.0,46.0
,"Jackson County, MO","29095","2021","2021","Unintentional","1","Drowning","GRINJ-002",10,716862,1.4,0.7,2.6
,"Jackson County, MO","29095","2021","2021","Unintentional","1","Fall","GRINJ-003",110,716862,15.3,12.5,18.2
,"Jackson County, MO","29095","2021","2021","Unintentional","1","Fire/Flame","GRINJ-004",13,716862,1.8,1.0,3.1
,"Jackson County, MO","29095","2021","2021","Unintentional","1","Motor Vehicle Traffic","GRINJ-008",102,716862,14.2,11.5,17.0
,"Jackson County, MO","29095","2021","2021","Unintentional","1","Poisoning","GRINJ-015",244,716862,34.0,29.8,38.3
,"Jackson County, MO","29095","2021","2021","Unintentional","1","Suffocation","GRINJ-017",30,716862,4.2,2.8,6.0
,"Jackson County, MO","29095","2021","2021","Unintentional","1","Unspecified Injury","GRINJ-020",19,716862,2.7,1.6,4.1
,"Jackson County, MO","29095","2021","2021","Suicide","2","Firearm","GRINJ-006",96,716862,13.4,10.8,16.4
,"Jackson County, MO","29095","2021","2021","Suicide","2","Poisoning","GRINJ-015",15,716862,2.1,1.2,3.5
,"Jackson County, MO","29095","2021","2021","Suicide","2","Suffocation","GRINJ-017",42,716862,5.9,4.2,7.9
,"Jackson County, MO","29095","2021","2021","Homicide","3","Firearm","GRINJ-006",167,716862,23.3,19.8,26.8
,"Jasper County, MO","29097","2021","2021","Unintentional","1","Motor Vehicle Traffic","GRINJ-008",21,123155,17.1,10.6,26.1
,"Jasper County, MO","29097","2021","2021","Unintentional","1","Poisoning","GRINJ-015",25,123155,20.3,13.1,30.0
,"Jasper County, MO","29097","2021","2021","Suicide","2","Firearm","GRINJ-006",15,123155,12.2,6.8,20.1
,"Jefferson County, MO","29099","2021","2021","Unintentional","1","Fall","GRINJ-003",53,227771,23.3,17.4,30.4
,"Jefferson County, MO","29099","2021","2021","Unintentional","1","Motor Vehicle Traffic","GRINJ-008",39,227771,17.1,12.2,23.4
,"Jefferson County, MO","29099","2021","2021","Unintentional","1","Poisoning","GRINJ-015",109,227771,47.9,38.9,56.8
,"Jefferson County, MO","29099","2021","2021","Unintentional","1","Unspecified Injury","GRINJ-020",10,227771,4.4,2.1,8.1
,"Jefferson County, MO","29099","2021","2021","Suicide","2","Firearm","GRINJ-006",28,227771,12.3,8.2,17.8
,"Jefferson County, MO","29099","2021","2021","Suicide","2","Suffocation","GRINJ-017",14,227771,6.1,3.4,10.3
,"Johnson County, MO","29101","2021","2021","Unintentional","1","Motor Vehicle Traffic","GRINJ-008",12,54150,22.2,11.5,38.7
,"Johnson County, MO","29101","2021","2021","Unintentional","1","Poisoning","GRINJ-015",11,54150,20.3,10.1,36.3
,"Johnson County, MO","29101","2021","2021","Suicide","2","Firearm","GRINJ-006",11,54150,20.3,10.1,36.3
,"Lawrence County, MO","29109","2021","2021","Unintentional","1","Motor Vehicle Traffic","GRINJ-008",10,38321,26.1,12.5,48.0
,"Lincoln County, MO","29113","2021","2021","Unintentional","1","Motor Vehicle Traffic","GRINJ-008",20,61586,32.5,19.8,50.2
,"Lincoln County, MO","29113","2021","2021","Unintentional","1","Poisoning","GRINJ-015",15,61586,24.4,13.6,40.2
,"Newton County, MO","29145","2021","2021","Unintentional","1","Motor Vehicle Traffic","GRINJ-008",13,59386,21.9,11.7,37.4
,"Newton County, MO","29145","2021","2021","Unintentional","1","Poisoning","GRINJ-015",20,59386,33.7,20.6,52.0
,"Phelps County, MO","29161","2021","2021","Unintentional","1","Poisoning","GRINJ-015",29,44937,64.5,43.2,92.7
,"Phelps County, MO","29161","2021","2021","Suicide","2","Firearm","GRINJ-006",10,44937,22.3,10.7,40.9
,"Platte County, MO","29165","2021","2021","Unintentional","1","Fall","GRINJ-003",19,108569,17.5,10.5,27.3
,"Platte County, MO","29165","2021","2021","Unintentional","1","Poisoning","GRINJ-015",24,108569,22.1,14.2,32.9
,"Pulaski County, MO","29169","2021","2021","Unintentional","1","Poisoning","GRINJ-015",27,53816,50.2,33.1,73.0
,"Pulaski County, MO","29169","2021","2021","Suicide","2","Firearm","GRINJ-006",10,53816,18.6,8.9,34.2
,"Ripley County, MO","29181","2021","2021","Unintentional","1","Motor Vehicle Traffic","GRINJ-008",10,10617,94.2,45.2,173.2
,"St. Charles County, MO","29183","2021","2021","Unintentional","1","Fall","GRINJ-003",103,409981,25.1,20.3,30.0
,"St. Charles County, MO","29183","2021","2021","Unintentional","1","Motor Vehicle Traffic","GRINJ-008",29,409981,7.1,4.7,10.2
,"St. Charles County, MO","29183","2021","2021","Unintentional","1","Poisoning","GRINJ-015",112,409981,27.3,22.3,32.4
,"St. Charles County, MO","29183","2021","2021","Suicide","2","Firearm","GRINJ-006",39,409981,9.5,6.8,13.0
,"St. Charles County, MO","29183","2021","2021","Suicide","2","Suffocation","GRINJ-017",10,409981,2.4,1.2,4.5
,"St. Francois County, MO","29187","2021","2021","Unintentional","1","Motor Vehicle Traffic","GRINJ-008",19,67541,28.1,16.9,43.9
,"St. Francois County, MO","29187","2021","2021","Unintentional","1","Poisoning","GRINJ-015",44,67541,65.1,47.3,87.5
,"St. Louis County, MO","29189","2021","2021","Unintentional","1","Drowning","GRINJ-002",13,997187,1.3,0.7,2.2
,"St. Louis County, MO","29189","2021","2021","Unintentional","1","Fall","GRINJ-003",150,997187,15.0,12.6,17.4
,"St. Louis County, MO","29189","2021","2021","Unintentional","1","Motor Vehicle Traffic","GRINJ-008",151,997187,15.1,12.7,17.6
,"St. Louis County, MO","29189","2021","2021","Unintentional","1","Poisoning","GRINJ-015",394,997187,39.5,35.6,43.4
,"St. Louis County, MO","29189","2021","2021","Unintentional","1","Suffocation","GRINJ-017",22,997187,2.2,1.4,3.3
,"St. Louis County, MO","29189","2021","2021","Unintentional","1","Unspecified Injury","GRINJ-020",28,997187,2.8,1.9,4.1
,"St. Louis County, MO","29189","2021","2021","Suicide","2","Firearm","GRINJ-006",89,997187,8.9,7.2,11.0
,"St. Louis County, MO","29189","2021","2021","Suicide","2","Poisoning","GRINJ-015",14,997187,1.4,0.8,2.4
,"St. Louis County, MO","29189","2021","2021","Suicide","2","Suffocation","GRINJ-017",34,997187,3.4,2.4,4.8
,"St. Louis County, MO","29189","2021","2021","Homicide","3","Firearm","GRINJ-006",158,997187,15.8,13.4,18.3
,"Taney County, MO","29213","2021","2021","Unintentional","1","Motor Vehicle Traffic","GRINJ-008",11,56387,19.5,9.7,34.9
,"Taney County, MO","29213","2021","2021","Unintentional","1","Poisoning","GRINJ-015",27,56387,47.9,31.6,69.7
,"Texas County, MO","29215","2021","2021","Unintentional","1","Poisoning","GRINJ-015",15,24987,60.0,33.6,99.0
,"Warren County, MO","29219","2021","2021","Unintentional","1","Fall","GRINJ-003",10,36518,27.4,13.1,50.4
,"Warren County, MO","29219","2021","2021","Unintentional","1","Poisoning","GRINJ-015",18,36518,49.3,29.2,77.9
,"Washington County, MO","29221","2021","2021","Unintentional","1","Poisoning","GRINJ-015",17,23502,72.3,42.1,115.8
,"Webster County, MO","29225","2021","2021","Unintentional","1","Motor Vehicle Traffic","GRINJ-008",11,39735,27.7,13.8,49.5
,"St. Louis city, MO","29510","2021","2021","Unintentional","1","Fall","GRINJ-003",20,293310,6.8,4.2,10.5
,"St. Louis city, MO","29510","2021","2021","Unintentional","1","Motor Vehicle Traffic","GRINJ-008",51,293310,17.4,12.9,22.9
,"St. Louis city, MO","29510","2021","2021","Unintentional","1","Poisoning","GRINJ-015",282,293310,96.1,84.9,107.4
,"St. Louis city, MO","29510","2021","2021","Unintentional","1","Suffocation","GRINJ-017",13,293310,4.4,2.4,7.6
,"St. Louis city, MO","29510","2021","2021","Suicide","2","Firearm","GRINJ-006",21,293310,7.2,4.4,10.9
,"St. Louis city, MO","29510","2021","2021","Homicide","3","Firearm","GRINJ-006",145,293310,49.4,41.4,57.5
,"Cascade County, MT","30013","2021","2021","Unintentional","1","Fall","GRINJ-003",21,84511,24.8,15.4,38.0
,"Cascade County, MT","30013","2021","2021","Unintentional","1","Motor Vehicle Traffic","GRINJ-008",15,84511,17.7,9.9,29.3
,"Cascade County, MT","30013","2021","2021","Suicide","2","Firearm","GRINJ-006",14,84511,16.6,9.1,27.8
,"Flathead County, MT","30029","2021","2021","Unintentional","1","Fall","GRINJ-003",21,108454,19.4,12.0,29.6
,"Flathead County, MT","30029","2021","2021","Unintentional","1","Motor Vehicle Traffic","GRINJ-008",26,108454,24.0,15.7,35.1
,"Flathead County, MT","30029","2021","2021","Unintentional","1","Poisoning","GRINJ-015",17,108454,15.7,9.1,25.1
,"Flathead County, MT","30029","2021","2021","Suicide","2","Firearm","GRINJ-006",32,108454,29.5,20.2,41.7
,"Gallatin County, MT","30031","2021","2021","Unintentional","1","Fall","GRINJ-003",12,122713,9.8,5.1,17.1
,"Gallatin County, MT","30031","2021","2021","Unintentional","1","Motor Vehicle Traffic","GRINJ-008",15,122713,12.2,6.8,20.2
,"Gallatin County, MT","30031","2021","2021","Suicide","2","Firearm","GRINJ-006",24,122713,19.6,12.5,29.1
,"Lake County, MT","30047","2021","2021","Unintentional","1","Motor Vehicle Traffic","GRINJ-008",14,32033,43.7,23.9,73.3
,"Lake County, MT","30047","2021","2021","Unintentional","1","Poisoning","GRINJ-015",13,32033,40.6,21.6,69.4
,"Lewis and Clark County, MT","30049","2021","2021","Unintentional","1","Fall","GRINJ-003",20,72223,27.7,16.9,42.8
,"Lewis and Clark County, MT","30049","2021","2021","Unintentional","1","Motor Vehicle Traffic","GRINJ-008",13,72223,18.0,9.6,30.8
,"Lewis and Clark County, MT","30049","2021","2021","Suicide","2","Firearm","GRINJ-006",11,72223,15.2,7.6,27.3
,"Missoula County, MT","30063","2021","2021","Unintentional","1","Fall","GRINJ-003",17,119533,14.2,8.3,22.8
,"Missoula County, MT","30063","2021","2021","Unintentional","1","Motor Vehicle Traffic","GRINJ-008",21,119533,17.6,10.9,26.9
,"Missoula County, MT","30063","2021","2021","Unintentional","1","Poisoning","GRINJ-015",19,119533,15.9,9.6,24.8
,"Missoula County, MT","30063","2021","2021","Suicide","2","Firearm","GRINJ-006",21,119533,17.6,10.9,26.9
,"Ravalli County, MT","30081","2021","2021","Unintentional","1","Fall","GRINJ-003",24,45959,52.2,33.5,77.7
,"Ravalli County, MT","30081","2021","2021","Unintentional","1","Motor Vehicle Traffic","GRINJ-008",11,45959,23.9,11.9,42.8
,"Ravalli County, MT","30081","2021","2021","Suicide","2","Firearm","GRINJ-006",15,45959,32.6,18.3,53.8
,"Silver Bow County, MT","30093","2021","2021","Unintentional","1","Poisoning","GRINJ-015",22,35411,62.1,38.9,94.1
,"Silver Bow County, MT","30093","2021","2021","Suicide","2","Firearm","GRINJ-006",11,35411,31.1,15.5,55.6
,"Yellowstone County, MT","30111","2021","2021","Unintentional","1","Fall","GRINJ-003",34,167146,20.3,14.1,28.4
,"Yellowstone County, MT","30111","2021","2021","Unintentional","1","Motor Vehicle Traffic","GRINJ-008",34,167146,20.3,14.1,28.4
,"Yellowstone County, MT","30111","2021","2021","Unintentional","1","Poisoning","GRINJ-015",54,167146,32.3,24.3,42.2
,"Yellowstone County, MT","30111","2021","2021","Suicide","2","Firearm","GRINJ-006",28,167146,16.8,11.1,24.2
,"Yellowstone County, MT","30111","2021","2021","Suicide","2","Suffocation","GRINJ-017",11,167146,6.6,3.3,11.8
,"Dodge County, NE","31053","2021","2021","Unintentional","1","Motor Vehicle Traffic","GRINJ-008",11,37103,29.6,14.8,53.0
,"Douglas County, NE","31055","2021","2021","Unintentional","1","Fall","GRINJ-003",47,585008,8.0,5.9,10.7
,"Douglas County, NE","31055","2021","2021","Unintentional","1","Motor Vehicle Traffic","GRINJ-008",53,585008,9.1,6.8,11.9
,"Douglas County, NE","31055","2021","2021","Unintentional","1","Poisoning","GRINJ-015",88,585008,15.0,12.1,18.5
,"Douglas County, NE","31055","2021","2021","Unintentional","1","Suffocation","GRINJ-017",19,585008,3.2,2.0,5.1
,"Douglas County, NE","31055","2021","2021","Suicide","2","Firearm","GRINJ-006",39,585008,6.7,4.7,9.1
,"Douglas County, NE","31055","2021","2021","Suicide","2","Poisoning","GRINJ-015",10,585008,1.7,0.8,3.1
,"Douglas County, NE","31055","2021","2021","Suicide","2","Suffocation","GRINJ-017",25,585008,4.3,2.8,6.3
,"Douglas County, NE","31055","2021","2021","Homicide","3","Firearm","GRINJ-006",27,585008,4.6,3.0,6.7
,"Hall County, NE","31079","2021","2021","Unintentional","1","Fall","GRINJ-003",10,61979,16.1,7.7,29.7
,"Hall County, NE","31079","2021","2021","Unintentional","1","Motor Vehicle Traffic","GRINJ-008",10,61979,16.1,7.7,29.7
,"Lancaster County, NE","31109","2021","2021","Unintentional","1","Fall","GRINJ-003",27,324514,8.3,5.5,12.1
,"Lancaster County, NE","31109","2021","2021","Unintentional","1","Motor Vehicle Traffic","GRINJ-008",17,324514,5.2,3.1,8.4
,"Lancaster County, NE","31109","2021","2021","Unintentional","1","Poisoning","GRINJ-015",45,324514,13.9,10.1,18.6
,"Lancaster County, NE","31109","2021","2021","Suicide","2","Firearm","GRINJ-006",22,324514,6.8,4.2,10.3
,"Lancaster County, NE","31109","2021","2021","Suicide","2","Suffocation","GRINJ-017",12,324514,3.7,1.9,6.5
,"Sarpy County, NE","31153","2021","2021","Unintentional","1","Fall","GRINJ-003",14,193418,7.2,4.0,12.1
,"Sarpy County, NE","31153","2021","2021","Unintentional","1","Motor Vehicle Traffic","GRINJ-008",13,193418,6.7,3.6,11.5
,"Sarpy County, NE","31153","2021","2021","Unintentional","1","Poisoning","GRINJ-015",12,193418,6.2,3.2,10.8
,"Sarpy County, NE","31153","2021","2021","Suicide","2","Firearm","GRINJ-006",10,193418,5.2,2.5,9.5
,"Clark County, NV","32003","2021","2021","Unintentional","1","Drowning","GRINJ-002",41,2292476,1.8,1.3,2.4
,"Clark County, NV","32003","2021","2021","Unintentional","1","Fall","GRINJ-003",228,2292476,9.9,8.7,11.2
,"Clark County, NV","32003","2021","2021","Unintentional","1","Fire/Flame","GRINJ-004",19,2292476,0.8,0.5,1.3
,"Clark County, NV","32003","2021","2021","Unintentional","1","Motor Vehicle Traffic","GRINJ-008",271,2292476,11.8,10.4,13.2
,"Clark County, NV","32003","2021","2021","Unintentional","1","Natural/Environmental","GRINJ-013",98,2292476,4.3,3.5,5.2
,"Clark County, NV","32003","2021","2021","Unintentional","1","Poisoning","GRINJ-015",620,2292476,27.0,24.9,29.2
,"Clark County, NV","32003","2021","2021","Unintentional","1","Suffocation","GRINJ-017",50,2292476,2.2,1.6,2.9
,"Clark County, NV","32003","2021","2021","Unintentional","1","Unspecified Injury","GRINJ-020",17,2292476,0.7,0.4,1.2
,"Clark County, NV","32003","2021","2021","Suicide","2","Fall","GRINJ-003",15,2292476,0.7,0.4,1.1
,"Clark County, NV","32003","2021","2021","Suicide","2","Firearm","GRINJ-006",257,2292476,11.2,9.8,12.6
,"Clark County, NV","32003","2021","2021","Suicide","2","Poisoning","GRINJ-015",66,2292476,2.9,2.2,3.7
,"Clark County, NV","32003","2021","2021","Suicide","2","Suffocation","GRINJ-017",83,2292476,3.6,2.9,4.5
,"Clark County, NV","32003","2021","2021","Homicide","3","Cut/Pierce","GRINJ-001",15,2292476,0.7,0.4,1.1
,"Clark County, NV","32003","2021","2021","Homicide","3","Firearm","GRINJ-006",159,2292476,6.9,5.9,8.0
,"Clark County, NV","32003","2021","2021","Homicide","3","Unspecified Injury","GRINJ-020",21,2292476,0.9,0.6,1.4
,"Douglas County, NV","32005","2021","2021","Unintentional","1","Fall","GRINJ-003",10,49870,20.1,9.6,36.9
,"Elko County, NV","32007","2021","2021","Unintentional","1","Motor Vehicle Traffic","GRINJ-008",10,53915,18.5,8.9,34.1
,"Elko County, NV","32007","2021","2021","Unintentional","1","Poisoning","GRINJ-015",11,53915,20.4,10.2,36.5
,"Elko County, NV","32007","2021","2021","Suicide","2","Firearm","GRINJ-006",18,53915,33.4,19.8,52.8
,"Lyon County, NV","32019","2021","2021","Unintentional","1","Fall","GRINJ-003",14,60903,23.0,12.6,38.6
,"Lyon County, NV","32019","2021","2021","Unintentional","1","Motor Vehicle Traffic","GRINJ-008",17,60903,27.9,16.3,44.7
,"Lyon County, NV","32019","2021","2021","Unintentional","1","Poisoning","GRINJ-015",14,60903,23.0,12.6,38.6
,"Lyon County, NV","32019","2021","2021","Suicide","2","Firearm","GRINJ-006",20,60903,32.8,20.1,50.7
,"Nye County, NV","32023","2021","2021","Unintentional","1","Fall","GRINJ-003",11,53450,20.6,10.3,36.8
,"Nye County, NV","32023","2021","2021","Unintentional","1","Motor Vehicle Traffic","GRINJ-008",12,53450,22.5,11.6,39.2
,"Nye County, NV","32023","2021","2021","Unintentional","1","Poisoning","GRINJ-015",24,53450,44.9,28.8,66.8
,"Nye County, NV","32023","2021","2021","Suicide","2","Firearm","GRINJ-006",17,53450,31.8,18.5,50.9
,"Washoe County, NV","32031","2021","2021","Unintentional","1","Fall","GRINJ-003",83,493392,16.8,13.4,20.9
,"Washoe County, NV","32031","2021","2021","Unintentional","1","Motor Vehicle Traffic","GRINJ-008",57,493392,11.6,8.7,15.0
,"Washoe County, NV","32031","2021","2021","Unintentional","1","Poisoning","GRINJ-015",174,493392,35.3,30.0,40.5
,"Washoe County, NV","32031","2021","2021","Unintentional","1","Suffocation","GRINJ-017",14,493392,2.8,1.6,4.8
,"Washoe County, NV","32031","2021","2021","Suicide","2","Firearm","GRINJ-006",64,493392,13.0,10.0,16.6
,"Washoe County, NV","32031","2021","2021","Suicide","2","Poisoning","GRINJ-015",19,493392,3.9,2.3,6.0
,"Washoe County, NV","32031","2021","2021","Suicide","2","Suffocation","GRINJ-017",21,493392,4.3,2.6,6.5
,"Washoe County, NV","32031","2021","2021","Homicide","3","Firearm","GRINJ-006",33,493392,6.7,4.6,9.4
,"Carson City, NV","32510","2021","2021","Unintentional","1","Fall","GRINJ-003",16,58993,27.1,15.5,44.0
,"Carson City, NV","32510","2021","2021","Unintentional","1","Poisoning","GRINJ-015",12,58993,20.3,10.5,35.5
,"Carson City, NV","32510","2021","2021","Suicide","2","Firearm","GRINJ-006",20,58993,33.9,20.7,52.4
,"Belknap County, NH","33001","2021","2021","Unintentional","1","Fall","GRINJ-003",18,64460,27.9,16.5,44.1
,"Belknap County, NH","33001","2021","2021","Unintentional","1","Poisoning","GRINJ-015",26,64460,40.3,26.3,59.1
,"Carroll County, NH","33003","2021","2021","Unintentional","1","Poisoning","GRINJ-015",13,51500,25.2,13.4,43.2
,"Cheshire County, NH","33005","2021","2021","Unintentional","1","Fall","GRINJ-003",12,77329,15.5,8.0,27.1
,"Cheshire County, NH","33005","2021","2021","Unintentional","1","Poisoning","GRINJ-015",19,77329,24.6,14.8,38.4
,"Coos County, NH","33007","2021","2021","Unintentional","1","Fall","GRINJ-003",16,31289,51.1,29.2,83.0
,"Coos County, NH","33007","2021","2021","Unintentional","1","Poisoning","GRINJ-015",19,31289,60.7,36.6,94.8
,"Grafton County, NH","33009","2021","2021","Unintentional","1","Fall","GRINJ-003",20,92201,21.7,13.2,33.5
,"Grafton County, NH","33009","2021","2021","Unintentional","1","Poisoning","GRINJ-015",21,92201,22.8,14.1,34.8
,"Grafton County, NH","33009","2021","2021","Suicide","2","Firearm","GRINJ-006",11,92201,11.9,6.0,21.3
,"Hillsborough County, NH","33011","2021","2021","Unintentional","1","Drowning","GRINJ-002",10,424079,2.4,1.1,4.3
,"Hillsborough County, NH","33011","2021","2021","Unintentional","1","Fall","GRINJ-003",69,424079,16.3,12.7,20.6
,"Hillsborough County, NH","33011","2021","2021","Unintentional","1","Motor Vehicle Traffic","GRINJ-008",42,424079,9.9,7.1,13.4
,"Hillsborough County, NH","33011","2021","2021","Unintentional","1","Poisoning","GRINJ-015",144,424079,34.0,28.4,39.5
,"Hillsborough County, NH","33011","2021","2021","Suicide","2","Firearm","GRINJ-006",29,424079,6.8,4.6,9.8
,"Hillsborough County, NH","33011","2021","2021","Suicide","2","Poisoning","GRINJ-015",14,424079,3.3,1.8,5.5
,"Hillsborough County, NH","33011","2021","2021","Suicide","2","Suffocation","GRINJ-017",26,424079,6.1,4.0,9.0
,"Merrimack County, NH","33013","2021","2021","Unintentional","1","Fall","GRINJ-003",31,155238,20.0,13.6,28.3
,"Merrimack County, NH","33013","2021","2021","Unintentional","1","Motor Vehicle Traffic","GRINJ-008",12,155238,7.7,4.0,13.5
,"Merrimack County, NH","33013","2021","2021","Unintentional","1","Poisoning","GRINJ-015",43,155238,27.7,20.0,37.3
,"Merrimack County, NH","33013","2021","2021","Suicide","2","Firearm","GRINJ-006",13,155238,8.4,4.5,14.3
,"Rockingham County, NH","33015","2021","2021","Unintentional","1","Fall","GRINJ-003",57,316947,18.0,13.6,23.3
,"Rockingham County, NH","33015","2021","2021","Unintentional","1","Motor Vehicle Traffic","GRINJ-008",24,316947,7.6,4.9,11.3
,"Rockingham County, NH","33015","2021","2021","Unintentional","1","Poisoning","GRINJ-015",55,316947,17.4,13.1,22.6
,"Rockingham County, NH","33015","2021","2021","Suicide","2","Firearm","GRINJ-006",21,316947,6.6,4.1,10.1
,"Strafford County, NH","33017","2021","2021","Unintentional","1","Fall","GRINJ-003",28,132416,21.1,14.1,30.6
,"Strafford County, NH","33017","2021","2021","Unintentional","1","Motor Vehicle Traffic","GRINJ-008",15,132416,11.3,6.3,18.7
,"Strafford County, NH","33017","2021","2021","Unintentional","1","Poisoning","GRINJ-015",60,132416,45.3,34.6,58.3
,"Strafford County, NH","33017","2021","2021","Suicide","2","Firearm","GRINJ-006",11,132416,8.3,4.1,14.9
,"Sullivan County, NH","33019","2021","2021","Unintentional","1","Poisoning","GRINJ-015",26,43533,59.7,39.0,87.5
,"Atlantic County, NJ","34001","2021","2021","Unintentional","1","Fall","GRINJ-003",23,274966,8.4,5.3,12.6
,"Atlantic County, NJ","34001","2021","2021","Unintentional","1","Motor Vehicle Traffic","GRINJ-008",39,274966,14.2,10.1,19.4
,"Atlantic County, NJ","34001","2021","2021","Unintentional","1","Poisoning","GRINJ-015",153,274966,55.6,46.8,64.5
,"Atlantic County, NJ","34001","2021","2021","Unintentional","1","Unspecified Injury","GRINJ-020",12,274966,4.4,2.3,7.6
,"Atlantic County, NJ","34001","2021","2021","Suicide","2","Firearm","GRINJ-006",11,274966,4.0,2.0,7.2
,"Atlantic County, NJ","34001","2021","2021","Homicide","3","Firearm","GRINJ-006",14,274966,5.1,2.8,8.5
,"Bergen County, NJ","34003","2021","2021","Unintentional","1","Fall","GRINJ-003",80,953819,8.4,6.7,10.4
,"Bergen County, NJ","34003","2021","2021","Unintentional","1","Motor Vehicle Traffic","GRINJ-008",46,953819,4.8,3.5,6.4
,"Bergen County, NJ","34003","2021","2021","Unintentional","1","Poisoning","GRINJ-015",199,953819,20.9,18.0,23.8
,"Bergen County, NJ","34003","2021","2021","Unintentional","1","Suffocation","GRINJ-017",18,953819,1.9,1.1,3.0
,"Bergen County, NJ","34003","2021","2021","Unintentional","1","Unspecified Injury","GRINJ-020",38,953819,4.0,2.8,5.5
,"Bergen County, NJ","34003","2021","2021","Suicide","2","Firearm","GRINJ-006",14,953819,1.5,0.8,2.5
,"Bergen County, NJ","34003","2021","2021","Suicide","2","Poisoning","GRINJ-015",17,953819,1.8,1.0,2.9
,"Bergen County, NJ","34003","2021","2021","Suicide","2","Suffocation","GRINJ-017",26,953819,2.7,1.8,4.0
,"Burlington County, NJ","34005","2021","2021","Unintentional","1","Fall","GRINJ-003",27,464269,5.8,3.8,8.5
,"Burlington County, NJ","34005","2021","2021","Unintentional","1","Motor Vehicle Traffic","GRINJ-008",41,464269,8.8,6.3,12.0
,"Burlington County, NJ","34005","2021","2021","Unintentional","1","Poisoning","GRINJ-015",156,464269,33.6,28.3,38.9
,"Burlington County, NJ","34005","2021","2021","Unintentional","1","Suffocation","GRINJ-017",16,464269,3.4,2.0,5.6
,"Burlington County, NJ","34005","2021","2021","Unintentional","1","Unspecified Injury","GRINJ-020",21,464269,4.5,2.8,6.9
,"Burlington County, NJ","34005","2021","2021","Suicide","2","Firearm","GRINJ-006",13,464269,2.8,1.5,4.8
,"Burlington County, NJ","34005","2021","2021","Suicide","2","Suffocation","GRINJ-017",18,464269,3.9,2.3,6.1
,"Burlington County, NJ","34005","2021","2021","Homicide","3","Firearm","GRINJ-006",12,464269,2.6,1.3,4.5
,"Camden County, NJ","34007","2021","2021","Unintentional","1","Fall","GRINJ-003",29,523771,5.5,3.7,8.0
,"Camden County, NJ","34007","2021","2021","Unintentional","1","Motor Vehicle Traffic","GRINJ-008",71,523771,13.6,10.6,17.1
,"Camden County, NJ","34007","2021","2021","Unintentional","1","Poisoning","GRINJ-015",298,523771,56.9,50.4,63.4
,"Camden County, NJ","34007","2021","2021","Unintentional","1","Suffocation","GRINJ-017",12,523771,2.3,1.2,4.0
,"Camden County, NJ","34007","2021","2021","Unintentional","1","Unspecified Injury","GRINJ-020",19,523771,3.6,2.2,5.7
,"Camden County, NJ","34007","2021","2021","Suicide","2","Firearm","GRINJ-006",13,523771,2.5,1.3,4.2
,"Camden County, NJ","34007","2021","2021","Suicide","2","Suffocation","GRINJ-017",21,523771,4.0,2.5,6.1
,"Camden County, NJ","34007","2021","2021","Homicide","3","Firearm","GRINJ-006",22,523771,4.2,2.6,6.4
,"Cape May County, NJ","34009","2021","2021","Unintentional","1","Fall","GRINJ-003",19,95661,19.9,12.0,31.0
,"Cape May County, NJ","34009","2021","2021","Unintentional","1","Poisoning","GRINJ-015",58,95661,60.6,46.0,78.4
,"Cape May County, NJ","34009","2021","2021","Unintentional","1","Unspecified Injury","GRINJ-020",10,95661,10.5,5.0,19.2
,"Cape May County, NJ","34009","2021","2021","Suicide","2","Firearm","GRINJ-006",12,95661,12.5,6.5,21.9
,"Cumberland County, NJ","34011","2021","2021","Unintentional","1","Motor Vehicle Traffic","GRINJ-008",32,153627,20.8,14.2,29.4
,"Cumberland County, NJ","34011","2021","2021","Unintentional","1","Poisoning","GRINJ-015",79,153627,51.4,40.7,64.1
,"Cumberland County, NJ","34011","2021","2021","Homicide","3","Firearm","GRINJ-006",11,153627,7.2,3.6,12.8
,"Essex County, NJ","34013","2021","2021","Unintentional","1","Fall","GRINJ-003",35,854917,4.1,2.9,5.7
,"Essex County, NJ","34013","2021","2021","Unintentional","1","Motor Vehicle Traffic","GRINJ-008",66,854917,7.7,6.0,9.8
,"Essex County, NJ","34013","2021","2021","Unintentional","1","Poisoning","GRINJ-015",339,854917,39.7,35.4,43.9
,"Essex County, NJ","34013","2021","2021","Unintentional","1","Suffocation","GRINJ-017",20,854917,2.3,1.4,3.6
,"Essex County, NJ","34013","2021","2021","Unintentional","1","Unspecified Injury","GRINJ-020",22,854917,2.6,1.6,3.9
,"Essex County, NJ","34013","2021","2021","Suicide","2","Firearm","GRINJ-006",11,854917,1.3,0.6,2.3
,"Essex County, NJ","34013","2021","2021","Suicide","2","Suffocation","GRINJ-017",15,854917,1.8,1.0,2.9
,"Essex County, NJ","34013","2021","2021","Homicide","3","Firearm","GRINJ-006",68,854917,8.0,6.2,10.1
,"Essex County, NJ","34013","2021","2021","Homicide","3","Unspecified Injury","GRINJ-020",11,854917,1.3,0.6,2.3
,"Gloucester County, NJ","34015","2021","2021","Unintentional","1","Fall","GRINJ-003",15,304477,4.9,2.8,8.1
,"Gloucester County, NJ","34015","2021","2021","Unintentional","1","Motor Vehicle Traffic","GRINJ-008",44,304477,14.5,10.5,19.4
,"Gloucester County, NJ","34015","2021","2021","Unintentional","1","Poisoning","GRINJ-015",129,304477,42.4,35.1,49.7
,"Gloucester County, NJ","34015","2021","2021","Unintentional","1","Unspecified Injury","GRINJ-020",12,304477,3.9,2.0,6.9
,"Gloucester County, NJ","34015","2021","2021","Suicide","2","Firearm","GRINJ-006",11,304477,3.6,1.8,6.5
,"Hudson County, NJ","34017","2021","2021","Unintentional","1","Fall","GRINJ-003",45,702463,6.4,4.7,8.6
,"Hudson County, NJ","34017","2021","2021","Unintentional","1","Motor Vehicle Traffic","GRINJ-008",35,702463,5.0,3.5,6.9
,"Hudson County, NJ","34017","2021","2021","Unintentional","1","Poisoning","GRINJ-015",201,702463,28.6,24.7,32.6
,"Hudson County, NJ","34017","2021","2021","Unintentional","1","Unspecified Injury","GRINJ-020",13,702463,1.9,1.0,3.2
,"Hudson County, NJ","34017","2021","2021","Suicide","2","Suffocation","GRINJ-017",16,702463,2.3,1.3,3.7
,"Hudson County, NJ","34017","2021","2021","Homicide","3","Firearm","GRINJ-006",20,702463,2.8,1.7,4.4
,"Hunterdon County, NJ","34019","2021","2021","Unintentional","1","Fall","GRINJ-003",14,129924,10.8,5.9,18.1
,"Hunterdon County, NJ","34019","2021","2021","Unintentional","1","Poisoning","GRINJ-015",21,129924,16.2,10.0,24.7
,"Mercer County, NJ","34021","2021","2021","Unintentional","1","Fall","GRINJ-003",27,385898,7.0,4.6,10.2
,"Mercer County, NJ","34021","2021","2021","Unintentional","1","Motor Vehicle Traffic","GRINJ-008",34,385898,8.8,6.1,12.3
,"Mercer County, NJ","34021","2021","2021","Unintentional","1","Poisoning","GRINJ-015",142,385898,36.8,30.7,42.8
,"Mercer County, NJ","34021","2021","2021","Unintentional","1","Unspecified Injury","GRINJ-020",20,385898,5.2,3.2,8.0
,"Mercer County, NJ","34021","2021","2021","Suicide","2","Suffocation","GRINJ-017",11,385898,2.9,1.4,5.1
,"Mercer County, NJ","34021","2021","2021","Homicide","3","Firearm","GRINJ-006",41,385898,10.6,7.6,14.4
,"Middlesex County, NJ","34023","2021","2021","Unintentional","1","Fall","GRINJ-003",47,860807,5.5,4.0,7.3
,"Middlesex County, NJ","34023","2021","2021","Unintentional","1","Motor Vehicle Traffic","GRINJ-008",56,860807,6.5,4.9,8.4
,"Middlesex County, NJ","34023","2021","2021","Unintentional","1","Poisoning","GRINJ-015",254,860807,29.5,25.9,33.1
,"Middlesex County, NJ","34023","2021","2021","Unintentional","1","Suffocation","GRINJ-017",14,860807,1.6,0.9,2.7
,"Middlesex County, NJ","34023","2021","2021","Unintentional","1","Unspecified Injury","GRINJ-020",26,860807,3.0,2.0,4.4
,"Middlesex County, NJ","34023","2021","2021","Suicide","2","Poisoning","GRINJ-015",11,860807,1.3,0.6,2.3
,"Middlesex County, NJ","34023","2021","2021","Suicide","2","Suffocation","GRINJ-017",17,860807,2.0,1.2,3.2
,"Middlesex County, NJ","34023","2021","2021","Homicide","3","Firearm","GRINJ-006",15,860807,1.7,1.0,2.9
,"Monmouth County, NJ","34025","2021","2021","Unintentional","1","Fall","GRINJ-003",48,645354,7.4,5.5,9.9
,"Monmouth County, NJ","34025","2021","2021","Unintentional","1","Motor Vehicle Traffic","GRINJ-008",33,645354,5.1,3.5,7.2
,"Monmouth County, NJ","34025","2021","2021","Unintentional","1","Poisoning","GRINJ-015",185,645354,28.7,24.5,32.8
,"Monmouth County, NJ","34025","2021","2021","Unintentional","1","Suffocation","GRINJ-017",14,645354,2.2,1.2,3.6
,"Monmouth County, NJ","34025","2021","2021","Unintentional","1","Unspecified Injury","GRINJ-020",12,645354,1.9,1.0,3.2
,"Monmouth County, NJ","34025","2021","2021","Suicide","2","Poisoning","GRINJ-015",10,645354,1.5,0.7,2.8
,"Monmouth County, NJ","34025","2021","2021","Suicide","2","Suffocation","GRINJ-017",23,645354,3.6,2.3,5.3
,"Morris County, NJ","34027","2021","2021","Unintentional","1","Fall","GRINJ-003",33,510981,6.5,4.4,9.1
,"Morris County, NJ","34027","2021","2021","Unintentional","1","Motor Vehicle Traffic","GRINJ-008",24,510981,4.7,3.0,7.0
,"Morris County, NJ","34027","2021","2021","Unintentional","1","Poisoning","GRINJ-015",94,510981,18.4,14.9,22.5
,"Morris County, NJ","34027","2021","2021","Unintentional","1","Unspecified Injury","GRINJ-020",13,510981,2.5,1.4,4.4
,"Morris County, NJ","34027","2021","2021","Suicide","2","Firearm","GRINJ-006",17,510981,3.3,1.9,5.3
,"Morris County, NJ","34027","2021","2021","Suicide","2","Suffocation","GRINJ-017",19,510981,3.7,2.2,5.8
,"Ocean County, NJ","34029","2021","2021","Unintentional","1","Fall","GRINJ-003",52,648998,8.0,6.0,10.5
,"Ocean County, NJ","34029","2021","2021","Unintentional","1","Motor Vehicle Traffic","GRINJ-008",48,648998,7.4,5.5,9.8
,"Ocean County, NJ","34029","2021","2021","Unintentional","1","Poisoning","GRINJ-015",227,648998,35.0,30.4,39.5
,"Ocean County, NJ","34029","2021","2021","Unintentional","1","Unspecified Injury","GRINJ-020",21,648998,3.2,2.0,4.9
,"Ocean County, NJ","34029","2021","2021","Suicide","2","Firearm","GRINJ-006",13,648998,2.0,1.1,3.4
,"Ocean County, NJ","34029","2021","2021","Suicide","2","Suffocation","GRINJ-017",16,648998,2.5,1.4,4.0
,"Ocean County, NJ","34029","2021","2021","Undetermined ","4","Poisoning","GRINJ-015",10,648998,1.5,0.7,2.8
,"Passaic County, NJ","34031","2021","2021","Unintentional","1","Fall","GRINJ-003",29,518117,5.6,3.7,8.0
,"Passaic County, NJ","34031","2021","2021","Unintentional","1","Motor Vehicle Traffic","GRINJ-008",27,518117,5.2,3.4,7.6
,"Passaic County, NJ","34031","2021","2021","Unintentional","1","Poisoning","GRINJ-015",145,518117,28.0,23.4,32.5
,"Passaic County, NJ","34031","2021","2021","Unintentional","1","Unspecified Injury","GRINJ-020",11,518117,2.1,1.1,3.8
,"Passaic County, NJ","34031","2021","2021","Suicide","2","Firearm","GRINJ-006",11,518117,2.1,1.1,3.8
,"Passaic County, NJ","34031","2021","2021","Suicide","2","Suffocation","GRINJ-017",14,518117,2.7,1.5,4.5
,"Passaic County, NJ","34031","2021","2021","Homicide","3","Firearm","GRINJ-006",24,518117,4.6,3.0,6.9
,"Salem County, NJ","34033","2021","2021","Unintentional","1","Motor Vehicle Traffic","GRINJ-008",18,65046,27.7,16.4,43.7
,"Salem County, NJ","34033","2021","2021","Unintentional","1","Poisoning","GRINJ-015",29,65046,44.6,29.9,64.0
,"Somerset County, NJ","34035","2021","2021","Unintentional","1","Fall","GRINJ-003",22,345647,6.4,4.0,9.6
,"Somerset County, NJ","34035","2021","2021","Unintentional","1","Motor Vehicle Traffic","GRINJ-008",16,345647,4.6,2.6,7.5
,"Somerset County, NJ","34035","2021","2021","Unintentional","1","Poisoning","GRINJ-015",57,345647,16.5,12.5,21.4
,"Somerset County, NJ","34035","2021","2021","Unintentional","1","Unspecified Injury","GRINJ-020",10,345647,2.9,1.4,5.3
,"Sussex County, NJ","34037","2021","2021","Unintentional","1","Motor Vehicle Traffic","GRINJ-008",11,145543,7.6,3.8,13.5
,"Sussex County, NJ","34037","2021","2021","Unintentional","1","Poisoning","GRINJ-015",35,145543,24.0,16.8,33.4
,"Union County, NJ","34039","2021","2021","Unintentional","1","Fall","GRINJ-003",21,572114,3.7,2.3,5.6
,"Union County, NJ","34039","2021","2021","Unintentional","1","Motor Vehicle Traffic","GRINJ-008",32,572114,5.6,3.8,7.9
,"Union County, NJ","34039","2021","2021","Unintentional","1","Poisoning","GRINJ-015",182,572114,31.8,27.2,36.4
,"Union County, NJ","34039","2021","2021","Unintentional","1","Suffocation","GRINJ-017",13,572114,2.3,1.2,3.9
,"Union County, NJ","34039","2021","2021","Unintentional","1","Unspecified Injury","GRINJ-020",10,572114,1.7,0.8,3.2
,"Union County, NJ","34039","2021","2021","Suicide","2","Firearm","GRINJ-006",11,572114,1.9,1.0,3.4
,"Union County, NJ","34039","2021","2021","Suicide","2","Suffocation","GRINJ-017",24,572114,4.2,2.7,6.2
,"Union County, NJ","34039","2021","2021","Homicide","3","Firearm","GRINJ-006",18,572114,3.1,1.9,5.0
,"Warren County, NJ","34041","2021","2021","Unintentional","1","Motor Vehicle Traffic","GRINJ-008",14,110731,12.6,6.9,21.2
,"Warren County, NJ","34041","2021","2021","Unintentional","1","Poisoning","GRINJ-015",33,110731,29.8,20.5,41.9
,"Bernalillo County, NM","35001","2021","2021","Unintentional","1","Fall","GRINJ-003",124,674393,18.4,15.2,21.6
,"Bernalillo County, NM","35001","2021","2021","Unintentional","1","Fire/Flame","GRINJ-004",11,674393,1.6,0.8,2.9
,"Bernalillo County, NM","35001","2021","2021","Unintentional","1","Motor Vehicle Traffic","GRINJ-008",139,674393,20.6,17.2,24.0
,"Bernalillo County, NM","35001","2021","2021","Unintentional","1","Poisoning","GRINJ-015",473,674393,70.1,63.8,76.5
,"Bernalillo County, NM","35001","2021","2021","Unintentional","1","Suffocation","GRINJ-017",14,674393,2.1,1.1,3.5
,"Bernalillo County, NM","35001","2021","2021","Suicide","2","Firearm","GRINJ-006",88,674393,13.0,10.5,16.1
,"Bernalillo County, NM","35001","2021","2021","Suicide","2","Poisoning","GRINJ-015",28,674393,4.2,2.8,6.0
,"Bernalillo County, NM","35001","2021","2021","Suicide","2","Suffocation","GRINJ-017",36,674393,5.3,3.7,7.4
,"Bernalillo County, NM","35001","2021","2021","Homicide","3","Firearm","GRINJ-006",104,674393,15.4,12.5,18.4
,"Chaves County, NM","35005","2021","2021","Unintentional","1","Fall","GRINJ-003",10,64629,15.5,7.4,28.5
,"Chaves County, NM","35005","2021","2021","Unintentional","1","Poisoning","GRINJ-015",27,64629,41.8,27.5,60.8
,"Chaves County, NM","35005","2021","2021","Suicide","2","Firearm","GRINJ-006",11,64629,17.0,8.5,30.5
,"Chaves County, NM","35005","2021","2021","Homicide","3","Firearm","GRINJ-006",13,64629,20.1,10.7,34.4
,"Cibola County, NM","35006","2021","2021","Unintentional","1","Motor Vehicle Traffic","GRINJ-008",11,27184,40.5,20.2,72.4
,"Cibola County, NM","35006","2021","2021","Unintentional","1","Poisoning","GRINJ-015",14,27184,51.5,28.2,86.4
,"Curry County, NM","35009","2021","2021","Unintentional","1","Motor Vehicle Traffic","GRINJ-008",10,47999,20.8,10.0,38.3
,"Dona Ana County, NM","35013","2021","2021","Unintentional","1","Fall","GRINJ-003",40,221508,18.1,12.9,24.6
,"Dona Ana County, NM","35013","2021","2021","Unintentional","1","Motor Vehicle Traffic","GRINJ-008",26,221508,11.7,7.7,17.2
,"Dona Ana County, NM","35013","2021","2021","Unintentional","1","Poisoning","GRINJ-015",63,221508,28.4,21.9,36.4
,"Dona Ana County, NM","35013","2021","2021","Suicide","2","Firearm","GRINJ-006",20,221508,9.0,5.5,13.9
,"Dona Ana County, NM","35013","2021","2021","Homicide","3","Firearm","GRINJ-006",10,221508,4.5,2.2,8.3
,"Eddy County, NM","35015","2021","2021","Unintentional","1","Fall","GRINJ-003",10,60911,16.4,7.9,30.2
,"Eddy County, NM","35015","2021","2021","Unintentional","1","Motor Vehicle Traffic","GRINJ-008",19,60911,31.2,18.8,48.7
,"Eddy County, NM","35015","2021","2021","Unintentional","1","Poisoning","GRINJ-015",24,60911,39.4,25.2,58.6
,"Eddy County, NM","35015","2021","2021","Suicide","2","Firearm","GRINJ-006",10,60911,16.4,7.9,30.2
,"Lea County, NM","35025","2021","2021","Unintentional","1","Motor Vehicle Traffic","GRINJ-008",17,73004,23.3,13.6,37.3
,"Lea County, NM","35025","2021","2021","Unintentional","1","Poisoning","GRINJ-015",20,73004,27.4,16.7,42.3
,"Lincoln County, NM","35027","2021","2021","Unintentional","1","Poisoning","GRINJ-015",16,20436,78.3,44.8,127.1
,"Luna County, NM","35029","2021","2021","Unintentional","1","Motor Vehicle Traffic","GRINJ-008",19,25532,74.4,44.8,116.2
,"McKinley County, NM","35031","2021","2021","Unintentional","1","Fall","GRINJ-003",11,71780,15.3,7.7,27.4
,"McKinley County, NM","35031","2021","2021","Unintentional","1","Motor Vehicle Traffic","GRINJ-008",23,71780,32.0,20.3,48.1
,"McKinley County, NM","35031","2021","2021","Unintentional","1","Natural/Environmental","GRINJ-013",15,71780,20.9,11.7,34.5
,"McKinley County, NM","35031","2021","2021","Unintentional","1","Poisoning","GRINJ-015",39,71780,54.3,38.6,74.3
,"McKinley County, NM","35031","2021","2021","Suicide","2","Suffocation","GRINJ-017",15,71780,20.9,11.7,34.5
,"McKinley County, NM","35031","2021","2021","Homicide","3","Firearm","GRINJ-006",10,71780,13.9,6.7,25.6
,"Otero County, NM","35035","2021","2021","Unintentional","1","Motor Vehicle Traffic","GRINJ-008",17,68537,24.8,14.4,39.7
,"Otero County, NM","35035","2021","2021","Unintentional","1","Poisoning","GRINJ-015",27,68537,39.4,26.0,57.3
,"Rio Arriba County, NM","35039","2021","2021","Unintentional","1","Motor Vehicle Traffic","GRINJ-008",12,40179,29.9,15.4,52.2
,"Rio Arriba County, NM","35039","2021","2021","Unintentional","1","Poisoning","GRINJ-015",46,40179,114.5,83.8,152.7
,"Sandoval County, NM","35043","2021","2021","Unintentional","1","Fall","GRINJ-003",27,151369,17.8,11.8,26.0
,"Sandoval County, NM","35043","2021","2021","Unintentional","1","Motor Vehicle Traffic","GRINJ-008",29,151369,19.2,12.8,27.5
,"Sandoval County, NM","35043","2021","2021","Unintentional","1","Poisoning","GRINJ-015",50,151369,33.0,24.5,43.5
,"Sandoval County, NM","35043","2021","2021","Suicide","2","Firearm","GRINJ-006",26,151369,17.2,11.2,25.2
,"San Juan County, NM","35045","2021","2021","Unintentional","1","Motor Vehicle Traffic","GRINJ-008",40,120993,33.1,23.6,45.0
,"San Juan County, NM","35045","2021","2021","Unintentional","1","Poisoning","GRINJ-015",50,120993,41.3,30.7,54.5
,"San Juan County, NM","35045","2021","2021","Suicide","2","Firearm","GRINJ-006",21,120993,17.4,10.7,26.5
,"San Juan County, NM","35045","2021","2021","Suicide","2","Suffocation","GRINJ-017",15,120993,12.4,6.9,20.4
,"San Miguel County, NM","35047","2021","2021","Unintentional","1","Poisoning","GRINJ-015",25,27150,92.1,59.6,135.9
,"Santa Fe County, NM","35049","2021","2021","Unintentional","1","Fall","GRINJ-003",32,155201,20.6,14.1,29.1
,"Santa Fe County, NM","35049","2021","2021","Unintentional","1","Motor Vehicle Traffic","GRINJ-008",19,155201,12.2,7.4,19.1
,"Santa Fe County, NM","35049","2021","2021","Unintentional","1","Poisoning","GRINJ-015",80,155201,51.5,40.9,64.2
,"Santa Fe County, NM","35049","2021","2021","Suicide","2","Firearm","GRINJ-006",24,155201,15.5,9.9,23.0
,"Santa Fe County, NM","35049","2021","2021","Suicide","2","Suffocation","GRINJ-017",10,155201,6.4,3.1,11.8
,"Santa Fe County, NM","35049","2021","2021","Homicide","3","Firearm","GRINJ-006",14,155201,9.0,4.9,15.1
,"Socorro County, NM","35053","2021","2021","Unintentional","1","Poisoning","GRINJ-015",17,16311,104.2,60.7,166.9
,"Taos County, NM","35055","2021","2021","Unintentional","1","Motor Vehicle Traffic","GRINJ-008",12,34623,34.7,17.9,60.5
,"Taos County, NM","35055","2021","2021","Unintentional","1","Poisoning","GRINJ-015",21,34623,60.7,37.5,92.7
,"Valencia County, NM","35061","2021","2021","Unintentional","1","Motor Vehicle Traffic","GRINJ-008",13,77190,16.8,9.0,28.8
,"Valencia County, NM","35061","2021","2021","Unintentional","1","Poisoning","GRINJ-015",42,77190,54.4,39.2,73.5
,"Valencia County, NM","35061","2021","2021","Suicide","2","Firearm","GRINJ-006",16,77190,20.7,11.8,33.7
,"Albany County, NY","36001","2021","2021","Unintentional","1","Fall","GRINJ-003",24,313743,7.6,4.9,11.4
,"Albany County, NY","36001","2021","2021","Unintentional","1","Motor Vehicle Traffic","GRINJ-008",18,313743,5.7,3.4,9.1
,"Albany County, NY","36001","2021","2021","Unintentional","1","Poisoning","GRINJ-015",67,313743,21.4,16.5,27.1
,"Albany County, NY","36001","2021","2021","Unintentional","1","Suffocation","GRINJ-017",10,313743,3.2,1.5,5.9
,"Albany County, NY","36001","2021","2021","Unintentional","1","Unspecified Injury","GRINJ-020",10,313743,3.2,1.5,5.9
,"Albany County, NY","36001","2021","2021","Suicide","2","Firearm","GRINJ-006",13,313743,4.1,2.2,7.1
,"Albany County, NY","36001","2021","2021","Homicide","3","Firearm","GRINJ-006",14,313743,4.5,2.4,7.5
,"Albany County, NY","36001","2021","2021","Undetermined ","4","Poisoning","GRINJ-015",33,313743,10.5,7.2,14.8
,"Bronx County, NY","36005","2021","2021","Unintentional","1","Fall","GRINJ-003",106,1424948,7.4,6.0,8.9
,"Bronx County, NY","36005","2021","2021","Unintentional","1","Fire/Flame","GRINJ-004",18,1424948,1.3,0.7,2.0
,"Bronx County, NY","36005","2021","2021","Unintentional","1","Motor Vehicle Traffic","GRINJ-008",87,1424948,6.1,4.9,7.5
,"Bronx County, NY","36005","2021","2021","Unintentional","1","Poisoning","GRINJ-015",812,1424948,57.0,53.1,60.9
,"Bronx County, NY","36005","2021","2021","Unintentional","1","Suffocation","GRINJ-017",15,1424948,1.1,0.6,1.7
,"Bronx County, NY","36005","2021","2021","Suicide","2","Fall","GRINJ-003",14,1424948,1.0,0.5,1.6
,"Bronx County, NY","36005","2021","2021","Suicide","2","Poisoning","GRINJ-015",14,1424948,1.0,0.5,1.6
,"Bronx County, NY","36005","2021","2021","Suicide","2","Suffocation","GRINJ-017",28,1424948,2.0,1.3,2.8
,"Bronx County, NY","36005","2021","2021","Homicide","3","Cut/Pierce","GRINJ-001",15,1424948,1.1,0.6,1.7
,"Bronx County, NY","36005","2021","2021","Homicide","3","Firearm","GRINJ-006",115,1424948,8.1,6.6,9.5
,"Broome County, NY","36007","2021","2021","Unintentional","1","Fall","GRINJ-003",15,197240,7.6,4.3,12.5
,"Broome County, NY","36007","2021","2021","Unintentional","1","Motor Vehicle Traffic","GRINJ-008",16,197240,8.1,4.6,13.2
,"Broome County, NY","36007","2021","2021","Unintentional","1","Poisoning","GRINJ-015",87,197240,44.1,35.3,54.4
,"Broome County, NY","36007","2021","2021","Suicide","2","Suffocation","GRINJ-017",11,197240,5.6,2.8,10.0
,"Cattaraugus County, NY","36009","2021","2021","Unintentional","1","Fall","GRINJ-003",10,76426,13.1,6.3,24.1
,"Cattaraugus County, NY","36009","2021","2021","Unintentional","1","Poisoning","GRINJ-015",24,76426,31.4,20.1,46.7
,"Cayuga County, NY","36011","2021","2021","Unintentional","1","Poisoning","GRINJ-015",20,75880,26.4,16.1,40.7
,"Chautauqua County, NY","36013","2021","2021","Unintentional","1","Fall","GRINJ-003",15,126807,11.8,6.6,19.5
,"Chautauqua County, NY","36013","2021","2021","Unintentional","1","Poisoning","GRINJ-015",61,126807,48.1,36.8,61.8
,"Chemung County, NY","36015","2021","2021","Unintentional","1","Fall","GRINJ-003",19,83045,22.9,13.8,35.7
,"Chemung County, NY","36015","2021","2021","Unintentional","1","Motor Vehicle Traffic","GRINJ-008",15,83045,18.1,10.1,29.8
,"Chemung County, NY","36015","2021","2021","Unintentional","1","Poisoning","GRINJ-015",33,83045,39.7,27.4,55.8
,"Chenango County, NY","36017","2021","2021","Unintentional","1","Poisoning","GRINJ-015",21,46537,45.1,27.9,69.0
,"Clinton County, NY","36019","2021","2021","Unintentional","1","Fall","GRINJ-003",13,79596,16.3,8.7,27.9
,"Clinton County, NY","36019","2021","2021","Unintentional","1","Motor Vehicle Traffic","GRINJ-008",11,79596,13.8,6.9,24.7
,"Clinton County, NY","36019","2021","2021","Unintentional","1","Poisoning","GRINJ-015",15,79596,18.8,10.5,31.1
,"Columbia County, NY","36021","2021","2021","Unintentional","1","Poisoning","GRINJ-015",15,61778,24.3,13.6,40.0
,"Cortland County, NY","36023","2021","2021","Unintentional","1","Poisoning","GRINJ-015",17,46311,36.7,21.4,58.8
,"Delaware County, NY","36025","2021","2021","Unintentional","1","Poisoning","GRINJ-015",15,44378,33.8,18.9,55.7
,"Dutchess County, NY","36027","2021","2021","Unintentional","1","Fall","GRINJ-003",39,297112,13.1,9.3,17.9
,"Dutchess County, NY","36027","2021","2021","Unintentional","1","Motor Vehicle Traffic","GRINJ-008",27,297112,9.1,6.0,13.2
,"Dutchess County, NY","36027","2021","2021","Unintentional","1","Poisoning","GRINJ-015",92,297112,31.0,25.0,38.0
,"Dutchess County, NY","36027","2021","2021","Suicide","2","Firearm","GRINJ-006",18,297112,6.1,3.6,9.6
,"Dutchess County, NY","36027","2021","2021","Suicide","2","Suffocation","GRINJ-017",13,297112,4.4,2.3,7.5
,"Erie County, NY","36029","2021","2021","Unintentional","1","Fall","GRINJ-003",122,950683,12.8,10.6,15.1
,"Erie County, NY","36029","2021","2021","Unintentional","1","Fire/Flame","GRINJ-004",10,950683,1.1,0.5,1.9
,"Erie County, NY","36029","2021","2021","Unintentional","1","Motor Vehicle Traffic","GRINJ-008",69,950683,7.3,5.6,9.2
,"Erie County, NY","36029","2021","2021","Unintentional","1","Poisoning","GRINJ-015",306,950683,32.2,28.6,35.8
,"Erie County, NY","36029","2021","2021","Unintentional","1","Suffocation","GRINJ-017",23,950683,2.4,1.5,3.6
,"Erie County, NY","36029","2021","2021","Unintentional","1","Unspecified Injury","GRINJ-020",25,950683,2.6,1.7,3.9
,"Erie County, NY","36029","2021","2021","Suicide","2","Firearm","GRINJ-006",29,950683,3.1,2.0,4.4
,"Erie County, NY","36029","2021","2021","Suicide","2","Poisoning","GRINJ-015",14,950683,1.5,0.8,2.5
,"Erie County, NY","36029","2021","2021","Suicide","2","Suffocation","GRINJ-017",26,950683,2.7,1.8,4.0
,"Erie County, NY","36029","2021","2021","Homicide","3","Firearm","GRINJ-006",62,950683,6.5,5.0,8.4
,"Essex County, NY","36031","2021","2021","Unintentional","1","Poisoning","GRINJ-015",14,37268,37.6,20.5,63.0
,"Fulton County, NY","36035","2021","2021","Unintentional","1","Poisoning","GRINJ-015",10,53116,18.8,9.0,34.6
,"Greene County, NY","36039","2021","2021","Unintentional","1","Poisoning","GRINJ-015",23,48499,47.4,30.1,71.2
,"Jefferson County, NY","36045","2021","2021","Unintentional","1","Fall","GRINJ-003",12,116295,10.3,5.3,18.0
,"Jefferson County, NY","36045","2021","2021","Unintentional","1","Motor Vehicle Traffic","GRINJ-008",10,116295,8.6,4.1,15.8
,"Jefferson County, NY","36045","2021","2021","Unintentional","1","Poisoning","GRINJ-015",28,116295,24.1,16.0,34.8
,"Jefferson County, NY","36045","2021","2021","Suicide","2","Firearm","GRINJ-006",10,116295,8.6,4.1,15.8
,"Kings County, NY","36047","2021","2021","Unintentional","1","Drowning","GRINJ-002",17,2641052,0.6,0.4,1.0
,"Kings County, NY","36047","2021","2021","Unintentional","1","Fall","GRINJ-003",159,2641052,6.0,5.1,7.0
,"Kings County, NY","36047","2021","2021","Unintentional","1","Fire/Flame","GRINJ-004",10,2641052,0.4,0.2,0.7
,"Kings County, NY","36047","2021","2021","Unintentional","1","Motor Vehicle Traffic","GRINJ-008",117,2641052,4.4,3.6,5.2
,"Kings County, NY","36047","2021","2021","Unintentional","1","Natural/Environmental","GRINJ-013",11,2641052,0.4,0.2,0.7
,"Kings County, NY","36047","2021","2021","Unintentional","1","Poisoning","GRINJ-015",611,2641052,23.1,21.3,25.0
,"Kings County, NY","36047","2021","2021","Unintentional","1","Suffocation","GRINJ-017",39,2641052,1.5,1.1,2.0
,"Kings County, NY","36047","2021","2021","Unintentional","1","Unspecified Injury","GRINJ-020",11,2641052,0.4,0.2,0.7
,"Kings County, NY","36047","2021","2021","Suicide","2","Fall","GRINJ-003",29,2641052,1.1,0.7,1.6
,"Kings County, NY","36047","2021","2021","Suicide","2","Firearm","GRINJ-006",14,2641052,0.5,0.3,0.9
,"Kings County, NY","36047","2021","2021","Suicide","2","Poisoning","GRINJ-015",28,2641052,1.1,0.7,1.5
,"Kings County, NY","36047","2021","2021","Suicide","2","Suffocation","GRINJ-017",55,2641052,2.1,1.6,2.7
,"Kings County, NY","36047","2021","2021","Suicide","2","Other specified, classifiable Injury","GRINJ-018",13,2641052,0.5,0.3,0.8
,"Kings County, NY","36047","2021","2021","Homicide","3","Cut/Pierce","GRINJ-001",22,2641052,0.8,0.5,1.3
,"Kings County, NY","36047","2021","2021","Homicide","3","Firearm","GRINJ-006",111,2641052,4.2,3.4,5.0
,"Kings County, NY","36047","2021","2021","Homicide","3","Unspecified Injury","GRINJ-020",12,2641052,0.5,0.2,0.8
,"Madison County, NY","36053","2021","2021","Unintentional","1","Motor Vehicle Traffic","GRINJ-008",11,67658,16.3,8.1,29.1
,"Madison County, NY","36053","2021","2021","Unintentional","1","Poisoning","GRINJ-015",17,67658,25.1,14.6,40.2
,"Monroe County, NY","36055","2021","2021","Unintentional","1","Fall","GRINJ-003",153,755160,20.3,17.1,23.5
,"Monroe County, NY","36055","2021","2021","Unintentional","1","Motor Vehicle Traffic","GRINJ-008",66,755160,8.7,6.8,11.1
,"Monroe County, NY","36055","2021","2021","Unintentional","1","Poisoning","GRINJ-015",194,755160,25.7,22.1,29.3
,"Monroe County, NY","36055","2021","2021","Unintentional","1","Suffocation","GRINJ-017",12,755160,1.6,0.8,2.8
,"Monroe County, NY","36055","2021","2021","Suicide","2","Firearm","GRINJ-006",30,755160,4.0,2.7,5.7
,"Monroe County, NY","36055","2021","2021","Suicide","2","Poisoning","GRINJ-015",14,755160,1.9,1.0,3.1
,"Monroe County, NY","36055","2021","2021","Suicide","2","Suffocation","GRINJ-017",15,755160,2.0,1.1,3.3
,"Monroe County, NY","36055","2021","2021","Homicide","3","Firearm","GRINJ-006",58,755160,7.7,5.8,9.9
,"Montgomery County, NY","36057","2021","2021","Unintentional","1","Poisoning","GRINJ-015",13,49558,26.2,14.0,44.9
,"Nassau County, NY","36059","2021","2021","Unintentional","1","Fall","GRINJ-003",139,1390907,10.0,8.3,11.7
,"Nassau County, NY","36059","2021","2021","Unintentional","1","Motor Vehicle Traffic","GRINJ-008",99,1390907,7.1,5.8,8.7
,"Nassau County, NY","36059","2021","2021","Unintentional","1","Poisoning","GRINJ-015",283,1390907,20.3,18.0,22.7
,"Nassau County, NY","36059","2021","2021","Unintentional","1","Suffocation","GRINJ-017",11,1390907,0.8,0.4,1.4
,"Nassau County, NY","36059","2021","2021","Unintentional","1","Unspecified Injury","GRINJ-020",11,1390907,0.8,0.4,1.4
,"Nassau County, NY","36059","2021","2021","Suicide","2","Firearm","GRINJ-006",16,1390907,1.2,0.7,1.9
,"Nassau County, NY","36059","2021","2021","Suicide","2","Poisoning","GRINJ-015",13,1390907,0.9,0.5,1.6
,"Nassau County, NY","36059","2021","2021","Suicide","2","Suffocation","GRINJ-017",32,1390907,2.3,1.6,3.2
,"Nassau County, NY","36059","2021","2021","Homicide","3","Firearm","GRINJ-006",16,1390907,1.2,0.7,1.9
,"New York County, NY","36061","2021","2021","Unintentional","1","Fall","GRINJ-003",129,1576876,8.2,6.8,9.6
,"New York County, NY","36061","2021","2021","Unintentional","1","Fire/Flame","GRINJ-004",16,1576876,1.0,0.6,1.6
,"New York County, NY","36061","2021","2021","Unintentional","1","Motor Vehicle Traffic","GRINJ-008",51,1576876,3.2,2.4,4.3
,"New York County, NY","36061","2021","2021","Unintentional","1","Poisoning","GRINJ-015",480,1576876,30.4,27.7,33.2
,"New York County, NY","36061","2021","2021","Unintentional","1","Suffocation","GRINJ-017",32,1576876,2.0,1.4,2.9
,"New York County, NY","36061","2021","2021","Unintentional","1","Unspecified Injury","GRINJ-020",13,1576876,0.8,0.4,1.4
,"New York County, NY","36061","2021","2021","Suicide","2","Fall","GRINJ-003",38,1576876,2.4,1.7,3.3
,"New York County, NY","36061","2021","2021","Suicide","2","Firearm","GRINJ-006",10,1576876,0.6,0.3,1.2
,"New York County, NY","36061","2021","2021","Suicide","2","Poisoning","GRINJ-015",17,1576876,1.1,0.6,1.7
,"New York County, NY","36061","2021","2021","Suicide","2","Suffocation","GRINJ-017",45,1576876,2.9,2.1,3.8
,"New York County, NY","36061","2021","2021","Homicide","3","Cut/Pierce","GRINJ-001",17,1576876,1.1,0.6,1.7
,"New York County, NY","36061","2021","2021","Homicide","3","Firearm","GRINJ-006",45,1576876,2.9,2.1,3.8
,"Niagara County, NY","36063","2021","2021","Unintentional","1","Fall","GRINJ-003",28,211653,13.2,8.8,19.1
,"Niagara County, NY","36063","2021","2021","Unintentional","1","Motor Vehicle Traffic","GRINJ-008",34,211653,16.1,11.1,22.4
,"Niagara County, NY","36063","2021","2021","Unintentional","1","Poisoning","GRINJ-015",83,211653,39.2,31.2,48.6
,"Niagara County, NY","36063","2021","2021","Suicide","2","Suffocation","GRINJ-017",11,211653,5.2,2.6,9.3
,"Niagara County, NY","36063","2021","2021","Homicide","3","Firearm","GRINJ-006",10,211653,4.7,2.3,8.7
,"Oneida County, NY","36065","2021","2021","Unintentional","1","Fall","GRINJ-003",32,230274,13.9,9.5,19.6
,"Oneida County, NY","36065","2021","2021","Unintentional","1","Motor Vehicle Traffic","GRINJ-008",25,230274,10.9,7.0,16.0
,"Oneida County, NY","36065","2021","2021","Unintentional","1","Poisoning","GRINJ-015",78,230274,33.9,26.8,42.3
,"Oneida County, NY","36065","2021","2021","Suicide","2","Suffocation","GRINJ-017",11,230274,4.8,2.4,8.5
,"Onondaga County, NY","36067","2021","2021","Unintentional","1","Fall","GRINJ-003",70,473236,14.8,11.5,18.7
,"Onondaga County, NY","36067","2021","2021","Unintentional","1","Motor Vehicle Traffic","GRINJ-008",32,473236,6.8,4.6,9.5
,"Onondaga County, NY","36067","2021","2021","Unintentional","1","Poisoning","GRINJ-015",181,473236,38.2,32.7,43.8
,"Onondaga County, NY","36067","2021","2021","Unintentional","1","Suffocation","GRINJ-017",13,473236,2.7,1.5,4.7
,"Onondaga County, NY","36067","2021","2021","Suicide","2","Firearm","GRINJ-006",12,473236,2.5,1.3,4.4
,"Onondaga County, NY","36067","2021","2021","Suicide","2","Poisoning","GRINJ-015",15,473236,3.2,1.8,5.2
,"Onondaga County, NY","36067","2021","2021","Suicide","2","Suffocation","GRINJ-017",23,473236,4.9,3.1,7.3
,"Onondaga County, NY","36067","2021","2021","Homicide","3","Firearm","GRINJ-006",28,473236,5.9,3.9,8.6
,"Ontario County, NY","36069","2021","2021","Unintentional","1","Fall","GRINJ-003",19,112508,16.9,10.2,26.4
,"Ontario County, NY","36069","2021","2021","Unintentional","1","Poisoning","GRINJ-015",20,112508,17.8,10.9,27.5
,"Orange County, NY","36071","2021","2021","Unintentional","1","Fall","GRINJ-003",20,404525,4.9,3.0,7.6
,"Orange County, NY","36071","2021","2021","Unintentional","1","Motor Vehicle Traffic","GRINJ-008",34,404525,8.4,5.8,11.7
,"Orange County, NY","36071","2021","2021","Unintentional","1","Poisoning","GRINJ-015",144,404525,35.6,29.8,41.4
,"Orange County, NY","36071","2021","2021","Suicide","2","Firearm","GRINJ-006",11,404525,2.7,1.4,4.9
,"Oswego County, NY","36075","2021","2021","Unintentional","1","Fall","GRINJ-003",21,117387,17.9,11.1,27.3
,"Oswego County, NY","36075","2021","2021","Unintentional","1","Motor Vehicle Traffic","GRINJ-008",16,117387,13.6,7.8,22.1
,"Oswego County, NY","36075","2021","2021","Unintentional","1","Poisoning","GRINJ-015",42,117387,35.8,25.8,48.4
,"Oswego County, NY","36075","2021","2021","Suicide","2","Suffocation","GRINJ-017",11,117387,9.4,4.7,16.8
,"Otsego County, NY","36077","2021","2021","Unintentional","1","Fall","GRINJ-003",10,58123,17.2,8.3,31.6
,"Otsego County, NY","36077","2021","2021","Unintentional","1","Poisoning","GRINJ-015",16,58123,27.5,15.7,44.7
,"Putnam County, NY","36079","2021","2021","Unintentional","1","Fall","GRINJ-003",11,97936,11.2,5.6,20.1
,"Putnam County, NY","36079","2021","2021","Unintentional","1","Poisoning","GRINJ-015",22,97936,22.5,14.1,34.0
,"Queens County, NY","36081","2021","2021","Unintentional","1","Drowning","GRINJ-002",12,2331143,0.5,0.3,0.9
,"Queens County, NY","36081","2021","2021","Unintentional","1","Fall","GRINJ-003",181,2331143,7.8,6.6,8.9
,"Queens County, NY","36081","2021","2021","Unintentional","1","Fire/Flame","GRINJ-004",18,2331143,0.8,0.5,1.2
,"Queens County, NY","36081","2021","2021","Unintentional","1","Motor Vehicle Traffic","GRINJ-008",102,2331143,4.4,3.5,5.2
,"Queens County, NY","36081","2021","2021","Unintentional","1","Natural/Environmental","GRINJ-013",20,2331143,0.9,0.5,1.3
,"Queens County, NY","36081","2021","2021","Unintentional","1","Poisoning","GRINJ-015",417,2331143,17.9,16.2,19.6
,"Queens County, NY","36081","2021","2021","Unintentional","1","Suffocation","GRINJ-017",22,2331143,0.9,0.6,1.4
,"Queens County, NY","36081","2021","2021","Suicide","2","Fall","GRINJ-003",15,2331143,0.6,0.4,1.1
,"Queens County, NY","36081","2021","2021","Suicide","2","Firearm","GRINJ-006",16,2331143,0.7,0.4,1.1
,"Queens County, NY","36081","2021","2021","Suicide","2","Poisoning","GRINJ-015",22,2331143,0.9,0.6,1.4
,"Queens County, NY","36081","2021","2021","Suicide","2","Suffocation","GRINJ-017",61,2331143,2.6,2.0,3.4
,"Queens County, NY","36081","2021","2021","Homicide","3","Cut/Pierce","GRINJ-001",13,2331143,0.6,0.3,1.0
,"Queens County, NY","36081","2021","2021","Homicide","3","Firearm","GRINJ-006",53,2331143,2.3,1.7,3.0
,"Rensselaer County, NY","36083","2021","2021","Unintentional","1","Motor Vehicle Traffic","GRINJ-008",11,160232,6.9,3.4,12.3
,"Rensselaer County, NY","36083","2021","2021","Unintentional","1","Poisoning","GRINJ-015",22,160232,13.7,8.6,20.8
,"Rensselaer County, NY","36083","2021","2021","Homicide","3","Firearm","GRINJ-006",10,160232,6.2,3.0,11.5
,"Rensselaer County, NY","36083","2021","2021","Undetermined ","4","Poisoning","GRINJ-015",24,160232,15.0,9.6,22.3
,"Richmond County, NY","36085","2021","2021","Unintentional","1","Fall","GRINJ-003",39,493494,7.9,5.6,10.8
,"Richmond County, NY","36085","2021","2021","Unintentional","1","Motor Vehicle Traffic","GRINJ-008",21,493494,4.3,2.6,6.5
,"Richmond County, NY","36085","2021","2021","Unintentional","1","Poisoning","GRINJ-015",158,493494,32.0,27.0,37.0
,"Richmond County, NY","36085","2021","2021","Suicide","2","Poisoning","GRINJ-015",13,493494,2.6,1.4,4.5
,"Richmond County, NY","36085","2021","2021","Suicide","2","Suffocation","GRINJ-017",10,493494,2.0,1.0,3.7
,"Richmond County, NY","36085","2021","2021","Homicide","3","Firearm","GRINJ-006",13,493494,2.6,1.4,4.5
,"Rockland County, NY","36087","2021","2021","Unintentional","1","Fall","GRINJ-003",35,339227,10.3,7.2,14.3
,"Rockland County, NY","36087","2021","2021","Unintentional","1","Motor Vehicle Traffic","GRINJ-008",20,339227,5.9,3.6,9.1
,"Rockland County, NY","36087","2021","2021","Unintentional","1","Poisoning","GRINJ-015",69,339227,20.3,15.8,25.7
,"St. Lawrence County, NY","36089","2021","2021","Unintentional","1","Fall","GRINJ-003",14,108051,13.0,7.1,21.7
,"St. Lawrence County, NY","36089","2021","2021","Unintentional","1","Motor Vehicle Traffic","GRINJ-008",14,108051,13.0,7.1,21.7
,"St. Lawrence County, NY","36089","2021","2021","Unintentional","1","Poisoning","GRINJ-015",26,108051,24.1,15.7,35.3
,"Saratoga County, NY","36091","2021","2021","Unintentional","1","Fall","GRINJ-003",21,237359,8.8,5.5,13.5
,"Saratoga County, NY","36091","2021","2021","Unintentional","1","Motor Vehicle Traffic","GRINJ-008",13,237359,5.5,2.9,9.4
,"Saratoga County, NY","36091","2021","2021","Suicide","2","Suffocation","GRINJ-017",11,237359,4.6,2.3,8.3
,"Saratoga County, NY","36091","2021","2021","Undetermined ","4","Poisoning","GRINJ-015",31,237359,13.1,8.9,18.5
,"Schenectady County, NY","36093","2021","2021","Unintentional","1","Fall","GRINJ-003",13,158089,8.2,4.4,14.1
,"Schenectady County, NY","36093","2021","2021","Unintentional","1","Poisoning","GRINJ-015",13,158089,8.2,4.4,14.1
,"Schenectady County, NY","36093","2021","2021","Suicide","2","Firearm","GRINJ-006",11,158089,7.0,3.5,12.4
,"Schenectady County, NY","36093","2021","2021","Suicide","2","Suffocation","GRINJ-017",10,158089,6.3,3.0,11.6
,"Schenectady County, NY","36093","2021","2021","Undetermined ","4","Poisoning","GRINJ-015",38,158089,24.0,17.0,33.0
,"Steuben County, NY","36101","2021","2021","Unintentional","1","Fall","GRINJ-003",13,92948,14.0,7.4,23.9
,"Steuben County, NY","36101","2021","2021","Unintentional","1","Poisoning","GRINJ-015",24,92948,25.8,16.5,38.4
,"Suffolk County, NY","36103","2021","2021","Unintentional","1","Drowning","GRINJ-002",12,1526344,0.8,0.4,1.4
,"Suffolk County, NY","36103","2021","2021","Unintentional","1","Fall","GRINJ-003",245,1526344,16.1,14.0,18.1
,"Suffolk County, NY","36103","2021","2021","Unintentional","1","Motor Vehicle Traffic","GRINJ-008",149,1526344,9.8,8.2,11.3
,"Suffolk County, NY","36103","2021","2021","Unintentional","1","Poisoning","GRINJ-015",539,1526344,35.3,32.3,38.3
,"Suffolk County, NY","36103","2021","2021","Unintentional","1","Suffocation","GRINJ-017",29,1526344,1.9,1.3,2.7
,"Suffolk County, NY","36103","2021","2021","Unintentional","1","Unspecified Injury","GRINJ-020",12,1526344,0.8,0.4,1.4
,"Suffolk County, NY","36103","2021","2021","Suicide","2","Firearm","GRINJ-006",29,1526344,1.9,1.3,2.7
,"Suffolk County, NY","36103","2021","2021","Suicide","2","Poisoning","GRINJ-015",29,1526344,1.9,1.3,2.7
,"Suffolk County, NY","36103","2021","2021","Suicide","2","Suffocation","GRINJ-017",42,1526344,2.8,2.0,3.7
,"Suffolk County, NY","36103","2021","2021","Homicide","3","Firearm","GRINJ-006",22,1526344,1.4,0.9,2.2
,"Sullivan County, NY","36105","2021","2021","Unintentional","1","Motor Vehicle Traffic","GRINJ-008",14,79806,17.5,9.6,29.4
,"Sullivan County, NY","36105","2021","2021","Unintentional","1","Poisoning","GRINJ-015",41,79806,51.4,36.9,69.7
,"Tioga County, NY","36107","2021","2021","Unintentional","1","Poisoning","GRINJ-015",10,47980,20.8,10.0,38.3
,"Tompkins County, NY","36109","2021","2021","Unintentional","1","Motor Vehicle Traffic","GRINJ-008",15,105162,14.3,8.0,23.5
,"Tompkins County, NY","36109","2021","2021","Unintentional","1","Poisoning","GRINJ-015",22,105162,20.9,13.1,31.7
,"Ulster County, NY","36111","2021","2021","Unintentional","1","Fall","GRINJ-003",20,182951,10.9,6.7,16.9
,"Ulster County, NY","36111","2021","2021","Unintentional","1","Motor Vehicle Traffic","GRINJ-008",17,182951,9.3,5.4,14.9
,"Ulster County, NY","36111","2021","2021","Unintentional","1","Poisoning","GRINJ-015",69,182951,37.7,29.3,47.7
,"Wayne County, NY","36117","2021","2021","Unintentional","1","Fall","GRINJ-003",10,90923,11.0,5.3,20.2
,"Wayne County, NY","36117","2021","2021","Unintentional","1","Poisoning","GRINJ-015",20,90923,22.0,13.4,34.0
,"Westchester County, NY","36119","2021","2021","Unintentional","1","Fall","GRINJ-003",90,997895,9.0,7.3,11.1
,"Westchester County, NY","36119","2021","2021","Unintentional","1","Motor Vehicle Traffic","GRINJ-008",46,997895,4.6,3.4,6.1
,"Westchester County, NY","36119","2021","2021","Unintentional","1","Poisoning","GRINJ-015",182,997895,18.2,15.6,20.9
,"Westchester County, NY","36119","2021","2021","Unintentional","1","Suffocation","GRINJ-017",17,997895,1.7,1.0,2.7
,"Westchester County, NY","36119","2021","2021","Suicide","2","Firearm","GRINJ-006",17,997895,1.7,1.0,2.7
,"Westchester County, NY","36119","2021","2021","Suicide","2","Poisoning","GRINJ-015",13,997895,1.3,0.7,2.2
,"Westchester County, NY","36119","2021","2021","Suicide","2","Suffocation","GRINJ-017",21,997895,2.1,1.3,3.2
,"Westchester County, NY","36119","2021","2021","Homicide","3","Firearm","GRINJ-006",11,997895,1.1,0.6,2.0
,"Alamance County, NC","37001","2021","2021","Unintentional","1","Fall","GRINJ-003",41,173877,23.6,16.9,32.0
,"Alamance County, NC","37001","2021","2021","Unintentional","1","Motor Vehicle Traffic","GRINJ-008",22,173877,12.7,7.9,19.2
,"Alamance County, NC","37001","2021","2021","Unintentional","1","Poisoning","GRINJ-015",65,173877,37.4,28.9,47.6
,"Alamance County, NC","37001","2021","2021","Suicide","2","Firearm","GRINJ-006",15,173877,8.6,4.8,14.2
,"Alamance County, NC","37001","2021","2021","Homicide","3","Firearm","GRINJ-006",13,173877,7.5,4.0,12.8
,"Beaufort County, NC","37013","2021","2021","Unintentional","1","Poisoning","GRINJ-015",17,44468,38.2,22.3,61.2
,"Bladen County, NC","37017","2021","2021","Unintentional","1","Motor Vehicle Traffic","GRINJ-008",10,29525,33.9,16.2,62.3
,"Bladen County, NC","37017","2021","2021","Unintentional","1","Poisoning","GRINJ-015",23,29525,77.9,49.4,116.9
,"Brunswick County, NC","37019","2021","2021","Unintentional","1","Fall","GRINJ-003",29,144215,20.1,13.5,28.9
,"Brunswick County, NC","37019","2021","2021","Unintentional","1","Motor Vehicle Traffic","GRINJ-008",24,144215,16.6,10.7,24.8
,"Brunswick County, NC","37019","2021","2021","Unintentional","1","Poisoning","GRINJ-015",48,144215,33.3,24.5,44.1
,"Brunswick County, NC","37019","2021","2021","Suicide","2","Firearm","GRINJ-006",16,144215,11.1,6.3,18.0
,"Buncombe County, NC","37021","2021","2021","Unintentional","1","Fall","GRINJ-003",69,271534,25.4,19.8,32.2
,"Buncombe County, NC","37021","2021","2021","Unintentional","1","Motor Vehicle Traffic","GRINJ-008",39,271534,14.4,10.2,19.6
,"Buncombe County, NC","37021","2021","2021","Unintentional","1","Poisoning","GRINJ-015",117,271534,43.1,35.3,50.9
,"Buncombe County, NC","37021","2021","2021","Suicide","2","Firearm","GRINJ-006",24,271534,8.8,5.7,13.2
,"Buncombe County, NC","37021","2021","2021","Homicide","3","Firearm","GRINJ-006",11,271534,4.1,2.0,7.2
,"Burke County, NC","37023","2021","2021","Unintentional","1","Fall","GRINJ-003",13,87611,14.8,7.9,25.4
,"Burke County, NC","37023","2021","2021","Unintentional","1","Motor Vehicle Traffic","GRINJ-008",15,87611,17.1,9.6,28.2
,"Burke County, NC","37023","2021","2021","Unintentional","1","Poisoning","GRINJ-015",58,87611,66.2,50.3,85.6
,"Cabarrus County, NC","37025","2021","2021","Unintentional","1","Fall","GRINJ-003",38,231278,16.4,11.6,22.6
,"Cabarrus County, NC","37025","2021","2021","Unintentional","1","Motor Vehicle Traffic","GRINJ-008",33,231278,14.3,9.8,20.0
,"Cabarrus County, NC","37025","2021","2021","Unintentional","1","Poisoning","GRINJ-015",71,231278,30.7,24.0,38.7
,"Cabarrus County, NC","37025","2021","2021","Unintentional","1","Suffocation","GRINJ-017",10,231278,4.3,2.1,8.0
,"Cabarrus County, NC","37025","2021","2021","Suicide","2","Firearm","GRINJ-006",17,231278,7.4,4.3,11.8
,"Caldwell County, NC","37027","2021","2021","Unintentional","1","Fall","GRINJ-003",14,80463,17.4,9.5,29.2
,"Caldwell County, NC","37027","2021","2021","Unintentional","1","Motor Vehicle Traffic","GRINJ-008",11,80463,13.7,6.8,24.5
,"Caldwell County, NC","37027","2021","2021","Unintentional","1","Poisoning","GRINJ-015",47,80463,58.4,42.9,77.7
,"Caldwell County, NC","37027","2021","2021","Suicide","2","Firearm","GRINJ-006",10,80463,12.4,6.0,22.9
,"Carteret County, NC","37031","2021","2021","Unintentional","1","Fall","GRINJ-003",12,68541,17.5,9.0,30.6
,"Carteret County, NC","37031","2021","2021","Unintentional","1","Poisoning","GRINJ-015",31,68541,45.2,30.7,64.2
,"Catawba County, NC","37035","2021","2021","Unintentional","1","Fall","GRINJ-003",22,161723,13.6,8.5,20.6
,"Catawba County, NC","37035","2021","2021","Unintentional","1","Motor Vehicle Traffic","GRINJ-008",42,161723,26.0,18.7,35.1
,"Catawba County, NC","37035","2021","2021","Unintentional","1","Poisoning","GRINJ-015",83,161723,51.3,40.9,63.6
,"Catawba County, NC","37035","2021","2021","Suicide","2","Firearm","GRINJ-006",18,161723,11.1,6.6,17.6
,"Catawba County, NC","37035","2021","2021","Homicide","3","Firearm","GRINJ-006",12,161723,7.4,3.8,13.0
,"Chatham County, NC","37037","2021","2021","Unintentional","1","Fall","GRINJ-003",14,77889,18.0,9.8,30.2
,"Chatham County, NC","37037","2021","2021","Unintentional","1","Motor Vehicle Traffic","GRINJ-008",16,77889,20.5,11.7,33.4
,"Chatham County, NC","37037","2021","2021","Unintentional","1","Poisoning","GRINJ-015",27,77889,34.7,22.8,50.4
,"Cherokee County, NC","37039","2021","2021","Unintentional","1","Poisoning","GRINJ-015",20,29167,68.6,41.9,105.9
,"Cleveland County, NC","37045","2021","2021","Unintentional","1","Fall","GRINJ-003",15,100359,14.9,8.4,24.7
,"Cleveland County, NC","37045","2021","2021","Unintentional","1","Motor Vehicle Traffic","GRINJ-008",20,100359,19.9,12.2,30.8
,"Cleveland County, NC","37045","2021","2021","Unintentional","1","Poisoning","GRINJ-015",21,100359,20.9,13.0,32.0
,"Cleveland County, NC","37045","2021","2021","Suicide","2","Firearm","GRINJ-006",18,100359,17.9,10.6,28.3
,"Columbus County, NC","37047","2021","2021","Unintentional","1","Motor Vehicle Traffic","GRINJ-008",21,50092,41.9,26.0,64.1
,"Columbus County, NC","37047","2021","2021","Unintentional","1","Poisoning","GRINJ-015",39,50092,77.9,55.4,106.4
,"Columbus County, NC","37047","2021","2021","Homicide","3","Firearm","GRINJ-006",13,50092,26.0,13.8,44.4
,"Craven County, NC","37049","2021","2021","Unintentional","1","Fall","GRINJ-003",11,100674,10.9,5.5,19.6
,"Craven County, NC","37049","2021","2021","Unintentional","1","Motor Vehicle Traffic","GRINJ-008",18,100674,17.9,10.6,28.3
,"Craven County, NC","37049","2021","2021","Unintentional","1","Poisoning","GRINJ-015",62,100674,61.6,47.2,78.9
,"Craven County, NC","37049","2021","2021","Suicide","2","Firearm","GRINJ-006",13,100674,12.9,6.9,22.1
,"Cumberland County, NC","37051","2021","2021","Unintentional","1","Fall","GRINJ-003",29,335508,8.6,5.8,12.4
,"Cumberland County, NC","37051","2021","2021","Unintentional","1","Motor Vehicle Traffic","GRINJ-008",75,335508,22.4,17.6,28.0
,"Cumberland County, NC","37051","2021","2021","Unintentional","1","Poisoning","GRINJ-015",213,335508,63.5,55.0,72.0
,"Cumberland County, NC","37051","2021","2021","Suicide","2","Firearm","GRINJ-006",38,335508,11.3,8.0,15.5
,"Cumberland County, NC","37051","2021","2021","Suicide","2","Suffocation","GRINJ-017",13,335508,3.9,2.1,6.6
,"Cumberland County, NC","37051","2021","2021","Homicide","3","Firearm","GRINJ-006",54,335508,16.1,12.1,21.0
,"Dare County, NC","37055","2021","2021","Unintentional","1","Poisoning","GRINJ-015",15,37826,39.7,22.2,65.4
,"Davidson County, NC","37057","2021","2021","Unintentional","1","Fall","GRINJ-003",33,170637,19.3,13.3,27.2
,"Davidson County, NC","37057","2021","2021","Unintentional","1","Motor Vehicle Traffic","GRINJ-008",40,170637,23.4,16.7,31.9
,"Davidson County, NC","37057","2021","2021","Unintentional","1","Poisoning","GRINJ-015",113,170637,66.2,54.0,78.4
,"Davidson County, NC","37057","2021","2021","Suicide","2","Firearm","GRINJ-006",22,170637,12.9,8.1,19.5
,"Davie County, NC","37059","2021","2021","Unintentional","1","Fall","GRINJ-003",10,43533,23.0,11.0,42.2
,"Davie County, NC","37059","2021","2021","Unintentional","1","Poisoning","GRINJ-015",21,43533,48.2,29.9,73.7
,"Duplin County, NC","37061","2021","2021","Unintentional","1","Motor Vehicle Traffic","GRINJ-008",20,48515,41.2,25.2,63.7
,"Duplin County, NC","37061","2021","2021","Unintentional","1","Poisoning","GRINJ-015",21,48515,43.3,26.8,66.2
,"Durham County, NC","37063","2021","2021","Unintentional","1","Fall","GRINJ-003",37,326126,11.3,8.0,15.6
,"Durham County, NC","37063","2021","2021","Unintentional","1","Motor Vehicle Traffic","GRINJ-008",31,326126,9.5,6.5,13.5
,"Durham County, NC","37063","2021","2021","Unintentional","1","Poisoning","GRINJ-015",106,326126,32.5,26.3,38.7
,"Durham County, NC","37063","2021","2021","Suicide","2","Firearm","GRINJ-006",21,326126,6.4,4.0,9.8
,"Durham County, NC","37063","2021","2021","Suicide","2","Suffocation","GRINJ-017",13,326126,4.0,2.1,6.8
,"Durham County, NC","37063","2021","2021","Homicide","3","Firearm","GRINJ-006",35,326126,10.7,7.5,14.9
,"Edgecombe County, NC","37065","2021","2021","Unintentional","1","Motor Vehicle Traffic","GRINJ-008",17,48359,35.2,20.5,56.3
,"Edgecombe County, NC","37065","2021","2021","Unintentional","1","Poisoning","GRINJ-015",22,48359,45.5,28.5,68.9
,"Edgecombe County, NC","37065","2021","2021","Homicide","3","Firearm","GRINJ-006",14,48359,29.0,15.8,48.6
,"Forsyth County, NC","37067","2021","2021","Unintentional","1","Fall","GRINJ-003",93,385523,24.1,19.5,29.6
,"Forsyth County, NC","37067","2021","2021","Unintentional","1","Motor Vehicle Traffic","GRINJ-008",54,385523,14.0,10.5,18.3
,"Forsyth County, NC","37067","2021","2021","Unintentional","1","Poisoning","GRINJ-015",146,385523,37.9,31.7,44.0
,"Forsyth County, NC","37067","2021","2021","Unintentional","1","Suffocation","GRINJ-017",10,385523,2.6,1.2,4.8
,"Forsyth County, NC","37067","2021","2021","Suicide","2","Firearm","GRINJ-006",32,385523,8.3,5.7,11.7
,"Forsyth County, NC","37067","2021","2021","Suicide","2","Suffocation","GRINJ-017",13,385523,3.4,1.8,5.8
,"Forsyth County, NC","37067","2021","2021","Homicide","3","Firearm","GRINJ-006",41,385523,10.6,7.6,14.4
,"Franklin County, NC","37069","2021","2021","Unintentional","1","Fall","GRINJ-003",12,71703,16.7,8.6,29.2
,"Franklin County, NC","37069","2021","2021","Unintentional","1","Motor Vehicle Traffic","GRINJ-008",11,71703,15.3,7.7,27.4
,"Franklin County, NC","37069","2021","2021","Unintentional","1","Poisoning","GRINJ-015",25,71703,34.9,22.6,51.5
,"Franklin County, NC","37069","2021","2021","Suicide","2","Firearm","GRINJ-006",13,71703,18.1,9.7,31.0
,"Gaston County, NC","37071","2021","2021","Unintentional","1","Fall","GRINJ-003",31,230856,13.4,9.1,19.1
,"Gaston County, NC","37071","2021","2021","Unintentional","1","Motor Vehicle Traffic","GRINJ-008",39,230856,16.9,12.0,23.1
,"Gaston County, NC","37071","2021","2021","Unintentional","1","Poisoning","GRINJ-015",62,230856,26.9,20.6,34.4
,"Gaston County, NC","37071","2021","2021","Suicide","2","Firearm","GRINJ-006",25,230856,10.8,7.0,16.0
,"Gaston County, NC","37071","2021","2021","Homicide","3","Firearm","GRINJ-006",25,230856,10.8,7.0,16.0
,"Granville County, NC","37077","2021","2021","Unintentional","1","Motor Vehicle Traffic","GRINJ-008",16,61986,25.8,14.8,41.9
,"Granville County, NC","37077","2021","2021","Unintentional","1","Poisoning","GRINJ-015",24,61986,38.7,24.8,57.6
,"Granville County, NC","37077","2021","2021","Suicide","2","Firearm","GRINJ-006",10,61986,16.1,7.7,29.7
,"Guilford County, NC","37081","2021","2021","Unintentional","1","Fall","GRINJ-003",106,542410,19.5,15.8,23.3
,"Guilford County, NC","37081","2021","2021","Unintentional","1","Motor Vehicle Traffic","GRINJ-008",84,542410,15.5,12.4,19.2
,"Guilford County, NC","37081","2021","2021","Unintentional","1","Poisoning","GRINJ-015",238,542410,43.9,38.3,49.5
,"Guilford County, NC","37081","2021","2021","Unintentional","1","Suffocation","GRINJ-017",10,542410,1.8,0.9,3.4
,"Guilford County, NC","37081","2021","2021","Suicide","2","Firearm","GRINJ-006",34,542410,6.3,4.3,8.8
,"Guilford County, NC","37081","2021","2021","Homicide","3","Firearm","GRINJ-006",61,542410,11.2,8.6,14.4
,"Halifax County, NC","37083","2021","2021","Unintentional","1","Motor Vehicle Traffic","GRINJ-008",17,48272,35.2,20.5,56.4
,"Halifax County, NC","37083","2021","2021","Unintentional","1","Poisoning","GRINJ-015",15,48272,31.1,17.4,51.3
,"Halifax County, NC","37083","2021","2021","Homicide","3","Firearm","GRINJ-006",10,48272,20.7,9.9,38.1
,"Harnett County, NC","37085","2021","2021","Unintentional","1","Fall","GRINJ-003",19,135966,14.0,8.4,21.8
,"Harnett County, NC","37085","2021","2021","Unintentional","1","Motor Vehicle Traffic","GRINJ-008",41,135966,30.2,21.6,40.9
,"Harnett County, NC","37085","2021","2021","Unintentional","1","Poisoning","GRINJ-015",62,135966,45.6,35.0,58.5
,"Harnett County, NC","37085","2021","2021","Suicide","2","Firearm","GRINJ-006",15,135966,11.0,6.2,18.2
,"Harnett County, NC","37085","2021","2021","Homicide","3","Firearm","GRINJ-006",11,135966,8.1,4.0,14.5
,"Haywood County, NC","37087","2021","2021","Unintentional","1","Fall","GRINJ-003",15,62476,24.0,13.4,39.6
,"Haywood County, NC","37087","2021","2021","Unintentional","1","Motor Vehicle Traffic","GRINJ-008",11,62476,17.6,8.8,31.5
,"Haywood County, NC","37087","2021","2021","Unintentional","1","Poisoning","GRINJ-015",26,62476,41.6,27.2,61.0
,"Haywood County, NC","37087","2021","2021","Suicide","2","Firearm","GRINJ-006",12,62476,19.2,9.9,33.6
,"Henderson County, NC","37089","2021","2021","Unintentional","1","Fall","GRINJ-003",46,116829,39.4,28.8,52.5
,"Henderson County, NC","37089","2021","2021","Unintentional","1","Motor Vehicle Traffic","GRINJ-008",11,116829,9.4,4.7,16.8
,"Henderson County, NC","37089","2021","2021","Unintentional","1","Poisoning","GRINJ-015",31,116829,26.5,18.0,37.7
,"Henderson County, NC","37089","2021","2021","Suicide","2","Firearm","GRINJ-006",15,116829,12.8,7.2,21.2
,"Hoke County, NC","37093","2021","2021","Unintentional","1","Motor Vehicle Traffic","GRINJ-008",15,53114,28.2,15.8,46.6
,"Hoke County, NC","37093","2021","2021","Unintentional","1","Poisoning","GRINJ-015",22,53114,41.4,26.0,62.7
,"Hoke County, NC","37093","2021","2021","Homicide","3","Firearm","GRINJ-006",10,53114,18.8,9.0,34.6
,"Iredell County, NC","37097","2021","2021","Unintentional","1","Fall","GRINJ-003",15,191968,7.8,4.4,12.9
,"Iredell County, NC","37097","2021","2021","Unintentional","1","Motor Vehicle Traffic","GRINJ-008",21,191968,10.9,6.8,16.7
,"Iredell County, NC","37097","2021","2021","Unintentional","1","Poisoning","GRINJ-015",40,191968,20.8,14.9,28.4
,"Iredell County, NC","37097","2021","2021","Suicide","2","Firearm","GRINJ-006",19,191968,9.9,6.0,15.5
,"Iredell County, NC","37097","2021","2021","Homicide","3","Firearm","GRINJ-006",12,191968,6.3,3.2,10.9
,"Jackson County, NC","37099","2021","2021","Unintentional","1","Poisoning","GRINJ-015",24,43410,55.3,35.4,82.3
,"Johnston County, NC","37101","2021","2021","Unintentional","1","Fall","GRINJ-003",51,226504,22.5,16.8,29.6
,"Johnston County, NC","37101","2021","2021","Unintentional","1","Motor Vehicle Traffic","GRINJ-008",40,226504,17.7,12.6,24.0
,"Johnston County, NC","37101","2021","2021","Unintentional","1","Poisoning","GRINJ-015",73,226504,32.2,25.3,40.5
,"Johnston County, NC","37101","2021","2021","Suicide","2","Firearm","GRINJ-006",27,226504,11.9,7.9,17.3
,"Johnston County, NC","37101","2021","2021","Homicide","3","Firearm","GRINJ-006",10,226504,4.4,2.1,8.1
,"Lee County, NC","37105","2021","2021","Unintentional","1","Fall","GRINJ-003",11,64138,17.2,8.6,30.7
,"Lee County, NC","37105","2021","2021","Unintentional","1","Motor Vehicle Traffic","GRINJ-008",20,64138,31.2,19.0,48.2
,"Lee County, NC","37105","2021","2021","Unintentional","1","Poisoning","GRINJ-015",36,64138,56.1,39.3,77.7
,"Lenoir County, NC","37107","2021","2021","Unintentional","1","Fall","GRINJ-003",13,54706,23.8,12.7,40.6
,"Lenoir County, NC","37107","2021","2021","Unintentional","1","Motor Vehicle Traffic","GRINJ-008",24,54706,43.9,28.1,65.3
,"Lenoir County, NC","37107","2021","2021","Unintentional","1","Poisoning","GRINJ-015",21,54706,38.4,23.8,58.7
,"Lincoln County, NC","37109","2021","2021","Unintentional","1","Motor Vehicle Traffic","GRINJ-008",13,89670,14.5,7.7,24.8
,"Lincoln County, NC","37109","2021","2021","Unintentional","1","Poisoning","GRINJ-015",34,89670,37.9,26.3,53.0
,"McDowell County, NC","37111","2021","2021","Unintentional","1","Fall","GRINJ-003",11,44717,24.6,12.3,44.0
,"McDowell County, NC","37111","2021","2021","Unintentional","1","Poisoning","GRINJ-015",23,44717,51.4,32.6,77.2
,"Macon County, NC","37113","2021","2021","Unintentional","1","Fall","GRINJ-003",14,37564,37.3,20.4,62.5
,"Macon County, NC","37113","2021","2021","Unintentional","1","Poisoning","GRINJ-015",17,37564,45.3,26.4,72.5
,"Macon County, NC","37113","2021","2021","Suicide","2","Firearm","GRINJ-006",15,37564,39.9,22.3,65.9
,"Martin County, NC","37117","2021","2021","Unintentional","1","Poisoning","GRINJ-015",10,21754,46.0,22.0,84.5
,"Mecklenburg County, NC","37119","2021","2021","Unintentional","1","Drowning","GRINJ-002",12,1122276,1.1,0.6,1.9
,"Mecklenburg County, NC","37119","2021","2021","Unintentional","1","Fall","GRINJ-003",79,1122276,7.0,5.6,8.8
,"Mecklenburg County, NC","37119","2021","2021","Unintentional","1","Motor Vehicle Traffic","GRINJ-008",124,1122276,11.0,9.1,13.0
,"Mecklenburg County, NC","37119","2021","2021","Unintentional","1","Poisoning","GRINJ-015",231,1122276,20.6,17.9,23.2
,"Mecklenburg County, NC","37119","2021","2021","Unintentional","1","Suffocation","GRINJ-017",18,1122276,1.6,1.0,2.5
,"Mecklenburg County, NC","37119","2021","2021","Unintentional","1","Unspecified Injury","GRINJ-020",13,1122276,1.2,0.6,2.0
,"Mecklenburg County, NC","37119","2021","2021","Suicide","2","Firearm","GRINJ-006",71,1122276,6.3,4.9,8.0
,"Mecklenburg County, NC","37119","2021","2021","Suicide","2","Poisoning","GRINJ-015",14,1122276,1.2,0.7,2.1
,"Mecklenburg County, NC","37119","2021","2021","Suicide","2","Suffocation","GRINJ-017",33,1122276,2.9,2.0,4.1
,"Mecklenburg County, NC","37119","2021","2021","Homicide","3","Firearm","GRINJ-006",107,1122276,9.5,7.7,11.3
,"Montgomery County, NC","37123","2021","2021","Unintentional","1","Poisoning","GRINJ-015",19,25798,73.6,44.3,115.0
,"Moore County, NC","37125","2021","2021","Unintentional","1","Fall","GRINJ-003",21,102763,20.4,12.6,31.2
,"Moore County, NC","37125","2021","2021","Unintentional","1","Motor Vehicle Traffic","GRINJ-008",24,102763,23.4,15.0,34.7
,"Moore County, NC","37125","2021","2021","Unintentional","1","Poisoning","GRINJ-015",31,102763,30.2,20.5,42.8
,"Moore County, NC","37125","2021","2021","Suicide","2","Firearm","GRINJ-006",10,102763,9.7,4.7,17.9
,"Nash County, NC","37127","2021","2021","Unintentional","1","Fall","GRINJ-003",16,95176,16.8,9.6,27.3
,"Nash County, NC","37127","2021","2021","Unintentional","1","Motor Vehicle Traffic","GRINJ-008",17,95176,17.9,10.4,28.6
,"Nash County, NC","37127","2021","2021","Unintentional","1","Poisoning","GRINJ-015",35,95176,36.8,25.6,51.1
,"New Hanover County, NC","37129","2021","2021","Unintentional","1","Fall","GRINJ-003",38,229018,16.6,11.7,22.8
,"New Hanover County, NC","37129","2021","2021","Unintentional","1","Motor Vehicle Traffic","GRINJ-008",40,229018,17.5,12.5,23.8
,"New Hanover County, NC","37129","2021","2021","Unintentional","1","Poisoning","GRINJ-015",99,229018,43.2,35.1,52.6
,"New Hanover County, NC","37129","2021","2021","Suicide","2","Firearm","GRINJ-006",17,229018,7.4,4.3,11.9
,"New Hanover County, NC","37129","2021","2021","Suicide","2","Suffocation","GRINJ-017",11,229018,4.8,2.4,8.6
,"New Hanover County, NC","37129","2021","2021","Homicide","3","Firearm","GRINJ-006",12,229018,5.2,2.7,9.2
,"Onslow County, NC","37133","2021","2021","Unintentional","1","Fall","GRINJ-003",13,206160,6.3,3.4,10.8
,"Onslow County, NC","37133","2021","2021","Unintentional","1","Motor Vehicle Traffic","GRINJ-008",30,206160,14.6,9.8,20.8
,"Onslow County, NC","37133","2021","2021","Unintentional","1","Poisoning","GRINJ-015",73,206160,35.4,27.8,44.5
,"Onslow County, NC","37133","2021","2021","Suicide","2","Firearm","GRINJ-006",29,206160,14.1,9.4,20.2
,"Orange County, NC","37135","2021","2021","Unintentional","1","Fall","GRINJ-003",12,148884,8.1,4.2,14.1
,"Orange County, NC","37135","2021","2021","Unintentional","1","Motor Vehicle Traffic","GRINJ-008",12,148884,8.1,4.2,14.1
,"Orange County, NC","37135","2021","2021","Unintentional","1","Poisoning","GRINJ-015",27,148884,18.1,12.0,26.4
,"Pasquotank County, NC","37139","2021","2021","Unintentional","1","Poisoning","GRINJ-015",19,40821,46.5,28.0,72.7
,"Pender County, NC","37141","2021","2021","Unintentional","1","Motor Vehicle Traffic","GRINJ-008",13,62815,20.7,11.0,35.4
,"Pender County, NC","37141","2021","2021","Unintentional","1","Poisoning","GRINJ-015",27,62815,43.0,28.3,62.5
,"Person County, NC","37145","2021","2021","Unintentional","1","Motor Vehicle Traffic","GRINJ-008",10,39127,25.6,12.3,47.0
,"Person County, NC","37145","2021","2021","Unintentional","1","Poisoning","GRINJ-015",11,39127,28.1,14.0,50.3
,"Pitt County, NC","37147","2021","2021","Unintentional","1","Fall","GRINJ-003",25,172169,14.5,9.4,21.4
,"Pitt County, NC","37147","2021","2021","Unintentional","1","Motor Vehicle Traffic","GRINJ-008",27,172169,15.7,10.3,22.8
,"Pitt County, NC","37147","2021","2021","Unintentional","1","Poisoning","GRINJ-015",52,172169,30.2,22.6,39.6
,"Pitt County, NC","37147","2021","2021","Suicide","2","Firearm","GRINJ-006",11,172169,6.4,3.2,11.4
,"Randolph County, NC","37151","2021","2021","Unintentional","1","Fall","GRINJ-003",48,145172,33.1,24.4,43.8
,"Randolph County, NC","37151","2021","2021","Unintentional","1","Motor Vehicle Traffic","GRINJ-008",33,145172,22.7,15.6,31.9
,"Randolph County, NC","37151","2021","2021","Unintentional","1","Poisoning","GRINJ-015",92,145172,63.4,51.1,77.7
,"Randolph County, NC","37151","2021","2021","Suicide","2","Firearm","GRINJ-006",16,145172,11.0,6.3,17.9
,"Richmond County, NC","37153","2021","2021","Unintentional","1","Motor Vehicle Traffic","GRINJ-008",16,42724,37.4,21.4,60.8
,"Richmond County, NC","37153","2021","2021","Unintentional","1","Poisoning","GRINJ-015",35,42724,81.9,57.1,113.9
,"Robeson County, NC","37155","2021","2021","Unintentional","1","Motor Vehicle Traffic","GRINJ-008",71,116328,61.0,47.7,77.0
,"Robeson County, NC","37155","2021","2021","Unintentional","1","Poisoning","GRINJ-015",128,116328,110.0,91.0,129.1
,"Robeson County, NC","37155","2021","2021","Homicide","3","Firearm","GRINJ-006",39,116328,33.5,23.8,45.8
,"Rockingham County, NC","37157","2021","2021","Unintentional","1","Fall","GRINJ-003",24,91266,26.3,16.8,39.1
,"Rockingham County, NC","37157","2021","2021","Unintentional","1","Motor Vehicle Traffic","GRINJ-008",29,91266,31.8,21.3,45.6
,"Rockingham County, NC","37157","2021","2021","Unintentional","1","Poisoning","GRINJ-015",56,91266,61.4,46.4,79.7
,"Rowan County, NC","37159","2021","2021","Unintentional","1","Fall","GRINJ-003",27,148150,18.2,12.0,26.5
,"Rowan County, NC","37159","2021","2021","Unintentional","1","Motor Vehicle Traffic","GRINJ-008",39,148150,26.3,18.7,36.0
,"Rowan County, NC","37159","2021","2021","Unintentional","1","Poisoning","GRINJ-015",83,148150,56.0,44.6,69.5
,"Rowan County, NC","37159","2021","2021","Suicide","2","Firearm","GRINJ-006",17,148150,11.5,6.7,18.4
,"Rowan County, NC","37159","2021","2021","Homicide","3","Firearm","GRINJ-006",16,148150,10.8,6.2,17.5
,"Rutherford County, NC","37161","2021","2021","Unintentional","1","Fall","GRINJ-003",15,64586,23.2,13.0,38.3
,"Rutherford County, NC","37161","2021","2021","Unintentional","1","Motor Vehicle Traffic","GRINJ-008",20,64586,31.0,18.9,47.8
,"Rutherford County, NC","37161","2021","2021","Unintentional","1","Poisoning","GRINJ-015",36,64586,55.7,39.0,77.2
,"Sampson County, NC","37163","2021","2021","Unintentional","1","Fall","GRINJ-003",15,58990,25.4,14.2,41.9
,"Sampson County, NC","37163","2021","2021","Unintentional","1","Motor Vehicle Traffic","GRINJ-008",22,58990,37.3,23.4,56.5
,"Sampson County, NC","37163","2021","2021","Unintentional","1","Poisoning","GRINJ-015",21,58990,35.6,22.0,54.4
,"Scotland County, NC","37165","2021","2021","Unintentional","1","Motor Vehicle Traffic","GRINJ-008",15,34227,43.8,24.5,72.3
,"Scotland County, NC","37165","2021","2021","Unintentional","1","Poisoning","GRINJ-015",22,34227,64.3,40.3,97.3
,"Scotland County, NC","37165","2021","2021","Homicide","3","Firearm","GRINJ-006",12,34227,35.1,18.1,61.2
,"Stanly County, NC","37167","2021","2021","Unintentional","1","Motor Vehicle Traffic","GRINJ-008",13,63425,20.5,10.9,35.0
,"Stanly County, NC","37167","2021","2021","Unintentional","1","Poisoning","GRINJ-015",24,63425,37.8,24.2,56.3
,"Stokes County, NC","37169","2021","2021","Unintentional","1","Fall","GRINJ-003",10,44553,22.4,10.8,41.3
,"Stokes County, NC","37169","2021","2021","Unintentional","1","Motor Vehicle Traffic","GRINJ-008",10,44553,22.4,10.8,41.3
,"Stokes County, NC","37169","2021","2021","Unintentional","1","Poisoning","GRINJ-015",30,44553,67.3,45.4,96.1
,"Surry County, NC","37171","2021","2021","Unintentional","1","Fall","GRINJ-003",26,71152,36.5,23.9,53.5
,"Surry County, NC","37171","2021","2021","Unintentional","1","Motor Vehicle Traffic","GRINJ-008",14,71152,19.7,10.8,33.0
,"Surry County, NC","37171","2021","2021","Unintentional","1","Poisoning","GRINJ-015",30,71152,42.2,28.4,60.2
,"Transylvania County, NC","37175","2021","2021","Unintentional","1","Fall","GRINJ-003",13,33165,39.2,20.9,67.0
,"Union County, NC","37179","2021","2021","Unintentional","1","Fall","GRINJ-003",24,243648,9.9,6.3,14.7
,"Union County, NC","37179","2021","2021","Unintentional","1","Motor Vehicle Traffic","GRINJ-008",29,243648,11.9,8.0,17.1
,"Union County, NC","37179","2021","2021","Unintentional","1","Poisoning","GRINJ-015",51,243648,20.9,15.6,27.5
,"Union County, NC","37179","2021","2021","Suicide","2","Firearm","GRINJ-006",11,243648,4.5,2.3,8.1
,"Union County, NC","37179","2021","2021","Homicide","3","Firearm","GRINJ-006",11,243648,4.5,2.3,8.1
,"Vance County, NC","37181","2021","2021","Unintentional","1","Motor Vehicle Traffic","GRINJ-008",26,42185,61.6,40.3,90.3
,"Vance County, NC","37181","2021","2021","Unintentional","1","Poisoning","GRINJ-015",21,42185,49.8,30.8,76.1
,"Wake County, NC","37183","2021","2021","Unintentional","1","Fall","GRINJ-003",138,1150204,12.0,10.0,14.0
,"Wake County, NC","37183","2021","2021","Unintentional","1","Motor Vehicle Traffic","GRINJ-008",109,1150204,9.5,7.7,11.3
,"Wake County, NC","37183","2021","2021","Unintentional","1","Poisoning","GRINJ-015",230,1150204,20.0,17.4,22.6
,"Wake County, NC","37183","2021","2021","Unintentional","1","Suffocation","GRINJ-017",17,1150204,1.5,0.9,2.4
,"Wake County, NC","37183","2021","2021","Unintentional","1","Unspecified Injury","GRINJ-020",16,1150204,1.4,0.8,2.3
,"Wake County, NC","37183","2021","2021","Suicide","2","Firearm","GRINJ-006",49,1150204,4.3,3.2,5.6
,"Wake County, NC","37183","2021","2021","Suicide","2","Poisoning","GRINJ-015",18,1150204,1.6,0.9,2.5
,"Wake County, NC","37183","2021","2021","Suicide","2","Suffocation","GRINJ-017",26,1150204,2.3,1.5,3.3
,"Wake County, NC","37183","2021","2021","Homicide","3","Firearm","GRINJ-006",40,1150204,3.5,2.5,4.7
,"Watauga County, NC","37189","2021","2021","Unintentional","1","Poisoning","GRINJ-015",11,54234,20.3,10.1,36.3
,"Wayne County, NC","37191","2021","2021","Unintentional","1","Fall","GRINJ-003",25,116835,21.4,13.8,31.6
,"Wayne County, NC","37191","2021","2021","Unintentional","1","Motor Vehicle Traffic","GRINJ-008",20,116835,17.1,10.5,26.4
,"Wayne County, NC","37191","2021","2021","Unintentional","1","Poisoning","GRINJ-015",37,116835,31.7,22.3,43.7
,"Wayne County, NC","37191","2021","2021","Suicide","2","Firearm","GRINJ-006",10,116835,8.6,4.1,15.7
,"Wayne County, NC","37191","2021","2021","Homicide","3","Firearm","GRINJ-006",14,116835,12.0,6.6,20.1
,"Wilkes County, NC","37193","2021","2021","Unintentional","1","Fall","GRINJ-003",22,65806,33.4,21.0,50.6
,"Wilkes County, NC","37193","2021","2021","Unintentional","1","Motor Vehicle Traffic","GRINJ-008",22,65806,33.4,21.0,50.6
,"Wilkes County, NC","37193","2021","2021","Unintentional","1","Poisoning","GRINJ-015",24,65806,36.5,23.4,54.3
,"Wilson County, NC","37195","2021","2021","Unintentional","1","Fall","GRINJ-003",12,78369,15.3,7.9,26.7
,"Wilson County, NC","37195","2021","2021","Unintentional","1","Motor Vehicle Traffic","GRINJ-008",15,78369,19.1,10.7,31.6
,"Wilson County, NC","37195","2021","2021","Unintentional","1","Poisoning","GRINJ-015",36,78369,45.9,32.2,63.6
,"Yadkin County, NC","37197","2021","2021","Unintentional","1","Fall","GRINJ-003",13,37192,35.0,18.6,59.8
,"Yadkin County, NC","37197","2021","2021","Unintentional","1","Motor Vehicle Traffic","GRINJ-008",15,37192,40.3,22.6,66.5
,"Yadkin County, NC","37197","2021","2021","Unintentional","1","Poisoning","GRINJ-015",15,37192,40.3,22.6,66.5
,"Burleigh County, ND","38015","2021","2021","Unintentional","1","Fall","GRINJ-003",14,98933,14.2,7.7,23.7
,"Burleigh County, ND","38015","2021","2021","Unintentional","1","Poisoning","GRINJ-015",15,98933,15.2,8.5,25.0
,"Burleigh County, ND","38015","2021","2021","Suicide","2","Firearm","GRINJ-006",10,98933,10.1,4.8,18.6
,"Cass County, ND","38017","2021","2021","Unintentional","1","Fall","GRINJ-003",33,186562,17.7,12.2,24.8
,"Cass County, ND","38017","2021","2021","Unintentional","1","Motor Vehicle Traffic","GRINJ-008",11,186562,5.9,2.9,10.5
,"Cass County, ND","38017","2021","2021","Unintentional","1","Poisoning","GRINJ-015",27,186562,14.5,9.5,21.1
,"Cass County, ND","38017","2021","2021","Suicide","2","Firearm","GRINJ-006",18,186562,9.6,5.7,15.2
,"Grand Forks County, ND","38035","2021","2021","Unintentional","1","Fall","GRINJ-003",13,72705,17.9,9.5,30.6
,"Grand Forks County, ND","38035","2021","2021","Unintentional","1","Motor Vehicle Traffic","GRINJ-008",10,72705,13.8,6.6,25.3
,"Grand Forks County, ND","38035","2021","2021","Unintentional","1","Poisoning","GRINJ-015",14,72705,19.3,10.5,32.3
,"Rolette County, ND","38079","2021","2021","Unintentional","1","Motor Vehicle Traffic","GRINJ-008",12,12048,99.6,51.5,174.0
,"Stutsman County, ND","38093","2021","2021","Unintentional","1","Fall","GRINJ-003",11,21576,51.0,25.5,91.2
,"Ward County, ND","38101","2021","2021","Unintentional","1","Poisoning","GRINJ-015",15,69071,21.7,12.2,35.8
,"Adams County, OH","39001","2021","2021","Unintentional","1","Poisoning","GRINJ-015",16,27542,58.1,33.2,94.3
,"Allen County, OH","39003","2021","2021","Unintentional","1","Fall","GRINJ-003",26,101670,25.6,16.7,37.5
,"Allen County, OH","39003","2021","2021","Unintentional","1","Motor Vehicle Traffic","GRINJ-008",20,101670,19.7,12.0,30.4
,"Allen County, OH","39003","2021","2021","Unintentional","1","Poisoning","GRINJ-015",31,101670,30.5,20.7,43.3
,"Ashland County, OH","39005","2021","2021","Unintentional","1","Fall","GRINJ-003",11,52316,21.0,10.5,37.6
,"Ashtabula County, OH","39007","2021","2021","Unintentional","1","Motor Vehicle Traffic","GRINJ-008",15,97337,15.4,8.6,25.4
,"Ashtabula County, OH","39007","2021","2021","Unintentional","1","Poisoning","GRINJ-015",37,97337,38.0,26.8,52.4
,"Ashtabula County, OH","39007","2021","2021","Suicide","2","Firearm","GRINJ-006",14,97337,14.4,7.9,24.1
,"Athens County, OH","39009","2021","2021","Unintentional","1","Fall","GRINJ-003",12,62056,19.3,10.0,33.8
,"Athens County, OH","39009","2021","2021","Unintentional","1","Motor Vehicle Traffic","GRINJ-008",12,62056,19.3,10.0,33.8
,"Athens County, OH","39009","2021","2021","Unintentional","1","Poisoning","GRINJ-015",28,62056,45.1,30.0,65.2
,"Auglaize County, OH","39011","2021","2021","Unintentional","1","Poisoning","GRINJ-015",10,46141,21.7,10.4,39.9
,"Belmont County, OH","39013","2021","2021","Unintentional","1","Fall","GRINJ-003",10,65849,15.2,7.3,27.9
,"Belmont County, OH","39013","2021","2021","Unintentional","1","Poisoning","GRINJ-015",19,65849,28.9,17.4,45.1
,"Brown County, OH","39015","2021","2021","Unintentional","1","Poisoning","GRINJ-015",31,43662,71.0,48.2,100.8
,"Butler County, OH","39017","2021","2021","Unintentional","1","Fall","GRINJ-003",38,390234,9.7,6.9,13.4
,"Butler County, OH","39017","2021","2021","Unintentional","1","Motor Vehicle Traffic","GRINJ-008",32,390234,8.2,5.6,11.6
,"Butler County, OH","39017","2021","2021","Unintentional","1","Poisoning","GRINJ-015",194,390234,49.7,42.7,56.7
,"Butler County, OH","39017","2021","2021","Suicide","2","Firearm","GRINJ-006",34,390234,8.7,6.0,12.2
,"Butler County, OH","39017","2021","2021","Homicide","3","Firearm","GRINJ-006",17,390234,4.4,2.5,7.0
,"Champaign County, OH","39021","2021","2021","Unintentional","1","Poisoning","GRINJ-015",12,38699,31.0,16.0,54.2
,"Clark County, OH","39023","2021","2021","Unintentional","1","Fall","GRINJ-003",34,135633,25.1,17.4,35.0
,"Clark County, OH","39023","2021","2021","Unintentional","1","Motor Vehicle Traffic","GRINJ-008",29,135633,21.4,14.3,30.7
,"Clark County, OH","39023","2021","2021","Unintentional","1","Poisoning","GRINJ-015",82,135633,60.5,48.1,75.0
,"Clark County, OH","39023","2021","2021","Suicide","2","Firearm","GRINJ-006",19,135633,14.0,8.4,21.9
,"Clark County, OH","39023","2021","2021","Homicide","3","Firearm","GRINJ-006",12,135633,8.8,4.6,15.5
,"Clermont County, OH","39025","2021","2021","Unintentional","1","Fall","GRINJ-003",16,209642,7.6,4.4,12.4
,"Clermont County, OH","39025","2021","2021","Unintentional","1","Motor Vehicle Traffic","GRINJ-008",23,209642,11.0,7.0,16.5
,"Clermont County, OH","39025","2021","2021","Unintentional","1","Poisoning","GRINJ-015",92,209642,43.9,35.4,53.8
,"Clermont County, OH","39025","2021","2021","Suicide","2","Firearm","GRINJ-006",16,209642,7.6,4.4,12.4
,"Clinton County, OH","39027","2021","2021","Unintentional","1","Poisoning","GRINJ-015",22,42004,52.4,32.8,79.3
,"Columbiana County, OH","39029","2021","2021","Unintentional","1","Fall","GRINJ-003",14,101310,13.8,7.6,23.2
,"Columbiana County, OH","39029","2021","2021","Unintentional","1","Motor Vehicle Traffic","GRINJ-008",13,101310,12.8,6.8,21.9
,"Columbiana County, OH","39029","2021","2021","Unintentional","1","Poisoning","GRINJ-015",46,101310,45.4,33.2,60.6
,"Columbiana County, OH","39029","2021","2021","Suicide","2","Firearm","GRINJ-006",15,101310,14.8,8.3,24.4
,"Coshocton County, OH","39031","2021","2021","Unintentional","1","Poisoning","GRINJ-015",12,36618,32.8,16.9,57.2
,"Cuyahoga County, OH","39035","2021","2021","Unintentional","1","Drowning","GRINJ-002",17,1249387,1.4,0.8,2.2
,"Cuyahoga County, OH","39035","2021","2021","Unintentional","1","Fall","GRINJ-003",190,1249387,15.2,13.0,17.4
,"Cuyahoga County, OH","39035","2021","2021","Unintentional","1","Fire/Flame","GRINJ-004",21,1249387,1.7,1.0,2.6
,"Cuyahoga County, OH","39035","2021","2021","Unintentional","1","Motor Vehicle Traffic","GRINJ-008",155,1249387,12.4,10.5,14.4
,"Cuyahoga County, OH","39035","2021","2021","Unintentional","1","Poisoning","GRINJ-015",594,1249387,47.5,43.7,51.4
,"Cuyahoga County, OH","39035","2021","2021","Unintentional","1","Suffocation","GRINJ-017",56,1249387,4.5,3.4,5.8
,"Cuyahoga County, OH","39035","2021","2021","Unintentional","1","Other specified, not elsewhere classified Injury","GRINJ-019",11,1249387,0.9,0.4,1.6
,"Cuyahoga County, OH","39035","2021","2021","Unintentional","1","Unspecified Injury","GRINJ-020",25,1249387,2.0,1.3,3.0
,"Cuyahoga County, OH","39035","2021","2021","Suicide","2","Fall","GRINJ-003",10,1249387,0.8,0.4,1.5
,"Cuyahoga County, OH","39035","2021","2021","Suicide","2","Firearm","GRINJ-006",87,1249387,7.0,5.6,8.6
,"Cuyahoga County, OH","39035","2021","2021","Suicide","2","Poisoning","GRINJ-015",21,1249387,1.7,1.0,2.6
,"Cuyahoga County, OH","39035","2021","2021","Suicide","2","Suffocation","GRINJ-017",47,1249387,3.8,2.8,5.0
,"Cuyahoga County, OH","39035","2021","2021","Homicide","3","Firearm","GRINJ-006",220,1249387,17.6,15.3,19.9
,"Cuyahoga County, OH","39035","2021","2021","Homicide","3","Unspecified Injury","GRINJ-020",10,1249387,0.8,0.4,1.5
,"Darke County, OH","39037","2021","2021","Unintentional","1","Fall","GRINJ-003",17,51597,32.9,19.2,52.8
,"Darke County, OH","39037","2021","2021","Unintentional","1","Poisoning","GRINJ-015",17,51597,32.9,19.2,52.8
,"Defiance County, OH","39039","2021","2021","Unintentional","1","Fall","GRINJ-003",13,38144,34.1,18.1,58.3
,"Defiance County, OH","39039","2021","2021","Unintentional","1","Poisoning","GRINJ-015",13,38144,34.1,18.1,58.3
,"Delaware County, OH","39041","2021","2021","Unintentional","1","Fall","GRINJ-003",28,220740,12.7,8.4,18.3
,"Delaware County, OH","39041","2021","2021","Unintentional","1","Motor Vehicle Traffic","GRINJ-008",10,220740,4.5,2.2,8.3
,"Delaware County, OH","39041","2021","2021","Unintentional","1","Poisoning","GRINJ-015",42,220740,19.0,13.7,25.7
,"Delaware County, OH","39041","2021","2021","Suicide","2","Firearm","GRINJ-006",15,220740,6.8,3.8,11.2
,"Erie County, OH","39043","2021","2021","Unintentional","1","Poisoning","GRINJ-015",23,74852,30.7,19.5,46.1
,"Fairfield County, OH","39045","2021","2021","Unintentional","1","Fall","GRINJ-003",36,161064,22.4,15.7,30.9
,"Fairfield County, OH","39045","2021","2021","Unintentional","1","Motor Vehicle Traffic","GRINJ-008",27,161064,16.8,11.0,24.4
,"Fairfield County, OH","39045","2021","2021","Unintentional","1","Poisoning","GRINJ-015",60,161064,37.3,28.4,48.0
,"Fairfield County, OH","39045","2021","2021","Suicide","2","Firearm","GRINJ-006",16,161064,9.9,5.7,16.1
,"Fairfield County, OH","39045","2021","2021","Homicide","3","Firearm","GRINJ-006",10,161064,6.2,3.0,11.4
,"Fayette County, OH","39047","2021","2021","Unintentional","1","Poisoning","GRINJ-015",12,28906,41.5,21.5,72.5
,"Franklin County, OH","39049","2021","2021","Unintentional","1","Drowning","GRINJ-002",24,1321414,1.8,1.2,2.7
,"Franklin County, OH","39049","2021","2021","Unintentional","1","Fall","GRINJ-003",202,1321414,15.3,13.2,17.4
,"Franklin County, OH","39049","2021","2021","Unintentional","1","Fire/Flame","GRINJ-004",11,1321414,0.8,0.4,1.5
,"Franklin County, OH","39049","2021","2021","Unintentional","1","Motor Vehicle Traffic","GRINJ-008",149,1321414,11.3,9.5,13.1
,"Franklin County, OH","39049","2021","2021","Unintentional","1","Poisoning","GRINJ-015",797,1321414,60.3,56.1,64.5
,"Franklin County, OH","39049","2021","2021","Unintentional","1","Suffocation","GRINJ-017",23,1321414,1.7,1.1,2.6
,"Franklin County, OH","39049","2021","2021","Unintentional","1","Unspecified Injury","GRINJ-020",20,1321414,1.5,0.9,2.3
,"Franklin County, OH","39049","2021","2021","Suicide","2","Firearm","GRINJ-006",81,1321414,6.1,4.9,7.6
,"Franklin County, OH","39049","2021","2021","Suicide","2","Poisoning","GRINJ-015",18,1321414,1.4,0.8,2.2
,"Franklin County, OH","39049","2021","2021","Suicide","2","Suffocation","GRINJ-017",57,1321414,4.3,3.3,5.6
,"Franklin County, OH","39049","2021","2021","Homicide","3","Firearm","GRINJ-006",190,1321414,14.4,12.3,16.4
,"Franklin County, OH","39049","2021","2021","Undetermined ","4","Poisoning","GRINJ-015",11,1321414,0.8,0.4,1.5
,"Gallia County, OH","39053","2021","2021","Unintentional","1","Poisoning","GRINJ-015",19,29158,65.2,39.2,101.8
,"Geauga County, OH","39055","2021","2021","Unintentional","1","Fall","GRINJ-003",12,95565,12.6,6.5,21.9
,"Geauga County, OH","39055","2021","2021","Unintentional","1","Motor Vehicle Traffic","GRINJ-008",11,95565,11.5,5.7,20.6
,"Geauga County, OH","39055","2021","2021","Unintentional","1","Poisoning","GRINJ-015",16,95565,16.7,9.6,27.2
,"Greene County, OH","39057","2021","2021","Unintentional","1","Fall","GRINJ-003",38,168412,22.6,16.0,31.0
,"Greene County, OH","39057","2021","2021","Unintentional","1","Poisoning","GRINJ-015",55,168412,32.7,24.6,42.5
,"Guernsey County, OH","39059","2021","2021","Unintentional","1","Poisoning","GRINJ-015",16,38287,41.8,23.9,67.9
,"Hamilton County, OH","39061","2021","2021","Unintentional","1","Fall","GRINJ-003",67,826139,8.1,6.3,10.3
,"Hamilton County, OH","39061","2021","2021","Unintentional","1","Motor Vehicle Traffic","GRINJ-008",70,826139,8.5,6.6,10.7
,"Hamilton County, OH","39061","2021","2021","Unintentional","1","Poisoning","GRINJ-015",403,826139,48.8,44.0,53.5
,"Hamilton County, OH","39061","2021","2021","Unintentional","1","Suffocation","GRINJ-017",28,826139,3.4,2.3,4.9
,"Hamilton County, OH","39061","2021","2021","Unintentional","1","Unspecified Injury","GRINJ-020",26,826139,3.1,2.1,4.6
,"Hamilton County, OH","39061","2021","2021","Suicide","2","Firearm","GRINJ-006",71,826139,8.6,6.7,10.8
,"Hamilton County, OH","39061","2021","2021","Suicide","2","Suffocation","GRINJ-017",30,826139,3.6,2.5,5.2
,"Hamilton County, OH","39061","2021","2021","Homicide","3","Firearm","GRINJ-006",98,826139,11.9,9.6,14.5
,"Hancock County, OH","39063","2021","2021","Unintentional","1","Fall","GRINJ-003",10,74656,13.4,6.4,24.6
,"Hancock County, OH","39063","2021","2021","Unintentional","1","Poisoning","GRINJ-015",23,74656,30.8,19.5,46.2
,"Hardin County, OH","39065","2021","2021","Unintentional","1","Poisoning","GRINJ-015",19,30621,62.0,37.4,96.9
,"Henry County, OH","39069","2021","2021","Unintentional","1","Fall","GRINJ-003",10,27538,36.3,17.4,66.8
,"Highland County, OH","39071","2021","2021","Unintentional","1","Poisoning","GRINJ-015",18,43354,41.5,24.6,65.6
,"Hocking County, OH","39073","2021","2021","Unintentional","1","Poisoning","GRINJ-015",20,28097,71.2,43.5,109.9
,"Huron County, OH","39077","2021","2021","Unintentional","1","Fall","GRINJ-003",12,58367,20.6,10.6,35.9
,"Huron County, OH","39077","2021","2021","Unintentional","1","Motor Vehicle Traffic","GRINJ-008",10,58367,17.1,8.2,31.5
,"Huron County, OH","39077","2021","2021","Unintentional","1","Poisoning","GRINJ-015",24,58367,41.1,26.3,61.2
,"Jackson County, OH","39079","2021","2021","Unintentional","1","Motor Vehicle Traffic","GRINJ-008",10,32511,30.8,14.8,56.6
,"Jackson County, OH","39079","2021","2021","Unintentional","1","Poisoning","GRINJ-015",24,32511,73.8,47.3,109.8
,"Jefferson County, OH","39081","2021","2021","Unintentional","1","Poisoning","GRINJ-015",35,64789,54.0,37.6,75.1
,"Knox County, OH","39083","2021","2021","Unintentional","1","Poisoning","GRINJ-015",13,62897,20.7,11.0,35.3
,"Lake County, OH","39085","2021","2021","Unintentional","1","Fall","GRINJ-003",58,232023,25.0,19.0,32.3
,"Lake County, OH","39085","2021","2021","Unintentional","1","Motor Vehicle Traffic","GRINJ-008",16,232023,6.9,3.9,11.2
,"Lake County, OH","39085","2021","2021","Unintentional","1","Poisoning","GRINJ-015",74,232023,31.9,25.0,40.0
,"Lake County, OH","39085","2021","2021","Suicide","2","Firearm","GRINJ-006",25,232023,10.8,7.0,15.9
,"Lake County, OH","39085","2021","2021","Suicide","2","Poisoning","GRINJ-015",10,232023,4.3,2.1,7.9
,"Lake County, OH","39085","2021","2021","Suicide","2","Suffocation","GRINJ-017",15,232023,6.5,3.6,10.7
,"Lawrence County, OH","39087","2021","2021","Unintentional","1","Fall","GRINJ-003",13,57445,22.6,12.0,38.7
,"Lawrence County, OH","39087","2021","2021","Unintentional","1","Motor Vehicle Traffic","GRINJ-008",13,57445,22.6,12.0,38.7
,"Lawrence County, OH","39087","2021","2021","Unintentional","1","Poisoning","GRINJ-015",64,57445,111.4,85.8,142.3
,"Licking County, OH","39089","2021","2021","Unintentional","1","Fall","GRINJ-003",37,180401,20.5,14.4,28.3
,"Licking County, OH","39089","2021","2021","Unintentional","1","Motor Vehicle Traffic","GRINJ-008",20,180401,11.1,6.8,17.1
,"Licking County, OH","39089","2021","2021","Unintentional","1","Poisoning","GRINJ-015",65,180401,36.0,27.8,45.9
,"Licking County, OH","39089","2021","2021","Suicide","2","Firearm","GRINJ-006",20,180401,11.1,6.8,17.1
,"Lorain County, OH","39093","2021","2021","Unintentional","1","Fall","GRINJ-003",75,315595,23.8,18.7,29.8
,"Lorain County, OH","39093","2021","2021","Unintentional","1","Motor Vehicle Traffic","GRINJ-008",42,315595,13.3,9.6,18.0
,"Lorain County, OH","39093","2021","2021","Unintentional","1","Poisoning","GRINJ-015",148,315595,46.9,39.3,54.5
,"Lorain County, OH","39093","2021","2021","Unintentional","1","Unspecified Injury","GRINJ-020",10,315595,3.2,1.5,5.8
,"Lorain County, OH","39093","2021","2021","Suicide","2","Firearm","GRINJ-006",22,315595,7.0,4.4,10.6
,"Lorain County, OH","39093","2021","2021","Suicide","2","Suffocation","GRINJ-017",14,315595,4.4,2.4,7.4
,"Lorain County, OH","39093","2021","2021","Homicide","3","Firearm","GRINJ-006",18,315595,5.7,3.4,9.0
,"Lucas County, OH","39095","2021","2021","Unintentional","1","Fall","GRINJ-003",70,429191,16.3,12.7,20.6
,"Lucas County, OH","39095","2021","2021","Unintentional","1","Motor Vehicle Traffic","GRINJ-008",62,429191,14.4,11.1,18.5
,"Lucas County, OH","39095","2021","2021","Unintentional","1","Poisoning","GRINJ-015",233,429191,54.3,47.3,61.3
,"Lucas County, OH","39095","2021","2021","Unintentional","1","Unspecified Injury","GRINJ-020",10,429191,2.3,1.1,4.3
,"Lucas County, OH","39095","2021","2021","Suicide","2","Firearm","GRINJ-006",30,429191,7.0,4.7,10.0
,"Lucas County, OH","39095","2021","2021","Suicide","2","Suffocation","GRINJ-017",24,429191,5.6,3.6,8.3
,"Lucas County, OH","39095","2021","2021","Homicide","3","Firearm","GRINJ-006",66,429191,15.4,11.9,19.6
,"Madison County, OH","39097","2021","2021","Unintentional","1","Poisoning","GRINJ-015",15,44386,33.8,18.9,55.7
,"Mahoning County, OH","39099","2021","2021","Unintentional","1","Fall","GRINJ-003",31,226762,13.7,9.3,19.4
,"Mahoning County, OH","39099","2021","2021","Unintentional","1","Motor Vehicle Traffic","GRINJ-008",30,226762,13.2,8.9,18.9
,"Mahoning County, OH","39099","2021","2021","Unintentional","1","Poisoning","GRINJ-015",151,226762,66.6,56.0,77.2
,"Mahoning County, OH","39099","2021","2021","Unintentional","1","Unspecified Injury","GRINJ-020",11,226762,4.9,2.4,8.7
,"Mahoning County, OH","39099","2021","2021","Suicide","2","Firearm","GRINJ-006",22,226762,9.7,6.1,14.7
,"Mahoning County, OH","39099","2021","2021","Homicide","3","Firearm","GRINJ-006",28,226762,12.3,8.2,17.8
,"Marion County, OH","39101","2021","2021","Unintentional","1","Fall","GRINJ-003",11,65291,16.8,8.4,30.1
,"Marion County, OH","39101","2021","2021","Unintentional","1","Motor Vehicle Traffic","GRINJ-008",11,65291,16.8,8.4,30.1
,"Marion County, OH","39101","2021","2021","Unintentional","1","Poisoning","GRINJ-015",33,65291,50.5,34.8,71.0
,"Medina County, OH","39103","2021","2021","Unintentional","1","Fall","GRINJ-003",45,183092,24.6,17.9,32.9
,"Medina County, OH","39103","2021","2021","Unintentional","1","Motor Vehicle Traffic","GRINJ-008",20,183092,10.9,6.7,16.9
,"Medina County, OH","39103","2021","2021","Unintentional","1","Poisoning","GRINJ-015",38,183092,20.8,14.7,28.5
,"Medina County, OH","39103","2021","2021","Suicide","2","Firearm","GRINJ-006",15,183092,8.2,4.6,13.5
,"Meigs County, OH","39105","2021","2021","Unintentional","1","Poisoning","GRINJ-015",19,22049,86.2,51.9,134.6
,"Miami County, OH","39109","2021","2021","Unintentional","1","Motor Vehicle Traffic","GRINJ-008",18,109264,16.5,9.8,26.0
,"Miami County, OH","39109","2021","2021","Unintentional","1","Poisoning","GRINJ-015",23,109264,21.0,13.3,31.6
,"Montgomery County, OH","39113","2021","2021","Unintentional","1","Drowning","GRINJ-002",10,535840,1.9,0.9,3.4
,"Montgomery County, OH","39113","2021","2021","Unintentional","1","Fall","GRINJ-003",153,535840,28.6,24.0,33.1
,"Montgomery County, OH","39113","2021","2021","Unintentional","1","Motor Vehicle Traffic","GRINJ-008",92,535840,17.2,13.8,21.1
,"Montgomery County, OH","39113","2021","2021","Unintentional","1","Poisoning","GRINJ-015",308,535840,57.5,51.1,63.9
,"Montgomery County, OH","39113","2021","2021","Unintentional","1","Suffocation","GRINJ-017",20,535840,3.7,2.3,5.8
,"Montgomery County, OH","39113","2021","2021","Unintentional","1","Unspecified Injury","GRINJ-020",11,535840,2.1,1.0,3.7
,"Montgomery County, OH","39113","2021","2021","Suicide","2","Firearm","GRINJ-006",40,535840,7.5,5.3,10.2
,"Montgomery County, OH","39113","2021","2021","Suicide","2","Poisoning","GRINJ-015",14,535840,2.6,1.4,4.4
,"Montgomery County, OH","39113","2021","2021","Suicide","2","Suffocation","GRINJ-017",22,535840,4.1,2.6,6.2
,"Montgomery County, OH","39113","2021","2021","Homicide","3","Firearm","GRINJ-006",42,535840,7.8,5.6,10.6
,"Morrow County, OH","39117","2021","2021","Unintentional","1","Poisoning","GRINJ-015",12,35151,34.1,17.6,59.6
,"Muskingum County, OH","39119","2021","2021","Unintentional","1","Motor Vehicle Traffic","GRINJ-008",12,86408,13.9,7.2,24.3
,"Muskingum County, OH","39119","2021","2021","Unintentional","1","Poisoning","GRINJ-015",35,86408,40.5,28.2,56.3
,"Ottawa County, OH","39123","2021","2021","Unintentional","1","Poisoning","GRINJ-015",12,40104,29.9,15.5,52.3
,"Perry County, OH","39127","2021","2021","Unintentional","1","Poisoning","GRINJ-015",23,35460,64.9,41.1,97.3
,"Pickaway County, OH","39129","2021","2021","Unintentional","1","Fall","GRINJ-003",10,59333,16.9,8.1,31.0
,"Pickaway County, OH","39129","2021","2021","Unintentional","1","Poisoning","GRINJ-015",21,59333,35.4,21.9,54.1
,"Pike County, OH","39131","2021","2021","Unintentional","1","Poisoning","GRINJ-015",19,27089,70.1,42.2,109.5
,"Portage County, OH","39133","2021","2021","Unintentional","1","Fall","GRINJ-003",23,162382,14.2,9.0,21.3
,"Portage County, OH","39133","2021","2021","Unintentional","1","Motor Vehicle Traffic","GRINJ-008",17,162382,10.5,6.1,16.8
,"Portage County, OH","39133","2021","2021","Unintentional","1","Poisoning","GRINJ-015",48,162382,29.6,21.8,39.2
,"Portage County, OH","39133","2021","2021","Suicide","2","Firearm","GRINJ-006",13,162382,8.0,4.3,13.7
,"Preble County, OH","39135","2021","2021","Unintentional","1","Poisoning","GRINJ-015",13,40867,31.8,16.9,54.4
,"Richland County, OH","39139","2021","2021","Unintentional","1","Fall","GRINJ-003",19,125195,15.2,9.1,23.7
,"Richland County, OH","39139","2021","2021","Unintentional","1","Motor Vehicle Traffic","GRINJ-008",19,125195,15.2,9.1,23.7
,"Richland County, OH","39139","2021","2021","Unintentional","1","Poisoning","GRINJ-015",83,125195,66.3,52.8,82.2
,"Richland County, OH","39139","2021","2021","Suicide","2","Firearm","GRINJ-006",13,125195,10.4,5.5,17.8
,"Ross County, OH","39141","2021","2021","Unintentional","1","Fall","GRINJ-003",18,76891,23.4,13.9,37.0
,"Ross County, OH","39141","2021","2021","Unintentional","1","Motor Vehicle Traffic","GRINJ-008",14,76891,18.2,10.0,30.5
,"Ross County, OH","39141","2021","2021","Unintentional","1","Poisoning","GRINJ-015",56,76891,72.8,55.0,94.6
,"Sandusky County, OH","39143","2021","2021","Unintentional","1","Poisoning","GRINJ-015",24,58715,40.9,26.2,60.8
,"Sandusky County, OH","39143","2021","2021","Suicide","2","Firearm","GRINJ-006",10,58715,17.0,8.2,31.3
,"Scioto County, OH","39145","2021","2021","Unintentional","1","Motor Vehicle Traffic","GRINJ-008",11,73346,15.0,7.5,26.8
,"Scioto County, OH","39145","2021","2021","Unintentional","1","Poisoning","GRINJ-015",82,73346,111.8,88.9,138.8
,"Seneca County, OH","39147","2021","2021","Unintentional","1","Poisoning","GRINJ-015",21,54906,38.2,23.7,58.5
,"Shelby County, OH","39149","2021","2021","Unintentional","1","Poisoning","GRINJ-015",13,47977,27.1,14.4,46.3
,"Stark County, OH","39151","2021","2021","Unintentional","1","Fall","GRINJ-003",57,373834,15.2,11.5,19.8
,"Stark County, OH","39151","2021","2021","Unintentional","1","Motor Vehicle Traffic","GRINJ-008",50,373834,13.4,9.9,17.6
,"Stark County, OH","39151","2021","2021","Unintentional","1","Poisoning","GRINJ-015",151,373834,40.4,33.9,46.8
,"Stark County, OH","39151","2021","2021","Unintentional","1","Suffocation","GRINJ-017",11,373834,2.9,1.5,5.3
,"Stark County, OH","39151","2021","2021","Unintentional","1","Unspecified Injury","GRINJ-020",12,373834,3.2,1.7,5.6
,"Stark County, OH","39151","2021","2021","Suicide","2","Firearm","GRINJ-006",45,373834,12.0,8.8,16.1
,"Stark County, OH","39151","2021","2021","Suicide","2","Suffocation","GRINJ-017",18,373834,4.8,2.9,7.6
,"Stark County, OH","39151","2021","2021","Homicide","3","Firearm","GRINJ-006",18,373834,4.8,2.9,7.6
,"Summit County, OH","39153","2021","2021","Unintentional","1","Fall","GRINJ-003",80,537633,14.9,11.8,18.5
,"Summit County, OH","39153","2021","2021","Unintentional","1","Fire/Flame","GRINJ-004",12,537633,2.2,1.2,3.9
,"Summit County, OH","39153","2021","2021","Unintentional","1","Motor Vehicle Traffic","GRINJ-008",49,537633,9.1,6.7,12.0
,"Summit County, OH","39153","2021","2021","Unintentional","1","Poisoning","GRINJ-015",219,537633,40.7,35.3,46.1
,"Summit County, OH","39153","2021","2021","Unintentional","1","Suffocation","GRINJ-017",20,537633,3.7,2.3,5.7
,"Summit County, OH","39153","2021","2021","Unintentional","1","Unspecified Injury","GRINJ-020",12,537633,2.2,1.2,3.9
,"Summit County, OH","39153","2021","2021","Suicide","2","Firearm","GRINJ-006",47,537633,8.7,6.4,11.6
,"Summit County, OH","39153","2021","2021","Suicide","2","Suffocation","GRINJ-017",28,537633,5.2,3.5,7.5
,"Summit County, OH","39153","2021","2021","Homicide","3","Firearm","GRINJ-006",45,537633,8.4,6.1,11.2
,"Trumbull County, OH","39155","2021","2021","Unintentional","1","Fall","GRINJ-003",38,201335,18.9,13.4,25.9
,"Trumbull County, OH","39155","2021","2021","Unintentional","1","Motor Vehicle Traffic","GRINJ-008",30,201335,14.9,10.1,21.3
,"Trumbull County, OH","39155","2021","2021","Unintentional","1","Poisoning","GRINJ-015",121,201335,60.1,49.4,70.8
,"Trumbull County, OH","39155","2021","2021","Suicide","2","Firearm","GRINJ-006",12,201335,6.0,3.1,10.4
,"Trumbull County, OH","39155","2021","2021","Homicide","3","Firearm","GRINJ-006",10,201335,5.0,2.4,9.1
,"Tuscarawas County, OH","39157","2021","2021","Unintentional","1","Fall","GRINJ-003",19,92500,20.5,12.4,32.1
,"Tuscarawas County, OH","39157","2021","2021","Unintentional","1","Motor Vehicle Traffic","GRINJ-008",16,92500,17.3,9.9,28.1
,"Tuscarawas County, OH","39157","2021","2021","Unintentional","1","Poisoning","GRINJ-015",31,92500,33.5,22.8,47.6
,"Vinton County, OH","39163","2021","2021","Unintentional","1","Poisoning","GRINJ-015",14,12696,110.3,60.3,185.0
,"Warren County, OH","39165","2021","2021","Unintentional","1","Fall","GRINJ-003",35,246553,14.2,9.9,19.7
,"Warren County, OH","39165","2021","2021","Unintentional","1","Motor Vehicle Traffic","GRINJ-008",19,246553,7.7,4.6,12.0
,"Warren County, OH","39165","2021","2021","Unintentional","1","Poisoning","GRINJ-015",65,246553,26.4,20.3,33.6
,"Warren County, OH","39165","2021","2021","Suicide","2","Firearm","GRINJ-006",26,246553,10.5,6.9,15.5
,"Washington County, OH","39167","2021","2021","Unintentional","1","Fall","GRINJ-003",11,59423,18.5,9.2,33.1
,"Washington County, OH","39167","2021","2021","Unintentional","1","Poisoning","GRINJ-015",20,59423,33.7,20.6,52.0
,"Wayne County, OH","39169","2021","2021","Unintentional","1","Fall","GRINJ-003",34,116710,29.1,20.2,40.7
,"Wayne County, OH","39169","2021","2021","Unintentional","1","Motor Vehicle Traffic","GRINJ-008",17,116710,14.6,8.5,23.3
,"Wayne County, OH","39169","2021","2021","Unintentional","1","Poisoning","GRINJ-015",40,116710,34.3,24.5,46.7
,"Williams County, OH","39171","2021","2021","Unintentional","1","Fall","GRINJ-003",13,36716,35.4,18.9,60.5
,"Wood County, OH","39173","2021","2021","Unintentional","1","Fall","GRINJ-003",21,132472,15.9,9.8,24.2
,"Wood County, OH","39173","2021","2021","Unintentional","1","Motor Vehicle Traffic","GRINJ-008",11,132472,8.3,4.1,14.9
,"Wood County, OH","39173","2021","2021","Unintentional","1","Poisoning","GRINJ-015",32,132472,24.2,16.5,34.1
,"Wood County, OH","39173","2021","2021","Suicide","2","Firearm","GRINJ-006",14,132472,10.6,5.8,17.7
,"Adair County, OK","40001","2021","2021","Unintentional","1","Motor Vehicle Traffic","GRINJ-008",10,19414,51.5,24.7,94.7
,"Bryan County, OK","40013","2021","2021","Unintentional","1","Motor Vehicle Traffic","GRINJ-008",17,47105,36.1,21.0,57.8
,"Caddo County, OK","40015","2021","2021","Unintentional","1","Poisoning","GRINJ-015",10,26368,37.9,18.2,69.7
,"Canadian County, OK","40017","2021","2021","Unintentional","1","Fall","GRINJ-003",36,161737,22.3,15.6,30.8
,"Canadian County, OK","40017","2021","2021","Unintentional","1","Motor Vehicle Traffic","GRINJ-008",19,161737,11.7,7.1,18.3
,"Canadian County, OK","40017","2021","2021","Unintentional","1","Poisoning","GRINJ-015",18,161737,11.1,6.6,17.6
,"Canadian County, OK","40017","2021","2021","Suicide","2","Firearm","GRINJ-006",20,161737,12.4,7.6,19.1
,"Carter County, OK","40019","2021","2021","Unintentional","1","Fall","GRINJ-003",22,48291,45.6,28.6,69.0
,"Carter County, OK","40019","2021","2021","Unintentional","1","Motor Vehicle Traffic","GRINJ-008",14,48291,29.0,15.8,48.6
,"Cherokee County, OK","40021","2021","2021","Suicide","2","Firearm","GRINJ-006",10,47627,21.0,10.1,38.6
,"Cleveland County, OK","40027","2021","2021","Unintentional","1","Fall","GRINJ-003",71,297597,23.9,18.6,30.1
,"Cleveland County, OK","40027","2021","2021","Unintentional","1","Motor Vehicle Traffic","GRINJ-008",37,297597,12.4,8.8,17.1
,"Cleveland County, OK","40027","2021","2021","Unintentional","1","Poisoning","GRINJ-015",49,297597,16.5,12.2,21.8
,"Cleveland County, OK","40027","2021","2021","Suicide","2","Firearm","GRINJ-006",33,297597,11.1,7.6,15.6
,"Comanche County, OK","40031","2021","2021","Unintentional","1","Fall","GRINJ-003",13,122063,10.7,5.7,18.2
,"Comanche County, OK","40031","2021","2021","Unintentional","1","Motor Vehicle Traffic","GRINJ-008",15,122063,12.3,6.9,20.3
,"Comanche County, OK","40031","2021","2021","Unintentional","1","Poisoning","GRINJ-015",28,122063,22.9,15.2,33.2
,"Comanche County, OK","40031","2021","2021","Suicide","2","Firearm","GRINJ-006",17,122063,13.9,8.1,22.3
,"Creek County, OK","40037","2021","2021","Unintentional","1","Fall","GRINJ-003",10,72029,13.9,6.7,25.5
,"Creek County, OK","40037","2021","2021","Unintentional","1","Motor Vehicle Traffic","GRINJ-008",12,72029,16.7,8.6,29.1
,"Creek County, OK","40037","2021","2021","Unintentional","1","Poisoning","GRINJ-015",17,72029,23.6,13.7,37.8
,"Custer County, OK","40039","2021","2021","Unintentional","1","Fall","GRINJ-003",11,28163,39.1,19.5,69.9
,"Delaware County, OK","40041","2021","2021","Suicide","2","Firearm","GRINJ-006",16,41000,39.0,22.3,63.4
,"Garfield County, OK","40047","2021","2021","Unintentional","1","Fall","GRINJ-003",31,61926,50.1,34.0,71.1
,"Garfield County, OK","40047","2021","2021","Unintentional","1","Motor Vehicle Traffic","GRINJ-008",12,61926,19.4,10.0,33.8
,"Grady County, OK","40051","2021","2021","Unintentional","1","Fall","GRINJ-003",22,55508,39.6,24.8,60.0
,"Grady County, OK","40051","2021","2021","Suicide","2","Firearm","GRINJ-006",11,55508,19.8,9.9,35.5
,"Kay County, OK","40071","2021","2021","Unintentional","1","Fall","GRINJ-003",13,43732,29.7,15.8,50.8
,"Le Flore County, OK","40079","2021","2021","Unintentional","1","Motor Vehicle Traffic","GRINJ-008",11,48476,22.7,11.3,40.6
,"Lincoln County, OK","40081","2021","2021","Unintentional","1","Fall","GRINJ-003",17,33829,50.3,29.3,80.5
,"Logan County, OK","40083","2021","2021","Unintentional","1","Motor Vehicle Traffic","GRINJ-008",14,50885,27.5,15.0,46.2
,"McCurtain County, OK","40089","2021","2021","Unintentional","1","Motor Vehicle Traffic","GRINJ-008",22,30884,71.2,44.6,107.8
,"McCurtain County, OK","40089","2021","2021","Suicide","2","Firearm","GRINJ-006",12,30884,38.9,20.1,67.9
,"McIntosh County, OK","40091","2021","2021","Unintentional","1","Motor Vehicle Traffic","GRINJ-008",11,19245,57.2,28.5,102.3
,"McIntosh County, OK","40091","2021","2021","Unintentional","1","Poisoning","GRINJ-015",10,19245,52.0,24.9,95.6
,"Mayes County, OK","40097","2021","2021","Unintentional","1","Poisoning","GRINJ-015",20,39159,51.1,31.2,78.9
,"Muskogee County, OK","40101","2021","2021","Unintentional","1","Fall","GRINJ-003",12,66146,18.1,9.4,31.7
,"Muskogee County, OK","40101","2021","2021","Unintentional","1","Motor Vehicle Traffic","GRINJ-008",17,66146,25.7,15.0,41.1
,"Muskogee County, OK","40101","2021","2021","Unintentional","1","Poisoning","GRINJ-015",22,66146,33.3,20.8,50.4
,"Muskogee County, OK","40101","2021","2021","Homicide","3","Firearm","GRINJ-006",11,66146,16.6,8.3,29.8
,"Oklahoma County, OK","40109","2021","2021","Unintentional","1","Drowning","GRINJ-002",18,798575,2.3,1.3,3.6
,"Oklahoma County, OK","40109","2021","2021","Unintentional","1","Fall","GRINJ-003",224,798575,28.0,24.4,31.7
,"Oklahoma County, OK","40109","2021","2021","Unintentional","1","Motor Vehicle Traffic","GRINJ-008",133,798575,16.7,13.8,19.5
,"Oklahoma County, OK","40109","2021","2021","Unintentional","1","Natural/Environmental","GRINJ-013",10,798575,1.3,0.6,2.3
,"Oklahoma County, OK","40109","2021","2021","Unintentional","1","Poisoning","GRINJ-015",211,798575,26.4,22.9,30.0
,"Oklahoma County, OK","40109","2021","2021","Unintentional","1","Suffocation","GRINJ-017",14,798575,1.8,1.0,2.9
,"Oklahoma County, OK","40109","2021","2021","Unintentional","1","Unspecified Injury","GRINJ-020",13,798575,1.6,0.9,2.8
,"Oklahoma County, OK","40109","2021","2021","Suicide","2","Firearm","GRINJ-006",87,798575,10.9,8.7,13.4
,"Oklahoma County, OK","40109","2021","2021","Suicide","2","Suffocation","GRINJ-017",54,798575,6.8,5.1,8.8
,"Oklahoma County, OK","40109","2021","2021","Homicide","3","Firearm","GRINJ-006",83,798575,10.4,8.3,12.9
,"Oklahoma County, OK","40109","2021","2021","Homicide","3","Unspecified Injury","GRINJ-020",13,798575,1.6,0.9,2.8
,"Okmulgee County, OK","40111","2021","2021","Unintentional","1","Motor Vehicle Traffic","GRINJ-008",10,36843,27.1,13.0,49.9
,"Okmulgee County, OK","40111","2021","2021","Unintentional","1","Poisoning","GRINJ-015",17,36843,46.1,26.9,73.9
,"Osage County, OK","40113","2021","2021","Unintentional","1","Motor Vehicle Traffic","GRINJ-008",10,45772,21.8,10.5,40.2
,"Osage County, OK","40113","2021","2021","Unintentional","1","Poisoning","GRINJ-015",14,45772,30.6,16.7,51.3
,"Osage County, OK","40113","2021","2021","Suicide","2","Firearm","GRINJ-006",16,45772,35.0,20.0,56.8
,"Ottawa County, OK","40115","2021","2021","Unintentional","1","Motor Vehicle Traffic","GRINJ-008",20,30340,65.9,40.3,101.8
,"Payne County, OK","40119","2021","2021","Unintentional","1","Motor Vehicle Traffic","GRINJ-008",11,81989,13.4,6.7,24.0
,"Payne County, OK","40119","2021","2021","Unintentional","1","Poisoning","GRINJ-015",11,81989,13.4,6.7,24.0
,"Pittsburg County, OK","40121","2021","2021","Unintentional","1","Poisoning","GRINJ-015",14,43633,32.1,17.5,53.8
,"Pontotoc County, OK","40123","2021","2021","Unintentional","1","Fall","GRINJ-003",11,38163,28.8,14.4,51.6
,"Pottawatomie County, OK","40125","2021","2021","Unintentional","1","Fall","GRINJ-003",24,73019,32.9,21.1,48.9
,"Pottawatomie County, OK","40125","2021","2021","Unintentional","1","Motor Vehicle Traffic","GRINJ-008",25,73019,34.2,22.2,50.5
,"Pottawatomie County, OK","40125","2021","2021","Unintentional","1","Poisoning","GRINJ-015",16,73019,21.9,12.5,35.6
,"Pottawatomie County, OK","40125","2021","2021","Suicide","2","Firearm","GRINJ-006",19,73019,26.0,15.7,40.6
,"Rogers County, OK","40131","2021","2021","Unintentional","1","Motor Vehicle Traffic","GRINJ-008",14,96695,14.5,7.9,24.3
,"Rogers County, OK","40131","2021","2021","Unintentional","1","Poisoning","GRINJ-015",16,96695,16.5,9.5,26.9
,"Rogers County, OK","40131","2021","2021","Suicide","2","Firearm","GRINJ-006",14,96695,14.5,7.9,24.3
,"Sequoyah County, OK","40135","2021","2021","Unintentional","1","Motor Vehicle Traffic","GRINJ-008",14,39508,35.4,19.4,59.5
,"Sequoyah County, OK","40135","2021","2021","Unintentional","1","Poisoning","GRINJ-015",17,39508,43.0,25.1,68.9
,"Stephens County, OK","40137","2021","2021","Unintentional","1","Fall","GRINJ-003",15,43129,34.8,19.5,57.4
,"Tulsa County, OK","40143","2021","2021","Unintentional","1","Drowning","GRINJ-002",16,672858,2.4,1.4,3.9
,"Tulsa County, OK","40143","2021","2021","Unintentional","1","Fall","GRINJ-003",98,672858,14.6,11.8,17.7
,"Tulsa County, OK","40143","2021","2021","Unintentional","1","Motor Vehicle Traffic","GRINJ-008",126,672858,18.7,15.5,22.0
,"Tulsa County, OK","40143","2021","2021","Unintentional","1","Poisoning","GRINJ-015",206,672858,30.6,26.4,34.8
,"Tulsa County, OK","40143","2021","2021","Unintentional","1","Suffocation","GRINJ-017",16,672858,2.4,1.4,3.9
,"Tulsa County, OK","40143","2021","2021","Suicide","2","Firearm","GRINJ-006",92,672858,13.7,11.0,16.8
,"Tulsa County, OK","40143","2021","2021","Suicide","2","Poisoning","GRINJ-015",17,672858,2.5,1.5,4.0
,"Tulsa County, OK","40143","2021","2021","Suicide","2","Suffocation","GRINJ-017",45,672858,6.7,4.9,8.9
,"Tulsa County, OK","40143","2021","2021","Homicide","3","Firearm","GRINJ-006",58,672858,8.6,6.5,11.1
,"Wagoner County, OK","40145","2021","2021","Unintentional","1","Fall","GRINJ-003",13,84050,15.5,8.2,26.4
,"Wagoner County, OK","40145","2021","2021","Unintentional","1","Motor Vehicle Traffic","GRINJ-008",18,84050,21.4,12.7,33.8
,"Wagoner County, OK","40145","2021","2021","Unintentional","1","Poisoning","GRINJ-015",21,84050,25.0,15.5,38.2
,"Wagoner County, OK","40145","2021","2021","Suicide","2","Firearm","GRINJ-006",15,84050,17.8,10.0,29.4
,"Washington County, OK","40147","2021","2021","Unintentional","1","Poisoning","GRINJ-015",13,52772,24.6,13.1,42.1
,"Benton County, OR","41003","2021","2021","Unintentional","1","Fall","GRINJ-003",23,96017,24.0,15.2,35.9
,"Benton County, OR","41003","2021","2021","Unintentional","1","Poisoning","GRINJ-015",11,96017,11.5,5.7,20.5
,"Clackamas County, OR","41005","2021","2021","Unintentional","1","Fall","GRINJ-003",76,422537,18.0,14.2,22.5
,"Clackamas County, OR","41005","2021","2021","Unintentional","1","Motor Vehicle Traffic","GRINJ-008",42,422537,9.9,7.2,13.4
,"Clackamas County, OR","41005","2021","2021","Unintentional","1","Natural/Environmental","GRINJ-013",19,422537,4.5,2.7,7.0
,"Clackamas County, OR","41005","2021","2021","Unintentional","1","Poisoning","GRINJ-015",77,422537,18.2,14.4,22.8
,"Clackamas County, OR","41005","2021","2021","Suicide","2","Firearm","GRINJ-006",43,422537,10.2,7.4,13.7
,"Clackamas County, OR","41005","2021","2021","Suicide","2","Poisoning","GRINJ-015",10,422537,2.4,1.1,4.4
,"Clackamas County, OR","41005","2021","2021","Suicide","2","Suffocation","GRINJ-017",16,422537,3.8,2.2,6.1
,"Clackamas County, OR","41005","2021","2021","Homicide","3","Firearm","GRINJ-006",13,422537,3.1,1.6,5.3
,"Clatsop County, OR","41007","2021","2021","Unintentional","1","Fall","GRINJ-003",10,41810,23.9,11.5,44.0
,"Clatsop County, OR","41007","2021","2021","Unintentional","1","Motor Vehicle Traffic","GRINJ-008",15,41810,35.9,20.1,59.2
,"Columbia County, OR","41009","2021","2021","Unintentional","1","Poisoning","GRINJ-015",22,53074,41.5,26.0,62.8
,"Coos County, OR","41011","2021","2021","Unintentional","1","Fall","GRINJ-003",18,64999,27.7,16.4,43.8
,"Coos County, OR","41011","2021","2021","Unintentional","1","Motor Vehicle Traffic","GRINJ-008",14,64999,21.5,11.8,36.1
,"Coos County, OR","41011","2021","2021","Unintentional","1","Poisoning","GRINJ-015",12,64999,18.5,9.5,32.2
,"Coos County, OR","41011","2021","2021","Suicide","2","Firearm","GRINJ-006",13,64999,20.0,10.6,34.2
,"Crook County, OR","41013","2021","2021","Unintentional","1","Fall","GRINJ-003",19,25739,73.8,44.4,115.3
,"Curry County, OR","41015","2021","2021","Unintentional","1","Poisoning","GRINJ-015",20,23683,84.4,51.6,130.4
,"Deschutes County, OR","41017","2021","2021","Unintentional","1","Fall","GRINJ-003",89,204801,43.5,34.9,53.5
,"Deschutes County, OR","41017","2021","2021","Unintentional","1","Motor Vehicle Traffic","GRINJ-008",24,204801,11.7,7.5,17.4
,"Deschutes County, OR","41017","2021","2021","Unintentional","1","Poisoning","GRINJ-015",25,204801,12.2,7.9,18.0
,"Deschutes County, OR","41017","2021","2021","Suicide","2","Firearm","GRINJ-006",19,204801,9.3,5.6,14.5
,"Deschutes County, OR","41017","2021","2021","Suicide","2","Suffocation","GRINJ-017",14,204801,6.8,3.7,11.5
,"Douglas County, OR","41019","2021","2021","Unintentional","1","Fall","GRINJ-003",30,111978,26.8,18.1,38.2
,"Douglas County, OR","41019","2021","2021","Unintentional","1","Motor Vehicle Traffic","GRINJ-008",34,111978,30.4,21.0,42.4
,"Douglas County, OR","41019","2021","2021","Unintentional","1","Poisoning","GRINJ-015",30,111978,26.8,18.1,38.2
,"Douglas County, OR","41019","2021","2021","Suicide","2","Firearm","GRINJ-006",26,111978,23.2,15.2,34.0
,"Jackson County, OR","41029","2021","2021","Unintentional","1","Fall","GRINJ-003",38,223734,17.0,12.0,23.3
,"Jackson County, OR","41029","2021","2021","Unintentional","1","Motor Vehicle Traffic","GRINJ-008",37,223734,16.5,11.6,22.8
,"Jackson County, OR","41029","2021","2021","Unintentional","1","Poisoning","GRINJ-015",80,223734,35.8,28.4,44.5
,"Jackson County, OR","41029","2021","2021","Suicide","2","Firearm","GRINJ-006",32,223734,14.3,9.8,20.2
,"Jackson County, OR","41029","2021","2021","Suicide","2","Suffocation","GRINJ-017",10,223734,4.5,2.1,8.2
,"Jackson County, OR","41029","2021","2021","Homicide","3","Firearm","GRINJ-006",10,223734,4.5,2.1,8.2
,"Josephine County, OR","41033","2021","2021","Unintentional","1","Fall","GRINJ-003",23,88346,26.0,16.5,39.1
,"Josephine County, OR","41033","2021","2021","Unintentional","1","Motor Vehicle Traffic","GRINJ-008",20,88346,22.6,13.8,35.0
,"Josephine County, OR","41033","2021","2021","Unintentional","1","Poisoning","GRINJ-015",33,88346,37.4,25.7,52.5
,"Josephine County, OR","41033","2021","2021","Suicide","2","Firearm","GRINJ-006",22,88346,24.9,15.6,37.7
,"Klamath County, OR","41035","2021","2021","Unintentional","1","Motor Vehicle Traffic","GRINJ-008",26,70164,37.1,24.2,54.3
,"Klamath County, OR","41035","2021","2021","Unintentional","1","Poisoning","GRINJ-015",20,70164,28.5,17.4,44.0
,"Klamath County, OR","41035","2021","2021","Suicide","2","Firearm","GRINJ-006",16,70164,22.8,13.0,37.0
,"Lane County, OR","41039","2021","2021","Unintentional","1","Fall","GRINJ-003",104,383189,27.1,21.9,32.4
,"Lane County, OR","41039","2021","2021","Unintentional","1","Motor Vehicle Traffic","GRINJ-008",52,383189,13.6,10.1,17.8
,"Lane County, OR","41039","2021","2021","Unintentional","1","Poisoning","GRINJ-015",136,383189,35.5,29.5,41.5
,"Lane County, OR","41039","2021","2021","Suicide","2","Firearm","GRINJ-006",71,383189,18.5,14.5,23.4
,"Lane County, OR","41039","2021","2021","Suicide","2","Poisoning","GRINJ-015",14,383189,3.7,2.0,6.1
,"Lane County, OR","41039","2021","2021","Suicide","2","Suffocation","GRINJ-017",19,383189,5.0,3.0,7.7
,"Lincoln County, OR","41041","2021","2021","Unintentional","1","Fall","GRINJ-003",20,50862,39.3,24.0,60.7
,"Lincoln County, OR","41041","2021","2021","Suicide","2","Firearm","GRINJ-006",10,50862,19.7,9.4,36.2
,"Linn County, OR","41043","2021","2021","Unintentional","1","Fall","GRINJ-003",46,129839,35.4,25.9,47.3
,"Linn County, OR","41043","2021","2021","Unintentional","1","Motor Vehicle Traffic","GRINJ-008",25,129839,19.3,12.5,28.4
,"Linn County, OR","41043","2021","2021","Unintentional","1","Poisoning","GRINJ-015",21,129839,16.2,10.0,24.7
,"Linn County, OR","41043","2021","2021","Suicide","2","Firearm","GRINJ-006",21,129839,16.2,10.0,24.7
,"Marion County, OR","41047","2021","2021","Unintentional","1","Fall","GRINJ-003",73,347119,21.0,16.5,26.4
,"Marion County, OR","41047","2021","2021","Unintentional","1","Motor Vehicle Traffic","GRINJ-008",63,347119,18.1,13.9,23.2
,"Marion County, OR","41047","2021","2021","Unintentional","1","Natural/Environmental","GRINJ-013",11,347119,3.2,1.6,5.7
,"Marion County, OR","41047","2021","2021","Unintentional","1","Poisoning","GRINJ-015",93,347119,26.8,21.6,32.8
,"Marion County, OR","41047","2021","2021","Suicide","2","Firearm","GRINJ-006",32,347119,9.2,6.3,13.0
,"Marion County, OR","41047","2021","2021","Suicide","2","Suffocation","GRINJ-017",11,347119,3.2,1.6,5.7
,"Marion County, OR","41047","2021","2021","Homicide","3","Firearm","GRINJ-006",10,347119,2.9,1.4,5.3
,"Multnomah County, OR","41051","2021","2021","Unintentional","1","Drowning","GRINJ-002",18,803377,2.2,1.3,3.5
,"Multnomah County, OR","41051","2021","2021","Unintentional","1","Fall","GRINJ-003",102,803377,12.7,10.2,15.2
,"Multnomah County, OR","41051","2021","2021","Unintentional","1","Fire/Flame","GRINJ-004",15,803377,1.9,1.0,3.1
,"Multnomah County, OR","41051","2021","2021","Unintentional","1","Motor Vehicle Traffic","GRINJ-008",81,803377,10.1,8.0,12.5
,"Multnomah County, OR","41051","2021","2021","Unintentional","1","Natural/Environmental","GRINJ-013",81,803377,10.1,8.0,12.5
,"Multnomah County, OR","41051","2021","2021","Unintentional","1","Poisoning","GRINJ-015",343,803377,42.7,38.2,47.2
,"Multnomah County, OR","41051","2021","2021","Unintentional","1","Suffocation","GRINJ-017",14,803377,1.7,1.0,2.9
,"Multnomah County, OR","41051","2021","2021","Suicide","2","Firearm","GRINJ-006",52,803377,6.5,4.8,8.5
,"Multnomah County, OR","41051","2021","2021","Suicide","2","Poisoning","GRINJ-015",28,803377,3.5,2.3,5.0
,"Multnomah County, OR","41051","2021","2021","Suicide","2","Suffocation","GRINJ-017",38,803377,4.7,3.3,6.5
,"Multnomah County, OR","41051","2021","2021","Homicide","3","Firearm","GRINJ-006",58,803377,7.2,5.5,9.3
,"Polk County, OR","41053","2021","2021","Unintentional","1","Fall","GRINJ-003",24,89164,26.9,17.2,40.0
,"Polk County, OR","41053","2021","2021","Unintentional","1","Motor Vehicle Traffic","GRINJ-008",14,89164,15.7,8.6,26.3
,"Polk County, OR","41053","2021","2021","Unintentional","1","Poisoning","GRINJ-015",13,89164,14.6,7.8,24.9
,"Polk County, OR","41053","2021","2021","Suicide","2","Firearm","GRINJ-006",14,89164,15.7,8.6,26.3
,"Tillamook County, OR","41057","2021","2021","Unintentional","1","Motor Vehicle Traffic","GRINJ-008",14,27748,50.5,27.6,84.7
,"Umatilla County, OR","41059","2021","2021","Unintentional","1","Fall","GRINJ-003",18,79988,22.5,13.3,35.6
,"Umatilla County, OR","41059","2021","2021","Unintentional","1","Poisoning","GRINJ-015",18,79988,22.5,13.3,35.6
,"Wasco County, OR","41065","2021","2021","Unintentional","1","Poisoning","GRINJ-015",12,26726,44.9,23.2,78.4
,"Washington County, OR","41067","2021","2021","Unintentional","1","Fall","GRINJ-003",71,600811,11.8,9.2,14.9
,"Washington County, OR","41067","2021","2021","Unintentional","1","Motor Vehicle Traffic","GRINJ-008",33,600811,5.5,3.8,7.7
,"Washington County, OR","41067","2021","2021","Unintentional","1","Poisoning","GRINJ-015",70,600811,11.7,9.1,14.7
,"Washington County, OR","41067","2021","2021","Suicide","2","Firearm","GRINJ-006",42,600811,7.0,5.0,9.4
,"Washington County, OR","41067","2021","2021","Suicide","2","Poisoning","GRINJ-015",16,600811,2.7,1.5,4.3
,"Washington County, OR","41067","2021","2021","Suicide","2","Suffocation","GRINJ-017",23,600811,3.8,2.4,5.7
,"Washington County, OR","41067","2021","2021","Homicide","3","Firearm","GRINJ-006",14,600811,2.3,1.3,3.9
,"Yamhill County, OR","41071","2021","2021","Unintentional","1","Fall","GRINJ-003",26,108239,24.0,15.7,35.2
,"Yamhill County, OR","41071","2021","2021","Unintentional","1","Motor Vehicle Traffic","GRINJ-008",12,108239,11.1,5.7,19.4
,"Yamhill County, OR","41071","2021","2021","Unintentional","1","Poisoning","GRINJ-015",29,108239,26.8,17.9,38.5
,"Yamhill County, OR","41071","2021","2021","Suicide","2","Firearm","GRINJ-006",11,108239,10.2,5.1,18.2
,"Adams County, PA","42001","2021","2021","Unintentional","1","Fall","GRINJ-003",19,104127,18.2,11.0,28.5
,"Adams County, PA","42001","2021","2021","Unintentional","1","Motor Vehicle Traffic","GRINJ-008",12,104127,11.5,6.0,20.1
,"Adams County, PA","42001","2021","2021","Unintentional","1","Poisoning","GRINJ-015",23,104127,22.1,14.0,33.1
,"Adams County, PA","42001","2021","2021","Suicide","2","Firearm","GRINJ-006",12,104127,11.5,6.0,20.1
,"Allegheny County, PA","42003","2021","2021","Unintentional","1","Fall","GRINJ-003",295,1238090,23.8,21.1,26.5
,"Allegheny County, PA","42003","2021","2021","Unintentional","1","Fire/Flame","GRINJ-004",17,1238090,1.4,0.8,2.2
,"Allegheny County, PA","42003","2021","2021","Unintentional","1","Motor Vehicle Traffic","GRINJ-008",84,1238090,6.8,5.4,8.4
,"Allegheny County, PA","42003","2021","2021","Unintentional","1","Poisoning","GRINJ-015",648,1238090,52.3,48.3,56.4
,"Allegheny County, PA","42003","2021","2021","Unintentional","1","Suffocation","GRINJ-017",48,1238090,3.9,2.9,5.1
,"Allegheny County, PA","42003","2021","2021","Unintentional","1","Unspecified Injury","GRINJ-020",22,1238090,1.8,1.1,2.7
,"Allegheny County, PA","42003","2021","2021","Suicide","2","Firearm","GRINJ-006",79,1238090,6.4,5.1,8.0
,"Allegheny County, PA","42003","2021","2021","Suicide","2","Poisoning","GRINJ-015",26,1238090,2.1,1.4,3.1
,"Allegheny County, PA","42003","2021","2021","Suicide","2","Suffocation","GRINJ-017",45,1238090,3.6,2.7,4.9
,"Allegheny County, PA","42003","2021","2021","Homicide","3","Firearm","GRINJ-006",104,1238090,8.4,6.8,10.0
,"Armstrong County, PA","42005","2021","2021","Unintentional","1","Fall","GRINJ-003",14,65093,21.5,11.8,36.1
,"Armstrong County, PA","42005","2021","2021","Unintentional","1","Poisoning","GRINJ-015",38,65093,58.4,41.3,80.1
,"Beaver County, PA","42007","2021","2021","Unintentional","1","Fall","GRINJ-003",29,166624,17.4,11.7,25.0
,"Beaver County, PA","42007","2021","2021","Unintentional","1","Motor Vehicle Traffic","GRINJ-008",11,166624,6.6,3.3,11.8
,"Beaver County, PA","42007","2021","2021","Unintentional","1","Poisoning","GRINJ-015",71,166624,42.6,33.3,53.7
,"Beaver County, PA","42007","2021","2021","Suicide","2","Firearm","GRINJ-006",16,166624,9.6,5.5,15.6
,"Bedford County, PA","42009","2021","2021","Unintentional","1","Fall","GRINJ-003",10,47461,21.1,10.1,38.7
,"Bedford County, PA","42009","2021","2021","Unintentional","1","Motor Vehicle Traffic","GRINJ-008",11,47461,23.2,11.6,41.5
,"Bedford County, PA","42009","2021","2021","Unintentional","1","Poisoning","GRINJ-015",23,47461,48.5,30.7,72.7
,"Berks County, PA","42011","2021","2021","Unintentional","1","Fall","GRINJ-003",83,429342,19.3,15.4,24.0
,"Berks County, PA","42011","2021","2021","Unintentional","1","Fire/Flame","GRINJ-004",11,429342,2.6,1.3,4.6
,"Berks County, PA","42011","2021","2021","Unintentional","1","Motor Vehicle Traffic","GRINJ-008",46,429342,10.7,7.8,14.3
,"Berks County, PA","42011","2021","2021","Unintentional","1","Poisoning","GRINJ-015",126,429342,29.3,24.2,34.5
,"Berks County, PA","42011","2021","2021","Unintentional","1","Suffocation","GRINJ-017",13,429342,3.0,1.6,5.2
,"Berks County, PA","42011","2021","2021","Suicide","2","Firearm","GRINJ-006",45,429342,10.5,7.6,14.0
,"Berks County, PA","42011","2021","2021","Suicide","2","Suffocation","GRINJ-017",16,429342,3.7,2.1,6.1
,"Berks County, PA","42011","2021","2021","Homicide","3","Firearm","GRINJ-006",12,429342,2.8,1.4,4.9
,"Blair County, PA","42013","2021","2021","Unintentional","1","Fall","GRINJ-003",37,121767,30.4,21.4,41.9
,"Blair County, PA","42013","2021","2021","Unintentional","1","Poisoning","GRINJ-015",41,121767,33.7,24.2,45.7
,"Blair County, PA","42013","2021","2021","Suicide","2","Firearm","GRINJ-006",16,121767,13.1,7.5,21.3
,"Bradford County, PA","42015","2021","2021","Unintentional","1","Fall","GRINJ-003",17,59892,28.4,16.5,45.4
,"Bradford County, PA","42015","2021","2021","Unintentional","1","Motor Vehicle Traffic","GRINJ-008",10,59892,16.7,8.0,30.7
,"Bradford County, PA","42015","2021","2021","Unintentional","1","Poisoning","GRINJ-015",12,59892,20.0,10.4,35.0
,"Bucks County, PA","42017","2021","2021","Unintentional","1","Fall","GRINJ-003",94,646098,14.5,11.8,17.8
,"Bucks County, PA","42017","2021","2021","Unintentional","1","Motor Vehicle Traffic","GRINJ-008",57,646098,8.8,6.7,11.4
,"Bucks County, PA","42017","2021","2021","Unintentional","1","Poisoning","GRINJ-015",202,646098,31.3,27.0,35.6
,"Bucks County, PA","42017","2021","2021","Unintentional","1","Suffocation","GRINJ-017",16,646098,2.5,1.4,4.0
,"Bucks County, PA","42017","2021","2021","Unintentional","1","Unspecified Injury","GRINJ-020",10,646098,1.5,0.7,2.8
,"Bucks County, PA","42017","2021","2021","Suicide","2","Firearm","GRINJ-006",38,646098,5.9,4.2,8.1
,"Bucks County, PA","42017","2021","2021","Suicide","2","Poisoning","GRINJ-015",16,646098,2.5,1.4,4.0
,"Bucks County, PA","42017","2021","2021","Suicide","2","Suffocation","GRINJ-017",24,646098,3.7,2.4,5.5
,"Butler County, PA","42019","2021","2021","Unintentional","1","Fall","GRINJ-003",39,194273,20.1,14.3,27.4
,"Butler County, PA","42019","2021","2021","Unintentional","1","Motor Vehicle Traffic","GRINJ-008",12,194273,6.2,3.2,10.8
,"Butler County, PA","42019","2021","2021","Unintentional","1","Poisoning","GRINJ-015",67,194273,34.5,26.7,43.8
,"Butler County, PA","42019","2021","2021","Suicide","2","Firearm","GRINJ-006",30,194273,15.4,10.4,22.0
,"Cambria County, PA","42021","2021","2021","Unintentional","1","Fall","GRINJ-003",46,132167,34.8,25.5,46.4
,"Cambria County, PA","42021","2021","2021","Unintentional","1","Poisoning","GRINJ-015",89,132167,67.3,54.1,82.9
,"Cambria County, PA","42021","2021","2021","Suicide","2","Firearm","GRINJ-006",13,132167,9.8,5.2,16.8
,"Carbon County, PA","42025","2021","2021","Unintentional","1","Fall","GRINJ-003",19,65412,29.0,17.5,45.4
,"Carbon County, PA","42025","2021","2021","Unintentional","1","Motor Vehicle Traffic","GRINJ-008",13,65412,19.9,10.6,34.0
,"Carbon County, PA","42025","2021","2021","Unintentional","1","Poisoning","GRINJ-015",53,65412,81.0,60.7,106.0
,"Centre County, PA","42027","2021","2021","Unintentional","1","Fall","GRINJ-003",20,157527,12.7,7.8,19.6
,"Centre County, PA","42027","2021","2021","Unintentional","1","Motor Vehicle Traffic","GRINJ-008",10,157527,6.3,3.0,11.7
,"Centre County, PA","42027","2021","2021","Unintentional","1","Poisoning","GRINJ-015",11,157527,7.0,3.5,12.5
,"Chester County, PA","42029","2021","2021","Unintentional","1","Fall","GRINJ-003",64,538649,11.9,9.2,15.2
,"Chester County, PA","42029","2021","2021","Unintentional","1","Motor Vehicle Traffic","GRINJ-008",39,538649,7.2,5.1,9.9
,"Chester County, PA","42029","2021","2021","Unintentional","1","Poisoning","GRINJ-015",108,538649,20.1,16.3,23.8
,"Chester County, PA","42029","2021","2021","Unintentional","1","Suffocation","GRINJ-017",15,538649,2.8,1.6,4.6
,"Chester County, PA","42029","2021","2021","Suicide","2","Firearm","GRINJ-006",28,538649,5.2,3.5,7.5
,"Chester County, PA","42029","2021","2021","Suicide","2","Poisoning","GRINJ-015",13,538649,2.4,1.3,4.1
,"Chester County, PA","42029","2021","2021","Suicide","2","Suffocation","GRINJ-017",18,538649,3.3,2.0,5.3
,"Chester County, PA","42029","2021","2021","Homicide","3","Firearm","GRINJ-006",10,538649,1.9,0.9,3.4
,"Clarion County, PA","42031","2021","2021","Unintentional","1","Fall","GRINJ-003",10,37156,26.9,12.9,49.5
,"Clearfield County, PA","42033","2021","2021","Unintentional","1","Fall","GRINJ-003",16,80082,20.0,11.4,32.4
,"Clearfield County, PA","42033","2021","2021","Unintentional","1","Poisoning","GRINJ-015",36,80082,45.0,31.5,62.2
,"Clearfield County, PA","42033","2021","2021","Suicide","2","Firearm","GRINJ-006",12,80082,15.0,7.7,26.2
,"Clinton County, PA","42035","2021","2021","Unintentional","1","Poisoning","GRINJ-015",11,37465,29.4,14.7,52.5
,"Columbia County, PA","42037","2021","2021","Unintentional","1","Fall","GRINJ-003",18,64872,27.7,16.4,43.9
,"Columbia County, PA","42037","2021","2021","Unintentional","1","Poisoning","GRINJ-015",25,64872,38.5,24.9,56.9
,"Crawford County, PA","42039","2021","2021","Unintentional","1","Fall","GRINJ-003",15,83351,18.0,10.1,29.7
,"Crawford County, PA","42039","2021","2021","Unintentional","1","Motor Vehicle Traffic","GRINJ-008",17,83351,20.4,11.9,32.7
,"Crawford County, PA","42039","2021","2021","Unintentional","1","Poisoning","GRINJ-015",40,83351,48.0,34.3,65.3
,"Cumberland County, PA","42041","2021","2021","Unintentional","1","Fall","GRINJ-003",42,262919,16.0,11.5,21.6
,"Cumberland County, PA","42041","2021","2021","Unintentional","1","Motor Vehicle Traffic","GRINJ-008",21,262919,8.0,4.9,12.2
,"Cumberland County, PA","42041","2021","2021","Unintentional","1","Poisoning","GRINJ-015",46,262919,17.5,12.8,23.3
,"Cumberland County, PA","42041","2021","2021","Suicide","2","Firearm","GRINJ-006",16,262919,6.1,3.5,9.9
,"Dauphin County, PA","42043","2021","2021","Unintentional","1","Fall","GRINJ-003",30,287400,10.4,7.0,14.9
,"Dauphin County, PA","42043","2021","2021","Unintentional","1","Motor Vehicle Traffic","GRINJ-008",36,287400,12.5,8.8,17.3
,"Dauphin County, PA","42043","2021","2021","Unintentional","1","Poisoning","GRINJ-015",92,287400,32.0,25.8,39.3
,"Dauphin County, PA","42043","2021","2021","Suicide","2","Firearm","GRINJ-006",24,287400,8.4,5.4,12.4
,"Dauphin County, PA","42043","2021","2021","Suicide","2","Suffocation","GRINJ-017",15,287400,5.2,2.9,8.6
,"Dauphin County, PA","42043","2021","2021","Homicide","3","Firearm","GRINJ-006",18,287400,6.3,3.7,9.9
,"Delaware County, PA","42045","2021","2021","Unintentional","1","Fall","GRINJ-003",43,573849,7.5,5.4,10.1
,"Delaware County, PA","42045","2021","2021","Unintentional","1","Motor Vehicle Traffic","GRINJ-008",50,573849,8.7,6.5,11.5
,"Delaware County, PA","42045","2021","2021","Unintentional","1","Poisoning","GRINJ-015",195,573849,34.0,29.2,38.8
,"Delaware County, PA","42045","2021","2021","Unintentional","1","Suffocation","GRINJ-017",13,573849,2.3,1.2,3.9
,"Delaware County, PA","42045","2021","2021","Suicide","2","Firearm","GRINJ-006",29,573849,5.1,3.4,7.3
,"Delaware County, PA","42045","2021","2021","Suicide","2","Suffocation","GRINJ-017",25,573849,4.4,2.8,6.4
,"Delaware County, PA","42045","2021","2021","Homicide","3","Firearm","GRINJ-006",43,573849,7.5,5.4,10.1
,"Elk County, PA","42047","2021","2021","Unintentional","1","Poisoning","GRINJ-015",16,30783,52.0,29.7,84.4
,"Erie County, PA","42049","2021","2021","Unintentional","1","Fall","GRINJ-003",50,269011,18.6,13.8,24.5
,"Erie County, PA","42049","2021","2021","Unintentional","1","Motor Vehicle Traffic","GRINJ-008",29,269011,10.8,7.2,15.5
,"Erie County, PA","42049","2021","2021","Unintentional","1","Poisoning","GRINJ-015",93,269011,34.6,27.9,42.4
,"Erie County, PA","42049","2021","2021","Unintentional","1","Suffocation","GRINJ-017",12,269011,4.5,2.3,7.8
,"Erie County, PA","42049","2021","2021","Suicide","2","Firearm","GRINJ-006",28,269011,10.4,6.9,15.0
,"Fayette County, PA","42051","2021","2021","Unintentional","1","Fall","GRINJ-003",41,126931,32.3,23.2,43.8
,"Fayette County, PA","42051","2021","2021","Unintentional","1","Motor Vehicle Traffic","GRINJ-008",13,126931,10.2,5.5,17.5
,"Fayette County, PA","42051","2021","2021","Unintentional","1","Poisoning","GRINJ-015",96,126931,75.6,61.3,92.4
,"Fayette County, PA","42051","2021","2021","Suicide","2","Firearm","GRINJ-006",23,126931,18.1,11.5,27.2
,"Franklin County, PA","42055","2021","2021","Unintentional","1","Fall","GRINJ-003",23,156289,14.7,9.3,22.1
,"Franklin County, PA","42055","2021","2021","Unintentional","1","Motor Vehicle Traffic","GRINJ-008",14,156289,9.0,4.9,15.0
,"Franklin County, PA","42055","2021","2021","Unintentional","1","Poisoning","GRINJ-015",34,156289,21.8,15.1,30.4
,"Franklin County, PA","42055","2021","2021","Suicide","2","Firearm","GRINJ-006",11,156289,7.0,3.5,12.6
,"Greene County, PA","42059","2021","2021","Unintentional","1","Poisoning","GRINJ-015",18,35369,50.9,30.2,80.4
,"Huntingdon County, PA","42061","2021","2021","Unintentional","1","Poisoning","GRINJ-015",12,43889,27.3,14.1,47.8
,"Indiana County, PA","42063","2021","2021","Unintentional","1","Fall","GRINJ-003",16,82886,19.3,11.0,31.3
,"Indiana County, PA","42063","2021","2021","Unintentional","1","Poisoning","GRINJ-015",45,82886,54.3,39.6,72.6
,"Jefferson County, PA","42065","2021","2021","Unintentional","1","Fall","GRINJ-003",12,44114,27.2,14.1,47.5
,"Jefferson County, PA","42065","2021","2021","Unintentional","1","Motor Vehicle Traffic","GRINJ-008",10,44114,22.7,10.9,41.7
,"Lackawanna County, PA","42069","2021","2021","Unintentional","1","Fall","GRINJ-003",45,215663,20.9,15.2,27.9
,"Lackawanna County, PA","42069","2021","2021","Unintentional","1","Motor Vehicle Traffic","GRINJ-008",23,215663,10.7,6.8,16.0
,"Lackawanna County, PA","42069","2021","2021","Unintentional","1","Poisoning","GRINJ-015",97,215663,45.0,36.5,54.9
,"Lackawanna County, PA","42069","2021","2021","Unintentional","1","Suffocation","GRINJ-017",11,215663,5.1,2.5,9.1
,"Lackawanna County, PA","42069","2021","2021","Unintentional","1","Unspecified Injury","GRINJ-020",10,215663,4.6,2.2,8.5
,"Lackawanna County, PA","42069","2021","2021","Suicide","2","Firearm","GRINJ-006",17,215663,7.9,4.6,12.6
,"Lackawanna County, PA","42069","2021","2021","Suicide","2","Suffocation","GRINJ-017",17,215663,7.9,4.6,12.6
,"Lancaster County, PA","42071","2021","2021","Unintentional","1","Fall","GRINJ-003",90,553652,16.3,13.1,20.0
,"Lancaster County, PA","42071","2021","2021","Unintentional","1","Motor Vehicle Traffic","GRINJ-008",75,553652,13.5,10.7,17.0
,"Lancaster County, PA","42071","2021","2021","Unintentional","1","Poisoning","GRINJ-015",146,553652,26.4,22.1,30.6
,"Lancaster County, PA","42071","2021","2021","Unintentional","1","Suffocation","GRINJ-017",12,553652,2.2,1.1,3.8
,"Lancaster County, PA","42071","2021","2021","Unintentional","1","Unspecified Injury","GRINJ-020",12,553652,2.2,1.1,3.8
,"Lancaster County, PA","42071","2021","2021","Suicide","2","Firearm","GRINJ-006",36,553652,6.5,4.6,9.0
,"Lancaster County, PA","42071","2021","2021","Suicide","2","Poisoning","GRINJ-015",11,553652,2.0,1.0,3.6
,"Lancaster County, PA","42071","2021","2021","Suicide","2","Suffocation","GRINJ-017",14,553652,2.5,1.4,4.2
,"Lawrence County, PA","42073","2021","2021","Unintentional","1","Fall","GRINJ-003",12,85497,14.0,7.3,24.5
,"Lawrence County, PA","42073","2021","2021","Unintentional","1","Motor Vehicle Traffic","GRINJ-008",11,85497,12.9,6.4,23.0
,"Lawrence County, PA","42073","2021","2021","Unintentional","1","Poisoning","GRINJ-015",50,85497,58.5,43.4,77.1
,"Lebanon County, PA","42075","2021","2021","Unintentional","1","Fall","GRINJ-003",23,143493,16.0,10.2,24.1
,"Lebanon County, PA","42075","2021","2021","Unintentional","1","Motor Vehicle Traffic","GRINJ-008",26,143493,18.1,11.8,26.5
,"Lebanon County, PA","42075","2021","2021","Unintentional","1","Poisoning","GRINJ-015",35,143493,24.4,17.0,33.9
,"Lebanon County, PA","42075","2021","2021","Suicide","2","Firearm","GRINJ-006",10,143493,7.0,3.3,12.8
,"Lehigh County, PA","42077","2021","2021","Unintentional","1","Fall","GRINJ-003",98,375539,26.1,21.2,31.8
,"Lehigh County, PA","42077","2021","2021","Unintentional","1","Motor Vehicle Traffic","GRINJ-008",29,375539,7.7,5.2,11.1
,"Lehigh County, PA","42077","2021","2021","Unintentional","1","Poisoning","GRINJ-015",143,375539,38.1,31.8,44.3
,"Lehigh County, PA","42077","2021","2021","Unintentional","1","Suffocation","GRINJ-017",12,375539,3.2,1.7,5.6
,"Lehigh County, PA","42077","2021","2021","Suicide","2","Firearm","GRINJ-006",23,375539,6.1,3.9,9.2
,"Lehigh County, PA","42077","2021","2021","Suicide","2","Suffocation","GRINJ-017",16,375539,4.3,2.4,6.9
,"Lehigh County, PA","42077","2021","2021","Homicide","3","Firearm","GRINJ-006",17,375539,4.5,2.6,7.2
,"Luzerne County, PA","42079","2021","2021","Unintentional","1","Fall","GRINJ-003",80,326053,24.5,19.5,30.5
,"Luzerne County, PA","42079","2021","2021","Unintentional","1","Motor Vehicle Traffic","GRINJ-008",33,326053,10.1,7.0,14.2
,"Luzerne County, PA","42079","2021","2021","Unintentional","1","Poisoning","GRINJ-015",204,326053,62.6,54.0,71.2
,"Luzerne County, PA","42079","2021","2021","Unintentional","1","Unspecified Injury","GRINJ-020",13,326053,4.0,2.1,6.8
,"Luzerne County, PA","42079","2021","2021","Suicide","2","Firearm","GRINJ-006",27,326053,8.3,5.5,12.0
,"Luzerne County, PA","42079","2021","2021","Suicide","2","Suffocation","GRINJ-017",20,326053,6.1,3.7,9.5
,"Lycoming County, PA","42081","2021","2021","Unintentional","1","Fall","GRINJ-003",22,113605,19.4,12.1,29.3
,"Lycoming County, PA","42081","2021","2021","Unintentional","1","Motor Vehicle Traffic","GRINJ-008",20,113605,17.6,10.8,27.2
,"Lycoming County, PA","42081","2021","2021","Unintentional","1","Poisoning","GRINJ-015",20,113605,17.6,10.8,27.2
,"Mc Kean County, PA","42083","2021","2021","Unintentional","1","Poisoning","GRINJ-015",16,39941,40.1,22.9,65.1
,"Mercer County, PA","42085","2021","2021","Unintentional","1","Fall","GRINJ-003",24,109972,21.8,14.0,32.5
,"Mercer County, PA","42085","2021","2021","Unintentional","1","Motor Vehicle Traffic","GRINJ-008",19,109972,17.3,10.4,27.0
,"Mercer County, PA","42085","2021","2021","Unintentional","1","Poisoning","GRINJ-015",65,109972,59.1,45.6,75.3
,"Mercer County, PA","42085","2021","2021","Suicide","2","Firearm","GRINJ-006",10,109972,9.1,4.4,16.7
,"Mifflin County, PA","42087","2021","2021","Unintentional","1","Fall","GRINJ-003",12,46136,26.0,13.4,45.4
,"Mifflin County, PA","42087","2021","2021","Unintentional","1","Poisoning","GRINJ-015",16,46136,34.7,19.8,56.3
,"Monroe County, PA","42089","2021","2021","Unintentional","1","Fall","GRINJ-003",21,169273,12.4,7.7,19.0
,"Monroe County, PA","42089","2021","2021","Unintentional","1","Motor Vehicle Traffic","GRINJ-008",24,169273,14.2,9.1,21.1
,"Monroe County, PA","42089","2021","2021","Unintentional","1","Poisoning","GRINJ-015",66,169273,39.0,30.2,49.6
,"Monroe County, PA","42089","2021","2021","Suicide","2","Firearm","GRINJ-006",15,169273,8.9,5.0,14.6
,"Montgomery County, PA","42091","2021","2021","Unintentional","1","Fall","GRINJ-003",130,860578,15.1,12.5,17.7
,"Montgomery County, PA","42091","2021","2021","Unintentional","1","Motor Vehicle Traffic","GRINJ-008",48,860578,5.6,4.1,7.4
,"Montgomery County, PA","42091","2021","2021","Unintentional","1","Poisoning","GRINJ-015",179,860578,20.8,17.8,23.8
,"Montgomery County, PA","42091","2021","2021","Unintentional","1","Suffocation","GRINJ-017",25,860578,2.9,1.9,4.3
,"Montgomery County, PA","42091","2021","2021","Unintentional","1","Unspecified Injury","GRINJ-020",14,860578,1.6,0.9,2.7
,"Montgomery County, PA","42091","2021","2021","Suicide","2","Firearm","GRINJ-006",33,860578,3.8,2.6,5.4
,"Montgomery County, PA","42091","2021","2021","Suicide","2","Poisoning","GRINJ-015",20,860578,2.3,1.4,3.6
,"Montgomery County, PA","42091","2021","2021","Suicide","2","Suffocation","GRINJ-017",20,860578,2.3,1.4,3.6
,"Montgomery County, PA","42091","2021","2021","Homicide","3","Firearm","GRINJ-006",19,860578,2.2,1.3,3.4
,"Montgomery County, PA","42091","2021","2021","Undetermined ","4","Poisoning","GRINJ-015",12,860578,1.4,0.7,2.4
,"Northampton County, PA","42095","2021","2021","Unintentional","1","Fall","GRINJ-003",63,313628,20.1,15.4,25.7
,"Northampton County, PA","42095","2021","2021","Unintentional","1","Motor Vehicle Traffic","GRINJ-008",19,313628,6.1,3.6,9.5
,"Northampton County, PA","42095","2021","2021","Unintentional","1","Poisoning","GRINJ-015",105,313628,33.5,27.1,39.9
,"Northampton County, PA","42095","2021","2021","Unintentional","1","Suffocation","GRINJ-017",11,313628,3.5,1.8,6.3
,"Northampton County, PA","42095","2021","2021","Suicide","2","Firearm","GRINJ-006",10,313628,3.2,1.5,5.9
,"Northampton County, PA","42095","2021","2021","Suicide","2","Poisoning","GRINJ-015",13,313628,4.1,2.2,7.1
,"Northampton County, PA","42095","2021","2021","Suicide","2","Suffocation","GRINJ-017",15,313628,4.8,2.7,7.9
,"Northumberland County, PA","42097","2021","2021","Unintentional","1","Fall","GRINJ-003",18,91266,19.7,11.7,31.2
,"Northumberland County, PA","42097","2021","2021","Unintentional","1","Poisoning","GRINJ-015",36,91266,39.4,27.6,54.6
,"Perry County, PA","42099","2021","2021","Unintentional","1","Poisoning","GRINJ-015",17,45986,37.0,21.5,59.2
,"Perry County, PA","42099","2021","2021","Suicide","2","Firearm","GRINJ-006",10,45986,21.7,10.4,40.0
,"Philadelphia County, PA","42101","2021","2021","Unintentional","1","Drowning","GRINJ-002",10,1576251,0.6,0.3,1.2
,"Philadelphia County, PA","42101","2021","2021","Unintentional","1","Fall","GRINJ-003",179,1576251,11.4,9.7,13.0
,"Philadelphia County, PA","42101","2021","2021","Unintentional","1","Fire/Flame","GRINJ-004",23,1576251,1.5,0.9,2.2
,"Philadelphia County, PA","42101","2021","2021","Unintentional","1","Motor Vehicle Traffic","GRINJ-008",164,1576251,10.4,8.8,12.0
,"Philadelphia County, PA","42101","2021","2021","Unintentional","1","Natural/Environmental","GRINJ-013",12,1576251,0.8,0.4,1.3
,"Philadelphia County, PA","42101","2021","2021","Unintentional","1","Poisoning","GRINJ-015",1153,1576251,73.1,68.9,77.4
,"Philadelphia County, PA","42101","2021","2021","Unintentional","1","Suffocation","GRINJ-017",54,1576251,3.4,2.6,4.5
,"Philadelphia County, PA","42101","2021","2021","Unintentional","1","Unspecified Injury","GRINJ-020",28,1576251,1.8,1.2,2.6
,"Philadelphia County, PA","42101","2021","2021","Suicide","2","Firearm","GRINJ-006",74,1576251,4.7,3.7,5.9
,"Philadelphia County, PA","42101","2021","2021","Suicide","2","Poisoning","GRINJ-015",25,1576251,1.6,1.0,2.3
,"Philadelphia County, PA","42101","2021","2021","Suicide","2","Suffocation","GRINJ-017",49,1576251,3.1,2.3,4.1
,"Philadelphia County, PA","42101","2021","2021","Suicide","2","Other specified, classifiable Injury","GRINJ-018",13,1576251,0.8,0.4,1.4
,"Philadelphia County, PA","42101","2021","2021","Homicide","3","Cut/Pierce","GRINJ-001",26,1576251,1.6,1.1,2.4
,"Philadelphia County, PA","42101","2021","2021","Homicide","3","Firearm","GRINJ-006",491,1576251,31.1,28.4,33.9
,"Philadelphia County, PA","42101","2021","2021","Homicide","3","Unspecified Injury","GRINJ-020",12,1576251,0.8,0.4,1.3
,"Pike County, PA","42103","2021","2021","Unintentional","1","Motor Vehicle Traffic","GRINJ-008",12,59952,20.0,10.3,35.0
,"Pike County, PA","42103","2021","2021","Unintentional","1","Poisoning","GRINJ-015",25,59952,41.7,27.0,61.6
,"Schuylkill County, PA","42107","2021","2021","Unintentional","1","Fall","GRINJ-003",25,143264,17.5,11.3,25.8
,"Schuylkill County, PA","42107","2021","2021","Unintentional","1","Motor Vehicle Traffic","GRINJ-008",19,143264,13.3,8.0,20.7
,"Schuylkill County, PA","42107","2021","2021","Unintentional","1","Poisoning","GRINJ-015",19,143264,13.3,8.0,20.7
,"Schuylkill County, PA","42107","2021","2021","Suicide","2","Firearm","GRINJ-006",19,143264,13.3,8.0,20.7
,"Schuylkill County, PA","42107","2021","2021","Homicide","3","Poisoning","GRINJ-015",46,143264,32.1,23.5,42.8
,"Somerset County, PA","42111","2021","2021","Unintentional","1","Fall","GRINJ-003",12,73627,16.3,8.4,28.5
,"Somerset County, PA","42111","2021","2021","Unintentional","1","Motor Vehicle Traffic","GRINJ-008",10,73627,13.6,6.5,25.0
,"Somerset County, PA","42111","2021","2021","Unintentional","1","Poisoning","GRINJ-015",25,73627,34.0,22.0,50.1
,"Tioga County, PA","42117","2021","2021","Unintentional","1","Motor Vehicle Traffic","GRINJ-008",11,40929,26.9,13.4,48.1
,"Tioga County, PA","42117","2021","2021","Unintentional","1","Poisoning","GRINJ-015",18,40929,44.0,26.1,69.5
,"Union County, PA","42119","2021","2021","Unintentional","1","Fall","GRINJ-003",13,42568,30.5,16.3,52.2
,"Venango County, PA","42121","2021","2021","Unintentional","1","Fall","GRINJ-003",14,49938,28.0,15.3,47.0
,"Venango County, PA","42121","2021","2021","Unintentional","1","Motor Vehicle Traffic","GRINJ-008",10,49938,20.0,9.6,36.8
,"Venango County, PA","42121","2021","2021","Unintentional","1","Poisoning","GRINJ-015",17,49938,34.0,19.8,54.5
,"Warren County, PA","42123","2021","2021","Unintentional","1","Fall","GRINJ-003",15,38134,39.3,22.0,64.9
,"Washington County, PA","42125","2021","2021","Unintentional","1","Fall","GRINJ-003",50,209470,23.9,17.7,31.5
,"Washington County, PA","42125","2021","2021","Unintentional","1","Motor Vehicle Traffic","GRINJ-008",17,209470,8.1,4.7,13.0
,"Washington County, PA","42125","2021","2021","Unintentional","1","Poisoning","GRINJ-015",114,209470,54.4,44.4,64.4
,"Washington County, PA","42125","2021","2021","Unintentional","1","Unspecified Injury","GRINJ-020",11,209470,5.3,2.6,9.4
,"Washington County, PA","42125","2021","2021","Suicide","2","Firearm","GRINJ-006",28,209470,13.4,8.9,19.3
,"Washington County, PA","42125","2021","2021","Homicide","3","Firearm","GRINJ-006",11,209470,5.3,2.6,9.4
,"Wayne County, PA","42127","2021","2021","Unintentional","1","Motor Vehicle Traffic","GRINJ-008",11,51431,21.4,10.7,38.3
,"Wayne County, PA","42127","2021","2021","Unintentional","1","Poisoning","GRINJ-015",21,51431,40.8,25.3,62.4
,"Wayne County, PA","42127","2021","2021","Suicide","2","Firearm","GRINJ-006",13,51431,25.3,13.5,43.2
,"Westmoreland County, PA","42129","2021","2021","Unintentional","1","Fall","GRINJ-003",83,353057,23.5,18.7,29.1
,"Westmoreland County, PA","42129","2021","2021","Unintentional","1","Motor Vehicle Traffic","GRINJ-008",32,353057,9.1,6.2,12.8
,"Westmoreland County, PA","42129","2021","2021","Unintentional","1","Poisoning","GRINJ-015",174,353057,49.3,42.0,56.6
,"Westmoreland County, PA","42129","2021","2021","Unintentional","1","Suffocation","GRINJ-017",10,353057,2.8,1.4,5.2
,"Westmoreland County, PA","42129","2021","2021","Suicide","2","Firearm","GRINJ-006",39,353057,11.0,7.9,15.1
,"Westmoreland County, PA","42129","2021","2021","Suicide","2","Suffocation","GRINJ-017",11,353057,3.1,1.6,5.6
,"York County, PA","42133","2021","2021","Unintentional","1","Fall","GRINJ-003",164,458696,35.8,30.3,41.2
,"York County, PA","42133","2021","2021","Unintentional","1","Motor Vehicle Traffic","GRINJ-008",57,458696,12.4,9.4,16.1
,"York County, PA","42133","2021","2021","Unintentional","1","Poisoning","GRINJ-015",145,458696,31.6,26.5,36.8
,"York County, PA","42133","2021","2021","Unintentional","1","Suffocation","GRINJ-017",12,458696,2.6,1.4,4.6
,"York County, PA","42133","2021","2021","Suicide","2","Firearm","GRINJ-006",43,458696,9.4,6.8,12.6
,"York County, PA","42133","2021","2021","Suicide","2","Poisoning","GRINJ-015",14,458696,3.1,1.7,5.1
,"York County, PA","42133","2021","2021","Suicide","2","Suffocation","GRINJ-017",19,458696,4.1,2.5,6.5
,"York County, PA","42133","2021","2021","Homicide","3","Firearm","GRINJ-006",21,458696,4.6,2.8,7.0
,"Bristol County, RI","44001","2021","2021","Unintentional","1","Fall","GRINJ-003",12,50818,23.6,12.2,41.2
,"Bristol County, RI","44001","2021","2021","Unintentional","1","Poisoning","GRINJ-015",12,50818,23.6,12.2,41.2
,"Kent County, RI","44003","2021","2021","Unintentional","1","Fall","GRINJ-003",52,170715,30.5,22.7,39.9
,"Kent County, RI","44003","2021","2021","Unintentional","1","Motor Vehicle Traffic","GRINJ-008",14,170715,8.2,4.5,13.8
,"Kent County, RI","44003","2021","2021","Unintentional","1","Poisoning","GRINJ-015",71,170715,41.6,32.5,52.5
,"Newport County, RI","44005","2021","2021","Unintentional","1","Fall","GRINJ-003",20,85264,23.5,14.3,36.2
,"Newport County, RI","44005","2021","2021","Unintentional","1","Poisoning","GRINJ-015",21,85264,24.6,15.2,37.6
,"Providence County, RI","44007","2021","2021","Unintentional","1","Fall","GRINJ-003",127,658221,19.3,15.9,22.7
,"Providence County, RI","44007","2021","2021","Unintentional","1","Motor Vehicle Traffic","GRINJ-008",49,658221,7.4,5.5,9.8
,"Providence County, RI","44007","2021","2021","Unintentional","1","Poisoning","GRINJ-015",311,658221,47.2,42.0,52.5
,"Providence County, RI","44007","2021","2021","Unintentional","1","Suffocation","GRINJ-017",12,658221,1.8,0.9,3.2
,"Providence County, RI","44007","2021","2021","Unintentional","1","Unspecified Injury","GRINJ-020",14,658221,2.1,1.2,3.6
,"Providence County, RI","44007","2021","2021","Suicide","2","Firearm","GRINJ-006",12,658221,1.8,0.9,3.2
,"Providence County, RI","44007","2021","2021","Suicide","2","Poisoning","GRINJ-015",10,658221,1.5,0.7,2.8
,"Providence County, RI","44007","2021","2021","Suicide","2","Suffocation","GRINJ-017",28,658221,4.3,2.8,6.1
,"Providence County, RI","44007","2021","2021","Homicide","3","Firearm","GRINJ-006",22,658221,3.3,2.1,5.1
,"Washington County, RI","44009","2021","2021","Unintentional","1","Fall","GRINJ-003",37,130592,28.3,19.9,39.1
,"Washington County, RI","44009","2021","2021","Unintentional","1","Motor Vehicle Traffic","GRINJ-008",11,130592,8.4,4.2,15.1
,"Washington County, RI","44009","2021","2021","Unintentional","1","Poisoning","GRINJ-015",36,130592,27.6,19.3,38.2
,"Washington County, RI","44009","2021","2021","Suicide","2","Firearm","GRINJ-006",12,130592,9.2,4.7,16.1
,"Aiken County, SC","45003","2021","2021","Unintentional","1","Fall","GRINJ-003",26,170776,15.2,9.9,22.3
,"Aiken County, SC","45003","2021","2021","Unintentional","1","Motor Vehicle Traffic","GRINJ-008",31,170776,18.2,12.3,25.8
,"Aiken County, SC","45003","2021","2021","Unintentional","1","Poisoning","GRINJ-015",79,170776,46.3,36.6,57.7
,"Aiken County, SC","45003","2021","2021","Suicide","2","Firearm","GRINJ-006",23,170776,13.5,8.5,20.2
,"Aiken County, SC","45003","2021","2021","Homicide","3","Firearm","GRINJ-006",21,170776,12.3,7.6,18.8
,"Anderson County, SC","45007","2021","2021","Unintentional","1","Fall","GRINJ-003",22,206908,10.6,6.7,16.1
,"Anderson County, SC","45007","2021","2021","Unintentional","1","Motor Vehicle Traffic","GRINJ-008",53,206908,25.6,19.2,33.5
,"Anderson County, SC","45007","2021","2021","Unintentional","1","Poisoning","GRINJ-015",74,206908,35.8,28.1,44.9
,"Anderson County, SC","45007","2021","2021","Suicide","2","Firearm","GRINJ-006",25,206908,12.1,7.8,17.8
,"Anderson County, SC","45007","2021","2021","Suicide","2","Suffocation","GRINJ-017",12,206908,5.8,3.0,10.1
,"Anderson County, SC","45007","2021","2021","Homicide","3","Firearm","GRINJ-006",20,206908,9.7,5.9,14.9
,"Barnwell County, SC","45011","2021","2021","Unintentional","1","Poisoning","GRINJ-015",10,20580,48.6,23.3,89.4
,"Beaufort County, SC","45013","2021","2021","Unintentional","1","Fall","GRINJ-003",29,191748,15.1,10.1,21.7
,"Beaufort County, SC","45013","2021","2021","Unintentional","1","Motor Vehicle Traffic","GRINJ-008",29,191748,15.1,10.1,21.7
,"Beaufort County, SC","45013","2021","2021","Unintentional","1","Poisoning","GRINJ-015",49,191748,25.6,18.9,33.8
,"Beaufort County, SC","45013","2021","2021","Suicide","2","Firearm","GRINJ-006",17,191748,8.9,5.2,14.2
,"Beaufort County, SC","45013","2021","2021","Homicide","3","Firearm","GRINJ-006",12,191748,6.3,3.2,10.9
,"Berkeley County, SC","45015","2021","2021","Unintentional","1","Fall","GRINJ-003",25,236701,10.6,6.8,15.6
,"Berkeley County, SC","45015","2021","2021","Unintentional","1","Motor Vehicle Traffic","GRINJ-008",42,236701,17.7,12.8,24.0
,"Berkeley County, SC","45015","2021","2021","Unintentional","1","Poisoning","GRINJ-015",85,236701,35.9,28.7,44.4
,"Berkeley County, SC","45015","2021","2021","Suicide","2","Firearm","GRINJ-006",21,236701,8.9,5.5,13.6
,"Berkeley County, SC","45015","2021","2021","Homicide","3","Firearm","GRINJ-006",21,236701,8.9,5.5,13.6
,"Charleston County, SC","45019","2021","2021","Unintentional","1","Fall","GRINJ-003",55,413024,13.3,10.0,17.3
,"Charleston County, SC","45019","2021","2021","Unintentional","1","Motor Vehicle Traffic","GRINJ-008",71,413024,17.2,13.4,21.7
,"Charleston County, SC","45019","2021","2021","Unintentional","1","Poisoning","GRINJ-015",146,413024,35.3,29.6,41.1
,"Charleston County, SC","45019","2021","2021","Suicide","2","Firearm","GRINJ-006",46,413024,11.1,8.2,14.9
,"Charleston County, SC","45019","2021","2021","Suicide","2","Poisoning","GRINJ-015",11,413024,2.7,1.3,4.8
,"Charleston County, SC","45019","2021","2021","Suicide","2","Suffocation","GRINJ-017",11,413024,2.7,1.3,4.8
,"Charleston County, SC","45019","2021","2021","Homicide","3","Firearm","GRINJ-006",57,413024,13.8,10.5,17.9
,"Cherokee County, SC","45021","2021","2021","Unintentional","1","Motor Vehicle Traffic","GRINJ-008",19,56052,33.9,20.4,52.9
,"Cherokee County, SC","45021","2021","2021","Unintentional","1","Poisoning","GRINJ-015",12,56052,21.4,11.1,37.4
,"Chester County, SC","45023","2021","2021","Unintentional","1","Motor Vehicle Traffic","GRINJ-008",15,32209,46.6,26.1,76.8
,"Chesterfield County, SC","45025","2021","2021","Unintentional","1","Motor Vehicle Traffic","GRINJ-008",13,43268,30.0,16.0,51.4
,"Chesterfield County, SC","45025","2021","2021","Unintentional","1","Poisoning","GRINJ-015",17,43268,39.3,22.9,62.9
,"Clarendon County, SC","45027","2021","2021","Unintentional","1","Motor Vehicle Traffic","GRINJ-008",14,31024,45.1,24.7,75.7
,"Clarendon County, SC","45027","2021","2021","Unintentional","1","Poisoning","GRINJ-015",15,31024,48.3,27.1,79.7
,"Colleton County, SC","45029","2021","2021","Unintentional","1","Motor Vehicle Traffic","GRINJ-008",15,38462,39.0,21.8,64.3
,"Colleton County, SC","45029","2021","2021","Unintentional","1","Poisoning","GRINJ-015",16,38462,41.6,23.8,67.6
,"Colleton County, SC","45029","2021","2021","Homicide","3","Firearm","GRINJ-006",14,38462,36.4,19.9,61.1
,"Darlington County, SC","45031","2021","2021","Unintentional","1","Motor Vehicle Traffic","GRINJ-008",24,62755,38.2,24.5,56.9
,"Darlington County, SC","45031","2021","2021","Unintentional","1","Poisoning","GRINJ-015",19,62755,30.3,18.2,47.3
,"Darlington County, SC","45031","2021","2021","Homicide","3","Firearm","GRINJ-006",21,62755,33.5,20.7,51.2
,"Dillon County, SC","45033","2021","2021","Unintentional","1","Motor Vehicle Traffic","GRINJ-008",11,28087,39.2,19.6,70.1
,"Dillon County, SC","45033","2021","2021","Unintentional","1","Poisoning","GRINJ-015",17,28087,60.5,35.3,96.9
,"Dillon County, SC","45033","2021","2021","Homicide","3","Firearm","GRINJ-006",11,28087,39.2,19.6,70.1
,"Dorchester County, SC","45035","2021","2021","Unintentional","1","Fall","GRINJ-003",12,163327,7.3,3.8,12.8
,"Dorchester County, SC","45035","2021","2021","Unintentional","1","Motor Vehicle Traffic","GRINJ-008",25,163327,15.3,9.9,22.6
,"Dorchester County, SC","45035","2021","2021","Unintentional","1","Poisoning","GRINJ-015",47,163327,28.8,21.1,38.3
,"Dorchester County, SC","45035","2021","2021","Suicide","2","Firearm","GRINJ-006",17,163327,10.4,6.1,16.7
,"Dorchester County, SC","45035","2021","2021","Homicide","3","Firearm","GRINJ-006",12,163327,7.3,3.8,12.8
,"Edgefield County, SC","45037","2021","2021","Unintentional","1","Poisoning","GRINJ-015",11,26153,42.1,21.0,75.3
,"Fairfield County, SC","45039","2021","2021","Unintentional","1","Poisoning","GRINJ-015",10,20690,48.3,23.2,88.9
,"Florence County, SC","45041","2021","2021","Unintentional","1","Motor Vehicle Traffic","GRINJ-008",46,136504,33.7,24.7,44.9
,"Florence County, SC","45041","2021","2021","Unintentional","1","Poisoning","GRINJ-015",56,136504,41.0,31.0,53.3
,"Florence County, SC","45041","2021","2021","Homicide","3","Firearm","GRINJ-006",21,136504,15.4,9.5,23.5
,"Georgetown County, SC","45043","2021","2021","Unintentional","1","Motor Vehicle Traffic","GRINJ-008",18,63921,28.2,16.7,44.5
,"Georgetown County, SC","45043","2021","2021","Unintentional","1","Poisoning","GRINJ-015",40,63921,62.6,44.7,85.2
,"Greenville County, SC","45045","2021","2021","Unintentional","1","Fall","GRINJ-003",90,533834,16.9,13.6,20.7
,"Greenville County, SC","45045","2021","2021","Unintentional","1","Motor Vehicle Traffic","GRINJ-008",99,533834,18.5,15.1,22.6
,"Greenville County, SC","45045","2021","2021","Unintentional","1","Poisoning","GRINJ-015",271,533834,50.8,44.7,56.8
,"Greenville County, SC","45045","2021","2021","Unintentional","1","Suffocation","GRINJ-017",24,533834,4.5,2.9,6.7
,"Greenville County, SC","45045","2021","2021","Unintentional","1","Unspecified Injury","GRINJ-020",12,533834,2.2,1.2,3.9
,"Greenville County, SC","45045","2021","2021","Suicide","2","Firearm","GRINJ-006",63,533834,11.8,9.1,15.1
,"Greenville County, SC","45045","2021","2021","Suicide","2","Suffocation","GRINJ-017",23,533834,4.3,2.7,6.5
,"Greenville County, SC","45045","2021","2021","Homicide","3","Firearm","GRINJ-006",37,533834,6.9,4.9,9.6
,"Greenwood County, SC","45047","2021","2021","Unintentional","1","Fall","GRINJ-003",10,69241,14.4,6.9,26.6
,"Greenwood County, SC","45047","2021","2021","Unintentional","1","Motor Vehicle Traffic","GRINJ-008",14,69241,20.2,11.1,33.9
,"Greenwood County, SC","45047","2021","2021","Unintentional","1","Poisoning","GRINJ-015",44,69241,63.5,46.2,85.3
,"Horry County, SC","45051","2021","2021","Unintentional","1","Drowning","GRINJ-002",10,365579,2.7,1.3,5.0
,"Horry County, SC","45051","2021","2021","Unintentional","1","Fall","GRINJ-003",34,365579,9.3,6.4,13.0
,"Horry County, SC","45051","2021","2021","Unintentional","1","Motor Vehicle Traffic","GRINJ-008",74,365579,20.2,15.9,25.4
,"Horry County, SC","45051","2021","2021","Unintentional","1","Poisoning","GRINJ-015",239,365579,65.4,57.1,73.7
,"Horry County, SC","45051","2021","2021","Unintentional","1","Unspecified Injury","GRINJ-020",13,365579,3.6,1.9,6.1
,"Horry County, SC","45051","2021","2021","Suicide","2","Firearm","GRINJ-006",55,365579,15.0,11.3,19.6
,"Horry County, SC","45051","2021","2021","Suicide","2","Suffocation","GRINJ-017",11,365579,3.0,1.5,5.4
,"Horry County, SC","45051","2021","2021","Homicide","3","Firearm","GRINJ-006",21,365579,5.7,3.6,8.8
,"Jasper County, SC","45053","2021","2021","Unintentional","1","Motor Vehicle Traffic","GRINJ-008",17,30324,56.1,32.7,89.8
,"Jasper County, SC","45053","2021","2021","Unintentional","1","Poisoning","GRINJ-015",10,30324,33.0,15.8,60.6
,"Kershaw County, SC","45055","2021","2021","Unintentional","1","Motor Vehicle Traffic","GRINJ-008",27,66130,40.8,26.9,59.4
,"Kershaw County, SC","45055","2021","2021","Unintentional","1","Poisoning","GRINJ-015",35,66130,52.9,36.9,73.6
,"Kershaw County, SC","45055","2021","2021","Suicide","2","Firearm","GRINJ-006",12,66130,18.1,9.4,31.7
,"Lancaster County, SC","45057","2021","2021","Unintentional","1","Fall","GRINJ-003",12,100336,12.0,6.2,20.9
,"Lancaster County, SC","45057","2021","2021","Unintentional","1","Motor Vehicle Traffic","GRINJ-008",33,100336,32.9,22.6,46.2
,"Lancaster County, SC","45057","2021","2021","Unintentional","1","Poisoning","GRINJ-015",55,100336,54.8,41.3,71.4
,"Lancaster County, SC","45057","2021","2021","Suicide","2","Firearm","GRINJ-006",10,100336,10.0,4.8,18.3
,"Lancaster County, SC","45057","2021","2021","Homicide","3","Firearm","GRINJ-006",12,100336,12.0,6.2,20.9
,"Laurens County, SC","45059","2021","2021","Unintentional","1","Fall","GRINJ-003",16,67803,23.6,13.5,38.3
,"Laurens County, SC","45059","2021","2021","Unintentional","1","Motor Vehicle Traffic","GRINJ-008",18,67803,26.5,15.7,42.0
,"Laurens County, SC","45059","2021","2021","Unintentional","1","Poisoning","GRINJ-015",28,67803,41.3,27.4,59.7
,"Lexington County, SC","45063","2021","2021","Unintentional","1","Fall","GRINJ-003",54,300137,18.0,13.5,23.5
,"Lexington County, SC","45063","2021","2021","Unintentional","1","Motor Vehicle Traffic","GRINJ-008",67,300137,22.3,17.3,28.3
,"Lexington County, SC","45063","2021","2021","Unintentional","1","Poisoning","GRINJ-015",100,300137,33.3,26.8,39.8
,"Lexington County, SC","45063","2021","2021","Unintentional","1","Unspecified Injury","GRINJ-020",10,300137,3.3,1.6,6.1
,"Lexington County, SC","45063","2021","2021","Suicide","2","Firearm","GRINJ-006",29,300137,9.7,6.5,13.9
,"Lexington County, SC","45063","2021","2021","Homicide","3","Firearm","GRINJ-006",21,300137,7.0,4.3,10.7
,"Marion County, SC","45067","2021","2021","Unintentional","1","Motor Vehicle Traffic","GRINJ-008",10,28784,34.7,16.7,63.9
,"Marion County, SC","45067","2021","2021","Unintentional","1","Poisoning","GRINJ-015",11,28784,38.2,19.1,68.4
,"Marlboro County, SC","45069","2021","2021","Unintentional","1","Motor Vehicle Traffic","GRINJ-008",10,26382,37.9,18.2,69.7
,"Newberry County, SC","45071","2021","2021","Unintentional","1","Motor Vehicle Traffic","GRINJ-008",12,37996,31.6,16.3,55.2
,"Oconee County, SC","45073","2021","2021","Unintentional","1","Fall","GRINJ-003",11,79203,13.9,6.9,24.9
,"Oconee County, SC","45073","2021","2021","Unintentional","1","Motor Vehicle Traffic","GRINJ-008",14,79203,17.7,9.7,29.7
,"Oconee County, SC","45073","2021","2021","Unintentional","1","Poisoning","GRINJ-015",27,79203,34.1,22.5,49.6
,"Oconee County, SC","45073","2021","2021","Suicide","2","Firearm","GRINJ-006",12,79203,15.2,7.8,26.5
,"Orangeburg County, SC","45075","2021","2021","Unintentional","1","Motor Vehicle Traffic","GRINJ-008",37,82962,44.6,31.4,61.5
,"Orangeburg County, SC","45075","2021","2021","Unintentional","1","Poisoning","GRINJ-015",40,82962,48.2,34.4,65.7
,"Orangeburg County, SC","45075","2021","2021","Homicide","3","Firearm","GRINJ-006",19,82962,22.9,13.8,35.8
,"Pickens County, SC","45077","2021","2021","Unintentional","1","Fall","GRINJ-003",39,132229,29.5,21.0,40.3
,"Pickens County, SC","45077","2021","2021","Unintentional","1","Motor Vehicle Traffic","GRINJ-008",34,132229,25.7,17.8,35.9
,"Pickens County, SC","45077","2021","2021","Unintentional","1","Poisoning","GRINJ-015",61,132229,46.1,35.3,59.3
,"Pickens County, SC","45077","2021","2021","Suicide","2","Firearm","GRINJ-006",14,132229,10.6,5.8,17.8
,"Richland County, SC","45079","2021","2021","Unintentional","1","Fall","GRINJ-003",33,418307,7.9,5.4,11.1
,"Richland County, SC","45079","2021","2021","Unintentional","1","Motor Vehicle Traffic","GRINJ-008",82,418307,19.6,15.6,24.3
,"Richland County, SC","45079","2021","2021","Unintentional","1","Poisoning","GRINJ-015",111,418307,26.5,21.6,31.5
,"Richland County, SC","45079","2021","2021","Unintentional","1","Suffocation","GRINJ-017",13,418307,3.1,1.7,5.3
,"Richland County, SC","45079","2021","2021","Unintentional","1","Unspecified Injury","GRINJ-020",14,418307,3.3,1.8,5.6
,"Richland County, SC","45079","2021","2021","Suicide","2","Firearm","GRINJ-006",30,418307,7.2,4.8,10.2
,"Richland County, SC","45079","2021","2021","Homicide","3","Firearm","GRINJ-006",61,418307,14.6,11.2,18.7
,"Spartanburg County, SC","45083","2021","2021","Unintentional","1","Fall","GRINJ-003",49,335864,14.6,10.8,19.3
,"Spartanburg County, SC","45083","2021","2021","Unintentional","1","Motor Vehicle Traffic","GRINJ-008",72,335864,21.4,16.8,27.0
,"Spartanburg County, SC","45083","2021","2021","Unintentional","1","Poisoning","GRINJ-015",140,335864,41.7,34.8,48.6
,"Spartanburg County, SC","45083","2021","2021","Unintentional","1","Suffocation","GRINJ-017",10,335864,3.0,1.4,5.5
,"Spartanburg County, SC","45083","2021","2021","Suicide","2","Firearm","GRINJ-006",33,335864,9.8,6.8,13.8
,"Spartanburg County, SC","45083","2021","2021","Homicide","3","Firearm","GRINJ-006",29,335864,8.6,5.8,12.4
,"Sumter County, SC","45085","2021","2021","Unintentional","1","Fall","GRINJ-003",15,104758,14.3,8.0,23.6
,"Sumter County, SC","45085","2021","2021","Unintentional","1","Motor Vehicle Traffic","GRINJ-008",30,104758,28.6,19.3,40.9
,"Sumter County, SC","45085","2021","2021","Unintentional","1","Poisoning","GRINJ-015",30,104758,28.6,19.3,40.9
,"Sumter County, SC","45085","2021","2021","Suicide","2","Firearm","GRINJ-006",10,104758,9.5,4.6,17.6
,"Sumter County, SC","45085","2021","2021","Homicide","3","Firearm","GRINJ-006",15,104758,14.3,8.0,23.6
,"Union County, SC","45087","2021","2021","Unintentional","1","Motor Vehicle Traffic","GRINJ-008",13,27016,48.1,25.6,82.3
,"Union County, SC","45087","2021","2021","Unintentional","1","Poisoning","GRINJ-015",16,27016,59.2,33.9,96.2
,"Williamsburg County, SC","45089","2021","2021","Unintentional","1","Motor Vehicle Traffic","GRINJ-008",13,30484,42.6,22.7,72.9
,"Williamsburg County, SC","45089","2021","2021","Unintentional","1","Poisoning","GRINJ-015",16,30484,52.5,30.0,85.2
,"York County, SC","45091","2021","2021","Unintentional","1","Fall","GRINJ-003",87,288595,30.1,24.1,37.2
,"York County, SC","45091","2021","2021","Unintentional","1","Motor Vehicle Traffic","GRINJ-008",38,288595,13.2,9.3,18.1
,"York County, SC","45091","2021","2021","Unintentional","1","Poisoning","GRINJ-015",133,288595,46.1,38.3,53.9
,"York County, SC","45091","2021","2021","Suicide","2","Firearm","GRINJ-006",24,288595,8.3,5.3,12.4
,"York County, SC","45091","2021","2021","Homicide","3","Firearm","GRINJ-006",20,288595,6.9,4.2,10.7
,"Codington County, SD","46029","2021","2021","Unintentional","1","Fall","GRINJ-003",15,28427,52.8,29.5,87.0
,"Davison County, SD","46035","2021","2021","Unintentional","1","Fall","GRINJ-003",10,19878,50.3,24.1,92.5
,"Lawrence County, SD","46081","2021","2021","Unintentional","1","Fall","GRINJ-003",12,26165,45.9,23.7,80.1
,"Lincoln County, SD","46083","2021","2021","Unintentional","1","Fall","GRINJ-003",10,67870,14.7,7.1,27.1
,"Minnehaha County, SD","46099","2021","2021","Unintentional","1","Fall","GRINJ-003",44,199685,22.0,16.0,29.6
,"Minnehaha County, SD","46099","2021","2021","Unintentional","1","Motor Vehicle Traffic","GRINJ-008",24,199685,12.0,7.7,17.9
,"Minnehaha County, SD","46099","2021","2021","Unintentional","1","Poisoning","GRINJ-015",35,199685,17.5,12.2,24.4
,"Minnehaha County, SD","46099","2021","2021","Suicide","2","Firearm","GRINJ-006",12,199685,6.0,3.1,10.5
,"Minnehaha County, SD","46099","2021","2021","Suicide","2","Suffocation","GRINJ-017",11,199685,5.5,2.7,9.9
,"Pennington County, SD","46103","2021","2021","Unintentional","1","Fall","GRINJ-003",38,111806,34.0,24.1,46.7
,"Pennington County, SD","46103","2021","2021","Unintentional","1","Motor Vehicle Traffic","GRINJ-008",20,111806,17.9,10.9,27.6
,"Pennington County, SD","46103","2021","2021","Unintentional","1","Poisoning","GRINJ-015",12,111806,10.7,5.5,18.7
,"Pennington County, SD","46103","2021","2021","Suicide","2","Firearm","GRINJ-006",19,111806,17.0,10.2,26.5
,"Pennington County, SD","46103","2021","2021","Suicide","2","Suffocation","GRINJ-017",12,111806,10.7,5.5,18.7
,"Shannon County, SD","46113","2021","2021","Unintentional","1","Motor Vehicle Traffic","GRINJ-008",11,13586,81.0,40.4,144.9
,"Todd County, SD","46121","2021","2021","Unintentional","1","Motor Vehicle Traffic","GRINJ-008",10,9286,107.7,51.6,198.0
,"Anderson County, TN","47001","2021","2021","Unintentional","1","Fall","GRINJ-003",22,77576,28.4,17.8,42.9
,"Anderson County, TN","47001","2021","2021","Unintentional","1","Poisoning","GRINJ-015",90,77576,116.0,93.3,142.6
,"Anderson County, TN","47001","2021","2021","Suicide","2","Firearm","GRINJ-006",11,77576,14.2,7.1,25.4
,"Bedford County, TN","47003","2021","2021","Unintentional","1","Poisoning","GRINJ-015",23,51119,45.0,28.5,67.5
,"Bedford County, TN","47003","2021","2021","Suicide","2","Firearm","GRINJ-006",13,51119,25.4,13.5,43.5
,"Blount County, TN","47009","2021","2021","Unintentional","1","Fall","GRINJ-003",15,137605,10.9,6.1,18.0
,"Blount County, TN","47009","2021","2021","Unintentional","1","Motor Vehicle Traffic","GRINJ-008",17,137605,12.4,7.2,19.8
,"Blount County, TN","47009","2021","2021","Unintentional","1","Poisoning","GRINJ-015",91,137605,66.1,53.2,81.2
,"Blount County, TN","47009","2021","2021","Unintentional","1","Suffocation","GRINJ-017",10,137605,7.3,3.5,13.4
,"Blount County, TN","47009","2021","2021","Suicide","2","Firearm","GRINJ-006",16,137605,11.6,6.6,18.9
,"Bradley County, TN","47011","2021","2021","Unintentional","1","Fall","GRINJ-003",14,110162,12.7,6.9,21.3
,"Bradley County, TN","47011","2021","2021","Unintentional","1","Motor Vehicle Traffic","GRINJ-008",29,110162,26.3,17.6,37.8
,"Bradley County, TN","47011","2021","2021","Unintentional","1","Poisoning","GRINJ-015",49,110162,44.5,32.9,58.8
,"Bradley County, TN","47011","2021","2021","Suicide","2","Firearm","GRINJ-006",10,110162,9.1,4.4,16.7
,"Campbell County, TN","47013","2021","2021","Unintentional","1","Motor Vehicle Traffic","GRINJ-008",20,39578,50.5,30.9,78.0
,"Campbell County, TN","47013","2021","2021","Unintentional","1","Poisoning","GRINJ-015",23,39578,58.1,36.8,87.2
,"Cannon County, TN","47015","2021","2021","Unintentional","1","Poisoning","GRINJ-015",10,14553,68.7,33.0,126.4
,"Carroll County, TN","47017","2021","2021","Suicide","2","Firearm","GRINJ-006",10,28432,35.2,16.9,64.7
,"Carter County, TN","47019","2021","2021","Unintentional","1","Fall","GRINJ-003",10,56134,17.8,8.5,32.8
,"Carter County, TN","47019","2021","2021","Unintentional","1","Poisoning","GRINJ-015",26,56134,46.3,30.3,67.9
,"Cheatham County, TN","47021","2021","2021","Unintentional","1","Poisoning","GRINJ-015",31,41523,74.7,50.7,106.0
,"Cocke County, TN","47029","2021","2021","Unintentional","1","Motor Vehicle Traffic","GRINJ-008",13,36418,35.7,19.0,61.0
,"Cocke County, TN","47029","2021","2021","Unintentional","1","Poisoning","GRINJ-015",28,36418,76.9,51.1,111.1
,"Coffee County, TN","47031","2021","2021","Unintentional","1","Motor Vehicle Traffic","GRINJ-008",17,59032,28.8,16.8,46.1
,"Coffee County, TN","47031","2021","2021","Unintentional","1","Poisoning","GRINJ-015",25,59032,42.3,27.4,62.5
,"Coffee County, TN","47031","2021","2021","Suicide","2","Firearm","GRINJ-006",11,59032,18.6,9.3,33.3
,"Cumberland County, TN","47035","2021","2021","Unintentional","1","Fall","GRINJ-003",24,62451,38.4,24.6,57.2
,"Cumberland County, TN","47035","2021","2021","Unintentional","1","Motor Vehicle Traffic","GRINJ-008",10,62451,16.0,7.7,29.4
,"Cumberland County, TN","47035","2021","2021","Unintentional","1","Poisoning","GRINJ-015",46,62451,73.7,53.9,98.2
,"Cumberland County, TN","47035","2021","2021","Suicide","2","Firearm","GRINJ-006",13,62451,20.8,11.1,35.6
,"Davidson County, TN","47037","2021","2021","Unintentional","1","Fall","GRINJ-003",114,703953,16.2,13.2,19.2
,"Davidson County, TN","47037","2021","2021","Unintentional","1","Motor Vehicle Traffic","GRINJ-008",124,703953,17.6,14.5,20.7
,"Davidson County, TN","47037","2021","2021","Unintentional","1","Poisoning","GRINJ-015",524,703953,74.4,68.1,80.8
,"Davidson County, TN","47037","2021","2021","Unintentional","1","Suffocation","GRINJ-017",27,703953,3.8,2.5,5.6
,"Davidson County, TN","47037","2021","2021","Suicide","2","Firearm","GRINJ-006",57,703953,8.1,6.1,10.5
,"Davidson County, TN","47037","2021","2021","Suicide","2","Poisoning","GRINJ-015",12,703953,1.7,0.9,3.0
,"Davidson County, TN","47037","2021","2021","Suicide","2","Suffocation","GRINJ-017",17,703953,2.4,1.4,3.9
,"Davidson County, TN","47037","2021","2021","Homicide","3","Firearm","GRINJ-006",83,703953,11.8,9.4,14.6
,"DeKalb County, TN","47041","2021","2021","Unintentional","1","Poisoning","GRINJ-015",16,20478,78.1,44.7,126.9
,"Dickson County, TN","47043","2021","2021","Unintentional","1","Poisoning","GRINJ-015",39,55292,70.5,50.2,96.4
,"Dickson County, TN","47043","2021","2021","Suicide","2","Firearm","GRINJ-006",12,55292,21.7,11.2,37.9
,"Fayette County, TN","47047","2021","2021","Unintentional","1","Poisoning","GRINJ-015",19,42832,44.4,26.7,69.3
,"Fentress County, TN","47049","2021","2021","Unintentional","1","Poisoning","GRINJ-015",10,18850,53.1,25.4,97.6
,"Gibson County, TN","47053","2021","2021","Unintentional","1","Motor Vehicle Traffic","GRINJ-008",18,50541,35.6,21.1,56.3
,"Gibson County, TN","47053","2021","2021","Unintentional","1","Poisoning","GRINJ-015",18,50541,35.6,21.1,56.3
,"Giles County, TN","47055","2021","2021","Unintentional","1","Motor Vehicle Traffic","GRINJ-008",11,30542,36.0,18.0,64.4
,"Giles County, TN","47055","2021","2021","Unintentional","1","Poisoning","GRINJ-015",11,30542,36.0,18.0,64.4
,"Grainger County, TN","47057","2021","2021","Unintentional","1","Poisoning","GRINJ-015",19,23763,80.0,48.1,124.9
,"Greene County, TN","47059","2021","2021","Unintentional","1","Fall","GRINJ-003",17,70621,24.1,14.0,38.5
,"Greene County, TN","47059","2021","2021","Unintentional","1","Motor Vehicle Traffic","GRINJ-008",21,70621,29.7,18.4,45.5
,"Greene County, TN","47059","2021","2021","Unintentional","1","Poisoning","GRINJ-015",45,70621,63.7,46.5,85.3
,"Greene County, TN","47059","2021","2021","Suicide","2","Firearm","GRINJ-006",12,70621,17.0,8.8,29.7
,"Hamblen County, TN","47063","2021","2021","Unintentional","1","Motor Vehicle Traffic","GRINJ-008",11,64468,17.1,8.5,30.5
,"Hamblen County, TN","47063","2021","2021","Unintentional","1","Poisoning","GRINJ-015",40,64468,62.0,44.3,84.5
,"Hamilton County, TN","47065","2021","2021","Unintentional","1","Fall","GRINJ-003",34,369135,9.2,6.4,12.9
,"Hamilton County, TN","47065","2021","2021","Unintentional","1","Motor Vehicle Traffic","GRINJ-008",57,369135,15.4,11.7,20.0
,"Hamilton County, TN","47065","2021","2021","Unintentional","1","Poisoning","GRINJ-015",172,369135,46.6,39.6,53.6
,"Hamilton County, TN","47065","2021","2021","Suicide","2","Firearm","GRINJ-006",39,369135,10.6,7.5,14.4
,"Hamilton County, TN","47065","2021","2021","Homicide","3","Firearm","GRINJ-006",34,369135,9.2,6.4,12.9
,"Hardin County, TN","47071","2021","2021","Unintentional","1","Motor Vehicle Traffic","GRINJ-008",10,26892,37.2,17.8,68.4
,"Hardin County, TN","47071","2021","2021","Unintentional","1","Poisoning","GRINJ-015",12,26892,44.6,23.1,77.9
,"Hawkins County, TN","47073","2021","2021","Unintentional","1","Fall","GRINJ-003",16,57288,27.9,16.0,45.4
,"Hawkins County, TN","47073","2021","2021","Unintentional","1","Motor Vehicle Traffic","GRINJ-008",12,57288,20.9,10.8,36.6
,"Hawkins County, TN","47073","2021","2021","Unintentional","1","Poisoning","GRINJ-015",25,57288,43.6,28.2,64.4
,"Henry County, TN","47079","2021","2021","Unintentional","1","Poisoning","GRINJ-015",11,32239,34.1,17.0,61.1
,"Hickman County, TN","47081","2021","2021","Unintentional","1","Motor Vehicle Traffic","GRINJ-008",11,25307,43.5,21.7,77.8
,"Hickman County, TN","47081","2021","2021","Unintentional","1","Poisoning","GRINJ-015",25,25307,98.8,63.9,145.8
,"Humphreys County, TN","47085","2021","2021","Unintentional","1","Motor Vehicle Traffic","GRINJ-008",10,19211,52.1,25.0,95.7
,"Humphreys County, TN","47085","2021","2021","Unintentional","1","Natural/Environmental","GRINJ-013",17,19211,88.5,51.5,141.7
,"Jefferson County, TN","47089","2021","2021","Unintentional","1","Fall","GRINJ-003",12,55624,21.6,11.1,37.7
,"Jefferson County, TN","47089","2021","2021","Unintentional","1","Poisoning","GRINJ-015",30,55624,53.9,36.4,77.0
,"Johnson County, TN","47091","2021","2021","Unintentional","1","Poisoning","GRINJ-015",11,18170,60.5,30.2,108.3
,"Knox County, TN","47093","2021","2021","Unintentional","1","Fall","GRINJ-003",94,486677,19.3,15.6,23.6
,"Knox County, TN","47093","2021","2021","Unintentional","1","Motor Vehicle Traffic","GRINJ-008",80,486677,16.4,13.0,20.5
,"Knox County, TN","47093","2021","2021","Unintentional","1","Poisoning","GRINJ-015",457,486677,93.9,85.3,102.5
,"Knox County, TN","47093","2021","2021","Unintentional","1","Suffocation","GRINJ-017",18,486677,3.7,2.2,5.8
,"Knox County, TN","47093","2021","2021","Suicide","2","Firearm","GRINJ-006",50,486677,10.3,7.6,13.5
,"Knox County, TN","47093","2021","2021","Suicide","2","Suffocation","GRINJ-017",12,486677,2.5,1.3,4.3
,"Knox County, TN","47093","2021","2021","Homicide","3","Firearm","GRINJ-006",48,486677,9.9,7.3,13.1
,"Lawrence County, TN","47099","2021","2021","Unintentional","1","Poisoning","GRINJ-015",15,44828,33.5,18.7,55.2
,"Lincoln County, TN","47103","2021","2021","Unintentional","1","Motor Vehicle Traffic","GRINJ-008",14,35433,39.5,21.6,66.3
,"Loudon County, TN","47105","2021","2021","Unintentional","1","Fall","GRINJ-003",19,56690,33.5,20.2,52.3
,"Loudon County, TN","47105","2021","2021","Unintentional","1","Poisoning","GRINJ-015",34,56690,60.0,41.5,83.8
,"McMinn County, TN","47107","2021","2021","Unintentional","1","Poisoning","GRINJ-015",30,54059,55.5,37.4,79.2
,"McNairy County, TN","47109","2021","2021","Unintentional","1","Poisoning","GRINJ-015",11,25860,42.5,21.2,76.1
,"Madison County, TN","47113","2021","2021","Unintentional","1","Motor Vehicle Traffic","GRINJ-008",15,98775,15.2,8.5,25.0
,"Madison County, TN","47113","2021","2021","Unintentional","1","Poisoning","GRINJ-015",33,98775,33.4,23.0,46.9
,"Madison County, TN","47113","2021","2021","Unintentional","1","Suffocation","GRINJ-017",10,98775,10.1,4.9,18.6
,"Madison County, TN","47113","2021","2021","Suicide","2","Firearm","GRINJ-006",12,98775,12.1,6.3,21.2
,"Madison County, TN","47113","2021","2021","Homicide","3","Firearm","GRINJ-006",13,98775,13.2,7.0,22.5
,"Marion County, TN","47115","2021","2021","Unintentional","1","Motor Vehicle Traffic","GRINJ-008",12,28877,41.6,21.5,72.6
,"Marion County, TN","47115","2021","2021","Unintentional","1","Poisoning","GRINJ-015",12,28877,41.6,21.5,72.6
,"Marshall County, TN","47117","2021","2021","Unintentional","1","Poisoning","GRINJ-015",17,34984,48.6,28.3,77.8
,"Maury County, TN","47119","2021","2021","Unintentional","1","Fall","GRINJ-003",10,104760,9.5,4.6,17.6
,"Maury County, TN","47119","2021","2021","Unintentional","1","Motor Vehicle Traffic","GRINJ-008",19,104760,18.1,10.9,28.3
,"Maury County, TN","47119","2021","2021","Unintentional","1","Poisoning","GRINJ-015",51,104760,48.7,36.2,64.0
,"Maury County, TN","47119","2021","2021","Suicide","2","Firearm","GRINJ-006",16,104760,15.3,8.7,24.8
,"Monroe County, TN","47123","2021","2021","Unintentional","1","Motor Vehicle Traffic","GRINJ-008",17,46698,36.4,21.2,58.3
,"Monroe County, TN","47123","2021","2021","Unintentional","1","Poisoning","GRINJ-015",29,46698,62.1,41.6,89.2
,"Montgomery County, TN","47125","2021","2021","Unintentional","1","Fall","GRINJ-003",11,227900,4.8,2.4,8.6
,"Montgomery County, TN","47125","2021","2021","Unintentional","1","Motor Vehicle Traffic","GRINJ-008",45,227900,19.7,14.4,26.4
,"Montgomery County, TN","47125","2021","2021","Unintentional","1","Poisoning","GRINJ-015",111,227900,48.7,39.6,57.8
,"Montgomery County, TN","47125","2021","2021","Suicide","2","Firearm","GRINJ-006",32,227900,14.0,9.6,19.8
,"Montgomery County, TN","47125","2021","2021","Homicide","3","Firearm","GRINJ-006",19,227900,8.3,5.0,13.0
,"Morgan County, TN","47129","2021","2021","Unintentional","1","Poisoning","GRINJ-015",13,21254,61.2,32.6,104.6
,"Putnam County, TN","47141","2021","2021","Unintentional","1","Fall","GRINJ-003",12,81188,14.8,7.6,25.8
,"Putnam County, TN","47141","2021","2021","Unintentional","1","Motor Vehicle Traffic","GRINJ-008",13,81188,16.0,8.5,27.4
,"Putnam County, TN","47141","2021","2021","Unintentional","1","Poisoning","GRINJ-015",19,81188,23.4,14.1,36.5
,"Putnam County, TN","47141","2021","2021","Suicide","2","Firearm","GRINJ-006",13,81188,16.0,8.5,27.4
,"Rhea County, TN","47143","2021","2021","Unintentional","1","Poisoning","GRINJ-015",11,33136,33.2,16.6,59.4
,"Roane County, TN","47145","2021","2021","Unintentional","1","Fall","GRINJ-003",14,53992,25.9,14.2,43.5
,"Roane County, TN","47145","2021","2021","Unintentional","1","Poisoning","GRINJ-015",48,53992,88.9,65.5,117.9
,"Robertson County, TN","47147","2021","2021","Unintentional","1","Fall","GRINJ-003",16,74098,21.6,12.3,35.1
,"Robertson County, TN","47147","2021","2021","Unintentional","1","Motor Vehicle Traffic","GRINJ-008",11,74098,14.8,7.4,26.6
,"Robertson County, TN","47147","2021","2021","Unintentional","1","Poisoning","GRINJ-015",31,74098,41.8,28.4,59.4
,"Robertson County, TN","47147","2021","2021","Suicide","2","Firearm","GRINJ-006",10,74098,13.5,6.5,24.8
,"Rutherford County, TN","47149","2021","2021","Unintentional","1","Fall","GRINJ-003",39,352182,11.1,7.9,15.1
,"Rutherford County, TN","47149","2021","2021","Unintentional","1","Motor Vehicle Traffic","GRINJ-008",28,352182,8.0,5.3,11.5
,"Rutherford County, TN","47149","2021","2021","Unintentional","1","Poisoning","GRINJ-015",141,352182,40.0,33.4,46.6
,"Rutherford County, TN","47149","2021","2021","Suicide","2","Firearm","GRINJ-006",39,352182,11.1,7.9,15.1
,"Rutherford County, TN","47149","2021","2021","Homicide","3","Firearm","GRINJ-006",18,352182,5.1,3.0,8.1
,"Sevier County, TN","47155","2021","2021","Unintentional","1","Fall","GRINJ-003",21,99517,21.1,13.1,32.3
,"Sevier County, TN","47155","2021","2021","Unintentional","1","Motor Vehicle Traffic","GRINJ-008",17,99517,17.1,10.0,27.4
,"Sevier County, TN","47155","2021","2021","Unintentional","1","Poisoning","GRINJ-015",71,99517,71.3,55.7,90.0
,"Sevier County, TN","47155","2021","2021","Suicide","2","Firearm","GRINJ-006",17,99517,17.1,10.0,27.4
,"Shelby County, TN","47157","2021","2021","Unintentional","1","Drowning","GRINJ-002",10,924454,1.1,0.5,2.0
,"Shelby County, TN","47157","2021","2021","Unintentional","1","Fall","GRINJ-003",83,924454,9.0,7.2,11.1
,"Shelby County, TN","47157","2021","2021","Unintentional","1","Fire/Flame","GRINJ-004",15,924454,1.6,0.9,2.7
,"Shelby County, TN","47157","2021","2021","Unintentional","1","Motor Vehicle Traffic","GRINJ-008",287,924454,31.0,27.5,34.6
,"Shelby County, TN","47157","2021","2021","Unintentional","1","Poisoning","GRINJ-015",552,924454,59.7,54.7,64.7
,"Shelby County, TN","47157","2021","2021","Unintentional","1","Suffocation","GRINJ-017",21,924454,2.3,1.4,3.5
,"Shelby County, TN","47157","2021","2021","Unintentional","1","Unspecified Injury","GRINJ-020",23,924454,2.5,1.6,3.7
,"Shelby County, TN","47157","2021","2021","Suicide","2","Firearm","GRINJ-006",65,924454,7.0,5.4,9.0
,"Shelby County, TN","47157","2021","2021","Suicide","2","Suffocation","GRINJ-017",20,924454,2.2,1.3,3.3
,"Shelby County, TN","47157","2021","2021","Homicide","3","Cut/Pierce","GRINJ-001",14,924454,1.5,0.8,2.5
,"Shelby County, TN","47157","2021","2021","Homicide","3","Firearm","GRINJ-006",319,924454,34.5,30.7,38.3
,"Shelby County, TN","47157","2021","2021","Undetermined ","4","Poisoning","GRINJ-015",13,924454,1.4,0.7,2.4
,"Stewart County, TN","47161","2021","2021","Unintentional","1","Poisoning","GRINJ-015",11,13855,79.4,39.6,142.1
,"Sullivan County, TN","47163","2021","2021","Unintentional","1","Fall","GRINJ-003",48,159265,30.1,22.2,40.0
,"Sullivan County, TN","47163","2021","2021","Unintentional","1","Motor Vehicle Traffic","GRINJ-008",28,159265,17.6,11.7,25.4
,"Sullivan County, TN","47163","2021","2021","Unintentional","1","Poisoning","GRINJ-015",73,159265,45.8,35.9,57.6
,"Sullivan County, TN","47163","2021","2021","Suicide","2","Firearm","GRINJ-006",20,159265,12.6,7.7,19.4
,"Sumner County, TN","47165","2021","2021","Unintentional","1","Fall","GRINJ-003",30,200557,15.0,10.1,21.4
,"Sumner County, TN","47165","2021","2021","Unintentional","1","Motor Vehicle Traffic","GRINJ-008",28,200557,14.0,9.3,20.2
,"Sumner County, TN","47165","2021","2021","Unintentional","1","Poisoning","GRINJ-015",88,200557,43.9,35.2,54.1
,"Sumner County, TN","47165","2021","2021","Suicide","2","Firearm","GRINJ-006",34,200557,17.0,11.7,23.7
,"Sumner County, TN","47165","2021","2021","Suicide","2","Suffocation","GRINJ-017",11,200557,5.5,2.7,9.8
,"Sumner County, TN","47165","2021","2021","Homicide","3","Firearm","GRINJ-006",10,200557,5.0,2.4,9.2
,"Tipton County, TN","47167","2021","2021","Unintentional","1","Motor Vehicle Traffic","GRINJ-008",16,61004,26.2,15.0,42.6
,"Tipton County, TN","47167","2021","2021","Unintentional","1","Poisoning","GRINJ-015",25,61004,41.0,26.5,60.5
,"Tipton County, TN","47167","2021","2021","Suicide","2","Firearm","GRINJ-006",10,61004,16.4,7.9,30.1
,"Unicoi County, TN","47171","2021","2021","Unintentional","1","Poisoning","GRINJ-015",10,17698,56.5,27.1,103.9
,"Union County, TN","47173","2021","2021","Unintentional","1","Poisoning","GRINJ-015",22,20040,109.8,68.8,166.2
,"Warren County, TN","47177","2021","2021","Unintentional","1","Poisoning","GRINJ-015",10,41523,24.1,11.5,44.3
,"Washington County, TN","47179","2021","2021","Unintentional","1","Fall","GRINJ-003",20,134236,14.9,9.1,23.0
,"Washington County, TN","47179","2021","2021","Unintentional","1","Motor Vehicle Traffic","GRINJ-008",14,134236,10.4,5.7,17.5
,"Washington County, TN","47179","2021","2021","Unintentional","1","Poisoning","GRINJ-015",57,134236,42.5,32.2,55.0
,"Washington County, TN","47179","2021","2021","Suicide","2","Firearm","GRINJ-006",17,134236,12.7,7.4,20.3
,"White County, TN","47185","2021","2021","Unintentional","1","Poisoning","GRINJ-015",13,27650,47.0,25.0,80.4
,"Williamson County, TN","47187","2021","2021","Unintentional","1","Fall","GRINJ-003",50,255735,19.6,14.5,25.8
,"Williamson County, TN","47187","2021","2021","Unintentional","1","Motor Vehicle Traffic","GRINJ-008",19,255735,7.4,4.5,11.6
,"Williamson County, TN","47187","2021","2021","Unintentional","1","Poisoning","GRINJ-015",41,255735,16.0,11.5,21.7
,"Williamson County, TN","47187","2021","2021","Suicide","2","Firearm","GRINJ-006",15,255735,5.9,3.3,9.7
,"Wilson County, TN","47189","2021","2021","Unintentional","1","Fall","GRINJ-003",33,151917,21.7,15.0,30.5
,"Wilson County, TN","47189","2021","2021","Unintentional","1","Motor Vehicle Traffic","GRINJ-008",24,151917,15.8,10.1,23.5
,"Wilson County, TN","47189","2021","2021","Unintentional","1","Poisoning","GRINJ-015",60,151917,39.5,30.1,50.8
,"Wilson County, TN","47189","2021","2021","Suicide","2","Firearm","GRINJ-006",16,151917,10.5,6.0,17.1
,"Anderson County, TX","48001","2021","2021","Unintentional","1","Motor Vehicle Traffic","GRINJ-008",18,58402,30.8,18.3,48.7
,"Anderson County, TX","48001","2021","2021","Unintentional","1","Poisoning","GRINJ-015",17,58402,29.1,17.0,46.6
,"Anderson County, TX","48001","2021","2021","Suicide","2","Suffocation","GRINJ-017",14,58402,24.0,13.1,40.2
,"Angelina County, TX","48005","2021","2021","Unintentional","1","Motor Vehicle Traffic","GRINJ-008",14,86506,16.2,8.8,27.2
,"Angelina County, TX","48005","2021","2021","Unintentional","1","Poisoning","GRINJ-015",27,86506,31.2,20.6,45.4
,"Bastrop County, TX","48021","2021","2021","Unintentional","1","Fall","GRINJ-003",12,102058,11.8,6.1,20.5
,"Bastrop County, TX","48021","2021","2021","Unintentional","1","Motor Vehicle Traffic","GRINJ-008",24,102058,23.5,15.1,35.0
,"Bastrop County, TX","48021","2021","2021","Unintentional","1","Poisoning","GRINJ-015",12,102058,11.8,6.1,20.5
,"Bastrop County, TX","48021","2021","2021","Suicide","2","Firearm","GRINJ-006",13,102058,12.7,6.8,21.8
,"Bell County, TX","48027","2021","2021","Unintentional","1","Fall","GRINJ-003",23,379617,6.1,3.8,9.1
,"Bell County, TX","48027","2021","2021","Unintentional","1","Motor Vehicle Traffic","GRINJ-008",37,379617,9.7,6.9,13.4
,"Bell County, TX","48027","2021","2021","Unintentional","1","Poisoning","GRINJ-015",57,379617,15.0,11.4,19.5
,"Bell County, TX","48027","2021","2021","Unintentional","1","Unspecified Injury","GRINJ-020",10,379617,2.6,1.3,4.8
,"Bell County, TX","48027","2021","2021","Suicide","2","Firearm","GRINJ-006",42,379617,11.1,8.0,15.0
,"Bell County, TX","48027","2021","2021","Suicide","2","Suffocation","GRINJ-017",13,379617,3.4,1.8,5.9
,"Bell County, TX","48027","2021","2021","Homicide","3","Firearm","GRINJ-006",22,379617,5.8,3.6,8.8
,"Bexar County, TX","48029","2021","2021","Unintentional","1","Drowning","GRINJ-002",18,2028236,0.9,0.5,1.4
,"Bexar County, TX","48029","2021","2021","Unintentional","1","Fall","GRINJ-003",251,2028236,12.4,10.8,13.9
,"Bexar County, TX","48029","2021","2021","Unintentional","1","Fire/Flame","GRINJ-004",16,2028236,0.8,0.5,1.3
,"Bexar County, TX","48029","2021","2021","Unintentional","1","Motor Vehicle Traffic","GRINJ-008",273,2028236,13.5,11.9,15.1
,"Bexar County, TX","48029","2021","2021","Unintentional","1","Other Pedestrian","GRINJ-010",13,2028236,0.6,0.3,1.1
,"Bexar County, TX","48029","2021","2021","Unintentional","1","Natural/Environmental","GRINJ-013",15,2028236,0.7,0.4,1.2
,"Bexar County, TX","48029","2021","2021","Unintentional","1","Poisoning","GRINJ-015",359,2028236,17.7,15.9,19.5
,"Bexar County, TX","48029","2021","2021","Unintentional","1","Suffocation","GRINJ-017",42,2028236,2.1,1.5,2.8
,"Bexar County, TX","48029","2021","2021","Unintentional","1","Unspecified Injury","GRINJ-020",17,2028236,0.8,0.5,1.3
,"Bexar County, TX","48029","2021","2021","Suicide","2","Fall","GRINJ-003",10,2028236,0.5,0.2,0.9
,"Bexar County, TX","48029","2021","2021","Suicide","2","Firearm","GRINJ-006",188,2028236,9.3,7.9,10.6
,"Bexar County, TX","48029","2021","2021","Suicide","2","Poisoning","GRINJ-015",22,2028236,1.1,0.7,1.6
,"Bexar County, TX","48029","2021","2021","Suicide","2","Suffocation","GRINJ-017",77,2028236,3.8,3.0,4.7
,"Bexar County, TX","48029","2021","2021","Homicide","3","Cut/Pierce","GRINJ-001",17,2028236,0.8,0.5,1.3
,"Bexar County, TX","48029","2021","2021","Homicide","3","Firearm","GRINJ-006",175,2028236,8.6,7.3,9.9
,"Bowie County, TX","48037","2021","2021","Unintentional","1","Motor Vehicle Traffic","GRINJ-008",30,92581,32.4,21.9,46.3
,"Bowie County, TX","48037","2021","2021","Suicide","2","Firearm","GRINJ-006",19,92581,20.5,12.4,32.0
,"Bowie County, TX","48037","2021","2021","Homicide","3","Firearm","GRINJ-006",11,92581,11.9,5.9,21.3
,"Brazoria County, TX","48039","2021","2021","Unintentional","1","Drowning","GRINJ-002",11,379689,2.9,1.4,5.2
,"Brazoria County, TX","48039","2021","2021","Unintentional","1","Fall","GRINJ-003",22,379689,5.8,3.6,8.8
,"Brazoria County, TX","48039","2021","2021","Unintentional","1","Motor Vehicle Traffic","GRINJ-008",57,379689,15.0,11.4,19.5
,"Brazoria County, TX","48039","2021","2021","Unintentional","1","Poisoning","GRINJ-015",71,379689,18.7,14.6,23.6
,"Brazoria County, TX","48039","2021","2021","Unintentional","1","Unspecified Injury","GRINJ-020",14,379689,3.7,2.0,6.2
,"Brazoria County, TX","48039","2021","2021","Suicide","2","Firearm","GRINJ-006",41,379689,10.8,7.7,14.6
,"Brazoria County, TX","48039","2021","2021","Suicide","2","Suffocation","GRINJ-017",13,379689,3.4,1.8,5.9
,"Brazoria County, TX","48039","2021","2021","Homicide","3","Firearm","GRINJ-006",16,379689,4.2,2.4,6.8
,"Brazos County, TX","48041","2021","2021","Unintentional","1","Fall","GRINJ-003",21,237032,8.9,5.5,13.5
,"Brazos County, TX","48041","2021","2021","Unintentional","1","Motor Vehicle Traffic","GRINJ-008",18,237032,7.6,4.5,12.0
,"Brazos County, TX","48041","2021","2021","Unintentional","1","Poisoning","GRINJ-015",20,237032,8.4,5.2,13.0
,"Brazos County, TX","48041","2021","2021","Suicide","2","Firearm","GRINJ-006",10,237032,4.2,2.0,7.8
,"Brazos County, TX","48041","2021","2021","Homicide","3","Firearm","GRINJ-006",13,237032,5.5,2.9,9.4
,"Burleson County, TX","48051","2021","2021","Unintentional","1","Motor Vehicle Traffic","GRINJ-008",10,18051,55.4,26.6,101.9
,"Cameron County, TX","48061","2021","2021","Unintentional","1","Fall","GRINJ-003",15,423029,3.5,2.0,5.8
,"Cameron County, TX","48061","2021","2021","Unintentional","1","Motor Vehicle Traffic","GRINJ-008",43,423029,10.2,7.4,13.7
,"Cameron County, TX","48061","2021","2021","Unintentional","1","Poisoning","GRINJ-015",25,423029,5.9,3.8,8.7
,"Cameron County, TX","48061","2021","2021","Suicide","2","Firearm","GRINJ-006",13,423029,3.1,1.6,5.3
,"Cameron County, TX","48061","2021","2021","Suicide","2","Suffocation","GRINJ-017",17,423029,4.0,2.3,6.4
,"Cameron County, TX","48061","2021","2021","Homicide","3","Firearm","GRINJ-006",14,423029,3.3,1.8,5.6
,"Cass County, TX","48067","2021","2021","Unintentional","1","Motor Vehicle Traffic","GRINJ-008",12,28560,42.0,21.7,73.4
,"Chambers County, TX","48071","2021","2021","Unintentional","1","Poisoning","GRINJ-015",16,48865,32.7,18.7,53.2
,"Cherokee County, TX","48073","2021","2021","Unintentional","1","Motor Vehicle Traffic","GRINJ-008",23,51097,45.0,28.5,67.5
,"Collin County, TX","48085","2021","2021","Unintentional","1","Drowning","GRINJ-002",11,1109462,1.0,0.5,1.8
,"Collin County, TX","48085","2021","2021","Unintentional","1","Fall","GRINJ-003",109,1109462,9.8,8.0,11.7
,"Collin County, TX","48085","2021","2021","Unintentional","1","Motor Vehicle Traffic","GRINJ-008",77,1109462,6.9,5.5,8.7
,"Collin County, TX","48085","2021","2021","Unintentional","1","Poisoning","GRINJ-015",102,1109462,9.2,7.4,11.0
,"Collin County, TX","48085","2021","2021","Unintentional","1","Suffocation","GRINJ-017",11,1109462,1.0,0.5,1.8
,"Collin County, TX","48085","2021","2021","Suicide","2","Firearm","GRINJ-006",68,1109462,6.1,4.8,7.8
,"Collin County, TX","48085","2021","2021","Suicide","2","Poisoning","GRINJ-015",15,1109462,1.4,0.8,2.2
,"Collin County, TX","48085","2021","2021","Suicide","2","Suffocation","GRINJ-017",37,1109462,3.3,2.3,4.6
,"Collin County, TX","48085","2021","2021","Homicide","3","Firearm","GRINJ-006",32,1109462,2.9,2.0,4.1
,"Comal County, TX","48091","2021","2021","Unintentional","1","Fall","GRINJ-003",14,174986,8.0,4.4,13.4
,"Comal County, TX","48091","2021","2021","Unintentional","1","Motor Vehicle Traffic","GRINJ-008",13,174986,7.4,4.0,12.7
,"Comal County, TX","48091","2021","2021","Suicide","2","Firearm","GRINJ-006",22,174986,12.6,7.9,19.0
,"Coryell County, TX","48099","2021","2021","Unintentional","1","Motor Vehicle Traffic","GRINJ-008",12,84232,14.2,7.4,24.9
,"Dallas County, TX","48113","2021","2021","Unintentional","1","Drowning","GRINJ-002",36,2586050,1.4,1.0,1.9
,"Dallas County, TX","48113","2021","2021","Unintentional","1","Fall","GRINJ-003",255,2586050,9.9,8.7,11.1
,"Dallas County, TX","48113","2021","2021","Unintentional","1","Fire/Flame","GRINJ-004",17,2586050,0.7,0.4,1.1
,"Dallas County, TX","48113","2021","2021","Unintentional","1","Motor Vehicle Traffic","GRINJ-008",346,2586050,13.4,12.0,14.8
,"Dallas County, TX","48113","2021","2021","Unintentional","1","Other Pedestrian","GRINJ-010",11,2586050,0.4,0.2,0.8
,"Dallas County, TX","48113","2021","2021","Unintentional","1","Natural/Environmental","GRINJ-013",27,2586050,1.0,0.7,1.5
,"Dallas County, TX","48113","2021","2021","Unintentional","1","Poisoning","GRINJ-015",543,2586050,21.0,19.2,22.8
,"Dallas County, TX","48113","2021","2021","Unintentional","1","Suffocation","GRINJ-017",40,2586050,1.5,1.1,2.1
,"Dallas County, TX","48113","2021","2021","Unintentional","1","Other specified, classifiable Injury","GRINJ-018",15,2586050,0.6,0.3,1.0
,"Dallas County, TX","48113","2021","2021","Unintentional","1","Other specified, not elsewhere classified Injury","GRINJ-019",17,2586050,0.7,0.4,1.1
,"Dallas County, TX","48113","2021","2021","Unintentional","1","Unspecified Injury","GRINJ-020",20,2586050,0.8,0.5,1.2
,"Dallas County, TX","48113","2021","2021","Suicide","2","Firearm","GRINJ-006",146,2586050,5.6,4.7,6.6
,"Dallas County, TX","48113","2021","2021","Suicide","2","Poisoning","GRINJ-015",39,2586050,1.5,1.1,2.1
,"Dallas County, TX","48113","2021","2021","Suicide","2","Suffocation","GRINJ-017",84,2586050,3.2,2.6,4.0
,"Dallas County, TX","48113","2021","2021","Homicide","3","Cut/Pierce","GRINJ-001",18,2586050,0.7,0.4,1.1
,"Dallas County, TX","48113","2021","2021","Homicide","3","Firearm","GRINJ-006",262,2586050,10.1,8.9,11.4
,"Dallas County, TX","48113","2021","2021","Homicide","3","Other specified, not elsewhere classified Injury","GRINJ-019",11,2586050,0.4,0.2,0.8
,"Dallas County, TX","48113","2021","2021","Homicide","3","Unspecified Injury","GRINJ-020",10,2586050,0.4,0.2,0.7
,"Dallas County, TX","48113","2021","2021","Undetermined ","4","Unspecified Injury","GRINJ-020",10,2586050,0.4,0.2,0.7
,"Denton County, TX","48121","2021","2021","Unintentional","1","Drowning","GRINJ-002",11,941647,1.2,0.6,2.1
,"Denton County, TX","48121","2021","2021","Unintentional","1","Fall","GRINJ-003",88,941647,9.3,7.5,11.5
,"Denton County, TX","48121","2021","2021","Unintentional","1","Motor Vehicle Traffic","GRINJ-008",90,941647,9.6,7.7,11.7
,"Denton County, TX","48121","2021","2021","Unintentional","1","Poisoning","GRINJ-015",102,941647,10.8,8.7,12.9
,"Denton County, TX","48121","2021","2021","Unintentional","1","Suffocation","GRINJ-017",11,941647,1.2,0.6,2.1
,"Denton County, TX","48121","2021","2021","Suicide","2","Firearm","GRINJ-006",70,941647,7.4,5.8,9.4
,"Denton County, TX","48121","2021","2021","Suicide","2","Poisoning","GRINJ-015",11,941647,1.2,0.6,2.1
,"Denton County, TX","48121","2021","2021","Suicide","2","Suffocation","GRINJ-017",27,941647,2.9,1.9,4.2
,"Denton County, TX","48121","2021","2021","Homicide","3","Firearm","GRINJ-006",25,941647,2.7,1.7,3.9
,"Ector County, TX","48135","2021","2021","Unintentional","1","Motor Vehicle Traffic","GRINJ-008",44,161091,27.3,19.8,36.7
,"Ector County, TX","48135","2021","2021","Unintentional","1","Poisoning","GRINJ-015",37,161091,23.0,16.2,31.7
,"Ector County, TX","48135","2021","2021","Suicide","2","Firearm","GRINJ-006",12,161091,7.4,3.8,13.0
,"Ector County, TX","48135","2021","2021","Suicide","2","Suffocation","GRINJ-017",12,161091,7.4,3.8,13.0
,"Ellis County, TX","48139","2021","2021","Unintentional","1","Fall","GRINJ-003",12,202678,5.9,3.1,10.3
,"Ellis County, TX","48139","2021","2021","Unintentional","1","Motor Vehicle Traffic","GRINJ-008",34,202678,16.8,11.6,23.4
,"Ellis County, TX","48139","2021","2021","Unintentional","1","Poisoning","GRINJ-015",15,202678,7.4,4.1,12.2
,"Ellis County, TX","48139","2021","2021","Suicide","2","Firearm","GRINJ-006",17,202678,8.4,4.9,13.4
,"Ellis County, TX","48139","2021","2021","Suicide","2","Suffocation","GRINJ-017",10,202678,4.9,2.4,9.1
,"Ellis County, TX","48139","2021","2021","Homicide","3","Firearm","GRINJ-006",10,202678,4.9,2.4,9.1
,"El Paso County, TX","48141","2021","2021","Unintentional","1","Drowning","GRINJ-002",10,867947,1.2,0.6,2.1
,"El Paso County, TX","48141","2021","2021","Unintentional","1","Fall","GRINJ-003",79,867947,9.1,7.2,11.3
,"El Paso County, TX","48141","2021","2021","Unintentional","1","Motor Vehicle Traffic","GRINJ-008",112,867947,12.9,10.5,15.3
,"El Paso County, TX","48141","2021","2021","Unintentional","1","Poisoning","GRINJ-015",145,867947,16.7,14.0,19.4
,"El Paso County, TX","48141","2021","2021","Unintentional","1","Suffocation","GRINJ-017",13,867947,1.5,0.8,2.6
,"El Paso County, TX","48141","2021","2021","Unintentional","1","Unspecified Injury","GRINJ-020",19,867947,2.2,1.3,3.4
,"El Paso County, TX","48141","2021","2021","Suicide","2","Firearm","GRINJ-006",50,867947,5.8,4.3,7.6
,"El Paso County, TX","48141","2021","2021","Suicide","2","Suffocation","GRINJ-017",34,867947,3.9,2.7,5.5
,"El Paso County, TX","48141","2021","2021","Homicide","3","Firearm","GRINJ-006",32,867947,3.7,2.5,5.2
,"Erath County, TX","48143","2021","2021","Unintentional","1","Fall","GRINJ-003",12,43378,27.7,14.3,48.3
,"Erath County, TX","48143","2021","2021","Unintentional","1","Motor Vehicle Traffic","GRINJ-008",14,43378,32.3,17.6,54.2
,"Fannin County, TX","48147","2021","2021","Unintentional","1","Motor Vehicle Traffic","GRINJ-008",12,36569,32.8,17.0,57.3
,"Fort Bend County, TX","48157","2021","2021","Unintentional","1","Fall","GRINJ-003",63,858527,7.3,5.6,9.4
,"Fort Bend County, TX","48157","2021","2021","Unintentional","1","Motor Vehicle Traffic","GRINJ-008",71,858527,8.3,6.5,10.4
,"Fort Bend County, TX","48157","2021","2021","Unintentional","1","Poisoning","GRINJ-015",70,858527,8.2,6.4,10.3
,"Fort Bend County, TX","48157","2021","2021","Unintentional","1","Suffocation","GRINJ-017",10,858527,1.2,0.6,2.1
,"Fort Bend County, TX","48157","2021","2021","Unintentional","1","Unspecified Injury","GRINJ-020",11,858527,1.3,0.6,2.3
,"Fort Bend County, TX","48157","2021","2021","Suicide","2","Firearm","GRINJ-006",63,858527,7.3,5.6,9.4
,"Fort Bend County, TX","48157","2021","2021","Homicide","3","Firearm","GRINJ-006",52,858527,6.1,4.5,7.9
,"Gaines County, TX","48165","2021","2021","Unintentional","1","Motor Vehicle Traffic","GRINJ-008",11,21895,50.2,25.1,89.9
,"Galveston County, TX","48167","2021","2021","Unintentional","1","Fall","GRINJ-003",19,355062,5.4,3.2,8.4
,"Galveston County, TX","48167","2021","2021","Unintentional","1","Motor Vehicle Traffic","GRINJ-008",46,355062,13.0,9.5,17.3
,"Galveston County, TX","48167","2021","2021","Unintentional","1","Poisoning","GRINJ-015",82,355062,23.1,18.4,28.7
,"Galveston County, TX","48167","2021","2021","Suicide","2","Firearm","GRINJ-006",33,355062,9.3,6.4,13.1
,"Galveston County, TX","48167","2021","2021","Suicide","2","Suffocation","GRINJ-017",16,355062,4.5,2.6,7.3
,"Galveston County, TX","48167","2021","2021","Homicide","3","Firearm","GRINJ-006",25,355062,7.0,4.6,10.4
,"Grayson County, TX","48181","2021","2021","Unintentional","1","Fall","GRINJ-003",10,139336,7.2,3.4,13.2
,"Grayson County, TX","48181","2021","2021","Unintentional","1","Motor Vehicle Traffic","GRINJ-008",24,139336,17.2,11.0,25.6
,"Grayson County, TX","48181","2021","2021","Unintentional","1","Poisoning","GRINJ-015",22,139336,15.8,9.9,23.9
,"Grayson County, TX","48181","2021","2021","Unintentional","1","Unspecified Injury","GRINJ-020",10,139336,7.2,3.4,13.2
,"Grayson County, TX","48181","2021","2021","Suicide","2","Firearm","GRINJ-006",21,139336,15.1,9.3,23.0
,"Gregg County, TX","48183","2021","2021","Unintentional","1","Motor Vehicle Traffic","GRINJ-008",23,124201,18.5,11.7,27.8
,"Gregg County, TX","48183","2021","2021","Unintentional","1","Poisoning","GRINJ-015",14,124201,11.3,6.2,18.9
,"Gregg County, TX","48183","2021","2021","Suicide","2","Firearm","GRINJ-006",14,124201,11.3,6.2,18.9
,"Guadalupe County, TX","48187","2021","2021","Unintentional","1","Fall","GRINJ-003",14,177036,7.9,4.3,13.3
,"Guadalupe County, TX","48187","2021","2021","Unintentional","1","Motor Vehicle Traffic","GRINJ-008",26,177036,14.7,9.6,21.5
,"Guadalupe County, TX","48187","2021","2021","Unintentional","1","Poisoning","GRINJ-015",15,177036,8.5,4.7,14.0
,"Guadalupe County, TX","48187","2021","2021","Suicide","2","Firearm","GRINJ-006",22,177036,12.4,7.8,18.8
,"Hardin County, TX","48199","2021","2021","Unintentional","1","Motor Vehicle Traffic","GRINJ-008",17,56973,29.8,17.4,47.8
,"Hardin County, TX","48199","2021","2021","Unintentional","1","Poisoning","GRINJ-015",13,56973,22.8,12.1,39.0
,"Harris County, TX","48201","2021","2021","Unintentional","1","Drowning","GRINJ-002",82,4728030,1.7,1.4,2.2
,"Harris County, TX","48201","2021","2021","Unintentional","1","Fall","GRINJ-003",453,4728030,9.6,8.7,10.5
,"Harris County, TX","48201","2021","2021","Unintentional","1","Fire/Flame","GRINJ-004",18,4728030,0.4,0.2,0.6
,"Harris County, TX","48201","2021","2021","Unintentional","1","Machinery","GRINJ-007",10,4728030,0.2,0.1,0.4
,"Harris County, TX","48201","2021","2021","Unintentional","1","Motor Vehicle Traffic","GRINJ-008",643,4728030,13.6,12.5,14.7
,"Harris County, TX","48201","2021","2021","Unintentional","1","Other land transport","GRINJ-011",13,4728030,0.3,0.1,0.5
,"Harris County, TX","48201","2021","2021","Unintentional","1","Other transport","GRINJ-012",11,4728030,0.2,0.1,0.4
,"Harris County, TX","48201","2021","2021","Unintentional","1","Natural/Environmental","GRINJ-013",55,4728030,1.2,0.9,1.5
,"Harris County, TX","48201","2021","2021","Unintentional","1","Poisoning","GRINJ-015",1057,4728030,22.4,21.0,23.7
,"Harris County, TX","48201","2021","2021","Unintentional","1","Struck by or against","GRINJ-016",15,4728030,0.3,0.2,0.5
,"Harris County, TX","48201","2021","2021","Unintentional","1","Suffocation","GRINJ-017",66,4728030,1.4,1.1,1.8
,"Harris County, TX","48201","2021","2021","Unintentional","1","Other specified, classifiable Injury","GRINJ-018",21,4728030,0.4,0.3,0.7
,"Harris County, TX","48201","2021","2021","Unintentional","1","Other specified, not elsewhere classified Injury","GRINJ-019",10,4728030,0.2,0.1,0.4
,"Harris County, TX","48201","2021","2021","Unintentional","1","Unspecified Injury","GRINJ-020",96,4728030,2.0,1.6,2.5
,"Harris County, TX","48201","2021","2021","Suicide","2","Cut/Pierce","GRINJ-001",10,4728030,0.2,0.1,0.4
,"Harris County, TX","48201","2021","2021","Suicide","2","Fall","GRINJ-003",12,4728030,0.3,0.1,0.4
,"Harris County, TX","48201","2021","2021","Suicide","2","Firearm","GRINJ-006",334,4728030,7.1,6.3,7.8
,"Harris County, TX","48201","2021","2021","Suicide","2","Poisoning","GRINJ-015",57,4728030,1.2,0.9,1.6
,"Harris County, TX","48201","2021","2021","Suicide","2","Suffocation","GRINJ-017",126,4728030,2.7,2.2,3.1
,"Harris County, TX","48201","2021","2021","Suicide","2","Other specified, classifiable Injury","GRINJ-018",16,4728030,0.3,0.2,0.5
,"Harris County, TX","48201","2021","2021","Homicide","3","Cut/Pierce","GRINJ-001",41,4728030,0.9,0.6,1.2
,"Harris County, TX","48201","2021","2021","Homicide","3","Firearm","GRINJ-006",516,4728030,10.9,10.0,11.9
,"Harris County, TX","48201","2021","2021","Homicide","3","Unspecified Injury","GRINJ-020",30,4728030,0.6,0.4,0.9
,"Harris County, TX","48201","2021","2021","Undetermined ","4","Poisoning","GRINJ-015",11,4728030,0.2,0.1,0.4
,"Harris County, TX","48201","2021","2021","Undetermined ","4","Unspecified Injury","GRINJ-020",18,4728030,0.4,0.2,0.6
,"Harrison County, TX","48203","2021","2021","Unintentional","1","Motor Vehicle Traffic","GRINJ-008",18,69150,26.0,15.4,41.1
,"Harrison County, TX","48203","2021","2021","Unintentional","1","Poisoning","GRINJ-015",12,69150,17.4,9.0,30.3
,"Hays County, TX","48209","2021","2021","Unintentional","1","Fall","GRINJ-003",21,255397,8.2,5.1,12.6
,"Hays County, TX","48209","2021","2021","Unintentional","1","Motor Vehicle Traffic","GRINJ-008",36,255397,14.1,9.9,19.5
,"Hays County, TX","48209","2021","2021","Unintentional","1","Poisoning","GRINJ-015",38,255397,14.9,10.5,20.4
,"Hays County, TX","48209","2021","2021","Suicide","2","Firearm","GRINJ-006",22,255397,8.6,5.4,13.0
,"Henderson County, TX","48213","2021","2021","Unintentional","1","Motor Vehicle Traffic","GRINJ-008",27,83667,32.3,21.3,47.0
,"Henderson County, TX","48213","2021","2021","Unintentional","1","Poisoning","GRINJ-015",13,83667,15.5,8.3,26.6
,"Henderson County, TX","48213","2021","2021","Suicide","2","Firearm","GRINJ-006",15,83667,17.9,10.0,29.6
,"Hidalgo County, TX","48215","2021","2021","Unintentional","1","Drowning","GRINJ-002",10,880356,1.1,0.5,2.1
,"Hidalgo County, TX","48215","2021","2021","Unintentional","1","Fall","GRINJ-003",21,880356,2.4,1.5,3.6
,"Hidalgo County, TX","48215","2021","2021","Unintentional","1","Motor Vehicle Traffic","GRINJ-008",85,880356,9.7,7.7,11.9
,"Hidalgo County, TX","48215","2021","2021","Unintentional","1","Poisoning","GRINJ-015",34,880356,3.9,2.7,5.4
,"Hidalgo County, TX","48215","2021","2021","Unintentional","1","Suffocation","GRINJ-017",11,880356,1.2,0.6,2.2
,"Hidalgo County, TX","48215","2021","2021","Unintentional","1","Unspecified Injury","GRINJ-020",22,880356,2.5,1.6,3.8
,"Hidalgo County, TX","48215","2021","2021","Suicide","2","Firearm","GRINJ-006",25,880356,2.8,1.8,4.2
,"Hidalgo County, TX","48215","2021","2021","Suicide","2","Suffocation","GRINJ-017",27,880356,3.1,2.0,4.5
,"Hidalgo County, TX","48215","2021","2021","Homicide","3","Firearm","GRINJ-006",29,880356,3.3,2.2,4.7
,"Hill County, TX","48217","2021","2021","Unintentional","1","Motor Vehicle Traffic","GRINJ-008",12,36471,32.9,17.0,57.5
,"Hill County, TX","48217","2021","2021","Unintentional","1","Poisoning","GRINJ-015",15,36471,41.1,23.0,67.8
,"Hockley County, TX","48219","2021","2021","Unintentional","1","Motor Vehicle Traffic","GRINJ-008",10,21363,46.8,22.4,86.1
,"Hood County, TX","48221","2021","2021","Unintentional","1","Fall","GRINJ-003",11,64222,17.1,8.6,30.6
,"Hood County, TX","48221","2021","2021","Unintentional","1","Motor Vehicle Traffic","GRINJ-008",13,64222,20.2,10.8,34.6
,"Hood County, TX","48221","2021","2021","Suicide","2","Firearm","GRINJ-006",14,64222,21.8,11.9,36.6
,"Hopkins County, TX","48223","2021","2021","Unintentional","1","Motor Vehicle Traffic","GRINJ-008",19,37211,51.1,30.7,79.7
,"Hunt County, TX","48231","2021","2021","Unintentional","1","Motor Vehicle Traffic","GRINJ-008",21,103394,20.3,12.6,31.0
,"Hunt County, TX","48231","2021","2021","Suicide","2","Firearm","GRINJ-006",19,103394,18.4,11.1,28.7
,"Hutchinson County, TX","48233","2021","2021","Unintentional","1","Motor Vehicle Traffic","GRINJ-008",12,20495,58.6,30.3,102.3
,"Jasper County, TX","48241","2021","2021","Unintentional","1","Motor Vehicle Traffic","GRINJ-008",16,32975,48.5,27.7,78.8
,"Jefferson County, TX","48245","2021","2021","Unintentional","1","Fall","GRINJ-003",11,253704,4.3,2.2,7.8
,"Jefferson County, TX","48245","2021","2021","Unintentional","1","Motor Vehicle Traffic","GRINJ-008",50,253704,19.7,14.6,26.0
,"Jefferson County, TX","48245","2021","2021","Unintentional","1","Poisoning","GRINJ-015",72,253704,28.4,22.2,35.7
,"Jefferson County, TX","48245","2021","2021","Unintentional","1","Unspecified Injury","GRINJ-020",12,253704,4.7,2.4,8.3
,"Jefferson County, TX","48245","2021","2021","Suicide","2","Firearm","GRINJ-006",21,253704,8.3,5.1,12.7
,"Jefferson County, TX","48245","2021","2021","Suicide","2","Suffocation","GRINJ-017",17,253704,6.7,3.9,10.7
,"Jefferson County, TX","48245","2021","2021","Homicide","3","Firearm","GRINJ-006",28,253704,11.0,7.3,16.0
,"Jim Wells County, TX","48249","2021","2021","Unintentional","1","Motor Vehicle Traffic","GRINJ-008",16,38847,41.2,23.5,66.9
,"Johnson County, TX","48251","2021","2021","Unintentional","1","Fall","GRINJ-003",15,187280,8.0,4.5,13.2
,"Johnson County, TX","48251","2021","2021","Unintentional","1","Motor Vehicle Traffic","GRINJ-008",42,187280,22.4,16.2,30.3
,"Johnson County, TX","48251","2021","2021","Unintentional","1","Poisoning","GRINJ-015",19,187280,10.1,6.1,15.8
,"Johnson County, TX","48251","2021","2021","Suicide","2","Firearm","GRINJ-006",21,187280,11.2,6.9,17.1
,"Johnson County, TX","48251","2021","2021","Suicide","2","Suffocation","GRINJ-017",10,187280,5.3,2.6,9.8
,"Kaufman County, TX","48257","2021","2021","Unintentional","1","Fall","GRINJ-003",13,157768,8.2,4.4,14.1
,"Kaufman County, TX","48257","2021","2021","Unintentional","1","Motor Vehicle Traffic","GRINJ-008",44,157768,27.9,20.3,37.4
,"Kaufman County, TX","48257","2021","2021","Unintentional","1","Poisoning","GRINJ-015",19,157768,12.0,7.3,18.8
,"Kaufman County, TX","48257","2021","2021","Suicide","2","Firearm","GRINJ-006",13,157768,8.2,4.4,14.1
,"Kaufman County, TX","48257","2021","2021","Homicide","3","Firearm","GRINJ-006",12,157768,7.6,3.9,13.3
,"Kendall County, TX","48259","2021","2021","Suicide","2","Firearm","GRINJ-006",11,46788,23.5,11.7,42.1
,"Kerr County, TX","48265","2021","2021","Unintentional","1","Fall","GRINJ-003",10,53161,18.8,9.0,34.6
,"Kerr County, TX","48265","2021","2021","Unintentional","1","Motor Vehicle Traffic","GRINJ-008",16,53161,30.1,17.2,48.9
,"Lamar County, TX","48277","2021","2021","Unintentional","1","Motor Vehicle Traffic","GRINJ-008",12,50098,24.0,12.4,41.8
,"Liberty County, TX","48291","2021","2021","Unintentional","1","Motor Vehicle Traffic","GRINJ-008",28,97621,28.7,19.1,41.5
,"Liberty County, TX","48291","2021","2021","Unintentional","1","Poisoning","GRINJ-015",30,97621,30.7,20.7,43.9
,"Lubbock County, TX","48303","2021","2021","Unintentional","1","Fall","GRINJ-003",35,314451,11.1,7.8,15.5
,"Lubbock County, TX","48303","2021","2021","Unintentional","1","Motor Vehicle Traffic","GRINJ-008",63,314451,20.0,15.4,25.6
,"Lubbock County, TX","48303","2021","2021","Unintentional","1","Poisoning","GRINJ-015",47,314451,14.9,11.0,19.9
,"Lubbock County, TX","48303","2021","2021","Suicide","2","Firearm","GRINJ-006",37,314451,11.8,8.3,16.2
,"Lubbock County, TX","48303","2021","2021","Suicide","2","Suffocation","GRINJ-017",15,314451,4.8,2.7,7.9
,"Lubbock County, TX","48303","2021","2021","Homicide","3","Firearm","GRINJ-006",23,314451,7.3,4.6,11.0
,"McLennan County, TX","48309","2021","2021","Unintentional","1","Fall","GRINJ-003",18,263115,6.8,4.1,10.8
,"McLennan County, TX","48309","2021","2021","Unintentional","1","Motor Vehicle Traffic","GRINJ-008",49,263115,18.6,13.8,24.6
,"McLennan County, TX","48309","2021","2021","Unintentional","1","Poisoning","GRINJ-015",31,263115,11.8,8.0,16.7
,"McLennan County, TX","48309","2021","2021","Unintentional","1","Suffocation","GRINJ-017",12,263115,4.6,2.4,8.0
,"McLennan County, TX","48309","2021","2021","Unintentional","1","Unspecified Injury","GRINJ-020",11,263115,4.2,2.1,7.5
,"McLennan County, TX","48309","2021","2021","Suicide","2","Firearm","GRINJ-006",15,263115,5.7,3.2,9.4
,"McLennan County, TX","48309","2021","2021","Suicide","2","Suffocation","GRINJ-017",12,263115,4.6,2.4,8.0
,"McLennan County, TX","48309","2021","2021","Homicide","3","Firearm","GRINJ-006",18,263115,6.8,4.1,10.8
,"Matagorda County, TX","48321","2021","2021","Unintentional","1","Motor Vehicle Traffic","GRINJ-008",12,36344,33.0,17.1,57.7
,"Midland County, TX","48329","2021","2021","Unintentional","1","Motor Vehicle Traffic","GRINJ-008",33,167969,19.6,13.5,27.6
,"Midland County, TX","48329","2021","2021","Unintentional","1","Poisoning","GRINJ-015",24,167969,14.3,9.2,21.3
,"Midland County, TX","48329","2021","2021","Suicide","2","Firearm","GRINJ-006",18,167969,10.7,6.4,16.9
,"Midland County, TX","48329","2021","2021","Homicide","3","Firearm","GRINJ-006",11,167969,6.5,3.3,11.7
,"Montgomery County, TX","48339","2021","2021","Unintentional","1","Drowning","GRINJ-002",13,648886,2.0,1.1,3.4
,"Montgomery County, TX","48339","2021","2021","Unintentional","1","Fall","GRINJ-003",51,648886,7.9,5.9,10.3
,"Montgomery County, TX","48339","2021","2021","Unintentional","1","Motor Vehicle Traffic","GRINJ-008",77,648886,11.9,9.4,14.8
,"Montgomery County, TX","48339","2021","2021","Unintentional","1","Poisoning","GRINJ-015",130,648886,20.0,16.6,23.5
,"Montgomery County, TX","48339","2021","2021","Unintentional","1","Unspecified Injury","GRINJ-020",21,648886,3.2,2.0,4.9
,"Montgomery County, TX","48339","2021","2021","Suicide","2","Firearm","GRINJ-006",79,648886,12.2,9.6,15.2
,"Montgomery County, TX","48339","2021","2021","Suicide","2","Suffocation","GRINJ-017",18,648886,2.8,1.6,4.4
,"Montgomery County, TX","48339","2021","2021","Homicide","3","Firearm","GRINJ-006",26,648886,4.0,2.6,5.9
,"Nacogdoches County, TX","48347","2021","2021","Unintentional","1","Motor Vehicle Traffic","GRINJ-008",24,64668,37.1,23.8,55.2
,"Nacogdoches County, TX","48347","2021","2021","Suicide","2","Firearm","GRINJ-006",11,64668,17.0,8.5,30.4
,"Navarro County, TX","48349","2021","2021","Unintentional","1","Motor Vehicle Traffic","GRINJ-008",14,53591,26.1,14.3,43.8
,"Nueces County, TX","48355","2021","2021","Unintentional","1","Fall","GRINJ-003",25,353079,7.1,4.6,10.5
,"Nueces County, TX","48355","2021","2021","Unintentional","1","Motor Vehicle Traffic","GRINJ-008",50,353079,14.2,10.5,18.7
,"Nueces County, TX","48355","2021","2021","Unintentional","1","Poisoning","GRINJ-015",103,353079,29.2,23.5,34.8
,"Nueces County, TX","48355","2021","2021","Unintentional","1","Unspecified Injury","GRINJ-020",13,353079,3.7,2.0,6.3
,"Nueces County, TX","48355","2021","2021","Suicide","2","Firearm","GRINJ-006",43,353079,12.2,8.8,16.4
,"Nueces County, TX","48355","2021","2021","Suicide","2","Suffocation","GRINJ-017",18,353079,5.1,3.0,8.1
,"Nueces County, TX","48355","2021","2021","Homicide","3","Firearm","GRINJ-006",15,353079,4.2,2.4,7.0
,"Orange County, TX","48361","2021","2021","Unintentional","1","Motor Vehicle Traffic","GRINJ-008",14,84742,16.5,9.0,27.7
,"Orange County, TX","48361","2021","2021","Unintentional","1","Poisoning","GRINJ-015",30,84742,35.4,23.9,50.5
,"Orange County, TX","48361","2021","2021","Suicide","2","Firearm","GRINJ-006",12,84742,14.2,7.3,24.7
,"Palo Pinto County, TX","48363","2021","2021","Unintentional","1","Poisoning","GRINJ-015",10,28686,34.9,16.7,64.1
,"Panola County, TX","48365","2021","2021","Unintentional","1","Motor Vehicle Traffic","GRINJ-008",10,22675,44.1,21.1,81.1
,"Parker County, TX","48367","2021","2021","Unintentional","1","Fall","GRINJ-003",21,156764,13.4,8.3,20.5
,"Parker County, TX","48367","2021","2021","Unintentional","1","Motor Vehicle Traffic","GRINJ-008",29,156764,18.5,12.4,26.6
,"Parker County, TX","48367","2021","2021","Unintentional","1","Poisoning","GRINJ-015",28,156764,17.9,11.9,25.8
,"Parker County, TX","48367","2021","2021","Suicide","2","Firearm","GRINJ-006",16,156764,10.2,5.8,16.6
,"Polk County, TX","48373","2021","2021","Unintentional","1","Motor Vehicle Traffic","GRINJ-008",15,51899,28.9,16.2,47.7
,"Polk County, TX","48373","2021","2021","Unintentional","1","Poisoning","GRINJ-015",15,51899,28.9,16.2,47.7
,"Potter County, TX","48375","2021","2021","Unintentional","1","Fall","GRINJ-003",21,116547,18.0,11.2,27.5
,"Potter County, TX","48375","2021","2021","Unintentional","1","Motor Vehicle Traffic","GRINJ-008",21,116547,18.0,11.2,27.5
,"Potter County, TX","48375","2021","2021","Unintentional","1","Poisoning","GRINJ-015",22,116547,18.9,11.8,28.6
,"Potter County, TX","48375","2021","2021","Suicide","2","Firearm","GRINJ-006",11,116547,9.4,4.7,16.9
,"Potter County, TX","48375","2021","2021","Suicide","2","Suffocation","GRINJ-017",12,116547,10.3,5.3,18.0
,"Potter County, TX","48375","2021","2021","Homicide","3","Firearm","GRINJ-006",20,116547,17.2,10.5,26.5
,"Randall County, TX","48381","2021","2021","Unintentional","1","Fall","GRINJ-003",21,143854,14.6,9.0,22.3
,"Randall County, TX","48381","2021","2021","Unintentional","1","Motor Vehicle Traffic","GRINJ-008",22,143854,15.3,9.6,23.2
,"Randall County, TX","48381","2021","2021","Unintentional","1","Poisoning","GRINJ-015",20,143854,13.9,8.5,21.5
,"Randall County, TX","48381","2021","2021","Suicide","2","Firearm","GRINJ-006",21,143854,14.6,9.0,22.3
,"Rockwall County, TX","48397","2021","2021","Unintentional","1","Fall","GRINJ-003",10,116381,8.6,4.1,15.8
,"Rockwall County, TX","48397","2021","2021","Unintentional","1","Motor Vehicle Traffic","GRINJ-008",13,116381,11.2,5.9,19.1
,"Rockwall County, TX","48397","2021","2021","Unintentional","1","Poisoning","GRINJ-015",11,116381,9.5,4.7,16.9
,"Rockwall County, TX","48397","2021","2021","Suicide","2","Firearm","GRINJ-006",12,116381,10.3,5.3,18.0
,"Rusk County, TX","48401","2021","2021","Unintentional","1","Motor Vehicle Traffic","GRINJ-008",17,52743,32.2,18.8,51.6
,"Sabine County, TX","48403","2021","2021","Unintentional","1","Motor Vehicle Traffic","GRINJ-008",10,10039,99.6,47.8,183.2
,"San Jacinto County, TX","48407","2021","2021","Unintentional","1","Motor Vehicle Traffic","GRINJ-008",13,27878,46.6,24.8,79.7
,"Shelby County, TX","48419","2021","2021","Unintentional","1","Motor Vehicle Traffic","GRINJ-008",13,23939,54.3,28.9,92.9
,"Smith County, TX","48423","2021","2021","Unintentional","1","Fall","GRINJ-003",25,237186,10.5,6.8,15.6
,"Smith County, TX","48423","2021","2021","Unintentional","1","Motor Vehicle Traffic","GRINJ-008",56,237186,23.6,17.8,30.7
,"Smith County, TX","48423","2021","2021","Unintentional","1","Poisoning","GRINJ-015",21,237186,8.9,5.5,13.5
,"Smith County, TX","48423","2021","2021","Suicide","2","Firearm","GRINJ-006",27,237186,11.4,7.5,16.6
,"Smith County, TX","48423","2021","2021","Suicide","2","Suffocation","GRINJ-017",10,237186,4.2,2.0,7.8
,"Starr County, TX","48427","2021","2021","Unintentional","1","Motor Vehicle Traffic","GRINJ-008",15,66049,22.7,12.7,37.5
,"Tarrant County, TX","48439","2021","2021","Unintentional","1","Drowning","GRINJ-002",30,2126477,1.4,1.0,2.0
,"Tarrant County, TX","48439","2021","2021","Unintentional","1","Fall","GRINJ-003",156,2126477,7.3,6.2,8.5
,"Tarrant County, TX","48439","2021","2021","Unintentional","1","Motor Vehicle Traffic","GRINJ-008",280,2126477,13.2,11.6,14.7
,"Tarrant County, TX","48439","2021","2021","Unintentional","1","Natural/Environmental","GRINJ-013",12,2126477,0.6,0.3,1.0
,"Tarrant County, TX","48439","2021","2021","Unintentional","1","Poisoning","GRINJ-015",394,2126477,18.5,16.7,20.4
,"Tarrant County, TX","48439","2021","2021","Unintentional","1","Suffocation","GRINJ-017",25,2126477,1.2,0.8,1.7
,"Tarrant County, TX","48439","2021","2021","Unintentional","1","Other specified, classifiable Injury","GRINJ-018",10,2126477,0.5,0.2,0.9
,"Tarrant County, TX","48439","2021","2021","Unintentional","1","Unspecified Injury","GRINJ-020",28,2126477,1.3,0.9,1.9
,"Tarrant County, TX","48439","2021","2021","Suicide","2","Firearm","GRINJ-006",190,2126477,8.9,7.7,10.2
,"Tarrant County, TX","48439","2021","2021","Suicide","2","Poisoning","GRINJ-015",31,2126477,1.5,1.0,2.1
,"Tarrant County, TX","48439","2021","2021","Suicide","2","Suffocation","GRINJ-017",68,2126477,3.2,2.5,4.1
,"Tarrant County, TX","48439","2021","2021","Homicide","3","Cut/Pierce","GRINJ-001",18,2126477,0.8,0.5,1.3
,"Tarrant County, TX","48439","2021","2021","Homicide","3","Firearm","GRINJ-006",162,2126477,7.6,6.4,8.8
,"Tarrant County, TX","48439","2021","2021","Homicide","3","Unspecified Injury","GRINJ-020",10,2126477,0.5,0.2,0.9
,"Taylor County, TX","48441","2021","2021","Unintentional","1","Motor Vehicle Traffic","GRINJ-008",40,143326,27.9,19.9,38.0
,"Taylor County, TX","48441","2021","2021","Unintentional","1","Poisoning","GRINJ-015",30,143326,20.9,14.1,29.9
,"Taylor County, TX","48441","2021","2021","Suicide","2","Firearm","GRINJ-006",23,143326,16.0,10.2,24.1
,"Titus County, TX","48449","2021","2021","Unintentional","1","Motor Vehicle Traffic","GRINJ-008",10,31183,32.1,15.4,59.0
,"Tom Green County, TX","48451","2021","2021","Unintentional","1","Fall","GRINJ-003",16,119411,13.4,7.7,21.8
,"Tom Green County, TX","48451","2021","2021","Unintentional","1","Motor Vehicle Traffic","GRINJ-008",23,119411,19.3,12.2,28.9
,"Tom Green County, TX","48451","2021","2021","Unintentional","1","Poisoning","GRINJ-015",12,119411,10.0,5.2,17.6
,"Tom Green County, TX","48451","2021","2021","Unintentional","1","Unspecified Injury","GRINJ-020",11,119411,9.2,4.6,16.5
,"Tom Green County, TX","48451","2021","2021","Suicide","2","Firearm","GRINJ-006",16,119411,13.4,7.7,21.8
,"Travis County, TX","48453","2021","2021","Unintentional","1","Drowning","GRINJ-002",22,1305154,1.7,1.1,2.6
,"Travis County, TX","48453","2021","2021","Unintentional","1","Fall","GRINJ-003",153,1305154,11.7,9.9,13.6
,"Travis County, TX","48453","2021","2021","Unintentional","1","Motor Vehicle Traffic","GRINJ-008",142,1305154,10.9,9.1,12.7
,"Travis County, TX","48453","2021","2021","Unintentional","1","Natural/Environmental","GRINJ-013",13,1305154,1.0,0.5,1.7
,"Travis County, TX","48453","2021","2021","Unintentional","1","Poisoning","GRINJ-015",252,1305154,19.3,16.9,21.7
,"Travis County, TX","48453","2021","2021","Unintentional","1","Suffocation","GRINJ-017",25,1305154,1.9,1.2,2.8
,"Travis County, TX","48453","2021","2021","Unintentional","1","Unspecified Injury","GRINJ-020",11,1305154,0.8,0.4,1.5
,"Travis County, TX","48453","2021","2021","Suicide","2","Firearm","GRINJ-006",100,1305154,7.7,6.2,9.2
,"Travis County, TX","48453","2021","2021","Suicide","2","Poisoning","GRINJ-015",26,1305154,2.0,1.3,2.9
,"Travis County, TX","48453","2021","2021","Suicide","2","Suffocation","GRINJ-017",60,1305154,4.6,3.5,5.9
,"Travis County, TX","48453","2021","2021","Homicide","3","Firearm","GRINJ-006",72,1305154,5.5,4.3,6.9
,"Upshur County, TX","48459","2021","2021","Unintentional","1","Fall","GRINJ-003",10,41774,23.9,11.5,44.0
,"Van Zandt County, TX","48467","2021","2021","Unintentional","1","Motor Vehicle Traffic","GRINJ-008",24,61275,39.2,25.1,58.3
,"Van Zandt County, TX","48467","2021","2021","Unintentional","1","Poisoning","GRINJ-015",15,61275,24.5,13.7,40.4
,"Van Zandt County, TX","48467","2021","2021","Suicide","2","Firearm","GRINJ-006",10,61275,16.3,7.8,30.0
,"Victoria County, TX","48469","2021","2021","Unintentional","1","Motor Vehicle Traffic","GRINJ-008",12,90964,13.2,6.8,23.0
,"Walker County, TX","48471","2021","2021","Unintentional","1","Motor Vehicle Traffic","GRINJ-008",12,77977,15.4,8.0,26.9
,"Waller County, TX","48473","2021","2021","Unintentional","1","Motor Vehicle Traffic","GRINJ-008",15,59781,25.1,14.0,41.4
,"Webb County, TX","48479","2021","2021","Unintentional","1","Motor Vehicle Traffic","GRINJ-008",17,267945,6.3,3.7,10.2
,"Webb County, TX","48479","2021","2021","Unintentional","1","Poisoning","GRINJ-015",30,267945,11.2,7.6,16.0
,"Webb County, TX","48479","2021","2021","Suicide","2","Firearm","GRINJ-006",11,267945,4.1,2.0,7.3
,"Wharton County, TX","48481","2021","2021","Unintentional","1","Motor Vehicle Traffic","GRINJ-008",18,41721,43.1,25.6,68.2
,"Wichita County, TX","48485","2021","2021","Unintentional","1","Fall","GRINJ-003",12,130069,9.2,4.8,16.1
,"Wichita County, TX","48485","2021","2021","Unintentional","1","Motor Vehicle Traffic","GRINJ-008",18,130069,13.8,8.2,21.9
,"Wichita County, TX","48485","2021","2021","Unintentional","1","Poisoning","GRINJ-015",28,130069,21.5,14.3,31.1
,"Wichita County, TX","48485","2021","2021","Suicide","2","Firearm","GRINJ-006",14,130069,10.8,5.9,18.1
,"Williamson County, TX","48491","2021","2021","Unintentional","1","Fall","GRINJ-003",32,643026,5.0,3.4,7.0
,"Williamson County, TX","48491","2021","2021","Unintentional","1","Motor Vehicle Traffic","GRINJ-008",63,643026,9.8,7.5,12.5
,"Williamson County, TX","48491","2021","2021","Unintentional","1","Poisoning","GRINJ-015",75,643026,11.7,9.2,14.6
,"Williamson County, TX","48491","2021","2021","Unintentional","1","Suffocation","GRINJ-017",16,643026,2.5,1.4,4.0
,"Williamson County, TX","48491","2021","2021","Unintentional","1","Unspecified Injury","GRINJ-020",13,643026,2.0,1.1,3.5
,"Williamson County, TX","48491","2021","2021","Suicide","2","Firearm","GRINJ-006",47,643026,7.3,5.4,9.7
,"Williamson County, TX","48491","2021","2021","Suicide","2","Poisoning","GRINJ-015",13,643026,2.0,1.1,3.5
,"Williamson County, TX","48491","2021","2021","Suicide","2","Suffocation","GRINJ-017",19,643026,3.0,1.8,4.6
,"Williamson County, TX","48491","2021","2021","Homicide","3","Firearm","GRINJ-006",13,643026,2.0,1.1,3.5
,"Wilson County, TX","48493","2021","2021","Unintentional","1","Motor Vehicle Traffic","GRINJ-008",11,51257,21.5,10.7,38.4
,"Wilson County, TX","48493","2021","2021","Suicide","2","Firearm","GRINJ-006",10,51257,19.5,9.4,35.9
,"Wise County, TX","48497","2021","2021","Unintentional","1","Motor Vehicle Traffic","GRINJ-008",17,71714,23.7,13.8,38.0
,"Wise County, TX","48497","2021","2021","Unintentional","1","Poisoning","GRINJ-015",15,71714,20.9,11.7,34.5
,"Wood County, TX","48499","2021","2021","Unintentional","1","Motor Vehicle Traffic","GRINJ-008",11,45875,24.0,12.0,42.9
,"Wood County, TX","48499","2021","2021","Suicide","2","Firearm","GRINJ-006",10,45875,21.8,10.5,40.1
,"Box Elder County, UT","49003","2021","2021","Unintentional","1","Fall","GRINJ-003",12,59688,20.1,10.4,35.1
,"Box Elder County, UT","49003","2021","2021","Unintentional","1","Motor Vehicle Traffic","GRINJ-008",15,59688,25.1,14.1,41.4
,"Cache County, UT","49005","2021","2021","Unintentional","1","Fall","GRINJ-003",14,137417,10.2,5.6,17.1
,"Cache County, UT","49005","2021","2021","Unintentional","1","Poisoning","GRINJ-015",10,137417,7.3,3.5,13.4
,"Cache County, UT","49005","2021","2021","Suicide","2","Firearm","GRINJ-006",16,137417,11.6,6.7,18.9
,"Davis County, UT","49011","2021","2021","Unintentional","1","Fall","GRINJ-003",49,367285,13.3,9.9,17.6
,"Davis County, UT","49011","2021","2021","Unintentional","1","Motor Vehicle Traffic","GRINJ-008",23,367285,6.3,4.0,9.4
,"Davis County, UT","49011","2021","2021","Unintentional","1","Poisoning","GRINJ-015",54,367285,14.7,11.0,19.2
,"Davis County, UT","49011","2021","2021","Suicide","2","Firearm","GRINJ-006",36,367285,9.8,6.9,13.6
,"Davis County, UT","49011","2021","2021","Suicide","2","Suffocation","GRINJ-017",25,367285,6.8,4.4,10.0
,"Duchesne County, UT","49013","2021","2021","Unintentional","1","Poisoning","GRINJ-015",10,19790,50.5,24.2,92.9
,"Salt Lake County, UT","49035","2021","2021","Unintentional","1","Drowning","GRINJ-002",18,1186421,1.5,0.9,2.4
,"Salt Lake County, UT","49035","2021","2021","Unintentional","1","Fall","GRINJ-003",140,1186421,11.8,9.8,13.8
,"Salt Lake County, UT","49035","2021","2021","Unintentional","1","Motor Vehicle Traffic","GRINJ-008",113,1186421,9.5,7.8,11.3
,"Salt Lake County, UT","49035","2021","2021","Unintentional","1","Poisoning","GRINJ-015",249,1186421,21.0,18.4,23.6
,"Salt Lake County, UT","49035","2021","2021","Unintentional","1","Suffocation","GRINJ-017",23,1186421,1.9,1.2,2.9
,"Salt Lake County, UT","49035","2021","2021","Unintentional","1","Unspecified Injury","GRINJ-020",10,1186421,0.8,0.4,1.6
,"Salt Lake County, UT","49035","2021","2021","Suicide","2","Firearm","GRINJ-006",124,1186421,10.5,8.6,12.3
,"Salt Lake County, UT","49035","2021","2021","Suicide","2","Poisoning","GRINJ-015",37,1186421,3.1,2.2,4.3
,"Salt Lake County, UT","49035","2021","2021","Suicide","2","Suffocation","GRINJ-017",57,1186421,4.8,3.6,6.2
,"Salt Lake County, UT","49035","2021","2021","Homicide","3","Firearm","GRINJ-006",44,1186421,3.7,2.7,5.0
,"Salt Lake County, UT","49035","2021","2021","Undetermined ","4","Poisoning","GRINJ-015",16,1186421,1.3,0.8,2.2
,"Tooele County, UT","49045","2021","2021","Unintentional","1","Motor Vehicle Traffic","GRINJ-008",10,76640,13.0,6.3,24.0
,"Tooele County, UT","49045","2021","2021","Unintentional","1","Poisoning","GRINJ-015",11,76640,14.4,7.2,25.7
,"Tooele County, UT","49045","2021","2021","Suicide","2","Firearm","GRINJ-006",17,76640,22.2,12.9,35.5
,"Uintah County, UT","49047","2021","2021","Unintentional","1","Poisoning","GRINJ-015",16,36204,44.2,25.3,71.8
,"Uintah County, UT","49047","2021","2021","Suicide","2","Firearm","GRINJ-006",12,36204,33.1,17.1,57.9
,"Utah County, UT","49049","2021","2021","Unintentional","1","Fall","GRINJ-003",73,684986,10.7,8.4,13.4
,"Utah County, UT","49049","2021","2021","Unintentional","1","Motor Vehicle Traffic","GRINJ-008",47,684986,6.9,5.0,9.1
,"Utah County, UT","49049","2021","2021","Unintentional","1","Poisoning","GRINJ-015",76,684986,11.1,8.7,13.9
,"Utah County, UT","49049","2021","2021","Unintentional","1","Suffocation","GRINJ-017",12,684986,1.8,0.9,3.1
,"Utah County, UT","49049","2021","2021","Suicide","2","Firearm","GRINJ-006",42,684986,6.1,4.4,8.3
,"Utah County, UT","49049","2021","2021","Suicide","2","Suffocation","GRINJ-017",23,684986,3.4,2.1,5.0
,"Washington County, UT","49053","2021","2021","Unintentional","1","Fall","GRINJ-003",31,191226,16.2,11.0,23.0
,"Washington County, UT","49053","2021","2021","Unintentional","1","Motor Vehicle Traffic","GRINJ-008",30,191226,15.7,10.6,22.4
,"Washington County, UT","49053","2021","2021","Unintentional","1","Poisoning","GRINJ-015",27,191226,14.1,9.3,20.5
,"Washington County, UT","49053","2021","2021","Suicide","2","Firearm","GRINJ-006",25,191226,13.1,8.5,19.3
,"Washington County, UT","49053","2021","2021","Suicide","2","Poisoning","GRINJ-015",12,191226,6.3,3.2,11.0
,"Weber County, UT","49057","2021","2021","Unintentional","1","Fall","GRINJ-003",31,267066,11.6,7.9,16.5
,"Weber County, UT","49057","2021","2021","Unintentional","1","Motor Vehicle Traffic","GRINJ-008",30,267066,11.2,7.6,16.0
,"Weber County, UT","49057","2021","2021","Unintentional","1","Poisoning","GRINJ-015",64,267066,24.0,18.5,30.6
,"Weber County, UT","49057","2021","2021","Suicide","2","Firearm","GRINJ-006",34,267066,12.7,8.8,17.8
,"Weber County, UT","49057","2021","2021","Suicide","2","Poisoning","GRINJ-015",10,267066,3.7,1.8,6.9
,"Weber County, UT","49057","2021","2021","Suicide","2","Suffocation","GRINJ-017",12,267066,4.5,2.3,7.8
,"Addison County, VT","50001","2021","2021","Unintentional","1","Fall","GRINJ-003",10,37260,26.8,12.9,49.4
,"Bennington County, VT","50003","2021","2021","Unintentional","1","Fall","GRINJ-003",12,37312,32.2,16.6,56.2
,"Bennington County, VT","50003","2021","2021","Unintentional","1","Poisoning","GRINJ-015",19,37312,50.9,30.7,79.5
,"Caledonia County, VT","50005","2021","2021","Unintentional","1","Poisoning","GRINJ-015",12,30403,39.5,20.4,68.9
,"Chittenden County, VT","50007","2021","2021","Unintentional","1","Fall","GRINJ-003",33,168865,19.5,13.5,27.4
,"Chittenden County, VT","50007","2021","2021","Unintentional","1","Motor Vehicle Traffic","GRINJ-008",12,168865,7.1,3.7,12.4
,"Chittenden County, VT","50007","2021","2021","Unintentional","1","Poisoning","GRINJ-015",49,168865,29.0,21.5,38.4
,"Chittenden County, VT","50007","2021","2021","Suicide","2","Firearm","GRINJ-006",13,168865,7.7,4.1,13.2
,"Franklin County, VT","50011","2021","2021","Unintentional","1","Fall","GRINJ-003",13,50325,25.8,13.8,44.2
,"Franklin County, VT","50011","2021","2021","Unintentional","1","Motor Vehicle Traffic","GRINJ-008",13,50325,25.8,13.8,44.2
,"Franklin County, VT","50011","2021","2021","Unintentional","1","Poisoning","GRINJ-015",15,50325,29.8,16.7,49.2
,"Lamoille County, VT","50015","2021","2021","Unintentional","1","Poisoning","GRINJ-015",11,26126,42.1,21.0,75.3
,"Orange County, VT","50017","2021","2021","Unintentional","1","Poisoning","GRINJ-015",13,29541,44.0,23.4,75.3
,"Rutland County, VT","50021","2021","2021","Unintentional","1","Fall","GRINJ-003",17,60591,28.1,16.3,44.9
,"Rutland County, VT","50021","2021","2021","Unintentional","1","Poisoning","GRINJ-015",31,60591,51.2,34.8,72.6
,"Washington County, VT","50023","2021","2021","Unintentional","1","Fall","GRINJ-003",10,59969,16.7,8.0,30.7
,"Washington County, VT","50023","2021","2021","Unintentional","1","Poisoning","GRINJ-015",23,59969,38.4,24.3,57.5
,"Windham County, VT","50025","2021","2021","Unintentional","1","Fall","GRINJ-003",12,46090,26.0,13.5,45.5
,"Windham County, VT","50025","2021","2021","Unintentional","1","Poisoning","GRINJ-015",22,46090,47.7,29.9,72.3
,"Windsor County, VT","50027","2021","2021","Unintentional","1","Fall","GRINJ-003",21,58196,36.1,22.3,55.2
,"Windsor County, VT","50027","2021","2021","Unintentional","1","Poisoning","GRINJ-015",20,58196,34.4,21.0,53.1
,"Accomack County, VA","51001","2021","2021","Unintentional","1","Poisoning","GRINJ-015",13,33246,39.1,20.8,66.9
,"Albemarle County, VA","51003","2021","2021","Unintentional","1","Fall","GRINJ-003",23,113535,20.3,12.8,30.4
,"Albemarle County, VA","51003","2021","2021","Unintentional","1","Poisoning","GRINJ-015",18,113535,15.9,9.4,25.1
,"Albemarle County, VA","51003","2021","2021","Suicide","2","Firearm","GRINJ-006",12,113535,10.6,5.5,18.5
,"Amherst County, VA","51009","2021","2021","Unintentional","1","Fall","GRINJ-003",12,31273,38.4,19.8,67.0
,"Amherst County, VA","51009","2021","2021","Unintentional","1","Poisoning","GRINJ-015",12,31273,38.4,19.8,67.0
,"Arlington County, VA","51013","2021","2021","Unintentional","1","Fall","GRINJ-003",13,232965,5.6,3.0,9.5
,"Arlington County, VA","51013","2021","2021","Unintentional","1","Poisoning","GRINJ-015",30,232965,12.9,8.7,18.4
,"Augusta County, VA","51015","2021","2021","Unintentional","1","Motor Vehicle Traffic","GRINJ-008",21,77563,27.1,16.8,41.4
,"Augusta County, VA","51015","2021","2021","Suicide","2","Firearm","GRINJ-006",14,77563,18.0,9.9,30.3
,"Bedford County, VA","51019","2021","2021","Unintentional","1","Fall","GRINJ-003",23,80131,28.7,18.2,43.1
,"Bedford County, VA","51019","2021","2021","Unintentional","1","Motor Vehicle Traffic","GRINJ-008",15,80131,18.7,10.5,30.9
,"Bedford County, VA","51019","2021","2021","Unintentional","1","Poisoning","GRINJ-015",23,80131,28.7,18.2,43.1
,"Botetourt County, VA","51023","2021","2021","Unintentional","1","Poisoning","GRINJ-015",12,33866,35.4,18.3,61.9
,"Campbell County, VA","51031","2021","2021","Unintentional","1","Fall","GRINJ-003",20,55492,36.0,22.0,55.7
,"Caroline County, VA","51033","2021","2021","Unintentional","1","Poisoning","GRINJ-015",18,31332,57.4,34.0,90.8
,"Chesterfield County, VA","51041","2021","2021","Unintentional","1","Fall","GRINJ-003",46,370688,12.4,9.1,16.6
,"Chesterfield County, VA","51041","2021","2021","Unintentional","1","Motor Vehicle Traffic","GRINJ-008",30,370688,8.1,5.5,11.6
,"Chesterfield County, VA","51041","2021","2021","Unintentional","1","Poisoning","GRINJ-015",134,370688,36.1,30.0,42.3
,"Chesterfield County, VA","51041","2021","2021","Suicide","2","Firearm","GRINJ-006",41,370688,11.1,7.9,15.0
,"Chesterfield County, VA","51041","2021","2021","Suicide","2","Suffocation","GRINJ-017",10,370688,2.7,1.3,5.0
,"Chesterfield County, VA","51041","2021","2021","Homicide","3","Firearm","GRINJ-006",33,370688,8.9,6.1,12.5
,"Culpeper County, VA","51047","2021","2021","Unintentional","1","Poisoning","GRINJ-015",22,53596,41.0,25.7,62.1
,"Dinwiddie County, VA","51053","2021","2021","Unintentional","1","Motor Vehicle Traffic","GRINJ-008",10,27912,35.8,17.2,65.9
,"Fairfax County, VA","51059","2021","2021","Unintentional","1","Fall","GRINJ-003",90,1139720,7.9,6.3,9.7
,"Fairfax County, VA","51059","2021","2021","Unintentional","1","Motor Vehicle Traffic","GRINJ-008",48,1139720,4.2,3.1,5.6
,"Fairfax County, VA","51059","2021","2021","Unintentional","1","Poisoning","GRINJ-015",119,1139720,10.4,8.6,12.3
,"Fairfax County, VA","51059","2021","2021","Unintentional","1","Suffocation","GRINJ-017",15,1139720,1.3,0.7,2.2
,"Fairfax County, VA","51059","2021","2021","Suicide","2","Firearm","GRINJ-006",36,1139720,3.2,2.2,4.4
,"Fairfax County, VA","51059","2021","2021","Suicide","2","Poisoning","GRINJ-015",14,1139720,1.2,0.7,2.1
,"Fairfax County, VA","51059","2021","2021","Suicide","2","Suffocation","GRINJ-017",31,1139720,2.7,1.8,3.9
,"Fairfax County, VA","51059","2021","2021","Homicide","3","Firearm","GRINJ-006",18,1139720,1.6,0.9,2.5
,"Fauquier County, VA","51061","2021","2021","Unintentional","1","Poisoning","GRINJ-015",20,73815,27.1,16.6,41.8
,"Franklin County, VA","51067","2021","2021","Unintentional","1","Fall","GRINJ-003",18,54938,32.8,19.4,51.8
,"Franklin County, VA","51067","2021","2021","Unintentional","1","Motor Vehicle Traffic","GRINJ-008",10,54938,18.2,8.7,33.5
,"Franklin County, VA","51067","2021","2021","Unintentional","1","Poisoning","GRINJ-015",26,54938,47.3,30.9,69.3
,"Frederick County, VA","51069","2021","2021","Unintentional","1","Fall","GRINJ-003",13,93717,13.9,7.4,23.7
,"Frederick County, VA","51069","2021","2021","Unintentional","1","Motor Vehicle Traffic","GRINJ-008",13,93717,13.9,7.4,23.7
,"Frederick County, VA","51069","2021","2021","Unintentional","1","Poisoning","GRINJ-015",17,93717,18.1,10.6,29.0
,"Gloucester County, VA","51073","2021","2021","Unintentional","1","Poisoning","GRINJ-015",12,39069,30.7,15.9,53.7
,"Halifax County, VA","51083","2021","2021","Unintentional","1","Fall","GRINJ-003",10,33738,29.6,14.2,54.5
,"Halifax County, VA","51083","2021","2021","Unintentional","1","Motor Vehicle Traffic","GRINJ-008",10,33738,29.6,14.2,54.5
,"Halifax County, VA","51083","2021","2021","Unintentional","1","Poisoning","GRINJ-015",16,33738,47.4,27.1,77.0
,"Hanover County, VA","51085","2021","2021","Unintentional","1","Fall","GRINJ-003",14,111603,12.5,6.9,21.0
,"Hanover County, VA","51085","2021","2021","Unintentional","1","Motor Vehicle Traffic","GRINJ-008",12,111603,10.8,5.6,18.8
,"Hanover County, VA","51085","2021","2021","Unintentional","1","Poisoning","GRINJ-015",26,111603,23.3,15.2,34.1
,"Hanover County, VA","51085","2021","2021","Suicide","2","Firearm","GRINJ-006",10,111603,9.0,4.3,16.5
,"Henrico County, VA","51087","2021","2021","Unintentional","1","Fall","GRINJ-003",42,333554,12.6,9.1,17.0
,"Henrico County, VA","51087","2021","2021","Unintentional","1","Motor Vehicle Traffic","GRINJ-008",28,333554,8.4,5.6,12.1
,"Henrico County, VA","51087","2021","2021","Unintentional","1","Poisoning","GRINJ-015",123,333554,36.9,30.4,43.4
,"Henrico County, VA","51087","2021","2021","Suicide","2","Firearm","GRINJ-006",27,333554,8.1,5.3,11.8
,"Henrico County, VA","51087","2021","2021","Homicide","3","Firearm","GRINJ-006",24,333554,7.2,4.6,10.7
,"Henry County, VA","51089","2021","2021","Unintentional","1","Fall","GRINJ-003",23,50248,45.8,29.0,68.7
,"Henry County, VA","51089","2021","2021","Unintentional","1","Poisoning","GRINJ-015",52,50248,103.5,77.3,135.7
,"Henry County, VA","51089","2021","2021","Suicide","2","Firearm","GRINJ-006",10,50248,19.9,9.5,36.6
,"James City County, VA","51095","2021","2021","Unintentional","1","Fall","GRINJ-003",13,79882,16.3,8.7,27.8
,"King William County, VA","51101","2021","2021","Unintentional","1","Poisoning","GRINJ-015",10,18171,55.0,26.4,101.2
,"Loudoun County, VA","51107","2021","2021","Unintentional","1","Fall","GRINJ-003",27,427592,6.3,4.2,9.2
,"Loudoun County, VA","51107","2021","2021","Unintentional","1","Motor Vehicle Traffic","GRINJ-008",15,427592,3.5,2.0,5.8
,"Loudoun County, VA","51107","2021","2021","Unintentional","1","Poisoning","GRINJ-015",44,427592,10.3,7.5,13.8
,"Loudoun County, VA","51107","2021","2021","Suicide","2","Firearm","GRINJ-006",10,427592,2.3,1.1,4.3
,"Loudoun County, VA","51107","2021","2021","Suicide","2","Suffocation","GRINJ-017",10,427592,2.3,1.1,4.3
,"Louisa County, VA","51109","2021","2021","Unintentional","1","Poisoning","GRINJ-015",19,38848,48.9,29.4,76.4
,"Mecklenburg County, VA","51117","2021","2021","Unintentional","1","Motor Vehicle Traffic","GRINJ-008",12,30248,39.7,20.5,69.3
,"Mecklenburg County, VA","51117","2021","2021","Unintentional","1","Poisoning","GRINJ-015",12,30248,39.7,20.5,69.3
,"Montgomery County, VA","51121","2021","2021","Unintentional","1","Fall","GRINJ-003",20,98473,20.3,12.4,31.4
,"Montgomery County, VA","51121","2021","2021","Unintentional","1","Poisoning","GRINJ-015",14,98473,14.2,7.8,23.9
,"New Kent County, VA","51127","2021","2021","Unintentional","1","Poisoning","GRINJ-015",10,23897,41.8,20.1,77.0
,"Orange County, VA","51137","2021","2021","Unintentional","1","Motor Vehicle Traffic","GRINJ-008",13,37188,35.0,18.6,59.8
,"Orange County, VA","51137","2021","2021","Unintentional","1","Poisoning","GRINJ-015",15,37188,40.3,22.6,66.5
,"Pittsylvania County, VA","51143","2021","2021","Unintentional","1","Fall","GRINJ-003",11,59972,18.3,9.2,32.8
,"Pittsylvania County, VA","51143","2021","2021","Unintentional","1","Motor Vehicle Traffic","GRINJ-008",17,59972,28.3,16.5,45.4
,"Pittsylvania County, VA","51143","2021","2021","Unintentional","1","Poisoning","GRINJ-015",14,59972,23.3,12.8,39.2
,"Pittsylvania County, VA","51143","2021","2021","Suicide","2","Firearm","GRINJ-006",11,59972,18.3,9.2,32.8
,"Powhatan County, VA","51145","2021","2021","Unintentional","1","Poisoning","GRINJ-015",11,31136,35.3,17.6,63.2
,"Prince George County, VA","51149","2021","2021","Unintentional","1","Poisoning","GRINJ-015",15,42880,35.0,19.6,57.7
,"Prince William County, VA","51153","2021","2021","Unintentional","1","Fall","GRINJ-003",15,484472,3.1,1.7,5.1
,"Prince William County, VA","51153","2021","2021","Unintentional","1","Motor Vehicle Traffic","GRINJ-008",38,484472,7.8,5.6,10.8
,"Prince William County, VA","51153","2021","2021","Unintentional","1","Poisoning","GRINJ-015",76,484472,15.7,12.4,19.6
,"Prince William County, VA","51153","2021","2021","Suicide","2","Firearm","GRINJ-006",34,484472,7.0,4.9,9.8
,"Prince William County, VA","51153","2021","2021","Suicide","2","Suffocation","GRINJ-017",13,484472,2.7,1.4,4.6
,"Prince William County, VA","51153","2021","2021","Homicide","3","Firearm","GRINJ-006",18,484472,3.7,2.2,5.9
,"Pulaski County, VA","51155","2021","2021","Unintentional","1","Poisoning","GRINJ-015",21,33759,62.2,38.5,95.1
,"Roanoke County, VA","51161","2021","2021","Unintentional","1","Fall","GRINJ-003",26,96589,26.9,17.6,39.4
,"Roanoke County, VA","51161","2021","2021","Unintentional","1","Poisoning","GRINJ-015",27,96589,28.0,18.4,40.7
,"Rockingham County, VA","51165","2021","2021","Unintentional","1","Fall","GRINJ-003",18,84394,21.3,12.6,33.7
,"Spotsylvania County, VA","51177","2021","2021","Unintentional","1","Fall","GRINJ-003",15,143676,10.4,5.8,17.2
,"Spotsylvania County, VA","51177","2021","2021","Unintentional","1","Motor Vehicle Traffic","GRINJ-008",20,143676,13.9,8.5,21.5
,"Spotsylvania County, VA","51177","2021","2021","Unintentional","1","Poisoning","GRINJ-015",63,143676,43.8,33.7,56.1
,"Stafford County, VA","51179","2021","2021","Unintentional","1","Fall","GRINJ-003",10,160877,6.2,3.0,11.4
,"Stafford County, VA","51179","2021","2021","Unintentional","1","Poisoning","GRINJ-015",40,160877,24.9,17.8,33.9
,"Stafford County, VA","51179","2021","2021","Suicide","2","Firearm","GRINJ-006",13,160877,8.1,4.3,13.8
,"Tazewell County, VA","51185","2021","2021","Unintentional","1","Fall","GRINJ-003",16,39925,40.1,22.9,65.1
,"Tazewell County, VA","51185","2021","2021","Unintentional","1","Poisoning","GRINJ-015",30,39925,75.1,50.7,107.3
,"Warren County, VA","51187","2021","2021","Unintentional","1","Poisoning","GRINJ-015",18,40925,44.0,26.1,69.5
,"Washington County, VA","51191","2021","2021","Unintentional","1","Fall","GRINJ-003",10,53635,18.6,8.9,34.3
,"Washington County, VA","51191","2021","2021","Unintentional","1","Poisoning","GRINJ-015",20,53635,37.3,22.8,57.6
,"Wise County, VA","51195","2021","2021","Unintentional","1","Poisoning","GRINJ-015",23,35647,64.5,40.9,96.8
,"York County, VA","51199","2021","2021","Unintentional","1","Fall","GRINJ-003",13,70915,18.3,9.8,31.3
,"Alexandria city, VA","51510","2021","2021","Unintentional","1","Fall","GRINJ-003",15,154706,9.7,5.4,16.0
,"Alexandria city, VA","51510","2021","2021","Unintentional","1","Motor Vehicle Traffic","GRINJ-008",13,154706,8.4,4.5,14.4
,"Alexandria city, VA","51510","2021","2021","Unintentional","1","Poisoning","GRINJ-015",24,154706,15.5,9.9,23.1
,"Charlottesville city, VA","51540","2021","2021","Unintentional","1","Poisoning","GRINJ-015",12,45672,26.3,13.6,45.9
,"Chesapeake city, VA","51550","2021","2021","Unintentional","1","Fall","GRINJ-003",18,251269,7.2,4.2,11.3
,"Chesapeake city, VA","51550","2021","2021","Unintentional","1","Motor Vehicle Traffic","GRINJ-008",19,251269,7.6,4.6,11.8
,"Chesapeake city, VA","51550","2021","2021","Unintentional","1","Poisoning","GRINJ-015",53,251269,21.1,15.8,27.6
,"Chesapeake city, VA","51550","2021","2021","Suicide","2","Firearm","GRINJ-006",21,251269,8.4,5.2,12.8
,"Chesapeake city, VA","51550","2021","2021","Homicide","3","Firearm","GRINJ-006",24,251269,9.6,6.1,14.2
,"Colonial Heights city, VA","51570","2021","2021","Unintentional","1","Poisoning","GRINJ-015",15,18273,82.1,45.9,135.4
,"Danville city, VA","51590","2021","2021","Unintentional","1","Poisoning","GRINJ-015",19,42215,45.0,27.1,70.3
,"Falls Church city, VA","51610","2021","2021","Unintentional","1","Poisoning","GRINJ-015",12,14493,82.8,42.8,144.6
,"Fredericksburg city, VA","51630","2021","2021","Unintentional","1","Poisoning","GRINJ-015",18,28367,63.5,37.6,100.3
,"Hampton city, VA","51650","2021","2021","Unintentional","1","Motor Vehicle Traffic","GRINJ-008",16,137746,11.6,6.6,18.9
,"Hampton city, VA","51650","2021","2021","Unintentional","1","Poisoning","GRINJ-015",47,137746,34.1,25.1,45.4
,"Hampton city, VA","51650","2021","2021","Suicide","2","Firearm","GRINJ-006",12,137746,8.7,4.5,15.2
,"Hampton city, VA","51650","2021","2021","Homicide","3","Firearm","GRINJ-006",28,137746,20.3,13.5,29.4
,"Harrisonburg city, VA","51660","2021","2021","Unintentional","1","Fall","GRINJ-003",12,51430,23.3,12.1,40.8
,"Hopewell city, VA","51670","2021","2021","Unintentional","1","Poisoning","GRINJ-015",23,23140,99.4,63.0,149.1
,"Lynchburg city, VA","51680","2021","2021","Unintentional","1","Fall","GRINJ-003",20,79009,25.3,15.5,39.1
,"Lynchburg city, VA","51680","2021","2021","Unintentional","1","Poisoning","GRINJ-015",31,79009,39.2,26.7,55.7
,"Manassas city, VA","51683","2021","2021","Unintentional","1","Poisoning","GRINJ-015",23,42708,53.9,34.1,80.8
,"Newport News city, VA","51700","2021","2021","Unintentional","1","Fall","GRINJ-003",19,184587,10.3,6.2,16.1
,"Newport News city, VA","51700","2021","2021","Unintentional","1","Motor Vehicle Traffic","GRINJ-008",22,184587,11.9,7.5,18.0
,"Newport News city, VA","51700","2021","2021","Unintentional","1","Poisoning","GRINJ-015",63,184587,34.1,26.2,43.7
,"Newport News city, VA","51700","2021","2021","Suicide","2","Firearm","GRINJ-006",13,184587,7.0,3.7,12.0
,"Newport News city, VA","51700","2021","2021","Homicide","3","Firearm","GRINJ-006",27,184587,14.6,9.6,21.3
,"Norfolk city, VA","51710","2021","2021","Unintentional","1","Fall","GRINJ-003",21,235089,8.9,5.5,13.7
,"Norfolk city, VA","51710","2021","2021","Unintentional","1","Motor Vehicle Traffic","GRINJ-008",36,235089,15.3,10.7,21.2
,"Norfolk city, VA","51710","2021","2021","Unintentional","1","Poisoning","GRINJ-015",110,235089,46.8,38.0,55.5
,"Norfolk city, VA","51710","2021","2021","Suicide","2","Firearm","GRINJ-006",25,235089,10.6,6.9,15.7
,"Norfolk city, VA","51710","2021","2021","Homicide","3","Firearm","GRINJ-006",46,235089,19.6,14.3,26.1
,"Petersburg city, VA","51730","2021","2021","Unintentional","1","Poisoning","GRINJ-015",41,33429,122.6,88.0,166.4
,"Petersburg city, VA","51730","2021","2021","Homicide","3","Firearm","GRINJ-006",14,33429,41.9,22.9,70.3
,"Portsmouth city, VA","51740","2021","2021","Unintentional","1","Fall","GRINJ-003",11,97840,11.2,5.6,20.1
,"Portsmouth city, VA","51740","2021","2021","Unintentional","1","Motor Vehicle Traffic","GRINJ-008",18,97840,18.4,10.9,29.1
,"Portsmouth city, VA","51740","2021","2021","Unintentional","1","Poisoning","GRINJ-015",79,97840,80.7,63.9,100.6
,"Portsmouth city, VA","51740","2021","2021","Homicide","3","Firearm","GRINJ-006",26,97840,26.6,17.4,38.9
,"Richmond city, VA","51760","2021","2021","Unintentional","1","Fall","GRINJ-003",20,226604,8.8,5.4,13.6
,"Richmond city, VA","51760","2021","2021","Unintentional","1","Motor Vehicle Traffic","GRINJ-008",33,226604,14.6,10.0,20.5
,"Richmond city, VA","51760","2021","2021","Unintentional","1","Poisoning","GRINJ-015",209,226604,92.2,79.7,104.7
,"Richmond city, VA","51760","2021","2021","Suicide","2","Firearm","GRINJ-006",22,226604,9.7,6.1,14.7
,"Richmond city, VA","51760","2021","2021","Homicide","3","Firearm","GRINJ-006",66,226604,29.1,22.5,37.1
,"Roanoke city, VA","51770","2021","2021","Unintentional","1","Fall","GRINJ-003",23,98865,23.3,14.7,34.9
,"Roanoke city, VA","51770","2021","2021","Unintentional","1","Motor Vehicle Traffic","GRINJ-008",19,98865,19.2,11.6,30.0
,"Roanoke city, VA","51770","2021","2021","Unintentional","1","Poisoning","GRINJ-015",84,98865,85.0,67.8,105.2
,"Roanoke city, VA","51770","2021","2021","Unintentional","1","Suffocation","GRINJ-017",11,98865,11.1,5.6,19.9
,"Roanoke city, VA","51770","2021","2021","Suicide","2","Firearm","GRINJ-006",16,98865,16.2,9.3,26.3
,"Roanoke city, VA","51770","2021","2021","Homicide","3","Firearm","GRINJ-006",14,98865,14.2,7.7,23.8
,"Suffolk city, VA","51800","2021","2021","Unintentional","1","Motor Vehicle Traffic","GRINJ-008",12,96194,12.5,6.4,21.8
,"Suffolk city, VA","51800","2021","2021","Unintentional","1","Poisoning","GRINJ-015",34,96194,35.3,24.5,49.4
,"Virginia Beach city, VA","51810","2021","2021","Unintentional","1","Fall","GRINJ-003",50,457672,10.9,8.1,14.4
,"Virginia Beach city, VA","51810","2021","2021","Unintentional","1","Motor Vehicle Traffic","GRINJ-008",35,457672,7.6,5.3,10.6
,"Virginia Beach city, VA","51810","2021","2021","Unintentional","1","Poisoning","GRINJ-015",110,457672,24.0,19.5,28.5
,"Virginia Beach city, VA","51810","2021","2021","Suicide","2","Firearm","GRINJ-006",38,457672,8.3,5.9,11.4
,"Virginia Beach city, VA","51810","2021","2021","Suicide","2","Suffocation","GRINJ-017",17,457672,3.7,2.2,5.9
,"Virginia Beach city, VA","51810","2021","2021","Homicide","3","Firearm","GRINJ-006",23,457672,5.0,3.2,7.5
,"Winchester city, VA","51840","2021","2021","Unintentional","1","Poisoning","GRINJ-015",10,28136,35.5,17.0,65.4
,"Asotin County, WA","53003","2021","2021","Unintentional","1","Poisoning","GRINJ-015",10,22397,44.6,21.4,82.1
,"Benton County, WA","53005","2021","2021","Unintentional","1","Fall","GRINJ-003",21,210025,10.0,6.2,15.3
,"Benton County, WA","53005","2021","2021","Unintentional","1","Motor Vehicle Traffic","GRINJ-008",23,210025,11.0,6.9,16.4
,"Benton County, WA","53005","2021","2021","Unintentional","1","Poisoning","GRINJ-015",39,210025,18.6,13.2,25.4
,"Benton County, WA","53005","2021","2021","Suicide","2","Firearm","GRINJ-006",13,210025,6.2,3.3,10.6
,"Chelan County, WA","53007","2021","2021","Unintentional","1","Fall","GRINJ-003",22,79646,27.6,17.3,41.8
,"Chelan County, WA","53007","2021","2021","Unintentional","1","Poisoning","GRINJ-015",12,79646,15.1,7.8,26.3
,"Chelan County, WA","53007","2021","2021","Suicide","2","Firearm","GRINJ-006",13,79646,16.3,8.7,27.9
,"Clallam County, WA","53009","2021","2021","Unintentional","1","Fall","GRINJ-003",21,78209,26.9,16.6,41.0
,"Clallam County, WA","53009","2021","2021","Unintentional","1","Motor Vehicle Traffic","GRINJ-008",10,78209,12.8,6.1,23.5
,"Clallam County, WA","53009","2021","2021","Unintentional","1","Poisoning","GRINJ-015",38,78209,48.6,34.4,66.7
,"Clallam County, WA","53009","2021","2021","Suicide","2","Firearm","GRINJ-006",12,78209,15.3,7.9,26.8
,"Clark County, WA","53011","2021","2021","Unintentional","1","Fall","GRINJ-003",132,511404,25.8,21.4,30.2
,"Clark County, WA","53011","2021","2021","Unintentional","1","Motor Vehicle Traffic","GRINJ-008",53,511404,10.4,7.8,13.6
,"Clark County, WA","53011","2021","2021","Unintentional","1","Poisoning","GRINJ-015",102,511404,19.9,16.1,23.8
,"Clark County, WA","53011","2021","2021","Unintentional","1","Suffocation","GRINJ-017",13,511404,2.5,1.4,4.3
,"Clark County, WA","53011","2021","2021","Suicide","2","Firearm","GRINJ-006",41,511404,8.0,5.8,10.9
,"Clark County, WA","53011","2021","2021","Suicide","2","Poisoning","GRINJ-015",17,511404,3.3,1.9,5.3
,"Clark County, WA","53011","2021","2021","Suicide","2","Suffocation","GRINJ-017",18,511404,3.5,2.1,5.6
,"Clark County, WA","53011","2021","2021","Homicide","3","Firearm","GRINJ-006",23,511404,4.5,2.9,6.7
,"Cowlitz County, WA","53015","2021","2021","Unintentional","1","Fall","GRINJ-003",10,111524,9.0,4.3,16.5
,"Cowlitz County, WA","53015","2021","2021","Unintentional","1","Motor Vehicle Traffic","GRINJ-008",13,111524,11.7,6.2,19.9
,"Cowlitz County, WA","53015","2021","2021","Unintentional","1","Poisoning","GRINJ-015",27,111524,24.2,16.0,35.2
,"Cowlitz County, WA","53015","2021","2021","Suicide","2","Firearm","GRINJ-006",19,111524,17.0,10.3,26.6
,"Franklin County, WA","53021","2021","2021","Unintentional","1","Motor Vehicle Traffic","GRINJ-008",10,98268,10.2,4.9,18.7
,"Franklin County, WA","53021","2021","2021","Unintentional","1","Poisoning","GRINJ-015",24,98268,24.4,15.6,36.3
,"Grant County, WA","53025","2021","2021","Unintentional","1","Motor Vehicle Traffic","GRINJ-008",20,100297,19.9,12.2,30.8
,"Grant County, WA","53025","2021","2021","Unintentional","1","Poisoning","GRINJ-015",26,100297,25.9,16.9,38.0
,"Grays Harbor County, WA","53027","2021","2021","Unintentional","1","Motor Vehicle Traffic","GRINJ-008",15,76841,19.5,10.9,32.2
,"Grays Harbor County, WA","53027","2021","2021","Unintentional","1","Poisoning","GRINJ-015",42,76841,54.7,39.4,73.9
,"Island County, WA","53029","2021","2021","Unintentional","1","Fall","GRINJ-003",20,87432,22.9,14.0,35.3
,"Island County, WA","53029","2021","2021","Unintentional","1","Poisoning","GRINJ-015",16,87432,18.3,10.5,29.7
,"Jefferson County, WA","53031","2021","2021","Unintentional","1","Fall","GRINJ-003",10,33605,29.8,14.3,54.7
,"Jefferson County, WA","53031","2021","2021","Unintentional","1","Poisoning","GRINJ-015",11,33605,32.7,16.3,58.6
,"King County, WA","53033","2021","2021","Unintentional","1","Drowning","GRINJ-002",38,2252305,1.7,1.2,2.3
,"King County, WA","53033","2021","2021","Unintentional","1","Fall","GRINJ-003",270,2252305,12.0,10.6,13.4
,"King County, WA","53033","2021","2021","Unintentional","1","Fire/Flame","GRINJ-004",17,2252305,0.8,0.4,1.2
,"King County, WA","53033","2021","2021","Unintentional","1","Motor Vehicle Traffic","GRINJ-008",134,2252305,5.9,4.9,7.0
,"King County, WA","53033","2021","2021","Unintentional","1","Other Pedestrian","GRINJ-010",12,2252305,0.5,0.3,0.9
,"King County, WA","53033","2021","2021","Unintentional","1","Natural/Environmental","GRINJ-013",46,2252305,2.0,1.5,2.7
,"King County, WA","53033","2021","2021","Unintentional","1","Poisoning","GRINJ-015",645,2252305,28.6,26.4,30.8
,"King County, WA","53033","2021","2021","Unintentional","1","Suffocation","GRINJ-017",38,2252305,1.7,1.2,2.3
,"King County, WA","53033","2021","2021","Unintentional","1","Other specified, classifiable Injury","GRINJ-018",14,2252305,0.6,0.3,1.0
,"King County, WA","53033","2021","2021","Suicide","2","Fall","GRINJ-003",18,2252305,0.8,0.5,1.3
,"King County, WA","53033","2021","2021","Suicide","2","Firearm","GRINJ-006",135,2252305,6.0,5.0,7.0
,"King County, WA","53033","2021","2021","Suicide","2","Poisoning","GRINJ-015",38,2252305,1.7,1.2,2.3
,"King County, WA","53033","2021","2021","Suicide","2","Suffocation","GRINJ-017",85,2252305,3.8,3.0,4.7
,"King County, WA","53033","2021","2021","Homicide","3","Firearm","GRINJ-006",88,2252305,3.9,3.1,4.8
,"Kitsap County, WA","53035","2021","2021","Unintentional","1","Fall","GRINJ-003",53,274314,19.3,14.5,25.3
,"Kitsap County, WA","53035","2021","2021","Unintentional","1","Motor Vehicle Traffic","GRINJ-008",14,274314,5.1,2.8,8.6
,"Kitsap County, WA","53035","2021","2021","Unintentional","1","Poisoning","GRINJ-015",53,274314,19.3,14.5,25.3
,"Kitsap County, WA","53035","2021","2021","Suicide","2","Firearm","GRINJ-006",26,274314,9.5,6.2,13.9
,"Kitsap County, WA","53035","2021","2021","Suicide","2","Suffocation","GRINJ-017",11,274314,4.0,2.0,7.2
,"Kittitas County, WA","53037","2021","2021","Unintentional","1","Poisoning","GRINJ-015",15,45499,33.0,18.5,54.4
,"Lewis County, WA","53041","2021","2021","Unintentional","1","Fall","GRINJ-003",16,84398,19.0,10.8,30.8
,"Lewis County, WA","53041","2021","2021","Unintentional","1","Poisoning","GRINJ-015",18,84398,21.3,12.6,33.7
,"Mason County, WA","53045","2021","2021","Unintentional","1","Fall","GRINJ-003",16,67615,23.7,13.5,38.4
,"Mason County, WA","53045","2021","2021","Unintentional","1","Motor Vehicle Traffic","GRINJ-008",10,67615,14.8,7.1,27.2
,"Mason County, WA","53045","2021","2021","Unintentional","1","Poisoning","GRINJ-015",30,67615,44.4,29.9,63.3
,"Mason County, WA","53045","2021","2021","Suicide","2","Firearm","GRINJ-006",11,67615,16.3,8.1,29.1
,"Okanogan County, WA","53047","2021","2021","Unintentional","1","Poisoning","GRINJ-015",16,42634,37.5,21.5,60.9
,"Okanogan County, WA","53047","2021","2021","Suicide","2","Firearm","GRINJ-006",12,42634,28.1,14.5,49.2
,"Pierce County, WA","53053","2021","2021","Unintentional","1","Fall","GRINJ-003",210,925708,22.7,19.6,25.8
,"Pierce County, WA","53053","2021","2021","Unintentional","1","Motor Vehicle Traffic","GRINJ-008",118,925708,12.7,10.4,15.0
,"Pierce County, WA","53053","2021","2021","Unintentional","1","Natural/Environmental","GRINJ-013",24,925708,2.6,1.7,3.9
,"Pierce County, WA","53053","2021","2021","Unintentional","1","Poisoning","GRINJ-015",345,925708,37.3,33.3,41.2
,"Pierce County, WA","53053","2021","2021","Unintentional","1","Suffocation","GRINJ-017",20,925708,2.2,1.3,3.3
,"Pierce County, WA","53053","2021","2021","Unintentional","1","Unspecified Injury","GRINJ-020",13,925708,1.4,0.7,2.4
,"Pierce County, WA","53053","2021","2021","Suicide","2","Firearm","GRINJ-006",71,925708,7.7,6.0,9.7
,"Pierce County, WA","53053","2021","2021","Suicide","2","Poisoning","GRINJ-015",18,925708,1.9,1.2,3.1
,"Pierce County, WA","53053","2021","2021","Suicide","2","Suffocation","GRINJ-017",31,925708,3.3,2.3,4.8
,"Pierce County, WA","53053","2021","2021","Homicide","3","Firearm","GRINJ-006",47,925708,5.1,3.7,6.8
,"Skagit County, WA","53057","2021","2021","Unintentional","1","Fall","GRINJ-003",29,130696,22.2,14.9,31.9
,"Skagit County, WA","53057","2021","2021","Unintentional","1","Motor Vehicle Traffic","GRINJ-008",13,130696,9.9,5.3,17.0
,"Skagit County, WA","53057","2021","2021","Unintentional","1","Poisoning","GRINJ-015",37,130696,28.3,19.9,39.0
,"Skagit County, WA","53057","2021","2021","Suicide","2","Firearm","GRINJ-006",19,130696,14.5,8.8,22.7
,"Snohomish County, WA","53061","2021","2021","Unintentional","1","Drowning","GRINJ-002",12,833540,1.4,0.7,2.5
,"Snohomish County, WA","53061","2021","2021","Unintentional","1","Fall","GRINJ-003",158,833540,19.0,16.0,21.9
,"Snohomish County, WA","53061","2021","2021","Unintentional","1","Motor Vehicle Traffic","GRINJ-008",48,833540,5.8,4.2,7.6
,"Snohomish County, WA","53061","2021","2021","Unintentional","1","Natural/Environmental","GRINJ-013",11,833540,1.3,0.7,2.4
,"Snohomish County, WA","53061","2021","2021","Unintentional","1","Poisoning","GRINJ-015",232,833540,27.8,24.3,31.4
,"Snohomish County, WA","53061","2021","2021","Unintentional","1","Suffocation","GRINJ-017",10,833540,1.2,0.6,2.2
,"Snohomish County, WA","53061","2021","2021","Suicide","2","Firearm","GRINJ-006",59,833540,7.1,5.4,9.1
,"Snohomish County, WA","53061","2021","2021","Suicide","2","Suffocation","GRINJ-017",49,833540,5.9,4.3,7.8
,"Snohomish County, WA","53061","2021","2021","Homicide","3","Firearm","GRINJ-006",17,833540,2.0,1.2,3.3
,"Spokane County, WA","53063","2021","2021","Unintentional","1","Fall","GRINJ-003",162,546040,29.7,25.1,34.2
,"Spokane County, WA","53063","2021","2021","Unintentional","1","Motor Vehicle Traffic","GRINJ-008",67,546040,12.3,9.5,15.6
,"Spokane County, WA","53063","2021","2021","Unintentional","1","Natural/Environmental","GRINJ-013",29,546040,5.3,3.6,7.6
,"Spokane County, WA","53063","2021","2021","Unintentional","1","Poisoning","GRINJ-015",172,546040,31.5,26.8,36.2
,"Spokane County, WA","53063","2021","2021","Unintentional","1","Suffocation","GRINJ-017",19,546040,3.5,2.1,5.4
,"Spokane County, WA","53063","2021","2021","Suicide","2","Fall","GRINJ-003",11,546040,2.0,1.0,3.6
,"Spokane County, WA","53063","2021","2021","Suicide","2","Firearm","GRINJ-006",54,546040,9.9,7.4,12.9
,"Spokane County, WA","53063","2021","2021","Suicide","2","Poisoning","GRINJ-015",15,546040,2.7,1.5,4.5
,"Spokane County, WA","53063","2021","2021","Suicide","2","Suffocation","GRINJ-017",21,546040,3.8,2.4,5.9
,"Spokane County, WA","53063","2021","2021","Homicide","3","Firearm","GRINJ-006",18,546040,3.3,2.0,5.2
,"Stevens County, WA","53065","2021","2021","Unintentional","1","Fall","GRINJ-003",15,47426,31.6,17.7,52.2
,"Thurston County, WA","53067","2021","2021","Unintentional","1","Fall","GRINJ-003",53,297977,17.8,13.3,23.3
,"Thurston County, WA","53067","2021","2021","Unintentional","1","Motor Vehicle Traffic","GRINJ-008",28,297977,9.4,6.2,13.6
,"Thurston County, WA","53067","2021","2021","Unintentional","1","Poisoning","GRINJ-015",91,297977,30.5,24.6,37.5
,"Thurston County, WA","53067","2021","2021","Unintentional","1","Suffocation","GRINJ-017",10,297977,3.4,1.6,6.2
,"Thurston County, WA","53067","2021","2021","Suicide","2","Firearm","GRINJ-006",19,297977,6.4,3.8,10.0
,"Thurston County, WA","53067","2021","2021","Suicide","2","Suffocation","GRINJ-017",14,297977,4.7,2.6,7.9
,"Walla Walla County, WA","53071","2021","2021","Unintentional","1","Fall","GRINJ-003",13,62682,20.7,11.0,35.5
,"Walla Walla County, WA","53071","2021","2021","Unintentional","1","Poisoning","GRINJ-015",10,62682,16.0,7.7,29.3
,"Whatcom County, WA","53073","2021","2021","Unintentional","1","Fall","GRINJ-003",14,228831,6.1,3.3,10.3
,"Whatcom County, WA","53073","2021","2021","Unintentional","1","Motor Vehicle Traffic","GRINJ-008",22,228831,9.6,6.0,14.6
,"Whatcom County, WA","53073","2021","2021","Unintentional","1","Poisoning","GRINJ-015",46,228831,20.1,14.7,26.8
,"Whatcom County, WA","53073","2021","2021","Suicide","2","Firearm","GRINJ-006",14,228831,6.1,3.3,10.3
,"Whatcom County, WA","53073","2021","2021","Suicide","2","Suffocation","GRINJ-017",12,228831,5.2,2.7,9.2
,"Whitman County, WA","53075","2021","2021","Unintentional","1","Fall","GRINJ-003",10,47873,20.9,10.0,38.4
,"Yakima County, WA","53077","2021","2021","Unintentional","1","Fall","GRINJ-003",12,256035,4.7,2.4,8.2
,"Yakima County, WA","53077","2021","2021","Unintentional","1","Motor Vehicle Traffic","GRINJ-008",61,256035,23.8,18.2,30.6
,"Yakima County, WA","53077","2021","2021","Unintentional","1","Poisoning","GRINJ-015",102,256035,39.8,32.1,47.6
,"Yakima County, WA","53077","2021","2021","Suicide","2","Firearm","GRINJ-006",14,256035,5.5,3.0,9.2
,"Yakima County, WA","53077","2021","2021","Suicide","2","Suffocation","GRINJ-017",13,256035,5.1,2.7,8.7
,"Yakima County, WA","53077","2021","2021","Homicide","3","Firearm","GRINJ-006",17,256035,6.6,3.9,10.6
,"Berkeley County, WV","54003","2021","2021","Unintentional","1","Fall","GRINJ-003",50,126069,39.7,29.4,52.3
,"Berkeley County, WV","54003","2021","2021","Unintentional","1","Motor Vehicle Traffic","GRINJ-008",22,126069,17.5,10.9,26.4
,"Berkeley County, WV","54003","2021","2021","Unintentional","1","Poisoning","GRINJ-015",78,126069,61.9,48.9,77.2
,"Berkeley County, WV","54003","2021","2021","Suicide","2","Firearm","GRINJ-006",13,126069,10.3,5.5,17.6
,"Boone County, WV","54005","2021","2021","Unintentional","1","Poisoning","GRINJ-015",23,21312,107.9,68.4,161.9
,"Braxton County, WV","54007","2021","2021","Unintentional","1","Poisoning","GRINJ-015",13,12247,106.1,56.5,181.5
,"Brooke County, WV","54009","2021","2021","Unintentional","1","Poisoning","GRINJ-015",17,22140,76.8,44.7,122.9
,"Cabell County, WV","54011","2021","2021","Unintentional","1","Fall","GRINJ-003",36,93418,38.5,27.0,53.4
,"Cabell County, WV","54011","2021","2021","Unintentional","1","Motor Vehicle Traffic","GRINJ-008",10,93418,10.7,5.1,19.7
,"Cabell County, WV","54011","2021","2021","Unintentional","1","Poisoning","GRINJ-015",116,93418,124.2,101.6,146.8
,"Fayette County, WV","54019","2021","2021","Unintentional","1","Fall","GRINJ-003",16,39927,40.1,22.9,65.1
,"Fayette County, WV","54019","2021","2021","Unintentional","1","Poisoning","GRINJ-015",41,39927,102.7,73.7,139.3
,"Greenbrier County, WV","54025","2021","2021","Unintentional","1","Fall","GRINJ-003",11,32608,33.7,16.8,60.4
,"Greenbrier County, WV","54025","2021","2021","Unintentional","1","Poisoning","GRINJ-015",28,32608,85.9,57.1,124.1
,"Hampshire County, WV","54027","2021","2021","Unintentional","1","Poisoning","GRINJ-015",12,23302,51.5,26.6,90.0
,"Hancock County, WV","54029","2021","2021","Unintentional","1","Poisoning","GRINJ-015",17,28656,59.3,34.6,95.0
,"Harrison County, WV","54033","2021","2021","Unintentional","1","Fall","GRINJ-003",17,65158,26.1,15.2,41.8
,"Harrison County, WV","54033","2021","2021","Unintentional","1","Poisoning","GRINJ-015",37,65158,56.8,40.0,78.3
,"Jackson County, WV","54035","2021","2021","Unintentional","1","Poisoning","GRINJ-015",17,27738,61.3,35.7,98.1
,"Jefferson County, WV","54037","2021","2021","Unintentional","1","Fall","GRINJ-003",12,58370,20.6,10.6,35.9
,"Jefferson County, WV","54037","2021","2021","Unintentional","1","Poisoning","GRINJ-015",26,58370,44.5,29.1,65.3
,"Kanawha County, WV","54039","2021","2021","Unintentional","1","Fall","GRINJ-003",63,177952,35.4,27.2,45.3
,"Kanawha County, WV","54039","2021","2021","Unintentional","1","Motor Vehicle Traffic","GRINJ-008",33,177952,18.5,12.8,26.0
,"Kanawha County, WV","54039","2021","2021","Unintentional","1","Poisoning","GRINJ-015",195,177952,109.6,94.2,125.0
,"Kanawha County, WV","54039","2021","2021","Unintentional","1","Suffocation","GRINJ-017",11,177952,6.2,3.1,11.1
,"Kanawha County, WV","54039","2021","2021","Suicide","2","Firearm","GRINJ-006",20,177952,11.2,6.9,17.4
,"Kanawha County, WV","54039","2021","2021","Homicide","3","Firearm","GRINJ-006",15,177952,8.4,4.7,13.9
,"Lewis County, WV","54041","2021","2021","Unintentional","1","Poisoning","GRINJ-015",12,16892,71.0,36.7,124.1
,"Lincoln County, WV","54043","2021","2021","Unintentional","1","Poisoning","GRINJ-015",23,20126,114.3,72.4,171.5
,"Logan County, WV","54045","2021","2021","Unintentional","1","Fall","GRINJ-003",11,31909,34.5,17.2,61.7
,"Logan County, WV","54045","2021","2021","Unintentional","1","Poisoning","GRINJ-015",64,31909,200.6,154.5,256.1
,"McDowell County, WV","54047","2021","2021","Unintentional","1","Poisoning","GRINJ-015",38,18363,206.9,146.4,284.0
,"Marion County, WV","54049","2021","2021","Unintentional","1","Fall","GRINJ-003",18,56001,32.1,19.0,50.8
,"Marion County, WV","54049","2021","2021","Unintentional","1","Poisoning","GRINJ-015",33,56001,58.9,40.6,82.8
,"Marshall County, WV","54051","2021","2021","Unintentional","1","Poisoning","GRINJ-015",13,30115,43.2,23.0,73.8
,"Mason County, WV","54053","2021","2021","Unintentional","1","Poisoning","GRINJ-015",35,25157,139.1,96.9,193.5
,"Mercer County, WV","54055","2021","2021","Unintentional","1","Fall","GRINJ-003",22,59097,37.2,23.3,56.4
,"Mercer County, WV","54055","2021","2021","Unintentional","1","Poisoning","GRINJ-015",88,59097,148.9,119.4,183.5
,"Mingo County, WV","54059","2021","2021","Unintentional","1","Poisoning","GRINJ-015",34,23005,147.8,102.4,206.5
,"Monongalia County, WV","54061","2021","2021","Unintentional","1","Poisoning","GRINJ-015",49,106387,46.1,34.1,60.9
,"Monroe County, WV","54063","2021","2021","Unintentional","1","Poisoning","GRINJ-015",10,12332,81.1,38.9,149.1
,"Morgan County, WV","54065","2021","2021","Unintentional","1","Poisoning","GRINJ-015",13,17221,75.5,40.2,129.1
,"Nicholas County, WV","54067","2021","2021","Unintentional","1","Poisoning","GRINJ-015",10,24300,41.2,19.7,75.7
,"Ohio County, WV","54069","2021","2021","Unintentional","1","Fall","GRINJ-003",10,41776,23.9,11.5,44.0
,"Ohio County, WV","54069","2021","2021","Unintentional","1","Poisoning","GRINJ-015",34,41776,81.4,56.4,113.7
,"Preston County, WV","54077","2021","2021","Unintentional","1","Poisoning","GRINJ-015",17,34358,49.5,28.8,79.2
,"Putnam County, WV","54079","2021","2021","Unintentional","1","Fall","GRINJ-003",16,57260,27.9,16.0,45.4
,"Putnam County, WV","54079","2021","2021","Unintentional","1","Poisoning","GRINJ-015",21,57260,36.7,22.7,56.1
,"Raleigh County, WV","54081","2021","2021","Unintentional","1","Fall","GRINJ-003",32,73771,43.4,29.7,61.2
,"Raleigh County, WV","54081","2021","2021","Unintentional","1","Motor Vehicle Traffic","GRINJ-008",12,73771,16.3,8.4,28.4
,"Raleigh County, WV","54081","2021","2021","Unintentional","1","Poisoning","GRINJ-015",109,73771,147.8,120.0,175.5
,"Summers County, WV","54089","2021","2021","Unintentional","1","Poisoning","GRINJ-015",15,11908,126.0,70.5,207.8
,"Taylor County, WV","54091","2021","2021","Unintentional","1","Poisoning","GRINJ-015",13,16492,78.8,42.0,134.8
,"Wayne County, WV","54099","2021","2021","Unintentional","1","Fall","GRINJ-003",14,38498,36.4,19.9,61.0
,"Wayne County, WV","54099","2021","2021","Unintentional","1","Poisoning","GRINJ-015",48,38498,124.7,91.9,165.3
,"Wood County, WV","54107","2021","2021","Unintentional","1","Fall","GRINJ-003",10,83624,12.0,5.7,22.0
,"Wood County, WV","54107","2021","2021","Unintentional","1","Motor Vehicle Traffic","GRINJ-008",10,83624,12.0,5.7,22.0
,"Wood County, WV","54107","2021","2021","Unintentional","1","Poisoning","GRINJ-015",55,83624,65.8,49.5,85.6
,"Wood County, WV","54107","2021","2021","Suicide","2","Firearm","GRINJ-006",12,83624,14.3,7.4,25.1
,"Wyoming County, WV","54109","2021","2021","Unintentional","1","Poisoning","GRINJ-015",26,21051,123.5,80.7,181.0
,"Ashland County, WI","55003","2021","2021","Unintentional","1","Poisoning","GRINJ-015",10,16107,62.1,29.8,114.2
,"Barron County, WI","55005","2021","2021","Unintentional","1","Fall","GRINJ-003",18,46719,38.5,22.8,60.9
,"Barron County, WI","55005","2021","2021","Suicide","2","Firearm","GRINJ-006",10,46719,21.4,10.3,39.4
,"Brown County, WI","55009","2021","2021","Unintentional","1","Fall","GRINJ-003",85,269591,31.5,25.2,39.0
,"Brown County, WI","55009","2021","2021","Unintentional","1","Motor Vehicle Traffic","GRINJ-008",18,269591,6.7,4.0,10.6
,"Brown County, WI","55009","2021","2021","Unintentional","1","Poisoning","GRINJ-015",51,269591,18.9,14.1,24.9
,"Brown County, WI","55009","2021","2021","Suicide","2","Firearm","GRINJ-006",23,269591,8.5,5.4,12.8
,"Brown County, WI","55009","2021","2021","Suicide","2","Suffocation","GRINJ-017",13,269591,4.8,2.6,8.2
,"Chippewa County, WI","55017","2021","2021","Unintentional","1","Fall","GRINJ-003",16,66865,23.9,13.7,38.9
,"Chippewa County, WI","55017","2021","2021","Unintentional","1","Motor Vehicle Traffic","GRINJ-008",11,66865,16.5,8.2,29.4
,"Columbia County, WI","55021","2021","2021","Unintentional","1","Fall","GRINJ-003",22,58488,37.6,23.6,56.9
,"Columbia County, WI","55021","2021","2021","Unintentional","1","Motor Vehicle Traffic","GRINJ-008",11,58488,18.8,9.4,33.7
,"Columbia County, WI","55021","2021","2021","Unintentional","1","Poisoning","GRINJ-015",17,58488,29.1,16.9,46.5
,"Dane County, WI","55025","2021","2021","Unintentional","1","Fall","GRINJ-003",194,563951,34.4,29.6,39.2
,"Dane County, WI","55025","2021","2021","Unintentional","1","Motor Vehicle Traffic","GRINJ-008",56,563951,9.9,7.5,12.9
,"Dane County, WI","55025","2021","2021","Unintentional","1","Poisoning","GRINJ-015",162,563951,28.7,24.3,33.1
,"Dane County, WI","55025","2021","2021","Unintentional","1","Suffocation","GRINJ-017",18,563951,3.2,1.9,5.0
,"Dane County, WI","55025","2021","2021","Suicide","2","Firearm","GRINJ-006",33,563951,5.9,4.0,8.2
,"Dane County, WI","55025","2021","2021","Suicide","2","Suffocation","GRINJ-017",18,563951,3.2,1.9,5.0
,"Dane County, WI","55025","2021","2021","Homicide","3","Firearm","GRINJ-006",11,563951,2.0,1.0,3.5
,"Dodge County, WI","55027","2021","2021","Unintentional","1","Fall","GRINJ-003",34,89313,38.1,26.4,53.2
,"Dodge County, WI","55027","2021","2021","Unintentional","1","Motor Vehicle Traffic","GRINJ-008",12,89313,13.4,6.9,23.5
,"Dodge County, WI","55027","2021","2021","Unintentional","1","Poisoning","GRINJ-015",20,89313,22.4,13.7,34.6
,"Dodge County, WI","55027","2021","2021","Suicide","2","Firearm","GRINJ-006",11,89313,12.3,6.1,22.0
,"Door County, WI","55029","2021","2021","Unintentional","1","Fall","GRINJ-003",14,30369,46.1,25.2,77.3
,"Douglas County, WI","55031","2021","2021","Unintentional","1","Poisoning","GRINJ-015",12,44203,27.1,14.0,47.4
,"Dunn County, WI","55033","2021","2021","Unintentional","1","Fall","GRINJ-003",18,45547,39.5,23.4,62.5
,"Eau Claire County, WI","55035","2021","2021","Unintentional","1","Fall","GRINJ-003",28,106452,26.3,17.5,38.0
,"Eau Claire County, WI","55035","2021","2021","Unintentional","1","Poisoning","GRINJ-015",18,106452,16.9,10.0,26.7
,"Fond du Lac County, WI","55039","2021","2021","Unintentional","1","Fall","GRINJ-003",36,104362,34.5,24.2,47.8
,"Fond du Lac County, WI","55039","2021","2021","Unintentional","1","Motor Vehicle Traffic","GRINJ-008",11,104362,10.5,5.3,18.9
,"Fond du Lac County, WI","55039","2021","2021","Unintentional","1","Poisoning","GRINJ-015",21,104362,20.1,12.5,30.8
,"Grant County, WI","55043","2021","2021","Unintentional","1","Motor Vehicle Traffic","GRINJ-008",13,52110,24.9,13.3,42.7
,"Jefferson County, WI","55055","2021","2021","Unintentional","1","Fall","GRINJ-003",20,84943,23.5,14.4,36.4
,"Jefferson County, WI","55055","2021","2021","Unintentional","1","Poisoning","GRINJ-015",17,84943,20.0,11.7,32.0
,"Kenosha County, WI","55059","2021","2021","Unintentional","1","Fall","GRINJ-003",53,168732,31.4,23.5,41.1
,"Kenosha County, WI","55059","2021","2021","Unintentional","1","Motor Vehicle Traffic","GRINJ-008",10,168732,5.9,2.8,10.9
,"Kenosha County, WI","55059","2021","2021","Unintentional","1","Poisoning","GRINJ-015",45,168732,26.7,19.5,35.7
,"Kenosha County, WI","55059","2021","2021","Suicide","2","Firearm","GRINJ-006",14,168732,8.3,4.5,13.9
,"Kenosha County, WI","55059","2021","2021","Homicide","3","Firearm","GRINJ-006",15,168732,8.9,5.0,14.7
,"La Crosse County, WI","55063","2021","2021","Unintentional","1","Fall","GRINJ-003",29,120433,24.1,16.1,34.6
,"La Crosse County, WI","55063","2021","2021","Unintentional","1","Poisoning","GRINJ-015",28,120433,23.2,15.4,33.6
,"Manitowoc County, WI","55071","2021","2021","Unintentional","1","Fall","GRINJ-003",30,81505,36.8,24.8,52.5
,"Manitowoc County, WI","55071","2021","2021","Unintentional","1","Poisoning","GRINJ-015",18,81505,22.1,13.1,34.9
,"Marathon County, WI","55073","2021","2021","Unintentional","1","Fall","GRINJ-003",32,137648,23.2,15.9,32.8
,"Marathon County, WI","55073","2021","2021","Unintentional","1","Motor Vehicle Traffic","GRINJ-008",17,137648,12.4,7.2,19.8
,"Marathon County, WI","55073","2021","2021","Unintentional","1","Poisoning","GRINJ-015",17,137648,12.4,7.2,19.8
,"Marinette County, WI","55075","2021","2021","Unintentional","1","Fall","GRINJ-003",17,41875,40.6,23.6,65.0
,"Milwaukee County, WI","55079","2021","2021","Unintentional","1","Drowning","GRINJ-002",17,928059,1.8,1.1,2.9
,"Milwaukee County, WI","55079","2021","2021","Unintentional","1","Fall","GRINJ-003",309,928059,33.3,29.6,37.0
,"Milwaukee County, WI","55079","2021","2021","Unintentional","1","Fire/Flame","GRINJ-004",13,928059,1.4,0.7,2.4
,"Milwaukee County, WI","55079","2021","2021","Unintentional","1","Motor Vehicle Traffic","GRINJ-008",100,928059,10.8,8.7,12.9
,"Milwaukee County, WI","55079","2021","2021","Unintentional","1","Natural/Environmental","GRINJ-013",12,928059,1.3,0.7,2.3
,"Milwaukee County, WI","55079","2021","2021","Unintentional","1","Poisoning","GRINJ-015",591,928059,63.7,58.5,68.8
,"Milwaukee County, WI","55079","2021","2021","Unintentional","1","Suffocation","GRINJ-017",26,928059,2.8,1.8,4.1
,"Milwaukee County, WI","55079","2021","2021","Unintentional","1","Unspecified Injury","GRINJ-020",12,928059,1.3,0.7,2.3
,"Milwaukee County, WI","55079","2021","2021","Suicide","2","Fall","GRINJ-003",10,928059,1.1,0.5,2.0
,"Milwaukee County, WI","55079","2021","2021","Suicide","2","Firearm","GRINJ-006",53,928059,5.7,4.3,7.5
,"Milwaukee County, WI","55079","2021","2021","Suicide","2","Poisoning","GRINJ-015",24,928059,2.6,1.7,3.8
,"Milwaukee County, WI","55079","2021","2021","Suicide","2","Suffocation","GRINJ-017",43,928059,4.6,3.4,6.2
,"Milwaukee County, WI","55079","2021","2021","Homicide","3","Firearm","GRINJ-006",196,928059,21.1,18.2,24.1
,"Monroe County, WI","55081","2021","2021","Unintentional","1","Fall","GRINJ-003",10,46193,21.6,10.4,39.8
,"Monroe County, WI","55081","2021","2021","Unintentional","1","Poisoning","GRINJ-015",10,46193,21.6,10.4,39.8
,"Oconto County, WI","55083","2021","2021","Unintentional","1","Poisoning","GRINJ-015",10,39356,25.4,12.2,46.7
,"Oneida County, WI","55085","2021","2021","Unintentional","1","Fall","GRINJ-003",14,38259,36.6,20.0,61.4
,"Outagamie County, WI","55087","2021","2021","Unintentional","1","Fall","GRINJ-003",18,191545,9.4,5.6,14.9
,"Outagamie County, WI","55087","2021","2021","Unintentional","1","Motor Vehicle Traffic","GRINJ-008",22,191545,11.5,7.2,17.4
,"Outagamie County, WI","55087","2021","2021","Unintentional","1","Poisoning","GRINJ-015",35,191545,18.3,12.7,25.4
,"Outagamie County, WI","55087","2021","2021","Suicide","2","Firearm","GRINJ-006",14,191545,7.3,4.0,12.3
,"Ozaukee County, WI","55089","2021","2021","Unintentional","1","Fall","GRINJ-003",48,92497,51.9,38.3,68.8
,"Ozaukee County, WI","55089","2021","2021","Unintentional","1","Poisoning","GRINJ-015",20,92497,21.6,13.2,33.4
,"Pierce County, WI","55093","2021","2021","Unintentional","1","Fall","GRINJ-003",10,42587,23.5,11.3,43.2
,"Polk County, WI","55095","2021","2021","Unintentional","1","Motor Vehicle Traffic","GRINJ-008",13,45431,28.6,15.2,48.9
,"Portage County, WI","55097","2021","2021","Unintentional","1","Fall","GRINJ-003",15,70468,21.3,11.9,35.1
,"Racine County, WI","55101","2021","2021","Unintentional","1","Fall","GRINJ-003",32,196896,16.3,11.1,22.9
,"Racine County, WI","55101","2021","2021","Unintentional","1","Motor Vehicle Traffic","GRINJ-008",15,196896,7.6,4.3,12.6
,"Racine County, WI","55101","2021","2021","Unintentional","1","Poisoning","GRINJ-015",59,196896,30.0,22.8,38.7
,"Racine County, WI","55101","2021","2021","Suicide","2","Firearm","GRINJ-006",15,196896,7.6,4.3,12.6
,"Racine County, WI","55101","2021","2021","Homicide","3","Firearm","GRINJ-006",11,196896,5.6,2.8,10.0
,"Rock County, WI","55105","2021","2021","Unintentional","1","Fall","GRINJ-003",75,164381,45.6,35.9,57.2
,"Rock County, WI","55105","2021","2021","Unintentional","1","Motor Vehicle Traffic","GRINJ-008",35,164381,21.3,14.8,29.6
,"Rock County, WI","55105","2021","2021","Unintentional","1","Poisoning","GRINJ-015",78,164381,47.5,37.5,59.2
,"Rock County, WI","55105","2021","2021","Suicide","2","Firearm","GRINJ-006",14,164381,8.5,4.7,14.3
,"St. Croix County, WI","55109","2021","2021","Unintentional","1","Fall","GRINJ-003",15,95044,15.8,8.8,26.0
,"St. Croix County, WI","55109","2021","2021","Unintentional","1","Motor Vehicle Traffic","GRINJ-008",11,95044,11.6,5.8,20.7
,"St. Croix County, WI","55109","2021","2021","Unintentional","1","Poisoning","GRINJ-015",11,95044,11.6,5.8,20.7
,"Sauk County, WI","55111","2021","2021","Unintentional","1","Fall","GRINJ-003",18,65697,27.4,16.2,43.3
,"Sauk County, WI","55111","2021","2021","Unintentional","1","Motor Vehicle Traffic","GRINJ-008",10,65697,15.2,7.3,28.0
,"Sauk County, WI","55111","2021","2021","Unintentional","1","Poisoning","GRINJ-015",16,65697,24.4,13.9,39.5
,"Sauk County, WI","55111","2021","2021","Suicide","2","Firearm","GRINJ-006",11,65697,16.7,8.4,30.0
,"Shawano County, WI","55115","2021","2021","Unintentional","1","Fall","GRINJ-003",11,40859,26.9,13.4,48.2
,"Shawano County, WI","55115","2021","2021","Unintentional","1","Poisoning","GRINJ-015",10,40859,24.5,11.7,45.0
,"Sheboygan County, WI","55117","2021","2021","Unintentional","1","Fall","GRINJ-003",44,117747,37.4,27.2,50.2
,"Sheboygan County, WI","55117","2021","2021","Unintentional","1","Motor Vehicle Traffic","GRINJ-008",10,117747,8.5,4.1,15.6
,"Sheboygan County, WI","55117","2021","2021","Unintentional","1","Poisoning","GRINJ-015",32,117747,27.2,18.6,38.4
,"Sheboygan County, WI","55117","2021","2021","Suicide","2","Firearm","GRINJ-006",16,117747,13.6,7.8,22.1
,"Vernon County, WI","55123","2021","2021","Unintentional","1","Fall","GRINJ-003",10,30915,32.3,15.5,59.5
,"Walworth County, WI","55127","2021","2021","Unintentional","1","Fall","GRINJ-003",24,106799,22.5,14.4,33.4
,"Walworth County, WI","55127","2021","2021","Unintentional","1","Poisoning","GRINJ-015",25,106799,23.4,15.1,34.6
,"Washington County, WI","55131","2021","2021","Unintentional","1","Fall","GRINJ-003",71,137175,51.8,40.4,65.3
,"Washington County, WI","55131","2021","2021","Unintentional","1","Motor Vehicle Traffic","GRINJ-008",13,137175,9.5,5.0,16.2
,"Washington County, WI","55131","2021","2021","Unintentional","1","Poisoning","GRINJ-015",33,137175,24.1,16.6,33.8
,"Washington County, WI","55131","2021","2021","Suicide","2","Firearm","GRINJ-006",10,137175,7.3,3.5,13.4
,"Waukesha County, WI","55133","2021","2021","Unintentional","1","Fall","GRINJ-003",166,408756,40.6,34.4,46.8
,"Waukesha County, WI","55133","2021","2021","Unintentional","1","Motor Vehicle Traffic","GRINJ-008",22,408756,5.4,3.4,8.1
,"Waukesha County, WI","55133","2021","2021","Unintentional","1","Poisoning","GRINJ-015",110,408756,26.9,21.9,31.9
,"Waukesha County, WI","55133","2021","2021","Suicide","2","Firearm","GRINJ-006",24,408756,5.9,3.8,8.7
,"Waupaca County, WI","55135","2021","2021","Unintentional","1","Fall","GRINJ-003",11,51570,21.3,10.6,38.2
,"Waupaca County, WI","55135","2021","2021","Suicide","2","Firearm","GRINJ-006",10,51570,19.4,9.3,35.7
,"Winnebago County, WI","55139","2021","2021","Unintentional","1","Fall","GRINJ-003",35,171623,20.4,14.2,28.4
,"Winnebago County, WI","55139","2021","2021","Unintentional","1","Motor Vehicle Traffic","GRINJ-008",12,171623,7.0,3.6,12.2
,"Winnebago County, WI","55139","2021","2021","Unintentional","1","Poisoning","GRINJ-015",41,171623,23.9,17.1,32.4
,"Winnebago County, WI","55139","2021","2021","Suicide","2","Firearm","GRINJ-006",14,171623,8.2,4.5,13.7
,"Wood County, WI","55141","2021","2021","Unintentional","1","Fall","GRINJ-003",30,74070,40.5,27.3,57.8
,"Wood County, WI","55141","2021","2021","Unintentional","1","Poisoning","GRINJ-015",13,74070,17.6,9.3,30.0
,"Fremont County, WY","56013","2021","2021","Unintentional","1","Poisoning","GRINJ-015",24,39336,61.0,39.1,90.8
,"Fremont County, WY","56013","2021","2021","Suicide","2","Firearm","GRINJ-006",11,39336,28.0,14.0,50.0
,"Laramie County, WY","56021","2021","2021","Unintentional","1","Motor Vehicle Traffic","GRINJ-008",16,100863,15.9,9.1,25.8
,"Laramie County, WY","56021","2021","2021","Unintentional","1","Poisoning","GRINJ-015",26,100863,25.8,16.8,37.8
,"Laramie County, WY","56021","2021","2021","Suicide","2","Firearm","GRINJ-006",23,100863,22.8,14.5,34.2
,"Natrona County, WY","56025","2021","2021","Unintentional","1","Poisoning","GRINJ-015",14,79555,17.6,9.6,29.5
,"Natrona County, WY","56025","2021","2021","Suicide","2","Firearm","GRINJ-006",23,79555,28.9,18.3,43.4
,"Park County, WY","56029","2021","2021","Suicide","2","Firearm","GRINJ-006",11,30108,36.5,18.2,65.4
,"Sweetwater County, WY","56037","2021","2021","Suicide","2","Firearm","GRINJ-006",10,41614,24.0,11.5,44.2
"---"
"Dataset: Underlying Cause of Death, 2018-2024, Single Race"
"Query Parameters:"
"Injury Intent: Unintentional; Suicide; Homicide; Undetermined"
"Injury Mechanism & All Other Leading Causes: Cut/Pierce; Drowning; Fall; Fire/Flame; Hot object/Substance; Firearm; Machinery;"
"Motor Vehicle Traffic; Other Pedal cyclist; Other Pedestrian; Other land transport; Other transport; Natural/Environmental;"
"Overexertion; Poisoning; Struck by or against; Suffocation; Other specified, classifiable Injury; Other specified, not elsewhere"
"classified Injury; Unspecified Injury"
"Year/Month: 2021"
"Group By: County; Year; Injury Intent; Injury Mechanism & All Other Leading Causes"
"Show Totals: Disabled"
"Show Zero Values: Disabled"
"Show Suppressed: False"
"Calculate Rates Per: 100,000"
"Rate Options: Default intercensal populations for years 2001-2009 (except Infant Age Groups)"
"---"
"Help: See http://wonder.cdc.gov/wonder/help/ucd-expanded.html for more information."
"---"
"Query Date: Mar 4, 2026 9:52:40 PM"
"---"
"Suggested Citation: Centers for Disease Control and Prevention, National Center for Health Statistics. National Vital Statistics"
"System, Mortality 2018-2024 on CDC WONDER Online Database, released in 2026. Data are from the Multiple Cause of Death Files,"
"2018-2024, as compiled from data provided by the 57 vital statistics jurisdictions through the Vital Statistics Cooperative"
"Program. Accessed at http://wonder.cdc.gov/ucd-icd10-expanded.html on Mar 4, 2026 9:52:40 PM"
"---"
Messages:
"1. Selections made to any variable in [Injury Intent, Injury Mechanism & All Other Leading Causes] cause equivalent selections"
"in the other variables. More Information: http://wonder.cdc.gov/wonder/help/faq.html#related-variables."
"2. The full results are too long to be displayed. Due to suppression constraints rows that are zero, suppressed or a total will"
"not be available."
"---"
Caveats:
"1. Deaths and population estimates are shown separately from the adjacent counties for Carson City, Nevada (FIPS code 32510)."
"2. Deaths and population estimates are reported separately for Baltimore City (FIPS code 24510) and Baltimore county (FIPS code"
"24005)."
"3. Deaths and population estimates are reported separately for St. Louis City (FIPS code 29510) and county (FIPS code 29189)."
"4. The method used to calculate 95% confidence intervals is documented here: More information:"
"http://wonder.cdc.gov/wonder/help/ucd-expanded.html#Confidence-Intervals."
"5. The population figures for year 2024 are single-race estimates of the July 1 resident population, from the Vintage 2024"
"postcensal series released by the Census Bureau on June 27, 2024. The 2024 series is based on the Modified Blended Base produced"
"by the US Census Bureau in lieu of the April 1, 2020 decennial population count. The Modified Blended Base consists of the blend"
"of Vintage 2020 postcensal population estimates for April 1, 2020, 2020 Demographic Analysis Estimates, and 2020 Census data"
"from the internal Census Edited File (CEF). The population figures for year 2023 are single-race estimates of the July 1"
"resident population, from the Vintage 2023 postcensal series released by the Census Bureau on June 27, 2024. The 2023 series is"
"based on the Modified Blended Base produced by the US Census Bureau in lieu of the April 1, 2020 decennial population count. The"
"Modified Blended Base consists of the blend of Vintage 2020 postcensal population estimates for April 1, 2020, 2020 Demographic"
"Analysis Estimates, and 2020 Census data from the internal Census Edited File (CEF). The population figures for years 2022 are"
"single-race estimates of the July 1 resident population, from the Vintage 2022 postcensal series released by the Census Bureau"
"on June 22, 2023. The 2022 series is based on the Modified Blended Base produced by the US Census Bureau in lieu of the April 1,"
"2020 decennial population count. The Modified Blended Base consists of the blend of Vintage 2020 postcensal population estimates"
"for April 1, 2020, 2020 Demographic Analysis Estimates, and 2020 Census data from the internal Census Edited File (CEF). The"
"population figures for years 2021 are single-race estimates of the July 1 resident population, based on the Blended Base"
"produced by the US Census Bureau in lieu of the April 1, 2020 decennial population count, from the Vintage 2021 postcensal"
"series released by the Census Bureau on June 30, 2022. The population figures for year 2020 are single-race estimates of the"
"July 1 resident population, from the Vintage 2020 postcensal series based on April 2010 Census, released by the Census Bureau on"
"July 27, 2021. The population figures for year 2019 are single-race estimates of the July 1 resident population, from the"
"Vintage 2019 postcensal series based on April 2010 Census, released by the Census Bureau on June 25, 2020. The population"
"figures for year 2018 are single-race estimates of the July 1 resident population, from the Vintage 2018 postcensal series based"
"on April 2010 Census, released by the Census Bureau on June 20, 2019. More information:"
"http://wonder.cdc.gov/wonder/help/ucd-expanded.html#Population Data."
"6. The population figures used in the calculation of death rates for the age group 'under 1 year' are the estimates of the"
"resident population that is under one year of age. More information: http://wonder.cdc.gov/wonder/help/ucd-expanded.html#Age"
"Group."
"7. Connecticut population estimates for 2022 and later years are reported for 9 planning regions as county equivalent areas,"
"instead of the former 8 legacy counties in the Vintage 2022 postcensal series released by the Census Bureau on June 22, 2023,"
"and in the Vintage 2023 postcensal series released by the Census Bureau on June 27, 2024. Populations estimates for the former"
"counties are not available for 2022 and later years. More information:"
"http://wonder.cdc.gov/wonder/help/ucd-expanded.html#Connecticut-2022."
"8. After the creation of the final 2023 dataset, North Carolina updated the cause of death information for over 900 death"
"certificates to include a cause of death code indicating drug overdose (ICD-10 underlying cause-of-death codes: X40-X44,"
"X60-X64, X85, and Y10-Y14). Jurisdictions can continue to update death certificates after the closing of the mortality file. As"
"a result, users should consider that the actual death count for drug overdose deaths for North Carolina in 2023 is over 4,400"
"deaths, with a crude rate of approximately 41.0 per 100,000 population, and an age-adjusted rate of approximately 42.1 per"
"100,000 population. These deaths will not be updated on the final mortality datasets."