"Notes","County","County Code","Year","Year Code","Injury Intent","Injury Intent Code","Injury Mechanism & All Other Leading Causes","Injury Mechanism & All Other Leading Causes Code",Deaths,Population,Crude Rate,Crude Rate Lower 95% Confidence Interval,Crude Rate Upper 95% Confidence Interval
,"Autauga County, AL","01001","2019","2019","Unintentional","1","Motor Vehicle Traffic","GRINJ-008",10,55869,17.9,8.6,32.9
,"Baldwin County, AL","01003","2019","2019","Unintentional","1","Fall","GRINJ-003",11,223234,4.9,2.5,8.8
,"Baldwin County, AL","01003","2019","2019","Unintentional","1","Motor Vehicle Traffic","GRINJ-008",45,223234,20.2,14.7,27.0
,"Baldwin County, AL","01003","2019","2019","Unintentional","1","Poisoning","GRINJ-015",29,223234,13.0,8.7,18.7
,"Baldwin County, AL","01003","2019","2019","Suicide","2","Firearm","GRINJ-006",23,223234,10.3,6.5,15.5
,"Baldwin County, AL","01003","2019","2019","Suicide","2","Suffocation","GRINJ-017",13,223234,5.8,3.1,10.0
,"Barbour County, AL","01005","2019","2019","Unintentional","1","Motor Vehicle Traffic","GRINJ-008",10,24686,40.5,19.4,74.5
,"Blount County, AL","01009","2019","2019","Unintentional","1","Motor Vehicle Traffic","GRINJ-008",12,57826,20.8,10.7,36.2
,"Blount County, AL","01009","2019","2019","Suicide","2","Firearm","GRINJ-006",11,57826,19.0,9.5,34.0
,"Calhoun County, AL","01015","2019","2019","Unintentional","1","Motor Vehicle Traffic","GRINJ-008",25,113605,22.0,14.2,32.5
,"Calhoun County, AL","01015","2019","2019","Unintentional","1","Poisoning","GRINJ-015",19,113605,16.7,10.1,26.1
,"Calhoun County, AL","01015","2019","2019","Suicide","2","Firearm","GRINJ-006",15,113605,13.2,7.4,21.8
,"Coffee County, AL","01031","2019","2019","Unintentional","1","Motor Vehicle Traffic","GRINJ-008",10,52342,19.1,9.2,35.1
,"Colbert County, AL","01033","2019","2019","Unintentional","1","Poisoning","GRINJ-015",10,55241,18.1,8.7,33.3
,"Colbert County, AL","01033","2019","2019","Suicide","2","Firearm","GRINJ-006",12,55241,21.7,11.2,37.9
,"Covington County, AL","01039","2019","2019","Unintentional","1","Motor Vehicle Traffic","GRINJ-008",13,37049,35.1,18.7,60.0
,"Cullman County, AL","01043","2019","2019","Unintentional","1","Motor Vehicle Traffic","GRINJ-008",18,83768,21.5,12.7,34.0
,"Cullman County, AL","01043","2019","2019","Unintentional","1","Poisoning","GRINJ-015",12,83768,14.3,7.4,25.0
,"Dale County, AL","01045","2019","2019","Unintentional","1","Motor Vehicle Traffic","GRINJ-008",11,49172,22.4,11.2,40.0
,"Dallas County, AL","01047","2019","2019","Unintentional","1","Motor Vehicle Traffic","GRINJ-008",13,37196,34.9,18.6,59.8
,"DeKalb County, AL","01049","2019","2019","Unintentional","1","Motor Vehicle Traffic","GRINJ-008",17,71513,23.8,13.8,38.1
,"DeKalb County, AL","01049","2019","2019","Unintentional","1","Poisoning","GRINJ-015",13,71513,18.2,9.7,31.1
,"DeKalb County, AL","01049","2019","2019","Suicide","2","Firearm","GRINJ-006",18,71513,25.2,14.9,39.8
,"Elmore County, AL","01051","2019","2019","Unintentional","1","Motor Vehicle Traffic","GRINJ-008",10,81209,12.3,5.9,22.6
,"Elmore County, AL","01051","2019","2019","Suicide","2","Firearm","GRINJ-006",12,81209,14.8,7.6,25.8
,"Escambia County, AL","01053","2019","2019","Unintentional","1","Motor Vehicle Traffic","GRINJ-008",10,36633,27.3,13.1,50.2
,"Escambia County, AL","01053","2019","2019","Undetermined ","4","Poisoning","GRINJ-015",10,36633,27.3,13.1,50.2
,"Etowah County, AL","01055","2019","2019","Unintentional","1","Motor Vehicle Traffic","GRINJ-008",22,102268,21.5,13.5,32.6
,"Etowah County, AL","01055","2019","2019","Unintentional","1","Poisoning","GRINJ-015",21,102268,20.5,12.7,31.4
,"Etowah County, AL","01055","2019","2019","Suicide","2","Firearm","GRINJ-006",16,102268,15.6,8.9,25.4
,"Franklin County, AL","01059","2019","2019","Unintentional","1","Motor Vehicle Traffic","GRINJ-008",10,31362,31.9,15.3,58.6
,"Geneva County, AL","01061","2019","2019","Unintentional","1","Motor Vehicle Traffic","GRINJ-008",10,26271,38.1,18.3,70.0
,"Houston County, AL","01069","2019","2019","Unintentional","1","Motor Vehicle Traffic","GRINJ-008",19,105882,17.9,10.8,28.0
,"Houston County, AL","01069","2019","2019","Unintentional","1","Poisoning","GRINJ-015",10,105882,9.4,4.5,17.4
,"Houston County, AL","01069","2019","2019","Suicide","2","Firearm","GRINJ-006",12,105882,11.3,5.9,19.8
,"Houston County, AL","01069","2019","2019","Homicide","3","Firearm","GRINJ-006",10,105882,9.4,4.5,17.4
,"Jackson County, AL","01071","2019","2019","Unintentional","1","Motor Vehicle Traffic","GRINJ-008",15,51626,29.1,16.3,47.9
,"Jefferson County, AL","01073","2019","2019","Unintentional","1","Drowning","GRINJ-002",11,658573,1.7,0.8,3.0
,"Jefferson County, AL","01073","2019","2019","Unintentional","1","Fall","GRINJ-003",33,658573,5.0,3.4,7.0
,"Jefferson County, AL","01073","2019","2019","Unintentional","1","Fire/Flame","GRINJ-004",14,658573,2.1,1.2,3.6
,"Jefferson County, AL","01073","2019","2019","Unintentional","1","Motor Vehicle Traffic","GRINJ-008",106,658573,16.1,13.0,19.2
,"Jefferson County, AL","01073","2019","2019","Unintentional","1","Poisoning","GRINJ-015",190,658573,28.9,24.7,33.0
,"Jefferson County, AL","01073","2019","2019","Unintentional","1","Suffocation","GRINJ-017",25,658573,3.8,2.5,5.6
,"Jefferson County, AL","01073","2019","2019","Unintentional","1","Unspecified Injury","GRINJ-020",48,658573,7.3,5.4,9.7
,"Jefferson County, AL","01073","2019","2019","Suicide","2","Firearm","GRINJ-006",67,658573,10.2,7.9,12.9
,"Jefferson County, AL","01073","2019","2019","Suicide","2","Poisoning","GRINJ-015",13,658573,2.0,1.1,3.4
,"Jefferson County, AL","01073","2019","2019","Suicide","2","Suffocation","GRINJ-017",16,658573,2.4,1.4,3.9
,"Jefferson County, AL","01073","2019","2019","Homicide","3","Firearm","GRINJ-006",139,658573,21.1,17.6,24.6
,"Lauderdale County, AL","01077","2019","2019","Unintentional","1","Motor Vehicle Traffic","GRINJ-008",15,92729,16.2,9.1,26.7
,"Lauderdale County, AL","01077","2019","2019","Unintentional","1","Poisoning","GRINJ-015",13,92729,14.0,7.5,24.0
,"Lawrence County, AL","01079","2019","2019","Unintentional","1","Motor Vehicle Traffic","GRINJ-008",10,32924,30.4,14.6,55.9
,"Lee County, AL","01081","2019","2019","Unintentional","1","Fall","GRINJ-003",13,164542,7.9,4.2,13.5
,"Lee County, AL","01081","2019","2019","Unintentional","1","Motor Vehicle Traffic","GRINJ-008",20,164542,12.2,7.4,18.8
,"Lee County, AL","01081","2019","2019","Unintentional","1","Natural/Environmental","GRINJ-013",24,164542,14.6,9.3,21.7
,"Lee County, AL","01081","2019","2019","Unintentional","1","Poisoning","GRINJ-015",11,164542,6.7,3.3,12.0
,"Lee County, AL","01081","2019","2019","Suicide","2","Firearm","GRINJ-006",16,164542,9.7,5.6,15.8
,"Lee County, AL","01081","2019","2019","Homicide","3","Firearm","GRINJ-006",13,164542,7.9,4.2,13.5
,"Limestone County, AL","01083","2019","2019","Unintentional","1","Motor Vehicle Traffic","GRINJ-008",19,98915,19.2,11.6,30.0
,"Macon County, AL","01087","2019","2019","Homicide","3","Firearm","GRINJ-006",11,18068,60.9,30.4,108.9
,"Madison County, AL","01089","2019","2019","Unintentional","1","Fall","GRINJ-003",16,372909,4.3,2.5,7.0
,"Madison County, AL","01089","2019","2019","Unintentional","1","Motor Vehicle Traffic","GRINJ-008",58,372909,15.6,11.8,20.1
,"Madison County, AL","01089","2019","2019","Unintentional","1","Poisoning","GRINJ-015",76,372909,20.4,16.1,25.5
,"Madison County, AL","01089","2019","2019","Unintentional","1","Unspecified Injury","GRINJ-020",11,372909,2.9,1.5,5.3
,"Madison County, AL","01089","2019","2019","Suicide","2","Firearm","GRINJ-006",43,372909,11.5,8.3,15.5
,"Madison County, AL","01089","2019","2019","Suicide","2","Suffocation","GRINJ-017",18,372909,4.8,2.9,7.6
,"Madison County, AL","01089","2019","2019","Homicide","3","Firearm","GRINJ-006",24,372909,6.4,4.1,9.6
,"Marshall County, AL","01095","2019","2019","Unintentional","1","Motor Vehicle Traffic","GRINJ-008",28,96774,28.9,19.2,41.8
,"Marshall County, AL","01095","2019","2019","Unintentional","1","Poisoning","GRINJ-015",20,96774,20.7,12.6,31.9
,"Mobile County, AL","01097","2019","2019","Unintentional","1","Drowning","GRINJ-002",11,413210,2.7,1.3,4.8
,"Mobile County, AL","01097","2019","2019","Unintentional","1","Fall","GRINJ-003",28,413210,6.8,4.5,9.8
,"Mobile County, AL","01097","2019","2019","Unintentional","1","Motor Vehicle Traffic","GRINJ-008",85,413210,20.6,16.4,25.4
,"Mobile County, AL","01097","2019","2019","Unintentional","1","Poisoning","GRINJ-015",49,413210,11.9,8.8,15.7
,"Mobile County, AL","01097","2019","2019","Unintentional","1","Unspecified Injury","GRINJ-020",16,413210,3.9,2.2,6.3
,"Mobile County, AL","01097","2019","2019","Suicide","2","Firearm","GRINJ-006",47,413210,11.4,8.4,15.1
,"Mobile County, AL","01097","2019","2019","Suicide","2","Suffocation","GRINJ-017",12,413210,2.9,1.5,5.1
,"Mobile County, AL","01097","2019","2019","Homicide","3","Firearm","GRINJ-006",55,413210,13.3,10.0,17.3
,"Montgomery County, AL","01101","2019","2019","Unintentional","1","Fall","GRINJ-003",12,226486,5.3,2.7,9.3
,"Montgomery County, AL","01101","2019","2019","Unintentional","1","Motor Vehicle Traffic","GRINJ-008",27,226486,11.9,7.9,17.3
,"Montgomery County, AL","01101","2019","2019","Unintentional","1","Poisoning","GRINJ-015",11,226486,4.9,2.4,8.7
,"Montgomery County, AL","01101","2019","2019","Unintentional","1","Unspecified Injury","GRINJ-020",13,226486,5.7,3.1,9.8
,"Montgomery County, AL","01101","2019","2019","Suicide","2","Firearm","GRINJ-006",18,226486,7.9,4.7,12.6
,"Montgomery County, AL","01101","2019","2019","Homicide","3","Firearm","GRINJ-006",37,226486,16.3,11.5,22.5
,"Morgan County, AL","01103","2019","2019","Unintentional","1","Motor Vehicle Traffic","GRINJ-008",26,119679,21.7,14.2,31.8
,"Morgan County, AL","01103","2019","2019","Unintentional","1","Poisoning","GRINJ-015",16,119679,13.4,7.6,21.7
,"Morgan County, AL","01103","2019","2019","Suicide","2","Firearm","GRINJ-006",15,119679,12.5,7.0,20.7
,"Randolph County, AL","01111","2019","2019","Unintentional","1","Motor Vehicle Traffic","GRINJ-008",10,22722,44.0,21.1,80.9
,"Russell County, AL","01113","2019","2019","Unintentional","1","Motor Vehicle Traffic","GRINJ-008",13,57961,22.4,11.9,38.4
,"Russell County, AL","01113","2019","2019","Unintentional","1","Poisoning","GRINJ-015",20,57961,34.5,21.1,53.3
,"Russell County, AL","01113","2019","2019","Homicide","3","Firearm","GRINJ-006",12,57961,20.7,10.7,36.2
,"St. Clair County, AL","01115","2019","2019","Unintentional","1","Motor Vehicle Traffic","GRINJ-008",12,89512,13.4,6.9,23.4
,"St. Clair County, AL","01115","2019","2019","Unintentional","1","Poisoning","GRINJ-015",20,89512,22.3,13.6,34.5
,"Shelby County, AL","01117","2019","2019","Unintentional","1","Fall","GRINJ-003",12,217702,5.5,2.8,9.6
,"Shelby County, AL","01117","2019","2019","Unintentional","1","Motor Vehicle Traffic","GRINJ-008",28,217702,12.9,8.5,18.6
,"Shelby County, AL","01117","2019","2019","Unintentional","1","Poisoning","GRINJ-015",33,217702,15.2,10.4,21.3
,"Shelby County, AL","01117","2019","2019","Suicide","2","Firearm","GRINJ-006",17,217702,7.8,4.5,12.5
,"Talladega County, AL","01121","2019","2019","Unintentional","1","Motor Vehicle Traffic","GRINJ-008",19,79978,23.8,14.3,37.1
,"Talladega County, AL","01121","2019","2019","Suicide","2","Firearm","GRINJ-006",12,79978,15.0,7.8,26.2
,"Talladega County, AL","01121","2019","2019","Homicide","3","Firearm","GRINJ-006",11,79978,13.8,6.9,24.6
,"Tuscaloosa County, AL","01125","2019","2019","Unintentional","1","Fall","GRINJ-003",11,209355,5.3,2.6,9.4
,"Tuscaloosa County, AL","01125","2019","2019","Unintentional","1","Motor Vehicle Traffic","GRINJ-008",31,209355,14.8,10.1,21.0
,"Tuscaloosa County, AL","01125","2019","2019","Unintentional","1","Poisoning","GRINJ-015",26,209355,12.4,8.1,18.2
,"Tuscaloosa County, AL","01125","2019","2019","Suicide","2","Firearm","GRINJ-006",22,209355,10.5,6.6,15.9
,"Tuscaloosa County, AL","01125","2019","2019","Homicide","3","Firearm","GRINJ-006",15,209355,7.2,4.0,11.8
,"Walker County, AL","01127","2019","2019","Unintentional","1","Motor Vehicle Traffic","GRINJ-008",17,63521,26.8,15.6,42.8
,"Walker County, AL","01127","2019","2019","Unintentional","1","Poisoning","GRINJ-015",15,63521,23.6,13.2,38.9
,"Walker County, AL","01127","2019","2019","Suicide","2","Firearm","GRINJ-006",10,63521,15.7,7.5,29.0
,"Anchorage Borough, AK","02020","2019","2019","Unintentional","1","Fall","GRINJ-003",30,288000,10.4,7.0,14.9
,"Anchorage Borough, AK","02020","2019","2019","Unintentional","1","Motor Vehicle Traffic","GRINJ-008",24,288000,8.3,5.3,12.4
,"Anchorage Borough, AK","02020","2019","2019","Unintentional","1","Poisoning","GRINJ-015",57,288000,19.8,15.0,25.6
,"Anchorage Borough, AK","02020","2019","2019","Suicide","2","Firearm","GRINJ-006",41,288000,14.2,10.2,19.3
,"Anchorage Borough, AK","02020","2019","2019","Suicide","2","Suffocation","GRINJ-017",14,288000,4.9,2.7,8.2
,"Anchorage Borough, AK","02020","2019","2019","Homicide","3","Firearm","GRINJ-006",23,288000,8.0,5.1,12.0
,"Bethel Census Area, AK","02050","2019","2019","Unintentional","1","Poisoning","GRINJ-015",10,18386,54.4,26.1,100.0
,"Fairbanks North Star Borough, AK","02090","2019","2019","Unintentional","1","Poisoning","GRINJ-015",20,96849,20.7,12.6,31.9
,"Fairbanks North Star Borough, AK","02090","2019","2019","Suicide","2","Firearm","GRINJ-006",20,96849,20.7,12.6,31.9
,"Fairbanks North Star Borough, AK","02090","2019","2019","Suicide","2","Suffocation","GRINJ-017",12,96849,12.4,6.4,21.6
,"Matanuska-Susitna Borough, AK","02170","2019","2019","Unintentional","1","Motor Vehicle Traffic","GRINJ-008",18,108317,16.6,9.8,26.3
,"Matanuska-Susitna Borough, AK","02170","2019","2019","Unintentional","1","Poisoning","GRINJ-015",23,108317,21.2,13.5,31.9
,"Matanuska-Susitna Borough, AK","02170","2019","2019","Suicide","2","Firearm","GRINJ-006",21,108317,19.4,12.0,29.6
,"Matanuska-Susitna Borough, AK","02170","2019","2019","Homicide","3","Firearm","GRINJ-006",10,108317,9.2,4.4,17.0
,"Apache County, AZ","04001","2019","2019","Unintentional","1","Fall","GRINJ-003",11,71887,15.3,7.6,27.4
,"Apache County, AZ","04001","2019","2019","Unintentional","1","Motor Vehicle Traffic","GRINJ-008",33,71887,45.9,31.6,64.5
,"Apache County, AZ","04001","2019","2019","Unintentional","1","Natural/Environmental","GRINJ-013",11,71887,15.3,7.6,27.4
,"Apache County, AZ","04001","2019","2019","Unintentional","1","Poisoning","GRINJ-015",23,71887,32.0,20.3,48.0
,"Cochise County, AZ","04003","2019","2019","Unintentional","1","Fall","GRINJ-003",11,125922,8.7,4.4,15.6
,"Cochise County, AZ","04003","2019","2019","Unintentional","1","Motor Vehicle Traffic","GRINJ-008",18,125922,14.3,8.5,22.6
,"Cochise County, AZ","04003","2019","2019","Unintentional","1","Poisoning","GRINJ-015",25,125922,19.9,12.8,29.3
,"Cochise County, AZ","04003","2019","2019","Suicide","2","Firearm","GRINJ-006",26,125922,20.6,13.5,30.3
,"Coconino County, AZ","04005","2019","2019","Unintentional","1","Fall","GRINJ-003",20,143476,13.9,8.5,21.5
,"Coconino County, AZ","04005","2019","2019","Unintentional","1","Motor Vehicle Traffic","GRINJ-008",26,143476,18.1,11.8,26.6
,"Coconino County, AZ","04005","2019","2019","Unintentional","1","Poisoning","GRINJ-015",35,143476,24.4,17.0,33.9
,"Coconino County, AZ","04005","2019","2019","Suicide","2","Firearm","GRINJ-006",15,143476,10.5,5.9,17.2
,"Coconino County, AZ","04005","2019","2019","Suicide","2","Suffocation","GRINJ-017",22,143476,15.3,9.6,23.2
,"Gila County, AZ","04007","2019","2019","Unintentional","1","Fall","GRINJ-003",13,54018,24.1,12.8,41.2
,"Gila County, AZ","04007","2019","2019","Unintentional","1","Motor Vehicle Traffic","GRINJ-008",15,54018,27.8,15.5,45.8
,"Gila County, AZ","04007","2019","2019","Unintentional","1","Poisoning","GRINJ-015",12,54018,22.2,11.5,38.8
,"Gila County, AZ","04007","2019","2019","Suicide","2","Firearm","GRINJ-006",13,54018,24.1,12.8,41.2
,"Graham County, AZ","04009","2019","2019","Unintentional","1","Poisoning","GRINJ-015",10,38837,25.7,12.3,47.4
,"Maricopa County, AZ","04013","2019","2019","Unintentional","1","Drowning","GRINJ-002",61,4485414,1.4,1.0,1.7
,"Maricopa County, AZ","04013","2019","2019","Unintentional","1","Fall","GRINJ-003",656,4485414,14.6,13.5,15.7
,"Maricopa County, AZ","04013","2019","2019","Unintentional","1","Fire/Flame","GRINJ-004",16,4485414,0.4,0.2,0.6
,"Maricopa County, AZ","04013","2019","2019","Unintentional","1","Motor Vehicle Traffic","GRINJ-008",477,4485414,10.6,9.7,11.6
,"Maricopa County, AZ","04013","2019","2019","Unintentional","1","Other Pedal cyclist","GRINJ-009",10,4485414,0.2,0.1,0.4
,"Maricopa County, AZ","04013","2019","2019","Unintentional","1","Other land transport","GRINJ-011",19,4485414,0.4,0.3,0.7
,"Maricopa County, AZ","04013","2019","2019","Unintentional","1","Other transport","GRINJ-012",11,4485414,0.2,0.1,0.4
,"Maricopa County, AZ","04013","2019","2019","Unintentional","1","Natural/Environmental","GRINJ-013",76,4485414,1.7,1.3,2.1
,"Maricopa County, AZ","04013","2019","2019","Unintentional","1","Poisoning","GRINJ-015",1163,4485414,25.9,24.4,27.4
,"Maricopa County, AZ","04013","2019","2019","Unintentional","1","Suffocation","GRINJ-017",53,4485414,1.2,0.9,1.5
,"Maricopa County, AZ","04013","2019","2019","Unintentional","1","Other specified, classifiable Injury","GRINJ-018",20,4485414,0.4,0.3,0.7
,"Maricopa County, AZ","04013","2019","2019","Unintentional","1","Other specified, not elsewhere classified Injury","GRINJ-019",10,4485414,0.2,0.1,0.4
,"Maricopa County, AZ","04013","2019","2019","Unintentional","1","Unspecified Injury","GRINJ-020",35,4485414,0.8,0.5,1.1
,"Maricopa County, AZ","04013","2019","2019","Suicide","2","Cut/Pierce","GRINJ-001",15,4485414,0.3,0.2,0.6
,"Maricopa County, AZ","04013","2019","2019","Suicide","2","Fall","GRINJ-003",20,4485414,0.4,0.3,0.7
,"Maricopa County, AZ","04013","2019","2019","Suicide","2","Firearm","GRINJ-006",408,4485414,9.1,8.2,10.0
,"Maricopa County, AZ","04013","2019","2019","Suicide","2","Poisoning","GRINJ-015",93,4485414,2.1,1.7,2.5
,"Maricopa County, AZ","04013","2019","2019","Suicide","2","Suffocation","GRINJ-017",175,4485414,3.9,3.3,4.5
,"Maricopa County, AZ","04013","2019","2019","Homicide","3","Cut/Pierce","GRINJ-001",24,4485414,0.5,0.3,0.8
,"Maricopa County, AZ","04013","2019","2019","Homicide","3","Firearm","GRINJ-006",189,4485414,4.2,3.6,4.8
,"Maricopa County, AZ","04013","2019","2019","Homicide","3","Unspecified Injury","GRINJ-020",23,4485414,0.5,0.3,0.8
,"Maricopa County, AZ","04013","2019","2019","Undetermined ","4","Poisoning","GRINJ-015",37,4485414,0.8,0.6,1.1
,"Maricopa County, AZ","04013","2019","2019","Undetermined ","4","Suffocation","GRINJ-017",11,4485414,0.2,0.1,0.4
,"Maricopa County, AZ","04013","2019","2019","Undetermined ","4","Unspecified Injury","GRINJ-020",10,4485414,0.2,0.1,0.4
,"Mohave County, AZ","04015","2019","2019","Unintentional","1","Fall","GRINJ-003",52,212181,24.5,18.3,32.1
,"Mohave County, AZ","04015","2019","2019","Unintentional","1","Motor Vehicle Traffic","GRINJ-008",44,212181,20.7,15.1,27.8
,"Mohave County, AZ","04015","2019","2019","Unintentional","1","Natural/Environmental","GRINJ-013",22,212181,10.4,6.5,15.7
,"Mohave County, AZ","04015","2019","2019","Unintentional","1","Poisoning","GRINJ-015",33,212181,15.6,10.7,21.8
,"Mohave County, AZ","04015","2019","2019","Suicide","2","Firearm","GRINJ-006",41,212181,19.3,13.9,26.2
,"Mohave County, AZ","04015","2019","2019","Suicide","2","Poisoning","GRINJ-015",14,212181,6.6,3.6,11.1
,"Mohave County, AZ","04015","2019","2019","Suicide","2","Suffocation","GRINJ-017",15,212181,7.1,4.0,11.7
,"Navajo County, AZ","04017","2019","2019","Unintentional","1","Fall","GRINJ-003",19,110924,17.1,10.3,26.7
,"Navajo County, AZ","04017","2019","2019","Unintentional","1","Motor Vehicle Traffic","GRINJ-008",34,110924,30.7,21.2,42.8
,"Navajo County, AZ","04017","2019","2019","Unintentional","1","Natural/Environmental","GRINJ-013",10,110924,9.0,4.3,16.6
,"Navajo County, AZ","04017","2019","2019","Unintentional","1","Poisoning","GRINJ-015",40,110924,36.1,25.8,49.1
,"Navajo County, AZ","04017","2019","2019","Suicide","2","Firearm","GRINJ-006",11,110924,9.9,5.0,17.7
,"Navajo County, AZ","04017","2019","2019","Suicide","2","Suffocation","GRINJ-017",19,110924,17.1,10.3,26.7
,"Pima County, AZ","04019","2019","2019","Unintentional","1","Fall","GRINJ-003",184,1047279,17.6,15.0,20.1
,"Pima County, AZ","04019","2019","2019","Unintentional","1","Motor Vehicle Traffic","GRINJ-008",154,1047279,14.7,12.4,17.0
,"Pima County, AZ","04019","2019","2019","Unintentional","1","Natural/Environmental","GRINJ-013",11,1047279,1.1,0.5,1.9
,"Pima County, AZ","04019","2019","2019","Unintentional","1","Poisoning","GRINJ-015",285,1047279,27.2,24.1,30.4
,"Pima County, AZ","04019","2019","2019","Unintentional","1","Suffocation","GRINJ-017",24,1047279,2.3,1.5,3.4
,"Pima County, AZ","04019","2019","2019","Suicide","2","Firearm","GRINJ-006",148,1047279,14.1,11.9,16.4
,"Pima County, AZ","04019","2019","2019","Suicide","2","Poisoning","GRINJ-015",32,1047279,3.1,2.1,4.3
,"Pima County, AZ","04019","2019","2019","Suicide","2","Suffocation","GRINJ-017",58,1047279,5.5,4.2,7.2
,"Pima County, AZ","04019","2019","2019","Homicide","3","Firearm","GRINJ-006",47,1047279,4.5,3.3,6.0
,"Pima County, AZ","04019","2019","2019","Homicide","3","Unspecified Injury","GRINJ-020",10,1047279,1.0,0.5,1.8
,"Pinal County, AZ","04021","2019","2019","Unintentional","1","Fall","GRINJ-003",55,462789,11.9,9.0,15.5
,"Pinal County, AZ","04021","2019","2019","Unintentional","1","Motor Vehicle Traffic","GRINJ-008",67,462789,14.5,11.2,18.4
,"Pinal County, AZ","04021","2019","2019","Unintentional","1","Natural/Environmental","GRINJ-013",10,462789,2.2,1.0,4.0
,"Pinal County, AZ","04021","2019","2019","Unintentional","1","Poisoning","GRINJ-015",70,462789,15.1,11.8,19.1
,"Pinal County, AZ","04021","2019","2019","Suicide","2","Firearm","GRINJ-006",46,462789,9.9,7.3,13.3
,"Pinal County, AZ","04021","2019","2019","Suicide","2","Poisoning","GRINJ-015",11,462789,2.4,1.2,4.3
,"Pinal County, AZ","04021","2019","2019","Suicide","2","Suffocation","GRINJ-017",13,462789,2.8,1.5,4.8
,"Pinal County, AZ","04021","2019","2019","Homicide","3","Firearm","GRINJ-006",15,462789,3.2,1.8,5.3
,"Yavapai County, AZ","04025","2019","2019","Unintentional","1","Fall","GRINJ-003",66,235099,28.1,21.7,35.7
,"Yavapai County, AZ","04025","2019","2019","Unintentional","1","Motor Vehicle Traffic","GRINJ-008",33,235099,14.0,9.7,19.7
,"Yavapai County, AZ","04025","2019","2019","Unintentional","1","Poisoning","GRINJ-015",66,235099,28.1,21.7,35.7
,"Yavapai County, AZ","04025","2019","2019","Suicide","2","Firearm","GRINJ-006",66,235099,28.1,21.7,35.7
,"Yavapai County, AZ","04025","2019","2019","Suicide","2","Poisoning","GRINJ-015",22,235099,9.4,5.9,14.2
,"Yuma County, AZ","04027","2019","2019","Unintentional","1","Fall","GRINJ-003",19,213787,8.9,5.4,13.9
,"Yuma County, AZ","04027","2019","2019","Unintentional","1","Motor Vehicle Traffic","GRINJ-008",22,213787,10.3,6.4,15.6
,"Yuma County, AZ","04027","2019","2019","Unintentional","1","Natural/Environmental","GRINJ-013",12,213787,5.6,2.9,9.8
,"Yuma County, AZ","04027","2019","2019","Unintentional","1","Poisoning","GRINJ-015",40,213787,18.7,13.4,25.5
,"Yuma County, AZ","04027","2019","2019","Suicide","2","Firearm","GRINJ-006",21,213787,9.8,6.1,15.0
,"Baxter County, AR","05005","2019","2019","Suicide","2","Firearm","GRINJ-006",12,41932,28.6,14.8,50.0
,"Benton County, AR","05007","2019","2019","Unintentional","1","Fall","GRINJ-003",17,279141,6.1,3.5,9.8
,"Benton County, AR","05007","2019","2019","Unintentional","1","Motor Vehicle Traffic","GRINJ-008",29,279141,10.4,7.0,14.9
,"Benton County, AR","05007","2019","2019","Unintentional","1","Poisoning","GRINJ-015",20,279141,7.2,4.4,11.1
,"Benton County, AR","05007","2019","2019","Suicide","2","Firearm","GRINJ-006",20,279141,7.2,4.4,11.1
,"Benton County, AR","05007","2019","2019","Suicide","2","Suffocation","GRINJ-017",13,279141,4.7,2.5,8.0
,"Boone County, AR","05009","2019","2019","Suicide","2","Firearm","GRINJ-006",10,37432,26.7,12.8,49.1
,"Craighead County, AR","05031","2019","2019","Unintentional","1","Motor Vehicle Traffic","GRINJ-008",16,110332,14.5,8.3,23.5
,"Crawford County, AR","05033","2019","2019","Unintentional","1","Motor Vehicle Traffic","GRINJ-008",10,63257,15.8,7.6,29.1
,"Faulkner County, AR","05045","2019","2019","Unintentional","1","Motor Vehicle Traffic","GRINJ-008",14,126007,11.1,6.1,18.6
,"Faulkner County, AR","05045","2019","2019","Unintentional","1","Poisoning","GRINJ-015",17,126007,13.5,7.9,21.6
,"Faulkner County, AR","05045","2019","2019","Suicide","2","Firearm","GRINJ-006",11,126007,8.7,4.4,15.6
,"Garland County, AR","05051","2019","2019","Unintentional","1","Fall","GRINJ-003",12,99386,12.1,6.2,21.1
,"Garland County, AR","05051","2019","2019","Unintentional","1","Motor Vehicle Traffic","GRINJ-008",24,99386,24.1,15.5,35.9
,"Garland County, AR","05051","2019","2019","Unintentional","1","Poisoning","GRINJ-015",21,99386,21.1,13.1,32.3
,"Garland County, AR","05051","2019","2019","Suicide","2","Firearm","GRINJ-006",22,99386,22.1,13.9,33.5
,"Greene County, AR","05055","2019","2019","Unintentional","1","Motor Vehicle Traffic","GRINJ-008",10,45325,22.1,10.6,40.6
,"Jefferson County, AR","05069","2019","2019","Unintentional","1","Motor Vehicle Traffic","GRINJ-008",16,66824,23.9,13.7,38.9
,"Jefferson County, AR","05069","2019","2019","Homicide","3","Firearm","GRINJ-006",25,66824,37.4,24.2,55.2
,"Lonoke County, AR","05085","2019","2019","Unintentional","1","Motor Vehicle Traffic","GRINJ-008",14,73309,19.1,10.4,32.0
,"Lonoke County, AR","05085","2019","2019","Unintentional","1","Poisoning","GRINJ-015",14,73309,19.1,10.4,32.0
,"Mississippi County, AR","05093","2019","2019","Homicide","3","Firearm","GRINJ-006",15,40651,36.9,20.7,60.9
,"Phillips County, AR","05107","2019","2019","Homicide","3","Firearm","GRINJ-006",11,17782,61.9,30.9,110.7
,"Pulaski County, AR","05119","2019","2019","Unintentional","1","Fall","GRINJ-003",30,391911,7.7,5.2,10.9
,"Pulaski County, AR","05119","2019","2019","Unintentional","1","Motor Vehicle Traffic","GRINJ-008",74,391911,18.9,14.8,23.7
,"Pulaski County, AR","05119","2019","2019","Unintentional","1","Poisoning","GRINJ-015",74,391911,18.9,14.8,23.7
,"Pulaski County, AR","05119","2019","2019","Unintentional","1","Unspecified Injury","GRINJ-020",16,391911,4.1,2.3,6.6
,"Pulaski County, AR","05119","2019","2019","Suicide","2","Firearm","GRINJ-006",39,391911,10.0,7.1,13.6
,"Pulaski County, AR","05119","2019","2019","Suicide","2","Suffocation","GRINJ-017",10,391911,2.6,1.2,4.7
,"Pulaski County, AR","05119","2019","2019","Homicide","3","Firearm","GRINJ-006",53,391911,13.5,10.1,17.7
,"Saline County, AR","05125","2019","2019","Unintentional","1","Motor Vehicle Traffic","GRINJ-008",21,122437,17.2,10.6,26.2
,"Saline County, AR","05125","2019","2019","Unintentional","1","Poisoning","GRINJ-015",33,122437,27.0,18.6,37.9
,"Saline County, AR","05125","2019","2019","Suicide","2","Firearm","GRINJ-006",26,122437,21.2,13.9,31.1
,"Sebastian County, AR","05131","2019","2019","Unintentional","1","Motor Vehicle Traffic","GRINJ-008",11,127827,8.6,4.3,15.4
,"Sebastian County, AR","05131","2019","2019","Unintentional","1","Poisoning","GRINJ-015",11,127827,8.6,4.3,15.4
,"Union County, AR","05139","2019","2019","Unintentional","1","Motor Vehicle Traffic","GRINJ-008",12,38682,31.0,16.0,54.2
,"Washington County, AR","05143","2019","2019","Unintentional","1","Fall","GRINJ-003",15,239187,6.3,3.5,10.3
,"Washington County, AR","05143","2019","2019","Unintentional","1","Motor Vehicle Traffic","GRINJ-008",25,239187,10.5,6.8,15.4
,"Washington County, AR","05143","2019","2019","Suicide","2","Firearm","GRINJ-006",16,239187,6.7,3.8,10.9
,"White County, AR","05145","2019","2019","Unintentional","1","Motor Vehicle Traffic","GRINJ-008",13,78753,16.5,8.8,28.2
,"White County, AR","05145","2019","2019","Unintentional","1","Poisoning","GRINJ-015",14,78753,17.8,9.7,29.8
,"Alameda County, CA","06001","2019","2019","Unintentional","1","Drowning","GRINJ-002",12,1671329,0.7,0.4,1.3
,"Alameda County, CA","06001","2019","2019","Unintentional","1","Fall","GRINJ-003",85,1671329,5.1,4.1,6.3
,"Alameda County, CA","06001","2019","2019","Unintentional","1","Motor Vehicle Traffic","GRINJ-008",104,1671329,6.2,5.0,7.4
,"Alameda County, CA","06001","2019","2019","Unintentional","1","Poisoning","GRINJ-015",237,1671329,14.2,12.4,16.0
,"Alameda County, CA","06001","2019","2019","Unintentional","1","Suffocation","GRINJ-017",22,1671329,1.3,0.8,2.0
,"Alameda County, CA","06001","2019","2019","Unintentional","1","Unspecified Injury","GRINJ-020",22,1671329,1.3,0.8,2.0
,"Alameda County, CA","06001","2019","2019","Suicide","2","Firearm","GRINJ-006",42,1671329,2.5,1.8,3.4
,"Alameda County, CA","06001","2019","2019","Suicide","2","Poisoning","GRINJ-015",30,1671329,1.8,1.2,2.6
,"Alameda County, CA","06001","2019","2019","Suicide","2","Suffocation","GRINJ-017",61,1671329,3.6,2.8,4.7
,"Alameda County, CA","06001","2019","2019","Homicide","3","Firearm","GRINJ-006",72,1671329,4.3,3.4,5.4
,"Amador County, CA","06005","2019","2019","Unintentional","1","Motor Vehicle Traffic","GRINJ-008",13,39752,32.7,17.4,55.9
,"Amador County, CA","06005","2019","2019","Unintentional","1","Poisoning","GRINJ-015",11,39752,27.7,13.8,49.5
,"Butte County, CA","06007","2019","2019","Unintentional","1","Fall","GRINJ-003",29,219186,13.2,8.9,19.0
,"Butte County, CA","06007","2019","2019","Unintentional","1","Motor Vehicle Traffic","GRINJ-008",32,219186,14.6,10.0,20.6
,"Butte County, CA","06007","2019","2019","Unintentional","1","Poisoning","GRINJ-015",53,219186,24.2,18.1,31.6
,"Butte County, CA","06007","2019","2019","Suicide","2","Firearm","GRINJ-006",24,219186,10.9,7.0,16.3
,"Butte County, CA","06007","2019","2019","Suicide","2","Suffocation","GRINJ-017",10,219186,4.6,2.2,8.4
,"Calaveras County, CA","06009","2019","2019","Unintentional","1","Motor Vehicle Traffic","GRINJ-008",14,45905,30.5,16.7,51.2
,"Contra Costa County, CA","06013","2019","2019","Unintentional","1","Drowning","GRINJ-002",12,1153526,1.0,0.5,1.8
,"Contra Costa County, CA","06013","2019","2019","Unintentional","1","Fall","GRINJ-003",81,1153526,7.0,5.6,8.7
,"Contra Costa County, CA","06013","2019","2019","Unintentional","1","Motor Vehicle Traffic","GRINJ-008",92,1153526,8.0,6.4,9.8
,"Contra Costa County, CA","06013","2019","2019","Unintentional","1","Poisoning","GRINJ-015",166,1153526,14.4,12.2,16.6
,"Contra Costa County, CA","06013","2019","2019","Unintentional","1","Suffocation","GRINJ-017",14,1153526,1.2,0.7,2.0
,"Contra Costa County, CA","06013","2019","2019","Suicide","2","Firearm","GRINJ-006",37,1153526,3.2,2.3,4.4
,"Contra Costa County, CA","06013","2019","2019","Suicide","2","Poisoning","GRINJ-015",20,1153526,1.7,1.1,2.7
,"Contra Costa County, CA","06013","2019","2019","Suicide","2","Suffocation","GRINJ-017",42,1153526,3.6,2.6,4.9
,"Contra Costa County, CA","06013","2019","2019","Homicide","3","Firearm","GRINJ-006",43,1153526,3.7,2.7,5.0
,"El Dorado County, CA","06017","2019","2019","Unintentional","1","Fall","GRINJ-003",28,192843,14.5,9.6,21.0
,"El Dorado County, CA","06017","2019","2019","Unintentional","1","Motor Vehicle Traffic","GRINJ-008",22,192843,11.4,7.1,17.3
,"El Dorado County, CA","06017","2019","2019","Unintentional","1","Poisoning","GRINJ-015",27,192843,14.0,9.2,20.4
,"El Dorado County, CA","06017","2019","2019","Suicide","2","Firearm","GRINJ-006",18,192843,9.3,5.5,14.8
,"El Dorado County, CA","06017","2019","2019","Suicide","2","Suffocation","GRINJ-017",12,192843,6.2,3.2,10.9
,"Fresno County, CA","06019","2019","2019","Unintentional","1","Drowning","GRINJ-002",15,999101,1.5,0.8,2.5
,"Fresno County, CA","06019","2019","2019","Unintentional","1","Fall","GRINJ-003",64,999101,6.4,4.9,8.2
,"Fresno County, CA","06019","2019","2019","Unintentional","1","Fire/Flame","GRINJ-004",10,999101,1.0,0.5,1.8
,"Fresno County, CA","06019","2019","2019","Unintentional","1","Motor Vehicle Traffic","GRINJ-008",150,999101,15.0,12.6,17.4
,"Fresno County, CA","06019","2019","2019","Unintentional","1","Poisoning","GRINJ-015",142,999101,14.2,11.9,16.6
,"Fresno County, CA","06019","2019","2019","Unintentional","1","Suffocation","GRINJ-017",12,999101,1.2,0.6,2.1
,"Fresno County, CA","06019","2019","2019","Unintentional","1","Unspecified Injury","GRINJ-020",25,999101,2.5,1.6,3.7
,"Fresno County, CA","06019","2019","2019","Suicide","2","Firearm","GRINJ-006",39,999101,3.9,2.8,5.3
,"Fresno County, CA","06019","2019","2019","Suicide","2","Poisoning","GRINJ-015",12,999101,1.2,0.6,2.1
,"Fresno County, CA","06019","2019","2019","Suicide","2","Suffocation","GRINJ-017",35,999101,3.5,2.4,4.9
,"Fresno County, CA","06019","2019","2019","Homicide","3","Firearm","GRINJ-006",60,999101,6.0,4.6,7.7
,"Humboldt County, CA","06023","2019","2019","Unintentional","1","Fall","GRINJ-003",19,135558,14.0,8.4,21.9
,"Humboldt County, CA","06023","2019","2019","Unintentional","1","Motor Vehicle Traffic","GRINJ-008",25,135558,18.4,11.9,27.2
,"Humboldt County, CA","06023","2019","2019","Unintentional","1","Poisoning","GRINJ-015",37,135558,27.3,19.2,37.6
,"Humboldt County, CA","06023","2019","2019","Suicide","2","Firearm","GRINJ-006",13,135558,9.6,5.1,16.4
,"Humboldt County, CA","06023","2019","2019","Suicide","2","Suffocation","GRINJ-017",10,135558,7.4,3.5,13.6
,"Imperial County, CA","06025","2019","2019","Unintentional","1","Motor Vehicle Traffic","GRINJ-008",27,181215,14.9,9.8,21.7
,"Imperial County, CA","06025","2019","2019","Unintentional","1","Poisoning","GRINJ-015",32,181215,17.7,12.1,24.9
,"Kern County, CA","06029","2019","2019","Unintentional","1","Drowning","GRINJ-002",19,900202,2.1,1.3,3.3
,"Kern County, CA","06029","2019","2019","Unintentional","1","Fall","GRINJ-003",49,900202,5.4,4.0,7.2
,"Kern County, CA","06029","2019","2019","Unintentional","1","Motor Vehicle Traffic","GRINJ-008",153,900202,17.0,14.3,19.7
,"Kern County, CA","06029","2019","2019","Unintentional","1","Poisoning","GRINJ-015",263,900202,29.2,25.7,32.7
,"Kern County, CA","06029","2019","2019","Unintentional","1","Suffocation","GRINJ-017",15,900202,1.7,0.9,2.7
,"Kern County, CA","06029","2019","2019","Unintentional","1","Unspecified Injury","GRINJ-020",12,900202,1.3,0.7,2.3
,"Kern County, CA","06029","2019","2019","Suicide","2","Firearm","GRINJ-006",57,900202,6.3,4.8,8.2
,"Kern County, CA","06029","2019","2019","Suicide","2","Poisoning","GRINJ-015",13,900202,1.4,0.8,2.5
,"Kern County, CA","06029","2019","2019","Suicide","2","Suffocation","GRINJ-017",44,900202,4.9,3.6,6.6
,"Kern County, CA","06029","2019","2019","Homicide","3","Cut/Pierce","GRINJ-001",10,900202,1.1,0.5,2.0
,"Kern County, CA","06029","2019","2019","Homicide","3","Firearm","GRINJ-006",67,900202,7.4,5.8,9.5
,"Kings County, CA","06031","2019","2019","Unintentional","1","Motor Vehicle Traffic","GRINJ-008",20,152940,13.1,8.0,20.2
,"Kings County, CA","06031","2019","2019","Unintentional","1","Poisoning","GRINJ-015",26,152940,17.0,11.1,24.9
,"Kings County, CA","06031","2019","2019","Suicide","2","Suffocation","GRINJ-017",13,152940,8.5,4.5,14.5
,"Lake County, CA","06033","2019","2019","Unintentional","1","Fall","GRINJ-003",14,64386,21.7,11.9,36.5
,"Lake County, CA","06033","2019","2019","Unintentional","1","Motor Vehicle Traffic","GRINJ-008",20,64386,31.1,19.0,48.0
,"Lake County, CA","06033","2019","2019","Unintentional","1","Poisoning","GRINJ-015",48,64386,74.6,55.0,98.8
,"Lassen County, CA","06035","2019","2019","Unintentional","1","Poisoning","GRINJ-015",16,30573,52.3,29.9,85.0
,"Los Angeles County, CA","06037","2019","2019","Unintentional","1","Drowning","GRINJ-002",79,10039107,0.8,0.6,1.0
,"Los Angeles County, CA","06037","2019","2019","Unintentional","1","Fall","GRINJ-003",536,10039107,5.3,4.9,5.8
,"Los Angeles County, CA","06037","2019","2019","Unintentional","1","Fire/Flame","GRINJ-004",37,10039107,0.4,0.3,0.5
,"Los Angeles County, CA","06037","2019","2019","Unintentional","1","Motor Vehicle Traffic","GRINJ-008",824,10039107,8.2,7.6,8.8
,"Los Angeles County, CA","06037","2019","2019","Unintentional","1","Other Pedal cyclist","GRINJ-009",11,10039107,0.1,0.1,0.2
,"Los Angeles County, CA","06037","2019","2019","Unintentional","1","Other Pedestrian","GRINJ-010",32,10039107,0.3,0.2,0.4
,"Los Angeles County, CA","06037","2019","2019","Unintentional","1","Other land transport","GRINJ-011",15,10039107,0.1,0.1,0.2
,"Los Angeles County, CA","06037","2019","2019","Unintentional","1","Other transport","GRINJ-012",14,10039107,0.1,0.1,0.2
,"Los Angeles County, CA","06037","2019","2019","Unintentional","1","Natural/Environmental","GRINJ-013",17,10039107,0.2,0.1,0.3
,"Los Angeles County, CA","06037","2019","2019","Unintentional","1","Poisoning","GRINJ-015",1244,10039107,12.4,11.7,13.1
,"Los Angeles County, CA","06037","2019","2019","Unintentional","1","Struck by or against","GRINJ-016",13,10039107,0.1,0.1,0.2
,"Los Angeles County, CA","06037","2019","2019","Unintentional","1","Suffocation","GRINJ-017",60,10039107,0.6,0.5,0.8
,"Los Angeles County, CA","06037","2019","2019","Unintentional","1","Other specified, classifiable Injury","GRINJ-018",40,10039107,0.4,0.3,0.5
,"Los Angeles County, CA","06037","2019","2019","Unintentional","1","Other specified, not elsewhere classified Injury","GRINJ-019",29,10039107,0.3,0.2,0.4
,"Los Angeles County, CA","06037","2019","2019","Unintentional","1","Unspecified Injury","GRINJ-020",31,10039107,0.3,0.2,0.4
,"Los Angeles County, CA","06037","2019","2019","Suicide","2","Cut/Pierce","GRINJ-001",26,10039107,0.3,0.2,0.4
,"Los Angeles County, CA","06037","2019","2019","Suicide","2","Drowning","GRINJ-002",17,10039107,0.2,0.1,0.3
,"Los Angeles County, CA","06037","2019","2019","Suicide","2","Fall","GRINJ-003",72,10039107,0.7,0.6,0.9
,"Los Angeles County, CA","06037","2019","2019","Suicide","2","Firearm","GRINJ-006",267,10039107,2.7,2.3,3.0
,"Los Angeles County, CA","06037","2019","2019","Suicide","2","Poisoning","GRINJ-015",111,10039107,1.1,0.9,1.3
,"Los Angeles County, CA","06037","2019","2019","Suicide","2","Suffocation","GRINJ-017",326,10039107,3.2,2.9,3.6
,"Los Angeles County, CA","06037","2019","2019","Suicide","2","Other specified, classifiable Injury","GRINJ-018",33,10039107,0.3,0.2,0.5
,"Los Angeles County, CA","06037","2019","2019","Homicide","3","Cut/Pierce","GRINJ-001",58,10039107,0.6,0.4,0.7
,"Los Angeles County, CA","06037","2019","2019","Homicide","3","Firearm","GRINJ-006",381,10039107,3.8,3.4,4.2
,"Los Angeles County, CA","06037","2019","2019","Homicide","3","Struck by or against","GRINJ-016",14,10039107,0.1,0.1,0.2
,"Los Angeles County, CA","06037","2019","2019","Homicide","3","Other specified, not elsewhere classified Injury","GRINJ-019",25,10039107,0.2,0.2,0.4
,"Los Angeles County, CA","06037","2019","2019","Homicide","3","Unspecified Injury","GRINJ-020",29,10039107,0.3,0.2,0.4
,"Los Angeles County, CA","06037","2019","2019","Undetermined ","4","Poisoning","GRINJ-015",11,10039107,0.1,0.1,0.2
,"Los Angeles County, CA","06037","2019","2019","Undetermined ","4","Unspecified Injury","GRINJ-020",15,10039107,0.1,0.1,0.2
,"Madera County, CA","06039","2019","2019","Unintentional","1","Motor Vehicle Traffic","GRINJ-008",44,157327,28.0,20.3,37.5
,"Madera County, CA","06039","2019","2019","Unintentional","1","Poisoning","GRINJ-015",29,157327,18.4,12.3,26.5
,"Madera County, CA","06039","2019","2019","Suicide","2","Suffocation","GRINJ-017",11,157327,7.0,3.5,12.5
,"Marin County, CA","06041","2019","2019","Unintentional","1","Fall","GRINJ-003",28,258826,10.8,7.2,15.6
,"Marin County, CA","06041","2019","2019","Unintentional","1","Motor Vehicle Traffic","GRINJ-008",17,258826,6.6,3.8,10.5
,"Marin County, CA","06041","2019","2019","Unintentional","1","Poisoning","GRINJ-015",35,258826,13.5,9.4,18.8
,"Marin County, CA","06041","2019","2019","Suicide","2","Firearm","GRINJ-006",11,258826,4.2,2.1,7.6
,"Marin County, CA","06041","2019","2019","Suicide","2","Poisoning","GRINJ-015",11,258826,4.2,2.1,7.6
,"Marin County, CA","06041","2019","2019","Suicide","2","Suffocation","GRINJ-017",14,258826,5.4,3.0,9.1
,"Mendocino County, CA","06045","2019","2019","Unintentional","1","Motor Vehicle Traffic","GRINJ-008",21,86749,24.2,15.0,37.0
,"Mendocino County, CA","06045","2019","2019","Unintentional","1","Poisoning","GRINJ-015",41,86749,47.3,33.9,64.1
,"Mendocino County, CA","06045","2019","2019","Suicide","2","Firearm","GRINJ-006",10,86749,11.5,5.5,21.2
,"Merced County, CA","06047","2019","2019","Unintentional","1","Motor Vehicle Traffic","GRINJ-008",41,277680,14.8,10.6,20.0
,"Merced County, CA","06047","2019","2019","Unintentional","1","Poisoning","GRINJ-015",44,277680,15.8,11.5,21.3
,"Merced County, CA","06047","2019","2019","Suicide","2","Firearm","GRINJ-006",12,277680,4.3,2.2,7.5
,"Merced County, CA","06047","2019","2019","Suicide","2","Suffocation","GRINJ-017",11,277680,4.0,2.0,7.1
,"Merced County, CA","06047","2019","2019","Homicide","3","Firearm","GRINJ-006",13,277680,4.7,2.5,8.0
,"Monterey County, CA","06053","2019","2019","Unintentional","1","Fall","GRINJ-003",28,434061,6.5,4.3,9.3
,"Monterey County, CA","06053","2019","2019","Unintentional","1","Motor Vehicle Traffic","GRINJ-008",34,434061,7.8,5.4,10.9
,"Monterey County, CA","06053","2019","2019","Unintentional","1","Poisoning","GRINJ-015",65,434061,15.0,11.6,19.1
,"Monterey County, CA","06053","2019","2019","Unintentional","1","Unspecified Injury","GRINJ-020",13,434061,3.0,1.6,5.1
,"Monterey County, CA","06053","2019","2019","Suicide","2","Firearm","GRINJ-006",16,434061,3.7,2.1,6.0
,"Monterey County, CA","06053","2019","2019","Suicide","2","Suffocation","GRINJ-017",19,434061,4.4,2.6,6.8
,"Monterey County, CA","06053","2019","2019","Homicide","3","Firearm","GRINJ-006",10,434061,2.3,1.1,4.2
,"Napa County, CA","06055","2019","2019","Unintentional","1","Fall","GRINJ-003",17,137744,12.3,7.2,19.8
,"Napa County, CA","06055","2019","2019","Unintentional","1","Motor Vehicle Traffic","GRINJ-008",10,137744,7.3,3.5,13.4
,"Napa County, CA","06055","2019","2019","Unintentional","1","Poisoning","GRINJ-015",15,137744,10.9,6.1,18.0
,"Nevada County, CA","06057","2019","2019","Unintentional","1","Fall","GRINJ-003",13,99755,13.0,6.9,22.3
,"Nevada County, CA","06057","2019","2019","Unintentional","1","Motor Vehicle Traffic","GRINJ-008",13,99755,13.0,6.9,22.3
,"Nevada County, CA","06057","2019","2019","Unintentional","1","Poisoning","GRINJ-015",18,99755,18.0,10.7,28.5
,"Nevada County, CA","06057","2019","2019","Suicide","2","Firearm","GRINJ-006",10,99755,10.0,4.8,18.4
,"Orange County, CA","06059","2019","2019","Unintentional","1","Drowning","GRINJ-002",31,3175692,1.0,0.7,1.4
,"Orange County, CA","06059","2019","2019","Unintentional","1","Fall","GRINJ-003",221,3175692,7.0,6.0,7.9
,"Orange County, CA","06059","2019","2019","Unintentional","1","Motor Vehicle Traffic","GRINJ-008",202,3175692,6.4,5.5,7.2
,"Orange County, CA","06059","2019","2019","Unintentional","1","Poisoning","GRINJ-015",378,3175692,11.9,10.7,13.1
,"Orange County, CA","06059","2019","2019","Unintentional","1","Suffocation","GRINJ-017",22,3175692,0.7,0.4,1.0
,"Orange County, CA","06059","2019","2019","Unintentional","1","Other specified, classifiable Injury","GRINJ-018",12,3175692,0.4,0.2,0.7
,"Orange County, CA","06059","2019","2019","Unintentional","1","Other specified, not elsewhere classified Injury","GRINJ-019",11,3175692,0.3,0.2,0.6
,"Orange County, CA","06059","2019","2019","Unintentional","1","Unspecified Injury","GRINJ-020",13,3175692,0.4,0.2,0.7
,"Orange County, CA","06059","2019","2019","Suicide","2","Cut/Pierce","GRINJ-001",17,3175692,0.5,0.3,0.9
,"Orange County, CA","06059","2019","2019","Suicide","2","Fall","GRINJ-003",18,3175692,0.6,0.3,0.9
,"Orange County, CA","06059","2019","2019","Suicide","2","Firearm","GRINJ-006",101,3175692,3.2,2.6,3.8
,"Orange County, CA","06059","2019","2019","Suicide","2","Poisoning","GRINJ-015",65,3175692,2.0,1.6,2.6
,"Orange County, CA","06059","2019","2019","Suicide","2","Suffocation","GRINJ-017",129,3175692,4.1,3.4,4.8
,"Orange County, CA","06059","2019","2019","Suicide","2","Other specified, classifiable Injury","GRINJ-018",11,3175692,0.3,0.2,0.6
,"Orange County, CA","06059","2019","2019","Homicide","3","Cut/Pierce","GRINJ-001",15,3175692,0.5,0.3,0.8
,"Orange County, CA","06059","2019","2019","Homicide","3","Firearm","GRINJ-006",37,3175692,1.2,0.8,1.6
,"Placer County, CA","06061","2019","2019","Unintentional","1","Fall","GRINJ-003",42,398329,10.5,7.6,14.3
,"Placer County, CA","06061","2019","2019","Unintentional","1","Motor Vehicle Traffic","GRINJ-008",19,398329,4.8,2.9,7.4
,"Placer County, CA","06061","2019","2019","Unintentional","1","Poisoning","GRINJ-015",63,398329,15.8,12.2,20.2
,"Placer County, CA","06061","2019","2019","Suicide","2","Firearm","GRINJ-006",21,398329,5.3,3.3,8.1
,"Placer County, CA","06061","2019","2019","Suicide","2","Poisoning","GRINJ-015",11,398329,2.8,1.4,4.9
,"Placer County, CA","06061","2019","2019","Suicide","2","Suffocation","GRINJ-017",20,398329,5.0,3.1,7.8
,"Riverside County, CA","06065","2019","2019","Unintentional","1","Drowning","GRINJ-002",28,2470546,1.1,0.8,1.6
,"Riverside County, CA","06065","2019","2019","Unintentional","1","Fall","GRINJ-003",158,2470546,6.4,5.4,7.4
,"Riverside County, CA","06065","2019","2019","Unintentional","1","Fire/Flame","GRINJ-004",19,2470546,0.8,0.5,1.2
,"Riverside County, CA","06065","2019","2019","Unintentional","1","Motor Vehicle Traffic","GRINJ-008",284,2470546,11.5,10.2,12.8
,"Riverside County, CA","06065","2019","2019","Unintentional","1","Other land transport","GRINJ-011",10,2470546,0.4,0.2,0.7
,"Riverside County, CA","06065","2019","2019","Unintentional","1","Natural/Environmental","GRINJ-013",16,2470546,0.6,0.4,1.1
,"Riverside County, CA","06065","2019","2019","Unintentional","1","Poisoning","GRINJ-015",445,2470546,18.0,16.3,19.7
,"Riverside County, CA","06065","2019","2019","Unintentional","1","Suffocation","GRINJ-017",23,2470546,0.9,0.6,1.4
,"Riverside County, CA","06065","2019","2019","Suicide","2","Cut/Pierce","GRINJ-001",13,2470546,0.5,0.3,0.9
,"Riverside County, CA","06065","2019","2019","Suicide","2","Fall","GRINJ-003",10,2470546,0.4,0.2,0.7
,"Riverside County, CA","06065","2019","2019","Suicide","2","Firearm","GRINJ-006",127,2470546,5.1,4.2,6.0
,"Riverside County, CA","06065","2019","2019","Suicide","2","Poisoning","GRINJ-015",44,2470546,1.8,1.3,2.4
,"Riverside County, CA","06065","2019","2019","Suicide","2","Suffocation","GRINJ-017",108,2470546,4.4,3.5,5.2
,"Riverside County, CA","06065","2019","2019","Homicide","3","Cut/Pierce","GRINJ-001",17,2470546,0.7,0.4,1.1
,"Riverside County, CA","06065","2019","2019","Homicide","3","Firearm","GRINJ-006",79,2470546,3.2,2.5,4.0
,"Riverside County, CA","06065","2019","2019","Homicide","3","Unspecified Injury","GRINJ-020",10,2470546,0.4,0.2,0.7
,"Sacramento County, CA","06067","2019","2019","Unintentional","1","Drowning","GRINJ-002",23,1552058,1.5,0.9,2.2
,"Sacramento County, CA","06067","2019","2019","Unintentional","1","Fall","GRINJ-003",128,1552058,8.2,6.8,9.7
,"Sacramento County, CA","06067","2019","2019","Unintentional","1","Motor Vehicle Traffic","GRINJ-008",179,1552058,11.5,9.8,13.2
,"Sacramento County, CA","06067","2019","2019","Unintentional","1","Poisoning","GRINJ-015",307,1552058,19.8,17.6,22.0
,"Sacramento County, CA","06067","2019","2019","Unintentional","1","Suffocation","GRINJ-017",20,1552058,1.3,0.8,2.0
,"Sacramento County, CA","06067","2019","2019","Unintentional","1","Other specified, classifiable Injury","GRINJ-018",12,1552058,0.8,0.4,1.4
,"Sacramento County, CA","06067","2019","2019","Unintentional","1","Unspecified Injury","GRINJ-020",13,1552058,0.8,0.4,1.4
,"Sacramento County, CA","06067","2019","2019","Suicide","2","Firearm","GRINJ-006",74,1552058,4.8,3.7,6.0
,"Sacramento County, CA","06067","2019","2019","Suicide","2","Poisoning","GRINJ-015",26,1552058,1.7,1.1,2.5
,"Sacramento County, CA","06067","2019","2019","Suicide","2","Suffocation","GRINJ-017",87,1552058,5.6,4.5,6.9
,"Sacramento County, CA","06067","2019","2019","Homicide","3","Firearm","GRINJ-006",55,1552058,3.5,2.7,4.6
,"Sacramento County, CA","06067","2019","2019","Homicide","3","Unspecified Injury","GRINJ-020",12,1552058,0.8,0.4,1.4
,"San Benito County, CA","06069","2019","2019","Unintentional","1","Motor Vehicle Traffic","GRINJ-008",13,62808,20.7,11.0,35.4
,"San Benito County, CA","06069","2019","2019","Unintentional","1","Poisoning","GRINJ-015",10,62808,15.9,7.6,29.3
,"San Bernardino County, CA","06071","2019","2019","Unintentional","1","Drowning","GRINJ-002",18,2180085,0.8,0.5,1.3
,"San Bernardino County, CA","06071","2019","2019","Unintentional","1","Fall","GRINJ-003",138,2180085,6.3,5.3,7.4
,"San Bernardino County, CA","06071","2019","2019","Unintentional","1","Motor Vehicle Traffic","GRINJ-008",339,2180085,15.5,13.9,17.2
,"San Bernardino County, CA","06071","2019","2019","Unintentional","1","Other Pedestrian","GRINJ-010",13,2180085,0.6,0.3,1.0
,"San Bernardino County, CA","06071","2019","2019","Unintentional","1","Poisoning","GRINJ-015",237,2180085,10.9,9.5,12.3
,"San Bernardino County, CA","06071","2019","2019","Unintentional","1","Suffocation","GRINJ-017",22,2180085,1.0,0.6,1.5
,"San Bernardino County, CA","06071","2019","2019","Unintentional","1","Other specified, classifiable Injury","GRINJ-018",13,2180085,0.6,0.3,1.0
,"San Bernardino County, CA","06071","2019","2019","Unintentional","1","Other specified, not elsewhere classified Injury","GRINJ-019",13,2180085,0.6,0.3,1.0
,"San Bernardino County, CA","06071","2019","2019","Unintentional","1","Unspecified Injury","GRINJ-020",16,2180085,0.7,0.4,1.2
,"San Bernardino County, CA","06071","2019","2019","Suicide","2","Firearm","GRINJ-006",105,2180085,4.8,3.9,5.7
,"San Bernardino County, CA","06071","2019","2019","Suicide","2","Poisoning","GRINJ-015",24,2180085,1.1,0.7,1.6
,"San Bernardino County, CA","06071","2019","2019","Suicide","2","Suffocation","GRINJ-017",78,2180085,3.6,2.8,4.5
,"San Bernardino County, CA","06071","2019","2019","Homicide","3","Cut/Pierce","GRINJ-001",19,2180085,0.9,0.5,1.4
,"San Bernardino County, CA","06071","2019","2019","Homicide","3","Firearm","GRINJ-006",117,2180085,5.4,4.4,6.3
,"San Bernardino County, CA","06071","2019","2019","Undetermined ","4","Poisoning","GRINJ-015",10,2180085,0.5,0.2,0.8
,"San Diego County, CA","06073","2019","2019","Unintentional","1","Drowning","GRINJ-002",30,3338330,0.9,0.6,1.3
,"San Diego County, CA","06073","2019","2019","Unintentional","1","Fall","GRINJ-003",410,3338330,12.3,11.1,13.5
,"San Diego County, CA","06073","2019","2019","Unintentional","1","Motor Vehicle Traffic","GRINJ-008",272,3338330,8.1,7.2,9.1
,"San Diego County, CA","06073","2019","2019","Unintentional","1","Other transport","GRINJ-012",10,3338330,0.3,0.1,0.6
,"San Diego County, CA","06073","2019","2019","Unintentional","1","Natural/Environmental","GRINJ-013",12,3338330,0.4,0.2,0.6
,"San Diego County, CA","06073","2019","2019","Unintentional","1","Poisoning","GRINJ-015",473,3338330,14.2,12.9,15.4
,"San Diego County, CA","06073","2019","2019","Unintentional","1","Suffocation","GRINJ-017",33,3338330,1.0,0.7,1.4
,"San Diego County, CA","06073","2019","2019","Unintentional","1","Other specified, classifiable Injury","GRINJ-018",18,3338330,0.5,0.3,0.9
,"San Diego County, CA","06073","2019","2019","Unintentional","1","Other specified, not elsewhere classified Injury","GRINJ-019",18,3338330,0.5,0.3,0.9
,"San Diego County, CA","06073","2019","2019","Unintentional","1","Unspecified Injury","GRINJ-020",12,3338330,0.4,0.2,0.6
,"San Diego County, CA","06073","2019","2019","Suicide","2","Cut/Pierce","GRINJ-001",10,3338330,0.3,0.1,0.6
,"San Diego County, CA","06073","2019","2019","Suicide","2","Drowning","GRINJ-002",12,3338330,0.4,0.2,0.6
,"San Diego County, CA","06073","2019","2019","Suicide","2","Fall","GRINJ-003",34,3338330,1.0,0.7,1.4
,"San Diego County, CA","06073","2019","2019","Suicide","2","Firearm","GRINJ-006",167,3338330,5.0,4.2,5.8
,"San Diego County, CA","06073","2019","2019","Suicide","2","Poisoning","GRINJ-015",54,3338330,1.6,1.2,2.1
,"San Diego County, CA","06073","2019","2019","Suicide","2","Suffocation","GRINJ-017",135,3338330,4.0,3.4,4.7
,"San Diego County, CA","06073","2019","2019","Suicide","2","Other specified, classifiable Injury","GRINJ-018",10,3338330,0.3,0.1,0.6
,"San Diego County, CA","06073","2019","2019","Homicide","3","Cut/Pierce","GRINJ-001",14,3338330,0.4,0.2,0.7
,"San Diego County, CA","06073","2019","2019","Homicide","3","Firearm","GRINJ-006",51,3338330,1.5,1.1,2.0
,"San Diego County, CA","06073","2019","2019","Homicide","3","Unspecified Injury","GRINJ-020",10,3338330,0.3,0.1,0.6
,"San Francisco County, CA","06075","2019","2019","Unintentional","1","Fall","GRINJ-003",68,881549,7.7,6.0,9.8
,"San Francisco County, CA","06075","2019","2019","Unintentional","1","Motor Vehicle Traffic","GRINJ-008",37,881549,4.2,3.0,5.8
,"San Francisco County, CA","06075","2019","2019","Unintentional","1","Poisoning","GRINJ-015",383,881549,43.4,39.1,47.8
,"San Francisco County, CA","06075","2019","2019","Unintentional","1","Suffocation","GRINJ-017",18,881549,2.0,1.2,3.2
,"San Francisco County, CA","06075","2019","2019","Suicide","2","Firearm","GRINJ-006",18,881549,2.0,1.2,3.2
,"San Francisco County, CA","06075","2019","2019","Suicide","2","Poisoning","GRINJ-015",19,881549,2.2,1.3,3.4
,"San Francisco County, CA","06075","2019","2019","Suicide","2","Suffocation","GRINJ-017",34,881549,3.9,2.7,5.4
,"San Francisco County, CA","06075","2019","2019","Homicide","3","Firearm","GRINJ-006",22,881549,2.5,1.6,3.8
,"San Joaquin County, CA","06077","2019","2019","Unintentional","1","Drowning","GRINJ-002",10,762148,1.3,0.6,2.4
,"San Joaquin County, CA","06077","2019","2019","Unintentional","1","Fall","GRINJ-003",49,762148,6.4,4.8,8.5
,"San Joaquin County, CA","06077","2019","2019","Unintentional","1","Motor Vehicle Traffic","GRINJ-008",136,762148,17.8,14.8,20.8
,"San Joaquin County, CA","06077","2019","2019","Unintentional","1","Poisoning","GRINJ-015",131,762148,17.2,14.2,20.1
,"San Joaquin County, CA","06077","2019","2019","Unintentional","1","Suffocation","GRINJ-017",14,762148,1.8,1.0,3.1
,"San Joaquin County, CA","06077","2019","2019","Suicide","2","Firearm","GRINJ-006",28,762148,3.7,2.4,5.3
,"San Joaquin County, CA","06077","2019","2019","Suicide","2","Suffocation","GRINJ-017",31,762148,4.1,2.8,5.8
,"San Joaquin County, CA","06077","2019","2019","Homicide","3","Firearm","GRINJ-006",47,762148,6.2,4.5,8.2
,"San Luis Obispo County, CA","06079","2019","2019","Unintentional","1","Fall","GRINJ-003",26,283111,9.2,6.0,13.5
,"San Luis Obispo County, CA","06079","2019","2019","Unintentional","1","Motor Vehicle Traffic","GRINJ-008",31,283111,10.9,7.4,15.5
,"San Luis Obispo County, CA","06079","2019","2019","Unintentional","1","Poisoning","GRINJ-015",50,283111,17.7,13.1,23.3
,"San Luis Obispo County, CA","06079","2019","2019","Suicide","2","Firearm","GRINJ-006",27,283111,9.5,6.3,13.9
,"San Mateo County, CA","06081","2019","2019","Unintentional","1","Fall","GRINJ-003",48,766573,6.3,4.6,8.3
,"San Mateo County, CA","06081","2019","2019","Unintentional","1","Motor Vehicle Traffic","GRINJ-008",35,766573,4.6,3.2,6.3
,"San Mateo County, CA","06081","2019","2019","Unintentional","1","Poisoning","GRINJ-015",99,766573,12.9,10.5,15.7
,"San Mateo County, CA","06081","2019","2019","Unintentional","1","Suffocation","GRINJ-017",11,766573,1.4,0.7,2.6
,"San Mateo County, CA","06081","2019","2019","Suicide","2","Firearm","GRINJ-006",14,766573,1.8,1.0,3.1
,"San Mateo County, CA","06081","2019","2019","Suicide","2","Suffocation","GRINJ-017",25,766573,3.3,2.1,4.8
,"Santa Barbara County, CA","06083","2019","2019","Unintentional","1","Fall","GRINJ-003",43,446499,9.6,7.0,13.0
,"Santa Barbara County, CA","06083","2019","2019","Unintentional","1","Motor Vehicle Traffic","GRINJ-008",30,446499,6.7,4.5,9.6
,"Santa Barbara County, CA","06083","2019","2019","Unintentional","1","Poisoning","GRINJ-015",92,446499,20.6,16.6,25.3
,"Santa Barbara County, CA","06083","2019","2019","Suicide","2","Firearm","GRINJ-006",23,446499,5.2,3.3,7.7
,"Santa Barbara County, CA","06083","2019","2019","Suicide","2","Suffocation","GRINJ-017",25,446499,5.6,3.6,8.3
,"Santa Barbara County, CA","06083","2019","2019","Homicide","3","Firearm","GRINJ-006",13,446499,2.9,1.6,5.0
,"Santa Clara County, CA","06085","2019","2019","Unintentional","1","Drowning","GRINJ-002",22,1927852,1.1,0.7,1.7
,"Santa Clara County, CA","06085","2019","2019","Unintentional","1","Fall","GRINJ-003",172,1927852,8.9,7.6,10.3
,"Santa Clara County, CA","06085","2019","2019","Unintentional","1","Motor Vehicle Traffic","GRINJ-008",121,1927852,6.3,5.2,7.4
,"Santa Clara County, CA","06085","2019","2019","Unintentional","1","Poisoning","GRINJ-015",193,1927852,10.0,8.6,11.4
,"Santa Clara County, CA","06085","2019","2019","Unintentional","1","Suffocation","GRINJ-017",13,1927852,0.7,0.4,1.2
,"Santa Clara County, CA","06085","2019","2019","Unintentional","1","Unspecified Injury","GRINJ-020",12,1927852,0.6,0.3,1.1
,"Santa Clara County, CA","06085","2019","2019","Suicide","2","Firearm","GRINJ-006",43,1927852,2.2,1.6,3.0
,"Santa Clara County, CA","06085","2019","2019","Suicide","2","Poisoning","GRINJ-015",38,1927852,2.0,1.4,2.7
,"Santa Clara County, CA","06085","2019","2019","Suicide","2","Suffocation","GRINJ-017",53,1927852,2.7,2.1,3.6
,"Santa Clara County, CA","06085","2019","2019","Suicide","2","Other specified, classifiable Injury","GRINJ-018",13,1927852,0.7,0.4,1.2
,"Santa Clara County, CA","06085","2019","2019","Homicide","3","Firearm","GRINJ-006",26,1927852,1.3,0.9,2.0
,"Santa Cruz County, CA","06087","2019","2019","Unintentional","1","Fall","GRINJ-003",41,273213,15.0,10.8,20.4
,"Santa Cruz County, CA","06087","2019","2019","Unintentional","1","Motor Vehicle Traffic","GRINJ-008",21,273213,7.7,4.8,11.7
,"Santa Cruz County, CA","06087","2019","2019","Unintentional","1","Poisoning","GRINJ-015",51,273213,18.7,13.9,24.5
,"Santa Cruz County, CA","06087","2019","2019","Suicide","2","Firearm","GRINJ-006",13,273213,4.8,2.5,8.1
,"Santa Cruz County, CA","06087","2019","2019","Suicide","2","Suffocation","GRINJ-017",15,273213,5.5,3.1,9.1
,"Shasta County, CA","06089","2019","2019","Unintentional","1","Fall","GRINJ-003",25,180080,13.9,9.0,20.5
,"Shasta County, CA","06089","2019","2019","Unintentional","1","Motor Vehicle Traffic","GRINJ-008",28,180080,15.5,10.3,22.5
,"Shasta County, CA","06089","2019","2019","Unintentional","1","Poisoning","GRINJ-015",34,180080,18.9,13.1,26.4
,"Shasta County, CA","06089","2019","2019","Unintentional","1","Unspecified Injury","GRINJ-020",11,180080,6.1,3.0,10.9
,"Shasta County, CA","06089","2019","2019","Suicide","2","Firearm","GRINJ-006",23,180080,12.8,8.1,19.2
,"Shasta County, CA","06089","2019","2019","Suicide","2","Suffocation","GRINJ-017",17,180080,9.4,5.5,15.1
,"Siskiyou County, CA","06093","2019","2019","Unintentional","1","Motor Vehicle Traffic","GRINJ-008",13,43539,29.9,15.9,51.1
,"Siskiyou County, CA","06093","2019","2019","Suicide","2","Firearm","GRINJ-006",10,43539,23.0,11.0,42.2
,"Solano County, CA","06095","2019","2019","Unintentional","1","Fall","GRINJ-003",27,447643,6.0,4.0,8.8
,"Solano County, CA","06095","2019","2019","Unintentional","1","Motor Vehicle Traffic","GRINJ-008",50,447643,11.2,8.3,14.7
,"Solano County, CA","06095","2019","2019","Unintentional","1","Poisoning","GRINJ-015",73,447643,16.3,12.8,20.5
,"Solano County, CA","06095","2019","2019","Suicide","2","Firearm","GRINJ-006",21,447643,4.7,2.9,7.2
,"Solano County, CA","06095","2019","2019","Suicide","2","Suffocation","GRINJ-017",28,447643,6.3,4.2,9.0
,"Solano County, CA","06095","2019","2019","Homicide","3","Firearm","GRINJ-006",25,447643,5.6,3.6,8.2
,"Sonoma County, CA","06097","2019","2019","Unintentional","1","Fall","GRINJ-003",46,494336,9.3,6.8,12.4
,"Sonoma County, CA","06097","2019","2019","Unintentional","1","Motor Vehicle Traffic","GRINJ-008",44,494336,8.9,6.5,11.9
,"Sonoma County, CA","06097","2019","2019","Unintentional","1","Poisoning","GRINJ-015",92,494336,18.6,15.0,22.8
,"Sonoma County, CA","06097","2019","2019","Suicide","2","Firearm","GRINJ-006",32,494336,6.5,4.4,9.1
,"Sonoma County, CA","06097","2019","2019","Suicide","2","Poisoning","GRINJ-015",17,494336,3.4,2.0,5.5
,"Sonoma County, CA","06097","2019","2019","Suicide","2","Suffocation","GRINJ-017",24,494336,4.9,3.1,7.2
,"Stanislaus County, CA","06099","2019","2019","Unintentional","1","Fall","GRINJ-003",36,550660,6.5,4.6,9.1
,"Stanislaus County, CA","06099","2019","2019","Unintentional","1","Motor Vehicle Traffic","GRINJ-008",80,550660,14.5,11.5,18.1
,"Stanislaus County, CA","06099","2019","2019","Unintentional","1","Poisoning","GRINJ-015",76,550660,13.8,10.9,17.3
,"Stanislaus County, CA","06099","2019","2019","Suicide","2","Firearm","GRINJ-006",24,550660,4.4,2.8,6.5
,"Stanislaus County, CA","06099","2019","2019","Suicide","2","Poisoning","GRINJ-015",10,550660,1.8,0.9,3.3
,"Stanislaus County, CA","06099","2019","2019","Suicide","2","Suffocation","GRINJ-017",28,550660,5.1,3.4,7.3
,"Sutter County, CA","06101","2019","2019","Unintentional","1","Motor Vehicle Traffic","GRINJ-008",23,96971,23.7,15.0,35.6
,"Tehama County, CA","06103","2019","2019","Unintentional","1","Motor Vehicle Traffic","GRINJ-008",17,65084,26.1,15.2,41.8
,"Tulare County, CA","06107","2019","2019","Unintentional","1","Fall","GRINJ-003",24,466195,5.1,3.3,7.7
,"Tulare County, CA","06107","2019","2019","Unintentional","1","Motor Vehicle Traffic","GRINJ-008",75,466195,16.1,12.7,20.2
,"Tulare County, CA","06107","2019","2019","Unintentional","1","Poisoning","GRINJ-015",42,466195,9.0,6.5,12.2
,"Tulare County, CA","06107","2019","2019","Unintentional","1","Suffocation","GRINJ-017",10,466195,2.1,1.0,3.9
,"Tulare County, CA","06107","2019","2019","Suicide","2","Firearm","GRINJ-006",12,466195,2.6,1.3,4.5
,"Tulare County, CA","06107","2019","2019","Suicide","2","Suffocation","GRINJ-017",13,466195,2.8,1.5,4.8
,"Tulare County, CA","06107","2019","2019","Homicide","3","Firearm","GRINJ-006",18,466195,3.9,2.3,6.1
,"Tuolumne County, CA","06109","2019","2019","Unintentional","1","Poisoning","GRINJ-015",14,54478,25.7,14.0,43.1
,"Ventura County, CA","06111","2019","2019","Unintentional","1","Fall","GRINJ-003",81,846006,9.6,7.6,11.9
,"Ventura County, CA","06111","2019","2019","Unintentional","1","Motor Vehicle Traffic","GRINJ-008",72,846006,8.5,6.7,10.7
,"Ventura County, CA","06111","2019","2019","Unintentional","1","Poisoning","GRINJ-015",125,846006,14.8,12.2,17.4
,"Ventura County, CA","06111","2019","2019","Unintentional","1","Suffocation","GRINJ-017",12,846006,1.4,0.7,2.5
,"Ventura County, CA","06111","2019","2019","Suicide","2","Firearm","GRINJ-006",39,846006,4.6,3.3,6.3
,"Ventura County, CA","06111","2019","2019","Suicide","2","Poisoning","GRINJ-015",21,846006,2.5,1.5,3.8
,"Ventura County, CA","06111","2019","2019","Suicide","2","Suffocation","GRINJ-017",26,846006,3.1,2.0,4.5
,"Ventura County, CA","06111","2019","2019","Homicide","3","Firearm","GRINJ-006",16,846006,1.9,1.1,3.1
,"Yolo County, CA","06113","2019","2019","Unintentional","1","Fall","GRINJ-003",10,220500,4.5,2.2,8.3
,"Yolo County, CA","06113","2019","2019","Unintentional","1","Motor Vehicle Traffic","GRINJ-008",23,220500,10.4,6.6,15.7
,"Yolo County, CA","06113","2019","2019","Unintentional","1","Poisoning","GRINJ-015",24,220500,10.9,7.0,16.2
,"Yolo County, CA","06113","2019","2019","Suicide","2","Firearm","GRINJ-006",10,220500,4.5,2.2,8.3
,"Yuba County, CA","06115","2019","2019","Unintentional","1","Motor Vehicle Traffic","GRINJ-008",15,78668,19.1,10.7,31.4
,"Adams County, CO","08001","2019","2019","Unintentional","1","Fall","GRINJ-003",81,517421,15.7,12.4,19.5
,"Adams County, CO","08001","2019","2019","Unintentional","1","Motor Vehicle Traffic","GRINJ-008",61,517421,11.8,9.0,15.1
,"Adams County, CO","08001","2019","2019","Unintentional","1","Poisoning","GRINJ-015",82,517421,15.8,12.6,19.7
,"Adams County, CO","08001","2019","2019","Suicide","2","Firearm","GRINJ-006",43,517421,8.3,6.0,11.2
,"Adams County, CO","08001","2019","2019","Suicide","2","Poisoning","GRINJ-015",16,517421,3.1,1.8,5.0
,"Adams County, CO","08001","2019","2019","Suicide","2","Suffocation","GRINJ-017",36,517421,7.0,4.9,9.6
,"Adams County, CO","08001","2019","2019","Homicide","3","Firearm","GRINJ-006",18,517421,3.5,2.1,5.5
,"Arapahoe County, CO","08005","2019","2019","Unintentional","1","Fall","GRINJ-003",105,656590,16.0,12.9,19.1
,"Arapahoe County, CO","08005","2019","2019","Unintentional","1","Motor Vehicle Traffic","GRINJ-008",42,656590,6.4,4.6,8.6
,"Arapahoe County, CO","08005","2019","2019","Unintentional","1","Poisoning","GRINJ-015",95,656590,14.5,11.7,17.7
,"Arapahoe County, CO","08005","2019","2019","Unintentional","1","Suffocation","GRINJ-017",28,656590,4.3,2.8,6.2
,"Arapahoe County, CO","08005","2019","2019","Unintentional","1","Unspecified Injury","GRINJ-020",23,656590,3.5,2.2,5.3
,"Arapahoe County, CO","08005","2019","2019","Suicide","2","Firearm","GRINJ-006",60,656590,9.1,7.0,11.8
,"Arapahoe County, CO","08005","2019","2019","Suicide","2","Poisoning","GRINJ-015",22,656590,3.4,2.1,5.1
,"Arapahoe County, CO","08005","2019","2019","Suicide","2","Suffocation","GRINJ-017",34,656590,5.2,3.6,7.2
,"Arapahoe County, CO","08005","2019","2019","Homicide","3","Firearm","GRINJ-006",22,656590,3.4,2.1,5.1
,"Boulder County, CO","08013","2019","2019","Unintentional","1","Fall","GRINJ-003",44,326196,13.5,9.8,18.1
,"Boulder County, CO","08013","2019","2019","Unintentional","1","Motor Vehicle Traffic","GRINJ-008",29,326196,8.9,6.0,12.8
,"Boulder County, CO","08013","2019","2019","Unintentional","1","Poisoning","GRINJ-015",39,326196,12.0,8.5,16.3
,"Boulder County, CO","08013","2019","2019","Suicide","2","Firearm","GRINJ-006",22,326196,6.7,4.2,10.2
,"Boulder County, CO","08013","2019","2019","Suicide","2","Poisoning","GRINJ-015",10,326196,3.1,1.5,5.6
,"Boulder County, CO","08013","2019","2019","Suicide","2","Suffocation","GRINJ-017",16,326196,4.9,2.8,8.0
,"Broomfield County, CO","08014","2019","2019","Unintentional","1","Fall","GRINJ-003",13,70465,18.4,9.8,31.5
,"Delta County, CO","08029","2019","2019","Unintentional","1","Poisoning","GRINJ-015",10,31162,32.1,15.4,59.0
,"Denver County, CO","08031","2019","2019","Unintentional","1","Fall","GRINJ-003",117,727211,16.1,13.2,19.0
,"Denver County, CO","08031","2019","2019","Unintentional","1","Motor Vehicle Traffic","GRINJ-008",74,727211,10.2,8.0,12.8
,"Denver County, CO","08031","2019","2019","Unintentional","1","Poisoning","GRINJ-015",150,727211,20.6,17.3,23.9
,"Denver County, CO","08031","2019","2019","Unintentional","1","Suffocation","GRINJ-017",15,727211,2.1,1.2,3.4
,"Denver County, CO","08031","2019","2019","Unintentional","1","Unspecified Injury","GRINJ-020",19,727211,2.6,1.6,4.1
,"Denver County, CO","08031","2019","2019","Suicide","2","Fall","GRINJ-003",12,727211,1.7,0.9,2.9
,"Denver County, CO","08031","2019","2019","Suicide","2","Firearm","GRINJ-006",47,727211,6.5,4.7,8.6
,"Denver County, CO","08031","2019","2019","Suicide","2","Poisoning","GRINJ-015",33,727211,4.5,3.1,6.4
,"Denver County, CO","08031","2019","2019","Suicide","2","Suffocation","GRINJ-017",60,727211,8.3,6.3,10.6
,"Denver County, CO","08031","2019","2019","Homicide","3","Firearm","GRINJ-006",38,727211,5.2,3.7,7.2
,"Douglas County, CO","08035","2019","2019","Unintentional","1","Fall","GRINJ-003",61,351154,17.4,13.3,22.3
,"Douglas County, CO","08035","2019","2019","Unintentional","1","Motor Vehicle Traffic","GRINJ-008",21,351154,6.0,3.7,9.1
,"Douglas County, CO","08035","2019","2019","Unintentional","1","Poisoning","GRINJ-015",22,351154,6.3,3.9,9.5
,"Douglas County, CO","08035","2019","2019","Unintentional","1","Suffocation","GRINJ-017",10,351154,2.8,1.4,5.2
,"Douglas County, CO","08035","2019","2019","Suicide","2","Firearm","GRINJ-006",26,351154,7.4,4.8,10.8
,"Douglas County, CO","08035","2019","2019","Suicide","2","Poisoning","GRINJ-015",14,351154,4.0,2.2,6.7
,"Douglas County, CO","08035","2019","2019","Suicide","2","Suffocation","GRINJ-017",11,351154,3.1,1.6,5.6
,"El Paso County, CO","08041","2019","2019","Unintentional","1","Drowning","GRINJ-002",13,720403,1.8,1.0,3.1
,"El Paso County, CO","08041","2019","2019","Unintentional","1","Fall","GRINJ-003",85,720403,11.8,9.4,14.6
,"El Paso County, CO","08041","2019","2019","Unintentional","1","Motor Vehicle Traffic","GRINJ-008",87,720403,12.1,9.7,14.9
,"El Paso County, CO","08041","2019","2019","Unintentional","1","Natural/Environmental","GRINJ-013",13,720403,1.8,1.0,3.1
,"El Paso County, CO","08041","2019","2019","Unintentional","1","Poisoning","GRINJ-015",185,720403,25.7,22.0,29.4
,"El Paso County, CO","08041","2019","2019","Unintentional","1","Suffocation","GRINJ-017",10,720403,1.4,0.7,2.6
,"El Paso County, CO","08041","2019","2019","Suicide","2","Firearm","GRINJ-006",113,720403,15.7,12.8,18.6
,"El Paso County, CO","08041","2019","2019","Suicide","2","Poisoning","GRINJ-015",26,720403,3.6,2.4,5.3
,"El Paso County, CO","08041","2019","2019","Suicide","2","Suffocation","GRINJ-017",51,720403,7.1,5.3,9.3
,"El Paso County, CO","08041","2019","2019","Homicide","3","Firearm","GRINJ-006",29,720403,4.0,2.7,5.8
,"Fremont County, CO","08043","2019","2019","Suicide","2","Firearm","GRINJ-006",17,47839,35.5,20.7,56.9
,"Garfield County, CO","08045","2019","2019","Unintentional","1","Fall","GRINJ-003",11,60061,18.3,9.1,32.8
,"Garfield County, CO","08045","2019","2019","Unintentional","1","Poisoning","GRINJ-015",11,60061,18.3,9.1,32.8
,"Garfield County, CO","08045","2019","2019","Suicide","2","Firearm","GRINJ-006",11,60061,18.3,9.1,32.8
,"Jefferson County, CO","08059","2019","2019","Unintentional","1","Fall","GRINJ-003",141,582881,24.2,20.2,28.2
,"Jefferson County, CO","08059","2019","2019","Unintentional","1","Motor Vehicle Traffic","GRINJ-008",55,582881,9.4,7.1,12.3
,"Jefferson County, CO","08059","2019","2019","Unintentional","1","Poisoning","GRINJ-015",87,582881,14.9,12.0,18.4
,"Jefferson County, CO","08059","2019","2019","Unintentional","1","Suffocation","GRINJ-017",13,582881,2.2,1.2,3.8
,"Jefferson County, CO","08059","2019","2019","Suicide","2","Firearm","GRINJ-006",56,582881,9.6,7.3,12.5
,"Jefferson County, CO","08059","2019","2019","Suicide","2","Poisoning","GRINJ-015",17,582881,2.9,1.7,4.7
,"Jefferson County, CO","08059","2019","2019","Suicide","2","Suffocation","GRINJ-017",37,582881,6.3,4.5,8.7
,"Jefferson County, CO","08059","2019","2019","Homicide","3","Firearm","GRINJ-006",15,582881,2.6,1.4,4.2
,"Larimer County, CO","08069","2019","2019","Unintentional","1","Fall","GRINJ-003",34,356899,9.5,6.6,13.3
,"Larimer County, CO","08069","2019","2019","Unintentional","1","Motor Vehicle Traffic","GRINJ-008",32,356899,9.0,6.1,12.7
,"Larimer County, CO","08069","2019","2019","Unintentional","1","Poisoning","GRINJ-015",44,356899,12.3,9.0,16.6
,"Larimer County, CO","08069","2019","2019","Unintentional","1","Suffocation","GRINJ-017",10,356899,2.8,1.3,5.2
,"Larimer County, CO","08069","2019","2019","Unintentional","1","Unspecified Injury","GRINJ-020",12,356899,3.4,1.7,5.9
,"Larimer County, CO","08069","2019","2019","Suicide","2","Firearm","GRINJ-006",34,356899,9.5,6.6,13.3
,"Larimer County, CO","08069","2019","2019","Suicide","2","Poisoning","GRINJ-015",15,356899,4.2,2.4,6.9
,"Larimer County, CO","08069","2019","2019","Suicide","2","Suffocation","GRINJ-017",29,356899,8.1,5.4,11.7
,"Mesa County, CO","08077","2019","2019","Unintentional","1","Fall","GRINJ-003",37,154210,24.0,16.9,33.1
,"Mesa County, CO","08077","2019","2019","Unintentional","1","Motor Vehicle Traffic","GRINJ-008",25,154210,16.2,10.5,23.9
,"Mesa County, CO","08077","2019","2019","Unintentional","1","Poisoning","GRINJ-015",26,154210,16.9,11.0,24.7
,"Mesa County, CO","08077","2019","2019","Suicide","2","Firearm","GRINJ-006",25,154210,16.2,10.5,23.9
,"Mesa County, CO","08077","2019","2019","Suicide","2","Suffocation","GRINJ-017",12,154210,7.8,4.0,13.6
,"Montezuma County, CO","08083","2019","2019","Unintentional","1","Poisoning","GRINJ-015",12,26183,45.8,23.7,80.1
,"Montrose County, CO","08085","2019","2019","Unintentional","1","Fall","GRINJ-003",19,42758,44.4,26.8,69.4
,"Montrose County, CO","08085","2019","2019","Suicide","2","Firearm","GRINJ-006",12,42758,28.1,14.5,49.0
,"Park County, CO","08093","2019","2019","Suicide","2","Firearm","GRINJ-006",12,18845,63.7,32.9,111.2
,"Pueblo County, CO","08101","2019","2019","Unintentional","1","Fall","GRINJ-003",21,168424,12.5,7.7,19.1
,"Pueblo County, CO","08101","2019","2019","Unintentional","1","Motor Vehicle Traffic","GRINJ-008",27,168424,16.0,10.6,23.3
,"Pueblo County, CO","08101","2019","2019","Unintentional","1","Poisoning","GRINJ-015",54,168424,32.1,24.1,41.8
,"Pueblo County, CO","08101","2019","2019","Unintentional","1","Unspecified Injury","GRINJ-020",10,168424,5.9,2.8,10.9
,"Pueblo County, CO","08101","2019","2019","Suicide","2","Firearm","GRINJ-006",25,168424,14.8,9.6,21.9
,"Pueblo County, CO","08101","2019","2019","Suicide","2","Poisoning","GRINJ-015",10,168424,5.9,2.8,10.9
,"Pueblo County, CO","08101","2019","2019","Suicide","2","Suffocation","GRINJ-017",11,168424,6.5,3.3,11.7
,"Pueblo County, CO","08101","2019","2019","Homicide","3","Firearm","GRINJ-006",11,168424,6.5,3.3,11.7
,"Weld County, CO","08123","2019","2019","Unintentional","1","Fall","GRINJ-003",36,324492,11.1,7.8,15.4
,"Weld County, CO","08123","2019","2019","Unintentional","1","Motor Vehicle Traffic","GRINJ-008",39,324492,12.0,8.5,16.4
,"Weld County, CO","08123","2019","2019","Unintentional","1","Poisoning","GRINJ-015",55,324492,16.9,12.8,22.1
,"Weld County, CO","08123","2019","2019","Unintentional","1","Suffocation","GRINJ-017",11,324492,3.4,1.7,6.1
,"Weld County, CO","08123","2019","2019","Suicide","2","Firearm","GRINJ-006",39,324492,12.0,8.5,16.4
,"Weld County, CO","08123","2019","2019","Suicide","2","Suffocation","GRINJ-017",20,324492,6.2,3.8,9.5
,"Fairfield County, CT","09001","2019","2019","Unintentional","1","Fall","GRINJ-003",104,943332,11.0,8.9,13.1
,"Fairfield County, CT","09001","2019","2019","Unintentional","1","Motor Vehicle Traffic","GRINJ-008",38,943332,4.0,2.9,5.5
,"Fairfield County, CT","09001","2019","2019","Unintentional","1","Poisoning","GRINJ-015",185,943332,19.6,16.8,22.4
,"Fairfield County, CT","09001","2019","2019","Unintentional","1","Suffocation","GRINJ-017",26,943332,2.8,1.8,4.0
,"Fairfield County, CT","09001","2019","2019","Unintentional","1","Unspecified Injury","GRINJ-020",13,943332,1.4,0.7,2.4
,"Fairfield County, CT","09001","2019","2019","Suicide","2","Firearm","GRINJ-006",21,943332,2.2,1.4,3.4
,"Fairfield County, CT","09001","2019","2019","Suicide","2","Poisoning","GRINJ-015",23,943332,2.4,1.5,3.7
,"Fairfield County, CT","09001","2019","2019","Suicide","2","Suffocation","GRINJ-017",30,943332,3.2,2.1,4.5
,"Fairfield County, CT","09001","2019","2019","Homicide","3","Firearm","GRINJ-006",16,943332,1.7,1.0,2.8
,"Hartford County, CT","09003","2019","2019","Unintentional","1","Fall","GRINJ-003",97,891720,10.9,8.8,13.3
,"Hartford County, CT","09003","2019","2019","Unintentional","1","Motor Vehicle Traffic","GRINJ-008",61,891720,6.8,5.2,8.8
,"Hartford County, CT","09003","2019","2019","Unintentional","1","Poisoning","GRINJ-015",333,891720,37.3,33.3,41.4
,"Hartford County, CT","09003","2019","2019","Unintentional","1","Suffocation","GRINJ-017",43,891720,4.8,3.5,6.5
,"Hartford County, CT","09003","2019","2019","Unintentional","1","Unspecified Injury","GRINJ-020",19,891720,2.1,1.3,3.3
,"Hartford County, CT","09003","2019","2019","Suicide","2","Firearm","GRINJ-006",23,891720,2.6,1.6,3.9
,"Hartford County, CT","09003","2019","2019","Suicide","2","Poisoning","GRINJ-015",23,891720,2.6,1.6,3.9
,"Hartford County, CT","09003","2019","2019","Suicide","2","Suffocation","GRINJ-017",52,891720,5.8,4.4,7.6
,"Hartford County, CT","09003","2019","2019","Homicide","3","Firearm","GRINJ-006",22,891720,2.5,1.5,3.7
,"Litchfield County, CT","09005","2019","2019","Unintentional","1","Fall","GRINJ-003",21,180333,11.6,7.2,17.8
,"Litchfield County, CT","09005","2019","2019","Unintentional","1","Motor Vehicle Traffic","GRINJ-008",23,180333,12.8,8.1,19.1
,"Litchfield County, CT","09005","2019","2019","Unintentional","1","Poisoning","GRINJ-015",76,180333,42.1,33.2,52.7
,"Middlesex County, CT","09007","2019","2019","Unintentional","1","Fall","GRINJ-003",29,162436,17.9,12.0,25.6
,"Middlesex County, CT","09007","2019","2019","Unintentional","1","Motor Vehicle Traffic","GRINJ-008",12,162436,7.4,3.8,12.9
,"Middlesex County, CT","09007","2019","2019","Unintentional","1","Poisoning","GRINJ-015",44,162436,27.1,19.7,36.4
,"Middlesex County, CT","09007","2019","2019","Suicide","2","Firearm","GRINJ-006",11,162436,6.8,3.4,12.1
,"New Haven County, CT","09009","2019","2019","Unintentional","1","Fall","GRINJ-003",126,854757,14.7,12.2,17.3
,"New Haven County, CT","09009","2019","2019","Unintentional","1","Motor Vehicle Traffic","GRINJ-008",63,854757,7.4,5.7,9.4
,"New Haven County, CT","09009","2019","2019","Unintentional","1","Poisoning","GRINJ-015",343,854757,40.1,35.9,44.4
,"New Haven County, CT","09009","2019","2019","Unintentional","1","Suffocation","GRINJ-017",38,854757,4.4,3.1,6.1
,"New Haven County, CT","09009","2019","2019","Unintentional","1","Unspecified Injury","GRINJ-020",18,854757,2.1,1.2,3.3
,"New Haven County, CT","09009","2019","2019","Suicide","2","Firearm","GRINJ-006",23,854757,2.7,1.7,4.0
,"New Haven County, CT","09009","2019","2019","Suicide","2","Poisoning","GRINJ-015",22,854757,2.6,1.6,3.9
,"New Haven County, CT","09009","2019","2019","Suicide","2","Suffocation","GRINJ-017",35,854757,4.1,2.9,5.7
,"New Haven County, CT","09009","2019","2019","Homicide","3","Firearm","GRINJ-006",20,854757,2.3,1.4,3.6
,"New London County, CT","09011","2019","2019","Unintentional","1","Fall","GRINJ-003",34,265206,12.8,8.9,17.9
,"New London County, CT","09011","2019","2019","Unintentional","1","Motor Vehicle Traffic","GRINJ-008",31,265206,11.7,7.9,16.6
,"New London County, CT","09011","2019","2019","Unintentional","1","Poisoning","GRINJ-015",113,265206,42.6,34.8,50.5
,"New London County, CT","09011","2019","2019","Suicide","2","Firearm","GRINJ-006",16,265206,6.0,3.4,9.8
,"New London County, CT","09011","2019","2019","Suicide","2","Suffocation","GRINJ-017",14,265206,5.3,2.9,8.9
,"Tolland County, CT","09013","2019","2019","Unintentional","1","Fall","GRINJ-003",17,150721,11.3,6.6,18.1
,"Tolland County, CT","09013","2019","2019","Unintentional","1","Motor Vehicle Traffic","GRINJ-008",11,150721,7.3,3.6,13.1
,"Tolland County, CT","09013","2019","2019","Unintentional","1","Poisoning","GRINJ-015",35,150721,23.2,16.2,32.3
,"Tolland County, CT","09013","2019","2019","Suicide","2","Suffocation","GRINJ-017",11,150721,7.3,3.6,13.1
,"Windham County, CT","09015","2019","2019","Unintentional","1","Fall","GRINJ-003",13,116782,11.1,5.9,19.0
,"Windham County, CT","09015","2019","2019","Unintentional","1","Motor Vehicle Traffic","GRINJ-008",16,116782,13.7,7.8,22.2
,"Windham County, CT","09015","2019","2019","Unintentional","1","Poisoning","GRINJ-015",55,116782,47.1,35.5,61.3
,"Windham County, CT","09015","2019","2019","Suicide","2","Firearm","GRINJ-006",10,116782,8.6,4.1,15.7
,"Kent County, DE","10001","2019","2019","Unintentional","1","Fall","GRINJ-003",12,180786,6.6,3.4,11.6
,"Kent County, DE","10001","2019","2019","Unintentional","1","Motor Vehicle Traffic","GRINJ-008",32,180786,17.7,12.1,25.0
,"Kent County, DE","10001","2019","2019","Unintentional","1","Poisoning","GRINJ-015",62,180786,34.3,26.3,44.0
,"Kent County, DE","10001","2019","2019","Suicide","2","Firearm","GRINJ-006",11,180786,6.1,3.0,10.9
,"New Castle County, DE","10003","2019","2019","Unintentional","1","Fall","GRINJ-003",63,558753,11.3,8.7,14.4
,"New Castle County, DE","10003","2019","2019","Unintentional","1","Motor Vehicle Traffic","GRINJ-008",56,558753,10.0,7.6,13.0
,"New Castle County, DE","10003","2019","2019","Unintentional","1","Poisoning","GRINJ-015",256,558753,45.8,40.2,51.4
,"New Castle County, DE","10003","2019","2019","Unintentional","1","Suffocation","GRINJ-017",13,558753,2.3,1.2,4.0
,"New Castle County, DE","10003","2019","2019","Unintentional","1","Unspecified Injury","GRINJ-020",12,558753,2.1,1.1,3.8
,"New Castle County, DE","10003","2019","2019","Suicide","2","Firearm","GRINJ-006",21,558753,3.8,2.3,5.7
,"New Castle County, DE","10003","2019","2019","Suicide","2","Suffocation","GRINJ-017",24,558753,4.3,2.8,6.4
,"New Castle County, DE","10003","2019","2019","Homicide","3","Firearm","GRINJ-006",36,558753,6.4,4.5,8.9
,"Sussex County, DE","10005","2019","2019","Unintentional","1","Fall","GRINJ-003",21,234225,9.0,5.5,13.7
,"Sussex County, DE","10005","2019","2019","Unintentional","1","Motor Vehicle Traffic","GRINJ-008",43,234225,18.4,13.3,24.7
,"Sussex County, DE","10005","2019","2019","Unintentional","1","Poisoning","GRINJ-015",102,234225,43.5,35.1,52.0
,"Sussex County, DE","10005","2019","2019","Suicide","2","Firearm","GRINJ-006",13,234225,5.6,3.0,9.5
,"District of Columbia, DC","11001","2019","2019","Unintentional","1","Fall","GRINJ-003",50,705749,7.1,5.3,9.3
,"District of Columbia, DC","11001","2019","2019","Unintentional","1","Motor Vehicle Traffic","GRINJ-008",44,705749,6.2,4.5,8.4
,"District of Columbia, DC","11001","2019","2019","Unintentional","1","Poisoning","GRINJ-015",299,705749,42.4,37.6,47.2
,"District of Columbia, DC","11001","2019","2019","Unintentional","1","Suffocation","GRINJ-017",16,705749,2.3,1.3,3.7
,"District of Columbia, DC","11001","2019","2019","Suicide","2","Firearm","GRINJ-006",12,705749,1.7,0.9,3.0
,"District of Columbia, DC","11001","2019","2019","Suicide","2","Suffocation","GRINJ-017",15,705749,2.1,1.2,3.5
,"District of Columbia, DC","11001","2019","2019","Homicide","3","Cut/Pierce","GRINJ-001",13,705749,1.8,1.0,3.1
,"District of Columbia, DC","11001","2019","2019","Homicide","3","Firearm","GRINJ-006",128,705749,18.1,15.0,21.3
,"District of Columbia, DC","11001","2019","2019","Undetermined ","4","Poisoning","GRINJ-015",19,705749,2.7,1.6,4.2
,"Alachua County, FL","12001","2019","2019","Unintentional","1","Fall","GRINJ-003",52,269043,19.3,14.4,25.3
,"Alachua County, FL","12001","2019","2019","Unintentional","1","Motor Vehicle Traffic","GRINJ-008",38,269043,14.1,10.0,19.4
,"Alachua County, FL","12001","2019","2019","Unintentional","1","Poisoning","GRINJ-015",28,269043,10.4,6.9,15.0
,"Alachua County, FL","12001","2019","2019","Suicide","2","Firearm","GRINJ-006",13,269043,4.8,2.6,8.3
,"Alachua County, FL","12001","2019","2019","Suicide","2","Suffocation","GRINJ-017",12,269043,4.5,2.3,7.8
,"Bay County, FL","12005","2019","2019","Unintentional","1","Fall","GRINJ-003",17,174705,9.7,5.7,15.6
,"Bay County, FL","12005","2019","2019","Unintentional","1","Motor Vehicle Traffic","GRINJ-008",34,174705,19.5,13.5,27.2
,"Bay County, FL","12005","2019","2019","Unintentional","1","Poisoning","GRINJ-015",58,174705,33.2,25.2,42.9
,"Bay County, FL","12005","2019","2019","Suicide","2","Firearm","GRINJ-006",23,174705,13.2,8.3,19.8
,"Bradford County, FL","12007","2019","2019","Unintentional","1","Motor Vehicle Traffic","GRINJ-008",12,28201,42.6,22.0,74.3
,"Brevard County, FL","12009","2019","2019","Unintentional","1","Drowning","GRINJ-002",13,601942,2.2,1.1,3.7
,"Brevard County, FL","12009","2019","2019","Unintentional","1","Fall","GRINJ-003",92,601942,15.3,12.3,18.7
,"Brevard County, FL","12009","2019","2019","Unintentional","1","Motor Vehicle Traffic","GRINJ-008",91,601942,15.1,12.2,18.6
,"Brevard County, FL","12009","2019","2019","Unintentional","1","Poisoning","GRINJ-015",301,601942,50.0,44.4,55.7
,"Brevard County, FL","12009","2019","2019","Unintentional","1","Suffocation","GRINJ-017",10,601942,1.7,0.8,3.1
,"Brevard County, FL","12009","2019","2019","Unintentional","1","Unspecified Injury","GRINJ-020",10,601942,1.7,0.8,3.1
,"Brevard County, FL","12009","2019","2019","Suicide","2","Firearm","GRINJ-006",67,601942,11.1,8.6,14.1
,"Brevard County, FL","12009","2019","2019","Suicide","2","Poisoning","GRINJ-015",25,601942,4.2,2.7,6.1
,"Brevard County, FL","12009","2019","2019","Suicide","2","Suffocation","GRINJ-017",31,601942,5.1,3.5,7.3
,"Brevard County, FL","12009","2019","2019","Homicide","3","Firearm","GRINJ-006",29,601942,4.8,3.2,6.9
,"Broward County, FL","12011","2019","2019","Unintentional","1","Drowning","GRINJ-002",41,1952778,2.1,1.5,2.8
,"Broward County, FL","12011","2019","2019","Unintentional","1","Fall","GRINJ-003",113,1952778,5.8,4.7,6.9
,"Broward County, FL","12011","2019","2019","Unintentional","1","Motor Vehicle Traffic","GRINJ-008",240,1952778,12.3,10.7,13.8
,"Broward County, FL","12011","2019","2019","Unintentional","1","Other Pedestrian","GRINJ-010",10,1952778,0.5,0.2,0.9
,"Broward County, FL","12011","2019","2019","Unintentional","1","Poisoning","GRINJ-015",490,1952778,25.1,22.9,27.3
,"Broward County, FL","12011","2019","2019","Unintentional","1","Suffocation","GRINJ-017",23,1952778,1.2,0.7,1.8
,"Broward County, FL","12011","2019","2019","Unintentional","1","Unspecified Injury","GRINJ-020",51,1952778,2.6,1.9,3.4
,"Broward County, FL","12011","2019","2019","Suicide","2","Fall","GRINJ-003",10,1952778,0.5,0.2,0.9
,"Broward County, FL","12011","2019","2019","Suicide","2","Firearm","GRINJ-006",114,1952778,5.8,4.8,6.9
,"Broward County, FL","12011","2019","2019","Suicide","2","Poisoning","GRINJ-015",33,1952778,1.7,1.2,2.4
,"Broward County, FL","12011","2019","2019","Suicide","2","Suffocation","GRINJ-017",61,1952778,3.1,2.4,4.0
,"Broward County, FL","12011","2019","2019","Homicide","3","Cut/Pierce","GRINJ-001",15,1952778,0.8,0.4,1.3
,"Broward County, FL","12011","2019","2019","Homicide","3","Firearm","GRINJ-006",104,1952778,5.3,4.3,6.3
,"Charlotte County, FL","12015","2019","2019","Unintentional","1","Drowning","GRINJ-002",10,188910,5.3,2.5,9.7
,"Charlotte County, FL","12015","2019","2019","Unintentional","1","Fall","GRINJ-003",20,188910,10.6,6.5,16.4
,"Charlotte County, FL","12015","2019","2019","Unintentional","1","Motor Vehicle Traffic","GRINJ-008",30,188910,15.9,10.7,22.7
,"Charlotte County, FL","12015","2019","2019","Unintentional","1","Poisoning","GRINJ-015",17,188910,9.0,5.2,14.4
,"Charlotte County, FL","12015","2019","2019","Suicide","2","Firearm","GRINJ-006",31,188910,16.4,11.1,23.3
,"Charlotte County, FL","12015","2019","2019","Suicide","2","Suffocation","GRINJ-017",11,188910,5.8,2.9,10.4
,"Citrus County, FL","12017","2019","2019","Unintentional","1","Fall","GRINJ-003",45,149657,30.1,21.9,40.2
,"Citrus County, FL","12017","2019","2019","Unintentional","1","Motor Vehicle Traffic","GRINJ-008",24,149657,16.0,10.3,23.9
,"Citrus County, FL","12017","2019","2019","Unintentional","1","Poisoning","GRINJ-015",48,149657,32.1,23.6,42.5
,"Citrus County, FL","12017","2019","2019","Suicide","2","Firearm","GRINJ-006",37,149657,24.7,17.4,34.1
,"Clay County, FL","12019","2019","2019","Unintentional","1","Fall","GRINJ-003",27,219252,12.3,8.1,17.9
,"Clay County, FL","12019","2019","2019","Unintentional","1","Motor Vehicle Traffic","GRINJ-008",37,219252,16.9,11.9,23.3
,"Clay County, FL","12019","2019","2019","Unintentional","1","Poisoning","GRINJ-015",57,219252,26.0,19.7,33.7
,"Clay County, FL","12019","2019","2019","Suicide","2","Firearm","GRINJ-006",27,219252,12.3,8.1,17.9
,"Collier County, FL","12021","2019","2019","Unintentional","1","Drowning","GRINJ-002",10,384902,2.6,1.2,4.8
,"Collier County, FL","12021","2019","2019","Unintentional","1","Fall","GRINJ-003",108,384902,28.1,22.8,33.4
,"Collier County, FL","12021","2019","2019","Unintentional","1","Motor Vehicle Traffic","GRINJ-008",49,384902,12.7,9.4,16.8
,"Collier County, FL","12021","2019","2019","Unintentional","1","Poisoning","GRINJ-015",78,384902,20.3,16.0,25.3
,"Collier County, FL","12021","2019","2019","Suicide","2","Firearm","GRINJ-006",22,384902,5.7,3.6,8.7
,"Collier County, FL","12021","2019","2019","Suicide","2","Suffocation","GRINJ-017",14,384902,3.6,2.0,6.1
,"Columbia County, FL","12023","2019","2019","Unintentional","1","Fall","GRINJ-003",19,71686,26.5,16.0,41.4
,"Columbia County, FL","12023","2019","2019","Unintentional","1","Motor Vehicle Traffic","GRINJ-008",19,71686,26.5,16.0,41.4
,"Columbia County, FL","12023","2019","2019","Unintentional","1","Poisoning","GRINJ-015",11,71686,15.3,7.7,27.5
,"Columbia County, FL","12023","2019","2019","Suicide","2","Firearm","GRINJ-006",14,71686,19.5,10.7,32.8
,"DeSoto County, FL","12027","2019","2019","Unintentional","1","Poisoning","GRINJ-015",10,38001,26.3,12.6,48.4
,"Duval County, FL","12031","2019","2019","Unintentional","1","Drowning","GRINJ-002",13,957755,1.4,0.7,2.3
,"Duval County, FL","12031","2019","2019","Unintentional","1","Fall","GRINJ-003",99,957755,10.3,8.4,12.6
,"Duval County, FL","12031","2019","2019","Unintentional","1","Motor Vehicle Traffic","GRINJ-008",156,957755,16.3,13.7,18.8
,"Duval County, FL","12031","2019","2019","Unintentional","1","Poisoning","GRINJ-015",383,957755,40.0,36.0,44.0
,"Duval County, FL","12031","2019","2019","Unintentional","1","Suffocation","GRINJ-017",25,957755,2.6,1.7,3.9
,"Duval County, FL","12031","2019","2019","Unintentional","1","Unspecified Injury","GRINJ-020",10,957755,1.0,0.5,1.9
,"Duval County, FL","12031","2019","2019","Suicide","2","Firearm","GRINJ-006",93,957755,9.7,7.8,11.9
,"Duval County, FL","12031","2019","2019","Suicide","2","Poisoning","GRINJ-015",22,957755,2.3,1.4,3.5
,"Duval County, FL","12031","2019","2019","Suicide","2","Suffocation","GRINJ-017",43,957755,4.5,3.2,6.0
,"Duval County, FL","12031","2019","2019","Homicide","3","Firearm","GRINJ-006",118,957755,12.3,10.1,14.5
,"Escambia County, FL","12033","2019","2019","Unintentional","1","Fall","GRINJ-003",30,318316,9.4,6.4,13.5
,"Escambia County, FL","12033","2019","2019","Unintentional","1","Motor Vehicle Traffic","GRINJ-008",77,318316,24.2,19.1,30.2
,"Escambia County, FL","12033","2019","2019","Unintentional","1","Poisoning","GRINJ-015",87,318316,27.3,21.9,33.7
,"Escambia County, FL","12033","2019","2019","Unintentional","1","Suffocation","GRINJ-017",16,318316,5.0,2.9,8.2
,"Escambia County, FL","12033","2019","2019","Suicide","2","Firearm","GRINJ-006",33,318316,10.4,7.1,14.6
,"Escambia County, FL","12033","2019","2019","Suicide","2","Suffocation","GRINJ-017",13,318316,4.1,2.2,7.0
,"Escambia County, FL","12033","2019","2019","Homicide","3","Firearm","GRINJ-006",20,318316,6.3,3.8,9.7
,"Flagler County, FL","12035","2019","2019","Unintentional","1","Fall","GRINJ-003",19,115081,16.5,9.9,25.8
,"Flagler County, FL","12035","2019","2019","Unintentional","1","Motor Vehicle Traffic","GRINJ-008",13,115081,11.3,6.0,19.3
,"Flagler County, FL","12035","2019","2019","Unintentional","1","Poisoning","GRINJ-015",29,115081,25.2,16.9,36.2
,"Flagler County, FL","12035","2019","2019","Suicide","2","Firearm","GRINJ-006",15,115081,13.0,7.3,21.5
,"Gadsden County, FL","12039","2019","2019","Unintentional","1","Motor Vehicle Traffic","GRINJ-008",10,45660,21.9,10.5,40.3
,"Gadsden County, FL","12039","2019","2019","Suicide","2","Firearm","GRINJ-006",11,45660,24.1,12.0,43.1
,"Hendry County, FL","12051","2019","2019","Unintentional","1","Motor Vehicle Traffic","GRINJ-008",12,42022,28.6,14.8,49.9
,"Hernando County, FL","12053","2019","2019","Unintentional","1","Fall","GRINJ-003",73,193920,37.6,29.5,47.3
,"Hernando County, FL","12053","2019","2019","Unintentional","1","Motor Vehicle Traffic","GRINJ-008",31,193920,16.0,10.9,22.7
,"Hernando County, FL","12053","2019","2019","Unintentional","1","Poisoning","GRINJ-015",48,193920,24.8,18.3,32.8
,"Hernando County, FL","12053","2019","2019","Suicide","2","Firearm","GRINJ-006",26,193920,13.4,8.8,19.6
,"Hernando County, FL","12053","2019","2019","Suicide","2","Suffocation","GRINJ-017",10,193920,5.2,2.5,9.5
,"Highlands County, FL","12055","2019","2019","Unintentional","1","Fall","GRINJ-003",17,106221,16.0,9.3,25.6
,"Highlands County, FL","12055","2019","2019","Unintentional","1","Motor Vehicle Traffic","GRINJ-008",32,106221,30.1,20.6,42.5
,"Highlands County, FL","12055","2019","2019","Unintentional","1","Poisoning","GRINJ-015",20,106221,18.8,11.5,29.1
,"Highlands County, FL","12055","2019","2019","Suicide","2","Firearm","GRINJ-006",15,106221,14.1,7.9,23.3
,"Hillsborough County, FL","12057","2019","2019","Unintentional","1","Drowning","GRINJ-002",24,1471968,1.6,1.0,2.4
,"Hillsborough County, FL","12057","2019","2019","Unintentional","1","Fall","GRINJ-003",173,1471968,11.8,10.0,13.5
,"Hillsborough County, FL","12057","2019","2019","Unintentional","1","Motor Vehicle Traffic","GRINJ-008",197,1471968,13.4,11.5,15.3
,"Hillsborough County, FL","12057","2019","2019","Unintentional","1","Poisoning","GRINJ-015",263,1471968,17.9,15.7,20.0
,"Hillsborough County, FL","12057","2019","2019","Unintentional","1","Suffocation","GRINJ-017",25,1471968,1.7,1.1,2.5
,"Hillsborough County, FL","12057","2019","2019","Unintentional","1","Other specified, classifiable Injury","GRINJ-018",11,1471968,0.7,0.4,1.3
,"Hillsborough County, FL","12057","2019","2019","Unintentional","1","Other specified, not elsewhere classified Injury","GRINJ-019",14,1471968,1.0,0.5,1.6
,"Hillsborough County, FL","12057","2019","2019","Unintentional","1","Unspecified Injury","GRINJ-020",14,1471968,1.0,0.5,1.6
,"Hillsborough County, FL","12057","2019","2019","Suicide","2","Firearm","GRINJ-006",119,1471968,8.1,6.6,9.5
,"Hillsborough County, FL","12057","2019","2019","Suicide","2","Poisoning","GRINJ-015",30,1471968,2.0,1.4,2.9
,"Hillsborough County, FL","12057","2019","2019","Suicide","2","Suffocation","GRINJ-017",56,1471968,3.8,2.9,4.9
,"Hillsborough County, FL","12057","2019","2019","Homicide","3","Firearm","GRINJ-006",56,1471968,3.8,2.9,4.9
,"Indian River County, FL","12061","2019","2019","Unintentional","1","Fall","GRINJ-003",43,159923,26.9,19.5,36.2
,"Indian River County, FL","12061","2019","2019","Unintentional","1","Motor Vehicle Traffic","GRINJ-008",22,159923,13.8,8.6,20.8
,"Indian River County, FL","12061","2019","2019","Unintentional","1","Poisoning","GRINJ-015",26,159923,16.3,10.6,23.8
,"Indian River County, FL","12061","2019","2019","Suicide","2","Firearm","GRINJ-006",20,159923,12.5,7.6,19.3
,"Jackson County, FL","12063","2019","2019","Unintentional","1","Motor Vehicle Traffic","GRINJ-008",13,46414,28.0,14.9,47.9
,"Lake County, FL","12069","2019","2019","Unintentional","1","Fall","GRINJ-003",174,367118,47.4,40.4,54.4
,"Lake County, FL","12069","2019","2019","Unintentional","1","Motor Vehicle Traffic","GRINJ-008",70,367118,19.1,14.9,24.1
,"Lake County, FL","12069","2019","2019","Unintentional","1","Poisoning","GRINJ-015",88,367118,24.0,19.2,29.5
,"Lake County, FL","12069","2019","2019","Suicide","2","Firearm","GRINJ-006",44,367118,12.0,8.7,16.1
,"Lake County, FL","12069","2019","2019","Suicide","2","Poisoning","GRINJ-015",14,367118,3.8,2.1,6.4
,"Lake County, FL","12069","2019","2019","Suicide","2","Suffocation","GRINJ-017",18,367118,4.9,2.9,7.7
,"Lee County, FL","12071","2019","2019","Unintentional","1","Drowning","GRINJ-002",15,770577,1.9,1.1,3.2
,"Lee County, FL","12071","2019","2019","Unintentional","1","Fall","GRINJ-003",165,770577,21.4,18.1,24.7
,"Lee County, FL","12071","2019","2019","Unintentional","1","Motor Vehicle Traffic","GRINJ-008",109,770577,14.1,11.5,16.8
,"Lee County, FL","12071","2019","2019","Unintentional","1","Poisoning","GRINJ-015",201,770577,26.1,22.5,29.7
,"Lee County, FL","12071","2019","2019","Unintentional","1","Suffocation","GRINJ-017",16,770577,2.1,1.2,3.4
,"Lee County, FL","12071","2019","2019","Unintentional","1","Unspecified Injury","GRINJ-020",10,770577,1.3,0.6,2.4
,"Lee County, FL","12071","2019","2019","Suicide","2","Firearm","GRINJ-006",58,770577,7.5,5.7,9.7
,"Lee County, FL","12071","2019","2019","Suicide","2","Poisoning","GRINJ-015",21,770577,2.7,1.7,4.2
,"Lee County, FL","12071","2019","2019","Suicide","2","Suffocation","GRINJ-017",42,770577,5.5,3.9,7.4
,"Lee County, FL","12071","2019","2019","Homicide","3","Firearm","GRINJ-006",21,770577,2.7,1.7,4.2
,"Leon County, FL","12073","2019","2019","Unintentional","1","Fall","GRINJ-003",31,293582,10.6,7.2,15.0
,"Leon County, FL","12073","2019","2019","Unintentional","1","Motor Vehicle Traffic","GRINJ-008",28,293582,9.5,6.3,13.8
,"Leon County, FL","12073","2019","2019","Unintentional","1","Poisoning","GRINJ-015",25,293582,8.5,5.5,12.6
,"Leon County, FL","12073","2019","2019","Unintentional","1","Suffocation","GRINJ-017",10,293582,3.4,1.6,6.3
,"Leon County, FL","12073","2019","2019","Suicide","2","Firearm","GRINJ-006",21,293582,7.2,4.4,10.9
,"Leon County, FL","12073","2019","2019","Homicide","3","Firearm","GRINJ-006",16,293582,5.4,3.1,8.9
,"Levy County, FL","12075","2019","2019","Unintentional","1","Fall","GRINJ-003",13,41503,31.3,16.7,53.6
,"Levy County, FL","12075","2019","2019","Unintentional","1","Motor Vehicle Traffic","GRINJ-008",23,41503,55.4,35.1,83.2
,"Manatee County, FL","12081","2019","2019","Unintentional","1","Drowning","GRINJ-002",12,403253,3.0,1.5,5.2
,"Manatee County, FL","12081","2019","2019","Unintentional","1","Fall","GRINJ-003",63,403253,15.6,12.0,20.0
,"Manatee County, FL","12081","2019","2019","Unintentional","1","Motor Vehicle Traffic","GRINJ-008",51,403253,12.6,9.4,16.6
,"Manatee County, FL","12081","2019","2019","Unintentional","1","Poisoning","GRINJ-015",117,403253,29.0,23.8,34.3
,"Manatee County, FL","12081","2019","2019","Unintentional","1","Suffocation","GRINJ-017",14,403253,3.5,1.9,5.8
,"Manatee County, FL","12081","2019","2019","Suicide","2","Firearm","GRINJ-006",46,403253,11.4,8.4,15.2
,"Manatee County, FL","12081","2019","2019","Suicide","2","Suffocation","GRINJ-017",17,403253,4.2,2.5,6.7
,"Manatee County, FL","12081","2019","2019","Homicide","3","Firearm","GRINJ-006",17,403253,4.2,2.5,6.7
,"Marion County, FL","12083","2019","2019","Unintentional","1","Fall","GRINJ-003",195,365579,53.3,45.9,60.8
,"Marion County, FL","12083","2019","2019","Unintentional","1","Motor Vehicle Traffic","GRINJ-008",92,365579,25.2,20.3,30.9
,"Marion County, FL","12083","2019","2019","Unintentional","1","Poisoning","GRINJ-015",100,365579,27.4,22.0,32.7
,"Marion County, FL","12083","2019","2019","Unintentional","1","Suffocation","GRINJ-017",10,365579,2.7,1.3,5.0
,"Marion County, FL","12083","2019","2019","Suicide","2","Firearm","GRINJ-006",43,365579,11.8,8.5,15.8
,"Marion County, FL","12083","2019","2019","Suicide","2","Suffocation","GRINJ-017",21,365579,5.7,3.6,8.8
,"Marion County, FL","12083","2019","2019","Homicide","3","Firearm","GRINJ-006",28,365579,7.7,5.1,11.1
,"Martin County, FL","12085","2019","2019","Unintentional","1","Fall","GRINJ-003",38,161000,23.6,16.7,32.4
,"Martin County, FL","12085","2019","2019","Unintentional","1","Motor Vehicle Traffic","GRINJ-008",21,161000,13.0,8.1,19.9
,"Martin County, FL","12085","2019","2019","Unintentional","1","Poisoning","GRINJ-015",34,161000,21.1,14.6,29.5
,"Martin County, FL","12085","2019","2019","Suicide","2","Firearm","GRINJ-006",17,161000,10.6,6.2,16.9
,"Miami-Dade County, FL","12086","2019","2019","Unintentional","1","Drowning","GRINJ-002",22,2716940,0.8,0.5,1.2
,"Miami-Dade County, FL","12086","2019","2019","Unintentional","1","Fall","GRINJ-003",179,2716940,6.6,5.6,7.6
,"Miami-Dade County, FL","12086","2019","2019","Unintentional","1","Motor Vehicle Traffic","GRINJ-008",308,2716940,11.3,10.1,12.6
,"Miami-Dade County, FL","12086","2019","2019","Unintentional","1","Poisoning","GRINJ-015",289,2716940,10.6,9.4,11.9
,"Miami-Dade County, FL","12086","2019","2019","Unintentional","1","Suffocation","GRINJ-017",27,2716940,1.0,0.7,1.4
,"Miami-Dade County, FL","12086","2019","2019","Unintentional","1","Other specified, classifiable Injury","GRINJ-018",18,2716940,0.7,0.4,1.0
,"Miami-Dade County, FL","12086","2019","2019","Unintentional","1","Unspecified Injury","GRINJ-020",30,2716940,1.1,0.7,1.6
,"Miami-Dade County, FL","12086","2019","2019","Suicide","2","Fall","GRINJ-003",26,2716940,1.0,0.6,1.4
,"Miami-Dade County, FL","12086","2019","2019","Suicide","2","Firearm","GRINJ-006",114,2716940,4.2,3.4,5.0
,"Miami-Dade County, FL","12086","2019","2019","Suicide","2","Poisoning","GRINJ-015",34,2716940,1.3,0.9,1.7
,"Miami-Dade County, FL","12086","2019","2019","Suicide","2","Suffocation","GRINJ-017",79,2716940,2.9,2.3,3.6
,"Miami-Dade County, FL","12086","2019","2019","Homicide","3","Cut/Pierce","GRINJ-001",14,2716940,0.5,0.3,0.9
,"Miami-Dade County, FL","12086","2019","2019","Homicide","3","Firearm","GRINJ-006",172,2716940,6.3,5.4,7.3
,"Miami-Dade County, FL","12086","2019","2019","Homicide","3","Other specified, not elsewhere classified Injury","GRINJ-019",15,2716940,0.6,0.3,0.9
,"Monroe County, FL","12087","2019","2019","Unintentional","1","Motor Vehicle Traffic","GRINJ-008",15,74228,20.2,11.3,33.3
,"Monroe County, FL","12087","2019","2019","Unintentional","1","Poisoning","GRINJ-015",27,74228,36.4,24.0,52.9
,"Monroe County, FL","12087","2019","2019","Suicide","2","Firearm","GRINJ-006",11,74228,14.8,7.4,26.5
,"Nassau County, FL","12089","2019","2019","Unintentional","1","Motor Vehicle Traffic","GRINJ-008",15,88625,16.9,9.5,27.9
,"Nassau County, FL","12089","2019","2019","Unintentional","1","Poisoning","GRINJ-015",15,88625,16.9,9.5,27.9
,"Okaloosa County, FL","12091","2019","2019","Unintentional","1","Fall","GRINJ-003",13,210738,6.2,3.3,10.5
,"Okaloosa County, FL","12091","2019","2019","Unintentional","1","Motor Vehicle Traffic","GRINJ-008",32,210738,15.2,10.4,21.4
,"Okaloosa County, FL","12091","2019","2019","Unintentional","1","Poisoning","GRINJ-015",53,210738,25.1,18.8,32.9
,"Okaloosa County, FL","12091","2019","2019","Suicide","2","Firearm","GRINJ-006",23,210738,10.9,6.9,16.4
,"Okaloosa County, FL","12091","2019","2019","Homicide","3","Firearm","GRINJ-006",10,210738,4.7,2.3,8.7
,"Okeechobee County, FL","12093","2019","2019","Unintentional","1","Motor Vehicle Traffic","GRINJ-008",15,42168,35.6,19.9,58.7
,"Okeechobee County, FL","12093","2019","2019","Unintentional","1","Poisoning","GRINJ-015",11,42168,26.1,13.0,46.7
,"Orange County, FL","12095","2019","2019","Unintentional","1","Drowning","GRINJ-002",13,1393452,0.9,0.5,1.6
,"Orange County, FL","12095","2019","2019","Unintentional","1","Fall","GRINJ-003",147,1393452,10.5,8.8,12.3
,"Orange County, FL","12095","2019","2019","Unintentional","1","Motor Vehicle Traffic","GRINJ-008",155,1393452,11.1,9.4,12.9
,"Orange County, FL","12095","2019","2019","Unintentional","1","Poisoning","GRINJ-015",264,1393452,18.9,16.7,21.2
,"Orange County, FL","12095","2019","2019","Unintentional","1","Suffocation","GRINJ-017",12,1393452,0.9,0.4,1.5
,"Orange County, FL","12095","2019","2019","Suicide","2","Firearm","GRINJ-006",62,1393452,4.4,3.4,5.7
,"Orange County, FL","12095","2019","2019","Suicide","2","Poisoning","GRINJ-015",27,1393452,1.9,1.3,2.8
,"Orange County, FL","12095","2019","2019","Suicide","2","Suffocation","GRINJ-017",32,1393452,2.3,1.6,3.2
,"Orange County, FL","12095","2019","2019","Homicide","3","Cut/Pierce","GRINJ-001",14,1393452,1.0,0.5,1.7
,"Orange County, FL","12095","2019","2019","Homicide","3","Firearm","GRINJ-006",75,1393452,5.4,4.2,6.7
,"Osceola County, FL","12097","2019","2019","Unintentional","1","Fall","GRINJ-003",25,375751,6.7,4.3,9.8
,"Osceola County, FL","12097","2019","2019","Unintentional","1","Motor Vehicle Traffic","GRINJ-008",74,375751,19.7,15.5,24.7
,"Osceola County, FL","12097","2019","2019","Unintentional","1","Poisoning","GRINJ-015",69,375751,18.4,14.3,23.2
,"Osceola County, FL","12097","2019","2019","Suicide","2","Firearm","GRINJ-006",27,375751,7.2,4.7,10.5
,"Osceola County, FL","12097","2019","2019","Suicide","2","Suffocation","GRINJ-017",14,375751,3.7,2.0,6.3
,"Palm Beach County, FL","12099","2019","2019","Unintentional","1","Drowning","GRINJ-002",35,1496770,2.3,1.6,3.3
,"Palm Beach County, FL","12099","2019","2019","Unintentional","1","Fall","GRINJ-003",285,1496770,19.0,16.8,21.3
,"Palm Beach County, FL","12099","2019","2019","Unintentional","1","Motor Vehicle Traffic","GRINJ-008",197,1496770,13.2,11.3,15.0
,"Palm Beach County, FL","12099","2019","2019","Unintentional","1","Poisoning","GRINJ-015",426,1496770,28.5,25.8,31.2
,"Palm Beach County, FL","12099","2019","2019","Unintentional","1","Suffocation","GRINJ-017",26,1496770,1.7,1.1,2.5
,"Palm Beach County, FL","12099","2019","2019","Unintentional","1","Unspecified Injury","GRINJ-020",14,1496770,0.9,0.5,1.6
,"Palm Beach County, FL","12099","2019","2019","Suicide","2","Fall","GRINJ-003",10,1496770,0.7,0.3,1.2
,"Palm Beach County, FL","12099","2019","2019","Suicide","2","Firearm","GRINJ-006",118,1496770,7.9,6.5,9.3
,"Palm Beach County, FL","12099","2019","2019","Suicide","2","Poisoning","GRINJ-015",48,1496770,3.2,2.4,4.3
,"Palm Beach County, FL","12099","2019","2019","Suicide","2","Suffocation","GRINJ-017",44,1496770,2.9,2.1,3.9
,"Palm Beach County, FL","12099","2019","2019","Homicide","3","Firearm","GRINJ-006",83,1496770,5.5,4.4,6.9
,"Pasco County, FL","12101","2019","2019","Unintentional","1","Drowning","GRINJ-002",11,553947,2.0,1.0,3.6
,"Pasco County, FL","12101","2019","2019","Unintentional","1","Fall","GRINJ-003",121,553947,21.8,18.0,25.7
,"Pasco County, FL","12101","2019","2019","Unintentional","1","Motor Vehicle Traffic","GRINJ-008",103,553947,18.6,15.0,22.2
,"Pasco County, FL","12101","2019","2019","Unintentional","1","Poisoning","GRINJ-015",186,553947,33.6,28.8,38.4
,"Pasco County, FL","12101","2019","2019","Unintentional","1","Suffocation","GRINJ-017",17,553947,3.1,1.8,4.9
,"Pasco County, FL","12101","2019","2019","Suicide","2","Firearm","GRINJ-006",62,553947,11.2,8.6,14.3
,"Pasco County, FL","12101","2019","2019","Suicide","2","Poisoning","GRINJ-015",13,553947,2.3,1.2,4.0
,"Pasco County, FL","12101","2019","2019","Suicide","2","Suffocation","GRINJ-017",37,553947,6.7,4.7,9.2
,"Pasco County, FL","12101","2019","2019","Homicide","3","Firearm","GRINJ-006",12,553947,2.2,1.1,3.8
,"Pinellas County, FL","12103","2019","2019","Unintentional","1","Drowning","GRINJ-002",21,974996,2.2,1.3,3.3
,"Pinellas County, FL","12103","2019","2019","Unintentional","1","Fall","GRINJ-003",263,974996,27.0,23.7,30.2
,"Pinellas County, FL","12103","2019","2019","Unintentional","1","Motor Vehicle Traffic","GRINJ-008",129,974996,13.2,10.9,15.5
,"Pinellas County, FL","12103","2019","2019","Unintentional","1","Poisoning","GRINJ-015",386,974996,39.6,35.6,43.5
,"Pinellas County, FL","12103","2019","2019","Unintentional","1","Suffocation","GRINJ-017",22,974996,2.3,1.4,3.4
,"Pinellas County, FL","12103","2019","2019","Unintentional","1","Unspecified Injury","GRINJ-020",14,974996,1.4,0.8,2.4
,"Pinellas County, FL","12103","2019","2019","Suicide","2","Fall","GRINJ-003",12,974996,1.2,0.6,2.1
,"Pinellas County, FL","12103","2019","2019","Suicide","2","Firearm","GRINJ-006",88,974996,9.0,7.2,11.1
,"Pinellas County, FL","12103","2019","2019","Suicide","2","Poisoning","GRINJ-015",33,974996,3.4,2.3,4.8
,"Pinellas County, FL","12103","2019","2019","Suicide","2","Suffocation","GRINJ-017",46,974996,4.7,3.5,6.3
,"Pinellas County, FL","12103","2019","2019","Homicide","3","Firearm","GRINJ-006",31,974996,3.2,2.2,4.5
,"Polk County, FL","12105","2019","2019","Unintentional","1","Drowning","GRINJ-002",14,724777,1.9,1.1,3.2
,"Polk County, FL","12105","2019","2019","Unintentional","1","Fall","GRINJ-003",99,724777,13.7,11.1,16.6
,"Polk County, FL","12105","2019","2019","Unintentional","1","Motor Vehicle Traffic","GRINJ-008",126,724777,17.4,14.3,20.4
,"Polk County, FL","12105","2019","2019","Unintentional","1","Poisoning","GRINJ-015",127,724777,17.5,14.5,20.6
,"Polk County, FL","12105","2019","2019","Unintentional","1","Suffocation","GRINJ-017",21,724777,2.9,1.8,4.4
,"Polk County, FL","12105","2019","2019","Unintentional","1","Unspecified Injury","GRINJ-020",18,724777,2.5,1.5,3.9
,"Polk County, FL","12105","2019","2019","Suicide","2","Firearm","GRINJ-006",73,724777,10.1,7.9,12.7
,"Polk County, FL","12105","2019","2019","Suicide","2","Poisoning","GRINJ-015",26,724777,3.6,2.3,5.3
,"Polk County, FL","12105","2019","2019","Suicide","2","Suffocation","GRINJ-017",28,724777,3.9,2.6,5.6
,"Polk County, FL","12105","2019","2019","Homicide","3","Firearm","GRINJ-006",32,724777,4.4,3.0,6.2
,"Putnam County, FL","12107","2019","2019","Unintentional","1","Fall","GRINJ-003",16,74521,21.5,12.3,34.9
,"Putnam County, FL","12107","2019","2019","Unintentional","1","Motor Vehicle Traffic","GRINJ-008",31,74521,41.6,28.3,59.0
,"Putnam County, FL","12107","2019","2019","Unintentional","1","Poisoning","GRINJ-015",14,74521,18.8,10.3,31.5
,"St. Johns County, FL","12109","2019","2019","Unintentional","1","Fall","GRINJ-003",39,264672,14.7,10.5,20.1
,"St. Johns County, FL","12109","2019","2019","Unintentional","1","Motor Vehicle Traffic","GRINJ-008",34,264672,12.8,8.9,18.0
,"St. Johns County, FL","12109","2019","2019","Unintentional","1","Poisoning","GRINJ-015",29,264672,11.0,7.3,15.7
,"St. Johns County, FL","12109","2019","2019","Suicide","2","Firearm","GRINJ-006",28,264672,10.6,7.0,15.3
,"St. Johns County, FL","12109","2019","2019","Suicide","2","Suffocation","GRINJ-017",17,264672,6.4,3.7,10.3
,"St. Lucie County, FL","12111","2019","2019","Unintentional","1","Fall","GRINJ-003",45,328297,13.7,10.0,18.3
,"St. Lucie County, FL","12111","2019","2019","Unintentional","1","Motor Vehicle Traffic","GRINJ-008",45,328297,13.7,10.0,18.3
,"St. Lucie County, FL","12111","2019","2019","Unintentional","1","Poisoning","GRINJ-015",69,328297,21.0,16.4,26.6
,"St. Lucie County, FL","12111","2019","2019","Suicide","2","Firearm","GRINJ-006",23,328297,7.0,4.4,10.5
,"St. Lucie County, FL","12111","2019","2019","Suicide","2","Suffocation","GRINJ-017",16,328297,4.9,2.8,7.9
,"St. Lucie County, FL","12111","2019","2019","Homicide","3","Firearm","GRINJ-006",19,328297,5.8,3.5,9.0
,"Santa Rosa County, FL","12113","2019","2019","Unintentional","1","Fall","GRINJ-003",15,184313,8.1,4.6,13.4
,"Santa Rosa County, FL","12113","2019","2019","Unintentional","1","Motor Vehicle Traffic","GRINJ-008",21,184313,11.4,7.1,17.4
,"Santa Rosa County, FL","12113","2019","2019","Unintentional","1","Poisoning","GRINJ-015",31,184313,16.8,11.4,23.9
,"Santa Rosa County, FL","12113","2019","2019","Suicide","2","Firearm","GRINJ-006",21,184313,11.4,7.1,17.4
,"Sarasota County, FL","12115","2019","2019","Unintentional","1","Drowning","GRINJ-002",12,433742,2.8,1.4,4.8
,"Sarasota County, FL","12115","2019","2019","Unintentional","1","Fall","GRINJ-003",90,433742,20.7,16.7,25.5
,"Sarasota County, FL","12115","2019","2019","Unintentional","1","Motor Vehicle Traffic","GRINJ-008",62,433742,14.3,11.0,18.3
,"Sarasota County, FL","12115","2019","2019","Unintentional","1","Poisoning","GRINJ-015",95,433742,21.9,17.7,26.8
,"Sarasota County, FL","12115","2019","2019","Unintentional","1","Suffocation","GRINJ-017",16,433742,3.7,2.1,6.0
,"Sarasota County, FL","12115","2019","2019","Suicide","2","Firearm","GRINJ-006",42,433742,9.7,7.0,13.1
,"Sarasota County, FL","12115","2019","2019","Suicide","2","Poisoning","GRINJ-015",16,433742,3.7,2.1,6.0
,"Sarasota County, FL","12115","2019","2019","Suicide","2","Suffocation","GRINJ-017",23,433742,5.3,3.4,8.0
,"Seminole County, FL","12117","2019","2019","Unintentional","1","Fall","GRINJ-003",104,471826,22.0,17.8,26.3
,"Seminole County, FL","12117","2019","2019","Unintentional","1","Motor Vehicle Traffic","GRINJ-008",54,471826,11.4,8.6,14.9
,"Seminole County, FL","12117","2019","2019","Unintentional","1","Poisoning","GRINJ-015",77,471826,16.3,12.9,20.4
,"Seminole County, FL","12117","2019","2019","Suicide","2","Firearm","GRINJ-006",35,471826,7.4,5.2,10.3
,"Seminole County, FL","12117","2019","2019","Suicide","2","Suffocation","GRINJ-017",12,471826,2.5,1.3,4.4
,"Seminole County, FL","12117","2019","2019","Homicide","3","Firearm","GRINJ-006",15,471826,3.2,1.8,5.2
,"Sumter County, FL","12119","2019","2019","Unintentional","1","Fall","GRINJ-003",98,132420,74.0,60.1,90.2
,"Sumter County, FL","12119","2019","2019","Unintentional","1","Motor Vehicle Traffic","GRINJ-008",20,132420,15.1,9.2,23.3
,"Sumter County, FL","12119","2019","2019","Unintentional","1","Poisoning","GRINJ-015",14,132420,10.6,5.8,17.7
,"Sumter County, FL","12119","2019","2019","Suicide","2","Firearm","GRINJ-006",22,132420,16.6,10.4,25.2
,"Suwannee County, FL","12121","2019","2019","Unintentional","1","Motor Vehicle Traffic","GRINJ-008",10,44417,22.5,10.8,41.4
,"Volusia County, FL","12127","2019","2019","Unintentional","1","Fall","GRINJ-003",116,553284,21.0,17.2,24.8
,"Volusia County, FL","12127","2019","2019","Unintentional","1","Motor Vehicle Traffic","GRINJ-008",118,553284,21.3,17.5,25.2
,"Volusia County, FL","12127","2019","2019","Unintentional","1","Poisoning","GRINJ-015",177,553284,32.0,27.3,36.7
,"Volusia County, FL","12127","2019","2019","Suicide","2","Firearm","GRINJ-006",66,553284,11.9,9.2,15.2
,"Volusia County, FL","12127","2019","2019","Suicide","2","Poisoning","GRINJ-015",17,553284,3.1,1.8,4.9
,"Volusia County, FL","12127","2019","2019","Suicide","2","Suffocation","GRINJ-017",34,553284,6.1,4.3,8.6
,"Volusia County, FL","12127","2019","2019","Homicide","3","Firearm","GRINJ-006",25,553284,4.5,2.9,6.7
,"Wakulla County, FL","12129","2019","2019","Unintentional","1","Motor Vehicle Traffic","GRINJ-008",11,33739,32.6,16.3,58.3
,"Walton County, FL","12131","2019","2019","Unintentional","1","Motor Vehicle Traffic","GRINJ-008",17,74071,23.0,13.4,36.7
,"Walton County, FL","12131","2019","2019","Unintentional","1","Poisoning","GRINJ-015",13,74071,17.6,9.3,30.0
,"Barrow County, GA","13013","2019","2019","Unintentional","1","Motor Vehicle Traffic","GRINJ-008",11,83240,13.2,6.6,23.6
,"Barrow County, GA","13013","2019","2019","Unintentional","1","Poisoning","GRINJ-015",14,83240,16.8,9.2,28.2
,"Barrow County, GA","13013","2019","2019","Suicide","2","Firearm","GRINJ-006",12,83240,14.4,7.4,25.2
,"Bartow County, GA","13015","2019","2019","Unintentional","1","Motor Vehicle Traffic","GRINJ-008",11,107738,10.2,5.1,18.3
,"Bartow County, GA","13015","2019","2019","Unintentional","1","Poisoning","GRINJ-015",19,107738,17.6,10.6,27.5
,"Bartow County, GA","13015","2019","2019","Suicide","2","Firearm","GRINJ-006",15,107738,13.9,7.8,23.0
,"Bibb County, GA","13021","2019","2019","Unintentional","1","Fall","GRINJ-003",18,153159,11.8,7.0,18.6
,"Bibb County, GA","13021","2019","2019","Unintentional","1","Motor Vehicle Traffic","GRINJ-008",37,153159,24.2,17.0,33.3
,"Bibb County, GA","13021","2019","2019","Unintentional","1","Poisoning","GRINJ-015",10,153159,6.5,3.1,12.0
,"Bibb County, GA","13021","2019","2019","Suicide","2","Firearm","GRINJ-006",13,153159,8.5,4.5,14.5
,"Bibb County, GA","13021","2019","2019","Homicide","3","Firearm","GRINJ-006",22,153159,14.4,9.0,21.7
,"Bryan County, GA","13029","2019","2019","Unintentional","1","Motor Vehicle Traffic","GRINJ-008",12,39627,30.3,15.6,52.9
,"Camden County, GA","13039","2019","2019","Unintentional","1","Motor Vehicle Traffic","GRINJ-008",10,54666,18.3,8.8,33.6
,"Carroll County, GA","13045","2019","2019","Unintentional","1","Fall","GRINJ-003",11,119992,9.2,4.6,16.4
,"Carroll County, GA","13045","2019","2019","Unintentional","1","Motor Vehicle Traffic","GRINJ-008",21,119992,17.5,10.8,26.8
,"Carroll County, GA","13045","2019","2019","Unintentional","1","Poisoning","GRINJ-015",32,119992,26.7,18.2,37.6
,"Carroll County, GA","13045","2019","2019","Suicide","2","Firearm","GRINJ-006",11,119992,9.2,4.6,16.4
,"Catoosa County, GA","13047","2019","2019","Unintentional","1","Poisoning","GRINJ-015",11,67580,16.3,8.1,29.1
,"Chatham County, GA","13051","2019","2019","Unintentional","1","Fall","GRINJ-003",24,289430,8.3,5.3,12.3
,"Chatham County, GA","13051","2019","2019","Unintentional","1","Motor Vehicle Traffic","GRINJ-008",30,289430,10.4,7.0,14.8
,"Chatham County, GA","13051","2019","2019","Unintentional","1","Poisoning","GRINJ-015",37,289430,12.8,9.0,17.6
,"Chatham County, GA","13051","2019","2019","Suicide","2","Firearm","GRINJ-006",34,289430,11.7,8.1,16.4
,"Chatham County, GA","13051","2019","2019","Suicide","2","Suffocation","GRINJ-017",24,289430,8.3,5.3,12.3
,"Chatham County, GA","13051","2019","2019","Homicide","3","Firearm","GRINJ-006",25,289430,8.6,5.6,12.8
,"Cherokee County, GA","13057","2019","2019","Unintentional","1","Fall","GRINJ-003",24,258773,9.3,5.9,13.8
,"Cherokee County, GA","13057","2019","2019","Unintentional","1","Motor Vehicle Traffic","GRINJ-008",21,258773,8.1,5.0,12.4
,"Cherokee County, GA","13057","2019","2019","Unintentional","1","Poisoning","GRINJ-015",34,258773,13.1,9.1,18.4
,"Cherokee County, GA","13057","2019","2019","Suicide","2","Firearm","GRINJ-006",22,258773,8.5,5.3,12.9
,"Cherokee County, GA","13057","2019","2019","Suicide","2","Suffocation","GRINJ-017",13,258773,5.0,2.7,8.6
,"Clarke County, GA","13059","2019","2019","Unintentional","1","Motor Vehicle Traffic","GRINJ-008",14,128331,10.9,6.0,18.3
,"Clarke County, GA","13059","2019","2019","Unintentional","1","Poisoning","GRINJ-015",18,128331,14.0,8.3,22.2
,"Clayton County, GA","13063","2019","2019","Unintentional","1","Fall","GRINJ-003",11,292256,3.8,1.9,6.7
,"Clayton County, GA","13063","2019","2019","Unintentional","1","Motor Vehicle Traffic","GRINJ-008",48,292256,16.4,12.1,21.8
,"Clayton County, GA","13063","2019","2019","Unintentional","1","Poisoning","GRINJ-015",19,292256,6.5,3.9,10.2
,"Clayton County, GA","13063","2019","2019","Suicide","2","Firearm","GRINJ-006",16,292256,5.5,3.1,8.9
,"Clayton County, GA","13063","2019","2019","Homicide","3","Firearm","GRINJ-006",37,292256,12.7,8.9,17.5
,"Cobb County, GA","13067","2019","2019","Unintentional","1","Fall","GRINJ-003",54,760141,7.1,5.3,9.3
,"Cobb County, GA","13067","2019","2019","Unintentional","1","Motor Vehicle Traffic","GRINJ-008",69,760141,9.1,7.1,11.5
,"Cobb County, GA","13067","2019","2019","Unintentional","1","Poisoning","GRINJ-015",107,760141,14.1,11.4,16.7
,"Cobb County, GA","13067","2019","2019","Unintentional","1","Suffocation","GRINJ-017",14,760141,1.8,1.0,3.1
,"Cobb County, GA","13067","2019","2019","Suicide","2","Firearm","GRINJ-006",43,760141,5.7,4.1,7.6
,"Cobb County, GA","13067","2019","2019","Suicide","2","Poisoning","GRINJ-015",12,760141,1.6,0.8,2.8
,"Cobb County, GA","13067","2019","2019","Suicide","2","Suffocation","GRINJ-017",26,760141,3.4,2.2,5.0
,"Cobb County, GA","13067","2019","2019","Homicide","3","Firearm","GRINJ-006",19,760141,2.5,1.5,3.9
,"Colquitt County, GA","13071","2019","2019","Unintentional","1","Motor Vehicle Traffic","GRINJ-008",10,45600,21.9,10.5,40.3
,"Columbia County, GA","13073","2019","2019","Unintentional","1","Fall","GRINJ-003",12,156714,7.7,4.0,13.4
,"Columbia County, GA","13073","2019","2019","Unintentional","1","Motor Vehicle Traffic","GRINJ-008",13,156714,8.3,4.4,14.2
,"Columbia County, GA","13073","2019","2019","Unintentional","1","Poisoning","GRINJ-015",21,156714,13.4,8.3,20.5
,"Coweta County, GA","13077","2019","2019","Unintentional","1","Motor Vehicle Traffic","GRINJ-008",15,148509,10.1,5.7,16.7
,"Coweta County, GA","13077","2019","2019","Unintentional","1","Poisoning","GRINJ-015",15,148509,10.1,5.7,16.7
,"Coweta County, GA","13077","2019","2019","Suicide","2","Firearm","GRINJ-006",24,148509,16.2,10.4,24.0
,"Decatur County, GA","13087","2019","2019","Unintentional","1","Motor Vehicle Traffic","GRINJ-008",10,26404,37.9,18.2,69.7
,"DeKalb County, GA","13089","2019","2019","Unintentional","1","Fall","GRINJ-003",50,759297,6.6,4.9,8.7
,"DeKalb County, GA","13089","2019","2019","Unintentional","1","Motor Vehicle Traffic","GRINJ-008",82,759297,10.8,8.6,13.4
,"DeKalb County, GA","13089","2019","2019","Unintentional","1","Poisoning","GRINJ-015",98,759297,12.9,10.5,15.7
,"DeKalb County, GA","13089","2019","2019","Unintentional","1","Suffocation","GRINJ-017",16,759297,2.1,1.2,3.4
,"DeKalb County, GA","13089","2019","2019","Suicide","2","Firearm","GRINJ-006",58,759297,7.6,5.8,9.9
,"DeKalb County, GA","13089","2019","2019","Suicide","2","Suffocation","GRINJ-017",23,759297,3.0,1.9,4.5
,"DeKalb County, GA","13089","2019","2019","Homicide","3","Firearm","GRINJ-006",108,759297,14.2,11.5,16.9
,"Dodge County, GA","13091","2019","2019","Unintentional","1","Motor Vehicle Traffic","GRINJ-008",10,20605,48.5,23.3,89.3
,"Dougherty County, GA","13095","2019","2019","Unintentional","1","Motor Vehicle Traffic","GRINJ-008",13,87956,14.8,7.9,25.3
,"Dougherty County, GA","13095","2019","2019","Unintentional","1","Poisoning","GRINJ-015",15,87956,17.1,9.5,28.1
,"Dougherty County, GA","13095","2019","2019","Homicide","3","Firearm","GRINJ-006",11,87956,12.5,6.2,22.4
,"Douglas County, GA","13097","2019","2019","Unintentional","1","Motor Vehicle Traffic","GRINJ-008",24,146343,16.4,10.5,24.4
,"Douglas County, GA","13097","2019","2019","Unintentional","1","Poisoning","GRINJ-015",26,146343,17.8,11.6,26.0
,"Douglas County, GA","13097","2019","2019","Suicide","2","Firearm","GRINJ-006",20,146343,13.7,8.3,21.1
,"Effingham County, GA","13103","2019","2019","Unintentional","1","Motor Vehicle Traffic","GRINJ-008",10,64296,15.6,7.5,28.6
,"Fayette County, GA","13113","2019","2019","Unintentional","1","Fall","GRINJ-003",13,114421,11.4,6.0,19.4
,"Fayette County, GA","13113","2019","2019","Unintentional","1","Poisoning","GRINJ-015",19,114421,16.6,10.0,25.9
,"Fayette County, GA","13113","2019","2019","Suicide","2","Firearm","GRINJ-006",11,114421,9.6,4.8,17.2
,"Floyd County, GA","13115","2019","2019","Unintentional","1","Fall","GRINJ-003",20,98498,20.3,12.4,31.4
,"Floyd County, GA","13115","2019","2019","Unintentional","1","Motor Vehicle Traffic","GRINJ-008",22,98498,22.3,14.0,33.8
,"Floyd County, GA","13115","2019","2019","Unintentional","1","Poisoning","GRINJ-015",15,98498,15.2,8.5,25.1
,"Floyd County, GA","13115","2019","2019","Suicide","2","Firearm","GRINJ-006",14,98498,14.2,7.8,23.8
,"Forsyth County, GA","13117","2019","2019","Unintentional","1","Fall","GRINJ-003",16,244252,6.6,3.7,10.6
,"Forsyth County, GA","13117","2019","2019","Unintentional","1","Motor Vehicle Traffic","GRINJ-008",15,244252,6.1,3.4,10.1
,"Forsyth County, GA","13117","2019","2019","Unintentional","1","Poisoning","GRINJ-015",28,244252,11.5,7.6,16.6
,"Forsyth County, GA","13117","2019","2019","Suicide","2","Firearm","GRINJ-006",12,244252,4.9,2.5,8.6
,"Franklin County, GA","13119","2019","2019","Unintentional","1","Poisoning","GRINJ-015",10,23349,42.8,20.5,78.8
,"Fulton County, GA","13121","2019","2019","Unintentional","1","Drowning","GRINJ-002",10,1063937,0.9,0.5,1.7
,"Fulton County, GA","13121","2019","2019","Unintentional","1","Fall","GRINJ-003",71,1063937,6.7,5.2,8.4
,"Fulton County, GA","13121","2019","2019","Unintentional","1","Motor Vehicle Traffic","GRINJ-008",124,1063937,11.7,9.6,13.7
,"Fulton County, GA","13121","2019","2019","Unintentional","1","Natural/Environmental","GRINJ-013",12,1063937,1.1,0.6,2.0
,"Fulton County, GA","13121","2019","2019","Unintentional","1","Poisoning","GRINJ-015",143,1063937,13.4,11.2,15.6
,"Fulton County, GA","13121","2019","2019","Unintentional","1","Suffocation","GRINJ-017",23,1063937,2.2,1.4,3.2
,"Fulton County, GA","13121","2019","2019","Suicide","2","Firearm","GRINJ-006",61,1063937,5.7,4.4,7.4
,"Fulton County, GA","13121","2019","2019","Suicide","2","Poisoning","GRINJ-015",15,1063937,1.4,0.8,2.3
,"Fulton County, GA","13121","2019","2019","Suicide","2","Suffocation","GRINJ-017",27,1063937,2.5,1.7,3.7
,"Fulton County, GA","13121","2019","2019","Homicide","3","Cut/Pierce","GRINJ-001",10,1063937,0.9,0.5,1.7
,"Fulton County, GA","13121","2019","2019","Homicide","3","Firearm","GRINJ-006",114,1063937,10.7,8.7,12.7
,"Fulton County, GA","13121","2019","2019","Homicide","3","Unspecified Injury","GRINJ-020",10,1063937,0.9,0.5,1.7
,"Fulton County, GA","13121","2019","2019","Undetermined ","4","Poisoning","GRINJ-015",10,1063937,0.9,0.5,1.7
,"Glynn County, GA","13127","2019","2019","Unintentional","1","Motor Vehicle Traffic","GRINJ-008",20,85292,23.4,14.3,36.2
,"Glynn County, GA","13127","2019","2019","Unintentional","1","Poisoning","GRINJ-015",13,85292,15.2,8.1,26.1
,"Gwinnett County, GA","13135","2019","2019","Unintentional","1","Drowning","GRINJ-002",10,936250,1.1,0.5,2.0
,"Gwinnett County, GA","13135","2019","2019","Unintentional","1","Fall","GRINJ-003",53,936250,5.7,4.2,7.4
,"Gwinnett County, GA","13135","2019","2019","Unintentional","1","Motor Vehicle Traffic","GRINJ-008",73,936250,7.8,6.1,9.8
,"Gwinnett County, GA","13135","2019","2019","Unintentional","1","Poisoning","GRINJ-015",69,936250,7.4,5.7,9.3
,"Gwinnett County, GA","13135","2019","2019","Unintentional","1","Suffocation","GRINJ-017",10,936250,1.1,0.5,2.0
,"Gwinnett County, GA","13135","2019","2019","Suicide","2","Firearm","GRINJ-006",57,936250,6.1,4.6,7.9
,"Gwinnett County, GA","13135","2019","2019","Suicide","2","Poisoning","GRINJ-015",13,936250,1.4,0.7,2.4
,"Gwinnett County, GA","13135","2019","2019","Suicide","2","Suffocation","GRINJ-017",36,936250,3.8,2.7,5.3
,"Gwinnett County, GA","13135","2019","2019","Homicide","3","Firearm","GRINJ-006",27,936250,2.9,1.9,4.2
,"Habersham County, GA","13137","2019","2019","Unintentional","1","Motor Vehicle Traffic","GRINJ-008",14,45328,30.9,16.9,51.8
,"Hall County, GA","13139","2019","2019","Unintentional","1","Fall","GRINJ-003",15,204441,7.3,4.1,12.1
,"Hall County, GA","13139","2019","2019","Unintentional","1","Motor Vehicle Traffic","GRINJ-008",26,204441,12.7,8.3,18.6
,"Hall County, GA","13139","2019","2019","Unintentional","1","Poisoning","GRINJ-015",32,204441,15.7,10.7,22.1
,"Hall County, GA","13139","2019","2019","Suicide","2","Firearm","GRINJ-006",20,204441,9.8,6.0,15.1
,"Hall County, GA","13139","2019","2019","Suicide","2","Suffocation","GRINJ-017",12,204441,5.9,3.0,10.3
,"Haralson County, GA","13143","2019","2019","Unintentional","1","Motor Vehicle Traffic","GRINJ-008",10,29792,33.6,16.1,61.7
,"Henry County, GA","13151","2019","2019","Unintentional","1","Fall","GRINJ-003",14,234561,6.0,3.3,10.0
,"Henry County, GA","13151","2019","2019","Unintentional","1","Motor Vehicle Traffic","GRINJ-008",17,234561,7.2,4.2,11.6
,"Henry County, GA","13151","2019","2019","Unintentional","1","Poisoning","GRINJ-015",22,234561,9.4,5.9,14.2
,"Henry County, GA","13151","2019","2019","Suicide","2","Firearm","GRINJ-006",22,234561,9.4,5.9,14.2
,"Henry County, GA","13151","2019","2019","Homicide","3","Firearm","GRINJ-006",18,234561,7.7,4.5,12.1
,"Houston County, GA","13153","2019","2019","Unintentional","1","Fall","GRINJ-003",11,157863,7.0,3.5,12.5
,"Houston County, GA","13153","2019","2019","Unintentional","1","Motor Vehicle Traffic","GRINJ-008",20,157863,12.7,7.7,19.6
,"Houston County, GA","13153","2019","2019","Unintentional","1","Poisoning","GRINJ-015",14,157863,8.9,4.8,14.9
,"Houston County, GA","13153","2019","2019","Suicide","2","Firearm","GRINJ-006",16,157863,10.1,5.8,16.5
,"Jackson County, GA","13157","2019","2019","Unintentional","1","Motor Vehicle Traffic","GRINJ-008",10,72977,13.7,6.6,25.2
,"Jackson County, GA","13157","2019","2019","Unintentional","1","Poisoning","GRINJ-015",11,72977,15.1,7.5,27.0
,"Jackson County, GA","13157","2019","2019","Suicide","2","Firearm","GRINJ-006",10,72977,13.7,6.6,25.2
,"Laurens County, GA","13175","2019","2019","Unintentional","1","Motor Vehicle Traffic","GRINJ-008",13,47546,27.3,14.6,46.8
,"Liberty County, GA","13179","2019","2019","Suicide","2","Firearm","GRINJ-006",11,61435,17.9,8.9,32.0
,"Monroe County, GA","13207","2019","2019","Suicide","2","Firearm","GRINJ-006",11,27578,39.9,19.9,71.4
,"Murray County, GA","13213","2019","2019","Unintentional","1","Motor Vehicle Traffic","GRINJ-008",11,40096,27.4,13.7,49.1
,"Muscogee County, GA","13215","2019","2019","Unintentional","1","Fall","GRINJ-003",34,195769,17.4,12.0,24.3
,"Muscogee County, GA","13215","2019","2019","Unintentional","1","Motor Vehicle Traffic","GRINJ-008",22,195769,11.2,7.0,17.0
,"Muscogee County, GA","13215","2019","2019","Unintentional","1","Poisoning","GRINJ-015",21,195769,10.7,6.6,16.4
,"Muscogee County, GA","13215","2019","2019","Suicide","2","Firearm","GRINJ-006",16,195769,8.2,4.7,13.3
,"Muscogee County, GA","13215","2019","2019","Homicide","3","Firearm","GRINJ-006",33,195769,16.9,11.6,23.7
,"Newton County, GA","13217","2019","2019","Unintentional","1","Fall","GRINJ-003",13,111744,11.6,6.2,19.9
,"Newton County, GA","13217","2019","2019","Unintentional","1","Motor Vehicle Traffic","GRINJ-008",14,111744,12.5,6.8,21.0
,"Newton County, GA","13217","2019","2019","Unintentional","1","Poisoning","GRINJ-015",12,111744,10.7,5.5,18.8
,"Newton County, GA","13217","2019","2019","Suicide","2","Firearm","GRINJ-006",15,111744,13.4,7.5,22.1
,"Newton County, GA","13217","2019","2019","Homicide","3","Firearm","GRINJ-006",16,111744,14.3,8.2,23.3
,"Paulding County, GA","13223","2019","2019","Unintentional","1","Motor Vehicle Traffic","GRINJ-008",32,168667,19.0,13.0,26.8
,"Paulding County, GA","13223","2019","2019","Unintentional","1","Poisoning","GRINJ-015",23,168667,13.6,8.6,20.5
,"Paulding County, GA","13223","2019","2019","Suicide","2","Firearm","GRINJ-006",19,168667,11.3,6.8,17.6
,"Polk County, GA","13233","2019","2019","Unintentional","1","Motor Vehicle Traffic","GRINJ-008",14,42613,32.9,18.0,55.1
,"Richmond County, GA","13245","2019","2019","Unintentional","1","Fall","GRINJ-003",20,202518,9.9,6.0,15.3
,"Richmond County, GA","13245","2019","2019","Unintentional","1","Motor Vehicle Traffic","GRINJ-008",32,202518,15.8,10.8,22.3
,"Richmond County, GA","13245","2019","2019","Unintentional","1","Poisoning","GRINJ-015",43,202518,21.2,15.4,28.6
,"Richmond County, GA","13245","2019","2019","Unintentional","1","Suffocation","GRINJ-017",14,202518,6.9,3.8,11.6
,"Richmond County, GA","13245","2019","2019","Unintentional","1","Unspecified Injury","GRINJ-020",11,202518,5.4,2.7,9.7
,"Richmond County, GA","13245","2019","2019","Suicide","2","Firearm","GRINJ-006",15,202518,7.4,4.1,12.2
,"Richmond County, GA","13245","2019","2019","Homicide","3","Firearm","GRINJ-006",32,202518,15.8,10.8,22.3
,"Rockdale County, GA","13247","2019","2019","Unintentional","1","Motor Vehicle Traffic","GRINJ-008",10,90896,11.0,5.3,20.2
,"Rockdale County, GA","13247","2019","2019","Homicide","3","Firearm","GRINJ-006",14,90896,15.4,8.4,25.8
,"Spalding County, GA","13255","2019","2019","Unintentional","1","Motor Vehicle Traffic","GRINJ-008",13,66703,19.5,10.4,33.3
,"Thomas County, GA","13275","2019","2019","Unintentional","1","Motor Vehicle Traffic","GRINJ-008",12,44451,27.0,13.9,47.2
,"Union County, GA","13291","2019","2019","Suicide","2","Firearm","GRINJ-006",10,24511,40.8,19.6,75.0
,"Walker County, GA","13295","2019","2019","Unintentional","1","Motor Vehicle Traffic","GRINJ-008",13,69761,18.6,9.9,31.9
,"Walker County, GA","13295","2019","2019","Unintentional","1","Poisoning","GRINJ-015",13,69761,18.6,9.9,31.9
,"Walton County, GA","13297","2019","2019","Unintentional","1","Motor Vehicle Traffic","GRINJ-008",19,94593,20.1,12.1,31.4
,"Walton County, GA","13297","2019","2019","Unintentional","1","Poisoning","GRINJ-015",20,94593,21.1,12.9,32.7
,"Walton County, GA","13297","2019","2019","Suicide","2","Firearm","GRINJ-006",11,94593,11.6,5.8,20.8
,"Whitfield County, GA","13313","2019","2019","Unintentional","1","Motor Vehicle Traffic","GRINJ-008",13,104628,12.4,6.6,21.2
,"Whitfield County, GA","13313","2019","2019","Unintentional","1","Poisoning","GRINJ-015",18,104628,17.2,10.2,27.2
,"Whitfield County, GA","13313","2019","2019","Suicide","2","Firearm","GRINJ-006",15,104628,14.3,8.0,23.6
,"Worth County, GA","13321","2019","2019","Unintentional","1","Motor Vehicle Traffic","GRINJ-008",11,20247,54.3,27.1,97.2
,"Hawaii County, HI","15001","2019","2019","Unintentional","1","Fall","GRINJ-003",20,201513,9.9,6.1,15.3
,"Hawaii County, HI","15001","2019","2019","Unintentional","1","Motor Vehicle Traffic","GRINJ-008",27,201513,13.4,8.8,19.5
,"Hawaii County, HI","15001","2019","2019","Unintentional","1","Poisoning","GRINJ-015",16,201513,7.9,4.5,12.9
,"Hawaii County, HI","15001","2019","2019","Suicide","2","Firearm","GRINJ-006",10,201513,5.0,2.4,9.1
,"Hawaii County, HI","15001","2019","2019","Suicide","2","Suffocation","GRINJ-017",27,201513,13.4,8.8,19.5
,"Honolulu County, HI","15003","2019","2019","Unintentional","1","Drowning","GRINJ-002",24,974563,2.5,1.6,3.7
,"Honolulu County, HI","15003","2019","2019","Unintentional","1","Fall","GRINJ-003",122,974563,12.5,10.3,14.7
,"Honolulu County, HI","15003","2019","2019","Unintentional","1","Motor Vehicle Traffic","GRINJ-008",63,974563,6.5,5.0,8.3
,"Honolulu County, HI","15003","2019","2019","Unintentional","1","Poisoning","GRINJ-015",163,974563,16.7,14.2,19.3
,"Honolulu County, HI","15003","2019","2019","Unintentional","1","Suffocation","GRINJ-017",31,974563,3.2,2.2,4.5
,"Honolulu County, HI","15003","2019","2019","Suicide","2","Fall","GRINJ-003",19,974563,1.9,1.2,3.0
,"Honolulu County, HI","15003","2019","2019","Suicide","2","Firearm","GRINJ-006",21,974563,2.2,1.3,3.3
,"Honolulu County, HI","15003","2019","2019","Suicide","2","Poisoning","GRINJ-015",14,974563,1.4,0.8,2.4
,"Honolulu County, HI","15003","2019","2019","Suicide","2","Suffocation","GRINJ-017",64,974563,6.6,5.1,8.4
,"Honolulu County, HI","15003","2019","2019","Homicide","3","Firearm","GRINJ-006",12,974563,1.2,0.6,2.2
,"Honolulu County, HI","15003","2019","2019","Undetermined ","4","Poisoning","GRINJ-015",11,974563,1.1,0.6,2.0
,"Kauai County, HI","15007","2019","2019","Unintentional","1","Poisoning","GRINJ-015",12,72293,16.6,8.6,29.0
,"Maui County, HI","15009","2019","2019","Unintentional","1","Fall","GRINJ-003",17,167417,10.2,5.9,16.3
,"Maui County, HI","15009","2019","2019","Unintentional","1","Motor Vehicle Traffic","GRINJ-008",19,167417,11.3,6.8,17.7
,"Maui County, HI","15009","2019","2019","Unintentional","1","Poisoning","GRINJ-015",26,167417,15.5,10.1,22.8
,"Maui County, HI","15009","2019","2019","Suicide","2","Suffocation","GRINJ-017",18,167417,10.8,6.4,17.0
,"Ada County, ID","16001","2019","2019","Unintentional","1","Fall","GRINJ-003",45,481587,9.3,6.8,12.5
,"Ada County, ID","16001","2019","2019","Unintentional","1","Motor Vehicle Traffic","GRINJ-008",28,481587,5.8,3.9,8.4
,"Ada County, ID","16001","2019","2019","Unintentional","1","Poisoning","GRINJ-015",70,481587,14.5,11.3,18.4
,"Ada County, ID","16001","2019","2019","Unintentional","1","Suffocation","GRINJ-017",12,481587,2.5,1.3,4.4
,"Ada County, ID","16001","2019","2019","Suicide","2","Firearm","GRINJ-006",47,481587,9.8,7.2,13.0
,"Ada County, ID","16001","2019","2019","Suicide","2","Poisoning","GRINJ-015",15,481587,3.1,1.7,5.1
,"Ada County, ID","16001","2019","2019","Suicide","2","Suffocation","GRINJ-017",14,481587,2.9,1.6,4.9
,"Bannock County, ID","16005","2019","2019","Unintentional","1","Fall","GRINJ-003",13,87808,14.8,7.9,25.3
,"Bannock County, ID","16005","2019","2019","Unintentional","1","Poisoning","GRINJ-015",26,87808,29.6,19.3,43.4
,"Bannock County, ID","16005","2019","2019","Suicide","2","Firearm","GRINJ-006",13,87808,14.8,7.9,25.3
,"Bannock County, ID","16005","2019","2019","Suicide","2","Suffocation","GRINJ-017",11,87808,12.5,6.3,22.4
,"Bingham County, ID","16011","2019","2019","Unintentional","1","Motor Vehicle Traffic","GRINJ-008",12,46811,25.6,13.2,44.8
,"Bonner County, ID","16017","2019","2019","Unintentional","1","Fall","GRINJ-003",14,45739,30.6,16.7,51.4
,"Bonner County, ID","16017","2019","2019","Unintentional","1","Motor Vehicle Traffic","GRINJ-008",10,45739,21.9,10.5,40.2
,"Bonner County, ID","16017","2019","2019","Suicide","2","Firearm","GRINJ-006",14,45739,30.6,16.7,51.4
,"Bonneville County, ID","16019","2019","2019","Unintentional","1","Fall","GRINJ-003",10,119062,8.4,4.0,15.4
,"Bonneville County, ID","16019","2019","2019","Unintentional","1","Motor Vehicle Traffic","GRINJ-008",10,119062,8.4,4.0,15.4
,"Bonneville County, ID","16019","2019","2019","Unintentional","1","Poisoning","GRINJ-015",29,119062,24.4,16.3,35.0
,"Bonneville County, ID","16019","2019","2019","Suicide","2","Firearm","GRINJ-006",17,119062,14.3,8.3,22.9
,"Canyon County, ID","16027","2019","2019","Unintentional","1","Fall","GRINJ-003",30,229849,13.1,8.8,18.6
,"Canyon County, ID","16027","2019","2019","Unintentional","1","Motor Vehicle Traffic","GRINJ-008",38,229849,16.5,11.7,22.7
,"Canyon County, ID","16027","2019","2019","Unintentional","1","Poisoning","GRINJ-015",16,229849,7.0,4.0,11.3
,"Canyon County, ID","16027","2019","2019","Suicide","2","Firearm","GRINJ-006",27,229849,11.7,7.7,17.1
,"Canyon County, ID","16027","2019","2019","Suicide","2","Suffocation","GRINJ-017",14,229849,6.1,3.3,10.2
,"Kootenai County, ID","16055","2019","2019","Unintentional","1","Fall","GRINJ-003",38,165697,22.9,16.2,31.5
,"Kootenai County, ID","16055","2019","2019","Unintentional","1","Motor Vehicle Traffic","GRINJ-008",14,165697,8.4,4.6,14.2
,"Kootenai County, ID","16055","2019","2019","Unintentional","1","Poisoning","GRINJ-015",20,165697,12.1,7.4,18.6
,"Kootenai County, ID","16055","2019","2019","Suicide","2","Firearm","GRINJ-006",19,165697,11.5,6.9,17.9
,"Nez Perce County, ID","16069","2019","2019","Unintentional","1","Fall","GRINJ-003",13,40408,32.2,17.1,55.0
,"Twin Falls County, ID","16083","2019","2019","Unintentional","1","Fall","GRINJ-003",23,86878,26.5,16.8,39.7
,"Twin Falls County, ID","16083","2019","2019","Unintentional","1","Motor Vehicle Traffic","GRINJ-008",17,86878,19.6,11.4,31.3
,"Twin Falls County, ID","16083","2019","2019","Unintentional","1","Poisoning","GRINJ-015",21,86878,24.2,15.0,36.9
,"Twin Falls County, ID","16083","2019","2019","Suicide","2","Firearm","GRINJ-006",13,86878,15.0,8.0,25.6
,"Bureau County, IL","17011","2019","2019","Unintentional","1","Fall","GRINJ-003",12,32628,36.8,19.0,64.2
,"Champaign County, IL","17019","2019","2019","Unintentional","1","Fall","GRINJ-003",44,209689,21.0,15.2,28.2
,"Champaign County, IL","17019","2019","2019","Unintentional","1","Motor Vehicle Traffic","GRINJ-008",13,209689,6.2,3.3,10.6
,"Champaign County, IL","17019","2019","2019","Unintentional","1","Poisoning","GRINJ-015",43,209689,20.5,14.8,27.6
,"Champaign County, IL","17019","2019","2019","Suicide","2","Firearm","GRINJ-006",12,209689,5.7,3.0,10.0
,"Cook County, IL","17031","2019","2019","Unintentional","1","Drowning","GRINJ-002",40,5150233,0.8,0.6,1.1
,"Cook County, IL","17031","2019","2019","Unintentional","1","Fall","GRINJ-003",369,5150233,7.2,6.4,7.9
,"Cook County, IL","17031","2019","2019","Unintentional","1","Fire/Flame","GRINJ-004",28,5150233,0.5,0.4,0.8
,"Cook County, IL","17031","2019","2019","Unintentional","1","Motor Vehicle Traffic","GRINJ-008",348,5150233,6.8,6.0,7.5
,"Cook County, IL","17031","2019","2019","Unintentional","1","Other Pedestrian","GRINJ-010",18,5150233,0.3,0.2,0.6
,"Cook County, IL","17031","2019","2019","Unintentional","1","Natural/Environmental","GRINJ-013",33,5150233,0.6,0.4,0.9
,"Cook County, IL","17031","2019","2019","Unintentional","1","Poisoning","GRINJ-015",1333,5150233,25.9,24.5,27.3
,"Cook County, IL","17031","2019","2019","Unintentional","1","Suffocation","GRINJ-017",97,5150233,1.9,1.5,2.3
,"Cook County, IL","17031","2019","2019","Unintentional","1","Other specified, classifiable Injury","GRINJ-018",15,5150233,0.3,0.2,0.5
,"Cook County, IL","17031","2019","2019","Unintentional","1","Unspecified Injury","GRINJ-020",40,5150233,0.8,0.6,1.1
,"Cook County, IL","17031","2019","2019","Suicide","2","Cut/Pierce","GRINJ-001",21,5150233,0.4,0.3,0.6
,"Cook County, IL","17031","2019","2019","Suicide","2","Fall","GRINJ-003",18,5150233,0.3,0.2,0.6
,"Cook County, IL","17031","2019","2019","Suicide","2","Firearm","GRINJ-006",137,5150233,2.7,2.2,3.1
,"Cook County, IL","17031","2019","2019","Suicide","2","Poisoning","GRINJ-015",69,5150233,1.3,1.0,1.7
,"Cook County, IL","17031","2019","2019","Suicide","2","Suffocation","GRINJ-017",194,5150233,3.8,3.2,4.3
,"Cook County, IL","17031","2019","2019","Suicide","2","Other specified, classifiable Injury","GRINJ-018",24,5150233,0.5,0.3,0.7
,"Cook County, IL","17031","2019","2019","Homicide","3","Cut/Pierce","GRINJ-001",30,5150233,0.6,0.4,0.8
,"Cook County, IL","17031","2019","2019","Homicide","3","Firearm","GRINJ-006",565,5150233,11.0,10.1,11.9
,"Cook County, IL","17031","2019","2019","Homicide","3","Suffocation","GRINJ-017",10,5150233,0.2,0.1,0.4
,"Cook County, IL","17031","2019","2019","Homicide","3","Unspecified Injury","GRINJ-020",23,5150233,0.4,0.3,0.7
,"Cook County, IL","17031","2019","2019","Undetermined ","4","Drowning","GRINJ-002",27,5150233,0.5,0.3,0.8
,"DeKalb County, IL","17037","2019","2019","Unintentional","1","Motor Vehicle Traffic","GRINJ-008",11,104897,10.5,5.2,18.8
,"DeKalb County, IL","17037","2019","2019","Unintentional","1","Poisoning","GRINJ-015",12,104897,11.4,5.9,20.0
,"DeKalb County, IL","17037","2019","2019","Suicide","2","Firearm","GRINJ-006",10,104897,9.5,4.6,17.5
,"DuPage County, IL","17043","2019","2019","Unintentional","1","Fall","GRINJ-003",66,922921,7.2,5.5,9.1
,"DuPage County, IL","17043","2019","2019","Unintentional","1","Motor Vehicle Traffic","GRINJ-008",51,922921,5.5,4.1,7.3
,"DuPage County, IL","17043","2019","2019","Unintentional","1","Poisoning","GRINJ-015",126,922921,13.7,11.3,16.0
,"DuPage County, IL","17043","2019","2019","Unintentional","1","Suffocation","GRINJ-017",19,922921,2.1,1.2,3.2
,"DuPage County, IL","17043","2019","2019","Suicide","2","Firearm","GRINJ-006",25,922921,2.7,1.8,4.0
,"DuPage County, IL","17043","2019","2019","Suicide","2","Poisoning","GRINJ-015",15,922921,1.6,0.9,2.7
,"DuPage County, IL","17043","2019","2019","Suicide","2","Suffocation","GRINJ-017",34,922921,3.7,2.6,5.1
,"Grundy County, IL","17063","2019","2019","Unintentional","1","Motor Vehicle Traffic","GRINJ-008",12,51054,23.5,12.1,41.1
,"Grundy County, IL","17063","2019","2019","Unintentional","1","Poisoning","GRINJ-015",15,51054,29.4,16.4,48.5
,"Henry County, IL","17073","2019","2019","Unintentional","1","Fall","GRINJ-003",11,48913,22.5,11.2,40.2
,"Kane County, IL","17089","2019","2019","Unintentional","1","Fall","GRINJ-003",48,532403,9.0,6.6,12.0
,"Kane County, IL","17089","2019","2019","Unintentional","1","Motor Vehicle Traffic","GRINJ-008",34,532403,6.4,4.4,8.9
,"Kane County, IL","17089","2019","2019","Unintentional","1","Poisoning","GRINJ-015",79,532403,14.8,11.7,18.5
,"Kane County, IL","17089","2019","2019","Unintentional","1","Suffocation","GRINJ-017",11,532403,2.1,1.0,3.7
,"Kane County, IL","17089","2019","2019","Suicide","2","Firearm","GRINJ-006",19,532403,3.6,2.1,5.6
,"Kane County, IL","17089","2019","2019","Suicide","2","Suffocation","GRINJ-017",19,532403,3.6,2.1,5.6
,"Kane County, IL","17089","2019","2019","Homicide","3","Firearm","GRINJ-006",14,532403,2.6,1.4,4.4
,"Kankakee County, IL","17091","2019","2019","Unintentional","1","Fall","GRINJ-003",10,109862,9.1,4.4,16.7
,"Kankakee County, IL","17091","2019","2019","Unintentional","1","Motor Vehicle Traffic","GRINJ-008",19,109862,17.3,10.4,27.0
,"Kankakee County, IL","17091","2019","2019","Unintentional","1","Poisoning","GRINJ-015",28,109862,25.5,16.9,36.8
,"Kendall County, IL","17093","2019","2019","Unintentional","1","Motor Vehicle Traffic","GRINJ-008",14,128990,10.9,5.9,18.2
,"Kendall County, IL","17093","2019","2019","Unintentional","1","Poisoning","GRINJ-015",14,128990,10.9,5.9,18.2
,"Knox County, IL","17095","2019","2019","Unintentional","1","Fall","GRINJ-003",10,49699,20.1,9.6,37.0
,"Lake County, IL","17097","2019","2019","Unintentional","1","Drowning","GRINJ-002",13,696535,1.9,1.0,3.2
,"Lake County, IL","17097","2019","2019","Unintentional","1","Fall","GRINJ-003",50,696535,7.2,5.3,9.5
,"Lake County, IL","17097","2019","2019","Unintentional","1","Motor Vehicle Traffic","GRINJ-008",46,696535,6.6,4.8,8.8
,"Lake County, IL","17097","2019","2019","Unintentional","1","Poisoning","GRINJ-015",90,696535,12.9,10.4,15.9
,"Lake County, IL","17097","2019","2019","Unintentional","1","Suffocation","GRINJ-017",13,696535,1.9,1.0,3.2
,"Lake County, IL","17097","2019","2019","Unintentional","1","Unspecified Injury","GRINJ-020",21,696535,3.0,1.9,4.6
,"Lake County, IL","17097","2019","2019","Suicide","2","Firearm","GRINJ-006",20,696535,2.9,1.8,4.4
,"Lake County, IL","17097","2019","2019","Suicide","2","Poisoning","GRINJ-015",11,696535,1.6,0.8,2.8
,"Lake County, IL","17097","2019","2019","Suicide","2","Suffocation","GRINJ-017",25,696535,3.6,2.3,5.3
,"LaSalle County, IL","17099","2019","2019","Unintentional","1","Fall","GRINJ-003",19,108669,17.5,10.5,27.3
,"LaSalle County, IL","17099","2019","2019","Unintentional","1","Motor Vehicle Traffic","GRINJ-008",10,108669,9.2,4.4,16.9
,"LaSalle County, IL","17099","2019","2019","Unintentional","1","Poisoning","GRINJ-015",30,108669,27.6,18.6,39.4
,"McHenry County, IL","17111","2019","2019","Unintentional","1","Fall","GRINJ-003",48,307774,15.6,11.5,20.7
,"McHenry County, IL","17111","2019","2019","Unintentional","1","Motor Vehicle Traffic","GRINJ-008",25,307774,8.1,5.3,12.0
,"McHenry County, IL","17111","2019","2019","Unintentional","1","Poisoning","GRINJ-015",45,307774,14.6,10.7,19.6
,"McHenry County, IL","17111","2019","2019","Suicide","2","Firearm","GRINJ-006",14,307774,4.5,2.5,7.6
,"McHenry County, IL","17111","2019","2019","Suicide","2","Suffocation","GRINJ-017",10,307774,3.2,1.6,6.0
,"McLean County, IL","17113","2019","2019","Unintentional","1","Fall","GRINJ-003",23,171517,13.4,8.5,20.1
,"McLean County, IL","17113","2019","2019","Unintentional","1","Motor Vehicle Traffic","GRINJ-008",11,171517,6.4,3.2,11.5
,"McLean County, IL","17113","2019","2019","Unintentional","1","Poisoning","GRINJ-015",29,171517,16.9,11.3,24.3
,"Macon County, IL","17115","2019","2019","Unintentional","1","Fall","GRINJ-003",10,104009,9.6,4.6,17.7
,"Macon County, IL","17115","2019","2019","Unintentional","1","Motor Vehicle Traffic","GRINJ-008",14,104009,13.5,7.4,22.6
,"Macon County, IL","17115","2019","2019","Unintentional","1","Poisoning","GRINJ-015",24,104009,23.1,14.8,34.3
,"Macon County, IL","17115","2019","2019","Suicide","2","Firearm","GRINJ-006",11,104009,10.6,5.3,18.9
,"Madison County, IL","17119","2019","2019","Unintentional","1","Fall","GRINJ-003",49,262966,18.6,13.8,24.6
,"Madison County, IL","17119","2019","2019","Unintentional","1","Motor Vehicle Traffic","GRINJ-008",37,262966,14.1,9.9,19.4
,"Madison County, IL","17119","2019","2019","Unintentional","1","Poisoning","GRINJ-015",99,262966,37.6,30.6,45.8
,"Madison County, IL","17119","2019","2019","Suicide","2","Firearm","GRINJ-006",14,262966,5.3,2.9,8.9
,"Madison County, IL","17119","2019","2019","Suicide","2","Suffocation","GRINJ-017",16,262966,6.1,3.5,9.9
,"Madison County, IL","17119","2019","2019","Homicide","3","Firearm","GRINJ-006",12,262966,4.6,2.4,8.0
,"Marion County, IL","17121","2019","2019","Unintentional","1","Poisoning","GRINJ-015",11,37205,29.6,14.8,52.9
,"Ogle County, IL","17141","2019","2019","Unintentional","1","Poisoning","GRINJ-015",10,50643,19.7,9.5,36.3
,"Peoria County, IL","17143","2019","2019","Unintentional","1","Fall","GRINJ-003",33,179179,18.4,12.7,25.9
,"Peoria County, IL","17143","2019","2019","Unintentional","1","Motor Vehicle Traffic","GRINJ-008",15,179179,8.4,4.7,13.8
,"Peoria County, IL","17143","2019","2019","Unintentional","1","Poisoning","GRINJ-015",42,179179,23.4,16.9,31.7
,"Peoria County, IL","17143","2019","2019","Suicide","2","Poisoning","GRINJ-015",11,179179,6.1,3.1,11.0
,"Peoria County, IL","17143","2019","2019","Homicide","3","Firearm","GRINJ-006",19,179179,10.6,6.4,16.6
,"Rock Island County, IL","17161","2019","2019","Unintentional","1","Fall","GRINJ-003",49,141879,34.5,25.6,45.7
,"Rock Island County, IL","17161","2019","2019","Unintentional","1","Motor Vehicle Traffic","GRINJ-008",15,141879,10.6,5.9,17.4
,"Rock Island County, IL","17161","2019","2019","Homicide","3","Poisoning","GRINJ-015",10,141879,7.0,3.4,13.0
,"St. Clair County, IL","17163","2019","2019","Unintentional","1","Fall","GRINJ-003",20,259686,7.7,4.7,11.9
,"St. Clair County, IL","17163","2019","2019","Unintentional","1","Motor Vehicle Traffic","GRINJ-008",26,259686,10.0,6.5,14.7
,"St. Clair County, IL","17163","2019","2019","Unintentional","1","Poisoning","GRINJ-015",75,259686,28.9,22.7,36.2
,"St. Clair County, IL","17163","2019","2019","Unintentional","1","Unspecified Injury","GRINJ-020",10,259686,3.9,1.8,7.1
,"St. Clair County, IL","17163","2019","2019","Suicide","2","Firearm","GRINJ-006",14,259686,5.4,2.9,9.0
,"St. Clair County, IL","17163","2019","2019","Homicide","3","Firearm","GRINJ-006",38,259686,14.6,10.4,20.1
,"Sangamon County, IL","17167","2019","2019","Unintentional","1","Fall","GRINJ-003",36,194672,18.5,13.0,25.6
,"Sangamon County, IL","17167","2019","2019","Unintentional","1","Motor Vehicle Traffic","GRINJ-008",21,194672,10.8,6.7,16.5
,"Sangamon County, IL","17167","2019","2019","Unintentional","1","Poisoning","GRINJ-015",36,194672,18.5,13.0,25.6
,"Sangamon County, IL","17167","2019","2019","Suicide","2","Suffocation","GRINJ-017",20,194672,10.3,6.3,15.9
,"Stephenson County, IL","17177","2019","2019","Unintentional","1","Fall","GRINJ-003",14,44498,31.5,17.2,52.8
,"Tazewell County, IL","17179","2019","2019","Unintentional","1","Fall","GRINJ-003",24,131803,18.2,11.7,27.1
,"Tazewell County, IL","17179","2019","2019","Unintentional","1","Motor Vehicle Traffic","GRINJ-008",11,131803,8.3,4.2,14.9
,"Tazewell County, IL","17179","2019","2019","Unintentional","1","Poisoning","GRINJ-015",21,131803,15.9,9.9,24.4
,"Vermilion County, IL","17183","2019","2019","Unintentional","1","Fall","GRINJ-003",16,75758,21.1,12.1,34.3
,"Vermilion County, IL","17183","2019","2019","Unintentional","1","Motor Vehicle Traffic","GRINJ-008",16,75758,21.1,12.1,34.3
,"Vermilion County, IL","17183","2019","2019","Unintentional","1","Poisoning","GRINJ-015",19,75758,25.1,15.1,39.2
,"Will County, IL","17197","2019","2019","Unintentional","1","Fall","GRINJ-003",34,690743,4.9,3.4,6.9
,"Will County, IL","17197","2019","2019","Unintentional","1","Motor Vehicle Traffic","GRINJ-008",48,690743,6.9,5.1,9.2
,"Will County, IL","17197","2019","2019","Unintentional","1","Poisoning","GRINJ-015",155,690743,22.4,18.9,26.0
,"Will County, IL","17197","2019","2019","Unintentional","1","Suffocation","GRINJ-017",12,690743,1.7,0.9,3.0
,"Will County, IL","17197","2019","2019","Suicide","2","Firearm","GRINJ-006",30,690743,4.3,2.9,6.2
,"Will County, IL","17197","2019","2019","Suicide","2","Suffocation","GRINJ-017",22,690743,3.2,2.0,4.8
,"Will County, IL","17197","2019","2019","Homicide","3","Firearm","GRINJ-006",28,690743,4.1,2.7,5.9
,"Winnebago County, IL","17201","2019","2019","Unintentional","1","Fall","GRINJ-003",35,282572,12.4,8.6,17.2
,"Winnebago County, IL","17201","2019","2019","Unintentional","1","Motor Vehicle Traffic","GRINJ-008",36,282572,12.7,8.9,17.6
,"Winnebago County, IL","17201","2019","2019","Unintentional","1","Poisoning","GRINJ-015",120,282572,42.5,34.9,50.1
,"Winnebago County, IL","17201","2019","2019","Suicide","2","Firearm","GRINJ-006",14,282572,5.0,2.7,8.3
,"Winnebago County, IL","17201","2019","2019","Suicide","2","Poisoning","GRINJ-015",13,282572,4.6,2.4,7.9
,"Winnebago County, IL","17201","2019","2019","Suicide","2","Suffocation","GRINJ-017",14,282572,5.0,2.7,8.3
,"Winnebago County, IL","17201","2019","2019","Homicide","3","Firearm","GRINJ-006",17,282572,6.0,3.5,9.6
,"Allen County, IN","18003","2019","2019","Unintentional","1","Fall","GRINJ-003",57,379299,15.0,11.4,19.5
,"Allen County, IN","18003","2019","2019","Unintentional","1","Motor Vehicle Traffic","GRINJ-008",37,379299,9.8,6.9,13.4
,"Allen County, IN","18003","2019","2019","Unintentional","1","Poisoning","GRINJ-015",115,379299,30.3,24.8,35.9
,"Allen County, IN","18003","2019","2019","Suicide","2","Firearm","GRINJ-006",23,379299,6.1,3.8,9.1
,"Allen County, IN","18003","2019","2019","Suicide","2","Suffocation","GRINJ-017",14,379299,3.7,2.0,6.2
,"Allen County, IN","18003","2019","2019","Homicide","3","Firearm","GRINJ-006",20,379299,5.3,3.2,8.1
,"Bartholomew County, IN","18005","2019","2019","Unintentional","1","Motor Vehicle Traffic","GRINJ-008",12,83779,14.3,7.4,25.0
,"Bartholomew County, IN","18005","2019","2019","Unintentional","1","Poisoning","GRINJ-015",20,83779,23.9,14.6,36.9
,"Bartholomew County, IN","18005","2019","2019","Suicide","2","Firearm","GRINJ-006",10,83779,11.9,5.7,22.0
,"Boone County, IN","18011","2019","2019","Unintentional","1","Poisoning","GRINJ-015",19,67843,28.0,16.9,43.7
,"Clark County, IN","18019","2019","2019","Unintentional","1","Fall","GRINJ-003",10,118302,8.5,4.1,15.5
,"Clark County, IN","18019","2019","2019","Unintentional","1","Motor Vehicle Traffic","GRINJ-008",13,118302,11.0,5.9,18.8
,"Clark County, IN","18019","2019","2019","Unintentional","1","Poisoning","GRINJ-015",41,118302,34.7,24.9,47.0
,"Clark County, IN","18019","2019","2019","Suicide","2","Firearm","GRINJ-006",16,118302,13.5,7.7,22.0
,"Dearborn County, IN","18029","2019","2019","Unintentional","1","Poisoning","GRINJ-015",15,49458,30.3,17.0,50.0
,"De Kalb County, IN","18033","2019","2019","Unintentional","1","Poisoning","GRINJ-015",11,43475,25.3,12.6,45.3
,"Delaware County, IN","18035","2019","2019","Unintentional","1","Motor Vehicle Traffic","GRINJ-008",14,114135,12.3,6.7,20.6
,"Delaware County, IN","18035","2019","2019","Unintentional","1","Poisoning","GRINJ-015",46,114135,40.3,29.5,53.8
,"Delaware County, IN","18035","2019","2019","Suicide","2","Firearm","GRINJ-006",13,114135,11.4,6.1,19.5
,"Elkhart County, IN","18039","2019","2019","Unintentional","1","Fall","GRINJ-003",15,206341,7.3,4.1,12.0
,"Elkhart County, IN","18039","2019","2019","Unintentional","1","Motor Vehicle Traffic","GRINJ-008",30,206341,14.5,9.8,20.8
,"Elkhart County, IN","18039","2019","2019","Unintentional","1","Poisoning","GRINJ-015",22,206341,10.7,6.7,16.1
,"Elkhart County, IN","18039","2019","2019","Suicide","2","Firearm","GRINJ-006",18,206341,8.7,5.2,13.8
,"Fayette County, IN","18041","2019","2019","Unintentional","1","Poisoning","GRINJ-015",22,23102,95.2,59.7,144.2
,"Floyd County, IN","18043","2019","2019","Unintentional","1","Poisoning","GRINJ-015",36,78522,45.8,32.1,63.5
,"Grant County, IN","18053","2019","2019","Unintentional","1","Motor Vehicle Traffic","GRINJ-008",15,65769,22.8,12.8,37.6
,"Grant County, IN","18053","2019","2019","Unintentional","1","Poisoning","GRINJ-015",13,65769,19.8,10.5,33.8
,"Hamilton County, IN","18057","2019","2019","Unintentional","1","Fall","GRINJ-003",17,338011,5.0,2.9,8.1
,"Hamilton County, IN","18057","2019","2019","Unintentional","1","Motor Vehicle Traffic","GRINJ-008",13,338011,3.8,2.0,6.6
,"Hamilton County, IN","18057","2019","2019","Unintentional","1","Poisoning","GRINJ-015",38,338011,11.2,8.0,15.4
,"Hamilton County, IN","18057","2019","2019","Unintentional","1","Unspecified Injury","GRINJ-020",12,338011,3.6,1.8,6.2
,"Hamilton County, IN","18057","2019","2019","Suicide","2","Firearm","GRINJ-006",20,338011,5.9,3.6,9.1
,"Hamilton County, IN","18057","2019","2019","Suicide","2","Suffocation","GRINJ-017",13,338011,3.8,2.0,6.6
,"Hancock County, IN","18059","2019","2019","Unintentional","1","Poisoning","GRINJ-015",11,78168,14.1,7.0,25.2
,"Harrison County, IN","18061","2019","2019","Unintentional","1","Poisoning","GRINJ-015",15,40515,37.0,20.7,61.1
,"Hendricks County, IN","18063","2019","2019","Unintentional","1","Motor Vehicle Traffic","GRINJ-008",18,170311,10.6,6.3,16.7
,"Hendricks County, IN","18063","2019","2019","Unintentional","1","Unspecified Injury","GRINJ-020",10,170311,5.9,2.8,10.8
,"Hendricks County, IN","18063","2019","2019","Suicide","2","Firearm","GRINJ-006",10,170311,5.9,2.8,10.8
,"Hendricks County, IN","18063","2019","2019","Undetermined ","4","Poisoning","GRINJ-015",21,170311,12.3,7.6,18.8
,"Henry County, IN","18065","2019","2019","Unintentional","1","Poisoning","GRINJ-015",10,47972,20.8,10.0,38.3
,"Howard County, IN","18067","2019","2019","Unintentional","1","Fall","GRINJ-003",11,82544,13.3,6.7,23.8
,"Howard County, IN","18067","2019","2019","Unintentional","1","Motor Vehicle Traffic","GRINJ-008",20,82544,24.2,14.8,37.4
,"Howard County, IN","18067","2019","2019","Unintentional","1","Poisoning","GRINJ-015",29,82544,35.1,23.5,50.5
,"Jackson County, IN","18071","2019","2019","Unintentional","1","Motor Vehicle Traffic","GRINJ-008",15,44231,33.9,19.0,55.9
,"Jackson County, IN","18071","2019","2019","Unintentional","1","Poisoning","GRINJ-015",11,44231,24.9,12.4,44.5
,"Jennings County, IN","18079","2019","2019","Unintentional","1","Poisoning","GRINJ-015",12,27735,43.3,22.4,75.6
,"Johnson County, IN","18081","2019","2019","Unintentional","1","Unspecified Injury","GRINJ-020",12,158167,7.6,3.9,13.3
,"Johnson County, IN","18081","2019","2019","Suicide","2","Firearm","GRINJ-006",15,158167,9.5,5.3,15.6
,"Johnson County, IN","18081","2019","2019","Undetermined ","4","Poisoning","GRINJ-015",19,158167,12.0,7.2,18.8
,"Knox County, IN","18083","2019","2019","Unintentional","1","Motor Vehicle Traffic","GRINJ-008",12,36594,32.8,16.9,57.3
,"Kosciusko County, IN","18085","2019","2019","Unintentional","1","Motor Vehicle Traffic","GRINJ-008",15,79456,18.9,10.6,31.1
,"Lake County, IN","18089","2019","2019","Unintentional","1","Drowning","GRINJ-002",10,485493,2.1,1.0,3.8
,"Lake County, IN","18089","2019","2019","Unintentional","1","Fall","GRINJ-003",31,485493,6.4,4.3,9.1
,"Lake County, IN","18089","2019","2019","Unintentional","1","Fire/Flame","GRINJ-004",12,485493,2.5,1.3,4.3
,"Lake County, IN","18089","2019","2019","Unintentional","1","Motor Vehicle Traffic","GRINJ-008",54,485493,11.1,8.4,14.5
,"Lake County, IN","18089","2019","2019","Unintentional","1","Poisoning","GRINJ-015",153,485493,31.5,26.5,36.5
,"Lake County, IN","18089","2019","2019","Unintentional","1","Suffocation","GRINJ-017",18,485493,3.7,2.2,5.9
,"Lake County, IN","18089","2019","2019","Unintentional","1","Unspecified Injury","GRINJ-020",19,485493,3.9,2.4,6.1
,"Lake County, IN","18089","2019","2019","Suicide","2","Firearm","GRINJ-006",27,485493,5.6,3.7,8.1
,"Lake County, IN","18089","2019","2019","Suicide","2","Suffocation","GRINJ-017",12,485493,2.5,1.3,4.3
,"Lake County, IN","18089","2019","2019","Homicide","3","Firearm","GRINJ-006",77,485493,15.9,12.5,19.8
,"La Porte County, IN","18091","2019","2019","Unintentional","1","Poisoning","GRINJ-015",30,109888,27.3,18.4,39.0
,"La Porte County, IN","18091","2019","2019","Suicide","2","Firearm","GRINJ-006",14,109888,12.7,7.0,21.4
,"Lawrence County, IN","18093","2019","2019","Unintentional","1","Motor Vehicle Traffic","GRINJ-008",10,45370,22.0,10.6,40.5
,"Madison County, IN","18095","2019","2019","Unintentional","1","Fall","GRINJ-003",22,129569,17.0,10.6,25.7
,"Madison County, IN","18095","2019","2019","Unintentional","1","Motor Vehicle Traffic","GRINJ-008",19,129569,14.7,8.8,22.9
,"Madison County, IN","18095","2019","2019","Unintentional","1","Poisoning","GRINJ-015",55,129569,42.4,32.0,55.3
,"Madison County, IN","18095","2019","2019","Suicide","2","Firearm","GRINJ-006",17,129569,13.1,7.6,21.0
,"Madison County, IN","18095","2019","2019","Suicide","2","Suffocation","GRINJ-017",10,129569,7.7,3.7,14.2
,"Marion County, IN","18097","2019","2019","Unintentional","1","Drowning","GRINJ-002",17,964582,1.8,1.0,2.8
,"Marion County, IN","18097","2019","2019","Unintentional","1","Fall","GRINJ-003",59,964582,6.1,4.7,7.9
,"Marion County, IN","18097","2019","2019","Unintentional","1","Fire/Flame","GRINJ-004",13,964582,1.3,0.7,2.3
,"Marion County, IN","18097","2019","2019","Unintentional","1","Motor Vehicle Traffic","GRINJ-008",116,964582,12.0,9.8,14.2
,"Marion County, IN","18097","2019","2019","Unintentional","1","Natural/Environmental","GRINJ-013",12,964582,1.2,0.6,2.2
,"Marion County, IN","18097","2019","2019","Unintentional","1","Poisoning","GRINJ-015",376,964582,39.0,35.0,42.9
,"Marion County, IN","18097","2019","2019","Unintentional","1","Suffocation","GRINJ-017",33,964582,3.4,2.4,4.8
,"Marion County, IN","18097","2019","2019","Unintentional","1","Unspecified Injury","GRINJ-020",32,964582,3.3,2.3,4.7
,"Marion County, IN","18097","2019","2019","Suicide","2","Firearm","GRINJ-006",74,964582,7.7,6.0,9.6
,"Marion County, IN","18097","2019","2019","Suicide","2","Poisoning","GRINJ-015",19,964582,2.0,1.2,3.1
,"Marion County, IN","18097","2019","2019","Suicide","2","Suffocation","GRINJ-017",27,964582,2.8,1.8,4.1
,"Marion County, IN","18097","2019","2019","Homicide","3","Cut/Pierce","GRINJ-001",12,964582,1.2,0.6,2.2
,"Marion County, IN","18097","2019","2019","Homicide","3","Firearm","GRINJ-006",135,964582,14.0,11.6,16.4
,"Marion County, IN","18097","2019","2019","Homicide","3","Unspecified Injury","GRINJ-020",10,964582,1.0,0.5,1.9
,"Marion County, IN","18097","2019","2019","Undetermined ","4","Poisoning","GRINJ-015",10,964582,1.0,0.5,1.9
,"Marshall County, IN","18099","2019","2019","Unintentional","1","Motor Vehicle Traffic","GRINJ-008",10,46258,21.6,10.4,39.8
,"Monroe County, IN","18105","2019","2019","Unintentional","1","Motor Vehicle Traffic","GRINJ-008",10,148431,6.7,3.2,12.4
,"Monroe County, IN","18105","2019","2019","Unintentional","1","Poisoning","GRINJ-015",24,148431,16.2,10.4,24.1
,"Morgan County, IN","18109","2019","2019","Unintentional","1","Motor Vehicle Traffic","GRINJ-008",11,70489,15.6,7.8,27.9
,"Morgan County, IN","18109","2019","2019","Unintentional","1","Poisoning","GRINJ-015",22,70489,31.2,19.6,47.3
,"Morgan County, IN","18109","2019","2019","Suicide","2","Firearm","GRINJ-006",12,70489,17.0,8.8,29.7
,"Noble County, IN","18113","2019","2019","Unintentional","1","Motor Vehicle Traffic","GRINJ-008",15,47744,31.4,17.6,51.8
,"Porter County, IN","18127","2019","2019","Unintentional","1","Motor Vehicle Traffic","GRINJ-008",10,170389,5.9,2.8,10.8
,"Porter County, IN","18127","2019","2019","Unintentional","1","Poisoning","GRINJ-015",42,170389,24.6,17.8,33.3
,"Porter County, IN","18127","2019","2019","Suicide","2","Firearm","GRINJ-006",13,170389,7.6,4.1,13.0
,"St. Joseph County, IN","18141","2019","2019","Unintentional","1","Fall","GRINJ-003",10,271826,3.7,1.8,6.8
,"St. Joseph County, IN","18141","2019","2019","Unintentional","1","Motor Vehicle Traffic","GRINJ-008",33,271826,12.1,8.4,17.0
,"St. Joseph County, IN","18141","2019","2019","Unintentional","1","Poisoning","GRINJ-015",40,271826,14.7,10.5,20.0
,"St. Joseph County, IN","18141","2019","2019","Unintentional","1","Unspecified Injury","GRINJ-020",17,271826,6.3,3.6,10.0
,"St. Joseph County, IN","18141","2019","2019","Suicide","2","Firearm","GRINJ-006",24,271826,8.8,5.7,13.1
,"St. Joseph County, IN","18141","2019","2019","Suicide","2","Suffocation","GRINJ-017",15,271826,5.5,3.1,9.1
,"St. Joseph County, IN","18141","2019","2019","Homicide","3","Firearm","GRINJ-006",12,271826,4.4,2.3,7.7
,"Scott County, IN","18143","2019","2019","Unintentional","1","Motor Vehicle Traffic","GRINJ-008",10,23873,41.9,20.1,77.0
,"Shelby County, IN","18145","2019","2019","Unintentional","1","Poisoning","GRINJ-015",10,44729,22.4,10.7,41.1
,"Starke County, IN","18149","2019","2019","Unintentional","1","Poisoning","GRINJ-015",11,22995,47.8,23.9,85.6
,"Tippecanoe County, IN","18157","2019","2019","Unintentional","1","Motor Vehicle Traffic","GRINJ-008",13,195732,6.6,3.5,11.4
,"Tippecanoe County, IN","18157","2019","2019","Unintentional","1","Poisoning","GRINJ-015",42,195732,21.5,15.5,29.0
,"Tippecanoe County, IN","18157","2019","2019","Suicide","2","Firearm","GRINJ-006",13,195732,6.6,3.5,11.4
,"Vanderburgh County, IN","18163","2019","2019","Unintentional","1","Fall","GRINJ-003",33,181451,18.2,12.5,25.5
,"Vanderburgh County, IN","18163","2019","2019","Unintentional","1","Motor Vehicle Traffic","GRINJ-008",16,181451,8.8,5.0,14.3
,"Vanderburgh County, IN","18163","2019","2019","Unintentional","1","Poisoning","GRINJ-015",32,181451,17.6,12.1,24.9
,"Vanderburgh County, IN","18163","2019","2019","Suicide","2","Firearm","GRINJ-006",16,181451,8.8,5.0,14.3
,"Vigo County, IN","18167","2019","2019","Unintentional","1","Fall","GRINJ-003",10,107038,9.3,4.5,17.2
,"Vigo County, IN","18167","2019","2019","Unintentional","1","Poisoning","GRINJ-015",13,107038,12.1,6.5,20.8
,"Washington County, IN","18175","2019","2019","Unintentional","1","Motor Vehicle Traffic","GRINJ-008",10,28036,35.7,17.1,65.6
,"Wayne County, IN","18177","2019","2019","Unintentional","1","Poisoning","GRINJ-015",50,65884,75.9,56.3,100.1
,"Wells County, IN","18179","2019","2019","Unintentional","1","Poisoning","GRINJ-015",11,28296,38.9,19.4,69.6
,"Black Hawk County, IA","19013","2019","2019","Unintentional","1","Fall","GRINJ-003",13,131228,9.9,5.3,16.9
,"Black Hawk County, IA","19013","2019","2019","Unintentional","1","Motor Vehicle Traffic","GRINJ-008",10,131228,7.6,3.7,14.0
,"Black Hawk County, IA","19013","2019","2019","Suicide","2","Suffocation","GRINJ-017",10,131228,7.6,3.7,14.0
,"Cerro Gordo County, IA","19033","2019","2019","Unintentional","1","Fall","GRINJ-003",23,42450,54.2,34.3,81.3
,"Clinton County, IA","19045","2019","2019","Unintentional","1","Fall","GRINJ-003",10,46429,21.5,10.3,39.6
,"Dubuque County, IA","19061","2019","2019","Unintentional","1","Fall","GRINJ-003",16,97311,16.4,9.4,26.7
,"Johnson County, IA","19103","2019","2019","Unintentional","1","Fall","GRINJ-003",28,151140,18.5,12.3,26.8
,"Johnson County, IA","19103","2019","2019","Unintentional","1","Motor Vehicle Traffic","GRINJ-008",13,151140,8.6,4.6,14.7
,"Linn County, IA","19113","2019","2019","Unintentional","1","Fall","GRINJ-003",25,226706,11.0,7.1,16.3
,"Linn County, IA","19113","2019","2019","Unintentional","1","Motor Vehicle Traffic","GRINJ-008",20,226706,8.8,5.4,13.6
,"Linn County, IA","19113","2019","2019","Unintentional","1","Poisoning","GRINJ-015",31,226706,13.7,9.3,19.4
,"Linn County, IA","19113","2019","2019","Unintentional","1","Suffocation","GRINJ-017",10,226706,4.4,2.1,8.1
,"Linn County, IA","19113","2019","2019","Suicide","2","Firearm","GRINJ-006",14,226706,6.2,3.4,10.4
,"Linn County, IA","19113","2019","2019","Suicide","2","Suffocation","GRINJ-017",19,226706,8.4,5.0,13.1
,"Marshall County, IA","19127","2019","2019","Unintentional","1","Fall","GRINJ-003",10,39369,25.4,12.2,46.7
,"Marshall County, IA","19127","2019","2019","Unintentional","1","Motor Vehicle Traffic","GRINJ-008",10,39369,25.4,12.2,46.7
,"Polk County, IA","19153","2019","2019","Unintentional","1","Fall","GRINJ-003",75,490161,15.3,12.0,19.2
,"Polk County, IA","19153","2019","2019","Unintentional","1","Motor Vehicle Traffic","GRINJ-008",35,490161,7.1,5.0,9.9
,"Polk County, IA","19153","2019","2019","Unintentional","1","Poisoning","GRINJ-015",107,490161,21.8,17.7,26.0
,"Polk County, IA","19153","2019","2019","Unintentional","1","Suffocation","GRINJ-017",12,490161,2.4,1.3,4.3
,"Polk County, IA","19153","2019","2019","Suicide","2","Firearm","GRINJ-006",38,490161,7.8,5.5,10.6
,"Polk County, IA","19153","2019","2019","Suicide","2","Poisoning","GRINJ-015",16,490161,3.3,1.9,5.3
,"Polk County, IA","19153","2019","2019","Suicide","2","Suffocation","GRINJ-017",34,490161,6.9,4.8,9.7
,"Polk County, IA","19153","2019","2019","Homicide","3","Firearm","GRINJ-006",11,490161,2.2,1.1,4.0
,"Pottawattamie County, IA","19155","2019","2019","Unintentional","1","Fall","GRINJ-003",15,93206,16.1,9.0,26.5
,"Pottawattamie County, IA","19155","2019","2019","Unintentional","1","Motor Vehicle Traffic","GRINJ-008",16,93206,17.2,9.8,27.9
,"Pottawattamie County, IA","19155","2019","2019","Suicide","2","Firearm","GRINJ-006",10,93206,10.7,5.1,19.7
,"Scott County, IA","19163","2019","2019","Unintentional","1","Fall","GRINJ-003",30,172943,17.3,11.7,24.8
,"Scott County, IA","19163","2019","2019","Unintentional","1","Poisoning","GRINJ-015",24,172943,13.9,8.9,20.6
,"Scott County, IA","19163","2019","2019","Suicide","2","Firearm","GRINJ-006",15,172943,8.7,4.9,14.3
,"Story County, IA","19169","2019","2019","Unintentional","1","Fall","GRINJ-003",10,97117,10.3,4.9,18.9
,"Warren County, IA","19181","2019","2019","Unintentional","1","Fall","GRINJ-003",12,51466,23.3,12.0,40.7
,"Woodbury County, IA","19193","2019","2019","Unintentional","1","Motor Vehicle Traffic","GRINJ-008",19,103107,18.4,11.1,28.8
,"Butler County, KS","20015","2019","2019","Unintentional","1","Motor Vehicle Traffic","GRINJ-008",11,66911,16.4,8.2,29.4
,"Crawford County, KS","20037","2019","2019","Unintentional","1","Fall","GRINJ-003",10,38818,25.8,12.4,47.4
,"Douglas County, KS","20045","2019","2019","Unintentional","1","Fall","GRINJ-003",16,122259,13.1,7.5,21.3
,"Douglas County, KS","20045","2019","2019","Unintentional","1","Poisoning","GRINJ-015",18,122259,14.7,8.7,23.3
,"Finney County, KS","20055","2019","2019","Unintentional","1","Motor Vehicle Traffic","GRINJ-008",10,36467,27.4,13.1,50.4
,"Johnson County, KS","20091","2019","2019","Unintentional","1","Fall","GRINJ-003",79,602401,13.1,10.4,16.3
,"Johnson County, KS","20091","2019","2019","Unintentional","1","Motor Vehicle Traffic","GRINJ-008",27,602401,4.5,3.0,6.5
,"Johnson County, KS","20091","2019","2019","Unintentional","1","Poisoning","GRINJ-015",57,602401,9.5,7.2,12.3
,"Johnson County, KS","20091","2019","2019","Unintentional","1","Suffocation","GRINJ-017",13,602401,2.2,1.1,3.7
,"Johnson County, KS","20091","2019","2019","Suicide","2","Firearm","GRINJ-006",43,602401,7.1,5.2,9.6
,"Johnson County, KS","20091","2019","2019","Suicide","2","Poisoning","GRINJ-015",18,602401,3.0,1.8,4.7
,"Johnson County, KS","20091","2019","2019","Suicide","2","Suffocation","GRINJ-017",24,602401,4.0,2.6,5.9
,"Johnson County, KS","20091","2019","2019","Homicide","3","Firearm","GRINJ-006",12,602401,2.0,1.0,3.5
,"Leavenworth County, KS","20103","2019","2019","Unintentional","1","Fall","GRINJ-003",14,81758,17.1,9.4,28.7
,"Leavenworth County, KS","20103","2019","2019","Unintentional","1","Motor Vehicle Traffic","GRINJ-008",15,81758,18.3,10.3,30.3
,"Leavenworth County, KS","20103","2019","2019","Unintentional","1","Poisoning","GRINJ-015",17,81758,20.8,12.1,33.3
,"McPherson County, KS","20113","2019","2019","Unintentional","1","Fall","GRINJ-003",10,28542,35.0,16.8,64.4
,"Reno County, KS","20155","2019","2019","Unintentional","1","Fall","GRINJ-003",21,61998,33.9,21.0,51.8
,"Reno County, KS","20155","2019","2019","Unintentional","1","Poisoning","GRINJ-015",13,61998,21.0,11.2,35.9
,"Reno County, KS","20155","2019","2019","Suicide","2","Firearm","GRINJ-006",12,61998,19.4,10.0,33.8
,"Sedgwick County, KS","20173","2019","2019","Unintentional","1","Fall","GRINJ-003",84,516042,16.3,13.0,20.2
,"Sedgwick County, KS","20173","2019","2019","Unintentional","1","Motor Vehicle Traffic","GRINJ-008",65,516042,12.6,9.7,16.1
,"Sedgwick County, KS","20173","2019","2019","Unintentional","1","Poisoning","GRINJ-015",98,516042,19.0,15.4,23.1
,"Sedgwick County, KS","20173","2019","2019","Unintentional","1","Unspecified Injury","GRINJ-020",11,516042,2.1,1.1,3.8
,"Sedgwick County, KS","20173","2019","2019","Suicide","2","Firearm","GRINJ-006",49,516042,9.5,7.0,12.6
,"Sedgwick County, KS","20173","2019","2019","Suicide","2","Poisoning","GRINJ-015",13,516042,2.5,1.3,4.3
,"Sedgwick County, KS","20173","2019","2019","Suicide","2","Suffocation","GRINJ-017",30,516042,5.8,3.9,8.3
,"Sedgwick County, KS","20173","2019","2019","Homicide","3","Firearm","GRINJ-006",25,516042,4.8,3.1,7.2
,"Shawnee County, KS","20177","2019","2019","Unintentional","1","Fall","GRINJ-003",34,176875,19.2,13.3,26.9
,"Shawnee County, KS","20177","2019","2019","Unintentional","1","Motor Vehicle Traffic","GRINJ-008",22,176875,12.4,7.8,18.8
,"Shawnee County, KS","20177","2019","2019","Unintentional","1","Poisoning","GRINJ-015",35,176875,19.8,13.8,27.5
,"Shawnee County, KS","20177","2019","2019","Suicide","2","Firearm","GRINJ-006",21,176875,11.9,7.3,18.1
,"Shawnee County, KS","20177","2019","2019","Homicide","3","Firearm","GRINJ-006",11,176875,6.2,3.1,11.1
,"Wyandotte County, KS","20209","2019","2019","Unintentional","1","Fall","GRINJ-003",15,165429,9.1,5.1,15.0
,"Wyandotte County, KS","20209","2019","2019","Unintentional","1","Motor Vehicle Traffic","GRINJ-008",23,165429,13.9,8.8,20.9
,"Wyandotte County, KS","20209","2019","2019","Unintentional","1","Poisoning","GRINJ-015",25,165429,15.1,9.8,22.3
,"Wyandotte County, KS","20209","2019","2019","Suicide","2","Firearm","GRINJ-006",11,165429,6.6,3.3,11.9
,"Wyandotte County, KS","20209","2019","2019","Homicide","3","Firearm","GRINJ-006",24,165429,14.5,9.3,21.6
,"Allen County, KY","21003","2019","2019","Unintentional","1","Poisoning","GRINJ-015",10,21315,46.9,22.5,86.3
,"Anderson County, KY","21005","2019","2019","Unintentional","1","Poisoning","GRINJ-015",10,22747,44.0,21.1,80.8
,"Barren County, KY","21009","2019","2019","Unintentional","1","Motor Vehicle Traffic","GRINJ-008",12,44249,27.1,14.0,47.4
,"Bell County, KY","21013","2019","2019","Unintentional","1","Poisoning","GRINJ-015",11,26032,42.3,21.1,75.6
,"Boone County, KY","21015","2019","2019","Unintentional","1","Fall","GRINJ-003",11,133581,8.2,4.1,14.7
,"Boone County, KY","21015","2019","2019","Unintentional","1","Motor Vehicle Traffic","GRINJ-008",11,133581,8.2,4.1,14.7
,"Boone County, KY","21015","2019","2019","Unintentional","1","Poisoning","GRINJ-015",33,133581,24.7,17.0,34.7
,"Boyd County, KY","21019","2019","2019","Unintentional","1","Poisoning","GRINJ-015",30,46718,64.2,43.3,91.7
,"Bullitt County, KY","21029","2019","2019","Unintentional","1","Motor Vehicle Traffic","GRINJ-008",12,81676,14.7,7.6,25.7
,"Bullitt County, KY","21029","2019","2019","Unintentional","1","Poisoning","GRINJ-015",28,81676,34.3,22.8,49.5
,"Campbell County, KY","21037","2019","2019","Unintentional","1","Fall","GRINJ-003",10,93584,10.7,5.1,19.7
,"Campbell County, KY","21037","2019","2019","Unintentional","1","Poisoning","GRINJ-015",40,93584,42.7,30.5,58.2
,"Christian County, KY","21047","2019","2019","Unintentional","1","Poisoning","GRINJ-015",11,70461,15.6,7.8,27.9
,"Clark County, KY","21049","2019","2019","Unintentional","1","Fall","GRINJ-003",10,36263,27.6,13.2,50.7
,"Clark County, KY","21049","2019","2019","Unintentional","1","Poisoning","GRINJ-015",16,36263,44.1,25.2,71.7
,"Daviess County, KY","21059","2019","2019","Unintentional","1","Motor Vehicle Traffic","GRINJ-008",14,101511,13.8,7.5,23.1
,"Daviess County, KY","21059","2019","2019","Unintentional","1","Poisoning","GRINJ-015",12,101511,11.8,6.1,20.6
,"Estill County, KY","21065","2019","2019","Unintentional","1","Poisoning","GRINJ-015",11,14106,78.0,38.9,139.5
,"Fayette County, KY","21067","2019","2019","Unintentional","1","Fall","GRINJ-003",31,323152,9.6,6.5,13.6
,"Fayette County, KY","21067","2019","2019","Unintentional","1","Motor Vehicle Traffic","GRINJ-008",24,323152,7.4,4.8,11.1
,"Fayette County, KY","21067","2019","2019","Unintentional","1","Poisoning","GRINJ-015",105,323152,32.5,26.3,38.7
,"Fayette County, KY","21067","2019","2019","Suicide","2","Firearm","GRINJ-006",22,323152,6.8,4.3,10.3
,"Fayette County, KY","21067","2019","2019","Suicide","2","Suffocation","GRINJ-017",11,323152,3.4,1.7,6.1
,"Fayette County, KY","21067","2019","2019","Homicide","3","Firearm","GRINJ-006",18,323152,5.6,3.3,8.8
,"Floyd County, KY","21071","2019","2019","Unintentional","1","Poisoning","GRINJ-015",13,35589,36.5,19.4,62.5
,"Franklin County, KY","21073","2019","2019","Unintentional","1","Poisoning","GRINJ-015",18,50991,35.3,20.9,55.8
,"Grant County, KY","21081","2019","2019","Unintentional","1","Poisoning","GRINJ-015",18,25069,71.8,42.6,113.5
,"Graves County, KY","21083","2019","2019","Unintentional","1","Motor Vehicle Traffic","GRINJ-008",14,37266,37.6,20.5,63.0
,"Greenup County, KY","21089","2019","2019","Unintentional","1","Poisoning","GRINJ-015",28,35098,79.8,53.0,115.3
,"Hardin County, KY","21093","2019","2019","Unintentional","1","Motor Vehicle Traffic","GRINJ-008",23,110958,20.7,13.1,31.1
,"Hardin County, KY","21093","2019","2019","Unintentional","1","Poisoning","GRINJ-015",24,110958,21.6,13.9,32.2
,"Hardin County, KY","21093","2019","2019","Suicide","2","Firearm","GRINJ-006",14,110958,12.6,6.9,21.2
,"Hardin County, KY","21093","2019","2019","Suicide","2","Suffocation","GRINJ-017",10,110958,9.0,4.3,16.6
,"Harlan County, KY","21095","2019","2019","Unintentional","1","Poisoning","GRINJ-015",10,26010,38.4,18.4,70.7
,"Hopkins County, KY","21107","2019","2019","Suicide","2","Firearm","GRINJ-006",10,44686,22.4,10.7,41.2
,"Jefferson County, KY","21111","2019","2019","Unintentional","1","Fall","GRINJ-003",78,766757,10.2,8.0,12.7
,"Jefferson County, KY","21111","2019","2019","Unintentional","1","Motor Vehicle Traffic","GRINJ-008",98,766757,12.8,10.4,15.6
,"Jefferson County, KY","21111","2019","2019","Unintentional","1","Poisoning","GRINJ-015",309,766757,40.3,35.8,44.8
,"Jefferson County, KY","21111","2019","2019","Unintentional","1","Suffocation","GRINJ-017",14,766757,1.8,1.0,3.1
,"Jefferson County, KY","21111","2019","2019","Unintentional","1","Unspecified Injury","GRINJ-020",31,766757,4.0,2.7,5.7
,"Jefferson County, KY","21111","2019","2019","Suicide","2","Firearm","GRINJ-006",53,766757,6.9,5.2,9.0
,"Jefferson County, KY","21111","2019","2019","Suicide","2","Poisoning","GRINJ-015",26,766757,3.4,2.2,5.0
,"Jefferson County, KY","21111","2019","2019","Suicide","2","Suffocation","GRINJ-017",38,766757,5.0,3.5,6.8
,"Jefferson County, KY","21111","2019","2019","Homicide","3","Firearm","GRINJ-006",87,766757,11.3,9.1,14.0
,"Jessamine County, KY","21113","2019","2019","Unintentional","1","Poisoning","GRINJ-015",21,54115,38.8,24.0,59.3
,"Kenton County, KY","21117","2019","2019","Unintentional","1","Motor Vehicle Traffic","GRINJ-008",12,166998,7.2,3.7,12.6
,"Kenton County, KY","21117","2019","2019","Unintentional","1","Poisoning","GRINJ-015",87,166998,52.1,41.7,64.3
,"Kenton County, KY","21117","2019","2019","Suicide","2","Firearm","GRINJ-006",18,166998,10.8,6.4,17.0
,"Laurel County, KY","21125","2019","2019","Unintentional","1","Motor Vehicle Traffic","GRINJ-008",11,60813,18.1,9.0,32.4
,"Letcher County, KY","21133","2019","2019","Unintentional","1","Motor Vehicle Traffic","GRINJ-008",10,21553,46.4,22.2,85.3
,"McCracken County, KY","21145","2019","2019","Unintentional","1","Motor Vehicle Traffic","GRINJ-008",11,65418,16.8,8.4,30.1
,"McCracken County, KY","21145","2019","2019","Unintentional","1","Poisoning","GRINJ-015",15,65418,22.9,12.8,37.8
,"Madison County, KY","21151","2019","2019","Unintentional","1","Poisoning","GRINJ-015",53,92987,57.0,42.7,74.6
,"Nelson County, KY","21179","2019","2019","Unintentional","1","Motor Vehicle Traffic","GRINJ-008",10,46233,21.6,10.4,39.8
,"Nelson County, KY","21179","2019","2019","Unintentional","1","Poisoning","GRINJ-015",12,46233,26.0,13.4,45.3
,"Oldham County, KY","21185","2019","2019","Unintentional","1","Poisoning","GRINJ-015",15,66799,22.5,12.6,37.0
,"Perry County, KY","21193","2019","2019","Unintentional","1","Motor Vehicle Traffic","GRINJ-008",14,25758,54.4,29.7,91.2
,"Pike County, KY","21195","2019","2019","Unintentional","1","Motor Vehicle Traffic","GRINJ-008",17,57876,29.4,17.1,47.0
,"Pike County, KY","21195","2019","2019","Unintentional","1","Poisoning","GRINJ-015",23,57876,39.7,25.2,59.6
,"Pulaski County, KY","21199","2019","2019","Unintentional","1","Motor Vehicle Traffic","GRINJ-008",12,64979,18.5,9.5,32.3
,"Pulaski County, KY","21199","2019","2019","Unintentional","1","Poisoning","GRINJ-015",13,64979,20.0,10.7,34.2
,"Scott County, KY","21209","2019","2019","Unintentional","1","Motor Vehicle Traffic","GRINJ-008",11,57004,19.3,9.6,34.5
,"Scott County, KY","21209","2019","2019","Unintentional","1","Poisoning","GRINJ-015",14,57004,24.6,13.4,41.2
,"Shelby County, KY","21211","2019","2019","Unintentional","1","Poisoning","GRINJ-015",15,49024,30.6,17.1,50.5
,"Warren County, KY","21227","2019","2019","Unintentional","1","Motor Vehicle Traffic","GRINJ-008",12,132896,9.0,4.7,15.8
,"Warren County, KY","21227","2019","2019","Unintentional","1","Poisoning","GRINJ-015",19,132896,14.3,8.6,22.3
,"Warren County, KY","21227","2019","2019","Suicide","2","Firearm","GRINJ-006",10,132896,7.5,3.6,13.8
,"Acadia Parish, LA","22001","2019","2019","Unintentional","1","Motor Vehicle Traffic","GRINJ-008",12,62045,19.3,10.0,33.8
,"Acadia Parish, LA","22001","2019","2019","Undetermined ","4","Poisoning","GRINJ-015",11,62045,17.7,8.9,31.7
,"Ascension Parish, LA","22005","2019","2019","Unintentional","1","Motor Vehicle Traffic","GRINJ-008",18,126604,14.2,8.4,22.5
,"Ascension Parish, LA","22005","2019","2019","Unintentional","1","Poisoning","GRINJ-015",28,126604,22.1,14.7,32.0
,"Avoyelles Parish, LA","22009","2019","2019","Unintentional","1","Motor Vehicle Traffic","GRINJ-008",12,40144,29.9,15.4,52.2
,"Bossier Parish, LA","22015","2019","2019","Unintentional","1","Motor Vehicle Traffic","GRINJ-008",12,127039,9.4,4.9,16.5
,"Bossier Parish, LA","22015","2019","2019","Unintentional","1","Poisoning","GRINJ-015",12,127039,9.4,4.9,16.5
,"Bossier Parish, LA","22015","2019","2019","Suicide","2","Firearm","GRINJ-006",10,127039,7.9,3.8,14.5
,"Caddo Parish, LA","22017","2019","2019","Unintentional","1","Fall","GRINJ-003",21,240204,8.7,5.4,13.4
,"Caddo Parish, LA","22017","2019","2019","Unintentional","1","Motor Vehicle Traffic","GRINJ-008",35,240204,14.6,10.1,20.3
,"Caddo Parish, LA","22017","2019","2019","Unintentional","1","Poisoning","GRINJ-015",30,240204,12.5,8.4,17.8
,"Caddo Parish, LA","22017","2019","2019","Suicide","2","Firearm","GRINJ-006",19,240204,7.9,4.8,12.4
,"Caddo Parish, LA","22017","2019","2019","Homicide","3","Firearm","GRINJ-006",42,240204,17.5,12.6,23.6
,"Calcasieu Parish, LA","22019","2019","2019","Unintentional","1","Fall","GRINJ-003",17,203436,8.4,4.9,13.4
,"Calcasieu Parish, LA","22019","2019","2019","Unintentional","1","Motor Vehicle Traffic","GRINJ-008",32,203436,15.7,10.8,22.2
,"Calcasieu Parish, LA","22019","2019","2019","Suicide","2","Firearm","GRINJ-006",24,203436,11.8,7.6,17.6
,"Calcasieu Parish, LA","22019","2019","2019","Suicide","2","Suffocation","GRINJ-017",17,203436,8.4,4.9,13.4
,"Calcasieu Parish, LA","22019","2019","2019","Homicide","3","Firearm","GRINJ-006",15,203436,7.4,4.1,12.2
,"Calcasieu Parish, LA","22019","2019","2019","Undetermined ","4","Poisoning","GRINJ-015",27,203436,13.3,8.7,19.3
,"East Baton Rouge Parish, LA","22033","2019","2019","Unintentional","1","Fall","GRINJ-003",38,440059,8.6,6.1,11.9
,"East Baton Rouge Parish, LA","22033","2019","2019","Unintentional","1","Motor Vehicle Traffic","GRINJ-008",62,440059,14.1,10.8,18.1
,"East Baton Rouge Parish, LA","22033","2019","2019","Unintentional","1","Poisoning","GRINJ-015",125,440059,28.4,23.4,33.4
,"East Baton Rouge Parish, LA","22033","2019","2019","Unintentional","1","Suffocation","GRINJ-017",24,440059,5.5,3.5,8.1
,"East Baton Rouge Parish, LA","22033","2019","2019","Unintentional","1","Unspecified Injury","GRINJ-020",17,440059,3.9,2.3,6.2
,"East Baton Rouge Parish, LA","22033","2019","2019","Suicide","2","Firearm","GRINJ-006",44,440059,10.0,7.3,13.4
,"East Baton Rouge Parish, LA","22033","2019","2019","Suicide","2","Suffocation","GRINJ-017",13,440059,3.0,1.6,5.1
,"East Baton Rouge Parish, LA","22033","2019","2019","Homicide","3","Firearm","GRINJ-006",95,440059,21.6,17.5,26.4
,"East Feliciana Parish, LA","22037","2019","2019","Unintentional","1","Motor Vehicle Traffic","GRINJ-008",10,19135,52.3,25.1,96.1
,"Iberia Parish, LA","22045","2019","2019","Unintentional","1","Motor Vehicle Traffic","GRINJ-008",12,69830,17.2,8.9,30.0
,"Iberia Parish, LA","22045","2019","2019","Unintentional","1","Poisoning","GRINJ-015",13,69830,18.6,9.9,31.8
,"Jefferson Parish, LA","22051","2019","2019","Unintentional","1","Fall","GRINJ-003",44,432493,10.2,7.4,13.7
,"Jefferson Parish, LA","22051","2019","2019","Unintentional","1","Motor Vehicle Traffic","GRINJ-008",41,432493,9.5,6.8,12.9
,"Jefferson Parish, LA","22051","2019","2019","Unintentional","1","Poisoning","GRINJ-015",154,432493,35.6,30.0,41.2
,"Jefferson Parish, LA","22051","2019","2019","Unintentional","1","Suffocation","GRINJ-017",26,432493,6.0,3.9,8.8
,"Jefferson Parish, LA","22051","2019","2019","Suicide","2","Firearm","GRINJ-006",35,432493,8.1,5.6,11.3
,"Jefferson Parish, LA","22051","2019","2019","Suicide","2","Suffocation","GRINJ-017",15,432493,3.5,1.9,5.7
,"Jefferson Parish, LA","22051","2019","2019","Homicide","3","Firearm","GRINJ-006",58,432493,13.4,10.2,17.3
,"Jefferson Davis Parish, LA","22053","2019","2019","Undetermined ","4","Poisoning","GRINJ-015",11,31368,35.1,17.5,62.7
,"Lafayette Parish, LA","22055","2019","2019","Unintentional","1","Motor Vehicle Traffic","GRINJ-008",21,244390,8.6,5.3,13.1
,"Lafayette Parish, LA","22055","2019","2019","Unintentional","1","Poisoning","GRINJ-015",65,244390,26.6,20.5,33.9
,"Lafayette Parish, LA","22055","2019","2019","Suicide","2","Firearm","GRINJ-006",25,244390,10.2,6.6,15.1
,"Lafayette Parish, LA","22055","2019","2019","Homicide","3","Firearm","GRINJ-006",15,244390,6.1,3.4,10.1
,"Lafourche Parish, LA","22057","2019","2019","Unintentional","1","Motor Vehicle Traffic","GRINJ-008",14,97614,14.3,7.8,24.1
,"Lafourche Parish, LA","22057","2019","2019","Unintentional","1","Poisoning","GRINJ-015",21,97614,21.5,13.3,32.9
,"Lafourche Parish, LA","22057","2019","2019","Suicide","2","Firearm","GRINJ-006",11,97614,11.3,5.6,20.2
,"Livingston Parish, LA","22063","2019","2019","Unintentional","1","Fall","GRINJ-003",13,140789,9.2,4.9,15.8
,"Livingston Parish, LA","22063","2019","2019","Unintentional","1","Motor Vehicle Traffic","GRINJ-008",34,140789,24.1,16.7,33.7
,"Livingston Parish, LA","22063","2019","2019","Unintentional","1","Poisoning","GRINJ-015",51,140789,36.2,27.0,47.6
,"Livingston Parish, LA","22063","2019","2019","Suicide","2","Firearm","GRINJ-006",12,140789,8.5,4.4,14.9
,"Livingston Parish, LA","22063","2019","2019","Homicide","3","Firearm","GRINJ-006",11,140789,7.8,3.9,14.0
,"Morehouse Parish, LA","22067","2019","2019","Unintentional","1","Motor Vehicle Traffic","GRINJ-008",11,24874,44.2,22.1,79.1
,"Natchitoches Parish, LA","22069","2019","2019","Unintentional","1","Motor Vehicle Traffic","GRINJ-008",10,38158,26.2,12.6,48.2
,"Orleans Parish, LA","22071","2019","2019","Unintentional","1","Fall","GRINJ-003",29,390144,7.4,5.0,10.7
,"Orleans Parish, LA","22071","2019","2019","Unintentional","1","Motor Vehicle Traffic","GRINJ-008",40,390144,10.3,7.3,14.0
,"Orleans Parish, LA","22071","2019","2019","Unintentional","1","Poisoning","GRINJ-015",172,390144,44.1,37.5,50.7
,"Orleans Parish, LA","22071","2019","2019","Unintentional","1","Suffocation","GRINJ-017",11,390144,2.8,1.4,5.0
,"Orleans Parish, LA","22071","2019","2019","Unintentional","1","Unspecified Injury","GRINJ-020",12,390144,3.1,1.6,5.4
,"Orleans Parish, LA","22071","2019","2019","Suicide","2","Firearm","GRINJ-006",20,390144,5.1,3.1,7.9
,"Orleans Parish, LA","22071","2019","2019","Suicide","2","Suffocation","GRINJ-017",12,390144,3.1,1.6,5.4
,"Orleans Parish, LA","22071","2019","2019","Homicide","3","Firearm","GRINJ-006",107,390144,27.4,22.2,32.6
,"Ouachita Parish, LA","22073","2019","2019","Unintentional","1","Fall","GRINJ-003",22,153279,14.4,9.0,21.7
,"Ouachita Parish, LA","22073","2019","2019","Unintentional","1","Motor Vehicle Traffic","GRINJ-008",23,153279,15.0,9.5,22.5
,"Ouachita Parish, LA","22073","2019","2019","Unintentional","1","Poisoning","GRINJ-015",26,153279,17.0,11.1,24.9
,"Ouachita Parish, LA","22073","2019","2019","Suicide","2","Firearm","GRINJ-006",14,153279,9.1,5.0,15.3
,"Ouachita Parish, LA","22073","2019","2019","Homicide","3","Firearm","GRINJ-006",20,153279,13.0,8.0,20.2
,"Rapides Parish, LA","22079","2019","2019","Unintentional","1","Motor Vehicle Traffic","GRINJ-008",25,129648,19.3,12.5,28.5
,"Rapides Parish, LA","22079","2019","2019","Unintentional","1","Poisoning","GRINJ-015",47,129648,36.3,26.6,48.2
,"Rapides Parish, LA","22079","2019","2019","Unintentional","1","Suffocation","GRINJ-017",12,129648,9.3,4.8,16.2
,"Rapides Parish, LA","22079","2019","2019","Suicide","2","Firearm","GRINJ-006",15,129648,11.6,6.5,19.1
,"Rapides Parish, LA","22079","2019","2019","Homicide","3","Firearm","GRINJ-006",11,129648,8.5,4.2,15.2
,"St. Bernard Parish, LA","22087","2019","2019","Undetermined ","4","Poisoning","GRINJ-015",20,47244,42.3,25.9,65.4
,"St. Charles Parish, LA","22089","2019","2019","Unintentional","1","Motor Vehicle Traffic","GRINJ-008",10,53100,18.8,9.0,34.6
,"St. John the Baptist Parish, LA","22095","2019","2019","Unintentional","1","Motor Vehicle Traffic","GRINJ-008",12,42837,28.0,14.5,48.9
,"St. John the Baptist Parish, LA","22095","2019","2019","Unintentional","1","Poisoning","GRINJ-015",10,42837,23.3,11.2,42.9
,"St. John the Baptist Parish, LA","22095","2019","2019","Homicide","3","Firearm","GRINJ-006",10,42837,23.3,11.2,42.9
,"St. Landry Parish, LA","22097","2019","2019","Unintentional","1","Motor Vehicle Traffic","GRINJ-008",20,82124,24.4,14.9,37.6
,"St. Landry Parish, LA","22097","2019","2019","Unintentional","1","Poisoning","GRINJ-015",15,82124,18.3,10.2,30.1
,"St. Landry Parish, LA","22097","2019","2019","Suicide","2","Firearm","GRINJ-006",12,82124,14.6,7.6,25.5
,"St. Landry Parish, LA","22097","2019","2019","Homicide","3","Firearm","GRINJ-006",11,82124,13.4,6.7,24.0
,"St. Martin Parish, LA","22099","2019","2019","Unintentional","1","Motor Vehicle Traffic","GRINJ-008",13,53431,24.3,13.0,41.6
,"St. Martin Parish, LA","22099","2019","2019","Unintentional","1","Poisoning","GRINJ-015",12,53431,22.5,11.6,39.2
,"St. Tammany Parish, LA","22103","2019","2019","Unintentional","1","Fall","GRINJ-003",39,260419,15.0,10.6,20.5
,"St. Tammany Parish, LA","22103","2019","2019","Unintentional","1","Motor Vehicle Traffic","GRINJ-008",32,260419,12.3,8.4,17.3
,"St. Tammany Parish, LA","22103","2019","2019","Unintentional","1","Poisoning","GRINJ-015",95,260419,36.5,29.5,44.6
,"St. Tammany Parish, LA","22103","2019","2019","Suicide","2","Firearm","GRINJ-006",29,260419,11.1,7.5,16.0
,"St. Tammany Parish, LA","22103","2019","2019","Suicide","2","Suffocation","GRINJ-017",10,260419,3.8,1.8,7.1
,"Tangipahoa Parish, LA","22105","2019","2019","Unintentional","1","Motor Vehicle Traffic","GRINJ-008",16,134758,11.9,6.8,19.3
,"Tangipahoa Parish, LA","22105","2019","2019","Unintentional","1","Poisoning","GRINJ-015",44,134758,32.7,23.7,43.8
,"Tangipahoa Parish, LA","22105","2019","2019","Homicide","3","Firearm","GRINJ-006",11,134758,8.2,4.1,14.6
,"Terrebonne Parish, LA","22109","2019","2019","Unintentional","1","Motor Vehicle Traffic","GRINJ-008",11,110461,10.0,5.0,17.8
,"Terrebonne Parish, LA","22109","2019","2019","Unintentional","1","Poisoning","GRINJ-015",39,110461,35.3,25.1,48.3
,"Terrebonne Parish, LA","22109","2019","2019","Suicide","2","Firearm","GRINJ-006",11,110461,10.0,5.0,17.8
,"Terrebonne Parish, LA","22109","2019","2019","Homicide","3","Firearm","GRINJ-006",13,110461,11.8,6.3,20.1
,"Washington Parish, LA","22117","2019","2019","Unintentional","1","Motor Vehicle Traffic","GRINJ-008",11,46194,23.8,11.9,42.6
,"Washington Parish, LA","22117","2019","2019","Unintentional","1","Poisoning","GRINJ-015",50,46194,108.2,80.3,142.7
,"Androscoggin County, ME","23001","2019","2019","Unintentional","1","Fall","GRINJ-003",35,108277,32.3,22.5,45.0
,"Androscoggin County, ME","23001","2019","2019","Unintentional","1","Motor Vehicle Traffic","GRINJ-008",17,108277,15.7,9.1,25.1
,"Androscoggin County, ME","23001","2019","2019","Unintentional","1","Poisoning","GRINJ-015",34,108277,31.4,21.7,43.9
,"Androscoggin County, ME","23001","2019","2019","Suicide","2","Firearm","GRINJ-006",10,108277,9.2,4.4,17.0
,"Androscoggin County, ME","23001","2019","2019","Suicide","2","Suffocation","GRINJ-017",11,108277,10.2,5.1,18.2
,"Aroostook County, ME","23003","2019","2019","Unintentional","1","Fall","GRINJ-003",23,67055,34.3,21.7,51.5
,"Aroostook County, ME","23003","2019","2019","Unintentional","1","Poisoning","GRINJ-015",12,67055,17.9,9.2,31.3
,"Cumberland County, ME","23005","2019","2019","Unintentional","1","Fall","GRINJ-003",84,295003,28.5,22.7,35.3
,"Cumberland County, ME","23005","2019","2019","Unintentional","1","Motor Vehicle Traffic","GRINJ-008",18,295003,6.1,3.6,9.6
,"Cumberland County, ME","23005","2019","2019","Unintentional","1","Poisoning","GRINJ-015",84,295003,28.5,22.7,35.3
,"Cumberland County, ME","23005","2019","2019","Suicide","2","Firearm","GRINJ-006",17,295003,5.8,3.4,9.2
,"Cumberland County, ME","23005","2019","2019","Suicide","2","Poisoning","GRINJ-015",10,295003,3.4,1.6,6.2
,"Cumberland County, ME","23005","2019","2019","Suicide","2","Suffocation","GRINJ-017",12,295003,4.1,2.1,7.1
,"Hancock County, ME","23009","2019","2019","Unintentional","1","Fall","GRINJ-003",11,54987,20.0,10.0,35.8
,"Hancock County, ME","23009","2019","2019","Unintentional","1","Motor Vehicle Traffic","GRINJ-008",10,54987,18.2,8.7,33.4
,"Hancock County, ME","23009","2019","2019","Suicide","2","Firearm","GRINJ-006",11,54987,20.0,10.0,35.8
,"Kennebec County, ME","23011","2019","2019","Unintentional","1","Fall","GRINJ-003",33,122302,27.0,18.6,37.9
,"Kennebec County, ME","23011","2019","2019","Unintentional","1","Motor Vehicle Traffic","GRINJ-008",11,122302,9.0,4.5,16.1
,"Kennebec County, ME","23011","2019","2019","Unintentional","1","Poisoning","GRINJ-015",42,122302,34.3,24.8,46.4
,"Knox County, ME","23013","2019","2019","Unintentional","1","Fall","GRINJ-003",14,39772,35.2,19.2,59.1
,"Lincoln County, ME","23015","2019","2019","Unintentional","1","Fall","GRINJ-003",12,34634,34.6,17.9,60.5
,"Oxford County, ME","23017","2019","2019","Unintentional","1","Fall","GRINJ-003",13,57975,22.4,11.9,38.3
,"Oxford County, ME","23017","2019","2019","Unintentional","1","Motor Vehicle Traffic","GRINJ-008",14,57975,24.1,13.2,40.5
,"Oxford County, ME","23017","2019","2019","Unintentional","1","Poisoning","GRINJ-015",10,57975,17.2,8.3,31.7
,"Oxford County, ME","23017","2019","2019","Suicide","2","Firearm","GRINJ-006",10,57975,17.2,8.3,31.7
,"Penobscot County, ME","23019","2019","2019","Unintentional","1","Fall","GRINJ-003",36,152148,23.7,16.6,32.8
,"Penobscot County, ME","23019","2019","2019","Unintentional","1","Motor Vehicle Traffic","GRINJ-008",26,152148,17.1,11.2,25.0
,"Penobscot County, ME","23019","2019","2019","Unintentional","1","Poisoning","GRINJ-015",52,152148,34.2,25.5,44.8
,"Penobscot County, ME","23019","2019","2019","Suicide","2","Firearm","GRINJ-006",11,152148,7.2,3.6,12.9
,"Somerset County, ME","23025","2019","2019","Unintentional","1","Fall","GRINJ-003",11,50484,21.8,10.9,39.0
,"Somerset County, ME","23025","2019","2019","Unintentional","1","Motor Vehicle Traffic","GRINJ-008",13,50484,25.8,13.7,44.0
,"Somerset County, ME","23025","2019","2019","Unintentional","1","Poisoning","GRINJ-015",16,50484,31.7,18.1,51.5
,"Somerset County, ME","23025","2019","2019","Suicide","2","Firearm","GRINJ-006",14,50484,27.7,15.2,46.5
,"Washington County, ME","23029","2019","2019","Unintentional","1","Fall","GRINJ-003",10,31379,31.9,15.3,58.6
,"Washington County, ME","23029","2019","2019","Unintentional","1","Poisoning","GRINJ-015",12,31379,38.2,19.8,66.8
,"York County, ME","23031","2019","2019","Unintentional","1","Fall","GRINJ-003",61,207641,29.4,22.5,37.7
,"York County, ME","23031","2019","2019","Unintentional","1","Motor Vehicle Traffic","GRINJ-008",24,207641,11.6,7.4,17.2
,"York County, ME","23031","2019","2019","Unintentional","1","Poisoning","GRINJ-015",58,207641,27.9,21.2,36.1
,"York County, ME","23031","2019","2019","Suicide","2","Firearm","GRINJ-006",26,207641,12.5,8.2,18.3
,"York County, ME","23031","2019","2019","Suicide","2","Poisoning","GRINJ-015",11,207641,5.3,2.6,9.5
,"York County, ME","23031","2019","2019","Suicide","2","Suffocation","GRINJ-017",15,207641,7.2,4.0,11.9
,"Allegany County, MD","24001","2019","2019","Unintentional","1","Fall","GRINJ-003",14,70416,19.9,10.9,33.4
,"Allegany County, MD","24001","2019","2019","Undetermined ","4","Poisoning","GRINJ-015",17,70416,24.1,14.1,38.7
,"Anne Arundel County, MD","24003","2019","2019","Unintentional","1","Fall","GRINJ-003",71,579234,12.3,9.6,15.5
,"Anne Arundel County, MD","24003","2019","2019","Unintentional","1","Motor Vehicle Traffic","GRINJ-008",48,579234,8.3,6.1,11.0
,"Anne Arundel County, MD","24003","2019","2019","Unintentional","1","Poisoning","GRINJ-015",73,579234,12.6,9.9,15.8
,"Anne Arundel County, MD","24003","2019","2019","Suicide","2","Firearm","GRINJ-006",28,579234,4.8,3.2,7.0
,"Anne Arundel County, MD","24003","2019","2019","Suicide","2","Poisoning","GRINJ-015",14,579234,2.4,1.3,4.1
,"Anne Arundel County, MD","24003","2019","2019","Suicide","2","Suffocation","GRINJ-017",24,579234,4.1,2.7,6.2
,"Anne Arundel County, MD","24003","2019","2019","Homicide","3","Firearm","GRINJ-006",12,579234,2.1,1.1,3.6
,"Anne Arundel County, MD","24003","2019","2019","Undetermined ","4","Poisoning","GRINJ-015",177,579234,30.6,26.1,35.1
,"Baltimore County, MD","24005","2019","2019","Unintentional","1","Fall","GRINJ-003",199,827370,24.1,20.7,27.4
,"Baltimore County, MD","24005","2019","2019","Unintentional","1","Fire/Flame","GRINJ-004",12,827370,1.5,0.7,2.5
,"Baltimore County, MD","24005","2019","2019","Unintentional","1","Motor Vehicle Traffic","GRINJ-008",74,827370,8.9,7.0,11.2
,"Baltimore County, MD","24005","2019","2019","Unintentional","1","Poisoning","GRINJ-015",98,827370,11.8,9.6,14.4
,"Baltimore County, MD","24005","2019","2019","Unintentional","1","Suffocation","GRINJ-017",20,827370,2.4,1.5,3.7
,"Baltimore County, MD","24005","2019","2019","Unintentional","1","Unspecified Injury","GRINJ-020",13,827370,1.6,0.8,2.7
,"Baltimore County, MD","24005","2019","2019","Suicide","2","Firearm","GRINJ-006",35,827370,4.2,2.9,5.9
,"Baltimore County, MD","24005","2019","2019","Suicide","2","Poisoning","GRINJ-015",15,827370,1.8,1.0,3.0
,"Baltimore County, MD","24005","2019","2019","Suicide","2","Suffocation","GRINJ-017",34,827370,4.1,2.8,5.7
,"Baltimore County, MD","24005","2019","2019","Homicide","3","Firearm","GRINJ-006",80,827370,9.7,7.7,12.0
,"Baltimore County, MD","24005","2019","2019","Undetermined ","4","Poisoning","GRINJ-015",278,827370,33.6,29.7,37.6
,"Calvert County, MD","24009","2019","2019","Unintentional","1","Fall","GRINJ-003",13,92525,14.1,7.5,24.0
,"Calvert County, MD","24009","2019","2019","Unintentional","1","Motor Vehicle Traffic","GRINJ-008",12,92525,13.0,6.7,22.7
,"Calvert County, MD","24009","2019","2019","Undetermined ","4","Poisoning","GRINJ-015",27,92525,29.2,19.2,42.5
,"Caroline County, MD","24011","2019","2019","Undetermined ","4","Poisoning","GRINJ-015",17,33406,50.9,29.6,81.5
,"Carroll County, MD","24013","2019","2019","Unintentional","1","Fall","GRINJ-003",26,168447,15.4,10.1,22.6
,"Carroll County, MD","24013","2019","2019","Unintentional","1","Motor Vehicle Traffic","GRINJ-008",22,168447,13.1,8.2,19.8
,"Carroll County, MD","24013","2019","2019","Unintentional","1","Poisoning","GRINJ-015",18,168447,10.7,6.3,16.9
,"Carroll County, MD","24013","2019","2019","Undetermined ","4","Poisoning","GRINJ-015",52,168447,30.9,23.1,40.5
,"Cecil County, MD","24015","2019","2019","Unintentional","1","Motor Vehicle Traffic","GRINJ-008",12,102855,11.7,6.0,20.4
,"Cecil County, MD","24015","2019","2019","Unintentional","1","Poisoning","GRINJ-015",26,102855,25.3,16.5,37.0
,"Cecil County, MD","24015","2019","2019","Suicide","2","Firearm","GRINJ-006",11,102855,10.7,5.3,19.1
,"Cecil County, MD","24015","2019","2019","Undetermined ","4","Poisoning","GRINJ-015",45,102855,43.8,31.9,58.5
,"Charles County, MD","24017","2019","2019","Unintentional","1","Fall","GRINJ-003",13,163257,8.0,4.2,13.6
,"Charles County, MD","24017","2019","2019","Unintentional","1","Motor Vehicle Traffic","GRINJ-008",17,163257,10.4,6.1,16.7
,"Charles County, MD","24017","2019","2019","Unintentional","1","Poisoning","GRINJ-015",18,163257,11.0,6.5,17.4
,"Charles County, MD","24017","2019","2019","Suicide","2","Firearm","GRINJ-006",12,163257,7.4,3.8,12.8
,"Charles County, MD","24017","2019","2019","Undetermined ","4","Poisoning","GRINJ-015",28,163257,17.2,11.4,24.8
,"Dorchester County, MD","24019","2019","2019","Undetermined ","4","Poisoning","GRINJ-015",12,31929,37.6,19.4,65.7
,"Frederick County, MD","24021","2019","2019","Unintentional","1","Fall","GRINJ-003",26,259547,10.0,6.5,14.7
,"Frederick County, MD","24021","2019","2019","Unintentional","1","Motor Vehicle Traffic","GRINJ-008",22,259547,8.5,5.3,12.8
,"Frederick County, MD","24021","2019","2019","Unintentional","1","Poisoning","GRINJ-015",21,259547,8.1,5.0,12.4
,"Frederick County, MD","24021","2019","2019","Suicide","2","Firearm","GRINJ-006",17,259547,6.5,3.8,10.5
,"Frederick County, MD","24021","2019","2019","Undetermined ","4","Poisoning","GRINJ-015",43,259547,16.6,12.0,22.3
,"Harford County, MD","24025","2019","2019","Unintentional","1","Fall","GRINJ-003",30,255441,11.7,7.9,16.8
,"Harford County, MD","24025","2019","2019","Unintentional","1","Motor Vehicle Traffic","GRINJ-008",20,255441,7.8,4.8,12.1
,"Harford County, MD","24025","2019","2019","Unintentional","1","Poisoning","GRINJ-015",31,255441,12.1,8.2,17.2
,"Harford County, MD","24025","2019","2019","Suicide","2","Firearm","GRINJ-006",16,255441,6.3,3.6,10.2
,"Harford County, MD","24025","2019","2019","Suicide","2","Suffocation","GRINJ-017",10,255441,3.9,1.9,7.2
,"Harford County, MD","24025","2019","2019","Undetermined ","4","Poisoning","GRINJ-015",78,255441,30.5,24.1,38.1
,"Howard County, MD","24027","2019","2019","Unintentional","1","Fall","GRINJ-003",39,325690,12.0,8.5,16.4
,"Howard County, MD","24027","2019","2019","Unintentional","1","Motor Vehicle Traffic","GRINJ-008",11,325690,3.4,1.7,6.0
,"Howard County, MD","24027","2019","2019","Suicide","2","Firearm","GRINJ-006",13,325690,4.0,2.1,6.8
,"Howard County, MD","24027","2019","2019","Suicide","2","Suffocation","GRINJ-017",11,325690,3.4,1.7,6.0
,"Howard County, MD","24027","2019","2019","Homicide","3","Firearm","GRINJ-006",12,325690,3.7,1.9,6.4
,"Howard County, MD","24027","2019","2019","Undetermined ","4","Poisoning","GRINJ-015",35,325690,10.7,7.5,14.9
,"Montgomery County, MD","24031","2019","2019","Unintentional","1","Fall","GRINJ-003",117,1050688,11.1,9.1,13.2
,"Montgomery County, MD","24031","2019","2019","Unintentional","1","Motor Vehicle Traffic","GRINJ-008",59,1050688,5.6,4.3,7.2
,"Montgomery County, MD","24031","2019","2019","Unintentional","1","Poisoning","GRINJ-015",56,1050688,5.3,4.0,6.9
,"Montgomery County, MD","24031","2019","2019","Unintentional","1","Suffocation","GRINJ-017",13,1050688,1.2,0.7,2.1
,"Montgomery County, MD","24031","2019","2019","Unintentional","1","Unspecified Injury","GRINJ-020",12,1050688,1.1,0.6,2.0
,"Montgomery County, MD","24031","2019","2019","Suicide","2","Fall","GRINJ-003",10,1050688,1.0,0.5,1.8
,"Montgomery County, MD","24031","2019","2019","Suicide","2","Firearm","GRINJ-006",18,1050688,1.7,1.0,2.7
,"Montgomery County, MD","24031","2019","2019","Suicide","2","Poisoning","GRINJ-015",22,1050688,2.1,1.3,3.2
,"Montgomery County, MD","24031","2019","2019","Suicide","2","Suffocation","GRINJ-017",24,1050688,2.3,1.5,3.4
,"Montgomery County, MD","24031","2019","2019","Homicide","3","Firearm","GRINJ-006",17,1050688,1.6,0.9,2.6
,"Montgomery County, MD","24031","2019","2019","Undetermined ","4","Poisoning","GRINJ-015",79,1050688,7.5,6.0,9.4
,"Prince George's County, MD","24033","2019","2019","Unintentional","1","Fall","GRINJ-003",58,909327,6.4,4.8,8.2
,"Prince George's County, MD","24033","2019","2019","Unintentional","1","Motor Vehicle Traffic","GRINJ-008",97,909327,10.7,8.7,13.0
,"Prince George's County, MD","24033","2019","2019","Unintentional","1","Poisoning","GRINJ-015",87,909327,9.6,7.7,11.8
,"Prince George's County, MD","24033","2019","2019","Unintentional","1","Suffocation","GRINJ-017",16,909327,1.8,1.0,2.9
,"Prince George's County, MD","24033","2019","2019","Unintentional","1","Unspecified Injury","GRINJ-020",18,909327,2.0,1.2,3.1
,"Prince George's County, MD","24033","2019","2019","Suicide","2","Firearm","GRINJ-006",24,909327,2.6,1.7,3.9
,"Prince George's County, MD","24033","2019","2019","Suicide","2","Poisoning","GRINJ-015",11,909327,1.2,0.6,2.2
,"Prince George's County, MD","24033","2019","2019","Suicide","2","Suffocation","GRINJ-017",23,909327,2.5,1.6,3.8
,"Prince George's County, MD","24033","2019","2019","Homicide","3","Firearm","GRINJ-006",69,909327,7.6,5.9,9.6
,"Prince George's County, MD","24033","2019","2019","Homicide","3","Unspecified Injury","GRINJ-020",10,909327,1.1,0.5,2.0
,"Prince George's County, MD","24033","2019","2019","Undetermined ","4","Poisoning","GRINJ-015",87,909327,9.6,7.7,11.8
,"Queen Anne's County, MD","24035","2019","2019","Undetermined ","4","Poisoning","GRINJ-015",14,50381,27.8,15.2,46.6
,"St. Mary's County, MD","24037","2019","2019","Unintentional","1","Motor Vehicle Traffic","GRINJ-008",15,113510,13.2,7.4,21.8
,"St. Mary's County, MD","24037","2019","2019","Undetermined ","4","Poisoning","GRINJ-015",23,113510,20.3,12.8,30.4
,"Talbot County, MD","24041","2019","2019","Undetermined ","4","Poisoning","GRINJ-015",10,37181,26.9,12.9,49.5
,"Washington County, MD","24043","2019","2019","Unintentional","1","Fall","GRINJ-003",33,151049,21.8,15.0,30.7
,"Washington County, MD","24043","2019","2019","Unintentional","1","Motor Vehicle Traffic","GRINJ-008",27,151049,17.9,11.8,26.0
,"Washington County, MD","24043","2019","2019","Unintentional","1","Poisoning","GRINJ-015",18,151049,11.9,7.1,18.8
,"Washington County, MD","24043","2019","2019","Suicide","2","Firearm","GRINJ-006",12,151049,7.9,4.1,13.9
,"Washington County, MD","24043","2019","2019","Undetermined ","4","Poisoning","GRINJ-015",64,151049,42.4,32.6,54.1
,"Wicomico County, MD","24045","2019","2019","Unintentional","1","Fall","GRINJ-003",11,103609,10.6,5.3,19.0
,"Wicomico County, MD","24045","2019","2019","Unintentional","1","Motor Vehicle Traffic","GRINJ-008",14,103609,13.5,7.4,22.7
,"Wicomico County, MD","24045","2019","2019","Suicide","2","Firearm","GRINJ-006",11,103609,10.6,5.3,19.0
,"Wicomico County, MD","24045","2019","2019","Undetermined ","4","Poisoning","GRINJ-015",26,103609,25.1,16.4,36.8
,"Worcester County, MD","24047","2019","2019","Undetermined ","4","Poisoning","GRINJ-015",10,52276,19.1,9.2,35.2
,"Baltimore city, MD","24510","2019","2019","Unintentional","1","Fall","GRINJ-003",70,593490,11.8,9.2,14.9
,"Baltimore city, MD","24510","2019","2019","Unintentional","1","Fire/Flame","GRINJ-004",10,593490,1.7,0.8,3.1
,"Baltimore city, MD","24510","2019","2019","Unintentional","1","Motor Vehicle Traffic","GRINJ-008",45,593490,7.6,5.5,10.1
,"Baltimore city, MD","24510","2019","2019","Unintentional","1","Poisoning","GRINJ-015",160,593490,27.0,22.8,31.1
,"Baltimore city, MD","24510","2019","2019","Unintentional","1","Suffocation","GRINJ-017",13,593490,2.2,1.2,3.7
,"Baltimore city, MD","24510","2019","2019","Unintentional","1","Unspecified Injury","GRINJ-020",21,593490,3.5,2.2,5.4
,"Baltimore city, MD","24510","2019","2019","Suicide","2","Firearm","GRINJ-006",21,593490,3.5,2.2,5.4
,"Baltimore city, MD","24510","2019","2019","Suicide","2","Suffocation","GRINJ-017",23,593490,3.9,2.5,5.8
,"Baltimore city, MD","24510","2019","2019","Homicide","3","Cut/Pierce","GRINJ-001",12,593490,2.0,1.0,3.5
,"Baltimore city, MD","24510","2019","2019","Homicide","3","Firearm","GRINJ-006",249,593490,42.0,36.7,47.2
,"Baltimore city, MD","24510","2019","2019","Homicide","3","Unspecified Injury","GRINJ-020",12,593490,2.0,1.0,3.5
,"Baltimore city, MD","24510","2019","2019","Undetermined ","4","Poisoning","GRINJ-015",554,593490,93.3,85.6,101.1
,"Barnstable County, MA","25001","2019","2019","Unintentional","1","Fall","GRINJ-003",56,212990,26.3,19.9,34.1
,"Barnstable County, MA","25001","2019","2019","Unintentional","1","Motor Vehicle Traffic","GRINJ-008",10,212990,4.7,2.3,8.6
,"Barnstable County, MA","25001","2019","2019","Unintentional","1","Poisoning","GRINJ-015",83,212990,39.0,31.0,48.3
,"Barnstable County, MA","25001","2019","2019","Suicide","2","Suffocation","GRINJ-017",13,212990,6.1,3.2,10.4
,"Berkshire County, MA","25003","2019","2019","Unintentional","1","Fall","GRINJ-003",30,124944,24.0,16.2,34.3
,"Berkshire County, MA","25003","2019","2019","Unintentional","1","Motor Vehicle Traffic","GRINJ-008",12,124944,9.6,5.0,16.8
,"Berkshire County, MA","25003","2019","2019","Unintentional","1","Poisoning","GRINJ-015",51,124944,40.8,30.4,53.7
,"Berkshire County, MA","25003","2019","2019","Suicide","2","Suffocation","GRINJ-017",11,124944,8.8,4.4,15.8
,"Bristol County, MA","25005","2019","2019","Unintentional","1","Fall","GRINJ-003",52,565217,9.2,6.9,12.1
,"Bristol County, MA","25005","2019","2019","Unintentional","1","Motor Vehicle Traffic","GRINJ-008",50,565217,8.8,6.6,11.7
,"Bristol County, MA","25005","2019","2019","Unintentional","1","Poisoning","GRINJ-015",271,565217,47.9,42.2,53.7
,"Bristol County, MA","25005","2019","2019","Unintentional","1","Suffocation","GRINJ-017",22,565217,3.9,2.4,5.9
,"Bristol County, MA","25005","2019","2019","Suicide","2","Firearm","GRINJ-006",18,565217,3.2,1.9,5.0
,"Bristol County, MA","25005","2019","2019","Suicide","2","Poisoning","GRINJ-015",13,565217,2.3,1.2,3.9
,"Bristol County, MA","25005","2019","2019","Suicide","2","Suffocation","GRINJ-017",29,565217,5.1,3.4,7.4
,"Bristol County, MA","25005","2019","2019","Homicide","3","Cut/Pierce","GRINJ-001",10,565217,1.8,0.8,3.3
,"Essex County, MA","25009","2019","2019","Unintentional","1","Fall","GRINJ-003",153,789034,19.4,16.3,22.5
,"Essex County, MA","25009","2019","2019","Unintentional","1","Motor Vehicle Traffic","GRINJ-008",35,789034,4.4,3.1,6.2
,"Essex County, MA","25009","2019","2019","Unintentional","1","Poisoning","GRINJ-015",288,789034,36.5,32.3,40.7
,"Essex County, MA","25009","2019","2019","Unintentional","1","Suffocation","GRINJ-017",19,789034,2.4,1.4,3.8
,"Essex County, MA","25009","2019","2019","Unintentional","1","Unspecified Injury","GRINJ-020",11,789034,1.4,0.7,2.5
,"Essex County, MA","25009","2019","2019","Suicide","2","Firearm","GRINJ-006",16,789034,2.0,1.2,3.3
,"Essex County, MA","25009","2019","2019","Suicide","2","Poisoning","GRINJ-015",14,789034,1.8,1.0,3.0
,"Essex County, MA","25009","2019","2019","Suicide","2","Suffocation","GRINJ-017",35,789034,4.4,3.1,6.2
,"Franklin County, MA","25011","2019","2019","Unintentional","1","Fall","GRINJ-003",11,70180,15.7,7.8,28.0
,"Franklin County, MA","25011","2019","2019","Unintentional","1","Poisoning","GRINJ-015",22,70180,31.3,19.6,47.5
,"Hampden County, MA","25013","2019","2019","Unintentional","1","Fall","GRINJ-003",54,466372,11.6,8.7,15.1
,"Hampden County, MA","25013","2019","2019","Unintentional","1","Motor Vehicle Traffic","GRINJ-008",45,466372,9.6,7.0,12.9
,"Hampden County, MA","25013","2019","2019","Unintentional","1","Poisoning","GRINJ-015",214,466372,45.9,39.7,52.0
,"Hampden County, MA","25013","2019","2019","Suicide","2","Firearm","GRINJ-006",15,466372,3.2,1.8,5.3
,"Hampden County, MA","25013","2019","2019","Suicide","2","Suffocation","GRINJ-017",19,466372,4.1,2.5,6.4
,"Hampden County, MA","25013","2019","2019","Homicide","3","Firearm","GRINJ-006",21,466372,4.5,2.8,6.9
,"Hampshire County, MA","25015","2019","2019","Unintentional","1","Fall","GRINJ-003",23,160830,14.3,9.1,21.5
,"Hampshire County, MA","25015","2019","2019","Unintentional","1","Poisoning","GRINJ-015",43,160830,26.7,19.3,36.0
,"Middlesex County, MA","25017","2019","2019","Unintentional","1","Drowning","GRINJ-002",14,1611699,0.9,0.5,1.5
,"Middlesex County, MA","25017","2019","2019","Unintentional","1","Fall","GRINJ-003",237,1611699,14.7,12.8,16.6
,"Middlesex County, MA","25017","2019","2019","Unintentional","1","Motor Vehicle Traffic","GRINJ-008",49,1611699,3.0,2.2,4.0
,"Middlesex County, MA","25017","2019","2019","Unintentional","1","Poisoning","GRINJ-015",321,1611699,19.9,17.7,22.1
,"Middlesex County, MA","25017","2019","2019","Unintentional","1","Suffocation","GRINJ-017",40,1611699,2.5,1.8,3.4
,"Middlesex County, MA","25017","2019","2019","Unintentional","1","Unspecified Injury","GRINJ-020",22,1611699,1.4,0.9,2.1
,"Middlesex County, MA","25017","2019","2019","Suicide","2","Firearm","GRINJ-006",20,1611699,1.2,0.8,1.9
,"Middlesex County, MA","25017","2019","2019","Suicide","2","Poisoning","GRINJ-015",30,1611699,1.9,1.3,2.7
,"Middlesex County, MA","25017","2019","2019","Suicide","2","Suffocation","GRINJ-017",56,1611699,3.5,2.6,4.5
,"Norfolk County, MA","25021","2019","2019","Unintentional","1","Fall","GRINJ-003",115,706775,16.3,13.3,19.2
,"Norfolk County, MA","25021","2019","2019","Unintentional","1","Motor Vehicle Traffic","GRINJ-008",24,706775,3.4,2.2,5.1
,"Norfolk County, MA","25021","2019","2019","Unintentional","1","Poisoning","GRINJ-015",137,706775,19.4,16.1,22.6
,"Norfolk County, MA","25021","2019","2019","Unintentional","1","Suffocation","GRINJ-017",21,706775,3.0,1.8,4.5
,"Norfolk County, MA","25021","2019","2019","Suicide","2","Poisoning","GRINJ-015",13,706775,1.8,1.0,3.1
,"Norfolk County, MA","25021","2019","2019","Suicide","2","Suffocation","GRINJ-017",31,706775,4.4,3.0,6.2
,"Plymouth County, MA","25023","2019","2019","Unintentional","1","Fall","GRINJ-003",71,521202,13.6,10.6,17.2
,"Plymouth County, MA","25023","2019","2019","Unintentional","1","Motor Vehicle Traffic","GRINJ-008",49,521202,9.4,7.0,12.4
,"Plymouth County, MA","25023","2019","2019","Unintentional","1","Poisoning","GRINJ-015",176,521202,33.8,28.8,38.8
,"Plymouth County, MA","25023","2019","2019","Unintentional","1","Suffocation","GRINJ-017",19,521202,3.6,2.2,5.7
,"Plymouth County, MA","25023","2019","2019","Unintentional","1","Unspecified Injury","GRINJ-020",12,521202,2.3,1.2,4.0
,"Plymouth County, MA","25023","2019","2019","Suicide","2","Firearm","GRINJ-006",10,521202,1.9,0.9,3.5
,"Plymouth County, MA","25023","2019","2019","Suicide","2","Poisoning","GRINJ-015",10,521202,1.9,0.9,3.5
,"Plymouth County, MA","25023","2019","2019","Suicide","2","Suffocation","GRINJ-017",29,521202,5.6,3.7,8.0
,"Suffolk County, MA","25025","2019","2019","Unintentional","1","Fall","GRINJ-003",67,803907,8.3,6.5,10.6
,"Suffolk County, MA","25025","2019","2019","Unintentional","1","Motor Vehicle Traffic","GRINJ-008",34,803907,4.2,2.9,5.9
,"Suffolk County, MA","25025","2019","2019","Unintentional","1","Poisoning","GRINJ-015",241,803907,30.0,26.2,33.8
,"Suffolk County, MA","25025","2019","2019","Unintentional","1","Suffocation","GRINJ-017",23,803907,2.9,1.8,4.3
,"Suffolk County, MA","25025","2019","2019","Suicide","2","Poisoning","GRINJ-015",11,803907,1.4,0.7,2.4
,"Suffolk County, MA","25025","2019","2019","Suicide","2","Suffocation","GRINJ-017",28,803907,3.5,2.3,5.0
,"Suffolk County, MA","25025","2019","2019","Homicide","3","Firearm","GRINJ-006",31,803907,3.9,2.6,5.5
,"Worcester County, MA","25027","2019","2019","Unintentional","1","Fall","GRINJ-003",128,830622,15.4,12.7,18.1
,"Worcester County, MA","25027","2019","2019","Unintentional","1","Motor Vehicle Traffic","GRINJ-008",55,830622,6.6,5.0,8.6
,"Worcester County, MA","25027","2019","2019","Unintentional","1","Poisoning","GRINJ-015",292,830622,35.2,31.1,39.2
,"Worcester County, MA","25027","2019","2019","Unintentional","1","Suffocation","GRINJ-017",13,830622,1.6,0.8,2.7
,"Worcester County, MA","25027","2019","2019","Unintentional","1","Unspecified Injury","GRINJ-020",14,830622,1.7,0.9,2.8
,"Worcester County, MA","25027","2019","2019","Suicide","2","Firearm","GRINJ-006",26,830622,3.1,2.0,4.6
,"Worcester County, MA","25027","2019","2019","Suicide","2","Poisoning","GRINJ-015",11,830622,1.3,0.7,2.4
,"Worcester County, MA","25027","2019","2019","Suicide","2","Suffocation","GRINJ-017",36,830622,4.3,3.0,6.0
,"Allegan County, MI","26005","2019","2019","Unintentional","1","Fall","GRINJ-003",25,118081,21.2,13.7,31.3
,"Allegan County, MI","26005","2019","2019","Unintentional","1","Motor Vehicle Traffic","GRINJ-008",14,118081,11.9,6.5,19.9
,"Allegan County, MI","26005","2019","2019","Unintentional","1","Poisoning","GRINJ-015",14,118081,11.9,6.5,19.9
,"Barry County, MI","26015","2019","2019","Unintentional","1","Fall","GRINJ-003",11,61550,17.9,8.9,32.0
,"Barry County, MI","26015","2019","2019","Unintentional","1","Motor Vehicle Traffic","GRINJ-008",13,61550,21.1,11.2,36.1
,"Bay County, MI","26017","2019","2019","Unintentional","1","Fall","GRINJ-003",13,103126,12.6,6.7,21.6
,"Bay County, MI","26017","2019","2019","Unintentional","1","Motor Vehicle Traffic","GRINJ-008",11,103126,10.7,5.3,19.1
,"Bay County, MI","26017","2019","2019","Unintentional","1","Poisoning","GRINJ-015",21,103126,20.4,12.6,31.1
,"Bay County, MI","26017","2019","2019","Suicide","2","Firearm","GRINJ-006",10,103126,9.7,4.7,17.8
,"Berrien County, MI","26021","2019","2019","Unintentional","1","Fall","GRINJ-003",13,153401,8.5,4.5,14.5
,"Berrien County, MI","26021","2019","2019","Unintentional","1","Motor Vehicle Traffic","GRINJ-008",27,153401,17.6,11.6,25.6
,"Berrien County, MI","26021","2019","2019","Unintentional","1","Poisoning","GRINJ-015",20,153401,13.0,8.0,20.1
,"Berrien County, MI","26021","2019","2019","Suicide","2","Firearm","GRINJ-006",18,153401,11.7,7.0,18.5
,"Calhoun County, MI","26025","2019","2019","Unintentional","1","Fall","GRINJ-003",19,134159,14.2,8.5,22.1
,"Calhoun County, MI","26025","2019","2019","Unintentional","1","Motor Vehicle Traffic","GRINJ-008",21,134159,15.7,9.7,23.9
,"Calhoun County, MI","26025","2019","2019","Unintentional","1","Poisoning","GRINJ-015",35,134159,26.1,18.2,36.3
,"Calhoun County, MI","26025","2019","2019","Suicide","2","Firearm","GRINJ-006",16,134159,11.9,6.8,19.4
,"Cass County, MI","26027","2019","2019","Unintentional","1","Poisoning","GRINJ-015",11,51787,21.2,10.6,38.0
,"Clinton County, MI","26037","2019","2019","Unintentional","1","Poisoning","GRINJ-015",10,79595,12.6,6.0,23.1
,"Eaton County, MI","26045","2019","2019","Unintentional","1","Fall","GRINJ-003",17,110268,15.4,9.0,24.7
,"Eaton County, MI","26045","2019","2019","Unintentional","1","Motor Vehicle Traffic","GRINJ-008",19,110268,17.2,10.4,26.9
,"Eaton County, MI","26045","2019","2019","Unintentional","1","Poisoning","GRINJ-015",10,110268,9.1,4.3,16.7
,"Genesee County, MI","26049","2019","2019","Unintentional","1","Fall","GRINJ-003",33,405813,8.1,5.6,11.4
,"Genesee County, MI","26049","2019","2019","Unintentional","1","Motor Vehicle Traffic","GRINJ-008",58,405813,14.3,10.9,18.5
,"Genesee County, MI","26049","2019","2019","Unintentional","1","Poisoning","GRINJ-015",166,405813,40.9,34.7,47.1
,"Genesee County, MI","26049","2019","2019","Unintentional","1","Suffocation","GRINJ-017",13,405813,3.2,1.7,5.5
,"Genesee County, MI","26049","2019","2019","Suicide","2","Firearm","GRINJ-006",37,405813,9.1,6.4,12.6
,"Genesee County, MI","26049","2019","2019","Suicide","2","Suffocation","GRINJ-017",12,405813,3.0,1.5,5.2
,"Genesee County, MI","26049","2019","2019","Homicide","3","Firearm","GRINJ-006",40,405813,9.9,7.0,13.4
,"Genesee County, MI","26049","2019","2019","Undetermined ","4","Poisoning","GRINJ-015",11,405813,2.7,1.4,4.9
,"Grand Traverse County, MI","26055","2019","2019","Unintentional","1","Fall","GRINJ-003",18,93088,19.3,11.5,30.6
,"Grand Traverse County, MI","26055","2019","2019","Unintentional","1","Poisoning","GRINJ-015",10,93088,10.7,5.2,19.8
,"Hillsdale County, MI","26059","2019","2019","Unintentional","1","Motor Vehicle Traffic","GRINJ-008",11,45605,24.1,12.0,43.2
,"Ingham County, MI","26065","2019","2019","Unintentional","1","Fall","GRINJ-003",47,292406,16.1,11.8,21.4
,"Ingham County, MI","26065","2019","2019","Unintentional","1","Motor Vehicle Traffic","GRINJ-008",19,292406,6.5,3.9,10.1
,"Ingham County, MI","26065","2019","2019","Unintentional","1","Poisoning","GRINJ-015",90,292406,30.8,24.8,37.8
,"Ingham County, MI","26065","2019","2019","Suicide","2","Firearm","GRINJ-006",19,292406,6.5,3.9,10.1
,"Ingham County, MI","26065","2019","2019","Suicide","2","Suffocation","GRINJ-017",13,292406,4.4,2.4,7.6
,"Ingham County, MI","26065","2019","2019","Homicide","3","Firearm","GRINJ-006",12,292406,4.1,2.1,7.2
,"Ionia County, MI","26067","2019","2019","Unintentional","1","Fall","GRINJ-003",13,64697,20.1,10.7,34.4
,"Jackson County, MI","26075","2019","2019","Unintentional","1","Fall","GRINJ-003",23,158510,14.5,9.2,21.8
,"Jackson County, MI","26075","2019","2019","Unintentional","1","Motor Vehicle Traffic","GRINJ-008",15,158510,9.5,5.3,15.6
,"Jackson County, MI","26075","2019","2019","Suicide","2","Firearm","GRINJ-006",17,158510,10.7,6.2,17.2
,"Jackson County, MI","26075","2019","2019","Suicide","2","Suffocation","GRINJ-017",11,158510,6.9,3.5,12.4
,"Jackson County, MI","26075","2019","2019","Undetermined ","4","Poisoning","GRINJ-015",11,158510,6.9,3.5,12.4
,"Kalamazoo County, MI","26077","2019","2019","Unintentional","1","Fall","GRINJ-003",41,265066,15.5,11.1,21.0
,"Kalamazoo County, MI","26077","2019","2019","Unintentional","1","Motor Vehicle Traffic","GRINJ-008",19,265066,7.2,4.3,11.2
,"Kalamazoo County, MI","26077","2019","2019","Unintentional","1","Poisoning","GRINJ-015",40,265066,15.1,10.8,20.5
,"Kalamazoo County, MI","26077","2019","2019","Suicide","2","Firearm","GRINJ-006",18,265066,6.8,4.0,10.7
,"Kalamazoo County, MI","26077","2019","2019","Suicide","2","Suffocation","GRINJ-017",12,265066,4.5,2.3,7.9
,"Kalamazoo County, MI","26077","2019","2019","Homicide","3","Firearm","GRINJ-006",10,265066,3.8,1.8,6.9
,"Kent County, MI","26081","2019","2019","Unintentional","1","Fall","GRINJ-003",117,656955,17.8,14.6,21.0
,"Kent County, MI","26081","2019","2019","Unintentional","1","Motor Vehicle Traffic","GRINJ-008",44,656955,6.7,4.9,9.0
,"Kent County, MI","26081","2019","2019","Unintentional","1","Poisoning","GRINJ-015",106,656955,16.1,13.1,19.2
,"Kent County, MI","26081","2019","2019","Unintentional","1","Suffocation","GRINJ-017",15,656955,2.3,1.3,3.8
,"Kent County, MI","26081","2019","2019","Suicide","2","Firearm","GRINJ-006",24,656955,3.7,2.3,5.4
,"Kent County, MI","26081","2019","2019","Suicide","2","Poisoning","GRINJ-015",17,656955,2.6,1.5,4.1
,"Kent County, MI","26081","2019","2019","Suicide","2","Suffocation","GRINJ-017",29,656955,4.4,3.0,6.3
,"Kent County, MI","26081","2019","2019","Homicide","3","Firearm","GRINJ-006",15,656955,2.3,1.3,3.8
,"Lapeer County, MI","26087","2019","2019","Suicide","2","Firearm","GRINJ-006",10,87607,11.4,5.5,21.0
,"Lenawee County, MI","26091","2019","2019","Unintentional","1","Fall","GRINJ-003",14,98451,14.2,7.8,23.9
,"Lenawee County, MI","26091","2019","2019","Unintentional","1","Motor Vehicle Traffic","GRINJ-008",14,98451,14.2,7.8,23.9
,"Lenawee County, MI","26091","2019","2019","Unintentional","1","Poisoning","GRINJ-015",21,98451,21.3,13.2,32.6
,"Livingston County, MI","26093","2019","2019","Unintentional","1","Fall","GRINJ-003",31,191995,16.1,11.0,22.9
,"Livingston County, MI","26093","2019","2019","Unintentional","1","Motor Vehicle Traffic","GRINJ-008",16,191995,8.3,4.8,13.5
,"Livingston County, MI","26093","2019","2019","Unintentional","1","Poisoning","GRINJ-015",38,191995,19.8,14.0,27.2
,"Livingston County, MI","26093","2019","2019","Suicide","2","Firearm","GRINJ-006",13,191995,6.8,3.6,11.6
,"Macomb County, MI","26099","2019","2019","Unintentional","1","Fall","GRINJ-003",139,873972,15.9,13.3,18.5
,"Macomb County, MI","26099","2019","2019","Unintentional","1","Motor Vehicle Traffic","GRINJ-008",68,873972,7.8,6.0,9.9
,"Macomb County, MI","26099","2019","2019","Unintentional","1","Poisoning","GRINJ-015",226,873972,25.9,22.5,29.2
,"Macomb County, MI","26099","2019","2019","Unintentional","1","Suffocation","GRINJ-017",22,873972,2.5,1.6,3.8
,"Macomb County, MI","26099","2019","2019","Unintentional","1","Unspecified Injury","GRINJ-020",13,873972,1.5,0.8,2.5
,"Macomb County, MI","26099","2019","2019","Suicide","2","Firearm","GRINJ-006",69,873972,7.9,6.1,10.0
,"Macomb County, MI","26099","2019","2019","Suicide","2","Poisoning","GRINJ-015",23,873972,2.6,1.7,3.9
,"Macomb County, MI","26099","2019","2019","Suicide","2","Suffocation","GRINJ-017",53,873972,6.1,4.5,7.9
,"Macomb County, MI","26099","2019","2019","Homicide","3","Firearm","GRINJ-006",36,873972,4.1,2.9,5.7
,"Macomb County, MI","26099","2019","2019","Undetermined ","4","Poisoning","GRINJ-015",44,873972,5.0,3.7,6.8
,"Marquette County, MI","26103","2019","2019","Unintentional","1","Fall","GRINJ-003",10,66699,15.0,7.2,27.6
,"Marquette County, MI","26103","2019","2019","Unintentional","1","Poisoning","GRINJ-015",11,66699,16.5,8.2,29.5
,"Marquette County, MI","26103","2019","2019","Suicide","2","Firearm","GRINJ-006",12,66699,18.0,9.3,31.4
,"Mecosta County, MI","26107","2019","2019","Unintentional","1","Fall","GRINJ-003",10,43453,23.0,11.0,42.3
,"Monroe County, MI","26115","2019","2019","Unintentional","1","Fall","GRINJ-003",12,150500,8.0,4.1,13.9
,"Monroe County, MI","26115","2019","2019","Unintentional","1","Motor Vehicle Traffic","GRINJ-008",16,150500,10.6,6.1,17.3
,"Monroe County, MI","26115","2019","2019","Unintentional","1","Poisoning","GRINJ-015",41,150500,27.2,19.5,37.0
,"Monroe County, MI","26115","2019","2019","Suicide","2","Firearm","GRINJ-006",13,150500,8.6,4.6,14.8
,"Montcalm County, MI","26117","2019","2019","Unintentional","1","Fall","GRINJ-003",10,63888,15.7,7.5,28.8
,"Montcalm County, MI","26117","2019","2019","Unintentional","1","Motor Vehicle Traffic","GRINJ-008",12,63888,18.8,9.7,32.8
,"Montcalm County, MI","26117","2019","2019","Suicide","2","Suffocation","GRINJ-017",10,63888,15.7,7.5,28.8
,"Muskegon County, MI","26121","2019","2019","Unintentional","1","Fall","GRINJ-003",33,173566,19.0,13.1,26.7
,"Muskegon County, MI","26121","2019","2019","Unintentional","1","Motor Vehicle Traffic","GRINJ-008",27,173566,15.6,10.3,22.6
,"Muskegon County, MI","26121","2019","2019","Unintentional","1","Poisoning","GRINJ-015",48,173566,27.7,20.4,36.7
,"Muskegon County, MI","26121","2019","2019","Suicide","2","Firearm","GRINJ-006",14,173566,8.1,4.4,13.5
,"Muskegon County, MI","26121","2019","2019","Homicide","3","Firearm","GRINJ-006",13,173566,7.5,4.0,12.8
,"Newaygo County, MI","26123","2019","2019","Unintentional","1","Fall","GRINJ-003",14,48980,28.6,15.6,48.0
,"Newaygo County, MI","26123","2019","2019","Unintentional","1","Motor Vehicle Traffic","GRINJ-008",10,48980,20.4,9.8,37.5
,"Oakland County, MI","26125","2019","2019","Unintentional","1","Fall","GRINJ-003",181,1257584,14.4,12.3,16.5
,"Oakland County, MI","26125","2019","2019","Unintentional","1","Motor Vehicle Traffic","GRINJ-008",87,1257584,6.9,5.5,8.5
,"Oakland County, MI","26125","2019","2019","Unintentional","1","Poisoning","GRINJ-015",53,1257584,4.2,3.2,5.5
,"Oakland County, MI","26125","2019","2019","Unintentional","1","Suffocation","GRINJ-017",34,1257584,2.7,1.9,3.8
,"Oakland County, MI","26125","2019","2019","Unintentional","1","Unspecified Injury","GRINJ-020",19,1257584,1.5,0.9,2.4
,"Oakland County, MI","26125","2019","2019","Suicide","2","Firearm","GRINJ-006",54,1257584,4.3,3.2,5.6
,"Oakland County, MI","26125","2019","2019","Suicide","2","Poisoning","GRINJ-015",27,1257584,2.1,1.4,3.1
,"Oakland County, MI","26125","2019","2019","Suicide","2","Suffocation","GRINJ-017",58,1257584,4.6,3.5,6.0
,"Oakland County, MI","26125","2019","2019","Homicide","3","Firearm","GRINJ-006",26,1257584,2.1,1.4,3.0
,"Oakland County, MI","26125","2019","2019","Undetermined ","4","Poisoning","GRINJ-015",94,1257584,7.5,6.0,9.1
,"Ottawa County, MI","26139","2019","2019","Unintentional","1","Fall","GRINJ-003",42,291830,14.4,10.4,19.5
,"Ottawa County, MI","26139","2019","2019","Unintentional","1","Motor Vehicle Traffic","GRINJ-008",22,291830,7.5,4.7,11.4
,"Ottawa County, MI","26139","2019","2019","Unintentional","1","Poisoning","GRINJ-015",34,291830,11.7,8.1,16.3
,"Ottawa County, MI","26139","2019","2019","Suicide","2","Firearm","GRINJ-006",10,291830,3.4,1.6,6.3
,"Ottawa County, MI","26139","2019","2019","Suicide","2","Suffocation","GRINJ-017",10,291830,3.4,1.6,6.3
,"Saginaw County, MI","26145","2019","2019","Unintentional","1","Fall","GRINJ-003",14,190539,7.3,4.0,12.3
,"Saginaw County, MI","26145","2019","2019","Unintentional","1","Motor Vehicle Traffic","GRINJ-008",17,190539,8.9,5.2,14.3
,"Saginaw County, MI","26145","2019","2019","Suicide","2","Firearm","GRINJ-006",24,190539,12.6,8.1,18.7
,"Saginaw County, MI","26145","2019","2019","Homicide","3","Firearm","GRINJ-006",14,190539,7.3,4.0,12.3
,"Saginaw County, MI","26145","2019","2019","Undetermined ","4","Poisoning","GRINJ-015",33,190539,17.3,11.9,24.3
,"St. Clair County, MI","26147","2019","2019","Unintentional","1","Fall","GRINJ-003",21,159128,13.2,8.2,20.2
,"St. Clair County, MI","26147","2019","2019","Unintentional","1","Motor Vehicle Traffic","GRINJ-008",21,159128,13.2,8.2,20.2
,"St. Clair County, MI","26147","2019","2019","Unintentional","1","Poisoning","GRINJ-015",47,159128,29.5,21.7,39.3
,"St. Clair County, MI","26147","2019","2019","Suicide","2","Firearm","GRINJ-006",19,159128,11.9,7.2,18.6
,"St. Clair County, MI","26147","2019","2019","Suicide","2","Suffocation","GRINJ-017",12,159128,7.5,3.9,13.2
,"St. Clair County, MI","26147","2019","2019","Undetermined ","4","Poisoning","GRINJ-015",10,159128,6.3,3.0,11.6
,"St. Joseph County, MI","26149","2019","2019","Unintentional","1","Fall","GRINJ-003",11,60964,18.0,9.0,32.3
,"St. Joseph County, MI","26149","2019","2019","Unintentional","1","Motor Vehicle Traffic","GRINJ-008",12,60964,19.7,10.2,34.4
,"St. Joseph County, MI","26149","2019","2019","Suicide","2","Firearm","GRINJ-006",10,60964,16.4,7.9,30.2
,"Sanilac County, MI","26151","2019","2019","Unintentional","1","Motor Vehicle Traffic","GRINJ-008",10,41170,24.3,11.6,44.7
,"Shiawassee County, MI","26155","2019","2019","Unintentional","1","Fall","GRINJ-003",10,68122,14.7,7.0,27.0
,"Shiawassee County, MI","26155","2019","2019","Unintentional","1","Motor Vehicle Traffic","GRINJ-008",11,68122,16.1,8.1,28.9
,"Shiawassee County, MI","26155","2019","2019","Unintentional","1","Poisoning","GRINJ-015",11,68122,16.1,8.1,28.9
,"Van Buren County, MI","26159","2019","2019","Unintentional","1","Fall","GRINJ-003",15,75677,19.8,11.1,32.7
,"Van Buren County, MI","26159","2019","2019","Unintentional","1","Motor Vehicle Traffic","GRINJ-008",14,75677,18.5,10.1,31.0
,"Van Buren County, MI","26159","2019","2019","Unintentional","1","Poisoning","GRINJ-015",17,75677,22.5,13.1,36.0
,"Washtenaw County, MI","26161","2019","2019","Unintentional","1","Fall","GRINJ-003",54,367601,14.7,11.0,19.2
,"Washtenaw County, MI","26161","2019","2019","Unintentional","1","Motor Vehicle Traffic","GRINJ-008",20,367601,5.4,3.3,8.4
,"Washtenaw County, MI","26161","2019","2019","Unintentional","1","Poisoning","GRINJ-015",70,367601,19.0,14.8,24.1
,"Washtenaw County, MI","26161","2019","2019","Suicide","2","Firearm","GRINJ-006",19,367601,5.2,3.1,8.1
,"Washtenaw County, MI","26161","2019","2019","Suicide","2","Suffocation","GRINJ-017",20,367601,5.4,3.3,8.4
,"Wayne County, MI","26163","2019","2019","Unintentional","1","Drowning","GRINJ-002",13,1749343,0.7,0.4,1.3
,"Wayne County, MI","26163","2019","2019","Unintentional","1","Fall","GRINJ-003",119,1749343,6.8,5.6,8.0
,"Wayne County, MI","26163","2019","2019","Unintentional","1","Fire/Flame","GRINJ-004",22,1749343,1.3,0.8,1.9
,"Wayne County, MI","26163","2019","2019","Unintentional","1","Motor Vehicle Traffic","GRINJ-008",166,1749343,9.5,8.0,10.9
,"Wayne County, MI","26163","2019","2019","Unintentional","1","Natural/Environmental","GRINJ-013",18,1749343,1.0,0.6,1.6
,"Wayne County, MI","26163","2019","2019","Unintentional","1","Poisoning","GRINJ-015",742,1749343,42.4,39.4,45.5
,"Wayne County, MI","26163","2019","2019","Unintentional","1","Suffocation","GRINJ-017",48,1749343,2.7,2.0,3.6
,"Wayne County, MI","26163","2019","2019","Unintentional","1","Other specified, classifiable Injury","GRINJ-018",14,1749343,0.8,0.4,1.3
,"Wayne County, MI","26163","2019","2019","Unintentional","1","Unspecified Injury","GRINJ-020",53,1749343,3.0,2.3,4.0
,"Wayne County, MI","26163","2019","2019","Suicide","2","Firearm","GRINJ-006",107,1749343,6.1,5.0,7.3
,"Wayne County, MI","26163","2019","2019","Suicide","2","Poisoning","GRINJ-015",26,1749343,1.5,1.0,2.2
,"Wayne County, MI","26163","2019","2019","Suicide","2","Suffocation","GRINJ-017",65,1749343,3.7,2.9,4.7
,"Wayne County, MI","26163","2019","2019","Homicide","3","Cut/Pierce","GRINJ-001",20,1749343,1.1,0.7,1.8
,"Wayne County, MI","26163","2019","2019","Homicide","3","Firearm","GRINJ-006",242,1749343,13.8,12.1,15.6
,"Wayne County, MI","26163","2019","2019","Homicide","3","Other specified, not elsewhere classified Injury","GRINJ-019",13,1749343,0.7,0.4,1.3
,"Wayne County, MI","26163","2019","2019","Undetermined ","4","Poisoning","GRINJ-015",33,1749343,1.9,1.3,2.6
,"Anoka County, MN","27003","2019","2019","Unintentional","1","Fall","GRINJ-003",53,356921,14.8,11.1,19.4
,"Anoka County, MN","27003","2019","2019","Unintentional","1","Motor Vehicle Traffic","GRINJ-008",21,356921,5.9,3.6,9.0
,"Anoka County, MN","27003","2019","2019","Unintentional","1","Poisoning","GRINJ-015",45,356921,12.6,9.2,16.9
,"Anoka County, MN","27003","2019","2019","Suicide","2","Firearm","GRINJ-006",15,356921,4.2,2.4,6.9
,"Anoka County, MN","27003","2019","2019","Suicide","2","Suffocation","GRINJ-017",13,356921,3.6,1.9,6.2
,"Beltrami County, MN","27007","2019","2019","Unintentional","1","Fall","GRINJ-003",11,47188,23.3,11.6,41.7
,"Beltrami County, MN","27007","2019","2019","Unintentional","1","Motor Vehicle Traffic","GRINJ-008",10,47188,21.2,10.2,39.0
,"Beltrami County, MN","27007","2019","2019","Unintentional","1","Poisoning","GRINJ-015",10,47188,21.2,10.2,39.0
,"Blue Earth County, MN","27013","2019","2019","Unintentional","1","Fall","GRINJ-003",18,67653,26.6,15.8,42.0
,"Carver County, MN","27019","2019","2019","Unintentional","1","Fall","GRINJ-003",14,105089,13.3,7.3,22.4
,"Chisago County, MN","27025","2019","2019","Unintentional","1","Fall","GRINJ-003",10,56579,17.7,8.5,32.5
,"Crow Wing County, MN","27035","2019","2019","Unintentional","1","Fall","GRINJ-003",17,65055,26.1,15.2,41.8
,"Crow Wing County, MN","27035","2019","2019","Suicide","2","Firearm","GRINJ-006",10,65055,15.4,7.4,28.3
,"Dakota County, MN","27037","2019","2019","Unintentional","1","Fall","GRINJ-003",109,429021,25.4,20.6,30.2
,"Dakota County, MN","27037","2019","2019","Unintentional","1","Motor Vehicle Traffic","GRINJ-008",24,429021,5.6,3.6,8.3
,"Dakota County, MN","27037","2019","2019","Unintentional","1","Poisoning","GRINJ-015",37,429021,8.6,6.1,11.9
,"Dakota County, MN","27037","2019","2019","Unintentional","1","Suffocation","GRINJ-017",15,429021,3.5,2.0,5.8
,"Dakota County, MN","27037","2019","2019","Suicide","2","Firearm","GRINJ-006",25,429021,5.8,3.8,8.6
,"Dakota County, MN","27037","2019","2019","Suicide","2","Poisoning","GRINJ-015",13,429021,3.0,1.6,5.2
,"Dakota County, MN","27037","2019","2019","Suicide","2","Suffocation","GRINJ-017",11,429021,2.6,1.3,4.6
,"Douglas County, MN","27041","2019","2019","Unintentional","1","Fall","GRINJ-003",10,38141,26.2,12.6,48.2
,"Goodhue County, MN","27049","2019","2019","Unintentional","1","Fall","GRINJ-003",15,46340,32.4,18.1,53.4
,"Hennepin County, MN","27053","2019","2019","Unintentional","1","Drowning","GRINJ-002",12,1265843,0.9,0.5,1.7
,"Hennepin County, MN","27053","2019","2019","Unintentional","1","Fall","GRINJ-003",312,1265843,24.6,21.9,27.4
,"Hennepin County, MN","27053","2019","2019","Unintentional","1","Motor Vehicle Traffic","GRINJ-008",54,1265843,4.3,3.2,5.6
,"Hennepin County, MN","27053","2019","2019","Unintentional","1","Poisoning","GRINJ-015",243,1265843,19.2,16.8,21.6
,"Hennepin County, MN","27053","2019","2019","Unintentional","1","Suffocation","GRINJ-017",19,1265843,1.5,0.9,2.3
,"Hennepin County, MN","27053","2019","2019","Suicide","2","Firearm","GRINJ-006",55,1265843,4.3,3.3,5.7
,"Hennepin County, MN","27053","2019","2019","Suicide","2","Poisoning","GRINJ-015",30,1265843,2.4,1.6,3.4
,"Hennepin County, MN","27053","2019","2019","Suicide","2","Suffocation","GRINJ-017",60,1265843,4.7,3.6,6.1
,"Hennepin County, MN","27053","2019","2019","Homicide","3","Firearm","GRINJ-006",35,1265843,2.8,1.9,3.8
,"Hennepin County, MN","27053","2019","2019","Undetermined ","4","Poisoning","GRINJ-015",12,1265843,0.9,0.5,1.7
,"Isanti County, MN","27059","2019","2019","Unintentional","1","Fall","GRINJ-003",15,40596,36.9,20.7,60.9
,"Itasca County, MN","27061","2019","2019","Unintentional","1","Poisoning","GRINJ-015",10,45130,22.2,10.6,40.7
,"Kandiyohi County, MN","27067","2019","2019","Unintentional","1","Fall","GRINJ-003",16,43199,37.0,21.2,60.1
,"Le Sueur County, MN","27079","2019","2019","Unintentional","1","Fall","GRINJ-003",12,28887,41.5,21.5,72.6
,"Mower County, MN","27099","2019","2019","Unintentional","1","Fall","GRINJ-003",11,40062,27.5,13.7,49.1
,"Olmsted County, MN","27109","2019","2019","Unintentional","1","Fall","GRINJ-003",33,158293,20.8,14.4,29.3
,"Olmsted County, MN","27109","2019","2019","Unintentional","1","Motor Vehicle Traffic","GRINJ-008",14,158293,8.8,4.8,14.8
,"Olmsted County, MN","27109","2019","2019","Unintentional","1","Poisoning","GRINJ-015",15,158293,9.5,5.3,15.6
,"Olmsted County, MN","27109","2019","2019","Suicide","2","Suffocation","GRINJ-017",10,158293,6.3,3.0,11.6
,"Otter Tail County, MN","27111","2019","2019","Unintentional","1","Fall","GRINJ-003",16,58746,27.2,15.6,44.2
,"Otter Tail County, MN","27111","2019","2019","Suicide","2","Firearm","GRINJ-006",10,58746,17.0,8.2,31.3
,"Ramsey County, MN","27123","2019","2019","Unintentional","1","Fall","GRINJ-003",123,550321,22.4,18.4,26.3
,"Ramsey County, MN","27123","2019","2019","Unintentional","1","Motor Vehicle Traffic","GRINJ-008",32,550321,5.8,4.0,8.2
,"Ramsey County, MN","27123","2019","2019","Unintentional","1","Poisoning","GRINJ-015",96,550321,17.4,14.1,21.3
,"Ramsey County, MN","27123","2019","2019","Unintentional","1","Suffocation","GRINJ-017",14,550321,2.5,1.4,4.3
,"Ramsey County, MN","27123","2019","2019","Unintentional","1","Unspecified Injury","GRINJ-020",10,550321,1.8,0.9,3.3
,"Ramsey County, MN","27123","2019","2019","Suicide","2","Firearm","GRINJ-006",23,550321,4.2,2.6,6.3
,"Ramsey County, MN","27123","2019","2019","Suicide","2","Poisoning","GRINJ-015",17,550321,3.1,1.8,4.9
,"Ramsey County, MN","27123","2019","2019","Suicide","2","Suffocation","GRINJ-017",24,550321,4.4,2.8,6.5
,"Ramsey County, MN","27123","2019","2019","Homicide","3","Firearm","GRINJ-006",27,550321,4.9,3.2,7.1
,"Rice County, MN","27131","2019","2019","Unintentional","1","Fall","GRINJ-003",11,66972,16.4,8.2,29.4
,"St. Louis County, MN","27137","2019","2019","Unintentional","1","Fall","GRINJ-003",47,199070,23.6,17.3,31.4
,"St. Louis County, MN","27137","2019","2019","Unintentional","1","Motor Vehicle Traffic","GRINJ-008",15,199070,7.5,4.2,12.4
,"St. Louis County, MN","27137","2019","2019","Unintentional","1","Poisoning","GRINJ-015",35,199070,17.6,12.2,24.5
,"St. Louis County, MN","27137","2019","2019","Suicide","2","Firearm","GRINJ-006",18,199070,9.0,5.4,14.3
,"St. Louis County, MN","27137","2019","2019","Suicide","2","Suffocation","GRINJ-017",10,199070,5.0,2.4,9.2
,"Scott County, MN","27139","2019","2019","Unintentional","1","Fall","GRINJ-003",22,149013,14.8,9.3,22.4
,"Scott County, MN","27139","2019","2019","Unintentional","1","Poisoning","GRINJ-015",13,149013,8.7,4.6,14.9
,"Sherburne County, MN","27141","2019","2019","Unintentional","1","Fall","GRINJ-003",17,97238,17.5,10.2,28.0
,"Stearns County, MN","27145","2019","2019","Unintentional","1","Fall","GRINJ-003",30,161075,18.6,12.6,26.6
,"Stearns County, MN","27145","2019","2019","Unintentional","1","Motor Vehicle Traffic","GRINJ-008",16,161075,9.9,5.7,16.1
,"Stearns County, MN","27145","2019","2019","Unintentional","1","Poisoning","GRINJ-015",13,161075,8.1,4.3,13.8
,"Steele County, MN","27147","2019","2019","Unintentional","1","Fall","GRINJ-003",14,36649,38.2,20.9,64.1
,"Washington County, MN","27163","2019","2019","Unintentional","1","Fall","GRINJ-003",46,262440,17.5,12.8,23.4
,"Washington County, MN","27163","2019","2019","Unintentional","1","Motor Vehicle Traffic","GRINJ-008",20,262440,7.6,4.7,11.8
,"Washington County, MN","27163","2019","2019","Unintentional","1","Poisoning","GRINJ-015",33,262440,12.6,8.7,17.7
,"Washington County, MN","27163","2019","2019","Suicide","2","Firearm","GRINJ-006",18,262440,6.9,4.1,10.8
,"Washington County, MN","27163","2019","2019","Suicide","2","Poisoning","GRINJ-015",11,262440,4.2,2.1,7.5
,"Wright County, MN","27171","2019","2019","Unintentional","1","Fall","GRINJ-003",20,138377,14.5,8.8,22.3
,"Wright County, MN","27171","2019","2019","Suicide","2","Firearm","GRINJ-006",11,138377,7.9,4.0,14.2
,"Alcorn County, MS","28003","2019","2019","Unintentional","1","Motor Vehicle Traffic","GRINJ-008",12,36953,32.5,16.8,56.7
,"Attala County, MS","28007","2019","2019","Unintentional","1","Motor Vehicle Traffic","GRINJ-008",10,18174,55.0,26.4,101.2
,"DeSoto County, MS","28033","2019","2019","Unintentional","1","Fall","GRINJ-003",14,184945,7.6,4.1,12.7
,"DeSoto County, MS","28033","2019","2019","Unintentional","1","Motor Vehicle Traffic","GRINJ-008",21,184945,11.4,7.0,17.4
,"DeSoto County, MS","28033","2019","2019","Unintentional","1","Poisoning","GRINJ-015",34,184945,18.4,12.7,25.7
,"DeSoto County, MS","28033","2019","2019","Suicide","2","Firearm","GRINJ-006",20,184945,10.8,6.6,16.7
,"DeSoto County, MS","28033","2019","2019","Homicide","3","Firearm","GRINJ-006",24,184945,13.0,8.3,19.3
,"Forrest County, MS","28035","2019","2019","Unintentional","1","Motor Vehicle Traffic","GRINJ-008",14,74897,18.7,10.2,31.4
,"Forrest County, MS","28035","2019","2019","Unintentional","1","Poisoning","GRINJ-015",10,74897,13.4,6.4,24.6
,"Forrest County, MS","28035","2019","2019","Suicide","2","Firearm","GRINJ-006",10,74897,13.4,6.4,24.6
,"Forrest County, MS","28035","2019","2019","Homicide","3","Firearm","GRINJ-006",11,74897,14.7,7.3,26.3
,"Hancock County, MS","28045","2019","2019","Unintentional","1","Poisoning","GRINJ-015",20,47632,42.0,25.6,64.8
,"Harrison County, MS","28047","2019","2019","Unintentional","1","Drowning","GRINJ-002",11,208080,5.3,2.6,9.5
,"Harrison County, MS","28047","2019","2019","Unintentional","1","Fall","GRINJ-003",12,208080,5.8,3.0,10.1
,"Harrison County, MS","28047","2019","2019","Unintentional","1","Motor Vehicle Traffic","GRINJ-008",35,208080,16.8,11.7,23.4
,"Harrison County, MS","28047","2019","2019","Unintentional","1","Poisoning","GRINJ-015",39,208080,18.7,13.3,25.6
,"Harrison County, MS","28047","2019","2019","Unintentional","1","Suffocation","GRINJ-017",10,208080,4.8,2.3,8.8
,"Harrison County, MS","28047","2019","2019","Suicide","2","Firearm","GRINJ-006",23,208080,11.1,7.0,16.6
,"Harrison County, MS","28047","2019","2019","Homicide","3","Firearm","GRINJ-006",11,208080,5.3,2.6,9.5
,"Hinds County, MS","28049","2019","2019","Unintentional","1","Motor Vehicle Traffic","GRINJ-008",67,231840,28.9,22.4,36.7
,"Hinds County, MS","28049","2019","2019","Unintentional","1","Poisoning","GRINJ-015",25,231840,10.8,7.0,15.9
,"Hinds County, MS","28049","2019","2019","Suicide","2","Firearm","GRINJ-006",21,231840,9.1,5.6,13.8
,"Hinds County, MS","28049","2019","2019","Homicide","3","Firearm","GRINJ-006",67,231840,28.9,22.4,36.7
,"Itawamba County, MS","28057","2019","2019","Unintentional","1","Fall","GRINJ-003",10,23390,42.8,20.5,78.6
,"Itawamba County, MS","28057","2019","2019","Unintentional","1","Motor Vehicle Traffic","GRINJ-008",11,23390,47.0,23.5,84.1
,"Jackson County, MS","28059","2019","2019","Unintentional","1","Fall","GRINJ-003",31,143617,21.6,14.7,30.6
,"Jackson County, MS","28059","2019","2019","Unintentional","1","Motor Vehicle Traffic","GRINJ-008",19,143617,13.2,8.0,20.7
,"Jackson County, MS","28059","2019","2019","Unintentional","1","Poisoning","GRINJ-015",31,143617,21.6,14.7,30.6
,"Jackson County, MS","28059","2019","2019","Suicide","2","Firearm","GRINJ-006",15,143617,10.4,5.8,17.2
,"Jackson County, MS","28059","2019","2019","Homicide","3","Firearm","GRINJ-006",10,143617,7.0,3.3,12.8
,"Jones County, MS","28067","2019","2019","Unintentional","1","Motor Vehicle Traffic","GRINJ-008",16,68098,23.5,13.4,38.2
,"Lauderdale County, MS","28075","2019","2019","Unintentional","1","Motor Vehicle Traffic","GRINJ-008",16,74125,21.6,12.3,35.1
,"Lauderdale County, MS","28075","2019","2019","Homicide","3","Firearm","GRINJ-006",14,74125,18.9,10.3,31.7
,"Lee County, MS","28081","2019","2019","Unintentional","1","Fall","GRINJ-003",17,85436,19.9,11.6,31.9
,"Lee County, MS","28081","2019","2019","Unintentional","1","Motor Vehicle Traffic","GRINJ-008",19,85436,22.2,13.4,34.7
,"Leflore County, MS","28083","2019","2019","Homicide","3","Firearm","GRINJ-006",11,28183,39.0,19.5,69.8
,"Lincoln County, MS","28085","2019","2019","Unintentional","1","Motor Vehicle Traffic","GRINJ-008",11,34153,32.2,16.1,57.6
,"Lowndes County, MS","28087","2019","2019","Unintentional","1","Fall","GRINJ-003",13,58595,22.2,11.8,37.9
,"Lowndes County, MS","28087","2019","2019","Unintentional","1","Motor Vehicle Traffic","GRINJ-008",14,58595,23.9,13.1,40.1
,"Madison County, MS","28089","2019","2019","Unintentional","1","Fall","GRINJ-003",11,106272,10.4,5.2,18.5
,"Madison County, MS","28089","2019","2019","Suicide","2","Firearm","GRINJ-006",10,106272,9.4,4.5,17.3
,"Marshall County, MS","28093","2019","2019","Unintentional","1","Motor Vehicle Traffic","GRINJ-008",22,35294,62.3,39.1,94.4
,"Monroe County, MS","28095","2019","2019","Unintentional","1","Motor Vehicle Traffic","GRINJ-008",12,35252,34.0,17.6,59.5
,"Oktibbeha County, MS","28105","2019","2019","Unintentional","1","Motor Vehicle Traffic","GRINJ-008",11,49587,22.2,11.1,39.7
,"Panola County, MS","28107","2019","2019","Unintentional","1","Motor Vehicle Traffic","GRINJ-008",13,34192,38.0,20.2,65.0
,"Pearl River County, MS","28109","2019","2019","Unintentional","1","Motor Vehicle Traffic","GRINJ-008",21,55535,37.8,23.4,57.8
,"Pearl River County, MS","28109","2019","2019","Unintentional","1","Poisoning","GRINJ-015",16,55535,28.8,16.5,46.8
,"Pike County, MS","28113","2019","2019","Unintentional","1","Motor Vehicle Traffic","GRINJ-008",16,39288,40.7,23.3,66.1
,"Pike County, MS","28113","2019","2019","Homicide","3","Firearm","GRINJ-006",10,39288,25.5,12.2,46.8
,"Rankin County, MS","28121","2019","2019","Unintentional","1","Fall","GRINJ-003",12,155271,7.7,4.0,13.5
,"Rankin County, MS","28121","2019","2019","Unintentional","1","Motor Vehicle Traffic","GRINJ-008",19,155271,12.2,7.4,19.1
,"Rankin County, MS","28121","2019","2019","Unintentional","1","Poisoning","GRINJ-015",21,155271,13.5,8.4,20.7
,"Rankin County, MS","28121","2019","2019","Suicide","2","Firearm","GRINJ-006",19,155271,12.2,7.4,19.1
,"Scott County, MS","28123","2019","2019","Unintentional","1","Motor Vehicle Traffic","GRINJ-008",12,28124,42.7,22.0,74.5
,"Tate County, MS","28137","2019","2019","Unintentional","1","Motor Vehicle Traffic","GRINJ-008",14,28321,49.4,27.0,82.9
,"Warren County, MS","28149","2019","2019","Unintentional","1","Motor Vehicle Traffic","GRINJ-008",11,45381,24.2,12.1,43.4
,"Washington County, MS","28151","2019","2019","Unintentional","1","Motor Vehicle Traffic","GRINJ-008",18,43909,41.0,24.3,64.8
,"Washington County, MS","28151","2019","2019","Homicide","3","Firearm","GRINJ-006",15,43909,34.2,19.1,56.3
,"Boone County, MO","29019","2019","2019","Unintentional","1","Motor Vehicle Traffic","GRINJ-008",20,180463,11.1,6.8,17.1
,"Boone County, MO","29019","2019","2019","Unintentional","1","Poisoning","GRINJ-015",27,180463,15.0,9.9,21.8
,"Boone County, MO","29019","2019","2019","Suicide","2","Firearm","GRINJ-006",17,180463,9.4,5.5,15.1
,"Boone County, MO","29019","2019","2019","Homicide","3","Firearm","GRINJ-006",17,180463,9.4,5.5,15.1
,"Buchanan County, MO","29021","2019","2019","Unintentional","1","Poisoning","GRINJ-015",16,87364,18.3,10.5,29.7
,"Cape Girardeau County, MO","29031","2019","2019","Unintentional","1","Motor Vehicle Traffic","GRINJ-008",12,78871,15.2,7.9,26.6
,"Cape Girardeau County, MO","29031","2019","2019","Unintentional","1","Poisoning","GRINJ-015",15,78871,19.0,10.6,31.4
,"Cape Girardeau County, MO","29031","2019","2019","Suicide","2","Firearm","GRINJ-006",10,78871,12.7,6.1,23.3
,"Cass County, MO","29037","2019","2019","Unintentional","1","Fall","GRINJ-003",19,105780,18.0,10.8,28.0
,"Cass County, MO","29037","2019","2019","Unintentional","1","Motor Vehicle Traffic","GRINJ-008",17,105780,16.1,9.4,25.7
,"Cass County, MO","29037","2019","2019","Unintentional","1","Poisoning","GRINJ-015",13,105780,12.3,6.5,21.0
,"Cass County, MO","29037","2019","2019","Suicide","2","Firearm","GRINJ-006",25,105780,23.6,15.3,34.9
,"Christian County, MO","29043","2019","2019","Unintentional","1","Motor Vehicle Traffic","GRINJ-008",10,88595,11.3,5.4,20.8
,"Christian County, MO","29043","2019","2019","Suicide","2","Firearm","GRINJ-006",15,88595,16.9,9.5,27.9
,"Clay County, MO","29047","2019","2019","Unintentional","1","Fall","GRINJ-003",27,249948,10.8,7.1,15.7
,"Clay County, MO","29047","2019","2019","Unintentional","1","Motor Vehicle Traffic","GRINJ-008",28,249948,11.2,7.4,16.2
,"Clay County, MO","29047","2019","2019","Unintentional","1","Poisoning","GRINJ-015",35,249948,14.0,9.8,19.5
,"Clay County, MO","29047","2019","2019","Unintentional","1","Suffocation","GRINJ-017",10,249948,4.0,1.9,7.4
,"Clay County, MO","29047","2019","2019","Suicide","2","Firearm","GRINJ-006",35,249948,14.0,9.8,19.5
,"Clay County, MO","29047","2019","2019","Suicide","2","Suffocation","GRINJ-017",17,249948,6.8,4.0,10.9
,"Clay County, MO","29047","2019","2019","Homicide","3","Firearm","GRINJ-006",12,249948,4.8,2.5,8.4
,"Cole County, MO","29051","2019","2019","Unintentional","1","Motor Vehicle Traffic","GRINJ-008",13,76745,16.9,9.0,29.0
,"Cole County, MO","29051","2019","2019","Suicide","2","Firearm","GRINJ-006",10,76745,13.0,6.2,24.0
,"Dunklin County, MO","29069","2019","2019","Unintentional","1","Motor Vehicle Traffic","GRINJ-008",12,29131,41.2,21.3,72.0
,"Franklin County, MO","29071","2019","2019","Unintentional","1","Fall","GRINJ-003",37,103967,35.6,25.1,49.1
,"Franklin County, MO","29071","2019","2019","Unintentional","1","Motor Vehicle Traffic","GRINJ-008",24,103967,23.1,14.8,34.3
,"Franklin County, MO","29071","2019","2019","Unintentional","1","Poisoning","GRINJ-015",37,103967,35.6,25.1,49.1
,"Franklin County, MO","29071","2019","2019","Suicide","2","Firearm","GRINJ-006",12,103967,11.5,6.0,20.2
,"Greene County, MO","29077","2019","2019","Unintentional","1","Fall","GRINJ-003",61,293086,20.8,15.9,26.7
,"Greene County, MO","29077","2019","2019","Unintentional","1","Motor Vehicle Traffic","GRINJ-008",25,293086,8.5,5.5,12.6
,"Greene County, MO","29077","2019","2019","Unintentional","1","Poisoning","GRINJ-015",77,293086,26.3,20.7,32.8
,"Greene County, MO","29077","2019","2019","Suicide","2","Firearm","GRINJ-006",35,293086,11.9,8.3,16.6
,"Greene County, MO","29077","2019","2019","Suicide","2","Suffocation","GRINJ-017",20,293086,6.8,4.2,10.5
,"Howell County, MO","29091","2019","2019","Unintentional","1","Motor Vehicle Traffic","GRINJ-008",11,40117,27.4,13.7,49.1
,"Jackson County, MO","29095","2019","2019","Unintentional","1","Drowning","GRINJ-002",10,703011,1.4,0.7,2.6
,"Jackson County, MO","29095","2019","2019","Unintentional","1","Fall","GRINJ-003",75,703011,10.7,8.4,13.4
,"Jackson County, MO","29095","2019","2019","Unintentional","1","Fire/Flame","GRINJ-004",12,703011,1.7,0.9,3.0
,"Jackson County, MO","29095","2019","2019","Unintentional","1","Motor Vehicle Traffic","GRINJ-008",108,703011,15.4,12.5,18.3
,"Jackson County, MO","29095","2019","2019","Unintentional","1","Poisoning","GRINJ-015",138,703011,19.6,16.4,22.9
,"Jackson County, MO","29095","2019","2019","Unintentional","1","Suffocation","GRINJ-017",23,703011,3.3,2.1,4.9
,"Jackson County, MO","29095","2019","2019","Unintentional","1","Unspecified Injury","GRINJ-020",14,703011,2.0,1.1,3.3
,"Jackson County, MO","29095","2019","2019","Suicide","2","Firearm","GRINJ-006",79,703011,11.2,8.9,14.0
,"Jackson County, MO","29095","2019","2019","Suicide","2","Poisoning","GRINJ-015",12,703011,1.7,0.9,3.0
,"Jackson County, MO","29095","2019","2019","Suicide","2","Suffocation","GRINJ-017",37,703011,5.3,3.7,7.3
,"Jackson County, MO","29095","2019","2019","Homicide","3","Firearm","GRINJ-006",147,703011,20.9,17.5,24.3
,"Jasper County, MO","29097","2019","2019","Unintentional","1","Motor Vehicle Traffic","GRINJ-008",13,121328,10.7,5.7,18.3
,"Jasper County, MO","29097","2019","2019","Unintentional","1","Poisoning","GRINJ-015",15,121328,12.4,6.9,20.4
,"Jasper County, MO","29097","2019","2019","Suicide","2","Firearm","GRINJ-006",11,121328,9.1,4.5,16.2
,"Jefferson County, MO","29099","2019","2019","Unintentional","1","Fall","GRINJ-003",50,225081,22.2,16.5,29.3
,"Jefferson County, MO","29099","2019","2019","Unintentional","1","Motor Vehicle Traffic","GRINJ-008",39,225081,17.3,12.3,23.7
,"Jefferson County, MO","29099","2019","2019","Unintentional","1","Poisoning","GRINJ-015",95,225081,42.2,34.1,51.6
,"Jefferson County, MO","29099","2019","2019","Unintentional","1","Suffocation","GRINJ-017",15,225081,6.7,3.7,11.0
,"Jefferson County, MO","29099","2019","2019","Suicide","2","Firearm","GRINJ-006",36,225081,16.0,11.2,22.1
,"Jefferson County, MO","29099","2019","2019","Suicide","2","Suffocation","GRINJ-017",10,225081,4.4,2.1,8.2
,"Lafayette County, MO","29107","2019","2019","Unintentional","1","Motor Vehicle Traffic","GRINJ-008",10,32708,30.6,14.7,56.2
,"Lincoln County, MO","29113","2019","2019","Unintentional","1","Fall","GRINJ-003",13,59013,22.0,11.7,37.7
,"Lincoln County, MO","29113","2019","2019","Unintentional","1","Motor Vehicle Traffic","GRINJ-008",14,59013,23.7,13.0,39.8
,"Lincoln County, MO","29113","2019","2019","Unintentional","1","Poisoning","GRINJ-015",21,59013,35.6,22.0,54.4
,"Lincoln County, MO","29113","2019","2019","Suicide","2","Firearm","GRINJ-006",10,59013,16.9,8.1,31.2
,"McDonald County, MO","29119","2019","2019","Unintentional","1","Motor Vehicle Traffic","GRINJ-008",10,22837,43.8,21.0,80.5
,"Newton County, MO","29145","2019","2019","Unintentional","1","Motor Vehicle Traffic","GRINJ-008",10,58236,17.2,8.2,31.6
,"Phelps County, MO","29161","2019","2019","Unintentional","1","Poisoning","GRINJ-015",21,44573,47.1,29.2,72.0
,"Platte County, MO","29165","2019","2019","Unintentional","1","Fall","GRINJ-003",15,104418,14.4,8.0,23.7
,"Platte County, MO","29165","2019","2019","Unintentional","1","Poisoning","GRINJ-015",12,104418,11.5,5.9,20.1
,"Platte County, MO","29165","2019","2019","Suicide","2","Firearm","GRINJ-006",10,104418,9.6,4.6,17.6
,"Pulaski County, MO","29169","2019","2019","Unintentional","1","Poisoning","GRINJ-015",23,52607,43.7,27.7,65.6
,"St. Charles County, MO","29183","2019","2019","Unintentional","1","Fall","GRINJ-003",76,402022,18.9,14.9,23.7
,"St. Charles County, MO","29183","2019","2019","Unintentional","1","Motor Vehicle Traffic","GRINJ-008",27,402022,6.7,4.4,9.8
,"St. Charles County, MO","29183","2019","2019","Unintentional","1","Poisoning","GRINJ-015",92,402022,22.9,18.4,28.1
,"St. Charles County, MO","29183","2019","2019","Unintentional","1","Suffocation","GRINJ-017",10,402022,2.5,1.2,4.6
,"St. Charles County, MO","29183","2019","2019","Suicide","2","Firearm","GRINJ-006",39,402022,9.7,6.9,13.3
,"St. Charles County, MO","29183","2019","2019","Homicide","3","Firearm","GRINJ-006",10,402022,2.5,1.2,4.6
,"St. Francois County, MO","29187","2019","2019","Unintentional","1","Motor Vehicle Traffic","GRINJ-008",17,67215,25.3,14.7,40.5
,"St. Francois County, MO","29187","2019","2019","Unintentional","1","Poisoning","GRINJ-015",25,67215,37.2,24.1,54.9
,"St. Louis County, MO","29189","2019","2019","Unintentional","1","Fall","GRINJ-003",144,994205,14.5,12.1,16.8
,"St. Louis County, MO","29189","2019","2019","Unintentional","1","Fire/Flame","GRINJ-004",13,994205,1.3,0.7,2.2
,"St. Louis County, MO","29189","2019","2019","Unintentional","1","Motor Vehicle Traffic","GRINJ-008",112,994205,11.3,9.2,13.4
,"St. Louis County, MO","29189","2019","2019","Unintentional","1","Poisoning","GRINJ-015",314,994205,31.6,28.1,35.1
,"St. Louis County, MO","29189","2019","2019","Unintentional","1","Suffocation","GRINJ-017",31,994205,3.1,2.1,4.4
,"St. Louis County, MO","29189","2019","2019","Unintentional","1","Unspecified Injury","GRINJ-020",26,994205,2.6,1.7,3.8
,"St. Louis County, MO","29189","2019","2019","Suicide","2","Firearm","GRINJ-006",72,994205,7.2,5.7,9.1
,"St. Louis County, MO","29189","2019","2019","Suicide","2","Poisoning","GRINJ-015",22,994205,2.2,1.4,3.4
,"St. Louis County, MO","29189","2019","2019","Suicide","2","Suffocation","GRINJ-017",35,994205,3.5,2.5,4.9
,"St. Louis County, MO","29189","2019","2019","Homicide","3","Firearm","GRINJ-006",149,994205,15.0,12.6,17.4
,"Stone County, MO","29209","2019","2019","Unintentional","1","Motor Vehicle Traffic","GRINJ-008",17,31952,53.2,31.0,85.2
,"Warren County, MO","29219","2019","2019","Unintentional","1","Motor Vehicle Traffic","GRINJ-008",10,35649,28.1,13.5,51.6
,"Webster County, MO","29225","2019","2019","Unintentional","1","Poisoning","GRINJ-015",13,39592,32.8,17.5,56.1
,"St. Louis city, MO","29510","2019","2019","Unintentional","1","Fall","GRINJ-003",19,300576,6.3,3.8,9.9
,"St. Louis city, MO","29510","2019","2019","Unintentional","1","Motor Vehicle Traffic","GRINJ-008",52,300576,17.3,12.9,22.7
,"St. Louis city, MO","29510","2019","2019","Unintentional","1","Poisoning","GRINJ-015",239,300576,79.5,69.4,89.6
,"St. Louis city, MO","29510","2019","2019","Suicide","2","Firearm","GRINJ-006",23,300576,7.7,4.9,11.5
,"St. Louis city, MO","29510","2019","2019","Suicide","2","Suffocation","GRINJ-017",14,300576,4.7,2.5,7.8
,"St. Louis city, MO","29510","2019","2019","Homicide","3","Firearm","GRINJ-006",119,300576,39.6,32.5,46.7
,"Big Horn County, MT","30003","2019","2019","Unintentional","1","Motor Vehicle Traffic","GRINJ-008",16,13319,120.1,68.7,195.1
,"Cascade County, MT","30013","2019","2019","Unintentional","1","Fall","GRINJ-003",24,81366,29.5,18.9,43.9
,"Cascade County, MT","30013","2019","2019","Unintentional","1","Motor Vehicle Traffic","GRINJ-008",14,81366,17.2,9.4,28.9
,"Cascade County, MT","30013","2019","2019","Unintentional","1","Poisoning","GRINJ-015",12,81366,14.7,7.6,25.8
,"Cascade County, MT","30013","2019","2019","Suicide","2","Firearm","GRINJ-006",12,81366,14.7,7.6,25.8
,"Flathead County, MT","30029","2019","2019","Unintentional","1","Fall","GRINJ-003",18,103806,17.3,10.3,27.4
,"Flathead County, MT","30029","2019","2019","Unintentional","1","Motor Vehicle Traffic","GRINJ-008",14,103806,13.5,7.4,22.6
,"Flathead County, MT","30029","2019","2019","Unintentional","1","Poisoning","GRINJ-015",10,103806,9.6,4.6,17.7
,"Flathead County, MT","30029","2019","2019","Suicide","2","Firearm","GRINJ-006",16,103806,15.4,8.8,25.0
,"Gallatin County, MT","30031","2019","2019","Unintentional","1","Fall","GRINJ-003",12,114434,10.5,5.4,18.3
,"Gallatin County, MT","30031","2019","2019","Unintentional","1","Motor Vehicle Traffic","GRINJ-008",11,114434,9.6,4.8,17.2
,"Gallatin County, MT","30031","2019","2019","Unintentional","1","Poisoning","GRINJ-015",12,114434,10.5,5.4,18.3
,"Gallatin County, MT","30031","2019","2019","Suicide","2","Firearm","GRINJ-006",17,114434,14.9,8.7,23.8
,"Lewis and Clark County, MT","30049","2019","2019","Unintentional","1","Fall","GRINJ-003",21,69432,30.2,18.7,46.2
,"Missoula County, MT","30063","2019","2019","Unintentional","1","Fall","GRINJ-003",19,119600,15.9,9.6,24.8
,"Missoula County, MT","30063","2019","2019","Unintentional","1","Motor Vehicle Traffic","GRINJ-008",13,119600,10.9,5.8,18.6
,"Missoula County, MT","30063","2019","2019","Suicide","2","Firearm","GRINJ-006",12,119600,10.0,5.2,17.5
,"Yellowstone County, MT","30111","2019","2019","Unintentional","1","Fall","GRINJ-003",29,161300,18.0,12.0,25.8
,"Yellowstone County, MT","30111","2019","2019","Unintentional","1","Motor Vehicle Traffic","GRINJ-008",21,161300,13.0,8.1,19.9
,"Yellowstone County, MT","30111","2019","2019","Unintentional","1","Poisoning","GRINJ-015",27,161300,16.7,11.0,24.4
,"Yellowstone County, MT","30111","2019","2019","Suicide","2","Firearm","GRINJ-006",31,161300,19.2,13.1,27.3
,"Yellowstone County, MT","30111","2019","2019","Suicide","2","Suffocation","GRINJ-017",13,161300,8.1,4.3,13.8
,"Douglas County, NE","31055","2019","2019","Unintentional","1","Fall","GRINJ-003",52,571327,9.1,6.8,11.9
,"Douglas County, NE","31055","2019","2019","Unintentional","1","Motor Vehicle Traffic","GRINJ-008",48,571327,8.4,6.2,11.1
,"Douglas County, NE","31055","2019","2019","Unintentional","1","Poisoning","GRINJ-015",52,571327,9.1,6.8,11.9
,"Douglas County, NE","31055","2019","2019","Unintentional","1","Suffocation","GRINJ-017",18,571327,3.2,1.9,5.0
,"Douglas County, NE","31055","2019","2019","Suicide","2","Firearm","GRINJ-006",51,571327,8.9,6.6,11.7
,"Douglas County, NE","31055","2019","2019","Suicide","2","Poisoning","GRINJ-015",22,571327,3.9,2.4,5.8
,"Douglas County, NE","31055","2019","2019","Suicide","2","Suffocation","GRINJ-017",20,571327,3.5,2.1,5.4
,"Douglas County, NE","31055","2019","2019","Homicide","3","Firearm","GRINJ-006",19,571327,3.3,2.0,5.2
,"Hall County, NE","31079","2019","2019","Unintentional","1","Fall","GRINJ-003",10,61353,16.3,7.8,30.0
,"Lancaster County, NE","31109","2019","2019","Unintentional","1","Fall","GRINJ-003",41,319090,12.8,9.2,17.4
,"Lancaster County, NE","31109","2019","2019","Unintentional","1","Motor Vehicle Traffic","GRINJ-008",31,319090,9.7,6.6,13.8
,"Lancaster County, NE","31109","2019","2019","Unintentional","1","Poisoning","GRINJ-015",27,319090,8.5,5.6,12.3
,"Lancaster County, NE","31109","2019","2019","Suicide","2","Firearm","GRINJ-006",21,319090,6.6,4.1,10.1
,"Lancaster County, NE","31109","2019","2019","Suicide","2","Suffocation","GRINJ-017",12,319090,3.8,1.9,6.6
,"Sarpy County, NE","31153","2019","2019","Unintentional","1","Fall","GRINJ-003",18,187196,9.6,5.7,15.2
,"Sarpy County, NE","31153","2019","2019","Unintentional","1","Motor Vehicle Traffic","GRINJ-008",16,187196,8.5,4.9,13.9
,"Sarpy County, NE","31153","2019","2019","Unintentional","1","Poisoning","GRINJ-015",18,187196,9.6,5.7,15.2
,"Sarpy County, NE","31153","2019","2019","Suicide","2","Firearm","GRINJ-006",13,187196,6.9,3.7,11.9
,"Scotts Bluff County, NE","31157","2019","2019","Unintentional","1","Motor Vehicle Traffic","GRINJ-008",13,35618,36.5,19.4,62.4
,"Clark County, NV","32003","2019","2019","Unintentional","1","Drowning","GRINJ-002",28,2266715,1.2,0.8,1.8
,"Clark County, NV","32003","2019","2019","Unintentional","1","Fall","GRINJ-003",173,2266715,7.6,6.5,8.8
,"Clark County, NV","32003","2019","2019","Unintentional","1","Fire/Flame","GRINJ-004",11,2266715,0.5,0.2,0.9
,"Clark County, NV","32003","2019","2019","Unintentional","1","Motor Vehicle Traffic","GRINJ-008",183,2266715,8.1,6.9,9.2
,"Clark County, NV","32003","2019","2019","Unintentional","1","Natural/Environmental","GRINJ-013",39,2266715,1.7,1.2,2.4
,"Clark County, NV","32003","2019","2019","Unintentional","1","Poisoning","GRINJ-015",395,2266715,17.4,15.7,19.1
,"Clark County, NV","32003","2019","2019","Unintentional","1","Suffocation","GRINJ-017",42,2266715,1.9,1.3,2.5
,"Clark County, NV","32003","2019","2019","Unintentional","1","Other specified, classifiable Injury","GRINJ-018",11,2266715,0.5,0.2,0.9
,"Clark County, NV","32003","2019","2019","Unintentional","1","Unspecified Injury","GRINJ-020",14,2266715,0.6,0.3,1.0
,"Clark County, NV","32003","2019","2019","Suicide","2","Fall","GRINJ-003",17,2266715,0.7,0.4,1.2
,"Clark County, NV","32003","2019","2019","Suicide","2","Firearm","GRINJ-006",222,2266715,9.8,8.5,11.1
,"Clark County, NV","32003","2019","2019","Suicide","2","Poisoning","GRINJ-015",72,2266715,3.2,2.5,4.0
,"Clark County, NV","32003","2019","2019","Suicide","2","Suffocation","GRINJ-017",89,2266715,3.9,3.2,4.8
,"Clark County, NV","32003","2019","2019","Homicide","3","Firearm","GRINJ-006",90,2266715,4.0,3.2,4.9
,"Clark County, NV","32003","2019","2019","Homicide","3","Unspecified Injury","GRINJ-020",17,2266715,0.7,0.4,1.2
,"Douglas County, NV","32005","2019","2019","Suicide","2","Firearm","GRINJ-006",12,48905,24.5,12.7,42.9
,"Elko County, NV","32007","2019","2019","Unintentional","1","Motor Vehicle Traffic","GRINJ-008",15,52778,28.4,15.9,46.9
,"Elko County, NV","32007","2019","2019","Suicide","2","Firearm","GRINJ-006",19,52778,36.0,21.7,56.2
,"Lyon County, NV","32019","2019","2019","Unintentional","1","Motor Vehicle Traffic","GRINJ-008",12,57510,20.9,10.8,36.4
,"Lyon County, NV","32019","2019","2019","Unintentional","1","Poisoning","GRINJ-015",15,57510,26.1,14.6,43.0
,"Lyon County, NV","32019","2019","2019","Suicide","2","Firearm","GRINJ-006",11,57510,19.1,9.5,34.2
,"Nye County, NV","32023","2019","2019","Suicide","2","Firearm","GRINJ-006",13,46523,27.9,14.9,47.8
,"Washoe County, NV","32031","2019","2019","Unintentional","1","Fall","GRINJ-003",109,471519,23.1,18.8,27.5
,"Washoe County, NV","32031","2019","2019","Unintentional","1","Motor Vehicle Traffic","GRINJ-008",42,471519,8.9,6.4,12.0
,"Washoe County, NV","32031","2019","2019","Unintentional","1","Poisoning","GRINJ-015",109,471519,23.1,18.8,27.5
,"Washoe County, NV","32031","2019","2019","Suicide","2","Firearm","GRINJ-006",60,471519,12.7,9.7,16.4
,"Washoe County, NV","32031","2019","2019","Suicide","2","Poisoning","GRINJ-015",18,471519,3.8,2.3,6.0
,"Washoe County, NV","32031","2019","2019","Suicide","2","Suffocation","GRINJ-017",29,471519,6.2,4.1,8.8
,"Washoe County, NV","32031","2019","2019","Homicide","3","Firearm","GRINJ-006",19,471519,4.0,2.4,6.3
,"Washoe County, NV","32031","2019","2019","Undetermined ","4","Poisoning","GRINJ-015",13,471519,2.8,1.5,4.7
,"Belknap County, NH","33001","2019","2019","Unintentional","1","Fall","GRINJ-003",15,61303,24.5,13.7,40.4
,"Belknap County, NH","33001","2019","2019","Unintentional","1","Poisoning","GRINJ-015",20,61303,32.6,19.9,50.4
,"Belknap County, NH","33001","2019","2019","Suicide","2","Firearm","GRINJ-006",11,61303,17.9,9.0,32.1
,"Carroll County, NH","33003","2019","2019","Unintentional","1","Fall","GRINJ-003",10,48910,20.4,9.8,37.6
,"Carroll County, NH","33003","2019","2019","Unintentional","1","Poisoning","GRINJ-015",11,48910,22.5,11.2,40.2
,"Cheshire County, NH","33005","2019","2019","Unintentional","1","Fall","GRINJ-003",11,76085,14.5,7.2,25.9
,"Cheshire County, NH","33005","2019","2019","Unintentional","1","Poisoning","GRINJ-015",17,76085,22.3,13.0,35.8
,"Cheshire County, NH","33005","2019","2019","Suicide","2","Firearm","GRINJ-006",10,76085,13.1,6.3,24.2
,"Coos County, NH","33007","2019","2019","Unintentional","1","Fall","GRINJ-003",17,31563,53.9,31.4,86.2
,"Grafton County, NH","33009","2019","2019","Unintentional","1","Fall","GRINJ-003",13,89886,14.5,7.7,24.7
,"Grafton County, NH","33009","2019","2019","Unintentional","1","Motor Vehicle Traffic","GRINJ-008",10,89886,11.1,5.3,20.5
,"Grafton County, NH","33009","2019","2019","Unintentional","1","Poisoning","GRINJ-015",20,89886,22.3,13.6,34.4
,"Grafton County, NH","33009","2019","2019","Suicide","2","Firearm","GRINJ-006",13,89886,14.5,7.7,24.7
,"Hillsborough County, NH","33011","2019","2019","Unintentional","1","Fall","GRINJ-003",73,417025,17.5,13.7,22.0
,"Hillsborough County, NH","33011","2019","2019","Unintentional","1","Motor Vehicle Traffic","GRINJ-008",32,417025,7.7,5.2,10.8
,"Hillsborough County, NH","33011","2019","2019","Unintentional","1","Poisoning","GRINJ-015",139,417025,33.3,27.8,38.9
,"Hillsborough County, NH","33011","2019","2019","Suicide","2","Firearm","GRINJ-006",46,417025,11.0,8.1,14.7
,"Hillsborough County, NH","33011","2019","2019","Suicide","2","Poisoning","GRINJ-015",11,417025,2.6,1.3,4.7
,"Hillsborough County, NH","33011","2019","2019","Suicide","2","Suffocation","GRINJ-017",27,417025,6.5,4.3,9.4
,"Merrimack County, NH","33013","2019","2019","Unintentional","1","Fall","GRINJ-003",29,151391,19.2,12.8,27.5
,"Merrimack County, NH","33013","2019","2019","Unintentional","1","Motor Vehicle Traffic","GRINJ-008",16,151391,10.6,6.0,17.2
,"Merrimack County, NH","33013","2019","2019","Unintentional","1","Poisoning","GRINJ-015",38,151391,25.1,17.8,34.5
,"Merrimack County, NH","33013","2019","2019","Suicide","2","Firearm","GRINJ-006",15,151391,9.9,5.5,16.3
,"Rockingham County, NH","33015","2019","2019","Unintentional","1","Fall","GRINJ-003",55,309769,17.8,13.4,23.1
,"Rockingham County, NH","33015","2019","2019","Unintentional","1","Motor Vehicle Traffic","GRINJ-008",18,309769,5.8,3.4,9.2
,"Rockingham County, NH","33015","2019","2019","Unintentional","1","Poisoning","GRINJ-015",80,309769,25.8,20.5,32.1
,"Rockingham County, NH","33015","2019","2019","Suicide","2","Firearm","GRINJ-006",18,309769,5.8,3.4,9.2
,"Rockingham County, NH","33015","2019","2019","Suicide","2","Suffocation","GRINJ-017",16,309769,5.2,3.0,8.4
,"Strafford County, NH","33017","2019","2019","Unintentional","1","Fall","GRINJ-003",25,130633,19.1,12.4,28.3
,"Strafford County, NH","33017","2019","2019","Unintentional","1","Poisoning","GRINJ-015",51,130633,39.0,29.1,51.3
,"Atlantic County, NJ","34001","2019","2019","Unintentional","1","Fall","GRINJ-003",32,263670,12.1,8.3,17.1
,"Atlantic County, NJ","34001","2019","2019","Unintentional","1","Motor Vehicle Traffic","GRINJ-008",28,263670,10.6,7.1,15.3
,"Atlantic County, NJ","34001","2019","2019","Unintentional","1","Poisoning","GRINJ-015",148,263670,56.1,47.1,65.2
,"Atlantic County, NJ","34001","2019","2019","Unintentional","1","Unspecified Injury","GRINJ-020",14,263670,5.3,2.9,8.9
,"Atlantic County, NJ","34001","2019","2019","Suicide","2","Firearm","GRINJ-006",10,263670,3.8,1.8,7.0
,"Atlantic County, NJ","34001","2019","2019","Suicide","2","Suffocation","GRINJ-017",12,263670,4.6,2.4,7.9
,"Atlantic County, NJ","34001","2019","2019","Homicide","3","Firearm","GRINJ-006",10,263670,3.8,1.8,7.0
,"Bergen County, NJ","34003","2019","2019","Unintentional","1","Fall","GRINJ-003",85,932202,9.1,7.3,11.3
,"Bergen County, NJ","34003","2019","2019","Unintentional","1","Motor Vehicle Traffic","GRINJ-008",50,932202,5.4,4.0,7.1
,"Bergen County, NJ","34003","2019","2019","Unintentional","1","Poisoning","GRINJ-015",159,932202,17.1,14.4,19.7
,"Bergen County, NJ","34003","2019","2019","Unintentional","1","Suffocation","GRINJ-017",12,932202,1.3,0.7,2.2
,"Bergen County, NJ","34003","2019","2019","Unintentional","1","Unspecified Injury","GRINJ-020",29,932202,3.1,2.1,4.5
,"Bergen County, NJ","34003","2019","2019","Suicide","2","Fall","GRINJ-003",13,932202,1.4,0.7,2.4
,"Bergen County, NJ","34003","2019","2019","Suicide","2","Firearm","GRINJ-006",13,932202,1.4,0.7,2.4
,"Bergen County, NJ","34003","2019","2019","Suicide","2","Poisoning","GRINJ-015",14,932202,1.5,0.8,2.5
,"Bergen County, NJ","34003","2019","2019","Suicide","2","Suffocation","GRINJ-017",39,932202,4.2,3.0,5.7
,"Burlington County, NJ","34005","2019","2019","Unintentional","1","Fall","GRINJ-003",25,445349,5.6,3.6,8.3
,"Burlington County, NJ","34005","2019","2019","Unintentional","1","Motor Vehicle Traffic","GRINJ-008",37,445349,8.3,5.8,11.5
,"Burlington County, NJ","34005","2019","2019","Unintentional","1","Poisoning","GRINJ-015",168,445349,37.7,32.0,43.4
,"Burlington County, NJ","34005","2019","2019","Unintentional","1","Suffocation","GRINJ-017",11,445349,2.5,1.2,4.4
,"Burlington County, NJ","34005","2019","2019","Unintentional","1","Unspecified Injury","GRINJ-020",25,445349,5.6,3.6,8.3
,"Burlington County, NJ","34005","2019","2019","Suicide","2","Firearm","GRINJ-006",15,445349,3.4,1.9,5.6
,"Burlington County, NJ","34005","2019","2019","Suicide","2","Suffocation","GRINJ-017",22,445349,4.9,3.1,7.5
,"Camden County, NJ","34007","2019","2019","Unintentional","1","Fall","GRINJ-003",33,506471,6.5,4.5,9.2
,"Camden County, NJ","34007","2019","2019","Unintentional","1","Motor Vehicle Traffic","GRINJ-008",52,506471,10.3,7.7,13.5
,"Camden County, NJ","34007","2019","2019","Unintentional","1","Poisoning","GRINJ-015",292,506471,57.7,51.0,64.3
,"Camden County, NJ","34007","2019","2019","Unintentional","1","Suffocation","GRINJ-017",10,506471,2.0,0.9,3.6
,"Camden County, NJ","34007","2019","2019","Unintentional","1","Unspecified Injury","GRINJ-020",16,506471,3.2,1.8,5.1
,"Camden County, NJ","34007","2019","2019","Suicide","2","Firearm","GRINJ-006",15,506471,3.0,1.7,4.9
,"Camden County, NJ","34007","2019","2019","Suicide","2","Suffocation","GRINJ-017",22,506471,4.3,2.7,6.6
,"Camden County, NJ","34007","2019","2019","Homicide","3","Firearm","GRINJ-006",22,506471,4.3,2.7,6.6
,"Cape May County, NJ","34009","2019","2019","Unintentional","1","Fall","GRINJ-003",16,92039,17.4,9.9,28.2
,"Cape May County, NJ","34009","2019","2019","Unintentional","1","Motor Vehicle Traffic","GRINJ-008",11,92039,12.0,6.0,21.4
,"Cape May County, NJ","34009","2019","2019","Unintentional","1","Poisoning","GRINJ-015",50,92039,54.3,40.3,71.6
,"Cumberland County, NJ","34011","2019","2019","Unintentional","1","Motor Vehicle Traffic","GRINJ-008",31,149527,20.7,14.1,29.4
,"Cumberland County, NJ","34011","2019","2019","Unintentional","1","Poisoning","GRINJ-015",85,149527,56.8,45.4,70.3
,"Cumberland County, NJ","34011","2019","2019","Suicide","2","Suffocation","GRINJ-017",13,149527,8.7,4.6,14.9
,"Essex County, NJ","34013","2019","2019","Unintentional","1","Fall","GRINJ-003",40,798975,5.0,3.6,6.8
,"Essex County, NJ","34013","2019","2019","Unintentional","1","Motor Vehicle Traffic","GRINJ-008",36,798975,4.5,3.2,6.2
,"Essex County, NJ","34013","2019","2019","Unintentional","1","Poisoning","GRINJ-015",320,798975,40.1,35.7,44.4
,"Essex County, NJ","34013","2019","2019","Unintentional","1","Suffocation","GRINJ-017",15,798975,1.9,1.1,3.1
,"Essex County, NJ","34013","2019","2019","Unintentional","1","Unspecified Injury","GRINJ-020",26,798975,3.3,2.1,4.8
,"Essex County, NJ","34013","2019","2019","Suicide","2","Suffocation","GRINJ-017",26,798975,3.3,2.1,4.8
,"Essex County, NJ","34013","2019","2019","Homicide","3","Firearm","GRINJ-006",58,798975,7.3,5.5,9.4
,"Gloucester County, NJ","34015","2019","2019","Unintentional","1","Fall","GRINJ-003",16,291636,5.5,3.1,8.9
,"Gloucester County, NJ","34015","2019","2019","Unintentional","1","Motor Vehicle Traffic","GRINJ-008",35,291636,12.0,8.4,16.7
,"Gloucester County, NJ","34015","2019","2019","Unintentional","1","Poisoning","GRINJ-015",164,291636,56.2,47.6,64.8
,"Gloucester County, NJ","34015","2019","2019","Unintentional","1","Unspecified Injury","GRINJ-020",11,291636,3.8,1.9,6.7
,"Hudson County, NJ","34017","2019","2019","Unintentional","1","Fall","GRINJ-003",38,672391,5.7,4.0,7.8
,"Hudson County, NJ","34017","2019","2019","Unintentional","1","Motor Vehicle Traffic","GRINJ-008",18,672391,2.7,1.6,4.2
,"Hudson County, NJ","34017","2019","2019","Unintentional","1","Poisoning","GRINJ-015",156,672391,23.2,19.6,26.8
,"Hudson County, NJ","34017","2019","2019","Suicide","2","Suffocation","GRINJ-017",19,672391,2.8,1.7,4.4
,"Hudson County, NJ","34017","2019","2019","Homicide","3","Firearm","GRINJ-006",12,672391,1.8,0.9,3.1
,"Hunterdon County, NJ","34019","2019","2019","Unintentional","1","Poisoning","GRINJ-015",15,124371,12.1,6.8,19.9
,"Hunterdon County, NJ","34019","2019","2019","Unintentional","1","Unspecified Injury","GRINJ-020",10,124371,8.0,3.9,14.8
,"Mercer County, NJ","34021","2019","2019","Unintentional","1","Fall","GRINJ-003",34,367430,9.3,6.4,12.9
,"Mercer County, NJ","34021","2019","2019","Unintentional","1","Motor Vehicle Traffic","GRINJ-008",24,367430,6.5,4.2,9.7
,"Mercer County, NJ","34021","2019","2019","Unintentional","1","Poisoning","GRINJ-015",102,367430,27.8,22.4,33.1
,"Mercer County, NJ","34021","2019","2019","Unintentional","1","Unspecified Injury","GRINJ-020",11,367430,3.0,1.5,5.4
,"Mercer County, NJ","34021","2019","2019","Suicide","2","Suffocation","GRINJ-017",14,367430,3.8,2.1,6.4
,"Mercer County, NJ","34021","2019","2019","Homicide","3","Firearm","GRINJ-006",16,367430,4.4,2.5,7.1
,"Middlesex County, NJ","34023","2019","2019","Unintentional","1","Fall","GRINJ-003",49,825062,5.9,4.4,7.9
,"Middlesex County, NJ","34023","2019","2019","Unintentional","1","Motor Vehicle Traffic","GRINJ-008",49,825062,5.9,4.4,7.9
,"Middlesex County, NJ","34023","2019","2019","Unintentional","1","Poisoning","GRINJ-015",210,825062,25.5,22.0,28.9
,"Middlesex County, NJ","34023","2019","2019","Unintentional","1","Suffocation","GRINJ-017",13,825062,1.6,0.8,2.7
,"Middlesex County, NJ","34023","2019","2019","Unintentional","1","Unspecified Injury","GRINJ-020",15,825062,1.8,1.0,3.0
,"Middlesex County, NJ","34023","2019","2019","Suicide","2","Firearm","GRINJ-006",14,825062,1.7,0.9,2.8
,"Middlesex County, NJ","34023","2019","2019","Suicide","2","Suffocation","GRINJ-017",26,825062,3.2,2.1,4.6
,"Monmouth County, NJ","34025","2019","2019","Unintentional","1","Fall","GRINJ-003",38,618795,6.1,4.3,8.4
,"Monmouth County, NJ","34025","2019","2019","Unintentional","1","Motor Vehicle Traffic","GRINJ-008",34,618795,5.5,3.8,7.7
,"Monmouth County, NJ","34025","2019","2019","Unintentional","1","Poisoning","GRINJ-015",173,618795,28.0,23.8,32.1
,"Monmouth County, NJ","34025","2019","2019","Unintentional","1","Suffocation","GRINJ-017",16,618795,2.6,1.5,4.2
,"Monmouth County, NJ","34025","2019","2019","Unintentional","1","Unspecified Injury","GRINJ-020",18,618795,2.9,1.7,4.6
,"Monmouth County, NJ","34025","2019","2019","Suicide","2","Suffocation","GRINJ-017",32,618795,5.2,3.5,7.3
,"Morris County, NJ","34027","2019","2019","Unintentional","1","Fall","GRINJ-003",29,491845,5.9,3.9,8.5
,"Morris County, NJ","34027","2019","2019","Unintentional","1","Motor Vehicle Traffic","GRINJ-008",24,491845,4.9,3.1,7.3
,"Morris County, NJ","34027","2019","2019","Unintentional","1","Poisoning","GRINJ-015",98,491845,19.9,16.2,24.3
,"Morris County, NJ","34027","2019","2019","Unintentional","1","Suffocation","GRINJ-017",10,491845,2.0,1.0,3.7
,"Morris County, NJ","34027","2019","2019","Unintentional","1","Unspecified Injury","GRINJ-020",19,491845,3.9,2.3,6.0
,"Morris County, NJ","34027","2019","2019","Suicide","2","Suffocation","GRINJ-017",17,491845,3.5,2.0,5.5
,"Ocean County, NJ","34029","2019","2019","Unintentional","1","Fall","GRINJ-003",53,607186,8.7,6.5,11.4
,"Ocean County, NJ","34029","2019","2019","Unintentional","1","Motor Vehicle Traffic","GRINJ-008",50,607186,8.2,6.1,10.9
,"Ocean County, NJ","34029","2019","2019","Unintentional","1","Poisoning","GRINJ-015",201,607186,33.1,28.5,37.7
,"Ocean County, NJ","34029","2019","2019","Unintentional","1","Suffocation","GRINJ-017",11,607186,1.8,0.9,3.2
,"Ocean County, NJ","34029","2019","2019","Unintentional","1","Unspecified Injury","GRINJ-020",16,607186,2.6,1.5,4.3
,"Ocean County, NJ","34029","2019","2019","Suicide","2","Firearm","GRINJ-006",22,607186,3.6,2.3,5.5
,"Ocean County, NJ","34029","2019","2019","Suicide","2","Suffocation","GRINJ-017",30,607186,4.9,3.3,7.1
,"Passaic County, NJ","34031","2019","2019","Unintentional","1","Fall","GRINJ-003",39,501826,7.8,5.5,10.6
,"Passaic County, NJ","34031","2019","2019","Unintentional","1","Motor Vehicle Traffic","GRINJ-008",26,501826,5.2,3.4,7.6
,"Passaic County, NJ","34031","2019","2019","Unintentional","1","Poisoning","GRINJ-015",124,501826,24.7,20.4,29.1
,"Passaic County, NJ","34031","2019","2019","Unintentional","1","Unspecified Injury","GRINJ-020",14,501826,2.8,1.5,4.7
,"Passaic County, NJ","34031","2019","2019","Suicide","2","Suffocation","GRINJ-017",12,501826,2.4,1.2,4.2
,"Passaic County, NJ","34031","2019","2019","Homicide","3","Firearm","GRINJ-006",18,501826,3.6,2.1,5.7
,"Salem County, NJ","34033","2019","2019","Unintentional","1","Poisoning","GRINJ-015",44,62385,70.5,51.2,94.7
,"Somerset County, NJ","34035","2019","2019","Unintentional","1","Fall","GRINJ-003",23,328934,7.0,4.4,10.5
,"Somerset County, NJ","34035","2019","2019","Unintentional","1","Motor Vehicle Traffic","GRINJ-008",13,328934,4.0,2.1,6.8
,"Somerset County, NJ","34035","2019","2019","Unintentional","1","Poisoning","GRINJ-015",58,328934,17.6,13.4,22.8
,"Somerset County, NJ","34035","2019","2019","Unintentional","1","Suffocation","GRINJ-017",10,328934,3.0,1.5,5.6
,"Somerset County, NJ","34035","2019","2019","Suicide","2","Suffocation","GRINJ-017",10,328934,3.0,1.5,5.6
,"Sussex County, NJ","34037","2019","2019","Unintentional","1","Motor Vehicle Traffic","GRINJ-008",17,140488,12.1,7.0,19.4
,"Sussex County, NJ","34037","2019","2019","Unintentional","1","Poisoning","GRINJ-015",50,140488,35.6,26.4,46.9
,"Union County, NJ","34039","2019","2019","Unintentional","1","Fall","GRINJ-003",21,556341,3.8,2.3,5.8
,"Union County, NJ","34039","2019","2019","Unintentional","1","Motor Vehicle Traffic","GRINJ-008",30,556341,5.4,3.6,7.7
,"Union County, NJ","34039","2019","2019","Unintentional","1","Poisoning","GRINJ-015",139,556341,25.0,20.8,29.1
,"Union County, NJ","34039","2019","2019","Unintentional","1","Suffocation","GRINJ-017",10,556341,1.8,0.9,3.3
,"Union County, NJ","34039","2019","2019","Unintentional","1","Unspecified Injury","GRINJ-020",19,556341,3.4,2.1,5.3
,"Union County, NJ","34039","2019","2019","Suicide","2","Firearm","GRINJ-006",10,556341,1.8,0.9,3.3
,"Union County, NJ","34039","2019","2019","Suicide","2","Suffocation","GRINJ-017",15,556341,2.7,1.5,4.4
,"Union County, NJ","34039","2019","2019","Homicide","3","Firearm","GRINJ-006",12,556341,2.2,1.1,3.8
,"Warren County, NJ","34041","2019","2019","Unintentional","1","Poisoning","GRINJ-015",22,105267,20.9,13.1,31.6
,"Bernalillo County, NM","35001","2019","2019","Unintentional","1","Fall","GRINJ-003",143,679121,21.1,17.6,24.5
,"Bernalillo County, NM","35001","2019","2019","Unintentional","1","Motor Vehicle Traffic","GRINJ-008",103,679121,15.2,12.2,18.1
,"Bernalillo County, NM","35001","2019","2019","Unintentional","1","Poisoning","GRINJ-015",271,679121,39.9,35.2,44.7
,"Bernalillo County, NM","35001","2019","2019","Unintentional","1","Suffocation","GRINJ-017",18,679121,2.7,1.6,4.2
,"Bernalillo County, NM","35001","2019","2019","Suicide","2","Firearm","GRINJ-006",93,679121,13.7,11.1,16.8
,"Bernalillo County, NM","35001","2019","2019","Suicide","2","Poisoning","GRINJ-015",13,679121,1.9,1.0,3.3
,"Bernalillo County, NM","35001","2019","2019","Suicide","2","Suffocation","GRINJ-017",50,679121,7.4,5.5,9.7
,"Bernalillo County, NM","35001","2019","2019","Homicide","3","Firearm","GRINJ-006",54,679121,8.0,6.0,10.4
,"Bernalillo County, NM","35001","2019","2019","Homicide","3","Other specified, not elsewhere classified Injury","GRINJ-019",15,679121,2.2,1.2,3.6
,"Chaves County, NM","35005","2019","2019","Unintentional","1","Fall","GRINJ-003",12,64615,18.6,9.6,32.4
,"Chaves County, NM","35005","2019","2019","Unintentional","1","Poisoning","GRINJ-015",18,64615,27.9,16.5,44.0
,"Chaves County, NM","35005","2019","2019","Homicide","3","Firearm","GRINJ-006",10,64615,15.5,7.4,28.5
,"Curry County, NM","35009","2019","2019","Unintentional","1","Motor Vehicle Traffic","GRINJ-008",10,48954,20.4,9.8,37.6
,"Dona Ana County, NM","35013","2019","2019","Unintentional","1","Fall","GRINJ-003",34,218195,15.6,10.8,21.8
,"Dona Ana County, NM","35013","2019","2019","Unintentional","1","Motor Vehicle Traffic","GRINJ-008",30,218195,13.7,9.3,19.6
,"Dona Ana County, NM","35013","2019","2019","Unintentional","1","Poisoning","GRINJ-015",37,218195,17.0,11.9,23.4
,"Dona Ana County, NM","35013","2019","2019","Suicide","2","Firearm","GRINJ-006",21,218195,9.6,6.0,14.7
,"Eddy County, NM","35015","2019","2019","Unintentional","1","Fall","GRINJ-003",11,58460,18.8,9.4,33.7
,"Eddy County, NM","35015","2019","2019","Unintentional","1","Motor Vehicle Traffic","GRINJ-008",15,58460,25.7,14.4,42.3
,"Eddy County, NM","35015","2019","2019","Unintentional","1","Poisoning","GRINJ-015",18,58460,30.8,18.2,48.7
,"Eddy County, NM","35015","2019","2019","Suicide","2","Firearm","GRINJ-006",17,58460,29.1,16.9,46.6
,"Eddy County, NM","35015","2019","2019","Homicide","3","Firearm","GRINJ-006",10,58460,17.1,8.2,31.5
,"Grant County, NM","35017","2019","2019","Unintentional","1","Fall","GRINJ-003",11,26998,40.7,20.3,72.9
,"Lea County, NM","35025","2019","2019","Unintentional","1","Fall","GRINJ-003",13,71070,18.3,9.7,31.3
,"Lea County, NM","35025","2019","2019","Unintentional","1","Motor Vehicle Traffic","GRINJ-008",15,71070,21.1,11.8,34.8
,"Lea County, NM","35025","2019","2019","Unintentional","1","Poisoning","GRINJ-015",17,71070,23.9,13.9,38.3
,"Lea County, NM","35025","2019","2019","Homicide","3","Firearm","GRINJ-006",13,71070,18.3,9.7,31.3
,"McKinley County, NM","35031","2019","2019","Unintentional","1","Motor Vehicle Traffic","GRINJ-008",41,71367,57.4,41.2,77.9
,"McKinley County, NM","35031","2019","2019","Unintentional","1","Natural/Environmental","GRINJ-013",13,71367,18.2,9.7,31.1
,"McKinley County, NM","35031","2019","2019","Unintentional","1","Poisoning","GRINJ-015",27,71367,37.8,24.9,55.0
,"McKinley County, NM","35031","2019","2019","Suicide","2","Suffocation","GRINJ-017",12,71367,16.8,8.7,29.4
,"Otero County, NM","35035","2019","2019","Unintentional","1","Fall","GRINJ-003",12,67490,17.8,9.2,31.1
,"Otero County, NM","35035","2019","2019","Unintentional","1","Motor Vehicle Traffic","GRINJ-008",12,67490,17.8,9.2,31.1
,"Otero County, NM","35035","2019","2019","Unintentional","1","Poisoning","GRINJ-015",18,67490,26.7,15.8,42.2
,"Otero County, NM","35035","2019","2019","Suicide","2","Firearm","GRINJ-006",15,67490,22.2,12.4,36.7
,"Rio Arriba County, NM","35039","2019","2019","Unintentional","1","Motor Vehicle Traffic","GRINJ-008",12,38921,30.8,15.9,53.9
,"Rio Arriba County, NM","35039","2019","2019","Unintentional","1","Poisoning","GRINJ-015",32,38921,82.2,56.2,116.1
,"Sandoval County, NM","35043","2019","2019","Unintentional","1","Fall","GRINJ-003",30,146748,20.4,13.8,29.2
,"Sandoval County, NM","35043","2019","2019","Unintentional","1","Motor Vehicle Traffic","GRINJ-008",28,146748,19.1,12.7,27.6
,"Sandoval County, NM","35043","2019","2019","Unintentional","1","Poisoning","GRINJ-015",20,146748,13.6,8.3,21.0
,"Sandoval County, NM","35043","2019","2019","Suicide","2","Firearm","GRINJ-006",24,146748,16.4,10.5,24.3
,"Sandoval County, NM","35043","2019","2019","Suicide","2","Suffocation","GRINJ-017",15,146748,10.2,5.7,16.9
,"San Juan County, NM","35045","2019","2019","Unintentional","1","Fall","GRINJ-003",17,123958,13.7,8.0,22.0
,"San Juan County, NM","35045","2019","2019","Unintentional","1","Motor Vehicle Traffic","GRINJ-008",40,123958,32.3,23.1,43.9
,"San Juan County, NM","35045","2019","2019","Unintentional","1","Poisoning","GRINJ-015",40,123958,32.3,23.1,43.9
,"San Juan County, NM","35045","2019","2019","Suicide","2","Firearm","GRINJ-006",15,123958,12.1,6.8,20.0
,"San Juan County, NM","35045","2019","2019","Suicide","2","Suffocation","GRINJ-017",14,123958,11.3,6.2,18.9
,"Santa Fe County, NM","35049","2019","2019","Unintentional","1","Fall","GRINJ-003",32,150358,21.3,14.6,30.0
,"Santa Fe County, NM","35049","2019","2019","Unintentional","1","Motor Vehicle Traffic","GRINJ-008",15,150358,10.0,5.6,16.5
,"Santa Fe County, NM","35049","2019","2019","Unintentional","1","Poisoning","GRINJ-015",52,150358,34.6,25.8,45.4
,"Santa Fe County, NM","35049","2019","2019","Suicide","2","Firearm","GRINJ-006",23,150358,15.3,9.7,23.0
,"Santa Fe County, NM","35049","2019","2019","Suicide","2","Suffocation","GRINJ-017",10,150358,6.7,3.2,12.2
,"Valencia County, NM","35061","2019","2019","Unintentional","1","Fall","GRINJ-003",10,76688,13.0,6.3,24.0
,"Valencia County, NM","35061","2019","2019","Unintentional","1","Motor Vehicle Traffic","GRINJ-008",10,76688,13.0,6.3,24.0
,"Valencia County, NM","35061","2019","2019","Unintentional","1","Poisoning","GRINJ-015",24,76688,31.3,20.1,46.6
,"Albany County, NY","36001","2019","2019","Unintentional","1","Fall","GRINJ-003",15,305506,4.9,2.7,8.1
,"Albany County, NY","36001","2019","2019","Unintentional","1","Motor Vehicle Traffic","GRINJ-008",15,305506,4.9,2.7,8.1
,"Albany County, NY","36001","2019","2019","Unintentional","1","Poisoning","GRINJ-015",34,305506,11.1,7.7,15.6
,"Albany County, NY","36001","2019","2019","Unintentional","1","Unspecified Injury","GRINJ-020",15,305506,4.9,2.7,8.1
,"Albany County, NY","36001","2019","2019","Suicide","2","Firearm","GRINJ-006",16,305506,5.2,3.0,8.5
,"Albany County, NY","36001","2019","2019","Suicide","2","Suffocation","GRINJ-017",14,305506,4.6,2.5,7.7
,"Albany County, NY","36001","2019","2019","Undetermined ","4","Poisoning","GRINJ-015",25,305506,8.2,5.3,12.1
,"Bronx County, NY","36005","2019","2019","Unintentional","1","Fall","GRINJ-003",82,1418207,5.8,4.6,7.2
,"Bronx County, NY","36005","2019","2019","Unintentional","1","Fire/Flame","GRINJ-004",11,1418207,0.8,0.4,1.4
,"Bronx County, NY","36005","2019","2019","Unintentional","1","Motor Vehicle Traffic","GRINJ-008",43,1418207,3.0,2.2,4.1
,"Bronx County, NY","36005","2019","2019","Unintentional","1","Poisoning","GRINJ-015",400,1418207,28.2,25.4,31.0
,"Bronx County, NY","36005","2019","2019","Unintentional","1","Suffocation","GRINJ-017",14,1418207,1.0,0.5,1.7
,"Bronx County, NY","36005","2019","2019","Suicide","2","Fall","GRINJ-003",16,1418207,1.1,0.6,1.8
,"Bronx County, NY","36005","2019","2019","Suicide","2","Suffocation","GRINJ-017",26,1418207,1.8,1.2,2.7
,"Bronx County, NY","36005","2019","2019","Homicide","3","Cut/Pierce","GRINJ-001",17,1418207,1.2,0.7,1.9
,"Bronx County, NY","36005","2019","2019","Homicide","3","Firearm","GRINJ-006",49,1418207,3.5,2.6,4.6
,"Bronx County, NY","36005","2019","2019","Homicide","3","Unspecified Injury","GRINJ-020",10,1418207,0.7,0.3,1.3
,"Broome County, NY","36007","2019","2019","Unintentional","1","Fall","GRINJ-003",16,190488,8.4,4.8,13.6
,"Broome County, NY","36007","2019","2019","Unintentional","1","Poisoning","GRINJ-015",41,190488,21.5,15.4,29.2
,"Cattaraugus County, NY","36009","2019","2019","Unintentional","1","Poisoning","GRINJ-015",15,76117,19.7,11.0,32.5
,"Chautauqua County, NY","36013","2019","2019","Unintentional","1","Fall","GRINJ-003",24,126903,18.9,12.1,28.1
,"Chautauqua County, NY","36013","2019","2019","Unintentional","1","Poisoning","GRINJ-015",32,126903,25.2,17.2,35.6
,"Chemung County, NY","36015","2019","2019","Unintentional","1","Fall","GRINJ-003",10,83456,12.0,5.7,22.0
,"Chemung County, NY","36015","2019","2019","Unintentional","1","Poisoning","GRINJ-015",34,83456,40.7,28.2,56.9
,"Clinton County, NY","36019","2019","2019","Unintentional","1","Fall","GRINJ-003",10,80485,12.4,6.0,22.8
,"Columbia County, NY","36021","2019","2019","Unintentional","1","Poisoning","GRINJ-015",11,59461,18.5,9.2,33.1
,"Cortland County, NY","36023","2019","2019","Unintentional","1","Poisoning","GRINJ-015",13,47581,27.3,14.5,46.7
,"Dutchess County, NY","36027","2019","2019","Unintentional","1","Fall","GRINJ-003",25,294218,8.5,5.5,12.5
,"Dutchess County, NY","36027","2019","2019","Unintentional","1","Motor Vehicle Traffic","GRINJ-008",18,294218,6.1,3.6,9.7
,"Dutchess County, NY","36027","2019","2019","Unintentional","1","Poisoning","GRINJ-015",72,294218,24.5,19.1,30.8
,"Dutchess County, NY","36027","2019","2019","Suicide","2","Firearm","GRINJ-006",15,294218,5.1,2.9,8.4
,"Dutchess County, NY","36027","2019","2019","Suicide","2","Suffocation","GRINJ-017",13,294218,4.4,2.4,7.6
,"Erie County, NY","36029","2019","2019","Unintentional","1","Fall","GRINJ-003",113,918702,12.3,10.0,14.6
,"Erie County, NY","36029","2019","2019","Unintentional","1","Motor Vehicle Traffic","GRINJ-008",51,918702,5.6,4.1,7.3
,"Erie County, NY","36029","2019","2019","Unintentional","1","Natural/Environmental","GRINJ-013",11,918702,1.2,0.6,2.1
,"Erie County, NY","36029","2019","2019","Unintentional","1","Poisoning","GRINJ-015",171,918702,18.6,15.8,21.4
,"Erie County, NY","36029","2019","2019","Unintentional","1","Suffocation","GRINJ-017",24,918702,2.6,1.7,3.9
,"Erie County, NY","36029","2019","2019","Unintentional","1","Unspecified Injury","GRINJ-020",18,918702,2.0,1.2,3.1
,"Erie County, NY","36029","2019","2019","Suicide","2","Firearm","GRINJ-006",32,918702,3.5,2.4,4.9
,"Erie County, NY","36029","2019","2019","Suicide","2","Poisoning","GRINJ-015",19,918702,2.1,1.2,3.2
,"Erie County, NY","36029","2019","2019","Suicide","2","Suffocation","GRINJ-017",42,918702,4.6,3.3,6.2
,"Erie County, NY","36029","2019","2019","Homicide","3","Firearm","GRINJ-006",35,918702,3.8,2.7,5.3
,"Genesee County, NY","36037","2019","2019","Unintentional","1","Fall","GRINJ-003",10,57280,17.5,8.4,32.1
,"Genesee County, NY","36037","2019","2019","Unintentional","1","Poisoning","GRINJ-015",14,57280,24.4,13.4,41.0
,"Herkimer County, NY","36043","2019","2019","Unintentional","1","Fall","GRINJ-003",11,61319,17.9,9.0,32.1
,"Jefferson County, NY","36045","2019","2019","Unintentional","1","Fall","GRINJ-003",10,109834,9.1,4.4,16.7
,"Jefferson County, NY","36045","2019","2019","Unintentional","1","Motor Vehicle Traffic","GRINJ-008",11,109834,10.0,5.0,17.9
,"Jefferson County, NY","36045","2019","2019","Unintentional","1","Poisoning","GRINJ-015",18,109834,16.4,9.7,25.9
,"Jefferson County, NY","36045","2019","2019","Suicide","2","Suffocation","GRINJ-017",14,109834,12.7,7.0,21.4
,"Kings County, NY","36047","2019","2019","Unintentional","1","Drowning","GRINJ-002",12,2559903,0.5,0.2,0.8
,"Kings County, NY","36047","2019","2019","Unintentional","1","Fall","GRINJ-003",134,2559903,5.2,4.3,6.1
,"Kings County, NY","36047","2019","2019","Unintentional","1","Motor Vehicle Traffic","GRINJ-008",106,2559903,4.1,3.4,4.9
,"Kings County, NY","36047","2019","2019","Unintentional","1","Natural/Environmental","GRINJ-013",10,2559903,0.4,0.2,0.7
,"Kings County, NY","36047","2019","2019","Unintentional","1","Poisoning","GRINJ-015",315,2559903,12.3,10.9,13.7
,"Kings County, NY","36047","2019","2019","Unintentional","1","Suffocation","GRINJ-017",15,2559903,0.6,0.3,1.0
,"Kings County, NY","36047","2019","2019","Unintentional","1","Other specified, not elsewhere classified Injury","GRINJ-019",11,2559903,0.4,0.2,0.8
,"Kings County, NY","36047","2019","2019","Unintentional","1","Unspecified Injury","GRINJ-020",15,2559903,0.6,0.3,1.0
,"Kings County, NY","36047","2019","2019","Suicide","2","Fall","GRINJ-003",29,2559903,1.1,0.8,1.6
,"Kings County, NY","36047","2019","2019","Suicide","2","Firearm","GRINJ-006",12,2559903,0.5,0.2,0.8
,"Kings County, NY","36047","2019","2019","Suicide","2","Poisoning","GRINJ-015",23,2559903,0.9,0.6,1.3
,"Kings County, NY","36047","2019","2019","Suicide","2","Suffocation","GRINJ-017",66,2559903,2.6,2.0,3.3
,"Kings County, NY","36047","2019","2019","Homicide","3","Cut/Pierce","GRINJ-001",19,2559903,0.7,0.4,1.2
,"Kings County, NY","36047","2019","2019","Homicide","3","Firearm","GRINJ-006",59,2559903,2.3,1.8,3.0
,"Kings County, NY","36047","2019","2019","Homicide","3","Unspecified Injury","GRINJ-020",13,2559903,0.5,0.3,0.9
,"Livingston County, NY","36051","2019","2019","Unintentional","1","Motor Vehicle Traffic","GRINJ-008",11,62914,17.5,8.7,31.3
,"Monroe County, NY","36055","2019","2019","Unintentional","1","Fall","GRINJ-003",170,741770,22.9,19.5,26.4
,"Monroe County, NY","36055","2019","2019","Unintentional","1","Motor Vehicle Traffic","GRINJ-008",48,741770,6.5,4.8,8.6
,"Monroe County, NY","36055","2019","2019","Unintentional","1","Poisoning","GRINJ-015",207,741770,27.9,24.1,31.7
,"Monroe County, NY","36055","2019","2019","Unintentional","1","Suffocation","GRINJ-017",26,741770,3.5,2.3,5.1
,"Monroe County, NY","36055","2019","2019","Suicide","2","Firearm","GRINJ-006",27,741770,3.6,2.4,5.3
,"Monroe County, NY","36055","2019","2019","Suicide","2","Poisoning","GRINJ-015",21,741770,2.8,1.8,4.3
,"Monroe County, NY","36055","2019","2019","Suicide","2","Suffocation","GRINJ-017",35,741770,4.7,3.3,6.6
,"Monroe County, NY","36055","2019","2019","Homicide","3","Firearm","GRINJ-006",25,741770,3.4,2.2,5.0
,"Nassau County, NY","36059","2019","2019","Unintentional","1","Fall","GRINJ-003",125,1356924,9.2,7.6,10.8
,"Nassau County, NY","36059","2019","2019","Unintentional","1","Motor Vehicle Traffic","GRINJ-008",82,1356924,6.0,4.8,7.5
,"Nassau County, NY","36059","2019","2019","Unintentional","1","Poisoning","GRINJ-015",223,1356924,16.4,14.3,18.6
,"Nassau County, NY","36059","2019","2019","Unintentional","1","Suffocation","GRINJ-017",10,1356924,0.7,0.4,1.4
,"Nassau County, NY","36059","2019","2019","Unintentional","1","Unspecified Injury","GRINJ-020",10,1356924,0.7,0.4,1.4
,"Nassau County, NY","36059","2019","2019","Suicide","2","Firearm","GRINJ-006",25,1356924,1.8,1.2,2.7
,"Nassau County, NY","36059","2019","2019","Suicide","2","Suffocation","GRINJ-017",31,1356924,2.3,1.6,3.2
,"Nassau County, NY","36059","2019","2019","Suicide","2","Other specified, classifiable Injury","GRINJ-018",10,1356924,0.7,0.4,1.4
,"New York County, NY","36061","2019","2019","Unintentional","1","Fall","GRINJ-003",114,1628706,7.0,5.7,8.3
,"New York County, NY","36061","2019","2019","Unintentional","1","Fire/Flame","GRINJ-004",12,1628706,0.7,0.4,1.3
,"New York County, NY","36061","2019","2019","Unintentional","1","Motor Vehicle Traffic","GRINJ-008",40,1628706,2.5,1.8,3.3
,"New York County, NY","36061","2019","2019","Unintentional","1","Poisoning","GRINJ-015",305,1628706,18.7,16.6,20.8
,"New York County, NY","36061","2019","2019","Unintentional","1","Suffocation","GRINJ-017",16,1628706,1.0,0.6,1.6
,"New York County, NY","36061","2019","2019","Suicide","2","Fall","GRINJ-003",43,1628706,2.6,1.9,3.6
,"New York County, NY","36061","2019","2019","Suicide","2","Poisoning","GRINJ-015",28,1628706,1.7,1.1,2.5
,"New York County, NY","36061","2019","2019","Suicide","2","Suffocation","GRINJ-017",42,1628706,2.6,1.9,3.5
,"New York County, NY","36061","2019","2019","Homicide","3","Firearm","GRINJ-006",19,1628706,1.2,0.7,1.8
,"Niagara County, NY","36063","2019","2019","Unintentional","1","Fall","GRINJ-003",25,209281,11.9,7.7,17.6
,"Niagara County, NY","36063","2019","2019","Unintentional","1","Motor Vehicle Traffic","GRINJ-008",20,209281,9.6,5.8,14.8
,"Niagara County, NY","36063","2019","2019","Unintentional","1","Poisoning","GRINJ-015",43,209281,20.5,14.9,27.7
,"Niagara County, NY","36063","2019","2019","Suicide","2","Suffocation","GRINJ-017",10,209281,4.8,2.3,8.8
,"Oneida County, NY","36065","2019","2019","Unintentional","1","Fall","GRINJ-003",25,228671,10.9,7.1,16.1
,"Oneida County, NY","36065","2019","2019","Unintentional","1","Motor Vehicle Traffic","GRINJ-008",12,228671,5.2,2.7,9.2
,"Oneida County, NY","36065","2019","2019","Unintentional","1","Poisoning","GRINJ-015",54,228671,23.6,17.7,30.8
,"Oneida County, NY","36065","2019","2019","Unintentional","1","Unspecified Injury","GRINJ-020",10,228671,4.4,2.1,8.0
,"Oneida County, NY","36065","2019","2019","Suicide","2","Firearm","GRINJ-006",12,228671,5.2,2.7,9.2
,"Oneida County, NY","36065","2019","2019","Suicide","2","Suffocation","GRINJ-017",15,228671,6.6,3.7,10.8
,"Onondaga County, NY","36067","2019","2019","Unintentional","1","Fall","GRINJ-003",63,460528,13.7,10.5,17.5
,"Onondaga County, NY","36067","2019","2019","Unintentional","1","Motor Vehicle Traffic","GRINJ-008",30,460528,6.5,4.4,9.3
,"Onondaga County, NY","36067","2019","2019","Unintentional","1","Poisoning","GRINJ-015",123,460528,26.7,22.0,31.4
,"Onondaga County, NY","36067","2019","2019","Unintentional","1","Unspecified Injury","GRINJ-020",12,460528,2.6,1.3,4.6
,"Onondaga County, NY","36067","2019","2019","Suicide","2","Firearm","GRINJ-006",16,460528,3.5,2.0,5.6
,"Onondaga County, NY","36067","2019","2019","Suicide","2","Poisoning","GRINJ-015",14,460528,3.0,1.7,5.1
,"Onondaga County, NY","36067","2019","2019","Suicide","2","Suffocation","GRINJ-017",20,460528,4.3,2.7,6.7
,"Onondaga County, NY","36067","2019","2019","Homicide","3","Firearm","GRINJ-006",13,460528,2.8,1.5,4.8
,"Ontario County, NY","36069","2019","2019","Unintentional","1","Fall","GRINJ-003",17,109777,15.5,9.0,24.8
,"Ontario County, NY","36069","2019","2019","Unintentional","1","Poisoning","GRINJ-015",20,109777,18.2,11.1,28.1
,"Orange County, NY","36071","2019","2019","Unintentional","1","Fall","GRINJ-003",19,384940,4.9,3.0,7.7
,"Orange County, NY","36071","2019","2019","Unintentional","1","Motor Vehicle Traffic","GRINJ-008",29,384940,7.5,5.0,10.8
,"Orange County, NY","36071","2019","2019","Unintentional","1","Poisoning","GRINJ-015",81,384940,21.0,16.7,26.2
,"Orange County, NY","36071","2019","2019","Suicide","2","Firearm","GRINJ-006",19,384940,4.9,3.0,7.7
,"Orange County, NY","36071","2019","2019","Suicide","2","Suffocation","GRINJ-017",16,384940,4.2,2.4,6.7
,"Oswego County, NY","36075","2019","2019","Unintentional","1","Motor Vehicle Traffic","GRINJ-008",18,117124,15.4,9.1,24.3
,"Oswego County, NY","36075","2019","2019","Unintentional","1","Poisoning","GRINJ-015",32,117124,27.3,18.7,38.6
,"Putnam County, NY","36079","2019","2019","Unintentional","1","Poisoning","GRINJ-015",15,98320,15.3,8.5,25.2
,"Queens County, NY","36081","2019","2019","Unintentional","1","Drowning","GRINJ-002",10,2253858,0.4,0.2,0.8
,"Queens County, NY","36081","2019","2019","Unintentional","1","Fall","GRINJ-003",173,2253858,7.7,6.5,8.8
,"Queens County, NY","36081","2019","2019","Unintentional","1","Fire/Flame","GRINJ-004",17,2253858,0.8,0.4,1.2
,"Queens County, NY","36081","2019","2019","Unintentional","1","Motor Vehicle Traffic","GRINJ-008",86,2253858,3.8,3.1,4.7
,"Queens County, NY","36081","2019","2019","Unintentional","1","Poisoning","GRINJ-015",246,2253858,10.9,9.6,12.3
,"Queens County, NY","36081","2019","2019","Unintentional","1","Suffocation","GRINJ-017",15,2253858,0.7,0.4,1.1
,"Queens County, NY","36081","2019","2019","Suicide","2","Fall","GRINJ-003",11,2253858,0.5,0.2,0.9
,"Queens County, NY","36081","2019","2019","Suicide","2","Firearm","GRINJ-006",17,2253858,0.8,0.4,1.2
,"Queens County, NY","36081","2019","2019","Suicide","2","Poisoning","GRINJ-015",31,2253858,1.4,0.9,2.0
,"Queens County, NY","36081","2019","2019","Suicide","2","Suffocation","GRINJ-017",62,2253858,2.8,2.1,3.5
,"Queens County, NY","36081","2019","2019","Suicide","2","Other specified, classifiable Injury","GRINJ-018",13,2253858,0.6,0.3,1.0
,"Queens County, NY","36081","2019","2019","Homicide","3","Cut/Pierce","GRINJ-001",20,2253858,0.9,0.5,1.4
,"Queens County, NY","36081","2019","2019","Homicide","3","Firearm","GRINJ-006",29,2253858,1.3,0.9,1.8
,"Queens County, NY","36081","2019","2019","Undetermined ","4","Unspecified Injury","GRINJ-020",15,2253858,0.7,0.4,1.1
,"Rensselaer County, NY","36083","2019","2019","Unintentional","1","Fall","GRINJ-003",11,158714,6.9,3.5,12.4
,"Rensselaer County, NY","36083","2019","2019","Unintentional","1","Motor Vehicle Traffic","GRINJ-008",10,158714,6.3,3.0,11.6
,"Rensselaer County, NY","36083","2019","2019","Undetermined ","4","Poisoning","GRINJ-015",19,158714,12.0,7.2,18.7
,"Richmond County, NY","36085","2019","2019","Unintentional","1","Fall","GRINJ-003",29,476143,6.1,4.1,8.7
,"Richmond County, NY","36085","2019","2019","Unintentional","1","Motor Vehicle Traffic","GRINJ-008",21,476143,4.4,2.7,6.7
,"Richmond County, NY","36085","2019","2019","Unintentional","1","Poisoning","GRINJ-015",115,476143,24.2,19.7,28.6
,"Richmond County, NY","36085","2019","2019","Suicide","2","Suffocation","GRINJ-017",14,476143,2.9,1.6,4.9
,"Rockland County, NY","36087","2019","2019","Unintentional","1","Fall","GRINJ-003",44,325789,13.5,9.8,18.1
,"Rockland County, NY","36087","2019","2019","Unintentional","1","Motor Vehicle Traffic","GRINJ-008",15,325789,4.6,2.6,7.6
,"Rockland County, NY","36087","2019","2019","Unintentional","1","Poisoning","GRINJ-015",51,325789,15.7,11.7,20.6
,"St. Lawrence County, NY","36089","2019","2019","Unintentional","1","Motor Vehicle Traffic","GRINJ-008",11,107740,10.2,5.1,18.3
,"Saratoga County, NY","36091","2019","2019","Unintentional","1","Fall","GRINJ-003",18,229863,7.8,4.6,12.4
,"Saratoga County, NY","36091","2019","2019","Unintentional","1","Motor Vehicle Traffic","GRINJ-008",16,229863,7.0,4.0,11.3
,"Saratoga County, NY","36091","2019","2019","Suicide","2","Suffocation","GRINJ-017",14,229863,6.1,3.3,10.2
,"Saratoga County, NY","36091","2019","2019","Undetermined ","4","Poisoning","GRINJ-015",13,229863,5.7,3.0,9.7
,"Schenectady County, NY","36093","2019","2019","Unintentional","1","Motor Vehicle Traffic","GRINJ-008",13,155299,8.4,4.5,14.3
,"Schenectady County, NY","36093","2019","2019","Undetermined ","4","Poisoning","GRINJ-015",29,155299,18.7,12.5,26.8
,"Steuben County, NY","36101","2019","2019","Unintentional","1","Motor Vehicle Traffic","GRINJ-008",12,95379,12.6,6.5,22.0
,"Steuben County, NY","36101","2019","2019","Unintentional","1","Poisoning","GRINJ-015",13,95379,13.6,7.3,23.3
,"Suffolk County, NY","36103","2019","2019","Unintentional","1","Fall","GRINJ-003",201,1476601,13.6,11.7,15.5
,"Suffolk County, NY","36103","2019","2019","Unintentional","1","Motor Vehicle Traffic","GRINJ-008",123,1476601,8.3,6.9,9.8
,"Suffolk County, NY","36103","2019","2019","Unintentional","1","Poisoning","GRINJ-015",315,1476601,21.3,19.0,23.7
,"Suffolk County, NY","36103","2019","2019","Unintentional","1","Suffocation","GRINJ-017",13,1476601,0.9,0.5,1.5
,"Suffolk County, NY","36103","2019","2019","Unintentional","1","Other specified, not elsewhere classified Injury","GRINJ-019",12,1476601,0.8,0.4,1.4
,"Suffolk County, NY","36103","2019","2019","Unintentional","1","Unspecified Injury","GRINJ-020",18,1476601,1.2,0.7,1.9
,"Suffolk County, NY","36103","2019","2019","Suicide","2","Firearm","GRINJ-006",41,1476601,2.8,2.0,3.8
,"Suffolk County, NY","36103","2019","2019","Suicide","2","Poisoning","GRINJ-015",26,1476601,1.8,1.2,2.6
,"Suffolk County, NY","36103","2019","2019","Suicide","2","Suffocation","GRINJ-017",59,1476601,4.0,3.0,5.2
,"Suffolk County, NY","36103","2019","2019","Homicide","3","Firearm","GRINJ-006",23,1476601,1.6,1.0,2.3
,"Sullivan County, NY","36105","2019","2019","Unintentional","1","Fall","GRINJ-003",11,75432,14.6,7.3,26.1
,"Sullivan County, NY","36105","2019","2019","Unintentional","1","Motor Vehicle Traffic","GRINJ-008",11,75432,14.6,7.3,26.1
,"Sullivan County, NY","36105","2019","2019","Unintentional","1","Poisoning","GRINJ-015",33,75432,43.7,30.1,61.4
,"Tioga County, NY","36107","2019","2019","Unintentional","1","Motor Vehicle Traffic","GRINJ-008",11,48203,22.8,11.4,40.8
,"Tompkins County, NY","36109","2019","2019","Unintentional","1","Poisoning","GRINJ-015",16,102180,15.7,9.0,25.4
,"Ulster County, NY","36111","2019","2019","Unintentional","1","Fall","GRINJ-003",15,177573,8.4,4.7,13.9
,"Ulster County, NY","36111","2019","2019","Unintentional","1","Motor Vehicle Traffic","GRINJ-008",18,177573,10.1,6.0,16.0
,"Ulster County, NY","36111","2019","2019","Unintentional","1","Poisoning","GRINJ-015",40,177573,22.5,16.1,30.7
,"Ulster County, NY","36111","2019","2019","Suicide","2","Firearm","GRINJ-006",12,177573,6.8,3.5,11.8
,"Wayne County, NY","36117","2019","2019","Unintentional","1","Fall","GRINJ-003",12,89918,13.3,6.9,23.3
,"Wayne County, NY","36117","2019","2019","Unintentional","1","Motor Vehicle Traffic","GRINJ-008",11,89918,12.2,6.1,21.9
,"Wayne County, NY","36117","2019","2019","Unintentional","1","Poisoning","GRINJ-015",13,89918,14.5,7.7,24.7
,"Westchester County, NY","36119","2019","2019","Unintentional","1","Fall","GRINJ-003",69,967506,7.1,5.5,9.0
,"Westchester County, NY","36119","2019","2019","Unintentional","1","Motor Vehicle Traffic","GRINJ-008",38,967506,3.9,2.8,5.4
,"Westchester County, NY","36119","2019","2019","Unintentional","1","Poisoning","GRINJ-015",114,967506,11.8,9.6,13.9
,"Westchester County, NY","36119","2019","2019","Unintentional","1","Suffocation","GRINJ-017",18,967506,1.9,1.1,2.9
,"Westchester County, NY","36119","2019","2019","Unintentional","1","Unspecified Injury","GRINJ-020",17,967506,1.8,1.0,2.8
,"Westchester County, NY","36119","2019","2019","Suicide","2","Firearm","GRINJ-006",14,967506,1.4,0.8,2.4
,"Westchester County, NY","36119","2019","2019","Suicide","2","Suffocation","GRINJ-017",28,967506,2.9,1.9,4.2
,"Alamance County, NC","37001","2019","2019","Unintentional","1","Fall","GRINJ-003",42,169509,24.8,17.9,33.5
,"Alamance County, NC","37001","2019","2019","Unintentional","1","Motor Vehicle Traffic","GRINJ-008",23,169509,13.6,8.6,20.4
,"Alamance County, NC","37001","2019","2019","Unintentional","1","Poisoning","GRINJ-015",31,169509,18.3,12.4,26.0
,"Alamance County, NC","37001","2019","2019","Suicide","2","Firearm","GRINJ-006",15,169509,8.8,5.0,14.6
,"Alamance County, NC","37001","2019","2019","Homicide","3","Firearm","GRINJ-006",10,169509,5.9,2.8,10.8
,"Beaufort County, NC","37013","2019","2019","Unintentional","1","Poisoning","GRINJ-015",10,46994,21.3,10.2,39.1
,"Bladen County, NC","37017","2019","2019","Unintentional","1","Motor Vehicle Traffic","GRINJ-008",16,32722,48.9,27.9,79.4
,"Brunswick County, NC","37019","2019","2019","Unintentional","1","Fall","GRINJ-003",27,142820,18.9,12.5,27.5
,"Brunswick County, NC","37019","2019","2019","Unintentional","1","Motor Vehicle Traffic","GRINJ-008",31,142820,21.7,14.7,30.8
,"Brunswick County, NC","37019","2019","2019","Unintentional","1","Poisoning","GRINJ-015",33,142820,23.1,15.9,32.4
,"Brunswick County, NC","37019","2019","2019","Suicide","2","Firearm","GRINJ-006",14,142820,9.8,5.4,16.4
,"Buncombe County, NC","37021","2019","2019","Unintentional","1","Fall","GRINJ-003",59,261191,22.6,17.2,29.1
,"Buncombe County, NC","37021","2019","2019","Unintentional","1","Motor Vehicle Traffic","GRINJ-008",25,261191,9.6,6.2,14.1
,"Buncombe County, NC","37021","2019","2019","Unintentional","1","Poisoning","GRINJ-015",91,261191,34.8,28.1,42.8
,"Buncombe County, NC","37021","2019","2019","Suicide","2","Firearm","GRINJ-006",24,261191,9.2,5.9,13.7
,"Buncombe County, NC","37021","2019","2019","Suicide","2","Poisoning","GRINJ-015",12,261191,4.6,2.4,8.0
,"Buncombe County, NC","37021","2019","2019","Suicide","2","Suffocation","GRINJ-017",16,261191,6.1,3.5,9.9
,"Burke County, NC","37023","2019","2019","Unintentional","1","Fall","GRINJ-003",13,90485,14.4,7.6,24.6
,"Burke County, NC","37023","2019","2019","Unintentional","1","Motor Vehicle Traffic","GRINJ-008",16,90485,17.7,10.1,28.7
,"Burke County, NC","37023","2019","2019","Unintentional","1","Poisoning","GRINJ-015",28,90485,30.9,20.6,44.7
,"Cabarrus County, NC","37025","2019","2019","Unintentional","1","Fall","GRINJ-003",30,216453,13.9,9.4,19.8
,"Cabarrus County, NC","37025","2019","2019","Unintentional","1","Motor Vehicle Traffic","GRINJ-008",28,216453,12.9,8.6,18.7
,"Cabarrus County, NC","37025","2019","2019","Unintentional","1","Poisoning","GRINJ-015",36,216453,16.6,11.6,23.0
,"Cabarrus County, NC","37025","2019","2019","Suicide","2","Firearm","GRINJ-006",11,216453,5.1,2.5,9.1
,"Cabarrus County, NC","37025","2019","2019","Homicide","3","Firearm","GRINJ-006",10,216453,4.6,2.2,8.5
,"Caldwell County, NC","37027","2019","2019","Unintentional","1","Fall","GRINJ-003",10,82178,12.2,5.8,22.4
,"Caldwell County, NC","37027","2019","2019","Unintentional","1","Motor Vehicle Traffic","GRINJ-008",11,82178,13.4,6.7,24.0
,"Caldwell County, NC","37027","2019","2019","Unintentional","1","Poisoning","GRINJ-015",18,82178,21.9,13.0,34.6
,"Carteret County, NC","37031","2019","2019","Unintentional","1","Fall","GRINJ-003",10,69473,14.4,6.9,26.5
,"Carteret County, NC","37031","2019","2019","Unintentional","1","Motor Vehicle Traffic","GRINJ-008",12,69473,17.3,8.9,30.2
,"Carteret County, NC","37031","2019","2019","Unintentional","1","Poisoning","GRINJ-015",20,69473,28.8,17.6,44.5
,"Catawba County, NC","37035","2019","2019","Unintentional","1","Fall","GRINJ-003",21,159551,13.2,8.1,20.1
,"Catawba County, NC","37035","2019","2019","Unintentional","1","Motor Vehicle Traffic","GRINJ-008",15,159551,9.4,5.3,15.5
,"Catawba County, NC","37035","2019","2019","Unintentional","1","Poisoning","GRINJ-015",24,159551,15.0,9.6,22.4
,"Catawba County, NC","37035","2019","2019","Suicide","2","Firearm","GRINJ-006",16,159551,10.0,5.7,16.3
,"Chatham County, NC","37037","2019","2019","Unintentional","1","Fall","GRINJ-003",21,74470,28.2,17.5,43.1
,"Chatham County, NC","37037","2019","2019","Unintentional","1","Motor Vehicle Traffic","GRINJ-008",15,74470,20.1,11.3,33.2
,"Chatham County, NC","37037","2019","2019","Unintentional","1","Poisoning","GRINJ-015",10,74470,13.4,6.4,24.7
,"Cherokee County, NC","37039","2019","2019","Unintentional","1","Poisoning","GRINJ-015",10,28612,35.0,16.8,64.3
,"Cleveland County, NC","37045","2019","2019","Unintentional","1","Fall","GRINJ-003",16,97947,16.3,9.3,26.5
,"Cleveland County, NC","37045","2019","2019","Unintentional","1","Motor Vehicle Traffic","GRINJ-008",17,97947,17.4,10.1,27.8
,"Cleveland County, NC","37045","2019","2019","Unintentional","1","Poisoning","GRINJ-015",19,97947,19.4,11.7,30.3
,"Columbus County, NC","37047","2019","2019","Unintentional","1","Motor Vehicle Traffic","GRINJ-008",13,55508,23.4,12.5,40.0
,"Columbus County, NC","37047","2019","2019","Unintentional","1","Poisoning","GRINJ-015",11,55508,19.8,9.9,35.5
,"Columbus County, NC","37047","2019","2019","Homicide","3","Firearm","GRINJ-006",11,55508,19.8,9.9,35.5
,"Craven County, NC","37049","2019","2019","Unintentional","1","Fall","GRINJ-003",11,102139,10.8,5.4,19.3
,"Craven County, NC","37049","2019","2019","Unintentional","1","Motor Vehicle Traffic","GRINJ-008",17,102139,16.6,9.7,26.6
,"Craven County, NC","37049","2019","2019","Unintentional","1","Poisoning","GRINJ-015",40,102139,39.2,28.0,53.3
,"Cumberland County, NC","37051","2019","2019","Unintentional","1","Fall","GRINJ-003",32,335509,9.5,6.5,13.5
,"Cumberland County, NC","37051","2019","2019","Unintentional","1","Motor Vehicle Traffic","GRINJ-008",67,335509,20.0,15.5,25.4
,"Cumberland County, NC","37051","2019","2019","Unintentional","1","Poisoning","GRINJ-015",91,335509,27.1,21.8,33.3
,"Cumberland County, NC","37051","2019","2019","Suicide","2","Firearm","GRINJ-006",28,335509,8.3,5.5,12.1
,"Cumberland County, NC","37051","2019","2019","Homicide","3","Firearm","GRINJ-006",20,335509,6.0,3.6,9.2
,"Dare County, NC","37055","2019","2019","Unintentional","1","Poisoning","GRINJ-015",18,37009,48.6,28.8,76.9
,"Davidson County, NC","37057","2019","2019","Unintentional","1","Fall","GRINJ-003",30,167609,17.9,12.1,25.6
,"Davidson County, NC","37057","2019","2019","Unintentional","1","Motor Vehicle Traffic","GRINJ-008",17,167609,10.1,5.9,16.2
,"Davidson County, NC","37057","2019","2019","Unintentional","1","Poisoning","GRINJ-015",47,167609,28.0,20.6,37.3
,"Davidson County, NC","37057","2019","2019","Suicide","2","Firearm","GRINJ-006",16,167609,9.5,5.5,15.5
,"Davie County, NC","37059","2019","2019","Unintentional","1","Fall","GRINJ-003",10,42846,23.3,11.2,42.9
,"Duplin County, NC","37061","2019","2019","Unintentional","1","Motor Vehicle Traffic","GRINJ-008",25,58741,42.6,27.5,62.8
,"Durham County, NC","37063","2019","2019","Unintentional","1","Fall","GRINJ-003",49,321488,15.2,11.3,20.2
,"Durham County, NC","37063","2019","2019","Unintentional","1","Motor Vehicle Traffic","GRINJ-008",37,321488,11.5,8.1,15.9
,"Durham County, NC","37063","2019","2019","Unintentional","1","Poisoning","GRINJ-015",43,321488,13.4,9.7,18.0
,"Durham County, NC","37063","2019","2019","Suicide","2","Firearm","GRINJ-006",13,321488,4.0,2.2,6.9
,"Durham County, NC","37063","2019","2019","Homicide","3","Firearm","GRINJ-006",29,321488,9.0,6.0,13.0
,"Edgecombe County, NC","37065","2019","2019","Unintentional","1","Motor Vehicle Traffic","GRINJ-008",21,51472,40.8,25.3,62.4
,"Edgecombe County, NC","37065","2019","2019","Unintentional","1","Poisoning","GRINJ-015",19,51472,36.9,22.2,57.6
,"Forsyth County, NC","37067","2019","2019","Unintentional","1","Fall","GRINJ-003",69,382295,18.0,14.0,22.8
,"Forsyth County, NC","37067","2019","2019","Unintentional","1","Motor Vehicle Traffic","GRINJ-008",46,382295,12.0,8.8,16.0
,"Forsyth County, NC","37067","2019","2019","Unintentional","1","Poisoning","GRINJ-015",96,382295,25.1,20.3,30.7
,"Forsyth County, NC","37067","2019","2019","Suicide","2","Firearm","GRINJ-006",26,382295,6.8,4.4,10.0
,"Forsyth County, NC","37067","2019","2019","Homicide","3","Firearm","GRINJ-006",27,382295,7.1,4.7,10.3
,"Franklin County, NC","37069","2019","2019","Unintentional","1","Motor Vehicle Traffic","GRINJ-008",17,69685,24.4,14.2,39.1
,"Franklin County, NC","37069","2019","2019","Unintentional","1","Poisoning","GRINJ-015",18,69685,25.8,15.3,40.8
,"Franklin County, NC","37069","2019","2019","Suicide","2","Firearm","GRINJ-006",10,69685,14.4,6.9,26.4
,"Gaston County, NC","37071","2019","2019","Unintentional","1","Fall","GRINJ-003",22,224529,9.8,6.1,14.8
,"Gaston County, NC","37071","2019","2019","Unintentional","1","Motor Vehicle Traffic","GRINJ-008",29,224529,12.9,8.7,18.5
,"Gaston County, NC","37071","2019","2019","Unintentional","1","Poisoning","GRINJ-015",34,224529,15.1,10.5,21.2
,"Gaston County, NC","37071","2019","2019","Unintentional","1","Unspecified Injury","GRINJ-020",10,224529,4.5,2.1,8.2
,"Gaston County, NC","37071","2019","2019","Suicide","2","Firearm","GRINJ-006",21,224529,9.4,5.8,14.3
,"Granville County, NC","37077","2019","2019","Unintentional","1","Motor Vehicle Traffic","GRINJ-008",10,60443,16.5,7.9,30.4
,"Granville County, NC","37077","2019","2019","Unintentional","1","Poisoning","GRINJ-015",11,60443,18.2,9.1,32.6
,"Guilford County, NC","37081","2019","2019","Unintentional","1","Fall","GRINJ-003",102,537174,19.0,15.3,22.7
,"Guilford County, NC","37081","2019","2019","Unintentional","1","Motor Vehicle Traffic","GRINJ-008",72,537174,13.4,10.5,16.9
,"Guilford County, NC","37081","2019","2019","Unintentional","1","Poisoning","GRINJ-015",125,537174,23.3,19.2,27.3
,"Guilford County, NC","37081","2019","2019","Unintentional","1","Suffocation","GRINJ-017",14,537174,2.6,1.4,4.4
,"Guilford County, NC","37081","2019","2019","Unintentional","1","Unspecified Injury","GRINJ-020",12,537174,2.2,1.2,3.9
,"Guilford County, NC","37081","2019","2019","Suicide","2","Firearm","GRINJ-006",33,537174,6.1,4.2,8.6
,"Guilford County, NC","37081","2019","2019","Suicide","2","Suffocation","GRINJ-017",11,537174,2.0,1.0,3.7
,"Guilford County, NC","37081","2019","2019","Homicide","3","Firearm","GRINJ-006",49,537174,9.1,6.7,12.1
,"Halifax County, NC","37083","2019","2019","Unintentional","1","Motor Vehicle Traffic","GRINJ-008",18,50010,36.0,21.3,56.9
,"Halifax County, NC","37083","2019","2019","Unintentional","1","Poisoning","GRINJ-015",16,50010,32.0,18.3,52.0
,"Harnett County, NC","37085","2019","2019","Unintentional","1","Fall","GRINJ-003",14,135976,10.3,5.6,17.3
,"Harnett County, NC","37085","2019","2019","Unintentional","1","Motor Vehicle Traffic","GRINJ-008",29,135976,21.3,14.3,30.6
,"Harnett County, NC","37085","2019","2019","Unintentional","1","Poisoning","GRINJ-015",41,135976,30.2,21.6,40.9
,"Harnett County, NC","37085","2019","2019","Suicide","2","Firearm","GRINJ-006",12,135976,8.8,4.6,15.4
,"Haywood County, NC","37087","2019","2019","Unintentional","1","Fall","GRINJ-003",20,62317,32.1,19.6,49.6
,"Haywood County, NC","37087","2019","2019","Unintentional","1","Poisoning","GRINJ-015",22,62317,35.3,22.1,53.4
,"Henderson County, NC","37089","2019","2019","Unintentional","1","Fall","GRINJ-003",51,117417,43.4,32.3,57.1
,"Henderson County, NC","37089","2019","2019","Unintentional","1","Motor Vehicle Traffic","GRINJ-008",14,117417,11.9,6.5,20.0
,"Henderson County, NC","37089","2019","2019","Unintentional","1","Poisoning","GRINJ-015",17,117417,14.5,8.4,23.2
,"Henderson County, NC","37089","2019","2019","Suicide","2","Firearm","GRINJ-006",13,117417,11.1,5.9,18.9
,"Hoke County, NC","37093","2019","2019","Unintentional","1","Motor Vehicle Traffic","GRINJ-008",11,55234,19.9,9.9,35.6
,"Hoke County, NC","37093","2019","2019","Unintentional","1","Poisoning","GRINJ-015",11,55234,19.9,9.9,35.6
,"Iredell County, NC","37097","2019","2019","Unintentional","1","Fall","GRINJ-003",23,181806,12.7,8.0,19.0
,"Iredell County, NC","37097","2019","2019","Unintentional","1","Motor Vehicle Traffic","GRINJ-008",29,181806,16.0,10.7,22.9
,"Iredell County, NC","37097","2019","2019","Unintentional","1","Poisoning","GRINJ-015",26,181806,14.3,9.3,21.0
,"Iredell County, NC","37097","2019","2019","Suicide","2","Firearm","GRINJ-006",17,181806,9.4,5.4,15.0
,"Johnston County, NC","37101","2019","2019","Unintentional","1","Fall","GRINJ-003",24,209339,11.5,7.3,17.1
,"Johnston County, NC","37101","2019","2019","Unintentional","1","Motor Vehicle Traffic","GRINJ-008",33,209339,15.8,10.9,22.1
,"Johnston County, NC","37101","2019","2019","Unintentional","1","Poisoning","GRINJ-015",37,209339,17.7,12.4,24.4
,"Johnston County, NC","37101","2019","2019","Suicide","2","Firearm","GRINJ-006",13,209339,6.2,3.3,10.6
,"Lee County, NC","37105","2019","2019","Unintentional","1","Motor Vehicle Traffic","GRINJ-008",13,61779,21.0,11.2,36.0
,"Lee County, NC","37105","2019","2019","Unintentional","1","Poisoning","GRINJ-015",18,61779,29.1,17.3,46.0
,"Lenoir County, NC","37107","2019","2019","Unintentional","1","Fall","GRINJ-003",15,55949,26.8,15.0,44.2
,"Lenoir County, NC","37107","2019","2019","Unintentional","1","Motor Vehicle Traffic","GRINJ-008",19,55949,34.0,20.4,53.0
,"Lenoir County, NC","37107","2019","2019","Unintentional","1","Poisoning","GRINJ-015",14,55949,25.0,13.7,42.0
,"Lincoln County, NC","37109","2019","2019","Unintentional","1","Motor Vehicle Traffic","GRINJ-008",19,86111,22.1,13.3,34.5
,"Lincoln County, NC","37109","2019","2019","Unintentional","1","Poisoning","GRINJ-015",10,86111,11.6,5.6,21.4
,"Lincoln County, NC","37109","2019","2019","Suicide","2","Firearm","GRINJ-006",12,86111,13.9,7.2,24.3
,"McDowell County, NC","37111","2019","2019","Unintentional","1","Fall","GRINJ-003",11,45756,24.0,12.0,43.0
,"McDowell County, NC","37111","2019","2019","Unintentional","1","Poisoning","GRINJ-015",13,45756,28.4,15.1,48.6
,"Macon County, NC","37113","2019","2019","Unintentional","1","Fall","GRINJ-003",12,35858,33.5,17.3,58.5
,"Mecklenburg County, NC","37119","2019","2019","Unintentional","1","Fall","GRINJ-003",69,1110356,6.2,4.8,7.9
,"Mecklenburg County, NC","37119","2019","2019","Unintentional","1","Motor Vehicle Traffic","GRINJ-008",93,1110356,8.4,6.8,10.3
,"Mecklenburg County, NC","37119","2019","2019","Unintentional","1","Poisoning","GRINJ-015",185,1110356,16.7,14.3,19.1
,"Mecklenburg County, NC","37119","2019","2019","Unintentional","1","Suffocation","GRINJ-017",21,1110356,1.9,1.2,2.9
,"Mecklenburg County, NC","37119","2019","2019","Suicide","2","Firearm","GRINJ-006",43,1110356,3.9,2.8,5.2
,"Mecklenburg County, NC","37119","2019","2019","Suicide","2","Poisoning","GRINJ-015",16,1110356,1.4,0.8,2.3
,"Mecklenburg County, NC","37119","2019","2019","Suicide","2","Suffocation","GRINJ-017",30,1110356,2.7,1.8,3.9
,"Mecklenburg County, NC","37119","2019","2019","Homicide","3","Cut/Pierce","GRINJ-001",12,1110356,1.1,0.6,1.9
,"Mecklenburg County, NC","37119","2019","2019","Homicide","3","Firearm","GRINJ-006",84,1110356,7.6,6.0,9.4
,"Montgomery County, NC","37123","2019","2019","Unintentional","1","Motor Vehicle Traffic","GRINJ-008",10,27173,36.8,17.6,67.7
,"Moore County, NC","37125","2019","2019","Unintentional","1","Fall","GRINJ-003",16,100880,15.9,9.1,25.8
,"Moore County, NC","37125","2019","2019","Unintentional","1","Motor Vehicle Traffic","GRINJ-008",15,100880,14.9,8.3,24.5
,"Moore County, NC","37125","2019","2019","Unintentional","1","Poisoning","GRINJ-015",19,100880,18.8,11.3,29.4
,"Nash County, NC","37127","2019","2019","Unintentional","1","Motor Vehicle Traffic","GRINJ-008",24,94298,25.5,16.3,37.9
,"Nash County, NC","37127","2019","2019","Unintentional","1","Poisoning","GRINJ-015",14,94298,14.8,8.1,24.9
,"New Hanover County, NC","37129","2019","2019","Unintentional","1","Fall","GRINJ-003",32,234473,13.6,9.3,19.3
,"New Hanover County, NC","37129","2019","2019","Unintentional","1","Motor Vehicle Traffic","GRINJ-008",31,234473,13.2,9.0,18.8
,"New Hanover County, NC","37129","2019","2019","Unintentional","1","Poisoning","GRINJ-015",59,234473,25.2,19.2,32.5
,"New Hanover County, NC","37129","2019","2019","Suicide","2","Firearm","GRINJ-006",27,234473,11.5,7.6,16.8
,"New Hanover County, NC","37129","2019","2019","Suicide","2","Suffocation","GRINJ-017",10,234473,4.3,2.0,7.8
,"New Hanover County, NC","37129","2019","2019","Homicide","3","Firearm","GRINJ-006",10,234473,4.3,2.0,7.8
,"Onslow County, NC","37133","2019","2019","Unintentional","1","Motor Vehicle Traffic","GRINJ-008",27,197938,13.6,9.0,19.8
,"Onslow County, NC","37133","2019","2019","Unintentional","1","Poisoning","GRINJ-015",36,197938,18.2,12.7,25.2
,"Onslow County, NC","37133","2019","2019","Suicide","2","Firearm","GRINJ-006",20,197938,10.1,6.2,15.6
,"Orange County, NC","37135","2019","2019","Unintentional","1","Fall","GRINJ-003",16,148476,10.8,6.2,17.5
,"Orange County, NC","37135","2019","2019","Unintentional","1","Motor Vehicle Traffic","GRINJ-008",11,148476,7.4,3.7,13.3
,"Orange County, NC","37135","2019","2019","Unintentional","1","Poisoning","GRINJ-015",15,148476,10.1,5.7,16.7
,"Pasquotank County, NC","37139","2019","2019","Unintentional","1","Poisoning","GRINJ-015",16,39824,40.2,23.0,65.2
,"Pender County, NC","37141","2019","2019","Unintentional","1","Motor Vehicle Traffic","GRINJ-008",18,63060,28.5,16.9,45.1
,"Pender County, NC","37141","2019","2019","Unintentional","1","Poisoning","GRINJ-015",11,63060,17.4,8.7,31.2
,"Pender County, NC","37141","2019","2019","Suicide","2","Firearm","GRINJ-006",11,63060,17.4,8.7,31.2
,"Pitt County, NC","37147","2019","2019","Unintentional","1","Fall","GRINJ-003",25,180742,13.8,9.0,20.4
,"Pitt County, NC","37147","2019","2019","Unintentional","1","Motor Vehicle Traffic","GRINJ-008",15,180742,8.3,4.6,13.7
,"Pitt County, NC","37147","2019","2019","Unintentional","1","Poisoning","GRINJ-015",44,180742,24.3,17.7,32.7
,"Pitt County, NC","37147","2019","2019","Homicide","3","Firearm","GRINJ-006",14,180742,7.7,4.2,13.0
,"Randolph County, NC","37151","2019","2019","Unintentional","1","Fall","GRINJ-003",31,143667,21.6,14.7,30.6
,"Randolph County, NC","37151","2019","2019","Unintentional","1","Motor Vehicle Traffic","GRINJ-008",37,143667,25.8,18.1,35.5
,"Randolph County, NC","37151","2019","2019","Unintentional","1","Poisoning","GRINJ-015",55,143667,38.3,28.8,49.8
,"Robeson County, NC","37155","2019","2019","Unintentional","1","Fall","GRINJ-003",12,130625,9.2,4.7,16.0
,"Robeson County, NC","37155","2019","2019","Unintentional","1","Motor Vehicle Traffic","GRINJ-008",49,130625,37.5,27.8,49.6
,"Robeson County, NC","37155","2019","2019","Unintentional","1","Poisoning","GRINJ-015",58,130625,44.4,33.7,57.4
,"Robeson County, NC","37155","2019","2019","Homicide","3","Firearm","GRINJ-006",26,130625,19.9,13.0,29.2
,"Rockingham County, NC","37157","2019","2019","Unintentional","1","Fall","GRINJ-003",17,91010,18.7,10.9,29.9
,"Rockingham County, NC","37157","2019","2019","Unintentional","1","Motor Vehicle Traffic","GRINJ-008",20,91010,22.0,13.4,33.9
,"Rockingham County, NC","37157","2019","2019","Unintentional","1","Poisoning","GRINJ-015",25,91010,27.5,17.8,40.6
,"Rowan County, NC","37159","2019","2019","Unintentional","1","Fall","GRINJ-003",19,142088,13.4,8.1,20.9
,"Rowan County, NC","37159","2019","2019","Unintentional","1","Motor Vehicle Traffic","GRINJ-008",13,142088,9.1,4.9,15.6
,"Rowan County, NC","37159","2019","2019","Unintentional","1","Poisoning","GRINJ-015",47,142088,33.1,24.3,44.0
,"Rowan County, NC","37159","2019","2019","Suicide","2","Firearm","GRINJ-006",10,142088,7.0,3.4,12.9
,"Rutherford County, NC","37161","2019","2019","Unintentional","1","Fall","GRINJ-003",16,67029,23.9,13.6,38.8
,"Rutherford County, NC","37161","2019","2019","Unintentional","1","Motor Vehicle Traffic","GRINJ-008",13,67029,19.4,10.3,33.2
,"Rutherford County, NC","37161","2019","2019","Unintentional","1","Poisoning","GRINJ-015",11,67029,16.4,8.2,29.4
,"Sampson County, NC","37163","2019","2019","Unintentional","1","Fall","GRINJ-003",12,63531,18.9,9.8,33.0
,"Sampson County, NC","37163","2019","2019","Unintentional","1","Motor Vehicle Traffic","GRINJ-008",16,63531,25.2,14.4,40.9
,"Stanly County, NC","37167","2019","2019","Unintentional","1","Motor Vehicle Traffic","GRINJ-008",14,62806,22.3,12.2,37.4
,"Stanly County, NC","37167","2019","2019","Unintentional","1","Poisoning","GRINJ-015",19,62806,30.3,18.2,47.2
,"Stokes County, NC","37169","2019","2019","Unintentional","1","Fall","GRINJ-003",13,45591,28.5,15.2,48.8
,"Stokes County, NC","37169","2019","2019","Unintentional","1","Poisoning","GRINJ-015",10,45591,21.9,10.5,40.3
,"Surry County, NC","37171","2019","2019","Unintentional","1","Fall","GRINJ-003",16,71783,22.3,12.7,36.2
,"Surry County, NC","37171","2019","2019","Unintentional","1","Motor Vehicle Traffic","GRINJ-008",13,71783,18.1,9.6,31.0
,"Surry County, NC","37171","2019","2019","Unintentional","1","Poisoning","GRINJ-015",20,71783,27.9,17.0,43.0
,"Transylvania County, NC","37175","2019","2019","Unintentional","1","Fall","GRINJ-003",16,34385,46.5,26.6,75.6
,"Union County, NC","37179","2019","2019","Unintentional","1","Fall","GRINJ-003",19,239859,7.9,4.8,12.4
,"Union County, NC","37179","2019","2019","Unintentional","1","Motor Vehicle Traffic","GRINJ-008",23,239859,9.6,6.1,14.4
,"Union County, NC","37179","2019","2019","Unintentional","1","Poisoning","GRINJ-015",32,239859,13.3,9.1,18.8
,"Union County, NC","37179","2019","2019","Suicide","2","Firearm","GRINJ-006",17,239859,7.1,4.1,11.3
,"Vance County, NC","37181","2019","2019","Unintentional","1","Poisoning","GRINJ-015",11,44535,24.7,12.3,44.2
,"Vance County, NC","37181","2019","2019","Homicide","3","Firearm","GRINJ-006",10,44535,22.5,10.8,41.3
,"Wake County, NC","37183","2019","2019","Unintentional","1","Fall","GRINJ-003",145,1111761,13.0,10.9,15.2
,"Wake County, NC","37183","2019","2019","Unintentional","1","Motor Vehicle Traffic","GRINJ-008",89,1111761,8.0,6.4,9.9
,"Wake County, NC","37183","2019","2019","Unintentional","1","Poisoning","GRINJ-015",104,1111761,9.4,7.6,11.2
,"Wake County, NC","37183","2019","2019","Unintentional","1","Suffocation","GRINJ-017",11,1111761,1.0,0.5,1.8
,"Wake County, NC","37183","2019","2019","Suicide","2","Firearm","GRINJ-006",52,1111761,4.7,3.5,6.1
,"Wake County, NC","37183","2019","2019","Suicide","2","Poisoning","GRINJ-015",19,1111761,1.7,1.0,2.7
,"Wake County, NC","37183","2019","2019","Suicide","2","Suffocation","GRINJ-017",31,1111761,2.8,1.9,4.0
,"Wake County, NC","37183","2019","2019","Homicide","3","Firearm","GRINJ-006",25,1111761,2.2,1.5,3.3
,"Watauga County, NC","37189","2019","2019","Unintentional","1","Motor Vehicle Traffic","GRINJ-008",14,56177,24.9,13.6,41.8
,"Wayne County, NC","37191","2019","2019","Unintentional","1","Fall","GRINJ-003",15,123131,12.2,6.8,20.1
,"Wayne County, NC","37191","2019","2019","Unintentional","1","Motor Vehicle Traffic","GRINJ-008",24,123131,19.5,12.5,29.0
,"Wayne County, NC","37191","2019","2019","Unintentional","1","Poisoning","GRINJ-015",38,123131,30.9,21.8,42.4
,"Wayne County, NC","37191","2019","2019","Suicide","2","Firearm","GRINJ-006",11,123131,8.9,4.5,16.0
,"Wilkes County, NC","37193","2019","2019","Unintentional","1","Fall","GRINJ-003",12,68412,17.5,9.1,30.6
,"Wilkes County, NC","37193","2019","2019","Unintentional","1","Motor Vehicle Traffic","GRINJ-008",11,68412,16.1,8.0,28.8
,"Wilkes County, NC","37193","2019","2019","Unintentional","1","Poisoning","GRINJ-015",19,68412,27.8,16.7,43.4
,"Wilkes County, NC","37193","2019","2019","Suicide","2","Firearm","GRINJ-006",12,68412,17.5,9.1,30.6
,"Wilson County, NC","37195","2019","2019","Unintentional","1","Fall","GRINJ-003",11,81801,13.4,6.7,24.1
,"Wilson County, NC","37195","2019","2019","Unintentional","1","Poisoning","GRINJ-015",22,81801,26.9,16.9,40.7
,"Yadkin County, NC","37197","2019","2019","Unintentional","1","Fall","GRINJ-003",11,37667,29.2,14.6,52.3
,"Cass County, ND","38017","2019","2019","Unintentional","1","Fall","GRINJ-003",15,181923,8.2,4.6,13.6
,"Cass County, ND","38017","2019","2019","Unintentional","1","Motor Vehicle Traffic","GRINJ-008",13,181923,7.1,3.8,12.2
,"Cass County, ND","38017","2019","2019","Unintentional","1","Poisoning","GRINJ-015",15,181923,8.2,4.6,13.6
,"Cass County, ND","38017","2019","2019","Suicide","2","Firearm","GRINJ-006",15,181923,8.2,4.6,13.6
,"Cass County, ND","38017","2019","2019","Suicide","2","Suffocation","GRINJ-017",11,181923,6.0,3.0,10.8
,"Ward County, ND","38101","2019","2019","Unintentional","1","Poisoning","GRINJ-015",13,67641,19.2,10.2,32.9
,"Adams County, OH","39001","2019","2019","Unintentional","1","Poisoning","GRINJ-015",12,27698,43.3,22.4,75.7
,"Allen County, OH","39003","2019","2019","Unintentional","1","Fall","GRINJ-003",19,102351,18.6,11.2,29.0
,"Allen County, OH","39003","2019","2019","Unintentional","1","Motor Vehicle Traffic","GRINJ-008",11,102351,10.7,5.4,19.2
,"Allen County, OH","39003","2019","2019","Unintentional","1","Poisoning","GRINJ-015",12,102351,11.7,6.1,20.5
,"Ashland County, OH","39005","2019","2019","Unintentional","1","Motor Vehicle Traffic","GRINJ-008",12,53484,22.4,11.6,39.2
,"Ashtabula County, OH","39007","2019","2019","Unintentional","1","Motor Vehicle Traffic","GRINJ-008",16,97241,16.5,9.4,26.7
,"Ashtabula County, OH","39007","2019","2019","Unintentional","1","Poisoning","GRINJ-015",33,97241,33.9,23.4,47.7
,"Ashtabula County, OH","39007","2019","2019","Suicide","2","Firearm","GRINJ-006",12,97241,12.3,6.4,21.6
,"Athens County, OH","39009","2019","2019","Unintentional","1","Fall","GRINJ-003",13,65327,19.9,10.6,34.0
,"Athens County, OH","39009","2019","2019","Unintentional","1","Poisoning","GRINJ-015",10,65327,15.3,7.3,28.2
,"Belmont County, OH","39013","2019","2019","Unintentional","1","Poisoning","GRINJ-015",18,67006,26.9,15.9,42.5
,"Brown County, OH","39015","2019","2019","Unintentional","1","Poisoning","GRINJ-015",14,43432,32.2,17.6,54.1
,"Butler County, OH","39017","2019","2019","Unintentional","1","Fall","GRINJ-003",32,383134,8.4,5.7,11.8
,"Butler County, OH","39017","2019","2019","Unintentional","1","Motor Vehicle Traffic","GRINJ-008",30,383134,7.8,5.3,11.2
,"Butler County, OH","39017","2019","2019","Unintentional","1","Poisoning","GRINJ-015",174,383134,45.4,38.7,52.2
,"Butler County, OH","39017","2019","2019","Unintentional","1","Suffocation","GRINJ-017",10,383134,2.6,1.3,4.8
,"Butler County, OH","39017","2019","2019","Suicide","2","Firearm","GRINJ-006",30,383134,7.8,5.3,11.2
,"Butler County, OH","39017","2019","2019","Suicide","2","Suffocation","GRINJ-017",14,383134,3.7,2.0,6.1
,"Butler County, OH","39017","2019","2019","Homicide","3","Firearm","GRINJ-006",14,383134,3.7,2.0,6.1
,"Clark County, OH","39023","2019","2019","Unintentional","1","Fall","GRINJ-003",27,134083,20.1,13.3,29.3
,"Clark County, OH","39023","2019","2019","Unintentional","1","Motor Vehicle Traffic","GRINJ-008",17,134083,12.7,7.4,20.3
,"Clark County, OH","39023","2019","2019","Unintentional","1","Poisoning","GRINJ-015",57,134083,42.5,32.2,55.1
,"Clark County, OH","39023","2019","2019","Suicide","2","Firearm","GRINJ-006",15,134083,11.2,6.3,18.5
,"Clermont County, OH","39025","2019","2019","Unintentional","1","Fall","GRINJ-003",15,206428,7.3,4.1,12.0
,"Clermont County, OH","39025","2019","2019","Unintentional","1","Motor Vehicle Traffic","GRINJ-008",24,206428,11.6,7.4,17.3
,"Clermont County, OH","39025","2019","2019","Unintentional","1","Poisoning","GRINJ-015",83,206428,40.2,32.0,49.8
,"Clermont County, OH","39025","2019","2019","Suicide","2","Firearm","GRINJ-006",28,206428,13.6,9.0,19.6
,"Clermont County, OH","39025","2019","2019","Suicide","2","Suffocation","GRINJ-017",10,206428,4.8,2.3,8.9
,"Clinton County, OH","39027","2019","2019","Unintentional","1","Poisoning","GRINJ-015",18,41968,42.9,25.4,67.8
,"Columbiana County, OH","39029","2019","2019","Unintentional","1","Fall","GRINJ-003",19,101883,18.6,11.2,29.1
,"Columbiana County, OH","39029","2019","2019","Unintentional","1","Motor Vehicle Traffic","GRINJ-008",10,101883,9.8,4.7,18.1
,"Columbiana County, OH","39029","2019","2019","Unintentional","1","Poisoning","GRINJ-015",41,101883,40.2,28.9,54.6
,"Columbiana County, OH","39029","2019","2019","Suicide","2","Firearm","GRINJ-006",13,101883,12.8,6.8,21.8
,"Crawford County, OH","39033","2019","2019","Unintentional","1","Poisoning","GRINJ-015",13,41494,31.3,16.7,53.6
,"Cuyahoga County, OH","39035","2019","2019","Unintentional","1","Drowning","GRINJ-002",17,1235072,1.4,0.8,2.2
,"Cuyahoga County, OH","39035","2019","2019","Unintentional","1","Fall","GRINJ-003",233,1235072,18.9,16.4,21.3
,"Cuyahoga County, OH","39035","2019","2019","Unintentional","1","Fire/Flame","GRINJ-004",10,1235072,0.8,0.4,1.5
,"Cuyahoga County, OH","39035","2019","2019","Unintentional","1","Motor Vehicle Traffic","GRINJ-008",98,1235072,7.9,6.4,9.7
,"Cuyahoga County, OH","39035","2019","2019","Unintentional","1","Natural/Environmental","GRINJ-013",12,1235072,1.0,0.5,1.7
,"Cuyahoga County, OH","39035","2019","2019","Unintentional","1","Poisoning","GRINJ-015",489,1235072,39.6,36.1,43.1
,"Cuyahoga County, OH","39035","2019","2019","Unintentional","1","Suffocation","GRINJ-017",42,1235072,3.4,2.5,4.6
,"Cuyahoga County, OH","39035","2019","2019","Unintentional","1","Other specified, not elsewhere classified Injury","GRINJ-019",11,1235072,0.9,0.4,1.6
,"Cuyahoga County, OH","39035","2019","2019","Unintentional","1","Unspecified Injury","GRINJ-020",29,1235072,2.3,1.6,3.4
,"Cuyahoga County, OH","39035","2019","2019","Suicide","2","Fall","GRINJ-003",12,1235072,1.0,0.5,1.7
,"Cuyahoga County, OH","39035","2019","2019","Suicide","2","Firearm","GRINJ-006",91,1235072,7.4,5.9,9.0
,"Cuyahoga County, OH","39035","2019","2019","Suicide","2","Poisoning","GRINJ-015",24,1235072,1.9,1.2,2.9
,"Cuyahoga County, OH","39035","2019","2019","Suicide","2","Suffocation","GRINJ-017",53,1235072,4.3,3.2,5.6
,"Cuyahoga County, OH","39035","2019","2019","Homicide","3","Firearm","GRINJ-006",134,1235072,10.8,9.0,12.7
,"Darke County, OH","39037","2019","2019","Unintentional","1","Fall","GRINJ-003",10,51113,19.6,9.4,36.0
,"Darke County, OH","39037","2019","2019","Unintentional","1","Motor Vehicle Traffic","GRINJ-008",13,51113,25.4,13.5,43.5
,"Darke County, OH","39037","2019","2019","Unintentional","1","Poisoning","GRINJ-015",11,51113,21.5,10.7,38.5
,"Delaware County, OH","39041","2019","2019","Unintentional","1","Fall","GRINJ-003",17,209177,8.1,4.7,13.0
,"Delaware County, OH","39041","2019","2019","Unintentional","1","Motor Vehicle Traffic","GRINJ-008",12,209177,5.7,3.0,10.0
,"Delaware County, OH","39041","2019","2019","Unintentional","1","Poisoning","GRINJ-015",32,209177,15.3,10.5,21.6
,"Delaware County, OH","39041","2019","2019","Suicide","2","Firearm","GRINJ-006",11,209177,5.3,2.6,9.4
,"Delaware County, OH","39041","2019","2019","Suicide","2","Suffocation","GRINJ-017",10,209177,4.8,2.3,8.8
,"Erie County, OH","39043","2019","2019","Unintentional","1","Fall","GRINJ-003",12,74266,16.2,8.3,28.2
,"Erie County, OH","39043","2019","2019","Unintentional","1","Motor Vehicle Traffic","GRINJ-008",13,74266,17.5,9.3,29.9
,"Erie County, OH","39043","2019","2019","Unintentional","1","Poisoning","GRINJ-015",16,74266,21.5,12.3,35.0
,"Fairfield County, OH","39045","2019","2019","Unintentional","1","Fall","GRINJ-003",32,157574,20.3,13.9,28.7
,"Fairfield County, OH","39045","2019","2019","Unintentional","1","Motor Vehicle Traffic","GRINJ-008",21,157574,13.3,8.2,20.4
,"Fairfield County, OH","39045","2019","2019","Unintentional","1","Poisoning","GRINJ-015",29,157574,18.4,12.3,26.4
,"Fairfield County, OH","39045","2019","2019","Suicide","2","Firearm","GRINJ-006",15,157574,9.5,5.3,15.7
,"Fayette County, OH","39047","2019","2019","Unintentional","1","Poisoning","GRINJ-015",11,28525,38.6,19.3,69.0
,"Franklin County, OH","39049","2019","2019","Unintentional","1","Fall","GRINJ-003",143,1316756,10.9,9.1,12.6
,"Franklin County, OH","39049","2019","2019","Unintentional","1","Motor Vehicle Traffic","GRINJ-008",127,1316756,9.6,8.0,11.3
,"Franklin County, OH","39049","2019","2019","Unintentional","1","Poisoning","GRINJ-015",567,1316756,43.1,39.5,46.6
,"Franklin County, OH","39049","2019","2019","Unintentional","1","Suffocation","GRINJ-017",25,1316756,1.9,1.2,2.8
,"Franklin County, OH","39049","2019","2019","Unintentional","1","Unspecified Injury","GRINJ-020",12,1316756,0.9,0.5,1.6
,"Franklin County, OH","39049","2019","2019","Suicide","2","Firearm","GRINJ-006",81,1316756,6.2,4.9,7.6
,"Franklin County, OH","39049","2019","2019","Suicide","2","Poisoning","GRINJ-015",15,1316756,1.1,0.6,1.9
,"Franklin County, OH","39049","2019","2019","Suicide","2","Suffocation","GRINJ-017",45,1316756,3.4,2.5,4.6
,"Franklin County, OH","39049","2019","2019","Homicide","3","Cut/Pierce","GRINJ-001",11,1316756,0.8,0.4,1.5
,"Franklin County, OH","39049","2019","2019","Homicide","3","Firearm","GRINJ-006",83,1316756,6.3,5.0,7.8
,"Franklin County, OH","39049","2019","2019","Homicide","3","Unspecified Injury","GRINJ-020",12,1316756,0.9,0.5,1.6
,"Fulton County, OH","39051","2019","2019","Unintentional","1","Motor Vehicle Traffic","GRINJ-008",11,42126,26.1,13.0,46.7
,"Gallia County, OH","39053","2019","2019","Unintentional","1","Poisoning","GRINJ-015",19,29898,63.5,38.3,99.2
,"Geauga County, OH","39055","2019","2019","Unintentional","1","Fall","GRINJ-003",16,93649,17.1,9.8,27.7
,"Geauga County, OH","39055","2019","2019","Unintentional","1","Poisoning","GRINJ-015",21,93649,22.4,13.9,34.3
,"Greene County, OH","39057","2019","2019","Unintentional","1","Fall","GRINJ-003",36,168937,21.3,14.9,29.5
,"Greene County, OH","39057","2019","2019","Unintentional","1","Motor Vehicle Traffic","GRINJ-008",16,168937,9.5,5.4,15.4
,"Greene County, OH","39057","2019","2019","Unintentional","1","Poisoning","GRINJ-015",42,168937,24.9,17.9,33.6
,"Greene County, OH","39057","2019","2019","Suicide","2","Firearm","GRINJ-006",11,168937,6.5,3.3,11.7
,"Guernsey County, OH","39059","2019","2019","Unintentional","1","Poisoning","GRINJ-015",10,38875,25.7,12.3,47.3
,"Hamilton County, OH","39061","2019","2019","Unintentional","1","Fall","GRINJ-003",86,817473,10.5,8.4,13.0
,"Hamilton County, OH","39061","2019","2019","Unintentional","1","Motor Vehicle Traffic","GRINJ-008",59,817473,7.2,5.5,9.3
,"Hamilton County, OH","39061","2019","2019","Unintentional","1","Poisoning","GRINJ-015",361,817473,44.2,39.6,48.7
,"Hamilton County, OH","39061","2019","2019","Unintentional","1","Suffocation","GRINJ-017",21,817473,2.6,1.6,3.9
,"Hamilton County, OH","39061","2019","2019","Unintentional","1","Unspecified Injury","GRINJ-020",17,817473,2.1,1.2,3.3
,"Hamilton County, OH","39061","2019","2019","Suicide","2","Firearm","GRINJ-006",53,817473,6.5,4.9,8.5
,"Hamilton County, OH","39061","2019","2019","Suicide","2","Poisoning","GRINJ-015",19,817473,2.3,1.4,3.6
,"Hamilton County, OH","39061","2019","2019","Suicide","2","Suffocation","GRINJ-017",34,817473,4.2,2.9,5.8
,"Hamilton County, OH","39061","2019","2019","Homicide","3","Firearm","GRINJ-006",74,817473,9.1,7.1,11.4
,"Hancock County, OH","39063","2019","2019","Unintentional","1","Motor Vehicle Traffic","GRINJ-008",13,75783,17.2,9.1,29.3
,"Hancock County, OH","39063","2019","2019","Unintentional","1","Poisoning","GRINJ-015",16,75783,21.1,12.1,34.3
,"Highland County, OH","39071","2019","2019","Unintentional","1","Poisoning","GRINJ-015",13,43161,30.1,16.0,51.5
,"Huron County, OH","39077","2019","2019","Unintentional","1","Motor Vehicle Traffic","GRINJ-008",14,58266,24.0,13.1,40.3
,"Huron County, OH","39077","2019","2019","Unintentional","1","Poisoning","GRINJ-015",23,58266,39.5,25.0,59.2
,"Jackson County, OH","39079","2019","2019","Unintentional","1","Poisoning","GRINJ-015",10,32413,30.9,14.8,56.7
,"Jefferson County, OH","39081","2019","2019","Unintentional","1","Poisoning","GRINJ-015",25,65325,38.3,24.8,56.5
,"Jefferson County, OH","39081","2019","2019","Suicide","2","Firearm","GRINJ-006",11,65325,16.8,8.4,30.1
,"Knox County, OH","39083","2019","2019","Unintentional","1","Motor Vehicle Traffic","GRINJ-008",10,62322,16.0,7.7,29.5
,"Lake County, OH","39085","2019","2019","Unintentional","1","Fall","GRINJ-003",71,230149,30.8,24.1,38.9
,"Lake County, OH","39085","2019","2019","Unintentional","1","Motor Vehicle Traffic","GRINJ-008",12,230149,5.2,2.7,9.1
,"Lake County, OH","39085","2019","2019","Unintentional","1","Poisoning","GRINJ-015",77,230149,33.5,26.4,41.8
,"Lake County, OH","39085","2019","2019","Suicide","2","Firearm","GRINJ-006",22,230149,9.6,6.0,14.5
,"Lake County, OH","39085","2019","2019","Suicide","2","Suffocation","GRINJ-017",16,230149,7.0,4.0,11.3
,"Lawrence County, OH","39087","2019","2019","Unintentional","1","Fall","GRINJ-003",10,59463,16.8,8.1,30.9
,"Lawrence County, OH","39087","2019","2019","Unintentional","1","Poisoning","GRINJ-015",23,59463,38.7,24.5,58.0
,"Licking County, OH","39089","2019","2019","Unintentional","1","Fall","GRINJ-003",31,176862,17.5,11.9,24.9
,"Licking County, OH","39089","2019","2019","Unintentional","1","Motor Vehicle Traffic","GRINJ-008",21,176862,11.9,7.4,18.2
,"Licking County, OH","39089","2019","2019","Unintentional","1","Poisoning","GRINJ-015",43,176862,24.3,17.6,32.7
,"Licking County, OH","39089","2019","2019","Suicide","2","Firearm","GRINJ-006",19,176862,10.7,6.5,16.8
,"Logan County, OH","39091","2019","2019","Unintentional","1","Motor Vehicle Traffic","GRINJ-008",12,45672,26.3,13.6,45.9
,"Logan County, OH","39091","2019","2019","Unintentional","1","Poisoning","GRINJ-015",12,45672,26.3,13.6,45.9
,"Lorain County, OH","39093","2019","2019","Unintentional","1","Fall","GRINJ-003",63,309833,20.3,15.6,26.0
,"Lorain County, OH","39093","2019","2019","Unintentional","1","Motor Vehicle Traffic","GRINJ-008",18,309833,5.8,3.4,9.2
,"Lorain County, OH","39093","2019","2019","Unintentional","1","Poisoning","GRINJ-015",106,309833,34.2,27.7,40.7
,"Lorain County, OH","39093","2019","2019","Unintentional","1","Suffocation","GRINJ-017",10,309833,3.2,1.5,5.9
,"Lorain County, OH","39093","2019","2019","Suicide","2","Firearm","GRINJ-006",23,309833,7.4,4.7,11.1
,"Lorain County, OH","39093","2019","2019","Suicide","2","Poisoning","GRINJ-015",11,309833,3.6,1.8,6.4
,"Lorain County, OH","39093","2019","2019","Suicide","2","Suffocation","GRINJ-017",14,309833,4.5,2.5,7.6
,"Lucas County, OH","39095","2019","2019","Unintentional","1","Fall","GRINJ-003",61,428348,14.2,10.9,18.3
,"Lucas County, OH","39095","2019","2019","Unintentional","1","Motor Vehicle Traffic","GRINJ-008",45,428348,10.5,7.7,14.1
,"Lucas County, OH","39095","2019","2019","Unintentional","1","Poisoning","GRINJ-015",226,428348,52.8,45.9,59.6
,"Lucas County, OH","39095","2019","2019","Unintentional","1","Unspecified Injury","GRINJ-020",12,428348,2.8,1.4,4.9
,"Lucas County, OH","39095","2019","2019","Suicide","2","Firearm","GRINJ-006",33,428348,7.7,5.3,10.8
,"Lucas County, OH","39095","2019","2019","Suicide","2","Poisoning","GRINJ-015",14,428348,3.3,1.8,5.5
,"Lucas County, OH","39095","2019","2019","Suicide","2","Suffocation","GRINJ-017",19,428348,4.4,2.7,6.9
,"Lucas County, OH","39095","2019","2019","Homicide","3","Firearm","GRINJ-006",29,428348,6.8,4.5,9.7
,"Madison County, OH","39097","2019","2019","Unintentional","1","Poisoning","GRINJ-015",18,44731,40.2,23.8,63.6
,"Mahoning County, OH","39099","2019","2019","Unintentional","1","Fall","GRINJ-003",20,228683,8.7,5.3,13.5
,"Mahoning County, OH","39099","2019","2019","Unintentional","1","Motor Vehicle Traffic","GRINJ-008",25,228683,10.9,7.1,16.1
,"Mahoning County, OH","39099","2019","2019","Unintentional","1","Poisoning","GRINJ-015",102,228683,44.6,35.9,53.3
,"Mahoning County, OH","39099","2019","2019","Unintentional","1","Unspecified Injury","GRINJ-020",10,228683,4.4,2.1,8.0
,"Mahoning County, OH","39099","2019","2019","Suicide","2","Firearm","GRINJ-006",18,228683,7.9,4.7,12.4
,"Mahoning County, OH","39099","2019","2019","Suicide","2","Suffocation","GRINJ-017",12,228683,5.2,2.7,9.2
,"Mahoning County, OH","39099","2019","2019","Homicide","3","Firearm","GRINJ-006",18,228683,7.9,4.7,12.4
,"Marion County, OH","39101","2019","2019","Unintentional","1","Fall","GRINJ-003",10,65093,15.4,7.4,28.3
,"Marion County, OH","39101","2019","2019","Unintentional","1","Motor Vehicle Traffic","GRINJ-008",10,65093,15.4,7.4,28.3
,"Marion County, OH","39101","2019","2019","Unintentional","1","Poisoning","GRINJ-015",30,65093,46.1,31.1,65.8
,"Marion County, OH","39101","2019","2019","Suicide","2","Firearm","GRINJ-006",10,65093,15.4,7.4,28.3
,"Medina County, OH","39103","2019","2019","Unintentional","1","Fall","GRINJ-003",21,179746,11.7,7.2,17.9
,"Medina County, OH","39103","2019","2019","Unintentional","1","Poisoning","GRINJ-015",22,179746,12.2,7.7,18.5
,"Medina County, OH","39103","2019","2019","Suicide","2","Firearm","GRINJ-006",18,179746,10.0,5.9,15.8
,"Miami County, OH","39109","2019","2019","Unintentional","1","Fall","GRINJ-003",11,106987,10.3,5.1,18.4
,"Miami County, OH","39109","2019","2019","Unintentional","1","Motor Vehicle Traffic","GRINJ-008",14,106987,13.1,7.2,22.0
,"Miami County, OH","39109","2019","2019","Unintentional","1","Poisoning","GRINJ-015",23,106987,21.5,13.6,32.3
,"Montgomery County, OH","39113","2019","2019","Unintentional","1","Fall","GRINJ-003",150,531687,28.2,23.7,32.7
,"Montgomery County, OH","39113","2019","2019","Unintentional","1","Motor Vehicle Traffic","GRINJ-008",65,531687,12.2,9.4,15.6
,"Montgomery County, OH","39113","2019","2019","Unintentional","1","Poisoning","GRINJ-015",278,531687,52.3,46.1,58.4
,"Montgomery County, OH","39113","2019","2019","Unintentional","1","Suffocation","GRINJ-017",32,531687,6.0,4.1,8.5
,"Montgomery County, OH","39113","2019","2019","Unintentional","1","Unspecified Injury","GRINJ-020",12,531687,2.3,1.2,3.9
,"Montgomery County, OH","39113","2019","2019","Suicide","2","Firearm","GRINJ-006",50,531687,9.4,7.0,12.4
,"Montgomery County, OH","39113","2019","2019","Suicide","2","Suffocation","GRINJ-017",26,531687,4.9,3.2,7.2
,"Montgomery County, OH","39113","2019","2019","Homicide","3","Firearm","GRINJ-006",53,531687,10.0,7.5,13.0
,"Morrow County, OH","39117","2019","2019","Unintentional","1","Poisoning","GRINJ-015",13,35328,36.8,19.6,62.9
,"Muskingum County, OH","39119","2019","2019","Unintentional","1","Motor Vehicle Traffic","GRINJ-008",15,86215,17.4,9.7,28.7
,"Muskingum County, OH","39119","2019","2019","Unintentional","1","Poisoning","GRINJ-015",33,86215,38.3,26.3,53.8
,"Perry County, OH","39127","2019","2019","Unintentional","1","Poisoning","GRINJ-015",11,36134,30.4,15.2,54.5
,"Pickaway County, OH","39129","2019","2019","Unintentional","1","Motor Vehicle Traffic","GRINJ-008",14,58457,23.9,13.1,40.2
,"Pickaway County, OH","39129","2019","2019","Unintentional","1","Poisoning","GRINJ-015",23,58457,39.3,24.9,59.0
,"Pike County, OH","39131","2019","2019","Unintentional","1","Poisoning","GRINJ-015",14,27772,50.4,27.6,84.6
,"Portage County, OH","39133","2019","2019","Unintentional","1","Fall","GRINJ-003",19,162466,11.7,7.0,18.3
,"Portage County, OH","39133","2019","2019","Unintentional","1","Motor Vehicle Traffic","GRINJ-008",13,162466,8.0,4.3,13.7
,"Portage County, OH","39133","2019","2019","Unintentional","1","Poisoning","GRINJ-015",33,162466,20.3,14.0,28.5
,"Portage County, OH","39133","2019","2019","Suicide","2","Firearm","GRINJ-006",14,162466,8.6,4.7,14.5
,"Preble County, OH","39135","2019","2019","Unintentional","1","Motor Vehicle Traffic","GRINJ-008",13,40882,31.8,16.9,54.4
,"Preble County, OH","39135","2019","2019","Unintentional","1","Poisoning","GRINJ-015",15,40882,36.7,20.5,60.5
,"Richland County, OH","39139","2019","2019","Unintentional","1","Fall","GRINJ-003",12,121154,9.9,5.1,17.3
,"Richland County, OH","39139","2019","2019","Unintentional","1","Motor Vehicle Traffic","GRINJ-008",15,121154,12.4,6.9,20.4
,"Richland County, OH","39139","2019","2019","Unintentional","1","Poisoning","GRINJ-015",55,121154,45.4,34.2,59.1
,"Ross County, OH","39141","2019","2019","Unintentional","1","Fall","GRINJ-003",22,76666,28.7,18.0,43.4
,"Ross County, OH","39141","2019","2019","Unintentional","1","Motor Vehicle Traffic","GRINJ-008",12,76666,15.7,8.1,27.3
,"Ross County, OH","39141","2019","2019","Unintentional","1","Poisoning","GRINJ-015",38,76666,49.6,35.1,68.0
,"Sandusky County, OH","39143","2019","2019","Unintentional","1","Poisoning","GRINJ-015",16,58518,27.3,15.6,44.4
,"Scioto County, OH","39145","2019","2019","Unintentional","1","Motor Vehicle Traffic","GRINJ-008",12,75314,15.9,8.2,27.8
,"Scioto County, OH","39145","2019","2019","Unintentional","1","Poisoning","GRINJ-015",81,75314,107.5,85.4,133.7
,"Seneca County, OH","39147","2019","2019","Unintentional","1","Poisoning","GRINJ-015",10,55178,18.1,8.7,33.3
,"Shelby County, OH","39149","2019","2019","Unintentional","1","Motor Vehicle Traffic","GRINJ-008",10,48590,20.6,9.9,37.8
,"Shelby County, OH","39149","2019","2019","Unintentional","1","Poisoning","GRINJ-015",14,48590,28.8,15.8,48.3
,"Stark County, OH","39151","2019","2019","Unintentional","1","Fall","GRINJ-003",73,370606,19.7,15.4,24.8
,"Stark County, OH","39151","2019","2019","Unintentional","1","Motor Vehicle Traffic","GRINJ-008",31,370606,8.4,5.7,11.9
,"Stark County, OH","39151","2019","2019","Unintentional","1","Poisoning","GRINJ-015",109,370606,29.4,23.9,34.9
,"Stark County, OH","39151","2019","2019","Suicide","2","Firearm","GRINJ-006",41,370606,11.1,7.9,15.0
,"Stark County, OH","39151","2019","2019","Suicide","2","Suffocation","GRINJ-017",19,370606,5.1,3.1,8.0
,"Stark County, OH","39151","2019","2019","Homicide","3","Firearm","GRINJ-006",13,370606,3.5,1.9,6.0
,"Summit County, OH","39153","2019","2019","Unintentional","1","Fall","GRINJ-003",52,541013,9.6,7.2,12.6
,"Summit County, OH","39153","2019","2019","Unintentional","1","Motor Vehicle Traffic","GRINJ-008",37,541013,6.8,4.8,9.4
,"Summit County, OH","39153","2019","2019","Unintentional","1","Poisoning","GRINJ-015",203,541013,37.5,32.4,42.7
,"Summit County, OH","39153","2019","2019","Unintentional","1","Suffocation","GRINJ-017",23,541013,4.3,2.7,6.4
,"Summit County, OH","39153","2019","2019","Suicide","2","Firearm","GRINJ-006",45,541013,8.3,6.1,11.1
,"Summit County, OH","39153","2019","2019","Suicide","2","Suffocation","GRINJ-017",29,541013,5.4,3.6,7.7
,"Summit County, OH","39153","2019","2019","Homicide","3","Firearm","GRINJ-006",35,541013,6.5,4.5,9.0
,"Trumbull County, OH","39155","2019","2019","Unintentional","1","Fall","GRINJ-003",23,197974,11.6,7.4,17.4
,"Trumbull County, OH","39155","2019","2019","Unintentional","1","Motor Vehicle Traffic","GRINJ-008",19,197974,9.6,5.8,15.0
,"Trumbull County, OH","39155","2019","2019","Unintentional","1","Poisoning","GRINJ-015",100,197974,50.5,40.6,60.4
,"Trumbull County, OH","39155","2019","2019","Suicide","2","Firearm","GRINJ-006",24,197974,12.1,7.8,18.0
,"Trumbull County, OH","39155","2019","2019","Homicide","3","Firearm","GRINJ-006",11,197974,5.6,2.8,9.9
,"Tuscarawas County, OH","39157","2019","2019","Unintentional","1","Fall","GRINJ-003",14,91987,15.2,8.3,25.5
,"Tuscarawas County, OH","39157","2019","2019","Unintentional","1","Poisoning","GRINJ-015",14,91987,15.2,8.3,25.5
,"Tuscarawas County, OH","39157","2019","2019","Unintentional","1","Unspecified Injury","GRINJ-020",11,91987,12.0,6.0,21.4
,"Union County, OH","39159","2019","2019","Unintentional","1","Poisoning","GRINJ-015",13,58988,22.0,11.7,37.7
,"Warren County, OH","39165","2019","2019","Unintentional","1","Fall","GRINJ-003",32,234602,13.6,9.3,19.3
,"Warren County, OH","39165","2019","2019","Unintentional","1","Motor Vehicle Traffic","GRINJ-008",21,234602,9.0,5.5,13.7
,"Warren County, OH","39165","2019","2019","Unintentional","1","Poisoning","GRINJ-015",45,234602,19.2,14.0,25.7
,"Warren County, OH","39165","2019","2019","Suicide","2","Firearm","GRINJ-006",17,234602,7.2,4.2,11.6
,"Warren County, OH","39165","2019","2019","Suicide","2","Suffocation","GRINJ-017",11,234602,4.7,2.3,8.4
,"Wayne County, OH","39169","2019","2019","Unintentional","1","Fall","GRINJ-003",27,115710,23.3,15.4,34.0
,"Wayne County, OH","39169","2019","2019","Unintentional","1","Motor Vehicle Traffic","GRINJ-008",18,115710,15.6,9.2,24.6
,"Wayne County, OH","39169","2019","2019","Unintentional","1","Poisoning","GRINJ-015",22,115710,19.0,11.9,28.8
,"Wayne County, OH","39169","2019","2019","Suicide","2","Firearm","GRINJ-006",14,115710,12.1,6.6,20.3
,"Williams County, OH","39171","2019","2019","Unintentional","1","Fall","GRINJ-003",12,36692,32.7,16.9,57.1
,"Williams County, OH","39171","2019","2019","Unintentional","1","Motor Vehicle Traffic","GRINJ-008",12,36692,32.7,16.9,57.1
,"Wood County, OH","39173","2019","2019","Unintentional","1","Motor Vehicle Traffic","GRINJ-008",12,130817,9.2,4.7,16.0
,"Wood County, OH","39173","2019","2019","Unintentional","1","Poisoning","GRINJ-015",25,130817,19.1,12.4,28.2
,"Wyandot County, OH","39175","2019","2019","Unintentional","1","Motor Vehicle Traffic","GRINJ-008",11,21772,50.5,25.2,90.4
,"Bryan County, OK","40013","2019","2019","Unintentional","1","Motor Vehicle Traffic","GRINJ-008",10,47995,20.8,10.0,38.3
,"Canadian County, OK","40017","2019","2019","Unintentional","1","Fall","GRINJ-003",24,148306,16.2,10.4,24.1
,"Canadian County, OK","40017","2019","2019","Unintentional","1","Motor Vehicle Traffic","GRINJ-008",23,148306,15.5,9.8,23.3
,"Canadian County, OK","40017","2019","2019","Unintentional","1","Poisoning","GRINJ-015",12,148306,8.1,4.2,14.1
,"Canadian County, OK","40017","2019","2019","Suicide","2","Firearm","GRINJ-006",19,148306,12.8,7.7,20.0
,"Carter County, OK","40019","2019","2019","Unintentional","1","Fall","GRINJ-003",10,48111,20.8,10.0,38.2
,"Carter County, OK","40019","2019","2019","Unintentional","1","Motor Vehicle Traffic","GRINJ-008",10,48111,20.8,10.0,38.2
,"Cleveland County, OK","40027","2019","2019","Unintentional","1","Fall","GRINJ-003",48,284014,16.9,12.5,22.4
,"Cleveland County, OK","40027","2019","2019","Unintentional","1","Motor Vehicle Traffic","GRINJ-008",24,284014,8.5,5.4,12.6
,"Cleveland County, OK","40027","2019","2019","Unintentional","1","Poisoning","GRINJ-015",25,284014,8.8,5.7,13.0
,"Cleveland County, OK","40027","2019","2019","Suicide","2","Firearm","GRINJ-006",31,284014,10.9,7.4,15.5
,"Cleveland County, OK","40027","2019","2019","Suicide","2","Suffocation","GRINJ-017",17,284014,6.0,3.5,9.6
,"Comanche County, OK","40031","2019","2019","Unintentional","1","Motor Vehicle Traffic","GRINJ-008",13,120749,10.8,5.7,18.4
,"Comanche County, OK","40031","2019","2019","Unintentional","1","Poisoning","GRINJ-015",15,120749,12.4,7.0,20.5
,"Comanche County, OK","40031","2019","2019","Suicide","2","Firearm","GRINJ-006",11,120749,9.1,4.5,16.3
,"Comanche County, OK","40031","2019","2019","Homicide","3","Firearm","GRINJ-006",17,120749,14.1,8.2,22.5
,"Creek County, OK","40037","2019","2019","Unintentional","1","Fall","GRINJ-003",10,71522,14.0,6.7,25.7
,"Creek County, OK","40037","2019","2019","Unintentional","1","Motor Vehicle Traffic","GRINJ-008",21,71522,29.4,18.2,44.9
,"Creek County, OK","40037","2019","2019","Unintentional","1","Poisoning","GRINJ-015",18,71522,25.2,14.9,39.8
,"Creek County, OK","40037","2019","2019","Suicide","2","Firearm","GRINJ-006",12,71522,16.8,8.7,29.3
,"Garfield County, OK","40047","2019","2019","Unintentional","1","Fall","GRINJ-003",21,61056,34.4,21.3,52.6
,"Garfield County, OK","40047","2019","2019","Unintentional","1","Motor Vehicle Traffic","GRINJ-008",12,61056,19.7,10.2,34.3
,"Garvin County, OK","40049","2019","2019","Unintentional","1","Motor Vehicle Traffic","GRINJ-008",16,27711,57.7,33.0,93.8
,"Grady County, OK","40051","2019","2019","Unintentional","1","Motor Vehicle Traffic","GRINJ-008",12,55834,21.5,11.1,37.5
,"Jackson County, OK","40065","2019","2019","Unintentional","1","Poisoning","GRINJ-015",11,24530,44.8,22.4,80.2
,"Kay County, OK","40071","2019","2019","Unintentional","1","Fall","GRINJ-003",15,43538,34.5,19.3,56.8
,"Le Flore County, OK","40079","2019","2019","Unintentional","1","Motor Vehicle Traffic","GRINJ-008",15,49853,30.1,16.8,49.6
,"Lincoln County, OK","40081","2019","2019","Unintentional","1","Motor Vehicle Traffic","GRINJ-008",14,34877,40.1,21.9,67.3
,"Logan County, OK","40083","2019","2019","Unintentional","1","Motor Vehicle Traffic","GRINJ-008",12,48011,25.0,12.9,43.7
,"Muskogee County, OK","40101","2019","2019","Unintentional","1","Fall","GRINJ-003",10,67997,14.7,7.1,27.0
,"Muskogee County, OK","40101","2019","2019","Unintentional","1","Motor Vehicle Traffic","GRINJ-008",13,67997,19.1,10.2,32.7
,"Muskogee County, OK","40101","2019","2019","Unintentional","1","Poisoning","GRINJ-015",13,67997,19.1,10.2,32.7
,"Oklahoma County, OK","40109","2019","2019","Unintentional","1","Drowning","GRINJ-002",15,797434,1.9,1.1,3.1
,"Oklahoma County, OK","40109","2019","2019","Unintentional","1","Fall","GRINJ-003",217,797434,27.2,23.6,30.8
,"Oklahoma County, OK","40109","2019","2019","Unintentional","1","Fire/Flame","GRINJ-004",13,797434,1.6,0.9,2.8
,"Oklahoma County, OK","40109","2019","2019","Unintentional","1","Motor Vehicle Traffic","GRINJ-008",100,797434,12.5,10.1,15.0
,"Oklahoma County, OK","40109","2019","2019","Unintentional","1","Poisoning","GRINJ-015",136,797434,17.1,14.2,19.9
,"Oklahoma County, OK","40109","2019","2019","Unintentional","1","Suffocation","GRINJ-017",17,797434,2.1,1.2,3.4
,"Oklahoma County, OK","40109","2019","2019","Suicide","2","Firearm","GRINJ-006",100,797434,12.5,10.1,15.0
,"Oklahoma County, OK","40109","2019","2019","Suicide","2","Poisoning","GRINJ-015",16,797434,2.0,1.1,3.3
,"Oklahoma County, OK","40109","2019","2019","Suicide","2","Suffocation","GRINJ-017",51,797434,6.4,4.8,8.4
,"Oklahoma County, OK","40109","2019","2019","Homicide","3","Firearm","GRINJ-006",82,797434,10.3,8.2,12.8
,"Oklahoma County, OK","40109","2019","2019","Undetermined ","4","Poisoning","GRINJ-015",13,797434,1.6,0.9,2.8
,"Osage County, OK","40113","2019","2019","Unintentional","1","Poisoning","GRINJ-015",11,46963,23.4,11.7,41.9
,"Osage County, OK","40113","2019","2019","Suicide","2","Firearm","GRINJ-006",11,46963,23.4,11.7,41.9
,"Ottawa County, OK","40115","2019","2019","Unintentional","1","Motor Vehicle Traffic","GRINJ-008",11,31127,35.3,17.6,63.2
,"Payne County, OK","40119","2019","2019","Unintentional","1","Fall","GRINJ-003",10,81784,12.2,5.9,22.5
,"Pittsburg County, OK","40121","2019","2019","Unintentional","1","Motor Vehicle Traffic","GRINJ-008",12,43654,27.5,14.2,48.0
,"Pittsburg County, OK","40121","2019","2019","Unintentional","1","Poisoning","GRINJ-015",10,43654,22.9,11.0,42.1
,"Pottawatomie County, OK","40125","2019","2019","Unintentional","1","Fall","GRINJ-003",21,72592,28.9,17.9,44.2
,"Pottawatomie County, OK","40125","2019","2019","Unintentional","1","Motor Vehicle Traffic","GRINJ-008",20,72592,27.6,16.8,42.6
,"Pottawatomie County, OK","40125","2019","2019","Unintentional","1","Poisoning","GRINJ-015",11,72592,15.2,7.6,27.1
,"Pottawatomie County, OK","40125","2019","2019","Suicide","2","Firearm","GRINJ-006",10,72592,13.8,6.6,25.3
,"Pushmataha County, OK","40127","2019","2019","Unintentional","1","Motor Vehicle Traffic","GRINJ-008",10,11096,90.1,43.2,165.7
,"Rogers County, OK","40131","2019","2019","Unintentional","1","Fall","GRINJ-003",18,92459,19.5,11.5,30.8
,"Rogers County, OK","40131","2019","2019","Unintentional","1","Motor Vehicle Traffic","GRINJ-008",10,92459,10.8,5.2,19.9
,"Rogers County, OK","40131","2019","2019","Suicide","2","Firearm","GRINJ-006",10,92459,10.8,5.2,19.9
,"Seminole County, OK","40133","2019","2019","Unintentional","1","Motor Vehicle Traffic","GRINJ-008",10,24258,41.2,19.8,75.8
,"Stephens County, OK","40137","2019","2019","Unintentional","1","Motor Vehicle Traffic","GRINJ-008",16,43143,37.1,21.2,60.2
,"Tulsa County, OK","40143","2019","2019","Unintentional","1","Fall","GRINJ-003",74,651552,11.4,8.9,14.3
,"Tulsa County, OK","40143","2019","2019","Unintentional","1","Fire/Flame","GRINJ-004",10,651552,1.5,0.7,2.8
,"Tulsa County, OK","40143","2019","2019","Unintentional","1","Motor Vehicle Traffic","GRINJ-008",73,651552,11.2,8.8,14.1
,"Tulsa County, OK","40143","2019","2019","Unintentional","1","Poisoning","GRINJ-015",117,651552,18.0,14.7,21.2
,"Tulsa County, OK","40143","2019","2019","Unintentional","1","Suffocation","GRINJ-017",16,651552,2.5,1.4,4.0
,"Tulsa County, OK","40143","2019","2019","Unintentional","1","Unspecified Injury","GRINJ-020",15,651552,2.3,1.3,3.8
,"Tulsa County, OK","40143","2019","2019","Suicide","2","Firearm","GRINJ-006",56,651552,8.6,6.5,11.2
,"Tulsa County, OK","40143","2019","2019","Suicide","2","Poisoning","GRINJ-015",21,651552,3.2,2.0,4.9
,"Tulsa County, OK","40143","2019","2019","Suicide","2","Suffocation","GRINJ-017",26,651552,4.0,2.6,5.8
,"Tulsa County, OK","40143","2019","2019","Homicide","3","Firearm","GRINJ-006",49,651552,7.5,5.6,9.9
,"Wagoner County, OK","40145","2019","2019","Unintentional","1","Poisoning","GRINJ-015",12,81289,14.8,7.6,25.8
,"Washington County, OK","40147","2019","2019","Unintentional","1","Fall","GRINJ-003",11,51527,21.3,10.7,38.2
,"Benton County, OR","41003","2019","2019","Unintentional","1","Fall","GRINJ-003",19,93053,20.4,12.3,31.9
,"Clackamas County, OR","41005","2019","2019","Unintentional","1","Fall","GRINJ-003",51,418187,12.2,9.1,16.0
,"Clackamas County, OR","41005","2019","2019","Unintentional","1","Motor Vehicle Traffic","GRINJ-008",33,418187,7.9,5.4,11.1
,"Clackamas County, OR","41005","2019","2019","Unintentional","1","Poisoning","GRINJ-015",33,418187,7.9,5.4,11.1
,"Clackamas County, OR","41005","2019","2019","Suicide","2","Firearm","GRINJ-006",46,418187,11.0,8.1,14.7
,"Clackamas County, OR","41005","2019","2019","Suicide","2","Suffocation","GRINJ-017",18,418187,4.3,2.6,6.8
,"Clatsop County, OR","41007","2019","2019","Unintentional","1","Fall","GRINJ-003",10,40224,24.9,11.9,45.7
,"Coos County, OR","41011","2019","2019","Unintentional","1","Fall","GRINJ-003",14,64487,21.7,11.9,36.4
,"Coos County, OR","41011","2019","2019","Unintentional","1","Motor Vehicle Traffic","GRINJ-008",16,64487,24.8,14.2,40.3
,"Coos County, OR","41011","2019","2019","Suicide","2","Firearm","GRINJ-006",10,64487,15.5,7.4,28.5
,"Deschutes County, OR","41017","2019","2019","Unintentional","1","Fall","GRINJ-003",75,197692,37.9,29.8,47.6
,"Deschutes County, OR","41017","2019","2019","Unintentional","1","Motor Vehicle Traffic","GRINJ-008",23,197692,11.6,7.4,17.5
,"Deschutes County, OR","41017","2019","2019","Unintentional","1","Poisoning","GRINJ-015",17,197692,8.6,5.0,13.8
,"Deschutes County, OR","41017","2019","2019","Suicide","2","Firearm","GRINJ-006",17,197692,8.6,5.0,13.8
,"Deschutes County, OR","41017","2019","2019","Suicide","2","Suffocation","GRINJ-017",10,197692,5.1,2.4,9.3
,"Douglas County, OR","41019","2019","2019","Unintentional","1","Fall","GRINJ-003",19,110980,17.1,10.3,26.7
,"Douglas County, OR","41019","2019","2019","Unintentional","1","Motor Vehicle Traffic","GRINJ-008",26,110980,23.4,15.3,34.3
,"Douglas County, OR","41019","2019","2019","Unintentional","1","Poisoning","GRINJ-015",14,110980,12.6,6.9,21.2
,"Douglas County, OR","41019","2019","2019","Suicide","2","Firearm","GRINJ-006",30,110980,27.0,18.2,38.6
,"Douglas County, OR","41019","2019","2019","Suicide","2","Suffocation","GRINJ-017",11,110980,9.9,4.9,17.7
,"Jackson County, OR","41029","2019","2019","Unintentional","1","Fall","GRINJ-003",40,220944,18.1,12.9,24.7
,"Jackson County, OR","41029","2019","2019","Unintentional","1","Motor Vehicle Traffic","GRINJ-008",23,220944,10.4,6.6,15.6
,"Jackson County, OR","41029","2019","2019","Unintentional","1","Poisoning","GRINJ-015",23,220944,10.4,6.6,15.6
,"Jackson County, OR","41029","2019","2019","Suicide","2","Firearm","GRINJ-006",41,220944,18.6,13.3,25.2
,"Jackson County, OR","41029","2019","2019","Suicide","2","Poisoning","GRINJ-015",15,220944,6.8,3.8,11.2
,"Jackson County, OR","41029","2019","2019","Suicide","2","Suffocation","GRINJ-017",14,220944,6.3,3.5,10.6
,"Josephine County, OR","41033","2019","2019","Unintentional","1","Fall","GRINJ-003",22,87487,25.1,15.8,38.1
,"Josephine County, OR","41033","2019","2019","Unintentional","1","Motor Vehicle Traffic","GRINJ-008",22,87487,25.1,15.8,38.1
,"Josephine County, OR","41033","2019","2019","Unintentional","1","Poisoning","GRINJ-015",14,87487,16.0,8.7,26.8
,"Klamath County, OR","41035","2019","2019","Unintentional","1","Fall","GRINJ-003",15,68238,22.0,12.3,36.3
,"Klamath County, OR","41035","2019","2019","Unintentional","1","Motor Vehicle Traffic","GRINJ-008",16,68238,23.4,13.4,38.1
,"Klamath County, OR","41035","2019","2019","Unintentional","1","Poisoning","GRINJ-015",17,68238,24.9,14.5,39.9
,"Klamath County, OR","41035","2019","2019","Suicide","2","Firearm","GRINJ-006",15,68238,22.0,12.3,36.3
,"Klamath County, OR","41035","2019","2019","Suicide","2","Suffocation","GRINJ-017",10,68238,14.7,7.0,27.0
,"Lane County, OR","41039","2019","2019","Unintentional","1","Drowning","GRINJ-002",10,382067,2.6,1.3,4.8
,"Lane County, OR","41039","2019","2019","Unintentional","1","Fall","GRINJ-003",107,382067,28.0,22.7,33.3
,"Lane County, OR","41039","2019","2019","Unintentional","1","Motor Vehicle Traffic","GRINJ-008",53,382067,13.9,10.4,18.1
,"Lane County, OR","41039","2019","2019","Unintentional","1","Poisoning","GRINJ-015",72,382067,18.8,14.7,23.7
,"Lane County, OR","41039","2019","2019","Suicide","2","Firearm","GRINJ-006",57,382067,14.9,11.3,19.3
,"Lane County, OR","41039","2019","2019","Suicide","2","Poisoning","GRINJ-015",13,382067,3.4,1.8,5.8
,"Lane County, OR","41039","2019","2019","Suicide","2","Suffocation","GRINJ-017",29,382067,7.6,5.1,10.9
,"Lincoln County, OR","41041","2019","2019","Unintentional","1","Fall","GRINJ-003",20,49962,40.0,24.5,61.8
,"Lincoln County, OR","41041","2019","2019","Unintentional","1","Poisoning","GRINJ-015",10,49962,20.0,9.6,36.8
,"Linn County, OR","41043","2019","2019","Unintentional","1","Fall","GRINJ-003",40,129749,30.8,22.0,42.0
,"Linn County, OR","41043","2019","2019","Unintentional","1","Motor Vehicle Traffic","GRINJ-008",23,129749,17.7,11.2,26.6
,"Linn County, OR","41043","2019","2019","Unintentional","1","Poisoning","GRINJ-015",13,129749,10.0,5.3,17.1
,"Linn County, OR","41043","2019","2019","Suicide","2","Firearm","GRINJ-006",19,129749,14.6,8.8,22.9
,"Marion County, OR","41047","2019","2019","Unintentional","1","Fall","GRINJ-003",67,347818,19.3,14.9,24.5
,"Marion County, OR","41047","2019","2019","Unintentional","1","Motor Vehicle Traffic","GRINJ-008",49,347818,14.1,10.4,18.6
,"Marion County, OR","41047","2019","2019","Unintentional","1","Poisoning","GRINJ-015",28,347818,8.1,5.3,11.6
,"Marion County, OR","41047","2019","2019","Unintentional","1","Suffocation","GRINJ-017",12,347818,3.5,1.8,6.0
,"Marion County, OR","41047","2019","2019","Suicide","2","Firearm","GRINJ-006",25,347818,7.2,4.7,10.6
,"Marion County, OR","41047","2019","2019","Suicide","2","Poisoning","GRINJ-015",11,347818,3.2,1.6,5.7
,"Marion County, OR","41047","2019","2019","Suicide","2","Suffocation","GRINJ-017",13,347818,3.7,2.0,6.4
,"Multnomah County, OR","41051","2019","2019","Unintentional","1","Fall","GRINJ-003",112,812855,13.8,11.2,16.3
,"Multnomah County, OR","41051","2019","2019","Unintentional","1","Motor Vehicle Traffic","GRINJ-008",65,812855,8.0,6.2,10.2
,"Multnomah County, OR","41051","2019","2019","Unintentional","1","Poisoning","GRINJ-015",189,812855,23.3,19.9,26.6
,"Multnomah County, OR","41051","2019","2019","Unintentional","1","Suffocation","GRINJ-017",14,812855,1.7,0.9,2.9
,"Multnomah County, OR","41051","2019","2019","Suicide","2","Fall","GRINJ-003",12,812855,1.5,0.8,2.6
,"Multnomah County, OR","41051","2019","2019","Suicide","2","Firearm","GRINJ-006",65,812855,8.0,6.2,10.2
,"Multnomah County, OR","41051","2019","2019","Suicide","2","Poisoning","GRINJ-015",28,812855,3.4,2.3,5.0
,"Multnomah County, OR","41051","2019","2019","Suicide","2","Suffocation","GRINJ-017",50,812855,6.2,4.6,8.1
,"Multnomah County, OR","41051","2019","2019","Homicide","3","Firearm","GRINJ-006",25,812855,3.1,2.0,4.5
,"Polk County, OR","41053","2019","2019","Unintentional","1","Fall","GRINJ-003",16,86085,18.6,10.6,30.2
,"Polk County, OR","41053","2019","2019","Unintentional","1","Motor Vehicle Traffic","GRINJ-008",10,86085,11.6,5.6,21.4
,"Umatilla County, OR","41059","2019","2019","Unintentional","1","Motor Vehicle Traffic","GRINJ-008",16,77950,20.5,11.7,33.3
,"Washington County, OR","41067","2019","2019","Unintentional","1","Fall","GRINJ-003",57,601592,9.5,7.2,12.3
,"Washington County, OR","41067","2019","2019","Unintentional","1","Motor Vehicle Traffic","GRINJ-008",43,601592,7.1,5.2,9.6
,"Washington County, OR","41067","2019","2019","Unintentional","1","Poisoning","GRINJ-015",46,601592,7.6,5.6,10.2
,"Washington County, OR","41067","2019","2019","Suicide","2","Firearm","GRINJ-006",49,601592,8.1,6.0,10.8
,"Washington County, OR","41067","2019","2019","Suicide","2","Poisoning","GRINJ-015",12,601592,2.0,1.0,3.5
,"Washington County, OR","41067","2019","2019","Suicide","2","Suffocation","GRINJ-017",24,601592,4.0,2.6,5.9
,"Yamhill County, OR","41071","2019","2019","Unintentional","1","Fall","GRINJ-003",17,107100,15.9,9.2,25.4
,"Yamhill County, OR","41071","2019","2019","Unintentional","1","Motor Vehicle Traffic","GRINJ-008",12,107100,11.2,5.8,19.6
,"Adams County, PA","42001","2019","2019","Unintentional","1","Fall","GRINJ-003",17,103009,16.5,9.6,26.4
,"Adams County, PA","42001","2019","2019","Unintentional","1","Motor Vehicle Traffic","GRINJ-008",10,103009,9.7,4.7,17.9
,"Adams County, PA","42001","2019","2019","Unintentional","1","Poisoning","GRINJ-015",11,103009,10.7,5.3,19.1
,"Allegheny County, PA","42003","2019","2019","Unintentional","1","Drowning","GRINJ-002",10,1216045,0.8,0.4,1.5
,"Allegheny County, PA","42003","2019","2019","Unintentional","1","Fall","GRINJ-003",257,1216045,21.1,18.6,23.7
,"Allegheny County, PA","42003","2019","2019","Unintentional","1","Motor Vehicle Traffic","GRINJ-008",79,1216045,6.5,5.1,8.1
,"Allegheny County, PA","42003","2019","2019","Unintentional","1","Natural/Environmental","GRINJ-013",10,1216045,0.8,0.4,1.5
,"Allegheny County, PA","42003","2019","2019","Unintentional","1","Poisoning","GRINJ-015",522,1216045,42.9,39.2,46.6
,"Allegheny County, PA","42003","2019","2019","Unintentional","1","Suffocation","GRINJ-017",40,1216045,3.3,2.3,4.5
,"Allegheny County, PA","42003","2019","2019","Unintentional","1","Unspecified Injury","GRINJ-020",22,1216045,1.8,1.1,2.7
,"Allegheny County, PA","42003","2019","2019","Suicide","2","Firearm","GRINJ-006",94,1216045,7.7,6.2,9.5
,"Allegheny County, PA","42003","2019","2019","Suicide","2","Poisoning","GRINJ-015",20,1216045,1.6,1.0,2.5
,"Allegheny County, PA","42003","2019","2019","Suicide","2","Suffocation","GRINJ-017",56,1216045,4.6,3.5,6.0
,"Allegheny County, PA","42003","2019","2019","Homicide","3","Firearm","GRINJ-006",73,1216045,6.0,4.7,7.5
,"Armstrong County, PA","42005","2019","2019","Unintentional","1","Fall","GRINJ-003",21,64735,32.4,20.1,49.6
,"Armstrong County, PA","42005","2019","2019","Unintentional","1","Poisoning","GRINJ-015",23,64735,35.5,22.5,53.3
,"Beaver County, PA","42007","2019","2019","Unintentional","1","Fall","GRINJ-003",20,163929,12.2,7.5,18.8
,"Beaver County, PA","42007","2019","2019","Unintentional","1","Motor Vehicle Traffic","GRINJ-008",17,163929,10.4,6.0,16.6
,"Beaver County, PA","42007","2019","2019","Unintentional","1","Poisoning","GRINJ-015",65,163929,39.7,30.6,50.5
,"Beaver County, PA","42007","2019","2019","Suicide","2","Firearm","GRINJ-006",16,163929,9.8,5.6,15.9
,"Bedford County, PA","42009","2019","2019","Unintentional","1","Fall","GRINJ-003",10,47888,20.9,10.0,38.4
,"Berks County, PA","42011","2019","2019","Unintentional","1","Fall","GRINJ-003",45,421164,10.7,7.8,14.3
,"Berks County, PA","42011","2019","2019","Unintentional","1","Motor Vehicle Traffic","GRINJ-008",50,421164,11.9,8.8,15.7
,"Berks County, PA","42011","2019","2019","Unintentional","1","Poisoning","GRINJ-015",120,421164,28.5,23.4,33.6
,"Berks County, PA","42011","2019","2019","Unintentional","1","Suffocation","GRINJ-017",13,421164,3.1,1.6,5.3
,"Berks County, PA","42011","2019","2019","Suicide","2","Firearm","GRINJ-006",30,421164,7.1,4.8,10.2
,"Berks County, PA","42011","2019","2019","Suicide","2","Poisoning","GRINJ-015",13,421164,3.1,1.6,5.3
,"Berks County, PA","42011","2019","2019","Suicide","2","Suffocation","GRINJ-017",22,421164,5.2,3.3,7.9
,"Blair County, PA","42013","2019","2019","Unintentional","1","Fall","GRINJ-003",21,121829,17.2,10.7,26.3
,"Blair County, PA","42013","2019","2019","Unintentional","1","Motor Vehicle Traffic","GRINJ-008",11,121829,9.0,4.5,16.2
,"Blair County, PA","42013","2019","2019","Unintentional","1","Poisoning","GRINJ-015",25,121829,20.5,13.3,30.3
,"Blair County, PA","42013","2019","2019","Suicide","2","Firearm","GRINJ-006",12,121829,9.8,5.1,17.2
,"Bradford County, PA","42015","2019","2019","Unintentional","1","Fall","GRINJ-003",19,60323,31.5,19.0,49.2
,"Bradford County, PA","42015","2019","2019","Unintentional","1","Motor Vehicle Traffic","GRINJ-008",12,60323,19.9,10.3,34.7
,"Bradford County, PA","42015","2019","2019","Unintentional","1","Poisoning","GRINJ-015",13,60323,21.6,11.5,36.9
,"Bucks County, PA","42017","2019","2019","Unintentional","1","Fall","GRINJ-003",84,628270,13.4,10.7,16.6
,"Bucks County, PA","42017","2019","2019","Unintentional","1","Motor Vehicle Traffic","GRINJ-008",49,628270,7.8,5.8,10.3
,"Bucks County, PA","42017","2019","2019","Unintentional","1","Poisoning","GRINJ-015",203,628270,32.3,27.9,36.8
,"Bucks County, PA","42017","2019","2019","Unintentional","1","Suffocation","GRINJ-017",18,628270,2.9,1.7,4.5
,"Bucks County, PA","42017","2019","2019","Unintentional","1","Unspecified Injury","GRINJ-020",12,628270,1.9,1.0,3.3
,"Bucks County, PA","42017","2019","2019","Suicide","2","Firearm","GRINJ-006",41,628270,6.5,4.7,8.9
,"Bucks County, PA","42017","2019","2019","Suicide","2","Poisoning","GRINJ-015",17,628270,2.7,1.6,4.3
,"Bucks County, PA","42017","2019","2019","Suicide","2","Suffocation","GRINJ-017",37,628270,5.9,4.1,8.1
,"Butler County, PA","42019","2019","2019","Unintentional","1","Fall","GRINJ-003",28,187853,14.9,9.9,21.5
,"Butler County, PA","42019","2019","2019","Unintentional","1","Motor Vehicle Traffic","GRINJ-008",20,187853,10.6,6.5,16.4
,"Butler County, PA","42019","2019","2019","Unintentional","1","Poisoning","GRINJ-015",65,187853,34.6,26.7,44.1
,"Butler County, PA","42019","2019","2019","Suicide","2","Firearm","GRINJ-006",16,187853,8.5,4.9,13.8
,"Cambria County, PA","42021","2019","2019","Unintentional","1","Fall","GRINJ-003",37,130192,28.4,20.0,39.2
,"Cambria County, PA","42021","2019","2019","Unintentional","1","Motor Vehicle Traffic","GRINJ-008",18,130192,13.8,8.2,21.9
,"Cambria County, PA","42021","2019","2019","Unintentional","1","Poisoning","GRINJ-015",60,130192,46.1,35.2,59.3
,"Cambria County, PA","42021","2019","2019","Suicide","2","Firearm","GRINJ-006",12,130192,9.2,4.8,16.1
,"Carbon County, PA","42025","2019","2019","Unintentional","1","Fall","GRINJ-003",15,64182,23.4,13.1,38.5
,"Carbon County, PA","42025","2019","2019","Unintentional","1","Poisoning","GRINJ-015",35,64182,54.5,38.0,75.8
,"Centre County, PA","42027","2019","2019","Unintentional","1","Fall","GRINJ-003",22,162385,13.5,8.5,20.5
,"Centre County, PA","42027","2019","2019","Suicide","2","Suffocation","GRINJ-017",13,162385,8.0,4.3,13.7
,"Chester County, PA","42029","2019","2019","Unintentional","1","Fall","GRINJ-003",62,524989,11.8,9.1,15.1
,"Chester County, PA","42029","2019","2019","Unintentional","1","Motor Vehicle Traffic","GRINJ-008",23,524989,4.4,2.8,6.6
,"Chester County, PA","42029","2019","2019","Unintentional","1","Poisoning","GRINJ-015",120,524989,22.9,18.8,26.9
,"Chester County, PA","42029","2019","2019","Unintentional","1","Suffocation","GRINJ-017",10,524989,1.9,0.9,3.5
,"Chester County, PA","42029","2019","2019","Suicide","2","Firearm","GRINJ-006",21,524989,4.0,2.5,6.1
,"Chester County, PA","42029","2019","2019","Suicide","2","Poisoning","GRINJ-015",12,524989,2.3,1.2,4.0
,"Chester County, PA","42029","2019","2019","Suicide","2","Suffocation","GRINJ-017",22,524989,4.2,2.6,6.3
,"Clearfield County, PA","42033","2019","2019","Unintentional","1","Fall","GRINJ-003",17,79255,21.4,12.5,34.3
,"Clearfield County, PA","42033","2019","2019","Unintentional","1","Poisoning","GRINJ-015",12,79255,15.1,7.8,26.4
,"Clearfield County, PA","42033","2019","2019","Suicide","2","Firearm","GRINJ-006",14,79255,17.7,9.7,29.6
,"Columbia County, PA","42037","2019","2019","Unintentional","1","Fall","GRINJ-003",10,64964,15.4,7.4,28.3
,"Columbia County, PA","42037","2019","2019","Unintentional","1","Poisoning","GRINJ-015",14,64964,21.6,11.8,36.2
,"Columbia County, PA","42037","2019","2019","Suicide","2","Firearm","GRINJ-006",15,64964,23.1,12.9,38.1
,"Crawford County, PA","42039","2019","2019","Unintentional","1","Fall","GRINJ-003",20,84629,23.6,14.4,36.5
,"Crawford County, PA","42039","2019","2019","Unintentional","1","Poisoning","GRINJ-015",20,84629,23.6,14.4,36.5
,"Cumberland County, PA","42041","2019","2019","Unintentional","1","Fall","GRINJ-003",29,253370,11.4,7.7,16.4
,"Cumberland County, PA","42041","2019","2019","Unintentional","1","Motor Vehicle Traffic","GRINJ-008",13,253370,5.1,2.7,8.8
,"Cumberland County, PA","42041","2019","2019","Unintentional","1","Poisoning","GRINJ-015",38,253370,15.0,10.6,20.6
,"Cumberland County, PA","42041","2019","2019","Suicide","2","Firearm","GRINJ-006",17,253370,6.7,3.9,10.7
,"Dauphin County, PA","42043","2019","2019","Unintentional","1","Fall","GRINJ-003",33,278299,11.9,8.2,16.7
,"Dauphin County, PA","42043","2019","2019","Unintentional","1","Motor Vehicle Traffic","GRINJ-008",19,278299,6.8,4.1,10.7
,"Dauphin County, PA","42043","2019","2019","Unintentional","1","Poisoning","GRINJ-015",91,278299,32.7,26.3,40.1
,"Dauphin County, PA","42043","2019","2019","Suicide","2","Firearm","GRINJ-006",15,278299,5.4,3.0,8.9
,"Dauphin County, PA","42043","2019","2019","Suicide","2","Suffocation","GRINJ-017",13,278299,4.7,2.5,8.0
,"Dauphin County, PA","42043","2019","2019","Homicide","3","Firearm","GRINJ-006",16,278299,5.7,3.3,9.3
,"Delaware County, PA","42045","2019","2019","Unintentional","1","Fall","GRINJ-003",62,566747,10.9,8.4,14.0
,"Delaware County, PA","42045","2019","2019","Unintentional","1","Motor Vehicle Traffic","GRINJ-008",29,566747,5.1,3.4,7.3
,"Delaware County, PA","42045","2019","2019","Unintentional","1","Poisoning","GRINJ-015",177,566747,31.2,26.6,35.8
,"Delaware County, PA","42045","2019","2019","Unintentional","1","Unspecified Injury","GRINJ-020",13,566747,2.3,1.2,3.9
,"Delaware County, PA","42045","2019","2019","Suicide","2","Firearm","GRINJ-006",27,566747,4.8,3.1,6.9
,"Delaware County, PA","42045","2019","2019","Suicide","2","Poisoning","GRINJ-015",22,566747,3.9,2.4,5.9
,"Delaware County, PA","42045","2019","2019","Suicide","2","Suffocation","GRINJ-017",26,566747,4.6,3.0,6.7
,"Delaware County, PA","42045","2019","2019","Homicide","3","Firearm","GRINJ-006",29,566747,5.1,3.4,7.3
,"Delaware County, PA","42045","2019","2019","Undetermined ","4","Poisoning","GRINJ-015",17,566747,3.0,1.7,4.8
,"Erie County, PA","42049","2019","2019","Unintentional","1","Fall","GRINJ-003",40,269728,14.8,10.6,20.2
,"Erie County, PA","42049","2019","2019","Unintentional","1","Motor Vehicle Traffic","GRINJ-008",24,269728,8.9,5.7,13.2
,"Erie County, PA","42049","2019","2019","Unintentional","1","Poisoning","GRINJ-015",61,269728,22.6,17.3,29.1
,"Erie County, PA","42049","2019","2019","Suicide","2","Firearm","GRINJ-006",24,269728,8.9,5.7,13.2
,"Erie County, PA","42049","2019","2019","Suicide","2","Suffocation","GRINJ-017",14,269728,5.2,2.8,8.7
,"Fayette County, PA","42051","2019","2019","Unintentional","1","Fall","GRINJ-003",20,129274,15.5,9.5,23.9
,"Fayette County, PA","42051","2019","2019","Unintentional","1","Motor Vehicle Traffic","GRINJ-008",18,129274,13.9,8.3,22.0
,"Fayette County, PA","42051","2019","2019","Unintentional","1","Poisoning","GRINJ-015",45,129274,34.8,25.4,46.6
,"Fayette County, PA","42051","2019","2019","Suicide","2","Firearm","GRINJ-006",17,129274,13.2,7.7,21.1
,"Franklin County, PA","42055","2019","2019","Unintentional","1","Fall","GRINJ-003",14,155027,9.0,4.9,15.2
,"Franklin County, PA","42055","2019","2019","Unintentional","1","Motor Vehicle Traffic","GRINJ-008",23,155027,14.8,9.4,22.3
,"Franklin County, PA","42055","2019","2019","Unintentional","1","Poisoning","GRINJ-015",19,155027,12.3,7.4,19.1
,"Franklin County, PA","42055","2019","2019","Suicide","2","Firearm","GRINJ-006",16,155027,10.3,5.9,16.8
,"Greene County, PA","42059","2019","2019","Unintentional","1","Motor Vehicle Traffic","GRINJ-008",14,36233,38.6,21.1,64.8
,"Huntingdon County, PA","42061","2019","2019","Unintentional","1","Poisoning","GRINJ-015",13,45144,28.8,15.3,49.2
,"Indiana County, PA","42063","2019","2019","Unintentional","1","Fall","GRINJ-003",15,84073,17.8,10.0,29.4
,"Indiana County, PA","42063","2019","2019","Unintentional","1","Motor Vehicle Traffic","GRINJ-008",14,84073,16.7,9.1,27.9
,"Indiana County, PA","42063","2019","2019","Unintentional","1","Poisoning","GRINJ-015",35,84073,41.6,29.0,57.9
,"Jefferson County, PA","42065","2019","2019","Unintentional","1","Poisoning","GRINJ-015",12,43425,27.6,14.3,48.3
,"Lackawanna County, PA","42069","2019","2019","Unintentional","1","Fall","GRINJ-003",26,209674,12.4,8.1,18.2
,"Lackawanna County, PA","42069","2019","2019","Unintentional","1","Motor Vehicle Traffic","GRINJ-008",16,209674,7.6,4.4,12.4
,"Lackawanna County, PA","42069","2019","2019","Unintentional","1","Poisoning","GRINJ-015",67,209674,32.0,24.8,40.6
,"Lackawanna County, PA","42069","2019","2019","Unintentional","1","Unspecified Injury","GRINJ-020",12,209674,5.7,3.0,10.0
,"Lackawanna County, PA","42069","2019","2019","Suicide","2","Firearm","GRINJ-006",17,209674,8.1,4.7,13.0
,"Lancaster County, PA","42071","2019","2019","Unintentional","1","Fall","GRINJ-003",101,545724,18.5,14.9,22.1
,"Lancaster County, PA","42071","2019","2019","Unintentional","1","Motor Vehicle Traffic","GRINJ-008",43,545724,7.9,5.7,10.6
,"Lancaster County, PA","42071","2019","2019","Unintentional","1","Poisoning","GRINJ-015",108,545724,19.8,16.1,23.5
,"Lancaster County, PA","42071","2019","2019","Unintentional","1","Suffocation","GRINJ-017",16,545724,2.9,1.7,4.8
,"Lancaster County, PA","42071","2019","2019","Unintentional","1","Unspecified Injury","GRINJ-020",12,545724,2.2,1.1,3.8
,"Lancaster County, PA","42071","2019","2019","Suicide","2","Firearm","GRINJ-006",34,545724,6.2,4.3,8.7
,"Lancaster County, PA","42071","2019","2019","Suicide","2","Suffocation","GRINJ-017",11,545724,2.0,1.0,3.6
,"Lawrence County, PA","42073","2019","2019","Unintentional","1","Fall","GRINJ-003",19,85512,22.2,13.4,34.7
,"Lawrence County, PA","42073","2019","2019","Unintentional","1","Poisoning","GRINJ-015",30,85512,35.1,23.7,50.1
,"Lawrence County, PA","42073","2019","2019","Suicide","2","Firearm","GRINJ-006",18,85512,21.0,12.5,33.3
,"Lebanon County, PA","42075","2019","2019","Unintentional","1","Fall","GRINJ-003",13,141793,9.2,4.9,15.7
,"Lebanon County, PA","42075","2019","2019","Unintentional","1","Motor Vehicle Traffic","GRINJ-008",16,141793,11.3,6.4,18.3
,"Lebanon County, PA","42075","2019","2019","Unintentional","1","Poisoning","GRINJ-015",29,141793,20.5,13.7,29.4
,"Lebanon County, PA","42075","2019","2019","Suicide","2","Firearm","GRINJ-006",12,141793,8.5,4.4,14.8
,"Lehigh County, PA","42077","2019","2019","Unintentional","1","Fall","GRINJ-003",105,369318,28.4,23.0,33.9
,"Lehigh County, PA","42077","2019","2019","Unintentional","1","Motor Vehicle Traffic","GRINJ-008",25,369318,6.8,4.4,10.0
,"Lehigh County, PA","42077","2019","2019","Unintentional","1","Poisoning","GRINJ-015",92,369318,24.9,20.1,30.6
,"Lehigh County, PA","42077","2019","2019","Suicide","2","Firearm","GRINJ-006",23,369318,6.2,3.9,9.3
,"Luzerne County, PA","42079","2019","2019","Unintentional","1","Fall","GRINJ-003",40,317417,12.6,9.0,17.2
,"Luzerne County, PA","42079","2019","2019","Unintentional","1","Motor Vehicle Traffic","GRINJ-008",32,317417,10.1,6.9,14.2
,"Luzerne County, PA","42079","2019","2019","Unintentional","1","Poisoning","GRINJ-015",143,317417,45.1,37.7,52.4
,"Luzerne County, PA","42079","2019","2019","Unintentional","1","Suffocation","GRINJ-017",10,317417,3.2,1.5,5.8
,"Luzerne County, PA","42079","2019","2019","Unintentional","1","Unspecified Injury","GRINJ-020",21,317417,6.6,4.1,10.1
,"Luzerne County, PA","42079","2019","2019","Suicide","2","Firearm","GRINJ-006",39,317417,12.3,8.7,16.8
,"Luzerne County, PA","42079","2019","2019","Suicide","2","Suffocation","GRINJ-017",16,317417,5.0,2.9,8.2
,"Lycoming County, PA","42081","2019","2019","Unintentional","1","Fall","GRINJ-003",13,113299,11.5,6.1,19.6
,"Lycoming County, PA","42081","2019","2019","Unintentional","1","Poisoning","GRINJ-015",24,113299,21.2,13.6,31.5
,"Lycoming County, PA","42081","2019","2019","Homicide","3","Poisoning","GRINJ-015",11,113299,9.7,4.8,17.4
,"Mercer County, PA","42085","2019","2019","Unintentional","1","Fall","GRINJ-003",20,109424,18.3,11.2,28.2
,"Mercer County, PA","42085","2019","2019","Unintentional","1","Motor Vehicle Traffic","GRINJ-008",15,109424,13.7,7.7,22.6
,"Mercer County, PA","42085","2019","2019","Unintentional","1","Poisoning","GRINJ-015",41,109424,37.5,26.9,50.8
,"Mercer County, PA","42085","2019","2019","Unintentional","1","Unspecified Injury","GRINJ-020",10,109424,9.1,4.4,16.8
,"Mercer County, PA","42085","2019","2019","Suicide","2","Firearm","GRINJ-006",15,109424,13.7,7.7,22.6
,"Monroe County, PA","42089","2019","2019","Unintentional","1","Fall","GRINJ-003",19,170271,11.2,6.7,17.4
,"Monroe County, PA","42089","2019","2019","Unintentional","1","Motor Vehicle Traffic","GRINJ-008",15,170271,8.8,4.9,14.5
,"Monroe County, PA","42089","2019","2019","Unintentional","1","Poisoning","GRINJ-015",58,170271,34.1,25.9,44.0
,"Monroe County, PA","42089","2019","2019","Suicide","2","Firearm","GRINJ-006",12,170271,7.0,3.6,12.3
,"Montgomery County, PA","42091","2019","2019","Unintentional","1","Fall","GRINJ-003",124,830915,14.9,12.3,17.6
,"Montgomery County, PA","42091","2019","2019","Unintentional","1","Motor Vehicle Traffic","GRINJ-008",49,830915,5.9,4.4,7.8
,"Montgomery County, PA","42091","2019","2019","Unintentional","1","Poisoning","GRINJ-015",209,830915,25.2,21.7,28.6
,"Montgomery County, PA","42091","2019","2019","Unintentional","1","Suffocation","GRINJ-017",23,830915,2.8,1.8,4.2
,"Montgomery County, PA","42091","2019","2019","Suicide","2","Firearm","GRINJ-006",44,830915,5.3,3.8,7.1
,"Montgomery County, PA","42091","2019","2019","Suicide","2","Poisoning","GRINJ-015",24,830915,2.9,1.9,4.3
,"Montgomery County, PA","42091","2019","2019","Suicide","2","Suffocation","GRINJ-017",38,830915,4.6,3.2,6.3
,"Montour County, PA","42093","2019","2019","Unintentional","1","Fall","GRINJ-003",15,18230,82.3,46.1,135.7
,"Northampton County, PA","42095","2019","2019","Unintentional","1","Fall","GRINJ-003",49,305285,16.1,11.9,21.2
,"Northampton County, PA","42095","2019","2019","Unintentional","1","Motor Vehicle Traffic","GRINJ-008",19,305285,6.2,3.7,9.7
,"Northampton County, PA","42095","2019","2019","Unintentional","1","Poisoning","GRINJ-015",75,305285,24.6,19.3,30.8
,"Northampton County, PA","42095","2019","2019","Unintentional","1","Suffocation","GRINJ-017",10,305285,3.3,1.6,6.0
,"Northampton County, PA","42095","2019","2019","Suicide","2","Firearm","GRINJ-006",13,305285,4.3,2.3,7.3
,"Northampton County, PA","42095","2019","2019","Suicide","2","Poisoning","GRINJ-015",12,305285,3.9,2.0,6.9
,"Northampton County, PA","42095","2019","2019","Suicide","2","Suffocation","GRINJ-017",10,305285,3.3,1.6,6.0
,"Northumberland County, PA","42097","2019","2019","Unintentional","1","Fall","GRINJ-003",31,90843,34.1,23.2,48.4
,"Northumberland County, PA","42097","2019","2019","Unintentional","1","Poisoning","GRINJ-015",42,90843,46.2,33.3,62.5
,"Perry County, PA","42099","2019","2019","Unintentional","1","Poisoning","GRINJ-015",11,46272,23.8,11.9,42.5
,"Philadelphia County, PA","42101","2019","2019","Unintentional","1","Fall","GRINJ-003",141,1584064,8.9,7.4,10.4
,"Philadelphia County, PA","42101","2019","2019","Unintentional","1","Fire/Flame","GRINJ-004",30,1584064,1.9,1.3,2.7
,"Philadelphia County, PA","42101","2019","2019","Unintentional","1","Motor Vehicle Traffic","GRINJ-008",105,1584064,6.6,5.4,7.9
,"Philadelphia County, PA","42101","2019","2019","Unintentional","1","Natural/Environmental","GRINJ-013",10,1584064,0.6,0.3,1.2
,"Philadelphia County, PA","42101","2019","2019","Unintentional","1","Poisoning","GRINJ-015",992,1584064,62.6,58.7,66.5
,"Philadelphia County, PA","42101","2019","2019","Unintentional","1","Suffocation","GRINJ-017",54,1584064,3.4,2.6,4.4
,"Philadelphia County, PA","42101","2019","2019","Unintentional","1","Unspecified Injury","GRINJ-020",32,1584064,2.0,1.4,2.9
,"Philadelphia County, PA","42101","2019","2019","Suicide","2","Firearm","GRINJ-006",63,1584064,4.0,3.1,5.1
,"Philadelphia County, PA","42101","2019","2019","Suicide","2","Poisoning","GRINJ-015",20,1584064,1.3,0.8,1.9
,"Philadelphia County, PA","42101","2019","2019","Suicide","2","Suffocation","GRINJ-017",61,1584064,3.9,2.9,4.9
,"Philadelphia County, PA","42101","2019","2019","Suicide","2","Other specified, classifiable Injury","GRINJ-018",11,1584064,0.7,0.3,1.2
,"Philadelphia County, PA","42101","2019","2019","Homicide","3","Cut/Pierce","GRINJ-001",22,1584064,1.4,0.9,2.1
,"Philadelphia County, PA","42101","2019","2019","Homicide","3","Firearm","GRINJ-006",302,1584064,19.1,16.9,21.2
,"Philadelphia County, PA","42101","2019","2019","Homicide","3","Unspecified Injury","GRINJ-020",12,1584064,0.8,0.4,1.3
,"Pike County, PA","42103","2019","2019","Unintentional","1","Fall","GRINJ-003",10,55809,17.9,8.6,33.0
,"Pike County, PA","42103","2019","2019","Unintentional","1","Motor Vehicle Traffic","GRINJ-008",13,55809,23.3,12.4,39.8
,"Pike County, PA","42103","2019","2019","Unintentional","1","Poisoning","GRINJ-015",20,55809,35.8,21.9,55.3
,"Schuylkill County, PA","42107","2019","2019","Unintentional","1","Fall","GRINJ-003",27,141359,19.1,12.6,27.8
,"Schuylkill County, PA","42107","2019","2019","Unintentional","1","Motor Vehicle Traffic","GRINJ-008",27,141359,19.1,12.6,27.8
,"Schuylkill County, PA","42107","2019","2019","Unintentional","1","Poisoning","GRINJ-015",21,141359,14.9,9.2,22.7
,"Schuylkill County, PA","42107","2019","2019","Suicide","2","Firearm","GRINJ-006",24,141359,17.0,10.9,25.3
,"Schuylkill County, PA","42107","2019","2019","Undetermined ","4","Poisoning","GRINJ-015",39,141359,27.6,19.6,37.7
,"Somerset County, PA","42111","2019","2019","Unintentional","1","Fall","GRINJ-003",14,73447,19.1,10.4,32.0
,"Somerset County, PA","42111","2019","2019","Unintentional","1","Motor Vehicle Traffic","GRINJ-008",12,73447,16.3,8.4,28.5
,"Somerset County, PA","42111","2019","2019","Unintentional","1","Poisoning","GRINJ-015",16,73447,21.8,12.5,35.4
,"Susquehanna County, PA","42115","2019","2019","Unintentional","1","Fall","GRINJ-003",10,40328,24.8,11.9,45.6
,"Washington County, PA","42125","2019","2019","Unintentional","1","Fall","GRINJ-003",39,206865,18.9,13.4,25.8
,"Washington County, PA","42125","2019","2019","Unintentional","1","Motor Vehicle Traffic","GRINJ-008",23,206865,11.1,7.0,16.7
,"Washington County, PA","42125","2019","2019","Unintentional","1","Poisoning","GRINJ-015",82,206865,39.6,31.5,49.2
,"Washington County, PA","42125","2019","2019","Suicide","2","Firearm","GRINJ-006",22,206865,10.6,6.7,16.1
,"Washington County, PA","42125","2019","2019","Suicide","2","Suffocation","GRINJ-017",12,206865,5.8,3.0,10.1
,"Wayne County, PA","42127","2019","2019","Unintentional","1","Poisoning","GRINJ-015",21,51361,40.9,25.3,62.5
,"Wayne County, PA","42127","2019","2019","Suicide","2","Firearm","GRINJ-006",11,51361,21.4,10.7,38.3
,"Westmoreland County, PA","42129","2019","2019","Unintentional","1","Fall","GRINJ-003",86,348899,24.6,19.7,30.4
,"Westmoreland County, PA","42129","2019","2019","Unintentional","1","Motor Vehicle Traffic","GRINJ-008",35,348899,10.0,7.0,14.0
,"Westmoreland County, PA","42129","2019","2019","Unintentional","1","Poisoning","GRINJ-015",127,348899,36.4,30.1,42.7
,"Westmoreland County, PA","42129","2019","2019","Unintentional","1","Suffocation","GRINJ-017",16,348899,4.6,2.6,7.4
,"Westmoreland County, PA","42129","2019","2019","Suicide","2","Firearm","GRINJ-006",33,348899,9.5,6.5,13.3
,"Westmoreland County, PA","42129","2019","2019","Suicide","2","Suffocation","GRINJ-017",13,348899,3.7,2.0,6.4
,"Wyoming County, PA","42131","2019","2019","Unintentional","1","Poisoning","GRINJ-015",14,26794,52.3,28.6,87.7
,"York County, PA","42133","2019","2019","Unintentional","1","Fall","GRINJ-003",104,449058,23.2,18.7,27.6
,"York County, PA","42133","2019","2019","Unintentional","1","Motor Vehicle Traffic","GRINJ-008",27,449058,6.0,4.0,8.7
,"York County, PA","42133","2019","2019","Unintentional","1","Poisoning","GRINJ-015",137,449058,30.5,25.4,35.6
,"York County, PA","42133","2019","2019","Suicide","2","Firearm","GRINJ-006",38,449058,8.5,6.0,11.6
,"York County, PA","42133","2019","2019","Suicide","2","Poisoning","GRINJ-015",18,449058,4.0,2.4,6.3
,"York County, PA","42133","2019","2019","Suicide","2","Suffocation","GRINJ-017",13,449058,2.9,1.5,5.0
,"York County, PA","42133","2019","2019","Homicide","3","Firearm","GRINJ-006",19,449058,4.2,2.5,6.6
,"Bristol County, RI","44001","2019","2019","Unintentional","1","Fall","GRINJ-003",10,48479,20.6,9.9,37.9
,"Bristol County, RI","44001","2019","2019","Unintentional","1","Poisoning","GRINJ-015",10,48479,20.6,9.9,37.9
,"Kent County, RI","44003","2019","2019","Unintentional","1","Fall","GRINJ-003",36,164292,21.9,15.3,30.3
,"Kent County, RI","44003","2019","2019","Unintentional","1","Motor Vehicle Traffic","GRINJ-008",10,164292,6.1,2.9,11.2
,"Kent County, RI","44003","2019","2019","Unintentional","1","Poisoning","GRINJ-015",44,164292,26.8,19.5,36.0
,"Newport County, RI","44005","2019","2019","Unintentional","1","Poisoning","GRINJ-015",17,82082,20.7,12.1,33.2
,"Providence County, RI","44007","2019","2019","Unintentional","1","Fall","GRINJ-003",118,638931,18.5,15.1,21.8
,"Providence County, RI","44007","2019","2019","Unintentional","1","Motor Vehicle Traffic","GRINJ-008",47,638931,7.4,5.4,9.8
,"Providence County, RI","44007","2019","2019","Unintentional","1","Poisoning","GRINJ-015",205,638931,32.1,27.7,36.5
,"Providence County, RI","44007","2019","2019","Unintentional","1","Suffocation","GRINJ-017",19,638931,3.0,1.8,4.6
,"Providence County, RI","44007","2019","2019","Unintentional","1","Unspecified Injury","GRINJ-020",14,638931,2.2,1.2,3.7
,"Providence County, RI","44007","2019","2019","Suicide","2","Firearm","GRINJ-006",20,638931,3.1,1.9,4.8
,"Providence County, RI","44007","2019","2019","Suicide","2","Poisoning","GRINJ-015",22,638931,3.4,2.2,5.2
,"Providence County, RI","44007","2019","2019","Suicide","2","Suffocation","GRINJ-017",24,638931,3.8,2.4,5.6
,"Providence County, RI","44007","2019","2019","Homicide","3","Firearm","GRINJ-006",10,638931,1.6,0.8,2.9
,"Washington County, RI","44009","2019","2019","Unintentional","1","Fall","GRINJ-003",24,125577,19.1,12.2,28.4
,"Washington County, RI","44009","2019","2019","Unintentional","1","Poisoning","GRINJ-015",26,125577,20.7,13.5,30.3
,"Aiken County, SC","45003","2019","2019","Unintentional","1","Fall","GRINJ-003",23,170872,13.5,8.5,20.2
,"Aiken County, SC","45003","2019","2019","Unintentional","1","Motor Vehicle Traffic","GRINJ-008",24,170872,14.0,9.0,20.9
,"Aiken County, SC","45003","2019","2019","Unintentional","1","Poisoning","GRINJ-015",32,170872,18.7,12.8,26.4
,"Aiken County, SC","45003","2019","2019","Unintentional","1","Suffocation","GRINJ-017",10,170872,5.9,2.8,10.8
,"Aiken County, SC","45003","2019","2019","Suicide","2","Firearm","GRINJ-006",24,170872,14.0,9.0,20.9
,"Aiken County, SC","45003","2019","2019","Homicide","3","Firearm","GRINJ-006",18,170872,10.5,6.2,16.6
,"Anderson County, SC","45007","2019","2019","Unintentional","1","Fall","GRINJ-003",14,202558,6.9,3.8,11.6
,"Anderson County, SC","45007","2019","2019","Unintentional","1","Motor Vehicle Traffic","GRINJ-008",43,202558,21.2,15.4,28.6
,"Anderson County, SC","45007","2019","2019","Unintentional","1","Poisoning","GRINJ-015",44,202558,21.7,15.8,29.2
,"Anderson County, SC","45007","2019","2019","Unintentional","1","Suffocation","GRINJ-017",10,202558,4.9,2.4,9.1
,"Anderson County, SC","45007","2019","2019","Unintentional","1","Unspecified Injury","GRINJ-020",12,202558,5.9,3.1,10.3
,"Anderson County, SC","45007","2019","2019","Suicide","2","Firearm","GRINJ-006",25,202558,12.3,8.0,18.2
,"Anderson County, SC","45007","2019","2019","Homicide","3","Firearm","GRINJ-006",19,202558,9.4,5.6,14.6
,"Beaufort County, SC","45013","2019","2019","Unintentional","1","Fall","GRINJ-003",23,192122,12.0,7.6,18.0
,"Beaufort County, SC","45013","2019","2019","Unintentional","1","Motor Vehicle Traffic","GRINJ-008",18,192122,9.4,5.6,14.8
,"Beaufort County, SC","45013","2019","2019","Unintentional","1","Poisoning","GRINJ-015",28,192122,14.6,9.7,21.1
,"Beaufort County, SC","45013","2019","2019","Unintentional","1","Unspecified Injury","GRINJ-020",12,192122,6.2,3.2,10.9
,"Beaufort County, SC","45013","2019","2019","Suicide","2","Firearm","GRINJ-006",12,192122,6.2,3.2,10.9
,"Beaufort County, SC","45013","2019","2019","Homicide","3","Firearm","GRINJ-006",11,192122,5.7,2.9,10.2
,"Berkeley County, SC","45015","2019","2019","Unintentional","1","Fall","GRINJ-003",21,227907,9.2,5.7,14.1
,"Berkeley County, SC","45015","2019","2019","Unintentional","1","Motor Vehicle Traffic","GRINJ-008",34,227907,14.9,10.3,20.8
,"Berkeley County, SC","45015","2019","2019","Unintentional","1","Poisoning","GRINJ-015",46,227907,20.2,14.8,26.9
,"Berkeley County, SC","45015","2019","2019","Suicide","2","Firearm","GRINJ-006",28,227907,12.3,8.2,17.8
,"Berkeley County, SC","45015","2019","2019","Homicide","3","Firearm","GRINJ-006",21,227907,9.2,5.7,14.1
,"Charleston County, SC","45019","2019","2019","Unintentional","1","Fall","GRINJ-003",41,411406,10.0,7.2,13.5
,"Charleston County, SC","45019","2019","2019","Unintentional","1","Motor Vehicle Traffic","GRINJ-008",62,411406,15.1,11.6,19.3
,"Charleston County, SC","45019","2019","2019","Unintentional","1","Poisoning","GRINJ-015",85,411406,20.7,16.5,25.5
,"Charleston County, SC","45019","2019","2019","Unintentional","1","Suffocation","GRINJ-017",12,411406,2.9,1.5,5.1
,"Charleston County, SC","45019","2019","2019","Unintentional","1","Unspecified Injury","GRINJ-020",11,411406,2.7,1.3,4.8
,"Charleston County, SC","45019","2019","2019","Suicide","2","Firearm","GRINJ-006",40,411406,9.7,6.9,13.2
,"Charleston County, SC","45019","2019","2019","Suicide","2","Suffocation","GRINJ-017",16,411406,3.9,2.2,6.3
,"Charleston County, SC","45019","2019","2019","Homicide","3","Firearm","GRINJ-006",47,411406,11.4,8.4,15.2
,"Cherokee County, SC","45021","2019","2019","Unintentional","1","Motor Vehicle Traffic","GRINJ-008",12,57300,20.9,10.8,36.6
,"Chester County, SC","45023","2019","2019","Unintentional","1","Motor Vehicle Traffic","GRINJ-008",10,32244,31.0,14.9,57.0
,"Chesterfield County, SC","45025","2019","2019","Unintentional","1","Motor Vehicle Traffic","GRINJ-008",17,45650,37.2,21.7,59.6
,"Colleton County, SC","45029","2019","2019","Unintentional","1","Motor Vehicle Traffic","GRINJ-008",14,37677,37.2,20.3,62.3
,"Darlington County, SC","45031","2019","2019","Unintentional","1","Motor Vehicle Traffic","GRINJ-008",24,66618,36.0,23.1,53.6
,"Darlington County, SC","45031","2019","2019","Suicide","2","Firearm","GRINJ-006",10,66618,15.0,7.2,27.6
,"Darlington County, SC","45031","2019","2019","Homicide","3","Firearm","GRINJ-006",11,66618,16.5,8.2,29.5
,"Dorchester County, SC","45035","2019","2019","Unintentional","1","Fall","GRINJ-003",13,162809,8.0,4.3,13.7
,"Dorchester County, SC","45035","2019","2019","Unintentional","1","Motor Vehicle Traffic","GRINJ-008",26,162809,16.0,10.4,23.4
,"Dorchester County, SC","45035","2019","2019","Unintentional","1","Poisoning","GRINJ-015",26,162809,16.0,10.4,23.4
,"Florence County, SC","45041","2019","2019","Unintentional","1","Motor Vehicle Traffic","GRINJ-008",36,138293,26.0,18.2,36.0
,"Florence County, SC","45041","2019","2019","Unintentional","1","Poisoning","GRINJ-015",25,138293,18.1,11.7,26.7
,"Florence County, SC","45041","2019","2019","Suicide","2","Firearm","GRINJ-006",14,138293,10.1,5.5,17.0
,"Florence County, SC","45041","2019","2019","Homicide","3","Firearm","GRINJ-006",19,138293,13.7,8.3,21.5
,"Georgetown County, SC","45043","2019","2019","Unintentional","1","Motor Vehicle Traffic","GRINJ-008",10,62680,16.0,7.7,29.3
,"Georgetown County, SC","45043","2019","2019","Unintentional","1","Poisoning","GRINJ-015",15,62680,23.9,13.4,39.5
,"Greenville County, SC","45045","2019","2019","Unintentional","1","Fall","GRINJ-003",92,523542,17.6,14.2,21.6
,"Greenville County, SC","45045","2019","2019","Unintentional","1","Motor Vehicle Traffic","GRINJ-008",79,523542,15.1,11.9,18.8
,"Greenville County, SC","45045","2019","2019","Unintentional","1","Poisoning","GRINJ-015",122,523542,23.3,19.2,27.4
,"Greenville County, SC","45045","2019","2019","Unintentional","1","Suffocation","GRINJ-017",12,523542,2.3,1.2,4.0
,"Greenville County, SC","45045","2019","2019","Unintentional","1","Unspecified Injury","GRINJ-020",11,523542,2.1,1.0,3.8
,"Greenville County, SC","45045","2019","2019","Suicide","2","Firearm","GRINJ-006",53,523542,10.1,7.6,13.2
,"Greenville County, SC","45045","2019","2019","Suicide","2","Poisoning","GRINJ-015",12,523542,2.3,1.2,4.0
,"Greenville County, SC","45045","2019","2019","Suicide","2","Suffocation","GRINJ-017",15,523542,2.9,1.6,4.7
,"Greenville County, SC","45045","2019","2019","Homicide","3","Firearm","GRINJ-006",26,523542,5.0,3.2,7.3
,"Greenwood County, SC","45047","2019","2019","Unintentional","1","Motor Vehicle Traffic","GRINJ-008",14,70811,19.8,10.8,33.2
,"Greenwood County, SC","45047","2019","2019","Unintentional","1","Poisoning","GRINJ-015",10,70811,14.1,6.8,26.0
,"Horry County, SC","45051","2019","2019","Unintentional","1","Fall","GRINJ-003",29,354081,8.2,5.5,11.8
,"Horry County, SC","45051","2019","2019","Unintentional","1","Motor Vehicle Traffic","GRINJ-008",67,354081,18.9,14.7,24.0
,"Horry County, SC","45051","2019","2019","Unintentional","1","Poisoning","GRINJ-015",128,354081,36.1,29.9,42.4
,"Horry County, SC","45051","2019","2019","Unintentional","1","Unspecified Injury","GRINJ-020",21,354081,5.9,3.7,9.1
,"Horry County, SC","45051","2019","2019","Suicide","2","Firearm","GRINJ-006",30,354081,8.5,5.7,12.1
,"Horry County, SC","45051","2019","2019","Suicide","2","Suffocation","GRINJ-017",11,354081,3.1,1.6,5.6
,"Horry County, SC","45051","2019","2019","Homicide","3","Firearm","GRINJ-006",13,354081,3.7,2.0,6.3
,"Jasper County, SC","45053","2019","2019","Unintentional","1","Motor Vehicle Traffic","GRINJ-008",16,30073,53.2,30.4,86.4
,"Kershaw County, SC","45055","2019","2019","Unintentional","1","Motor Vehicle Traffic","GRINJ-008",17,66551,25.5,14.9,40.9
,"Kershaw County, SC","45055","2019","2019","Unintentional","1","Poisoning","GRINJ-015",13,66551,19.5,10.4,33.4
,"Kershaw County, SC","45055","2019","2019","Suicide","2","Firearm","GRINJ-006",15,66551,22.5,12.6,37.2
,"Lancaster County, SC","45057","2019","2019","Unintentional","1","Motor Vehicle Traffic","GRINJ-008",19,98012,19.4,11.7,30.3
,"Lancaster County, SC","45057","2019","2019","Unintentional","1","Poisoning","GRINJ-015",39,98012,39.8,28.3,54.4
,"Lancaster County, SC","45057","2019","2019","Suicide","2","Firearm","GRINJ-006",11,98012,11.2,5.6,20.1
,"Laurens County, SC","45059","2019","2019","Unintentional","1","Motor Vehicle Traffic","GRINJ-008",21,67493,31.1,19.3,47.6
,"Laurens County, SC","45059","2019","2019","Unintentional","1","Poisoning","GRINJ-015",13,67493,19.3,10.3,32.9
,"Lexington County, SC","45063","2019","2019","Unintentional","1","Fall","GRINJ-003",50,298750,16.7,12.4,22.1
,"Lexington County, SC","45063","2019","2019","Unintentional","1","Motor Vehicle Traffic","GRINJ-008",54,298750,18.1,13.6,23.6
,"Lexington County, SC","45063","2019","2019","Unintentional","1","Poisoning","GRINJ-015",61,298750,20.4,15.6,26.2
,"Lexington County, SC","45063","2019","2019","Unintentional","1","Suffocation","GRINJ-017",10,298750,3.3,1.6,6.2
,"Lexington County, SC","45063","2019","2019","Unintentional","1","Unspecified Injury","GRINJ-020",10,298750,3.3,1.6,6.2
,"Lexington County, SC","45063","2019","2019","Suicide","2","Firearm","GRINJ-006",33,298750,11.0,7.6,15.5
,"Lexington County, SC","45063","2019","2019","Homicide","3","Firearm","GRINJ-006",15,298750,5.0,2.8,8.3
,"Marion County, SC","45067","2019","2019","Unintentional","1","Motor Vehicle Traffic","GRINJ-008",11,30657,35.9,17.9,64.2
,"Oconee County, SC","45073","2019","2019","Unintentional","1","Fall","GRINJ-003",14,79546,17.6,9.6,29.5
,"Oconee County, SC","45073","2019","2019","Unintentional","1","Motor Vehicle Traffic","GRINJ-008",18,79546,22.6,13.4,35.8
,"Oconee County, SC","45073","2019","2019","Unintentional","1","Poisoning","GRINJ-015",26,79546,32.7,21.4,47.9
,"Orangeburg County, SC","45075","2019","2019","Unintentional","1","Fall","GRINJ-003",14,86175,16.2,8.9,27.3
,"Orangeburg County, SC","45075","2019","2019","Unintentional","1","Motor Vehicle Traffic","GRINJ-008",38,86175,44.1,31.2,60.5
,"Orangeburg County, SC","45075","2019","2019","Unintentional","1","Poisoning","GRINJ-015",16,86175,18.6,10.6,30.2
,"Orangeburg County, SC","45075","2019","2019","Homicide","3","Firearm","GRINJ-006",18,86175,20.9,12.4,33.0
,"Pickens County, SC","45077","2019","2019","Unintentional","1","Fall","GRINJ-003",30,126884,23.6,16.0,33.8
,"Pickens County, SC","45077","2019","2019","Unintentional","1","Motor Vehicle Traffic","GRINJ-008",15,126884,11.8,6.6,19.5
,"Pickens County, SC","45077","2019","2019","Unintentional","1","Poisoning","GRINJ-015",34,126884,26.8,18.6,37.4
,"Pickens County, SC","45077","2019","2019","Suicide","2","Firearm","GRINJ-006",19,126884,15.0,9.0,23.4
,"Richland County, SC","45079","2019","2019","Unintentional","1","Fall","GRINJ-003",24,415759,5.8,3.7,8.6
,"Richland County, SC","45079","2019","2019","Unintentional","1","Motor Vehicle Traffic","GRINJ-008",56,415759,13.5,10.2,17.5
,"Richland County, SC","45079","2019","2019","Unintentional","1","Poisoning","GRINJ-015",72,415759,17.3,13.6,21.8
,"Richland County, SC","45079","2019","2019","Unintentional","1","Suffocation","GRINJ-017",10,415759,2.4,1.2,4.4
,"Richland County, SC","45079","2019","2019","Suicide","2","Firearm","GRINJ-006",33,415759,7.9,5.5,11.1
,"Richland County, SC","45079","2019","2019","Suicide","2","Suffocation","GRINJ-017",18,415759,4.3,2.6,6.8
,"Richland County, SC","45079","2019","2019","Homicide","3","Firearm","GRINJ-006",52,415759,12.5,9.3,16.4
,"Spartanburg County, SC","45083","2019","2019","Unintentional","1","Fall","GRINJ-003",40,319785,12.5,8.9,17.0
,"Spartanburg County, SC","45083","2019","2019","Unintentional","1","Motor Vehicle Traffic","GRINJ-008",56,319785,17.5,13.2,22.7
,"Spartanburg County, SC","45083","2019","2019","Unintentional","1","Poisoning","GRINJ-015",72,319785,22.5,17.6,28.4
,"Spartanburg County, SC","45083","2019","2019","Unintentional","1","Unspecified Injury","GRINJ-020",22,319785,6.9,4.3,10.4
,"Spartanburg County, SC","45083","2019","2019","Suicide","2","Firearm","GRINJ-006",39,319785,12.2,8.7,16.7
,"Spartanburg County, SC","45083","2019","2019","Suicide","2","Suffocation","GRINJ-017",10,319785,3.1,1.5,5.8
,"Spartanburg County, SC","45083","2019","2019","Homicide","3","Firearm","GRINJ-006",28,319785,8.8,5.8,12.7
,"Sumter County, SC","45085","2019","2019","Unintentional","1","Fall","GRINJ-003",13,106721,12.2,6.5,20.8
,"Sumter County, SC","45085","2019","2019","Unintentional","1","Motor Vehicle Traffic","GRINJ-008",22,106721,20.6,12.9,31.2
,"Sumter County, SC","45085","2019","2019","Unintentional","1","Poisoning","GRINJ-015",25,106721,23.4,15.2,34.6
,"Sumter County, SC","45085","2019","2019","Suicide","2","Firearm","GRINJ-006",10,106721,9.4,4.5,17.2
,"Sumter County, SC","45085","2019","2019","Homicide","3","Firearm","GRINJ-006",13,106721,12.2,6.5,20.8
,"Williamsburg County, SC","45089","2019","2019","Unintentional","1","Motor Vehicle Traffic","GRINJ-008",10,30368,32.9,15.8,60.6
,"Williamsburg County, SC","45089","2019","2019","Homicide","3","Firearm","GRINJ-006",11,30368,36.2,18.1,64.8
,"York County, SC","45091","2019","2019","Unintentional","1","Fall","GRINJ-003",71,280979,25.3,19.7,31.9
,"York County, SC","45091","2019","2019","Unintentional","1","Motor Vehicle Traffic","GRINJ-008",52,280979,18.5,13.8,24.3
,"York County, SC","45091","2019","2019","Unintentional","1","Poisoning","GRINJ-015",61,280979,21.7,16.6,27.9
,"York County, SC","45091","2019","2019","Unintentional","1","Suffocation","GRINJ-017",24,280979,8.5,5.5,12.7
,"York County, SC","45091","2019","2019","Suicide","2","Firearm","GRINJ-006",29,280979,10.3,6.9,14.8
,"York County, SC","45091","2019","2019","Suicide","2","Suffocation","GRINJ-017",12,280979,4.3,2.2,7.5
,"York County, SC","45091","2019","2019","Homicide","3","Firearm","GRINJ-006",12,280979,4.3,2.2,7.5
,"Brown County, SD","46013","2019","2019","Unintentional","1","Fall","GRINJ-003",11,38839,28.3,14.1,50.7
,"Minnehaha County, SD","46099","2019","2019","Unintentional","1","Fall","GRINJ-003",42,193134,21.7,15.7,29.4
,"Minnehaha County, SD","46099","2019","2019","Unintentional","1","Motor Vehicle Traffic","GRINJ-008",22,193134,11.4,7.1,17.2
,"Minnehaha County, SD","46099","2019","2019","Unintentional","1","Poisoning","GRINJ-015",27,193134,14.0,9.2,20.3
,"Minnehaha County, SD","46099","2019","2019","Suicide","2","Firearm","GRINJ-006",13,193134,6.7,3.6,11.5
,"Minnehaha County, SD","46099","2019","2019","Suicide","2","Suffocation","GRINJ-017",12,193134,6.2,3.2,10.9
,"Pennington County, SD","46103","2019","2019","Unintentional","1","Fall","GRINJ-003",30,113775,26.4,17.8,37.6
,"Pennington County, SD","46103","2019","2019","Unintentional","1","Motor Vehicle Traffic","GRINJ-008",17,113775,14.9,8.7,23.9
,"Pennington County, SD","46103","2019","2019","Unintentional","1","Poisoning","GRINJ-015",10,113775,8.8,4.2,16.2
,"Pennington County, SD","46103","2019","2019","Suicide","2","Firearm","GRINJ-006",19,113775,16.7,10.1,26.1
,"Todd County, SD","46121","2019","2019","Unintentional","1","Motor Vehicle Traffic","GRINJ-008",10,10177,98.3,47.1,180.7
,"Anderson County, TN","47001","2019","2019","Unintentional","1","Fall","GRINJ-003",11,76978,14.3,7.1,25.6
,"Anderson County, TN","47001","2019","2019","Unintentional","1","Poisoning","GRINJ-015",30,76978,39.0,26.3,55.6
,"Anderson County, TN","47001","2019","2019","Suicide","2","Firearm","GRINJ-006",14,76978,18.2,9.9,30.5
,"Bedford County, TN","47003","2019","2019","Unintentional","1","Poisoning","GRINJ-015",16,49713,32.2,18.4,52.3
,"Blount County, TN","47009","2019","2019","Unintentional","1","Fall","GRINJ-003",14,133088,10.5,5.8,17.6
,"Blount County, TN","47009","2019","2019","Unintentional","1","Motor Vehicle Traffic","GRINJ-008",23,133088,17.3,11.0,25.9
,"Blount County, TN","47009","2019","2019","Unintentional","1","Poisoning","GRINJ-015",46,133088,34.6,25.3,46.1
,"Blount County, TN","47009","2019","2019","Unintentional","1","Unspecified Injury","GRINJ-020",12,133088,9.0,4.7,15.8
,"Blount County, TN","47009","2019","2019","Suicide","2","Firearm","GRINJ-006",12,133088,9.0,4.7,15.8
,"Bradley County, TN","47011","2019","2019","Unintentional","1","Fall","GRINJ-003",16,108110,14.8,8.5,24.0
,"Bradley County, TN","47011","2019","2019","Unintentional","1","Motor Vehicle Traffic","GRINJ-008",12,108110,11.1,5.7,19.4
,"Bradley County, TN","47011","2019","2019","Unintentional","1","Poisoning","GRINJ-015",21,108110,19.4,12.0,29.7
,"Bradley County, TN","47011","2019","2019","Suicide","2","Firearm","GRINJ-006",10,108110,9.2,4.4,17.0
,"Campbell County, TN","47013","2019","2019","Unintentional","1","Poisoning","GRINJ-015",12,39842,30.1,15.6,52.6
,"Campbell County, TN","47013","2019","2019","Suicide","2","Firearm","GRINJ-006",10,39842,25.1,12.0,46.2
,"Carter County, TN","47019","2019","2019","Unintentional","1","Fall","GRINJ-003",17,56391,30.1,17.6,48.3
,"Carter County, TN","47019","2019","2019","Unintentional","1","Motor Vehicle Traffic","GRINJ-008",11,56391,19.5,9.7,34.9
,"Carter County, TN","47019","2019","2019","Unintentional","1","Poisoning","GRINJ-015",13,56391,23.1,12.3,39.4
,"Cheatham County, TN","47021","2019","2019","Unintentional","1","Motor Vehicle Traffic","GRINJ-008",13,40667,32.0,17.0,54.7
,"Cheatham County, TN","47021","2019","2019","Unintentional","1","Poisoning","GRINJ-015",28,40667,68.9,45.8,99.5
,"Coffee County, TN","47031","2019","2019","Unintentional","1","Poisoning","GRINJ-015",16,56520,28.3,16.2,46.0
,"Coffee County, TN","47031","2019","2019","Suicide","2","Firearm","GRINJ-006",11,56520,19.5,9.7,34.8
,"Cumberland County, TN","47035","2019","2019","Unintentional","1","Motor Vehicle Traffic","GRINJ-008",11,60520,18.2,9.1,32.5
,"Cumberland County, TN","47035","2019","2019","Unintentional","1","Poisoning","GRINJ-015",13,60520,21.5,11.4,36.7
,"Cumberland County, TN","47035","2019","2019","Suicide","2","Firearm","GRINJ-006",11,60520,18.2,9.1,32.5
,"Davidson County, TN","47037","2019","2019","Unintentional","1","Fall","GRINJ-003",105,694144,15.1,12.2,18.0
,"Davidson County, TN","47037","2019","2019","Unintentional","1","Motor Vehicle Traffic","GRINJ-008",97,694144,14.0,11.3,17.0
,"Davidson County, TN","47037","2019","2019","Unintentional","1","Poisoning","GRINJ-015",322,694144,46.4,41.3,51.5
,"Davidson County, TN","47037","2019","2019","Unintentional","1","Suffocation","GRINJ-017",12,694144,1.7,0.9,3.0
,"Davidson County, TN","47037","2019","2019","Suicide","2","Firearm","GRINJ-006",39,694144,5.6,4.0,7.7
,"Davidson County, TN","47037","2019","2019","Suicide","2","Poisoning","GRINJ-015",15,694144,2.2,1.2,3.6
,"Davidson County, TN","47037","2019","2019","Suicide","2","Suffocation","GRINJ-017",27,694144,3.9,2.6,5.7
,"Davidson County, TN","47037","2019","2019","Homicide","3","Firearm","GRINJ-006",59,694144,8.5,6.5,11.0
,"Davidson County, TN","47037","2019","2019","Undetermined ","4","Poisoning","GRINJ-015",10,694144,1.4,0.7,2.6
,"Dickson County, TN","47043","2019","2019","Unintentional","1","Fall","GRINJ-003",10,53948,18.5,8.9,34.1
,"Dickson County, TN","47043","2019","2019","Unintentional","1","Motor Vehicle Traffic","GRINJ-008",11,53948,20.4,10.2,36.5
,"Dickson County, TN","47043","2019","2019","Unintentional","1","Poisoning","GRINJ-015",26,53948,48.2,31.5,70.6
,"Dickson County, TN","47043","2019","2019","Suicide","2","Firearm","GRINJ-006",10,53948,18.5,8.9,34.1
,"Fayette County, TN","47047","2019","2019","Unintentional","1","Motor Vehicle Traffic","GRINJ-008",14,41133,34.0,18.6,57.1
,"Franklin County, TN","47051","2019","2019","Unintentional","1","Poisoning","GRINJ-015",10,42208,23.7,11.4,43.6
,"Gibson County, TN","47053","2019","2019","Unintentional","1","Motor Vehicle Traffic","GRINJ-008",10,49133,20.4,9.8,37.4
,"Gibson County, TN","47053","2019","2019","Unintentional","1","Poisoning","GRINJ-015",11,49133,22.4,11.2,40.1
,"Giles County, TN","47055","2019","2019","Unintentional","1","Motor Vehicle Traffic","GRINJ-008",11,29464,37.3,18.6,66.8
,"Greene County, TN","47059","2019","2019","Unintentional","1","Fall","GRINJ-003",12,69069,17.4,9.0,30.3
,"Greene County, TN","47059","2019","2019","Unintentional","1","Poisoning","GRINJ-015",18,69069,26.1,15.4,41.2
,"Hamblen County, TN","47063","2019","2019","Unintentional","1","Poisoning","GRINJ-015",17,64934,26.2,15.3,41.9
,"Hamilton County, TN","47065","2019","2019","Unintentional","1","Fall","GRINJ-003",44,367804,12.0,8.7,16.1
,"Hamilton County, TN","47065","2019","2019","Unintentional","1","Motor Vehicle Traffic","GRINJ-008",51,367804,13.9,10.3,18.2
,"Hamilton County, TN","47065","2019","2019","Unintentional","1","Poisoning","GRINJ-015",95,367804,25.8,20.9,31.6
,"Hamilton County, TN","47065","2019","2019","Unintentional","1","Suffocation","GRINJ-017",10,367804,2.7,1.3,5.0
,"Hamilton County, TN","47065","2019","2019","Suicide","2","Firearm","GRINJ-006",38,367804,10.3,7.3,14.2
,"Hamilton County, TN","47065","2019","2019","Suicide","2","Suffocation","GRINJ-017",17,367804,4.6,2.7,7.4
,"Hamilton County, TN","47065","2019","2019","Homicide","3","Firearm","GRINJ-006",27,367804,7.3,4.8,10.7
,"Hawkins County, TN","47073","2019","2019","Unintentional","1","Motor Vehicle Traffic","GRINJ-008",14,56786,24.7,13.5,41.4
,"Hawkins County, TN","47073","2019","2019","Unintentional","1","Poisoning","GRINJ-015",11,56786,19.4,9.7,34.7
,"Hawkins County, TN","47073","2019","2019","Suicide","2","Firearm","GRINJ-006",13,56786,22.9,12.2,39.1
,"Henry County, TN","47079","2019","2019","Unintentional","1","Motor Vehicle Traffic","GRINJ-008",10,32345,30.9,14.8,56.9
,"Henry County, TN","47079","2019","2019","Unintentional","1","Poisoning","GRINJ-015",13,32345,40.2,21.4,68.7
,"Hickman County, TN","47081","2019","2019","Unintentional","1","Poisoning","GRINJ-015",11,25178,43.7,21.8,78.2
,"Jefferson County, TN","47089","2019","2019","Unintentional","1","Poisoning","GRINJ-015",12,54495,22.0,11.4,38.5
,"Jefferson County, TN","47089","2019","2019","Suicide","2","Firearm","GRINJ-006",10,54495,18.4,8.8,33.7
,"Knox County, TN","47093","2019","2019","Unintentional","1","Fall","GRINJ-003",92,470313,19.6,15.8,24.0
,"Knox County, TN","47093","2019","2019","Unintentional","1","Motor Vehicle Traffic","GRINJ-008",59,470313,12.5,9.5,16.2
,"Knox County, TN","47093","2019","2019","Unintentional","1","Poisoning","GRINJ-015",217,470313,46.1,40.0,52.3
,"Knox County, TN","47093","2019","2019","Unintentional","1","Suffocation","GRINJ-017",15,470313,3.2,1.8,5.3
,"Knox County, TN","47093","2019","2019","Unintentional","1","Unspecified Injury","GRINJ-020",16,470313,3.4,1.9,5.5
,"Knox County, TN","47093","2019","2019","Suicide","2","Firearm","GRINJ-006",43,470313,9.1,6.6,12.3
,"Knox County, TN","47093","2019","2019","Suicide","2","Suffocation","GRINJ-017",25,470313,5.3,3.4,7.8
,"Knox County, TN","47093","2019","2019","Homicide","3","Firearm","GRINJ-006",20,470313,4.3,2.6,6.6
,"Lawrence County, TN","47099","2019","2019","Unintentional","1","Poisoning","GRINJ-015",12,44142,27.2,14.0,47.5
,"Lincoln County, TN","47103","2019","2019","Unintentional","1","Motor Vehicle Traffic","GRINJ-008",10,34366,29.1,14.0,53.5
,"Loudon County, TN","47105","2019","2019","Unintentional","1","Fall","GRINJ-003",11,54068,20.3,10.2,36.4
,"Loudon County, TN","47105","2019","2019","Unintentional","1","Poisoning","GRINJ-015",18,54068,33.3,19.7,52.6
,"McMinn County, TN","47107","2019","2019","Unintentional","1","Motor Vehicle Traffic","GRINJ-008",10,53794,18.6,8.9,34.2
,"McMinn County, TN","47107","2019","2019","Unintentional","1","Poisoning","GRINJ-015",12,53794,22.3,11.5,39.0
,"Madison County, TN","47113","2019","2019","Unintentional","1","Motor Vehicle Traffic","GRINJ-008",21,97984,21.4,13.3,32.8
,"Madison County, TN","47113","2019","2019","Homicide","3","Firearm","GRINJ-006",16,97984,16.3,9.3,26.5
,"Maury County, TN","47119","2019","2019","Unintentional","1","Fall","GRINJ-003",13,96387,13.5,7.2,23.1
,"Maury County, TN","47119","2019","2019","Unintentional","1","Motor Vehicle Traffic","GRINJ-008",18,96387,18.7,11.1,29.5
,"Maury County, TN","47119","2019","2019","Unintentional","1","Poisoning","GRINJ-015",28,96387,29.0,19.3,42.0
,"Maury County, TN","47119","2019","2019","Suicide","2","Firearm","GRINJ-006",11,96387,11.4,5.7,20.4
,"Monroe County, TN","47123","2019","2019","Unintentional","1","Poisoning","GRINJ-015",17,46545,36.5,21.3,58.5
,"Montgomery County, TN","47125","2019","2019","Unintentional","1","Fall","GRINJ-003",17,208993,8.1,4.7,13.0
,"Montgomery County, TN","47125","2019","2019","Unintentional","1","Motor Vehicle Traffic","GRINJ-008",31,208993,14.8,10.1,21.1
,"Montgomery County, TN","47125","2019","2019","Unintentional","1","Poisoning","GRINJ-015",72,208993,34.5,27.0,43.4
,"Montgomery County, TN","47125","2019","2019","Suicide","2","Firearm","GRINJ-006",19,208993,9.1,5.5,14.2
,"Montgomery County, TN","47125","2019","2019","Suicide","2","Suffocation","GRINJ-017",10,208993,4.8,2.3,8.8
,"Montgomery County, TN","47125","2019","2019","Homicide","3","Firearm","GRINJ-006",18,208993,8.6,5.1,13.6
,"Morgan County, TN","47129","2019","2019","Unintentional","1","Poisoning","GRINJ-015",10,21403,46.7,22.4,85.9
,"Putnam County, TN","47141","2019","2019","Unintentional","1","Motor Vehicle Traffic","GRINJ-008",16,80245,19.9,11.4,32.4
,"Putnam County, TN","47141","2019","2019","Unintentional","1","Poisoning","GRINJ-015",14,80245,17.4,9.5,29.3
,"Putnam County, TN","47141","2019","2019","Suicide","2","Firearm","GRINJ-006",11,80245,13.7,6.8,24.5
,"Rhea County, TN","47143","2019","2019","Unintentional","1","Poisoning","GRINJ-015",14,33167,42.2,23.1,70.8
,"Roane County, TN","47145","2019","2019","Unintentional","1","Fall","GRINJ-003",16,53382,30.0,17.1,48.7
,"Roane County, TN","47145","2019","2019","Unintentional","1","Motor Vehicle Traffic","GRINJ-008",12,53382,22.5,11.6,39.3
,"Roane County, TN","47145","2019","2019","Unintentional","1","Poisoning","GRINJ-015",14,53382,26.2,14.3,44.0
,"Robertson County, TN","47147","2019","2019","Unintentional","1","Poisoning","GRINJ-015",25,71813,34.8,22.5,51.4
,"Robertson County, TN","47147","2019","2019","Suicide","2","Firearm","GRINJ-006",12,71813,16.7,8.6,29.2
,"Rutherford County, TN","47149","2019","2019","Unintentional","1","Fall","GRINJ-003",20,332285,6.0,3.7,9.3
,"Rutherford County, TN","47149","2019","2019","Unintentional","1","Motor Vehicle Traffic","GRINJ-008",37,332285,11.1,7.8,15.3
,"Rutherford County, TN","47149","2019","2019","Unintentional","1","Poisoning","GRINJ-015",96,332285,28.9,23.4,35.3
,"Rutherford County, TN","47149","2019","2019","Unintentional","1","Unspecified Injury","GRINJ-020",11,332285,3.3,1.7,5.9
,"Rutherford County, TN","47149","2019","2019","Suicide","2","Firearm","GRINJ-006",31,332285,9.3,6.3,13.2
,"Rutherford County, TN","47149","2019","2019","Suicide","2","Suffocation","GRINJ-017",12,332285,3.6,1.9,6.3
,"Rutherford County, TN","47149","2019","2019","Homicide","3","Firearm","GRINJ-006",16,332285,4.8,2.8,7.8
,"Sevier County, TN","47155","2019","2019","Unintentional","1","Fall","GRINJ-003",14,98250,14.2,7.8,23.9
,"Sevier County, TN","47155","2019","2019","Unintentional","1","Motor Vehicle Traffic","GRINJ-008",20,98250,20.4,12.4,31.4
,"Sevier County, TN","47155","2019","2019","Unintentional","1","Poisoning","GRINJ-015",36,98250,36.6,25.7,50.7
,"Sevier County, TN","47155","2019","2019","Suicide","2","Firearm","GRINJ-006",16,98250,16.3,9.3,26.4
,"Shelby County, TN","47157","2019","2019","Unintentional","1","Fall","GRINJ-003",78,937166,8.3,6.6,10.4
,"Shelby County, TN","47157","2019","2019","Unintentional","1","Motor Vehicle Traffic","GRINJ-008",167,937166,17.8,15.1,20.5
,"Shelby County, TN","47157","2019","2019","Unintentional","1","Poisoning","GRINJ-015",259,937166,27.6,24.3,31.0
,"Shelby County, TN","47157","2019","2019","Unintentional","1","Suffocation","GRINJ-017",23,937166,2.5,1.6,3.7
,"Shelby County, TN","47157","2019","2019","Unintentional","1","Unspecified Injury","GRINJ-020",21,937166,2.2,1.4,3.4
,"Shelby County, TN","47157","2019","2019","Suicide","2","Firearm","GRINJ-006",71,937166,7.6,5.9,9.6
,"Shelby County, TN","47157","2019","2019","Suicide","2","Poisoning","GRINJ-015",13,937166,1.4,0.7,2.4
,"Shelby County, TN","47157","2019","2019","Suicide","2","Suffocation","GRINJ-017",22,937166,2.3,1.5,3.6
,"Shelby County, TN","47157","2019","2019","Homicide","3","Cut/Pierce","GRINJ-001",11,937166,1.2,0.6,2.1
,"Shelby County, TN","47157","2019","2019","Homicide","3","Firearm","GRINJ-006",202,937166,21.6,18.6,24.5
,"Shelby County, TN","47157","2019","2019","Undetermined ","4","Poisoning","GRINJ-015",15,937166,1.6,0.9,2.6
,"Sullivan County, TN","47163","2019","2019","Unintentional","1","Fall","GRINJ-003",37,158348,23.4,16.5,32.2
,"Sullivan County, TN","47163","2019","2019","Unintentional","1","Motor Vehicle Traffic","GRINJ-008",30,158348,18.9,12.8,27.0
,"Sullivan County, TN","47163","2019","2019","Unintentional","1","Poisoning","GRINJ-015",19,158348,12.0,7.2,18.7
,"Sullivan County, TN","47163","2019","2019","Suicide","2","Firearm","GRINJ-006",19,158348,12.0,7.2,18.7
,"Sullivan County, TN","47163","2019","2019","Suicide","2","Suffocation","GRINJ-017",10,158348,6.3,3.0,11.6
,"Sumner County, TN","47165","2019","2019","Unintentional","1","Fall","GRINJ-003",17,191283,8.9,5.2,14.2
,"Sumner County, TN","47165","2019","2019","Unintentional","1","Motor Vehicle Traffic","GRINJ-008",21,191283,11.0,6.8,16.8
,"Sumner County, TN","47165","2019","2019","Unintentional","1","Poisoning","GRINJ-015",45,191283,23.5,17.2,31.5
,"Sumner County, TN","47165","2019","2019","Suicide","2","Firearm","GRINJ-006",18,191283,9.4,5.6,14.9
,"Tipton County, TN","47167","2019","2019","Unintentional","1","Motor Vehicle Traffic","GRINJ-008",14,61599,22.7,12.4,38.1
,"Tipton County, TN","47167","2019","2019","Unintentional","1","Poisoning","GRINJ-015",17,61599,27.6,16.1,44.2
,"Washington County, TN","47179","2019","2019","Unintentional","1","Fall","GRINJ-003",23,129375,17.8,11.3,26.7
,"Washington County, TN","47179","2019","2019","Unintentional","1","Motor Vehicle Traffic","GRINJ-008",19,129375,14.7,8.8,22.9
,"Washington County, TN","47179","2019","2019","Unintentional","1","Poisoning","GRINJ-015",22,129375,17.0,10.7,25.7
,"Washington County, TN","47179","2019","2019","Suicide","2","Firearm","GRINJ-006",18,129375,13.9,8.2,22.0
,"Washington County, TN","47179","2019","2019","Suicide","2","Poisoning","GRINJ-015",10,129375,7.7,3.7,14.2
,"White County, TN","47185","2019","2019","Unintentional","1","Poisoning","GRINJ-015",12,27345,43.9,22.7,76.7
,"Williamson County, TN","47187","2019","2019","Unintentional","1","Fall","GRINJ-003",25,238412,10.5,6.8,15.5
,"Williamson County, TN","47187","2019","2019","Unintentional","1","Motor Vehicle Traffic","GRINJ-008",16,238412,6.7,3.8,10.9
,"Williamson County, TN","47187","2019","2019","Unintentional","1","Poisoning","GRINJ-015",37,238412,15.5,10.9,21.4
,"Williamson County, TN","47187","2019","2019","Suicide","2","Firearm","GRINJ-006",20,238412,8.4,5.1,13.0
,"Wilson County, TN","47189","2019","2019","Unintentional","1","Fall","GRINJ-003",23,144657,15.9,10.1,23.9
,"Wilson County, TN","47189","2019","2019","Unintentional","1","Motor Vehicle Traffic","GRINJ-008",21,144657,14.5,9.0,22.2
,"Wilson County, TN","47189","2019","2019","Unintentional","1","Poisoning","GRINJ-015",53,144657,36.6,27.4,47.9
,"Wilson County, TN","47189","2019","2019","Suicide","2","Firearm","GRINJ-006",18,144657,12.4,7.4,19.7
,"Anderson County, TX","48001","2019","2019","Unintentional","1","Motor Vehicle Traffic","GRINJ-008",11,57735,19.1,9.5,34.1
,"Anderson County, TX","48001","2019","2019","Suicide","2","Suffocation","GRINJ-017",13,57735,22.5,12.0,38.5
,"Angelina County, TX","48005","2019","2019","Unintentional","1","Motor Vehicle Traffic","GRINJ-008",20,86715,23.1,14.1,35.6
,"Bastrop County, TX","48021","2019","2019","Unintentional","1","Fall","GRINJ-003",12,88723,13.5,7.0,23.6
,"Bastrop County, TX","48021","2019","2019","Unintentional","1","Motor Vehicle Traffic","GRINJ-008",29,88723,32.7,21.9,46.9
,"Bastrop County, TX","48021","2019","2019","Unintentional","1","Poisoning","GRINJ-015",10,88723,11.3,5.4,20.7
,"Bee County, TX","48025","2019","2019","Unintentional","1","Motor Vehicle Traffic","GRINJ-008",10,32565,30.7,14.7,56.5
,"Bell County, TX","48027","2019","2019","Unintentional","1","Fall","GRINJ-003",28,362924,7.7,5.1,11.2
,"Bell County, TX","48027","2019","2019","Unintentional","1","Motor Vehicle Traffic","GRINJ-008",59,362924,16.3,12.4,21.0
,"Bell County, TX","48027","2019","2019","Unintentional","1","Poisoning","GRINJ-015",27,362924,7.4,4.9,10.8
,"Bell County, TX","48027","2019","2019","Unintentional","1","Unspecified Injury","GRINJ-020",11,362924,3.0,1.5,5.4
,"Bell County, TX","48027","2019","2019","Suicide","2","Firearm","GRINJ-006",40,362924,11.0,7.9,15.0
,"Bell County, TX","48027","2019","2019","Suicide","2","Suffocation","GRINJ-017",21,362924,5.8,3.6,8.8
,"Bell County, TX","48027","2019","2019","Homicide","3","Firearm","GRINJ-006",19,362924,5.2,3.2,8.2
,"Bexar County, TX","48029","2019","2019","Unintentional","1","Drowning","GRINJ-002",13,2003554,0.6,0.3,1.1
,"Bexar County, TX","48029","2019","2019","Unintentional","1","Fall","GRINJ-003",225,2003554,11.2,9.8,12.7
,"Bexar County, TX","48029","2019","2019","Unintentional","1","Motor Vehicle Traffic","GRINJ-008",212,2003554,10.6,9.2,12.0
,"Bexar County, TX","48029","2019","2019","Unintentional","1","Other Pedestrian","GRINJ-010",10,2003554,0.5,0.2,0.9
,"Bexar County, TX","48029","2019","2019","Unintentional","1","Natural/Environmental","GRINJ-013",10,2003554,0.5,0.2,0.9
,"Bexar County, TX","48029","2019","2019","Unintentional","1","Poisoning","GRINJ-015",256,2003554,12.8,11.2,14.3
,"Bexar County, TX","48029","2019","2019","Unintentional","1","Suffocation","GRINJ-017",26,2003554,1.3,0.8,1.9
,"Bexar County, TX","48029","2019","2019","Unintentional","1","Other specified, classifiable Injury","GRINJ-018",10,2003554,0.5,0.2,0.9
,"Bexar County, TX","48029","2019","2019","Unintentional","1","Other specified, not elsewhere classified Injury","GRINJ-019",10,2003554,0.5,0.2,0.9
,"Bexar County, TX","48029","2019","2019","Unintentional","1","Unspecified Injury","GRINJ-020",19,2003554,0.9,0.6,1.5
,"Bexar County, TX","48029","2019","2019","Suicide","2","Firearm","GRINJ-006",131,2003554,6.5,5.4,7.7
,"Bexar County, TX","48029","2019","2019","Suicide","2","Poisoning","GRINJ-015",14,2003554,0.7,0.4,1.2
,"Bexar County, TX","48029","2019","2019","Suicide","2","Suffocation","GRINJ-017",85,2003554,4.2,3.4,5.2
,"Bexar County, TX","48029","2019","2019","Homicide","3","Cut/Pierce","GRINJ-001",14,2003554,0.7,0.4,1.2
,"Bexar County, TX","48029","2019","2019","Homicide","3","Firearm","GRINJ-006",111,2003554,5.5,4.5,6.6
,"Bexar County, TX","48029","2019","2019","Undetermined ","4","Poisoning","GRINJ-015",11,2003554,0.5,0.3,1.0
,"Bowie County, TX","48037","2019","2019","Unintentional","1","Motor Vehicle Traffic","GRINJ-008",11,93245,11.8,5.9,21.1
,"Bowie County, TX","48037","2019","2019","Suicide","2","Firearm","GRINJ-006",15,93245,16.1,9.0,26.5
,"Brazoria County, TX","48039","2019","2019","Unintentional","1","Fall","GRINJ-003",18,374264,4.8,2.9,7.6
,"Brazoria County, TX","48039","2019","2019","Unintentional","1","Motor Vehicle Traffic","GRINJ-008",53,374264,14.2,10.6,18.5
,"Brazoria County, TX","48039","2019","2019","Unintentional","1","Poisoning","GRINJ-015",37,374264,9.9,7.0,13.6
,"Brazoria County, TX","48039","2019","2019","Suicide","2","Firearm","GRINJ-006",26,374264,6.9,4.5,10.2
,"Brazoria County, TX","48039","2019","2019","Homicide","3","Firearm","GRINJ-006",14,374264,3.7,2.0,6.3
,"Brazos County, TX","48041","2019","2019","Unintentional","1","Fall","GRINJ-003",10,229211,4.4,2.1,8.0
,"Brazos County, TX","48041","2019","2019","Unintentional","1","Motor Vehicle Traffic","GRINJ-008",16,229211,7.0,4.0,11.3
,"Brazos County, TX","48041","2019","2019","Unintentional","1","Poisoning","GRINJ-015",13,229211,5.7,3.0,9.7
,"Brazos County, TX","48041","2019","2019","Suicide","2","Firearm","GRINJ-006",13,229211,5.7,3.0,9.7
,"Burnet County, TX","48053","2019","2019","Unintentional","1","Motor Vehicle Traffic","GRINJ-008",12,48155,24.9,12.9,43.5
,"Cameron County, TX","48061","2019","2019","Unintentional","1","Fall","GRINJ-003",12,423163,2.8,1.5,5.0
,"Cameron County, TX","48061","2019","2019","Unintentional","1","Motor Vehicle Traffic","GRINJ-008",29,423163,6.9,4.6,9.8
,"Cameron County, TX","48061","2019","2019","Unintentional","1","Poisoning","GRINJ-015",26,423163,6.1,4.0,9.0
,"Cameron County, TX","48061","2019","2019","Suicide","2","Firearm","GRINJ-006",20,423163,4.7,2.9,7.3
,"Cass County, TX","48067","2019","2019","Unintentional","1","Motor Vehicle Traffic","GRINJ-008",11,30026,36.6,18.3,65.6
,"Chambers County, TX","48071","2019","2019","Unintentional","1","Poisoning","GRINJ-015",10,43837,22.8,10.9,42.0
,"Cherokee County, TX","48073","2019","2019","Unintentional","1","Motor Vehicle Traffic","GRINJ-008",13,52646,24.7,13.1,42.2
,"Collin County, TX","48085","2019","2019","Unintentional","1","Drowning","GRINJ-002",16,1034730,1.5,0.9,2.5
,"Collin County, TX","48085","2019","2019","Unintentional","1","Fall","GRINJ-003",64,1034730,6.2,4.8,7.9
,"Collin County, TX","48085","2019","2019","Unintentional","1","Motor Vehicle Traffic","GRINJ-008",64,1034730,6.2,4.8,7.9
,"Collin County, TX","48085","2019","2019","Unintentional","1","Poisoning","GRINJ-015",62,1034730,6.0,4.6,7.7
,"Collin County, TX","48085","2019","2019","Suicide","2","Firearm","GRINJ-006",64,1034730,6.2,4.8,7.9
,"Collin County, TX","48085","2019","2019","Suicide","2","Poisoning","GRINJ-015",16,1034730,1.5,0.9,2.5
,"Collin County, TX","48085","2019","2019","Suicide","2","Suffocation","GRINJ-017",20,1034730,1.9,1.2,3.0
,"Comal County, TX","48091","2019","2019","Unintentional","1","Fall","GRINJ-003",12,156209,7.7,4.0,13.4
,"Comal County, TX","48091","2019","2019","Unintentional","1","Motor Vehicle Traffic","GRINJ-008",21,156209,13.4,8.3,20.5
,"Comal County, TX","48091","2019","2019","Unintentional","1","Poisoning","GRINJ-015",13,156209,8.3,4.4,14.2
,"Comal County, TX","48091","2019","2019","Suicide","2","Firearm","GRINJ-006",24,156209,15.4,9.8,22.9
,"Comal County, TX","48091","2019","2019","Suicide","2","Suffocation","GRINJ-017",14,156209,9.0,4.9,15.0
,"Coryell County, TX","48099","2019","2019","Unintentional","1","Motor Vehicle Traffic","GRINJ-008",10,75951,13.2,6.3,24.2
,"Dallas County, TX","48113","2019","2019","Unintentional","1","Drowning","GRINJ-002",29,2635516,1.1,0.7,1.6
,"Dallas County, TX","48113","2019","2019","Unintentional","1","Fall","GRINJ-003",180,2635516,6.8,5.8,7.8
,"Dallas County, TX","48113","2019","2019","Unintentional","1","Fire/Flame","GRINJ-004",11,2635516,0.4,0.2,0.7
,"Dallas County, TX","48113","2019","2019","Unintentional","1","Motor Vehicle Traffic","GRINJ-008",300,2635516,11.4,10.1,12.7
,"Dallas County, TX","48113","2019","2019","Unintentional","1","Other transport","GRINJ-012",12,2635516,0.5,0.2,0.8
,"Dallas County, TX","48113","2019","2019","Unintentional","1","Natural/Environmental","GRINJ-013",20,2635516,0.8,0.5,1.2
,"Dallas County, TX","48113","2019","2019","Unintentional","1","Poisoning","GRINJ-015",332,2635516,12.6,11.2,14.0
,"Dallas County, TX","48113","2019","2019","Unintentional","1","Suffocation","GRINJ-017",39,2635516,1.5,1.1,2.0
,"Dallas County, TX","48113","2019","2019","Unintentional","1","Other specified, classifiable Injury","GRINJ-018",12,2635516,0.5,0.2,0.8
,"Dallas County, TX","48113","2019","2019","Unintentional","1","Other specified, not elsewhere classified Injury","GRINJ-019",10,2635516,0.4,0.2,0.7
,"Dallas County, TX","48113","2019","2019","Unintentional","1","Unspecified Injury","GRINJ-020",35,2635516,1.3,0.9,1.8
,"Dallas County, TX","48113","2019","2019","Suicide","2","Firearm","GRINJ-006",159,2635516,6.0,5.1,7.0
,"Dallas County, TX","48113","2019","2019","Suicide","2","Poisoning","GRINJ-015",37,2635516,1.4,1.0,1.9
,"Dallas County, TX","48113","2019","2019","Suicide","2","Suffocation","GRINJ-017",70,2635516,2.7,2.1,3.4
,"Dallas County, TX","48113","2019","2019","Homicide","3","Cut/Pierce","GRINJ-001",18,2635516,0.7,0.4,1.1
,"Dallas County, TX","48113","2019","2019","Homicide","3","Firearm","GRINJ-006",195,2635516,7.4,6.4,8.4
,"Dallas County, TX","48113","2019","2019","Homicide","3","Unspecified Injury","GRINJ-020",18,2635516,0.7,0.4,1.1
,"Denton County, TX","48121","2019","2019","Unintentional","1","Drowning","GRINJ-002",10,887207,1.1,0.5,2.1
,"Denton County, TX","48121","2019","2019","Unintentional","1","Fall","GRINJ-003",51,887207,5.7,4.3,7.6
,"Denton County, TX","48121","2019","2019","Unintentional","1","Motor Vehicle Traffic","GRINJ-008",59,887207,6.7,5.1,8.6
,"Denton County, TX","48121","2019","2019","Unintentional","1","Poisoning","GRINJ-015",60,887207,6.8,5.2,8.7
,"Denton County, TX","48121","2019","2019","Unintentional","1","Suffocation","GRINJ-017",16,887207,1.8,1.0,2.9
,"Denton County, TX","48121","2019","2019","Suicide","2","Firearm","GRINJ-006",61,887207,6.9,5.3,8.8
,"Denton County, TX","48121","2019","2019","Suicide","2","Poisoning","GRINJ-015",14,887207,1.6,0.9,2.6
,"Denton County, TX","48121","2019","2019","Suicide","2","Suffocation","GRINJ-017",30,887207,3.4,2.3,4.8
,"Denton County, TX","48121","2019","2019","Homicide","3","Firearm","GRINJ-006",14,887207,1.6,0.9,2.6
,"Ector County, TX","48135","2019","2019","Unintentional","1","Motor Vehicle Traffic","GRINJ-008",56,166223,33.7,25.4,43.7
,"Ector County, TX","48135","2019","2019","Unintentional","1","Poisoning","GRINJ-015",30,166223,18.0,12.2,25.8
,"Ector County, TX","48135","2019","2019","Suicide","2","Firearm","GRINJ-006",10,166223,6.0,2.9,11.1
,"Ector County, TX","48135","2019","2019","Homicide","3","Firearm","GRINJ-006",13,166223,7.8,4.2,13.4
,"Ellis County, TX","48139","2019","2019","Unintentional","1","Fall","GRINJ-003",10,184826,5.4,2.6,10.0
,"Ellis County, TX","48139","2019","2019","Unintentional","1","Motor Vehicle Traffic","GRINJ-008",25,184826,13.5,8.8,20.0
,"Ellis County, TX","48139","2019","2019","Unintentional","1","Poisoning","GRINJ-015",11,184826,6.0,3.0,10.6
,"Ellis County, TX","48139","2019","2019","Suicide","2","Firearm","GRINJ-006",14,184826,7.6,4.1,12.7
,"El Paso County, TX","48141","2019","2019","Unintentional","1","Fall","GRINJ-003",64,839238,7.6,5.9,9.7
,"El Paso County, TX","48141","2019","2019","Unintentional","1","Motor Vehicle Traffic","GRINJ-008",105,839238,12.5,10.1,14.9
,"El Paso County, TX","48141","2019","2019","Unintentional","1","Poisoning","GRINJ-015",88,839238,10.5,8.4,12.9
,"El Paso County, TX","48141","2019","2019","Unintentional","1","Suffocation","GRINJ-017",22,839238,2.6,1.6,4.0
,"El Paso County, TX","48141","2019","2019","Suicide","2","Firearm","GRINJ-006",47,839238,5.6,4.1,7.4
,"El Paso County, TX","48141","2019","2019","Suicide","2","Poisoning","GRINJ-015",17,839238,2.0,1.2,3.2
,"El Paso County, TX","48141","2019","2019","Suicide","2","Suffocation","GRINJ-017",29,839238,3.5,2.3,5.0
,"El Paso County, TX","48141","2019","2019","Homicide","3","Firearm","GRINJ-006",34,839238,4.1,2.8,5.7
,"Fort Bend County, TX","48157","2019","2019","Unintentional","1","Fall","GRINJ-003",33,811688,4.1,2.8,5.7
,"Fort Bend County, TX","48157","2019","2019","Unintentional","1","Motor Vehicle Traffic","GRINJ-008",56,811688,6.9,5.2,9.0
,"Fort Bend County, TX","48157","2019","2019","Unintentional","1","Poisoning","GRINJ-015",48,811688,5.9,4.4,7.8
,"Fort Bend County, TX","48157","2019","2019","Unintentional","1","Suffocation","GRINJ-017",12,811688,1.5,0.8,2.6
,"Fort Bend County, TX","48157","2019","2019","Unintentional","1","Unspecified Injury","GRINJ-020",16,811688,2.0,1.1,3.2
,"Fort Bend County, TX","48157","2019","2019","Suicide","2","Firearm","GRINJ-006",51,811688,6.3,4.7,8.3
,"Fort Bend County, TX","48157","2019","2019","Suicide","2","Suffocation","GRINJ-017",14,811688,1.7,0.9,2.9
,"Fort Bend County, TX","48157","2019","2019","Homicide","3","Firearm","GRINJ-006",24,811688,3.0,1.9,4.4
,"Galveston County, TX","48167","2019","2019","Unintentional","1","Fall","GRINJ-003",18,342139,5.3,3.1,8.3
,"Galveston County, TX","48167","2019","2019","Unintentional","1","Motor Vehicle Traffic","GRINJ-008",38,342139,11.1,7.9,15.2
,"Galveston County, TX","48167","2019","2019","Unintentional","1","Poisoning","GRINJ-015",56,342139,16.4,12.4,21.3
,"Galveston County, TX","48167","2019","2019","Suicide","2","Firearm","GRINJ-006",34,342139,9.9,6.9,13.9
,"Galveston County, TX","48167","2019","2019","Suicide","2","Suffocation","GRINJ-017",13,342139,3.8,2.0,6.5
,"Galveston County, TX","48167","2019","2019","Homicide","3","Firearm","GRINJ-006",11,342139,3.2,1.6,5.8
,"Grayson County, TX","48181","2019","2019","Unintentional","1","Fall","GRINJ-003",10,136212,7.3,3.5,13.5
,"Grayson County, TX","48181","2019","2019","Unintentional","1","Motor Vehicle Traffic","GRINJ-008",23,136212,16.9,10.7,25.3
,"Grayson County, TX","48181","2019","2019","Unintentional","1","Poisoning","GRINJ-015",13,136212,9.5,5.1,16.3
,"Grayson County, TX","48181","2019","2019","Suicide","2","Firearm","GRINJ-006",21,136212,15.4,9.5,23.6
,"Gregg County, TX","48183","2019","2019","Unintentional","1","Motor Vehicle Traffic","GRINJ-008",22,123945,17.7,11.1,26.9
,"Gregg County, TX","48183","2019","2019","Unintentional","1","Poisoning","GRINJ-015",13,123945,10.5,5.6,17.9
,"Gregg County, TX","48183","2019","2019","Suicide","2","Firearm","GRINJ-006",14,123945,11.3,6.2,19.0
,"Guadalupe County, TX","48187","2019","2019","Unintentional","1","Fall","GRINJ-003",10,166847,6.0,2.9,11.0
,"Guadalupe County, TX","48187","2019","2019","Unintentional","1","Motor Vehicle Traffic","GRINJ-008",19,166847,11.4,6.9,17.8
,"Guadalupe County, TX","48187","2019","2019","Unintentional","1","Poisoning","GRINJ-015",12,166847,7.2,3.7,12.6
,"Guadalupe County, TX","48187","2019","2019","Suicide","2","Firearm","GRINJ-006",10,166847,6.0,2.9,11.0
,"Harris County, TX","48201","2019","2019","Unintentional","1","Drowning","GRINJ-002",74,4713325,1.6,1.2,2.0
,"Harris County, TX","48201","2019","2019","Unintentional","1","Fall","GRINJ-003",346,4713325,7.3,6.6,8.1
,"Harris County, TX","48201","2019","2019","Unintentional","1","Fire/Flame","GRINJ-004",12,4713325,0.3,0.1,0.4
,"Harris County, TX","48201","2019","2019","Unintentional","1","Motor Vehicle Traffic","GRINJ-008",471,4713325,10.0,9.1,10.9
,"Harris County, TX","48201","2019","2019","Unintentional","1","Other transport","GRINJ-012",15,4713325,0.3,0.2,0.5
,"Harris County, TX","48201","2019","2019","Unintentional","1","Natural/Environmental","GRINJ-013",16,4713325,0.3,0.2,0.6
,"Harris County, TX","48201","2019","2019","Unintentional","1","Poisoning","GRINJ-015",619,4713325,13.1,12.1,14.2
,"Harris County, TX","48201","2019","2019","Unintentional","1","Suffocation","GRINJ-017",61,4713325,1.3,1.0,1.7
,"Harris County, TX","48201","2019","2019","Unintentional","1","Other specified, classifiable Injury","GRINJ-018",18,4713325,0.4,0.2,0.6
,"Harris County, TX","48201","2019","2019","Unintentional","1","Unspecified Injury","GRINJ-020",104,4713325,2.2,1.8,2.6
,"Harris County, TX","48201","2019","2019","Suicide","2","Fall","GRINJ-003",15,4713325,0.3,0.2,0.5
,"Harris County, TX","48201","2019","2019","Suicide","2","Firearm","GRINJ-006",272,4713325,5.8,5.1,6.5
,"Harris County, TX","48201","2019","2019","Suicide","2","Poisoning","GRINJ-015",52,4713325,1.1,0.8,1.4
,"Harris County, TX","48201","2019","2019","Suicide","2","Suffocation","GRINJ-017",143,4713325,3.0,2.5,3.5
,"Harris County, TX","48201","2019","2019","Suicide","2","Other specified, classifiable Injury","GRINJ-018",12,4713325,0.3,0.1,0.4
,"Harris County, TX","48201","2019","2019","Homicide","3","Cut/Pierce","GRINJ-001",29,4713325,0.6,0.4,0.9
,"Harris County, TX","48201","2019","2019","Homicide","3","Firearm","GRINJ-006",356,4713325,7.6,6.8,8.3
,"Harris County, TX","48201","2019","2019","Homicide","3","Unspecified Injury","GRINJ-020",24,4713325,0.5,0.3,0.8
,"Harris County, TX","48201","2019","2019","Undetermined ","4","Unspecified Injury","GRINJ-020",13,4713325,0.3,0.1,0.5
,"Harrison County, TX","48203","2019","2019","Unintentional","1","Motor Vehicle Traffic","GRINJ-008",18,66553,27.0,16.0,42.7
,"Hays County, TX","48209","2019","2019","Unintentional","1","Fall","GRINJ-003",21,230191,9.1,5.6,13.9
,"Hays County, TX","48209","2019","2019","Unintentional","1","Motor Vehicle Traffic","GRINJ-008",20,230191,8.7,5.3,13.4
,"Hays County, TX","48209","2019","2019","Suicide","2","Firearm","GRINJ-006",18,230191,7.8,4.6,12.4
,"Henderson County, TX","48213","2019","2019","Unintentional","1","Fall","GRINJ-003",11,82737,13.3,6.6,23.8
,"Henderson County, TX","48213","2019","2019","Unintentional","1","Motor Vehicle Traffic","GRINJ-008",18,82737,21.8,12.9,34.4
,"Henderson County, TX","48213","2019","2019","Unintentional","1","Poisoning","GRINJ-015",15,82737,18.1,10.1,29.9
,"Henderson County, TX","48213","2019","2019","Suicide","2","Firearm","GRINJ-006",15,82737,18.1,10.1,29.9
,"Hidalgo County, TX","48215","2019","2019","Unintentional","1","Fall","GRINJ-003",22,868707,2.5,1.6,3.8
,"Hidalgo County, TX","48215","2019","2019","Unintentional","1","Motor Vehicle Traffic","GRINJ-008",86,868707,9.9,7.9,12.2
,"Hidalgo County, TX","48215","2019","2019","Unintentional","1","Poisoning","GRINJ-015",44,868707,5.1,3.7,6.8
,"Hidalgo County, TX","48215","2019","2019","Unintentional","1","Unspecified Injury","GRINJ-020",16,868707,1.8,1.1,3.0
,"Hidalgo County, TX","48215","2019","2019","Suicide","2","Firearm","GRINJ-006",38,868707,4.4,3.1,6.0
,"Hidalgo County, TX","48215","2019","2019","Suicide","2","Suffocation","GRINJ-017",20,868707,2.3,1.4,3.6
,"Hidalgo County, TX","48215","2019","2019","Homicide","3","Firearm","GRINJ-006",19,868707,2.2,1.3,3.4
,"Hood County, TX","48221","2019","2019","Unintentional","1","Motor Vehicle Traffic","GRINJ-008",11,61643,17.8,8.9,31.9
,"Hopkins County, TX","48223","2019","2019","Unintentional","1","Motor Vehicle Traffic","GRINJ-008",12,37084,32.4,16.7,56.5
,"Howard County, TX","48227","2019","2019","Unintentional","1","Motor Vehicle Traffic","GRINJ-008",11,36664,30.0,15.0,53.7
,"Hunt County, TX","48231","2019","2019","Unintentional","1","Motor Vehicle Traffic","GRINJ-008",27,98594,27.4,18.0,39.8
,"Hunt County, TX","48231","2019","2019","Suicide","2","Firearm","GRINJ-006",10,98594,10.1,4.9,18.7
,"Jefferson County, TX","48245","2019","2019","Unintentional","1","Fall","GRINJ-003",11,251565,4.4,2.2,7.8
,"Jefferson County, TX","48245","2019","2019","Unintentional","1","Motor Vehicle Traffic","GRINJ-008",38,251565,15.1,10.7,20.7
,"Jefferson County, TX","48245","2019","2019","Unintentional","1","Poisoning","GRINJ-015",34,251565,13.5,9.4,18.9
,"Jefferson County, TX","48245","2019","2019","Unintentional","1","Unspecified Injury","GRINJ-020",13,251565,5.2,2.8,8.8
,"Jefferson County, TX","48245","2019","2019","Suicide","2","Firearm","GRINJ-006",26,251565,10.3,6.8,15.1
,"Jefferson County, TX","48245","2019","2019","Suicide","2","Suffocation","GRINJ-017",10,251565,4.0,1.9,7.3
,"Jefferson County, TX","48245","2019","2019","Homicide","3","Firearm","GRINJ-006",25,251565,9.9,6.4,14.7
,"Johnson County, TX","48251","2019","2019","Unintentional","1","Fall","GRINJ-003",20,175817,11.4,6.9,17.6
,"Johnson County, TX","48251","2019","2019","Unintentional","1","Motor Vehicle Traffic","GRINJ-008",38,175817,21.6,15.3,29.7
,"Johnson County, TX","48251","2019","2019","Unintentional","1","Poisoning","GRINJ-015",21,175817,11.9,7.4,18.3
,"Johnson County, TX","48251","2019","2019","Suicide","2","Firearm","GRINJ-006",16,175817,9.1,5.2,14.8
,"Kaufman County, TX","48257","2019","2019","Unintentional","1","Motor Vehicle Traffic","GRINJ-008",20,136154,14.7,9.0,22.7
,"Kaufman County, TX","48257","2019","2019","Unintentional","1","Poisoning","GRINJ-015",23,136154,16.9,10.7,25.3
,"Kaufman County, TX","48257","2019","2019","Suicide","2","Firearm","GRINJ-006",11,136154,8.1,4.0,14.5
,"Lamar County, TX","48277","2019","2019","Unintentional","1","Motor Vehicle Traffic","GRINJ-008",13,49859,26.1,13.9,44.6
,"Lee County, TX","48287","2019","2019","Unintentional","1","Motor Vehicle Traffic","GRINJ-008",12,17239,69.6,36.0,121.6
,"Liberty County, TX","48291","2019","2019","Unintentional","1","Motor Vehicle Traffic","GRINJ-008",33,88219,37.4,25.7,52.5
,"Liberty County, TX","48291","2019","2019","Unintentional","1","Poisoning","GRINJ-015",13,88219,14.7,7.8,25.2
,"Liberty County, TX","48291","2019","2019","Suicide","2","Firearm","GRINJ-006",14,88219,15.9,8.7,26.6
,"Lubbock County, TX","48303","2019","2019","Unintentional","1","Fall","GRINJ-003",52,310569,16.7,12.5,22.0
,"Lubbock County, TX","48303","2019","2019","Unintentional","1","Motor Vehicle Traffic","GRINJ-008",60,310569,19.3,14.7,24.9
,"Lubbock County, TX","48303","2019","2019","Unintentional","1","Poisoning","GRINJ-015",44,310569,14.2,10.3,19.0
,"Lubbock County, TX","48303","2019","2019","Suicide","2","Firearm","GRINJ-006",28,310569,9.0,6.0,13.0
,"Lubbock County, TX","48303","2019","2019","Suicide","2","Suffocation","GRINJ-017",18,310569,5.8,3.4,9.2
,"Lubbock County, TX","48303","2019","2019","Homicide","3","Firearm","GRINJ-006",17,310569,5.5,3.2,8.8
,"McLennan County, TX","48309","2019","2019","Unintentional","1","Fall","GRINJ-003",13,256623,5.1,2.7,8.7
,"McLennan County, TX","48309","2019","2019","Unintentional","1","Motor Vehicle Traffic","GRINJ-008",28,256623,10.9,7.3,15.8
,"McLennan County, TX","48309","2019","2019","Unintentional","1","Poisoning","GRINJ-015",23,256623,9.0,5.7,13.4
,"McLennan County, TX","48309","2019","2019","Suicide","2","Firearm","GRINJ-006",29,256623,11.3,7.6,16.2
,"McLennan County, TX","48309","2019","2019","Homicide","3","Firearm","GRINJ-006",13,256623,5.1,2.7,8.7
,"Matagorda County, TX","48321","2019","2019","Unintentional","1","Motor Vehicle Traffic","GRINJ-008",10,36643,27.3,13.1,50.2
,"Maverick County, TX","48323","2019","2019","Unintentional","1","Motor Vehicle Traffic","GRINJ-008",13,58722,22.1,11.8,37.9
,"Midland County, TX","48329","2019","2019","Unintentional","1","Motor Vehicle Traffic","GRINJ-008",33,176832,18.7,12.8,26.2
,"Midland County, TX","48329","2019","2019","Suicide","2","Firearm","GRINJ-006",18,176832,10.2,6.0,16.1
,"Montgomery County, TX","48339","2019","2019","Unintentional","1","Fall","GRINJ-003",44,607391,7.2,5.3,9.7
,"Montgomery County, TX","48339","2019","2019","Unintentional","1","Motor Vehicle Traffic","GRINJ-008",73,607391,12.0,9.4,15.1
,"Montgomery County, TX","48339","2019","2019","Unintentional","1","Poisoning","GRINJ-015",80,607391,13.2,10.4,16.4
,"Montgomery County, TX","48339","2019","2019","Unintentional","1","Unspecified Injury","GRINJ-020",14,607391,2.3,1.3,3.9
,"Montgomery County, TX","48339","2019","2019","Suicide","2","Firearm","GRINJ-006",52,607391,8.6,6.4,11.2
,"Montgomery County, TX","48339","2019","2019","Suicide","2","Poisoning","GRINJ-015",19,607391,3.1,1.9,4.9
,"Montgomery County, TX","48339","2019","2019","Suicide","2","Suffocation","GRINJ-017",28,607391,4.6,3.1,6.7
,"Montgomery County, TX","48339","2019","2019","Homicide","3","Firearm","GRINJ-006",20,607391,3.3,2.0,5.1
,"Nacogdoches County, TX","48347","2019","2019","Unintentional","1","Motor Vehicle Traffic","GRINJ-008",17,65204,26.1,15.2,41.7
,"Navarro County, TX","48349","2019","2019","Unintentional","1","Motor Vehicle Traffic","GRINJ-008",14,50113,27.9,15.3,46.9
,"Nueces County, TX","48355","2019","2019","Unintentional","1","Fall","GRINJ-003",17,362294,4.7,2.7,7.5
,"Nueces County, TX","48355","2019","2019","Unintentional","1","Motor Vehicle Traffic","GRINJ-008",51,362294,14.1,10.5,18.5
,"Nueces County, TX","48355","2019","2019","Unintentional","1","Poisoning","GRINJ-015",44,362294,12.1,8.8,16.3
,"Nueces County, TX","48355","2019","2019","Suicide","2","Firearm","GRINJ-006",38,362294,10.5,7.4,14.4
,"Nueces County, TX","48355","2019","2019","Suicide","2","Suffocation","GRINJ-017",16,362294,4.4,2.5,7.2
,"Nueces County, TX","48355","2019","2019","Homicide","3","Firearm","GRINJ-006",25,362294,6.9,4.5,10.2
,"Orange County, TX","48361","2019","2019","Unintentional","1","Motor Vehicle Traffic","GRINJ-008",20,83396,24.0,14.6,37.0
,"Orange County, TX","48361","2019","2019","Unintentional","1","Poisoning","GRINJ-015",14,83396,16.8,9.2,28.2
,"Parker County, TX","48367","2019","2019","Unintentional","1","Fall","GRINJ-003",12,142878,8.4,4.3,14.7
,"Parker County, TX","48367","2019","2019","Unintentional","1","Motor Vehicle Traffic","GRINJ-008",37,142878,25.9,18.2,35.7
,"Parker County, TX","48367","2019","2019","Unintentional","1","Poisoning","GRINJ-015",13,142878,9.1,4.8,15.6
,"Parker County, TX","48367","2019","2019","Suicide","2","Firearm","GRINJ-006",16,142878,11.2,6.4,18.2
,"Polk County, TX","48373","2019","2019","Unintentional","1","Motor Vehicle Traffic","GRINJ-008",11,51353,21.4,10.7,38.3
,"Polk County, TX","48373","2019","2019","Suicide","2","Firearm","GRINJ-006",10,51353,19.5,9.3,35.8
,"Potter County, TX","48375","2019","2019","Unintentional","1","Fall","GRINJ-003",16,117415,13.6,7.8,22.1
,"Potter County, TX","48375","2019","2019","Unintentional","1","Motor Vehicle Traffic","GRINJ-008",31,117415,26.4,17.9,37.5
,"Potter County, TX","48375","2019","2019","Unintentional","1","Poisoning","GRINJ-015",25,117415,21.3,13.8,31.4
,"Potter County, TX","48375","2019","2019","Suicide","2","Firearm","GRINJ-006",17,117415,14.5,8.4,23.2
,"Potter County, TX","48375","2019","2019","Homicide","3","Firearm","GRINJ-006",12,117415,10.2,5.3,17.9
,"Randall County, TX","48381","2019","2019","Unintentional","1","Fall","GRINJ-003",14,137713,10.2,5.6,17.1
,"Randall County, TX","48381","2019","2019","Unintentional","1","Motor Vehicle Traffic","GRINJ-008",16,137713,11.6,6.6,18.9
,"Randall County, TX","48381","2019","2019","Unintentional","1","Poisoning","GRINJ-015",12,137713,8.7,4.5,15.2
,"Randall County, TX","48381","2019","2019","Suicide","2","Firearm","GRINJ-006",21,137713,15.2,9.4,23.3
,"Rockwall County, TX","48397","2019","2019","Suicide","2","Firearm","GRINJ-006",12,104915,11.4,5.9,20.0
,"Rusk County, TX","48401","2019","2019","Unintentional","1","Motor Vehicle Traffic","GRINJ-008",19,54406,34.9,21.0,54.5
,"Smith County, TX","48423","2019","2019","Unintentional","1","Fall","GRINJ-003",26,232751,11.2,7.3,16.4
,"Smith County, TX","48423","2019","2019","Unintentional","1","Motor Vehicle Traffic","GRINJ-008",38,232751,16.3,11.6,22.4
,"Smith County, TX","48423","2019","2019","Unintentional","1","Poisoning","GRINJ-015",19,232751,8.2,4.9,12.7
,"Smith County, TX","48423","2019","2019","Suicide","2","Firearm","GRINJ-006",36,232751,15.5,10.8,21.4
,"Smith County, TX","48423","2019","2019","Suicide","2","Suffocation","GRINJ-017",11,232751,4.7,2.4,8.5
,"Tarrant County, TX","48439","2019","2019","Unintentional","1","Drowning","GRINJ-002",23,2102515,1.1,0.7,1.6
,"Tarrant County, TX","48439","2019","2019","Unintentional","1","Fall","GRINJ-003",134,2102515,6.4,5.3,7.5
,"Tarrant County, TX","48439","2019","2019","Unintentional","1","Motor Vehicle Traffic","GRINJ-008",201,2102515,9.6,8.2,10.9
,"Tarrant County, TX","48439","2019","2019","Unintentional","1","Other Pedestrian","GRINJ-010",14,2102515,0.7,0.4,1.1
,"Tarrant County, TX","48439","2019","2019","Unintentional","1","Poisoning","GRINJ-015",176,2102515,8.4,7.1,9.6
,"Tarrant County, TX","48439","2019","2019","Unintentional","1","Suffocation","GRINJ-017",32,2102515,1.5,1.0,2.1
,"Tarrant County, TX","48439","2019","2019","Unintentional","1","Other specified, classifiable Injury","GRINJ-018",10,2102515,0.5,0.2,0.9
,"Tarrant County, TX","48439","2019","2019","Unintentional","1","Unspecified Injury","GRINJ-020",24,2102515,1.1,0.7,1.7
,"Tarrant County, TX","48439","2019","2019","Suicide","2","Fall","GRINJ-003",10,2102515,0.5,0.2,0.9
,"Tarrant County, TX","48439","2019","2019","Suicide","2","Firearm","GRINJ-006",150,2102515,7.1,6.0,8.3
,"Tarrant County, TX","48439","2019","2019","Suicide","2","Poisoning","GRINJ-015",24,2102515,1.1,0.7,1.7
,"Tarrant County, TX","48439","2019","2019","Suicide","2","Suffocation","GRINJ-017",66,2102515,3.1,2.4,4.0
,"Tarrant County, TX","48439","2019","2019","Homicide","3","Firearm","GRINJ-006",83,2102515,3.9,3.1,4.9
,"Tarrant County, TX","48439","2019","2019","Homicide","3","Unspecified Injury","GRINJ-020",11,2102515,0.5,0.3,0.9
,"Taylor County, TX","48441","2019","2019","Unintentional","1","Fall","GRINJ-003",13,138034,9.4,5.0,16.1
,"Taylor County, TX","48441","2019","2019","Unintentional","1","Motor Vehicle Traffic","GRINJ-008",18,138034,13.0,7.7,20.6
,"Taylor County, TX","48441","2019","2019","Unintentional","1","Poisoning","GRINJ-015",10,138034,7.2,3.5,13.3
,"Taylor County, TX","48441","2019","2019","Suicide","2","Firearm","GRINJ-006",12,138034,8.7,4.5,15.2
,"Tom Green County, TX","48451","2019","2019","Unintentional","1","Motor Vehicle Traffic","GRINJ-008",11,119200,9.2,4.6,16.5
,"Tom Green County, TX","48451","2019","2019","Suicide","2","Firearm","GRINJ-006",15,119200,12.6,7.0,20.8
,"Travis County, TX","48453","2019","2019","Unintentional","1","Drowning","GRINJ-002",19,1273954,1.5,0.9,2.3
,"Travis County, TX","48453","2019","2019","Unintentional","1","Fall","GRINJ-003",163,1273954,12.8,10.8,14.8
,"Travis County, TX","48453","2019","2019","Unintentional","1","Motor Vehicle Traffic","GRINJ-008",121,1273954,9.5,7.8,11.2
,"Travis County, TX","48453","2019","2019","Unintentional","1","Poisoning","GRINJ-015",154,1273954,12.1,10.2,14.0
,"Travis County, TX","48453","2019","2019","Unintentional","1","Suffocation","GRINJ-017",16,1273954,1.3,0.7,2.0
,"Travis County, TX","48453","2019","2019","Suicide","2","Firearm","GRINJ-006",87,1273954,6.8,5.5,8.4
,"Travis County, TX","48453","2019","2019","Suicide","2","Poisoning","GRINJ-015",20,1273954,1.6,1.0,2.4
,"Travis County, TX","48453","2019","2019","Suicide","2","Suffocation","GRINJ-017",49,1273954,3.8,2.8,5.1
,"Travis County, TX","48453","2019","2019","Homicide","3","Firearm","GRINJ-006",28,1273954,2.2,1.5,3.2
,"Van Zandt County, TX","48467","2019","2019","Unintentional","1","Motor Vehicle Traffic","GRINJ-008",15,56590,26.5,14.8,43.7
,"Victoria County, TX","48469","2019","2019","Unintentional","1","Motor Vehicle Traffic","GRINJ-008",18,92084,19.5,11.6,30.9
,"Victoria County, TX","48469","2019","2019","Suicide","2","Firearm","GRINJ-006",15,92084,16.3,9.1,26.9
,"Washington County, TX","48477","2019","2019","Unintentional","1","Motor Vehicle Traffic","GRINJ-008",10,35882,27.9,13.4,51.3
,"Webb County, TX","48479","2019","2019","Unintentional","1","Fall","GRINJ-003",14,276652,5.1,2.8,8.5
,"Webb County, TX","48479","2019","2019","Unintentional","1","Motor Vehicle Traffic","GRINJ-008",20,276652,7.2,4.4,11.2
,"Webb County, TX","48479","2019","2019","Unintentional","1","Natural/Environmental","GRINJ-013",11,276652,4.0,2.0,7.1
,"Webb County, TX","48479","2019","2019","Unintentional","1","Poisoning","GRINJ-015",23,276652,8.3,5.3,12.5
,"Wichita County, TX","48485","2019","2019","Unintentional","1","Fall","GRINJ-003",18,132230,13.6,8.1,21.5
,"Wichita County, TX","48485","2019","2019","Unintentional","1","Motor Vehicle Traffic","GRINJ-008",18,132230,13.6,8.1,21.5
,"Wichita County, TX","48485","2019","2019","Unintentional","1","Poisoning","GRINJ-015",14,132230,10.6,5.8,17.8
,"Williamson County, TX","48491","2019","2019","Unintentional","1","Fall","GRINJ-003",45,590551,7.6,5.6,10.2
,"Williamson County, TX","48491","2019","2019","Unintentional","1","Motor Vehicle Traffic","GRINJ-008",44,590551,7.5,5.4,10.0
,"Williamson County, TX","48491","2019","2019","Unintentional","1","Poisoning","GRINJ-015",32,590551,5.4,3.7,7.6
,"Williamson County, TX","48491","2019","2019","Unintentional","1","Suffocation","GRINJ-017",10,590551,1.7,0.8,3.1
,"Williamson County, TX","48491","2019","2019","Unintentional","1","Unspecified Injury","GRINJ-020",13,590551,2.2,1.2,3.8
,"Williamson County, TX","48491","2019","2019","Suicide","2","Firearm","GRINJ-006",48,590551,8.1,6.0,10.8
,"Williamson County, TX","48491","2019","2019","Suicide","2","Suffocation","GRINJ-017",19,590551,3.2,1.9,5.0
,"Wilson County, TX","48493","2019","2019","Unintentional","1","Motor Vehicle Traffic","GRINJ-008",10,51070,19.6,9.4,36.0
,"Wise County, TX","48497","2019","2019","Unintentional","1","Motor Vehicle Traffic","GRINJ-008",22,69984,31.4,19.7,47.6
,"Wood County, TX","48499","2019","2019","Unintentional","1","Motor Vehicle Traffic","GRINJ-008",12,45539,26.4,13.6,46.0
,"Cache County, UT","49005","2019","2019","Unintentional","1","Fall","GRINJ-003",11,128289,8.6,4.3,15.3
,"Cache County, UT","49005","2019","2019","Suicide","2","Firearm","GRINJ-006",11,128289,8.6,4.3,15.3
,"Davis County, UT","49011","2019","2019","Unintentional","1","Fall","GRINJ-003",36,355481,10.1,7.1,14.0
,"Davis County, UT","49011","2019","2019","Unintentional","1","Motor Vehicle Traffic","GRINJ-008",19,355481,5.3,3.2,8.3
,"Davis County, UT","49011","2019","2019","Unintentional","1","Poisoning","GRINJ-015",35,355481,9.8,6.9,13.7
,"Davis County, UT","49011","2019","2019","Suicide","2","Firearm","GRINJ-006",26,355481,7.3,4.8,10.7
,"Davis County, UT","49011","2019","2019","Suicide","2","Poisoning","GRINJ-015",10,355481,2.8,1.3,5.2
,"Davis County, UT","49011","2019","2019","Suicide","2","Suffocation","GRINJ-017",21,355481,5.9,3.7,9.0
,"Salt Lake County, UT","49035","2019","2019","Unintentional","1","Drowning","GRINJ-002",11,1160437,0.9,0.5,1.7
,"Salt Lake County, UT","49035","2019","2019","Unintentional","1","Fall","GRINJ-003",112,1160437,9.7,7.9,11.4
,"Salt Lake County, UT","49035","2019","2019","Unintentional","1","Motor Vehicle Traffic","GRINJ-008",82,1160437,7.1,5.6,8.8
,"Salt Lake County, UT","49035","2019","2019","Unintentional","1","Poisoning","GRINJ-015",215,1160437,18.5,16.1,21.0
,"Salt Lake County, UT","49035","2019","2019","Unintentional","1","Suffocation","GRINJ-017",19,1160437,1.6,1.0,2.6
,"Salt Lake County, UT","49035","2019","2019","Suicide","2","Firearm","GRINJ-006",110,1160437,9.5,7.7,11.3
,"Salt Lake County, UT","49035","2019","2019","Suicide","2","Poisoning","GRINJ-015",38,1160437,3.3,2.3,4.5
,"Salt Lake County, UT","49035","2019","2019","Suicide","2","Suffocation","GRINJ-017",89,1160437,7.7,6.2,9.4
,"Salt Lake County, UT","49035","2019","2019","Homicide","3","Firearm","GRINJ-006",26,1160437,2.2,1.5,3.3
,"Salt Lake County, UT","49035","2019","2019","Undetermined ","4","Poisoning","GRINJ-015",13,1160437,1.1,0.6,1.9
,"San Juan County, UT","49037","2019","2019","Unintentional","1","Motor Vehicle Traffic","GRINJ-008",10,15308,65.3,31.3,120.1
,"Tooele County, UT","49045","2019","2019","Unintentional","1","Poisoning","GRINJ-015",15,72259,20.8,11.6,34.2
,"Uintah County, UT","49047","2019","2019","Unintentional","1","Poisoning","GRINJ-015",10,35734,28.0,13.4,51.5
,"Utah County, UT","49049","2019","2019","Unintentional","1","Fall","GRINJ-003",53,636235,8.3,6.2,10.9
,"Utah County, UT","49049","2019","2019","Unintentional","1","Motor Vehicle Traffic","GRINJ-008",29,636235,4.6,3.1,6.5
,"Utah County, UT","49049","2019","2019","Unintentional","1","Poisoning","GRINJ-015",72,636235,11.3,8.9,14.3
,"Utah County, UT","49049","2019","2019","Suicide","2","Firearm","GRINJ-006",60,636235,9.4,7.2,12.1
,"Utah County, UT","49049","2019","2019","Suicide","2","Poisoning","GRINJ-015",16,636235,2.5,1.4,4.1
,"Utah County, UT","49049","2019","2019","Suicide","2","Suffocation","GRINJ-017",24,636235,3.8,2.4,5.6
,"Washington County, UT","49053","2019","2019","Unintentional","1","Fall","GRINJ-003",41,177556,23.1,16.6,31.3
,"Washington County, UT","49053","2019","2019","Unintentional","1","Motor Vehicle Traffic","GRINJ-008",10,177556,5.6,2.7,10.4
,"Washington County, UT","49053","2019","2019","Unintentional","1","Poisoning","GRINJ-015",24,177556,13.5,8.7,20.1
,"Washington County, UT","49053","2019","2019","Suicide","2","Firearm","GRINJ-006",20,177556,11.3,6.9,17.4
,"Weber County, UT","49057","2019","2019","Unintentional","1","Fall","GRINJ-003",34,260213,13.1,9.0,18.3
,"Weber County, UT","49057","2019","2019","Unintentional","1","Motor Vehicle Traffic","GRINJ-008",18,260213,6.9,4.1,10.9
,"Weber County, UT","49057","2019","2019","Unintentional","1","Poisoning","GRINJ-015",53,260213,20.4,15.3,26.6
,"Weber County, UT","49057","2019","2019","Suicide","2","Firearm","GRINJ-006",32,260213,12.3,8.4,17.4
,"Weber County, UT","49057","2019","2019","Suicide","2","Suffocation","GRINJ-017",14,260213,5.4,2.9,9.0
,"Addison County, VT","50001","2019","2019","Unintentional","1","Fall","GRINJ-003",11,36777,29.9,14.9,53.5
,"Bennington County, VT","50003","2019","2019","Unintentional","1","Poisoning","GRINJ-015",10,35470,28.2,13.5,51.8
,"Caledonia County, VT","50005","2019","2019","Unintentional","1","Fall","GRINJ-003",13,29993,43.3,23.1,74.1
,"Caledonia County, VT","50005","2019","2019","Unintentional","1","Poisoning","GRINJ-015",12,29993,40.0,20.7,69.9
,"Chittenden County, VT","50007","2019","2019","Unintentional","1","Fall","GRINJ-003",47,163774,28.7,21.1,38.2
,"Chittenden County, VT","50007","2019","2019","Unintentional","1","Poisoning","GRINJ-015",24,163774,14.7,9.4,21.8
,"Orange County, VT","50017","2019","2019","Unintentional","1","Fall","GRINJ-003",10,28892,34.6,16.6,63.7
,"Rutland County, VT","50021","2019","2019","Unintentional","1","Fall","GRINJ-003",21,58191,36.1,22.3,55.2
,"Rutland County, VT","50021","2019","2019","Unintentional","1","Poisoning","GRINJ-015",12,58191,20.6,10.7,36.0
,"Washington County, VT","50023","2019","2019","Unintentional","1","Poisoning","GRINJ-015",12,58409,20.5,10.6,35.9
,"Windham County, VT","50025","2019","2019","Unintentional","1","Poisoning","GRINJ-015",19,42222,45.0,27.1,70.3
,"Windsor County, VT","50027","2019","2019","Unintentional","1","Fall","GRINJ-003",17,55062,30.9,18.0,49.4
,"Windsor County, VT","50027","2019","2019","Unintentional","1","Poisoning","GRINJ-015",15,55062,27.2,15.2,44.9
,"Albemarle County, VA","51003","2019","2019","Unintentional","1","Fall","GRINJ-003",22,109330,20.1,12.6,30.5
,"Albemarle County, VA","51003","2019","2019","Unintentional","1","Poisoning","GRINJ-015",10,109330,9.1,4.4,16.8
,"Arlington County, VA","51013","2019","2019","Unintentional","1","Fall","GRINJ-003",12,236842,5.1,2.6,8.9
,"Arlington County, VA","51013","2019","2019","Unintentional","1","Poisoning","GRINJ-015",16,236842,6.8,3.9,11.0
,"Augusta County, VA","51015","2019","2019","Unintentional","1","Fall","GRINJ-003",12,75558,15.9,8.2,27.7
,"Bedford County, VA","51019","2019","2019","Unintentional","1","Fall","GRINJ-003",17,78997,21.5,12.5,34.5
,"Bedford County, VA","51019","2019","2019","Unintentional","1","Motor Vehicle Traffic","GRINJ-008",14,78997,17.7,9.7,29.7
,"Bedford County, VA","51019","2019","2019","Suicide","2","Firearm","GRINJ-006",13,78997,16.5,8.8,28.1
,"Campbell County, VA","51031","2019","2019","Unintentional","1","Fall","GRINJ-003",11,54885,20.0,10.0,35.9
,"Campbell County, VA","51031","2019","2019","Unintentional","1","Motor Vehicle Traffic","GRINJ-008",12,54885,21.9,11.3,38.2
,"Chesterfield County, VA","51041","2019","2019","Unintentional","1","Fall","GRINJ-003",30,352802,8.5,5.7,12.1
,"Chesterfield County, VA","51041","2019","2019","Unintentional","1","Motor Vehicle Traffic","GRINJ-008",27,352802,7.7,5.0,11.1
,"Chesterfield County, VA","51041","2019","2019","Unintentional","1","Poisoning","GRINJ-015",89,352802,25.2,20.3,31.0
,"Chesterfield County, VA","51041","2019","2019","Suicide","2","Firearm","GRINJ-006",31,352802,8.8,6.0,12.5
,"Chesterfield County, VA","51041","2019","2019","Suicide","2","Suffocation","GRINJ-017",10,352802,2.8,1.4,5.2
,"Chesterfield County, VA","51041","2019","2019","Homicide","3","Firearm","GRINJ-006",22,352802,6.2,3.9,9.4
,"Culpeper County, VA","51047","2019","2019","Unintentional","1","Poisoning","GRINJ-015",11,52605,20.9,10.4,37.4
,"Fairfax County, VA","51059","2019","2019","Unintentional","1","Drowning","GRINJ-002",11,1147532,1.0,0.5,1.7
,"Fairfax County, VA","51059","2019","2019","Unintentional","1","Fall","GRINJ-003",90,1147532,7.8,6.3,9.6
,"Fairfax County, VA","51059","2019","2019","Unintentional","1","Motor Vehicle Traffic","GRINJ-008",43,1147532,3.7,2.7,5.0
,"Fairfax County, VA","51059","2019","2019","Unintentional","1","Poisoning","GRINJ-015",91,1147532,7.9,6.4,9.7
,"Fairfax County, VA","51059","2019","2019","Unintentional","1","Suffocation","GRINJ-017",16,1147532,1.4,0.8,2.3
,"Fairfax County, VA","51059","2019","2019","Suicide","2","Firearm","GRINJ-006",41,1147532,3.6,2.6,4.8
,"Fairfax County, VA","51059","2019","2019","Suicide","2","Suffocation","GRINJ-017",28,1147532,2.4,1.6,3.5
,"Fairfax County, VA","51059","2019","2019","Homicide","3","Firearm","GRINJ-006",12,1147532,1.0,0.5,1.8
,"Fauquier County, VA","51061","2019","2019","Unintentional","1","Poisoning","GRINJ-015",16,71222,22.5,12.8,36.5
,"Franklin County, VA","51067","2019","2019","Unintentional","1","Fall","GRINJ-003",12,56042,21.4,11.1,37.4
,"Franklin County, VA","51067","2019","2019","Unintentional","1","Motor Vehicle Traffic","GRINJ-008",15,56042,26.8,15.0,44.1
,"Frederick County, VA","51069","2019","2019","Unintentional","1","Fall","GRINJ-003",10,89313,11.2,5.4,20.6
,"Frederick County, VA","51069","2019","2019","Unintentional","1","Motor Vehicle Traffic","GRINJ-008",11,89313,12.3,6.1,22.0
,"Frederick County, VA","51069","2019","2019","Unintentional","1","Poisoning","GRINJ-015",12,89313,13.4,6.9,23.5
,"Frederick County, VA","51069","2019","2019","Suicide","2","Firearm","GRINJ-006",11,89313,12.3,6.1,22.0
,"Hanover County, VA","51085","2019","2019","Unintentional","1","Fall","GRINJ-003",10,107766,9.3,4.4,17.1
,"Hanover County, VA","51085","2019","2019","Unintentional","1","Motor Vehicle Traffic","GRINJ-008",14,107766,13.0,7.1,21.8
,"Hanover County, VA","51085","2019","2019","Unintentional","1","Poisoning","GRINJ-015",23,107766,21.3,13.5,32.0
,"Hanover County, VA","51085","2019","2019","Suicide","2","Firearm","GRINJ-006",15,107766,13.9,7.8,23.0
,"Henrico County, VA","51087","2019","2019","Unintentional","1","Fall","GRINJ-003",39,330818,11.8,8.4,16.1
,"Henrico County, VA","51087","2019","2019","Unintentional","1","Motor Vehicle Traffic","GRINJ-008",28,330818,8.5,5.6,12.2
,"Henrico County, VA","51087","2019","2019","Unintentional","1","Poisoning","GRINJ-015",67,330818,20.3,15.7,25.7
,"Henrico County, VA","51087","2019","2019","Suicide","2","Firearm","GRINJ-006",17,330818,5.1,3.0,8.2
,"Henrico County, VA","51087","2019","2019","Suicide","2","Suffocation","GRINJ-017",14,330818,4.2,2.3,7.1
,"Henrico County, VA","51087","2019","2019","Homicide","3","Firearm","GRINJ-006",15,330818,4.5,2.5,7.5
,"Henry County, VA","51089","2019","2019","Unintentional","1","Fall","GRINJ-003",14,50557,27.7,15.1,46.5
,"Henry County, VA","51089","2019","2019","Unintentional","1","Motor Vehicle Traffic","GRINJ-008",13,50557,25.7,13.7,44.0
,"Henry County, VA","51089","2019","2019","Unintentional","1","Poisoning","GRINJ-015",17,50557,33.6,19.6,53.8
,"Henry County, VA","51089","2019","2019","Suicide","2","Firearm","GRINJ-006",12,50557,23.7,12.3,41.5
,"Loudoun County, VA","51107","2019","2019","Unintentional","1","Fall","GRINJ-003",30,413538,7.3,4.9,10.4
,"Loudoun County, VA","51107","2019","2019","Unintentional","1","Motor Vehicle Traffic","GRINJ-008",13,413538,3.1,1.7,5.4
,"Loudoun County, VA","51107","2019","2019","Unintentional","1","Poisoning","GRINJ-015",25,413538,6.0,3.9,8.9
,"Loudoun County, VA","51107","2019","2019","Suicide","2","Firearm","GRINJ-006",19,413538,4.6,2.8,7.2
,"Louisa County, VA","51109","2019","2019","Unintentional","1","Poisoning","GRINJ-015",14,37591,37.2,20.4,62.5
,"Montgomery County, VA","51121","2019","2019","Unintentional","1","Fall","GRINJ-003",12,98535,12.2,6.3,21.3
,"Montgomery County, VA","51121","2019","2019","Unintentional","1","Motor Vehicle Traffic","GRINJ-008",10,98535,10.1,4.9,18.7
,"Montgomery County, VA","51121","2019","2019","Unintentional","1","Poisoning","GRINJ-015",10,98535,10.1,4.9,18.7
,"Nottoway County, VA","51135","2019","2019","Unintentional","1","Motor Vehicle Traffic","GRINJ-008",10,15232,65.7,31.5,120.7
,"Orange County, VA","51137","2019","2019","Unintentional","1","Fall","GRINJ-003",10,37051,27.0,12.9,49.6
,"Orange County, VA","51137","2019","2019","Unintentional","1","Motor Vehicle Traffic","GRINJ-008",12,37051,32.4,16.7,56.6
,"Orange County, VA","51137","2019","2019","Unintentional","1","Poisoning","GRINJ-015",11,37051,29.7,14.8,53.1
,"Pittsylvania County, VA","51143","2019","2019","Unintentional","1","Fall","GRINJ-003",15,60354,24.9,13.9,41.0
,"Pittsylvania County, VA","51143","2019","2019","Unintentional","1","Motor Vehicle Traffic","GRINJ-008",12,60354,19.9,10.3,34.7
,"Pittsylvania County, VA","51143","2019","2019","Unintentional","1","Poisoning","GRINJ-015",11,60354,18.2,9.1,32.6
,"Prince William County, VA","51153","2019","2019","Unintentional","1","Fall","GRINJ-003",20,470335,4.3,2.6,6.6
,"Prince William County, VA","51153","2019","2019","Unintentional","1","Motor Vehicle Traffic","GRINJ-008",26,470335,5.5,3.6,8.1
,"Prince William County, VA","51153","2019","2019","Unintentional","1","Poisoning","GRINJ-015",61,470335,13.0,9.9,16.7
,"Prince William County, VA","51153","2019","2019","Suicide","2","Firearm","GRINJ-006",20,470335,4.3,2.6,6.6
,"Prince William County, VA","51153","2019","2019","Homicide","3","Firearm","GRINJ-006",10,470335,2.1,1.0,3.9
,"Pulaski County, VA","51155","2019","2019","Unintentional","1","Fall","GRINJ-003",11,34027,32.3,16.1,57.8
,"Pulaski County, VA","51155","2019","2019","Unintentional","1","Poisoning","GRINJ-015",12,34027,35.3,18.2,61.6
,"Roanoke County, VA","51161","2019","2019","Unintentional","1","Fall","GRINJ-003",19,94186,20.2,12.1,31.5
,"Roanoke County, VA","51161","2019","2019","Unintentional","1","Poisoning","GRINJ-015",15,94186,15.9,8.9,26.3
,"Rockingham County, VA","51165","2019","2019","Unintentional","1","Fall","GRINJ-003",12,81948,14.6,7.6,25.6
,"Rockingham County, VA","51165","2019","2019","Unintentional","1","Motor Vehicle Traffic","GRINJ-008",14,81948,17.1,9.3,28.7
,"Rockingham County, VA","51165","2019","2019","Unintentional","1","Poisoning","GRINJ-015",10,81948,12.2,5.9,22.4
,"Shenandoah County, VA","51171","2019","2019","Unintentional","1","Poisoning","GRINJ-015",13,43616,29.8,15.9,51.0
,"Spotsylvania County, VA","51177","2019","2019","Unintentional","1","Fall","GRINJ-003",14,136215,10.3,5.6,17.2
,"Spotsylvania County, VA","51177","2019","2019","Unintentional","1","Motor Vehicle Traffic","GRINJ-008",21,136215,15.4,9.5,23.6
,"Spotsylvania County, VA","51177","2019","2019","Unintentional","1","Poisoning","GRINJ-015",34,136215,25.0,17.3,34.9
,"Spotsylvania County, VA","51177","2019","2019","Suicide","2","Firearm","GRINJ-006",10,136215,7.3,3.5,13.5
,"Stafford County, VA","51179","2019","2019","Unintentional","1","Fall","GRINJ-003",12,152882,7.8,4.1,13.7
,"Stafford County, VA","51179","2019","2019","Unintentional","1","Poisoning","GRINJ-015",31,152882,20.3,13.8,28.8
,"Tazewell County, VA","51185","2019","2019","Unintentional","1","Fall","GRINJ-003",11,40595,27.1,13.5,48.5
,"Tazewell County, VA","51185","2019","2019","Unintentional","1","Poisoning","GRINJ-015",17,40595,41.9,24.4,67.0
,"Warren County, VA","51187","2019","2019","Unintentional","1","Poisoning","GRINJ-015",17,40164,42.3,24.7,67.8
,"Warren County, VA","51187","2019","2019","Suicide","2","Firearm","GRINJ-006",10,40164,24.9,11.9,45.8
,"Wise County, VA","51195","2019","2019","Unintentional","1","Poisoning","GRINJ-015",13,37383,34.8,18.5,59.5
,"York County, VA","51199","2019","2019","Unintentional","1","Poisoning","GRINJ-015",14,68280,20.5,11.2,34.4
,"Alexandria city, VA","51510","2019","2019","Unintentional","1","Fall","GRINJ-003",10,159428,6.3,3.0,11.5
,"Alexandria city, VA","51510","2019","2019","Unintentional","1","Poisoning","GRINJ-015",19,159428,11.9,7.2,18.6
,"Chesapeake city, VA","51550","2019","2019","Unintentional","1","Fall","GRINJ-003",19,244835,7.8,4.7,12.1
,"Chesapeake city, VA","51550","2019","2019","Unintentional","1","Motor Vehicle Traffic","GRINJ-008",17,244835,6.9,4.0,11.1
,"Chesapeake city, VA","51550","2019","2019","Unintentional","1","Poisoning","GRINJ-015",41,244835,16.7,12.0,22.7
,"Chesapeake city, VA","51550","2019","2019","Suicide","2","Firearm","GRINJ-006",28,244835,11.4,7.6,16.5
,"Danville city, VA","51590","2019","2019","Unintentional","1","Motor Vehicle Traffic","GRINJ-008",10,40044,25.0,12.0,45.9
,"Danville city, VA","51590","2019","2019","Unintentional","1","Poisoning","GRINJ-015",11,40044,27.5,13.7,49.2
,"Hampton city, VA","51650","2019","2019","Unintentional","1","Fall","GRINJ-003",10,134510,7.4,3.6,13.7
,"Hampton city, VA","51650","2019","2019","Unintentional","1","Motor Vehicle Traffic","GRINJ-008",15,134510,11.2,6.2,18.4
,"Hampton city, VA","51650","2019","2019","Unintentional","1","Poisoning","GRINJ-015",44,134510,32.7,23.8,43.9
,"Hampton city, VA","51650","2019","2019","Suicide","2","Firearm","GRINJ-006",11,134510,8.2,4.1,14.6
,"Hampton city, VA","51650","2019","2019","Homicide","3","Firearm","GRINJ-006",13,134510,9.7,5.1,16.5
,"Lynchburg city, VA","51680","2019","2019","Unintentional","1","Fall","GRINJ-003",26,82168,31.6,20.7,46.4
,"Lynchburg city, VA","51680","2019","2019","Unintentional","1","Poisoning","GRINJ-015",18,82168,21.9,13.0,34.6
,"Manassas city, VA","51683","2019","2019","Unintentional","1","Poisoning","GRINJ-015",13,41085,31.6,16.8,54.1
,"Newport News city, VA","51700","2019","2019","Unintentional","1","Fall","GRINJ-003",19,179225,10.6,6.4,16.6
,"Newport News city, VA","51700","2019","2019","Unintentional","1","Motor Vehicle Traffic","GRINJ-008",21,179225,11.7,7.3,17.9
,"Newport News city, VA","51700","2019","2019","Unintentional","1","Poisoning","GRINJ-015",38,179225,21.2,15.0,29.1
,"Newport News city, VA","51700","2019","2019","Suicide","2","Suffocation","GRINJ-017",12,179225,6.7,3.5,11.7
,"Newport News city, VA","51700","2019","2019","Homicide","3","Firearm","GRINJ-006",24,179225,13.4,8.6,19.9
,"Norfolk city, VA","51710","2019","2019","Unintentional","1","Fall","GRINJ-003",20,242742,8.2,5.0,12.7
,"Norfolk city, VA","51710","2019","2019","Unintentional","1","Motor Vehicle Traffic","GRINJ-008",22,242742,9.1,5.7,13.7
,"Norfolk city, VA","51710","2019","2019","Unintentional","1","Poisoning","GRINJ-015",52,242742,21.4,16.0,28.1
,"Norfolk city, VA","51710","2019","2019","Suicide","2","Firearm","GRINJ-006",22,242742,9.1,5.7,13.7
,"Norfolk city, VA","51710","2019","2019","Homicide","3","Firearm","GRINJ-006",24,242742,9.9,6.3,14.7
,"Petersburg city, VA","51730","2019","2019","Unintentional","1","Motor Vehicle Traffic","GRINJ-008",10,31346,31.9,15.3,58.7
,"Petersburg city, VA","51730","2019","2019","Unintentional","1","Poisoning","GRINJ-015",15,31346,47.9,26.8,78.9
,"Petersburg city, VA","51730","2019","2019","Homicide","3","Firearm","GRINJ-006",16,31346,51.0,29.2,82.9
,"Portsmouth city, VA","51740","2019","2019","Unintentional","1","Motor Vehicle Traffic","GRINJ-008",16,94398,16.9,9.7,27.5
,"Portsmouth city, VA","51740","2019","2019","Unintentional","1","Poisoning","GRINJ-015",34,94398,36.0,24.9,50.3
,"Portsmouth city, VA","51740","2019","2019","Homicide","3","Firearm","GRINJ-006",15,94398,15.9,8.9,26.2
,"Richmond city, VA","51760","2019","2019","Unintentional","1","Fall","GRINJ-003",18,230436,7.8,4.6,12.3
,"Richmond city, VA","51760","2019","2019","Unintentional","1","Motor Vehicle Traffic","GRINJ-008",26,230436,11.3,7.4,16.5
,"Richmond city, VA","51760","2019","2019","Unintentional","1","Poisoning","GRINJ-015",94,230436,40.8,33.0,49.9
,"Richmond city, VA","51760","2019","2019","Unintentional","1","Suffocation","GRINJ-017",10,230436,4.3,2.1,8.0
,"Richmond city, VA","51760","2019","2019","Suicide","2","Firearm","GRINJ-006",13,230436,5.6,3.0,9.6
,"Richmond city, VA","51760","2019","2019","Homicide","3","Firearm","GRINJ-006",36,230436,15.6,10.9,21.6
,"Roanoke city, VA","51770","2019","2019","Unintentional","1","Fall","GRINJ-003",21,99143,21.2,13.1,32.4
,"Roanoke city, VA","51770","2019","2019","Unintentional","1","Motor Vehicle Traffic","GRINJ-008",14,99143,14.1,7.7,23.7
,"Roanoke city, VA","51770","2019","2019","Unintentional","1","Poisoning","GRINJ-015",38,99143,38.3,27.1,52.6
,"Suffolk city, VA","51800","2019","2019","Unintentional","1","Poisoning","GRINJ-015",16,92108,17.4,9.9,28.2
,"Virginia Beach city, VA","51810","2019","2019","Unintentional","1","Fall","GRINJ-003",48,449974,10.7,7.9,14.1
,"Virginia Beach city, VA","51810","2019","2019","Unintentional","1","Motor Vehicle Traffic","GRINJ-008",31,449974,6.9,4.7,9.8
,"Virginia Beach city, VA","51810","2019","2019","Unintentional","1","Poisoning","GRINJ-015",52,449974,11.6,8.6,15.2
,"Virginia Beach city, VA","51810","2019","2019","Suicide","2","Firearm","GRINJ-006",37,449974,8.2,5.8,11.3
,"Virginia Beach city, VA","51810","2019","2019","Suicide","2","Suffocation","GRINJ-017",11,449974,2.4,1.2,4.4
,"Virginia Beach city, VA","51810","2019","2019","Homicide","3","Firearm","GRINJ-006",28,449974,6.2,4.1,9.0
,"Benton County, WA","53005","2019","2019","Unintentional","1","Fall","GRINJ-003",20,204390,9.8,6.0,15.1
,"Benton County, WA","53005","2019","2019","Unintentional","1","Motor Vehicle Traffic","GRINJ-008",13,204390,6.4,3.4,10.9
,"Benton County, WA","53005","2019","2019","Unintentional","1","Poisoning","GRINJ-015",26,204390,12.7,8.3,18.6
,"Benton County, WA","53005","2019","2019","Suicide","2","Firearm","GRINJ-006",18,204390,8.8,5.2,13.9
,"Benton County, WA","53005","2019","2019","Suicide","2","Suffocation","GRINJ-017",12,204390,5.9,3.0,10.3
,"Chelan County, WA","53007","2019","2019","Unintentional","1","Fall","GRINJ-003",17,77200,22.0,12.8,35.3
,"Chelan County, WA","53007","2019","2019","Unintentional","1","Poisoning","GRINJ-015",14,77200,18.1,9.9,30.4
,"Chelan County, WA","53007","2019","2019","Suicide","2","Firearm","GRINJ-006",13,77200,16.8,9.0,28.8
,"Clallam County, WA","53009","2019","2019","Unintentional","1","Fall","GRINJ-003",13,77331,16.8,9.0,28.7
,"Clallam County, WA","53009","2019","2019","Unintentional","1","Poisoning","GRINJ-015",17,77331,22.0,12.8,35.2
,"Clallam County, WA","53009","2019","2019","Suicide","2","Firearm","GRINJ-006",13,77331,16.8,9.0,28.7
,"Clark County, WA","53011","2019","2019","Unintentional","1","Fall","GRINJ-003",113,488241,23.1,18.9,27.4
,"Clark County, WA","53011","2019","2019","Unintentional","1","Motor Vehicle Traffic","GRINJ-008",34,488241,7.0,4.8,9.7
,"Clark County, WA","53011","2019","2019","Unintentional","1","Poisoning","GRINJ-015",61,488241,12.5,9.6,16.0
,"Clark County, WA","53011","2019","2019","Unintentional","1","Suffocation","GRINJ-017",14,488241,2.9,1.6,4.8
,"Clark County, WA","53011","2019","2019","Suicide","2","Firearm","GRINJ-006",43,488241,8.8,6.4,11.9
,"Clark County, WA","53011","2019","2019","Suicide","2","Poisoning","GRINJ-015",13,488241,2.7,1.4,4.6
,"Clark County, WA","53011","2019","2019","Suicide","2","Suffocation","GRINJ-017",25,488241,5.1,3.3,7.6
,"Clark County, WA","53011","2019","2019","Homicide","3","Firearm","GRINJ-006",11,488241,2.3,1.1,4.0
,"Cowlitz County, WA","53015","2019","2019","Unintentional","1","Fall","GRINJ-003",18,110593,16.3,9.6,25.7
,"Cowlitz County, WA","53015","2019","2019","Unintentional","1","Motor Vehicle Traffic","GRINJ-008",12,110593,10.9,5.6,19.0
,"Cowlitz County, WA","53015","2019","2019","Unintentional","1","Poisoning","GRINJ-015",14,110593,12.7,6.9,21.2
,"Cowlitz County, WA","53015","2019","2019","Suicide","2","Firearm","GRINJ-006",12,110593,10.9,5.6,19.0
,"Grant County, WA","53025","2019","2019","Unintentional","1","Motor Vehicle Traffic","GRINJ-008",13,97733,13.3,7.1,22.7
,"Grant County, WA","53025","2019","2019","Unintentional","1","Poisoning","GRINJ-015",11,97733,11.3,5.6,20.1
,"Grant County, WA","53025","2019","2019","Suicide","2","Firearm","GRINJ-006",10,97733,10.2,4.9,18.8
,"Grays Harbor County, WA","53027","2019","2019","Unintentional","1","Fall","GRINJ-003",14,75061,18.7,10.2,31.3
,"Grays Harbor County, WA","53027","2019","2019","Unintentional","1","Motor Vehicle Traffic","GRINJ-008",10,75061,13.3,6.4,24.5
,"Grays Harbor County, WA","53027","2019","2019","Unintentional","1","Poisoning","GRINJ-015",18,75061,24.0,14.2,37.9
,"Island County, WA","53029","2019","2019","Unintentional","1","Fall","GRINJ-003",21,85141,24.7,15.3,37.7
,"Island County, WA","53029","2019","2019","Unintentional","1","Motor Vehicle Traffic","GRINJ-008",10,85141,11.7,5.6,21.6
,"Island County, WA","53029","2019","2019","Suicide","2","Firearm","GRINJ-006",11,85141,12.9,6.4,23.1
,"King County, WA","53033","2019","2019","Unintentional","1","Drowning","GRINJ-002",27,2252782,1.2,0.8,1.7
,"King County, WA","53033","2019","2019","Unintentional","1","Fall","GRINJ-003",216,2252782,9.6,8.3,10.9
,"King County, WA","53033","2019","2019","Unintentional","1","Fire/Flame","GRINJ-004",12,2252782,0.5,0.3,0.9
,"King County, WA","53033","2019","2019","Unintentional","1","Motor Vehicle Traffic","GRINJ-008",128,2252782,5.7,4.7,6.7
,"King County, WA","53033","2019","2019","Unintentional","1","Other transport","GRINJ-012",10,2252782,0.4,0.2,0.8
,"King County, WA","53033","2019","2019","Unintentional","1","Natural/Environmental","GRINJ-013",20,2252782,0.9,0.5,1.4
,"King County, WA","53033","2019","2019","Unintentional","1","Poisoning","GRINJ-015",382,2252782,17.0,15.3,18.7
,"King County, WA","53033","2019","2019","Unintentional","1","Suffocation","GRINJ-017",43,2252782,1.9,1.4,2.6
,"King County, WA","53033","2019","2019","Unintentional","1","Other specified, not elsewhere classified Injury","GRINJ-019",10,2252782,0.4,0.2,0.8
,"King County, WA","53033","2019","2019","Unintentional","1","Unspecified Injury","GRINJ-020",17,2252782,0.8,0.4,1.2
,"King County, WA","53033","2019","2019","Suicide","2","Cut/Pierce","GRINJ-001",13,2252782,0.6,0.3,1.0
,"King County, WA","53033","2019","2019","Suicide","2","Fall","GRINJ-003",13,2252782,0.6,0.3,1.0
,"King County, WA","53033","2019","2019","Suicide","2","Firearm","GRINJ-006",129,2252782,5.7,4.7,6.7
,"King County, WA","53033","2019","2019","Suicide","2","Poisoning","GRINJ-015",59,2252782,2.6,2.0,3.4
,"King County, WA","53033","2019","2019","Suicide","2","Suffocation","GRINJ-017",92,2252782,4.1,3.3,5.0
,"King County, WA","53033","2019","2019","Homicide","3","Firearm","GRINJ-006",45,2252782,2.0,1.5,2.7
,"Kitsap County, WA","53035","2019","2019","Unintentional","1","Fall","GRINJ-003",42,271473,15.5,11.2,20.9
,"Kitsap County, WA","53035","2019","2019","Unintentional","1","Motor Vehicle Traffic","GRINJ-008",20,271473,7.4,4.5,11.4
,"Kitsap County, WA","53035","2019","2019","Unintentional","1","Poisoning","GRINJ-015",32,271473,11.8,8.1,16.6
,"Kitsap County, WA","53035","2019","2019","Suicide","2","Firearm","GRINJ-006",28,271473,10.3,6.9,14.9
,"Kitsap County, WA","53035","2019","2019","Suicide","2","Poisoning","GRINJ-015",13,271473,4.8,2.5,8.2
,"Kitsap County, WA","53035","2019","2019","Suicide","2","Suffocation","GRINJ-017",13,271473,4.8,2.5,8.2
,"Lewis County, WA","53041","2019","2019","Unintentional","1","Motor Vehicle Traffic","GRINJ-008",15,80707,18.6,10.4,30.7
,"Lewis County, WA","53041","2019","2019","Unintentional","1","Poisoning","GRINJ-015",10,80707,12.4,5.9,22.8
,"Lewis County, WA","53041","2019","2019","Suicide","2","Firearm","GRINJ-006",11,80707,13.6,6.8,24.4
,"Mason County, WA","53045","2019","2019","Unintentional","1","Fall","GRINJ-003",11,66768,16.5,8.2,29.5
,"Mason County, WA","53045","2019","2019","Unintentional","1","Poisoning","GRINJ-015",10,66768,15.0,7.2,27.5
,"Pierce County, WA","53053","2019","2019","Unintentional","1","Fall","GRINJ-003",122,904980,13.5,11.1,15.9
,"Pierce County, WA","53053","2019","2019","Unintentional","1","Motor Vehicle Traffic","GRINJ-008",84,904980,9.3,7.4,11.5
,"Pierce County, WA","53053","2019","2019","Unintentional","1","Poisoning","GRINJ-015",141,904980,15.6,13.0,18.2
,"Pierce County, WA","53053","2019","2019","Unintentional","1","Suffocation","GRINJ-017",22,904980,2.4,1.5,3.7
,"Pierce County, WA","53053","2019","2019","Unintentional","1","Unspecified Injury","GRINJ-020",11,904980,1.2,0.6,2.2
,"Pierce County, WA","53053","2019","2019","Suicide","2","Fall","GRINJ-003",10,904980,1.1,0.5,2.0
,"Pierce County, WA","53053","2019","2019","Suicide","2","Firearm","GRINJ-006",93,904980,10.3,8.3,12.6
,"Pierce County, WA","53053","2019","2019","Suicide","2","Poisoning","GRINJ-015",26,904980,2.9,1.9,4.2
,"Pierce County, WA","53053","2019","2019","Suicide","2","Suffocation","GRINJ-017",44,904980,4.9,3.5,6.5
,"Pierce County, WA","53053","2019","2019","Homicide","3","Firearm","GRINJ-006",31,904980,3.4,2.3,4.9
,"Skagit County, WA","53057","2019","2019","Unintentional","1","Fall","GRINJ-003",26,129205,20.1,13.1,29.5
,"Skagit County, WA","53057","2019","2019","Unintentional","1","Motor Vehicle Traffic","GRINJ-008",13,129205,10.1,5.4,17.2
,"Skagit County, WA","53057","2019","2019","Unintentional","1","Poisoning","GRINJ-015",14,129205,10.8,5.9,18.2
,"Snohomish County, WA","53061","2019","2019","Unintentional","1","Fall","GRINJ-003",140,822083,17.0,14.2,19.9
,"Snohomish County, WA","53061","2019","2019","Unintentional","1","Motor Vehicle Traffic","GRINJ-008",45,822083,5.5,4.0,7.3
,"Snohomish County, WA","53061","2019","2019","Unintentional","1","Poisoning","GRINJ-015",169,822083,20.6,17.5,23.7
,"Snohomish County, WA","53061","2019","2019","Unintentional","1","Suffocation","GRINJ-017",10,822083,1.2,0.6,2.2
,"Snohomish County, WA","53061","2019","2019","Suicide","2","Firearm","GRINJ-006",52,822083,6.3,4.7,8.3
,"Snohomish County, WA","53061","2019","2019","Suicide","2","Poisoning","GRINJ-015",21,822083,2.6,1.6,3.9
,"Snohomish County, WA","53061","2019","2019","Suicide","2","Suffocation","GRINJ-017",25,822083,3.0,2.0,4.5
,"Snohomish County, WA","53061","2019","2019","Homicide","3","Firearm","GRINJ-006",10,822083,1.2,0.6,2.2
,"Spokane County, WA","53063","2019","2019","Unintentional","1","Fall","GRINJ-003",146,522798,27.9,23.4,32.5
,"Spokane County, WA","53063","2019","2019","Unintentional","1","Motor Vehicle Traffic","GRINJ-008",48,522798,9.2,6.8,12.2
,"Spokane County, WA","53063","2019","2019","Unintentional","1","Natural/Environmental","GRINJ-013",11,522798,2.1,1.1,3.8
,"Spokane County, WA","53063","2019","2019","Unintentional","1","Poisoning","GRINJ-015",67,522798,12.8,9.9,16.3
,"Spokane County, WA","53063","2019","2019","Unintentional","1","Suffocation","GRINJ-017",11,522798,2.1,1.1,3.8
,"Spokane County, WA","53063","2019","2019","Unintentional","1","Unspecified Injury","GRINJ-020",16,522798,3.1,1.7,5.0
,"Spokane County, WA","53063","2019","2019","Suicide","2","Firearm","GRINJ-006",49,522798,9.4,6.9,12.4
,"Spokane County, WA","53063","2019","2019","Suicide","2","Poisoning","GRINJ-015",15,522798,2.9,1.6,4.7
,"Spokane County, WA","53063","2019","2019","Suicide","2","Suffocation","GRINJ-017",22,522798,4.2,2.6,6.4
,"Stevens County, WA","53065","2019","2019","Unintentional","1","Fall","GRINJ-003",12,45723,26.2,13.6,45.8
,"Thurston County, WA","53067","2019","2019","Unintentional","1","Fall","GRINJ-003",53,290536,18.2,13.7,23.9
,"Thurston County, WA","53067","2019","2019","Unintentional","1","Motor Vehicle Traffic","GRINJ-008",21,290536,7.2,4.5,11.0
,"Thurston County, WA","53067","2019","2019","Unintentional","1","Poisoning","GRINJ-015",32,290536,11.0,7.5,15.5
,"Thurston County, WA","53067","2019","2019","Suicide","2","Firearm","GRINJ-006",25,290536,8.6,5.6,12.7
,"Walla Walla County, WA","53071","2019","2019","Suicide","2","Firearm","GRINJ-006",10,60760,16.5,7.9,30.3
,"Whatcom County, WA","53073","2019","2019","Unintentional","1","Fall","GRINJ-003",18,229247,7.9,4.7,12.4
,"Whatcom County, WA","53073","2019","2019","Unintentional","1","Motor Vehicle Traffic","GRINJ-008",16,229247,7.0,4.0,11.3
,"Whatcom County, WA","53073","2019","2019","Unintentional","1","Poisoning","GRINJ-015",17,229247,7.4,4.3,11.9
,"Whatcom County, WA","53073","2019","2019","Suicide","2","Firearm","GRINJ-006",27,229247,11.8,7.8,17.1
,"Whatcom County, WA","53073","2019","2019","Suicide","2","Suffocation","GRINJ-017",11,229247,4.8,2.4,8.6
,"Yakima County, WA","53077","2019","2019","Unintentional","1","Fall","GRINJ-003",22,250873,8.8,5.5,13.3
,"Yakima County, WA","53077","2019","2019","Unintentional","1","Motor Vehicle Traffic","GRINJ-008",35,250873,14.0,9.7,19.4
,"Yakima County, WA","53077","2019","2019","Unintentional","1","Poisoning","GRINJ-015",51,250873,20.3,15.1,26.7
,"Yakima County, WA","53077","2019","2019","Suicide","2","Firearm","GRINJ-006",18,250873,7.2,4.3,11.3
,"Yakima County, WA","53077","2019","2019","Homicide","3","Firearm","GRINJ-006",23,250873,9.2,5.8,13.8
,"Berkeley County, WV","54003","2019","2019","Unintentional","1","Fall","GRINJ-003",26,119171,21.8,14.3,32.0
,"Berkeley County, WV","54003","2019","2019","Unintentional","1","Motor Vehicle Traffic","GRINJ-008",22,119171,18.5,11.6,27.9
,"Berkeley County, WV","54003","2019","2019","Unintentional","1","Poisoning","GRINJ-015",54,119171,45.3,34.0,59.1
,"Berkeley County, WV","54003","2019","2019","Suicide","2","Firearm","GRINJ-006",16,119171,13.4,7.7,21.8
,"Boone County, WV","54005","2019","2019","Unintentional","1","Poisoning","GRINJ-015",11,21457,51.3,25.6,91.7
,"Cabell County, WV","54011","2019","2019","Unintentional","1","Fall","GRINJ-003",32,91945,34.8,23.8,49.1
,"Cabell County, WV","54011","2019","2019","Unintentional","1","Motor Vehicle Traffic","GRINJ-008",11,91945,12.0,6.0,21.4
,"Cabell County, WV","54011","2019","2019","Unintentional","1","Poisoning","GRINJ-015",94,91945,102.2,82.6,125.1
,"Fayette County, WV","54019","2019","2019","Unintentional","1","Poisoning","GRINJ-015",31,42406,73.1,49.7,103.8
,"Greenbrier County, WV","54025","2019","2019","Unintentional","1","Fall","GRINJ-003",13,34662,37.5,20.0,64.1
,"Greenbrier County, WV","54025","2019","2019","Unintentional","1","Poisoning","GRINJ-015",13,34662,37.5,20.0,64.1
,"Hampshire County, WV","54027","2019","2019","Unintentional","1","Poisoning","GRINJ-015",19,23175,82.0,49.4,128.0
,"Hancock County, WV","54029","2019","2019","Unintentional","1","Poisoning","GRINJ-015",20,28810,69.4,42.4,107.2
,"Harrison County, WV","54033","2019","2019","Unintentional","1","Poisoning","GRINJ-015",28,67256,41.6,27.7,60.2
,"Jefferson County, WV","54037","2019","2019","Unintentional","1","Fall","GRINJ-003",10,57146,17.5,8.4,32.2
,"Jefferson County, WV","54037","2019","2019","Unintentional","1","Poisoning","GRINJ-015",27,57146,47.2,31.1,68.7
,"Kanawha County, WV","54039","2019","2019","Unintentional","1","Fall","GRINJ-003",75,178124,42.1,33.1,52.8
,"Kanawha County, WV","54039","2019","2019","Unintentional","1","Motor Vehicle Traffic","GRINJ-008",20,178124,11.2,6.9,17.3
,"Kanawha County, WV","54039","2019","2019","Unintentional","1","Poisoning","GRINJ-015",136,178124,76.4,63.5,89.2
,"Kanawha County, WV","54039","2019","2019","Suicide","2","Firearm","GRINJ-006",16,178124,9.0,5.1,14.6
,"Kanawha County, WV","54039","2019","2019","Homicide","3","Firearm","GRINJ-006",14,178124,7.9,4.3,13.2
,"Lincoln County, WV","54043","2019","2019","Unintentional","1","Poisoning","GRINJ-015",12,20409,58.8,30.4,102.7
,"Logan County, WV","54045","2019","2019","Unintentional","1","Poisoning","GRINJ-015",30,32019,93.7,63.2,133.8
,"Marion County, WV","54049","2019","2019","Unintentional","1","Poisoning","GRINJ-015",22,56072,39.2,24.6,59.4
,"Mercer County, WV","54055","2019","2019","Unintentional","1","Fall","GRINJ-003",17,58758,28.9,16.9,46.3
,"Mercer County, WV","54055","2019","2019","Unintentional","1","Poisoning","GRINJ-015",23,58758,39.1,24.8,58.7
,"Monongalia County, WV","54061","2019","2019","Unintentional","1","Fall","GRINJ-003",10,105612,9.5,4.5,17.4
,"Monongalia County, WV","54061","2019","2019","Unintentional","1","Poisoning","GRINJ-015",26,105612,24.6,16.1,36.1
,"Ohio County, WV","54069","2019","2019","Unintentional","1","Fall","GRINJ-003",11,41411,26.6,13.3,47.5
,"Ohio County, WV","54069","2019","2019","Unintentional","1","Motor Vehicle Traffic","GRINJ-008",10,41411,24.1,11.6,44.4
,"Ohio County, WV","54069","2019","2019","Unintentional","1","Poisoning","GRINJ-015",15,41411,36.2,20.3,59.7
,"Putnam County, WV","54079","2019","2019","Unintentional","1","Fall","GRINJ-003",25,56450,44.3,28.7,65.4
,"Putnam County, WV","54079","2019","2019","Unintentional","1","Motor Vehicle Traffic","GRINJ-008",15,56450,26.6,14.9,43.8
,"Putnam County, WV","54079","2019","2019","Unintentional","1","Poisoning","GRINJ-015",20,56450,35.4,21.6,54.7
,"Raleigh County, WV","54081","2019","2019","Unintentional","1","Fall","GRINJ-003",31,73361,42.3,28.7,60.0
,"Raleigh County, WV","54081","2019","2019","Unintentional","1","Motor Vehicle Traffic","GRINJ-008",17,73361,23.2,13.5,37.1
,"Raleigh County, WV","54081","2019","2019","Unintentional","1","Poisoning","GRINJ-015",67,73361,91.3,70.8,116.0
,"Raleigh County, WV","54081","2019","2019","Suicide","2","Firearm","GRINJ-006",15,73361,20.4,11.4,33.7
,"Wayne County, WV","54099","2019","2019","Unintentional","1","Poisoning","GRINJ-015",26,39402,66.0,43.1,96.7
,"Wood County, WV","54107","2019","2019","Unintentional","1","Poisoning","GRINJ-015",34,83518,40.7,28.2,56.9
,"Wyoming County, WV","54109","2019","2019","Unintentional","1","Poisoning","GRINJ-015",10,20394,49.0,23.5,90.2
,"Adams County, WI","55001","2019","2019","Unintentional","1","Fall","GRINJ-003",12,20220,59.3,30.7,103.7
,"Barron County, WI","55005","2019","2019","Unintentional","1","Fall","GRINJ-003",15,45244,33.2,18.6,54.7
,"Brown County, WI","55009","2019","2019","Unintentional","1","Fall","GRINJ-003",85,264542,32.1,25.7,39.7
,"Brown County, WI","55009","2019","2019","Unintentional","1","Motor Vehicle Traffic","GRINJ-008",14,264542,5.3,2.9,8.9
,"Brown County, WI","55009","2019","2019","Unintentional","1","Poisoning","GRINJ-015",38,264542,14.4,10.2,19.7
,"Brown County, WI","55009","2019","2019","Suicide","2","Firearm","GRINJ-006",18,264542,6.8,4.0,10.8
,"Brown County, WI","55009","2019","2019","Suicide","2","Suffocation","GRINJ-017",16,264542,6.0,3.5,9.8
,"Chippewa County, WI","55017","2019","2019","Unintentional","1","Fall","GRINJ-003",11,64658,17.0,8.5,30.4
,"Columbia County, WI","55021","2019","2019","Unintentional","1","Fall","GRINJ-003",18,57532,31.3,18.5,49.4
,"Columbia County, WI","55021","2019","2019","Unintentional","1","Poisoning","GRINJ-015",13,57532,22.6,12.0,38.6
,"Dane County, WI","55025","2019","2019","Unintentional","1","Drowning","GRINJ-002",10,546695,1.8,0.9,3.4
,"Dane County, WI","55025","2019","2019","Unintentional","1","Fall","GRINJ-003",198,546695,36.2,31.2,41.3
,"Dane County, WI","55025","2019","2019","Unintentional","1","Motor Vehicle Traffic","GRINJ-008",26,546695,4.8,3.1,7.0
,"Dane County, WI","55025","2019","2019","Unintentional","1","Poisoning","GRINJ-015",122,546695,22.3,18.4,26.3
,"Dane County, WI","55025","2019","2019","Unintentional","1","Suffocation","GRINJ-017",13,546695,2.4,1.3,4.1
,"Dane County, WI","55025","2019","2019","Suicide","2","Firearm","GRINJ-006",18,546695,3.3,2.0,5.2
,"Dane County, WI","55025","2019","2019","Suicide","2","Poisoning","GRINJ-015",14,546695,2.6,1.4,4.3
,"Dane County, WI","55025","2019","2019","Suicide","2","Suffocation","GRINJ-017",18,546695,3.3,2.0,5.2
,"Dodge County, WI","55027","2019","2019","Unintentional","1","Fall","GRINJ-003",33,87839,37.6,25.9,52.8
,"Dodge County, WI","55027","2019","2019","Unintentional","1","Motor Vehicle Traffic","GRINJ-008",14,87839,15.9,8.7,26.7
,"Dodge County, WI","55027","2019","2019","Unintentional","1","Poisoning","GRINJ-015",20,87839,22.8,13.9,35.2
,"Door County, WI","55029","2019","2019","Unintentional","1","Fall","GRINJ-003",14,27668,50.6,27.7,84.9
,"Douglas County, WI","55031","2019","2019","Unintentional","1","Fall","GRINJ-003",10,43150,23.2,11.1,42.6
,"Douglas County, WI","55031","2019","2019","Unintentional","1","Poisoning","GRINJ-015",11,43150,25.5,12.7,45.6
,"Dunn County, WI","55033","2019","2019","Unintentional","1","Fall","GRINJ-003",14,45368,30.9,16.9,51.8
,"Eau Claire County, WI","55035","2019","2019","Unintentional","1","Fall","GRINJ-003",28,104646,26.8,17.8,38.7
,"Eau Claire County, WI","55035","2019","2019","Unintentional","1","Poisoning","GRINJ-015",15,104646,14.3,8.0,23.6
,"Eau Claire County, WI","55035","2019","2019","Suicide","2","Firearm","GRINJ-006",15,104646,14.3,8.0,23.6
,"Fond du Lac County, WI","55039","2019","2019","Unintentional","1","Fall","GRINJ-003",56,103403,54.2,40.9,70.3
,"Fond du Lac County, WI","55039","2019","2019","Unintentional","1","Motor Vehicle Traffic","GRINJ-008",10,103403,9.7,4.6,17.8
,"Fond du Lac County, WI","55039","2019","2019","Unintentional","1","Poisoning","GRINJ-015",10,103403,9.7,4.6,17.8
,"Green County, WI","55045","2019","2019","Unintentional","1","Fall","GRINJ-003",15,36960,40.6,22.7,66.9
,"Jefferson County, WI","55055","2019","2019","Unintentional","1","Fall","GRINJ-003",37,84769,43.6,30.7,60.2
,"Jefferson County, WI","55055","2019","2019","Unintentional","1","Poisoning","GRINJ-015",17,84769,20.1,11.7,32.1
,"Kenosha County, WI","55059","2019","2019","Unintentional","1","Fall","GRINJ-003",70,169561,41.3,32.2,52.2
,"Kenosha County, WI","55059","2019","2019","Unintentional","1","Motor Vehicle Traffic","GRINJ-008",18,169561,10.6,6.3,16.8
,"Kenosha County, WI","55059","2019","2019","Unintentional","1","Poisoning","GRINJ-015",27,169561,15.9,10.5,23.2
,"Kenosha County, WI","55059","2019","2019","Suicide","2","Firearm","GRINJ-006",16,169561,9.4,5.4,15.3
,"La Crosse County, WI","55063","2019","2019","Unintentional","1","Fall","GRINJ-003",22,118016,18.6,11.7,28.2
,"La Crosse County, WI","55063","2019","2019","Unintentional","1","Poisoning","GRINJ-015",21,118016,17.8,11.0,27.2
,"Manitowoc County, WI","55071","2019","2019","Unintentional","1","Fall","GRINJ-003",23,78981,29.1,18.5,43.7
,"Manitowoc County, WI","55071","2019","2019","Unintentional","1","Motor Vehicle Traffic","GRINJ-008",11,78981,13.9,7.0,24.9
,"Manitowoc County, WI","55071","2019","2019","Unintentional","1","Poisoning","GRINJ-015",10,78981,12.7,6.1,23.3
,"Manitowoc County, WI","55071","2019","2019","Suicide","2","Suffocation","GRINJ-017",10,78981,12.7,6.1,23.3
,"Marathon County, WI","55073","2019","2019","Unintentional","1","Fall","GRINJ-003",27,135692,19.9,13.1,29.0
,"Marathon County, WI","55073","2019","2019","Unintentional","1","Motor Vehicle Traffic","GRINJ-008",16,135692,11.8,6.7,19.1
,"Marathon County, WI","55073","2019","2019","Unintentional","1","Poisoning","GRINJ-015",14,135692,10.3,5.6,17.3
,"Marathon County, WI","55073","2019","2019","Suicide","2","Firearm","GRINJ-006",10,135692,7.4,3.5,13.6
,"Marinette County, WI","55075","2019","2019","Unintentional","1","Fall","GRINJ-003",18,40350,44.6,26.4,70.5
,"Milwaukee County, WI","55079","2019","2019","Unintentional","1","Fall","GRINJ-003",258,945726,27.3,24.0,30.6
,"Milwaukee County, WI","55079","2019","2019","Unintentional","1","Motor Vehicle Traffic","GRINJ-008",99,945726,10.5,8.5,12.7
,"Milwaukee County, WI","55079","2019","2019","Unintentional","1","Poisoning","GRINJ-015",393,945726,41.6,37.4,45.7
,"Milwaukee County, WI","55079","2019","2019","Unintentional","1","Suffocation","GRINJ-017",20,945726,2.1,1.3,3.3
,"Milwaukee County, WI","55079","2019","2019","Unintentional","1","Unspecified Injury","GRINJ-020",12,945726,1.3,0.7,2.2
,"Milwaukee County, WI","55079","2019","2019","Suicide","2","Firearm","GRINJ-006",43,945726,4.5,3.3,6.1
,"Milwaukee County, WI","55079","2019","2019","Suicide","2","Poisoning","GRINJ-015",17,945726,1.8,1.0,2.9
,"Milwaukee County, WI","55079","2019","2019","Suicide","2","Suffocation","GRINJ-017",39,945726,4.1,2.9,5.6
,"Milwaukee County, WI","55079","2019","2019","Homicide","3","Cut/Pierce","GRINJ-001",14,945726,1.5,0.8,2.5
,"Milwaukee County, WI","55079","2019","2019","Homicide","3","Firearm","GRINJ-006",97,945726,10.3,8.3,12.5
,"Monroe County, WI","55081","2019","2019","Unintentional","1","Poisoning","GRINJ-015",16,46253,34.6,19.8,56.2
,"Oconto County, WI","55083","2019","2019","Unintentional","1","Fall","GRINJ-003",11,37930,29.0,14.5,51.9
,"Oneida County, WI","55085","2019","2019","Unintentional","1","Fall","GRINJ-003",19,35595,53.4,32.1,83.4
,"Outagamie County, WI","55087","2019","2019","Unintentional","1","Fall","GRINJ-003",29,187885,15.4,10.3,22.2
,"Outagamie County, WI","55087","2019","2019","Unintentional","1","Motor Vehicle Traffic","GRINJ-008",14,187885,7.5,4.1,12.5
,"Outagamie County, WI","55087","2019","2019","Unintentional","1","Poisoning","GRINJ-015",18,187885,9.6,5.7,15.1
,"Outagamie County, WI","55087","2019","2019","Suicide","2","Firearm","GRINJ-006",12,187885,6.4,3.3,11.2
,"Ozaukee County, WI","55089","2019","2019","Unintentional","1","Fall","GRINJ-003",35,89221,39.2,27.3,54.6
,"Ozaukee County, WI","55089","2019","2019","Unintentional","1","Poisoning","GRINJ-015",11,89221,12.3,6.2,22.1
,"Pierce County, WI","55093","2019","2019","Unintentional","1","Fall","GRINJ-003",12,42754,28.1,14.5,49.0
,"Polk County, WI","55095","2019","2019","Unintentional","1","Fall","GRINJ-003",12,43783,27.4,14.2,47.9
,"Portage County, WI","55097","2019","2019","Unintentional","1","Fall","GRINJ-003",14,70772,19.8,10.8,33.2
,"Racine County, WI","55101","2019","2019","Unintentional","1","Fall","GRINJ-003",26,196311,13.2,8.7,19.4
,"Racine County, WI","55101","2019","2019","Unintentional","1","Motor Vehicle Traffic","GRINJ-008",22,196311,11.2,7.0,17.0
,"Racine County, WI","55101","2019","2019","Unintentional","1","Poisoning","GRINJ-015",34,196311,17.3,12.0,24.2
,"Racine County, WI","55101","2019","2019","Suicide","2","Firearm","GRINJ-006",18,196311,9.2,5.4,14.5
,"Rock County, WI","55105","2019","2019","Unintentional","1","Fall","GRINJ-003",69,163354,42.2,32.9,53.5
,"Rock County, WI","55105","2019","2019","Unintentional","1","Motor Vehicle Traffic","GRINJ-008",17,163354,10.4,6.1,16.7
,"Rock County, WI","55105","2019","2019","Unintentional","1","Poisoning","GRINJ-015",42,163354,25.7,18.5,34.8
,"St. Croix County, WI","55109","2019","2019","Unintentional","1","Fall","GRINJ-003",23,90687,25.4,16.1,38.1
,"St. Croix County, WI","55109","2019","2019","Unintentional","1","Motor Vehicle Traffic","GRINJ-008",11,90687,12.1,6.1,21.7
,"Sauk County, WI","55111","2019","2019","Unintentional","1","Fall","GRINJ-003",24,64442,37.2,23.9,55.4
,"Sauk County, WI","55111","2019","2019","Unintentional","1","Poisoning","GRINJ-015",14,64442,21.7,11.9,36.5
,"Shawano County, WI","55115","2019","2019","Unintentional","1","Fall","GRINJ-003",14,40899,34.2,18.7,57.4
,"Sheboygan County, WI","55117","2019","2019","Unintentional","1","Fall","GRINJ-003",43,115340,37.3,27.0,50.2
,"Sheboygan County, WI","55117","2019","2019","Unintentional","1","Motor Vehicle Traffic","GRINJ-008",10,115340,8.7,4.2,15.9
,"Sheboygan County, WI","55117","2019","2019","Unintentional","1","Poisoning","GRINJ-015",19,115340,16.5,9.9,25.7
,"Vernon County, WI","55123","2019","2019","Unintentional","1","Fall","GRINJ-003",12,30822,38.9,20.1,68.0
,"Vilas County, WI","55125","2019","2019","Unintentional","1","Fall","GRINJ-003",18,22195,81.1,48.1,128.2
,"Vilas County, WI","55125","2019","2019","Unintentional","1","Motor Vehicle Traffic","GRINJ-008",10,22195,45.1,21.6,82.9
,"Walworth County, WI","55127","2019","2019","Unintentional","1","Fall","GRINJ-003",29,103868,27.9,18.7,40.1
,"Walworth County, WI","55127","2019","2019","Unintentional","1","Poisoning","GRINJ-015",26,103868,25.0,16.4,36.7
,"Washington County, WI","55131","2019","2019","Unintentional","1","Fall","GRINJ-003",67,136034,49.3,38.2,62.5
,"Washington County, WI","55131","2019","2019","Unintentional","1","Motor Vehicle Traffic","GRINJ-008",13,136034,9.6,5.1,16.3
,"Washington County, WI","55131","2019","2019","Unintentional","1","Poisoning","GRINJ-015",23,136034,16.9,10.7,25.4
,"Washington County, WI","55131","2019","2019","Suicide","2","Firearm","GRINJ-006",13,136034,9.6,5.1,16.3
,"Waukesha County, WI","55133","2019","2019","Unintentional","1","Fall","GRINJ-003",165,404198,40.8,34.6,47.1
,"Waukesha County, WI","55133","2019","2019","Unintentional","1","Motor Vehicle Traffic","GRINJ-008",22,404198,5.4,3.4,8.2
,"Waukesha County, WI","55133","2019","2019","Unintentional","1","Poisoning","GRINJ-015",58,404198,14.3,10.9,18.5
,"Waukesha County, WI","55133","2019","2019","Suicide","2","Firearm","GRINJ-006",27,404198,6.7,4.4,9.7
,"Waupaca County, WI","55135","2019","2019","Unintentional","1","Fall","GRINJ-003",22,50990,43.1,27.0,65.3
,"Winnebago County, WI","55139","2019","2019","Unintentional","1","Fall","GRINJ-003",42,171907,24.4,17.6,33.0
,"Winnebago County, WI","55139","2019","2019","Unintentional","1","Motor Vehicle Traffic","GRINJ-008",12,171907,7.0,3.6,12.2
,"Winnebago County, WI","55139","2019","2019","Unintentional","1","Poisoning","GRINJ-015",17,171907,9.9,5.8,15.8
,"Winnebago County, WI","55139","2019","2019","Suicide","2","Firearm","GRINJ-006",11,171907,6.4,3.2,11.4
,"Wood County, WI","55141","2019","2019","Unintentional","1","Fall","GRINJ-003",42,72999,57.5,41.5,77.8
,"Wood County, WI","55141","2019","2019","Unintentional","1","Motor Vehicle Traffic","GRINJ-008",10,72999,13.7,6.6,25.2
,"Wood County, WI","55141","2019","2019","Unintentional","1","Poisoning","GRINJ-015",14,72999,19.2,10.5,32.2
,"Campbell County, WY","56005","2019","2019","Unintentional","1","Motor Vehicle Traffic","GRINJ-008",12,46341,25.9,13.4,45.2
,"Fremont County, WY","56013","2019","2019","Unintentional","1","Motor Vehicle Traffic","GRINJ-008",14,39261,35.7,19.5,59.8
,"Fremont County, WY","56013","2019","2019","Unintentional","1","Poisoning","GRINJ-015",12,39261,30.6,15.8,53.4
,"Laramie County, WY","56021","2019","2019","Unintentional","1","Fall","GRINJ-003",20,99500,20.1,12.3,31.0
,"Laramie County, WY","56021","2019","2019","Unintentional","1","Motor Vehicle Traffic","GRINJ-008",16,99500,16.1,9.2,26.1
,"Laramie County, WY","56021","2019","2019","Unintentional","1","Poisoning","GRINJ-015",15,99500,15.1,8.4,24.9
,"Laramie County, WY","56021","2019","2019","Suicide","2","Firearm","GRINJ-006",21,99500,21.1,13.1,32.3
,"Natrona County, WY","56025","2019","2019","Unintentional","1","Fall","GRINJ-003",16,79858,20.0,11.5,32.5
,"Natrona County, WY","56025","2019","2019","Unintentional","1","Motor Vehicle Traffic","GRINJ-008",10,79858,12.5,6.0,23.0
,"Natrona County, WY","56025","2019","2019","Unintentional","1","Poisoning","GRINJ-015",13,79858,16.3,8.7,27.8
,"Natrona County, WY","56025","2019","2019","Suicide","2","Firearm","GRINJ-006",21,79858,26.3,16.3,40.2
,"Sheridan County, WY","56033","2019","2019","Unintentional","1","Fall","GRINJ-003",11,30485,36.1,18.0,64.6
,"Sweetwater County, WY","56037","2019","2019","Suicide","2","Firearm","GRINJ-006",15,42343,35.4,19.8,58.4
"---"
"Dataset: Underlying Cause of Death, 2018-2024, Single Race"
"Query Parameters:"
"Injury Intent: Unintentional; Suicide; Homicide; Undetermined"
"Injury Mechanism & All Other Leading Causes: Cut/Pierce; Drowning; Fall; Fire/Flame; Hot object/Substance; Firearm; Machinery;"
"Motor Vehicle Traffic; Other Pedal cyclist; Other Pedestrian; Other land transport; Other transport; Natural/Environmental;"
"Overexertion; Poisoning; Struck by or against; Suffocation; Other specified, classifiable Injury; Other specified, not elsewhere"
"classified Injury; Unspecified Injury"
"Year/Month: 2019"
"Group By: County; Year; Injury Intent; Injury Mechanism & All Other Leading Causes"
"Show Totals: Disabled"
"Show Zero Values: Disabled"
"Show Suppressed: False"
"Calculate Rates Per: 100,000"
"Rate Options: Default intercensal populations for years 2001-2009 (except Infant Age Groups)"
"---"
"Help: See http://wonder.cdc.gov/wonder/help/ucd-expanded.html for more information."
"---"
"Query Date: Mar 4, 2026 9:55:00 PM"
"---"
"Suggested Citation: Centers for Disease Control and Prevention, National Center for Health Statistics. National Vital Statistics"
"System, Mortality 2018-2024 on CDC WONDER Online Database, released in 2026. Data are from the Multiple Cause of Death Files,"
"2018-2024, as compiled from data provided by the 57 vital statistics jurisdictions through the Vital Statistics Cooperative"
"Program. Accessed at http://wonder.cdc.gov/ucd-icd10-expanded.html on Mar 4, 2026 9:55:00 PM"
"---"
Messages:
"1. Selections made to any variable in [Injury Intent, Injury Mechanism & All Other Leading Causes] cause equivalent selections"
"in the other variables. More Information: http://wonder.cdc.gov/wonder/help/faq.html#related-variables."
"2. The full results are too long to be displayed. Due to suppression constraints rows that are zero, suppressed or a total will"
"not be available."
"---"
Caveats:
"1. Deaths and population estimates are shown separately from the adjacent counties for Carson City, Nevada (FIPS code 32510)."
"2. Deaths and population estimates are reported separately for Baltimore City (FIPS code 24510) and Baltimore county (FIPS code"
"24005)."
"3. Deaths and population estimates are reported separately for St. Louis City (FIPS code 29510) and county (FIPS code 29189)."
"4. The method used to calculate 95% confidence intervals is documented here: More information:"
"http://wonder.cdc.gov/wonder/help/ucd-expanded.html#Confidence-Intervals."
"5. The population figures for year 2024 are single-race estimates of the July 1 resident population, from the Vintage 2024"
"postcensal series released by the Census Bureau on June 27, 2024. The 2024 series is based on the Modified Blended Base produced"
"by the US Census Bureau in lieu of the April 1, 2020 decennial population count. The Modified Blended Base consists of the blend"
"of Vintage 2020 postcensal population estimates for April 1, 2020, 2020 Demographic Analysis Estimates, and 2020 Census data"
"from the internal Census Edited File (CEF). The population figures for year 2023 are single-race estimates of the July 1"
"resident population, from the Vintage 2023 postcensal series released by the Census Bureau on June 27, 2024. The 2023 series is"
"based on the Modified Blended Base produced by the US Census Bureau in lieu of the April 1, 2020 decennial population count. The"
"Modified Blended Base consists of the blend of Vintage 2020 postcensal population estimates for April 1, 2020, 2020 Demographic"
"Analysis Estimates, and 2020 Census data from the internal Census Edited File (CEF). The population figures for years 2022 are"
"single-race estimates of the July 1 resident population, from the Vintage 2022 postcensal series released by the Census Bureau"
"on June 22, 2023. The 2022 series is based on the Modified Blended Base produced by the US Census Bureau in lieu of the April 1,"
"2020 decennial population count. The Modified Blended Base consists of the blend of Vintage 2020 postcensal population estimates"
"for April 1, 2020, 2020 Demographic Analysis Estimates, and 2020 Census data from the internal Census Edited File (CEF). The"
"population figures for years 2021 are single-race estimates of the July 1 resident population, based on the Blended Base"
"produced by the US Census Bureau in lieu of the April 1, 2020 decennial population count, from the Vintage 2021 postcensal"
"series released by the Census Bureau on June 30, 2022. The population figures for year 2020 are single-race estimates of the"
"July 1 resident population, from the Vintage 2020 postcensal series based on April 2010 Census, released by the Census Bureau on"
"July 27, 2021. The population figures for year 2019 are single-race estimates of the July 1 resident population, from the"
"Vintage 2019 postcensal series based on April 2010 Census, released by the Census Bureau on June 25, 2020. The population"
"figures for year 2018 are single-race estimates of the July 1 resident population, from the Vintage 2018 postcensal series based"
"on April 2010 Census, released by the Census Bureau on June 20, 2019. More information:"
"http://wonder.cdc.gov/wonder/help/ucd-expanded.html#Population Data."
"6. The population figures used in the calculation of death rates for the age group 'under 1 year' are the estimates of the"
"resident population that is under one year of age. More information: http://wonder.cdc.gov/wonder/help/ucd-expanded.html#Age"
"Group."
"7. Connecticut population estimates for 2022 and later years are reported for 9 planning regions as county equivalent areas,"
"instead of the former 8 legacy counties in the Vintage 2022 postcensal series released by the Census Bureau on June 22, 2023,"
"and in the Vintage 2023 postcensal series released by the Census Bureau on June 27, 2024. Populations estimates for the former"
"counties are not available for 2022 and later years. More information:"
"http://wonder.cdc.gov/wonder/help/ucd-expanded.html#Connecticut-2022."
"8. After the creation of the final 2023 dataset, North Carolina updated the cause of death information for over 900 death"
"certificates to include a cause of death code indicating drug overdose (ICD-10 underlying cause-of-death codes: X40-X44,"
"X60-X64, X85, and Y10-Y14). Jurisdictions can continue to update death certificates after the closing of the mortality file. As"
"a result, users should consider that the actual death count for drug overdose deaths for North Carolina in 2023 is over 4,400"
"deaths, with a crude rate of approximately 41.0 per 100,000 population, and an age-adjusted rate of approximately 42.1 per"
"100,000 population. These deaths will not be updated on the final mortality datasets."